Timestamp,PM2.5 (µg/m³),PM10 (µg/m³),NO (µg/m³),NO2 (µg/m³),NOx (ppb),NH3 (µg/m³),SO2 (µg/m³),CO (mg/m³),Ozone (µg/m³),Benzene (µg/m³),Toluene (µg/m³),Xylene (µg/m³),O Xylene (µg/m³),Eth-Benzene (µg/m³),MP-Xylene (µg/m³),AT (°C),RH (%),WS (m/s),WD (deg),RF (mm),TOT-RF (mm),SR (W/mt2),BP (mmHg),VWS (m/s)
2026-01-01 00:00:00,231.75,358.0,25.5,49.5,47.0,16.5,14.25,1.0,28.75,2.0,1.0,NA,1.0,1.0,1.0,NA,NA,NA,NA,NA,NA,NA,NA,NA
2026-01-01 01:00:00,214.75,320.25,24.25,47.75,45.5,16.25,13.0,1.0,28.0,2.0,1.0,NA,1.0,1.0,1.0,NA,NA,NA,NA,NA,NA,NA,NA,NA
2026-01-01 02:00:00,194.75,305.5,22.75,44.25,41.75,13.5,13.0,0.25,28.5,2.0,1.0,NA,1.0,1.0,1.0,NA,NA,NA,NA,NA,NA,NA,NA,NA
2026-01-01 03:00:00,181.5,285.25,22.5,42.0,40.75,13.25,13.0,0.0,28.25,2.0,1.0,NA,1.0,1.25,1.0,NA,NA,NA,NA,NA,NA,NA,NA,NA
2026-01-01 04:00:00,181.25,292.0,22.75,41.25,41.0,14.25,6.0,1.0,28.0,2.0,1.0,NA,1.0,1.0,1.0,NA,NA,NA,NA,NA,NA,NA,NA,NA
2026-01-01 05:00:00,173.0,274.75,22.75,44.75,42.5,13.25,2.0,1.0,28.5,2.0,1.0,NA,1.0,1.0,1.0,NA,NA,NA,NA,NA,NA,NA,NA,NA
2026-01-01 06:00:00,159.0,248.75,23.0,45.5,43.0,13.25,2.25,1.0,28.5,2.0,1.0,NA,1.0,1.0,1.0,NA,NA,NA,NA,NA,NA,NA,NA,NA
2026-01-01 07:00:00,154.75,240.5,21.5,44.75,41.5,13.25,2.0,1.0,28.75,2.0,1.0,NA,1.0,1.5,1.0,NA,NA,NA,NA,NA,NA,NA,NA,NA
2026-01-01 08:00:00,160.75,235.5,23.5,50.75,46.25,13.0,7.5,1.0,29.0,2.5,2.0,NA,2.0,2.0,0.0,NA,NA,NA,NA,NA,NA,NA,NA,NA
2026-01-01 09:00:00,173.0,255.5,24.5,53.0,48.25,14.0,10.5,1.0,29.0,2.75,2.0,NA,2.0,2.0,0.0,NA,NA,NA,NA,NA,NA,NA,NA,NA
2026-01-01 10:00:00,190.0,273.25,23.25,46.75,44.25,14.25,10.0,1.0,29.0,3.0,2.0,NA,2.0,2.0,0.0,NA,NA,NA,NA,NA,NA,NA,NA,NA
2026-01-01 11:00:00,201.67,282.33,23.33,48.0,44.67,14.0,10.75,1.0,29.33,3.0,2.0,NA,2.0,2.0,0.0,NA,NA,NA,NA,NA,NA,NA,NA,NA
2026-01-01 12:00:00,189.75,254.0,24.25,54.0,48.75,14.5,6.0,1.0,29.25,3.0,2.0,NA,2.0,2.0,0.0,NA,NA,NA,NA,NA,NA,NA,NA,NA
2026-01-01 13:00:00,196.0,265.0,25.0,55.5,50.25,15.25,4.0,1.0,29.25,2.0,2.0,NA,1.0,1.0,1.0,NA,NA,NA,NA,NA,NA,NA,NA,NA
2026-01-01 14:00:00,206.5,284.5,25.0,53.25,48.5,15.5,4.5,1.0,29.0,2.0,2.0,NA,1.0,1.0,1.0,NA,NA,NA,NA,NA,NA,NA,NA,NA
2026-01-01 15:00:00,213.75,293.5,25.5,55.0,50.5,15.5,4.25,1.0,29.75,2.0,2.0,NA,1.0,1.0,1.0,NA,NA,NA,NA,NA,NA,NA,NA,NA
2026-01-01 16:00:00,214.0,310.5,24.5,52.5,48.25,15.75,10.5,1.0,29.25,2.0,2.0,NA,1.0,1.0,1.0,NA,NA,NA,NA,NA,NA,NA,NA,NA
2026-01-01 17:00:00,210.0,314.0,29.0,68.25,59.75,18.75,13.75,1.25,30.0,2.0,2.0,NA,1.0,1.0,1.0,NA,NA,NA,NA,NA,NA,NA,NA,NA
2026-01-01 18:00:00,211.0,326.25,28.25,60.0,55.0,18.25,14.0,1.0,29.25,2.0,1.25,NA,4.25,2.5,3.25,NA,NA,NA,NA,NA,NA,NA,NA,NA
2026-01-01 19:00:00,222.0,335.25,26.75,56.25,51.75,18.0,13.5,1.5,30.0,2.0,1.0,NA,5.25,3.0,4.0,NA,NA,NA,NA,NA,NA,NA,NA,NA
2026-01-01 20:00:00,221.0,320.5,25.5,53.75,49.25,16.25,13.0,1.0,29.25,2.0,1.0,NA,5.75,3.0,4.0,NA,NA,NA,NA,NA,NA,NA,NA,NA
2026-01-01 21:00:00,199.5,288.75,25.0,53.5,48.75,16.0,13.0,1.0,29.0,0.5,1.0,NA,3.5,2.25,1.75,NA,NA,NA,NA,NA,NA,NA,NA,NA
2026-01-01 22:00:00,187.5,271.25,24.0,47.75,44.75,16.25,13.0,0.0,28.75,0.0,1.0,NA,3.0,2.0,1.25,NA,NA,NA,NA,NA,NA,NA,NA,NA
2026-01-01 23:00:00,183.67,267.33,24.67,48.33,46.0,15.33,13.0,0.0,29.0,0.0,1.0,NA,3.0,2.0,1.0,NA,NA,NA,NA,NA,NA,NA,NA,NA
2026-01-02 00:00:00,124.25,181.5,26.25,46.5,46.25,15.5,14.25,0.0,28.25,2.0,1.0,NA,1.0,1.0,1.0,NA,NA,NA,NA,NA,NA,NA,NA,NA
2026-01-02 01:00:00,69.5,98.5,26.0,47.0,46.0,14.75,15.0,0.0,28.5,2.0,1.0,NA,1.0,1.0,1.0,NA,NA,NA,NA,NA,NA,NA,NA,NA
2026-01-02 02:00:00,67.75,95.25,24.25,39.25,40.75,14.0,14.25,0.0,28.0,2.0,1.0,NA,1.0,1.5,1.0,NA,NA,NA,NA,NA,NA,NA,NA,NA
2026-01-02 03:00:00,69.75,97.5,24.0,39.75,40.75,13.75,14.5,0.0,28.0,2.0,1.0,NA,1.0,1.0,1.0,NA,NA,NA,NA,NA,NA,NA,NA,NA
2026-01-02 04:00:00,70.25,100.25,22.75,34.25,37.0,14.0,8.75,0.0,28.5,2.0,1.0,NA,1.0,1.0,1.0,NA,NA,NA,NA,NA,NA,NA,NA,NA
2026-01-02 05:00:00,67.75,98.0,23.25,38.75,39.75,14.5,6.25,0.0,28.0,2.0,1.0,NA,1.0,1.0,1.0,NA,NA,NA,NA,NA,NA,NA,NA,NA
2026-01-02 06:00:00,69.25,102.5,23.0,38.5,39.5,13.75,6.5,0.75,27.75,2.0,1.0,NA,1.0,1.0,1.0,NA,NA,NA,NA,NA,NA,NA,NA,NA
2026-01-02 07:00:00,75.25,117.0,23.5,47.0,44.25,13.75,7.0,1.0,28.0,2.0,1.0,NA,1.0,1.0,1.0,NA,NA,NA,NA,NA,NA,NA,NA,NA
2026-01-02 08:00:00,78.75,131.25,23.5,45.75,43.5,13.75,13.0,0.0,28.0,2.75,1.75,NA,2.0,2.0,0.0,NA,NA,NA,NA,NA,NA,NA,NA,NA
2026-01-02 09:00:00,84.0,128.5,24.0,52.25,47.5,13.25,16.0,0.0,28.0,3.0,2.0,NA,2.0,2.0,0.0,NA,NA,NA,NA,NA,NA,NA,NA,NA
2026-01-02 10:00:00,75.5,114.75,23.0,42.25,41.5,13.0,16.0,0.0,29.0,2.75,2.0,NA,2.0,2.0,0.0,NA,NA,NA,NA,NA,NA,NA,NA,NA
2026-01-02 11:00:00,71.0,106.5,23.25,44.5,42.75,12.25,16.0,0.0,29.0,2.5,1.75,NA,2.0,2.0,0.0,NA,NA,NA,NA,NA,NA,NA,NA,NA
2026-01-02 12:00:00,70.25,111.25,24.5,46.75,44.75,12.5,12.25,0.0,29.75,3.0,2.0,NA,2.0,2.0,0.0,NA,NA,NA,NA,NA,NA,NA,NA,NA
2026-01-02 13:00:00,73.75,121.25,25.5,49.25,47.25,14.0,10.0,0.0,30.0,2.0,2.0,NA,1.0,1.0,1.0,NA,NA,NA,NA,NA,NA,NA,NA,NA
2026-01-02 14:00:00,75.0,116.0,25.75,47.25,46.25,12.75,10.75,0.0,30.75,2.0,2.0,NA,1.0,1.0,1.0,NA,NA,NA,NA,NA,NA,NA,NA,NA
2026-01-02 15:00:00,74.5,112.5,23.75,38.25,40.0,13.25,10.0,0.0,31.0,2.0,2.0,NA,1.0,1.0,1.0,NA,NA,NA,NA,NA,NA,NA,NA,NA
2026-01-02 16:00:00,79.0,119.0,23.0,36.5,38.25,13.0,16.25,0.0,30.5,2.0,2.0,NA,1.0,1.0,1.0,NA,NA,NA,NA,NA,NA,NA,NA,NA
2026-01-02 17:00:00,80.0,123.5,23.5,40.0,40.75,14.25,19.0,0.0,30.5,2.0,2.0,NA,1.0,1.0,1.0,NA,NA,NA,NA,NA,NA,NA,NA,NA
2026-01-02 18:00:00,83.25,130.5,24.25,44.75,43.5,14.75,19.25,0.0,31.0,2.0,1.25,NA,4.5,2.5,3.25,NA,NA,NA,NA,NA,NA,NA,NA,NA
2026-01-02 19:00:00,94.5,139.0,24.25,46.0,44.75,14.25,19.25,1.0,31.0,2.0,1.0,NA,5.5,3.0,3.75,NA,NA,NA,NA,NA,NA,NA,NA,NA
2026-01-02 20:00:00,116.75,171.0,24.25,47.0,45.0,14.0,9.0,0.75,30.75,2.0,1.0,NA,5.5,3.0,3.75,NA,NA,NA,NA,NA,NA,NA,NA,NA
2026-01-02 21:00:00,122.0,173.75,24.0,45.25,43.75,13.75,4.0,0.75,31.0,0.5,1.0,NA,3.75,2.25,2.0,NA,NA,NA,NA,NA,NA,NA,NA,NA
2026-01-02 22:00:00,120.25,169.0,23.0,40.75,40.75,13.25,4.0,0.0,31.5,0.0,1.0,NA,3.0,2.0,1.0,NA,NA,NA,NA,NA,NA,NA,NA,NA
2026-01-02 23:00:00,106.0,152.0,25.0,48.33,46.33,13.67,4.0,0.0,31.67,0.0,1.0,NA,3.0,2.0,1.0,NA,NA,NA,NA,NA,NA,NA,NA,NA
2026-01-03 00:00:00,102.25,155.75,24.25,44.0,43.5,13.25,6.0,0.5,29.75,2.0,1.0,NA,1.0,1.75,1.0,NA,NA,NA,NA,NA,NA,NA,NA,NA
2026-01-03 01:00:00,109.75,178.25,26.75,54.25,50.75,15.25,7.0,1.0,29.0,2.0,1.0,NA,1.0,1.0,1.0,NA,NA,NA,NA,NA,NA,NA,NA,NA
2026-01-03 02:00:00,115.25,206.0,26.75,53.75,50.25,14.5,7.0,1.0,28.25,2.0,1.0,NA,1.0,1.25,1.0,NA,NA,NA,NA,NA,NA,NA,NA,NA
2026-01-03 03:00:00,120.25,209.0,27.75,57.5,53.25,15.25,7.0,1.0,28.25,2.0,1.0,NA,1.0,1.0,1.0,NA,NA,NA,NA,NA,NA,NA,NA,NA
2026-01-03 04:00:00,134.25,211.25,26.25,51.0,48.5,14.75,9.25,0.5,28.0,2.0,1.0,NA,1.0,1.0,1.0,NA,NA,NA,NA,NA,NA,NA,NA,NA
2026-01-03 05:00:00,144.25,212.5,25.0,45.5,44.75,13.5,11.0,0.0,28.75,2.0,1.0,NA,1.0,1.0,1.0,NA,NA,NA,NA,NA,NA,NA,NA,NA
2026-01-03 06:00:00,134.67,196.0,23.67,46.33,44.0,13.75,11.0,0.0,28.0,2.0,1.0,NA,1.0,1.0,1.0,NA,NA,NA,NA,NA,NA,NA,NA,NA
2026-01-03 07:00:00,130.25,190.5,22.5,42.5,41.0,12.25,10.25,0.0,28.75,2.0,1.0,NA,1.0,1.0,1.0,NA,NA,NA,NA,NA,NA,NA,NA,NA
2026-01-03 08:00:00,118.5,174.25,25.5,53.5,49.5,14.0,11.5,0.75,29.0,3.0,2.0,NA,2.0,2.0,0.0,NA,NA,NA,NA,NA,NA,NA,NA,NA
2026-01-03 09:00:00,147.0,213.0,25.25,52.25,48.25,12.5,11.0,1.0,28.5,3.0,2.0,NA,2.0,2.0,0.0,NA,NA,NA,NA,NA,NA,NA,NA,NA
2026-01-03 10:00:00,136.25,205.5,24.5,47.0,44.75,13.0,11.0,1.0,29.5,3.0,2.0,NA,2.0,2.0,0.0,NA,NA,NA,NA,NA,NA,NA,NA,NA
2026-01-03 11:00:00,132.5,235.0,22.0,35.75,37.0,10.5,12.0,0.25,33.5,2.75,2.0,NA,2.0,2.0,0.0,NA,NA,NA,NA,NA,NA,NA,NA,NA
2026-01-03 12:00:00,101.75,155.0,23.75,45.0,43.25,13.5,7.5,0.0,41.0,2.75,1.75,NA,2.0,2.0,0.0,NA,NA,NA,NA,NA,NA,NA,NA,NA
2026-01-03 13:00:00,108.0,155.5,24.0,47.0,44.75,12.75,NA,0.25,42.5,2.0,2.0,NA,1.0,1.0,1.0,NA,NA,NA,NA,NA,NA,NA,NA,NA
2026-01-03 14:00:00,118.5,172.0,24.0,46.75,44.5,12.5,NA,0.0,45.25,2.0,2.0,NA,1.0,1.0,1.25,NA,NA,NA,NA,NA,NA,NA,NA,NA
2026-01-03 15:00:00,111.5,165.0,25.25,52.25,48.0,13.5,NA,0.0,42.75,2.0,2.0,NA,1.0,1.0,1.25,NA,NA,NA,NA,NA,NA,NA,NA,NA
2026-01-03 16:00:00,119.33,179.67,27.0,56.67,52.0,15.0,9.0,0.33,38.67,2.0,2.0,NA,1.0,1.0,1.33,NA,NA,NA,NA,NA,NA,NA,NA,NA
2026-01-03 17:00:00,116.5,180.75,22.75,41.5,41.25,13.25,11.0,1.0,32.75,2.0,2.0,NA,1.0,1.0,1.0,NA,NA,NA,NA,NA,NA,NA,NA,NA
2026-01-03 18:00:00,121.25,189.0,25.25,49.0,46.5,14.5,10.5,1.0,30.0,2.0,1.25,NA,4.75,2.5,3.0,NA,NA,NA,NA,NA,NA,NA,NA,NA
2026-01-03 19:00:00,135.5,194.5,25.75,53.75,49.25,14.75,11.0,1.0,29.75,2.0,1.0,NA,5.75,3.0,4.0,NA,NA,NA,NA,NA,NA,NA,NA,NA
2026-01-03 20:00:00,140.5,205.0,27.25,58.25,53.5,15.67,8.5,1.0,30.0,2.0,1.0,NA,5.5,3.0,3.75,NA,NA,NA,NA,NA,NA,NA,NA,NA
2026-01-03 21:00:00,154.0,229.67,26.67,57.33,52.33,14.5,7.67,1.0,29.33,0.0,1.0,NA,3.0,2.0,1.33,NA,NA,NA,NA,NA,NA,NA,NA,NA
2026-01-03 22:00:00,187.0,267.0,27.67,63.67,56.67,15.67,8.0,2.0,30.0,0.0,1.0,NA,3.0,2.0,1.33,NA,NA,NA,NA,NA,NA,NA,NA,NA
2026-01-03 23:00:00,194.33,291.0,30.0,78.33,66.0,16.33,8.0,2.0,29.0,0.0,1.0,NA,3.0,2.0,1.67,NA,NA,NA,NA,NA,NA,NA,NA,NA
2026-01-04 00:00:00,175.33,280.33,30.33,83.0,68.67,17.0,16.33,1.0,28.33,2.0,1.0,NA,1.0,1.33,1.0,NA,NA,NA,NA,NA,NA,NA,NA,NA
2026-01-04 01:00:00,172.25,261.5,29.25,77.75,65.25,16.0,22.75,1.0,28.5,2.0,1.0,NA,1.0,1.0,1.0,NA,NA,NA,NA,NA,NA,NA,NA,NA
2026-01-04 02:00:00,166.25,250.0,27.5,68.75,58.75,15.0,22.0,1.0,28.0,2.0,1.0,NA,1.0,1.0,1.0,NA,NA,NA,NA,NA,NA,NA,NA,NA
2026-01-04 03:00:00,145.33,227.33,25.67,62.0,53.67,14.67,22.0,0.5,28.0,2.0,1.0,NA,1.0,1.33,1.0,NA,NA,NA,NA,NA,NA,NA,NA,NA
2026-01-04 04:00:00,136.0,212.0,25.33,59.33,52.67,14.0,16.33,1.0,28.0,2.0,1.0,NA,1.0,1.0,1.0,NA,NA,NA,NA,NA,NA,NA,NA,NA
2026-01-04 05:00:00,133.33,193.0,25.33,62.0,53.33,13.0,12.0,1.0,28.0,2.0,1.0,NA,1.0,1.0,1.0,NA,NA,NA,NA,NA,NA,NA,NA,NA
2026-01-04 06:00:00,123.67,177.67,23.0,52.67,46.67,12.33,11.33,0.0,28.33,2.0,1.0,NA,1.0,1.0,1.0,NA,NA,NA,NA,NA,NA,NA,NA,NA
2026-01-04 07:00:00,118.0,169.0,23.0,54.0,47.0,14.0,11.0,1.0,28.0,2.0,1.0,NA,1.0,1.0,1.0,NA,NA,NA,NA,NA,NA,NA,NA,NA
2026-01-04 08:00:00,118.5,173.0,22.5,52.0,46.0,13.0,9.0,0.0,28.0,3.0,2.0,NA,2.0,2.0,0.0,NA,NA,NA,NA,NA,NA,NA,NA,NA
2026-01-04 09:00:00,129.33,183.0,21.67,47.67,42.67,12.33,5.0,0.0,29.0,3.0,2.0,NA,2.0,2.0,0.0,NA,NA,NA,NA,NA,NA,NA,NA,NA
2026-01-04 10:00:00,143.0,196.5,22.5,52.0,46.5,11.5,5.0,NA,32.5,3.0,2.0,NA,2.0,2.0,0.0,NA,NA,NA,NA,NA,NA,NA,NA,NA
2026-01-04 11:00:00,135.0,188.0,22.0,44.0,42.0,12.0,5.0,NA,37.0,3.0,2.0,NA,2.0,2.0,0.0,NA,NA,NA,NA,NA,NA,NA,NA,NA
2026-01-04 12:00:00,129.0,193.0,20.5,38.0,37.0,10.5,7.5,NA,48.5,3.0,2.0,NA,2.0,2.0,0.0,NA,NA,NA,NA,NA,NA,NA,NA,NA
2026-01-04 13:00:00,110.0,169.0,22.0,41.5,40.0,11.0,9.5,0.0,51.5,2.0,2.0,NA,1.0,1.0,1.5,NA,NA,NA,NA,NA,NA,NA,NA,NA
2026-01-04 14:00:00,NA,NA,NA,NA,NA,NA,NA,NA,NA,NA,NA,NA,NA,NA,NA,NA,NA,NA,NA,NA,NA,NA,NA,NA
2026-01-04 15:00:00,NA,NA,NA,NA,NA,NA,NA,NA,NA,NA,NA,NA,NA,NA,NA,NA,NA,NA,NA,NA,NA,NA,NA,NA
2026-01-04 16:00:00,NA,NA,NA,NA,NA,NA,NA,NA,NA,NA,NA,NA,NA,NA,NA,NA,NA,NA,NA,NA,NA,NA,NA,NA
2026-01-04 17:00:00,106.25,163.0,25.25,52.0,48.5,13.25,15.0,0.0,32.0,2.0,2.0,NA,1.0,1.0,1.0,NA,NA,NA,NA,NA,NA,NA,NA,NA
2026-01-04 18:00:00,100.0,155.5,25.75,54.25,50.0,14.25,15.0,0.5,29.5,2.0,1.25,NA,4.5,2.5,3.25,NA,NA,NA,NA,NA,NA,NA,NA,NA
2026-01-04 19:00:00,110.75,166.0,24.25,46.5,45.0,14.25,15.5,0.75,31.0,2.0,1.0,NA,5.5,3.0,4.0,NA,NA,NA,NA,NA,NA,NA,NA,NA
2026-01-04 20:00:00,102.25,147.0,23.75,46.75,44.75,13.0,10.5,0.25,32.25,2.0,1.0,NA,5.25,3.0,4.0,NA,NA,NA,NA,NA,NA,NA,NA,NA
2026-01-04 21:00:00,104.0,151.0,26.0,53.5,49.75,14.75,NA,1.0,29.25,0.5,1.0,NA,3.5,2.25,2.5,NA,NA,NA,NA,NA,NA,NA,NA,NA
2026-01-04 22:00:00,118.5,186.25,29.25,74.5,63.75,15.5,NA,1.0,28.5,0.0,1.0,NA,3.0,2.0,1.75,NA,NA,NA,NA,NA,NA,NA,NA,NA
2026-01-04 23:00:00,117.33,179.33,26.67,61.67,54.33,14.33,NA,1.0,28.67,0.0,1.0,NA,3.0,2.0,1.0,NA,NA,NA,NA,NA,NA,NA,NA,NA
2026-01-05 00:00:00,84.25,121.0,22.5,38.75,39.0,13.25,15.0,0.0,31.75,2.0,1.0,NA,1.0,1.5,1.0,NA,NA,NA,NA,NA,NA,NA,NA,NA
2026-01-05 01:00:00,80.0,116.5,23.5,41.75,41.75,12.25,17.5,0.0,33.5,2.0,1.0,NA,1.0,1.25,1.0,NA,NA,NA,NA,NA,NA,NA,NA,NA
2026-01-05 02:00:00,87.5,136.5,23.75,41.75,41.75,12.0,18.0,0.0,31.25,2.0,1.0,NA,1.0,1.25,1.0,NA,NA,NA,NA,NA,NA,NA,NA,NA
2026-01-05 03:00:00,88.0,143.25,22.25,34.0,36.25,11.0,17.25,0.0,33.0,2.0,1.0,NA,1.0,1.0,1.0,NA,NA,NA,NA,NA,NA,NA,NA,NA
2026-01-05 04:00:00,94.25,156.75,22.0,37.5,38.25,11.0,11.0,0.0,32.75,2.0,1.0,NA,1.0,1.0,1.0,NA,NA,NA,NA,NA,NA,NA,NA,NA
2026-01-05 05:00:00,101.25,172.0,22.5,37.0,38.25,11.75,NA,0.0,32.75,2.0,1.0,NA,1.0,1.0,1.0,NA,NA,NA,NA,NA,NA,NA,NA,NA
2026-01-05 06:00:00,102.25,176.0,24.0,45.25,43.75,12.25,NA,0.0,33.25,1.75,1.0,NA,1.0,1.25,1.0,NA,NA,NA,NA,NA,NA,NA,NA,NA
2026-01-05 07:00:00,93.0,159.0,22.0,37.0,38.0,10.25,NA,0.0,33.75,2.0,1.0,NA,1.0,1.25,1.0,NA,NA,NA,NA,NA,NA,NA,NA,NA
2026-01-05 08:00:00,82.0,147.5,22.0,38.75,38.5,10.75,14.0,0.0,34.25,3.0,2.0,NA,2.0,2.0,0.0,NA,NA,NA,NA,NA,NA,NA,NA,NA
2026-01-05 09:00:00,88.75,156.0,23.0,46.5,43.5,10.75,15.5,0.0,35.5,2.75,2.0,NA,2.0,2.0,0.0,NA,NA,NA,NA,NA,NA,NA,NA,NA
2026-01-05 10:00:00,108.33,179.0,22.33,43.0,41.0,10.0,15.0,0.0,41.0,3.0,1.67,NA,2.0,2.0,0.0,NA,NA,NA,NA,NA,NA,NA,NA,NA
2026-01-05 11:00:00,105.25,177.0,23.0,46.25,43.75,11.75,16.0,0.0,51.0,3.0,2.0,NA,2.0,2.0,0.0,NA,NA,NA,NA,NA,NA,NA,NA,NA
2026-01-05 12:00:00,103.0,173.0,22.75,48.75,44.5,11.5,10.0,0.0,64.25,2.5,2.0,NA,2.0,2.0,0.0,NA,NA,NA,NA,NA,NA,NA,NA,NA
2026-01-05 13:00:00,110.0,184.5,23.5,48.25,45.0,13.0,7.25,0.0,76.5,2.0,2.0,NA,1.0,1.0,1.0,NA,NA,NA,NA,NA,NA,NA,NA,NA
2026-01-05 14:00:00,111.5,188.75,23.5,47.25,44.75,12.25,7.0,0.0,86.25,2.0,2.0,NA,1.0,1.0,1.0,NA,NA,NA,NA,NA,NA,NA,NA,NA
2026-01-05 15:00:00,114.0,198.0,23.0,44.25,42.25,13.0,7.75,0.0,85.0,2.0,2.0,NA,1.0,1.0,1.0,NA,NA,NA,NA,NA,NA,NA,NA,NA
2026-01-05 16:00:00,111.5,200.5,22.0,38.75,39.0,12.5,14.5,0.0,69.5,2.0,2.0,NA,1.0,1.0,1.0,NA,NA,NA,NA,NA,NA,NA,NA,NA
2026-01-05 17:00:00,112.0,200.75,22.25,42.25,40.75,13.25,18.25,1.0,43.5,2.0,2.0,NA,1.0,1.0,1.25,NA,NA,NA,NA,NA,NA,NA,NA,NA
2026-01-05 18:00:00,123.5,218.0,23.5,52.0,46.5,14.0,19.0,1.0,30.25,2.0,1.25,NA,4.25,2.5,3.0,NA,NA,NA,NA,NA,NA,NA,NA,NA
2026-01-05 19:00:00,155.5,259.75,24.5,54.25,49.25,15.5,19.5,1.0,30.0,2.0,1.0,NA,6.0,3.0,4.0,NA,NA,NA,NA,NA,NA,NA,NA,NA
2026-01-05 20:00:00,168.75,265.5,25.25,57.75,51.0,14.75,11.25,1.0,29.75,2.0,1.0,NA,6.0,3.0,3.75,NA,NA,NA,NA,NA,NA,NA,NA,NA
2026-01-05 21:00:00,184.33,278.33,28.0,70.0,60.0,15.67,15.0,1.0,29.0,0.67,1.0,NA,3.67,2.0,2.33,NA,NA,NA,NA,NA,NA,NA,NA,NA
2026-01-05 22:00:00,211.0,306.0,25.67,60.33,53.33,16.0,14.33,1.0,29.0,0.0,1.0,NA,3.0,2.0,1.33,NA,NA,NA,NA,NA,NA,NA,NA,NA
2026-01-05 23:00:00,187.33,267.0,24.33,54.67,49.0,14.0,14.0,0.67,29.0,0.0,1.0,NA,3.0,2.0,1.33,NA,NA,NA,NA,NA,NA,NA,NA,NA
2026-01-06 00:00:00,151.0,216.0,23.25,46.5,44.0,13.75,18.0,0.25,29.0,2.0,1.0,NA,1.0,1.0,1.0,NA,NA,NA,NA,NA,NA,NA,NA,NA
2026-01-06 01:00:00,136.0,198.5,22.25,42.75,41.5,12.5,20.0,0.0,29.0,2.0,1.0,NA,1.0,1.25,1.0,NA,NA,NA,NA,NA,NA,NA,NA,NA
2026-01-06 02:00:00,129.5,191.5,23.0,43.75,42.25,13.25,20.0,NA,29.0,2.0,1.0,NA,1.0,1.25,1.0,NA,NA,NA,NA,NA,NA,NA,NA,NA
2026-01-06 03:00:00,126.25,187.25,24.0,49.5,46.25,12.5,20.0,NA,29.0,2.0,1.0,NA,1.0,1.25,1.0,NA,NA,NA,NA,NA,NA,NA,NA,NA
2026-01-06 04:00:00,118.75,183.25,22.75,40.25,40.0,11.75,16.0,0.0,29.0,2.0,1.0,NA,1.0,1.0,1.0,NA,NA,NA,NA,NA,NA,NA,NA,NA
2026-01-06 05:00:00,117.25,182.75,22.25,37.5,38.25,12.0,14.25,NA,29.0,2.0,1.0,NA,1.0,1.25,1.0,NA,NA,NA,NA,NA,NA,NA,NA,NA
2026-01-06 06:00:00,123.5,194.75,21.75,39.75,38.75,11.25,14.75,NA,28.0,2.0,1.0,NA,1.0,1.5,1.0,NA,NA,NA,NA,NA,NA,NA,NA,NA
2026-01-06 07:00:00,127.0,209.25,23.75,51.0,46.25,13.0,15.0,NA,28.0,2.0,1.0,NA,1.0,1.0,1.0,NA,NA,NA,NA,NA,NA,NA,NA,NA
2026-01-06 08:00:00,131.5,224.25,24.25,52.0,47.5,12.75,17.25,0.0,29.0,3.0,1.75,NA,2.0,2.0,0.0,NA,NA,NA,NA,NA,NA,NA,NA,NA
2026-01-06 09:00:00,166.25,251.75,24.75,55.25,49.75,13.75,19.0,NA,29.25,3.0,2.0,NA,2.0,2.0,0.0,NA,NA,NA,NA,NA,NA,NA,NA,NA
2026-01-06 10:00:00,184.0,265.0,24.75,54.0,49.0,13.25,19.0,NA,30.0,2.75,2.0,NA,2.0,2.0,0.0,NA,NA,NA,NA,NA,NA,NA,NA,NA
2026-01-06 11:00:00,181.75,257.67,21.25,36.25,36.25,11.25,19.0,NA,33.0,3.0,2.0,NA,2.0,2.0,0.0,NA,NA,NA,NA,NA,NA,NA,NA,NA
2026-01-06 12:00:00,200.33,281.33,22.33,46.67,43.67,12.0,18.0,0.0,40.0,3.0,2.0,NA,2.0,2.0,0.0,NA,NA,NA,NA,NA,NA,NA,NA,NA
2026-01-06 13:00:00,195.75,278.25,24.25,51.0,46.75,13.0,18.0,0.0,44.0,2.0,2.0,NA,1.0,1.0,1.0,NA,NA,NA,NA,NA,NA,NA,NA,NA
2026-01-06 14:00:00,192.5,276.5,23.0,47.0,44.0,12.0,18.0,0.0,42.0,2.0,2.0,NA,1.0,1.0,1.0,NA,NA,NA,NA,NA,NA,NA,NA,NA
2026-01-06 15:00:00,175.5,257.0,25.75,58.0,51.75,14.75,18.0,0.0,39.25,2.0,2.0,NA,1.0,1.0,1.25,NA,NA,NA,NA,NA,NA,NA,NA,NA
2026-01-06 16:00:00,157.5,242.0,24.25,48.25,45.75,14.0,16.25,0.0,36.75,2.0,2.0,NA,1.0,1.0,1.0,NA,NA,NA,NA,NA,NA,NA,NA,NA
2026-01-06 17:00:00,133.25,208.0,25.75,53.5,49.25,14.25,15.0,0.0,30.75,2.0,2.0,NA,1.0,1.0,1.0,NA,NA,NA,NA,NA,NA,NA,NA,NA
2026-01-06 18:00:00,133.5,213.25,24.25,47.25,45.0,13.25,15.5,0.0,29.0,2.0,1.25,NA,4.5,2.5,2.75,NA,NA,NA,NA,NA,NA,NA,NA,NA
2026-01-06 19:00:00,156.5,245.25,24.0,47.75,45.0,13.75,15.5,1.0,28.75,2.0,1.0,NA,5.75,3.0,3.75,NA,NA,NA,NA,NA,NA,NA,NA,NA
2026-01-06 20:00:00,150.33,235.75,23.33,46.33,43.67,14.33,16.0,0.33,28.0,2.0,1.0,NA,5.67,3.0,3.67,NA,NA,NA,NA,NA,NA,NA,NA,NA
2026-01-06 21:00:00,150.5,237.67,23.0,44.75,43.0,12.75,16.75,0.0,29.0,0.5,1.0,NA,3.75,2.25,2.25,NA,NA,NA,NA,NA,NA,NA,NA,NA
2026-01-06 22:00:00,135.25,223.5,21.75,40.75,39.5,10.75,16.0,0.0,28.75,0.0,1.0,NA,3.0,2.0,1.25,NA,NA,NA,NA,NA,NA,NA,NA,NA
2026-01-06 23:00:00,130.33,211.33,20.67,37.67,37.0,11.33,16.0,0.0,28.67,0.0,1.0,NA,3.0,2.0,1.33,NA,NA,NA,NA,NA,NA,NA,NA,NA
2026-01-07 00:00:00,116.5,187.5,22.0,44.25,42.0,11.5,17.0,0.0,29.25,2.0,1.0,NA,1.0,1.0,1.0,NA,NA,NA,NA,NA,NA,NA,NA,NA
2026-01-07 01:00:00,100.25,164.25,21.25,43.5,40.5,11.75,17.0,0.0,30.25,2.0,1.0,NA,1.0,1.0,1.0,NA,NA,NA,NA,NA,NA,NA,NA,NA
2026-01-07 02:00:00,93.25,152.25,21.25,42.75,40.0,10.75,17.0,0.0,31.25,2.0,1.0,NA,1.0,1.0,1.0,NA,NA,NA,NA,NA,NA,NA,NA,NA
2026-01-07 03:00:00,91.0,150.0,22.25,44.5,41.75,11.75,17.0,0.0,31.5,2.0,1.0,NA,1.0,1.0,1.0,NA,NA,NA,NA,NA,NA,NA,NA,NA
2026-01-07 04:00:00,87.0,145.75,21.75,44.25,41.25,11.0,21.75,0.0,33.25,2.0,1.0,NA,1.0,1.0,1.0,NA,NA,NA,NA,NA,NA,NA,NA,NA
2026-01-07 05:00:00,81.0,136.75,22.0,45.0,41.75,12.0,24.25,0.0,32.5,2.0,1.0,NA,1.0,1.25,1.0,NA,NA,NA,NA,NA,NA,NA,NA,NA
2026-01-07 06:00:00,84.5,147.0,21.75,45.5,42.25,11.25,24.0,0.0,30.5,2.0,1.0,NA,1.0,1.25,1.0,NA,NA,NA,NA,NA,NA,NA,NA,NA
2026-01-07 07:00:00,87.75,153.5,22.0,46.25,42.75,11.5,24.25,0.0,32.25,2.0,1.0,NA,1.0,1.0,1.0,NA,NA,NA,NA,NA,NA,NA,NA,NA
2026-01-07 08:00:00,81.75,140.0,22.25,45.25,42.25,12.5,11.75,0.0,34.75,3.0,1.75,NA,2.0,2.0,0.0,NA,NA,NA,NA,NA,NA,NA,NA,NA
2026-01-07 09:00:00,93.5,159.5,24.25,55.25,49.25,12.75,5.25,0.0,33.75,3.0,1.75,NA,2.0,2.0,0.0,NA,NA,NA,NA,NA,NA,NA,NA,NA
2026-01-07 10:00:00,105.75,175.5,23.25,43.75,42.0,12.5,5.75,0.0,36.5,3.0,1.5,NA,2.0,2.0,0.0,NA,NA,NA,NA,NA,NA,NA,NA,NA
2026-01-07 11:00:00,115.0,186.5,22.5,40.5,39.75,12.25,5.0,0.0,40.5,3.0,2.0,NA,2.0,2.0,0.0,NA,NA,NA,NA,NA,NA,NA,NA,NA
2026-01-07 12:00:00,123.0,199.0,23.25,46.5,44.0,12.5,13.5,0.0,52.0,3.0,2.0,NA,2.0,2.0,0.0,NA,NA,NA,NA,NA,NA,NA,NA,NA
2026-01-07 13:00:00,132.25,218.0,23.25,47.25,44.25,12.0,17.25,0.0,54.25,2.0,2.0,NA,1.0,1.0,1.25,NA,NA,NA,NA,NA,NA,NA,NA,NA
2026-01-07 14:00:00,137.33,232.33,21.67,38.33,38.33,12.67,17.5,0.0,63.67,2.0,2.0,NA,1.0,1.0,1.0,NA,NA,NA,NA,NA,NA,NA,NA,NA
2026-01-07 15:00:00,138.25,235.25,22.75,46.5,43.5,13.25,17.5,0.0,65.0,2.0,2.0,NA,1.0,1.0,1.0,NA,NA,NA,NA,NA,NA,NA,NA,NA
2026-01-07 16:00:00,132.25,225.25,22.5,46.25,43.25,14.25,19.75,0.0,55.5,2.0,2.0,NA,1.0,1.0,1.0,NA,NA,NA,NA,NA,NA,NA,NA,NA
2026-01-07 17:00:00,126.75,220.5,21.75,40.0,39.25,14.75,20.75,0.0,41.25,2.0,2.0,NA,1.0,1.0,1.0,NA,NA,NA,NA,NA,NA,NA,NA,NA
2026-01-07 18:00:00,139.25,227.25,21.0,41.25,39.5,13.75,21.0,0.0,32.5,2.0,1.25,NA,4.75,2.5,3.25,NA,NA,NA,NA,NA,NA,NA,NA,NA
2026-01-07 19:00:00,177.25,265.5,22.75,49.5,45.0,15.0,21.0,0.25,30.75,2.0,1.0,NA,6.0,3.0,4.0,NA,NA,NA,NA,NA,NA,NA,NA,NA
2026-01-07 20:00:00,211.75,306.5,22.75,51.5,46.25,14.5,22.25,1.0,29.25,2.0,1.0,NA,5.25,3.0,3.5,NA,NA,NA,NA,NA,NA,NA,NA,NA
2026-01-07 21:00:00,206.25,308.75,24.75,60.0,52.25,14.5,23.33,1.0,28.75,0.5,1.0,NA,3.75,2.25,2.0,NA,NA,NA,NA,NA,NA,NA,NA,NA
2026-01-07 22:00:00,171.5,265.75,21.75,47.5,43.0,13.5,22.75,0.5,28.25,0.0,1.0,NA,3.0,2.0,1.5,NA,NA,NA,NA,NA,NA,NA,NA,NA
2026-01-07 23:00:00,153.0,241.67,22.0,50.33,45.0,13.67,23.0,0.0,28.67,0.0,1.0,NA,3.0,2.0,1.33,NA,NA,NA,NA,NA,NA,NA,NA,NA
2026-01-08 00:00:00,142.0,217.75,24.0,53.5,48.0,13.0,21.0,0.0,28.0,2.0,1.0,NA,1.0,1.25,1.0,NA,NA,NA,NA,NA,NA,NA,NA,NA
2026-01-08 01:00:00,100.0,159.5,23.25,45.25,43.25,13.25,19.75,0.0,29.5,2.0,1.0,NA,1.0,1.0,1.0,NA,NA,NA,NA,NA,NA,NA,NA,NA
2026-01-08 02:00:00,87.25,134.25,21.25,36.0,37.0,12.25,20.0,0.0,30.0,2.0,1.0,NA,1.0,1.25,1.0,NA,NA,NA,NA,NA,NA,NA,NA,NA
2026-01-08 03:00:00,84.0,133.0,22.0,40.25,39.5,12.0,19.75,0.0,30.5,2.0,1.0,NA,1.0,1.25,1.0,NA,NA,NA,NA,NA,NA,NA,NA,NA
2026-01-08 04:00:00,88.0,140.25,20.5,35.25,35.75,11.0,11.25,0.0,29.75,2.0,1.0,NA,1.0,1.5,1.0,NA,NA,NA,NA,NA,NA,NA,NA,NA
2026-01-08 05:00:00,82.25,130.0,21.5,41.75,40.0,11.25,7.0,0.0,29.5,2.0,1.0,NA,1.0,1.0,1.0,NA,NA,NA,NA,NA,NA,NA,NA,NA
2026-01-08 06:00:00,80.0,128.25,20.5,40.0,38.0,10.0,7.0,0.0,28.75,2.0,1.0,NA,1.0,1.5,1.0,NA,NA,NA,NA,NA,NA,NA,NA,NA
2026-01-08 07:00:00,82.25,130.0,21.5,45.25,41.75,10.5,7.0,0.0,29.25,2.0,1.0,NA,1.0,1.25,1.0,NA,NA,NA,NA,NA,NA,NA,NA,NA
2026-01-08 08:00:00,84.25,138.0,21.75,45.5,42.0,12.0,9.25,0.0,29.25,3.0,2.0,NA,2.0,2.0,0.0,NA,NA,NA,NA,NA,NA,NA,NA,NA
2026-01-08 09:00:00,96.5,160.0,23.5,53.5,47.75,11.5,10.5,0.0,29.25,2.75,2.0,NA,2.0,2.0,0.0,NA,NA,NA,NA,NA,NA,NA,NA,NA
2026-01-08 10:00:00,109.5,177.0,24.0,64.0,54.0,13.25,10.33,0.0,31.25,3.0,2.0,NA,2.0,2.0,0.0,NA,NA,NA,NA,NA,NA,NA,NA,NA
2026-01-08 11:00:00,123.5,192.25,21.5,41.75,39.25,11.0,10.0,0.0,35.5,2.75,2.0,NA,2.0,2.0,0.0,NA,NA,NA,NA,NA,NA,NA,NA,NA
2026-01-08 12:00:00,130.25,203.0,20.0,43.0,39.5,11.25,16.0,0.0,46.75,3.0,2.0,NA,2.0,2.0,0.0,NA,NA,NA,NA,NA,NA,NA,NA,NA
2026-01-08 13:00:00,133.5,202.25,23.5,56.25,49.25,13.25,18.25,0.0,55.25,2.0,2.0,NA,1.0,1.0,1.0,NA,NA,NA,NA,NA,NA,NA,NA,NA
2026-01-08 14:00:00,136.75,208.25,23.75,55.0,48.5,12.75,19.0,0.0,66.25,2.0,2.0,NA,1.0,1.0,1.0,NA,NA,NA,NA,NA,NA,NA,NA,NA
2026-01-08 15:00:00,151.0,237.75,22.25,47.25,43.5,13.25,19.0,0.0,71.25,2.0,2.0,NA,1.0,1.0,1.0,NA,NA,NA,NA,NA,NA,NA,NA,NA
2026-01-08 16:00:00,159.25,263.75,22.75,49.25,44.75,14.0,18.0,0.0,63.25,2.0,2.0,NA,1.0,1.0,1.0,NA,NA,NA,NA,NA,NA,NA,NA,NA
2026-01-08 17:00:00,161.75,276.25,23.25,56.5,49.0,15.0,18.0,0.25,40.0,2.0,2.0,NA,1.0,1.0,1.0,NA,NA,NA,NA,NA,NA,NA,NA,NA
2026-01-08 18:00:00,193.0,329.0,23.0,59.5,50.5,16.0,18.75,1.0,31.25,2.0,1.25,NA,4.25,2.5,3.25,NA,NA,NA,NA,NA,NA,NA,NA,NA
2026-01-08 19:00:00,238.5,375.0,24.5,64.0,54.5,16.25,19.0,1.25,30.25,2.0,1.0,NA,5.0,3.0,4.0,NA,NA,NA,NA,NA,NA,NA,NA,NA
2026-01-08 20:00:00,213.75,333.0,24.0,62.25,53.0,15.5,25.0,0.5,29.75,2.0,1.0,NA,5.25,3.0,4.0,NA,NA,NA,NA,NA,NA,NA,NA,NA
2026-01-08 21:00:00,162.25,254.75,23.0,55.25,48.0,14.75,27.33,0.0,28.25,0.5,1.0,NA,3.5,2.25,2.0,NA,NA,NA,NA,NA,NA,NA,NA,NA
2026-01-08 22:00:00,128.25,198.75,22.75,56.25,48.75,14.25,27.0,0.0,28.75,0.0,1.0,NA,3.0,2.0,1.75,NA,NA,NA,NA,NA,NA,NA,NA,NA
2026-01-08 23:00:00,159.0,242.0,25.33,65.0,55.0,14.67,27.67,0.0,28.67,0.0,1.0,NA,3.0,2.0,1.33,NA,NA,NA,NA,NA,NA,NA,NA,NA
2026-01-09 00:00:00,204.25,316.0,28.0,75.25,62.75,16.0,21.25,0.25,28.0,2.0,1.0,NA,1.0,1.0,1.0,NA,NA,NA,NA,NA,NA,NA,NA,NA
2026-01-09 01:00:00,216.0,337.0,32.5,91.75,75.25,17.0,19.0,0.0,28.0,2.0,1.0,NA,1.0,1.25,1.0,NA,NA,NA,NA,NA,NA,NA,NA,NA
2026-01-09 02:00:00,208.75,329.0,28.75,71.25,61.5,16.0,18.75,0.0,28.0,2.0,1.0,NA,1.0,1.0,1.0,NA,NA,NA,NA,NA,NA,NA,NA,NA
2026-01-09 03:00:00,174.5,295.75,25.25,58.25,51.75,14.25,18.5,0.0,27.75,2.0,1.0,NA,1.0,1.5,1.0,NA,NA,NA,NA,NA,NA,NA,NA,NA
2026-01-09 04:00:00,170.0,290.5,22.75,44.0,42.25,13.25,15.75,0.0,28.0,2.0,1.0,NA,1.0,1.25,1.0,NA,NA,NA,NA,NA,NA,NA,NA,NA
2026-01-09 05:00:00,99.75,198.0,21.0,35.0,35.75,12.0,14.75,0.0,27.75,2.0,1.0,NA,1.0,1.25,1.0,NA,NA,NA,NA,NA,NA,NA,NA,NA
2026-01-09 06:00:00,91.25,158.75,20.5,38.0,37.0,11.0,14.0,0.0,27.75,2.0,1.0,NA,1.0,1.0,1.0,NA,NA,NA,NA,NA,NA,NA,NA,NA
2026-01-09 07:00:00,97.75,161.25,22.0,45.0,42.0,12.25,14.0,0.0,28.0,2.0,1.0,NA,1.0,1.0,1.0,NA,NA,NA,NA,NA,NA,NA,NA,NA
2026-01-09 08:00:00,121.75,188.0,22.75,52.0,46.25,12.25,17.0,0.0,28.0,3.0,2.0,NA,2.0,2.0,0.0,NA,NA,NA,NA,NA,NA,NA,NA,NA
2026-01-09 09:00:00,165.25,240.5,24.25,57.75,50.75,13.75,18.0,0.0,28.0,3.0,2.0,NA,2.0,2.0,0.0,NA,NA,NA,NA,NA,NA,NA,NA,NA
2026-01-09 10:00:00,211.75,300.0,23.75,66.5,54.75,14.0,18.75,0.25,29.5,3.0,2.0,NA,2.0,2.0,0.0,NA,NA,NA,NA,NA,NA,NA,NA,NA
2026-01-09 11:00:00,260.0,359.0,22.5,64.0,52.5,13.25,18.75,1.0,34.0,3.0,2.0,NA,2.0,2.0,0.0,NA,NA,NA,NA,NA,NA,NA,NA,NA
2026-01-09 12:00:00,311.0,417.0,22.67,60.33,50.67,13.0,13.67,0.0,61.0,3.0,2.0,NA,2.0,2.0,0.0,NA,NA,NA,NA,NA,NA,NA,NA,NA
2026-01-09 13:00:00,370.5,506.75,22.5,55.25,47.75,14.5,13.0,0.0,71.0,2.0,2.0,NA,1.0,1.0,1.0,NA,NA,NA,NA,NA,NA,NA,NA,NA
2026-01-09 14:00:00,382.5,522.25,22.0,48.5,43.5,15.5,13.0,0.0,70.75,2.0,2.0,NA,1.0,1.0,1.0,NA,NA,NA,NA,NA,NA,NA,NA,NA
2026-01-09 15:00:00,298.75,413.5,21.75,50.25,44.5,14.75,12.5,0.0,66.75,2.0,2.0,NA,1.0,1.0,1.0,NA,NA,NA,NA,NA,NA,NA,NA,NA
2026-01-09 16:00:00,237.75,336.0,22.75,56.25,48.75,15.25,21.25,0.0,49.5,2.0,2.0,NA,1.0,1.0,1.0,NA,NA,NA,NA,NA,NA,NA,NA,NA
2026-01-09 17:00:00,144.75,224.5,23.5,54.25,48.25,16.5,25.75,0.0,40.0,2.0,2.0,NA,1.0,1.0,1.25,NA,NA,NA,NA,NA,NA,NA,NA,NA
2026-01-09 18:00:00,159.75,250.0,25.0,57.5,51.0,18.5,25.5,0.0,32.75,2.0,1.25,NA,4.75,2.25,3.25,NA,NA,NA,NA,NA,NA,NA,NA,NA
2026-01-09 19:00:00,182.75,268.5,27.0,64.25,56.25,19.0,25.5,0.0,30.0,2.0,1.0,NA,5.25,3.0,3.75,NA,NA,NA,NA,NA,NA,NA,NA,NA
2026-01-09 20:00:00,238.75,342.75,28.75,71.75,61.75,18.75,20.75,0.0,30.0,2.0,1.0,NA,5.0,3.0,3.5,NA,NA,NA,NA,NA,NA,NA,NA,NA
2026-01-09 21:00:00,258.25,393.5,29.5,77.25,65.75,18.75,18.5,0.75,30.0,0.5,1.0,NA,3.5,2.25,2.5,NA,NA,NA,NA,NA,NA,NA,NA,NA
2026-01-09 22:00:00,242.75,369.25,30.5,86.75,71.5,18.75,19.0,1.0,29.0,0.0,1.0,NA,3.0,2.0,1.75,NA,NA,NA,NA,NA,NA,NA,NA,NA
2026-01-09 23:00:00,219.33,327.33,31.0,88.0,72.0,18.0,18.67,0.0,29.0,0.0,1.0,NA,3.0,2.0,1.33,NA,NA,NA,NA,NA,NA,NA,NA,NA
2026-01-10 00:00:00,194.0,302.25,28.0,74.0,62.5,17.25,19.0,0.0,28.25,2.0,1.0,NA,1.0,1.0,1.0,NA,NA,NA,NA,NA,NA,NA,NA,NA
2026-01-10 01:00:00,188.75,296.25,28.5,73.25,62.25,17.0,19.0,0.0,28.25,2.0,1.0,NA,1.0,1.5,1.0,NA,NA,NA,NA,NA,NA,NA,NA,NA
2026-01-10 02:00:00,181.0,293.75,29.25,76.25,64.25,16.5,19.0,0.0,27.75,2.0,1.0,NA,1.0,1.25,1.0,NA,NA,NA,NA,NA,NA,NA,NA,NA
2026-01-10 03:00:00,157.25,285.5,26.0,59.25,53.0,16.5,19.0,0.0,28.0,2.0,1.0,NA,1.0,1.0,1.0,NA,NA,NA,NA,NA,NA,NA,NA,NA
2026-01-10 04:00:00,132.75,265.25,26.5,60.75,54.0,16.25,16.75,0.0,27.75,2.0,1.0,NA,1.0,1.5,1.0,NA,NA,NA,NA,NA,NA,NA,NA,NA
2026-01-10 05:00:00,115.75,227.25,27.0,62.0,55.25,16.0,15.0,0.0,28.0,2.0,1.0,NA,1.0,1.0,1.0,NA,NA,NA,NA,NA,NA,NA,NA,NA
2026-01-10 06:00:00,124.33,257.33,27.67,73.67,62.0,15.33,16.0,0.0,28.0,2.0,1.0,NA,1.0,1.0,1.0,NA,NA,NA,NA,NA,NA,NA,NA,NA
2026-01-10 07:00:00,124.0,238.75,25.75,67.25,57.0,14.25,15.25,0.0,28.0,2.0,1.0,NA,1.0,1.0,1.0,NA,NA,NA,NA,NA,NA,NA,NA,NA
2026-01-10 08:00:00,138.25,267.0,27.5,73.5,61.5,15.0,23.5,0.0,28.0,3.0,1.75,NA,2.0,2.0,0.0,NA,NA,NA,NA,NA,NA,NA,NA,NA
2026-01-10 09:00:00,219.5,336.75,26.5,72.0,60.0,16.5,28.0,0.0,29.0,3.0,2.0,NA,2.0,2.0,0.0,NA,NA,NA,NA,NA,NA,NA,NA,NA
2026-01-10 10:00:00,239.33,333.0,23.67,62.33,52.67,15.0,28.0,0.0,30.33,NA,NA,NA,NA,NA,NA,NA,NA,NA,NA,NA,NA,NA,NA,NA
2026-01-10 11:00:00,195.5,285.25,24.25,55.5,49.0,14.25,28.0,0.0,38.25,NA,NA,NA,NA,NA,NA,NA,NA,NA,NA,NA,NA,NA,NA,NA
2026-01-10 12:00:00,160.5,257.25,22.0,47.75,43.25,12.75,24.75,0.0,51.0,NA,NA,NA,NA,NA,NA,NA,NA,NA,NA,NA,NA,NA,NA,NA
2026-01-10 13:00:00,158.25,242.5,23.0,55.0,48.0,13.75,NA,NA,NA,2.0,2.0,NA,1.0,1.0,1.0,NA,NA,NA,NA,NA,NA,NA,NA,NA
2026-01-10 14:00:00,137.0,216.5,NA,NA,NA,NA,12.0,0.25,79.75,2.0,2.0,NA,1.0,1.0,1.25,NA,NA,NA,NA,NA,NA,NA,NA,NA
2026-01-10 15:00:00,97.0,163.5,NA,NA,NA,NA,12.0,0.0,59.5,2.0,2.0,NA,1.0,1.0,1.0,NA,NA,NA,NA,NA,NA,NA,NA,NA
2026-01-10 16:00:00,83.75,143.25,15.75,35.75,31.75,14.5,6.75,0.0,36.5,2.0,2.0,NA,1.0,1.0,1.5,NA,NA,NA,NA,NA,NA,NA,NA,NA
2026-01-10 17:00:00,76.0,133.25,17.5,57.0,44.75,15.25,3.75,0.75,22.5,2.0,2.0,NA,1.0,1.0,1.0,NA,NA,NA,NA,NA,NA,NA,NA,NA
2026-01-10 18:00:00,88.5,157.0,19.75,75.25,56.25,17.75,3.0,1.0,19.75,2.0,1.25,NA,4.5,2.5,3.0,NA,NA,NA,NA,NA,NA,NA,NA,NA
2026-01-10 19:00:00,131.75,211.75,19.0,74.0,55.0,19.25,3.5,1.25,23.25,2.0,1.0,NA,5.0,3.0,4.0,NA,NA,NA,NA,NA,NA,NA,NA,NA
2026-01-10 20:00:00,158.25,238.0,19.25,71.75,54.0,17.5,7.75,1.0,25.25,2.0,1.0,NA,5.5,3.0,4.0,NA,NA,NA,NA,NA,NA,NA,NA,NA
2026-01-10 21:00:00,169.5,248.0,17.75,58.25,45.25,18.75,9.75,1.0,26.0,0.5,1.0,NA,3.75,2.25,2.25,NA,NA,NA,NA,NA,NA,NA,NA,NA
2026-01-10 22:00:00,153.5,210.75,18.0,56.0,44.5,18.0,9.25,1.0,23.75,0.0,1.0,NA,3.0,2.0,1.25,NA,NA,NA,NA,NA,NA,NA,NA,NA
2026-01-10 23:00:00,142.0,190.33,18.33,61.33,48.0,16.67,9.0,1.0,22.67,0.0,1.0,NA,3.0,2.0,1.0,NA,NA,NA,NA,NA,NA,NA,NA,NA
2026-01-11 00:00:00,144.75,197.25,19.0,59.75,47.5,18.25,3.0,1.0,22.5,2.0,1.0,NA,1.0,1.0,1.0,NA,NA,NA,NA,NA,NA,NA,NA,NA
2026-01-11 01:00:00,153.25,208.5,18.25,53.25,43.5,19.25,0.0,1.0,22.75,2.0,1.0,NA,1.0,1.25,1.0,NA,NA,NA,NA,NA,NA,NA,NA,NA
2026-01-11 02:00:00,133.75,182.75,16.75,39.25,34.75,18.0,0.0,0.75,21.25,2.0,1.0,NA,1.0,1.5,1.0,NA,NA,NA,NA,NA,NA,NA,NA,NA
2026-01-11 03:00:00,116.0,162.75,18.25,47.75,40.25,16.25,0.0,0.25,21.0,2.0,1.0,NA,1.0,1.25,1.0,NA,NA,NA,NA,NA,NA,NA,NA,NA
2026-01-11 04:00:00,117.5,170.0,16.25,34.25,31.5,15.5,5.75,1.0,21.75,2.0,1.0,NA,1.0,1.0,1.0,NA,NA,NA,NA,NA,NA,NA,NA,NA
2026-01-11 05:00:00,133.0,197.75,18.5,48.5,40.75,17.25,8.25,1.0,23.0,2.0,1.0,NA,1.0,1.25,1.0,NA,NA,NA,NA,NA,NA,NA,NA,NA
2026-01-11 06:00:00,137.5,211.0,16.75,38.0,33.75,15.75,8.5,1.0,22.75,2.0,1.0,NA,1.0,1.0,1.0,NA,NA,NA,NA,NA,NA,NA,NA,NA
2026-01-11 07:00:00,130.75,203.75,15.25,38.5,33.0,14.75,8.25,1.0,22.0,2.0,1.0,NA,1.0,1.0,1.0,NA,NA,NA,NA,NA,NA,NA,NA,NA
2026-01-11 08:00:00,136.0,205.5,16.25,44.75,37.0,16.0,14.0,1.0,25.75,3.0,2.0,NA,2.0,2.0,0.0,NA,NA,NA,NA,NA,NA,NA,NA,NA
2026-01-11 09:00:00,171.5,225.5,17.0,50.25,40.75,15.25,17.25,1.0,26.0,3.0,2.0,NA,2.0,2.0,0.0,NA,NA,NA,NA,NA,NA,NA,NA,NA
2026-01-11 10:00:00,190.25,244.75,16.75,49.25,39.75,16.5,17.0,1.0,30.25,2.75,2.0,NA,2.0,2.0,0.0,NA,NA,NA,NA,NA,NA,NA,NA,NA
2026-01-11 11:00:00,194.0,266.25,16.75,46.0,38.5,14.5,17.25,1.0,35.5,3.0,2.0,NA,2.0,2.0,0.0,NA,NA,NA,NA,NA,NA,NA,NA,NA
2026-01-11 12:00:00,170.25,245.25,17.25,45.75,38.5,16.0,9.0,1.0,41.0,3.0,2.0,NA,2.0,2.0,0.0,NA,NA,NA,NA,NA,NA,NA,NA,NA
2026-01-11 13:00:00,132.75,202.25,17.0,42.0,36.25,15.75,5.25,0.5,40.75,2.0,2.0,NA,1.0,1.0,1.0,NA,NA,NA,NA,NA,NA,NA,NA,NA
2026-01-11 14:00:00,103.5,169.75,17.0,40.75,35.75,14.75,5.0,0.0,43.5,2.0,2.0,NA,1.0,1.0,1.25,NA,NA,NA,NA,NA,NA,NA,NA,NA
2026-01-11 15:00:00,85.25,140.25,15.5,25.25,26.5,15.25,5.25,0.0,44.5,2.0,2.0,NA,1.0,1.0,1.0,NA,NA,NA,NA,NA,NA,NA,NA,NA
2026-01-11 16:00:00,54.0,100.75,15.25,26.5,26.75,17.75,3.0,0.0,40.0,2.0,2.0,NA,1.0,1.0,1.25,NA,NA,NA,NA,NA,NA,NA,NA,NA
2026-01-11 17:00:00,77.5,140.0,16.0,45.75,37.75,17.0,NA,0.5,30.0,2.0,2.0,NA,1.0,1.0,1.0,NA,NA,NA,NA,NA,NA,NA,NA,NA
2026-01-11 18:00:00,110.25,182.75,17.75,66.25,50.0,18.75,NA,1.0,21.75,2.0,1.25,NA,4.5,2.5,3.25,NA,NA,NA,NA,NA,NA,NA,NA,NA
2026-01-11 19:00:00,153.25,234.25,19.0,76.75,56.25,19.25,NA,1.75,27.75,2.0,1.0,NA,5.5,3.0,3.75,NA,NA,NA,NA,NA,NA,NA,NA,NA
2026-01-11 20:00:00,220.0,325.5,19.75,87.25,62.5,19.25,10.33,1.25,33.75,2.0,1.0,NA,5.75,3.0,4.0,NA,NA,NA,NA,NA,NA,NA,NA,NA
2026-01-11 21:00:00,225.25,312.25,18.25,71.5,53.0,17.25,11.5,1.0,31.75,0.5,1.0,NA,3.75,2.25,2.25,NA,NA,NA,NA,NA,NA,NA,NA,NA
2026-01-11 22:00:00,186.25,253.75,16.75,57.25,44.0,17.25,11.0,1.0,28.5,0.0,1.0,NA,3.0,2.0,1.75,NA,NA,NA,NA,NA,NA,NA,NA,NA
2026-01-11 23:00:00,155.33,211.0,16.67,45.67,37.67,17.67,11.0,0.33,25.0,0.0,1.0,NA,3.0,2.0,1.67,NA,NA,NA,NA,NA,NA,NA,NA,NA
2026-01-12 00:00:00,136.0,185.75,16.25,42.0,35.75,14.5,15.0,1.0,22.75,2.0,1.0,NA,1.0,1.0,1.0,NA,NA,NA,NA,NA,NA,NA,NA,NA
2026-01-12 01:00:00,125.5,173.5,17.0,57.0,44.5,15.0,17.0,0.0,22.25,2.0,1.0,NA,1.0,1.0,1.0,NA,NA,NA,NA,NA,NA,NA,NA,NA
2026-01-12 02:00:00,119.5,171.75,14.75,31.75,29.0,17.25,17.0,0.0,21.25,2.0,1.0,NA,1.0,1.25,1.0,NA,NA,NA,NA,NA,NA,NA,NA,NA
2026-01-12 03:00:00,119.0,183.75,16.75,44.75,37.5,17.25,17.0,0.75,21.0,2.0,1.0,NA,1.0,1.25,1.0,NA,NA,NA,NA,NA,NA,NA,NA,NA
2026-01-12 04:00:00,113.75,177.5,16.0,41.75,35.5,16.0,7.0,0.75,21.5,2.0,1.0,NA,1.0,1.0,1.0,NA,NA,NA,NA,NA,NA,NA,NA,NA
2026-01-12 05:00:00,116.5,179.0,16.25,43.25,36.5,16.75,NA,1.0,22.0,2.0,1.0,NA,1.0,1.0,1.0,NA,NA,NA,NA,NA,NA,NA,NA,NA
2026-01-12 06:00:00,115.25,179.0,15.5,36.75,32.25,15.5,0.0,1.0,22.0,2.0,1.0,NA,1.0,1.25,1.0,NA,NA,NA,NA,NA,NA,NA,NA,NA
2026-01-12 07:00:00,105.75,174.75,14.25,26.5,25.75,15.75,0.0,1.0,22.0,2.0,1.0,NA,1.0,1.0,1.0,NA,NA,NA,NA,NA,NA,NA,NA,NA
2026-01-12 08:00:00,110.5,188.5,15.5,37.25,32.5,15.25,16.33,1.0,23.25,3.0,2.0,NA,2.0,2.0,0.0,NA,NA,NA,NA,NA,NA,NA,NA,NA
2026-01-12 09:00:00,148.0,215.0,16.75,62.25,47.0,15.75,19.0,1.0,24.25,2.75,2.0,NA,2.0,2.0,0.0,NA,NA,NA,NA,NA,NA,NA,NA,NA
2026-01-12 10:00:00,180.75,232.5,16.5,49.25,40.0,16.25,19.0,1.0,32.5,3.0,2.0,NA,2.0,2.0,0.0,NA,NA,NA,NA,NA,NA,NA,NA,NA
2026-01-12 11:00:00,186.75,252.75,15.25,39.75,34.25,17.0,19.5,1.0,48.75,3.0,2.0,NA,2.0,2.0,0.0,NA,NA,NA,NA,NA,NA,NA,NA,NA
2026-01-12 12:00:00,159.75,245.0,14.75,36.5,31.5,17.25,21.5,1.0,60.75,3.0,2.0,NA,2.0,2.0,0.0,NA,NA,NA,NA,NA,NA,NA,NA,NA
2026-01-12 13:00:00,149.0,221.25,17.0,51.0,41.25,16.5,24.5,0.25,61.25,2.0,2.0,NA,1.0,1.0,1.0,NA,NA,NA,NA,NA,NA,NA,NA,NA
2026-01-12 14:00:00,106.75,162.5,17.0,39.75,35.25,17.5,25.25,0.0,54.75,2.0,2.0,NA,1.0,1.0,1.0,NA,NA,NA,NA,NA,NA,NA,NA,NA
2026-01-12 15:00:00,76.5,122.5,15.75,23.25,25.0,17.0,22.75,0.0,50.5,2.0,2.0,NA,1.0,1.0,1.0,NA,NA,NA,NA,NA,NA,NA,NA,NA
2026-01-12 16:00:00,60.25,106.5,16.5,31.5,30.0,17.25,12.75,0.0,46.0,2.0,2.0,NA,1.0,1.0,1.0,NA,NA,NA,NA,NA,NA,NA,NA,NA
2026-01-12 17:00:00,62.0,116.75,15.75,39.75,34.0,16.0,7.75,0.75,31.0,2.0,2.0,NA,1.0,1.0,1.0,NA,NA,NA,NA,NA,NA,NA,NA,NA
2026-01-12 18:00:00,110.25,195.5,18.5,76.25,55.75,17.25,7.25,1.75,24.25,2.0,1.25,NA,4.0,2.5,3.0,NA,NA,NA,NA,NA,NA,NA,NA,NA
2026-01-12 19:00:00,205.25,333.75,28.0,156.0,105.75,19.5,8.25,4.0,35.25,2.0,1.0,NA,5.5,3.0,3.5,NA,NA,NA,NA,NA,NA,NA,NA,NA
2026-01-12 20:00:00,285.0,442.0,36.5,236.0,155.25,19.5,7.75,3.25,44.5,2.0,1.0,NA,5.5,3.0,3.5,NA,NA,NA,NA,NA,NA,NA,NA,NA
2026-01-12 21:00:00,309.25,445.5,33.25,206.25,137.0,19.75,7.0,3.0,46.5,0.5,1.0,NA,3.5,2.25,2.0,NA,NA,NA,NA,NA,NA,NA,NA,NA
2026-01-12 22:00:00,331.75,440.5,31.75,196.75,130.5,19.25,7.25,2.5,46.75,0.0,1.0,NA,3.0,2.0,1.0,NA,NA,NA,NA,NA,NA,NA,NA,NA
2026-01-12 23:00:00,294.33,399.33,36.67,231.33,153.0,19.0,7.0,2.0,41.33,0.0,1.0,NA,3.0,2.0,1.33,NA,NA,NA,NA,NA,NA,NA,NA,NA
2026-01-13 00:00:00,298.75,409.0,37.0,226.25,150.75,20.5,5.25,3.0,50.75,2.0,1.0,NA,1.0,1.25,1.0,NA,NA,NA,NA,NA,NA,NA,NA,NA
2026-01-13 01:00:00,353.5,456.75,33.75,195.0,131.25,20.25,4.0,2.25,48.5,2.0,1.0,NA,1.0,1.25,1.0,NA,NA,NA,NA,NA,NA,NA,NA,NA
2026-01-13 02:00:00,306.0,399.5,31.75,172.5,118.0,19.5,4.0,2.0,42.75,2.0,1.0,NA,1.0,1.0,1.0,NA,NA,NA,NA,NA,NA,NA,NA,NA
2026-01-13 03:00:00,289.0,404.25,35.0,199.75,135.0,19.25,5.0,2.0,41.25,2.0,1.0,NA,1.0,1.25,1.0,NA,NA,NA,NA,NA,NA,NA,NA,NA
2026-01-13 04:00:00,286.0,400.25,32.5,177.5,120.75,18.25,9.5,1.5,37.5,2.0,1.0,NA,1.0,1.0,1.0,NA,NA,NA,NA,NA,NA,NA,NA,NA
2026-01-13 05:00:00,215.75,308.5,27.0,133.25,92.75,19.0,11.25,1.0,32.75,2.0,1.0,NA,1.0,1.0,1.0,NA,NA,NA,NA,NA,NA,NA,NA,NA
2026-01-13 06:00:00,194.25,283.5,28.5,145.0,100.5,16.75,11.25,1.0,33.75,2.0,1.0,NA,1.0,1.25,1.0,NA,NA,NA,NA,NA,NA,NA,NA,NA
2026-01-13 07:00:00,209.0,324.5,28.75,151.0,103.5,15.25,11.75,1.25,37.5,2.0,1.0,NA,1.0,1.0,1.0,NA,NA,NA,NA,NA,NA,NA,NA,NA
2026-01-13 08:00:00,255.0,405.75,32.25,193.5,129.5,17.0,13.5,2.0,40.0,3.0,2.0,NA,2.0,2.0,0.0,NA,NA,NA,NA,NA,NA,NA,NA,NA
2026-01-13 09:00:00,381.0,538.0,29.75,200.5,131.0,20.0,14.0,2.0,44.75,3.0,2.0,NA,2.0,2.0,0.0,NA,NA,NA,NA,NA,NA,NA,NA,NA
2026-01-13 10:00:00,420.75,557.25,23.0,145.75,96.0,19.25,13.75,1.0,44.5,3.0,2.0,NA,2.0,2.0,0.0,NA,NA,NA,NA,NA,NA,NA,NA,NA
2026-01-13 11:00:00,387.25,511.5,17.25,76.75,54.75,18.0,14.0,0.75,46.25,2.75,2.0,NA,2.0,2.0,0.0,NA,NA,NA,NA,NA,NA,NA,NA,NA
2026-01-13 12:00:00,249.0,346.75,17.25,51.25,41.5,19.0,9.75,0.0,59.25,3.0,2.0,NA,2.0,2.0,0.0,NA,NA,NA,NA,NA,NA,NA,NA,NA
2026-01-13 13:00:00,124.25,189.25,17.0,35.5,32.75,18.75,7.25,0.0,59.25,2.0,2.0,NA,1.0,1.0,1.0,NA,NA,NA,NA,NA,NA,NA,NA,NA
2026-01-13 14:00:00,101.5,163.25,17.33,35.0,33.0,18.67,8.25,0.0,53.0,2.0,2.0,NA,1.0,1.0,1.0,NA,NA,NA,NA,NA,NA,NA,NA,NA
2026-01-13 15:00:00,99.5,155.0,NA,NA,NA,NA,8.5,0.0,47.25,2.0,2.0,NA,1.0,1.0,1.0,NA,NA,NA,NA,NA,NA,NA,NA,NA
2026-01-13 16:00:00,95.0,148.25,NA,NA,NA,NA,7.0,0.0,42.75,2.0,2.0,NA,1.0,1.0,1.0,NA,NA,NA,NA,NA,NA,NA,NA,NA
2026-01-13 17:00:00,91.5,151.0,13.0,19.0,21.0,24.0,6.5,0.5,32.0,2.0,2.0,NA,1.0,1.0,1.0,NA,NA,NA,NA,NA,NA,NA,NA,NA
2026-01-13 18:00:00,114.75,188.25,13.0,22.25,22.75,25.75,5.25,1.0,24.75,2.0,1.25,NA,4.25,2.5,2.75,NA,NA,NA,NA,NA,NA,NA,NA,NA
2026-01-13 19:00:00,180.5,260.5,14.25,29.75,27.75,28.5,5.0,1.0,28.75,2.0,1.0,NA,5.75,3.0,3.75,NA,NA,NA,NA,NA,NA,NA,NA,NA
2026-01-13 20:00:00,243.0,316.0,15.25,30.75,28.75,28.75,7.5,1.0,32.75,2.0,1.0,NA,5.75,3.0,3.5,NA,NA,NA,NA,NA,NA,NA,NA,NA
2026-01-13 21:00:00,286.75,356.0,15.5,30.75,29.0,28.25,8.75,1.0,35.5,0.5,1.0,NA,3.75,2.25,2.0,NA,NA,NA,NA,NA,NA,NA,NA,NA
2026-01-13 22:00:00,298.25,354.0,17.75,34.5,33.0,32.75,8.75,1.5,38.5,0.0,1.0,NA,3.0,2.0,1.0,NA,NA,NA,NA,NA,NA,NA,NA,NA
2026-01-13 23:00:00,341.67,401.67,21.0,54.67,46.33,35.0,9.0,2.33,42.67,0.0,1.0,NA,3.0,2.0,1.33,NA,NA,NA,NA,NA,NA,NA,NA,NA
2026-01-14 00:00:00,375.25,454.0,22.75,64.5,52.75,38.0,10.0,1.5,41.5,2.0,1.0,NA,1.0,1.25,1.0,NA,NA,NA,NA,NA,NA,NA,NA,NA
2026-01-14 01:00:00,302.0,370.25,18.0,40.5,36.25,30.75,10.0,1.0,33.75,2.0,1.0,NA,1.0,1.25,1.0,NA,NA,NA,NA,NA,NA,NA,NA,NA
2026-01-14 02:00:00,280.5,346.5,18.75,39.5,36.5,31.25,10.0,1.0,32.5,2.0,1.0,NA,1.0,1.25,1.0,NA,NA,NA,NA,NA,NA,NA,NA,NA
2026-01-14 03:00:00,286.0,366.0,19.25,37.25,35.5,30.75,10.25,1.0,31.25,2.0,1.0,NA,1.0,1.0,1.0,NA,NA,NA,NA,NA,NA,NA,NA,NA
2026-01-14 04:00:00,253.25,332.25,15.5,23.75,25.5,26.0,11.0,1.0,28.25,2.0,1.0,NA,1.0,1.25,1.0,NA,NA,NA,NA,NA,NA,NA,NA,NA
2026-01-14 05:00:00,234.75,313.25,15.0,21.75,23.5,24.25,11.0,1.0,29.0,2.0,1.0,NA,1.0,1.25,1.0,NA,NA,NA,NA,NA,NA,NA,NA,NA
2026-01-14 06:00:00,252.0,331.75,14.25,19.75,22.25,23.5,10.5,0.25,30.5,2.0,1.0,NA,1.0,1.25,1.0,NA,NA,NA,NA,NA,NA,NA,NA,NA
2026-01-14 07:00:00,251.5,332.5,14.25,22.75,23.75,22.5,11.0,1.0,34.75,2.0,1.0,NA,1.0,1.25,1.0,NA,NA,NA,NA,NA,NA,NA,NA,NA
2026-01-14 08:00:00,355.75,463.25,17.75,38.75,35.0,28.25,8.5,1.0,40.75,2.75,2.0,NA,2.0,2.0,0.0,NA,NA,NA,NA,NA,NA,NA,NA,NA
2026-01-14 09:00:00,331.0,429.0,15.5,38.0,33.0,29.0,7.0,1.0,33.75,3.0,2.0,NA,2.0,2.0,0.0,NA,NA,NA,NA,NA,NA,NA,NA,NA
2026-01-14 10:00:00,241.5,307.25,13.75,28.75,27.0,25.0,6.5,0.25,36.5,3.25,2.25,NA,2.0,2.25,0.0,NA,NA,NA,NA,NA,NA,NA,NA,NA
2026-01-14 11:00:00,247.25,303.25,14.25,19.75,22.25,23.0,7.25,0.25,53.25,5.0,6.0,NA,3.0,4.5,1.0,NA,NA,NA,NA,NA,NA,NA,NA,NA
2026-01-14 12:00:00,263.5,331.5,12.75,14.75,18.5,22.5,8.25,1.0,67.0,5.0,6.0,NA,3.0,4.75,1.25,NA,NA,NA,NA,NA,NA,NA,NA,NA
2026-01-14 13:00:00,254.75,322.75,13.5,13.25,18.0,23.0,9.0,1.0,71.75,3.0,3.0,NA,1.0,4.0,2.0,NA,NA,NA,NA,NA,NA,NA,NA,NA
2026-01-14 14:00:00,211.5,264.25,13.0,14.0,18.25,22.0,8.25,0.0,67.25,3.0,3.0,NA,1.0,4.0,2.0,NA,NA,NA,NA,NA,NA,NA,NA,NA
2026-01-14 15:00:00,190.25,244.25,13.25,13.5,18.0,22.75,9.25,0.0,65.75,3.0,3.0,NA,1.0,4.0,2.0,NA,NA,NA,NA,NA,NA,NA,NA,NA
2026-01-14 16:00:00,195.0,248.75,12.75,11.0,16.25,24.0,9.75,0.75,62.0,3.0,3.0,NA,1.0,4.0,2.0,NA,NA,NA,NA,NA,NA,NA,NA,NA
2026-01-14 17:00:00,182.0,234.75,13.0,12.75,17.75,22.25,10.0,1.0,43.25,3.0,3.0,NA,1.0,4.0,2.0,NA,NA,NA,NA,NA,NA,NA,NA,NA
2026-01-14 18:00:00,190.5,245.25,13.0,22.5,22.75,25.75,9.0,1.0,27.75,2.25,2.25,NA,4.75,2.5,4.0,NA,NA,NA,NA,NA,NA,NA,NA,NA
2026-01-14 19:00:00,242.75,311.0,14.0,24.25,24.25,27.25,9.25,1.5,31.25,2.0,2.0,NA,5.5,2.0,5.0,NA,NA,NA,NA,NA,NA,NA,NA,NA
2026-01-14 20:00:00,280.25,357.0,16.5,33.25,30.75,30.25,12.25,1.0,33.25,2.0,2.0,NA,6.0,2.25,4.5,NA,NA,NA,NA,NA,NA,NA,NA,NA
2026-01-14 21:00:00,268.25,345.0,19.0,41.0,37.75,33.75,14.0,1.5,35.25,1.25,1.25,NA,3.75,2.0,2.0,NA,NA,NA,NA,NA,NA,NA,NA,NA
2026-01-14 22:00:00,259.0,336.0,18.5,35.0,33.75,31.25,14.0,1.75,36.0,1.0,1.0,NA,3.0,2.0,1.0,NA,NA,NA,NA,NA,NA,NA,NA,NA
2026-01-14 23:00:00,254.67,337.0,21.0,44.0,40.33,37.33,14.33,2.0,36.0,1.0,1.0,NA,3.0,2.0,1.0,NA,NA,NA,NA,NA,NA,NA,NA,NA
2026-01-15 00:00:00,231.0,290.5,21.75,43.25,41.0,35.75,8.25,1.0,30.25,3.0,2.0,NA,2.0,2.0,2.0,NA,NA,NA,NA,NA,NA,NA,NA,NA
2026-01-15 01:00:00,206.75,255.5,19.5,32.0,33.25,30.0,5.0,1.0,28.5,3.0,2.0,NA,2.0,2.0,2.0,NA,NA,NA,NA,NA,NA,NA,NA,NA
2026-01-15 02:00:00,191.5,241.5,18.25,24.25,28.0,27.5,5.0,0.0,26.75,3.0,2.0,NA,2.0,2.0,2.0,NA,NA,NA,NA,NA,NA,NA,NA,NA
2026-01-15 03:00:00,184.25,234.5,17.75,17.0,23.25,25.75,5.0,0.0,27.0,3.0,2.0,NA,2.0,2.0,2.0,NA,NA,NA,NA,NA,NA,NA,NA,NA
2026-01-15 04:00:00,176.5,223.25,16.25,8.5,17.75,23.75,7.5,1.0,24.25,3.0,2.0,NA,2.0,2.0,2.0,NA,NA,NA,NA,NA,NA,NA,NA,NA
2026-01-15 05:00:00,158.5,181.75,15.5,11.25,18.75,22.75,8.25,1.0,22.0,3.0,2.0,NA,2.0,2.0,2.0,NA,NA,NA,NA,NA,NA,NA,NA,NA
2026-01-15 06:00:00,153.5,179.25,14.0,8.0,15.75,20.5,8.25,1.0,21.75,3.0,2.0,NA,2.0,2.0,2.0,NA,NA,NA,NA,NA,NA,NA,NA,NA
2026-01-15 07:00:00,164.75,199.5,14.0,13.75,18.75,21.25,9.0,1.0,23.0,3.0,2.0,NA,2.0,2.0,2.0,NA,NA,NA,NA,NA,NA,NA,NA,NA
2026-01-15 08:00:00,184.0,220.25,14.75,21.25,23.25,22.0,5.25,1.0,24.0,5.0,6.0,NA,3.0,4.75,1.25,NA,NA,NA,NA,NA,NA,NA,NA,NA
2026-01-15 09:00:00,210.0,245.0,13.75,19.5,21.5,23.0,4.0,1.0,24.5,5.0,6.0,NA,3.0,4.25,1.25,NA,NA,NA,NA,NA,NA,NA,NA,NA
2026-01-15 10:00:00,224.0,259.25,13.75,29.5,27.25,26.25,3.5,1.0,28.0,5.0,6.0,NA,3.0,4.25,1.25,NA,NA,NA,NA,NA,NA,NA,NA,NA
2026-01-15 11:00:00,170.5,280.0,13.75,30.75,28.0,24.75,3.25,1.0,35.75,5.0,6.0,NA,3.0,4.5,1.0,NA,NA,NA,NA,NA,NA,NA,NA,NA
2026-01-15 12:00:00,NA,NA,15.0,26.5,26.25,25.5,11.0,1.0,47.75,5.0,6.0,NA,3.0,4.25,1.0,NA,NA,NA,NA,NA,NA,NA,NA,NA
2026-01-15 13:00:00,86.5,109.5,13.25,16.0,19.5,23.75,15.0,0.75,56.0,3.0,3.0,NA,1.0,3.75,2.0,NA,NA,NA,NA,NA,NA,NA,NA,NA
2026-01-15 14:00:00,181.5,232.25,14.0,15.75,20.25,26.0,15.5,0.5,60.25,3.0,3.0,NA,1.0,4.0,2.0,NA,NA,NA,NA,NA,NA,NA,NA,NA
2026-01-15 15:00:00,224.25,309.25,14.0,14.0,19.0,26.5,15.25,0.0,58.25,3.0,3.0,NA,1.0,4.0,2.0,NA,NA,NA,NA,NA,NA,NA,NA,NA
2026-01-15 16:00:00,186.5,232.75,12.75,16.25,19.5,25.0,10.5,0.75,52.5,3.0,3.0,NA,1.0,4.0,2.0,NA,NA,NA,NA,NA,NA,NA,NA,NA
2026-01-15 17:00:00,176.75,214.25,16.0,25.75,26.75,30.5,8.5,1.0,43.0,3.0,3.0,NA,1.0,4.0,2.0,NA,NA,NA,NA,NA,NA,NA,NA,NA
2026-01-15 18:00:00,200.0,234.0,14.25,24.0,24.5,29.5,8.75,1.25,29.25,2.25,2.25,NA,4.25,2.5,3.5,NA,NA,NA,NA,NA,NA,NA,NA,NA
2026-01-15 19:00:00,240.0,277.0,14.5,26.5,26.0,30.0,8.75,2.0,31.5,2.0,2.0,NA,5.75,2.0,5.0,NA,NA,NA,NA,NA,NA,NA,NA,NA
2026-01-15 20:00:00,256.0,291.75,14.75,31.75,29.25,31.0,4.75,1.0,33.75,2.0,2.0,NA,5.75,2.0,4.75,NA,NA,NA,NA,NA,NA,NA,NA,NA
2026-01-15 21:00:00,261.5,293.0,15.5,34.25,31.0,32.5,3.25,1.0,36.5,1.25,1.25,NA,3.75,2.0,2.0,NA,NA,NA,NA,NA,NA,NA,NA,NA
2026-01-15 22:00:00,312.5,349.75,17.75,44.0,37.5,34.0,4.0,2.0,43.25,1.0,1.0,NA,3.0,2.0,1.0,NA,NA,NA,NA,NA,NA,NA,NA,NA
2026-01-15 23:00:00,324.33,364.0,16.0,37.0,33.0,32.0,3.67,1.33,38.0,1.0,1.0,NA,3.0,2.0,1.0,NA,NA,NA,NA,NA,NA,NA,NA,NA
2026-01-16 00:00:00,236.0,266.75,18.75,38.5,35.75,33.75,7.75,1.0,32.75,3.0,2.0,NA,2.0,2.0,2.0,NA,NA,NA,NA,NA,NA,NA,NA,NA
2026-01-16 01:00:00,231.5,266.0,17.5,30.75,31.0,31.0,10.0,1.0,31.75,3.0,2.0,NA,2.0,2.0,2.0,NA,NA,NA,NA,NA,NA,NA,NA,NA
2026-01-16 02:00:00,225.0,263.75,21.75,47.5,43.25,36.0,10.25,1.0,31.75,3.0,2.0,NA,2.0,2.0,2.0,NA,NA,NA,NA,NA,NA,NA,NA,NA
2026-01-16 03:00:00,244.5,288.0,23.75,58.5,50.75,39.0,10.25,1.0,32.0,3.0,2.0,NA,2.0,2.0,2.0,NA,NA,NA,NA,NA,NA,NA,NA,NA
2026-01-16 04:00:00,217.0,254.5,19.5,39.75,37.25,33.5,11.75,0.75,29.5,3.0,2.0,NA,2.0,2.0,2.0,NA,NA,NA,NA,NA,NA,NA,NA,NA
2026-01-16 05:00:00,168.25,203.5,17.5,27.25,28.75,31.25,12.25,0.0,27.5,3.0,2.0,NA,2.0,2.0,2.0,NA,NA,NA,NA,NA,NA,NA,NA,NA
2026-01-16 06:00:00,165.0,207.25,15.0,18.75,22.75,27.5,13.0,0.0,27.75,3.0,2.0,NA,2.0,2.0,2.0,NA,NA,NA,NA,NA,NA,NA,NA,NA
2026-01-16 07:00:00,185.0,227.5,15.0,19.0,22.5,27.25,12.25,0.0,30.5,3.0,2.0,NA,2.0,2.0,2.0,NA,NA,NA,NA,NA,NA,NA,NA,NA
2026-01-16 08:00:00,189.5,232.0,15.0,17.75,21.5,26.5,9.0,1.0,30.5,5.0,6.0,NA,3.0,4.5,1.0,NA,NA,NA,NA,NA,NA,NA,NA,NA
2026-01-16 09:00:00,230.75,274.75,15.75,27.75,27.75,31.75,8.0,1.0,31.0,5.0,6.0,NA,3.0,4.0,1.0,NA,NA,NA,NA,NA,NA,NA,NA,NA
2026-01-16 10:00:00,302.25,346.5,15.0,34.25,30.5,32.25,8.0,1.0,33.5,5.0,6.0,NA,3.0,4.25,1.0,NA,NA,NA,NA,NA,NA,NA,NA,NA
2026-01-16 11:00:00,266.5,306.5,13.25,15.25,19.0,23.0,8.5,0.25,44.0,5.0,6.0,NA,3.0,4.0,1.0,NA,NA,NA,NA,NA,NA,NA,NA,NA
2026-01-16 12:00:00,237.25,279.25,15.0,27.75,27.0,29.0,9.25,1.0,57.0,5.0,6.0,NA,3.0,4.25,1.25,NA,NA,NA,NA,NA,NA,NA,NA,NA
2026-01-16 13:00:00,269.75,321.33,15.0,29.0,28.25,31.75,9.0,1.0,58.25,3.0,3.0,NA,1.0,4.0,2.0,NA,NA,NA,NA,NA,NA,NA,NA,NA
2026-01-16 14:00:00,217.75,261.75,15.25,21.5,23.75,30.25,9.25,0.0,62.75,3.0,3.0,NA,1.0,4.0,2.0,NA,NA,NA,NA,NA,NA,NA,NA,NA
2026-01-16 15:00:00,182.0,224.5,16.0,21.75,25.0,32.0,9.5,0.0,65.25,3.0,3.0,NA,1.0,4.0,2.0,NA,NA,NA,NA,NA,NA,NA,NA,NA
2026-01-16 16:00:00,187.25,233.25,14.25,16.75,20.75,29.75,12.0,0.25,56.5,3.0,3.0,NA,1.0,4.0,2.0,NA,NA,NA,NA,NA,NA,NA,NA,NA
2026-01-16 17:00:00,158.5,201.0,15.25,19.0,22.5,30.0,12.0,0.5,27.5,3.0,3.0,NA,1.0,4.0,2.0,NA,NA,NA,NA,NA,NA,NA,NA,NA
2026-01-16 18:00:00,119.5,166.75,24.5,71.0,57.75,45.0,13.0,2.25,21.5,2.25,2.25,NA,4.75,2.5,4.25,NA,NA,NA,NA,NA,NA,NA,NA,NA
2026-01-16 19:00:00,195.75,259.0,30.25,104.75,80.5,52.25,14.0,4.25,32.25,2.0,2.0,NA,5.75,2.0,4.75,NA,NA,NA,NA,NA,NA,NA,NA,NA
2026-01-16 20:00:00,297.25,370.25,34.75,127.75,96.25,60.0,12.5,2.25,45.75,2.0,2.0,NA,6.0,2.0,4.75,NA,NA,NA,NA,NA,NA,NA,NA,NA
2026-01-16 21:00:00,373.5,445.25,38.0,146.75,109.25,64.0,13.25,3.25,50.25,1.25,1.25,NA,3.75,2.0,1.75,NA,NA,NA,NA,NA,NA,NA,NA,NA
2026-01-16 22:00:00,400.0,472.25,43.25,169.5,125.75,73.75,13.5,4.0,58.25,1.0,1.0,NA,3.0,2.0,1.0,NA,NA,NA,NA,NA,NA,NA,NA,NA
2026-01-16 23:00:00,470.33,541.67,39.67,150.67,112.67,68.0,13.33,3.33,63.67,1.0,1.0,NA,3.0,2.0,1.0,NA,NA,NA,NA,NA,NA,NA,NA,NA
2026-01-17 00:00:00,469.75,552.75,38.0,135.0,103.0,65.75,9.0,0.5,57.0,3.0,2.0,NA,2.0,2.0,2.0,NA,NA,NA,NA,NA,NA,NA,NA,NA
2026-01-17 01:00:00,415.75,494.0,32.5,103.0,81.5,56.0,NA,0.0,51.25,3.0,2.0,NA,2.0,2.0,2.0,NA,NA,NA,NA,NA,NA,NA,NA,NA
2026-01-17 02:00:00,371.25,443.75,29.0,82.5,67.75,50.5,NA,0.0,45.75,3.0,2.0,NA,2.0,2.0,2.0,NA,NA,NA,NA,NA,NA,NA,NA,NA
2026-01-17 03:00:00,314.0,385.0,27.75,73.0,61.75,48.25,NA,0.0,41.75,3.0,2.0,NA,2.0,2.0,2.0,NA,NA,NA,NA,NA,NA,NA,NA,NA
2026-01-17 04:00:00,288.0,355.25,26.25,65.5,56.5,44.75,8.67,0.0,39.75,3.0,2.0,NA,2.0,2.0,2.0,NA,NA,NA,NA,NA,NA,NA,NA,NA
2026-01-17 05:00:00,263.5,329.75,27.5,69.25,59.5,44.5,10.0,0.0,38.0,3.0,2.0,NA,2.0,2.0,2.0,NA,NA,NA,NA,NA,NA,NA,NA,NA
2026-01-17 06:00:00,294.25,372.25,33.0,99.0,79.75,51.75,10.75,0.75,43.25,3.0,2.0,NA,2.0,2.0,2.0,NA,NA,NA,NA,NA,NA,NA,NA,NA
2026-01-17 07:00:00,241.75,294.0,23.75,57.75,50.0,39.25,10.0,0.0,35.0,3.0,2.0,NA,2.0,2.0,2.0,NA,NA,NA,NA,NA,NA,NA,NA,NA
2026-01-17 08:00:00,158.25,190.0,20.25,41.0,38.5,35.0,15.5,0.0,29.25,5.0,6.0,NA,3.0,4.5,1.0,NA,NA,NA,NA,NA,NA,NA,NA,NA
2026-01-17 09:00:00,157.0,191.5,18.75,33.75,33.75,34.25,19.0,0.0,29.5,5.0,6.0,NA,3.0,4.25,1.25,NA,NA,NA,NA,NA,NA,NA,NA,NA
2026-01-17 10:00:00,190.5,229.5,19.25,39.25,36.5,37.25,20.25,0.0,33.25,5.0,6.0,NA,3.0,4.5,1.25,NA,NA,NA,NA,NA,NA,NA,NA,NA
2026-01-17 11:00:00,309.0,377.5,17.25,48.25,40.0,40.5,20.5,0.0,38.0,5.0,6.0,NA,3.0,4.0,1.25,NA,NA,NA,NA,NA,NA,NA,NA,NA
2026-01-17 12:00:00,310.0,350.25,15.5,25.75,26.5,32.25,14.25,0.0,32.25,5.0,6.0,NA,3.0,4.25,1.25,NA,NA,NA,NA,NA,NA,NA,NA,NA
2026-01-17 13:00:00,247.25,279.0,16.0,23.25,25.75,32.5,11.75,0.0,31.0,3.0,3.0,NA,1.0,4.0,2.0,NA,NA,NA,NA,NA,NA,NA,NA,NA
2026-01-17 14:00:00,223.75,256.5,15.75,21.75,24.5,33.5,12.5,0.0,42.0,3.0,3.0,NA,1.0,4.0,2.0,NA,NA,NA,NA,NA,NA,NA,NA,NA
2026-01-17 15:00:00,240.5,283.5,15.25,23.75,25.5,35.5,11.75,0.0,46.25,3.0,3.0,NA,1.0,4.0,2.0,NA,NA,NA,NA,NA,NA,NA,NA,NA
2026-01-17 16:00:00,301.25,369.25,15.5,29.75,28.5,40.0,10.75,1.0,46.5,3.0,3.0,NA,1.0,4.0,2.0,NA,NA,NA,NA,NA,NA,NA,NA,NA
2026-01-17 17:00:00,392.0,487.75,18.25,39.25,35.75,46.25,10.0,1.75,40.75,3.0,3.0,NA,1.0,4.0,2.0,NA,NA,NA,NA,NA,NA,NA,NA,NA
2026-01-17 18:00:00,364.0,457.75,19.25,33.25,33.5,36.0,10.0,2.5,41.5,2.25,2.25,NA,4.5,2.5,4.0,NA,NA,NA,NA,NA,NA,NA,NA,NA
2026-01-17 19:00:00,370.5,460.25,24.5,54.0,48.5,38.5,10.75,4.0,46.5,2.0,2.0,NA,5.5,2.0,4.5,NA,NA,NA,NA,NA,NA,NA,NA,NA
2026-01-17 20:00:00,438.0,522.75,29.25,74.5,63.5,42.75,7.75,2.0,60.25,2.0,2.0,NA,5.5,2.25,4.5,NA,NA,NA,NA,NA,NA,NA,NA,NA
2026-01-17 21:00:00,518.75,600.5,31.75,91.25,74.25,45.5,6.0,2.0,68.75,1.25,1.25,NA,3.75,2.0,2.0,NA,NA,NA,NA,NA,NA,NA,NA,NA
2026-01-17 22:00:00,536.25,622.25,34.5,94.0,78.25,46.0,6.5,2.75,72.25,1.0,1.0,NA,3.0,2.0,1.0,NA,NA,NA,NA,NA,NA,NA,NA,NA
2026-01-17 23:00:00,524.67,616.33,39.33,114.67,93.67,50.67,7.0,3.33,68.0,1.0,1.0,NA,3.0,2.0,1.0,NA,NA,NA,NA,NA,NA,NA,NA,NA
2026-01-18 00:00:00,431.5,511.25,34.25,91.75,76.5,38.5,9.25,0.0,60.5,3.0,2.0,NA,2.0,2.0,2.0,NA,NA,NA,NA,NA,NA,NA,NA,NA
2026-01-18 01:00:00,441.5,520.0,34.0,72.75,66.75,38.0,11.0,0.0,62.75,3.0,2.0,NA,2.0,2.0,2.0,NA,NA,NA,NA,NA,NA,NA,NA,NA
2026-01-18 02:00:00,441.5,516.25,38.0,92.5,80.0,42.25,11.25,0.0,62.25,3.0,2.0,NA,2.0,2.0,2.0,NA,NA,NA,NA,NA,NA,NA,NA,NA
2026-01-18 03:00:00,451.25,522.25,40.25,96.25,84.0,44.5,11.75,0.0,60.5,3.0,2.0,NA,2.0,2.0,2.0,NA,NA,NA,NA,NA,NA,NA,NA,NA
2026-01-18 04:00:00,422.0,496.5,40.0,89.75,80.25,45.25,10.25,0.0,57.25,3.0,2.0,NA,2.0,2.0,2.0,NA,NA,NA,NA,NA,NA,NA,NA,NA
2026-01-18 05:00:00,389.75,462.75,37.0,86.25,76.0,37.75,9.25,0.0,53.5,3.0,2.0,NA,2.0,2.0,2.0,NA,NA,NA,NA,NA,NA,NA,NA,NA
2026-01-18 06:00:00,347.0,412.75,31.5,66.5,61.25,30.5,8.75,0.0,52.75,3.0,2.0,NA,2.0,2.0,2.0,NA,NA,NA,NA,NA,NA,NA,NA,NA
2026-01-18 07:00:00,370.0,441.0,29.5,65.5,58.75,29.0,9.0,0.0,63.5,3.0,2.0,NA,2.0,2.0,2.0,NA,NA,NA,NA,NA,NA,NA,NA,NA
2026-01-18 08:00:00,366.75,443.75,27.75,64.5,57.0,27.5,11.75,0.0,56.75,5.0,6.0,NA,3.0,4.25,1.0,NA,NA,NA,NA,NA,NA,NA,NA,NA
2026-01-18 09:00:00,348.75,423.25,25.5,45.0,44.75,23.5,14.0,0.0,52.5,5.0,6.0,NA,3.0,4.5,1.25,NA,NA,NA,NA,NA,NA,NA,NA,NA
2026-01-18 10:00:00,348.5,395.5,23.0,21.25,30.5,19.0,13.25,0.0,40.75,5.0,6.0,NA,3.0,4.0,1.5,NA,NA,NA,NA,NA,NA,NA,NA,NA
2026-01-18 11:00:00,273.5,307.5,18.5,8.75,20.0,12.75,13.0,0.0,33.5,5.0,6.0,NA,3.0,4.75,1.0,NA,NA,NA,NA,NA,NA,NA,NA,NA
2026-01-18 12:00:00,289.5,331.5,17.25,4.75,16.0,10.75,15.25,0.25,33.5,5.0,6.0,NA,3.0,4.5,1.0,NA,NA,NA,NA,NA,NA,NA,NA,NA
2026-01-18 13:00:00,271.5,317.75,15.25,1.33,10.5,7.25,16.25,0.0,31.25,3.0,3.0,NA,1.0,4.0,2.0,NA,NA,NA,NA,NA,NA,NA,NA,NA
2026-01-18 14:00:00,257.5,302.75,17.25,7.25,17.75,11.0,16.5,0.0,31.25,3.0,3.0,NA,1.0,4.0,2.0,NA,NA,NA,NA,NA,NA,NA,NA,NA
2026-01-18 15:00:00,210.0,252.25,16.25,3.5,15.25,9.25,16.25,0.0,28.5,3.0,3.0,NA,1.0,3.75,2.0,NA,NA,NA,NA,NA,NA,NA,NA,NA
2026-01-18 16:00:00,176.0,217.25,16.75,5.0,14.5,12.0,10.5,0.0,26.0,3.0,3.0,NA,1.0,4.0,2.0,NA,NA,NA,NA,NA,NA,NA,NA,NA
2026-01-18 17:00:00,166.75,212.25,18.75,7.25,18.75,13.5,NA,0.0,24.25,3.0,3.0,NA,1.0,4.0,2.0,NA,NA,NA,NA,NA,NA,NA,NA,NA
2026-01-18 18:00:00,185.5,240.5,17.5,2.25,15.25,11.5,NA,0.5,27.5,2.25,2.25,NA,4.75,2.5,4.0,NA,NA,NA,NA,NA,NA,NA,NA,NA
2026-01-18 19:00:00,233.0,289.5,21.25,14.5,25.25,16.75,NA,1.5,36.5,2.0,2.0,NA,5.75,2.0,5.0,NA,NA,NA,NA,NA,NA,NA,NA,NA
2026-01-18 20:00:00,302.25,361.0,23.25,28.25,34.25,19.5,8.0,1.0,44.25,2.0,2.0,NA,5.25,2.0,5.0,NA,NA,NA,NA,NA,NA,NA,NA,NA
2026-01-18 21:00:00,322.33,386.0,24.75,34.75,38.75,21.5,9.33,1.75,48.67,1.33,1.33,NA,4.0,2.0,2.33,NA,NA,NA,NA,NA,NA,NA,NA,NA
2026-01-18 22:00:00,345.75,414.75,25.75,37.5,40.75,23.75,9.25,1.75,52.0,1.0,1.0,NA,3.0,2.0,1.0,NA,NA,NA,NA,NA,NA,NA,NA,NA
2026-01-18 23:00:00,363.67,437.0,29.33,48.33,49.67,25.33,10.0,2.0,56.0,1.0,1.0,NA,3.0,2.0,1.0,NA,NA,NA,NA,NA,NA,NA,NA,NA
2026-01-19 00:00:00,390.5,466.0,32.5,48.5,52.25,29.0,14.5,1.0,57.5,3.0,2.0,NA,2.0,2.0,2.0,NA,NA,NA,NA,NA,NA,NA,NA,NA
2026-01-19 01:00:00,391.0,467.25,33.0,49.0,52.75,26.75,18.0,0.75,56.5,3.0,2.0,NA,2.0,2.0,2.0,NA,NA,NA,NA,NA,NA,NA,NA,NA
2026-01-19 02:00:00,381.0,456.75,32.0,46.75,51.0,26.0,17.75,0.0,54.0,3.0,2.0,NA,2.0,2.0,2.0,NA,NA,NA,NA,NA,NA,NA,NA,NA
2026-01-19 03:00:00,355.25,431.0,31.0,47.75,51.0,24.25,17.25,0.0,51.75,3.0,2.0,NA,2.0,2.0,2.0,NA,NA,NA,NA,NA,NA,NA,NA,NA
2026-01-19 04:00:00,345.0,412.75,27.25,31.5,39.0,17.75,6.0,0.0,53.25,3.0,2.0,NA,2.0,2.0,2.0,NA,NA,NA,NA,NA,NA,NA,NA,NA
2026-01-19 05:00:00,325.75,394.5,27.5,31.75,39.5,19.0,0.0,0.0,48.0,3.0,2.0,NA,2.0,2.0,2.0,NA,NA,NA,NA,NA,NA,NA,NA,NA
2026-01-19 06:00:00,298.25,375.75,31.0,49.75,51.75,26.5,0.0,0.0,45.75,3.0,2.0,NA,2.0,2.0,2.0,NA,NA,NA,NA,NA,NA,NA,NA,NA
2026-01-19 07:00:00,299.5,376.0,32.25,63.75,60.25,28.0,0.0,0.0,50.75,3.0,2.0,NA,2.0,2.0,2.0,NA,NA,NA,NA,NA,NA,NA,NA,NA
2026-01-19 08:00:00,317.75,404.0,32.5,67.75,62.5,29.0,13.33,0.0,51.0,5.0,6.0,NA,3.0,4.0,1.25,NA,NA,NA,NA,NA,NA,NA,NA,NA
2026-01-19 09:00:00,412.25,487.0,28.5,40.0,44.5,21.5,15.0,0.0,50.5,5.0,6.0,NA,3.0,4.75,1.0,NA,NA,NA,NA,NA,NA,NA,NA,NA
2026-01-19 10:00:00,419.5,474.25,24.0,7.75,23.5,14.5,14.25,0.0,42.5,5.0,6.0,NA,3.0,4.25,1.0,NA,NA,NA,NA,NA,NA,NA,NA,NA
2026-01-19 11:00:00,348.5,392.75,22.0,3.0,19.25,11.0,15.5,0.0,37.25,5.0,6.0,NA,3.0,4.5,1.0,NA,NA,NA,NA,NA,NA,NA,NA,NA
2026-01-19 12:00:00,277.25,311.0,22.0,6.25,21.25,10.75,15.0,0.0,30.25,5.0,6.0,NA,3.0,4.0,1.25,NA,NA,NA,NA,NA,NA,NA,NA,NA
2026-01-19 13:00:00,204.5,234.5,20.75,0.75,16.5,8.75,15.0,0.0,33.0,3.0,3.0,NA,1.0,4.0,2.0,NA,NA,NA,NA,NA,NA,NA,NA,NA
2026-01-19 14:00:00,165.5,206.0,21.25,4.0,16.75,9.75,15.75,0.0,46.0,3.0,3.0,NA,1.0,4.0,2.0,NA,NA,NA,NA,NA,NA,NA,NA,NA
2026-01-19 15:00:00,215.0,265.0,25.0,37.5,32.67,8.33,15.0,0.67,44.67,3.0,3.0,NA,1.0,4.0,2.0,NA,NA,NA,NA,NA,NA,NA,NA,NA
2026-01-19 16:00:00,164.5,205.0,27.25,35.0,40.75,8.25,15.25,1.0,35.5,3.0,3.0,NA,1.0,4.0,2.0,NA,NA,NA,NA,NA,NA,NA,NA,NA
2026-01-19 17:00:00,142.5,175.5,27.5,38.0,42.75,8.25,13.5,1.0,28.75,3.0,3.0,NA,1.0,4.0,2.0,NA,NA,NA,NA,NA,NA,NA,NA,NA
2026-01-19 18:00:00,178.0,222.75,27.5,33.0,40.0,9.25,13.0,1.0,26.25,2.25,2.25,NA,4.5,2.75,4.25,NA,NA,NA,NA,NA,NA,NA,NA,NA
2026-01-19 19:00:00,197.5,242.0,29.0,41.5,46.0,9.0,12.25,1.0,28.5,2.0,2.0,NA,5.5,2.0,4.75,NA,NA,NA,NA,NA,NA,NA,NA,NA
2026-01-19 20:00:00,275.75,328.25,29.75,34.0,42.25,10.5,7.0,3.0,39.5,2.0,2.0,NA,5.75,2.0,4.75,NA,NA,NA,NA,NA,NA,NA,NA,NA
2026-01-19 21:00:00,316.0,378.25,33.0,57.25,57.5,12.5,4.0,3.0,39.75,1.25,1.25,NA,3.75,2.0,2.0,NA,NA,NA,NA,NA,NA,NA,NA,NA
2026-01-19 22:00:00,313.0,375.5,33.0,64.5,61.5,14.25,4.25,3.0,43.25,1.0,1.0,NA,3.0,2.0,1.0,NA,NA,NA,NA,NA,NA,NA,NA,NA
2026-01-19 23:00:00,330.0,385.0,34.0,70.67,65.33,13.67,4.33,3.0,45.0,1.0,1.0,NA,3.0,2.0,1.0,NA,NA,NA,NA,NA,NA,NA,NA,NA
2026-01-20 00:00:00,330.5,387.0,33.75,65.75,62.5,15.0,12.5,4.0,47.0,3.0,2.0,NA,2.0,2.0,2.0,NA,NA,NA,NA,NA,NA,NA,NA,NA
2026-01-20 01:00:00,332.0,391.5,34.25,68.0,64.5,15.75,17.0,4.0,45.25,3.0,2.0,NA,2.0,2.0,2.0,NA,NA,NA,NA,NA,NA,NA,NA,NA
2026-01-20 02:00:00,308.0,366.25,34.75,73.5,67.5,15.5,17.0,4.0,41.0,3.0,2.0,NA,2.0,2.0,2.0,NA,NA,NA,NA,NA,NA,NA,NA,NA
2026-01-20 03:00:00,305.5,361.0,34.25,66.5,63.25,14.25,16.5,3.0,41.25,3.0,2.0,NA,2.0,2.0,2.0,NA,NA,NA,NA,NA,NA,NA,NA,NA
2026-01-20 04:00:00,307.0,372.25,32.25,55.0,55.5,12.0,9.75,3.0,38.5,3.0,2.0,NA,2.0,2.0,2.0,NA,NA,NA,NA,NA,NA,NA,NA,NA
2026-01-20 05:00:00,288.5,356.25,32.5,61.5,59.0,13.25,5.5,3.0,35.75,3.0,2.0,NA,2.0,2.0,2.0,NA,NA,NA,NA,NA,NA,NA,NA,NA
2026-01-20 06:00:00,266.5,331.0,29.5,51.75,51.75,11.25,5.0,3.0,34.5,3.0,2.0,NA,2.0,2.0,2.0,NA,NA,NA,NA,NA,NA,NA,NA,NA
2026-01-20 07:00:00,252.25,321.5,30.5,57.25,55.5,12.75,5.25,3.0,35.25,3.0,2.0,NA,2.0,2.0,2.0,NA,NA,NA,NA,NA,NA,NA,NA,NA
2026-01-20 08:00:00,288.0,368.75,30.25,59.0,56.5,12.5,7.5,4.75,35.0,5.0,6.0,NA,3.0,4.75,1.0,NA,NA,NA,NA,NA,NA,NA,NA,NA
2026-01-20 09:00:00,394.75,448.5,29.75,42.75,47.0,11.75,9.25,5.0,35.75,5.0,6.0,NA,3.0,4.5,1.5,NA,NA,NA,NA,NA,NA,NA,NA,NA
2026-01-20 10:00:00,370.5,425.25,29.25,39.75,45.0,10.25,10.5,4.75,34.75,5.0,6.0,NA,3.0,4.5,1.0,NA,NA,NA,NA,NA,NA,NA,NA,NA
2026-01-20 11:00:00,300.25,353.0,31.25,43.5,48.75,11.75,11.75,NA,34.0,5.0,6.0,NA,3.0,4.5,1.5,NA,NA,NA,NA,NA,NA,NA,NA,NA
2026-01-20 12:00:00,129.5,182.0,30.75,38.0,45.25,9.0,12.0,0.0,NA,5.0,6.0,NA,3.0,4.25,1.25,NA,NA,NA,NA,NA,NA,NA,NA,NA
2026-01-20 13:00:00,112.5,154.5,29.5,28.25,39.0,7.25,NA,0.0,51.5,3.0,3.0,NA,1.0,4.0,2.0,NA,NA,NA,NA,NA,NA,NA,NA,NA
2026-01-20 14:00:00,165.0,204.25,30.75,35.0,44.0,10.0,NA,0.0,48.75,NA,NA,NA,NA,NA,NA,NA,NA,NA,NA,NA,NA,NA,NA,NA
2026-01-20 15:00:00,136.25,169.0,NA,NA,NA,NA,10.67,0.0,42.25,3.0,3.0,NA,1.0,4.0,2.0,NA,NA,NA,NA,NA,NA,NA,NA,NA
2026-01-20 16:00:00,106.5,137.0,26.75,30.0,37.75,7.5,11.0,0.0,21.25,3.0,3.0,NA,1.0,4.0,2.0,NA,NA,NA,NA,NA,NA,NA,NA,NA
2026-01-20 17:00:00,119.25,147.25,24.25,29.5,35.5,5.0,9.5,0.75,12.0,3.0,3.0,NA,1.0,4.0,2.0,NA,NA,NA,NA,NA,NA,NA,NA,NA
2026-01-20 18:00:00,175.25,209.75,24.75,32.5,38.0,6.75,9.0,1.5,4.25,2.25,2.25,NA,4.25,2.5,4.25,NA,NA,NA,NA,NA,NA,NA,NA,NA
2026-01-20 19:00:00,221.0,281.75,27.5,45.75,47.0,8.25,9.0,2.25,4.25,2.0,2.0,NA,5.75,2.0,5.0,NA,NA,NA,NA,NA,NA,NA,NA,NA
2026-01-20 20:00:00,302.0,362.0,28.75,48.75,50.0,10.75,13.0,2.5,5.0,2.0,2.0,NA,5.75,2.0,4.25,NA,NA,NA,NA,NA,NA,NA,NA,NA
2026-01-20 21:00:00,310.25,384.5,30.0,56.25,54.25,11.5,15.5,3.0,4.25,1.25,1.25,NA,3.5,2.0,2.0,NA,NA,NA,NA,NA,NA,NA,NA,NA
2026-01-20 22:00:00,297.5,371.25,28.5,54.75,52.5,9.5,15.75,2.5,4.0,1.0,1.0,NA,3.0,2.0,1.0,NA,NA,NA,NA,NA,NA,NA,NA,NA
2026-01-20 23:00:00,270.67,337.67,28.67,55.67,53.33,10.67,15.67,2.0,4.0,1.0,1.0,NA,3.0,2.0,1.0,NA,NA,NA,NA,NA,NA,NA,NA,NA
2026-01-21 00:00:00,244.5,309.25,29.25,55.75,53.5,11.5,10.5,1.75,3.0,3.0,2.0,NA,2.0,2.0,2.0,NA,NA,NA,NA,NA,NA,NA,NA,NA
2026-01-21 01:00:00,226.0,294.5,33.5,86.25,73.25,14.75,NA,2.5,3.0,3.0,2.0,NA,2.0,2.0,2.0,NA,NA,NA,NA,NA,NA,NA,NA,NA
2026-01-21 02:00:00,205.5,274.5,33.25,89.75,75.0,14.75,NA,2.0,2.75,3.0,2.0,NA,2.0,2.0,2.0,NA,NA,NA,NA,NA,NA,NA,NA,NA
2026-01-21 03:00:00,179.0,229.75,31.0,74.25,65.0,13.0,NA,1.0,3.0,3.0,2.0,NA,2.0,2.0,2.0,NA,NA,NA,NA,NA,NA,NA,NA,NA
2026-01-21 04:00:00,167.75,215.0,28.5,65.0,58.25,10.5,6.0,1.0,2.5,3.0,2.0,NA,2.0,2.0,2.0,NA,NA,NA,NA,NA,NA,NA,NA,NA
2026-01-21 05:00:00,162.75,213.75,28.75,61.5,56.0,12.0,7.0,1.5,2.25,3.0,2.0,NA,2.0,2.0,2.0,NA,NA,NA,NA,NA,NA,NA,NA,NA
2026-01-21 06:00:00,166.0,225.25,29.0,66.5,59.25,11.0,6.75,1.25,2.25,3.0,2.0,NA,2.0,2.0,2.0,NA,NA,NA,NA,NA,NA,NA,NA,NA
2026-01-21 07:00:00,167.0,222.5,29.0,70.5,61.25,12.5,6.5,1.5,3.0,3.0,2.0,NA,2.0,2.0,2.0,NA,NA,NA,NA,NA,NA,NA,NA,NA
2026-01-21 08:00:00,167.0,220.0,26.75,63.25,56.0,11.0,3.25,1.0,3.0,5.0,6.0,NA,3.0,4.75,1.25,NA,NA,NA,NA,NA,NA,NA,NA,NA
2026-01-21 09:00:00,217.75,274.0,26.25,52.25,49.25,10.75,2.0,1.0,3.25,5.0,6.0,NA,3.0,4.25,1.25,NA,NA,NA,NA,NA,NA,NA,NA,NA
2026-01-21 10:00:00,248.25,313.0,26.75,51.5,49.25,10.0,2.5,0.75,3.75,5.0,6.0,NA,3.0,4.25,1.0,NA,NA,NA,NA,NA,NA,NA,NA,NA
2026-01-21 11:00:00,187.75,245.25,25.75,42.25,43.5,7.0,3.75,0.0,6.75,5.0,6.0,NA,3.0,5.0,1.0,NA,NA,NA,NA,NA,NA,NA,NA,NA
2026-01-21 12:00:00,169.25,217.5,24.5,33.0,37.5,5.0,10.75,0.0,19.25,5.0,6.0,NA,3.0,4.5,1.0,NA,NA,NA,NA,NA,NA,NA,NA,NA
2026-01-21 13:00:00,129.5,163.25,25.0,37.5,40.75,7.0,14.75,0.0,24.0,3.0,3.0,NA,1.0,4.0,2.0,NA,NA,NA,NA,NA,NA,NA,NA,NA
2026-01-21 14:00:00,102.75,130.25,27.5,48.75,48.5,8.25,16.0,0.0,28.25,3.0,3.0,NA,1.0,4.0,2.0,NA,NA,NA,NA,NA,NA,NA,NA,NA
2026-01-21 15:00:00,174.0,200.5,24.5,32.25,37.5,5.25,15.0,0.0,32.5,3.0,3.0,NA,1.0,4.0,2.0,NA,NA,NA,NA,NA,NA,NA,NA,NA
2026-01-21 16:00:00,122.5,153.5,23.5,27.5,33.75,5.5,11.5,0.0,30.0,3.0,3.0,NA,1.0,4.0,2.0,NA,NA,NA,NA,NA,NA,NA,NA,NA
2026-01-21 17:00:00,118.5,150.5,25.75,37.5,41.0,6.0,8.5,0.5,17.25,3.0,3.0,NA,1.0,4.0,2.0,NA,NA,NA,NA,NA,NA,NA,NA,NA
2026-01-21 18:00:00,114.5,161.0,28.0,42.25,45.25,9.5,8.25,2.0,4.25,2.25,2.25,NA,4.75,2.5,4.25,NA,NA,NA,NA,NA,NA,NA,NA,NA
2026-01-21 19:00:00,133.25,196.5,31.25,59.75,57.25,12.0,8.25,3.25,4.0,2.0,2.0,NA,5.75,2.0,4.75,NA,NA,NA,NA,NA,NA,NA,NA,NA
2026-01-21 20:00:00,182.0,260.25,32.0,71.5,64.25,13.0,7.0,3.0,4.75,2.0,2.0,NA,6.0,2.0,4.5,NA,NA,NA,NA,NA,NA,NA,NA,NA
2026-01-21 21:00:00,198.0,284.75,33.25,79.5,69.5,12.5,6.0,3.0,4.0,1.25,1.25,NA,3.75,2.0,1.75,NA,NA,NA,NA,NA,NA,NA,NA,NA
2026-01-21 22:00:00,193.75,293.5,32.75,77.5,68.0,12.75,6.0,3.0,4.0,1.0,1.0,NA,3.0,2.0,1.0,NA,NA,NA,NA,NA,NA,NA,NA,NA
2026-01-21 23:00:00,175.33,268.67,36.0,92.67,78.33,16.33,7.0,3.0,3.33,1.0,1.0,NA,3.0,2.0,1.0,NA,NA,NA,NA,NA,NA,NA,NA,NA
2026-01-22 00:00:00,179.0,258.25,34.25,92.25,77.0,14.0,5.75,2.0,3.0,3.0,2.0,NA,2.0,2.0,2.0,NA,NA,NA,NA,NA,NA,NA,NA,NA
2026-01-22 01:00:00,164.25,224.75,33.25,80.5,70.0,13.25,5.0,2.0,3.0,3.0,2.0,NA,2.0,2.0,2.0,NA,NA,NA,NA,NA,NA,NA,NA,NA
2026-01-22 02:00:00,159.5,217.0,35.25,90.0,76.5,14.25,5.0,1.75,3.0,3.0,2.0,NA,2.0,2.0,2.0,NA,NA,NA,NA,NA,NA,NA,NA,NA
2026-01-22 03:00:00,161.5,221.25,33.0,78.75,68.75,11.5,5.0,1.25,3.0,3.0,2.0,NA,2.0,2.0,2.0,NA,NA,NA,NA,NA,NA,NA,NA,NA
2026-01-22 04:00:00,161.75,228.25,34.5,81.0,71.5,14.0,9.25,2.0,2.75,3.0,2.0,NA,2.0,2.0,2.0,NA,NA,NA,NA,NA,NA,NA,NA,NA
2026-01-22 05:00:00,167.25,252.5,34.25,79.75,70.25,14.0,11.0,2.0,2.5,3.0,2.0,NA,2.0,2.0,2.0,NA,NA,NA,NA,NA,NA,NA,NA,NA
2026-01-22 06:00:00,169.0,251.25,31.75,76.0,66.25,12.25,10.75,2.0,3.0,3.0,2.0,NA,2.0,2.0,2.0,NA,NA,NA,NA,NA,NA,NA,NA,NA
2026-01-22 07:00:00,176.0,257.25,29.75,71.5,62.5,12.75,10.5,2.0,2.75,3.0,2.0,NA,2.0,2.0,2.0,NA,NA,NA,NA,NA,NA,NA,NA,NA
2026-01-22 08:00:00,188.0,277.75,29.5,77.0,65.0,13.0,10.0,1.25,3.0,5.0,6.0,NA,3.0,4.0,1.0,NA,NA,NA,NA,NA,NA,NA,NA,NA
2026-01-22 09:00:00,226.75,304.25,29.25,66.75,59.5,11.75,9.0,0.0,3.25,5.0,6.0,NA,3.0,4.25,1.75,NA,NA,NA,NA,NA,NA,NA,NA,NA
2026-01-22 10:00:00,214.25,286.75,28.25,57.75,54.0,10.25,10.0,0.0,3.75,5.0,6.0,NA,3.0,4.25,1.5,NA,NA,NA,NA,NA,NA,NA,NA,NA
2026-01-22 11:00:00,NA,NA,26.0,44.0,44.75,7.0,10.5,0.0,9.75,5.0,6.0,NA,3.0,4.75,1.0,NA,NA,NA,NA,NA,NA,NA,NA,NA
2026-01-22 12:00:00,34.67,49.5,26.75,41.5,43.75,6.5,10.0,0.25,21.5,5.0,6.0,NA,3.0,4.25,1.0,NA,NA,NA,NA,NA,NA,NA,NA,NA
2026-01-22 13:00:00,74.0,NA,25.67,33.67,39.0,6.67,10.0,1.0,32.0,3.0,3.0,NA,1.0,4.0,2.0,NA,NA,NA,NA,NA,NA,NA,NA,NA
2026-01-22 14:00:00,38.67,NA,27.0,43.75,45.5,8.5,10.0,0.75,34.5,3.0,3.0,NA,1.0,4.0,2.25,NA,NA,NA,NA,NA,NA,NA,NA,NA
2026-01-22 15:00:00,116.33,NA,25.75,39.0,42.0,6.5,10.0,1.0,33.25,3.0,3.0,NA,1.0,4.0,2.0,NA,NA,NA,NA,NA,NA,NA,NA,NA
2026-01-22 16:00:00,NA,NA,25.75,31.75,37.75,7.0,10.0,1.0,21.75,3.0,3.0,NA,1.0,3.75,2.0,NA,NA,NA,NA,NA,NA,NA,NA,NA
2026-01-22 17:00:00,30.33,49.67,27.25,41.0,44.0,8.0,9.0,1.0,10.5,3.0,3.0,NA,1.0,4.0,2.0,NA,NA,NA,NA,NA,NA,NA,NA,NA
2026-01-22 18:00:00,102.0,159.5,26.5,36.0,41.25,7.5,8.25,1.0,4.5,2.25,2.25,NA,4.75,2.5,4.0,NA,NA,NA,NA,NA,NA,NA,NA,NA
2026-01-22 19:00:00,143.0,226.0,27.25,37.0,41.75,8.25,9.0,2.0,3.0,2.0,2.0,NA,6.0,2.25,4.75,NA,NA,NA,NA,NA,NA,NA,NA,NA
2026-01-22 20:00:00,178.5,274.5,27.5,40.25,43.75,8.0,7.0,1.5,4.0,2.0,2.0,NA,6.0,2.0,5.0,NA,NA,NA,NA,NA,NA,NA,NA,NA
2026-01-22 21:00:00,200.0,294.0,25.75,36.25,40.5,5.75,6.0,0.75,4.0,1.25,1.25,NA,3.75,2.0,2.0,NA,NA,NA,NA,NA,NA,NA,NA,NA
2026-01-22 22:00:00,152.0,210.5,26.0,36.5,40.5,7.25,6.0,0.25,3.5,1.0,1.0,NA,3.0,2.0,1.0,NA,NA,NA,NA,NA,NA,NA,NA,NA
2026-01-22 23:00:00,134.67,188.67,26.0,39.0,42.0,7.0,6.0,0.0,4.33,1.0,1.0,NA,3.0,2.0,1.0,NA,NA,NA,NA,NA,NA,NA,NA,NA
2026-01-23 00:00:00,131.25,194.25,26.25,34.5,39.75,7.5,4.0,0.0,7.0,3.0,2.0,NA,2.0,2.0,2.0,NA,NA,NA,NA,NA,NA,NA,NA,NA
2026-01-23 01:00:00,129.5,183.0,26.5,35.25,40.25,6.5,3.0,0.0,9.25,3.0,2.0,NA,2.0,2.0,2.0,NA,NA,NA,NA,NA,NA,NA,NA,NA
2026-01-23 02:00:00,117.25,168.5,26.5,38.5,42.0,7.0,3.0,0.0,10.25,3.0,2.0,NA,2.0,2.0,2.0,NA,NA,NA,NA,NA,NA,NA,NA,NA
2026-01-23 03:00:00,112.25,156.25,26.25,38.25,41.75,6.5,3.0,0.0,8.75,3.0,2.0,NA,2.0,2.0,2.0,NA,NA,NA,NA,NA,NA,NA,NA,NA
2026-01-23 04:00:00,112.0,168.75,26.75,40.75,43.5,6.75,8.0,0.0,9.25,3.0,2.0,NA,2.0,2.0,2.0,NA,NA,NA,NA,NA,NA,NA,NA,NA
2026-01-23 05:00:00,107.5,149.25,25.75,35.0,39.75,6.25,10.0,0.0,8.0,3.0,2.0,NA,2.0,2.0,2.0,NA,NA,NA,NA,NA,NA,NA,NA,NA
2026-01-23 06:00:00,104.5,146.0,21.25,17.5,25.25,4.25,10.0,0.0,7.5,3.0,2.0,NA,2.0,2.0,2.0,NA,NA,NA,NA,NA,NA,NA,NA,NA
2026-01-23 07:00:00,110.25,154.25,27.25,53.0,50.0,8.0,9.75,0.0,5.5,3.0,2.0,NA,2.0,2.0,2.0,NA,NA,NA,NA,NA,NA,NA,NA,NA
2026-01-23 08:00:00,119.5,164.0,24.5,31.5,37.25,6.5,12.75,0.0,4.5,5.0,6.0,NA,3.0,4.5,1.0,NA,NA,NA,NA,NA,NA,NA,NA,NA
2026-01-23 09:00:00,107.75,144.0,26.75,40.0,43.0,7.5,14.0,1.0,3.25,5.0,6.0,NA,3.0,4.25,1.0,NA,NA,NA,NA,NA,NA,NA,NA,NA
2026-01-23 10:00:00,120.0,155.5,28.25,47.75,48.25,8.0,14.0,1.0,3.25,5.0,6.0,NA,3.0,4.25,1.0,NA,NA,NA,NA,NA,NA,NA,NA,NA
2026-01-23 11:00:00,129.75,162.75,27.75,43.0,45.25,6.25,14.75,1.0,2.5,5.0,6.0,NA,3.0,4.5,1.25,NA,NA,NA,NA,NA,NA,NA,NA,NA
2026-01-23 12:00:00,132.5,166.0,26.25,32.5,39.0,5.75,13.75,1.0,3.5,5.0,6.0,NA,3.0,4.5,1.0,NA,NA,NA,NA,NA,NA,NA,NA,NA
2026-01-23 13:00:00,148.25,175.75,28.5,46.25,48.0,6.75,13.0,0.25,3.5,3.0,3.0,NA,1.0,4.0,2.0,NA,NA,NA,NA,NA,NA,NA,NA,NA
2026-01-23 14:00:00,137.0,161.25,26.75,36.0,41.25,5.25,13.0,0.0,4.25,3.0,3.0,NA,1.0,4.0,2.0,NA,NA,NA,NA,NA,NA,NA,NA,NA
2026-01-23 15:00:00,137.75,161.0,27.5,36.0,41.75,7.25,13.25,0.0,4.25,3.0,3.0,NA,1.0,4.0,2.0,NA,NA,NA,NA,NA,NA,NA,NA,NA
2026-01-23 16:00:00,143.0,182.5,25.5,27.75,36.0,4.75,5.25,0.25,4.5,3.0,3.0,NA,1.0,4.0,2.0,NA,NA,NA,NA,NA,NA,NA,NA,NA
2026-01-23 17:00:00,147.5,193.75,26.0,34.75,40.0,5.0,1.25,1.0,4.0,3.0,3.0,NA,1.0,4.0,2.0,NA,NA,NA,NA,NA,NA,NA,NA,NA
2026-01-23 18:00:00,143.75,174.5,27.0,37.25,42.0,6.5,1.75,1.0,3.0,2.25,2.25,NA,4.75,2.5,4.25,NA,NA,NA,NA,NA,NA,NA,NA,NA
2026-01-23 19:00:00,134.5,164.0,25.75,33.0,38.75,6.5,1.5,1.0,2.5,2.0,2.0,NA,6.0,2.0,5.0,NA,NA,NA,NA,NA,NA,NA,NA,NA
2026-01-23 20:00:00,134.75,163.25,28.75,50.0,50.0,8.75,10.0,1.0,2.25,2.0,2.0,NA,6.0,2.0,4.25,NA,NA,NA,NA,NA,NA,NA,NA,NA
2026-01-23 21:00:00,130.75,157.75,27.75,43.5,46.0,8.75,14.0,1.0,2.0,1.25,1.25,NA,3.5,2.0,2.0,NA,NA,NA,NA,NA,NA,NA,NA,NA
2026-01-23 22:00:00,138.0,163.75,26.5,40.25,43.0,6.25,14.0,1.0,2.25,1.0,1.0,NA,3.0,2.0,1.0,NA,NA,NA,NA,NA,NA,NA,NA,NA
2026-01-23 23:00:00,156.0,186.33,27.67,47.67,48.0,7.33,15.0,1.0,2.33,1.0,1.0,NA,3.0,2.0,1.0,NA,NA,NA,NA,NA,NA,NA,NA,NA
2026-01-24 00:00:00,148.5,182.5,29.75,52.0,51.75,10.25,12.0,1.0,2.0,3.0,2.0,NA,2.0,2.0,2.0,NA,NA,NA,NA,NA,NA,NA,NA,NA
2026-01-24 01:00:00,141.25,174.0,29.5,48.75,50.25,9.75,11.0,1.0,2.5,3.0,2.0,NA,2.0,2.0,2.0,NA,NA,NA,NA,NA,NA,NA,NA,NA
2026-01-24 02:00:00,134.5,177.5,27.5,45.0,46.5,6.75,10.25,0.25,2.75,3.0,2.0,NA,2.0,2.0,2.0,NA,NA,NA,NA,NA,NA,NA,NA,NA
2026-01-24 03:00:00,89.75,128.25,26.5,41.0,43.5,5.25,10.0,0.0,3.5,3.0,2.0,NA,2.0,2.0,2.0,NA,NA,NA,NA,NA,NA,NA,NA,NA
2026-01-24 04:00:00,51.25,106.5,26.5,39.0,42.25,7.0,7.25,0.0,3.5,3.0,2.0,NA,2.0,2.0,2.0,NA,NA,NA,NA,NA,NA,NA,NA,NA
2026-01-24 05:00:00,37.75,113.0,25.25,32.5,37.75,5.75,5.25,0.0,5.0,3.0,2.0,NA,2.0,2.0,2.0,NA,NA,NA,NA,NA,NA,NA,NA,NA
2026-01-24 06:00:00,37.5,120.25,23.25,25.75,33.0,4.25,5.0,0.0,6.5,3.0,2.0,NA,2.0,2.0,2.0,NA,NA,NA,NA,NA,NA,NA,NA,NA
2026-01-24 07:00:00,40.25,117.5,22.5,26.75,32.75,6.25,4.0,0.0,5.5,3.0,2.0,NA,2.0,2.0,2.0,NA,NA,NA,NA,NA,NA,NA,NA,NA
2026-01-24 08:00:00,42.75,121.5,23.75,37.0,39.25,7.25,7.75,0.0,5.0,5.0,6.0,NA,3.0,4.25,1.0,NA,NA,NA,NA,NA,NA,NA,NA,NA
2026-01-24 09:00:00,46.25,130.25,24.0,33.5,37.5,8.75,10.0,0.0,6.75,5.0,6.0,NA,3.0,4.25,1.25,NA,NA,NA,NA,NA,NA,NA,NA,NA
2026-01-24 10:00:00,46.5,136.75,23.0,27.75,33.5,7.25,10.0,0.0,10.25,5.0,6.0,NA,3.0,4.75,1.0,NA,NA,NA,NA,NA,NA,NA,NA,NA
2026-01-24 11:00:00,37.5,130.25,21.25,28.75,32.75,6.5,10.25,0.0,14.5,5.0,6.0,NA,3.0,4.25,1.0,NA,NA,NA,NA,NA,NA,NA,NA,NA
2026-01-24 12:00:00,40.0,113.5,23.5,45.5,43.5,8.75,9.0,0.0,19.25,5.0,6.0,NA,3.0,4.25,1.5,NA,NA,NA,NA,NA,NA,NA,NA,NA
2026-01-24 13:00:00,38.25,104.25,24.0,43.75,43.0,9.0,8.25,0.0,19.75,3.0,3.0,NA,1.0,3.75,2.0,NA,NA,NA,NA,NA,NA,NA,NA,NA
2026-01-24 14:00:00,40.75,98.25,23.5,37.0,38.75,9.0,8.0,0.0,25.25,3.0,3.0,NA,1.0,4.0,2.0,NA,NA,NA,NA,NA,NA,NA,NA,NA
2026-01-24 15:00:00,44.5,101.25,25.0,46.5,45.0,6.75,7.5,0.0,26.0,3.0,3.0,NA,1.0,4.0,2.0,NA,NA,NA,NA,NA,NA,NA,NA,NA
2026-01-24 16:00:00,37.0,89.0,24.25,38.5,40.75,7.75,5.75,0.0,17.5,3.0,3.0,NA,1.0,4.0,2.0,NA,NA,NA,NA,NA,NA,NA,NA,NA
2026-01-24 17:00:00,43.5,97.0,25.0,40.25,42.0,8.0,4.25,0.0,13.5,3.0,3.0,NA,1.0,4.0,2.0,NA,NA,NA,NA,NA,NA,NA,NA,NA
2026-01-24 18:00:00,46.25,103.25,25.0,39.25,41.25,7.0,3.75,0.0,10.5,2.25,2.25,NA,4.75,2.5,4.25,NA,NA,NA,NA,NA,NA,NA,NA,NA
2026-01-24 19:00:00,72.75,129.25,26.0,45.75,45.25,6.5,4.0,0.75,6.5,2.0,2.0,NA,6.0,2.0,5.0,NA,NA,NA,NA,NA,NA,NA,NA,NA
2026-01-24 20:00:00,81.0,138.5,25.5,41.25,42.75,7.25,10.0,0.25,6.5,2.0,2.0,NA,5.75,2.25,5.0,NA,NA,NA,NA,NA,NA,NA,NA,NA
2026-01-24 21:00:00,79.25,130.75,24.75,35.5,39.25,5.75,13.0,0.25,8.0,1.25,1.25,NA,3.5,2.0,2.0,NA,NA,NA,NA,NA,NA,NA,NA,NA
2026-01-24 22:00:00,72.25,122.75,24.75,35.25,39.5,6.5,13.0,0.0,12.5,1.0,1.0,NA,3.0,2.0,1.0,NA,NA,NA,NA,NA,NA,NA,NA,NA
2026-01-24 23:00:00,71.67,120.0,24.67,33.67,38.0,7.67,13.33,0.0,10.0,1.0,1.0,NA,3.0,2.0,1.0,NA,NA,NA,NA,NA,NA,NA,NA,NA
2026-01-25 00:00:00,62.75,107.0,24.75,34.5,38.75,6.75,6.0,0.0,11.0,3.0,2.0,NA,2.0,2.0,2.0,NA,NA,NA,NA,NA,NA,NA,NA,NA
2026-01-25 01:00:00,54.0,94.75,25.0,38.0,40.75,6.75,2.5,0.0,12.75,3.0,2.0,NA,2.0,2.0,2.0,NA,NA,NA,NA,NA,NA,NA,NA,NA
2026-01-25 02:00:00,53.75,94.25,24.5,35.0,38.5,7.0,2.0,0.0,10.75,3.0,2.0,NA,2.0,2.0,2.0,NA,NA,NA,NA,NA,NA,NA,NA,NA
2026-01-25 03:00:00,58.75,99.5,24.75,39.5,41.25,5.25,2.0,0.0,10.5,3.0,2.0,NA,2.0,2.0,2.0,NA,NA,NA,NA,NA,NA,NA,NA,NA
2026-01-25 04:00:00,64.0,109.75,24.25,35.25,38.5,6.75,4.25,0.0,6.5,3.0,2.0,NA,2.0,2.0,2.0,NA,NA,NA,NA,NA,NA,NA,NA,NA
2026-01-25 05:00:00,77.0,124.5,23.75,32.5,36.75,6.0,5.0,0.0,6.25,3.0,2.0,NA,2.0,2.0,2.0,NA,NA,NA,NA,NA,NA,NA,NA,NA
2026-01-25 06:00:00,74.0,122.5,23.75,32.75,37.0,7.0,5.0,0.0,5.0,3.0,2.0,NA,2.0,2.0,2.0,NA,NA,NA,NA,NA,NA,NA,NA,NA
2026-01-25 07:00:00,76.5,129.75,23.5,34.75,37.25,5.75,5.0,0.0,4.75,3.0,2.0,NA,2.0,2.0,2.0,NA,NA,NA,NA,NA,NA,NA,NA,NA
2026-01-25 08:00:00,76.25,131.0,22.25,30.25,34.0,5.75,4.25,0.0,8.5,5.0,6.0,NA,3.0,4.25,1.25,NA,NA,NA,NA,NA,NA,NA,NA,NA
2026-01-25 09:00:00,88.0,143.0,23.0,32.25,36.0,8.75,4.25,0.0,12.75,5.0,6.0,NA,3.0,4.0,1.0,NA,NA,NA,NA,NA,NA,NA,NA,NA
2026-01-25 10:00:00,93.25,152.75,23.75,38.75,40.0,7.25,4.75,0.0,19.25,5.0,6.0,NA,3.0,4.5,1.25,NA,NA,NA,NA,NA,NA,NA,NA,NA
2026-01-25 11:00:00,94.0,156.25,23.0,38.0,38.75,8.25,5.0,0.0,27.25,5.0,6.0,NA,3.0,4.75,1.0,NA,NA,NA,NA,NA,NA,NA,NA,NA
2026-01-25 12:00:00,80.5,137.75,23.25,41.25,41.0,7.5,1.5,0.0,34.0,5.0,6.0,NA,3.0,4.25,1.0,NA,NA,NA,NA,NA,NA,NA,NA,NA
2026-01-25 13:00:00,69.5,117.5,22.25,33.5,36.0,7.0,0.0,0.0,37.75,3.0,3.0,NA,1.0,4.0,2.0,NA,NA,NA,NA,NA,NA,NA,NA,NA
2026-01-25 14:00:00,66.25,109.25,24.0,40.5,40.75,8.25,0.0,0.0,33.5,3.0,3.0,NA,1.0,4.0,2.0,NA,NA,NA,NA,NA,NA,NA,NA,NA
2026-01-25 15:00:00,49.5,89.0,23.5,38.75,40.0,7.0,0.0,0.0,33.5,3.0,3.0,NA,1.0,4.0,2.0,NA,NA,NA,NA,NA,NA,NA,NA,NA
2026-01-25 16:00:00,54.0,90.75,23.5,38.0,39.25,6.75,9.67,0.0,30.0,3.0,3.0,NA,1.0,4.0,2.0,NA,NA,NA,NA,NA,NA,NA,NA,NA
2026-01-25 17:00:00,60.0,97.75,24.25,37.25,39.75,8.0,11.25,0.0,21.25,3.0,3.0,NA,1.0,4.0,2.0,NA,NA,NA,NA,NA,NA,NA,NA,NA
2026-01-25 18:00:00,69.5,107.75,26.0,44.75,45.0,8.0,10.25,0.75,7.0,2.25,2.25,NA,4.75,2.5,4.25,NA,NA,NA,NA,NA,NA,NA,NA,NA
2026-01-25 19:00:00,103.25,156.5,26.5,47.0,46.75,9.0,10.5,1.0,4.0,2.0,2.0,NA,5.75,2.0,4.75,NA,NA,NA,NA,NA,NA,NA,NA,NA
2026-01-25 20:00:00,141.75,201.25,28.0,50.5,50.0,9.25,9.25,1.0,4.0,2.0,2.0,NA,6.0,2.0,4.5,NA,NA,NA,NA,NA,NA,NA,NA,NA
2026-01-25 21:00:00,169.5,227.75,27.25,46.0,46.75,9.25,9.0,1.75,3.75,1.25,1.25,NA,3.75,2.0,2.0,NA,NA,NA,NA,NA,NA,NA,NA,NA
2026-01-25 22:00:00,200.0,268.25,27.25,49.5,48.75,10.25,10.0,2.0,3.75,1.0,1.0,NA,3.0,2.0,1.0,NA,NA,NA,NA,NA,NA,NA,NA,NA
2026-01-25 23:00:00,214.0,287.0,28.0,54.0,51.67,10.33,10.0,2.0,3.0,1.0,1.0,NA,3.0,2.0,1.0,NA,NA,NA,NA,NA,NA,NA,NA,NA
2026-01-26 00:00:00,208.75,279.75,27.25,55.5,51.75,8.0,6.5,1.25,3.0,3.0,2.0,NA,2.0,2.0,2.0,NA,NA,NA,NA,NA,NA,NA,NA,NA
2026-01-26 01:00:00,191.75,254.75,26.25,45.25,45.75,9.0,NA,1.0,2.75,3.0,2.0,NA,2.0,2.0,2.0,NA,NA,NA,NA,NA,NA,NA,NA,NA
2026-01-26 02:00:00,160.75,216.0,26.5,50.75,48.5,8.75,NA,1.0,3.0,3.0,2.0,NA,2.0,2.0,2.0,NA,NA,NA,NA,NA,NA,NA,NA,NA
2026-01-26 03:00:00,135.25,194.0,25.5,47.0,46.0,7.25,NA,0.25,2.75,3.0,2.0,NA,2.0,2.0,2.0,NA,NA,NA,NA,NA,NA,NA,NA,NA
2026-01-26 04:00:00,108.75,152.25,24.75,42.5,43.0,7.5,17.33,0.0,2.75,3.0,2.0,NA,2.0,2.0,2.0,NA,NA,NA,NA,NA,NA,NA,NA,NA
2026-01-26 05:00:00,89.5,126.25,23.0,30.25,34.75,8.0,19.75,0.0,3.0,3.0,2.0,NA,2.0,2.0,2.0,NA,NA,NA,NA,NA,NA,NA,NA,NA
2026-01-26 06:00:00,85.25,121.25,23.25,33.0,36.5,8.0,19.5,0.5,3.0,3.0,2.0,NA,2.0,2.0,2.0,NA,NA,NA,NA,NA,NA,NA,NA,NA
2026-01-26 07:00:00,78.75,119.25,26.0,49.0,47.25,9.5,20.0,1.0,2.75,3.0,2.0,NA,2.0,2.0,2.0,NA,NA,NA,NA,NA,NA,NA,NA,NA
2026-01-26 08:00:00,89.5,132.75,23.5,39.5,40.5,9.0,11.75,0.25,3.0,5.0,6.0,NA,3.0,4.5,1.0,NA,NA,NA,NA,NA,NA,NA,NA,NA
2026-01-26 09:00:00,118.0,165.5,22.25,33.5,36.25,7.0,8.25,0.0,5.0,5.0,6.0,NA,3.0,4.25,1.0,NA,NA,NA,NA,NA,NA,NA,NA,NA
2026-01-26 10:00:00,138.0,182.75,23.0,39.75,40.25,7.75,9.25,0.0,11.5,5.0,6.0,NA,3.0,4.0,1.0,NA,NA,NA,NA,NA,NA,NA,NA,NA
2026-01-26 11:00:00,118.75,160.0,22.75,38.0,39.0,8.5,9.75,0.0,21.75,5.0,6.0,NA,3.0,4.5,1.25,NA,NA,NA,NA,NA,NA,NA,NA,NA
2026-01-26 12:00:00,112.0,149.0,22.0,30.25,34.0,7.75,15.75,0.0,29.25,5.0,6.0,NA,3.0,4.25,1.25,NA,NA,NA,NA,NA,NA,NA,NA,NA
2026-01-26 13:00:00,91.75,123.0,22.0,32.5,35.75,8.0,19.25,0.0,34.0,3.0,3.0,NA,1.0,4.0,2.0,NA,NA,NA,NA,NA,NA,NA,NA,NA
2026-01-26 14:00:00,87.75,119.5,23.75,38.0,39.5,9.25,19.25,0.0,41.75,3.0,3.0,NA,1.0,4.0,2.0,NA,NA,NA,NA,NA,NA,NA,NA,NA
2026-01-26 15:00:00,92.75,128.5,22.5,35.0,37.25,8.0,19.25,0.0,45.25,3.0,3.0,NA,1.0,4.0,2.25,NA,NA,NA,NA,NA,NA,NA,NA,NA
2026-01-26 16:00:00,104.75,150.25,23.75,39.75,40.5,9.0,6.5,0.5,28.25,3.0,3.0,NA,1.0,4.0,2.0,NA,NA,NA,NA,NA,NA,NA,NA,NA
2026-01-26 17:00:00,106.25,166.0,24.75,40.75,41.75,9.5,0.0,1.0,11.0,3.0,3.0,NA,1.0,4.0,2.0,NA,NA,NA,NA,NA,NA,NA,NA,NA
2026-01-26 18:00:00,131.25,207.25,25.25,43.75,43.75,9.5,0.0,1.0,4.75,2.25,2.25,NA,4.75,2.5,4.25,NA,NA,NA,NA,NA,NA,NA,NA,NA
2026-01-26 19:00:00,152.75,241.5,25.75,41.5,43.0,10.25,NA,1.25,4.25,2.0,2.0,NA,6.0,2.0,4.75,NA,NA,NA,NA,NA,NA,NA,NA,NA
2026-01-26 20:00:00,172.25,262.25,26.5,48.5,47.5,11.25,7.67,1.75,4.0,2.0,2.0,NA,5.75,2.0,4.75,NA,NA,NA,NA,NA,NA,NA,NA,NA
2026-01-26 21:00:00,193.5,283.75,29.25,61.5,56.25,12.75,9.0,2.0,3.75,1.25,1.25,NA,3.75,2.0,2.0,NA,NA,NA,NA,NA,NA,NA,NA,NA
2026-01-26 22:00:00,214.5,302.0,29.75,64.75,59.0,13.5,9.25,3.0,4.0,1.0,1.0,NA,3.0,2.0,1.0,NA,NA,NA,NA,NA,NA,NA,NA,NA
2026-01-26 23:00:00,256.67,341.67,29.67,71.67,62.33,12.0,9.67,3.0,3.67,1.0,1.0,NA,3.0,2.0,1.0,NA,NA,NA,NA,NA,NA,NA,NA,NA
2026-01-27 00:00:00,261.0,366.25,33.25,86.25,73.0,16.0,6.0,2.75,3.25,3.0,2.0,NA,2.0,2.0,2.0,NA,NA,NA,NA,NA,NA,NA,NA,NA
2026-01-27 01:00:00,267.75,390.25,36.5,103.75,85.0,18.5,NA,3.0,3.0,3.0,2.0,NA,2.0,2.0,2.0,NA,NA,NA,NA,NA,NA,NA,NA,NA
2026-01-27 02:00:00,250.0,379.5,37.5,120.75,95.25,19.5,NA,3.0,2.5,3.0,2.0,NA,2.0,2.0,2.0,NA,NA,NA,NA,NA,NA,NA,NA,NA
2026-01-27 03:00:00,241.75,355.5,34.25,102.25,82.5,16.75,NA,3.0,3.0,3.0,2.0,NA,2.0,2.0,2.0,NA,NA,NA,NA,NA,NA,NA,NA,NA
2026-01-27 04:00:00,235.75,327.0,32.75,93.5,76.75,15.5,14.0,2.0,3.0,3.0,2.0,NA,2.0,2.0,2.0,NA,NA,NA,NA,NA,NA,NA,NA,NA
2026-01-27 05:00:00,239.0,339.5,32.75,91.5,75.5,15.5,16.25,2.0,3.0,3.0,2.0,NA,2.0,2.0,2.0,NA,NA,NA,NA,NA,NA,NA,NA,NA
2026-01-27 06:00:00,230.25,336.25,31.0,80.75,68.5,14.5,16.75,2.0,3.0,3.0,2.0,NA,2.0,2.0,2.0,NA,NA,NA,NA,NA,NA,NA,NA,NA
2026-01-27 07:00:00,217.75,351.75,32.25,91.5,75.0,15.0,17.0,1.75,3.25,3.0,2.0,NA,2.0,2.0,2.0,NA,NA,NA,NA,NA,NA,NA,NA,NA
2026-01-27 08:00:00,226.25,373.0,30.0,88.0,71.5,14.5,13.0,1.25,3.5,5.0,6.0,NA,3.0,4.5,1.0,NA,NA,NA,NA,NA,NA,NA,NA,NA
2026-01-27 09:00:00,204.0,324.5,27.75,65.75,57.5,11.5,11.5,1.0,3.75,5.0,6.0,NA,3.0,4.5,1.0,NA,NA,NA,NA,NA,NA,NA,NA,NA
2026-01-27 10:00:00,180.5,304.25,27.0,56.75,52.25,8.75,11.75,0.0,3.0,5.0,6.0,NA,3.0,4.0,1.0,NA,NA,NA,NA,NA,NA,NA,NA,NA
2026-01-27 11:00:00,136.75,217.75,24.0,35.0,38.0,8.25,11.0,0.0,3.75,5.0,6.0,NA,3.0,4.75,1.25,NA,NA,NA,NA,NA,NA,NA,NA,NA
2026-01-27 12:00:00,162.25,229.5,27.25,51.75,49.75,9.0,14.0,1.0,3.0,5.0,6.0,NA,3.0,4.25,1.0,NA,NA,NA,NA,NA,NA,NA,NA,NA
2026-01-27 13:00:00,165.5,224.75,27.0,43.75,45.75,8.0,15.0,1.0,3.0,3.0,3.0,NA,1.0,4.0,2.0,NA,NA,NA,NA,NA,NA,NA,NA,NA
2026-01-27 14:00:00,162.5,215.5,26.5,42.25,44.25,7.5,15.25,1.0,3.0,3.0,3.0,NA,1.0,4.0,2.0,NA,NA,NA,NA,NA,NA,NA,NA,NA
2026-01-27 15:00:00,165.5,218.25,24.75,31.75,37.25,7.0,15.5,0.5,3.0,3.0,3.0,NA,1.0,3.75,2.0,NA,NA,NA,NA,NA,NA,NA,NA,NA
2026-01-27 16:00:00,142.0,202.0,25.25,36.75,40.0,6.5,16.5,0.25,3.0,3.0,3.0,NA,1.0,4.0,2.0,NA,NA,NA,NA,NA,NA,NA,NA,NA
2026-01-27 17:00:00,125.75,176.75,25.25,33.25,38.25,7.0,17.0,0.5,3.0,3.0,3.0,NA,1.0,4.0,2.0,NA,NA,NA,NA,NA,NA,NA,NA,NA
2026-01-27 18:00:00,117.5,162.5,25.75,36.25,40.25,8.0,17.5,0.75,3.0,2.25,2.25,NA,4.5,2.5,3.75,NA,NA,NA,NA,NA,NA,NA,NA,NA
2026-01-27 19:00:00,111.25,148.5,25.0,34.0,38.75,6.5,17.5,1.0,3.0,2.0,2.0,NA,6.0,2.0,4.5,NA,NA,NA,NA,NA,NA,NA,NA,NA
2026-01-27 20:00:00,103.25,151.75,24.25,33.5,37.5,7.75,15.5,1.0,3.0,2.0,2.0,NA,5.75,2.0,4.75,NA,NA,NA,NA,NA,NA,NA,NA,NA
2026-01-27 21:00:00,91.75,138.25,24.5,37.75,40.5,8.25,14.0,0.5,3.0,1.25,1.25,NA,3.75,2.0,2.0,NA,NA,NA,NA,NA,NA,NA,NA,NA
2026-01-27 22:00:00,99.25,124.5,23.75,34.75,38.25,7.0,14.0,0.75,3.0,1.0,1.0,NA,3.0,2.0,1.0,NA,NA,NA,NA,NA,NA,NA,NA,NA
2026-01-27 23:00:00,98.67,124.0,25.0,39.67,41.33,7.0,15.0,0.0,2.33,1.0,1.0,NA,3.0,2.0,1.0,NA,NA,NA,NA,NA,NA,NA,NA,NA
2026-01-28 00:00:00,114.75,153.75,24.25,39.0,40.5,7.25,12.5,0.75,2.0,3.0,2.0,NA,2.0,2.0,2.0,NA,NA,NA,NA,NA,NA,NA,NA,NA
2026-01-28 01:00:00,108.0,155.0,23.75,36.5,38.75,7.0,11.0,0.25,2.5,3.0,2.0,NA,2.0,2.0,2.0,NA,NA,NA,NA,NA,NA,NA,NA,NA
2026-01-28 02:00:00,101.0,142.0,23.5,36.25,39.0,7.0,11.0,0.0,2.25,3.0,2.0,NA,2.0,2.0,2.0,NA,NA,NA,NA,NA,NA,NA,NA,NA
2026-01-28 03:00:00,95.5,132.5,25.5,45.5,45.0,9.5,11.0,0.0,2.0,3.0,2.0,NA,2.0,2.0,2.0,NA,NA,NA,NA,NA,NA,NA,NA,NA
2026-01-28 04:00:00,87.0,120.5,23.5,35.75,38.5,7.0,12.75,0.0,2.0,3.0,2.0,NA,2.0,2.0,2.0,NA,NA,NA,NA,NA,NA,NA,NA,NA
2026-01-28 05:00:00,80.75,108.25,24.25,37.25,39.5,9.0,14.25,0.0,2.25,3.0,2.0,NA,2.0,2.0,2.0,NA,NA,NA,NA,NA,NA,NA,NA,NA
2026-01-28 06:00:00,82.75,118.25,23.5,37.5,39.5,7.5,14.0,0.0,2.0,3.0,2.0,NA,2.0,2.0,2.0,NA,NA,NA,NA,NA,NA,NA,NA,NA
2026-01-28 07:00:00,80.25,114.5,23.25,38.5,39.5,8.0,14.25,0.0,2.0,3.0,2.0,NA,2.0,2.0,2.0,NA,NA,NA,NA,NA,NA,NA,NA,NA
2026-01-28 08:00:00,91.0,142.5,24.75,42.75,43.25,9.0,5.75,0.75,2.5,5.0,6.0,NA,3.0,4.75,1.25,NA,NA,NA,NA,NA,NA,NA,NA,NA
2026-01-28 09:00:00,125.0,189.25,25.0,46.5,45.25,9.25,2.0,1.0,3.0,5.0,6.0,NA,3.0,4.5,1.25,NA,NA,NA,NA,NA,NA,NA,NA,NA
2026-01-28 10:00:00,151.25,218.75,26.25,49.0,47.5,8.75,2.0,1.0,2.75,5.0,6.0,NA,3.0,4.5,1.5,NA,NA,NA,NA,NA,NA,NA,NA,NA
2026-01-28 11:00:00,156.0,225.0,26.0,45.0,45.25,8.75,2.0,1.0,2.5,5.0,6.0,NA,3.0,4.5,1.0,NA,NA,NA,NA,NA,NA,NA,NA,NA
2026-01-28 12:00:00,153.25,216.75,26.25,42.75,44.25,7.25,4.0,0.75,2.75,5.0,6.0,NA,3.0,4.5,1.25,NA,NA,NA,NA,NA,NA,NA,NA,NA
2026-01-28 13:00:00,158.75,216.75,24.5,29.0,35.5,6.0,6.0,0.5,2.25,3.0,3.0,NA,1.0,4.0,2.0,NA,NA,NA,NA,NA,NA,NA,NA,NA
2026-01-28 14:00:00,136.75,188.25,26.0,38.0,41.25,7.25,6.0,0.25,3.0,3.0,2.75,NA,1.0,4.0,2.0,NA,NA,NA,NA,NA,NA,NA,NA,NA
2026-01-28 15:00:00,133.5,193.0,24.0,31.0,36.5,5.0,6.0,0.25,3.0,3.0,3.0,NA,1.0,4.0,2.0,NA,NA,NA,NA,NA,NA,NA,NA,NA
2026-01-28 16:00:00,138.25,196.75,24.25,34.0,38.0,7.25,8.5,0.5,3.0,3.0,3.0,NA,1.0,4.0,2.0,NA,NA,NA,NA,NA,NA,NA,NA,NA
2026-01-28 17:00:00,131.5,189.75,24.75,35.0,38.75,8.0,9.0,0.5,3.0,3.0,3.0,NA,1.0,4.0,2.0,NA,NA,NA,NA,NA,NA,NA,NA,NA
2026-01-28 18:00:00,127.75,186.75,26.5,43.75,45.0,8.5,9.0,1.5,3.0,2.25,2.25,NA,4.75,2.5,4.25,NA,NA,NA,NA,NA,NA,NA,NA,NA
2026-01-28 19:00:00,152.25,244.25,26.0,47.0,46.5,9.75,9.5,2.0,3.0,2.0,2.0,NA,6.0,2.0,4.75,NA,NA,NA,NA,NA,NA,NA,NA,NA
2026-01-28 20:00:00,146.5,235.5,24.75,40.5,42.0,6.5,4.0,1.0,3.0,2.0,2.0,NA,6.0,2.0,5.0,NA,NA,NA,NA,NA,NA,NA,NA,NA
2026-01-28 21:00:00,119.75,188.75,24.75,38.25,40.75,9.0,1.25,1.0,3.0,1.25,1.25,NA,3.5,2.0,2.0,NA,NA,NA,NA,NA,NA,NA,NA,NA
2026-01-28 22:00:00,123.25,191.0,25.0,41.25,42.5,8.0,1.0,1.0,3.0,1.0,1.0,NA,3.0,2.0,1.0,NA,NA,NA,NA,NA,NA,NA,NA,NA
2026-01-28 23:00:00,120.0,183.67,23.67,37.0,39.33,6.33,1.0,0.33,3.0,1.0,1.0,NA,3.0,2.0,1.0,NA,NA,NA,NA,NA,NA,NA,NA,NA
2026-01-29 00:00:00,97.25,158.25,25.25,45.0,45.0,8.0,12.0,0.0,2.25,3.0,2.0,NA,2.0,2.0,2.0,NA,NA,NA,NA,NA,NA,NA,NA,NA
2026-01-29 01:00:00,84.0,147.25,23.25,33.0,36.5,7.0,18.0,0.0,2.25,3.0,2.0,NA,2.0,2.0,2.0,NA,NA,NA,NA,NA,NA,NA,NA,NA
2026-01-29 02:00:00,79.25,140.0,25.0,44.75,44.25,6.75,17.75,0.0,2.75,3.0,2.0,NA,2.0,2.0,2.0,NA,NA,NA,NA,NA,NA,NA,NA,NA
2026-01-29 03:00:00,69.25,121.0,23.0,33.0,36.25,6.25,17.5,0.0,2.75,3.0,2.0,NA,2.0,2.0,2.0,NA,NA,NA,NA,NA,NA,NA,NA,NA
2026-01-29 04:00:00,55.75,94.75,23.5,38.5,39.75,7.25,8.0,0.0,3.0,3.0,2.0,NA,2.0,2.0,2.0,NA,NA,NA,NA,NA,NA,NA,NA,NA
2026-01-29 05:00:00,55.5,88.25,23.25,36.75,38.25,8.0,2.75,0.0,3.0,3.0,2.0,NA,2.0,2.0,2.0,NA,NA,NA,NA,NA,NA,NA,NA,NA
2026-01-29 06:00:00,67.25,109.25,23.5,40.25,40.75,7.0,2.25,0.0,3.0,3.0,2.0,NA,2.0,2.0,2.0,NA,NA,NA,NA,NA,NA,NA,NA,NA
2026-01-29 07:00:00,71.0,115.0,24.0,41.0,41.5,7.75,2.75,0.0,3.0,3.0,2.0,NA,2.0,2.0,2.0,NA,NA,NA,NA,NA,NA,NA,NA,NA
2026-01-29 08:00:00,78.25,123.75,25.0,43.0,43.25,8.5,7.5,0.0,3.0,5.0,6.0,NA,3.0,4.25,1.0,NA,NA,NA,NA,NA,NA,NA,NA,NA
2026-01-29 09:00:00,87.0,126.0,24.25,38.0,40.0,7.75,10.0,0.0,3.0,5.0,6.0,NA,3.0,4.25,1.25,NA,NA,NA,NA,NA,NA,NA,NA,NA
2026-01-29 10:00:00,93.5,131.0,23.5,30.0,35.5,7.75,10.5,0.5,3.0,5.0,6.0,NA,3.0,4.25,1.0,NA,NA,NA,NA,NA,NA,NA,NA,NA
2026-01-29 11:00:00,89.75,130.25,23.5,32.0,36.5,7.75,10.75,0.5,3.25,5.0,6.0,NA,3.0,4.5,1.0,NA,NA,NA,NA,NA,NA,NA,NA,NA
2026-01-29 12:00:00,92.25,132.0,24.25,37.25,39.5,6.5,5.25,0.0,4.0,5.0,6.0,NA,3.0,4.5,1.0,NA,NA,NA,NA,NA,NA,NA,NA,NA
2026-01-29 13:00:00,93.0,134.0,23.75,36.0,38.5,7.25,3.0,0.0,4.75,3.0,3.0,NA,1.0,4.0,2.0,NA,NA,NA,NA,NA,NA,NA,NA,NA
2026-01-29 14:00:00,89.75,128.75,23.75,33.5,37.25,8.25,3.25,0.0,6.5,3.0,3.0,NA,1.0,4.0,2.0,NA,NA,NA,NA,NA,NA,NA,NA,NA
2026-01-29 15:00:00,95.25,136.0,24.75,39.25,41.25,7.75,3.25,0.0,7.0,3.0,3.0,NA,1.0,4.0,2.0,NA,NA,NA,NA,NA,NA,NA,NA,NA
2026-01-29 16:00:00,98.0,141.5,28.0,51.0,49.75,9.75,6.5,0.0,9.0,3.0,3.0,NA,1.0,4.0,2.0,NA,NA,NA,NA,NA,NA,NA,NA,NA
2026-01-29 17:00:00,103.0,146.25,26.5,39.0,42.5,8.25,8.0,0.25,6.75,3.0,3.0,NA,1.0,4.0,2.0,NA,NA,NA,NA,NA,NA,NA,NA,NA
2026-01-29 18:00:00,105.0,156.5,26.25,38.0,41.75,7.0,8.0,1.0,3.25,2.25,2.25,NA,4.5,2.5,4.25,NA,NA,NA,NA,NA,NA,NA,NA,NA
2026-01-29 19:00:00,94.25,144.25,26.25,38.5,42.0,7.5,8.0,1.0,3.0,2.0,2.0,NA,6.0,2.0,4.5,NA,NA,NA,NA,NA,NA,NA,NA,NA
2026-01-29 20:00:00,86.25,130.25,25.75,34.0,39.0,7.75,13.25,0.75,3.0,2.0,2.0,NA,6.0,2.0,4.75,NA,NA,NA,NA,NA,NA,NA,NA,NA
2026-01-29 21:00:00,102.5,157.5,25.0,31.25,37.5,8.5,16.0,1.0,3.0,1.25,1.25,NA,3.75,2.0,1.75,NA,NA,NA,NA,NA,NA,NA,NA,NA
2026-01-29 22:00:00,117.25,169.0,25.5,39.75,42.0,7.25,16.0,1.0,3.0,1.0,1.0,NA,3.0,2.0,1.0,NA,NA,NA,NA,NA,NA,NA,NA,NA
2026-01-29 23:00:00,120.0,164.67,26.0,43.33,44.33,8.33,16.0,1.0,2.67,1.0,1.0,NA,3.0,2.0,1.0,NA,NA,NA,NA,NA,NA,NA,NA,NA
2026-01-30 00:00:00,108.0,151.5,26.5,46.0,46.0,7.75,15.75,1.0,3.0,3.0,2.0,NA,2.0,2.0,2.0,NA,NA,NA,NA,NA,NA,NA,NA,NA
2026-01-30 01:00:00,116.0,163.75,26.25,43.25,44.5,7.25,15.75,1.0,3.0,3.0,2.0,NA,2.0,2.0,2.0,NA,NA,NA,NA,NA,NA,NA,NA,NA
2026-01-30 02:00:00,118.5,167.75,25.5,42.75,43.75,6.0,15.75,1.0,2.75,3.0,2.0,NA,2.0,2.0,2.0,NA,NA,NA,NA,NA,NA,NA,NA,NA
2026-01-30 03:00:00,112.25,158.5,26.0,48.75,47.25,7.75,15.25,0.5,2.75,3.0,2.0,NA,2.0,2.0,2.0,NA,NA,NA,NA,NA,NA,NA,NA,NA
2026-01-30 04:00:00,85.25,125.0,23.5,31.75,36.0,6.25,7.75,0.25,3.0,3.0,2.0,NA,2.0,2.0,2.0,NA,NA,NA,NA,NA,NA,NA,NA,NA
2026-01-30 05:00:00,85.25,130.5,25.0,41.0,42.25,8.75,4.0,0.0,2.0,3.0,2.0,NA,2.0,2.0,2.0,NA,NA,NA,NA,NA,NA,NA,NA,NA
2026-01-30 06:00:00,79.25,112.0,22.5,35.75,37.25,6.0,3.75,0.0,2.0,3.0,2.0,NA,2.0,2.0,2.0,NA,NA,NA,NA,NA,NA,NA,NA,NA
2026-01-30 07:00:00,91.0,126.0,23.5,41.5,41.5,8.25,3.25,0.25,2.5,3.0,2.0,NA,2.0,2.0,2.0,NA,NA,NA,NA,NA,NA,NA,NA,NA
2026-01-30 08:00:00,104.5,140.25,24.5,46.25,44.5,9.5,5.75,0.75,3.25,5.0,6.0,NA,3.0,4.5,1.0,NA,NA,NA,NA,NA,NA,NA,NA,NA
2026-01-30 09:00:00,126.0,170.25,25.75,52.0,49.0,9.5,7.75,1.0,3.5,5.0,6.0,NA,3.0,4.5,1.0,NA,NA,NA,NA,NA,NA,NA,NA,NA
2026-01-30 10:00:00,147.75,201.5,26.5,47.25,46.75,10.25,8.0,0.75,5.0,5.0,6.0,NA,3.0,4.0,1.5,NA,NA,NA,NA,NA,NA,NA,NA,NA
2026-01-30 11:00:00,111.25,160.0,25.25,38.75,41.25,7.75,9.25,0.0,7.0,5.0,6.0,NA,3.0,4.0,1.0,NA,NA,NA,NA,NA,NA,NA,NA,NA
2026-01-30 12:00:00,99.75,149.75,25.5,39.25,42.0,8.0,11.5,0.0,7.0,5.0,6.0,NA,3.0,4.75,1.0,NA,NA,NA,NA,NA,NA,NA,NA,NA
2026-01-30 13:00:00,100.75,150.25,25.75,41.5,43.5,7.0,NA,0.0,9.5,3.0,3.0,NA,1.0,4.0,2.0,NA,NA,NA,NA,NA,NA,NA,NA,NA
2026-01-30 14:00:00,82.5,123.75,26.0,38.67,41.33,7.0,NA,0.0,13.0,NA,NA,NA,NA,NA,NA,NA,NA,NA,NA,NA,NA,NA,NA,NA
2026-01-30 15:00:00,59.75,94.5,NA,NA,NA,NA,11.0,0.0,15.5,NA,NA,NA,NA,NA,NA,NA,NA,NA,NA,NA,NA,NA,NA,NA
2026-01-30 16:00:00,70.75,112.75,NA,NA,NA,NA,8.75,0.0,15.75,3.0,3.0,NA,1.0,4.0,2.0,NA,NA,NA,NA,NA,NA,NA,NA,NA
2026-01-30 17:00:00,68.33,111.33,25.5,32.0,38.0,6.5,7.67,0.0,12.33,3.0,3.0,NA,1.0,4.0,2.0,NA,NA,NA,NA,NA,NA,NA,NA,NA
2026-01-30 18:00:00,77.0,124.5,24.75,29.25,35.75,5.75,7.0,0.75,4.0,2.25,2.25,NA,4.25,2.5,4.25,NA,NA,NA,NA,NA,NA,NA,NA,NA
2026-01-30 19:00:00,103.0,181.25,29.0,50.25,50.25,10.5,8.5,2.25,2.5,2.0,2.0,NA,6.0,2.0,5.0,NA,NA,NA,NA,NA,NA,NA,NA,NA
2026-01-30 20:00:00,129.25,251.75,33.5,73.5,66.75,14.75,13.0,3.0,2.0,2.0,2.0,NA,5.5,2.0,4.75,NA,NA,NA,NA,NA,NA,NA,NA,NA
2026-01-30 21:00:00,168.0,306.0,37.5,105.75,86.75,17.0,15.0,4.0,2.0,1.25,1.25,NA,3.75,2.0,2.0,NA,NA,NA,NA,NA,NA,NA,NA,NA
2026-01-30 22:00:00,197.5,323.5,34.0,95.25,78.0,15.0,15.0,3.5,2.0,1.0,1.0,NA,3.0,2.0,1.0,NA,NA,NA,NA,NA,NA,NA,NA,NA
2026-01-30 23:00:00,212.67,324.67,35.0,94.33,78.67,16.0,15.0,4.0,1.67,1.0,1.0,NA,3.0,2.0,1.0,NA,NA,NA,NA,NA,NA,NA,NA,NA
2026-01-31 00:00:00,231.75,346.25,35.0,92.75,77.75,16.25,12.25,2.75,1.25,3.0,2.0,NA,2.0,2.0,2.0,NA,NA,NA,NA,NA,NA,NA,NA,NA
2026-01-31 01:00:00,233.0,339.75,37.25,107.25,87.5,16.75,12.0,2.5,1.25,3.0,2.0,NA,2.0,2.0,2.0,NA,NA,NA,NA,NA,NA,NA,NA,NA
2026-01-31 02:00:00,216.0,301.75,36.25,105.25,85.5,15.75,12.0,2.0,1.0,3.0,2.0,NA,2.0,2.0,2.0,NA,NA,NA,NA,NA,NA,NA,NA,NA
2026-01-31 03:00:00,207.75,294.0,39.0,119.75,95.25,19.5,12.0,3.0,1.25,3.0,2.0,NA,2.0,2.0,2.0,NA,NA,NA,NA,NA,NA,NA,NA,NA
2026-01-31 04:00:00,206.0,319.0,41.25,138.5,107.25,21.75,15.75,2.5,1.0,3.0,2.0,NA,2.0,2.0,2.0,NA,NA,NA,NA,NA,NA,NA,NA,NA
2026-01-31 05:00:00,187.67,290.5,40.33,145.67,110.33,20.0,16.0,1.33,2.0,3.0,2.0,NA,2.0,2.0,2.0,NA,NA,NA,NA,NA,NA,NA,NA,NA
2026-01-31 06:00:00,144.25,229.5,33.25,100.75,80.75,15.0,14.75,0.0,1.25,3.0,2.0,NA,2.0,2.0,2.0,NA,NA,NA,NA,NA,NA,NA,NA,NA
2026-01-31 07:00:00,116.75,202.0,32.0,85.25,71.25,14.25,14.75,0.0,1.5,3.0,2.0,NA,2.0,2.0,2.0,NA,NA,NA,NA,NA,NA,NA,NA,NA
2026-01-31 08:00:00,150.75,261.75,31.0,88.75,72.75,12.5,7.0,1.0,2.0,5.0,6.0,NA,3.0,4.75,1.25,NA,NA,NA,NA,NA,NA,NA,NA,NA
2026-01-31 09:00:00,210.0,323.5,28.25,64.75,57.25,12.5,3.0,1.0,2.25,5.0,6.0,NA,3.0,4.75,1.5,NA,NA,NA,NA,NA,NA,NA,NA,NA
2026-01-31 10:00:00,261.75,357.75,25.25,47.0,45.5,10.5,3.0,0.0,2.5,5.0,6.0,NA,3.0,4.25,1.0,NA,NA,NA,NA,NA,NA,NA,NA,NA
2026-01-31 11:00:00,228.5,308.25,24.75,44.25,44.0,9.75,3.25,0.0,3.0,5.0,6.0,NA,3.0,4.25,1.0,NA,NA,NA,NA,NA,NA,NA,NA,NA
2026-01-31 12:00:00,206.25,286.0,23.75,35.75,38.5,6.25,2.25,1.0,5.5,5.0,6.0,NA,3.0,4.5,1.25,NA,NA,NA,NA,NA,NA,NA,NA,NA
2026-01-31 13:00:00,195.0,270.25,24.75,43.5,43.25,8.75,2.0,1.0,8.5,3.0,3.0,NA,1.0,4.0,2.0,NA,NA,NA,NA,NA,NA,NA,NA,NA
2026-01-31 14:00:00,185.25,257.5,24.5,39.5,41.0,8.25,2.0,1.0,12.5,3.0,3.0,NA,1.0,3.75,2.25,NA,NA,NA,NA,NA,NA,NA,NA,NA
2026-01-31 15:00:00,188.0,265.0,25.25,43.25,43.75,9.25,1.75,1.0,12.0,3.0,3.0,NA,1.0,4.0,2.0,NA,NA,NA,NA,NA,NA,NA,NA,NA
2026-01-31 16:00:00,179.5,260.5,24.5,42.5,43.0,7.75,8.75,1.0,9.0,3.0,3.0,NA,1.0,3.75,2.0,NA,NA,NA,NA,NA,NA,NA,NA,NA
2026-01-31 17:00:00,178.0,268.0,25.5,39.5,42.0,9.75,12.0,1.0,4.25,3.0,3.0,NA,1.0,4.0,2.0,NA,NA,NA,NA,NA,NA,NA,NA,NA
2026-01-31 18:00:00,174.0,259.5,27.25,44.5,46.0,9.0,11.5,1.0,3.0,2.25,2.25,NA,4.5,2.5,4.0,NA,NA,NA,NA,NA,NA,NA,NA,NA
2026-01-31 19:00:00,155.25,220.75,27.5,47.0,47.5,8.25,11.0,1.0,2.25,2.0,2.0,NA,5.5,2.0,4.75,NA,NA,NA,NA,NA,NA,NA,NA,NA
2026-01-31 20:00:00,157.0,215.75,25.75,36.75,40.5,8.25,8.25,1.0,2.0,2.0,2.0,NA,6.0,2.0,4.75,NA,NA,NA,NA,NA,NA,NA,NA,NA
2026-01-31 21:00:00,152.75,208.0,28.5,56.25,53.25,8.0,7.0,1.0,2.0,1.25,1.25,NA,3.75,2.0,1.75,NA,NA,NA,NA,NA,NA,NA,NA,NA
2026-01-31 22:00:00,147.25,209.5,25.75,40.0,42.0,6.25,7.0,1.0,1.75,1.0,1.0,NA,3.0,2.0,1.0,NA,NA,NA,NA,NA,NA,NA,NA,NA
2026-01-31 23:00:00,139.33,208.0,24.67,38.67,41.33,7.33,7.0,1.0,1.67,1.0,1.0,NA,3.0,2.0,1.0,NA,NA,NA,NA,NA,NA,NA,NA,NA
2026-02-01 00:00:00,136.0,217.5,24.25,38.5,40.5,7.75,12.25,0.75,1.25,3.0,2.0,NA,2.0,2.0,2.0,NA,NA,NA,NA,NA,NA,NA,NA,NA
2026-02-01 01:00:00,128.25,208.75,24.0,34.75,38.5,9.25,15.0,0.0,1.0,3.0,2.0,NA,2.0,2.0,2.0,NA,NA,NA,NA,NA,NA,NA,NA,NA
2026-02-01 02:00:00,113.5,189.0,24.5,45.5,44.25,7.0,14.75,0.0,1.0,3.0,2.0,NA,2.0,2.0,2.0,NA,NA,NA,NA,NA,NA,NA,NA,NA
2026-02-01 03:00:00,110.0,183.25,24.25,42.0,42.5,8.5,14.25,0.0,1.0,3.0,2.0,NA,2.0,2.0,2.0,NA,NA,NA,NA,NA,NA,NA,NA,NA
2026-02-01 04:00:00,109.75,176.0,23.75,36.75,39.0,7.5,7.0,0.0,1.0,3.0,2.0,NA,2.0,2.0,2.0,NA,NA,NA,NA,NA,NA,NA,NA,NA
2026-02-01 05:00:00,106.75,159.75,24.5,42.0,42.25,7.75,3.0,0.0,1.25,3.0,2.0,NA,2.0,2.0,2.0,NA,NA,NA,NA,NA,NA,NA,NA,NA
2026-02-01 06:00:00,106.75,154.75,25.25,43.75,44.25,8.0,3.0,0.0,1.0,3.0,2.0,NA,2.0,2.0,2.0,NA,NA,NA,NA,NA,NA,NA,NA,NA
2026-02-01 07:00:00,110.0,160.0,25.25,40.75,42.75,8.75,3.0,0.25,1.0,3.0,2.0,NA,2.0,2.0,2.0,NA,NA,NA,NA,NA,NA,NA,NA,NA
2026-02-01 08:00:00,122.5,175.25,26.25,50.5,48.5,9.25,4.0,0.25,1.5,5.0,6.0,NA,3.0,4.5,1.5,NA,NA,NA,NA,NA,NA,NA,NA,NA
2026-02-01 09:00:00,114.75,155.5,24.25,38.25,40.0,7.5,4.75,0.0,2.0,5.0,6.0,NA,3.0,4.0,1.25,NA,NA,NA,NA,NA,NA,NA,NA,NA
2026-02-01 10:00:00,93.75,128.25,24.5,39.5,41.25,7.25,5.0,0.0,2.0,5.0,6.0,NA,3.0,4.25,1.75,NA,NA,NA,NA,NA,NA,NA,NA,NA
2026-02-01 11:00:00,65.25,94.25,24.25,34.5,38.0,7.5,5.5,0.0,2.25,5.0,6.0,NA,3.0,4.25,1.0,NA,NA,NA,NA,NA,NA,NA,NA,NA
2026-02-01 12:00:00,54.0,78.75,26.25,44.75,45.5,8.0,6.75,0.0,3.5,5.0,6.0,NA,3.0,4.0,1.25,NA,NA,NA,NA,NA,NA,NA,NA,NA
2026-02-01 13:00:00,55.25,82.75,26.25,38.75,41.75,8.75,7.25,0.0,5.25,3.0,3.0,NA,1.0,4.0,2.0,NA,NA,NA,NA,NA,NA,NA,NA,NA
2026-02-01 14:00:00,64.25,94.5,25.0,35.0,39.25,7.75,8.0,0.0,8.0,3.0,3.0,NA,1.0,4.0,2.0,NA,NA,NA,NA,NA,NA,NA,NA,NA
2026-02-01 15:00:00,48.5,81.0,26.0,41.0,43.0,7.0,7.75,0.0,8.75,3.0,3.0,NA,1.0,4.0,2.0,NA,NA,NA,NA,NA,NA,NA,NA,NA
2026-02-01 16:00:00,35.75,56.0,25.0,37.0,40.0,7.25,11.75,0.0,12.25,3.0,3.0,NA,1.0,4.0,2.0,NA,NA,NA,NA,NA,NA,NA,NA,NA
2026-02-01 17:00:00,43.5,67.0,25.0,33.75,38.25,8.5,13.75,0.0,8.75,3.0,3.0,NA,1.0,4.0,2.0,NA,NA,NA,NA,NA,NA,NA,NA,NA
2026-02-01 18:00:00,42.0,71.5,25.25,31.75,37.75,7.75,13.0,0.25,3.5,2.25,2.25,NA,4.5,2.5,3.5,NA,NA,NA,NA,NA,NA,NA,NA,NA
2026-02-01 19:00:00,55.25,107.0,26.25,36.25,41.0,8.0,13.5,1.0,2.0,2.0,2.0,NA,5.75,2.0,4.75,NA,NA,NA,NA,NA,NA,NA,NA,NA
2026-02-01 20:00:00,81.5,137.0,27.75,43.75,45.5,7.75,8.0,1.25,2.0,2.0,2.0,NA,6.0,2.0,4.5,NA,NA,NA,NA,NA,NA,NA,NA,NA
2026-02-01 21:00:00,125.75,194.0,28.75,50.5,50.5,11.0,6.25,2.75,2.0,1.25,1.25,NA,3.75,2.0,2.0,NA,NA,NA,NA,NA,NA,NA,NA,NA
2026-02-01 22:00:00,142.75,211.0,32.25,74.5,66.25,12.75,6.0,2.25,1.75,1.0,1.0,NA,3.0,2.0,1.0,NA,NA,NA,NA,NA,NA,NA,NA,NA
2026-02-01 23:00:00,121.67,180.33,32.67,80.67,69.67,12.33,6.0,2.67,1.67,1.0,1.0,NA,3.0,2.0,1.0,NA,NA,NA,NA,NA,NA,NA,NA,NA
2026-02-02 00:00:00,122.5,181.25,31.5,77.5,67.0,12.0,13.25,1.5,1.75,3.0,2.0,NA,2.0,2.0,2.0,NA,NA,NA,NA,NA,NA,NA,NA,NA
2026-02-02 01:00:00,149.5,219.25,30.5,73.0,64.0,10.75,16.75,1.5,2.0,3.0,2.0,NA,2.0,2.0,2.0,NA,NA,NA,NA,NA,NA,NA,NA,NA
2026-02-02 02:00:00,136.5,199.75,26.25,49.75,47.75,7.5,16.25,0.0,1.0,3.0,2.0,NA,2.0,2.0,2.0,NA,NA,NA,NA,NA,NA,NA,NA,NA
2026-02-02 03:00:00,99.5,144.0,25.0,41.5,42.75,8.0,16.0,0.0,1.0,3.0,2.0,NA,2.0,2.0,2.0,NA,NA,NA,NA,NA,NA,NA,NA,NA
2026-02-02 04:00:00,89.5,127.75,24.5,38.25,40.5,7.5,8.0,0.0,1.0,3.0,2.0,NA,2.0,2.0,2.0,NA,NA,NA,NA,NA,NA,NA,NA,NA
2026-02-02 05:00:00,79.5,111.25,25.0,40.75,42.5,8.5,4.25,0.0,1.0,3.0,2.0,NA,2.0,2.0,2.0,NA,NA,NA,NA,NA,NA,NA,NA,NA
2026-02-02 06:00:00,74.0,108.25,24.5,42.75,43.0,7.0,4.0,0.0,1.0,3.0,2.0,NA,2.0,2.0,2.0,NA,NA,NA,NA,NA,NA,NA,NA,NA
2026-02-02 07:00:00,66.0,96.5,24.5,42.75,42.75,5.75,4.0,0.0,1.0,3.0,2.0,NA,2.0,2.0,2.0,NA,NA,NA,NA,NA,NA,NA,NA,NA
2026-02-02 08:00:00,67.75,104.5,23.75,32.75,37.25,7.0,2.0,0.0,1.25,5.0,6.0,NA,3.0,4.0,1.0,NA,NA,NA,NA,NA,NA,NA,NA,NA
2026-02-02 09:00:00,89.5,129.75,26.75,49.5,48.5,9.0,0.75,0.75,1.75,5.0,6.0,NA,3.0,4.5,1.0,NA,NA,NA,NA,NA,NA,NA,NA,NA
2026-02-02 10:00:00,112.25,158.0,27.25,45.5,46.5,8.5,1.0,1.0,1.5,5.0,6.0,NA,3.0,4.75,1.0,NA,NA,NA,NA,NA,NA,NA,NA,NA
2026-02-02 11:00:00,124.0,168.0,24.75,31.75,37.0,5.5,0.75,0.5,2.0,5.0,6.0,NA,3.0,4.5,1.25,NA,NA,NA,NA,NA,NA,NA,NA,NA
2026-02-02 12:00:00,131.25,178.0,26.25,40.75,43.25,6.25,0.5,0.0,2.0,5.0,6.0,NA,3.0,4.0,1.0,NA,NA,NA,NA,NA,NA,NA,NA,NA
2026-02-02 13:00:00,131.5,176.75,25.75,32.0,37.75,6.5,NA,0.0,3.0,3.0,3.0,NA,1.0,4.0,2.0,NA,NA,NA,NA,NA,NA,NA,NA,NA
2026-02-02 14:00:00,133.25,178.25,25.75,33.0,38.5,6.5,NA,0.0,3.25,3.0,3.0,NA,1.0,4.0,2.0,NA,NA,NA,NA,NA,NA,NA,NA,NA
2026-02-02 15:00:00,131.33,173.0,27.33,45.0,46.33,6.67,NA,0.0,3.0,3.0,3.0,NA,1.0,4.0,2.0,NA,NA,NA,NA,NA,NA,NA,NA,NA
2026-02-02 16:00:00,133.25,177.25,27.0,44.5,46.25,7.0,9.67,0.25,3.75,3.0,3.0,NA,1.0,4.0,2.0,NA,NA,NA,NA,NA,NA,NA,NA,NA
2026-02-02 17:00:00,126.25,170.0,26.75,34.5,40.0,7.75,10.75,0.75,3.0,3.0,3.0,NA,1.0,4.0,2.0,NA,NA,NA,NA,NA,NA,NA,NA,NA
2026-02-02 18:00:00,120.0,173.75,26.75,34.5,40.0,5.75,10.75,1.0,2.0,2.25,2.25,NA,4.5,2.5,4.25,NA,NA,NA,NA,NA,NA,NA,NA,NA
2026-02-02 19:00:00,115.5,181.25,25.75,32.0,38.0,5.0,11.0,1.0,2.0,2.0,2.0,NA,6.0,2.0,4.75,NA,NA,NA,NA,NA,NA,NA,NA,NA
2026-02-02 20:00:00,119.0,190.0,24.5,28.25,34.75,7.5,8.0,1.0,2.0,2.0,2.0,NA,6.0,2.0,4.5,NA,NA,NA,NA,NA,NA,NA,NA,NA
2026-02-02 21:00:00,113.75,170.75,26.75,47.0,46.75,6.75,7.0,1.0,2.0,1.25,1.25,NA,3.75,2.0,2.0,NA,NA,NA,NA,NA,NA,NA,NA,NA
2026-02-02 22:00:00,121.25,180.0,26.0,40.5,43.0,9.0,7.0,1.0,2.0,1.0,1.0,NA,3.0,2.0,1.0,NA,NA,NA,NA,NA,NA,NA,NA,NA
2026-02-02 23:00:00,122.0,185.67,29.33,58.67,54.67,9.67,6.67,2.0,2.0,1.0,1.0,NA,3.0,2.0,1.0,NA,NA,NA,NA,NA,NA,NA,NA,NA
2026-02-03 00:00:00,113.67,180.33,27.67,51.67,50.0,9.33,5.67,1.0,2.0,3.0,2.0,NA,2.0,2.0,2.0,NA,NA,NA,NA,NA,NA,NA,NA,NA
2026-02-03 01:00:00,102.5,166.5,26.25,43.5,44.25,7.25,5.0,0.75,2.0,3.0,2.0,NA,2.0,2.0,2.0,NA,NA,NA,NA,NA,NA,NA,NA,NA
2026-02-03 02:00:00,81.5,136.0,25.25,45.25,44.75,7.0,5.25,0.0,2.0,3.0,2.0,NA,2.0,2.0,2.0,NA,NA,NA,NA,NA,NA,NA,NA,NA
2026-02-03 03:00:00,65.0,101.75,24.25,39.0,40.5,4.75,5.0,0.0,2.0,3.0,2.0,NA,2.0,2.0,2.0,NA,NA,NA,NA,NA,NA,NA,NA,NA
2026-02-03 04:00:00,76.25,124.25,25.0,40.75,42.5,6.5,5.0,0.0,2.0,3.0,2.0,NA,2.0,2.0,2.0,NA,NA,NA,NA,NA,NA,NA,NA,NA
2026-02-03 05:00:00,87.75,137.75,24.25,38.5,40.5,6.5,5.0,0.0,2.0,3.0,2.0,NA,2.0,2.0,2.0,NA,NA,NA,NA,NA,NA,NA,NA,NA
2026-02-03 06:00:00,80.75,130.0,23.25,35.0,37.5,7.0,5.0,0.0,2.0,3.0,2.0,NA,2.0,2.0,2.0,NA,NA,NA,NA,NA,NA,NA,NA,NA
2026-02-03 07:00:00,71.0,121.75,24.25,40.5,41.5,8.5,5.0,0.0,1.75,3.0,2.0,NA,2.0,2.0,2.0,NA,NA,NA,NA,NA,NA,NA,NA,NA
2026-02-03 08:00:00,75.0,132.25,24.5,45.0,43.75,9.25,6.0,0.75,2.0,5.0,6.0,NA,3.0,4.25,1.25,NA,NA,NA,NA,NA,NA,NA,NA,NA
2026-02-03 09:00:00,97.25,161.25,26.25,52.25,49.25,10.25,6.0,1.0,2.0,5.0,6.0,NA,3.0,4.25,1.0,NA,NA,NA,NA,NA,NA,NA,NA,NA
2026-02-03 10:00:00,142.25,196.5,27.0,43.5,45.25,10.0,6.0,1.0,11.5,5.0,6.0,NA,3.0,4.25,1.0,NA,NA,NA,NA,NA,NA,NA,NA,NA
2026-02-03 11:00:00,164.75,228.25,26.5,36.75,41.0,8.75,6.0,1.0,24.0,5.0,6.0,NA,3.0,4.25,1.0,NA,NA,NA,NA,NA,NA,NA,NA,NA
2026-02-03 12:00:00,189.75,264.0,26.0,38.25,41.25,8.0,5.25,1.0,40.0,5.0,6.0,NA,3.0,4.0,1.0,NA,NA,NA,NA,NA,NA,NA,NA,NA
2026-02-03 13:00:00,182.75,252.5,27.0,43.75,45.5,9.5,5.75,0.75,63.75,3.0,3.0,NA,1.0,4.0,2.0,NA,NA,NA,NA,NA,NA,NA,NA,NA
2026-02-03 14:00:00,186.25,267.25,26.0,35.75,40.5,6.5,8.0,0.5,67.25,3.0,3.0,NA,1.0,4.0,2.0,NA,NA,NA,NA,NA,NA,NA,NA,NA
2026-02-03 15:00:00,154.5,221.0,23.75,25.75,33.5,4.0,9.25,0.0,76.75,3.0,3.0,NA,1.0,4.0,2.0,NA,NA,NA,NA,NA,NA,NA,NA,NA
2026-02-03 16:00:00,126.0,191.25,26.5,46.0,45.75,8.0,5.5,0.0,74.5,3.0,3.0,NA,1.0,4.0,2.0,NA,NA,NA,NA,NA,NA,NA,NA,NA
2026-02-03 17:00:00,105.5,163.75,26.0,40.25,42.75,7.5,1.0,0.5,55.0,3.0,3.0,NA,1.0,4.0,2.0,NA,NA,NA,NA,NA,NA,NA,NA,NA
2026-02-03 18:00:00,137.75,218.25,25.0,34.0,38.25,6.5,0.75,1.25,25.25,2.25,2.25,NA,4.25,2.5,4.25,NA,NA,NA,NA,NA,NA,NA,NA,NA
2026-02-03 19:00:00,169.5,271.25,28.0,43.5,46.0,9.0,0.75,2.5,23.0,2.0,2.0,NA,6.0,2.0,5.0,NA,NA,NA,NA,NA,NA,NA,NA,NA
2026-02-03 20:00:00,214.25,359.0,30.0,55.5,54.0,10.0,0.5,2.0,23.0,2.0,2.0,NA,6.0,2.0,5.0,NA,NA,NA,NA,NA,NA,NA,NA,NA
2026-02-03 21:00:00,228.0,378.75,29.75,57.25,55.0,9.5,0.0,2.5,22.25,1.25,1.25,NA,3.75,2.0,2.0,NA,NA,NA,NA,NA,NA,NA,NA,NA
2026-02-03 22:00:00,253.25,399.25,32.25,71.0,64.0,13.0,0.0,3.0,21.75,1.0,1.0,NA,3.0,2.0,1.0,NA,NA,NA,NA,NA,NA,NA,NA,NA
2026-02-03 23:00:00,263.0,396.67,35.33,91.33,77.0,13.0,0.67,3.33,21.0,1.0,1.0,NA,3.0,2.0,1.0,NA,NA,NA,NA,NA,NA,NA,NA,NA
2026-02-04 00:00:00,257.0,378.5,35.5,82.25,72.75,13.25,9.5,2.25,20.5,3.0,2.0,NA,2.0,2.0,2.0,NA,NA,NA,NA,NA,NA,NA,NA,NA
2026-02-04 01:00:00,234.0,343.0,36.5,87.25,76.25,13.5,14.0,2.0,20.25,3.0,2.0,NA,2.0,2.0,2.0,NA,NA,NA,NA,NA,NA,NA,NA,NA
2026-02-04 02:00:00,228.75,323.5,33.0,75.0,66.75,12.0,14.0,2.0,20.0,3.0,2.0,NA,2.0,2.0,2.0,NA,NA,NA,NA,NA,NA,NA,NA,NA
2026-02-04 03:00:00,229.75,317.25,36.0,88.0,76.0,14.5,14.0,2.75,20.25,3.0,2.0,NA,2.0,2.0,2.0,NA,NA,NA,NA,NA,NA,NA,NA,NA
2026-02-04 04:00:00,249.5,358.25,35.25,89.25,76.25,13.0,15.75,2.0,20.0,3.0,2.0,NA,2.0,2.0,2.0,NA,NA,NA,NA,NA,NA,NA,NA,NA
2026-02-04 05:00:00,239.25,357.5,35.5,92.25,78.25,14.25,16.25,2.0,20.0,3.0,2.0,NA,2.0,2.0,2.0,NA,NA,NA,NA,NA,NA,NA,NA,NA
2026-02-04 06:00:00,233.25,367.5,35.25,93.75,78.75,16.0,16.0,1.75,20.25,3.0,2.0,NA,2.0,2.0,2.0,NA,NA,NA,NA,NA,NA,NA,NA,NA
2026-02-04 07:00:00,206.25,330.75,32.5,94.0,76.25,11.75,15.5,0.25,20.75,3.0,2.0,NA,2.0,2.0,2.0,NA,NA,NA,NA,NA,NA,NA,NA,NA
2026-02-04 08:00:00,148.25,259.5,27.5,56.5,52.5,8.5,5.75,0.75,20.25,5.0,6.0,NA,3.0,4.25,1.5,NA,NA,NA,NA,NA,NA,NA,NA,NA
2026-02-04 09:00:00,171.0,244.5,29.25,59.75,55.5,10.0,0.75,0.75,20.75,5.0,6.0,NA,3.0,4.5,1.25,NA,NA,NA,NA,NA,NA,NA,NA,NA
2026-02-04 10:00:00,231.25,307.25,29.25,49.0,49.75,9.75,0.5,0.0,21.0,5.0,6.0,NA,3.0,4.25,1.0,NA,NA,NA,NA,NA,NA,NA,NA,NA
2026-02-04 11:00:00,191.25,262.75,27.0,37.25,41.75,7.75,3.0,0.0,23.0,5.0,6.0,NA,3.0,4.5,1.0,NA,NA,NA,NA,NA,NA,NA,NA,NA
2026-02-04 12:00:00,179.0,244.25,27.25,43.5,45.5,8.25,15.75,0.0,29.0,5.0,6.0,NA,3.0,4.5,1.25,NA,NA,NA,NA,NA,NA,NA,NA,NA
2026-02-04 13:00:00,143.25,200.5,27.0,40.5,43.75,6.75,21.25,0.0,43.0,3.0,3.0,NA,1.0,4.0,2.0,NA,NA,NA,NA,NA,NA,NA,NA,NA
2026-02-04 14:00:00,93.25,142.0,26.25,34.25,39.75,6.75,20.75,0.0,57.5,3.0,3.0,NA,1.0,4.0,2.0,NA,NA,NA,NA,NA,NA,NA,NA,NA
2026-02-04 15:00:00,82.5,127.75,25.75,28.75,36.5,7.0,20.25,0.0,62.5,3.0,3.0,NA,1.0,4.0,2.0,NA,NA,NA,NA,NA,NA,NA,NA,NA
2026-02-04 16:00:00,61.5,98.5,25.5,31.5,37.75,6.25,12.25,0.0,62.25,3.0,3.0,NA,1.0,4.0,2.0,NA,NA,NA,NA,NA,NA,NA,NA,NA
2026-02-04 17:00:00,55.5,96.0,25.0,33.25,38.25,7.25,7.5,0.0,47.5,3.0,3.0,NA,1.0,4.0,2.0,NA,NA,NA,NA,NA,NA,NA,NA,NA
2026-02-04 18:00:00,65.75,116.25,27.0,42.25,44.5,6.25,7.0,0.5,30.25,2.25,2.25,NA,4.5,2.5,4.25,NA,NA,NA,NA,NA,NA,NA,NA,NA
2026-02-04 19:00:00,91.75,151.0,26.25,37.0,41.0,5.5,6.25,1.0,23.5,2.0,2.0,NA,5.25,2.0,4.75,NA,NA,NA,NA,NA,NA,NA,NA,NA
2026-02-04 20:00:00,112.25,180.0,26.25,36.25,40.75,7.0,8.0,1.0,22.0,2.0,2.0,NA,5.5,2.25,4.75,NA,NA,NA,NA,NA,NA,NA,NA,NA
2026-02-04 21:00:00,142.5,226.25,27.25,44.5,45.75,9.0,10.0,1.0,22.25,1.25,1.25,NA,3.75,2.0,2.0,NA,NA,NA,NA,NA,NA,NA,NA,NA
2026-02-04 22:00:00,152.25,230.5,28.5,53.0,51.5,7.75,9.5,1.0,22.0,1.0,1.0,NA,3.0,2.0,1.0,NA,NA,NA,NA,NA,NA,NA,NA,NA
2026-02-04 23:00:00,139.67,205.67,28.33,46.33,47.67,8.33,9.33,1.0,21.0,1.0,1.0,NA,3.0,2.0,1.0,NA,NA,NA,NA,NA,NA,NA,NA,NA
2026-02-05 00:00:00,136.0,198.25,28.25,38.25,43.25,8.0,4.75,0.25,21.5,3.0,2.0,NA,2.0,2.0,2.0,NA,NA,NA,NA,NA,NA,NA,NA,NA
2026-02-05 01:00:00,132.0,188.75,27.25,39.5,43.5,6.75,3.0,0.0,21.5,3.0,2.0,NA,2.0,2.0,2.0,NA,NA,NA,NA,NA,NA,NA,NA,NA
2026-02-05 02:00:00,126.5,186.5,25.75,36.5,40.75,5.25,3.0,0.0,22.25,3.0,2.0,NA,2.0,2.0,2.0,NA,NA,NA,NA,NA,NA,NA,NA,NA
2026-02-05 03:00:00,121.5,172.75,27.0,39.5,43.0,7.5,3.0,0.0,24.25,3.0,2.0,NA,2.0,2.0,2.0,NA,NA,NA,NA,NA,NA,NA,NA,NA
2026-02-05 04:00:00,113.5,158.0,25.75,34.75,39.5,6.5,10.75,0.0,24.75,3.0,2.0,NA,2.0,2.0,2.0,NA,NA,NA,NA,NA,NA,NA,NA,NA
2026-02-05 05:00:00,106.75,149.25,25.5,31.5,37.75,4.75,16.0,0.0,23.75,3.0,2.0,NA,2.0,2.0,2.0,NA,NA,NA,NA,NA,NA,NA,NA,NA
2026-02-05 06:00:00,106.25,154.25,23.0,21.25,30.5,4.5,16.0,0.0,23.5,3.0,2.0,NA,2.0,2.0,2.0,NA,NA,NA,NA,NA,NA,NA,NA,NA
2026-02-05 07:00:00,114.5,167.25,25.75,39.5,42.5,6.75,15.5,0.25,22.5,3.0,2.0,NA,2.0,2.0,2.0,NA,NA,NA,NA,NA,NA,NA,NA,NA
2026-02-05 08:00:00,132.5,196.5,28.5,52.25,50.5,9.75,5.75,0.0,22.75,5.0,6.0,NA,3.0,4.0,1.25,NA,NA,NA,NA,NA,NA,NA,NA,NA
2026-02-05 09:00:00,148.25,212.5,30.0,51.5,51.75,8.25,1.5,0.0,31.0,5.0,6.0,NA,3.0,4.25,1.0,NA,NA,NA,NA,NA,NA,NA,NA,NA
2026-02-05 10:00:00,134.25,196.25,27.25,32.0,39.25,6.75,2.5,0.0,47.0,5.0,6.0,NA,3.0,4.5,1.0,NA,NA,NA,NA,NA,NA,NA,NA,NA
2026-02-05 11:00:00,116.5,178.25,28.0,38.5,43.25,6.25,2.75,0.0,71.25,4.75,6.0,NA,3.0,4.25,1.25,NA,NA,NA,NA,NA,NA,NA,NA,NA
2026-02-05 12:00:00,83.0,139.25,25.0,26.0,34.25,3.0,10.25,0.0,86.25,5.0,6.0,NA,3.0,4.5,1.5,NA,NA,NA,NA,NA,NA,NA,NA,NA
2026-02-05 13:00:00,81.0,121.25,25.0,32.25,37.75,4.0,15.0,0.0,87.5,3.0,3.0,NA,1.0,4.0,2.0,NA,NA,NA,NA,NA,NA,NA,NA,NA
2026-02-05 14:00:00,74.25,114.25,26.5,41.25,44.0,6.0,15.25,0.0,92.0,3.0,3.0,NA,1.0,4.0,2.0,NA,NA,NA,NA,NA,NA,NA,NA,NA
2026-02-05 15:00:00,66.0,102.67,26.33,40.0,42.67,4.33,14.0,0.0,84.67,3.0,3.0,NA,1.0,4.0,2.0,NA,NA,NA,NA,NA,NA,NA,NA,NA
2026-02-05 16:00:00,40.75,70.75,26.25,35.75,40.25,5.75,8.0,0.0,88.5,3.0,3.0,NA,1.0,4.0,2.0,NA,NA,NA,NA,NA,NA,NA,NA,NA
2026-02-05 17:00:00,51.75,86.0,26.5,39.25,42.75,5.5,4.0,0.0,69.5,3.0,3.0,NA,1.0,4.0,2.0,NA,NA,NA,NA,NA,NA,NA,NA,NA
2026-02-05 18:00:00,58.25,104.5,26.75,38.0,42.0,6.25,4.0,0.75,46.25,2.25,2.25,NA,4.75,2.5,3.75,NA,NA,NA,NA,NA,NA,NA,NA,NA
2026-02-05 19:00:00,91.25,149.0,27.5,42.0,45.0,7.5,3.75,1.0,29.25,2.0,2.0,NA,6.0,2.0,5.0,NA,NA,NA,NA,NA,NA,NA,NA,NA
2026-02-05 20:00:00,124.0,183.67,27.0,35.67,40.67,7.0,12.25,1.0,23.33,2.0,2.0,NA,6.0,2.0,4.33,NA,NA,NA,NA,NA,NA,NA,NA,NA
2026-02-05 21:00:00,137.5,206.5,26.0,32.5,38.5,6.0,17.0,1.0,22.5,1.25,1.25,NA,3.75,2.0,2.0,NA,NA,NA,NA,NA,NA,NA,NA,NA
2026-02-05 22:00:00,135.25,197.5,27.75,40.75,44.25,8.5,17.0,1.0,22.5,1.0,1.0,NA,3.0,2.0,1.0,NA,NA,NA,NA,NA,NA,NA,NA,NA
2026-02-05 23:00:00,130.0,187.67,26.0,33.0,39.0,6.0,17.0,1.0,23.33,1.0,1.0,NA,3.0,2.0,1.0,NA,NA,NA,NA,NA,NA,NA,NA,NA
2026-02-06 00:00:00,126.25,183.25,27.75,36.5,42.0,8.0,11.0,0.75,23.75,3.0,2.0,NA,2.0,2.0,2.0,NA,NA,NA,NA,NA,NA,NA,NA,NA
2026-02-06 01:00:00,108.75,155.75,29.5,43.25,47.0,9.0,NA,0.0,24.5,3.0,2.0,NA,2.0,2.0,2.0,NA,NA,NA,NA,NA,NA,NA,NA,NA
2026-02-06 02:00:00,100.5,142.75,26.75,25.25,35.25,5.75,NA,0.0,24.0,3.0,2.0,NA,2.0,2.0,2.0,NA,NA,NA,NA,NA,NA,NA,NA,NA
2026-02-06 03:00:00,98.0,139.0,27.5,31.25,39.0,5.75,NA,0.0,23.0,3.0,2.0,NA,2.0,2.0,2.0,NA,NA,NA,NA,NA,NA,NA,NA,NA
2026-02-06 04:00:00,116.25,162.5,29.5,46.25,48.75,6.5,5.33,0.0,21.25,3.0,2.0,NA,2.0,2.0,2.0,NA,NA,NA,NA,NA,NA,NA,NA,NA
2026-02-06 05:00:00,117.75,165.0,28.5,41.25,45.0,6.75,6.0,0.0,20.25,3.0,2.0,NA,2.0,2.0,2.0,NA,NA,NA,NA,NA,NA,NA,NA,NA
2026-02-06 06:00:00,93.25,135.75,26.0,26.75,35.5,4.75,6.0,0.0,20.25,3.0,2.0,NA,2.0,2.0,2.0,NA,NA,NA,NA,NA,NA,NA,NA,NA
2026-02-06 07:00:00,90.75,132.75,24.75,28.75,35.5,4.5,6.0,0.0,20.75,3.0,2.0,NA,2.0,2.0,2.0,NA,NA,NA,NA,NA,NA,NA,NA,NA
2026-02-06 08:00:00,92.0,143.0,23.75,29.75,35.25,5.5,8.0,0.0,23.0,5.0,6.0,NA,3.0,4.25,1.25,NA,NA,NA,NA,NA,NA,NA,NA,NA
2026-02-06 09:00:00,104.75,164.75,26.0,37.25,40.75,6.5,9.5,0.0,30.5,5.0,6.0,NA,3.0,4.25,1.0,NA,NA,NA,NA,NA,NA,NA,NA,NA
2026-02-06 10:00:00,110.0,176.25,27.25,42.0,44.75,7.5,10.75,0.0,54.25,5.0,6.0,NA,3.0,4.25,1.25,NA,NA,NA,NA,NA,NA,NA,NA,NA
2026-02-06 11:00:00,97.25,163.0,27.0,42.5,44.75,8.5,10.75,0.0,74.0,5.0,6.0,NA,3.0,4.5,1.75,NA,NA,NA,NA,NA,NA,NA,NA,NA
2026-02-06 12:00:00,71.25,129.5,26.0,38.75,41.5,5.25,16.5,0.0,85.75,5.0,6.0,NA,3.0,4.5,1.25,NA,NA,NA,NA,NA,NA,NA,NA,NA
2026-02-06 13:00:00,62.75,110.33,27.33,42.33,44.67,7.0,21.67,0.0,91.33,3.0,3.0,NA,1.0,4.0,2.0,NA,NA,NA,NA,NA,NA,NA,NA,NA
2026-02-06 14:00:00,65.25,111.5,26.75,35.0,40.5,6.75,27.5,0.0,87.25,3.0,3.0,NA,1.0,4.0,2.0,NA,NA,NA,NA,NA,NA,NA,NA,NA
2026-02-06 15:00:00,77.0,122.5,27.25,38.0,42.5,7.0,21.25,0.0,90.0,3.0,3.0,NA,1.0,4.0,2.0,NA,NA,NA,NA,NA,NA,NA,NA,NA
2026-02-06 16:00:00,67.25,105.0,27.75,37.75,42.75,6.0,27.25,0.0,81.0,3.0,3.0,NA,1.0,4.0,2.0,NA,NA,NA,NA,NA,NA,NA,NA,NA
2026-02-06 17:00:00,62.25,100.33,28.33,40.0,44.67,6.33,29.67,0.0,63.67,3.0,3.0,NA,1.0,3.67,2.0,NA,NA,NA,NA,NA,NA,NA,NA,NA
2026-02-06 18:00:00,75.0,124.0,28.25,38.75,43.75,7.75,28.0,0.5,41.25,2.25,2.25,NA,4.75,2.5,4.25,NA,NA,NA,NA,NA,NA,NA,NA,NA
2026-02-06 19:00:00,92.25,144.75,30.0,45.5,48.5,6.5,27.5,1.0,32.0,2.0,2.0,NA,5.5,2.0,5.0,NA,NA,NA,NA,NA,NA,NA,NA,NA
2026-02-06 20:00:00,112.0,170.5,29.25,37.5,44.0,4.25,14.25,1.0,26.25,2.0,2.0,NA,5.5,2.25,5.0,NA,NA,NA,NA,NA,NA,NA,NA,NA
2026-02-06 21:00:00,130.0,196.75,28.25,32.75,40.5,5.25,7.0,1.0,23.25,1.25,1.25,NA,3.75,2.0,2.0,NA,NA,NA,NA,NA,NA,NA,NA,NA
2026-02-06 22:00:00,144.75,213.25,29.75,41.75,46.75,7.25,7.25,1.0,23.0,1.0,1.0,NA,3.0,2.0,1.0,NA,NA,NA,NA,NA,NA,NA,NA,NA
2026-02-06 23:00:00,150.0,216.33,29.33,35.0,42.33,6.67,7.0,1.0,22.67,1.0,1.0,NA,3.0,2.0,1.0,NA,NA,NA,NA,NA,NA,NA,NA,NA
2026-02-07 00:00:00,127.25,183.75,30.0,41.25,46.5,7.0,8.0,0.5,25.25,3.0,2.0,NA,2.0,2.0,2.0,NA,NA,NA,NA,NA,NA,NA,NA,NA
2026-02-07 01:00:00,111.75,159.25,29.25,37.75,44.0,5.0,8.0,0.0,25.0,3.0,2.0,NA,2.0,2.0,2.0,NA,NA,NA,NA,NA,NA,NA,NA,NA
2026-02-07 02:00:00,121.75,166.25,30.75,46.75,50.25,4.75,8.0,0.0,26.5,3.0,2.0,NA,2.0,2.0,2.0,NA,NA,NA,NA,NA,NA,NA,NA,NA
2026-02-07 03:00:00,117.0,157.5,29.0,34.25,41.75,4.25,8.75,0.0,23.25,3.0,2.0,NA,2.0,2.0,2.0,NA,NA,NA,NA,NA,NA,NA,NA,NA
2026-02-07 04:00:00,104.75,142.25,28.5,32.25,40.25,4.25,7.25,0.0,22.25,3.0,2.0,NA,2.0,2.0,2.0,NA,NA,NA,NA,NA,NA,NA,NA,NA
2026-02-07 05:00:00,99.75,136.0,29.5,43.25,47.0,5.25,6.0,0.0,21.5,3.0,2.0,NA,2.0,2.0,2.0,NA,NA,NA,NA,NA,NA,NA,NA,NA
2026-02-07 06:00:00,93.75,132.25,26.0,24.0,34.25,4.0,6.0,0.0,22.25,3.0,2.0,NA,2.0,2.0,2.0,NA,NA,NA,NA,NA,NA,NA,NA,NA
2026-02-07 07:00:00,98.75,141.25,29.5,47.25,49.5,6.75,6.0,0.0,22.5,3.0,2.0,NA,2.0,2.0,2.0,NA,NA,NA,NA,NA,NA,NA,NA,NA
2026-02-07 08:00:00,114.25,167.25,29.75,42.0,46.75,7.0,4.5,0.75,25.25,5.0,6.0,NA,3.0,4.0,1.0,NA,NA,NA,NA,NA,NA,NA,NA,NA
2026-02-07 09:00:00,110.5,171.5,27.5,27.25,37.25,3.75,0.0,0.0,40.5,5.0,6.0,NA,3.0,4.75,1.0,NA,NA,NA,NA,NA,NA,NA,NA,NA
2026-02-07 10:00:00,103.75,164.25,26.5,33.0,39.5,4.75,0.0,0.0,55.0,5.0,6.0,NA,3.0,4.75,1.5,NA,NA,NA,NA,NA,NA,NA,NA,NA
2026-02-07 11:00:00,106.0,170.5,27.25,33.25,40.0,7.0,0.0,0.0,76.5,5.0,6.0,NA,3.0,4.25,1.0,NA,NA,NA,NA,NA,NA,NA,NA,NA
2026-02-07 12:00:00,99.5,156.5,27.25,38.25,42.5,4.75,1.5,0.0,88.25,5.0,6.0,NA,3.0,4.5,1.0,NA,NA,NA,NA,NA,NA,NA,NA,NA
2026-02-07 13:00:00,86.5,142.25,26.75,33.75,39.75,4.5,2.5,0.0,82.5,3.0,3.0,NA,1.0,4.0,2.0,NA,NA,NA,NA,NA,NA,NA,NA,NA
2026-02-07 14:00:00,68.0,123.25,28.5,42.25,45.75,5.75,3.5,0.0,90.75,3.0,3.0,NA,1.0,4.0,2.0,NA,NA,NA,NA,NA,NA,NA,NA,NA
2026-02-07 15:00:00,52.0,105.75,28.0,39.5,44.0,4.5,3.5,0.0,92.5,3.0,3.0,NA,1.0,4.0,2.0,NA,NA,NA,NA,NA,NA,NA,NA,NA
2026-02-07 16:00:00,56.75,106.5,27.5,37.75,42.5,4.5,8.5,0.0,93.25,3.0,3.0,NA,1.0,3.75,2.0,NA,NA,NA,NA,NA,NA,NA,NA,NA
2026-02-07 17:00:00,71.0,120.0,28.0,36.75,43.0,5.5,9.5,0.0,75.0,3.0,3.0,NA,1.0,4.0,2.0,NA,NA,NA,NA,NA,NA,NA,NA,NA
2026-02-07 18:00:00,81.0,133.0,28.25,37.5,42.75,6.0,6.5,0.5,44.0,2.25,2.25,NA,4.5,2.5,4.25,NA,NA,NA,NA,NA,NA,NA,NA,NA
2026-02-07 19:00:00,106.25,160.75,28.75,41.0,45.5,6.5,5.5,1.0,34.25,2.0,2.0,NA,5.75,2.0,5.0,NA,NA,NA,NA,NA,NA,NA,NA,NA
2026-02-07 20:00:00,129.5,184.5,28.75,37.0,43.5,7.0,2.75,1.0,27.0,2.0,2.0,NA,6.0,2.0,5.0,NA,NA,NA,NA,NA,NA,NA,NA,NA
2026-02-07 21:00:00,127.0,184.75,29.75,38.5,44.5,5.25,1.5,1.0,26.0,1.25,1.25,NA,3.75,2.0,2.0,NA,NA,NA,NA,NA,NA,NA,NA,NA
2026-02-07 22:00:00,108.25,160.0,29.5,36.25,43.0,4.75,1.75,0.5,39.75,1.0,1.0,NA,3.0,2.0,1.0,NA,NA,NA,NA,NA,NA,NA,NA,NA
2026-02-07 23:00:00,73.33,116.67,29.67,35.0,43.33,5.67,1.0,0.0,45.33,1.0,1.0,NA,3.0,2.0,1.0,NA,NA,NA,NA,NA,NA,NA,NA,NA
2026-02-08 00:00:00,87.25,126.0,30.25,37.75,44.5,6.0,6.25,0.0,39.75,3.0,2.0,NA,2.0,2.0,2.0,NA,NA,NA,NA,NA,NA,NA,NA,NA
2026-02-08 01:00:00,70.0,110.75,29.5,32.25,41.0,5.0,9.0,0.0,47.5,3.0,2.0,NA,2.0,2.0,2.0,NA,NA,NA,NA,NA,NA,NA,NA,NA
2026-02-08 02:00:00,66.25,106.5,31.25,41.5,47.5,5.25,8.75,0.0,49.0,3.0,2.0,NA,2.0,2.0,2.0,NA,NA,NA,NA,NA,NA,NA,NA,NA
2026-02-08 03:00:00,75.5,110.0,30.5,33.5,42.75,3.0,8.75,0.0,45.5,3.0,2.0,NA,2.0,2.0,2.0,NA,NA,NA,NA,NA,NA,NA,NA,NA
2026-02-08 04:00:00,71.0,100.75,32.0,41.75,48.25,4.25,10.5,0.0,28.75,3.0,2.0,NA,2.0,2.0,2.0,NA,NA,NA,NA,NA,NA,NA,NA,NA
2026-02-08 05:00:00,78.75,113.25,31.0,36.0,44.5,4.5,11.75,0.0,22.5,3.0,2.0,NA,2.0,2.0,2.0,NA,NA,NA,NA,NA,NA,NA,NA,NA
2026-02-08 06:00:00,83.25,119.5,31.0,39.25,46.25,4.0,11.25,0.0,21.5,3.0,2.0,NA,2.0,2.0,2.0,NA,NA,NA,NA,NA,NA,NA,NA,NA
2026-02-08 07:00:00,78.75,113.25,30.0,36.75,43.75,4.5,11.25,0.0,21.0,3.0,2.0,NA,2.0,2.0,2.0,NA,NA,NA,NA,NA,NA,NA,NA,NA
2026-02-08 08:00:00,91.0,130.0,30.5,38.25,45.25,5.0,11.0,0.0,23.0,5.0,6.0,NA,3.0,4.25,1.75,NA,NA,NA,NA,NA,NA,NA,NA,NA
2026-02-08 09:00:00,103.75,148.75,29.75,35.5,43.25,3.75,12.0,0.0,38.75,5.0,6.0,NA,3.0,4.25,1.25,NA,NA,NA,NA,NA,NA,NA,NA,NA
2026-02-08 10:00:00,77.5,129.0,28.5,30.25,39.25,3.25,12.75,0.0,69.5,5.0,6.0,NA,3.0,4.0,1.0,NA,NA,NA,NA,NA,NA,NA,NA,NA
2026-02-08 11:00:00,60.0,110.0,29.0,34.25,42.0,3.0,13.25,0.0,90.5,5.0,6.0,NA,3.0,4.75,1.25,NA,NA,NA,NA,NA,NA,NA,NA,NA
2026-02-08 12:00:00,62.0,108.5,28.0,33.25,40.5,4.25,13.0,0.0,102.5,5.0,6.0,NA,3.0,4.25,1.0,NA,NA,NA,NA,NA,NA,NA,NA,NA
2026-02-08 13:00:00,43.0,77.25,28.75,38.75,43.75,4.75,13.0,0.0,107.5,3.0,3.0,NA,1.0,4.0,2.0,NA,NA,NA,NA,NA,NA,NA,NA,NA
2026-02-08 14:00:00,65.0,96.5,28.25,34.5,41.25,4.0,13.25,0.0,104.5,3.0,3.0,NA,1.0,3.75,2.0,NA,NA,NA,NA,NA,NA,NA,NA,NA
2026-02-08 15:00:00,55.5,89.25,27.75,28.5,38.25,3.75,14.5,0.0,103.75,3.0,3.0,NA,1.0,4.0,2.0,NA,NA,NA,NA,NA,NA,NA,NA,NA
2026-02-08 16:00:00,30.0,65.25,29.75,41.0,46.25,4.75,20.0,0.0,90.5,3.0,3.0,NA,1.0,3.75,2.0,NA,NA,NA,NA,NA,NA,NA,NA,NA
2026-02-08 17:00:00,47.67,85.0,28.67,36.0,42.67,3.0,13.0,0.0,79.33,3.0,3.0,NA,1.0,4.0,2.0,NA,NA,NA,NA,NA,NA,NA,NA,NA
2026-02-08 18:00:00,57.0,96.5,30.5,46.0,49.5,5.0,8.33,0.5,32.5,2.0,2.0,NA,6.0,2.0,4.5,NA,NA,NA,NA,NA,NA,NA,NA,NA
2026-02-08 19:00:00,83.25,141.0,31.0,38.0,45.5,6.5,7.75,1.0,22.75,2.0,2.0,NA,6.0,2.25,5.0,NA,NA,NA,NA,NA,NA,NA,NA,NA
2026-02-08 20:00:00,97.5,155.0,33.25,48.25,53.25,9.5,10.0,1.5,22.25,2.0,2.0,NA,5.75,2.0,5.0,NA,NA,NA,NA,NA,NA,NA,NA,NA
2026-02-08 21:00:00,116.75,184.75,32.5,50.25,53.25,7.5,11.33,2.0,22.0,1.25,1.25,NA,3.75,2.0,2.0,NA,NA,NA,NA,NA,NA,NA,NA,NA
2026-02-08 22:00:00,134.67,206.33,33.67,54.0,56.0,9.67,11.67,2.33,22.0,1.0,1.0,NA,3.0,2.0,1.0,NA,NA,NA,NA,NA,NA,NA,NA,NA
2026-02-08 23:00:00,145.67,223.0,36.67,74.67,69.33,10.67,12.0,2.33,22.0,1.0,1.0,NA,3.0,2.0,1.0,NA,NA,NA,NA,NA,NA,NA,NA,NA
2026-02-09 00:00:00,170.75,247.25,36.25,68.0,65.75,10.5,4.25,1.75,21.75,3.0,2.0,NA,2.0,2.0,2.0,NA,NA,NA,NA,NA,NA,NA,NA,NA
2026-02-09 01:00:00,154.5,225.5,35.25,71.5,66.75,9.25,1.0,1.25,21.0,3.0,2.0,NA,2.0,2.0,2.0,NA,NA,NA,NA,NA,NA,NA,NA,NA
2026-02-09 02:00:00,139.25,201.75,33.0,51.5,54.5,9.25,0.25,1.0,21.25,3.0,2.0,NA,2.0,2.0,2.0,NA,NA,NA,NA,NA,NA,NA,NA,NA
2026-02-09 03:00:00,134.5,201.25,33.25,56.25,57.5,7.5,0.75,1.0,20.25,3.0,2.0,NA,2.0,2.0,2.0,NA,NA,NA,NA,NA,NA,NA,NA,NA
2026-02-09 04:00:00,127.75,197.5,35.5,65.0,63.5,9.25,8.75,1.25,20.0,3.0,2.0,NA,2.0,2.0,2.0,NA,NA,NA,NA,NA,NA,NA,NA,NA
2026-02-09 05:00:00,140.67,214.0,38.67,70.67,69.0,13.0,13.33,2.0,20.0,3.0,2.0,NA,2.0,2.0,2.0,NA,NA,NA,NA,NA,NA,NA,NA,NA
2026-02-09 06:00:00,150.0,235.75,36.25,85.5,75.0,11.0,13.25,1.5,20.0,3.0,2.0,NA,2.0,2.0,2.0,NA,NA,NA,NA,NA,NA,NA,NA,NA
2026-02-09 07:00:00,123.25,179.75,30.25,55.25,54.5,5.25,12.75,0.25,20.0,3.0,2.0,NA,2.0,2.0,2.0,NA,NA,NA,NA,NA,NA,NA,NA,NA
2026-02-09 08:00:00,107.5,155.0,31.75,60.75,58.5,8.25,5.33,0.25,21.25,5.0,6.0,NA,3.0,4.25,1.5,NA,NA,NA,NA,NA,NA,NA,NA,NA
2026-02-09 09:00:00,113.0,170.25,29.25,35.0,42.25,6.75,0.0,0.5,22.0,5.0,6.0,NA,3.0,4.25,1.0,NA,NA,NA,NA,NA,NA,NA,NA,NA
2026-02-09 10:00:00,133.25,205.75,28.75,32.75,41.0,6.0,1.75,1.0,25.5,5.0,6.0,NA,3.0,5.0,1.25,NA,NA,NA,NA,NA,NA,NA,NA,NA
2026-02-09 11:00:00,143.75,218.5,26.75,30.5,38.0,5.5,4.5,0.5,51.75,5.0,6.0,NA,3.0,4.0,1.0,NA,NA,NA,NA,NA,NA,NA,NA,NA
2026-02-09 12:00:00,109.75,172.5,26.75,30.75,38.0,5.25,13.5,0.0,77.0,5.0,6.0,NA,3.0,4.5,1.0,NA,NA,NA,NA,NA,NA,NA,NA,NA
2026-02-09 13:00:00,110.25,169.0,29.5,45.25,48.0,7.0,17.75,0.0,83.75,3.0,3.0,NA,1.0,4.0,2.0,NA,NA,NA,NA,NA,NA,NA,NA,NA
2026-02-09 14:00:00,95.75,156.0,28.75,35.25,42.25,4.0,14.25,0.0,101.0,3.0,3.0,NA,1.0,4.0,2.0,NA,NA,NA,NA,NA,NA,NA,NA,NA
2026-02-09 15:00:00,99.75,155.75,29.5,34.0,42.5,6.5,13.25,0.0,94.5,3.0,3.0,NA,1.0,4.0,2.0,NA,NA,NA,NA,NA,NA,NA,NA,NA
2026-02-09 16:00:00,93.25,150.75,30.25,41.25,46.75,7.5,13.0,1.0,80.0,3.0,3.0,NA,1.0,4.0,2.0,NA,NA,NA,NA,NA,NA,NA,NA,NA
2026-02-09 17:00:00,77.25,141.0,29.75,36.5,44.0,6.75,12.0,1.0,38.0,3.0,3.0,NA,1.0,4.0,2.0,NA,NA,NA,NA,NA,NA,NA,NA,NA
2026-02-09 18:00:00,69.5,154.25,31.75,47.75,51.25,6.5,10.33,1.5,23.0,2.25,2.25,NA,4.75,2.5,4.25,NA,NA,NA,NA,NA,NA,NA,NA,NA
2026-02-09 19:00:00,81.33,163.0,30.0,35.67,44.0,6.0,9.33,1.67,22.0,2.0,2.0,NA,6.0,2.0,5.0,NA,NA,NA,NA,NA,NA,NA,NA,NA
2026-02-09 20:00:00,129.0,254.0,34.0,52.0,55.5,10.0,3.25,2.0,22.25,2.0,2.0,NA,5.75,2.0,4.5,NA,NA,NA,NA,NA,NA,NA,NA,NA
2026-02-09 21:00:00,126.67,260.0,34.67,66.0,63.33,10.67,0.0,2.67,22.0,1.33,1.33,NA,4.0,2.0,2.33,NA,NA,NA,NA,NA,NA,NA,NA,NA
2026-02-09 22:00:00,131.25,238.75,35.0,73.75,68.0,11.75,1.0,3.0,22.0,1.0,1.0,NA,3.0,2.0,1.0,NA,NA,NA,NA,NA,NA,NA,NA,NA
2026-02-09 23:00:00,149.0,273.5,41.5,94.5,84.5,15.0,1.0,3.0,21.5,1.0,1.0,NA,3.0,2.0,1.0,NA,NA,NA,NA,NA,NA,NA,NA,NA
2026-02-10 00:00:00,158.0,276.5,40.0,81.75,76.0,11.75,8.25,1.0,21.75,3.0,2.0,NA,2.0,2.0,2.0,NA,NA,NA,NA,NA,NA,NA,NA,NA
2026-02-10 01:00:00,142.25,227.5,34.0,59.75,59.5,8.5,11.25,1.0,21.25,3.0,2.0,NA,2.0,2.0,2.0,NA,NA,NA,NA,NA,NA,NA,NA,NA
2026-02-10 02:00:00,145.33,222.0,38.33,87.67,78.0,13.0,11.0,1.0,21.5,3.0,2.0,NA,2.0,2.0,2.0,NA,NA,NA,NA,NA,NA,NA,NA,NA
2026-02-10 03:00:00,146.75,223.75,40.5,89.0,80.5,13.5,11.0,1.0,21.0,3.0,2.0,NA,2.0,2.0,2.0,NA,NA,NA,NA,NA,NA,NA,NA,NA
2026-02-10 04:00:00,153.67,240.67,41.0,84.33,78.67,13.33,10.33,2.0,20.67,3.0,2.0,NA,2.0,2.0,2.0,NA,NA,NA,NA,NA,NA,NA,NA,NA
2026-02-10 05:00:00,162.25,237.25,38.75,84.0,76.5,12.0,10.0,2.0,20.25,3.0,2.0,NA,2.0,2.0,2.0,NA,NA,NA,NA,NA,NA,NA,NA,NA
2026-02-10 06:00:00,176.25,265.0,39.25,97.25,83.75,13.75,11.0,2.0,21.33,3.0,2.0,NA,2.0,2.0,2.0,NA,NA,NA,NA,NA,NA,NA,NA,NA
2026-02-10 07:00:00,168.0,249.0,41.0,112.0,93.0,17.5,11.5,2.5,21.0,3.0,2.0,NA,2.0,2.0,2.0,NA,NA,NA,NA,NA,NA,NA,NA,NA
2026-02-10 08:00:00,272.67,401.33,39.33,112.33,91.67,14.67,8.67,1.33,22.5,5.0,6.0,NA,3.0,4.33,1.33,NA,NA,NA,NA,NA,NA,NA,NA,NA
2026-02-10 09:00:00,225.33,358.0,32.67,76.67,67.67,8.67,9.67,0.0,23.0,5.0,6.0,NA,3.0,4.33,1.0,NA,NA,NA,NA,NA,NA,NA,NA,NA
2026-02-10 10:00:00,181.67,311.0,29.0,48.0,49.33,6.33,11.67,0.0,23.0,5.0,6.0,NA,3.0,4.0,1.0,NA,NA,NA,NA,NA,NA,NA,NA,NA
2026-02-10 11:00:00,203.67,316.67,29.0,44.33,47.0,7.0,12.33,0.0,25.33,5.0,6.0,NA,3.0,4.33,1.33,NA,NA,NA,NA,NA,NA,NA,NA,NA
2026-02-10 12:00:00,128.25,222.0,27.5,34.0,40.5,6.5,16.5,0.25,27.0,5.0,6.0,NA,3.0,4.5,1.25,NA,NA,NA,NA,NA,NA,NA,NA,NA
2026-02-10 13:00:00,101.0,166.0,28.75,39.25,44.25,7.0,19.0,0.0,32.75,3.0,3.0,NA,1.0,4.0,2.0,NA,NA,NA,NA,NA,NA,NA,NA,NA
2026-02-10 14:00:00,63.75,140.0,29.75,47.0,49.5,6.75,18.5,0.0,40.5,3.0,3.0,NA,1.0,4.0,2.0,NA,NA,NA,NA,NA,NA,NA,NA,NA
2026-02-10 15:00:00,64.75,124.25,29.0,44.25,47.25,6.25,18.0,0.0,50.33,3.0,3.0,NA,1.0,4.0,2.0,NA,NA,NA,NA,NA,NA,NA,NA,NA
2026-02-10 16:00:00,103.0,157.67,31.0,44.0,49.0,9.0,11.33,0.67,36.0,3.0,3.0,NA,1.0,4.0,2.0,NA,NA,NA,NA,NA,NA,NA,NA,NA
2026-02-10 17:00:00,179.75,242.0,29.25,35.25,42.5,5.25,10.0,1.0,33.0,3.0,3.0,NA,1.0,4.0,2.0,NA,NA,NA,NA,NA,NA,NA,NA,NA
2026-02-10 18:00:00,143.5,242.5,31.5,38.0,46.0,9.0,8.5,2.0,25.0,2.0,2.0,NA,5.5,2.0,5.0,NA,NA,NA,NA,NA,NA,NA,NA,NA
2026-02-10 19:00:00,182.25,319.0,33.5,46.0,52.0,8.75,8.75,2.75,23.25,2.0,2.0,NA,6.0,2.0,4.75,NA,NA,NA,NA,NA,NA,NA,NA,NA
2026-02-10 20:00:00,208.25,378.25,36.5,63.0,63.25,12.25,15.0,3.5,23.0,2.0,2.0,NA,5.5,2.0,4.25,NA,NA,NA,NA,NA,NA,NA,NA,NA
2026-02-10 21:00:00,246.67,429.67,38.67,86.0,77.67,14.0,18.0,4.0,22.0,1.33,1.33,NA,4.0,2.0,2.33,NA,NA,NA,NA,NA,NA,NA,NA,NA
2026-02-10 22:00:00,287.75,448.0,41.25,108.0,91.5,14.75,19.0,4.5,22.25,1.0,1.0,NA,3.0,2.0,1.0,NA,NA,NA,NA,NA,NA,NA,NA,NA
2026-02-10 23:00:00,314.0,454.0,41.67,109.67,92.67,16.0,19.0,4.0,21.0,1.0,1.0,NA,3.0,2.0,1.0,NA,NA,NA,NA,NA,NA,NA,NA,NA
2026-02-11 00:00:00,298.5,419.0,39.5,99.5,85.5,15.5,10.5,NA,21.0,3.0,2.0,NA,2.0,2.0,2.0,NA,NA,NA,NA,NA,NA,NA,NA,NA
2026-02-11 01:00:00,301.5,406.75,40.75,100.5,86.75,13.75,4.0,2.0,20.5,3.0,2.0,NA,2.0,2.0,2.0,NA,NA,NA,NA,NA,NA,NA,NA,NA
2026-02-11 02:00:00,292.5,370.75,39.75,86.0,77.75,11.75,3.5,1.0,20.5,3.0,2.0,NA,2.0,2.0,2.0,NA,NA,NA,NA,NA,NA,NA,NA,NA
2026-02-11 03:00:00,277.75,341.5,39.25,78.5,73.75,11.0,4.0,1.0,21.0,3.0,2.0,NA,2.0,2.0,2.0,NA,NA,NA,NA,NA,NA,NA,NA,NA
2026-02-11 04:00:00,324.67,430.0,37.67,80.33,73.67,10.33,10.33,0.75,22.0,3.0,2.0,NA,2.0,2.0,2.0,NA,NA,NA,NA,NA,NA,NA,NA,NA
2026-02-11 05:00:00,348.5,457.0,35.0,66.0,64.0,6.0,15.0,0.0,22.0,3.0,2.0,NA,2.0,2.0,2.0,NA,NA,NA,NA,NA,NA,NA,NA,NA
2026-02-11 06:00:00,318.67,459.33,31.0,31.67,42.0,3.33,15.0,0.0,21.0,3.0,2.0,NA,2.0,2.0,2.0,NA,NA,NA,NA,NA,NA,NA,NA,NA
2026-02-11 07:00:00,303.0,427.0,30.5,33.5,43.0,5.5,15.0,0.0,21.5,3.0,2.0,NA,2.0,2.0,2.0,NA,NA,NA,NA,NA,NA,NA,NA,NA
2026-02-11 08:00:00,296.75,406.25,30.0,41.0,46.5,3.75,11.75,1.0,22.0,5.0,6.0,NA,3.0,4.25,1.25,NA,NA,NA,NA,NA,NA,NA,NA,NA
2026-02-11 09:00:00,283.33,419.67,31.33,51.0,52.67,6.0,11.67,1.0,23.0,5.0,6.0,NA,3.0,4.67,1.0,NA,NA,NA,NA,NA,NA,NA,NA,NA
2026-02-11 10:00:00,303.0,452.0,30.0,38.0,44.0,4.0,14.0,0.0,30.0,5.0,6.0,NA,3.0,4.0,1.0,NA,NA,NA,NA,NA,NA,NA,NA,NA
2026-02-11 11:00:00,229.5,332.75,29.0,28.75,39.0,3.5,13.0,0.0,30.0,5.0,6.0,NA,3.0,4.5,1.25,NA,NA,NA,NA,NA,NA,NA,NA,NA
2026-02-11 12:00:00,161.0,220.75,30.25,39.0,45.5,5.0,11.33,0.0,41.0,5.0,6.0,NA,3.0,4.0,1.0,NA,NA,NA,NA,NA,NA,NA,NA,NA
2026-02-11 13:00:00,102.0,155.75,30.5,41.0,47.0,4.75,NA,0.0,55.0,3.0,3.0,NA,1.0,4.0,2.0,NA,NA,NA,NA,NA,NA,NA,NA,NA
2026-02-11 14:00:00,88.75,141.75,31.5,41.5,47.75,5.5,NA,0.0,68.0,NA,NA,NA,NA,NA,NA,NA,NA,NA,NA,NA,NA,NA,NA,NA
2026-02-11 15:00:00,NA,NA,30.67,36.0,44.33,5.33,13.75,0.0,69.5,NA,NA,NA,NA,NA,NA,NA,NA,NA,NA,NA,NA,NA,NA,NA
2026-02-11 16:00:00,NA,NA,30.0,31.33,41.0,8.67,14.0,0.0,72.5,4.0,4.0,NA,1.0,4.0,3.0,NA,NA,NA,NA,NA,NA,NA,NA,NA
2026-02-11 17:00:00,NA,NA,29.0,31.0,40.0,10.0,13.0,0.0,58.5,4.0,4.0,NA,1.0,4.0,3.0,NA,NA,NA,NA,NA,NA,NA,NA,NA
2026-02-11 18:00:00,NA,NA,30.25,32.75,42.25,14.25,12.0,0.25,37.0,3.25,3.25,NA,4.0,2.5,4.25,NA,NA,NA,NA,NA,NA,NA,NA,NA
2026-02-11 19:00:00,NA,NA,32.25,44.75,50.25,15.0,11.75,1.0,21.25,3.0,3.0,NA,5.0,2.0,4.75,NA,NA,NA,NA,NA,NA,NA,NA,NA
2026-02-11 20:00:00,25.33,50.0,30.75,34.75,44.0,13.0,9.5,1.0,23.75,3.0,3.0,NA,4.75,2.25,5.0,NA,NA,NA,NA,NA,NA,NA,NA,NA
2026-02-11 21:00:00,82.0,138.0,31.0,38.25,45.25,11.5,9.0,0.0,23.5,1.5,1.5,NA,3.5,2.75,2.0,NA,NA,NA,NA,NA,NA,NA,NA,NA
2026-02-11 22:00:00,80.0,125.0,29.75,30.75,41.0,10.5,9.0,0.0,23.25,1.0,1.0,NA,3.0,3.0,1.0,NA,NA,NA,NA,NA,NA,NA,NA,NA
2026-02-11 23:00:00,63.0,97.67,33.33,51.0,54.0,15.67,8.67,0.0,24.33,1.0,1.0,NA,3.0,3.0,1.0,NA,NA,NA,NA,NA,NA,NA,NA,NA
2026-02-12 00:00:00,62.75,98.0,32.25,43.75,49.75,15.5,6.0,0.0,22.0,3.0,3.0,NA,2.0,2.0,2.0,NA,NA,NA,NA,NA,NA,NA,NA,NA
2026-02-12 01:00:00,55.0,88.0,32.0,44.0,49.75,14.5,4.25,0.0,21.25,3.0,3.0,NA,2.0,2.0,2.0,NA,NA,NA,NA,NA,NA,NA,NA,NA
2026-02-12 02:00:00,63.5,97.25,32.25,40.75,48.0,12.25,4.0,0.0,19.0,3.0,3.0,NA,2.0,2.0,2.0,NA,NA,NA,NA,NA,NA,NA,NA,NA
2026-02-12 03:00:00,73.75,109.5,31.5,33.25,43.25,10.75,4.25,0.0,18.5,3.0,3.0,NA,2.0,2.0,2.0,NA,NA,NA,NA,NA,NA,NA,NA,NA
2026-02-12 04:00:00,62.5,97.75,30.75,31.75,42.25,13.25,5.25,0.0,18.0,3.0,3.0,NA,2.0,2.0,2.0,NA,NA,NA,NA,NA,NA,NA,NA,NA
2026-02-12 05:00:00,71.5,140.5,30.5,31.75,41.75,10.0,6.0,0.0,19.0,3.0,3.0,NA,2.0,2.0,2.0,NA,NA,NA,NA,NA,NA,NA,NA,NA
2026-02-12 06:00:00,69.5,108.0,29.75,29.5,40.0,9.75,6.0,0.25,18.75,3.0,3.0,NA,2.0,2.0,2.0,NA,NA,NA,NA,NA,NA,NA,NA,NA
2026-02-12 07:00:00,68.75,102.75,28.75,30.75,40.0,11.25,6.0,0.0,19.0,3.0,3.0,NA,2.0,2.0,2.0,NA,NA,NA,NA,NA,NA,NA,NA,NA
2026-02-12 08:00:00,76.0,113.0,28.25,32.5,40.75,12.25,2.33,0.0,19.25,5.0,5.0,NA,3.0,4.5,2.0,NA,NA,NA,NA,NA,NA,NA,NA,NA
2026-02-12 09:00:00,83.0,132.5,28.75,38.5,44.0,14.75,0.25,0.75,22.0,5.0,5.0,NA,3.0,4.25,2.0,NA,NA,NA,NA,NA,NA,NA,NA,NA
2026-02-12 10:00:00,84.75,139.75,30.0,45.25,48.5,13.5,1.5,0.33,33.75,5.0,5.0,NA,3.0,4.5,2.0,NA,NA,NA,NA,NA,NA,NA,NA,NA
2026-02-12 11:00:00,77.0,133.5,29.0,37.0,43.25,13.25,2.25,0.0,54.25,5.0,5.0,NA,3.0,4.5,2.0,NA,NA,NA,NA,NA,NA,NA,NA,NA
2026-02-12 12:00:00,58.0,103.5,28.5,34.0,41.5,10.75,10.25,0.0,70.75,5.0,5.0,NA,3.0,4.5,2.0,NA,NA,NA,NA,NA,NA,NA,NA,NA
2026-02-12 13:00:00,44.25,82.25,29.5,41.75,46.5,14.75,17.25,0.0,73.75,4.0,4.0,NA,1.0,4.0,3.0,NA,NA,NA,NA,NA,NA,NA,NA,NA
2026-02-12 14:00:00,43.5,79.0,30.5,44.5,48.5,14.25,15.25,0.0,79.0,4.0,3.75,NA,1.0,4.0,3.0,NA,NA,NA,NA,NA,NA,NA,NA,NA
2026-02-12 15:00:00,41.0,77.0,30.75,41.75,47.25,11.75,15.0,0.0,71.25,4.0,4.0,NA,1.0,4.0,3.0,NA,NA,NA,NA,NA,NA,NA,NA,NA
2026-02-12 16:00:00,33.0,68.0,29.75,36.75,44.0,13.0,17.5,0.0,65.75,4.0,4.0,NA,1.0,4.0,3.25,NA,NA,NA,NA,NA,NA,NA,NA,NA
2026-02-12 17:00:00,28.0,63.25,30.25,39.25,45.75,12.25,18.25,0.0,54.5,4.0,4.0,NA,1.0,4.0,3.0,NA,NA,NA,NA,NA,NA,NA,NA,NA
2026-02-12 18:00:00,35.5,77.75,31.5,43.75,48.75,14.0,16.75,0.0,46.5,3.25,3.25,NA,4.0,2.5,4.5,NA,NA,NA,NA,NA,NA,NA,NA,NA
2026-02-12 19:00:00,51.75,97.0,32.25,42.75,49.0,15.5,16.0,1.0,32.0,3.0,3.0,NA,4.75,2.0,4.75,NA,NA,NA,NA,NA,NA,NA,NA,NA
2026-02-12 20:00:00,80.5,159.5,32.25,39.75,47.5,15.0,18.0,1.5,20.25,3.0,3.0,NA,4.5,2.25,4.5,NA,NA,NA,NA,NA,NA,NA,NA,NA
2026-02-12 21:00:00,93.25,175.5,33.5,55.0,56.5,17.75,19.0,2.0,19.75,1.5,1.5,NA,3.5,2.75,2.0,NA,NA,NA,NA,NA,NA,NA,NA,NA
2026-02-12 22:00:00,103.25,178.0,35.0,57.5,59.25,18.75,19.25,2.0,19.5,1.0,1.0,NA,3.0,3.0,1.0,NA,NA,NA,NA,NA,NA,NA,NA,NA
2026-02-12 23:00:00,105.33,181.33,36.67,65.33,64.67,21.33,19.0,2.0,19.67,1.0,1.0,NA,3.0,3.0,1.0,NA,NA,NA,NA,NA,NA,NA,NA,NA
2026-02-13 00:00:00,121.5,202.5,36.0,65.5,64.25,18.25,16.5,1.75,19.0,3.0,3.0,NA,2.0,2.0,2.0,NA,NA,NA,NA,NA,NA,NA,NA,NA
2026-02-13 01:00:00,138.25,208.5,34.75,59.75,60.0,18.0,15.0,1.25,19.0,3.0,3.0,NA,2.0,2.0,2.0,NA,NA,NA,NA,NA,NA,NA,NA,NA
2026-02-13 02:00:00,124.0,180.5,34.5,62.0,61.0,20.75,14.5,1.0,18.75,3.0,3.0,NA,2.0,2.0,2.0,NA,NA,NA,NA,NA,NA,NA,NA,NA
2026-02-13 03:00:00,128.75,177.25,32.75,50.25,53.5,16.75,14.5,0.0,19.25,3.0,3.0,NA,2.0,2.0,2.0,NA,NA,NA,NA,NA,NA,NA,NA,NA
2026-02-13 04:00:00,99.5,138.5,32.0,49.75,52.5,15.75,11.25,0.0,19.0,3.0,3.0,NA,2.0,2.0,2.0,NA,NA,NA,NA,NA,NA,NA,NA,NA
2026-02-13 05:00:00,94.75,127.25,31.5,41.0,47.5,14.75,9.25,0.0,19.0,3.0,3.0,NA,2.0,2.0,2.0,NA,NA,NA,NA,NA,NA,NA,NA,NA
2026-02-13 06:00:00,111.25,152.0,28.25,23.25,35.5,8.25,10.0,1.0,18.25,3.0,3.0,NA,2.0,2.0,2.0,NA,NA,NA,NA,NA,NA,NA,NA,NA
2026-02-13 07:00:00,117.25,164.5,29.5,40.75,46.25,18.25,9.75,1.0,19.0,3.0,3.0,NA,2.0,2.0,2.0,NA,NA,NA,NA,NA,NA,NA,NA,NA
2026-02-13 08:00:00,106.75,150.25,27.5,33.0,40.25,14.25,6.5,0.25,18.5,5.0,5.0,NA,3.0,4.75,2.5,NA,NA,NA,NA,NA,NA,NA,NA,NA
2026-02-13 09:00:00,92.5,133.75,27.5,31.5,39.25,13.0,5.5,0.0,22.5,5.0,5.0,NA,3.0,4.25,2.0,NA,NA,NA,NA,NA,NA,NA,NA,NA
2026-02-13 10:00:00,69.5,112.25,28.75,38.5,44.0,13.0,7.0,0.0,40.5,5.0,5.0,NA,3.0,4.5,2.5,NA,NA,NA,NA,NA,NA,NA,NA,NA
2026-02-13 11:00:00,58.75,97.75,28.75,38.5,44.0,12.25,6.75,0.0,64.0,5.0,5.0,NA,3.0,4.5,2.0,NA,NA,NA,NA,NA,NA,NA,NA,NA
2026-02-13 12:00:00,46.0,81.25,29.25,37.75,44.0,15.5,16.25,0.0,86.0,5.0,5.0,NA,3.0,4.5,2.0,NA,NA,NA,NA,NA,NA,NA,NA,NA
2026-02-13 13:00:00,42.75,77.5,28.0,33.75,41.0,12.5,21.0,0.0,93.75,3.75,4.0,NA,1.0,4.0,3.0,NA,NA,NA,NA,NA,NA,NA,NA,NA
2026-02-13 14:00:00,40.25,81.5,27.75,32.5,40.25,13.5,21.0,0.0,91.25,4.0,4.0,NA,1.0,4.0,3.0,NA,NA,NA,NA,NA,NA,NA,NA,NA
2026-02-13 15:00:00,42.0,76.25,29.25,36.25,43.5,16.25,20.0,0.0,86.5,4.0,4.0,NA,1.0,4.0,3.0,NA,NA,NA,NA,NA,NA,NA,NA,NA
2026-02-13 16:00:00,42.75,78.5,29.75,35.5,43.0,14.75,19.5,0.0,85.25,4.0,4.0,NA,1.0,4.0,3.25,NA,NA,NA,NA,NA,NA,NA,NA,NA
2026-02-13 17:00:00,47.5,87.0,30.5,42.5,47.5,17.25,18.75,0.25,70.0,4.0,4.0,NA,1.0,4.0,3.0,NA,NA,NA,NA,NA,NA,NA,NA,NA
2026-02-13 18:00:00,56.25,102.0,29.25,31.0,40.5,14.5,18.0,1.0,29.25,3.25,3.25,NA,4.0,2.5,4.0,NA,NA,NA,NA,NA,NA,NA,NA,NA
2026-02-13 19:00:00,78.5,133.25,30.75,39.75,46.25,17.0,18.0,1.5,20.0,3.0,3.0,NA,5.0,2.0,4.5,NA,NA,NA,NA,NA,NA,NA,NA,NA
2026-02-13 20:00:00,77.5,143.25,32.25,46.5,51.0,19.0,16.25,2.0,19.75,3.0,3.0,NA,4.75,2.0,5.0,NA,NA,NA,NA,NA,NA,NA,NA,NA
2026-02-13 21:00:00,107.75,194.0,35.0,65.5,63.25,19.0,16.0,3.25,20.0,1.5,1.5,NA,3.5,2.75,2.0,NA,NA,NA,NA,NA,NA,NA,NA,NA
2026-02-13 22:00:00,168.0,269.25,37.0,69.75,67.0,25.0,16.75,4.0,19.75,1.0,1.0,NA,3.0,3.0,1.0,NA,NA,NA,NA,NA,NA,NA,NA,NA
2026-02-13 23:00:00,180.0,277.33,38.0,80.67,74.0,24.67,17.0,4.0,19.67,1.0,1.0,NA,3.0,3.0,1.0,NA,NA,NA,NA,NA,NA,NA,NA,NA
2026-02-14 00:00:00,150.5,238.0,40.75,95.25,84.0,22.5,15.75,2.0,19.0,3.0,3.0,NA,2.0,2.0,2.0,NA,NA,NA,NA,NA,NA,NA,NA,NA
2026-02-14 01:00:00,134.75,228.75,40.25,90.5,80.75,26.0,15.5,2.0,18.25,3.0,3.0,NA,2.0,2.0,2.0,NA,NA,NA,NA,NA,NA,NA,NA,NA
2026-02-14 02:00:00,141.25,225.25,39.75,87.0,79.0,22.75,16.0,2.0,18.5,3.0,3.0,NA,2.0,2.0,2.0,NA,NA,NA,NA,NA,NA,NA,NA,NA
2026-02-14 03:00:00,138.25,212.0,38.75,85.25,77.0,21.25,16.75,1.75,18.5,3.0,3.0,NA,2.0,2.0,2.0,NA,NA,NA,NA,NA,NA,NA,NA,NA
2026-02-14 04:00:00,131.0,203.5,37.5,80.75,74.0,22.25,11.0,1.0,18.0,3.0,3.0,NA,2.0,2.0,2.0,NA,NA,NA,NA,NA,NA,NA,NA,NA
2026-02-14 05:00:00,128.75,191.25,35.5,69.0,65.5,18.5,7.0,1.0,18.0,3.0,3.0,NA,2.0,2.0,2.0,NA,NA,NA,NA,NA,NA,NA,NA,NA
2026-02-14 06:00:00,144.25,198.75,29.25,38.25,44.25,12.25,7.0,0.0,19.0,3.0,3.0,NA,2.0,2.0,2.0,NA,NA,NA,NA,NA,NA,NA,NA,NA
2026-02-14 07:00:00,150.0,205.5,31.0,53.75,54.0,16.75,7.0,0.0,19.25,3.0,3.0,NA,2.0,2.0,2.0,NA,NA,NA,NA,NA,NA,NA,NA,NA
2026-02-14 08:00:00,153.0,207.5,32.0,47.75,51.5,16.0,13.0,1.0,19.5,5.0,5.0,NA,3.0,4.0,2.0,NA,NA,NA,NA,NA,NA,NA,NA,NA
2026-02-14 09:00:00,129.5,180.75,31.0,39.5,46.25,11.75,17.0,0.0,19.75,5.0,5.0,NA,3.0,4.0,2.0,NA,NA,NA,NA,NA,NA,NA,NA,NA
2026-02-14 10:00:00,84.25,127.25,28.25,25.0,36.25,11.75,17.75,0.0,27.5,5.0,5.0,NA,3.0,4.25,2.0,NA,NA,NA,NA,NA,NA,NA,NA,NA
2026-02-14 11:00:00,65.25,101.0,27.75,32.0,40.0,14.75,19.0,0.0,56.0,5.0,5.0,NA,3.0,4.0,2.25,NA,NA,NA,NA,NA,NA,NA,NA,NA
2026-02-14 12:00:00,61.0,98.75,28.25,34.75,41.5,12.75,12.5,0.0,85.5,5.0,5.0,NA,3.0,4.5,2.25,NA,NA,NA,NA,NA,NA,NA,NA,NA
2026-02-14 13:00:00,65.0,106.75,28.5,36.5,42.5,12.5,9.5,0.0,103.25,3.75,3.75,NA,1.0,4.0,3.0,NA,NA,NA,NA,NA,NA,NA,NA,NA
2026-02-14 14:00:00,57.75,99.0,28.75,33.75,41.75,14.25,8.5,0.0,105.0,4.0,4.0,NA,1.0,4.0,3.0,NA,NA,NA,NA,NA,NA,NA,NA,NA
2026-02-14 15:00:00,44.75,78.5,30.5,43.25,48.25,14.25,8.0,0.0,95.25,4.0,4.0,NA,1.0,4.0,3.0,NA,NA,NA,NA,NA,NA,NA,NA,NA
2026-02-14 16:00:00,46.25,81.5,31.0,42.25,47.75,13.75,9.25,0.0,85.0,4.0,4.0,NA,1.0,4.0,3.25,NA,NA,NA,NA,NA,NA,NA,NA,NA
2026-02-14 17:00:00,53.25,92.75,31.75,41.75,48.0,14.5,8.75,0.0,68.75,4.0,4.0,NA,1.0,4.0,3.25,NA,NA,NA,NA,NA,NA,NA,NA,NA
2026-02-14 18:00:00,64.75,107.0,30.25,31.25,41.25,13.75,5.5,0.75,34.75,3.25,3.25,NA,3.5,2.5,3.75,NA,NA,NA,NA,NA,NA,NA,NA,NA
2026-02-14 19:00:00,79.0,139.5,30.75,31.25,41.75,13.75,5.25,1.75,20.0,3.0,3.0,NA,4.5,2.0,4.5,NA,NA,NA,NA,NA,NA,NA,NA,NA
2026-02-14 20:00:00,98.5,182.5,34.5,54.25,57.0,19.5,10.0,2.0,19.5,3.0,3.0,NA,4.75,2.0,4.75,NA,NA,NA,NA,NA,NA,NA,NA,NA
2026-02-14 21:00:00,117.25,199.75,34.5,52.25,56.0,17.25,12.75,2.75,19.0,1.5,1.5,NA,3.25,2.75,1.75,NA,NA,NA,NA,NA,NA,NA,NA,NA
2026-02-14 22:00:00,125.75,200.5,36.75,66.0,65.25,21.75,13.0,3.0,19.0,1.0,1.0,NA,3.0,2.75,1.0,NA,NA,NA,NA,NA,NA,NA,NA,NA
2026-02-14 23:00:00,130.33,199.0,37.33,67.33,66.67,20.67,13.0,2.33,18.0,1.0,1.0,NA,3.0,3.0,1.0,NA,NA,NA,NA,NA,NA,NA,NA,NA
2026-02-15 00:00:00,133.75,201.25,37.0,59.0,61.75,19.25,21.0,2.0,18.75,3.0,3.0,NA,2.0,2.0,2.0,NA,NA,NA,NA,NA,NA,NA,NA,NA
2026-02-15 01:00:00,133.25,208.5,35.75,60.25,61.25,18.75,24.75,1.5,18.75,3.0,3.0,NA,2.0,2.0,2.0,NA,NA,NA,NA,NA,NA,NA,NA,NA
2026-02-15 02:00:00,133.25,194.75,34.75,59.25,59.75,10.5,24.25,1.0,19.75,3.0,3.0,NA,2.0,2.0,2.0,NA,NA,NA,NA,NA,NA,NA,NA,NA
2026-02-15 03:00:00,136.5,191.0,33.25,47.75,52.75,11.75,24.25,0.0,19.5,3.0,3.0,NA,2.0,2.0,2.0,NA,NA,NA,NA,NA,NA,NA,NA,NA
2026-02-15 04:00:00,105.5,145.75,33.0,42.0,49.25,13.5,13.75,0.5,18.5,3.0,3.0,NA,2.0,2.0,2.0,NA,NA,NA,NA,NA,NA,NA,NA,NA
2026-02-15 05:00:00,88.25,118.25,32.25,42.75,49.0,12.75,8.0,0.0,18.5,3.0,3.0,NA,2.0,2.0,2.0,NA,NA,NA,NA,NA,NA,NA,NA,NA
2026-02-15 06:00:00,88.25,117.0,30.25,27.0,39.0,9.75,8.0,0.0,18.75,3.0,3.0,NA,2.0,2.0,2.0,NA,NA,NA,NA,NA,NA,NA,NA,NA
2026-02-15 07:00:00,88.25,123.0,29.5,32.25,41.25,13.25,8.25,0.0,18.5,3.0,3.0,NA,2.0,2.0,2.0,NA,NA,NA,NA,NA,NA,NA,NA,NA
2026-02-15 08:00:00,85.75,121.75,29.5,37.25,44.25,12.5,4.0,1.0,19.0,5.0,5.0,NA,3.0,4.75,2.0,NA,NA,NA,NA,NA,NA,NA,NA,NA
2026-02-15 09:00:00,101.25,148.0,27.75,28.5,38.25,13.0,2.5,0.25,23.5,5.0,5.0,NA,3.0,4.25,2.0,NA,NA,NA,NA,NA,NA,NA,NA,NA
2026-02-15 10:00:00,100.0,151.25,29.0,33.75,42.0,13.25,3.75,0.0,41.25,5.0,5.0,NA,3.0,4.25,2.0,NA,NA,NA,NA,NA,NA,NA,NA,NA
2026-02-15 11:00:00,92.75,146.0,28.75,32.5,40.5,13.0,5.75,0.0,70.0,5.0,5.0,NA,3.0,4.25,2.25,NA,NA,NA,NA,NA,NA,NA,NA,NA
2026-02-15 12:00:00,72.5,117.0,29.5,35.5,43.25,13.75,1.5,0.0,102.0,5.0,5.0,NA,3.0,4.0,2.0,NA,NA,NA,NA,NA,NA,NA,NA,NA
2026-02-15 13:00:00,64.25,105.75,30.75,45.25,49.5,15.5,0.0,0.0,102.75,4.0,4.0,NA,1.0,4.0,3.0,NA,NA,NA,NA,NA,NA,NA,NA,NA
2026-02-15 14:00:00,48.5,87.25,32.0,50.75,53.25,12.75,0.0,0.0,103.0,4.0,4.0,NA,1.25,4.0,3.25,NA,NA,NA,NA,NA,NA,NA,NA,NA
2026-02-15 15:00:00,51.5,90.25,31.25,41.75,47.75,13.0,NA,0.0,91.0,4.0,4.0,NA,1.0,4.0,3.0,NA,NA,NA,NA,NA,NA,NA,NA,NA
2026-02-15 16:00:00,46.5,84.25,31.25,33.25,43.0,13.5,14.33,0.0,90.25,4.0,4.0,NA,1.0,4.0,3.0,NA,NA,NA,NA,NA,NA,NA,NA,NA
2026-02-15 17:00:00,42.0,74.25,30.5,28.5,40.0,13.25,15.0,0.0,70.5,4.0,4.0,NA,1.0,4.0,3.0,NA,NA,NA,NA,NA,NA,NA,NA,NA
2026-02-15 18:00:00,51.75,89.75,32.75,40.75,48.0,13.75,13.75,0.5,39.0,3.25,3.25,NA,4.0,2.5,4.5,NA,NA,NA,NA,NA,NA,NA,NA,NA
2026-02-15 19:00:00,65.25,109.75,31.0,31.0,41.75,11.0,13.25,1.0,21.25,3.0,3.0,NA,5.0,2.0,5.0,NA,NA,NA,NA,NA,NA,NA,NA,NA
2026-02-15 20:00:00,102.25,160.25,33.5,41.25,49.5,14.0,12.0,1.75,20.0,3.0,3.0,NA,4.75,2.0,4.75,NA,NA,NA,NA,NA,NA,NA,NA,NA
2026-02-15 21:00:00,121.0,192.5,37.0,64.75,64.75,18.0,12.0,3.0,19.5,1.5,1.5,NA,3.5,2.75,1.75,NA,NA,NA,NA,NA,NA,NA,NA,NA
2026-02-15 22:00:00,96.5,161.5,40.25,76.75,73.5,20.75,12.0,3.0,19.0,1.0,1.0,NA,3.0,3.0,1.0,NA,NA,NA,NA,NA,NA,NA,NA,NA
2026-02-15 23:00:00,124.67,196.33,41.67,79.33,76.67,24.67,12.0,3.0,19.67,1.0,1.0,NA,3.0,3.0,1.0,NA,NA,NA,NA,NA,NA,NA,NA,NA
2026-02-16 00:00:00,131.0,203.75,40.0,73.5,71.25,21.75,17.0,2.0,18.5,3.0,3.0,NA,2.0,2.0,2.0,NA,NA,NA,NA,NA,NA,NA,NA,NA
2026-02-16 01:00:00,113.0,171.0,38.25,69.0,67.75,19.75,19.0,2.0,18.75,3.0,3.0,NA,2.0,2.0,2.0,NA,NA,NA,NA,NA,NA,NA,NA,NA
2026-02-16 02:00:00,102.25,152.5,39.75,76.5,73.25,24.25,19.25,1.25,17.5,3.0,3.0,NA,2.0,2.0,2.0,NA,NA,NA,NA,NA,NA,NA,NA,NA
2026-02-16 03:00:00,99.5,149.0,39.0,75.0,72.0,17.5,19.25,1.0,17.5,3.0,3.0,NA,2.0,2.0,2.0,NA,NA,NA,NA,NA,NA,NA,NA,NA
2026-02-16 04:00:00,113.5,161.0,39.0,76.25,72.25,19.0,12.5,1.75,18.0,3.0,3.0,NA,2.0,2.0,2.0,NA,NA,NA,NA,NA,NA,NA,NA,NA
2026-02-16 05:00:00,114.25,154.75,36.75,66.75,65.75,17.25,NA,1.5,18.0,3.0,3.0,NA,2.0,2.0,2.0,NA,NA,NA,NA,NA,NA,NA,NA,NA
2026-02-16 06:00:00,119.5,153.0,34.25,42.75,51.0,14.5,NA,1.75,18.5,3.0,3.0,NA,2.0,2.0,2.0,NA,NA,NA,NA,NA,NA,NA,NA,NA
2026-02-16 07:00:00,114.5,159.0,32.5,48.5,52.25,15.0,NA,1.0,18.75,3.0,3.0,NA,2.0,2.0,2.0,NA,NA,NA,NA,NA,NA,NA,NA,NA
2026-02-16 08:00:00,121.75,174.75,32.75,55.75,56.5,18.5,1.33,1.0,19.5,5.0,5.0,NA,3.0,4.25,2.0,NA,NA,NA,NA,NA,NA,NA,NA,NA
2026-02-16 09:00:00,135.25,189.75,32.0,58.75,57.5,16.5,3.25,1.0,20.0,5.0,5.0,NA,3.0,5.0,2.0,NA,NA,NA,NA,NA,NA,NA,NA,NA
2026-02-16 10:00:00,103.0,148.75,32.0,54.0,54.75,14.5,4.75,0.0,25.75,5.0,5.0,NA,3.0,4.5,2.0,NA,NA,NA,NA,NA,NA,NA,NA,NA
2026-02-16 11:00:00,57.75,92.0,30.0,39.5,45.5,14.5,3.5,0.0,50.0,5.0,5.0,NA,3.0,4.5,2.25,NA,NA,NA,NA,NA,NA,NA,NA,NA
2026-02-16 12:00:00,56.0,89.0,29.5,33.5,42.0,13.25,10.25,0.25,89.5,5.0,5.0,NA,3.0,4.0,2.0,NA,NA,NA,NA,NA,NA,NA,NA,NA
2026-02-16 13:00:00,78.5,123.0,29.25,33.0,42.0,14.25,14.5,0.0,121.5,4.0,4.0,NA,1.0,4.0,3.0,NA,NA,NA,NA,NA,NA,NA,NA,NA
2026-02-16 14:00:00,100.75,157.5,30.75,39.0,46.0,15.0,17.25,1.0,165.75,4.0,4.0,NA,1.0,4.0,3.0,NA,NA,NA,NA,NA,NA,NA,NA,NA
2026-02-16 15:00:00,121.5,187.0,31.0,37.5,45.0,12.75,16.75,1.0,167.25,4.0,4.0,NA,1.0,4.0,3.0,NA,NA,NA,NA,NA,NA,NA,NA,NA
2026-02-16 16:00:00,107.5,167.0,18.0,2.25,10.25,2.25,18.25,0.75,130.5,3.75,4.0,NA,1.0,4.0,3.0,NA,NA,NA,NA,NA,NA,NA,NA,NA
2026-02-16 17:00:00,82.5,135.5,26.75,48.25,47.5,18.0,17.0,1.0,56.75,4.0,4.0,NA,1.0,4.0,3.0,NA,NA,NA,NA,NA,NA,NA,NA,NA
2026-02-16 18:00:00,76.5,148.75,26.0,35.5,40.5,18.25,16.0,1.75,22.25,3.25,3.25,NA,4.0,2.5,4.25,NA,NA,NA,NA,NA,NA,NA,NA,NA
2026-02-16 19:00:00,79.5,143.25,27.0,39.0,42.5,18.75,14.75,2.0,19.75,3.0,3.0,NA,5.0,2.0,5.0,NA,NA,NA,NA,NA,NA,NA,NA,NA
2026-02-16 20:00:00,79.25,149.25,29.25,43.25,47.0,23.75,13.5,2.75,19.75,3.0,3.0,NA,5.0,2.0,5.0,NA,NA,NA,NA,NA,NA,NA,NA,NA
2026-02-16 21:00:00,94.0,188.75,35.0,80.0,71.25,31.25,14.0,3.5,20.0,1.5,1.5,NA,3.5,2.75,2.0,NA,NA,NA,NA,NA,NA,NA,NA,NA
2026-02-16 22:00:00,105.5,202.5,34.5,73.25,67.25,29.5,13.75,4.0,19.5,1.0,1.0,NA,3.0,3.0,1.0,NA,NA,NA,NA,NA,NA,NA,NA,NA
2026-02-16 23:00:00,103.0,192.67,33.0,73.67,66.0,30.0,14.0,3.33,20.0,1.0,1.0,NA,3.0,3.0,1.0,NA,NA,NA,NA,NA,NA,NA,NA,NA
2026-02-17 00:00:00,105.25,175.0,36.75,87.5,76.25,31.75,12.25,2.0,20.0,3.0,3.0,NA,2.0,2.0,2.0,NA,NA,NA,NA,NA,NA,NA,NA,NA
2026-02-17 01:00:00,111.75,177.5,38.5,105.25,87.75,34.75,11.25,2.0,20.75,3.0,3.0,NA,2.0,2.0,2.0,NA,NA,NA,NA,NA,NA,NA,NA,NA
2026-02-17 02:00:00,116.75,175.25,44.25,123.0,101.5,35.25,11.5,2.0,20.25,3.0,3.0,NA,2.0,2.0,2.0,NA,NA,NA,NA,NA,NA,NA,NA,NA
2026-02-17 03:00:00,117.25,169.5,42.0,110.25,93.25,30.75,11.0,1.0,20.0,3.0,3.0,NA,2.0,2.0,2.0,NA,NA,NA,NA,NA,NA,NA,NA,NA
2026-02-17 04:00:00,119.5,175.75,38.75,94.75,82.25,26.25,18.25,1.0,20.25,3.0,3.0,NA,2.0,2.0,2.0,NA,NA,NA,NA,NA,NA,NA,NA,NA
2026-02-17 05:00:00,120.0,178.25,38.25,82.0,74.75,22.75,22.0,1.0,20.0,3.0,3.0,NA,2.0,2.0,2.0,NA,NA,NA,NA,NA,NA,NA,NA,NA
2026-02-17 06:00:00,119.75,186.0,35.5,64.5,63.25,21.0,22.0,1.0,20.25,3.0,3.0,NA,2.0,2.0,2.0,NA,NA,NA,NA,NA,NA,NA,NA,NA
2026-02-17 07:00:00,122.25,184.75,34.0,61.75,60.25,18.75,22.0,0.25,20.5,3.0,3.0,NA,2.0,2.0,2.0,NA,NA,NA,NA,NA,NA,NA,NA,NA
2026-02-17 08:00:00,111.5,174.25,34.0,66.75,63.5,19.75,10.0,1.0,20.25,5.0,5.0,NA,3.0,4.5,2.0,NA,NA,NA,NA,NA,NA,NA,NA,NA
2026-02-17 09:00:00,95.0,153.25,31.25,43.5,48.75,15.5,6.75,0.25,19.25,5.0,5.0,NA,3.0,4.5,2.25,NA,NA,NA,NA,NA,NA,NA,NA,NA
2026-02-17 10:00:00,81.25,137.0,31.5,47.0,51.0,17.0,7.25,0.0,19.75,4.75,5.0,NA,3.0,5.0,2.0,NA,NA,NA,NA,NA,NA,NA,NA,NA
2026-02-17 11:00:00,60.75,111.25,32.0,50.5,53.0,18.0,6.0,0.0,19.0,5.0,5.0,NA,3.0,4.5,2.0,NA,NA,NA,NA,NA,NA,NA,NA,NA
2026-02-17 12:00:00,44.5,82.0,30.5,35.0,43.25,16.0,14.25,0.0,19.75,5.0,5.0,NA,3.0,4.25,2.25,NA,NA,NA,NA,NA,NA,NA,NA,NA
2026-02-17 13:00:00,39.5,74.0,31.75,47.25,51.25,16.75,17.0,0.0,20.5,4.0,4.0,NA,1.0,4.0,3.25,NA,NA,NA,NA,NA,NA,NA,NA,NA
2026-02-17 14:00:00,35.25,68.0,32.0,49.75,52.75,11.5,16.75,0.0,22.0,4.0,4.0,NA,1.0,4.0,3.0,NA,NA,NA,NA,NA,NA,NA,NA,NA
2026-02-17 15:00:00,37.5,70.5,32.0,39.5,47.25,15.5,16.25,0.75,22.25,4.0,4.0,NA,1.25,3.75,3.0,NA,NA,NA,NA,NA,NA,NA,NA,NA
2026-02-17 16:00:00,34.25,68.25,31.25,26.25,39.75,12.0,16.0,0.75,21.75,4.0,4.0,NA,1.0,4.0,3.0,NA,NA,NA,NA,NA,NA,NA,NA,NA
2026-02-17 17:00:00,35.25,67.25,33.0,41.75,49.0,13.0,15.25,1.0,20.75,4.0,4.0,NA,1.0,4.0,3.0,NA,NA,NA,NA,NA,NA,NA,NA,NA
2026-02-17 18:00:00,42.25,91.75,32.5,34.5,45.25,15.25,14.5,1.25,20.0,3.25,3.25,NA,3.75,2.5,4.5,NA,NA,NA,NA,NA,NA,NA,NA,NA
2026-02-17 19:00:00,56.75,114.5,33.5,39.75,48.75,16.5,14.25,1.25,20.0,3.0,3.0,NA,5.0,2.0,4.75,NA,NA,NA,NA,NA,NA,NA,NA,NA
2026-02-17 20:00:00,68.25,122.75,30.75,26.5,38.5,11.75,14.75,1.75,20.75,3.0,3.0,NA,4.5,2.25,5.0,NA,NA,NA,NA,NA,NA,NA,NA,NA
2026-02-17 21:00:00,87.5,166.75,24.75,14.75,27.5,15.25,15.5,2.5,20.0,1.5,1.5,NA,3.5,2.75,2.0,NA,NA,NA,NA,NA,NA,NA,NA,NA
2026-02-17 22:00:00,93.5,162.5,39.5,98.5,84.75,31.25,16.0,3.0,20.0,1.0,1.0,NA,3.0,3.0,1.0,NA,NA,NA,NA,NA,NA,NA,NA,NA
2026-02-17 23:00:00,97.0,160.33,40.33,81.33,76.33,24.33,15.67,2.67,20.33,1.0,1.0,NA,3.0,3.0,1.0,NA,NA,NA,NA,NA,NA,NA,NA,NA
2026-02-18 00:00:00,102.75,168.5,41.0,77.75,75.0,18.0,14.25,2.0,20.0,3.0,3.0,NA,2.0,2.0,2.0,NA,NA,NA,NA,NA,NA,NA,NA,NA
2026-02-18 01:00:00,107.5,175.25,40.75,56.25,63.5,21.0,14.25,2.75,20.0,3.0,3.0,NA,2.0,2.0,2.0,NA,NA,NA,NA,NA,NA,NA,NA,NA
2026-02-18 02:00:00,114.75,178.75,45.0,105.75,93.0,25.75,14.75,2.0,20.0,3.0,3.0,NA,2.0,2.0,2.0,NA,NA,NA,NA,NA,NA,NA,NA,NA
2026-02-18 03:00:00,115.5,170.5,45.25,102.0,91.0,26.25,15.25,2.0,20.0,3.0,3.0,NA,2.0,2.0,2.0,NA,NA,NA,NA,NA,NA,NA,NA,NA
2026-02-18 04:00:00,118.5,178.75,44.25,89.0,83.25,23.5,9.75,1.75,20.25,3.0,3.0,NA,2.0,2.0,2.0,NA,NA,NA,NA,NA,NA,NA,NA,NA
2026-02-18 05:00:00,120.75,182.25,39.75,73.5,71.75,15.25,7.0,1.0,20.0,3.0,3.0,NA,2.0,2.0,2.0,NA,NA,NA,NA,NA,NA,NA,NA,NA
2026-02-18 06:00:00,120.5,183.5,36.75,53.5,58.5,14.5,7.0,0.0,20.5,3.0,3.0,NA,2.0,2.0,2.0,NA,NA,NA,NA,NA,NA,NA,NA,NA
2026-02-18 07:00:00,144.75,205.75,33.25,36.25,46.25,7.25,6.0,0.0,19.75,3.0,3.0,NA,2.0,2.0,2.0,NA,NA,NA,NA,NA,NA,NA,NA,NA
2026-02-18 08:00:00,122.0,171.0,32.75,26.25,40.25,8.0,5.75,1.0,19.5,5.0,5.0,NA,3.0,4.25,2.0,NA,NA,NA,NA,NA,NA,NA,NA,NA
2026-02-18 09:00:00,98.75,150.0,28.25,13.0,28.25,5.0,5.0,0.75,19.5,5.0,5.0,NA,3.0,4.25,2.0,NA,NA,NA,NA,NA,NA,NA,NA,NA
2026-02-18 10:00:00,77.5,116.75,29.5,45.25,48.0,17.25,6.0,0.0,18.5,5.0,5.0,NA,3.0,4.25,2.0,NA,NA,NA,NA,NA,NA,NA,NA,NA
2026-02-18 11:00:00,53.5,89.5,32.0,51.75,53.5,17.25,8.0,0.0,18.75,5.0,5.0,NA,3.0,4.25,2.0,NA,NA,NA,NA,NA,NA,NA,NA,NA
2026-02-18 12:00:00,59.25,99.25,29.25,37.25,43.75,14.75,15.5,0.0,19.5,5.0,5.0,NA,3.0,4.0,2.5,NA,NA,NA,NA,NA,NA,NA,NA,NA
2026-02-18 13:00:00,47.0,70.5,30.25,40.25,46.25,13.25,17.0,0.0,19.25,4.0,4.0,NA,1.0,4.0,3.0,NA,NA,NA,NA,NA,NA,NA,NA,NA
2026-02-18 14:00:00,41.25,58.5,30.75,39.75,46.75,15.5,17.5,0.0,18.5,4.0,4.0,NA,1.0,4.0,3.0,NA,NA,NA,NA,NA,NA,NA,NA,NA
2026-02-18 15:00:00,35.75,51.0,31.75,41.5,48.25,17.75,16.5,0.25,19.0,4.0,4.0,NA,1.0,4.0,3.0,NA,NA,NA,NA,NA,NA,NA,NA,NA
2026-02-18 16:00:00,36.5,47.75,30.5,35.0,43.75,12.25,13.0,0.5,18.25,4.0,4.0,NA,1.0,4.0,3.0,NA,NA,NA,NA,NA,NA,NA,NA,NA
2026-02-18 17:00:00,41.5,69.0,33.5,45.25,51.5,16.75,11.25,1.0,18.75,4.0,4.0,NA,1.0,4.0,3.0,NA,NA,NA,NA,NA,NA,NA,NA,NA
2026-02-18 18:00:00,55.0,82.25,31.0,39.5,46.25,13.5,11.25,1.0,18.75,3.25,3.25,NA,3.75,2.5,4.5,NA,NA,NA,NA,NA,NA,NA,NA,NA
2026-02-18 19:00:00,54.75,81.75,24.25,11.75,26.0,7.0,11.0,1.0,18.5,3.0,3.0,NA,4.75,2.0,4.75,NA,NA,NA,NA,NA,NA,NA,NA,NA
2026-02-18 20:00:00,65.75,104.5,24.5,28.0,35.25,15.75,12.75,1.0,19.0,3.0,3.0,NA,4.75,2.0,4.5,NA,NA,NA,NA,NA,NA,NA,NA,NA
2026-02-18 21:00:00,77.25,127.0,29.75,56.0,54.0,23.0,13.5,1.0,19.25,1.5,1.5,NA,3.5,2.5,1.75,NA,NA,NA,NA,NA,NA,NA,NA,NA
2026-02-18 22:00:00,77.25,120.0,26.75,35.25,40.75,16.0,12.75,1.0,19.25,1.0,1.0,NA,3.0,3.0,1.0,NA,NA,NA,NA,NA,NA,NA,NA,NA
2026-02-18 23:00:00,82.33,120.67,30.0,54.33,53.33,24.33,13.0,1.67,19.0,1.0,1.0,NA,3.0,3.0,1.0,NA,NA,NA,NA,NA,NA,NA,NA,NA
2026-02-19 00:00:00,79.0,128.5,28.75,43.25,46.75,18.75,14.75,1.0,18.75,3.0,3.0,NA,2.0,2.0,2.0,NA,NA,NA,NA,NA,NA,NA,NA,NA
2026-02-19 01:00:00,83.25,120.25,29.5,48.75,50.25,20.75,16.0,1.0,18.75,3.0,3.0,NA,2.0,2.0,2.0,NA,NA,NA,NA,NA,NA,NA,NA,NA
2026-02-19 02:00:00,87.0,123.75,32.5,68.75,63.0,25.0,16.75,1.0,18.75,3.0,3.0,NA,2.0,2.0,2.0,NA,NA,NA,NA,NA,NA,NA,NA,NA
2026-02-19 03:00:00,79.25,114.5,29.0,46.5,48.5,17.5,16.25,1.0,18.5,3.0,3.0,NA,2.0,2.0,2.0,NA,NA,NA,NA,NA,NA,NA,NA,NA
2026-02-19 04:00:00,80.25,116.25,31.5,56.25,55.5,23.0,15.25,1.0,19.0,3.0,3.0,NA,2.0,2.0,2.0,NA,NA,NA,NA,NA,NA,NA,NA,NA
2026-02-19 05:00:00,96.25,127.5,30.75,47.75,50.5,23.5,15.0,1.0,18.0,3.0,3.0,NA,2.0,2.0,2.0,NA,NA,NA,NA,NA,NA,NA,NA,NA
2026-02-19 06:00:00,104.5,141.25,35.25,70.75,66.25,26.25,15.75,1.5,18.0,3.0,3.0,NA,2.0,2.0,2.0,NA,NA,NA,NA,NA,NA,NA,NA,NA
2026-02-19 07:00:00,113.25,155.25,36.25,79.0,71.75,26.5,15.5,2.0,19.0,3.0,3.0,NA,2.0,2.0,2.0,NA,NA,NA,NA,NA,NA,NA,NA,NA
2026-02-19 08:00:00,124.25,166.75,32.75,60.0,58.5,20.5,16.5,1.0,19.5,5.0,5.0,NA,3.0,4.5,2.0,NA,NA,NA,NA,NA,NA,NA,NA,NA
2026-02-19 09:00:00,135.5,177.0,27.5,32.75,40.0,14.5,18.0,0.0,19.25,5.0,5.0,NA,3.0,4.75,2.0,NA,NA,NA,NA,NA,NA,NA,NA,NA
2026-02-19 10:00:00,82.0,110.75,25.25,30.0,36.75,14.25,21.25,0.0,19.25,5.0,5.0,NA,3.0,4.75,2.75,NA,NA,NA,NA,NA,NA,NA,NA,NA
2026-02-19 11:00:00,60.0,84.0,29.0,49.5,50.0,17.0,22.75,0.0,19.0,5.0,5.0,NA,3.0,4.5,2.0,NA,NA,NA,NA,NA,NA,NA,NA,NA
2026-02-19 12:00:00,52.0,74.0,27.75,33.5,40.5,14.5,17.25,0.0,20.25,5.0,5.0,NA,3.0,4.5,2.0,NA,NA,NA,NA,NA,NA,NA,NA,NA
2026-02-19 13:00:00,71.0,104.0,29.0,39.25,44.5,15.5,15.75,0.0,23.5,4.0,4.0,NA,1.0,4.0,3.0,NA,NA,NA,NA,NA,NA,NA,NA,NA
2026-02-19 14:00:00,102.5,153.25,28.75,37.25,43.0,12.5,16.0,0.25,29.75,4.0,4.0,NA,1.0,4.0,3.0,NA,NA,NA,NA,NA,NA,NA,NA,NA
2026-02-19 15:00:00,92.75,141.25,31.0,47.5,50.5,15.25,14.25,0.0,37.0,4.0,4.0,NA,1.0,4.0,3.0,NA,NA,NA,NA,NA,NA,NA,NA,NA
2026-02-19 16:00:00,69.0,112.25,30.0,42.0,47.0,13.0,17.5,0.0,34.0,4.0,4.0,NA,1.0,4.0,3.0,NA,NA,NA,NA,NA,NA,NA,NA,NA
2026-02-19 17:00:00,52.25,89.75,29.0,35.5,42.5,10.25,18.0,0.0,25.5,4.0,4.0,NA,1.0,3.75,3.25,NA,NA,NA,NA,NA,NA,NA,NA,NA
2026-02-19 18:00:00,49.75,87.0,30.5,40.25,46.25,13.0,16.5,0.0,21.75,3.25,3.25,NA,4.0,2.5,4.25,NA,NA,NA,NA,NA,NA,NA,NA,NA
2026-02-19 19:00:00,64.0,97.0,31.75,46.75,51.25,12.75,16.0,0.25,20.0,3.0,3.0,NA,4.75,2.0,4.75,NA,NA,NA,NA,NA,NA,NA,NA,NA
2026-02-19 20:00:00,88.0,121.75,32.25,43.0,49.0,16.75,7.25,1.0,19.75,3.0,3.0,NA,5.0,2.0,5.0,NA,NA,NA,NA,NA,NA,NA,NA,NA
2026-02-19 21:00:00,97.5,134.75,31.0,34.5,44.0,11.25,2.25,1.0,19.5,1.5,1.5,NA,3.5,2.75,2.0,NA,NA,NA,NA,NA,NA,NA,NA,NA
2026-02-19 22:00:00,94.5,135.0,31.0,32.75,43.0,16.5,2.25,1.0,19.0,1.0,1.0,NA,3.0,3.0,1.0,NA,NA,NA,NA,NA,NA,NA,NA,NA
2026-02-19 23:00:00,90.33,131.0,33.33,40.67,48.67,18.33,3.0,1.33,19.0,1.0,1.0,NA,3.0,3.0,1.0,NA,NA,NA,NA,NA,NA,NA,NA,NA
2026-02-20 00:00:00,93.0,141.25,35.0,42.75,51.25,15.75,12.75,1.75,19.0,3.0,3.0,NA,2.0,2.0,2.0,NA,NA,NA,NA,NA,NA,NA,NA,NA
2026-02-20 01:00:00,97.75,149.25,34.25,46.5,52.25,16.75,18.25,2.0,18.75,3.0,3.0,NA,2.0,2.0,2.0,NA,NA,NA,NA,NA,NA,NA,NA,NA
2026-02-20 02:00:00,94.75,142.0,25.75,18.0,29.0,14.25,18.5,2.0,18.5,3.0,3.0,NA,2.0,2.0,2.0,NA,NA,NA,NA,NA,NA,NA,NA,NA
2026-02-20 03:00:00,100.0,151.75,31.0,56.25,55.25,25.5,19.0,2.0,17.75,3.0,3.0,NA,2.0,2.0,2.0,NA,NA,NA,NA,NA,NA,NA,NA,NA
2026-02-20 04:00:00,84.25,133.0,35.0,72.75,67.25,29.5,8.25,1.0,17.25,3.0,3.0,NA,2.0,2.0,2.0,NA,NA,NA,NA,NA,NA,NA,NA,NA
2026-02-20 05:00:00,81.5,124.25,35.0,82.25,72.75,29.25,2.25,1.25,17.75,3.0,3.0,NA,2.0,2.0,2.0,NA,NA,NA,NA,NA,NA,NA,NA,NA
2026-02-20 06:00:00,83.25,120.75,35.75,91.5,78.0,25.5,2.0,1.0,18.0,3.0,3.0,NA,2.0,2.0,2.0,NA,NA,NA,NA,NA,NA,NA,NA,NA
2026-02-20 07:00:00,90.25,116.25,35.75,81.5,72.5,24.0,2.0,1.0,18.25,3.0,3.0,NA,2.0,2.0,2.0,NA,NA,NA,NA,NA,NA,NA,NA,NA
2026-02-20 08:00:00,111.5,148.25,36.25,80.0,71.75,21.0,9.75,1.0,19.25,5.0,5.0,NA,3.0,4.25,2.25,NA,NA,NA,NA,NA,NA,NA,NA,NA
2026-02-20 09:00:00,142.75,192.0,32.0,50.25,53.0,17.5,14.75,0.5,19.5,5.0,5.0,NA,3.0,4.25,2.0,NA,NA,NA,NA,NA,NA,NA,NA,NA
2026-02-20 10:00:00,123.67,169.67,30.67,44.67,48.67,12.33,19.33,0.0,19.0,5.0,5.0,NA,3.0,4.0,2.0,NA,NA,NA,NA,NA,NA,NA,NA,NA
2026-02-20 11:00:00,NA,NA,NA,NA,NA,NA,NA,NA,NA,NA,NA,NA,NA,NA,NA,NA,NA,NA,NA,NA,NA,NA,NA,NA
2026-02-20 12:00:00,NA,NA,NA,NA,NA,NA,NA,NA,NA,NA,NA,NA,NA,NA,NA,NA,NA,NA,NA,NA,NA,NA,NA,NA
2026-02-20 13:00:00,NA,NA,NA,NA,NA,NA,NA,NA,NA,NA,NA,NA,NA,NA,NA,NA,NA,NA,NA,NA,NA,NA,NA,NA
2026-02-20 14:00:00,NA,NA,NA,NA,NA,NA,NA,NA,NA,NA,NA,NA,NA,NA,NA,NA,NA,NA,NA,NA,NA,NA,NA,NA
2026-02-20 15:00:00,NA,NA,NA,NA,NA,NA,NA,NA,NA,NA,NA,NA,NA,NA,NA,NA,NA,NA,NA,NA,NA,NA,NA,NA
2026-02-20 16:00:00,NA,NA,NA,NA,NA,NA,NA,NA,NA,NA,NA,NA,NA,NA,NA,NA,NA,NA,NA,NA,NA,NA,NA,NA
2026-02-20 17:00:00,NA,NA,NA,NA,NA,NA,NA,NA,NA,NA,NA,NA,NA,NA,NA,NA,NA,NA,NA,NA,NA,NA,NA,NA
2026-02-20 18:00:00,NA,NA,NA,NA,NA,NA,NA,NA,NA,NA,NA,NA,NA,NA,NA,NA,NA,NA,NA,NA,NA,NA,NA,NA
2026-02-20 19:00:00,NA,NA,NA,NA,NA,NA,NA,NA,NA,NA,NA,NA,NA,NA,NA,NA,NA,NA,NA,NA,NA,NA,NA,NA
2026-02-20 20:00:00,NA,NA,NA,NA,NA,NA,NA,NA,NA,NA,NA,NA,NA,NA,NA,NA,NA,NA,NA,NA,NA,NA,NA,NA
2026-02-20 21:00:00,NA,NA,NA,NA,NA,NA,NA,NA,NA,NA,NA,NA,NA,NA,NA,NA,NA,NA,NA,NA,NA,NA,NA,NA
2026-02-20 22:00:00,NA,NA,NA,NA,NA,NA,NA,NA,NA,NA,NA,NA,NA,NA,NA,NA,NA,NA,NA,NA,NA,NA,NA,NA
2026-02-20 23:00:00,NA,NA,NA,NA,NA,NA,NA,NA,NA,NA,NA,NA,NA,NA,NA,NA,NA,NA,NA,NA,NA,NA,NA,NA
2026-02-21 00:00:00,90.0,123.5,35.75,50.0,56.0,16.75,3.25,1.0,19.5,3.0,3.0,NA,2.0,2.0,2.0,NA,NA,NA,NA,NA,NA,NA,NA,NA
2026-02-21 01:00:00,94.5,129.0,28.25,24.25,32.75,7.0,5.5,0.5,19.0,3.0,3.0,NA,2.0,2.0,2.0,NA,NA,NA,NA,NA,NA,NA,NA,NA
2026-02-21 02:00:00,90.25,122.0,26.75,32.25,35.75,15.25,4.75,0.25,18.5,3.0,3.0,NA,2.0,2.0,2.0,NA,NA,NA,NA,NA,NA,NA,NA,NA
2026-02-21 03:00:00,85.75,109.0,34.25,62.5,61.25,20.0,4.5,0.0,18.0,3.0,3.0,NA,2.0,2.0,2.0,NA,NA,NA,NA,NA,NA,NA,NA,NA
2026-02-21 04:00:00,78.5,94.0,32.25,39.0,46.75,13.25,8.75,0.0,18.0,3.0,3.0,NA,2.0,2.0,2.0,NA,NA,NA,NA,NA,NA,NA,NA,NA
2026-02-21 05:00:00,68.0,81.25,31.5,34.5,44.25,10.5,11.0,0.0,18.0,3.0,3.0,NA,2.0,2.0,2.0,NA,NA,NA,NA,NA,NA,NA,NA,NA
2026-02-21 06:00:00,63.25,77.75,31.25,35.75,44.25,10.75,11.0,0.0,18.0,3.0,3.0,NA,2.0,2.0,2.0,NA,NA,NA,NA,NA,NA,NA,NA,NA
2026-02-21 07:00:00,59.75,75.5,32.25,39.5,47.5,13.25,11.0,0.0,18.0,3.0,3.0,NA,2.0,2.0,2.0,NA,NA,NA,NA,NA,NA,NA,NA,NA
2026-02-21 08:00:00,73.75,96.25,31.5,33.25,43.25,14.5,10.0,0.0,18.75,5.0,5.0,NA,3.0,4.0,2.0,NA,NA,NA,NA,NA,NA,NA,NA,NA
2026-02-21 09:00:00,104.25,136.75,28.0,25.0,35.75,12.25,10.0,0.75,19.0,5.0,5.0,NA,3.0,4.25,2.0,NA,NA,NA,NA,NA,NA,NA,NA,NA
2026-02-21 10:00:00,120.0,157.75,29.5,35.25,41.75,11.75,13.5,0.5,23.5,5.0,5.0,NA,3.0,4.25,2.25,NA,NA,NA,NA,NA,NA,NA,NA,NA
2026-02-21 11:00:00,113.75,147.5,29.0,43.25,44.5,14.5,16.33,NA,NA,5.0,5.0,NA,3.0,4.5,2.25,NA,NA,NA,NA,NA,NA,NA,NA,NA
2026-02-21 12:00:00,105.0,142.25,29.0,34.25,41.5,12.5,15.5,NA,NA,5.0,5.0,NA,3.0,4.25,2.0,NA,NA,NA,NA,NA,NA,NA,NA,NA
2026-02-21 13:00:00,90.5,120.5,27.75,27.75,35.75,9.25,NA,0.0,40.25,4.0,4.0,NA,1.0,4.0,4.0,NA,NA,NA,NA,NA,NA,NA,NA,NA
2026-02-21 14:00:00,68.75,93.0,33.5,59.0,58.5,12.0,14.0,0.0,44.75,NA,NA,NA,NA,NA,NA,NA,NA,NA,NA,NA,NA,NA,NA,NA
2026-02-21 15:00:00,62.5,84.75,NA,NA,NA,NA,13.5,0.0,46.25,NA,NA,NA,NA,NA,NA,NA,NA,NA,NA,NA,NA,NA,NA,NA
2026-02-21 16:00:00,54.25,76.25,29.67,34.0,41.67,14.33,11.75,0.0,43.75,4.0,4.0,NA,1.0,4.0,3.25,NA,NA,NA,NA,NA,NA,NA,NA,NA
2026-02-21 17:00:00,56.5,81.75,28.25,29.0,37.25,12.0,10.0,0.0,32.25,4.0,4.0,NA,1.0,3.75,3.0,NA,NA,NA,NA,NA,NA,NA,NA,NA
2026-02-21 18:00:00,64.25,85.25,28.25,27.25,37.75,9.75,8.75,0.0,27.25,3.25,3.25,NA,3.5,2.5,4.25,NA,NA,NA,NA,NA,NA,NA,NA,NA
2026-02-21 19:00:00,70.25,94.0,28.75,31.5,40.25,12.5,8.0,1.0,21.25,3.0,3.0,NA,4.5,2.0,4.75,NA,NA,NA,NA,NA,NA,NA,NA,NA
2026-02-21 20:00:00,90.5,127.0,30.5,39.5,45.75,17.75,13.0,1.25,20.0,3.0,3.0,NA,4.5,2.0,4.75,NA,NA,NA,NA,NA,NA,NA,NA,NA
2026-02-21 21:00:00,105.25,145.0,30.75,48.33,43.75,19.75,16.0,2.25,19.0,1.5,1.5,NA,3.5,2.75,1.75,NA,NA,NA,NA,NA,NA,NA,NA,NA
2026-02-21 22:00:00,109.0,144.75,32.5,54.25,55.25,17.0,16.0,2.0,19.0,1.0,1.0,NA,3.0,3.0,1.0,NA,NA,NA,NA,NA,NA,NA,NA,NA
2026-02-21 23:00:00,109.67,140.33,35.33,70.0,66.0,21.33,16.0,2.0,19.0,1.0,1.0,NA,3.0,3.0,1.0,NA,NA,NA,NA,NA,NA,NA,NA,NA
2026-02-22 00:00:00,103.5,134.25,32.0,42.25,49.0,18.25,15.0,1.0,19.0,3.0,3.0,NA,2.0,2.0,2.0,NA,NA,NA,NA,NA,NA,NA,NA,NA
2026-02-22 01:00:00,101.75,132.75,31.25,40.75,47.25,13.0,15.0,1.0,19.0,3.0,3.0,NA,2.0,2.0,2.0,NA,NA,NA,NA,NA,NA,NA,NA,NA
2026-02-22 02:00:00,98.0,130.25,35.25,71.75,67.0,20.5,14.75,1.0,19.0,3.0,3.0,NA,2.0,2.0,2.0,NA,NA,NA,NA,NA,NA,NA,NA,NA
2026-02-22 03:00:00,97.25,127.0,30.5,41.25,46.75,12.25,14.25,0.5,19.0,3.0,3.0,NA,2.0,2.0,2.0,NA,NA,NA,NA,NA,NA,NA,NA,NA
2026-02-22 04:00:00,90.75,114.5,33.25,59.25,59.0,17.25,13.0,0.5,19.0,3.0,3.0,NA,2.0,2.0,2.0,NA,NA,NA,NA,NA,NA,NA,NA,NA
2026-02-22 05:00:00,79.0,97.75,27.5,29.33,33.5,13.25,12.0,0.0,18.25,3.0,3.0,NA,2.0,2.0,2.0,NA,NA,NA,NA,NA,NA,NA,NA,NA
2026-02-22 06:00:00,69.5,84.25,31.75,49.25,52.25,17.0,11.25,0.0,18.75,3.0,3.0,NA,2.0,2.0,2.0,NA,NA,NA,NA,NA,NA,NA,NA,NA
2026-02-22 07:00:00,63.75,74.5,30.5,35.75,43.75,15.25,12.0,0.0,19.0,3.0,3.0,NA,2.0,2.0,2.0,NA,NA,NA,NA,NA,NA,NA,NA,NA
2026-02-22 08:00:00,82.5,96.25,27.0,17.25,30.0,9.75,10.25,0.0,19.25,5.0,5.0,NA,3.0,4.25,2.0,NA,NA,NA,NA,NA,NA,NA,NA,NA
2026-02-22 09:00:00,94.5,109.5,30.5,43.0,47.75,15.0,10.5,0.0,20.75,5.0,5.0,NA,3.0,5.0,2.25,NA,NA,NA,NA,NA,NA,NA,NA,NA
2026-02-22 10:00:00,77.0,92.75,28.0,28.5,38.0,10.25,12.25,0.0,25.5,5.0,5.0,NA,3.0,4.5,2.0,NA,NA,NA,NA,NA,NA,NA,NA,NA
2026-02-22 11:00:00,63.0,75.25,30.0,38.5,45.25,15.5,12.75,0.0,33.75,5.0,5.0,NA,3.0,4.25,2.0,NA,NA,NA,NA,NA,NA,NA,NA,NA
2026-02-22 12:00:00,49.25,57.75,28.75,33.5,41.25,14.75,14.25,0.0,42.0,5.0,5.0,NA,3.0,4.5,2.0,NA,NA,NA,NA,NA,NA,NA,NA,NA
2026-02-22 13:00:00,40.75,47.5,29.0,34.5,42.25,11.5,14.5,0.0,50.5,4.0,4.0,NA,1.0,4.0,3.25,NA,NA,NA,NA,NA,NA,NA,NA,NA
2026-02-22 14:00:00,39.0,47.5,31.5,49.75,52.25,17.5,14.5,0.0,54.75,4.0,4.0,NA,1.0,4.0,3.0,NA,NA,NA,NA,NA,NA,NA,NA,NA
2026-02-22 15:00:00,41.75,56.25,25.0,20.0,26.25,9.25,14.75,0.0,55.5,4.0,4.0,NA,1.0,4.0,3.25,NA,NA,NA,NA,NA,NA,NA,NA,NA
2026-02-22 16:00:00,45.25,66.75,25.5,23.0,32.0,9.0,12.5,0.0,51.75,4.0,4.0,NA,1.0,4.0,3.0,NA,NA,NA,NA,NA,NA,NA,NA,NA
2026-02-22 17:00:00,41.25,64.75,29.5,41.25,45.75,15.5,10.0,0.0,45.0,4.0,4.0,NA,1.25,4.0,3.0,NA,NA,NA,NA,NA,NA,NA,NA,NA
2026-02-22 18:00:00,45.25,70.75,25.25,23.25,32.5,13.5,9.5,0.5,28.5,3.25,3.25,NA,3.75,2.5,4.25,NA,NA,NA,NA,NA,NA,NA,NA,NA
2026-02-22 19:00:00,55.5,93.0,32.75,55.75,56.5,21.5,8.5,1.0,19.25,3.0,3.0,NA,5.0,2.0,4.75,NA,NA,NA,NA,NA,NA,NA,NA,NA
2026-02-22 20:00:00,74.75,139.5,30.0,40.75,46.5,14.25,14.0,2.0,19.25,3.0,3.0,NA,4.5,2.0,5.0,NA,NA,NA,NA,NA,NA,NA,NA,NA
2026-02-22 21:00:00,93.0,177.25,39.75,84.75,77.5,30.0,16.75,3.0,20.0,1.5,1.5,NA,3.5,2.75,1.75,NA,NA,NA,NA,NA,NA,NA,NA,NA
2026-02-22 22:00:00,122.0,201.75,39.25,84.5,77.0,21.5,16.5,2.25,20.0,1.0,1.0,NA,3.0,3.0,1.0,NA,NA,NA,NA,NA,NA,NA,NA,NA
2026-02-22 23:00:00,132.67,176.67,35.67,60.67,61.0,16.33,16.33,2.0,19.67,1.0,1.0,NA,3.0,3.0,1.0,NA,NA,NA,NA,NA,NA,NA,NA,NA
2026-02-23 00:00:00,137.5,176.0,38.0,63.0,63.75,22.0,9.0,1.75,20.0,3.0,3.0,NA,2.0,2.0,2.0,NA,NA,NA,NA,NA,NA,NA,NA,NA
2026-02-23 01:00:00,116.0,155.25,39.25,67.25,67.75,22.75,4.75,2.0,19.5,3.0,3.0,NA,2.0,2.0,2.0,NA,NA,NA,NA,NA,NA,NA,NA,NA
2026-02-23 02:00:00,112.5,164.25,39.5,76.25,72.75,21.25,5.0,1.0,19.0,3.0,3.0,NA,2.0,2.0,2.0,NA,NA,NA,NA,NA,NA,NA,NA,NA
2026-02-23 03:00:00,97.0,152.67,39.0,76.25,71.67,19.33,5.25,1.0,19.0,3.0,3.0,NA,2.0,2.0,2.0,NA,NA,NA,NA,NA,NA,NA,NA,NA
2026-02-23 04:00:00,115.0,157.25,38.0,70.75,68.75,17.25,6.0,1.0,19.0,3.0,3.0,NA,2.0,2.0,2.0,NA,NA,NA,NA,NA,NA,NA,NA,NA
2026-02-23 05:00:00,85.75,123.25,36.0,60.5,61.5,17.75,6.0,1.0,19.0,3.0,3.0,NA,2.0,2.0,2.0,NA,NA,NA,NA,NA,NA,NA,NA,NA
2026-02-23 06:00:00,81.0,105.75,36.75,64.75,64.25,18.25,6.0,1.0,19.0,3.0,3.0,NA,2.0,2.0,2.0,NA,NA,NA,NA,NA,NA,NA,NA,NA
2026-02-23 07:00:00,92.25,118.0,33.5,50.5,54.0,14.75,6.0,1.0,19.0,3.0,3.0,NA,2.0,2.0,2.0,NA,NA,NA,NA,NA,NA,NA,NA,NA
2026-02-23 08:00:00,111.0,152.0,35.75,76.75,69.25,20.75,18.25,1.0,19.0,5.0,5.0,NA,3.0,4.25,2.0,NA,NA,NA,NA,NA,NA,NA,NA,NA
2026-02-23 09:00:00,115.25,151.75,22.75,19.0,28.25,9.5,25.5,0.75,19.25,5.0,5.0,NA,3.0,4.5,2.0,NA,NA,NA,NA,NA,NA,NA,NA,NA
2026-02-23 10:00:00,73.75,94.67,24.25,36.0,39.25,15.25,28.25,0.0,24.5,5.0,5.0,NA,3.0,4.5,2.25,NA,NA,NA,NA,NA,NA,NA,NA,NA
2026-02-23 11:00:00,36.0,47.0,25.75,40.75,42.5,19.0,26.75,0.0,35.0,5.0,5.0,NA,3.0,4.75,2.0,NA,NA,NA,NA,NA,NA,NA,NA,NA
2026-02-23 12:00:00,71.0,78.0,24.0,31.5,36.25,15.25,16.25,0.0,57.5,5.0,5.0,NA,3.0,4.5,2.25,NA,NA,NA,NA,NA,NA,NA,NA,NA
2026-02-23 13:00:00,90.0,93.25,22.75,29.0,34.0,15.75,10.5,0.0,58.5,4.0,4.0,NA,1.0,4.0,3.0,NA,NA,NA,NA,NA,NA,NA,NA,NA
2026-02-23 14:00:00,78.75,82.25,25.0,40.25,41.75,18.75,10.25,0.0,63.0,4.0,4.0,NA,1.0,4.0,3.25,NA,NA,NA,NA,NA,NA,NA,NA,NA
2026-02-23 15:00:00,75.5,77.0,26.0,41.25,43.0,17.5,9.0,0.0,59.25,4.0,4.0,NA,1.0,4.0,3.25,NA,NA,NA,NA,NA,NA,NA,NA,NA
2026-02-23 16:00:00,NA,NA,24.25,33.0,37.5,15.25,12.5,0.0,57.0,4.0,4.0,NA,1.0,4.0,3.25,NA,NA,NA,NA,NA,NA,NA,NA,NA
2026-02-23 17:00:00,69.0,70.0,22.75,26.5,33.0,15.5,14.0,0.0,47.0,3.75,4.0,NA,1.0,4.0,3.0,NA,NA,NA,NA,NA,NA,NA,NA,NA
2026-02-23 18:00:00,74.25,80.0,24.75,42.75,43.0,17.5,13.75,1.0,24.5,3.25,3.25,NA,4.0,2.5,4.0,NA,NA,NA,NA,NA,NA,NA,NA,NA
2026-02-23 19:00:00,100.75,119.75,25.0,32.75,37.75,17.0,12.75,1.25,20.0,3.0,3.0,NA,4.75,2.0,4.5,NA,NA,NA,NA,NA,NA,NA,NA,NA
2026-02-23 20:00:00,134.75,164.75,26.5,28.0,36.75,23.5,6.75,2.75,20.0,3.0,3.0,NA,5.0,2.0,5.0,NA,NA,NA,NA,NA,NA,NA,NA,NA
2026-02-23 21:00:00,162.5,190.75,29.75,49.0,50.5,26.25,3.75,3.5,20.0,1.5,1.5,NA,3.5,2.75,2.0,NA,NA,NA,NA,NA,NA,NA,NA,NA
2026-02-23 22:00:00,174.25,202.75,37.0,89.75,78.0,33.25,3.75,4.0,20.0,1.0,1.0,NA,3.0,3.0,1.0,NA,NA,NA,NA,NA,NA,NA,NA,NA
2026-02-23 23:00:00,174.33,205.67,41.33,103.33,88.67,34.0,4.0,4.0,20.0,1.0,1.0,NA,3.0,3.0,1.0,NA,NA,NA,NA,NA,NA,NA,NA,NA
2026-02-24 00:00:00,182.0,198.25,38.25,79.75,74.0,22.75,12.0,1.75,19.75,3.0,3.0,NA,2.0,2.0,2.0,NA,NA,NA,NA,NA,NA,NA,NA,NA
2026-02-24 01:00:00,175.5,181.25,32.0,42.0,48.5,13.5,16.0,1.0,19.25,3.0,3.0,NA,2.0,2.0,2.0,NA,NA,NA,NA,NA,NA,NA,NA,NA
2026-02-24 02:00:00,148.25,155.25,34.25,67.5,63.75,23.25,16.75,2.0,19.0,3.0,3.0,NA,2.0,2.0,2.0,NA,NA,NA,NA,NA,NA,NA,NA,NA
2026-02-24 03:00:00,139.25,144.5,34.0,67.0,63.5,24.5,17.0,1.75,19.0,3.0,3.0,NA,2.0,2.0,2.0,NA,NA,NA,NA,NA,NA,NA,NA,NA
2026-02-24 04:00:00,136.25,138.0,38.0,86.5,77.0,31.0,8.0,1.5,19.0,3.0,3.0,NA,2.0,2.0,2.0,NA,NA,NA,NA,NA,NA,NA,NA,NA
2026-02-24 05:00:00,127.5,128.5,32.25,57.5,57.25,17.5,4.5,1.0,18.75,3.0,3.0,NA,2.0,2.0,2.0,NA,NA,NA,NA,NA,NA,NA,NA,NA
2026-02-24 06:00:00,127.0,129.75,32.5,63.25,60.25,18.5,4.25,1.0,18.5,3.0,3.0,NA,2.0,2.0,2.0,NA,NA,NA,NA,NA,NA,NA,NA,NA
2026-02-24 07:00:00,131.75,136.5,32.5,72.25,65.25,24.5,4.0,0.75,18.75,3.0,3.0,NA,2.0,2.0,2.0,NA,NA,NA,NA,NA,NA,NA,NA,NA
2026-02-24 08:00:00,156.25,161.25,35.75,78.0,71.0,24.5,15.75,1.0,19.25,5.0,5.0,NA,3.0,4.0,2.0,NA,NA,NA,NA,NA,NA,NA,NA,NA
2026-02-24 09:00:00,183.5,191.25,31.0,47.5,50.75,15.0,23.5,0.25,19.25,5.0,5.0,NA,3.0,4.0,2.0,NA,NA,NA,NA,NA,NA,NA,NA,NA
2026-02-24 10:00:00,159.0,162.5,29.5,43.0,46.5,13.5,26.0,0.0,19.0,5.0,5.0,NA,3.0,4.25,2.25,NA,NA,NA,NA,NA,NA,NA,NA,NA
2026-02-24 11:00:00,NA,NA,18.5,8.0,13.5,4.5,25.25,0.0,20.25,5.0,5.0,NA,3.0,4.25,2.25,NA,NA,NA,NA,NA,NA,NA,NA,NA
2026-02-24 12:00:00,NA,NA,22.25,26.5,32.25,15.0,20.0,0.0,32.5,5.0,5.0,NA,3.0,4.5,2.25,NA,NA,NA,NA,NA,NA,NA,NA,NA
2026-02-24 13:00:00,51.5,55.0,27.75,59.0,54.0,22.0,17.75,0.0,46.0,4.0,4.0,NA,1.0,4.0,3.0,NA,NA,NA,NA,NA,NA,NA,NA,NA
2026-02-24 14:00:00,97.0,99.75,27.25,46.0,47.0,18.0,16.25,0.0,49.25,4.0,4.0,NA,1.0,4.0,3.0,NA,NA,NA,NA,NA,NA,NA,NA,NA
2026-02-24 15:00:00,87.0,88.0,25.75,38.5,41.5,15.75,15.75,0.0,48.0,4.0,4.0,NA,1.0,4.0,3.0,NA,NA,NA,NA,NA,NA,NA,NA,NA
2026-02-24 16:00:00,NA,NA,26.0,37.0,40.75,17.5,12.0,0.0,45.25,4.0,4.0,NA,1.0,4.0,3.25,NA,NA,NA,NA,NA,NA,NA,NA,NA
2026-02-24 17:00:00,NA,NA,26.0,35.75,40.25,15.0,10.25,0.0,40.0,4.0,4.0,NA,1.0,4.0,3.0,NA,NA,NA,NA,NA,NA,NA,NA,NA
2026-02-24 18:00:00,76.0,77.0,25.25,34.0,39.0,18.75,9.75,1.0,28.75,3.25,3.25,NA,4.0,2.5,4.5,NA,NA,NA,NA,NA,NA,NA,NA,NA
2026-02-24 19:00:00,91.25,93.75,28.25,46.0,47.5,19.75,9.0,1.75,20.0,3.0,3.0,NA,5.0,2.0,4.75,NA,NA,NA,NA,NA,NA,NA,NA,NA
2026-02-24 20:00:00,118.0,124.5,29.5,52.5,52.0,21.75,7.25,1.75,20.0,3.0,3.0,NA,5.0,2.0,5.0,NA,NA,NA,NA,NA,NA,NA,NA,NA
2026-02-24 21:00:00,134.25,145.75,30.0,52.0,52.25,23.5,6.0,2.75,19.5,1.5,1.5,NA,3.25,2.75,2.0,NA,NA,NA,NA,NA,NA,NA,NA,NA
2026-02-24 22:00:00,159.5,174.25,38.25,96.0,82.5,31.0,6.0,3.0,19.25,1.0,1.0,NA,3.0,3.0,1.0,NA,NA,NA,NA,NA,NA,NA,NA,NA
2026-02-24 23:00:00,158.33,168.67,42.33,97.67,87.0,32.67,6.0,3.0,19.0,1.0,1.0,NA,3.0,2.67,1.0,NA,NA,NA,NA,NA,NA,NA,NA,NA
2026-02-25 00:00:00,127.75,133.5,39.0,79.5,74.0,22.0,4.75,2.0,19.0,3.0,3.0,NA,2.0,2.0,2.0,NA,NA,NA,NA,NA,NA,NA,NA,NA
2026-02-25 01:00:00,141.75,147.25,32.25,37.25,46.5,17.25,4.25,2.0,19.0,3.0,3.0,NA,2.0,2.0,2.0,NA,NA,NA,NA,NA,NA,NA,NA,NA
2026-02-25 02:00:00,130.5,136.5,34.5,74.0,67.75,26.0,4.25,1.75,19.0,3.0,3.0,NA,2.0,2.0,2.0,NA,NA,NA,NA,NA,NA,NA,NA,NA
2026-02-25 03:00:00,126.33,128.33,38.5,99.25,84.5,25.5,4.0,1.0,19.0,3.0,3.0,NA,2.0,2.0,2.0,NA,NA,NA,NA,NA,NA,NA,NA,NA
2026-02-25 04:00:00,130.67,131.67,31.5,61.25,58.75,16.0,6.25,1.0,19.0,3.0,3.0,NA,2.0,2.0,2.0,NA,NA,NA,NA,NA,NA,NA,NA,NA
2026-02-25 05:00:00,129.5,131.0,33.75,67.75,63.75,21.75,7.5,1.0,19.0,3.0,3.0,NA,2.0,2.0,2.0,NA,NA,NA,NA,NA,NA,NA,NA,NA
2026-02-25 06:00:00,132.5,134.5,28.5,37.75,42.5,11.25,7.0,0.0,19.0,3.0,3.0,NA,2.0,2.0,2.0,NA,NA,NA,NA,NA,NA,NA,NA,NA
2026-02-25 07:00:00,125.75,129.5,21.0,14.33,21.5,9.5,7.0,0.0,19.0,3.0,3.0,NA,2.0,2.0,2.0,NA,NA,NA,NA,NA,NA,NA,NA,NA
2026-02-25 08:00:00,133.5,141.5,22.75,29.0,34.25,15.25,15.0,1.0,19.0,5.0,5.0,NA,3.0,4.25,2.25,NA,NA,NA,NA,NA,NA,NA,NA,NA
2026-02-25 09:00:00,154.0,166.5,24.0,38.0,40.0,18.75,19.5,1.0,19.0,5.0,5.0,NA,3.0,4.0,2.0,NA,NA,NA,NA,NA,NA,NA,NA,NA
2026-02-25 10:00:00,138.5,148.5,26.5,54.25,50.5,22.5,22.25,0.0,22.75,5.0,5.0,NA,3.0,4.75,2.0,NA,NA,NA,NA,NA,NA,NA,NA,NA
2026-02-25 11:00:00,NA,NA,26.75,45.5,45.75,17.25,21.25,0.0,35.0,5.0,5.0,NA,3.0,4.25,2.25,NA,NA,NA,NA,NA,NA,NA,NA,NA
2026-02-25 12:00:00,NA,NA,25.5,38.25,41.5,14.5,12.75,0.0,50.5,5.0,5.0,NA,3.0,4.25,2.0,NA,NA,NA,NA,NA,NA,NA,NA,NA
2026-02-25 13:00:00,NA,8.0,25.5,35.0,39.5,13.5,7.75,0.0,57.0,4.0,4.0,NA,1.0,4.0,3.0,NA,NA,NA,NA,NA,NA,NA,NA,NA
2026-02-25 14:00:00,NA,NA,26.5,38.5,42.25,17.0,7.5,0.0,57.75,4.0,4.0,NA,1.25,4.0,3.25,NA,NA,NA,NA,NA,NA,NA,NA,NA
2026-02-25 15:00:00,NA,NA,25.0,32.25,37.75,12.75,6.5,0.0,54.0,4.0,4.0,NA,1.25,4.0,3.25,NA,NA,NA,NA,NA,NA,NA,NA,NA
2026-02-25 16:00:00,14.5,16.5,25.25,34.0,38.75,14.75,16.25,0.0,50.0,4.0,4.0,NA,1.0,4.0,3.0,NA,NA,NA,NA,NA,NA,NA,NA,NA
2026-02-25 17:00:00,28.0,33.0,25.0,33.0,38.25,15.25,21.25,0.0,49.0,4.0,4.0,NA,1.0,4.0,3.0,NA,NA,NA,NA,NA,NA,NA,NA,NA
2026-02-25 18:00:00,51.0,59.5,27.25,42.0,44.5,18.25,21.5,1.0,23.75,3.25,3.25,NA,3.75,2.5,4.5,NA,NA,NA,NA,NA,NA,NA,NA,NA
2026-02-25 19:00:00,78.0,95.75,28.75,43.25,46.5,20.5,21.0,2.0,20.0,3.0,3.0,NA,4.5,2.0,4.5,NA,NA,NA,NA,NA,NA,NA,NA,NA
2026-02-25 20:00:00,101.25,125.25,30.25,48.0,50.0,22.0,9.75,2.0,20.0,3.0,3.0,NA,4.75,2.0,5.0,NA,NA,NA,NA,NA,NA,NA,NA,NA
2026-02-25 21:00:00,130.75,156.0,30.75,54.5,54.0,23.75,4.0,2.25,20.0,1.5,1.5,NA,3.5,2.75,2.0,NA,NA,NA,NA,NA,NA,NA,NA,NA
2026-02-25 22:00:00,170.25,196.5,35.25,80.75,71.75,24.0,4.0,1.75,19.5,1.0,1.0,NA,3.0,3.0,1.0,NA,NA,NA,NA,NA,NA,NA,NA,NA
2026-02-25 23:00:00,120.33,136.0,25.67,27.67,35.67,13.33,4.0,1.0,19.0,1.0,1.0,NA,3.0,3.0,1.0,NA,NA,NA,NA,NA,NA,NA,NA,NA
2026-02-26 00:00:00,113.25,127.25,31.25,52.5,53.5,15.75,16.0,1.0,19.25,3.0,3.0,NA,2.0,2.0,2.0,NA,NA,NA,NA,NA,NA,NA,NA,NA
2026-02-26 01:00:00,113.0,127.5,28.5,42.75,46.0,15.75,21.75,1.0,19.0,3.0,3.0,NA,2.0,2.0,2.0,NA,NA,NA,NA,NA,NA,NA,NA,NA
2026-02-26 02:00:00,106.75,118.0,35.25,72.25,67.5,24.0,22.0,1.0,19.0,3.0,3.0,NA,2.0,2.0,2.0,NA,NA,NA,NA,NA,NA,NA,NA,NA
2026-02-26 03:00:00,98.25,108.0,27.5,30.5,37.75,10.25,22.0,0.25,19.0,3.0,3.0,NA,2.0,2.0,2.0,NA,NA,NA,NA,NA,NA,NA,NA,NA
2026-02-26 04:00:00,97.75,106.25,31.75,49.5,51.75,17.5,13.75,0.75,19.0,3.0,3.0,NA,2.0,2.0,2.0,NA,NA,NA,NA,NA,NA,NA,NA,NA
2026-02-26 05:00:00,96.75,105.25,28.5,32.0,40.0,14.0,10.0,0.0,19.0,3.0,3.0,NA,2.0,2.0,2.0,NA,NA,NA,NA,NA,NA,NA,NA,NA
2026-02-26 06:00:00,87.75,95.0,27.5,34.5,38.75,15.25,10.0,0.0,18.5,3.0,3.0,NA,2.0,2.0,2.0,NA,NA,NA,NA,NA,NA,NA,NA,NA
2026-02-26 07:00:00,87.5,96.25,21.5,6.0,20.0,10.75,10.0,0.0,19.0,3.0,3.0,NA,2.0,2.0,2.0,NA,NA,NA,NA,NA,NA,NA,NA,NA
2026-02-26 08:00:00,97.5,112.75,22.5,25.25,31.75,17.0,14.0,0.0,19.0,5.0,5.0,NA,3.0,4.5,2.0,NA,NA,NA,NA,NA,NA,NA,NA,NA
2026-02-26 09:00:00,99.75,118.0,26.75,55.75,51.5,21.25,16.5,0.0,21.0,5.0,5.0,NA,3.0,4.5,2.0,NA,NA,NA,NA,NA,NA,NA,NA,NA
2026-02-26 10:00:00,97.0,114.0,27.25,45.5,46.75,19.0,18.5,0.0,27.75,5.0,5.0,NA,3.0,4.25,2.0,NA,NA,NA,NA,NA,NA,NA,NA,NA
2026-02-26 11:00:00,NA,NA,27.25,42.75,45.0,14.75,19.25,0.0,39.75,5.0,5.0,NA,3.0,5.0,2.25,NA,NA,NA,NA,NA,NA,NA,NA,NA
2026-02-26 12:00:00,NA,NA,25.25,34.0,39.0,15.5,21.75,0.0,50.5,5.0,5.0,NA,3.0,4.5,2.0,NA,NA,NA,NA,NA,NA,NA,NA,NA
2026-02-26 13:00:00,NA,NA,28.25,47.75,48.5,14.25,22.0,0.0,57.25,4.0,4.0,NA,1.0,4.0,3.0,NA,NA,NA,NA,NA,NA,NA,NA,NA
2026-02-26 14:00:00,NA,NA,26.0,31.0,37.75,13.75,22.25,0.0,55.75,4.0,4.0,NA,1.0,3.75,3.0,NA,NA,NA,NA,NA,NA,NA,NA,NA
2026-02-26 15:00:00,NA,NA,25.75,37.5,41.5,15.0,21.0,0.0,52.5,3.75,4.0,NA,1.0,4.0,3.0,NA,NA,NA,NA,NA,NA,NA,NA,NA
2026-02-26 16:00:00,NA,NA,25.75,34.0,39.0,14.75,17.25,0.0,53.5,4.0,4.0,NA,1.0,3.75,3.25,NA,NA,NA,NA,NA,NA,NA,NA,NA
2026-02-26 17:00:00,NA,NA,25.5,32.25,38.25,16.5,14.5,0.0,44.25,4.0,4.0,NA,1.0,4.0,3.0,NA,NA,NA,NA,NA,NA,NA,NA,NA
2026-02-26 18:00:00,NA,NA,26.0,36.0,40.75,15.75,14.0,0.75,25.5,3.25,3.25,NA,4.0,2.5,4.5,NA,NA,NA,NA,NA,NA,NA,NA,NA
2026-02-26 19:00:00,21.0,29.0,28.0,41.5,44.75,17.75,14.25,1.5,20.0,3.0,3.0,NA,4.75,2.0,4.75,NA,NA,NA,NA,NA,NA,NA,NA,NA
2026-02-26 20:00:00,84.25,107.5,29.0,39.5,44.75,21.25,7.0,2.0,19.75,3.0,3.0,NA,4.5,2.0,5.0,NA,NA,NA,NA,NA,NA,NA,NA,NA
2026-02-26 21:00:00,113.25,142.0,30.25,56.0,54.5,21.75,3.25,1.75,19.0,1.5,1.5,NA,3.5,2.75,1.75,NA,NA,NA,NA,NA,NA,NA,NA,NA
2026-02-26 22:00:00,98.5,119.5,28.0,50.25,50.25,20.0,2.75,1.0,20.5,1.0,1.0,NA,3.0,3.0,1.0,NA,NA,NA,NA,NA,NA,NA,NA,NA
2026-02-26 23:00:00,95.67,112.67,27.67,44.0,46.0,18.33,3.0,1.0,19.0,1.0,1.0,NA,3.0,3.0,1.0,NA,NA,NA,NA,NA,NA,NA,NA,NA
2026-02-27 00:00:00,107.0,131.0,28.75,41.0,45.75,20.75,9.0,1.0,19.0,3.0,3.0,NA,2.0,2.0,2.0,NA,NA,NA,NA,NA,NA,NA,NA,NA
2026-02-27 01:00:00,102.0,123.5,31.75,61.0,58.25,25.0,12.0,1.5,19.25,3.0,3.0,NA,2.0,2.0,2.0,NA,NA,NA,NA,NA,NA,NA,NA,NA
2026-02-27 02:00:00,98.0,117.25,33.75,74.5,67.0,23.25,11.5,1.0,19.0,3.0,3.0,NA,2.0,2.0,2.0,NA,NA,NA,NA,NA,NA,NA,NA,NA
2026-02-27 03:00:00,90.0,109.75,35.5,79.0,71.0,22.0,11.25,1.0,19.0,3.0,3.0,NA,2.0,2.0,2.0,NA,NA,NA,NA,NA,NA,NA,NA,NA
2026-02-27 04:00:00,90.75,108.25,31.0,46.75,50.25,16.75,16.25,1.0,19.0,3.0,3.0,NA,2.0,2.0,2.0,NA,NA,NA,NA,NA,NA,NA,NA,NA
2026-02-27 05:00:00,91.0,105.25,32.0,53.25,54.5,17.75,19.25,0.5,19.0,3.0,3.0,NA,2.0,2.0,2.0,NA,NA,NA,NA,NA,NA,NA,NA,NA
2026-02-27 06:00:00,82.5,94.75,28.0,27.5,36.75,12.75,19.0,0.0,19.0,3.0,3.0,NA,2.0,2.0,2.0,NA,NA,NA,NA,NA,NA,NA,NA,NA
2026-02-27 07:00:00,80.0,93.75,24.0,23.0,32.0,12.25,19.0,0.0,19.0,3.0,3.0,NA,2.0,2.0,2.0,NA,NA,NA,NA,NA,NA,NA,NA,NA
2026-02-27 08:00:00,97.0,122.5,25.5,35.0,39.5,16.0,17.0,1.0,19.75,5.0,5.0,NA,3.0,4.25,2.25,NA,NA,NA,NA,NA,NA,NA,NA,NA
2026-02-27 09:00:00,104.5,130.75,26.25,43.25,44.75,16.75,16.75,0.25,26.0,5.0,5.0,NA,3.0,4.5,2.0,NA,NA,NA,NA,NA,NA,NA,NA,NA
2026-02-27 10:00:00,100.75,125.75,25.75,40.75,42.75,17.5,18.5,0.0,39.5,5.0,5.0,NA,3.0,4.25,2.5,NA,NA,NA,NA,NA,NA,NA,NA,NA
2026-02-27 11:00:00,128.0,148.0,24.75,34.5,38.75,14.25,18.25,0.0,53.75,5.0,5.0,NA,3.0,4.0,2.0,NA,NA,NA,NA,NA,NA,NA,NA,NA
2026-02-27 12:00:00,NA,NA,25.75,42.5,43.75,14.5,14.75,0.0,63.0,5.0,5.0,NA,3.0,4.25,2.0,NA,NA,NA,NA,NA,NA,NA,NA,NA
2026-02-27 13:00:00,NA,NA,23.75,29.75,35.5,13.0,13.0,0.0,68.75,4.0,4.0,NA,1.0,4.0,3.0,NA,NA,NA,NA,NA,NA,NA,NA,NA
2026-02-27 14:00:00,NA,NA,25.0,39.0,41.25,14.75,12.0,0.0,66.0,4.0,4.0,NA,1.0,4.0,3.0,NA,NA,NA,NA,NA,NA,NA,NA,NA
2026-02-27 15:00:00,NA,NA,25.25,36.25,39.75,16.75,10.75,0.0,61.25,4.0,4.0,NA,1.0,4.0,3.0,NA,NA,NA,NA,NA,NA,NA,NA,NA
2026-02-27 16:00:00,NA,18.0,25.25,35.75,39.5,14.5,15.75,0.0,58.0,4.0,4.0,NA,1.0,3.75,3.0,NA,NA,NA,NA,NA,NA,NA,NA,NA
2026-02-27 17:00:00,NA,NA,27.0,47.75,47.5,19.0,18.5,0.25,44.75,4.0,4.0,NA,1.0,4.0,3.0,NA,NA,NA,NA,NA,NA,NA,NA,NA
2026-02-27 18:00:00,NA,NA,27.25,41.75,44.5,19.5,18.75,1.0,23.5,3.25,3.25,NA,4.0,2.5,4.25,NA,NA,NA,NA,NA,NA,NA,NA,NA
2026-02-27 19:00:00,NA,NA,28.5,39.75,44.25,21.25,19.0,2.0,20.0,3.0,3.0,NA,5.0,2.0,4.75,NA,NA,NA,NA,NA,NA,NA,NA,NA
2026-02-27 20:00:00,21.0,32.0,30.5,52.75,52.75,23.0,12.75,2.0,19.0,3.0,3.0,NA,4.5,2.0,4.5,NA,NA,NA,NA,NA,NA,NA,NA,NA
2026-02-27 21:00:00,79.75,108.5,31.75,61.0,58.75,24.5,10.0,3.0,19.25,1.5,1.5,NA,3.25,2.75,1.75,NA,NA,NA,NA,NA,NA,NA,NA,NA
2026-02-27 22:00:00,117.25,151.5,33.5,72.75,66.5,27.0,10.0,3.0,19.75,1.0,1.0,NA,3.0,3.0,1.0,NA,NA,NA,NA,NA,NA,NA,NA,NA
2026-02-27 23:00:00,121.67,155.0,34.0,69.33,64.67,29.33,10.0,4.0,20.0,1.0,1.0,NA,3.0,3.0,1.0,NA,NA,NA,NA,NA,NA,NA,NA,NA
2026-02-28 00:00:00,140.5,179.0,37.25,73.0,69.25,35.5,11.0,3.0,20.0,3.0,3.0,NA,2.0,2.0,2.0,NA,NA,NA,NA,NA,NA,NA,NA,NA
2026-02-28 01:00:00,139.5,175.75,38.0,97.75,83.0,33.25,11.0,2.5,20.0,3.0,3.0,NA,2.0,2.0,2.0,NA,NA,NA,NA,NA,NA,NA,NA,NA
2026-02-28 02:00:00,141.75,168.0,35.25,88.0,75.5,30.0,11.0,2.0,19.75,3.0,3.0,NA,2.0,2.0,2.0,NA,NA,NA,NA,NA,NA,NA,NA,NA
2026-02-28 03:00:00,144.0,171.25,35.75,97.0,81.0,32.75,10.25,1.75,19.75,3.0,3.0,NA,2.0,2.0,2.0,NA,NA,NA,NA,NA,NA,NA,NA,NA
2026-02-28 04:00:00,131.0,154.5,35.25,97.75,80.5,27.5,17.0,1.0,19.75,3.0,3.0,NA,2.0,2.0,2.0,NA,NA,NA,NA,NA,NA,NA,NA,NA
2026-02-28 05:00:00,132.75,154.5,31.5,70.75,63.5,25.75,20.25,1.0,19.0,3.0,3.0,NA,2.0,2.0,2.0,NA,NA,NA,NA,NA,NA,NA,NA,NA
2026-02-28 06:00:00,129.0,148.75,31.5,63.75,59.75,24.75,20.0,1.0,19.0,3.0,3.0,NA,2.0,2.0,2.0,NA,NA,NA,NA,NA,NA,NA,NA,NA
2026-02-28 07:00:00,134.25,156.75,30.25,63.0,58.25,26.0,20.5,1.0,19.0,3.0,3.0,NA,2.0,2.0,2.0,NA,NA,NA,NA,NA,NA,NA,NA,NA
2026-02-28 08:00:00,135.5,167.0,29.25,63.25,58.0,24.25,14.25,1.25,19.0,5.0,5.0,NA,3.0,4.25,2.0,NA,NA,NA,NA,NA,NA,NA,NA,NA
2026-02-28 09:00:00,134.5,168.5,29.0,66.5,59.0,20.75,13.75,0.5,19.5,5.0,5.0,NA,3.0,4.25,2.0,NA,NA,NA,NA,NA,NA,NA,NA,NA
2026-02-28 10:00:00,89.33,112.0,27.67,52.67,51.0,19.67,14.67,0.0,21.0,5.0,5.0,NA,3.0,4.0,2.33,NA,NA,NA,NA,NA,NA,NA,NA,NA
2026-02-28 11:00:00,NA,NA,27.25,44.75,46.25,17.75,13.0,NA,NA,5.0,5.0,NA,3.0,4.0,2.0,NA,NA,NA,NA,NA,NA,NA,NA,NA
2026-02-28 12:00:00,NA,NA,24.5,30.25,36.25,15.25,NA,0.0,13.67,5.0,5.0,NA,3.0,4.0,2.0,NA,NA,NA,NA,NA,NA,NA,NA,NA
2026-02-28 13:00:00,NA,NA,26.33,40.0,43.0,17.33,17.5,0.0,19.25,NA,NA,NA,NA,NA,NA,NA,NA,NA,NA,NA,NA,NA,NA,NA
2026-02-28 14:00:00,NA,NA,NA,NA,NA,NA,17.0,0.0,19.25,4.0,4.0,NA,1.0,4.0,3.0,NA,NA,NA,NA,NA,NA,NA,NA,NA
2026-02-28 15:00:00,24.5,23.33,22.0,27.0,32.0,15.0,16.5,0.0,16.75,4.0,4.0,NA,1.0,4.0,3.25,NA,NA,NA,NA,NA,NA,NA,NA,NA
2026-02-28 16:00:00,50.25,67.0,22.75,30.0,34.75,15.75,10.5,0.0,15.75,4.0,4.0,NA,1.0,4.0,3.0,NA,NA,NA,NA,NA,NA,NA,NA,NA
2026-02-28 17:00:00,52.0,69.0,26.5,52.25,49.75,19.75,NA,0.0,13.0,4.0,4.0,NA,1.0,4.0,3.0,NA,NA,NA,NA,NA,NA,NA,NA,NA
2026-02-28 18:00:00,52.0,69.0,25.75,40.0,42.25,18.25,NA,0.0,7.25,3.25,3.25,NA,3.5,2.5,4.5,NA,NA,NA,NA,NA,NA,NA,NA,NA
2026-02-28 19:00:00,52.0,69.0,25.0,34.75,38.75,16.0,NA,0.0,3.75,3.0,3.0,NA,5.0,2.0,5.0,NA,NA,NA,NA,NA,NA,NA,NA,NA
2026-02-28 20:00:00,52.0,69.0,26.0,38.5,41.75,18.75,2.67,0.5,1.0,3.0,3.0,NA,5.0,2.0,4.75,NA,NA,NA,NA,NA,NA,NA,NA,NA
2026-02-28 21:00:00,52.0,69.0,25.25,32.75,38.0,18.25,3.0,1.0,0.0,1.5,1.5,NA,3.5,2.75,2.0,NA,NA,NA,NA,NA,NA,NA,NA,NA
2026-02-28 22:00:00,52.0,69.0,25.75,35.25,39.75,16.0,2.5,1.0,0.0,1.0,1.0,NA,3.0,3.0,1.0,NA,NA,NA,NA,NA,NA,NA,NA,NA
2026-02-28 23:00:00,NA,NA,25.33,31.67,37.67,17.67,2.67,1.0,0.0,1.0,1.0,NA,3.0,3.0,1.0,NA,NA,NA,NA,NA,NA,NA,NA,NA
2026-03-01 00:00:00,32.67,32.75,26.0,37.0,41.25,17.0,0.75,1.0,0.0,3.0,3.0,NA,2.0,2.0,2.0,NA,NA,NA,NA,NA,NA,NA,NA,NA
2026-03-01 01:00:00,81.5,100.5,27.0,43.0,45.0,18.25,0.0,1.0,0.0,3.0,3.0,NA,2.0,2.0,2.0,NA,NA,NA,NA,NA,NA,NA,NA,NA
2026-03-01 02:00:00,80.75,100.0,27.0,39.75,43.25,20.75,0.5,0.75,0.0,3.0,3.0,NA,2.0,2.0,2.0,NA,NA,NA,NA,NA,NA,NA,NA,NA
2026-03-01 03:00:00,78.5,94.0,25.75,35.0,39.75,18.25,0.0,0.0,0.0,3.0,3.0,NA,2.0,2.0,2.0,NA,NA,NA,NA,NA,NA,NA,NA,NA
2026-03-01 04:00:00,94.75,110.25,25.75,37.75,41.25,18.0,6.33,0.0,0.0,3.0,3.0,NA,2.0,2.0,2.0,NA,NA,NA,NA,NA,NA,NA,NA,NA
2026-03-01 05:00:00,93.0,107.25,24.75,35.0,38.75,15.25,8.0,0.0,0.0,3.0,3.0,NA,2.0,2.0,2.0,NA,NA,NA,NA,NA,NA,NA,NA,NA
2026-03-01 06:00:00,81.75,94.0,25.75,35.75,40.25,15.75,8.5,0.0,0.0,3.0,3.0,NA,2.0,2.0,2.0,NA,NA,NA,NA,NA,NA,NA,NA,NA
2026-03-01 07:00:00,82.5,96.75,25.5,36.75,40.5,16.75,8.25,0.0,0.0,3.0,3.0,NA,2.0,2.0,2.0,NA,NA,NA,NA,NA,NA,NA,NA,NA
2026-03-01 08:00:00,97.5,115.25,25.0,37.75,40.75,17.0,6.25,0.0,4.25,5.0,5.0,NA,3.0,4.25,2.5,NA,NA,NA,NA,NA,NA,NA,NA,NA
2026-03-01 09:00:00,106.75,126.75,25.0,34.25,38.75,15.5,12.5,0.0,20.0,5.0,5.0,NA,3.0,4.5,2.0,NA,NA,NA,NA,NA,NA,NA,NA,NA
2026-03-01 10:00:00,91.75,112.25,25.0,36.75,40.0,16.25,14.75,0.0,28.75,5.0,5.0,NA,3.0,4.5,2.0,NA,NA,NA,NA,NA,NA,NA,NA,NA
2026-03-01 11:00:00,88.75,111.75,26.0,41.75,43.25,17.5,15.25,0.0,39.25,5.0,5.0,NA,3.0,4.5,2.5,NA,NA,NA,NA,NA,NA,NA,NA,NA
2026-03-01 12:00:00,72.75,92.5,24.75,33.5,38.0,14.5,5.25,0.0,47.0,5.0,5.0,NA,3.0,4.25,2.0,NA,NA,NA,NA,NA,NA,NA,NA,NA
2026-03-01 13:00:00,58.75,76.5,24.0,29.25,35.25,15.5,1.0,0.0,53.75,4.0,4.0,NA,1.25,4.0,3.25,NA,NA,NA,NA,NA,NA,NA,NA,NA
2026-03-01 14:00:00,58.75,77.25,25.25,35.75,39.75,14.0,0.5,0.0,53.75,4.0,4.0,NA,1.0,4.0,3.0,NA,NA,NA,NA,NA,NA,NA,NA,NA
2026-03-01 15:00:00,52.75,72.25,23.75,26.25,33.25,13.5,0.0,0.0,50.25,3.75,4.0,NA,1.0,4.0,3.0,NA,NA,NA,NA,NA,NA,NA,NA,NA
2026-03-01 16:00:00,50.25,67.0,25.25,39.0,41.5,16.5,17.0,0.0,49.25,4.0,4.0,NA,1.0,3.75,3.0,NA,NA,NA,NA,NA,NA,NA,NA,NA
2026-03-01 17:00:00,48.5,65.0,25.75,42.25,43.5,17.25,19.75,0.0,48.75,4.0,4.0,NA,1.25,4.0,3.0,NA,NA,NA,NA,NA,NA,NA,NA,NA
2026-03-01 18:00:00,54.75,70.5,25.75,36.25,40.0,16.75,20.25,0.0,38.25,3.25,3.25,NA,3.75,2.5,4.5,NA,NA,NA,NA,NA,NA,NA,NA,NA
2026-03-01 19:00:00,58.5,74.75,25.25,38.0,40.75,18.0,19.0,0.0,28.75,3.0,3.0,NA,4.5,2.0,5.0,NA,NA,NA,NA,NA,NA,NA,NA,NA
2026-03-01 20:00:00,72.5,91.0,25.75,40.25,42.75,17.75,19.0,0.5,21.25,3.0,3.0,NA,5.0,2.0,5.0,NA,NA,NA,NA,NA,NA,NA,NA,NA
2026-03-01 21:00:00,88.0,107.75,25.75,40.75,42.75,17.25,19.0,1.0,21.5,1.5,1.5,NA,3.5,2.75,2.0,NA,NA,NA,NA,NA,NA,NA,NA,NA
2026-03-01 22:00:00,84.5,102.25,25.75,38.0,41.0,17.75,19.0,1.0,21.25,1.0,1.0,NA,3.0,3.0,1.0,NA,NA,NA,NA,NA,NA,NA,NA,NA
2026-03-01 23:00:00,82.67,99.67,25.33,37.33,40.67,14.33,18.67,0.33,22.33,1.0,1.0,NA,3.0,3.0,1.0,NA,NA,NA,NA,NA,NA,NA,NA,NA
2026-03-02 00:00:00,74.75,91.0,24.0,29.75,35.25,14.0,18.25,0.0,21.0,3.0,3.0,NA,2.0,2.0,2.0,NA,NA,NA,NA,NA,NA,NA,NA,NA
2026-03-02 01:00:00,72.0,88.25,27.5,49.25,49.0,20.0,18.0,0.25,16.25,3.0,3.0,NA,2.0,2.0,2.0,NA,NA,NA,NA,NA,NA,NA,NA,NA
2026-03-02 02:00:00,74.0,91.25,25.5,34.25,39.25,18.25,17.5,0.0,17.0,3.0,3.0,NA,2.0,2.0,2.0,NA,NA,NA,NA,NA,NA,NA,NA,NA
2026-03-02 03:00:00,79.25,92.75,25.75,41.75,43.5,15.75,17.0,0.0,17.5,3.0,3.0,NA,2.0,2.0,2.0,NA,NA,NA,NA,NA,NA,NA,NA,NA
2026-03-02 04:00:00,88.75,103.25,25.25,37.25,40.25,16.0,21.0,0.0,16.75,3.0,3.0,NA,2.0,2.0,2.0,NA,NA,NA,NA,NA,NA,NA,NA,NA
2026-03-02 05:00:00,88.75,102.5,24.75,36.0,39.5,16.5,23.25,0.0,16.0,3.0,3.0,NA,2.0,2.0,2.0,NA,NA,NA,NA,NA,NA,NA,NA,NA
2026-03-02 06:00:00,80.75,94.25,25.5,39.0,41.75,16.5,23.5,0.0,16.25,3.0,3.0,NA,2.0,2.0,2.0,NA,NA,NA,NA,NA,NA,NA,NA,NA
2026-03-02 07:00:00,79.5,94.75,25.25,34.5,39.0,16.25,23.5,0.0,16.5,3.0,3.0,NA,2.0,2.0,2.0,NA,NA,NA,NA,NA,NA,NA,NA,NA
2026-03-02 08:00:00,90.75,112.5,24.5,35.25,38.75,15.0,14.75,0.0,18.0,5.0,5.0,NA,3.0,4.25,2.0,NA,NA,NA,NA,NA,NA,NA,NA,NA
2026-03-02 09:00:00,102.5,130.0,26.0,40.25,42.75,16.5,11.5,0.0,24.25,5.0,5.0,NA,3.0,4.25,2.0,NA,NA,NA,NA,NA,NA,NA,NA,NA
2026-03-02 10:00:00,108.33,139.0,27.0,44.33,45.67,17.0,13.33,0.0,33.33,5.0,5.0,NA,3.0,4.33,2.33,NA,NA,NA,NA,NA,NA,NA,NA,NA
2026-03-02 11:00:00,NA,NA,NA,NA,NA,NA,NA,NA,NA,NA,NA,NA,NA,NA,NA,NA,NA,NA,NA,NA,NA,NA,NA,NA
2026-03-02 12:00:00,NA,NA,NA,NA,NA,NA,NA,NA,NA,NA,NA,NA,NA,NA,NA,NA,NA,NA,NA,NA,NA,NA,NA,NA
2026-03-02 13:00:00,NA,NA,NA,NA,NA,NA,NA,NA,NA,NA,NA,NA,NA,NA,NA,NA,NA,NA,NA,NA,NA,NA,NA,NA
2026-03-02 14:00:00,NA,NA,NA,NA,NA,NA,NA,NA,NA,NA,NA,NA,NA,NA,NA,NA,NA,NA,NA,NA,NA,NA,NA,NA
2026-03-02 15:00:00,NA,NA,NA,NA,NA,NA,NA,NA,NA,NA,NA,NA,NA,NA,NA,NA,NA,NA,NA,NA,NA,NA,NA,NA
2026-03-02 16:00:00,NA,NA,NA,NA,NA,NA,NA,NA,NA,NA,NA,NA,NA,NA,NA,NA,NA,NA,NA,NA,NA,NA,NA,NA
2026-03-02 17:00:00,NA,NA,NA,NA,NA,NA,NA,NA,NA,NA,NA,NA,NA,NA,NA,NA,NA,NA,NA,NA,NA,NA,NA,NA
2026-03-02 18:00:00,NA,NA,NA,NA,NA,NA,NA,NA,NA,NA,NA,NA,NA,NA,NA,NA,NA,NA,NA,NA,NA,NA,NA,NA
2026-03-02 19:00:00,NA,NA,NA,NA,NA,NA,NA,NA,NA,NA,NA,NA,NA,NA,NA,NA,NA,NA,NA,NA,NA,NA,NA,NA
2026-03-02 20:00:00,NA,NA,NA,NA,NA,NA,NA,NA,NA,NA,NA,NA,NA,NA,NA,NA,NA,NA,NA,NA,NA,NA,NA,NA
2026-03-02 21:00:00,NA,NA,NA,NA,NA,NA,NA,NA,NA,NA,NA,NA,NA,NA,NA,NA,NA,NA,NA,NA,NA,NA,NA,NA
2026-03-02 22:00:00,NA,NA,NA,NA,NA,NA,NA,NA,NA,NA,NA,NA,NA,NA,NA,NA,NA,NA,NA,NA,NA,NA,NA,NA
2026-03-02 23:00:00,NA,NA,NA,NA,NA,NA,NA,NA,NA,NA,NA,NA,NA,NA,NA,NA,NA,NA,NA,NA,NA,NA,NA,NA
2026-03-03 00:00:00,126.25,141.25,28.5,51.25,50.5,18.5,20.75,0.25,23.5,3.0,3.0,NA,2.0,2.0,2.0,NA,NA,NA,NA,NA,NA,NA,NA,NA
2026-03-03 01:00:00,101.5,115.75,26.25,31.0,37.25,14.0,20.25,0.0,32.5,3.0,3.0,NA,2.0,2.0,2.0,NA,NA,NA,NA,NA,NA,NA,NA,NA
2026-03-03 02:00:00,87.0,100.67,27.67,43.67,45.67,15.67,20.0,0.0,36.0,3.0,3.0,NA,2.0,2.0,2.0,NA,NA,NA,NA,NA,NA,NA,NA,NA
2026-03-03 03:00:00,80.75,94.75,26.75,29.75,37.5,13.75,20.0,0.0,36.75,3.0,3.0,NA,2.0,2.0,2.0,NA,NA,NA,NA,NA,NA,NA,NA,NA
2026-03-03 04:00:00,86.25,100.25,25.5,21.0,32.0,11.0,13.75,0.0,31.5,3.0,3.0,NA,2.0,2.0,2.0,NA,NA,NA,NA,NA,NA,NA,NA,NA
2026-03-03 05:00:00,97.0,115.25,29.0,42.75,46.5,13.5,10.0,0.0,23.0,3.0,3.0,NA,2.0,2.0,2.0,NA,NA,NA,NA,NA,NA,NA,NA,NA
2026-03-03 06:00:00,101.75,116.25,23.5,20.5,30.25,12.5,9.75,0.0,19.0,3.0,3.0,NA,2.0,2.0,2.0,NA,NA,NA,NA,NA,NA,NA,NA,NA
2026-03-03 07:00:00,107.25,123.5,24.0,29.25,35.5,14.0,10.0,0.0,20.0,3.0,3.0,NA,2.0,2.0,2.0,NA,NA,NA,NA,NA,NA,NA,NA,NA
2026-03-03 08:00:00,111.25,134.25,25.5,35.25,39.75,16.0,12.25,0.0,24.25,5.0,5.0,NA,3.0,4.5,2.0,NA,NA,NA,NA,NA,NA,NA,NA,NA
2026-03-03 09:00:00,104.5,134.25,26.0,34.0,39.5,17.75,14.25,0.0,34.75,5.0,5.0,NA,3.0,4.25,2.0,NA,NA,NA,NA,NA,NA,NA,NA,NA
2026-03-03 10:00:00,91.5,121.25,24.75,30.25,36.5,14.25,15.0,0.0,45.25,5.0,5.0,NA,3.0,4.5,2.0,NA,NA,NA,NA,NA,NA,NA,NA,NA
2026-03-03 11:00:00,79.0,106.75,25.75,36.0,40.25,14.0,15.0,0.0,50.25,5.0,5.0,NA,3.0,4.5,2.5,NA,NA,NA,NA,NA,NA,NA,NA,NA
2026-03-03 12:00:00,70.5,98.25,26.0,42.0,43.75,16.0,14.75,0.0,55.75,5.0,5.0,NA,3.0,4.25,2.0,NA,NA,NA,NA,NA,NA,NA,NA,NA
2026-03-03 13:00:00,62.75,92.0,22.75,24.75,31.75,13.0,15.25,0.0,57.5,4.0,4.0,NA,1.0,4.0,3.0,NA,NA,NA,NA,NA,NA,NA,NA,NA
2026-03-03 14:00:00,58.0,89.75,22.5,26.75,32.75,16.75,15.5,0.0,58.75,4.0,4.0,NA,1.0,4.0,3.0,NA,NA,NA,NA,NA,NA,NA,NA,NA
2026-03-03 15:00:00,56.0,84.25,22.25,30.0,34.25,14.75,14.0,0.0,61.0,4.0,4.0,NA,1.0,4.0,3.0,NA,NA,NA,NA,NA,NA,NA,NA,NA
2026-03-03 16:00:00,51.75,75.25,23.0,33.75,36.5,17.5,17.0,0.0,58.25,4.0,4.0,NA,1.0,4.0,3.0,NA,NA,NA,NA,NA,NA,NA,NA,NA
2026-03-03 17:00:00,48.5,68.0,23.5,38.0,39.75,19.5,19.0,0.0,55.25,4.0,4.0,NA,1.0,4.0,3.0,NA,NA,NA,NA,NA,NA,NA,NA,NA
2026-03-03 18:00:00,53.5,70.5,23.25,40.25,40.25,17.25,19.0,0.0,37.0,3.25,3.25,NA,4.0,2.5,4.5,NA,NA,NA,NA,NA,NA,NA,NA,NA
2026-03-03 19:00:00,81.0,100.75,24.25,43.75,43.25,19.25,19.0,0.25,30.25,3.0,3.0,NA,4.5,2.0,4.5,NA,NA,NA,NA,NA,NA,NA,NA,NA
2026-03-03 20:00:00,88.25,109.5,23.75,39.25,40.5,19.5,19.5,0.0,24.25,3.0,3.0,NA,4.75,2.0,5.0,NA,NA,NA,NA,NA,NA,NA,NA,NA
2026-03-03 21:00:00,95.75,115.75,24.25,40.0,41.0,19.0,20.0,0.0,25.75,1.5,1.5,NA,3.25,2.75,1.75,NA,NA,NA,NA,NA,NA,NA,NA,NA
2026-03-03 22:00:00,73.0,90.5,34.5,91.0,76.75,27.75,19.5,0.0,26.5,1.0,1.0,NA,3.0,3.0,1.0,NA,NA,NA,NA,NA,NA,NA,NA,NA
2026-03-03 23:00:00,62.67,78.67,33.67,59.67,59.0,18.0,19.33,0.0,31.33,1.0,1.0,NA,3.0,3.0,1.0,NA,NA,NA,NA,NA,NA,NA,NA,NA
2026-03-04 00:00:00,64.25,78.25,18.75,4.0,11.25,6.75,20.25,0.0,24.25,3.0,3.0,NA,2.0,2.0,2.0,NA,NA,NA,NA,NA,NA,NA,NA,NA
2026-03-04 01:00:00,82.0,96.75,20.5,18.0,26.25,13.5,20.75,0.0,19.25,3.0,3.0,NA,2.0,2.0,2.0,NA,NA,NA,NA,NA,NA,NA,NA,NA
2026-03-04 02:00:00,85.5,98.75,22.5,37.5,38.5,19.5,20.75,0.0,18.0,3.0,3.0,NA,2.0,2.0,2.0,NA,NA,NA,NA,NA,NA,NA,NA,NA
2026-03-04 03:00:00,83.25,95.75,24.25,41.75,41.75,18.75,20.5,0.0,17.25,3.0,3.0,NA,2.0,2.0,2.0,NA,NA,NA,NA,NA,NA,NA,NA,NA
2026-03-04 04:00:00,80.75,93.5,23.5,34.5,37.5,17.25,20.75,0.0,17.0,3.0,3.0,NA,2.0,2.0,2.0,NA,NA,NA,NA,NA,NA,NA,NA,NA
2026-03-04 05:00:00,77.5,89.25,22.5,29.25,34.5,15.5,20.75,0.0,17.0,3.0,3.0,NA,2.0,2.0,2.0,NA,NA,NA,NA,NA,NA,NA,NA,NA
2026-03-04 06:00:00,71.75,82.75,31.25,70.5,63.0,23.75,20.0,0.0,16.5,3.0,3.0,NA,2.0,2.0,2.0,NA,NA,NA,NA,NA,NA,NA,NA,NA
2026-03-04 07:00:00,77.75,91.0,31.75,56.75,56.25,18.25,20.75,0.0,17.25,3.0,3.0,NA,2.0,2.0,2.0,NA,NA,NA,NA,NA,NA,NA,NA,NA
2026-03-04 08:00:00,87.0,102.5,32.5,53.25,55.0,16.75,14.5,0.0,21.25,5.0,5.0,NA,3.0,4.0,2.0,NA,NA,NA,NA,NA,NA,NA,NA,NA
2026-03-04 09:00:00,87.0,105.75,31.5,41.5,48.25,11.75,12.25,0.0,30.25,5.0,5.0,NA,3.0,4.75,2.25,NA,NA,NA,NA,NA,NA,NA,NA,NA
2026-03-04 10:00:00,72.25,92.0,32.0,38.0,46.0,11.5,13.0,0.0,40.25,5.0,5.0,NA,3.0,4.0,2.0,NA,NA,NA,NA,NA,NA,NA,NA,NA
2026-03-04 11:00:00,67.0,86.0,34.0,45.0,51.75,13.5,12.75,0.0,47.0,5.0,5.0,NA,3.0,4.25,2.0,NA,NA,NA,NA,NA,NA,NA,NA,NA
2026-03-04 12:00:00,63.0,80.75,33.5,38.0,47.5,11.0,18.25,0.0,49.5,5.0,5.0,NA,3.0,4.25,2.0,NA,NA,NA,NA,NA,NA,NA,NA,NA
2026-03-04 13:00:00,56.0,72.75,32.0,30.75,41.75,9.75,20.25,0.0,53.0,4.0,4.0,NA,1.0,4.0,3.0,NA,NA,NA,NA,NA,NA,NA,NA,NA
2026-03-04 14:00:00,46.0,65.75,31.5,31.0,42.25,8.25,19.0,0.0,51.0,4.0,4.0,NA,1.0,4.0,3.0,NA,NA,NA,NA,NA,NA,NA,NA,NA
2026-03-04 15:00:00,45.0,72.0,34.75,49.5,55.25,11.5,18.0,0.0,51.25,4.0,4.0,NA,1.25,4.0,3.0,NA,NA,NA,NA,NA,NA,NA,NA,NA
2026-03-04 16:00:00,43.5,68.5,33.5,39.75,48.5,10.25,15.75,0.0,48.0,4.0,4.0,NA,1.0,4.0,3.0,NA,NA,NA,NA,NA,NA,NA,NA,NA
2026-03-04 17:00:00,45.25,62.25,33.5,36.0,46.5,9.75,13.75,0.0,40.25,4.0,3.75,NA,1.0,4.0,3.0,NA,NA,NA,NA,NA,NA,NA,NA,NA
2026-03-04 18:00:00,48.0,63.75,34.0,34.0,46.0,8.5,13.0,0.0,31.5,3.25,3.25,NA,4.0,2.5,4.25,NA,NA,NA,NA,NA,NA,NA,NA,NA
2026-03-04 19:00:00,89.75,109.0,36.5,44.0,53.25,8.75,13.0,0.0,23.25,3.0,3.0,NA,5.0,2.25,5.0,NA,NA,NA,NA,NA,NA,NA,NA,NA
2026-03-04 20:00:00,96.75,115.75,37.25,47.75,56.0,9.5,17.0,0.0,19.25,3.0,3.0,NA,5.0,2.0,5.0,NA,NA,NA,NA,NA,NA,NA,NA,NA
2026-03-04 21:00:00,72.5,90.25,35.75,34.75,47.75,6.75,18.5,0.0,20.75,1.5,1.5,NA,3.5,2.75,2.0,NA,NA,NA,NA,NA,NA,NA,NA,NA
2026-03-04 22:00:00,55.0,70.0,36.25,33.75,47.25,6.5,18.75,0.0,25.75,1.0,1.0,NA,3.0,3.0,1.0,NA,NA,NA,NA,NA,NA,NA,NA,NA
2026-03-04 23:00:00,49.0,62.67,36.67,38.0,50.33,12.0,18.33,0.0,26.0,1.0,1.0,NA,3.0,3.0,1.0,NA,NA,NA,NA,NA,NA,NA,NA,NA
2026-03-05 00:00:00,49.5,62.0,35.75,36.5,48.75,7.5,16.75,0.0,26.75,3.0,3.0,NA,2.0,2.0,2.0,NA,NA,NA,NA,NA,NA,NA,NA,NA
2026-03-05 01:00:00,53.75,65.0,37.75,41.5,53.0,9.0,16.0,0.0,24.25,3.0,3.0,NA,2.0,2.0,2.0,NA,NA,NA,NA,NA,NA,NA,NA,NA
2026-03-05 02:00:00,49.75,60.25,34.25,24.5,41.0,2.0,16.25,0.0,24.25,3.0,3.0,NA,2.0,2.0,2.0,NA,NA,NA,NA,NA,NA,NA,NA,NA
2026-03-05 03:00:00,52.75,62.25,34.5,25.75,42.0,6.75,16.0,0.0,24.75,3.0,3.0,NA,2.0,2.0,2.0,NA,NA,NA,NA,NA,NA,NA,NA,NA
2026-03-05 04:00:00,57.5,68.0,36.25,33.0,47.25,10.25,20.25,0.0,23.0,3.0,3.0,NA,2.0,2.0,2.0,NA,NA,NA,NA,NA,NA,NA,NA,NA
2026-03-05 05:00:00,65.0,76.5,35.75,33.0,46.75,9.5,22.5,0.0,20.0,3.0,3.0,NA,2.0,2.0,2.0,NA,NA,NA,NA,NA,NA,NA,NA,NA
2026-03-05 06:00:00,66.5,79.5,31.0,25.5,35.0,5.25,22.5,0.0,18.0,3.0,3.0,NA,2.0,2.0,2.0,NA,NA,NA,NA,NA,NA,NA,NA,NA
2026-03-05 07:00:00,68.5,85.5,21.5,6.5,17.0,3.75,23.5,0.0,17.25,3.0,3.0,NA,2.0,2.0,2.0,NA,NA,NA,NA,NA,NA,NA,NA,NA
2026-03-05 08:00:00,74.25,93.5,24.0,21.75,31.25,12.25,22.75,0.0,19.75,5.0,5.0,NA,3.0,4.75,2.0,NA,NA,NA,NA,NA,NA,NA,NA,NA
2026-03-05 09:00:00,74.75,99.5,25.0,34.0,38.5,15.25,23.25,0.0,25.25,5.0,5.0,NA,3.0,4.5,2.0,NA,NA,NA,NA,NA,NA,NA,NA,NA
2026-03-05 10:00:00,74.25,102.75,25.0,35.0,39.25,15.75,24.0,0.0,33.25,5.0,5.0,NA,3.0,4.25,2.25,NA,NA,NA,NA,NA,NA,NA,NA,NA
2026-03-05 11:00:00,67.75,94.25,23.75,31.5,36.5,15.0,24.5,0.0,40.25,5.0,5.0,NA,3.0,4.5,2.0,NA,NA,NA,NA,NA,NA,NA,NA,NA
2026-03-05 12:00:00,62.0,88.25,23.5,31.75,35.75,17.25,19.25,0.0,46.25,5.0,5.0,NA,3.0,4.5,2.0,NA,NA,NA,NA,NA,NA,NA,NA,NA
2026-03-05 13:00:00,52.25,78.5,23.75,35.0,38.0,17.75,14.75,0.0,44.25,3.75,4.0,NA,1.0,4.0,3.25,NA,NA,NA,NA,NA,NA,NA,NA,NA
2026-03-05 14:00:00,45.5,88.0,23.0,32.0,36.0,16.0,14.0,0.0,45.5,4.0,4.0,NA,1.0,4.0,3.0,NA,NA,NA,NA,NA,NA,NA,NA,NA
2026-03-05 15:00:00,47.75,89.25,22.5,32.25,35.5,17.25,14.0,0.0,47.25,4.0,4.0,NA,1.0,4.0,3.25,NA,NA,NA,NA,NA,NA,NA,NA,NA
2026-03-05 16:00:00,49.75,79.5,22.5,33.5,36.5,18.25,20.0,0.0,47.5,4.0,4.0,NA,1.0,4.0,3.0,NA,NA,NA,NA,NA,NA,NA,NA,NA
2026-03-05 17:00:00,47.0,71.25,21.75,32.75,35.0,17.75,22.0,0.0,42.75,3.75,4.0,NA,1.0,4.0,3.0,NA,NA,NA,NA,NA,NA,NA,NA,NA
2026-03-05 18:00:00,48.75,73.25,22.5,36.25,37.5,18.25,21.0,0.0,30.5,3.25,3.25,NA,3.5,2.5,4.25,NA,NA,NA,NA,NA,NA,NA,NA,NA
2026-03-05 19:00:00,59.75,78.75,22.5,35.25,37.0,16.5,20.75,0.25,20.75,3.0,3.0,NA,5.0,2.25,5.0,NA,NA,NA,NA,NA,NA,NA,NA,NA
2026-03-05 20:00:00,61.75,82.25,24.25,38.75,40.0,18.25,19.5,0.25,17.5,3.0,3.0,NA,4.5,2.0,4.75,NA,NA,NA,NA,NA,NA,NA,NA,NA
2026-03-05 21:00:00,69.75,91.25,28.75,58.25,54.5,21.5,19.0,0.75,18.75,1.5,1.5,NA,3.5,2.75,2.0,NA,NA,NA,NA,NA,NA,NA,NA,NA
2026-03-05 22:00:00,61.75,81.0,26.5,35.75,40.5,14.75,19.0,0.0,21.0,1.0,1.0,NA,3.0,3.0,1.0,NA,NA,NA,NA,NA,NA,NA,NA,NA
2026-03-05 23:00:00,54.0,72.67,26.33,32.0,38.67,17.33,19.33,0.0,20.33,1.0,1.0,NA,3.0,3.0,1.0,NA,NA,NA,NA,NA,NA,NA,NA,NA
2026-03-06 00:00:00,53.75,76.0,27.75,41.0,44.75,17.25,17.75,0.25,17.0,3.0,3.0,NA,2.0,2.0,2.0,NA,NA,NA,NA,NA,NA,NA,NA,NA
2026-03-06 01:00:00,53.0,71.75,28.25,33.75,41.0,19.75,17.0,0.5,16.0,3.0,3.0,NA,2.0,2.0,2.0,NA,NA,NA,NA,NA,NA,NA,NA,NA
2026-03-06 02:00:00,49.33,71.33,27.33,33.67,40.67,18.0,17.5,0.33,16.0,3.0,3.0,NA,2.0,2.0,2.0,NA,NA,NA,NA,NA,NA,NA,NA,NA
2026-03-06 03:00:00,55.75,73.5,27.5,42.25,44.75,18.0,17.5,0.0,16.0,3.0,3.0,NA,2.0,2.0,2.0,NA,NA,NA,NA,NA,NA,NA,NA,NA
2026-03-06 04:00:00,63.5,77.5,27.75,47.0,47.5,15.75,14.25,0.0,16.0,3.0,3.0,NA,2.0,2.0,2.0,NA,NA,NA,NA,NA,NA,NA,NA,NA
2026-03-06 05:00:00,70.75,85.0,27.25,40.5,44.0,14.5,13.25,0.0,16.0,3.0,3.0,NA,2.0,2.0,2.0,NA,NA,NA,NA,NA,NA,NA,NA,NA
2026-03-06 06:00:00,71.5,86.75,27.25,37.5,42.0,16.25,13.0,0.0,16.0,3.0,3.0,NA,2.0,2.0,2.0,NA,NA,NA,NA,NA,NA,NA,NA,NA
2026-03-06 07:00:00,75.75,93.25,33.5,68.75,64.0,20.0,13.75,0.0,16.0,3.0,3.0,NA,2.0,2.0,2.0,NA,NA,NA,NA,NA,NA,NA,NA,NA
2026-03-06 08:00:00,85.25,110.25,31.5,45.5,47.25,14.0,21.25,0.0,16.75,5.0,5.0,NA,3.0,4.25,2.25,NA,NA,NA,NA,NA,NA,NA,NA,NA
2026-03-06 09:00:00,94.0,128.0,21.0,2.67,15.5,4.0,25.75,0.0,20.25,5.0,5.0,NA,3.0,5.0,2.0,NA,NA,NA,NA,NA,NA,NA,NA,NA
2026-03-06 10:00:00,95.5,132.75,23.75,26.25,33.25,13.75,27.0,0.0,26.5,5.0,5.0,NA,3.0,4.75,2.0,NA,NA,NA,NA,NA,NA,NA,NA,NA
2026-03-06 11:00:00,91.0,125.0,24.0,34.75,38.0,17.75,27.5,0.0,39.5,5.0,5.0,NA,3.0,4.5,2.0,NA,NA,NA,NA,NA,NA,NA,NA,NA
2026-03-06 12:00:00,95.25,129.25,21.0,23.0,29.25,13.25,20.75,0.0,57.5,5.0,5.0,NA,3.0,4.25,2.0,NA,NA,NA,NA,NA,NA,NA,NA,NA
2026-03-06 13:00:00,102.25,140.0,22.75,38.75,39.5,17.25,19.75,0.0,61.75,4.0,4.0,NA,1.25,4.0,3.0,NA,NA,NA,NA,NA,NA,NA,NA,NA
2026-03-06 14:00:00,84.5,112.25,21.75,29.0,33.0,15.75,17.5,0.0,56.5,3.75,4.0,NA,1.0,4.0,3.0,NA,NA,NA,NA,NA,NA,NA,NA,NA
2026-03-06 15:00:00,69.5,92.25,21.5,30.5,34.0,19.0,15.0,0.0,50.75,4.0,4.0,NA,1.0,4.0,3.0,NA,NA,NA,NA,NA,NA,NA,NA,NA
2026-03-06 16:00:00,48.0,68.33,21.67,32.0,34.33,18.33,12.75,0.0,50.67,4.0,4.0,NA,1.0,4.0,3.0,NA,NA,NA,NA,NA,NA,NA,NA,NA
2026-03-06 17:00:00,43.5,62.0,21.5,36.5,36.75,17.0,11.75,0.0,46.25,4.0,4.0,NA,1.0,4.0,3.0,NA,NA,NA,NA,NA,NA,NA,NA,NA
2026-03-06 18:00:00,50.0,71.75,22.25,36.25,37.5,19.25,11.75,0.25,32.0,3.25,3.25,NA,4.0,2.5,4.25,NA,NA,NA,NA,NA,NA,NA,NA,NA
2026-03-06 19:00:00,60.0,87.75,24.0,39.25,40.25,20.75,11.25,1.25,17.25,3.0,3.0,NA,4.5,2.0,4.75,NA,NA,NA,NA,NA,NA,NA,NA,NA
2026-03-06 20:00:00,85.5,124.5,27.0,45.0,46.25,24.5,8.0,2.75,17.0,3.0,3.0,NA,4.75,2.0,4.5,NA,NA,NA,NA,NA,NA,NA,NA,NA
2026-03-06 21:00:00,114.5,159.75,31.5,67.75,61.75,31.5,7.0,5.0,17.25,1.5,1.5,NA,3.5,2.75,1.75,NA,NA,NA,NA,NA,NA,NA,NA,NA
2026-03-06 22:00:00,160.25,212.75,33.5,82.75,71.25,32.25,7.0,5.5,17.75,1.0,1.0,NA,3.0,3.0,1.0,NA,NA,NA,NA,NA,NA,NA,NA,NA
2026-03-06 23:00:00,152.0,206.0,33.67,93.0,76.67,33.33,7.0,5.33,17.0,1.0,1.0,NA,3.0,3.0,1.0,NA,NA,NA,NA,NA,NA,NA,NA,NA
2026-03-07 00:00:00,130.75,183.25,35.75,106.0,85.75,33.0,20.0,2.0,17.0,3.0,3.0,NA,2.0,2.0,2.0,NA,NA,NA,NA,NA,NA,NA,NA,NA
2026-03-07 01:00:00,139.25,190.0,29.75,63.0,58.0,27.25,27.0,1.75,17.0,3.0,3.0,NA,2.0,2.0,2.0,NA,NA,NA,NA,NA,NA,NA,NA,NA
2026-03-07 02:00:00,133.5,174.75,28.75,71.75,61.75,26.0,26.0,0.0,17.0,3.0,3.0,NA,2.0,2.0,2.0,NA,NA,NA,NA,NA,NA,NA,NA,NA
2026-03-07 03:00:00,144.5,208.0,27.25,56.0,52.25,22.5,26.25,0.0,17.0,3.0,3.0,NA,2.0,2.0,2.0,NA,NA,NA,NA,NA,NA,NA,NA,NA
2026-03-07 04:00:00,138.0,188.0,29.33,66.67,59.0,25.0,19.0,1.0,17.0,3.0,3.0,NA,2.0,2.0,2.0,NA,NA,NA,NA,NA,NA,NA,NA,NA
2026-03-07 05:00:00,129.75,167.75,28.25,65.75,58.25,23.0,18.25,1.0,17.0,3.0,3.0,NA,2.0,2.0,2.0,NA,NA,NA,NA,NA,NA,NA,NA,NA
2026-03-07 06:00:00,140.5,178.25,31.0,67.0,61.0,23.25,18.5,1.0,17.0,3.0,3.0,NA,2.0,2.0,2.0,NA,NA,NA,NA,NA,NA,NA,NA,NA
2026-03-07 07:00:00,132.25,169.75,30.0,59.0,56.25,20.75,19.0,1.0,17.0,3.0,3.0,NA,2.0,2.0,2.0,NA,NA,NA,NA,NA,NA,NA,NA,NA
2026-03-07 08:00:00,160.0,193.5,35.25,69.25,65.75,18.25,19.75,0.5,17.0,5.0,5.0,NA,3.0,4.5,2.25,NA,NA,NA,NA,NA,NA,NA,NA,NA
2026-03-07 09:00:00,174.5,205.25,36.0,58.0,60.5,16.75,24.25,0.5,17.0,5.0,5.0,NA,3.0,4.5,2.0,NA,NA,NA,NA,NA,NA,NA,NA,NA
2026-03-07 10:00:00,171.5,205.75,23.5,17.33,18.75,7.75,27.5,0.25,17.0,5.0,5.0,NA,3.0,4.25,2.0,NA,NA,NA,NA,NA,NA,NA,NA,NA
2026-03-07 11:00:00,143.0,171.75,36.5,68.25,66.0,25.75,30.0,0.0,16.75,5.0,5.0,NA,3.0,4.75,2.0,NA,NA,NA,NA,NA,NA,NA,NA,NA
2026-03-07 12:00:00,104.75,128.5,30.25,32.25,39.75,10.0,29.5,0.0,15.75,5.0,5.0,NA,3.0,4.0,2.0,NA,NA,NA,NA,NA,NA,NA,NA,NA
2026-03-07 13:00:00,64.25,83.25,30.75,44.0,47.5,12.25,29.75,0.0,16.75,4.0,4.0,NA,1.0,4.0,3.0,NA,NA,NA,NA,NA,NA,NA,NA,NA
2026-03-07 14:00:00,57.5,79.25,18.5,1.0,10.75,7.5,27.75,0.0,16.5,3.75,4.0,NA,1.0,4.0,3.0,NA,NA,NA,NA,NA,NA,NA,NA,NA
2026-03-07 15:00:00,44.0,64.0,19.75,14.25,24.0,12.0,25.5,0.0,16.5,4.0,4.0,NA,1.0,4.0,3.25,NA,NA,NA,NA,NA,NA,NA,NA,NA
2026-03-07 16:00:00,38.25,54.5,21.25,30.5,33.75,15.25,24.5,0.0,16.5,4.0,4.0,NA,1.0,4.0,3.0,NA,NA,NA,NA,NA,NA,NA,NA,NA
2026-03-07 17:00:00,48.0,66.0,22.25,34.75,36.5,16.5,24.0,0.0,17.0,4.0,4.0,NA,1.0,4.0,3.0,NA,NA,NA,NA,NA,NA,NA,NA,NA
2026-03-07 18:00:00,60.75,83.75,22.25,40.75,40.0,19.5,23.25,0.25,17.0,3.25,3.25,NA,3.75,2.5,4.25,NA,NA,NA,NA,NA,NA,NA,NA,NA
2026-03-07 19:00:00,72.0,99.0,23.75,39.75,40.5,21.5,22.0,1.0,17.75,3.0,3.0,NA,5.0,2.0,5.0,NA,NA,NA,NA,NA,NA,NA,NA,NA
2026-03-07 20:00:00,109.75,154.5,26.0,33.5,39.0,25.25,18.25,2.75,18.0,3.0,3.0,NA,4.75,2.0,5.0,NA,NA,NA,NA,NA,NA,NA,NA,NA
2026-03-07 21:00:00,138.5,199.0,30.25,52.5,53.0,30.5,15.75,4.0,18.0,1.5,1.5,NA,3.25,2.75,2.0,NA,NA,NA,NA,NA,NA,NA,NA,NA
2026-03-07 22:00:00,147.25,199.25,32.0,73.75,65.25,33.25,15.0,5.0,18.0,1.0,1.0,NA,3.0,3.0,1.0,NA,NA,NA,NA,NA,NA,NA,NA,NA
2026-03-07 23:00:00,168.0,221.33,32.33,82.67,70.33,30.67,15.33,4.67,18.0,1.0,1.0,NA,3.0,3.0,1.0,NA,NA,NA,NA,NA,NA,NA,NA,NA
2026-03-08 00:00:00,159.5,215.0,32.0,83.75,70.75,29.25,18.0,2.0,17.5,3.0,3.0,NA,2.0,2.0,2.0,NA,NA,NA,NA,NA,NA,NA,NA,NA
2026-03-08 01:00:00,128.25,169.25,31.0,82.75,69.5,25.75,19.0,1.5,17.0,3.0,3.0,NA,2.0,2.0,2.0,NA,NA,NA,NA,NA,NA,NA,NA,NA
2026-03-08 02:00:00,115.5,151.75,32.0,80.5,68.75,30.25,19.0,1.75,17.0,3.0,3.0,NA,2.0,2.0,2.0,NA,NA,NA,NA,NA,NA,NA,NA,NA
2026-03-08 03:00:00,122.75,162.0,30.0,75.75,65.0,27.0,19.25,1.25,17.0,3.0,3.0,NA,2.0,2.0,2.0,NA,NA,NA,NA,NA,NA,NA,NA,NA
2026-03-08 04:00:00,122.0,152.5,30.0,76.0,65.0,24.75,24.25,1.75,17.0,3.0,3.0,NA,2.0,2.0,2.0,NA,NA,NA,NA,NA,NA,NA,NA,NA
2026-03-08 05:00:00,128.5,156.25,31.25,75.5,65.5,30.25,27.5,2.5,16.25,3.0,3.0,NA,2.0,2.0,2.0,NA,NA,NA,NA,NA,NA,NA,NA,NA
2026-03-08 06:00:00,130.75,157.0,31.5,85.5,71.25,30.25,27.25,2.0,16.0,3.0,3.0,NA,2.0,2.0,2.0,NA,NA,NA,NA,NA,NA,NA,NA,NA
2026-03-08 07:00:00,116.5,141.0,29.0,74.75,63.25,24.75,27.0,0.5,16.75,3.0,3.0,NA,2.0,2.0,2.0,NA,NA,NA,NA,NA,NA,NA,NA,NA
2026-03-08 08:00:00,128.0,155.25,25.75,50.75,48.25,22.75,21.25,0.75,17.5,5.0,5.0,NA,3.0,4.75,2.5,NA,NA,NA,NA,NA,NA,NA,NA,NA
2026-03-08 09:00:00,148.25,180.25,24.25,43.5,43.0,20.25,21.5,0.0,17.0,5.0,5.0,NA,3.0,4.75,2.0,NA,NA,NA,NA,NA,NA,NA,NA,NA
2026-03-08 10:00:00,122.0,151.0,23.75,40.5,40.5,16.25,21.0,0.0,16.75,5.0,5.0,NA,3.0,4.5,2.0,NA,NA,NA,NA,NA,NA,NA,NA,NA
2026-03-08 11:00:00,95.5,120.5,22.0,32.75,35.25,17.75,21.0,0.0,17.0,5.0,5.0,NA,3.0,4.0,2.0,NA,NA,NA,NA,NA,NA,NA,NA,NA
2026-03-08 12:00:00,77.25,99.0,21.75,35.25,36.25,17.5,23.5,0.0,17.0,5.0,5.0,NA,3.0,4.5,2.25,NA,NA,NA,NA,NA,NA,NA,NA,NA
2026-03-08 13:00:00,53.0,75.25,21.25,35.75,36.25,18.5,22.75,0.0,18.25,3.75,4.0,NA,1.0,4.0,3.0,NA,NA,NA,NA,NA,NA,NA,NA,NA
2026-03-08 14:00:00,50.0,74.75,21.75,37.0,37.75,18.0,22.75,0.0,23.25,4.0,4.0,NA,1.0,4.0,3.0,NA,NA,NA,NA,NA,NA,NA,NA,NA
2026-03-08 15:00:00,43.75,67.75,21.5,37.25,37.5,18.5,21.5,0.0,29.5,4.0,3.75,NA,1.0,4.0,3.0,NA,NA,NA,NA,NA,NA,NA,NA,NA
2026-03-08 16:00:00,40.25,62.5,21.25,35.75,36.25,20.0,17.5,0.0,31.75,4.0,4.0,NA,1.0,4.0,3.0,NA,NA,NA,NA,NA,NA,NA,NA,NA
2026-03-08 17:00:00,41.5,64.5,21.75,36.5,37.25,18.75,16.25,0.0,28.5,4.0,4.0,NA,1.0,4.0,3.0,NA,NA,NA,NA,NA,NA,NA,NA,NA
2026-03-08 18:00:00,41.25,65.5,21.75,35.75,36.75,18.25,15.5,0.0,24.0,3.25,3.25,NA,4.0,2.5,4.25,NA,NA,NA,NA,NA,NA,NA,NA,NA
2026-03-08 19:00:00,58.75,89.25,22.5,37.75,38.25,20.75,14.75,0.5,18.0,3.0,3.0,NA,4.75,2.0,5.0,NA,NA,NA,NA,NA,NA,NA,NA,NA
2026-03-08 20:00:00,84.0,117.25,24.0,38.0,40.0,23.25,15.75,1.0,17.0,3.0,3.0,NA,5.0,2.0,5.0,NA,NA,NA,NA,NA,NA,NA,NA,NA
2026-03-08 21:00:00,99.5,140.5,26.75,41.0,43.5,24.25,16.0,2.5,17.0,1.5,1.5,NA,3.25,2.75,2.0,NA,NA,NA,NA,NA,NA,NA,NA,NA
2026-03-08 22:00:00,103.25,142.5,26.0,42.0,43.75,24.75,16.0,2.0,17.0,1.0,1.0,NA,3.0,3.0,1.0,NA,NA,NA,NA,NA,NA,NA,NA,NA
2026-03-08 23:00:00,97.33,130.67,26.0,47.33,46.67,23.33,15.33,2.0,16.67,1.0,1.0,NA,3.0,3.0,1.0,NA,NA,NA,NA,NA,NA,NA,NA,NA
2026-03-09 00:00:00,99.75,133.0,24.25,42.5,42.75,21.25,21.0,1.0,16.0,3.0,3.0,NA,2.0,2.0,2.0,NA,NA,NA,NA,NA,NA,NA,NA,NA
2026-03-09 01:00:00,94.0,119.25,22.75,43.0,41.5,17.5,23.75,0.25,16.0,3.0,3.0,NA,2.0,2.0,2.0,NA,NA,NA,NA,NA,NA,NA,NA,NA
2026-03-09 02:00:00,97.0,118.75,22.25,33.0,36.0,18.0,23.5,0.0,16.0,3.0,3.0,NA,2.0,2.0,2.0,NA,NA,NA,NA,NA,NA,NA,NA,NA
2026-03-09 03:00:00,103.5,127.25,22.75,33.0,36.25,18.75,23.5,0.0,16.0,3.0,3.0,NA,2.0,2.0,2.0,NA,NA,NA,NA,NA,NA,NA,NA,NA
2026-03-09 04:00:00,104.5,125.0,22.75,37.25,38.25,18.5,14.25,0.0,16.0,3.0,3.0,NA,2.0,2.0,2.0,NA,NA,NA,NA,NA,NA,NA,NA,NA
2026-03-09 05:00:00,105.75,129.0,22.25,35.25,37.5,18.5,10.0,0.0,16.0,3.0,3.0,NA,2.0,2.0,2.0,NA,NA,NA,NA,NA,NA,NA,NA,NA
2026-03-09 06:00:00,98.25,126.75,23.25,40.75,40.75,20.75,10.0,0.0,16.0,3.0,3.0,NA,2.0,2.0,2.0,NA,NA,NA,NA,NA,NA,NA,NA,NA
2026-03-09 07:00:00,103.75,136.25,35.5,92.75,78.5,29.0,10.75,0.0,16.0,3.0,3.0,NA,2.0,2.0,2.0,NA,NA,NA,NA,NA,NA,NA,NA,NA
2026-03-09 08:00:00,120.0,157.5,33.0,54.5,56.0,14.25,10.75,0.0,16.0,5.0,5.0,NA,3.0,4.0,2.5,NA,NA,NA,NA,NA,NA,NA,NA,NA
2026-03-09 09:00:00,119.75,172.0,20.5,3.5,15.25,7.33,11.5,0.0,16.0,5.0,5.0,NA,3.0,4.5,2.25,NA,NA,NA,NA,NA,NA,NA,NA,NA
2026-03-09 10:00:00,101.0,154.75,22.75,18.25,28.25,13.0,13.75,0.0,18.5,5.0,5.0,NA,3.0,4.0,2.0,NA,NA,NA,NA,NA,NA,NA,NA,NA
2026-03-09 11:00:00,97.75,145.75,24.5,36.75,39.25,16.75,13.75,0.0,25.75,5.0,5.0,NA,3.0,4.0,2.0,NA,NA,NA,NA,NA,NA,NA,NA,NA
2026-03-09 12:00:00,91.25,129.75,21.75,21.75,29.5,14.5,19.75,0.0,30.75,5.0,5.0,NA,3.0,4.25,2.0,NA,NA,NA,NA,NA,NA,NA,NA,NA
2026-03-09 13:00:00,78.5,110.0,23.75,39.5,40.5,17.0,23.0,0.0,32.25,4.0,4.0,NA,1.0,3.75,3.0,NA,NA,NA,NA,NA,NA,NA,NA,NA
2026-03-09 14:00:00,67.75,95.25,22.25,27.5,32.25,15.75,22.0,0.0,33.0,4.0,4.0,NA,1.0,4.0,3.0,NA,NA,NA,NA,NA,NA,NA,NA,NA
2026-03-09 15:00:00,56.25,80.75,20.75,29.0,32.5,16.0,21.0,0.0,33.0,4.0,4.0,NA,1.0,4.0,3.0,NA,NA,NA,NA,NA,NA,NA,NA,NA
2026-03-09 16:00:00,48.0,71.0,21.75,32.75,35.5,16.5,11.5,0.0,31.75,4.0,4.0,NA,1.0,4.0,3.0,NA,NA,NA,NA,NA,NA,NA,NA,NA
2026-03-09 17:00:00,46.25,71.0,21.75,36.5,37.0,18.0,6.0,0.0,29.75,4.0,4.0,NA,1.0,4.0,3.5,NA,NA,NA,NA,NA,NA,NA,NA,NA
2026-03-09 18:00:00,56.5,87.5,22.25,33.0,35.5,19.0,5.25,0.0,23.25,3.25,3.25,NA,3.75,2.5,4.5,NA,NA,NA,NA,NA,NA,NA,NA,NA
2026-03-09 19:00:00,71.33,107.33,23.67,40.67,41.0,21.67,5.0,0.67,17.33,3.0,3.0,NA,4.67,2.0,4.67,NA,NA,NA,NA,NA,NA,NA,NA,NA
2026-03-09 20:00:00,91.25,141.75,24.75,41.5,42.5,22.0,17.75,1.0,16.75,3.0,3.0,NA,5.0,2.0,5.0,NA,NA,NA,NA,NA,NA,NA,NA,NA
2026-03-09 21:00:00,98.75,144.0,24.0,33.25,37.25,18.75,23.0,1.0,16.5,1.5,1.5,NA,3.5,2.75,2.0,NA,NA,NA,NA,NA,NA,NA,NA,NA
2026-03-09 22:00:00,107.0,155.5,25.0,38.75,41.0,19.0,23.0,1.0,16.0,1.0,1.0,NA,3.0,3.0,1.0,NA,NA,NA,NA,NA,NA,NA,NA,NA
2026-03-09 23:00:00,114.33,166.33,25.33,40.0,42.67,21.67,23.0,2.0,16.0,1.0,1.0,NA,3.0,3.0,1.0,NA,NA,NA,NA,NA,NA,NA,NA,NA
2026-03-10 00:00:00,109.75,153.0,28.5,53.25,51.75,21.25,11.75,1.25,16.0,3.0,3.0,NA,2.0,2.0,2.0,NA,NA,NA,NA,NA,NA,NA,NA,NA
2026-03-10 01:00:00,108.25,148.0,28.25,46.0,47.75,21.25,6.25,2.0,16.0,3.0,3.0,NA,2.0,2.0,2.0,NA,NA,NA,NA,NA,NA,NA,NA,NA
2026-03-10 02:00:00,99.5,136.5,27.25,43.75,45.75,21.0,7.0,1.25,16.0,3.0,3.0,NA,2.0,2.0,2.0,NA,NA,NA,NA,NA,NA,NA,NA,NA
2026-03-10 03:00:00,98.5,131.75,27.5,49.5,48.5,24.0,7.0,1.25,16.0,3.0,3.0,NA,2.0,2.0,2.0,NA,NA,NA,NA,NA,NA,NA,NA,NA
2026-03-10 04:00:00,97.25,132.5,27.25,52.75,50.75,24.0,16.0,1.0,15.5,3.0,3.0,NA,2.0,2.0,2.0,NA,NA,NA,NA,NA,NA,NA,NA,NA
2026-03-10 05:00:00,101.5,141.0,29.75,59.75,56.0,26.75,21.25,1.75,16.0,3.0,3.0,NA,2.0,2.0,2.0,NA,NA,NA,NA,NA,NA,NA,NA,NA
2026-03-10 06:00:00,113.5,155.75,33.5,89.25,75.25,27.0,21.5,1.0,15.75,3.0,3.0,NA,2.0,2.0,2.0,NA,NA,NA,NA,NA,NA,NA,NA,NA
2026-03-10 07:00:00,113.25,154.75,26.0,37.5,41.25,18.5,21.25,1.0,16.0,3.0,3.0,NA,2.0,2.0,2.0,NA,NA,NA,NA,NA,NA,NA,NA,NA
2026-03-10 08:00:00,147.25,200.25,35.75,92.33,79.5,27.5,18.0,1.0,16.75,4.75,5.0,NA,3.0,4.5,2.0,NA,NA,NA,NA,NA,NA,NA,NA,NA
2026-03-10 09:00:00,192.0,246.0,23.0,15.0,26.67,9.5,17.33,1.0,17.0,5.0,5.0,NA,3.0,4.0,2.0,NA,NA,NA,NA,NA,NA,NA,NA,NA
2026-03-10 10:00:00,181.75,241.75,23.75,29.25,35.0,12.75,19.5,0.25,17.0,5.0,5.0,NA,3.0,4.5,2.0,NA,NA,NA,NA,NA,NA,NA,NA,NA
2026-03-10 11:00:00,154.5,222.75,24.5,35.0,38.75,15.5,20.75,0.0,17.75,5.0,5.0,NA,3.0,4.0,2.0,NA,NA,NA,NA,NA,NA,NA,NA,NA
2026-03-10 12:00:00,191.0,274.25,22.25,24.0,31.0,14.75,17.0,1.0,18.25,5.0,5.0,NA,3.0,4.25,2.0,NA,NA,NA,NA,NA,NA,NA,NA,NA
2026-03-10 13:00:00,229.75,331.0,22.25,28.25,33.0,17.25,16.5,0.5,17.5,4.0,4.0,NA,1.0,4.0,3.0,NA,NA,NA,NA,NA,NA,NA,NA,NA
2026-03-10 14:00:00,118.75,184.75,22.25,33.0,35.75,18.5,16.0,0.0,25.75,4.0,4.0,NA,1.0,4.0,3.0,NA,NA,NA,NA,NA,NA,NA,NA,NA
2026-03-10 15:00:00,72.0,115.0,21.25,28.75,32.5,19.0,14.25,0.0,33.25,4.0,4.0,NA,1.0,4.0,3.0,NA,NA,NA,NA,NA,NA,NA,NA,NA
2026-03-10 16:00:00,70.75,110.0,21.5,33.33,35.5,17.5,18.75,0.0,33.25,4.0,4.0,NA,1.0,4.0,3.0,NA,NA,NA,NA,NA,NA,NA,NA,NA
2026-03-10 17:00:00,53.67,93.67,21.67,35.0,36.67,18.33,20.0,0.0,33.33,4.0,4.0,NA,1.0,3.67,3.33,NA,NA,NA,NA,NA,NA,NA,NA,NA
2026-03-10 18:00:00,55.5,103.5,23.25,43.5,42.0,20.5,19.5,0.0,28.25,3.25,3.25,NA,3.75,2.5,4.0,NA,NA,NA,NA,NA,NA,NA,NA,NA
2026-03-10 19:00:00,63.25,113.5,21.75,31.5,34.75,17.75,19.0,0.5,20.5,3.0,3.0,NA,4.75,2.0,5.0,NA,NA,NA,NA,NA,NA,NA,NA,NA
2026-03-10 20:00:00,84.0,148.75,25.75,40.0,42.5,23.75,13.25,2.0,17.0,3.0,3.0,NA,4.75,2.0,4.75,NA,NA,NA,NA,NA,NA,NA,NA,NA
2026-03-10 21:00:00,107.67,179.0,27.0,45.5,46.33,25.33,10.0,3.0,17.0,1.67,1.67,NA,3.67,2.67,2.0,NA,NA,NA,NA,NA,NA,NA,NA,NA
2026-03-10 22:00:00,99.0,157.5,27.0,46.0,46.5,25.0,10.0,3.0,16.5,1.0,1.0,NA,3.0,3.0,1.0,NA,NA,NA,NA,NA,NA,NA,NA,NA
2026-03-10 23:00:00,95.0,153.67,28.67,55.67,53.0,28.33,9.33,3.0,16.67,1.0,1.0,NA,3.0,3.0,1.0,NA,NA,NA,NA,NA,NA,NA,NA,NA
2026-03-11 00:00:00,106.5,161.75,32.5,78.5,68.5,32.75,15.25,2.75,16.75,3.0,3.0,NA,2.0,2.0,2.0,NA,NA,NA,NA,NA,NA,NA,NA,NA
2026-03-11 01:00:00,114.0,171.67,41.0,108.33,91.33,34.0,18.0,2.33,16.0,3.0,3.0,NA,2.0,2.0,2.0,NA,NA,NA,NA,NA,NA,NA,NA,NA
2026-03-11 02:00:00,100.75,142.0,32.0,58.25,56.75,17.0,18.0,2.0,16.0,3.0,3.0,NA,2.0,2.0,2.0,NA,NA,NA,NA,NA,NA,NA,NA,NA
2026-03-11 03:00:00,104.5,147.5,31.5,62.0,58.5,19.0,18.5,2.0,16.0,3.0,3.0,NA,2.0,2.0,2.0,NA,NA,NA,NA,NA,NA,NA,NA,NA
2026-03-11 04:00:00,103.75,144.5,37.5,98.75,83.5,26.5,23.5,1.0,16.0,3.0,3.0,NA,2.0,2.0,2.0,NA,NA,NA,NA,NA,NA,NA,NA,NA
2026-03-11 05:00:00,100.75,141.75,30.25,45.25,48.75,19.75,26.25,1.0,16.0,3.0,3.0,NA,2.0,2.0,2.0,NA,NA,NA,NA,NA,NA,NA,NA,NA
2026-03-11 06:00:00,107.75,146.0,34.0,71.75,66.25,23.75,26.5,0.5,16.0,3.0,3.0,NA,2.0,2.0,2.0,NA,NA,NA,NA,NA,NA,NA,NA,NA
2026-03-11 07:00:00,105.75,142.5,25.25,25.25,34.25,14.0,27.0,0.0,16.25,3.0,3.0,NA,2.0,2.0,2.0,NA,NA,NA,NA,NA,NA,NA,NA,NA
2026-03-11 08:00:00,127.0,171.0,35.67,94.0,79.33,28.0,18.67,0.0,17.0,5.0,5.0,NA,3.0,4.67,2.0,NA,NA,NA,NA,NA,NA,NA,NA,NA
2026-03-11 09:00:00,133.0,177.0,24.0,17.5,27.25,11.75,18.0,0.0,18.0,5.0,5.0,NA,3.0,4.25,2.25,NA,NA,NA,NA,NA,NA,NA,NA,NA
2026-03-11 10:00:00,120.67,165.33,22.33,22.33,30.0,11.67,20.0,0.0,29.33,5.0,5.0,NA,3.0,4.33,2.33,NA,NA,NA,NA,NA,NA,NA,NA,NA
2026-03-11 11:00:00,88.67,128.33,24.33,37.0,40.0,18.33,19.67,0.0,50.33,5.0,5.0,NA,3.0,4.33,2.0,NA,NA,NA,NA,NA,NA,NA,NA,NA
2026-03-11 12:00:00,62.0,99.5,21.5,25.0,31.0,13.5,15.5,0.0,48.0,5.0,5.0,NA,3.0,5.0,2.0,NA,NA,NA,NA,NA,NA,NA,NA,NA
2026-03-11 13:00:00,43.5,77.5,21.25,24.75,30.5,15.0,13.5,0.0,48.0,4.0,3.75,NA,1.0,4.0,3.0,NA,NA,NA,NA,NA,NA,NA,NA,NA
2026-03-11 14:00:00,42.75,81.5,21.5,32.0,34.5,17.0,12.75,0.0,51.0,4.0,3.75,NA,1.0,4.0,3.0,NA,NA,NA,NA,NA,NA,NA,NA,NA
2026-03-11 15:00:00,36.33,75.0,22.0,37.0,37.67,21.0,11.67,0.0,49.0,4.0,4.0,NA,1.0,4.0,3.0,NA,NA,NA,NA,NA,NA,NA,NA,NA
2026-03-11 16:00:00,43.25,85.25,26.25,59.75,53.25,25.5,15.5,0.0,44.75,4.0,4.0,NA,1.0,4.0,3.0,NA,NA,NA,NA,NA,NA,NA,NA,NA
2026-03-11 17:00:00,37.5,70.5,28.75,56.0,53.25,21.0,16.5,0.0,40.75,4.0,4.0,NA,1.0,4.0,3.0,NA,NA,NA,NA,NA,NA,NA,NA,NA
2026-03-11 18:00:00,42.25,77.5,26.5,39.0,42.5,14.25,17.0,0.0,31.5,3.25,3.25,NA,4.0,2.5,4.5,NA,NA,NA,NA,NA,NA,NA,NA,NA
2026-03-11 19:00:00,50.25,88.5,27.0,37.25,41.75,17.5,17.5,0.75,19.0,3.0,3.0,NA,4.5,2.0,4.75,NA,NA,NA,NA,NA,NA,NA,NA,NA
2026-03-11 20:00:00,67.0,112.5,29.0,48.5,49.0,20.0,21.5,1.0,17.5,3.0,3.0,NA,4.5,2.0,5.0,NA,NA,NA,NA,NA,NA,NA,NA,NA
2026-03-11 21:00:00,76.5,129.5,30.0,48.5,50.25,21.0,21.75,2.0,17.0,1.67,1.5,NA,3.25,2.75,2.0,NA,NA,NA,NA,NA,NA,NA,NA,NA
2026-03-11 22:00:00,84.25,140.75,27.25,35.5,41.25,15.5,22.0,2.0,16.75,1.0,1.0,NA,3.0,3.0,1.0,NA,NA,NA,NA,NA,NA,NA,NA,NA
2026-03-11 23:00:00,85.0,138.33,28.33,50.0,50.0,21.67,22.0,2.0,16.67,1.0,1.0,NA,3.0,3.0,1.0,NA,NA,NA,NA,NA,NA,NA,NA,NA
2026-03-12 00:00:00,110.5,161.0,31.0,52.25,53.25,20.5,15.75,1.0,17.0,3.0,3.0,NA,2.0,2.0,2.0,NA,NA,NA,NA,NA,NA,NA,NA,NA
2026-03-12 01:00:00,105.0,155.5,31.0,50.75,52.75,21.25,12.75,0.5,16.25,3.0,3.0,NA,2.0,2.0,2.0,NA,NA,NA,NA,NA,NA,NA,NA,NA
2026-03-12 02:00:00,90.33,136.0,29.67,40.0,45.33,17.67,13.33,0.0,16.0,3.0,3.0,NA,2.0,2.0,2.0,NA,NA,NA,NA,NA,NA,NA,NA,NA
2026-03-12 03:00:00,117.75,162.25,30.0,43.25,47.5,17.0,14.25,0.0,16.0,3.0,3.0,NA,2.0,2.0,2.0,NA,NA,NA,NA,NA,NA,NA,NA,NA
2026-03-12 04:00:00,117.33,142.25,28.5,42.25,45.75,13.5,17.0,0.0,16.5,3.0,3.0,NA,2.0,2.0,2.0,NA,NA,NA,NA,NA,NA,NA,NA,NA
2026-03-12 05:00:00,57.33,81.33,27.33,30.0,38.0,14.33,18.0,0.0,17.33,3.0,3.0,NA,2.0,2.0,2.0,NA,NA,NA,NA,NA,NA,NA,NA,NA
2026-03-12 06:00:00,58.75,85.33,32.0,51.67,53.67,22.67,18.0,0.0,16.0,3.0,3.0,NA,2.0,2.0,2.0,NA,NA,NA,NA,NA,NA,NA,NA,NA
2026-03-12 07:00:00,71.67,115.33,26.67,19.0,31.67,15.33,20.0,0.0,16.33,3.0,3.0,NA,2.0,2.0,2.0,NA,NA,NA,NA,NA,NA,NA,NA,NA
2026-03-12 08:00:00,78.67,126.67,33.67,55.67,57.33,21.33,18.33,0.0,19.33,5.0,5.0,NA,3.0,4.67,2.0,NA,NA,NA,NA,NA,NA,NA,NA,NA
2026-03-12 09:00:00,76.5,121.0,25.0,17.5,30.0,10.0,18.5,0.0,23.5,5.0,5.0,NA,3.0,4.0,2.0,NA,NA,NA,NA,NA,NA,NA,NA,NA
2026-03-12 10:00:00,75.0,123.0,26.0,17.0,30.0,12.0,20.0,0.0,23.0,5.0,5.0,NA,3.0,5.0,2.0,NA,NA,NA,NA,NA,NA,NA,NA,NA
2026-03-12 11:00:00,NA,NA,NA,NA,NA,NA,NA,NA,NA,NA,NA,NA,NA,NA,NA,NA,NA,NA,NA,NA,NA,NA,NA,NA
2026-03-12 12:00:00,NA,NA,NA,NA,NA,NA,NA,NA,NA,NA,NA,NA,NA,NA,NA,NA,NA,NA,NA,NA,NA,NA,NA,NA
2026-03-12 13:00:00,NA,NA,NA,NA,NA,NA,NA,NA,NA,NA,NA,NA,NA,NA,NA,NA,NA,NA,NA,NA,NA,NA,NA,NA
2026-03-12 14:00:00,NA,NA,NA,NA,NA,NA,NA,NA,NA,NA,NA,NA,NA,NA,NA,NA,NA,NA,NA,NA,NA,NA,NA,NA
2026-03-12 15:00:00,NA,NA,NA,NA,NA,NA,NA,NA,NA,NA,NA,NA,NA,NA,NA,NA,NA,NA,NA,NA,NA,NA,NA,NA
2026-03-12 16:00:00,NA,NA,NA,NA,NA,NA,NA,NA,NA,NA,NA,NA,NA,NA,NA,NA,NA,NA,NA,NA,NA,NA,NA,NA
2026-03-12 17:00:00,NA,NA,NA,NA,NA,NA,NA,NA,NA,NA,NA,NA,NA,NA,NA,NA,NA,NA,NA,NA,NA,NA,NA,NA
2026-03-12 18:00:00,NA,NA,NA,NA,NA,NA,NA,NA,NA,NA,NA,NA,NA,NA,NA,NA,NA,NA,NA,NA,NA,NA,NA,NA
2026-03-12 19:00:00,NA,NA,NA,NA,NA,NA,NA,NA,NA,NA,NA,NA,NA,NA,NA,NA,NA,NA,NA,NA,NA,NA,NA,NA
2026-03-12 20:00:00,NA,NA,NA,NA,NA,NA,NA,NA,NA,NA,NA,NA,NA,NA,NA,NA,NA,NA,NA,NA,NA,NA,NA,NA
2026-03-12 21:00:00,NA,NA,NA,NA,NA,NA,NA,NA,NA,NA,NA,NA,NA,NA,NA,NA,NA,NA,NA,NA,NA,NA,NA,NA
2026-03-12 22:00:00,NA,NA,NA,NA,NA,NA,NA,NA,NA,NA,NA,NA,NA,NA,NA,NA,NA,NA,NA,NA,NA,NA,NA,NA
2026-03-12 23:00:00,NA,NA,NA,NA,NA,NA,NA,NA,NA,NA,NA,NA,NA,NA,NA,NA,NA,NA,NA,NA,NA,NA,NA,NA
2026-03-13 00:00:00,91.75,131.0,28.25,54.5,52.25,19.25,14.5,0.25,16.5,3.0,3.0,NA,2.0,2.0,2.0,NA,NA,NA,NA,NA,NA,NA,NA,NA
2026-03-13 01:00:00,95.5,130.75,28.25,49.0,49.5,18.5,12.0,0.0,16.5,3.0,3.0,NA,2.0,2.0,2.0,NA,NA,NA,NA,NA,NA,NA,NA,NA
2026-03-13 02:00:00,83.25,108.25,27.0,40.5,43.5,15.25,12.5,0.0,18.25,3.0,3.0,NA,2.0,2.0,2.0,NA,NA,NA,NA,NA,NA,NA,NA,NA
2026-03-13 03:00:00,73.75,94.0,26.0,33.0,38.5,15.67,13.0,0.0,18.0,3.0,3.0,NA,2.0,2.0,2.0,NA,NA,NA,NA,NA,NA,NA,NA,NA
2026-03-13 04:00:00,65.67,84.67,24.0,27.0,34.0,10.67,13.33,0.0,17.0,3.0,3.0,NA,2.0,2.0,2.0,NA,NA,NA,NA,NA,NA,NA,NA,NA
2026-03-13 05:00:00,64.67,84.0,26.0,37.0,40.67,17.5,14.0,0.0,16.67,3.0,3.0,NA,2.0,2.0,2.0,NA,NA,NA,NA,NA,NA,NA,NA,NA
2026-03-13 06:00:00,67.75,88.75,28.25,47.25,48.25,18.33,14.0,0.0,16.0,3.0,3.0,NA,2.0,2.0,2.0,NA,NA,NA,NA,NA,NA,NA,NA,NA
2026-03-13 07:00:00,72.33,103.33,27.0,33.0,39.67,14.0,14.0,0.0,16.0,3.0,3.0,NA,2.0,2.0,2.0,NA,NA,NA,NA,NA,NA,NA,NA,NA
2026-03-13 08:00:00,76.25,118.25,27.25,35.5,41.25,17.25,13.75,0.0,16.0,5.0,5.0,NA,3.0,4.0,2.0,NA,NA,NA,NA,NA,NA,NA,NA,NA
2026-03-13 09:00:00,87.25,137.0,27.0,36.75,41.75,14.0,15.5,0.0,18.5,5.0,5.0,NA,3.0,4.75,2.25,NA,NA,NA,NA,NA,NA,NA,NA,NA
2026-03-13 10:00:00,84.33,137.33,29.67,50.67,51.33,15.0,15.67,0.0,24.0,5.0,5.0,NA,3.0,4.33,2.0,NA,NA,NA,NA,NA,NA,NA,NA,NA
2026-03-13 11:00:00,48.75,89.25,27.25,37.0,42.0,15.75,14.0,0.0,30.0,5.0,5.0,NA,3.0,4.25,2.0,NA,NA,NA,NA,NA,NA,NA,NA,NA
2026-03-13 12:00:00,32.75,70.75,25.25,27.0,35.0,14.5,NA,0.0,NA,5.0,5.0,NA,3.0,5.0,2.5,NA,NA,NA,NA,NA,NA,NA,NA,NA
2026-03-13 13:00:00,28.75,58.5,25.5,34.0,39.25,14.75,3.67,0.0,66.0,NA,NA,NA,NA,NA,NA,NA,NA,NA,NA,NA,NA,NA,NA,NA
2026-03-13 14:00:00,24.5,53.5,25.25,28.75,36.0,16.0,9.0,0.0,66.75,NA,NA,NA,NA,NA,NA,NA,NA,NA,NA,NA,NA,NA,NA,NA
2026-03-13 15:00:00,26.5,60.0,26.5,35.75,41.0,17.75,8.25,0.0,63.5,NA,NA,NA,NA,NA,NA,NA,NA,NA,NA,NA,NA,NA,NA,NA
2026-03-13 16:00:00,26.5,55.0,27.0,38.0,42.25,17.75,20.25,0.0,58.75,NA,NA,NA,NA,NA,NA,NA,NA,NA,NA,NA,NA,NA,NA,NA
2026-03-13 17:00:00,24.5,53.25,25.0,27.75,35.25,15.25,26.5,0.0,58.5,NA,NA,NA,NA,NA,NA,NA,NA,NA,NA,NA,NA,NA,NA,NA
2026-03-13 18:00:00,27.5,58.5,25.25,32.25,37.75,16.75,26.5,0.0,52.0,3.25,3.25,NA,4.0,2.5,4.25,NA,NA,NA,NA,NA,NA,NA,NA,NA
2026-03-13 19:00:00,30.75,63.25,26.5,36.75,41.0,15.75,26.0,0.0,43.5,3.0,3.0,NA,4.75,2.0,4.5,NA,NA,NA,NA,NA,NA,NA,NA,NA
2026-03-13 20:00:00,33.5,66.25,26.75,38.0,42.25,15.75,28.75,0.0,39.25,3.0,3.0,NA,4.5,2.0,5.0,NA,NA,NA,NA,NA,NA,NA,NA,NA
2026-03-13 21:00:00,42.75,75.0,29.25,47.5,49.0,17.75,30.5,0.25,39.0,1.5,1.5,NA,3.5,2.75,2.0,NA,NA,NA,NA,NA,NA,NA,NA,NA
2026-03-13 22:00:00,47.5,75.75,28.75,42.0,46.0,17.0,31.0,0.25,38.25,1.0,1.0,NA,3.0,3.0,1.0,NA,NA,NA,NA,NA,NA,NA,NA,NA
2026-03-13 23:00:00,48.33,74.67,28.67,37.33,43.33,16.67,31.0,0.0,40.33,1.0,1.0,NA,3.0,3.0,1.0,NA,NA,NA,NA,NA,NA,NA,NA,NA
2026-03-14 00:00:00,41.75,64.5,28.0,37.0,42.25,12.5,37.0,0.0,44.25,3.0,3.0,NA,2.0,2.0,2.0,NA,NA,NA,NA,NA,NA,NA,NA,NA
2026-03-14 01:00:00,44.5,66.25,30.5,44.75,49.0,14.0,39.5,0.0,47.75,3.0,3.0,NA,2.0,2.0,2.0,NA,NA,NA,NA,NA,NA,NA,NA,NA
2026-03-14 02:00:00,54.75,77.25,30.75,41.75,47.5,11.75,39.5,0.0,49.5,3.0,3.0,NA,2.0,2.0,2.0,NA,NA,NA,NA,NA,NA,NA,NA,NA
2026-03-14 03:00:00,63.25,89.0,29.5,36.0,43.5,10.75,40.0,0.0,49.25,3.0,3.0,NA,2.0,2.0,2.0,NA,NA,NA,NA,NA,NA,NA,NA,NA
2026-03-14 04:00:00,62.0,86.25,31.0,41.25,47.25,12.25,33.5,0.0,47.75,3.0,3.0,NA,2.0,2.0,2.0,NA,NA,NA,NA,NA,NA,NA,NA,NA
2026-03-14 05:00:00,59.5,82.5,30.25,31.5,41.5,12.5,30.0,0.0,33.25,3.0,3.0,NA,2.0,2.0,2.0,NA,NA,NA,NA,NA,NA,NA,NA,NA
2026-03-14 06:00:00,81.5,110.25,31.0,35.75,44.25,12.25,30.0,0.75,29.0,3.0,3.0,NA,2.0,2.0,2.0,NA,NA,NA,NA,NA,NA,NA,NA,NA
2026-03-14 07:00:00,102.25,145.25,27.75,19.0,33.0,8.75,30.5,1.0,28.25,3.0,3.0,NA,2.0,2.0,2.0,NA,NA,NA,NA,NA,NA,NA,NA,NA
2026-03-14 08:00:00,103.75,145.75,29.0,26.0,37.75,9.75,26.0,0.75,30.75,5.0,5.0,NA,3.0,4.25,2.0,NA,NA,NA,NA,NA,NA,NA,NA,NA
2026-03-14 09:00:00,95.75,144.0,29.75,33.5,42.0,11.0,25.5,0.25,43.0,5.0,5.0,NA,3.0,4.5,2.0,NA,NA,NA,NA,NA,NA,NA,NA,NA
2026-03-14 10:00:00,68.25,114.25,30.75,38.0,45.5,15.5,24.25,0.0,68.5,5.0,5.0,NA,3.0,4.5,2.0,NA,NA,NA,NA,NA,NA,NA,NA,NA
2026-03-14 11:00:00,57.0,107.75,30.0,39.5,45.75,12.0,22.25,0.0,79.25,5.0,5.0,NA,3.0,4.5,2.0,NA,NA,NA,NA,NA,NA,NA,NA,NA
2026-03-14 12:00:00,38.75,87.25,30.0,33.5,42.5,12.0,15.0,0.0,83.25,5.0,5.0,NA,3.0,4.75,2.25,NA,NA,NA,NA,NA,NA,NA,NA,NA
2026-03-14 13:00:00,34.75,78.25,29.75,33.75,42.0,13.25,11.75,0.0,82.25,4.0,4.0,NA,1.0,4.0,3.0,NA,NA,NA,NA,NA,NA,NA,NA,NA
2026-03-14 14:00:00,32.25,76.25,30.75,43.25,48.5,12.75,10.75,0.0,78.25,4.0,4.0,NA,1.0,4.0,3.0,NA,NA,NA,NA,NA,NA,NA,NA,NA
2026-03-14 15:00:00,22.75,65.25,28.75,34.0,41.5,10.5,9.75,0.0,86.0,4.0,4.0,NA,1.0,4.0,3.25,NA,NA,NA,NA,NA,NA,NA,NA,NA
2026-03-14 16:00:00,22.0,60.75,29.5,35.25,42.5,10.25,22.0,0.0,84.5,4.0,4.0,NA,1.0,4.0,3.0,NA,NA,NA,NA,NA,NA,NA,NA,NA
2026-03-14 17:00:00,25.75,65.75,28.75,30.5,40.0,12.0,28.5,0.25,63.25,4.0,4.0,NA,1.0,4.0,3.0,NA,NA,NA,NA,NA,NA,NA,NA,NA
2026-03-14 18:00:00,40.0,87.5,29.75,36.0,43.25,13.25,29.25,1.0,40.75,3.25,3.25,NA,4.0,2.5,4.25,NA,NA,NA,NA,NA,NA,NA,NA,NA
2026-03-14 19:00:00,57.75,102.25,31.0,41.0,47.5,16.25,29.5,1.0,34.25,3.0,3.0,NA,4.75,2.0,4.75,NA,NA,NA,NA,NA,NA,NA,NA,NA
2026-03-14 20:00:00,58.25,98.25,31.75,43.0,48.75,18.0,30.75,1.0,30.25,3.0,3.0,NA,4.5,2.0,4.5,NA,NA,NA,NA,NA,NA,NA,NA,NA
2026-03-14 21:00:00,65.5,130.0,31.0,39.0,45.75,13.5,31.75,1.75,27.25,1.5,1.5,NA,3.5,2.75,2.0,NA,NA,NA,NA,NA,NA,NA,NA,NA
2026-03-14 22:00:00,70.75,137.75,31.25,43.25,48.5,16.0,31.75,2.0,27.5,1.0,1.0,NA,3.0,3.0,1.0,NA,NA,NA,NA,NA,NA,NA,NA,NA
2026-03-14 23:00:00,80.67,146.33,33.67,54.0,56.0,18.33,31.67,2.67,28.0,1.0,1.0,NA,3.0,3.0,1.0,NA,NA,NA,NA,NA,NA,NA,NA,NA
2026-03-15 00:00:00,95.75,175.75,38.75,86.0,77.5,26.0,24.25,2.0,28.0,3.0,3.0,NA,2.0,2.0,2.0,NA,NA,NA,NA,NA,NA,NA,NA,NA
2026-03-15 01:00:00,109.5,202.25,41.5,95.0,84.5,30.25,21.0,2.75,28.0,3.0,3.0,NA,2.0,2.0,2.0,NA,NA,NA,NA,NA,NA,NA,NA,NA
2026-03-15 02:00:00,107.25,191.75,38.0,94.75,81.25,22.5,21.25,1.25,27.75,3.0,3.0,NA,2.0,2.0,2.0,NA,NA,NA,NA,NA,NA,NA,NA,NA
2026-03-15 03:00:00,92.75,147.0,34.5,74.25,67.5,15.25,22.0,0.5,26.75,3.0,3.0,NA,2.0,2.0,2.0,NA,NA,NA,NA,NA,NA,NA,NA,NA
2026-03-15 04:00:00,122.25,168.25,31.5,52.0,53.25,13.75,26.25,0.75,26.5,3.0,3.0,NA,2.0,2.0,2.0,NA,NA,NA,NA,NA,NA,NA,NA,NA
2026-03-15 05:00:00,124.0,189.0,30.25,44.5,48.25,12.25,25.0,0.0,30.25,3.0,3.0,NA,2.0,2.0,2.0,NA,NA,NA,NA,NA,NA,NA,NA,NA
2026-03-15 06:00:00,50.75,105.0,31.75,42.75,48.25,13.25,21.0,0.0,33.75,3.0,3.0,NA,2.0,2.0,2.0,NA,NA,NA,NA,NA,NA,NA,NA,NA
2026-03-15 07:00:00,39.0,62.75,30.75,39.75,46.25,12.5,19.75,0.0,30.75,3.0,3.0,NA,2.0,2.0,2.0,NA,NA,NA,NA,NA,NA,NA,NA,NA
2026-03-15 08:00:00,33.25,51.5,30.25,37.75,44.75,11.25,23.25,0.0,32.5,5.0,5.0,NA,3.0,4.5,2.0,NA,NA,NA,NA,NA,NA,NA,NA,NA
2026-03-15 09:00:00,20.75,42.75,30.5,36.5,44.5,11.0,26.5,0.0,34.25,5.0,5.0,NA,3.0,4.25,2.25,NA,NA,NA,NA,NA,NA,NA,NA,NA
2026-03-15 10:00:00,22.0,50.25,29.75,33.0,41.75,9.25,28.5,0.0,34.25,5.0,5.0,NA,3.0,4.5,2.0,NA,NA,NA,NA,NA,NA,NA,NA,NA
2026-03-15 11:00:00,34.25,68.5,29.75,32.25,41.5,13.75,29.5,0.0,43.25,5.0,5.0,NA,3.0,4.25,2.0,NA,NA,NA,NA,NA,NA,NA,NA,NA
2026-03-15 12:00:00,38.25,73.75,29.25,33.25,41.75,13.0,31.0,0.0,46.5,5.0,5.0,NA,3.0,4.75,2.0,NA,NA,NA,NA,NA,NA,NA,NA,NA
2026-03-15 13:00:00,30.0,60.0,31.0,41.25,47.0,14.0,29.5,0.0,52.0,4.0,3.75,NA,1.0,4.0,3.0,NA,NA,NA,NA,NA,NA,NA,NA,NA
2026-03-15 14:00:00,24.5,49.5,30.0,31.75,41.75,12.75,27.0,0.0,58.25,4.0,4.0,NA,1.0,4.0,3.0,NA,NA,NA,NA,NA,NA,NA,NA,NA
2026-03-15 15:00:00,20.5,49.25,30.0,30.0,40.25,12.25,26.5,0.0,53.5,4.0,4.0,NA,1.0,4.0,3.0,NA,NA,NA,NA,NA,NA,NA,NA,NA
2026-03-15 16:00:00,19.25,66.5,30.0,33.75,42.5,14.25,25.5,0.0,53.5,4.0,4.0,NA,1.0,4.0,3.25,NA,NA,NA,NA,NA,NA,NA,NA,NA
2026-03-15 17:00:00,21.5,54.75,31.0,41.5,47.5,15.0,25.0,0.0,49.25,4.0,4.0,NA,1.0,4.0,3.0,NA,NA,NA,NA,NA,NA,NA,NA,NA
2026-03-15 18:00:00,25.75,58.0,28.25,28.5,35.25,9.75,24.5,0.0,44.25,3.25,3.25,NA,3.75,2.5,4.5,NA,NA,NA,NA,NA,NA,NA,NA,NA
2026-03-15 19:00:00,29.5,60.75,21.25,6.0,18.0,6.25,26.25,0.25,36.5,3.0,3.0,NA,5.0,2.0,4.75,NA,NA,NA,NA,NA,NA,NA,NA,NA
2026-03-15 20:00:00,33.5,67.25,22.75,25.0,32.0,13.25,25.25,0.5,31.5,3.0,3.0,NA,4.5,2.0,4.5,NA,NA,NA,NA,NA,NA,NA,NA,NA
2026-03-15 21:00:00,30.75,62.75,23.25,33.5,37.0,15.75,22.5,1.0,29.25,1.5,1.5,NA,3.5,2.75,2.0,NA,NA,NA,NA,NA,NA,NA,NA,NA
2026-03-15 22:00:00,29.0,60.75,23.75,39.25,40.5,19.0,21.0,1.0,28.75,1.0,1.0,NA,3.0,3.0,1.0,NA,NA,NA,NA,NA,NA,NA,NA,NA
2026-03-15 23:00:00,27.33,57.0,24.0,36.33,38.67,17.33,19.67,1.0,27.33,1.0,1.0,NA,3.0,3.0,1.0,NA,NA,NA,NA,NA,NA,NA,NA,NA
2026-03-16 00:00:00,33.75,69.25,23.75,40.25,41.0,16.75,30.0,0.0,32.0,3.0,3.0,NA,2.0,2.0,2.0,NA,NA,NA,NA,NA,NA,NA,NA,NA
2026-03-16 01:00:00,50.75,80.0,23.5,36.75,38.5,17.25,34.5,0.0,29.5,3.0,3.0,NA,2.0,2.0,2.0,NA,NA,NA,NA,NA,NA,NA,NA,NA
2026-03-16 02:00:00,58.0,82.0,23.5,37.5,39.0,19.25,34.0,0.0,29.75,3.0,3.0,NA,2.0,2.0,2.0,NA,NA,NA,NA,NA,NA,NA,NA,NA
2026-03-16 03:00:00,35.25,53.75,23.0,40.5,40.25,18.75,34.25,0.0,36.25,3.0,3.0,NA,2.0,2.0,2.0,NA,NA,NA,NA,NA,NA,NA,NA,NA
2026-03-16 04:00:00,24.75,43.5,23.0,38.0,39.0,18.0,28.25,0.0,33.0,3.0,3.0,NA,2.0,2.0,2.0,NA,NA,NA,NA,NA,NA,NA,NA,NA
2026-03-16 05:00:00,21.0,40.25,22.5,36.0,37.75,16.25,25.5,0.0,31.75,3.0,3.0,NA,2.0,2.0,2.0,NA,NA,NA,NA,NA,NA,NA,NA,NA
2026-03-16 06:00:00,22.0,41.0,25.25,51.5,48.0,21.75,26.75,0.0,29.0,3.0,3.0,NA,2.0,2.0,2.0,NA,NA,NA,NA,NA,NA,NA,NA,NA
2026-03-16 07:00:00,27.25,48.5,34.0,83.0,72.0,28.25,27.25,0.0,28.75,3.0,3.0,NA,2.0,2.0,2.0,NA,NA,NA,NA,NA,NA,NA,NA,NA
2026-03-16 08:00:00,29.75,60.0,30.5,44.75,48.75,17.25,32.25,0.0,31.0,5.0,5.0,NA,3.0,4.25,2.25,NA,NA,NA,NA,NA,NA,NA,NA,NA
2026-03-16 09:00:00,34.0,75.5,24.75,17.0,29.5,5.5,27.75,0.0,40.5,5.0,5.0,NA,3.0,4.75,2.25,NA,NA,NA,NA,NA,NA,NA,NA,NA
2026-03-16 10:00:00,37.25,81.0,26.5,28.25,36.25,11.75,28.0,0.5,46.25,5.0,5.0,NA,3.0,4.25,2.0,NA,NA,NA,NA,NA,NA,NA,NA,NA
2026-03-16 11:00:00,39.5,85.0,28.75,44.0,47.25,15.25,27.75,0.25,51.25,5.0,5.0,NA,3.0,4.25,2.0,NA,NA,NA,NA,NA,NA,NA,NA,NA
2026-03-16 12:00:00,32.5,86.0,27.25,35.5,41.25,14.0,30.75,0.0,62.75,5.0,5.0,NA,3.0,4.75,2.0,NA,NA,NA,NA,NA,NA,NA,NA,NA
2026-03-16 13:00:00,30.75,94.75,27.5,36.25,42.0,16.25,31.75,0.0,63.0,4.0,4.0,NA,1.0,4.0,3.0,NA,NA,NA,NA,NA,NA,NA,NA,NA
2026-03-16 14:00:00,32.0,90.0,27.5,37.5,42.5,14.0,31.5,0.0,61.5,4.0,4.0,NA,1.0,4.0,3.0,NA,NA,NA,NA,NA,NA,NA,NA,NA
2026-03-16 15:00:00,29.25,79.75,26.75,32.25,39.25,14.25,32.0,0.0,65.25,4.0,4.0,NA,1.0,4.0,3.0,NA,NA,NA,NA,NA,NA,NA,NA,NA
2026-03-16 16:00:00,31.25,86.25,26.5,29.25,37.0,13.5,22.0,0.5,61.25,4.0,4.0,NA,1.0,4.0,3.0,NA,NA,NA,NA,NA,NA,NA,NA,NA
2026-03-16 17:00:00,31.25,82.5,27.75,39.25,43.5,16.0,17.0,1.0,44.75,4.0,4.0,NA,1.0,4.0,3.0,NA,NA,NA,NA,NA,NA,NA,NA,NA
2026-03-16 18:00:00,29.5,80.75,27.5,36.25,41.75,15.75,17.0,1.25,33.25,3.25,3.25,NA,3.75,2.5,4.0,NA,NA,NA,NA,NA,NA,NA,NA,NA
2026-03-16 19:00:00,36.75,104.5,26.75,27.0,36.5,14.0,17.0,1.25,27.5,3.0,3.0,NA,4.75,2.0,5.0,NA,NA,NA,NA,NA,NA,NA,NA,NA
2026-03-16 20:00:00,51.25,128.75,26.0,26.75,35.75,14.75,28.5,1.0,27.25,3.0,3.0,NA,4.5,2.0,5.0,NA,NA,NA,NA,NA,NA,NA,NA,NA
2026-03-16 21:00:00,73.0,148.25,31.75,60.75,58.25,23.75,34.75,0.75,31.75,1.5,1.5,NA,3.5,2.75,2.0,NA,NA,NA,NA,NA,NA,NA,NA,NA
2026-03-16 22:00:00,56.0,97.5,29.25,31.5,39.75,13.0,33.0,0.0,32.25,1.0,1.0,NA,3.0,3.0,1.0,NA,NA,NA,NA,NA,NA,NA,NA,NA
2026-03-16 23:00:00,40.0,68.33,24.67,15.33,28.33,8.67,33.0,0.0,31.33,1.0,1.0,NA,3.0,3.0,1.0,NA,NA,NA,NA,NA,NA,NA,NA,NA
2026-03-17 00:00:00,37.0,69.25,29.25,46.5,48.5,18.0,24.75,0.0,28.5,3.0,3.0,NA,2.0,2.0,2.0,NA,NA,NA,NA,NA,NA,NA,NA,NA
2026-03-17 01:00:00,38.75,72.75,28.5,40.5,44.75,15.0,21.25,0.0,27.75,3.0,3.0,NA,2.0,2.0,2.0,NA,NA,NA,NA,NA,NA,NA,NA,NA
2026-03-17 02:00:00,39.75,68.0,28.5,34.25,41.5,14.75,21.0,0.0,27.5,3.0,3.0,NA,2.0,2.0,2.0,NA,NA,NA,NA,NA,NA,NA,NA,NA
2026-03-17 03:00:00,46.75,73.0,28.25,35.5,42.0,12.5,21.5,0.0,31.75,3.0,3.0,NA,2.0,2.0,2.0,NA,NA,NA,NA,NA,NA,NA,NA,NA
2026-03-17 04:00:00,45.0,71.25,30.25,42.75,47.25,14.25,21.75,0.0,31.0,3.0,3.0,NA,2.0,2.0,2.0,NA,NA,NA,NA,NA,NA,NA,NA,NA
2026-03-17 05:00:00,50.75,77.25,29.25,38.75,44.5,12.75,21.75,0.25,28.0,3.0,3.0,NA,2.0,2.0,2.0,NA,NA,NA,NA,NA,NA,NA,NA,NA
2026-03-17 06:00:00,57.5,88.0,34.5,63.5,61.5,17.0,22.0,1.0,26.5,3.0,3.0,NA,2.0,2.0,2.0,NA,NA,NA,NA,NA,NA,NA,NA,NA
2026-03-17 07:00:00,73.75,120.75,34.5,55.0,57.25,14.75,22.75,1.0,26.5,3.0,3.0,NA,2.0,2.0,2.0,NA,NA,NA,NA,NA,NA,NA,NA,NA
2026-03-17 08:00:00,87.0,147.5,29.75,26.75,36.5,14.0,36.5,1.0,28.25,5.0,5.0,NA,3.0,4.25,2.0,NA,NA,NA,NA,NA,NA,NA,NA,NA
2026-03-17 09:00:00,112.0,171.75,23.75,10.0,24.5,9.0,46.25,1.0,33.25,5.0,5.0,NA,3.0,4.25,2.25,NA,NA,NA,NA,NA,NA,NA,NA,NA
2026-03-17 10:00:00,109.5,165.0,23.25,23.75,31.75,15.0,46.25,1.0,53.0,5.0,5.0,NA,3.0,4.0,2.25,NA,NA,NA,NA,NA,NA,NA,NA,NA
2026-03-17 11:00:00,78.0,123.0,24.75,39.25,41.0,16.25,44.25,0.25,83.0,5.0,5.0,NA,3.0,4.25,2.0,NA,NA,NA,NA,NA,NA,NA,NA,NA
2026-03-17 12:00:00,73.5,121.25,24.0,33.25,37.25,16.5,40.0,0.25,92.5,5.0,5.0,NA,3.0,4.5,2.0,NA,NA,NA,NA,NA,NA,NA,NA,NA
2026-03-17 13:00:00,66.5,111.5,23.0,29.0,34.5,16.0,37.25,0.0,107.5,4.0,4.0,NA,1.0,4.0,3.0,NA,NA,NA,NA,NA,NA,NA,NA,NA
2026-03-17 14:00:00,62.5,103.75,21.25,24.25,30.25,17.5,36.75,0.0,126.0,4.0,4.0,NA,1.0,4.0,3.0,NA,NA,NA,NA,NA,NA,NA,NA,NA
2026-03-17 15:00:00,63.75,107.5,20.75,28.75,32.25,16.0,36.0,0.0,132.25,4.0,4.0,NA,1.0,4.0,3.0,NA,NA,NA,NA,NA,NA,NA,NA,NA
2026-03-17 16:00:00,60.25,105.0,21.75,35.75,37.0,18.25,34.0,0.0,118.75,4.0,4.0,NA,1.0,4.0,3.0,NA,NA,NA,NA,NA,NA,NA,NA,NA
2026-03-17 17:00:00,50.0,88.0,21.5,37.0,37.25,18.5,32.5,0.0,98.25,4.0,4.0,NA,1.0,4.0,3.0,NA,NA,NA,NA,NA,NA,NA,NA,NA
2026-03-17 18:00:00,45.75,83.0,23.0,40.75,40.25,20.5,31.75,0.0,73.25,3.25,3.25,NA,3.75,2.5,4.0,NA,NA,NA,NA,NA,NA,NA,NA,NA
2026-03-17 19:00:00,52.75,89.5,22.25,35.25,37.25,17.0,31.0,0.75,56.0,3.0,3.0,NA,5.0,2.0,4.5,NA,NA,NA,NA,NA,NA,NA,NA,NA
2026-03-17 20:00:00,59.5,101.0,23.75,38.0,39.5,19.25,25.75,1.0,52.25,3.0,3.0,NA,4.75,2.0,4.75,NA,NA,NA,NA,NA,NA,NA,NA,NA
2026-03-17 21:00:00,72.0,111.25,22.75,35.25,37.0,16.75,23.0,1.0,49.0,1.5,1.5,NA,3.5,2.75,2.0,NA,NA,NA,NA,NA,NA,NA,NA,NA
2026-03-17 22:00:00,78.5,120.25,21.75,30.0,33.75,18.25,22.25,1.0,31.25,1.0,1.0,NA,3.0,3.0,1.0,NA,NA,NA,NA,NA,NA,NA,NA,NA
2026-03-17 23:00:00,92.0,138.0,22.0,31.33,34.67,18.67,22.0,1.0,29.33,1.0,1.0,NA,3.0,3.0,1.0,NA,NA,NA,NA,NA,NA,NA,NA,NA
2026-03-18 00:00:00,98.5,146.0,28.0,65.5,58.0,24.0,21.0,1.0,27.5,3.0,3.0,NA,2.0,2.0,2.0,NA,NA,NA,NA,NA,NA,NA,NA,NA
2026-03-18 01:00:00,92.75,134.25,30.75,59.25,57.0,20.75,19.5,1.0,27.0,3.0,3.0,NA,2.0,2.0,2.0,NA,NA,NA,NA,NA,NA,NA,NA,NA
2026-03-18 02:00:00,93.25,130.0,23.75,23.5,32.0,12.5,20.0,0.0,27.5,3.0,3.0,NA,2.0,2.0,2.0,NA,NA,NA,NA,NA,NA,NA,NA,NA
2026-03-18 03:00:00,84.0,122.25,28.0,49.25,49.0,20.0,20.0,0.25,27.0,3.0,3.0,NA,2.0,2.0,2.0,NA,NA,NA,NA,NA,NA,NA,NA,NA
2026-03-18 04:00:00,79.25,114.75,27.25,37.25,42.0,14.25,24.75,0.25,27.25,3.0,3.0,NA,2.0,2.0,2.0,NA,NA,NA,NA,NA,NA,NA,NA,NA
2026-03-18 05:00:00,82.25,119.5,26.0,36.75,40.75,14.0,27.5,0.75,26.75,3.0,3.0,NA,2.0,2.0,2.0,NA,NA,NA,NA,NA,NA,NA,NA,NA
2026-03-18 06:00:00,91.25,137.25,28.5,43.25,46.0,15.75,28.0,0.75,26.0,3.0,3.0,NA,2.0,2.0,2.0,NA,NA,NA,NA,NA,NA,NA,NA,NA
2026-03-18 07:00:00,94.5,155.75,24.5,28.5,35.0,15.0,29.5,1.0,26.0,3.0,3.0,NA,2.0,2.0,2.0,NA,NA,NA,NA,NA,NA,NA,NA,NA
2026-03-18 08:00:00,101.75,156.5,24.75,36.75,39.5,16.0,28.75,1.0,27.75,5.0,5.0,NA,3.0,4.5,2.0,NA,NA,NA,NA,NA,NA,NA,NA,NA
2026-03-18 09:00:00,115.75,174.5,23.5,32.5,36.5,17.25,29.5,1.0,34.5,5.0,5.0,NA,3.0,4.25,2.0,NA,NA,NA,NA,NA,NA,NA,NA,NA
2026-03-18 10:00:00,86.75,134.75,21.25,22.75,29.75,15.25,27.5,0.0,49.5,5.0,5.0,NA,3.0,5.0,2.0,NA,NA,NA,NA,NA,NA,NA,NA,NA
2026-03-18 11:00:00,67.0,110.5,25.25,46.25,45.25,19.75,26.0,0.0,76.75,5.0,5.0,NA,3.0,4.0,2.0,NA,NA,NA,NA,NA,NA,NA,NA,NA
2026-03-18 12:00:00,64.5,107.5,22.25,21.5,29.5,16.25,27.0,0.25,87.25,5.0,5.0,NA,3.0,4.0,2.0,NA,NA,NA,NA,NA,NA,NA,NA,NA
2026-03-18 13:00:00,60.0,103.67,20.75,23.25,29.5,15.75,27.25,0.0,119.0,4.0,4.0,NA,1.0,4.0,3.0,NA,NA,NA,NA,NA,NA,NA,NA,NA
2026-03-18 14:00:00,61.75,111.5,21.25,29.5,33.0,18.25,27.25,1.0,142.25,4.0,4.0,NA,1.0,4.0,3.0,NA,NA,NA,NA,NA,NA,NA,NA,NA
2026-03-18 15:00:00,79.75,140.0,21.25,31.25,34.5,17.75,27.5,1.0,139.5,4.0,4.0,NA,1.25,4.0,3.0,NA,NA,NA,NA,NA,NA,NA,NA,NA
2026-03-18 16:00:00,71.5,138.25,21.25,34.25,35.75,17.0,25.5,0.5,107.5,4.0,4.0,NA,1.0,4.0,3.0,NA,NA,NA,NA,NA,NA,NA,NA,NA
2026-03-18 17:00:00,54.25,112.5,22.75,42.0,40.75,19.5,23.5,0.5,79.75,4.0,4.0,NA,1.0,4.0,3.0,NA,NA,NA,NA,NA,NA,NA,NA,NA
2026-03-18 18:00:00,57.5,129.0,23.0,42.5,41.75,21.0,23.25,0.75,63.0,3.25,3.25,NA,4.0,2.5,4.5,NA,NA,NA,NA,NA,NA,NA,NA,NA
2026-03-18 19:00:00,56.5,194.75,24.75,51.25,47.25,20.5,21.25,0.0,50.0,3.0,3.0,NA,4.75,2.0,5.0,NA,NA,NA,NA,NA,NA,NA,NA,NA
2026-03-18 20:00:00,35.0,49.75,24.25,41.75,42.0,18.0,27.75,0.75,30.75,3.0,3.0,NA,5.0,2.0,4.75,NA,NA,NA,NA,NA,NA,NA,NA,NA
2026-03-18 21:00:00,35.0,45.25,24.25,39.75,40.75,19.5,32.0,1.0,26.0,1.5,1.5,NA,3.5,2.75,2.0,NA,NA,NA,NA,NA,NA,NA,NA,NA
2026-03-18 22:00:00,40.25,49.75,24.5,39.25,41.0,20.25,31.5,1.0,26.0,1.0,1.0,NA,3.0,3.0,1.0,NA,NA,NA,NA,NA,NA,NA,NA,NA
2026-03-18 23:00:00,41.0,53.67,25.0,42.33,43.0,20.0,32.0,1.0,25.0,1.0,1.0,NA,3.0,3.0,1.0,NA,NA,NA,NA,NA,NA,NA,NA,NA
2026-03-19 00:00:00,36.5,69.5,31.5,63.0,59.0,23.5,25.25,0.25,26.0,3.0,3.0,NA,2.0,2.0,2.0,NA,NA,NA,NA,NA,NA,NA,NA,NA
2026-03-19 01:00:00,37.5,64.25,22.75,8.5,23.25,8.0,22.0,0.0,26.0,3.0,3.0,NA,2.0,2.0,2.0,NA,NA,NA,NA,NA,NA,NA,NA,NA
2026-03-19 02:00:00,35.5,61.25,24.5,25.75,33.75,14.0,22.75,0.0,25.75,3.0,3.0,NA,2.0,2.0,2.0,NA,NA,NA,NA,NA,NA,NA,NA,NA
2026-03-19 03:00:00,45.25,83.5,31.25,57.25,56.5,21.5,23.0,0.0,26.0,3.0,3.0,NA,2.0,2.0,2.0,NA,NA,NA,NA,NA,NA,NA,NA,NA
2026-03-19 04:00:00,43.75,86.5,25.75,27.5,35.5,13.25,22.75,0.0,27.0,3.0,3.0,NA,2.0,2.0,2.0,NA,NA,NA,NA,NA,NA,NA,NA,NA
2026-03-19 05:00:00,38.75,69.5,29.0,52.25,51.5,20.25,23.0,0.75,26.25,3.0,3.0,NA,2.0,2.0,2.0,NA,NA,NA,NA,NA,NA,NA,NA,NA
2026-03-19 06:00:00,52.25,88.5,33.0,64.75,61.5,17.75,23.75,1.0,26.5,3.0,3.0,NA,2.0,2.0,2.0,NA,NA,NA,NA,NA,NA,NA,NA,NA
2026-03-19 07:00:00,61.5,101.25,25.5,25.25,34.5,10.75,24.0,1.0,27.0,3.0,3.0,NA,2.0,2.0,2.0,NA,NA,NA,NA,NA,NA,NA,NA,NA
2026-03-19 08:00:00,81.5,124.75,29.25,55.25,53.5,20.5,30.75,1.0,27.0,5.0,5.0,NA,3.0,4.5,2.0,NA,NA,NA,NA,NA,NA,NA,NA,NA
2026-03-19 09:00:00,75.5,120.5,27.5,50.67,38.75,12.5,36.0,1.0,26.5,5.0,5.0,NA,3.0,4.5,2.0,NA,NA,NA,NA,NA,NA,NA,NA,NA
2026-03-19 10:00:00,57.0,99.0,22.0,21.33,25.25,12.5,37.0,1.0,27.0,5.0,5.0,NA,3.0,4.25,2.0,NA,NA,NA,NA,NA,NA,NA,NA,NA
2026-03-19 11:00:00,64.75,106.0,23.75,30.5,35.25,18.0,36.5,1.0,27.25,5.0,5.0,NA,3.0,4.75,2.25,NA,NA,NA,NA,NA,NA,NA,NA,NA
2026-03-19 12:00:00,66.5,97.5,25.0,40.5,42.0,17.5,34.75,0.75,27.25,5.0,5.0,NA,3.0,4.5,2.0,NA,NA,NA,NA,NA,NA,NA,NA,NA
2026-03-19 13:00:00,87.0,121.0,23.25,34.5,37.75,17.25,32.5,0.25,27.25,4.0,4.0,NA,1.0,3.75,3.0,NA,NA,NA,NA,NA,NA,NA,NA,NA
2026-03-19 14:00:00,60.0,82.25,21.0,22.75,29.0,16.75,31.75,0.0,25.5,4.0,4.0,NA,1.0,4.0,3.0,NA,NA,NA,NA,NA,NA,NA,NA,NA
2026-03-19 15:00:00,45.75,72.0,21.5,34.25,35.75,16.25,31.5,0.0,26.0,4.0,4.0,NA,1.0,4.0,3.0,NA,NA,NA,NA,NA,NA,NA,NA,NA
2026-03-19 16:00:00,34.25,64.0,23.25,44.5,42.5,18.75,26.0,0.0,26.0,4.0,4.0,NA,1.0,4.0,3.0,NA,NA,NA,NA,NA,NA,NA,NA,NA
2026-03-19 17:00:00,45.75,72.5,22.5,37.75,38.5,19.5,23.0,0.25,26.25,4.0,4.0,NA,1.0,4.0,3.0,NA,NA,NA,NA,NA,NA,NA,NA,NA
2026-03-19 18:00:00,54.0,72.0,27.5,56.5,52.25,20.5,22.75,0.0,25.5,3.25,3.25,NA,4.0,2.5,4.5,NA,NA,NA,NA,NA,NA,NA,NA,NA
2026-03-19 19:00:00,48.75,66.5,26.0,37.25,41.25,17.5,23.0,0.0,25.0,3.0,3.0,NA,5.0,2.0,5.0,NA,NA,NA,NA,NA,NA,NA,NA,NA
2026-03-19 20:00:00,43.75,62.25,25.25,36.0,39.75,17.25,34.5,0.0,25.5,3.0,3.0,NA,4.75,2.0,4.5,NA,NA,NA,NA,NA,NA,NA,NA,NA
2026-03-19 21:00:00,27.5,37.75,23.5,29.75,35.25,15.75,40.0,0.0,25.0,1.5,1.5,NA,3.5,2.75,1.75,NA,NA,NA,NA,NA,NA,NA,NA,NA
2026-03-19 22:00:00,16.0,23.25,23.25,30.25,35.25,15.25,40.0,0.0,25.0,1.0,1.0,NA,3.0,3.0,1.0,NA,NA,NA,NA,NA,NA,NA,NA,NA
2026-03-19 23:00:00,22.33,29.67,24.0,38.33,40.33,17.67,40.0,0.0,25.0,1.0,1.0,NA,3.0,3.0,1.0,NA,NA,NA,NA,NA,NA,NA,NA,NA
2026-03-20 00:00:00,21.75,37.75,26.0,48.25,47.0,20.25,32.75,0.75,25.25,3.0,3.0,NA,2.0,2.0,2.0,NA,NA,NA,NA,NA,NA,NA,NA,NA
2026-03-20 01:00:00,23.25,57.0,32.0,70.75,64.25,22.0,29.0,1.0,26.0,3.0,3.0,NA,2.0,2.0,2.0,NA,NA,NA,NA,NA,NA,NA,NA,NA
2026-03-20 02:00:00,21.0,52.25,32.25,52.75,54.5,18.25,30.0,0.75,25.75,3.0,3.0,NA,2.0,2.0,2.0,NA,NA,NA,NA,NA,NA,NA,NA,NA
2026-03-20 03:00:00,23.5,47.5,30.0,39.25,45.5,11.0,30.25,0.25,26.0,3.0,3.0,NA,2.0,2.0,2.0,NA,NA,NA,NA,NA,NA,NA,NA,NA
2026-03-20 04:00:00,28.0,50.0,29.25,33.75,42.0,13.75,29.75,0.0,26.0,3.0,3.0,NA,2.0,2.0,2.0,NA,NA,NA,NA,NA,NA,NA,NA,NA
2026-03-20 05:00:00,40.0,61.25,29.25,34.0,42.25,13.0,29.75,0.0,25.75,3.0,3.0,NA,2.0,2.0,2.0,NA,NA,NA,NA,NA,NA,NA,NA,NA
2026-03-20 06:00:00,67.5,93.5,29.25,34.25,42.0,12.75,29.75,0.0,25.5,3.0,3.0,NA,2.0,2.0,2.0,NA,NA,NA,NA,NA,NA,NA,NA,NA
2026-03-20 07:00:00,46.0,63.5,29.25,37.5,43.75,12.75,30.0,0.0,25.25,3.0,3.0,NA,2.0,2.0,2.0,NA,NA,NA,NA,NA,NA,NA,NA,NA
2026-03-20 08:00:00,36.25,48.75,28.5,29.5,39.0,10.5,23.0,0.0,25.5,5.0,5.0,NA,3.0,4.25,2.0,NA,NA,NA,NA,NA,NA,NA,NA,NA
2026-03-20 09:00:00,37.5,47.0,29.75,35.75,43.25,16.0,19.0,0.0,25.5,5.0,5.0,NA,3.0,4.25,2.25,NA,NA,NA,NA,NA,NA,NA,NA,NA
2026-03-20 10:00:00,38.5,46.25,30.0,40.0,46.0,13.5,19.5,0.25,25.5,5.0,5.0,NA,3.0,4.25,2.25,NA,NA,NA,NA,NA,NA,NA,NA,NA
2026-03-20 11:00:00,41.0,49.0,29.0,36.0,43.0,13.0,19.25,0.0,25.5,5.0,5.0,NA,3.0,4.5,2.0,NA,NA,NA,NA,NA,NA,NA,NA,NA
2026-03-20 12:00:00,39.25,47.5,23.0,11.33,22.5,9.0,12.5,0.0,25.0,5.0,5.0,NA,3.0,4.75,2.0,NA,NA,NA,NA,NA,NA,NA,NA,NA
2026-03-20 13:00:00,30.75,44.75,23.0,19.0,28.5,9.5,9.0,0.0,25.25,4.0,4.0,NA,1.0,4.0,3.0,NA,NA,NA,NA,NA,NA,NA,NA,NA
2026-03-20 14:00:00,29.25,45.5,26.0,38.25,42.0,16.5,9.0,0.0,25.75,4.0,4.0,NA,1.0,4.0,3.0,NA,NA,NA,NA,NA,NA,NA,NA,NA
2026-03-20 15:00:00,31.75,48.75,29.25,53.75,52.5,19.0,9.75,0.0,26.0,4.0,4.0,NA,1.0,4.0,3.0,NA,NA,NA,NA,NA,NA,NA,NA,NA
2026-03-20 16:00:00,33.25,47.5,28.75,40.75,44.5,13.25,18.0,0.0,25.75,4.0,4.0,NA,1.0,4.0,3.0,NA,NA,NA,NA,NA,NA,NA,NA,NA
2026-03-20 17:00:00,33.5,49.0,24.25,21.25,31.0,12.25,22.0,0.0,26.0,4.0,4.0,NA,1.0,3.75,3.0,NA,NA,NA,NA,NA,NA,NA,NA,NA
2026-03-20 18:00:00,37.75,54.5,26.25,35.5,40.25,15.5,21.0,0.5,26.0,3.25,3.25,NA,4.0,2.5,4.5,NA,NA,NA,NA,NA,NA,NA,NA,NA
2026-03-20 19:00:00,44.25,77.5,25.0,27.0,34.75,15.25,21.0,1.0,26.0,3.0,3.0,NA,4.75,2.0,5.0,NA,NA,NA,NA,NA,NA,NA,NA,NA
2026-03-20 20:00:00,51.5,91.25,27.25,48.25,48.0,21.0,21.25,0.75,26.0,3.0,3.0,NA,4.75,2.0,5.0,NA,NA,NA,NA,NA,NA,NA,NA,NA
2026-03-20 21:00:00,50.25,87.5,24.25,31.25,36.25,14.75,22.0,1.0,25.75,1.5,1.5,NA,3.5,2.75,2.0,NA,NA,NA,NA,NA,NA,NA,NA,NA
2026-03-20 22:00:00,39.75,77.5,29.5,59.0,55.25,22.0,22.0,1.0,25.75,1.0,1.0,NA,3.0,3.0,1.0,NA,NA,NA,NA,NA,NA,NA,NA,NA
2026-03-20 23:00:00,41.33,78.33,30.67,57.33,55.67,21.0,22.0,1.0,26.0,1.0,1.0,NA,3.0,3.0,1.0,NA,NA,NA,NA,NA,NA,NA,NA,NA
2026-03-21 00:00:00,44.0,77.5,31.75,61.5,59.0,18.5,23.25,1.0,25.25,3.0,3.0,NA,2.0,2.0,2.0,NA,NA,NA,NA,NA,NA,NA,NA,NA
2026-03-21 01:00:00,39.5,71.0,31.0,47.75,50.5,17.0,24.25,0.75,25.5,3.0,3.0,NA,2.0,2.0,2.0,NA,NA,NA,NA,NA,NA,NA,NA,NA
2026-03-21 02:00:00,41.25,63.5,29.25,43.25,47.25,16.5,24.5,0.0,25.5,3.0,3.0,NA,2.0,2.0,2.0,NA,NA,NA,NA,NA,NA,NA,NA,NA
2026-03-21 03:00:00,41.25,69.75,30.75,44.25,48.75,17.75,24.0,0.75,25.0,3.0,3.0,NA,2.0,2.0,2.0,NA,NA,NA,NA,NA,NA,NA,NA,NA
2026-03-21 04:00:00,40.0,81.0,31.0,50.5,52.25,14.5,30.75,1.0,25.25,3.0,3.0,NA,2.0,2.0,2.0,NA,NA,NA,NA,NA,NA,NA,NA,NA
2026-03-21 05:00:00,35.0,74.25,29.5,48.0,49.5,12.5,33.25,0.0,25.0,3.0,3.0,NA,2.0,2.0,2.0,NA,NA,NA,NA,NA,NA,NA,NA,NA
2026-03-21 06:00:00,39.75,64.5,29.25,42.25,46.25,15.25,33.75,0.0,25.75,3.0,3.0,NA,2.0,2.0,2.0,NA,NA,NA,NA,NA,NA,NA,NA,NA
2026-03-21 07:00:00,40.25,52.0,29.75,48.5,50.0,13.5,33.25,0.0,26.25,3.0,3.0,NA,2.0,2.0,2.0,NA,NA,NA,NA,NA,NA,NA,NA,NA
2026-03-21 08:00:00,57.75,81.25,30.0,46.25,49.25,13.25,32.75,1.0,27.25,5.0,5.0,NA,3.0,4.25,2.0,NA,NA,NA,NA,NA,NA,NA,NA,NA
2026-03-21 09:00:00,100.0,139.5,30.0,42.0,47.0,16.5,33.5,0.75,27.25,5.0,5.0,NA,3.0,4.5,2.25,NA,NA,NA,NA,NA,NA,NA,NA,NA
2026-03-21 10:00:00,87.25,116.5,32.0,52.25,54.0,18.0,36.0,0.0,27.0,5.0,5.0,NA,3.0,4.75,2.0,NA,NA,NA,NA,NA,NA,NA,NA,NA
2026-03-21 11:00:00,78.5,108.5,30.25,39.0,45.5,11.5,36.0,0.0,28.0,5.0,5.0,NA,3.0,4.5,2.0,NA,NA,NA,NA,NA,NA,NA,NA,NA
2026-03-21 12:00:00,63.75,91.5,28.25,33.25,40.75,10.0,35.5,0.0,NA,5.0,5.0,NA,3.0,4.25,2.0,NA,NA,NA,NA,NA,NA,NA,NA,NA
2026-03-21 13:00:00,52.75,78.25,29.25,38.5,44.5,13.5,24.0,0.0,29.0,4.0,4.0,NA,1.0,4.0,3.0,NA,NA,NA,NA,NA,NA,NA,NA,NA
2026-03-21 14:00:00,39.0,60.25,29.0,33.75,41.5,13.5,22.5,0.0,31.0,NA,NA,NA,NA,NA,NA,NA,NA,NA,NA,NA,NA,NA,NA,NA
2026-03-21 15:00:00,29.25,45.25,31.0,44.0,49.0,16.0,21.25,0.0,32.0,NA,NA,NA,NA,NA,NA,NA,NA,NA,NA,NA,NA,NA,NA,NA
2026-03-21 16:00:00,29.0,46.0,NA,NA,NA,NA,21.25,0.0,33.5,4.0,4.0,NA,1.0,4.0,3.0,NA,NA,NA,NA,NA,NA,NA,NA,NA
2026-03-21 17:00:00,29.0,48.75,31.0,42.0,48.0,13.5,20.0,0.0,34.0,4.0,4.0,NA,1.0,4.0,3.0,NA,NA,NA,NA,NA,NA,NA,NA,NA
2026-03-21 18:00:00,27.5,47.0,30.75,37.0,44.5,11.25,19.0,0.0,32.0,3.25,3.25,NA,3.5,2.5,4.0,NA,NA,NA,NA,NA,NA,NA,NA,NA
2026-03-21 19:00:00,30.75,51.5,32.0,38.75,46.75,13.0,18.5,0.0,31.5,3.0,3.0,NA,5.0,2.0,5.0,NA,NA,NA,NA,NA,NA,NA,NA,NA
2026-03-21 20:00:00,42.33,70.33,32.0,40.75,47.75,14.0,19.5,0.67,31.75,3.0,3.0,NA,5.0,2.0,4.67,NA,NA,NA,NA,NA,NA,NA,NA,NA
2026-03-21 21:00:00,62.25,108.25,31.5,32.75,43.25,13.25,19.75,1.75,32.0,1.5,1.5,NA,3.25,2.75,1.75,NA,NA,NA,NA,NA,NA,NA,NA,NA
2026-03-21 22:00:00,72.5,118.75,33.5,46.25,52.25,14.5,20.0,2.0,31.25,1.0,1.0,NA,3.0,3.0,1.0,NA,NA,NA,NA,NA,NA,NA,NA,NA
2026-03-21 23:00:00,72.67,113.33,33.33,54.0,56.0,15.0,20.0,2.0,31.0,1.0,1.0,NA,3.0,3.0,1.0,NA,NA,NA,NA,NA,NA,NA,NA,NA
2026-03-22 00:00:00,66.25,98.0,32.5,41.0,48.5,15.0,26.25,0.5,31.0,3.0,3.0,NA,2.0,2.0,2.0,NA,NA,NA,NA,NA,NA,NA,NA,NA
2026-03-22 01:00:00,59.25,85.75,31.5,34.5,44.0,12.25,30.0,0.0,31.0,3.0,3.0,NA,2.0,2.0,2.0,NA,NA,NA,NA,NA,NA,NA,NA,NA
2026-03-22 02:00:00,62.5,87.0,31.25,32.5,42.75,10.25,30.0,0.0,30.0,3.0,3.0,NA,2.0,2.0,2.0,NA,NA,NA,NA,NA,NA,NA,NA,NA
2026-03-22 03:00:00,53.25,72.5,31.5,39.0,46.5,11.75,30.0,0.0,30.0,3.0,3.0,NA,2.0,2.0,2.0,NA,NA,NA,NA,NA,NA,NA,NA,NA
2026-03-22 04:00:00,47.5,63.5,31.5,35.5,44.75,13.0,20.0,0.0,30.0,3.0,3.0,NA,2.0,2.0,2.0,NA,NA,NA,NA,NA,NA,NA,NA,NA
2026-03-22 05:00:00,59.25,83.0,31.5,36.75,45.25,11.25,15.0,0.0,30.0,3.0,3.0,NA,2.0,2.0,2.0,NA,NA,NA,NA,NA,NA,NA,NA,NA
2026-03-22 06:00:00,60.0,86.0,30.5,30.25,40.75,12.0,15.0,0.5,30.0,3.0,3.0,NA,2.0,2.0,2.0,NA,NA,NA,NA,NA,NA,NA,NA,NA
2026-03-22 07:00:00,64.75,89.25,31.5,41.5,47.75,12.25,15.0,0.75,30.0,3.0,3.0,NA,2.0,2.0,2.0,NA,NA,NA,NA,NA,NA,NA,NA,NA
2026-03-22 08:00:00,79.5,105.25,32.5,46.25,51.25,12.5,21.0,0.0,30.25,5.0,5.0,NA,3.0,4.5,2.25,NA,NA,NA,NA,NA,NA,NA,NA,NA
2026-03-22 09:00:00,84.25,116.75,31.75,40.5,47.25,14.0,25.25,0.0,31.5,5.0,5.0,NA,3.0,4.5,2.0,NA,NA,NA,NA,NA,NA,NA,NA,NA
2026-03-22 10:00:00,57.25,83.25,31.0,33.0,43.25,11.5,26.0,0.0,37.25,5.0,5.0,NA,3.0,4.5,2.25,NA,NA,NA,NA,NA,NA,NA,NA,NA
2026-03-22 11:00:00,48.75,77.25,30.25,26.5,39.0,10.5,25.25,0.0,47.5,5.0,5.0,NA,3.0,4.75,2.0,NA,NA,NA,NA,NA,NA,NA,NA,NA
2026-03-22 12:00:00,32.75,55.25,31.25,34.75,44.25,9.5,22.0,0.0,58.75,5.0,5.0,NA,3.0,5.0,2.0,NA,NA,NA,NA,NA,NA,NA,NA,NA
2026-03-22 13:00:00,31.5,58.0,31.25,34.5,44.0,11.25,20.25,0.0,66.0,4.0,3.75,NA,1.0,3.75,3.0,NA,NA,NA,NA,NA,NA,NA,NA,NA
2026-03-22 14:00:00,27.5,51.0,23.25,9.33,18.75,3.75,20.0,0.0,61.0,4.0,4.0,NA,1.0,4.0,3.0,NA,NA,NA,NA,NA,NA,NA,NA,NA
2026-03-22 15:00:00,25.75,49.0,25.25,21.75,32.0,10.0,19.0,0.0,57.5,4.0,4.0,NA,1.0,4.0,3.0,NA,NA,NA,NA,NA,NA,NA,NA,NA
2026-03-22 16:00:00,23.25,43.5,28.5,47.25,48.25,16.0,20.75,0.0,57.0,4.0,4.0,NA,1.0,4.0,3.25,NA,NA,NA,NA,NA,NA,NA,NA,NA
2026-03-22 17:00:00,25.0,45.75,28.0,31.25,39.25,12.25,20.0,0.0,55.75,4.0,4.0,NA,1.0,4.0,3.5,NA,NA,NA,NA,NA,NA,NA,NA,NA
2026-03-22 18:00:00,25.0,46.5,26.25,23.0,34.0,13.5,20.5,0.0,42.75,3.25,3.25,NA,3.75,2.5,4.75,NA,NA,NA,NA,NA,NA,NA,NA,NA
2026-03-22 19:00:00,32.75,61.25,28.0,37.75,43.0,15.25,20.0,0.5,33.5,3.0,3.0,NA,4.75,2.0,4.75,NA,NA,NA,NA,NA,NA,NA,NA,NA
2026-03-22 20:00:00,46.5,87.75,28.0,39.0,43.25,15.75,17.25,1.0,32.0,3.0,3.0,NA,5.0,2.0,4.5,NA,NA,NA,NA,NA,NA,NA,NA,NA
2026-03-22 21:00:00,56.25,101.0,26.25,29.0,36.75,14.5,15.75,1.0,31.75,1.5,1.5,NA,3.25,2.75,2.0,NA,NA,NA,NA,NA,NA,NA,NA,NA
2026-03-22 22:00:00,72.5,125.25,28.75,41.0,45.0,17.25,16.0,2.0,31.0,1.0,1.0,NA,3.0,3.0,1.0,NA,NA,NA,NA,NA,NA,NA,NA,NA
2026-03-22 23:00:00,76.67,137.33,34.0,64.33,62.0,21.67,16.0,1.67,31.0,1.0,1.0,NA,3.0,3.0,1.0,NA,NA,NA,NA,NA,NA,NA,NA,NA
2026-03-23 00:00:00,56.75,93.75,37.0,68.25,66.5,16.25,12.25,0.0,30.5,3.0,3.0,NA,2.0,2.0,2.0,NA,NA,NA,NA,NA,NA,NA,NA,NA
2026-03-23 01:00:00,48.25,71.75,36.25,48.5,55.25,12.75,10.0,0.0,32.25,3.0,3.0,NA,2.0,2.0,2.0,NA,NA,NA,NA,NA,NA,NA,NA,NA
2026-03-23 02:00:00,51.25,73.5,36.75,44.75,53.75,9.25,9.5,0.0,30.75,3.0,3.0,NA,2.0,2.0,2.0,NA,NA,NA,NA,NA,NA,NA,NA,NA
2026-03-23 03:00:00,57.0,84.25,35.25,34.5,47.25,10.25,9.75,0.0,30.25,3.0,3.0,NA,2.0,2.0,2.0,NA,NA,NA,NA,NA,NA,NA,NA,NA
2026-03-23 04:00:00,54.5,77.0,36.25,41.75,52.0,8.5,11.5,0.0,33.25,3.0,3.0,NA,2.0,2.0,2.0,NA,NA,NA,NA,NA,NA,NA,NA,NA
2026-03-23 05:00:00,42.5,58.5,35.75,39.5,50.25,9.0,11.5,0.0,33.25,3.0,3.0,NA,2.0,2.0,2.0,NA,NA,NA,NA,NA,NA,NA,NA,NA
2026-03-23 06:00:00,33.5,40.5,34.5,33.5,45.5,10.25,11.5,0.0,31.75,3.0,3.0,NA,2.0,2.0,2.0,NA,NA,NA,NA,NA,NA,NA,NA,NA
2026-03-23 07:00:00,33.75,44.5,27.25,8.25,25.25,1.0,12.0,0.0,30.5,3.0,3.0,NA,2.0,2.0,2.0,NA,NA,NA,NA,NA,NA,NA,NA,NA
2026-03-23 08:00:00,29.75,39.0,28.75,20.75,32.25,10.0,14.0,0.5,30.0,5.0,5.0,NA,3.0,4.5,2.0,NA,NA,NA,NA,NA,NA,NA,NA,NA
2026-03-23 09:00:00,32.0,41.5,25.25,13.5,27.5,8.75,15.25,1.0,29.25,5.0,5.0,NA,3.0,4.25,2.25,NA,NA,NA,NA,NA,NA,NA,NA,NA
2026-03-23 10:00:00,31.25,43.0,27.0,33.5,40.0,15.5,16.0,0.5,30.0,5.0,5.0,NA,3.0,4.0,2.0,NA,NA,NA,NA,NA,NA,NA,NA,NA
2026-03-23 11:00:00,30.75,52.0,26.5,26.25,35.25,13.0,16.0,1.0,30.0,5.0,5.0,NA,3.0,4.25,2.0,NA,NA,NA,NA,NA,NA,NA,NA,NA
2026-03-23 12:00:00,32.75,65.25,27.75,41.75,45.0,14.75,21.0,0.5,31.25,5.0,5.0,NA,3.0,4.5,2.0,NA,NA,NA,NA,NA,NA,NA,NA,NA
2026-03-23 13:00:00,36.0,65.0,26.5,33.5,39.25,14.5,23.5,0.0,36.5,4.0,4.0,NA,1.0,4.0,3.0,NA,NA,NA,NA,NA,NA,NA,NA,NA
2026-03-23 14:00:00,38.0,67.25,27.25,38.25,42.75,13.75,24.0,0.0,47.5,4.0,4.0,NA,1.0,4.0,3.0,NA,NA,NA,NA,NA,NA,NA,NA,NA
2026-03-23 15:00:00,36.0,62.75,26.0,31.25,37.5,14.0,24.0,0.0,57.75,4.0,4.0,NA,1.0,4.0,3.0,NA,NA,NA,NA,NA,NA,NA,NA,NA
2026-03-23 16:00:00,37.75,66.75,22.25,16.0,26.5,13.25,16.5,0.5,63.75,4.0,4.0,NA,1.0,4.0,3.25,NA,NA,NA,NA,NA,NA,NA,NA,NA
2026-03-23 17:00:00,44.75,83.5,25.75,39.0,41.75,18.5,13.0,1.0,59.75,4.0,4.0,NA,1.0,4.0,3.0,NA,NA,NA,NA,NA,NA,NA,NA,NA
2026-03-23 18:00:00,47.5,91.75,26.25,36.75,41.0,18.5,12.5,1.25,39.5,3.25,3.25,NA,3.75,2.5,4.5,NA,NA,NA,NA,NA,NA,NA,NA,NA
2026-03-23 19:00:00,55.25,134.0,26.0,35.25,40.0,19.0,12.75,1.25,31.25,3.0,3.0,NA,4.75,2.0,4.5,NA,NA,NA,NA,NA,NA,NA,NA,NA
2026-03-23 20:00:00,56.25,126.75,27.75,40.25,44.25,21.75,18.5,1.75,32.0,3.0,3.0,NA,4.5,2.0,4.5,NA,NA,NA,NA,NA,NA,NA,NA,NA
2026-03-23 21:00:00,73.0,162.0,30.25,44.0,48.25,24.5,22.5,2.75,32.25,1.5,1.5,NA,3.5,2.75,2.0,NA,NA,NA,NA,NA,NA,NA,NA,NA
2026-03-23 22:00:00,105.5,209.5,30.5,53.25,53.25,22.75,23.0,3.0,32.75,1.0,1.0,NA,3.0,3.0,1.0,NA,NA,NA,NA,NA,NA,NA,NA,NA
2026-03-23 23:00:00,107.0,192.33,30.0,61.33,57.0,22.67,22.33,2.5,32.67,1.0,1.0,NA,3.0,3.0,1.0,NA,NA,NA,NA,NA,NA,NA,NA,NA
2026-03-24 00:00:00,101.5,172.5,31.25,59.0,57.25,26.5,21.0,2.0,32.0,3.0,3.0,NA,2.0,2.0,2.0,NA,NA,NA,NA,NA,NA,NA,NA,NA
2026-03-24 01:00:00,98.5,185.0,38.0,97.75,83.5,29.75,19.75,1.5,32.0,3.0,3.0,NA,2.0,2.0,2.0,NA,NA,NA,NA,NA,NA,NA,NA,NA
2026-03-24 02:00:00,95.5,180.5,38.75,85.0,76.75,25.75,19.5,1.0,31.75,3.0,3.0,NA,2.0,2.0,2.0,NA,NA,NA,NA,NA,NA,NA,NA,NA
2026-03-24 03:00:00,89.5,150.0,36.0,64.0,63.75,19.25,19.5,1.0,31.0,3.0,3.0,NA,2.0,2.0,2.0,NA,NA,NA,NA,NA,NA,NA,NA,NA
2026-03-24 04:00:00,87.75,133.0,33.5,46.0,50.75,14.25,18.0,1.0,31.0,3.0,3.0,NA,2.0,2.0,2.0,NA,NA,NA,NA,NA,NA,NA,NA,NA
2026-03-24 05:00:00,78.75,112.75,32.25,51.5,53.0,17.5,18.0,1.0,30.75,3.0,3.0,NA,2.0,2.0,2.0,NA,NA,NA,NA,NA,NA,NA,NA,NA
2026-03-24 06:00:00,69.25,97.25,33.5,50.5,54.25,17.75,17.75,0.75,30.0,3.0,3.0,NA,2.0,2.0,2.0,NA,NA,NA,NA,NA,NA,NA,NA,NA
2026-03-24 07:00:00,69.5,99.5,33.0,53.0,55.25,14.75,18.0,0.25,31.0,3.0,3.0,NA,2.0,2.0,2.0,NA,NA,NA,NA,NA,NA,NA,NA,NA
2026-03-24 08:00:00,69.5,92.5,27.0,17.25,30.0,8.5,22.75,0.0,30.25,5.0,5.0,NA,3.0,4.0,2.25,NA,NA,NA,NA,NA,NA,NA,NA,NA
2026-03-24 09:00:00,62.0,85.5,24.5,19.75,30.25,9.75,26.0,0.0,30.25,5.0,5.0,NA,3.0,4.0,2.25,NA,NA,NA,NA,NA,NA,NA,NA,NA
2026-03-24 10:00:00,58.25,83.0,32.5,60.25,58.75,22.25,28.0,0.0,30.5,5.0,5.0,NA,3.0,4.75,2.0,NA,NA,NA,NA,NA,NA,NA,NA,NA
2026-03-24 11:00:00,49.5,72.5,28.5,30.0,39.25,8.0,27.0,0.0,30.5,5.0,5.0,NA,3.0,4.5,2.0,NA,NA,NA,NA,NA,NA,NA,NA,NA
2026-03-24 12:00:00,41.5,62.5,29.75,38.25,43.0,11.75,24.5,0.0,30.5,5.0,5.0,NA,3.0,4.25,2.0,NA,NA,NA,NA,NA,NA,NA,NA,NA
2026-03-24 13:00:00,42.0,64.25,24.75,17.25,28.75,10.75,22.5,0.0,30.25,4.0,4.0,NA,1.0,4.0,3.0,NA,NA,NA,NA,NA,NA,NA,NA,NA
2026-03-24 14:00:00,35.5,54.25,30.5,60.5,57.25,18.25,22.0,0.0,30.0,4.0,4.0,NA,1.0,4.0,3.0,NA,NA,NA,NA,NA,NA,NA,NA,NA
2026-03-24 15:00:00,31.25,48.75,26.25,25.25,35.0,12.5,21.0,0.0,30.25,4.0,4.0,NA,1.0,4.0,3.0,NA,NA,NA,NA,NA,NA,NA,NA,NA
2026-03-24 16:00:00,32.75,51.25,28.75,43.0,46.5,13.25,25.25,0.0,30.0,4.0,4.0,NA,1.0,4.0,3.25,NA,NA,NA,NA,NA,NA,NA,NA,NA
2026-03-24 17:00:00,30.75,49.25,25.0,24.5,33.5,12.75,26.75,0.0,30.5,3.75,4.0,NA,1.0,4.0,3.0,NA,NA,NA,NA,NA,NA,NA,NA,NA
2026-03-24 18:00:00,32.0,54.75,24.25,26.0,33.75,14.75,25.5,0.0,30.75,3.25,3.25,NA,4.0,2.5,4.5,NA,NA,NA,NA,NA,NA,NA,NA,NA
2026-03-24 19:00:00,37.25,59.25,26.5,42.5,44.0,17.75,25.0,0.75,31.0,3.0,3.0,NA,5.0,2.0,4.75,NA,NA,NA,NA,NA,NA,NA,NA,NA
2026-03-24 20:00:00,48.75,81.0,26.75,35.25,40.75,18.25,15.0,1.0,31.0,3.0,3.0,NA,5.0,2.0,5.0,NA,NA,NA,NA,NA,NA,NA,NA,NA
2026-03-24 21:00:00,62.25,108.0,27.0,39.5,42.75,17.5,9.0,1.25,31.0,1.5,1.5,NA,3.25,2.75,1.75,NA,NA,NA,NA,NA,NA,NA,NA,NA
2026-03-24 22:00:00,67.25,113.25,29.0,50.5,50.5,19.5,9.0,1.0,31.0,1.0,1.0,NA,3.0,3.0,1.0,NA,NA,NA,NA,NA,NA,NA,NA,NA
2026-03-24 23:00:00,68.67,112.0,24.67,27.0,34.67,14.0,8.0,1.0,31.0,1.0,1.0,NA,3.0,3.0,1.0,NA,NA,NA,NA,NA,NA,NA,NA,NA
2026-03-25 00:00:00,64.75,110.0,25.0,35.5,39.75,16.0,12.25,1.0,30.0,3.0,3.0,NA,2.0,2.0,2.0,NA,NA,NA,NA,NA,NA,NA,NA,NA
2026-03-25 01:00:00,66.0,113.0,26.75,42.25,44.5,19.0,14.25,1.0,30.5,3.0,3.0,NA,2.0,2.0,2.0,NA,NA,NA,NA,NA,NA,NA,NA,NA
2026-03-25 02:00:00,63.0,101.0,34.75,71.75,67.0,23.75,13.25,1.0,30.0,3.0,3.0,NA,2.0,2.0,2.0,NA,NA,NA,NA,NA,NA,NA,NA,NA
2026-03-25 03:00:00,65.0,105.5,25.75,22.5,32.75,10.5,13.75,0.25,30.0,3.0,3.0,NA,2.0,2.0,2.0,NA,NA,NA,NA,NA,NA,NA,NA,NA
2026-03-25 04:00:00,65.25,104.5,32.75,68.75,63.5,24.0,16.75,0.75,29.5,3.0,3.0,NA,2.0,2.0,2.0,NA,NA,NA,NA,NA,NA,NA,NA,NA
2026-03-25 05:00:00,84.0,114.5,26.75,28.25,35.25,10.0,18.25,0.0,30.5,3.0,3.0,NA,2.0,2.0,2.0,NA,NA,NA,NA,NA,NA,NA,NA,NA
2026-03-25 06:00:00,106.75,142.0,33.5,56.5,57.5,17.5,18.0,0.0,30.25,3.0,3.0,NA,2.0,2.0,2.0,NA,NA,NA,NA,NA,NA,NA,NA,NA
2026-03-25 07:00:00,101.0,143.75,28.75,34.5,42.25,10.0,19.5,0.5,30.0,3.0,3.0,NA,2.0,2.0,2.0,NA,NA,NA,NA,NA,NA,NA,NA,NA
2026-03-25 08:00:00,112.75,168.5,26.0,17.5,30.25,9.75,20.25,0.75,31.0,5.0,5.0,NA,3.0,4.25,2.25,NA,NA,NA,NA,NA,NA,NA,NA,NA
2026-03-25 09:00:00,89.5,141.25,26.0,29.75,37.25,13.25,21.25,0.0,38.75,5.0,5.0,NA,3.0,4.5,2.25,NA,NA,NA,NA,NA,NA,NA,NA,NA
2026-03-25 10:00:00,64.67,105.67,26.0,34.25,39.25,14.5,22.0,0.0,50.5,5.0,5.0,NA,3.0,4.5,2.25,NA,NA,NA,NA,NA,NA,NA,NA,NA
2026-03-25 11:00:00,NA,NA,25.25,27.5,35.0,12.25,20.25,0.0,61.0,5.0,5.0,NA,3.0,4.25,2.0,NA,NA,NA,NA,NA,NA,NA,NA,NA
2026-03-25 12:00:00,NA,NA,26.25,37.75,41.75,14.75,19.5,0.0,74.75,5.0,5.0,NA,3.0,4.0,2.25,NA,NA,NA,NA,NA,NA,NA,NA,NA
2026-03-25 13:00:00,147.5,105.33,21.0,14.5,24.5,13.0,18.5,0.0,78.75,4.0,4.0,NA,1.0,4.0,3.0,NA,NA,NA,NA,NA,NA,NA,NA,NA
2026-03-25 14:00:00,163.5,272.0,22.25,28.5,33.25,15.75,18.0,0.0,84.0,4.0,4.0,NA,1.0,4.0,3.0,NA,NA,NA,NA,NA,NA,NA,NA,NA
2026-03-25 15:00:00,138.5,253.0,22.5,31.5,35.25,17.25,16.25,0.0,92.0,4.0,4.0,NA,1.0,4.0,3.0,NA,NA,NA,NA,NA,NA,NA,NA,NA
2026-03-25 16:00:00,168.0,187.0,22.75,33.25,36.5,18.5,15.25,0.0,84.75,4.0,4.0,NA,1.0,4.0,3.25,NA,NA,NA,NA,NA,NA,NA,NA,NA
2026-03-25 17:00:00,12.0,NA,21.75,28.75,33.25,16.75,14.5,0.0,80.0,4.0,4.0,NA,1.0,4.0,3.0,NA,NA,NA,NA,NA,NA,NA,NA,NA
2026-03-25 18:00:00,321.0,336.0,21.75,30.75,34.25,18.25,14.5,0.25,65.0,3.25,3.25,NA,3.75,2.5,4.25,NA,NA,NA,NA,NA,NA,NA,NA,NA
2026-03-25 19:00:00,157.5,290.0,22.75,38.0,38.75,18.5,14.25,1.0,39.25,3.0,3.0,NA,5.0,2.0,5.0,NA,NA,NA,NA,NA,NA,NA,NA,NA
2026-03-25 20:00:00,725.5,692.67,26.25,48.75,47.5,24.25,12.5,1.5,32.5,3.0,3.0,NA,5.0,2.0,4.75,NA,NA,NA,NA,NA,NA,NA,NA,NA
2026-03-25 21:00:00,603.5,700.75,29.75,48.5,50.0,25.25,12.0,2.0,32.0,1.5,1.5,NA,3.5,2.75,2.0,NA,NA,NA,NA,NA,NA,NA,NA,NA
2026-03-25 22:00:00,550.0,630.0,27.25,37.25,42.25,19.75,11.5,2.0,32.0,1.0,1.0,NA,3.0,3.0,1.0,NA,NA,NA,NA,NA,NA,NA,NA,NA
2026-03-25 23:00:00,796.0,882.0,26.0,35.0,39.67,18.0,12.0,2.0,35.67,1.0,1.0,NA,3.0,3.0,1.0,NA,NA,NA,NA,NA,NA,NA,NA,NA
2026-03-26 00:00:00,741.33,798.33,29.75,58.0,55.0,19.0,12.75,1.0,31.75,3.0,3.0,NA,2.0,2.0,2.0,NA,NA,NA,NA,NA,NA,NA,NA,NA
2026-03-26 01:00:00,634.5,653.0,23.5,20.5,30.0,10.0,13.5,0.0,31.0,3.0,3.0,NA,2.0,2.0,2.0,NA,NA,NA,NA,NA,NA,NA,NA,NA
2026-03-26 02:00:00,593.0,607.33,21.5,19.5,28.25,16.0,14.0,0.0,33.25,3.0,3.0,NA,2.0,2.0,2.0,NA,NA,NA,NA,NA,NA,NA,NA,NA
2026-03-26 03:00:00,897.5,926.0,23.0,32.0,35.75,18.5,13.0,0.0,33.0,3.0,3.0,NA,2.0,2.0,2.0,NA,NA,NA,NA,NA,NA,NA,NA,NA
2026-03-26 04:00:00,867.0,NA,22.0,30.25,34.0,18.0,18.0,0.5,31.5,3.0,3.0,NA,2.0,2.0,2.0,NA,NA,NA,NA,NA,NA,NA,NA,NA
2026-03-26 05:00:00,833.0,847.5,26.25,53.0,50.0,23.5,20.0,1.0,31.0,3.0,3.0,NA,2.0,2.0,2.0,NA,NA,NA,NA,NA,NA,NA,NA,NA
2026-03-26 06:00:00,687.5,734.0,37.0,88.5,77.25,26.25,20.5,1.75,31.0,3.0,3.0,NA,2.0,2.0,2.0,NA,NA,NA,NA,NA,NA,NA,NA,NA
2026-03-26 07:00:00,775.25,888.75,38.25,78.0,72.75,20.75,21.0,2.0,31.5,3.0,3.0,NA,2.0,2.0,2.0,NA,NA,NA,NA,NA,NA,NA,NA,NA
2026-03-26 08:00:00,674.0,765.5,27.5,28.5,37.0,10.5,13.5,0.75,32.75,5.0,5.0,NA,3.0,4.25,2.0,NA,NA,NA,NA,NA,NA,NA,NA,NA
2026-03-26 09:00:00,389.0,427.0,25.75,20.0,31.5,12.0,9.5,0.0,45.75,5.0,5.0,NA,3.0,4.75,2.25,NA,NA,NA,NA,NA,NA,NA,NA,NA
2026-03-26 10:00:00,NA,NA,24.75,26.0,34.0,11.5,9.0,0.0,84.25,5.0,5.0,NA,3.0,4.5,2.25,NA,NA,NA,NA,NA,NA,NA,NA,NA
2026-03-26 11:00:00,17.0,23.0,26.0,36.75,41.0,15.5,9.75,0.0,124.5,5.0,5.0,NA,3.0,5.0,2.0,NA,NA,NA,NA,NA,NA,NA,NA,NA
2026-03-26 12:00:00,NA,NA,24.25,22.5,31.5,12.5,8.25,0.0,140.5,5.0,5.0,NA,3.0,4.5,2.25,NA,NA,NA,NA,NA,NA,NA,NA,NA
2026-03-26 13:00:00,15.0,27.75,23.25,25.0,32.5,12.75,6.75,0.0,133.75,4.0,4.0,NA,1.0,4.0,3.0,NA,NA,NA,NA,NA,NA,NA,NA,NA
2026-03-26 14:00:00,37.5,83.0,23.5,32.5,36.75,15.25,5.75,0.0,121.25,4.0,4.0,NA,1.0,4.0,3.0,NA,NA,NA,NA,NA,NA,NA,NA,NA
2026-03-26 15:00:00,38.5,82.25,24.0,39.0,40.75,16.5,5.25,0.0,103.5,4.0,4.0,NA,1.0,4.0,3.0,NA,NA,NA,NA,NA,NA,NA,NA,NA
2026-03-26 16:00:00,39.25,83.0,23.0,33.75,37.0,15.0,16.75,0.0,92.0,4.0,4.0,NA,1.0,4.0,3.0,NA,NA,NA,NA,NA,NA,NA,NA,NA
2026-03-26 17:00:00,38.5,90.0,22.75,29.0,34.25,16.5,22.75,0.0,80.0,4.0,4.0,NA,1.0,4.0,3.0,NA,NA,NA,NA,NA,NA,NA,NA,NA
2026-03-26 18:00:00,45.75,111.0,23.25,33.0,36.5,17.5,22.25,0.25,71.75,3.25,3.25,NA,4.0,2.5,4.5,NA,NA,NA,NA,NA,NA,NA,NA,NA
2026-03-26 19:00:00,56.0,136.5,23.75,36.75,39.0,18.75,21.75,1.0,48.0,3.0,3.0,NA,5.0,2.0,4.75,NA,NA,NA,NA,NA,NA,NA,NA,NA
2026-03-26 20:00:00,72.0,188.0,24.5,34.75,38.25,18.0,26.5,1.0,36.75,3.0,3.0,NA,5.0,2.0,4.75,NA,NA,NA,NA,NA,NA,NA,NA,NA
2026-03-26 21:00:00,75.0,181.75,24.5,36.75,39.5,16.5,29.5,0.75,44.5,1.5,1.5,NA,3.5,2.75,2.0,NA,NA,NA,NA,NA,NA,NA,NA,NA
2026-03-26 22:00:00,52.75,171.75,23.75,29.25,35.0,15.75,28.5,0.0,58.25,1.0,1.0,NA,3.0,3.0,1.0,NA,NA,NA,NA,NA,NA,NA,NA,NA
2026-03-26 23:00:00,29.67,92.33,24.67,33.67,38.33,18.0,27.67,0.33,46.0,1.0,1.0,NA,3.0,3.0,1.0,NA,NA,NA,NA,NA,NA,NA,NA,NA
2026-03-27 00:00:00,32.75,115.25,24.75,37.5,40.5,19.0,19.0,0.75,30.25,3.0,3.0,NA,2.0,2.0,2.0,NA,NA,NA,NA,NA,NA,NA,NA,NA
2026-03-27 01:00:00,42.0,156.5,25.25,38.0,40.75,18.25,15.5,0.25,30.5,3.0,3.0,NA,2.0,2.0,2.0,NA,NA,NA,NA,NA,NA,NA,NA,NA
2026-03-27 02:00:00,51.5,143.25,23.25,29.5,34.75,16.75,16.0,0.0,37.0,3.0,3.0,NA,2.0,2.0,2.0,NA,NA,NA,NA,NA,NA,NA,NA,NA
2026-03-27 03:00:00,52.25,96.5,23.5,29.75,35.0,17.75,15.5,0.0,39.75,3.0,3.0,NA,2.0,2.0,2.0,NA,NA,NA,NA,NA,NA,NA,NA,NA
2026-03-27 04:00:00,59.5,97.5,24.0,35.25,38.25,15.25,12.5,0.0,38.25,3.0,3.0,NA,2.0,2.0,2.0,NA,NA,NA,NA,NA,NA,NA,NA,NA
2026-03-27 05:00:00,60.0,100.25,23.75,32.25,36.5,17.75,12.0,0.0,36.75,3.0,3.0,NA,2.0,2.0,2.0,NA,NA,NA,NA,NA,NA,NA,NA,NA
2026-03-27 06:00:00,83.75,130.75,24.75,38.25,40.25,17.5,11.5,0.0,36.75,3.0,3.0,NA,2.0,2.0,2.0,NA,NA,NA,NA,NA,NA,NA,NA,NA
2026-03-27 07:00:00,73.25,126.25,21.0,18.0,27.0,14.75,10.5,0.0,37.5,3.0,3.0,NA,2.0,2.0,2.0,NA,NA,NA,NA,NA,NA,NA,NA,NA
2026-03-27 08:00:00,62.25,142.25,23.25,33.25,36.75,18.75,18.25,0.25,37.25,5.0,5.0,NA,3.0,4.75,2.25,NA,NA,NA,NA,NA,NA,NA,NA,NA
2026-03-27 09:00:00,57.0,127.0,25.0,41.0,42.25,20.25,22.0,0.0,42.75,5.0,5.0,NA,3.0,4.5,2.0,NA,NA,NA,NA,NA,NA,NA,NA,NA
2026-03-27 10:00:00,52.0,118.75,24.75,39.25,41.0,17.75,21.75,0.25,45.75,5.0,5.0,NA,3.0,4.25,2.0,NA,NA,NA,NA,NA,NA,NA,NA,NA
2026-03-27 11:00:00,60.0,122.0,24.5,37.75,40.25,19.5,20.75,1.0,36.5,5.0,5.0,NA,3.0,4.5,2.25,NA,NA,NA,NA,NA,NA,NA,NA,NA
2026-03-27 12:00:00,69.25,150.25,23.5,33.5,36.75,17.5,26.25,1.0,34.75,5.0,5.0,NA,3.0,4.5,2.0,NA,NA,NA,NA,NA,NA,NA,NA,NA
2026-03-27 13:00:00,52.5,123.75,23.25,37.75,38.75,16.5,30.0,0.0,53.0,4.0,4.0,NA,1.0,4.0,3.0,NA,NA,NA,NA,NA,NA,NA,NA,NA
2026-03-27 14:00:00,28.0,78.5,24.0,40.0,40.75,18.5,30.25,0.0,62.0,4.0,4.0,NA,1.0,4.0,3.25,NA,NA,NA,NA,NA,NA,NA,NA,NA
2026-03-27 15:00:00,30.0,82.75,23.25,37.75,39.25,17.0,30.75,0.0,71.25,4.0,4.0,NA,1.0,4.0,3.0,NA,NA,NA,NA,NA,NA,NA,NA,NA
2026-03-27 16:00:00,24.25,63.5,24.25,37.5,39.75,18.75,35.75,0.0,66.5,4.0,4.0,NA,1.0,4.0,3.25,NA,NA,NA,NA,NA,NA,NA,NA,NA
2026-03-27 17:00:00,23.5,62.0,27.25,52.25,49.5,21.0,38.0,0.0,62.75,4.0,4.0,NA,1.0,4.0,3.0,NA,NA,NA,NA,NA,NA,NA,NA,NA
2026-03-27 18:00:00,24.75,70.0,25.0,36.5,40.0,18.5,38.0,0.0,57.0,3.25,3.25,NA,4.0,2.5,4.5,NA,NA,NA,NA,NA,NA,NA,NA,NA
2026-03-27 19:00:00,32.75,89.5,25.5,36.5,40.0,16.0,38.5,0.25,45.5,3.0,3.0,NA,5.0,2.0,4.75,NA,NA,NA,NA,NA,NA,NA,NA,NA
2026-03-27 20:00:00,43.25,108.5,26.25,40.5,43.0,17.25,25.75,1.0,37.75,3.0,3.0,NA,5.0,2.0,4.25,NA,NA,NA,NA,NA,NA,NA,NA,NA
2026-03-27 21:00:00,53.5,122.5,25.5,34.0,39.0,17.0,19.0,1.0,36.25,1.5,1.5,NA,3.25,2.75,1.75,NA,NA,NA,NA,NA,NA,NA,NA,NA
2026-03-27 22:00:00,58.75,133.0,25.5,35.5,39.75,17.25,19.0,1.0,35.25,1.0,1.0,NA,3.0,3.0,1.0,NA,NA,NA,NA,NA,NA,NA,NA,NA
2026-03-27 23:00:00,56.0,126.67,25.0,32.0,37.33,15.0,18.67,1.0,36.0,1.0,1.0,NA,3.0,3.0,1.0,NA,NA,NA,NA,NA,NA,NA,NA,NA
2026-03-28 00:00:00,51.25,122.0,25.0,33.0,37.75,14.75,15.25,0.75,31.0,3.0,3.0,NA,2.0,2.0,2.0,NA,NA,NA,NA,NA,NA,NA,NA,NA
2026-03-28 01:00:00,52.0,137.5,26.5,39.25,42.25,19.0,14.25,1.0,29.75,3.0,3.0,NA,2.0,2.0,2.0,NA,NA,NA,NA,NA,NA,NA,NA,NA
2026-03-28 02:00:00,50.75,141.75,26.25,37.0,41.0,17.75,14.25,1.0,29.5,3.0,3.0,NA,2.0,2.0,2.0,NA,NA,NA,NA,NA,NA,NA,NA,NA
2026-03-28 03:00:00,59.5,131.75,25.0,33.75,38.25,15.0,14.0,1.0,29.75,3.0,3.0,NA,2.0,2.0,2.0,NA,NA,NA,NA,NA,NA,NA,NA,NA
2026-03-28 04:00:00,76.75,148.25,25.5,36.5,40.25,16.0,14.0,0.0,30.0,3.0,3.0,NA,2.0,2.0,2.0,NA,NA,NA,NA,NA,NA,NA,NA,NA
2026-03-28 05:00:00,116.0,188.0,26.0,42.0,43.5,17.0,14.25,1.0,29.75,3.0,3.0,NA,2.0,2.0,2.0,NA,NA,NA,NA,NA,NA,NA,NA,NA
2026-03-28 06:00:00,209.25,290.0,26.75,43.0,44.5,18.75,14.25,1.0,29.5,3.0,3.0,NA,2.0,2.0,2.0,NA,NA,NA,NA,NA,NA,NA,NA,NA
2026-03-28 07:00:00,206.25,300.75,36.75,87.5,76.5,26.25,16.75,1.0,30.0,3.0,3.0,NA,2.0,2.0,2.0,NA,NA,NA,NA,NA,NA,NA,NA,NA
2026-03-28 08:00:00,203.0,297.75,30.0,40.25,43.25,11.0,21.75,0.25,30.75,5.0,5.0,NA,3.0,4.75,2.0,NA,NA,NA,NA,NA,NA,NA,NA,NA
2026-03-28 09:00:00,119.0,172.75,24.25,22.0,30.0,11.75,23.25,0.0,36.0,5.0,5.0,NA,3.0,4.75,2.0,NA,NA,NA,NA,NA,NA,NA,NA,NA
2026-03-28 10:00:00,66.25,104.75,24.75,30.25,36.5,12.5,22.25,0.0,49.5,5.0,5.0,NA,3.0,4.5,2.0,NA,NA,NA,NA,NA,NA,NA,NA,NA
2026-03-28 11:00:00,42.75,77.75,25.5,35.75,40.0,14.25,21.25,0.0,60.5,5.0,5.0,NA,3.0,4.5,2.0,NA,NA,NA,NA,NA,NA,NA,NA,NA
2026-03-28 12:00:00,37.75,77.0,26.25,34.25,39.75,16.0,20.0,0.0,75.25,5.0,5.0,NA,3.0,4.25,2.0,NA,NA,NA,NA,NA,NA,NA,NA,NA
2026-03-28 13:00:00,34.5,76.5,25.5,34.0,39.0,13.25,18.25,0.0,81.75,4.0,4.0,NA,1.0,4.0,3.0,NA,NA,NA,NA,NA,NA,NA,NA,NA
2026-03-28 14:00:00,32.5,77.0,25.75,37.0,41.0,17.25,18.25,0.0,96.25,4.0,4.0,NA,1.0,4.0,3.0,NA,NA,NA,NA,NA,NA,NA,NA,NA
2026-03-28 15:00:00,36.5,91.0,25.75,36.5,40.75,14.25,18.25,0.0,98.25,4.0,4.0,NA,1.0,4.0,3.0,NA,NA,NA,NA,NA,NA,NA,NA,NA
2026-03-28 16:00:00,32.5,83.5,26.0,40.75,43.0,16.25,23.25,0.0,80.75,4.0,3.75,NA,1.0,4.0,3.0,NA,NA,NA,NA,NA,NA,NA,NA,NA
2026-03-28 17:00:00,24.5,67.0,26.0,38.5,42.25,14.25,26.0,0.0,73.25,4.0,4.0,NA,1.0,4.0,3.0,NA,NA,NA,NA,NA,NA,NA,NA,NA
2026-03-28 18:00:00,25.5,70.25,26.0,34.75,39.5,17.0,25.75,0.0,60.5,3.25,3.25,NA,3.5,2.5,4.5,NA,NA,NA,NA,NA,NA,NA,NA,NA
2026-03-28 19:00:00,32.0,89.0,26.25,35.0,40.25,17.25,26.0,1.0,35.0,3.0,3.0,NA,4.5,2.0,4.75,NA,NA,NA,NA,NA,NA,NA,NA,NA
2026-03-28 20:00:00,47.25,140.75,29.0,41.5,46.0,21.5,16.75,1.75,31.0,3.0,3.0,NA,4.5,2.0,5.0,NA,NA,NA,NA,NA,NA,NA,NA,NA
2026-03-28 21:00:00,77.5,236.0,29.25,39.25,45.25,19.25,12.25,2.5,31.5,1.5,1.5,NA,3.5,2.75,2.0,NA,NA,NA,NA,NA,NA,NA,NA,NA
2026-03-28 22:00:00,100.75,276.5,28.0,37.5,42.5,19.25,13.75,3.0,30.75,1.0,1.0,NA,3.0,3.0,1.0,NA,NA,NA,NA,NA,NA,NA,NA,NA
2026-03-28 23:00:00,110.67,296.0,28.33,44.33,47.0,21.67,12.67,3.67,31.0,1.0,1.0,NA,3.0,3.0,1.0,NA,NA,NA,NA,NA,NA,NA,NA,NA
2026-03-29 00:00:00,131.0,343.0,30.0,57.67,55.0,29.33,18.75,2.0,32.0,3.0,3.0,NA,2.0,2.0,2.0,NA,NA,NA,NA,NA,NA,NA,NA,NA
2026-03-29 01:00:00,125.25,315.75,29.75,68.5,60.75,28.75,21.5,2.0,32.0,3.0,3.0,NA,2.0,2.0,2.0,NA,NA,NA,NA,NA,NA,NA,NA,NA
2026-03-29 02:00:00,121.5,313.5,28.0,68.5,59.5,24.75,20.75,0.75,31.0,3.0,3.0,NA,2.0,2.0,2.0,NA,NA,NA,NA,NA,NA,NA,NA,NA
2026-03-29 03:00:00,119.0,269.5,26.5,61.25,54.0,22.0,19.75,0.0,31.5,3.0,3.0,NA,2.0,2.0,2.0,NA,NA,NA,NA,NA,NA,NA,NA,NA
2026-03-29 04:00:00,133.5,274.75,26.25,52.5,49.0,25.0,22.25,1.0,31.5,3.0,3.0,NA,2.0,2.0,2.0,NA,NA,NA,NA,NA,NA,NA,NA,NA
2026-03-29 05:00:00,160.75,301.75,26.0,48.5,46.75,24.75,24.0,1.0,32.0,3.0,3.0,NA,2.0,2.0,2.0,NA,NA,NA,NA,NA,NA,NA,NA,NA
2026-03-29 06:00:00,145.75,264.75,30.0,69.0,61.25,24.0,23.25,1.0,31.75,3.0,3.0,NA,2.0,2.0,2.0,NA,NA,NA,NA,NA,NA,NA,NA,NA
2026-03-29 07:00:00,130.5,227.75,28.0,51.25,50.25,19.75,24.0,0.0,31.5,3.0,3.0,NA,2.0,2.0,2.0,NA,NA,NA,NA,NA,NA,NA,NA,NA
2026-03-29 08:00:00,136.25,230.0,26.75,40.5,43.5,14.25,25.5,1.0,31.0,5.0,5.0,NA,3.0,4.25,2.5,NA,NA,NA,NA,NA,NA,NA,NA,NA
2026-03-29 09:00:00,124.25,216.75,26.25,34.5,39.75,12.75,26.5,0.5,31.0,5.0,5.0,NA,3.0,4.75,2.25,NA,NA,NA,NA,NA,NA,NA,NA,NA
2026-03-29 10:00:00,93.75,185.5,25.0,26.75,34.75,14.25,27.0,0.0,35.0,5.0,5.0,NA,3.0,4.25,2.0,NA,NA,NA,NA,NA,NA,NA,NA,NA
2026-03-29 11:00:00,63.75,159.5,27.5,42.75,45.25,17.75,26.5,0.0,43.75,5.0,5.0,NA,3.0,4.25,2.5,NA,NA,NA,NA,NA,NA,NA,NA,NA
2026-03-29 12:00:00,54.0,125.25,26.5,38.0,42.0,13.5,25.75,0.0,56.5,5.0,5.0,NA,3.0,4.25,2.25,NA,NA,NA,NA,NA,NA,NA,NA,NA
2026-03-29 13:00:00,47.0,123.5,26.25,36.75,41.25,15.75,25.0,0.0,62.75,4.0,4.0,NA,1.0,4.0,3.0,NA,NA,NA,NA,NA,NA,NA,NA,NA
2026-03-29 14:00:00,39.75,142.0,26.5,38.75,42.0,14.5,25.0,0.0,59.25,4.0,4.0,NA,1.0,4.0,3.0,NA,NA,NA,NA,NA,NA,NA,NA,NA
2026-03-29 15:00:00,36.67,159.0,26.33,40.67,43.33,14.33,24.75,0.0,57.67,4.0,4.0,NA,1.0,4.0,3.0,NA,NA,NA,NA,NA,NA,NA,NA,NA
2026-03-29 16:00:00,32.0,128.5,24.5,31.5,37.25,15.5,21.5,0.0,55.25,4.0,4.0,NA,1.0,4.0,3.0,NA,NA,NA,NA,NA,NA,NA,NA,NA
2026-03-29 17:00:00,33.0,121.5,26.0,40.75,42.75,16.0,20.25,0.0,52.0,3.75,4.0,NA,1.0,4.0,3.0,NA,NA,NA,NA,NA,NA,NA,NA,NA
2026-03-29 18:00:00,47.0,167.75,25.5,38.5,41.25,13.25,21.25,0.0,69.25,3.25,3.25,NA,3.75,2.5,4.25,NA,NA,NA,NA,NA,NA,NA,NA,NA
2026-03-29 19:00:00,63.5,165.5,25.5,34.25,38.75,16.25,22.0,0.75,65.0,3.0,3.0,NA,4.5,2.0,5.0,NA,NA,NA,NA,NA,NA,NA,NA,NA
2026-03-29 20:00:00,81.0,183.25,25.5,33.75,39.25,16.0,28.25,1.0,49.25,3.0,3.0,NA,5.0,2.0,4.75,NA,NA,NA,NA,NA,NA,NA,NA,NA
2026-03-29 21:00:00,84.0,177.0,26.5,38.5,42.25,16.75,32.0,1.0,40.75,1.5,1.5,NA,3.5,2.75,2.0,NA,NA,NA,NA,NA,NA,NA,NA,NA
2026-03-29 22:00:00,69.5,144.5,23.5,26.0,33.25,13.0,31.0,1.0,34.5,1.0,1.0,NA,3.0,3.0,1.0,NA,NA,NA,NA,NA,NA,NA,NA,NA
2026-03-29 23:00:00,60.33,131.0,23.67,27.33,34.33,16.0,30.33,1.0,30.0,1.0,1.0,NA,3.0,3.0,1.0,NA,NA,NA,NA,NA,NA,NA,NA,NA
2026-03-30 00:00:00,66.5,158.25,26.0,40.0,42.5,21.0,34.25,1.0,30.0,3.0,3.0,NA,2.0,2.0,2.0,NA,NA,NA,NA,NA,NA,NA,NA,NA
2026-03-30 01:00:00,68.5,191.75,27.75,49.5,49.5,20.0,35.75,1.0,30.75,3.0,3.0,NA,2.0,2.0,2.0,NA,NA,NA,NA,NA,NA,NA,NA,NA
2026-03-30 02:00:00,70.67,166.67,27.0,39.0,43.0,19.33,35.33,1.0,31.0,3.0,3.0,NA,2.0,2.0,2.0,NA,NA,NA,NA,NA,NA,NA,NA,NA
2026-03-30 03:00:00,77.0,173.0,27.75,42.25,44.75,19.0,35.25,1.0,31.0,3.0,3.0,NA,2.0,2.0,2.0,NA,NA,NA,NA,NA,NA,NA,NA,NA
2026-03-30 04:00:00,83.0,178.0,28.25,42.25,45.5,20.0,24.25,1.0,31.25,3.0,3.0,NA,2.0,2.0,2.0,NA,NA,NA,NA,NA,NA,NA,NA,NA
2026-03-30 05:00:00,85.5,184.5,28.0,44.25,46.25,18.75,18.0,1.0,31.0,3.0,3.0,NA,2.0,2.0,2.0,NA,NA,NA,NA,NA,NA,NA,NA,NA
2026-03-30 06:00:00,93.75,191.75,31.0,60.75,57.5,23.25,18.75,1.75,31.25,3.0,3.0,NA,2.0,2.0,2.0,NA,NA,NA,NA,NA,NA,NA,NA,NA
2026-03-30 07:00:00,101.25,196.25,32.0,72.25,65.0,21.25,19.0,1.0,31.0,3.0,3.0,NA,2.0,2.0,2.0,NA,NA,NA,NA,NA,NA,NA,NA,NA
2026-03-30 08:00:00,101.25,201.0,26.0,32.25,38.25,13.5,23.25,0.75,30.0,5.0,5.0,NA,3.0,4.0,2.75,NA,NA,NA,NA,NA,NA,NA,NA,NA
2026-03-30 09:00:00,70.5,170.5,28.0,47.0,47.75,17.75,26.0,0.0,30.25,5.0,5.0,NA,3.0,4.5,2.0,NA,NA,NA,NA,NA,NA,NA,NA,NA
2026-03-30 10:00:00,49.25,186.25,22.5,17.5,27.75,11.25,24.75,0.0,30.25,5.0,5.0,NA,3.0,5.0,2.5,NA,NA,NA,NA,NA,NA,NA,NA,NA
2026-03-30 11:00:00,43.25,187.25,26.75,42.25,44.5,17.25,25.0,0.0,40.75,5.0,5.0,NA,3.0,4.75,2.0,NA,NA,NA,NA,NA,NA,NA,NA,NA
2026-03-30 12:00:00,35.75,168.0,26.75,37.5,42.0,18.0,23.5,0.0,62.25,5.0,5.0,NA,3.0,4.0,2.5,NA,NA,NA,NA,NA,NA,NA,NA,NA
2026-03-30 13:00:00,28.75,164.75,25.75,34.75,40.0,14.5,22.5,0.0,74.0,4.0,4.0,NA,1.0,4.0,3.0,NA,NA,NA,NA,NA,NA,NA,NA,NA
2026-03-30 14:00:00,29.5,190.5,25.75,32.25,38.25,14.5,21.25,0.0,74.75,4.0,4.0,NA,1.0,4.0,3.25,NA,NA,NA,NA,NA,NA,NA,NA,NA
2026-03-30 15:00:00,29.0,158.0,25.33,28.0,35.33,11.67,21.0,0.0,65.33,4.0,4.0,NA,1.0,4.0,3.0,NA,NA,NA,NA,NA,NA,NA,NA,NA
2026-03-30 16:00:00,28.0,174.75,22.0,19.25,28.25,10.0,23.25,0.0,65.5,4.0,4.0,NA,1.0,4.0,3.0,NA,NA,NA,NA,NA,NA,NA,NA,NA
2026-03-30 17:00:00,31.0,150.0,31.5,67.0,61.25,20.75,23.75,0.75,41.25,4.0,4.0,NA,1.0,4.0,3.0,NA,NA,NA,NA,NA,NA,NA,NA,NA
2026-03-30 18:00:00,27.5,112.25,25.0,21.5,32.25,11.25,23.0,1.0,40.5,3.25,3.25,NA,4.0,2.5,4.25,NA,NA,NA,NA,NA,NA,NA,NA,NA
2026-03-30 19:00:00,37.25,181.25,27.5,36.5,42.25,19.75,23.25,2.0,40.0,3.0,3.0,NA,4.5,2.0,4.5,NA,NA,NA,NA,NA,NA,NA,NA,NA
2026-03-30 20:00:00,56.0,197.25,30.5,55.0,54.0,21.0,20.75,1.75,40.75,3.0,3.0,NA,4.75,2.0,4.75,NA,NA,NA,NA,NA,NA,NA,NA,NA
2026-03-30 21:00:00,59.5,181.75,27.75,45.5,46.75,19.0,19.0,1.25,40.0,1.5,1.5,NA,3.5,2.75,2.0,NA,NA,NA,NA,NA,NA,NA,NA,NA
2026-03-30 22:00:00,51.5,175.25,27.5,43.0,45.5,18.5,18.75,1.0,40.0,1.0,1.0,NA,3.0,3.0,1.0,NA,NA,NA,NA,NA,NA,NA,NA,NA
2026-03-30 23:00:00,57.67,191.0,27.67,44.33,46.33,18.0,18.0,1.0,40.67,1.0,1.0,NA,3.0,3.0,1.0,NA,NA,NA,NA,NA,NA,NA,NA,NA
2026-03-31 00:00:00,67.75,230.75,31.0,64.25,59.5,22.5,16.25,1.75,40.5,3.0,3.0,NA,2.0,2.0,2.0,NA,NA,NA,NA,NA,NA,NA,NA,NA
2026-03-31 01:00:00,69.5,239.5,29.0,59.25,55.5,22.0,15.25,1.5,39.75,3.0,3.0,NA,2.0,2.0,2.0,NA,NA,NA,NA,NA,NA,NA,NA,NA
2026-03-31 02:00:00,72.0,189.0,26.5,49.75,48.25,17.0,14.75,0.25,40.25,3.0,3.0,NA,2.0,2.0,2.0,NA,NA,NA,NA,NA,NA,NA,NA,NA
2026-03-31 03:00:00,88.5,192.5,29.25,56.5,54.0,23.0,15.0,0.0,40.75,3.0,3.0,NA,2.0,2.0,2.0,NA,NA,NA,NA,NA,NA,NA,NA,NA
2026-03-31 04:00:00,99.0,202.0,29.0,53.75,52.5,20.25,22.75,1.0,40.5,3.0,3.0,NA,2.0,2.0,2.0,NA,NA,NA,NA,NA,NA,NA,NA,NA
2026-03-31 05:00:00,107.25,205.25,29.5,57.5,55.0,20.25,26.0,1.0,40.75,3.0,3.0,NA,2.0,2.0,2.0,NA,NA,NA,NA,NA,NA,NA,NA,NA
2026-03-31 06:00:00,113.5,207.75,31.0,65.75,60.5,20.75,26.0,1.0,40.0,3.0,3.0,NA,2.0,2.0,2.0,NA,NA,NA,NA,NA,NA,NA,NA,NA
2026-03-31 07:00:00,138.75,258.5,29.75,57.0,55.0,21.5,27.0,1.0,39.25,3.0,3.0,NA,2.0,2.0,2.0,NA,NA,NA,NA,NA,NA,NA,NA,NA
2026-03-31 08:00:00,84.5,177.0,27.5,44.75,46.25,16.25,23.5,0.0,39.5,5.0,5.0,NA,3.0,4.25,2.25,NA,NA,NA,NA,NA,NA,NA,NA,NA
2026-03-31 09:00:00,46.25,133.25,27.25,42.0,44.75,17.0,23.25,0.0,41.0,5.0,5.0,NA,3.0,4.25,2.0,NA,NA,NA,NA,NA,NA,NA,NA,NA
2026-03-31 10:00:00,44.0,139.0,25.0,30.67,36.67,12.67,24.0,0.0,41.33,5.0,5.0,NA,3.0,4.0,2.0,NA,NA,NA,NA,NA,NA,NA,NA,NA
2026-03-31 11:00:00,40.0,112.75,27.25,47.25,47.5,18.75,21.75,0.0,59.5,NA,NA,NA,NA,NA,NA,NA,NA,NA,NA,NA,NA,NA,NA,NA
2026-03-31 12:00:00,32.75,106.5,30.25,54.5,53.5,18.0,21.0,0.0,39.0,5.0,5.0,NA,3.0,4.33,2.0,NA,NA,NA,NA,NA,NA,NA,NA,NA
2026-03-31 13:00:00,34.75,113.5,30.25,42.25,47.25,15.5,20.0,0.0,53.25,4.0,4.0,NA,1.0,4.0,3.0,NA,NA,NA,NA,NA,NA,NA,NA,NA
2026-03-31 14:00:00,30.25,114.25,29.25,42.25,46.5,14.25,NA,0.0,67.75,4.0,3.75,NA,1.0,3.5,3.0,NA,NA,NA,NA,NA,NA,NA,NA,NA
2026-03-31 15:00:00,29.5,114.5,27.25,27.0,37.0,12.25,NA,0.75,52.5,4.0,4.0,NA,1.0,4.0,3.0,NA,NA,NA,NA,NA,NA,NA,NA,NA
2026-03-31 16:00:00,23.75,103.0,27.0,31.0,39.0,10.0,21.75,0.0,56.75,4.0,4.0,NA,1.0,4.0,3.0,NA,NA,NA,NA,NA,NA,NA,NA,NA
2026-03-31 17:00:00,22.75,68.25,30.0,42.0,46.5,17.5,23.5,1.0,46.25,4.0,4.0,NA,1.0,4.0,3.25,NA,NA,NA,NA,NA,NA,NA,NA,NA
2026-03-31 18:00:00,17.25,52.0,31.25,47.75,51.25,18.75,23.75,1.0,43.5,3.25,3.25,NA,4.0,2.5,4.5,NA,NA,NA,NA,NA,NA,NA,NA,NA
2026-03-31 19:00:00,19.0,38.5,30.0,33.75,42.5,13.5,24.5,1.0,43.0,3.0,3.0,NA,5.0,2.0,4.5,NA,NA,NA,NA,NA,NA,NA,NA,NA
2026-03-31 20:00:00,31.25,61.0,31.25,47.0,50.5,15.5,25.0,0.75,23.25,3.0,3.0,NA,4.5,2.0,4.5,NA,NA,NA,NA,NA,NA,NA,NA,NA
2026-03-31 21:00:00,39.5,59.0,29.75,37.25,44.25,14.0,25.75,1.0,17.25,1.5,1.5,NA,3.25,2.75,2.0,NA,NA,NA,NA,NA,NA,NA,NA,NA
2026-03-31 22:00:00,40.25,55.75,30.0,40.25,46.25,15.5,26.0,0.5,17.0,1.0,1.0,NA,3.0,3.0,1.0,NA,NA,NA,NA,NA,NA,NA,NA,NA
2026-03-31 23:00:00,29.67,50.33,30.67,44.67,48.67,18.33,26.0,0.0,17.0,1.0,1.0,NA,3.0,3.0,1.0,NA,NA,NA,NA,NA,NA,NA,NA,NA
2026-04-01 00:00:00,29.75,53.0,27.75,26.5,36.5,10.75,27.0,0.0,17.0,3.0,3.0,NA,2.0,2.0,2.0,NA,NA,NA,NA,NA,NA,NA,NA,NA
2026-04-01 01:00:00,25.0,67.75,30.75,39.25,46.25,13.25,27.5,0.0,17.0,3.0,3.0,NA,2.0,2.0,2.0,NA,NA,NA,NA,NA,NA,NA,NA,NA
2026-04-01 02:00:00,27.0,74.25,33.0,54.5,56.0,16.75,27.75,0.0,17.0,3.0,3.0,NA,2.0,2.0,2.0,NA,NA,NA,NA,NA,NA,NA,NA,NA
2026-04-01 03:00:00,32.0,84.25,31.5,43.0,48.75,13.5,27.75,0.0,17.0,3.0,3.0,NA,2.0,2.0,2.0,NA,NA,NA,NA,NA,NA,NA,NA,NA
2026-04-01 04:00:00,36.5,129.5,31.75,40.5,47.25,13.25,30.75,0.0,17.0,3.0,3.0,NA,2.0,2.0,2.0,NA,NA,NA,NA,NA,NA,NA,NA,NA
2026-04-01 05:00:00,35.5,119.5,32.5,41.25,48.5,15.75,32.0,0.75,17.0,3.0,3.0,NA,2.0,2.0,2.0,NA,NA,NA,NA,NA,NA,NA,NA,NA
2026-04-01 06:00:00,45.25,175.5,33.75,50.5,54.75,16.25,32.5,1.0,17.75,3.0,3.0,NA,2.0,2.0,2.0,NA,NA,NA,NA,NA,NA,NA,NA,NA
2026-04-01 07:00:00,67.75,240.75,32.75,53.75,55.5,10.75,32.75,1.0,27.75,3.0,3.0,NA,2.0,2.0,2.0,NA,NA,NA,NA,NA,NA,NA,NA,NA
2026-04-01 08:00:00,71.75,188.25,21.5,3.25,19.25,6.25,18.25,1.0,37.75,5.0,5.0,NA,3.0,4.0,2.0,NA,NA,NA,NA,NA,NA,NA,NA,NA
2026-04-01 09:00:00,63.0,141.5,22.5,21.5,30.25,15.0,12.5,0.5,38.25,5.0,5.0,NA,3.0,4.0,2.0,NA,NA,NA,NA,NA,NA,NA,NA,NA
2026-04-01 10:00:00,59.0,134.25,23.75,30.25,35.75,19.25,17.75,0.0,38.5,5.0,5.0,NA,3.0,4.25,2.0,NA,NA,NA,NA,NA,NA,NA,NA,NA
2026-04-01 11:00:00,61.75,131.0,23.75,29.5,35.25,15.75,13.75,0.0,48.25,5.0,5.0,NA,3.0,4.25,2.0,NA,NA,NA,NA,NA,NA,NA,NA,NA
2026-04-01 12:00:00,57.75,114.75,24.25,36.0,39.0,20.0,18.25,0.0,68.25,5.0,5.0,NA,3.0,4.0,2.0,NA,NA,NA,NA,NA,NA,NA,NA,NA
2026-04-01 13:00:00,39.5,83.0,24.75,40.5,41.75,18.5,20.5,0.0,76.5,4.0,4.0,NA,1.0,4.0,3.0,NA,NA,NA,NA,NA,NA,NA,NA,NA
2026-04-01 14:00:00,23.0,53.25,24.0,35.25,38.75,16.5,19.75,0.0,83.5,4.0,4.0,NA,1.0,4.0,3.0,NA,NA,NA,NA,NA,NA,NA,NA,NA
2026-04-01 15:00:00,25.25,59.25,23.75,36.75,38.75,16.75,19.0,0.0,98.25,4.0,4.0,NA,1.0,4.0,3.0,NA,NA,NA,NA,NA,NA,NA,NA,NA
2026-04-01 16:00:00,25.5,66.75,23.75,38.5,39.75,16.75,20.25,0.0,124.0,4.0,4.0,NA,1.0,4.0,3.0,NA,NA,NA,NA,NA,NA,NA,NA,NA
2026-04-01 17:00:00,34.5,94.5,23.5,36.25,38.75,19.5,20.0,0.75,92.75,3.75,4.0,NA,1.0,4.0,3.0,NA,NA,NA,NA,NA,NA,NA,NA,NA
2026-04-01 18:00:00,37.5,108.25,24.0,35.25,38.25,19.75,19.75,1.0,77.5,3.25,3.25,NA,4.0,2.5,4.25,NA,NA,NA,NA,NA,NA,NA,NA,NA
2026-04-01 19:00:00,52.25,148.75,23.5,33.75,37.25,20.0,20.0,1.0,46.25,3.0,3.0,NA,5.0,2.0,5.0,NA,NA,NA,NA,NA,NA,NA,NA,NA
2026-04-01 20:00:00,78.75,195.75,25.75,42.5,44.0,21.25,21.5,1.0,42.75,3.0,3.0,NA,4.75,2.0,5.0,NA,NA,NA,NA,NA,NA,NA,NA,NA
2026-04-01 21:00:00,103.25,235.25,25.5,37.75,40.75,16.5,22.0,1.75,42.25,1.5,1.5,NA,3.25,2.75,2.0,NA,NA,NA,NA,NA,NA,NA,NA,NA
2026-04-01 22:00:00,143.0,303.0,27.25,41.0,44.0,19.75,22.25,2.0,41.25,1.0,1.0,NA,3.0,3.0,1.0,NA,NA,NA,NA,NA,NA,NA,NA,NA
2026-04-01 23:00:00,135.0,282.67,26.33,36.0,40.67,17.0,22.0,2.0,40.33,1.0,1.0,NA,3.0,3.0,1.0,NA,NA,NA,NA,NA,NA,NA,NA,NA
2026-04-02 00:00:00,117.0,238.25,27.0,43.0,45.0,18.5,16.75,1.0,40.25,3.0,3.0,NA,2.0,2.0,2.0,NA,NA,NA,NA,NA,NA,NA,NA,NA
2026-04-02 01:00:00,106.25,211.25,28.0,45.0,46.75,20.25,14.0,0.75,39.75,3.0,3.0,NA,2.0,2.0,2.0,NA,NA,NA,NA,NA,NA,NA,NA,NA
2026-04-02 02:00:00,92.25,179.5,25.75,31.0,37.75,15.5,14.0,0.0,39.0,3.0,3.0,NA,2.0,2.0,2.0,NA,NA,NA,NA,NA,NA,NA,NA,NA
2026-04-02 03:00:00,86.5,159.5,26.5,35.5,40.5,15.75,14.0,0.0,39.0,3.0,3.0,NA,2.0,2.0,2.0,NA,NA,NA,NA,NA,NA,NA,NA,NA
2026-04-02 04:00:00,88.25,158.5,25.75,31.75,38.0,16.0,15.5,1.0,38.25,3.0,3.0,NA,2.0,2.0,2.0,NA,NA,NA,NA,NA,NA,NA,NA,NA
2026-04-02 05:00:00,102.0,189.25,27.5,41.5,44.5,18.5,16.5,1.0,39.0,3.0,3.0,NA,2.0,2.0,2.0,NA,NA,NA,NA,NA,NA,NA,NA,NA
2026-04-02 06:00:00,127.25,239.0,29.75,53.75,53.0,19.25,17.25,2.0,40.0,3.0,3.0,NA,2.0,2.0,2.0,NA,NA,NA,NA,NA,NA,NA,NA,NA
2026-04-02 07:00:00,138.5,267.5,29.75,54.25,53.75,19.75,18.75,1.75,39.25,3.0,3.0,NA,2.0,2.0,2.0,NA,NA,NA,NA,NA,NA,NA,NA,NA
2026-04-02 08:00:00,147.75,322.0,26.25,40.5,43.25,16.5,19.75,1.0,39.25,5.0,5.0,NA,3.0,4.5,2.0,NA,NA,NA,NA,NA,NA,NA,NA,NA
2026-04-02 09:00:00,133.5,297.0,28.25,50.75,50.0,19.0,22.75,1.0,41.25,5.0,5.0,NA,3.0,4.5,2.5,NA,NA,NA,NA,NA,NA,NA,NA,NA
2026-04-02 10:00:00,101.5,209.75,27.5,44.25,45.75,18.5,22.0,0.25,52.0,5.0,5.0,NA,3.0,4.75,2.25,NA,NA,NA,NA,NA,NA,NA,NA,NA
2026-04-02 11:00:00,46.75,109.5,27.0,44.25,46.0,17.5,19.25,0.0,61.0,5.0,5.0,NA,3.0,4.0,2.0,NA,NA,NA,NA,NA,NA,NA,NA,NA
2026-04-02 12:00:00,34.75,96.5,26.75,38.5,42.5,17.75,26.5,0.0,94.5,5.0,5.0,NA,3.0,4.5,2.0,NA,NA,NA,NA,NA,NA,NA,NA,NA
2026-04-02 13:00:00,38.5,101.75,23.75,27.0,33.75,12.75,30.5,0.0,117.5,4.0,4.0,NA,1.0,4.0,3.0,NA,NA,NA,NA,NA,NA,NA,NA,NA
2026-04-02 14:00:00,42.5,102.75,24.5,33.25,37.75,16.5,30.75,0.0,130.75,4.0,4.0,NA,1.0,4.0,3.0,NA,NA,NA,NA,NA,NA,NA,NA,NA
2026-04-02 15:00:00,42.0,101.25,24.75,36.0,39.5,14.75,30.0,0.0,147.0,4.0,4.0,NA,1.0,4.0,3.0,NA,NA,NA,NA,NA,NA,NA,NA,NA
2026-04-02 16:00:00,40.75,102.75,25.25,41.25,42.5,17.25,19.25,0.5,144.25,4.0,4.0,NA,1.0,4.0,3.0,NA,NA,NA,NA,NA,NA,NA,NA,NA
2026-04-02 17:00:00,48.5,120.0,24.75,35.75,39.25,18.5,14.25,1.0,102.5,4.0,4.0,NA,1.0,4.0,3.25,NA,NA,NA,NA,NA,NA,NA,NA,NA
2026-04-02 18:00:00,54.5,150.75,27.25,43.5,46.0,20.75,14.75,1.75,45.75,3.25,3.25,NA,3.75,2.5,4.25,NA,NA,NA,NA,NA,NA,NA,NA,NA
2026-04-02 19:00:00,70.75,251.25,28.5,41.25,45.5,22.0,14.25,3.0,40.25,3.0,3.0,NA,5.0,2.0,5.0,NA,NA,NA,NA,NA,NA,NA,NA,NA
2026-04-02 20:00:00,85.5,258.25,27.75,45.0,46.75,20.0,24.0,2.0,40.0,3.0,3.0,NA,4.75,2.0,4.75,NA,NA,NA,NA,NA,NA,NA,NA,NA
2026-04-02 21:00:00,97.25,263.25,27.0,43.75,45.75,18.25,27.75,1.5,40.0,1.5,1.5,NA,3.5,2.75,2.0,NA,NA,NA,NA,NA,NA,NA,NA,NA
2026-04-02 22:00:00,109.75,270.75,29.5,45.75,48.5,22.5,28.5,2.25,40.0,1.0,1.0,NA,3.0,3.0,1.0,NA,NA,NA,NA,NA,NA,NA,NA,NA
2026-04-02 23:00:00,121.33,302.67,28.67,33.33,41.0,23.0,28.33,3.0,39.67,1.0,1.0,NA,3.0,3.0,1.0,NA,NA,NA,NA,NA,NA,NA,NA,NA
2026-04-03 00:00:00,135.0,353.0,29.5,38.75,44.75,25.5,22.75,2.25,40.75,3.0,3.0,NA,2.0,2.0,2.0,NA,NA,NA,NA,NA,NA,NA,NA,NA
2026-04-03 01:00:00,125.0,331.25,39.5,99.25,85.25,33.0,20.25,1.5,42.25,3.0,3.0,NA,2.0,2.0,2.0,NA,NA,NA,NA,NA,NA,NA,NA,NA
2026-04-03 02:00:00,118.25,293.0,35.0,63.0,62.25,17.75,20.0,0.75,42.0,3.0,3.0,NA,2.0,2.0,2.0,NA,NA,NA,NA,NA,NA,NA,NA,NA
2026-04-03 03:00:00,110.75,234.5,34.25,58.0,58.75,14.5,20.0,0.0,41.25,3.0,3.0,NA,2.0,2.0,2.0,NA,NA,NA,NA,NA,NA,NA,NA,NA
2026-04-03 04:00:00,106.0,218.25,30.5,38.0,45.25,13.5,15.75,0.75,39.75,3.0,3.0,NA,2.0,2.0,2.0,NA,NA,NA,NA,NA,NA,NA,NA,NA
2026-04-03 05:00:00,121.75,266.0,29.75,37.75,43.25,13.25,14.0,0.0,37.75,3.0,3.0,NA,2.0,2.0,2.0,NA,NA,NA,NA,NA,NA,NA,NA,NA
2026-04-03 06:00:00,114.5,779.0,24.25,20.0,25.25,9.25,13.5,0.0,36.25,3.0,3.0,NA,2.0,2.0,2.0,NA,NA,NA,NA,NA,NA,NA,NA,NA
2026-04-03 07:00:00,133.75,NA,23.5,17.5,28.5,9.0,13.0,0.0,36.75,3.0,3.0,NA,2.0,2.0,2.0,NA,NA,NA,NA,NA,NA,NA,NA,NA
2026-04-03 08:00:00,110.5,NA,25.25,33.0,38.25,14.75,8.75,0.0,36.5,5.0,5.0,NA,3.0,4.5,2.0,NA,NA,NA,NA,NA,NA,NA,NA,NA
2026-04-03 09:00:00,84.75,790.75,26.25,38.25,42.0,18.0,7.75,0.0,36.5,5.0,5.0,NA,3.0,4.25,2.0,NA,NA,NA,NA,NA,NA,NA,NA,NA
2026-04-03 10:00:00,60.0,509.75,24.5,27.0,34.5,12.75,8.5,0.0,37.0,5.0,5.0,NA,3.0,4.25,2.25,NA,NA,NA,NA,NA,NA,NA,NA,NA
2026-04-03 11:00:00,51.75,370.25,23.75,27.0,34.0,14.25,9.25,0.0,104.0,5.0,5.0,NA,3.0,4.25,2.0,NA,NA,NA,NA,NA,NA,NA,NA,NA
2026-04-03 12:00:00,45.0,286.0,24.25,32.5,37.25,15.25,21.5,0.0,42.0,5.0,5.0,NA,3.0,4.5,2.0,NA,NA,NA,NA,NA,NA,NA,NA,NA
2026-04-03 13:00:00,35.75,208.0,22.5,25.75,31.75,12.5,27.0,0.0,54.75,4.0,4.0,NA,1.0,4.0,3.0,NA,NA,NA,NA,NA,NA,NA,NA,NA
2026-04-03 14:00:00,33.5,174.25,24.5,38.5,40.5,16.0,26.75,0.0,66.25,4.0,4.0,NA,1.0,4.0,3.0,NA,NA,NA,NA,NA,NA,NA,NA,NA
2026-04-03 15:00:00,37.75,186.5,24.5,43.25,42.0,15.75,26.25,0.0,68.5,4.0,4.0,NA,1.0,4.0,3.25,NA,NA,NA,NA,NA,NA,NA,NA,NA
2026-04-03 16:00:00,37.25,176.25,19.5,24.5,27.75,15.25,23.25,0.0,69.75,4.0,4.0,NA,1.0,4.0,3.0,NA,NA,NA,NA,NA,NA,NA,NA,NA
2026-04-03 17:00:00,36.75,170.0,24.25,48.25,44.25,21.0,21.5,0.0,63.5,4.0,4.0,NA,1.0,4.0,3.0,NA,NA,NA,NA,NA,NA,NA,NA,NA
2026-04-03 18:00:00,39.0,166.0,24.0,46.0,43.25,18.75,21.0,0.5,48.5,3.25,3.25,NA,4.0,2.5,4.5,NA,NA,NA,NA,NA,NA,NA,NA,NA
2026-04-03 19:00:00,39.33,250.33,19.0,27.33,26.33,15.33,20.67,0.0,56.67,3.0,3.0,NA,4.67,2.0,5.0,NA,NA,NA,NA,NA,NA,NA,NA,NA
2026-04-03 20:00:00,NA,NA,NA,NA,NA,NA,NA,NA,NA,NA,NA,NA,NA,NA,NA,NA,NA,NA,NA,NA,NA,NA,NA,NA
2026-04-03 21:00:00,NA,NA,NA,NA,NA,NA,NA,NA,NA,NA,NA,NA,NA,NA,NA,NA,NA,NA,NA,NA,NA,NA,NA,NA
2026-04-03 22:00:00,NA,NA,NA,NA,NA,NA,NA,NA,NA,NA,NA,NA,NA,NA,NA,NA,NA,NA,NA,NA,NA,NA,NA,NA
2026-04-03 23:00:00,NA,NA,NA,NA,NA,NA,NA,NA,NA,NA,NA,NA,NA,NA,NA,NA,NA,NA,NA,NA,NA,NA,NA,NA
2026-04-04 00:00:00,NA,NA,NA,NA,NA,NA,NA,NA,NA,NA,NA,NA,NA,NA,NA,NA,NA,NA,NA,NA,NA,NA,NA,NA
2026-04-04 01:00:00,NA,NA,NA,NA,NA,NA,NA,NA,NA,NA,NA,NA,NA,NA,NA,NA,NA,NA,NA,NA,NA,NA,NA,NA
2026-04-04 02:00:00,NA,NA,NA,NA,NA,NA,NA,NA,NA,NA,NA,NA,NA,NA,NA,NA,NA,NA,NA,NA,NA,NA,NA,NA
2026-04-04 03:00:00,NA,NA,NA,NA,NA,NA,NA,NA,NA,NA,NA,NA,NA,NA,NA,NA,NA,NA,NA,NA,NA,NA,NA,NA
2026-04-04 04:00:00,NA,NA,NA,NA,NA,NA,NA,NA,NA,NA,NA,NA,NA,NA,NA,NA,NA,NA,NA,NA,NA,NA,NA,NA
2026-04-04 05:00:00,NA,NA,NA,NA,NA,NA,NA,NA,NA,NA,NA,NA,NA,NA,NA,NA,NA,NA,NA,NA,NA,NA,NA,NA
2026-04-04 06:00:00,NA,NA,NA,NA,NA,NA,NA,NA,NA,NA,NA,NA,NA,NA,NA,NA,NA,NA,NA,NA,NA,NA,NA,NA
2026-04-04 07:00:00,NA,NA,NA,NA,NA,NA,NA,NA,NA,NA,NA,NA,NA,NA,NA,NA,NA,NA,NA,NA,NA,NA,NA,NA
2026-04-04 08:00:00,NA,NA,NA,NA,NA,NA,NA,NA,NA,NA,NA,NA,NA,NA,NA,NA,NA,NA,NA,NA,NA,NA,NA,NA
2026-04-04 09:00:00,107.0,190.0,27.0,57.0,52.0,21.0,4.0,1.0,40.0,NA,NA,NA,NA,NA,NA,NA,NA,NA,NA,NA,NA,NA,NA,NA
2026-04-04 10:00:00,93.75,170.75,21.5,28.5,32.75,16.0,5.25,0.5,44.25,5.0,5.0,NA,3.0,4.25,2.0,NA,NA,NA,NA,NA,NA,NA,NA,NA
2026-04-04 11:00:00,45.0,99.75,25.0,55.75,50.25,20.25,6.25,0.0,62.0,5.0,5.0,NA,3.0,4.25,2.0,NA,NA,NA,NA,NA,NA,NA,NA,NA
2026-04-04 12:00:00,40.0,92.0,29.25,61.0,55.5,18.25,20.5,0.0,73.0,5.0,5.0,NA,3.0,4.5,2.0,NA,NA,NA,NA,NA,NA,NA,NA,NA
2026-04-04 13:00:00,35.25,78.0,17.0,17.67,18.25,7.5,28.0,0.0,87.25,4.0,4.0,NA,1.0,4.0,3.0,NA,NA,NA,NA,NA,NA,NA,NA,NA
2026-04-04 14:00:00,35.0,86.75,20.0,35.25,35.5,17.0,27.5,0.0,111.0,4.0,4.0,NA,1.0,4.0,3.0,NA,NA,NA,NA,NA,NA,NA,NA,NA
2026-04-04 15:00:00,33.75,87.5,20.0,36.5,36.0,18.75,27.0,0.0,128.0,4.0,4.0,NA,1.0,4.0,3.0,NA,NA,NA,NA,NA,NA,NA,NA,NA
2026-04-04 16:00:00,33.0,89.75,20.5,35.25,35.25,18.5,23.25,0.0,121.25,4.0,4.0,NA,1.0,3.75,3.0,NA,NA,NA,NA,NA,NA,NA,NA,NA
2026-04-04 17:00:00,29.5,80.75,20.5,43.5,39.25,19.75,20.75,0.0,116.75,4.0,4.0,NA,1.0,4.0,3.0,NA,NA,NA,NA,NA,NA,NA,NA,NA
2026-04-04 18:00:00,26.5,68.75,20.75,38.0,36.75,19.75,21.0,0.0,83.5,3.25,3.25,NA,4.0,2.5,4.25,NA,NA,NA,NA,NA,NA,NA,NA,NA
2026-04-04 19:00:00,29.5,81.25,21.25,36.5,36.5,19.75,20.75,0.75,45.75,3.0,3.0,NA,4.75,2.0,5.0,NA,NA,NA,NA,NA,NA,NA,NA,NA
2026-04-04 20:00:00,43.25,124.0,22.0,38.75,38.5,20.5,23.25,1.25,40.25,3.0,3.0,NA,4.75,2.0,4.75,NA,NA,NA,NA,NA,NA,NA,NA,NA
2026-04-04 21:00:00,67.75,179.75,23.25,36.5,38.5,22.75,25.0,2.0,40.25,1.5,1.5,NA,3.5,2.75,1.75,NA,NA,NA,NA,NA,NA,NA,NA,NA
2026-04-04 22:00:00,62.0,173.5,21.0,32.75,34.75,20.0,24.25,1.0,38.75,1.0,1.0,NA,3.0,3.0,1.0,NA,NA,NA,NA,NA,NA,NA,NA,NA
2026-04-04 23:00:00,38.33,107.33,21.0,36.67,36.67,20.0,24.0,1.0,42.33,1.0,1.0,NA,3.0,3.0,1.0,NA,NA,NA,NA,NA,NA,NA,NA,NA
2026-04-05 00:00:00,34.25,90.5,20.0,34.25,34.75,19.25,21.25,0.25,44.75,3.0,3.0,NA,2.0,2.0,2.0,NA,NA,NA,NA,NA,NA,NA,NA,NA
2026-04-05 01:00:00,68.0,141.25,20.5,37.75,37.25,19.25,21.0,0.0,45.75,3.0,3.0,NA,2.0,2.0,2.0,NA,NA,NA,NA,NA,NA,NA,NA,NA
2026-04-05 02:00:00,65.0,134.25,20.25,34.25,35.0,19.5,20.25,0.0,42.25,3.0,3.0,NA,2.0,2.0,2.0,NA,NA,NA,NA,NA,NA,NA,NA,NA
2026-04-05 03:00:00,63.5,134.75,19.25,29.75,31.5,17.75,20.25,0.0,40.5,3.0,3.0,NA,2.0,2.0,2.0,NA,NA,NA,NA,NA,NA,NA,NA,NA
2026-04-05 04:00:00,61.75,123.75,21.25,42.75,40.0,20.5,21.5,0.0,39.75,3.0,3.0,NA,2.0,2.0,2.0,NA,NA,NA,NA,NA,NA,NA,NA,NA
2026-04-05 05:00:00,56.0,117.5,20.75,37.0,36.25,20.0,22.0,0.0,40.0,3.0,3.0,NA,2.0,2.0,2.0,NA,NA,NA,NA,NA,NA,NA,NA,NA
2026-04-05 06:00:00,60.0,132.0,21.75,43.5,41.25,20.5,22.0,0.0,39.0,3.0,3.0,NA,2.0,2.0,2.0,NA,NA,NA,NA,NA,NA,NA,NA,NA
2026-04-05 07:00:00,50.5,108.75,21.0,36.75,36.75,18.5,22.5,0.0,40.5,3.0,3.0,NA,2.0,2.0,2.0,NA,NA,NA,NA,NA,NA,NA,NA,NA
2026-04-05 08:00:00,68.25,131.25,21.0,35.5,36.0,19.0,20.5,0.0,41.25,5.0,5.0,NA,3.0,4.0,2.0,NA,NA,NA,NA,NA,NA,NA,NA,NA
2026-04-05 09:00:00,78.0,142.75,20.75,35.5,35.75,20.25,20.75,0.0,51.5,5.0,5.0,NA,3.0,4.25,2.25,NA,NA,NA,NA,NA,NA,NA,NA,NA
2026-04-05 10:00:00,71.25,137.5,20.0,32.75,34.0,19.0,21.75,0.0,82.5,5.0,5.0,NA,3.0,4.75,2.0,NA,NA,NA,NA,NA,NA,NA,NA,NA
2026-04-05 11:00:00,57.5,120.75,19.25,30.5,32.25,19.25,21.5,0.0,127.75,5.0,5.0,NA,3.0,4.75,2.0,NA,NA,NA,NA,NA,NA,NA,NA,NA
2026-04-05 12:00:00,47.75,117.0,20.0,36.25,36.0,18.0,21.25,0.0,140.5,5.0,5.0,NA,3.0,4.5,2.0,NA,NA,NA,NA,NA,NA,NA,NA,NA
2026-04-05 13:00:00,36.75,91.75,20.0,36.25,35.75,18.5,22.0,0.0,146.0,4.0,4.0,NA,1.0,4.0,3.0,NA,NA,NA,NA,NA,NA,NA,NA,NA
2026-04-05 14:00:00,36.25,91.75,24.5,58.0,51.25,22.0,20.25,0.0,137.5,4.0,4.0,NA,1.0,4.0,3.25,NA,NA,NA,NA,NA,NA,NA,NA,NA
2026-04-05 15:00:00,24.5,74.0,22.5,36.5,37.75,17.5,19.25,0.0,139.25,4.0,4.0,NA,1.0,3.75,3.0,NA,NA,NA,NA,NA,NA,NA,NA,NA
2026-04-05 16:00:00,22.0,50.75,22.0,30.75,34.25,13.5,12.5,0.0,146.5,4.0,4.0,NA,1.0,4.0,3.25,NA,NA,NA,NA,NA,NA,NA,NA,NA
2026-04-05 17:00:00,20.0,48.25,22.25,38.0,38.5,18.25,9.0,0.0,130.5,4.0,4.0,NA,1.0,4.0,3.0,NA,NA,NA,NA,NA,NA,NA,NA,NA
2026-04-05 18:00:00,18.75,52.5,22.25,35.75,37.25,18.0,8.25,0.0,111.25,3.25,3.25,NA,4.0,2.5,4.5,NA,NA,NA,NA,NA,NA,NA,NA,NA
2026-04-05 19:00:00,29.5,80.0,22.5,35.5,37.5,18.25,9.75,1.0,55.75,3.0,3.0,NA,4.5,2.0,5.0,NA,NA,NA,NA,NA,NA,NA,NA,NA
2026-04-05 20:00:00,39.75,109.75,24.0,41.75,42.0,19.75,14.5,1.0,45.0,3.0,3.0,NA,5.0,2.0,5.0,NA,NA,NA,NA,NA,NA,NA,NA,NA
2026-04-05 21:00:00,51.0,150.75,23.75,37.0,39.0,18.75,16.5,1.0,41.0,1.5,1.5,NA,3.5,2.75,2.0,NA,NA,NA,NA,NA,NA,NA,NA,NA
2026-04-05 22:00:00,57.0,157.0,24.0,41.5,41.75,20.0,17.25,1.0,43.25,1.0,1.0,NA,3.0,3.0,1.0,NA,NA,NA,NA,NA,NA,NA,NA,NA
2026-04-05 23:00:00,46.33,117.33,23.67,39.67,40.67,19.0,18.0,1.0,55.67,1.0,1.0,NA,3.0,3.0,1.0,NA,NA,NA,NA,NA,NA,NA,NA,NA
2026-04-06 00:00:00,42.5,97.0,22.25,30.0,34.0,16.25,18.75,0.0,60.0,3.0,3.0,NA,2.0,2.0,2.0,NA,NA,NA,NA,NA,NA,NA,NA,NA
2026-04-06 01:00:00,44.75,106.0,24.0,43.0,42.75,19.0,19.0,0.0,40.0,3.0,3.0,NA,2.0,2.0,2.0,NA,NA,NA,NA,NA,NA,NA,NA,NA
2026-04-06 02:00:00,47.25,118.25,23.5,36.75,38.75,19.5,19.0,0.0,39.5,3.0,3.0,NA,2.0,2.0,2.0,NA,NA,NA,NA,NA,NA,NA,NA,NA
2026-04-06 03:00:00,50.0,111.75,22.75,32.75,36.25,19.0,19.0,0.0,41.5,3.0,3.0,NA,2.0,2.0,2.0,NA,NA,NA,NA,NA,NA,NA,NA,NA
2026-04-06 04:00:00,55.5,124.0,24.25,39.0,40.5,20.25,13.5,1.0,39.25,3.0,3.0,NA,2.0,2.0,2.0,NA,NA,NA,NA,NA,NA,NA,NA,NA
2026-04-06 05:00:00,62.0,147.25,26.25,44.25,45.0,23.25,11.0,1.0,39.25,3.0,3.0,NA,2.0,2.0,2.0,NA,NA,NA,NA,NA,NA,NA,NA,NA
2026-04-06 06:00:00,79.0,205.25,28.0,57.75,53.5,26.0,11.5,1.75,40.0,3.0,3.0,NA,2.0,2.0,2.0,NA,NA,NA,NA,NA,NA,NA,NA,NA
2026-04-06 07:00:00,91.75,254.75,27.5,73.25,61.5,22.0,12.25,1.5,39.75,3.0,3.0,NA,2.0,2.0,2.0,NA,NA,NA,NA,NA,NA,NA,NA,NA
2026-04-06 08:00:00,86.75,186.0,25.0,51.75,48.0,21.5,16.0,0.0,43.5,5.0,5.0,NA,3.0,4.0,2.25,NA,NA,NA,NA,NA,NA,NA,NA,NA
2026-04-06 09:00:00,72.75,156.0,24.25,42.0,42.25,17.25,16.75,0.0,64.0,5.0,5.0,NA,3.0,4.75,2.0,NA,NA,NA,NA,NA,NA,NA,NA,NA
2026-04-06 10:00:00,42.0,97.25,24.25,41.25,41.5,18.0,15.0,0.0,106.75,5.0,5.0,NA,3.0,4.0,2.25,NA,NA,NA,NA,NA,NA,NA,NA,NA
2026-04-06 11:00:00,23.5,61.0,25.0,44.0,43.5,18.25,13.5,0.0,123.25,5.0,5.0,NA,3.0,4.25,2.0,NA,NA,NA,NA,NA,NA,NA,NA,NA
2026-04-06 12:00:00,16.5,51.75,23.0,33.0,36.5,18.25,17.0,0.0,144.75,5.0,5.0,NA,3.0,4.25,2.0,NA,NA,NA,NA,NA,NA,NA,NA,NA
2026-04-06 13:00:00,21.25,54.5,22.0,31.25,34.75,14.25,18.5,0.0,133.25,4.0,4.0,NA,1.0,4.0,3.0,NA,NA,NA,NA,NA,NA,NA,NA,NA
2026-04-06 14:00:00,21.75,56.25,23.5,36.5,39.0,16.75,18.0,0.0,153.0,3.75,4.0,NA,1.0,4.0,3.0,NA,NA,NA,NA,NA,NA,NA,NA,NA
2026-04-06 15:00:00,21.5,51.0,20.75,25.5,30.75,15.75,17.75,0.0,152.25,4.0,4.0,NA,1.0,4.0,3.25,NA,NA,NA,NA,NA,NA,NA,NA,NA
2026-04-06 16:00:00,23.0,56.25,23.0,41.25,41.0,18.75,19.25,0.0,162.25,3.75,4.0,NA,1.0,4.0,3.0,NA,NA,NA,NA,NA,NA,NA,NA,NA
2026-04-06 17:00:00,23.0,61.5,22.25,37.75,38.25,16.75,20.0,0.0,150.5,4.0,4.0,NA,1.0,4.0,3.0,NA,NA,NA,NA,NA,NA,NA,NA,NA
2026-04-06 18:00:00,24.0,65.0,22.0,35.25,36.75,19.0,20.0,0.0,105.25,3.25,3.25,NA,3.5,2.5,4.0,NA,NA,NA,NA,NA,NA,NA,NA,NA
2026-04-06 19:00:00,33.0,91.25,22.25,36.0,37.5,19.0,20.0,0.75,66.5,3.0,3.0,NA,5.0,2.0,5.0,NA,NA,NA,NA,NA,NA,NA,NA,NA
2026-04-06 20:00:00,47.0,129.75,23.75,39.75,40.5,20.75,23.0,0.75,51.25,3.0,3.0,NA,5.0,2.0,4.75,NA,NA,NA,NA,NA,NA,NA,NA,NA
2026-04-06 21:00:00,30.25,122.25,22.75,40.0,40.25,17.5,25.0,0.0,97.25,1.5,1.5,NA,3.5,2.75,2.0,NA,NA,NA,NA,NA,NA,NA,NA,NA
2026-04-06 22:00:00,17.75,87.5,22.75,40.75,40.25,18.0,24.25,0.0,97.5,1.0,1.0,NA,3.0,3.0,1.0,NA,NA,NA,NA,NA,NA,NA,NA,NA
2026-04-06 23:00:00,12.33,45.33,22.0,34.0,36.0,17.0,24.33,0.0,89.67,1.0,1.0,NA,3.0,3.0,1.0,NA,NA,NA,NA,NA,NA,NA,NA,NA
2026-04-07 00:00:00,21.0,68.0,23.75,44.75,43.25,19.0,20.5,0.0,79.5,3.0,3.0,NA,2.0,2.0,2.0,NA,NA,NA,NA,NA,NA,NA,NA,NA
2026-04-07 01:00:00,30.5,102.5,25.0,39.5,41.25,19.25,18.25,0.0,88.75,3.0,3.0,NA,2.0,2.0,2.0,NA,NA,NA,NA,NA,NA,NA,NA,NA
2026-04-07 02:00:00,27.0,122.75,21.0,28.5,32.5,14.5,18.0,0.0,70.0,3.0,3.0,NA,2.0,2.0,2.0,NA,NA,NA,NA,NA,NA,NA,NA,NA
2026-04-07 03:00:00,44.25,119.0,19.75,25.5,29.75,16.75,19.0,0.0,61.0,3.0,3.0,NA,2.0,2.0,2.0,NA,NA,NA,NA,NA,NA,NA,NA,NA
2026-04-07 04:00:00,48.5,100.75,21.5,36.25,36.75,18.5,16.5,0.0,68.75,3.0,3.0,NA,2.0,2.0,2.0,NA,NA,NA,NA,NA,NA,NA,NA,NA
2026-04-07 05:00:00,45.5,94.0,21.0,36.25,36.25,19.75,15.25,0.0,60.75,3.0,3.0,NA,2.0,2.0,2.0,NA,NA,NA,NA,NA,NA,NA,NA,NA
2026-04-07 06:00:00,54.5,132.75,27.0,65.0,56.5,24.25,14.75,0.75,48.5,3.0,3.0,NA,2.0,2.0,2.0,NA,NA,NA,NA,NA,NA,NA,NA,NA
2026-04-07 07:00:00,64.0,132.75,20.5,17.5,26.0,13.25,14.0,1.0,38.25,3.0,3.0,NA,2.0,2.0,2.0,NA,NA,NA,NA,NA,NA,NA,NA,NA
2026-04-07 08:00:00,72.0,148.0,20.5,24.75,30.25,16.25,20.0,1.0,38.75,5.0,5.0,NA,3.0,4.5,2.25,NA,NA,NA,NA,NA,NA,NA,NA,NA
2026-04-07 09:00:00,76.25,221.75,21.25,30.5,33.5,17.5,24.5,1.0,48.25,5.0,5.0,NA,3.0,4.25,2.0,NA,NA,NA,NA,NA,NA,NA,NA,NA
2026-04-07 10:00:00,58.5,170.75,22.0,38.0,38.25,20.25,24.5,1.0,64.75,5.0,5.0,NA,3.0,4.5,2.0,NA,NA,NA,NA,NA,NA,NA,NA,NA
2026-04-07 11:00:00,46.75,135.5,24.0,46.25,44.25,22.25,24.0,0.75,70.75,5.0,5.0,NA,3.0,4.25,2.0,NA,NA,NA,NA,NA,NA,NA,NA,NA
2026-04-07 12:00:00,34.5,110.25,22.25,37.0,37.75,17.75,19.25,0.25,81.0,5.0,5.0,NA,3.0,4.25,2.0,NA,NA,NA,NA,NA,NA,NA,NA,NA
2026-04-07 13:00:00,35.75,114.0,21.0,27.0,31.5,15.75,14.75,0.5,69.25,4.0,4.0,NA,1.0,4.0,3.0,NA,NA,NA,NA,NA,NA,NA,NA,NA
2026-04-07 14:00:00,28.75,72.0,21.75,34.5,36.0,17.75,13.0,0.0,60.0,4.0,4.0,NA,1.0,4.0,3.0,NA,NA,NA,NA,NA,NA,NA,NA,NA
2026-04-07 15:00:00,24.75,44.75,22.0,37.5,38.0,20.0,13.0,0.25,44.0,4.0,4.0,NA,1.0,4.0,3.0,NA,NA,NA,NA,NA,NA,NA,NA,NA
2026-04-07 16:00:00,32.5,56.75,22.0,38.25,38.25,19.5,15.5,0.75,38.0,4.0,4.0,NA,1.0,4.0,3.0,NA,NA,NA,NA,NA,NA,NA,NA,NA
2026-04-07 17:00:00,38.75,64.0,21.25,35.0,35.75,18.0,17.0,1.0,37.75,4.0,4.0,NA,1.0,4.0,3.25,NA,NA,NA,NA,NA,NA,NA,NA,NA
2026-04-07 18:00:00,45.5,105.5,21.75,39.5,39.0,18.5,17.0,1.0,39.0,3.25,3.25,NA,3.5,2.5,4.5,NA,NA,NA,NA,NA,NA,NA,NA,NA
2026-04-07 19:00:00,44.5,126.5,21.5,34.5,36.0,19.25,17.0,1.75,38.75,3.0,3.0,NA,4.75,2.0,4.75,NA,NA,NA,NA,NA,NA,NA,NA,NA
2026-04-07 20:00:00,69.0,208.75,24.75,50.25,47.25,23.25,22.5,1.0,37.75,3.0,3.0,NA,4.75,2.0,4.75,NA,NA,NA,NA,NA,NA,NA,NA,NA
2026-04-07 21:00:00,78.25,173.5,24.0,46.25,44.25,19.25,24.25,0.75,38.0,1.5,1.5,NA,3.5,2.75,2.0,NA,NA,NA,NA,NA,NA,NA,NA,NA
2026-04-07 22:00:00,51.5,103.0,22.5,37.25,38.25,18.5,24.25,0.0,40.25,1.0,1.0,NA,3.0,3.0,1.0,NA,NA,NA,NA,NA,NA,NA,NA,NA
2026-04-07 23:00:00,40.33,59.33,22.67,41.0,40.33,19.0,24.67,0.0,37.33,1.0,1.0,NA,3.0,3.0,1.0,NA,NA,NA,NA,NA,NA,NA,NA,NA
2026-04-08 00:00:00,41.25,57.25,23.0,44.0,42.25,19.75,20.25,0.0,36.25,3.0,3.0,NA,2.0,2.0,2.0,NA,NA,NA,NA,NA,NA,NA,NA,NA
2026-04-08 01:00:00,36.25,53.75,21.75,31.5,34.5,19.75,18.0,0.0,37.0,3.0,3.0,NA,2.0,2.0,2.0,NA,NA,NA,NA,NA,NA,NA,NA,NA
2026-04-08 02:00:00,33.25,57.0,25.0,48.5,46.25,20.0,18.0,0.0,36.75,3.0,3.0,NA,2.0,2.0,2.0,NA,NA,NA,NA,NA,NA,NA,NA,NA
2026-04-08 03:00:00,26.0,61.5,18.5,15.25,22.25,12.5,18.25,0.0,37.75,3.0,3.0,NA,2.0,2.0,2.0,NA,NA,NA,NA,NA,NA,NA,NA,NA
2026-04-08 04:00:00,23.75,53.75,19.75,32.25,33.25,17.75,20.75,0.0,37.5,3.0,3.0,NA,2.0,2.0,2.0,NA,NA,NA,NA,NA,NA,NA,NA,NA
2026-04-08 05:00:00,21.5,48.5,20.25,34.75,35.25,17.5,20.25,0.0,38.0,3.0,3.0,NA,2.0,2.0,2.0,NA,NA,NA,NA,NA,NA,NA,NA,NA
2026-04-08 06:00:00,30.25,72.25,26.5,64.75,56.0,22.0,20.75,0.0,37.25,3.0,3.0,NA,2.0,2.0,2.0,NA,NA,NA,NA,NA,NA,NA,NA,NA
2026-04-08 07:00:00,28.5,68.0,22.0,38.33,32.25,14.25,21.0,0.25,37.0,3.0,3.0,NA,2.0,2.0,2.0,NA,NA,NA,NA,NA,NA,NA,NA,NA
2026-04-08 08:00:00,29.5,75.5,20.25,23.0,28.5,15.75,22.0,0.0,37.0,5.0,5.0,NA,3.0,4.0,2.0,NA,NA,NA,NA,NA,NA,NA,NA,NA
2026-04-08 09:00:00,38.25,73.75,22.25,37.75,38.0,18.5,22.5,0.0,37.25,5.0,5.0,NA,3.0,4.0,2.0,NA,NA,NA,NA,NA,NA,NA,NA,NA
2026-04-08 10:00:00,39.25,76.25,21.25,33.75,35.25,18.75,23.0,0.0,40.75,5.0,5.0,NA,3.0,4.5,2.25,NA,NA,NA,NA,NA,NA,NA,NA,NA
2026-04-08 11:00:00,38.25,72.5,22.0,38.75,38.75,19.25,23.0,0.0,52.0,5.0,5.0,NA,3.0,4.5,2.0,NA,NA,NA,NA,NA,NA,NA,NA,NA
2026-04-08 12:00:00,37.25,76.5,21.0,31.25,33.75,18.0,19.25,0.0,65.75,5.0,5.0,NA,3.0,4.5,2.25,NA,NA,NA,NA,NA,NA,NA,NA,NA
2026-04-08 13:00:00,34.25,74.25,21.75,36.75,37.25,19.0,17.0,0.0,87.0,4.0,4.0,NA,1.0,4.0,3.0,NA,NA,NA,NA,NA,NA,NA,NA,NA
2026-04-08 14:00:00,30.0,63.5,20.5,30.0,32.75,17.75,16.25,0.0,112.25,4.0,4.0,NA,1.0,4.0,3.0,NA,NA,NA,NA,NA,NA,NA,NA,NA
2026-04-08 15:00:00,26.5,56.75,20.25,33.0,34.0,17.5,16.5,0.0,120.0,4.0,4.0,NA,1.0,3.75,3.0,NA,NA,NA,NA,NA,NA,NA,NA,NA
2026-04-08 16:00:00,30.0,63.5,20.25,34.25,35.0,17.5,16.25,0.0,119.25,4.0,4.0,NA,1.0,4.0,3.0,NA,NA,NA,NA,NA,NA,NA,NA,NA
2026-04-08 17:00:00,36.75,98.75,21.75,39.0,38.5,19.25,16.75,0.25,80.25,4.0,4.0,NA,1.0,4.0,3.0,NA,NA,NA,NA,NA,NA,NA,NA,NA
2026-04-08 18:00:00,33.75,87.0,24.25,44.25,43.5,19.25,16.25,0.75,63.5,3.25,3.25,NA,3.75,2.5,4.0,NA,NA,NA,NA,NA,NA,NA,NA,NA
2026-04-08 19:00:00,37.75,117.75,21.5,28.25,32.25,17.5,16.0,1.0,49.25,3.0,3.0,NA,4.5,2.0,4.75,NA,NA,NA,NA,NA,NA,NA,NA,NA
2026-04-08 20:00:00,44.0,124.5,21.0,33.5,35.25,18.0,21.5,1.0,44.0,3.0,3.0,NA,4.5,2.0,4.5,NA,NA,NA,NA,NA,NA,NA,NA,NA
2026-04-08 21:00:00,40.5,107.5,22.25,40.5,39.75,20.5,24.0,1.0,42.5,1.5,1.5,NA,3.5,2.75,2.0,NA,NA,NA,NA,NA,NA,NA,NA,NA
2026-04-08 22:00:00,39.5,108.5,22.5,41.0,40.5,21.5,24.25,1.0,41.25,1.0,1.0,NA,3.0,3.0,1.0,NA,NA,NA,NA,NA,NA,NA,NA,NA
2026-04-08 23:00:00,42.67,116.0,22.67,41.0,40.33,21.67,24.0,0.33,40.0,1.0,1.0,NA,3.0,3.0,1.0,NA,NA,NA,NA,NA,NA,NA,NA,NA
2026-04-09 00:00:00,46.75,117.25,22.25,37.25,38.0,19.25,12.5,0.25,38.75,3.0,3.0,NA,2.0,2.0,2.0,NA,NA,NA,NA,NA,NA,NA,NA,NA
2026-04-09 01:00:00,41.25,104.5,25.5,60.75,53.5,22.25,6.5,0.0,37.75,3.0,3.0,NA,2.0,2.0,2.0,NA,NA,NA,NA,NA,NA,NA,NA,NA
2026-04-09 02:00:00,36.75,76.5,27.0,52.0,49.5,20.25,6.5,0.0,39.25,3.0,3.0,NA,2.0,2.0,2.0,NA,NA,NA,NA,NA,NA,NA,NA,NA
2026-04-09 03:00:00,33.75,70.25,25.5,40.75,42.5,19.5,7.0,0.0,37.75,3.0,3.0,NA,2.0,2.0,2.0,NA,NA,NA,NA,NA,NA,NA,NA,NA
2026-04-09 04:00:00,30.0,65.75,24.75,39.5,41.5,17.5,15.25,0.0,37.0,3.0,3.0,NA,2.0,2.0,2.0,NA,NA,NA,NA,NA,NA,NA,NA,NA
2026-04-09 05:00:00,28.5,67.25,25.5,42.5,43.5,17.25,20.0,0.25,37.0,3.0,3.0,NA,2.0,2.0,2.0,NA,NA,NA,NA,NA,NA,NA,NA,NA
2026-04-09 06:00:00,39.0,89.5,25.25,45.25,44.75,16.5,19.75,0.5,37.25,3.0,3.0,NA,2.0,2.0,2.0,NA,NA,NA,NA,NA,NA,NA,NA,NA
2026-04-09 07:00:00,37.75,98.0,19.5,18.0,25.5,11.75,20.0,0.75,37.75,3.0,3.0,NA,2.0,2.0,2.0,NA,NA,NA,NA,NA,NA,NA,NA,NA
2026-04-09 08:00:00,45.5,98.75,19.75,25.75,29.75,16.75,15.75,0.0,38.5,5.0,5.0,NA,3.0,4.25,2.25,NA,NA,NA,NA,NA,NA,NA,NA,NA
2026-04-09 09:00:00,50.25,103.25,21.0,36.0,36.25,21.5,14.0,0.0,40.5,5.0,5.0,NA,3.0,4.0,2.0,NA,NA,NA,NA,NA,NA,NA,NA,NA
2026-04-09 10:00:00,44.25,98.75,20.5,34.5,35.25,19.25,13.0,0.0,51.0,5.0,5.0,NA,3.0,4.0,2.0,NA,NA,NA,NA,NA,NA,NA,NA,NA
2026-04-09 11:00:00,34.5,80.5,21.25,40.75,39.0,20.75,12.75,0.0,156.67,5.0,5.0,NA,3.0,4.25,2.25,NA,NA,NA,NA,NA,NA,NA,NA,NA
2026-04-09 12:00:00,26.25,57.0,21.25,37.75,37.75,18.0,21.0,0.0,NA,5.0,5.0,NA,3.0,4.25,2.25,NA,NA,NA,NA,NA,NA,NA,NA,NA
2026-04-09 13:00:00,28.0,70.5,19.75,29.5,32.0,16.0,24.25,0.0,NA,4.0,4.0,NA,1.0,4.0,3.0,NA,NA,NA,NA,NA,NA,NA,NA,NA
2026-04-09 14:00:00,32.5,90.75,20.25,38.75,37.0,19.0,24.0,0.0,NA,4.0,4.0,NA,1.0,4.0,3.0,NA,NA,NA,NA,NA,NA,NA,NA,NA
2026-04-09 15:00:00,30.0,76.25,19.5,33.75,34.0,17.75,23.25,0.0,NA,4.0,4.0,NA,1.0,4.0,3.0,NA,NA,NA,NA,NA,NA,NA,NA,NA
2026-04-09 16:00:00,24.5,61.5,19.0,30.0,31.25,19.0,17.0,0.0,48.25,3.75,4.0,NA,1.0,4.0,3.0,NA,NA,NA,NA,NA,NA,NA,NA,NA
2026-04-09 17:00:00,23.0,62.5,28.25,78.75,65.25,27.5,13.25,0.0,44.5,4.0,4.0,NA,1.0,4.0,3.0,NA,NA,NA,NA,NA,NA,NA,NA,NA
2026-04-09 18:00:00,24.25,71.75,25.75,47.5,46.5,19.0,13.25,0.0,41.5,3.25,3.25,NA,3.75,2.5,4.0,NA,NA,NA,NA,NA,NA,NA,NA,NA
2026-04-09 19:00:00,34.25,99.25,23.75,40.75,40.25,16.25,13.5,0.75,24.75,3.0,3.0,NA,4.75,2.0,5.0,NA,NA,NA,NA,NA,NA,NA,NA,NA
2026-04-09 20:00:00,55.0,150.0,24.25,39.0,39.25,19.5,24.5,1.25,20.75,3.0,3.0,NA,4.75,2.0,5.0,NA,NA,NA,NA,NA,NA,NA,NA,NA
2026-04-09 21:00:00,110.5,248.0,28.75,58.25,53.25,25.25,30.75,3.0,20.25,1.5,1.5,NA,3.5,2.75,2.0,NA,NA,NA,NA,NA,NA,NA,NA,NA
2026-04-09 22:00:00,126.0,295.5,25.5,46.0,45.25,20.0,30.5,2.25,19.0,1.0,1.0,NA,3.0,3.0,1.0,NA,NA,NA,NA,NA,NA,NA,NA,NA
2026-04-09 23:00:00,107.33,228.33,21.67,31.67,34.67,13.0,31.0,1.33,17.0,1.0,1.0,NA,3.0,3.0,1.0,NA,NA,NA,NA,NA,NA,NA,NA,NA
2026-04-10 00:00:00,75.5,166.75,19.5,26.25,30.25,15.75,28.5,0.25,20.75,3.0,3.0,NA,2.0,2.0,2.0,NA,NA,NA,NA,NA,NA,NA,NA,NA
2026-04-10 01:00:00,53.75,129.0,20.75,34.25,35.25,20.75,27.25,0.0,20.5,3.0,3.0,NA,2.0,2.0,2.0,NA,NA,NA,NA,NA,NA,NA,NA,NA
2026-04-10 02:00:00,54.25,124.25,20.5,35.0,35.5,19.25,27.0,0.0,22.75,3.0,3.0,NA,2.0,2.0,2.0,NA,NA,NA,NA,NA,NA,NA,NA,NA
2026-04-10 03:00:00,60.5,123.0,20.5,38.25,37.0,19.25,27.0,0.0,19.75,3.0,3.0,NA,2.0,2.0,2.0,NA,NA,NA,NA,NA,NA,NA,NA,NA
2026-04-10 04:00:00,58.5,108.25,21.0,40.0,38.25,19.75,23.25,0.0,19.75,3.0,3.0,NA,2.0,2.0,2.0,NA,NA,NA,NA,NA,NA,NA,NA,NA
2026-04-10 05:00:00,71.75,117.5,20.5,36.5,36.25,19.5,22.0,0.0,22.0,3.0,3.0,NA,2.0,2.0,2.0,NA,NA,NA,NA,NA,NA,NA,NA,NA
2026-04-10 06:00:00,109.5,164.25,21.0,41.5,39.75,19.5,22.5,0.0,22.75,3.0,3.0,NA,2.0,2.0,2.0,NA,NA,NA,NA,NA,NA,NA,NA,NA
2026-04-10 07:00:00,91.75,154.25,20.0,35.5,35.5,18.0,23.25,0.0,30.25,3.0,3.0,NA,2.0,2.0,2.0,NA,NA,NA,NA,NA,NA,NA,NA,NA
2026-04-10 08:00:00,66.5,136.5,21.0,40.0,38.5,20.0,21.0,0.0,35.25,5.0,5.0,NA,3.0,4.0,2.0,NA,NA,NA,NA,NA,NA,NA,NA,NA
2026-04-10 09:00:00,59.0,128.75,18.75,29.25,31.25,17.5,19.25,0.0,41.75,5.0,5.0,NA,3.0,4.0,2.0,NA,NA,NA,NA,NA,NA,NA,NA,NA
2026-04-10 10:00:00,43.5,104.75,19.5,36.0,35.0,18.75,18.25,0.0,49.5,5.0,5.0,NA,3.0,4.25,2.0,NA,NA,NA,NA,NA,NA,NA,NA,NA
2026-04-10 11:00:00,24.75,91.75,20.5,40.25,38.5,20.5,17.25,0.0,54.5,5.0,5.0,NA,3.0,4.25,2.0,NA,NA,NA,NA,NA,NA,NA,NA,NA
2026-04-10 12:00:00,20.75,90.5,19.75,34.75,34.75,18.5,15.0,0.0,53.75,5.0,5.0,NA,3.0,4.75,2.0,NA,NA,NA,NA,NA,NA,NA,NA,NA
2026-04-10 13:00:00,20.25,90.5,19.25,32.25,33.0,18.5,13.5,0.0,58.5,4.0,4.0,NA,1.0,4.0,3.0,NA,NA,NA,NA,NA,NA,NA,NA,NA
2026-04-10 14:00:00,17.5,83.75,19.5,36.75,35.5,20.75,13.5,0.0,58.75,4.0,4.0,NA,1.0,4.0,3.0,NA,NA,NA,NA,NA,NA,NA,NA,NA
2026-04-10 15:00:00,18.0,92.0,18.75,32.0,32.5,19.0,13.0,0.0,61.0,4.0,4.0,NA,1.0,4.0,3.0,NA,NA,NA,NA,NA,NA,NA,NA,NA
2026-04-10 16:00:00,18.25,112.25,19.25,36.25,35.0,19.75,15.25,0.0,62.25,4.0,4.0,NA,1.0,4.0,3.0,NA,NA,NA,NA,NA,NA,NA,NA,NA
2026-04-10 17:00:00,16.75,90.75,18.75,37.75,35.5,19.5,16.5,0.0,58.25,4.0,4.0,NA,1.25,4.0,3.0,NA,NA,NA,NA,NA,NA,NA,NA,NA
2026-04-10 18:00:00,18.75,95.25,19.25,37.75,35.75,21.0,17.25,0.0,53.0,3.25,3.25,NA,4.0,2.75,4.0,NA,NA,NA,NA,NA,NA,NA,NA,NA
2026-04-10 19:00:00,25.25,107.75,19.5,38.75,36.5,21.25,18.25,0.0,46.0,3.0,3.0,NA,5.0,2.0,4.75,NA,NA,NA,NA,NA,NA,NA,NA,NA
2026-04-10 20:00:00,30.0,115.25,19.5,36.75,35.25,20.75,16.0,0.25,44.0,3.0,3.0,NA,4.5,2.0,5.0,NA,NA,NA,NA,NA,NA,NA,NA,NA
2026-04-10 21:00:00,35.25,124.25,21.5,47.75,43.0,22.5,15.0,0.0,46.0,1.5,1.5,NA,3.5,2.75,2.0,NA,NA,NA,NA,NA,NA,NA,NA,NA
2026-04-10 22:00:00,36.0,124.75,21.5,43.0,40.25,20.75,15.25,0.0,44.75,1.0,1.0,NA,3.0,3.0,1.0,NA,NA,NA,NA,NA,NA,NA,NA,NA
2026-04-10 23:00:00,35.33,118.67,21.0,36.33,36.33,17.33,15.0,0.0,45.0,1.0,1.0,NA,3.0,3.0,1.0,NA,NA,NA,NA,NA,NA,NA,NA,NA
2026-04-11 00:00:00,37.5,112.25,22.5,43.5,41.75,21.5,23.75,0.0,41.0,3.0,3.0,NA,2.0,2.0,2.0,NA,NA,NA,NA,NA,NA,NA,NA,NA
2026-04-11 01:00:00,36.0,99.5,21.75,40.25,39.0,18.75,28.0,0.0,43.75,3.0,3.0,NA,2.0,2.0,2.0,NA,NA,NA,NA,NA,NA,NA,NA,NA
2026-04-11 02:00:00,32.0,81.5,31.5,83.75,70.0,27.5,28.0,0.0,43.75,3.0,3.0,NA,2.0,2.0,2.0,NA,NA,NA,NA,NA,NA,NA,NA,NA
2026-04-11 03:00:00,40.0,88.75,27.75,48.0,48.5,14.5,28.0,0.0,42.5,3.0,3.0,NA,2.0,2.0,2.0,NA,NA,NA,NA,NA,NA,NA,NA,NA
2026-04-11 04:00:00,41.5,91.5,27.75,42.25,45.5,15.0,22.0,0.0,38.75,3.0,3.0,NA,2.0,2.0,2.0,NA,NA,NA,NA,NA,NA,NA,NA,NA
2026-04-11 05:00:00,38.75,90.75,27.0,36.25,41.75,14.75,19.25,0.0,33.75,3.0,3.0,NA,2.0,2.0,2.0,NA,NA,NA,NA,NA,NA,NA,NA,NA
2026-04-11 06:00:00,40.5,97.75,24.25,21.25,29.5,9.75,19.0,0.0,32.75,3.0,3.0,NA,2.0,2.0,2.0,NA,NA,NA,NA,NA,NA,NA,NA,NA
2026-04-11 07:00:00,43.75,100.0,19.0,4.0,16.25,9.25,20.75,0.0,38.25,3.0,3.0,NA,2.0,2.0,2.0,NA,NA,NA,NA,NA,NA,NA,NA,NA
2026-04-11 08:00:00,65.5,128.5,21.0,25.5,31.0,14.5,19.5,0.0,42.0,5.0,5.0,NA,3.0,4.5,2.0,NA,NA,NA,NA,NA,NA,NA,NA,NA
2026-04-11 09:00:00,45.75,109.0,21.75,34.75,36.5,16.5,19.0,0.0,47.5,5.0,5.0,NA,3.0,4.25,2.25,NA,NA,NA,NA,NA,NA,NA,NA,NA
2026-04-11 10:00:00,30.5,96.0,23.0,41.25,40.5,18.0,18.0,0.0,53.75,5.0,5.0,NA,3.0,4.5,2.0,NA,NA,NA,NA,NA,NA,NA,NA,NA
2026-04-11 11:00:00,19.75,78.25,23.75,41.75,41.5,19.5,18.0,0.0,57.25,5.0,5.0,NA,3.0,4.75,2.25,NA,NA,NA,NA,NA,NA,NA,NA,NA
2026-04-11 12:00:00,21.0,81.0,22.5,37.75,38.5,16.25,16.5,0.0,60.75,5.0,5.0,NA,3.0,4.25,2.0,NA,NA,NA,NA,NA,NA,NA,NA,NA
2026-04-11 13:00:00,21.0,81.75,21.5,32.75,35.0,15.0,15.75,0.0,66.25,4.0,4.0,NA,1.0,4.0,3.0,NA,NA,NA,NA,NA,NA,NA,NA,NA
2026-04-11 14:00:00,19.25,72.75,22.75,36.25,37.75,14.25,15.75,0.0,64.25,4.0,4.0,NA,1.0,4.0,3.0,NA,NA,NA,NA,NA,NA,NA,NA,NA
2026-04-11 15:00:00,26.0,90.75,22.0,29.75,33.5,15.25,15.0,0.0,64.0,4.0,4.0,NA,1.0,4.0,3.25,NA,NA,NA,NA,NA,NA,NA,NA,NA
2026-04-11 16:00:00,25.75,97.25,23.5,40.25,40.75,15.0,22.5,0.0,57.25,4.0,4.0,NA,1.0,4.0,3.0,NA,NA,NA,NA,NA,NA,NA,NA,NA
2026-04-11 17:00:00,27.25,106.5,22.75,33.0,36.5,15.75,27.0,0.0,53.5,4.0,4.0,NA,1.0,4.0,3.0,NA,NA,NA,NA,NA,NA,NA,NA,NA
2026-04-11 18:00:00,31.25,117.75,22.5,30.0,34.25,17.0,26.75,0.5,40.25,3.25,3.25,NA,3.75,2.5,4.5,NA,NA,NA,NA,NA,NA,NA,NA,NA
2026-04-11 19:00:00,44.25,157.0,22.5,30.75,35.25,17.25,26.75,1.0,20.25,3.0,3.0,NA,4.75,2.0,4.5,NA,NA,NA,NA,NA,NA,NA,NA,NA
2026-04-11 20:00:00,60.25,189.25,23.25,33.25,36.75,18.25,25.0,1.0,19.5,3.0,3.0,NA,5.0,2.0,5.0,NA,NA,NA,NA,NA,NA,NA,NA,NA
2026-04-11 21:00:00,60.0,183.75,22.75,32.5,35.75,18.75,25.25,1.0,21.25,1.5,1.5,NA,3.5,2.75,2.0,NA,NA,NA,NA,NA,NA,NA,NA,NA
2026-04-11 22:00:00,84.5,238.75,25.25,40.5,42.0,20.75,26.5,1.75,19.25,1.0,1.0,NA,3.0,3.0,1.0,NA,NA,NA,NA,NA,NA,NA,NA,NA
2026-04-11 23:00:00,82.67,260.67,24.67,45.0,44.0,21.67,27.33,1.33,18.67,1.0,1.0,NA,3.0,3.0,1.0,NA,NA,NA,NA,NA,NA,NA,NA,NA
2026-04-12 00:00:00,84.25,209.75,22.5,36.75,38.5,17.75,21.75,0.0,23.25,3.0,3.0,NA,2.0,2.0,2.0,NA,NA,NA,NA,NA,NA,NA,NA,NA
2026-04-12 01:00:00,72.5,170.0,22.25,34.25,36.5,19.25,17.25,0.0,27.75,3.0,3.0,NA,2.0,2.0,2.0,NA,NA,NA,NA,NA,NA,NA,NA,NA
2026-04-12 02:00:00,61.25,135.25,23.25,39.5,40.5,20.75,16.0,0.0,26.25,3.0,3.0,NA,2.0,2.0,2.0,NA,NA,NA,NA,NA,NA,NA,NA,NA
2026-04-12 03:00:00,51.5,114.25,23.0,33.0,36.5,19.0,16.0,0.0,19.5,3.0,3.0,NA,2.0,2.0,2.0,NA,NA,NA,NA,NA,NA,NA,NA,NA
2026-04-12 04:00:00,58.25,127.25,22.25,33.25,36.0,19.0,12.75,0.5,19.0,3.0,3.0,NA,2.0,2.0,2.0,NA,NA,NA,NA,NA,NA,NA,NA,NA
2026-04-12 05:00:00,56.25,117.25,23.25,40.5,41.0,18.25,11.5,1.0,18.0,3.0,3.0,NA,2.0,2.0,2.0,NA,NA,NA,NA,NA,NA,NA,NA,NA
2026-04-12 06:00:00,58.5,125.5,22.5,36.5,37.75,18.5,11.75,1.0,18.75,3.0,3.0,NA,2.0,2.0,2.0,NA,NA,NA,NA,NA,NA,NA,NA,NA
2026-04-12 07:00:00,109.5,201.75,23.75,44.5,43.0,18.25,13.5,0.75,21.5,3.0,3.0,NA,2.0,2.0,2.0,NA,NA,NA,NA,NA,NA,NA,NA,NA
2026-04-12 08:00:00,154.75,244.75,22.5,36.5,38.0,16.25,21.5,0.0,29.0,5.0,5.0,NA,3.0,4.25,2.25,NA,NA,NA,NA,NA,NA,NA,NA,NA
2026-04-12 09:00:00,100.0,177.5,21.5,32.75,35.0,16.25,24.5,0.0,44.0,5.0,5.0,NA,3.0,4.25,2.0,NA,NA,NA,NA,NA,NA,NA,NA,NA
2026-04-12 10:00:00,60.75,131.0,23.5,44.0,42.75,18.75,23.25,0.0,53.0,5.0,5.0,NA,3.0,5.0,2.25,NA,NA,NA,NA,NA,NA,NA,NA,NA
2026-04-12 11:00:00,47.25,108.75,23.5,42.5,41.75,18.25,23.0,0.0,57.5,5.0,5.0,NA,3.0,4.25,2.0,NA,NA,NA,NA,NA,NA,NA,NA,NA
2026-04-12 12:00:00,28.75,85.5,22.75,38.5,38.75,16.25,25.0,0.0,54.75,5.0,5.0,NA,3.0,4.75,2.25,NA,NA,NA,NA,NA,NA,NA,NA,NA
2026-04-12 13:00:00,25.0,82.0,23.5,43.25,42.75,19.0,26.0,0.0,55.5,4.0,4.0,NA,1.0,4.0,3.25,NA,NA,NA,NA,NA,NA,NA,NA,NA
2026-04-12 14:00:00,13.75,59.25,24.25,45.25,44.25,18.25,25.25,0.0,56.0,4.0,4.0,NA,1.0,4.0,3.0,NA,NA,NA,NA,NA,NA,NA,NA,NA
2026-04-12 15:00:00,21.75,74.0,25.25,43.5,43.5,18.5,25.0,0.0,57.25,4.0,4.0,NA,1.0,4.0,3.0,NA,NA,NA,NA,NA,NA,NA,NA,NA
2026-04-12 16:00:00,24.0,87.5,25.0,43.25,43.5,19.0,19.5,0.0,57.0,4.0,4.0,NA,1.0,4.0,3.0,NA,NA,NA,NA,NA,NA,NA,NA,NA
2026-04-12 17:00:00,21.25,80.75,23.25,35.0,37.75,13.75,17.0,0.0,53.5,4.0,4.0,NA,1.0,4.0,3.0,NA,NA,NA,NA,NA,NA,NA,NA,NA
2026-04-12 18:00:00,20.5,82.25,23.75,35.25,37.75,16.5,16.25,0.0,48.5,3.25,3.25,NA,4.0,2.5,4.25,NA,NA,NA,NA,NA,NA,NA,NA,NA
2026-04-12 19:00:00,23.75,92.5,22.5,31.0,35.25,18.75,16.5,0.0,39.75,3.0,3.0,NA,5.0,2.0,4.75,NA,NA,NA,NA,NA,NA,NA,NA,NA
2026-04-12 20:00:00,34.75,122.75,28.25,60.25,55.25,20.25,20.0,0.0,38.5,3.0,3.0,NA,4.75,2.0,4.75,NA,NA,NA,NA,NA,NA,NA,NA,NA
2026-04-12 21:00:00,37.75,131.25,30.5,52.5,52.75,20.0,22.0,0.5,29.0,1.5,1.5,NA,3.5,2.75,2.0,NA,NA,NA,NA,NA,NA,NA,NA,NA
2026-04-12 22:00:00,46.0,139.75,27.75,36.5,42.25,13.5,22.0,1.0,19.25,1.0,1.0,NA,3.0,3.0,1.0,NA,NA,NA,NA,NA,NA,NA,NA,NA
2026-04-12 23:00:00,51.0,155.67,27.0,37.0,42.0,12.67,23.0,1.0,21.33,1.0,1.0,NA,3.0,3.0,1.0,NA,NA,NA,NA,NA,NA,NA,NA,NA
2026-04-13 00:00:00,57.5,164.0,26.75,31.0,38.25,13.5,24.25,1.0,20.5,3.0,3.0,NA,2.0,2.0,2.0,NA,NA,NA,NA,NA,NA,NA,NA,NA
2026-04-13 01:00:00,55.0,149.25,28.75,38.5,43.75,17.5,24.0,0.25,21.75,3.0,3.0,NA,2.0,2.0,2.0,NA,NA,NA,NA,NA,NA,NA,NA,NA
2026-04-13 02:00:00,44.25,118.5,28.0,39.0,43.25,15.75,24.5,0.0,28.25,3.0,3.0,NA,2.0,2.0,2.0,NA,NA,NA,NA,NA,NA,NA,NA,NA
2026-04-13 03:00:00,44.75,117.25,27.0,32.5,39.5,13.0,23.5,0.0,31.5,3.0,3.0,NA,2.0,2.0,2.0,NA,NA,NA,NA,NA,NA,NA,NA,NA
2026-04-13 04:00:00,39.0,99.0,27.25,31.0,38.75,16.0,20.5,0.0,30.25,3.0,3.0,NA,2.0,2.0,2.0,NA,NA,NA,NA,NA,NA,NA,NA,NA
2026-04-13 05:00:00,32.25,77.25,27.0,36.25,41.75,13.75,20.5,0.0,34.5,3.0,3.0,NA,2.0,2.0,2.0,NA,NA,NA,NA,NA,NA,NA,NA,NA
2026-04-13 06:00:00,35.5,86.25,26.25,29.25,37.0,10.25,20.0,0.0,22.25,3.0,3.0,NA,2.0,2.0,2.0,NA,NA,NA,NA,NA,NA,NA,NA,NA
2026-04-13 07:00:00,61.5,135.75,26.0,29.75,36.5,11.25,23.5,0.5,23.75,3.0,3.0,NA,2.0,2.0,2.0,NA,NA,NA,NA,NA,NA,NA,NA,NA
2026-04-13 08:00:00,149.25,249.75,22.5,19.0,28.75,13.0,32.25,0.25,35.25,5.0,5.0,NA,3.0,4.25,2.0,NA,NA,NA,NA,NA,NA,NA,NA,NA
2026-04-13 09:00:00,145.5,250.0,25.5,38.0,41.25,17.25,32.5,0.25,50.75,5.0,5.0,NA,3.0,4.25,2.25,NA,NA,NA,NA,NA,NA,NA,NA,NA
2026-04-13 10:00:00,81.0,164.25,28.5,54.0,52.0,20.0,26.75,0.0,67.5,5.0,5.0,NA,3.0,4.0,2.0,NA,NA,NA,NA,NA,NA,NA,NA,NA
2026-04-13 11:00:00,45.25,108.25,24.5,31.75,36.75,14.25,24.0,0.0,66.5,5.0,5.0,NA,3.0,4.25,2.0,NA,NA,NA,NA,NA,NA,NA,NA,NA
2026-04-13 12:00:00,26.0,91.25,23.75,30.25,35.75,14.0,22.5,0.0,66.5,5.0,5.0,NA,3.0,4.25,2.0,NA,NA,NA,NA,NA,NA,NA,NA,NA
2026-04-13 13:00:00,19.5,76.5,24.25,33.75,38.0,14.25,22.25,0.0,75.5,4.0,4.0,NA,1.0,4.0,3.0,NA,NA,NA,NA,NA,NA,NA,NA,NA
2026-04-13 14:00:00,17.25,64.5,23.75,26.5,33.5,13.25,21.25,0.0,69.25,4.0,4.0,NA,1.0,4.0,3.25,NA,NA,NA,NA,NA,NA,NA,NA,NA
2026-04-13 15:00:00,13.75,55.25,25.0,38.0,40.75,18.75,21.0,0.0,71.0,4.0,4.0,NA,1.0,4.0,3.0,NA,NA,NA,NA,NA,NA,NA,NA,NA
2026-04-13 16:00:00,17.0,61.5,23.25,32.25,36.75,16.75,15.0,0.0,69.5,4.0,4.0,NA,1.0,4.0,3.0,NA,NA,NA,NA,NA,NA,NA,NA,NA
2026-04-13 17:00:00,15.0,55.25,24.0,37.5,39.75,15.75,11.25,0.0,67.5,4.0,4.0,NA,1.0,4.0,3.0,NA,NA,NA,NA,NA,NA,NA,NA,NA
2026-04-13 18:00:00,19.25,67.25,23.5,34.25,37.25,16.0,10.0,0.75,46.5,3.25,3.25,NA,4.0,2.5,4.25,NA,NA,NA,NA,NA,NA,NA,NA,NA
2026-04-13 19:00:00,27.25,83.5,22.5,28.75,33.75,15.25,10.25,1.0,27.5,3.0,3.0,NA,4.75,2.0,4.5,NA,NA,NA,NA,NA,NA,NA,NA,NA
2026-04-13 20:00:00,41.25,129.0,22.5,30.0,34.25,20.25,19.25,1.0,23.25,3.0,3.0,NA,5.0,2.0,5.0,NA,NA,NA,NA,NA,NA,NA,NA,NA
2026-04-13 21:00:00,56.75,159.25,25.75,47.0,46.25,20.25,23.0,1.0,22.75,1.5,1.5,NA,3.5,2.75,2.0,NA,NA,NA,NA,NA,NA,NA,NA,NA
2026-04-13 22:00:00,70.25,188.5,24.5,33.75,38.25,18.75,24.25,1.0,23.25,1.0,1.0,NA,3.0,3.0,1.0,NA,NA,NA,NA,NA,NA,NA,NA,NA
2026-04-13 23:00:00,77.0,196.67,24.33,38.0,40.33,15.67,26.67,1.0,28.33,1.0,1.0,NA,3.0,3.0,1.0,NA,NA,NA,NA,NA,NA,NA,NA,NA
2026-04-14 00:00:00,77.5,219.5,38.5,99.5,84.0,28.0,29.25,1.0,19.25,3.0,3.0,NA,2.0,2.0,2.0,NA,NA,NA,NA,NA,NA,NA,NA,NA
2026-04-14 01:00:00,67.0,200.75,31.75,34.5,44.25,9.25,30.5,0.75,18.75,3.0,3.0,NA,2.0,2.0,2.0,NA,NA,NA,NA,NA,NA,NA,NA,NA
2026-04-14 02:00:00,52.5,146.5,29.75,30.25,40.25,9.5,30.25,0.0,23.75,3.0,3.0,NA,2.0,2.0,2.0,NA,NA,NA,NA,NA,NA,NA,NA,NA
2026-04-14 03:00:00,45.0,133.5,31.75,37.75,45.75,13.0,30.0,0.0,20.0,3.0,3.0,NA,2.0,2.0,2.0,NA,NA,NA,NA,NA,NA,NA,NA,NA
2026-04-14 04:00:00,45.75,140.0,31.25,34.0,43.75,15.5,21.25,0.75,18.0,3.0,3.0,NA,2.0,2.0,2.0,NA,NA,NA,NA,NA,NA,NA,NA,NA
2026-04-14 05:00:00,46.5,155.5,34.0,47.25,53.0,17.75,17.5,1.25,18.75,3.0,3.0,NA,2.0,2.0,2.0,NA,NA,NA,NA,NA,NA,NA,NA,NA
2026-04-14 06:00:00,80.5,254.5,34.25,55.0,57.5,22.0,18.25,2.0,19.0,3.0,3.0,NA,2.0,2.0,2.0,NA,NA,NA,NA,NA,NA,NA,NA,NA
2026-04-14 07:00:00,107.5,296.25,27.75,52.0,50.75,16.0,19.0,1.25,19.5,3.0,3.0,NA,2.0,2.0,2.0,NA,NA,NA,NA,NA,NA,NA,NA,NA
2026-04-14 08:00:00,82.75,199.75,24.0,33.5,37.25,14.5,29.0,0.0,26.0,5.0,5.0,NA,3.0,4.0,2.33,NA,NA,NA,NA,NA,NA,NA,NA,NA
2026-04-14 09:00:00,89.0,182.75,23.0,28.5,34.25,13.25,34.0,0.0,59.75,5.0,5.0,NA,3.0,4.5,2.0,NA,NA,NA,NA,NA,NA,NA,NA,NA
2026-04-14 10:00:00,83.5,170.25,21.75,27.25,32.25,14.25,33.75,0.0,82.5,5.0,5.0,NA,3.0,4.5,2.0,NA,NA,NA,NA,NA,NA,NA,NA,NA
2026-04-14 11:00:00,67.25,139.25,NA,NA,NA,NA,31.75,0.0,81.0,5.0,5.0,NA,3.0,4.0,2.25,NA,NA,NA,NA,NA,NA,NA,NA,NA
2026-04-14 12:00:00,49.0,118.5,23.0,30.0,35.0,17.0,21.75,NA,23.0,5.0,5.0,NA,3.0,4.0,2.25,NA,NA,NA,NA,NA,NA,NA,NA,NA
2026-04-14 13:00:00,43.0,114.25,24.5,41.0,41.75,17.25,NA,0.0,NA,4.0,4.0,NA,1.0,4.0,3.0,NA,NA,NA,NA,NA,NA,NA,NA,NA
2026-04-14 14:00:00,30.5,87.0,27.0,49.5,48.25,16.5,14.25,0.0,78.5,NA,NA,NA,NA,NA,NA,NA,NA,NA,NA,NA,NA,NA,NA,NA
2026-04-14 15:00:00,27.75,84.5,24.25,30.5,36.5,13.75,13.5,0.0,73.5,4.0,4.0,NA,1.0,4.0,3.0,NA,NA,NA,NA,NA,NA,NA,NA,NA
2026-04-14 16:00:00,22.75,71.25,23.0,25.25,32.25,11.25,8.0,0.0,67.0,4.0,4.0,NA,1.25,4.0,3.0,NA,NA,NA,NA,NA,NA,NA,NA,NA
2026-04-14 17:00:00,18.5,63.25,24.0,33.5,37.75,16.25,5.0,0.0,58.75,4.0,4.0,NA,1.0,4.0,3.0,NA,NA,NA,NA,NA,NA,NA,NA,NA
2026-04-14 18:00:00,22.5,75.5,24.25,34.5,38.25,18.5,5.25,0.5,28.0,3.25,3.25,NA,4.0,2.5,4.25,NA,NA,NA,NA,NA,NA,NA,NA,NA
2026-04-14 19:00:00,35.25,117.75,26.0,34.5,40.0,22.75,6.25,2.0,19.5,3.0,3.0,NA,4.75,2.0,4.75,NA,NA,NA,NA,NA,NA,NA,NA,NA
2026-04-14 20:00:00,58.75,182.75,27.25,39.0,43.0,20.75,18.25,2.0,18.5,3.0,3.0,NA,5.0,2.0,4.75,NA,NA,NA,NA,NA,NA,NA,NA,NA
2026-04-14 21:00:00,75.25,220.5,26.25,45.25,45.75,19.25,24.25,2.0,18.5,1.5,1.5,NA,3.25,2.75,2.0,NA,NA,NA,NA,NA,NA,NA,NA,NA
2026-04-14 22:00:00,85.5,220.25,27.25,41.0,43.75,19.5,24.5,2.0,19.0,1.0,1.0,NA,3.0,3.0,1.0,NA,NA,NA,NA,NA,NA,NA,NA,NA
2026-04-14 23:00:00,99.0,262.33,29.67,45.33,48.0,23.33,25.0,3.0,19.33,1.0,1.0,NA,3.0,3.0,1.0,NA,NA,NA,NA,NA,NA,NA,NA,NA
2026-04-15 00:00:00,100.0,280.25,29.25,57.0,54.5,24.0,19.75,1.75,18.75,3.0,3.0,NA,2.0,2.0,2.0,NA,NA,NA,NA,NA,NA,NA,NA,NA
2026-04-15 01:00:00,85.75,199.25,27.75,53.0,50.75,21.75,17.0,1.0,19.0,3.0,3.0,NA,2.0,2.0,2.0,NA,NA,NA,NA,NA,NA,NA,NA,NA
2026-04-15 02:00:00,78.75,168.5,27.5,51.75,50.25,20.25,16.25,0.75,19.0,3.0,3.0,NA,2.0,2.0,2.0,NA,NA,NA,NA,NA,NA,NA,NA,NA
2026-04-15 03:00:00,80.75,171.0,26.75,47.5,47.0,19.0,16.75,0.0,19.0,3.0,3.0,NA,2.0,2.0,2.0,NA,NA,NA,NA,NA,NA,NA,NA,NA
2026-04-15 04:00:00,77.5,176.5,28.5,52.75,51.0,22.75,13.5,1.0,19.0,3.0,3.0,NA,2.0,2.0,2.0,NA,NA,NA,NA,NA,NA,NA,NA,NA
2026-04-15 05:00:00,82.25,210.0,29.0,57.0,54.0,24.25,12.0,1.0,19.0,3.0,3.0,NA,2.0,2.0,2.0,NA,NA,NA,NA,NA,NA,NA,NA,NA
2026-04-15 06:00:00,87.75,216.5,31.5,74.75,65.75,22.75,12.0,1.0,19.0,3.0,3.0,NA,2.0,2.0,2.0,NA,NA,NA,NA,NA,NA,NA,NA,NA
2026-04-15 07:00:00,111.75,248.25,29.25,63.25,57.5,16.75,17.25,1.0,19.25,3.0,3.0,NA,2.0,2.0,2.0,NA,NA,NA,NA,NA,NA,NA,NA,NA
2026-04-15 08:00:00,211.5,358.0,28.0,48.5,48.75,17.25,36.0,1.0,31.5,5.0,5.0,NA,3.0,4.5,2.0,NA,NA,NA,NA,NA,NA,NA,NA,NA
2026-04-15 09:00:00,187.25,333.25,27.0,39.25,43.25,15.25,39.25,0.5,61.0,5.0,5.0,NA,3.0,4.25,2.0,NA,NA,NA,NA,NA,NA,NA,NA,NA
2026-04-15 10:00:00,92.0,187.5,25.25,32.75,38.0,14.75,34.25,0.0,86.75,5.0,5.0,NA,3.0,4.5,2.0,NA,NA,NA,NA,NA,NA,NA,NA,NA
2026-04-15 11:00:00,68.75,153.75,26.5,38.5,42.25,16.5,31.25,0.0,85.0,5.0,5.0,NA,3.0,4.25,2.25,NA,NA,NA,NA,NA,NA,NA,NA,NA
2026-04-15 12:00:00,33.75,91.75,23.5,24.25,32.25,14.75,21.75,0.0,70.25,5.0,5.0,NA,3.0,4.5,2.0,NA,NA,NA,NA,NA,NA,NA,NA,NA
2026-04-15 13:00:00,19.0,68.5,23.75,30.0,35.25,13.0,16.5,0.0,66.25,4.0,4.0,NA,1.0,3.75,3.0,NA,NA,NA,NA,NA,NA,NA,NA,NA
2026-04-15 14:00:00,24.75,87.25,25.0,38.75,41.0,17.25,15.75,0.0,63.0,4.0,4.0,NA,1.25,4.0,3.0,NA,NA,NA,NA,NA,NA,NA,NA,NA
2026-04-15 15:00:00,12.25,51.25,22.25,26.25,32.0,12.75,15.25,0.0,59.25,4.0,4.0,NA,1.0,4.0,3.25,NA,NA,NA,NA,NA,NA,NA,NA,NA
2026-04-15 16:00:00,21.0,86.0,23.25,35.75,38.0,16.25,13.0,0.0,60.0,4.0,4.0,NA,1.0,4.0,3.0,NA,NA,NA,NA,NA,NA,NA,NA,NA
2026-04-15 17:00:00,17.25,66.0,25.5,41.25,42.75,19.5,11.5,0.0,54.5,3.75,4.0,NA,1.0,3.75,3.0,NA,NA,NA,NA,NA,NA,NA,NA,NA
2026-04-15 18:00:00,21.25,82.25,23.75,33.25,36.75,12.5,11.75,0.5,35.5,3.25,3.25,NA,4.0,2.5,4.5,NA,NA,NA,NA,NA,NA,NA,NA,NA
2026-04-15 19:00:00,34.75,125.75,23.25,24.5,32.0,18.75,12.25,1.5,19.75,3.0,3.0,NA,4.5,2.0,4.75,NA,NA,NA,NA,NA,NA,NA,NA,NA
2026-04-15 20:00:00,52.5,166.5,26.5,42.25,44.0,22.25,18.75,2.25,19.25,3.0,3.0,NA,4.75,2.0,4.75,NA,NA,NA,NA,NA,NA,NA,NA,NA
2026-04-15 21:00:00,72.25,222.0,28.0,49.75,49.0,23.5,22.75,3.5,19.0,1.5,1.5,NA,3.5,2.75,2.0,NA,NA,NA,NA,NA,NA,NA,NA,NA
2026-04-15 22:00:00,88.75,256.5,32.0,68.25,62.5,29.0,22.5,4.0,19.25,1.0,1.0,NA,3.0,3.0,1.0,NA,NA,NA,NA,NA,NA,NA,NA,NA
2026-04-15 23:00:00,96.67,273.0,37.33,88.67,77.33,29.33,23.33,4.33,19.33,1.0,1.0,NA,3.0,3.0,1.0,NA,NA,NA,NA,NA,NA,NA,NA,NA
2026-04-16 00:00:00,120.75,313.5,29.5,53.0,52.0,16.75,25.25,2.0,19.0,3.0,3.0,NA,2.0,2.0,2.0,NA,NA,NA,NA,NA,NA,NA,NA,NA
2026-04-16 01:00:00,118.25,266.5,47.0,129.5,107.25,34.75,25.5,1.0,19.5,3.0,3.0,NA,2.0,2.0,2.0,NA,NA,NA,NA,NA,NA,NA,NA,NA
2026-04-16 02:00:00,117.5,285.25,32.25,19.75,33.0,13.5,24.0,1.0,21.5,3.0,3.0,NA,2.0,2.0,2.0,NA,NA,NA,NA,NA,NA,NA,NA,NA
2026-04-16 03:00:00,112.75,347.25,33.25,47.25,52.5,23.5,24.0,1.0,19.5,3.0,3.0,NA,2.0,2.0,2.0,NA,NA,NA,NA,NA,NA,NA,NA,NA
2026-04-16 04:00:00,110.75,292.25,32.5,59.0,58.25,21.75,16.75,1.25,18.75,3.0,3.0,NA,2.0,2.0,2.0,NA,NA,NA,NA,NA,NA,NA,NA,NA
2026-04-16 05:00:00,120.5,289.25,31.75,57.25,56.5,22.75,13.5,1.5,18.5,3.0,3.0,NA,2.0,2.0,2.0,NA,NA,NA,NA,NA,NA,NA,NA,NA
2026-04-16 06:00:00,150.75,313.0,31.5,65.5,60.75,19.5,15.0,1.0,19.0,3.0,3.0,NA,2.0,2.0,2.0,NA,NA,NA,NA,NA,NA,NA,NA,NA
2026-04-16 07:00:00,180.5,350.25,30.75,58.75,56.5,21.0,16.25,1.25,19.5,3.0,3.0,NA,2.0,2.0,2.0,NA,NA,NA,NA,NA,NA,NA,NA,NA
2026-04-16 08:00:00,178.25,341.25,28.0,53.5,51.5,18.5,26.5,0.75,21.25,5.0,5.0,NA,3.0,4.5,2.25,NA,NA,NA,NA,NA,NA,NA,NA,NA
2026-04-16 09:00:00,147.5,270.25,27.0,43.5,45.25,14.5,29.0,0.0,42.75,5.0,5.0,NA,3.0,4.0,2.0,NA,NA,NA,NA,NA,NA,NA,NA,NA
2026-04-16 10:00:00,85.75,173.0,30.5,62.5,58.25,22.75,25.25,0.0,72.0,5.0,5.0,NA,3.0,4.5,2.25,NA,NA,NA,NA,NA,NA,NA,NA,NA
2026-04-16 11:00:00,52.5,140.0,25.0,21.75,31.25,6.25,23.25,0.0,81.75,5.0,5.0,NA,3.0,4.25,2.5,NA,NA,NA,NA,NA,NA,NA,NA,NA
2026-04-16 12:00:00,38.5,113.75,26.0,29.5,37.0,13.25,21.75,0.0,79.5,5.0,5.0,NA,3.0,4.0,2.25,NA,NA,NA,NA,NA,NA,NA,NA,NA
2026-04-16 13:00:00,34.25,103.5,25.75,32.75,38.75,13.5,21.0,0.0,80.5,4.0,3.75,NA,1.0,3.75,3.0,NA,NA,NA,NA,NA,NA,NA,NA,NA
2026-04-16 14:00:00,33.25,95.0,27.0,42.75,44.75,12.0,21.25,0.0,78.5,4.0,4.0,NA,1.0,4.0,3.0,NA,NA,NA,NA,NA,NA,NA,NA,NA
2026-04-16 15:00:00,32.0,83.25,25.5,27.5,35.5,12.0,21.0,0.0,69.25,4.0,4.0,NA,1.0,4.0,3.0,NA,NA,NA,NA,NA,NA,NA,NA,NA
2026-04-16 16:00:00,26.0,77.25,25.75,34.0,39.25,15.5,17.75,0.0,59.75,4.0,4.0,NA,1.0,4.0,3.25,NA,NA,NA,NA,NA,NA,NA,NA,NA
2026-04-16 17:00:00,22.25,74.25,23.5,23.25,31.75,11.0,16.5,0.0,52.75,4.0,4.0,NA,1.0,4.0,3.0,NA,NA,NA,NA,NA,NA,NA,NA,NA
2026-04-16 18:00:00,31.0,104.75,26.25,39.5,42.5,18.25,16.75,1.0,30.75,3.25,3.25,NA,3.75,2.25,4.25,NA,NA,NA,NA,NA,NA,NA,NA,NA
2026-04-16 19:00:00,55.5,178.5,30.25,54.0,53.25,24.25,18.5,2.25,20.25,3.0,3.0,NA,5.0,2.25,5.0,NA,NA,NA,NA,NA,NA,NA,NA,NA
2026-04-16 20:00:00,118.25,278.5,36.75,59.25,61.5,27.0,21.0,4.0,20.0,3.0,3.0,NA,4.75,2.0,4.75,NA,NA,NA,NA,NA,NA,NA,NA,NA
2026-04-16 21:00:00,106.5,298.75,37.25,57.75,61.0,26.5,22.0,4.75,19.0,1.5,1.5,NA,3.5,2.75,2.0,NA,NA,NA,NA,NA,NA,NA,NA,NA
2026-04-16 22:00:00,111.0,327.5,39.5,74.5,72.0,27.5,22.0,4.5,18.75,1.0,1.0,NA,3.0,3.0,1.0,NA,NA,NA,NA,NA,NA,NA,NA,NA
2026-04-16 23:00:00,108.67,314.67,37.33,56.67,60.67,20.0,22.0,4.67,19.0,1.0,1.0,NA,3.0,3.0,1.0,NA,NA,NA,NA,NA,NA,NA,NA,NA
2026-04-17 00:00:00,108.5,305.75,31.25,36.25,44.0,16.75,23.25,2.25,19.25,3.0,3.0,NA,2.0,2.0,2.0,NA,NA,NA,NA,NA,NA,NA,NA,NA
2026-04-17 01:00:00,123.25,338.25,33.5,59.5,59.0,27.75,24.5,2.25,19.25,3.0,3.0,NA,2.0,2.0,2.0,NA,NA,NA,NA,NA,NA,NA,NA,NA
2026-04-17 02:00:00,129.75,354.25,35.25,81.5,72.0,32.5,25.0,2.0,19.0,3.0,3.0,NA,2.0,2.0,2.0,NA,NA,NA,NA,NA,NA,NA,NA,NA
2026-04-17 03:00:00,131.75,318.25,30.75,73.75,64.5,26.0,24.25,1.25,19.0,3.0,3.0,NA,2.0,2.0,2.0,NA,NA,NA,NA,NA,NA,NA,NA,NA
2026-04-17 04:00:00,143.25,322.75,30.75,68.75,61.75,26.25,22.25,1.75,19.0,3.0,3.0,NA,2.0,2.0,2.0,NA,NA,NA,NA,NA,NA,NA,NA,NA
2026-04-17 05:00:00,156.25,349.0,32.0,72.75,64.75,30.5,21.0,2.0,19.0,3.0,3.0,NA,2.0,2.0,2.0,NA,NA,NA,NA,NA,NA,NA,NA,NA
2026-04-17 06:00:00,160.75,361.25,44.0,136.0,108.25,39.5,21.5,2.0,21.0,3.0,3.0,NA,2.0,2.0,2.0,NA,NA,NA,NA,NA,NA,NA,NA,NA
2026-04-17 07:00:00,159.5,373.0,48.75,134.25,111.5,32.5,20.5,1.75,30.75,3.0,3.0,NA,2.0,2.0,2.0,NA,NA,NA,NA,NA,NA,NA,NA,NA
2026-04-17 08:00:00,169.5,411.75,46.5,95.75,88.5,16.0,28.5,1.0,32.0,5.0,5.0,NA,3.0,4.0,2.25,NA,NA,NA,NA,NA,NA,NA,NA,NA
2026-04-17 09:00:00,162.0,383.0,41.0,61.0,64.0,12.0,31.0,1.0,26.0,5.0,5.0,NA,3.0,4.0,2.0,NA,NA,NA,NA,NA,NA,NA,NA,NA
2026-04-17 10:00:00,NA,NA,NA,NA,NA,NA,NA,NA,NA,NA,NA,NA,NA,NA,NA,NA,NA,NA,NA,NA,NA,NA,NA,NA
2026-04-17 11:00:00,NA,NA,NA,NA,NA,NA,NA,NA,NA,NA,NA,NA,NA,NA,NA,NA,NA,NA,NA,NA,NA,NA,NA,NA
2026-04-17 12:00:00,NA,NA,NA,NA,NA,NA,NA,NA,NA,NA,NA,NA,NA,NA,NA,NA,NA,NA,NA,NA,NA,NA,NA,NA
2026-04-17 13:00:00,NA,NA,NA,NA,NA,NA,NA,NA,NA,NA,NA,NA,NA,NA,NA,NA,NA,NA,NA,NA,NA,NA,NA,NA
2026-04-17 14:00:00,NA,NA,NA,NA,NA,NA,NA,NA,NA,NA,NA,NA,NA,NA,NA,NA,NA,NA,NA,NA,NA,NA,NA,NA
2026-04-17 15:00:00,NA,NA,NA,NA,NA,NA,NA,NA,NA,NA,NA,NA,NA,NA,NA,NA,NA,NA,NA,NA,NA,NA,NA,NA
2026-04-17 16:00:00,NA,NA,NA,NA,NA,NA,NA,NA,NA,NA,NA,NA,NA,NA,NA,NA,NA,NA,NA,NA,NA,NA,NA,NA
2026-04-17 17:00:00,NA,NA,NA,NA,NA,NA,NA,NA,NA,NA,NA,NA,NA,NA,NA,NA,NA,NA,NA,NA,NA,NA,NA,NA
2026-04-17 18:00:00,NA,NA,NA,NA,NA,NA,NA,NA,NA,NA,NA,NA,NA,NA,NA,NA,NA,NA,NA,NA,NA,NA,NA,NA
2026-04-17 19:00:00,NA,NA,NA,NA,NA,NA,NA,NA,NA,NA,NA,NA,NA,NA,NA,NA,NA,NA,NA,NA,NA,NA,NA,NA
2026-04-17 20:00:00,NA,NA,NA,NA,NA,NA,NA,NA,NA,NA,NA,NA,NA,NA,NA,NA,NA,NA,NA,NA,NA,NA,NA,NA
2026-04-17 21:00:00,NA,NA,NA,NA,NA,NA,NA,NA,NA,NA,NA,NA,NA,NA,NA,NA,NA,NA,NA,NA,NA,NA,NA,NA
2026-04-17 22:00:00,NA,NA,NA,NA,NA,NA,NA,NA,NA,NA,NA,NA,NA,NA,NA,NA,NA,NA,NA,NA,NA,NA,NA,NA
2026-04-17 23:00:00,NA,NA,NA,NA,NA,NA,NA,NA,NA,NA,NA,NA,NA,NA,NA,NA,NA,NA,NA,NA,NA,NA,NA,NA
2026-04-18 00:00:00,27.25,127.25,25.75,36.25,40.5,17.75,20.0,0.75,18.5,3.0,3.0,NA,2.0,2.0,2.0,NA,NA,NA,NA,NA,NA,NA,NA,NA
2026-04-18 01:00:00,35.5,124.75,28.25,45.5,47.0,21.75,22.0,1.0,18.5,3.0,3.0,NA,2.0,2.0,2.0,NA,NA,NA,NA,NA,NA,NA,NA,NA
2026-04-18 02:00:00,35.5,129.0,26.0,35.75,40.5,19.75,21.75,1.0,17.75,3.0,3.0,NA,2.0,2.0,2.0,NA,NA,NA,NA,NA,NA,NA,NA,NA
2026-04-18 03:00:00,28.5,91.5,24.5,36.5,39.5,18.25,21.0,1.0,18.0,3.0,3.0,NA,2.0,2.0,2.0,NA,NA,NA,NA,NA,NA,NA,NA,NA
2026-04-18 04:00:00,31.25,90.75,23.25,33.25,36.75,19.25,19.0,0.0,17.75,3.0,3.0,NA,2.0,2.0,2.0,NA,NA,NA,NA,NA,NA,NA,NA,NA
2026-04-18 05:00:00,58.0,116.25,25.5,45.25,45.25,23.25,18.25,0.25,17.75,3.0,3.0,NA,2.0,2.0,2.0,NA,NA,NA,NA,NA,NA,NA,NA,NA
2026-04-18 06:00:00,86.25,218.0,32.25,66.25,61.25,25.75,18.25,1.0,18.25,3.0,3.0,NA,2.0,2.0,2.0,NA,NA,NA,NA,NA,NA,NA,NA,NA
2026-04-18 07:00:00,132.25,278.25,26.25,39.0,42.25,19.0,19.0,1.0,18.25,3.0,3.0,NA,2.0,2.0,2.0,NA,NA,NA,NA,NA,NA,NA,NA,NA
2026-04-18 08:00:00,156.0,264.25,26.25,48.5,47.25,17.0,29.75,1.0,17.5,5.0,5.0,NA,3.0,4.0,2.0,NA,NA,NA,NA,NA,NA,NA,NA,NA
2026-04-18 09:00:00,134.25,217.75,25.0,35.75,39.75,15.5,35.0,0.25,20.5,5.0,5.0,NA,3.0,4.0,2.25,NA,NA,NA,NA,NA,NA,NA,NA,NA
2026-04-18 10:00:00,89.0,160.5,26.0,42.5,44.0,18.25,34.0,0.0,29.25,5.0,5.0,NA,3.0,4.5,2.0,NA,NA,NA,NA,NA,NA,NA,NA,NA
2026-04-18 11:00:00,59.75,131.75,26.5,44.25,45.25,18.75,34.5,0.0,40.75,5.0,5.0,NA,3.0,4.25,2.0,NA,NA,NA,NA,NA,NA,NA,NA,NA
2026-04-18 12:00:00,56.25,130.5,22.25,22.0,29.75,13.25,20.75,0.0,49.75,5.0,5.0,NA,3.0,4.25,2.25,NA,NA,NA,NA,NA,NA,NA,NA,NA
2026-04-18 13:00:00,37.5,110.5,23.0,36.75,38.75,17.0,12.0,0.0,56.5,4.0,4.0,NA,1.0,4.0,3.0,NA,NA,NA,NA,NA,NA,NA,NA,NA
2026-04-18 14:00:00,28.75,92.0,26.25,46.0,45.75,16.75,11.5,0.0,57.25,4.0,4.0,NA,1.0,4.0,3.25,NA,NA,NA,NA,NA,NA,NA,NA,NA
2026-04-18 15:00:00,27.0,87.75,24.75,36.25,39.5,15.75,10.75,0.0,56.25,4.0,4.0,NA,1.0,4.0,3.0,NA,NA,NA,NA,NA,NA,NA,NA,NA
2026-04-18 16:00:00,24.0,72.0,24.75,35.25,39.0,15.75,19.75,0.0,43.5,4.0,3.75,NA,1.0,4.0,3.0,NA,NA,NA,NA,NA,NA,NA,NA,NA
2026-04-18 17:00:00,28.75,89.25,25.75,38.5,41.25,16.25,24.25,0.0,36.25,4.0,4.0,NA,1.0,4.0,3.0,NA,NA,NA,NA,NA,NA,NA,NA,NA
2026-04-18 18:00:00,32.75,98.25,25.25,30.0,36.5,15.75,24.75,1.25,21.75,3.25,3.25,NA,3.75,2.5,4.25,NA,NA,NA,NA,NA,NA,NA,NA,NA
2026-04-18 19:00:00,56.5,177.5,28.25,36.75,42.75,22.5,25.75,3.0,19.75,3.0,3.0,NA,5.0,2.0,4.5,NA,NA,NA,NA,NA,NA,NA,NA,NA
2026-04-18 20:00:00,87.0,249.0,31.0,48.5,51.0,27.25,25.0,3.25,19.5,3.0,3.0,NA,4.75,2.0,5.0,NA,NA,NA,NA,NA,NA,NA,NA,NA
2026-04-18 21:00:00,105.0,280.25,31.25,49.5,51.75,26.75,24.75,4.5,20.0,1.5,1.5,NA,3.25,2.5,2.0,NA,NA,NA,NA,NA,NA,NA,NA,NA
2026-04-18 22:00:00,105.75,293.5,33.0,66.0,62.0,30.75,24.25,4.75,19.25,1.0,1.0,NA,3.0,3.0,1.0,NA,NA,NA,NA,NA,NA,NA,NA,NA
2026-04-18 23:00:00,112.67,315.67,35.33,77.33,70.0,32.67,24.67,6.0,19.33,1.0,1.0,NA,3.0,3.0,1.0,NA,NA,NA,NA,NA,NA,NA,NA,NA
2026-04-19 00:00:00,93.75,282.75,33.0,85.0,72.25,29.0,22.0,2.0,18.0,3.0,3.0,NA,2.0,2.0,2.0,NA,NA,NA,NA,NA,NA,NA,NA,NA
2026-04-19 01:00:00,95.25,269.0,32.75,84.0,71.5,27.5,21.0,2.0,18.5,3.0,3.0,NA,2.0,2.0,2.0,NA,NA,NA,NA,NA,NA,NA,NA,NA
2026-04-19 02:00:00,97.75,252.5,33.25,85.75,73.0,29.25,20.75,2.0,18.0,3.0,3.0,NA,2.0,2.0,2.0,NA,NA,NA,NA,NA,NA,NA,NA,NA
2026-04-19 03:00:00,102.25,240.75,30.25,70.25,62.25,26.5,20.5,1.5,18.25,3.0,3.0,NA,2.0,2.0,2.0,NA,NA,NA,NA,NA,NA,NA,NA,NA
2026-04-19 04:00:00,139.75,306.0,30.75,69.75,62.25,27.25,22.25,1.75,18.75,3.0,3.0,NA,2.0,2.0,2.0,NA,NA,NA,NA,NA,NA,NA,NA,NA
2026-04-19 05:00:00,174.25,355.25,31.0,68.75,62.25,27.0,23.0,1.25,18.75,3.0,3.0,NA,2.0,2.0,2.0,NA,NA,NA,NA,NA,NA,NA,NA,NA
2026-04-19 06:00:00,212.75,370.5,31.25,75.25,65.25,27.0,22.75,0.5,18.25,3.0,3.0,NA,2.0,2.0,2.0,NA,NA,NA,NA,NA,NA,NA,NA,NA
2026-04-19 07:00:00,245.0,385.0,28.25,56.75,53.25,20.25,27.25,0.0,18.75,3.0,3.0,NA,2.0,2.0,2.0,NA,NA,NA,NA,NA,NA,NA,NA,NA
2026-04-19 08:00:00,224.25,341.5,26.5,47.25,47.25,17.25,25.75,1.0,19.5,5.0,5.0,NA,3.0,4.25,2.0,NA,NA,NA,NA,NA,NA,NA,NA,NA
2026-04-19 09:00:00,206.0,322.5,24.5,34.0,38.5,15.0,23.25,0.5,30.25,5.0,5.0,NA,3.0,4.5,2.0,NA,NA,NA,NA,NA,NA,NA,NA,NA
2026-04-19 10:00:00,182.25,314.75,25.5,43.5,44.25,19.75,23.0,0.0,49.5,5.0,5.0,NA,3.0,4.25,2.0,NA,NA,NA,NA,NA,NA,NA,NA,NA
2026-04-19 11:00:00,134.5,263.25,24.75,38.75,41.25,18.0,20.5,0.0,64.25,5.0,5.0,NA,3.0,4.0,2.0,NA,NA,NA,NA,NA,NA,NA,NA,NA
2026-04-19 12:00:00,91.0,190.5,24.25,31.75,37.0,14.5,17.0,0.0,77.25,5.0,5.0,NA,3.0,4.5,2.25,NA,NA,NA,NA,NA,NA,NA,NA,NA
2026-04-19 13:00:00,55.0,143.0,26.0,40.5,42.5,15.75,13.75,0.0,59.5,4.0,4.0,NA,1.0,4.0,3.0,NA,NA,NA,NA,NA,NA,NA,NA,NA
2026-04-19 14:00:00,27.0,97.25,26.0,37.25,41.25,15.0,12.25,0.0,56.75,4.0,4.0,NA,1.0,4.0,3.0,NA,NA,NA,NA,NA,NA,NA,NA,NA
2026-04-19 15:00:00,26.0,86.5,24.5,30.0,36.25,16.75,12.0,0.0,56.0,4.0,4.0,NA,1.0,4.0,3.0,NA,NA,NA,NA,NA,NA,NA,NA,NA
2026-04-19 16:00:00,15.75,49.75,23.25,27.5,33.5,14.5,21.25,0.0,55.25,4.0,4.0,NA,1.0,4.0,3.0,NA,NA,NA,NA,NA,NA,NA,NA,NA
2026-04-19 17:00:00,20.5,65.75,23.75,36.0,38.75,15.5,25.5,0.0,49.0,4.0,4.0,NA,1.0,4.0,3.25,NA,NA,NA,NA,NA,NA,NA,NA,NA
2026-04-19 18:00:00,23.75,76.75,24.25,36.75,39.25,17.75,25.0,0.25,34.0,3.25,3.25,NA,3.75,2.5,4.5,NA,NA,NA,NA,NA,NA,NA,NA,NA
2026-04-19 19:00:00,38.25,108.75,25.0,33.0,37.75,18.25,26.25,1.5,19.75,3.0,3.0,NA,5.0,2.0,4.75,NA,NA,NA,NA,NA,NA,NA,NA,NA
2026-04-19 20:00:00,64.25,180.75,26.0,38.5,41.75,20.5,24.5,1.0,18.0,3.0,3.0,NA,4.75,2.0,5.0,NA,NA,NA,NA,NA,NA,NA,NA,NA
2026-04-19 21:00:00,60.25,176.75,24.25,35.0,38.5,18.75,23.5,1.0,23.5,1.5,1.5,NA,3.5,2.75,2.0,NA,NA,NA,NA,NA,NA,NA,NA,NA
2026-04-19 22:00:00,59.5,204.0,23.0,26.5,33.25,15.25,23.5,1.0,27.0,1.0,1.0,NA,3.0,3.0,1.0,NA,NA,NA,NA,NA,NA,NA,NA,NA
2026-04-19 23:00:00,55.0,202.67,23.67,33.67,37.33,18.0,22.33,1.0,26.0,1.0,1.0,NA,3.0,3.0,1.0,NA,NA,NA,NA,NA,NA,NA,NA,NA
2026-04-20 00:00:00,56.5,191.5,26.25,45.0,45.5,18.75,20.75,0.0,25.0,3.0,3.0,NA,2.0,2.0,2.0,NA,NA,NA,NA,NA,NA,NA,NA,NA
2026-04-20 01:00:00,56.0,191.25,25.5,38.5,41.0,17.25,18.0,0.0,21.75,3.0,3.0,NA,2.0,2.0,2.0,NA,NA,NA,NA,NA,NA,NA,NA,NA
2026-04-20 02:00:00,47.75,170.0,24.5,34.0,38.0,14.75,19.5,0.0,25.5,3.0,3.0,NA,2.0,2.0,2.0,NA,NA,NA,NA,NA,NA,NA,NA,NA
2026-04-20 03:00:00,48.5,154.25,24.5,35.75,39.25,17.75,19.75,0.0,24.0,3.0,3.0,NA,2.0,2.0,2.0,NA,NA,NA,NA,NA,NA,NA,NA,NA
2026-04-20 04:00:00,52.25,157.0,24.5,34.25,38.25,18.0,14.5,0.0,23.75,3.0,3.0,NA,2.0,2.0,2.0,NA,NA,NA,NA,NA,NA,NA,NA,NA
2026-04-20 05:00:00,52.75,152.25,26.0,45.25,45.25,18.0,12.25,0.0,23.25,3.0,3.0,NA,2.0,2.0,2.0,NA,NA,NA,NA,NA,NA,NA,NA,NA
2026-04-20 06:00:00,55.0,159.0,28.5,56.75,53.75,18.75,12.75,0.0,22.5,3.0,3.0,NA,2.0,2.0,2.0,NA,NA,NA,NA,NA,NA,NA,NA,NA
2026-04-20 07:00:00,64.5,192.0,27.5,40.75,44.25,16.0,13.75,0.5,22.0,3.0,3.0,NA,2.0,2.0,2.0,NA,NA,NA,NA,NA,NA,NA,NA,NA
2026-04-20 08:00:00,68.75,205.0,25.5,35.5,40.0,15.25,17.5,0.25,30.5,5.0,5.0,NA,3.0,4.0,2.0,NA,NA,NA,NA,NA,NA,NA,NA,NA
2026-04-20 09:00:00,75.0,205.5,23.5,23.5,31.75,12.5,20.0,1.0,43.25,5.0,5.0,NA,3.0,4.75,2.25,NA,NA,NA,NA,NA,NA,NA,NA,NA
2026-04-20 10:00:00,77.0,203.0,29.5,60.5,56.5,22.75,18.25,0.0,60.25,5.0,5.0,NA,3.0,4.25,2.25,NA,NA,NA,NA,NA,NA,NA,NA,NA
2026-04-20 11:00:00,58.75,176.0,30.5,45.75,49.25,15.75,16.0,0.0,61.25,5.0,5.0,NA,3.0,4.75,2.25,NA,NA,NA,NA,NA,NA,NA,NA,NA
2026-04-20 12:00:00,43.75,151.5,25.25,20.25,31.0,9.5,19.5,0.0,59.0,5.0,5.0,NA,3.0,4.25,2.0,NA,NA,NA,NA,NA,NA,NA,NA,NA
2026-04-20 13:00:00,28.0,106.75,25.75,31.25,38.0,13.25,20.0,0.0,58.5,4.0,4.0,NA,1.0,4.0,3.0,NA,NA,NA,NA,NA,NA,NA,NA,NA
2026-04-20 14:00:00,19.5,81.0,24.0,21.0,30.75,9.25,20.75,0.0,57.0,4.0,4.0,NA,1.0,4.0,3.0,NA,NA,NA,NA,NA,NA,NA,NA,NA
2026-04-20 15:00:00,23.0,94.5,22.5,20.25,29.25,11.0,19.25,0.0,55.75,4.0,4.0,NA,1.0,3.75,3.0,NA,NA,NA,NA,NA,NA,NA,NA,NA
2026-04-20 16:00:00,26.0,100.25,25.5,41.25,43.25,15.25,22.25,0.0,56.25,4.0,4.0,NA,1.0,4.0,3.0,NA,NA,NA,NA,NA,NA,NA,NA,NA
2026-04-20 17:00:00,22.5,86.5,25.25,39.0,41.5,13.75,24.25,0.0,56.25,4.0,4.0,NA,1.0,4.0,3.0,NA,NA,NA,NA,NA,NA,NA,NA,NA
2026-04-20 18:00:00,22.5,90.5,26.25,38.75,42.25,16.75,24.5,0.0,45.0,3.25,3.25,NA,3.5,2.5,4.5,NA,NA,NA,NA,NA,NA,NA,NA,NA
2026-04-20 19:00:00,32.0,114.0,24.75,28.75,35.25,14.5,25.0,0.5,32.5,3.0,3.0,NA,4.5,2.0,4.75,NA,NA,NA,NA,NA,NA,NA,NA,NA
2026-04-20 20:00:00,38.5,136.25,23.0,22.0,30.5,15.0,25.25,1.0,24.5,3.0,3.0,NA,5.0,2.0,5.0,NA,NA,NA,NA,NA,NA,NA,NA,NA
2026-04-20 21:00:00,64.25,170.75,29.25,55.75,53.75,22.25,26.5,1.0,19.25,1.5,1.5,NA,3.5,2.75,1.75,NA,NA,NA,NA,NA,NA,NA,NA,NA
2026-04-20 22:00:00,62.0,174.75,27.75,40.5,43.75,16.5,25.75,1.0,26.25,1.0,1.0,NA,3.0,3.0,1.0,NA,NA,NA,NA,NA,NA,NA,NA,NA
2026-04-20 23:00:00,48.67,160.67,26.33,34.0,39.33,14.33,25.67,1.0,29.67,1.0,1.0,NA,3.0,3.0,1.0,NA,NA,NA,NA,NA,NA,NA,NA,NA
2026-04-21 00:00:00,49.5,155.0,22.0,15.25,26.25,10.75,19.75,0.0,35.75,3.0,3.0,NA,2.0,2.0,2.0,NA,NA,NA,NA,NA,NA,NA,NA,NA
2026-04-21 01:00:00,41.5,124.75,21.75,25.5,31.25,14.25,17.5,0.0,34.25,3.0,3.0,NA,2.0,2.0,2.0,NA,NA,NA,NA,NA,NA,NA,NA,NA
2026-04-21 02:00:00,48.75,134.5,23.5,37.75,39.5,19.25,17.5,0.0,33.0,3.0,3.0,NA,2.0,2.0,2.0,NA,NA,NA,NA,NA,NA,NA,NA,NA
2026-04-21 03:00:00,44.25,127.5,25.75,47.0,46.25,19.25,15.75,0.0,34.25,3.0,3.0,NA,2.0,2.0,2.0,NA,NA,NA,NA,NA,NA,NA,NA,NA
2026-04-21 04:00:00,39.25,120.5,25.0,39.75,41.5,16.25,18.75,0.0,24.5,3.0,3.0,NA,2.0,2.0,2.0,NA,NA,NA,NA,NA,NA,NA,NA,NA
2026-04-21 05:00:00,42.25,148.75,27.5,42.5,45.0,21.75,20.5,1.0,19.25,3.0,3.0,NA,2.0,2.0,2.0,NA,NA,NA,NA,NA,NA,NA,NA,NA
2026-04-21 06:00:00,44.5,149.5,31.5,68.5,62.0,19.5,21.0,1.0,19.0,3.0,3.0,NA,2.0,2.0,2.0,NA,NA,NA,NA,NA,NA,NA,NA,NA
2026-04-21 07:00:00,77.25,176.75,25.75,28.25,35.75,12.0,29.25,1.0,26.75,3.0,3.0,NA,2.0,2.0,2.0,NA,NA,NA,NA,NA,NA,NA,NA,NA
2026-04-21 08:00:00,138.5,279.5,22.5,17.5,28.0,13.25,31.75,0.75,39.0,5.0,5.0,NA,3.0,4.25,2.0,NA,NA,NA,NA,NA,NA,NA,NA,NA
2026-04-21 09:00:00,109.25,251.0,25.5,39.25,41.5,15.25,29.0,0.25,61.75,5.0,5.0,NA,3.0,4.25,2.25,NA,NA,NA,NA,NA,NA,NA,NA,NA
2026-04-21 10:00:00,69.5,188.0,25.0,36.5,39.75,14.75,28.75,0.0,76.75,5.0,5.0,NA,3.0,4.5,2.0,NA,NA,NA,NA,NA,NA,NA,NA,NA
2026-04-21 11:00:00,56.25,186.25,29.25,55.5,53.5,20.25,27.25,0.0,82.0,5.0,5.0,NA,3.0,4.0,2.0,NA,NA,NA,NA,NA,NA,NA,NA,NA
2026-04-21 12:00:00,36.75,163.5,32.75,67.5,63.0,20.75,21.25,0.0,68.5,5.0,5.0,NA,3.0,4.25,2.0,NA,NA,NA,NA,NA,NA,NA,NA,NA
2026-04-21 13:00:00,26.5,123.25,34.75,64.25,62.5,14.0,18.25,0.0,68.0,4.0,3.75,NA,1.0,4.0,3.0,NA,NA,NA,NA,NA,NA,NA,NA,NA
2026-04-21 14:00:00,31.75,123.5,26.5,13.0,28.25,6.5,17.5,0.0,65.0,4.0,4.0,NA,1.0,4.0,3.0,NA,NA,NA,NA,NA,NA,NA,NA,NA
2026-04-21 15:00:00,31.0,121.0,30.25,43.25,46.75,14.0,18.75,0.0,71.25,4.0,3.75,NA,1.0,4.0,3.0,NA,NA,NA,NA,NA,NA,NA,NA,NA
2026-04-21 16:00:00,30.25,108.5,24.75,24.33,26.25,8.25,21.75,0.0,69.5,4.0,4.0,NA,1.0,4.0,3.25,NA,NA,NA,NA,NA,NA,NA,NA,NA
2026-04-21 17:00:00,29.0,113.5,22.0,15.25,25.0,10.75,23.0,0.0,66.75,4.0,4.0,NA,1.0,4.0,3.0,NA,NA,NA,NA,NA,NA,NA,NA,NA
2026-04-21 18:00:00,33.75,121.0,30.75,57.25,55.25,24.25,22.75,0.5,49.5,3.25,3.25,NA,3.75,2.5,4.5,NA,NA,NA,NA,NA,NA,NA,NA,NA
2026-04-21 19:00:00,40.75,130.5,23.25,33.0,35.0,12.5,22.75,1.0,29.0,3.0,3.0,NA,5.0,2.0,5.0,NA,NA,NA,NA,NA,NA,NA,NA,NA
2026-04-21 20:00:00,56.0,174.0,25.75,36.75,40.0,15.75,15.5,1.0,19.0,3.0,3.0,NA,5.0,2.0,5.0,NA,NA,NA,NA,NA,NA,NA,NA,NA
2026-04-21 21:00:00,70.25,199.25,25.5,32.5,37.75,17.75,13.75,2.0,18.5,1.5,1.5,NA,3.5,2.75,2.0,NA,NA,NA,NA,NA,NA,NA,NA,NA
2026-04-21 22:00:00,94.75,233.5,24.25,47.75,44.25,19.75,15.0,2.0,19.75,1.0,1.0,NA,3.0,3.0,1.0,NA,NA,NA,NA,NA,NA,NA,NA,NA
2026-04-21 23:00:00,123.33,272.33,24.33,36.67,40.0,17.33,15.33,1.67,19.33,1.0,1.0,NA,3.0,3.0,1.0,NA,NA,NA,NA,NA,NA,NA,NA,NA
2026-04-22 00:00:00,106.5,264.0,23.75,31.25,35.75,17.0,17.75,1.0,19.75,3.0,3.0,NA,2.0,2.0,2.0,NA,NA,NA,NA,NA,NA,NA,NA,NA
2026-04-22 01:00:00,115.0,258.75,23.25,25.5,32.75,18.5,18.0,1.0,19.75,3.0,3.0,NA,2.0,2.0,2.0,NA,NA,NA,NA,NA,NA,NA,NA,NA
2026-04-22 02:00:00,84.0,204.25,22.25,26.25,32.0,16.25,16.5,1.0,19.0,3.0,3.0,NA,2.0,2.0,2.0,NA,NA,NA,NA,NA,NA,NA,NA,NA
2026-04-22 03:00:00,77.25,212.5,25.75,41.25,42.75,20.0,17.0,0.75,18.75,3.0,3.0,NA,2.0,2.0,2.0,NA,NA,NA,NA,NA,NA,NA,NA,NA
2026-04-22 04:00:00,94.75,228.25,25.75,41.5,43.5,20.0,15.5,1.0,18.25,3.0,3.0,NA,2.0,2.0,2.0,NA,NA,NA,NA,NA,NA,NA,NA,NA
2026-04-22 05:00:00,131.5,287.75,24.75,39.75,41.5,21.25,15.0,1.0,18.75,3.0,3.0,NA,2.0,2.0,2.0,NA,NA,NA,NA,NA,NA,NA,NA,NA
2026-04-22 06:00:00,145.5,278.5,26.25,46.5,46.5,18.25,22.0,0.25,19.75,3.0,3.0,NA,2.0,2.0,2.0,NA,NA,NA,NA,NA,NA,NA,NA,NA
2026-04-22 07:00:00,161.0,306.75,26.75,45.0,45.5,18.75,21.25,0.0,26.75,3.0,3.0,NA,2.0,2.0,2.0,NA,NA,NA,NA,NA,NA,NA,NA,NA
2026-04-22 08:00:00,125.75,282.0,23.5,25.5,33.0,12.25,20.25,0.75,42.0,5.0,5.0,NA,3.0,4.25,2.25,NA,NA,NA,NA,NA,NA,NA,NA,NA
2026-04-22 09:00:00,90.75,265.25,24.0,26.5,33.5,14.5,20.25,0.0,60.5,5.0,5.0,NA,3.0,4.25,2.0,NA,NA,NA,NA,NA,NA,NA,NA,NA
2026-04-22 10:00:00,71.25,203.5,24.75,37.75,40.0,16.5,21.25,0.0,74.5,5.0,5.0,NA,3.0,4.0,2.0,NA,NA,NA,NA,NA,NA,NA,NA,NA
2026-04-22 11:00:00,42.0,143.25,27.5,49.25,48.75,19.0,21.75,0.0,73.5,5.0,5.0,NA,3.0,4.5,2.0,NA,NA,NA,NA,NA,NA,NA,NA,NA
2026-04-22 12:00:00,38.0,130.5,25.0,22.75,32.5,14.5,27.0,0.0,72.25,5.0,5.0,NA,3.0,4.5,2.25,NA,NA,NA,NA,NA,NA,NA,NA,NA
2026-04-22 13:00:00,33.5,107.75,24.75,31.25,37.25,13.5,26.5,0.0,70.25,4.0,4.0,NA,1.0,4.0,3.25,NA,NA,NA,NA,NA,NA,NA,NA,NA
2026-04-22 14:00:00,22.0,84.25,24.5,31.0,36.5,12.5,26.25,0.0,67.25,4.0,4.0,NA,1.0,4.0,3.0,NA,NA,NA,NA,NA,NA,NA,NA,NA
2026-04-22 15:00:00,34.5,104.67,24.0,29.67,35.33,16.33,26.67,0.0,67.0,4.0,4.0,NA,1.0,4.0,3.0,NA,NA,NA,NA,NA,NA,NA,NA,NA
2026-04-22 16:00:00,37.5,131.75,24.5,37.75,40.25,16.25,19.0,0.0,65.25,4.0,4.0,NA,1.0,4.0,3.0,NA,NA,NA,NA,NA,NA,NA,NA,NA
2026-04-22 17:00:00,29.75,100.5,27.5,50.75,49.75,19.5,15.0,0.0,64.0,4.0,4.0,NA,1.0,4.0,3.0,NA,NA,NA,NA,NA,NA,NA,NA,NA
2026-04-22 18:00:00,28.5,97.25,26.25,36.75,41.25,16.25,15.0,0.75,46.5,3.25,3.25,NA,3.75,2.5,4.25,NA,NA,NA,NA,NA,NA,NA,NA,NA
2026-04-22 19:00:00,41.75,135.0,23.0,24.25,31.5,15.25,15.25,1.0,24.75,3.0,3.0,NA,4.5,2.0,4.75,NA,NA,NA,NA,NA,NA,NA,NA,NA
2026-04-22 20:00:00,83.0,199.25,23.75,32.25,36.5,16.75,23.5,1.0,20.25,3.0,3.0,NA,5.0,2.0,4.75,NA,NA,NA,NA,NA,NA,NA,NA,NA
2026-04-22 21:00:00,97.25,230.0,25.75,43.25,44.0,18.75,27.5,2.0,19.0,1.5,1.5,NA,3.5,2.75,2.0,NA,NA,NA,NA,NA,NA,NA,NA,NA
2026-04-22 22:00:00,122.75,246.5,24.25,32.0,36.75,17.25,27.25,2.0,19.0,1.0,1.0,NA,3.0,3.0,1.0,NA,NA,NA,NA,NA,NA,NA,NA,NA
2026-04-22 23:00:00,84.67,197.33,26.0,40.0,43.0,22.33,28.0,2.33,19.0,1.0,1.0,NA,3.0,3.0,1.0,NA,NA,NA,NA,NA,NA,NA,NA,NA
2026-04-23 00:00:00,98.0,249.5,31.5,74.5,65.25,27.75,17.25,1.0,18.5,3.0,3.0,NA,2.0,2.0,2.0,NA,NA,NA,NA,NA,NA,NA,NA,NA
2026-04-23 01:00:00,106.25,235.25,35.0,63.75,62.5,21.75,12.5,0.25,19.5,3.0,3.0,NA,2.0,2.0,2.0,NA,NA,NA,NA,NA,NA,NA,NA,NA
2026-04-23 02:00:00,92.75,188.25,36.5,66.5,65.25,21.0,9.5,0.0,21.5,3.0,3.0,NA,2.0,2.0,2.0,NA,NA,NA,NA,NA,NA,NA,NA,NA
2026-04-23 03:00:00,86.0,166.0,38.75,50.75,58.0,13.5,9.75,0.0,32.25,3.0,3.0,NA,2.0,2.0,2.0,NA,NA,NA,NA,NA,NA,NA,NA,NA
2026-04-23 04:00:00,97.75,181.25,38.75,47.75,56.75,4.75,18.75,0.25,36.25,3.0,3.0,NA,2.0,2.0,2.0,NA,NA,NA,NA,NA,NA,NA,NA,NA
2026-04-23 05:00:00,66.75,144.0,21.25,13.25,18.5,3.0,17.0,0.0,26.25,3.0,3.0,NA,2.0,2.0,2.0,NA,NA,NA,NA,NA,NA,NA,NA,NA
2026-04-23 06:00:00,30.75,96.25,23.75,9.25,22.5,7.5,17.0,0.0,23.5,3.0,3.0,NA,2.0,2.0,2.0,NA,NA,NA,NA,NA,NA,NA,NA,NA
2026-04-23 07:00:00,18.5,71.5,26.25,33.75,39.25,13.0,17.5,0.0,32.75,3.0,3.0,NA,2.0,2.0,2.0,NA,NA,NA,NA,NA,NA,NA,NA,NA
2026-04-23 08:00:00,22.25,96.0,20.25,10.25,21.5,9.25,20.75,0.0,39.5,5.0,5.0,NA,3.0,4.75,2.0,NA,NA,NA,NA,NA,NA,NA,NA,NA
2026-04-23 09:00:00,25.0,99.25,23.0,34.0,37.0,17.25,23.0,0.0,45.25,5.0,5.0,NA,3.0,4.25,2.0,NA,NA,NA,NA,NA,NA,NA,NA,NA
2026-04-23 10:00:00,25.5,107.5,26.25,50.0,48.25,20.25,24.5,0.0,54.75,5.0,5.0,NA,3.0,4.5,2.25,NA,NA,NA,NA,NA,NA,NA,NA,NA
2026-04-23 11:00:00,28.25,119.25,28.75,59.0,55.0,21.75,24.5,0.0,58.5,5.0,5.0,NA,3.0,4.75,2.0,NA,NA,NA,NA,NA,NA,NA,NA,NA
2026-04-23 12:00:00,24.0,93.0,27.0,36.75,41.75,16.75,21.0,0.0,62.25,5.0,5.0,NA,3.0,4.5,2.0,NA,NA,NA,NA,NA,NA,NA,NA,NA
2026-04-23 13:00:00,20.0,80.0,26.0,32.25,38.5,13.25,18.5,0.0,59.5,4.0,4.0,NA,1.0,4.0,3.0,NA,NA,NA,NA,NA,NA,NA,NA,NA
2026-04-23 14:00:00,27.0,93.5,23.75,17.25,28.5,13.5,18.0,0.0,63.0,4.0,4.0,NA,1.0,4.0,3.0,NA,NA,NA,NA,NA,NA,NA,NA,NA
2026-04-23 15:00:00,21.25,76.0,22.25,22.75,30.0,11.75,17.75,0.0,58.5,4.0,4.0,NA,1.0,4.0,3.0,NA,NA,NA,NA,NA,NA,NA,NA,NA
2026-04-23 16:00:00,23.5,83.5,25.0,40.75,42.5,16.0,22.75,0.0,59.0,4.0,4.0,NA,1.0,4.0,3.0,NA,NA,NA,NA,NA,NA,NA,NA,NA
2026-04-23 17:00:00,29.75,99.5,25.5,43.0,43.5,16.75,25.0,0.0,52.75,4.0,4.0,NA,1.0,4.0,3.0,NA,NA,NA,NA,NA,NA,NA,NA,NA
2026-04-23 18:00:00,33.75,112.0,25.0,33.25,38.25,18.0,25.0,1.0,23.5,3.25,3.25,NA,3.5,2.5,4.5,NA,NA,NA,NA,NA,NA,NA,NA,NA
2026-04-23 19:00:00,39.5,143.25,25.75,33.75,39.0,21.5,25.75,2.0,19.0,3.0,3.0,NA,4.75,2.0,5.0,NA,NA,NA,NA,NA,NA,NA,NA,NA
2026-04-23 20:00:00,55.75,178.25,27.5,34.25,40.5,20.25,23.5,2.0,19.0,3.0,3.0,NA,4.5,2.0,4.5,NA,NA,NA,NA,NA,NA,NA,NA,NA
2026-04-23 21:00:00,72.0,203.0,28.25,53.75,51.75,24.25,22.75,3.0,18.75,1.5,1.5,NA,3.5,2.75,2.0,NA,NA,NA,NA,NA,NA,NA,NA,NA
2026-04-23 22:00:00,75.5,217.0,30.25,65.25,59.25,22.25,23.0,2.0,17.75,1.0,1.0,NA,3.0,3.0,1.0,NA,NA,NA,NA,NA,NA,NA,NA,NA
2026-04-23 23:00:00,83.33,214.67,28.33,49.33,49.67,16.67,22.33,2.33,18.0,1.0,1.0,NA,3.0,2.67,1.0,NA,NA,NA,NA,NA,NA,NA,NA,NA
2026-04-24 00:00:00,106.5,280.75,27.5,44.25,46.0,17.25,28.0,2.25,19.0,3.0,3.0,NA,2.0,2.0,2.0,NA,NA,NA,NA,NA,NA,NA,NA,NA
2026-04-24 01:00:00,124.5,325.0,27.5,50.0,49.5,21.25,31.0,2.0,18.75,3.0,3.0,NA,2.0,2.0,2.0,NA,NA,NA,NA,NA,NA,NA,NA,NA
2026-04-24 02:00:00,134.75,320.0,27.25,54.0,51.25,22.0,36.5,1.25,18.0,3.0,3.0,NA,2.0,2.0,2.0,NA,NA,NA,NA,NA,NA,NA,NA,NA
2026-04-24 03:00:00,168.0,316.75,23.5,38.0,39.25,15.75,42.75,0.25,19.0,3.0,3.0,NA,2.0,2.0,2.0,NA,NA,NA,NA,NA,NA,NA,NA,NA
2026-04-24 04:00:00,190.25,310.5,24.5,38.5,40.5,20.0,40.5,1.0,19.0,3.0,3.0,NA,2.0,2.0,2.0,NA,NA,NA,NA,NA,NA,NA,NA,NA
2026-04-24 05:00:00,175.75,285.5,26.75,49.25,47.75,20.75,39.0,0.25,18.5,3.0,3.0,NA,2.0,2.0,2.0,NA,NA,NA,NA,NA,NA,NA,NA,NA
2026-04-24 06:00:00,141.25,242.5,29.0,55.75,53.75,20.25,36.0,0.5,18.75,3.0,3.0,NA,2.0,2.0,2.0,NA,NA,NA,NA,NA,NA,NA,NA,NA
2026-04-24 07:00:00,123.25,239.25,28.75,53.0,51.5,15.75,33.25,0.0,19.75,3.0,3.0,NA,2.0,2.0,2.0,NA,NA,NA,NA,NA,NA,NA,NA,NA
2026-04-24 08:00:00,65.0,171.75,27.25,38.25,42.5,13.25,33.5,0.0,27.25,5.0,5.0,NA,3.0,4.5,2.25,NA,NA,NA,NA,NA,NA,NA,NA,NA
2026-04-24 09:00:00,43.5,153.5,23.5,23.75,31.75,9.0,38.25,0.0,43.75,5.0,5.0,NA,3.0,4.5,2.5,NA,NA,NA,NA,NA,NA,NA,NA,NA
2026-04-24 10:00:00,62.25,195.25,26.0,38.5,41.5,16.0,39.0,0.0,69.25,5.0,5.0,NA,3.0,4.0,2.0,NA,NA,NA,NA,NA,NA,NA,NA,NA
2026-04-24 11:00:00,67.5,179.5,24.5,32.5,37.5,14.25,38.0,0.0,83.75,5.0,5.0,NA,3.0,4.5,2.0,NA,NA,NA,NA,NA,NA,NA,NA,NA
2026-04-24 12:00:00,54.75,162.5,25.0,39.75,41.75,16.25,22.5,0.0,82.5,5.0,5.0,NA,3.0,4.25,2.0,NA,NA,NA,NA,NA,NA,NA,NA,NA
2026-04-24 13:00:00,43.75,134.5,26.5,46.0,46.0,19.75,14.25,0.0,81.0,4.0,4.0,NA,1.0,3.75,3.0,NA,NA,NA,NA,NA,NA,NA,NA,NA
2026-04-24 14:00:00,50.5,151.25,24.75,30.5,36.5,15.0,14.75,0.0,83.75,4.0,4.0,NA,1.0,4.0,3.0,NA,NA,NA,NA,NA,NA,NA,NA,NA
2026-04-24 15:00:00,55.25,170.25,23.25,27.5,33.5,14.0,14.5,0.0,79.25,4.0,4.0,NA,1.0,4.0,3.0,NA,NA,NA,NA,NA,NA,NA,NA,NA
2026-04-24 16:00:00,53.25,163.0,25.5,39.0,41.75,15.5,26.0,0.0,69.5,4.0,4.0,NA,1.0,4.0,3.0,NA,NA,NA,NA,NA,NA,NA,NA,NA
2026-04-24 17:00:00,44.25,139.5,23.5,27.25,33.75,12.75,31.0,0.5,54.0,4.0,4.0,NA,1.0,4.0,3.0,NA,NA,NA,NA,NA,NA,NA,NA,NA
2026-04-24 18:00:00,55.5,148.0,25.75,37.0,40.5,17.75,30.75,1.25,25.25,3.25,3.25,NA,3.75,2.5,4.5,NA,NA,NA,NA,NA,NA,NA,NA,NA
2026-04-24 19:00:00,69.75,192.25,28.75,46.75,48.5,19.0,30.75,2.25,19.0,3.0,3.0,NA,4.5,2.0,5.0,NA,NA,NA,NA,NA,NA,NA,NA,NA
2026-04-24 20:00:00,74.25,220.75,28.75,39.0,44.25,20.25,26.5,2.75,19.0,3.0,3.0,NA,5.0,2.0,4.5,NA,NA,NA,NA,NA,NA,NA,NA,NA
2026-04-24 21:00:00,93.75,243.25,29.5,46.75,49.0,22.25,25.0,3.75,18.75,1.5,1.5,NA,3.5,2.75,2.0,NA,NA,NA,NA,NA,NA,NA,NA,NA
2026-04-24 22:00:00,118.25,294.25,27.0,41.0,43.75,18.75,26.75,3.0,18.0,1.0,1.0,NA,3.0,3.0,1.0,NA,NA,NA,NA,NA,NA,NA,NA,NA
2026-04-24 23:00:00,129.33,325.67,28.67,57.0,53.67,25.67,27.0,3.0,19.0,1.0,1.0,NA,3.0,3.0,1.0,NA,NA,NA,NA,NA,NA,NA,NA,NA
2026-04-25 00:00:00,151.75,375.75,28.5,50.5,49.75,18.25,19.75,2.0,19.75,3.0,3.0,NA,2.0,2.0,2.0,NA,NA,NA,NA,NA,NA,NA,NA,NA
2026-04-25 01:00:00,144.75,342.0,30.0,60.0,56.5,20.75,15.25,1.5,19.0,3.0,3.0,NA,2.0,2.0,2.0,NA,NA,NA,NA,NA,NA,NA,NA,NA
2026-04-25 02:00:00,132.5,290.5,26.75,42.0,44.25,18.75,15.5,0.5,18.0,3.0,3.0,NA,2.0,2.0,2.0,NA,NA,NA,NA,NA,NA,NA,NA,NA
2026-04-25 03:00:00,98.5,223.5,24.25,32.75,37.5,15.0,15.0,0.0,20.5,3.0,3.0,NA,2.0,2.0,2.0,NA,NA,NA,NA,NA,NA,NA,NA,NA
2026-04-25 04:00:00,74.0,196.0,24.75,32.0,37.25,18.5,17.25,0.5,20.0,3.0,3.0,NA,2.0,2.0,2.0,NA,NA,NA,NA,NA,NA,NA,NA,NA
2026-04-25 05:00:00,78.75,234.5,29.25,55.75,53.5,23.25,17.75,1.0,18.25,3.0,3.0,NA,2.0,2.0,2.0,NA,NA,NA,NA,NA,NA,NA,NA,NA
2026-04-25 06:00:00,82.25,230.25,26.25,41.5,43.75,14.75,17.25,0.25,18.5,3.0,3.0,NA,2.0,2.0,2.0,NA,NA,NA,NA,NA,NA,NA,NA,NA
2026-04-25 07:00:00,127.5,275.25,26.0,43.0,43.75,16.0,24.0,0.0,23.25,3.0,3.0,NA,2.0,2.0,2.0,NA,NA,NA,NA,NA,NA,NA,NA,NA
2026-04-25 08:00:00,185.0,370.5,22.25,25.0,31.5,12.5,27.0,0.75,38.25,5.0,5.0,NA,3.0,4.0,2.0,NA,NA,NA,NA,NA,NA,NA,NA,NA
2026-04-25 09:00:00,134.75,293.75,23.25,36.25,38.25,16.25,23.0,0.25,52.25,5.0,5.0,NA,3.0,4.75,2.0,NA,NA,NA,NA,NA,NA,NA,NA,NA
2026-04-25 10:00:00,79.5,206.25,22.75,32.75,36.0,17.25,21.75,0.0,65.5,5.0,5.0,NA,3.0,4.0,2.0,NA,NA,NA,NA,NA,NA,NA,NA,NA
2026-04-25 11:00:00,50.5,165.0,29.25,66.75,59.5,23.0,23.0,0.0,69.25,5.0,5.0,NA,3.0,4.0,2.25,NA,NA,NA,NA,NA,NA,NA,NA,NA
2026-04-25 12:00:00,38.75,143.5,26.0,32.25,38.5,12.75,22.75,0.0,63.5,5.0,5.0,NA,3.0,4.25,2.0,NA,NA,NA,NA,NA,NA,NA,NA,NA
2026-04-25 13:00:00,34.75,115.25,22.0,20.0,28.5,12.5,24.0,0.0,59.5,4.0,3.75,NA,1.0,4.0,3.0,NA,NA,NA,NA,NA,NA,NA,NA,NA
2026-04-25 14:00:00,30.75,119.0,25.5,42.0,43.25,19.75,24.0,0.0,55.75,4.0,4.0,NA,1.0,4.0,3.0,NA,NA,NA,NA,NA,NA,NA,NA,NA
2026-04-25 15:00:00,30.75,122.5,25.5,37.75,40.75,15.0,24.0,0.0,62.25,4.0,3.75,NA,1.0,4.0,3.0,NA,NA,NA,NA,NA,NA,NA,NA,NA
2026-04-25 16:00:00,35.5,125.75,29.0,53.5,52.0,19.25,20.75,0.0,54.5,4.0,4.0,NA,1.0,4.0,3.0,NA,NA,NA,NA,NA,NA,NA,NA,NA
2026-04-25 17:00:00,34.5,114.75,28.0,42.0,45.0,15.75,19.0,0.0,47.25,4.0,4.0,NA,1.0,4.0,3.0,NA,NA,NA,NA,NA,NA,NA,NA,NA
2026-04-25 18:00:00,34.25,127.0,27.5,42.0,45.0,13.0,19.5,0.0,41.25,3.25,3.25,NA,4.0,2.5,4.5,NA,NA,NA,NA,NA,NA,NA,NA,NA
2026-04-25 19:00:00,44.25,147.0,27.75,39.75,43.75,14.0,20.25,1.0,27.25,3.0,3.0,NA,5.0,2.0,5.0,NA,NA,NA,NA,NA,NA,NA,NA,NA
2026-04-25 20:00:00,62.25,189.25,25.5,33.5,38.5,11.25,15.75,1.0,25.25,3.0,3.0,NA,5.0,2.0,4.5,NA,NA,NA,NA,NA,NA,NA,NA,NA
2026-04-25 21:00:00,73.25,208.75,24.5,30.5,36.5,16.0,13.25,1.0,24.5,1.5,1.5,NA,3.5,2.75,2.0,NA,NA,NA,NA,NA,NA,NA,NA,NA
2026-04-25 22:00:00,80.25,213.25,23.0,22.75,31.0,14.25,13.0,1.0,19.75,1.0,1.0,NA,3.0,3.0,1.0,NA,NA,NA,NA,NA,NA,NA,NA,NA
2026-04-25 23:00:00,89.33,235.0,25.0,37.0,40.0,18.33,13.67,1.33,19.0,1.0,1.0,NA,3.0,3.0,1.0,NA,NA,NA,NA,NA,NA,NA,NA,NA
2026-04-26 00:00:00,93.5,237.75,24.5,37.75,40.0,17.5,24.5,0.75,18.5,3.0,3.0,NA,2.0,2.0,2.0,NA,NA,NA,NA,NA,NA,NA,NA,NA
2026-04-26 01:00:00,70.0,186.75,23.5,34.75,37.5,16.25,26.0,0.0,22.5,3.0,3.0,NA,2.0,2.0,2.0,NA,NA,NA,NA,NA,NA,NA,NA,NA
2026-04-26 02:00:00,57.25,159.75,24.75,41.0,42.0,20.0,26.75,0.0,24.25,3.0,3.0,NA,2.0,2.0,2.0,NA,NA,NA,NA,NA,NA,NA,NA,NA
2026-04-26 03:00:00,59.5,165.75,22.5,32.25,35.75,17.5,29.25,0.0,24.0,3.0,3.0,NA,2.0,2.0,2.0,NA,NA,NA,NA,NA,NA,NA,NA,NA
2026-04-26 04:00:00,63.5,165.5,22.5,30.25,34.5,17.25,36.75,0.0,21.5,3.0,3.0,NA,2.0,2.0,2.0,NA,NA,NA,NA,NA,NA,NA,NA,NA
2026-04-26 05:00:00,75.75,174.75,24.5,39.75,41.0,18.75,40.25,0.0,19.5,3.0,3.0,NA,2.0,2.0,2.0,NA,NA,NA,NA,NA,NA,NA,NA,NA
2026-04-26 06:00:00,136.5,261.75,24.75,40.0,41.75,18.25,45.0,1.0,20.25,3.0,3.0,NA,2.0,2.0,2.0,NA,NA,NA,NA,NA,NA,NA,NA,NA
2026-04-26 07:00:00,173.5,317.75,24.25,41.75,42.25,16.25,47.0,1.0,28.0,3.0,3.0,NA,2.0,2.0,2.0,NA,NA,NA,NA,NA,NA,NA,NA,NA
2026-04-26 08:00:00,154.25,294.25,25.0,41.5,42.5,16.5,36.75,0.5,46.5,5.0,5.0,NA,3.0,4.75,2.0,NA,NA,NA,NA,NA,NA,NA,NA,NA
2026-04-26 09:00:00,111.0,237.25,25.75,39.75,42.0,16.75,28.5,0.0,68.0,5.0,5.0,NA,3.0,4.5,2.0,NA,NA,NA,NA,NA,NA,NA,NA,NA
2026-04-26 10:00:00,93.5,222.0,26.25,43.5,45.0,17.0,26.25,0.0,77.25,5.0,5.0,NA,3.0,4.75,2.0,NA,NA,NA,NA,NA,NA,NA,NA,NA
2026-04-26 11:00:00,64.75,177.75,26.25,39.0,42.0,15.75,22.75,0.0,67.25,5.0,5.0,NA,3.0,4.5,2.5,NA,NA,NA,NA,NA,NA,NA,NA,NA
2026-04-26 12:00:00,43.25,139.0,25.25,37.25,40.5,16.25,21.25,0.0,66.75,5.0,5.0,NA,3.0,4.25,2.0,NA,NA,NA,NA,NA,NA,NA,NA,NA
2026-04-26 13:00:00,39.25,127.0,28.75,50.25,50.25,17.25,21.0,0.0,64.5,4.0,4.0,NA,1.0,4.0,3.0,NA,NA,NA,NA,NA,NA,NA,NA,NA
2026-04-26 14:00:00,37.0,125.5,29.0,45.25,47.75,15.5,20.5,0.0,60.75,4.0,4.0,NA,1.0,4.0,3.0,NA,NA,NA,NA,NA,NA,NA,NA,NA
2026-04-26 15:00:00,36.25,132.0,23.0,16.0,27.25,9.5,21.0,0.0,65.5,4.0,4.0,NA,1.0,4.0,3.0,NA,NA,NA,NA,NA,NA,NA,NA,NA
2026-04-26 16:00:00,40.75,122.5,24.25,30.75,36.0,15.25,25.25,0.0,62.0,4.0,4.0,NA,1.0,4.0,3.0,NA,NA,NA,NA,NA,NA,NA,NA,NA
2026-04-26 17:00:00,37.0,120.0,26.0,40.5,42.5,16.5,27.0,0.0,60.25,4.0,4.0,NA,1.0,4.0,3.25,NA,NA,NA,NA,NA,NA,NA,NA,NA
2026-04-26 18:00:00,38.0,133.25,28.75,53.0,51.5,18.75,28.0,0.0,47.0,3.0,3.25,NA,3.75,2.5,4.25,NA,NA,NA,NA,NA,NA,NA,NA,NA
2026-04-26 19:00:00,46.0,146.75,29.0,45.25,47.75,16.25,28.0,0.75,38.25,3.0,3.0,NA,4.75,2.0,4.75,NA,NA,NA,NA,NA,NA,NA,NA,NA
2026-04-26 20:00:00,55.0,161.0,25.0,29.5,36.25,12.5,24.25,1.0,30.0,3.0,3.0,NA,4.75,2.0,4.75,NA,NA,NA,NA,NA,NA,NA,NA,NA
2026-04-26 21:00:00,68.5,177.5,26.0,35.75,40.25,11.5,21.5,1.0,28.0,1.5,1.5,NA,3.25,2.75,2.0,NA,NA,NA,NA,NA,NA,NA,NA,NA
2026-04-26 22:00:00,76.5,186.75,27.0,37.75,42.25,15.25,21.5,1.0,24.75,1.0,1.0,NA,3.0,3.0,1.0,NA,NA,NA,NA,NA,NA,NA,NA,NA
2026-04-26 23:00:00,81.33,209.0,23.67,21.67,30.67,12.0,22.67,1.0,23.67,1.0,1.0,NA,3.0,3.0,1.0,NA,NA,NA,NA,NA,NA,NA,NA,NA
2026-04-27 00:00:00,84.5,191.25,22.75,18.75,29.0,14.5,33.0,1.0,21.75,3.0,3.0,NA,2.0,2.0,2.0,NA,NA,NA,NA,NA,NA,NA,NA,NA
2026-04-27 01:00:00,81.25,188.25,25.5,36.5,40.0,20.0,39.5,1.0,19.25,3.0,3.0,NA,2.0,2.0,2.0,NA,NA,NA,NA,NA,NA,NA,NA,NA
2026-04-27 02:00:00,72.75,166.0,26.0,41.5,43.25,19.0,32.5,1.0,19.5,3.0,3.0,NA,2.0,2.0,2.0,NA,NA,NA,NA,NA,NA,NA,NA,NA
2026-04-27 03:00:00,75.75,165.0,25.25,37.25,40.5,17.25,29.0,1.0,19.0,3.0,3.0,NA,2.0,2.0,2.0,NA,NA,NA,NA,NA,NA,NA,NA,NA
2026-04-27 04:00:00,71.5,167.0,24.75,35.25,39.0,20.0,26.75,1.0,19.0,3.0,3.0,NA,2.0,2.0,2.0,NA,NA,NA,NA,NA,NA,NA,NA,NA
2026-04-27 05:00:00,72.25,170.75,26.25,46.5,46.25,19.25,26.5,1.0,18.75,3.0,3.0,NA,2.0,2.0,2.0,NA,NA,NA,NA,NA,NA,NA,NA,NA
2026-04-27 06:00:00,90.75,179.0,38.25,102.5,83.25,26.75,27.0,1.0,18.75,3.0,3.0,NA,2.0,2.0,2.0,NA,NA,NA,NA,NA,NA,NA,NA,NA
2026-04-27 07:00:00,130.5,238.5,19.25,3.25,14.5,6.25,30.75,1.0,23.75,3.0,3.0,NA,2.0,2.0,2.0,NA,NA,NA,NA,NA,NA,NA,NA,NA
2026-04-27 08:00:00,168.75,321.25,24.0,34.0,37.75,16.25,31.25,1.0,49.25,5.0,5.0,NA,3.0,4.25,2.0,NA,NA,NA,NA,NA,NA,NA,NA,NA
2026-04-27 09:00:00,112.5,243.0,25.5,46.0,45.0,17.0,27.75,0.25,76.5,5.0,5.0,NA,3.0,4.5,2.0,NA,NA,NA,NA,NA,NA,NA,NA,NA
2026-04-27 10:00:00,62.25,158.5,26.5,42.25,44.5,14.5,25.0,0.0,84.0,5.0,5.0,NA,3.0,4.5,2.0,NA,NA,NA,NA,NA,NA,NA,NA,NA
2026-04-27 11:00:00,59.25,167.0,28.0,45.5,47.0,16.75,26.25,0.0,87.25,5.0,5.0,NA,3.0,4.75,2.0,NA,NA,NA,NA,NA,NA,NA,NA,NA
2026-04-27 12:00:00,52.5,143.75,28.25,47.5,48.5,17.75,18.25,0.0,73.25,5.0,5.0,NA,3.0,4.5,2.0,NA,NA,NA,NA,NA,NA,NA,NA,NA
2026-04-27 13:00:00,24.0,67.75,26.75,34.0,40.25,14.5,12.75,0.0,69.0,4.0,4.0,NA,1.0,4.0,3.0,NA,NA,NA,NA,NA,NA,NA,NA,NA
2026-04-27 14:00:00,34.5,99.5,24.25,23.75,32.75,9.75,13.75,0.0,86.0,4.0,4.0,NA,1.0,4.0,3.0,NA,NA,NA,NA,NA,NA,NA,NA,NA
2026-04-27 15:00:00,48.75,116.5,25.0,26.25,34.5,14.0,13.75,0.0,84.25,4.0,3.75,NA,1.0,3.75,3.0,NA,NA,NA,NA,NA,NA,NA,NA,NA
2026-04-27 16:00:00,47.75,127.75,27.75,44.5,46.25,18.5,14.0,0.0,81.25,4.0,4.0,NA,1.0,4.0,3.0,NA,NA,NA,NA,NA,NA,NA,NA,NA
2026-04-27 17:00:00,52.0,118.25,21.5,17.25,27.0,10.5,13.75,0.5,71.5,4.0,4.0,NA,1.0,4.0,3.0,NA,NA,NA,NA,NA,NA,NA,NA,NA
2026-04-27 18:00:00,50.75,131.0,22.5,31.0,35.25,16.25,13.0,1.0,53.75,3.25,3.25,NA,4.0,2.5,4.0,NA,NA,NA,NA,NA,NA,NA,NA,NA
2026-04-27 19:00:00,46.0,129.25,22.5,31.0,35.0,18.5,13.0,1.0,29.75,3.0,3.0,NA,5.0,2.0,5.0,NA,NA,NA,NA,NA,NA,NA,NA,NA
2026-04-27 20:00:00,67.25,340.0,24.75,44.0,44.0,19.25,21.5,0.5,41.25,3.0,3.0,NA,5.0,2.0,4.5,NA,NA,NA,NA,NA,NA,NA,NA,NA
2026-04-27 21:00:00,74.75,717.5,27.75,55.25,52.25,19.75,26.0,0.0,45.75,1.5,1.5,NA,3.5,2.75,2.0,NA,NA,NA,NA,NA,NA,NA,NA,NA
2026-04-27 22:00:00,49.75,422.5,23.75,24.25,32.25,12.0,25.25,0.0,43.25,1.0,1.0,NA,3.0,3.0,1.0,NA,NA,NA,NA,NA,NA,NA,NA,NA
2026-04-27 23:00:00,44.33,214.33,23.67,28.67,34.33,14.0,24.33,0.0,39.67,1.0,1.0,NA,3.0,3.0,1.0,NA,NA,NA,NA,NA,NA,NA,NA,NA
2026-04-28 00:00:00,21.75,69.75,24.25,32.75,37.5,14.75,25.5,0.0,27.5,3.0,3.0,NA,2.0,2.0,2.0,NA,NA,NA,NA,NA,NA,NA,NA,NA
2026-04-28 01:00:00,22.0,77.0,24.75,36.5,40.0,17.75,26.75,0.0,26.5,3.0,3.0,NA,2.0,2.0,2.0,NA,NA,NA,NA,NA,NA,NA,NA,NA
2026-04-28 02:00:00,37.25,108.5,29.0,57.75,54.5,20.5,29.0,0.0,32.5,3.0,3.0,NA,2.0,2.0,2.0,NA,NA,NA,NA,NA,NA,NA,NA,NA
2026-04-28 03:00:00,45.5,151.5,26.75,37.75,41.75,18.75,28.5,0.0,38.25,3.0,3.0,NA,2.0,2.0,2.0,NA,NA,NA,NA,NA,NA,NA,NA,NA
2026-04-28 04:00:00,33.75,178.75,24.75,29.75,36.5,14.75,30.75,0.0,34.75,3.0,3.0,NA,2.0,2.0,2.0,NA,NA,NA,NA,NA,NA,NA,NA,NA
2026-04-28 05:00:00,32.75,168.0,24.5,24.75,33.25,14.0,32.75,0.0,24.5,3.0,3.0,NA,2.0,2.0,2.0,NA,NA,NA,NA,NA,NA,NA,NA,NA
2026-04-28 06:00:00,39.5,188.0,24.25,32.25,37.0,12.75,33.5,0.25,20.0,3.0,3.0,NA,2.0,2.0,2.0,NA,NA,NA,NA,NA,NA,NA,NA,NA
2026-04-28 07:00:00,45.5,220.0,26.5,44.5,45.0,17.75,35.25,0.5,23.25,3.0,3.0,NA,2.0,2.0,2.0,NA,NA,NA,NA,NA,NA,NA,NA,NA
2026-04-28 08:00:00,57.0,334.5,25.75,42.0,43.25,14.75,27.0,0.0,29.5,5.0,5.0,NA,3.0,4.5,2.0,NA,NA,NA,NA,NA,NA,NA,NA,NA
2026-04-28 09:00:00,57.75,526.25,25.5,33.0,38.25,14.5,24.5,0.0,45.75,5.0,5.0,NA,3.0,4.5,2.0,NA,NA,NA,NA,NA,NA,NA,NA,NA
2026-04-28 10:00:00,59.0,397.0,26.0,41.5,43.25,14.25,26.25,0.0,58.25,5.0,5.0,NA,3.0,4.75,2.0,NA,NA,NA,NA,NA,NA,NA,NA,NA
2026-04-28 11:00:00,42.5,238.5,26.0,34.0,39.25,13.25,24.75,0.0,56.75,5.0,5.0,NA,3.0,4.25,2.25,NA,NA,NA,NA,NA,NA,NA,NA,NA
2026-04-28 12:00:00,39.5,245.75,23.25,26.75,33.0,12.75,24.25,0.0,59.25,5.0,5.0,NA,3.0,4.5,2.75,NA,NA,NA,NA,NA,NA,NA,NA,NA
2026-04-28 13:00:00,38.25,245.25,24.0,33.75,37.5,15.25,25.25,0.0,66.0,4.0,4.0,NA,1.0,4.0,3.0,NA,NA,NA,NA,NA,NA,NA,NA,NA
2026-04-28 14:00:00,33.5,215.25,26.25,46.0,46.0,18.0,25.25,0.0,70.75,3.75,4.0,NA,1.0,4.0,3.0,NA,NA,NA,NA,NA,NA,NA,NA,NA
2026-04-28 15:00:00,39.25,214.25,22.75,30.0,34.5,13.75,25.5,0.0,77.5,4.0,4.0,NA,1.0,4.0,3.25,NA,NA,NA,NA,NA,NA,NA,NA,NA
2026-04-28 16:00:00,44.5,222.75,25.25,41.75,42.75,18.75,19.0,0.0,78.25,4.0,4.0,NA,1.0,3.75,3.0,NA,NA,NA,NA,NA,NA,NA,NA,NA
2026-04-28 17:00:00,48.5,216.75,27.5,49.75,49.0,20.25,16.5,0.75,57.75,4.0,4.0,NA,1.0,4.0,3.0,NA,NA,NA,NA,NA,NA,NA,NA,NA
2026-04-28 18:00:00,45.25,218.5,25.0,26.5,34.25,13.75,16.5,1.0,46.25,3.25,3.25,NA,4.0,2.5,4.5,NA,NA,NA,NA,NA,NA,NA,NA,NA
2026-04-28 19:00:00,54.25,231.25,26.0,36.5,41.0,17.75,18.5,1.0,31.5,3.0,3.0,NA,4.75,2.0,4.75,NA,NA,NA,NA,NA,NA,NA,NA,NA
2026-04-28 20:00:00,67.25,221.5,24.0,26.25,33.75,16.0,18.5,1.0,25.75,3.0,3.0,NA,4.75,2.0,5.0,NA,NA,NA,NA,NA,NA,NA,NA,NA
2026-04-28 21:00:00,78.0,237.0,25.75,36.25,40.5,16.0,20.75,1.0,27.0,1.5,1.5,NA,3.5,3.0,2.0,NA,NA,NA,NA,NA,NA,NA,NA,NA
2026-04-28 22:00:00,90.25,252.75,27.75,45.25,46.75,17.25,22.25,1.0,33.75,1.0,1.0,NA,3.0,3.0,1.0,NA,NA,NA,NA,NA,NA,NA,NA,NA
2026-04-28 23:00:00,89.0,273.67,25.33,30.67,37.0,14.0,18.0,1.0,34.0,1.0,1.0,NA,3.0,3.0,1.0,NA,NA,NA,NA,NA,NA,NA,NA,NA
2026-04-29 00:00:00,72.25,248.5,29.0,52.5,52.0,12.25,23.0,1.0,23.25,3.0,3.0,NA,2.0,2.0,2.0,NA,NA,NA,NA,NA,NA,NA,NA,NA
2026-04-29 01:00:00,81.75,252.5,25.5,26.0,35.0,16.0,22.5,1.0,20.25,3.0,3.0,NA,2.0,2.0,2.0,NA,NA,NA,NA,NA,NA,NA,NA,NA
2026-04-29 02:00:00,70.0,252.25,25.5,29.5,36.5,12.75,18.25,0.0,45.25,3.0,3.0,NA,2.0,2.0,2.0,NA,NA,NA,NA,NA,NA,NA,NA,NA
2026-04-29 03:00:00,39.5,206.75,25.25,32.75,38.0,13.0,16.0,0.0,36.25,3.0,3.0,NA,2.0,2.0,2.0,NA,NA,NA,NA,NA,NA,NA,NA,NA
2026-04-29 04:00:00,35.5,156.25,25.25,33.25,38.25,15.25,20.0,0.0,29.25,3.0,3.0,NA,2.0,2.0,2.0,NA,NA,NA,NA,NA,NA,NA,NA,NA
2026-04-29 05:00:00,35.75,163.5,25.5,38.25,41.25,15.5,22.25,0.0,39.5,3.0,3.0,NA,2.0,2.0,2.0,NA,NA,NA,NA,NA,NA,NA,NA,NA
2026-04-29 06:00:00,18.5,185.75,25.5,35.0,39.75,17.0,21.0,0.0,24.0,3.0,3.0,NA,2.0,2.0,2.0,NA,NA,NA,NA,NA,NA,NA,NA,NA
2026-04-29 07:00:00,8.67,41.5,21.0,16.0,26.0,10.75,21.0,0.0,19.5,3.0,3.0,NA,2.0,2.0,2.0,NA,NA,NA,NA,NA,NA,NA,NA,NA
2026-04-29 08:00:00,19.0,51.0,23.5,37.25,39.5,18.75,20.25,0.75,17.75,5.0,5.0,NA,3.0,4.25,2.0,NA,NA,NA,NA,NA,NA,NA,NA,NA
2026-04-29 09:00:00,36.5,98.0,22.0,27.25,32.75,16.0,21.25,1.0,18.5,5.0,5.0,NA,3.0,4.5,2.0,NA,NA,NA,NA,NA,NA,NA,NA,NA
2026-04-29 10:00:00,41.0,126.0,25.75,48.25,46.75,21.5,22.0,1.0,18.75,5.0,5.0,NA,3.0,4.25,2.0,NA,NA,NA,NA,NA,NA,NA,NA,NA
2026-04-29 11:00:00,NA,NA,22.75,35.5,38.0,16.0,23.0,0.75,19.75,5.0,5.0,NA,3.0,4.0,2.0,NA,NA,NA,NA,NA,NA,NA,NA,NA
2026-04-29 12:00:00,11.5,23.0,23.5,39.75,40.75,18.25,21.25,0.0,32.75,5.0,5.0,NA,3.0,4.25,2.0,NA,NA,NA,NA,NA,NA,NA,NA,NA
2026-04-29 13:00:00,27.75,82.0,25.0,42.75,43.25,19.75,20.5,0.0,40.75,4.0,4.0,NA,1.0,4.0,3.0,NA,NA,NA,NA,NA,NA,NA,NA,NA
2026-04-29 14:00:00,27.75,79.25,24.5,34.5,38.0,18.25,21.25,0.0,46.0,4.0,4.0,NA,1.0,4.0,3.0,NA,NA,NA,NA,NA,NA,NA,NA,NA
2026-04-29 15:00:00,26.75,76.25,21.5,19.75,28.0,15.5,20.5,0.0,50.75,4.0,4.0,NA,1.0,4.0,3.0,NA,NA,NA,NA,NA,NA,NA,NA,NA
2026-04-29 16:00:00,28.75,78.75,23.25,37.5,39.25,19.0,21.0,0.0,53.0,4.0,4.0,NA,1.0,4.0,3.0,NA,NA,NA,NA,NA,NA,NA,NA,NA
2026-04-29 17:00:00,30.0,81.25,23.5,35.75,38.25,18.25,20.25,0.0,54.5,4.0,4.0,NA,1.0,4.0,3.0,NA,NA,NA,NA,NA,NA,NA,NA,NA
2026-04-29 18:00:00,31.75,88.25,24.5,42.0,42.5,18.25,19.0,0.75,37.75,3.25,3.25,NA,3.75,2.5,4.25,NA,NA,NA,NA,NA,NA,NA,NA,NA
2026-04-29 19:00:00,35.0,107.25,26.25,45.25,45.75,21.25,17.5,1.0,27.75,3.0,3.0,NA,5.0,2.0,4.5,NA,NA,NA,NA,NA,NA,NA,NA,NA
2026-04-29 20:00:00,38.75,111.75,29.5,57.0,54.25,19.25,21.5,0.75,26.0,3.0,3.0,NA,4.75,2.0,4.75,NA,NA,NA,NA,NA,NA,NA,NA,NA
2026-04-29 21:00:00,46.5,125.75,28.75,45.25,47.5,17.5,17.75,1.0,19.0,1.5,1.5,NA,3.25,2.75,2.0,NA,NA,NA,NA,NA,NA,NA,NA,NA
2026-04-29 22:00:00,51.5,142.25,30.75,46.5,50.0,19.75,15.75,1.5,18.5,1.0,1.0,NA,3.0,3.0,1.0,NA,NA,NA,NA,NA,NA,NA,NA,NA
2026-04-29 23:00:00,60.33,170.33,31.67,46.0,50.33,20.0,16.0,2.0,18.33,1.0,1.0,NA,3.0,3.0,1.0,NA,NA,NA,NA,NA,NA,NA,NA,NA
2026-04-30 00:00:00,67.0,200.25,30.75,48.5,51.0,18.25,22.75,1.25,18.75,3.0,3.0,NA,2.0,2.0,2.0,NA,NA,NA,NA,NA,NA,NA,NA,NA
2026-04-30 01:00:00,70.75,213.0,31.75,57.75,56.5,18.5,27.0,1.0,18.5,3.0,3.0,NA,2.0,2.0,2.0,NA,NA,NA,NA,NA,NA,NA,NA,NA
2026-04-30 02:00:00,73.25,186.5,30.5,53.25,53.5,18.25,26.25,0.5,18.5,3.0,3.0,NA,2.0,2.0,2.0,NA,NA,NA,NA,NA,NA,NA,NA,NA
2026-04-30 03:00:00,72.75,170.0,29.25,40.0,45.5,16.0,26.0,0.0,18.0,3.0,3.0,NA,2.0,2.0,2.0,NA,NA,NA,NA,NA,NA,NA,NA,NA
2026-04-30 04:00:00,77.5,152.0,30.5,45.5,49.0,16.75,20.75,0.25,19.0,3.0,3.0,NA,2.0,2.0,2.0,NA,NA,NA,NA,NA,NA,NA,NA,NA
2026-04-30 05:00:00,83.75,143.0,28.25,34.0,41.25,12.0,18.5,0.5,18.75,3.0,3.0,NA,2.0,2.0,2.0,NA,NA,NA,NA,NA,NA,NA,NA,NA
2026-04-30 06:00:00,96.5,174.5,27.0,26.5,36.25,12.0,18.75,1.0,18.5,3.0,3.0,NA,2.0,2.0,2.0,NA,NA,NA,NA,NA,NA,NA,NA,NA
2026-04-30 07:00:00,101.75,215.25,22.25,13.75,25.75,11.5,20.75,1.0,18.75,3.0,3.0,NA,2.0,2.0,2.0,NA,NA,NA,NA,NA,NA,NA,NA,NA
2026-04-30 08:00:00,85.0,184.25,23.25,27.0,33.25,15.75,25.75,0.25,20.25,5.0,5.0,NA,3.0,4.75,2.0,NA,NA,NA,NA,NA,NA,NA,NA,NA
2026-04-30 09:00:00,47.75,117.75,24.0,38.75,40.5,15.25,26.75,0.0,31.5,5.0,5.0,NA,3.0,4.25,2.0,NA,NA,NA,NA,NA,NA,NA,NA,NA
2026-04-30 10:00:00,46.0,119.75,22.25,26.75,32.5,13.5,27.25,0.0,42.75,5.0,5.0,NA,3.0,4.75,2.0,NA,NA,NA,NA,NA,NA,NA,NA,NA
2026-04-30 11:00:00,50.25,135.75,26.25,45.75,45.5,20.0,27.75,0.0,48.25,5.0,5.0,NA,3.0,4.5,2.0,NA,NA,NA,NA,NA,NA,NA,NA,NA
2026-04-30 12:00:00,38.0,112.5,25.75,38.0,41.5,16.5,22.5,0.0,50.75,5.0,5.0,NA,3.0,4.25,2.0,NA,NA,NA,NA,NA,NA,NA,NA,NA
2026-04-30 13:00:00,38.25,112.25,21.75,17.25,27.0,12.75,18.75,0.0,51.25,4.0,4.0,NA,1.0,4.0,3.0,NA,NA,NA,NA,NA,NA,NA,NA,NA
2026-04-30 14:00:00,43.0,146.5,24.5,39.0,40.75,18.5,19.75,0.33,60.75,4.0,4.0,NA,1.0,4.0,3.0,NA,NA,NA,NA,NA,NA,NA,NA,NA
2026-04-30 15:00:00,58.75,246.25,28.75,49.0,49.0,19.0,19.0,NA,54.75,NA,NA,NA,NA,NA,NA,NA,NA,NA,NA,NA,NA,NA,NA,NA
2026-04-30 16:00:00,39.0,165.25,22.25,16.0,26.75,13.75,NA,0.0,30.0,4.0,4.0,NA,1.0,4.0,3.0,NA,NA,NA,NA,NA,NA,NA,NA,NA
2026-04-30 17:00:00,26.75,61.25,23.0,26.0,32.75,13.25,NA,0.75,26.25,4.0,4.0,NA,1.0,4.0,3.0,NA,NA,NA,NA,NA,NA,NA,NA,NA
2026-04-30 18:00:00,31.25,69.5,22.5,32.25,35.75,16.5,NA,1.0,24.5,3.25,3.25,NA,3.75,2.5,4.0,NA,NA,NA,NA,NA,NA,NA,NA,NA
2026-04-30 19:00:00,35.75,116.75,29.25,62.25,57.0,20.75,NA,0.5,36.5,3.0,3.0,NA,4.75,2.0,5.0,NA,NA,NA,NA,NA,NA,NA,NA,NA
2026-04-30 20:00:00,32.25,182.5,24.5,30.75,34.75,11.25,NA,0.0,37.0,3.0,3.0,NA,5.0,2.0,4.5,NA,NA,NA,NA,NA,NA,NA,NA,NA
2026-04-30 21:00:00,25.0,87.0,21.5,17.5,27.25,13.5,NA,0.0,31.75,1.5,1.5,NA,3.5,2.75,2.0,NA,NA,NA,NA,NA,NA,NA,NA,NA
2026-04-30 22:00:00,25.0,68.0,21.75,27.0,32.25,13.25,NA,0.0,30.0,1.0,1.0,NA,3.0,3.0,1.0,NA,NA,NA,NA,NA,NA,NA,NA,NA
2026-04-30 23:00:00,21.0,80.0,22.33,34.0,36.67,16.33,NA,0.0,30.67,1.0,1.0,NA,3.0,3.0,1.0,NA,NA,NA,NA,NA,NA,NA,NA,NA
2026-05-01 00:00:00,20.5,97.5,24.0,44.0,43.0,16.0,NA,0.0,25.75,3.0,3.0,NA,2.0,2.0,2.0,NA,NA,NA,NA,NA,NA,NA,NA,NA
2026-05-01 01:00:00,30.75,99.5,24.0,38.75,40.5,15.5,NA,0.0,29.25,3.0,3.0,NA,2.0,2.0,2.0,NA,NA,NA,NA,NA,NA,NA,NA,NA
2026-05-01 02:00:00,32.0,80.75,23.5,33.75,37.5,18.0,NA,0.0,29.75,3.0,3.0,NA,2.0,2.0,2.0,NA,NA,NA,NA,NA,NA,NA,NA,NA
2026-05-01 03:00:00,34.75,80.5,23.75,34.25,37.75,18.5,NA,0.0,23.0,3.0,3.0,NA,2.0,2.0,2.0,NA,NA,NA,NA,NA,NA,NA,NA,NA
2026-05-01 04:00:00,45.25,96.0,23.75,39.75,40.75,17.75,NA,0.0,19.75,3.0,3.0,NA,2.0,2.0,2.0,NA,NA,NA,NA,NA,NA,NA,NA,NA
2026-05-01 05:00:00,52.25,101.75,24.5,41.5,42.0,19.0,NA,0.0,20.0,3.0,3.0,NA,2.0,2.0,2.0,NA,NA,NA,NA,NA,NA,NA,NA,NA
2026-05-01 06:00:00,62.25,111.25,31.5,77.75,67.25,25.5,NA,0.0,20.75,3.0,3.0,NA,2.0,2.0,2.0,NA,NA,NA,NA,NA,NA,NA,NA,NA
2026-05-01 07:00:00,52.5,94.75,30.5,50.0,48.0,16.75,NA,0.0,22.25,3.0,3.0,NA,2.0,2.0,2.0,NA,NA,NA,NA,NA,NA,NA,NA,NA
2026-05-01 08:00:00,50.0,87.0,20.5,11.0,20.75,7.0,NA,0.0,24.25,5.0,5.0,NA,3.0,4.75,2.25,NA,NA,NA,NA,NA,NA,NA,NA,NA
2026-05-01 09:00:00,42.5,81.0,23.25,30.25,35.25,16.25,8.67,0.0,25.25,5.0,5.0,NA,3.0,4.75,2.0,NA,NA,NA,NA,NA,NA,NA,NA,NA
2026-05-01 10:00:00,40.0,80.75,22.25,26.75,32.5,13.75,9.0,0.0,35.0,5.0,5.0,NA,3.0,4.5,2.0,NA,NA,NA,NA,NA,NA,NA,NA,NA
2026-05-01 11:00:00,39.0,80.25,21.0,27.25,32.0,14.5,9.25,0.0,39.0,5.0,5.0,NA,3.0,4.25,2.0,NA,NA,NA,NA,NA,NA,NA,NA,NA
2026-05-01 12:00:00,34.25,92.75,22.0,32.25,35.25,17.25,14.5,0.0,41.5,5.0,5.0,NA,3.0,4.25,2.0,NA,NA,NA,NA,NA,NA,NA,NA,NA
2026-05-01 13:00:00,35.75,86.0,22.25,34.75,37.0,16.25,16.75,0.0,45.25,4.0,4.0,NA,1.0,4.0,3.0,NA,NA,NA,NA,NA,NA,NA,NA,NA
2026-05-01 14:00:00,36.75,77.5,24.0,45.5,44.0,19.5,17.25,0.0,50.5,4.0,4.0,NA,1.25,4.0,3.0,NA,NA,NA,NA,NA,NA,NA,NA,NA
2026-05-01 15:00:00,38.75,83.25,25.5,49.75,47.0,19.5,17.75,0.0,57.5,4.0,4.0,NA,1.0,4.0,3.25,NA,NA,NA,NA,NA,NA,NA,NA,NA
2026-05-01 16:00:00,38.0,87.5,29.25,60.25,55.75,22.0,24.25,0.0,57.75,4.0,4.0,NA,1.0,4.0,3.75,NA,NA,NA,NA,NA,NA,NA,NA,NA
2026-05-01 17:00:00,41.5,97.25,25.75,34.25,39.25,15.75,27.25,0.5,53.25,4.0,4.0,NA,1.0,4.0,3.25,NA,NA,NA,NA,NA,NA,NA,NA,NA
2026-05-01 18:00:00,44.75,107.25,25.0,32.25,37.5,16.75,26.75,1.0,40.5,3.25,3.25,NA,4.0,2.5,4.25,NA,NA,NA,NA,NA,NA,NA,NA,NA
2026-05-01 19:00:00,47.5,122.0,23.0,27.75,33.5,14.0,26.0,1.0,29.5,3.0,3.0,NA,4.75,2.0,5.0,NA,NA,NA,NA,NA,NA,NA,NA,NA
2026-05-01 20:00:00,51.25,127.75,24.75,36.75,40.0,16.25,31.75,1.0,26.0,3.0,3.0,NA,5.0,2.0,4.75,NA,NA,NA,NA,NA,NA,NA,NA,NA
2026-05-01 21:00:00,56.5,138.5,24.0,29.0,35.0,16.5,34.0,1.0,22.25,1.5,1.5,NA,3.5,2.75,2.0,NA,NA,NA,NA,NA,NA,NA,NA,NA
2026-05-01 22:00:00,67.0,156.25,21.75,26.25,31.5,14.75,33.75,1.0,21.5,1.0,1.0,NA,3.0,3.0,1.0,NA,NA,NA,NA,NA,NA,NA,NA,NA
2026-05-01 23:00:00,65.0,130.67,23.33,37.67,39.33,19.33,34.0,1.0,21.0,1.0,1.0,NA,3.0,3.0,1.0,NA,NA,NA,NA,NA,NA,NA,NA,NA
2026-05-02 00:00:00,64.75,105.25,21.5,32.75,35.25,16.5,20.5,0.5,19.5,3.0,3.0,NA,2.0,2.0,2.0,NA,NA,NA,NA,NA,NA,NA,NA,NA
2026-05-02 01:00:00,71.25,139.75,22.0,31.75,34.75,16.75,14.0,0.25,19.0,3.0,3.0,NA,2.0,2.0,2.0,NA,NA,NA,NA,NA,NA,NA,NA,NA
2026-05-02 02:00:00,71.5,132.5,23.0,40.25,40.5,17.25,14.0,0.0,18.25,3.0,3.0,NA,2.0,2.0,2.0,NA,NA,NA,NA,NA,NA,NA,NA,NA
2026-05-02 03:00:00,63.75,103.25,22.0,38.0,38.5,17.0,14.0,0.0,18.25,3.0,3.0,NA,2.0,2.0,2.0,NA,NA,NA,NA,NA,NA,NA,NA,NA
2026-05-02 04:00:00,64.75,100.75,21.5,30.75,34.0,17.0,13.25,0.0,18.25,3.0,3.0,NA,2.0,2.0,2.0,NA,NA,NA,NA,NA,NA,NA,NA,NA
2026-05-02 05:00:00,64.0,101.75,22.25,36.5,37.5,19.5,12.0,0.0,18.25,3.0,3.0,NA,2.0,2.0,2.0,NA,NA,NA,NA,NA,NA,NA,NA,NA
2026-05-02 06:00:00,65.75,113.25,25.0,44.5,44.0,20.0,12.0,0.75,18.5,3.0,3.0,NA,2.0,2.0,2.0,NA,NA,NA,NA,NA,NA,NA,NA,NA
2026-05-02 07:00:00,76.25,125.0,22.0,27.25,32.5,14.25,12.75,0.75,18.0,3.0,3.0,NA,2.0,2.0,2.0,NA,NA,NA,NA,NA,NA,NA,NA,NA
2026-05-02 08:00:00,64.25,119.0,22.75,34.0,36.75,17.75,17.5,0.0,18.0,5.0,5.0,NA,3.0,4.25,2.0,NA,NA,NA,NA,NA,NA,NA,NA,NA
2026-05-02 09:00:00,58.0,119.5,23.0,31.75,35.75,16.75,20.75,0.75,18.0,5.0,5.0,NA,3.0,4.5,2.0,NA,NA,NA,NA,NA,NA,NA,NA,NA
2026-05-02 10:00:00,68.75,130.25,22.25,29.75,34.0,14.5,21.75,0.0,18.0,5.0,5.0,NA,3.0,4.25,2.0,NA,NA,NA,NA,NA,NA,NA,NA,NA
2026-05-02 11:00:00,56.0,115.75,25.25,47.75,46.25,20.5,22.25,0.0,17.75,5.0,5.0,NA,3.0,4.25,2.0,NA,NA,NA,NA,NA,NA,NA,NA,NA
2026-05-02 12:00:00,51.5,113.0,20.25,20.25,27.75,14.25,23.75,0.0,20.0,5.0,5.0,NA,3.0,4.5,2.0,NA,NA,NA,NA,NA,NA,NA,NA,NA
2026-05-02 13:00:00,55.0,116.5,22.75,33.5,36.5,19.25,23.75,0.25,31.25,4.0,4.0,NA,1.0,4.0,3.0,NA,NA,NA,NA,NA,NA,NA,NA,NA
2026-05-02 14:00:00,58.75,124.0,23.75,42.5,42.0,18.25,23.75,0.5,43.25,4.0,4.0,NA,1.0,4.0,3.25,NA,NA,NA,NA,NA,NA,NA,NA,NA
2026-05-02 15:00:00,57.25,118.75,25.75,47.0,46.25,20.5,24.0,0.0,51.25,4.0,4.0,NA,1.0,4.0,3.0,NA,NA,NA,NA,NA,NA,NA,NA,NA
2026-05-02 16:00:00,58.75,122.5,24.0,35.5,38.5,14.5,20.0,0.5,49.5,4.0,4.0,NA,1.0,4.0,3.0,NA,NA,NA,NA,NA,NA,NA,NA,NA
2026-05-02 17:00:00,58.25,124.25,25.25,42.0,43.0,19.25,17.75,1.0,42.0,4.0,3.75,NA,1.25,4.0,3.0,NA,NA,NA,NA,NA,NA,NA,NA,NA
2026-05-02 18:00:00,57.25,127.75,25.5,36.75,40.25,17.25,17.25,1.0,32.5,3.25,3.25,NA,4.0,2.5,4.25,NA,NA,NA,NA,NA,NA,NA,NA,NA
2026-05-02 19:00:00,58.25,134.25,23.0,27.25,33.25,16.25,17.0,1.0,27.25,3.0,3.0,NA,5.0,2.0,5.0,NA,NA,NA,NA,NA,NA,NA,NA,NA
2026-05-02 20:00:00,64.75,137.5,25.0,38.0,41.0,19.25,18.25,1.0,22.25,3.0,3.0,NA,5.0,2.0,5.0,NA,NA,NA,NA,NA,NA,NA,NA,NA
2026-05-02 21:00:00,66.25,136.5,23.25,32.0,36.0,15.25,19.0,1.0,25.0,1.5,1.5,NA,3.5,2.75,2.0,NA,NA,NA,NA,NA,NA,NA,NA,NA
2026-05-02 22:00:00,59.5,205.25,22.0,28.5,33.0,17.25,18.0,0.0,26.25,1.0,1.0,NA,3.0,3.0,1.0,NA,NA,NA,NA,NA,NA,NA,NA,NA
2026-05-02 23:00:00,44.67,380.0,21.67,35.0,36.67,19.33,17.0,0.0,26.33,1.0,1.0,NA,3.0,3.0,1.0,NA,NA,NA,NA,NA,NA,NA,NA,NA
2026-05-03 00:00:00,35.5,323.0,24.25,45.5,44.5,21.25,24.0,0.25,19.75,3.0,3.0,NA,2.0,2.0,2.0,NA,NA,NA,NA,NA,NA,NA,NA,NA
2026-05-03 01:00:00,41.75,277.75,24.75,36.25,39.75,19.5,28.0,0.0,18.0,3.0,3.0,NA,2.0,2.0,2.0,NA,NA,NA,NA,NA,NA,NA,NA,NA
2026-05-03 02:00:00,41.75,186.25,25.0,38.0,41.0,21.25,28.0,0.0,18.25,3.0,3.0,NA,2.0,2.0,2.0,NA,NA,NA,NA,NA,NA,NA,NA,NA
2026-05-03 03:00:00,42.25,127.25,24.25,35.0,38.25,17.75,28.25,0.0,19.0,3.0,3.0,NA,2.0,2.0,2.0,NA,NA,NA,NA,NA,NA,NA,NA,NA
2026-05-03 04:00:00,47.5,106.25,25.0,40.5,42.0,19.5,24.25,0.0,19.25,3.0,3.0,NA,2.0,2.0,2.0,NA,NA,NA,NA,NA,NA,NA,NA,NA
2026-05-03 05:00:00,49.5,95.75,23.5,30.25,35.25,16.0,22.0,0.25,19.0,3.0,3.0,NA,2.0,2.0,2.0,NA,NA,NA,NA,NA,NA,NA,NA,NA
2026-05-03 06:00:00,54.5,114.5,26.0,46.25,46.0,19.5,22.0,0.5,18.5,3.0,3.0,NA,2.0,2.0,2.0,NA,NA,NA,NA,NA,NA,NA,NA,NA
2026-05-03 07:00:00,59.25,103.75,24.75,36.25,39.5,17.0,22.75,0.5,18.5,3.0,3.0,NA,2.0,2.0,2.0,NA,NA,NA,NA,NA,NA,NA,NA,NA
2026-05-03 08:00:00,62.0,105.25,25.25,40.25,42.0,17.0,17.0,0.0,18.5,5.0,5.0,NA,3.0,4.5,2.0,NA,NA,NA,NA,NA,NA,NA,NA,NA
2026-05-03 09:00:00,51.25,86.5,25.5,38.25,41.75,16.25,14.25,0.0,18.0,5.0,5.0,NA,3.0,4.25,2.5,NA,NA,NA,NA,NA,NA,NA,NA,NA
2026-05-03 10:00:00,39.75,75.25,23.75,28.75,35.0,16.75,14.25,0.0,17.5,5.0,5.0,NA,3.0,4.5,2.0,NA,NA,NA,NA,NA,NA,NA,NA,NA
2026-05-03 11:00:00,40.25,88.0,24.5,36.0,39.25,15.25,14.0,0.0,18.5,5.0,5.0,NA,3.0,4.75,2.0,NA,NA,NA,NA,NA,NA,NA,NA,NA
2026-05-03 12:00:00,48.0,106.25,26.0,42.5,44.0,16.75,18.75,0.0,18.5,5.0,5.0,NA,3.0,4.25,2.0,NA,NA,NA,NA,NA,NA,NA,NA,NA
2026-05-03 13:00:00,40.25,96.25,26.25,43.25,44.25,17.25,20.75,0.0,18.75,4.0,4.0,NA,1.0,4.0,3.0,NA,NA,NA,NA,NA,NA,NA,NA,NA
2026-05-03 14:00:00,35.5,100.25,22.75,19.0,29.0,13.0,19.5,0.0,22.5,4.0,4.0,NA,1.0,4.0,3.0,NA,NA,NA,NA,NA,NA,NA,NA,NA
2026-05-03 15:00:00,38.75,127.0,21.75,24.25,30.5,15.25,19.0,0.0,29.25,4.0,4.0,NA,1.0,4.0,3.0,NA,NA,NA,NA,NA,NA,NA,NA,NA
2026-05-03 16:00:00,31.5,107.25,23.5,37.75,39.25,17.75,19.25,0.0,33.0,4.0,4.0,NA,1.0,4.0,3.0,NA,NA,NA,NA,NA,NA,NA,NA,NA
2026-05-03 17:00:00,34.5,90.75,23.75,40.25,40.75,17.25,19.25,0.5,32.5,4.0,4.0,NA,1.0,4.0,3.0,NA,NA,NA,NA,NA,NA,NA,NA,NA
2026-05-03 18:00:00,36.5,114.75,24.0,38.0,39.5,17.5,19.5,0.5,29.25,3.25,3.25,NA,4.0,2.5,4.5,NA,NA,NA,NA,NA,NA,NA,NA,NA
2026-05-03 19:00:00,40.25,106.5,23.5,36.0,38.5,15.0,20.25,1.0,25.5,3.0,3.0,NA,4.75,2.0,5.0,NA,NA,NA,NA,NA,NA,NA,NA,NA
2026-05-03 20:00:00,43.25,109.0,20.25,23.0,28.75,13.25,23.75,0.5,26.5,3.0,3.0,NA,5.0,2.0,5.0,NA,NA,NA,NA,NA,NA,NA,NA,NA
2026-05-03 21:00:00,42.5,103.75,21.0,27.5,31.75,14.75,26.0,1.0,24.0,1.5,1.5,NA,3.5,2.75,2.0,NA,NA,NA,NA,NA,NA,NA,NA,NA
2026-05-03 22:00:00,39.33,90.0,21.67,36.33,37.33,16.33,25.67,1.0,23.33,1.0,1.0,NA,3.0,3.0,1.0,NA,NA,NA,NA,NA,NA,NA,NA,NA
2026-05-03 23:00:00,35.0,78.67,21.67,32.33,35.33,18.33,25.0,0.67,18.67,1.0,1.0,NA,3.0,3.0,1.0,NA,NA,NA,NA,NA,NA,NA,NA,NA
2026-05-04 00:00:00,32.75,277.0,20.5,28.0,31.75,15.0,19.75,0.0,27.75,3.0,3.0,NA,2.0,2.0,2.0,NA,NA,NA,NA,NA,NA,NA,NA,NA
2026-05-04 01:00:00,8.5,52.5,21.25,27.25,31.75,18.75,15.75,0.0,26.5,3.0,3.0,NA,2.0,2.0,2.0,NA,NA,NA,NA,NA,NA,NA,NA,NA
2026-05-04 02:00:00,9.75,26.25,21.25,31.0,34.0,18.25,15.0,0.0,23.25,3.0,3.0,NA,2.0,2.0,2.0,NA,NA,NA,NA,NA,NA,NA,NA,NA
2026-05-04 03:00:00,7.75,19.5,21.75,37.5,37.75,19.25,15.0,0.0,20.5,3.0,3.0,NA,2.0,2.0,2.0,NA,NA,NA,NA,NA,NA,NA,NA,NA
2026-05-04 04:00:00,9.75,19.5,23.0,41.25,40.75,21.0,16.0,0.0,18.75,3.0,3.0,NA,2.0,2.0,2.0,NA,NA,NA,NA,NA,NA,NA,NA,NA
2026-05-04 05:00:00,12.25,21.25,22.5,38.25,39.0,19.5,17.0,0.0,18.0,3.0,3.0,NA,2.0,2.0,2.0,NA,NA,NA,NA,NA,NA,NA,NA,NA
2026-05-04 06:00:00,10.5,20.5,26.25,58.25,52.25,23.0,17.0,0.0,18.25,3.0,3.0,NA,2.0,2.0,2.0,NA,NA,NA,NA,NA,NA,NA,NA,NA
2026-05-04 07:00:00,11.75,23.0,25.75,44.25,44.75,15.75,17.5,0.0,17.5,3.0,3.0,NA,2.0,2.0,2.0,NA,NA,NA,NA,NA,NA,NA,NA,NA
2026-05-04 08:00:00,20.5,45.25,24.0,38.25,40.25,16.0,22.5,0.0,17.75,5.0,5.0,NA,3.0,4.25,2.0,NA,NA,NA,NA,NA,NA,NA,NA,NA
2026-05-04 09:00:00,33.25,77.5,23.5,35.5,38.25,14.5,25.5,0.0,17.75,5.0,5.0,NA,3.0,4.75,2.0,NA,NA,NA,NA,NA,NA,NA,NA,NA
2026-05-04 10:00:00,28.25,61.25,25.25,42.75,43.5,19.5,26.0,0.0,18.0,5.0,5.0,NA,3.0,4.25,2.0,NA,NA,NA,NA,NA,NA,NA,NA,NA
2026-05-04 11:00:00,23.0,65.75,27.25,47.25,47.75,17.0,26.25,0.0,17.75,5.0,5.0,NA,3.0,4.75,2.0,NA,NA,NA,NA,NA,NA,NA,NA,NA
2026-05-04 12:00:00,17.0,54.75,23.25,27.0,33.25,13.25,31.0,0.0,18.0,5.0,5.0,NA,3.0,4.5,2.0,NA,NA,NA,NA,NA,NA,NA,NA,NA
2026-05-04 13:00:00,16.25,49.0,22.5,24.75,31.5,16.25,34.0,0.0,18.75,4.0,4.0,NA,1.0,4.0,3.0,NA,NA,NA,NA,NA,NA,NA,NA,NA
2026-05-04 14:00:00,19.0,51.75,24.5,40.0,41.5,19.0,34.0,0.0,21.0,4.0,4.0,NA,1.0,4.0,3.0,NA,NA,NA,NA,NA,NA,NA,NA,NA
2026-05-04 15:00:00,20.25,52.5,27.25,53.25,50.5,18.33,33.5,0.0,22.25,4.0,4.0,NA,1.0,4.0,3.0,NA,NA,NA,NA,NA,NA,NA,NA,NA
2026-05-04 16:00:00,21.25,53.25,28.25,49.5,49.0,16.75,23.0,0.0,29.0,4.0,4.0,NA,1.0,4.0,3.0,NA,NA,NA,NA,NA,NA,NA,NA,NA
2026-05-04 17:00:00,19.5,50.25,26.5,35.5,40.5,14.0,17.25,1.0,25.5,3.75,4.0,NA,1.0,4.0,3.0,NA,NA,NA,NA,NA,NA,NA,NA,NA
2026-05-04 18:00:00,18.5,55.75,26.0,34.5,39.5,17.0,17.75,1.0,25.25,3.25,3.25,NA,3.75,2.5,4.25,NA,NA,NA,NA,NA,NA,NA,NA,NA
2026-05-04 19:00:00,18.75,59.0,26.75,40.5,43.25,16.5,18.5,1.0,23.25,3.0,3.0,NA,4.75,2.0,4.75,NA,NA,NA,NA,NA,NA,NA,NA,NA
2026-05-04 20:00:00,17.75,57.75,27.0,37.25,42.0,16.0,18.0,1.0,21.25,3.0,3.0,NA,5.0,2.0,4.75,NA,NA,NA,NA,NA,NA,NA,NA,NA
2026-05-04 21:00:00,21.5,63.0,24.25,22.5,31.75,13.0,17.75,0.5,20.75,1.5,1.5,NA,3.25,2.75,2.0,NA,NA,NA,NA,NA,NA,NA,NA,NA
2026-05-04 22:00:00,24.0,58.0,23.25,25.0,32.25,12.25,17.5,0.0,21.25,1.0,1.0,NA,3.0,3.0,1.0,NA,NA,NA,NA,NA,NA,NA,NA,NA
2026-05-04 23:00:00,21.67,47.67,22.0,24.0,31.0,11.67,17.0,0.0,20.0,1.0,1.0,NA,3.0,3.0,1.0,NA,NA,NA,NA,NA,NA,NA,NA,NA
2026-05-05 00:00:00,8.0,21.25,22.75,33.0,36.0,16.75,16.5,0.0,21.0,3.0,3.0,NA,2.0,2.0,2.0,NA,NA,NA,NA,NA,NA,NA,NA,NA
2026-05-05 01:00:00,18.25,36.75,23.5,37.5,39.0,17.75,16.75,0.0,20.0,3.0,3.0,NA,2.0,2.0,2.0,NA,NA,NA,NA,NA,NA,NA,NA,NA
2026-05-05 02:00:00,20.75,64.25,27.0,55.5,51.5,21.0,16.75,0.0,20.75,3.0,3.0,NA,2.0,2.0,2.0,NA,NA,NA,NA,NA,NA,NA,NA,NA
2026-05-05 03:00:00,27.75,84.5,25.75,37.75,41.25,17.5,17.0,0.0,20.0,3.0,3.0,NA,2.0,2.0,2.0,NA,NA,NA,NA,NA,NA,NA,NA,NA
2026-05-05 04:00:00,37.0,86.25,26.75,38.5,42.25,15.0,14.5,0.0,20.0,3.0,3.0,NA,2.0,2.0,2.0,NA,NA,NA,NA,NA,NA,NA,NA,NA
2026-05-05 05:00:00,50.25,85.75,26.0,33.75,39.0,15.75,14.0,0.0,20.25,3.0,3.0,NA,2.0,2.0,2.0,NA,NA,NA,NA,NA,NA,NA,NA,NA
2026-05-05 06:00:00,48.0,82.0,26.75,38.25,42.25,16.0,14.25,0.0,20.5,3.0,3.0,NA,2.0,2.0,2.0,NA,NA,NA,NA,NA,NA,NA,NA,NA
2026-05-05 07:00:00,58.25,97.25,22.0,17.25,26.25,10.25,14.5,0.75,20.25,3.0,3.0,NA,2.0,2.0,2.0,NA,NA,NA,NA,NA,NA,NA,NA,NA
2026-05-05 08:00:00,72.25,120.0,22.5,25.75,31.75,15.5,9.25,0.0,20.0,5.0,5.0,NA,3.0,4.0,2.0,NA,NA,NA,NA,NA,NA,NA,NA,NA
2026-05-05 09:00:00,46.0,86.5,23.0,36.0,37.75,17.5,6.5,0.0,21.25,5.0,5.0,NA,3.0,4.5,2.0,NA,NA,NA,NA,NA,NA,NA,NA,NA
2026-05-05 10:00:00,40.25,79.0,27.75,58.25,53.75,21.25,7.0,0.0,22.75,5.0,5.0,NA,3.0,4.5,2.0,NA,NA,NA,NA,NA,NA,NA,NA,NA
2026-05-05 11:00:00,31.0,61.5,26.5,39.75,43.0,16.25,6.5,0.0,25.0,5.0,5.0,NA,3.0,4.25,2.0,NA,NA,NA,NA,NA,NA,NA,NA,NA
2026-05-05 12:00:00,32.5,59.25,22.75,20.25,29.25,13.75,22.0,0.0,29.5,5.0,5.0,NA,3.0,4.75,2.0,NA,NA,NA,NA,NA,NA,NA,NA,NA
2026-05-05 13:00:00,36.0,66.25,25.25,40.25,42.25,19.0,29.0,0.0,33.5,4.0,3.75,NA,1.0,4.0,3.0,NA,NA,NA,NA,NA,NA,NA,NA,NA
2026-05-05 14:00:00,38.75,73.5,24.75,35.0,39.25,16.5,28.75,0.0,37.25,4.0,4.0,NA,1.25,4.0,3.25,NA,NA,NA,NA,NA,NA,NA,NA,NA
2026-05-05 15:00:00,44.5,83.75,22.75,26.75,32.5,14.0,28.0,0.5,34.5,4.0,4.0,NA,1.0,4.0,3.0,NA,NA,NA,NA,NA,NA,NA,NA,NA
2026-05-05 16:00:00,39.0,76.5,23.75,36.0,38.5,18.0,24.75,0.25,39.25,4.0,4.0,NA,1.0,4.0,3.5,NA,NA,NA,NA,NA,NA,NA,NA,NA
2026-05-05 17:00:00,33.25,69.25,22.5,34.0,36.5,16.5,22.5,0.5,36.0,4.0,4.0,NA,1.0,4.0,3.0,NA,NA,NA,NA,NA,NA,NA,NA,NA
2026-05-05 18:00:00,37.25,77.25,23.25,36.5,38.5,18.75,21.75,0.0,34.5,3.25,3.25,NA,3.75,2.5,4.5,NA,NA,NA,NA,NA,NA,NA,NA,NA
2026-05-05 19:00:00,38.5,85.5,24.75,39.75,41.5,21.75,21.25,0.75,27.25,3.0,3.0,NA,4.75,2.0,4.5,NA,NA,NA,NA,NA,NA,NA,NA,NA
2026-05-05 20:00:00,36.5,106.75,24.25,42.5,42.5,15.75,23.0,0.0,37.0,3.0,3.0,NA,5.0,2.0,4.25,NA,NA,NA,NA,NA,NA,NA,NA,NA
2026-05-05 21:00:00,28.75,81.25,22.25,28.5,33.5,15.0,23.5,0.0,37.0,1.5,1.5,NA,3.5,2.75,2.0,NA,NA,NA,NA,NA,NA,NA,NA,NA
2026-05-05 22:00:00,20.25,46.75,22.75,37.5,38.75,17.0,23.5,0.0,30.75,1.0,1.0,NA,3.0,3.0,1.0,NA,NA,NA,NA,NA,NA,NA,NA,NA
2026-05-05 23:00:00,22.33,52.33,24.33,38.33,40.0,20.67,23.0,0.33,22.33,1.0,1.0,NA,3.0,3.0,1.0,NA,NA,NA,NA,NA,NA,NA,NA,NA
2026-05-06 00:00:00,32.5,107.75,26.5,48.0,47.25,22.5,14.5,1.0,20.0,3.0,3.0,NA,2.0,2.0,2.0,NA,NA,NA,NA,NA,NA,NA,NA,NA
2026-05-06 01:00:00,32.75,108.75,25.5,37.25,40.5,21.25,10.0,1.0,20.5,3.0,3.0,NA,2.0,2.0,2.0,NA,NA,NA,NA,NA,NA,NA,NA,NA
2026-05-06 02:00:00,76.25,147.5,23.75,39.75,41.0,20.25,9.5,1.0,20.25,3.0,3.0,NA,2.0,2.0,2.0,NA,NA,NA,NA,NA,NA,NA,NA,NA
2026-05-06 03:00:00,154.25,208.25,23.5,42.5,41.75,18.75,9.25,1.0,20.75,3.0,3.0,NA,2.0,2.0,2.0,NA,NA,NA,NA,NA,NA,NA,NA,NA
2026-05-06 04:00:00,155.25,206.0,24.0,38.25,40.0,18.25,15.25,0.75,20.0,3.0,3.0,NA,2.0,2.0,2.0,NA,NA,NA,NA,NA,NA,NA,NA,NA
2026-05-06 05:00:00,124.0,186.0,24.67,39.0,41.0,20.0,19.0,1.0,20.33,3.0,3.0,NA,2.0,2.0,2.0,NA,NA,NA,NA,NA,NA,NA,NA,NA
2026-05-06 06:00:00,88.0,158.75,35.25,96.5,80.25,24.5,19.0,1.0,20.75,3.0,3.0,NA,2.0,2.0,2.0,NA,NA,NA,NA,NA,NA,NA,NA,NA
2026-05-06 07:00:00,92.75,165.25,36.5,77.0,70.75,18.75,21.5,1.0,21.0,3.0,3.0,NA,2.0,2.0,2.0,NA,NA,NA,NA,NA,NA,NA,NA,NA
2026-05-06 08:00:00,87.0,161.75,34.25,51.0,53.5,10.75,30.0,1.0,20.75,5.0,5.0,NA,3.0,4.5,2.0,NA,NA,NA,NA,NA,NA,NA,NA,NA
2026-05-06 09:00:00,84.75,161.0,20.75,5.75,15.5,4.5,33.75,1.0,23.5,5.0,5.0,NA,3.0,4.75,2.0,NA,NA,NA,NA,NA,NA,NA,NA,NA
2026-05-06 10:00:00,71.25,145.0,25.75,27.0,35.5,13.5,34.75,0.0,32.25,5.0,5.0,NA,3.0,4.25,2.25,NA,NA,NA,NA,NA,NA,NA,NA,NA
2026-05-06 11:00:00,46.5,99.0,28.0,43.25,46.25,12.0,34.75,0.25,44.25,5.0,5.0,NA,3.0,4.25,2.0,NA,NA,NA,NA,NA,NA,NA,NA,NA
2026-05-06 12:00:00,37.25,75.75,24.25,20.5,30.25,11.75,25.75,0.0,51.75,5.0,5.0,NA,3.0,4.25,2.25,NA,NA,NA,NA,NA,NA,NA,NA,NA
2026-05-06 13:00:00,41.75,83.75,23.0,22.5,30.75,14.0,22.0,0.0,61.25,3.75,4.0,NA,1.0,4.0,3.0,NA,NA,NA,NA,NA,NA,NA,NA,NA
2026-05-06 14:00:00,49.0,90.75,26.75,47.0,47.25,20.75,22.0,0.0,63.75,4.0,4.0,NA,1.25,4.0,3.0,NA,NA,NA,NA,NA,NA,NA,NA,NA
2026-05-06 15:00:00,47.0,88.5,28.0,47.75,48.25,16.0,21.5,0.0,72.5,4.0,4.0,NA,1.0,4.0,3.0,NA,NA,NA,NA,NA,NA,NA,NA,NA
2026-05-06 16:00:00,45.5,85.5,24.25,27.0,34.75,10.5,22.0,0.0,67.25,3.75,4.0,NA,1.0,4.0,3.0,NA,NA,NA,NA,NA,NA,NA,NA,NA
2026-05-06 17:00:00,47.5,87.25,28.75,50.0,50.25,20.5,22.5,0.0,65.75,4.0,4.0,NA,1.0,4.0,3.0,NA,NA,NA,NA,NA,NA,NA,NA,NA
2026-05-06 18:00:00,54.5,102.75,26.5,29.0,37.25,15.75,22.0,0.5,49.0,3.25,3.25,NA,4.0,2.75,4.25,NA,NA,NA,NA,NA,NA,NA,NA,NA
2026-05-06 19:00:00,63.5,140.0,25.0,30.5,37.0,15.5,22.25,1.25,26.5,3.0,3.0,NA,4.75,2.0,4.5,NA,NA,NA,NA,NA,NA,NA,NA,NA
2026-05-06 20:00:00,71.25,178.75,26.75,37.5,41.5,16.25,16.75,1.0,23.75,3.0,3.0,NA,4.75,2.0,5.0,NA,NA,NA,NA,NA,NA,NA,NA,NA
2026-05-06 21:00:00,78.5,190.75,24.0,29.0,35.0,13.5,14.0,1.0,23.5,1.5,1.5,NA,3.5,2.75,1.75,NA,NA,NA,NA,NA,NA,NA,NA,NA
2026-05-06 22:00:00,96.0,230.5,25.25,40.25,42.5,18.5,14.0,0.5,36.0,1.0,1.0,NA,3.0,3.0,1.0,NA,NA,NA,NA,NA,NA,NA,NA,NA
2026-05-06 23:00:00,71.33,205.67,27.33,44.67,46.0,16.0,14.0,0.0,42.33,1.0,1.0,NA,3.0,3.0,1.0,NA,NA,NA,NA,NA,NA,NA,NA,NA
2026-05-07 00:00:00,59.5,111.75,37.75,92.5,79.75,18.25,17.75,0.0,29.25,3.0,3.0,NA,2.0,2.0,2.0,NA,NA,NA,NA,NA,NA,NA,NA,NA
2026-05-07 01:00:00,54.75,107.25,25.25,14.67,25.0,4.25,19.75,0.0,27.75,3.0,3.0,NA,2.0,2.0,2.0,NA,NA,NA,NA,NA,NA,NA,NA,NA
2026-05-07 02:00:00,45.25,84.25,26.75,27.0,36.5,12.5,20.5,0.0,34.25,3.0,3.0,NA,2.0,2.0,2.0,NA,NA,NA,NA,NA,NA,NA,NA,NA
2026-05-07 03:00:00,32.75,64.25,27.75,36.5,42.0,13.25,23.75,0.0,31.25,3.0,3.0,NA,2.0,2.0,2.0,NA,NA,NA,NA,NA,NA,NA,NA,NA
2026-05-07 04:00:00,27.25,55.75,27.75,38.0,42.75,13.5,22.0,0.0,32.0,3.0,3.0,NA,2.0,2.0,2.0,NA,NA,NA,NA,NA,NA,NA,NA,NA
2026-05-07 05:00:00,33.0,67.75,28.5,42.5,46.0,15.5,21.25,0.0,29.0,3.0,3.0,NA,2.0,2.0,2.0,NA,NA,NA,NA,NA,NA,NA,NA,NA
2026-05-07 06:00:00,28.5,61.0,27.25,38.75,43.0,15.0,22.25,0.0,29.0,3.0,3.0,NA,2.0,2.0,2.0,NA,NA,NA,NA,NA,NA,NA,NA,NA
2026-05-07 07:00:00,30.25,64.5,23.75,19.25,29.75,10.25,23.0,0.0,25.5,3.0,3.0,NA,2.0,2.0,2.0,NA,NA,NA,NA,NA,NA,NA,NA,NA
2026-05-07 08:00:00,36.25,81.5,33.5,73.5,64.0,20.5,25.75,0.0,37.75,5.0,5.0,NA,3.0,4.25,2.0,NA,NA,NA,NA,NA,NA,NA,NA,NA
2026-05-07 09:00:00,36.5,92.75,22.75,14.5,23.75,8.75,26.5,0.25,41.75,5.0,5.0,NA,3.0,4.5,2.0,NA,NA,NA,NA,NA,NA,NA,NA,NA
2026-05-07 10:00:00,31.25,85.0,25.5,31.5,37.75,15.5,27.0,0.0,43.75,5.0,5.0,NA,3.0,4.0,2.0,NA,NA,NA,NA,NA,NA,NA,NA,NA
2026-05-07 11:00:00,31.0,82.75,27.75,46.0,47.25,16.75,26.25,0.0,54.75,5.0,5.0,NA,3.0,4.5,2.25,NA,NA,NA,NA,NA,NA,NA,NA,NA
2026-05-07 12:00:00,31.75,80.25,28.0,41.25,45.25,12.5,21.75,0.0,55.75,5.0,5.0,NA,3.0,4.25,2.25,NA,NA,NA,NA,NA,NA,NA,NA,NA
2026-05-07 13:00:00,30.75,78.0,28.5,39.5,44.0,14.75,20.25,0.0,55.25,4.0,4.0,NA,1.0,4.0,3.0,NA,NA,NA,NA,NA,NA,NA,NA,NA
2026-05-07 14:00:00,27.0,69.5,25.0,23.0,32.5,12.75,17.5,0.0,58.0,4.0,4.0,NA,1.0,3.75,3.0,NA,NA,NA,NA,NA,NA,NA,NA,NA
2026-05-07 15:00:00,24.25,60.75,25.25,32.0,37.75,15.25,17.25,0.0,65.0,4.0,4.0,NA,1.0,4.0,3.0,NA,NA,NA,NA,NA,NA,NA,NA,NA
2026-05-07 16:00:00,27.75,61.75,27.75,41.0,44.5,16.0,20.0,0.0,62.25,4.0,4.0,NA,1.0,3.75,3.0,NA,NA,NA,NA,NA,NA,NA,NA,NA
2026-05-07 17:00:00,30.25,68.0,27.25,38.75,42.75,14.75,21.0,0.5,51.75,4.0,4.0,NA,1.0,4.0,3.25,NA,NA,NA,NA,NA,NA,NA,NA,NA
2026-05-07 18:00:00,28.75,68.5,25.5,30.0,36.5,13.75,20.25,1.0,45.75,3.25,3.25,NA,3.75,2.5,4.0,NA,NA,NA,NA,NA,NA,NA,NA,NA
2026-05-07 19:00:00,30.25,71.5,26.5,39.25,42.75,16.75,20.0,1.0,40.75,3.0,3.0,NA,4.5,2.0,4.75,NA,NA,NA,NA,NA,NA,NA,NA,NA
2026-05-07 20:00:00,35.25,75.0,27.5,41.75,44.5,17.5,16.5,0.75,35.75,3.0,3.0,NA,4.75,2.0,4.75,NA,NA,NA,NA,NA,NA,NA,NA,NA
2026-05-07 21:00:00,40.5,78.75,25.25,30.5,36.75,15.0,14.75,1.0,31.0,1.5,1.5,NA,3.5,2.75,1.75,NA,NA,NA,NA,NA,NA,NA,NA,NA
2026-05-07 22:00:00,48.25,88.25,26.0,32.75,39.25,14.0,14.75,0.75,29.0,1.0,1.0,NA,3.0,3.0,1.0,NA,NA,NA,NA,NA,NA,NA,NA,NA
2026-05-07 23:00:00,56.33,101.33,26.33,37.0,41.33,14.0,14.67,0.67,23.33,1.0,1.0,NA,3.0,3.0,1.0,NA,NA,NA,NA,NA,NA,NA,NA,NA
2026-05-08 00:00:00,59.25,105.75,26.75,40.0,43.0,17.0,13.0,0.0,21.25,3.0,3.0,NA,2.0,2.0,2.0,NA,NA,NA,NA,NA,NA,NA,NA,NA
2026-05-08 01:00:00,51.25,90.75,28.0,49.75,49.5,18.25,12.0,0.0,20.75,3.0,3.0,NA,2.0,2.0,2.0,NA,NA,NA,NA,NA,NA,NA,NA,NA
2026-05-08 02:00:00,49.5,81.25,24.0,22.5,31.5,12.25,12.0,0.0,20.5,3.0,3.0,NA,2.0,2.0,2.0,NA,NA,NA,NA,NA,NA,NA,NA,NA
2026-05-08 03:00:00,52.75,82.25,22.0,17.75,27.25,13.0,12.0,0.0,20.0,3.0,3.0,NA,2.0,2.0,2.0,NA,NA,NA,NA,NA,NA,NA,NA,NA
2026-05-08 04:00:00,54.75,83.5,23.0,27.5,33.5,17.5,10.0,0.0,20.0,3.0,3.0,NA,2.0,2.0,2.0,NA,NA,NA,NA,NA,NA,NA,NA,NA
2026-05-08 05:00:00,50.25,78.0,23.0,34.5,37.25,16.25,9.25,0.0,20.0,3.0,3.0,NA,2.0,2.0,2.0,NA,NA,NA,NA,NA,NA,NA,NA,NA
2026-05-08 06:00:00,59.25,90.25,28.25,58.75,54.25,24.0,9.0,0.5,20.25,3.0,3.0,NA,2.0,2.0,2.0,NA,NA,NA,NA,NA,NA,NA,NA,NA
2026-05-08 07:00:00,69.25,104.0,33.75,73.0,66.25,19.25,10.25,0.25,20.5,3.0,3.0,NA,2.0,2.0,2.0,NA,NA,NA,NA,NA,NA,NA,NA,NA
2026-05-08 08:00:00,55.75,97.5,24.75,18.5,30.0,10.75,21.5,0.0,20.25,5.0,5.0,NA,3.0,4.25,2.0,NA,NA,NA,NA,NA,NA,NA,NA,NA
2026-05-08 09:00:00,40.25,75.75,24.75,29.25,35.75,13.75,28.25,1.0,22.0,5.0,5.0,NA,3.0,4.0,2.0,NA,NA,NA,NA,NA,NA,NA,NA,NA
2026-05-08 10:00:00,35.75,76.5,24.0,29.0,35.0,13.0,28.0,0.5,25.75,5.0,5.0,NA,3.0,4.75,2.0,NA,NA,NA,NA,NA,NA,NA,NA,NA
2026-05-08 11:00:00,30.0,69.0,22.75,29.75,34.75,15.0,27.5,0.0,30.5,5.0,5.0,NA,3.0,4.0,2.25,NA,NA,NA,NA,NA,NA,NA,NA,NA
2026-05-08 12:00:00,24.5,60.75,23.75,35.0,38.25,15.0,20.5,0.0,41.5,5.0,5.0,NA,3.0,4.5,2.0,NA,NA,NA,NA,NA,NA,NA,NA,NA
2026-05-08 13:00:00,30.75,69.25,24.5,36.0,39.0,17.25,17.25,0.0,47.5,4.0,4.0,NA,1.0,4.0,3.0,NA,NA,NA,NA,NA,NA,NA,NA,NA
2026-05-08 14:00:00,28.0,67.0,23.75,35.0,38.25,17.0,17.0,0.0,47.75,4.0,4.0,NA,1.0,4.0,3.0,NA,NA,NA,NA,NA,NA,NA,NA,NA
2026-05-08 15:00:00,25.5,61.75,25.75,46.0,45.5,18.0,17.0,0.0,45.75,4.0,4.0,NA,1.0,4.0,3.0,NA,NA,NA,NA,NA,NA,NA,NA,NA
2026-05-08 16:00:00,22.0,55.75,24.75,39.5,41.5,14.25,18.5,0.0,47.0,4.0,4.0,NA,1.0,4.0,3.0,NA,NA,NA,NA,NA,NA,NA,NA,NA
2026-05-08 17:00:00,23.0,58.25,25.5,40.0,42.5,16.5,18.75,0.75,41.5,4.0,4.0,NA,1.0,4.0,3.0,NA,NA,NA,NA,NA,NA,NA,NA,NA
2026-05-08 18:00:00,25.5,70.25,28.0,51.0,50.0,18.5,18.5,1.0,35.0,3.25,3.25,NA,3.75,2.5,4.5,NA,NA,NA,NA,NA,NA,NA,NA,NA
2026-05-08 19:00:00,33.75,82.75,25.75,34.0,39.25,16.25,19.75,1.0,31.25,3.0,3.0,NA,5.0,2.0,4.75,NA,NA,NA,NA,NA,NA,NA,NA,NA
2026-05-08 20:00:00,38.5,86.75,23.75,28.5,34.75,14.0,27.5,0.75,26.0,3.0,3.0,NA,4.5,2.0,4.75,NA,NA,NA,NA,NA,NA,NA,NA,NA
2026-05-08 21:00:00,43.25,95.5,24.5,31.75,37.25,16.5,29.5,1.0,23.5,1.5,1.5,NA,3.25,2.75,2.0,NA,NA,NA,NA,NA,NA,NA,NA,NA
2026-05-08 22:00:00,39.75,87.75,26.0,44.0,44.75,17.75,29.25,1.0,22.75,1.0,1.0,NA,3.0,3.0,1.0,NA,NA,NA,NA,NA,NA,NA,NA,NA
2026-05-08 23:00:00,41.5,90.67,26.0,38.33,41.67,20.0,29.0,1.0,21.67,1.0,1.0,NA,3.0,3.0,1.0,NA,NA,NA,NA,NA,NA,NA,NA,NA
2026-05-09 00:00:00,45.5,106.75,25.25,37.0,40.25,18.5,22.5,1.0,21.0,3.0,3.0,NA,2.0,2.0,2.0,NA,NA,NA,NA,NA,NA,NA,NA,NA
2026-05-09 01:00:00,44.25,98.0,24.0,32.0,36.5,15.0,19.25,1.0,20.5,3.0,3.0,NA,2.0,2.0,2.0,NA,NA,NA,NA,NA,NA,NA,NA,NA
2026-05-09 02:00:00,44.5,103.0,24.5,32.25,37.25,15.25,19.0,0.25,20.25,3.0,3.0,NA,2.0,2.0,2.0,NA,NA,NA,NA,NA,NA,NA,NA,NA
2026-05-09 03:00:00,43.5,89.5,25.5,42.25,43.5,17.75,19.0,0.0,20.75,3.0,3.0,NA,2.0,2.0,2.0,NA,NA,NA,NA,NA,NA,NA,NA,NA
2026-05-09 04:00:00,56.25,101.5,24.75,35.0,38.75,17.5,16.25,0.25,20.75,3.0,3.0,NA,2.0,2.0,2.0,NA,NA,NA,NA,NA,NA,NA,NA,NA
2026-05-09 05:00:00,81.5,133.5,25.0,37.5,40.5,17.75,14.75,1.0,20.0,3.0,3.0,NA,2.0,2.0,2.0,NA,NA,NA,NA,NA,NA,NA,NA,NA
2026-05-09 06:00:00,92.25,148.5,25.75,42.5,43.25,16.0,15.0,1.0,20.75,3.0,3.0,NA,2.0,2.0,2.0,NA,NA,NA,NA,NA,NA,NA,NA,NA
2026-05-09 07:00:00,57.5,104.5,23.0,23.25,31.0,15.0,15.5,0.75,24.75,3.0,3.0,NA,2.0,2.0,2.0,NA,NA,NA,NA,NA,NA,NA,NA,NA
2026-05-09 08:00:00,56.25,105.5,23.75,34.0,37.25,17.0,22.0,0.0,30.5,5.0,5.0,NA,3.0,4.75,2.25,NA,NA,NA,NA,NA,NA,NA,NA,NA
2026-05-09 09:00:00,58.5,116.0,22.0,29.0,33.5,14.75,25.5,0.5,40.5,5.0,5.0,NA,3.0,4.0,2.25,NA,NA,NA,NA,NA,NA,NA,NA,NA
2026-05-09 10:00:00,59.5,113.75,22.5,30.25,34.5,18.0,26.0,0.5,42.5,5.0,5.0,NA,3.0,4.75,2.5,NA,NA,NA,NA,NA,NA,NA,NA,NA
2026-05-09 11:00:00,44.25,86.5,21.5,29.75,33.5,17.75,25.75,0.0,44.0,5.0,5.0,NA,3.0,4.25,2.0,NA,NA,NA,NA,NA,NA,NA,NA,NA
2026-05-09 12:00:00,36.67,74.67,24.33,45.0,43.67,21.33,22.33,0.0,48.67,5.0,5.0,NA,3.0,4.33,2.0,NA,NA,NA,NA,NA,NA,NA,NA,NA
2026-05-09 13:00:00,36.25,75.75,21.75,26.5,32.0,15.25,20.0,0.0,56.5,4.0,4.0,NA,1.0,4.0,3.0,NA,NA,NA,NA,NA,NA,NA,NA,NA
2026-05-09 14:00:00,32.67,69.33,19.67,21.0,27.67,15.0,20.0,0.0,56.33,3.67,4.0,NA,1.0,4.0,3.0,NA,NA,NA,NA,NA,NA,NA,NA,NA
2026-05-09 15:00:00,33.5,70.5,24.5,46.5,44.75,20.5,20.25,0.0,60.0,4.0,4.0,NA,1.0,4.0,3.5,NA,NA,NA,NA,NA,NA,NA,NA,NA
2026-05-09 16:00:00,35.75,78.75,24.5,41.25,42.0,17.75,19.25,0.25,60.75,4.0,4.0,NA,1.25,4.0,3.0,NA,NA,NA,NA,NA,NA,NA,NA,NA
2026-05-09 17:00:00,36.25,78.25,24.25,39.25,40.75,19.25,18.0,0.25,58.75,4.0,4.0,NA,1.0,4.0,3.0,NA,NA,NA,NA,NA,NA,NA,NA,NA
2026-05-09 18:00:00,38.5,82.0,25.0,42.75,43.25,18.75,19.0,0.0,50.75,3.25,3.25,NA,4.0,2.5,4.25,NA,NA,NA,NA,NA,NA,NA,NA,NA
2026-05-09 19:00:00,45.5,97.0,25.5,43.0,43.75,17.75,19.25,1.0,41.5,3.0,3.0,NA,4.75,2.0,4.75,NA,NA,NA,NA,NA,NA,NA,NA,NA
2026-05-09 20:00:00,51.25,105.5,24.0,34.75,38.25,17.5,22.5,1.0,29.75,3.0,3.0,NA,5.0,2.0,5.0,NA,NA,NA,NA,NA,NA,NA,NA,NA
2026-05-09 21:00:00,54.0,118.25,24.25,36.0,39.0,18.0,24.0,1.0,27.25,1.5,1.5,NA,3.5,2.75,2.0,NA,NA,NA,NA,NA,NA,NA,NA,NA
2026-05-09 22:00:00,56.5,119.75,23.0,35.0,37.25,16.5,23.25,1.0,27.25,1.0,1.0,NA,3.0,3.0,1.0,NA,NA,NA,NA,NA,NA,NA,NA,NA
2026-05-09 23:00:00,60.0,119.67,25.0,46.33,45.0,18.33,23.33,1.0,24.33,1.0,1.0,NA,3.0,3.0,1.0,NA,NA,NA,NA,NA,NA,NA,NA,NA
2026-05-10 00:00:00,65.25,128.5,24.75,39.0,41.0,17.75,14.5,1.0,21.75,3.0,3.0,NA,2.0,2.0,2.0,NA,NA,NA,NA,NA,NA,NA,NA,NA
2026-05-10 01:00:00,78.0,141.75,25.0,36.0,39.5,15.5,10.25,1.0,21.0,3.0,3.0,NA,2.0,2.0,2.0,NA,NA,NA,NA,NA,NA,NA,NA,NA
2026-05-10 02:00:00,92.0,163.75,25.25,37.75,41.0,17.0,10.75,1.0,21.0,3.0,3.0,NA,2.0,2.0,2.0,NA,NA,NA,NA,NA,NA,NA,NA,NA
2026-05-10 03:00:00,82.75,153.5,25.5,39.0,41.75,20.0,11.0,1.0,21.0,3.0,3.0,NA,2.0,2.0,2.0,NA,NA,NA,NA,NA,NA,NA,NA,NA
2026-05-10 04:00:00,78.0,147.75,27.25,47.25,47.5,19.25,18.25,0.75,20.5,3.0,3.0,NA,2.0,2.0,2.0,NA,NA,NA,NA,NA,NA,NA,NA,NA
2026-05-10 05:00:00,73.0,121.5,27.0,44.25,45.5,17.75,21.75,1.0,21.0,3.0,3.0,NA,2.0,2.0,2.0,NA,NA,NA,NA,NA,NA,NA,NA,NA
2026-05-10 06:00:00,73.75,121.0,25.25,30.25,36.5,17.25,22.5,1.0,20.25,3.0,3.0,NA,2.0,2.0,2.0,NA,NA,NA,NA,NA,NA,NA,NA,NA
2026-05-10 07:00:00,77.25,125.0,24.0,31.75,37.0,14.5,24.0,0.75,21.0,3.0,3.0,NA,2.0,2.0,2.0,NA,NA,NA,NA,NA,NA,NA,NA,NA
2026-05-10 08:00:00,76.5,126.0,24.0,32.75,37.0,13.25,24.75,0.25,20.0,5.0,5.0,NA,3.0,4.5,2.0,NA,NA,NA,NA,NA,NA,NA,NA,NA
2026-05-10 09:00:00,60.75,108.0,23.0,31.25,35.5,14.0,26.25,0.0,20.0,5.0,5.0,NA,3.0,4.5,2.5,NA,NA,NA,NA,NA,NA,NA,NA,NA
2026-05-10 10:00:00,45.25,88.5,23.5,34.0,37.5,17.0,26.25,0.0,23.0,5.0,5.0,NA,3.0,4.25,2.5,NA,NA,NA,NA,NA,NA,NA,NA,NA
2026-05-10 11:00:00,40.75,80.5,22.25,29.75,34.25,15.75,25.25,0.0,31.0,5.0,5.0,NA,3.0,4.5,2.25,NA,NA,NA,NA,NA,NA,NA,NA,NA
2026-05-10 12:00:00,44.0,86.75,24.25,42.0,42.0,18.5,27.5,0.0,37.75,5.0,5.0,NA,3.0,4.25,2.0,NA,NA,NA,NA,NA,NA,NA,NA,NA
2026-05-10 13:00:00,42.25,85.25,23.0,36.5,38.25,16.0,28.5,0.0,41.75,4.0,4.0,NA,1.25,4.0,3.0,NA,NA,NA,NA,NA,NA,NA,NA,NA
2026-05-10 14:00:00,41.0,82.25,25.5,49.0,47.25,20.25,28.0,0.0,48.25,4.0,4.0,NA,1.0,4.0,3.0,NA,NA,NA,NA,NA,NA,NA,NA,NA
2026-05-10 15:00:00,39.25,76.25,25.75,44.75,45.0,19.5,28.0,0.0,51.0,4.0,4.0,NA,1.0,4.0,3.0,NA,NA,NA,NA,NA,NA,NA,NA,NA
2026-05-10 16:00:00,40.0,77.75,24.75,38.0,40.5,17.0,26.5,0.0,52.75,4.0,4.0,NA,1.0,4.0,3.25,NA,NA,NA,NA,NA,NA,NA,NA,NA
2026-05-10 17:00:00,42.0,82.0,27.25,51.0,50.0,20.75,26.0,0.25,51.0,4.0,4.0,NA,1.25,4.0,3.0,NA,NA,NA,NA,NA,NA,NA,NA,NA
2026-05-10 18:00:00,43.25,91.0,25.0,32.25,37.75,15.25,26.0,1.0,38.0,3.25,3.25,NA,4.0,2.5,4.25,NA,NA,NA,NA,NA,NA,NA,NA,NA
2026-05-10 19:00:00,50.75,114.25,26.0,35.75,40.0,17.0,27.0,1.0,32.5,3.0,3.0,NA,5.0,2.0,4.75,NA,NA,NA,NA,NA,NA,NA,NA,NA
2026-05-10 20:00:00,55.5,119.25,27.0,43.0,44.5,18.75,29.5,1.0,30.0,3.0,3.0,NA,4.75,2.0,5.0,NA,NA,NA,NA,NA,NA,NA,NA,NA
2026-05-10 21:00:00,56.5,115.5,23.25,21.5,30.75,15.0,29.0,1.0,26.5,1.5,1.5,NA,3.5,2.75,2.0,NA,NA,NA,NA,NA,NA,NA,NA,NA
2026-05-10 22:00:00,56.0,112.75,25.0,39.0,41.0,17.5,29.0,1.0,26.25,1.0,1.0,NA,3.0,3.0,1.0,NA,NA,NA,NA,NA,NA,NA,NA,NA
2026-05-10 23:00:00,53.0,105.67,24.33,40.67,42.0,18.0,29.0,1.0,24.0,1.0,1.0,NA,3.0,3.0,1.0,NA,NA,NA,NA,NA,NA,NA,NA,NA
2026-05-11 00:00:00,49.75,97.25,22.75,34.75,37.0,16.5,19.25,0.0,23.5,3.0,3.0,NA,2.0,2.0,2.0,NA,NA,NA,NA,NA,NA,NA,NA,NA
2026-05-11 01:00:00,50.0,94.75,23.0,34.25,37.25,18.0,14.25,0.0,22.25,3.0,3.0,NA,2.0,2.0,2.0,NA,NA,NA,NA,NA,NA,NA,NA,NA
2026-05-11 02:00:00,49.0,91.5,23.25,36.75,38.5,19.75,14.5,0.0,21.5,3.0,3.0,NA,2.0,2.0,2.0,NA,NA,NA,NA,NA,NA,NA,NA,NA
2026-05-11 03:00:00,43.5,78.75,23.0,33.75,37.0,18.5,14.75,0.0,24.0,3.0,3.0,NA,2.0,2.0,2.0,NA,NA,NA,NA,NA,NA,NA,NA,NA
2026-05-11 04:00:00,42.5,76.0,23.5,37.5,38.75,16.75,12.0,0.0,23.75,3.0,3.0,NA,2.0,2.0,2.0,NA,NA,NA,NA,NA,NA,NA,NA,NA
2026-05-11 05:00:00,46.0,82.5,24.5,46.0,44.75,20.75,11.5,0.5,21.75,3.0,3.0,NA,2.0,2.0,2.0,NA,NA,NA,NA,NA,NA,NA,NA,NA
2026-05-11 06:00:00,62.25,106.5,25.25,45.5,45.0,21.5,12.0,1.0,21.0,3.0,3.0,NA,2.0,2.0,2.0,NA,NA,NA,NA,NA,NA,NA,NA,NA
2026-05-11 07:00:00,70.5,118.25,24.25,35.5,38.75,15.75,12.5,1.0,20.0,3.0,3.0,NA,2.0,2.0,2.0,NA,NA,NA,NA,NA,NA,NA,NA,NA
2026-05-11 08:00:00,63.75,113.0,23.5,32.0,36.5,15.75,14.25,1.0,20.25,5.0,5.0,NA,3.0,4.0,2.25,NA,NA,NA,NA,NA,NA,NA,NA,NA
2026-05-11 09:00:00,60.5,113.0,27.75,52.75,51.0,18.75,15.0,0.75,22.75,5.0,5.0,NA,3.0,4.5,2.0,NA,NA,NA,NA,NA,NA,NA,NA,NA
2026-05-11 10:00:00,58.25,106.5,24.75,35.0,38.75,15.75,18.25,0.0,29.75,5.0,5.0,NA,3.0,4.25,2.25,NA,NA,NA,NA,NA,NA,NA,NA,NA
2026-05-11 11:00:00,59.0,110.5,26.25,41.25,43.25,17.0,17.0,0.0,37.75,5.0,5.0,NA,3.0,4.5,2.0,NA,NA,NA,NA,NA,NA,NA,NA,NA
2026-05-11 12:00:00,50.5,98.25,26.25,39.0,42.0,16.0,24.75,1.0,43.25,5.0,5.0,NA,3.0,4.75,2.25,NA,NA,NA,NA,NA,NA,NA,NA,NA
2026-05-11 13:00:00,56.0,115.5,28.25,49.5,49.25,18.5,29.0,0.75,46.25,4.0,4.0,NA,1.0,4.0,3.0,NA,NA,NA,NA,NA,NA,NA,NA,NA
2026-05-11 14:00:00,55.75,110.75,27.5,43.0,45.5,17.75,28.5,0.0,52.5,4.0,4.0,NA,1.0,4.0,3.0,NA,NA,NA,NA,NA,NA,NA,NA,NA
2026-05-11 15:00:00,54.5,107.0,26.0,34.25,39.25,14.5,27.75,0.0,58.25,4.0,4.0,NA,1.0,4.0,3.0,NA,NA,NA,NA,NA,NA,NA,NA,NA
2026-05-11 16:00:00,51.5,104.75,28.0,51.0,50.0,17.0,31.5,0.0,58.25,4.0,4.0,NA,1.0,4.0,3.0,NA,NA,NA,NA,NA,NA,NA,NA,NA
2026-05-11 17:00:00,51.5,104.0,30.75,54.0,53.75,16.5,33.0,0.75,58.5,4.0,4.0,NA,1.0,4.0,3.0,NA,NA,NA,NA,NA,NA,NA,NA,NA
2026-05-11 18:00:00,55.0,108.75,29.75,42.25,46.5,15.5,33.0,0.75,51.25,3.25,3.25,NA,3.75,2.5,4.5,NA,NA,NA,NA,NA,NA,NA,NA,NA
2026-05-11 19:00:00,63.5,136.25,27.5,27.25,36.75,11.5,33.0,1.0,31.0,3.0,3.0,NA,5.0,2.0,4.5,NA,NA,NA,NA,NA,NA,NA,NA,NA
2026-05-11 20:00:00,81.75,182.75,26.0,18.25,31.0,9.75,23.25,1.25,22.75,3.0,3.0,NA,4.75,2.0,5.0,NA,NA,NA,NA,NA,NA,NA,NA,NA
2026-05-11 21:00:00,93.75,202.25,28.75,33.75,41.25,12.5,19.0,2.0,21.5,1.5,1.5,NA,3.5,2.75,2.0,NA,NA,NA,NA,NA,NA,NA,NA,NA
2026-05-11 22:00:00,100.0,207.25,29.0,38.0,44.0,16.0,17.75,1.5,21.75,1.0,1.0,NA,3.0,3.0,1.0,NA,NA,NA,NA,NA,NA,NA,NA,NA
2026-05-11 23:00:00,89.33,186.0,25.0,23.67,33.0,10.0,17.0,1.0,21.33,1.0,1.0,NA,3.0,3.0,1.0,NA,NA,NA,NA,NA,NA,NA,NA,NA
2026-05-12 00:00:00,86.0,170.75,23.75,17.5,28.75,12.75,14.75,1.0,21.0,3.0,3.0,NA,2.0,2.0,2.0,NA,NA,NA,NA,NA,NA,NA,NA,NA
2026-05-12 01:00:00,76.0,147.5,26.25,38.5,42.0,15.25,13.0,0.0,21.0,3.0,3.0,NA,2.0,2.0,2.0,NA,NA,NA,NA,NA,NA,NA,NA,NA
2026-05-12 02:00:00,73.75,148.25,24.0,25.0,33.25,14.75,13.0,0.0,20.75,3.0,3.0,NA,2.0,2.0,2.0,NA,NA,NA,NA,NA,NA,NA,NA,NA
2026-05-12 03:00:00,73.5,168.0,25.25,36.75,40.25,16.0,13.75,0.0,20.25,3.0,3.0,NA,2.0,2.0,2.0,NA,NA,NA,NA,NA,NA,NA,NA,NA
2026-05-12 04:00:00,69.25,128.75,25.75,41.5,43.0,16.5,17.25,0.0,20.25,3.0,3.0,NA,2.0,2.0,2.0,NA,NA,NA,NA,NA,NA,NA,NA,NA
2026-05-12 05:00:00,67.0,124.5,23.5,27.5,33.5,16.0,19.0,0.0,20.5,3.0,3.0,NA,2.0,2.0,2.0,NA,NA,NA,NA,NA,NA,NA,NA,NA
2026-05-12 06:00:00,68.5,128.0,26.5,42.0,44.25,20.25,20.25,0.0,20.25,3.0,3.0,NA,2.0,2.0,2.0,NA,NA,NA,NA,NA,NA,NA,NA,NA
2026-05-12 07:00:00,70.5,124.0,26.75,40.25,43.25,17.25,21.5,0.25,20.25,3.0,3.0,NA,2.0,2.0,2.0,NA,NA,NA,NA,NA,NA,NA,NA,NA
2026-05-12 08:00:00,79.5,147.5,25.75,32.5,38.25,15.75,29.0,1.0,20.25,5.0,5.0,NA,3.0,4.0,2.0,NA,NA,NA,NA,NA,NA,NA,NA,NA
2026-05-12 09:00:00,75.5,157.5,26.0,35.75,40.0,19.0,34.25,1.0,23.5,5.0,5.0,NA,3.0,4.25,2.0,NA,NA,NA,NA,NA,NA,NA,NA,NA
2026-05-12 10:00:00,66.5,145.0,32.75,70.0,64.25,23.25,34.0,1.0,29.75,5.0,5.0,NA,3.0,4.25,2.0,NA,NA,NA,NA,NA,NA,NA,NA,NA
2026-05-12 11:00:00,59.25,131.5,32.75,57.5,57.5,16.5,33.75,1.0,34.5,5.0,5.0,NA,3.0,4.25,2.0,NA,NA,NA,NA,NA,NA,NA,NA,NA
2026-05-12 12:00:00,57.25,135.5,31.0,43.0,48.5,12.5,32.25,1.0,40.75,5.0,5.0,NA,3.0,4.5,2.0,NA,NA,NA,NA,NA,NA,NA,NA,NA
2026-05-12 13:00:00,67.5,183.0,30.25,38.25,45.25,13.25,31.5,1.0,47.5,4.0,4.0,NA,1.0,4.0,3.0,NA,NA,NA,NA,NA,NA,NA,NA,NA
2026-05-12 14:00:00,67.75,177.5,28.75,28.25,36.75,11.5,31.0,0.75,50.25,4.0,4.0,NA,1.0,4.0,3.0,NA,NA,NA,NA,NA,NA,NA,NA,NA
2026-05-12 15:00:00,59.5,139.75,19.0,6.0,11.0,6.75,30.5,0.5,51.25,4.0,4.0,NA,1.0,4.0,3.0,NA,NA,NA,NA,NA,NA,NA,NA,NA
2026-05-12 16:00:00,54.75,131.25,21.0,21.5,29.0,13.0,19.0,1.0,44.75,4.0,4.0,NA,1.0,4.0,3.0,NA,NA,NA,NA,NA,NA,NA,NA,NA
2026-05-12 17:00:00,51.5,118.0,24.0,39.5,40.25,17.5,13.0,1.0,42.75,4.0,4.0,NA,1.25,4.0,3.25,NA,NA,NA,NA,NA,NA,NA,NA,NA
2026-05-12 18:00:00,52.5,116.75,27.0,52.25,50.0,21.75,13.0,1.0,35.25,3.25,3.25,NA,4.0,2.5,4.5,NA,NA,NA,NA,NA,NA,NA,NA,NA
2026-05-12 19:00:00,54.75,119.5,25.5,43.0,43.5,15.25,13.0,1.0,29.5,3.0,3.0,NA,4.75,2.0,4.75,NA,NA,NA,NA,NA,NA,NA,NA,NA
2026-05-12 20:00:00,45.75,107.25,28.5,57.5,54.0,19.5,17.0,1.0,25.25,3.0,3.0,NA,5.0,2.0,4.75,NA,NA,NA,NA,NA,NA,NA,NA,NA
2026-05-12 21:00:00,40.5,92.5,28.0,46.5,47.75,17.75,17.5,0.75,24.75,1.5,1.5,NA,3.25,2.75,2.0,NA,NA,NA,NA,NA,NA,NA,NA,NA
2026-05-12 22:00:00,46.0,95.75,25.75,33.25,38.75,14.0,17.25,0.0,21.25,1.0,1.0,NA,3.0,3.0,1.0,NA,NA,NA,NA,NA,NA,NA,NA,NA
2026-05-12 23:00:00,53.0,104.33,25.0,34.0,38.33,16.67,16.33,0.0,21.0,1.0,1.0,NA,3.0,3.0,1.0,NA,NA,NA,NA,NA,NA,NA,NA,NA
2026-05-13 00:00:00,51.25,95.5,25.0,35.5,39.25,16.5,17.25,0.25,21.5,3.0,3.0,NA,2.0,2.0,2.0,NA,NA,NA,NA,NA,NA,NA,NA,NA
2026-05-13 01:00:00,69.75,121.75,24.5,34.5,38.25,17.5,19.25,0.0,21.25,3.0,3.0,NA,2.0,2.0,2.0,NA,NA,NA,NA,NA,NA,NA,NA,NA
2026-05-13 02:00:00,62.75,113.0,23.5,29.25,35.0,15.5,18.25,0.0,20.0,3.0,3.0,NA,2.0,2.0,2.0,NA,NA,NA,NA,NA,NA,NA,NA,NA
2026-05-13 03:00:00,70.25,119.25,24.5,35.5,38.75,16.5,17.75,0.0,20.5,3.0,3.0,NA,2.0,2.0,2.0,NA,NA,NA,NA,NA,NA,NA,NA,NA
2026-05-13 04:00:00,69.75,110.75,23.75,33.5,37.25,16.25,16.75,0.0,20.75,3.0,3.0,NA,2.0,2.0,2.0,NA,NA,NA,NA,NA,NA,NA,NA,NA
2026-05-13 05:00:00,74.25,113.75,25.5,44.25,44.25,19.0,16.0,0.25,21.0,3.0,3.0,NA,2.0,2.0,2.0,NA,NA,NA,NA,NA,NA,NA,NA,NA
2026-05-13 06:00:00,95.25,144.5,29.75,62.5,57.5,24.75,16.75,1.0,20.5,3.0,3.0,NA,2.0,2.0,2.0,NA,NA,NA,NA,NA,NA,NA,NA,NA
2026-05-13 07:00:00,86.0,135.5,29.75,52.75,52.25,17.25,17.0,1.0,20.0,3.0,3.0,NA,2.0,2.0,2.0,NA,NA,NA,NA,NA,NA,NA,NA,NA
2026-05-13 08:00:00,86.5,143.75,25.25,26.5,35.0,12.0,24.0,0.75,20.75,5.0,5.0,NA,3.0,4.0,2.25,NA,NA,NA,NA,NA,NA,NA,NA,NA
2026-05-13 09:00:00,90.5,181.0,27.0,38.75,42.75,18.0,28.0,0.5,24.5,5.0,5.0,NA,3.0,4.5,2.0,NA,NA,NA,NA,NA,NA,NA,NA,NA
2026-05-13 10:00:00,69.5,173.75,30.25,48.0,50.75,17.25,29.75,0.0,27.5,5.0,5.0,NA,3.0,4.25,2.25,NA,NA,NA,NA,NA,NA,NA,NA,NA
2026-05-13 11:00:00,44.5,105.25,29.75,37.75,44.25,14.25,31.25,0.0,35.0,5.0,5.0,NA,3.0,4.5,2.0,NA,NA,NA,NA,NA,NA,NA,NA,NA
2026-05-13 12:00:00,48.75,101.5,29.5,36.5,43.5,13.5,35.25,0.75,41.5,5.0,5.0,NA,3.0,4.75,2.0,NA,NA,NA,NA,NA,NA,NA,NA,NA
2026-05-13 13:00:00,50.0,106.5,29.75,34.0,42.25,14.0,34.75,0.5,40.25,3.75,4.0,NA,1.0,4.0,3.0,NA,NA,NA,NA,NA,NA,NA,NA,NA
2026-05-13 14:00:00,48.25,100.25,27.25,23.5,34.75,9.0,33.5,0.25,49.75,4.0,4.0,NA,1.0,4.0,3.0,NA,NA,NA,NA,NA,NA,NA,NA,NA
2026-05-13 15:00:00,46.5,98.25,27.75,31.0,39.25,13.0,33.75,0.25,52.25,4.0,4.0,NA,1.0,4.0,3.0,NA,NA,NA,NA,NA,NA,NA,NA,NA
2026-05-13 16:00:00,52.0,111.25,28.25,36.5,42.75,12.5,26.25,0.25,56.25,4.0,4.0,NA,1.0,4.0,3.0,NA,NA,NA,NA,NA,NA,NA,NA,NA
2026-05-13 17:00:00,52.25,114.25,24.25,19.5,30.0,9.5,22.5,0.75,54.0,4.0,4.0,NA,1.0,4.0,3.0,NA,NA,NA,NA,NA,NA,NA,NA,NA
2026-05-13 18:00:00,50.25,112.75,26.25,30.25,37.25,15.25,22.75,1.0,36.5,3.25,3.25,NA,3.75,2.5,4.5,NA,NA,NA,NA,NA,NA,NA,NA,NA
2026-05-13 19:00:00,59.25,146.0,29.0,46.0,48.25,17.25,23.75,1.75,24.0,3.0,3.0,NA,5.0,2.0,4.25,NA,NA,NA,NA,NA,NA,NA,NA,NA
2026-05-13 20:00:00,61.75,187.75,32.0,60.75,58.75,18.0,18.75,0.0,32.25,3.0,3.0,NA,4.75,2.0,4.75,NA,NA,NA,NA,NA,NA,NA,NA,NA
2026-05-13 21:00:00,30.33,94.33,30.0,35.67,43.33,13.0,16.0,0.0,25.67,1.0,1.0,NA,3.0,3.0,1.0,NA,NA,NA,NA,NA,NA,NA,NA,NA
2026-05-13 22:00:00,40.0,126.0,28.33,25.0,36.0,12.33,16.0,0.0,26.0,1.0,1.0,NA,3.0,3.0,1.0,NA,NA,NA,NA,NA,NA,NA,NA,NA
2026-05-13 23:00:00,41.67,152.67,25.33,18.67,30.33,9.67,16.0,0.0,43.33,1.0,1.0,NA,3.0,3.0,1.0,NA,NA,NA,NA,NA,NA,NA,NA,NA
2026-05-14 00:00:00,46.0,84.75,20.0,4.5,14.75,6.25,16.0,0.0,36.5,3.0,3.0,NA,2.0,2.0,2.0,NA,NA,NA,NA,NA,NA,NA,NA,NA
2026-05-14 01:00:00,49.0,82.25,20.5,18.75,26.75,13.75,16.5,0.0,27.5,3.0,3.0,NA,2.0,2.0,2.0,NA,NA,NA,NA,NA,NA,NA,NA,NA
2026-05-14 02:00:00,30.0,62.0,22.5,30.5,34.75,18.75,15.75,0.0,22.5,3.0,3.0,NA,2.0,2.0,2.0,NA,NA,NA,NA,NA,NA,NA,NA,NA
2026-05-14 03:00:00,28.75,60.25,21.25,26.75,31.75,17.0,15.25,0.0,25.25,3.0,3.0,NA,2.0,2.0,2.0,NA,NA,NA,NA,NA,NA,NA,NA,NA
2026-05-14 04:00:00,34.5,63.5,22.25,33.75,36.0,19.5,26.25,0.0,26.75,3.0,3.0,NA,2.0,2.0,2.0,NA,NA,NA,NA,NA,NA,NA,NA,NA
2026-05-14 05:00:00,34.0,62.75,22.5,32.5,35.75,20.25,31.25,0.0,26.0,3.0,3.0,NA,2.0,2.0,2.0,NA,NA,NA,NA,NA,NA,NA,NA,NA
2026-05-14 06:00:00,30.25,60.5,30.0,76.75,65.75,27.0,31.0,0.0,24.75,3.0,3.0,NA,2.0,2.0,2.0,NA,NA,NA,NA,NA,NA,NA,NA,NA
2026-05-14 07:00:00,28.0,65.75,27.0,32.25,39.0,13.75,31.0,0.0,27.5,3.0,3.0,NA,2.0,2.0,2.0,NA,NA,NA,NA,NA,NA,NA,NA,NA
2026-05-14 08:00:00,26.75,70.0,23.25,16.75,27.75,11.25,21.75,0.0,35.25,5.0,5.0,NA,3.0,4.25,2.0,NA,NA,NA,NA,NA,NA,NA,NA,NA
2026-05-14 09:00:00,25.5,72.25,23.25,29.0,34.5,15.25,17.0,0.0,43.5,5.0,5.0,NA,3.0,4.25,2.0,NA,NA,NA,NA,NA,NA,NA,NA,NA
2026-05-14 10:00:00,27.25,80.25,24.5,35.0,38.75,17.5,17.5,0.5,50.75,5.0,5.0,NA,3.0,4.5,2.0,NA,NA,NA,NA,NA,NA,NA,NA,NA
2026-05-14 11:00:00,33.0,111.0,25.5,44.5,44.75,17.75,18.25,0.75,63.75,5.0,5.0,NA,3.0,4.5,2.0,NA,NA,NA,NA,NA,NA,NA,NA,NA
2026-05-14 12:00:00,39.25,134.0,25.25,37.5,40.75,15.75,21.75,0.25,78.0,5.0,5.0,NA,3.0,4.75,2.25,NA,NA,NA,NA,NA,NA,NA,NA,NA
2026-05-14 13:00:00,44.5,146.25,28.75,54.0,52.25,18.25,24.25,0.25,95.5,4.0,4.0,NA,1.0,4.0,3.0,NA,NA,NA,NA,NA,NA,NA,NA,NA
2026-05-14 14:00:00,50.5,148.5,25.5,29.0,36.25,16.75,24.75,0.0,112.25,4.0,4.0,NA,1.0,4.0,3.25,NA,NA,NA,NA,NA,NA,NA,NA,NA
2026-05-14 15:00:00,53.5,160.5,24.25,27.0,34.5,12.75,24.75,0.75,114.0,4.0,4.0,NA,1.0,4.0,3.0,NA,NA,NA,NA,NA,NA,NA,NA,NA
2026-05-14 16:00:00,47.25,148.5,22.25,19.0,28.25,10.75,21.25,0.0,112.25,4.0,4.0,NA,1.0,4.0,3.0,NA,NA,NA,NA,NA,NA,NA,NA,NA
2026-05-14 17:00:00,52.25,172.5,22.25,26.0,32.25,14.5,20.25,0.0,88.5,4.0,4.0,NA,1.0,4.0,3.0,NA,NA,NA,NA,NA,NA,NA,NA,NA
2026-05-14 18:00:00,46.67,132.0,24.33,38.67,40.33,18.67,18.33,1.0,54.33,3.33,3.33,NA,3.33,2.67,4.33,NA,NA,NA,NA,NA,NA,NA,NA,NA
2026-05-14 19:00:00,43.75,130.5,25.5,44.5,44.0,17.75,19.5,1.0,34.0,3.0,3.0,NA,5.0,2.0,4.75,NA,NA,NA,NA,NA,NA,NA,NA,NA
2026-05-14 20:00:00,46.5,138.33,26.75,50.0,48.5,18.5,21.0,1.0,28.75,3.0,3.0,NA,5.0,2.0,5.0,NA,NA,NA,NA,NA,NA,NA,NA,NA
2026-05-14 21:00:00,50.25,139.75,26.25,40.5,42.75,18.25,20.0,1.0,26.75,1.5,1.5,NA,3.5,2.75,2.0,NA,NA,NA,NA,NA,NA,NA,NA,NA
2026-05-14 22:00:00,52.0,135.5,29.0,52.33,51.67,20.33,19.67,1.0,26.0,1.0,1.0,NA,3.0,3.0,1.0,NA,NA,NA,NA,NA,NA,NA,NA,NA
2026-05-14 23:00:00,47.33,140.33,31.0,53.0,53.33,16.0,19.67,1.0,26.33,1.0,1.0,NA,3.0,3.0,1.0,NA,NA,NA,NA,NA,NA,NA,NA,NA
2026-05-15 00:00:00,52.0,166.75,18.5,2.67,12.75,5.0,20.5,0.0,36.0,3.0,3.0,NA,2.0,2.0,2.0,NA,NA,NA,NA,NA,NA,NA,NA,NA
2026-05-15 01:00:00,42.75,156.75,22.5,30.25,34.5,15.25,21.0,0.0,45.75,3.0,3.0,NA,2.0,2.0,2.0,NA,NA,NA,NA,NA,NA,NA,NA,NA
2026-05-15 02:00:00,26.25,135.0,21.25,27.25,31.75,15.0,20.0,0.0,48.25,3.0,3.0,NA,2.0,2.0,2.0,NA,NA,NA,NA,NA,NA,NA,NA,NA
2026-05-15 03:00:00,27.0,177.33,22.0,31.0,34.33,16.67,19.67,0.0,42.67,3.0,3.0,NA,2.0,2.0,2.0,NA,NA,NA,NA,NA,NA,NA,NA,NA
2026-05-15 04:00:00,26.5,79.5,22.25,32.25,35.0,17.5,15.0,0.0,41.75,3.0,3.0,NA,2.0,2.0,2.0,NA,NA,NA,NA,NA,NA,NA,NA,NA
2026-05-15 05:00:00,24.0,54.0,23.0,40.75,40.75,18.75,13.5,0.0,31.0,3.0,3.0,NA,2.0,2.0,2.0,NA,NA,NA,NA,NA,NA,NA,NA,NA
2026-05-15 06:00:00,35.25,72.25,25.75,54.5,50.25,21.5,14.25,0.0,27.0,3.0,3.0,NA,2.0,2.0,2.0,NA,NA,NA,NA,NA,NA,NA,NA,NA
2026-05-15 07:00:00,35.0,84.0,32.0,73.67,65.33,20.0,14.33,0.0,28.0,3.0,3.0,NA,2.0,2.0,2.0,NA,NA,NA,NA,NA,NA,NA,NA,NA
2026-05-15 08:00:00,34.5,101.0,24.25,24.75,32.0,12.25,10.0,0.0,34.75,5.0,5.0,NA,3.0,4.5,2.25,NA,NA,NA,NA,NA,NA,NA,NA,NA
2026-05-15 09:00:00,39.33,111.67,23.0,30.33,35.33,13.67,11.0,0.0,47.33,5.0,5.0,NA,3.0,4.33,2.33,NA,NA,NA,NA,NA,NA,NA,NA,NA
2026-05-15 10:00:00,41.67,103.0,27.67,56.0,52.67,20.33,11.67,0.0,60.0,5.0,5.0,NA,3.0,4.67,2.33,NA,NA,NA,NA,NA,NA,NA,NA,NA
2026-05-15 11:00:00,35.67,90.67,25.67,35.33,39.67,15.67,9.33,0.0,62.33,5.0,5.0,NA,3.0,4.33,2.0,NA,NA,NA,NA,NA,NA,NA,NA,NA
2026-05-15 12:00:00,33.0,87.5,30.75,65.0,60.0,19.5,6.75,0.0,73.25,5.0,5.0,NA,3.0,4.5,2.5,NA,NA,NA,NA,NA,NA,NA,NA,NA
2026-05-15 13:00:00,33.5,96.0,31.5,52.5,54.0,14.5,6.0,0.0,80.25,4.0,4.0,NA,1.0,4.0,3.0,NA,NA,NA,NA,NA,NA,NA,NA,NA
2026-05-15 14:00:00,39.25,111.0,26.28,14.58,28.33,9.1,5.48,0.17,85.3,4.12,4.05,NA,1.22,4.03,3.17,NA,NA,NA,NA,NA,NA,NA,NA,NA
2026-05-15 15:00:00,33.5,101.5,23.25,11.6,21.85,11.13,4.15,0.68,72.73,4.25,4.17,NA,1.81,4.22,3.77,NA,NA,NA,NA,NA,NA,NA,NA,NA
2026-05-15 16:00:00,27.5,96.0,24.8,29.25,35.75,15.43,17.2,0.7,79.85,4.46,4.27,NA,1.78,4.18,3.67,NA,NA,NA,NA,NA,NA,NA,NA,NA
2026-05-15 17:00:00,33.5,111.25,25.85,39.33,41.93,15.93,24.13,0.79,79.25,4.38,4.22,NA,1.74,4.21,3.65,NA,NA,NA,NA,NA,NA,NA,NA,NA
2026-05-15 18:00:00,40.67,129.33,24.13,25.4,33.13,14.93,26.17,0.97,71.03,3.68,3.55,NA,4.03,3.16,4.79,NA,NA,NA,NA,NA,NA,NA,NA,NA
2026-05-15 19:00:00,55.0,123.75,26.3,40.0,42.68,16.33,29.05,1.06,64.35,3.63,3.18,NA,5.11,2.79,5.11,NA,NA,NA,NA,NA,NA,NA,NA,NA
2026-05-15 20:00:00,63.75,133.75,25.78,39.08,41.75,17.9,26.8,1.26,37.98,3.57,3.23,NA,5.18,2.76,5.1,NA,NA,NA,NA,NA,NA,NA,NA,NA
2026-05-15 21:00:00,76.75,156.0,30.3,51.98,52.28,23.03,24.13,2.57,22.78,2.17,2.18,NA,3.73,3.14,2.32,NA,NA,NA,NA,NA,NA,NA,NA,NA
2026-05-15 22:00:00,84.0,177.33,28.77,44.5,47.07,18.6,23.27,3.25,21.07,1.75,1.78,NA,3.25,3.42,1.45,NA,NA,NA,NA,NA,NA,NA,NA,NA
2026-05-15 23:00:00,90.67,190.0,27.8,44.8,46.43,18.87,23.9,2.69,21.5,1.73,1.82,NA,3.3,3.28,1.42,NA,NA,NA,NA,NA,NA,NA,NA,NA
2026-05-16 00:00:00,75.5,162.0,27.33,42.88,45.0,16.0,26.88,1.17,21.45,3.41,3.77,NA,2.81,2.84,2.45,NA,NA,NA,NA,NA,NA,NA,NA,NA
2026-05-16 01:00:00,64.5,135.5,23.13,22.35,30.7,14.13,28.0,0.87,21.75,3.43,3.77,NA,2.84,2.84,2.44,NA,NA,NA,NA,NA,NA,NA,NA,NA
2026-05-16 02:00:00,63.25,130.5,25.53,36.1,39.95,17.7,27.28,0.79,21.03,3.39,3.76,NA,2.85,2.85,2.45,NA,NA,NA,NA,NA,NA,NA,NA,NA
2026-05-16 03:00:00,68.75,133.5,25.6,35.0,39.45,16.28,28.4,0.67,21.18,3.43,3.77,NA,2.82,2.87,2.45,NA,NA,NA,NA,NA,NA,NA,NA,NA
2026-05-16 04:00:00,83.75,140.67,26.6,41.8,43.85,19.05,29.65,1.03,21.23,3.39,3.75,NA,2.82,2.86,2.47,NA,NA,NA,NA,NA,NA,NA,NA,NA
2026-05-16 05:00:00,90.33,157.33,25.6,36.7,40.33,17.43,30.87,1.22,20.67,3.48,3.74,NA,2.81,2.84,2.46,NA,NA,NA,NA,NA,NA,NA,NA,NA
2026-05-16 06:00:00,95.0,165.75,27.38,44.9,46.15,18.42,31.7,1.31,21.25,3.51,3.75,NA,2.82,2.83,2.45,NA,NA,NA,NA,NA,NA,NA,NA,NA
2026-05-16 07:00:00,102.33,188.0,26.4,40.07,42.8,19.73,34.03,1.31,23.73,3.47,3.81,NA,2.81,2.85,2.44,NA,NA,NA,NA,NA,NA,NA,NA,NA
2026-05-16 08:00:00,101.33,208.5,25.83,40.63,42.63,17.0,36.1,0.91,50.7,5.44,5.5,NA,3.67,4.99,2.94,NA,NA,NA,NA,NA,NA,NA,NA,NA
2026-05-16 09:00:00,69.33,132.33,23.77,32.5,36.57,15.53,34.2,0.71,75.97,5.53,5.53,NA,3.54,4.94,2.94,NA,NA,NA,NA,NA,NA,NA,NA,NA
2026-05-16 10:00:00,54.75,108.0,26.15,46.25,45.85,18.78,33.73,0.56,88.45,5.39,5.61,NA,3.67,4.85,2.96,NA,NA,NA,NA,NA,NA,NA,NA,NA
2026-05-16 11:00:00,52.25,109.33,29.48,55.3,53.4,20.2,35.15,0.49,97.48,5.42,5.57,NA,3.65,4.91,2.96,NA,NA,NA,NA,NA,NA,NA,NA,NA
2026-05-16 12:00:00,47.33,100.5,29.17,46.17,48.3,15.83,16.13,0.75,80.1,5.42,5.5,NA,3.67,4.9,2.95,NA,NA,NA,NA,NA,NA,NA,NA,NA
2026-05-16 13:00:00,45.0,101.0,28.2,39.07,43.7,14.07,12.93,0.69,82.77,4.44,4.2,NA,1.8,4.14,3.74,NA,NA,NA,NA,NA,NA,NA,NA,NA
2026-05-16 14:00:00,36.0,84.5,28.83,40.25,44.83,16.43,11.3,0.61,74.23,4.32,4.27,NA,1.76,4.2,3.79,NA,NA,NA,NA,NA,NA,NA,NA,NA
2026-05-16 15:00:00,30.0,93.0,29.8,45.07,48.23,17.2,10.43,0.58,70.2,4.15,4.18,NA,1.72,4.1,3.81,NA,NA,NA,NA,NA,NA,NA,NA,NA
2026-05-16 16:00:00,26.0,81.25,27.7,33.0,40.1,13.28,17.98,0.72,71.7,4.24,4.26,NA,1.73,4.28,3.69,NA,NA,NA,NA,NA,NA,NA,NA,NA
2026-05-16 17:00:00,29.0,92.5,28.73,35.67,42.37,12.83,21.4,0.77,69.03,4.44,4.28,NA,1.8,4.13,3.78,NA,NA,NA,NA,NA,NA,NA,NA,NA
2026-05-16 18:00:00,30.25,92.75,28.48,34.98,41.78,11.68,20.78,0.85,56.93,3.8,3.47,NA,4.23,3.09,4.72,NA,NA,NA,NA,NA,NA,NA,NA,NA
2026-05-16 19:00:00,32.25,103.75,25.3,18.0,30.13,7.32,20.83,0.98,47.65,3.54,3.22,NA,5.06,2.8,5.08,NA,NA,NA,NA,NA,NA,NA,NA,NA
2026-05-16 20:00:00,44.25,124.25,26.43,32.5,38.8,13.13,24.05,1.11,42.78,3.62,3.17,NA,5.06,2.71,4.92,NA,NA,NA,NA,NA,NA,NA,NA,NA
2026-05-16 21:00:00,59.33,149.5,26.43,29.87,37.4,12.8,26.87,1.25,34.67,2.31,2.24,NA,3.93,3.07,2.83,NA,NA,NA,NA,NA,NA,NA,NA,NA
2026-05-16 22:00:00,62.75,152.25,28.95,47.08,48.58,18.5,26.65,1.27,38.45,1.72,1.84,NA,3.32,3.31,1.51,NA,NA,NA,NA,NA,NA,NA,NA,NA
2026-05-16 23:00:00,58.67,156.33,27.97,38.57,43.27,15.03,26.63,1.13,44.23,1.75,1.83,NA,3.28,3.27,1.54,NA,NA,NA,NA,NA,NA,NA,NA,NA
2026-05-17 00:00:00,58.33,147.33,26.13,25.27,34.7,12.8,17.65,0.94,31.77,3.49,3.75,NA,2.83,2.84,2.47,NA,NA,NA,NA,NA,NA,NA,NA,NA
2026-05-17 01:00:00,63.25,145.75,27.98,38.1,42.98,16.5,17.4,1.08,21.7,3.47,3.76,NA,2.83,2.86,2.44,NA,NA,NA,NA,NA,NA,NA,NA,NA
2026-05-17 02:00:00,56.75,139.0,26.53,32.7,38.95,14.65,17.68,1.0,24.23,3.5,3.76,NA,2.83,2.88,2.45,NA,NA,NA,NA,NA,NA,NA,NA,NA
2026-05-17 03:00:00,61.75,134.5,27.95,38.73,43.33,17.38,18.3,0.96,21.93,3.49,3.75,NA,2.82,2.82,2.45,NA,NA,NA,NA,NA,NA,NA,NA,NA
2026-05-17 04:00:00,63.5,132.0,26.58,31.88,38.55,15.05,20.2,0.88,25.53,3.47,3.78,NA,2.84,2.83,2.43,NA,NA,NA,NA,NA,NA,NA,NA,NA
2026-05-17 05:00:00,68.0,135.25,27.93,44.43,46.35,16.33,25.15,0.88,25.15,3.37,3.77,NA,2.85,2.85,2.44,NA,NA,NA,NA,NA,NA,NA,NA,NA
2026-05-17 06:00:00,69.0,135.5,27.78,36.48,42.0,15.98,25.48,1.02,22.78,3.48,3.78,NA,2.83,2.9,2.45,NA,NA,NA,NA,NA,NA,NA,NA,NA
2026-05-17 07:00:00,76.25,144.75,30.2,50.3,51.33,18.43,29.28,0.97,37.0,3.44,3.74,NA,2.83,2.86,2.42,NA,NA,NA,NA,NA,NA,NA,NA,NA
2026-05-17 08:00:00,83.0,162.75,27.45,33.88,40.33,13.88,33.23,0.78,61.85,5.38,5.52,NA,3.63,5.02,2.95,NA,NA,NA,NA,NA,NA,NA,NA,NA
2026-05-17 09:00:00,67.75,142.25,32.55,57.5,57.03,16.73,33.18,0.74,69.98,5.53,5.52,NA,3.64,4.92,2.93,NA,NA,NA,NA,NA,NA,NA,NA,NA
2026-05-17 10:00:00,59.5,129.25,32.33,44.75,50.08,13.7,31.47,0.65,79.48,5.55,5.51,NA,3.65,5.04,2.92,NA,NA,NA,NA,NA,NA,NA,NA,NA
2026-05-17 11:00:00,48.33,124.67,27.1,17.7,31.43,8.87,29.3,0.52,79.2,5.33,5.59,NA,3.63,5.01,2.94,NA,NA,NA,NA,NA,NA,NA,NA,NA
2026-05-17 12:00:00,41.5,126.0,26.73,24.17,34.6,10.1,30.2,0.7,78.43,5.52,5.59,NA,3.71,5.04,2.97,NA,NA,NA,NA,NA,NA,NA,NA,NA
2026-05-17 13:00:00,34.0,125.67,32.1,54.37,55.0,17.07,29.35,0.65,65.8,4.29,4.21,NA,1.77,4.3,3.76,NA,NA,NA,NA,NA,NA,NA,NA,NA
2026-05-17 14:00:00,30.33,153.0,33.87,58.5,58.63,18.0,27.97,0.63,61.77,4.33,4.15,NA,1.85,4.14,3.76,NA,NA,NA,NA,NA,NA,NA,NA,NA
2026-05-17 15:00:00,30.25,146.5,29.68,29.95,40.03,7.53,27.0,0.59,64.38,4.27,4.14,NA,1.81,4.19,3.84,NA,NA,NA,NA,NA,NA,NA,NA,NA
2026-05-17 16:00:00,30.0,134.5,33.0,45.0,50.75,12.85,27.0,0.64,67.7,4.35,4.2,NA,1.88,4.22,3.78,NA,NA,NA,NA,NA,NA,NA,NA,NA
2026-05-17 17:00:00,35.0,126.33,32.3,44.17,49.73,11.8,25.0,0.76,64.8,4.19,4.25,NA,1.81,4.23,3.74,NA,NA,NA,NA,NA,NA,NA,NA,NA
2026-05-17 18:00:00,37.75,124.0,30.7,29.17,40.45,10.8,25.1,0.81,61.65,3.76,3.47,NA,4.22,3.11,4.87,NA,NA,NA,NA,NA,NA,NA,NA,NA
2026-05-17 19:00:00,41.0,126.5,31.65,34.53,44.1,10.15,24.25,0.92,53.93,3.57,3.2,NA,5.07,2.68,5.22,NA,NA,NA,NA,NA,NA,NA,NA,NA
2026-05-17 20:00:00,47.33,131.67,29.53,29.43,39.33,10.27,23.7,1.1,38.37,3.57,3.19,NA,5.02,2.75,5.24,NA,NA,NA,NA,NA,NA,NA,NA,NA
2026-05-17 21:00:00,61.75,165.0,28.28,25.65,36.63,9.4,22.58,1.27,38.05,2.18,2.2,NA,3.69,3.11,2.34,NA,NA,NA,NA,NA,NA,NA,NA,NA
2026-05-17 22:00:00,58.67,168.0,33.6,52.17,55.07,11.73,22.13,1.13,39.43,1.76,1.85,NA,3.27,3.38,1.47,NA,NA,NA,NA,NA,NA,NA,NA,NA
2026-05-17 23:00:00,55.0,148.67,20.8,1.3,7.8,0.8,22.1,1.05,37.57,1.73,1.82,NA,3.31,3.18,1.48,NA,NA,NA,NA,NA,NA,NA,NA,NA
2026-05-18 00:00:00,48.5,121.5,25.83,25.03,34.3,11.43,21.88,0.82,38.28,3.45,3.74,NA,2.85,2.83,2.44,NA,NA,NA,NA,NA,NA,NA,NA,NA
2026-05-18 01:00:00,42.75,111.5,26.5,34.2,39.78,13.85,22.15,0.75,42.38,3.54,3.72,NA,2.84,2.88,2.43,NA,NA,NA,NA,NA,NA,NA,NA,NA
2026-05-18 02:00:00,42.0,97.25,26.2,30.73,37.65,14.2,23.6,0.67,41.5,3.43,3.77,NA,2.83,2.84,2.46,NA,NA,NA,NA,NA,NA,NA,NA,NA
2026-05-18 03:00:00,45.33,101.0,27.03,38.9,42.67,11.43,23.9,0.68,34.53,3.43,3.81,NA,2.86,2.85,2.44,NA,NA,NA,NA,NA,NA,NA,NA,NA
2026-05-18 04:00:00,51.5,103.25,27.2,36.95,41.75,13.93,23.6,0.85,29.4,3.45,3.8,NA,2.83,2.85,2.47,NA,NA,NA,NA,NA,NA,NA,NA,NA
2026-05-18 05:00:00,60.75,120.0,26.5,34.95,40.13,16.38,26.53,0.97,22.98,3.57,3.75,NA,2.83,2.87,2.48,NA,NA,NA,NA,NA,NA,NA,NA,NA
2026-05-18 06:00:00,93.75,164.0,28.88,44.83,47.35,18.23,28.8,1.06,24.7,3.47,3.81,NA,2.83,2.84,2.42,NA,NA,NA,NA,NA,NA,NA,NA,NA
2026-05-18 07:00:00,90.25,163.75,32.88,59.38,58.3,14.6,29.43,1.06,31.0,3.4,3.75,NA,2.83,2.88,2.5,NA,NA,NA,NA,NA,NA,NA,NA,NA
2026-05-18 08:00:00,90.33,179.33,33.63,54.17,56.07,14.37,28.65,0.91,56.97,5.44,5.52,NA,3.58,4.82,2.95,NA,NA,NA,NA,NA,NA,NA,NA,NA
2026-05-18 09:00:00,80.25,168.75,27.05,13.73,29.28,10.25,24.53,0.89,66.23,5.53,5.47,NA,3.59,5.05,2.96,NA,NA,NA,NA,NA,NA,NA,NA,NA
2026-05-18 10:00:00,49.0,129.0,30.1,38.7,45.0,7.3,NA,0.77,77.0,5.46,5.51,NA,3.74,5.09,2.9,NA,NA,NA,NA,NA,NA,NA,NA,NA
2026-05-18 11:00:00,40.33,114.67,20.9,5.1,18.03,5.07,23.25,0.71,87.53,5.39,5.59,NA,3.71,5.0,2.93,NA,NA,NA,NA,NA,NA,NA,NA,NA
2026-05-18 12:00:00,36.5,108.5,23.33,19.98,29.6,11.85,22.75,0.73,81.6,5.41,5.56,NA,3.66,4.87,2.94,NA,NA,NA,NA,NA,NA,NA,NA,NA
2026-05-18 13:00:00,32.5,99.5,27.25,46.23,46.73,16.43,20.9,0.71,74.43,4.29,4.19,NA,1.75,4.31,3.79,NA,NA,NA,NA,NA,NA,NA,NA,NA
2026-05-18 14:00:00,29.75,94.0,29.7,49.88,50.7,17.7,20.75,0.68,72.98,4.25,4.3,NA,1.72,4.14,3.75,NA,NA,NA,NA,NA,NA,NA,NA,NA
2026-05-18 15:00:00,32.5,94.0,27.5,30.73,38.73,15.77,19.8,0.69,66.63,4.35,4.27,NA,1.85,4.21,3.76,NA,NA,NA,NA,NA,NA,NA,NA,NA
2026-05-18 16:00:00,38.25,119.75,27.68,30.78,38.88,11.65,25.35,0.7,60.2,4.31,4.26,NA,1.81,4.26,3.81,NA,NA,NA,NA,NA,NA,NA,NA,NA
2026-05-18 17:00:00,36.0,124.25,27.98,36.3,42.05,13.98,27.7,0.75,55.48,4.32,4.2,NA,1.78,4.21,3.8,NA,NA,NA,NA,NA,NA,NA,NA,NA
2026-05-18 18:00:00,37.0,128.75,32.18,55.4,55.63,17.25,27.13,0.87,45.75,3.72,3.45,NA,4.3,3.13,4.67,NA,NA,NA,NA,NA,NA,NA,NA,NA
2026-05-18 19:00:00,41.25,142.0,29.9,34.05,42.45,12.55,27.3,1.15,27.98,3.59,3.22,NA,5.19,2.81,5.06,NA,NA,NA,NA,NA,NA,NA,NA,NA
2026-05-18 20:00:00,49.5,157.0,25.85,22.68,33.08,9.55,21.38,1.44,21.6,3.56,3.19,NA,5.1,2.71,5.12,NA,NA,NA,NA,NA,NA,NA,NA,NA
2026-05-18 21:00:00,58.25,195.75,30.55,49.7,51.23,17.8,18.6,1.28,30.03,2.18,2.15,NA,3.69,3.17,2.36,NA,NA,NA,NA,NA,NA,NA,NA,NA
2026-05-18 22:00:00,49.75,174.0,29.53,43.13,46.95,17.03,17.85,0.97,35.7,1.73,1.84,NA,3.31,3.25,1.51,NA,NA,NA,NA,NA,NA,NA,NA,NA
2026-05-18 23:00:00,45.33,147.0,30.3,45.53,48.83,13.87,18.93,0.87,31.47,1.71,1.87,NA,3.28,3.21,1.43,NA,NA,NA,NA,NA,NA,NA,NA,NA
2026-05-19 00:00:00,48.25,146.75,26.7,24.63,34.78,14.15,23.95,0.79,27.2,3.44,3.78,NA,2.83,2.86,2.49,NA,NA,NA,NA,NA,NA,NA,NA,NA
2026-05-19 01:00:00,49.25,139.75,27.63,36.3,41.75,13.13,27.5,0.84,22.25,3.38,3.8,NA,2.84,2.82,2.45,NA,NA,NA,NA,NA,NA,NA,NA,NA
2026-05-19 02:00:00,52.5,140.5,28.68,42.68,46.0,15.8,30.4,0.79,24.23,3.37,3.77,NA,2.82,2.88,2.44,NA,NA,NA,NA,NA,NA,NA,NA,NA
2026-05-19 03:00:00,55.75,150.25,28.38,35.88,42.18,13.1,28.5,0.71,26.15,3.51,3.78,NA,2.84,2.84,2.45,NA,NA,NA,NA,NA,NA,NA,NA,NA
2026-05-19 04:00:00,52.5,145.75,26.98,23.45,34.43,13.3,24.95,0.73,26.53,3.51,3.78,NA,2.85,2.86,2.41,NA,NA,NA,NA,NA,NA,NA,NA,NA
2026-05-19 05:00:00,55.5,142.75,27.1,27.08,36.43,10.55,26.43,0.78,22.38,3.44,3.72,NA,2.83,2.84,2.46,NA,NA,NA,NA,NA,NA,NA,NA,NA
2026-05-19 06:00:00,70.25,170.75,24.03,18.33,29.28,11.0,29.55,0.98,22.73,3.42,3.74,NA,2.81,2.84,2.46,NA,NA,NA,NA,NA,NA,NA,NA,NA
2026-05-19 07:00:00,80.75,189.0,31.83,62.13,58.95,20.9,30.88,1.0,28.8,3.44,3.78,NA,2.85,2.84,2.44,NA,NA,NA,NA,NA,NA,NA,NA,NA
2026-05-19 08:00:00,75.75,196.75,32.57,52.5,54.4,17.98,28.88,0.9,45.83,5.42,5.5,NA,3.7,4.99,2.96,NA,NA,NA,NA,NA,NA,NA,NA,NA
2026-05-19 09:00:00,55.67,178.67,31.33,44.2,47.57,14.83,22.8,0.8,59.55,5.45,5.51,NA,3.74,4.92,2.94,NA,NA,NA,NA,NA,NA,NA,NA,NA
2026-05-19 10:00:00,48.75,182.25,28.6,33.4,35.25,7.45,21.0,0.71,65.03,5.45,5.51,NA,3.64,4.98,2.96,NA,NA,NA,NA,NA,NA,NA,NA,NA
2026-05-19 11:00:00,39.5,158.75,23.78,15.15,25.43,9.43,20.8,0.64,66.48,5.44,5.55,NA,3.71,4.97,2.9,NA,NA,NA,NA,NA,NA,NA,NA,NA
2026-05-19 12:00:00,34.5,150.5,24.55,28.22,35.0,13.05,21.05,0.64,65.15,5.48,5.51,NA,3.68,5.01,2.94,NA,NA,NA,NA,NA,NA,NA,NA,NA
2026-05-19 13:00:00,28.25,113.75,26.15,40.85,43.0,15.68,21.15,0.59,63.93,4.39,4.19,NA,1.8,4.17,3.75,NA,NA,NA,NA,NA,NA,NA,NA,NA
2026-05-19 14:00:00,28.5,91.0,27.13,40.28,43.48,18.63,20.78,0.57,69.15,4.34,4.2,NA,1.75,4.25,3.77,NA,NA,NA,NA,NA,NA,NA,NA,NA
2026-05-19 15:00:00,27.5,74.5,28.45,42.1,45.5,14.03,20.75,0.61,71.03,4.3,4.24,NA,1.81,4.29,3.88,NA,NA,NA,NA,NA,NA,NA,NA,NA
2026-05-19 16:00:00,29.0,79.5,21.08,9.17,20.13,7.23,24.08,0.67,71.48,4.26,4.23,NA,1.77,4.19,3.77,NA,NA,NA,NA,NA,NA,NA,NA,NA
2026-05-19 17:00:00,27.0,76.5,23.5,27.73,33.85,15.05,25.4,0.75,68.45,4.37,4.15,NA,1.79,4.29,3.86,NA,NA,NA,NA,NA,NA,NA,NA,NA
2026-05-19 18:00:00,25.75,79.0,22.9,27.1,33.05,14.43,25.7,0.93,50.28,3.78,3.48,NA,4.23,3.15,4.73,NA,NA,NA,NA,NA,NA,NA,NA,NA
2026-05-19 19:00:00,34.25,95.0,23.43,30.25,35.15,17.4,26.13,1.19,33.65,3.6,3.25,NA,5.11,2.72,5.09,NA,NA,NA,NA,NA,NA,NA,NA,NA
2026-05-19 20:00:00,43.5,106.75,23.1,27.5,33.45,17.08,19.55,1.67,22.13,3.54,3.25,NA,5.01,2.84,5.13,NA,NA,NA,NA,NA,NA,NA,NA,NA
2026-05-19 21:00:00,61.25,142.75,24.95,36.08,39.48,18.9,17.45,2.11,21.0,2.22,2.14,NA,3.76,3.12,2.46,NA,NA,NA,NA,NA,NA,NA,NA,NA
2026-05-19 22:00:00,73.75,160.75,26.25,44.63,45.05,19.58,20.35,2.25,20.68,1.75,1.76,NA,3.27,3.34,1.47,NA,NA,NA,NA,NA,NA,NA,NA,NA
2026-05-19 23:00:00,76.0,154.33,31.57,73.5,64.73,26.43,21.97,2.02,20.9,1.72,1.78,NA,3.3,3.38,1.48,NA,NA,NA,NA,NA,NA,NA,NA,NA
2026-05-20 00:00:00,71.0,140.75,27.95,37.83,42.82,16.68,26.58,1.05,20.75,3.36,3.79,NA,2.85,2.83,2.45,NA,NA,NA,NA,NA,NA,NA,NA,NA
2026-05-20 01:00:00,53.0,103.75,22.53,17.4,26.15,10.18,24.8,0.68,21.8,3.51,3.77,NA,2.84,2.86,2.45,NA,NA,NA,NA,NA,NA,NA,NA,NA
2026-05-20 02:00:00,47.5,90.75,23.33,27.93,33.8,15.88,24.88,0.49,21.85,3.42,3.78,NA,2.83,2.86,2.45,NA,NA,NA,NA,NA,NA,NA,NA,NA
2026-05-20 03:00:00,47.25,92.25,24.38,37.03,39.5,16.38,25.63,0.44,23.83,3.43,3.75,NA,2.83,2.87,2.43,NA,NA,NA,NA,NA,NA,NA,NA,NA
2026-05-20 04:00:00,46.5,95.0,24.2,36.85,39.3,15.88,24.03,0.7,25.03,3.5,3.74,NA,2.84,2.85,2.5,NA,NA,NA,NA,NA,NA,NA,NA,NA
2026-05-20 05:00:00,46.0,95.25,24.13,37.58,39.6,17.03,21.98,0.96,21.48,3.46,3.8,NA,2.82,2.89,2.45,NA,NA,NA,NA,NA,NA,NA,NA,NA
2026-05-20 06:00:00,44.25,96.25,29.8,66.02,59.33,22.2,21.3,0.89,23.03,3.51,3.78,NA,2.83,2.83,2.46,NA,NA,NA,NA,NA,NA,NA,NA,NA
2026-05-20 07:00:00,53.5,123.5,30.65,61.23,57.5,20.28,26.0,0.97,29.63,3.46,3.77,NA,2.82,2.83,2.44,NA,NA,NA,NA,NA,NA,NA,NA,NA
2026-05-20 08:00:00,64.75,147.5,23.48,19.33,29.03,10.9,30.95,0.79,47.23,5.55,5.48,NA,3.66,4.87,2.95,NA,NA,NA,NA,NA,NA,NA,NA,NA
2026-05-20 09:00:00,57.0,145.75,21.43,18.93,27.48,13.25,32.65,0.85,66.23,5.64,5.58,NA,3.74,4.92,2.92,NA,NA,NA,NA,NA,NA,NA,NA,NA
2026-05-20 10:00:00,54.75,158.5,29.03,63.45,57.33,21.0,29.25,0.73,62.65,5.54,5.58,NA,3.69,4.92,2.96,NA,NA,NA,NA,NA,NA,NA,NA,NA
2026-05-20 11:00:00,38.75,129.75,26.78,34.93,40.35,16.93,27.88,0.59,NA,NA,NA,NA,NA,NA,NA,NA,NA,NA,NA,NA,NA,NA,NA,NA
2026-05-20 12:00:00,33.75,113.75,30.78,59.0,56.4,17.55,18.8,0.66,NA,NA,NA,NA,NA,NA,NA,NA,NA,NA,NA,NA,NA,NA,NA,NA
2026-05-20 13:00:00,34.75,108.75,28.65,38.88,43.83,12.38,13.07,0.65,44.35,4.7,4.4,NA,1.77,4.2,3.89,NA,NA,NA,NA,NA,NA,NA,NA,NA
2026-05-20 14:00:00,27.5,84.25,27.9,30.9,39.13,8.1,12.75,0.61,59.2,4.17,4.34,NA,1.79,4.26,3.75,NA,NA,NA,NA,NA,NA,NA,NA,NA
2026-05-20 15:00:00,27.5,82.0,NA,NA,NA,NA,12.25,0.6,60.45,4.29,4.23,NA,1.75,4.22,3.83,NA,NA,NA,NA,NA,NA,NA,NA,NA
2026-05-20 16:00:00,31.75,106.5,21.63,10.93,22.9,7.5,15.3,0.65,55.55,4.38,4.18,NA,1.8,4.2,3.76,NA,NA,NA,NA,NA,NA,NA,NA,NA
2026-05-20 17:00:00,23.75,78.75,23.5,32.68,36.53,11.7,17.05,0.84,51.75,4.32,4.13,NA,1.83,4.2,3.76,NA,NA,NA,NA,NA,NA,NA,NA,NA
2026-05-20 18:00:00,26.75,73.75,25.85,46.65,45.82,18.13,17.25,1.04,35.45,3.73,3.5,NA,4.27,3.15,4.8,NA,NA,NA,NA,NA,NA,NA,NA,NA
2026-05-20 19:00:00,31.75,92.75,26.25,44.2,44.88,17.88,17.35,1.47,19.48,3.6,3.24,NA,5.08,2.81,5.21,NA,NA,NA,NA,NA,NA,NA,NA,NA
2026-05-20 20:00:00,42.25,111.5,28.9,46.95,48.48,19.48,23.6,1.67,17.43,3.61,3.23,NA,5.01,2.73,5.1,NA,NA,NA,NA,NA,NA,NA,NA,NA
2026-05-20 21:00:00,45.0,117.0,28.2,44.0,46.33,14.08,26.95,1.63,17.28,2.18,2.15,NA,3.75,3.14,2.42,NA,NA,NA,NA,NA,NA,NA,NA,NA
2026-05-20 22:00:00,48.0,134.75,25.3,30.88,37.03,12.23,26.5,1.43,17.55,1.71,1.78,NA,3.3,3.4,1.47,NA,NA,NA,NA,NA,NA,NA,NA,NA
2026-05-20 23:00:00,44.0,123.0,25.73,32.23,38.07,13.43,26.4,1.4,17.43,1.73,1.79,NA,3.29,3.34,1.51,NA,NA,NA,NA,NA,NA,NA,NA,NA
2026-05-21 00:00:00,37.5,111.75,24.43,31.48,36.58,17.05,25.03,0.77,20.15,3.46,3.74,NA,2.83,2.87,2.46,NA,NA,NA,NA,NA,NA,NA,NA,NA
2026-05-21 01:00:00,31.75,94.25,25.38,39.0,41.4,18.68,23.78,0.51,30.78,3.47,3.8,NA,2.84,2.84,2.45,NA,NA,NA,NA,NA,NA,NA,NA,NA
2026-05-21 02:00:00,30.5,86.75,28.15,55.28,52.28,18.53,23.68,0.42,30.35,3.46,3.78,NA,2.82,2.88,2.47,NA,NA,NA,NA,NA,NA,NA,NA,NA
2026-05-21 03:00:00,28.5,76.75,25.03,29.25,35.93,15.9,24.08,0.42,28.73,3.42,3.76,NA,2.83,2.82,2.42,NA,NA,NA,NA,NA,NA,NA,NA,NA
2026-05-21 04:00:00,29.5,79.75,25.15,34.03,38.55,16.18,23.75,0.66,28.33,3.47,3.74,NA,2.82,2.88,2.45,NA,NA,NA,NA,NA,NA,NA,NA,NA
2026-05-21 05:00:00,29.0,80.25,27.58,44.33,45.98,18.55,24.2,0.65,28.98,3.5,3.75,NA,2.81,2.84,2.44,NA,NA,NA,NA,NA,NA,NA,NA,NA
2026-05-21 06:00:00,31.5,98.25,29.88,55.97,54.05,19.1,24.65,0.63,29.3,3.54,3.75,NA,2.81,2.85,2.43,NA,NA,NA,NA,NA,NA,NA,NA,NA
2026-05-21 07:00:00,36.75,124.75,30.42,49.13,50.9,17.73,25.5,0.6,29.85,3.43,3.74,NA,2.83,2.84,2.48,NA,NA,NA,NA,NA,NA,NA,NA,NA
2026-05-21 08:00:00,47.0,164.5,29.53,38.3,44.38,15.45,22.63,0.64,37.65,5.42,5.55,NA,3.76,4.88,2.97,NA,NA,NA,NA,NA,NA,NA,NA,NA
2026-05-21 09:00:00,57.5,249.0,27.28,24.5,35.22,8.4,20.53,0.64,44.6,5.37,5.54,NA,3.63,4.93,2.96,NA,NA,NA,NA,NA,NA,NA,NA,NA
2026-05-21 10:00:00,59.0,296.75,29.7,40.23,45.53,12.2,20.85,0.6,50.15,5.49,5.46,NA,3.68,4.99,2.95,NA,NA,NA,NA,NA,NA,NA,NA,NA
2026-05-21 11:00:00,52.5,261.5,26.63,20.58,32.6,8.1,21.18,0.62,53.95,5.45,5.52,NA,3.67,5.05,2.95,NA,NA,NA,NA,NA,NA,NA,NA,NA
2026-05-21 12:00:00,48.5,235.0,30.78,49.85,51.55,16.6,22.98,0.65,56.55,5.5,5.64,NA,3.72,4.99,2.95,NA,NA,NA,NA,NA,NA,NA,NA,NA
2026-05-21 13:00:00,52.0,235.25,22.33,6.55,19.78,5.53,23.45,0.65,58.33,4.22,4.2,NA,1.71,4.21,3.79,NA,NA,NA,NA,NA,NA,NA,NA,NA
2026-05-21 14:00:00,47.0,212.0,25.08,33.73,38.38,14.73,24.03,0.68,59.43,4.35,4.31,NA,1.74,4.15,3.88,NA,NA,NA,NA,NA,NA,NA,NA,NA
2026-05-21 15:00:00,39.75,182.75,26.55,39.48,42.58,14.4,23.43,0.67,58.38,4.23,4.18,NA,1.76,4.18,3.91,NA,NA,NA,NA,NA,NA,NA,NA,NA
2026-05-21 16:00:00,31.75,150.0,22.63,24.0,31.2,11.78,17.33,0.67,57.33,4.23,4.14,NA,1.77,4.25,3.74,NA,NA,NA,NA,NA,NA,NA,NA,NA
2026-05-21 17:00:00,33.0,140.75,24.93,39.28,41.18,17.5,17.55,0.73,51.93,4.27,4.09,NA,1.77,4.17,3.85,NA,NA,NA,NA,NA,NA,NA,NA,NA
2026-05-21 18:00:00,33.5,135.75,30.55,63.78,58.75,22.45,17.18,0.91,33.13,3.8,3.5,NA,4.25,3.1,4.87,NA,NA,NA,NA,NA,NA,NA,NA,NA
2026-05-21 19:00:00,40.0,145.75,27.5,40.23,43.75,14.88,16.93,1.08,23.45,3.6,3.24,NA,5.06,2.77,4.98,NA,NA,NA,NA,NA,NA,NA,NA,NA
2026-05-21 20:00:00,40.25,149.0,27.95,40.8,44.45,15.98,18.88,1.13,17.88,3.57,3.21,NA,5.02,2.75,5.21,NA,NA,NA,NA,NA,NA,NA,NA,NA
2026-05-21 21:00:00,41.0,142.5,27.58,40.48,43.97,15.75,19.78,1.01,21.88,2.21,2.16,NA,3.75,3.28,2.42,NA,NA,NA,NA,NA,NA,NA,NA,NA
2026-05-21 22:00:00,38.75,126.25,24.85,26.83,34.45,12.23,19.13,0.84,30.05,1.74,1.79,NA,3.29,3.34,1.54,NA,NA,NA,NA,NA,NA,NA,NA,NA
2026-05-21 23:00:00,35.67,112.33,26.9,39.2,42.7,16.3,19.6,0.84,30.23,1.75,1.82,NA,3.33,3.22,1.47,NA,NA,NA,NA,NA,NA,NA,NA,NA
2026-05-22 00:00:00,34.5,95.5,27.85,41.5,44.7,17.2,18.13,0.7,29.1,3.58,3.77,NA,2.82,2.88,2.44,NA,NA,NA,NA,NA,NA,NA,NA,NA
2026-05-22 01:00:00,32.0,84.75,27.33,38.3,42.6,15.58,17.2,0.61,37.75,3.4,3.73,NA,2.82,2.86,2.49,NA,NA,NA,NA,NA,NA,NA,NA,NA
2026-05-22 02:00:00,28.25,70.25,26.63,31.88,38.6,13.75,17.68,0.55,33.78,3.51,3.75,NA,2.82,2.85,2.48,NA,NA,NA,NA,NA,NA,NA,NA,NA
2026-05-22 03:00:00,26.0,59.0,26.55,34.93,40.18,14.98,17.55,0.57,31.98,3.49,3.74,NA,2.85,2.87,2.43,NA,NA,NA,NA,NA,NA,NA,NA,NA
2026-05-22 04:00:00,33.5,74.25,27.08,42.55,44.65,14.9,25.58,0.66,29.15,3.47,3.73,NA,2.84,2.81,2.45,NA,NA,NA,NA,NA,NA,NA,NA,NA
2026-05-22 05:00:00,39.25,86.25,25.0,32.1,37.4,12.93,31.1,0.75,24.8,3.43,3.72,NA,2.84,2.85,2.46,NA,NA,NA,NA,NA,NA,NA,NA,NA
2026-05-22 06:00:00,38.25,94.25,27.18,40.55,43.68,16.65,30.2,0.78,26.68,3.52,3.8,NA,2.85,2.84,2.42,NA,NA,NA,NA,NA,NA,NA,NA,NA
2026-05-22 07:00:00,39.25,107.25,36.7,90.2,77.78,25.85,28.85,0.75,34.15,3.45,3.76,NA,2.82,2.82,2.47,NA,NA,NA,NA,NA,NA,NA,NA,NA
2026-05-22 08:00:00,40.75,126.5,34.73,61.6,60.9,15.15,26.48,0.78,39.22,5.48,5.53,NA,3.69,4.97,2.94,NA,NA,NA,NA,NA,NA,NA,NA,NA
2026-05-22 09:00:00,47.5,149.0,26.45,13.13,28.43,5.03,24.23,0.85,59.9,5.42,5.57,NA,3.63,4.95,2.94,NA,NA,NA,NA,NA,NA,NA,NA,NA
2026-05-22 10:00:00,48.5,151.5,30.35,41.78,45.5,10.85,25.7,0.88,86.48,5.36,5.53,NA,3.58,4.94,2.95,NA,NA,NA,NA,NA,NA,NA,NA,NA
2026-05-22 11:00:00,52.0,162.0,16.53,15.8,21.83,6.47,28.23,0.97,98.1,5.56,5.52,NA,3.68,5.0,2.96,NA,NA,NA,NA,NA,NA,NA,NA,NA
2026-05-22 12:00:00,55.75,170.75,19.73,40.7,37.68,15.4,22.35,0.82,96.28,5.49,5.51,NA,3.78,4.94,2.96,NA,NA,NA,NA,NA,NA,NA,NA,NA
2026-05-22 13:00:00,50.5,159.5,20.3,46.93,41.43,16.53,17.63,0.73,78.9,4.34,4.23,NA,1.81,4.13,3.73,NA,NA,NA,NA,NA,NA,NA,NA,NA
2026-05-22 14:00:00,32.25,107.0,21.78,55.85,47.4,16.33,16.68,0.66,75.43,4.18,4.23,NA,1.83,4.2,3.86,NA,NA,NA,NA,NA,NA,NA,NA,NA
2026-05-22 15:00:00,36.0,120.25,22.15,58.4,49.08,14.83,16.93,0.69,75.9,4.23,4.27,NA,1.73,4.17,3.79,NA,NA,NA,NA,NA,NA,NA,NA,NA
2026-05-22 16:00:00,44.75,171.5,20.15,40.6,38.0,11.8,13.18,0.66,74.7,4.3,4.25,NA,1.71,4.27,3.72,NA,NA,NA,NA,NA,NA,NA,NA,NA
2026-05-22 17:00:00,49.75,155.5,17.75,33.4,32.2,11.38,12.6,0.89,87.75,4.19,4.2,NA,1.8,4.2,3.86,NA,NA,NA,NA,NA,NA,NA,NA,NA
2026-05-22 18:00:00,56.5,164.0,21.78,54.93,46.95,17.4,12.3,1.04,66.43,3.73,3.51,NA,4.28,3.17,4.89,NA,NA,NA,NA,NA,NA,NA,NA,NA
2026-05-22 19:00:00,55.75,159.25,22.2,49.78,44.53,17.48,12.35,1.27,46.63,3.56,3.2,NA,5.17,2.82,5.37,NA,NA,NA,NA,NA,NA,NA,NA,NA
2026-05-22 20:00:00,57.0,163.0,19.43,34.53,34.18,15.8,21.53,0.9,40.58,3.53,3.21,NA,5.19,2.72,5.34,NA,NA,NA,NA,NA,NA,NA,NA,NA
2026-05-22 21:00:00,50.5,140.25,22.95,58.5,49.78,17.63,26.68,0.9,31.88,2.2,2.22,NA,3.71,3.13,2.47,NA,NA,NA,NA,NA,NA,NA,NA,NA
2026-05-22 22:00:00,56.75,141.75,19.08,33.2,33.15,9.23,26.68,0.91,24.0,1.7,1.86,NA,3.32,3.35,1.52,NA,NA,NA,NA,NA,NA,NA,NA,NA
2026-05-22 23:00:00,58.33,139.67,14.83,19.73,22.6,9.63,24.57,0.82,27.27,1.71,1.83,NA,3.29,3.22,1.49,NA,NA,NA,NA,NA,NA,NA,NA,NA
2026-05-23 00:00:00,45.5,108.75,16.15,41.63,35.25,16.63,26.48,0.76,32.1,3.49,3.76,NA,2.82,2.81,2.46,NA,NA,NA,NA,NA,NA,NA,NA,NA
2026-05-23 01:00:00,38.75,92.5,17.1,45.33,38.0,17.9,26.93,0.7,33.68,3.48,3.76,NA,2.83,2.85,2.48,NA,NA,NA,NA,NA,NA,NA,NA,NA
2026-05-23 02:00:00,42.0,97.5,18.48,49.15,41.15,17.18,27.48,0.66,28.13,3.42,3.77,NA,2.82,2.85,2.42,NA,NA,NA,NA,NA,NA,NA,NA,NA
2026-05-23 03:00:00,49.25,113.5,16.15,31.38,29.8,17.23,27.75,0.95,18.78,3.53,3.76,NA,2.85,2.84,2.44,NA,NA,NA,NA,NA,NA,NA,NA,NA
2026-05-23 04:00:00,55.75,125.25,17.65,46.93,39.3,18.78,30.0,0.87,17.88,3.47,3.77,NA,2.8,2.88,2.42,NA,NA,NA,NA,NA,NA,NA,NA,NA
2026-05-23 05:00:00,90.5,158.5,17.13,44.3,37.45,19.83,38.63,0.95,18.1,3.49,3.8,NA,2.85,2.88,2.45,NA,NA,NA,NA,NA,NA,NA,NA,NA
2026-05-23 06:00:00,102.5,176.75,19.6,57.03,46.28,21.83,34.2,0.98,19.3,3.46,3.76,NA,2.84,2.88,2.46,NA,NA,NA,NA,NA,NA,NA,NA,NA
2026-05-23 07:00:00,82.5,152.75,20.35,59.1,47.98,18.15,32.48,1.0,23.85,3.5,3.75,NA,2.83,2.85,2.47,NA,NA,NA,NA,NA,NA,NA,NA,NA
2026-05-23 08:00:00,80.75,172.0,18.6,43.7,38.38,17.42,30.25,0.84,40.2,5.51,5.56,NA,3.77,5.04,2.98,NA,NA,NA,NA,NA,NA,NA,NA,NA
2026-05-23 09:00:00,40.75,139.5,16.38,37.43,33.2,15.58,25.33,0.7,36.65,5.43,5.53,NA,3.68,4.85,2.94,NA,NA,NA,NA,NA,NA,NA,NA,NA
2026-05-23 10:00:00,28.25,82.5,19.33,52.33,43.5,17.68,24.73,0.65,44.78,5.55,5.56,NA,3.65,4.98,2.96,NA,NA,NA,NA,NA,NA,NA,NA,NA
2026-05-23 11:00:00,37.67,110.67,22.2,59.98,49.43,18.08,26.23,0.6,61.43,5.55,5.55,NA,3.65,4.94,2.95,NA,NA,NA,NA,NA,NA,NA,NA,NA
2026-05-23 12:00:00,43.75,116.75,18.05,36.08,33.83,12.8,26.2,0.79,65.75,5.45,5.54,NA,3.7,4.98,2.95,NA,NA,NA,NA,NA,NA,NA,NA,NA
2026-05-23 13:00:00,48.25,130.25,18.2,44.93,38.7,15.05,26.83,0.8,68.38,4.11,4.23,NA,1.84,4.23,3.78,NA,NA,NA,NA,NA,NA,NA,NA,NA
2026-05-23 14:00:00,46.25,126.25,25.4,75.55,60.83,24.5,25.33,0.78,69.38,4.22,4.12,NA,1.8,4.16,3.87,NA,NA,NA,NA,NA,NA,NA,NA,NA
2026-05-23 15:00:00,66.5,265.5,26.98,74.7,61.68,15.1,24.3,0.71,69.6,4.28,4.23,NA,1.79,4.21,3.72,NA,NA,NA,NA,NA,NA,NA,NA,NA
2026-05-23 16:00:00,59.75,212.25,24.78,49.55,46.53,9.75,32.85,0.7,61.18,4.26,4.31,NA,1.8,4.24,3.74,NA,NA,NA,NA,NA,NA,NA,NA,NA
2026-05-23 17:00:00,50.5,159.25,24.75,45.07,44.1,10.63,36.45,0.7,58.55,4.18,4.26,NA,1.82,4.23,3.81,NA,NA,NA,NA,NA,NA,NA,NA,NA
2026-05-23 18:00:00,49.75,141.5,26.38,50.53,48.33,15.45,35.83,0.76,48.5,3.74,3.46,NA,4.2,3.1,4.82,NA,NA,NA,NA,NA,NA,NA,NA,NA
2026-05-23 19:00:00,52.75,154.25,27.38,53.0,50.43,11.45,35.35,0.79,34.23,3.57,3.19,NA,5.03,2.87,5.17,NA,NA,NA,NA,NA,NA,NA,NA,NA
2026-05-23 20:00:00,54.5,146.25,25.83,44.0,44.4,10.0,19.13,0.94,23.0,3.58,3.21,NA,4.96,2.77,5.26,NA,NA,NA,NA,NA,NA,NA,NA,NA
2026-05-23 21:00:00,52.5,139.25,24.33,29.55,35.48,9.38,10.53,0.85,31.33,2.19,2.15,NA,3.79,3.17,2.38,NA,NA,NA,NA,NA,NA,NA,NA,NA
2026-05-23 22:00:00,48.75,119.5,24.8,40.25,41.58,7.93,10.75,0.88,29.55,1.71,1.82,NA,3.29,3.33,1.48,NA,NA,NA,NA,NA,NA,NA,NA,NA
2026-05-23 23:00:00,49.67,118.67,24.57,43.87,43.33,13.6,11.37,0.92,21.2,1.72,1.82,NA,3.31,3.27,1.54,NA,NA,NA,NA,NA,NA,NA,NA,NA
2026-05-24 00:00:00,52.75,122.25,24.08,44.4,43.23,12.4,16.55,1.01,18.75,3.4,3.7,NA,2.83,2.86,2.42,NA,NA,NA,NA,NA,NA,NA,NA,NA
2026-05-24 01:00:00,53.25,125.25,23.15,43.08,41.7,10.8,20.63,0.98,18.05,3.49,3.74,NA,2.81,2.85,2.41,NA,NA,NA,NA,NA,NA,NA,NA,NA
2026-05-24 02:00:00,65.0,169.0,23.33,46.75,43.8,13.33,22.18,0.89,18.73,3.48,3.8,NA,2.85,2.87,2.42,NA,NA,NA,NA,NA,NA,NA,NA,NA
2026-05-24 03:00:00,61.5,136.5,23.58,51.6,46.58,15.1,22.88,0.81,20.43,3.48,3.74,NA,2.85,2.87,2.45,NA,NA,NA,NA,NA,NA,NA,NA,NA
2026-05-24 04:00:00,64.5,131.75,25.88,61.75,53.88,16.15,23.18,0.77,20.08,3.47,3.76,NA,2.84,2.86,2.43,NA,NA,NA,NA,NA,NA,NA,NA,NA
2026-05-24 05:00:00,79.25,146.75,26.68,57.95,52.53,15.7,27.83,0.81,21.23,3.49,3.77,NA,2.86,2.81,2.49,NA,NA,NA,NA,NA,NA,NA,NA,NA
2026-05-24 06:00:00,95.25,170.5,16.6,11.8,18.6,5.0,26.1,0.84,23.5,3.36,3.77,NA,2.85,2.84,2.44,NA,NA,NA,NA,NA,NA,NA,NA,NA
2026-05-24 07:00:00,81.75,164.5,17.43,29.68,29.93,13.93,24.25,0.89,26.38,3.46,3.74,NA,2.84,2.89,2.46,NA,NA,NA,NA,NA,NA,NA,NA,NA
2026-05-24 08:00:00,70.5,161.5,20.1,49.08,42.4,14.38,31.4,0.83,43.18,5.47,5.58,NA,3.62,4.91,2.94,NA,NA,NA,NA,NA,NA,NA,NA,NA
2026-05-24 09:00:00,76.75,183.0,18.6,40.63,36.73,16.25,33.43,0.77,63.25,5.66,5.62,NA,3.61,4.93,2.91,NA,NA,NA,NA,NA,NA,NA,NA,NA
2026-05-24 10:00:00,58.75,160.75,18.1,40.58,36.3,15.65,30.7,0.68,75.08,5.37,5.59,NA,3.73,4.99,2.98,NA,NA,NA,NA,NA,NA,NA,NA,NA
2026-05-24 11:00:00,44.0,128.5,19.13,43.8,38.85,14.77,29.65,0.59,72.13,5.45,5.56,NA,3.6,4.95,2.99,NA,NA,NA,NA,NA,NA,NA,NA,NA
2026-05-24 12:00:00,36.75,111.25,19.33,44.4,39.38,18.1,22.95,0.64,72.73,5.5,5.43,NA,3.65,4.92,2.93,NA,NA,NA,NA,NA,NA,NA,NA,NA
2026-05-24 13:00:00,34.25,97.0,17.88,43.38,37.58,15.3,19.03,0.61,72.6,4.32,4.26,NA,1.85,4.27,3.84,NA,NA,NA,NA,NA,NA,NA,NA,NA
2026-05-24 14:00:00,28.75,78.0,19.08,51.98,43.18,15.05,18.68,0.59,72.73,4.23,4.22,NA,1.81,4.19,3.73,NA,NA,NA,NA,NA,NA,NA,NA,NA
2026-05-24 15:00:00,31.25,99.25,17.6,44.3,37.88,14.38,18.8,0.62,68.15,4.28,4.27,NA,1.76,4.23,3.75,NA,NA,NA,NA,NA,NA,NA,NA,NA
2026-05-24 16:00:00,35.0,106.75,17.23,42.58,36.65,16.93,22.5,0.57,69.2,4.24,4.3,NA,1.81,4.2,3.8,NA,NA,NA,NA,NA,NA,NA,NA,NA
2026-05-24 17:00:00,40.0,128.5,16.73,37.28,33.47,13.08,24.48,0.59,65.85,4.35,4.15,NA,1.8,4.11,3.81,NA,NA,NA,NA,NA,NA,NA,NA,NA
2026-05-24 18:00:00,43.5,134.25,16.23,38.08,33.43,14.38,24.98,0.98,38.68,3.8,3.52,NA,4.28,3.06,4.8,NA,NA,NA,NA,NA,NA,NA,NA,NA
2026-05-24 19:00:00,51.5,134.75,18.18,45.13,38.75,19.23,26.33,1.82,18.88,3.55,3.19,NA,5.1,2.75,5.23,NA,NA,NA,NA,NA,NA,NA,NA,NA
2026-05-24 20:00:00,61.0,145.25,21.78,60.33,49.8,24.58,31.47,1.76,18.1,3.6,3.24,NA,5.12,2.77,5.26,NA,NA,NA,NA,NA,NA,NA,NA,NA
2026-05-24 21:00:00,62.75,173.75,23.43,62.0,52.05,23.4,30.75,2.04,18.58,2.2,2.15,NA,3.78,3.2,2.4,NA,NA,NA,NA,NA,NA,NA,NA,NA
2026-05-24 22:00:00,79.25,179.5,20.58,37.38,36.58,17.4,31.18,2.19,17.8,1.73,1.85,NA,3.26,3.33,1.48,NA,NA,NA,NA,NA,NA,NA,NA,NA
2026-05-24 23:00:00,90.0,203.67,19.0,33.67,33.37,17.53,31.3,2.28,17.8,1.75,1.81,NA,3.31,3.39,1.47,NA,NA,NA,NA,NA,NA,NA,NA,NA
2026-05-25 00:00:00,76.75,172.75,22.2,57.2,48.48,24.85,27.45,1.04,17.65,3.51,3.76,NA,2.83,2.85,2.45,NA,NA,NA,NA,NA,NA,NA,NA,NA
2026-05-25 01:00:00,46.0,128.5,22.3,56.6,48.28,18.68,24.28,0.46,24.35,3.45,3.79,NA,2.84,2.84,2.45,NA,NA,NA,NA,NA,NA,NA,NA,NA
2026-05-25 02:00:00,37.75,144.25,22.08,52.4,45.85,15.55,24.28,0.42,32.2,3.54,3.8,NA,2.84,2.84,2.47,NA,NA,NA,NA,NA,NA,NA,NA,NA
2026-05-25 03:00:00,41.0,156.5,21.4,45.18,41.43,15.03,26.45,0.42,26.33,3.55,3.77,NA,2.82,2.86,2.44,NA,NA,NA,NA,NA,NA,NA,NA,NA
2026-05-25 04:00:00,47.25,159.25,22.5,51.78,45.8,16.45,30.08,0.52,23.9,3.38,3.77,NA,2.83,2.81,2.49,NA,NA,NA,NA,NA,NA,NA,NA,NA
2026-05-25 05:00:00,56.5,197.5,23.2,51.95,46.53,13.88,30.33,0.55,22.83,3.43,3.78,NA,2.84,2.84,2.44,NA,NA,NA,NA,NA,NA,NA,NA,NA
2026-05-25 06:00:00,60.75,200.0,28.45,75.35,63.2,20.08,30.55,0.59,22.75,3.5,3.79,NA,2.85,2.88,2.41,NA,NA,NA,NA,NA,NA,NA,NA,NA
2026-05-25 07:00:00,53.75,190.5,23.65,47.13,44.3,12.5,30.75,0.56,26.55,3.49,3.75,NA,2.82,2.85,2.45,NA,NA,NA,NA,NA,NA,NA,NA,NA
2026-05-25 08:00:00,58.5,180.25,20.38,32.78,33.63,10.23,19.63,0.76,31.95,5.56,5.5,NA,3.7,4.98,2.93,NA,NA,NA,NA,NA,NA,NA,NA,NA
2026-05-25 09:00:00,63.0,204.75,21.2,42.38,39.75,12.3,10.68,0.71,35.55,5.44,5.49,NA,3.67,4.89,2.94,NA,NA,NA,NA,NA,NA,NA,NA,NA
2026-05-25 10:00:00,62.0,233.25,19.7,41.63,38.05,14.75,13.03,0.76,40.33,5.39,5.56,NA,3.63,5.08,2.95,NA,NA,NA,NA,NA,NA,NA,NA,NA
2026-05-25 11:00:00,65.25,239.25,18.23,32.98,32.35,12.8,13.83,0.82,43.35,5.59,5.54,NA,3.65,5.06,2.98,NA,NA,NA,NA,NA,NA,NA,NA,NA
2026-05-25 12:00:00,69.0,243.75,19.22,48.15,41.25,14.93,24.58,0.73,49.48,5.42,5.51,NA,3.7,4.95,2.96,NA,NA,NA,NA,NA,NA,NA,NA,NA
2026-05-25 13:00:00,72.5,247.5,21.05,50.28,43.85,15.58,29.65,0.69,53.53,4.29,4.17,NA,1.87,4.19,3.74,NA,NA,NA,NA,NA,NA,NA,NA,NA
2026-05-25 14:00:00,68.0,225.75,25.88,69.55,58.03,17.8,29.43,0.66,48.23,4.34,4.28,NA,1.8,4.16,3.82,NA,NA,NA,NA,NA,NA,NA,NA,NA
2026-05-25 15:00:00,63.75,214.75,17.45,20.63,25.15,8.48,29.03,0.66,49.85,4.32,4.26,NA,1.77,4.14,3.87,NA,NA,NA,NA,NA,NA,NA,NA,NA
2026-05-25 16:00:00,55.75,200.25,18.35,36.88,34.53,12.38,17.63,0.68,46.43,4.37,4.24,NA,1.92,4.23,3.73,NA,NA,NA,NA,NA,NA,NA,NA,NA
2026-05-25 17:00:00,58.75,194.75,22.98,62.9,52.13,19.93,11.65,0.76,42.53,4.35,4.27,NA,1.81,4.16,3.79,NA,NA,NA,NA,NA,NA,NA,NA,NA
2026-05-25 18:00:00,62.0,211.25,24.88,64.0,54.28,18.08,11.3,0.92,34.68,3.76,3.54,NA,4.17,3.16,4.85,NA,NA,NA,NA,NA,NA,NA,NA,NA
2026-05-25 19:00:00,70.75,226.75,21.65,43.15,40.55,12.25,11.28,0.95,33.23,3.61,3.21,NA,5.04,2.79,5.08,NA,NA,NA,NA,NA,NA,NA,NA,NA
2026-05-25 20:00:00,71.5,202.25,21.1,40.3,38.63,15.43,23.48,1.36,18.9,3.55,3.22,NA,5.17,2.72,5.23,NA,NA,NA,NA,NA,NA,NA,NA,NA
2026-05-25 21:00:00,79.25,215.75,22.63,46.85,43.35,14.9,30.3,1.98,17.83,2.15,2.18,NA,3.7,3.12,2.49,NA,NA,NA,NA,NA,NA,NA,NA,NA
2026-05-25 22:00:00,85.0,217.5,25.08,53.35,48.78,18.93,31.03,2.4,17.78,1.73,1.81,NA,3.33,3.22,1.46,NA,NA,NA,NA,NA,NA,NA,NA,NA
2026-05-25 23:00:00,96.33,235.67,18.67,22.13,26.97,9.9,37.1,1.86,20.37,1.73,1.88,NA,3.28,3.28,1.52,NA,NA,NA,NA,NA,NA,NA,NA,NA
2026-05-26 00:00:00,110.75,272.75,23.93,56.9,49.68,17.65,26.68,1.39,19.45,3.44,3.79,NA,2.83,2.85,2.48,NA,NA,NA,NA,NA,NA,NA,NA,NA
2026-05-26 01:00:00,109.75,227.0,22.03,46.95,42.9,13.98,19.1,1.37,18.25,3.45,3.73,NA,2.81,2.89,2.48,NA,NA,NA,NA,NA,NA,NA,NA,NA
2026-05-26 02:00:00,96.75,213.0,21.5,47.08,42.53,13.25,19.35,0.78,23.13,3.45,3.76,NA,2.82,2.84,2.47,NA,NA,NA,NA,NA,NA,NA,NA,NA
2026-05-26 03:00:00,88.25,180.75,17.48,29.78,30.03,9.35,19.05,0.59,22.65,3.45,3.75,NA,2.83,2.84,2.44,NA,NA,NA,NA,NA,NA,NA,NA,NA
2026-05-26 04:00:00,83.25,151.75,20.75,50.43,43.7,16.95,25.1,0.91,19.68,3.46,3.72,NA,2.84,2.86,2.44,NA,NA,NA,NA,NA,NA,NA,NA,NA
2026-05-26 05:00:00,67.0,132.75,24.18,66.7,55.13,21.55,30.13,0.79,24.65,3.48,3.76,NA,2.82,2.89,2.47,NA,NA,NA,NA,NA,NA,NA,NA,NA
2026-05-26 06:00:00,68.75,138.25,23.0,46.6,43.48,16.68,31.15,0.91,21.25,3.46,3.75,NA,2.83,2.87,2.41,NA,NA,NA,NA,NA,NA,NA,NA,NA
2026-05-26 07:00:00,98.75,180.75,20.98,42.4,39.6,14.78,43.0,0.95,39.25,3.4,3.8,NA,2.83,2.88,2.47,NA,NA,NA,NA,NA,NA,NA,NA,NA
2026-05-26 08:00:00,110.0,193.5,22.63,52.5,46.18,14.48,31.95,1.0,60.83,5.54,5.48,NA,3.73,4.98,2.96,NA,NA,NA,NA,NA,NA,NA,NA,NA
2026-05-26 09:00:00,91.0,183.5,15.25,20.3,22.13,10.0,26.0,0.96,77.45,5.42,5.5,NA,3.62,4.94,2.98,NA,NA,NA,NA,NA,NA,NA,NA,NA
2026-05-26 10:00:00,56.25,136.25,23.5,62.1,52.15,15.63,23.28,0.81,88.13,5.51,5.52,NA,3.65,4.96,2.98,NA,NA,NA,NA,NA,NA,NA,NA,NA
2026-05-26 11:00:00,48.75,145.5,18.2,33.35,32.55,12.05,NA,0.72,82.4,5.58,5.5,NA,3.63,5.09,2.95,NA,NA,NA,NA,NA,NA,NA,NA,NA
2026-05-26 12:00:00,68.5,172.5,19.88,44.35,39.75,15.4,11.0,0.65,66.4,5.67,5.61,NA,3.68,4.84,2.92,NA,NA,NA,NA,NA,NA,NA,NA,NA
2026-05-26 13:00:00,NA,NA,NA,NA,NA,NA,10.8,0.63,78.53,NA,NA,NA,NA,NA,NA,NA,NA,NA,NA,NA,NA,NA,NA,NA
2026-05-26 14:00:00,10.67,41.0,NA,NA,NA,NA,10.73,0.44,83.63,NA,NA,NA,NA,NA,NA,NA,NA,NA,NA,NA,NA,NA,NA,NA
2026-05-26 15:00:00,26.5,112.25,19.9,45.15,40.2,13.25,10.43,0.57,85.25,NA,NA,NA,NA,NA,NA,NA,NA,NA,NA,NA,NA,NA,NA,NA
2026-05-26 16:00:00,28.0,108.0,17.4,32.95,31.63,11.8,6.43,0.62,80.6,NA,NA,NA,NA,NA,NA,NA,NA,NA,NA,NA,NA,NA,NA,NA
2026-05-26 17:00:00,29.5,106.5,18.83,43.83,38.63,15.23,4.48,0.68,75.18,4.27,4.25,NA,1.86,4.28,3.71,NA,NA,NA,NA,NA,NA,NA,NA,NA
2026-05-26 18:00:00,29.5,110.5,19.28,40.28,37.1,18.05,5.63,0.74,65.98,3.71,3.54,NA,4.34,3.1,4.92,NA,NA,NA,NA,NA,NA,NA,NA,NA
2026-05-26 19:00:00,39.5,141.5,19.98,46.93,41.2,15.1,5.38,1.08,42.98,3.58,3.19,NA,5.09,2.69,5.19,NA,NA,NA,NA,NA,NA,NA,NA,NA
2026-05-26 20:00:00,54.0,181.5,23.1,60.5,50.95,20.08,2.7,1.64,23.2,3.59,3.2,NA,4.99,2.76,4.87,NA,NA,NA,NA,NA,NA,NA,NA,NA
2026-05-26 21:00:00,73.0,228.25,23.05,55.58,48.33,19.23,1.78,2.31,20.0,2.19,2.17,NA,3.78,3.15,2.29,NA,NA,NA,NA,NA,NA,NA,NA,NA
2026-05-26 22:00:00,79.5,224.75,22.35,45.85,42.55,17.55,2.8,2.22,19.4,1.71,1.81,NA,3.27,3.33,1.45,NA,NA,NA,NA,NA,NA,NA,NA,NA
2026-05-26 23:00:00,71.67,202.0,17.3,28.97,29.47,13.3,2.13,1.71,20.37,1.75,1.81,NA,3.3,3.44,1.46,NA,NA,NA,NA,NA,NA,NA,NA,NA
2026-05-27 00:00:00,60.0,171.75,19.65,43.65,39.23,18.38,4.95,1.31,20.03,3.5,3.8,NA,2.83,2.86,2.43,NA,NA,NA,NA,NA,NA,NA,NA,NA
2026-05-27 01:00:00,61.0,175.75,20.9,49.45,43.28,17.05,5.95,1.37,19.83,3.52,3.75,NA,2.83,2.84,2.48,NA,NA,NA,NA,NA,NA,NA,NA,NA
2026-05-27 02:00:00,63.0,168.25,19.43,51.38,43.1,16.73,5.68,1.21,19.83,3.49,3.75,NA,2.84,2.86,2.44,NA,NA,NA,NA,NA,NA,NA,NA,NA
2026-05-27 03:00:00,64.0,158.5,20.25,55.63,46.05,19.3,6.8,0.97,19.48,3.43,3.76,NA,2.83,2.86,2.46,NA,NA,NA,NA,NA,NA,NA,NA,NA
2026-05-27 04:00:00,63.0,139.75,19.15,51.9,43.2,16.48,5.8,1.02,19.65,3.43,3.74,NA,2.83,2.88,2.45,NA,NA,NA,NA,NA,NA,NA,NA,NA
2026-05-27 05:00:00,79.25,160.75,19.3,55.05,44.98,18.0,NA,0.85,20.6,3.39,3.75,NA,2.83,2.84,2.46,NA,NA,NA,NA,NA,NA,NA,NA,NA
2026-05-27 06:00:00,113.25,215.75,21.18,62.9,50.68,20.9,NA,0.94,22.25,3.45,3.75,NA,2.83,2.86,2.48,NA,NA,NA,NA,NA,NA,NA,NA,NA
2026-05-27 07:00:00,123.75,267.0,18.78,47.55,40.55,16.67,NA,0.93,35.98,3.51,3.76,NA,2.81,2.86,2.47,NA,NA,NA,NA,NA,NA,NA,NA,NA
2026-05-27 08:00:00,127.25,266.75,23.53,65.08,53.73,19.68,18.63,1.08,66.53,5.42,5.61,NA,3.65,4.82,2.94,NA,NA,NA,NA,NA,NA,NA,NA,NA
2026-05-27 09:00:00,104.75,216.0,15.78,20.85,23.9,9.9,24.43,0.88,91.1,5.49,5.56,NA,3.6,4.94,2.94,NA,NA,NA,NA,NA,NA,NA,NA,NA
2026-05-27 10:00:00,81.5,179.75,19.88,51.72,43.7,18.23,23.78,0.82,101.2,5.44,5.55,NA,3.79,4.93,2.94,NA,NA,NA,NA,NA,NA,NA,NA,NA
2026-05-27 11:00:00,62.75,156.5,22.63,56.48,48.43,15.85,21.05,0.61,103.25,5.35,5.54,NA,3.76,5.08,2.94,NA,NA,NA,NA,NA,NA,NA,NA,NA
2026-05-27 12:00:00,45.25,129.25,21.38,45.25,41.43,14.2,17.28,0.71,92.15,5.45,5.52,NA,3.67,4.98,2.95,NA,NA,NA,NA,NA,NA,NA,NA,NA
2026-05-27 13:00:00,33.0,104.0,20.9,43.97,40.4,16.03,15.37,0.66,88.77,4.27,4.18,NA,1.75,4.23,3.8,NA,NA,NA,NA,NA,NA,NA,NA,NA
2026-05-27 14:00:00,33.0,114.75,24.58,59.95,51.85,15.63,14.83,0.65,90.63,4.32,4.14,NA,1.84,4.22,3.84,NA,NA,NA,NA,NA,NA,NA,NA,NA
2026-05-27 15:00:00,30.0,124.0,24.0,51.55,46.95,14.65,14.8,0.61,86.93,4.36,4.23,NA,1.81,4.2,3.72,NA,NA,NA,NA,NA,NA,NA,NA,NA
2026-05-27 16:00:00,30.0,143.75,17.25,19.1,23.8,8.78,13.13,0.66,83.65,4.19,4.29,NA,1.78,4.27,3.76,NA,NA,NA,NA,NA,NA,NA,NA,NA
2026-05-27 17:00:00,29.75,139.0,17.83,29.98,30.45,13.93,12.52,0.83,75.23,4.21,4.25,NA,1.75,4.19,3.8,NA,NA,NA,NA,NA,NA,NA,NA,NA
2026-05-27 18:00:00,32.5,131.25,21.15,50.93,44.28,17.7,12.53,1.01,66.6,3.64,3.48,NA,4.31,3.23,4.88,NA,NA,NA,NA,NA,NA,NA,NA,NA
2026-05-27 19:00:00,35.75,140.75,20.35,45.23,40.6,14.25,12.85,1.27,39.45,3.59,3.27,NA,5.02,2.73,5.3,NA,NA,NA,NA,NA,NA,NA,NA,NA
2026-05-27 20:00:00,49.75,165.25,18.95,39.9,36.63,13.1,10.7,1.2,29.5,3.61,3.19,NA,4.92,2.78,5.26,NA,NA,NA,NA,NA,NA,NA,NA,NA
2026-05-27 21:00:00,60.25,183.0,25.53,68.35,57.15,21.15,10.03,2.14,20.3,2.18,2.11,NA,3.77,3.2,2.34,NA,NA,NA,NA,NA,NA,NA,NA,NA
2026-05-27 22:00:00,79.5,237.25,22.63,47.58,43.68,16.65,10.53,3.17,20.03,1.72,1.85,NA,3.33,3.29,1.48,NA,NA,NA,NA,NA,NA,NA,NA,NA
2026-05-27 23:00:00,91.67,244.0,21.23,35.23,36.03,17.47,10.73,3.81,20.9,1.72,1.84,NA,3.35,3.43,1.54,NA,NA,NA,NA,NA,NA,NA,NA,NA
2026-05-28 00:00:00,102.25,288.75,22.03,60.33,49.98,19.83,17.55,2.3,20.73,3.47,3.76,NA,2.83,2.83,2.44,NA,NA,NA,NA,NA,NA,NA,NA,NA
2026-05-28 01:00:00,125.5,305.25,22.42,63.33,51.93,21.15,20.73,1.74,20.7,3.48,3.78,NA,2.84,2.86,2.45,NA,NA,NA,NA,NA,NA,NA,NA,NA
2026-05-28 02:00:00,120.0,279.75,21.35,62.97,50.88,19.18,21.48,0.71,25.88,3.42,3.77,NA,2.82,2.85,2.47,NA,NA,NA,NA,NA,NA,NA,NA,NA
2026-05-28 03:00:00,86.5,195.25,21.8,62.68,51.05,20.58,20.45,0.42,38.15,3.49,3.77,NA,2.8,2.84,2.47,NA,NA,NA,NA,NA,NA,NA,NA,NA
2026-05-28 04:00:00,76.5,169.25,19.35,42.8,38.5,14.1,15.73,0.95,28.9,3.46,3.78,NA,2.83,2.88,2.47,NA,NA,NA,NA,NA,NA,NA,NA,NA
2026-05-28 05:00:00,76.75,177.0,19.88,49.8,42.63,15.95,14.6,0.99,24.65,3.48,3.73,NA,2.84,2.85,2.46,NA,NA,NA,NA,NA,NA,NA,NA,NA
2026-05-28 06:00:00,90.0,209.5,21.18,52.65,45.25,15.75,13.68,0.97,33.68,3.4,3.79,NA,2.86,2.85,2.45,NA,NA,NA,NA,NA,NA,NA,NA,NA
2026-05-28 07:00:00,92.25,213.75,19.88,41.25,38.1,13.55,11.9,0.93,34.48,3.46,3.72,NA,2.83,2.84,2.44,NA,NA,NA,NA,NA,NA,NA,NA,NA
2026-05-28 08:00:00,87.0,205.75,16.68,26.65,27.73,8.68,9.1,1.04,40.13,5.46,5.44,NA,3.7,5.05,2.93,NA,NA,NA,NA,NA,NA,NA,NA,NA
2026-05-28 09:00:00,82.25,205.5,19.1,47.65,40.85,15.6,8.65,1.06,44.75,5.59,5.52,NA,3.67,4.95,2.94,NA,NA,NA,NA,NA,NA,NA,NA,NA
2026-05-28 10:00:00,75.0,205.75,21.63,54.7,46.68,16.28,9.03,1.01,48.6,5.54,5.54,NA,3.64,5.1,2.97,NA,NA,NA,NA,NA,NA,NA,NA,NA
2026-05-28 11:00:00,72.25,204.75,22.93,57.48,49.2,18.33,9.25,0.94,51.4,5.46,5.52,NA,3.63,4.98,2.93,NA,NA,NA,NA,NA,NA,NA,NA,NA
2026-05-28 12:00:00,69.25,192.0,20.2,44.9,40.35,14.88,13.77,0.99,57.18,5.45,5.63,NA,3.74,5.1,2.92,NA,NA,NA,NA,NA,NA,NA,NA,NA
2026-05-28 13:00:00,62.75,182.0,25.2,72.43,59.03,21.48,16.75,0.98,63.0,4.36,4.18,NA,1.87,4.19,3.62,NA,NA,NA,NA,NA,NA,NA,NA,NA
2026-05-28 14:00:00,57.5,170.25,24.6,50.85,47.08,12.4,16.25,0.92,62.2,4.29,4.17,NA,1.82,4.19,3.81,NA,NA,NA,NA,NA,NA,NA,NA,NA
2026-05-28 15:00:00,55.5,164.0,24.88,48.05,45.78,12.38,17.03,0.95,61.58,4.33,4.23,NA,1.83,4.13,3.81,NA,NA,NA,NA,NA,NA,NA,NA,NA
2026-05-28 16:00:00,55.5,160.0,24.05,45.08,43.53,12.58,13.38,0.93,57.68,4.29,4.17,NA,1.81,4.23,3.81,NA,NA,NA,NA,NA,NA,NA,NA,NA
2026-05-28 17:00:00,54.0,157.0,23.5,37.38,39.03,12.05,11.38,1.09,46.4,4.34,4.25,NA,1.74,4.11,3.76,NA,NA,NA,NA,NA,NA,NA,NA,NA
2026-05-28 18:00:00,54.0,165.75,24.5,46.4,44.6,14.33,11.13,1.12,39.75,3.76,3.55,NA,4.24,3.14,4.85,NA,NA,NA,NA,NA,NA,NA,NA,NA
2026-05-28 19:00:00,53.0,178.5,24.75,51.15,47.35,12.6,10.63,0.88,33.5,3.53,3.26,NA,5.03,2.8,5.07,NA,NA,NA,NA,NA,NA,NA,NA,NA
2026-05-28 20:00:00,28.5,100.25,25.9,50.93,48.15,11.5,11.03,0.67,43.03,3.58,3.2,NA,5.1,2.77,5.3,NA,NA,NA,NA,NA,NA,NA,NA,NA
2026-05-28 21:00:00,30.75,112.75,23.03,37.98,38.93,11.55,11.2,0.81,35.58,2.19,2.17,NA,3.75,3.19,2.44,NA,NA,NA,NA,NA,NA,NA,NA,NA
2026-05-28 22:00:00,25.75,77.0,22.58,37.25,38.2,12.08,12.05,0.82,33.8,1.73,1.82,NA,3.33,3.35,1.46,NA,NA,NA,NA,NA,NA,NA,NA,NA
2026-05-28 23:00:00,27.33,86.33,23.27,43.2,41.9,9.77,12.5,0.77,31.13,1.75,1.78,NA,3.3,3.36,1.41,NA,NA,NA,NA,NA,NA,NA,NA,NA
2026-05-29 00:00:00,21.25,53.75,21.73,41.7,39.85,13.13,8.28,0.69,29.53,3.5,3.72,NA,2.83,2.86,2.44,NA,NA,NA,NA,NA,NA,NA,NA,NA
2026-05-29 01:00:00,22.75,56.25,21.35,38.15,37.65,12.35,6.75,0.71,26.18,3.47,3.74,NA,2.83,2.88,2.46,NA,NA,NA,NA,NA,NA,NA,NA,NA
2026-05-29 02:00:00,32.25,141.75,23.05,52.33,46.55,15.98,7.45,0.7,34.65,3.42,3.74,NA,2.83,2.84,2.46,NA,NA,NA,NA,NA,NA,NA,NA,NA
2026-05-29 03:00:00,37.75,181.0,23.13,52.9,46.93,17.35,7.48,0.71,39.55,3.54,3.79,NA,2.82,2.82,2.46,NA,NA,NA,NA,NA,NA,NA,NA,NA
2026-05-29 04:00:00,32.5,115.25,24.13,54.65,48.68,16.85,15.68,0.7,36.0,3.42,3.77,NA,2.84,2.87,2.49,NA,NA,NA,NA,NA,NA,NA,NA,NA
2026-05-29 05:00:00,30.75,90.75,22.78,46.4,43.2,11.53,20.25,0.73,34.25,3.44,3.78,NA,2.84,2.85,2.45,NA,NA,NA,NA,NA,NA,NA,NA,NA
2026-05-29 06:00:00,29.75,107.5,23.23,40.58,40.48,12.2,19.95,0.77,32.45,3.6,3.81,NA,2.79,2.87,2.46,NA,NA,NA,NA,NA,NA,NA,NA,NA
2026-05-29 07:00:00,34.75,121.0,18.25,22.83,26.98,6.95,19.88,0.85,28.2,3.51,3.82,NA,2.83,2.85,2.45,NA,NA,NA,NA,NA,NA,NA,NA,NA
2026-05-29 08:00:00,32.75,114.5,19.53,40.13,37.2,13.98,8.73,0.86,26.78,5.35,5.61,NA,3.66,4.94,2.96,NA,NA,NA,NA,NA,NA,NA,NA,NA
2026-05-29 09:00:00,37.0,112.25,13.88,20.23,21.88,11.15,1.48,0.96,35.5,5.43,5.54,NA,3.66,4.85,2.92,NA,NA,NA,NA,NA,NA,NA,NA,NA
2026-05-29 10:00:00,36.25,107.5,23.3,67.85,55.03,22.35,2.08,0.98,36.1,5.56,5.48,NA,3.78,4.81,2.92,NA,NA,NA,NA,NA,NA,NA,NA,NA
2026-05-29 11:00:00,35.5,99.0,21.93,51.03,45.0,16.98,2.35,0.95,39.63,5.46,5.52,NA,3.68,4.87,2.93,NA,NA,NA,NA,NA,NA,NA,NA,NA
2026-05-29 12:00:00,35.5,99.25,19.05,36.18,34.73,11.93,12.5,0.85,47.4,5.42,5.54,NA,3.67,5.06,2.93,NA,NA,NA,NA,NA,NA,NA,NA,NA
2026-05-29 13:00:00,36.25,93.0,20.23,44.3,40.03,15.1,16.58,0.84,50.6,4.21,4.18,NA,1.81,4.18,3.75,NA,NA,NA,NA,NA,NA,NA,NA,NA
2026-05-29 14:00:00,29.75,75.25,23.35,63.75,52.88,17.93,17.18,0.84,51.9,4.18,4.15,NA,1.84,4.19,3.73,NA,NA,NA,NA,NA,NA,NA,NA,NA
2026-05-29 15:00:00,29.0,73.5,19.6,35.43,34.78,13.8,15.9,0.91,50.0,4.2,4.17,NA,1.75,4.18,3.89,NA,NA,NA,NA,NA,NA,NA,NA,NA
2026-05-29 16:00:00,29.0,81.5,20.73,45.45,41.05,14.45,23.5,0.92,43.93,4.33,4.21,NA,1.77,4.15,3.84,NA,NA,NA,NA,NA,NA,NA,NA,NA
2026-05-29 17:00:00,25.25,81.0,18.38,32.8,32.43,11.28,26.48,1.11,39.9,4.26,4.13,NA,1.86,4.19,3.67,NA,NA,NA,NA,NA,NA,NA,NA,NA
2026-05-29 18:00:00,30.0,98.5,18.05,38.18,34.98,12.7,26.23,1.22,32.73,3.78,3.49,NA,4.19,3.13,4.97,NA,NA,NA,NA,NA,NA,NA,NA,NA
2026-05-29 19:00:00,28.75,90.0,19.73,50.25,42.78,19.23,25.85,1.24,31.45,3.59,3.22,NA,5.08,2.73,5.18,NA,NA,NA,NA,NA,NA,NA,NA,NA
2026-05-29 20:00:00,26.0,76.75,18.83,49.8,41.78,17.63,17.85,1.0,28.68,3.54,3.22,NA,5.0,2.75,5.46,NA,NA,NA,NA,NA,NA,NA,NA,NA
2026-05-29 21:00:00,28.5,77.5,20.23,56.7,46.63,18.33,14.33,1.03,27.48,2.19,2.17,NA,3.69,3.17,2.48,NA,NA,NA,NA,NA,NA,NA,NA,NA
2026-05-29 22:00:00,21.0,64.0,21.0,59.08,48.5,17.1,13.53,0.8,32.58,1.75,1.84,NA,3.3,3.32,1.49,NA,NA,NA,NA,NA,NA,NA,NA,NA
2026-05-29 23:00:00,16.33,55.67,22.07,61.03,50.43,14.1,13.67,0.77,23.23,1.72,1.83,NA,3.31,3.38,1.51,NA,NA,NA,NA,NA,NA,NA,NA,NA
2026-05-30 00:00:00,14.25,58.25,20.68,51.1,44.0,12.53,14.88,0.66,32.03,3.5,3.75,NA,2.83,2.84,2.45,NA,NA,NA,NA,NA,NA,NA,NA,NA
2026-05-30 01:00:00,15.5,45.5,17.03,34.05,31.98,12.4,16.38,0.64,32.18,3.48,3.74,NA,2.85,2.82,2.45,NA,NA,NA,NA,NA,NA,NA,NA,NA
2026-05-30 02:00:00,16.25,40.5,20.08,54.38,45.23,14.78,16.28,0.6,28.85,3.48,3.75,NA,2.83,2.85,2.45,NA,NA,NA,NA,NA,NA,NA,NA,NA
2026-05-30 03:00:00,15.75,39.25,18.75,44.88,39.13,14.9,16.45,0.61,23.4,3.52,3.74,NA,2.84,2.86,2.44,NA,NA,NA,NA,NA,NA,NA,NA,NA
2026-05-30 04:00:00,15.25,43.25,19.0,44.05,38.85,16.83,11.53,0.67,22.15,3.46,3.76,NA,2.8,2.84,2.43,NA,NA,NA,NA,NA,NA,NA,NA,NA
2026-05-30 05:00:00,19.25,47.0,19.08,49.85,42.03,15.33,8.45,0.76,20.95,3.44,3.72,NA,2.85,2.87,2.48,NA,NA,NA,NA,NA,NA,NA,NA,NA
2026-05-30 06:00:00,23.0,51.75,18.28,41.5,36.9,16.65,8.88,0.82,21.93,3.47,3.74,NA,2.81,2.85,2.44,NA,NA,NA,NA,NA,NA,NA,NA,NA
2026-05-30 07:00:00,22.5,56.25,16.53,37.33,33.3,14.23,9.48,0.85,22.18,3.43,3.8,NA,2.83,2.88,2.42,NA,NA,NA,NA,NA,NA,NA,NA,NA
2026-05-30 08:00:00,22.5,59.75,19.65,54.45,44.93,18.43,10.15,0.76,27.83,5.47,5.56,NA,3.69,4.89,2.97,NA,NA,NA,NA,NA,NA,NA,NA,NA
2026-05-30 09:00:00,16.0,56.0,19.28,45.2,39.75,17.98,10.55,0.81,33.08,5.54,5.55,NA,3.67,4.88,2.93,NA,NA,NA,NA,NA,NA,NA,NA,NA
2026-05-30 10:00:00,22.5,66.5,19.98,52.2,44.0,17.23,10.25,0.84,44.55,5.38,5.5,NA,3.74,4.94,2.95,NA,NA,NA,NA,NA,NA,NA,NA,NA
2026-05-30 11:00:00,28.5,73.75,23.13,65.93,53.85,18.33,10.13,0.9,44.63,5.48,5.5,NA,3.72,4.87,2.96,NA,NA,NA,NA,NA,NA,NA,NA,NA
2026-05-30 12:00:00,28.25,68.5,25.35,67.33,56.43,16.23,10.2,0.79,45.93,5.48,5.47,NA,3.67,5.0,2.95,NA,NA,NA,NA,NA,NA,NA,NA,NA
2026-05-30 13:00:00,24.75,63.0,25.7,57.2,51.35,15.75,10.93,0.77,50.48,4.32,4.27,NA,1.84,4.14,3.79,NA,NA,NA,NA,NA,NA,NA,NA,NA
2026-05-30 14:00:00,23.25,56.75,28.68,66.8,58.85,17.5,12.18,0.76,51.5,4.36,4.24,NA,1.73,4.16,3.87,NA,NA,NA,NA,NA,NA,NA,NA,NA
2026-05-30 15:00:00,24.75,62.5,37.23,99.3,83.08,18.13,12.7,0.66,57.58,4.39,4.29,NA,1.93,4.21,3.78,NA,NA,NA,NA,NA,NA,NA,NA,NA
2026-05-30 16:00:00,38.5,242.0,36.03,61.08,61.43,8.2,4.9,0.71,34.15,4.19,4.29,NA,1.81,4.19,3.72,NA,NA,NA,NA,NA,NA,NA,NA,NA
2026-05-30 17:00:00,21.75,105.75,13.5,2.07,5.65,1.2,1.05,0.86,22.83,4.24,4.31,NA,1.84,4.2,3.7,NA,NA,NA,NA,NA,NA,NA,NA,NA
2026-05-30 18:00:00,30.75,170.0,18.73,24.75,27.38,6.75,1.83,1.36,20.38,3.74,3.44,NA,4.31,3.15,4.87,NA,NA,NA,NA,NA,NA,NA,NA,NA
2026-05-30 19:00:00,43.0,185.75,20.78,51.4,44.23,12.75,3.18,1.36,19.63,3.55,3.19,NA,5.04,2.82,5.39,NA,NA,NA,NA,NA,NA,NA,NA,NA
2026-05-30 20:00:00,46.5,157.75,22.7,61.33,51.03,17.43,12.3,1.21,19.53,3.55,3.23,NA,5.21,2.73,5.24,NA,NA,NA,NA,NA,NA,NA,NA,NA
2026-05-30 21:00:00,57.75,167.25,21.15,52.2,44.95,15.0,16.3,1.23,19.4,2.17,2.17,NA,3.75,3.13,2.45,NA,NA,NA,NA,NA,NA,NA,NA,NA
2026-05-30 22:00:00,54.25,136.0,16.95,31.48,30.55,12.68,16.25,0.82,21.7,1.71,1.87,NA,3.29,3.26,1.45,NA,NA,NA,NA,NA,NA,NA,NA,NA
2026-05-30 23:00:00,33.33,82.33,18.07,42.9,37.53,17.0,15.9,0.7,22.47,1.77,1.86,NA,3.26,3.34,1.45,NA,NA,NA,NA,NA,NA,NA,NA,NA
2026-05-31 00:00:00,25.25,70.25,17.85,41.13,36.38,17.3,13.03,0.77,20.78,3.49,3.75,NA,2.81,2.89,2.48,NA,NA,NA,NA,NA,NA,NA,NA,NA
2026-05-31 01:00:00,19.25,56.0,17.95,45.35,38.73,17.68,11.53,0.67,20.08,3.49,3.8,NA,2.82,2.84,2.44,NA,NA,NA,NA,NA,NA,NA,NA,NA
2026-05-31 02:00:00,20.5,57.0,17.73,44.25,37.95,16.88,11.2,0.66,19.58,3.44,3.82,NA,2.83,2.87,2.46,NA,NA,NA,NA,NA,NA,NA,NA,NA
2026-05-31 03:00:00,19.25,55.25,17.43,46.45,38.88,17.38,11.0,0.62,19.75,3.45,3.78,NA,2.83,2.86,2.46,NA,NA,NA,NA,NA,NA,NA,NA,NA
2026-05-31 04:00:00,20.5,59.0,19.73,60.35,48.15,18.95,7.23,0.71,19.65,3.41,3.76,NA,2.84,2.86,2.46,NA,NA,NA,NA,NA,NA,NA,NA,NA
2026-05-31 05:00:00,26.0,61.5,18.15,50.28,41.48,17.45,5.38,0.83,19.63,3.47,3.75,NA,2.84,2.83,2.43,NA,NA,NA,NA,NA,NA,NA,NA,NA
2026-05-31 06:00:00,25.75,60.0,19.15,60.78,47.9,18.58,6.03,0.86,19.33,3.49,3.81,NA,2.81,2.87,2.44,NA,NA,NA,NA,NA,NA,NA,NA,NA
2026-05-31 07:00:00,28.5,63.0,16.78,37.13,33.4,14.6,6.23,0.83,19.2,3.48,3.76,NA,2.86,2.86,2.45,NA,NA,NA,NA,NA,NA,NA,NA,NA
2026-05-31 08:00:00,35.75,70.25,17.83,47.33,39.68,15.28,7.85,0.8,19.75,5.45,5.57,NA,3.72,5.02,2.96,NA,NA,NA,NA,NA,NA,NA,NA,NA
2026-05-31 09:00:00,34.25,67.75,16.58,41.88,35.75,16.13,9.03,0.78,20.4,5.45,5.5,NA,3.64,5.03,2.92,NA,NA,NA,NA,NA,NA,NA,NA,NA
2026-05-31 10:00:00,32.0,64.25,16.85,45.23,37.75,17.95,8.9,0.79,23.18,5.46,5.56,NA,3.67,4.92,2.95,NA,NA,NA,NA,NA,NA,NA,NA,NA
2026-05-31 11:00:00,29.5,60.75,15.3,36.88,32.05,16.48,8.45,0.73,28.28,5.54,5.51,NA,3.71,4.96,2.96,NA,NA,NA,NA,NA,NA,NA,NA,NA
2026-05-31 12:00:00,29.0,63.75,19.0,56.85,45.68,21.03,10.05,0.77,31.7,5.5,5.52,NA,3.74,4.98,2.96,NA,NA,NA,NA,NA,NA,NA,NA,NA
2026-05-31 13:00:00,28.75,61.5,22.65,70.93,56.13,19.15,10.85,0.79,37.2,4.2,4.16,NA,1.81,4.14,3.82,NA,NA,NA,NA,NA,NA,NA,NA,NA
2026-05-31 14:00:00,33.5,67.75,19.03,38.13,35.75,15.15,9.88,0.77,39.75,4.36,4.21,NA,1.78,4.28,3.8,NA,NA,NA,NA,NA,NA,NA,NA,NA
2026-05-31 15:00:00,34.25,76.5,15.5,24.85,25.8,13.33,10.3,0.8,43.5,4.31,4.25,NA,1.82,4.12,3.85,NA,NA,NA,NA,NA,NA,NA,NA,NA
2026-05-31 16:00:00,30.0,87.25,17.63,43.63,37.55,16.4,13.53,0.75,40.18,4.43,4.15,NA,1.74,4.23,3.81,NA,NA,NA,NA,NA,NA,NA,NA,NA
2026-05-31 17:00:00,27.25,77.25,18.1,50.2,41.43,15.77,14.95,0.78,38.43,4.41,4.27,NA,1.8,4.22,3.82,NA,NA,NA,NA,NA,NA,NA,NA,NA
2026-05-31 18:00:00,27.0,70.25,18.18,47.7,40.13,15.75,14.58,0.85,34.08,3.76,3.44,NA,4.3,3.14,4.76,NA,NA,NA,NA,NA,NA,NA,NA,NA
2026-05-31 19:00:00,26.5,73.25,18.35,51.8,42.48,16.55,14.13,0.95,28.68,3.53,3.22,NA,5.2,2.83,5.07,NA,NA,NA,NA,NA,NA,NA,NA,NA
2026-05-31 20:00:00,27.25,73.0,18.85,47.53,40.58,17.63,11.55,0.99,26.5,3.55,3.25,NA,5.05,2.9,5.13,NA,NA,NA,NA,NA,NA,NA,NA,NA
2026-05-31 21:00:00,26.75,67.75,17.2,37.75,34.05,16.18,9.33,1.08,23.08,2.18,2.15,NA,3.78,3.18,2.49,NA,NA,NA,NA,NA,NA,NA,NA,NA
2026-05-31 22:00:00,34.0,78.5,16.88,44.95,37.63,16.65,9.2,1.07,20.13,1.71,1.82,NA,3.3,3.39,1.47,NA,NA,NA,NA,NA,NA,NA,NA,NA
2026-05-31 23:00:00,35.67,82.33,17.3,38.93,34.8,19.17,9.27,1.15,20.07,1.72,1.83,NA,3.27,3.27,1.42,NA,NA,NA,NA,NA,NA,NA,NA,NA
2026-06-01 00:00:00,31.75,79.25,15.98,38.18,33.3,22.65,16.23,0.92,19.33,3.5,3.79,NA,2.83,2.85,2.44,NA,NA,NA,NA,NA,NA,NA,NA,NA
2026-06-01 01:00:00,29.75,63.25,17.4,44.5,37.8,21.1,20.03,0.81,19.4,3.47,3.73,NA,2.83,2.87,2.45,NA,NA,NA,NA,NA,NA,NA,NA,NA
2026-06-01 02:00:00,31.75,70.0,16.65,42.25,36.03,18.65,19.75,0.83,19.63,3.48,3.79,NA,2.83,2.87,2.48,NA,NA,NA,NA,NA,NA,NA,NA,NA
2026-06-01 03:00:00,37.5,91.75,16.28,44.03,36.65,16.2,19.73,0.81,19.95,3.45,3.72,NA,2.83,2.83,2.45,NA,NA,NA,NA,NA,NA,NA,NA,NA
2026-06-01 04:00:00,48.5,96.5,17.1,49.08,40.03,16.83,11.43,0.84,19.78,3.51,3.75,NA,2.83,2.86,2.46,NA,NA,NA,NA,NA,NA,NA,NA,NA
2026-06-01 05:00:00,52.5,95.0,17.23,49.85,40.53,18.55,7.65,0.93,19.63,3.42,3.8,NA,2.82,2.85,2.44,NA,NA,NA,NA,NA,NA,NA,NA,NA
2026-06-01 06:00:00,50.0,93.5,23.6,81.15,62.35,20.98,7.75,0.98,19.98,3.45,3.75,NA,2.83,2.84,2.47,NA,NA,NA,NA,NA,NA,NA,NA,NA
2026-06-01 07:00:00,67.0,115.25,17.48,37.7,34.23,13.7,8.78,0.92,19.58,3.39,3.77,NA,2.83,2.84,2.44,NA,NA,NA,NA,NA,NA,NA,NA,NA
2026-06-01 08:00:00,47.75,86.25,21.03,55.6,46.65,16.48,20.83,0.93,19.63,5.49,5.59,NA,3.7,4.93,2.91,NA,NA,NA,NA,NA,NA,NA,NA,NA
2026-06-01 09:00:00,43.5,88.25,15.63,24.53,25.72,11.25,26.7,1.04,19.45,5.42,5.53,NA,3.66,5.02,2.95,NA,NA,NA,NA,NA,NA,NA,NA,NA
2026-06-01 10:00:00,45.75,98.25,20.75,57.1,47.25,17.28,27.8,1.04,21.53,5.6,5.53,NA,3.59,5.03,2.93,NA,NA,NA,NA,NA,NA,NA,NA,NA
2026-06-01 11:00:00,40.0,83.25,20.78,52.45,44.8,15.65,26.8,0.91,25.78,5.54,5.56,NA,3.68,4.91,2.93,NA,NA,NA,NA,NA,NA,NA,NA,NA
2026-06-01 12:00:00,31.25,64.0,17.75,39.23,35.28,16.58,19.28,0.85,33.0,5.59,5.49,NA,3.64,4.98,2.94,NA,NA,NA,NA,NA,NA,NA,NA,NA
2026-06-01 13:00:00,30.75,65.0,18.63,43.65,38.38,17.65,15.15,0.86,41.75,4.36,4.23,NA,1.83,4.24,3.77,NA,NA,NA,NA,NA,NA,NA,NA,NA
2026-06-01 14:00:00,29.75,66.0,17.58,42.18,36.7,15.58,14.55,0.81,45.5,4.27,4.28,NA,1.75,4.23,3.77,NA,NA,NA,NA,NA,NA,NA,NA,NA
2026-06-01 15:00:00,29.0,63.75,21.83,66.43,53.08,18.35,14.48,0.8,46.28,4.27,4.2,NA,1.76,4.21,3.81,NA,NA,NA,NA,NA,NA,NA,NA,NA
2026-06-01 16:00:00,30.5,67.0,18.73,44.38,38.8,14.8,9.85,0.84,48.85,4.35,4.2,NA,1.85,4.23,3.78,NA,NA,NA,NA,NA,NA,NA,NA,NA
2026-06-01 17:00:00,31.75,75.25,16.4,29.95,29.28,15.08,7.18,0.92,46.33,4.27,4.23,NA,1.78,4.1,3.79,NA,NA,NA,NA,NA,NA,NA,NA,NA
2026-06-01 18:00:00,31.75,82.0,17.78,41.55,36.55,16.88,7.23,1.19,35.7,3.83,3.49,NA,4.25,3.17,4.79,NA,NA,NA,NA,NA,NA,NA,NA,NA
2026-06-01 19:00:00,34.75,88.25,18.05,43.7,37.93,15.93,7.23,1.31,30.85,3.59,3.19,NA,5.15,2.79,5.06,NA,NA,NA,NA,NA,NA,NA,NA,NA
2026-06-01 20:00:00,36.0,87.0,18.55,49.75,41.5,15.95,7.25,1.21,26.88,3.57,3.21,NA,5.05,2.75,5.03,NA,NA,NA,NA,NA,NA,NA,NA,NA
2026-06-01 21:00:00,36.0,90.75,19.38,50.73,42.75,17.43,7.58,1.15,28.15,2.18,2.11,NA,3.69,3.11,2.37,NA,NA,NA,NA,NA,NA,NA,NA,NA
2026-06-01 22:00:00,35.5,88.25,17.7,42.6,37.03,17.43,7.48,1.12,26.3,1.74,1.84,NA,3.32,3.32,1.46,NA,NA,NA,NA,NA,NA,NA,NA,NA
2026-06-01 23:00:00,39.67,90.33,17.93,46.5,39.27,17.27,7.03,1.04,23.77,1.71,1.84,NA,3.33,3.24,1.46,NA,NA,NA,NA,NA,NA,NA,NA,NA
2026-06-02 00:00:00,52.75,112.75,20.6,58.2,47.68,19.48,4.55,0.95,21.4,3.47,3.78,NA,2.82,2.87,2.4,NA,NA,NA,NA,NA,NA,NA,NA,NA
2026-06-02 01:00:00,48.25,96.0,19.38,50.15,42.43,17.18,NA,0.81,21.15,3.45,3.78,NA,2.83,2.86,2.47,NA,NA,NA,NA,NA,NA,NA,NA,NA
2026-06-02 02:00:00,43.5,89.75,18.63,43.0,38.03,19.3,NA,0.72,20.65,3.51,3.75,NA,2.83,2.87,2.46,NA,NA,NA,NA,NA,NA,NA,NA,NA
2026-06-02 03:00:00,45.25,94.75,18.03,43.75,37.95,18.18,NA,0.7,21.58,3.54,3.76,NA,2.85,2.87,2.46,NA,NA,NA,NA,NA,NA,NA,NA,NA
2026-06-02 04:00:00,46.0,95.75,17.95,45.65,38.85,15.88,15.37,0.88,21.35,3.43,3.75,NA,2.81,2.84,2.47,NA,NA,NA,NA,NA,NA,NA,NA,NA
2026-06-02 05:00:00,52.75,101.5,17.9,43.33,37.63,16.48,17.85,1.0,19.75,3.46,3.72,NA,2.83,2.86,2.44,NA,NA,NA,NA,NA,NA,NA,NA,NA
2026-06-02 06:00:00,62.0,122.0,20.5,60.08,48.6,19.75,18.35,1.05,20.05,3.47,3.75,NA,2.83,2.84,2.45,NA,NA,NA,NA,NA,NA,NA,NA,NA
2026-06-02 07:00:00,57.0,112.5,16.68,36.55,33.0,12.4,19.15,0.99,21.13,3.5,3.73,NA,2.85,2.84,2.44,NA,NA,NA,NA,NA,NA,NA,NA,NA
2026-06-02 08:00:00,62.5,120.75,18.13,45.82,39.08,16.18,19.85,0.93,22.48,5.45,5.51,NA,3.66,5.0,2.96,NA,NA,NA,NA,NA,NA,NA,NA,NA
2026-06-02 09:00:00,56.75,105.5,17.0,42.65,36.53,15.38,20.9,1.02,27.2,5.52,5.58,NA,3.68,4.96,2.94,NA,NA,NA,NA,NA,NA,NA,NA,NA
2026-06-02 10:00:00,46.25,98.75,21.0,59.5,48.73,21.75,21.3,0.87,36.25,5.46,5.51,NA,3.68,4.94,2.96,NA,NA,NA,NA,NA,NA,NA,NA,NA
2026-06-02 11:00:00,37.0,88.5,16.2,31.8,30.05,11.03,20.8,0.79,44.58,5.46,5.66,NA,3.71,5.0,2.97,NA,NA,NA,NA,NA,NA,NA,NA,NA
2026-06-02 12:00:00,35.5,83.5,18.28,41.93,37.15,16.72,15.65,0.86,42.38,5.43,5.59,NA,3.64,4.92,2.94,NA,NA,NA,NA,NA,NA,NA,NA,NA
2026-06-02 13:00:00,37.75,89.0,19.28,50.93,42.73,16.28,13.18,0.9,45.73,4.29,4.19,NA,1.79,4.2,3.81,NA,NA,NA,NA,NA,NA,NA,NA,NA
2026-06-02 14:00:00,34.25,79.0,20.25,49.88,43.0,15.58,13.3,0.91,44.9,4.31,4.21,NA,1.86,4.12,3.75,NA,NA,NA,NA,NA,NA,NA,NA,NA
2026-06-02 15:00:00,32.0,76.5,18.55,42.7,37.78,17.03,12.75,0.91,41.0,4.23,4.31,NA,1.77,4.22,3.78,NA,NA,NA,NA,NA,NA,NA,NA,NA
2026-06-02 16:00:00,32.75,77.25,18.2,41.55,36.93,18.65,9.48,0.88,45.6,4.37,4.19,NA,1.81,4.18,3.73,NA,NA,NA,NA,NA,NA,NA,NA,NA
2026-06-02 17:00:00,32.75,81.0,19.3,47.73,41.1,17.25,7.55,1.01,42.18,4.36,4.23,NA,1.87,4.14,3.7,NA,NA,NA,NA,NA,NA,NA,NA,NA
2026-06-02 18:00:00,34.25,92.0,19.68,46.33,40.65,17.25,7.85,1.15,32.48,3.75,3.48,NA,4.21,3.12,4.84,NA,NA,NA,NA,NA,NA,NA,NA,NA
2026-06-02 19:00:00,34.0,89.75,18.98,41.35,37.4,15.73,7.38,1.3,27.98,3.57,3.22,NA,5.11,2.73,5.27,NA,NA,NA,NA,NA,NA,NA,NA,NA
2026-06-02 20:00:00,36.5,100.0,19.83,51.3,43.43,19.5,6.88,1.37,24.0,3.57,3.22,NA,5.15,2.71,5.16,NA,NA,NA,NA,NA,NA,NA,NA,NA
2026-06-02 21:00:00,44.75,122.0,20.98,53.88,45.7,18.85,6.98,1.43,21.43,2.2,2.17,NA,3.79,3.22,2.51,NA,NA,NA,NA,NA,NA,NA,NA,NA
2026-06-02 22:00:00,52.5,141.25,19.9,48.28,41.85,16.2,7.2,1.62,20.23,1.69,1.84,NA,3.32,3.32,1.39,NA,NA,NA,NA,NA,NA,NA,NA,NA
2026-06-02 23:00:00,57.67,164.67,19.73,42.5,38.67,16.07,7.5,1.51,20.1,1.69,1.81,NA,3.29,3.21,1.49,NA,NA,NA,NA,NA,NA,NA,NA,NA
2026-06-03 00:00:00,50.25,146.75,20.95,50.7,44.03,20.2,9.48,1.0,20.0,3.48,3.76,NA,2.81,2.82,2.45,NA,NA,NA,NA,NA,NA,NA,NA,NA
2026-06-03 01:00:00,50.0,133.25,19.78,46.1,40.6,14.93,10.75,1.04,20.3,3.41,3.75,NA,2.83,2.85,2.46,NA,NA,NA,NA,NA,NA,NA,NA,NA
2026-06-03 02:00:00,51.5,140.0,21.15,51.3,44.45,18.8,11.63,1.21,20.38,3.4,3.72,NA,2.82,2.82,2.48,NA,NA,NA,NA,NA,NA,NA,NA,NA
2026-06-03 03:00:00,55.75,151.0,22.73,54.3,47.35,20.68,11.7,1.26,20.25,3.46,3.74,NA,2.84,2.83,2.45,NA,NA,NA,NA,NA,NA,NA,NA,NA
2026-06-03 04:00:00,55.0,141.25,22.38,55.05,47.48,22.0,9.98,1.3,20.05,3.52,3.76,NA,2.84,2.85,2.45,NA,NA,NA,NA,NA,NA,NA,NA,NA
2026-06-03 05:00:00,58.75,141.0,21.53,56.88,47.73,21.2,9.18,1.05,19.58,3.44,3.77,NA,2.8,2.87,2.44,NA,NA,NA,NA,NA,NA,NA,NA,NA
2026-06-03 06:00:00,72.5,145.75,21.68,57.15,47.05,18.28,9.1,1.01,19.73,3.46,3.76,NA,2.84,2.85,2.47,NA,NA,NA,NA,NA,NA,NA,NA,NA
2026-06-03 07:00:00,82.5,158.75,16.45,50.63,32.73,14.48,10.1,0.92,19.48,3.44,3.76,NA,2.84,2.89,2.46,NA,NA,NA,NA,NA,NA,NA,NA,NA
2026-06-03 08:00:00,67.25,130.0,18.03,38.2,34.48,11.28,19.48,0.92,19.3,5.5,5.55,NA,3.57,5.0,2.96,NA,NA,NA,NA,NA,NA,NA,NA,NA
2026-06-03 09:00:00,48.0,109.0,16.68,36.63,32.95,15.0,24.6,0.79,19.45,5.4,5.52,NA,3.67,5.0,2.94,NA,NA,NA,NA,NA,NA,NA,NA,NA
2026-06-03 10:00:00,39.5,84.5,22.1,66.78,53.48,21.85,25.58,0.79,22.2,5.52,5.52,NA,3.72,4.99,2.95,NA,NA,NA,NA,NA,NA,NA,NA,NA
2026-06-03 11:00:00,52.25,122.25,18.48,38.7,35.6,12.93,27.65,0.75,34.25,5.46,5.52,NA,3.66,4.89,2.95,NA,NA,NA,NA,NA,NA,NA,NA,NA
2026-06-03 12:00:00,52.5,128.0,17.73,40.43,35.95,16.0,17.9,1.02,45.1,5.44,5.45,NA,3.59,4.97,2.95,NA,NA,NA,NA,NA,NA,NA,NA,NA
2026-06-03 13:00:00,47.75,120.0,19.7,53.38,44.43,18.25,11.75,1.23,51.2,4.12,4.13,NA,1.72,4.22,3.72,NA,NA,NA,NA,NA,NA,NA,NA,NA
2026-06-03 14:00:00,54.0,133.75,20.73,52.18,44.6,16.8,11.98,1.25,62.3,4.22,4.25,NA,1.81,4.23,3.81,NA,NA,NA,NA,NA,NA,NA,NA,NA
2026-06-03 15:00:00,61.67,148.67,17.2,30.93,32.07,13.63,10.75,1.29,60.4,4.24,4.34,NA,1.74,4.28,3.86,NA,NA,NA,NA,NA,NA,NA,NA,NA
2026-06-03 16:00:00,60.75,140.75,17.6,39.65,35.43,13.48,9.18,1.18,62.65,4.3,4.16,NA,1.75,4.21,3.74,NA,NA,NA,NA,NA,NA,NA,NA,NA
2026-06-03 17:00:00,50.25,120.0,21.73,64.15,51.8,20.0,7.08,1.19,51.88,4.2,4.2,NA,1.82,4.2,3.78,NA,NA,NA,NA,NA,NA,NA,NA,NA
2026-06-03 18:00:00,45.25,114.25,21.8,50.03,44.33,16.75,6.0,1.3,38.75,3.77,3.47,NA,4.23,3.14,4.88,NA,NA,NA,NA,NA,NA,NA,NA,NA
2026-06-03 19:00:00,48.5,138.0,19.68,38.05,36.23,13.8,6.13,1.48,29.88,3.66,3.24,NA,5.0,2.74,5.16,NA,NA,NA,NA,NA,NA,NA,NA,NA
2026-06-03 20:00:00,54.75,162.5,19.25,37.35,35.5,12.7,12.6,1.65,23.35,3.62,3.23,NA,5.17,2.8,5.2,NA,NA,NA,NA,NA,NA,NA,NA,NA
2026-06-03 21:00:00,61.75,174.0,22.83,56.08,48.38,17.73,14.73,2.0,20.93,2.21,2.13,NA,3.71,3.04,2.28,NA,NA,NA,NA,NA,NA,NA,NA,NA
2026-06-03 22:00:00,69.5,189.5,21.35,43.5,40.48,17.13,14.5,2.1,20.03,1.68,1.81,NA,3.29,3.37,1.5,NA,NA,NA,NA,NA,NA,NA,NA,NA
2026-06-03 23:00:00,69.67,185.0,18.63,27.3,29.67,15.43,14.5,1.91,19.77,1.7,1.78,NA,3.27,3.38,1.48,NA,NA,NA,NA,NA,NA,NA,NA,NA
2026-06-04 00:00:00,68.25,190.25,19.38,41.38,37.75,19.5,18.38,1.48,20.33,3.51,3.75,NA,2.85,2.86,2.44,NA,NA,NA,NA,NA,NA,NA,NA,NA
2026-06-04 01:00:00,63.5,184.5,19.73,45.95,40.48,16.7,19.65,1.39,20.03,3.49,3.74,NA,2.83,2.85,2.46,NA,NA,NA,NA,NA,NA,NA,NA,NA
2026-06-04 02:00:00,73.5,170.0,18.93,44.3,38.98,17.0,19.53,1.23,20.25,3.37,3.76,NA,2.84,2.87,2.44,NA,NA,NA,NA,NA,NA,NA,NA,NA
2026-06-04 03:00:00,73.75,161.75,19.08,42.48,38.1,18.55,19.28,1.19,20.13,3.51,3.74,NA,2.84,2.86,2.46,NA,NA,NA,NA,NA,NA,NA,NA,NA
2026-06-04 04:00:00,62.75,138.75,19.18,43.9,38.93,18.8,18.88,1.33,19.75,3.5,3.75,NA,2.84,2.88,2.44,NA,NA,NA,NA,NA,NA,NA,NA,NA
2026-06-04 05:00:00,55.5,123.0,20.03,47.9,41.78,19.7,18.68,1.47,19.85,3.42,3.78,NA,2.81,2.87,2.44,NA,NA,NA,NA,NA,NA,NA,NA,NA
2026-06-04 06:00:00,57.0,141.5,21.28,57.0,47.6,18.45,18.83,1.54,19.33,3.45,3.73,NA,2.85,2.86,2.48,NA,NA,NA,NA,NA,NA,NA,NA,NA
2026-06-04 07:00:00,73.75,181.0,16.23,27.83,28.0,12.53,19.75,1.56,20.25,3.45,3.78,NA,2.8,2.84,2.42,NA,NA,NA,NA,NA,NA,NA,NA,NA
2026-06-04 08:00:00,71.75,168.5,21.35,60.1,49.35,18.45,15.68,1.31,19.9,5.42,5.52,NA,3.66,4.91,2.91,NA,NA,NA,NA,NA,NA,NA,NA,NA
2026-06-04 09:00:00,47.75,135.5,17.23,35.15,32.68,16.58,12.3,1.38,24.53,5.46,5.58,NA,3.7,4.91,2.97,NA,NA,NA,NA,NA,NA,NA,NA,NA
2026-06-04 10:00:00,83.5,206.0,19.4,51.28,43.08,18.7,14.45,1.59,38.55,5.39,5.58,NA,3.64,4.98,3.0,NA,NA,NA,NA,NA,NA,NA,NA,NA
2026-06-04 11:00:00,92.25,223.75,21.68,56.53,47.73,17.38,15.18,1.48,50.4,5.56,5.56,NA,3.7,4.98,2.97,NA,NA,NA,NA,NA,NA,NA,NA,NA
2026-06-04 12:00:00,76.25,191.75,19.65,44.45,39.63,16.3,10.7,1.46,52.5,5.44,5.54,NA,3.56,4.98,2.93,NA,NA,NA,NA,NA,NA,NA,NA,NA
2026-06-04 13:00:00,65.0,165.5,19.78,46.58,40.85,16.9,8.28,1.4,54.53,4.32,4.2,NA,1.81,4.35,3.73,NA,NA,NA,NA,NA,NA,NA,NA,NA
2026-06-04 14:00:00,62.75,160.75,21.05,52.45,45.03,17.18,6.48,1.26,42.35,4.33,4.13,NA,1.78,4.15,3.82,NA,NA,NA,NA,NA,NA,NA,NA,NA
2026-06-04 15:00:00,28.33,74.33,21.45,51.28,44.7,17.35,5.13,1.06,22.88,4.21,4.14,NA,1.81,4.23,3.8,NA,NA,NA,NA,NA,NA,NA,NA,NA
2026-06-04 16:00:00,21.75,45.0,23.08,58.53,49.93,16.0,9.13,1.68,21.3,4.39,4.27,NA,1.84,4.19,3.72,NA,NA,NA,NA,NA,NA,NA,NA,NA
2026-06-04 17:00:00,21.5,53.25,22.0,48.28,43.58,13.35,11.95,2.22,20.7,4.27,4.18,NA,1.74,4.19,3.88,NA,NA,NA,NA,NA,NA,NA,NA,NA
2026-06-04 18:00:00,24.75,79.25,24.28,57.5,50.3,17.28,12.2,2.8,19.53,3.79,3.47,NA,4.28,3.11,4.74,NA,NA,NA,NA,NA,NA,NA,NA,NA
2026-06-04 19:00:00,40.25,185.5,21.95,46.88,42.78,11.95,12.35,1.86,19.05,3.61,3.19,NA,5.04,2.79,5.26,NA,NA,NA,NA,NA,NA,NA,NA,NA
2026-06-04 20:00:00,34.5,238.5,16.75,22.55,25.58,11.7,4.88,1.09,19.58,3.57,3.19,NA,4.94,2.79,5.16,NA,NA,NA,NA,NA,NA,NA,NA,NA
2026-06-04 21:00:00,24.5,129.5,20.38,53.03,44.78,16.98,1.0,1.24,20.33,2.16,2.17,NA,3.78,3.23,2.37,NA,NA,NA,NA,NA,NA,NA,NA,NA
2026-06-04 22:00:00,29.0,135.75,18.9,38.68,35.93,14.7,0.65,1.56,19.78,1.73,1.82,NA,3.34,3.43,1.48,NA,NA,NA,NA,NA,NA,NA,NA,NA
2026-06-04 23:00:00,37.0,169.67,18.37,41.6,37.07,14.17,0.87,1.22,21.27,1.73,1.77,NA,3.3,3.33,1.5,NA,NA,NA,NA,NA,NA,NA,NA,NA
2026-06-05 00:00:00,44.25,334.25,19.18,45.48,39.75,19.6,10.15,1.14,24.65,3.43,3.75,NA,2.83,2.86,2.46,NA,NA,NA,NA,NA,NA,NA,NA,NA
2026-06-05 01:00:00,34.5,130.0,19.05,48.18,41.1,17.55,15.0,1.19,22.18,3.43,3.76,NA,2.8,2.89,2.45,NA,NA,NA,NA,NA,NA,NA,NA,NA
2026-06-05 02:00:00,33.75,127.0,18.4,41.75,37.18,18.4,15.13,1.14,19.58,3.48,3.8,NA,2.87,2.89,2.47,NA,NA,NA,NA,NA,NA,NA,NA,NA
2026-06-05 03:00:00,35.25,155.25,18.05,39.7,35.83,17.85,15.25,1.08,20.13,3.47,3.75,NA,2.83,2.84,2.48,NA,NA,NA,NA,NA,NA,NA,NA,NA
2026-06-05 04:00:00,41.25,177.0,19.18,50.53,42.45,15.58,11.9,1.14,22.5,3.45,3.74,NA,2.82,2.86,2.46,NA,NA,NA,NA,NA,NA,NA,NA,NA
2026-06-05 05:00:00,30.75,105.0,19.08,48.0,41.05,17.15,10.2,1.09,25.33,3.46,3.8,NA,2.84,2.88,2.47,NA,NA,NA,NA,NA,NA,NA,NA,NA
2026-06-05 06:00:00,21.75,65.25,19.58,49.97,42.47,16.88,9.78,1.12,21.2,3.45,3.73,NA,2.84,2.84,2.48,NA,NA,NA,NA,NA,NA,NA,NA,NA
2026-06-05 07:00:00,24.25,75.0,19.88,55.25,45.58,16.4,10.18,1.17,19.65,3.5,3.77,NA,2.83,2.88,2.48,NA,NA,NA,NA,NA,NA,NA,NA,NA
2026-06-05 08:00:00,26.0,77.25,20.88,54.28,45.85,17.78,12.25,1.19,20.2,5.47,5.54,NA,3.64,5.01,2.96,NA,NA,NA,NA,NA,NA,NA,NA,NA
2026-06-05 09:00:00,29.25,94.25,17.63,35.75,33.38,13.5,14.18,1.34,21.88,5.44,5.57,NA,3.68,4.98,2.98,NA,NA,NA,NA,NA,NA,NA,NA,NA
2026-06-05 10:00:00,38.25,112.25,20.18,48.25,42.03,17.65,14.88,1.3,25.05,5.57,5.53,NA,3.68,4.98,2.98,NA,NA,NA,NA,NA,NA,NA,NA,NA
2026-06-05 11:00:00,43.75,112.75,17.98,37.93,34.8,13.5,15.25,1.35,28.7,5.31,5.53,NA,3.71,4.88,2.94,NA,NA,NA,NA,NA,NA,NA,NA,NA
2026-06-05 12:00:00,53.5,129.75,18.55,42.4,37.65,15.68,14.2,1.27,31.63,5.51,5.48,NA,3.74,4.99,2.98,NA,NA,NA,NA,NA,NA,NA,NA,NA
2026-06-05 13:00:00,49.5,130.0,18.5,44.13,38.5,12.48,13.73,1.22,39.08,4.31,4.21,NA,1.76,4.2,3.89,NA,NA,NA,NA,NA,NA,NA,NA,NA
2026-06-05 14:00:00,52.5,121.75,17.25,38.35,34.43,12.13,14.68,1.23,38.63,4.32,4.18,NA,1.76,4.2,3.67,NA,NA,NA,NA,NA,NA,NA,NA,NA
2026-06-05 15:00:00,49.0,111.0,19.53,47.9,41.38,15.3,14.18,1.19,40.63,4.21,4.22,NA,1.81,4.16,3.79,NA,NA,NA,NA,NA,NA,NA,NA,NA
2026-06-05 16:00:00,44.75,103.25,17.58,40.43,35.8,13.83,12.9,1.25,43.93,4.33,4.26,NA,1.8,4.19,3.67,NA,NA,NA,NA,NA,NA,NA,NA,NA
2026-06-05 17:00:00,50.75,112.25,16.8,36.85,33.25,14.1,12.83,1.35,44.5,4.38,4.23,NA,1.72,4.17,3.87,NA,NA,NA,NA,NA,NA,NA,NA,NA
2026-06-05 18:00:00,57.5,132.0,23.45,67.73,55.1,22.83,13.23,1.48,38.2,3.74,3.46,NA,4.23,3.23,4.76,NA,NA,NA,NA,NA,NA,NA,NA,NA
2026-06-05 19:00:00,62.25,141.75,21.93,51.43,45.18,16.8,13.0,1.9,27.38,3.53,3.27,NA,5.05,2.78,4.93,NA,NA,NA,NA,NA,NA,NA,NA,NA
2026-06-05 20:00:00,72.25,187.75,20.73,37.8,36.7,12.35,13.33,2.53,20.38,3.56,3.22,NA,5.12,2.7,5.18,NA,NA,NA,NA,NA,NA,NA,NA,NA
2026-06-05 21:00:00,86.25,231.25,20.93,43.68,40.28,17.05,14.2,2.75,20.18,2.21,2.18,NA,3.77,3.15,2.29,NA,NA,NA,NA,NA,NA,NA,NA,NA
2026-06-05 22:00:00,89.0,226.5,20.23,45.58,40.7,16.43,14.33,2.95,19.88,1.7,1.81,NA,3.3,3.2,1.48,NA,NA,NA,NA,NA,NA,NA,NA,NA
2026-06-05 23:00:00,99.0,232.0,20.7,47.7,42.2,17.9,14.27,2.96,19.97,1.72,1.85,NA,3.3,3.27,1.45,NA,NA,NA,NA,NA,NA,NA,NA,NA
2026-06-06 00:00:00,107.0,259.0,20.45,42.33,39.1,18.48,14.58,2.23,20.33,3.51,3.75,NA,2.81,2.87,2.46,NA,NA,NA,NA,NA,NA,NA,NA,NA
2026-06-06 01:00:00,110.75,277.25,21.2,49.43,43.53,19.2,14.6,2.15,20.4,3.44,3.77,NA,2.85,2.84,2.48,NA,NA,NA,NA,NA,NA,NA,NA,NA
2026-06-06 02:00:00,102.25,239.5,19.78,46.2,40.63,15.27,14.0,1.92,20.38,3.46,3.71,NA,2.83,2.85,2.45,NA,NA,NA,NA,NA,NA,NA,NA,NA
2026-06-06 03:00:00,90.25,196.25,19.65,43.75,39.23,16.28,13.65,1.69,20.1,3.5,3.76,NA,2.83,2.86,2.44,NA,NA,NA,NA,NA,NA,NA,NA,NA
2026-06-06 04:00:00,87.5,170.0,19.5,47.73,41.25,15.85,14.58,1.8,20.08,3.49,3.76,NA,2.81,2.84,2.48,NA,NA,NA,NA,NA,NA,NA,NA,NA
2026-06-06 05:00:00,92.5,192.0,20.48,51.15,43.88,18.18,15.0,1.97,20.1,3.44,3.77,NA,2.83,2.88,2.47,NA,NA,NA,NA,NA,NA,NA,NA,NA
2026-06-06 06:00:00,100.25,207.0,20.18,51.43,43.75,19.28,14.98,1.88,19.93,3.42,3.74,NA,2.87,2.83,2.46,NA,NA,NA,NA,NA,NA,NA,NA,NA
2026-06-06 07:00:00,114.5,233.75,19.38,48.2,41.35,18.58,16.35,1.55,19.93,3.48,3.78,NA,2.85,2.9,2.48,NA,NA,NA,NA,NA,NA,NA,NA,NA
2026-06-06 08:00:00,81.25,174.0,22.45,62.8,51.7,18.83,9.68,1.26,19.68,5.6,5.62,NA,3.69,4.94,2.96,NA,NA,NA,NA,NA,NA,NA,NA,NA
2026-06-06 09:00:00,60.25,146.5,18.98,37.93,35.6,14.63,5.63,0.92,19.45,5.43,5.61,NA,3.71,4.97,2.94,NA,NA,NA,NA,NA,NA,NA,NA,NA
2026-06-06 10:00:00,42.5,140.5,18.95,44.25,38.93,17.33,5.65,0.83,20.18,5.39,5.61,NA,3.71,4.99,2.96,NA,NA,NA,NA,NA,NA,NA,NA,NA
2026-06-06 11:00:00,33.5,154.5,18.9,46.78,40.28,15.18,4.9,0.82,19.95,5.44,5.63,NA,3.58,5.03,2.93,NA,NA,NA,NA,NA,NA,NA,NA,NA
2026-06-06 12:00:00,35.0,166.75,17.93,40.7,36.23,15.93,6.73,1.19,24.6,5.42,5.52,NA,3.71,4.99,2.95,NA,NA,NA,NA,NA,NA,NA,NA,NA
2026-06-06 13:00:00,37.75,163.5,20.48,50.5,43.53,18.93,8.2,1.2,29.93,4.29,4.21,NA,1.79,4.27,3.66,NA,NA,NA,NA,NA,NA,NA,NA,NA
2026-06-06 14:00:00,39.25,167.75,19.53,51.18,43.1,14.4,7.55,1.14,37.2,4.21,4.23,NA,1.73,4.23,3.78,NA,NA,NA,NA,NA,NA,NA,NA,NA
2026-06-06 15:00:00,38.75,168.75,18.4,41.68,37.15,14.15,7.3,1.23,39.2,4.31,4.2,NA,1.73,4.21,3.76,NA,NA,NA,NA,NA,NA,NA,NA,NA
2026-06-06 16:00:00,42.25,171.25,18.43,39.43,35.93,14.8,8.58,1.12,46.25,4.21,4.23,NA,1.8,4.18,3.78,NA,NA,NA,NA,NA,NA,NA,NA,NA
2026-06-06 17:00:00,42.25,163.0,19.6,50.98,43.03,15.83,9.1,1.12,44.23,4.25,4.14,NA,1.83,4.22,3.78,NA,NA,NA,NA,NA,NA,NA,NA,NA
2026-06-06 18:00:00,41.0,257.5,17.75,39.23,35.28,14.95,8.48,1.1,31.18,3.82,3.55,NA,4.28,3.2,4.98,NA,NA,NA,NA,NA,NA,NA,NA,NA
2026-06-06 19:00:00,30.25,248.25,18.95,46.28,40.05,15.3,7.53,1.31,24.05,3.57,3.21,NA,5.22,2.72,5.41,NA,NA,NA,NA,NA,NA,NA,NA,NA
2026-06-06 20:00:00,33.25,167.25,19.23,48.08,41.2,15.35,15.23,1.4,21.75,3.55,3.22,NA,5.14,2.8,5.2,NA,NA,NA,NA,NA,NA,NA,NA,NA
2026-06-06 21:00:00,36.25,155.75,19.43,50.08,42.43,15.9,18.43,1.37,26.43,2.16,2.2,NA,3.75,3.17,2.32,NA,NA,NA,NA,NA,NA,NA,NA,NA
2026-06-06 22:00:00,26.75,87.25,18.35,44.38,38.55,16.38,18.05,1.2,27.38,1.73,1.78,NA,3.33,3.29,1.5,NA,NA,NA,NA,NA,NA,NA,NA,NA
2026-06-06 23:00:00,24.0,70.33,19.07,51.5,42.87,16.2,17.87,1.15,25.63,1.69,1.83,NA,3.25,3.29,1.43,NA,NA,NA,NA,NA,NA,NA,NA,NA
2026-06-07 00:00:00,23.0,70.5,17.68,42.35,36.9,19.03,16.03,1.15,22.65,3.5,3.72,NA,2.82,2.84,2.45,NA,NA,NA,NA,NA,NA,NA,NA,NA
2026-06-07 01:00:00,23.25,72.75,19.5,55.88,45.57,17.53,15.1,1.14,20.28,3.44,3.72,NA,2.84,2.85,2.43,NA,NA,NA,NA,NA,NA,NA,NA,NA
2026-06-07 02:00:00,23.5,72.5,20.1,53.75,44.93,16.83,14.95,1.06,22.58,3.46,3.84,NA,2.85,2.87,2.47,NA,NA,NA,NA,NA,NA,NA,NA,NA
2026-06-07 03:00:00,22.25,65.75,18.78,42.1,37.68,14.88,15.03,1.04,21.0,3.38,3.77,NA,2.82,2.84,2.46,NA,NA,NA,NA,NA,NA,NA,NA,NA
2026-06-07 04:00:00,23.5,69.25,18.18,39.25,35.65,16.68,18.8,1.19,19.92,3.47,3.75,NA,2.84,2.84,2.45,NA,NA,NA,NA,NA,NA,NA,NA,NA
2026-06-07 05:00:00,23.25,70.0,18.95,48.43,41.15,17.9,20.68,1.21,20.45,3.47,3.76,NA,2.83,2.84,2.46,NA,NA,NA,NA,NA,NA,NA,NA,NA
2026-06-07 06:00:00,23.25,67.75,17.2,36.28,33.3,13.73,21.18,1.25,20.3,3.51,3.75,NA,2.8,2.83,2.47,NA,NA,NA,NA,NA,NA,NA,NA,NA
2026-06-07 07:00:00,23.75,68.5,20.6,62.25,49.85,20.43,21.25,1.2,21.65,3.39,3.75,NA,2.84,2.83,2.45,NA,NA,NA,NA,NA,NA,NA,NA,NA
2026-06-07 08:00:00,26.25,76.5,22.95,59.5,50.3,18.83,19.28,1.17,23.45,5.55,5.46,NA,3.69,5.0,2.96,NA,NA,NA,NA,NA,NA,NA,NA,NA
2026-06-07 09:00:00,41.75,115.0,16.23,20.18,23.9,8.2,19.55,1.26,28.23,5.33,5.55,NA,3.7,4.9,2.96,NA,NA,NA,NA,NA,NA,NA,NA,NA
2026-06-07 10:00:00,52.0,149.25,13.55,21.08,22.23,12.0,20.15,1.28,33.63,5.35,5.59,NA,3.67,5.06,2.94,NA,NA,NA,NA,NA,NA,NA,NA,NA
2026-06-07 11:00:00,42.5,157.0,15.78,43.75,36.1,15.88,18.95,1.29,39.35,5.62,5.53,NA,3.72,4.98,2.95,NA,NA,NA,NA,NA,NA,NA,NA,NA
2026-06-07 12:00:00,38.25,162.75,16.25,45.63,37.47,19.25,12.88,1.17,38.6,5.43,5.56,NA,3.6,5.03,2.92,NA,NA,NA,NA,NA,NA,NA,NA,NA
2026-06-07 13:00:00,39.0,181.75,16.33,42.45,35.85,20.3,9.7,1.15,41.9,4.21,4.27,NA,1.71,4.21,3.72,NA,NA,NA,NA,NA,NA,NA,NA,NA
2026-06-07 14:00:00,38.25,186.0,18.85,59.68,47.1,20.05,9.68,1.07,43.95,4.25,4.16,NA,1.83,4.16,3.77,NA,NA,NA,NA,NA,NA,NA,NA,NA
2026-06-07 15:00:00,33.5,166.75,17.65,47.45,39.58,16.8,8.83,1.05,42.23,4.26,4.15,NA,1.82,4.12,3.8,NA,NA,NA,NA,NA,NA,NA,NA,NA
2026-06-07 16:00:00,34.0,167.25,17.8,48.98,40.5,18.0,16.63,1.06,40.85,4.27,4.21,NA,1.82,4.22,3.72,NA,NA,NA,NA,NA,NA,NA,NA,NA
2026-06-07 17:00:00,30.0,147.0,17.63,44.93,38.23,18.0,20.68,1.11,37.2,4.27,4.21,NA,1.8,4.13,3.72,NA,NA,NA,NA,NA,NA,NA,NA,NA
2026-06-07 18:00:00,30.5,123.5,18.73,47.33,40.4,18.15,19.88,1.35,27.2,3.76,3.49,NA,4.24,3.11,4.68,NA,NA,NA,NA,NA,NA,NA,NA,NA
2026-06-07 19:00:00,34.25,146.25,19.13,52.48,43.47,18.55,19.68,1.6,25.65,3.55,3.22,NA,5.08,2.8,5.2,NA,NA,NA,NA,NA,NA,NA,NA,NA
2026-06-07 20:00:00,27.25,176.0,15.75,34.8,31.33,15.43,17.18,1.15,31.6,3.61,3.22,NA,5.13,2.81,5.08,NA,NA,NA,NA,NA,NA,NA,NA,NA
2026-06-07 21:00:00,25.75,98.0,16.9,44.73,37.53,17.85,15.85,1.43,24.4,2.2,2.17,NA,3.76,3.21,2.36,NA,NA,NA,NA,NA,NA,NA,NA,NA
2026-06-07 22:00:00,29.75,107.0,16.83,46.38,38.33,19.15,15.78,1.27,28.28,1.71,1.84,NA,3.27,3.44,1.48,NA,NA,NA,NA,NA,NA,NA,NA,NA
2026-06-07 23:00:00,27.0,89.33,16.3,44.53,36.93,16.1,15.6,1.12,30.07,1.74,1.84,NA,3.24,3.35,1.43,NA,NA,NA,NA,NA,NA,NA,NA,NA
2026-06-08 00:00:00,23.75,73.5,15.98,44.68,36.75,15.58,8.83,1.11,23.55,3.47,3.71,NA,2.83,2.84,2.46,NA,NA,NA,NA,NA,NA,NA,NA,NA
2026-06-08 01:00:00,26.75,106.25,15.7,44.83,36.58,18.13,5.38,1.09,21.85,3.53,3.72,NA,2.83,2.79,2.47,NA,NA,NA,NA,NA,NA,NA,NA,NA
2026-06-08 02:00:00,29.0,182.0,14.95,45.63,36.43,17.83,5.4,1.07,22.2,3.45,3.77,NA,2.84,2.85,2.45,NA,NA,NA,NA,NA,NA,NA,NA,NA
2026-06-08 03:00:00,26.25,141.25,14.83,46.25,36.65,19.18,4.88,0.99,28.33,3.49,3.73,NA,2.84,2.84,2.48,NA,NA,NA,NA,NA,NA,NA,NA,NA
2026-06-08 04:00:00,22.25,80.0,15.23,48.53,38.18,17.68,14.08,1.04,31.03,3.42,3.75,NA,2.84,2.85,2.45,NA,NA,NA,NA,NA,NA,NA,NA,NA
2026-06-08 05:00:00,22.0,81.75,14.73,45.08,35.93,17.0,18.5,1.12,24.65,3.54,3.75,NA,2.85,2.84,2.45,NA,NA,NA,NA,NA,NA,NA,NA,NA
2026-06-08 06:00:00,26.0,94.5,18.65,60.53,47.33,20.43,18.73,1.14,22.45,3.57,3.81,NA,2.84,2.84,2.4,NA,NA,NA,NA,NA,NA,NA,NA,NA
2026-06-08 07:00:00,26.5,92.5,19.65,62.9,49.4,19.73,19.23,1.17,23.55,3.48,3.73,NA,2.83,2.88,2.43,NA,NA,NA,NA,NA,NA,NA,NA,NA
2026-06-08 08:00:00,27.25,97.75,19.73,46.05,40.53,12.8,17.53,1.12,25.55,5.45,5.52,NA,3.68,4.98,2.98,NA,NA,NA,NA,NA,NA,NA,NA,NA
2026-06-08 09:00:00,31.75,114.5,14.6,18.55,21.75,13.95,17.33,1.17,30.3,5.53,5.59,NA,3.64,5.09,2.93,NA,NA,NA,NA,NA,NA,NA,NA,NA
2026-06-08 10:00:00,34.75,125.25,21.05,60.45,49.3,19.13,18.35,1.15,36.4,5.32,5.66,NA,3.61,4.88,2.98,NA,NA,NA,NA,NA,NA,NA,NA,NA
2026-06-08 11:00:00,33.0,128.5,17.3,33.68,32.0,12.6,17.98,1.11,42.75,5.47,5.56,NA,3.72,4.93,2.93,NA,NA,NA,NA,NA,NA,NA,NA,NA
2026-06-08 12:00:00,34.0,147.5,17.03,39.48,34.83,14.38,12.65,1.12,45.05,5.52,5.58,NA,3.72,5.05,2.96,NA,NA,NA,NA,NA,NA,NA,NA,NA
2026-06-08 13:00:00,38.0,163.5,17.1,39.25,34.78,15.7,10.35,1.15,45.8,4.4,4.27,NA,1.85,4.22,3.87,NA,NA,NA,NA,NA,NA,NA,NA,NA
2026-06-08 14:00:00,37.25,164.75,17.95,44.58,38.3,14.75,9.9,1.09,48.95,4.29,4.21,NA,1.77,4.14,3.74,NA,NA,NA,NA,NA,NA,NA,NA,NA
2026-06-08 15:00:00,33.25,150.75,16.8,38.38,34.05,14.4,9.6,1.11,50.03,4.29,4.25,NA,1.8,4.18,3.71,NA,NA,NA,NA,NA,NA,NA,NA,NA
2026-06-08 16:00:00,30.5,135.5,18.0,47.95,40.15,17.25,6.75,1.16,52.85,4.34,4.23,NA,1.84,4.24,3.82,NA,NA,NA,NA,NA,NA,NA,NA,NA
2026-06-08 17:00:00,24.75,107.5,18.08,48.65,40.58,16.0,5.08,1.21,54.78,4.22,4.19,NA,1.85,4.22,3.82,NA,NA,NA,NA,NA,NA,NA,NA,NA
2026-06-08 18:00:00,29.25,109.0,18.53,48.68,40.93,17.35,4.88,1.39,45.68,3.77,3.51,NA,4.3,3.15,4.78,NA,NA,NA,NA,NA,NA,NA,NA,NA
2026-06-08 19:00:00,35.75,121.5,19.6,49.95,42.5,21.28,5.13,2.42,21.45,3.58,3.2,NA,5.16,2.74,5.2,NA,NA,NA,NA,NA,NA,NA,NA,NA
2026-06-08 20:00:00,49.75,171.25,20.1,50.08,43.0,18.55,8.95,2.91,19.8,3.6,3.26,NA,5.01,2.78,5.16,NA,NA,NA,NA,NA,NA,NA,NA,NA
2026-06-08 21:00:00,66.5,213.5,20.0,48.38,42.0,20.4,11.53,3.2,19.45,2.19,2.2,NA,3.79,3.18,2.39,NA,NA,NA,NA,NA,NA,NA,NA,NA
2026-06-08 22:00:00,68.0,215.0,20.13,61.58,49.13,19.73,11.43,2.19,19.73,1.75,1.78,NA,3.33,3.39,1.46,NA,NA,NA,NA,NA,NA,NA,NA,NA
2026-06-08 23:00:00,54.67,158.67,19.17,49.33,41.8,18.9,10.6,1.61,20.23,1.73,1.84,NA,3.32,3.44,1.49,NA,NA,NA,NA,NA,NA,NA,NA,NA
2026-06-09 00:00:00,35.75,122.75,17.53,43.5,37.38,17.53,6.88,1.13,21.3,3.39,3.77,NA,2.85,2.86,2.42,NA,NA,NA,NA,NA,NA,NA,NA,NA
2026-06-09 01:00:00,29.25,105.0,19.0,52.43,43.33,18.28,5.7,0.94,23.28,3.48,3.74,NA,2.84,2.83,2.48,NA,NA,NA,NA,NA,NA,NA,NA,NA
2026-06-09 02:00:00,31.5,100.0,19.0,51.03,42.58,17.73,5.4,0.82,22.7,3.51,3.8,NA,2.83,2.82,2.45,NA,NA,NA,NA,NA,NA,NA,NA,NA
2026-06-09 03:00:00,32.0,96.25,16.65,36.48,32.98,14.53,5.18,0.82,23.35,3.46,3.8,NA,2.82,2.84,2.47,NA,NA,NA,NA,NA,NA,NA,NA,NA
2026-06-09 04:00:00,31.75,90.75,17.08,43.4,37.0,16.88,13.38,1.17,20.28,3.4,3.77,NA,2.84,2.82,2.43,NA,NA,NA,NA,NA,NA,NA,NA,NA
2026-06-09 05:00:00,35.25,104.5,18.55,47.25,40.18,17.93,17.63,1.24,20.3,3.41,3.73,NA,2.82,2.86,2.45,NA,NA,NA,NA,NA,NA,NA,NA,NA
2026-06-09 06:00:00,36.0,115.5,20.53,61.98,49.68,19.5,18.48,1.21,21.42,3.46,3.73,NA,2.82,2.84,2.46,NA,NA,NA,NA,NA,NA,NA,NA,NA
2026-06-09 07:00:00,30.75,114.0,22.4,60.35,50.33,16.18,18.33,1.13,23.9,3.43,3.74,NA,2.82,2.85,2.44,NA,NA,NA,NA,NA,NA,NA,NA,NA
2026-06-09 08:00:00,30.5,117.5,22.65,57.55,49.05,17.4,13.2,1.11,25.15,5.48,5.5,NA,3.7,4.97,2.96,NA,NA,NA,NA,NA,NA,NA,NA,NA
2026-06-09 09:00:00,33.25,128.0,20.5,42.03,39.0,12.9,11.95,1.24,29.38,5.45,5.54,NA,3.61,4.91,2.96,NA,NA,NA,NA,NA,NA,NA,NA,NA
2026-06-09 10:00:00,37.25,152.5,22.98,55.85,48.35,13.73,12.95,1.2,34.63,5.49,5.56,NA,3.69,4.98,2.97,NA,NA,NA,NA,NA,NA,NA,NA,NA
2026-06-09 11:00:00,33.75,129.5,18.6,28.03,30.03,11.95,13.85,1.17,49.97,5.39,5.51,NA,3.69,5.04,2.94,NA,NA,NA,NA,NA,NA,NA,NA,NA
2026-06-09 12:00:00,34.0,126.75,20.98,46.73,41.9,15.13,18.88,1.17,57.83,5.6,5.51,NA,3.75,5.01,2.95,NA,NA,NA,NA,NA,NA,NA,NA,NA
2026-06-09 13:00:00,36.75,140.5,21.13,48.73,43.1,15.65,20.48,1.17,64.5,4.18,4.25,NA,1.77,4.17,3.82,NA,NA,NA,NA,NA,NA,NA,NA,NA
2026-06-09 14:00:00,35.75,133.5,20.55,45.4,40.85,12.28,20.15,1.19,66.43,4.4,4.21,NA,1.77,4.17,3.87,NA,NA,NA,NA,NA,NA,NA,NA,NA
2026-06-09 15:00:00,37.0,137.75,18.68,33.75,33.15,12.83,21.18,1.15,74.65,4.4,4.18,NA,1.8,4.16,3.7,NA,NA,NA,NA,NA,NA,NA,NA,NA
2026-06-09 16:00:00,40.0,143.5,22.73,50.73,45.4,14.68,14.6,1.11,68.78,4.12,4.15,NA,1.8,4.23,3.78,NA,NA,NA,NA,NA,NA,NA,NA,NA
2026-06-09 17:00:00,40.0,255.25,16.3,23.5,25.75,10.28,4.63,1.17,48.53,4.26,4.28,NA,1.74,4.23,3.67,NA,NA,NA,NA,NA,NA,NA,NA,NA
2026-06-09 18:00:00,51.5,588.5,17.55,41.45,36.3,16.08,17.1,1.08,43.93,3.8,3.51,NA,4.24,3.14,4.87,NA,NA,NA,NA,NA,NA,NA,NA,NA
2026-06-09 19:00:00,38.0,486.25,16.22,37.4,33.08,14.73,15.98,1.03,58.88,3.52,3.18,NA,5.03,2.78,5.07,NA,NA,NA,NA,NA,NA,NA,NA,NA
2026-06-09 20:00:00,19.0,162.0,18.58,50.98,42.23,19.8,18.15,1.19,48.9,3.63,3.23,NA,5.16,2.83,5.04,NA,NA,NA,NA,NA,NA,NA,NA,NA
2026-06-09 21:00:00,15.75,64.75,18.83,50.4,42.13,17.23,19.83,1.19,41.33,2.19,2.13,NA,3.82,3.15,2.38,NA,NA,NA,NA,NA,NA,NA,NA,NA
2026-06-09 22:00:00,19.0,64.0,21.33,59.53,49.0,17.83,19.5,1.14,46.75,1.71,1.85,NA,3.3,3.34,1.45,NA,NA,NA,NA,NA,NA,NA,NA,NA
2026-06-09 23:00:00,19.33,128.33,19.0,41.7,37.6,14.23,18.2,0.99,57.63,1.73,1.81,NA,3.3,3.29,1.45,NA,NA,NA,NA,NA,NA,NA,NA,NA
2026-06-10 00:00:00,17.5,102.75,18.38,42.32,37.43,15.7,14.13,1.03,55.43,3.49,3.78,NA,2.85,2.88,2.45,NA,NA,NA,NA,NA,NA,NA,NA,NA
2026-06-10 01:00:00,11.75,66.75,15.93,30.75,29.3,12.98,11.68,1.08,39.08,3.53,3.76,NA,2.84,2.83,2.49,NA,NA,NA,NA,NA,NA,NA,NA,NA
2026-06-10 02:00:00,18.25,63.5,17.45,40.55,35.78,17.18,11.88,1.18,26.13,3.45,3.75,NA,2.82,2.83,2.47,NA,NA,NA,NA,NA,NA,NA,NA,NA
2026-06-10 03:00:00,19.75,80.5,18.03,45.03,38.6,18.35,11.15,1.15,22.48,3.55,3.79,NA,2.84,2.84,2.44,NA,NA,NA,NA,NA,NA,NA,NA,NA
2026-06-10 04:00:00,24.75,82.75,16.93,40.05,35.08,17.43,11.18,1.1,21.95,3.43,3.73,NA,2.84,2.85,2.46,NA,NA,NA,NA,NA,NA,NA,NA,NA
2026-06-10 05:00:00,27.5,84.25,18.55,47.6,40.4,17.43,11.1,1.2,19.45,3.51,3.73,NA,2.83,2.85,2.46,NA,NA,NA,NA,NA,NA,NA,NA,NA
2026-06-10 06:00:00,37.25,121.5,23.7,70.5,56.73,21.45,11.35,1.59,19.6,3.46,3.78,NA,2.85,2.86,2.44,NA,NA,NA,NA,NA,NA,NA,NA,NA
2026-06-10 07:00:00,43.25,141.25,24.1,68.5,56.03,21.1,11.98,1.66,20.25,3.43,3.76,NA,2.81,2.86,2.5,NA,NA,NA,NA,NA,NA,NA,NA,NA
2026-06-10 08:00:00,37.75,129.75,15.1,19.88,21.48,6.73,22.73,1.08,26.35,5.62,5.62,NA,3.65,5.08,2.95,NA,NA,NA,NA,NA,NA,NA,NA,NA
2026-06-10 09:00:00,32.5,129.75,16.75,37.03,33.3,16.73,28.7,1.09,27.73,5.48,5.54,NA,3.73,4.96,2.92,NA,NA,NA,NA,NA,NA,NA,NA,NA
2026-06-10 10:00:00,33.0,147.75,18.48,52.0,42.7,18.4,29.43,1.05,27.45,5.47,5.64,NA,3.69,4.97,2.95,NA,NA,NA,NA,NA,NA,NA,NA,NA
2026-06-10 11:00:00,32.75,165.5,19.95,52.6,44.2,18.2,29.28,0.98,27.7,5.4,5.54,NA,3.66,4.81,2.93,NA,NA,NA,NA,NA,NA,NA,NA,NA
2026-06-10 12:00:00,31.75,170.5,17.2,40.4,35.5,14.63,23.63,1.16,27.68,5.56,5.61,NA,3.67,4.93,2.97,NA,NA,NA,NA,NA,NA,NA,NA,NA
2026-06-10 13:00:00,32.5,168.5,19.58,54.75,45.03,17.4,21.1,1.1,32.3,4.3,4.26,NA,1.79,4.15,3.68,NA,NA,NA,NA,NA,NA,NA,NA,NA
2026-06-10 14:00:00,33.25,175.75,20.78,56.03,46.65,17.75,21.33,1.12,36.4,4.44,4.18,NA,1.77,4.18,3.7,NA,NA,NA,NA,NA,NA,NA,NA,NA
2026-06-10 15:00:00,33.5,170.75,22.47,58.8,49.55,17.58,21.65,1.12,39.55,4.27,4.17,NA,1.87,4.28,3.71,NA,NA,NA,NA,NA,NA,NA,NA,NA
2026-06-10 16:00:00,30.75,156.5,21.15,48.43,42.98,11.65,14.25,1.1,43.4,4.27,4.18,NA,1.77,4.23,3.69,NA,NA,NA,NA,NA,NA,NA,NA,NA
2026-06-10 17:00:00,29.25,162.5,17.53,26.33,28.25,12.5,10.85,1.19,43.75,4.15,4.24,NA,1.79,4.17,3.72,NA,NA,NA,NA,NA,NA,NA,NA,NA
2026-06-10 18:00:00,34.75,193.5,18.6,41.6,37.28,15.28,10.95,1.39,37.18,3.72,3.5,NA,4.33,3.11,4.8,NA,NA,NA,NA,NA,NA,NA,NA,NA
2026-06-10 19:00:00,40.0,212.25,18.88,41.73,37.55,13.5,10.65,2.06,22.08,3.64,3.26,NA,5.11,2.83,5.17,NA,NA,NA,NA,NA,NA,NA,NA,NA
2026-06-10 20:00:00,49.75,226.25,20.13,48.7,42.25,18.2,22.73,2.58,21.03,3.54,3.25,NA,5.04,2.79,4.9,NA,NA,NA,NA,NA,NA,NA,NA,NA
2026-06-10 21:00:00,67.75,264.0,21.03,54.63,46.15,19.88,29.3,2.27,20.93,2.19,2.15,NA,3.77,3.17,2.41,NA,NA,NA,NA,NA,NA,NA,NA,NA
2026-06-10 22:00:00,63.0,213.5,20.05,46.13,40.85,16.5,29.18,1.95,19.6,1.71,1.84,NA,3.29,3.21,1.5,NA,NA,NA,NA,NA,NA,NA,NA,NA
2026-06-10 23:00:00,52.33,192.0,18.97,40.9,37.17,17.7,28.87,2.0,19.7,1.73,1.81,NA,3.28,3.29,1.49,NA,NA,NA,NA,NA,NA,NA,NA,NA
2026-06-11 00:00:00,44.25,167.75,20.88,54.15,45.75,20.18,27.5,1.48,19.6,3.43,3.77,NA,2.82,2.86,2.48,NA,NA,NA,NA,NA,NA,NA,NA,NA
2026-06-11 01:00:00,34.75,135.25,18.93,41.93,37.68,15.95,25.85,1.04,19.5,3.47,3.76,NA,2.82,2.83,2.47,NA,NA,NA,NA,NA,NA,NA,NA,NA
2026-06-11 02:00:00,27.75,113.0,19.28,43.93,39.05,17.23,26.05,0.86,19.78,3.45,3.7,NA,2.81,2.85,2.47,NA,NA,NA,NA,NA,NA,NA,NA,NA
2026-06-11 03:00:00,25.75,99.5,18.83,46.9,40.25,18.08,25.68,0.82,19.35,3.38,3.82,NA,2.82,2.9,2.46,NA,NA,NA,NA,NA,NA,NA,NA,NA
2026-06-11 04:00:00,21.75,81.75,19.85,53.15,44.45,19.98,16.7,1.15,19.65,3.53,3.77,NA,2.83,2.86,2.43,NA,NA,NA,NA,NA,NA,NA,NA,NA
2026-06-11 05:00:00,24.0,82.5,18.65,47.88,40.6,16.45,12.88,1.24,19.28,3.52,3.72,NA,2.85,2.84,2.45,NA,NA,NA,NA,NA,NA,NA,NA,NA
2026-06-11 06:00:00,31.75,126.25,20.55,59.83,48.5,20.63,12.83,1.3,19.5,3.45,3.74,NA,2.84,2.84,2.48,NA,NA,NA,NA,NA,NA,NA,NA,NA
2026-06-11 07:00:00,33.0,95.0,26.08,81.15,64.38,23.43,13.88,1.34,19.28,3.53,3.79,NA,2.83,2.85,2.44,NA,NA,NA,NA,NA,NA,NA,NA,NA
2026-06-11 08:00:00,31.25,112.5,22.28,51.88,45.7,15.13,13.73,1.23,19.03,5.39,5.55,NA,3.71,4.94,2.98,NA,NA,NA,NA,NA,NA,NA,NA,NA
2026-06-11 09:00:00,37.75,194.75,20.05,36.08,35.48,12.58,13.93,1.21,19.35,5.38,5.5,NA,3.69,4.94,2.98,NA,NA,NA,NA,NA,NA,NA,NA,NA
2026-06-11 10:00:00,35.5,115.25,19.08,38.8,36.13,13.88,15.03,1.35,19.73,5.54,5.47,NA,3.71,4.9,2.94,NA,NA,NA,NA,NA,NA,NA,NA,NA
2026-06-11 11:00:00,35.25,97.75,18.18,35.33,33.53,11.75,18.83,1.33,19.33,5.53,5.63,NA,3.67,4.96,2.94,NA,NA,NA,NA,NA,NA,NA,NA,NA
2026-06-11 12:00:00,36.0,97.75,19.25,44.78,39.45,16.23,21.65,1.3,19.95,5.59,5.53,NA,3.64,4.85,2.96,NA,NA,NA,NA,NA,NA,NA,NA,NA
2026-06-11 13:00:00,32.5,106.0,21.68,57.65,48.25,18.3,19.35,1.26,22.6,4.24,4.23,NA,1.8,4.22,3.77,NA,NA,NA,NA,NA,NA,NA,NA,NA
2026-06-11 14:00:00,26.75,105.75,22.25,60.8,50.43,19.55,18.58,1.26,25.9,4.27,4.14,NA,1.8,4.24,3.85,NA,NA,NA,NA,NA,NA,NA,NA,NA
2026-06-11 15:00:00,28.0,101.0,20.53,39.9,37.93,12.58,17.65,1.29,32.63,4.37,4.25,NA,1.73,4.21,3.78,NA,NA,NA,NA,NA,NA,NA,NA,NA
2026-06-11 16:00:00,27.25,96.5,17.83,28.67,29.75,13.8,16.3,1.31,38.93,4.39,4.26,NA,1.89,4.16,3.78,NA,NA,NA,NA,NA,NA,NA,NA,NA
2026-06-11 17:00:00,28.5,100.25,17.43,32.5,31.45,14.18,15.4,1.52,35.43,4.22,4.25,NA,1.83,4.14,3.87,NA,NA,NA,NA,NA,NA,NA,NA,NA
2026-06-11 18:00:00,26.25,90.0,19.08,44.9,39.4,17.95,15.43,1.58,30.0,3.72,3.44,NA,4.24,3.12,4.68,NA,NA,NA,NA,NA,NA,NA,NA,NA
2026-06-11 19:00:00,26.25,92.0,18.8,47.28,40.43,14.08,15.25,1.64,29.78,3.58,3.19,NA,5.1,2.72,5.21,NA,NA,NA,NA,NA,NA,NA,NA,NA
2026-06-11 20:00:00,36.0,101.0,17.93,43.0,37.43,14.75,25.53,1.46,27.75,3.55,3.26,NA,5.12,2.7,5.11,NA,NA,NA,NA,NA,NA,NA,NA,NA
2026-06-11 21:00:00,35.75,94.5,17.58,39.25,35.18,14.63,30.4,1.4,27.43,2.2,2.21,NA,3.75,3.12,2.54,NA,NA,NA,NA,NA,NA,NA,NA,NA
2026-06-11 22:00:00,42.0,96.0,18.58,47.8,40.53,17.5,30.7,1.24,25.55,1.71,1.82,NA,3.27,3.3,1.48,NA,NA,NA,NA,NA,NA,NA,NA,NA
2026-06-11 23:00:00,34.33,74.33,19.53,55.37,45.37,16.27,31.2,1.06,27.43,1.71,1.8,NA,3.3,3.34,1.49,NA,NA,NA,NA,NA,NA,NA,NA,NA
2026-06-12 00:00:00,21.25,42.0,17.7,39.45,35.38,14.25,24.78,1.11,22.05,3.46,3.78,NA,2.83,2.86,2.46,NA,NA,NA,NA,NA,NA,NA,NA,NA
2026-06-12 01:00:00,8.5,9.75,14.95,28.6,27.35,13.2,22.0,1.08,21.95,3.48,3.75,NA,2.82,2.84,2.47,NA,NA,NA,NA,NA,NA,NA,NA,NA
2026-06-12 02:00:00,22.67,33.25,16.83,43.88,37.0,16.0,22.35,1.07,22.35,3.46,3.76,NA,2.79,2.82,2.47,NA,NA,NA,NA,NA,NA,NA,NA,NA
2026-06-12 03:00:00,19.0,45.25,17.03,43.43,36.95,18.55,21.85,1.06,21.28,3.47,3.78,NA,2.83,2.84,2.43,NA,NA,NA,NA,NA,NA,NA,NA,NA
2026-06-12 04:00:00,15.25,48.5,17.13,49.03,40.0,17.68,20.75,1.03,20.9,3.42,3.76,NA,2.85,2.82,2.42,NA,NA,NA,NA,NA,NA,NA,NA,NA
2026-06-12 05:00:00,12.75,44.0,17.83,53.28,42.83,20.1,19.75,1.1,21.95,3.42,3.76,NA,2.82,2.88,2.48,NA,NA,NA,NA,NA,NA,NA,NA,NA
2026-06-12 06:00:00,11.5,36.5,21.28,69.78,54.38,21.85,19.88,1.19,20.98,3.43,3.79,NA,2.83,2.87,2.47,NA,NA,NA,NA,NA,NA,NA,NA,NA
2026-06-12 07:00:00,16.0,35.75,24.8,80.73,63.1,22.75,21.03,1.24,21.63,3.38,3.75,NA,2.84,2.87,2.47,NA,NA,NA,NA,NA,NA,NA,NA,NA
2026-06-12 08:00:00,16.25,39.0,23.2,51.35,46.18,14.2,12.43,1.27,22.35,5.32,5.49,NA,3.66,5.08,2.95,NA,NA,NA,NA,NA,NA,NA,NA,NA
2026-06-12 09:00:00,21.0,59.25,16.98,23.65,26.38,11.1,8.65,1.44,22.28,5.49,5.6,NA,3.71,4.93,2.96,NA,NA,NA,NA,NA,NA,NA,NA,NA
2026-06-12 10:00:00,23.75,70.0,20.43,52.75,44.68,15.85,8.9,1.45,24.6,5.39,5.53,NA,3.72,4.94,2.99,NA,NA,NA,NA,NA,NA,NA,NA,NA
2026-06-12 11:00:00,21.75,64.5,20.23,47.83,41.88,15.88,9.08,1.39,28.1,NA,NA,NA,NA,NA,NA,NA,NA,NA,NA,NA,NA,NA,NA,NA
2026-06-12 12:00:00,26.0,79.75,19.28,42.4,38.23,13.85,19.0,1.25,NA,NA,NA,NA,NA,NA,NA,NA,NA,NA,NA,NA,NA,NA,NA,NA
2026-06-12 13:00:00,40.0,67.0,21.58,55.35,47.0,15.55,25.13,1.26,26.1,4.21,4.23,NA,1.76,4.3,3.79,NA,NA,NA,NA,NA,NA,NA,NA,NA
2026-06-12 14:00:00,92.0,127.0,20.53,44.9,40.55,13.83,24.75,NA,29.98,4.34,4.17,NA,1.77,4.26,3.72,NA,NA,NA,NA,NA,NA,NA,NA,NA
2026-06-12 15:00:00,13.33,25.5,20.7,43.6,40.0,13.73,24.75,NA,33.53,4.22,4.2,NA,1.82,4.21,3.9,NA,NA,NA,NA,NA,NA,NA,NA,NA
2026-06-12 16:00:00,29.5,67.25,21.03,43.38,40.2,13.75,14.5,1.33,31.23,4.27,4.17,NA,1.81,4.19,3.81,NA,NA,NA,NA,NA,NA,NA,NA,NA
2026-06-12 17:00:00,32.75,73.0,21.83,48.48,43.53,15.67,9.7,1.48,28.1,4.27,4.18,NA,1.75,4.17,3.81,NA,NA,NA,NA,NA,NA,NA,NA,NA
2026-06-12 18:00:00,32.0,76.25,20.3,39.03,37.3,14.48,10.4,1.59,24.5,3.78,3.44,NA,4.19,3.21,4.76,NA,NA,NA,NA,NA,NA,NA,NA,NA
2026-06-12 19:00:00,31.5,82.0,20.5,46.43,41.38,16.53,10.88,1.91,20.33,3.54,3.23,NA,5.03,2.73,5.1,NA,NA,NA,NA,NA,NA,NA,NA,NA
2026-06-12 20:00:00,34.0,85.67,20.77,46.83,41.73,14.4,15.73,1.47,19.75,3.56,3.16,NA,5.06,2.77,5.14,NA,NA,NA,NA,NA,NA,NA,NA,NA
2026-06-12 21:00:00,35.25,84.75,20.75,47.1,41.95,15.63,18.25,1.54,19.9,2.19,2.13,NA,3.72,3.21,2.39,NA,NA,NA,NA,NA,NA,NA,NA,NA
2026-06-12 22:00:00,35.5,84.75,19.9,42.83,38.95,15.43,18.08,1.44,18.8,1.71,1.8,NA,3.29,3.32,1.48,NA,NA,NA,NA,NA,NA,NA,NA,NA
2026-06-12 23:00:00,40.0,86.33,18.8,39.1,36.1,12.33,18.2,1.27,18.33,1.71,1.82,NA,3.29,3.32,1.49,NA,NA,NA,NA,NA,NA,NA,NA,NA
2026-06-13 00:00:00,36.0,142.75,19.88,46.23,40.75,14.48,7.23,1.04,21.45,3.44,3.8,NA,2.83,2.87,2.42,NA,NA,NA,NA,NA,NA,NA,NA,NA
2026-06-13 01:00:00,15.0,27.25,20.68,52.33,44.65,16.75,2.08,1.05,17.48,3.52,3.76,NA,2.82,2.83,2.47,NA,NA,NA,NA,NA,NA,NA,NA,NA
2026-06-13 02:00:00,14.25,24.5,20.03,50.33,43.05,15.9,1.93,0.96,17.18,3.38,3.73,NA,2.84,2.84,2.46,NA,NA,NA,NA,NA,NA,NA,NA,NA
2026-06-13 03:00:00,35.75,48.25,19.68,46.0,40.48,15.08,1.95,0.91,17.03,3.44,3.78,NA,2.82,2.82,2.45,NA,NA,NA,NA,NA,NA,NA,NA,NA
2026-06-13 04:00:00,20.25,79.0,19.08,44.13,38.95,11.53,8.48,1.02,17.0,3.47,3.76,NA,2.83,2.83,2.43,NA,NA,NA,NA,NA,NA,NA,NA,NA
2026-06-13 05:00:00,23.5,101.5,20.18,51.1,43.58,15.35,12.33,1.04,17.3,3.44,3.76,NA,2.84,2.88,2.46,NA,NA,NA,NA,NA,NA,NA,NA,NA
2026-06-13 06:00:00,22.0,65.25,19.9,47.0,41.15,16.68,12.18,1.17,17.48,3.46,3.77,NA,2.84,2.84,2.41,NA,NA,NA,NA,NA,NA,NA,NA,NA
2026-06-13 07:00:00,24.0,66.25,21.5,59.03,48.88,18.1,12.68,1.31,17.43,3.41,3.78,NA,2.82,2.8,2.43,NA,NA,NA,NA,NA,NA,NA,NA,NA
2026-06-13 08:00:00,29.5,80.0,23.95,64.35,53.7,20.4,14.6,1.21,17.23,5.52,5.5,NA,3.71,4.97,2.96,NA,NA,NA,NA,NA,NA,NA,NA,NA
2026-06-13 09:00:00,37.75,101.25,22.58,52.83,46.45,17.43,16.05,1.25,17.68,5.49,5.52,NA,3.65,5.08,2.97,NA,NA,NA,NA,NA,NA,NA,NA,NA
2026-06-13 10:00:00,37.75,110.5,18.63,28.65,30.38,12.73,16.75,1.37,19.5,5.53,5.5,NA,3.63,4.97,2.97,NA,NA,NA,NA,NA,NA,NA,NA,NA
2026-06-13 11:00:00,44.0,112.5,21.83,51.23,44.98,16.83,16.55,1.53,19.38,5.51,5.55,NA,3.66,5.0,2.95,NA,NA,NA,NA,NA,NA,NA,NA,NA
2026-06-13 12:00:00,43.25,104.5,21.38,53.18,45.65,17.0,15.28,1.31,28.28,5.48,5.53,NA,3.71,4.91,2.94,NA,NA,NA,NA,NA,NA,NA,NA,NA
2026-06-13 13:00:00,51.25,129.25,20.55,42.75,39.48,14.1,14.85,1.3,44.18,4.29,4.25,NA,1.77,4.22,3.79,NA,NA,NA,NA,NA,NA,NA,NA,NA
2026-06-13 14:00:00,59.75,140.25,21.55,48.35,43.28,17.05,15.35,1.48,58.45,4.33,4.27,NA,1.82,4.18,3.74,NA,NA,NA,NA,NA,NA,NA,NA,NA
2026-06-13 15:00:00,63.0,153.75,21.65,49.35,43.88,15.65,15.33,1.42,72.8,4.31,4.21,NA,1.85,4.2,3.85,NA,NA,NA,NA,NA,NA,NA,NA,NA
2026-06-13 16:00:00,58.25,147.25,20.65,42.75,39.5,14.33,19.88,1.26,63.75,4.25,4.23,NA,1.71,4.2,3.88,NA,NA,NA,NA,NA,NA,NA,NA,NA
2026-06-13 17:00:00,57.5,142.5,21.5,46.38,42.1,15.38,21.93,1.24,67.83,4.3,4.24,NA,1.81,4.24,3.77,NA,NA,NA,NA,NA,NA,NA,NA,NA
2026-06-13 18:00:00,53.25,130.75,21.2,46.58,42.05,15.25,20.83,1.2,49.7,3.76,3.53,NA,4.22,3.16,4.88,NA,NA,NA,NA,NA,NA,NA,NA,NA
2026-06-13 19:00:00,45.25,121.25,21.5,46.25,42.1,16.8,19.9,1.32,31.58,3.55,3.19,NA,5.08,2.74,5.19,NA,NA,NA,NA,NA,NA,NA,NA,NA
2026-06-13 20:00:00,49.0,122.0,26.73,73.25,60.7,22.45,15.4,1.58,24.23,3.58,3.22,NA,5.09,2.8,5.22,NA,NA,NA,NA,NA,NA,NA,NA,NA
2026-06-13 21:00:00,59.25,145.25,25.58,51.1,46.93,13.5,11.95,2.11,18.18,2.2,2.17,NA,3.72,3.22,2.43,NA,NA,NA,NA,NA,NA,NA,NA,NA
2026-06-13 22:00:00,73.5,178.0,13.35,10.0,14.88,6.45,12.3,2.68,18.35,1.73,1.83,NA,3.28,3.3,1.49,NA,NA,NA,NA,NA,NA,NA,NA,NA
2026-06-13 23:00:00,78.67,184.67,17.37,36.3,33.4,18.27,12.7,2.75,18.13,1.72,1.81,NA,3.36,3.31,1.52,NA,NA,NA,NA,NA,NA,NA,NA,NA
2026-06-14 00:00:00,71.0,188.75,18.3,49.13,41.0,18.88,19.38,1.84,17.98,3.42,3.75,NA,2.83,2.88,2.46,NA,NA,NA,NA,NA,NA,NA,NA,NA
2026-06-14 01:00:00,79.5,189.25,17.85,46.9,39.48,19.33,22.38,1.67,17.8,3.42,3.81,NA,2.82,2.87,2.44,NA,NA,NA,NA,NA,NA,NA,NA,NA
2026-06-14 02:00:00,100.75,203.5,18.18,47.38,39.95,20.3,22.15,1.59,17.8,3.45,3.74,NA,2.84,2.87,2.44,NA,NA,NA,NA,NA,NA,NA,NA,NA
2026-06-14 03:00:00,89.75,197.5,19.63,56.85,46.18,22.78,22.05,1.64,17.45,3.42,3.77,NA,2.85,2.84,2.49,NA,NA,NA,NA,NA,NA,NA,NA,NA
2026-06-14 04:00:00,75.5,177.25,18.68,48.55,41.03,21.3,15.6,1.87,17.4,3.45,3.77,NA,2.82,2.87,2.45,NA,NA,NA,NA,NA,NA,NA,NA,NA
2026-06-14 05:00:00,68.0,160.75,20.13,61.88,49.28,22.98,12.1,2.08,17.48,3.49,3.74,NA,2.84,2.86,2.47,NA,NA,NA,NA,NA,NA,NA,NA,NA
2026-06-14 06:00:00,67.5,158.0,21.0,71.5,55.08,22.95,11.78,2.08,17.58,3.46,3.79,NA,2.83,2.83,2.48,NA,NA,NA,NA,NA,NA,NA,NA,NA
2026-06-14 07:00:00,75.25,168.5,21.38,73.23,56.33,20.08,11.88,1.79,17.43,3.45,3.76,NA,2.83,2.85,2.47,NA,NA,NA,NA,NA,NA,NA,NA,NA
2026-06-14 08:00:00,113.5,213.25,20.8,58.43,47.98,19.08,23.78,1.33,17.5,5.55,5.5,NA,3.7,4.99,2.96,NA,NA,NA,NA,NA,NA,NA,NA,NA
2026-06-14 09:00:00,73.5,152.5,22.18,52.25,45.83,17.2,29.48,0.98,19.13,5.43,5.54,NA,3.66,4.97,2.97,NA,NA,NA,NA,NA,NA,NA,NA,NA
2026-06-14 10:00:00,44.75,107.5,20.4,45.05,40.53,13.05,29.03,0.82,27.93,5.49,5.58,NA,3.64,5.02,2.92,NA,NA,NA,NA,NA,NA,NA,NA,NA
2026-06-14 11:00:00,39.75,107.0,23.28,57.38,49.45,16.58,29.33,0.82,32.55,5.48,5.51,NA,3.69,4.95,2.96,NA,NA,NA,NA,NA,NA,NA,NA,NA
2026-06-14 12:00:00,40.0,120.75,21.85,48.38,43.45,14.8,21.4,1.05,40.85,5.57,5.56,NA,3.59,4.86,2.95,NA,NA,NA,NA,NA,NA,NA,NA,NA
2026-06-14 13:00:00,45.0,133.0,21.55,44.03,40.93,13.28,17.08,1.0,46.55,4.16,4.18,NA,1.9,4.19,3.74,NA,NA,NA,NA,NA,NA,NA,NA,NA
2026-06-14 14:00:00,37.0,131.75,19.7,54.43,35.03,12.23,16.6,0.94,50.15,4.23,4.23,NA,1.78,4.26,3.82,NA,NA,NA,NA,NA,NA,NA,NA,NA
2026-06-14 15:00:00,36.25,139.0,16.65,28.5,28.58,12.93,16.4,0.92,57.3,4.22,4.17,NA,1.78,4.21,3.81,NA,NA,NA,NA,NA,NA,NA,NA,NA
2026-06-14 16:00:00,36.75,139.25,18.6,43.88,38.48,14.63,22.08,1.08,57.15,4.18,4.18,NA,1.81,4.1,3.73,NA,NA,NA,NA,NA,NA,NA,NA,NA
2026-06-14 17:00:00,33.5,139.5,17.48,41.45,36.25,14.55,24.3,1.16,53.2,4.23,4.15,NA,1.78,4.22,3.86,NA,NA,NA,NA,NA,NA,NA,NA,NA
2026-06-14 18:00:00,38.0,136.0,19.3,48.58,41.55,16.95,24.03,1.19,45.8,3.7,3.42,NA,4.3,3.15,4.74,NA,NA,NA,NA,NA,NA,NA,NA,NA
2026-06-14 19:00:00,40.75,144.25,18.58,42.93,37.95,15.43,23.65,1.48,29.58,3.56,3.22,NA,5.16,2.75,5.08,NA,NA,NA,NA,NA,NA,NA,NA,NA
2026-06-14 20:00:00,49.75,163.0,18.98,44.18,38.95,15.93,15.02,1.79,18.38,3.59,3.22,NA,5.1,2.84,5.32,NA,NA,NA,NA,NA,NA,NA,NA,NA
2026-06-14 21:00:00,54.75,177.5,18.28,36.75,34.38,18.5,10.13,2.27,18.15,2.19,2.2,NA,3.74,3.13,2.42,NA,NA,NA,NA,NA,NA,NA,NA,NA
2026-06-14 22:00:00,63.25,199.25,15.68,29.1,28.23,15.75,9.88,2.1,19.3,1.71,1.87,NA,3.29,3.36,1.51,NA,NA,NA,NA,NA,NA,NA,NA,NA
2026-06-14 23:00:00,63.0,181.67,16.0,43.23,35.97,18.37,9.93,1.46,22.5,1.72,1.82,NA,3.28,3.23,1.52,NA,NA,NA,NA,NA,NA,NA,NA,NA
2026-06-15 00:00:00,29.25,94.5,23.55,79.25,61.3,23.6,19.1,0.86,25.83,3.41,3.78,NA,2.81,2.87,2.49,NA,NA,NA,NA,NA,NA,NA,NA,NA
2026-06-15 01:00:00,21.0,63.25,23.48,62.7,52.43,19.15,23.15,0.82,25.9,3.51,3.78,NA,2.81,2.85,2.44,NA,NA,NA,NA,NA,NA,NA,NA,NA
2026-06-15 02:00:00,20.0,58.25,23.28,54.0,47.65,17.1,23.1,0.82,26.25,3.4,3.78,NA,2.85,2.83,2.46,NA,NA,NA,NA,NA,NA,NA,NA,NA
2026-06-15 03:00:00,19.25,53.75,22.9,46.83,43.55,13.58,23.38,0.82,23.63,3.39,3.77,NA,2.84,2.86,2.46,NA,NA,NA,NA,NA,NA,NA,NA,NA
2026-06-15 04:00:00,21.0,56.5,23.23,48.65,44.75,11.75,23.4,1.04,23.38,3.46,3.79,NA,2.82,2.84,2.44,NA,NA,NA,NA,NA,NA,NA,NA,NA
2026-06-15 05:00:00,21.25,61.25,23.03,48.13,44.33,9.85,23.28,1.11,18.78,3.4,3.74,NA,2.82,2.84,2.44,NA,NA,NA,NA,NA,NA,NA,NA,NA
2026-06-15 06:00:00,23.75,81.25,18.18,22.55,26.15,6.55,23.5,1.12,20.3,3.41,3.77,NA,2.8,2.85,2.46,NA,NA,NA,NA,NA,NA,NA,NA,NA
2026-06-15 07:00:00,27.0,148.75,22.4,59.48,49.7,16.33,24.83,1.15,23.03,3.43,3.76,NA,2.83,2.87,2.47,NA,NA,NA,NA,NA,NA,NA,NA,NA
2026-06-15 08:00:00,29.25,188.0,20.25,31.3,33.13,9.9,25.2,1.1,25.68,5.58,5.56,NA,3.67,5.06,2.96,NA,NA,NA,NA,NA,NA,NA,NA,NA
2026-06-15 09:00:00,32.25,147.0,19.53,38.58,36.4,13.95,25.78,1.23,23.0,5.44,5.51,NA,3.71,5.03,2.94,NA,NA,NA,NA,NA,NA,NA,NA,NA
2026-06-15 10:00:00,35.75,132.25,22.95,55.48,48.15,17.43,26.5,1.37,21.18,5.49,5.56,NA,3.71,4.93,2.96,NA,NA,NA,NA,NA,NA,NA,NA,NA
2026-06-15 11:00:00,34.25,115.0,20.8,45.72,41.25,13.83,27.22,1.3,30.2,5.6,5.5,NA,3.68,5.02,2.97,NA,NA,NA,NA,NA,NA,NA,NA,NA
2026-06-15 12:00:00,34.5,171.5,21.08,47.15,42.23,16.95,17.3,1.07,29.73,5.46,5.55,NA,3.67,4.85,2.93,NA,NA,NA,NA,NA,NA,NA,NA,NA
2026-06-15 13:00:00,31.25,196.75,19.58,33.38,33.7,11.6,12.33,1.04,34.63,4.31,4.27,NA,1.76,4.25,3.79,NA,NA,NA,NA,NA,NA,NA,NA,NA
2026-06-15 14:00:00,30.5,239.25,20.25,39.83,37.63,12.38,12.1,1.0,38.48,4.27,4.19,NA,1.81,4.21,3.79,NA,NA,NA,NA,NA,NA,NA,NA,NA
2026-06-15 15:00:00,20.0,294.5,20.08,41.85,38.63,13.05,11.53,0.93,43.0,4.32,4.24,NA,1.8,4.2,3.82,NA,NA,NA,NA,NA,NA,NA,NA,NA
2026-06-15 16:00:00,14.5,70.25,19.98,48.13,41.83,11.48,12.55,1.08,39.65,4.42,4.23,NA,1.75,4.23,3.78,NA,NA,NA,NA,NA,NA,NA,NA,NA
2026-06-15 17:00:00,14.5,60.0,19.7,45.05,39.98,13.4,12.88,1.34,32.03,4.28,4.31,NA,1.83,4.2,3.8,NA,NA,NA,NA,NA,NA,NA,NA,NA
2026-06-15 18:00:00,17.75,76.0,22.15,54.6,47.05,16.88,12.68,1.29,36.88,3.77,3.44,NA,4.32,3.13,4.9,NA,NA,NA,NA,NA,NA,NA,NA,NA
2026-06-15 19:00:00,21.75,86.5,20.38,43.25,39.58,12.77,12.55,1.55,25.75,3.57,3.18,NA,5.15,2.82,5.31,NA,NA,NA,NA,NA,NA,NA,NA,NA
2026-06-15 20:00:00,35.75,119.0,21.28,50.4,44.13,15.48,14.93,1.51,20.98,3.56,3.23,NA,5.0,2.74,5.23,NA,NA,NA,NA,NA,NA,NA,NA,NA
2026-06-15 21:00:00,41.67,116.33,22.77,57.0,48.8,17.63,15.63,1.83,18.57,2.34,2.3,NA,3.87,3.06,2.66,NA,NA,NA,NA,NA,NA,NA,NA,NA
2026-06-15 22:00:00,46.0,133.0,18.93,34.68,33.83,11.3,15.8,2.37,17.33,1.73,1.87,NA,3.32,3.28,1.48,NA,NA,NA,NA,NA,NA,NA,NA,NA
2026-06-15 23:00:00,48.67,145.33,19.2,40.9,37.37,15.77,15.8,2.24,17.8,1.73,1.83,NA,3.27,3.27,1.42,NA,NA,NA,NA,NA,NA,NA,NA,NA
2026-06-16 00:00:00,48.0,147.5,20.25,51.4,43.78,17.03,16.7,1.85,17.33,3.44,3.74,NA,2.81,2.86,2.45,NA,NA,NA,NA,NA,NA,NA,NA,NA
2026-06-16 01:00:00,47.25,154.0,21.95,58.18,48.8,19.53,17.83,1.84,17.7,3.46,3.75,NA,2.83,2.85,2.48,NA,NA,NA,NA,NA,NA,NA,NA,NA
2026-06-16 02:00:00,48.5,177.25,21.68,57.65,48.28,19.6,17.98,1.82,17.58,3.49,3.75,NA,2.83,2.86,2.45,NA,NA,NA,NA,NA,NA,NA,NA,NA
2026-06-16 03:00:00,48.5,157.75,20.88,54.53,46.0,19.18,18.1,1.82,18.05,3.43,3.79,NA,2.84,2.82,2.47,NA,NA,NA,NA,NA,NA,NA,NA,NA
2026-06-16 04:00:00,46.0,129.75,20.25,54.18,45.28,20.58,17.28,1.54,17.78,3.48,3.76,NA,2.82,2.84,2.46,NA,NA,NA,NA,NA,NA,NA,NA,NA
2026-06-16 05:00:00,49.5,139.0,20.95,55.98,46.83,21.23,17.23,1.71,17.88,3.47,3.76,NA,2.84,2.88,2.45,NA,NA,NA,NA,NA,NA,NA,NA,NA
2026-06-16 06:00:00,56.25,173.25,24.33,79.5,62.05,24.45,17.85,1.97,17.73,3.48,3.78,NA,2.82,2.87,2.46,NA,NA,NA,NA,NA,NA,NA,NA,NA
2026-06-16 07:00:00,78.75,196.5,21.8,63.23,51.33,17.73,18.73,1.45,17.55,3.47,3.78,NA,2.83,2.86,2.46,NA,NA,NA,NA,NA,NA,NA,NA,NA
2026-06-16 08:00:00,102.5,189.25,19.48,46.08,40.33,15.7,17.78,1.17,18.08,5.25,5.48,NA,3.61,4.95,2.95,NA,NA,NA,NA,NA,NA,NA,NA,NA
2026-06-16 09:00:00,68.25,157.5,17.6,41.9,36.6,12.78,15.75,0.89,22.55,5.46,5.56,NA,3.69,4.96,2.95,NA,NA,NA,NA,NA,NA,NA,NA,NA
2026-06-16 10:00:00,12.75,53.5,19.85,53.2,44.47,18.03,14.35,0.9,23.03,5.5,5.47,NA,3.67,5.06,2.93,NA,NA,NA,NA,NA,NA,NA,NA,NA
2026-06-16 11:00:00,17.25,50.75,20.08,54.58,45.35,18.33,14.0,0.99,21.53,5.57,5.58,NA,3.64,4.94,2.94,NA,NA,NA,NA,NA,NA,NA,NA,NA
2026-06-16 12:00:00,25.25,89.0,19.75,47.68,41.45,14.5,19.43,1.29,23.95,5.52,5.55,NA,3.7,4.98,2.97,NA,NA,NA,NA,NA,NA,NA,NA,NA
2026-06-16 13:00:00,29.5,82.25,15.48,24.23,25.45,12.63,22.15,1.6,28.65,4.28,4.23,NA,1.78,4.21,3.83,NA,NA,NA,NA,NA,NA,NA,NA,NA
2026-06-16 14:00:00,35.33,88.0,16.73,38.97,34.33,16.2,21.53,1.5,33.17,4.24,4.16,NA,1.76,4.2,3.83,NA,NA,NA,NA,NA,NA,NA,NA,NA
2026-06-16 15:00:00,34.75,81.25,18.23,46.98,39.78,19.58,21.68,1.32,45.15,4.26,4.17,NA,1.8,4.21,3.8,NA,NA,NA,NA,NA,NA,NA,NA,NA
2026-06-16 16:00:00,21.0,51.0,17.08,33.48,31.7,17.42,29.08,1.04,49.93,4.35,4.26,NA,1.81,4.26,3.83,NA,NA,NA,NA,NA,NA,NA,NA,NA
2026-06-16 17:00:00,16.75,42.0,18.15,46.85,39.68,16.7,33.23,1.08,43.98,4.34,4.17,NA,1.75,4.18,3.81,NA,NA,NA,NA,NA,NA,NA,NA,NA
2026-06-16 18:00:00,20.5,56.0,17.28,41.68,36.2,17.48,33.15,1.14,36.33,3.76,3.46,NA,4.26,3.1,4.87,NA,NA,NA,NA,NA,NA,NA,NA,NA
2026-06-16 19:00:00,22.25,65.75,19.1,49.08,41.63,21.3,33.08,1.27,28.0,3.55,3.2,NA,5.16,2.83,5.17,NA,NA,NA,NA,NA,NA,NA,NA,NA
2026-06-16 20:00:00,26.25,71.75,17.58,40.33,35.75,17.48,18.95,1.22,27.7,3.57,3.23,NA,5.08,2.85,5.06,NA,NA,NA,NA,NA,NA,NA,NA,NA
2026-06-16 21:00:00,20.75,57.25,18.63,43.05,38.0,18.13,11.25,1.3,22.9,2.19,2.15,NA,3.71,3.19,2.51,NA,NA,NA,NA,NA,NA,NA,NA,NA
2026-06-16 22:00:00,25.5,70.75,18.25,44.18,38.33,17.98,11.2,1.35,20.88,1.69,1.83,NA,3.32,3.29,1.43,NA,NA,NA,NA,NA,NA,NA,NA,NA
2026-06-16 23:00:00,22.67,67.0,18.07,49.07,40.8,16.97,11.1,1.33,22.37,1.74,1.82,NA,3.32,3.31,1.45,NA,NA,NA,NA,NA,NA,NA,NA,NA
2026-06-17 00:00:00,24.75,63.0,19.3,51.75,43.23,19.53,20.75,1.05,21.05,3.5,3.77,NA,2.82,2.85,2.44,NA,NA,NA,NA,NA,NA,NA,NA,NA
2026-06-17 01:00:00,17.0,46.0,17.13,42.48,36.48,15.8,25.53,0.97,20.33,3.51,3.78,NA,2.84,2.85,2.47,NA,NA,NA,NA,NA,NA,NA,NA,NA
2026-06-17 02:00:00,16.25,45.0,20.98,62.88,50.5,20.4,24.95,0.95,18.45,3.47,3.73,NA,2.83,2.86,2.43,NA,NA,NA,NA,NA,NA,NA,NA,NA
2026-06-17 03:00:00,18.0,48.5,21.9,62.75,51.15,17.18,25.1,0.91,17.98,3.4,3.77,NA,2.84,2.87,2.48,NA,NA,NA,NA,NA,NA,NA,NA,NA
2026-06-17 04:00:00,17.25,43.75,21.0,49.95,43.65,15.95,12.35,1.09,19.63,3.36,3.77,NA,2.83,2.85,2.46,NA,NA,NA,NA,NA,NA,NA,NA,NA
2026-06-17 05:00:00,17.75,48.0,21.0,47.15,42.13,16.58,6.7,1.18,18.13,3.5,3.73,NA,2.83,2.86,2.45,NA,NA,NA,NA,NA,NA,NA,NA,NA
2026-06-17 06:00:00,24.0,70.0,20.88,47.9,42.45,13.65,7.15,1.31,18.33,3.46,3.79,NA,2.83,2.84,2.46,NA,NA,NA,NA,NA,NA,NA,NA,NA
2026-06-17 07:00:00,34.0,89.5,18.53,39.55,36.1,13.05,8.1,1.29,20.18,3.49,3.79,NA,2.83,2.84,2.45,NA,NA,NA,NA,NA,NA,NA,NA,NA
2026-06-17 08:00:00,43.0,95.5,19.25,40.7,37.3,10.55,15.45,1.17,24.7,5.66,5.6,NA,3.73,5.07,2.93,NA,NA,NA,NA,NA,NA,NA,NA,NA
2026-06-17 09:00:00,64.25,129.25,17.68,39.63,35.45,19.23,20.68,1.21,37.15,5.45,5.55,NA,3.64,5.0,2.95,NA,NA,NA,NA,NA,NA,NA,NA,NA
2026-06-17 10:00:00,64.25,124.5,18.8,51.1,42.48,18.7,21.0,1.28,48.98,5.44,5.53,NA,3.68,4.92,2.97,NA,NA,NA,NA,NA,NA,NA,NA,NA
2026-06-17 11:00:00,59.25,117.75,18.2,45.1,38.78,17.28,20.28,1.26,57.9,5.64,5.51,NA,3.71,4.95,2.93,NA,NA,NA,NA,NA,NA,NA,NA,NA
2026-06-17 12:00:00,45.75,103.0,17.73,44.75,38.2,16.85,9.65,1.21,71.83,5.49,5.57,NA,3.62,4.89,2.92,NA,NA,NA,NA,NA,NA,NA,NA,NA
2026-06-17 13:00:00,45.75,106.5,18.28,50.08,41.5,17.85,3.88,1.26,80.83,4.09,4.2,NA,1.82,4.18,3.73,NA,NA,NA,NA,NA,NA,NA,NA,NA
2026-06-17 14:00:00,47.0,117.25,17.38,41.98,36.45,16.98,3.08,1.25,85.0,4.26,4.2,NA,1.78,4.25,3.82,NA,NA,NA,NA,NA,NA,NA,NA,NA
2026-06-17 15:00:00,39.0,106.5,18.08,48.1,40.3,15.3,2.28,1.2,77.53,4.35,4.22,NA,1.75,4.21,3.81,NA,NA,NA,NA,NA,NA,NA,NA,NA
2026-06-17 16:00:00,39.25,101.0,16.8,36.8,33.23,14.7,11.53,1.12,67.88,4.29,4.19,NA,1.76,4.17,3.79,NA,NA,NA,NA,NA,NA,NA,NA,NA
2026-06-17 17:00:00,33.5,90.5,18.38,47.25,40.1,17.53,15.78,1.1,62.33,4.3,4.21,NA,1.84,4.22,3.76,NA,NA,NA,NA,NA,NA,NA,NA,NA
2026-06-17 18:00:00,28.0,88.75,17.93,41.75,36.8,17.03,15.0,1.13,56.48,3.75,3.51,NA,4.23,3.18,4.88,NA,NA,NA,NA,NA,NA,NA,NA,NA
2026-06-17 19:00:00,30.0,96.25,16.08,36.58,32.55,15.08,15.08,1.3,46.28,3.59,3.23,NA,4.99,2.76,5.06,NA,NA,NA,NA,NA,NA,NA,NA,NA
2026-06-17 20:00:00,33.5,103.5,16.95,40.55,35.33,16.23,17.93,1.52,30.45,3.59,3.27,NA,5.12,2.76,5.19,NA,NA,NA,NA,NA,NA,NA,NA,NA
2026-06-17 21:00:00,35.0,107.0,18.08,47.38,39.93,17.38,18.95,1.79,20.9,2.2,2.2,NA,3.77,3.21,2.4,NA,NA,NA,NA,NA,NA,NA,NA,NA
2026-06-17 22:00:00,42.5,135.5,17.53,45.55,38.48,17.68,18.8,1.72,21.08,1.73,1.8,NA,3.29,3.35,1.46,NA,NA,NA,NA,NA,NA,NA,NA,NA
2026-06-17 23:00:00,44.67,125.67,17.8,42.77,37.23,18.8,18.53,2.05,18.0,1.68,1.82,NA,3.32,3.3,1.46,NA,NA,NA,NA,NA,NA,NA,NA,NA
2026-06-18 00:00:00,43.0,130.75,20.1,57.48,46.88,19.25,17.05,1.82,17.5,3.43,3.74,NA,2.84,2.86,2.46,NA,NA,NA,NA,NA,NA,NA,NA,NA
2026-06-18 01:00:00,54.5,143.5,17.73,45.33,38.55,17.85,16.25,1.65,17.5,3.4,3.77,NA,2.86,2.86,2.44,NA,NA,NA,NA,NA,NA,NA,NA,NA
2026-06-18 02:00:00,62.0,160.5,20.33,58.3,47.53,19.78,16.73,1.42,17.88,3.47,3.78,NA,2.8,2.88,2.43,NA,NA,NA,NA,NA,NA,NA,NA,NA
2026-06-18 03:00:00,97.0,194.0,21.25,53.15,45.53,18.98,17.73,1.21,17.53,3.39,3.76,NA,2.83,2.86,2.44,NA,NA,NA,NA,NA,NA,NA,NA,NA
2026-06-18 04:00:00,115.5,203.25,22.35,52.4,46.0,19.23,19.7,1.34,17.08,3.56,3.73,NA,2.83,2.9,2.42,NA,NA,NA,NA,NA,NA,NA,NA,NA
2026-06-18 05:00:00,90.75,166.5,22.85,59.08,50.0,18.85,20.73,1.37,17.1,3.49,3.76,NA,2.83,2.85,2.43,NA,NA,NA,NA,NA,NA,NA,NA,NA
2026-06-18 06:00:00,85.5,170.25,24.0,61.15,52.0,17.5,21.88,1.46,17.3,3.49,3.74,NA,2.82,2.83,2.44,NA,NA,NA,NA,NA,NA,NA,NA,NA
2026-06-18 07:00:00,82.75,181.5,20.13,44.03,39.8,14.33,23.33,1.33,17.85,3.47,3.78,NA,2.81,2.84,2.41,NA,NA,NA,NA,NA,NA,NA,NA,NA
2026-06-18 08:00:00,58.0,161.75,15.95,18.6,22.1,8.98,26.68,1.21,27.42,5.47,5.49,NA,3.77,4.99,2.96,NA,NA,NA,NA,NA,NA,NA,NA,NA
2026-06-18 09:00:00,77.0,192.5,16.0,31.38,29.7,14.58,29.38,1.27,35.08,5.51,5.61,NA,3.78,4.85,2.91,NA,NA,NA,NA,NA,NA,NA,NA,NA
2026-06-18 10:00:00,69.5,171.75,21.55,66.48,52.88,18.25,30.35,1.1,39.15,5.38,5.54,NA,3.73,4.92,2.98,NA,NA,NA,NA,NA,NA,NA,NA,NA
2026-06-18 11:00:00,47.5,144.75,18.28,36.95,34.53,12.38,27.83,1.01,44.15,5.38,5.52,NA,3.6,4.98,2.95,NA,NA,NA,NA,NA,NA,NA,NA,NA
2026-06-18 12:00:00,41.25,145.0,18.03,43.95,38.03,16.2,30.78,1.15,44.28,5.56,5.54,NA,3.68,5.02,2.96,NA,NA,NA,NA,NA,NA,NA,NA,NA
2026-06-18 13:00:00,36.5,141.75,17.88,42.85,37.33,13.77,31.93,1.17,46.98,4.34,4.34,NA,1.74,4.22,3.79,NA,NA,NA,NA,NA,NA,NA,NA,NA
2026-06-18 14:00:00,37.67,137.33,17.18,38.33,34.35,16.38,31.45,1.17,46.35,4.23,4.31,NA,1.82,4.13,3.7,NA,NA,NA,NA,NA,NA,NA,NA,NA
2026-06-18 15:00:00,38.5,134.75,17.98,43.08,37.5,15.73,30.83,1.16,48.63,4.4,4.25,NA,1.88,4.21,3.83,NA,NA,NA,NA,NA,NA,NA,NA,NA
2026-06-18 16:00:00,33.75,125.0,17.33,44.55,37.78,17.6,19.5,1.12,44.75,4.37,4.19,NA,1.8,4.2,3.83,NA,NA,NA,NA,NA,NA,NA,NA,NA
2026-06-18 17:00:00,29.5,177.0,18.0,43.7,37.88,16.98,13.25,1.19,37.28,4.35,4.22,NA,1.9,4.21,3.88,NA,NA,NA,NA,NA,NA,NA,NA,NA
2026-06-18 18:00:00,27.25,129.5,19.53,52.65,43.88,17.35,13.33,1.3,29.55,3.74,3.46,NA,4.19,3.13,5.04,NA,NA,NA,NA,NA,NA,NA,NA,NA
2026-06-18 19:00:00,24.5,92.75,17.25,42.68,36.7,16.23,12.75,1.19,35.7,3.58,3.25,NA,5.01,2.77,5.35,NA,NA,NA,NA,NA,NA,NA,NA,NA
2026-06-18 20:00:00,17.75,67.75,17.63,42.48,36.9,15.33,19.88,1.16,33.88,3.55,3.24,NA,5.15,2.8,5.33,NA,NA,NA,NA,NA,NA,NA,NA,NA
2026-06-18 21:00:00,20.25,75.0,17.43,41.53,36.23,15.6,23.6,1.18,29.13,2.15,2.18,NA,3.78,3.08,2.42,NA,NA,NA,NA,NA,NA,NA,NA,NA
2026-06-18 22:00:00,19.5,76.25,16.9,36.9,33.38,14.93,23.28,1.16,24.55,1.7,1.83,NA,3.3,3.27,1.48,NA,NA,NA,NA,NA,NA,NA,NA,NA
2026-06-18 23:00:00,19.33,68.33,17.77,41.23,36.4,17.03,23.7,1.25,20.73,1.73,1.78,NA,3.3,3.41,1.45,NA,NA,NA,NA,NA,NA,NA,NA,NA
2026-06-19 00:00:00,21.75,70.25,19.25,51.25,42.93,19.05,24.58,1.13,23.88,3.42,3.8,NA,2.84,2.87,2.48,NA,NA,NA,NA,NA,NA,NA,NA,NA
2026-06-19 01:00:00,23.25,69.75,22.23,64.78,52.53,23.13,25.18,1.08,21.98,3.47,3.75,NA,2.82,2.87,2.47,NA,NA,NA,NA,NA,NA,NA,NA,NA
2026-06-19 02:00:00,25.5,63.5,23.15,56.18,48.73,18.15,25.83,1.0,24.7,3.38,3.73,NA,2.86,2.83,2.45,NA,NA,NA,NA,NA,NA,NA,NA,NA
2026-06-19 03:00:00,37.75,67.25,22.75,48.08,44.05,16.08,26.73,0.92,31.15,3.47,3.77,NA,2.84,2.83,2.46,NA,NA,NA,NA,NA,NA,NA,NA,NA
2026-06-19 04:00:00,30.75,75.5,22.08,42.6,40.6,14.73,18.48,1.04,28.33,3.45,3.71,NA,2.84,2.86,2.43,NA,NA,NA,NA,NA,NA,NA,NA,NA
2026-06-19 05:00:00,27.33,100.67,24.0,57.03,49.83,15.8,14.53,1.09,24.0,3.51,3.76,NA,2.83,2.83,2.44,NA,NA,NA,NA,NA,NA,NA,NA,NA
2026-06-19 06:00:00,36.75,120.75,21.93,41.43,39.85,10.98,15.5,1.11,21.9,3.51,3.75,NA,2.83,2.87,2.41,NA,NA,NA,NA,NA,NA,NA,NA,NA
2026-06-19 07:00:00,32.75,114.0,21.93,46.58,42.6,12.83,17.28,1.15,23.6,3.41,3.79,NA,2.84,2.82,2.43,NA,NA,NA,NA,NA,NA,NA,NA,NA
2026-06-19 08:00:00,28.5,153.75,22.83,45.5,42.75,14.88,23.33,1.19,26.18,5.45,5.52,NA,3.74,4.94,2.97,NA,NA,NA,NA,NA,NA,NA,NA,NA
2026-06-19 09:00:00,36.25,195.75,17.85,26.3,28.55,11.68,26.08,1.3,30.98,5.51,5.56,NA,3.66,5.06,2.98,NA,NA,NA,NA,NA,NA,NA,NA,NA
2026-06-19 10:00:00,42.0,207.5,20.23,45.0,40.38,12.8,25.93,1.39,40.35,5.38,5.6,NA,3.68,4.88,2.91,NA,NA,NA,NA,NA,NA,NA,NA,NA
2026-06-19 11:00:00,42.0,215.75,23.15,64.13,52.95,18.3,27.6,1.42,55.83,5.35,5.48,NA,3.67,4.9,2.95,NA,NA,NA,NA,NA,NA,NA,NA,NA
2026-06-19 12:00:00,39.25,187.25,22.03,42.53,40.5,10.45,24.3,1.24,57.38,5.44,5.59,NA,3.63,4.88,2.97,NA,NA,NA,NA,NA,NA,NA,NA,NA
2026-06-19 13:00:00,43.5,184.0,22.95,47.98,44.15,15.0,22.48,1.22,57.63,4.36,4.15,NA,1.81,4.23,3.86,NA,NA,NA,NA,NA,NA,NA,NA,NA
2026-06-19 14:00:00,40.0,168.0,22.05,42.58,40.58,15.15,21.33,1.12,53.6,4.33,4.25,NA,1.78,4.29,3.74,NA,NA,NA,NA,NA,NA,NA,NA,NA
2026-06-19 15:00:00,30.0,131.75,17.55,18.9,24.3,9.5,20.6,1.08,47.8,4.12,4.2,NA,1.72,4.21,3.83,NA,NA,NA,NA,NA,NA,NA,NA,NA
2026-06-19 16:00:00,25.25,109.25,20.48,44.6,40.4,14.4,12.77,1.12,54.05,4.13,4.12,NA,1.73,4.27,3.87,NA,NA,NA,NA,NA,NA,NA,NA,NA
2026-06-19 17:00:00,31.33,111.33,22.2,53.63,46.57,16.1,9.33,1.21,50.17,4.41,4.25,NA,1.78,4.16,3.82,NA,NA,NA,NA,NA,NA,NA,NA,NA
2026-06-19 18:00:00,26.0,95.75,21.33,47.2,42.45,16.35,8.25,1.23,48.15,3.67,3.48,NA,4.13,3.16,4.89,NA,NA,NA,NA,NA,NA,NA,NA,NA
2026-06-19 19:00:00,27.25,105.75,17.63,31.35,31.03,13.35,7.95,1.38,37.6,3.61,3.21,NA,5.12,2.79,5.18,NA,NA,NA,NA,NA,NA,NA,NA,NA
2026-06-19 20:00:00,30.5,113.25,18.3,41.6,36.98,15.33,22.8,1.31,32.5,3.57,3.19,NA,5.14,2.78,5.08,NA,NA,NA,NA,NA,NA,NA,NA,NA
2026-06-19 21:00:00,30.5,113.5,19.2,45.28,39.68,16.73,30.1,1.34,31.13,2.19,2.16,NA,3.75,3.19,2.42,NA,NA,NA,NA,NA,NA,NA,NA,NA
2026-06-19 22:00:00,32.0,112.75,18.5,40.33,36.5,16.05,29.98,1.41,28.85,1.74,1.8,NA,3.28,3.34,1.44,NA,NA,NA,NA,NA,NA,NA,NA,NA
2026-06-19 23:00:00,34.67,106.67,22.47,61.97,51.23,19.8,29.77,1.33,26.67,1.7,1.9,NA,3.36,3.46,1.47,NA,NA,NA,NA,NA,NA,NA,NA,NA
2026-06-20 00:00:00,32.5,97.75,22.35,53.35,46.53,13.5,28.4,1.24,23.55,3.45,3.74,NA,2.82,2.86,2.43,NA,NA,NA,NA,NA,NA,NA,NA,NA
2026-06-20 01:00:00,34.5,103.0,25.23,61.7,53.35,17.23,28.03,1.12,26.65,3.34,3.77,NA,2.84,2.85,2.45,NA,NA,NA,NA,NA,NA,NA,NA,NA
2026-06-20 02:00:00,39.5,99.5,18.4,23.1,27.25,6.55,28.58,1.02,28.48,3.47,3.77,NA,2.84,2.85,2.45,NA,NA,NA,NA,NA,NA,NA,NA,NA
2026-06-20 03:00:00,46.75,101.5,19.95,40.98,38.0,13.0,28.8,1.0,23.68,3.48,3.75,NA,2.85,2.9,2.45,NA,NA,NA,NA,NA,NA,NA,NA,NA
2026-06-20 04:00:00,49.0,106.25,21.5,52.58,45.4,16.38,25.55,1.18,22.8,3.51,3.78,NA,2.82,2.84,2.43,NA,NA,NA,NA,NA,NA,NA,NA,NA
2026-06-20 05:00:00,57.5,119.0,25.83,75.6,61.23,19.43,24.58,1.31,18.53,3.46,3.74,NA,2.84,2.84,2.46,NA,NA,NA,NA,NA,NA,NA,NA,NA
2026-06-20 06:00:00,69.5,135.25,18.9,28.15,29.73,9.03,25.63,1.44,18.05,3.47,3.77,NA,2.81,2.86,2.45,NA,NA,NA,NA,NA,NA,NA,NA,NA
2026-06-20 07:00:00,65.0,142.75,25.4,75.23,60.63,18.9,27.3,1.41,28.13,3.52,3.76,NA,2.85,2.86,2.47,NA,NA,NA,NA,NA,NA,NA,NA,NA
2026-06-20 08:00:00,51.5,129.25,27.85,67.85,58.75,17.5,31.33,1.19,49.4,5.6,5.63,NA,3.66,5.01,2.94,NA,NA,NA,NA,NA,NA,NA,NA,NA
2026-06-20 09:00:00,46.25,118.0,20.33,29.08,32.0,9.13,32.28,1.18,58.35,5.44,5.52,NA,3.58,4.97,2.98,NA,NA,NA,NA,NA,NA,NA,NA,NA
2026-06-20 10:00:00,47.5,122.25,22.23,43.78,41.35,15.6,32.88,1.13,55.5,5.39,5.59,NA,3.6,5.02,2.98,NA,NA,NA,NA,NA,NA,NA,NA,NA
2026-06-20 11:00:00,41.75,117.5,20.4,36.0,35.63,11.45,34.23,1.08,56.93,5.44,5.54,NA,3.72,5.0,2.95,NA,NA,NA,NA,NA,NA,NA,NA,NA
2026-06-20 12:00:00,41.0,124.0,18.7,28.9,30.43,10.23,30.05,1.11,54.13,5.55,5.62,NA,3.71,4.92,2.96,NA,NA,NA,NA,NA,NA,NA,NA,NA
2026-06-20 13:00:00,32.75,116.25,17.55,31.03,30.78,12.55,25.95,1.12,48.68,4.28,4.29,NA,1.74,4.19,3.81,NA,NA,NA,NA,NA,NA,NA,NA,NA
2026-06-20 14:00:00,28.75,102.0,16.48,31.68,30.23,10.4,24.53,1.14,44.93,4.38,4.25,NA,1.83,4.2,3.74,NA,NA,NA,NA,NA,NA,NA,NA,NA
2026-06-20 15:00:00,27.0,102.5,18.0,41.6,36.78,16.7,23.43,1.13,44.45,4.34,4.2,NA,1.82,4.26,3.69,NA,NA,NA,NA,NA,NA,NA,NA,NA
2026-06-20 16:00:00,28.0,105.25,19.73,53.15,44.3,18.58,21.63,1.11,40.75,4.39,4.22,NA,1.78,4.21,3.69,NA,NA,NA,NA,NA,NA,NA,NA,NA
2026-06-20 17:00:00,28.75,111.0,22.8,62.58,51.83,19.83,20.35,1.14,40.13,4.31,4.21,NA,1.81,4.11,3.7,NA,NA,NA,NA,NA,NA,NA,NA,NA
2026-06-20 18:00:00,29.25,128.5,21.78,49.43,44.03,14.73,19.73,1.17,38.8,3.74,3.47,NA,4.31,3.18,4.87,NA,NA,NA,NA,NA,NA,NA,NA,NA
2026-06-20 19:00:00,35.25,142.25,21.98,44.4,41.45,14.38,20.25,1.38,29.45,3.6,3.22,NA,5.09,2.87,5.36,NA,NA,NA,NA,NA,NA,NA,NA,NA
2026-06-20 20:00:00,43.0,142.75,19.45,34.58,34.2,10.8,16.2,1.56,20.93,3.6,3.23,NA,5.05,2.8,5.18,NA,NA,NA,NA,NA,NA,NA,NA,NA
2026-06-20 21:00:00,47.0,146.75,19.68,37.8,36.08,13.6,13.13,1.71,18.38,2.2,2.22,NA,3.75,3.14,2.31,NA,NA,NA,NA,NA,NA,NA,NA,NA
2026-06-20 22:00:00,53.5,170.75,20.2,43.8,39.72,15.2,14.13,1.92,17.43,1.73,1.76,NA,3.3,3.33,1.49,NA,NA,NA,NA,NA,NA,NA,NA,NA
2026-06-20 23:00:00,60.33,167.67,19.17,39.13,36.37,12.33,15.1,1.68,18.63,1.7,1.79,NA,3.36,3.22,1.48,NA,NA,NA,NA,NA,NA,NA,NA,NA
2026-06-21 00:00:00,46.0,133.25,20.08,46.28,40.93,16.18,23.3,1.22,20.58,3.43,3.75,NA,2.83,2.85,2.41,NA,NA,NA,NA,NA,NA,NA,NA,NA
2026-06-21 01:00:00,37.25,117.25,20.33,49.9,43.08,15.58,27.8,1.03,19.65,3.54,3.74,NA,2.83,2.82,2.44,NA,NA,NA,NA,NA,NA,NA,NA,NA
2026-06-21 02:00:00,33.5,104.25,19.28,41.43,37.68,13.8,27.43,0.95,19.33,3.4,3.72,NA,2.84,2.85,2.47,NA,NA,NA,NA,NA,NA,NA,NA,NA
2026-06-21 03:00:00,31.75,93.75,19.7,46.13,40.55,15.85,27.1,0.89,19.22,3.53,3.76,NA,2.83,2.85,2.46,NA,NA,NA,NA,NA,NA,NA,NA,NA
2026-06-21 04:00:00,27.5,89.0,18.88,43.28,38.4,13.55,27.35,1.05,24.33,3.49,3.81,NA,2.85,2.86,2.4,NA,NA,NA,NA,NA,NA,NA,NA,NA
2026-06-21 05:00:00,20.0,71.67,19.03,48.43,41.23,15.03,27.77,1.03,32.67,3.48,3.73,NA,2.84,2.85,2.45,NA,NA,NA,NA,NA,NA,NA,NA,NA
2026-06-21 06:00:00,19.5,52.0,20.4,51.88,44.2,16.85,27.53,1.08,29.58,3.48,3.76,NA,2.83,2.84,2.43,NA,NA,NA,NA,NA,NA,NA,NA,NA
2026-06-21 07:00:00,22.0,58.25,23.25,64.2,53.05,21.23,28.03,1.09,27.2,3.44,3.75,NA,2.83,2.88,2.45,NA,NA,NA,NA,NA,NA,NA,NA,NA
2026-06-21 08:00:00,18.5,50.75,27.28,78.45,63.95,23.05,23.8,1.1,25.73,5.54,5.49,NA,3.66,4.93,2.94,NA,NA,NA,NA,NA,NA,NA,NA,NA
2026-06-21 09:00:00,18.0,49.67,26.67,62.9,55.17,13.47,21.27,1.08,28.8,5.48,5.53,NA,3.7,4.96,2.94,NA,NA,NA,NA,NA,NA,NA,NA,NA
2026-06-21 10:00:00,19.0,52.5,25.15,43.35,42.5,11.58,20.85,1.06,30.53,5.41,5.57,NA,3.59,4.86,2.93,NA,NA,NA,NA,NA,NA,NA,NA,NA
2026-06-21 11:00:00,19.0,55.0,18.38,11.08,20.33,8.5,22.43,1.12,29.68,5.54,5.48,NA,3.67,4.95,2.95,NA,NA,NA,NA,NA,NA,NA,NA,NA
2026-06-21 12:00:00,23.5,62.5,27.38,68.88,58.82,14.1,20.58,1.14,31.3,5.54,5.64,NA,3.67,4.94,2.97,NA,NA,NA,NA,NA,NA,NA,NA,NA
2026-06-21 13:00:00,26.33,70.67,20.93,35.5,35.93,11.97,19.73,1.17,38.7,4.14,4.27,NA,1.82,4.17,3.88,NA,NA,NA,NA,NA,NA,NA,NA,NA
2026-06-21 14:00:00,27.5,76.75,27.03,64.35,56.23,15.4,20.28,1.1,45.85,4.21,4.2,NA,1.83,4.14,3.75,NA,NA,NA,NA,NA,NA,NA,NA,NA
2026-06-21 15:00:00,27.75,83.0,24.6,46.78,44.88,11.25,19.78,1.08,49.85,4.43,4.2,NA,1.81,4.22,3.76,NA,NA,NA,NA,NA,NA,NA,NA,NA
2026-06-21 16:00:00,24.0,73.25,24.15,47.13,44.7,12.08,11.2,1.12,48.5,4.27,4.17,NA,1.79,4.18,3.79,NA,NA,NA,NA,NA,NA,NA,NA,NA
2026-06-21 17:00:00,23.0,74.33,25.73,53.83,49.57,9.03,6.9,1.1,50.23,4.63,4.18,NA,1.88,4.22,3.78,NA,NA,NA,NA,NA,NA,NA,NA,NA
2026-06-21 18:00:00,24.25,81.75,24.08,43.2,42.58,7.38,7.53,1.19,41.13,3.69,3.5,NA,4.25,3.12,4.73,NA,NA,NA,NA,NA,NA,NA,NA,NA
2026-06-21 19:00:00,23.67,88.33,23.1,39.57,39.83,9.63,7.67,1.18,36.07,3.6,3.2,NA,5.15,2.78,5.34,NA,NA,NA,NA,NA,NA,NA,NA,NA
2026-06-21 20:00:00,20.33,73.33,25.17,50.83,47.5,10.7,14.53,1.19,36.87,3.58,3.25,NA,5.15,2.78,5.18,NA,NA,NA,NA,NA,NA,NA,NA,NA
2026-06-21 21:00:00,19.67,140.67,25.1,46.13,44.93,11.67,14.1,1.07,44.33,1.73,1.79,NA,3.3,3.34,1.49,NA,NA,NA,NA,NA,NA,NA,NA,NA
2026-06-21 22:00:00,50.5,595.33,19.78,19.17,26.3,7.75,14.03,1.09,39.75,1.71,1.83,NA,3.33,3.25,1.46,NA,NA,NA,NA,NA,NA,NA,NA,NA
2026-06-21 23:00:00,78.67,NA,22.83,47.8,43.97,13.6,13.8,1.09,37.43,1.71,1.84,NA,3.25,3.46,1.5,NA,NA,NA,NA,NA,NA,NA,NA,NA
2026-06-22 00:00:00,47.25,762.75,25.7,59.95,52.78,16.18,23.93,1.1,32.38,3.43,3.79,NA,2.83,2.83,2.43,NA,NA,NA,NA,NA,NA,NA,NA,NA
2026-06-22 01:00:00,32.75,467.75,24.38,45.43,43.95,11.48,29.28,1.08,24.7,3.4,3.8,NA,2.82,2.81,2.47,NA,NA,NA,NA,NA,NA,NA,NA,NA
2026-06-22 02:00:00,34.75,341.0,24.45,44.3,43.43,12.2,28.88,1.07,23.18,3.46,3.78,NA,2.85,2.87,2.44,NA,NA,NA,NA,NA,NA,NA,NA,NA
2026-06-22 03:00:00,33.5,324.5,25.23,47.05,45.53,10.98,28.48,1.04,22.88,3.46,3.76,NA,2.83,2.88,2.47,NA,NA,NA,NA,NA,NA,NA,NA,NA
2026-06-22 04:00:00,33.67,302.33,25.43,50.9,47.73,9.2,16.17,1.02,30.57,3.46,3.73,NA,2.84,2.91,2.46,NA,NA,NA,NA,NA,NA,NA,NA,NA
2026-06-22 05:00:00,34.5,285.75,25.75,46.35,45.53,10.38,15.2,1.01,25.45,3.41,3.8,NA,2.82,2.81,2.5,NA,NA,NA,NA,NA,NA,NA,NA,NA
2026-06-22 06:00:00,30.75,283.5,19.85,23.93,28.7,4.83,16.03,1.05,32.23,3.5,3.74,NA,2.84,2.89,2.43,NA,NA,NA,NA,NA,NA,NA,NA,NA
2026-06-22 07:00:00,40.0,299.33,28.2,63.53,56.7,9.4,17.0,1.07,33.73,3.46,3.77,NA,2.83,2.83,2.4,NA,NA,NA,NA,NA,NA,NA,NA,NA
2026-06-22 08:00:00,32.75,235.5,19.85,16.15,24.48,7.35,16.78,1.01,36.68,5.46,5.52,NA,3.63,5.02,2.96,NA,NA,NA,NA,NA,NA,NA,NA,NA
2026-06-22 09:00:00,25.0,178.0,20.7,32.4,34.1,14.0,17.1,1.09,40.5,5.55,5.57,NA,3.64,4.86,2.93,NA,NA,NA,NA,NA,NA,NA,NA,NA
2026-06-22 10:00:00,NA,NA,NA,NA,NA,NA,NA,NA,NA,NA,NA,NA,NA,NA,NA,NA,NA,NA,NA,NA,NA,NA,NA,NA
2026-06-22 11:00:00,NA,NA,NA,NA,NA,NA,NA,NA,NA,NA,NA,NA,NA,NA,NA,NA,NA,NA,NA,NA,NA,NA,NA,NA
2026-06-22 12:00:00,NA,NA,NA,NA,NA,NA,NA,NA,NA,NA,NA,NA,NA,NA,NA,NA,NA,NA,NA,NA,NA,NA,NA,NA
2026-06-22 13:00:00,NA,NA,NA,NA,NA,NA,NA,NA,NA,NA,NA,NA,NA,NA,NA,NA,NA,NA,NA,NA,NA,NA,NA,NA
2026-06-22 14:00:00,NA,NA,NA,NA,NA,NA,NA,NA,NA,NA,NA,NA,NA,NA,NA,NA,NA,NA,NA,NA,NA,NA,NA,NA
2026-06-22 15:00:00,NA,NA,NA,NA,NA,NA,NA,NA,NA,NA,NA,NA,NA,NA,NA,NA,NA,NA,NA,NA,NA,NA,NA,NA
2026-06-22 16:00:00,NA,NA,NA,NA,NA,NA,NA,NA,NA,NA,NA,NA,NA,NA,NA,NA,NA,NA,NA,NA,NA,NA,NA,NA
2026-06-22 17:00:00,NA,NA,NA,NA,NA,NA,NA,NA,NA,NA,NA,NA,NA,NA,NA,NA,NA,NA,NA,NA,NA,NA,NA,NA
2026-06-22 18:00:00,NA,NA,NA,NA,NA,NA,NA,NA,NA,NA,NA,NA,NA,NA,NA,NA,NA,NA,NA,NA,NA,NA,NA,NA
2026-06-22 19:00:00,NA,NA,NA,NA,NA,NA,NA,NA,NA,NA,NA,NA,NA,NA,NA,NA,NA,NA,NA,NA,NA,NA,NA,NA
2026-06-22 20:00:00,NA,NA,NA,NA,NA,NA,NA,NA,NA,NA,NA,NA,NA,NA,NA,NA,NA,NA,NA,NA,NA,NA,NA,NA
2026-06-22 21:00:00,25.0,99.0,18.7,49.2,41.4,16.7,24.4,1.44,25.3,1.74,1.77,NA,3.29,3.36,1.45,NA,NA,NA,NA,NA,NA,NA,NA,NA
2026-06-22 22:00:00,NA,NA,NA,NA,NA,NA,NA,NA,NA,NA,NA,NA,NA,NA,NA,NA,NA,NA,NA,NA,NA,NA,NA,NA
2026-06-22 23:00:00,NA,NA,NA,NA,NA,NA,NA,NA,NA,NA,NA,NA,NA,NA,NA,NA,NA,NA,NA,NA,NA,NA,NA,NA
2026-06-23 00:00:00,61.0,947.0,25.0,58.5,51.4,14.0,13.4,1.07,36.6,3.35,3.73,NA,2.88,2.81,2.39,NA,NA,NA,NA,NA,NA,NA,NA,NA
2026-06-23 01:00:00,55.0,127.0,19.0,48.0,41.0,19.4,20.4,1.61,17.5,3.46,3.81,NA,2.89,2.9,2.4,NA,NA,NA,NA,NA,NA,NA,NA,NA
2026-06-23 02:00:00,NA,NA,NA,NA,NA,NA,NA,NA,NA,NA,NA,NA,NA,NA,NA,NA,NA,NA,NA,NA,NA,NA,NA,NA
2026-06-23 03:00:00,NA,NA,NA,NA,NA,NA,NA,NA,NA,NA,NA,NA,NA,NA,NA,NA,NA,NA,NA,NA,NA,NA,NA,NA
2026-06-23 04:00:00,NA,NA,NA,NA,NA,NA,NA,NA,NA,NA,NA,NA,NA,NA,NA,NA,NA,NA,NA,NA,NA,NA,NA,NA
2026-06-23 05:00:00,NA,NA,NA,NA,NA,NA,NA,NA,NA,NA,NA,NA,NA,NA,NA,NA,NA,NA,NA,NA,NA,NA,NA,NA
2026-06-23 06:00:00,NA,NA,NA,NA,NA,NA,NA,NA,NA,NA,NA,NA,NA,NA,NA,NA,NA,NA,NA,NA,NA,NA,NA,NA
2026-06-23 07:00:00,NA,NA,NA,NA,NA,NA,NA,NA,NA,NA,NA,NA,NA,NA,NA,NA,NA,NA,NA,NA,NA,NA,NA,NA
2026-06-23 08:00:00,NA,NA,NA,NA,NA,NA,NA,NA,NA,NA,NA,NA,NA,NA,NA,NA,NA,NA,NA,NA,NA,NA,NA,NA
2026-06-23 09:00:00,NA,NA,NA,NA,NA,NA,NA,NA,NA,NA,NA,NA,NA,NA,NA,NA,NA,NA,NA,NA,NA,NA,NA,NA
2026-06-23 10:00:00,NA,NA,NA,NA,NA,NA,NA,NA,NA,NA,NA,NA,NA,NA,NA,NA,NA,NA,NA,NA,NA,NA,NA,NA
2026-06-23 11:00:00,NA,NA,NA,NA,NA,NA,NA,NA,NA,NA,NA,NA,NA,NA,NA,NA,NA,NA,NA,NA,NA,NA,NA,NA
2026-06-23 12:00:00,NA,NA,NA,NA,NA,NA,NA,NA,NA,NA,NA,NA,NA,NA,NA,NA,NA,NA,NA,NA,NA,NA,NA,NA
2026-06-23 13:00:00,NA,NA,NA,NA,NA,NA,NA,NA,NA,NA,NA,NA,NA,NA,NA,NA,NA,NA,NA,NA,NA,NA,NA,NA
2026-06-23 14:00:00,NA,NA,NA,NA,NA,NA,NA,NA,NA,NA,NA,NA,NA,NA,NA,NA,NA,NA,NA,NA,NA,NA,NA,NA
2026-06-23 15:00:00,NA,NA,NA,NA,NA,NA,NA,NA,NA,NA,NA,NA,NA,NA,NA,NA,NA,NA,NA,NA,NA,NA,NA,NA
2026-06-23 16:00:00,NA,NA,NA,NA,NA,NA,NA,NA,NA,NA,NA,NA,NA,NA,NA,NA,NA,NA,NA,NA,NA,NA,NA,NA
2026-06-23 17:00:00,NA,NA,NA,NA,NA,NA,NA,NA,NA,NA,NA,NA,NA,NA,NA,NA,NA,NA,NA,NA,NA,NA,NA,NA
2026-06-23 18:00:00,NA,NA,NA,NA,NA,NA,NA,NA,NA,NA,NA,NA,NA,NA,NA,NA,NA,NA,NA,NA,NA,NA,NA,NA
2026-06-23 19:00:00,NA,NA,NA,NA,NA,NA,NA,NA,NA,NA,NA,NA,NA,NA,NA,NA,NA,NA,NA,NA,NA,NA,NA,NA
2026-06-23 20:00:00,NA,NA,NA,NA,NA,NA,NA,NA,NA,NA,NA,NA,NA,NA,NA,NA,NA,NA,NA,NA,NA,NA,NA,NA
2026-06-23 21:00:00,NA,NA,NA,NA,NA,NA,NA,NA,NA,NA,NA,NA,NA,NA,NA,NA,NA,NA,NA,NA,NA,NA,NA,NA
2026-06-23 22:00:00,NA,NA,NA,NA,NA,NA,NA,NA,NA,NA,NA,NA,NA,NA,NA,NA,NA,NA,NA,NA,NA,NA,NA,NA
2026-06-23 23:00:00,NA,NA,NA,NA,NA,NA,NA,NA,NA,NA,NA,NA,NA,NA,NA,NA,NA,NA,NA,NA,NA,NA,NA,NA
2026-06-24 00:00:00,46.0,120.0,16.3,33.8,31.2,9.6,24.5,1.49,17.4,3.24,3.92,NA,2.82,2.91,2.41,NA,NA,NA,NA,NA,NA,NA,NA,NA
2026-06-24 01:00:00,NA,NA,NA,NA,NA,NA,NA,NA,NA,NA,NA,NA,NA,NA,NA,NA,NA,NA,NA,NA,NA,NA,NA,NA
2026-06-24 02:00:00,NA,NA,NA,NA,NA,NA,NA,NA,NA,NA,NA,NA,NA,NA,NA,NA,NA,NA,NA,NA,NA,NA,NA,NA
2026-06-24 03:00:00,NA,NA,NA,NA,NA,NA,NA,NA,NA,NA,NA,NA,NA,NA,NA,NA,NA,NA,NA,NA,NA,NA,NA,NA
2026-06-24 04:00:00,NA,NA,NA,NA,NA,NA,NA,NA,NA,NA,NA,NA,NA,NA,NA,NA,NA,NA,NA,NA,NA,NA,NA,NA
2026-06-24 05:00:00,NA,NA,NA,NA,NA,NA,NA,NA,NA,NA,NA,NA,NA,NA,NA,NA,NA,NA,NA,NA,NA,NA,NA,NA
2026-06-24 06:00:00,NA,NA,NA,NA,NA,NA,NA,NA,NA,NA,NA,NA,NA,NA,NA,NA,NA,NA,NA,NA,NA,NA,NA,NA
2026-06-24 07:00:00,NA,NA,NA,NA,NA,NA,NA,NA,NA,NA,NA,NA,NA,NA,NA,NA,NA,NA,NA,NA,NA,NA,NA,NA
2026-06-24 08:00:00,NA,NA,NA,NA,NA,NA,NA,NA,NA,NA,NA,NA,NA,NA,NA,NA,NA,NA,NA,NA,NA,NA,NA,NA
2026-06-24 09:00:00,NA,NA,NA,NA,NA,NA,NA,NA,NA,NA,NA,NA,NA,NA,NA,NA,NA,NA,NA,NA,NA,NA,NA,NA
2026-06-24 10:00:00,NA,NA,NA,NA,NA,NA,NA,NA,NA,NA,NA,NA,NA,NA,NA,NA,NA,NA,NA,NA,NA,NA,NA,NA
2026-06-24 11:00:00,NA,NA,NA,NA,NA,NA,NA,NA,NA,NA,NA,NA,NA,NA,NA,NA,NA,NA,NA,NA,NA,NA,NA,NA
2026-06-24 12:00:00,NA,NA,NA,NA,NA,NA,NA,NA,NA,NA,NA,NA,NA,NA,NA,NA,NA,NA,NA,NA,NA,NA,NA,NA
2026-06-24 13:00:00,NA,NA,NA,NA,NA,NA,NA,NA,NA,NA,NA,NA,NA,NA,NA,NA,NA,NA,NA,NA,NA,NA,NA,NA
2026-06-24 14:00:00,NA,NA,NA,NA,NA,NA,NA,NA,NA,NA,NA,NA,NA,NA,NA,NA,NA,NA,NA,NA,NA,NA,NA,NA
2026-06-24 15:00:00,NA,NA,NA,NA,NA,NA,NA,NA,NA,NA,NA,NA,NA,NA,NA,NA,NA,NA,NA,NA,NA,NA,NA,NA
2026-06-24 16:00:00,NA,NA,NA,NA,NA,NA,NA,NA,NA,NA,NA,NA,NA,NA,NA,NA,NA,NA,NA,NA,NA,NA,NA,NA
2026-06-24 17:00:00,NA,NA,NA,NA,NA,NA,NA,NA,NA,NA,NA,NA,NA,NA,NA,NA,NA,NA,NA,NA,NA,NA,NA,NA
2026-06-24 18:00:00,NA,NA,NA,NA,NA,NA,NA,NA,NA,NA,NA,NA,NA,NA,NA,NA,NA,NA,NA,NA,NA,NA,NA,NA
2026-06-24 19:00:00,NA,NA,NA,NA,NA,NA,NA,NA,NA,NA,NA,NA,NA,NA,NA,NA,NA,NA,NA,NA,NA,NA,NA,NA
2026-06-24 20:00:00,NA,NA,NA,NA,NA,NA,NA,NA,NA,NA,NA,NA,NA,NA,NA,NA,NA,NA,NA,NA,NA,NA,NA,NA
2026-06-24 21:00:00,18.0,43.0,25.2,74.9,60.3,21.4,10.6,1.44,20.8,1.7,1.85,NA,3.34,3.39,1.48,NA,NA,NA,NA,NA,NA,NA,NA,NA
2026-06-24 22:00:00,NA,NA,NA,NA,NA,NA,NA,NA,NA,NA,NA,NA,NA,NA,NA,NA,NA,NA,NA,NA,NA,NA,NA,NA
2026-06-24 23:00:00,NA,NA,NA,NA,NA,NA,NA,NA,NA,NA,NA,NA,NA,NA,NA,NA,NA,NA,NA,NA,NA,NA,NA,NA
2026-06-25 00:00:00,38.0,107.25,21.65,62.5,50.85,19.4,18.18,1.68,17.45,3.49,3.79,NA,2.83,2.84,2.44,NA,NA,NA,NA,NA,NA,NA,NA,NA
2026-06-25 01:00:00,38.75,115.25,23.33,64.38,53.23,19.45,19.77,1.48,17.03,3.55,3.73,NA,2.82,2.8,2.44,NA,NA,NA,NA,NA,NA,NA,NA,NA
2026-06-25 02:00:00,34.25,117.25,22.43,52.63,46.23,14.8,20.03,1.22,17.18,3.44,3.75,NA,2.85,2.87,2.46,NA,NA,NA,NA,NA,NA,NA,NA,NA
2026-06-25 03:00:00,32.5,113.75,21.78,46.88,42.63,15.7,20.68,1.09,17.05,3.33,3.78,NA,2.83,2.85,2.45,NA,NA,NA,NA,NA,NA,NA,NA,NA
2026-06-25 04:00:00,39.25,122.0,21.98,45.93,42.3,15.6,18.65,1.4,17.2,3.44,3.72,NA,2.84,2.83,2.46,NA,NA,NA,NA,NA,NA,NA,NA,NA
2026-06-25 05:00:00,44.0,144.25,22.88,52.55,46.55,17.6,18.1,1.44,17.15,3.46,3.76,NA,2.8,2.85,2.48,NA,NA,NA,NA,NA,NA,NA,NA,NA
2026-06-25 06:00:00,39.25,134.75,24.0,65.35,54.28,16.18,18.7,1.29,17.03,3.5,3.79,NA,2.85,2.85,2.46,NA,NA,NA,NA,NA,NA,NA,NA,NA
2026-06-25 07:00:00,43.5,142.5,19.93,42.65,38.9,15.0,20.63,1.35,17.33,3.4,3.74,NA,2.82,2.87,2.45,NA,NA,NA,NA,NA,NA,NA,NA,NA
2026-06-25 08:00:00,78.5,159.0,18.63,39.8,36.3,14.2,19.08,1.28,20.98,5.49,5.57,NA,3.69,4.93,2.96,NA,NA,NA,NA,NA,NA,NA,NA,NA
2026-06-25 09:00:00,62.75,148.75,15.2,27.17,26.55,14.75,16.35,1.32,27.63,5.58,5.51,NA,3.65,4.85,2.97,NA,NA,NA,NA,NA,NA,NA,NA,NA
2026-06-25 10:00:00,44.25,137.5,17.78,41.45,36.5,18.48,15.8,1.28,44.33,5.53,5.56,NA,3.76,4.86,2.95,NA,NA,NA,NA,NA,NA,NA,NA,NA
2026-06-25 11:00:00,35.5,110.0,16.4,39.15,34.15,16.05,14.8,1.21,54.05,5.19,5.59,NA,3.82,4.89,2.99,NA,NA,NA,NA,NA,NA,NA,NA,NA
2026-06-25 12:00:00,34.25,111.75,18.13,42.95,37.58,15.65,16.5,1.13,66.0,5.44,5.54,NA,3.62,5.0,2.94,NA,NA,NA,NA,NA,NA,NA,NA,NA
2026-06-25 13:00:00,41.25,120.25,19.35,48.23,41.4,16.8,18.0,1.15,63.45,4.29,4.26,NA,1.75,4.15,3.75,NA,NA,NA,NA,NA,NA,NA,NA,NA
2026-06-25 14:00:00,35.75,106.75,21.18,58.58,48.35,16.55,17.1,1.26,41.35,4.31,4.17,NA,1.8,4.22,3.82,NA,NA,NA,NA,NA,NA,NA,NA,NA
2026-06-25 15:00:00,31.5,96.25,20.65,44.35,40.38,16.58,16.85,1.23,41.55,4.24,4.15,NA,1.84,4.22,3.76,NA,NA,NA,NA,NA,NA,NA,NA,NA
2026-06-25 16:00:00,26.25,91.5,20.3,47.75,41.93,13.28,18.43,0.95,47.13,4.31,4.26,NA,1.81,4.24,3.78,NA,NA,NA,NA,NA,NA,NA,NA,NA
2026-06-25 17:00:00,30.25,103.75,15.88,22.68,24.98,11.83,18.55,1.12,38.13,4.17,4.26,NA,1.75,4.13,3.75,NA,NA,NA,NA,NA,NA,NA,NA,NA
2026-06-25 18:00:00,40.75,124.0,22.6,64.45,52.65,18.4,19.05,1.42,27.08,3.7,3.47,NA,4.27,3.14,4.83,NA,NA,NA,NA,NA,NA,NA,NA,NA
2026-06-25 19:00:00,41.25,137.25,19.45,40.18,37.18,15.65,18.33,1.57,19.6,3.56,3.16,NA,5.17,2.72,5.01,NA,NA,NA,NA,NA,NA,NA,NA,NA
2026-06-25 20:00:00,45.0,155.5,19.15,42.73,38.33,15.8,18.63,1.95,18.55,3.56,3.21,NA,5.16,2.79,5.07,NA,NA,NA,NA,NA,NA,NA,NA,NA
2026-06-25 21:00:00,59.0,171.67,19.77,50.0,42.67,16.53,19.27,1.73,18.03,1.73,1.82,NA,3.29,3.27,1.49,NA,NA,NA,NA,NA,NA,NA,NA,NA
2026-06-25 22:00:00,39.75,115.75,19.25,46.85,40.6,15.13,18.85,1.24,23.65,1.71,1.86,NA,3.25,3.2,1.47,NA,NA,NA,NA,NA,NA,NA,NA,NA
2026-06-25 23:00:00,28.67,76.67,17.93,39.37,35.5,12.07,18.37,1.06,24.27,1.75,1.86,NA,3.31,3.44,1.49,NA,NA,NA,NA,NA,NA,NA,NA,NA
2026-06-26 00:00:00,22.25,65.25,17.13,35.8,32.95,14.73,9.78,1.07,21.45,3.46,3.74,NA,2.83,2.88,2.44,NA,NA,NA,NA,NA,NA,NA,NA,NA
2026-06-26 01:00:00,22.0,64.25,17.15,39.63,35.0,15.48,5.23,0.98,19.35,3.43,3.74,NA,2.83,2.86,2.46,NA,NA,NA,NA,NA,NA,NA,NA,NA
2026-06-26 02:00:00,25.0,63.5,20.93,59.95,48.9,18.58,5.05,0.89,19.78,3.48,3.79,NA,2.82,2.85,2.45,NA,NA,NA,NA,NA,NA,NA,NA,NA
2026-06-26 03:00:00,22.0,55.75,21.28,51.85,44.85,18.08,5.05,0.85,19.38,3.45,3.76,NA,2.82,2.84,2.48,NA,NA,NA,NA,NA,NA,NA,NA,NA
2026-06-26 04:00:00,21.25,55.5,20.5,46.28,41.28,17.0,14.93,1.07,19.35,3.38,3.76,NA,2.82,2.86,2.44,NA,NA,NA,NA,NA,NA,NA,NA,NA
2026-06-26 05:00:00,18.0,59.0,26.65,79.18,63.78,22.08,20.45,1.16,17.13,3.47,3.79,NA,2.84,2.88,2.45,NA,NA,NA,NA,NA,NA,NA,NA,NA
2026-06-26 06:00:00,18.5,62.25,17.97,23.7,26.28,9.5,21.23,1.12,18.53,3.51,3.78,NA,2.84,2.86,2.45,NA,NA,NA,NA,NA,NA,NA,NA,NA
2026-06-26 07:00:00,21.25,63.25,17.98,38.98,35.35,12.9,22.3,1.13,20.43,3.44,3.79,NA,2.84,2.86,2.45,NA,NA,NA,NA,NA,NA,NA,NA,NA
2026-06-26 08:00:00,26.0,83.5,27.3,78.83,64.15,23.2,19.7,1.21,24.65,5.44,5.52,NA,3.78,4.94,2.94,NA,NA,NA,NA,NA,NA,NA,NA,NA
2026-06-26 09:00:00,33.25,109.5,20.73,33.4,34.6,11.45,17.68,1.23,32.5,5.51,5.54,NA,3.69,4.89,2.94,NA,NA,NA,NA,NA,NA,NA,NA,NA
2026-06-26 10:00:00,36.75,121.25,23.75,49.53,45.63,12.85,18.5,1.21,39.48,5.44,5.55,NA,3.62,5.04,2.98,NA,NA,NA,NA,NA,NA,NA,NA,NA
2026-06-26 11:00:00,37.25,122.0,20.23,33.03,34.05,8.48,18.8,1.27,44.43,5.43,5.46,NA,3.7,4.91,2.95,NA,NA,NA,NA,NA,NA,NA,NA,NA
2026-06-26 12:00:00,32.0,114.25,19.53,36.9,35.53,13.35,13.88,1.21,52.03,5.71,5.54,NA,3.67,4.93,2.95,NA,NA,NA,NA,NA,NA,NA,NA,NA
2026-06-26 13:00:00,29.5,107.25,18.43,34.9,33.55,11.38,11.83,1.16,52.15,4.33,4.21,NA,1.81,4.21,3.92,NA,NA,NA,NA,NA,NA,NA,NA,NA
2026-06-26 14:00:00,26.5,96.0,19.85,44.03,39.55,14.88,11.88,1.18,58.25,4.25,4.16,NA,1.8,4.21,3.82,NA,NA,NA,NA,NA,NA,NA,NA,NA
2026-06-26 15:00:00,26.75,91.5,19.55,39.93,37.15,15.23,11.75,1.15,65.08,4.29,4.24,NA,1.74,4.16,3.82,NA,NA,NA,NA,NA,NA,NA,NA,NA
2026-06-26 16:00:00,25.25,86.75,21.63,50.73,44.55,16.48,16.75,1.13,68.3,4.14,4.15,NA,1.79,4.14,3.83,NA,NA,NA,NA,NA,NA,NA,NA,NA
2026-06-26 17:00:00,29.0,89.5,22.68,46.2,43.0,14.67,18.93,1.15,68.4,4.2,4.27,NA,1.73,4.15,3.84,NA,NA,NA,NA,NA,NA,NA,NA,NA
2026-06-26 18:00:00,29.25,98.25,22.1,47.88,43.45,13.23,18.3,1.44,43.48,3.81,3.52,NA,4.31,3.13,4.81,NA,NA,NA,NA,NA,NA,NA,NA,NA
2026-06-26 19:00:00,31.5,112.75,22.75,46.7,43.33,15.65,17.65,1.46,31.35,3.59,3.29,NA,5.04,2.84,5.47,NA,NA,NA,NA,NA,NA,NA,NA,NA
2026-06-26 20:00:00,30.75,100.0,21.33,45.2,40.83,11.83,12.4,1.21,46.65,3.54,3.24,NA,5.04,2.87,5.09,NA,NA,NA,NA,NA,NA,NA,NA,NA
2026-06-26 21:00:00,29.33,77.33,17.6,28.43,29.43,9.47,9.8,1.26,31.03,1.74,1.82,NA,3.31,3.43,1.48,NA,NA,NA,NA,NA,NA,NA,NA,NA
2026-06-26 22:00:00,29.0,86.75,20.23,47.6,41.8,14.93,9.85,1.4,23.38,1.71,1.83,NA,3.33,3.31,1.47,NA,NA,NA,NA,NA,NA,NA,NA,NA
2026-06-26 23:00:00,31.0,84.0,27.5,85.53,67.83,22.7,9.43,1.33,21.13,1.74,1.8,NA,3.27,3.29,1.54,NA,NA,NA,NA,NA,NA,NA,NA,NA
2026-06-27 00:00:00,33.25,82.75,28.38,68.88,59.73,15.78,19.48,1.4,17.3,3.46,3.76,NA,2.86,2.86,2.49,NA,NA,NA,NA,NA,NA,NA,NA,NA
2026-06-27 01:00:00,38.0,85.25,25.75,46.13,45.48,9.25,24.3,1.42,17.28,3.39,3.76,NA,2.84,2.83,2.43,NA,NA,NA,NA,NA,NA,NA,NA,NA
2026-06-27 02:00:00,45.75,90.5,26.95,50.73,48.88,12.53,24.4,1.21,19.45,3.47,3.73,NA,2.85,2.85,2.44,NA,NA,NA,NA,NA,NA,NA,NA,NA
2026-06-27 03:00:00,44.25,82.25,27.48,55.08,51.63,11.18,24.8,1.09,20.55,3.43,3.76,NA,2.85,2.84,2.43,NA,NA,NA,NA,NA,NA,NA,NA,NA
2026-06-27 04:00:00,39.5,91.0,27.3,50.78,49.2,12.53,20.55,1.12,20.68,3.37,3.78,NA,2.83,2.86,2.4,NA,NA,NA,NA,NA,NA,NA,NA,NA
2026-06-27 05:00:00,40.25,100.0,26.43,42.8,44.25,11.25,18.0,1.11,20.28,3.45,3.76,NA,2.8,2.88,2.46,NA,NA,NA,NA,NA,NA,NA,NA,NA
2026-06-27 06:00:00,39.5,118.5,29.53,57.57,54.6,12.23,18.13,1.1,21.15,3.41,3.75,NA,2.84,2.87,2.46,NA,NA,NA,NA,NA,NA,NA,NA,NA
2026-06-27 07:00:00,40.75,145.5,18.2,18.25,22.18,5.05,17.33,1.14,21.5,3.48,3.76,NA,2.84,2.86,2.47,NA,NA,NA,NA,NA,NA,NA,NA,NA
2026-06-27 08:00:00,48.75,153.0,17.23,24.03,24.3,13.18,20.2,1.18,24.4,5.28,5.53,NA,3.68,4.91,2.94,NA,NA,NA,NA,NA,NA,NA,NA,NA
2026-06-27 09:00:00,44.67,153.0,19.27,42.77,38.43,15.87,22.43,1.25,34.73,5.6,5.6,NA,3.71,4.87,2.95,NA,NA,NA,NA,NA,NA,NA,NA,NA
2026-06-27 10:00:00,39.5,148.0,20.7,47.68,42.2,16.03,23.38,1.24,36.93,5.43,5.55,NA,3.67,4.97,2.98,NA,NA,NA,NA,NA,NA,NA,NA,NA
2026-06-27 11:00:00,40.75,138.0,25.9,71.6,59.15,19.63,24.23,1.21,51.98,5.6,5.56,NA,3.7,4.96,2.92,NA,NA,NA,NA,NA,NA,NA,NA,NA
2026-06-27 12:00:00,42.75,148.25,22.03,40.88,39.68,11.63,22.7,1.1,57.0,5.42,5.5,NA,3.72,5.05,2.96,NA,NA,NA,NA,NA,NA,NA,NA,NA
2026-06-27 13:00:00,42.0,133.0,26.23,51.37,48.35,14.53,21.8,1.09,56.43,4.31,4.21,NA,1.76,4.19,3.94,NA,NA,NA,NA,NA,NA,NA,NA,NA
2026-06-27 14:00:00,51.0,138.0,21.15,22.63,29.28,7.33,20.93,1.09,59.28,4.18,4.25,NA,1.84,4.19,3.91,NA,NA,NA,NA,NA,NA,NA,NA,NA
2026-06-27 15:00:00,44.0,124.5,18.88,18.15,25.0,8.88,20.35,1.03,56.78,4.29,4.26,NA,1.82,4.26,3.7,NA,NA,NA,NA,NA,NA,NA,NA,NA
2026-06-27 16:00:00,40.25,115.5,19.85,37.6,36.18,13.63,18.48,1.12,61.55,4.27,4.25,NA,1.89,4.27,3.68,NA,NA,NA,NA,NA,NA,NA,NA,NA
2026-06-27 17:00:00,37.67,109.67,21.53,46.83,41.05,15.03,17.37,1.14,57.67,4.18,4.2,NA,1.85,4.2,3.83,NA,NA,NA,NA,NA,NA,NA,NA,NA
2026-06-27 18:00:00,38.0,106.25,20.48,44.73,40.45,13.38,17.38,1.27,54.68,3.7,3.51,NA,4.24,3.04,4.93,NA,NA,NA,NA,NA,NA,NA,NA,NA
2026-06-27 19:00:00,50.25,151.0,19.15,39.85,36.78,13.45,17.85,1.62,27.6,3.58,3.23,NA,5.13,2.76,5.06,NA,NA,NA,NA,NA,NA,NA,NA,NA
2026-06-27 20:00:00,60.25,176.0,20.6,44.58,40.45,15.3,25.4,1.78,18.83,3.62,3.2,NA,5.1,2.78,5.29,NA,NA,NA,NA,NA,NA,NA,NA,NA
2026-06-27 21:00:00,66.25,187.0,20.88,48.73,43.03,16.4,27.95,2.11,18.38,2.17,2.2,NA,3.73,3.2,2.44,NA,NA,NA,NA,NA,NA,NA,NA,NA
2026-06-27 22:00:00,71.0,204.75,16.68,28.9,28.93,13.03,27.83,2.25,18.3,1.72,1.84,NA,3.32,3.2,1.49,NA,NA,NA,NA,NA,NA,NA,NA,NA
2026-06-27 23:00:00,74.0,205.0,24.6,76.63,60.77,24.8,28.4,2.32,18.67,1.72,1.86,NA,3.29,3.33,1.46,NA,NA,NA,NA,NA,NA,NA,NA,NA
2026-06-28 00:00:00,78.75,239.75,27.28,70.32,59.6,17.63,19.53,1.64,18.05,3.4,3.77,NA,2.81,2.83,2.48,NA,NA,NA,NA,NA,NA,NA,NA,NA
2026-06-28 01:00:00,76.0,234.75,26.78,53.83,50.4,16.3,15.1,1.51,18.67,3.47,3.78,NA,2.83,2.83,2.46,NA,NA,NA,NA,NA,NA,NA,NA,NA
2026-06-28 02:00:00,92.0,216.25,28.5,60.35,55.28,15.08,13.85,1.38,18.25,3.47,3.76,NA,2.85,2.84,2.43,NA,NA,NA,NA,NA,NA,NA,NA,NA
2026-06-28 03:00:00,95.5,198.25,26.23,41.38,43.3,13.08,13.15,1.46,18.03,3.46,3.75,NA,2.84,2.87,2.46,NA,NA,NA,NA,NA,NA,NA,NA,NA
2026-06-28 04:00:00,92.75,200.5,24.95,30.5,36.5,8.9,15.2,1.71,17.73,3.51,3.73,NA,2.83,2.89,2.42,NA,NA,NA,NA,NA,NA,NA,NA,NA
2026-06-28 05:00:00,72.67,161.67,27.3,53.53,50.67,16.43,16.03,1.45,17.5,3.48,3.75,NA,2.85,2.86,2.46,NA,NA,NA,NA,NA,NA,NA,NA,NA
2026-06-28 06:00:00,59.75,145.75,27.83,52.2,50.4,17.08,16.25,1.49,17.63,3.45,3.72,NA,2.84,2.84,2.48,NA,NA,NA,NA,NA,NA,NA,NA,NA
2026-06-28 07:00:00,49.0,143.25,21.45,25.93,27.75,8.33,16.53,1.2,18.48,3.44,3.76,NA,2.81,2.89,2.44,NA,NA,NA,NA,NA,NA,NA,NA,NA
2026-06-28 08:00:00,40.25,116.75,17.8,20.98,25.65,11.48,17.58,1.19,22.68,5.5,5.58,NA,3.64,4.86,2.97,NA,NA,NA,NA,NA,NA,NA,NA,NA
2026-06-28 09:00:00,30.25,90.0,17.88,35.38,33.38,14.35,18.65,1.08,25.93,5.35,5.49,NA,3.69,4.95,2.98,NA,NA,NA,NA,NA,NA,NA,NA,NA
2026-06-28 10:00:00,24.25,70.0,19.1,43.93,38.88,16.05,18.95,1.08,28.98,5.33,5.56,NA,3.61,4.88,2.97,NA,NA,NA,NA,NA,NA,NA,NA,NA
2026-06-28 11:00:00,26.5,81.0,19.43,50.65,42.73,16.05,19.4,1.08,37.98,5.47,5.47,NA,3.56,4.95,2.98,NA,NA,NA,NA,NA,NA,NA,NA,NA
2026-06-28 12:00:00,35.5,103.5,25.2,69.65,57.5,21.5,16.85,1.24,51.03,5.4,5.53,NA,3.73,5.03,2.95,NA,NA,NA,NA,NA,NA,NA,NA,NA
2026-06-28 13:00:00,38.5,114.5,25.48,62.28,53.8,18.05,15.0,1.19,50.68,4.29,4.34,NA,1.81,4.19,3.79,NA,NA,NA,NA,NA,NA,NA,NA,NA
2026-06-28 14:00:00,34.5,102.75,19.6,28.93,31.35,8.13,14.48,1.17,60.43,4.34,4.19,NA,1.85,4.27,3.79,NA,NA,NA,NA,NA,NA,NA,NA,NA
2026-06-28 15:00:00,41.5,106.25,20.4,37.05,36.28,10.73,14.18,1.11,68.6,4.18,4.16,NA,1.83,4.23,3.86,NA,NA,NA,NA,NA,NA,NA,NA,NA
2026-06-28 16:00:00,48.75,117.25,21.33,46.8,42.23,12.48,21.63,1.15,67.25,4.36,4.25,NA,1.81,4.14,3.81,NA,NA,NA,NA,NA,NA,NA,NA,NA
2026-06-28 17:00:00,46.75,129.5,19.15,34.68,34.03,10.9,24.63,1.2,60.73,4.28,4.19,NA,1.8,4.26,3.69,NA,NA,NA,NA,NA,NA,NA,NA,NA
2026-06-28 18:00:00,47.5,233.5,19.45,40.05,37.15,12.78,24.43,1.32,48.0,3.82,3.43,NA,4.2,3.11,4.8,NA,NA,NA,NA,NA,NA,NA,NA,NA
2026-06-28 19:00:00,49.5,129.25,20.33,44.2,40.03,17.9,24.0,1.55,31.3,3.55,3.21,NA,5.2,2.75,5.24,NA,NA,NA,NA,NA,NA,NA,NA,NA
2026-06-28 20:00:00,58.25,130.25,20.6,46.78,41.65,14.4,23.35,1.69,20.25,3.57,3.22,NA,5.1,2.76,5.34,NA,NA,NA,NA,NA,NA,NA,NA,NA
2026-06-28 21:00:00,60.5,144.75,18.75,35.53,34.18,13.5,23.23,1.89,17.9,2.17,2.18,NA,3.76,3.2,2.41,NA,NA,NA,NA,NA,NA,NA,NA,NA
2026-06-28 22:00:00,59.0,138.0,16.5,32.75,30.85,12.95,22.9,1.99,17.85,1.72,1.75,NA,3.32,3.36,1.45,NA,NA,NA,NA,NA,NA,NA,NA,NA
2026-06-28 23:00:00,57.0,134.33,26.13,88.93,68.53,26.07,22.9,1.76,17.27,1.71,1.8,NA,3.35,3.28,1.52,NA,NA,NA,NA,NA,NA,NA,NA,NA
2026-06-29 00:00:00,55.5,115.0,27.55,70.5,59.9,21.25,22.03,1.3,19.13,3.47,3.77,NA,2.82,2.87,2.44,NA,NA,NA,NA,NA,NA,NA,NA,NA
2026-06-29 01:00:00,63.5,131.75,27.1,61.13,54.6,13.1,20.4,1.15,21.33,3.46,3.72,NA,2.84,2.84,2.46,NA,NA,NA,NA,NA,NA,NA,NA,NA
2026-06-29 02:00:00,52.33,139.33,28.7,66.47,58.7,14.13,19.07,0.98,22.27,3.52,3.75,NA,2.84,2.83,2.47,NA,NA,NA,NA,NA,NA,NA,NA,NA
2026-06-29 03:00:00,46.0,106.0,26.3,48.9,47.4,10.35,18.7,0.93,21.25,3.45,3.74,NA,2.85,2.83,2.46,NA,NA,NA,NA,NA,NA,NA,NA,NA
2026-06-29 04:00:00,44.25,97.25,26.63,45.53,45.88,9.75,25.85,1.14,19.33,3.53,3.76,NA,2.85,2.84,2.45,NA,NA,NA,NA,NA,NA,NA,NA,NA
2026-06-29 05:00:00,41.25,87.0,25.4,38.55,41.15,7.38,29.63,1.15,19.35,3.57,3.72,NA,2.84,2.84,2.44,NA,NA,NA,NA,NA,NA,NA,NA,NA
2026-06-29 06:00:00,42.0,98.25,16.35,6.53,15.25,4.08,29.33,1.17,NA,3.39,3.78,NA,2.82,2.85,2.44,NA,NA,NA,NA,NA,NA,NA,NA,NA
2026-06-29 07:00:00,38.5,101.75,14.45,16.37,16.85,6.52,30.88,1.17,NA,3.45,3.72,NA,2.82,2.87,2.44,NA,NA,NA,NA,NA,NA,NA,NA,NA
2026-06-29 08:00:00,26.25,98.75,21.83,54.63,46.8,17.48,24.68,1.17,NA,5.5,5.45,NA,3.69,4.92,2.98,NA,NA,NA,NA,NA,NA,NA,NA,NA
2026-06-29 09:00:00,21.0,93.33,15.67,26.33,28.5,9.47,21.73,1.12,NA,5.54,5.59,NA,3.69,4.89,2.94,NA,NA,NA,NA,NA,NA,NA,NA,NA
2026-06-29 10:00:00,27.0,109.0,20.18,55.6,49.13,16.23,22.85,1.11,NA,5.35,5.58,NA,3.7,4.87,2.97,NA,NA,NA,NA,NA,NA,NA,NA,NA
2026-06-29 11:00:00,29.0,138.67,24.1,71.3,57.53,20.83,22.8,1.08,NA,5.54,5.52,NA,3.63,4.91,2.98,NA,NA,NA,NA,NA,NA,NA,NA,NA
2026-06-29 12:00:00,29.5,137.75,17.78,28.2,29.43,9.68,21.18,1.23,NA,5.56,5.51,NA,3.66,4.99,2.94,NA,NA,NA,NA,NA,NA,NA,NA,NA
2026-06-29 13:00:00,30.0,138.75,22.0,59.8,49.73,17.43,21.83,1.19,NA,4.19,4.2,NA,1.86,4.2,3.82,NA,NA,NA,NA,NA,NA,NA,NA,NA
2026-06-29 14:00:00,37.75,151.25,24.2,62.55,52.95,14.95,20.85,1.16,NA,4.34,4.33,NA,1.77,4.19,3.76,NA,NA,NA,NA,NA,NA,NA,NA,NA
2026-06-29 15:00:00,36.0,152.67,23.97,50.13,50.9,13.23,20.07,1.1,NA,4.27,4.25,NA,1.8,4.24,3.81,NA,NA,NA,NA,NA,NA,NA,NA,NA
2026-06-29 16:00:00,28.25,141.75,26.5,59.48,53.15,13.65,23.75,1.15,NA,4.18,4.16,NA,1.73,4.14,3.77,NA,NA,NA,NA,NA,NA,NA,NA,NA
2026-06-29 17:00:00,36.25,151.25,19.28,22.15,26.8,8.4,25.93,1.2,NA,4.32,4.11,NA,1.76,4.23,3.81,NA,NA,NA,NA,NA,NA,NA,NA,NA
2026-06-29 18:00:00,27.5,146.75,19.68,34.83,34.53,13.33,25.68,1.21,NA,3.73,3.41,NA,4.22,3.09,4.73,NA,NA,NA,NA,NA,NA,NA,NA,NA
2026-06-29 19:00:00,27.5,166.0,21.1,47.05,42.15,14.9,25.95,1.73,NA,3.54,3.22,NA,5.1,2.8,5.26,NA,NA,NA,NA,NA,NA,NA,NA,NA
2026-06-29 20:00:00,32.33,145.33,20.4,40.13,37.0,17.07,21.77,1.78,NA,3.57,3.26,NA,5.0,2.76,5.15,NA,NA,NA,NA,NA,NA,NA,NA,NA
2026-06-29 21:00:00,38.75,134.5,18.78,37.98,35.48,17.08,21.45,1.99,NA,2.16,2.21,NA,3.68,3.16,2.43,NA,NA,NA,NA,NA,NA,NA,NA,NA
2026-06-29 22:00:00,44.67,146.67,18.9,42.43,39.4,14.33,21.1,1.92,NA,1.72,1.85,NA,3.3,3.31,1.47,NA,NA,NA,NA,NA,NA,NA,NA,NA
2026-06-29 23:00:00,39.33,127.67,19.57,42.53,38.57,15.0,20.3,1.69,NA,1.7,1.79,NA,3.29,3.41,1.49,NA,NA,NA,NA,NA,NA,NA,NA,NA
2026-06-30 00:00:00,39.0,112.33,19.47,44.93,41.25,17.33,18.03,1.21,NA,3.55,3.75,NA,2.8,2.86,2.47,NA,NA,NA,NA,NA,NA,NA,NA,NA
2026-06-30 01:00:00,31.67,99.0,20.27,49.93,42.65,17.13,17.03,1.01,NA,3.44,3.72,NA,2.85,2.84,2.45,NA,NA,NA,NA,NA,NA,NA,NA,NA
2026-06-30 02:00:00,27.25,80.75,22.95,66.95,54.28,18.58,17.25,0.88,NA,3.45,3.75,NA,2.84,2.89,2.42,NA,NA,NA,NA,NA,NA,NA,NA,NA
2026-06-30 03:00:00,19.5,66.75,19.67,39.13,36.82,15.75,17.43,0.84,NA,3.47,3.8,NA,2.82,2.83,2.43,NA,NA,NA,NA,NA,NA,NA,NA,NA
2026-06-30 04:00:00,32.75,103.25,19.2,43.0,38.48,14.77,16.53,1.26,NA,3.46,3.79,NA,2.84,2.86,2.47,NA,NA,NA,NA,NA,NA,NA,NA,NA
2026-06-30 05:00:00,47.25,127.0,19.95,52.55,44.2,14.55,16.23,1.36,NA,3.52,3.76,NA,2.85,2.88,2.48,NA,NA,NA,NA,NA,NA,NA,NA,NA
2026-06-30 06:00:00,42.0,119.25,19.38,44.13,39.23,15.73,16.4,1.34,NA,3.45,3.75,NA,2.84,2.88,2.45,NA,NA,NA,NA,NA,NA,NA,NA,NA
2026-06-30 07:00:00,34.5,123.5,28.88,88.8,70.7,21.98,16.68,1.18,NA,3.42,3.76,NA,2.83,2.87,2.46,NA,NA,NA,NA,NA,NA,NA,NA,NA
2026-06-30 08:00:00,24.75,141.5,17.1,19.03,23.1,5.08,20.15,1.08,NA,5.42,5.51,NA,3.71,5.02,2.95,NA,NA,NA,NA,NA,NA,NA,NA,NA
2026-06-30 09:00:00,26.67,194.0,17.97,36.43,30.05,12.67,22.8,1.1,NA,5.59,5.54,NA,3.66,5.04,2.97,NA,NA,NA,NA,NA,NA,NA,NA,NA
2026-06-30 10:00:00,30.67,221.67,21.83,58.4,52.1,17.6,23.33,1.11,NA,5.5,5.49,NA,3.72,5.06,2.95,NA,NA,NA,NA,NA,NA,NA,NA,NA
2026-06-30 11:00:00,34.5,217.0,18.6,30.23,31.2,14.05,22.63,1.14,21.7,5.41,5.56,NA,3.6,4.94,2.96,NA,NA,NA,NA,NA,NA,NA,NA,NA
2026-06-30 12:00:00,39.25,217.75,20.85,47.73,42.33,18.3,26.23,1.22,25.67,5.36,5.52,NA,3.63,4.98,2.95,NA,NA,NA,NA,NA,NA,NA,NA,NA
2026-06-30 13:00:00,38.75,227.0,18.18,38.63,35.28,12.63,27.75,NA,27.83,4.18,4.19,NA,1.76,4.1,3.84,NA,NA,NA,NA,NA,NA,NA,NA,NA
2026-06-30 14:00:00,39.75,253.25,19.18,46.23,40.2,15.83,27.73,0.86,32.1,4.23,4.11,NA,1.81,4.15,3.71,NA,NA,NA,NA,NA,NA,NA,NA,NA
2026-06-30 15:00:00,44.5,275.25,21.33,55.97,47.1,16.48,NA,0.83,35.18,4.36,4.22,NA,1.76,4.2,3.76,NA,NA,NA,NA,NA,NA,NA,NA,NA
2026-06-30 16:00:00,61.0,295.5,20.5,53.6,45.1,14.1,NA,1.21,42.98,NA,NA,NA,NA,NA,NA,NA,NA,NA,NA,NA,NA,NA,NA,NA
2026-06-30 17:00:00,79.0,234.5,21.9,53.2,46.1,12.4,19.37,1.58,31.7,NA,NA,NA,NA,NA,NA,NA,NA,NA,NA,NA,NA,NA,NA,NA
2026-06-30 18:00:00,67.75,173.5,26.08,68.3,57.55,16.88,20.53,1.81,24.25,3.78,3.47,NA,4.36,3.07,4.76,NA,NA,NA,NA,NA,NA,NA,NA,NA
2026-06-30 19:00:00,65.5,171.0,19.05,26.2,27.58,8.6,21.03,1.92,17.78,3.58,3.21,NA,5.1,2.73,5.21,NA,NA,NA,NA,NA,NA,NA,NA,NA
2026-06-30 20:00:00,68.25,175.0,16.83,24.33,26.0,8.98,13.75,1.52,17.88,3.57,3.23,NA,5.21,2.82,5.04,NA,NA,NA,NA,NA,NA,NA,NA,NA
2026-06-30 21:00:00,64.5,149.25,19.4,47.45,40.98,15.05,10.35,1.26,17.53,2.17,2.17,NA,3.69,3.19,2.35,NA,NA,NA,NA,NA,NA,NA,NA,NA
2026-06-30 22:00:00,53.25,112.5,17.03,31.78,30.7,15.9,10.38,1.04,17.28,1.73,1.84,NA,3.34,3.25,1.49,NA,NA,NA,NA,NA,NA,NA,NA,NA
2026-06-30 23:00:00,53.0,109.67,18.05,42.17,36.77,18.95,10.75,1.25,18.15,1.71,1.8,NA,3.32,3.35,1.47,NA,NA,NA,NA,NA,NA,NA,NA,NA
2026-08-01 00:00:00,23.75,61.0,32.58,106.85,83.28,27.47,16.25,0.8,14.18,3.5,3.74,NA,2.83,2.86,2.45,NA,NA,NA,NA,NA,NA,NA,NA,NA
2026-08-01 01:00:00,22.25,47.5,37.25,89.13,77.7,17.13,14.85,0.71,13.0,3.52,3.76,NA,2.82,2.88,2.46,NA,NA,NA,NA,NA,NA,NA,NA,NA
2026-08-01 02:00:00,25.0,48.0,18.68,19.08,21.58,5.73,10.25,0.57,13.53,3.45,3.79,NA,2.81,2.83,2.44,NA,NA,NA,NA,NA,NA,NA,NA,NA
2026-08-01 03:00:00,26.5,53.0,13.98,4.25,10.55,6.23,14.15,0.54,14.95,3.39,3.78,NA,2.82,2.82,2.48,NA,NA,NA,NA,NA,NA,NA,NA,NA
2026-08-01 04:00:00,25.0,49.0,17.4,35.0,32.8,15.0,19.55,0.75,15.68,3.44,3.74,NA,2.82,2.85,2.44,NA,NA,NA,NA,NA,NA,NA,NA,NA
2026-08-01 05:00:00,23.25,51.5,17.67,43.15,37.35,15.73,20.75,0.84,15.53,3.46,3.74,NA,2.84,2.81,2.46,NA,NA,NA,NA,NA,NA,NA,NA,NA
2026-08-01 06:00:00,31.75,62.0,23.2,74.8,58.65,19.53,13.28,0.91,15.58,3.44,3.75,NA,2.84,2.86,2.47,NA,NA,NA,NA,NA,NA,NA,NA,NA
2026-08-01 07:00:00,28.5,57.75,20.68,45.93,41.23,15.8,11.75,0.95,17.68,3.49,3.77,NA,2.84,2.86,2.43,NA,NA,NA,NA,NA,NA,NA,NA,NA
2026-08-01 08:00:00,30.75,58.5,19.5,41.4,37.85,13.93,12.23,0.86,18.03,5.5,5.6,NA,3.62,5.02,2.97,NA,NA,NA,NA,NA,NA,NA,NA,NA
2026-08-01 09:00:00,34.5,70.5,20.08,46.7,41.18,16.3,12.25,0.96,18.3,5.47,5.46,NA,3.65,4.93,2.98,NA,NA,NA,NA,NA,NA,NA,NA,NA
2026-08-01 10:00:00,39.25,77.75,19.97,49.45,42.53,14.55,12.08,0.94,18.9,5.5,5.54,NA,3.65,4.91,2.94,NA,NA,NA,NA,NA,NA,NA,NA,NA
2026-08-01 11:00:00,41.25,81.25,20.63,49.9,43.33,15.8,12.03,0.94,18.38,5.27,5.57,NA,3.77,4.91,2.98,NA,NA,NA,NA,NA,NA,NA,NA,NA
2026-08-01 12:00:00,42.0,79.75,19.23,42.58,38.25,12.9,12.03,0.92,17.88,5.55,5.56,NA,3.69,4.98,2.93,NA,NA,NA,NA,NA,NA,NA,NA,NA
2026-08-01 13:00:00,45.5,83.0,19.97,45.4,40.65,16.2,11.97,0.92,21.83,4.3,4.16,NA,1.88,4.21,3.59,NA,NA,NA,NA,NA,NA,NA,NA,NA
2026-08-01 14:00:00,44.5,77.0,17.43,31.3,30.8,13.68,10.03,1.02,18.23,4.27,4.34,NA,1.8,4.16,3.74,NA,NA,NA,NA,NA,NA,NA,NA,NA
2026-08-01 15:00:00,39.0,69.5,17.33,37.85,34.25,15.1,9.63,1.09,18.45,4.33,4.21,NA,1.74,4.17,3.75,NA,NA,NA,NA,NA,NA,NA,NA,NA
2026-08-01 16:00:00,40.33,79.0,17.57,43.63,37.47,17.6,9.5,1.02,16.43,4.24,4.25,NA,1.81,4.16,3.71,NA,NA,NA,NA,NA,NA,NA,NA,NA
2026-08-01 17:00:00,40.5,78.0,17.25,42.2,36.45,16.95,9.0,1.03,17.95,4.18,4.23,NA,1.66,4.2,3.8,NA,NA,NA,NA,NA,NA,NA,NA,NA
2026-08-01 18:00:00,42.5,78.75,17.2,44.33,37.55,17.15,8.7,1.21,17.6,3.71,3.47,NA,4.31,3.19,4.91,NA,NA,NA,NA,NA,NA,NA,NA,NA
2026-08-01 19:00:00,45.5,89.5,17.68,43.55,37.53,18.43,8.23,1.25,15.8,3.57,3.21,NA,5.06,2.84,5.08,NA,NA,NA,NA,NA,NA,NA,NA,NA
2026-08-01 20:00:00,47.5,88.25,16.68,41.35,35.55,18.58,8.33,1.16,16.08,3.55,3.23,NA,5.06,2.71,5.1,NA,NA,NA,NA,NA,NA,NA,NA,NA
2026-08-01 21:00:00,49.0,87.5,17.15,44.8,37.8,19.8,8.3,1.16,15.95,2.59,2.54,NA,4.23,2.95,3.46,NA,NA,NA,NA,NA,NA,NA,NA,NA
2026-08-01 22:00:00,47.0,83.0,16.43,45.23,37.4,15.87,8.65,1.14,16.53,1.7,1.82,NA,3.32,3.32,1.46,NA,NA,NA,NA,NA,NA,NA,NA,NA
2026-08-01 23:00:00,44.67,80.67,15.23,37.53,32.33,16.33,8.77,1.09,16.4,1.73,1.85,NA,3.32,3.22,1.48,NA,NA,NA,NA,NA,NA,NA,NA,NA
2026-08-02 00:00:00,47.5,80.75,18.68,60.55,47.38,20.9,17.15,0.81,17.38,3.37,3.78,NA,2.83,2.82,2.45,NA,NA,NA,NA,NA,NA,NA,NA,NA
2026-08-02 01:00:00,28.25,48.25,19.9,62.75,49.53,21.83,20.73,0.66,14.43,3.41,3.73,NA,2.86,2.86,2.41,NA,NA,NA,NA,NA,NA,NA,NA,NA
2026-08-02 02:00:00,15.0,27.0,18.0,49.77,41.1,16.07,20.93,0.43,14.6,3.47,3.78,NA,2.85,2.85,2.44,NA,NA,NA,NA,NA,NA,NA,NA,NA
2026-08-02 03:00:00,8.0,12.75,19.3,58.05,46.6,18.38,21.08,0.43,15.25,3.43,3.78,NA,2.84,2.87,2.46,NA,NA,NA,NA,NA,NA,NA,NA,NA
2026-08-02 04:00:00,11.5,18.25,20.33,62.4,49.73,20.28,21.08,0.78,15.38,3.41,3.75,NA,2.85,2.85,2.46,NA,NA,NA,NA,NA,NA,NA,NA,NA
2026-08-02 05:00:00,21.75,33.75,19.48,58.05,46.7,20.03,21.45,0.91,15.38,3.47,3.8,NA,2.86,2.87,2.49,NA,NA,NA,NA,NA,NA,NA,NA,NA
2026-08-02 06:00:00,26.75,51.25,20.2,58.05,47.28,19.73,16.03,1.04,15.68,3.41,3.8,NA,2.82,2.86,2.45,NA,NA,NA,NA,NA,NA,NA,NA,NA
2026-08-02 07:00:00,44.5,86.5,19.05,51.15,42.65,18.45,12.95,1.21,16.85,3.38,3.78,NA,2.84,2.84,2.43,NA,NA,NA,NA,NA,NA,NA,NA,NA
2026-08-02 08:00:00,54.25,100.25,19.53,52.33,43.7,21.15,12.93,0.89,14.98,5.36,5.54,NA,3.69,4.96,2.98,NA,NA,NA,NA,NA,NA,NA,NA,NA
2026-08-02 09:00:00,45.5,77.25,17.5,47.3,39.38,15.1,13.03,0.8,16.05,5.45,5.5,NA,3.68,4.94,2.94,NA,NA,NA,NA,NA,NA,NA,NA,NA
2026-08-02 10:00:00,41.0,68.0,16.68,45.48,37.75,17.33,13.5,0.8,15.98,5.36,5.55,NA,3.72,5.0,2.95,NA,NA,NA,NA,NA,NA,NA,NA,NA
2026-08-02 11:00:00,36.0,59.0,15.6,40.0,33.97,16.53,13.63,0.81,17.2,5.53,5.51,NA,3.77,5.08,2.99,NA,NA,NA,NA,NA,NA,NA,NA,NA
2026-08-02 12:00:00,38.33,69.33,17.17,45.27,38.07,20.17,11.5,0.87,17.7,5.39,5.58,NA,3.68,4.96,2.98,NA,NA,NA,NA,NA,NA,NA,NA,NA
2026-08-02 13:00:00,41.0,68.75,17.42,48.53,39.98,20.65,10.2,0.88,23.98,4.32,4.24,NA,1.8,4.38,3.74,NA,NA,NA,NA,NA,NA,NA,NA,NA
2026-08-02 14:00:00,33.33,45.67,23.33,68.2,55.2,20.07,11.3,0.88,19.47,4.38,4.14,NA,1.81,4.24,3.76,NA,NA,NA,NA,NA,NA,NA,NA,NA
2026-08-02 15:00:00,30.25,54.25,17.45,34.45,32.5,13.15,13.18,0.87,21.38,4.43,4.23,NA,1.8,4.22,3.75,NA,NA,NA,NA,NA,NA,NA,NA,NA
2026-08-02 16:00:00,22.33,67.0,19.23,42.5,38.23,15.93,13.8,1.01,25.53,4.08,4.18,NA,1.69,4.17,3.66,NA,NA,NA,NA,NA,NA,NA,NA,NA
2026-08-02 17:00:00,28.5,72.5,21.3,51.85,44.9,19.35,13.4,1.01,33.0,4.24,4.22,NA,1.73,4.34,3.76,NA,NA,NA,NA,NA,NA,NA,NA,NA
2026-08-02 18:00:00,30.67,76.67,14.9,22.2,23.93,11.67,7.2,1.13,20.0,3.82,3.49,NA,3.96,3.13,4.86,NA,NA,NA,NA,NA,NA,NA,NA,NA
2026-08-02 19:00:00,31.33,82.33,15.57,37.73,32.7,17.07,4.97,1.09,16.73,3.57,3.18,NA,5.13,2.74,5.25,NA,NA,NA,NA,NA,NA,NA,NA,NA
2026-08-02 20:00:00,30.5,65.5,17.53,52.8,42.33,20.98,4.95,1.19,16.13,3.54,3.19,NA,5.21,2.74,5.31,NA,NA,NA,NA,NA,NA,NA,NA,NA
2026-08-02 21:00:00,43.0,79.0,19.43,61.07,48.3,21.97,5.37,1.29,28.1,1.7,1.88,NA,3.31,3.38,1.48,NA,NA,NA,NA,NA,NA,NA,NA,NA
2026-08-02 22:00:00,42.5,78.5,22.28,63.53,51.93,21.15,7.1,1.26,23.35,1.71,1.8,NA,3.36,3.26,1.48,NA,NA,NA,NA,NA,NA,NA,NA,NA
2026-08-02 23:00:00,45.5,93.5,21.75,52.45,45.6,16.95,8.2,1.25,21.05,1.73,1.8,NA,3.28,3.26,1.44,NA,NA,NA,NA,NA,NA,NA,NA,NA
2026-08-03 00:00:00,44.0,87.0,22.35,50.03,44.8,17.93,11.13,0.98,22.8,3.51,3.78,NA,2.82,2.87,2.45,NA,NA,NA,NA,NA,NA,NA,NA,NA
2026-08-03 01:00:00,38.0,65.0,20.2,42.7,39.13,11.97,13.15,0.81,23.5,3.46,3.73,NA,2.83,2.85,2.47,NA,NA,NA,NA,NA,NA,NA,NA,NA
2026-08-03 02:00:00,35.0,63.5,20.1,37.55,36.35,17.25,13.35,0.67,23.05,3.46,3.78,NA,2.85,2.84,2.47,NA,NA,NA,NA,NA,NA,NA,NA,NA
2026-08-03 03:00:00,38.0,64.75,21.2,47.2,42.3,16.4,13.53,0.64,23.8,3.49,3.78,NA,2.86,2.83,2.43,NA,NA,NA,NA,NA,NA,NA,NA,NA
2026-08-03 04:00:00,38.25,69.0,20.08,45.03,40.25,13.63,13.13,0.8,26.55,3.46,3.77,NA,2.86,2.87,2.45,NA,NA,NA,NA,NA,NA,NA,NA,NA
2026-08-03 05:00:00,39.33,70.67,20.9,48.6,42.83,16.37,13.4,0.85,28.63,3.41,3.73,NA,2.83,2.85,2.47,NA,NA,NA,NA,NA,NA,NA,NA,NA
2026-08-03 06:00:00,38.0,72.75,21.0,48.33,42.78,15.33,18.55,0.93,23.5,3.5,3.79,NA,2.81,2.86,2.43,NA,NA,NA,NA,NA,NA,NA,NA,NA
2026-08-03 07:00:00,38.67,69.67,24.53,64.17,54.1,22.4,19.1,1.01,19.67,3.45,3.72,NA,2.85,2.82,2.47,NA,NA,NA,NA,NA,NA,NA,NA,NA
2026-08-03 08:00:00,37.5,60.5,16.13,19.33,21.28,5.32,16.7,0.92,16.13,5.59,5.53,NA,3.69,4.93,2.94,NA,NA,NA,NA,NA,NA,NA,NA,NA
2026-08-03 09:00:00,29.0,48.67,14.7,29.37,27.57,13.43,18.1,0.84,20.7,5.31,5.47,NA,3.67,4.94,2.93,NA,NA,NA,NA,NA,NA,NA,NA,NA
2026-08-03 10:00:00,28.67,54.0,19.33,56.0,45.53,22.03,17.5,0.91,22.33,5.57,5.57,NA,3.68,4.88,2.97,NA,NA,NA,NA,NA,NA,NA,NA,NA
2026-08-03 11:00:00,29.0,64.75,28.68,90.7,71.55,26.4,16.73,1.0,16.48,5.31,5.5,NA,3.63,4.98,2.94,NA,NA,NA,NA,NA,NA,NA,NA,NA
2026-08-03 12:00:00,30.0,65.0,22.2,34.1,34.23,7.88,20.7,1.0,14.3,5.43,5.55,NA,3.59,4.93,2.96,NA,NA,NA,NA,NA,NA,NA,NA,NA
2026-08-03 13:00:00,32.0,69.33,15.83,17.7,22.27,9.53,25.63,1.04,16.47,4.41,4.17,NA,1.77,4.23,3.67,NA,NA,NA,NA,NA,NA,NA,NA,NA
2026-08-03 14:00:00,29.67,64.67,16.13,28.87,28.43,12.63,26.4,1.04,16.07,4.36,4.3,NA,1.76,4.1,3.93,NA,NA,NA,NA,NA,NA,NA,NA,NA
2026-08-03 15:00:00,19.5,44.5,14.35,34.15,29.8,17.85,28.75,0.93,18.2,4.33,4.31,NA,1.73,4.26,3.88,NA,NA,NA,NA,NA,NA,NA,NA,NA
2026-08-03 16:00:00,21.33,48.33,15.87,47.97,38.43,19.43,28.8,0.85,18.03,4.37,4.24,NA,1.77,4.27,3.81,NA,NA,NA,NA,NA,NA,NA,NA,NA
2026-08-03 17:00:00,25.75,60.5,16.68,51.65,41.03,22.2,28.5,1.0,19.2,4.33,4.23,NA,1.82,4.22,3.76,NA,NA,NA,NA,NA,NA,NA,NA,NA
2026-08-03 18:00:00,25.67,63.33,16.73,51.97,41.23,18.33,8.05,1.37,17.07,3.56,3.19,NA,5.04,2.81,5.07,NA,NA,NA,NA,NA,NA,NA,NA,NA
2026-08-03 19:00:00,19.67,53.0,16.27,48.23,38.9,19.23,3.55,1.44,16.9,3.61,3.2,NA,5.12,2.83,5.42,NA,NA,NA,NA,NA,NA,NA,NA,NA
2026-08-03 20:00:00,22.33,61.67,16.1,47.17,38.2,21.47,3.9,1.29,18.1,3.62,3.22,NA,5.18,2.81,4.81,NA,NA,NA,NA,NA,NA,NA,NA,NA
2026-08-03 21:00:00,23.0,69.0,17.7,58.0,45.23,23.03,2.6,1.06,18.33,2.32,2.29,NA,3.97,3.2,2.79,NA,NA,NA,NA,NA,NA,NA,NA,NA
2026-08-03 22:00:00,20.25,62.0,17.6,48.83,40.3,17.85,2.7,1.09,17.45,1.72,1.84,NA,3.31,3.25,1.46,NA,NA,NA,NA,NA,NA,NA,NA,NA
2026-08-03 23:00:00,18.0,63.0,19.0,56.1,45.3,22.2,2.8,1.06,14.4,1.72,1.84,NA,3.37,3.29,1.55,NA,NA,NA,NA,NA,NA,NA,NA,NA
2026-08-04 00:00:00,17.5,63.0,16.05,46.3,37.65,16.13,14.85,0.78,14.03,3.51,3.79,NA,2.79,2.86,2.49,NA,NA,NA,NA,NA,NA,NA,NA,NA
2026-08-04 01:00:00,15.0,46.25,17.3,52.18,41.83,19.0,21.0,0.59,17.35,3.44,3.76,NA,2.83,2.84,2.42,NA,NA,NA,NA,NA,NA,NA,NA,NA
2026-08-04 02:00:00,14.0,49.0,17.93,57.93,45.4,19.87,20.8,0.54,15.17,3.55,3.76,NA,2.82,2.88,2.46,NA,NA,NA,NA,NA,NA,NA,NA,NA
2026-08-04 03:00:00,20.75,50.0,17.48,53.25,42.53,19.98,20.9,0.53,15.45,3.47,3.75,NA,2.81,2.85,2.42,NA,NA,NA,NA,NA,NA,NA,NA,NA
2026-08-04 04:00:00,22.0,41.0,16.65,50.4,40.35,19.15,21.2,0.65,15.35,3.59,3.8,NA,2.82,2.84,2.43,NA,NA,NA,NA,NA,NA,NA,NA,NA
2026-08-04 05:00:00,6.0,19.5,15.85,47.4,38.1,17.05,21.6,0.74,16.9,3.39,3.75,NA,2.8,2.82,2.44,NA,NA,NA,NA,NA,NA,NA,NA,NA
2026-08-04 06:00:00,10.0,24.67,19.27,64.2,49.83,19.63,18.75,0.83,20.07,3.46,3.75,NA,2.86,2.82,2.46,NA,NA,NA,NA,NA,NA,NA,NA,NA
2026-08-04 07:00:00,14.33,30.67,26.33,87.63,68.03,23.53,15.75,0.98,35.63,3.55,3.75,NA,2.83,2.84,2.46,NA,NA,NA,NA,NA,NA,NA,NA,NA
2026-08-04 08:00:00,18.0,36.0,21.87,46.83,42.7,11.67,16.2,1.08,20.6,5.44,5.57,NA,3.65,4.86,2.97,NA,NA,NA,NA,NA,NA,NA,NA,NA
2026-08-04 09:00:00,12.67,32.33,23.33,51.47,46.37,14.53,17.7,1.13,39.83,5.4,5.5,NA,3.62,4.98,2.96,NA,NA,NA,NA,NA,NA,NA,NA,NA
2026-08-04 10:00:00,12.67,37.0,14.33,9.1,14.93,5.27,16.85,1.04,16.6,5.46,5.49,NA,3.68,4.91,2.94,NA,NA,NA,NA,NA,NA,NA,NA,NA
2026-08-04 11:00:00,16.0,37.0,16.6,25.07,26.83,15.1,17.35,1.04,22.97,5.33,5.51,NA,3.68,4.88,2.95,NA,NA,NA,NA,NA,NA,NA,NA,NA
2026-08-04 12:00:00,NA,NA,17.33,36.4,33.45,15.92,8.68,NA,NA,5.71,5.56,NA,3.68,4.98,2.96,NA,NA,NA,NA,NA,NA,NA,NA,NA
2026-08-04 13:00:00,11.0,21.0,19.3,43.88,39.03,19.95,16.6,1.01,16.77,4.45,4.25,NA,1.68,4.22,3.8,NA,NA,NA,NA,NA,NA,NA,NA,NA
2026-08-04 14:00:00,15.25,38.75,20.9,52.28,44.83,18.48,NA,0.95,13.4,NA,NA,NA,NA,NA,NA,NA,NA,NA,NA,NA,NA,NA,NA,NA
2026-08-04 15:00:00,7.0,17.0,19.18,38.03,35.8,12.65,NA,1.01,13.75,NA,NA,NA,NA,NA,NA,NA,NA,NA,NA,NA,NA,NA,NA,NA
2026-08-04 16:00:00,NA,NA,21.8,55.9,47.4,18.4,7.0,0.99,14.1,4.31,4.25,NA,1.79,4.26,3.77,NA,NA,NA,NA,NA,NA,NA,NA,NA
2026-08-04 17:00:00,12.0,21.33,19.63,43.0,38.85,17.1,7.8,1.17,13.5,4.25,4.32,NA,1.69,4.23,3.85,NA,NA,NA,NA,NA,NA,NA,NA,NA
2026-08-04 18:00:00,25.75,53.5,20.05,46.85,41.23,17.25,5.9,1.39,12.73,3.79,3.45,NA,4.2,3.08,4.82,NA,NA,NA,NA,NA,NA,NA,NA,NA
2026-08-04 19:00:00,27.0,58.0,20.8,48.1,42.5,16.55,0.8,1.45,12.25,3.59,3.28,NA,5.05,2.73,5.09,NA,NA,NA,NA,NA,NA,NA,NA,NA
2026-08-04 20:00:00,25.33,64.0,22.68,55.8,49.23,21.7,0.1,1.35,15.85,3.54,3.22,NA,5.21,2.83,5.26,NA,NA,NA,NA,NA,NA,NA,NA,NA
2026-08-04 21:00:00,25.25,61.0,20.8,46.48,41.6,16.1,NA,1.53,12.8,2.19,2.22,NA,3.65,3.13,2.36,NA,NA,NA,NA,NA,NA,NA,NA,NA
2026-08-04 22:00:00,41.75,102.0,18.98,37.48,35.35,13.68,NA,1.57,11.25,1.73,1.82,NA,3.29,3.15,1.51,NA,NA,NA,NA,NA,NA,NA,NA,NA
2026-08-04 23:00:00,40.0,103.0,17.83,32.3,31.7,14.77,0.4,1.6,11.6,1.7,1.81,NA,3.32,3.21,1.46,NA,NA,NA,NA,NA,NA,NA,NA,NA
2026-08-05 00:00:00,39.0,88.0,19.33,48.15,41.3,18.45,33.1,1.33,13.18,3.41,3.75,NA,2.84,2.85,2.45,NA,NA,NA,NA,NA,NA,NA,NA,NA
2026-08-05 01:00:00,31.0,66.75,18.05,44.97,38.6,16.23,37.63,1.1,12.9,3.44,3.75,NA,2.83,2.82,2.45,NA,NA,NA,NA,NA,NA,NA,NA,NA
2026-08-05 02:00:00,28.0,50.0,19.83,52.73,44.18,17.88,37.7,0.97,12.98,3.51,3.76,NA,2.81,2.89,2.45,NA,NA,NA,NA,NA,NA,NA,NA,NA
2026-08-05 03:00:00,26.25,54.5,20.1,54.1,45.13,16.98,38.18,0.88,14.73,3.45,3.78,NA,2.83,2.84,2.43,NA,NA,NA,NA,NA,NA,NA,NA,NA
2026-08-05 04:00:00,38.5,75.25,18.5,43.38,38.15,14.3,37.93,0.92,12.85,3.41,3.78,NA,2.82,2.85,2.45,NA,NA,NA,NA,NA,NA,NA,NA,NA
2026-08-05 05:00:00,40.5,79.75,20.03,54.28,45.15,18.03,37.95,0.94,13.5,3.44,3.76,NA,2.82,2.87,2.44,NA,NA,NA,NA,NA,NA,NA,NA,NA
2026-08-05 06:00:00,39.5,90.25,18.75,52.33,43.05,14.45,21.83,1.0,14.3,3.42,3.76,NA,2.83,2.84,2.45,NA,NA,NA,NA,NA,NA,NA,NA,NA
2026-08-05 07:00:00,38.5,84.5,23.3,73.33,57.95,21.78,12.58,0.96,21.45,3.44,3.79,NA,2.83,2.85,2.46,NA,NA,NA,NA,NA,NA,NA,NA,NA
2026-08-05 08:00:00,43.5,89.75,23.25,54.83,47.15,19.35,9.7,1.08,15.9,5.5,5.46,NA,3.64,4.92,2.95,NA,NA,NA,NA,NA,NA,NA,NA,NA
2026-08-05 09:00:00,35.5,59.0,13.35,22.17,17.63,9.93,12.08,1.1,15.83,5.5,5.5,NA,3.72,4.93,2.95,NA,NA,NA,NA,NA,NA,NA,NA,NA
2026-08-05 10:00:00,45.5,83.0,24.35,75.6,60.0,24.88,13.23,1.05,16.4,5.52,5.55,NA,3.65,5.02,2.94,NA,NA,NA,NA,NA,NA,NA,NA,NA
2026-08-05 11:00:00,51.75,100.0,28.3,69.25,59.78,19.97,9.63,1.09,11.83,5.6,5.51,NA,3.71,4.87,2.93,NA,NA,NA,NA,NA,NA,NA,NA,NA
2026-08-05 12:00:00,56.25,108.75,15.85,9.23,16.5,7.28,32.43,1.16,13.4,5.48,5.6,NA,3.74,5.04,2.96,NA,NA,NA,NA,NA,NA,NA,NA,NA
2026-08-05 13:00:00,58.75,86.75,16.1,22.9,25.28,13.08,48.15,1.17,13.48,4.16,4.24,NA,1.87,4.18,3.74,NA,NA,NA,NA,NA,NA,NA,NA,NA
2026-08-05 14:00:00,56.25,84.5,14.23,23.1,23.9,13.98,49.93,1.08,12.43,4.1,4.2,NA,1.84,4.16,3.72,NA,NA,NA,NA,NA,NA,NA,NA,NA
2026-08-05 15:00:00,36.25,63.25,13.53,26.9,25.28,15.15,53.28,1.03,13.78,4.21,4.25,NA,1.8,4.12,3.8,NA,NA,NA,NA,NA,NA,NA,NA,NA
2026-08-05 16:00:00,34.25,81.25,16.15,47.55,38.45,20.5,52.7,1.01,17.35,4.34,4.25,NA,1.82,4.21,3.75,NA,NA,NA,NA,NA,NA,NA,NA,NA
2026-08-05 17:00:00,43.0,98.25,20.63,65.03,51.38,20.42,51.03,1.1,18.63,4.3,4.26,NA,1.81,4.2,3.71,NA,NA,NA,NA,NA,NA,NA,NA,NA
2026-08-05 18:00:00,39.75,94.0,18.63,45.83,39.53,16.28,29.75,1.1,14.4,3.78,3.49,NA,4.15,3.13,4.89,NA,NA,NA,NA,NA,NA,NA,NA,NA
2026-08-05 19:00:00,35.25,68.25,18.88,46.5,40.08,16.8,20.3,1.08,12.28,3.57,3.23,NA,5.1,2.74,5.14,NA,NA,NA,NA,NA,NA,NA,NA,NA
2026-08-05 20:00:00,37.25,69.75,19.73,50.05,42.6,16.48,20.38,1.23,12.9,3.61,3.19,NA,5.21,2.8,5.15,NA,NA,NA,NA,NA,NA,NA,NA,NA
2026-08-05 21:00:00,42.25,108.5,18.93,43.45,38.5,15.98,20.53,1.73,12.9,2.18,2.12,NA,3.8,3.22,2.52,NA,NA,NA,NA,NA,NA,NA,NA,NA
2026-08-05 22:00:00,46.0,119.75,18.85,46.1,39.85,15.43,22.88,1.61,13.8,1.75,1.8,NA,3.29,3.28,1.48,NA,NA,NA,NA,NA,NA,NA,NA,NA
2026-08-05 23:00:00,42.0,94.33,17.97,41.53,36.7,14.03,24.07,1.33,14.53,1.74,1.85,NA,3.33,3.39,1.42,NA,NA,NA,NA,NA,NA,NA,NA,NA
2026-08-06 00:00:00,42.0,96.5,18.03,46.35,39.3,18.78,12.43,1.19,13.03,3.43,3.73,NA,2.83,2.83,2.45,NA,NA,NA,NA,NA,NA,NA,NA,NA
2026-08-06 01:00:00,46.5,107.0,18.53,48.3,40.75,16.08,7.33,1.23,13.28,3.5,3.8,NA,2.81,2.85,2.41,NA,NA,NA,NA,NA,NA,NA,NA,NA
2026-08-06 02:00:00,38.25,89.5,19.4,51.68,43.22,18.03,7.85,0.9,12.2,3.4,3.76,NA,2.83,2.87,2.46,NA,NA,NA,NA,NA,NA,NA,NA,NA
2026-08-06 03:00:00,27.25,49.25,17.68,42.9,37.2,16.53,7.7,0.73,12.85,3.43,3.74,NA,2.81,2.82,2.45,NA,NA,NA,NA,NA,NA,NA,NA,NA
2026-08-06 04:00:00,30.75,52.25,18.7,50.63,42.1,16.63,7.35,0.82,11.98,3.48,3.78,NA,2.81,2.85,2.45,NA,NA,NA,NA,NA,NA,NA,NA,NA
2026-08-06 05:00:00,25.25,40.75,18.33,47.88,40.35,15.38,7.65,0.84,11.85,3.49,3.77,NA,2.83,2.87,2.48,NA,NA,NA,NA,NA,NA,NA,NA,NA
2026-08-06 06:00:00,22.75,42.25,25.75,79.1,63.03,26.95,4.45,0.91,11.5,3.45,3.79,NA,2.84,2.85,2.44,NA,NA,NA,NA,NA,NA,NA,NA,NA
2026-08-06 07:00:00,23.0,54.25,21.03,47.4,42.33,16.15,9.03,1.03,12.7,3.5,3.75,NA,2.84,2.83,2.49,NA,NA,NA,NA,NA,NA,NA,NA,NA
2026-08-06 08:00:00,23.25,38.5,21.03,43.28,38.95,11.9,4.58,1.1,12.95,5.44,5.54,NA,3.68,4.95,2.97,NA,NA,NA,NA,NA,NA,NA,NA,NA
2026-08-06 09:00:00,20.75,31.0,13.25,13.5,17.25,10.1,6.78,1.05,13.05,5.42,5.51,NA,3.65,4.94,2.95,NA,NA,NA,NA,NA,NA,NA,NA,NA
2026-08-06 10:00:00,10.0,17.25,28.88,96.98,75.1,29.25,5.18,1.01,13.03,5.51,5.54,NA,3.73,4.98,2.97,NA,NA,NA,NA,NA,NA,NA,NA,NA
2026-08-06 11:00:00,19.5,27.75,30.45,75.73,64.98,19.03,1.0,1.18,11.3,5.4,5.56,NA,3.69,4.98,2.98,NA,NA,NA,NA,NA,NA,NA,NA,NA
2026-08-06 12:00:00,26.75,35.0,29.58,53.85,52.68,13.55,14.9,1.06,11.35,5.46,5.56,NA,3.69,4.87,2.95,NA,NA,NA,NA,NA,NA,NA,NA,NA
2026-08-06 13:00:00,28.25,36.0,29.1,46.18,48.25,10.43,12.98,1.22,11.7,4.29,4.25,NA,1.76,4.12,3.75,NA,NA,NA,NA,NA,NA,NA,NA,NA
2026-08-06 14:00:00,35.25,45.25,18.55,5.27,13.45,3.05,9.63,1.19,11.83,4.24,4.26,NA,1.84,4.17,3.69,NA,NA,NA,NA,NA,NA,NA,NA,NA
2026-08-06 15:00:00,28.5,36.25,11.27,4.9,8.05,3.4,18.93,1.09,13.03,4.31,4.24,NA,1.81,4.26,3.67,NA,NA,NA,NA,NA,NA,NA,NA,NA
2026-08-06 16:00:00,29.25,43.25,14.5,26.8,26.05,12.25,33.2,0.99,13.18,4.27,4.18,NA,1.82,4.13,3.81,NA,NA,NA,NA,NA,NA,NA,NA,NA
2026-08-06 17:00:00,22.0,38.25,16.43,47.43,38.6,19.13,30.38,0.98,14.13,4.4,NA,NA,NA,NA,NA,NA,NA,NA,NA,NA,NA,NA,NA,NA
2026-08-06 18:00:00,15.5,30.25,22.5,81.78,61.78,25.58,22.75,1.08,12.28,3.69,NA,NA,NA,NA,NA,NA,NA,NA,NA,NA,NA,NA,NA,NA
2026-08-06 19:00:00,18.0,32.75,15.88,37.05,32.63,15.08,16.65,0.98,12.1,3.58,NA,NA,NA,NA,NA,NA,NA,NA,NA,NA,NA,NA,NA,NA
2026-08-06 20:00:00,25.25,43.75,15.63,42.18,35.1,19.7,18.75,1.07,13.55,3.52,NA,NA,NA,NA,NA,NA,NA,NA,NA,NA,NA,NA,NA,NA
2026-08-06 21:00:00,30.5,55.5,19.2,65.9,50.65,23.1,18.75,1.45,11.73,2.18,NA,NA,NA,NA,NA,NA,NA,NA,NA,NA,NA,NA,NA,NA
2026-08-06 22:00:00,53.0,81.25,16.03,44.93,36.93,15.98,17.4,1.53,12.05,1.71,NA,NA,NA,NA,NA,NA,NA,NA,NA,NA,NA,NA,NA,NA
2026-08-06 23:00:00,45.33,71.33,16.4,51.77,40.87,17.0,18.13,1.36,11.87,1.71,NA,NA,NA,NA,NA,NA,NA,NA,NA,NA,NA,NA,NA,NA
2026-08-07 00:00:00,32.0,50.25,17.9,58.98,45.93,18.95,17.75,1.06,11.05,3.5,NA,NA,NA,NA,NA,NA,NA,NA,NA,NA,NA,NA,NA,NA
2026-08-07 01:00:00,36.0,52.5,15.83,46.72,37.7,16.63,18.98,0.91,12.08,3.49,NA,NA,NA,NA,NA,NA,NA,NA,NA,NA,NA,NA,NA,NA
2026-08-07 02:00:00,42.0,55.5,15.3,48.2,38.08,18.85,20.1,0.78,12.33,3.41,NA,NA,NA,NA,NA,NA,NA,NA,NA,NA,NA,NA,NA,NA
2026-08-07 03:00:00,22.0,32.0,13.88,44.33,34.88,17.78,20.13,0.75,11.78,3.45,NA,NA,NA,NA,NA,NA,NA,NA,NA,NA,NA,NA,NA,NA
2026-08-07 04:00:00,21.0,29.5,15.05,49.43,38.53,20.5,19.58,0.83,12.73,3.42,NA,NA,NA,NA,NA,NA,NA,NA,NA,NA,NA,NA,NA,NA
2026-08-07 05:00:00,16.5,30.0,15.88,60.95,45.35,20.3,19.4,0.86,13.33,3.45,NA,NA,NA,NA,NA,NA,NA,NA,NA,NA,NA,NA,NA,NA
2026-08-07 06:00:00,19.0,38.75,20.4,81.0,59.7,25.83,18.18,1.0,60.4,3.5,NA,NA,NA,NA,NA,NA,NA,NA,NA,NA,NA,NA,NA,NA
2026-08-07 07:00:00,19.75,45.5,25.23,77.53,61.7,22.93,14.33,1.09,158.5,3.36,NA,NA,NA,NA,NA,NA,NA,NA,NA,NA,NA,NA,NA,NA
2026-08-07 08:00:00,21.0,38.75,15.88,19.85,22.15,9.53,14.93,1.08,28.67,5.5,NA,NA,NA,NA,NA,NA,NA,NA,NA,NA,NA,NA,NA,NA
2026-08-07 09:00:00,22.5,44.75,12.08,15.0,17.58,11.58,19.53,1.09,26.55,5.39,NA,NA,NA,NA,NA,NA,NA,NA,NA,NA,NA,NA,NA,NA
2026-08-07 10:00:00,30.25,42.5,16.85,51.53,41.13,20.48,21.05,1.14,30.28,5.54,NA,NA,NA,NA,NA,NA,NA,NA,NA,NA,NA,NA,NA,NA
2026-08-07 11:00:00,31.0,41.0,27.95,95.55,73.55,26.08,17.7,1.18,30.7,5.48,NA,NA,NA,NA,NA,NA,NA,NA,NA,NA,NA,NA,NA,NA
2026-08-07 12:00:00,23.75,32.0,27.65,65.73,57.45,17.55,36.35,1.1,26.53,5.48,NA,NA,NA,NA,NA,NA,NA,NA,NA,NA,NA,NA,NA,NA
2026-08-07 13:00:00,31.25,42.25,15.95,12.2,15.0,4.28,46.8,1.14,23.33,4.28,NA,NA,NA,NA,NA,NA,NA,NA,NA,NA,NA,NA,NA,NA
2026-08-07 14:00:00,35.0,52.0,15.1,19.5,22.65,9.75,53.43,1.1,23.75,4.21,NA,NA,NA,NA,NA,NA,NA,NA,NA,NA,NA,NA,NA,NA
2026-08-07 15:00:00,36.75,55.5,14.25,26.15,25.5,13.0,56.28,1.23,26.25,4.22,NA,NA,NA,NA,NA,NA,NA,NA,NA,NA,NA,NA,NA,NA
2026-08-07 16:00:00,34.75,51.5,14.03,35.2,30.1,14.88,57.0,1.13,25.53,4.23,NA,NA,NA,NA,NA,NA,NA,NA,NA,NA,NA,NA,NA,NA
2026-08-07 17:00:00,22.75,35.75,14.15,40.58,33.08,16.13,57.83,1.03,26.23,4.34,NA,NA,NA,NA,NA,NA,NA,NA,NA,NA,NA,NA,NA,NA
2026-08-07 18:00:00,16.0,25.75,16.55,50.88,40.5,20.0,53.55,1.06,28.98,3.75,NA,NA,NA,NA,NA,NA,NA,NA,NA,NA,NA,NA,NA,NA
2026-08-07 19:00:00,21.25,30.75,14.98,39.5,33.2,14.4,51.0,1.18,29.05,3.56,NA,NA,NA,NA,NA,NA,NA,NA,NA,NA,NA,NA,NA,NA
2026-08-07 20:00:00,19.5,29.5,15.13,40.28,33.72,15.23,51.43,1.3,29.85,3.58,NA,NA,NA,NA,NA,NA,NA,NA,NA,NA,NA,NA,NA,NA
2026-08-07 21:00:00,25.0,37.75,23.55,83.25,63.45,24.98,51.93,1.28,36.5,2.19,NA,NA,NA,NA,NA,NA,NA,NA,NA,NA,NA,NA,NA,NA
2026-08-07 22:00:00,24.5,43.0,19.7,37.93,36.2,13.9,55.18,1.27,30.25,1.73,NA,NA,NA,NA,NA,NA,NA,NA,NA,NA,NA,NA,NA,NA
2026-08-07 23:00:00,33.33,51.33,20.3,46.8,41.37,18.43,56.43,1.19,30.73,1.72,NA,NA,NA,NA,NA,NA,NA,NA,NA,NA,NA,NA,NA,NA
2026-08-08 00:00:00,27.75,42.75,20.83,45.98,41.38,12.93,47.2,1.13,32.03,3.47,NA,NA,NA,NA,NA,NA,NA,NA,NA,NA,NA,NA,NA,NA
2026-08-08 01:00:00,31.25,52.0,22.75,55.6,48.03,16.28,42.95,1.07,31.85,3.53,NA,NA,NA,NA,NA,NA,NA,NA,NA,NA,NA,NA,NA,NA
2026-08-08 02:00:00,22.0,41.5,20.63,42.5,39.35,10.1,42.13,0.9,30.47,3.4,NA,NA,NA,NA,NA,NA,NA,NA,NA,NA,NA,NA,NA,NA
2026-08-08 03:00:00,28.75,57.5,21.78,45.4,41.85,13.43,42.33,0.81,31.1,3.45,NA,NA,NA,NA,NA,NA,NA,NA,NA,NA,NA,NA,NA,NA
2026-08-08 04:00:00,44.75,84.5,18.93,33.25,33.08,12.13,45.2,0.88,30.7,3.53,NA,NA,NA,NA,NA,NA,NA,NA,NA,NA,NA,NA,NA,NA
2026-08-08 05:00:00,28.25,66.0,22.35,53.78,46.78,15.6,45.33,0.89,32.75,3.45,NA,NA,NA,NA,NA,NA,NA,NA,NA,NA,NA,NA,NA,NA
2026-08-08 06:00:00,24.25,50.5,20.3,46.5,41.25,15.03,31.63,1.02,34.18,3.43,NA,NA,NA,NA,NA,NA,NA,NA,NA,NA,NA,NA,NA,NA
2026-08-08 07:00:00,30.25,58.75,17.43,37.05,33.88,13.73,24.3,1.07,33.38,3.48,NA,NA,NA,NA,NA,NA,NA,NA,NA,NA,NA,NA,NA,NA
2026-08-08 08:00:00,40.33,72.67,16.33,37.78,33.38,14.78,24.7,1.04,37.3,5.61,NA,NA,NA,NA,NA,NA,NA,NA,NA,NA,NA,NA,NA,NA
2026-08-08 09:00:00,36.25,76.75,16.53,45.25,37.48,15.0,25.58,1.06,33.18,5.51,NA,NA,NA,NA,NA,NA,NA,NA,NA,NA,NA,NA,NA,NA
2026-08-08 10:00:00,33.5,82.0,16.18,39.75,34.3,14.73,24.7,1.04,36.48,5.4,NA,NA,NA,NA,NA,NA,NA,NA,NA,NA,NA,NA,NA,NA
2026-08-08 11:00:00,34.25,84.75,15.63,37.9,32.88,17.55,22.8,1.0,41.68,5.42,NA,NA,NA,NA,NA,NA,NA,NA,NA,NA,NA,NA,NA,NA
2026-08-08 12:00:00,33.75,74.25,17.83,51.38,41.78,19.3,9.13,1.02,33.15,5.54,NA,NA,NA,NA,NA,NA,NA,NA,NA,NA,NA,NA,NA,NA
2026-08-08 13:00:00,36.0,72.75,17.88,47.4,39.78,17.95,1.98,1.18,37.28,4.35,NA,NA,NA,NA,NA,NA,NA,NA,NA,NA,NA,NA,NA,NA
2026-08-08 14:00:00,34.75,70.0,17.45,42.45,36.78,17.7,2.88,1.33,43.95,4.3,NA,NA,NA,NA,NA,NA,NA,NA,NA,NA,NA,NA,NA,NA
2026-08-08 15:00:00,29.75,56.25,17.3,42.35,36.6,16.1,1.87,1.24,47.48,4.23,NA,NA,NA,NA,NA,NA,NA,NA,NA,NA,NA,NA,NA,NA
2026-08-08 16:00:00,24.75,38.75,16.18,38.8,33.8,16.53,0.2,1.16,46.4,4.29,NA,NA,NA,NA,NA,NA,NA,NA,NA,NA,NA,NA,NA,NA
2026-08-08 17:00:00,13.5,22.5,18.68,58.0,46.03,19.9,0.1,0.91,42.33,4.29,NA,NA,NA,NA,NA,NA,NA,NA,NA,NA,NA,NA,NA,NA
2026-08-08 18:00:00,13.5,25.0,18.23,53.35,43.2,19.55,17.87,1.65,42.78,3.75,NA,NA,NA,NA,NA,NA,NA,NA,NA,NA,NA,NA,NA,NA
2026-08-08 19:00:00,21.5,34.75,18.4,51.2,42.23,19.93,19.68,1.86,39.23,3.58,NA,NA,NA,NA,NA,NA,NA,NA,NA,NA,NA,NA,NA,NA
2026-08-08 20:00:00,27.75,48.25,17.85,48.53,40.3,18.68,20.23,2.05,39.2,3.6,NA,NA,NA,NA,NA,NA,NA,NA,NA,NA,NA,NA,NA,NA
2026-08-08 21:00:00,39.5,81.25,18.63,54.97,44.35,20.4,20.9,2.32,37.38,2.2,NA,NA,NA,NA,NA,NA,NA,NA,NA,NA,NA,NA,NA,NA
2026-08-08 22:00:00,42.25,85.0,18.25,49.15,41.0,21.7,17.63,2.95,42.23,1.72,NA,NA,NA,NA,NA,NA,NA,NA,NA,NA,NA,NA,NA,NA
2026-08-08 23:00:00,48.33,120.0,16.8,44.67,37.43,18.73,16.7,3.22,32.27,1.71,NA,NA,NA,NA,NA,NA,NA,NA,NA,NA,NA,NA,NA,NA
2026-08-09 00:00:00,50.0,131.5,17.03,53.13,42.08,21.08,24.5,2.57,30.7,3.43,NA,NA,NA,NA,NA,NA,NA,NA,NA,NA,NA,NA,NA,NA
2026-08-09 01:00:00,57.5,148.75,16.83,49.08,39.78,20.9,29.13,2.74,30.05,3.42,NA,NA,NA,NA,NA,NA,NA,NA,NA,NA,NA,NA,NA,NA
2026-08-09 02:00:00,55.5,130.5,16.33,49.15,39.4,19.48,28.63,2.44,29.5,3.54,NA,NA,NA,NA,NA,NA,NA,NA,NA,NA,NA,NA,NA,NA
2026-08-09 03:00:00,49.5,115.5,17.35,58.73,45.3,20.53,28.4,1.79,30.13,3.42,NA,NA,NA,NA,NA,NA,NA,NA,NA,NA,NA,NA,NA,NA
2026-08-09 04:00:00,45.0,111.0,17.3,58.7,45.28,21.4,28.1,1.41,29.45,3.48,NA,NA,NA,NA,NA,NA,NA,NA,NA,NA,NA,NA,NA,NA
2026-08-09 05:00:00,47.25,122.75,16.78,53.53,42.13,19.55,28.73,1.46,29.68,3.49,NA,NA,NA,NA,NA,NA,NA,NA,NA,NA,NA,NA,NA,NA
2026-08-09 06:00:00,44.75,126.25,18.15,61.68,47.58,21.65,46.58,1.01,29.0,3.53,NA,NA,NA,NA,NA,NA,NA,NA,NA,NA,NA,NA,NA,NA
2026-08-09 07:00:00,41.5,96.25,18.03,59.58,46.33,18.75,54.18,0.67,34.23,3.47,NA,NA,NA,NA,NA,NA,NA,NA,NA,NA,NA,NA,NA,NA
2026-08-09 08:00:00,44.25,88.25,16.23,45.9,37.6,16.18,54.1,0.94,33.25,5.4,NA,NA,NA,NA,NA,NA,NA,NA,NA,NA,NA,NA,NA,NA
2026-08-09 09:00:00,42.25,83.0,16.55,49.95,40.05,18.05,55.08,0.77,28.92,5.53,NA,NA,NA,NA,NA,NA,NA,NA,NA,NA,NA,NA,NA,NA
2026-08-09 10:00:00,33.25,67.25,15.58,41.2,34.6,17.63,55.7,0.67,29.03,5.54,NA,NA,NA,NA,NA,NA,NA,NA,NA,NA,NA,NA,NA,NA
2026-08-09 11:00:00,31.5,62.25,18.15,55.47,44.28,19.03,55.13,0.61,30.18,5.45,NA,NA,NA,NA,NA,NA,NA,NA,NA,NA,NA,NA,NA,NA
2026-08-09 12:00:00,29.25,56.75,18.65,57.13,45.55,19.75,58.98,0.96,33.08,5.56,NA,NA,NA,NA,NA,NA,NA,NA,NA,NA,NA,NA,NA,NA
2026-08-09 13:00:00,25.5,52.0,16.48,37.7,33.43,13.0,60.58,0.92,34.03,4.31,NA,NA,NA,NA,NA,NA,NA,NA,NA,NA,NA,NA,NA,NA
2026-08-09 14:00:00,23.25,50.0,20.35,54.28,45.4,20.95,67.83,1.0,37.93,4.32,NA,NA,NA,NA,NA,NA,NA,NA,NA,NA,NA,NA,NA,NA
2026-08-09 15:00:00,23.5,61.25,16.03,30.83,29.45,13.8,69.65,1.1,37.23,4.18,NA,NA,NA,NA,NA,NA,NA,NA,NA,NA,NA,NA,NA,NA
2026-08-09 16:00:00,21.0,56.0,17.2,42.38,36.53,16.03,68.48,0.94,40.63,4.23,NA,NA,NA,NA,NA,NA,NA,NA,NA,NA,NA,NA,NA,NA
2026-08-09 17:00:00,26.75,77.25,18.48,46.93,39.98,15.95,69.5,0.98,38.75,4.28,NA,NA,NA,NA,NA,NA,NA,NA,NA,NA,NA,NA,NA,NA
2026-08-09 18:00:00,37.5,73.25,18.75,47.5,40.5,16.0,57.1,1.58,40.88,3.78,NA,NA,NA,NA,NA,NA,NA,NA,NA,NA,NA,NA,NA,NA
2026-08-09 19:00:00,37.25,85.75,18.73,46.65,40.05,17.03,51.2,2.43,44.33,3.55,NA,NA,NA,NA,NA,NA,NA,NA,NA,NA,NA,NA,NA,NA
2026-08-09 20:00:00,39.25,127.5,22.05,64.18,52.05,20.38,49.83,1.37,41.68,3.57,NA,NA,NA,NA,NA,NA,NA,NA,NA,NA,NA,NA,NA,NA
2026-08-09 21:00:00,33.0,104.25,19.5,47.98,41.38,16.88,47.48,1.23,55.88,2.18,NA,NA,NA,NA,NA,NA,NA,NA,NA,NA,NA,NA,NA,NA
2026-08-09 22:00:00,34.0,102.5,20.68,58.03,47.7,20.13,45.53,1.37,41.7,1.73,NA,NA,NA,NA,NA,NA,NA,NA,NA,NA,NA,NA,NA,NA
2026-08-09 23:00:00,39.67,102.33,21.97,57.67,48.53,18.6,49.87,1.05,42.9,1.71,NA,NA,NA,NA,NA,NA,NA,NA,NA,NA,NA,NA,NA,NA
2026-08-10 00:00:00,43.5,109.25,20.53,50.18,43.38,17.1,47.2,1.61,47.43,3.52,NA,NA,NA,NA,NA,NA,NA,NA,NA,NA,NA,NA,NA,NA
2026-08-10 01:00:00,42.5,114.5,20.45,50.13,43.28,15.15,46.75,1.7,38.9,3.49,NA,NA,NA,NA,NA,NA,NA,NA,NA,NA,NA,NA,NA,NA
2026-08-10 02:00:00,40.25,107.75,19.63,46.08,40.45,16.48,47.4,1.54,47.48,3.51,NA,NA,NA,NA,NA,NA,NA,NA,NA,NA,NA,NA,NA,NA
2026-08-10 03:00:00,42.25,103.5,18.83,44.7,39.08,14.25,46.93,1.35,54.25,3.49,NA,NA,NA,NA,NA,NA,NA,NA,NA,NA,NA,NA,NA,NA
2026-08-10 04:00:00,42.75,102.25,18.08,39.93,35.95,13.38,46.25,1.04,58.13,3.45,NA,NA,NA,NA,NA,NA,NA,NA,NA,NA,NA,NA,NA,NA
2026-08-10 05:00:00,39.25,97.75,19.75,46.25,40.68,16.35,45.3,1.04,53.98,3.44,NA,NA,NA,NA,NA,NA,NA,NA,NA,NA,NA,NA,NA,NA
2026-08-10 06:00:00,38.75,99.75,22.28,56.9,48.38,16.08,31.0,1.07,49.58,3.48,NA,NA,NA,NA,NA,NA,NA,NA,NA,NA,NA,NA,NA,NA
2026-08-10 07:00:00,44.75,106.0,21.25,49.73,43.68,13.75,24.53,0.99,41.78,3.42,NA,NA,NA,NA,NA,NA,NA,NA,NA,NA,NA,NA,NA,NA
2026-08-10 08:00:00,35.25,107.5,21.18,45.25,41.3,14.13,23.0,1.12,34.3,5.58,NA,NA,NA,NA,NA,NA,NA,NA,NA,NA,NA,NA,NA,NA
2026-08-10 09:00:00,36.0,107.0,17.65,26.13,26.6,10.45,22.33,1.25,37.0,5.4,NA,NA,NA,NA,NA,NA,NA,NA,NA,NA,NA,NA,NA,NA
2026-08-10 10:00:00,37.0,90.5,21.4,60.6,49.5,19.55,20.48,1.23,31.23,5.45,NA,NA,NA,NA,NA,NA,NA,NA,NA,NA,NA,NA,NA,NA
2026-08-10 11:00:00,42.5,98.5,28.55,82.98,67.3,18.33,12.63,1.05,27.33,5.49,NA,NA,NA,NA,NA,NA,NA,NA,NA,NA,NA,NA,NA,NA
2026-08-10 12:00:00,40.25,86.75,30.23,63.2,58.23,17.08,26.98,1.14,22.35,5.55,NA,NA,NA,NA,NA,NA,NA,NA,NA,NA,NA,NA,NA,NA
2026-08-10 13:00:00,39.5,78.5,31.63,58.33,56.75,13.63,30.37,0.97,20.6,4.32,NA,NA,NA,NA,NA,NA,NA,NA,NA,NA,NA,NA,NA,NA
2026-08-10 14:00:00,45.25,84.5,13.68,9.7,13.8,6.9,36.53,0.82,23.35,4.2,NA,NA,NA,NA,NA,NA,NA,NA,NA,NA,NA,NA,NA,NA
2026-08-10 15:00:00,25.25,75.25,13.15,16.18,18.55,6.5,58.35,0.88,30.23,4.28,NA,NA,NA,NA,NA,NA,NA,NA,NA,NA,NA,NA,NA,NA
2026-08-10 16:00:00,16.25,32.25,16.08,39.18,33.93,14.27,65.13,1.08,29.8,4.27,NA,NA,NA,NA,NA,NA,NA,NA,NA,NA,NA,NA,NA,NA
2026-08-10 17:00:00,20.5,40.5,16.5,46.15,37.98,18.03,64.38,1.54,28.98,4.34,NA,NA,NA,NA,NA,NA,NA,NA,NA,NA,NA,NA,NA,NA
2026-08-10 18:00:00,35.0,76.5,16.58,46.3,38.1,19.0,51.33,1.66,29.18,3.77,NA,NA,NA,NA,NA,NA,NA,NA,NA,NA,NA,NA,NA,NA
2026-08-10 19:00:00,37.5,93.0,17.85,51.75,42.03,19.35,44.08,1.65,30.97,3.59,NA,NA,NA,NA,NA,NA,NA,NA,NA,NA,NA,NA,NA,NA
2026-08-10 20:00:00,38.25,113.25,20.45,65.95,51.7,19.08,43.13,1.54,33.65,3.6,NA,NA,NA,NA,NA,NA,NA,NA,NA,NA,NA,NA,NA,NA
2026-08-10 21:00:00,49.25,144.5,16.95,39.83,35.0,15.38,43.83,1.93,31.55,2.21,NA,NA,NA,NA,NA,NA,NA,NA,NA,NA,NA,NA,NA,NA
2026-08-10 22:00:00,55.5,148.75,18.28,46.78,39.73,14.18,43.5,1.6,69.6,1.74,NA,NA,NA,NA,NA,NA,NA,NA,NA,NA,NA,NA,NA,NA
2026-08-10 23:00:00,51.33,119.33,17.03,40.37,35.3,15.23,43.8,1.22,36.93,1.7,NA,NA,NA,NA,NA,NA,NA,NA,NA,NA,NA,NA,NA,NA
2026-08-11 00:00:00,38.5,92.0,16.95,45.95,38.23,16.4,28.2,0.93,30.88,3.42,NA,NA,NA,NA,NA,NA,NA,NA,NA,NA,NA,NA,NA,NA
2026-08-11 01:00:00,27.5,71.75,16.75,42.45,36.18,18.08,20.1,0.74,30.03,3.41,NA,NA,NA,NA,NA,NA,NA,NA,NA,NA,NA,NA,NA,NA
2026-08-11 02:00:00,22.75,58.75,17.23,46.78,38.9,16.15,19.08,0.57,28.8,3.46,NA,NA,NA,NA,NA,NA,NA,NA,NA,NA,NA,NA,NA,NA
2026-08-11 03:00:00,23.5,50.75,16.4,39.38,34.33,14.85,20.33,0.54,30.05,3.36,NA,NA,NA,NA,NA,NA,NA,NA,NA,NA,NA,NA,NA,NA
2026-08-11 04:00:00,27.75,60.25,16.73,40.72,35.25,16.35,20.68,0.9,32.25,3.45,NA,NA,NA,NA,NA,NA,NA,NA,NA,NA,NA,NA,NA,NA
2026-08-11 05:00:00,32.75,73.5,17.17,44.4,37.58,17.33,20.4,0.99,34.78,3.54,NA,NA,NA,NA,NA,NA,NA,NA,NA,NA,NA,NA,NA,NA
2026-08-11 06:00:00,35.0,83.0,25.68,91.83,69.73,25.85,9.0,1.2,37.63,3.42,NA,NA,NA,NA,NA,NA,NA,NA,NA,NA,NA,NA,NA,NA
2026-08-11 07:00:00,39.75,88.0,18.33,36.35,33.1,14.53,0.9,1.26,22.38,3.4,NA,NA,NA,NA,NA,NA,NA,NA,NA,NA,NA,NA,NA,NA
2026-08-11 08:00:00,45.75,95.5,21.35,53.6,45.88,16.98,2.85,1.38,27.13,5.54,NA,NA,NA,NA,NA,NA,NA,NA,NA,NA,NA,NA,NA,NA
2026-08-11 09:00:00,45.75,94.0,18.65,34.0,33.25,11.15,9.35,1.42,24.33,5.52,NA,NA,NA,NA,NA,NA,NA,NA,NA,NA,NA,NA,NA,NA
2026-08-11 10:00:00,43.0,92.5,24.9,63.2,53.85,21.1,6.8,1.52,24.55,5.58,NA,NA,NA,NA,NA,NA,NA,NA,NA,NA,NA,NA,NA,NA
2026-08-11 11:00:00,43.5,78.0,14.6,12.33,18.4,8.3,5.1,1.44,22.25,5.61,NA,NA,NA,NA,NA,NA,NA,NA,NA,NA,NA,NA,NA,NA
2026-08-11 12:00:00,54.5,91.25,14.88,26.98,26.42,13.3,5.35,1.22,29.1,5.4,NA,NA,NA,NA,NA,NA,NA,NA,NA,NA,NA,NA,NA,NA
2026-08-11 13:00:00,60.25,84.75,17.4,44.68,37.88,17.18,NA,1.01,16.27,4.27,NA,NA,NA,NA,NA,NA,NA,NA,NA,NA,NA,NA,NA,NA
2026-08-11 14:00:00,54.5,76.75,18.35,48.78,40.83,17.3,NA,0.84,14.65,4.29,NA,NA,NA,NA,NA,NA,NA,NA,NA,NA,NA,NA,NA,NA
2026-08-11 15:00:00,42.75,70.25,14.45,30.33,27.88,14.18,9.65,0.68,17.6,4.3,NA,NA,NA,NA,NA,NA,NA,NA,NA,NA,NA,NA,NA,NA
2026-08-11 16:00:00,41.5,70.0,13.4,37.0,30.6,17.65,11.0,0.83,18.33,4.21,NA,NA,NA,NA,NA,NA,NA,NA,NA,NA,NA,NA,NA,NA
2026-08-11 17:00:00,36.25,62.75,14.38,45.55,35.95,19.58,11.6,0.93,19.43,4.38,NA,NA,NA,NA,NA,NA,NA,NA,NA,NA,NA,NA,NA,NA
2026-08-11 18:00:00,28.67,61.0,14.7,51.63,39.4,19.47,41.8,1.0,17.3,3.82,NA,NA,NA,NA,NA,NA,NA,NA,NA,NA,NA,NA,NA,NA
2026-08-11 19:00:00,30.5,78.25,14.08,44.5,35.08,19.55,66.05,1.27,19.05,3.6,NA,NA,NA,NA,NA,NA,NA,NA,NA,NA,NA,NA,NA,NA
2026-08-11 20:00:00,38.5,87.75,14.2,46.07,36.0,18.58,65.15,1.18,16.03,3.59,NA,NA,NA,NA,NA,NA,NA,NA,NA,NA,NA,NA,NA,NA
2026-08-11 21:00:00,37.25,85.75,17.45,61.22,46.8,22.95,64.7,1.45,28.13,2.2,NA,NA,NA,NA,NA,NA,NA,NA,NA,NA,NA,NA,NA,NA
2026-08-11 22:00:00,42.0,108.0,20.45,64.4,50.9,22.08,66.95,1.64,19.65,1.71,NA,NA,NA,NA,NA,NA,NA,NA,NA,NA,NA,NA,NA,NA
2026-08-11 23:00:00,42.67,103.67,18.4,46.17,39.5,16.7,67.53,1.44,17.37,1.73,NA,NA,NA,NA,NA,NA,NA,NA,NA,NA,NA,NA,NA,NA
2026-08-12 00:00:00,39.75,105.75,17.9,45.97,39.0,14.9,43.05,1.21,17.8,3.58,NA,NA,NA,NA,NA,NA,NA,NA,NA,NA,NA,NA,NA,NA
2026-08-12 01:00:00,39.25,101.0,16.3,37.28,33.05,14.27,31.13,1.05,18.98,3.54,NA,NA,NA,NA,NA,NA,NA,NA,NA,NA,NA,NA,NA,NA
2026-08-12 02:00:00,41.5,95.75,16.45,38.38,33.83,14.95,32.75,1.07,20.45,3.48,NA,NA,NA,NA,NA,NA,NA,NA,NA,NA,NA,NA,NA,NA
2026-08-12 03:00:00,38.75,95.75,16.28,35.65,32.2,14.78,33.03,0.98,20.8,3.49,NA,NA,NA,NA,NA,NA,NA,NA,NA,NA,NA,NA,NA,NA
2026-08-12 04:00:00,35.25,95.5,18.17,51.63,42.23,18.13,32.88,1.18,20.95,3.54,NA,NA,NA,NA,NA,NA,NA,NA,NA,NA,NA,NA,NA,NA
2026-08-12 05:00:00,41.0,113.5,16.8,40.13,34.98,15.73,33.6,1.19,20.53,3.47,NA,NA,NA,NA,NA,NA,NA,NA,NA,NA,NA,NA,NA,NA
2026-08-12 06:00:00,42.75,110.75,22.2,64.55,52.38,22.75,38.5,1.23,16.93,3.41,NA,NA,NA,NA,NA,NA,NA,NA,NA,NA,NA,NA,NA,NA
2026-08-12 07:00:00,44.25,103.0,21.85,51.65,45.22,15.45,38.48,1.2,14.2,3.41,NA,NA,NA,NA,NA,NA,NA,NA,NA,NA,NA,NA,NA,NA
2026-08-12 08:00:00,53.0,106.25,19.9,37.88,36.3,14.6,39.5,1.05,14.88,5.46,NA,NA,NA,NA,NA,NA,NA,NA,NA,NA,NA,NA,NA,NA
2026-08-12 09:00:00,55.25,111.0,15.08,22.53,24.25,9.88,46.43,1.03,18.55,5.43,NA,NA,NA,NA,NA,NA,NA,NA,NA,NA,NA,NA,NA,NA
2026-08-12 10:00:00,37.0,84.75,30.1,96.73,75.93,26.98,40.48,0.96,15.38,5.34,NA,NA,NA,NA,NA,NA,NA,NA,NA,NA,NA,NA,NA,NA
2026-08-12 11:00:00,34.75,86.25,31.03,78.95,67.18,18.65,31.85,0.87,15.78,5.47,NA,NA,NA,NA,NA,NA,NA,NA,NA,NA,NA,NA,NA,NA
2026-08-12 12:00:00,37.5,73.75,12.93,5.23,8.5,3.55,23.5,0.98,14.05,5.57,NA,NA,NA,NA,NA,NA,NA,NA,NA,NA,NA,NA,NA,NA
2026-08-12 13:00:00,40.0,73.0,15.52,24.33,25.3,8.65,27.58,0.98,14.8,4.23,NA,NA,NA,NA,NA,NA,NA,NA,NA,NA,NA,NA,NA,NA
2026-08-12 14:00:00,37.0,71.0,13.48,24.08,23.75,10.48,35.93,1.0,15.6,4.32,NA,NA,NA,NA,NA,NA,NA,NA,NA,NA,NA,NA,NA,NA
2026-08-12 15:00:00,33.5,72.5,12.78,34.4,28.65,13.75,39.83,1.06,18.03,4.21,NA,NA,NA,NA,NA,NA,NA,NA,NA,NA,NA,NA,NA,NA
2026-08-12 16:00:00,37.5,86.5,14.68,46.18,36.53,20.58,34.98,1.02,23.58,4.27,NA,NA,NA,NA,NA,NA,NA,NA,NA,NA,NA,NA,NA,NA
2026-08-12 17:00:00,37.75,93.0,14.35,43.68,34.93,19.75,34.35,1.05,23.33,4.3,NA,NA,NA,NA,NA,NA,NA,NA,NA,NA,NA,NA,NA,NA
2026-08-12 18:00:00,40.25,104.5,15.53,47.43,37.83,20.05,12.53,1.1,19.65,3.75,NA,NA,NA,NA,NA,NA,NA,NA,NA,NA,NA,NA,NA,NA
2026-08-12 19:00:00,45.25,110.75,16.68,53.08,41.83,19.58,0.65,1.37,18.73,3.63,NA,NA,NA,NA,NA,NA,NA,NA,NA,NA,NA,NA,NA,NA
2026-08-12 20:00:00,51.75,149.0,17.45,50.1,40.82,17.93,0.33,1.72,22.43,3.55,NA,NA,NA,NA,NA,NA,NA,NA,NA,NA,NA,NA,NA,NA
2026-08-12 21:00:00,58.25,189.25,18.63,52.5,43.05,18.95,0.1,1.94,16.35,2.17,NA,NA,NA,NA,NA,NA,NA,NA,NA,NA,NA,NA,NA,NA
2026-08-12 22:00:00,65.5,168.0,16.15,37.38,33.05,15.5,NA,1.64,12.65,1.71,NA,NA,NA,NA,NA,NA,NA,NA,NA,NA,NA,NA,NA,NA
2026-08-12 23:00:00,58.0,145.33,16.5,41.33,35.37,16.67,NA,1.54,18.83,1.72,NA,NA,NA,NA,NA,NA,NA,NA,NA,NA,NA,NA,NA,NA
2026-08-13 00:00:00,50.0,126.0,15.7,36.3,32.08,14.0,25.63,1.03,18.48,3.42,NA,NA,NA,NA,NA,NA,NA,NA,NA,NA,NA,NA,NA,NA
2026-08-13 01:00:00,46.25,106.25,16.55,43.4,36.55,16.1,29.15,0.88,19.18,3.44,NA,NA,NA,NA,NA,NA,NA,NA,NA,NA,NA,NA,NA,NA
2026-08-13 02:00:00,42.25,92.75,15.85,38.95,33.63,15.75,28.88,0.82,13.8,3.52,NA,NA,NA,NA,NA,NA,NA,NA,NA,NA,NA,NA,NA,NA
2026-08-13 03:00:00,42.25,94.0,15.0,33.88,30.25,14.9,28.88,0.78,14.53,3.53,NA,NA,NA,NA,NA,NA,NA,NA,NA,NA,NA,NA,NA,NA
2026-08-13 04:00:00,40.75,82.0,16.73,45.7,37.95,18.85,29.35,0.88,13.63,3.44,NA,NA,NA,NA,NA,NA,NA,NA,NA,NA,NA,NA,NA,NA
2026-08-13 05:00:00,31.75,60.25,16.43,48.05,38.88,18.68,29.75,0.8,21.0,3.45,NA,NA,NA,NA,NA,NA,NA,NA,NA,NA,NA,NA,NA,NA
2026-08-13 06:00:00,28.5,57.5,19.0,58.15,46.38,19.3,19.85,0.87,22.68,3.44,NA,NA,NA,NA,NA,NA,NA,NA,NA,NA,NA,NA,NA,NA
2026-08-13 07:00:00,29.0,66.25,22.8,73.88,57.83,21.45,0.1,0.93,19.45,3.49,NA,NA,NA,NA,NA,NA,NA,NA,NA,NA,NA,NA,NA,NA
2026-08-13 08:00:00,25.25,76.0,21.13,43.2,39.78,12.33,NA,1.12,15.15,5.47,NA,NA,NA,NA,NA,NA,NA,NA,NA,NA,NA,NA,NA,NA
2026-08-13 09:00:00,35.5,118.25,13.23,8.8,14.98,9.45,0.2,1.17,15.2,5.4,NA,NA,NA,NA,NA,NA,NA,NA,NA,NA,NA,NA,NA,NA
2026-08-13 10:00:00,41.5,126.5,15.0,34.68,30.65,18.38,0.47,1.15,32.6,5.41,NA,NA,NA,NA,NA,NA,NA,NA,NA,NA,NA,NA,NA,NA
2026-08-13 11:00:00,36.75,90.25,28.73,101.75,77.45,29.28,12.23,1.13,33.65,5.6,NA,NA,NA,NA,NA,NA,NA,NA,NA,NA,NA,NA,NA,NA
2026-08-13 12:00:00,32.5,67.0,32.1,83.23,70.38,22.28,16.8,1.0,15.9,5.5,NA,NA,NA,NA,NA,NA,NA,NA,NA,NA,NA,NA,NA,NA
2026-08-13 13:00:00,38.75,76.75,32.93,73.43,65.83,12.7,14.15,0.98,14.55,4.3,NA,NA,NA,NA,NA,NA,NA,NA,NA,NA,NA,NA,NA,NA
2026-08-13 14:00:00,48.25,75.0,20.65,29.53,24.7,4.08,10.4,0.87,12.65,4.23,NA,NA,NA,NA,NA,NA,NA,NA,NA,NA,NA,NA,NA,NA
2026-08-13 15:00:00,24.75,43.5,18.7,33.13,30.5,7.38,17.45,0.85,12.9,4.31,NA,NA,NA,NA,NA,NA,NA,NA,NA,NA,NA,NA,NA,NA
2026-08-13 16:00:00,18.5,35.0,10.13,8.15,6.43,4.25,26.47,0.99,16.15,4.31,NA,NA,NA,NA,NA,NA,NA,NA,NA,NA,NA,NA,NA,NA
2026-08-13 17:00:00,23.5,48.5,14.48,29.65,27.53,14.85,35.2,1.13,18.28,4.37,NA,NA,NA,NA,NA,NA,NA,NA,NA,NA,NA,NA,NA,NA
2026-08-13 18:00:00,20.0,49.25,15.23,46.0,36.88,18.55,26.15,1.33,18.63,3.72,NA,NA,NA,NA,NA,NA,NA,NA,NA,NA,NA,NA,NA,NA
2026-08-13 19:00:00,19.75,59.5,15.08,44.3,35.8,18.5,20.3,1.94,20.55,3.53,NA,NA,NA,NA,NA,NA,NA,NA,NA,NA,NA,NA,NA,NA
2026-08-13 20:00:00,32.5,99.0,14.23,40.1,32.88,18.15,20.08,1.98,23.5,3.59,NA,NA,NA,NA,NA,NA,NA,NA,NA,NA,NA,NA,NA,NA
2026-08-13 21:00:00,42.25,122.0,18.15,56.63,44.9,20.58,18.7,2.29,19.42,2.19,NA,NA,NA,NA,NA,NA,NA,NA,NA,NA,NA,NA,NA,NA
2026-08-13 22:00:00,48.5,124.0,17.98,51.75,42.15,17.0,18.2,2.68,19.78,1.69,NA,NA,NA,NA,NA,NA,NA,NA,NA,NA,NA,NA,NA,NA
2026-08-13 23:00:00,56.0,130.33,16.7,41.13,35.43,15.67,18.03,2.76,20.53,1.74,NA,NA,NA,NA,NA,NA,NA,NA,NA,NA,NA,NA,NA,NA
2026-08-14 00:00:00,59.0,147.75,15.9,36.45,32.3,15.45,18.6,2.01,14.9,3.47,NA,NA,NA,NA,NA,NA,NA,NA,NA,NA,NA,NA,NA,NA
2026-08-14 01:00:00,56.75,145.0,14.2,30.23,27.6,12.85,20.35,2.04,15.45,3.4,NA,NA,NA,NA,NA,NA,NA,NA,NA,NA,NA,NA,NA,NA
2026-08-14 02:00:00,62.0,154.5,14.7,40.08,33.28,18.03,21.4,1.63,15.43,3.42,NA,NA,NA,NA,NA,NA,NA,NA,NA,NA,NA,NA,NA,NA
2026-08-14 03:00:00,58.25,138.75,15.23,46.83,37.3,17.55,14.45,1.18,14.28,3.5,NA,NA,NA,NA,NA,NA,NA,NA,NA,NA,NA,NA,NA,NA
2026-08-14 04:00:00,42.75,94.0,15.2,45.78,36.7,16.35,NA,0.7,15.73,3.45,NA,NA,NA,NA,NA,NA,NA,NA,NA,NA,NA,NA,NA,NA
2026-08-14 05:00:00,26.5,59.0,16.75,53.33,41.98,19.68,NA,0.54,21.93,3.5,NA,NA,NA,NA,NA,NA,NA,NA,NA,NA,NA,NA,NA,NA
2026-08-14 06:00:00,24.5,55.75,21.28,72.03,55.63,23.33,13.33,0.55,41.7,3.54,NA,NA,NA,NA,NA,NA,NA,NA,NA,NA,NA,NA,NA,NA
2026-08-14 07:00:00,24.0,59.5,20.58,51.65,44.2,18.67,14.38,0.54,17.15,3.52,NA,NA,NA,NA,NA,NA,NA,NA,NA,NA,NA,NA,NA,NA
2026-08-14 08:00:00,25.5,64.75,20.73,50.53,43.0,15.78,13.75,0.94,14.85,5.51,NA,NA,NA,NA,NA,NA,NA,NA,NA,NA,NA,NA,NA,NA
2026-08-14 09:00:00,22.25,65.0,11.78,12.48,15.88,8.08,18.05,0.9,22.95,5.47,NA,NA,NA,NA,NA,NA,NA,NA,NA,NA,NA,NA,NA,NA
2026-08-14 10:00:00,NA,NA,NA,NA,NA,NA,NA,NA,NA,NA,NA,NA,NA,NA,NA,NA,NA,NA,NA,NA,NA,NA,NA,NA
2026-08-14 11:00:00,NA,NA,NA,NA,NA,NA,NA,NA,NA,NA,NA,NA,NA,NA,NA,NA,NA,NA,NA,NA,NA,NA,NA,NA
2026-08-14 12:00:00,NA,NA,NA,NA,NA,NA,NA,NA,NA,NA,NA,NA,NA,NA,NA,NA,NA,NA,NA,NA,NA,NA,NA,NA
2026-08-14 13:00:00,NA,NA,NA,NA,NA,NA,NA,NA,NA,NA,NA,NA,NA,NA,NA,NA,NA,NA,NA,NA,NA,NA,NA,NA
2026-08-14 14:00:00,NA,NA,NA,NA,NA,NA,NA,NA,NA,NA,NA,NA,NA,NA,NA,NA,NA,NA,NA,NA,NA,NA,NA,NA
2026-08-14 15:00:00,NA,NA,NA,NA,NA,NA,NA,NA,NA,NA,NA,NA,NA,NA,NA,NA,NA,NA,NA,NA,NA,NA,NA,NA
2026-08-14 16:00:00,NA,NA,NA,NA,NA,NA,NA,NA,NA,NA,NA,NA,NA,NA,NA,NA,NA,NA,NA,NA,NA,NA,NA,NA
2026-08-14 17:00:00,NA,NA,NA,NA,NA,NA,NA,NA,NA,NA,NA,NA,NA,NA,NA,NA,NA,NA,NA,NA,NA,NA,NA,NA
2026-08-14 18:00:00,NA,NA,NA,NA,NA,NA,NA,NA,NA,NA,NA,NA,NA,NA,NA,NA,NA,NA,NA,NA,NA,NA,NA,NA
2026-08-14 19:00:00,NA,NA,NA,NA,NA,NA,NA,NA,NA,NA,NA,NA,NA,NA,NA,NA,NA,NA,NA,NA,NA,NA,NA,NA
2026-08-14 20:00:00,NA,NA,NA,NA,NA,NA,NA,NA,NA,NA,NA,NA,NA,NA,NA,NA,NA,NA,NA,NA,NA,NA,NA,NA
2026-08-14 21:00:00,NA,NA,NA,NA,NA,NA,NA,NA,NA,NA,NA,NA,NA,NA,NA,NA,NA,NA,NA,NA,NA,NA,NA,NA
2026-08-14 22:00:00,NA,NA,NA,NA,NA,NA,NA,NA,NA,NA,NA,NA,NA,NA,NA,NA,NA,NA,NA,NA,NA,NA,NA,NA
2026-08-14 23:00:00,NA,NA,NA,NA,NA,NA,NA,NA,NA,NA,NA,NA,NA,NA,NA,NA,NA,NA,NA,NA,NA,NA,NA,NA
2026-08-15 00:00:00,NA,NA,NA,NA,NA,NA,NA,NA,NA,NA,NA,NA,NA,NA,NA,NA,NA,NA,NA,NA,NA,NA,NA,NA
2026-08-15 01:00:00,NA,NA,NA,NA,NA,NA,NA,NA,NA,NA,NA,NA,NA,NA,NA,NA,NA,NA,NA,NA,NA,NA,NA,NA
2026-08-15 02:00:00,NA,NA,NA,NA,NA,NA,NA,NA,NA,NA,NA,NA,NA,NA,NA,NA,NA,NA,NA,NA,NA,NA,NA,NA
2026-08-15 03:00:00,NA,NA,NA,NA,NA,NA,NA,NA,NA,NA,NA,NA,NA,NA,NA,NA,NA,NA,NA,NA,NA,NA,NA,NA
2026-08-15 04:00:00,NA,NA,NA,NA,NA,NA,NA,NA,NA,NA,NA,NA,NA,NA,NA,NA,NA,NA,NA,NA,NA,NA,NA,NA
2026-08-15 05:00:00,NA,NA,NA,NA,NA,NA,NA,NA,NA,NA,NA,NA,NA,NA,NA,NA,NA,NA,NA,NA,NA,NA,NA,NA
2026-08-15 06:00:00,NA,NA,NA,NA,NA,NA,NA,NA,NA,NA,NA,NA,NA,NA,NA,NA,NA,NA,NA,NA,NA,NA,NA,NA
2026-08-15 07:00:00,NA,NA,NA,NA,NA,NA,NA,NA,NA,NA,NA,NA,NA,NA,NA,NA,NA,NA,NA,NA,NA,NA,NA,NA
2026-08-15 08:00:00,NA,NA,NA,NA,NA,NA,NA,NA,NA,NA,NA,NA,NA,NA,NA,NA,NA,NA,NA,NA,NA,NA,NA,NA
2026-08-15 09:00:00,NA,NA,NA,NA,NA,NA,NA,NA,NA,NA,NA,NA,NA,NA,NA,NA,NA,NA,NA,NA,NA,NA,NA,NA
2026-08-15 10:00:00,NA,NA,NA,NA,NA,NA,NA,NA,NA,NA,NA,NA,NA,NA,NA,NA,NA,NA,NA,NA,NA,NA,NA,NA
2026-08-15 11:00:00,NA,NA,NA,NA,NA,NA,NA,NA,NA,NA,NA,NA,NA,NA,NA,NA,NA,NA,NA,NA,NA,NA,NA,NA
2026-08-15 12:00:00,NA,NA,NA,NA,NA,NA,NA,NA,NA,NA,NA,NA,NA,NA,NA,NA,NA,NA,NA,NA,NA,NA,NA,NA
2026-08-15 13:00:00,NA,NA,NA,NA,NA,NA,NA,NA,NA,NA,NA,NA,NA,NA,NA,NA,NA,NA,NA,NA,NA,NA,NA,NA
2026-08-15 14:00:00,NA,NA,NA,NA,NA,NA,NA,NA,NA,NA,NA,NA,NA,NA,NA,NA,NA,NA,NA,NA,NA,NA,NA,NA
2026-08-15 15:00:00,NA,NA,NA,NA,NA,NA,NA,NA,NA,NA,NA,NA,NA,NA,NA,NA,NA,NA,NA,NA,NA,NA,NA,NA
2026-08-15 16:00:00,NA,NA,NA,NA,NA,NA,NA,NA,NA,NA,NA,NA,NA,NA,NA,NA,NA,NA,NA,NA,NA,NA,NA,NA
2026-08-15 17:00:00,NA,NA,NA,NA,NA,NA,NA,NA,NA,NA,NA,NA,NA,NA,NA,NA,NA,NA,NA,NA,NA,NA,NA,NA
2026-08-15 18:00:00,NA,NA,NA,NA,NA,NA,NA,NA,NA,NA,NA,NA,NA,NA,NA,NA,NA,NA,NA,NA,NA,NA,NA,NA
2026-08-15 19:00:00,NA,NA,NA,NA,NA,NA,NA,NA,NA,NA,NA,NA,NA,NA,NA,NA,NA,NA,NA,NA,NA,NA,NA,NA
2026-08-15 20:00:00,NA,NA,NA,NA,NA,NA,NA,NA,NA,NA,NA,NA,NA,NA,NA,NA,NA,NA,NA,NA,NA,NA,NA,NA
2026-08-15 21:00:00,NA,NA,NA,NA,NA,NA,NA,NA,NA,NA,NA,NA,NA,NA,NA,NA,NA,NA,NA,NA,NA,NA,NA,NA
2026-08-15 22:00:00,NA,NA,NA,NA,NA,NA,NA,NA,NA,NA,NA,NA,NA,NA,NA,NA,NA,NA,NA,NA,NA,NA,NA,NA
2026-08-15 23:00:00,NA,NA,NA,NA,NA,NA,NA,NA,NA,NA,NA,NA,NA,NA,NA,NA,NA,NA,NA,NA,NA,NA,NA,NA
2026-08-16 00:00:00,NA,NA,NA,NA,NA,NA,NA,NA,NA,NA,NA,NA,NA,NA,NA,NA,NA,NA,NA,NA,NA,NA,NA,NA
2026-08-16 01:00:00,NA,NA,NA,NA,NA,NA,NA,NA,NA,NA,NA,NA,NA,NA,NA,NA,NA,NA,NA,NA,NA,NA,NA,NA
2026-08-16 02:00:00,NA,NA,NA,NA,NA,NA,NA,NA,NA,NA,NA,NA,NA,NA,NA,NA,NA,NA,NA,NA,NA,NA,NA,NA
2026-08-16 03:00:00,NA,NA,NA,NA,NA,NA,NA,NA,NA,NA,NA,NA,NA,NA,NA,NA,NA,NA,NA,NA,NA,NA,NA,NA
2026-08-16 04:00:00,NA,NA,NA,NA,NA,NA,NA,NA,NA,NA,NA,NA,NA,NA,NA,NA,NA,NA,NA,NA,NA,NA,NA,NA
2026-08-16 05:00:00,NA,NA,NA,NA,NA,NA,NA,NA,NA,NA,NA,NA,NA,NA,NA,NA,NA,NA,NA,NA,NA,NA,NA,NA
2026-08-16 06:00:00,NA,NA,NA,NA,NA,NA,NA,NA,NA,NA,NA,NA,NA,NA,NA,NA,NA,NA,NA,NA,NA,NA,NA,NA
2026-08-16 07:00:00,NA,NA,NA,NA,NA,NA,NA,NA,NA,NA,NA,NA,NA,NA,NA,NA,NA,NA,NA,NA,NA,NA,NA,NA
2026-08-16 08:00:00,NA,NA,NA,NA,NA,NA,NA,NA,NA,NA,NA,NA,NA,NA,NA,NA,NA,NA,NA,NA,NA,NA,NA,NA
2026-08-16 09:00:00,NA,NA,NA,NA,NA,NA,NA,NA,NA,NA,NA,NA,NA,NA,NA,NA,NA,NA,NA,NA,NA,NA,NA,NA
2026-08-16 10:00:00,NA,NA,NA,NA,NA,NA,NA,NA,NA,NA,NA,NA,NA,NA,NA,NA,NA,NA,NA,NA,NA,NA,NA,NA
2026-08-16 11:00:00,NA,NA,NA,NA,NA,NA,NA,NA,NA,NA,NA,NA,NA,NA,NA,NA,NA,NA,NA,NA,NA,NA,NA,NA
2026-08-16 12:00:00,NA,NA,NA,NA,NA,NA,NA,NA,NA,NA,NA,NA,NA,NA,NA,NA,NA,NA,NA,NA,NA,NA,NA,NA
2026-08-16 13:00:00,NA,NA,NA,NA,NA,NA,NA,NA,NA,NA,NA,NA,NA,NA,NA,NA,NA,NA,NA,NA,NA,NA,NA,NA
2026-08-16 14:00:00,NA,NA,NA,NA,NA,NA,NA,NA,NA,NA,NA,NA,NA,NA,NA,NA,NA,NA,NA,NA,NA,NA,NA,NA
2026-08-16 15:00:00,NA,NA,NA,NA,NA,NA,NA,NA,NA,NA,NA,NA,NA,NA,NA,NA,NA,NA,NA,NA,NA,NA,NA,NA
2026-08-16 16:00:00,26.67,109.33,15.23,48.03,37.97,19.57,35.3,0.85,18.03,4.31,NA,NA,NA,NA,NA,NA,NA,NA,NA,NA,NA,NA,NA,NA
2026-08-16 17:00:00,25.5,103.75,15.25,48.65,38.28,19.35,35.22,0.9,17.83,4.34,NA,NA,NA,NA,NA,NA,NA,NA,NA,NA,NA,NA,NA,NA
2026-08-16 18:00:00,22.25,97.0,15.6,47.18,37.8,18.63,26.6,0.96,17.1,3.73,NA,NA,NA,NA,NA,NA,NA,NA,NA,NA,NA,NA,NA,NA
2026-08-16 19:00:00,23.75,97.5,14.75,46.35,36.68,17.05,22.13,1.15,15.45,3.59,NA,NA,NA,NA,NA,NA,NA,NA,NA,NA,NA,NA,NA,NA
2026-08-16 20:00:00,24.0,104.25,13.93,41.6,33.45,16.45,22.63,1.27,22.2,3.57,NA,NA,NA,NA,NA,NA,NA,NA,NA,NA,NA,NA,NA,NA
2026-08-16 21:00:00,27.5,108.0,19.33,63.43,49.43,20.83,16.25,1.39,21.88,2.19,NA,NA,NA,NA,NA,NA,NA,NA,NA,NA,NA,NA,NA,NA
2026-08-16 22:00:00,25.75,106.0,17.53,47.7,39.6,15.73,14.53,1.65,18.65,1.75,NA,NA,NA,NA,NA,NA,NA,NA,NA,NA,NA,NA,NA,NA
2026-08-16 23:00:00,28.0,125.0,17.4,46.1,38.67,17.2,14.93,1.87,19.1,1.7,NA,NA,NA,NA,NA,NA,NA,NA,NA,NA,NA,NA,NA,NA
2026-08-17 00:00:00,35.75,162.0,16.95,43.25,36.8,17.18,14.6,1.23,20.78,3.45,NA,NA,NA,NA,NA,NA,NA,NA,NA,NA,NA,NA,NA,NA
2026-08-17 01:00:00,32.75,127.25,16.2,40.2,34.55,16.65,14.9,0.91,17.7,3.45,NA,NA,NA,NA,NA,NA,NA,NA,NA,NA,NA,NA,NA,NA
2026-08-17 02:00:00,19.5,82.75,17.73,49.63,40.78,15.65,15.45,0.73,14.83,3.4,NA,NA,NA,NA,NA,NA,NA,NA,NA,NA,NA,NA,NA,NA
2026-08-17 03:00:00,21.0,73.25,17.1,46.8,38.8,16.8,16.63,0.64,15.38,3.37,NA,NA,NA,NA,NA,NA,NA,NA,NA,NA,NA,NA,NA,NA
2026-08-17 04:00:00,20.5,69.75,16.1,43.65,36.35,15.55,17.33,0.83,14.03,3.47,NA,NA,NA,NA,NA,NA,NA,NA,NA,NA,NA,NA,NA,NA
2026-08-17 05:00:00,17.75,66.5,16.28,45.25,37.3,16.1,17.33,0.83,14.53,3.39,NA,NA,NA,NA,NA,NA,NA,NA,NA,NA,NA,NA,NA,NA
2026-08-17 06:00:00,17.25,68.25,26.23,86.5,67.33,25.43,14.85,0.97,14.0,3.44,NA,NA,NA,NA,NA,NA,NA,NA,NA,NA,NA,NA,NA,NA
2026-08-17 07:00:00,18.5,80.5,17.68,30.53,30.63,11.6,14.77,0.92,17.93,3.52,NA,NA,NA,NA,NA,NA,NA,NA,NA,NA,NA,NA,NA,NA
2026-08-17 08:00:00,18.5,88.0,23.38,61.93,51.98,16.6,13.48,0.93,12.0,5.48,NA,NA,NA,NA,NA,NA,NA,NA,NA,NA,NA,NA,NA,NA
2026-08-17 09:00:00,18.25,97.75,16.1,23.43,24.83,10.38,7.65,0.83,16.65,5.6,NA,NA,NA,NA,NA,NA,NA,NA,NA,NA,NA,NA,NA,NA
2026-08-17 10:00:00,19.5,102.5,19.0,47.75,40.83,16.55,4.8,0.89,15.92,5.44,NA,NA,NA,NA,NA,NA,NA,NA,NA,NA,NA,NA,NA,NA
2026-08-17 11:00:00,22.5,101.0,29.53,97.7,75.98,24.8,2.95,0.88,14.15,5.51,NA,NA,NA,NA,NA,NA,NA,NA,NA,NA,NA,NA,NA,NA
2026-08-17 12:00:00,24.0,94.75,28.0,66.4,58.08,16.43,0.65,0.8,13.1,5.49,NA,NA,NA,NA,NA,NA,NA,NA,NA,NA,NA,NA,NA,NA
2026-08-17 13:00:00,27.25,102.75,31.4,75.65,65.78,12.18,NA,0.84,14.08,4.24,NA,NA,NA,NA,NA,NA,NA,NA,NA,NA,NA,NA,NA,NA
2026-08-17 14:00:00,32.25,119.0,16.25,20.58,20.78,3.85,NA,0.86,17.98,4.25,NA,NA,NA,NA,NA,NA,NA,NA,NA,NA,NA,NA,NA,NA
2026-08-17 15:00:00,20.75,106.75,8.93,4.75,5.48,6.35,30.87,0.84,17.08,4.31,NA,NA,NA,NA,NA,NA,NA,NA,NA,NA,NA,NA,NA,NA
2026-08-17 16:00:00,20.5,90.75,14.15,36.93,31.15,18.03,42.38,0.87,19.8,4.45,NA,NA,NA,NA,NA,NA,NA,NA,NA,NA,NA,NA,NA,NA
2026-08-17 17:00:00,16.25,76.25,14.13,38.9,32.15,18.6,43.9,0.89,20.05,4.27,NA,NA,NA,NA,NA,NA,NA,NA,NA,NA,NA,NA,NA,NA
2026-08-17 18:00:00,17.25,70.75,15.18,48.53,38.13,19.03,15.45,0.96,20.2,3.76,NA,NA,NA,NA,NA,NA,NA,NA,NA,NA,NA,NA,NA,NA
2026-08-17 19:00:00,21.5,78.0,13.65,42.07,33.5,16.85,1.6,1.09,14.9,3.55,NA,NA,NA,NA,NA,NA,NA,NA,NA,NA,NA,NA,NA,NA
2026-08-17 20:00:00,24.67,85.33,23.3,89.3,66.47,29.5,0.75,1.16,27.97,3.57,NA,NA,NA,NA,NA,NA,NA,NA,NA,NA,NA,NA,NA,NA
2026-08-17 21:00:00,24.75,85.5,34.9,119.98,92.2,31.93,22.83,1.19,11.4,2.19,NA,NA,NA,NA,NA,NA,NA,NA,NA,NA,NA,NA,NA,NA
2026-08-17 22:00:00,24.5,88.75,24.28,41.0,40.55,9.0,20.73,1.08,11.0,1.7,NA,NA,NA,NA,NA,NA,NA,NA,NA,NA,NA,NA,NA,NA
2026-08-17 23:00:00,30.0,90.0,6.9,2.43,3.6,4.8,21.57,0.89,11.57,1.72,NA,NA,NA,NA,NA,NA,NA,NA,NA,NA,NA,NA,NA,NA
2026-08-18 00:00:00,20.5,69.5,13.35,27.5,25.48,15.05,29.85,0.87,15.5,3.39,NA,NA,NA,NA,NA,NA,NA,NA,NA,NA,NA,NA,NA,NA
2026-08-18 01:00:00,19.0,64.25,14.55,44.25,35.38,17.73,31.75,0.78,15.1,3.45,NA,NA,NA,NA,NA,NA,NA,NA,NA,NA,NA,NA,NA,NA
2026-08-18 02:00:00,18.25,57.5,15.73,51.08,39.98,19.75,32.1,0.72,15.92,3.5,NA,NA,NA,NA,NA,NA,NA,NA,NA,NA,NA,NA,NA,NA
2026-08-18 03:00:00,14.75,52.0,15.93,49.1,39.08,19.0,32.78,0.68,16.18,3.43,NA,NA,NA,NA,NA,NA,NA,NA,NA,NA,NA,NA,NA,NA
2026-08-18 04:00:00,13.5,50.5,15.0,41.7,34.38,17.0,33.65,0.72,14.8,3.42,NA,NA,NA,NA,NA,NA,NA,NA,NA,NA,NA,NA,NA,NA
2026-08-18 05:00:00,15.75,53.5,15.58,46.03,37.1,19.08,33.75,0.77,14.63,3.46,NA,NA,NA,NA,NA,NA,NA,NA,NA,NA,NA,NA,NA,NA
2026-08-18 06:00:00,14.0,57.0,16.95,55.48,43.28,19.05,23.3,0.82,14.25,3.35,NA,NA,NA,NA,NA,NA,NA,NA,NA,NA,NA,NA,NA,NA
2026-08-18 07:00:00,12.5,66.5,25.83,86.88,67.23,25.78,16.93,0.95,14.53,3.44,NA,NA,NA,NA,NA,NA,NA,NA,NA,NA,NA,NA,NA,NA
2026-08-18 08:00:00,16.0,79.75,21.28,36.95,36.63,12.93,16.53,1.01,14.33,5.5,NA,NA,NA,NA,NA,NA,NA,NA,NA,NA,NA,NA,NA,NA
2026-08-18 09:00:00,19.0,107.5,15.15,21.17,23.55,11.0,6.28,0.93,14.3,5.49,NA,NA,NA,NA,NA,NA,NA,NA,NA,NA,NA,NA,NA,NA
2026-08-18 10:00:00,18.75,109.25,17.93,44.2,38.1,16.58,1.73,0.92,14.23,5.52,NA,NA,NA,NA,NA,NA,NA,NA,NA,NA,NA,NA,NA,NA
2026-08-18 11:00:00,20.75,116.0,16.9,40.13,35.1,15.05,1.8,0.9,16.67,5.67,NA,NA,NA,NA,NA,NA,NA,NA,NA,NA,NA,NA,NA,NA
2026-08-18 12:00:00,24.5,108.5,25.8,87.58,67.55,25.85,8.75,0.95,17.15,5.56,NA,NA,NA,NA,NA,NA,NA,NA,NA,NA,NA,NA,NA,NA
2026-08-18 13:00:00,24.75,111.75,33.65,98.35,79.68,21.0,6.93,0.91,15.1,4.29,NA,NA,NA,NA,NA,NA,NA,NA,NA,NA,NA,NA,NA,NA
2026-08-18 14:00:00,27.0,110.25,13.25,15.18,16.2,4.8,2.6,1.05,12.63,4.28,NA,NA,NA,NA,NA,NA,NA,NA,NA,NA,NA,NA,NA,NA
2026-08-18 15:00:00,27.75,99.25,11.25,15.18,16.1,10.18,15.6,1.21,17.63,4.25,NA,NA,NA,NA,NA,NA,NA,NA,NA,NA,NA,NA,NA,NA
2026-08-18 16:00:00,NA,NA,NA,NA,NA,NA,NA,NA,NA,NA,NA,NA,NA,NA,NA,NA,NA,NA,NA,NA,NA,NA,NA,NA
2026-08-18 17:00:00,NA,NA,NA,NA,NA,NA,NA,NA,NA,NA,NA,NA,NA,NA,NA,NA,NA,NA,NA,NA,NA,NA,NA,NA
2026-08-18 18:00:00,NA,NA,NA,NA,NA,NA,NA,NA,NA,NA,NA,NA,NA,NA,NA,NA,NA,NA,NA,NA,NA,NA,NA,NA
2026-08-18 19:00:00,NA,NA,NA,NA,NA,NA,NA,NA,NA,NA,NA,NA,NA,NA,NA,NA,NA,NA,NA,NA,NA,NA,NA,NA
2026-08-18 20:00:00,NA,NA,NA,NA,NA,NA,NA,NA,NA,NA,NA,NA,NA,NA,NA,NA,NA,NA,NA,NA,NA,NA,NA,NA
2026-08-18 21:00:00,NA,NA,NA,NA,NA,NA,NA,NA,NA,NA,NA,NA,NA,NA,NA,NA,NA,NA,NA,NA,NA,NA,NA,NA
2026-08-18 22:00:00,NA,NA,NA,NA,NA,NA,NA,NA,NA,NA,NA,NA,NA,NA,NA,NA,NA,NA,NA,NA,NA,NA,NA,NA
2026-08-18 23:00:00,NA,NA,NA,NA,NA,NA,NA,NA,NA,NA,NA,NA,NA,NA,NA,NA,NA,NA,NA,NA,NA,NA,NA,NA
2026-08-19 00:00:00,NA,NA,NA,NA,NA,NA,NA,NA,NA,NA,NA,NA,NA,NA,NA,NA,NA,NA,NA,NA,NA,NA,NA,NA
2026-08-19 01:00:00,NA,NA,NA,NA,NA,NA,NA,NA,NA,NA,NA,NA,NA,NA,NA,NA,NA,NA,NA,NA,NA,NA,NA,NA
2026-08-19 02:00:00,NA,NA,NA,NA,NA,NA,NA,NA,NA,NA,NA,NA,NA,NA,NA,NA,NA,NA,NA,NA,NA,NA,NA,NA
2026-08-19 03:00:00,NA,NA,NA,NA,NA,NA,NA,NA,NA,NA,NA,NA,NA,NA,NA,NA,NA,NA,NA,NA,NA,NA,NA,NA
2026-08-19 04:00:00,NA,NA,NA,NA,NA,NA,NA,NA,NA,NA,NA,NA,NA,NA,NA,NA,NA,NA,NA,NA,NA,NA,NA,NA
2026-08-19 05:00:00,NA,NA,NA,NA,NA,NA,NA,NA,NA,NA,NA,NA,NA,NA,NA,NA,NA,NA,NA,NA,NA,NA,NA,NA
2026-08-19 06:00:00,NA,NA,NA,NA,NA,NA,NA,NA,NA,NA,NA,NA,NA,NA,NA,NA,NA,NA,NA,NA,NA,NA,NA,NA
2026-08-19 07:00:00,NA,NA,NA,NA,NA,NA,NA,NA,NA,NA,NA,NA,NA,NA,NA,NA,NA,NA,NA,NA,NA,NA,NA,NA
2026-08-19 08:00:00,NA,NA,NA,NA,NA,NA,NA,NA,NA,NA,NA,NA,NA,NA,NA,NA,NA,NA,NA,NA,NA,NA,NA,NA
2026-08-19 09:00:00,NA,NA,NA,NA,NA,NA,NA,NA,NA,NA,NA,NA,NA,NA,NA,NA,NA,NA,NA,NA,NA,NA,NA,NA
2026-08-19 10:00:00,38.5,89.5,14.7,27.1,26.4,12.45,3.95,0.76,13.95,5.71,NA,NA,NA,NA,NA,NA,NA,NA,NA,NA,NA,NA,NA,NA
2026-08-19 11:00:00,NA,NA,16.83,44.3,37.23,18.15,4.73,0.8,18.0,5.51,NA,NA,NA,NA,NA,NA,NA,NA,NA,NA,NA,NA,NA,NA
2026-08-19 12:00:00,15.0,52.0,17.38,45.48,38.28,16.68,20.13,0.95,17.7,5.5,NA,NA,NA,NA,NA,NA,NA,NA,NA,NA,NA,NA,NA,NA
2026-08-19 13:00:00,33.0,130.0,17.63,46.48,39.05,14.88,28.63,0.95,19.35,4.31,NA,NA,NA,NA,NA,NA,NA,NA,NA,NA,NA,NA,NA,NA
2026-08-19 14:00:00,34.5,127.75,17.18,42.65,36.65,13.6,28.3,0.99,16.55,4.29,NA,NA,NA,NA,NA,NA,NA,NA,NA,NA,NA,NA,NA,NA
2026-08-19 15:00:00,35.5,130.0,12.55,22.13,21.95,12.73,12.98,1.0,25.03,4.3,NA,NA,NA,NA,NA,NA,NA,NA,NA,NA,NA,NA,NA,NA
2026-08-19 16:00:00,35.5,133.25,13.3,36.53,30.23,16.23,5.65,0.98,20.43,4.21,NA,NA,NA,NA,NA,NA,NA,NA,NA,NA,NA,NA,NA,NA
2026-08-19 17:00:00,32.67,126.33,13.43,40.4,32.4,17.2,5.73,1.03,24.07,4.14,NA,NA,NA,NA,NA,NA,NA,NA,NA,NA,NA,NA,NA,NA
2026-08-19 18:00:00,28.0,88.75,16.0,54.5,42.0,20.28,15.25,1.16,17.45,3.71,NA,NA,NA,NA,NA,NA,NA,NA,NA,NA,NA,NA,NA,NA
2026-08-19 19:00:00,26.75,67.25,16.4,51.18,40.6,20.83,19.3,1.8,18.83,3.58,NA,NA,NA,NA,NA,NA,NA,NA,NA,NA,NA,NA,NA,NA
2026-08-19 20:00:00,35.0,126.5,16.98,49.78,40.25,19.5,18.83,1.83,17.9,3.58,NA,NA,NA,NA,NA,NA,NA,NA,NA,NA,NA,NA,NA,NA
2026-08-19 21:00:00,47.0,207.0,18.28,53.5,43.33,17.85,12.25,2.1,28.38,2.16,NA,NA,NA,NA,NA,NA,NA,NA,NA,NA,NA,NA,NA,NA
2026-08-19 22:00:00,48.75,214.5,18.63,47.78,40.55,19.2,NA,1.84,18.48,1.72,NA,NA,NA,NA,NA,NA,NA,NA,NA,NA,NA,NA,NA,NA
2026-08-19 23:00:00,43.0,207.67,15.83,31.97,29.9,15.03,NA,1.52,13.13,1.69,NA,NA,NA,NA,NA,NA,NA,NA,NA,NA,NA,NA,NA,NA
2026-08-20 00:00:00,40.5,166.0,14.65,36.18,31.15,16.53,17.47,1.2,20.75,3.43,NA,NA,NA,NA,NA,NA,NA,NA,NA,NA,NA,NA,NA,NA
2026-08-20 01:00:00,42.25,150.75,20.8,68.1,53.13,23.75,22.75,1.11,20.83,3.49,NA,NA,NA,NA,NA,NA,NA,NA,NA,NA,NA,NA,NA,NA
2026-08-20 02:00:00,39.25,131.0,16.95,40.78,35.45,14.88,24.4,0.93,19.18,3.47,NA,NA,NA,NA,NA,NA,NA,NA,NA,NA,NA,NA,NA,NA
2026-08-20 03:00:00,39.25,115.25,17.4,43.23,37.1,17.95,17.7,0.64,17.15,3.41,NA,NA,NA,NA,NA,NA,NA,NA,NA,NA,NA,NA,NA,NA
2026-08-20 04:00:00,17.75,40.25,17.05,40.88,35.63,16.18,13.55,0.66,20.1,3.5,NA,NA,NA,NA,NA,NA,NA,NA,NA,NA,NA,NA,NA,NA
2026-08-20 05:00:00,14.25,36.75,17.63,44.15,37.78,14.25,13.53,0.69,16.67,3.47,NA,NA,NA,NA,NA,NA,NA,NA,NA,NA,NA,NA,NA,NA
2026-08-20 06:00:00,16.5,85.75,18.55,48.23,40.75,16.33,13.03,0.73,20.48,3.43,NA,NA,NA,NA,NA,NA,NA,NA,NA,NA,NA,NA,NA,NA
2026-08-20 07:00:00,21.67,62.0,17.53,35.87,33.3,9.1,12.2,1.0,18.23,3.51,NA,NA,NA,NA,NA,NA,NA,NA,NA,NA,NA,NA,NA,NA
2026-08-20 08:00:00,26.25,76.75,19.25,47.35,40.85,14.98,8.25,1.04,19.03,5.52,NA,NA,NA,NA,NA,NA,NA,NA,NA,NA,NA,NA,NA,NA
2026-08-20 09:00:00,31.75,94.75,17.05,33.13,31.5,13.0,7.03,1.03,16.0,5.4,NA,NA,NA,NA,NA,NA,NA,NA,NA,NA,NA,NA,NA,NA
2026-08-20 10:00:00,28.25,102.5,25.98,78.78,63.0,19.3,6.25,0.87,16.0,5.31,NA,NA,NA,NA,NA,NA,NA,NA,NA,NA,NA,NA,NA,NA
2026-08-20 11:00:00,27.5,117.25,23.6,55.65,48.8,13.48,3.98,0.75,14.03,5.45,NA,NA,NA,NA,NA,NA,NA,NA,NA,NA,NA,NA,NA,NA
2026-08-20 12:00:00,32.0,129.5,30.23,75.65,64.83,17.8,5.23,0.95,14.0,5.59,NA,NA,NA,NA,NA,NA,NA,NA,NA,NA,NA,NA,NA,NA
2026-08-20 13:00:00,32.0,128.75,12.95,3.2,6.7,2.98,4.9,0.92,16.05,4.21,NA,NA,NA,NA,NA,NA,NA,NA,NA,NA,NA,NA,NA,NA
2026-08-20 14:00:00,35.25,133.25,16.15,19.9,23.7,9.6,8.73,0.97,16.83,4.4,NA,NA,NA,NA,NA,NA,NA,NA,NA,NA,NA,NA,NA,NA
2026-08-20 15:00:00,34.33,126.0,10.63,8.87,11.43,7.73,23.93,0.93,19.93,4.19,NA,NA,NA,NA,NA,NA,NA,NA,NA,NA,NA,NA,NA,NA
2026-08-20 16:00:00,29.33,122.67,14.17,39.9,31.08,17.77,26.37,0.88,22.17,4.33,NA,NA,NA,NA,NA,NA,NA,NA,NA,NA,NA,NA,NA,NA
2026-08-20 17:00:00,31.75,121.75,14.25,42.88,34.4,17.5,26.7,1.06,20.35,4.34,NA,NA,NA,NA,NA,NA,NA,NA,NA,NA,NA,NA,NA,NA
2026-08-20 18:00:00,36.75,118.25,14.88,46.98,37.08,18.9,16.85,1.48,22.0,3.83,NA,NA,NA,NA,NA,NA,NA,NA,NA,NA,NA,NA,NA,NA
2026-08-20 19:00:00,36.75,110.75,13.35,36.7,30.38,17.85,12.45,1.63,16.5,3.57,NA,NA,NA,NA,NA,NA,NA,NA,NA,NA,NA,NA,NA,NA
2026-08-20 20:00:00,40.0,111.5,14.43,43.63,34.9,18.9,12.4,1.42,21.03,3.62,NA,NA,NA,NA,NA,NA,NA,NA,NA,NA,NA,NA,NA,NA
2026-08-20 21:00:00,44.5,117.75,16.33,51.65,40.73,19.2,18.85,1.77,24.58,2.2,NA,NA,NA,NA,NA,NA,NA,NA,NA,NA,NA,NA,NA,NA
2026-08-20 22:00:00,51.25,154.75,20.65,68.23,53.05,21.15,23.18,1.86,22.48,1.71,NA,NA,NA,NA,NA,NA,NA,NA,NA,NA,NA,NA,NA,NA
2026-08-20 23:00:00,53.67,181.67,18.73,49.03,41.3,16.8,23.13,1.87,34.0,1.72,NA,NA,NA,NA,NA,NA,NA,NA,NA,NA,NA,NA,NA,NA
2026-08-21 00:00:00,61.25,201.0,20.92,58.65,48.23,18.6,8.3,1.45,27.2,3.43,NA,NA,NA,NA,NA,NA,NA,NA,NA,NA,NA,NA,NA,NA
2026-08-21 01:00:00,59.0,174.25,16.75,38.15,33.9,13.43,1.35,1.01,17.85,3.4,NA,NA,NA,NA,NA,NA,NA,NA,NA,NA,NA,NA,NA,NA
2026-08-21 02:00:00,55.25,134.25,17.0,43.3,36.85,14.9,2.18,0.78,25.13,3.41,NA,NA,NA,NA,NA,NA,NA,NA,NA,NA,NA,NA,NA,NA
2026-08-21 03:00:00,45.75,132.5,18.38,49.38,41.2,19.17,10.2,0.61,26.05,3.45,NA,NA,NA,NA,NA,NA,NA,NA,NA,NA,NA,NA,NA,NA
2026-08-21 04:00:00,31.25,107.25,16.45,40.53,34.95,13.6,15.08,0.75,12.73,3.47,NA,NA,NA,NA,NA,NA,NA,NA,NA,NA,NA,NA,NA,NA
2026-08-21 05:00:00,20.25,84.5,16.23,39.95,34.45,13.18,14.58,0.68,16.93,3.4,NA,NA,NA,NA,NA,NA,NA,NA,NA,NA,NA,NA,NA,NA
2026-08-21 06:00:00,17.25,83.75,21.03,61.88,50.0,20.48,12.68,0.67,13.38,3.5,NA,NA,NA,NA,NA,NA,NA,NA,NA,NA,NA,NA,NA,NA
2026-08-21 07:00:00,20.0,89.75,22.4,56.8,48.4,17.5,8.35,0.71,16.03,3.44,NA,NA,NA,NA,NA,NA,NA,NA,NA,NA,NA,NA,NA,NA
2026-08-21 08:00:00,23.5,100.25,21.33,46.48,42.08,14.4,6.18,0.89,14.9,5.44,NA,NA,NA,NA,NA,NA,NA,NA,NA,NA,NA,NA,NA,NA
2026-08-21 09:00:00,23.25,115.25,15.18,22.6,24.33,7.77,14.38,0.88,16.1,5.55,NA,NA,NA,NA,NA,NA,NA,NA,NA,NA,NA,NA,NA,NA
2026-08-21 10:00:00,24.67,120.67,17.3,43.0,36.9,12.67,17.73,0.84,13.33,5.61,NA,NA,NA,NA,NA,NA,NA,NA,NA,NA,NA,NA,NA,NA
2026-08-21 11:00:00,25.25,100.75,18.7,51.27,42.5,16.6,19.1,NA,NA,5.48,NA,NA,NA,NA,NA,NA,NA,NA,NA,NA,NA,NA,NA,NA
2026-08-21 12:00:00,22.25,83.75,6.47,16.3,4.63,12.25,12.9,NA,NA,5.44,NA,NA,NA,NA,NA,NA,NA,NA,NA,NA,NA,NA,NA,NA
2026-08-21 13:00:00,19.5,74.75,NA,NA,NA,NA,8.6,0.72,32.8,4.15,NA,NA,NA,NA,NA,NA,NA,NA,NA,NA,NA,NA,NA,NA
2026-08-21 14:00:00,20.25,78.0,17.1,81.83,57.23,24.85,NA,0.71,52.98,4.47,NA,NA,NA,NA,NA,NA,NA,NA,NA,NA,NA,NA,NA,NA
2026-08-21 15:00:00,20.25,71.75,12.73,40.05,31.63,17.63,NA,0.74,53.5,NA,NA,NA,NA,NA,NA,NA,NA,NA,NA,NA,NA,NA,NA,NA
2026-08-21 16:00:00,17.25,61.0,13.35,46.88,35.8,16.98,3.35,0.8,63.15,NA,NA,NA,NA,NA,NA,NA,NA,NA,NA,NA,NA,NA,NA,NA
2026-08-21 17:00:00,20.75,67.5,10.23,29.15,23.8,14.45,3.43,0.87,81.28,NA,NA,NA,NA,NA,NA,NA,NA,NA,NA,NA,NA,NA,NA,NA
2026-08-21 18:00:00,19.0,75.5,9.58,38.08,28.03,16.25,23.83,0.95,56.83,3.57,NA,NA,NA,NA,NA,NA,NA,NA,NA,NA,NA,NA,NA,NA
2026-08-21 19:00:00,22.75,74.25,9.53,40.35,29.2,19.03,36.3,0.97,41.03,3.53,NA,NA,NA,NA,NA,NA,NA,NA,NA,NA,NA,NA,NA,NA
2026-08-21 20:00:00,23.0,80.25,9.13,41.73,29.63,19.65,37.1,0.8,46.08,3.55,NA,NA,NA,NA,NA,NA,NA,NA,NA,NA,NA,NA,NA,NA
2026-08-21 21:00:00,26.25,88.75,9.13,46.95,32.38,20.03,25.25,0.83,61.23,2.2,NA,NA,NA,NA,NA,NA,NA,NA,NA,NA,NA,NA,NA,NA
2026-08-21 22:00:00,28.75,98.0,9.1,47.58,32.7,20.43,18.58,1.25,36.65,1.75,NA,NA,NA,NA,NA,NA,NA,NA,NA,NA,NA,NA,NA,NA
2026-08-21 23:00:00,28.67,118.33,8.83,45.87,31.6,20.67,19.03,1.4,39.17,1.72,NA,NA,NA,NA,NA,NA,NA,NA,NA,NA,NA,NA,NA,NA
2026-08-22 00:00:00,27.0,106.25,9.23,47.58,32.8,22.33,13.0,1.2,43.35,3.46,NA,NA,NA,NA,NA,NA,NA,NA,NA,NA,NA,NA,NA,NA
2026-08-22 01:00:00,28.25,109.5,8.78,45.18,31.15,21.15,NA,1.16,36.6,3.48,NA,NA,NA,NA,NA,NA,NA,NA,NA,NA,NA,NA,NA,NA
2026-08-22 02:00:00,24.0,95.5,8.98,48.03,32.85,21.83,NA,0.95,43.55,3.52,NA,NA,NA,NA,NA,NA,NA,NA,NA,NA,NA,NA,NA,NA
2026-08-22 03:00:00,21.0,60.5,9.2,48.65,33.38,20.88,22.03,0.57,59.25,3.48,NA,NA,NA,NA,NA,NA,NA,NA,NA,NA,NA,NA,NA,NA
2026-08-22 04:00:00,12.0,23.75,9.43,49.6,34.05,21.65,24.38,0.6,41.7,3.36,NA,NA,NA,NA,NA,NA,NA,NA,NA,NA,NA,NA,NA,NA
2026-08-22 05:00:00,10.75,25.25,10.73,56.45,38.75,23.13,24.25,0.65,82.4,3.47,NA,NA,NA,NA,NA,NA,NA,NA,NA,NA,NA,NA,NA,NA
2026-08-22 06:00:00,12.25,33.75,11.38,55.85,38.98,21.9,20.58,1.47,56.83,3.33,NA,NA,NA,NA,NA,NA,NA,NA,NA,NA,NA,NA,NA,NA
2026-08-22 07:00:00,14.75,34.0,12.35,59.18,41.5,24.15,18.85,1.3,122.58,3.52,NA,NA,NA,NA,NA,NA,NA,NA,NA,NA,NA,NA,NA,NA
2026-08-22 08:00:00,19.5,58.75,24.53,131.43,89.83,34.25,16.35,0.89,99.28,5.47,NA,NA,NA,NA,NA,NA,NA,NA,NA,NA,NA,NA,NA,NA
2026-08-22 09:00:00,23.0,86.25,17.58,41.43,35.48,12.75,10.38,0.68,25.88,5.49,NA,NA,NA,NA,NA,NA,NA,NA,NA,NA,NA,NA,NA,NA
2026-08-22 10:00:00,19.25,86.5,15.18,28.68,26.6,12.27,18.9,0.66,71.48,5.54,NA,NA,NA,NA,NA,NA,NA,NA,NA,NA,NA,NA,NA,NA
2026-08-22 11:00:00,22.25,94.0,17.7,64.65,48.58,16.3,20.3,0.62,72.45,5.52,NA,NA,NA,NA,NA,NA,NA,NA,NA,NA,NA,NA,NA,NA
2026-08-22 12:00:00,21.0,97.5,20.25,70.25,53.83,19.0,19.63,0.77,56.35,5.57,NA,NA,NA,NA,NA,NA,NA,NA,NA,NA,NA,NA,NA,NA
2026-08-22 13:00:00,19.0,92.75,14.05,35.0,29.85,9.93,21.05,0.82,81.2,4.42,NA,NA,NA,NA,NA,NA,NA,NA,NA,NA,NA,NA,NA,NA
2026-08-22 14:00:00,19.0,90.25,19.7,77.95,57.08,20.23,19.8,0.81,127.43,4.26,NA,NA,NA,NA,NA,NA,NA,NA,NA,NA,NA,NA,NA,NA
2026-08-22 15:00:00,22.5,90.5,12.7,33.23,26.75,10.0,22.15,0.77,58.23,4.34,NA,NA,NA,NA,NA,NA,NA,NA,NA,NA,NA,NA,NA,NA
2026-08-22 16:00:00,21.25,92.75,9.18,21.75,19.0,13.08,24.8,0.75,64.18,4.35,NA,NA,NA,NA,NA,NA,NA,NA,NA,NA,NA,NA,NA,NA
2026-08-22 17:00:00,19.0,92.75,10.88,43.8,32.13,17.63,25.55,0.83,55.05,4.37,NA,NA,NA,NA,NA,NA,NA,NA,NA,NA,NA,NA,NA,NA
2026-08-22 18:00:00,21.25,95.5,16.3,82.0,56.85,26.23,17.75,0.98,48.13,3.81,NA,NA,NA,NA,NA,NA,NA,NA,NA,NA,NA,NA,NA,NA
2026-08-22 19:00:00,23.5,105.0,20.4,82.77,60.32,24.08,13.8,1.15,45.3,3.59,NA,NA,NA,NA,NA,NA,NA,NA,NA,NA,NA,NA,NA,NA
2026-08-22 20:00:00,36.0,119.0,18.55,60.55,46.65,19.48,13.9,1.44,37.85,3.62,NA,NA,NA,NA,NA,NA,NA,NA,NA,NA,NA,NA,NA,NA
2026-08-22 21:00:00,46.25,147.0,14.98,41.88,34.2,14.43,7.88,1.66,40.03,2.18,NA,NA,NA,NA,NA,NA,NA,NA,NA,NA,NA,NA,NA,NA
2026-08-22 22:00:00,52.5,161.75,15.85,47.03,37.83,16.93,6.85,1.6,47.03,1.71,NA,NA,NA,NA,NA,NA,NA,NA,NA,NA,NA,NA,NA,NA
2026-08-22 23:00:00,51.67,154.0,17.3,61.9,46.93,19.43,6.97,1.37,44.8,1.73,NA,NA,NA,NA,NA,NA,NA,NA,NA,NA,NA,NA,NA,NA
2026-08-23 00:00:00,43.75,114.5,10.75,35.63,21.35,11.15,20.9,0.98,50.18,3.4,NA,NA,NA,NA,NA,NA,NA,NA,NA,NA,NA,NA,NA,NA
2026-08-23 01:00:00,33.5,92.5,19.03,84.43,59.72,25.88,27.83,0.8,76.15,3.43,NA,NA,NA,NA,NA,NA,NA,NA,NA,NA,NA,NA,NA,NA
2026-08-23 02:00:00,34.25,91.25,17.93,63.23,48.23,16.25,28.15,0.76,56.73,3.34,NA,NA,NA,NA,NA,NA,NA,NA,NA,NA,NA,NA,NA,NA
2026-08-23 03:00:00,41.25,107.25,17.63,53.0,42.6,16.9,10.27,0.78,54.93,3.42,NA,NA,NA,NA,NA,NA,NA,NA,NA,NA,NA,NA,NA,NA
2026-08-23 04:00:00,49.25,123.75,11.4,25.67,22.28,10.68,7.75,1.01,46.9,3.47,NA,NA,NA,NA,NA,NA,NA,NA,NA,NA,NA,NA,NA,NA
2026-08-23 05:00:00,47.25,115.5,21.35,97.3,68.75,27.38,7.65,0.98,72.13,3.42,NA,NA,NA,NA,NA,NA,NA,NA,NA,NA,NA,NA,NA,NA
2026-08-23 06:00:00,30.0,62.0,19.5,68.45,51.53,22.1,5.43,0.74,70.05,3.45,NA,NA,NA,NA,NA,NA,NA,NA,NA,NA,NA,NA,NA,NA
2026-08-23 07:00:00,11.75,27.0,6.05,9.1,8.63,4.73,1.7,0.71,27.63,3.5,NA,NA,NA,NA,NA,NA,NA,NA,NA,NA,NA,NA,NA,NA
2026-08-23 08:00:00,19.75,36.0,18.48,86.68,61.13,28.2,1.2,0.83,25.93,5.53,NA,NA,NA,NA,NA,NA,NA,NA,NA,NA,NA,NA,NA,NA
2026-08-23 09:00:00,22.75,41.75,14.63,46.18,36.48,15.48,17.5,0.78,26.7,5.46,NA,NA,NA,NA,NA,NA,NA,NA,NA,NA,NA,NA,NA,NA
2026-08-23 10:00:00,22.5,39.0,14.3,42.1,34.0,16.98,26.65,0.87,34.6,5.58,NA,NA,NA,NA,NA,NA,NA,NA,NA,NA,NA,NA,NA,NA
2026-08-23 11:00:00,25.75,47.25,14.53,48.38,37.55,15.58,26.58,0.92,45.0,5.5,NA,NA,NA,NA,NA,NA,NA,NA,NA,NA,NA,NA,NA,NA
2026-08-23 12:00:00,29.75,59.0,12.98,34.55,28.9,14.15,24.85,0.89,33.85,5.34,NA,NA,NA,NA,NA,NA,NA,NA,NA,NA,NA,NA,NA,NA
2026-08-23 13:00:00,27.75,84.25,12.7,40.05,31.65,15.2,25.0,0.88,78.8,4.18,NA,NA,NA,NA,NA,NA,NA,NA,NA,NA,NA,NA,NA,NA
2026-08-23 14:00:00,29.75,96.5,15.33,58.83,43.75,19.08,24.65,0.85,98.75,4.39,NA,NA,NA,NA,NA,NA,NA,NA,NA,NA,NA,NA,NA,NA
2026-08-23 15:00:00,31.5,102.5,15.15,51.73,39.83,17.75,23.43,0.81,70.3,4.27,NA,NA,NA,NA,NA,NA,NA,NA,NA,NA,NA,NA,NA,NA
2026-08-23 16:00:00,29.5,99.25,15.53,50.55,39.5,17.2,22.98,0.8,66.5,4.2,NA,NA,NA,NA,NA,NA,NA,NA,NA,NA,NA,NA,NA,NA
2026-08-23 17:00:00,31.5,101.75,14.9,43.8,35.4,16.4,23.05,0.91,57.05,4.45,NA,NA,NA,NA,NA,NA,NA,NA,NA,NA,NA,NA,NA,NA
2026-08-23 18:00:00,25.5,71.5,14.1,39.7,32.58,15.2,20.88,1.0,45.0,3.76,NA,NA,NA,NA,NA,NA,NA,NA,NA,NA,NA,NA,NA,NA
2026-08-23 19:00:00,21.25,70.0,13.98,45.93,35.78,16.18,19.55,1.36,36.35,3.6,NA,NA,NA,NA,NA,NA,NA,NA,NA,NA,NA,NA,NA,NA
2026-08-23 20:00:00,31.25,93.5,14.38,44.4,35.33,14.68,19.75,1.67,32.75,3.55,NA,NA,NA,NA,NA,NA,NA,NA,NA,NA,NA,NA,NA,NA
2026-08-23 21:00:00,31.25,107.5,14.48,47.0,36.78,18.45,21.45,1.85,42.95,2.13,NA,NA,NA,NA,NA,NA,NA,NA,NA,NA,NA,NA,NA,NA
2026-08-23 22:00:00,35.5,122.0,18.95,74.7,55.13,22.88,24.85,1.89,53.23,1.7,NA,NA,NA,NA,NA,NA,NA,NA,NA,NA,NA,NA,NA,NA
2026-08-23 23:00:00,38.67,119.0,17.7,56.77,44.6,17.97,27.17,2.06,52.77,1.74,NA,NA,NA,NA,NA,NA,NA,NA,NA,NA,NA,NA,NA,NA
2026-08-24 00:00:00,47.75,142.25,17.03,41.93,36.15,15.6,14.43,1.94,46.58,3.47,NA,NA,NA,NA,NA,NA,NA,NA,NA,NA,NA,NA,NA,NA
2026-08-24 01:00:00,50.0,173.5,17.28,51.07,41.2,16.0,8.78,1.69,54.78,3.43,NA,NA,NA,NA,NA,NA,NA,NA,NA,NA,NA,NA,NA,NA
2026-08-24 02:00:00,46.75,174.75,16.88,46.78,38.58,17.25,8.88,1.44,50.1,3.44,NA,NA,NA,NA,NA,NA,NA,NA,NA,NA,NA,NA,NA,NA
2026-08-24 03:00:00,44.25,144.25,18.3,59.88,46.7,16.75,9.6,1.13,51.4,3.45,NA,NA,NA,NA,NA,NA,NA,NA,NA,NA,NA,NA,NA,NA
2026-08-24 04:00:00,44.0,136.0,16.6,44.2,37.0,12.35,10.0,1.17,50.78,3.47,NA,NA,NA,NA,NA,NA,NA,NA,NA,NA,NA,NA,NA,NA
2026-08-24 05:00:00,44.25,133.0,20.15,70.82,54.08,18.55,8.73,1.14,154.4,3.47,NA,NA,NA,NA,NA,NA,NA,NA,NA,NA,NA,NA,NA,NA
2026-08-24 06:00:00,43.0,121.5,20.9,56.75,47.18,14.93,9.8,1.2,51.73,3.46,NA,NA,NA,NA,NA,NA,NA,NA,NA,NA,NA,NA,NA,NA
2026-08-24 07:00:00,44.75,124.5,16.68,36.83,33.13,9.75,13.18,1.29,45.78,3.46,NA,NA,NA,NA,NA,NA,NA,NA,NA,NA,NA,NA,NA,NA
2026-08-24 08:00:00,51.5,153.25,17.2,39.6,34.38,7.75,10.7,1.28,29.4,5.58,NA,NA,NA,NA,NA,NA,NA,NA,NA,NA,NA,NA,NA,NA
2026-08-24 09:00:00,49.75,153.75,14.25,30.35,27.43,9.38,13.18,0.59,33.05,5.37,NA,NA,NA,NA,NA,NA,NA,NA,NA,NA,NA,NA,NA,NA
2026-08-24 10:00:00,45.25,137.0,16.73,52.7,41.65,16.33,15.78,0.56,73.53,5.51,NA,NA,NA,NA,NA,NA,NA,NA,NA,NA,NA,NA,NA,NA
2026-08-24 11:00:00,40.25,107.25,16.25,45.13,37.2,11.98,14.4,0.52,102.95,5.4,NA,NA,NA,NA,NA,NA,NA,NA,NA,NA,NA,NA,NA,NA
2026-08-24 12:00:00,17.25,37.0,16.05,51.43,40.4,15.05,12.25,0.8,37.78,5.42,NA,NA,NA,NA,NA,NA,NA,NA,NA,NA,NA,NA,NA,NA
2026-08-24 13:00:00,15.25,26.25,16.25,52.3,41.03,14.08,9.43,0.93,30.0,4.33,NA,NA,NA,NA,NA,NA,NA,NA,NA,NA,NA,NA,NA,NA
2026-08-24 14:00:00,20.25,47.25,10.95,20.6,17.78,7.53,7.7,1.35,13.23,4.31,NA,NA,NA,NA,NA,NA,NA,NA,NA,NA,NA,NA,NA,NA
2026-08-24 15:00:00,18.5,54.25,6.08,7.67,6.65,9.25,16.93,1.48,16.78,4.25,NA,NA,NA,NA,NA,NA,NA,NA,NA,NA,NA,NA,NA,NA
2026-08-24 16:00:00,30.5,53.5,7.77,29.08,21.8,17.58,28.6,1.09,34.88,4.25,NA,NA,NA,NA,NA,NA,NA,NA,NA,NA,NA,NA,NA,NA
2026-08-24 17:00:00,35.5,58.5,9.7,48.53,33.68,22.45,29.38,1.09,35.85,4.23,NA,NA,NA,NA,NA,NA,NA,NA,NA,NA,NA,NA,NA,NA
2026-08-24 18:00:00,36.75,65.75,10.15,53.65,36.78,21.93,19.2,1.23,41.47,3.77,NA,NA,NA,NA,NA,NA,NA,NA,NA,NA,NA,NA,NA,NA
2026-08-24 19:00:00,45.5,87.5,9.18,44.35,31.05,21.03,NA,1.58,31.58,3.55,NA,NA,NA,NA,NA,NA,NA,NA,NA,NA,NA,NA,NA,NA
2026-08-24 20:00:00,58.75,135.25,9.75,50.0,34.53,23.05,NA,1.83,25.45,3.59,NA,NA,NA,NA,NA,NA,NA,NA,NA,NA,NA,NA,NA,NA
2026-08-24 21:00:00,60.5,163.75,9.68,49.83,34.35,22.58,11.23,2.22,49.75,2.16,NA,NA,NA,NA,NA,NA,NA,NA,NA,NA,NA,NA,NA,NA
2026-08-24 22:00:00,68.0,171.5,11.6,58.25,40.38,23.45,15.53,2.41,44.03,1.73,NA,NA,NA,NA,NA,NA,NA,NA,NA,NA,NA,NA,NA,NA
2026-08-24 23:00:00,67.33,165.67,10.7,48.63,34.57,20.93,17.07,2.35,53.3,1.73,NA,NA,NA,NA,NA,NA,NA,NA,NA,NA,NA,NA,NA,NA
2026-08-25 00:00:00,62.0,152.5,10.8,51.38,36.13,20.43,9.55,1.43,48.7,3.47,NA,NA,NA,NA,NA,NA,NA,NA,NA,NA,NA,NA,NA,NA
2026-08-25 01:00:00,73.75,165.25,10.73,47.8,34.13,21.93,6.88,1.29,57.68,3.43,NA,NA,NA,NA,NA,NA,NA,NA,NA,NA,NA,NA,NA,NA
2026-08-25 02:00:00,99.0,186.5,10.8,49.58,35.15,19.9,6.3,1.13,50.85,3.45,NA,NA,NA,NA,NA,NA,NA,NA,NA,NA,NA,NA,NA,NA
2026-08-25 03:00:00,95.75,178.75,11.7,55.18,38.85,22.95,11.0,0.97,44.93,3.52,NA,NA,NA,NA,NA,NA,NA,NA,NA,NA,NA,NA,NA,NA
2026-08-25 04:00:00,92.25,164.5,10.78,46.93,33.73,21.25,13.05,1.03,45.13,3.48,NA,NA,NA,NA,NA,NA,NA,NA,NA,NA,NA,NA,NA,NA
2026-08-25 05:00:00,89.0,169.75,18.3,90.53,63.05,28.85,13.2,1.06,157.65,3.46,NA,NA,NA,NA,NA,NA,NA,NA,NA,NA,NA,NA,NA,NA
2026-08-25 06:00:00,69.25,134.0,17.7,75.6,54.6,20.68,21.6,0.63,373.65,3.52,NA,NA,NA,NA,NA,NA,NA,NA,NA,NA,NA,NA,NA,NA
2026-08-25 07:00:00,23.75,38.0,18.38,66.95,50.58,17.23,21.4,0.45,92.05,3.42,NA,NA,NA,NA,NA,NA,NA,NA,NA,NA,NA,NA,NA,NA
2026-08-25 08:00:00,12.25,25.0,12.65,26.4,23.48,8.93,21.2,0.88,16.55,5.57,NA,NA,NA,NA,NA,NA,NA,NA,NA,NA,NA,NA,NA,NA
2026-08-25 09:00:00,24.25,40.0,11.13,22.48,21.0,9.78,24.93,1.28,45.95,5.47,NA,NA,NA,NA,NA,NA,NA,NA,NA,NA,NA,NA,NA,NA
2026-08-25 10:00:00,30.0,59.75,13.95,50.43,38.15,17.68,27.43,1.34,73.98,5.61,NA,NA,NA,NA,NA,NA,NA,NA,NA,NA,NA,NA,NA,NA
2026-08-25 11:00:00,47.5,112.25,13.18,41.78,32.9,18.03,20.53,1.55,80.58,5.45,NA,NA,NA,NA,NA,NA,NA,NA,NA,NA,NA,NA,NA,NA
2026-08-25 12:00:00,54.75,128.5,14.98,61.35,44.78,22.23,28.85,0.89,156.25,5.49,NA,NA,NA,NA,NA,NA,NA,NA,NA,NA,NA,NA,NA,NA
2026-08-25 13:00:00,50.0,117.25,18.73,70.35,52.38,20.53,32.58,0.8,153.25,4.3,NA,NA,NA,NA,NA,NA,NA,NA,NA,NA,NA,NA,NA,NA
2026-08-25 14:00:00,48.75,115.75,9.13,15.68,15.45,9.45,32.43,NA,NA,NA,NA,NA,NA,NA,NA,NA,NA,NA,NA,NA,NA,NA,NA,NA
2026-08-25 15:00:00,44.5,106.25,11.73,40.63,31.13,17.17,24.9,0.81,17.4,NA,NA,NA,NA,NA,NA,NA,NA,NA,NA,NA,NA,NA,NA,NA
2026-08-25 16:00:00,36.5,74.5,12.0,46.3,34.4,15.3,17.4,1.06,62.3,NA,NA,NA,NA,NA,NA,NA,NA,NA,NA,NA,NA,NA,NA,NA
2026-08-25 17:00:00,27.25,63.75,11.03,40.88,30.68,16.7,17.8,0.98,23.87,4.19,NA,NA,NA,NA,NA,NA,NA,NA,NA,NA,NA,NA,NA,NA
2026-08-25 18:00:00,23.25,65.0,11.63,45.2,33.53,20.6,12.03,1.04,20.88,3.82,NA,NA,NA,NA,NA,NA,NA,NA,NA,NA,NA,NA,NA,NA
2026-08-25 19:00:00,21.75,41.5,12.08,49.38,36.05,19.8,8.75,1.37,22.65,3.55,NA,NA,NA,NA,NA,NA,NA,NA,NA,NA,NA,NA,NA,NA
2026-08-25 20:00:00,23.5,49.0,11.2,39.4,30.1,18.58,8.75,1.54,19.48,3.6,NA,NA,NA,NA,NA,NA,NA,NA,NA,NA,NA,NA,NA,NA
2026-08-25 21:00:00,38.25,114.75,11.65,46.35,34.13,17.95,5.68,1.99,26.28,2.18,NA,NA,NA,NA,NA,NA,NA,NA,NA,NA,NA,NA,NA,NA
2026-08-25 22:00:00,45.25,142.75,12.43,48.63,35.98,20.25,3.5,2.06,21.25,1.73,NA,NA,NA,NA,NA,NA,NA,NA,NA,NA,NA,NA,NA,NA
2026-08-25 23:00:00,45.67,127.0,14.23,59.77,43.33,24.57,5.07,2.19,28.8,1.69,NA,NA,NA,NA,NA,NA,NA,NA,NA,NA,NA,NA,NA,NA
2026-08-26 00:00:00,45.25,127.0,14.95,57.83,42.9,18.35,11.15,1.84,27.4,3.5,NA,NA,NA,NA,NA,NA,NA,NA,NA,NA,NA,NA,NA,NA
2026-08-26 01:00:00,43.75,140.25,14.95,48.7,38.03,18.78,14.78,1.72,24.78,3.49,NA,NA,NA,NA,NA,NA,NA,NA,NA,NA,NA,NA,NA,NA
2026-08-26 02:00:00,37.25,107.5,15.05,52.03,39.9,19.15,15.0,1.58,25.9,3.41,NA,NA,NA,NA,NA,NA,NA,NA,NA,NA,NA,NA,NA,NA
2026-08-26 03:00:00,36.5,112.0,15.4,53.28,40.85,19.75,11.95,1.58,24.6,3.43,NA,NA,NA,NA,NA,NA,NA,NA,NA,NA,NA,NA,NA,NA
2026-08-26 04:00:00,36.0,111.25,14.77,51.85,39.63,16.0,10.95,1.45,24.35,3.43,NA,NA,NA,NA,NA,NA,NA,NA,NA,NA,NA,NA,NA,NA
2026-08-26 05:00:00,46.75,117.75,14.55,50.43,38.63,16.93,11.08,1.3,24.58,3.41,NA,NA,NA,NA,NA,NA,NA,NA,NA,NA,NA,NA,NA,NA
2026-08-26 06:00:00,44.0,127.0,15.4,52.3,40.35,18.4,6.48,0.92,21.55,3.43,NA,NA,NA,NA,NA,NA,NA,NA,NA,NA,NA,NA,NA,NA
2026-08-26 07:00:00,47.75,117.75,18.28,67.35,50.7,20.18,3.15,0.54,18.05,3.48,NA,NA,NA,NA,NA,NA,NA,NA,NA,NA,NA,NA,NA,NA
2026-08-26 08:00:00,52.5,112.5,14.33,37.0,31.35,14.9,5.05,1.05,19.1,5.46,NA,NA,NA,NA,NA,NA,NA,NA,NA,NA,NA,NA,NA,NA
2026-08-26 09:00:00,53.5,114.75,11.55,25.43,22.93,11.7,13.48,1.03,22.88,5.48,NA,NA,NA,NA,NA,NA,NA,NA,NA,NA,NA,NA,NA,NA
2026-08-26 10:00:00,57.5,107.0,13.93,52.28,39.13,17.58,17.05,1.05,27.83,5.57,NA,NA,NA,NA,NA,NA,NA,NA,NA,NA,NA,NA,NA,NA
2026-08-26 11:00:00,81.25,138.75,13.93,50.1,37.95,16.83,15.18,1.09,NA,5.34,NA,NA,NA,NA,NA,NA,NA,NA,NA,NA,NA,NA,NA,NA
2026-08-26 12:00:00,70.25,132.0,13.87,46.77,36.1,19.97,27.37,0.92,93.63,5.58,NA,NA,NA,NA,NA,NA,NA,NA,NA,NA,NA,NA,NA,NA
2026-08-26 13:00:00,62.0,123.0,13.15,47.48,35.93,20.03,29.3,0.92,15.28,4.26,NA,NA,NA,NA,NA,NA,NA,NA,NA,NA,NA,NA,NA,NA
2026-08-26 14:00:00,53.75,99.25,12.18,41.35,31.88,18.08,28.85,0.83,18.08,4.39,NA,NA,NA,NA,NA,NA,NA,NA,NA,NA,NA,NA,NA,NA
2026-08-26 15:00:00,62.75,120.25,11.98,46.13,34.25,16.85,11.4,1.01,18.2,4.33,NA,NA,NA,NA,NA,NA,NA,NA,NA,NA,NA,NA,NA,NA
2026-08-26 16:00:00,62.75,123.5,13.03,51.88,38.15,19.95,2.83,1.05,14.7,4.28,NA,NA,NA,NA,NA,NA,NA,NA,NA,NA,NA,NA,NA,NA
2026-08-26 17:00:00,55.0,109.25,11.78,46.2,34.15,19.15,3.25,0.86,15.9,4.26,NA,NA,NA,NA,NA,NA,NA,NA,NA,NA,NA,NA,NA,NA
2026-08-26 18:00:00,52.0,110.5,11.2,42.35,31.65,18.3,2.15,1.06,16.08,3.73,NA,NA,NA,NA,NA,NA,NA,NA,NA,NA,NA,NA,NA,NA
2026-08-26 19:00:00,50.25,119.75,11.2,40.73,30.75,20.1,NA,1.36,17.0,3.55,NA,NA,NA,NA,NA,NA,NA,NA,NA,NA,NA,NA,NA,NA
2026-08-26 20:00:00,57.5,138.5,11.8,49.13,35.73,19.93,NA,1.61,16.3,3.57,NA,NA,NA,NA,NA,NA,NA,NA,NA,NA,NA,NA,NA,NA
2026-08-26 21:00:00,64.25,144.25,13.48,59.78,42.73,23.03,18.67,1.56,16.45,2.2,NA,NA,NA,NA,NA,NA,NA,NA,NA,NA,NA,NA,NA,NA
2026-08-26 22:00:00,60.75,127.25,14.15,58.5,42.6,21.4,24.5,1.3,18.9,1.72,NA,NA,NA,NA,NA,NA,NA,NA,NA,NA,NA,NA,NA,NA
2026-08-26 23:00:00,53.33,104.33,13.17,47.63,36.07,16.9,25.23,1.13,18.2,1.71,NA,NA,NA,NA,NA,NA,NA,NA,NA,NA,NA,NA,NA,NA
2026-08-27 00:00:00,51.0,103.75,13.8,48.93,37.25,19.13,13.33,0.99,18.75,3.5,NA,NA,NA,NA,NA,NA,NA,NA,NA,NA,NA,NA,NA,NA
2026-08-27 01:00:00,49.25,113.5,13.85,47.58,36.55,18.35,7.9,0.91,16.93,3.5,NA,NA,NA,NA,NA,NA,NA,NA,NA,NA,NA,NA,NA,NA
2026-08-27 02:00:00,44.5,103.25,14.08,49.23,37.6,18.63,8.35,0.78,16.23,3.44,NA,NA,NA,NA,NA,NA,NA,NA,NA,NA,NA,NA,NA,NA
2026-08-27 03:00:00,46.5,117.5,14.58,55.65,41.43,18.5,19.53,0.76,17.05,3.41,NA,NA,NA,NA,NA,NA,NA,NA,NA,NA,NA,NA,NA,NA
2026-08-27 04:00:00,45.25,119.75,14.6,51.03,39.0,19.5,25.45,0.93,18.45,3.49,NA,NA,NA,NA,NA,NA,NA,NA,NA,NA,NA,NA,NA,NA
2026-08-27 05:00:00,40.5,105.75,13.33,43.83,34.18,15.55,25.3,0.86,15.0,3.49,NA,NA,NA,NA,NA,NA,NA,NA,NA,NA,NA,NA,NA,NA
2026-08-27 06:00:00,35.0,90.75,13.8,46.78,36.1,16.58,17.15,0.8,15.63,3.49,NA,NA,NA,NA,NA,NA,NA,NA,NA,NA,NA,NA,NA,NA
2026-08-27 07:00:00,34.0,91.75,14.88,49.55,38.45,19.33,NA,0.87,16.03,3.4,NA,NA,NA,NA,NA,NA,NA,NA,NA,NA,NA,NA,NA,NA
2026-08-27 08:00:00,38.5,112.0,18.05,67.63,50.65,20.0,NA,0.82,15.25,5.58,NA,NA,NA,NA,NA,NA,NA,NA,NA,NA,NA,NA,NA,NA
2026-08-27 09:00:00,38.0,128.0,11.73,21.28,20.85,11.53,21.07,0.65,16.05,5.39,NA,NA,NA,NA,NA,NA,NA,NA,NA,NA,NA,NA,NA,NA
2026-08-27 10:00:00,38.75,142.5,11.88,31.6,26.45,11.6,24.95,0.63,15.63,5.45,NA,NA,NA,NA,NA,NA,NA,NA,NA,NA,NA,NA,NA,NA
2026-08-27 11:00:00,42.75,160.5,12.73,43.65,33.55,17.45,25.68,0.64,17.8,5.36,NA,NA,NA,NA,NA,NA,NA,NA,NA,NA,NA,NA,NA,NA
2026-08-27 12:00:00,50.0,175.25,13.65,48.75,37.03,18.28,16.53,1.03,17.9,5.44,NA,NA,NA,NA,NA,NA,NA,NA,NA,NA,NA,NA,NA,NA
2026-08-27 13:00:00,54.5,177.5,15.0,56.1,42.03,18.85,11.5,1.29,20.63,4.35,NA,NA,NA,NA,NA,NA,NA,NA,NA,NA,NA,NA,NA,NA
2026-08-27 14:00:00,59.0,178.5,14.18,45.55,35.78,17.75,11.53,1.39,16.13,4.3,NA,NA,NA,NA,NA,NA,NA,NA,NA,NA,NA,NA,NA,NA
2026-08-27 15:00:00,53.5,157.5,11.33,34.15,27.38,15.63,13.13,1.0,17.25,4.34,NA,NA,NA,NA,NA,NA,NA,NA,NA,NA,NA,NA,NA,NA
2026-08-27 16:00:00,30.0,80.5,11.18,38.7,29.63,18.0,14.98,1.16,16.3,4.24,NA,NA,NA,NA,NA,NA,NA,NA,NA,NA,NA,NA,NA,NA
2026-08-27 17:00:00,35.25,90.25,11.23,43.73,32.38,20.58,14.98,1.34,15.65,4.33,NA,NA,NA,NA,NA,NA,NA,NA,NA,NA,NA,NA,NA,NA
2026-08-27 18:00:00,32.75,101.25,12.58,56.05,40.03,20.63,27.0,1.57,15.6,3.7,NA,NA,NA,NA,NA,NA,NA,NA,NA,NA,NA,NA,NA,NA
2026-08-27 19:00:00,38.5,104.5,11.98,50.05,36.38,20.43,32.6,1.85,15.85,3.57,NA,NA,NA,NA,NA,NA,NA,NA,NA,NA,NA,NA,NA,NA
2026-08-27 20:00:00,48.0,124.25,11.77,48.83,35.55,21.23,32.88,1.83,15.43,3.56,NA,NA,NA,NA,NA,NA,NA,NA,NA,NA,NA,NA,NA,NA
2026-08-27 21:00:00,54.25,142.75,12.33,52.2,37.78,20.73,20.63,1.86,16.88,2.17,NA,NA,NA,NA,NA,NA,NA,NA,NA,NA,NA,NA,NA,NA
2026-08-27 22:00:00,52.5,141.5,16.35,76.98,54.23,25.33,16.18,1.48,15.3,1.75,NA,NA,NA,NA,NA,NA,NA,NA,NA,NA,NA,NA,NA,NA
2026-08-27 23:00:00,46.0,109.0,16.17,62.5,46.43,20.33,17.73,1.28,15.63,1.73,NA,NA,NA,NA,NA,NA,NA,NA,NA,NA,NA,NA,NA,NA
2026-08-28 00:00:00,53.75,155.75,15.23,49.15,38.55,16.05,12.05,1.29,15.85,3.48,NA,NA,NA,NA,NA,NA,NA,NA,NA,NA,NA,NA,NA,NA
2026-08-28 01:00:00,45.75,164.5,14.6,43.58,35.08,15.2,NA,0.89,15.15,3.43,NA,NA,NA,NA,NA,NA,NA,NA,NA,NA,NA,NA,NA,NA
2026-08-28 02:00:00,40.5,139.0,14.58,42.25,34.35,16.7,NA,0.67,14.65,3.53,NA,NA,NA,NA,NA,NA,NA,NA,NA,NA,NA,NA,NA,NA
2026-08-28 03:00:00,36.0,122.75,14.68,44.95,35.85,16.25,10.93,0.49,15.65,3.44,NA,NA,NA,NA,NA,NA,NA,NA,NA,NA,NA,NA,NA,NA
2026-08-28 04:00:00,31.25,118.5,15.15,48.75,38.2,17.33,12.5,0.75,14.98,3.43,NA,NA,NA,NA,NA,NA,NA,NA,NA,NA,NA,NA,NA,NA
2026-08-28 05:00:00,27.5,123.75,13.73,39.33,32.05,14.7,12.4,0.75,14.7,3.39,NA,NA,NA,NA,NA,NA,NA,NA,NA,NA,NA,NA,NA,NA
2026-08-28 06:00:00,25.25,127.75,14.83,47.98,37.58,19.68,7.85,0.81,14.35,3.42,NA,NA,NA,NA,NA,NA,NA,NA,NA,NA,NA,NA,NA,NA
2026-08-28 07:00:00,28.25,144.5,14.35,45.97,36.15,16.5,NA,0.69,14.95,3.39,NA,NA,NA,NA,NA,NA,NA,NA,NA,NA,NA,NA,NA,NA
2026-08-28 08:00:00,27.5,143.75,13.0,36.48,28.85,12.23,NA,0.71,14.35,5.59,NA,NA,NA,NA,NA,NA,NA,NA,NA,NA,NA,NA,NA,NA
2026-08-28 09:00:00,25.25,148.5,9.2,21.28,18.33,11.58,NA,0.63,15.6,5.48,NA,NA,NA,NA,NA,NA,NA,NA,NA,NA,NA,NA,NA,NA
2026-08-28 10:00:00,25.0,150.25,13.18,54.53,39.7,20.05,NA,0.65,15.75,5.52,NA,NA,NA,NA,NA,NA,NA,NA,NA,NA,NA,NA,NA,NA
2026-08-28 11:00:00,25.75,154.75,22.3,100.68,71.68,28.85,NA,0.65,15.25,5.44,NA,NA,NA,NA,NA,NA,NA,NA,NA,NA,NA,NA,NA,NA
2026-08-28 12:00:00,27.75,170.25,21.45,72.6,56.1,17.78,10.8,0.72,15.4,5.54,NA,NA,NA,NA,NA,NA,NA,NA,NA,NA,NA,NA,NA,NA
2026-08-28 13:00:00,31.25,181.5,19.35,51.63,43.0,12.95,8.5,0.66,15.23,4.32,NA,NA,NA,NA,NA,NA,NA,NA,NA,NA,NA,NA,NA,NA
2026-08-28 14:00:00,33.25,190.75,8.95,6.27,6.02,4.43,6.85,0.68,14.9,4.21,NA,NA,NA,NA,NA,NA,NA,NA,NA,NA,NA,NA,NA,NA
2026-08-28 15:00:00,34.0,186.25,6.73,11.1,8.77,9.23,20.35,0.69,15.95,4.3,NA,NA,NA,NA,NA,NA,NA,NA,NA,NA,NA,NA,NA,NA
2026-08-28 16:00:00,23.5,188.75,9.48,38.2,28.05,17.25,31.7,0.72,17.03,4.23,NA,NA,NA,NA,NA,NA,NA,NA,NA,NA,NA,NA,NA,NA
2026-08-28 17:00:00,24.25,189.5,10.2,44.83,32.13,19.5,31.93,0.75,17.15,4.3,NA,NA,NA,NA,NA,NA,NA,NA,NA,NA,NA,NA,NA,NA
2026-08-28 18:00:00,27.25,184.25,12.05,58.03,40.68,22.8,15.35,0.8,16.0,3.73,NA,NA,NA,NA,NA,NA,NA,NA,NA,NA,NA,NA,NA,NA
2026-08-28 19:00:00,24.5,173.0,9.98,41.1,29.95,17.9,7.43,0.99,15.48,3.55,NA,NA,NA,NA,NA,NA,NA,NA,NA,NA,NA,NA,NA,NA
2026-08-28 20:00:00,27.5,183.75,10.63,47.98,34.15,19.85,7.68,1.49,16.83,3.58,NA,NA,NA,NA,NA,NA,NA,NA,NA,NA,NA,NA,NA,NA
2026-08-28 21:00:00,30.0,187.0,13.13,62.25,43.83,24.33,13.23,1.78,16.15,2.21,NA,NA,NA,NA,NA,NA,NA,NA,NA,NA,NA,NA,NA,NA
2026-08-28 22:00:00,33.5,192.0,11.8,50.35,36.38,19.3,16.4,1.96,14.65,1.69,NA,NA,NA,NA,NA,NA,NA,NA,NA,NA,NA,NA,NA,NA
2026-08-28 23:00:00,NA,NA,13.27,56.3,40.73,20.97,17.53,2.04,14.5,1.72,NA,NA,NA,NA,NA,NA,NA,NA,NA,NA,NA,NA,NA,NA
2026-08-29 00:00:00,NA,NA,11.9,46.93,34.63,19.0,11.55,1.32,14.03,3.48,NA,NA,NA,NA,NA,NA,NA,NA,NA,NA,NA,NA,NA,NA
2026-08-29 01:00:00,NA,NA,11.23,42.8,31.9,19.05,NA,0.81,14.6,3.55,NA,NA,NA,NA,NA,NA,NA,NA,NA,NA,NA,NA,NA,NA
2026-08-29 02:00:00,NA,NA,12.05,50.35,36.58,19.9,NA,0.53,14.85,3.48,NA,NA,NA,NA,NA,NA,NA,NA,NA,NA,NA,NA,NA,NA
2026-08-29 03:00:00,NA,NA,11.9,50.45,36.5,19.53,4.3,0.43,14.78,3.5,NA,NA,NA,NA,NA,NA,NA,NA,NA,NA,NA,NA,NA,NA
2026-08-29 04:00:00,NA,NA,11.55,45.55,33.65,19.08,5.38,0.61,14.98,3.37,NA,NA,NA,NA,NA,NA,NA,NA,NA,NA,NA,NA,NA,NA
2026-08-29 05:00:00,NA,NA,11.7,48.7,35.4,17.95,4.28,0.59,14.73,3.4,NA,NA,NA,NA,NA,NA,NA,NA,NA,NA,NA,NA,NA,NA
2026-08-29 06:00:00,NA,NA,12.15,50.88,36.95,20.45,18.98,0.63,15.08,3.46,NA,NA,NA,NA,NA,NA,NA,NA,NA,NA,NA,NA,NA,NA
2026-08-29 07:00:00,NA,NA,12.1,48.5,35.63,20.43,26.95,0.57,15.53,3.39,NA,NA,NA,NA,NA,NA,NA,NA,NA,NA,NA,NA,NA,NA
2026-08-29 08:00:00,NA,NA,14.8,67.25,47.8,22.95,26.03,0.73,14.58,5.64,NA,NA,NA,NA,NA,NA,NA,NA,NA,NA,NA,NA,NA,NA
2026-08-29 09:00:00,NA,NA,11.05,31.05,25.5,17.83,18.0,0.71,14.55,5.38,NA,NA,NA,NA,NA,NA,NA,NA,NA,NA,NA,NA,NA,NA
2026-08-29 10:00:00,NA,NA,11.33,38.78,29.85,18.58,17.3,0.68,15.53,5.49,NA,NA,NA,NA,NA,NA,NA,NA,NA,NA,NA,NA,NA,NA
2026-08-29 11:00:00,NA,NA,13.9,60.8,43.68,20.53,18.43,0.74,15.55,5.51,NA,NA,NA,NA,NA,NA,NA,NA,NA,NA,NA,NA,NA,NA
2026-08-29 12:00:00,NA,NA,10.0,30.8,24.5,16.6,23.38,0.72,15.7,5.56,NA,NA,NA,NA,NA,NA,NA,NA,NA,NA,NA,NA,NA,NA
2026-08-29 13:00:00,NA,NA,11.38,47.38,34.45,18.7,26.88,0.73,16.23,4.48,NA,NA,NA,NA,NA,NA,NA,NA,NA,NA,NA,NA,NA,NA
2026-08-29 14:00:00,NA,NA,11.33,45.3,33.3,20.08,27.4,0.79,17.85,4.23,NA,NA,NA,NA,NA,NA,NA,NA,NA,NA,NA,NA,NA,NA
2026-08-29 15:00:00,NA,NA,9.63,36.88,27.43,17.8,20.3,0.75,16.63,4.34,NA,NA,NA,NA,NA,NA,NA,NA,NA,NA,NA,NA,NA,NA
2026-08-29 16:00:00,NA,NA,9.5,41.95,30.05,17.88,17.35,0.76,17.75,4.33,NA,NA,NA,NA,NA,NA,NA,NA,NA,NA,NA,NA,NA,NA
2026-08-29 17:00:00,NA,NA,9.75,45.88,32.35,20.33,17.18,0.82,17.4,4.2,NA,NA,NA,NA,NA,NA,NA,NA,NA,NA,NA,NA,NA,NA
2026-08-29 18:00:00,NA,NA,10.18,46.7,33.1,22.48,19.38,0.88,17.1,3.7,NA,NA,NA,NA,NA,NA,NA,NA,NA,NA,NA,NA,NA,NA
2026-08-29 19:00:00,NA,NA,10.55,50.68,35.53,22.05,20.35,1.23,16.03,3.55,NA,NA,NA,NA,NA,NA,NA,NA,NA,NA,NA,NA,NA,NA
2026-08-29 20:00:00,NA,NA,10.95,53.33,37.28,21.42,20.48,1.72,16.48,3.55,NA,NA,NA,NA,NA,NA,NA,NA,NA,NA,NA,NA,NA,NA
2026-08-29 21:00:00,NA,NA,10.8,49.53,35.13,22.55,21.1,1.8,15.4,2.18,NA,NA,NA,NA,NA,NA,NA,NA,NA,NA,NA,NA,NA,NA
2026-08-29 22:00:00,NA,NA,10.55,49.25,34.78,20.13,21.45,1.69,15.58,1.71,NA,NA,NA,NA,NA,NA,NA,NA,NA,NA,NA,NA,NA,NA
2026-08-29 23:00:00,NA,NA,10.6,47.17,33.7,19.67,21.73,1.64,15.53,1.72,NA,NA,NA,NA,NA,NA,NA,NA,NA,NA,NA,NA,NA,NA
2026-08-30 00:00:00,NA,NA,10.2,46.05,32.78,21.73,15.48,1.09,15.7,3.41,NA,NA,NA,NA,NA,NA,NA,NA,NA,NA,NA,NA,NA,NA
2026-08-30 01:00:00,NA,NA,10.18,46.28,32.9,21.18,12.4,0.97,14.03,3.43,NA,NA,NA,NA,NA,NA,NA,NA,NA,NA,NA,NA,NA,NA
2026-08-30 02:00:00,NA,NA,9.98,46.5,32.85,19.65,12.08,0.69,15.43,3.53,NA,NA,NA,NA,NA,NA,NA,NA,NA,NA,NA,NA,NA,NA
2026-08-30 03:00:00,NA,NA,9.9,44.78,31.85,21.13,13.95,0.55,14.28,3.5,NA,NA,NA,NA,NA,NA,NA,NA,NA,NA,NA,NA,NA,NA
2026-08-30 04:00:00,NA,NA,9.95,46.43,32.78,20.85,14.45,0.69,14.38,3.51,NA,NA,NA,NA,NA,NA,NA,NA,NA,NA,NA,NA,NA,NA
2026-08-30 05:00:00,NA,NA,11.75,59.25,41.08,23.73,13.95,0.66,15.05,3.42,NA,NA,NA,NA,NA,NA,NA,NA,NA,NA,NA,NA,NA,NA
2026-08-30 06:00:00,NA,NA,12.8,57.65,41.1,20.98,14.88,0.71,14.5,3.49,NA,NA,NA,NA,NA,NA,NA,NA,NA,NA,NA,NA,NA,NA
2026-08-30 07:00:00,NA,NA,12.55,54.63,39.23,20.93,16.35,0.69,15.18,3.56,NA,NA,NA,NA,NA,NA,NA,NA,NA,NA,NA,NA,NA,NA
2026-08-30 08:00:00,NA,NA,19.88,90.05,64.08,25.7,12.33,0.68,13.9,5.56,NA,NA,NA,NA,NA,NA,NA,NA,NA,NA,NA,NA,NA,NA
2026-08-30 09:00:00,NA,NA,19.13,68.0,51.73,20.4,5.95,0.59,14.83,5.59,NA,NA,NA,NA,NA,NA,NA,NA,NA,NA,NA,NA,NA,NA
2026-08-30 10:00:00,NA,NA,18.98,57.73,46.1,17.33,NA,0.51,17.08,5.51,NA,NA,NA,NA,NA,NA,NA,NA,NA,NA,NA,NA,NA,NA
2026-08-30 11:00:00,NA,NA,18.85,50.93,42.43,15.38,NA,0.44,17.95,5.42,NA,NA,NA,NA,NA,NA,NA,NA,NA,NA,NA,NA,NA,NA
2026-08-30 12:00:00,NA,NA,19.75,60.55,48.28,12.0,25.53,0.68,28.98,5.62,NA,NA,NA,NA,NA,NA,NA,NA,NA,NA,NA,NA,NA,NA
2026-08-30 13:00:00,NA,NA,14.08,26.58,24.0,6.65,28.38,0.6,22.43,4.39,NA,NA,NA,NA,NA,NA,NA,NA,NA,NA,NA,NA,NA,NA
2026-08-30 14:00:00,NA,NA,7.55,4.68,6.7,8.23,33.33,0.75,17.85,4.15,NA,NA,NA,NA,NA,NA,NA,NA,NA,NA,NA,NA,NA,NA
2026-08-30 15:00:00,NA,NA,10.1,30.85,24.63,16.23,22.78,1.0,17.9,4.3,NA,NA,NA,NA,NA,NA,NA,NA,NA,NA,NA,NA,NA,NA
2026-08-30 16:00:00,NA,NA,12.35,54.78,39.2,22.28,21.65,0.71,17.78,4.3,NA,NA,NA,NA,NA,NA,NA,NA,NA,NA,NA,NA,NA,NA
2026-08-30 17:00:00,NA,NA,19.75,98.4,68.43,28.0,19.7,0.78,15.98,4.31,NA,NA,NA,NA,NA,NA,NA,NA,NA,NA,NA,NA,NA,NA
2026-08-30 18:00:00,NA,NA,21.6,89.53,65.15,20.05,13.43,0.82,15.45,3.78,NA,NA,NA,NA,NA,NA,NA,NA,NA,NA,NA,NA,NA,NA
2026-08-30 19:00:00,NA,NA,11.38,37.8,22.72,7.27,6.63,1.1,15.93,3.57,NA,NA,NA,NA,NA,NA,NA,NA,NA,NA,NA,NA,NA,NA
2026-08-30 20:00:00,NA,NA,8.73,12.85,13.83,11.08,11.75,1.44,15.38,3.55,NA,NA,NA,NA,NA,NA,NA,NA,NA,NA,NA,NA,NA,NA
2026-08-30 21:00:00,NA,NA,11.7,46.13,34.03,18.98,9.25,1.53,16.1,2.19,NA,NA,NA,NA,NA,NA,NA,NA,NA,NA,NA,NA,NA,NA
2026-08-30 22:00:00,NA,NA,13.08,53.88,39.28,19.5,6.68,1.3,15.68,1.72,NA,NA,NA,NA,NA,NA,NA,NA,NA,NA,NA,NA,NA,NA
2026-08-30 23:00:00,NA,NA,10.7,35.53,27.6,16.77,6.97,1.16,15.47,1.71,NA,NA,NA,NA,NA,NA,NA,NA,NA,NA,NA,NA,NA,NA
2026-08-31 00:00:00,NA,NA,9.48,32.28,24.9,18.38,4.75,0.93,15.03,3.47,NA,NA,NA,NA,NA,NA,NA,NA,NA,NA,NA,NA,NA,NA
2026-08-31 01:00:00,NA,NA,12.68,58.25,41.28,22.43,NA,0.85,14.58,3.47,NA,NA,NA,NA,NA,NA,NA,NA,NA,NA,NA,NA,NA,NA
2026-08-31 02:00:00,NA,NA,12.55,52.83,38.3,20.45,NA,0.76,14.08,3.48,NA,NA,NA,NA,NA,NA,NA,NA,NA,NA,NA,NA,NA,NA
2026-08-31 03:00:00,NA,NA,13.05,55.2,39.98,21.55,NA,0.64,14.63,3.47,NA,NA,NA,NA,NA,NA,NA,NA,NA,NA,NA,NA,NA,NA
2026-08-31 04:00:00,NA,NA,11.83,44.7,33.38,17.15,NA,0.62,14.95,3.5,NA,NA,NA,NA,NA,NA,NA,NA,NA,NA,NA,NA,NA,NA
2026-08-31 05:00:00,NA,NA,13.0,53.55,39.05,19.43,NA,0.6,15.05,3.44,NA,NA,NA,NA,NA,NA,NA,NA,NA,NA,NA,NA,NA,NA
2026-08-31 06:00:00,NA,NA,15.58,57.15,43.08,18.03,13.33,0.64,14.15,3.47,NA,NA,NA,NA,NA,NA,NA,NA,NA,NA,NA,NA,NA,NA
2026-08-31 07:00:00,NA,NA,12.33,42.05,32.38,14.8,16.63,0.77,15.93,3.49,NA,NA,NA,NA,NA,NA,NA,NA,NA,NA,NA,NA,NA,NA
2026-08-31 08:00:00,NA,NA,15.7,60.43,44.9,21.15,17.28,0.73,14.73,5.54,NA,NA,NA,NA,NA,NA,NA,NA,NA,NA,NA,NA,NA,NA
2026-08-31 09:00:00,NA,NA,11.0,31.7,25.8,16.83,18.55,0.73,16.1,5.43,NA,NA,NA,NA,NA,NA,NA,NA,NA,NA,NA,NA,NA,NA
2026-08-31 10:00:00,NA,NA,11.93,44.08,33.15,16.28,18.38,0.73,16.25,5.35,NA,NA,NA,NA,NA,NA,NA,NA,NA,NA,NA,NA,NA,NA
2026-08-31 11:00:00,NA,NA,11.1,42.75,31.78,17.95,19.38,0.78,17.0,5.43,NA,NA,NA,NA,NA,NA,NA,NA,NA,NA,NA,NA,NA,NA
2026-08-31 12:00:00,NA,NA,12.73,57.28,40.83,22.5,8.3,0.77,17.25,5.42,NA,NA,NA,NA,NA,NA,NA,NA,NA,NA,NA,NA,NA,NA
2026-08-31 13:00:00,NA,NA,11.4,46.58,34.05,19.13,2.28,0.77,16.78,4.17,NA,NA,NA,NA,NA,NA,NA,NA,NA,NA,NA,NA,NA,NA
2026-08-31 14:00:00,NA,NA,11.1,45.5,33.23,17.93,1.93,0.83,18.05,4.31,NA,NA,NA,NA,NA,NA,NA,NA,NA,NA,NA,NA,NA,NA
2026-08-31 15:00:00,NA,NA,9.95,38.63,28.63,18.53,29.73,0.8,19.5,4.48,NA,NA,NA,NA,NA,NA,NA,NA,NA,NA,NA,NA,NA,NA
2026-08-31 16:00:00,NA,NA,10.58,47.43,33.8,20.58,45.05,0.8,19.28,4.35,NA,NA,NA,NA,NA,NA,NA,NA,NA,NA,NA,NA,NA,NA
2026-08-31 17:00:00,NA,NA,11.57,56.23,39.33,23.33,44.53,0.86,19.55,4.19,NA,NA,NA,NA,NA,NA,NA,NA,NA,NA,NA,NA,NA,NA
2026-08-31 18:00:00,NA,NA,11.7,54.05,38.25,20.8,16.75,1.05,16.58,3.76,NA,NA,NA,NA,NA,NA,NA,NA,NA,NA,NA,NA,NA,NA
2026-08-31 19:00:00,NA,NA,11.4,47.2,34.13,19.5,2.93,1.31,15.08,3.59,NA,NA,NA,NA,NA,NA,NA,NA,NA,NA,NA,NA,NA,NA
2026-08-31 20:00:00,NA,NA,10.85,45.33,32.9,20.85,3.13,1.32,14.98,3.55,NA,NA,NA,NA,NA,NA,NA,NA,NA,NA,NA,NA,NA,NA
2026-08-31 21:00:00,NA,NA,10.93,46.08,33.38,20.48,16.8,1.51,15.6,2.18,NA,NA,NA,NA,NA,NA,NA,NA,NA,NA,NA,NA,NA,NA
2026-08-31 22:00:00,NA,NA,12.95,61.43,43.15,23.93,24.1,1.63,15.55,1.74,NA,NA,NA,NA,NA,NA,NA,NA,NA,NA,NA,NA,NA,NA
2026-08-31 23:00:00,NA,NA,12.27,50.73,36.97,20.57,24.4,1.82,15.03,1.72,NA,NA,NA,NA,NA,NA,NA,NA,NA,NA,NA,NA,NA,NA
