file_key,sheet,station_folder,col_name,n_total,n_missing,pct_missing,completely_empty
"Anand Vihar, Delhi - DPCC/AQI Hourly/aqi_hourly_station_level_anand_vihar,_delhi_-_dpcc_2025_April_delhi_2025.xlsx",Sheet1,"Anand Vihar, Delhi - DPCC",Date,30,0,0.0,False
"Anand Vihar, Delhi - DPCC/AQI Hourly/aqi_hourly_station_level_anand_vihar,_delhi_-_dpcc_2025_April_delhi_2025.xlsx",Sheet1,"Anand Vihar, Delhi - DPCC",00:00:00,30,0,0.0,False
"Anand Vihar, Delhi - DPCC/AQI Hourly/aqi_hourly_station_level_anand_vihar,_delhi_-_dpcc_2025_April_delhi_2025.xlsx",Sheet1,"Anand Vihar, Delhi - DPCC",01:00:00,30,0,0.0,False
"Anand Vihar, Delhi - DPCC/AQI Hourly/aqi_hourly_station_level_anand_vihar,_delhi_-_dpcc_2025_April_delhi_2025.xlsx",Sheet1,"Anand Vihar, Delhi - DPCC",02:00:00,30,0,0.0,False
"Anand Vihar, Delhi - DPCC/AQI Hourly/aqi_hourly_station_level_anand_vihar,_delhi_-_dpcc_2025_April_delhi_2025.xlsx",Sheet1,"Anand Vihar, Delhi - DPCC",03:00:00,30,1,3.33,False
"Anand Vihar, Delhi - DPCC/AQI Hourly/aqi_hourly_station_level_anand_vihar,_delhi_-_dpcc_2025_April_delhi_2025.xlsx",Sheet1,"Anand Vihar, Delhi - DPCC",04:00:00,30,2,6.67,False
"Anand Vihar, Delhi - DPCC/AQI Hourly/aqi_hourly_station_level_anand_vihar,_delhi_-_dpcc_2025_April_delhi_2025.xlsx",Sheet1,"Anand Vihar, Delhi - DPCC",05:00:00,30,0,0.0,False
"Anand Vihar, Delhi - DPCC/AQI Hourly/aqi_hourly_station_level_anand_vihar,_delhi_-_dpcc_2025_April_delhi_2025.xlsx",Sheet1,"Anand Vihar, Delhi - DPCC",06:00:00,30,0,0.0,False
"Anand Vihar, Delhi - DPCC/AQI Hourly/aqi_hourly_station_level_anand_vihar,_delhi_-_dpcc_2025_April_delhi_2025.xlsx",Sheet1,"Anand Vihar, Delhi - DPCC",07:00:00,30,0,0.0,False
"Anand Vihar, Delhi - DPCC/AQI Hourly/aqi_hourly_station_level_anand_vihar,_delhi_-_dpcc_2025_April_delhi_2025.xlsx",Sheet1,"Anand Vihar, Delhi - DPCC",08:00:00,30,0,0.0,False
"Anand Vihar, Delhi - DPCC/AQI Hourly/aqi_hourly_station_level_anand_vihar,_delhi_-_dpcc_2025_April_delhi_2025.xlsx",Sheet1,"Anand Vihar, Delhi - DPCC",09:00:00,30,0,0.0,False
"Anand Vihar, Delhi - DPCC/AQI Hourly/aqi_hourly_station_level_anand_vihar,_delhi_-_dpcc_2025_April_delhi_2025.xlsx",Sheet1,"Anand Vihar, Delhi - DPCC",10:00:00,30,0,0.0,False
"Anand Vihar, Delhi - DPCC/AQI Hourly/aqi_hourly_station_level_anand_vihar,_delhi_-_dpcc_2025_April_delhi_2025.xlsx",Sheet1,"Anand Vihar, Delhi - DPCC",11:00:00,30,1,3.33,False
"Anand Vihar, Delhi - DPCC/AQI Hourly/aqi_hourly_station_level_anand_vihar,_delhi_-_dpcc_2025_April_delhi_2025.xlsx",Sheet1,"Anand Vihar, Delhi - DPCC",12:00:00,30,0,0.0,False
"Anand Vihar, Delhi - DPCC/AQI Hourly/aqi_hourly_station_level_anand_vihar,_delhi_-_dpcc_2025_April_delhi_2025.xlsx",Sheet1,"Anand Vihar, Delhi - DPCC",13:00:00,30,1,3.33,False
"Anand Vihar, Delhi - DPCC/AQI Hourly/aqi_hourly_station_level_anand_vihar,_delhi_-_dpcc_2025_April_delhi_2025.xlsx",Sheet1,"Anand Vihar, Delhi - DPCC",14:00:00,30,0,0.0,False
"Anand Vihar, Delhi - DPCC/AQI Hourly/aqi_hourly_station_level_anand_vihar,_delhi_-_dpcc_2025_April_delhi_2025.xlsx",Sheet1,"Anand Vihar, Delhi - DPCC",15:00:00,30,0,0.0,False
"Anand Vihar, Delhi - DPCC/AQI Hourly/aqi_hourly_station_level_anand_vihar,_delhi_-_dpcc_2025_April_delhi_2025.xlsx",Sheet1,"Anand Vihar, Delhi - DPCC",16:00:00,30,0,0.0,False
"Anand Vihar, Delhi - DPCC/AQI Hourly/aqi_hourly_station_level_anand_vihar,_delhi_-_dpcc_2025_April_delhi_2025.xlsx",Sheet1,"Anand Vihar, Delhi - DPCC",17:00:00,30,0,0.0,False
"Anand Vihar, Delhi - DPCC/AQI Hourly/aqi_hourly_station_level_anand_vihar,_delhi_-_dpcc_2025_April_delhi_2025.xlsx",Sheet1,"Anand Vihar, Delhi - DPCC",18:00:00,30,1,3.33,False
"Anand Vihar, Delhi - DPCC/AQI Hourly/aqi_hourly_station_level_anand_vihar,_delhi_-_dpcc_2025_April_delhi_2025.xlsx",Sheet1,"Anand Vihar, Delhi - DPCC",19:00:00,30,1,3.33,False
"Anand Vihar, Delhi - DPCC/AQI Hourly/aqi_hourly_station_level_anand_vihar,_delhi_-_dpcc_2025_April_delhi_2025.xlsx",Sheet1,"Anand Vihar, Delhi - DPCC",20:00:00,30,0,0.0,False
"Anand Vihar, Delhi - DPCC/AQI Hourly/aqi_hourly_station_level_anand_vihar,_delhi_-_dpcc_2025_April_delhi_2025.xlsx",Sheet1,"Anand Vihar, Delhi - DPCC",21:00:00,30,0,0.0,False
"Anand Vihar, Delhi - DPCC/AQI Hourly/aqi_hourly_station_level_anand_vihar,_delhi_-_dpcc_2025_April_delhi_2025.xlsx",Sheet1,"Anand Vihar, Delhi - DPCC",22:00:00,30,1,3.33,False
"Anand Vihar, Delhi - DPCC/AQI Hourly/aqi_hourly_station_level_anand_vihar,_delhi_-_dpcc_2025_April_delhi_2025.xlsx",Sheet1,"Anand Vihar, Delhi - DPCC",23:00:00,30,0,0.0,False
"Anand Vihar, Delhi - DPCC/AQI Hourly/aqi_hourly_station_level_anand_vihar,_delhi_-_dpcc_2025_August_delhi_2025.xlsx",Sheet1,"Anand Vihar, Delhi - DPCC",Date,31,0,0.0,False
"Anand Vihar, Delhi - DPCC/AQI Hourly/aqi_hourly_station_level_anand_vihar,_delhi_-_dpcc_2025_August_delhi_2025.xlsx",Sheet1,"Anand Vihar, Delhi - DPCC",00:00:00,31,1,3.23,False
"Anand Vihar, Delhi - DPCC/AQI Hourly/aqi_hourly_station_level_anand_vihar,_delhi_-_dpcc_2025_August_delhi_2025.xlsx",Sheet1,"Anand Vihar, Delhi - DPCC",01:00:00,31,1,3.23,False
"Anand Vihar, Delhi - DPCC/AQI Hourly/aqi_hourly_station_level_anand_vihar,_delhi_-_dpcc_2025_August_delhi_2025.xlsx",Sheet1,"Anand Vihar, Delhi - DPCC",02:00:00,31,0,0.0,False
"Anand Vihar, Delhi - DPCC/AQI Hourly/aqi_hourly_station_level_anand_vihar,_delhi_-_dpcc_2025_August_delhi_2025.xlsx",Sheet1,"Anand Vihar, Delhi - DPCC",03:00:00,31,2,6.45,False
"Anand Vihar, Delhi - DPCC/AQI Hourly/aqi_hourly_station_level_anand_vihar,_delhi_-_dpcc_2025_August_delhi_2025.xlsx",Sheet1,"Anand Vihar, Delhi - DPCC",04:00:00,31,0,0.0,False
"Anand Vihar, Delhi - DPCC/AQI Hourly/aqi_hourly_station_level_anand_vihar,_delhi_-_dpcc_2025_August_delhi_2025.xlsx",Sheet1,"Anand Vihar, Delhi - DPCC",05:00:00,31,1,3.23,False
"Anand Vihar, Delhi - DPCC/AQI Hourly/aqi_hourly_station_level_anand_vihar,_delhi_-_dpcc_2025_August_delhi_2025.xlsx",Sheet1,"Anand Vihar, Delhi - DPCC",06:00:00,31,1,3.23,False
"Anand Vihar, Delhi - DPCC/AQI Hourly/aqi_hourly_station_level_anand_vihar,_delhi_-_dpcc_2025_August_delhi_2025.xlsx",Sheet1,"Anand Vihar, Delhi - DPCC",07:00:00,31,1,3.23,False
"Anand Vihar, Delhi - DPCC/AQI Hourly/aqi_hourly_station_level_anand_vihar,_delhi_-_dpcc_2025_August_delhi_2025.xlsx",Sheet1,"Anand Vihar, Delhi - DPCC",08:00:00,31,1,3.23,False
"Anand Vihar, Delhi - DPCC/AQI Hourly/aqi_hourly_station_level_anand_vihar,_delhi_-_dpcc_2025_August_delhi_2025.xlsx",Sheet1,"Anand Vihar, Delhi - DPCC",09:00:00,31,1,3.23,False
"Anand Vihar, Delhi - DPCC/AQI Hourly/aqi_hourly_station_level_anand_vihar,_delhi_-_dpcc_2025_August_delhi_2025.xlsx",Sheet1,"Anand Vihar, Delhi - DPCC",10:00:00,31,1,3.23,False
"Anand Vihar, Delhi - DPCC/AQI Hourly/aqi_hourly_station_level_anand_vihar,_delhi_-_dpcc_2025_August_delhi_2025.xlsx",Sheet1,"Anand Vihar, Delhi - DPCC",11:00:00,31,1,3.23,False
"Anand Vihar, Delhi - DPCC/AQI Hourly/aqi_hourly_station_level_anand_vihar,_delhi_-_dpcc_2025_August_delhi_2025.xlsx",Sheet1,"Anand Vihar, Delhi - DPCC",12:00:00,31,2,6.45,False
"Anand Vihar, Delhi - DPCC/AQI Hourly/aqi_hourly_station_level_anand_vihar,_delhi_-_dpcc_2025_August_delhi_2025.xlsx",Sheet1,"Anand Vihar, Delhi - DPCC",13:00:00,31,2,6.45,False
"Anand Vihar, Delhi - DPCC/AQI Hourly/aqi_hourly_station_level_anand_vihar,_delhi_-_dpcc_2025_August_delhi_2025.xlsx",Sheet1,"Anand Vihar, Delhi - DPCC",14:00:00,31,1,3.23,False
"Anand Vihar, Delhi - DPCC/AQI Hourly/aqi_hourly_station_level_anand_vihar,_delhi_-_dpcc_2025_August_delhi_2025.xlsx",Sheet1,"Anand Vihar, Delhi - DPCC",15:00:00,31,1,3.23,False
"Anand Vihar, Delhi - DPCC/AQI Hourly/aqi_hourly_station_level_anand_vihar,_delhi_-_dpcc_2025_August_delhi_2025.xlsx",Sheet1,"Anand Vihar, Delhi - DPCC",16:00:00,31,1,3.23,False
"Anand Vihar, Delhi - DPCC/AQI Hourly/aqi_hourly_station_level_anand_vihar,_delhi_-_dpcc_2025_August_delhi_2025.xlsx",Sheet1,"Anand Vihar, Delhi - DPCC",17:00:00,31,1,3.23,False
"Anand Vihar, Delhi - DPCC/AQI Hourly/aqi_hourly_station_level_anand_vihar,_delhi_-_dpcc_2025_August_delhi_2025.xlsx",Sheet1,"Anand Vihar, Delhi - DPCC",18:00:00,31,2,6.45,False
"Anand Vihar, Delhi - DPCC/AQI Hourly/aqi_hourly_station_level_anand_vihar,_delhi_-_dpcc_2025_August_delhi_2025.xlsx",Sheet1,"Anand Vihar, Delhi - DPCC",19:00:00,31,1,3.23,False
"Anand Vihar, Delhi - DPCC/AQI Hourly/aqi_hourly_station_level_anand_vihar,_delhi_-_dpcc_2025_August_delhi_2025.xlsx",Sheet1,"Anand Vihar, Delhi - DPCC",20:00:00,31,1,3.23,False
"Anand Vihar, Delhi - DPCC/AQI Hourly/aqi_hourly_station_level_anand_vihar,_delhi_-_dpcc_2025_August_delhi_2025.xlsx",Sheet1,"Anand Vihar, Delhi - DPCC",21:00:00,31,1,3.23,False
"Anand Vihar, Delhi - DPCC/AQI Hourly/aqi_hourly_station_level_anand_vihar,_delhi_-_dpcc_2025_August_delhi_2025.xlsx",Sheet1,"Anand Vihar, Delhi - DPCC",22:00:00,31,1,3.23,False
"Anand Vihar, Delhi - DPCC/AQI Hourly/aqi_hourly_station_level_anand_vihar,_delhi_-_dpcc_2025_August_delhi_2025.xlsx",Sheet1,"Anand Vihar, Delhi - DPCC",23:00:00,31,1,3.23,False
"Anand Vihar, Delhi - DPCC/AQI Hourly/aqi_hourly_station_level_anand_vihar,_delhi_-_dpcc_2025_December_delhi_2025.xlsx",Sheet1,"Anand Vihar, Delhi - DPCC",Date,31,0,0.0,False
"Anand Vihar, Delhi - DPCC/AQI Hourly/aqi_hourly_station_level_anand_vihar,_delhi_-_dpcc_2025_December_delhi_2025.xlsx",Sheet1,"Anand Vihar, Delhi - DPCC",00:00:00,31,0,0.0,False
"Anand Vihar, Delhi - DPCC/AQI Hourly/aqi_hourly_station_level_anand_vihar,_delhi_-_dpcc_2025_December_delhi_2025.xlsx",Sheet1,"Anand Vihar, Delhi - DPCC",01:00:00,31,0,0.0,False
"Anand Vihar, Delhi - DPCC/AQI Hourly/aqi_hourly_station_level_anand_vihar,_delhi_-_dpcc_2025_December_delhi_2025.xlsx",Sheet1,"Anand Vihar, Delhi - DPCC",02:00:00,31,0,0.0,False
"Anand Vihar, Delhi - DPCC/AQI Hourly/aqi_hourly_station_level_anand_vihar,_delhi_-_dpcc_2025_December_delhi_2025.xlsx",Sheet1,"Anand Vihar, Delhi - DPCC",03:00:00,31,0,0.0,False
"Anand Vihar, Delhi - DPCC/AQI Hourly/aqi_hourly_station_level_anand_vihar,_delhi_-_dpcc_2025_December_delhi_2025.xlsx",Sheet1,"Anand Vihar, Delhi - DPCC",04:00:00,31,0,0.0,False
"Anand Vihar, Delhi - DPCC/AQI Hourly/aqi_hourly_station_level_anand_vihar,_delhi_-_dpcc_2025_December_delhi_2025.xlsx",Sheet1,"Anand Vihar, Delhi - DPCC",05:00:00,31,0,0.0,False
"Anand Vihar, Delhi - DPCC/AQI Hourly/aqi_hourly_station_level_anand_vihar,_delhi_-_dpcc_2025_December_delhi_2025.xlsx",Sheet1,"Anand Vihar, Delhi - DPCC",06:00:00,31,0,0.0,False
"Anand Vihar, Delhi - DPCC/AQI Hourly/aqi_hourly_station_level_anand_vihar,_delhi_-_dpcc_2025_December_delhi_2025.xlsx",Sheet1,"Anand Vihar, Delhi - DPCC",07:00:00,31,1,3.23,False
"Anand Vihar, Delhi - DPCC/AQI Hourly/aqi_hourly_station_level_anand_vihar,_delhi_-_dpcc_2025_December_delhi_2025.xlsx",Sheet1,"Anand Vihar, Delhi - DPCC",08:00:00,31,0,0.0,False
"Anand Vihar, Delhi - DPCC/AQI Hourly/aqi_hourly_station_level_anand_vihar,_delhi_-_dpcc_2025_December_delhi_2025.xlsx",Sheet1,"Anand Vihar, Delhi - DPCC",09:00:00,31,0,0.0,False
"Anand Vihar, Delhi - DPCC/AQI Hourly/aqi_hourly_station_level_anand_vihar,_delhi_-_dpcc_2025_December_delhi_2025.xlsx",Sheet1,"Anand Vihar, Delhi - DPCC",10:00:00,31,0,0.0,False
"Anand Vihar, Delhi - DPCC/AQI Hourly/aqi_hourly_station_level_anand_vihar,_delhi_-_dpcc_2025_December_delhi_2025.xlsx",Sheet1,"Anand Vihar, Delhi - DPCC",11:00:00,31,0,0.0,False
"Anand Vihar, Delhi - DPCC/AQI Hourly/aqi_hourly_station_level_anand_vihar,_delhi_-_dpcc_2025_December_delhi_2025.xlsx",Sheet1,"Anand Vihar, Delhi - DPCC",12:00:00,31,0,0.0,False
"Anand Vihar, Delhi - DPCC/AQI Hourly/aqi_hourly_station_level_anand_vihar,_delhi_-_dpcc_2025_December_delhi_2025.xlsx",Sheet1,"Anand Vihar, Delhi - DPCC",13:00:00,31,0,0.0,False
"Anand Vihar, Delhi - DPCC/AQI Hourly/aqi_hourly_station_level_anand_vihar,_delhi_-_dpcc_2025_December_delhi_2025.xlsx",Sheet1,"Anand Vihar, Delhi - DPCC",14:00:00,31,0,0.0,False
"Anand Vihar, Delhi - DPCC/AQI Hourly/aqi_hourly_station_level_anand_vihar,_delhi_-_dpcc_2025_December_delhi_2025.xlsx",Sheet1,"Anand Vihar, Delhi - DPCC",15:00:00,31,0,0.0,False
"Anand Vihar, Delhi - DPCC/AQI Hourly/aqi_hourly_station_level_anand_vihar,_delhi_-_dpcc_2025_December_delhi_2025.xlsx",Sheet1,"Anand Vihar, Delhi - DPCC",16:00:00,31,0,0.0,False
"Anand Vihar, Delhi - DPCC/AQI Hourly/aqi_hourly_station_level_anand_vihar,_delhi_-_dpcc_2025_December_delhi_2025.xlsx",Sheet1,"Anand Vihar, Delhi - DPCC",17:00:00,31,0,0.0,False
"Anand Vihar, Delhi - DPCC/AQI Hourly/aqi_hourly_station_level_anand_vihar,_delhi_-_dpcc_2025_December_delhi_2025.xlsx",Sheet1,"Anand Vihar, Delhi - DPCC",18:00:00,31,0,0.0,False
"Anand Vihar, Delhi - DPCC/AQI Hourly/aqi_hourly_station_level_anand_vihar,_delhi_-_dpcc_2025_December_delhi_2025.xlsx",Sheet1,"Anand Vihar, Delhi - DPCC",19:00:00,31,0,0.0,False
"Anand Vihar, Delhi - DPCC/AQI Hourly/aqi_hourly_station_level_anand_vihar,_delhi_-_dpcc_2025_December_delhi_2025.xlsx",Sheet1,"Anand Vihar, Delhi - DPCC",20:00:00,31,1,3.23,False
"Anand Vihar, Delhi - DPCC/AQI Hourly/aqi_hourly_station_level_anand_vihar,_delhi_-_dpcc_2025_December_delhi_2025.xlsx",Sheet1,"Anand Vihar, Delhi - DPCC",21:00:00,31,0,0.0,False
"Anand Vihar, Delhi - DPCC/AQI Hourly/aqi_hourly_station_level_anand_vihar,_delhi_-_dpcc_2025_December_delhi_2025.xlsx",Sheet1,"Anand Vihar, Delhi - DPCC",22:00:00,31,0,0.0,False
"Anand Vihar, Delhi - DPCC/AQI Hourly/aqi_hourly_station_level_anand_vihar,_delhi_-_dpcc_2025_December_delhi_2025.xlsx",Sheet1,"Anand Vihar, Delhi - DPCC",23:00:00,31,0,0.0,False
"Anand Vihar, Delhi - DPCC/AQI Hourly/aqi_hourly_station_level_anand_vihar,_delhi_-_dpcc_2025_February_delhi_2025.xlsx",Sheet1,"Anand Vihar, Delhi - DPCC",Date,27,0,0.0,False
"Anand Vihar, Delhi - DPCC/AQI Hourly/aqi_hourly_station_level_anand_vihar,_delhi_-_dpcc_2025_February_delhi_2025.xlsx",Sheet1,"Anand Vihar, Delhi - DPCC",00:00:00,27,10,37.04,False
"Anand Vihar, Delhi - DPCC/AQI Hourly/aqi_hourly_station_level_anand_vihar,_delhi_-_dpcc_2025_February_delhi_2025.xlsx",Sheet1,"Anand Vihar, Delhi - DPCC",01:00:00,27,10,37.04,False
"Anand Vihar, Delhi - DPCC/AQI Hourly/aqi_hourly_station_level_anand_vihar,_delhi_-_dpcc_2025_February_delhi_2025.xlsx",Sheet1,"Anand Vihar, Delhi - DPCC",02:00:00,27,10,37.04,False
"Anand Vihar, Delhi - DPCC/AQI Hourly/aqi_hourly_station_level_anand_vihar,_delhi_-_dpcc_2025_February_delhi_2025.xlsx",Sheet1,"Anand Vihar, Delhi - DPCC",03:00:00,27,10,37.04,False
"Anand Vihar, Delhi - DPCC/AQI Hourly/aqi_hourly_station_level_anand_vihar,_delhi_-_dpcc_2025_February_delhi_2025.xlsx",Sheet1,"Anand Vihar, Delhi - DPCC",04:00:00,27,10,37.04,False
"Anand Vihar, Delhi - DPCC/AQI Hourly/aqi_hourly_station_level_anand_vihar,_delhi_-_dpcc_2025_February_delhi_2025.xlsx",Sheet1,"Anand Vihar, Delhi - DPCC",05:00:00,27,9,33.33,False
"Anand Vihar, Delhi - DPCC/AQI Hourly/aqi_hourly_station_level_anand_vihar,_delhi_-_dpcc_2025_February_delhi_2025.xlsx",Sheet1,"Anand Vihar, Delhi - DPCC",06:00:00,27,8,29.63,False
"Anand Vihar, Delhi - DPCC/AQI Hourly/aqi_hourly_station_level_anand_vihar,_delhi_-_dpcc_2025_February_delhi_2025.xlsx",Sheet1,"Anand Vihar, Delhi - DPCC",07:00:00,27,10,37.04,False
"Anand Vihar, Delhi - DPCC/AQI Hourly/aqi_hourly_station_level_anand_vihar,_delhi_-_dpcc_2025_February_delhi_2025.xlsx",Sheet1,"Anand Vihar, Delhi - DPCC",08:00:00,27,10,37.04,False
"Anand Vihar, Delhi - DPCC/AQI Hourly/aqi_hourly_station_level_anand_vihar,_delhi_-_dpcc_2025_February_delhi_2025.xlsx",Sheet1,"Anand Vihar, Delhi - DPCC",09:00:00,27,11,40.74,False
"Anand Vihar, Delhi - DPCC/AQI Hourly/aqi_hourly_station_level_anand_vihar,_delhi_-_dpcc_2025_February_delhi_2025.xlsx",Sheet1,"Anand Vihar, Delhi - DPCC",10:00:00,27,11,40.74,False
"Anand Vihar, Delhi - DPCC/AQI Hourly/aqi_hourly_station_level_anand_vihar,_delhi_-_dpcc_2025_February_delhi_2025.xlsx",Sheet1,"Anand Vihar, Delhi - DPCC",11:00:00,27,11,40.74,False
"Anand Vihar, Delhi - DPCC/AQI Hourly/aqi_hourly_station_level_anand_vihar,_delhi_-_dpcc_2025_February_delhi_2025.xlsx",Sheet1,"Anand Vihar, Delhi - DPCC",12:00:00,27,11,40.74,False
"Anand Vihar, Delhi - DPCC/AQI Hourly/aqi_hourly_station_level_anand_vihar,_delhi_-_dpcc_2025_February_delhi_2025.xlsx",Sheet1,"Anand Vihar, Delhi - DPCC",13:00:00,27,11,40.74,False
"Anand Vihar, Delhi - DPCC/AQI Hourly/aqi_hourly_station_level_anand_vihar,_delhi_-_dpcc_2025_February_delhi_2025.xlsx",Sheet1,"Anand Vihar, Delhi - DPCC",14:00:00,27,11,40.74,False
"Anand Vihar, Delhi - DPCC/AQI Hourly/aqi_hourly_station_level_anand_vihar,_delhi_-_dpcc_2025_February_delhi_2025.xlsx",Sheet1,"Anand Vihar, Delhi - DPCC",15:00:00,27,11,40.74,False
"Anand Vihar, Delhi - DPCC/AQI Hourly/aqi_hourly_station_level_anand_vihar,_delhi_-_dpcc_2025_February_delhi_2025.xlsx",Sheet1,"Anand Vihar, Delhi - DPCC",16:00:00,27,11,40.74,False
"Anand Vihar, Delhi - DPCC/AQI Hourly/aqi_hourly_station_level_anand_vihar,_delhi_-_dpcc_2025_February_delhi_2025.xlsx",Sheet1,"Anand Vihar, Delhi - DPCC",17:00:00,27,11,40.74,False
"Anand Vihar, Delhi - DPCC/AQI Hourly/aqi_hourly_station_level_anand_vihar,_delhi_-_dpcc_2025_February_delhi_2025.xlsx",Sheet1,"Anand Vihar, Delhi - DPCC",18:00:00,27,11,40.74,False
"Anand Vihar, Delhi - DPCC/AQI Hourly/aqi_hourly_station_level_anand_vihar,_delhi_-_dpcc_2025_February_delhi_2025.xlsx",Sheet1,"Anand Vihar, Delhi - DPCC",19:00:00,27,10,37.04,False
"Anand Vihar, Delhi - DPCC/AQI Hourly/aqi_hourly_station_level_anand_vihar,_delhi_-_dpcc_2025_February_delhi_2025.xlsx",Sheet1,"Anand Vihar, Delhi - DPCC",20:00:00,27,11,40.74,False
"Anand Vihar, Delhi - DPCC/AQI Hourly/aqi_hourly_station_level_anand_vihar,_delhi_-_dpcc_2025_February_delhi_2025.xlsx",Sheet1,"Anand Vihar, Delhi - DPCC",21:00:00,27,11,40.74,False
"Anand Vihar, Delhi - DPCC/AQI Hourly/aqi_hourly_station_level_anand_vihar,_delhi_-_dpcc_2025_February_delhi_2025.xlsx",Sheet1,"Anand Vihar, Delhi - DPCC",22:00:00,27,11,40.74,False
"Anand Vihar, Delhi - DPCC/AQI Hourly/aqi_hourly_station_level_anand_vihar,_delhi_-_dpcc_2025_February_delhi_2025.xlsx",Sheet1,"Anand Vihar, Delhi - DPCC",23:00:00,27,11,40.74,False
"Anand Vihar, Delhi - DPCC/AQI Hourly/aqi_hourly_station_level_anand_vihar,_delhi_-_dpcc_2025_January_delhi_2025.xlsx",Sheet1,"Anand Vihar, Delhi - DPCC",Date,31,0,0.0,False
"Anand Vihar, Delhi - DPCC/AQI Hourly/aqi_hourly_station_level_anand_vihar,_delhi_-_dpcc_2025_January_delhi_2025.xlsx",Sheet1,"Anand Vihar, Delhi - DPCC",00:00:00,31,9,29.03,False
"Anand Vihar, Delhi - DPCC/AQI Hourly/aqi_hourly_station_level_anand_vihar,_delhi_-_dpcc_2025_January_delhi_2025.xlsx",Sheet1,"Anand Vihar, Delhi - DPCC",01:00:00,31,7,22.58,False
"Anand Vihar, Delhi - DPCC/AQI Hourly/aqi_hourly_station_level_anand_vihar,_delhi_-_dpcc_2025_January_delhi_2025.xlsx",Sheet1,"Anand Vihar, Delhi - DPCC",02:00:00,31,7,22.58,False
"Anand Vihar, Delhi - DPCC/AQI Hourly/aqi_hourly_station_level_anand_vihar,_delhi_-_dpcc_2025_January_delhi_2025.xlsx",Sheet1,"Anand Vihar, Delhi - DPCC",03:00:00,31,8,25.81,False
"Anand Vihar, Delhi - DPCC/AQI Hourly/aqi_hourly_station_level_anand_vihar,_delhi_-_dpcc_2025_January_delhi_2025.xlsx",Sheet1,"Anand Vihar, Delhi - DPCC",04:00:00,31,8,25.81,False
"Anand Vihar, Delhi - DPCC/AQI Hourly/aqi_hourly_station_level_anand_vihar,_delhi_-_dpcc_2025_January_delhi_2025.xlsx",Sheet1,"Anand Vihar, Delhi - DPCC",05:00:00,31,8,25.81,False
"Anand Vihar, Delhi - DPCC/AQI Hourly/aqi_hourly_station_level_anand_vihar,_delhi_-_dpcc_2025_January_delhi_2025.xlsx",Sheet1,"Anand Vihar, Delhi - DPCC",06:00:00,31,8,25.81,False
"Anand Vihar, Delhi - DPCC/AQI Hourly/aqi_hourly_station_level_anand_vihar,_delhi_-_dpcc_2025_January_delhi_2025.xlsx",Sheet1,"Anand Vihar, Delhi - DPCC",07:00:00,31,8,25.81,False
"Anand Vihar, Delhi - DPCC/AQI Hourly/aqi_hourly_station_level_anand_vihar,_delhi_-_dpcc_2025_January_delhi_2025.xlsx",Sheet1,"Anand Vihar, Delhi - DPCC",08:00:00,31,9,29.03,False
"Anand Vihar, Delhi - DPCC/AQI Hourly/aqi_hourly_station_level_anand_vihar,_delhi_-_dpcc_2025_January_delhi_2025.xlsx",Sheet1,"Anand Vihar, Delhi - DPCC",09:00:00,31,9,29.03,False
"Anand Vihar, Delhi - DPCC/AQI Hourly/aqi_hourly_station_level_anand_vihar,_delhi_-_dpcc_2025_January_delhi_2025.xlsx",Sheet1,"Anand Vihar, Delhi - DPCC",10:00:00,31,9,29.03,False
"Anand Vihar, Delhi - DPCC/AQI Hourly/aqi_hourly_station_level_anand_vihar,_delhi_-_dpcc_2025_January_delhi_2025.xlsx",Sheet1,"Anand Vihar, Delhi - DPCC",11:00:00,31,9,29.03,False
"Anand Vihar, Delhi - DPCC/AQI Hourly/aqi_hourly_station_level_anand_vihar,_delhi_-_dpcc_2025_January_delhi_2025.xlsx",Sheet1,"Anand Vihar, Delhi - DPCC",12:00:00,31,8,25.81,False
"Anand Vihar, Delhi - DPCC/AQI Hourly/aqi_hourly_station_level_anand_vihar,_delhi_-_dpcc_2025_January_delhi_2025.xlsx",Sheet1,"Anand Vihar, Delhi - DPCC",13:00:00,31,7,22.58,False
"Anand Vihar, Delhi - DPCC/AQI Hourly/aqi_hourly_station_level_anand_vihar,_delhi_-_dpcc_2025_January_delhi_2025.xlsx",Sheet1,"Anand Vihar, Delhi - DPCC",14:00:00,31,7,22.58,False
"Anand Vihar, Delhi - DPCC/AQI Hourly/aqi_hourly_station_level_anand_vihar,_delhi_-_dpcc_2025_January_delhi_2025.xlsx",Sheet1,"Anand Vihar, Delhi - DPCC",15:00:00,31,8,25.81,False
"Anand Vihar, Delhi - DPCC/AQI Hourly/aqi_hourly_station_level_anand_vihar,_delhi_-_dpcc_2025_January_delhi_2025.xlsx",Sheet1,"Anand Vihar, Delhi - DPCC",16:00:00,31,8,25.81,False
"Anand Vihar, Delhi - DPCC/AQI Hourly/aqi_hourly_station_level_anand_vihar,_delhi_-_dpcc_2025_January_delhi_2025.xlsx",Sheet1,"Anand Vihar, Delhi - DPCC",17:00:00,31,8,25.81,False
"Anand Vihar, Delhi - DPCC/AQI Hourly/aqi_hourly_station_level_anand_vihar,_delhi_-_dpcc_2025_January_delhi_2025.xlsx",Sheet1,"Anand Vihar, Delhi - DPCC",18:00:00,31,9,29.03,False
"Anand Vihar, Delhi - DPCC/AQI Hourly/aqi_hourly_station_level_anand_vihar,_delhi_-_dpcc_2025_January_delhi_2025.xlsx",Sheet1,"Anand Vihar, Delhi - DPCC",19:00:00,31,8,25.81,False
"Anand Vihar, Delhi - DPCC/AQI Hourly/aqi_hourly_station_level_anand_vihar,_delhi_-_dpcc_2025_January_delhi_2025.xlsx",Sheet1,"Anand Vihar, Delhi - DPCC",20:00:00,31,8,25.81,False
"Anand Vihar, Delhi - DPCC/AQI Hourly/aqi_hourly_station_level_anand_vihar,_delhi_-_dpcc_2025_January_delhi_2025.xlsx",Sheet1,"Anand Vihar, Delhi - DPCC",21:00:00,31,8,25.81,False
"Anand Vihar, Delhi - DPCC/AQI Hourly/aqi_hourly_station_level_anand_vihar,_delhi_-_dpcc_2025_January_delhi_2025.xlsx",Sheet1,"Anand Vihar, Delhi - DPCC",22:00:00,31,8,25.81,False
"Anand Vihar, Delhi - DPCC/AQI Hourly/aqi_hourly_station_level_anand_vihar,_delhi_-_dpcc_2025_January_delhi_2025.xlsx",Sheet1,"Anand Vihar, Delhi - DPCC",23:00:00,31,8,25.81,False
"Anand Vihar, Delhi - DPCC/AQI Hourly/aqi_hourly_station_level_anand_vihar,_delhi_-_dpcc_2025_July_delhi_2025.xlsx",Sheet1,"Anand Vihar, Delhi - DPCC",Date,31,0,0.0,False
"Anand Vihar, Delhi - DPCC/AQI Hourly/aqi_hourly_station_level_anand_vihar,_delhi_-_dpcc_2025_July_delhi_2025.xlsx",Sheet1,"Anand Vihar, Delhi - DPCC",00:00:00,31,1,3.23,False
"Anand Vihar, Delhi - DPCC/AQI Hourly/aqi_hourly_station_level_anand_vihar,_delhi_-_dpcc_2025_July_delhi_2025.xlsx",Sheet1,"Anand Vihar, Delhi - DPCC",01:00:00,31,1,3.23,False
"Anand Vihar, Delhi - DPCC/AQI Hourly/aqi_hourly_station_level_anand_vihar,_delhi_-_dpcc_2025_July_delhi_2025.xlsx",Sheet1,"Anand Vihar, Delhi - DPCC",02:00:00,31,1,3.23,False
"Anand Vihar, Delhi - DPCC/AQI Hourly/aqi_hourly_station_level_anand_vihar,_delhi_-_dpcc_2025_July_delhi_2025.xlsx",Sheet1,"Anand Vihar, Delhi - DPCC",03:00:00,31,1,3.23,False
"Anand Vihar, Delhi - DPCC/AQI Hourly/aqi_hourly_station_level_anand_vihar,_delhi_-_dpcc_2025_July_delhi_2025.xlsx",Sheet1,"Anand Vihar, Delhi - DPCC",04:00:00,31,1,3.23,False
"Anand Vihar, Delhi - DPCC/AQI Hourly/aqi_hourly_station_level_anand_vihar,_delhi_-_dpcc_2025_July_delhi_2025.xlsx",Sheet1,"Anand Vihar, Delhi - DPCC",05:00:00,31,1,3.23,False
"Anand Vihar, Delhi - DPCC/AQI Hourly/aqi_hourly_station_level_anand_vihar,_delhi_-_dpcc_2025_July_delhi_2025.xlsx",Sheet1,"Anand Vihar, Delhi - DPCC",06:00:00,31,1,3.23,False
"Anand Vihar, Delhi - DPCC/AQI Hourly/aqi_hourly_station_level_anand_vihar,_delhi_-_dpcc_2025_July_delhi_2025.xlsx",Sheet1,"Anand Vihar, Delhi - DPCC",07:00:00,31,2,6.45,False
"Anand Vihar, Delhi - DPCC/AQI Hourly/aqi_hourly_station_level_anand_vihar,_delhi_-_dpcc_2025_July_delhi_2025.xlsx",Sheet1,"Anand Vihar, Delhi - DPCC",08:00:00,31,0,0.0,False
"Anand Vihar, Delhi - DPCC/AQI Hourly/aqi_hourly_station_level_anand_vihar,_delhi_-_dpcc_2025_July_delhi_2025.xlsx",Sheet1,"Anand Vihar, Delhi - DPCC",09:00:00,31,0,0.0,False
"Anand Vihar, Delhi - DPCC/AQI Hourly/aqi_hourly_station_level_anand_vihar,_delhi_-_dpcc_2025_July_delhi_2025.xlsx",Sheet1,"Anand Vihar, Delhi - DPCC",10:00:00,31,0,0.0,False
"Anand Vihar, Delhi - DPCC/AQI Hourly/aqi_hourly_station_level_anand_vihar,_delhi_-_dpcc_2025_July_delhi_2025.xlsx",Sheet1,"Anand Vihar, Delhi - DPCC",11:00:00,31,0,0.0,False
"Anand Vihar, Delhi - DPCC/AQI Hourly/aqi_hourly_station_level_anand_vihar,_delhi_-_dpcc_2025_July_delhi_2025.xlsx",Sheet1,"Anand Vihar, Delhi - DPCC",12:00:00,31,1,3.23,False
"Anand Vihar, Delhi - DPCC/AQI Hourly/aqi_hourly_station_level_anand_vihar,_delhi_-_dpcc_2025_July_delhi_2025.xlsx",Sheet1,"Anand Vihar, Delhi - DPCC",13:00:00,31,0,0.0,False
"Anand Vihar, Delhi - DPCC/AQI Hourly/aqi_hourly_station_level_anand_vihar,_delhi_-_dpcc_2025_July_delhi_2025.xlsx",Sheet1,"Anand Vihar, Delhi - DPCC",14:00:00,31,0,0.0,False
"Anand Vihar, Delhi - DPCC/AQI Hourly/aqi_hourly_station_level_anand_vihar,_delhi_-_dpcc_2025_July_delhi_2025.xlsx",Sheet1,"Anand Vihar, Delhi - DPCC",15:00:00,31,0,0.0,False
"Anand Vihar, Delhi - DPCC/AQI Hourly/aqi_hourly_station_level_anand_vihar,_delhi_-_dpcc_2025_July_delhi_2025.xlsx",Sheet1,"Anand Vihar, Delhi - DPCC",16:00:00,31,0,0.0,False
"Anand Vihar, Delhi - DPCC/AQI Hourly/aqi_hourly_station_level_anand_vihar,_delhi_-_dpcc_2025_July_delhi_2025.xlsx",Sheet1,"Anand Vihar, Delhi - DPCC",17:00:00,31,1,3.23,False
"Anand Vihar, Delhi - DPCC/AQI Hourly/aqi_hourly_station_level_anand_vihar,_delhi_-_dpcc_2025_July_delhi_2025.xlsx",Sheet1,"Anand Vihar, Delhi - DPCC",18:00:00,31,1,3.23,False
"Anand Vihar, Delhi - DPCC/AQI Hourly/aqi_hourly_station_level_anand_vihar,_delhi_-_dpcc_2025_July_delhi_2025.xlsx",Sheet1,"Anand Vihar, Delhi - DPCC",19:00:00,31,1,3.23,False
"Anand Vihar, Delhi - DPCC/AQI Hourly/aqi_hourly_station_level_anand_vihar,_delhi_-_dpcc_2025_July_delhi_2025.xlsx",Sheet1,"Anand Vihar, Delhi - DPCC",20:00:00,31,1,3.23,False
"Anand Vihar, Delhi - DPCC/AQI Hourly/aqi_hourly_station_level_anand_vihar,_delhi_-_dpcc_2025_July_delhi_2025.xlsx",Sheet1,"Anand Vihar, Delhi - DPCC",21:00:00,31,1,3.23,False
"Anand Vihar, Delhi - DPCC/AQI Hourly/aqi_hourly_station_level_anand_vihar,_delhi_-_dpcc_2025_July_delhi_2025.xlsx",Sheet1,"Anand Vihar, Delhi - DPCC",22:00:00,31,1,3.23,False
"Anand Vihar, Delhi - DPCC/AQI Hourly/aqi_hourly_station_level_anand_vihar,_delhi_-_dpcc_2025_July_delhi_2025.xlsx",Sheet1,"Anand Vihar, Delhi - DPCC",23:00:00,31,1,3.23,False
"Anand Vihar, Delhi - DPCC/AQI Hourly/aqi_hourly_station_level_anand_vihar,_delhi_-_dpcc_2025_June_delhi_2025.xlsx",Sheet1,"Anand Vihar, Delhi - DPCC",Date,30,0,0.0,False
"Anand Vihar, Delhi - DPCC/AQI Hourly/aqi_hourly_station_level_anand_vihar,_delhi_-_dpcc_2025_June_delhi_2025.xlsx",Sheet1,"Anand Vihar, Delhi - DPCC",00:00:00,30,0,0.0,False
"Anand Vihar, Delhi - DPCC/AQI Hourly/aqi_hourly_station_level_anand_vihar,_delhi_-_dpcc_2025_June_delhi_2025.xlsx",Sheet1,"Anand Vihar, Delhi - DPCC",01:00:00,30,0,0.0,False
"Anand Vihar, Delhi - DPCC/AQI Hourly/aqi_hourly_station_level_anand_vihar,_delhi_-_dpcc_2025_June_delhi_2025.xlsx",Sheet1,"Anand Vihar, Delhi - DPCC",02:00:00,30,0,0.0,False
"Anand Vihar, Delhi - DPCC/AQI Hourly/aqi_hourly_station_level_anand_vihar,_delhi_-_dpcc_2025_June_delhi_2025.xlsx",Sheet1,"Anand Vihar, Delhi - DPCC",03:00:00,30,1,3.33,False
"Anand Vihar, Delhi - DPCC/AQI Hourly/aqi_hourly_station_level_anand_vihar,_delhi_-_dpcc_2025_June_delhi_2025.xlsx",Sheet1,"Anand Vihar, Delhi - DPCC",04:00:00,30,2,6.67,False
"Anand Vihar, Delhi - DPCC/AQI Hourly/aqi_hourly_station_level_anand_vihar,_delhi_-_dpcc_2025_June_delhi_2025.xlsx",Sheet1,"Anand Vihar, Delhi - DPCC",05:00:00,30,1,3.33,False
"Anand Vihar, Delhi - DPCC/AQI Hourly/aqi_hourly_station_level_anand_vihar,_delhi_-_dpcc_2025_June_delhi_2025.xlsx",Sheet1,"Anand Vihar, Delhi - DPCC",06:00:00,30,1,3.33,False
"Anand Vihar, Delhi - DPCC/AQI Hourly/aqi_hourly_station_level_anand_vihar,_delhi_-_dpcc_2025_June_delhi_2025.xlsx",Sheet1,"Anand Vihar, Delhi - DPCC",07:00:00,30,1,3.33,False
"Anand Vihar, Delhi - DPCC/AQI Hourly/aqi_hourly_station_level_anand_vihar,_delhi_-_dpcc_2025_June_delhi_2025.xlsx",Sheet1,"Anand Vihar, Delhi - DPCC",08:00:00,30,1,3.33,False
"Anand Vihar, Delhi - DPCC/AQI Hourly/aqi_hourly_station_level_anand_vihar,_delhi_-_dpcc_2025_June_delhi_2025.xlsx",Sheet1,"Anand Vihar, Delhi - DPCC",09:00:00,30,1,3.33,False
"Anand Vihar, Delhi - DPCC/AQI Hourly/aqi_hourly_station_level_anand_vihar,_delhi_-_dpcc_2025_June_delhi_2025.xlsx",Sheet1,"Anand Vihar, Delhi - DPCC",10:00:00,30,1,3.33,False
"Anand Vihar, Delhi - DPCC/AQI Hourly/aqi_hourly_station_level_anand_vihar,_delhi_-_dpcc_2025_June_delhi_2025.xlsx",Sheet1,"Anand Vihar, Delhi - DPCC",11:00:00,30,2,6.67,False
"Anand Vihar, Delhi - DPCC/AQI Hourly/aqi_hourly_station_level_anand_vihar,_delhi_-_dpcc_2025_June_delhi_2025.xlsx",Sheet1,"Anand Vihar, Delhi - DPCC",12:00:00,30,2,6.67,False
"Anand Vihar, Delhi - DPCC/AQI Hourly/aqi_hourly_station_level_anand_vihar,_delhi_-_dpcc_2025_June_delhi_2025.xlsx",Sheet1,"Anand Vihar, Delhi - DPCC",13:00:00,30,1,3.33,False
"Anand Vihar, Delhi - DPCC/AQI Hourly/aqi_hourly_station_level_anand_vihar,_delhi_-_dpcc_2025_June_delhi_2025.xlsx",Sheet1,"Anand Vihar, Delhi - DPCC",14:00:00,30,1,3.33,False
"Anand Vihar, Delhi - DPCC/AQI Hourly/aqi_hourly_station_level_anand_vihar,_delhi_-_dpcc_2025_June_delhi_2025.xlsx",Sheet1,"Anand Vihar, Delhi - DPCC",15:00:00,30,0,0.0,False
"Anand Vihar, Delhi - DPCC/AQI Hourly/aqi_hourly_station_level_anand_vihar,_delhi_-_dpcc_2025_June_delhi_2025.xlsx",Sheet1,"Anand Vihar, Delhi - DPCC",16:00:00,30,0,0.0,False
"Anand Vihar, Delhi - DPCC/AQI Hourly/aqi_hourly_station_level_anand_vihar,_delhi_-_dpcc_2025_June_delhi_2025.xlsx",Sheet1,"Anand Vihar, Delhi - DPCC",17:00:00,30,0,0.0,False
"Anand Vihar, Delhi - DPCC/AQI Hourly/aqi_hourly_station_level_anand_vihar,_delhi_-_dpcc_2025_June_delhi_2025.xlsx",Sheet1,"Anand Vihar, Delhi - DPCC",18:00:00,30,3,10.0,False
"Anand Vihar, Delhi - DPCC/AQI Hourly/aqi_hourly_station_level_anand_vihar,_delhi_-_dpcc_2025_June_delhi_2025.xlsx",Sheet1,"Anand Vihar, Delhi - DPCC",19:00:00,30,1,3.33,False
"Anand Vihar, Delhi - DPCC/AQI Hourly/aqi_hourly_station_level_anand_vihar,_delhi_-_dpcc_2025_June_delhi_2025.xlsx",Sheet1,"Anand Vihar, Delhi - DPCC",20:00:00,30,1,3.33,False
"Anand Vihar, Delhi - DPCC/AQI Hourly/aqi_hourly_station_level_anand_vihar,_delhi_-_dpcc_2025_June_delhi_2025.xlsx",Sheet1,"Anand Vihar, Delhi - DPCC",21:00:00,30,0,0.0,False
"Anand Vihar, Delhi - DPCC/AQI Hourly/aqi_hourly_station_level_anand_vihar,_delhi_-_dpcc_2025_June_delhi_2025.xlsx",Sheet1,"Anand Vihar, Delhi - DPCC",22:00:00,30,0,0.0,False
"Anand Vihar, Delhi - DPCC/AQI Hourly/aqi_hourly_station_level_anand_vihar,_delhi_-_dpcc_2025_June_delhi_2025.xlsx",Sheet1,"Anand Vihar, Delhi - DPCC",23:00:00,30,0,0.0,False
"Anand Vihar, Delhi - DPCC/AQI Hourly/aqi_hourly_station_level_anand_vihar,_delhi_-_dpcc_2025_March_delhi_2025.xlsx",Sheet1,"Anand Vihar, Delhi - DPCC",Date,31,0,0.0,False
"Anand Vihar, Delhi - DPCC/AQI Hourly/aqi_hourly_station_level_anand_vihar,_delhi_-_dpcc_2025_March_delhi_2025.xlsx",Sheet1,"Anand Vihar, Delhi - DPCC",00:00:00,31,1,3.23,False
"Anand Vihar, Delhi - DPCC/AQI Hourly/aqi_hourly_station_level_anand_vihar,_delhi_-_dpcc_2025_March_delhi_2025.xlsx",Sheet1,"Anand Vihar, Delhi - DPCC",01:00:00,31,1,3.23,False
"Anand Vihar, Delhi - DPCC/AQI Hourly/aqi_hourly_station_level_anand_vihar,_delhi_-_dpcc_2025_March_delhi_2025.xlsx",Sheet1,"Anand Vihar, Delhi - DPCC",02:00:00,31,1,3.23,False
"Anand Vihar, Delhi - DPCC/AQI Hourly/aqi_hourly_station_level_anand_vihar,_delhi_-_dpcc_2025_March_delhi_2025.xlsx",Sheet1,"Anand Vihar, Delhi - DPCC",03:00:00,31,2,6.45,False
"Anand Vihar, Delhi - DPCC/AQI Hourly/aqi_hourly_station_level_anand_vihar,_delhi_-_dpcc_2025_March_delhi_2025.xlsx",Sheet1,"Anand Vihar, Delhi - DPCC",04:00:00,31,2,6.45,False
"Anand Vihar, Delhi - DPCC/AQI Hourly/aqi_hourly_station_level_anand_vihar,_delhi_-_dpcc_2025_March_delhi_2025.xlsx",Sheet1,"Anand Vihar, Delhi - DPCC",05:00:00,31,2,6.45,False
"Anand Vihar, Delhi - DPCC/AQI Hourly/aqi_hourly_station_level_anand_vihar,_delhi_-_dpcc_2025_March_delhi_2025.xlsx",Sheet1,"Anand Vihar, Delhi - DPCC",06:00:00,31,1,3.23,False
"Anand Vihar, Delhi - DPCC/AQI Hourly/aqi_hourly_station_level_anand_vihar,_delhi_-_dpcc_2025_March_delhi_2025.xlsx",Sheet1,"Anand Vihar, Delhi - DPCC",07:00:00,31,1,3.23,False
"Anand Vihar, Delhi - DPCC/AQI Hourly/aqi_hourly_station_level_anand_vihar,_delhi_-_dpcc_2025_March_delhi_2025.xlsx",Sheet1,"Anand Vihar, Delhi - DPCC",08:00:00,31,1,3.23,False
"Anand Vihar, Delhi - DPCC/AQI Hourly/aqi_hourly_station_level_anand_vihar,_delhi_-_dpcc_2025_March_delhi_2025.xlsx",Sheet1,"Anand Vihar, Delhi - DPCC",09:00:00,31,1,3.23,False
"Anand Vihar, Delhi - DPCC/AQI Hourly/aqi_hourly_station_level_anand_vihar,_delhi_-_dpcc_2025_March_delhi_2025.xlsx",Sheet1,"Anand Vihar, Delhi - DPCC",10:00:00,31,1,3.23,False
"Anand Vihar, Delhi - DPCC/AQI Hourly/aqi_hourly_station_level_anand_vihar,_delhi_-_dpcc_2025_March_delhi_2025.xlsx",Sheet1,"Anand Vihar, Delhi - DPCC",11:00:00,31,2,6.45,False
"Anand Vihar, Delhi - DPCC/AQI Hourly/aqi_hourly_station_level_anand_vihar,_delhi_-_dpcc_2025_March_delhi_2025.xlsx",Sheet1,"Anand Vihar, Delhi - DPCC",12:00:00,31,1,3.23,False
"Anand Vihar, Delhi - DPCC/AQI Hourly/aqi_hourly_station_level_anand_vihar,_delhi_-_dpcc_2025_March_delhi_2025.xlsx",Sheet1,"Anand Vihar, Delhi - DPCC",13:00:00,31,0,0.0,False
"Anand Vihar, Delhi - DPCC/AQI Hourly/aqi_hourly_station_level_anand_vihar,_delhi_-_dpcc_2025_March_delhi_2025.xlsx",Sheet1,"Anand Vihar, Delhi - DPCC",14:00:00,31,0,0.0,False
"Anand Vihar, Delhi - DPCC/AQI Hourly/aqi_hourly_station_level_anand_vihar,_delhi_-_dpcc_2025_March_delhi_2025.xlsx",Sheet1,"Anand Vihar, Delhi - DPCC",15:00:00,31,1,3.23,False
"Anand Vihar, Delhi - DPCC/AQI Hourly/aqi_hourly_station_level_anand_vihar,_delhi_-_dpcc_2025_March_delhi_2025.xlsx",Sheet1,"Anand Vihar, Delhi - DPCC",16:00:00,31,0,0.0,False
"Anand Vihar, Delhi - DPCC/AQI Hourly/aqi_hourly_station_level_anand_vihar,_delhi_-_dpcc_2025_March_delhi_2025.xlsx",Sheet1,"Anand Vihar, Delhi - DPCC",17:00:00,31,0,0.0,False
"Anand Vihar, Delhi - DPCC/AQI Hourly/aqi_hourly_station_level_anand_vihar,_delhi_-_dpcc_2025_March_delhi_2025.xlsx",Sheet1,"Anand Vihar, Delhi - DPCC",18:00:00,31,0,0.0,False
"Anand Vihar, Delhi - DPCC/AQI Hourly/aqi_hourly_station_level_anand_vihar,_delhi_-_dpcc_2025_March_delhi_2025.xlsx",Sheet1,"Anand Vihar, Delhi - DPCC",19:00:00,31,0,0.0,False
"Anand Vihar, Delhi - DPCC/AQI Hourly/aqi_hourly_station_level_anand_vihar,_delhi_-_dpcc_2025_March_delhi_2025.xlsx",Sheet1,"Anand Vihar, Delhi - DPCC",20:00:00,31,0,0.0,False
"Anand Vihar, Delhi - DPCC/AQI Hourly/aqi_hourly_station_level_anand_vihar,_delhi_-_dpcc_2025_March_delhi_2025.xlsx",Sheet1,"Anand Vihar, Delhi - DPCC",21:00:00,31,0,0.0,False
"Anand Vihar, Delhi - DPCC/AQI Hourly/aqi_hourly_station_level_anand_vihar,_delhi_-_dpcc_2025_March_delhi_2025.xlsx",Sheet1,"Anand Vihar, Delhi - DPCC",22:00:00,31,1,3.23,False
"Anand Vihar, Delhi - DPCC/AQI Hourly/aqi_hourly_station_level_anand_vihar,_delhi_-_dpcc_2025_March_delhi_2025.xlsx",Sheet1,"Anand Vihar, Delhi - DPCC",23:00:00,31,1,3.23,False
"Anand Vihar, Delhi - DPCC/AQI Hourly/aqi_hourly_station_level_anand_vihar,_delhi_-_dpcc_2025_May_delhi_2025.xlsx",Sheet1,"Anand Vihar, Delhi - DPCC",Date,31,0,0.0,False
"Anand Vihar, Delhi - DPCC/AQI Hourly/aqi_hourly_station_level_anand_vihar,_delhi_-_dpcc_2025_May_delhi_2025.xlsx",Sheet1,"Anand Vihar, Delhi - DPCC",00:00:00,31,1,3.23,False
"Anand Vihar, Delhi - DPCC/AQI Hourly/aqi_hourly_station_level_anand_vihar,_delhi_-_dpcc_2025_May_delhi_2025.xlsx",Sheet1,"Anand Vihar, Delhi - DPCC",01:00:00,31,2,6.45,False
"Anand Vihar, Delhi - DPCC/AQI Hourly/aqi_hourly_station_level_anand_vihar,_delhi_-_dpcc_2025_May_delhi_2025.xlsx",Sheet1,"Anand Vihar, Delhi - DPCC",02:00:00,31,0,0.0,False
"Anand Vihar, Delhi - DPCC/AQI Hourly/aqi_hourly_station_level_anand_vihar,_delhi_-_dpcc_2025_May_delhi_2025.xlsx",Sheet1,"Anand Vihar, Delhi - DPCC",03:00:00,31,1,3.23,False
"Anand Vihar, Delhi - DPCC/AQI Hourly/aqi_hourly_station_level_anand_vihar,_delhi_-_dpcc_2025_May_delhi_2025.xlsx",Sheet1,"Anand Vihar, Delhi - DPCC",04:00:00,31,0,0.0,False
"Anand Vihar, Delhi - DPCC/AQI Hourly/aqi_hourly_station_level_anand_vihar,_delhi_-_dpcc_2025_May_delhi_2025.xlsx",Sheet1,"Anand Vihar, Delhi - DPCC",05:00:00,31,0,0.0,False
"Anand Vihar, Delhi - DPCC/AQI Hourly/aqi_hourly_station_level_anand_vihar,_delhi_-_dpcc_2025_May_delhi_2025.xlsx",Sheet1,"Anand Vihar, Delhi - DPCC",06:00:00,31,0,0.0,False
"Anand Vihar, Delhi - DPCC/AQI Hourly/aqi_hourly_station_level_anand_vihar,_delhi_-_dpcc_2025_May_delhi_2025.xlsx",Sheet1,"Anand Vihar, Delhi - DPCC",07:00:00,31,0,0.0,False
"Anand Vihar, Delhi - DPCC/AQI Hourly/aqi_hourly_station_level_anand_vihar,_delhi_-_dpcc_2025_May_delhi_2025.xlsx",Sheet1,"Anand Vihar, Delhi - DPCC",08:00:00,31,0,0.0,False
"Anand Vihar, Delhi - DPCC/AQI Hourly/aqi_hourly_station_level_anand_vihar,_delhi_-_dpcc_2025_May_delhi_2025.xlsx",Sheet1,"Anand Vihar, Delhi - DPCC",09:00:00,31,0,0.0,False
"Anand Vihar, Delhi - DPCC/AQI Hourly/aqi_hourly_station_level_anand_vihar,_delhi_-_dpcc_2025_May_delhi_2025.xlsx",Sheet1,"Anand Vihar, Delhi - DPCC",10:00:00,31,1,3.23,False
"Anand Vihar, Delhi - DPCC/AQI Hourly/aqi_hourly_station_level_anand_vihar,_delhi_-_dpcc_2025_May_delhi_2025.xlsx",Sheet1,"Anand Vihar, Delhi - DPCC",11:00:00,31,0,0.0,False
"Anand Vihar, Delhi - DPCC/AQI Hourly/aqi_hourly_station_level_anand_vihar,_delhi_-_dpcc_2025_May_delhi_2025.xlsx",Sheet1,"Anand Vihar, Delhi - DPCC",12:00:00,31,0,0.0,False
"Anand Vihar, Delhi - DPCC/AQI Hourly/aqi_hourly_station_level_anand_vihar,_delhi_-_dpcc_2025_May_delhi_2025.xlsx",Sheet1,"Anand Vihar, Delhi - DPCC",13:00:00,31,0,0.0,False
"Anand Vihar, Delhi - DPCC/AQI Hourly/aqi_hourly_station_level_anand_vihar,_delhi_-_dpcc_2025_May_delhi_2025.xlsx",Sheet1,"Anand Vihar, Delhi - DPCC",14:00:00,31,0,0.0,False
"Anand Vihar, Delhi - DPCC/AQI Hourly/aqi_hourly_station_level_anand_vihar,_delhi_-_dpcc_2025_May_delhi_2025.xlsx",Sheet1,"Anand Vihar, Delhi - DPCC",15:00:00,31,0,0.0,False
"Anand Vihar, Delhi - DPCC/AQI Hourly/aqi_hourly_station_level_anand_vihar,_delhi_-_dpcc_2025_May_delhi_2025.xlsx",Sheet1,"Anand Vihar, Delhi - DPCC",16:00:00,31,0,0.0,False
"Anand Vihar, Delhi - DPCC/AQI Hourly/aqi_hourly_station_level_anand_vihar,_delhi_-_dpcc_2025_May_delhi_2025.xlsx",Sheet1,"Anand Vihar, Delhi - DPCC",17:00:00,31,0,0.0,False
"Anand Vihar, Delhi - DPCC/AQI Hourly/aqi_hourly_station_level_anand_vihar,_delhi_-_dpcc_2025_May_delhi_2025.xlsx",Sheet1,"Anand Vihar, Delhi - DPCC",18:00:00,31,1,3.23,False
"Anand Vihar, Delhi - DPCC/AQI Hourly/aqi_hourly_station_level_anand_vihar,_delhi_-_dpcc_2025_May_delhi_2025.xlsx",Sheet1,"Anand Vihar, Delhi - DPCC",19:00:00,31,0,0.0,False
"Anand Vihar, Delhi - DPCC/AQI Hourly/aqi_hourly_station_level_anand_vihar,_delhi_-_dpcc_2025_May_delhi_2025.xlsx",Sheet1,"Anand Vihar, Delhi - DPCC",20:00:00,31,0,0.0,False
"Anand Vihar, Delhi - DPCC/AQI Hourly/aqi_hourly_station_level_anand_vihar,_delhi_-_dpcc_2025_May_delhi_2025.xlsx",Sheet1,"Anand Vihar, Delhi - DPCC",21:00:00,31,1,3.23,False
"Anand Vihar, Delhi - DPCC/AQI Hourly/aqi_hourly_station_level_anand_vihar,_delhi_-_dpcc_2025_May_delhi_2025.xlsx",Sheet1,"Anand Vihar, Delhi - DPCC",22:00:00,31,1,3.23,False
"Anand Vihar, Delhi - DPCC/AQI Hourly/aqi_hourly_station_level_anand_vihar,_delhi_-_dpcc_2025_May_delhi_2025.xlsx",Sheet1,"Anand Vihar, Delhi - DPCC",23:00:00,31,1,3.23,False
"Anand Vihar, Delhi - DPCC/AQI Hourly/aqi_hourly_station_level_anand_vihar,_delhi_-_dpcc_2025_November_delhi_2025.xlsx",Sheet1,"Anand Vihar, Delhi - DPCC",Date,30,0,0.0,False
"Anand Vihar, Delhi - DPCC/AQI Hourly/aqi_hourly_station_level_anand_vihar,_delhi_-_dpcc_2025_November_delhi_2025.xlsx",Sheet1,"Anand Vihar, Delhi - DPCC",00:00:00,30,3,10.0,False
"Anand Vihar, Delhi - DPCC/AQI Hourly/aqi_hourly_station_level_anand_vihar,_delhi_-_dpcc_2025_November_delhi_2025.xlsx",Sheet1,"Anand Vihar, Delhi - DPCC",01:00:00,30,2,6.67,False
"Anand Vihar, Delhi - DPCC/AQI Hourly/aqi_hourly_station_level_anand_vihar,_delhi_-_dpcc_2025_November_delhi_2025.xlsx",Sheet1,"Anand Vihar, Delhi - DPCC",02:00:00,30,2,6.67,False
"Anand Vihar, Delhi - DPCC/AQI Hourly/aqi_hourly_station_level_anand_vihar,_delhi_-_dpcc_2025_November_delhi_2025.xlsx",Sheet1,"Anand Vihar, Delhi - DPCC",03:00:00,30,2,6.67,False
"Anand Vihar, Delhi - DPCC/AQI Hourly/aqi_hourly_station_level_anand_vihar,_delhi_-_dpcc_2025_November_delhi_2025.xlsx",Sheet1,"Anand Vihar, Delhi - DPCC",04:00:00,30,2,6.67,False
"Anand Vihar, Delhi - DPCC/AQI Hourly/aqi_hourly_station_level_anand_vihar,_delhi_-_dpcc_2025_November_delhi_2025.xlsx",Sheet1,"Anand Vihar, Delhi - DPCC",05:00:00,30,2,6.67,False
"Anand Vihar, Delhi - DPCC/AQI Hourly/aqi_hourly_station_level_anand_vihar,_delhi_-_dpcc_2025_November_delhi_2025.xlsx",Sheet1,"Anand Vihar, Delhi - DPCC",06:00:00,30,2,6.67,False
"Anand Vihar, Delhi - DPCC/AQI Hourly/aqi_hourly_station_level_anand_vihar,_delhi_-_dpcc_2025_November_delhi_2025.xlsx",Sheet1,"Anand Vihar, Delhi - DPCC",07:00:00,30,1,3.33,False
"Anand Vihar, Delhi - DPCC/AQI Hourly/aqi_hourly_station_level_anand_vihar,_delhi_-_dpcc_2025_November_delhi_2025.xlsx",Sheet1,"Anand Vihar, Delhi - DPCC",08:00:00,30,1,3.33,False
"Anand Vihar, Delhi - DPCC/AQI Hourly/aqi_hourly_station_level_anand_vihar,_delhi_-_dpcc_2025_November_delhi_2025.xlsx",Sheet1,"Anand Vihar, Delhi - DPCC",09:00:00,30,1,3.33,False
"Anand Vihar, Delhi - DPCC/AQI Hourly/aqi_hourly_station_level_anand_vihar,_delhi_-_dpcc_2025_November_delhi_2025.xlsx",Sheet1,"Anand Vihar, Delhi - DPCC",10:00:00,30,2,6.67,False
"Anand Vihar, Delhi - DPCC/AQI Hourly/aqi_hourly_station_level_anand_vihar,_delhi_-_dpcc_2025_November_delhi_2025.xlsx",Sheet1,"Anand Vihar, Delhi - DPCC",11:00:00,30,2,6.67,False
"Anand Vihar, Delhi - DPCC/AQI Hourly/aqi_hourly_station_level_anand_vihar,_delhi_-_dpcc_2025_November_delhi_2025.xlsx",Sheet1,"Anand Vihar, Delhi - DPCC",12:00:00,30,2,6.67,False
"Anand Vihar, Delhi - DPCC/AQI Hourly/aqi_hourly_station_level_anand_vihar,_delhi_-_dpcc_2025_November_delhi_2025.xlsx",Sheet1,"Anand Vihar, Delhi - DPCC",13:00:00,30,2,6.67,False
"Anand Vihar, Delhi - DPCC/AQI Hourly/aqi_hourly_station_level_anand_vihar,_delhi_-_dpcc_2025_November_delhi_2025.xlsx",Sheet1,"Anand Vihar, Delhi - DPCC",14:00:00,30,2,6.67,False
"Anand Vihar, Delhi - DPCC/AQI Hourly/aqi_hourly_station_level_anand_vihar,_delhi_-_dpcc_2025_November_delhi_2025.xlsx",Sheet1,"Anand Vihar, Delhi - DPCC",15:00:00,30,2,6.67,False
"Anand Vihar, Delhi - DPCC/AQI Hourly/aqi_hourly_station_level_anand_vihar,_delhi_-_dpcc_2025_November_delhi_2025.xlsx",Sheet1,"Anand Vihar, Delhi - DPCC",16:00:00,30,2,6.67,False
"Anand Vihar, Delhi - DPCC/AQI Hourly/aqi_hourly_station_level_anand_vihar,_delhi_-_dpcc_2025_November_delhi_2025.xlsx",Sheet1,"Anand Vihar, Delhi - DPCC",17:00:00,30,2,6.67,False
"Anand Vihar, Delhi - DPCC/AQI Hourly/aqi_hourly_station_level_anand_vihar,_delhi_-_dpcc_2025_November_delhi_2025.xlsx",Sheet1,"Anand Vihar, Delhi - DPCC",18:00:00,30,2,6.67,False
"Anand Vihar, Delhi - DPCC/AQI Hourly/aqi_hourly_station_level_anand_vihar,_delhi_-_dpcc_2025_November_delhi_2025.xlsx",Sheet1,"Anand Vihar, Delhi - DPCC",19:00:00,30,2,6.67,False
"Anand Vihar, Delhi - DPCC/AQI Hourly/aqi_hourly_station_level_anand_vihar,_delhi_-_dpcc_2025_November_delhi_2025.xlsx",Sheet1,"Anand Vihar, Delhi - DPCC",20:00:00,30,2,6.67,False
"Anand Vihar, Delhi - DPCC/AQI Hourly/aqi_hourly_station_level_anand_vihar,_delhi_-_dpcc_2025_November_delhi_2025.xlsx",Sheet1,"Anand Vihar, Delhi - DPCC",21:00:00,30,2,6.67,False
"Anand Vihar, Delhi - DPCC/AQI Hourly/aqi_hourly_station_level_anand_vihar,_delhi_-_dpcc_2025_November_delhi_2025.xlsx",Sheet1,"Anand Vihar, Delhi - DPCC",22:00:00,30,2,6.67,False
"Anand Vihar, Delhi - DPCC/AQI Hourly/aqi_hourly_station_level_anand_vihar,_delhi_-_dpcc_2025_November_delhi_2025.xlsx",Sheet1,"Anand Vihar, Delhi - DPCC",23:00:00,30,2,6.67,False
"Anand Vihar, Delhi - DPCC/AQI Hourly/aqi_hourly_station_level_anand_vihar,_delhi_-_dpcc_2025_October_delhi_2025.xlsx",Sheet1,"Anand Vihar, Delhi - DPCC",Date,31,0,0.0,False
"Anand Vihar, Delhi - DPCC/AQI Hourly/aqi_hourly_station_level_anand_vihar,_delhi_-_dpcc_2025_October_delhi_2025.xlsx",Sheet1,"Anand Vihar, Delhi - DPCC",00:00:00,31,1,3.23,False
"Anand Vihar, Delhi - DPCC/AQI Hourly/aqi_hourly_station_level_anand_vihar,_delhi_-_dpcc_2025_October_delhi_2025.xlsx",Sheet1,"Anand Vihar, Delhi - DPCC",01:00:00,31,0,0.0,False
"Anand Vihar, Delhi - DPCC/AQI Hourly/aqi_hourly_station_level_anand_vihar,_delhi_-_dpcc_2025_October_delhi_2025.xlsx",Sheet1,"Anand Vihar, Delhi - DPCC",02:00:00,31,0,0.0,False
"Anand Vihar, Delhi - DPCC/AQI Hourly/aqi_hourly_station_level_anand_vihar,_delhi_-_dpcc_2025_October_delhi_2025.xlsx",Sheet1,"Anand Vihar, Delhi - DPCC",03:00:00,31,0,0.0,False
"Anand Vihar, Delhi - DPCC/AQI Hourly/aqi_hourly_station_level_anand_vihar,_delhi_-_dpcc_2025_October_delhi_2025.xlsx",Sheet1,"Anand Vihar, Delhi - DPCC",04:00:00,31,2,6.45,False
"Anand Vihar, Delhi - DPCC/AQI Hourly/aqi_hourly_station_level_anand_vihar,_delhi_-_dpcc_2025_October_delhi_2025.xlsx",Sheet1,"Anand Vihar, Delhi - DPCC",05:00:00,31,0,0.0,False
"Anand Vihar, Delhi - DPCC/AQI Hourly/aqi_hourly_station_level_anand_vihar,_delhi_-_dpcc_2025_October_delhi_2025.xlsx",Sheet1,"Anand Vihar, Delhi - DPCC",06:00:00,31,0,0.0,False
"Anand Vihar, Delhi - DPCC/AQI Hourly/aqi_hourly_station_level_anand_vihar,_delhi_-_dpcc_2025_October_delhi_2025.xlsx",Sheet1,"Anand Vihar, Delhi - DPCC",07:00:00,31,0,0.0,False
"Anand Vihar, Delhi - DPCC/AQI Hourly/aqi_hourly_station_level_anand_vihar,_delhi_-_dpcc_2025_October_delhi_2025.xlsx",Sheet1,"Anand Vihar, Delhi - DPCC",08:00:00,31,0,0.0,False
"Anand Vihar, Delhi - DPCC/AQI Hourly/aqi_hourly_station_level_anand_vihar,_delhi_-_dpcc_2025_October_delhi_2025.xlsx",Sheet1,"Anand Vihar, Delhi - DPCC",09:00:00,31,0,0.0,False
"Anand Vihar, Delhi - DPCC/AQI Hourly/aqi_hourly_station_level_anand_vihar,_delhi_-_dpcc_2025_October_delhi_2025.xlsx",Sheet1,"Anand Vihar, Delhi - DPCC",10:00:00,31,0,0.0,False
"Anand Vihar, Delhi - DPCC/AQI Hourly/aqi_hourly_station_level_anand_vihar,_delhi_-_dpcc_2025_October_delhi_2025.xlsx",Sheet1,"Anand Vihar, Delhi - DPCC",11:00:00,31,0,0.0,False
"Anand Vihar, Delhi - DPCC/AQI Hourly/aqi_hourly_station_level_anand_vihar,_delhi_-_dpcc_2025_October_delhi_2025.xlsx",Sheet1,"Anand Vihar, Delhi - DPCC",12:00:00,31,0,0.0,False
"Anand Vihar, Delhi - DPCC/AQI Hourly/aqi_hourly_station_level_anand_vihar,_delhi_-_dpcc_2025_October_delhi_2025.xlsx",Sheet1,"Anand Vihar, Delhi - DPCC",13:00:00,31,0,0.0,False
"Anand Vihar, Delhi - DPCC/AQI Hourly/aqi_hourly_station_level_anand_vihar,_delhi_-_dpcc_2025_October_delhi_2025.xlsx",Sheet1,"Anand Vihar, Delhi - DPCC",14:00:00,31,0,0.0,False
"Anand Vihar, Delhi - DPCC/AQI Hourly/aqi_hourly_station_level_anand_vihar,_delhi_-_dpcc_2025_October_delhi_2025.xlsx",Sheet1,"Anand Vihar, Delhi - DPCC",15:00:00,31,0,0.0,False
"Anand Vihar, Delhi - DPCC/AQI Hourly/aqi_hourly_station_level_anand_vihar,_delhi_-_dpcc_2025_October_delhi_2025.xlsx",Sheet1,"Anand Vihar, Delhi - DPCC",16:00:00,31,0,0.0,False
"Anand Vihar, Delhi - DPCC/AQI Hourly/aqi_hourly_station_level_anand_vihar,_delhi_-_dpcc_2025_October_delhi_2025.xlsx",Sheet1,"Anand Vihar, Delhi - DPCC",17:00:00,31,1,3.23,False
"Anand Vihar, Delhi - DPCC/AQI Hourly/aqi_hourly_station_level_anand_vihar,_delhi_-_dpcc_2025_October_delhi_2025.xlsx",Sheet1,"Anand Vihar, Delhi - DPCC",18:00:00,31,1,3.23,False
"Anand Vihar, Delhi - DPCC/AQI Hourly/aqi_hourly_station_level_anand_vihar,_delhi_-_dpcc_2025_October_delhi_2025.xlsx",Sheet1,"Anand Vihar, Delhi - DPCC",19:00:00,31,0,0.0,False
"Anand Vihar, Delhi - DPCC/AQI Hourly/aqi_hourly_station_level_anand_vihar,_delhi_-_dpcc_2025_October_delhi_2025.xlsx",Sheet1,"Anand Vihar, Delhi - DPCC",20:00:00,31,0,0.0,False
"Anand Vihar, Delhi - DPCC/AQI Hourly/aqi_hourly_station_level_anand_vihar,_delhi_-_dpcc_2025_October_delhi_2025.xlsx",Sheet1,"Anand Vihar, Delhi - DPCC",21:00:00,31,0,0.0,False
"Anand Vihar, Delhi - DPCC/AQI Hourly/aqi_hourly_station_level_anand_vihar,_delhi_-_dpcc_2025_October_delhi_2025.xlsx",Sheet1,"Anand Vihar, Delhi - DPCC",22:00:00,31,0,0.0,False
"Anand Vihar, Delhi - DPCC/AQI Hourly/aqi_hourly_station_level_anand_vihar,_delhi_-_dpcc_2025_October_delhi_2025.xlsx",Sheet1,"Anand Vihar, Delhi - DPCC",23:00:00,31,1,3.23,False
"Anand Vihar, Delhi - DPCC/AQI Hourly/aqi_hourly_station_level_anand_vihar,_delhi_-_dpcc_2025_September_delhi_2025.xlsx",Sheet1,"Anand Vihar, Delhi - DPCC",Date,30,0,0.0,False
"Anand Vihar, Delhi - DPCC/AQI Hourly/aqi_hourly_station_level_anand_vihar,_delhi_-_dpcc_2025_September_delhi_2025.xlsx",Sheet1,"Anand Vihar, Delhi - DPCC",00:00:00,30,0,0.0,False
"Anand Vihar, Delhi - DPCC/AQI Hourly/aqi_hourly_station_level_anand_vihar,_delhi_-_dpcc_2025_September_delhi_2025.xlsx",Sheet1,"Anand Vihar, Delhi - DPCC",01:00:00,30,0,0.0,False
"Anand Vihar, Delhi - DPCC/AQI Hourly/aqi_hourly_station_level_anand_vihar,_delhi_-_dpcc_2025_September_delhi_2025.xlsx",Sheet1,"Anand Vihar, Delhi - DPCC",02:00:00,30,1,3.33,False
"Anand Vihar, Delhi - DPCC/AQI Hourly/aqi_hourly_station_level_anand_vihar,_delhi_-_dpcc_2025_September_delhi_2025.xlsx",Sheet1,"Anand Vihar, Delhi - DPCC",03:00:00,30,1,3.33,False
"Anand Vihar, Delhi - DPCC/AQI Hourly/aqi_hourly_station_level_anand_vihar,_delhi_-_dpcc_2025_September_delhi_2025.xlsx",Sheet1,"Anand Vihar, Delhi - DPCC",04:00:00,30,0,0.0,False
"Anand Vihar, Delhi - DPCC/AQI Hourly/aqi_hourly_station_level_anand_vihar,_delhi_-_dpcc_2025_September_delhi_2025.xlsx",Sheet1,"Anand Vihar, Delhi - DPCC",05:00:00,30,0,0.0,False
"Anand Vihar, Delhi - DPCC/AQI Hourly/aqi_hourly_station_level_anand_vihar,_delhi_-_dpcc_2025_September_delhi_2025.xlsx",Sheet1,"Anand Vihar, Delhi - DPCC",06:00:00,30,0,0.0,False
"Anand Vihar, Delhi - DPCC/AQI Hourly/aqi_hourly_station_level_anand_vihar,_delhi_-_dpcc_2025_September_delhi_2025.xlsx",Sheet1,"Anand Vihar, Delhi - DPCC",07:00:00,30,0,0.0,False
"Anand Vihar, Delhi - DPCC/AQI Hourly/aqi_hourly_station_level_anand_vihar,_delhi_-_dpcc_2025_September_delhi_2025.xlsx",Sheet1,"Anand Vihar, Delhi - DPCC",08:00:00,30,0,0.0,False
"Anand Vihar, Delhi - DPCC/AQI Hourly/aqi_hourly_station_level_anand_vihar,_delhi_-_dpcc_2025_September_delhi_2025.xlsx",Sheet1,"Anand Vihar, Delhi - DPCC",09:00:00,30,0,0.0,False
"Anand Vihar, Delhi - DPCC/AQI Hourly/aqi_hourly_station_level_anand_vihar,_delhi_-_dpcc_2025_September_delhi_2025.xlsx",Sheet1,"Anand Vihar, Delhi - DPCC",10:00:00,30,1,3.33,False
"Anand Vihar, Delhi - DPCC/AQI Hourly/aqi_hourly_station_level_anand_vihar,_delhi_-_dpcc_2025_September_delhi_2025.xlsx",Sheet1,"Anand Vihar, Delhi - DPCC",11:00:00,30,1,3.33,False
"Anand Vihar, Delhi - DPCC/AQI Hourly/aqi_hourly_station_level_anand_vihar,_delhi_-_dpcc_2025_September_delhi_2025.xlsx",Sheet1,"Anand Vihar, Delhi - DPCC",12:00:00,30,1,3.33,False
"Anand Vihar, Delhi - DPCC/AQI Hourly/aqi_hourly_station_level_anand_vihar,_delhi_-_dpcc_2025_September_delhi_2025.xlsx",Sheet1,"Anand Vihar, Delhi - DPCC",13:00:00,30,0,0.0,False
"Anand Vihar, Delhi - DPCC/AQI Hourly/aqi_hourly_station_level_anand_vihar,_delhi_-_dpcc_2025_September_delhi_2025.xlsx",Sheet1,"Anand Vihar, Delhi - DPCC",14:00:00,30,0,0.0,False
"Anand Vihar, Delhi - DPCC/AQI Hourly/aqi_hourly_station_level_anand_vihar,_delhi_-_dpcc_2025_September_delhi_2025.xlsx",Sheet1,"Anand Vihar, Delhi - DPCC",15:00:00,30,0,0.0,False
"Anand Vihar, Delhi - DPCC/AQI Hourly/aqi_hourly_station_level_anand_vihar,_delhi_-_dpcc_2025_September_delhi_2025.xlsx",Sheet1,"Anand Vihar, Delhi - DPCC",16:00:00,30,0,0.0,False
"Anand Vihar, Delhi - DPCC/AQI Hourly/aqi_hourly_station_level_anand_vihar,_delhi_-_dpcc_2025_September_delhi_2025.xlsx",Sheet1,"Anand Vihar, Delhi - DPCC",17:00:00,30,0,0.0,False
"Anand Vihar, Delhi - DPCC/AQI Hourly/aqi_hourly_station_level_anand_vihar,_delhi_-_dpcc_2025_September_delhi_2025.xlsx",Sheet1,"Anand Vihar, Delhi - DPCC",18:00:00,30,1,3.33,False
"Anand Vihar, Delhi - DPCC/AQI Hourly/aqi_hourly_station_level_anand_vihar,_delhi_-_dpcc_2025_September_delhi_2025.xlsx",Sheet1,"Anand Vihar, Delhi - DPCC",19:00:00,30,0,0.0,False
"Anand Vihar, Delhi - DPCC/AQI Hourly/aqi_hourly_station_level_anand_vihar,_delhi_-_dpcc_2025_September_delhi_2025.xlsx",Sheet1,"Anand Vihar, Delhi - DPCC",20:00:00,30,0,0.0,False
"Anand Vihar, Delhi - DPCC/AQI Hourly/aqi_hourly_station_level_anand_vihar,_delhi_-_dpcc_2025_September_delhi_2025.xlsx",Sheet1,"Anand Vihar, Delhi - DPCC",21:00:00,30,0,0.0,False
"Anand Vihar, Delhi - DPCC/AQI Hourly/aqi_hourly_station_level_anand_vihar,_delhi_-_dpcc_2025_September_delhi_2025.xlsx",Sheet1,"Anand Vihar, Delhi - DPCC",22:00:00,30,0,0.0,False
"Anand Vihar, Delhi - DPCC/AQI Hourly/aqi_hourly_station_level_anand_vihar,_delhi_-_dpcc_2025_September_delhi_2025.xlsx",Sheet1,"Anand Vihar, Delhi - DPCC",23:00:00,30,1,3.33,False
"Anand Vihar, Delhi - DPCC/Raw Data/2024_raw_data_hourly_anand_vihar,_delhi_-_dpcc_1H.csv",sheet1,"Anand Vihar, Delhi - DPCC",Timestamp,8784,0,0.0,False
"Anand Vihar, Delhi - DPCC/Raw Data/2024_raw_data_hourly_anand_vihar,_delhi_-_dpcc_1H.csv",sheet1,"Anand Vihar, Delhi - DPCC",PM2.5 (µg/m³),8784,1534,17.46,False
"Anand Vihar, Delhi - DPCC/Raw Data/2024_raw_data_hourly_anand_vihar,_delhi_-_dpcc_1H.csv",sheet1,"Anand Vihar, Delhi - DPCC",PM10 (µg/m³),8784,1510,17.19,False
"Anand Vihar, Delhi - DPCC/Raw Data/2024_raw_data_hourly_anand_vihar,_delhi_-_dpcc_1H.csv",sheet1,"Anand Vihar, Delhi - DPCC",NO (µg/m³),8784,1235,14.06,False
"Anand Vihar, Delhi - DPCC/Raw Data/2024_raw_data_hourly_anand_vihar,_delhi_-_dpcc_1H.csv",sheet1,"Anand Vihar, Delhi - DPCC",NO2 (µg/m³),8784,1223,13.92,False
"Anand Vihar, Delhi - DPCC/Raw Data/2024_raw_data_hourly_anand_vihar,_delhi_-_dpcc_1H.csv",sheet1,"Anand Vihar, Delhi - DPCC",NOx (ppb),8784,1218,13.87,False
"Anand Vihar, Delhi - DPCC/Raw Data/2024_raw_data_hourly_anand_vihar,_delhi_-_dpcc_1H.csv",sheet1,"Anand Vihar, Delhi - DPCC",NH3 (µg/m³),8784,1199,13.65,False
"Anand Vihar, Delhi - DPCC/Raw Data/2024_raw_data_hourly_anand_vihar,_delhi_-_dpcc_1H.csv",sheet1,"Anand Vihar, Delhi - DPCC",SO2 (µg/m³),8784,1762,20.06,False
"Anand Vihar, Delhi - DPCC/Raw Data/2024_raw_data_hourly_anand_vihar,_delhi_-_dpcc_1H.csv",sheet1,"Anand Vihar, Delhi - DPCC",CO (mg/m³),8784,1318,15.0,False
"Anand Vihar, Delhi - DPCC/Raw Data/2024_raw_data_hourly_anand_vihar,_delhi_-_dpcc_1H.csv",sheet1,"Anand Vihar, Delhi - DPCC",Ozone (µg/m³),8784,1553,17.68,False
"Anand Vihar, Delhi - DPCC/Raw Data/2024_raw_data_hourly_anand_vihar,_delhi_-_dpcc_1H.csv",sheet1,"Anand Vihar, Delhi - DPCC",Benzene (µg/m³),8784,1463,16.66,False
"Anand Vihar, Delhi - DPCC/Raw Data/2024_raw_data_hourly_anand_vihar,_delhi_-_dpcc_1H.csv",sheet1,"Anand Vihar, Delhi - DPCC",Toluene (µg/m³),8784,1533,17.45,False
"Anand Vihar, Delhi - DPCC/Raw Data/2024_raw_data_hourly_anand_vihar,_delhi_-_dpcc_1H.csv",sheet1,"Anand Vihar, Delhi - DPCC",Xylene (µg/m³),8784,8784,100.0,True
"Anand Vihar, Delhi - DPCC/Raw Data/2024_raw_data_hourly_anand_vihar,_delhi_-_dpcc_1H.csv",sheet1,"Anand Vihar, Delhi - DPCC",O Xylene (µg/m³),8784,8784,100.0,True
"Anand Vihar, Delhi - DPCC/Raw Data/2024_raw_data_hourly_anand_vihar,_delhi_-_dpcc_1H.csv",sheet1,"Anand Vihar, Delhi - DPCC",Eth-Benzene (µg/m³),8784,8784,100.0,True
"Anand Vihar, Delhi - DPCC/Raw Data/2024_raw_data_hourly_anand_vihar,_delhi_-_dpcc_1H.csv",sheet1,"Anand Vihar, Delhi - DPCC",MP-Xylene (µg/m³),8784,8784,100.0,True
"Anand Vihar, Delhi - DPCC/Raw Data/2024_raw_data_hourly_anand_vihar,_delhi_-_dpcc_1H.csv",sheet1,"Anand Vihar, Delhi - DPCC",AT (°C),8784,1168,13.3,False
"Anand Vihar, Delhi - DPCC/Raw Data/2024_raw_data_hourly_anand_vihar,_delhi_-_dpcc_1H.csv",sheet1,"Anand Vihar, Delhi - DPCC",RH (%),8784,1168,13.3,False
"Anand Vihar, Delhi - DPCC/Raw Data/2024_raw_data_hourly_anand_vihar,_delhi_-_dpcc_1H.csv",sheet1,"Anand Vihar, Delhi - DPCC",WS (m/s),8784,1328,15.12,False
"Anand Vihar, Delhi - DPCC/Raw Data/2024_raw_data_hourly_anand_vihar,_delhi_-_dpcc_1H.csv",sheet1,"Anand Vihar, Delhi - DPCC",WD (deg),8784,1168,13.3,False
"Anand Vihar, Delhi - DPCC/Raw Data/2024_raw_data_hourly_anand_vihar,_delhi_-_dpcc_1H.csv",sheet1,"Anand Vihar, Delhi - DPCC",RF (mm),8784,8784,100.0,True
"Anand Vihar, Delhi - DPCC/Raw Data/2024_raw_data_hourly_anand_vihar,_delhi_-_dpcc_1H.csv",sheet1,"Anand Vihar, Delhi - DPCC",TOT-RF (mm),8784,0,0.0,False
"Anand Vihar, Delhi - DPCC/Raw Data/2024_raw_data_hourly_anand_vihar,_delhi_-_dpcc_1H.csv",sheet1,"Anand Vihar, Delhi - DPCC",SR (W/mt2),8784,1171,13.33,False
"Anand Vihar, Delhi - DPCC/Raw Data/2024_raw_data_hourly_anand_vihar,_delhi_-_dpcc_1H.csv",sheet1,"Anand Vihar, Delhi - DPCC",BP (mmHg),8784,1171,13.33,False
"Anand Vihar, Delhi - DPCC/Raw Data/2024_raw_data_hourly_anand_vihar,_delhi_-_dpcc_1H.csv",sheet1,"Anand Vihar, Delhi - DPCC",VWS (m/s),8784,8784,100.0,True
"Anand Vihar, Delhi - DPCC/Raw Data/2025_raw_data_hourly_anand_vihar,_delhi_-_dpcc_1H.csv",sheet1,"Anand Vihar, Delhi - DPCC",Timestamp,8760,0,0.0,False
"Anand Vihar, Delhi - DPCC/Raw Data/2025_raw_data_hourly_anand_vihar,_delhi_-_dpcc_1H.csv",sheet1,"Anand Vihar, Delhi - DPCC",PM2.5 (µg/m³),8760,616,7.03,False
"Anand Vihar, Delhi - DPCC/Raw Data/2025_raw_data_hourly_anand_vihar,_delhi_-_dpcc_1H.csv",sheet1,"Anand Vihar, Delhi - DPCC",PM10 (µg/m³),8760,608,6.94,False
"Anand Vihar, Delhi - DPCC/Raw Data/2025_raw_data_hourly_anand_vihar,_delhi_-_dpcc_1H.csv",sheet1,"Anand Vihar, Delhi - DPCC",NO (µg/m³),8760,581,6.63,False
"Anand Vihar, Delhi - DPCC/Raw Data/2025_raw_data_hourly_anand_vihar,_delhi_-_dpcc_1H.csv",sheet1,"Anand Vihar, Delhi - DPCC",NO2 (µg/m³),8760,471,5.38,False
"Anand Vihar, Delhi - DPCC/Raw Data/2025_raw_data_hourly_anand_vihar,_delhi_-_dpcc_1H.csv",sheet1,"Anand Vihar, Delhi - DPCC",NOx (ppb),8760,488,5.57,False
"Anand Vihar, Delhi - DPCC/Raw Data/2025_raw_data_hourly_anand_vihar,_delhi_-_dpcc_1H.csv",sheet1,"Anand Vihar, Delhi - DPCC",NH3 (µg/m³),8760,448,5.11,False
"Anand Vihar, Delhi - DPCC/Raw Data/2025_raw_data_hourly_anand_vihar,_delhi_-_dpcc_1H.csv",sheet1,"Anand Vihar, Delhi - DPCC",SO2 (µg/m³),8760,1066,12.17,False
"Anand Vihar, Delhi - DPCC/Raw Data/2025_raw_data_hourly_anand_vihar,_delhi_-_dpcc_1H.csv",sheet1,"Anand Vihar, Delhi - DPCC",CO (mg/m³),8760,466,5.32,False
"Anand Vihar, Delhi - DPCC/Raw Data/2025_raw_data_hourly_anand_vihar,_delhi_-_dpcc_1H.csv",sheet1,"Anand Vihar, Delhi - DPCC",Ozone (µg/m³),8760,675,7.71,False
"Anand Vihar, Delhi - DPCC/Raw Data/2025_raw_data_hourly_anand_vihar,_delhi_-_dpcc_1H.csv",sheet1,"Anand Vihar, Delhi - DPCC",Benzene (µg/m³),8760,622,7.1,False
"Anand Vihar, Delhi - DPCC/Raw Data/2025_raw_data_hourly_anand_vihar,_delhi_-_dpcc_1H.csv",sheet1,"Anand Vihar, Delhi - DPCC",Toluene (µg/m³),8760,622,7.1,False
"Anand Vihar, Delhi - DPCC/Raw Data/2025_raw_data_hourly_anand_vihar,_delhi_-_dpcc_1H.csv",sheet1,"Anand Vihar, Delhi - DPCC",Xylene (µg/m³),8760,8760,100.0,True
"Anand Vihar, Delhi - DPCC/Raw Data/2025_raw_data_hourly_anand_vihar,_delhi_-_dpcc_1H.csv",sheet1,"Anand Vihar, Delhi - DPCC",O Xylene (µg/m³),8760,8760,100.0,True
"Anand Vihar, Delhi - DPCC/Raw Data/2025_raw_data_hourly_anand_vihar,_delhi_-_dpcc_1H.csv",sheet1,"Anand Vihar, Delhi - DPCC",Eth-Benzene (µg/m³),8760,8760,100.0,True
"Anand Vihar, Delhi - DPCC/Raw Data/2025_raw_data_hourly_anand_vihar,_delhi_-_dpcc_1H.csv",sheet1,"Anand Vihar, Delhi - DPCC",MP-Xylene (µg/m³),8760,8760,100.0,True
"Anand Vihar, Delhi - DPCC/Raw Data/2025_raw_data_hourly_anand_vihar,_delhi_-_dpcc_1H.csv",sheet1,"Anand Vihar, Delhi - DPCC",AT (°C),8760,394,4.5,False
"Anand Vihar, Delhi - DPCC/Raw Data/2025_raw_data_hourly_anand_vihar,_delhi_-_dpcc_1H.csv",sheet1,"Anand Vihar, Delhi - DPCC",RH (%),8760,400,4.57,False
"Anand Vihar, Delhi - DPCC/Raw Data/2025_raw_data_hourly_anand_vihar,_delhi_-_dpcc_1H.csv",sheet1,"Anand Vihar, Delhi - DPCC",WS (m/s),8760,410,4.68,False
"Anand Vihar, Delhi - DPCC/Raw Data/2025_raw_data_hourly_anand_vihar,_delhi_-_dpcc_1H.csv",sheet1,"Anand Vihar, Delhi - DPCC",WD (deg),8760,458,5.23,False
"Anand Vihar, Delhi - DPCC/Raw Data/2025_raw_data_hourly_anand_vihar,_delhi_-_dpcc_1H.csv",sheet1,"Anand Vihar, Delhi - DPCC",RF (mm),8760,8760,100.0,True
"Anand Vihar, Delhi - DPCC/Raw Data/2025_raw_data_hourly_anand_vihar,_delhi_-_dpcc_1H.csv",sheet1,"Anand Vihar, Delhi - DPCC",TOT-RF (mm),8760,0,0.0,False
"Anand Vihar, Delhi - DPCC/Raw Data/2025_raw_data_hourly_anand_vihar,_delhi_-_dpcc_1H.csv",sheet1,"Anand Vihar, Delhi - DPCC",SR (W/mt2),8760,400,4.57,False
"Anand Vihar, Delhi - DPCC/Raw Data/2025_raw_data_hourly_anand_vihar,_delhi_-_dpcc_1H.csv",sheet1,"Anand Vihar, Delhi - DPCC",BP (mmHg),8760,400,4.57,False
"Anand Vihar, Delhi - DPCC/Raw Data/2025_raw_data_hourly_anand_vihar,_delhi_-_dpcc_1H.csv",sheet1,"Anand Vihar, Delhi - DPCC",VWS (m/s),8760,8760,100.0,True
"Anand Vihar, Delhi - DPCC/Raw Data/2026_raw_data_hourly_anand_vihar,_delhi_-_dpcc_1H.csv",sheet1,"Anand Vihar, Delhi - DPCC",Timestamp,5088,0,0.0,False
"Anand Vihar, Delhi - DPCC/Raw Data/2026_raw_data_hourly_anand_vihar,_delhi_-_dpcc_1H.csv",sheet1,"Anand Vihar, Delhi - DPCC",PM2.5 (µg/m³),5088,301,5.92,False
"Anand Vihar, Delhi - DPCC/Raw Data/2026_raw_data_hourly_anand_vihar,_delhi_-_dpcc_1H.csv",sheet1,"Anand Vihar, Delhi - DPCC",PM10 (µg/m³),5088,335,6.58,False
"Anand Vihar, Delhi - DPCC/Raw Data/2026_raw_data_hourly_anand_vihar,_delhi_-_dpcc_1H.csv",sheet1,"Anand Vihar, Delhi - DPCC",NO (µg/m³),5088,296,5.82,False
"Anand Vihar, Delhi - DPCC/Raw Data/2026_raw_data_hourly_anand_vihar,_delhi_-_dpcc_1H.csv",sheet1,"Anand Vihar, Delhi - DPCC",NO2 (µg/m³),5088,254,4.99,False
"Anand Vihar, Delhi - DPCC/Raw Data/2026_raw_data_hourly_anand_vihar,_delhi_-_dpcc_1H.csv",sheet1,"Anand Vihar, Delhi - DPCC",NOx (ppb),5088,219,4.3,False
"Anand Vihar, Delhi - DPCC/Raw Data/2026_raw_data_hourly_anand_vihar,_delhi_-_dpcc_1H.csv",sheet1,"Anand Vihar, Delhi - DPCC",NH3 (µg/m³),5088,220,4.32,False
"Anand Vihar, Delhi - DPCC/Raw Data/2026_raw_data_hourly_anand_vihar,_delhi_-_dpcc_1H.csv",sheet1,"Anand Vihar, Delhi - DPCC",SO2 (µg/m³),5088,224,4.4,False
"Anand Vihar, Delhi - DPCC/Raw Data/2026_raw_data_hourly_anand_vihar,_delhi_-_dpcc_1H.csv",sheet1,"Anand Vihar, Delhi - DPCC",CO (mg/m³),5088,242,4.76,False
"Anand Vihar, Delhi - DPCC/Raw Data/2026_raw_data_hourly_anand_vihar,_delhi_-_dpcc_1H.csv",sheet1,"Anand Vihar, Delhi - DPCC",Ozone (µg/m³),5088,291,5.72,False
"Anand Vihar, Delhi - DPCC/Raw Data/2026_raw_data_hourly_anand_vihar,_delhi_-_dpcc_1H.csv",sheet1,"Anand Vihar, Delhi - DPCC",Benzene (µg/m³),5088,244,4.8,False
"Anand Vihar, Delhi - DPCC/Raw Data/2026_raw_data_hourly_anand_vihar,_delhi_-_dpcc_1H.csv",sheet1,"Anand Vihar, Delhi - DPCC",Toluene (µg/m³),5088,244,4.8,False
"Anand Vihar, Delhi - DPCC/Raw Data/2026_raw_data_hourly_anand_vihar,_delhi_-_dpcc_1H.csv",sheet1,"Anand Vihar, Delhi - DPCC",Xylene (µg/m³),5088,5088,100.0,True
"Anand Vihar, Delhi - DPCC/Raw Data/2026_raw_data_hourly_anand_vihar,_delhi_-_dpcc_1H.csv",sheet1,"Anand Vihar, Delhi - DPCC",O Xylene (µg/m³),5088,5088,100.0,True
"Anand Vihar, Delhi - DPCC/Raw Data/2026_raw_data_hourly_anand_vihar,_delhi_-_dpcc_1H.csv",sheet1,"Anand Vihar, Delhi - DPCC",Eth-Benzene (µg/m³),5088,5088,100.0,True
"Anand Vihar, Delhi - DPCC/Raw Data/2026_raw_data_hourly_anand_vihar,_delhi_-_dpcc_1H.csv",sheet1,"Anand Vihar, Delhi - DPCC",MP-Xylene (µg/m³),5088,780,15.33,False
"Anand Vihar, Delhi - DPCC/Raw Data/2026_raw_data_hourly_anand_vihar,_delhi_-_dpcc_1H.csv",sheet1,"Anand Vihar, Delhi - DPCC",AT (°C),5088,157,3.09,False
"Anand Vihar, Delhi - DPCC/Raw Data/2026_raw_data_hourly_anand_vihar,_delhi_-_dpcc_1H.csv",sheet1,"Anand Vihar, Delhi - DPCC",RH (%),5088,157,3.09,False
"Anand Vihar, Delhi - DPCC/Raw Data/2026_raw_data_hourly_anand_vihar,_delhi_-_dpcc_1H.csv",sheet1,"Anand Vihar, Delhi - DPCC",WS (m/s),5088,157,3.09,False
"Anand Vihar, Delhi - DPCC/Raw Data/2026_raw_data_hourly_anand_vihar,_delhi_-_dpcc_1H.csv",sheet1,"Anand Vihar, Delhi - DPCC",WD (deg),5088,172,3.38,False
"Anand Vihar, Delhi - DPCC/Raw Data/2026_raw_data_hourly_anand_vihar,_delhi_-_dpcc_1H.csv",sheet1,"Anand Vihar, Delhi - DPCC",RF (mm),5088,5088,100.0,True
"Anand Vihar, Delhi - DPCC/Raw Data/2026_raw_data_hourly_anand_vihar,_delhi_-_dpcc_1H.csv",sheet1,"Anand Vihar, Delhi - DPCC",TOT-RF (mm),5088,5088,100.0,True
"Anand Vihar, Delhi - DPCC/Raw Data/2026_raw_data_hourly_anand_vihar,_delhi_-_dpcc_1H.csv",sheet1,"Anand Vihar, Delhi - DPCC",SR (W/mt2),5088,163,3.2,False
"Anand Vihar, Delhi - DPCC/Raw Data/2026_raw_data_hourly_anand_vihar,_delhi_-_dpcc_1H.csv",sheet1,"Anand Vihar, Delhi - DPCC",BP (mmHg),5088,244,4.8,False
"Anand Vihar, Delhi - DPCC/Raw Data/2026_raw_data_hourly_anand_vihar,_delhi_-_dpcc_1H.csv",sheet1,"Anand Vihar, Delhi - DPCC",VWS (m/s),5088,674,13.25,False
"Bawana, Delhi - DPCC/AQI Hourly/aqi_hourly_station_level_bawana,_delhi_-_dpcc_2025_April_delhi_2025.xlsx",Sheet1,"Bawana, Delhi - DPCC",Date,30,0,0.0,False
"Bawana, Delhi - DPCC/AQI Hourly/aqi_hourly_station_level_bawana,_delhi_-_dpcc_2025_April_delhi_2025.xlsx",Sheet1,"Bawana, Delhi - DPCC",00:00:00,30,0,0.0,False
"Bawana, Delhi - DPCC/AQI Hourly/aqi_hourly_station_level_bawana,_delhi_-_dpcc_2025_April_delhi_2025.xlsx",Sheet1,"Bawana, Delhi - DPCC",01:00:00,30,0,0.0,False
"Bawana, Delhi - DPCC/AQI Hourly/aqi_hourly_station_level_bawana,_delhi_-_dpcc_2025_April_delhi_2025.xlsx",Sheet1,"Bawana, Delhi - DPCC",02:00:00,30,0,0.0,False
"Bawana, Delhi - DPCC/AQI Hourly/aqi_hourly_station_level_bawana,_delhi_-_dpcc_2025_April_delhi_2025.xlsx",Sheet1,"Bawana, Delhi - DPCC",03:00:00,30,1,3.33,False
"Bawana, Delhi - DPCC/AQI Hourly/aqi_hourly_station_level_bawana,_delhi_-_dpcc_2025_April_delhi_2025.xlsx",Sheet1,"Bawana, Delhi - DPCC",04:00:00,30,2,6.67,False
"Bawana, Delhi - DPCC/AQI Hourly/aqi_hourly_station_level_bawana,_delhi_-_dpcc_2025_April_delhi_2025.xlsx",Sheet1,"Bawana, Delhi - DPCC",05:00:00,30,0,0.0,False
"Bawana, Delhi - DPCC/AQI Hourly/aqi_hourly_station_level_bawana,_delhi_-_dpcc_2025_April_delhi_2025.xlsx",Sheet1,"Bawana, Delhi - DPCC",06:00:00,30,0,0.0,False
"Bawana, Delhi - DPCC/AQI Hourly/aqi_hourly_station_level_bawana,_delhi_-_dpcc_2025_April_delhi_2025.xlsx",Sheet1,"Bawana, Delhi - DPCC",07:00:00,30,0,0.0,False
"Bawana, Delhi - DPCC/AQI Hourly/aqi_hourly_station_level_bawana,_delhi_-_dpcc_2025_April_delhi_2025.xlsx",Sheet1,"Bawana, Delhi - DPCC",08:00:00,30,0,0.0,False
"Bawana, Delhi - DPCC/AQI Hourly/aqi_hourly_station_level_bawana,_delhi_-_dpcc_2025_April_delhi_2025.xlsx",Sheet1,"Bawana, Delhi - DPCC",09:00:00,30,0,0.0,False
"Bawana, Delhi - DPCC/AQI Hourly/aqi_hourly_station_level_bawana,_delhi_-_dpcc_2025_April_delhi_2025.xlsx",Sheet1,"Bawana, Delhi - DPCC",10:00:00,30,0,0.0,False
"Bawana, Delhi - DPCC/AQI Hourly/aqi_hourly_station_level_bawana,_delhi_-_dpcc_2025_April_delhi_2025.xlsx",Sheet1,"Bawana, Delhi - DPCC",11:00:00,30,1,3.33,False
"Bawana, Delhi - DPCC/AQI Hourly/aqi_hourly_station_level_bawana,_delhi_-_dpcc_2025_April_delhi_2025.xlsx",Sheet1,"Bawana, Delhi - DPCC",12:00:00,30,0,0.0,False
"Bawana, Delhi - DPCC/AQI Hourly/aqi_hourly_station_level_bawana,_delhi_-_dpcc_2025_April_delhi_2025.xlsx",Sheet1,"Bawana, Delhi - DPCC",13:00:00,30,1,3.33,False
"Bawana, Delhi - DPCC/AQI Hourly/aqi_hourly_station_level_bawana,_delhi_-_dpcc_2025_April_delhi_2025.xlsx",Sheet1,"Bawana, Delhi - DPCC",14:00:00,30,0,0.0,False
"Bawana, Delhi - DPCC/AQI Hourly/aqi_hourly_station_level_bawana,_delhi_-_dpcc_2025_April_delhi_2025.xlsx",Sheet1,"Bawana, Delhi - DPCC",15:00:00,30,0,0.0,False
"Bawana, Delhi - DPCC/AQI Hourly/aqi_hourly_station_level_bawana,_delhi_-_dpcc_2025_April_delhi_2025.xlsx",Sheet1,"Bawana, Delhi - DPCC",16:00:00,30,0,0.0,False
"Bawana, Delhi - DPCC/AQI Hourly/aqi_hourly_station_level_bawana,_delhi_-_dpcc_2025_April_delhi_2025.xlsx",Sheet1,"Bawana, Delhi - DPCC",17:00:00,30,0,0.0,False
"Bawana, Delhi - DPCC/AQI Hourly/aqi_hourly_station_level_bawana,_delhi_-_dpcc_2025_April_delhi_2025.xlsx",Sheet1,"Bawana, Delhi - DPCC",18:00:00,30,1,3.33,False
"Bawana, Delhi - DPCC/AQI Hourly/aqi_hourly_station_level_bawana,_delhi_-_dpcc_2025_April_delhi_2025.xlsx",Sheet1,"Bawana, Delhi - DPCC",19:00:00,30,1,3.33,False
"Bawana, Delhi - DPCC/AQI Hourly/aqi_hourly_station_level_bawana,_delhi_-_dpcc_2025_April_delhi_2025.xlsx",Sheet1,"Bawana, Delhi - DPCC",20:00:00,30,0,0.0,False
"Bawana, Delhi - DPCC/AQI Hourly/aqi_hourly_station_level_bawana,_delhi_-_dpcc_2025_April_delhi_2025.xlsx",Sheet1,"Bawana, Delhi - DPCC",21:00:00,30,0,0.0,False
"Bawana, Delhi - DPCC/AQI Hourly/aqi_hourly_station_level_bawana,_delhi_-_dpcc_2025_April_delhi_2025.xlsx",Sheet1,"Bawana, Delhi - DPCC",22:00:00,30,1,3.33,False
"Bawana, Delhi - DPCC/AQI Hourly/aqi_hourly_station_level_bawana,_delhi_-_dpcc_2025_April_delhi_2025.xlsx",Sheet1,"Bawana, Delhi - DPCC",23:00:00,30,0,0.0,False
"Bawana, Delhi - DPCC/AQI Hourly/aqi_hourly_station_level_bawana,_delhi_-_dpcc_2025_August_delhi_2025.xlsx",Sheet1,"Bawana, Delhi - DPCC",Date,31,0,0.0,False
"Bawana, Delhi - DPCC/AQI Hourly/aqi_hourly_station_level_bawana,_delhi_-_dpcc_2025_August_delhi_2025.xlsx",Sheet1,"Bawana, Delhi - DPCC",00:00:00,31,2,6.45,False
"Bawana, Delhi - DPCC/AQI Hourly/aqi_hourly_station_level_bawana,_delhi_-_dpcc_2025_August_delhi_2025.xlsx",Sheet1,"Bawana, Delhi - DPCC",01:00:00,31,1,3.23,False
"Bawana, Delhi - DPCC/AQI Hourly/aqi_hourly_station_level_bawana,_delhi_-_dpcc_2025_August_delhi_2025.xlsx",Sheet1,"Bawana, Delhi - DPCC",02:00:00,31,1,3.23,False
"Bawana, Delhi - DPCC/AQI Hourly/aqi_hourly_station_level_bawana,_delhi_-_dpcc_2025_August_delhi_2025.xlsx",Sheet1,"Bawana, Delhi - DPCC",03:00:00,31,3,9.68,False
"Bawana, Delhi - DPCC/AQI Hourly/aqi_hourly_station_level_bawana,_delhi_-_dpcc_2025_August_delhi_2025.xlsx",Sheet1,"Bawana, Delhi - DPCC",04:00:00,31,1,3.23,False
"Bawana, Delhi - DPCC/AQI Hourly/aqi_hourly_station_level_bawana,_delhi_-_dpcc_2025_August_delhi_2025.xlsx",Sheet1,"Bawana, Delhi - DPCC",05:00:00,31,1,3.23,False
"Bawana, Delhi - DPCC/AQI Hourly/aqi_hourly_station_level_bawana,_delhi_-_dpcc_2025_August_delhi_2025.xlsx",Sheet1,"Bawana, Delhi - DPCC",06:00:00,31,1,3.23,False
"Bawana, Delhi - DPCC/AQI Hourly/aqi_hourly_station_level_bawana,_delhi_-_dpcc_2025_August_delhi_2025.xlsx",Sheet1,"Bawana, Delhi - DPCC",07:00:00,31,1,3.23,False
"Bawana, Delhi - DPCC/AQI Hourly/aqi_hourly_station_level_bawana,_delhi_-_dpcc_2025_August_delhi_2025.xlsx",Sheet1,"Bawana, Delhi - DPCC",08:00:00,31,1,3.23,False
"Bawana, Delhi - DPCC/AQI Hourly/aqi_hourly_station_level_bawana,_delhi_-_dpcc_2025_August_delhi_2025.xlsx",Sheet1,"Bawana, Delhi - DPCC",09:00:00,31,1,3.23,False
"Bawana, Delhi - DPCC/AQI Hourly/aqi_hourly_station_level_bawana,_delhi_-_dpcc_2025_August_delhi_2025.xlsx",Sheet1,"Bawana, Delhi - DPCC",10:00:00,31,1,3.23,False
"Bawana, Delhi - DPCC/AQI Hourly/aqi_hourly_station_level_bawana,_delhi_-_dpcc_2025_August_delhi_2025.xlsx",Sheet1,"Bawana, Delhi - DPCC",11:00:00,31,1,3.23,False
"Bawana, Delhi - DPCC/AQI Hourly/aqi_hourly_station_level_bawana,_delhi_-_dpcc_2025_August_delhi_2025.xlsx",Sheet1,"Bawana, Delhi - DPCC",12:00:00,31,2,6.45,False
"Bawana, Delhi - DPCC/AQI Hourly/aqi_hourly_station_level_bawana,_delhi_-_dpcc_2025_August_delhi_2025.xlsx",Sheet1,"Bawana, Delhi - DPCC",13:00:00,31,2,6.45,False
"Bawana, Delhi - DPCC/AQI Hourly/aqi_hourly_station_level_bawana,_delhi_-_dpcc_2025_August_delhi_2025.xlsx",Sheet1,"Bawana, Delhi - DPCC",14:00:00,31,1,3.23,False
"Bawana, Delhi - DPCC/AQI Hourly/aqi_hourly_station_level_bawana,_delhi_-_dpcc_2025_August_delhi_2025.xlsx",Sheet1,"Bawana, Delhi - DPCC",15:00:00,31,1,3.23,False
"Bawana, Delhi - DPCC/AQI Hourly/aqi_hourly_station_level_bawana,_delhi_-_dpcc_2025_August_delhi_2025.xlsx",Sheet1,"Bawana, Delhi - DPCC",16:00:00,31,1,3.23,False
"Bawana, Delhi - DPCC/AQI Hourly/aqi_hourly_station_level_bawana,_delhi_-_dpcc_2025_August_delhi_2025.xlsx",Sheet1,"Bawana, Delhi - DPCC",17:00:00,31,1,3.23,False
"Bawana, Delhi - DPCC/AQI Hourly/aqi_hourly_station_level_bawana,_delhi_-_dpcc_2025_August_delhi_2025.xlsx",Sheet1,"Bawana, Delhi - DPCC",18:00:00,31,2,6.45,False
"Bawana, Delhi - DPCC/AQI Hourly/aqi_hourly_station_level_bawana,_delhi_-_dpcc_2025_August_delhi_2025.xlsx",Sheet1,"Bawana, Delhi - DPCC",19:00:00,31,1,3.23,False
"Bawana, Delhi - DPCC/AQI Hourly/aqi_hourly_station_level_bawana,_delhi_-_dpcc_2025_August_delhi_2025.xlsx",Sheet1,"Bawana, Delhi - DPCC",20:00:00,31,1,3.23,False
"Bawana, Delhi - DPCC/AQI Hourly/aqi_hourly_station_level_bawana,_delhi_-_dpcc_2025_August_delhi_2025.xlsx",Sheet1,"Bawana, Delhi - DPCC",21:00:00,31,1,3.23,False
"Bawana, Delhi - DPCC/AQI Hourly/aqi_hourly_station_level_bawana,_delhi_-_dpcc_2025_August_delhi_2025.xlsx",Sheet1,"Bawana, Delhi - DPCC",22:00:00,31,1,3.23,False
"Bawana, Delhi - DPCC/AQI Hourly/aqi_hourly_station_level_bawana,_delhi_-_dpcc_2025_August_delhi_2025.xlsx",Sheet1,"Bawana, Delhi - DPCC",23:00:00,31,1,3.23,False
"Bawana, Delhi - DPCC/AQI Hourly/aqi_hourly_station_level_bawana,_delhi_-_dpcc_2025_December_delhi_2025.xlsx",Sheet1,"Bawana, Delhi - DPCC",Date,31,0,0.0,False
"Bawana, Delhi - DPCC/AQI Hourly/aqi_hourly_station_level_bawana,_delhi_-_dpcc_2025_December_delhi_2025.xlsx",Sheet1,"Bawana, Delhi - DPCC",00:00:00,31,0,0.0,False
"Bawana, Delhi - DPCC/AQI Hourly/aqi_hourly_station_level_bawana,_delhi_-_dpcc_2025_December_delhi_2025.xlsx",Sheet1,"Bawana, Delhi - DPCC",01:00:00,31,0,0.0,False
"Bawana, Delhi - DPCC/AQI Hourly/aqi_hourly_station_level_bawana,_delhi_-_dpcc_2025_December_delhi_2025.xlsx",Sheet1,"Bawana, Delhi - DPCC",02:00:00,31,0,0.0,False
"Bawana, Delhi - DPCC/AQI Hourly/aqi_hourly_station_level_bawana,_delhi_-_dpcc_2025_December_delhi_2025.xlsx",Sheet1,"Bawana, Delhi - DPCC",03:00:00,31,0,0.0,False
"Bawana, Delhi - DPCC/AQI Hourly/aqi_hourly_station_level_bawana,_delhi_-_dpcc_2025_December_delhi_2025.xlsx",Sheet1,"Bawana, Delhi - DPCC",04:00:00,31,0,0.0,False
"Bawana, Delhi - DPCC/AQI Hourly/aqi_hourly_station_level_bawana,_delhi_-_dpcc_2025_December_delhi_2025.xlsx",Sheet1,"Bawana, Delhi - DPCC",05:00:00,31,0,0.0,False
"Bawana, Delhi - DPCC/AQI Hourly/aqi_hourly_station_level_bawana,_delhi_-_dpcc_2025_December_delhi_2025.xlsx",Sheet1,"Bawana, Delhi - DPCC",06:00:00,31,0,0.0,False
"Bawana, Delhi - DPCC/AQI Hourly/aqi_hourly_station_level_bawana,_delhi_-_dpcc_2025_December_delhi_2025.xlsx",Sheet1,"Bawana, Delhi - DPCC",07:00:00,31,1,3.23,False
"Bawana, Delhi - DPCC/AQI Hourly/aqi_hourly_station_level_bawana,_delhi_-_dpcc_2025_December_delhi_2025.xlsx",Sheet1,"Bawana, Delhi - DPCC",08:00:00,31,0,0.0,False
"Bawana, Delhi - DPCC/AQI Hourly/aqi_hourly_station_level_bawana,_delhi_-_dpcc_2025_December_delhi_2025.xlsx",Sheet1,"Bawana, Delhi - DPCC",09:00:00,31,0,0.0,False
"Bawana, Delhi - DPCC/AQI Hourly/aqi_hourly_station_level_bawana,_delhi_-_dpcc_2025_December_delhi_2025.xlsx",Sheet1,"Bawana, Delhi - DPCC",10:00:00,31,0,0.0,False
"Bawana, Delhi - DPCC/AQI Hourly/aqi_hourly_station_level_bawana,_delhi_-_dpcc_2025_December_delhi_2025.xlsx",Sheet1,"Bawana, Delhi - DPCC",11:00:00,31,0,0.0,False
"Bawana, Delhi - DPCC/AQI Hourly/aqi_hourly_station_level_bawana,_delhi_-_dpcc_2025_December_delhi_2025.xlsx",Sheet1,"Bawana, Delhi - DPCC",12:00:00,31,0,0.0,False
"Bawana, Delhi - DPCC/AQI Hourly/aqi_hourly_station_level_bawana,_delhi_-_dpcc_2025_December_delhi_2025.xlsx",Sheet1,"Bawana, Delhi - DPCC",13:00:00,31,0,0.0,False
"Bawana, Delhi - DPCC/AQI Hourly/aqi_hourly_station_level_bawana,_delhi_-_dpcc_2025_December_delhi_2025.xlsx",Sheet1,"Bawana, Delhi - DPCC",14:00:00,31,0,0.0,False
"Bawana, Delhi - DPCC/AQI Hourly/aqi_hourly_station_level_bawana,_delhi_-_dpcc_2025_December_delhi_2025.xlsx",Sheet1,"Bawana, Delhi - DPCC",15:00:00,31,0,0.0,False
"Bawana, Delhi - DPCC/AQI Hourly/aqi_hourly_station_level_bawana,_delhi_-_dpcc_2025_December_delhi_2025.xlsx",Sheet1,"Bawana, Delhi - DPCC",16:00:00,31,0,0.0,False
"Bawana, Delhi - DPCC/AQI Hourly/aqi_hourly_station_level_bawana,_delhi_-_dpcc_2025_December_delhi_2025.xlsx",Sheet1,"Bawana, Delhi - DPCC",17:00:00,31,0,0.0,False
"Bawana, Delhi - DPCC/AQI Hourly/aqi_hourly_station_level_bawana,_delhi_-_dpcc_2025_December_delhi_2025.xlsx",Sheet1,"Bawana, Delhi - DPCC",18:00:00,31,0,0.0,False
"Bawana, Delhi - DPCC/AQI Hourly/aqi_hourly_station_level_bawana,_delhi_-_dpcc_2025_December_delhi_2025.xlsx",Sheet1,"Bawana, Delhi - DPCC",19:00:00,31,0,0.0,False
"Bawana, Delhi - DPCC/AQI Hourly/aqi_hourly_station_level_bawana,_delhi_-_dpcc_2025_December_delhi_2025.xlsx",Sheet1,"Bawana, Delhi - DPCC",20:00:00,31,1,3.23,False
"Bawana, Delhi - DPCC/AQI Hourly/aqi_hourly_station_level_bawana,_delhi_-_dpcc_2025_December_delhi_2025.xlsx",Sheet1,"Bawana, Delhi - DPCC",21:00:00,31,0,0.0,False
"Bawana, Delhi - DPCC/AQI Hourly/aqi_hourly_station_level_bawana,_delhi_-_dpcc_2025_December_delhi_2025.xlsx",Sheet1,"Bawana, Delhi - DPCC",22:00:00,31,0,0.0,False
"Bawana, Delhi - DPCC/AQI Hourly/aqi_hourly_station_level_bawana,_delhi_-_dpcc_2025_December_delhi_2025.xlsx",Sheet1,"Bawana, Delhi - DPCC",23:00:00,31,0,0.0,False
"Bawana, Delhi - DPCC/AQI Hourly/aqi_hourly_station_level_bawana,_delhi_-_dpcc_2025_February_delhi_2025.xlsx",Sheet1,"Bawana, Delhi - DPCC",Date,28,0,0.0,False
"Bawana, Delhi - DPCC/AQI Hourly/aqi_hourly_station_level_bawana,_delhi_-_dpcc_2025_February_delhi_2025.xlsx",Sheet1,"Bawana, Delhi - DPCC",00:00:00,28,1,3.57,False
"Bawana, Delhi - DPCC/AQI Hourly/aqi_hourly_station_level_bawana,_delhi_-_dpcc_2025_February_delhi_2025.xlsx",Sheet1,"Bawana, Delhi - DPCC",01:00:00,28,1,3.57,False
"Bawana, Delhi - DPCC/AQI Hourly/aqi_hourly_station_level_bawana,_delhi_-_dpcc_2025_February_delhi_2025.xlsx",Sheet1,"Bawana, Delhi - DPCC",02:00:00,28,0,0.0,False
"Bawana, Delhi - DPCC/AQI Hourly/aqi_hourly_station_level_bawana,_delhi_-_dpcc_2025_February_delhi_2025.xlsx",Sheet1,"Bawana, Delhi - DPCC",03:00:00,28,0,0.0,False
"Bawana, Delhi - DPCC/AQI Hourly/aqi_hourly_station_level_bawana,_delhi_-_dpcc_2025_February_delhi_2025.xlsx",Sheet1,"Bawana, Delhi - DPCC",04:00:00,28,1,3.57,False
"Bawana, Delhi - DPCC/AQI Hourly/aqi_hourly_station_level_bawana,_delhi_-_dpcc_2025_February_delhi_2025.xlsx",Sheet1,"Bawana, Delhi - DPCC",05:00:00,28,1,3.57,False
"Bawana, Delhi - DPCC/AQI Hourly/aqi_hourly_station_level_bawana,_delhi_-_dpcc_2025_February_delhi_2025.xlsx",Sheet1,"Bawana, Delhi - DPCC",06:00:00,28,1,3.57,False
"Bawana, Delhi - DPCC/AQI Hourly/aqi_hourly_station_level_bawana,_delhi_-_dpcc_2025_February_delhi_2025.xlsx",Sheet1,"Bawana, Delhi - DPCC",07:00:00,28,1,3.57,False
"Bawana, Delhi - DPCC/AQI Hourly/aqi_hourly_station_level_bawana,_delhi_-_dpcc_2025_February_delhi_2025.xlsx",Sheet1,"Bawana, Delhi - DPCC",08:00:00,28,1,3.57,False
"Bawana, Delhi - DPCC/AQI Hourly/aqi_hourly_station_level_bawana,_delhi_-_dpcc_2025_February_delhi_2025.xlsx",Sheet1,"Bawana, Delhi - DPCC",09:00:00,28,1,3.57,False
"Bawana, Delhi - DPCC/AQI Hourly/aqi_hourly_station_level_bawana,_delhi_-_dpcc_2025_February_delhi_2025.xlsx",Sheet1,"Bawana, Delhi - DPCC",10:00:00,28,1,3.57,False
"Bawana, Delhi - DPCC/AQI Hourly/aqi_hourly_station_level_bawana,_delhi_-_dpcc_2025_February_delhi_2025.xlsx",Sheet1,"Bawana, Delhi - DPCC",11:00:00,28,1,3.57,False
"Bawana, Delhi - DPCC/AQI Hourly/aqi_hourly_station_level_bawana,_delhi_-_dpcc_2025_February_delhi_2025.xlsx",Sheet1,"Bawana, Delhi - DPCC",12:00:00,28,1,3.57,False
"Bawana, Delhi - DPCC/AQI Hourly/aqi_hourly_station_level_bawana,_delhi_-_dpcc_2025_February_delhi_2025.xlsx",Sheet1,"Bawana, Delhi - DPCC",13:00:00,28,1,3.57,False
"Bawana, Delhi - DPCC/AQI Hourly/aqi_hourly_station_level_bawana,_delhi_-_dpcc_2025_February_delhi_2025.xlsx",Sheet1,"Bawana, Delhi - DPCC",14:00:00,28,1,3.57,False
"Bawana, Delhi - DPCC/AQI Hourly/aqi_hourly_station_level_bawana,_delhi_-_dpcc_2025_February_delhi_2025.xlsx",Sheet1,"Bawana, Delhi - DPCC",15:00:00,28,1,3.57,False
"Bawana, Delhi - DPCC/AQI Hourly/aqi_hourly_station_level_bawana,_delhi_-_dpcc_2025_February_delhi_2025.xlsx",Sheet1,"Bawana, Delhi - DPCC",16:00:00,28,1,3.57,False
"Bawana, Delhi - DPCC/AQI Hourly/aqi_hourly_station_level_bawana,_delhi_-_dpcc_2025_February_delhi_2025.xlsx",Sheet1,"Bawana, Delhi - DPCC",17:00:00,28,1,3.57,False
"Bawana, Delhi - DPCC/AQI Hourly/aqi_hourly_station_level_bawana,_delhi_-_dpcc_2025_February_delhi_2025.xlsx",Sheet1,"Bawana, Delhi - DPCC",18:00:00,28,1,3.57,False
"Bawana, Delhi - DPCC/AQI Hourly/aqi_hourly_station_level_bawana,_delhi_-_dpcc_2025_February_delhi_2025.xlsx",Sheet1,"Bawana, Delhi - DPCC",19:00:00,28,1,3.57,False
"Bawana, Delhi - DPCC/AQI Hourly/aqi_hourly_station_level_bawana,_delhi_-_dpcc_2025_February_delhi_2025.xlsx",Sheet1,"Bawana, Delhi - DPCC",20:00:00,28,1,3.57,False
"Bawana, Delhi - DPCC/AQI Hourly/aqi_hourly_station_level_bawana,_delhi_-_dpcc_2025_February_delhi_2025.xlsx",Sheet1,"Bawana, Delhi - DPCC",21:00:00,28,1,3.57,False
"Bawana, Delhi - DPCC/AQI Hourly/aqi_hourly_station_level_bawana,_delhi_-_dpcc_2025_February_delhi_2025.xlsx",Sheet1,"Bawana, Delhi - DPCC",22:00:00,28,1,3.57,False
"Bawana, Delhi - DPCC/AQI Hourly/aqi_hourly_station_level_bawana,_delhi_-_dpcc_2025_February_delhi_2025.xlsx",Sheet1,"Bawana, Delhi - DPCC",23:00:00,28,1,3.57,False
"Bawana, Delhi - DPCC/AQI Hourly/aqi_hourly_station_level_bawana,_delhi_-_dpcc_2025_January_delhi_2025.xlsx",Sheet1,"Bawana, Delhi - DPCC",Date,31,0,0.0,False
"Bawana, Delhi - DPCC/AQI Hourly/aqi_hourly_station_level_bawana,_delhi_-_dpcc_2025_January_delhi_2025.xlsx",Sheet1,"Bawana, Delhi - DPCC",00:00:00,31,0,0.0,False
"Bawana, Delhi - DPCC/AQI Hourly/aqi_hourly_station_level_bawana,_delhi_-_dpcc_2025_January_delhi_2025.xlsx",Sheet1,"Bawana, Delhi - DPCC",01:00:00,31,0,0.0,False
"Bawana, Delhi - DPCC/AQI Hourly/aqi_hourly_station_level_bawana,_delhi_-_dpcc_2025_January_delhi_2025.xlsx",Sheet1,"Bawana, Delhi - DPCC",02:00:00,31,0,0.0,False
"Bawana, Delhi - DPCC/AQI Hourly/aqi_hourly_station_level_bawana,_delhi_-_dpcc_2025_January_delhi_2025.xlsx",Sheet1,"Bawana, Delhi - DPCC",03:00:00,31,0,0.0,False
"Bawana, Delhi - DPCC/AQI Hourly/aqi_hourly_station_level_bawana,_delhi_-_dpcc_2025_January_delhi_2025.xlsx",Sheet1,"Bawana, Delhi - DPCC",04:00:00,31,0,0.0,False
"Bawana, Delhi - DPCC/AQI Hourly/aqi_hourly_station_level_bawana,_delhi_-_dpcc_2025_January_delhi_2025.xlsx",Sheet1,"Bawana, Delhi - DPCC",05:00:00,31,0,0.0,False
"Bawana, Delhi - DPCC/AQI Hourly/aqi_hourly_station_level_bawana,_delhi_-_dpcc_2025_January_delhi_2025.xlsx",Sheet1,"Bawana, Delhi - DPCC",06:00:00,31,0,0.0,False
"Bawana, Delhi - DPCC/AQI Hourly/aqi_hourly_station_level_bawana,_delhi_-_dpcc_2025_January_delhi_2025.xlsx",Sheet1,"Bawana, Delhi - DPCC",07:00:00,31,0,0.0,False
"Bawana, Delhi - DPCC/AQI Hourly/aqi_hourly_station_level_bawana,_delhi_-_dpcc_2025_January_delhi_2025.xlsx",Sheet1,"Bawana, Delhi - DPCC",08:00:00,31,1,3.23,False
"Bawana, Delhi - DPCC/AQI Hourly/aqi_hourly_station_level_bawana,_delhi_-_dpcc_2025_January_delhi_2025.xlsx",Sheet1,"Bawana, Delhi - DPCC",09:00:00,31,0,0.0,False
"Bawana, Delhi - DPCC/AQI Hourly/aqi_hourly_station_level_bawana,_delhi_-_dpcc_2025_January_delhi_2025.xlsx",Sheet1,"Bawana, Delhi - DPCC",10:00:00,31,0,0.0,False
"Bawana, Delhi - DPCC/AQI Hourly/aqi_hourly_station_level_bawana,_delhi_-_dpcc_2025_January_delhi_2025.xlsx",Sheet1,"Bawana, Delhi - DPCC",11:00:00,31,0,0.0,False
"Bawana, Delhi - DPCC/AQI Hourly/aqi_hourly_station_level_bawana,_delhi_-_dpcc_2025_January_delhi_2025.xlsx",Sheet1,"Bawana, Delhi - DPCC",12:00:00,31,0,0.0,False
"Bawana, Delhi - DPCC/AQI Hourly/aqi_hourly_station_level_bawana,_delhi_-_dpcc_2025_January_delhi_2025.xlsx",Sheet1,"Bawana, Delhi - DPCC",13:00:00,31,0,0.0,False
"Bawana, Delhi - DPCC/AQI Hourly/aqi_hourly_station_level_bawana,_delhi_-_dpcc_2025_January_delhi_2025.xlsx",Sheet1,"Bawana, Delhi - DPCC",14:00:00,31,0,0.0,False
"Bawana, Delhi - DPCC/AQI Hourly/aqi_hourly_station_level_bawana,_delhi_-_dpcc_2025_January_delhi_2025.xlsx",Sheet1,"Bawana, Delhi - DPCC",15:00:00,31,0,0.0,False
"Bawana, Delhi - DPCC/AQI Hourly/aqi_hourly_station_level_bawana,_delhi_-_dpcc_2025_January_delhi_2025.xlsx",Sheet1,"Bawana, Delhi - DPCC",16:00:00,31,0,0.0,False
"Bawana, Delhi - DPCC/AQI Hourly/aqi_hourly_station_level_bawana,_delhi_-_dpcc_2025_January_delhi_2025.xlsx",Sheet1,"Bawana, Delhi - DPCC",17:00:00,31,0,0.0,False
"Bawana, Delhi - DPCC/AQI Hourly/aqi_hourly_station_level_bawana,_delhi_-_dpcc_2025_January_delhi_2025.xlsx",Sheet1,"Bawana, Delhi - DPCC",18:00:00,31,1,3.23,False
"Bawana, Delhi - DPCC/AQI Hourly/aqi_hourly_station_level_bawana,_delhi_-_dpcc_2025_January_delhi_2025.xlsx",Sheet1,"Bawana, Delhi - DPCC",19:00:00,31,0,0.0,False
"Bawana, Delhi - DPCC/AQI Hourly/aqi_hourly_station_level_bawana,_delhi_-_dpcc_2025_January_delhi_2025.xlsx",Sheet1,"Bawana, Delhi - DPCC",20:00:00,31,0,0.0,False
"Bawana, Delhi - DPCC/AQI Hourly/aqi_hourly_station_level_bawana,_delhi_-_dpcc_2025_January_delhi_2025.xlsx",Sheet1,"Bawana, Delhi - DPCC",21:00:00,31,0,0.0,False
"Bawana, Delhi - DPCC/AQI Hourly/aqi_hourly_station_level_bawana,_delhi_-_dpcc_2025_January_delhi_2025.xlsx",Sheet1,"Bawana, Delhi - DPCC",22:00:00,31,0,0.0,False
"Bawana, Delhi - DPCC/AQI Hourly/aqi_hourly_station_level_bawana,_delhi_-_dpcc_2025_January_delhi_2025.xlsx",Sheet1,"Bawana, Delhi - DPCC",23:00:00,31,0,0.0,False
"Bawana, Delhi - DPCC/AQI Hourly/aqi_hourly_station_level_bawana,_delhi_-_dpcc_2025_July_delhi_2025.xlsx",Sheet1,"Bawana, Delhi - DPCC",Date,31,0,0.0,False
"Bawana, Delhi - DPCC/AQI Hourly/aqi_hourly_station_level_bawana,_delhi_-_dpcc_2025_July_delhi_2025.xlsx",Sheet1,"Bawana, Delhi - DPCC",00:00:00,31,0,0.0,False
"Bawana, Delhi - DPCC/AQI Hourly/aqi_hourly_station_level_bawana,_delhi_-_dpcc_2025_July_delhi_2025.xlsx",Sheet1,"Bawana, Delhi - DPCC",01:00:00,31,1,3.23,False
"Bawana, Delhi - DPCC/AQI Hourly/aqi_hourly_station_level_bawana,_delhi_-_dpcc_2025_July_delhi_2025.xlsx",Sheet1,"Bawana, Delhi - DPCC",02:00:00,31,1,3.23,False
"Bawana, Delhi - DPCC/AQI Hourly/aqi_hourly_station_level_bawana,_delhi_-_dpcc_2025_July_delhi_2025.xlsx",Sheet1,"Bawana, Delhi - DPCC",03:00:00,31,1,3.23,False
"Bawana, Delhi - DPCC/AQI Hourly/aqi_hourly_station_level_bawana,_delhi_-_dpcc_2025_July_delhi_2025.xlsx",Sheet1,"Bawana, Delhi - DPCC",04:00:00,31,0,0.0,False
"Bawana, Delhi - DPCC/AQI Hourly/aqi_hourly_station_level_bawana,_delhi_-_dpcc_2025_July_delhi_2025.xlsx",Sheet1,"Bawana, Delhi - DPCC",05:00:00,31,0,0.0,False
"Bawana, Delhi - DPCC/AQI Hourly/aqi_hourly_station_level_bawana,_delhi_-_dpcc_2025_July_delhi_2025.xlsx",Sheet1,"Bawana, Delhi - DPCC",06:00:00,31,0,0.0,False
"Bawana, Delhi - DPCC/AQI Hourly/aqi_hourly_station_level_bawana,_delhi_-_dpcc_2025_July_delhi_2025.xlsx",Sheet1,"Bawana, Delhi - DPCC",07:00:00,31,1,3.23,False
"Bawana, Delhi - DPCC/AQI Hourly/aqi_hourly_station_level_bawana,_delhi_-_dpcc_2025_July_delhi_2025.xlsx",Sheet1,"Bawana, Delhi - DPCC",08:00:00,31,1,3.23,False
"Bawana, Delhi - DPCC/AQI Hourly/aqi_hourly_station_level_bawana,_delhi_-_dpcc_2025_July_delhi_2025.xlsx",Sheet1,"Bawana, Delhi - DPCC",09:00:00,31,1,3.23,False
"Bawana, Delhi - DPCC/AQI Hourly/aqi_hourly_station_level_bawana,_delhi_-_dpcc_2025_July_delhi_2025.xlsx",Sheet1,"Bawana, Delhi - DPCC",10:00:00,31,1,3.23,False
"Bawana, Delhi - DPCC/AQI Hourly/aqi_hourly_station_level_bawana,_delhi_-_dpcc_2025_July_delhi_2025.xlsx",Sheet1,"Bawana, Delhi - DPCC",11:00:00,31,1,3.23,False
"Bawana, Delhi - DPCC/AQI Hourly/aqi_hourly_station_level_bawana,_delhi_-_dpcc_2025_July_delhi_2025.xlsx",Sheet1,"Bawana, Delhi - DPCC",12:00:00,31,2,6.45,False
"Bawana, Delhi - DPCC/AQI Hourly/aqi_hourly_station_level_bawana,_delhi_-_dpcc_2025_July_delhi_2025.xlsx",Sheet1,"Bawana, Delhi - DPCC",13:00:00,31,1,3.23,False
"Bawana, Delhi - DPCC/AQI Hourly/aqi_hourly_station_level_bawana,_delhi_-_dpcc_2025_July_delhi_2025.xlsx",Sheet1,"Bawana, Delhi - DPCC",14:00:00,31,1,3.23,False
"Bawana, Delhi - DPCC/AQI Hourly/aqi_hourly_station_level_bawana,_delhi_-_dpcc_2025_July_delhi_2025.xlsx",Sheet1,"Bawana, Delhi - DPCC",15:00:00,31,1,3.23,False
"Bawana, Delhi - DPCC/AQI Hourly/aqi_hourly_station_level_bawana,_delhi_-_dpcc_2025_July_delhi_2025.xlsx",Sheet1,"Bawana, Delhi - DPCC",16:00:00,31,1,3.23,False
"Bawana, Delhi - DPCC/AQI Hourly/aqi_hourly_station_level_bawana,_delhi_-_dpcc_2025_July_delhi_2025.xlsx",Sheet1,"Bawana, Delhi - DPCC",17:00:00,31,1,3.23,False
"Bawana, Delhi - DPCC/AQI Hourly/aqi_hourly_station_level_bawana,_delhi_-_dpcc_2025_July_delhi_2025.xlsx",Sheet1,"Bawana, Delhi - DPCC",18:00:00,31,1,3.23,False
"Bawana, Delhi - DPCC/AQI Hourly/aqi_hourly_station_level_bawana,_delhi_-_dpcc_2025_July_delhi_2025.xlsx",Sheet1,"Bawana, Delhi - DPCC",19:00:00,31,1,3.23,False
"Bawana, Delhi - DPCC/AQI Hourly/aqi_hourly_station_level_bawana,_delhi_-_dpcc_2025_July_delhi_2025.xlsx",Sheet1,"Bawana, Delhi - DPCC",20:00:00,31,1,3.23,False
"Bawana, Delhi - DPCC/AQI Hourly/aqi_hourly_station_level_bawana,_delhi_-_dpcc_2025_July_delhi_2025.xlsx",Sheet1,"Bawana, Delhi - DPCC",21:00:00,31,2,6.45,False
"Bawana, Delhi - DPCC/AQI Hourly/aqi_hourly_station_level_bawana,_delhi_-_dpcc_2025_July_delhi_2025.xlsx",Sheet1,"Bawana, Delhi - DPCC",22:00:00,31,0,0.0,False
"Bawana, Delhi - DPCC/AQI Hourly/aqi_hourly_station_level_bawana,_delhi_-_dpcc_2025_July_delhi_2025.xlsx",Sheet1,"Bawana, Delhi - DPCC",23:00:00,31,0,0.0,False
"Bawana, Delhi - DPCC/AQI Hourly/aqi_hourly_station_level_bawana,_delhi_-_dpcc_2025_June_delhi_2025.xlsx",Sheet1,"Bawana, Delhi - DPCC",Date,30,0,0.0,False
"Bawana, Delhi - DPCC/AQI Hourly/aqi_hourly_station_level_bawana,_delhi_-_dpcc_2025_June_delhi_2025.xlsx",Sheet1,"Bawana, Delhi - DPCC",00:00:00,30,0,0.0,False
"Bawana, Delhi - DPCC/AQI Hourly/aqi_hourly_station_level_bawana,_delhi_-_dpcc_2025_June_delhi_2025.xlsx",Sheet1,"Bawana, Delhi - DPCC",01:00:00,30,0,0.0,False
"Bawana, Delhi - DPCC/AQI Hourly/aqi_hourly_station_level_bawana,_delhi_-_dpcc_2025_June_delhi_2025.xlsx",Sheet1,"Bawana, Delhi - DPCC",02:00:00,30,0,0.0,False
"Bawana, Delhi - DPCC/AQI Hourly/aqi_hourly_station_level_bawana,_delhi_-_dpcc_2025_June_delhi_2025.xlsx",Sheet1,"Bawana, Delhi - DPCC",03:00:00,30,0,0.0,False
"Bawana, Delhi - DPCC/AQI Hourly/aqi_hourly_station_level_bawana,_delhi_-_dpcc_2025_June_delhi_2025.xlsx",Sheet1,"Bawana, Delhi - DPCC",04:00:00,30,1,3.33,False
"Bawana, Delhi - DPCC/AQI Hourly/aqi_hourly_station_level_bawana,_delhi_-_dpcc_2025_June_delhi_2025.xlsx",Sheet1,"Bawana, Delhi - DPCC",05:00:00,30,0,0.0,False
"Bawana, Delhi - DPCC/AQI Hourly/aqi_hourly_station_level_bawana,_delhi_-_dpcc_2025_June_delhi_2025.xlsx",Sheet1,"Bawana, Delhi - DPCC",06:00:00,30,0,0.0,False
"Bawana, Delhi - DPCC/AQI Hourly/aqi_hourly_station_level_bawana,_delhi_-_dpcc_2025_June_delhi_2025.xlsx",Sheet1,"Bawana, Delhi - DPCC",07:00:00,30,0,0.0,False
"Bawana, Delhi - DPCC/AQI Hourly/aqi_hourly_station_level_bawana,_delhi_-_dpcc_2025_June_delhi_2025.xlsx",Sheet1,"Bawana, Delhi - DPCC",08:00:00,30,0,0.0,False
"Bawana, Delhi - DPCC/AQI Hourly/aqi_hourly_station_level_bawana,_delhi_-_dpcc_2025_June_delhi_2025.xlsx",Sheet1,"Bawana, Delhi - DPCC",09:00:00,30,0,0.0,False
"Bawana, Delhi - DPCC/AQI Hourly/aqi_hourly_station_level_bawana,_delhi_-_dpcc_2025_June_delhi_2025.xlsx",Sheet1,"Bawana, Delhi - DPCC",10:00:00,30,0,0.0,False
"Bawana, Delhi - DPCC/AQI Hourly/aqi_hourly_station_level_bawana,_delhi_-_dpcc_2025_June_delhi_2025.xlsx",Sheet1,"Bawana, Delhi - DPCC",11:00:00,30,1,3.33,False
"Bawana, Delhi - DPCC/AQI Hourly/aqi_hourly_station_level_bawana,_delhi_-_dpcc_2025_June_delhi_2025.xlsx",Sheet1,"Bawana, Delhi - DPCC",12:00:00,30,1,3.33,False
"Bawana, Delhi - DPCC/AQI Hourly/aqi_hourly_station_level_bawana,_delhi_-_dpcc_2025_June_delhi_2025.xlsx",Sheet1,"Bawana, Delhi - DPCC",13:00:00,30,1,3.33,False
"Bawana, Delhi - DPCC/AQI Hourly/aqi_hourly_station_level_bawana,_delhi_-_dpcc_2025_June_delhi_2025.xlsx",Sheet1,"Bawana, Delhi - DPCC",14:00:00,30,1,3.33,False
"Bawana, Delhi - DPCC/AQI Hourly/aqi_hourly_station_level_bawana,_delhi_-_dpcc_2025_June_delhi_2025.xlsx",Sheet1,"Bawana, Delhi - DPCC",15:00:00,30,0,0.0,False
"Bawana, Delhi - DPCC/AQI Hourly/aqi_hourly_station_level_bawana,_delhi_-_dpcc_2025_June_delhi_2025.xlsx",Sheet1,"Bawana, Delhi - DPCC",16:00:00,30,0,0.0,False
"Bawana, Delhi - DPCC/AQI Hourly/aqi_hourly_station_level_bawana,_delhi_-_dpcc_2025_June_delhi_2025.xlsx",Sheet1,"Bawana, Delhi - DPCC",17:00:00,30,0,0.0,False
"Bawana, Delhi - DPCC/AQI Hourly/aqi_hourly_station_level_bawana,_delhi_-_dpcc_2025_June_delhi_2025.xlsx",Sheet1,"Bawana, Delhi - DPCC",18:00:00,30,3,10.0,False
"Bawana, Delhi - DPCC/AQI Hourly/aqi_hourly_station_level_bawana,_delhi_-_dpcc_2025_June_delhi_2025.xlsx",Sheet1,"Bawana, Delhi - DPCC",19:00:00,30,1,3.33,False
"Bawana, Delhi - DPCC/AQI Hourly/aqi_hourly_station_level_bawana,_delhi_-_dpcc_2025_June_delhi_2025.xlsx",Sheet1,"Bawana, Delhi - DPCC",20:00:00,30,1,3.33,False
"Bawana, Delhi - DPCC/AQI Hourly/aqi_hourly_station_level_bawana,_delhi_-_dpcc_2025_June_delhi_2025.xlsx",Sheet1,"Bawana, Delhi - DPCC",21:00:00,30,0,0.0,False
"Bawana, Delhi - DPCC/AQI Hourly/aqi_hourly_station_level_bawana,_delhi_-_dpcc_2025_June_delhi_2025.xlsx",Sheet1,"Bawana, Delhi - DPCC",22:00:00,30,0,0.0,False
"Bawana, Delhi - DPCC/AQI Hourly/aqi_hourly_station_level_bawana,_delhi_-_dpcc_2025_June_delhi_2025.xlsx",Sheet1,"Bawana, Delhi - DPCC",23:00:00,30,0,0.0,False
"Bawana, Delhi - DPCC/AQI Hourly/aqi_hourly_station_level_bawana,_delhi_-_dpcc_2025_March_delhi_2025.xlsx",Sheet1,"Bawana, Delhi - DPCC",Date,31,0,0.0,False
"Bawana, Delhi - DPCC/AQI Hourly/aqi_hourly_station_level_bawana,_delhi_-_dpcc_2025_March_delhi_2025.xlsx",Sheet1,"Bawana, Delhi - DPCC",00:00:00,31,0,0.0,False
"Bawana, Delhi - DPCC/AQI Hourly/aqi_hourly_station_level_bawana,_delhi_-_dpcc_2025_March_delhi_2025.xlsx",Sheet1,"Bawana, Delhi - DPCC",01:00:00,31,0,0.0,False
"Bawana, Delhi - DPCC/AQI Hourly/aqi_hourly_station_level_bawana,_delhi_-_dpcc_2025_March_delhi_2025.xlsx",Sheet1,"Bawana, Delhi - DPCC",02:00:00,31,0,0.0,False
"Bawana, Delhi - DPCC/AQI Hourly/aqi_hourly_station_level_bawana,_delhi_-_dpcc_2025_March_delhi_2025.xlsx",Sheet1,"Bawana, Delhi - DPCC",03:00:00,31,1,3.23,False
"Bawana, Delhi - DPCC/AQI Hourly/aqi_hourly_station_level_bawana,_delhi_-_dpcc_2025_March_delhi_2025.xlsx",Sheet1,"Bawana, Delhi - DPCC",04:00:00,31,1,3.23,False
"Bawana, Delhi - DPCC/AQI Hourly/aqi_hourly_station_level_bawana,_delhi_-_dpcc_2025_March_delhi_2025.xlsx",Sheet1,"Bawana, Delhi - DPCC",05:00:00,31,1,3.23,False
"Bawana, Delhi - DPCC/AQI Hourly/aqi_hourly_station_level_bawana,_delhi_-_dpcc_2025_March_delhi_2025.xlsx",Sheet1,"Bawana, Delhi - DPCC",06:00:00,31,0,0.0,False
"Bawana, Delhi - DPCC/AQI Hourly/aqi_hourly_station_level_bawana,_delhi_-_dpcc_2025_March_delhi_2025.xlsx",Sheet1,"Bawana, Delhi - DPCC",07:00:00,31,0,0.0,False
"Bawana, Delhi - DPCC/AQI Hourly/aqi_hourly_station_level_bawana,_delhi_-_dpcc_2025_March_delhi_2025.xlsx",Sheet1,"Bawana, Delhi - DPCC",08:00:00,31,0,0.0,False
"Bawana, Delhi - DPCC/AQI Hourly/aqi_hourly_station_level_bawana,_delhi_-_dpcc_2025_March_delhi_2025.xlsx",Sheet1,"Bawana, Delhi - DPCC",09:00:00,31,0,0.0,False
"Bawana, Delhi - DPCC/AQI Hourly/aqi_hourly_station_level_bawana,_delhi_-_dpcc_2025_March_delhi_2025.xlsx",Sheet1,"Bawana, Delhi - DPCC",10:00:00,31,0,0.0,False
"Bawana, Delhi - DPCC/AQI Hourly/aqi_hourly_station_level_bawana,_delhi_-_dpcc_2025_March_delhi_2025.xlsx",Sheet1,"Bawana, Delhi - DPCC",11:00:00,31,1,3.23,False
"Bawana, Delhi - DPCC/AQI Hourly/aqi_hourly_station_level_bawana,_delhi_-_dpcc_2025_March_delhi_2025.xlsx",Sheet1,"Bawana, Delhi - DPCC",12:00:00,31,0,0.0,False
"Bawana, Delhi - DPCC/AQI Hourly/aqi_hourly_station_level_bawana,_delhi_-_dpcc_2025_March_delhi_2025.xlsx",Sheet1,"Bawana, Delhi - DPCC",13:00:00,31,0,0.0,False
"Bawana, Delhi - DPCC/AQI Hourly/aqi_hourly_station_level_bawana,_delhi_-_dpcc_2025_March_delhi_2025.xlsx",Sheet1,"Bawana, Delhi - DPCC",14:00:00,31,0,0.0,False
"Bawana, Delhi - DPCC/AQI Hourly/aqi_hourly_station_level_bawana,_delhi_-_dpcc_2025_March_delhi_2025.xlsx",Sheet1,"Bawana, Delhi - DPCC",15:00:00,31,1,3.23,False
"Bawana, Delhi - DPCC/AQI Hourly/aqi_hourly_station_level_bawana,_delhi_-_dpcc_2025_March_delhi_2025.xlsx",Sheet1,"Bawana, Delhi - DPCC",16:00:00,31,0,0.0,False
"Bawana, Delhi - DPCC/AQI Hourly/aqi_hourly_station_level_bawana,_delhi_-_dpcc_2025_March_delhi_2025.xlsx",Sheet1,"Bawana, Delhi - DPCC",17:00:00,31,0,0.0,False
"Bawana, Delhi - DPCC/AQI Hourly/aqi_hourly_station_level_bawana,_delhi_-_dpcc_2025_March_delhi_2025.xlsx",Sheet1,"Bawana, Delhi - DPCC",18:00:00,31,0,0.0,False
"Bawana, Delhi - DPCC/AQI Hourly/aqi_hourly_station_level_bawana,_delhi_-_dpcc_2025_March_delhi_2025.xlsx",Sheet1,"Bawana, Delhi - DPCC",19:00:00,31,0,0.0,False
"Bawana, Delhi - DPCC/AQI Hourly/aqi_hourly_station_level_bawana,_delhi_-_dpcc_2025_March_delhi_2025.xlsx",Sheet1,"Bawana, Delhi - DPCC",20:00:00,31,0,0.0,False
"Bawana, Delhi - DPCC/AQI Hourly/aqi_hourly_station_level_bawana,_delhi_-_dpcc_2025_March_delhi_2025.xlsx",Sheet1,"Bawana, Delhi - DPCC",21:00:00,31,0,0.0,False
"Bawana, Delhi - DPCC/AQI Hourly/aqi_hourly_station_level_bawana,_delhi_-_dpcc_2025_March_delhi_2025.xlsx",Sheet1,"Bawana, Delhi - DPCC",22:00:00,31,1,3.23,False
"Bawana, Delhi - DPCC/AQI Hourly/aqi_hourly_station_level_bawana,_delhi_-_dpcc_2025_March_delhi_2025.xlsx",Sheet1,"Bawana, Delhi - DPCC",23:00:00,31,1,3.23,False
"Bawana, Delhi - DPCC/AQI Hourly/aqi_hourly_station_level_bawana,_delhi_-_dpcc_2025_May_delhi_2025.xlsx",Sheet1,"Bawana, Delhi - DPCC",Date,31,0,0.0,False
"Bawana, Delhi - DPCC/AQI Hourly/aqi_hourly_station_level_bawana,_delhi_-_dpcc_2025_May_delhi_2025.xlsx",Sheet1,"Bawana, Delhi - DPCC",00:00:00,31,1,3.23,False
"Bawana, Delhi - DPCC/AQI Hourly/aqi_hourly_station_level_bawana,_delhi_-_dpcc_2025_May_delhi_2025.xlsx",Sheet1,"Bawana, Delhi - DPCC",01:00:00,31,2,6.45,False
"Bawana, Delhi - DPCC/AQI Hourly/aqi_hourly_station_level_bawana,_delhi_-_dpcc_2025_May_delhi_2025.xlsx",Sheet1,"Bawana, Delhi - DPCC",02:00:00,31,1,3.23,False
"Bawana, Delhi - DPCC/AQI Hourly/aqi_hourly_station_level_bawana,_delhi_-_dpcc_2025_May_delhi_2025.xlsx",Sheet1,"Bawana, Delhi - DPCC",03:00:00,31,2,6.45,False
"Bawana, Delhi - DPCC/AQI Hourly/aqi_hourly_station_level_bawana,_delhi_-_dpcc_2025_May_delhi_2025.xlsx",Sheet1,"Bawana, Delhi - DPCC",04:00:00,31,1,3.23,False
"Bawana, Delhi - DPCC/AQI Hourly/aqi_hourly_station_level_bawana,_delhi_-_dpcc_2025_May_delhi_2025.xlsx",Sheet1,"Bawana, Delhi - DPCC",05:00:00,31,1,3.23,False
"Bawana, Delhi - DPCC/AQI Hourly/aqi_hourly_station_level_bawana,_delhi_-_dpcc_2025_May_delhi_2025.xlsx",Sheet1,"Bawana, Delhi - DPCC",06:00:00,31,1,3.23,False
"Bawana, Delhi - DPCC/AQI Hourly/aqi_hourly_station_level_bawana,_delhi_-_dpcc_2025_May_delhi_2025.xlsx",Sheet1,"Bawana, Delhi - DPCC",07:00:00,31,1,3.23,False
"Bawana, Delhi - DPCC/AQI Hourly/aqi_hourly_station_level_bawana,_delhi_-_dpcc_2025_May_delhi_2025.xlsx",Sheet1,"Bawana, Delhi - DPCC",08:00:00,31,0,0.0,False
"Bawana, Delhi - DPCC/AQI Hourly/aqi_hourly_station_level_bawana,_delhi_-_dpcc_2025_May_delhi_2025.xlsx",Sheet1,"Bawana, Delhi - DPCC",09:00:00,31,0,0.0,False
"Bawana, Delhi - DPCC/AQI Hourly/aqi_hourly_station_level_bawana,_delhi_-_dpcc_2025_May_delhi_2025.xlsx",Sheet1,"Bawana, Delhi - DPCC",10:00:00,31,1,3.23,False
"Bawana, Delhi - DPCC/AQI Hourly/aqi_hourly_station_level_bawana,_delhi_-_dpcc_2025_May_delhi_2025.xlsx",Sheet1,"Bawana, Delhi - DPCC",11:00:00,31,0,0.0,False
"Bawana, Delhi - DPCC/AQI Hourly/aqi_hourly_station_level_bawana,_delhi_-_dpcc_2025_May_delhi_2025.xlsx",Sheet1,"Bawana, Delhi - DPCC",12:00:00,31,0,0.0,False
"Bawana, Delhi - DPCC/AQI Hourly/aqi_hourly_station_level_bawana,_delhi_-_dpcc_2025_May_delhi_2025.xlsx",Sheet1,"Bawana, Delhi - DPCC",13:00:00,31,0,0.0,False
"Bawana, Delhi - DPCC/AQI Hourly/aqi_hourly_station_level_bawana,_delhi_-_dpcc_2025_May_delhi_2025.xlsx",Sheet1,"Bawana, Delhi - DPCC",14:00:00,31,0,0.0,False
"Bawana, Delhi - DPCC/AQI Hourly/aqi_hourly_station_level_bawana,_delhi_-_dpcc_2025_May_delhi_2025.xlsx",Sheet1,"Bawana, Delhi - DPCC",15:00:00,31,0,0.0,False
"Bawana, Delhi - DPCC/AQI Hourly/aqi_hourly_station_level_bawana,_delhi_-_dpcc_2025_May_delhi_2025.xlsx",Sheet1,"Bawana, Delhi - DPCC",16:00:00,31,0,0.0,False
"Bawana, Delhi - DPCC/AQI Hourly/aqi_hourly_station_level_bawana,_delhi_-_dpcc_2025_May_delhi_2025.xlsx",Sheet1,"Bawana, Delhi - DPCC",17:00:00,31,0,0.0,False
"Bawana, Delhi - DPCC/AQI Hourly/aqi_hourly_station_level_bawana,_delhi_-_dpcc_2025_May_delhi_2025.xlsx",Sheet1,"Bawana, Delhi - DPCC",18:00:00,31,1,3.23,False
"Bawana, Delhi - DPCC/AQI Hourly/aqi_hourly_station_level_bawana,_delhi_-_dpcc_2025_May_delhi_2025.xlsx",Sheet1,"Bawana, Delhi - DPCC",19:00:00,31,0,0.0,False
"Bawana, Delhi - DPCC/AQI Hourly/aqi_hourly_station_level_bawana,_delhi_-_dpcc_2025_May_delhi_2025.xlsx",Sheet1,"Bawana, Delhi - DPCC",20:00:00,31,0,0.0,False
"Bawana, Delhi - DPCC/AQI Hourly/aqi_hourly_station_level_bawana,_delhi_-_dpcc_2025_May_delhi_2025.xlsx",Sheet1,"Bawana, Delhi - DPCC",21:00:00,31,1,3.23,False
"Bawana, Delhi - DPCC/AQI Hourly/aqi_hourly_station_level_bawana,_delhi_-_dpcc_2025_May_delhi_2025.xlsx",Sheet1,"Bawana, Delhi - DPCC",22:00:00,31,1,3.23,False
"Bawana, Delhi - DPCC/AQI Hourly/aqi_hourly_station_level_bawana,_delhi_-_dpcc_2025_May_delhi_2025.xlsx",Sheet1,"Bawana, Delhi - DPCC",23:00:00,31,1,3.23,False
"Bawana, Delhi - DPCC/AQI Hourly/aqi_hourly_station_level_bawana,_delhi_-_dpcc_2025_November_delhi_2025.xlsx",Sheet1,"Bawana, Delhi - DPCC",Date,30,0,0.0,False
"Bawana, Delhi - DPCC/AQI Hourly/aqi_hourly_station_level_bawana,_delhi_-_dpcc_2025_November_delhi_2025.xlsx",Sheet1,"Bawana, Delhi - DPCC",00:00:00,30,1,3.33,False
"Bawana, Delhi - DPCC/AQI Hourly/aqi_hourly_station_level_bawana,_delhi_-_dpcc_2025_November_delhi_2025.xlsx",Sheet1,"Bawana, Delhi - DPCC",01:00:00,30,0,0.0,False
"Bawana, Delhi - DPCC/AQI Hourly/aqi_hourly_station_level_bawana,_delhi_-_dpcc_2025_November_delhi_2025.xlsx",Sheet1,"Bawana, Delhi - DPCC",02:00:00,30,1,3.33,False
"Bawana, Delhi - DPCC/AQI Hourly/aqi_hourly_station_level_bawana,_delhi_-_dpcc_2025_November_delhi_2025.xlsx",Sheet1,"Bawana, Delhi - DPCC",03:00:00,30,0,0.0,False
"Bawana, Delhi - DPCC/AQI Hourly/aqi_hourly_station_level_bawana,_delhi_-_dpcc_2025_November_delhi_2025.xlsx",Sheet1,"Bawana, Delhi - DPCC",04:00:00,30,0,0.0,False
"Bawana, Delhi - DPCC/AQI Hourly/aqi_hourly_station_level_bawana,_delhi_-_dpcc_2025_November_delhi_2025.xlsx",Sheet1,"Bawana, Delhi - DPCC",05:00:00,30,0,0.0,False
"Bawana, Delhi - DPCC/AQI Hourly/aqi_hourly_station_level_bawana,_delhi_-_dpcc_2025_November_delhi_2025.xlsx",Sheet1,"Bawana, Delhi - DPCC",06:00:00,30,1,3.33,False
"Bawana, Delhi - DPCC/AQI Hourly/aqi_hourly_station_level_bawana,_delhi_-_dpcc_2025_November_delhi_2025.xlsx",Sheet1,"Bawana, Delhi - DPCC",07:00:00,30,0,0.0,False
"Bawana, Delhi - DPCC/AQI Hourly/aqi_hourly_station_level_bawana,_delhi_-_dpcc_2025_November_delhi_2025.xlsx",Sheet1,"Bawana, Delhi - DPCC",08:00:00,30,0,0.0,False
"Bawana, Delhi - DPCC/AQI Hourly/aqi_hourly_station_level_bawana,_delhi_-_dpcc_2025_November_delhi_2025.xlsx",Sheet1,"Bawana, Delhi - DPCC",09:00:00,30,0,0.0,False
"Bawana, Delhi - DPCC/AQI Hourly/aqi_hourly_station_level_bawana,_delhi_-_dpcc_2025_November_delhi_2025.xlsx",Sheet1,"Bawana, Delhi - DPCC",10:00:00,30,0,0.0,False
"Bawana, Delhi - DPCC/AQI Hourly/aqi_hourly_station_level_bawana,_delhi_-_dpcc_2025_November_delhi_2025.xlsx",Sheet1,"Bawana, Delhi - DPCC",11:00:00,30,0,0.0,False
"Bawana, Delhi - DPCC/AQI Hourly/aqi_hourly_station_level_bawana,_delhi_-_dpcc_2025_November_delhi_2025.xlsx",Sheet1,"Bawana, Delhi - DPCC",12:00:00,30,0,0.0,False
"Bawana, Delhi - DPCC/AQI Hourly/aqi_hourly_station_level_bawana,_delhi_-_dpcc_2025_November_delhi_2025.xlsx",Sheet1,"Bawana, Delhi - DPCC",13:00:00,30,0,0.0,False
"Bawana, Delhi - DPCC/AQI Hourly/aqi_hourly_station_level_bawana,_delhi_-_dpcc_2025_November_delhi_2025.xlsx",Sheet1,"Bawana, Delhi - DPCC",14:00:00,30,0,0.0,False
"Bawana, Delhi - DPCC/AQI Hourly/aqi_hourly_station_level_bawana,_delhi_-_dpcc_2025_November_delhi_2025.xlsx",Sheet1,"Bawana, Delhi - DPCC",15:00:00,30,0,0.0,False
"Bawana, Delhi - DPCC/AQI Hourly/aqi_hourly_station_level_bawana,_delhi_-_dpcc_2025_November_delhi_2025.xlsx",Sheet1,"Bawana, Delhi - DPCC",16:00:00,30,0,0.0,False
"Bawana, Delhi - DPCC/AQI Hourly/aqi_hourly_station_level_bawana,_delhi_-_dpcc_2025_November_delhi_2025.xlsx",Sheet1,"Bawana, Delhi - DPCC",17:00:00,30,0,0.0,False
"Bawana, Delhi - DPCC/AQI Hourly/aqi_hourly_station_level_bawana,_delhi_-_dpcc_2025_November_delhi_2025.xlsx",Sheet1,"Bawana, Delhi - DPCC",18:00:00,30,0,0.0,False
"Bawana, Delhi - DPCC/AQI Hourly/aqi_hourly_station_level_bawana,_delhi_-_dpcc_2025_November_delhi_2025.xlsx",Sheet1,"Bawana, Delhi - DPCC",19:00:00,30,0,0.0,False
"Bawana, Delhi - DPCC/AQI Hourly/aqi_hourly_station_level_bawana,_delhi_-_dpcc_2025_November_delhi_2025.xlsx",Sheet1,"Bawana, Delhi - DPCC",20:00:00,30,0,0.0,False
"Bawana, Delhi - DPCC/AQI Hourly/aqi_hourly_station_level_bawana,_delhi_-_dpcc_2025_November_delhi_2025.xlsx",Sheet1,"Bawana, Delhi - DPCC",21:00:00,30,0,0.0,False
"Bawana, Delhi - DPCC/AQI Hourly/aqi_hourly_station_level_bawana,_delhi_-_dpcc_2025_November_delhi_2025.xlsx",Sheet1,"Bawana, Delhi - DPCC",22:00:00,30,0,0.0,False
"Bawana, Delhi - DPCC/AQI Hourly/aqi_hourly_station_level_bawana,_delhi_-_dpcc_2025_November_delhi_2025.xlsx",Sheet1,"Bawana, Delhi - DPCC",23:00:00,30,0,0.0,False
"Bawana, Delhi - DPCC/AQI Hourly/aqi_hourly_station_level_bawana,_delhi_-_dpcc_2025_October_delhi_2025.xlsx",Sheet1,"Bawana, Delhi - DPCC",Date,31,0,0.0,False
"Bawana, Delhi - DPCC/AQI Hourly/aqi_hourly_station_level_bawana,_delhi_-_dpcc_2025_October_delhi_2025.xlsx",Sheet1,"Bawana, Delhi - DPCC",00:00:00,31,1,3.23,False
"Bawana, Delhi - DPCC/AQI Hourly/aqi_hourly_station_level_bawana,_delhi_-_dpcc_2025_October_delhi_2025.xlsx",Sheet1,"Bawana, Delhi - DPCC",01:00:00,31,0,0.0,False
"Bawana, Delhi - DPCC/AQI Hourly/aqi_hourly_station_level_bawana,_delhi_-_dpcc_2025_October_delhi_2025.xlsx",Sheet1,"Bawana, Delhi - DPCC",02:00:00,31,0,0.0,False
"Bawana, Delhi - DPCC/AQI Hourly/aqi_hourly_station_level_bawana,_delhi_-_dpcc_2025_October_delhi_2025.xlsx",Sheet1,"Bawana, Delhi - DPCC",03:00:00,31,0,0.0,False
"Bawana, Delhi - DPCC/AQI Hourly/aqi_hourly_station_level_bawana,_delhi_-_dpcc_2025_October_delhi_2025.xlsx",Sheet1,"Bawana, Delhi - DPCC",04:00:00,31,2,6.45,False
"Bawana, Delhi - DPCC/AQI Hourly/aqi_hourly_station_level_bawana,_delhi_-_dpcc_2025_October_delhi_2025.xlsx",Sheet1,"Bawana, Delhi - DPCC",05:00:00,31,0,0.0,False
"Bawana, Delhi - DPCC/AQI Hourly/aqi_hourly_station_level_bawana,_delhi_-_dpcc_2025_October_delhi_2025.xlsx",Sheet1,"Bawana, Delhi - DPCC",06:00:00,31,0,0.0,False
"Bawana, Delhi - DPCC/AQI Hourly/aqi_hourly_station_level_bawana,_delhi_-_dpcc_2025_October_delhi_2025.xlsx",Sheet1,"Bawana, Delhi - DPCC",07:00:00,31,0,0.0,False
"Bawana, Delhi - DPCC/AQI Hourly/aqi_hourly_station_level_bawana,_delhi_-_dpcc_2025_October_delhi_2025.xlsx",Sheet1,"Bawana, Delhi - DPCC",08:00:00,31,0,0.0,False
"Bawana, Delhi - DPCC/AQI Hourly/aqi_hourly_station_level_bawana,_delhi_-_dpcc_2025_October_delhi_2025.xlsx",Sheet1,"Bawana, Delhi - DPCC",09:00:00,31,0,0.0,False
"Bawana, Delhi - DPCC/AQI Hourly/aqi_hourly_station_level_bawana,_delhi_-_dpcc_2025_October_delhi_2025.xlsx",Sheet1,"Bawana, Delhi - DPCC",10:00:00,31,0,0.0,False
"Bawana, Delhi - DPCC/AQI Hourly/aqi_hourly_station_level_bawana,_delhi_-_dpcc_2025_October_delhi_2025.xlsx",Sheet1,"Bawana, Delhi - DPCC",11:00:00,31,0,0.0,False
"Bawana, Delhi - DPCC/AQI Hourly/aqi_hourly_station_level_bawana,_delhi_-_dpcc_2025_October_delhi_2025.xlsx",Sheet1,"Bawana, Delhi - DPCC",12:00:00,31,0,0.0,False
"Bawana, Delhi - DPCC/AQI Hourly/aqi_hourly_station_level_bawana,_delhi_-_dpcc_2025_October_delhi_2025.xlsx",Sheet1,"Bawana, Delhi - DPCC",13:00:00,31,0,0.0,False
"Bawana, Delhi - DPCC/AQI Hourly/aqi_hourly_station_level_bawana,_delhi_-_dpcc_2025_October_delhi_2025.xlsx",Sheet1,"Bawana, Delhi - DPCC",14:00:00,31,0,0.0,False
"Bawana, Delhi - DPCC/AQI Hourly/aqi_hourly_station_level_bawana,_delhi_-_dpcc_2025_October_delhi_2025.xlsx",Sheet1,"Bawana, Delhi - DPCC",15:00:00,31,0,0.0,False
"Bawana, Delhi - DPCC/AQI Hourly/aqi_hourly_station_level_bawana,_delhi_-_dpcc_2025_October_delhi_2025.xlsx",Sheet1,"Bawana, Delhi - DPCC",16:00:00,31,0,0.0,False
"Bawana, Delhi - DPCC/AQI Hourly/aqi_hourly_station_level_bawana,_delhi_-_dpcc_2025_October_delhi_2025.xlsx",Sheet1,"Bawana, Delhi - DPCC",17:00:00,31,1,3.23,False
"Bawana, Delhi - DPCC/AQI Hourly/aqi_hourly_station_level_bawana,_delhi_-_dpcc_2025_October_delhi_2025.xlsx",Sheet1,"Bawana, Delhi - DPCC",18:00:00,31,1,3.23,False
"Bawana, Delhi - DPCC/AQI Hourly/aqi_hourly_station_level_bawana,_delhi_-_dpcc_2025_October_delhi_2025.xlsx",Sheet1,"Bawana, Delhi - DPCC",19:00:00,31,0,0.0,False
"Bawana, Delhi - DPCC/AQI Hourly/aqi_hourly_station_level_bawana,_delhi_-_dpcc_2025_October_delhi_2025.xlsx",Sheet1,"Bawana, Delhi - DPCC",20:00:00,31,0,0.0,False
"Bawana, Delhi - DPCC/AQI Hourly/aqi_hourly_station_level_bawana,_delhi_-_dpcc_2025_October_delhi_2025.xlsx",Sheet1,"Bawana, Delhi - DPCC",21:00:00,31,0,0.0,False
"Bawana, Delhi - DPCC/AQI Hourly/aqi_hourly_station_level_bawana,_delhi_-_dpcc_2025_October_delhi_2025.xlsx",Sheet1,"Bawana, Delhi - DPCC",22:00:00,31,0,0.0,False
"Bawana, Delhi - DPCC/AQI Hourly/aqi_hourly_station_level_bawana,_delhi_-_dpcc_2025_October_delhi_2025.xlsx",Sheet1,"Bawana, Delhi - DPCC",23:00:00,31,1,3.23,False
"Bawana, Delhi - DPCC/AQI Hourly/aqi_hourly_station_level_bawana,_delhi_-_dpcc_2025_September_delhi_2025.xlsx",Sheet1,"Bawana, Delhi - DPCC",Date,30,0,0.0,False
"Bawana, Delhi - DPCC/AQI Hourly/aqi_hourly_station_level_bawana,_delhi_-_dpcc_2025_September_delhi_2025.xlsx",Sheet1,"Bawana, Delhi - DPCC",00:00:00,30,1,3.33,False
"Bawana, Delhi - DPCC/AQI Hourly/aqi_hourly_station_level_bawana,_delhi_-_dpcc_2025_September_delhi_2025.xlsx",Sheet1,"Bawana, Delhi - DPCC",01:00:00,30,1,3.33,False
"Bawana, Delhi - DPCC/AQI Hourly/aqi_hourly_station_level_bawana,_delhi_-_dpcc_2025_September_delhi_2025.xlsx",Sheet1,"Bawana, Delhi - DPCC",02:00:00,30,2,6.67,False
"Bawana, Delhi - DPCC/AQI Hourly/aqi_hourly_station_level_bawana,_delhi_-_dpcc_2025_September_delhi_2025.xlsx",Sheet1,"Bawana, Delhi - DPCC",03:00:00,30,2,6.67,False
"Bawana, Delhi - DPCC/AQI Hourly/aqi_hourly_station_level_bawana,_delhi_-_dpcc_2025_September_delhi_2025.xlsx",Sheet1,"Bawana, Delhi - DPCC",04:00:00,30,2,6.67,False
"Bawana, Delhi - DPCC/AQI Hourly/aqi_hourly_station_level_bawana,_delhi_-_dpcc_2025_September_delhi_2025.xlsx",Sheet1,"Bawana, Delhi - DPCC",05:00:00,30,2,6.67,False
"Bawana, Delhi - DPCC/AQI Hourly/aqi_hourly_station_level_bawana,_delhi_-_dpcc_2025_September_delhi_2025.xlsx",Sheet1,"Bawana, Delhi - DPCC",06:00:00,30,2,6.67,False
"Bawana, Delhi - DPCC/AQI Hourly/aqi_hourly_station_level_bawana,_delhi_-_dpcc_2025_September_delhi_2025.xlsx",Sheet1,"Bawana, Delhi - DPCC",07:00:00,30,2,6.67,False
"Bawana, Delhi - DPCC/AQI Hourly/aqi_hourly_station_level_bawana,_delhi_-_dpcc_2025_September_delhi_2025.xlsx",Sheet1,"Bawana, Delhi - DPCC",08:00:00,30,2,6.67,False
"Bawana, Delhi - DPCC/AQI Hourly/aqi_hourly_station_level_bawana,_delhi_-_dpcc_2025_September_delhi_2025.xlsx",Sheet1,"Bawana, Delhi - DPCC",09:00:00,30,2,6.67,False
"Bawana, Delhi - DPCC/AQI Hourly/aqi_hourly_station_level_bawana,_delhi_-_dpcc_2025_September_delhi_2025.xlsx",Sheet1,"Bawana, Delhi - DPCC",10:00:00,30,2,6.67,False
"Bawana, Delhi - DPCC/AQI Hourly/aqi_hourly_station_level_bawana,_delhi_-_dpcc_2025_September_delhi_2025.xlsx",Sheet1,"Bawana, Delhi - DPCC",11:00:00,30,2,6.67,False
"Bawana, Delhi - DPCC/AQI Hourly/aqi_hourly_station_level_bawana,_delhi_-_dpcc_2025_September_delhi_2025.xlsx",Sheet1,"Bawana, Delhi - DPCC",12:00:00,30,2,6.67,False
"Bawana, Delhi - DPCC/AQI Hourly/aqi_hourly_station_level_bawana,_delhi_-_dpcc_2025_September_delhi_2025.xlsx",Sheet1,"Bawana, Delhi - DPCC",13:00:00,30,1,3.33,False
"Bawana, Delhi - DPCC/AQI Hourly/aqi_hourly_station_level_bawana,_delhi_-_dpcc_2025_September_delhi_2025.xlsx",Sheet1,"Bawana, Delhi - DPCC",14:00:00,30,1,3.33,False
"Bawana, Delhi - DPCC/AQI Hourly/aqi_hourly_station_level_bawana,_delhi_-_dpcc_2025_September_delhi_2025.xlsx",Sheet1,"Bawana, Delhi - DPCC",15:00:00,30,1,3.33,False
"Bawana, Delhi - DPCC/AQI Hourly/aqi_hourly_station_level_bawana,_delhi_-_dpcc_2025_September_delhi_2025.xlsx",Sheet1,"Bawana, Delhi - DPCC",16:00:00,30,1,3.33,False
"Bawana, Delhi - DPCC/AQI Hourly/aqi_hourly_station_level_bawana,_delhi_-_dpcc_2025_September_delhi_2025.xlsx",Sheet1,"Bawana, Delhi - DPCC",17:00:00,30,1,3.33,False
"Bawana, Delhi - DPCC/AQI Hourly/aqi_hourly_station_level_bawana,_delhi_-_dpcc_2025_September_delhi_2025.xlsx",Sheet1,"Bawana, Delhi - DPCC",18:00:00,30,2,6.67,False
"Bawana, Delhi - DPCC/AQI Hourly/aqi_hourly_station_level_bawana,_delhi_-_dpcc_2025_September_delhi_2025.xlsx",Sheet1,"Bawana, Delhi - DPCC",19:00:00,30,1,3.33,False
"Bawana, Delhi - DPCC/AQI Hourly/aqi_hourly_station_level_bawana,_delhi_-_dpcc_2025_September_delhi_2025.xlsx",Sheet1,"Bawana, Delhi - DPCC",20:00:00,30,1,3.33,False
"Bawana, Delhi - DPCC/AQI Hourly/aqi_hourly_station_level_bawana,_delhi_-_dpcc_2025_September_delhi_2025.xlsx",Sheet1,"Bawana, Delhi - DPCC",21:00:00,30,1,3.33,False
"Bawana, Delhi - DPCC/AQI Hourly/aqi_hourly_station_level_bawana,_delhi_-_dpcc_2025_September_delhi_2025.xlsx",Sheet1,"Bawana, Delhi - DPCC",22:00:00,30,1,3.33,False
"Bawana, Delhi - DPCC/AQI Hourly/aqi_hourly_station_level_bawana,_delhi_-_dpcc_2025_September_delhi_2025.xlsx",Sheet1,"Bawana, Delhi - DPCC",23:00:00,30,2,6.67,False
"Bawana, Delhi - DPCC/Raw Data/2024_raw_data_hourly_bawana,_delhi_-_dpcc_1H.csv",sheet1,"Bawana, Delhi - DPCC",Timestamp,8784,0,0.0,False
"Bawana, Delhi - DPCC/Raw Data/2024_raw_data_hourly_bawana,_delhi_-_dpcc_1H.csv",sheet1,"Bawana, Delhi - DPCC",PM2.5 (µg/m³),8784,178,2.03,False
"Bawana, Delhi - DPCC/Raw Data/2024_raw_data_hourly_bawana,_delhi_-_dpcc_1H.csv",sheet1,"Bawana, Delhi - DPCC",PM10 (µg/m³),8784,153,1.74,False
"Bawana, Delhi - DPCC/Raw Data/2024_raw_data_hourly_bawana,_delhi_-_dpcc_1H.csv",sheet1,"Bawana, Delhi - DPCC",NO (µg/m³),8784,146,1.66,False
"Bawana, Delhi - DPCC/Raw Data/2024_raw_data_hourly_bawana,_delhi_-_dpcc_1H.csv",sheet1,"Bawana, Delhi - DPCC",NO2 (µg/m³),8784,130,1.48,False
"Bawana, Delhi - DPCC/Raw Data/2024_raw_data_hourly_bawana,_delhi_-_dpcc_1H.csv",sheet1,"Bawana, Delhi - DPCC",NOx (ppb),8784,128,1.46,False
"Bawana, Delhi - DPCC/Raw Data/2024_raw_data_hourly_bawana,_delhi_-_dpcc_1H.csv",sheet1,"Bawana, Delhi - DPCC",NH3 (µg/m³),8784,132,1.5,False
"Bawana, Delhi - DPCC/Raw Data/2024_raw_data_hourly_bawana,_delhi_-_dpcc_1H.csv",sheet1,"Bawana, Delhi - DPCC",SO2 (µg/m³),8784,177,2.02,False
"Bawana, Delhi - DPCC/Raw Data/2024_raw_data_hourly_bawana,_delhi_-_dpcc_1H.csv",sheet1,"Bawana, Delhi - DPCC",CO (mg/m³),8784,148,1.68,False
"Bawana, Delhi - DPCC/Raw Data/2024_raw_data_hourly_bawana,_delhi_-_dpcc_1H.csv",sheet1,"Bawana, Delhi - DPCC",Ozone (µg/m³),8784,145,1.65,False
"Bawana, Delhi - DPCC/Raw Data/2024_raw_data_hourly_bawana,_delhi_-_dpcc_1H.csv",sheet1,"Bawana, Delhi - DPCC",Benzene (µg/m³),8784,109,1.24,False
"Bawana, Delhi - DPCC/Raw Data/2024_raw_data_hourly_bawana,_delhi_-_dpcc_1H.csv",sheet1,"Bawana, Delhi - DPCC",Toluene (µg/m³),8784,109,1.24,False
"Bawana, Delhi - DPCC/Raw Data/2024_raw_data_hourly_bawana,_delhi_-_dpcc_1H.csv",sheet1,"Bawana, Delhi - DPCC",Xylene (µg/m³),8784,8784,100.0,True
"Bawana, Delhi - DPCC/Raw Data/2024_raw_data_hourly_bawana,_delhi_-_dpcc_1H.csv",sheet1,"Bawana, Delhi - DPCC",O Xylene (µg/m³),8784,8784,100.0,True
"Bawana, Delhi - DPCC/Raw Data/2024_raw_data_hourly_bawana,_delhi_-_dpcc_1H.csv",sheet1,"Bawana, Delhi - DPCC",Eth-Benzene (µg/m³),8784,8784,100.0,True
"Bawana, Delhi - DPCC/Raw Data/2024_raw_data_hourly_bawana,_delhi_-_dpcc_1H.csv",sheet1,"Bawana, Delhi - DPCC",MP-Xylene (µg/m³),8784,8784,100.0,True
"Bawana, Delhi - DPCC/Raw Data/2024_raw_data_hourly_bawana,_delhi_-_dpcc_1H.csv",sheet1,"Bawana, Delhi - DPCC",AT (°C),8784,37,0.42,False
"Bawana, Delhi - DPCC/Raw Data/2024_raw_data_hourly_bawana,_delhi_-_dpcc_1H.csv",sheet1,"Bawana, Delhi - DPCC",RH (%),8784,37,0.42,False
"Bawana, Delhi - DPCC/Raw Data/2024_raw_data_hourly_bawana,_delhi_-_dpcc_1H.csv",sheet1,"Bawana, Delhi - DPCC",WS (m/s),8784,411,4.68,False
"Bawana, Delhi - DPCC/Raw Data/2024_raw_data_hourly_bawana,_delhi_-_dpcc_1H.csv",sheet1,"Bawana, Delhi - DPCC",WD (deg),8784,149,1.7,False
"Bawana, Delhi - DPCC/Raw Data/2024_raw_data_hourly_bawana,_delhi_-_dpcc_1H.csv",sheet1,"Bawana, Delhi - DPCC",RF (mm),8784,37,0.42,False
"Bawana, Delhi - DPCC/Raw Data/2024_raw_data_hourly_bawana,_delhi_-_dpcc_1H.csv",sheet1,"Bawana, Delhi - DPCC",TOT-RF (mm),8784,0,0.0,False
"Bawana, Delhi - DPCC/Raw Data/2024_raw_data_hourly_bawana,_delhi_-_dpcc_1H.csv",sheet1,"Bawana, Delhi - DPCC",SR (W/mt2),8784,37,0.42,False
"Bawana, Delhi - DPCC/Raw Data/2024_raw_data_hourly_bawana,_delhi_-_dpcc_1H.csv",sheet1,"Bawana, Delhi - DPCC",BP (mmHg),8784,37,0.42,False
"Bawana, Delhi - DPCC/Raw Data/2024_raw_data_hourly_bawana,_delhi_-_dpcc_1H.csv",sheet1,"Bawana, Delhi - DPCC",VWS (m/s),8784,8784,100.0,True
"Bawana, Delhi - DPCC/Raw Data/2025_raw_data_hourly_bawana,_delhi_-_dpcc_1H.csv",sheet1,"Bawana, Delhi - DPCC",Timestamp,8760,0,0.0,False
"Bawana, Delhi - DPCC/Raw Data/2025_raw_data_hourly_bawana,_delhi_-_dpcc_1H.csv",sheet1,"Bawana, Delhi - DPCC",PM2.5 (µg/m³),8760,200,2.28,False
"Bawana, Delhi - DPCC/Raw Data/2025_raw_data_hourly_bawana,_delhi_-_dpcc_1H.csv",sheet1,"Bawana, Delhi - DPCC",PM10 (µg/m³),8760,185,2.11,False
"Bawana, Delhi - DPCC/Raw Data/2025_raw_data_hourly_bawana,_delhi_-_dpcc_1H.csv",sheet1,"Bawana, Delhi - DPCC",NO (µg/m³),8760,128,1.46,False
"Bawana, Delhi - DPCC/Raw Data/2025_raw_data_hourly_bawana,_delhi_-_dpcc_1H.csv",sheet1,"Bawana, Delhi - DPCC",NO2 (µg/m³),8760,57,0.65,False
"Bawana, Delhi - DPCC/Raw Data/2025_raw_data_hourly_bawana,_delhi_-_dpcc_1H.csv",sheet1,"Bawana, Delhi - DPCC",NOx (ppb),8760,41,0.47,False
"Bawana, Delhi - DPCC/Raw Data/2025_raw_data_hourly_bawana,_delhi_-_dpcc_1H.csv",sheet1,"Bawana, Delhi - DPCC",NH3 (µg/m³),8760,49,0.56,False
"Bawana, Delhi - DPCC/Raw Data/2025_raw_data_hourly_bawana,_delhi_-_dpcc_1H.csv",sheet1,"Bawana, Delhi - DPCC",SO2 (µg/m³),8760,95,1.08,False
"Bawana, Delhi - DPCC/Raw Data/2025_raw_data_hourly_bawana,_delhi_-_dpcc_1H.csv",sheet1,"Bawana, Delhi - DPCC",CO (mg/m³),8760,100,1.14,False
"Bawana, Delhi - DPCC/Raw Data/2025_raw_data_hourly_bawana,_delhi_-_dpcc_1H.csv",sheet1,"Bawana, Delhi - DPCC",Ozone (µg/m³),8760,82,0.94,False
"Bawana, Delhi - DPCC/Raw Data/2025_raw_data_hourly_bawana,_delhi_-_dpcc_1H.csv",sheet1,"Bawana, Delhi - DPCC",Benzene (µg/m³),8760,86,0.98,False
"Bawana, Delhi - DPCC/Raw Data/2025_raw_data_hourly_bawana,_delhi_-_dpcc_1H.csv",sheet1,"Bawana, Delhi - DPCC",Toluene (µg/m³),8760,84,0.96,False
"Bawana, Delhi - DPCC/Raw Data/2025_raw_data_hourly_bawana,_delhi_-_dpcc_1H.csv",sheet1,"Bawana, Delhi - DPCC",Xylene (µg/m³),8760,8760,100.0,True
"Bawana, Delhi - DPCC/Raw Data/2025_raw_data_hourly_bawana,_delhi_-_dpcc_1H.csv",sheet1,"Bawana, Delhi - DPCC",O Xylene (µg/m³),8760,8760,100.0,True
"Bawana, Delhi - DPCC/Raw Data/2025_raw_data_hourly_bawana,_delhi_-_dpcc_1H.csv",sheet1,"Bawana, Delhi - DPCC",Eth-Benzene (µg/m³),8760,8760,100.0,True
"Bawana, Delhi - DPCC/Raw Data/2025_raw_data_hourly_bawana,_delhi_-_dpcc_1H.csv",sheet1,"Bawana, Delhi - DPCC",MP-Xylene (µg/m³),8760,8760,100.0,True
"Bawana, Delhi - DPCC/Raw Data/2025_raw_data_hourly_bawana,_delhi_-_dpcc_1H.csv",sheet1,"Bawana, Delhi - DPCC",AT (°C),8760,36,0.41,False
"Bawana, Delhi - DPCC/Raw Data/2025_raw_data_hourly_bawana,_delhi_-_dpcc_1H.csv",sheet1,"Bawana, Delhi - DPCC",RH (%),8760,36,0.41,False
"Bawana, Delhi - DPCC/Raw Data/2025_raw_data_hourly_bawana,_delhi_-_dpcc_1H.csv",sheet1,"Bawana, Delhi - DPCC",WS (m/s),8760,518,5.91,False
"Bawana, Delhi - DPCC/Raw Data/2025_raw_data_hourly_bawana,_delhi_-_dpcc_1H.csv",sheet1,"Bawana, Delhi - DPCC",WD (deg),8760,200,2.28,False
"Bawana, Delhi - DPCC/Raw Data/2025_raw_data_hourly_bawana,_delhi_-_dpcc_1H.csv",sheet1,"Bawana, Delhi - DPCC",RF (mm),8760,36,0.41,False
"Bawana, Delhi - DPCC/Raw Data/2025_raw_data_hourly_bawana,_delhi_-_dpcc_1H.csv",sheet1,"Bawana, Delhi - DPCC",TOT-RF (mm),8760,0,0.0,False
"Bawana, Delhi - DPCC/Raw Data/2025_raw_data_hourly_bawana,_delhi_-_dpcc_1H.csv",sheet1,"Bawana, Delhi - DPCC",SR (W/mt2),8760,36,0.41,False
"Bawana, Delhi - DPCC/Raw Data/2025_raw_data_hourly_bawana,_delhi_-_dpcc_1H.csv",sheet1,"Bawana, Delhi - DPCC",BP (mmHg),8760,36,0.41,False
"Bawana, Delhi - DPCC/Raw Data/2025_raw_data_hourly_bawana,_delhi_-_dpcc_1H.csv",sheet1,"Bawana, Delhi - DPCC",VWS (m/s),8760,8760,100.0,True
"Bawana, Delhi - DPCC/Raw Data/2026_raw_data_hourly_bawana,_delhi_-_dpcc_1H.csv",sheet1,"Bawana, Delhi - DPCC",Timestamp,5088,0,0.0,False
"Bawana, Delhi - DPCC/Raw Data/2026_raw_data_hourly_bawana,_delhi_-_dpcc_1H.csv",sheet1,"Bawana, Delhi - DPCC",PM2.5 (µg/m³),5088,312,6.13,False
"Bawana, Delhi - DPCC/Raw Data/2026_raw_data_hourly_bawana,_delhi_-_dpcc_1H.csv",sheet1,"Bawana, Delhi - DPCC",PM10 (µg/m³),5088,242,4.76,False
"Bawana, Delhi - DPCC/Raw Data/2026_raw_data_hourly_bawana,_delhi_-_dpcc_1H.csv",sheet1,"Bawana, Delhi - DPCC",NO (µg/m³),5088,220,4.32,False
"Bawana, Delhi - DPCC/Raw Data/2026_raw_data_hourly_bawana,_delhi_-_dpcc_1H.csv",sheet1,"Bawana, Delhi - DPCC",NO2 (µg/m³),5088,162,3.18,False
"Bawana, Delhi - DPCC/Raw Data/2026_raw_data_hourly_bawana,_delhi_-_dpcc_1H.csv",sheet1,"Bawana, Delhi - DPCC",NOx (ppb),5088,162,3.18,False
"Bawana, Delhi - DPCC/Raw Data/2026_raw_data_hourly_bawana,_delhi_-_dpcc_1H.csv",sheet1,"Bawana, Delhi - DPCC",NH3 (µg/m³),5088,167,3.28,False
"Bawana, Delhi - DPCC/Raw Data/2026_raw_data_hourly_bawana,_delhi_-_dpcc_1H.csv",sheet1,"Bawana, Delhi - DPCC",SO2 (µg/m³),5088,163,3.2,False
"Bawana, Delhi - DPCC/Raw Data/2026_raw_data_hourly_bawana,_delhi_-_dpcc_1H.csv",sheet1,"Bawana, Delhi - DPCC",CO (mg/m³),5088,176,3.46,False
"Bawana, Delhi - DPCC/Raw Data/2026_raw_data_hourly_bawana,_delhi_-_dpcc_1H.csv",sheet1,"Bawana, Delhi - DPCC",Ozone (µg/m³),5088,158,3.11,False
"Bawana, Delhi - DPCC/Raw Data/2026_raw_data_hourly_bawana,_delhi_-_dpcc_1H.csv",sheet1,"Bawana, Delhi - DPCC",Benzene (µg/m³),5088,205,4.03,False
"Bawana, Delhi - DPCC/Raw Data/2026_raw_data_hourly_bawana,_delhi_-_dpcc_1H.csv",sheet1,"Bawana, Delhi - DPCC",Toluene (µg/m³),5088,205,4.03,False
"Bawana, Delhi - DPCC/Raw Data/2026_raw_data_hourly_bawana,_delhi_-_dpcc_1H.csv",sheet1,"Bawana, Delhi - DPCC",Xylene (µg/m³),5088,5088,100.0,True
"Bawana, Delhi - DPCC/Raw Data/2026_raw_data_hourly_bawana,_delhi_-_dpcc_1H.csv",sheet1,"Bawana, Delhi - DPCC",O Xylene (µg/m³),5088,637,12.52,False
"Bawana, Delhi - DPCC/Raw Data/2026_raw_data_hourly_bawana,_delhi_-_dpcc_1H.csv",sheet1,"Bawana, Delhi - DPCC",Eth-Benzene (µg/m³),5088,651,12.79,False
"Bawana, Delhi - DPCC/Raw Data/2026_raw_data_hourly_bawana,_delhi_-_dpcc_1H.csv",sheet1,"Bawana, Delhi - DPCC",MP-Xylene (µg/m³),5088,647,12.72,False
"Bawana, Delhi - DPCC/Raw Data/2026_raw_data_hourly_bawana,_delhi_-_dpcc_1H.csv",sheet1,"Bawana, Delhi - DPCC",AT (°C),5088,172,3.38,False
"Bawana, Delhi - DPCC/Raw Data/2026_raw_data_hourly_bawana,_delhi_-_dpcc_1H.csv",sheet1,"Bawana, Delhi - DPCC",RH (%),5088,172,3.38,False
"Bawana, Delhi - DPCC/Raw Data/2026_raw_data_hourly_bawana,_delhi_-_dpcc_1H.csv",sheet1,"Bawana, Delhi - DPCC",WS (m/s),5088,172,3.38,False
"Bawana, Delhi - DPCC/Raw Data/2026_raw_data_hourly_bawana,_delhi_-_dpcc_1H.csv",sheet1,"Bawana, Delhi - DPCC",WD (deg),5088,172,3.38,False
"Bawana, Delhi - DPCC/Raw Data/2026_raw_data_hourly_bawana,_delhi_-_dpcc_1H.csv",sheet1,"Bawana, Delhi - DPCC",RF (mm),5088,172,3.38,False
"Bawana, Delhi - DPCC/Raw Data/2026_raw_data_hourly_bawana,_delhi_-_dpcc_1H.csv",sheet1,"Bawana, Delhi - DPCC",TOT-RF (mm),5088,172,3.38,False
"Bawana, Delhi - DPCC/Raw Data/2026_raw_data_hourly_bawana,_delhi_-_dpcc_1H.csv",sheet1,"Bawana, Delhi - DPCC",SR (W/mt2),5088,172,3.38,False
"Bawana, Delhi - DPCC/Raw Data/2026_raw_data_hourly_bawana,_delhi_-_dpcc_1H.csv",sheet1,"Bawana, Delhi - DPCC",BP (mmHg),5088,172,3.38,False
"Bawana, Delhi - DPCC/Raw Data/2026_raw_data_hourly_bawana,_delhi_-_dpcc_1H.csv",sheet1,"Bawana, Delhi - DPCC",VWS (m/s),5088,5088,100.0,True
"Dwarka-Sector 8, Delhi - DPCC/AQI Hourly/aqi_hourly_station_level_dwarka-sector_8,_delhi_-_dpcc__2025_April_delhi_2025.xlsx",Sheet1,"Dwarka-Sector 8, Delhi - DPCC",Date,30,0,0.0,False
"Dwarka-Sector 8, Delhi - DPCC/AQI Hourly/aqi_hourly_station_level_dwarka-sector_8,_delhi_-_dpcc__2025_April_delhi_2025.xlsx",Sheet1,"Dwarka-Sector 8, Delhi - DPCC",00:00:00,30,0,0.0,False
"Dwarka-Sector 8, Delhi - DPCC/AQI Hourly/aqi_hourly_station_level_dwarka-sector_8,_delhi_-_dpcc__2025_April_delhi_2025.xlsx",Sheet1,"Dwarka-Sector 8, Delhi - DPCC",01:00:00,30,0,0.0,False
"Dwarka-Sector 8, Delhi - DPCC/AQI Hourly/aqi_hourly_station_level_dwarka-sector_8,_delhi_-_dpcc__2025_April_delhi_2025.xlsx",Sheet1,"Dwarka-Sector 8, Delhi - DPCC",02:00:00,30,0,0.0,False
"Dwarka-Sector 8, Delhi - DPCC/AQI Hourly/aqi_hourly_station_level_dwarka-sector_8,_delhi_-_dpcc__2025_April_delhi_2025.xlsx",Sheet1,"Dwarka-Sector 8, Delhi - DPCC",03:00:00,30,1,3.33,False
"Dwarka-Sector 8, Delhi - DPCC/AQI Hourly/aqi_hourly_station_level_dwarka-sector_8,_delhi_-_dpcc__2025_April_delhi_2025.xlsx",Sheet1,"Dwarka-Sector 8, Delhi - DPCC",04:00:00,30,2,6.67,False
"Dwarka-Sector 8, Delhi - DPCC/AQI Hourly/aqi_hourly_station_level_dwarka-sector_8,_delhi_-_dpcc__2025_April_delhi_2025.xlsx",Sheet1,"Dwarka-Sector 8, Delhi - DPCC",05:00:00,30,0,0.0,False
"Dwarka-Sector 8, Delhi - DPCC/AQI Hourly/aqi_hourly_station_level_dwarka-sector_8,_delhi_-_dpcc__2025_April_delhi_2025.xlsx",Sheet1,"Dwarka-Sector 8, Delhi - DPCC",06:00:00,30,0,0.0,False
"Dwarka-Sector 8, Delhi - DPCC/AQI Hourly/aqi_hourly_station_level_dwarka-sector_8,_delhi_-_dpcc__2025_April_delhi_2025.xlsx",Sheet1,"Dwarka-Sector 8, Delhi - DPCC",07:00:00,30,0,0.0,False
"Dwarka-Sector 8, Delhi - DPCC/AQI Hourly/aqi_hourly_station_level_dwarka-sector_8,_delhi_-_dpcc__2025_April_delhi_2025.xlsx",Sheet1,"Dwarka-Sector 8, Delhi - DPCC",08:00:00,30,0,0.0,False
"Dwarka-Sector 8, Delhi - DPCC/AQI Hourly/aqi_hourly_station_level_dwarka-sector_8,_delhi_-_dpcc__2025_April_delhi_2025.xlsx",Sheet1,"Dwarka-Sector 8, Delhi - DPCC",09:00:00,30,0,0.0,False
"Dwarka-Sector 8, Delhi - DPCC/AQI Hourly/aqi_hourly_station_level_dwarka-sector_8,_delhi_-_dpcc__2025_April_delhi_2025.xlsx",Sheet1,"Dwarka-Sector 8, Delhi - DPCC",10:00:00,30,0,0.0,False
"Dwarka-Sector 8, Delhi - DPCC/AQI Hourly/aqi_hourly_station_level_dwarka-sector_8,_delhi_-_dpcc__2025_April_delhi_2025.xlsx",Sheet1,"Dwarka-Sector 8, Delhi - DPCC",11:00:00,30,1,3.33,False
"Dwarka-Sector 8, Delhi - DPCC/AQI Hourly/aqi_hourly_station_level_dwarka-sector_8,_delhi_-_dpcc__2025_April_delhi_2025.xlsx",Sheet1,"Dwarka-Sector 8, Delhi - DPCC",12:00:00,30,0,0.0,False
"Dwarka-Sector 8, Delhi - DPCC/AQI Hourly/aqi_hourly_station_level_dwarka-sector_8,_delhi_-_dpcc__2025_April_delhi_2025.xlsx",Sheet1,"Dwarka-Sector 8, Delhi - DPCC",13:00:00,30,1,3.33,False
"Dwarka-Sector 8, Delhi - DPCC/AQI Hourly/aqi_hourly_station_level_dwarka-sector_8,_delhi_-_dpcc__2025_April_delhi_2025.xlsx",Sheet1,"Dwarka-Sector 8, Delhi - DPCC",14:00:00,30,0,0.0,False
"Dwarka-Sector 8, Delhi - DPCC/AQI Hourly/aqi_hourly_station_level_dwarka-sector_8,_delhi_-_dpcc__2025_April_delhi_2025.xlsx",Sheet1,"Dwarka-Sector 8, Delhi - DPCC",15:00:00,30,0,0.0,False
"Dwarka-Sector 8, Delhi - DPCC/AQI Hourly/aqi_hourly_station_level_dwarka-sector_8,_delhi_-_dpcc__2025_April_delhi_2025.xlsx",Sheet1,"Dwarka-Sector 8, Delhi - DPCC",16:00:00,30,0,0.0,False
"Dwarka-Sector 8, Delhi - DPCC/AQI Hourly/aqi_hourly_station_level_dwarka-sector_8,_delhi_-_dpcc__2025_April_delhi_2025.xlsx",Sheet1,"Dwarka-Sector 8, Delhi - DPCC",17:00:00,30,0,0.0,False
"Dwarka-Sector 8, Delhi - DPCC/AQI Hourly/aqi_hourly_station_level_dwarka-sector_8,_delhi_-_dpcc__2025_April_delhi_2025.xlsx",Sheet1,"Dwarka-Sector 8, Delhi - DPCC",18:00:00,30,1,3.33,False
"Dwarka-Sector 8, Delhi - DPCC/AQI Hourly/aqi_hourly_station_level_dwarka-sector_8,_delhi_-_dpcc__2025_April_delhi_2025.xlsx",Sheet1,"Dwarka-Sector 8, Delhi - DPCC",19:00:00,30,1,3.33,False
"Dwarka-Sector 8, Delhi - DPCC/AQI Hourly/aqi_hourly_station_level_dwarka-sector_8,_delhi_-_dpcc__2025_April_delhi_2025.xlsx",Sheet1,"Dwarka-Sector 8, Delhi - DPCC",20:00:00,30,0,0.0,False
"Dwarka-Sector 8, Delhi - DPCC/AQI Hourly/aqi_hourly_station_level_dwarka-sector_8,_delhi_-_dpcc__2025_April_delhi_2025.xlsx",Sheet1,"Dwarka-Sector 8, Delhi - DPCC",21:00:00,30,0,0.0,False
"Dwarka-Sector 8, Delhi - DPCC/AQI Hourly/aqi_hourly_station_level_dwarka-sector_8,_delhi_-_dpcc__2025_April_delhi_2025.xlsx",Sheet1,"Dwarka-Sector 8, Delhi - DPCC",22:00:00,30,1,3.33,False
"Dwarka-Sector 8, Delhi - DPCC/AQI Hourly/aqi_hourly_station_level_dwarka-sector_8,_delhi_-_dpcc__2025_April_delhi_2025.xlsx",Sheet1,"Dwarka-Sector 8, Delhi - DPCC",23:00:00,30,0,0.0,False
"Dwarka-Sector 8, Delhi - DPCC/AQI Hourly/aqi_hourly_station_level_dwarka-sector_8,_delhi_-_dpcc__2025_August_delhi_2025.xlsx",Sheet1,"Dwarka-Sector 8, Delhi - DPCC",Date,31,0,0.0,False
"Dwarka-Sector 8, Delhi - DPCC/AQI Hourly/aqi_hourly_station_level_dwarka-sector_8,_delhi_-_dpcc__2025_August_delhi_2025.xlsx",Sheet1,"Dwarka-Sector 8, Delhi - DPCC",00:00:00,31,3,9.68,False
"Dwarka-Sector 8, Delhi - DPCC/AQI Hourly/aqi_hourly_station_level_dwarka-sector_8,_delhi_-_dpcc__2025_August_delhi_2025.xlsx",Sheet1,"Dwarka-Sector 8, Delhi - DPCC",01:00:00,31,2,6.45,False
"Dwarka-Sector 8, Delhi - DPCC/AQI Hourly/aqi_hourly_station_level_dwarka-sector_8,_delhi_-_dpcc__2025_August_delhi_2025.xlsx",Sheet1,"Dwarka-Sector 8, Delhi - DPCC",02:00:00,31,1,3.23,False
"Dwarka-Sector 8, Delhi - DPCC/AQI Hourly/aqi_hourly_station_level_dwarka-sector_8,_delhi_-_dpcc__2025_August_delhi_2025.xlsx",Sheet1,"Dwarka-Sector 8, Delhi - DPCC",03:00:00,31,3,9.68,False
"Dwarka-Sector 8, Delhi - DPCC/AQI Hourly/aqi_hourly_station_level_dwarka-sector_8,_delhi_-_dpcc__2025_August_delhi_2025.xlsx",Sheet1,"Dwarka-Sector 8, Delhi - DPCC",04:00:00,31,1,3.23,False
"Dwarka-Sector 8, Delhi - DPCC/AQI Hourly/aqi_hourly_station_level_dwarka-sector_8,_delhi_-_dpcc__2025_August_delhi_2025.xlsx",Sheet1,"Dwarka-Sector 8, Delhi - DPCC",05:00:00,31,2,6.45,False
"Dwarka-Sector 8, Delhi - DPCC/AQI Hourly/aqi_hourly_station_level_dwarka-sector_8,_delhi_-_dpcc__2025_August_delhi_2025.xlsx",Sheet1,"Dwarka-Sector 8, Delhi - DPCC",06:00:00,31,1,3.23,False
"Dwarka-Sector 8, Delhi - DPCC/AQI Hourly/aqi_hourly_station_level_dwarka-sector_8,_delhi_-_dpcc__2025_August_delhi_2025.xlsx",Sheet1,"Dwarka-Sector 8, Delhi - DPCC",07:00:00,31,1,3.23,False
"Dwarka-Sector 8, Delhi - DPCC/AQI Hourly/aqi_hourly_station_level_dwarka-sector_8,_delhi_-_dpcc__2025_August_delhi_2025.xlsx",Sheet1,"Dwarka-Sector 8, Delhi - DPCC",08:00:00,31,1,3.23,False
"Dwarka-Sector 8, Delhi - DPCC/AQI Hourly/aqi_hourly_station_level_dwarka-sector_8,_delhi_-_dpcc__2025_August_delhi_2025.xlsx",Sheet1,"Dwarka-Sector 8, Delhi - DPCC",09:00:00,31,1,3.23,False
"Dwarka-Sector 8, Delhi - DPCC/AQI Hourly/aqi_hourly_station_level_dwarka-sector_8,_delhi_-_dpcc__2025_August_delhi_2025.xlsx",Sheet1,"Dwarka-Sector 8, Delhi - DPCC",10:00:00,31,1,3.23,False
"Dwarka-Sector 8, Delhi - DPCC/AQI Hourly/aqi_hourly_station_level_dwarka-sector_8,_delhi_-_dpcc__2025_August_delhi_2025.xlsx",Sheet1,"Dwarka-Sector 8, Delhi - DPCC",11:00:00,31,1,3.23,False
"Dwarka-Sector 8, Delhi - DPCC/AQI Hourly/aqi_hourly_station_level_dwarka-sector_8,_delhi_-_dpcc__2025_August_delhi_2025.xlsx",Sheet1,"Dwarka-Sector 8, Delhi - DPCC",12:00:00,31,2,6.45,False
"Dwarka-Sector 8, Delhi - DPCC/AQI Hourly/aqi_hourly_station_level_dwarka-sector_8,_delhi_-_dpcc__2025_August_delhi_2025.xlsx",Sheet1,"Dwarka-Sector 8, Delhi - DPCC",13:00:00,31,2,6.45,False
"Dwarka-Sector 8, Delhi - DPCC/AQI Hourly/aqi_hourly_station_level_dwarka-sector_8,_delhi_-_dpcc__2025_August_delhi_2025.xlsx",Sheet1,"Dwarka-Sector 8, Delhi - DPCC",14:00:00,31,1,3.23,False
"Dwarka-Sector 8, Delhi - DPCC/AQI Hourly/aqi_hourly_station_level_dwarka-sector_8,_delhi_-_dpcc__2025_August_delhi_2025.xlsx",Sheet1,"Dwarka-Sector 8, Delhi - DPCC",15:00:00,31,1,3.23,False
"Dwarka-Sector 8, Delhi - DPCC/AQI Hourly/aqi_hourly_station_level_dwarka-sector_8,_delhi_-_dpcc__2025_August_delhi_2025.xlsx",Sheet1,"Dwarka-Sector 8, Delhi - DPCC",16:00:00,31,1,3.23,False
"Dwarka-Sector 8, Delhi - DPCC/AQI Hourly/aqi_hourly_station_level_dwarka-sector_8,_delhi_-_dpcc__2025_August_delhi_2025.xlsx",Sheet1,"Dwarka-Sector 8, Delhi - DPCC",17:00:00,31,2,6.45,False
"Dwarka-Sector 8, Delhi - DPCC/AQI Hourly/aqi_hourly_station_level_dwarka-sector_8,_delhi_-_dpcc__2025_August_delhi_2025.xlsx",Sheet1,"Dwarka-Sector 8, Delhi - DPCC",18:00:00,31,3,9.68,False
"Dwarka-Sector 8, Delhi - DPCC/AQI Hourly/aqi_hourly_station_level_dwarka-sector_8,_delhi_-_dpcc__2025_August_delhi_2025.xlsx",Sheet1,"Dwarka-Sector 8, Delhi - DPCC",19:00:00,31,2,6.45,False
"Dwarka-Sector 8, Delhi - DPCC/AQI Hourly/aqi_hourly_station_level_dwarka-sector_8,_delhi_-_dpcc__2025_August_delhi_2025.xlsx",Sheet1,"Dwarka-Sector 8, Delhi - DPCC",20:00:00,31,2,6.45,False
"Dwarka-Sector 8, Delhi - DPCC/AQI Hourly/aqi_hourly_station_level_dwarka-sector_8,_delhi_-_dpcc__2025_August_delhi_2025.xlsx",Sheet1,"Dwarka-Sector 8, Delhi - DPCC",21:00:00,31,2,6.45,False
"Dwarka-Sector 8, Delhi - DPCC/AQI Hourly/aqi_hourly_station_level_dwarka-sector_8,_delhi_-_dpcc__2025_August_delhi_2025.xlsx",Sheet1,"Dwarka-Sector 8, Delhi - DPCC",22:00:00,31,2,6.45,False
"Dwarka-Sector 8, Delhi - DPCC/AQI Hourly/aqi_hourly_station_level_dwarka-sector_8,_delhi_-_dpcc__2025_August_delhi_2025.xlsx",Sheet1,"Dwarka-Sector 8, Delhi - DPCC",23:00:00,31,2,6.45,False
"Dwarka-Sector 8, Delhi - DPCC/AQI Hourly/aqi_hourly_station_level_dwarka-sector_8,_delhi_-_dpcc__2025_December_delhi_2025.xlsx",Sheet1,"Dwarka-Sector 8, Delhi - DPCC",Date,31,0,0.0,False
"Dwarka-Sector 8, Delhi - DPCC/AQI Hourly/aqi_hourly_station_level_dwarka-sector_8,_delhi_-_dpcc__2025_December_delhi_2025.xlsx",Sheet1,"Dwarka-Sector 8, Delhi - DPCC",00:00:00,31,0,0.0,False
"Dwarka-Sector 8, Delhi - DPCC/AQI Hourly/aqi_hourly_station_level_dwarka-sector_8,_delhi_-_dpcc__2025_December_delhi_2025.xlsx",Sheet1,"Dwarka-Sector 8, Delhi - DPCC",01:00:00,31,0,0.0,False
"Dwarka-Sector 8, Delhi - DPCC/AQI Hourly/aqi_hourly_station_level_dwarka-sector_8,_delhi_-_dpcc__2025_December_delhi_2025.xlsx",Sheet1,"Dwarka-Sector 8, Delhi - DPCC",02:00:00,31,0,0.0,False
"Dwarka-Sector 8, Delhi - DPCC/AQI Hourly/aqi_hourly_station_level_dwarka-sector_8,_delhi_-_dpcc__2025_December_delhi_2025.xlsx",Sheet1,"Dwarka-Sector 8, Delhi - DPCC",03:00:00,31,0,0.0,False
"Dwarka-Sector 8, Delhi - DPCC/AQI Hourly/aqi_hourly_station_level_dwarka-sector_8,_delhi_-_dpcc__2025_December_delhi_2025.xlsx",Sheet1,"Dwarka-Sector 8, Delhi - DPCC",04:00:00,31,0,0.0,False
"Dwarka-Sector 8, Delhi - DPCC/AQI Hourly/aqi_hourly_station_level_dwarka-sector_8,_delhi_-_dpcc__2025_December_delhi_2025.xlsx",Sheet1,"Dwarka-Sector 8, Delhi - DPCC",05:00:00,31,0,0.0,False
"Dwarka-Sector 8, Delhi - DPCC/AQI Hourly/aqi_hourly_station_level_dwarka-sector_8,_delhi_-_dpcc__2025_December_delhi_2025.xlsx",Sheet1,"Dwarka-Sector 8, Delhi - DPCC",06:00:00,31,0,0.0,False
"Dwarka-Sector 8, Delhi - DPCC/AQI Hourly/aqi_hourly_station_level_dwarka-sector_8,_delhi_-_dpcc__2025_December_delhi_2025.xlsx",Sheet1,"Dwarka-Sector 8, Delhi - DPCC",07:00:00,31,1,3.23,False
"Dwarka-Sector 8, Delhi - DPCC/AQI Hourly/aqi_hourly_station_level_dwarka-sector_8,_delhi_-_dpcc__2025_December_delhi_2025.xlsx",Sheet1,"Dwarka-Sector 8, Delhi - DPCC",08:00:00,31,0,0.0,False
"Dwarka-Sector 8, Delhi - DPCC/AQI Hourly/aqi_hourly_station_level_dwarka-sector_8,_delhi_-_dpcc__2025_December_delhi_2025.xlsx",Sheet1,"Dwarka-Sector 8, Delhi - DPCC",09:00:00,31,0,0.0,False
"Dwarka-Sector 8, Delhi - DPCC/AQI Hourly/aqi_hourly_station_level_dwarka-sector_8,_delhi_-_dpcc__2025_December_delhi_2025.xlsx",Sheet1,"Dwarka-Sector 8, Delhi - DPCC",10:00:00,31,0,0.0,False
"Dwarka-Sector 8, Delhi - DPCC/AQI Hourly/aqi_hourly_station_level_dwarka-sector_8,_delhi_-_dpcc__2025_December_delhi_2025.xlsx",Sheet1,"Dwarka-Sector 8, Delhi - DPCC",11:00:00,31,0,0.0,False
"Dwarka-Sector 8, Delhi - DPCC/AQI Hourly/aqi_hourly_station_level_dwarka-sector_8,_delhi_-_dpcc__2025_December_delhi_2025.xlsx",Sheet1,"Dwarka-Sector 8, Delhi - DPCC",12:00:00,31,0,0.0,False
"Dwarka-Sector 8, Delhi - DPCC/AQI Hourly/aqi_hourly_station_level_dwarka-sector_8,_delhi_-_dpcc__2025_December_delhi_2025.xlsx",Sheet1,"Dwarka-Sector 8, Delhi - DPCC",13:00:00,31,0,0.0,False
"Dwarka-Sector 8, Delhi - DPCC/AQI Hourly/aqi_hourly_station_level_dwarka-sector_8,_delhi_-_dpcc__2025_December_delhi_2025.xlsx",Sheet1,"Dwarka-Sector 8, Delhi - DPCC",14:00:00,31,0,0.0,False
"Dwarka-Sector 8, Delhi - DPCC/AQI Hourly/aqi_hourly_station_level_dwarka-sector_8,_delhi_-_dpcc__2025_December_delhi_2025.xlsx",Sheet1,"Dwarka-Sector 8, Delhi - DPCC",15:00:00,31,0,0.0,False
"Dwarka-Sector 8, Delhi - DPCC/AQI Hourly/aqi_hourly_station_level_dwarka-sector_8,_delhi_-_dpcc__2025_December_delhi_2025.xlsx",Sheet1,"Dwarka-Sector 8, Delhi - DPCC",16:00:00,31,0,0.0,False
"Dwarka-Sector 8, Delhi - DPCC/AQI Hourly/aqi_hourly_station_level_dwarka-sector_8,_delhi_-_dpcc__2025_December_delhi_2025.xlsx",Sheet1,"Dwarka-Sector 8, Delhi - DPCC",17:00:00,31,0,0.0,False
"Dwarka-Sector 8, Delhi - DPCC/AQI Hourly/aqi_hourly_station_level_dwarka-sector_8,_delhi_-_dpcc__2025_December_delhi_2025.xlsx",Sheet1,"Dwarka-Sector 8, Delhi - DPCC",18:00:00,31,0,0.0,False
"Dwarka-Sector 8, Delhi - DPCC/AQI Hourly/aqi_hourly_station_level_dwarka-sector_8,_delhi_-_dpcc__2025_December_delhi_2025.xlsx",Sheet1,"Dwarka-Sector 8, Delhi - DPCC",19:00:00,31,0,0.0,False
"Dwarka-Sector 8, Delhi - DPCC/AQI Hourly/aqi_hourly_station_level_dwarka-sector_8,_delhi_-_dpcc__2025_December_delhi_2025.xlsx",Sheet1,"Dwarka-Sector 8, Delhi - DPCC",20:00:00,31,1,3.23,False
"Dwarka-Sector 8, Delhi - DPCC/AQI Hourly/aqi_hourly_station_level_dwarka-sector_8,_delhi_-_dpcc__2025_December_delhi_2025.xlsx",Sheet1,"Dwarka-Sector 8, Delhi - DPCC",21:00:00,31,0,0.0,False
"Dwarka-Sector 8, Delhi - DPCC/AQI Hourly/aqi_hourly_station_level_dwarka-sector_8,_delhi_-_dpcc__2025_December_delhi_2025.xlsx",Sheet1,"Dwarka-Sector 8, Delhi - DPCC",22:00:00,31,0,0.0,False
"Dwarka-Sector 8, Delhi - DPCC/AQI Hourly/aqi_hourly_station_level_dwarka-sector_8,_delhi_-_dpcc__2025_December_delhi_2025.xlsx",Sheet1,"Dwarka-Sector 8, Delhi - DPCC",23:00:00,31,0,0.0,False
"Dwarka-Sector 8, Delhi - DPCC/AQI Hourly/aqi_hourly_station_level_dwarka-sector_8,_delhi_-_dpcc__2025_February_delhi_2025.xlsx",Sheet1,"Dwarka-Sector 8, Delhi - DPCC",Date,28,0,0.0,False
"Dwarka-Sector 8, Delhi - DPCC/AQI Hourly/aqi_hourly_station_level_dwarka-sector_8,_delhi_-_dpcc__2025_February_delhi_2025.xlsx",Sheet1,"Dwarka-Sector 8, Delhi - DPCC",00:00:00,28,1,3.57,False
"Dwarka-Sector 8, Delhi - DPCC/AQI Hourly/aqi_hourly_station_level_dwarka-sector_8,_delhi_-_dpcc__2025_February_delhi_2025.xlsx",Sheet1,"Dwarka-Sector 8, Delhi - DPCC",01:00:00,28,1,3.57,False
"Dwarka-Sector 8, Delhi - DPCC/AQI Hourly/aqi_hourly_station_level_dwarka-sector_8,_delhi_-_dpcc__2025_February_delhi_2025.xlsx",Sheet1,"Dwarka-Sector 8, Delhi - DPCC",02:00:00,28,1,3.57,False
"Dwarka-Sector 8, Delhi - DPCC/AQI Hourly/aqi_hourly_station_level_dwarka-sector_8,_delhi_-_dpcc__2025_February_delhi_2025.xlsx",Sheet1,"Dwarka-Sector 8, Delhi - DPCC",03:00:00,28,0,0.0,False
"Dwarka-Sector 8, Delhi - DPCC/AQI Hourly/aqi_hourly_station_level_dwarka-sector_8,_delhi_-_dpcc__2025_February_delhi_2025.xlsx",Sheet1,"Dwarka-Sector 8, Delhi - DPCC",04:00:00,28,0,0.0,False
"Dwarka-Sector 8, Delhi - DPCC/AQI Hourly/aqi_hourly_station_level_dwarka-sector_8,_delhi_-_dpcc__2025_February_delhi_2025.xlsx",Sheet1,"Dwarka-Sector 8, Delhi - DPCC",05:00:00,28,0,0.0,False
"Dwarka-Sector 8, Delhi - DPCC/AQI Hourly/aqi_hourly_station_level_dwarka-sector_8,_delhi_-_dpcc__2025_February_delhi_2025.xlsx",Sheet1,"Dwarka-Sector 8, Delhi - DPCC",06:00:00,28,0,0.0,False
"Dwarka-Sector 8, Delhi - DPCC/AQI Hourly/aqi_hourly_station_level_dwarka-sector_8,_delhi_-_dpcc__2025_February_delhi_2025.xlsx",Sheet1,"Dwarka-Sector 8, Delhi - DPCC",07:00:00,28,0,0.0,False
"Dwarka-Sector 8, Delhi - DPCC/AQI Hourly/aqi_hourly_station_level_dwarka-sector_8,_delhi_-_dpcc__2025_February_delhi_2025.xlsx",Sheet1,"Dwarka-Sector 8, Delhi - DPCC",08:00:00,28,0,0.0,False
"Dwarka-Sector 8, Delhi - DPCC/AQI Hourly/aqi_hourly_station_level_dwarka-sector_8,_delhi_-_dpcc__2025_February_delhi_2025.xlsx",Sheet1,"Dwarka-Sector 8, Delhi - DPCC",09:00:00,28,0,0.0,False
"Dwarka-Sector 8, Delhi - DPCC/AQI Hourly/aqi_hourly_station_level_dwarka-sector_8,_delhi_-_dpcc__2025_February_delhi_2025.xlsx",Sheet1,"Dwarka-Sector 8, Delhi - DPCC",10:00:00,28,1,3.57,False
"Dwarka-Sector 8, Delhi - DPCC/AQI Hourly/aqi_hourly_station_level_dwarka-sector_8,_delhi_-_dpcc__2025_February_delhi_2025.xlsx",Sheet1,"Dwarka-Sector 8, Delhi - DPCC",11:00:00,28,1,3.57,False
"Dwarka-Sector 8, Delhi - DPCC/AQI Hourly/aqi_hourly_station_level_dwarka-sector_8,_delhi_-_dpcc__2025_February_delhi_2025.xlsx",Sheet1,"Dwarka-Sector 8, Delhi - DPCC",12:00:00,28,1,3.57,False
"Dwarka-Sector 8, Delhi - DPCC/AQI Hourly/aqi_hourly_station_level_dwarka-sector_8,_delhi_-_dpcc__2025_February_delhi_2025.xlsx",Sheet1,"Dwarka-Sector 8, Delhi - DPCC",13:00:00,28,1,3.57,False
"Dwarka-Sector 8, Delhi - DPCC/AQI Hourly/aqi_hourly_station_level_dwarka-sector_8,_delhi_-_dpcc__2025_February_delhi_2025.xlsx",Sheet1,"Dwarka-Sector 8, Delhi - DPCC",14:00:00,28,1,3.57,False
"Dwarka-Sector 8, Delhi - DPCC/AQI Hourly/aqi_hourly_station_level_dwarka-sector_8,_delhi_-_dpcc__2025_February_delhi_2025.xlsx",Sheet1,"Dwarka-Sector 8, Delhi - DPCC",15:00:00,28,1,3.57,False
"Dwarka-Sector 8, Delhi - DPCC/AQI Hourly/aqi_hourly_station_level_dwarka-sector_8,_delhi_-_dpcc__2025_February_delhi_2025.xlsx",Sheet1,"Dwarka-Sector 8, Delhi - DPCC",16:00:00,28,1,3.57,False
"Dwarka-Sector 8, Delhi - DPCC/AQI Hourly/aqi_hourly_station_level_dwarka-sector_8,_delhi_-_dpcc__2025_February_delhi_2025.xlsx",Sheet1,"Dwarka-Sector 8, Delhi - DPCC",17:00:00,28,1,3.57,False
"Dwarka-Sector 8, Delhi - DPCC/AQI Hourly/aqi_hourly_station_level_dwarka-sector_8,_delhi_-_dpcc__2025_February_delhi_2025.xlsx",Sheet1,"Dwarka-Sector 8, Delhi - DPCC",18:00:00,28,1,3.57,False
"Dwarka-Sector 8, Delhi - DPCC/AQI Hourly/aqi_hourly_station_level_dwarka-sector_8,_delhi_-_dpcc__2025_February_delhi_2025.xlsx",Sheet1,"Dwarka-Sector 8, Delhi - DPCC",19:00:00,28,1,3.57,False
"Dwarka-Sector 8, Delhi - DPCC/AQI Hourly/aqi_hourly_station_level_dwarka-sector_8,_delhi_-_dpcc__2025_February_delhi_2025.xlsx",Sheet1,"Dwarka-Sector 8, Delhi - DPCC",20:00:00,28,1,3.57,False
"Dwarka-Sector 8, Delhi - DPCC/AQI Hourly/aqi_hourly_station_level_dwarka-sector_8,_delhi_-_dpcc__2025_February_delhi_2025.xlsx",Sheet1,"Dwarka-Sector 8, Delhi - DPCC",21:00:00,28,1,3.57,False
"Dwarka-Sector 8, Delhi - DPCC/AQI Hourly/aqi_hourly_station_level_dwarka-sector_8,_delhi_-_dpcc__2025_February_delhi_2025.xlsx",Sheet1,"Dwarka-Sector 8, Delhi - DPCC",22:00:00,28,1,3.57,False
"Dwarka-Sector 8, Delhi - DPCC/AQI Hourly/aqi_hourly_station_level_dwarka-sector_8,_delhi_-_dpcc__2025_February_delhi_2025.xlsx",Sheet1,"Dwarka-Sector 8, Delhi - DPCC",23:00:00,28,1,3.57,False
"Dwarka-Sector 8, Delhi - DPCC/AQI Hourly/aqi_hourly_station_level_dwarka-sector_8,_delhi_-_dpcc__2025_January_delhi_2025.xlsx",Sheet1,"Dwarka-Sector 8, Delhi - DPCC",Date,31,0,0.0,False
"Dwarka-Sector 8, Delhi - DPCC/AQI Hourly/aqi_hourly_station_level_dwarka-sector_8,_delhi_-_dpcc__2025_January_delhi_2025.xlsx",Sheet1,"Dwarka-Sector 8, Delhi - DPCC",00:00:00,31,0,0.0,False
"Dwarka-Sector 8, Delhi - DPCC/AQI Hourly/aqi_hourly_station_level_dwarka-sector_8,_delhi_-_dpcc__2025_January_delhi_2025.xlsx",Sheet1,"Dwarka-Sector 8, Delhi - DPCC",01:00:00,31,0,0.0,False
"Dwarka-Sector 8, Delhi - DPCC/AQI Hourly/aqi_hourly_station_level_dwarka-sector_8,_delhi_-_dpcc__2025_January_delhi_2025.xlsx",Sheet1,"Dwarka-Sector 8, Delhi - DPCC",02:00:00,31,0,0.0,False
"Dwarka-Sector 8, Delhi - DPCC/AQI Hourly/aqi_hourly_station_level_dwarka-sector_8,_delhi_-_dpcc__2025_January_delhi_2025.xlsx",Sheet1,"Dwarka-Sector 8, Delhi - DPCC",03:00:00,31,0,0.0,False
"Dwarka-Sector 8, Delhi - DPCC/AQI Hourly/aqi_hourly_station_level_dwarka-sector_8,_delhi_-_dpcc__2025_January_delhi_2025.xlsx",Sheet1,"Dwarka-Sector 8, Delhi - DPCC",04:00:00,31,0,0.0,False
"Dwarka-Sector 8, Delhi - DPCC/AQI Hourly/aqi_hourly_station_level_dwarka-sector_8,_delhi_-_dpcc__2025_January_delhi_2025.xlsx",Sheet1,"Dwarka-Sector 8, Delhi - DPCC",05:00:00,31,0,0.0,False
"Dwarka-Sector 8, Delhi - DPCC/AQI Hourly/aqi_hourly_station_level_dwarka-sector_8,_delhi_-_dpcc__2025_January_delhi_2025.xlsx",Sheet1,"Dwarka-Sector 8, Delhi - DPCC",06:00:00,31,0,0.0,False
"Dwarka-Sector 8, Delhi - DPCC/AQI Hourly/aqi_hourly_station_level_dwarka-sector_8,_delhi_-_dpcc__2025_January_delhi_2025.xlsx",Sheet1,"Dwarka-Sector 8, Delhi - DPCC",07:00:00,31,0,0.0,False
"Dwarka-Sector 8, Delhi - DPCC/AQI Hourly/aqi_hourly_station_level_dwarka-sector_8,_delhi_-_dpcc__2025_January_delhi_2025.xlsx",Sheet1,"Dwarka-Sector 8, Delhi - DPCC",08:00:00,31,1,3.23,False
"Dwarka-Sector 8, Delhi - DPCC/AQI Hourly/aqi_hourly_station_level_dwarka-sector_8,_delhi_-_dpcc__2025_January_delhi_2025.xlsx",Sheet1,"Dwarka-Sector 8, Delhi - DPCC",09:00:00,31,0,0.0,False
"Dwarka-Sector 8, Delhi - DPCC/AQI Hourly/aqi_hourly_station_level_dwarka-sector_8,_delhi_-_dpcc__2025_January_delhi_2025.xlsx",Sheet1,"Dwarka-Sector 8, Delhi - DPCC",10:00:00,31,0,0.0,False
"Dwarka-Sector 8, Delhi - DPCC/AQI Hourly/aqi_hourly_station_level_dwarka-sector_8,_delhi_-_dpcc__2025_January_delhi_2025.xlsx",Sheet1,"Dwarka-Sector 8, Delhi - DPCC",11:00:00,31,0,0.0,False
"Dwarka-Sector 8, Delhi - DPCC/AQI Hourly/aqi_hourly_station_level_dwarka-sector_8,_delhi_-_dpcc__2025_January_delhi_2025.xlsx",Sheet1,"Dwarka-Sector 8, Delhi - DPCC",12:00:00,31,0,0.0,False
"Dwarka-Sector 8, Delhi - DPCC/AQI Hourly/aqi_hourly_station_level_dwarka-sector_8,_delhi_-_dpcc__2025_January_delhi_2025.xlsx",Sheet1,"Dwarka-Sector 8, Delhi - DPCC",13:00:00,31,0,0.0,False
"Dwarka-Sector 8, Delhi - DPCC/AQI Hourly/aqi_hourly_station_level_dwarka-sector_8,_delhi_-_dpcc__2025_January_delhi_2025.xlsx",Sheet1,"Dwarka-Sector 8, Delhi - DPCC",14:00:00,31,0,0.0,False
"Dwarka-Sector 8, Delhi - DPCC/AQI Hourly/aqi_hourly_station_level_dwarka-sector_8,_delhi_-_dpcc__2025_January_delhi_2025.xlsx",Sheet1,"Dwarka-Sector 8, Delhi - DPCC",15:00:00,31,0,0.0,False
"Dwarka-Sector 8, Delhi - DPCC/AQI Hourly/aqi_hourly_station_level_dwarka-sector_8,_delhi_-_dpcc__2025_January_delhi_2025.xlsx",Sheet1,"Dwarka-Sector 8, Delhi - DPCC",16:00:00,31,0,0.0,False
"Dwarka-Sector 8, Delhi - DPCC/AQI Hourly/aqi_hourly_station_level_dwarka-sector_8,_delhi_-_dpcc__2025_January_delhi_2025.xlsx",Sheet1,"Dwarka-Sector 8, Delhi - DPCC",17:00:00,31,0,0.0,False
"Dwarka-Sector 8, Delhi - DPCC/AQI Hourly/aqi_hourly_station_level_dwarka-sector_8,_delhi_-_dpcc__2025_January_delhi_2025.xlsx",Sheet1,"Dwarka-Sector 8, Delhi - DPCC",18:00:00,31,1,3.23,False
"Dwarka-Sector 8, Delhi - DPCC/AQI Hourly/aqi_hourly_station_level_dwarka-sector_8,_delhi_-_dpcc__2025_January_delhi_2025.xlsx",Sheet1,"Dwarka-Sector 8, Delhi - DPCC",19:00:00,31,0,0.0,False
"Dwarka-Sector 8, Delhi - DPCC/AQI Hourly/aqi_hourly_station_level_dwarka-sector_8,_delhi_-_dpcc__2025_January_delhi_2025.xlsx",Sheet1,"Dwarka-Sector 8, Delhi - DPCC",20:00:00,31,0,0.0,False
"Dwarka-Sector 8, Delhi - DPCC/AQI Hourly/aqi_hourly_station_level_dwarka-sector_8,_delhi_-_dpcc__2025_January_delhi_2025.xlsx",Sheet1,"Dwarka-Sector 8, Delhi - DPCC",21:00:00,31,0,0.0,False
"Dwarka-Sector 8, Delhi - DPCC/AQI Hourly/aqi_hourly_station_level_dwarka-sector_8,_delhi_-_dpcc__2025_January_delhi_2025.xlsx",Sheet1,"Dwarka-Sector 8, Delhi - DPCC",22:00:00,31,0,0.0,False
"Dwarka-Sector 8, Delhi - DPCC/AQI Hourly/aqi_hourly_station_level_dwarka-sector_8,_delhi_-_dpcc__2025_January_delhi_2025.xlsx",Sheet1,"Dwarka-Sector 8, Delhi - DPCC",23:00:00,31,0,0.0,False
"Dwarka-Sector 8, Delhi - DPCC/AQI Hourly/aqi_hourly_station_level_dwarka-sector_8,_delhi_-_dpcc__2025_July_delhi_2025.xlsx",Sheet1,"Dwarka-Sector 8, Delhi - DPCC",Date,31,0,0.0,False
"Dwarka-Sector 8, Delhi - DPCC/AQI Hourly/aqi_hourly_station_level_dwarka-sector_8,_delhi_-_dpcc__2025_July_delhi_2025.xlsx",Sheet1,"Dwarka-Sector 8, Delhi - DPCC",00:00:00,31,0,0.0,False
"Dwarka-Sector 8, Delhi - DPCC/AQI Hourly/aqi_hourly_station_level_dwarka-sector_8,_delhi_-_dpcc__2025_July_delhi_2025.xlsx",Sheet1,"Dwarka-Sector 8, Delhi - DPCC",01:00:00,31,0,0.0,False
"Dwarka-Sector 8, Delhi - DPCC/AQI Hourly/aqi_hourly_station_level_dwarka-sector_8,_delhi_-_dpcc__2025_July_delhi_2025.xlsx",Sheet1,"Dwarka-Sector 8, Delhi - DPCC",02:00:00,31,0,0.0,False
"Dwarka-Sector 8, Delhi - DPCC/AQI Hourly/aqi_hourly_station_level_dwarka-sector_8,_delhi_-_dpcc__2025_July_delhi_2025.xlsx",Sheet1,"Dwarka-Sector 8, Delhi - DPCC",03:00:00,31,0,0.0,False
"Dwarka-Sector 8, Delhi - DPCC/AQI Hourly/aqi_hourly_station_level_dwarka-sector_8,_delhi_-_dpcc__2025_July_delhi_2025.xlsx",Sheet1,"Dwarka-Sector 8, Delhi - DPCC",04:00:00,31,0,0.0,False
"Dwarka-Sector 8, Delhi - DPCC/AQI Hourly/aqi_hourly_station_level_dwarka-sector_8,_delhi_-_dpcc__2025_July_delhi_2025.xlsx",Sheet1,"Dwarka-Sector 8, Delhi - DPCC",05:00:00,31,0,0.0,False
"Dwarka-Sector 8, Delhi - DPCC/AQI Hourly/aqi_hourly_station_level_dwarka-sector_8,_delhi_-_dpcc__2025_July_delhi_2025.xlsx",Sheet1,"Dwarka-Sector 8, Delhi - DPCC",06:00:00,31,0,0.0,False
"Dwarka-Sector 8, Delhi - DPCC/AQI Hourly/aqi_hourly_station_level_dwarka-sector_8,_delhi_-_dpcc__2025_July_delhi_2025.xlsx",Sheet1,"Dwarka-Sector 8, Delhi - DPCC",07:00:00,31,1,3.23,False
"Dwarka-Sector 8, Delhi - DPCC/AQI Hourly/aqi_hourly_station_level_dwarka-sector_8,_delhi_-_dpcc__2025_July_delhi_2025.xlsx",Sheet1,"Dwarka-Sector 8, Delhi - DPCC",08:00:00,31,0,0.0,False
"Dwarka-Sector 8, Delhi - DPCC/AQI Hourly/aqi_hourly_station_level_dwarka-sector_8,_delhi_-_dpcc__2025_July_delhi_2025.xlsx",Sheet1,"Dwarka-Sector 8, Delhi - DPCC",09:00:00,31,0,0.0,False
"Dwarka-Sector 8, Delhi - DPCC/AQI Hourly/aqi_hourly_station_level_dwarka-sector_8,_delhi_-_dpcc__2025_July_delhi_2025.xlsx",Sheet1,"Dwarka-Sector 8, Delhi - DPCC",10:00:00,31,0,0.0,False
"Dwarka-Sector 8, Delhi - DPCC/AQI Hourly/aqi_hourly_station_level_dwarka-sector_8,_delhi_-_dpcc__2025_July_delhi_2025.xlsx",Sheet1,"Dwarka-Sector 8, Delhi - DPCC",11:00:00,31,0,0.0,False
"Dwarka-Sector 8, Delhi - DPCC/AQI Hourly/aqi_hourly_station_level_dwarka-sector_8,_delhi_-_dpcc__2025_July_delhi_2025.xlsx",Sheet1,"Dwarka-Sector 8, Delhi - DPCC",12:00:00,31,1,3.23,False
"Dwarka-Sector 8, Delhi - DPCC/AQI Hourly/aqi_hourly_station_level_dwarka-sector_8,_delhi_-_dpcc__2025_July_delhi_2025.xlsx",Sheet1,"Dwarka-Sector 8, Delhi - DPCC",13:00:00,31,0,0.0,False
"Dwarka-Sector 8, Delhi - DPCC/AQI Hourly/aqi_hourly_station_level_dwarka-sector_8,_delhi_-_dpcc__2025_July_delhi_2025.xlsx",Sheet1,"Dwarka-Sector 8, Delhi - DPCC",14:00:00,31,0,0.0,False
"Dwarka-Sector 8, Delhi - DPCC/AQI Hourly/aqi_hourly_station_level_dwarka-sector_8,_delhi_-_dpcc__2025_July_delhi_2025.xlsx",Sheet1,"Dwarka-Sector 8, Delhi - DPCC",15:00:00,31,0,0.0,False
"Dwarka-Sector 8, Delhi - DPCC/AQI Hourly/aqi_hourly_station_level_dwarka-sector_8,_delhi_-_dpcc__2025_July_delhi_2025.xlsx",Sheet1,"Dwarka-Sector 8, Delhi - DPCC",16:00:00,31,0,0.0,False
"Dwarka-Sector 8, Delhi - DPCC/AQI Hourly/aqi_hourly_station_level_dwarka-sector_8,_delhi_-_dpcc__2025_July_delhi_2025.xlsx",Sheet1,"Dwarka-Sector 8, Delhi - DPCC",17:00:00,31,0,0.0,False
"Dwarka-Sector 8, Delhi - DPCC/AQI Hourly/aqi_hourly_station_level_dwarka-sector_8,_delhi_-_dpcc__2025_July_delhi_2025.xlsx",Sheet1,"Dwarka-Sector 8, Delhi - DPCC",18:00:00,31,0,0.0,False
"Dwarka-Sector 8, Delhi - DPCC/AQI Hourly/aqi_hourly_station_level_dwarka-sector_8,_delhi_-_dpcc__2025_July_delhi_2025.xlsx",Sheet1,"Dwarka-Sector 8, Delhi - DPCC",19:00:00,31,0,0.0,False
"Dwarka-Sector 8, Delhi - DPCC/AQI Hourly/aqi_hourly_station_level_dwarka-sector_8,_delhi_-_dpcc__2025_July_delhi_2025.xlsx",Sheet1,"Dwarka-Sector 8, Delhi - DPCC",20:00:00,31,0,0.0,False
"Dwarka-Sector 8, Delhi - DPCC/AQI Hourly/aqi_hourly_station_level_dwarka-sector_8,_delhi_-_dpcc__2025_July_delhi_2025.xlsx",Sheet1,"Dwarka-Sector 8, Delhi - DPCC",21:00:00,31,1,3.23,False
"Dwarka-Sector 8, Delhi - DPCC/AQI Hourly/aqi_hourly_station_level_dwarka-sector_8,_delhi_-_dpcc__2025_July_delhi_2025.xlsx",Sheet1,"Dwarka-Sector 8, Delhi - DPCC",22:00:00,31,0,0.0,False
"Dwarka-Sector 8, Delhi - DPCC/AQI Hourly/aqi_hourly_station_level_dwarka-sector_8,_delhi_-_dpcc__2025_July_delhi_2025.xlsx",Sheet1,"Dwarka-Sector 8, Delhi - DPCC",23:00:00,31,0,0.0,False
"Dwarka-Sector 8, Delhi - DPCC/AQI Hourly/aqi_hourly_station_level_dwarka-sector_8,_delhi_-_dpcc__2025_June_delhi_2025.xlsx",Sheet1,"Dwarka-Sector 8, Delhi - DPCC",Date,30,0,0.0,False
"Dwarka-Sector 8, Delhi - DPCC/AQI Hourly/aqi_hourly_station_level_dwarka-sector_8,_delhi_-_dpcc__2025_June_delhi_2025.xlsx",Sheet1,"Dwarka-Sector 8, Delhi - DPCC",00:00:00,30,5,16.67,False
"Dwarka-Sector 8, Delhi - DPCC/AQI Hourly/aqi_hourly_station_level_dwarka-sector_8,_delhi_-_dpcc__2025_June_delhi_2025.xlsx",Sheet1,"Dwarka-Sector 8, Delhi - DPCC",01:00:00,30,4,13.33,False
"Dwarka-Sector 8, Delhi - DPCC/AQI Hourly/aqi_hourly_station_level_dwarka-sector_8,_delhi_-_dpcc__2025_June_delhi_2025.xlsx",Sheet1,"Dwarka-Sector 8, Delhi - DPCC",02:00:00,30,4,13.33,False
"Dwarka-Sector 8, Delhi - DPCC/AQI Hourly/aqi_hourly_station_level_dwarka-sector_8,_delhi_-_dpcc__2025_June_delhi_2025.xlsx",Sheet1,"Dwarka-Sector 8, Delhi - DPCC",03:00:00,30,4,13.33,False
"Dwarka-Sector 8, Delhi - DPCC/AQI Hourly/aqi_hourly_station_level_dwarka-sector_8,_delhi_-_dpcc__2025_June_delhi_2025.xlsx",Sheet1,"Dwarka-Sector 8, Delhi - DPCC",04:00:00,30,4,13.33,False
"Dwarka-Sector 8, Delhi - DPCC/AQI Hourly/aqi_hourly_station_level_dwarka-sector_8,_delhi_-_dpcc__2025_June_delhi_2025.xlsx",Sheet1,"Dwarka-Sector 8, Delhi - DPCC",05:00:00,30,3,10.0,False
"Dwarka-Sector 8, Delhi - DPCC/AQI Hourly/aqi_hourly_station_level_dwarka-sector_8,_delhi_-_dpcc__2025_June_delhi_2025.xlsx",Sheet1,"Dwarka-Sector 8, Delhi - DPCC",06:00:00,30,3,10.0,False
"Dwarka-Sector 8, Delhi - DPCC/AQI Hourly/aqi_hourly_station_level_dwarka-sector_8,_delhi_-_dpcc__2025_June_delhi_2025.xlsx",Sheet1,"Dwarka-Sector 8, Delhi - DPCC",07:00:00,30,3,10.0,False
"Dwarka-Sector 8, Delhi - DPCC/AQI Hourly/aqi_hourly_station_level_dwarka-sector_8,_delhi_-_dpcc__2025_June_delhi_2025.xlsx",Sheet1,"Dwarka-Sector 8, Delhi - DPCC",08:00:00,30,3,10.0,False
"Dwarka-Sector 8, Delhi - DPCC/AQI Hourly/aqi_hourly_station_level_dwarka-sector_8,_delhi_-_dpcc__2025_June_delhi_2025.xlsx",Sheet1,"Dwarka-Sector 8, Delhi - DPCC",09:00:00,30,3,10.0,False
"Dwarka-Sector 8, Delhi - DPCC/AQI Hourly/aqi_hourly_station_level_dwarka-sector_8,_delhi_-_dpcc__2025_June_delhi_2025.xlsx",Sheet1,"Dwarka-Sector 8, Delhi - DPCC",10:00:00,30,4,13.33,False
"Dwarka-Sector 8, Delhi - DPCC/AQI Hourly/aqi_hourly_station_level_dwarka-sector_8,_delhi_-_dpcc__2025_June_delhi_2025.xlsx",Sheet1,"Dwarka-Sector 8, Delhi - DPCC",11:00:00,30,5,16.67,False
"Dwarka-Sector 8, Delhi - DPCC/AQI Hourly/aqi_hourly_station_level_dwarka-sector_8,_delhi_-_dpcc__2025_June_delhi_2025.xlsx",Sheet1,"Dwarka-Sector 8, Delhi - DPCC",12:00:00,30,6,20.0,False
"Dwarka-Sector 8, Delhi - DPCC/AQI Hourly/aqi_hourly_station_level_dwarka-sector_8,_delhi_-_dpcc__2025_June_delhi_2025.xlsx",Sheet1,"Dwarka-Sector 8, Delhi - DPCC",13:00:00,30,6,20.0,False
"Dwarka-Sector 8, Delhi - DPCC/AQI Hourly/aqi_hourly_station_level_dwarka-sector_8,_delhi_-_dpcc__2025_June_delhi_2025.xlsx",Sheet1,"Dwarka-Sector 8, Delhi - DPCC",14:00:00,30,6,20.0,False
"Dwarka-Sector 8, Delhi - DPCC/AQI Hourly/aqi_hourly_station_level_dwarka-sector_8,_delhi_-_dpcc__2025_June_delhi_2025.xlsx",Sheet1,"Dwarka-Sector 8, Delhi - DPCC",15:00:00,30,5,16.67,False
"Dwarka-Sector 8, Delhi - DPCC/AQI Hourly/aqi_hourly_station_level_dwarka-sector_8,_delhi_-_dpcc__2025_June_delhi_2025.xlsx",Sheet1,"Dwarka-Sector 8, Delhi - DPCC",16:00:00,30,5,16.67,False
"Dwarka-Sector 8, Delhi - DPCC/AQI Hourly/aqi_hourly_station_level_dwarka-sector_8,_delhi_-_dpcc__2025_June_delhi_2025.xlsx",Sheet1,"Dwarka-Sector 8, Delhi - DPCC",17:00:00,30,5,16.67,False
"Dwarka-Sector 8, Delhi - DPCC/AQI Hourly/aqi_hourly_station_level_dwarka-sector_8,_delhi_-_dpcc__2025_June_delhi_2025.xlsx",Sheet1,"Dwarka-Sector 8, Delhi - DPCC",18:00:00,30,7,23.33,False
"Dwarka-Sector 8, Delhi - DPCC/AQI Hourly/aqi_hourly_station_level_dwarka-sector_8,_delhi_-_dpcc__2025_June_delhi_2025.xlsx",Sheet1,"Dwarka-Sector 8, Delhi - DPCC",19:00:00,30,5,16.67,False
"Dwarka-Sector 8, Delhi - DPCC/AQI Hourly/aqi_hourly_station_level_dwarka-sector_8,_delhi_-_dpcc__2025_June_delhi_2025.xlsx",Sheet1,"Dwarka-Sector 8, Delhi - DPCC",20:00:00,30,5,16.67,False
"Dwarka-Sector 8, Delhi - DPCC/AQI Hourly/aqi_hourly_station_level_dwarka-sector_8,_delhi_-_dpcc__2025_June_delhi_2025.xlsx",Sheet1,"Dwarka-Sector 8, Delhi - DPCC",21:00:00,30,5,16.67,False
"Dwarka-Sector 8, Delhi - DPCC/AQI Hourly/aqi_hourly_station_level_dwarka-sector_8,_delhi_-_dpcc__2025_June_delhi_2025.xlsx",Sheet1,"Dwarka-Sector 8, Delhi - DPCC",22:00:00,30,5,16.67,False
"Dwarka-Sector 8, Delhi - DPCC/AQI Hourly/aqi_hourly_station_level_dwarka-sector_8,_delhi_-_dpcc__2025_June_delhi_2025.xlsx",Sheet1,"Dwarka-Sector 8, Delhi - DPCC",23:00:00,30,5,16.67,False
"Dwarka-Sector 8, Delhi - DPCC/AQI Hourly/aqi_hourly_station_level_dwarka-sector_8,_delhi_-_dpcc__2025_March_delhi_2025.xlsx",Sheet1,"Dwarka-Sector 8, Delhi - DPCC",Date,31,0,0.0,False
"Dwarka-Sector 8, Delhi - DPCC/AQI Hourly/aqi_hourly_station_level_dwarka-sector_8,_delhi_-_dpcc__2025_March_delhi_2025.xlsx",Sheet1,"Dwarka-Sector 8, Delhi - DPCC",00:00:00,31,2,6.45,False
"Dwarka-Sector 8, Delhi - DPCC/AQI Hourly/aqi_hourly_station_level_dwarka-sector_8,_delhi_-_dpcc__2025_March_delhi_2025.xlsx",Sheet1,"Dwarka-Sector 8, Delhi - DPCC",01:00:00,31,3,9.68,False
"Dwarka-Sector 8, Delhi - DPCC/AQI Hourly/aqi_hourly_station_level_dwarka-sector_8,_delhi_-_dpcc__2025_March_delhi_2025.xlsx",Sheet1,"Dwarka-Sector 8, Delhi - DPCC",02:00:00,31,3,9.68,False
"Dwarka-Sector 8, Delhi - DPCC/AQI Hourly/aqi_hourly_station_level_dwarka-sector_8,_delhi_-_dpcc__2025_March_delhi_2025.xlsx",Sheet1,"Dwarka-Sector 8, Delhi - DPCC",03:00:00,31,4,12.9,False
"Dwarka-Sector 8, Delhi - DPCC/AQI Hourly/aqi_hourly_station_level_dwarka-sector_8,_delhi_-_dpcc__2025_March_delhi_2025.xlsx",Sheet1,"Dwarka-Sector 8, Delhi - DPCC",04:00:00,31,4,12.9,False
"Dwarka-Sector 8, Delhi - DPCC/AQI Hourly/aqi_hourly_station_level_dwarka-sector_8,_delhi_-_dpcc__2025_March_delhi_2025.xlsx",Sheet1,"Dwarka-Sector 8, Delhi - DPCC",05:00:00,31,3,9.68,False
"Dwarka-Sector 8, Delhi - DPCC/AQI Hourly/aqi_hourly_station_level_dwarka-sector_8,_delhi_-_dpcc__2025_March_delhi_2025.xlsx",Sheet1,"Dwarka-Sector 8, Delhi - DPCC",06:00:00,31,2,6.45,False
"Dwarka-Sector 8, Delhi - DPCC/AQI Hourly/aqi_hourly_station_level_dwarka-sector_8,_delhi_-_dpcc__2025_March_delhi_2025.xlsx",Sheet1,"Dwarka-Sector 8, Delhi - DPCC",07:00:00,31,2,6.45,False
"Dwarka-Sector 8, Delhi - DPCC/AQI Hourly/aqi_hourly_station_level_dwarka-sector_8,_delhi_-_dpcc__2025_March_delhi_2025.xlsx",Sheet1,"Dwarka-Sector 8, Delhi - DPCC",08:00:00,31,2,6.45,False
"Dwarka-Sector 8, Delhi - DPCC/AQI Hourly/aqi_hourly_station_level_dwarka-sector_8,_delhi_-_dpcc__2025_March_delhi_2025.xlsx",Sheet1,"Dwarka-Sector 8, Delhi - DPCC",09:00:00,31,2,6.45,False
"Dwarka-Sector 8, Delhi - DPCC/AQI Hourly/aqi_hourly_station_level_dwarka-sector_8,_delhi_-_dpcc__2025_March_delhi_2025.xlsx",Sheet1,"Dwarka-Sector 8, Delhi - DPCC",10:00:00,31,2,6.45,False
"Dwarka-Sector 8, Delhi - DPCC/AQI Hourly/aqi_hourly_station_level_dwarka-sector_8,_delhi_-_dpcc__2025_March_delhi_2025.xlsx",Sheet1,"Dwarka-Sector 8, Delhi - DPCC",11:00:00,31,3,9.68,False
"Dwarka-Sector 8, Delhi - DPCC/AQI Hourly/aqi_hourly_station_level_dwarka-sector_8,_delhi_-_dpcc__2025_March_delhi_2025.xlsx",Sheet1,"Dwarka-Sector 8, Delhi - DPCC",12:00:00,31,2,6.45,False
"Dwarka-Sector 8, Delhi - DPCC/AQI Hourly/aqi_hourly_station_level_dwarka-sector_8,_delhi_-_dpcc__2025_March_delhi_2025.xlsx",Sheet1,"Dwarka-Sector 8, Delhi - DPCC",13:00:00,31,2,6.45,False
"Dwarka-Sector 8, Delhi - DPCC/AQI Hourly/aqi_hourly_station_level_dwarka-sector_8,_delhi_-_dpcc__2025_March_delhi_2025.xlsx",Sheet1,"Dwarka-Sector 8, Delhi - DPCC",14:00:00,31,2,6.45,False
"Dwarka-Sector 8, Delhi - DPCC/AQI Hourly/aqi_hourly_station_level_dwarka-sector_8,_delhi_-_dpcc__2025_March_delhi_2025.xlsx",Sheet1,"Dwarka-Sector 8, Delhi - DPCC",15:00:00,31,2,6.45,False
"Dwarka-Sector 8, Delhi - DPCC/AQI Hourly/aqi_hourly_station_level_dwarka-sector_8,_delhi_-_dpcc__2025_March_delhi_2025.xlsx",Sheet1,"Dwarka-Sector 8, Delhi - DPCC",16:00:00,31,1,3.23,False
"Dwarka-Sector 8, Delhi - DPCC/AQI Hourly/aqi_hourly_station_level_dwarka-sector_8,_delhi_-_dpcc__2025_March_delhi_2025.xlsx",Sheet1,"Dwarka-Sector 8, Delhi - DPCC",17:00:00,31,1,3.23,False
"Dwarka-Sector 8, Delhi - DPCC/AQI Hourly/aqi_hourly_station_level_dwarka-sector_8,_delhi_-_dpcc__2025_March_delhi_2025.xlsx",Sheet1,"Dwarka-Sector 8, Delhi - DPCC",18:00:00,31,1,3.23,False
"Dwarka-Sector 8, Delhi - DPCC/AQI Hourly/aqi_hourly_station_level_dwarka-sector_8,_delhi_-_dpcc__2025_March_delhi_2025.xlsx",Sheet1,"Dwarka-Sector 8, Delhi - DPCC",19:00:00,31,1,3.23,False
"Dwarka-Sector 8, Delhi - DPCC/AQI Hourly/aqi_hourly_station_level_dwarka-sector_8,_delhi_-_dpcc__2025_March_delhi_2025.xlsx",Sheet1,"Dwarka-Sector 8, Delhi - DPCC",20:00:00,31,1,3.23,False
"Dwarka-Sector 8, Delhi - DPCC/AQI Hourly/aqi_hourly_station_level_dwarka-sector_8,_delhi_-_dpcc__2025_March_delhi_2025.xlsx",Sheet1,"Dwarka-Sector 8, Delhi - DPCC",21:00:00,31,1,3.23,False
"Dwarka-Sector 8, Delhi - DPCC/AQI Hourly/aqi_hourly_station_level_dwarka-sector_8,_delhi_-_dpcc__2025_March_delhi_2025.xlsx",Sheet1,"Dwarka-Sector 8, Delhi - DPCC",22:00:00,31,2,6.45,False
"Dwarka-Sector 8, Delhi - DPCC/AQI Hourly/aqi_hourly_station_level_dwarka-sector_8,_delhi_-_dpcc__2025_March_delhi_2025.xlsx",Sheet1,"Dwarka-Sector 8, Delhi - DPCC",23:00:00,31,2,6.45,False
"Dwarka-Sector 8, Delhi - DPCC/AQI Hourly/aqi_hourly_station_level_dwarka-sector_8,_delhi_-_dpcc__2025_May_delhi_2025.xlsx",Sheet1,"Dwarka-Sector 8, Delhi - DPCC",Date,31,0,0.0,False
"Dwarka-Sector 8, Delhi - DPCC/AQI Hourly/aqi_hourly_station_level_dwarka-sector_8,_delhi_-_dpcc__2025_May_delhi_2025.xlsx",Sheet1,"Dwarka-Sector 8, Delhi - DPCC",00:00:00,31,1,3.23,False
"Dwarka-Sector 8, Delhi - DPCC/AQI Hourly/aqi_hourly_station_level_dwarka-sector_8,_delhi_-_dpcc__2025_May_delhi_2025.xlsx",Sheet1,"Dwarka-Sector 8, Delhi - DPCC",01:00:00,31,2,6.45,False
"Dwarka-Sector 8, Delhi - DPCC/AQI Hourly/aqi_hourly_station_level_dwarka-sector_8,_delhi_-_dpcc__2025_May_delhi_2025.xlsx",Sheet1,"Dwarka-Sector 8, Delhi - DPCC",02:00:00,31,1,3.23,False
"Dwarka-Sector 8, Delhi - DPCC/AQI Hourly/aqi_hourly_station_level_dwarka-sector_8,_delhi_-_dpcc__2025_May_delhi_2025.xlsx",Sheet1,"Dwarka-Sector 8, Delhi - DPCC",03:00:00,31,2,6.45,False
"Dwarka-Sector 8, Delhi - DPCC/AQI Hourly/aqi_hourly_station_level_dwarka-sector_8,_delhi_-_dpcc__2025_May_delhi_2025.xlsx",Sheet1,"Dwarka-Sector 8, Delhi - DPCC",04:00:00,31,1,3.23,False
"Dwarka-Sector 8, Delhi - DPCC/AQI Hourly/aqi_hourly_station_level_dwarka-sector_8,_delhi_-_dpcc__2025_May_delhi_2025.xlsx",Sheet1,"Dwarka-Sector 8, Delhi - DPCC",05:00:00,31,1,3.23,False
"Dwarka-Sector 8, Delhi - DPCC/AQI Hourly/aqi_hourly_station_level_dwarka-sector_8,_delhi_-_dpcc__2025_May_delhi_2025.xlsx",Sheet1,"Dwarka-Sector 8, Delhi - DPCC",06:00:00,31,1,3.23,False
"Dwarka-Sector 8, Delhi - DPCC/AQI Hourly/aqi_hourly_station_level_dwarka-sector_8,_delhi_-_dpcc__2025_May_delhi_2025.xlsx",Sheet1,"Dwarka-Sector 8, Delhi - DPCC",07:00:00,31,1,3.23,False
"Dwarka-Sector 8, Delhi - DPCC/AQI Hourly/aqi_hourly_station_level_dwarka-sector_8,_delhi_-_dpcc__2025_May_delhi_2025.xlsx",Sheet1,"Dwarka-Sector 8, Delhi - DPCC",08:00:00,31,0,0.0,False
"Dwarka-Sector 8, Delhi - DPCC/AQI Hourly/aqi_hourly_station_level_dwarka-sector_8,_delhi_-_dpcc__2025_May_delhi_2025.xlsx",Sheet1,"Dwarka-Sector 8, Delhi - DPCC",09:00:00,31,0,0.0,False
"Dwarka-Sector 8, Delhi - DPCC/AQI Hourly/aqi_hourly_station_level_dwarka-sector_8,_delhi_-_dpcc__2025_May_delhi_2025.xlsx",Sheet1,"Dwarka-Sector 8, Delhi - DPCC",10:00:00,31,1,3.23,False
"Dwarka-Sector 8, Delhi - DPCC/AQI Hourly/aqi_hourly_station_level_dwarka-sector_8,_delhi_-_dpcc__2025_May_delhi_2025.xlsx",Sheet1,"Dwarka-Sector 8, Delhi - DPCC",11:00:00,31,0,0.0,False
"Dwarka-Sector 8, Delhi - DPCC/AQI Hourly/aqi_hourly_station_level_dwarka-sector_8,_delhi_-_dpcc__2025_May_delhi_2025.xlsx",Sheet1,"Dwarka-Sector 8, Delhi - DPCC",12:00:00,31,0,0.0,False
"Dwarka-Sector 8, Delhi - DPCC/AQI Hourly/aqi_hourly_station_level_dwarka-sector_8,_delhi_-_dpcc__2025_May_delhi_2025.xlsx",Sheet1,"Dwarka-Sector 8, Delhi - DPCC",13:00:00,31,0,0.0,False
"Dwarka-Sector 8, Delhi - DPCC/AQI Hourly/aqi_hourly_station_level_dwarka-sector_8,_delhi_-_dpcc__2025_May_delhi_2025.xlsx",Sheet1,"Dwarka-Sector 8, Delhi - DPCC",14:00:00,31,0,0.0,False
"Dwarka-Sector 8, Delhi - DPCC/AQI Hourly/aqi_hourly_station_level_dwarka-sector_8,_delhi_-_dpcc__2025_May_delhi_2025.xlsx",Sheet1,"Dwarka-Sector 8, Delhi - DPCC",15:00:00,31,0,0.0,False
"Dwarka-Sector 8, Delhi - DPCC/AQI Hourly/aqi_hourly_station_level_dwarka-sector_8,_delhi_-_dpcc__2025_May_delhi_2025.xlsx",Sheet1,"Dwarka-Sector 8, Delhi - DPCC",16:00:00,31,0,0.0,False
"Dwarka-Sector 8, Delhi - DPCC/AQI Hourly/aqi_hourly_station_level_dwarka-sector_8,_delhi_-_dpcc__2025_May_delhi_2025.xlsx",Sheet1,"Dwarka-Sector 8, Delhi - DPCC",17:00:00,31,0,0.0,False
"Dwarka-Sector 8, Delhi - DPCC/AQI Hourly/aqi_hourly_station_level_dwarka-sector_8,_delhi_-_dpcc__2025_May_delhi_2025.xlsx",Sheet1,"Dwarka-Sector 8, Delhi - DPCC",18:00:00,31,1,3.23,False
"Dwarka-Sector 8, Delhi - DPCC/AQI Hourly/aqi_hourly_station_level_dwarka-sector_8,_delhi_-_dpcc__2025_May_delhi_2025.xlsx",Sheet1,"Dwarka-Sector 8, Delhi - DPCC",19:00:00,31,0,0.0,False
"Dwarka-Sector 8, Delhi - DPCC/AQI Hourly/aqi_hourly_station_level_dwarka-sector_8,_delhi_-_dpcc__2025_May_delhi_2025.xlsx",Sheet1,"Dwarka-Sector 8, Delhi - DPCC",20:00:00,31,0,0.0,False
"Dwarka-Sector 8, Delhi - DPCC/AQI Hourly/aqi_hourly_station_level_dwarka-sector_8,_delhi_-_dpcc__2025_May_delhi_2025.xlsx",Sheet1,"Dwarka-Sector 8, Delhi - DPCC",21:00:00,31,1,3.23,False
"Dwarka-Sector 8, Delhi - DPCC/AQI Hourly/aqi_hourly_station_level_dwarka-sector_8,_delhi_-_dpcc__2025_May_delhi_2025.xlsx",Sheet1,"Dwarka-Sector 8, Delhi - DPCC",22:00:00,31,1,3.23,False
"Dwarka-Sector 8, Delhi - DPCC/AQI Hourly/aqi_hourly_station_level_dwarka-sector_8,_delhi_-_dpcc__2025_May_delhi_2025.xlsx",Sheet1,"Dwarka-Sector 8, Delhi - DPCC",23:00:00,31,1,3.23,False
"Dwarka-Sector 8, Delhi - DPCC/AQI Hourly/aqi_hourly_station_level_dwarka-sector_8,_delhi_-_dpcc__2025_November_delhi_2025.xlsx",Sheet1,"Dwarka-Sector 8, Delhi - DPCC",Date,30,0,0.0,False
"Dwarka-Sector 8, Delhi - DPCC/AQI Hourly/aqi_hourly_station_level_dwarka-sector_8,_delhi_-_dpcc__2025_November_delhi_2025.xlsx",Sheet1,"Dwarka-Sector 8, Delhi - DPCC",00:00:00,30,1,3.33,False
"Dwarka-Sector 8, Delhi - DPCC/AQI Hourly/aqi_hourly_station_level_dwarka-sector_8,_delhi_-_dpcc__2025_November_delhi_2025.xlsx",Sheet1,"Dwarka-Sector 8, Delhi - DPCC",01:00:00,30,0,0.0,False
"Dwarka-Sector 8, Delhi - DPCC/AQI Hourly/aqi_hourly_station_level_dwarka-sector_8,_delhi_-_dpcc__2025_November_delhi_2025.xlsx",Sheet1,"Dwarka-Sector 8, Delhi - DPCC",02:00:00,30,1,3.33,False
"Dwarka-Sector 8, Delhi - DPCC/AQI Hourly/aqi_hourly_station_level_dwarka-sector_8,_delhi_-_dpcc__2025_November_delhi_2025.xlsx",Sheet1,"Dwarka-Sector 8, Delhi - DPCC",03:00:00,30,0,0.0,False
"Dwarka-Sector 8, Delhi - DPCC/AQI Hourly/aqi_hourly_station_level_dwarka-sector_8,_delhi_-_dpcc__2025_November_delhi_2025.xlsx",Sheet1,"Dwarka-Sector 8, Delhi - DPCC",04:00:00,30,0,0.0,False
"Dwarka-Sector 8, Delhi - DPCC/AQI Hourly/aqi_hourly_station_level_dwarka-sector_8,_delhi_-_dpcc__2025_November_delhi_2025.xlsx",Sheet1,"Dwarka-Sector 8, Delhi - DPCC",05:00:00,30,0,0.0,False
"Dwarka-Sector 8, Delhi - DPCC/AQI Hourly/aqi_hourly_station_level_dwarka-sector_8,_delhi_-_dpcc__2025_November_delhi_2025.xlsx",Sheet1,"Dwarka-Sector 8, Delhi - DPCC",06:00:00,30,1,3.33,False
"Dwarka-Sector 8, Delhi - DPCC/AQI Hourly/aqi_hourly_station_level_dwarka-sector_8,_delhi_-_dpcc__2025_November_delhi_2025.xlsx",Sheet1,"Dwarka-Sector 8, Delhi - DPCC",07:00:00,30,0,0.0,False
"Dwarka-Sector 8, Delhi - DPCC/AQI Hourly/aqi_hourly_station_level_dwarka-sector_8,_delhi_-_dpcc__2025_November_delhi_2025.xlsx",Sheet1,"Dwarka-Sector 8, Delhi - DPCC",08:00:00,30,0,0.0,False
"Dwarka-Sector 8, Delhi - DPCC/AQI Hourly/aqi_hourly_station_level_dwarka-sector_8,_delhi_-_dpcc__2025_November_delhi_2025.xlsx",Sheet1,"Dwarka-Sector 8, Delhi - DPCC",09:00:00,30,0,0.0,False
"Dwarka-Sector 8, Delhi - DPCC/AQI Hourly/aqi_hourly_station_level_dwarka-sector_8,_delhi_-_dpcc__2025_November_delhi_2025.xlsx",Sheet1,"Dwarka-Sector 8, Delhi - DPCC",10:00:00,30,0,0.0,False
"Dwarka-Sector 8, Delhi - DPCC/AQI Hourly/aqi_hourly_station_level_dwarka-sector_8,_delhi_-_dpcc__2025_November_delhi_2025.xlsx",Sheet1,"Dwarka-Sector 8, Delhi - DPCC",11:00:00,30,0,0.0,False
"Dwarka-Sector 8, Delhi - DPCC/AQI Hourly/aqi_hourly_station_level_dwarka-sector_8,_delhi_-_dpcc__2025_November_delhi_2025.xlsx",Sheet1,"Dwarka-Sector 8, Delhi - DPCC",12:00:00,30,0,0.0,False
"Dwarka-Sector 8, Delhi - DPCC/AQI Hourly/aqi_hourly_station_level_dwarka-sector_8,_delhi_-_dpcc__2025_November_delhi_2025.xlsx",Sheet1,"Dwarka-Sector 8, Delhi - DPCC",13:00:00,30,0,0.0,False
"Dwarka-Sector 8, Delhi - DPCC/AQI Hourly/aqi_hourly_station_level_dwarka-sector_8,_delhi_-_dpcc__2025_November_delhi_2025.xlsx",Sheet1,"Dwarka-Sector 8, Delhi - DPCC",14:00:00,30,0,0.0,False
"Dwarka-Sector 8, Delhi - DPCC/AQI Hourly/aqi_hourly_station_level_dwarka-sector_8,_delhi_-_dpcc__2025_November_delhi_2025.xlsx",Sheet1,"Dwarka-Sector 8, Delhi - DPCC",15:00:00,30,0,0.0,False
"Dwarka-Sector 8, Delhi - DPCC/AQI Hourly/aqi_hourly_station_level_dwarka-sector_8,_delhi_-_dpcc__2025_November_delhi_2025.xlsx",Sheet1,"Dwarka-Sector 8, Delhi - DPCC",16:00:00,30,0,0.0,False
"Dwarka-Sector 8, Delhi - DPCC/AQI Hourly/aqi_hourly_station_level_dwarka-sector_8,_delhi_-_dpcc__2025_November_delhi_2025.xlsx",Sheet1,"Dwarka-Sector 8, Delhi - DPCC",17:00:00,30,0,0.0,False
"Dwarka-Sector 8, Delhi - DPCC/AQI Hourly/aqi_hourly_station_level_dwarka-sector_8,_delhi_-_dpcc__2025_November_delhi_2025.xlsx",Sheet1,"Dwarka-Sector 8, Delhi - DPCC",18:00:00,30,0,0.0,False
"Dwarka-Sector 8, Delhi - DPCC/AQI Hourly/aqi_hourly_station_level_dwarka-sector_8,_delhi_-_dpcc__2025_November_delhi_2025.xlsx",Sheet1,"Dwarka-Sector 8, Delhi - DPCC",19:00:00,30,0,0.0,False
"Dwarka-Sector 8, Delhi - DPCC/AQI Hourly/aqi_hourly_station_level_dwarka-sector_8,_delhi_-_dpcc__2025_November_delhi_2025.xlsx",Sheet1,"Dwarka-Sector 8, Delhi - DPCC",20:00:00,30,0,0.0,False
"Dwarka-Sector 8, Delhi - DPCC/AQI Hourly/aqi_hourly_station_level_dwarka-sector_8,_delhi_-_dpcc__2025_November_delhi_2025.xlsx",Sheet1,"Dwarka-Sector 8, Delhi - DPCC",21:00:00,30,0,0.0,False
"Dwarka-Sector 8, Delhi - DPCC/AQI Hourly/aqi_hourly_station_level_dwarka-sector_8,_delhi_-_dpcc__2025_November_delhi_2025.xlsx",Sheet1,"Dwarka-Sector 8, Delhi - DPCC",22:00:00,30,0,0.0,False
"Dwarka-Sector 8, Delhi - DPCC/AQI Hourly/aqi_hourly_station_level_dwarka-sector_8,_delhi_-_dpcc__2025_November_delhi_2025.xlsx",Sheet1,"Dwarka-Sector 8, Delhi - DPCC",23:00:00,30,0,0.0,False
"Dwarka-Sector 8, Delhi - DPCC/AQI Hourly/aqi_hourly_station_level_dwarka-sector_8,_delhi_-_dpcc__2025_October_delhi_2025.xlsx",Sheet1,"Dwarka-Sector 8, Delhi - DPCC",Date,31,0,0.0,False
"Dwarka-Sector 8, Delhi - DPCC/AQI Hourly/aqi_hourly_station_level_dwarka-sector_8,_delhi_-_dpcc__2025_October_delhi_2025.xlsx",Sheet1,"Dwarka-Sector 8, Delhi - DPCC",00:00:00,31,3,9.68,False
"Dwarka-Sector 8, Delhi - DPCC/AQI Hourly/aqi_hourly_station_level_dwarka-sector_8,_delhi_-_dpcc__2025_October_delhi_2025.xlsx",Sheet1,"Dwarka-Sector 8, Delhi - DPCC",01:00:00,31,2,6.45,False
"Dwarka-Sector 8, Delhi - DPCC/AQI Hourly/aqi_hourly_station_level_dwarka-sector_8,_delhi_-_dpcc__2025_October_delhi_2025.xlsx",Sheet1,"Dwarka-Sector 8, Delhi - DPCC",02:00:00,31,1,3.23,False
"Dwarka-Sector 8, Delhi - DPCC/AQI Hourly/aqi_hourly_station_level_dwarka-sector_8,_delhi_-_dpcc__2025_October_delhi_2025.xlsx",Sheet1,"Dwarka-Sector 8, Delhi - DPCC",03:00:00,31,1,3.23,False
"Dwarka-Sector 8, Delhi - DPCC/AQI Hourly/aqi_hourly_station_level_dwarka-sector_8,_delhi_-_dpcc__2025_October_delhi_2025.xlsx",Sheet1,"Dwarka-Sector 8, Delhi - DPCC",04:00:00,31,3,9.68,False
"Dwarka-Sector 8, Delhi - DPCC/AQI Hourly/aqi_hourly_station_level_dwarka-sector_8,_delhi_-_dpcc__2025_October_delhi_2025.xlsx",Sheet1,"Dwarka-Sector 8, Delhi - DPCC",05:00:00,31,1,3.23,False
"Dwarka-Sector 8, Delhi - DPCC/AQI Hourly/aqi_hourly_station_level_dwarka-sector_8,_delhi_-_dpcc__2025_October_delhi_2025.xlsx",Sheet1,"Dwarka-Sector 8, Delhi - DPCC",06:00:00,31,1,3.23,False
"Dwarka-Sector 8, Delhi - DPCC/AQI Hourly/aqi_hourly_station_level_dwarka-sector_8,_delhi_-_dpcc__2025_October_delhi_2025.xlsx",Sheet1,"Dwarka-Sector 8, Delhi - DPCC",07:00:00,31,2,6.45,False
"Dwarka-Sector 8, Delhi - DPCC/AQI Hourly/aqi_hourly_station_level_dwarka-sector_8,_delhi_-_dpcc__2025_October_delhi_2025.xlsx",Sheet1,"Dwarka-Sector 8, Delhi - DPCC",08:00:00,31,2,6.45,False
"Dwarka-Sector 8, Delhi - DPCC/AQI Hourly/aqi_hourly_station_level_dwarka-sector_8,_delhi_-_dpcc__2025_October_delhi_2025.xlsx",Sheet1,"Dwarka-Sector 8, Delhi - DPCC",09:00:00,31,2,6.45,False
"Dwarka-Sector 8, Delhi - DPCC/AQI Hourly/aqi_hourly_station_level_dwarka-sector_8,_delhi_-_dpcc__2025_October_delhi_2025.xlsx",Sheet1,"Dwarka-Sector 8, Delhi - DPCC",10:00:00,31,2,6.45,False
"Dwarka-Sector 8, Delhi - DPCC/AQI Hourly/aqi_hourly_station_level_dwarka-sector_8,_delhi_-_dpcc__2025_October_delhi_2025.xlsx",Sheet1,"Dwarka-Sector 8, Delhi - DPCC",11:00:00,31,2,6.45,False
"Dwarka-Sector 8, Delhi - DPCC/AQI Hourly/aqi_hourly_station_level_dwarka-sector_8,_delhi_-_dpcc__2025_October_delhi_2025.xlsx",Sheet1,"Dwarka-Sector 8, Delhi - DPCC",12:00:00,31,2,6.45,False
"Dwarka-Sector 8, Delhi - DPCC/AQI Hourly/aqi_hourly_station_level_dwarka-sector_8,_delhi_-_dpcc__2025_October_delhi_2025.xlsx",Sheet1,"Dwarka-Sector 8, Delhi - DPCC",13:00:00,31,2,6.45,False
"Dwarka-Sector 8, Delhi - DPCC/AQI Hourly/aqi_hourly_station_level_dwarka-sector_8,_delhi_-_dpcc__2025_October_delhi_2025.xlsx",Sheet1,"Dwarka-Sector 8, Delhi - DPCC",14:00:00,31,2,6.45,False
"Dwarka-Sector 8, Delhi - DPCC/AQI Hourly/aqi_hourly_station_level_dwarka-sector_8,_delhi_-_dpcc__2025_October_delhi_2025.xlsx",Sheet1,"Dwarka-Sector 8, Delhi - DPCC",15:00:00,31,2,6.45,False
"Dwarka-Sector 8, Delhi - DPCC/AQI Hourly/aqi_hourly_station_level_dwarka-sector_8,_delhi_-_dpcc__2025_October_delhi_2025.xlsx",Sheet1,"Dwarka-Sector 8, Delhi - DPCC",16:00:00,31,2,6.45,False
"Dwarka-Sector 8, Delhi - DPCC/AQI Hourly/aqi_hourly_station_level_dwarka-sector_8,_delhi_-_dpcc__2025_October_delhi_2025.xlsx",Sheet1,"Dwarka-Sector 8, Delhi - DPCC",17:00:00,31,3,9.68,False
"Dwarka-Sector 8, Delhi - DPCC/AQI Hourly/aqi_hourly_station_level_dwarka-sector_8,_delhi_-_dpcc__2025_October_delhi_2025.xlsx",Sheet1,"Dwarka-Sector 8, Delhi - DPCC",18:00:00,31,3,9.68,False
"Dwarka-Sector 8, Delhi - DPCC/AQI Hourly/aqi_hourly_station_level_dwarka-sector_8,_delhi_-_dpcc__2025_October_delhi_2025.xlsx",Sheet1,"Dwarka-Sector 8, Delhi - DPCC",19:00:00,31,2,6.45,False
"Dwarka-Sector 8, Delhi - DPCC/AQI Hourly/aqi_hourly_station_level_dwarka-sector_8,_delhi_-_dpcc__2025_October_delhi_2025.xlsx",Sheet1,"Dwarka-Sector 8, Delhi - DPCC",20:00:00,31,2,6.45,False
"Dwarka-Sector 8, Delhi - DPCC/AQI Hourly/aqi_hourly_station_level_dwarka-sector_8,_delhi_-_dpcc__2025_October_delhi_2025.xlsx",Sheet1,"Dwarka-Sector 8, Delhi - DPCC",21:00:00,31,2,6.45,False
"Dwarka-Sector 8, Delhi - DPCC/AQI Hourly/aqi_hourly_station_level_dwarka-sector_8,_delhi_-_dpcc__2025_October_delhi_2025.xlsx",Sheet1,"Dwarka-Sector 8, Delhi - DPCC",22:00:00,31,2,6.45,False
"Dwarka-Sector 8, Delhi - DPCC/AQI Hourly/aqi_hourly_station_level_dwarka-sector_8,_delhi_-_dpcc__2025_October_delhi_2025.xlsx",Sheet1,"Dwarka-Sector 8, Delhi - DPCC",23:00:00,31,3,9.68,False
"Dwarka-Sector 8, Delhi - DPCC/AQI Hourly/aqi_hourly_station_level_dwarka-sector_8,_delhi_-_dpcc__2025_September_delhi_2025.xlsx",Sheet1,"Dwarka-Sector 8, Delhi - DPCC",Date,30,0,0.0,False
"Dwarka-Sector 8, Delhi - DPCC/AQI Hourly/aqi_hourly_station_level_dwarka-sector_8,_delhi_-_dpcc__2025_September_delhi_2025.xlsx",Sheet1,"Dwarka-Sector 8, Delhi - DPCC",00:00:00,30,0,0.0,False
"Dwarka-Sector 8, Delhi - DPCC/AQI Hourly/aqi_hourly_station_level_dwarka-sector_8,_delhi_-_dpcc__2025_September_delhi_2025.xlsx",Sheet1,"Dwarka-Sector 8, Delhi - DPCC",01:00:00,30,0,0.0,False
"Dwarka-Sector 8, Delhi - DPCC/AQI Hourly/aqi_hourly_station_level_dwarka-sector_8,_delhi_-_dpcc__2025_September_delhi_2025.xlsx",Sheet1,"Dwarka-Sector 8, Delhi - DPCC",02:00:00,30,1,3.33,False
"Dwarka-Sector 8, Delhi - DPCC/AQI Hourly/aqi_hourly_station_level_dwarka-sector_8,_delhi_-_dpcc__2025_September_delhi_2025.xlsx",Sheet1,"Dwarka-Sector 8, Delhi - DPCC",03:00:00,30,1,3.33,False
"Dwarka-Sector 8, Delhi - DPCC/AQI Hourly/aqi_hourly_station_level_dwarka-sector_8,_delhi_-_dpcc__2025_September_delhi_2025.xlsx",Sheet1,"Dwarka-Sector 8, Delhi - DPCC",04:00:00,30,0,0.0,False
"Dwarka-Sector 8, Delhi - DPCC/AQI Hourly/aqi_hourly_station_level_dwarka-sector_8,_delhi_-_dpcc__2025_September_delhi_2025.xlsx",Sheet1,"Dwarka-Sector 8, Delhi - DPCC",05:00:00,30,0,0.0,False
"Dwarka-Sector 8, Delhi - DPCC/AQI Hourly/aqi_hourly_station_level_dwarka-sector_8,_delhi_-_dpcc__2025_September_delhi_2025.xlsx",Sheet1,"Dwarka-Sector 8, Delhi - DPCC",06:00:00,30,0,0.0,False
"Dwarka-Sector 8, Delhi - DPCC/AQI Hourly/aqi_hourly_station_level_dwarka-sector_8,_delhi_-_dpcc__2025_September_delhi_2025.xlsx",Sheet1,"Dwarka-Sector 8, Delhi - DPCC",07:00:00,30,0,0.0,False
"Dwarka-Sector 8, Delhi - DPCC/AQI Hourly/aqi_hourly_station_level_dwarka-sector_8,_delhi_-_dpcc__2025_September_delhi_2025.xlsx",Sheet1,"Dwarka-Sector 8, Delhi - DPCC",08:00:00,30,0,0.0,False
"Dwarka-Sector 8, Delhi - DPCC/AQI Hourly/aqi_hourly_station_level_dwarka-sector_8,_delhi_-_dpcc__2025_September_delhi_2025.xlsx",Sheet1,"Dwarka-Sector 8, Delhi - DPCC",09:00:00,30,0,0.0,False
"Dwarka-Sector 8, Delhi - DPCC/AQI Hourly/aqi_hourly_station_level_dwarka-sector_8,_delhi_-_dpcc__2025_September_delhi_2025.xlsx",Sheet1,"Dwarka-Sector 8, Delhi - DPCC",10:00:00,30,1,3.33,False
"Dwarka-Sector 8, Delhi - DPCC/AQI Hourly/aqi_hourly_station_level_dwarka-sector_8,_delhi_-_dpcc__2025_September_delhi_2025.xlsx",Sheet1,"Dwarka-Sector 8, Delhi - DPCC",11:00:00,30,1,3.33,False
"Dwarka-Sector 8, Delhi - DPCC/AQI Hourly/aqi_hourly_station_level_dwarka-sector_8,_delhi_-_dpcc__2025_September_delhi_2025.xlsx",Sheet1,"Dwarka-Sector 8, Delhi - DPCC",12:00:00,30,1,3.33,False
"Dwarka-Sector 8, Delhi - DPCC/AQI Hourly/aqi_hourly_station_level_dwarka-sector_8,_delhi_-_dpcc__2025_September_delhi_2025.xlsx",Sheet1,"Dwarka-Sector 8, Delhi - DPCC",13:00:00,30,0,0.0,False
"Dwarka-Sector 8, Delhi - DPCC/AQI Hourly/aqi_hourly_station_level_dwarka-sector_8,_delhi_-_dpcc__2025_September_delhi_2025.xlsx",Sheet1,"Dwarka-Sector 8, Delhi - DPCC",14:00:00,30,0,0.0,False
"Dwarka-Sector 8, Delhi - DPCC/AQI Hourly/aqi_hourly_station_level_dwarka-sector_8,_delhi_-_dpcc__2025_September_delhi_2025.xlsx",Sheet1,"Dwarka-Sector 8, Delhi - DPCC",15:00:00,30,0,0.0,False
"Dwarka-Sector 8, Delhi - DPCC/AQI Hourly/aqi_hourly_station_level_dwarka-sector_8,_delhi_-_dpcc__2025_September_delhi_2025.xlsx",Sheet1,"Dwarka-Sector 8, Delhi - DPCC",16:00:00,30,0,0.0,False
"Dwarka-Sector 8, Delhi - DPCC/AQI Hourly/aqi_hourly_station_level_dwarka-sector_8,_delhi_-_dpcc__2025_September_delhi_2025.xlsx",Sheet1,"Dwarka-Sector 8, Delhi - DPCC",17:00:00,30,0,0.0,False
"Dwarka-Sector 8, Delhi - DPCC/AQI Hourly/aqi_hourly_station_level_dwarka-sector_8,_delhi_-_dpcc__2025_September_delhi_2025.xlsx",Sheet1,"Dwarka-Sector 8, Delhi - DPCC",18:00:00,30,1,3.33,False
"Dwarka-Sector 8, Delhi - DPCC/AQI Hourly/aqi_hourly_station_level_dwarka-sector_8,_delhi_-_dpcc__2025_September_delhi_2025.xlsx",Sheet1,"Dwarka-Sector 8, Delhi - DPCC",19:00:00,30,0,0.0,False
"Dwarka-Sector 8, Delhi - DPCC/AQI Hourly/aqi_hourly_station_level_dwarka-sector_8,_delhi_-_dpcc__2025_September_delhi_2025.xlsx",Sheet1,"Dwarka-Sector 8, Delhi - DPCC",20:00:00,30,0,0.0,False
"Dwarka-Sector 8, Delhi - DPCC/AQI Hourly/aqi_hourly_station_level_dwarka-sector_8,_delhi_-_dpcc__2025_September_delhi_2025.xlsx",Sheet1,"Dwarka-Sector 8, Delhi - DPCC",21:00:00,30,0,0.0,False
"Dwarka-Sector 8, Delhi - DPCC/AQI Hourly/aqi_hourly_station_level_dwarka-sector_8,_delhi_-_dpcc__2025_September_delhi_2025.xlsx",Sheet1,"Dwarka-Sector 8, Delhi - DPCC",22:00:00,30,0,0.0,False
"Dwarka-Sector 8, Delhi - DPCC/AQI Hourly/aqi_hourly_station_level_dwarka-sector_8,_delhi_-_dpcc__2025_September_delhi_2025.xlsx",Sheet1,"Dwarka-Sector 8, Delhi - DPCC",23:00:00,30,1,3.33,False
"Dwarka-Sector 8, Delhi - DPCC/Raw Data/2023_raw_data_hourly_dwarka-sector_8,_delhi_-_dpcc__1H.csv",sheet1,"Dwarka-Sector 8, Delhi - DPCC",Timestamp,8760,0,0.0,False
"Dwarka-Sector 8, Delhi - DPCC/Raw Data/2023_raw_data_hourly_dwarka-sector_8,_delhi_-_dpcc__1H.csv",sheet1,"Dwarka-Sector 8, Delhi - DPCC",PM2.5 (µg/m³),8760,279,3.18,False
"Dwarka-Sector 8, Delhi - DPCC/Raw Data/2023_raw_data_hourly_dwarka-sector_8,_delhi_-_dpcc__1H.csv",sheet1,"Dwarka-Sector 8, Delhi - DPCC",PM10 (µg/m³),8760,356,4.06,False
"Dwarka-Sector 8, Delhi - DPCC/Raw Data/2023_raw_data_hourly_dwarka-sector_8,_delhi_-_dpcc__1H.csv",sheet1,"Dwarka-Sector 8, Delhi - DPCC",NO (µg/m³),8760,289,3.3,False
"Dwarka-Sector 8, Delhi - DPCC/Raw Data/2023_raw_data_hourly_dwarka-sector_8,_delhi_-_dpcc__1H.csv",sheet1,"Dwarka-Sector 8, Delhi - DPCC",NO2 (µg/m³),8760,286,3.26,False
"Dwarka-Sector 8, Delhi - DPCC/Raw Data/2023_raw_data_hourly_dwarka-sector_8,_delhi_-_dpcc__1H.csv",sheet1,"Dwarka-Sector 8, Delhi - DPCC",NOx (ppb),8760,286,3.26,False
"Dwarka-Sector 8, Delhi - DPCC/Raw Data/2023_raw_data_hourly_dwarka-sector_8,_delhi_-_dpcc__1H.csv",sheet1,"Dwarka-Sector 8, Delhi - DPCC",NH3 (µg/m³),8760,303,3.46,False
"Dwarka-Sector 8, Delhi - DPCC/Raw Data/2023_raw_data_hourly_dwarka-sector_8,_delhi_-_dpcc__1H.csv",sheet1,"Dwarka-Sector 8, Delhi - DPCC",SO2 (µg/m³),8760,223,2.55,False
"Dwarka-Sector 8, Delhi - DPCC/Raw Data/2023_raw_data_hourly_dwarka-sector_8,_delhi_-_dpcc__1H.csv",sheet1,"Dwarka-Sector 8, Delhi - DPCC",CO (mg/m³),8760,524,5.98,False
"Dwarka-Sector 8, Delhi - DPCC/Raw Data/2023_raw_data_hourly_dwarka-sector_8,_delhi_-_dpcc__1H.csv",sheet1,"Dwarka-Sector 8, Delhi - DPCC",Ozone (µg/m³),8760,284,3.24,False
"Dwarka-Sector 8, Delhi - DPCC/Raw Data/2023_raw_data_hourly_dwarka-sector_8,_delhi_-_dpcc__1H.csv",sheet1,"Dwarka-Sector 8, Delhi - DPCC",Benzene (µg/m³),8760,827,9.44,False
"Dwarka-Sector 8, Delhi - DPCC/Raw Data/2023_raw_data_hourly_dwarka-sector_8,_delhi_-_dpcc__1H.csv",sheet1,"Dwarka-Sector 8, Delhi - DPCC",Toluene (µg/m³),8760,827,9.44,False
"Dwarka-Sector 8, Delhi - DPCC/Raw Data/2023_raw_data_hourly_dwarka-sector_8,_delhi_-_dpcc__1H.csv",sheet1,"Dwarka-Sector 8, Delhi - DPCC",Xylene (µg/m³),8760,8760,100.0,True
"Dwarka-Sector 8, Delhi - DPCC/Raw Data/2023_raw_data_hourly_dwarka-sector_8,_delhi_-_dpcc__1H.csv",sheet1,"Dwarka-Sector 8, Delhi - DPCC",O Xylene (µg/m³),8760,8760,100.0,True
"Dwarka-Sector 8, Delhi - DPCC/Raw Data/2023_raw_data_hourly_dwarka-sector_8,_delhi_-_dpcc__1H.csv",sheet1,"Dwarka-Sector 8, Delhi - DPCC",Eth-Benzene (µg/m³),8760,8760,100.0,True
"Dwarka-Sector 8, Delhi - DPCC/Raw Data/2023_raw_data_hourly_dwarka-sector_8,_delhi_-_dpcc__1H.csv",sheet1,"Dwarka-Sector 8, Delhi - DPCC",MP-Xylene (µg/m³),8760,8760,100.0,True
"Dwarka-Sector 8, Delhi - DPCC/Raw Data/2023_raw_data_hourly_dwarka-sector_8,_delhi_-_dpcc__1H.csv",sheet1,"Dwarka-Sector 8, Delhi - DPCC",AT (°C),8760,204,2.33,False
"Dwarka-Sector 8, Delhi - DPCC/Raw Data/2023_raw_data_hourly_dwarka-sector_8,_delhi_-_dpcc__1H.csv",sheet1,"Dwarka-Sector 8, Delhi - DPCC",RH (%),8760,202,2.31,False
"Dwarka-Sector 8, Delhi - DPCC/Raw Data/2023_raw_data_hourly_dwarka-sector_8,_delhi_-_dpcc__1H.csv",sheet1,"Dwarka-Sector 8, Delhi - DPCC",WS (m/s),8760,206,2.35,False
"Dwarka-Sector 8, Delhi - DPCC/Raw Data/2023_raw_data_hourly_dwarka-sector_8,_delhi_-_dpcc__1H.csv",sheet1,"Dwarka-Sector 8, Delhi - DPCC",WD (deg),8760,206,2.35,False
"Dwarka-Sector 8, Delhi - DPCC/Raw Data/2023_raw_data_hourly_dwarka-sector_8,_delhi_-_dpcc__1H.csv",sheet1,"Dwarka-Sector 8, Delhi - DPCC",RF (mm),8760,203,2.32,False
"Dwarka-Sector 8, Delhi - DPCC/Raw Data/2023_raw_data_hourly_dwarka-sector_8,_delhi_-_dpcc__1H.csv",sheet1,"Dwarka-Sector 8, Delhi - DPCC",TOT-RF (mm),8760,0,0.0,False
"Dwarka-Sector 8, Delhi - DPCC/Raw Data/2023_raw_data_hourly_dwarka-sector_8,_delhi_-_dpcc__1H.csv",sheet1,"Dwarka-Sector 8, Delhi - DPCC",SR (W/mt2),8760,202,2.31,False
"Dwarka-Sector 8, Delhi - DPCC/Raw Data/2023_raw_data_hourly_dwarka-sector_8,_delhi_-_dpcc__1H.csv",sheet1,"Dwarka-Sector 8, Delhi - DPCC",BP (mmHg),8760,202,2.31,False
"Dwarka-Sector 8, Delhi - DPCC/Raw Data/2023_raw_data_hourly_dwarka-sector_8,_delhi_-_dpcc__1H.csv",sheet1,"Dwarka-Sector 8, Delhi - DPCC",VWS (m/s),8760,8760,100.0,True
"Dwarka-Sector 8, Delhi - DPCC/Raw Data/2024_raw_data_hourly_dwarka-sector_8,_delhi_-_dpcc__1H.csv",sheet1,"Dwarka-Sector 8, Delhi - DPCC",Timestamp,8784,0,0.0,False
"Dwarka-Sector 8, Delhi - DPCC/Raw Data/2024_raw_data_hourly_dwarka-sector_8,_delhi_-_dpcc__1H.csv",sheet1,"Dwarka-Sector 8, Delhi - DPCC",PM2.5 (µg/m³),8784,23,0.26,False
"Dwarka-Sector 8, Delhi - DPCC/Raw Data/2024_raw_data_hourly_dwarka-sector_8,_delhi_-_dpcc__1H.csv",sheet1,"Dwarka-Sector 8, Delhi - DPCC",PM10 (µg/m³),8784,153,1.74,False
"Dwarka-Sector 8, Delhi - DPCC/Raw Data/2024_raw_data_hourly_dwarka-sector_8,_delhi_-_dpcc__1H.csv",sheet1,"Dwarka-Sector 8, Delhi - DPCC",NO (µg/m³),8784,50,0.57,False
"Dwarka-Sector 8, Delhi - DPCC/Raw Data/2024_raw_data_hourly_dwarka-sector_8,_delhi_-_dpcc__1H.csv",sheet1,"Dwarka-Sector 8, Delhi - DPCC",NO2 (µg/m³),8784,185,2.11,False
"Dwarka-Sector 8, Delhi - DPCC/Raw Data/2024_raw_data_hourly_dwarka-sector_8,_delhi_-_dpcc__1H.csv",sheet1,"Dwarka-Sector 8, Delhi - DPCC",NOx (ppb),8784,40,0.46,False
"Dwarka-Sector 8, Delhi - DPCC/Raw Data/2024_raw_data_hourly_dwarka-sector_8,_delhi_-_dpcc__1H.csv",sheet1,"Dwarka-Sector 8, Delhi - DPCC",NH3 (µg/m³),8784,13,0.15,False
"Dwarka-Sector 8, Delhi - DPCC/Raw Data/2024_raw_data_hourly_dwarka-sector_8,_delhi_-_dpcc__1H.csv",sheet1,"Dwarka-Sector 8, Delhi - DPCC",SO2 (µg/m³),8784,87,0.99,False
"Dwarka-Sector 8, Delhi - DPCC/Raw Data/2024_raw_data_hourly_dwarka-sector_8,_delhi_-_dpcc__1H.csv",sheet1,"Dwarka-Sector 8, Delhi - DPCC",CO (mg/m³),8784,114,1.3,False
"Dwarka-Sector 8, Delhi - DPCC/Raw Data/2024_raw_data_hourly_dwarka-sector_8,_delhi_-_dpcc__1H.csv",sheet1,"Dwarka-Sector 8, Delhi - DPCC",Ozone (µg/m³),8784,112,1.28,False
"Dwarka-Sector 8, Delhi - DPCC/Raw Data/2024_raw_data_hourly_dwarka-sector_8,_delhi_-_dpcc__1H.csv",sheet1,"Dwarka-Sector 8, Delhi - DPCC",Benzene (µg/m³),8784,99,1.13,False
"Dwarka-Sector 8, Delhi - DPCC/Raw Data/2024_raw_data_hourly_dwarka-sector_8,_delhi_-_dpcc__1H.csv",sheet1,"Dwarka-Sector 8, Delhi - DPCC",Toluene (µg/m³),8784,41,0.47,False
"Dwarka-Sector 8, Delhi - DPCC/Raw Data/2024_raw_data_hourly_dwarka-sector_8,_delhi_-_dpcc__1H.csv",sheet1,"Dwarka-Sector 8, Delhi - DPCC",Xylene (µg/m³),8784,8784,100.0,True
"Dwarka-Sector 8, Delhi - DPCC/Raw Data/2024_raw_data_hourly_dwarka-sector_8,_delhi_-_dpcc__1H.csv",sheet1,"Dwarka-Sector 8, Delhi - DPCC",O Xylene (µg/m³),8784,8784,100.0,True
"Dwarka-Sector 8, Delhi - DPCC/Raw Data/2024_raw_data_hourly_dwarka-sector_8,_delhi_-_dpcc__1H.csv",sheet1,"Dwarka-Sector 8, Delhi - DPCC",Eth-Benzene (µg/m³),8784,8784,100.0,True
"Dwarka-Sector 8, Delhi - DPCC/Raw Data/2024_raw_data_hourly_dwarka-sector_8,_delhi_-_dpcc__1H.csv",sheet1,"Dwarka-Sector 8, Delhi - DPCC",MP-Xylene (µg/m³),8784,8784,100.0,True
"Dwarka-Sector 8, Delhi - DPCC/Raw Data/2024_raw_data_hourly_dwarka-sector_8,_delhi_-_dpcc__1H.csv",sheet1,"Dwarka-Sector 8, Delhi - DPCC",AT (°C),8784,10,0.11,False
"Dwarka-Sector 8, Delhi - DPCC/Raw Data/2024_raw_data_hourly_dwarka-sector_8,_delhi_-_dpcc__1H.csv",sheet1,"Dwarka-Sector 8, Delhi - DPCC",RH (%),8784,10,0.11,False
"Dwarka-Sector 8, Delhi - DPCC/Raw Data/2024_raw_data_hourly_dwarka-sector_8,_delhi_-_dpcc__1H.csv",sheet1,"Dwarka-Sector 8, Delhi - DPCC",WS (m/s),8784,10,0.11,False
"Dwarka-Sector 8, Delhi - DPCC/Raw Data/2024_raw_data_hourly_dwarka-sector_8,_delhi_-_dpcc__1H.csv",sheet1,"Dwarka-Sector 8, Delhi - DPCC",WD (deg),8784,10,0.11,False
"Dwarka-Sector 8, Delhi - DPCC/Raw Data/2024_raw_data_hourly_dwarka-sector_8,_delhi_-_dpcc__1H.csv",sheet1,"Dwarka-Sector 8, Delhi - DPCC",RF (mm),8784,10,0.11,False
"Dwarka-Sector 8, Delhi - DPCC/Raw Data/2024_raw_data_hourly_dwarka-sector_8,_delhi_-_dpcc__1H.csv",sheet1,"Dwarka-Sector 8, Delhi - DPCC",TOT-RF (mm),8784,0,0.0,False
"Dwarka-Sector 8, Delhi - DPCC/Raw Data/2024_raw_data_hourly_dwarka-sector_8,_delhi_-_dpcc__1H.csv",sheet1,"Dwarka-Sector 8, Delhi - DPCC",SR (W/mt2),8784,132,1.5,False
"Dwarka-Sector 8, Delhi - DPCC/Raw Data/2024_raw_data_hourly_dwarka-sector_8,_delhi_-_dpcc__1H.csv",sheet1,"Dwarka-Sector 8, Delhi - DPCC",BP (mmHg),8784,10,0.11,False
"Dwarka-Sector 8, Delhi - DPCC/Raw Data/2024_raw_data_hourly_dwarka-sector_8,_delhi_-_dpcc__1H.csv",sheet1,"Dwarka-Sector 8, Delhi - DPCC",VWS (m/s),8784,8784,100.0,True
"Dwarka-Sector 8, Delhi - DPCC/Raw Data/2025_raw_data_hourly_dwarka-sector_8,_delhi_-_dpcc__1H.csv",sheet1,"Dwarka-Sector 8, Delhi - DPCC",Timestamp,8760,0,0.0,False
"Dwarka-Sector 8, Delhi - DPCC/Raw Data/2025_raw_data_hourly_dwarka-sector_8,_delhi_-_dpcc__1H.csv",sheet1,"Dwarka-Sector 8, Delhi - DPCC",PM2.5 (µg/m³),8760,158,1.8,False
"Dwarka-Sector 8, Delhi - DPCC/Raw Data/2025_raw_data_hourly_dwarka-sector_8,_delhi_-_dpcc__1H.csv",sheet1,"Dwarka-Sector 8, Delhi - DPCC",PM10 (µg/m³),8760,205,2.34,False
"Dwarka-Sector 8, Delhi - DPCC/Raw Data/2025_raw_data_hourly_dwarka-sector_8,_delhi_-_dpcc__1H.csv",sheet1,"Dwarka-Sector 8, Delhi - DPCC",NO (µg/m³),8760,80,0.91,False
"Dwarka-Sector 8, Delhi - DPCC/Raw Data/2025_raw_data_hourly_dwarka-sector_8,_delhi_-_dpcc__1H.csv",sheet1,"Dwarka-Sector 8, Delhi - DPCC",NO2 (µg/m³),8760,73,0.83,False
"Dwarka-Sector 8, Delhi - DPCC/Raw Data/2025_raw_data_hourly_dwarka-sector_8,_delhi_-_dpcc__1H.csv",sheet1,"Dwarka-Sector 8, Delhi - DPCC",NOx (ppb),8760,74,0.84,False
"Dwarka-Sector 8, Delhi - DPCC/Raw Data/2025_raw_data_hourly_dwarka-sector_8,_delhi_-_dpcc__1H.csv",sheet1,"Dwarka-Sector 8, Delhi - DPCC",NH3 (µg/m³),8760,109,1.24,False
"Dwarka-Sector 8, Delhi - DPCC/Raw Data/2025_raw_data_hourly_dwarka-sector_8,_delhi_-_dpcc__1H.csv",sheet1,"Dwarka-Sector 8, Delhi - DPCC",SO2 (µg/m³),8760,184,2.1,False
"Dwarka-Sector 8, Delhi - DPCC/Raw Data/2025_raw_data_hourly_dwarka-sector_8,_delhi_-_dpcc__1H.csv",sheet1,"Dwarka-Sector 8, Delhi - DPCC",CO (mg/m³),8760,111,1.27,False
"Dwarka-Sector 8, Delhi - DPCC/Raw Data/2025_raw_data_hourly_dwarka-sector_8,_delhi_-_dpcc__1H.csv",sheet1,"Dwarka-Sector 8, Delhi - DPCC",Ozone (µg/m³),8760,171,1.95,False
"Dwarka-Sector 8, Delhi - DPCC/Raw Data/2025_raw_data_hourly_dwarka-sector_8,_delhi_-_dpcc__1H.csv",sheet1,"Dwarka-Sector 8, Delhi - DPCC",Benzene (µg/m³),8760,183,2.09,False
"Dwarka-Sector 8, Delhi - DPCC/Raw Data/2025_raw_data_hourly_dwarka-sector_8,_delhi_-_dpcc__1H.csv",sheet1,"Dwarka-Sector 8, Delhi - DPCC",Toluene (µg/m³),8760,183,2.09,False
"Dwarka-Sector 8, Delhi - DPCC/Raw Data/2025_raw_data_hourly_dwarka-sector_8,_delhi_-_dpcc__1H.csv",sheet1,"Dwarka-Sector 8, Delhi - DPCC",Xylene (µg/m³),8760,8760,100.0,True
"Dwarka-Sector 8, Delhi - DPCC/Raw Data/2025_raw_data_hourly_dwarka-sector_8,_delhi_-_dpcc__1H.csv",sheet1,"Dwarka-Sector 8, Delhi - DPCC",O Xylene (µg/m³),8760,8760,100.0,True
"Dwarka-Sector 8, Delhi - DPCC/Raw Data/2025_raw_data_hourly_dwarka-sector_8,_delhi_-_dpcc__1H.csv",sheet1,"Dwarka-Sector 8, Delhi - DPCC",Eth-Benzene (µg/m³),8760,8760,100.0,True
"Dwarka-Sector 8, Delhi - DPCC/Raw Data/2025_raw_data_hourly_dwarka-sector_8,_delhi_-_dpcc__1H.csv",sheet1,"Dwarka-Sector 8, Delhi - DPCC",MP-Xylene (µg/m³),8760,8760,100.0,True
"Dwarka-Sector 8, Delhi - DPCC/Raw Data/2025_raw_data_hourly_dwarka-sector_8,_delhi_-_dpcc__1H.csv",sheet1,"Dwarka-Sector 8, Delhi - DPCC",AT (°C),8760,64,0.73,False
"Dwarka-Sector 8, Delhi - DPCC/Raw Data/2025_raw_data_hourly_dwarka-sector_8,_delhi_-_dpcc__1H.csv",sheet1,"Dwarka-Sector 8, Delhi - DPCC",RH (%),8760,64,0.73,False
"Dwarka-Sector 8, Delhi - DPCC/Raw Data/2025_raw_data_hourly_dwarka-sector_8,_delhi_-_dpcc__1H.csv",sheet1,"Dwarka-Sector 8, Delhi - DPCC",WS (m/s),8760,64,0.73,False
"Dwarka-Sector 8, Delhi - DPCC/Raw Data/2025_raw_data_hourly_dwarka-sector_8,_delhi_-_dpcc__1H.csv",sheet1,"Dwarka-Sector 8, Delhi - DPCC",WD (deg),8760,64,0.73,False
"Dwarka-Sector 8, Delhi - DPCC/Raw Data/2025_raw_data_hourly_dwarka-sector_8,_delhi_-_dpcc__1H.csv",sheet1,"Dwarka-Sector 8, Delhi - DPCC",RF (mm),8760,64,0.73,False
"Dwarka-Sector 8, Delhi - DPCC/Raw Data/2025_raw_data_hourly_dwarka-sector_8,_delhi_-_dpcc__1H.csv",sheet1,"Dwarka-Sector 8, Delhi - DPCC",TOT-RF (mm),8760,0,0.0,False
"Dwarka-Sector 8, Delhi - DPCC/Raw Data/2025_raw_data_hourly_dwarka-sector_8,_delhi_-_dpcc__1H.csv",sheet1,"Dwarka-Sector 8, Delhi - DPCC",SR (W/mt2),8760,68,0.78,False
"Dwarka-Sector 8, Delhi - DPCC/Raw Data/2025_raw_data_hourly_dwarka-sector_8,_delhi_-_dpcc__1H.csv",sheet1,"Dwarka-Sector 8, Delhi - DPCC",BP (mmHg),8760,64,0.73,False
"Dwarka-Sector 8, Delhi - DPCC/Raw Data/2025_raw_data_hourly_dwarka-sector_8,_delhi_-_dpcc__1H.csv",sheet1,"Dwarka-Sector 8, Delhi - DPCC",VWS (m/s),8760,8760,100.0,True
"ITO, Delhi - CPCB/AQI Hourly/aqi_hourly_station_level_ito,_delhi_-_cpcb_2025_April_delhi_2025.xlsx",Sheet1,"ITO, Delhi - CPCB",Date,30,0,0.0,False
"ITO, Delhi - CPCB/AQI Hourly/aqi_hourly_station_level_ito,_delhi_-_cpcb_2025_April_delhi_2025.xlsx",Sheet1,"ITO, Delhi - CPCB",00:00:00,30,0,0.0,False
"ITO, Delhi - CPCB/AQI Hourly/aqi_hourly_station_level_ito,_delhi_-_cpcb_2025_April_delhi_2025.xlsx",Sheet1,"ITO, Delhi - CPCB",01:00:00,30,0,0.0,False
"ITO, Delhi - CPCB/AQI Hourly/aqi_hourly_station_level_ito,_delhi_-_cpcb_2025_April_delhi_2025.xlsx",Sheet1,"ITO, Delhi - CPCB",02:00:00,30,1,3.33,False
"ITO, Delhi - CPCB/AQI Hourly/aqi_hourly_station_level_ito,_delhi_-_cpcb_2025_April_delhi_2025.xlsx",Sheet1,"ITO, Delhi - CPCB",03:00:00,30,2,6.67,False
"ITO, Delhi - CPCB/AQI Hourly/aqi_hourly_station_level_ito,_delhi_-_cpcb_2025_April_delhi_2025.xlsx",Sheet1,"ITO, Delhi - CPCB",04:00:00,30,3,10.0,False
"ITO, Delhi - CPCB/AQI Hourly/aqi_hourly_station_level_ito,_delhi_-_cpcb_2025_April_delhi_2025.xlsx",Sheet1,"ITO, Delhi - CPCB",05:00:00,30,1,3.33,False
"ITO, Delhi - CPCB/AQI Hourly/aqi_hourly_station_level_ito,_delhi_-_cpcb_2025_April_delhi_2025.xlsx",Sheet1,"ITO, Delhi - CPCB",06:00:00,30,1,3.33,False
"ITO, Delhi - CPCB/AQI Hourly/aqi_hourly_station_level_ito,_delhi_-_cpcb_2025_April_delhi_2025.xlsx",Sheet1,"ITO, Delhi - CPCB",07:00:00,30,1,3.33,False
"ITO, Delhi - CPCB/AQI Hourly/aqi_hourly_station_level_ito,_delhi_-_cpcb_2025_April_delhi_2025.xlsx",Sheet1,"ITO, Delhi - CPCB",08:00:00,30,1,3.33,False
"ITO, Delhi - CPCB/AQI Hourly/aqi_hourly_station_level_ito,_delhi_-_cpcb_2025_April_delhi_2025.xlsx",Sheet1,"ITO, Delhi - CPCB",09:00:00,30,1,3.33,False
"ITO, Delhi - CPCB/AQI Hourly/aqi_hourly_station_level_ito,_delhi_-_cpcb_2025_April_delhi_2025.xlsx",Sheet1,"ITO, Delhi - CPCB",10:00:00,30,1,3.33,False
"ITO, Delhi - CPCB/AQI Hourly/aqi_hourly_station_level_ito,_delhi_-_cpcb_2025_April_delhi_2025.xlsx",Sheet1,"ITO, Delhi - CPCB",11:00:00,30,2,6.67,False
"ITO, Delhi - CPCB/AQI Hourly/aqi_hourly_station_level_ito,_delhi_-_cpcb_2025_April_delhi_2025.xlsx",Sheet1,"ITO, Delhi - CPCB",12:00:00,30,1,3.33,False
"ITO, Delhi - CPCB/AQI Hourly/aqi_hourly_station_level_ito,_delhi_-_cpcb_2025_April_delhi_2025.xlsx",Sheet1,"ITO, Delhi - CPCB",13:00:00,30,1,3.33,False
"ITO, Delhi - CPCB/AQI Hourly/aqi_hourly_station_level_ito,_delhi_-_cpcb_2025_April_delhi_2025.xlsx",Sheet1,"ITO, Delhi - CPCB",14:00:00,30,0,0.0,False
"ITO, Delhi - CPCB/AQI Hourly/aqi_hourly_station_level_ito,_delhi_-_cpcb_2025_April_delhi_2025.xlsx",Sheet1,"ITO, Delhi - CPCB",15:00:00,30,0,0.0,False
"ITO, Delhi - CPCB/AQI Hourly/aqi_hourly_station_level_ito,_delhi_-_cpcb_2025_April_delhi_2025.xlsx",Sheet1,"ITO, Delhi - CPCB",16:00:00,30,0,0.0,False
"ITO, Delhi - CPCB/AQI Hourly/aqi_hourly_station_level_ito,_delhi_-_cpcb_2025_April_delhi_2025.xlsx",Sheet1,"ITO, Delhi - CPCB",17:00:00,30,0,0.0,False
"ITO, Delhi - CPCB/AQI Hourly/aqi_hourly_station_level_ito,_delhi_-_cpcb_2025_April_delhi_2025.xlsx",Sheet1,"ITO, Delhi - CPCB",18:00:00,30,1,3.33,False
"ITO, Delhi - CPCB/AQI Hourly/aqi_hourly_station_level_ito,_delhi_-_cpcb_2025_April_delhi_2025.xlsx",Sheet1,"ITO, Delhi - CPCB",19:00:00,30,1,3.33,False
"ITO, Delhi - CPCB/AQI Hourly/aqi_hourly_station_level_ito,_delhi_-_cpcb_2025_April_delhi_2025.xlsx",Sheet1,"ITO, Delhi - CPCB",20:00:00,30,0,0.0,False
"ITO, Delhi - CPCB/AQI Hourly/aqi_hourly_station_level_ito,_delhi_-_cpcb_2025_April_delhi_2025.xlsx",Sheet1,"ITO, Delhi - CPCB",21:00:00,30,0,0.0,False
"ITO, Delhi - CPCB/AQI Hourly/aqi_hourly_station_level_ito,_delhi_-_cpcb_2025_April_delhi_2025.xlsx",Sheet1,"ITO, Delhi - CPCB",22:00:00,30,1,3.33,False
"ITO, Delhi - CPCB/AQI Hourly/aqi_hourly_station_level_ito,_delhi_-_cpcb_2025_April_delhi_2025.xlsx",Sheet1,"ITO, Delhi - CPCB",23:00:00,30,0,0.0,False
"ITO, Delhi - CPCB/AQI Hourly/aqi_hourly_station_level_ito,_delhi_-_cpcb_2025_August_delhi_2025.xlsx",Sheet1,"ITO, Delhi - CPCB",Date,31,0,0.0,False
"ITO, Delhi - CPCB/AQI Hourly/aqi_hourly_station_level_ito,_delhi_-_cpcb_2025_August_delhi_2025.xlsx",Sheet1,"ITO, Delhi - CPCB",00:00:00,31,6,19.35,False
"ITO, Delhi - CPCB/AQI Hourly/aqi_hourly_station_level_ito,_delhi_-_cpcb_2025_August_delhi_2025.xlsx",Sheet1,"ITO, Delhi - CPCB",01:00:00,31,5,16.13,False
"ITO, Delhi - CPCB/AQI Hourly/aqi_hourly_station_level_ito,_delhi_-_cpcb_2025_August_delhi_2025.xlsx",Sheet1,"ITO, Delhi - CPCB",02:00:00,31,5,16.13,False
"ITO, Delhi - CPCB/AQI Hourly/aqi_hourly_station_level_ito,_delhi_-_cpcb_2025_August_delhi_2025.xlsx",Sheet1,"ITO, Delhi - CPCB",03:00:00,31,7,22.58,False
"ITO, Delhi - CPCB/AQI Hourly/aqi_hourly_station_level_ito,_delhi_-_cpcb_2025_August_delhi_2025.xlsx",Sheet1,"ITO, Delhi - CPCB",04:00:00,31,5,16.13,False
"ITO, Delhi - CPCB/AQI Hourly/aqi_hourly_station_level_ito,_delhi_-_cpcb_2025_August_delhi_2025.xlsx",Sheet1,"ITO, Delhi - CPCB",05:00:00,31,5,16.13,False
"ITO, Delhi - CPCB/AQI Hourly/aqi_hourly_station_level_ito,_delhi_-_cpcb_2025_August_delhi_2025.xlsx",Sheet1,"ITO, Delhi - CPCB",06:00:00,31,5,16.13,False
"ITO, Delhi - CPCB/AQI Hourly/aqi_hourly_station_level_ito,_delhi_-_cpcb_2025_August_delhi_2025.xlsx",Sheet1,"ITO, Delhi - CPCB",07:00:00,31,5,16.13,False
"ITO, Delhi - CPCB/AQI Hourly/aqi_hourly_station_level_ito,_delhi_-_cpcb_2025_August_delhi_2025.xlsx",Sheet1,"ITO, Delhi - CPCB",08:00:00,31,5,16.13,False
"ITO, Delhi - CPCB/AQI Hourly/aqi_hourly_station_level_ito,_delhi_-_cpcb_2025_August_delhi_2025.xlsx",Sheet1,"ITO, Delhi - CPCB",09:00:00,31,5,16.13,False
"ITO, Delhi - CPCB/AQI Hourly/aqi_hourly_station_level_ito,_delhi_-_cpcb_2025_August_delhi_2025.xlsx",Sheet1,"ITO, Delhi - CPCB",10:00:00,31,5,16.13,False
"ITO, Delhi - CPCB/AQI Hourly/aqi_hourly_station_level_ito,_delhi_-_cpcb_2025_August_delhi_2025.xlsx",Sheet1,"ITO, Delhi - CPCB",11:00:00,31,5,16.13,False
"ITO, Delhi - CPCB/AQI Hourly/aqi_hourly_station_level_ito,_delhi_-_cpcb_2025_August_delhi_2025.xlsx",Sheet1,"ITO, Delhi - CPCB",12:00:00,31,6,19.35,False
"ITO, Delhi - CPCB/AQI Hourly/aqi_hourly_station_level_ito,_delhi_-_cpcb_2025_August_delhi_2025.xlsx",Sheet1,"ITO, Delhi - CPCB",13:00:00,31,6,19.35,False
"ITO, Delhi - CPCB/AQI Hourly/aqi_hourly_station_level_ito,_delhi_-_cpcb_2025_August_delhi_2025.xlsx",Sheet1,"ITO, Delhi - CPCB",14:00:00,31,5,16.13,False
"ITO, Delhi - CPCB/AQI Hourly/aqi_hourly_station_level_ito,_delhi_-_cpcb_2025_August_delhi_2025.xlsx",Sheet1,"ITO, Delhi - CPCB",15:00:00,31,5,16.13,False
"ITO, Delhi - CPCB/AQI Hourly/aqi_hourly_station_level_ito,_delhi_-_cpcb_2025_August_delhi_2025.xlsx",Sheet1,"ITO, Delhi - CPCB",16:00:00,31,4,12.9,False
"ITO, Delhi - CPCB/AQI Hourly/aqi_hourly_station_level_ito,_delhi_-_cpcb_2025_August_delhi_2025.xlsx",Sheet1,"ITO, Delhi - CPCB",17:00:00,31,5,16.13,False
"ITO, Delhi - CPCB/AQI Hourly/aqi_hourly_station_level_ito,_delhi_-_cpcb_2025_August_delhi_2025.xlsx",Sheet1,"ITO, Delhi - CPCB",18:00:00,31,6,19.35,False
"ITO, Delhi - CPCB/AQI Hourly/aqi_hourly_station_level_ito,_delhi_-_cpcb_2025_August_delhi_2025.xlsx",Sheet1,"ITO, Delhi - CPCB",19:00:00,31,5,16.13,False
"ITO, Delhi - CPCB/AQI Hourly/aqi_hourly_station_level_ito,_delhi_-_cpcb_2025_August_delhi_2025.xlsx",Sheet1,"ITO, Delhi - CPCB",20:00:00,31,5,16.13,False
"ITO, Delhi - CPCB/AQI Hourly/aqi_hourly_station_level_ito,_delhi_-_cpcb_2025_August_delhi_2025.xlsx",Sheet1,"ITO, Delhi - CPCB",21:00:00,31,5,16.13,False
"ITO, Delhi - CPCB/AQI Hourly/aqi_hourly_station_level_ito,_delhi_-_cpcb_2025_August_delhi_2025.xlsx",Sheet1,"ITO, Delhi - CPCB",22:00:00,31,5,16.13,False
"ITO, Delhi - CPCB/AQI Hourly/aqi_hourly_station_level_ito,_delhi_-_cpcb_2025_August_delhi_2025.xlsx",Sheet1,"ITO, Delhi - CPCB",23:00:00,31,5,16.13,False
"ITO, Delhi - CPCB/AQI Hourly/aqi_hourly_station_level_ito,_delhi_-_cpcb_2025_December_delhi_2025.xlsx",Sheet1,"ITO, Delhi - CPCB",Date,31,0,0.0,False
"ITO, Delhi - CPCB/AQI Hourly/aqi_hourly_station_level_ito,_delhi_-_cpcb_2025_December_delhi_2025.xlsx",Sheet1,"ITO, Delhi - CPCB",00:00:00,31,1,3.23,False
"ITO, Delhi - CPCB/AQI Hourly/aqi_hourly_station_level_ito,_delhi_-_cpcb_2025_December_delhi_2025.xlsx",Sheet1,"ITO, Delhi - CPCB",01:00:00,31,1,3.23,False
"ITO, Delhi - CPCB/AQI Hourly/aqi_hourly_station_level_ito,_delhi_-_cpcb_2025_December_delhi_2025.xlsx",Sheet1,"ITO, Delhi - CPCB",02:00:00,31,1,3.23,False
"ITO, Delhi - CPCB/AQI Hourly/aqi_hourly_station_level_ito,_delhi_-_cpcb_2025_December_delhi_2025.xlsx",Sheet1,"ITO, Delhi - CPCB",03:00:00,31,0,0.0,False
"ITO, Delhi - CPCB/AQI Hourly/aqi_hourly_station_level_ito,_delhi_-_cpcb_2025_December_delhi_2025.xlsx",Sheet1,"ITO, Delhi - CPCB",04:00:00,31,0,0.0,False
"ITO, Delhi - CPCB/AQI Hourly/aqi_hourly_station_level_ito,_delhi_-_cpcb_2025_December_delhi_2025.xlsx",Sheet1,"ITO, Delhi - CPCB",05:00:00,31,0,0.0,False
"ITO, Delhi - CPCB/AQI Hourly/aqi_hourly_station_level_ito,_delhi_-_cpcb_2025_December_delhi_2025.xlsx",Sheet1,"ITO, Delhi - CPCB",06:00:00,31,0,0.0,False
"ITO, Delhi - CPCB/AQI Hourly/aqi_hourly_station_level_ito,_delhi_-_cpcb_2025_December_delhi_2025.xlsx",Sheet1,"ITO, Delhi - CPCB",07:00:00,31,2,6.45,False
"ITO, Delhi - CPCB/AQI Hourly/aqi_hourly_station_level_ito,_delhi_-_cpcb_2025_December_delhi_2025.xlsx",Sheet1,"ITO, Delhi - CPCB",08:00:00,31,1,3.23,False
"ITO, Delhi - CPCB/AQI Hourly/aqi_hourly_station_level_ito,_delhi_-_cpcb_2025_December_delhi_2025.xlsx",Sheet1,"ITO, Delhi - CPCB",09:00:00,31,1,3.23,False
"ITO, Delhi - CPCB/AQI Hourly/aqi_hourly_station_level_ito,_delhi_-_cpcb_2025_December_delhi_2025.xlsx",Sheet1,"ITO, Delhi - CPCB",10:00:00,31,1,3.23,False
"ITO, Delhi - CPCB/AQI Hourly/aqi_hourly_station_level_ito,_delhi_-_cpcb_2025_December_delhi_2025.xlsx",Sheet1,"ITO, Delhi - CPCB",11:00:00,31,1,3.23,False
"ITO, Delhi - CPCB/AQI Hourly/aqi_hourly_station_level_ito,_delhi_-_cpcb_2025_December_delhi_2025.xlsx",Sheet1,"ITO, Delhi - CPCB",12:00:00,31,1,3.23,False
"ITO, Delhi - CPCB/AQI Hourly/aqi_hourly_station_level_ito,_delhi_-_cpcb_2025_December_delhi_2025.xlsx",Sheet1,"ITO, Delhi - CPCB",13:00:00,31,1,3.23,False
"ITO, Delhi - CPCB/AQI Hourly/aqi_hourly_station_level_ito,_delhi_-_cpcb_2025_December_delhi_2025.xlsx",Sheet1,"ITO, Delhi - CPCB",14:00:00,31,1,3.23,False
"ITO, Delhi - CPCB/AQI Hourly/aqi_hourly_station_level_ito,_delhi_-_cpcb_2025_December_delhi_2025.xlsx",Sheet1,"ITO, Delhi - CPCB",15:00:00,31,1,3.23,False
"ITO, Delhi - CPCB/AQI Hourly/aqi_hourly_station_level_ito,_delhi_-_cpcb_2025_December_delhi_2025.xlsx",Sheet1,"ITO, Delhi - CPCB",16:00:00,31,1,3.23,False
"ITO, Delhi - CPCB/AQI Hourly/aqi_hourly_station_level_ito,_delhi_-_cpcb_2025_December_delhi_2025.xlsx",Sheet1,"ITO, Delhi - CPCB",17:00:00,31,1,3.23,False
"ITO, Delhi - CPCB/AQI Hourly/aqi_hourly_station_level_ito,_delhi_-_cpcb_2025_December_delhi_2025.xlsx",Sheet1,"ITO, Delhi - CPCB",18:00:00,31,1,3.23,False
"ITO, Delhi - CPCB/AQI Hourly/aqi_hourly_station_level_ito,_delhi_-_cpcb_2025_December_delhi_2025.xlsx",Sheet1,"ITO, Delhi - CPCB",19:00:00,31,1,3.23,False
"ITO, Delhi - CPCB/AQI Hourly/aqi_hourly_station_level_ito,_delhi_-_cpcb_2025_December_delhi_2025.xlsx",Sheet1,"ITO, Delhi - CPCB",20:00:00,31,2,6.45,False
"ITO, Delhi - CPCB/AQI Hourly/aqi_hourly_station_level_ito,_delhi_-_cpcb_2025_December_delhi_2025.xlsx",Sheet1,"ITO, Delhi - CPCB",21:00:00,31,1,3.23,False
"ITO, Delhi - CPCB/AQI Hourly/aqi_hourly_station_level_ito,_delhi_-_cpcb_2025_December_delhi_2025.xlsx",Sheet1,"ITO, Delhi - CPCB",22:00:00,31,1,3.23,False
"ITO, Delhi - CPCB/AQI Hourly/aqi_hourly_station_level_ito,_delhi_-_cpcb_2025_December_delhi_2025.xlsx",Sheet1,"ITO, Delhi - CPCB",23:00:00,31,1,3.23,False
"ITO, Delhi - CPCB/AQI Hourly/aqi_hourly_station_level_ito,_delhi_-_cpcb_2025_February_delhi_2025.xlsx",Sheet1,"ITO, Delhi - CPCB",Date,28,0,0.0,False
"ITO, Delhi - CPCB/AQI Hourly/aqi_hourly_station_level_ito,_delhi_-_cpcb_2025_February_delhi_2025.xlsx",Sheet1,"ITO, Delhi - CPCB",00:00:00,28,0,0.0,False
"ITO, Delhi - CPCB/AQI Hourly/aqi_hourly_station_level_ito,_delhi_-_cpcb_2025_February_delhi_2025.xlsx",Sheet1,"ITO, Delhi - CPCB",01:00:00,28,0,0.0,False
"ITO, Delhi - CPCB/AQI Hourly/aqi_hourly_station_level_ito,_delhi_-_cpcb_2025_February_delhi_2025.xlsx",Sheet1,"ITO, Delhi - CPCB",02:00:00,28,0,0.0,False
"ITO, Delhi - CPCB/AQI Hourly/aqi_hourly_station_level_ito,_delhi_-_cpcb_2025_February_delhi_2025.xlsx",Sheet1,"ITO, Delhi - CPCB",03:00:00,28,0,0.0,False
"ITO, Delhi - CPCB/AQI Hourly/aqi_hourly_station_level_ito,_delhi_-_cpcb_2025_February_delhi_2025.xlsx",Sheet1,"ITO, Delhi - CPCB",04:00:00,28,0,0.0,False
"ITO, Delhi - CPCB/AQI Hourly/aqi_hourly_station_level_ito,_delhi_-_cpcb_2025_February_delhi_2025.xlsx",Sheet1,"ITO, Delhi - CPCB",05:00:00,28,0,0.0,False
"ITO, Delhi - CPCB/AQI Hourly/aqi_hourly_station_level_ito,_delhi_-_cpcb_2025_February_delhi_2025.xlsx",Sheet1,"ITO, Delhi - CPCB",06:00:00,28,0,0.0,False
"ITO, Delhi - CPCB/AQI Hourly/aqi_hourly_station_level_ito,_delhi_-_cpcb_2025_February_delhi_2025.xlsx",Sheet1,"ITO, Delhi - CPCB",07:00:00,28,0,0.0,False
"ITO, Delhi - CPCB/AQI Hourly/aqi_hourly_station_level_ito,_delhi_-_cpcb_2025_February_delhi_2025.xlsx",Sheet1,"ITO, Delhi - CPCB",08:00:00,28,0,0.0,False
"ITO, Delhi - CPCB/AQI Hourly/aqi_hourly_station_level_ito,_delhi_-_cpcb_2025_February_delhi_2025.xlsx",Sheet1,"ITO, Delhi - CPCB",09:00:00,28,0,0.0,False
"ITO, Delhi - CPCB/AQI Hourly/aqi_hourly_station_level_ito,_delhi_-_cpcb_2025_February_delhi_2025.xlsx",Sheet1,"ITO, Delhi - CPCB",10:00:00,28,0,0.0,False
"ITO, Delhi - CPCB/AQI Hourly/aqi_hourly_station_level_ito,_delhi_-_cpcb_2025_February_delhi_2025.xlsx",Sheet1,"ITO, Delhi - CPCB",11:00:00,28,0,0.0,False
"ITO, Delhi - CPCB/AQI Hourly/aqi_hourly_station_level_ito,_delhi_-_cpcb_2025_February_delhi_2025.xlsx",Sheet1,"ITO, Delhi - CPCB",12:00:00,28,0,0.0,False
"ITO, Delhi - CPCB/AQI Hourly/aqi_hourly_station_level_ito,_delhi_-_cpcb_2025_February_delhi_2025.xlsx",Sheet1,"ITO, Delhi - CPCB",13:00:00,28,0,0.0,False
"ITO, Delhi - CPCB/AQI Hourly/aqi_hourly_station_level_ito,_delhi_-_cpcb_2025_February_delhi_2025.xlsx",Sheet1,"ITO, Delhi - CPCB",14:00:00,28,0,0.0,False
"ITO, Delhi - CPCB/AQI Hourly/aqi_hourly_station_level_ito,_delhi_-_cpcb_2025_February_delhi_2025.xlsx",Sheet1,"ITO, Delhi - CPCB",15:00:00,28,0,0.0,False
"ITO, Delhi - CPCB/AQI Hourly/aqi_hourly_station_level_ito,_delhi_-_cpcb_2025_February_delhi_2025.xlsx",Sheet1,"ITO, Delhi - CPCB",16:00:00,28,0,0.0,False
"ITO, Delhi - CPCB/AQI Hourly/aqi_hourly_station_level_ito,_delhi_-_cpcb_2025_February_delhi_2025.xlsx",Sheet1,"ITO, Delhi - CPCB",17:00:00,28,0,0.0,False
"ITO, Delhi - CPCB/AQI Hourly/aqi_hourly_station_level_ito,_delhi_-_cpcb_2025_February_delhi_2025.xlsx",Sheet1,"ITO, Delhi - CPCB",18:00:00,28,0,0.0,False
"ITO, Delhi - CPCB/AQI Hourly/aqi_hourly_station_level_ito,_delhi_-_cpcb_2025_February_delhi_2025.xlsx",Sheet1,"ITO, Delhi - CPCB",19:00:00,28,0,0.0,False
"ITO, Delhi - CPCB/AQI Hourly/aqi_hourly_station_level_ito,_delhi_-_cpcb_2025_February_delhi_2025.xlsx",Sheet1,"ITO, Delhi - CPCB",20:00:00,28,0,0.0,False
"ITO, Delhi - CPCB/AQI Hourly/aqi_hourly_station_level_ito,_delhi_-_cpcb_2025_February_delhi_2025.xlsx",Sheet1,"ITO, Delhi - CPCB",21:00:00,28,0,0.0,False
"ITO, Delhi - CPCB/AQI Hourly/aqi_hourly_station_level_ito,_delhi_-_cpcb_2025_February_delhi_2025.xlsx",Sheet1,"ITO, Delhi - CPCB",22:00:00,28,0,0.0,False
"ITO, Delhi - CPCB/AQI Hourly/aqi_hourly_station_level_ito,_delhi_-_cpcb_2025_February_delhi_2025.xlsx",Sheet1,"ITO, Delhi - CPCB",23:00:00,28,0,0.0,False
"ITO, Delhi - CPCB/AQI Hourly/aqi_hourly_station_level_ito,_delhi_-_cpcb_2025_January_delhi_2025.xlsx",Sheet1,"ITO, Delhi - CPCB",Date,31,0,0.0,False
"ITO, Delhi - CPCB/AQI Hourly/aqi_hourly_station_level_ito,_delhi_-_cpcb_2025_January_delhi_2025.xlsx",Sheet1,"ITO, Delhi - CPCB",00:00:00,31,0,0.0,False
"ITO, Delhi - CPCB/AQI Hourly/aqi_hourly_station_level_ito,_delhi_-_cpcb_2025_January_delhi_2025.xlsx",Sheet1,"ITO, Delhi - CPCB",01:00:00,31,0,0.0,False
"ITO, Delhi - CPCB/AQI Hourly/aqi_hourly_station_level_ito,_delhi_-_cpcb_2025_January_delhi_2025.xlsx",Sheet1,"ITO, Delhi - CPCB",02:00:00,31,0,0.0,False
"ITO, Delhi - CPCB/AQI Hourly/aqi_hourly_station_level_ito,_delhi_-_cpcb_2025_January_delhi_2025.xlsx",Sheet1,"ITO, Delhi - CPCB",03:00:00,31,0,0.0,False
"ITO, Delhi - CPCB/AQI Hourly/aqi_hourly_station_level_ito,_delhi_-_cpcb_2025_January_delhi_2025.xlsx",Sheet1,"ITO, Delhi - CPCB",04:00:00,31,0,0.0,False
"ITO, Delhi - CPCB/AQI Hourly/aqi_hourly_station_level_ito,_delhi_-_cpcb_2025_January_delhi_2025.xlsx",Sheet1,"ITO, Delhi - CPCB",05:00:00,31,0,0.0,False
"ITO, Delhi - CPCB/AQI Hourly/aqi_hourly_station_level_ito,_delhi_-_cpcb_2025_January_delhi_2025.xlsx",Sheet1,"ITO, Delhi - CPCB",06:00:00,31,0,0.0,False
"ITO, Delhi - CPCB/AQI Hourly/aqi_hourly_station_level_ito,_delhi_-_cpcb_2025_January_delhi_2025.xlsx",Sheet1,"ITO, Delhi - CPCB",07:00:00,31,0,0.0,False
"ITO, Delhi - CPCB/AQI Hourly/aqi_hourly_station_level_ito,_delhi_-_cpcb_2025_January_delhi_2025.xlsx",Sheet1,"ITO, Delhi - CPCB",08:00:00,31,1,3.23,False
"ITO, Delhi - CPCB/AQI Hourly/aqi_hourly_station_level_ito,_delhi_-_cpcb_2025_January_delhi_2025.xlsx",Sheet1,"ITO, Delhi - CPCB",09:00:00,31,0,0.0,False
"ITO, Delhi - CPCB/AQI Hourly/aqi_hourly_station_level_ito,_delhi_-_cpcb_2025_January_delhi_2025.xlsx",Sheet1,"ITO, Delhi - CPCB",10:00:00,31,0,0.0,False
"ITO, Delhi - CPCB/AQI Hourly/aqi_hourly_station_level_ito,_delhi_-_cpcb_2025_January_delhi_2025.xlsx",Sheet1,"ITO, Delhi - CPCB",11:00:00,31,0,0.0,False
"ITO, Delhi - CPCB/AQI Hourly/aqi_hourly_station_level_ito,_delhi_-_cpcb_2025_January_delhi_2025.xlsx",Sheet1,"ITO, Delhi - CPCB",12:00:00,31,0,0.0,False
"ITO, Delhi - CPCB/AQI Hourly/aqi_hourly_station_level_ito,_delhi_-_cpcb_2025_January_delhi_2025.xlsx",Sheet1,"ITO, Delhi - CPCB",13:00:00,31,0,0.0,False
"ITO, Delhi - CPCB/AQI Hourly/aqi_hourly_station_level_ito,_delhi_-_cpcb_2025_January_delhi_2025.xlsx",Sheet1,"ITO, Delhi - CPCB",14:00:00,31,0,0.0,False
"ITO, Delhi - CPCB/AQI Hourly/aqi_hourly_station_level_ito,_delhi_-_cpcb_2025_January_delhi_2025.xlsx",Sheet1,"ITO, Delhi - CPCB",15:00:00,31,0,0.0,False
"ITO, Delhi - CPCB/AQI Hourly/aqi_hourly_station_level_ito,_delhi_-_cpcb_2025_January_delhi_2025.xlsx",Sheet1,"ITO, Delhi - CPCB",16:00:00,31,0,0.0,False
"ITO, Delhi - CPCB/AQI Hourly/aqi_hourly_station_level_ito,_delhi_-_cpcb_2025_January_delhi_2025.xlsx",Sheet1,"ITO, Delhi - CPCB",17:00:00,31,0,0.0,False
"ITO, Delhi - CPCB/AQI Hourly/aqi_hourly_station_level_ito,_delhi_-_cpcb_2025_January_delhi_2025.xlsx",Sheet1,"ITO, Delhi - CPCB",18:00:00,31,1,3.23,False
"ITO, Delhi - CPCB/AQI Hourly/aqi_hourly_station_level_ito,_delhi_-_cpcb_2025_January_delhi_2025.xlsx",Sheet1,"ITO, Delhi - CPCB",19:00:00,31,0,0.0,False
"ITO, Delhi - CPCB/AQI Hourly/aqi_hourly_station_level_ito,_delhi_-_cpcb_2025_January_delhi_2025.xlsx",Sheet1,"ITO, Delhi - CPCB",20:00:00,31,0,0.0,False
"ITO, Delhi - CPCB/AQI Hourly/aqi_hourly_station_level_ito,_delhi_-_cpcb_2025_January_delhi_2025.xlsx",Sheet1,"ITO, Delhi - CPCB",21:00:00,31,0,0.0,False
"ITO, Delhi - CPCB/AQI Hourly/aqi_hourly_station_level_ito,_delhi_-_cpcb_2025_January_delhi_2025.xlsx",Sheet1,"ITO, Delhi - CPCB",22:00:00,31,0,0.0,False
"ITO, Delhi - CPCB/AQI Hourly/aqi_hourly_station_level_ito,_delhi_-_cpcb_2025_January_delhi_2025.xlsx",Sheet1,"ITO, Delhi - CPCB",23:00:00,31,0,0.0,False
"ITO, Delhi - CPCB/AQI Hourly/aqi_hourly_station_level_ito,_delhi_-_cpcb_2025_July_delhi_2025.xlsx",Sheet1,"ITO, Delhi - CPCB",Date,31,0,0.0,False
"ITO, Delhi - CPCB/AQI Hourly/aqi_hourly_station_level_ito,_delhi_-_cpcb_2025_July_delhi_2025.xlsx",Sheet1,"ITO, Delhi - CPCB",00:00:00,31,10,32.26,False
"ITO, Delhi - CPCB/AQI Hourly/aqi_hourly_station_level_ito,_delhi_-_cpcb_2025_July_delhi_2025.xlsx",Sheet1,"ITO, Delhi - CPCB",01:00:00,31,10,32.26,False
"ITO, Delhi - CPCB/AQI Hourly/aqi_hourly_station_level_ito,_delhi_-_cpcb_2025_July_delhi_2025.xlsx",Sheet1,"ITO, Delhi - CPCB",02:00:00,31,10,32.26,False
"ITO, Delhi - CPCB/AQI Hourly/aqi_hourly_station_level_ito,_delhi_-_cpcb_2025_July_delhi_2025.xlsx",Sheet1,"ITO, Delhi - CPCB",03:00:00,31,10,32.26,False
"ITO, Delhi - CPCB/AQI Hourly/aqi_hourly_station_level_ito,_delhi_-_cpcb_2025_July_delhi_2025.xlsx",Sheet1,"ITO, Delhi - CPCB",04:00:00,31,10,32.26,False
"ITO, Delhi - CPCB/AQI Hourly/aqi_hourly_station_level_ito,_delhi_-_cpcb_2025_July_delhi_2025.xlsx",Sheet1,"ITO, Delhi - CPCB",05:00:00,31,9,29.03,False
"ITO, Delhi - CPCB/AQI Hourly/aqi_hourly_station_level_ito,_delhi_-_cpcb_2025_July_delhi_2025.xlsx",Sheet1,"ITO, Delhi - CPCB",06:00:00,31,9,29.03,False
"ITO, Delhi - CPCB/AQI Hourly/aqi_hourly_station_level_ito,_delhi_-_cpcb_2025_July_delhi_2025.xlsx",Sheet1,"ITO, Delhi - CPCB",07:00:00,31,9,29.03,False
"ITO, Delhi - CPCB/AQI Hourly/aqi_hourly_station_level_ito,_delhi_-_cpcb_2025_July_delhi_2025.xlsx",Sheet1,"ITO, Delhi - CPCB",08:00:00,31,8,25.81,False
"ITO, Delhi - CPCB/AQI Hourly/aqi_hourly_station_level_ito,_delhi_-_cpcb_2025_July_delhi_2025.xlsx",Sheet1,"ITO, Delhi - CPCB",09:00:00,31,8,25.81,False
"ITO, Delhi - CPCB/AQI Hourly/aqi_hourly_station_level_ito,_delhi_-_cpcb_2025_July_delhi_2025.xlsx",Sheet1,"ITO, Delhi - CPCB",10:00:00,31,8,25.81,False
"ITO, Delhi - CPCB/AQI Hourly/aqi_hourly_station_level_ito,_delhi_-_cpcb_2025_July_delhi_2025.xlsx",Sheet1,"ITO, Delhi - CPCB",11:00:00,31,8,25.81,False
"ITO, Delhi - CPCB/AQI Hourly/aqi_hourly_station_level_ito,_delhi_-_cpcb_2025_July_delhi_2025.xlsx",Sheet1,"ITO, Delhi - CPCB",12:00:00,31,9,29.03,False
"ITO, Delhi - CPCB/AQI Hourly/aqi_hourly_station_level_ito,_delhi_-_cpcb_2025_July_delhi_2025.xlsx",Sheet1,"ITO, Delhi - CPCB",13:00:00,31,7,22.58,False
"ITO, Delhi - CPCB/AQI Hourly/aqi_hourly_station_level_ito,_delhi_-_cpcb_2025_July_delhi_2025.xlsx",Sheet1,"ITO, Delhi - CPCB",14:00:00,31,8,25.81,False
"ITO, Delhi - CPCB/AQI Hourly/aqi_hourly_station_level_ito,_delhi_-_cpcb_2025_July_delhi_2025.xlsx",Sheet1,"ITO, Delhi - CPCB",15:00:00,31,9,29.03,False
"ITO, Delhi - CPCB/AQI Hourly/aqi_hourly_station_level_ito,_delhi_-_cpcb_2025_July_delhi_2025.xlsx",Sheet1,"ITO, Delhi - CPCB",16:00:00,31,10,32.26,False
"ITO, Delhi - CPCB/AQI Hourly/aqi_hourly_station_level_ito,_delhi_-_cpcb_2025_July_delhi_2025.xlsx",Sheet1,"ITO, Delhi - CPCB",17:00:00,31,10,32.26,False
"ITO, Delhi - CPCB/AQI Hourly/aqi_hourly_station_level_ito,_delhi_-_cpcb_2025_July_delhi_2025.xlsx",Sheet1,"ITO, Delhi - CPCB",18:00:00,31,9,29.03,False
"ITO, Delhi - CPCB/AQI Hourly/aqi_hourly_station_level_ito,_delhi_-_cpcb_2025_July_delhi_2025.xlsx",Sheet1,"ITO, Delhi - CPCB",19:00:00,31,10,32.26,False
"ITO, Delhi - CPCB/AQI Hourly/aqi_hourly_station_level_ito,_delhi_-_cpcb_2025_July_delhi_2025.xlsx",Sheet1,"ITO, Delhi - CPCB",20:00:00,31,10,32.26,False
"ITO, Delhi - CPCB/AQI Hourly/aqi_hourly_station_level_ito,_delhi_-_cpcb_2025_July_delhi_2025.xlsx",Sheet1,"ITO, Delhi - CPCB",21:00:00,31,11,35.48,False
"ITO, Delhi - CPCB/AQI Hourly/aqi_hourly_station_level_ito,_delhi_-_cpcb_2025_July_delhi_2025.xlsx",Sheet1,"ITO, Delhi - CPCB",22:00:00,31,10,32.26,False
"ITO, Delhi - CPCB/AQI Hourly/aqi_hourly_station_level_ito,_delhi_-_cpcb_2025_July_delhi_2025.xlsx",Sheet1,"ITO, Delhi - CPCB",23:00:00,31,10,32.26,False
"ITO, Delhi - CPCB/AQI Hourly/aqi_hourly_station_level_ito,_delhi_-_cpcb_2025_June_delhi_2025.xlsx",Sheet1,"ITO, Delhi - CPCB",Date,30,0,0.0,False
"ITO, Delhi - CPCB/AQI Hourly/aqi_hourly_station_level_ito,_delhi_-_cpcb_2025_June_delhi_2025.xlsx",Sheet1,"ITO, Delhi - CPCB",00:00:00,30,3,10.0,False
"ITO, Delhi - CPCB/AQI Hourly/aqi_hourly_station_level_ito,_delhi_-_cpcb_2025_June_delhi_2025.xlsx",Sheet1,"ITO, Delhi - CPCB",01:00:00,30,3,10.0,False
"ITO, Delhi - CPCB/AQI Hourly/aqi_hourly_station_level_ito,_delhi_-_cpcb_2025_June_delhi_2025.xlsx",Sheet1,"ITO, Delhi - CPCB",02:00:00,30,3,10.0,False
"ITO, Delhi - CPCB/AQI Hourly/aqi_hourly_station_level_ito,_delhi_-_cpcb_2025_June_delhi_2025.xlsx",Sheet1,"ITO, Delhi - CPCB",03:00:00,30,3,10.0,False
"ITO, Delhi - CPCB/AQI Hourly/aqi_hourly_station_level_ito,_delhi_-_cpcb_2025_June_delhi_2025.xlsx",Sheet1,"ITO, Delhi - CPCB",04:00:00,30,4,13.33,False
"ITO, Delhi - CPCB/AQI Hourly/aqi_hourly_station_level_ito,_delhi_-_cpcb_2025_June_delhi_2025.xlsx",Sheet1,"ITO, Delhi - CPCB",05:00:00,30,3,10.0,False
"ITO, Delhi - CPCB/AQI Hourly/aqi_hourly_station_level_ito,_delhi_-_cpcb_2025_June_delhi_2025.xlsx",Sheet1,"ITO, Delhi - CPCB",06:00:00,30,3,10.0,False
"ITO, Delhi - CPCB/AQI Hourly/aqi_hourly_station_level_ito,_delhi_-_cpcb_2025_June_delhi_2025.xlsx",Sheet1,"ITO, Delhi - CPCB",07:00:00,30,3,10.0,False
"ITO, Delhi - CPCB/AQI Hourly/aqi_hourly_station_level_ito,_delhi_-_cpcb_2025_June_delhi_2025.xlsx",Sheet1,"ITO, Delhi - CPCB",08:00:00,30,3,10.0,False
"ITO, Delhi - CPCB/AQI Hourly/aqi_hourly_station_level_ito,_delhi_-_cpcb_2025_June_delhi_2025.xlsx",Sheet1,"ITO, Delhi - CPCB",09:00:00,30,3,10.0,False
"ITO, Delhi - CPCB/AQI Hourly/aqi_hourly_station_level_ito,_delhi_-_cpcb_2025_June_delhi_2025.xlsx",Sheet1,"ITO, Delhi - CPCB",10:00:00,30,3,10.0,False
"ITO, Delhi - CPCB/AQI Hourly/aqi_hourly_station_level_ito,_delhi_-_cpcb_2025_June_delhi_2025.xlsx",Sheet1,"ITO, Delhi - CPCB",11:00:00,30,3,10.0,False
"ITO, Delhi - CPCB/AQI Hourly/aqi_hourly_station_level_ito,_delhi_-_cpcb_2025_June_delhi_2025.xlsx",Sheet1,"ITO, Delhi - CPCB",12:00:00,30,3,10.0,False
"ITO, Delhi - CPCB/AQI Hourly/aqi_hourly_station_level_ito,_delhi_-_cpcb_2025_June_delhi_2025.xlsx",Sheet1,"ITO, Delhi - CPCB",13:00:00,30,3,10.0,False
"ITO, Delhi - CPCB/AQI Hourly/aqi_hourly_station_level_ito,_delhi_-_cpcb_2025_June_delhi_2025.xlsx",Sheet1,"ITO, Delhi - CPCB",14:00:00,30,3,10.0,False
"ITO, Delhi - CPCB/AQI Hourly/aqi_hourly_station_level_ito,_delhi_-_cpcb_2025_June_delhi_2025.xlsx",Sheet1,"ITO, Delhi - CPCB",15:00:00,30,2,6.67,False
"ITO, Delhi - CPCB/AQI Hourly/aqi_hourly_station_level_ito,_delhi_-_cpcb_2025_June_delhi_2025.xlsx",Sheet1,"ITO, Delhi - CPCB",16:00:00,30,2,6.67,False
"ITO, Delhi - CPCB/AQI Hourly/aqi_hourly_station_level_ito,_delhi_-_cpcb_2025_June_delhi_2025.xlsx",Sheet1,"ITO, Delhi - CPCB",17:00:00,30,2,6.67,False
"ITO, Delhi - CPCB/AQI Hourly/aqi_hourly_station_level_ito,_delhi_-_cpcb_2025_June_delhi_2025.xlsx",Sheet1,"ITO, Delhi - CPCB",18:00:00,30,4,13.33,False
"ITO, Delhi - CPCB/AQI Hourly/aqi_hourly_station_level_ito,_delhi_-_cpcb_2025_June_delhi_2025.xlsx",Sheet1,"ITO, Delhi - CPCB",19:00:00,30,3,10.0,False
"ITO, Delhi - CPCB/AQI Hourly/aqi_hourly_station_level_ito,_delhi_-_cpcb_2025_June_delhi_2025.xlsx",Sheet1,"ITO, Delhi - CPCB",20:00:00,30,3,10.0,False
"ITO, Delhi - CPCB/AQI Hourly/aqi_hourly_station_level_ito,_delhi_-_cpcb_2025_June_delhi_2025.xlsx",Sheet1,"ITO, Delhi - CPCB",21:00:00,30,2,6.67,False
"ITO, Delhi - CPCB/AQI Hourly/aqi_hourly_station_level_ito,_delhi_-_cpcb_2025_June_delhi_2025.xlsx",Sheet1,"ITO, Delhi - CPCB",22:00:00,30,2,6.67,False
"ITO, Delhi - CPCB/AQI Hourly/aqi_hourly_station_level_ito,_delhi_-_cpcb_2025_June_delhi_2025.xlsx",Sheet1,"ITO, Delhi - CPCB",23:00:00,30,3,10.0,False
"ITO, Delhi - CPCB/AQI Hourly/aqi_hourly_station_level_ito,_delhi_-_cpcb_2025_March_delhi_2025.xlsx",Sheet1,"ITO, Delhi - CPCB",Date,31,0,0.0,False
"ITO, Delhi - CPCB/AQI Hourly/aqi_hourly_station_level_ito,_delhi_-_cpcb_2025_March_delhi_2025.xlsx",Sheet1,"ITO, Delhi - CPCB",00:00:00,31,1,3.23,False
"ITO, Delhi - CPCB/AQI Hourly/aqi_hourly_station_level_ito,_delhi_-_cpcb_2025_March_delhi_2025.xlsx",Sheet1,"ITO, Delhi - CPCB",01:00:00,31,1,3.23,False
"ITO, Delhi - CPCB/AQI Hourly/aqi_hourly_station_level_ito,_delhi_-_cpcb_2025_March_delhi_2025.xlsx",Sheet1,"ITO, Delhi - CPCB",02:00:00,31,1,3.23,False
"ITO, Delhi - CPCB/AQI Hourly/aqi_hourly_station_level_ito,_delhi_-_cpcb_2025_March_delhi_2025.xlsx",Sheet1,"ITO, Delhi - CPCB",03:00:00,31,2,6.45,False
"ITO, Delhi - CPCB/AQI Hourly/aqi_hourly_station_level_ito,_delhi_-_cpcb_2025_March_delhi_2025.xlsx",Sheet1,"ITO, Delhi - CPCB",04:00:00,31,2,6.45,False
"ITO, Delhi - CPCB/AQI Hourly/aqi_hourly_station_level_ito,_delhi_-_cpcb_2025_March_delhi_2025.xlsx",Sheet1,"ITO, Delhi - CPCB",05:00:00,31,2,6.45,False
"ITO, Delhi - CPCB/AQI Hourly/aqi_hourly_station_level_ito,_delhi_-_cpcb_2025_March_delhi_2025.xlsx",Sheet1,"ITO, Delhi - CPCB",06:00:00,31,1,3.23,False
"ITO, Delhi - CPCB/AQI Hourly/aqi_hourly_station_level_ito,_delhi_-_cpcb_2025_March_delhi_2025.xlsx",Sheet1,"ITO, Delhi - CPCB",07:00:00,31,1,3.23,False
"ITO, Delhi - CPCB/AQI Hourly/aqi_hourly_station_level_ito,_delhi_-_cpcb_2025_March_delhi_2025.xlsx",Sheet1,"ITO, Delhi - CPCB",08:00:00,31,1,3.23,False
"ITO, Delhi - CPCB/AQI Hourly/aqi_hourly_station_level_ito,_delhi_-_cpcb_2025_March_delhi_2025.xlsx",Sheet1,"ITO, Delhi - CPCB",09:00:00,31,1,3.23,False
"ITO, Delhi - CPCB/AQI Hourly/aqi_hourly_station_level_ito,_delhi_-_cpcb_2025_March_delhi_2025.xlsx",Sheet1,"ITO, Delhi - CPCB",10:00:00,31,1,3.23,False
"ITO, Delhi - CPCB/AQI Hourly/aqi_hourly_station_level_ito,_delhi_-_cpcb_2025_March_delhi_2025.xlsx",Sheet1,"ITO, Delhi - CPCB",11:00:00,31,1,3.23,False
"ITO, Delhi - CPCB/AQI Hourly/aqi_hourly_station_level_ito,_delhi_-_cpcb_2025_March_delhi_2025.xlsx",Sheet1,"ITO, Delhi - CPCB",12:00:00,31,0,0.0,False
"ITO, Delhi - CPCB/AQI Hourly/aqi_hourly_station_level_ito,_delhi_-_cpcb_2025_March_delhi_2025.xlsx",Sheet1,"ITO, Delhi - CPCB",13:00:00,31,0,0.0,False
"ITO, Delhi - CPCB/AQI Hourly/aqi_hourly_station_level_ito,_delhi_-_cpcb_2025_March_delhi_2025.xlsx",Sheet1,"ITO, Delhi - CPCB",14:00:00,31,0,0.0,False
"ITO, Delhi - CPCB/AQI Hourly/aqi_hourly_station_level_ito,_delhi_-_cpcb_2025_March_delhi_2025.xlsx",Sheet1,"ITO, Delhi - CPCB",15:00:00,31,1,3.23,False
"ITO, Delhi - CPCB/AQI Hourly/aqi_hourly_station_level_ito,_delhi_-_cpcb_2025_March_delhi_2025.xlsx",Sheet1,"ITO, Delhi - CPCB",16:00:00,31,0,0.0,False
"ITO, Delhi - CPCB/AQI Hourly/aqi_hourly_station_level_ito,_delhi_-_cpcb_2025_March_delhi_2025.xlsx",Sheet1,"ITO, Delhi - CPCB",17:00:00,31,0,0.0,False
"ITO, Delhi - CPCB/AQI Hourly/aqi_hourly_station_level_ito,_delhi_-_cpcb_2025_March_delhi_2025.xlsx",Sheet1,"ITO, Delhi - CPCB",18:00:00,31,0,0.0,False
"ITO, Delhi - CPCB/AQI Hourly/aqi_hourly_station_level_ito,_delhi_-_cpcb_2025_March_delhi_2025.xlsx",Sheet1,"ITO, Delhi - CPCB",19:00:00,31,1,3.23,False
"ITO, Delhi - CPCB/AQI Hourly/aqi_hourly_station_level_ito,_delhi_-_cpcb_2025_March_delhi_2025.xlsx",Sheet1,"ITO, Delhi - CPCB",20:00:00,31,1,3.23,False
"ITO, Delhi - CPCB/AQI Hourly/aqi_hourly_station_level_ito,_delhi_-_cpcb_2025_March_delhi_2025.xlsx",Sheet1,"ITO, Delhi - CPCB",21:00:00,31,1,3.23,False
"ITO, Delhi - CPCB/AQI Hourly/aqi_hourly_station_level_ito,_delhi_-_cpcb_2025_March_delhi_2025.xlsx",Sheet1,"ITO, Delhi - CPCB",22:00:00,31,2,6.45,False
"ITO, Delhi - CPCB/AQI Hourly/aqi_hourly_station_level_ito,_delhi_-_cpcb_2025_March_delhi_2025.xlsx",Sheet1,"ITO, Delhi - CPCB",23:00:00,31,2,6.45,False
"ITO, Delhi - CPCB/AQI Hourly/aqi_hourly_station_level_ito,_delhi_-_cpcb_2025_May_delhi_2025.xlsx",Sheet1,"ITO, Delhi - CPCB",Date,31,0,0.0,False
"ITO, Delhi - CPCB/AQI Hourly/aqi_hourly_station_level_ito,_delhi_-_cpcb_2025_May_delhi_2025.xlsx",Sheet1,"ITO, Delhi - CPCB",00:00:00,31,4,12.9,False
"ITO, Delhi - CPCB/AQI Hourly/aqi_hourly_station_level_ito,_delhi_-_cpcb_2025_May_delhi_2025.xlsx",Sheet1,"ITO, Delhi - CPCB",01:00:00,31,5,16.13,False
"ITO, Delhi - CPCB/AQI Hourly/aqi_hourly_station_level_ito,_delhi_-_cpcb_2025_May_delhi_2025.xlsx",Sheet1,"ITO, Delhi - CPCB",02:00:00,31,3,9.68,False
"ITO, Delhi - CPCB/AQI Hourly/aqi_hourly_station_level_ito,_delhi_-_cpcb_2025_May_delhi_2025.xlsx",Sheet1,"ITO, Delhi - CPCB",03:00:00,31,4,12.9,False
"ITO, Delhi - CPCB/AQI Hourly/aqi_hourly_station_level_ito,_delhi_-_cpcb_2025_May_delhi_2025.xlsx",Sheet1,"ITO, Delhi - CPCB",04:00:00,31,4,12.9,False
"ITO, Delhi - CPCB/AQI Hourly/aqi_hourly_station_level_ito,_delhi_-_cpcb_2025_May_delhi_2025.xlsx",Sheet1,"ITO, Delhi - CPCB",05:00:00,31,4,12.9,False
"ITO, Delhi - CPCB/AQI Hourly/aqi_hourly_station_level_ito,_delhi_-_cpcb_2025_May_delhi_2025.xlsx",Sheet1,"ITO, Delhi - CPCB",06:00:00,31,3,9.68,False
"ITO, Delhi - CPCB/AQI Hourly/aqi_hourly_station_level_ito,_delhi_-_cpcb_2025_May_delhi_2025.xlsx",Sheet1,"ITO, Delhi - CPCB",07:00:00,31,2,6.45,False
"ITO, Delhi - CPCB/AQI Hourly/aqi_hourly_station_level_ito,_delhi_-_cpcb_2025_May_delhi_2025.xlsx",Sheet1,"ITO, Delhi - CPCB",08:00:00,31,2,6.45,False
"ITO, Delhi - CPCB/AQI Hourly/aqi_hourly_station_level_ito,_delhi_-_cpcb_2025_May_delhi_2025.xlsx",Sheet1,"ITO, Delhi - CPCB",09:00:00,31,2,6.45,False
"ITO, Delhi - CPCB/AQI Hourly/aqi_hourly_station_level_ito,_delhi_-_cpcb_2025_May_delhi_2025.xlsx",Sheet1,"ITO, Delhi - CPCB",10:00:00,31,3,9.68,False
"ITO, Delhi - CPCB/AQI Hourly/aqi_hourly_station_level_ito,_delhi_-_cpcb_2025_May_delhi_2025.xlsx",Sheet1,"ITO, Delhi - CPCB",11:00:00,31,3,9.68,False
"ITO, Delhi - CPCB/AQI Hourly/aqi_hourly_station_level_ito,_delhi_-_cpcb_2025_May_delhi_2025.xlsx",Sheet1,"ITO, Delhi - CPCB",12:00:00,31,3,9.68,False
"ITO, Delhi - CPCB/AQI Hourly/aqi_hourly_station_level_ito,_delhi_-_cpcb_2025_May_delhi_2025.xlsx",Sheet1,"ITO, Delhi - CPCB",13:00:00,31,3,9.68,False
"ITO, Delhi - CPCB/AQI Hourly/aqi_hourly_station_level_ito,_delhi_-_cpcb_2025_May_delhi_2025.xlsx",Sheet1,"ITO, Delhi - CPCB",14:00:00,31,3,9.68,False
"ITO, Delhi - CPCB/AQI Hourly/aqi_hourly_station_level_ito,_delhi_-_cpcb_2025_May_delhi_2025.xlsx",Sheet1,"ITO, Delhi - CPCB",15:00:00,31,3,9.68,False
"ITO, Delhi - CPCB/AQI Hourly/aqi_hourly_station_level_ito,_delhi_-_cpcb_2025_May_delhi_2025.xlsx",Sheet1,"ITO, Delhi - CPCB",16:00:00,31,3,9.68,False
"ITO, Delhi - CPCB/AQI Hourly/aqi_hourly_station_level_ito,_delhi_-_cpcb_2025_May_delhi_2025.xlsx",Sheet1,"ITO, Delhi - CPCB",17:00:00,31,3,9.68,False
"ITO, Delhi - CPCB/AQI Hourly/aqi_hourly_station_level_ito,_delhi_-_cpcb_2025_May_delhi_2025.xlsx",Sheet1,"ITO, Delhi - CPCB",18:00:00,31,4,12.9,False
"ITO, Delhi - CPCB/AQI Hourly/aqi_hourly_station_level_ito,_delhi_-_cpcb_2025_May_delhi_2025.xlsx",Sheet1,"ITO, Delhi - CPCB",19:00:00,31,3,9.68,False
"ITO, Delhi - CPCB/AQI Hourly/aqi_hourly_station_level_ito,_delhi_-_cpcb_2025_May_delhi_2025.xlsx",Sheet1,"ITO, Delhi - CPCB",20:00:00,31,3,9.68,False
"ITO, Delhi - CPCB/AQI Hourly/aqi_hourly_station_level_ito,_delhi_-_cpcb_2025_May_delhi_2025.xlsx",Sheet1,"ITO, Delhi - CPCB",21:00:00,31,4,12.9,False
"ITO, Delhi - CPCB/AQI Hourly/aqi_hourly_station_level_ito,_delhi_-_cpcb_2025_May_delhi_2025.xlsx",Sheet1,"ITO, Delhi - CPCB",22:00:00,31,4,12.9,False
"ITO, Delhi - CPCB/AQI Hourly/aqi_hourly_station_level_ito,_delhi_-_cpcb_2025_May_delhi_2025.xlsx",Sheet1,"ITO, Delhi - CPCB",23:00:00,31,4,12.9,False
"ITO, Delhi - CPCB/AQI Hourly/aqi_hourly_station_level_ito,_delhi_-_cpcb_2025_November_delhi_2025.xlsx",Sheet1,"ITO, Delhi - CPCB",Date,30,0,0.0,False
"ITO, Delhi - CPCB/AQI Hourly/aqi_hourly_station_level_ito,_delhi_-_cpcb_2025_November_delhi_2025.xlsx",Sheet1,"ITO, Delhi - CPCB",00:00:00,30,1,3.33,False
"ITO, Delhi - CPCB/AQI Hourly/aqi_hourly_station_level_ito,_delhi_-_cpcb_2025_November_delhi_2025.xlsx",Sheet1,"ITO, Delhi - CPCB",01:00:00,30,0,0.0,False
"ITO, Delhi - CPCB/AQI Hourly/aqi_hourly_station_level_ito,_delhi_-_cpcb_2025_November_delhi_2025.xlsx",Sheet1,"ITO, Delhi - CPCB",02:00:00,30,1,3.33,False
"ITO, Delhi - CPCB/AQI Hourly/aqi_hourly_station_level_ito,_delhi_-_cpcb_2025_November_delhi_2025.xlsx",Sheet1,"ITO, Delhi - CPCB",03:00:00,30,0,0.0,False
"ITO, Delhi - CPCB/AQI Hourly/aqi_hourly_station_level_ito,_delhi_-_cpcb_2025_November_delhi_2025.xlsx",Sheet1,"ITO, Delhi - CPCB",04:00:00,30,0,0.0,False
"ITO, Delhi - CPCB/AQI Hourly/aqi_hourly_station_level_ito,_delhi_-_cpcb_2025_November_delhi_2025.xlsx",Sheet1,"ITO, Delhi - CPCB",05:00:00,30,0,0.0,False
"ITO, Delhi - CPCB/AQI Hourly/aqi_hourly_station_level_ito,_delhi_-_cpcb_2025_November_delhi_2025.xlsx",Sheet1,"ITO, Delhi - CPCB",06:00:00,30,1,3.33,False
"ITO, Delhi - CPCB/AQI Hourly/aqi_hourly_station_level_ito,_delhi_-_cpcb_2025_November_delhi_2025.xlsx",Sheet1,"ITO, Delhi - CPCB",07:00:00,30,0,0.0,False
"ITO, Delhi - CPCB/AQI Hourly/aqi_hourly_station_level_ito,_delhi_-_cpcb_2025_November_delhi_2025.xlsx",Sheet1,"ITO, Delhi - CPCB",08:00:00,30,0,0.0,False
"ITO, Delhi - CPCB/AQI Hourly/aqi_hourly_station_level_ito,_delhi_-_cpcb_2025_November_delhi_2025.xlsx",Sheet1,"ITO, Delhi - CPCB",09:00:00,30,0,0.0,False
"ITO, Delhi - CPCB/AQI Hourly/aqi_hourly_station_level_ito,_delhi_-_cpcb_2025_November_delhi_2025.xlsx",Sheet1,"ITO, Delhi - CPCB",10:00:00,30,0,0.0,False
"ITO, Delhi - CPCB/AQI Hourly/aqi_hourly_station_level_ito,_delhi_-_cpcb_2025_November_delhi_2025.xlsx",Sheet1,"ITO, Delhi - CPCB",11:00:00,30,0,0.0,False
"ITO, Delhi - CPCB/AQI Hourly/aqi_hourly_station_level_ito,_delhi_-_cpcb_2025_November_delhi_2025.xlsx",Sheet1,"ITO, Delhi - CPCB",12:00:00,30,0,0.0,False
"ITO, Delhi - CPCB/AQI Hourly/aqi_hourly_station_level_ito,_delhi_-_cpcb_2025_November_delhi_2025.xlsx",Sheet1,"ITO, Delhi - CPCB",13:00:00,30,0,0.0,False
"ITO, Delhi - CPCB/AQI Hourly/aqi_hourly_station_level_ito,_delhi_-_cpcb_2025_November_delhi_2025.xlsx",Sheet1,"ITO, Delhi - CPCB",14:00:00,30,0,0.0,False
"ITO, Delhi - CPCB/AQI Hourly/aqi_hourly_station_level_ito,_delhi_-_cpcb_2025_November_delhi_2025.xlsx",Sheet1,"ITO, Delhi - CPCB",15:00:00,30,0,0.0,False
"ITO, Delhi - CPCB/AQI Hourly/aqi_hourly_station_level_ito,_delhi_-_cpcb_2025_November_delhi_2025.xlsx",Sheet1,"ITO, Delhi - CPCB",16:00:00,30,0,0.0,False
"ITO, Delhi - CPCB/AQI Hourly/aqi_hourly_station_level_ito,_delhi_-_cpcb_2025_November_delhi_2025.xlsx",Sheet1,"ITO, Delhi - CPCB",17:00:00,30,0,0.0,False
"ITO, Delhi - CPCB/AQI Hourly/aqi_hourly_station_level_ito,_delhi_-_cpcb_2025_November_delhi_2025.xlsx",Sheet1,"ITO, Delhi - CPCB",18:00:00,30,0,0.0,False
"ITO, Delhi - CPCB/AQI Hourly/aqi_hourly_station_level_ito,_delhi_-_cpcb_2025_November_delhi_2025.xlsx",Sheet1,"ITO, Delhi - CPCB",19:00:00,30,0,0.0,False
"ITO, Delhi - CPCB/AQI Hourly/aqi_hourly_station_level_ito,_delhi_-_cpcb_2025_November_delhi_2025.xlsx",Sheet1,"ITO, Delhi - CPCB",20:00:00,30,0,0.0,False
"ITO, Delhi - CPCB/AQI Hourly/aqi_hourly_station_level_ito,_delhi_-_cpcb_2025_November_delhi_2025.xlsx",Sheet1,"ITO, Delhi - CPCB",21:00:00,30,0,0.0,False
"ITO, Delhi - CPCB/AQI Hourly/aqi_hourly_station_level_ito,_delhi_-_cpcb_2025_November_delhi_2025.xlsx",Sheet1,"ITO, Delhi - CPCB",22:00:00,30,0,0.0,False
"ITO, Delhi - CPCB/AQI Hourly/aqi_hourly_station_level_ito,_delhi_-_cpcb_2025_November_delhi_2025.xlsx",Sheet1,"ITO, Delhi - CPCB",23:00:00,30,0,0.0,False
"ITO, Delhi - CPCB/AQI Hourly/aqi_hourly_station_level_ito,_delhi_-_cpcb_2025_October_delhi_2025.xlsx",Sheet1,"ITO, Delhi - CPCB",Date,31,0,0.0,False
"ITO, Delhi - CPCB/AQI Hourly/aqi_hourly_station_level_ito,_delhi_-_cpcb_2025_October_delhi_2025.xlsx",Sheet1,"ITO, Delhi - CPCB",00:00:00,31,1,3.23,False
"ITO, Delhi - CPCB/AQI Hourly/aqi_hourly_station_level_ito,_delhi_-_cpcb_2025_October_delhi_2025.xlsx",Sheet1,"ITO, Delhi - CPCB",01:00:00,31,0,0.0,False
"ITO, Delhi - CPCB/AQI Hourly/aqi_hourly_station_level_ito,_delhi_-_cpcb_2025_October_delhi_2025.xlsx",Sheet1,"ITO, Delhi - CPCB",02:00:00,31,0,0.0,False
"ITO, Delhi - CPCB/AQI Hourly/aqi_hourly_station_level_ito,_delhi_-_cpcb_2025_October_delhi_2025.xlsx",Sheet1,"ITO, Delhi - CPCB",03:00:00,31,0,0.0,False
"ITO, Delhi - CPCB/AQI Hourly/aqi_hourly_station_level_ito,_delhi_-_cpcb_2025_October_delhi_2025.xlsx",Sheet1,"ITO, Delhi - CPCB",04:00:00,31,2,6.45,False
"ITO, Delhi - CPCB/AQI Hourly/aqi_hourly_station_level_ito,_delhi_-_cpcb_2025_October_delhi_2025.xlsx",Sheet1,"ITO, Delhi - CPCB",05:00:00,31,0,0.0,False
"ITO, Delhi - CPCB/AQI Hourly/aqi_hourly_station_level_ito,_delhi_-_cpcb_2025_October_delhi_2025.xlsx",Sheet1,"ITO, Delhi - CPCB",06:00:00,31,0,0.0,False
"ITO, Delhi - CPCB/AQI Hourly/aqi_hourly_station_level_ito,_delhi_-_cpcb_2025_October_delhi_2025.xlsx",Sheet1,"ITO, Delhi - CPCB",07:00:00,31,0,0.0,False
"ITO, Delhi - CPCB/AQI Hourly/aqi_hourly_station_level_ito,_delhi_-_cpcb_2025_October_delhi_2025.xlsx",Sheet1,"ITO, Delhi - CPCB",08:00:00,31,0,0.0,False
"ITO, Delhi - CPCB/AQI Hourly/aqi_hourly_station_level_ito,_delhi_-_cpcb_2025_October_delhi_2025.xlsx",Sheet1,"ITO, Delhi - CPCB",09:00:00,31,0,0.0,False
"ITO, Delhi - CPCB/AQI Hourly/aqi_hourly_station_level_ito,_delhi_-_cpcb_2025_October_delhi_2025.xlsx",Sheet1,"ITO, Delhi - CPCB",10:00:00,31,0,0.0,False
"ITO, Delhi - CPCB/AQI Hourly/aqi_hourly_station_level_ito,_delhi_-_cpcb_2025_October_delhi_2025.xlsx",Sheet1,"ITO, Delhi - CPCB",11:00:00,31,0,0.0,False
"ITO, Delhi - CPCB/AQI Hourly/aqi_hourly_station_level_ito,_delhi_-_cpcb_2025_October_delhi_2025.xlsx",Sheet1,"ITO, Delhi - CPCB",12:00:00,31,0,0.0,False
"ITO, Delhi - CPCB/AQI Hourly/aqi_hourly_station_level_ito,_delhi_-_cpcb_2025_October_delhi_2025.xlsx",Sheet1,"ITO, Delhi - CPCB",13:00:00,31,0,0.0,False
"ITO, Delhi - CPCB/AQI Hourly/aqi_hourly_station_level_ito,_delhi_-_cpcb_2025_October_delhi_2025.xlsx",Sheet1,"ITO, Delhi - CPCB",14:00:00,31,0,0.0,False
"ITO, Delhi - CPCB/AQI Hourly/aqi_hourly_station_level_ito,_delhi_-_cpcb_2025_October_delhi_2025.xlsx",Sheet1,"ITO, Delhi - CPCB",15:00:00,31,0,0.0,False
"ITO, Delhi - CPCB/AQI Hourly/aqi_hourly_station_level_ito,_delhi_-_cpcb_2025_October_delhi_2025.xlsx",Sheet1,"ITO, Delhi - CPCB",16:00:00,31,0,0.0,False
"ITO, Delhi - CPCB/AQI Hourly/aqi_hourly_station_level_ito,_delhi_-_cpcb_2025_October_delhi_2025.xlsx",Sheet1,"ITO, Delhi - CPCB",17:00:00,31,1,3.23,False
"ITO, Delhi - CPCB/AQI Hourly/aqi_hourly_station_level_ito,_delhi_-_cpcb_2025_October_delhi_2025.xlsx",Sheet1,"ITO, Delhi - CPCB",18:00:00,31,1,3.23,False
"ITO, Delhi - CPCB/AQI Hourly/aqi_hourly_station_level_ito,_delhi_-_cpcb_2025_October_delhi_2025.xlsx",Sheet1,"ITO, Delhi - CPCB",19:00:00,31,1,3.23,False
"ITO, Delhi - CPCB/AQI Hourly/aqi_hourly_station_level_ito,_delhi_-_cpcb_2025_October_delhi_2025.xlsx",Sheet1,"ITO, Delhi - CPCB",20:00:00,31,0,0.0,False
"ITO, Delhi - CPCB/AQI Hourly/aqi_hourly_station_level_ito,_delhi_-_cpcb_2025_October_delhi_2025.xlsx",Sheet1,"ITO, Delhi - CPCB",21:00:00,31,0,0.0,False
"ITO, Delhi - CPCB/AQI Hourly/aqi_hourly_station_level_ito,_delhi_-_cpcb_2025_October_delhi_2025.xlsx",Sheet1,"ITO, Delhi - CPCB",22:00:00,31,1,3.23,False
"ITO, Delhi - CPCB/AQI Hourly/aqi_hourly_station_level_ito,_delhi_-_cpcb_2025_October_delhi_2025.xlsx",Sheet1,"ITO, Delhi - CPCB",23:00:00,31,1,3.23,False
"ITO, Delhi - CPCB/AQI Hourly/aqi_hourly_station_level_ito,_delhi_-_cpcb_2025_September_delhi_2025.xlsx",Sheet1,"ITO, Delhi - CPCB",Date,30,0,0.0,False
"ITO, Delhi - CPCB/AQI Hourly/aqi_hourly_station_level_ito,_delhi_-_cpcb_2025_September_delhi_2025.xlsx",Sheet1,"ITO, Delhi - CPCB",00:00:00,30,0,0.0,False
"ITO, Delhi - CPCB/AQI Hourly/aqi_hourly_station_level_ito,_delhi_-_cpcb_2025_September_delhi_2025.xlsx",Sheet1,"ITO, Delhi - CPCB",01:00:00,30,0,0.0,False
"ITO, Delhi - CPCB/AQI Hourly/aqi_hourly_station_level_ito,_delhi_-_cpcb_2025_September_delhi_2025.xlsx",Sheet1,"ITO, Delhi - CPCB",02:00:00,30,1,3.33,False
"ITO, Delhi - CPCB/AQI Hourly/aqi_hourly_station_level_ito,_delhi_-_cpcb_2025_September_delhi_2025.xlsx",Sheet1,"ITO, Delhi - CPCB",03:00:00,30,1,3.33,False
"ITO, Delhi - CPCB/AQI Hourly/aqi_hourly_station_level_ito,_delhi_-_cpcb_2025_September_delhi_2025.xlsx",Sheet1,"ITO, Delhi - CPCB",04:00:00,30,0,0.0,False
"ITO, Delhi - CPCB/AQI Hourly/aqi_hourly_station_level_ito,_delhi_-_cpcb_2025_September_delhi_2025.xlsx",Sheet1,"ITO, Delhi - CPCB",05:00:00,30,0,0.0,False
"ITO, Delhi - CPCB/AQI Hourly/aqi_hourly_station_level_ito,_delhi_-_cpcb_2025_September_delhi_2025.xlsx",Sheet1,"ITO, Delhi - CPCB",06:00:00,30,0,0.0,False
"ITO, Delhi - CPCB/AQI Hourly/aqi_hourly_station_level_ito,_delhi_-_cpcb_2025_September_delhi_2025.xlsx",Sheet1,"ITO, Delhi - CPCB",07:00:00,30,0,0.0,False
"ITO, Delhi - CPCB/AQI Hourly/aqi_hourly_station_level_ito,_delhi_-_cpcb_2025_September_delhi_2025.xlsx",Sheet1,"ITO, Delhi - CPCB",08:00:00,30,0,0.0,False
"ITO, Delhi - CPCB/AQI Hourly/aqi_hourly_station_level_ito,_delhi_-_cpcb_2025_September_delhi_2025.xlsx",Sheet1,"ITO, Delhi - CPCB",09:00:00,30,0,0.0,False
"ITO, Delhi - CPCB/AQI Hourly/aqi_hourly_station_level_ito,_delhi_-_cpcb_2025_September_delhi_2025.xlsx",Sheet1,"ITO, Delhi - CPCB",10:00:00,30,1,3.33,False
"ITO, Delhi - CPCB/AQI Hourly/aqi_hourly_station_level_ito,_delhi_-_cpcb_2025_September_delhi_2025.xlsx",Sheet1,"ITO, Delhi - CPCB",11:00:00,30,1,3.33,False
"ITO, Delhi - CPCB/AQI Hourly/aqi_hourly_station_level_ito,_delhi_-_cpcb_2025_September_delhi_2025.xlsx",Sheet1,"ITO, Delhi - CPCB",12:00:00,30,1,3.33,False
"ITO, Delhi - CPCB/AQI Hourly/aqi_hourly_station_level_ito,_delhi_-_cpcb_2025_September_delhi_2025.xlsx",Sheet1,"ITO, Delhi - CPCB",13:00:00,30,0,0.0,False
"ITO, Delhi - CPCB/AQI Hourly/aqi_hourly_station_level_ito,_delhi_-_cpcb_2025_September_delhi_2025.xlsx",Sheet1,"ITO, Delhi - CPCB",14:00:00,30,0,0.0,False
"ITO, Delhi - CPCB/AQI Hourly/aqi_hourly_station_level_ito,_delhi_-_cpcb_2025_September_delhi_2025.xlsx",Sheet1,"ITO, Delhi - CPCB",15:00:00,30,0,0.0,False
"ITO, Delhi - CPCB/AQI Hourly/aqi_hourly_station_level_ito,_delhi_-_cpcb_2025_September_delhi_2025.xlsx",Sheet1,"ITO, Delhi - CPCB",16:00:00,30,0,0.0,False
"ITO, Delhi - CPCB/AQI Hourly/aqi_hourly_station_level_ito,_delhi_-_cpcb_2025_September_delhi_2025.xlsx",Sheet1,"ITO, Delhi - CPCB",17:00:00,30,0,0.0,False
"ITO, Delhi - CPCB/AQI Hourly/aqi_hourly_station_level_ito,_delhi_-_cpcb_2025_September_delhi_2025.xlsx",Sheet1,"ITO, Delhi - CPCB",18:00:00,30,1,3.33,False
"ITO, Delhi - CPCB/AQI Hourly/aqi_hourly_station_level_ito,_delhi_-_cpcb_2025_September_delhi_2025.xlsx",Sheet1,"ITO, Delhi - CPCB",19:00:00,30,0,0.0,False
"ITO, Delhi - CPCB/AQI Hourly/aqi_hourly_station_level_ito,_delhi_-_cpcb_2025_September_delhi_2025.xlsx",Sheet1,"ITO, Delhi - CPCB",20:00:00,30,0,0.0,False
"ITO, Delhi - CPCB/AQI Hourly/aqi_hourly_station_level_ito,_delhi_-_cpcb_2025_September_delhi_2025.xlsx",Sheet1,"ITO, Delhi - CPCB",21:00:00,30,0,0.0,False
"ITO, Delhi - CPCB/AQI Hourly/aqi_hourly_station_level_ito,_delhi_-_cpcb_2025_September_delhi_2025.xlsx",Sheet1,"ITO, Delhi - CPCB",22:00:00,30,0,0.0,False
"ITO, Delhi - CPCB/AQI Hourly/aqi_hourly_station_level_ito,_delhi_-_cpcb_2025_September_delhi_2025.xlsx",Sheet1,"ITO, Delhi - CPCB",23:00:00,30,1,3.33,False
"ITO, Delhi - CPCB/Raw Data/2024_raw_data_hourly_ito,_delhi_-_cpcb_1H.csv",sheet1,"ITO, Delhi - CPCB",Timestamp,8784,0,0.0,False
"ITO, Delhi - CPCB/Raw Data/2024_raw_data_hourly_ito,_delhi_-_cpcb_1H.csv",sheet1,"ITO, Delhi - CPCB",PM2.5 (µg/m³),8784,439,5.0,False
"ITO, Delhi - CPCB/Raw Data/2024_raw_data_hourly_ito,_delhi_-_cpcb_1H.csv",sheet1,"ITO, Delhi - CPCB",PM10 (µg/m³),8784,399,4.54,False
"ITO, Delhi - CPCB/Raw Data/2024_raw_data_hourly_ito,_delhi_-_cpcb_1H.csv",sheet1,"ITO, Delhi - CPCB",NO (µg/m³),8784,94,1.07,False
"ITO, Delhi - CPCB/Raw Data/2024_raw_data_hourly_ito,_delhi_-_cpcb_1H.csv",sheet1,"ITO, Delhi - CPCB",NO2 (µg/m³),8784,234,2.66,False
"ITO, Delhi - CPCB/Raw Data/2024_raw_data_hourly_ito,_delhi_-_cpcb_1H.csv",sheet1,"ITO, Delhi - CPCB",NOx (ppb),8784,121,1.38,False
"ITO, Delhi - CPCB/Raw Data/2024_raw_data_hourly_ito,_delhi_-_cpcb_1H.csv",sheet1,"ITO, Delhi - CPCB",NH3 (µg/m³),8784,148,1.68,False
"ITO, Delhi - CPCB/Raw Data/2024_raw_data_hourly_ito,_delhi_-_cpcb_1H.csv",sheet1,"ITO, Delhi - CPCB",SO2 (µg/m³),8784,335,3.81,False
"ITO, Delhi - CPCB/Raw Data/2024_raw_data_hourly_ito,_delhi_-_cpcb_1H.csv",sheet1,"ITO, Delhi - CPCB",CO (mg/m³),8784,81,0.92,False
"ITO, Delhi - CPCB/Raw Data/2024_raw_data_hourly_ito,_delhi_-_cpcb_1H.csv",sheet1,"ITO, Delhi - CPCB",Ozone (µg/m³),8784,249,2.83,False
"ITO, Delhi - CPCB/Raw Data/2024_raw_data_hourly_ito,_delhi_-_cpcb_1H.csv",sheet1,"ITO, Delhi - CPCB",Benzene (µg/m³),8784,92,1.05,False
"ITO, Delhi - CPCB/Raw Data/2024_raw_data_hourly_ito,_delhi_-_cpcb_1H.csv",sheet1,"ITO, Delhi - CPCB",Toluene (µg/m³),8784,8784,100.0,True
"ITO, Delhi - CPCB/Raw Data/2024_raw_data_hourly_ito,_delhi_-_cpcb_1H.csv",sheet1,"ITO, Delhi - CPCB",Xylene (µg/m³),8784,8784,100.0,True
"ITO, Delhi - CPCB/Raw Data/2024_raw_data_hourly_ito,_delhi_-_cpcb_1H.csv",sheet1,"ITO, Delhi - CPCB",O Xylene (µg/m³),8784,8784,100.0,True
"ITO, Delhi - CPCB/Raw Data/2024_raw_data_hourly_ito,_delhi_-_cpcb_1H.csv",sheet1,"ITO, Delhi - CPCB",Eth-Benzene (µg/m³),8784,8784,100.0,True
"ITO, Delhi - CPCB/Raw Data/2024_raw_data_hourly_ito,_delhi_-_cpcb_1H.csv",sheet1,"ITO, Delhi - CPCB",MP-Xylene (µg/m³),8784,8784,100.0,True
"ITO, Delhi - CPCB/Raw Data/2024_raw_data_hourly_ito,_delhi_-_cpcb_1H.csv",sheet1,"ITO, Delhi - CPCB",AT (°C),8784,8784,100.0,True
"ITO, Delhi - CPCB/Raw Data/2024_raw_data_hourly_ito,_delhi_-_cpcb_1H.csv",sheet1,"ITO, Delhi - CPCB",RH (%),8784,8784,100.0,True
"ITO, Delhi - CPCB/Raw Data/2024_raw_data_hourly_ito,_delhi_-_cpcb_1H.csv",sheet1,"ITO, Delhi - CPCB",WS (m/s),8784,8784,100.0,True
"ITO, Delhi - CPCB/Raw Data/2024_raw_data_hourly_ito,_delhi_-_cpcb_1H.csv",sheet1,"ITO, Delhi - CPCB",WD (deg),8784,8784,100.0,True
"ITO, Delhi - CPCB/Raw Data/2024_raw_data_hourly_ito,_delhi_-_cpcb_1H.csv",sheet1,"ITO, Delhi - CPCB",RF (mm),8784,8784,100.0,True
"ITO, Delhi - CPCB/Raw Data/2024_raw_data_hourly_ito,_delhi_-_cpcb_1H.csv",sheet1,"ITO, Delhi - CPCB",TOT-RF (mm),8784,8784,100.0,True
"ITO, Delhi - CPCB/Raw Data/2024_raw_data_hourly_ito,_delhi_-_cpcb_1H.csv",sheet1,"ITO, Delhi - CPCB",SR (W/mt2),8784,8784,100.0,True
"ITO, Delhi - CPCB/Raw Data/2024_raw_data_hourly_ito,_delhi_-_cpcb_1H.csv",sheet1,"ITO, Delhi - CPCB",BP (mmHg),8784,8784,100.0,True
"ITO, Delhi - CPCB/Raw Data/2024_raw_data_hourly_ito,_delhi_-_cpcb_1H.csv",sheet1,"ITO, Delhi - CPCB",VWS (m/s),8784,8784,100.0,True
"ITO, Delhi - CPCB/Raw Data/2025_raw_data_hourly_ito,_delhi_-_cpcb_1H.csv",sheet1,"ITO, Delhi - CPCB",Timestamp,8760,0,0.0,False
"ITO, Delhi - CPCB/Raw Data/2025_raw_data_hourly_ito,_delhi_-_cpcb_1H.csv",sheet1,"ITO, Delhi - CPCB",PM2.5 (µg/m³),8760,488,5.57,False
"ITO, Delhi - CPCB/Raw Data/2025_raw_data_hourly_ito,_delhi_-_cpcb_1H.csv",sheet1,"ITO, Delhi - CPCB",PM10 (µg/m³),8760,494,5.64,False
"ITO, Delhi - CPCB/Raw Data/2025_raw_data_hourly_ito,_delhi_-_cpcb_1H.csv",sheet1,"ITO, Delhi - CPCB",NO (µg/m³),8760,104,1.19,False
"ITO, Delhi - CPCB/Raw Data/2025_raw_data_hourly_ito,_delhi_-_cpcb_1H.csv",sheet1,"ITO, Delhi - CPCB",NO2 (µg/m³),8760,109,1.24,False
"ITO, Delhi - CPCB/Raw Data/2025_raw_data_hourly_ito,_delhi_-_cpcb_1H.csv",sheet1,"ITO, Delhi - CPCB",NOx (ppb),8760,105,1.2,False
"ITO, Delhi - CPCB/Raw Data/2025_raw_data_hourly_ito,_delhi_-_cpcb_1H.csv",sheet1,"ITO, Delhi - CPCB",NH3 (µg/m³),8760,104,1.19,False
"ITO, Delhi - CPCB/Raw Data/2025_raw_data_hourly_ito,_delhi_-_cpcb_1H.csv",sheet1,"ITO, Delhi - CPCB",SO2 (µg/m³),8760,296,3.38,False
"ITO, Delhi - CPCB/Raw Data/2025_raw_data_hourly_ito,_delhi_-_cpcb_1H.csv",sheet1,"ITO, Delhi - CPCB",CO (mg/m³),8760,109,1.24,False
"ITO, Delhi - CPCB/Raw Data/2025_raw_data_hourly_ito,_delhi_-_cpcb_1H.csv",sheet1,"ITO, Delhi - CPCB",Ozone (µg/m³),8760,105,1.2,False
"ITO, Delhi - CPCB/Raw Data/2025_raw_data_hourly_ito,_delhi_-_cpcb_1H.csv",sheet1,"ITO, Delhi - CPCB",Benzene (µg/m³),8760,106,1.21,False
"ITO, Delhi - CPCB/Raw Data/2025_raw_data_hourly_ito,_delhi_-_cpcb_1H.csv",sheet1,"ITO, Delhi - CPCB",Toluene (µg/m³),8760,8760,100.0,True
"ITO, Delhi - CPCB/Raw Data/2025_raw_data_hourly_ito,_delhi_-_cpcb_1H.csv",sheet1,"ITO, Delhi - CPCB",Xylene (µg/m³),8760,8760,100.0,True
"ITO, Delhi - CPCB/Raw Data/2025_raw_data_hourly_ito,_delhi_-_cpcb_1H.csv",sheet1,"ITO, Delhi - CPCB",O Xylene (µg/m³),8760,8760,100.0,True
"ITO, Delhi - CPCB/Raw Data/2025_raw_data_hourly_ito,_delhi_-_cpcb_1H.csv",sheet1,"ITO, Delhi - CPCB",Eth-Benzene (µg/m³),8760,8760,100.0,True
"ITO, Delhi - CPCB/Raw Data/2025_raw_data_hourly_ito,_delhi_-_cpcb_1H.csv",sheet1,"ITO, Delhi - CPCB",MP-Xylene (µg/m³),8760,8760,100.0,True
"ITO, Delhi - CPCB/Raw Data/2025_raw_data_hourly_ito,_delhi_-_cpcb_1H.csv",sheet1,"ITO, Delhi - CPCB",AT (°C),8760,8760,100.0,True
"ITO, Delhi - CPCB/Raw Data/2025_raw_data_hourly_ito,_delhi_-_cpcb_1H.csv",sheet1,"ITO, Delhi - CPCB",RH (%),8760,8760,100.0,True
"ITO, Delhi - CPCB/Raw Data/2025_raw_data_hourly_ito,_delhi_-_cpcb_1H.csv",sheet1,"ITO, Delhi - CPCB",WS (m/s),8760,8760,100.0,True
"ITO, Delhi - CPCB/Raw Data/2025_raw_data_hourly_ito,_delhi_-_cpcb_1H.csv",sheet1,"ITO, Delhi - CPCB",WD (deg),8760,8760,100.0,True
"ITO, Delhi - CPCB/Raw Data/2025_raw_data_hourly_ito,_delhi_-_cpcb_1H.csv",sheet1,"ITO, Delhi - CPCB",RF (mm),8760,8760,100.0,True
"ITO, Delhi - CPCB/Raw Data/2025_raw_data_hourly_ito,_delhi_-_cpcb_1H.csv",sheet1,"ITO, Delhi - CPCB",TOT-RF (mm),8760,8760,100.0,True
"ITO, Delhi - CPCB/Raw Data/2025_raw_data_hourly_ito,_delhi_-_cpcb_1H.csv",sheet1,"ITO, Delhi - CPCB",SR (W/mt2),8760,8760,100.0,True
"ITO, Delhi - CPCB/Raw Data/2025_raw_data_hourly_ito,_delhi_-_cpcb_1H.csv",sheet1,"ITO, Delhi - CPCB",BP (mmHg),8760,8760,100.0,True
"ITO, Delhi - CPCB/Raw Data/2025_raw_data_hourly_ito,_delhi_-_cpcb_1H.csv",sheet1,"ITO, Delhi - CPCB",VWS (m/s),8760,8760,100.0,True
"ITO, Delhi - CPCB/Raw Data/2026_raw_data_hourly_ito,_delhi_-_cpcb_1H.csv",sheet1,"ITO, Delhi - CPCB",Timestamp,5088,0,0.0,False
"ITO, Delhi - CPCB/Raw Data/2026_raw_data_hourly_ito,_delhi_-_cpcb_1H.csv",sheet1,"ITO, Delhi - CPCB",PM2.5 (µg/m³),5088,319,6.27,False
"ITO, Delhi - CPCB/Raw Data/2026_raw_data_hourly_ito,_delhi_-_cpcb_1H.csv",sheet1,"ITO, Delhi - CPCB",PM10 (µg/m³),5088,325,6.39,False
"ITO, Delhi - CPCB/Raw Data/2026_raw_data_hourly_ito,_delhi_-_cpcb_1H.csv",sheet1,"ITO, Delhi - CPCB",NO (µg/m³),5088,213,4.19,False
"ITO, Delhi - CPCB/Raw Data/2026_raw_data_hourly_ito,_delhi_-_cpcb_1H.csv",sheet1,"ITO, Delhi - CPCB",NO2 (µg/m³),5088,213,4.19,False
"ITO, Delhi - CPCB/Raw Data/2026_raw_data_hourly_ito,_delhi_-_cpcb_1H.csv",sheet1,"ITO, Delhi - CPCB",NOx (ppb),5088,213,4.19,False
"ITO, Delhi - CPCB/Raw Data/2026_raw_data_hourly_ito,_delhi_-_cpcb_1H.csv",sheet1,"ITO, Delhi - CPCB",NH3 (µg/m³),5088,213,4.19,False
"ITO, Delhi - CPCB/Raw Data/2026_raw_data_hourly_ito,_delhi_-_cpcb_1H.csv",sheet1,"ITO, Delhi - CPCB",SO2 (µg/m³),5088,321,6.31,False
"ITO, Delhi - CPCB/Raw Data/2026_raw_data_hourly_ito,_delhi_-_cpcb_1H.csv",sheet1,"ITO, Delhi - CPCB",CO (mg/m³),5088,224,4.4,False
"ITO, Delhi - CPCB/Raw Data/2026_raw_data_hourly_ito,_delhi_-_cpcb_1H.csv",sheet1,"ITO, Delhi - CPCB",Ozone (µg/m³),5088,247,4.85,False
"ITO, Delhi - CPCB/Raw Data/2026_raw_data_hourly_ito,_delhi_-_cpcb_1H.csv",sheet1,"ITO, Delhi - CPCB",Benzene (µg/m³),5088,238,4.68,False
"ITO, Delhi - CPCB/Raw Data/2026_raw_data_hourly_ito,_delhi_-_cpcb_1H.csv",sheet1,"ITO, Delhi - CPCB",Toluene (µg/m³),5088,767,15.07,False
"ITO, Delhi - CPCB/Raw Data/2026_raw_data_hourly_ito,_delhi_-_cpcb_1H.csv",sheet1,"ITO, Delhi - CPCB",Xylene (µg/m³),5088,5088,100.0,True
"ITO, Delhi - CPCB/Raw Data/2026_raw_data_hourly_ito,_delhi_-_cpcb_1H.csv",sheet1,"ITO, Delhi - CPCB",O Xylene (µg/m³),5088,767,15.07,False
"ITO, Delhi - CPCB/Raw Data/2026_raw_data_hourly_ito,_delhi_-_cpcb_1H.csv",sheet1,"ITO, Delhi - CPCB",Eth-Benzene (µg/m³),5088,767,15.07,False
"ITO, Delhi - CPCB/Raw Data/2026_raw_data_hourly_ito,_delhi_-_cpcb_1H.csv",sheet1,"ITO, Delhi - CPCB",MP-Xylene (µg/m³),5088,767,15.07,False
"ITO, Delhi - CPCB/Raw Data/2026_raw_data_hourly_ito,_delhi_-_cpcb_1H.csv",sheet1,"ITO, Delhi - CPCB",AT (°C),5088,5088,100.0,True
"ITO, Delhi - CPCB/Raw Data/2026_raw_data_hourly_ito,_delhi_-_cpcb_1H.csv",sheet1,"ITO, Delhi - CPCB",RH (%),5088,5088,100.0,True
"ITO, Delhi - CPCB/Raw Data/2026_raw_data_hourly_ito,_delhi_-_cpcb_1H.csv",sheet1,"ITO, Delhi - CPCB",WS (m/s),5088,5088,100.0,True
"ITO, Delhi - CPCB/Raw Data/2026_raw_data_hourly_ito,_delhi_-_cpcb_1H.csv",sheet1,"ITO, Delhi - CPCB",WD (deg),5088,5088,100.0,True
"ITO, Delhi - CPCB/Raw Data/2026_raw_data_hourly_ito,_delhi_-_cpcb_1H.csv",sheet1,"ITO, Delhi - CPCB",RF (mm),5088,5088,100.0,True
"ITO, Delhi - CPCB/Raw Data/2026_raw_data_hourly_ito,_delhi_-_cpcb_1H.csv",sheet1,"ITO, Delhi - CPCB",TOT-RF (mm),5088,5088,100.0,True
"ITO, Delhi - CPCB/Raw Data/2026_raw_data_hourly_ito,_delhi_-_cpcb_1H.csv",sheet1,"ITO, Delhi - CPCB",SR (W/mt2),5088,5088,100.0,True
"ITO, Delhi - CPCB/Raw Data/2026_raw_data_hourly_ito,_delhi_-_cpcb_1H.csv",sheet1,"ITO, Delhi - CPCB",BP (mmHg),5088,5088,100.0,True
"ITO, Delhi - CPCB/Raw Data/2026_raw_data_hourly_ito,_delhi_-_cpcb_1H.csv",sheet1,"ITO, Delhi - CPCB",VWS (m/s),5088,5088,100.0,True
"Jahangirpuri, Delhi - DPCC	/AQI Hourly/aqi_hourly_station_level_jahangirpuri,_delhi_-_dpcc_2025_April_delhi_2025.xlsx",Sheet1,"Jahangirpuri, Delhi - DPCC",Date,30,0,0.0,False
"Jahangirpuri, Delhi - DPCC	/AQI Hourly/aqi_hourly_station_level_jahangirpuri,_delhi_-_dpcc_2025_April_delhi_2025.xlsx",Sheet1,"Jahangirpuri, Delhi - DPCC",00:00:00,30,1,3.33,False
"Jahangirpuri, Delhi - DPCC	/AQI Hourly/aqi_hourly_station_level_jahangirpuri,_delhi_-_dpcc_2025_April_delhi_2025.xlsx",Sheet1,"Jahangirpuri, Delhi - DPCC",01:00:00,30,1,3.33,False
"Jahangirpuri, Delhi - DPCC	/AQI Hourly/aqi_hourly_station_level_jahangirpuri,_delhi_-_dpcc_2025_April_delhi_2025.xlsx",Sheet1,"Jahangirpuri, Delhi - DPCC",02:00:00,30,0,0.0,False
"Jahangirpuri, Delhi - DPCC	/AQI Hourly/aqi_hourly_station_level_jahangirpuri,_delhi_-_dpcc_2025_April_delhi_2025.xlsx",Sheet1,"Jahangirpuri, Delhi - DPCC",03:00:00,30,1,3.33,False
"Jahangirpuri, Delhi - DPCC	/AQI Hourly/aqi_hourly_station_level_jahangirpuri,_delhi_-_dpcc_2025_April_delhi_2025.xlsx",Sheet1,"Jahangirpuri, Delhi - DPCC",04:00:00,30,2,6.67,False
"Jahangirpuri, Delhi - DPCC	/AQI Hourly/aqi_hourly_station_level_jahangirpuri,_delhi_-_dpcc_2025_April_delhi_2025.xlsx",Sheet1,"Jahangirpuri, Delhi - DPCC",05:00:00,30,1,3.33,False
"Jahangirpuri, Delhi - DPCC	/AQI Hourly/aqi_hourly_station_level_jahangirpuri,_delhi_-_dpcc_2025_April_delhi_2025.xlsx",Sheet1,"Jahangirpuri, Delhi - DPCC",06:00:00,30,1,3.33,False
"Jahangirpuri, Delhi - DPCC	/AQI Hourly/aqi_hourly_station_level_jahangirpuri,_delhi_-_dpcc_2025_April_delhi_2025.xlsx",Sheet1,"Jahangirpuri, Delhi - DPCC",07:00:00,30,1,3.33,False
"Jahangirpuri, Delhi - DPCC	/AQI Hourly/aqi_hourly_station_level_jahangirpuri,_delhi_-_dpcc_2025_April_delhi_2025.xlsx",Sheet1,"Jahangirpuri, Delhi - DPCC",08:00:00,30,1,3.33,False
"Jahangirpuri, Delhi - DPCC	/AQI Hourly/aqi_hourly_station_level_jahangirpuri,_delhi_-_dpcc_2025_April_delhi_2025.xlsx",Sheet1,"Jahangirpuri, Delhi - DPCC",09:00:00,30,1,3.33,False
"Jahangirpuri, Delhi - DPCC	/AQI Hourly/aqi_hourly_station_level_jahangirpuri,_delhi_-_dpcc_2025_April_delhi_2025.xlsx",Sheet1,"Jahangirpuri, Delhi - DPCC",10:00:00,30,1,3.33,False
"Jahangirpuri, Delhi - DPCC	/AQI Hourly/aqi_hourly_station_level_jahangirpuri,_delhi_-_dpcc_2025_April_delhi_2025.xlsx",Sheet1,"Jahangirpuri, Delhi - DPCC",11:00:00,30,2,6.67,False
"Jahangirpuri, Delhi - DPCC	/AQI Hourly/aqi_hourly_station_level_jahangirpuri,_delhi_-_dpcc_2025_April_delhi_2025.xlsx",Sheet1,"Jahangirpuri, Delhi - DPCC",12:00:00,30,1,3.33,False
"Jahangirpuri, Delhi - DPCC	/AQI Hourly/aqi_hourly_station_level_jahangirpuri,_delhi_-_dpcc_2025_April_delhi_2025.xlsx",Sheet1,"Jahangirpuri, Delhi - DPCC",13:00:00,30,2,6.67,False
"Jahangirpuri, Delhi - DPCC	/AQI Hourly/aqi_hourly_station_level_jahangirpuri,_delhi_-_dpcc_2025_April_delhi_2025.xlsx",Sheet1,"Jahangirpuri, Delhi - DPCC",14:00:00,30,1,3.33,False
"Jahangirpuri, Delhi - DPCC	/AQI Hourly/aqi_hourly_station_level_jahangirpuri,_delhi_-_dpcc_2025_April_delhi_2025.xlsx",Sheet1,"Jahangirpuri, Delhi - DPCC",15:00:00,30,1,3.33,False
"Jahangirpuri, Delhi - DPCC	/AQI Hourly/aqi_hourly_station_level_jahangirpuri,_delhi_-_dpcc_2025_April_delhi_2025.xlsx",Sheet1,"Jahangirpuri, Delhi - DPCC",16:00:00,30,1,3.33,False
"Jahangirpuri, Delhi - DPCC	/AQI Hourly/aqi_hourly_station_level_jahangirpuri,_delhi_-_dpcc_2025_April_delhi_2025.xlsx",Sheet1,"Jahangirpuri, Delhi - DPCC",17:00:00,30,1,3.33,False
"Jahangirpuri, Delhi - DPCC	/AQI Hourly/aqi_hourly_station_level_jahangirpuri,_delhi_-_dpcc_2025_April_delhi_2025.xlsx",Sheet1,"Jahangirpuri, Delhi - DPCC",18:00:00,30,2,6.67,False
"Jahangirpuri, Delhi - DPCC	/AQI Hourly/aqi_hourly_station_level_jahangirpuri,_delhi_-_dpcc_2025_April_delhi_2025.xlsx",Sheet1,"Jahangirpuri, Delhi - DPCC",19:00:00,30,3,10.0,False
"Jahangirpuri, Delhi - DPCC	/AQI Hourly/aqi_hourly_station_level_jahangirpuri,_delhi_-_dpcc_2025_April_delhi_2025.xlsx",Sheet1,"Jahangirpuri, Delhi - DPCC",20:00:00,30,2,6.67,False
"Jahangirpuri, Delhi - DPCC	/AQI Hourly/aqi_hourly_station_level_jahangirpuri,_delhi_-_dpcc_2025_April_delhi_2025.xlsx",Sheet1,"Jahangirpuri, Delhi - DPCC",21:00:00,30,1,3.33,False
"Jahangirpuri, Delhi - DPCC	/AQI Hourly/aqi_hourly_station_level_jahangirpuri,_delhi_-_dpcc_2025_April_delhi_2025.xlsx",Sheet1,"Jahangirpuri, Delhi - DPCC",22:00:00,30,2,6.67,False
"Jahangirpuri, Delhi - DPCC	/AQI Hourly/aqi_hourly_station_level_jahangirpuri,_delhi_-_dpcc_2025_April_delhi_2025.xlsx",Sheet1,"Jahangirpuri, Delhi - DPCC",23:00:00,30,1,3.33,False
"Jahangirpuri, Delhi - DPCC	/AQI Hourly/aqi_hourly_station_level_jahangirpuri,_delhi_-_dpcc_2025_August_delhi_2025.xlsx",Sheet1,"Jahangirpuri, Delhi - DPCC",Date,31,0,0.0,False
"Jahangirpuri, Delhi - DPCC	/AQI Hourly/aqi_hourly_station_level_jahangirpuri,_delhi_-_dpcc_2025_August_delhi_2025.xlsx",Sheet1,"Jahangirpuri, Delhi - DPCC",00:00:00,31,1,3.23,False
"Jahangirpuri, Delhi - DPCC	/AQI Hourly/aqi_hourly_station_level_jahangirpuri,_delhi_-_dpcc_2025_August_delhi_2025.xlsx",Sheet1,"Jahangirpuri, Delhi - DPCC",01:00:00,31,0,0.0,False
"Jahangirpuri, Delhi - DPCC	/AQI Hourly/aqi_hourly_station_level_jahangirpuri,_delhi_-_dpcc_2025_August_delhi_2025.xlsx",Sheet1,"Jahangirpuri, Delhi - DPCC",02:00:00,31,0,0.0,False
"Jahangirpuri, Delhi - DPCC	/AQI Hourly/aqi_hourly_station_level_jahangirpuri,_delhi_-_dpcc_2025_August_delhi_2025.xlsx",Sheet1,"Jahangirpuri, Delhi - DPCC",03:00:00,31,2,6.45,False
"Jahangirpuri, Delhi - DPCC	/AQI Hourly/aqi_hourly_station_level_jahangirpuri,_delhi_-_dpcc_2025_August_delhi_2025.xlsx",Sheet1,"Jahangirpuri, Delhi - DPCC",04:00:00,31,0,0.0,False
"Jahangirpuri, Delhi - DPCC	/AQI Hourly/aqi_hourly_station_level_jahangirpuri,_delhi_-_dpcc_2025_August_delhi_2025.xlsx",Sheet1,"Jahangirpuri, Delhi - DPCC",05:00:00,31,0,0.0,False
"Jahangirpuri, Delhi - DPCC	/AQI Hourly/aqi_hourly_station_level_jahangirpuri,_delhi_-_dpcc_2025_August_delhi_2025.xlsx",Sheet1,"Jahangirpuri, Delhi - DPCC",06:00:00,31,0,0.0,False
"Jahangirpuri, Delhi - DPCC	/AQI Hourly/aqi_hourly_station_level_jahangirpuri,_delhi_-_dpcc_2025_August_delhi_2025.xlsx",Sheet1,"Jahangirpuri, Delhi - DPCC",07:00:00,31,0,0.0,False
"Jahangirpuri, Delhi - DPCC	/AQI Hourly/aqi_hourly_station_level_jahangirpuri,_delhi_-_dpcc_2025_August_delhi_2025.xlsx",Sheet1,"Jahangirpuri, Delhi - DPCC",08:00:00,31,0,0.0,False
"Jahangirpuri, Delhi - DPCC	/AQI Hourly/aqi_hourly_station_level_jahangirpuri,_delhi_-_dpcc_2025_August_delhi_2025.xlsx",Sheet1,"Jahangirpuri, Delhi - DPCC",09:00:00,31,0,0.0,False
"Jahangirpuri, Delhi - DPCC	/AQI Hourly/aqi_hourly_station_level_jahangirpuri,_delhi_-_dpcc_2025_August_delhi_2025.xlsx",Sheet1,"Jahangirpuri, Delhi - DPCC",10:00:00,31,0,0.0,False
"Jahangirpuri, Delhi - DPCC	/AQI Hourly/aqi_hourly_station_level_jahangirpuri,_delhi_-_dpcc_2025_August_delhi_2025.xlsx",Sheet1,"Jahangirpuri, Delhi - DPCC",11:00:00,31,0,0.0,False
"Jahangirpuri, Delhi - DPCC	/AQI Hourly/aqi_hourly_station_level_jahangirpuri,_delhi_-_dpcc_2025_August_delhi_2025.xlsx",Sheet1,"Jahangirpuri, Delhi - DPCC",12:00:00,31,1,3.23,False
"Jahangirpuri, Delhi - DPCC	/AQI Hourly/aqi_hourly_station_level_jahangirpuri,_delhi_-_dpcc_2025_August_delhi_2025.xlsx",Sheet1,"Jahangirpuri, Delhi - DPCC",13:00:00,31,1,3.23,False
"Jahangirpuri, Delhi - DPCC	/AQI Hourly/aqi_hourly_station_level_jahangirpuri,_delhi_-_dpcc_2025_August_delhi_2025.xlsx",Sheet1,"Jahangirpuri, Delhi - DPCC",14:00:00,31,0,0.0,False
"Jahangirpuri, Delhi - DPCC	/AQI Hourly/aqi_hourly_station_level_jahangirpuri,_delhi_-_dpcc_2025_August_delhi_2025.xlsx",Sheet1,"Jahangirpuri, Delhi - DPCC",15:00:00,31,0,0.0,False
"Jahangirpuri, Delhi - DPCC	/AQI Hourly/aqi_hourly_station_level_jahangirpuri,_delhi_-_dpcc_2025_August_delhi_2025.xlsx",Sheet1,"Jahangirpuri, Delhi - DPCC",16:00:00,31,0,0.0,False
"Jahangirpuri, Delhi - DPCC	/AQI Hourly/aqi_hourly_station_level_jahangirpuri,_delhi_-_dpcc_2025_August_delhi_2025.xlsx",Sheet1,"Jahangirpuri, Delhi - DPCC",17:00:00,31,0,0.0,False
"Jahangirpuri, Delhi - DPCC	/AQI Hourly/aqi_hourly_station_level_jahangirpuri,_delhi_-_dpcc_2025_August_delhi_2025.xlsx",Sheet1,"Jahangirpuri, Delhi - DPCC",18:00:00,31,1,3.23,False
"Jahangirpuri, Delhi - DPCC	/AQI Hourly/aqi_hourly_station_level_jahangirpuri,_delhi_-_dpcc_2025_August_delhi_2025.xlsx",Sheet1,"Jahangirpuri, Delhi - DPCC",19:00:00,31,0,0.0,False
"Jahangirpuri, Delhi - DPCC	/AQI Hourly/aqi_hourly_station_level_jahangirpuri,_delhi_-_dpcc_2025_August_delhi_2025.xlsx",Sheet1,"Jahangirpuri, Delhi - DPCC",20:00:00,31,0,0.0,False
"Jahangirpuri, Delhi - DPCC	/AQI Hourly/aqi_hourly_station_level_jahangirpuri,_delhi_-_dpcc_2025_August_delhi_2025.xlsx",Sheet1,"Jahangirpuri, Delhi - DPCC",21:00:00,31,0,0.0,False
"Jahangirpuri, Delhi - DPCC	/AQI Hourly/aqi_hourly_station_level_jahangirpuri,_delhi_-_dpcc_2025_August_delhi_2025.xlsx",Sheet1,"Jahangirpuri, Delhi - DPCC",22:00:00,31,0,0.0,False
"Jahangirpuri, Delhi - DPCC	/AQI Hourly/aqi_hourly_station_level_jahangirpuri,_delhi_-_dpcc_2025_August_delhi_2025.xlsx",Sheet1,"Jahangirpuri, Delhi - DPCC",23:00:00,31,0,0.0,False
"Jahangirpuri, Delhi - DPCC	/AQI Hourly/aqi_hourly_station_level_jahangirpuri,_delhi_-_dpcc_2025_December_delhi_2025.xlsx",Sheet1,"Jahangirpuri, Delhi - DPCC",Date,31,0,0.0,False
"Jahangirpuri, Delhi - DPCC	/AQI Hourly/aqi_hourly_station_level_jahangirpuri,_delhi_-_dpcc_2025_December_delhi_2025.xlsx",Sheet1,"Jahangirpuri, Delhi - DPCC",00:00:00,31,1,3.23,False
"Jahangirpuri, Delhi - DPCC	/AQI Hourly/aqi_hourly_station_level_jahangirpuri,_delhi_-_dpcc_2025_December_delhi_2025.xlsx",Sheet1,"Jahangirpuri, Delhi - DPCC",01:00:00,31,0,0.0,False
"Jahangirpuri, Delhi - DPCC	/AQI Hourly/aqi_hourly_station_level_jahangirpuri,_delhi_-_dpcc_2025_December_delhi_2025.xlsx",Sheet1,"Jahangirpuri, Delhi - DPCC",02:00:00,31,0,0.0,False
"Jahangirpuri, Delhi - DPCC	/AQI Hourly/aqi_hourly_station_level_jahangirpuri,_delhi_-_dpcc_2025_December_delhi_2025.xlsx",Sheet1,"Jahangirpuri, Delhi - DPCC",03:00:00,31,0,0.0,False
"Jahangirpuri, Delhi - DPCC	/AQI Hourly/aqi_hourly_station_level_jahangirpuri,_delhi_-_dpcc_2025_December_delhi_2025.xlsx",Sheet1,"Jahangirpuri, Delhi - DPCC",04:00:00,31,0,0.0,False
"Jahangirpuri, Delhi - DPCC	/AQI Hourly/aqi_hourly_station_level_jahangirpuri,_delhi_-_dpcc_2025_December_delhi_2025.xlsx",Sheet1,"Jahangirpuri, Delhi - DPCC",05:00:00,31,0,0.0,False
"Jahangirpuri, Delhi - DPCC	/AQI Hourly/aqi_hourly_station_level_jahangirpuri,_delhi_-_dpcc_2025_December_delhi_2025.xlsx",Sheet1,"Jahangirpuri, Delhi - DPCC",06:00:00,31,0,0.0,False
"Jahangirpuri, Delhi - DPCC	/AQI Hourly/aqi_hourly_station_level_jahangirpuri,_delhi_-_dpcc_2025_December_delhi_2025.xlsx",Sheet1,"Jahangirpuri, Delhi - DPCC",07:00:00,31,1,3.23,False
"Jahangirpuri, Delhi - DPCC	/AQI Hourly/aqi_hourly_station_level_jahangirpuri,_delhi_-_dpcc_2025_December_delhi_2025.xlsx",Sheet1,"Jahangirpuri, Delhi - DPCC",08:00:00,31,0,0.0,False
"Jahangirpuri, Delhi - DPCC	/AQI Hourly/aqi_hourly_station_level_jahangirpuri,_delhi_-_dpcc_2025_December_delhi_2025.xlsx",Sheet1,"Jahangirpuri, Delhi - DPCC",09:00:00,31,0,0.0,False
"Jahangirpuri, Delhi - DPCC	/AQI Hourly/aqi_hourly_station_level_jahangirpuri,_delhi_-_dpcc_2025_December_delhi_2025.xlsx",Sheet1,"Jahangirpuri, Delhi - DPCC",10:00:00,31,0,0.0,False
"Jahangirpuri, Delhi - DPCC	/AQI Hourly/aqi_hourly_station_level_jahangirpuri,_delhi_-_dpcc_2025_December_delhi_2025.xlsx",Sheet1,"Jahangirpuri, Delhi - DPCC",11:00:00,31,0,0.0,False
"Jahangirpuri, Delhi - DPCC	/AQI Hourly/aqi_hourly_station_level_jahangirpuri,_delhi_-_dpcc_2025_December_delhi_2025.xlsx",Sheet1,"Jahangirpuri, Delhi - DPCC",12:00:00,31,0,0.0,False
"Jahangirpuri, Delhi - DPCC	/AQI Hourly/aqi_hourly_station_level_jahangirpuri,_delhi_-_dpcc_2025_December_delhi_2025.xlsx",Sheet1,"Jahangirpuri, Delhi - DPCC",13:00:00,31,0,0.0,False
"Jahangirpuri, Delhi - DPCC	/AQI Hourly/aqi_hourly_station_level_jahangirpuri,_delhi_-_dpcc_2025_December_delhi_2025.xlsx",Sheet1,"Jahangirpuri, Delhi - DPCC",14:00:00,31,0,0.0,False
"Jahangirpuri, Delhi - DPCC	/AQI Hourly/aqi_hourly_station_level_jahangirpuri,_delhi_-_dpcc_2025_December_delhi_2025.xlsx",Sheet1,"Jahangirpuri, Delhi - DPCC",15:00:00,31,0,0.0,False
"Jahangirpuri, Delhi - DPCC	/AQI Hourly/aqi_hourly_station_level_jahangirpuri,_delhi_-_dpcc_2025_December_delhi_2025.xlsx",Sheet1,"Jahangirpuri, Delhi - DPCC",16:00:00,31,0,0.0,False
"Jahangirpuri, Delhi - DPCC	/AQI Hourly/aqi_hourly_station_level_jahangirpuri,_delhi_-_dpcc_2025_December_delhi_2025.xlsx",Sheet1,"Jahangirpuri, Delhi - DPCC",17:00:00,31,0,0.0,False
"Jahangirpuri, Delhi - DPCC	/AQI Hourly/aqi_hourly_station_level_jahangirpuri,_delhi_-_dpcc_2025_December_delhi_2025.xlsx",Sheet1,"Jahangirpuri, Delhi - DPCC",18:00:00,31,0,0.0,False
"Jahangirpuri, Delhi - DPCC	/AQI Hourly/aqi_hourly_station_level_jahangirpuri,_delhi_-_dpcc_2025_December_delhi_2025.xlsx",Sheet1,"Jahangirpuri, Delhi - DPCC",19:00:00,31,0,0.0,False
"Jahangirpuri, Delhi - DPCC	/AQI Hourly/aqi_hourly_station_level_jahangirpuri,_delhi_-_dpcc_2025_December_delhi_2025.xlsx",Sheet1,"Jahangirpuri, Delhi - DPCC",20:00:00,31,1,3.23,False
"Jahangirpuri, Delhi - DPCC	/AQI Hourly/aqi_hourly_station_level_jahangirpuri,_delhi_-_dpcc_2025_December_delhi_2025.xlsx",Sheet1,"Jahangirpuri, Delhi - DPCC",21:00:00,31,0,0.0,False
"Jahangirpuri, Delhi - DPCC	/AQI Hourly/aqi_hourly_station_level_jahangirpuri,_delhi_-_dpcc_2025_December_delhi_2025.xlsx",Sheet1,"Jahangirpuri, Delhi - DPCC",22:00:00,31,0,0.0,False
"Jahangirpuri, Delhi - DPCC	/AQI Hourly/aqi_hourly_station_level_jahangirpuri,_delhi_-_dpcc_2025_December_delhi_2025.xlsx",Sheet1,"Jahangirpuri, Delhi - DPCC",23:00:00,31,0,0.0,False
"Jahangirpuri, Delhi - DPCC	/AQI Hourly/aqi_hourly_station_level_jahangirpuri,_delhi_-_dpcc_2025_February_delhi_2025.xlsx",Sheet1,"Jahangirpuri, Delhi - DPCC",Date,28,0,0.0,False
"Jahangirpuri, Delhi - DPCC	/AQI Hourly/aqi_hourly_station_level_jahangirpuri,_delhi_-_dpcc_2025_February_delhi_2025.xlsx",Sheet1,"Jahangirpuri, Delhi - DPCC",00:00:00,28,0,0.0,False
"Jahangirpuri, Delhi - DPCC	/AQI Hourly/aqi_hourly_station_level_jahangirpuri,_delhi_-_dpcc_2025_February_delhi_2025.xlsx",Sheet1,"Jahangirpuri, Delhi - DPCC",01:00:00,28,0,0.0,False
"Jahangirpuri, Delhi - DPCC	/AQI Hourly/aqi_hourly_station_level_jahangirpuri,_delhi_-_dpcc_2025_February_delhi_2025.xlsx",Sheet1,"Jahangirpuri, Delhi - DPCC",02:00:00,28,0,0.0,False
"Jahangirpuri, Delhi - DPCC	/AQI Hourly/aqi_hourly_station_level_jahangirpuri,_delhi_-_dpcc_2025_February_delhi_2025.xlsx",Sheet1,"Jahangirpuri, Delhi - DPCC",03:00:00,28,0,0.0,False
"Jahangirpuri, Delhi - DPCC	/AQI Hourly/aqi_hourly_station_level_jahangirpuri,_delhi_-_dpcc_2025_February_delhi_2025.xlsx",Sheet1,"Jahangirpuri, Delhi - DPCC",04:00:00,28,0,0.0,False
"Jahangirpuri, Delhi - DPCC	/AQI Hourly/aqi_hourly_station_level_jahangirpuri,_delhi_-_dpcc_2025_February_delhi_2025.xlsx",Sheet1,"Jahangirpuri, Delhi - DPCC",05:00:00,28,0,0.0,False
"Jahangirpuri, Delhi - DPCC	/AQI Hourly/aqi_hourly_station_level_jahangirpuri,_delhi_-_dpcc_2025_February_delhi_2025.xlsx",Sheet1,"Jahangirpuri, Delhi - DPCC",06:00:00,28,0,0.0,False
"Jahangirpuri, Delhi - DPCC	/AQI Hourly/aqi_hourly_station_level_jahangirpuri,_delhi_-_dpcc_2025_February_delhi_2025.xlsx",Sheet1,"Jahangirpuri, Delhi - DPCC",07:00:00,28,0,0.0,False
"Jahangirpuri, Delhi - DPCC	/AQI Hourly/aqi_hourly_station_level_jahangirpuri,_delhi_-_dpcc_2025_February_delhi_2025.xlsx",Sheet1,"Jahangirpuri, Delhi - DPCC",08:00:00,28,0,0.0,False
"Jahangirpuri, Delhi - DPCC	/AQI Hourly/aqi_hourly_station_level_jahangirpuri,_delhi_-_dpcc_2025_February_delhi_2025.xlsx",Sheet1,"Jahangirpuri, Delhi - DPCC",09:00:00,28,0,0.0,False
"Jahangirpuri, Delhi - DPCC	/AQI Hourly/aqi_hourly_station_level_jahangirpuri,_delhi_-_dpcc_2025_February_delhi_2025.xlsx",Sheet1,"Jahangirpuri, Delhi - DPCC",10:00:00,28,0,0.0,False
"Jahangirpuri, Delhi - DPCC	/AQI Hourly/aqi_hourly_station_level_jahangirpuri,_delhi_-_dpcc_2025_February_delhi_2025.xlsx",Sheet1,"Jahangirpuri, Delhi - DPCC",11:00:00,28,0,0.0,False
"Jahangirpuri, Delhi - DPCC	/AQI Hourly/aqi_hourly_station_level_jahangirpuri,_delhi_-_dpcc_2025_February_delhi_2025.xlsx",Sheet1,"Jahangirpuri, Delhi - DPCC",12:00:00,28,0,0.0,False
"Jahangirpuri, Delhi - DPCC	/AQI Hourly/aqi_hourly_station_level_jahangirpuri,_delhi_-_dpcc_2025_February_delhi_2025.xlsx",Sheet1,"Jahangirpuri, Delhi - DPCC",13:00:00,28,0,0.0,False
"Jahangirpuri, Delhi - DPCC	/AQI Hourly/aqi_hourly_station_level_jahangirpuri,_delhi_-_dpcc_2025_February_delhi_2025.xlsx",Sheet1,"Jahangirpuri, Delhi - DPCC",14:00:00,28,0,0.0,False
"Jahangirpuri, Delhi - DPCC	/AQI Hourly/aqi_hourly_station_level_jahangirpuri,_delhi_-_dpcc_2025_February_delhi_2025.xlsx",Sheet1,"Jahangirpuri, Delhi - DPCC",15:00:00,28,0,0.0,False
"Jahangirpuri, Delhi - DPCC	/AQI Hourly/aqi_hourly_station_level_jahangirpuri,_delhi_-_dpcc_2025_February_delhi_2025.xlsx",Sheet1,"Jahangirpuri, Delhi - DPCC",16:00:00,28,0,0.0,False
"Jahangirpuri, Delhi - DPCC	/AQI Hourly/aqi_hourly_station_level_jahangirpuri,_delhi_-_dpcc_2025_February_delhi_2025.xlsx",Sheet1,"Jahangirpuri, Delhi - DPCC",17:00:00,28,0,0.0,False
"Jahangirpuri, Delhi - DPCC	/AQI Hourly/aqi_hourly_station_level_jahangirpuri,_delhi_-_dpcc_2025_February_delhi_2025.xlsx",Sheet1,"Jahangirpuri, Delhi - DPCC",18:00:00,28,0,0.0,False
"Jahangirpuri, Delhi - DPCC	/AQI Hourly/aqi_hourly_station_level_jahangirpuri,_delhi_-_dpcc_2025_February_delhi_2025.xlsx",Sheet1,"Jahangirpuri, Delhi - DPCC",19:00:00,28,0,0.0,False
"Jahangirpuri, Delhi - DPCC	/AQI Hourly/aqi_hourly_station_level_jahangirpuri,_delhi_-_dpcc_2025_February_delhi_2025.xlsx",Sheet1,"Jahangirpuri, Delhi - DPCC",20:00:00,28,0,0.0,False
"Jahangirpuri, Delhi - DPCC	/AQI Hourly/aqi_hourly_station_level_jahangirpuri,_delhi_-_dpcc_2025_February_delhi_2025.xlsx",Sheet1,"Jahangirpuri, Delhi - DPCC",21:00:00,28,0,0.0,False
"Jahangirpuri, Delhi - DPCC	/AQI Hourly/aqi_hourly_station_level_jahangirpuri,_delhi_-_dpcc_2025_February_delhi_2025.xlsx",Sheet1,"Jahangirpuri, Delhi - DPCC",22:00:00,28,0,0.0,False
"Jahangirpuri, Delhi - DPCC	/AQI Hourly/aqi_hourly_station_level_jahangirpuri,_delhi_-_dpcc_2025_February_delhi_2025.xlsx",Sheet1,"Jahangirpuri, Delhi - DPCC",23:00:00,28,0,0.0,False
"Jahangirpuri, Delhi - DPCC	/AQI Hourly/aqi_hourly_station_level_jahangirpuri,_delhi_-_dpcc_2025_January_delhi_2025.xlsx",Sheet1,"Jahangirpuri, Delhi - DPCC",Date,31,0,0.0,False
"Jahangirpuri, Delhi - DPCC	/AQI Hourly/aqi_hourly_station_level_jahangirpuri,_delhi_-_dpcc_2025_January_delhi_2025.xlsx",Sheet1,"Jahangirpuri, Delhi - DPCC",00:00:00,31,3,9.68,False
"Jahangirpuri, Delhi - DPCC	/AQI Hourly/aqi_hourly_station_level_jahangirpuri,_delhi_-_dpcc_2025_January_delhi_2025.xlsx",Sheet1,"Jahangirpuri, Delhi - DPCC",01:00:00,31,3,9.68,False
"Jahangirpuri, Delhi - DPCC	/AQI Hourly/aqi_hourly_station_level_jahangirpuri,_delhi_-_dpcc_2025_January_delhi_2025.xlsx",Sheet1,"Jahangirpuri, Delhi - DPCC",02:00:00,31,4,12.9,False
"Jahangirpuri, Delhi - DPCC	/AQI Hourly/aqi_hourly_station_level_jahangirpuri,_delhi_-_dpcc_2025_January_delhi_2025.xlsx",Sheet1,"Jahangirpuri, Delhi - DPCC",03:00:00,31,4,12.9,False
"Jahangirpuri, Delhi - DPCC	/AQI Hourly/aqi_hourly_station_level_jahangirpuri,_delhi_-_dpcc_2025_January_delhi_2025.xlsx",Sheet1,"Jahangirpuri, Delhi - DPCC",04:00:00,31,5,16.13,False
"Jahangirpuri, Delhi - DPCC	/AQI Hourly/aqi_hourly_station_level_jahangirpuri,_delhi_-_dpcc_2025_January_delhi_2025.xlsx",Sheet1,"Jahangirpuri, Delhi - DPCC",05:00:00,31,5,16.13,False
"Jahangirpuri, Delhi - DPCC	/AQI Hourly/aqi_hourly_station_level_jahangirpuri,_delhi_-_dpcc_2025_January_delhi_2025.xlsx",Sheet1,"Jahangirpuri, Delhi - DPCC",06:00:00,31,5,16.13,False
"Jahangirpuri, Delhi - DPCC	/AQI Hourly/aqi_hourly_station_level_jahangirpuri,_delhi_-_dpcc_2025_January_delhi_2025.xlsx",Sheet1,"Jahangirpuri, Delhi - DPCC",07:00:00,31,5,16.13,False
"Jahangirpuri, Delhi - DPCC	/AQI Hourly/aqi_hourly_station_level_jahangirpuri,_delhi_-_dpcc_2025_January_delhi_2025.xlsx",Sheet1,"Jahangirpuri, Delhi - DPCC",08:00:00,31,7,22.58,False
"Jahangirpuri, Delhi - DPCC	/AQI Hourly/aqi_hourly_station_level_jahangirpuri,_delhi_-_dpcc_2025_January_delhi_2025.xlsx",Sheet1,"Jahangirpuri, Delhi - DPCC",09:00:00,31,5,16.13,False
"Jahangirpuri, Delhi - DPCC	/AQI Hourly/aqi_hourly_station_level_jahangirpuri,_delhi_-_dpcc_2025_January_delhi_2025.xlsx",Sheet1,"Jahangirpuri, Delhi - DPCC",10:00:00,31,4,12.9,False
"Jahangirpuri, Delhi - DPCC	/AQI Hourly/aqi_hourly_station_level_jahangirpuri,_delhi_-_dpcc_2025_January_delhi_2025.xlsx",Sheet1,"Jahangirpuri, Delhi - DPCC",11:00:00,31,4,12.9,False
"Jahangirpuri, Delhi - DPCC	/AQI Hourly/aqi_hourly_station_level_jahangirpuri,_delhi_-_dpcc_2025_January_delhi_2025.xlsx",Sheet1,"Jahangirpuri, Delhi - DPCC",12:00:00,31,4,12.9,False
"Jahangirpuri, Delhi - DPCC	/AQI Hourly/aqi_hourly_station_level_jahangirpuri,_delhi_-_dpcc_2025_January_delhi_2025.xlsx",Sheet1,"Jahangirpuri, Delhi - DPCC",13:00:00,31,4,12.9,False
"Jahangirpuri, Delhi - DPCC	/AQI Hourly/aqi_hourly_station_level_jahangirpuri,_delhi_-_dpcc_2025_January_delhi_2025.xlsx",Sheet1,"Jahangirpuri, Delhi - DPCC",14:00:00,31,4,12.9,False
"Jahangirpuri, Delhi - DPCC	/AQI Hourly/aqi_hourly_station_level_jahangirpuri,_delhi_-_dpcc_2025_January_delhi_2025.xlsx",Sheet1,"Jahangirpuri, Delhi - DPCC",15:00:00,31,4,12.9,False
"Jahangirpuri, Delhi - DPCC	/AQI Hourly/aqi_hourly_station_level_jahangirpuri,_delhi_-_dpcc_2025_January_delhi_2025.xlsx",Sheet1,"Jahangirpuri, Delhi - DPCC",16:00:00,31,4,12.9,False
"Jahangirpuri, Delhi - DPCC	/AQI Hourly/aqi_hourly_station_level_jahangirpuri,_delhi_-_dpcc_2025_January_delhi_2025.xlsx",Sheet1,"Jahangirpuri, Delhi - DPCC",17:00:00,31,4,12.9,False
"Jahangirpuri, Delhi - DPCC	/AQI Hourly/aqi_hourly_station_level_jahangirpuri,_delhi_-_dpcc_2025_January_delhi_2025.xlsx",Sheet1,"Jahangirpuri, Delhi - DPCC",18:00:00,31,5,16.13,False
"Jahangirpuri, Delhi - DPCC	/AQI Hourly/aqi_hourly_station_level_jahangirpuri,_delhi_-_dpcc_2025_January_delhi_2025.xlsx",Sheet1,"Jahangirpuri, Delhi - DPCC",19:00:00,31,3,9.68,False
"Jahangirpuri, Delhi - DPCC	/AQI Hourly/aqi_hourly_station_level_jahangirpuri,_delhi_-_dpcc_2025_January_delhi_2025.xlsx",Sheet1,"Jahangirpuri, Delhi - DPCC",20:00:00,31,3,9.68,False
"Jahangirpuri, Delhi - DPCC	/AQI Hourly/aqi_hourly_station_level_jahangirpuri,_delhi_-_dpcc_2025_January_delhi_2025.xlsx",Sheet1,"Jahangirpuri, Delhi - DPCC",21:00:00,31,3,9.68,False
"Jahangirpuri, Delhi - DPCC	/AQI Hourly/aqi_hourly_station_level_jahangirpuri,_delhi_-_dpcc_2025_January_delhi_2025.xlsx",Sheet1,"Jahangirpuri, Delhi - DPCC",22:00:00,31,3,9.68,False
"Jahangirpuri, Delhi - DPCC	/AQI Hourly/aqi_hourly_station_level_jahangirpuri,_delhi_-_dpcc_2025_January_delhi_2025.xlsx",Sheet1,"Jahangirpuri, Delhi - DPCC",23:00:00,31,3,9.68,False
"Jahangirpuri, Delhi - DPCC	/AQI Hourly/aqi_hourly_station_level_jahangirpuri,_delhi_-_dpcc_2025_July_delhi_2025.xlsx",Sheet1,"Jahangirpuri, Delhi - DPCC",Date,31,0,0.0,False
"Jahangirpuri, Delhi - DPCC	/AQI Hourly/aqi_hourly_station_level_jahangirpuri,_delhi_-_dpcc_2025_July_delhi_2025.xlsx",Sheet1,"Jahangirpuri, Delhi - DPCC",00:00:00,31,2,6.45,False
"Jahangirpuri, Delhi - DPCC	/AQI Hourly/aqi_hourly_station_level_jahangirpuri,_delhi_-_dpcc_2025_July_delhi_2025.xlsx",Sheet1,"Jahangirpuri, Delhi - DPCC",01:00:00,31,2,6.45,False
"Jahangirpuri, Delhi - DPCC	/AQI Hourly/aqi_hourly_station_level_jahangirpuri,_delhi_-_dpcc_2025_July_delhi_2025.xlsx",Sheet1,"Jahangirpuri, Delhi - DPCC",02:00:00,31,2,6.45,False
"Jahangirpuri, Delhi - DPCC	/AQI Hourly/aqi_hourly_station_level_jahangirpuri,_delhi_-_dpcc_2025_July_delhi_2025.xlsx",Sheet1,"Jahangirpuri, Delhi - DPCC",03:00:00,31,2,6.45,False
"Jahangirpuri, Delhi - DPCC	/AQI Hourly/aqi_hourly_station_level_jahangirpuri,_delhi_-_dpcc_2025_July_delhi_2025.xlsx",Sheet1,"Jahangirpuri, Delhi - DPCC",04:00:00,31,2,6.45,False
"Jahangirpuri, Delhi - DPCC	/AQI Hourly/aqi_hourly_station_level_jahangirpuri,_delhi_-_dpcc_2025_July_delhi_2025.xlsx",Sheet1,"Jahangirpuri, Delhi - DPCC",05:00:00,31,2,6.45,False
"Jahangirpuri, Delhi - DPCC	/AQI Hourly/aqi_hourly_station_level_jahangirpuri,_delhi_-_dpcc_2025_July_delhi_2025.xlsx",Sheet1,"Jahangirpuri, Delhi - DPCC",06:00:00,31,1,3.23,False
"Jahangirpuri, Delhi - DPCC	/AQI Hourly/aqi_hourly_station_level_jahangirpuri,_delhi_-_dpcc_2025_July_delhi_2025.xlsx",Sheet1,"Jahangirpuri, Delhi - DPCC",07:00:00,31,2,6.45,False
"Jahangirpuri, Delhi - DPCC	/AQI Hourly/aqi_hourly_station_level_jahangirpuri,_delhi_-_dpcc_2025_July_delhi_2025.xlsx",Sheet1,"Jahangirpuri, Delhi - DPCC",08:00:00,31,1,3.23,False
"Jahangirpuri, Delhi - DPCC	/AQI Hourly/aqi_hourly_station_level_jahangirpuri,_delhi_-_dpcc_2025_July_delhi_2025.xlsx",Sheet1,"Jahangirpuri, Delhi - DPCC",09:00:00,31,1,3.23,False
"Jahangirpuri, Delhi - DPCC	/AQI Hourly/aqi_hourly_station_level_jahangirpuri,_delhi_-_dpcc_2025_July_delhi_2025.xlsx",Sheet1,"Jahangirpuri, Delhi - DPCC",10:00:00,31,1,3.23,False
"Jahangirpuri, Delhi - DPCC	/AQI Hourly/aqi_hourly_station_level_jahangirpuri,_delhi_-_dpcc_2025_July_delhi_2025.xlsx",Sheet1,"Jahangirpuri, Delhi - DPCC",11:00:00,31,1,3.23,False
"Jahangirpuri, Delhi - DPCC	/AQI Hourly/aqi_hourly_station_level_jahangirpuri,_delhi_-_dpcc_2025_July_delhi_2025.xlsx",Sheet1,"Jahangirpuri, Delhi - DPCC",12:00:00,31,2,6.45,False
"Jahangirpuri, Delhi - DPCC	/AQI Hourly/aqi_hourly_station_level_jahangirpuri,_delhi_-_dpcc_2025_July_delhi_2025.xlsx",Sheet1,"Jahangirpuri, Delhi - DPCC",13:00:00,31,1,3.23,False
"Jahangirpuri, Delhi - DPCC	/AQI Hourly/aqi_hourly_station_level_jahangirpuri,_delhi_-_dpcc_2025_July_delhi_2025.xlsx",Sheet1,"Jahangirpuri, Delhi - DPCC",14:00:00,31,1,3.23,False
"Jahangirpuri, Delhi - DPCC	/AQI Hourly/aqi_hourly_station_level_jahangirpuri,_delhi_-_dpcc_2025_July_delhi_2025.xlsx",Sheet1,"Jahangirpuri, Delhi - DPCC",15:00:00,31,1,3.23,False
"Jahangirpuri, Delhi - DPCC	/AQI Hourly/aqi_hourly_station_level_jahangirpuri,_delhi_-_dpcc_2025_July_delhi_2025.xlsx",Sheet1,"Jahangirpuri, Delhi - DPCC",16:00:00,31,1,3.23,False
"Jahangirpuri, Delhi - DPCC	/AQI Hourly/aqi_hourly_station_level_jahangirpuri,_delhi_-_dpcc_2025_July_delhi_2025.xlsx",Sheet1,"Jahangirpuri, Delhi - DPCC",17:00:00,31,1,3.23,False
"Jahangirpuri, Delhi - DPCC	/AQI Hourly/aqi_hourly_station_level_jahangirpuri,_delhi_-_dpcc_2025_July_delhi_2025.xlsx",Sheet1,"Jahangirpuri, Delhi - DPCC",18:00:00,31,1,3.23,False
"Jahangirpuri, Delhi - DPCC	/AQI Hourly/aqi_hourly_station_level_jahangirpuri,_delhi_-_dpcc_2025_July_delhi_2025.xlsx",Sheet1,"Jahangirpuri, Delhi - DPCC",19:00:00,31,1,3.23,False
"Jahangirpuri, Delhi - DPCC	/AQI Hourly/aqi_hourly_station_level_jahangirpuri,_delhi_-_dpcc_2025_July_delhi_2025.xlsx",Sheet1,"Jahangirpuri, Delhi - DPCC",20:00:00,31,1,3.23,False
"Jahangirpuri, Delhi - DPCC	/AQI Hourly/aqi_hourly_station_level_jahangirpuri,_delhi_-_dpcc_2025_July_delhi_2025.xlsx",Sheet1,"Jahangirpuri, Delhi - DPCC",21:00:00,31,2,6.45,False
"Jahangirpuri, Delhi - DPCC	/AQI Hourly/aqi_hourly_station_level_jahangirpuri,_delhi_-_dpcc_2025_July_delhi_2025.xlsx",Sheet1,"Jahangirpuri, Delhi - DPCC",22:00:00,31,1,3.23,False
"Jahangirpuri, Delhi - DPCC	/AQI Hourly/aqi_hourly_station_level_jahangirpuri,_delhi_-_dpcc_2025_July_delhi_2025.xlsx",Sheet1,"Jahangirpuri, Delhi - DPCC",23:00:00,31,1,3.23,False
"Jahangirpuri, Delhi - DPCC	/AQI Hourly/aqi_hourly_station_level_jahangirpuri,_delhi_-_dpcc_2025_June_delhi_2025.xlsx",Sheet1,"Jahangirpuri, Delhi - DPCC",Date,30,0,0.0,False
"Jahangirpuri, Delhi - DPCC	/AQI Hourly/aqi_hourly_station_level_jahangirpuri,_delhi_-_dpcc_2025_June_delhi_2025.xlsx",Sheet1,"Jahangirpuri, Delhi - DPCC",00:00:00,30,0,0.0,False
"Jahangirpuri, Delhi - DPCC	/AQI Hourly/aqi_hourly_station_level_jahangirpuri,_delhi_-_dpcc_2025_June_delhi_2025.xlsx",Sheet1,"Jahangirpuri, Delhi - DPCC",01:00:00,30,0,0.0,False
"Jahangirpuri, Delhi - DPCC	/AQI Hourly/aqi_hourly_station_level_jahangirpuri,_delhi_-_dpcc_2025_June_delhi_2025.xlsx",Sheet1,"Jahangirpuri, Delhi - DPCC",02:00:00,30,0,0.0,False
"Jahangirpuri, Delhi - DPCC	/AQI Hourly/aqi_hourly_station_level_jahangirpuri,_delhi_-_dpcc_2025_June_delhi_2025.xlsx",Sheet1,"Jahangirpuri, Delhi - DPCC",03:00:00,30,0,0.0,False
"Jahangirpuri, Delhi - DPCC	/AQI Hourly/aqi_hourly_station_level_jahangirpuri,_delhi_-_dpcc_2025_June_delhi_2025.xlsx",Sheet1,"Jahangirpuri, Delhi - DPCC",04:00:00,30,1,3.33,False
"Jahangirpuri, Delhi - DPCC	/AQI Hourly/aqi_hourly_station_level_jahangirpuri,_delhi_-_dpcc_2025_June_delhi_2025.xlsx",Sheet1,"Jahangirpuri, Delhi - DPCC",05:00:00,30,0,0.0,False
"Jahangirpuri, Delhi - DPCC	/AQI Hourly/aqi_hourly_station_level_jahangirpuri,_delhi_-_dpcc_2025_June_delhi_2025.xlsx",Sheet1,"Jahangirpuri, Delhi - DPCC",06:00:00,30,0,0.0,False
"Jahangirpuri, Delhi - DPCC	/AQI Hourly/aqi_hourly_station_level_jahangirpuri,_delhi_-_dpcc_2025_June_delhi_2025.xlsx",Sheet1,"Jahangirpuri, Delhi - DPCC",07:00:00,30,0,0.0,False
"Jahangirpuri, Delhi - DPCC	/AQI Hourly/aqi_hourly_station_level_jahangirpuri,_delhi_-_dpcc_2025_June_delhi_2025.xlsx",Sheet1,"Jahangirpuri, Delhi - DPCC",08:00:00,30,0,0.0,False
"Jahangirpuri, Delhi - DPCC	/AQI Hourly/aqi_hourly_station_level_jahangirpuri,_delhi_-_dpcc_2025_June_delhi_2025.xlsx",Sheet1,"Jahangirpuri, Delhi - DPCC",09:00:00,30,0,0.0,False
"Jahangirpuri, Delhi - DPCC	/AQI Hourly/aqi_hourly_station_level_jahangirpuri,_delhi_-_dpcc_2025_June_delhi_2025.xlsx",Sheet1,"Jahangirpuri, Delhi - DPCC",10:00:00,30,0,0.0,False
"Jahangirpuri, Delhi - DPCC	/AQI Hourly/aqi_hourly_station_level_jahangirpuri,_delhi_-_dpcc_2025_June_delhi_2025.xlsx",Sheet1,"Jahangirpuri, Delhi - DPCC",11:00:00,30,1,3.33,False
"Jahangirpuri, Delhi - DPCC	/AQI Hourly/aqi_hourly_station_level_jahangirpuri,_delhi_-_dpcc_2025_June_delhi_2025.xlsx",Sheet1,"Jahangirpuri, Delhi - DPCC",12:00:00,30,1,3.33,False
"Jahangirpuri, Delhi - DPCC	/AQI Hourly/aqi_hourly_station_level_jahangirpuri,_delhi_-_dpcc_2025_June_delhi_2025.xlsx",Sheet1,"Jahangirpuri, Delhi - DPCC",13:00:00,30,1,3.33,False
"Jahangirpuri, Delhi - DPCC	/AQI Hourly/aqi_hourly_station_level_jahangirpuri,_delhi_-_dpcc_2025_June_delhi_2025.xlsx",Sheet1,"Jahangirpuri, Delhi - DPCC",14:00:00,30,1,3.33,False
"Jahangirpuri, Delhi - DPCC	/AQI Hourly/aqi_hourly_station_level_jahangirpuri,_delhi_-_dpcc_2025_June_delhi_2025.xlsx",Sheet1,"Jahangirpuri, Delhi - DPCC",15:00:00,30,0,0.0,False
"Jahangirpuri, Delhi - DPCC	/AQI Hourly/aqi_hourly_station_level_jahangirpuri,_delhi_-_dpcc_2025_June_delhi_2025.xlsx",Sheet1,"Jahangirpuri, Delhi - DPCC",16:00:00,30,0,0.0,False
"Jahangirpuri, Delhi - DPCC	/AQI Hourly/aqi_hourly_station_level_jahangirpuri,_delhi_-_dpcc_2025_June_delhi_2025.xlsx",Sheet1,"Jahangirpuri, Delhi - DPCC",17:00:00,30,0,0.0,False
"Jahangirpuri, Delhi - DPCC	/AQI Hourly/aqi_hourly_station_level_jahangirpuri,_delhi_-_dpcc_2025_June_delhi_2025.xlsx",Sheet1,"Jahangirpuri, Delhi - DPCC",18:00:00,30,3,10.0,False
"Jahangirpuri, Delhi - DPCC	/AQI Hourly/aqi_hourly_station_level_jahangirpuri,_delhi_-_dpcc_2025_June_delhi_2025.xlsx",Sheet1,"Jahangirpuri, Delhi - DPCC",19:00:00,30,1,3.33,False
"Jahangirpuri, Delhi - DPCC	/AQI Hourly/aqi_hourly_station_level_jahangirpuri,_delhi_-_dpcc_2025_June_delhi_2025.xlsx",Sheet1,"Jahangirpuri, Delhi - DPCC",20:00:00,30,1,3.33,False
"Jahangirpuri, Delhi - DPCC	/AQI Hourly/aqi_hourly_station_level_jahangirpuri,_delhi_-_dpcc_2025_June_delhi_2025.xlsx",Sheet1,"Jahangirpuri, Delhi - DPCC",21:00:00,30,0,0.0,False
"Jahangirpuri, Delhi - DPCC	/AQI Hourly/aqi_hourly_station_level_jahangirpuri,_delhi_-_dpcc_2025_June_delhi_2025.xlsx",Sheet1,"Jahangirpuri, Delhi - DPCC",22:00:00,30,0,0.0,False
"Jahangirpuri, Delhi - DPCC	/AQI Hourly/aqi_hourly_station_level_jahangirpuri,_delhi_-_dpcc_2025_June_delhi_2025.xlsx",Sheet1,"Jahangirpuri, Delhi - DPCC",23:00:00,30,0,0.0,False
"Jahangirpuri, Delhi - DPCC	/AQI Hourly/aqi_hourly_station_level_jahangirpuri,_delhi_-_dpcc_2025_March_delhi_2025.xlsx",Sheet1,"Jahangirpuri, Delhi - DPCC",Date,31,0,0.0,False
"Jahangirpuri, Delhi - DPCC	/AQI Hourly/aqi_hourly_station_level_jahangirpuri,_delhi_-_dpcc_2025_March_delhi_2025.xlsx",Sheet1,"Jahangirpuri, Delhi - DPCC",00:00:00,31,0,0.0,False
"Jahangirpuri, Delhi - DPCC	/AQI Hourly/aqi_hourly_station_level_jahangirpuri,_delhi_-_dpcc_2025_March_delhi_2025.xlsx",Sheet1,"Jahangirpuri, Delhi - DPCC",01:00:00,31,0,0.0,False
"Jahangirpuri, Delhi - DPCC	/AQI Hourly/aqi_hourly_station_level_jahangirpuri,_delhi_-_dpcc_2025_March_delhi_2025.xlsx",Sheet1,"Jahangirpuri, Delhi - DPCC",02:00:00,31,0,0.0,False
"Jahangirpuri, Delhi - DPCC	/AQI Hourly/aqi_hourly_station_level_jahangirpuri,_delhi_-_dpcc_2025_March_delhi_2025.xlsx",Sheet1,"Jahangirpuri, Delhi - DPCC",03:00:00,31,1,3.23,False
"Jahangirpuri, Delhi - DPCC	/AQI Hourly/aqi_hourly_station_level_jahangirpuri,_delhi_-_dpcc_2025_March_delhi_2025.xlsx",Sheet1,"Jahangirpuri, Delhi - DPCC",04:00:00,31,1,3.23,False
"Jahangirpuri, Delhi - DPCC	/AQI Hourly/aqi_hourly_station_level_jahangirpuri,_delhi_-_dpcc_2025_March_delhi_2025.xlsx",Sheet1,"Jahangirpuri, Delhi - DPCC",05:00:00,31,1,3.23,False
"Jahangirpuri, Delhi - DPCC	/AQI Hourly/aqi_hourly_station_level_jahangirpuri,_delhi_-_dpcc_2025_March_delhi_2025.xlsx",Sheet1,"Jahangirpuri, Delhi - DPCC",06:00:00,31,0,0.0,False
"Jahangirpuri, Delhi - DPCC	/AQI Hourly/aqi_hourly_station_level_jahangirpuri,_delhi_-_dpcc_2025_March_delhi_2025.xlsx",Sheet1,"Jahangirpuri, Delhi - DPCC",07:00:00,31,0,0.0,False
"Jahangirpuri, Delhi - DPCC	/AQI Hourly/aqi_hourly_station_level_jahangirpuri,_delhi_-_dpcc_2025_March_delhi_2025.xlsx",Sheet1,"Jahangirpuri, Delhi - DPCC",08:00:00,31,0,0.0,False
"Jahangirpuri, Delhi - DPCC	/AQI Hourly/aqi_hourly_station_level_jahangirpuri,_delhi_-_dpcc_2025_March_delhi_2025.xlsx",Sheet1,"Jahangirpuri, Delhi - DPCC",09:00:00,31,0,0.0,False
"Jahangirpuri, Delhi - DPCC	/AQI Hourly/aqi_hourly_station_level_jahangirpuri,_delhi_-_dpcc_2025_March_delhi_2025.xlsx",Sheet1,"Jahangirpuri, Delhi - DPCC",10:00:00,31,0,0.0,False
"Jahangirpuri, Delhi - DPCC	/AQI Hourly/aqi_hourly_station_level_jahangirpuri,_delhi_-_dpcc_2025_March_delhi_2025.xlsx",Sheet1,"Jahangirpuri, Delhi - DPCC",11:00:00,31,1,3.23,False
"Jahangirpuri, Delhi - DPCC	/AQI Hourly/aqi_hourly_station_level_jahangirpuri,_delhi_-_dpcc_2025_March_delhi_2025.xlsx",Sheet1,"Jahangirpuri, Delhi - DPCC",12:00:00,31,0,0.0,False
"Jahangirpuri, Delhi - DPCC	/AQI Hourly/aqi_hourly_station_level_jahangirpuri,_delhi_-_dpcc_2025_March_delhi_2025.xlsx",Sheet1,"Jahangirpuri, Delhi - DPCC",13:00:00,31,0,0.0,False
"Jahangirpuri, Delhi - DPCC	/AQI Hourly/aqi_hourly_station_level_jahangirpuri,_delhi_-_dpcc_2025_March_delhi_2025.xlsx",Sheet1,"Jahangirpuri, Delhi - DPCC",14:00:00,31,0,0.0,False
"Jahangirpuri, Delhi - DPCC	/AQI Hourly/aqi_hourly_station_level_jahangirpuri,_delhi_-_dpcc_2025_March_delhi_2025.xlsx",Sheet1,"Jahangirpuri, Delhi - DPCC",15:00:00,31,1,3.23,False
"Jahangirpuri, Delhi - DPCC	/AQI Hourly/aqi_hourly_station_level_jahangirpuri,_delhi_-_dpcc_2025_March_delhi_2025.xlsx",Sheet1,"Jahangirpuri, Delhi - DPCC",16:00:00,31,0,0.0,False
"Jahangirpuri, Delhi - DPCC	/AQI Hourly/aqi_hourly_station_level_jahangirpuri,_delhi_-_dpcc_2025_March_delhi_2025.xlsx",Sheet1,"Jahangirpuri, Delhi - DPCC",17:00:00,31,0,0.0,False
"Jahangirpuri, Delhi - DPCC	/AQI Hourly/aqi_hourly_station_level_jahangirpuri,_delhi_-_dpcc_2025_March_delhi_2025.xlsx",Sheet1,"Jahangirpuri, Delhi - DPCC",18:00:00,31,0,0.0,False
"Jahangirpuri, Delhi - DPCC	/AQI Hourly/aqi_hourly_station_level_jahangirpuri,_delhi_-_dpcc_2025_March_delhi_2025.xlsx",Sheet1,"Jahangirpuri, Delhi - DPCC",19:00:00,31,0,0.0,False
"Jahangirpuri, Delhi - DPCC	/AQI Hourly/aqi_hourly_station_level_jahangirpuri,_delhi_-_dpcc_2025_March_delhi_2025.xlsx",Sheet1,"Jahangirpuri, Delhi - DPCC",20:00:00,31,0,0.0,False
"Jahangirpuri, Delhi - DPCC	/AQI Hourly/aqi_hourly_station_level_jahangirpuri,_delhi_-_dpcc_2025_March_delhi_2025.xlsx",Sheet1,"Jahangirpuri, Delhi - DPCC",21:00:00,31,0,0.0,False
"Jahangirpuri, Delhi - DPCC	/AQI Hourly/aqi_hourly_station_level_jahangirpuri,_delhi_-_dpcc_2025_March_delhi_2025.xlsx",Sheet1,"Jahangirpuri, Delhi - DPCC",22:00:00,31,1,3.23,False
"Jahangirpuri, Delhi - DPCC	/AQI Hourly/aqi_hourly_station_level_jahangirpuri,_delhi_-_dpcc_2025_March_delhi_2025.xlsx",Sheet1,"Jahangirpuri, Delhi - DPCC",23:00:00,31,1,3.23,False
"Jahangirpuri, Delhi - DPCC	/AQI Hourly/aqi_hourly_station_level_jahangirpuri,_delhi_-_dpcc_2025_May_delhi_2025.xlsx",Sheet1,"Jahangirpuri, Delhi - DPCC",Date,31,0,0.0,False
"Jahangirpuri, Delhi - DPCC	/AQI Hourly/aqi_hourly_station_level_jahangirpuri,_delhi_-_dpcc_2025_May_delhi_2025.xlsx",Sheet1,"Jahangirpuri, Delhi - DPCC",00:00:00,31,1,3.23,False
"Jahangirpuri, Delhi - DPCC	/AQI Hourly/aqi_hourly_station_level_jahangirpuri,_delhi_-_dpcc_2025_May_delhi_2025.xlsx",Sheet1,"Jahangirpuri, Delhi - DPCC",01:00:00,31,2,6.45,False
"Jahangirpuri, Delhi - DPCC	/AQI Hourly/aqi_hourly_station_level_jahangirpuri,_delhi_-_dpcc_2025_May_delhi_2025.xlsx",Sheet1,"Jahangirpuri, Delhi - DPCC",02:00:00,31,0,0.0,False
"Jahangirpuri, Delhi - DPCC	/AQI Hourly/aqi_hourly_station_level_jahangirpuri,_delhi_-_dpcc_2025_May_delhi_2025.xlsx",Sheet1,"Jahangirpuri, Delhi - DPCC",03:00:00,31,1,3.23,False
"Jahangirpuri, Delhi - DPCC	/AQI Hourly/aqi_hourly_station_level_jahangirpuri,_delhi_-_dpcc_2025_May_delhi_2025.xlsx",Sheet1,"Jahangirpuri, Delhi - DPCC",04:00:00,31,0,0.0,False
"Jahangirpuri, Delhi - DPCC	/AQI Hourly/aqi_hourly_station_level_jahangirpuri,_delhi_-_dpcc_2025_May_delhi_2025.xlsx",Sheet1,"Jahangirpuri, Delhi - DPCC",05:00:00,31,0,0.0,False
"Jahangirpuri, Delhi - DPCC	/AQI Hourly/aqi_hourly_station_level_jahangirpuri,_delhi_-_dpcc_2025_May_delhi_2025.xlsx",Sheet1,"Jahangirpuri, Delhi - DPCC",06:00:00,31,0,0.0,False
"Jahangirpuri, Delhi - DPCC	/AQI Hourly/aqi_hourly_station_level_jahangirpuri,_delhi_-_dpcc_2025_May_delhi_2025.xlsx",Sheet1,"Jahangirpuri, Delhi - DPCC",07:00:00,31,0,0.0,False
"Jahangirpuri, Delhi - DPCC	/AQI Hourly/aqi_hourly_station_level_jahangirpuri,_delhi_-_dpcc_2025_May_delhi_2025.xlsx",Sheet1,"Jahangirpuri, Delhi - DPCC",08:00:00,31,0,0.0,False
"Jahangirpuri, Delhi - DPCC	/AQI Hourly/aqi_hourly_station_level_jahangirpuri,_delhi_-_dpcc_2025_May_delhi_2025.xlsx",Sheet1,"Jahangirpuri, Delhi - DPCC",09:00:00,31,0,0.0,False
"Jahangirpuri, Delhi - DPCC	/AQI Hourly/aqi_hourly_station_level_jahangirpuri,_delhi_-_dpcc_2025_May_delhi_2025.xlsx",Sheet1,"Jahangirpuri, Delhi - DPCC",10:00:00,31,1,3.23,False
"Jahangirpuri, Delhi - DPCC	/AQI Hourly/aqi_hourly_station_level_jahangirpuri,_delhi_-_dpcc_2025_May_delhi_2025.xlsx",Sheet1,"Jahangirpuri, Delhi - DPCC",11:00:00,31,0,0.0,False
"Jahangirpuri, Delhi - DPCC	/AQI Hourly/aqi_hourly_station_level_jahangirpuri,_delhi_-_dpcc_2025_May_delhi_2025.xlsx",Sheet1,"Jahangirpuri, Delhi - DPCC",12:00:00,31,0,0.0,False
"Jahangirpuri, Delhi - DPCC	/AQI Hourly/aqi_hourly_station_level_jahangirpuri,_delhi_-_dpcc_2025_May_delhi_2025.xlsx",Sheet1,"Jahangirpuri, Delhi - DPCC",13:00:00,31,0,0.0,False
"Jahangirpuri, Delhi - DPCC	/AQI Hourly/aqi_hourly_station_level_jahangirpuri,_delhi_-_dpcc_2025_May_delhi_2025.xlsx",Sheet1,"Jahangirpuri, Delhi - DPCC",14:00:00,31,0,0.0,False
"Jahangirpuri, Delhi - DPCC	/AQI Hourly/aqi_hourly_station_level_jahangirpuri,_delhi_-_dpcc_2025_May_delhi_2025.xlsx",Sheet1,"Jahangirpuri, Delhi - DPCC",15:00:00,31,0,0.0,False
"Jahangirpuri, Delhi - DPCC	/AQI Hourly/aqi_hourly_station_level_jahangirpuri,_delhi_-_dpcc_2025_May_delhi_2025.xlsx",Sheet1,"Jahangirpuri, Delhi - DPCC",16:00:00,31,0,0.0,False
"Jahangirpuri, Delhi - DPCC	/AQI Hourly/aqi_hourly_station_level_jahangirpuri,_delhi_-_dpcc_2025_May_delhi_2025.xlsx",Sheet1,"Jahangirpuri, Delhi - DPCC",17:00:00,31,0,0.0,False
"Jahangirpuri, Delhi - DPCC	/AQI Hourly/aqi_hourly_station_level_jahangirpuri,_delhi_-_dpcc_2025_May_delhi_2025.xlsx",Sheet1,"Jahangirpuri, Delhi - DPCC",18:00:00,31,1,3.23,False
"Jahangirpuri, Delhi - DPCC	/AQI Hourly/aqi_hourly_station_level_jahangirpuri,_delhi_-_dpcc_2025_May_delhi_2025.xlsx",Sheet1,"Jahangirpuri, Delhi - DPCC",19:00:00,31,0,0.0,False
"Jahangirpuri, Delhi - DPCC	/AQI Hourly/aqi_hourly_station_level_jahangirpuri,_delhi_-_dpcc_2025_May_delhi_2025.xlsx",Sheet1,"Jahangirpuri, Delhi - DPCC",20:00:00,31,0,0.0,False
"Jahangirpuri, Delhi - DPCC	/AQI Hourly/aqi_hourly_station_level_jahangirpuri,_delhi_-_dpcc_2025_May_delhi_2025.xlsx",Sheet1,"Jahangirpuri, Delhi - DPCC",21:00:00,31,1,3.23,False
"Jahangirpuri, Delhi - DPCC	/AQI Hourly/aqi_hourly_station_level_jahangirpuri,_delhi_-_dpcc_2025_May_delhi_2025.xlsx",Sheet1,"Jahangirpuri, Delhi - DPCC",22:00:00,31,1,3.23,False
"Jahangirpuri, Delhi - DPCC	/AQI Hourly/aqi_hourly_station_level_jahangirpuri,_delhi_-_dpcc_2025_May_delhi_2025.xlsx",Sheet1,"Jahangirpuri, Delhi - DPCC",23:00:00,31,1,3.23,False
"Jahangirpuri, Delhi - DPCC	/AQI Hourly/aqi_hourly_station_level_jahangirpuri,_delhi_-_dpcc_2025_November_delhi_2025.xlsx",Sheet1,"Jahangirpuri, Delhi - DPCC",Date,30,0,0.0,False
"Jahangirpuri, Delhi - DPCC	/AQI Hourly/aqi_hourly_station_level_jahangirpuri,_delhi_-_dpcc_2025_November_delhi_2025.xlsx",Sheet1,"Jahangirpuri, Delhi - DPCC",00:00:00,30,2,6.67,False
"Jahangirpuri, Delhi - DPCC	/AQI Hourly/aqi_hourly_station_level_jahangirpuri,_delhi_-_dpcc_2025_November_delhi_2025.xlsx",Sheet1,"Jahangirpuri, Delhi - DPCC",01:00:00,30,1,3.33,False
"Jahangirpuri, Delhi - DPCC	/AQI Hourly/aqi_hourly_station_level_jahangirpuri,_delhi_-_dpcc_2025_November_delhi_2025.xlsx",Sheet1,"Jahangirpuri, Delhi - DPCC",02:00:00,30,2,6.67,False
"Jahangirpuri, Delhi - DPCC	/AQI Hourly/aqi_hourly_station_level_jahangirpuri,_delhi_-_dpcc_2025_November_delhi_2025.xlsx",Sheet1,"Jahangirpuri, Delhi - DPCC",03:00:00,30,1,3.33,False
"Jahangirpuri, Delhi - DPCC	/AQI Hourly/aqi_hourly_station_level_jahangirpuri,_delhi_-_dpcc_2025_November_delhi_2025.xlsx",Sheet1,"Jahangirpuri, Delhi - DPCC",04:00:00,30,0,0.0,False
"Jahangirpuri, Delhi - DPCC	/AQI Hourly/aqi_hourly_station_level_jahangirpuri,_delhi_-_dpcc_2025_November_delhi_2025.xlsx",Sheet1,"Jahangirpuri, Delhi - DPCC",05:00:00,30,0,0.0,False
"Jahangirpuri, Delhi - DPCC	/AQI Hourly/aqi_hourly_station_level_jahangirpuri,_delhi_-_dpcc_2025_November_delhi_2025.xlsx",Sheet1,"Jahangirpuri, Delhi - DPCC",06:00:00,30,1,3.33,False
"Jahangirpuri, Delhi - DPCC	/AQI Hourly/aqi_hourly_station_level_jahangirpuri,_delhi_-_dpcc_2025_November_delhi_2025.xlsx",Sheet1,"Jahangirpuri, Delhi - DPCC",07:00:00,30,0,0.0,False
"Jahangirpuri, Delhi - DPCC	/AQI Hourly/aqi_hourly_station_level_jahangirpuri,_delhi_-_dpcc_2025_November_delhi_2025.xlsx",Sheet1,"Jahangirpuri, Delhi - DPCC",08:00:00,30,0,0.0,False
"Jahangirpuri, Delhi - DPCC	/AQI Hourly/aqi_hourly_station_level_jahangirpuri,_delhi_-_dpcc_2025_November_delhi_2025.xlsx",Sheet1,"Jahangirpuri, Delhi - DPCC",09:00:00,30,0,0.0,False
"Jahangirpuri, Delhi - DPCC	/AQI Hourly/aqi_hourly_station_level_jahangirpuri,_delhi_-_dpcc_2025_November_delhi_2025.xlsx",Sheet1,"Jahangirpuri, Delhi - DPCC",10:00:00,30,0,0.0,False
"Jahangirpuri, Delhi - DPCC	/AQI Hourly/aqi_hourly_station_level_jahangirpuri,_delhi_-_dpcc_2025_November_delhi_2025.xlsx",Sheet1,"Jahangirpuri, Delhi - DPCC",11:00:00,30,1,3.33,False
"Jahangirpuri, Delhi - DPCC	/AQI Hourly/aqi_hourly_station_level_jahangirpuri,_delhi_-_dpcc_2025_November_delhi_2025.xlsx",Sheet1,"Jahangirpuri, Delhi - DPCC",12:00:00,30,1,3.33,False
"Jahangirpuri, Delhi - DPCC	/AQI Hourly/aqi_hourly_station_level_jahangirpuri,_delhi_-_dpcc_2025_November_delhi_2025.xlsx",Sheet1,"Jahangirpuri, Delhi - DPCC",13:00:00,30,1,3.33,False
"Jahangirpuri, Delhi - DPCC	/AQI Hourly/aqi_hourly_station_level_jahangirpuri,_delhi_-_dpcc_2025_November_delhi_2025.xlsx",Sheet1,"Jahangirpuri, Delhi - DPCC",14:00:00,30,1,3.33,False
"Jahangirpuri, Delhi - DPCC	/AQI Hourly/aqi_hourly_station_level_jahangirpuri,_delhi_-_dpcc_2025_November_delhi_2025.xlsx",Sheet1,"Jahangirpuri, Delhi - DPCC",15:00:00,30,1,3.33,False
"Jahangirpuri, Delhi - DPCC	/AQI Hourly/aqi_hourly_station_level_jahangirpuri,_delhi_-_dpcc_2025_November_delhi_2025.xlsx",Sheet1,"Jahangirpuri, Delhi - DPCC",16:00:00,30,1,3.33,False
"Jahangirpuri, Delhi - DPCC	/AQI Hourly/aqi_hourly_station_level_jahangirpuri,_delhi_-_dpcc_2025_November_delhi_2025.xlsx",Sheet1,"Jahangirpuri, Delhi - DPCC",17:00:00,30,1,3.33,False
"Jahangirpuri, Delhi - DPCC	/AQI Hourly/aqi_hourly_station_level_jahangirpuri,_delhi_-_dpcc_2025_November_delhi_2025.xlsx",Sheet1,"Jahangirpuri, Delhi - DPCC",18:00:00,30,1,3.33,False
"Jahangirpuri, Delhi - DPCC	/AQI Hourly/aqi_hourly_station_level_jahangirpuri,_delhi_-_dpcc_2025_November_delhi_2025.xlsx",Sheet1,"Jahangirpuri, Delhi - DPCC",19:00:00,30,1,3.33,False
"Jahangirpuri, Delhi - DPCC	/AQI Hourly/aqi_hourly_station_level_jahangirpuri,_delhi_-_dpcc_2025_November_delhi_2025.xlsx",Sheet1,"Jahangirpuri, Delhi - DPCC",20:00:00,30,1,3.33,False
"Jahangirpuri, Delhi - DPCC	/AQI Hourly/aqi_hourly_station_level_jahangirpuri,_delhi_-_dpcc_2025_November_delhi_2025.xlsx",Sheet1,"Jahangirpuri, Delhi - DPCC",21:00:00,30,1,3.33,False
"Jahangirpuri, Delhi - DPCC	/AQI Hourly/aqi_hourly_station_level_jahangirpuri,_delhi_-_dpcc_2025_November_delhi_2025.xlsx",Sheet1,"Jahangirpuri, Delhi - DPCC",22:00:00,30,1,3.33,False
"Jahangirpuri, Delhi - DPCC	/AQI Hourly/aqi_hourly_station_level_jahangirpuri,_delhi_-_dpcc_2025_November_delhi_2025.xlsx",Sheet1,"Jahangirpuri, Delhi - DPCC",23:00:00,30,1,3.33,False
"Jahangirpuri, Delhi - DPCC	/AQI Hourly/aqi_hourly_station_level_jahangirpuri,_delhi_-_dpcc_2025_October_delhi_2025.xlsx",Sheet1,"Jahangirpuri, Delhi - DPCC",Date,31,0,0.0,False
"Jahangirpuri, Delhi - DPCC	/AQI Hourly/aqi_hourly_station_level_jahangirpuri,_delhi_-_dpcc_2025_October_delhi_2025.xlsx",Sheet1,"Jahangirpuri, Delhi - DPCC",00:00:00,31,1,3.23,False
"Jahangirpuri, Delhi - DPCC	/AQI Hourly/aqi_hourly_station_level_jahangirpuri,_delhi_-_dpcc_2025_October_delhi_2025.xlsx",Sheet1,"Jahangirpuri, Delhi - DPCC",01:00:00,31,0,0.0,False
"Jahangirpuri, Delhi - DPCC	/AQI Hourly/aqi_hourly_station_level_jahangirpuri,_delhi_-_dpcc_2025_October_delhi_2025.xlsx",Sheet1,"Jahangirpuri, Delhi - DPCC",02:00:00,31,0,0.0,False
"Jahangirpuri, Delhi - DPCC	/AQI Hourly/aqi_hourly_station_level_jahangirpuri,_delhi_-_dpcc_2025_October_delhi_2025.xlsx",Sheet1,"Jahangirpuri, Delhi - DPCC",03:00:00,31,0,0.0,False
"Jahangirpuri, Delhi - DPCC	/AQI Hourly/aqi_hourly_station_level_jahangirpuri,_delhi_-_dpcc_2025_October_delhi_2025.xlsx",Sheet1,"Jahangirpuri, Delhi - DPCC",04:00:00,31,2,6.45,False
"Jahangirpuri, Delhi - DPCC	/AQI Hourly/aqi_hourly_station_level_jahangirpuri,_delhi_-_dpcc_2025_October_delhi_2025.xlsx",Sheet1,"Jahangirpuri, Delhi - DPCC",05:00:00,31,0,0.0,False
"Jahangirpuri, Delhi - DPCC	/AQI Hourly/aqi_hourly_station_level_jahangirpuri,_delhi_-_dpcc_2025_October_delhi_2025.xlsx",Sheet1,"Jahangirpuri, Delhi - DPCC",06:00:00,31,0,0.0,False
"Jahangirpuri, Delhi - DPCC	/AQI Hourly/aqi_hourly_station_level_jahangirpuri,_delhi_-_dpcc_2025_October_delhi_2025.xlsx",Sheet1,"Jahangirpuri, Delhi - DPCC",07:00:00,31,0,0.0,False
"Jahangirpuri, Delhi - DPCC	/AQI Hourly/aqi_hourly_station_level_jahangirpuri,_delhi_-_dpcc_2025_October_delhi_2025.xlsx",Sheet1,"Jahangirpuri, Delhi - DPCC",08:00:00,31,0,0.0,False
"Jahangirpuri, Delhi - DPCC	/AQI Hourly/aqi_hourly_station_level_jahangirpuri,_delhi_-_dpcc_2025_October_delhi_2025.xlsx",Sheet1,"Jahangirpuri, Delhi - DPCC",09:00:00,31,0,0.0,False
"Jahangirpuri, Delhi - DPCC	/AQI Hourly/aqi_hourly_station_level_jahangirpuri,_delhi_-_dpcc_2025_October_delhi_2025.xlsx",Sheet1,"Jahangirpuri, Delhi - DPCC",10:00:00,31,0,0.0,False
"Jahangirpuri, Delhi - DPCC	/AQI Hourly/aqi_hourly_station_level_jahangirpuri,_delhi_-_dpcc_2025_October_delhi_2025.xlsx",Sheet1,"Jahangirpuri, Delhi - DPCC",11:00:00,31,0,0.0,False
"Jahangirpuri, Delhi - DPCC	/AQI Hourly/aqi_hourly_station_level_jahangirpuri,_delhi_-_dpcc_2025_October_delhi_2025.xlsx",Sheet1,"Jahangirpuri, Delhi - DPCC",12:00:00,31,0,0.0,False
"Jahangirpuri, Delhi - DPCC	/AQI Hourly/aqi_hourly_station_level_jahangirpuri,_delhi_-_dpcc_2025_October_delhi_2025.xlsx",Sheet1,"Jahangirpuri, Delhi - DPCC",13:00:00,31,0,0.0,False
"Jahangirpuri, Delhi - DPCC	/AQI Hourly/aqi_hourly_station_level_jahangirpuri,_delhi_-_dpcc_2025_October_delhi_2025.xlsx",Sheet1,"Jahangirpuri, Delhi - DPCC",14:00:00,31,0,0.0,False
"Jahangirpuri, Delhi - DPCC	/AQI Hourly/aqi_hourly_station_level_jahangirpuri,_delhi_-_dpcc_2025_October_delhi_2025.xlsx",Sheet1,"Jahangirpuri, Delhi - DPCC",15:00:00,31,0,0.0,False
"Jahangirpuri, Delhi - DPCC	/AQI Hourly/aqi_hourly_station_level_jahangirpuri,_delhi_-_dpcc_2025_October_delhi_2025.xlsx",Sheet1,"Jahangirpuri, Delhi - DPCC",16:00:00,31,0,0.0,False
"Jahangirpuri, Delhi - DPCC	/AQI Hourly/aqi_hourly_station_level_jahangirpuri,_delhi_-_dpcc_2025_October_delhi_2025.xlsx",Sheet1,"Jahangirpuri, Delhi - DPCC",17:00:00,31,1,3.23,False
"Jahangirpuri, Delhi - DPCC	/AQI Hourly/aqi_hourly_station_level_jahangirpuri,_delhi_-_dpcc_2025_October_delhi_2025.xlsx",Sheet1,"Jahangirpuri, Delhi - DPCC",18:00:00,31,1,3.23,False
"Jahangirpuri, Delhi - DPCC	/AQI Hourly/aqi_hourly_station_level_jahangirpuri,_delhi_-_dpcc_2025_October_delhi_2025.xlsx",Sheet1,"Jahangirpuri, Delhi - DPCC",19:00:00,31,0,0.0,False
"Jahangirpuri, Delhi - DPCC	/AQI Hourly/aqi_hourly_station_level_jahangirpuri,_delhi_-_dpcc_2025_October_delhi_2025.xlsx",Sheet1,"Jahangirpuri, Delhi - DPCC",20:00:00,31,0,0.0,False
"Jahangirpuri, Delhi - DPCC	/AQI Hourly/aqi_hourly_station_level_jahangirpuri,_delhi_-_dpcc_2025_October_delhi_2025.xlsx",Sheet1,"Jahangirpuri, Delhi - DPCC",21:00:00,31,0,0.0,False
"Jahangirpuri, Delhi - DPCC	/AQI Hourly/aqi_hourly_station_level_jahangirpuri,_delhi_-_dpcc_2025_October_delhi_2025.xlsx",Sheet1,"Jahangirpuri, Delhi - DPCC",22:00:00,31,0,0.0,False
"Jahangirpuri, Delhi - DPCC	/AQI Hourly/aqi_hourly_station_level_jahangirpuri,_delhi_-_dpcc_2025_October_delhi_2025.xlsx",Sheet1,"Jahangirpuri, Delhi - DPCC",23:00:00,31,1,3.23,False
"Jahangirpuri, Delhi - DPCC	/AQI Hourly/aqi_hourly_station_level_jahangirpuri,_delhi_-_dpcc_2025_September_delhi_2025.xlsx",Sheet1,"Jahangirpuri, Delhi - DPCC",Date,30,0,0.0,False
"Jahangirpuri, Delhi - DPCC	/AQI Hourly/aqi_hourly_station_level_jahangirpuri,_delhi_-_dpcc_2025_September_delhi_2025.xlsx",Sheet1,"Jahangirpuri, Delhi - DPCC",00:00:00,30,1,3.33,False
"Jahangirpuri, Delhi - DPCC	/AQI Hourly/aqi_hourly_station_level_jahangirpuri,_delhi_-_dpcc_2025_September_delhi_2025.xlsx",Sheet1,"Jahangirpuri, Delhi - DPCC",01:00:00,30,2,6.67,False
"Jahangirpuri, Delhi - DPCC	/AQI Hourly/aqi_hourly_station_level_jahangirpuri,_delhi_-_dpcc_2025_September_delhi_2025.xlsx",Sheet1,"Jahangirpuri, Delhi - DPCC",02:00:00,30,3,10.0,False
"Jahangirpuri, Delhi - DPCC	/AQI Hourly/aqi_hourly_station_level_jahangirpuri,_delhi_-_dpcc_2025_September_delhi_2025.xlsx",Sheet1,"Jahangirpuri, Delhi - DPCC",03:00:00,30,3,10.0,False
"Jahangirpuri, Delhi - DPCC	/AQI Hourly/aqi_hourly_station_level_jahangirpuri,_delhi_-_dpcc_2025_September_delhi_2025.xlsx",Sheet1,"Jahangirpuri, Delhi - DPCC",04:00:00,30,2,6.67,False
"Jahangirpuri, Delhi - DPCC	/AQI Hourly/aqi_hourly_station_level_jahangirpuri,_delhi_-_dpcc_2025_September_delhi_2025.xlsx",Sheet1,"Jahangirpuri, Delhi - DPCC",05:00:00,30,2,6.67,False
"Jahangirpuri, Delhi - DPCC	/AQI Hourly/aqi_hourly_station_level_jahangirpuri,_delhi_-_dpcc_2025_September_delhi_2025.xlsx",Sheet1,"Jahangirpuri, Delhi - DPCC",06:00:00,30,1,3.33,False
"Jahangirpuri, Delhi - DPCC	/AQI Hourly/aqi_hourly_station_level_jahangirpuri,_delhi_-_dpcc_2025_September_delhi_2025.xlsx",Sheet1,"Jahangirpuri, Delhi - DPCC",07:00:00,30,1,3.33,False
"Jahangirpuri, Delhi - DPCC	/AQI Hourly/aqi_hourly_station_level_jahangirpuri,_delhi_-_dpcc_2025_September_delhi_2025.xlsx",Sheet1,"Jahangirpuri, Delhi - DPCC",08:00:00,30,1,3.33,False
"Jahangirpuri, Delhi - DPCC	/AQI Hourly/aqi_hourly_station_level_jahangirpuri,_delhi_-_dpcc_2025_September_delhi_2025.xlsx",Sheet1,"Jahangirpuri, Delhi - DPCC",09:00:00,30,1,3.33,False
"Jahangirpuri, Delhi - DPCC	/AQI Hourly/aqi_hourly_station_level_jahangirpuri,_delhi_-_dpcc_2025_September_delhi_2025.xlsx",Sheet1,"Jahangirpuri, Delhi - DPCC",10:00:00,30,2,6.67,False
"Jahangirpuri, Delhi - DPCC	/AQI Hourly/aqi_hourly_station_level_jahangirpuri,_delhi_-_dpcc_2025_September_delhi_2025.xlsx",Sheet1,"Jahangirpuri, Delhi - DPCC",11:00:00,30,2,6.67,False
"Jahangirpuri, Delhi - DPCC	/AQI Hourly/aqi_hourly_station_level_jahangirpuri,_delhi_-_dpcc_2025_September_delhi_2025.xlsx",Sheet1,"Jahangirpuri, Delhi - DPCC",12:00:00,30,2,6.67,False
"Jahangirpuri, Delhi - DPCC	/AQI Hourly/aqi_hourly_station_level_jahangirpuri,_delhi_-_dpcc_2025_September_delhi_2025.xlsx",Sheet1,"Jahangirpuri, Delhi - DPCC",13:00:00,30,1,3.33,False
"Jahangirpuri, Delhi - DPCC	/AQI Hourly/aqi_hourly_station_level_jahangirpuri,_delhi_-_dpcc_2025_September_delhi_2025.xlsx",Sheet1,"Jahangirpuri, Delhi - DPCC",14:00:00,30,1,3.33,False
"Jahangirpuri, Delhi - DPCC	/AQI Hourly/aqi_hourly_station_level_jahangirpuri,_delhi_-_dpcc_2025_September_delhi_2025.xlsx",Sheet1,"Jahangirpuri, Delhi - DPCC",15:00:00,30,1,3.33,False
"Jahangirpuri, Delhi - DPCC	/AQI Hourly/aqi_hourly_station_level_jahangirpuri,_delhi_-_dpcc_2025_September_delhi_2025.xlsx",Sheet1,"Jahangirpuri, Delhi - DPCC",16:00:00,30,1,3.33,False
"Jahangirpuri, Delhi - DPCC	/AQI Hourly/aqi_hourly_station_level_jahangirpuri,_delhi_-_dpcc_2025_September_delhi_2025.xlsx",Sheet1,"Jahangirpuri, Delhi - DPCC",17:00:00,30,1,3.33,False
"Jahangirpuri, Delhi - DPCC	/AQI Hourly/aqi_hourly_station_level_jahangirpuri,_delhi_-_dpcc_2025_September_delhi_2025.xlsx",Sheet1,"Jahangirpuri, Delhi - DPCC",18:00:00,30,2,6.67,False
"Jahangirpuri, Delhi - DPCC	/AQI Hourly/aqi_hourly_station_level_jahangirpuri,_delhi_-_dpcc_2025_September_delhi_2025.xlsx",Sheet1,"Jahangirpuri, Delhi - DPCC",19:00:00,30,1,3.33,False
"Jahangirpuri, Delhi - DPCC	/AQI Hourly/aqi_hourly_station_level_jahangirpuri,_delhi_-_dpcc_2025_September_delhi_2025.xlsx",Sheet1,"Jahangirpuri, Delhi - DPCC",20:00:00,30,1,3.33,False
"Jahangirpuri, Delhi - DPCC	/AQI Hourly/aqi_hourly_station_level_jahangirpuri,_delhi_-_dpcc_2025_September_delhi_2025.xlsx",Sheet1,"Jahangirpuri, Delhi - DPCC",21:00:00,30,1,3.33,False
"Jahangirpuri, Delhi - DPCC	/AQI Hourly/aqi_hourly_station_level_jahangirpuri,_delhi_-_dpcc_2025_September_delhi_2025.xlsx",Sheet1,"Jahangirpuri, Delhi - DPCC",22:00:00,30,1,3.33,False
"Jahangirpuri, Delhi - DPCC	/AQI Hourly/aqi_hourly_station_level_jahangirpuri,_delhi_-_dpcc_2025_September_delhi_2025.xlsx",Sheet1,"Jahangirpuri, Delhi - DPCC",23:00:00,30,2,6.67,False
"Jahangirpuri, Delhi - DPCC	/Raw Data/2024_raw_data_hourly_jahangirpuri,_delhi_-_dpcc_1H.csv",sheet1,"Jahangirpuri, Delhi - DPCC",Timestamp,8784,0,0.0,False
"Jahangirpuri, Delhi - DPCC	/Raw Data/2024_raw_data_hourly_jahangirpuri,_delhi_-_dpcc_1H.csv",sheet1,"Jahangirpuri, Delhi - DPCC",PM2.5 (µg/m³),8784,330,3.76,False
"Jahangirpuri, Delhi - DPCC	/Raw Data/2024_raw_data_hourly_jahangirpuri,_delhi_-_dpcc_1H.csv",sheet1,"Jahangirpuri, Delhi - DPCC",PM10 (µg/m³),8784,414,4.71,False
"Jahangirpuri, Delhi - DPCC	/Raw Data/2024_raw_data_hourly_jahangirpuri,_delhi_-_dpcc_1H.csv",sheet1,"Jahangirpuri, Delhi - DPCC",NO (µg/m³),8784,324,3.69,False
"Jahangirpuri, Delhi - DPCC	/Raw Data/2024_raw_data_hourly_jahangirpuri,_delhi_-_dpcc_1H.csv",sheet1,"Jahangirpuri, Delhi - DPCC",NO2 (µg/m³),8784,385,4.38,False
"Jahangirpuri, Delhi - DPCC	/Raw Data/2024_raw_data_hourly_jahangirpuri,_delhi_-_dpcc_1H.csv",sheet1,"Jahangirpuri, Delhi - DPCC",NOx (ppb),8784,299,3.4,False
"Jahangirpuri, Delhi - DPCC	/Raw Data/2024_raw_data_hourly_jahangirpuri,_delhi_-_dpcc_1H.csv",sheet1,"Jahangirpuri, Delhi - DPCC",NH3 (µg/m³),8784,497,5.66,False
"Jahangirpuri, Delhi - DPCC	/Raw Data/2024_raw_data_hourly_jahangirpuri,_delhi_-_dpcc_1H.csv",sheet1,"Jahangirpuri, Delhi - DPCC",SO2 (µg/m³),8784,476,5.42,False
"Jahangirpuri, Delhi - DPCC	/Raw Data/2024_raw_data_hourly_jahangirpuri,_delhi_-_dpcc_1H.csv",sheet1,"Jahangirpuri, Delhi - DPCC",CO (mg/m³),8784,339,3.86,False
"Jahangirpuri, Delhi - DPCC	/Raw Data/2024_raw_data_hourly_jahangirpuri,_delhi_-_dpcc_1H.csv",sheet1,"Jahangirpuri, Delhi - DPCC",Ozone (µg/m³),8784,347,3.95,False
"Jahangirpuri, Delhi - DPCC	/Raw Data/2024_raw_data_hourly_jahangirpuri,_delhi_-_dpcc_1H.csv",sheet1,"Jahangirpuri, Delhi - DPCC",Benzene (µg/m³),8784,530,6.03,False
"Jahangirpuri, Delhi - DPCC	/Raw Data/2024_raw_data_hourly_jahangirpuri,_delhi_-_dpcc_1H.csv",sheet1,"Jahangirpuri, Delhi - DPCC",Toluene (µg/m³),8784,460,5.24,False
"Jahangirpuri, Delhi - DPCC	/Raw Data/2024_raw_data_hourly_jahangirpuri,_delhi_-_dpcc_1H.csv",sheet1,"Jahangirpuri, Delhi - DPCC",Xylene (µg/m³),8784,8784,100.0,True
"Jahangirpuri, Delhi - DPCC	/Raw Data/2024_raw_data_hourly_jahangirpuri,_delhi_-_dpcc_1H.csv",sheet1,"Jahangirpuri, Delhi - DPCC",O Xylene (µg/m³),8784,8784,100.0,True
"Jahangirpuri, Delhi - DPCC	/Raw Data/2024_raw_data_hourly_jahangirpuri,_delhi_-_dpcc_1H.csv",sheet1,"Jahangirpuri, Delhi - DPCC",Eth-Benzene (µg/m³),8784,8784,100.0,True
"Jahangirpuri, Delhi - DPCC	/Raw Data/2024_raw_data_hourly_jahangirpuri,_delhi_-_dpcc_1H.csv",sheet1,"Jahangirpuri, Delhi - DPCC",MP-Xylene (µg/m³),8784,8784,100.0,True
"Jahangirpuri, Delhi - DPCC	/Raw Data/2024_raw_data_hourly_jahangirpuri,_delhi_-_dpcc_1H.csv",sheet1,"Jahangirpuri, Delhi - DPCC",AT (°C),8784,324,3.69,False
"Jahangirpuri, Delhi - DPCC	/Raw Data/2024_raw_data_hourly_jahangirpuri,_delhi_-_dpcc_1H.csv",sheet1,"Jahangirpuri, Delhi - DPCC",RH (%),8784,324,3.69,False
"Jahangirpuri, Delhi - DPCC	/Raw Data/2024_raw_data_hourly_jahangirpuri,_delhi_-_dpcc_1H.csv",sheet1,"Jahangirpuri, Delhi - DPCC",WS (m/s),8784,378,4.3,False
"Jahangirpuri, Delhi - DPCC	/Raw Data/2024_raw_data_hourly_jahangirpuri,_delhi_-_dpcc_1H.csv",sheet1,"Jahangirpuri, Delhi - DPCC",WD (deg),8784,401,4.57,False
"Jahangirpuri, Delhi - DPCC	/Raw Data/2024_raw_data_hourly_jahangirpuri,_delhi_-_dpcc_1H.csv",sheet1,"Jahangirpuri, Delhi - DPCC",RF (mm),8784,324,3.69,False
"Jahangirpuri, Delhi - DPCC	/Raw Data/2024_raw_data_hourly_jahangirpuri,_delhi_-_dpcc_1H.csv",sheet1,"Jahangirpuri, Delhi - DPCC",TOT-RF (mm),8784,0,0.0,False
"Jahangirpuri, Delhi - DPCC	/Raw Data/2024_raw_data_hourly_jahangirpuri,_delhi_-_dpcc_1H.csv",sheet1,"Jahangirpuri, Delhi - DPCC",SR (W/mt2),8784,324,3.69,False
"Jahangirpuri, Delhi - DPCC	/Raw Data/2024_raw_data_hourly_jahangirpuri,_delhi_-_dpcc_1H.csv",sheet1,"Jahangirpuri, Delhi - DPCC",BP (mmHg),8784,362,4.12,False
"Jahangirpuri, Delhi - DPCC	/Raw Data/2024_raw_data_hourly_jahangirpuri,_delhi_-_dpcc_1H.csv",sheet1,"Jahangirpuri, Delhi - DPCC",VWS (m/s),8784,8784,100.0,True
"Jahangirpuri, Delhi - DPCC	/Raw Data/2025_raw_data_hourly_jahangirpuri,_delhi_-_dpcc_1H.csv",sheet1,"Jahangirpuri, Delhi - DPCC",Timestamp,8760,0,0.0,False
"Jahangirpuri, Delhi - DPCC	/Raw Data/2025_raw_data_hourly_jahangirpuri,_delhi_-_dpcc_1H.csv",sheet1,"Jahangirpuri, Delhi - DPCC",PM2.5 (µg/m³),8760,388,4.43,False
"Jahangirpuri, Delhi - DPCC	/Raw Data/2025_raw_data_hourly_jahangirpuri,_delhi_-_dpcc_1H.csv",sheet1,"Jahangirpuri, Delhi - DPCC",PM10 (µg/m³),8760,372,4.25,False
"Jahangirpuri, Delhi - DPCC	/Raw Data/2025_raw_data_hourly_jahangirpuri,_delhi_-_dpcc_1H.csv",sheet1,"Jahangirpuri, Delhi - DPCC",NO (µg/m³),8760,204,2.33,False
"Jahangirpuri, Delhi - DPCC	/Raw Data/2025_raw_data_hourly_jahangirpuri,_delhi_-_dpcc_1H.csv",sheet1,"Jahangirpuri, Delhi - DPCC",NO2 (µg/m³),8760,201,2.29,False
"Jahangirpuri, Delhi - DPCC	/Raw Data/2025_raw_data_hourly_jahangirpuri,_delhi_-_dpcc_1H.csv",sheet1,"Jahangirpuri, Delhi - DPCC",NOx (ppb),8760,193,2.2,False
"Jahangirpuri, Delhi - DPCC	/Raw Data/2025_raw_data_hourly_jahangirpuri,_delhi_-_dpcc_1H.csv",sheet1,"Jahangirpuri, Delhi - DPCC",NH3 (µg/m³),8760,256,2.92,False
"Jahangirpuri, Delhi - DPCC	/Raw Data/2025_raw_data_hourly_jahangirpuri,_delhi_-_dpcc_1H.csv",sheet1,"Jahangirpuri, Delhi - DPCC",SO2 (µg/m³),8760,496,5.66,False
"Jahangirpuri, Delhi - DPCC	/Raw Data/2025_raw_data_hourly_jahangirpuri,_delhi_-_dpcc_1H.csv",sheet1,"Jahangirpuri, Delhi - DPCC",CO (mg/m³),8760,192,2.19,False
"Jahangirpuri, Delhi - DPCC	/Raw Data/2025_raw_data_hourly_jahangirpuri,_delhi_-_dpcc_1H.csv",sheet1,"Jahangirpuri, Delhi - DPCC",Ozone (µg/m³),8760,239,2.73,False
"Jahangirpuri, Delhi - DPCC	/Raw Data/2025_raw_data_hourly_jahangirpuri,_delhi_-_dpcc_1H.csv",sheet1,"Jahangirpuri, Delhi - DPCC",Benzene (µg/m³),8760,321,3.66,False
"Jahangirpuri, Delhi - DPCC	/Raw Data/2025_raw_data_hourly_jahangirpuri,_delhi_-_dpcc_1H.csv",sheet1,"Jahangirpuri, Delhi - DPCC",Toluene (µg/m³),8760,457,5.22,False
"Jahangirpuri, Delhi - DPCC	/Raw Data/2025_raw_data_hourly_jahangirpuri,_delhi_-_dpcc_1H.csv",sheet1,"Jahangirpuri, Delhi - DPCC",Xylene (µg/m³),8760,8760,100.0,True
"Jahangirpuri, Delhi - DPCC	/Raw Data/2025_raw_data_hourly_jahangirpuri,_delhi_-_dpcc_1H.csv",sheet1,"Jahangirpuri, Delhi - DPCC",O Xylene (µg/m³),8760,8760,100.0,True
"Jahangirpuri, Delhi - DPCC	/Raw Data/2025_raw_data_hourly_jahangirpuri,_delhi_-_dpcc_1H.csv",sheet1,"Jahangirpuri, Delhi - DPCC",Eth-Benzene (µg/m³),8760,8760,100.0,True
"Jahangirpuri, Delhi - DPCC	/Raw Data/2025_raw_data_hourly_jahangirpuri,_delhi_-_dpcc_1H.csv",sheet1,"Jahangirpuri, Delhi - DPCC",MP-Xylene (µg/m³),8760,8760,100.0,True
"Jahangirpuri, Delhi - DPCC	/Raw Data/2025_raw_data_hourly_jahangirpuri,_delhi_-_dpcc_1H.csv",sheet1,"Jahangirpuri, Delhi - DPCC",AT (°C),8760,227,2.59,False
"Jahangirpuri, Delhi - DPCC	/Raw Data/2025_raw_data_hourly_jahangirpuri,_delhi_-_dpcc_1H.csv",sheet1,"Jahangirpuri, Delhi - DPCC",RH (%),8760,213,2.43,False
"Jahangirpuri, Delhi - DPCC	/Raw Data/2025_raw_data_hourly_jahangirpuri,_delhi_-_dpcc_1H.csv",sheet1,"Jahangirpuri, Delhi - DPCC",WS (m/s),8760,330,3.77,False
"Jahangirpuri, Delhi - DPCC	/Raw Data/2025_raw_data_hourly_jahangirpuri,_delhi_-_dpcc_1H.csv",sheet1,"Jahangirpuri, Delhi - DPCC",WD (deg),8760,485,5.54,False
"Jahangirpuri, Delhi - DPCC	/Raw Data/2025_raw_data_hourly_jahangirpuri,_delhi_-_dpcc_1H.csv",sheet1,"Jahangirpuri, Delhi - DPCC",RF (mm),8760,213,2.43,False
"Jahangirpuri, Delhi - DPCC	/Raw Data/2025_raw_data_hourly_jahangirpuri,_delhi_-_dpcc_1H.csv",sheet1,"Jahangirpuri, Delhi - DPCC",TOT-RF (mm),8760,0,0.0,False
"Jahangirpuri, Delhi - DPCC	/Raw Data/2025_raw_data_hourly_jahangirpuri,_delhi_-_dpcc_1H.csv",sheet1,"Jahangirpuri, Delhi - DPCC",SR (W/mt2),8760,214,2.44,False
"Jahangirpuri, Delhi - DPCC	/Raw Data/2025_raw_data_hourly_jahangirpuri,_delhi_-_dpcc_1H.csv",sheet1,"Jahangirpuri, Delhi - DPCC",BP (mmHg),8760,214,2.44,False
"Jahangirpuri, Delhi - DPCC	/Raw Data/2025_raw_data_hourly_jahangirpuri,_delhi_-_dpcc_1H.csv",sheet1,"Jahangirpuri, Delhi - DPCC",VWS (m/s),8760,8760,100.0,True
"Jahangirpuri, Delhi - DPCC	/Raw Data/2026_raw_data_hourly_jahangirpuri,_delhi_-_dpcc_1H.csv",sheet1,"Jahangirpuri, Delhi - DPCC",Timestamp,5088,0,0.0,False
"Jahangirpuri, Delhi - DPCC	/Raw Data/2026_raw_data_hourly_jahangirpuri,_delhi_-_dpcc_1H.csv",sheet1,"Jahangirpuri, Delhi - DPCC",PM2.5 (µg/m³),5088,367,7.21,False
"Jahangirpuri, Delhi - DPCC	/Raw Data/2026_raw_data_hourly_jahangirpuri,_delhi_-_dpcc_1H.csv",sheet1,"Jahangirpuri, Delhi - DPCC",PM10 (µg/m³),5088,223,4.38,False
"Jahangirpuri, Delhi - DPCC	/Raw Data/2026_raw_data_hourly_jahangirpuri,_delhi_-_dpcc_1H.csv",sheet1,"Jahangirpuri, Delhi - DPCC",NO (µg/m³),5088,168,3.3,False
"Jahangirpuri, Delhi - DPCC	/Raw Data/2026_raw_data_hourly_jahangirpuri,_delhi_-_dpcc_1H.csv",sheet1,"Jahangirpuri, Delhi - DPCC",NO2 (µg/m³),5088,157,3.09,False
"Jahangirpuri, Delhi - DPCC	/Raw Data/2026_raw_data_hourly_jahangirpuri,_delhi_-_dpcc_1H.csv",sheet1,"Jahangirpuri, Delhi - DPCC",NOx (ppb),5088,156,3.07,False
"Jahangirpuri, Delhi - DPCC	/Raw Data/2026_raw_data_hourly_jahangirpuri,_delhi_-_dpcc_1H.csv",sheet1,"Jahangirpuri, Delhi - DPCC",NH3 (µg/m³),5088,171,3.36,False
"Jahangirpuri, Delhi - DPCC	/Raw Data/2026_raw_data_hourly_jahangirpuri,_delhi_-_dpcc_1H.csv",sheet1,"Jahangirpuri, Delhi - DPCC",SO2 (µg/m³),5088,185,3.64,False
"Jahangirpuri, Delhi - DPCC	/Raw Data/2026_raw_data_hourly_jahangirpuri,_delhi_-_dpcc_1H.csv",sheet1,"Jahangirpuri, Delhi - DPCC",CO (mg/m³),5088,208,4.09,False
"Jahangirpuri, Delhi - DPCC	/Raw Data/2026_raw_data_hourly_jahangirpuri,_delhi_-_dpcc_1H.csv",sheet1,"Jahangirpuri, Delhi - DPCC",Ozone (µg/m³),5088,162,3.18,False
"Jahangirpuri, Delhi - DPCC	/Raw Data/2026_raw_data_hourly_jahangirpuri,_delhi_-_dpcc_1H.csv",sheet1,"Jahangirpuri, Delhi - DPCC",Benzene (µg/m³),5088,169,3.32,False
"Jahangirpuri, Delhi - DPCC	/Raw Data/2026_raw_data_hourly_jahangirpuri,_delhi_-_dpcc_1H.csv",sheet1,"Jahangirpuri, Delhi - DPCC",Toluene (µg/m³),5088,167,3.28,False
"Jahangirpuri, Delhi - DPCC	/Raw Data/2026_raw_data_hourly_jahangirpuri,_delhi_-_dpcc_1H.csv",sheet1,"Jahangirpuri, Delhi - DPCC",Xylene (µg/m³),5088,5088,100.0,True
"Jahangirpuri, Delhi - DPCC	/Raw Data/2026_raw_data_hourly_jahangirpuri,_delhi_-_dpcc_1H.csv",sheet1,"Jahangirpuri, Delhi - DPCC",O Xylene (µg/m³),5088,685,13.46,False
"Jahangirpuri, Delhi - DPCC	/Raw Data/2026_raw_data_hourly_jahangirpuri,_delhi_-_dpcc_1H.csv",sheet1,"Jahangirpuri, Delhi - DPCC",Eth-Benzene (µg/m³),5088,685,13.46,False
"Jahangirpuri, Delhi - DPCC	/Raw Data/2026_raw_data_hourly_jahangirpuri,_delhi_-_dpcc_1H.csv",sheet1,"Jahangirpuri, Delhi - DPCC",MP-Xylene (µg/m³),5088,685,13.46,False
"Jahangirpuri, Delhi - DPCC	/Raw Data/2026_raw_data_hourly_jahangirpuri,_delhi_-_dpcc_1H.csv",sheet1,"Jahangirpuri, Delhi - DPCC",AT (°C),5088,160,3.14,False
"Jahangirpuri, Delhi - DPCC	/Raw Data/2026_raw_data_hourly_jahangirpuri,_delhi_-_dpcc_1H.csv",sheet1,"Jahangirpuri, Delhi - DPCC",RH (%),5088,160,3.14,False
"Jahangirpuri, Delhi - DPCC	/Raw Data/2026_raw_data_hourly_jahangirpuri,_delhi_-_dpcc_1H.csv",sheet1,"Jahangirpuri, Delhi - DPCC",WS (m/s),5088,160,3.14,False
"Jahangirpuri, Delhi - DPCC	/Raw Data/2026_raw_data_hourly_jahangirpuri,_delhi_-_dpcc_1H.csv",sheet1,"Jahangirpuri, Delhi - DPCC",WD (deg),5088,364,7.15,False
"Jahangirpuri, Delhi - DPCC	/Raw Data/2026_raw_data_hourly_jahangirpuri,_delhi_-_dpcc_1H.csv",sheet1,"Jahangirpuri, Delhi - DPCC",RF (mm),5088,159,3.12,False
"Jahangirpuri, Delhi - DPCC	/Raw Data/2026_raw_data_hourly_jahangirpuri,_delhi_-_dpcc_1H.csv",sheet1,"Jahangirpuri, Delhi - DPCC",TOT-RF (mm),5088,159,3.12,False
"Jahangirpuri, Delhi - DPCC	/Raw Data/2026_raw_data_hourly_jahangirpuri,_delhi_-_dpcc_1H.csv",sheet1,"Jahangirpuri, Delhi - DPCC",SR (W/mt2),5088,160,3.14,False
"Jahangirpuri, Delhi - DPCC	/Raw Data/2026_raw_data_hourly_jahangirpuri,_delhi_-_dpcc_1H.csv",sheet1,"Jahangirpuri, Delhi - DPCC",BP (mmHg),5088,160,3.14,False
"Jahangirpuri, Delhi - DPCC	/Raw Data/2026_raw_data_hourly_jahangirpuri,_delhi_-_dpcc_1H.csv",sheet1,"Jahangirpuri, Delhi - DPCC",VWS (m/s),5088,5088,100.0,True
"Punjabi Bagh, Delhi - DPCC/AQI Hourly/aqi_hourly_station_level_punjabi_bagh,_delhi_-_dpcc_2025_April_delhi_2025.xlsx",Sheet1,"Punjabi Bagh, Delhi - DPCC",Date,30,0,0.0,False
"Punjabi Bagh, Delhi - DPCC/AQI Hourly/aqi_hourly_station_level_punjabi_bagh,_delhi_-_dpcc_2025_April_delhi_2025.xlsx",Sheet1,"Punjabi Bagh, Delhi - DPCC",00:00:00,30,1,3.33,False
"Punjabi Bagh, Delhi - DPCC/AQI Hourly/aqi_hourly_station_level_punjabi_bagh,_delhi_-_dpcc_2025_April_delhi_2025.xlsx",Sheet1,"Punjabi Bagh, Delhi - DPCC",01:00:00,30,1,3.33,False
"Punjabi Bagh, Delhi - DPCC/AQI Hourly/aqi_hourly_station_level_punjabi_bagh,_delhi_-_dpcc_2025_April_delhi_2025.xlsx",Sheet1,"Punjabi Bagh, Delhi - DPCC",02:00:00,30,0,0.0,False
"Punjabi Bagh, Delhi - DPCC/AQI Hourly/aqi_hourly_station_level_punjabi_bagh,_delhi_-_dpcc_2025_April_delhi_2025.xlsx",Sheet1,"Punjabi Bagh, Delhi - DPCC",03:00:00,30,1,3.33,False
"Punjabi Bagh, Delhi - DPCC/AQI Hourly/aqi_hourly_station_level_punjabi_bagh,_delhi_-_dpcc_2025_April_delhi_2025.xlsx",Sheet1,"Punjabi Bagh, Delhi - DPCC",04:00:00,30,2,6.67,False
"Punjabi Bagh, Delhi - DPCC/AQI Hourly/aqi_hourly_station_level_punjabi_bagh,_delhi_-_dpcc_2025_April_delhi_2025.xlsx",Sheet1,"Punjabi Bagh, Delhi - DPCC",05:00:00,30,0,0.0,False
"Punjabi Bagh, Delhi - DPCC/AQI Hourly/aqi_hourly_station_level_punjabi_bagh,_delhi_-_dpcc_2025_April_delhi_2025.xlsx",Sheet1,"Punjabi Bagh, Delhi - DPCC",06:00:00,30,1,3.33,False
"Punjabi Bagh, Delhi - DPCC/AQI Hourly/aqi_hourly_station_level_punjabi_bagh,_delhi_-_dpcc_2025_April_delhi_2025.xlsx",Sheet1,"Punjabi Bagh, Delhi - DPCC",07:00:00,30,1,3.33,False
"Punjabi Bagh, Delhi - DPCC/AQI Hourly/aqi_hourly_station_level_punjabi_bagh,_delhi_-_dpcc_2025_April_delhi_2025.xlsx",Sheet1,"Punjabi Bagh, Delhi - DPCC",08:00:00,30,1,3.33,False
"Punjabi Bagh, Delhi - DPCC/AQI Hourly/aqi_hourly_station_level_punjabi_bagh,_delhi_-_dpcc_2025_April_delhi_2025.xlsx",Sheet1,"Punjabi Bagh, Delhi - DPCC",09:00:00,30,1,3.33,False
"Punjabi Bagh, Delhi - DPCC/AQI Hourly/aqi_hourly_station_level_punjabi_bagh,_delhi_-_dpcc_2025_April_delhi_2025.xlsx",Sheet1,"Punjabi Bagh, Delhi - DPCC",10:00:00,30,1,3.33,False
"Punjabi Bagh, Delhi - DPCC/AQI Hourly/aqi_hourly_station_level_punjabi_bagh,_delhi_-_dpcc_2025_April_delhi_2025.xlsx",Sheet1,"Punjabi Bagh, Delhi - DPCC",11:00:00,30,2,6.67,False
"Punjabi Bagh, Delhi - DPCC/AQI Hourly/aqi_hourly_station_level_punjabi_bagh,_delhi_-_dpcc_2025_April_delhi_2025.xlsx",Sheet1,"Punjabi Bagh, Delhi - DPCC",12:00:00,30,1,3.33,False
"Punjabi Bagh, Delhi - DPCC/AQI Hourly/aqi_hourly_station_level_punjabi_bagh,_delhi_-_dpcc_2025_April_delhi_2025.xlsx",Sheet1,"Punjabi Bagh, Delhi - DPCC",13:00:00,30,2,6.67,False
"Punjabi Bagh, Delhi - DPCC/AQI Hourly/aqi_hourly_station_level_punjabi_bagh,_delhi_-_dpcc_2025_April_delhi_2025.xlsx",Sheet1,"Punjabi Bagh, Delhi - DPCC",14:00:00,30,1,3.33,False
"Punjabi Bagh, Delhi - DPCC/AQI Hourly/aqi_hourly_station_level_punjabi_bagh,_delhi_-_dpcc_2025_April_delhi_2025.xlsx",Sheet1,"Punjabi Bagh, Delhi - DPCC",15:00:00,30,1,3.33,False
"Punjabi Bagh, Delhi - DPCC/AQI Hourly/aqi_hourly_station_level_punjabi_bagh,_delhi_-_dpcc_2025_April_delhi_2025.xlsx",Sheet1,"Punjabi Bagh, Delhi - DPCC",16:00:00,30,1,3.33,False
"Punjabi Bagh, Delhi - DPCC/AQI Hourly/aqi_hourly_station_level_punjabi_bagh,_delhi_-_dpcc_2025_April_delhi_2025.xlsx",Sheet1,"Punjabi Bagh, Delhi - DPCC",17:00:00,30,1,3.33,False
"Punjabi Bagh, Delhi - DPCC/AQI Hourly/aqi_hourly_station_level_punjabi_bagh,_delhi_-_dpcc_2025_April_delhi_2025.xlsx",Sheet1,"Punjabi Bagh, Delhi - DPCC",18:00:00,30,2,6.67,False
"Punjabi Bagh, Delhi - DPCC/AQI Hourly/aqi_hourly_station_level_punjabi_bagh,_delhi_-_dpcc_2025_April_delhi_2025.xlsx",Sheet1,"Punjabi Bagh, Delhi - DPCC",19:00:00,30,2,6.67,False
"Punjabi Bagh, Delhi - DPCC/AQI Hourly/aqi_hourly_station_level_punjabi_bagh,_delhi_-_dpcc_2025_April_delhi_2025.xlsx",Sheet1,"Punjabi Bagh, Delhi - DPCC",20:00:00,30,1,3.33,False
"Punjabi Bagh, Delhi - DPCC/AQI Hourly/aqi_hourly_station_level_punjabi_bagh,_delhi_-_dpcc_2025_April_delhi_2025.xlsx",Sheet1,"Punjabi Bagh, Delhi - DPCC",21:00:00,30,1,3.33,False
"Punjabi Bagh, Delhi - DPCC/AQI Hourly/aqi_hourly_station_level_punjabi_bagh,_delhi_-_dpcc_2025_April_delhi_2025.xlsx",Sheet1,"Punjabi Bagh, Delhi - DPCC",22:00:00,30,2,6.67,False
"Punjabi Bagh, Delhi - DPCC/AQI Hourly/aqi_hourly_station_level_punjabi_bagh,_delhi_-_dpcc_2025_April_delhi_2025.xlsx",Sheet1,"Punjabi Bagh, Delhi - DPCC",23:00:00,30,1,3.33,False
"Punjabi Bagh, Delhi - DPCC/AQI Hourly/aqi_hourly_station_level_punjabi_bagh,_delhi_-_dpcc_2025_August_delhi_2025.xlsx",Sheet1,"Punjabi Bagh, Delhi - DPCC",Date,31,0,0.0,False
"Punjabi Bagh, Delhi - DPCC/AQI Hourly/aqi_hourly_station_level_punjabi_bagh,_delhi_-_dpcc_2025_August_delhi_2025.xlsx",Sheet1,"Punjabi Bagh, Delhi - DPCC",00:00:00,31,8,25.81,False
"Punjabi Bagh, Delhi - DPCC/AQI Hourly/aqi_hourly_station_level_punjabi_bagh,_delhi_-_dpcc_2025_August_delhi_2025.xlsx",Sheet1,"Punjabi Bagh, Delhi - DPCC",01:00:00,31,7,22.58,False
"Punjabi Bagh, Delhi - DPCC/AQI Hourly/aqi_hourly_station_level_punjabi_bagh,_delhi_-_dpcc_2025_August_delhi_2025.xlsx",Sheet1,"Punjabi Bagh, Delhi - DPCC",02:00:00,31,7,22.58,False
"Punjabi Bagh, Delhi - DPCC/AQI Hourly/aqi_hourly_station_level_punjabi_bagh,_delhi_-_dpcc_2025_August_delhi_2025.xlsx",Sheet1,"Punjabi Bagh, Delhi - DPCC",03:00:00,31,9,29.03,False
"Punjabi Bagh, Delhi - DPCC/AQI Hourly/aqi_hourly_station_level_punjabi_bagh,_delhi_-_dpcc_2025_August_delhi_2025.xlsx",Sheet1,"Punjabi Bagh, Delhi - DPCC",04:00:00,31,5,16.13,False
"Punjabi Bagh, Delhi - DPCC/AQI Hourly/aqi_hourly_station_level_punjabi_bagh,_delhi_-_dpcc_2025_August_delhi_2025.xlsx",Sheet1,"Punjabi Bagh, Delhi - DPCC",05:00:00,31,5,16.13,False
"Punjabi Bagh, Delhi - DPCC/AQI Hourly/aqi_hourly_station_level_punjabi_bagh,_delhi_-_dpcc_2025_August_delhi_2025.xlsx",Sheet1,"Punjabi Bagh, Delhi - DPCC",06:00:00,31,4,12.9,False
"Punjabi Bagh, Delhi - DPCC/AQI Hourly/aqi_hourly_station_level_punjabi_bagh,_delhi_-_dpcc_2025_August_delhi_2025.xlsx",Sheet1,"Punjabi Bagh, Delhi - DPCC",07:00:00,31,4,12.9,False
"Punjabi Bagh, Delhi - DPCC/AQI Hourly/aqi_hourly_station_level_punjabi_bagh,_delhi_-_dpcc_2025_August_delhi_2025.xlsx",Sheet1,"Punjabi Bagh, Delhi - DPCC",08:00:00,31,3,9.68,False
"Punjabi Bagh, Delhi - DPCC/AQI Hourly/aqi_hourly_station_level_punjabi_bagh,_delhi_-_dpcc_2025_August_delhi_2025.xlsx",Sheet1,"Punjabi Bagh, Delhi - DPCC",09:00:00,31,4,12.9,False
"Punjabi Bagh, Delhi - DPCC/AQI Hourly/aqi_hourly_station_level_punjabi_bagh,_delhi_-_dpcc_2025_August_delhi_2025.xlsx",Sheet1,"Punjabi Bagh, Delhi - DPCC",10:00:00,31,4,12.9,False
"Punjabi Bagh, Delhi - DPCC/AQI Hourly/aqi_hourly_station_level_punjabi_bagh,_delhi_-_dpcc_2025_August_delhi_2025.xlsx",Sheet1,"Punjabi Bagh, Delhi - DPCC",11:00:00,31,3,9.68,False
"Punjabi Bagh, Delhi - DPCC/AQI Hourly/aqi_hourly_station_level_punjabi_bagh,_delhi_-_dpcc_2025_August_delhi_2025.xlsx",Sheet1,"Punjabi Bagh, Delhi - DPCC",12:00:00,31,4,12.9,False
"Punjabi Bagh, Delhi - DPCC/AQI Hourly/aqi_hourly_station_level_punjabi_bagh,_delhi_-_dpcc_2025_August_delhi_2025.xlsx",Sheet1,"Punjabi Bagh, Delhi - DPCC",13:00:00,31,4,12.9,False
"Punjabi Bagh, Delhi - DPCC/AQI Hourly/aqi_hourly_station_level_punjabi_bagh,_delhi_-_dpcc_2025_August_delhi_2025.xlsx",Sheet1,"Punjabi Bagh, Delhi - DPCC",14:00:00,31,3,9.68,False
"Punjabi Bagh, Delhi - DPCC/AQI Hourly/aqi_hourly_station_level_punjabi_bagh,_delhi_-_dpcc_2025_August_delhi_2025.xlsx",Sheet1,"Punjabi Bagh, Delhi - DPCC",15:00:00,31,3,9.68,False
"Punjabi Bagh, Delhi - DPCC/AQI Hourly/aqi_hourly_station_level_punjabi_bagh,_delhi_-_dpcc_2025_August_delhi_2025.xlsx",Sheet1,"Punjabi Bagh, Delhi - DPCC",16:00:00,31,4,12.9,False
"Punjabi Bagh, Delhi - DPCC/AQI Hourly/aqi_hourly_station_level_punjabi_bagh,_delhi_-_dpcc_2025_August_delhi_2025.xlsx",Sheet1,"Punjabi Bagh, Delhi - DPCC",17:00:00,31,4,12.9,False
"Punjabi Bagh, Delhi - DPCC/AQI Hourly/aqi_hourly_station_level_punjabi_bagh,_delhi_-_dpcc_2025_August_delhi_2025.xlsx",Sheet1,"Punjabi Bagh, Delhi - DPCC",18:00:00,31,5,16.13,False
"Punjabi Bagh, Delhi - DPCC/AQI Hourly/aqi_hourly_station_level_punjabi_bagh,_delhi_-_dpcc_2025_August_delhi_2025.xlsx",Sheet1,"Punjabi Bagh, Delhi - DPCC",19:00:00,31,4,12.9,False
"Punjabi Bagh, Delhi - DPCC/AQI Hourly/aqi_hourly_station_level_punjabi_bagh,_delhi_-_dpcc_2025_August_delhi_2025.xlsx",Sheet1,"Punjabi Bagh, Delhi - DPCC",20:00:00,31,4,12.9,False
"Punjabi Bagh, Delhi - DPCC/AQI Hourly/aqi_hourly_station_level_punjabi_bagh,_delhi_-_dpcc_2025_August_delhi_2025.xlsx",Sheet1,"Punjabi Bagh, Delhi - DPCC",21:00:00,31,5,16.13,False
"Punjabi Bagh, Delhi - DPCC/AQI Hourly/aqi_hourly_station_level_punjabi_bagh,_delhi_-_dpcc_2025_August_delhi_2025.xlsx",Sheet1,"Punjabi Bagh, Delhi - DPCC",22:00:00,31,6,19.35,False
"Punjabi Bagh, Delhi - DPCC/AQI Hourly/aqi_hourly_station_level_punjabi_bagh,_delhi_-_dpcc_2025_August_delhi_2025.xlsx",Sheet1,"Punjabi Bagh, Delhi - DPCC",23:00:00,31,8,25.81,False
"Punjabi Bagh, Delhi - DPCC/AQI Hourly/aqi_hourly_station_level_punjabi_bagh,_delhi_-_dpcc_2025_December_delhi_2025.xlsx",Sheet1,"Punjabi Bagh, Delhi - DPCC",Date,31,0,0.0,False
"Punjabi Bagh, Delhi - DPCC/AQI Hourly/aqi_hourly_station_level_punjabi_bagh,_delhi_-_dpcc_2025_December_delhi_2025.xlsx",Sheet1,"Punjabi Bagh, Delhi - DPCC",00:00:00,31,0,0.0,False
"Punjabi Bagh, Delhi - DPCC/AQI Hourly/aqi_hourly_station_level_punjabi_bagh,_delhi_-_dpcc_2025_December_delhi_2025.xlsx",Sheet1,"Punjabi Bagh, Delhi - DPCC",01:00:00,31,0,0.0,False
"Punjabi Bagh, Delhi - DPCC/AQI Hourly/aqi_hourly_station_level_punjabi_bagh,_delhi_-_dpcc_2025_December_delhi_2025.xlsx",Sheet1,"Punjabi Bagh, Delhi - DPCC",02:00:00,31,0,0.0,False
"Punjabi Bagh, Delhi - DPCC/AQI Hourly/aqi_hourly_station_level_punjabi_bagh,_delhi_-_dpcc_2025_December_delhi_2025.xlsx",Sheet1,"Punjabi Bagh, Delhi - DPCC",03:00:00,31,0,0.0,False
"Punjabi Bagh, Delhi - DPCC/AQI Hourly/aqi_hourly_station_level_punjabi_bagh,_delhi_-_dpcc_2025_December_delhi_2025.xlsx",Sheet1,"Punjabi Bagh, Delhi - DPCC",04:00:00,31,0,0.0,False
"Punjabi Bagh, Delhi - DPCC/AQI Hourly/aqi_hourly_station_level_punjabi_bagh,_delhi_-_dpcc_2025_December_delhi_2025.xlsx",Sheet1,"Punjabi Bagh, Delhi - DPCC",05:00:00,31,0,0.0,False
"Punjabi Bagh, Delhi - DPCC/AQI Hourly/aqi_hourly_station_level_punjabi_bagh,_delhi_-_dpcc_2025_December_delhi_2025.xlsx",Sheet1,"Punjabi Bagh, Delhi - DPCC",06:00:00,31,0,0.0,False
"Punjabi Bagh, Delhi - DPCC/AQI Hourly/aqi_hourly_station_level_punjabi_bagh,_delhi_-_dpcc_2025_December_delhi_2025.xlsx",Sheet1,"Punjabi Bagh, Delhi - DPCC",07:00:00,31,1,3.23,False
"Punjabi Bagh, Delhi - DPCC/AQI Hourly/aqi_hourly_station_level_punjabi_bagh,_delhi_-_dpcc_2025_December_delhi_2025.xlsx",Sheet1,"Punjabi Bagh, Delhi - DPCC",08:00:00,31,0,0.0,False
"Punjabi Bagh, Delhi - DPCC/AQI Hourly/aqi_hourly_station_level_punjabi_bagh,_delhi_-_dpcc_2025_December_delhi_2025.xlsx",Sheet1,"Punjabi Bagh, Delhi - DPCC",09:00:00,31,0,0.0,False
"Punjabi Bagh, Delhi - DPCC/AQI Hourly/aqi_hourly_station_level_punjabi_bagh,_delhi_-_dpcc_2025_December_delhi_2025.xlsx",Sheet1,"Punjabi Bagh, Delhi - DPCC",10:00:00,31,0,0.0,False
"Punjabi Bagh, Delhi - DPCC/AQI Hourly/aqi_hourly_station_level_punjabi_bagh,_delhi_-_dpcc_2025_December_delhi_2025.xlsx",Sheet1,"Punjabi Bagh, Delhi - DPCC",11:00:00,31,0,0.0,False
"Punjabi Bagh, Delhi - DPCC/AQI Hourly/aqi_hourly_station_level_punjabi_bagh,_delhi_-_dpcc_2025_December_delhi_2025.xlsx",Sheet1,"Punjabi Bagh, Delhi - DPCC",12:00:00,31,0,0.0,False
"Punjabi Bagh, Delhi - DPCC/AQI Hourly/aqi_hourly_station_level_punjabi_bagh,_delhi_-_dpcc_2025_December_delhi_2025.xlsx",Sheet1,"Punjabi Bagh, Delhi - DPCC",13:00:00,31,0,0.0,False
"Punjabi Bagh, Delhi - DPCC/AQI Hourly/aqi_hourly_station_level_punjabi_bagh,_delhi_-_dpcc_2025_December_delhi_2025.xlsx",Sheet1,"Punjabi Bagh, Delhi - DPCC",14:00:00,31,0,0.0,False
"Punjabi Bagh, Delhi - DPCC/AQI Hourly/aqi_hourly_station_level_punjabi_bagh,_delhi_-_dpcc_2025_December_delhi_2025.xlsx",Sheet1,"Punjabi Bagh, Delhi - DPCC",15:00:00,31,0,0.0,False
"Punjabi Bagh, Delhi - DPCC/AQI Hourly/aqi_hourly_station_level_punjabi_bagh,_delhi_-_dpcc_2025_December_delhi_2025.xlsx",Sheet1,"Punjabi Bagh, Delhi - DPCC",16:00:00,31,0,0.0,False
"Punjabi Bagh, Delhi - DPCC/AQI Hourly/aqi_hourly_station_level_punjabi_bagh,_delhi_-_dpcc_2025_December_delhi_2025.xlsx",Sheet1,"Punjabi Bagh, Delhi - DPCC",17:00:00,31,0,0.0,False
"Punjabi Bagh, Delhi - DPCC/AQI Hourly/aqi_hourly_station_level_punjabi_bagh,_delhi_-_dpcc_2025_December_delhi_2025.xlsx",Sheet1,"Punjabi Bagh, Delhi - DPCC",18:00:00,31,0,0.0,False
"Punjabi Bagh, Delhi - DPCC/AQI Hourly/aqi_hourly_station_level_punjabi_bagh,_delhi_-_dpcc_2025_December_delhi_2025.xlsx",Sheet1,"Punjabi Bagh, Delhi - DPCC",19:00:00,31,0,0.0,False
"Punjabi Bagh, Delhi - DPCC/AQI Hourly/aqi_hourly_station_level_punjabi_bagh,_delhi_-_dpcc_2025_December_delhi_2025.xlsx",Sheet1,"Punjabi Bagh, Delhi - DPCC",20:00:00,31,1,3.23,False
"Punjabi Bagh, Delhi - DPCC/AQI Hourly/aqi_hourly_station_level_punjabi_bagh,_delhi_-_dpcc_2025_December_delhi_2025.xlsx",Sheet1,"Punjabi Bagh, Delhi - DPCC",21:00:00,31,0,0.0,False
"Punjabi Bagh, Delhi - DPCC/AQI Hourly/aqi_hourly_station_level_punjabi_bagh,_delhi_-_dpcc_2025_December_delhi_2025.xlsx",Sheet1,"Punjabi Bagh, Delhi - DPCC",22:00:00,31,0,0.0,False
"Punjabi Bagh, Delhi - DPCC/AQI Hourly/aqi_hourly_station_level_punjabi_bagh,_delhi_-_dpcc_2025_December_delhi_2025.xlsx",Sheet1,"Punjabi Bagh, Delhi - DPCC",23:00:00,31,0,0.0,False
"Punjabi Bagh, Delhi - DPCC/AQI Hourly/aqi_hourly_station_level_punjabi_bagh,_delhi_-_dpcc_2025_February_delhi_2025.xlsx",Sheet1,"Punjabi Bagh, Delhi - DPCC",Date,28,0,0.0,False
"Punjabi Bagh, Delhi - DPCC/AQI Hourly/aqi_hourly_station_level_punjabi_bagh,_delhi_-_dpcc_2025_February_delhi_2025.xlsx",Sheet1,"Punjabi Bagh, Delhi - DPCC",00:00:00,28,1,3.57,False
"Punjabi Bagh, Delhi - DPCC/AQI Hourly/aqi_hourly_station_level_punjabi_bagh,_delhi_-_dpcc_2025_February_delhi_2025.xlsx",Sheet1,"Punjabi Bagh, Delhi - DPCC",01:00:00,28,1,3.57,False
"Punjabi Bagh, Delhi - DPCC/AQI Hourly/aqi_hourly_station_level_punjabi_bagh,_delhi_-_dpcc_2025_February_delhi_2025.xlsx",Sheet1,"Punjabi Bagh, Delhi - DPCC",02:00:00,28,0,0.0,False
"Punjabi Bagh, Delhi - DPCC/AQI Hourly/aqi_hourly_station_level_punjabi_bagh,_delhi_-_dpcc_2025_February_delhi_2025.xlsx",Sheet1,"Punjabi Bagh, Delhi - DPCC",03:00:00,28,0,0.0,False
"Punjabi Bagh, Delhi - DPCC/AQI Hourly/aqi_hourly_station_level_punjabi_bagh,_delhi_-_dpcc_2025_February_delhi_2025.xlsx",Sheet1,"Punjabi Bagh, Delhi - DPCC",04:00:00,28,0,0.0,False
"Punjabi Bagh, Delhi - DPCC/AQI Hourly/aqi_hourly_station_level_punjabi_bagh,_delhi_-_dpcc_2025_February_delhi_2025.xlsx",Sheet1,"Punjabi Bagh, Delhi - DPCC",05:00:00,28,0,0.0,False
"Punjabi Bagh, Delhi - DPCC/AQI Hourly/aqi_hourly_station_level_punjabi_bagh,_delhi_-_dpcc_2025_February_delhi_2025.xlsx",Sheet1,"Punjabi Bagh, Delhi - DPCC",06:00:00,28,0,0.0,False
"Punjabi Bagh, Delhi - DPCC/AQI Hourly/aqi_hourly_station_level_punjabi_bagh,_delhi_-_dpcc_2025_February_delhi_2025.xlsx",Sheet1,"Punjabi Bagh, Delhi - DPCC",07:00:00,28,0,0.0,False
"Punjabi Bagh, Delhi - DPCC/AQI Hourly/aqi_hourly_station_level_punjabi_bagh,_delhi_-_dpcc_2025_February_delhi_2025.xlsx",Sheet1,"Punjabi Bagh, Delhi - DPCC",08:00:00,28,0,0.0,False
"Punjabi Bagh, Delhi - DPCC/AQI Hourly/aqi_hourly_station_level_punjabi_bagh,_delhi_-_dpcc_2025_February_delhi_2025.xlsx",Sheet1,"Punjabi Bagh, Delhi - DPCC",09:00:00,28,0,0.0,False
"Punjabi Bagh, Delhi - DPCC/AQI Hourly/aqi_hourly_station_level_punjabi_bagh,_delhi_-_dpcc_2025_February_delhi_2025.xlsx",Sheet1,"Punjabi Bagh, Delhi - DPCC",10:00:00,28,1,3.57,False
"Punjabi Bagh, Delhi - DPCC/AQI Hourly/aqi_hourly_station_level_punjabi_bagh,_delhi_-_dpcc_2025_February_delhi_2025.xlsx",Sheet1,"Punjabi Bagh, Delhi - DPCC",11:00:00,28,1,3.57,False
"Punjabi Bagh, Delhi - DPCC/AQI Hourly/aqi_hourly_station_level_punjabi_bagh,_delhi_-_dpcc_2025_February_delhi_2025.xlsx",Sheet1,"Punjabi Bagh, Delhi - DPCC",12:00:00,28,1,3.57,False
"Punjabi Bagh, Delhi - DPCC/AQI Hourly/aqi_hourly_station_level_punjabi_bagh,_delhi_-_dpcc_2025_February_delhi_2025.xlsx",Sheet1,"Punjabi Bagh, Delhi - DPCC",13:00:00,28,1,3.57,False
"Punjabi Bagh, Delhi - DPCC/AQI Hourly/aqi_hourly_station_level_punjabi_bagh,_delhi_-_dpcc_2025_February_delhi_2025.xlsx",Sheet1,"Punjabi Bagh, Delhi - DPCC",14:00:00,28,1,3.57,False
"Punjabi Bagh, Delhi - DPCC/AQI Hourly/aqi_hourly_station_level_punjabi_bagh,_delhi_-_dpcc_2025_February_delhi_2025.xlsx",Sheet1,"Punjabi Bagh, Delhi - DPCC",15:00:00,28,1,3.57,False
"Punjabi Bagh, Delhi - DPCC/AQI Hourly/aqi_hourly_station_level_punjabi_bagh,_delhi_-_dpcc_2025_February_delhi_2025.xlsx",Sheet1,"Punjabi Bagh, Delhi - DPCC",16:00:00,28,1,3.57,False
"Punjabi Bagh, Delhi - DPCC/AQI Hourly/aqi_hourly_station_level_punjabi_bagh,_delhi_-_dpcc_2025_February_delhi_2025.xlsx",Sheet1,"Punjabi Bagh, Delhi - DPCC",17:00:00,28,1,3.57,False
"Punjabi Bagh, Delhi - DPCC/AQI Hourly/aqi_hourly_station_level_punjabi_bagh,_delhi_-_dpcc_2025_February_delhi_2025.xlsx",Sheet1,"Punjabi Bagh, Delhi - DPCC",18:00:00,28,1,3.57,False
"Punjabi Bagh, Delhi - DPCC/AQI Hourly/aqi_hourly_station_level_punjabi_bagh,_delhi_-_dpcc_2025_February_delhi_2025.xlsx",Sheet1,"Punjabi Bagh, Delhi - DPCC",19:00:00,28,1,3.57,False
"Punjabi Bagh, Delhi - DPCC/AQI Hourly/aqi_hourly_station_level_punjabi_bagh,_delhi_-_dpcc_2025_February_delhi_2025.xlsx",Sheet1,"Punjabi Bagh, Delhi - DPCC",20:00:00,28,1,3.57,False
"Punjabi Bagh, Delhi - DPCC/AQI Hourly/aqi_hourly_station_level_punjabi_bagh,_delhi_-_dpcc_2025_February_delhi_2025.xlsx",Sheet1,"Punjabi Bagh, Delhi - DPCC",21:00:00,28,1,3.57,False
"Punjabi Bagh, Delhi - DPCC/AQI Hourly/aqi_hourly_station_level_punjabi_bagh,_delhi_-_dpcc_2025_February_delhi_2025.xlsx",Sheet1,"Punjabi Bagh, Delhi - DPCC",22:00:00,28,1,3.57,False
"Punjabi Bagh, Delhi - DPCC/AQI Hourly/aqi_hourly_station_level_punjabi_bagh,_delhi_-_dpcc_2025_February_delhi_2025.xlsx",Sheet1,"Punjabi Bagh, Delhi - DPCC",23:00:00,28,1,3.57,False
"Punjabi Bagh, Delhi - DPCC/AQI Hourly/aqi_hourly_station_level_punjabi_bagh,_delhi_-_dpcc_2025_January_delhi_2025.xlsx",Sheet1,"Punjabi Bagh, Delhi - DPCC",Date,31,0,0.0,False
"Punjabi Bagh, Delhi - DPCC/AQI Hourly/aqi_hourly_station_level_punjabi_bagh,_delhi_-_dpcc_2025_January_delhi_2025.xlsx",Sheet1,"Punjabi Bagh, Delhi - DPCC",00:00:00,31,18,58.06,False
"Punjabi Bagh, Delhi - DPCC/AQI Hourly/aqi_hourly_station_level_punjabi_bagh,_delhi_-_dpcc_2025_January_delhi_2025.xlsx",Sheet1,"Punjabi Bagh, Delhi - DPCC",01:00:00,31,18,58.06,False
"Punjabi Bagh, Delhi - DPCC/AQI Hourly/aqi_hourly_station_level_punjabi_bagh,_delhi_-_dpcc_2025_January_delhi_2025.xlsx",Sheet1,"Punjabi Bagh, Delhi - DPCC",02:00:00,31,18,58.06,False
"Punjabi Bagh, Delhi - DPCC/AQI Hourly/aqi_hourly_station_level_punjabi_bagh,_delhi_-_dpcc_2025_January_delhi_2025.xlsx",Sheet1,"Punjabi Bagh, Delhi - DPCC",03:00:00,31,18,58.06,False
"Punjabi Bagh, Delhi - DPCC/AQI Hourly/aqi_hourly_station_level_punjabi_bagh,_delhi_-_dpcc_2025_January_delhi_2025.xlsx",Sheet1,"Punjabi Bagh, Delhi - DPCC",04:00:00,31,17,54.84,False
"Punjabi Bagh, Delhi - DPCC/AQI Hourly/aqi_hourly_station_level_punjabi_bagh,_delhi_-_dpcc_2025_January_delhi_2025.xlsx",Sheet1,"Punjabi Bagh, Delhi - DPCC",05:00:00,31,16,51.61,False
"Punjabi Bagh, Delhi - DPCC/AQI Hourly/aqi_hourly_station_level_punjabi_bagh,_delhi_-_dpcc_2025_January_delhi_2025.xlsx",Sheet1,"Punjabi Bagh, Delhi - DPCC",06:00:00,31,16,51.61,False
"Punjabi Bagh, Delhi - DPCC/AQI Hourly/aqi_hourly_station_level_punjabi_bagh,_delhi_-_dpcc_2025_January_delhi_2025.xlsx",Sheet1,"Punjabi Bagh, Delhi - DPCC",07:00:00,31,16,51.61,False
"Punjabi Bagh, Delhi - DPCC/AQI Hourly/aqi_hourly_station_level_punjabi_bagh,_delhi_-_dpcc_2025_January_delhi_2025.xlsx",Sheet1,"Punjabi Bagh, Delhi - DPCC",08:00:00,31,17,54.84,False
"Punjabi Bagh, Delhi - DPCC/AQI Hourly/aqi_hourly_station_level_punjabi_bagh,_delhi_-_dpcc_2025_January_delhi_2025.xlsx",Sheet1,"Punjabi Bagh, Delhi - DPCC",09:00:00,31,16,51.61,False
"Punjabi Bagh, Delhi - DPCC/AQI Hourly/aqi_hourly_station_level_punjabi_bagh,_delhi_-_dpcc_2025_January_delhi_2025.xlsx",Sheet1,"Punjabi Bagh, Delhi - DPCC",10:00:00,31,17,54.84,False
"Punjabi Bagh, Delhi - DPCC/AQI Hourly/aqi_hourly_station_level_punjabi_bagh,_delhi_-_dpcc_2025_January_delhi_2025.xlsx",Sheet1,"Punjabi Bagh, Delhi - DPCC",11:00:00,31,17,54.84,False
"Punjabi Bagh, Delhi - DPCC/AQI Hourly/aqi_hourly_station_level_punjabi_bagh,_delhi_-_dpcc_2025_January_delhi_2025.xlsx",Sheet1,"Punjabi Bagh, Delhi - DPCC",12:00:00,31,17,54.84,False
"Punjabi Bagh, Delhi - DPCC/AQI Hourly/aqi_hourly_station_level_punjabi_bagh,_delhi_-_dpcc_2025_January_delhi_2025.xlsx",Sheet1,"Punjabi Bagh, Delhi - DPCC",13:00:00,31,17,54.84,False
"Punjabi Bagh, Delhi - DPCC/AQI Hourly/aqi_hourly_station_level_punjabi_bagh,_delhi_-_dpcc_2025_January_delhi_2025.xlsx",Sheet1,"Punjabi Bagh, Delhi - DPCC",14:00:00,31,17,54.84,False
"Punjabi Bagh, Delhi - DPCC/AQI Hourly/aqi_hourly_station_level_punjabi_bagh,_delhi_-_dpcc_2025_January_delhi_2025.xlsx",Sheet1,"Punjabi Bagh, Delhi - DPCC",15:00:00,31,17,54.84,False
"Punjabi Bagh, Delhi - DPCC/AQI Hourly/aqi_hourly_station_level_punjabi_bagh,_delhi_-_dpcc_2025_January_delhi_2025.xlsx",Sheet1,"Punjabi Bagh, Delhi - DPCC",16:00:00,31,17,54.84,False
"Punjabi Bagh, Delhi - DPCC/AQI Hourly/aqi_hourly_station_level_punjabi_bagh,_delhi_-_dpcc_2025_January_delhi_2025.xlsx",Sheet1,"Punjabi Bagh, Delhi - DPCC",17:00:00,31,17,54.84,False
"Punjabi Bagh, Delhi - DPCC/AQI Hourly/aqi_hourly_station_level_punjabi_bagh,_delhi_-_dpcc_2025_January_delhi_2025.xlsx",Sheet1,"Punjabi Bagh, Delhi - DPCC",18:00:00,31,18,58.06,False
"Punjabi Bagh, Delhi - DPCC/AQI Hourly/aqi_hourly_station_level_punjabi_bagh,_delhi_-_dpcc_2025_January_delhi_2025.xlsx",Sheet1,"Punjabi Bagh, Delhi - DPCC",19:00:00,31,17,54.84,False
"Punjabi Bagh, Delhi - DPCC/AQI Hourly/aqi_hourly_station_level_punjabi_bagh,_delhi_-_dpcc_2025_January_delhi_2025.xlsx",Sheet1,"Punjabi Bagh, Delhi - DPCC",20:00:00,31,17,54.84,False
"Punjabi Bagh, Delhi - DPCC/AQI Hourly/aqi_hourly_station_level_punjabi_bagh,_delhi_-_dpcc_2025_January_delhi_2025.xlsx",Sheet1,"Punjabi Bagh, Delhi - DPCC",21:00:00,31,17,54.84,False
"Punjabi Bagh, Delhi - DPCC/AQI Hourly/aqi_hourly_station_level_punjabi_bagh,_delhi_-_dpcc_2025_January_delhi_2025.xlsx",Sheet1,"Punjabi Bagh, Delhi - DPCC",22:00:00,31,17,54.84,False
"Punjabi Bagh, Delhi - DPCC/AQI Hourly/aqi_hourly_station_level_punjabi_bagh,_delhi_-_dpcc_2025_January_delhi_2025.xlsx",Sheet1,"Punjabi Bagh, Delhi - DPCC",23:00:00,31,18,58.06,False
"Punjabi Bagh, Delhi - DPCC/AQI Hourly/aqi_hourly_station_level_punjabi_bagh,_delhi_-_dpcc_2025_July_delhi_2025.xlsx",Sheet1,"Punjabi Bagh, Delhi - DPCC",Date,31,0,0.0,False
"Punjabi Bagh, Delhi - DPCC/AQI Hourly/aqi_hourly_station_level_punjabi_bagh,_delhi_-_dpcc_2025_July_delhi_2025.xlsx",Sheet1,"Punjabi Bagh, Delhi - DPCC",00:00:00,31,0,0.0,False
"Punjabi Bagh, Delhi - DPCC/AQI Hourly/aqi_hourly_station_level_punjabi_bagh,_delhi_-_dpcc_2025_July_delhi_2025.xlsx",Sheet1,"Punjabi Bagh, Delhi - DPCC",01:00:00,31,0,0.0,False
"Punjabi Bagh, Delhi - DPCC/AQI Hourly/aqi_hourly_station_level_punjabi_bagh,_delhi_-_dpcc_2025_July_delhi_2025.xlsx",Sheet1,"Punjabi Bagh, Delhi - DPCC",02:00:00,31,0,0.0,False
"Punjabi Bagh, Delhi - DPCC/AQI Hourly/aqi_hourly_station_level_punjabi_bagh,_delhi_-_dpcc_2025_July_delhi_2025.xlsx",Sheet1,"Punjabi Bagh, Delhi - DPCC",03:00:00,31,0,0.0,False
"Punjabi Bagh, Delhi - DPCC/AQI Hourly/aqi_hourly_station_level_punjabi_bagh,_delhi_-_dpcc_2025_July_delhi_2025.xlsx",Sheet1,"Punjabi Bagh, Delhi - DPCC",04:00:00,31,0,0.0,False
"Punjabi Bagh, Delhi - DPCC/AQI Hourly/aqi_hourly_station_level_punjabi_bagh,_delhi_-_dpcc_2025_July_delhi_2025.xlsx",Sheet1,"Punjabi Bagh, Delhi - DPCC",05:00:00,31,0,0.0,False
"Punjabi Bagh, Delhi - DPCC/AQI Hourly/aqi_hourly_station_level_punjabi_bagh,_delhi_-_dpcc_2025_July_delhi_2025.xlsx",Sheet1,"Punjabi Bagh, Delhi - DPCC",06:00:00,31,0,0.0,False
"Punjabi Bagh, Delhi - DPCC/AQI Hourly/aqi_hourly_station_level_punjabi_bagh,_delhi_-_dpcc_2025_July_delhi_2025.xlsx",Sheet1,"Punjabi Bagh, Delhi - DPCC",07:00:00,31,1,3.23,False
"Punjabi Bagh, Delhi - DPCC/AQI Hourly/aqi_hourly_station_level_punjabi_bagh,_delhi_-_dpcc_2025_July_delhi_2025.xlsx",Sheet1,"Punjabi Bagh, Delhi - DPCC",08:00:00,31,0,0.0,False
"Punjabi Bagh, Delhi - DPCC/AQI Hourly/aqi_hourly_station_level_punjabi_bagh,_delhi_-_dpcc_2025_July_delhi_2025.xlsx",Sheet1,"Punjabi Bagh, Delhi - DPCC",09:00:00,31,0,0.0,False
"Punjabi Bagh, Delhi - DPCC/AQI Hourly/aqi_hourly_station_level_punjabi_bagh,_delhi_-_dpcc_2025_July_delhi_2025.xlsx",Sheet1,"Punjabi Bagh, Delhi - DPCC",10:00:00,31,0,0.0,False
"Punjabi Bagh, Delhi - DPCC/AQI Hourly/aqi_hourly_station_level_punjabi_bagh,_delhi_-_dpcc_2025_July_delhi_2025.xlsx",Sheet1,"Punjabi Bagh, Delhi - DPCC",11:00:00,31,0,0.0,False
"Punjabi Bagh, Delhi - DPCC/AQI Hourly/aqi_hourly_station_level_punjabi_bagh,_delhi_-_dpcc_2025_July_delhi_2025.xlsx",Sheet1,"Punjabi Bagh, Delhi - DPCC",12:00:00,31,1,3.23,False
"Punjabi Bagh, Delhi - DPCC/AQI Hourly/aqi_hourly_station_level_punjabi_bagh,_delhi_-_dpcc_2025_July_delhi_2025.xlsx",Sheet1,"Punjabi Bagh, Delhi - DPCC",13:00:00,31,0,0.0,False
"Punjabi Bagh, Delhi - DPCC/AQI Hourly/aqi_hourly_station_level_punjabi_bagh,_delhi_-_dpcc_2025_July_delhi_2025.xlsx",Sheet1,"Punjabi Bagh, Delhi - DPCC",14:00:00,31,0,0.0,False
"Punjabi Bagh, Delhi - DPCC/AQI Hourly/aqi_hourly_station_level_punjabi_bagh,_delhi_-_dpcc_2025_July_delhi_2025.xlsx",Sheet1,"Punjabi Bagh, Delhi - DPCC",15:00:00,31,0,0.0,False
"Punjabi Bagh, Delhi - DPCC/AQI Hourly/aqi_hourly_station_level_punjabi_bagh,_delhi_-_dpcc_2025_July_delhi_2025.xlsx",Sheet1,"Punjabi Bagh, Delhi - DPCC",16:00:00,31,0,0.0,False
"Punjabi Bagh, Delhi - DPCC/AQI Hourly/aqi_hourly_station_level_punjabi_bagh,_delhi_-_dpcc_2025_July_delhi_2025.xlsx",Sheet1,"Punjabi Bagh, Delhi - DPCC",17:00:00,31,0,0.0,False
"Punjabi Bagh, Delhi - DPCC/AQI Hourly/aqi_hourly_station_level_punjabi_bagh,_delhi_-_dpcc_2025_July_delhi_2025.xlsx",Sheet1,"Punjabi Bagh, Delhi - DPCC",18:00:00,31,1,3.23,False
"Punjabi Bagh, Delhi - DPCC/AQI Hourly/aqi_hourly_station_level_punjabi_bagh,_delhi_-_dpcc_2025_July_delhi_2025.xlsx",Sheet1,"Punjabi Bagh, Delhi - DPCC",19:00:00,31,1,3.23,False
"Punjabi Bagh, Delhi - DPCC/AQI Hourly/aqi_hourly_station_level_punjabi_bagh,_delhi_-_dpcc_2025_July_delhi_2025.xlsx",Sheet1,"Punjabi Bagh, Delhi - DPCC",20:00:00,31,0,0.0,False
"Punjabi Bagh, Delhi - DPCC/AQI Hourly/aqi_hourly_station_level_punjabi_bagh,_delhi_-_dpcc_2025_July_delhi_2025.xlsx",Sheet1,"Punjabi Bagh, Delhi - DPCC",21:00:00,31,1,3.23,False
"Punjabi Bagh, Delhi - DPCC/AQI Hourly/aqi_hourly_station_level_punjabi_bagh,_delhi_-_dpcc_2025_July_delhi_2025.xlsx",Sheet1,"Punjabi Bagh, Delhi - DPCC",22:00:00,31,0,0.0,False
"Punjabi Bagh, Delhi - DPCC/AQI Hourly/aqi_hourly_station_level_punjabi_bagh,_delhi_-_dpcc_2025_July_delhi_2025.xlsx",Sheet1,"Punjabi Bagh, Delhi - DPCC",23:00:00,31,0,0.0,False
"Punjabi Bagh, Delhi - DPCC/AQI Hourly/aqi_hourly_station_level_punjabi_bagh,_delhi_-_dpcc_2025_June_delhi_2025.xlsx",Sheet1,"Punjabi Bagh, Delhi - DPCC",Date,30,0,0.0,False
"Punjabi Bagh, Delhi - DPCC/AQI Hourly/aqi_hourly_station_level_punjabi_bagh,_delhi_-_dpcc_2025_June_delhi_2025.xlsx",Sheet1,"Punjabi Bagh, Delhi - DPCC",00:00:00,30,4,13.33,False
"Punjabi Bagh, Delhi - DPCC/AQI Hourly/aqi_hourly_station_level_punjabi_bagh,_delhi_-_dpcc_2025_June_delhi_2025.xlsx",Sheet1,"Punjabi Bagh, Delhi - DPCC",01:00:00,30,4,13.33,False
"Punjabi Bagh, Delhi - DPCC/AQI Hourly/aqi_hourly_station_level_punjabi_bagh,_delhi_-_dpcc_2025_June_delhi_2025.xlsx",Sheet1,"Punjabi Bagh, Delhi - DPCC",02:00:00,30,3,10.0,False
"Punjabi Bagh, Delhi - DPCC/AQI Hourly/aqi_hourly_station_level_punjabi_bagh,_delhi_-_dpcc_2025_June_delhi_2025.xlsx",Sheet1,"Punjabi Bagh, Delhi - DPCC",03:00:00,30,3,10.0,False
"Punjabi Bagh, Delhi - DPCC/AQI Hourly/aqi_hourly_station_level_punjabi_bagh,_delhi_-_dpcc_2025_June_delhi_2025.xlsx",Sheet1,"Punjabi Bagh, Delhi - DPCC",04:00:00,30,4,13.33,False
"Punjabi Bagh, Delhi - DPCC/AQI Hourly/aqi_hourly_station_level_punjabi_bagh,_delhi_-_dpcc_2025_June_delhi_2025.xlsx",Sheet1,"Punjabi Bagh, Delhi - DPCC",05:00:00,30,4,13.33,False
"Punjabi Bagh, Delhi - DPCC/AQI Hourly/aqi_hourly_station_level_punjabi_bagh,_delhi_-_dpcc_2025_June_delhi_2025.xlsx",Sheet1,"Punjabi Bagh, Delhi - DPCC",06:00:00,30,3,10.0,False
"Punjabi Bagh, Delhi - DPCC/AQI Hourly/aqi_hourly_station_level_punjabi_bagh,_delhi_-_dpcc_2025_June_delhi_2025.xlsx",Sheet1,"Punjabi Bagh, Delhi - DPCC",07:00:00,30,4,13.33,False
"Punjabi Bagh, Delhi - DPCC/AQI Hourly/aqi_hourly_station_level_punjabi_bagh,_delhi_-_dpcc_2025_June_delhi_2025.xlsx",Sheet1,"Punjabi Bagh, Delhi - DPCC",08:00:00,30,4,13.33,False
"Punjabi Bagh, Delhi - DPCC/AQI Hourly/aqi_hourly_station_level_punjabi_bagh,_delhi_-_dpcc_2025_June_delhi_2025.xlsx",Sheet1,"Punjabi Bagh, Delhi - DPCC",09:00:00,30,3,10.0,False
"Punjabi Bagh, Delhi - DPCC/AQI Hourly/aqi_hourly_station_level_punjabi_bagh,_delhi_-_dpcc_2025_June_delhi_2025.xlsx",Sheet1,"Punjabi Bagh, Delhi - DPCC",10:00:00,30,3,10.0,False
"Punjabi Bagh, Delhi - DPCC/AQI Hourly/aqi_hourly_station_level_punjabi_bagh,_delhi_-_dpcc_2025_June_delhi_2025.xlsx",Sheet1,"Punjabi Bagh, Delhi - DPCC",11:00:00,30,4,13.33,False
"Punjabi Bagh, Delhi - DPCC/AQI Hourly/aqi_hourly_station_level_punjabi_bagh,_delhi_-_dpcc_2025_June_delhi_2025.xlsx",Sheet1,"Punjabi Bagh, Delhi - DPCC",12:00:00,30,4,13.33,False
"Punjabi Bagh, Delhi - DPCC/AQI Hourly/aqi_hourly_station_level_punjabi_bagh,_delhi_-_dpcc_2025_June_delhi_2025.xlsx",Sheet1,"Punjabi Bagh, Delhi - DPCC",13:00:00,30,4,13.33,False
"Punjabi Bagh, Delhi - DPCC/AQI Hourly/aqi_hourly_station_level_punjabi_bagh,_delhi_-_dpcc_2025_June_delhi_2025.xlsx",Sheet1,"Punjabi Bagh, Delhi - DPCC",14:00:00,30,3,10.0,False
"Punjabi Bagh, Delhi - DPCC/AQI Hourly/aqi_hourly_station_level_punjabi_bagh,_delhi_-_dpcc_2025_June_delhi_2025.xlsx",Sheet1,"Punjabi Bagh, Delhi - DPCC",15:00:00,30,3,10.0,False
"Punjabi Bagh, Delhi - DPCC/AQI Hourly/aqi_hourly_station_level_punjabi_bagh,_delhi_-_dpcc_2025_June_delhi_2025.xlsx",Sheet1,"Punjabi Bagh, Delhi - DPCC",16:00:00,30,3,10.0,False
"Punjabi Bagh, Delhi - DPCC/AQI Hourly/aqi_hourly_station_level_punjabi_bagh,_delhi_-_dpcc_2025_June_delhi_2025.xlsx",Sheet1,"Punjabi Bagh, Delhi - DPCC",17:00:00,30,3,10.0,False
"Punjabi Bagh, Delhi - DPCC/AQI Hourly/aqi_hourly_station_level_punjabi_bagh,_delhi_-_dpcc_2025_June_delhi_2025.xlsx",Sheet1,"Punjabi Bagh, Delhi - DPCC",18:00:00,30,6,20.0,False
"Punjabi Bagh, Delhi - DPCC/AQI Hourly/aqi_hourly_station_level_punjabi_bagh,_delhi_-_dpcc_2025_June_delhi_2025.xlsx",Sheet1,"Punjabi Bagh, Delhi - DPCC",19:00:00,30,4,13.33,False
"Punjabi Bagh, Delhi - DPCC/AQI Hourly/aqi_hourly_station_level_punjabi_bagh,_delhi_-_dpcc_2025_June_delhi_2025.xlsx",Sheet1,"Punjabi Bagh, Delhi - DPCC",20:00:00,30,4,13.33,False
"Punjabi Bagh, Delhi - DPCC/AQI Hourly/aqi_hourly_station_level_punjabi_bagh,_delhi_-_dpcc_2025_June_delhi_2025.xlsx",Sheet1,"Punjabi Bagh, Delhi - DPCC",21:00:00,30,3,10.0,False
"Punjabi Bagh, Delhi - DPCC/AQI Hourly/aqi_hourly_station_level_punjabi_bagh,_delhi_-_dpcc_2025_June_delhi_2025.xlsx",Sheet1,"Punjabi Bagh, Delhi - DPCC",22:00:00,30,3,10.0,False
"Punjabi Bagh, Delhi - DPCC/AQI Hourly/aqi_hourly_station_level_punjabi_bagh,_delhi_-_dpcc_2025_June_delhi_2025.xlsx",Sheet1,"Punjabi Bagh, Delhi - DPCC",23:00:00,30,3,10.0,False
"Punjabi Bagh, Delhi - DPCC/AQI Hourly/aqi_hourly_station_level_punjabi_bagh,_delhi_-_dpcc_2025_March_delhi_2025.xlsx",Sheet1,"Punjabi Bagh, Delhi - DPCC",Date,31,0,0.0,False
"Punjabi Bagh, Delhi - DPCC/AQI Hourly/aqi_hourly_station_level_punjabi_bagh,_delhi_-_dpcc_2025_March_delhi_2025.xlsx",Sheet1,"Punjabi Bagh, Delhi - DPCC",00:00:00,31,0,0.0,False
"Punjabi Bagh, Delhi - DPCC/AQI Hourly/aqi_hourly_station_level_punjabi_bagh,_delhi_-_dpcc_2025_March_delhi_2025.xlsx",Sheet1,"Punjabi Bagh, Delhi - DPCC",01:00:00,31,0,0.0,False
"Punjabi Bagh, Delhi - DPCC/AQI Hourly/aqi_hourly_station_level_punjabi_bagh,_delhi_-_dpcc_2025_March_delhi_2025.xlsx",Sheet1,"Punjabi Bagh, Delhi - DPCC",02:00:00,31,0,0.0,False
"Punjabi Bagh, Delhi - DPCC/AQI Hourly/aqi_hourly_station_level_punjabi_bagh,_delhi_-_dpcc_2025_March_delhi_2025.xlsx",Sheet1,"Punjabi Bagh, Delhi - DPCC",03:00:00,31,1,3.23,False
"Punjabi Bagh, Delhi - DPCC/AQI Hourly/aqi_hourly_station_level_punjabi_bagh,_delhi_-_dpcc_2025_March_delhi_2025.xlsx",Sheet1,"Punjabi Bagh, Delhi - DPCC",04:00:00,31,1,3.23,False
"Punjabi Bagh, Delhi - DPCC/AQI Hourly/aqi_hourly_station_level_punjabi_bagh,_delhi_-_dpcc_2025_March_delhi_2025.xlsx",Sheet1,"Punjabi Bagh, Delhi - DPCC",05:00:00,31,1,3.23,False
"Punjabi Bagh, Delhi - DPCC/AQI Hourly/aqi_hourly_station_level_punjabi_bagh,_delhi_-_dpcc_2025_March_delhi_2025.xlsx",Sheet1,"Punjabi Bagh, Delhi - DPCC",06:00:00,31,0,0.0,False
"Punjabi Bagh, Delhi - DPCC/AQI Hourly/aqi_hourly_station_level_punjabi_bagh,_delhi_-_dpcc_2025_March_delhi_2025.xlsx",Sheet1,"Punjabi Bagh, Delhi - DPCC",07:00:00,31,0,0.0,False
"Punjabi Bagh, Delhi - DPCC/AQI Hourly/aqi_hourly_station_level_punjabi_bagh,_delhi_-_dpcc_2025_March_delhi_2025.xlsx",Sheet1,"Punjabi Bagh, Delhi - DPCC",08:00:00,31,0,0.0,False
"Punjabi Bagh, Delhi - DPCC/AQI Hourly/aqi_hourly_station_level_punjabi_bagh,_delhi_-_dpcc_2025_March_delhi_2025.xlsx",Sheet1,"Punjabi Bagh, Delhi - DPCC",09:00:00,31,0,0.0,False
"Punjabi Bagh, Delhi - DPCC/AQI Hourly/aqi_hourly_station_level_punjabi_bagh,_delhi_-_dpcc_2025_March_delhi_2025.xlsx",Sheet1,"Punjabi Bagh, Delhi - DPCC",10:00:00,31,0,0.0,False
"Punjabi Bagh, Delhi - DPCC/AQI Hourly/aqi_hourly_station_level_punjabi_bagh,_delhi_-_dpcc_2025_March_delhi_2025.xlsx",Sheet1,"Punjabi Bagh, Delhi - DPCC",11:00:00,31,1,3.23,False
"Punjabi Bagh, Delhi - DPCC/AQI Hourly/aqi_hourly_station_level_punjabi_bagh,_delhi_-_dpcc_2025_March_delhi_2025.xlsx",Sheet1,"Punjabi Bagh, Delhi - DPCC",12:00:00,31,0,0.0,False
"Punjabi Bagh, Delhi - DPCC/AQI Hourly/aqi_hourly_station_level_punjabi_bagh,_delhi_-_dpcc_2025_March_delhi_2025.xlsx",Sheet1,"Punjabi Bagh, Delhi - DPCC",13:00:00,31,0,0.0,False
"Punjabi Bagh, Delhi - DPCC/AQI Hourly/aqi_hourly_station_level_punjabi_bagh,_delhi_-_dpcc_2025_March_delhi_2025.xlsx",Sheet1,"Punjabi Bagh, Delhi - DPCC",14:00:00,31,0,0.0,False
"Punjabi Bagh, Delhi - DPCC/AQI Hourly/aqi_hourly_station_level_punjabi_bagh,_delhi_-_dpcc_2025_March_delhi_2025.xlsx",Sheet1,"Punjabi Bagh, Delhi - DPCC",15:00:00,31,1,3.23,False
"Punjabi Bagh, Delhi - DPCC/AQI Hourly/aqi_hourly_station_level_punjabi_bagh,_delhi_-_dpcc_2025_March_delhi_2025.xlsx",Sheet1,"Punjabi Bagh, Delhi - DPCC",16:00:00,31,0,0.0,False
"Punjabi Bagh, Delhi - DPCC/AQI Hourly/aqi_hourly_station_level_punjabi_bagh,_delhi_-_dpcc_2025_March_delhi_2025.xlsx",Sheet1,"Punjabi Bagh, Delhi - DPCC",17:00:00,31,0,0.0,False
"Punjabi Bagh, Delhi - DPCC/AQI Hourly/aqi_hourly_station_level_punjabi_bagh,_delhi_-_dpcc_2025_March_delhi_2025.xlsx",Sheet1,"Punjabi Bagh, Delhi - DPCC",18:00:00,31,0,0.0,False
"Punjabi Bagh, Delhi - DPCC/AQI Hourly/aqi_hourly_station_level_punjabi_bagh,_delhi_-_dpcc_2025_March_delhi_2025.xlsx",Sheet1,"Punjabi Bagh, Delhi - DPCC",19:00:00,31,0,0.0,False
"Punjabi Bagh, Delhi - DPCC/AQI Hourly/aqi_hourly_station_level_punjabi_bagh,_delhi_-_dpcc_2025_March_delhi_2025.xlsx",Sheet1,"Punjabi Bagh, Delhi - DPCC",20:00:00,31,0,0.0,False
"Punjabi Bagh, Delhi - DPCC/AQI Hourly/aqi_hourly_station_level_punjabi_bagh,_delhi_-_dpcc_2025_March_delhi_2025.xlsx",Sheet1,"Punjabi Bagh, Delhi - DPCC",21:00:00,31,0,0.0,False
"Punjabi Bagh, Delhi - DPCC/AQI Hourly/aqi_hourly_station_level_punjabi_bagh,_delhi_-_dpcc_2025_March_delhi_2025.xlsx",Sheet1,"Punjabi Bagh, Delhi - DPCC",22:00:00,31,1,3.23,False
"Punjabi Bagh, Delhi - DPCC/AQI Hourly/aqi_hourly_station_level_punjabi_bagh,_delhi_-_dpcc_2025_March_delhi_2025.xlsx",Sheet1,"Punjabi Bagh, Delhi - DPCC",23:00:00,31,1,3.23,False
"Punjabi Bagh, Delhi - DPCC/AQI Hourly/aqi_hourly_station_level_punjabi_bagh,_delhi_-_dpcc_2025_May_delhi_2025.xlsx",Sheet1,"Punjabi Bagh, Delhi - DPCC",Date,28,0,0.0,False
"Punjabi Bagh, Delhi - DPCC/AQI Hourly/aqi_hourly_station_level_punjabi_bagh,_delhi_-_dpcc_2025_May_delhi_2025.xlsx",Sheet1,"Punjabi Bagh, Delhi - DPCC",00:00:00,28,3,10.71,False
"Punjabi Bagh, Delhi - DPCC/AQI Hourly/aqi_hourly_station_level_punjabi_bagh,_delhi_-_dpcc_2025_May_delhi_2025.xlsx",Sheet1,"Punjabi Bagh, Delhi - DPCC",01:00:00,28,3,10.71,False
"Punjabi Bagh, Delhi - DPCC/AQI Hourly/aqi_hourly_station_level_punjabi_bagh,_delhi_-_dpcc_2025_May_delhi_2025.xlsx",Sheet1,"Punjabi Bagh, Delhi - DPCC",02:00:00,28,1,3.57,False
"Punjabi Bagh, Delhi - DPCC/AQI Hourly/aqi_hourly_station_level_punjabi_bagh,_delhi_-_dpcc_2025_May_delhi_2025.xlsx",Sheet1,"Punjabi Bagh, Delhi - DPCC",03:00:00,28,2,7.14,False
"Punjabi Bagh, Delhi - DPCC/AQI Hourly/aqi_hourly_station_level_punjabi_bagh,_delhi_-_dpcc_2025_May_delhi_2025.xlsx",Sheet1,"Punjabi Bagh, Delhi - DPCC",04:00:00,28,1,3.57,False
"Punjabi Bagh, Delhi - DPCC/AQI Hourly/aqi_hourly_station_level_punjabi_bagh,_delhi_-_dpcc_2025_May_delhi_2025.xlsx",Sheet1,"Punjabi Bagh, Delhi - DPCC",05:00:00,28,1,3.57,False
"Punjabi Bagh, Delhi - DPCC/AQI Hourly/aqi_hourly_station_level_punjabi_bagh,_delhi_-_dpcc_2025_May_delhi_2025.xlsx",Sheet1,"Punjabi Bagh, Delhi - DPCC",06:00:00,28,1,3.57,False
"Punjabi Bagh, Delhi - DPCC/AQI Hourly/aqi_hourly_station_level_punjabi_bagh,_delhi_-_dpcc_2025_May_delhi_2025.xlsx",Sheet1,"Punjabi Bagh, Delhi - DPCC",07:00:00,28,1,3.57,False
"Punjabi Bagh, Delhi - DPCC/AQI Hourly/aqi_hourly_station_level_punjabi_bagh,_delhi_-_dpcc_2025_May_delhi_2025.xlsx",Sheet1,"Punjabi Bagh, Delhi - DPCC",08:00:00,28,1,3.57,False
"Punjabi Bagh, Delhi - DPCC/AQI Hourly/aqi_hourly_station_level_punjabi_bagh,_delhi_-_dpcc_2025_May_delhi_2025.xlsx",Sheet1,"Punjabi Bagh, Delhi - DPCC",09:00:00,28,1,3.57,False
"Punjabi Bagh, Delhi - DPCC/AQI Hourly/aqi_hourly_station_level_punjabi_bagh,_delhi_-_dpcc_2025_May_delhi_2025.xlsx",Sheet1,"Punjabi Bagh, Delhi - DPCC",10:00:00,28,2,7.14,False
"Punjabi Bagh, Delhi - DPCC/AQI Hourly/aqi_hourly_station_level_punjabi_bagh,_delhi_-_dpcc_2025_May_delhi_2025.xlsx",Sheet1,"Punjabi Bagh, Delhi - DPCC",11:00:00,28,1,3.57,False
"Punjabi Bagh, Delhi - DPCC/AQI Hourly/aqi_hourly_station_level_punjabi_bagh,_delhi_-_dpcc_2025_May_delhi_2025.xlsx",Sheet1,"Punjabi Bagh, Delhi - DPCC",12:00:00,28,1,3.57,False
"Punjabi Bagh, Delhi - DPCC/AQI Hourly/aqi_hourly_station_level_punjabi_bagh,_delhi_-_dpcc_2025_May_delhi_2025.xlsx",Sheet1,"Punjabi Bagh, Delhi - DPCC",13:00:00,28,1,3.57,False
"Punjabi Bagh, Delhi - DPCC/AQI Hourly/aqi_hourly_station_level_punjabi_bagh,_delhi_-_dpcc_2025_May_delhi_2025.xlsx",Sheet1,"Punjabi Bagh, Delhi - DPCC",14:00:00,28,1,3.57,False
"Punjabi Bagh, Delhi - DPCC/AQI Hourly/aqi_hourly_station_level_punjabi_bagh,_delhi_-_dpcc_2025_May_delhi_2025.xlsx",Sheet1,"Punjabi Bagh, Delhi - DPCC",15:00:00,28,1,3.57,False
"Punjabi Bagh, Delhi - DPCC/AQI Hourly/aqi_hourly_station_level_punjabi_bagh,_delhi_-_dpcc_2025_May_delhi_2025.xlsx",Sheet1,"Punjabi Bagh, Delhi - DPCC",16:00:00,28,1,3.57,False
"Punjabi Bagh, Delhi - DPCC/AQI Hourly/aqi_hourly_station_level_punjabi_bagh,_delhi_-_dpcc_2025_May_delhi_2025.xlsx",Sheet1,"Punjabi Bagh, Delhi - DPCC",17:00:00,28,2,7.14,False
"Punjabi Bagh, Delhi - DPCC/AQI Hourly/aqi_hourly_station_level_punjabi_bagh,_delhi_-_dpcc_2025_May_delhi_2025.xlsx",Sheet1,"Punjabi Bagh, Delhi - DPCC",18:00:00,28,3,10.71,False
"Punjabi Bagh, Delhi - DPCC/AQI Hourly/aqi_hourly_station_level_punjabi_bagh,_delhi_-_dpcc_2025_May_delhi_2025.xlsx",Sheet1,"Punjabi Bagh, Delhi - DPCC",19:00:00,28,1,3.57,False
"Punjabi Bagh, Delhi - DPCC/AQI Hourly/aqi_hourly_station_level_punjabi_bagh,_delhi_-_dpcc_2025_May_delhi_2025.xlsx",Sheet1,"Punjabi Bagh, Delhi - DPCC",20:00:00,28,2,7.14,False
"Punjabi Bagh, Delhi - DPCC/AQI Hourly/aqi_hourly_station_level_punjabi_bagh,_delhi_-_dpcc_2025_May_delhi_2025.xlsx",Sheet1,"Punjabi Bagh, Delhi - DPCC",21:00:00,28,3,10.71,False
"Punjabi Bagh, Delhi - DPCC/AQI Hourly/aqi_hourly_station_level_punjabi_bagh,_delhi_-_dpcc_2025_May_delhi_2025.xlsx",Sheet1,"Punjabi Bagh, Delhi - DPCC",22:00:00,28,3,10.71,False
"Punjabi Bagh, Delhi - DPCC/AQI Hourly/aqi_hourly_station_level_punjabi_bagh,_delhi_-_dpcc_2025_May_delhi_2025.xlsx",Sheet1,"Punjabi Bagh, Delhi - DPCC",23:00:00,28,3,10.71,False
"Punjabi Bagh, Delhi - DPCC/AQI Hourly/aqi_hourly_station_level_punjabi_bagh,_delhi_-_dpcc_2025_November_delhi_2025.xlsx",Sheet1,"Punjabi Bagh, Delhi - DPCC",Date,30,0,0.0,False
"Punjabi Bagh, Delhi - DPCC/AQI Hourly/aqi_hourly_station_level_punjabi_bagh,_delhi_-_dpcc_2025_November_delhi_2025.xlsx",Sheet1,"Punjabi Bagh, Delhi - DPCC",00:00:00,30,1,3.33,False
"Punjabi Bagh, Delhi - DPCC/AQI Hourly/aqi_hourly_station_level_punjabi_bagh,_delhi_-_dpcc_2025_November_delhi_2025.xlsx",Sheet1,"Punjabi Bagh, Delhi - DPCC",01:00:00,30,0,0.0,False
"Punjabi Bagh, Delhi - DPCC/AQI Hourly/aqi_hourly_station_level_punjabi_bagh,_delhi_-_dpcc_2025_November_delhi_2025.xlsx",Sheet1,"Punjabi Bagh, Delhi - DPCC",02:00:00,30,1,3.33,False
"Punjabi Bagh, Delhi - DPCC/AQI Hourly/aqi_hourly_station_level_punjabi_bagh,_delhi_-_dpcc_2025_November_delhi_2025.xlsx",Sheet1,"Punjabi Bagh, Delhi - DPCC",03:00:00,30,0,0.0,False
"Punjabi Bagh, Delhi - DPCC/AQI Hourly/aqi_hourly_station_level_punjabi_bagh,_delhi_-_dpcc_2025_November_delhi_2025.xlsx",Sheet1,"Punjabi Bagh, Delhi - DPCC",04:00:00,30,0,0.0,False
"Punjabi Bagh, Delhi - DPCC/AQI Hourly/aqi_hourly_station_level_punjabi_bagh,_delhi_-_dpcc_2025_November_delhi_2025.xlsx",Sheet1,"Punjabi Bagh, Delhi - DPCC",05:00:00,30,0,0.0,False
"Punjabi Bagh, Delhi - DPCC/AQI Hourly/aqi_hourly_station_level_punjabi_bagh,_delhi_-_dpcc_2025_November_delhi_2025.xlsx",Sheet1,"Punjabi Bagh, Delhi - DPCC",06:00:00,30,1,3.33,False
"Punjabi Bagh, Delhi - DPCC/AQI Hourly/aqi_hourly_station_level_punjabi_bagh,_delhi_-_dpcc_2025_November_delhi_2025.xlsx",Sheet1,"Punjabi Bagh, Delhi - DPCC",07:00:00,30,0,0.0,False
"Punjabi Bagh, Delhi - DPCC/AQI Hourly/aqi_hourly_station_level_punjabi_bagh,_delhi_-_dpcc_2025_November_delhi_2025.xlsx",Sheet1,"Punjabi Bagh, Delhi - DPCC",08:00:00,30,0,0.0,False
"Punjabi Bagh, Delhi - DPCC/AQI Hourly/aqi_hourly_station_level_punjabi_bagh,_delhi_-_dpcc_2025_November_delhi_2025.xlsx",Sheet1,"Punjabi Bagh, Delhi - DPCC",09:00:00,30,0,0.0,False
"Punjabi Bagh, Delhi - DPCC/AQI Hourly/aqi_hourly_station_level_punjabi_bagh,_delhi_-_dpcc_2025_November_delhi_2025.xlsx",Sheet1,"Punjabi Bagh, Delhi - DPCC",10:00:00,30,0,0.0,False
"Punjabi Bagh, Delhi - DPCC/AQI Hourly/aqi_hourly_station_level_punjabi_bagh,_delhi_-_dpcc_2025_November_delhi_2025.xlsx",Sheet1,"Punjabi Bagh, Delhi - DPCC",11:00:00,30,0,0.0,False
"Punjabi Bagh, Delhi - DPCC/AQI Hourly/aqi_hourly_station_level_punjabi_bagh,_delhi_-_dpcc_2025_November_delhi_2025.xlsx",Sheet1,"Punjabi Bagh, Delhi - DPCC",12:00:00,30,0,0.0,False
"Punjabi Bagh, Delhi - DPCC/AQI Hourly/aqi_hourly_station_level_punjabi_bagh,_delhi_-_dpcc_2025_November_delhi_2025.xlsx",Sheet1,"Punjabi Bagh, Delhi - DPCC",13:00:00,30,0,0.0,False
"Punjabi Bagh, Delhi - DPCC/AQI Hourly/aqi_hourly_station_level_punjabi_bagh,_delhi_-_dpcc_2025_November_delhi_2025.xlsx",Sheet1,"Punjabi Bagh, Delhi - DPCC",14:00:00,30,0,0.0,False
"Punjabi Bagh, Delhi - DPCC/AQI Hourly/aqi_hourly_station_level_punjabi_bagh,_delhi_-_dpcc_2025_November_delhi_2025.xlsx",Sheet1,"Punjabi Bagh, Delhi - DPCC",15:00:00,30,0,0.0,False
"Punjabi Bagh, Delhi - DPCC/AQI Hourly/aqi_hourly_station_level_punjabi_bagh,_delhi_-_dpcc_2025_November_delhi_2025.xlsx",Sheet1,"Punjabi Bagh, Delhi - DPCC",16:00:00,30,0,0.0,False
"Punjabi Bagh, Delhi - DPCC/AQI Hourly/aqi_hourly_station_level_punjabi_bagh,_delhi_-_dpcc_2025_November_delhi_2025.xlsx",Sheet1,"Punjabi Bagh, Delhi - DPCC",17:00:00,30,0,0.0,False
"Punjabi Bagh, Delhi - DPCC/AQI Hourly/aqi_hourly_station_level_punjabi_bagh,_delhi_-_dpcc_2025_November_delhi_2025.xlsx",Sheet1,"Punjabi Bagh, Delhi - DPCC",18:00:00,30,0,0.0,False
"Punjabi Bagh, Delhi - DPCC/AQI Hourly/aqi_hourly_station_level_punjabi_bagh,_delhi_-_dpcc_2025_November_delhi_2025.xlsx",Sheet1,"Punjabi Bagh, Delhi - DPCC",19:00:00,30,0,0.0,False
"Punjabi Bagh, Delhi - DPCC/AQI Hourly/aqi_hourly_station_level_punjabi_bagh,_delhi_-_dpcc_2025_November_delhi_2025.xlsx",Sheet1,"Punjabi Bagh, Delhi - DPCC",20:00:00,30,0,0.0,False
"Punjabi Bagh, Delhi - DPCC/AQI Hourly/aqi_hourly_station_level_punjabi_bagh,_delhi_-_dpcc_2025_November_delhi_2025.xlsx",Sheet1,"Punjabi Bagh, Delhi - DPCC",21:00:00,30,0,0.0,False
"Punjabi Bagh, Delhi - DPCC/AQI Hourly/aqi_hourly_station_level_punjabi_bagh,_delhi_-_dpcc_2025_November_delhi_2025.xlsx",Sheet1,"Punjabi Bagh, Delhi - DPCC",22:00:00,30,0,0.0,False
"Punjabi Bagh, Delhi - DPCC/AQI Hourly/aqi_hourly_station_level_punjabi_bagh,_delhi_-_dpcc_2025_November_delhi_2025.xlsx",Sheet1,"Punjabi Bagh, Delhi - DPCC",23:00:00,30,0,0.0,False
"Punjabi Bagh, Delhi - DPCC/AQI Hourly/aqi_hourly_station_level_punjabi_bagh,_delhi_-_dpcc_2025_October_delhi_2025.xlsx",Sheet1,"Punjabi Bagh, Delhi - DPCC",Date,31,0,0.0,False
"Punjabi Bagh, Delhi - DPCC/AQI Hourly/aqi_hourly_station_level_punjabi_bagh,_delhi_-_dpcc_2025_October_delhi_2025.xlsx",Sheet1,"Punjabi Bagh, Delhi - DPCC",00:00:00,31,6,19.35,False
"Punjabi Bagh, Delhi - DPCC/AQI Hourly/aqi_hourly_station_level_punjabi_bagh,_delhi_-_dpcc_2025_October_delhi_2025.xlsx",Sheet1,"Punjabi Bagh, Delhi - DPCC",01:00:00,31,5,16.13,False
"Punjabi Bagh, Delhi - DPCC/AQI Hourly/aqi_hourly_station_level_punjabi_bagh,_delhi_-_dpcc_2025_October_delhi_2025.xlsx",Sheet1,"Punjabi Bagh, Delhi - DPCC",02:00:00,31,5,16.13,False
"Punjabi Bagh, Delhi - DPCC/AQI Hourly/aqi_hourly_station_level_punjabi_bagh,_delhi_-_dpcc_2025_October_delhi_2025.xlsx",Sheet1,"Punjabi Bagh, Delhi - DPCC",03:00:00,31,5,16.13,False
"Punjabi Bagh, Delhi - DPCC/AQI Hourly/aqi_hourly_station_level_punjabi_bagh,_delhi_-_dpcc_2025_October_delhi_2025.xlsx",Sheet1,"Punjabi Bagh, Delhi - DPCC",04:00:00,31,6,19.35,False
"Punjabi Bagh, Delhi - DPCC/AQI Hourly/aqi_hourly_station_level_punjabi_bagh,_delhi_-_dpcc_2025_October_delhi_2025.xlsx",Sheet1,"Punjabi Bagh, Delhi - DPCC",05:00:00,31,5,16.13,False
"Punjabi Bagh, Delhi - DPCC/AQI Hourly/aqi_hourly_station_level_punjabi_bagh,_delhi_-_dpcc_2025_October_delhi_2025.xlsx",Sheet1,"Punjabi Bagh, Delhi - DPCC",06:00:00,31,5,16.13,False
"Punjabi Bagh, Delhi - DPCC/AQI Hourly/aqi_hourly_station_level_punjabi_bagh,_delhi_-_dpcc_2025_October_delhi_2025.xlsx",Sheet1,"Punjabi Bagh, Delhi - DPCC",07:00:00,31,5,16.13,False
"Punjabi Bagh, Delhi - DPCC/AQI Hourly/aqi_hourly_station_level_punjabi_bagh,_delhi_-_dpcc_2025_October_delhi_2025.xlsx",Sheet1,"Punjabi Bagh, Delhi - DPCC",08:00:00,31,4,12.9,False
"Punjabi Bagh, Delhi - DPCC/AQI Hourly/aqi_hourly_station_level_punjabi_bagh,_delhi_-_dpcc_2025_October_delhi_2025.xlsx",Sheet1,"Punjabi Bagh, Delhi - DPCC",09:00:00,31,4,12.9,False
"Punjabi Bagh, Delhi - DPCC/AQI Hourly/aqi_hourly_station_level_punjabi_bagh,_delhi_-_dpcc_2025_October_delhi_2025.xlsx",Sheet1,"Punjabi Bagh, Delhi - DPCC",10:00:00,31,4,12.9,False
"Punjabi Bagh, Delhi - DPCC/AQI Hourly/aqi_hourly_station_level_punjabi_bagh,_delhi_-_dpcc_2025_October_delhi_2025.xlsx",Sheet1,"Punjabi Bagh, Delhi - DPCC",11:00:00,31,4,12.9,False
"Punjabi Bagh, Delhi - DPCC/AQI Hourly/aqi_hourly_station_level_punjabi_bagh,_delhi_-_dpcc_2025_October_delhi_2025.xlsx",Sheet1,"Punjabi Bagh, Delhi - DPCC",12:00:00,31,4,12.9,False
"Punjabi Bagh, Delhi - DPCC/AQI Hourly/aqi_hourly_station_level_punjabi_bagh,_delhi_-_dpcc_2025_October_delhi_2025.xlsx",Sheet1,"Punjabi Bagh, Delhi - DPCC",13:00:00,31,4,12.9,False
"Punjabi Bagh, Delhi - DPCC/AQI Hourly/aqi_hourly_station_level_punjabi_bagh,_delhi_-_dpcc_2025_October_delhi_2025.xlsx",Sheet1,"Punjabi Bagh, Delhi - DPCC",14:00:00,31,4,12.9,False
"Punjabi Bagh, Delhi - DPCC/AQI Hourly/aqi_hourly_station_level_punjabi_bagh,_delhi_-_dpcc_2025_October_delhi_2025.xlsx",Sheet1,"Punjabi Bagh, Delhi - DPCC",15:00:00,31,4,12.9,False
"Punjabi Bagh, Delhi - DPCC/AQI Hourly/aqi_hourly_station_level_punjabi_bagh,_delhi_-_dpcc_2025_October_delhi_2025.xlsx",Sheet1,"Punjabi Bagh, Delhi - DPCC",16:00:00,31,4,12.9,False
"Punjabi Bagh, Delhi - DPCC/AQI Hourly/aqi_hourly_station_level_punjabi_bagh,_delhi_-_dpcc_2025_October_delhi_2025.xlsx",Sheet1,"Punjabi Bagh, Delhi - DPCC",17:00:00,31,5,16.13,False
"Punjabi Bagh, Delhi - DPCC/AQI Hourly/aqi_hourly_station_level_punjabi_bagh,_delhi_-_dpcc_2025_October_delhi_2025.xlsx",Sheet1,"Punjabi Bagh, Delhi - DPCC",18:00:00,31,5,16.13,False
"Punjabi Bagh, Delhi - DPCC/AQI Hourly/aqi_hourly_station_level_punjabi_bagh,_delhi_-_dpcc_2025_October_delhi_2025.xlsx",Sheet1,"Punjabi Bagh, Delhi - DPCC",19:00:00,31,5,16.13,False
"Punjabi Bagh, Delhi - DPCC/AQI Hourly/aqi_hourly_station_level_punjabi_bagh,_delhi_-_dpcc_2025_October_delhi_2025.xlsx",Sheet1,"Punjabi Bagh, Delhi - DPCC",20:00:00,31,4,12.9,False
"Punjabi Bagh, Delhi - DPCC/AQI Hourly/aqi_hourly_station_level_punjabi_bagh,_delhi_-_dpcc_2025_October_delhi_2025.xlsx",Sheet1,"Punjabi Bagh, Delhi - DPCC",21:00:00,31,4,12.9,False
"Punjabi Bagh, Delhi - DPCC/AQI Hourly/aqi_hourly_station_level_punjabi_bagh,_delhi_-_dpcc_2025_October_delhi_2025.xlsx",Sheet1,"Punjabi Bagh, Delhi - DPCC",22:00:00,31,6,19.35,False
"Punjabi Bagh, Delhi - DPCC/AQI Hourly/aqi_hourly_station_level_punjabi_bagh,_delhi_-_dpcc_2025_October_delhi_2025.xlsx",Sheet1,"Punjabi Bagh, Delhi - DPCC",23:00:00,31,6,19.35,False
"Punjabi Bagh, Delhi - DPCC/AQI Hourly/aqi_hourly_station_level_punjabi_bagh,_delhi_-_dpcc_2025_September_delhi_2025.xlsx",Sheet1,"Punjabi Bagh, Delhi - DPCC",Date,30,0,0.0,False
"Punjabi Bagh, Delhi - DPCC/AQI Hourly/aqi_hourly_station_level_punjabi_bagh,_delhi_-_dpcc_2025_September_delhi_2025.xlsx",Sheet1,"Punjabi Bagh, Delhi - DPCC",00:00:00,30,1,3.33,False
"Punjabi Bagh, Delhi - DPCC/AQI Hourly/aqi_hourly_station_level_punjabi_bagh,_delhi_-_dpcc_2025_September_delhi_2025.xlsx",Sheet1,"Punjabi Bagh, Delhi - DPCC",01:00:00,30,1,3.33,False
"Punjabi Bagh, Delhi - DPCC/AQI Hourly/aqi_hourly_station_level_punjabi_bagh,_delhi_-_dpcc_2025_September_delhi_2025.xlsx",Sheet1,"Punjabi Bagh, Delhi - DPCC",02:00:00,30,2,6.67,False
"Punjabi Bagh, Delhi - DPCC/AQI Hourly/aqi_hourly_station_level_punjabi_bagh,_delhi_-_dpcc_2025_September_delhi_2025.xlsx",Sheet1,"Punjabi Bagh, Delhi - DPCC",03:00:00,30,2,6.67,False
"Punjabi Bagh, Delhi - DPCC/AQI Hourly/aqi_hourly_station_level_punjabi_bagh,_delhi_-_dpcc_2025_September_delhi_2025.xlsx",Sheet1,"Punjabi Bagh, Delhi - DPCC",04:00:00,30,1,3.33,False
"Punjabi Bagh, Delhi - DPCC/AQI Hourly/aqi_hourly_station_level_punjabi_bagh,_delhi_-_dpcc_2025_September_delhi_2025.xlsx",Sheet1,"Punjabi Bagh, Delhi - DPCC",05:00:00,30,1,3.33,False
"Punjabi Bagh, Delhi - DPCC/AQI Hourly/aqi_hourly_station_level_punjabi_bagh,_delhi_-_dpcc_2025_September_delhi_2025.xlsx",Sheet1,"Punjabi Bagh, Delhi - DPCC",06:00:00,30,1,3.33,False
"Punjabi Bagh, Delhi - DPCC/AQI Hourly/aqi_hourly_station_level_punjabi_bagh,_delhi_-_dpcc_2025_September_delhi_2025.xlsx",Sheet1,"Punjabi Bagh, Delhi - DPCC",07:00:00,30,1,3.33,False
"Punjabi Bagh, Delhi - DPCC/AQI Hourly/aqi_hourly_station_level_punjabi_bagh,_delhi_-_dpcc_2025_September_delhi_2025.xlsx",Sheet1,"Punjabi Bagh, Delhi - DPCC",08:00:00,30,0,0.0,False
"Punjabi Bagh, Delhi - DPCC/AQI Hourly/aqi_hourly_station_level_punjabi_bagh,_delhi_-_dpcc_2025_September_delhi_2025.xlsx",Sheet1,"Punjabi Bagh, Delhi - DPCC",09:00:00,30,0,0.0,False
"Punjabi Bagh, Delhi - DPCC/AQI Hourly/aqi_hourly_station_level_punjabi_bagh,_delhi_-_dpcc_2025_September_delhi_2025.xlsx",Sheet1,"Punjabi Bagh, Delhi - DPCC",10:00:00,30,1,3.33,False
"Punjabi Bagh, Delhi - DPCC/AQI Hourly/aqi_hourly_station_level_punjabi_bagh,_delhi_-_dpcc_2025_September_delhi_2025.xlsx",Sheet1,"Punjabi Bagh, Delhi - DPCC",11:00:00,30,1,3.33,False
"Punjabi Bagh, Delhi - DPCC/AQI Hourly/aqi_hourly_station_level_punjabi_bagh,_delhi_-_dpcc_2025_September_delhi_2025.xlsx",Sheet1,"Punjabi Bagh, Delhi - DPCC",12:00:00,30,1,3.33,False
"Punjabi Bagh, Delhi - DPCC/AQI Hourly/aqi_hourly_station_level_punjabi_bagh,_delhi_-_dpcc_2025_September_delhi_2025.xlsx",Sheet1,"Punjabi Bagh, Delhi - DPCC",13:00:00,30,0,0.0,False
"Punjabi Bagh, Delhi - DPCC/AQI Hourly/aqi_hourly_station_level_punjabi_bagh,_delhi_-_dpcc_2025_September_delhi_2025.xlsx",Sheet1,"Punjabi Bagh, Delhi - DPCC",14:00:00,30,0,0.0,False
"Punjabi Bagh, Delhi - DPCC/AQI Hourly/aqi_hourly_station_level_punjabi_bagh,_delhi_-_dpcc_2025_September_delhi_2025.xlsx",Sheet1,"Punjabi Bagh, Delhi - DPCC",15:00:00,30,0,0.0,False
"Punjabi Bagh, Delhi - DPCC/AQI Hourly/aqi_hourly_station_level_punjabi_bagh,_delhi_-_dpcc_2025_September_delhi_2025.xlsx",Sheet1,"Punjabi Bagh, Delhi - DPCC",16:00:00,30,1,3.33,False
"Punjabi Bagh, Delhi - DPCC/AQI Hourly/aqi_hourly_station_level_punjabi_bagh,_delhi_-_dpcc_2025_September_delhi_2025.xlsx",Sheet1,"Punjabi Bagh, Delhi - DPCC",17:00:00,30,1,3.33,False
"Punjabi Bagh, Delhi - DPCC/AQI Hourly/aqi_hourly_station_level_punjabi_bagh,_delhi_-_dpcc_2025_September_delhi_2025.xlsx",Sheet1,"Punjabi Bagh, Delhi - DPCC",18:00:00,30,2,6.67,False
"Punjabi Bagh, Delhi - DPCC/AQI Hourly/aqi_hourly_station_level_punjabi_bagh,_delhi_-_dpcc_2025_September_delhi_2025.xlsx",Sheet1,"Punjabi Bagh, Delhi - DPCC",19:00:00,30,1,3.33,False
"Punjabi Bagh, Delhi - DPCC/AQI Hourly/aqi_hourly_station_level_punjabi_bagh,_delhi_-_dpcc_2025_September_delhi_2025.xlsx",Sheet1,"Punjabi Bagh, Delhi - DPCC",20:00:00,30,1,3.33,False
"Punjabi Bagh, Delhi - DPCC/AQI Hourly/aqi_hourly_station_level_punjabi_bagh,_delhi_-_dpcc_2025_September_delhi_2025.xlsx",Sheet1,"Punjabi Bagh, Delhi - DPCC",21:00:00,30,1,3.33,False
"Punjabi Bagh, Delhi - DPCC/AQI Hourly/aqi_hourly_station_level_punjabi_bagh,_delhi_-_dpcc_2025_September_delhi_2025.xlsx",Sheet1,"Punjabi Bagh, Delhi - DPCC",22:00:00,30,1,3.33,False
"Punjabi Bagh, Delhi - DPCC/AQI Hourly/aqi_hourly_station_level_punjabi_bagh,_delhi_-_dpcc_2025_September_delhi_2025.xlsx",Sheet1,"Punjabi Bagh, Delhi - DPCC",23:00:00,30,2,6.67,False
"Punjabi Bagh, Delhi - DPCC/Raw Data/2024_raw_data_hourly_punjabi_bagh,_delhi_-_dpcc_1H.csv",sheet1,"Punjabi Bagh, Delhi - DPCC",Timestamp,8784,0,0.0,False
"Punjabi Bagh, Delhi - DPCC/Raw Data/2024_raw_data_hourly_punjabi_bagh,_delhi_-_dpcc_1H.csv",sheet1,"Punjabi Bagh, Delhi - DPCC",PM2.5 (µg/m³),8784,229,2.61,False
"Punjabi Bagh, Delhi - DPCC/Raw Data/2024_raw_data_hourly_punjabi_bagh,_delhi_-_dpcc_1H.csv",sheet1,"Punjabi Bagh, Delhi - DPCC",PM10 (µg/m³),8784,239,2.72,False
"Punjabi Bagh, Delhi - DPCC/Raw Data/2024_raw_data_hourly_punjabi_bagh,_delhi_-_dpcc_1H.csv",sheet1,"Punjabi Bagh, Delhi - DPCC",NO (µg/m³),8784,179,2.04,False
"Punjabi Bagh, Delhi - DPCC/Raw Data/2024_raw_data_hourly_punjabi_bagh,_delhi_-_dpcc_1H.csv",sheet1,"Punjabi Bagh, Delhi - DPCC",NO2 (µg/m³),8784,201,2.29,False
"Punjabi Bagh, Delhi - DPCC/Raw Data/2024_raw_data_hourly_punjabi_bagh,_delhi_-_dpcc_1H.csv",sheet1,"Punjabi Bagh, Delhi - DPCC",NOx (ppb),8784,158,1.8,False
"Punjabi Bagh, Delhi - DPCC/Raw Data/2024_raw_data_hourly_punjabi_bagh,_delhi_-_dpcc_1H.csv",sheet1,"Punjabi Bagh, Delhi - DPCC",NH3 (µg/m³),8784,175,1.99,False
"Punjabi Bagh, Delhi - DPCC/Raw Data/2024_raw_data_hourly_punjabi_bagh,_delhi_-_dpcc_1H.csv",sheet1,"Punjabi Bagh, Delhi - DPCC",SO2 (µg/m³),8784,826,9.4,False
"Punjabi Bagh, Delhi - DPCC/Raw Data/2024_raw_data_hourly_punjabi_bagh,_delhi_-_dpcc_1H.csv",sheet1,"Punjabi Bagh, Delhi - DPCC",CO (mg/m³),8784,194,2.21,False
"Punjabi Bagh, Delhi - DPCC/Raw Data/2024_raw_data_hourly_punjabi_bagh,_delhi_-_dpcc_1H.csv",sheet1,"Punjabi Bagh, Delhi - DPCC",Ozone (µg/m³),8784,274,3.12,False
"Punjabi Bagh, Delhi - DPCC/Raw Data/2024_raw_data_hourly_punjabi_bagh,_delhi_-_dpcc_1H.csv",sheet1,"Punjabi Bagh, Delhi - DPCC",Benzene (µg/m³),8784,7717,87.85,False
"Punjabi Bagh, Delhi - DPCC/Raw Data/2024_raw_data_hourly_punjabi_bagh,_delhi_-_dpcc_1H.csv",sheet1,"Punjabi Bagh, Delhi - DPCC",Toluene (µg/m³),8784,7717,87.85,False
"Punjabi Bagh, Delhi - DPCC/Raw Data/2024_raw_data_hourly_punjabi_bagh,_delhi_-_dpcc_1H.csv",sheet1,"Punjabi Bagh, Delhi - DPCC",Xylene (µg/m³),8784,8784,100.0,True
"Punjabi Bagh, Delhi - DPCC/Raw Data/2024_raw_data_hourly_punjabi_bagh,_delhi_-_dpcc_1H.csv",sheet1,"Punjabi Bagh, Delhi - DPCC",O Xylene (µg/m³),8784,8784,100.0,True
"Punjabi Bagh, Delhi - DPCC/Raw Data/2024_raw_data_hourly_punjabi_bagh,_delhi_-_dpcc_1H.csv",sheet1,"Punjabi Bagh, Delhi - DPCC",Eth-Benzene (µg/m³),8784,8784,100.0,True
"Punjabi Bagh, Delhi - DPCC/Raw Data/2024_raw_data_hourly_punjabi_bagh,_delhi_-_dpcc_1H.csv",sheet1,"Punjabi Bagh, Delhi - DPCC",MP-Xylene (µg/m³),8784,8268,94.13,False
"Punjabi Bagh, Delhi - DPCC/Raw Data/2024_raw_data_hourly_punjabi_bagh,_delhi_-_dpcc_1H.csv",sheet1,"Punjabi Bagh, Delhi - DPCC",AT (°C),8784,72,0.82,False
"Punjabi Bagh, Delhi - DPCC/Raw Data/2024_raw_data_hourly_punjabi_bagh,_delhi_-_dpcc_1H.csv",sheet1,"Punjabi Bagh, Delhi - DPCC",RH (%),8784,72,0.82,False
"Punjabi Bagh, Delhi - DPCC/Raw Data/2024_raw_data_hourly_punjabi_bagh,_delhi_-_dpcc_1H.csv",sheet1,"Punjabi Bagh, Delhi - DPCC",WS (m/s),8784,72,0.82,False
"Punjabi Bagh, Delhi - DPCC/Raw Data/2024_raw_data_hourly_punjabi_bagh,_delhi_-_dpcc_1H.csv",sheet1,"Punjabi Bagh, Delhi - DPCC",WD (deg),8784,72,0.82,False
"Punjabi Bagh, Delhi - DPCC/Raw Data/2024_raw_data_hourly_punjabi_bagh,_delhi_-_dpcc_1H.csv",sheet1,"Punjabi Bagh, Delhi - DPCC",RF (mm),8784,8784,100.0,True
"Punjabi Bagh, Delhi - DPCC/Raw Data/2024_raw_data_hourly_punjabi_bagh,_delhi_-_dpcc_1H.csv",sheet1,"Punjabi Bagh, Delhi - DPCC",TOT-RF (mm),8784,0,0.0,False
"Punjabi Bagh, Delhi - DPCC/Raw Data/2024_raw_data_hourly_punjabi_bagh,_delhi_-_dpcc_1H.csv",sheet1,"Punjabi Bagh, Delhi - DPCC",SR (W/mt2),8784,72,0.82,False
"Punjabi Bagh, Delhi - DPCC/Raw Data/2024_raw_data_hourly_punjabi_bagh,_delhi_-_dpcc_1H.csv",sheet1,"Punjabi Bagh, Delhi - DPCC",BP (mmHg),8784,8547,97.3,False
"Punjabi Bagh, Delhi - DPCC/Raw Data/2024_raw_data_hourly_punjabi_bagh,_delhi_-_dpcc_1H.csv",sheet1,"Punjabi Bagh, Delhi - DPCC",VWS (m/s),8784,72,0.82,False
"Punjabi Bagh, Delhi - DPCC/Raw Data/2025_raw_data_hourly_punjabi_bagh,_delhi_-_dpcc_1H.csv",sheet1,"Punjabi Bagh, Delhi - DPCC",Timestamp,8760,0,0.0,False
"Punjabi Bagh, Delhi - DPCC/Raw Data/2025_raw_data_hourly_punjabi_bagh,_delhi_-_dpcc_1H.csv",sheet1,"Punjabi Bagh, Delhi - DPCC",PM2.5 (µg/m³),8760,660,7.53,False
"Punjabi Bagh, Delhi - DPCC/Raw Data/2025_raw_data_hourly_punjabi_bagh,_delhi_-_dpcc_1H.csv",sheet1,"Punjabi Bagh, Delhi - DPCC",PM10 (µg/m³),8760,701,8.0,False
"Punjabi Bagh, Delhi - DPCC/Raw Data/2025_raw_data_hourly_punjabi_bagh,_delhi_-_dpcc_1H.csv",sheet1,"Punjabi Bagh, Delhi - DPCC",NO (µg/m³),8760,621,7.09,False
"Punjabi Bagh, Delhi - DPCC/Raw Data/2025_raw_data_hourly_punjabi_bagh,_delhi_-_dpcc_1H.csv",sheet1,"Punjabi Bagh, Delhi - DPCC",NO2 (µg/m³),8760,615,7.02,False
"Punjabi Bagh, Delhi - DPCC/Raw Data/2025_raw_data_hourly_punjabi_bagh,_delhi_-_dpcc_1H.csv",sheet1,"Punjabi Bagh, Delhi - DPCC",NOx (ppb),8760,507,5.79,False
"Punjabi Bagh, Delhi - DPCC/Raw Data/2025_raw_data_hourly_punjabi_bagh,_delhi_-_dpcc_1H.csv",sheet1,"Punjabi Bagh, Delhi - DPCC",NH3 (µg/m³),8760,607,6.93,False
"Punjabi Bagh, Delhi - DPCC/Raw Data/2025_raw_data_hourly_punjabi_bagh,_delhi_-_dpcc_1H.csv",sheet1,"Punjabi Bagh, Delhi - DPCC",SO2 (µg/m³),8760,1210,13.81,False
"Punjabi Bagh, Delhi - DPCC/Raw Data/2025_raw_data_hourly_punjabi_bagh,_delhi_-_dpcc_1H.csv",sheet1,"Punjabi Bagh, Delhi - DPCC",CO (mg/m³),8760,374,4.27,False
"Punjabi Bagh, Delhi - DPCC/Raw Data/2025_raw_data_hourly_punjabi_bagh,_delhi_-_dpcc_1H.csv",sheet1,"Punjabi Bagh, Delhi - DPCC",Ozone (µg/m³),8760,624,7.12,False
"Punjabi Bagh, Delhi - DPCC/Raw Data/2025_raw_data_hourly_punjabi_bagh,_delhi_-_dpcc_1H.csv",sheet1,"Punjabi Bagh, Delhi - DPCC",Benzene (µg/m³),8760,7994,91.26,False
"Punjabi Bagh, Delhi - DPCC/Raw Data/2025_raw_data_hourly_punjabi_bagh,_delhi_-_dpcc_1H.csv",sheet1,"Punjabi Bagh, Delhi - DPCC",Toluene (µg/m³),8760,8019,91.54,False
"Punjabi Bagh, Delhi - DPCC/Raw Data/2025_raw_data_hourly_punjabi_bagh,_delhi_-_dpcc_1H.csv",sheet1,"Punjabi Bagh, Delhi - DPCC",Xylene (µg/m³),8760,8760,100.0,True
"Punjabi Bagh, Delhi - DPCC/Raw Data/2025_raw_data_hourly_punjabi_bagh,_delhi_-_dpcc_1H.csv",sheet1,"Punjabi Bagh, Delhi - DPCC",O Xylene (µg/m³),8760,8760,100.0,True
"Punjabi Bagh, Delhi - DPCC/Raw Data/2025_raw_data_hourly_punjabi_bagh,_delhi_-_dpcc_1H.csv",sheet1,"Punjabi Bagh, Delhi - DPCC",Eth-Benzene (µg/m³),8760,8760,100.0,True
"Punjabi Bagh, Delhi - DPCC/Raw Data/2025_raw_data_hourly_punjabi_bagh,_delhi_-_dpcc_1H.csv",sheet1,"Punjabi Bagh, Delhi - DPCC",MP-Xylene (µg/m³),8760,8588,98.04,False
"Punjabi Bagh, Delhi - DPCC/Raw Data/2025_raw_data_hourly_punjabi_bagh,_delhi_-_dpcc_1H.csv",sheet1,"Punjabi Bagh, Delhi - DPCC",AT (°C),8760,335,3.82,False
"Punjabi Bagh, Delhi - DPCC/Raw Data/2025_raw_data_hourly_punjabi_bagh,_delhi_-_dpcc_1H.csv",sheet1,"Punjabi Bagh, Delhi - DPCC",RH (%),8760,333,3.8,False
"Punjabi Bagh, Delhi - DPCC/Raw Data/2025_raw_data_hourly_punjabi_bagh,_delhi_-_dpcc_1H.csv",sheet1,"Punjabi Bagh, Delhi - DPCC",WS (m/s),8760,333,3.8,False
"Punjabi Bagh, Delhi - DPCC/Raw Data/2025_raw_data_hourly_punjabi_bagh,_delhi_-_dpcc_1H.csv",sheet1,"Punjabi Bagh, Delhi - DPCC",WD (deg),8760,333,3.8,False
"Punjabi Bagh, Delhi - DPCC/Raw Data/2025_raw_data_hourly_punjabi_bagh,_delhi_-_dpcc_1H.csv",sheet1,"Punjabi Bagh, Delhi - DPCC",RF (mm),8760,8760,100.0,True
"Punjabi Bagh, Delhi - DPCC/Raw Data/2025_raw_data_hourly_punjabi_bagh,_delhi_-_dpcc_1H.csv",sheet1,"Punjabi Bagh, Delhi - DPCC",TOT-RF (mm),8760,0,0.0,False
"Punjabi Bagh, Delhi - DPCC/Raw Data/2025_raw_data_hourly_punjabi_bagh,_delhi_-_dpcc_1H.csv",sheet1,"Punjabi Bagh, Delhi - DPCC",SR (W/mt2),8760,333,3.8,False
"Punjabi Bagh, Delhi - DPCC/Raw Data/2025_raw_data_hourly_punjabi_bagh,_delhi_-_dpcc_1H.csv",sheet1,"Punjabi Bagh, Delhi - DPCC",BP (mmHg),8760,8760,100.0,True
"Punjabi Bagh, Delhi - DPCC/Raw Data/2025_raw_data_hourly_punjabi_bagh,_delhi_-_dpcc_1H.csv",sheet1,"Punjabi Bagh, Delhi - DPCC",VWS (m/s),8760,333,3.8,False
"Punjabi Bagh, Delhi - DPCC/Raw Data/2026_raw_data_hourly_punjabi_bagh,_delhi_-_dpcc_1H.csv",sheet1,"Punjabi Bagh, Delhi - DPCC",Timestamp,5088,0,0.0,False
"Punjabi Bagh, Delhi - DPCC/Raw Data/2026_raw_data_hourly_punjabi_bagh,_delhi_-_dpcc_1H.csv",sheet1,"Punjabi Bagh, Delhi - DPCC",PM2.5 (µg/m³),5088,260,5.11,False
"Punjabi Bagh, Delhi - DPCC/Raw Data/2026_raw_data_hourly_punjabi_bagh,_delhi_-_dpcc_1H.csv",sheet1,"Punjabi Bagh, Delhi - DPCC",PM10 (µg/m³),5088,208,4.09,False
"Punjabi Bagh, Delhi - DPCC/Raw Data/2026_raw_data_hourly_punjabi_bagh,_delhi_-_dpcc_1H.csv",sheet1,"Punjabi Bagh, Delhi - DPCC",NO (µg/m³),5088,137,2.69,False
"Punjabi Bagh, Delhi - DPCC/Raw Data/2026_raw_data_hourly_punjabi_bagh,_delhi_-_dpcc_1H.csv",sheet1,"Punjabi Bagh, Delhi - DPCC",NO2 (µg/m³),5088,148,2.91,False
"Punjabi Bagh, Delhi - DPCC/Raw Data/2026_raw_data_hourly_punjabi_bagh,_delhi_-_dpcc_1H.csv",sheet1,"Punjabi Bagh, Delhi - DPCC",NOx (ppb),5088,126,2.48,False
"Punjabi Bagh, Delhi - DPCC/Raw Data/2026_raw_data_hourly_punjabi_bagh,_delhi_-_dpcc_1H.csv",sheet1,"Punjabi Bagh, Delhi - DPCC",NH3 (µg/m³),5088,214,4.21,False
"Punjabi Bagh, Delhi - DPCC/Raw Data/2026_raw_data_hourly_punjabi_bagh,_delhi_-_dpcc_1H.csv",sheet1,"Punjabi Bagh, Delhi - DPCC",SO2 (µg/m³),5088,269,5.29,False
"Punjabi Bagh, Delhi - DPCC/Raw Data/2026_raw_data_hourly_punjabi_bagh,_delhi_-_dpcc_1H.csv",sheet1,"Punjabi Bagh, Delhi - DPCC",CO (mg/m³),5088,136,2.67,False
"Punjabi Bagh, Delhi - DPCC/Raw Data/2026_raw_data_hourly_punjabi_bagh,_delhi_-_dpcc_1H.csv",sheet1,"Punjabi Bagh, Delhi - DPCC",Ozone (µg/m³),5088,207,4.07,False
"Punjabi Bagh, Delhi - DPCC/Raw Data/2026_raw_data_hourly_punjabi_bagh,_delhi_-_dpcc_1H.csv",sheet1,"Punjabi Bagh, Delhi - DPCC",Benzene (µg/m³),5088,5085,99.94,False
"Punjabi Bagh, Delhi - DPCC/Raw Data/2026_raw_data_hourly_punjabi_bagh,_delhi_-_dpcc_1H.csv",sheet1,"Punjabi Bagh, Delhi - DPCC",Toluene (µg/m³),5088,5085,99.94,False
"Punjabi Bagh, Delhi - DPCC/Raw Data/2026_raw_data_hourly_punjabi_bagh,_delhi_-_dpcc_1H.csv",sheet1,"Punjabi Bagh, Delhi - DPCC",Xylene (µg/m³),5088,5088,100.0,True
"Punjabi Bagh, Delhi - DPCC/Raw Data/2026_raw_data_hourly_punjabi_bagh,_delhi_-_dpcc_1H.csv",sheet1,"Punjabi Bagh, Delhi - DPCC",O Xylene (µg/m³),5088,5088,100.0,True
"Punjabi Bagh, Delhi - DPCC/Raw Data/2026_raw_data_hourly_punjabi_bagh,_delhi_-_dpcc_1H.csv",sheet1,"Punjabi Bagh, Delhi - DPCC",Eth-Benzene (µg/m³),5088,5088,100.0,True
"Punjabi Bagh, Delhi - DPCC/Raw Data/2026_raw_data_hourly_punjabi_bagh,_delhi_-_dpcc_1H.csv",sheet1,"Punjabi Bagh, Delhi - DPCC",MP-Xylene (µg/m³),5088,5085,99.94,False
"Punjabi Bagh, Delhi - DPCC/Raw Data/2026_raw_data_hourly_punjabi_bagh,_delhi_-_dpcc_1H.csv",sheet1,"Punjabi Bagh, Delhi - DPCC",AT (°C),5088,215,4.23,False
"Punjabi Bagh, Delhi - DPCC/Raw Data/2026_raw_data_hourly_punjabi_bagh,_delhi_-_dpcc_1H.csv",sheet1,"Punjabi Bagh, Delhi - DPCC",RH (%),5088,118,2.32,False
"Punjabi Bagh, Delhi - DPCC/Raw Data/2026_raw_data_hourly_punjabi_bagh,_delhi_-_dpcc_1H.csv",sheet1,"Punjabi Bagh, Delhi - DPCC",WS (m/s),5088,118,2.32,False
"Punjabi Bagh, Delhi - DPCC/Raw Data/2026_raw_data_hourly_punjabi_bagh,_delhi_-_dpcc_1H.csv",sheet1,"Punjabi Bagh, Delhi - DPCC",WD (deg),5088,118,2.32,False
"Punjabi Bagh, Delhi - DPCC/Raw Data/2026_raw_data_hourly_punjabi_bagh,_delhi_-_dpcc_1H.csv",sheet1,"Punjabi Bagh, Delhi - DPCC",RF (mm),5088,5088,100.0,True
"Punjabi Bagh, Delhi - DPCC/Raw Data/2026_raw_data_hourly_punjabi_bagh,_delhi_-_dpcc_1H.csv",sheet1,"Punjabi Bagh, Delhi - DPCC",TOT-RF (mm),5088,5088,100.0,True
"Punjabi Bagh, Delhi - DPCC/Raw Data/2026_raw_data_hourly_punjabi_bagh,_delhi_-_dpcc_1H.csv",sheet1,"Punjabi Bagh, Delhi - DPCC",SR (W/mt2),5088,118,2.32,False
"Punjabi Bagh, Delhi - DPCC/Raw Data/2026_raw_data_hourly_punjabi_bagh,_delhi_-_dpcc_1H.csv",sheet1,"Punjabi Bagh, Delhi - DPCC",BP (mmHg),5088,5088,100.0,True
"Punjabi Bagh, Delhi - DPCC/Raw Data/2026_raw_data_hourly_punjabi_bagh,_delhi_-_dpcc_1H.csv",sheet1,"Punjabi Bagh, Delhi - DPCC",VWS (m/s),5088,118,2.32,False
"R K Puram, Delhi - DPCC/AQI Hourly/aqi_hourly_station_level_r_k_puram,_delhi_-_dpcc_2025_April_delhi_2025.xlsx",Sheet1,"R K Puram, Delhi - DPCC",Date,28,0,0.0,False
"R K Puram, Delhi - DPCC/AQI Hourly/aqi_hourly_station_level_r_k_puram,_delhi_-_dpcc_2025_April_delhi_2025.xlsx",Sheet1,"R K Puram, Delhi - DPCC",00:00:00,28,2,7.14,False
"R K Puram, Delhi - DPCC/AQI Hourly/aqi_hourly_station_level_r_k_puram,_delhi_-_dpcc_2025_April_delhi_2025.xlsx",Sheet1,"R K Puram, Delhi - DPCC",01:00:00,28,2,7.14,False
"R K Puram, Delhi - DPCC/AQI Hourly/aqi_hourly_station_level_r_k_puram,_delhi_-_dpcc_2025_April_delhi_2025.xlsx",Sheet1,"R K Puram, Delhi - DPCC",02:00:00,28,2,7.14,False
"R K Puram, Delhi - DPCC/AQI Hourly/aqi_hourly_station_level_r_k_puram,_delhi_-_dpcc_2025_April_delhi_2025.xlsx",Sheet1,"R K Puram, Delhi - DPCC",03:00:00,28,3,10.71,False
"R K Puram, Delhi - DPCC/AQI Hourly/aqi_hourly_station_level_r_k_puram,_delhi_-_dpcc_2025_April_delhi_2025.xlsx",Sheet1,"R K Puram, Delhi - DPCC",04:00:00,28,3,10.71,False
"R K Puram, Delhi - DPCC/AQI Hourly/aqi_hourly_station_level_r_k_puram,_delhi_-_dpcc_2025_April_delhi_2025.xlsx",Sheet1,"R K Puram, Delhi - DPCC",05:00:00,28,1,3.57,False
"R K Puram, Delhi - DPCC/AQI Hourly/aqi_hourly_station_level_r_k_puram,_delhi_-_dpcc_2025_April_delhi_2025.xlsx",Sheet1,"R K Puram, Delhi - DPCC",06:00:00,28,1,3.57,False
"R K Puram, Delhi - DPCC/AQI Hourly/aqi_hourly_station_level_r_k_puram,_delhi_-_dpcc_2025_April_delhi_2025.xlsx",Sheet1,"R K Puram, Delhi - DPCC",07:00:00,28,1,3.57,False
"R K Puram, Delhi - DPCC/AQI Hourly/aqi_hourly_station_level_r_k_puram,_delhi_-_dpcc_2025_April_delhi_2025.xlsx",Sheet1,"R K Puram, Delhi - DPCC",08:00:00,28,1,3.57,False
"R K Puram, Delhi - DPCC/AQI Hourly/aqi_hourly_station_level_r_k_puram,_delhi_-_dpcc_2025_April_delhi_2025.xlsx",Sheet1,"R K Puram, Delhi - DPCC",09:00:00,28,1,3.57,False
"R K Puram, Delhi - DPCC/AQI Hourly/aqi_hourly_station_level_r_k_puram,_delhi_-_dpcc_2025_April_delhi_2025.xlsx",Sheet1,"R K Puram, Delhi - DPCC",10:00:00,28,1,3.57,False
"R K Puram, Delhi - DPCC/AQI Hourly/aqi_hourly_station_level_r_k_puram,_delhi_-_dpcc_2025_April_delhi_2025.xlsx",Sheet1,"R K Puram, Delhi - DPCC",11:00:00,28,2,7.14,False
"R K Puram, Delhi - DPCC/AQI Hourly/aqi_hourly_station_level_r_k_puram,_delhi_-_dpcc_2025_April_delhi_2025.xlsx",Sheet1,"R K Puram, Delhi - DPCC",12:00:00,28,1,3.57,False
"R K Puram, Delhi - DPCC/AQI Hourly/aqi_hourly_station_level_r_k_puram,_delhi_-_dpcc_2025_April_delhi_2025.xlsx",Sheet1,"R K Puram, Delhi - DPCC",13:00:00,28,2,7.14,False
"R K Puram, Delhi - DPCC/AQI Hourly/aqi_hourly_station_level_r_k_puram,_delhi_-_dpcc_2025_April_delhi_2025.xlsx",Sheet1,"R K Puram, Delhi - DPCC",14:00:00,28,1,3.57,False
"R K Puram, Delhi - DPCC/AQI Hourly/aqi_hourly_station_level_r_k_puram,_delhi_-_dpcc_2025_April_delhi_2025.xlsx",Sheet1,"R K Puram, Delhi - DPCC",15:00:00,28,1,3.57,False
"R K Puram, Delhi - DPCC/AQI Hourly/aqi_hourly_station_level_r_k_puram,_delhi_-_dpcc_2025_April_delhi_2025.xlsx",Sheet1,"R K Puram, Delhi - DPCC",16:00:00,28,1,3.57,False
"R K Puram, Delhi - DPCC/AQI Hourly/aqi_hourly_station_level_r_k_puram,_delhi_-_dpcc_2025_April_delhi_2025.xlsx",Sheet1,"R K Puram, Delhi - DPCC",17:00:00,28,1,3.57,False
"R K Puram, Delhi - DPCC/AQI Hourly/aqi_hourly_station_level_r_k_puram,_delhi_-_dpcc_2025_April_delhi_2025.xlsx",Sheet1,"R K Puram, Delhi - DPCC",18:00:00,28,2,7.14,False
"R K Puram, Delhi - DPCC/AQI Hourly/aqi_hourly_station_level_r_k_puram,_delhi_-_dpcc_2025_April_delhi_2025.xlsx",Sheet1,"R K Puram, Delhi - DPCC",19:00:00,28,2,7.14,False
"R K Puram, Delhi - DPCC/AQI Hourly/aqi_hourly_station_level_r_k_puram,_delhi_-_dpcc_2025_April_delhi_2025.xlsx",Sheet1,"R K Puram, Delhi - DPCC",20:00:00,28,1,3.57,False
"R K Puram, Delhi - DPCC/AQI Hourly/aqi_hourly_station_level_r_k_puram,_delhi_-_dpcc_2025_April_delhi_2025.xlsx",Sheet1,"R K Puram, Delhi - DPCC",21:00:00,28,1,3.57,False
"R K Puram, Delhi - DPCC/AQI Hourly/aqi_hourly_station_level_r_k_puram,_delhi_-_dpcc_2025_April_delhi_2025.xlsx",Sheet1,"R K Puram, Delhi - DPCC",22:00:00,28,3,10.71,False
"R K Puram, Delhi - DPCC/AQI Hourly/aqi_hourly_station_level_r_k_puram,_delhi_-_dpcc_2025_April_delhi_2025.xlsx",Sheet1,"R K Puram, Delhi - DPCC",23:00:00,28,3,10.71,False
"R K Puram, Delhi - DPCC/AQI Hourly/aqi_hourly_station_level_r_k_puram,_delhi_-_dpcc_2025_August_delhi_2025.xlsx",Sheet1,"R K Puram, Delhi - DPCC",Date,31,0,0.0,False
"R K Puram, Delhi - DPCC/AQI Hourly/aqi_hourly_station_level_r_k_puram,_delhi_-_dpcc_2025_August_delhi_2025.xlsx",Sheet1,"R K Puram, Delhi - DPCC",00:00:00,31,4,12.9,False
"R K Puram, Delhi - DPCC/AQI Hourly/aqi_hourly_station_level_r_k_puram,_delhi_-_dpcc_2025_August_delhi_2025.xlsx",Sheet1,"R K Puram, Delhi - DPCC",01:00:00,31,4,12.9,False
"R K Puram, Delhi - DPCC/AQI Hourly/aqi_hourly_station_level_r_k_puram,_delhi_-_dpcc_2025_August_delhi_2025.xlsx",Sheet1,"R K Puram, Delhi - DPCC",02:00:00,31,4,12.9,False
"R K Puram, Delhi - DPCC/AQI Hourly/aqi_hourly_station_level_r_k_puram,_delhi_-_dpcc_2025_August_delhi_2025.xlsx",Sheet1,"R K Puram, Delhi - DPCC",03:00:00,31,7,22.58,False
"R K Puram, Delhi - DPCC/AQI Hourly/aqi_hourly_station_level_r_k_puram,_delhi_-_dpcc_2025_August_delhi_2025.xlsx",Sheet1,"R K Puram, Delhi - DPCC",04:00:00,31,5,16.13,False
"R K Puram, Delhi - DPCC/AQI Hourly/aqi_hourly_station_level_r_k_puram,_delhi_-_dpcc_2025_August_delhi_2025.xlsx",Sheet1,"R K Puram, Delhi - DPCC",05:00:00,31,5,16.13,False
"R K Puram, Delhi - DPCC/AQI Hourly/aqi_hourly_station_level_r_k_puram,_delhi_-_dpcc_2025_August_delhi_2025.xlsx",Sheet1,"R K Puram, Delhi - DPCC",06:00:00,31,5,16.13,False
"R K Puram, Delhi - DPCC/AQI Hourly/aqi_hourly_station_level_r_k_puram,_delhi_-_dpcc_2025_August_delhi_2025.xlsx",Sheet1,"R K Puram, Delhi - DPCC",07:00:00,31,4,12.9,False
"R K Puram, Delhi - DPCC/AQI Hourly/aqi_hourly_station_level_r_k_puram,_delhi_-_dpcc_2025_August_delhi_2025.xlsx",Sheet1,"R K Puram, Delhi - DPCC",08:00:00,31,5,16.13,False
"R K Puram, Delhi - DPCC/AQI Hourly/aqi_hourly_station_level_r_k_puram,_delhi_-_dpcc_2025_August_delhi_2025.xlsx",Sheet1,"R K Puram, Delhi - DPCC",09:00:00,31,4,12.9,False
"R K Puram, Delhi - DPCC/AQI Hourly/aqi_hourly_station_level_r_k_puram,_delhi_-_dpcc_2025_August_delhi_2025.xlsx",Sheet1,"R K Puram, Delhi - DPCC",10:00:00,31,3,9.68,False
"R K Puram, Delhi - DPCC/AQI Hourly/aqi_hourly_station_level_r_k_puram,_delhi_-_dpcc_2025_August_delhi_2025.xlsx",Sheet1,"R K Puram, Delhi - DPCC",11:00:00,31,3,9.68,False
"R K Puram, Delhi - DPCC/AQI Hourly/aqi_hourly_station_level_r_k_puram,_delhi_-_dpcc_2025_August_delhi_2025.xlsx",Sheet1,"R K Puram, Delhi - DPCC",12:00:00,31,4,12.9,False
"R K Puram, Delhi - DPCC/AQI Hourly/aqi_hourly_station_level_r_k_puram,_delhi_-_dpcc_2025_August_delhi_2025.xlsx",Sheet1,"R K Puram, Delhi - DPCC",13:00:00,31,4,12.9,False
"R K Puram, Delhi - DPCC/AQI Hourly/aqi_hourly_station_level_r_k_puram,_delhi_-_dpcc_2025_August_delhi_2025.xlsx",Sheet1,"R K Puram, Delhi - DPCC",14:00:00,31,3,9.68,False
"R K Puram, Delhi - DPCC/AQI Hourly/aqi_hourly_station_level_r_k_puram,_delhi_-_dpcc_2025_August_delhi_2025.xlsx",Sheet1,"R K Puram, Delhi - DPCC",15:00:00,31,3,9.68,False
"R K Puram, Delhi - DPCC/AQI Hourly/aqi_hourly_station_level_r_k_puram,_delhi_-_dpcc_2025_August_delhi_2025.xlsx",Sheet1,"R K Puram, Delhi - DPCC",16:00:00,31,3,9.68,False
"R K Puram, Delhi - DPCC/AQI Hourly/aqi_hourly_station_level_r_k_puram,_delhi_-_dpcc_2025_August_delhi_2025.xlsx",Sheet1,"R K Puram, Delhi - DPCC",17:00:00,31,3,9.68,False
"R K Puram, Delhi - DPCC/AQI Hourly/aqi_hourly_station_level_r_k_puram,_delhi_-_dpcc_2025_August_delhi_2025.xlsx",Sheet1,"R K Puram, Delhi - DPCC",18:00:00,31,4,12.9,False
"R K Puram, Delhi - DPCC/AQI Hourly/aqi_hourly_station_level_r_k_puram,_delhi_-_dpcc_2025_August_delhi_2025.xlsx",Sheet1,"R K Puram, Delhi - DPCC",19:00:00,31,3,9.68,False
"R K Puram, Delhi - DPCC/AQI Hourly/aqi_hourly_station_level_r_k_puram,_delhi_-_dpcc_2025_August_delhi_2025.xlsx",Sheet1,"R K Puram, Delhi - DPCC",20:00:00,31,3,9.68,False
"R K Puram, Delhi - DPCC/AQI Hourly/aqi_hourly_station_level_r_k_puram,_delhi_-_dpcc_2025_August_delhi_2025.xlsx",Sheet1,"R K Puram, Delhi - DPCC",21:00:00,31,2,6.45,False
"R K Puram, Delhi - DPCC/AQI Hourly/aqi_hourly_station_level_r_k_puram,_delhi_-_dpcc_2025_August_delhi_2025.xlsx",Sheet1,"R K Puram, Delhi - DPCC",22:00:00,31,2,6.45,False
"R K Puram, Delhi - DPCC/AQI Hourly/aqi_hourly_station_level_r_k_puram,_delhi_-_dpcc_2025_August_delhi_2025.xlsx",Sheet1,"R K Puram, Delhi - DPCC",23:00:00,31,2,6.45,False
"R K Puram, Delhi - DPCC/AQI Hourly/aqi_hourly_station_level_r_k_puram,_delhi_-_dpcc_2025_December_delhi_2025.xlsx",Sheet1,"R K Puram, Delhi - DPCC",Date,31,0,0.0,False
"R K Puram, Delhi - DPCC/AQI Hourly/aqi_hourly_station_level_r_k_puram,_delhi_-_dpcc_2025_December_delhi_2025.xlsx",Sheet1,"R K Puram, Delhi - DPCC",00:00:00,31,2,6.45,False
"R K Puram, Delhi - DPCC/AQI Hourly/aqi_hourly_station_level_r_k_puram,_delhi_-_dpcc_2025_December_delhi_2025.xlsx",Sheet1,"R K Puram, Delhi - DPCC",01:00:00,31,2,6.45,False
"R K Puram, Delhi - DPCC/AQI Hourly/aqi_hourly_station_level_r_k_puram,_delhi_-_dpcc_2025_December_delhi_2025.xlsx",Sheet1,"R K Puram, Delhi - DPCC",02:00:00,31,2,6.45,False
"R K Puram, Delhi - DPCC/AQI Hourly/aqi_hourly_station_level_r_k_puram,_delhi_-_dpcc_2025_December_delhi_2025.xlsx",Sheet1,"R K Puram, Delhi - DPCC",03:00:00,31,1,3.23,False
"R K Puram, Delhi - DPCC/AQI Hourly/aqi_hourly_station_level_r_k_puram,_delhi_-_dpcc_2025_December_delhi_2025.xlsx",Sheet1,"R K Puram, Delhi - DPCC",04:00:00,31,1,3.23,False
"R K Puram, Delhi - DPCC/AQI Hourly/aqi_hourly_station_level_r_k_puram,_delhi_-_dpcc_2025_December_delhi_2025.xlsx",Sheet1,"R K Puram, Delhi - DPCC",05:00:00,31,1,3.23,False
"R K Puram, Delhi - DPCC/AQI Hourly/aqi_hourly_station_level_r_k_puram,_delhi_-_dpcc_2025_December_delhi_2025.xlsx",Sheet1,"R K Puram, Delhi - DPCC",06:00:00,31,1,3.23,False
"R K Puram, Delhi - DPCC/AQI Hourly/aqi_hourly_station_level_r_k_puram,_delhi_-_dpcc_2025_December_delhi_2025.xlsx",Sheet1,"R K Puram, Delhi - DPCC",07:00:00,31,2,6.45,False
"R K Puram, Delhi - DPCC/AQI Hourly/aqi_hourly_station_level_r_k_puram,_delhi_-_dpcc_2025_December_delhi_2025.xlsx",Sheet1,"R K Puram, Delhi - DPCC",08:00:00,31,1,3.23,False
"R K Puram, Delhi - DPCC/AQI Hourly/aqi_hourly_station_level_r_k_puram,_delhi_-_dpcc_2025_December_delhi_2025.xlsx",Sheet1,"R K Puram, Delhi - DPCC",09:00:00,31,1,3.23,False
"R K Puram, Delhi - DPCC/AQI Hourly/aqi_hourly_station_level_r_k_puram,_delhi_-_dpcc_2025_December_delhi_2025.xlsx",Sheet1,"R K Puram, Delhi - DPCC",10:00:00,31,1,3.23,False
"R K Puram, Delhi - DPCC/AQI Hourly/aqi_hourly_station_level_r_k_puram,_delhi_-_dpcc_2025_December_delhi_2025.xlsx",Sheet1,"R K Puram, Delhi - DPCC",11:00:00,31,1,3.23,False
"R K Puram, Delhi - DPCC/AQI Hourly/aqi_hourly_station_level_r_k_puram,_delhi_-_dpcc_2025_December_delhi_2025.xlsx",Sheet1,"R K Puram, Delhi - DPCC",12:00:00,31,1,3.23,False
"R K Puram, Delhi - DPCC/AQI Hourly/aqi_hourly_station_level_r_k_puram,_delhi_-_dpcc_2025_December_delhi_2025.xlsx",Sheet1,"R K Puram, Delhi - DPCC",13:00:00,31,1,3.23,False
"R K Puram, Delhi - DPCC/AQI Hourly/aqi_hourly_station_level_r_k_puram,_delhi_-_dpcc_2025_December_delhi_2025.xlsx",Sheet1,"R K Puram, Delhi - DPCC",14:00:00,31,1,3.23,False
"R K Puram, Delhi - DPCC/AQI Hourly/aqi_hourly_station_level_r_k_puram,_delhi_-_dpcc_2025_December_delhi_2025.xlsx",Sheet1,"R K Puram, Delhi - DPCC",15:00:00,31,1,3.23,False
"R K Puram, Delhi - DPCC/AQI Hourly/aqi_hourly_station_level_r_k_puram,_delhi_-_dpcc_2025_December_delhi_2025.xlsx",Sheet1,"R K Puram, Delhi - DPCC",16:00:00,31,1,3.23,False
"R K Puram, Delhi - DPCC/AQI Hourly/aqi_hourly_station_level_r_k_puram,_delhi_-_dpcc_2025_December_delhi_2025.xlsx",Sheet1,"R K Puram, Delhi - DPCC",17:00:00,31,1,3.23,False
"R K Puram, Delhi - DPCC/AQI Hourly/aqi_hourly_station_level_r_k_puram,_delhi_-_dpcc_2025_December_delhi_2025.xlsx",Sheet1,"R K Puram, Delhi - DPCC",18:00:00,31,1,3.23,False
"R K Puram, Delhi - DPCC/AQI Hourly/aqi_hourly_station_level_r_k_puram,_delhi_-_dpcc_2025_December_delhi_2025.xlsx",Sheet1,"R K Puram, Delhi - DPCC",19:00:00,31,1,3.23,False
"R K Puram, Delhi - DPCC/AQI Hourly/aqi_hourly_station_level_r_k_puram,_delhi_-_dpcc_2025_December_delhi_2025.xlsx",Sheet1,"R K Puram, Delhi - DPCC",20:00:00,31,2,6.45,False
"R K Puram, Delhi - DPCC/AQI Hourly/aqi_hourly_station_level_r_k_puram,_delhi_-_dpcc_2025_December_delhi_2025.xlsx",Sheet1,"R K Puram, Delhi - DPCC",21:00:00,31,1,3.23,False
"R K Puram, Delhi - DPCC/AQI Hourly/aqi_hourly_station_level_r_k_puram,_delhi_-_dpcc_2025_December_delhi_2025.xlsx",Sheet1,"R K Puram, Delhi - DPCC",22:00:00,31,1,3.23,False
"R K Puram, Delhi - DPCC/AQI Hourly/aqi_hourly_station_level_r_k_puram,_delhi_-_dpcc_2025_December_delhi_2025.xlsx",Sheet1,"R K Puram, Delhi - DPCC",23:00:00,31,1,3.23,False
"R K Puram, Delhi - DPCC/AQI Hourly/aqi_hourly_station_level_r_k_puram,_delhi_-_dpcc_2025_February_delhi_2025.xlsx",Sheet1,"R K Puram, Delhi - DPCC",Date,28,0,0.0,False
"R K Puram, Delhi - DPCC/AQI Hourly/aqi_hourly_station_level_r_k_puram,_delhi_-_dpcc_2025_February_delhi_2025.xlsx",Sheet1,"R K Puram, Delhi - DPCC",00:00:00,28,0,0.0,False
"R K Puram, Delhi - DPCC/AQI Hourly/aqi_hourly_station_level_r_k_puram,_delhi_-_dpcc_2025_February_delhi_2025.xlsx",Sheet1,"R K Puram, Delhi - DPCC",01:00:00,28,0,0.0,False
"R K Puram, Delhi - DPCC/AQI Hourly/aqi_hourly_station_level_r_k_puram,_delhi_-_dpcc_2025_February_delhi_2025.xlsx",Sheet1,"R K Puram, Delhi - DPCC",02:00:00,28,0,0.0,False
"R K Puram, Delhi - DPCC/AQI Hourly/aqi_hourly_station_level_r_k_puram,_delhi_-_dpcc_2025_February_delhi_2025.xlsx",Sheet1,"R K Puram, Delhi - DPCC",03:00:00,28,0,0.0,False
"R K Puram, Delhi - DPCC/AQI Hourly/aqi_hourly_station_level_r_k_puram,_delhi_-_dpcc_2025_February_delhi_2025.xlsx",Sheet1,"R K Puram, Delhi - DPCC",04:00:00,28,0,0.0,False
"R K Puram, Delhi - DPCC/AQI Hourly/aqi_hourly_station_level_r_k_puram,_delhi_-_dpcc_2025_February_delhi_2025.xlsx",Sheet1,"R K Puram, Delhi - DPCC",05:00:00,28,0,0.0,False
"R K Puram, Delhi - DPCC/AQI Hourly/aqi_hourly_station_level_r_k_puram,_delhi_-_dpcc_2025_February_delhi_2025.xlsx",Sheet1,"R K Puram, Delhi - DPCC",06:00:00,28,0,0.0,False
"R K Puram, Delhi - DPCC/AQI Hourly/aqi_hourly_station_level_r_k_puram,_delhi_-_dpcc_2025_February_delhi_2025.xlsx",Sheet1,"R K Puram, Delhi - DPCC",07:00:00,28,0,0.0,False
"R K Puram, Delhi - DPCC/AQI Hourly/aqi_hourly_station_level_r_k_puram,_delhi_-_dpcc_2025_February_delhi_2025.xlsx",Sheet1,"R K Puram, Delhi - DPCC",08:00:00,28,0,0.0,False
"R K Puram, Delhi - DPCC/AQI Hourly/aqi_hourly_station_level_r_k_puram,_delhi_-_dpcc_2025_February_delhi_2025.xlsx",Sheet1,"R K Puram, Delhi - DPCC",09:00:00,28,0,0.0,False
"R K Puram, Delhi - DPCC/AQI Hourly/aqi_hourly_station_level_r_k_puram,_delhi_-_dpcc_2025_February_delhi_2025.xlsx",Sheet1,"R K Puram, Delhi - DPCC",10:00:00,28,0,0.0,False
"R K Puram, Delhi - DPCC/AQI Hourly/aqi_hourly_station_level_r_k_puram,_delhi_-_dpcc_2025_February_delhi_2025.xlsx",Sheet1,"R K Puram, Delhi - DPCC",11:00:00,28,0,0.0,False
"R K Puram, Delhi - DPCC/AQI Hourly/aqi_hourly_station_level_r_k_puram,_delhi_-_dpcc_2025_February_delhi_2025.xlsx",Sheet1,"R K Puram, Delhi - DPCC",12:00:00,28,0,0.0,False
"R K Puram, Delhi - DPCC/AQI Hourly/aqi_hourly_station_level_r_k_puram,_delhi_-_dpcc_2025_February_delhi_2025.xlsx",Sheet1,"R K Puram, Delhi - DPCC",13:00:00,28,0,0.0,False
"R K Puram, Delhi - DPCC/AQI Hourly/aqi_hourly_station_level_r_k_puram,_delhi_-_dpcc_2025_February_delhi_2025.xlsx",Sheet1,"R K Puram, Delhi - DPCC",14:00:00,28,0,0.0,False
"R K Puram, Delhi - DPCC/AQI Hourly/aqi_hourly_station_level_r_k_puram,_delhi_-_dpcc_2025_February_delhi_2025.xlsx",Sheet1,"R K Puram, Delhi - DPCC",15:00:00,28,0,0.0,False
"R K Puram, Delhi - DPCC/AQI Hourly/aqi_hourly_station_level_r_k_puram,_delhi_-_dpcc_2025_February_delhi_2025.xlsx",Sheet1,"R K Puram, Delhi - DPCC",16:00:00,28,0,0.0,False
"R K Puram, Delhi - DPCC/AQI Hourly/aqi_hourly_station_level_r_k_puram,_delhi_-_dpcc_2025_February_delhi_2025.xlsx",Sheet1,"R K Puram, Delhi - DPCC",17:00:00,28,0,0.0,False
"R K Puram, Delhi - DPCC/AQI Hourly/aqi_hourly_station_level_r_k_puram,_delhi_-_dpcc_2025_February_delhi_2025.xlsx",Sheet1,"R K Puram, Delhi - DPCC",18:00:00,28,0,0.0,False
"R K Puram, Delhi - DPCC/AQI Hourly/aqi_hourly_station_level_r_k_puram,_delhi_-_dpcc_2025_February_delhi_2025.xlsx",Sheet1,"R K Puram, Delhi - DPCC",19:00:00,28,0,0.0,False
"R K Puram, Delhi - DPCC/AQI Hourly/aqi_hourly_station_level_r_k_puram,_delhi_-_dpcc_2025_February_delhi_2025.xlsx",Sheet1,"R K Puram, Delhi - DPCC",20:00:00,28,0,0.0,False
"R K Puram, Delhi - DPCC/AQI Hourly/aqi_hourly_station_level_r_k_puram,_delhi_-_dpcc_2025_February_delhi_2025.xlsx",Sheet1,"R K Puram, Delhi - DPCC",21:00:00,28,0,0.0,False
"R K Puram, Delhi - DPCC/AQI Hourly/aqi_hourly_station_level_r_k_puram,_delhi_-_dpcc_2025_February_delhi_2025.xlsx",Sheet1,"R K Puram, Delhi - DPCC",22:00:00,28,0,0.0,False
"R K Puram, Delhi - DPCC/AQI Hourly/aqi_hourly_station_level_r_k_puram,_delhi_-_dpcc_2025_February_delhi_2025.xlsx",Sheet1,"R K Puram, Delhi - DPCC",23:00:00,28,0,0.0,False
"R K Puram, Delhi - DPCC/AQI Hourly/aqi_hourly_station_level_r_k_puram,_delhi_-_dpcc_2025_January_delhi_2025.xlsx",Sheet1,"R K Puram, Delhi - DPCC",Date,31,0,0.0,False
"R K Puram, Delhi - DPCC/AQI Hourly/aqi_hourly_station_level_r_k_puram,_delhi_-_dpcc_2025_January_delhi_2025.xlsx",Sheet1,"R K Puram, Delhi - DPCC",00:00:00,31,0,0.0,False
"R K Puram, Delhi - DPCC/AQI Hourly/aqi_hourly_station_level_r_k_puram,_delhi_-_dpcc_2025_January_delhi_2025.xlsx",Sheet1,"R K Puram, Delhi - DPCC",01:00:00,31,0,0.0,False
"R K Puram, Delhi - DPCC/AQI Hourly/aqi_hourly_station_level_r_k_puram,_delhi_-_dpcc_2025_January_delhi_2025.xlsx",Sheet1,"R K Puram, Delhi - DPCC",02:00:00,31,0,0.0,False
"R K Puram, Delhi - DPCC/AQI Hourly/aqi_hourly_station_level_r_k_puram,_delhi_-_dpcc_2025_January_delhi_2025.xlsx",Sheet1,"R K Puram, Delhi - DPCC",03:00:00,31,0,0.0,False
"R K Puram, Delhi - DPCC/AQI Hourly/aqi_hourly_station_level_r_k_puram,_delhi_-_dpcc_2025_January_delhi_2025.xlsx",Sheet1,"R K Puram, Delhi - DPCC",04:00:00,31,0,0.0,False
"R K Puram, Delhi - DPCC/AQI Hourly/aqi_hourly_station_level_r_k_puram,_delhi_-_dpcc_2025_January_delhi_2025.xlsx",Sheet1,"R K Puram, Delhi - DPCC",05:00:00,31,0,0.0,False
"R K Puram, Delhi - DPCC/AQI Hourly/aqi_hourly_station_level_r_k_puram,_delhi_-_dpcc_2025_January_delhi_2025.xlsx",Sheet1,"R K Puram, Delhi - DPCC",06:00:00,31,0,0.0,False
"R K Puram, Delhi - DPCC/AQI Hourly/aqi_hourly_station_level_r_k_puram,_delhi_-_dpcc_2025_January_delhi_2025.xlsx",Sheet1,"R K Puram, Delhi - DPCC",07:00:00,31,0,0.0,False
"R K Puram, Delhi - DPCC/AQI Hourly/aqi_hourly_station_level_r_k_puram,_delhi_-_dpcc_2025_January_delhi_2025.xlsx",Sheet1,"R K Puram, Delhi - DPCC",08:00:00,31,1,3.23,False
"R K Puram, Delhi - DPCC/AQI Hourly/aqi_hourly_station_level_r_k_puram,_delhi_-_dpcc_2025_January_delhi_2025.xlsx",Sheet1,"R K Puram, Delhi - DPCC",09:00:00,31,0,0.0,False
"R K Puram, Delhi - DPCC/AQI Hourly/aqi_hourly_station_level_r_k_puram,_delhi_-_dpcc_2025_January_delhi_2025.xlsx",Sheet1,"R K Puram, Delhi - DPCC",10:00:00,31,0,0.0,False
"R K Puram, Delhi - DPCC/AQI Hourly/aqi_hourly_station_level_r_k_puram,_delhi_-_dpcc_2025_January_delhi_2025.xlsx",Sheet1,"R K Puram, Delhi - DPCC",11:00:00,31,0,0.0,False
"R K Puram, Delhi - DPCC/AQI Hourly/aqi_hourly_station_level_r_k_puram,_delhi_-_dpcc_2025_January_delhi_2025.xlsx",Sheet1,"R K Puram, Delhi - DPCC",12:00:00,31,0,0.0,False
"R K Puram, Delhi - DPCC/AQI Hourly/aqi_hourly_station_level_r_k_puram,_delhi_-_dpcc_2025_January_delhi_2025.xlsx",Sheet1,"R K Puram, Delhi - DPCC",13:00:00,31,0,0.0,False
"R K Puram, Delhi - DPCC/AQI Hourly/aqi_hourly_station_level_r_k_puram,_delhi_-_dpcc_2025_January_delhi_2025.xlsx",Sheet1,"R K Puram, Delhi - DPCC",14:00:00,31,0,0.0,False
"R K Puram, Delhi - DPCC/AQI Hourly/aqi_hourly_station_level_r_k_puram,_delhi_-_dpcc_2025_January_delhi_2025.xlsx",Sheet1,"R K Puram, Delhi - DPCC",15:00:00,31,0,0.0,False
"R K Puram, Delhi - DPCC/AQI Hourly/aqi_hourly_station_level_r_k_puram,_delhi_-_dpcc_2025_January_delhi_2025.xlsx",Sheet1,"R K Puram, Delhi - DPCC",16:00:00,31,0,0.0,False
"R K Puram, Delhi - DPCC/AQI Hourly/aqi_hourly_station_level_r_k_puram,_delhi_-_dpcc_2025_January_delhi_2025.xlsx",Sheet1,"R K Puram, Delhi - DPCC",17:00:00,31,0,0.0,False
"R K Puram, Delhi - DPCC/AQI Hourly/aqi_hourly_station_level_r_k_puram,_delhi_-_dpcc_2025_January_delhi_2025.xlsx",Sheet1,"R K Puram, Delhi - DPCC",18:00:00,31,1,3.23,False
"R K Puram, Delhi - DPCC/AQI Hourly/aqi_hourly_station_level_r_k_puram,_delhi_-_dpcc_2025_January_delhi_2025.xlsx",Sheet1,"R K Puram, Delhi - DPCC",19:00:00,31,0,0.0,False
"R K Puram, Delhi - DPCC/AQI Hourly/aqi_hourly_station_level_r_k_puram,_delhi_-_dpcc_2025_January_delhi_2025.xlsx",Sheet1,"R K Puram, Delhi - DPCC",20:00:00,31,0,0.0,False
"R K Puram, Delhi - DPCC/AQI Hourly/aqi_hourly_station_level_r_k_puram,_delhi_-_dpcc_2025_January_delhi_2025.xlsx",Sheet1,"R K Puram, Delhi - DPCC",21:00:00,31,0,0.0,False
"R K Puram, Delhi - DPCC/AQI Hourly/aqi_hourly_station_level_r_k_puram,_delhi_-_dpcc_2025_January_delhi_2025.xlsx",Sheet1,"R K Puram, Delhi - DPCC",22:00:00,31,0,0.0,False
"R K Puram, Delhi - DPCC/AQI Hourly/aqi_hourly_station_level_r_k_puram,_delhi_-_dpcc_2025_January_delhi_2025.xlsx",Sheet1,"R K Puram, Delhi - DPCC",23:00:00,31,0,0.0,False
"R K Puram, Delhi - DPCC/AQI Hourly/aqi_hourly_station_level_r_k_puram,_delhi_-_dpcc_2025_July_delhi_2025.xlsx",Sheet1,"R K Puram, Delhi - DPCC",Date,31,0,0.0,False
"R K Puram, Delhi - DPCC/AQI Hourly/aqi_hourly_station_level_r_k_puram,_delhi_-_dpcc_2025_July_delhi_2025.xlsx",Sheet1,"R K Puram, Delhi - DPCC",00:00:00,31,4,12.9,False
"R K Puram, Delhi - DPCC/AQI Hourly/aqi_hourly_station_level_r_k_puram,_delhi_-_dpcc_2025_July_delhi_2025.xlsx",Sheet1,"R K Puram, Delhi - DPCC",01:00:00,31,4,12.9,False
"R K Puram, Delhi - DPCC/AQI Hourly/aqi_hourly_station_level_r_k_puram,_delhi_-_dpcc_2025_July_delhi_2025.xlsx",Sheet1,"R K Puram, Delhi - DPCC",02:00:00,31,3,9.68,False
"R K Puram, Delhi - DPCC/AQI Hourly/aqi_hourly_station_level_r_k_puram,_delhi_-_dpcc_2025_July_delhi_2025.xlsx",Sheet1,"R K Puram, Delhi - DPCC",03:00:00,31,3,9.68,False
"R K Puram, Delhi - DPCC/AQI Hourly/aqi_hourly_station_level_r_k_puram,_delhi_-_dpcc_2025_July_delhi_2025.xlsx",Sheet1,"R K Puram, Delhi - DPCC",04:00:00,31,3,9.68,False
"R K Puram, Delhi - DPCC/AQI Hourly/aqi_hourly_station_level_r_k_puram,_delhi_-_dpcc_2025_July_delhi_2025.xlsx",Sheet1,"R K Puram, Delhi - DPCC",05:00:00,31,3,9.68,False
"R K Puram, Delhi - DPCC/AQI Hourly/aqi_hourly_station_level_r_k_puram,_delhi_-_dpcc_2025_July_delhi_2025.xlsx",Sheet1,"R K Puram, Delhi - DPCC",06:00:00,31,2,6.45,False
"R K Puram, Delhi - DPCC/AQI Hourly/aqi_hourly_station_level_r_k_puram,_delhi_-_dpcc_2025_July_delhi_2025.xlsx",Sheet1,"R K Puram, Delhi - DPCC",07:00:00,31,3,9.68,False
"R K Puram, Delhi - DPCC/AQI Hourly/aqi_hourly_station_level_r_k_puram,_delhi_-_dpcc_2025_July_delhi_2025.xlsx",Sheet1,"R K Puram, Delhi - DPCC",08:00:00,31,3,9.68,False
"R K Puram, Delhi - DPCC/AQI Hourly/aqi_hourly_station_level_r_k_puram,_delhi_-_dpcc_2025_July_delhi_2025.xlsx",Sheet1,"R K Puram, Delhi - DPCC",09:00:00,31,3,9.68,False
"R K Puram, Delhi - DPCC/AQI Hourly/aqi_hourly_station_level_r_k_puram,_delhi_-_dpcc_2025_July_delhi_2025.xlsx",Sheet1,"R K Puram, Delhi - DPCC",10:00:00,31,3,9.68,False
"R K Puram, Delhi - DPCC/AQI Hourly/aqi_hourly_station_level_r_k_puram,_delhi_-_dpcc_2025_July_delhi_2025.xlsx",Sheet1,"R K Puram, Delhi - DPCC",11:00:00,31,4,12.9,False
"R K Puram, Delhi - DPCC/AQI Hourly/aqi_hourly_station_level_r_k_puram,_delhi_-_dpcc_2025_July_delhi_2025.xlsx",Sheet1,"R K Puram, Delhi - DPCC",12:00:00,31,5,16.13,False
"R K Puram, Delhi - DPCC/AQI Hourly/aqi_hourly_station_level_r_k_puram,_delhi_-_dpcc_2025_July_delhi_2025.xlsx",Sheet1,"R K Puram, Delhi - DPCC",13:00:00,31,5,16.13,False
"R K Puram, Delhi - DPCC/AQI Hourly/aqi_hourly_station_level_r_k_puram,_delhi_-_dpcc_2025_July_delhi_2025.xlsx",Sheet1,"R K Puram, Delhi - DPCC",14:00:00,31,5,16.13,False
"R K Puram, Delhi - DPCC/AQI Hourly/aqi_hourly_station_level_r_k_puram,_delhi_-_dpcc_2025_July_delhi_2025.xlsx",Sheet1,"R K Puram, Delhi - DPCC",15:00:00,31,5,16.13,False
"R K Puram, Delhi - DPCC/AQI Hourly/aqi_hourly_station_level_r_k_puram,_delhi_-_dpcc_2025_July_delhi_2025.xlsx",Sheet1,"R K Puram, Delhi - DPCC",16:00:00,31,6,19.35,False
"R K Puram, Delhi - DPCC/AQI Hourly/aqi_hourly_station_level_r_k_puram,_delhi_-_dpcc_2025_July_delhi_2025.xlsx",Sheet1,"R K Puram, Delhi - DPCC",17:00:00,31,5,16.13,False
"R K Puram, Delhi - DPCC/AQI Hourly/aqi_hourly_station_level_r_k_puram,_delhi_-_dpcc_2025_July_delhi_2025.xlsx",Sheet1,"R K Puram, Delhi - DPCC",18:00:00,31,5,16.13,False
"R K Puram, Delhi - DPCC/AQI Hourly/aqi_hourly_station_level_r_k_puram,_delhi_-_dpcc_2025_July_delhi_2025.xlsx",Sheet1,"R K Puram, Delhi - DPCC",19:00:00,31,5,16.13,False
"R K Puram, Delhi - DPCC/AQI Hourly/aqi_hourly_station_level_r_k_puram,_delhi_-_dpcc_2025_July_delhi_2025.xlsx",Sheet1,"R K Puram, Delhi - DPCC",20:00:00,31,5,16.13,False
"R K Puram, Delhi - DPCC/AQI Hourly/aqi_hourly_station_level_r_k_puram,_delhi_-_dpcc_2025_July_delhi_2025.xlsx",Sheet1,"R K Puram, Delhi - DPCC",21:00:00,31,6,19.35,False
"R K Puram, Delhi - DPCC/AQI Hourly/aqi_hourly_station_level_r_k_puram,_delhi_-_dpcc_2025_July_delhi_2025.xlsx",Sheet1,"R K Puram, Delhi - DPCC",22:00:00,31,5,16.13,False
"R K Puram, Delhi - DPCC/AQI Hourly/aqi_hourly_station_level_r_k_puram,_delhi_-_dpcc_2025_July_delhi_2025.xlsx",Sheet1,"R K Puram, Delhi - DPCC",23:00:00,31,5,16.13,False
"R K Puram, Delhi - DPCC/AQI Hourly/aqi_hourly_station_level_r_k_puram,_delhi_-_dpcc_2025_June_delhi_2025.xlsx",Sheet1,"R K Puram, Delhi - DPCC",Date,30,0,0.0,False
"R K Puram, Delhi - DPCC/AQI Hourly/aqi_hourly_station_level_r_k_puram,_delhi_-_dpcc_2025_June_delhi_2025.xlsx",Sheet1,"R K Puram, Delhi - DPCC",00:00:00,30,2,6.67,False
"R K Puram, Delhi - DPCC/AQI Hourly/aqi_hourly_station_level_r_k_puram,_delhi_-_dpcc_2025_June_delhi_2025.xlsx",Sheet1,"R K Puram, Delhi - DPCC",01:00:00,30,2,6.67,False
"R K Puram, Delhi - DPCC/AQI Hourly/aqi_hourly_station_level_r_k_puram,_delhi_-_dpcc_2025_June_delhi_2025.xlsx",Sheet1,"R K Puram, Delhi - DPCC",02:00:00,30,2,6.67,False
"R K Puram, Delhi - DPCC/AQI Hourly/aqi_hourly_station_level_r_k_puram,_delhi_-_dpcc_2025_June_delhi_2025.xlsx",Sheet1,"R K Puram, Delhi - DPCC",03:00:00,30,1,3.33,False
"R K Puram, Delhi - DPCC/AQI Hourly/aqi_hourly_station_level_r_k_puram,_delhi_-_dpcc_2025_June_delhi_2025.xlsx",Sheet1,"R K Puram, Delhi - DPCC",04:00:00,30,2,6.67,False
"R K Puram, Delhi - DPCC/AQI Hourly/aqi_hourly_station_level_r_k_puram,_delhi_-_dpcc_2025_June_delhi_2025.xlsx",Sheet1,"R K Puram, Delhi - DPCC",05:00:00,30,1,3.33,False
"R K Puram, Delhi - DPCC/AQI Hourly/aqi_hourly_station_level_r_k_puram,_delhi_-_dpcc_2025_June_delhi_2025.xlsx",Sheet1,"R K Puram, Delhi - DPCC",06:00:00,30,1,3.33,False
"R K Puram, Delhi - DPCC/AQI Hourly/aqi_hourly_station_level_r_k_puram,_delhi_-_dpcc_2025_June_delhi_2025.xlsx",Sheet1,"R K Puram, Delhi - DPCC",07:00:00,30,1,3.33,False
"R K Puram, Delhi - DPCC/AQI Hourly/aqi_hourly_station_level_r_k_puram,_delhi_-_dpcc_2025_June_delhi_2025.xlsx",Sheet1,"R K Puram, Delhi - DPCC",08:00:00,30,1,3.33,False
"R K Puram, Delhi - DPCC/AQI Hourly/aqi_hourly_station_level_r_k_puram,_delhi_-_dpcc_2025_June_delhi_2025.xlsx",Sheet1,"R K Puram, Delhi - DPCC",09:00:00,30,1,3.33,False
"R K Puram, Delhi - DPCC/AQI Hourly/aqi_hourly_station_level_r_k_puram,_delhi_-_dpcc_2025_June_delhi_2025.xlsx",Sheet1,"R K Puram, Delhi - DPCC",10:00:00,30,1,3.33,False
"R K Puram, Delhi - DPCC/AQI Hourly/aqi_hourly_station_level_r_k_puram,_delhi_-_dpcc_2025_June_delhi_2025.xlsx",Sheet1,"R K Puram, Delhi - DPCC",11:00:00,30,2,6.67,False
"R K Puram, Delhi - DPCC/AQI Hourly/aqi_hourly_station_level_r_k_puram,_delhi_-_dpcc_2025_June_delhi_2025.xlsx",Sheet1,"R K Puram, Delhi - DPCC",12:00:00,30,2,6.67,False
"R K Puram, Delhi - DPCC/AQI Hourly/aqi_hourly_station_level_r_k_puram,_delhi_-_dpcc_2025_June_delhi_2025.xlsx",Sheet1,"R K Puram, Delhi - DPCC",13:00:00,30,2,6.67,False
"R K Puram, Delhi - DPCC/AQI Hourly/aqi_hourly_station_level_r_k_puram,_delhi_-_dpcc_2025_June_delhi_2025.xlsx",Sheet1,"R K Puram, Delhi - DPCC",14:00:00,30,3,10.0,False
"R K Puram, Delhi - DPCC/AQI Hourly/aqi_hourly_station_level_r_k_puram,_delhi_-_dpcc_2025_June_delhi_2025.xlsx",Sheet1,"R K Puram, Delhi - DPCC",15:00:00,30,2,6.67,False
"R K Puram, Delhi - DPCC/AQI Hourly/aqi_hourly_station_level_r_k_puram,_delhi_-_dpcc_2025_June_delhi_2025.xlsx",Sheet1,"R K Puram, Delhi - DPCC",16:00:00,30,2,6.67,False
"R K Puram, Delhi - DPCC/AQI Hourly/aqi_hourly_station_level_r_k_puram,_delhi_-_dpcc_2025_June_delhi_2025.xlsx",Sheet1,"R K Puram, Delhi - DPCC",17:00:00,30,2,6.67,False
"R K Puram, Delhi - DPCC/AQI Hourly/aqi_hourly_station_level_r_k_puram,_delhi_-_dpcc_2025_June_delhi_2025.xlsx",Sheet1,"R K Puram, Delhi - DPCC",18:00:00,30,5,16.67,False
"R K Puram, Delhi - DPCC/AQI Hourly/aqi_hourly_station_level_r_k_puram,_delhi_-_dpcc_2025_June_delhi_2025.xlsx",Sheet1,"R K Puram, Delhi - DPCC",19:00:00,30,3,10.0,False
"R K Puram, Delhi - DPCC/AQI Hourly/aqi_hourly_station_level_r_k_puram,_delhi_-_dpcc_2025_June_delhi_2025.xlsx",Sheet1,"R K Puram, Delhi - DPCC",20:00:00,30,3,10.0,False
"R K Puram, Delhi - DPCC/AQI Hourly/aqi_hourly_station_level_r_k_puram,_delhi_-_dpcc_2025_June_delhi_2025.xlsx",Sheet1,"R K Puram, Delhi - DPCC",21:00:00,30,2,6.67,False
"R K Puram, Delhi - DPCC/AQI Hourly/aqi_hourly_station_level_r_k_puram,_delhi_-_dpcc_2025_June_delhi_2025.xlsx",Sheet1,"R K Puram, Delhi - DPCC",22:00:00,30,2,6.67,False
"R K Puram, Delhi - DPCC/AQI Hourly/aqi_hourly_station_level_r_k_puram,_delhi_-_dpcc_2025_June_delhi_2025.xlsx",Sheet1,"R K Puram, Delhi - DPCC",23:00:00,30,2,6.67,False
"R K Puram, Delhi - DPCC/AQI Hourly/aqi_hourly_station_level_r_k_puram,_delhi_-_dpcc_2025_March_delhi_2025.xlsx",Sheet1,"R K Puram, Delhi - DPCC",Date,31,0,0.0,False
"R K Puram, Delhi - DPCC/AQI Hourly/aqi_hourly_station_level_r_k_puram,_delhi_-_dpcc_2025_March_delhi_2025.xlsx",Sheet1,"R K Puram, Delhi - DPCC",00:00:00,31,2,6.45,False
"R K Puram, Delhi - DPCC/AQI Hourly/aqi_hourly_station_level_r_k_puram,_delhi_-_dpcc_2025_March_delhi_2025.xlsx",Sheet1,"R K Puram, Delhi - DPCC",01:00:00,31,2,6.45,False
"R K Puram, Delhi - DPCC/AQI Hourly/aqi_hourly_station_level_r_k_puram,_delhi_-_dpcc_2025_March_delhi_2025.xlsx",Sheet1,"R K Puram, Delhi - DPCC",02:00:00,31,2,6.45,False
"R K Puram, Delhi - DPCC/AQI Hourly/aqi_hourly_station_level_r_k_puram,_delhi_-_dpcc_2025_March_delhi_2025.xlsx",Sheet1,"R K Puram, Delhi - DPCC",03:00:00,31,3,9.68,False
"R K Puram, Delhi - DPCC/AQI Hourly/aqi_hourly_station_level_r_k_puram,_delhi_-_dpcc_2025_March_delhi_2025.xlsx",Sheet1,"R K Puram, Delhi - DPCC",04:00:00,31,2,6.45,False
"R K Puram, Delhi - DPCC/AQI Hourly/aqi_hourly_station_level_r_k_puram,_delhi_-_dpcc_2025_March_delhi_2025.xlsx",Sheet1,"R K Puram, Delhi - DPCC",05:00:00,31,2,6.45,False
"R K Puram, Delhi - DPCC/AQI Hourly/aqi_hourly_station_level_r_k_puram,_delhi_-_dpcc_2025_March_delhi_2025.xlsx",Sheet1,"R K Puram, Delhi - DPCC",06:00:00,31,1,3.23,False
"R K Puram, Delhi - DPCC/AQI Hourly/aqi_hourly_station_level_r_k_puram,_delhi_-_dpcc_2025_March_delhi_2025.xlsx",Sheet1,"R K Puram, Delhi - DPCC",07:00:00,31,1,3.23,False
"R K Puram, Delhi - DPCC/AQI Hourly/aqi_hourly_station_level_r_k_puram,_delhi_-_dpcc_2025_March_delhi_2025.xlsx",Sheet1,"R K Puram, Delhi - DPCC",08:00:00,31,2,6.45,False
"R K Puram, Delhi - DPCC/AQI Hourly/aqi_hourly_station_level_r_k_puram,_delhi_-_dpcc_2025_March_delhi_2025.xlsx",Sheet1,"R K Puram, Delhi - DPCC",09:00:00,31,2,6.45,False
"R K Puram, Delhi - DPCC/AQI Hourly/aqi_hourly_station_level_r_k_puram,_delhi_-_dpcc_2025_March_delhi_2025.xlsx",Sheet1,"R K Puram, Delhi - DPCC",10:00:00,31,2,6.45,False
"R K Puram, Delhi - DPCC/AQI Hourly/aqi_hourly_station_level_r_k_puram,_delhi_-_dpcc_2025_March_delhi_2025.xlsx",Sheet1,"R K Puram, Delhi - DPCC",11:00:00,31,3,9.68,False
"R K Puram, Delhi - DPCC/AQI Hourly/aqi_hourly_station_level_r_k_puram,_delhi_-_dpcc_2025_March_delhi_2025.xlsx",Sheet1,"R K Puram, Delhi - DPCC",12:00:00,31,2,6.45,False
"R K Puram, Delhi - DPCC/AQI Hourly/aqi_hourly_station_level_r_k_puram,_delhi_-_dpcc_2025_March_delhi_2025.xlsx",Sheet1,"R K Puram, Delhi - DPCC",13:00:00,31,2,6.45,False
"R K Puram, Delhi - DPCC/AQI Hourly/aqi_hourly_station_level_r_k_puram,_delhi_-_dpcc_2025_March_delhi_2025.xlsx",Sheet1,"R K Puram, Delhi - DPCC",14:00:00,31,2,6.45,False
"R K Puram, Delhi - DPCC/AQI Hourly/aqi_hourly_station_level_r_k_puram,_delhi_-_dpcc_2025_March_delhi_2025.xlsx",Sheet1,"R K Puram, Delhi - DPCC",15:00:00,31,3,9.68,False
"R K Puram, Delhi - DPCC/AQI Hourly/aqi_hourly_station_level_r_k_puram,_delhi_-_dpcc_2025_March_delhi_2025.xlsx",Sheet1,"R K Puram, Delhi - DPCC",16:00:00,31,2,6.45,False
"R K Puram, Delhi - DPCC/AQI Hourly/aqi_hourly_station_level_r_k_puram,_delhi_-_dpcc_2025_March_delhi_2025.xlsx",Sheet1,"R K Puram, Delhi - DPCC",17:00:00,31,2,6.45,False
"R K Puram, Delhi - DPCC/AQI Hourly/aqi_hourly_station_level_r_k_puram,_delhi_-_dpcc_2025_March_delhi_2025.xlsx",Sheet1,"R K Puram, Delhi - DPCC",18:00:00,31,2,6.45,False
"R K Puram, Delhi - DPCC/AQI Hourly/aqi_hourly_station_level_r_k_puram,_delhi_-_dpcc_2025_March_delhi_2025.xlsx",Sheet1,"R K Puram, Delhi - DPCC",19:00:00,31,2,6.45,False
"R K Puram, Delhi - DPCC/AQI Hourly/aqi_hourly_station_level_r_k_puram,_delhi_-_dpcc_2025_March_delhi_2025.xlsx",Sheet1,"R K Puram, Delhi - DPCC",20:00:00,31,2,6.45,False
"R K Puram, Delhi - DPCC/AQI Hourly/aqi_hourly_station_level_r_k_puram,_delhi_-_dpcc_2025_March_delhi_2025.xlsx",Sheet1,"R K Puram, Delhi - DPCC",21:00:00,31,2,6.45,False
"R K Puram, Delhi - DPCC/AQI Hourly/aqi_hourly_station_level_r_k_puram,_delhi_-_dpcc_2025_March_delhi_2025.xlsx",Sheet1,"R K Puram, Delhi - DPCC",22:00:00,31,3,9.68,False
"R K Puram, Delhi - DPCC/AQI Hourly/aqi_hourly_station_level_r_k_puram,_delhi_-_dpcc_2025_March_delhi_2025.xlsx",Sheet1,"R K Puram, Delhi - DPCC",23:00:00,31,3,9.68,False
"R K Puram, Delhi - DPCC/AQI Hourly/aqi_hourly_station_level_r_k_puram,_delhi_-_dpcc_2025_May_delhi_2025.xlsx",Sheet1,"R K Puram, Delhi - DPCC",Date,31,0,0.0,False
"R K Puram, Delhi - DPCC/AQI Hourly/aqi_hourly_station_level_r_k_puram,_delhi_-_dpcc_2025_May_delhi_2025.xlsx",Sheet1,"R K Puram, Delhi - DPCC",00:00:00,31,2,6.45,False
"R K Puram, Delhi - DPCC/AQI Hourly/aqi_hourly_station_level_r_k_puram,_delhi_-_dpcc_2025_May_delhi_2025.xlsx",Sheet1,"R K Puram, Delhi - DPCC",01:00:00,31,3,9.68,False
"R K Puram, Delhi - DPCC/AQI Hourly/aqi_hourly_station_level_r_k_puram,_delhi_-_dpcc_2025_May_delhi_2025.xlsx",Sheet1,"R K Puram, Delhi - DPCC",02:00:00,31,2,6.45,False
"R K Puram, Delhi - DPCC/AQI Hourly/aqi_hourly_station_level_r_k_puram,_delhi_-_dpcc_2025_May_delhi_2025.xlsx",Sheet1,"R K Puram, Delhi - DPCC",03:00:00,31,3,9.68,False
"R K Puram, Delhi - DPCC/AQI Hourly/aqi_hourly_station_level_r_k_puram,_delhi_-_dpcc_2025_May_delhi_2025.xlsx",Sheet1,"R K Puram, Delhi - DPCC",04:00:00,31,2,6.45,False
"R K Puram, Delhi - DPCC/AQI Hourly/aqi_hourly_station_level_r_k_puram,_delhi_-_dpcc_2025_May_delhi_2025.xlsx",Sheet1,"R K Puram, Delhi - DPCC",05:00:00,31,1,3.23,False
"R K Puram, Delhi - DPCC/AQI Hourly/aqi_hourly_station_level_r_k_puram,_delhi_-_dpcc_2025_May_delhi_2025.xlsx",Sheet1,"R K Puram, Delhi - DPCC",06:00:00,31,0,0.0,False
"R K Puram, Delhi - DPCC/AQI Hourly/aqi_hourly_station_level_r_k_puram,_delhi_-_dpcc_2025_May_delhi_2025.xlsx",Sheet1,"R K Puram, Delhi - DPCC",07:00:00,31,0,0.0,False
"R K Puram, Delhi - DPCC/AQI Hourly/aqi_hourly_station_level_r_k_puram,_delhi_-_dpcc_2025_May_delhi_2025.xlsx",Sheet1,"R K Puram, Delhi - DPCC",08:00:00,31,0,0.0,False
"R K Puram, Delhi - DPCC/AQI Hourly/aqi_hourly_station_level_r_k_puram,_delhi_-_dpcc_2025_May_delhi_2025.xlsx",Sheet1,"R K Puram, Delhi - DPCC",09:00:00,31,0,0.0,False
"R K Puram, Delhi - DPCC/AQI Hourly/aqi_hourly_station_level_r_k_puram,_delhi_-_dpcc_2025_May_delhi_2025.xlsx",Sheet1,"R K Puram, Delhi - DPCC",10:00:00,31,1,3.23,False
"R K Puram, Delhi - DPCC/AQI Hourly/aqi_hourly_station_level_r_k_puram,_delhi_-_dpcc_2025_May_delhi_2025.xlsx",Sheet1,"R K Puram, Delhi - DPCC",11:00:00,31,0,0.0,False
"R K Puram, Delhi - DPCC/AQI Hourly/aqi_hourly_station_level_r_k_puram,_delhi_-_dpcc_2025_May_delhi_2025.xlsx",Sheet1,"R K Puram, Delhi - DPCC",12:00:00,31,0,0.0,False
"R K Puram, Delhi - DPCC/AQI Hourly/aqi_hourly_station_level_r_k_puram,_delhi_-_dpcc_2025_May_delhi_2025.xlsx",Sheet1,"R K Puram, Delhi - DPCC",13:00:00,31,0,0.0,False
"R K Puram, Delhi - DPCC/AQI Hourly/aqi_hourly_station_level_r_k_puram,_delhi_-_dpcc_2025_May_delhi_2025.xlsx",Sheet1,"R K Puram, Delhi - DPCC",14:00:00,31,0,0.0,False
"R K Puram, Delhi - DPCC/AQI Hourly/aqi_hourly_station_level_r_k_puram,_delhi_-_dpcc_2025_May_delhi_2025.xlsx",Sheet1,"R K Puram, Delhi - DPCC",15:00:00,31,0,0.0,False
"R K Puram, Delhi - DPCC/AQI Hourly/aqi_hourly_station_level_r_k_puram,_delhi_-_dpcc_2025_May_delhi_2025.xlsx",Sheet1,"R K Puram, Delhi - DPCC",16:00:00,31,0,0.0,False
"R K Puram, Delhi - DPCC/AQI Hourly/aqi_hourly_station_level_r_k_puram,_delhi_-_dpcc_2025_May_delhi_2025.xlsx",Sheet1,"R K Puram, Delhi - DPCC",17:00:00,31,0,0.0,False
"R K Puram, Delhi - DPCC/AQI Hourly/aqi_hourly_station_level_r_k_puram,_delhi_-_dpcc_2025_May_delhi_2025.xlsx",Sheet1,"R K Puram, Delhi - DPCC",18:00:00,31,1,3.23,False
"R K Puram, Delhi - DPCC/AQI Hourly/aqi_hourly_station_level_r_k_puram,_delhi_-_dpcc_2025_May_delhi_2025.xlsx",Sheet1,"R K Puram, Delhi - DPCC",19:00:00,31,0,0.0,False
"R K Puram, Delhi - DPCC/AQI Hourly/aqi_hourly_station_level_r_k_puram,_delhi_-_dpcc_2025_May_delhi_2025.xlsx",Sheet1,"R K Puram, Delhi - DPCC",20:00:00,31,0,0.0,False
"R K Puram, Delhi - DPCC/AQI Hourly/aqi_hourly_station_level_r_k_puram,_delhi_-_dpcc_2025_May_delhi_2025.xlsx",Sheet1,"R K Puram, Delhi - DPCC",21:00:00,31,1,3.23,False
"R K Puram, Delhi - DPCC/AQI Hourly/aqi_hourly_station_level_r_k_puram,_delhi_-_dpcc_2025_May_delhi_2025.xlsx",Sheet1,"R K Puram, Delhi - DPCC",22:00:00,31,1,3.23,False
"R K Puram, Delhi - DPCC/AQI Hourly/aqi_hourly_station_level_r_k_puram,_delhi_-_dpcc_2025_May_delhi_2025.xlsx",Sheet1,"R K Puram, Delhi - DPCC",23:00:00,31,1,3.23,False
"R K Puram, Delhi - DPCC/AQI Hourly/aqi_hourly_station_level_r_k_puram,_delhi_-_dpcc_2025_November_delhi_2025.xlsx",Sheet1,"R K Puram, Delhi - DPCC",Date,30,0,0.0,False
"R K Puram, Delhi - DPCC/AQI Hourly/aqi_hourly_station_level_r_k_puram,_delhi_-_dpcc_2025_November_delhi_2025.xlsx",Sheet1,"R K Puram, Delhi - DPCC",00:00:00,30,1,3.33,False
"R K Puram, Delhi - DPCC/AQI Hourly/aqi_hourly_station_level_r_k_puram,_delhi_-_dpcc_2025_November_delhi_2025.xlsx",Sheet1,"R K Puram, Delhi - DPCC",01:00:00,30,0,0.0,False
"R K Puram, Delhi - DPCC/AQI Hourly/aqi_hourly_station_level_r_k_puram,_delhi_-_dpcc_2025_November_delhi_2025.xlsx",Sheet1,"R K Puram, Delhi - DPCC",02:00:00,30,1,3.33,False
"R K Puram, Delhi - DPCC/AQI Hourly/aqi_hourly_station_level_r_k_puram,_delhi_-_dpcc_2025_November_delhi_2025.xlsx",Sheet1,"R K Puram, Delhi - DPCC",03:00:00,30,0,0.0,False
"R K Puram, Delhi - DPCC/AQI Hourly/aqi_hourly_station_level_r_k_puram,_delhi_-_dpcc_2025_November_delhi_2025.xlsx",Sheet1,"R K Puram, Delhi - DPCC",04:00:00,30,0,0.0,False
"R K Puram, Delhi - DPCC/AQI Hourly/aqi_hourly_station_level_r_k_puram,_delhi_-_dpcc_2025_November_delhi_2025.xlsx",Sheet1,"R K Puram, Delhi - DPCC",05:00:00,30,0,0.0,False
"R K Puram, Delhi - DPCC/AQI Hourly/aqi_hourly_station_level_r_k_puram,_delhi_-_dpcc_2025_November_delhi_2025.xlsx",Sheet1,"R K Puram, Delhi - DPCC",06:00:00,30,1,3.33,False
"R K Puram, Delhi - DPCC/AQI Hourly/aqi_hourly_station_level_r_k_puram,_delhi_-_dpcc_2025_November_delhi_2025.xlsx",Sheet1,"R K Puram, Delhi - DPCC",07:00:00,30,0,0.0,False
"R K Puram, Delhi - DPCC/AQI Hourly/aqi_hourly_station_level_r_k_puram,_delhi_-_dpcc_2025_November_delhi_2025.xlsx",Sheet1,"R K Puram, Delhi - DPCC",08:00:00,30,0,0.0,False
"R K Puram, Delhi - DPCC/AQI Hourly/aqi_hourly_station_level_r_k_puram,_delhi_-_dpcc_2025_November_delhi_2025.xlsx",Sheet1,"R K Puram, Delhi - DPCC",09:00:00,30,0,0.0,False
"R K Puram, Delhi - DPCC/AQI Hourly/aqi_hourly_station_level_r_k_puram,_delhi_-_dpcc_2025_November_delhi_2025.xlsx",Sheet1,"R K Puram, Delhi - DPCC",10:00:00,30,0,0.0,False
"R K Puram, Delhi - DPCC/AQI Hourly/aqi_hourly_station_level_r_k_puram,_delhi_-_dpcc_2025_November_delhi_2025.xlsx",Sheet1,"R K Puram, Delhi - DPCC",11:00:00,30,0,0.0,False
"R K Puram, Delhi - DPCC/AQI Hourly/aqi_hourly_station_level_r_k_puram,_delhi_-_dpcc_2025_November_delhi_2025.xlsx",Sheet1,"R K Puram, Delhi - DPCC",12:00:00,30,0,0.0,False
"R K Puram, Delhi - DPCC/AQI Hourly/aqi_hourly_station_level_r_k_puram,_delhi_-_dpcc_2025_November_delhi_2025.xlsx",Sheet1,"R K Puram, Delhi - DPCC",13:00:00,30,0,0.0,False
"R K Puram, Delhi - DPCC/AQI Hourly/aqi_hourly_station_level_r_k_puram,_delhi_-_dpcc_2025_November_delhi_2025.xlsx",Sheet1,"R K Puram, Delhi - DPCC",14:00:00,30,0,0.0,False
"R K Puram, Delhi - DPCC/AQI Hourly/aqi_hourly_station_level_r_k_puram,_delhi_-_dpcc_2025_November_delhi_2025.xlsx",Sheet1,"R K Puram, Delhi - DPCC",15:00:00,30,0,0.0,False
"R K Puram, Delhi - DPCC/AQI Hourly/aqi_hourly_station_level_r_k_puram,_delhi_-_dpcc_2025_November_delhi_2025.xlsx",Sheet1,"R K Puram, Delhi - DPCC",16:00:00,30,0,0.0,False
"R K Puram, Delhi - DPCC/AQI Hourly/aqi_hourly_station_level_r_k_puram,_delhi_-_dpcc_2025_November_delhi_2025.xlsx",Sheet1,"R K Puram, Delhi - DPCC",17:00:00,30,0,0.0,False
"R K Puram, Delhi - DPCC/AQI Hourly/aqi_hourly_station_level_r_k_puram,_delhi_-_dpcc_2025_November_delhi_2025.xlsx",Sheet1,"R K Puram, Delhi - DPCC",18:00:00,30,0,0.0,False
"R K Puram, Delhi - DPCC/AQI Hourly/aqi_hourly_station_level_r_k_puram,_delhi_-_dpcc_2025_November_delhi_2025.xlsx",Sheet1,"R K Puram, Delhi - DPCC",19:00:00,30,0,0.0,False
"R K Puram, Delhi - DPCC/AQI Hourly/aqi_hourly_station_level_r_k_puram,_delhi_-_dpcc_2025_November_delhi_2025.xlsx",Sheet1,"R K Puram, Delhi - DPCC",20:00:00,30,0,0.0,False
"R K Puram, Delhi - DPCC/AQI Hourly/aqi_hourly_station_level_r_k_puram,_delhi_-_dpcc_2025_November_delhi_2025.xlsx",Sheet1,"R K Puram, Delhi - DPCC",21:00:00,30,0,0.0,False
"R K Puram, Delhi - DPCC/AQI Hourly/aqi_hourly_station_level_r_k_puram,_delhi_-_dpcc_2025_November_delhi_2025.xlsx",Sheet1,"R K Puram, Delhi - DPCC",22:00:00,30,0,0.0,False
"R K Puram, Delhi - DPCC/AQI Hourly/aqi_hourly_station_level_r_k_puram,_delhi_-_dpcc_2025_November_delhi_2025.xlsx",Sheet1,"R K Puram, Delhi - DPCC",23:00:00,30,0,0.0,False
"R K Puram, Delhi - DPCC/AQI Hourly/aqi_hourly_station_level_r_k_puram,_delhi_-_dpcc_2025_October_delhi_2025.xlsx",Sheet1,"R K Puram, Delhi - DPCC",Date,31,0,0.0,False
"R K Puram, Delhi - DPCC/AQI Hourly/aqi_hourly_station_level_r_k_puram,_delhi_-_dpcc_2025_October_delhi_2025.xlsx",Sheet1,"R K Puram, Delhi - DPCC",00:00:00,31,3,9.68,False
"R K Puram, Delhi - DPCC/AQI Hourly/aqi_hourly_station_level_r_k_puram,_delhi_-_dpcc_2025_October_delhi_2025.xlsx",Sheet1,"R K Puram, Delhi - DPCC",01:00:00,31,1,3.23,False
"R K Puram, Delhi - DPCC/AQI Hourly/aqi_hourly_station_level_r_k_puram,_delhi_-_dpcc_2025_October_delhi_2025.xlsx",Sheet1,"R K Puram, Delhi - DPCC",02:00:00,31,1,3.23,False
"R K Puram, Delhi - DPCC/AQI Hourly/aqi_hourly_station_level_r_k_puram,_delhi_-_dpcc_2025_October_delhi_2025.xlsx",Sheet1,"R K Puram, Delhi - DPCC",03:00:00,31,1,3.23,False
"R K Puram, Delhi - DPCC/AQI Hourly/aqi_hourly_station_level_r_k_puram,_delhi_-_dpcc_2025_October_delhi_2025.xlsx",Sheet1,"R K Puram, Delhi - DPCC",04:00:00,31,3,9.68,False
"R K Puram, Delhi - DPCC/AQI Hourly/aqi_hourly_station_level_r_k_puram,_delhi_-_dpcc_2025_October_delhi_2025.xlsx",Sheet1,"R K Puram, Delhi - DPCC",05:00:00,31,2,6.45,False
"R K Puram, Delhi - DPCC/AQI Hourly/aqi_hourly_station_level_r_k_puram,_delhi_-_dpcc_2025_October_delhi_2025.xlsx",Sheet1,"R K Puram, Delhi - DPCC",06:00:00,31,2,6.45,False
"R K Puram, Delhi - DPCC/AQI Hourly/aqi_hourly_station_level_r_k_puram,_delhi_-_dpcc_2025_October_delhi_2025.xlsx",Sheet1,"R K Puram, Delhi - DPCC",07:00:00,31,1,3.23,False
"R K Puram, Delhi - DPCC/AQI Hourly/aqi_hourly_station_level_r_k_puram,_delhi_-_dpcc_2025_October_delhi_2025.xlsx",Sheet1,"R K Puram, Delhi - DPCC",08:00:00,31,2,6.45,False
"R K Puram, Delhi - DPCC/AQI Hourly/aqi_hourly_station_level_r_k_puram,_delhi_-_dpcc_2025_October_delhi_2025.xlsx",Sheet1,"R K Puram, Delhi - DPCC",09:00:00,31,2,6.45,False
"R K Puram, Delhi - DPCC/AQI Hourly/aqi_hourly_station_level_r_k_puram,_delhi_-_dpcc_2025_October_delhi_2025.xlsx",Sheet1,"R K Puram, Delhi - DPCC",10:00:00,31,2,6.45,False
"R K Puram, Delhi - DPCC/AQI Hourly/aqi_hourly_station_level_r_k_puram,_delhi_-_dpcc_2025_October_delhi_2025.xlsx",Sheet1,"R K Puram, Delhi - DPCC",11:00:00,31,2,6.45,False
"R K Puram, Delhi - DPCC/AQI Hourly/aqi_hourly_station_level_r_k_puram,_delhi_-_dpcc_2025_October_delhi_2025.xlsx",Sheet1,"R K Puram, Delhi - DPCC",12:00:00,31,2,6.45,False
"R K Puram, Delhi - DPCC/AQI Hourly/aqi_hourly_station_level_r_k_puram,_delhi_-_dpcc_2025_October_delhi_2025.xlsx",Sheet1,"R K Puram, Delhi - DPCC",13:00:00,31,2,6.45,False
"R K Puram, Delhi - DPCC/AQI Hourly/aqi_hourly_station_level_r_k_puram,_delhi_-_dpcc_2025_October_delhi_2025.xlsx",Sheet1,"R K Puram, Delhi - DPCC",14:00:00,31,2,6.45,False
"R K Puram, Delhi - DPCC/AQI Hourly/aqi_hourly_station_level_r_k_puram,_delhi_-_dpcc_2025_October_delhi_2025.xlsx",Sheet1,"R K Puram, Delhi - DPCC",15:00:00,31,2,6.45,False
"R K Puram, Delhi - DPCC/AQI Hourly/aqi_hourly_station_level_r_k_puram,_delhi_-_dpcc_2025_October_delhi_2025.xlsx",Sheet1,"R K Puram, Delhi - DPCC",16:00:00,31,2,6.45,False
"R K Puram, Delhi - DPCC/AQI Hourly/aqi_hourly_station_level_r_k_puram,_delhi_-_dpcc_2025_October_delhi_2025.xlsx",Sheet1,"R K Puram, Delhi - DPCC",17:00:00,31,3,9.68,False
"R K Puram, Delhi - DPCC/AQI Hourly/aqi_hourly_station_level_r_k_puram,_delhi_-_dpcc_2025_October_delhi_2025.xlsx",Sheet1,"R K Puram, Delhi - DPCC",18:00:00,31,3,9.68,False
"R K Puram, Delhi - DPCC/AQI Hourly/aqi_hourly_station_level_r_k_puram,_delhi_-_dpcc_2025_October_delhi_2025.xlsx",Sheet1,"R K Puram, Delhi - DPCC",19:00:00,31,2,6.45,False
"R K Puram, Delhi - DPCC/AQI Hourly/aqi_hourly_station_level_r_k_puram,_delhi_-_dpcc_2025_October_delhi_2025.xlsx",Sheet1,"R K Puram, Delhi - DPCC",20:00:00,31,2,6.45,False
"R K Puram, Delhi - DPCC/AQI Hourly/aqi_hourly_station_level_r_k_puram,_delhi_-_dpcc_2025_October_delhi_2025.xlsx",Sheet1,"R K Puram, Delhi - DPCC",21:00:00,31,2,6.45,False
"R K Puram, Delhi - DPCC/AQI Hourly/aqi_hourly_station_level_r_k_puram,_delhi_-_dpcc_2025_October_delhi_2025.xlsx",Sheet1,"R K Puram, Delhi - DPCC",22:00:00,31,2,6.45,False
"R K Puram, Delhi - DPCC/AQI Hourly/aqi_hourly_station_level_r_k_puram,_delhi_-_dpcc_2025_October_delhi_2025.xlsx",Sheet1,"R K Puram, Delhi - DPCC",23:00:00,31,3,9.68,False
"R K Puram, Delhi - DPCC/AQI Hourly/aqi_hourly_station_level_r_k_puram,_delhi_-_dpcc_2025_September_delhi_2025.xlsx",Sheet1,"R K Puram, Delhi - DPCC",Date,30,0,0.0,False
"R K Puram, Delhi - DPCC/AQI Hourly/aqi_hourly_station_level_r_k_puram,_delhi_-_dpcc_2025_September_delhi_2025.xlsx",Sheet1,"R K Puram, Delhi - DPCC",00:00:00,30,2,6.67,False
"R K Puram, Delhi - DPCC/AQI Hourly/aqi_hourly_station_level_r_k_puram,_delhi_-_dpcc_2025_September_delhi_2025.xlsx",Sheet1,"R K Puram, Delhi - DPCC",01:00:00,30,2,6.67,False
"R K Puram, Delhi - DPCC/AQI Hourly/aqi_hourly_station_level_r_k_puram,_delhi_-_dpcc_2025_September_delhi_2025.xlsx",Sheet1,"R K Puram, Delhi - DPCC",02:00:00,30,3,10.0,False
"R K Puram, Delhi - DPCC/AQI Hourly/aqi_hourly_station_level_r_k_puram,_delhi_-_dpcc_2025_September_delhi_2025.xlsx",Sheet1,"R K Puram, Delhi - DPCC",03:00:00,30,3,10.0,False
"R K Puram, Delhi - DPCC/AQI Hourly/aqi_hourly_station_level_r_k_puram,_delhi_-_dpcc_2025_September_delhi_2025.xlsx",Sheet1,"R K Puram, Delhi - DPCC",04:00:00,30,2,6.67,False
"R K Puram, Delhi - DPCC/AQI Hourly/aqi_hourly_station_level_r_k_puram,_delhi_-_dpcc_2025_September_delhi_2025.xlsx",Sheet1,"R K Puram, Delhi - DPCC",05:00:00,30,2,6.67,False
"R K Puram, Delhi - DPCC/AQI Hourly/aqi_hourly_station_level_r_k_puram,_delhi_-_dpcc_2025_September_delhi_2025.xlsx",Sheet1,"R K Puram, Delhi - DPCC",06:00:00,30,2,6.67,False
"R K Puram, Delhi - DPCC/AQI Hourly/aqi_hourly_station_level_r_k_puram,_delhi_-_dpcc_2025_September_delhi_2025.xlsx",Sheet1,"R K Puram, Delhi - DPCC",07:00:00,30,2,6.67,False
"R K Puram, Delhi - DPCC/AQI Hourly/aqi_hourly_station_level_r_k_puram,_delhi_-_dpcc_2025_September_delhi_2025.xlsx",Sheet1,"R K Puram, Delhi - DPCC",08:00:00,30,2,6.67,False
"R K Puram, Delhi - DPCC/AQI Hourly/aqi_hourly_station_level_r_k_puram,_delhi_-_dpcc_2025_September_delhi_2025.xlsx",Sheet1,"R K Puram, Delhi - DPCC",09:00:00,30,2,6.67,False
"R K Puram, Delhi - DPCC/AQI Hourly/aqi_hourly_station_level_r_k_puram,_delhi_-_dpcc_2025_September_delhi_2025.xlsx",Sheet1,"R K Puram, Delhi - DPCC",10:00:00,30,2,6.67,False
"R K Puram, Delhi - DPCC/AQI Hourly/aqi_hourly_station_level_r_k_puram,_delhi_-_dpcc_2025_September_delhi_2025.xlsx",Sheet1,"R K Puram, Delhi - DPCC",11:00:00,30,2,6.67,False
"R K Puram, Delhi - DPCC/AQI Hourly/aqi_hourly_station_level_r_k_puram,_delhi_-_dpcc_2025_September_delhi_2025.xlsx",Sheet1,"R K Puram, Delhi - DPCC",12:00:00,30,2,6.67,False
"R K Puram, Delhi - DPCC/AQI Hourly/aqi_hourly_station_level_r_k_puram,_delhi_-_dpcc_2025_September_delhi_2025.xlsx",Sheet1,"R K Puram, Delhi - DPCC",13:00:00,30,1,3.33,False
"R K Puram, Delhi - DPCC/AQI Hourly/aqi_hourly_station_level_r_k_puram,_delhi_-_dpcc_2025_September_delhi_2025.xlsx",Sheet1,"R K Puram, Delhi - DPCC",14:00:00,30,1,3.33,False
"R K Puram, Delhi - DPCC/AQI Hourly/aqi_hourly_station_level_r_k_puram,_delhi_-_dpcc_2025_September_delhi_2025.xlsx",Sheet1,"R K Puram, Delhi - DPCC",15:00:00,30,1,3.33,False
"R K Puram, Delhi - DPCC/AQI Hourly/aqi_hourly_station_level_r_k_puram,_delhi_-_dpcc_2025_September_delhi_2025.xlsx",Sheet1,"R K Puram, Delhi - DPCC",16:00:00,30,1,3.33,False
"R K Puram, Delhi - DPCC/AQI Hourly/aqi_hourly_station_level_r_k_puram,_delhi_-_dpcc_2025_September_delhi_2025.xlsx",Sheet1,"R K Puram, Delhi - DPCC",17:00:00,30,1,3.33,False
"R K Puram, Delhi - DPCC/AQI Hourly/aqi_hourly_station_level_r_k_puram,_delhi_-_dpcc_2025_September_delhi_2025.xlsx",Sheet1,"R K Puram, Delhi - DPCC",18:00:00,30,2,6.67,False
"R K Puram, Delhi - DPCC/AQI Hourly/aqi_hourly_station_level_r_k_puram,_delhi_-_dpcc_2025_September_delhi_2025.xlsx",Sheet1,"R K Puram, Delhi - DPCC",19:00:00,30,1,3.33,False
"R K Puram, Delhi - DPCC/AQI Hourly/aqi_hourly_station_level_r_k_puram,_delhi_-_dpcc_2025_September_delhi_2025.xlsx",Sheet1,"R K Puram, Delhi - DPCC",20:00:00,30,1,3.33,False
"R K Puram, Delhi - DPCC/AQI Hourly/aqi_hourly_station_level_r_k_puram,_delhi_-_dpcc_2025_September_delhi_2025.xlsx",Sheet1,"R K Puram, Delhi - DPCC",21:00:00,30,1,3.33,False
"R K Puram, Delhi - DPCC/AQI Hourly/aqi_hourly_station_level_r_k_puram,_delhi_-_dpcc_2025_September_delhi_2025.xlsx",Sheet1,"R K Puram, Delhi - DPCC",22:00:00,30,1,3.33,False
"R K Puram, Delhi - DPCC/AQI Hourly/aqi_hourly_station_level_r_k_puram,_delhi_-_dpcc_2025_September_delhi_2025.xlsx",Sheet1,"R K Puram, Delhi - DPCC",23:00:00,30,2,6.67,False
"R K Puram, Delhi - DPCC/Raw Data/2024_raw_data_hourly_r_k_puram,_delhi_-_dpcc_1H.csv",sheet1,"R K Puram, Delhi - DPCC",Timestamp,8784,0,0.0,False
"R K Puram, Delhi - DPCC/Raw Data/2024_raw_data_hourly_r_k_puram,_delhi_-_dpcc_1H.csv",sheet1,"R K Puram, Delhi - DPCC",PM2.5 (µg/m³),8784,435,4.95,False
"R K Puram, Delhi - DPCC/Raw Data/2024_raw_data_hourly_r_k_puram,_delhi_-_dpcc_1H.csv",sheet1,"R K Puram, Delhi - DPCC",PM10 (µg/m³),8784,458,5.21,False
"R K Puram, Delhi - DPCC/Raw Data/2024_raw_data_hourly_r_k_puram,_delhi_-_dpcc_1H.csv",sheet1,"R K Puram, Delhi - DPCC",NO (µg/m³),8784,181,2.06,False
"R K Puram, Delhi - DPCC/Raw Data/2024_raw_data_hourly_r_k_puram,_delhi_-_dpcc_1H.csv",sheet1,"R K Puram, Delhi - DPCC",NO2 (µg/m³),8784,204,2.32,False
"R K Puram, Delhi - DPCC/Raw Data/2024_raw_data_hourly_r_k_puram,_delhi_-_dpcc_1H.csv",sheet1,"R K Puram, Delhi - DPCC",NOx (ppb),8784,173,1.97,False
"R K Puram, Delhi - DPCC/Raw Data/2024_raw_data_hourly_r_k_puram,_delhi_-_dpcc_1H.csv",sheet1,"R K Puram, Delhi - DPCC",NH3 (µg/m³),8784,264,3.01,False
"R K Puram, Delhi - DPCC/Raw Data/2024_raw_data_hourly_r_k_puram,_delhi_-_dpcc_1H.csv",sheet1,"R K Puram, Delhi - DPCC",SO2 (µg/m³),8784,396,4.51,False
"R K Puram, Delhi - DPCC/Raw Data/2024_raw_data_hourly_r_k_puram,_delhi_-_dpcc_1H.csv",sheet1,"R K Puram, Delhi - DPCC",CO (mg/m³),8784,203,2.31,False
"R K Puram, Delhi - DPCC/Raw Data/2024_raw_data_hourly_r_k_puram,_delhi_-_dpcc_1H.csv",sheet1,"R K Puram, Delhi - DPCC",Ozone (µg/m³),8784,473,5.38,False
"R K Puram, Delhi - DPCC/Raw Data/2024_raw_data_hourly_r_k_puram,_delhi_-_dpcc_1H.csv",sheet1,"R K Puram, Delhi - DPCC",Benzene (µg/m³),8784,923,10.51,False
"R K Puram, Delhi - DPCC/Raw Data/2024_raw_data_hourly_r_k_puram,_delhi_-_dpcc_1H.csv",sheet1,"R K Puram, Delhi - DPCC",Toluene (µg/m³),8784,923,10.51,False
"R K Puram, Delhi - DPCC/Raw Data/2024_raw_data_hourly_r_k_puram,_delhi_-_dpcc_1H.csv",sheet1,"R K Puram, Delhi - DPCC",Xylene (µg/m³),8784,8784,100.0,True
"R K Puram, Delhi - DPCC/Raw Data/2024_raw_data_hourly_r_k_puram,_delhi_-_dpcc_1H.csv",sheet1,"R K Puram, Delhi - DPCC",O Xylene (µg/m³),8784,8784,100.0,True
"R K Puram, Delhi - DPCC/Raw Data/2024_raw_data_hourly_r_k_puram,_delhi_-_dpcc_1H.csv",sheet1,"R K Puram, Delhi - DPCC",Eth-Benzene (µg/m³),8784,8784,100.0,True
"R K Puram, Delhi - DPCC/Raw Data/2024_raw_data_hourly_r_k_puram,_delhi_-_dpcc_1H.csv",sheet1,"R K Puram, Delhi - DPCC",MP-Xylene (µg/m³),8784,8784,100.0,True
"R K Puram, Delhi - DPCC/Raw Data/2024_raw_data_hourly_r_k_puram,_delhi_-_dpcc_1H.csv",sheet1,"R K Puram, Delhi - DPCC",AT (°C),8784,135,1.54,False
"R K Puram, Delhi - DPCC/Raw Data/2024_raw_data_hourly_r_k_puram,_delhi_-_dpcc_1H.csv",sheet1,"R K Puram, Delhi - DPCC",RH (%),8784,135,1.54,False
"R K Puram, Delhi - DPCC/Raw Data/2024_raw_data_hourly_r_k_puram,_delhi_-_dpcc_1H.csv",sheet1,"R K Puram, Delhi - DPCC",WS (m/s),8784,135,1.54,False
"R K Puram, Delhi - DPCC/Raw Data/2024_raw_data_hourly_r_k_puram,_delhi_-_dpcc_1H.csv",sheet1,"R K Puram, Delhi - DPCC",WD (deg),8784,135,1.54,False
"R K Puram, Delhi - DPCC/Raw Data/2024_raw_data_hourly_r_k_puram,_delhi_-_dpcc_1H.csv",sheet1,"R K Puram, Delhi - DPCC",RF (mm),8784,8784,100.0,True
"R K Puram, Delhi - DPCC/Raw Data/2024_raw_data_hourly_r_k_puram,_delhi_-_dpcc_1H.csv",sheet1,"R K Puram, Delhi - DPCC",TOT-RF (mm),8784,0,0.0,False
"R K Puram, Delhi - DPCC/Raw Data/2024_raw_data_hourly_r_k_puram,_delhi_-_dpcc_1H.csv",sheet1,"R K Puram, Delhi - DPCC",SR (W/mt2),8784,135,1.54,False
"R K Puram, Delhi - DPCC/Raw Data/2024_raw_data_hourly_r_k_puram,_delhi_-_dpcc_1H.csv",sheet1,"R K Puram, Delhi - DPCC",BP (mmHg),8784,339,3.86,False
"R K Puram, Delhi - DPCC/Raw Data/2024_raw_data_hourly_r_k_puram,_delhi_-_dpcc_1H.csv",sheet1,"R K Puram, Delhi - DPCC",VWS (m/s),8784,161,1.83,False
"R K Puram, Delhi - DPCC/Raw Data/2025_raw_data_hourly_r_k_puram,_delhi_-_dpcc_1H.csv",sheet1,"R K Puram, Delhi - DPCC",Timestamp,8760,0,0.0,False
"R K Puram, Delhi - DPCC/Raw Data/2025_raw_data_hourly_r_k_puram,_delhi_-_dpcc_1H.csv",sheet1,"R K Puram, Delhi - DPCC",PM2.5 (µg/m³),8760,402,4.59,False
"R K Puram, Delhi - DPCC/Raw Data/2025_raw_data_hourly_r_k_puram,_delhi_-_dpcc_1H.csv",sheet1,"R K Puram, Delhi - DPCC",PM10 (µg/m³),8760,514,5.87,False
"R K Puram, Delhi - DPCC/Raw Data/2025_raw_data_hourly_r_k_puram,_delhi_-_dpcc_1H.csv",sheet1,"R K Puram, Delhi - DPCC",NO (µg/m³),8760,88,1.0,False
"R K Puram, Delhi - DPCC/Raw Data/2025_raw_data_hourly_r_k_puram,_delhi_-_dpcc_1H.csv",sheet1,"R K Puram, Delhi - DPCC",NO2 (µg/m³),8760,130,1.48,False
"R K Puram, Delhi - DPCC/Raw Data/2025_raw_data_hourly_r_k_puram,_delhi_-_dpcc_1H.csv",sheet1,"R K Puram, Delhi - DPCC",NOx (ppb),8760,86,0.98,False
"R K Puram, Delhi - DPCC/Raw Data/2025_raw_data_hourly_r_k_puram,_delhi_-_dpcc_1H.csv",sheet1,"R K Puram, Delhi - DPCC",NH3 (µg/m³),8760,177,2.02,False
"R K Puram, Delhi - DPCC/Raw Data/2025_raw_data_hourly_r_k_puram,_delhi_-_dpcc_1H.csv",sheet1,"R K Puram, Delhi - DPCC",SO2 (µg/m³),8760,462,5.27,False
"R K Puram, Delhi - DPCC/Raw Data/2025_raw_data_hourly_r_k_puram,_delhi_-_dpcc_1H.csv",sheet1,"R K Puram, Delhi - DPCC",CO (mg/m³),8760,290,3.31,False
"R K Puram, Delhi - DPCC/Raw Data/2025_raw_data_hourly_r_k_puram,_delhi_-_dpcc_1H.csv",sheet1,"R K Puram, Delhi - DPCC",Ozone (µg/m³),8760,192,2.19,False
"R K Puram, Delhi - DPCC/Raw Data/2025_raw_data_hourly_r_k_puram,_delhi_-_dpcc_1H.csv",sheet1,"R K Puram, Delhi - DPCC",Benzene (µg/m³),8760,572,6.53,False
"R K Puram, Delhi - DPCC/Raw Data/2025_raw_data_hourly_r_k_puram,_delhi_-_dpcc_1H.csv",sheet1,"R K Puram, Delhi - DPCC",Toluene (µg/m³),8760,572,6.53,False
"R K Puram, Delhi - DPCC/Raw Data/2025_raw_data_hourly_r_k_puram,_delhi_-_dpcc_1H.csv",sheet1,"R K Puram, Delhi - DPCC",Xylene (µg/m³),8760,8760,100.0,True
"R K Puram, Delhi - DPCC/Raw Data/2025_raw_data_hourly_r_k_puram,_delhi_-_dpcc_1H.csv",sheet1,"R K Puram, Delhi - DPCC",O Xylene (µg/m³),8760,8760,100.0,True
"R K Puram, Delhi - DPCC/Raw Data/2025_raw_data_hourly_r_k_puram,_delhi_-_dpcc_1H.csv",sheet1,"R K Puram, Delhi - DPCC",Eth-Benzene (µg/m³),8760,8760,100.0,True
"R K Puram, Delhi - DPCC/Raw Data/2025_raw_data_hourly_r_k_puram,_delhi_-_dpcc_1H.csv",sheet1,"R K Puram, Delhi - DPCC",MP-Xylene (µg/m³),8760,8760,100.0,True
"R K Puram, Delhi - DPCC/Raw Data/2025_raw_data_hourly_r_k_puram,_delhi_-_dpcc_1H.csv",sheet1,"R K Puram, Delhi - DPCC",AT (°C),8760,53,0.61,False
"R K Puram, Delhi - DPCC/Raw Data/2025_raw_data_hourly_r_k_puram,_delhi_-_dpcc_1H.csv",sheet1,"R K Puram, Delhi - DPCC",RH (%),8760,53,0.61,False
"R K Puram, Delhi - DPCC/Raw Data/2025_raw_data_hourly_r_k_puram,_delhi_-_dpcc_1H.csv",sheet1,"R K Puram, Delhi - DPCC",WS (m/s),8760,53,0.61,False
"R K Puram, Delhi - DPCC/Raw Data/2025_raw_data_hourly_r_k_puram,_delhi_-_dpcc_1H.csv",sheet1,"R K Puram, Delhi - DPCC",WD (deg),8760,53,0.61,False
"R K Puram, Delhi - DPCC/Raw Data/2025_raw_data_hourly_r_k_puram,_delhi_-_dpcc_1H.csv",sheet1,"R K Puram, Delhi - DPCC",RF (mm),8760,8760,100.0,True
"R K Puram, Delhi - DPCC/Raw Data/2025_raw_data_hourly_r_k_puram,_delhi_-_dpcc_1H.csv",sheet1,"R K Puram, Delhi - DPCC",TOT-RF (mm),8760,0,0.0,False
"R K Puram, Delhi - DPCC/Raw Data/2025_raw_data_hourly_r_k_puram,_delhi_-_dpcc_1H.csv",sheet1,"R K Puram, Delhi - DPCC",SR (W/mt2),8760,55,0.63,False
"R K Puram, Delhi - DPCC/Raw Data/2025_raw_data_hourly_r_k_puram,_delhi_-_dpcc_1H.csv",sheet1,"R K Puram, Delhi - DPCC",BP (mmHg),8760,129,1.47,False
"R K Puram, Delhi - DPCC/Raw Data/2025_raw_data_hourly_r_k_puram,_delhi_-_dpcc_1H.csv",sheet1,"R K Puram, Delhi - DPCC",VWS (m/s),8760,54,0.62,False
"R K Puram, Delhi - DPCC/Raw Data/2026_raw_data_hourly_r_k_puram,_delhi_-_dpcc_1H.csv",sheet1,"R K Puram, Delhi - DPCC",Timestamp,5088,0,0.0,False
"R K Puram, Delhi - DPCC/Raw Data/2026_raw_data_hourly_r_k_puram,_delhi_-_dpcc_1H.csv",sheet1,"R K Puram, Delhi - DPCC",PM2.5 (µg/m³),5088,255,5.01,False
"R K Puram, Delhi - DPCC/Raw Data/2026_raw_data_hourly_r_k_puram,_delhi_-_dpcc_1H.csv",sheet1,"R K Puram, Delhi - DPCC",PM10 (µg/m³),5088,303,5.96,False
"R K Puram, Delhi - DPCC/Raw Data/2026_raw_data_hourly_r_k_puram,_delhi_-_dpcc_1H.csv",sheet1,"R K Puram, Delhi - DPCC",NO (µg/m³),5088,179,3.52,False
"R K Puram, Delhi - DPCC/Raw Data/2026_raw_data_hourly_r_k_puram,_delhi_-_dpcc_1H.csv",sheet1,"R K Puram, Delhi - DPCC",NO2 (µg/m³),5088,172,3.38,False
"R K Puram, Delhi - DPCC/Raw Data/2026_raw_data_hourly_r_k_puram,_delhi_-_dpcc_1H.csv",sheet1,"R K Puram, Delhi - DPCC",NOx (ppb),5088,165,3.24,False
"R K Puram, Delhi - DPCC/Raw Data/2026_raw_data_hourly_r_k_puram,_delhi_-_dpcc_1H.csv",sheet1,"R K Puram, Delhi - DPCC",NH3 (µg/m³),5088,162,3.18,False
"R K Puram, Delhi - DPCC/Raw Data/2026_raw_data_hourly_r_k_puram,_delhi_-_dpcc_1H.csv",sheet1,"R K Puram, Delhi - DPCC",SO2 (µg/m³),5088,465,9.14,False
"R K Puram, Delhi - DPCC/Raw Data/2026_raw_data_hourly_r_k_puram,_delhi_-_dpcc_1H.csv",sheet1,"R K Puram, Delhi - DPCC",CO (mg/m³),5088,227,4.46,False
"R K Puram, Delhi - DPCC/Raw Data/2026_raw_data_hourly_r_k_puram,_delhi_-_dpcc_1H.csv",sheet1,"R K Puram, Delhi - DPCC",Ozone (µg/m³),5088,297,5.84,False
"R K Puram, Delhi - DPCC/Raw Data/2026_raw_data_hourly_r_k_puram,_delhi_-_dpcc_1H.csv",sheet1,"R K Puram, Delhi - DPCC",Benzene (µg/m³),5088,474,9.32,False
"R K Puram, Delhi - DPCC/Raw Data/2026_raw_data_hourly_r_k_puram,_delhi_-_dpcc_1H.csv",sheet1,"R K Puram, Delhi - DPCC",Toluene (µg/m³),5088,467,9.18,False
"R K Puram, Delhi - DPCC/Raw Data/2026_raw_data_hourly_r_k_puram,_delhi_-_dpcc_1H.csv",sheet1,"R K Puram, Delhi - DPCC",Xylene (µg/m³),5088,5088,100.0,True
"R K Puram, Delhi - DPCC/Raw Data/2026_raw_data_hourly_r_k_puram,_delhi_-_dpcc_1H.csv",sheet1,"R K Puram, Delhi - DPCC",O Xylene (µg/m³),5088,5088,100.0,True
"R K Puram, Delhi - DPCC/Raw Data/2026_raw_data_hourly_r_k_puram,_delhi_-_dpcc_1H.csv",sheet1,"R K Puram, Delhi - DPCC",Eth-Benzene (µg/m³),5088,5088,100.0,True
"R K Puram, Delhi - DPCC/Raw Data/2026_raw_data_hourly_r_k_puram,_delhi_-_dpcc_1H.csv",sheet1,"R K Puram, Delhi - DPCC",MP-Xylene (µg/m³),5088,977,19.2,False
"R K Puram, Delhi - DPCC/Raw Data/2026_raw_data_hourly_r_k_puram,_delhi_-_dpcc_1H.csv",sheet1,"R K Puram, Delhi - DPCC",AT (°C),5088,141,2.77,False
"R K Puram, Delhi - DPCC/Raw Data/2026_raw_data_hourly_r_k_puram,_delhi_-_dpcc_1H.csv",sheet1,"R K Puram, Delhi - DPCC",RH (%),5088,141,2.77,False
"R K Puram, Delhi - DPCC/Raw Data/2026_raw_data_hourly_r_k_puram,_delhi_-_dpcc_1H.csv",sheet1,"R K Puram, Delhi - DPCC",WS (m/s),5088,141,2.77,False
"R K Puram, Delhi - DPCC/Raw Data/2026_raw_data_hourly_r_k_puram,_delhi_-_dpcc_1H.csv",sheet1,"R K Puram, Delhi - DPCC",WD (deg),5088,265,5.21,False
"R K Puram, Delhi - DPCC/Raw Data/2026_raw_data_hourly_r_k_puram,_delhi_-_dpcc_1H.csv",sheet1,"R K Puram, Delhi - DPCC",RF (mm),5088,5088,100.0,True
"R K Puram, Delhi - DPCC/Raw Data/2026_raw_data_hourly_r_k_puram,_delhi_-_dpcc_1H.csv",sheet1,"R K Puram, Delhi - DPCC",TOT-RF (mm),5088,5088,100.0,True
"R K Puram, Delhi - DPCC/Raw Data/2026_raw_data_hourly_r_k_puram,_delhi_-_dpcc_1H.csv",sheet1,"R K Puram, Delhi - DPCC",SR (W/mt2),5088,141,2.77,False
"R K Puram, Delhi - DPCC/Raw Data/2026_raw_data_hourly_r_k_puram,_delhi_-_dpcc_1H.csv",sheet1,"R K Puram, Delhi - DPCC",BP (mmHg),5088,152,2.99,False
"R K Puram, Delhi - DPCC/Raw Data/2026_raw_data_hourly_r_k_puram,_delhi_-_dpcc_1H.csv",sheet1,"R K Puram, Delhi - DPCC",VWS (m/s),5088,141,2.77,False
