file_key,sheet,station_folder,data_type,col_name,inferred_dtype,semantic_role,sample_values,n_total,n_missing,pct_missing,completely_empty
"Anand Vihar, Delhi - DPCC/AQI Hourly/aqi_hourly_station_level_anand_vihar,_delhi_-_dpcc_2025_April_delhi_2025.xlsx",Sheet1,"Anand Vihar, Delhi - DPCC",AQI Hourly,Date,int,timestamp,1 | 2 | 3,30,0,0.0,False
"Anand Vihar, Delhi - DPCC/AQI Hourly/aqi_hourly_station_level_anand_vihar,_delhi_-_dpcc_2025_April_delhi_2025.xlsx",Sheet1,"Anand Vihar, Delhi - DPCC",AQI Hourly,00:00:00,int,unknown,158 | 169 | 247,30,0,0.0,False
"Anand Vihar, Delhi - DPCC/AQI Hourly/aqi_hourly_station_level_anand_vihar,_delhi_-_dpcc_2025_April_delhi_2025.xlsx",Sheet1,"Anand Vihar, Delhi - DPCC",AQI Hourly,01:00:00,int,unknown,158 | 170 | 253,30,0,0.0,False
"Anand Vihar, Delhi - DPCC/AQI Hourly/aqi_hourly_station_level_anand_vihar,_delhi_-_dpcc_2025_April_delhi_2025.xlsx",Sheet1,"Anand Vihar, Delhi - DPCC",AQI Hourly,02:00:00,int,unknown,150 | 173 | 262,30,0,0.0,False
"Anand Vihar, Delhi - DPCC/AQI Hourly/aqi_hourly_station_level_anand_vihar,_delhi_-_dpcc_2025_April_delhi_2025.xlsx",Sheet1,"Anand Vihar, Delhi - DPCC",AQI Hourly,03:00:00,float,unknown,150.0 | 173.0 | 268.0,30,1,3.33,False
"Anand Vihar, Delhi - DPCC/AQI Hourly/aqi_hourly_station_level_anand_vihar,_delhi_-_dpcc_2025_April_delhi_2025.xlsx",Sheet1,"Anand Vihar, Delhi - DPCC",AQI Hourly,04:00:00,float,unknown,145.0 | 183.0 | 267.0,30,2,6.67,False
"Anand Vihar, Delhi - DPCC/AQI Hourly/aqi_hourly_station_level_anand_vihar,_delhi_-_dpcc_2025_April_delhi_2025.xlsx",Sheet1,"Anand Vihar, Delhi - DPCC",AQI Hourly,05:00:00,int,unknown,144 | 192 | 262,30,0,0.0,False
"Anand Vihar, Delhi - DPCC/AQI Hourly/aqi_hourly_station_level_anand_vihar,_delhi_-_dpcc_2025_April_delhi_2025.xlsx",Sheet1,"Anand Vihar, Delhi - DPCC",AQI Hourly,06:00:00,int,unknown,145 | 200 | 262,30,0,0.0,False
"Anand Vihar, Delhi - DPCC/AQI Hourly/aqi_hourly_station_level_anand_vihar,_delhi_-_dpcc_2025_April_delhi_2025.xlsx",Sheet1,"Anand Vihar, Delhi - DPCC",AQI Hourly,07:00:00,int,unknown,148 | 203 | 269,30,0,0.0,False
"Anand Vihar, Delhi - DPCC/AQI Hourly/aqi_hourly_station_level_anand_vihar,_delhi_-_dpcc_2025_April_delhi_2025.xlsx",Sheet1,"Anand Vihar, Delhi - DPCC",AQI Hourly,08:00:00,int,unknown,154 | 203 | 272,30,0,0.0,False
"Anand Vihar, Delhi - DPCC/AQI Hourly/aqi_hourly_station_level_anand_vihar,_delhi_-_dpcc_2025_April_delhi_2025.xlsx",Sheet1,"Anand Vihar, Delhi - DPCC",AQI Hourly,09:00:00,int,unknown,163 | 204 | 268,30,0,0.0,False
"Anand Vihar, Delhi - DPCC/AQI Hourly/aqi_hourly_station_level_anand_vihar,_delhi_-_dpcc_2025_April_delhi_2025.xlsx",Sheet1,"Anand Vihar, Delhi - DPCC",AQI Hourly,10:00:00,int,unknown,164 | 211 | 269,30,0,0.0,False
"Anand Vihar, Delhi - DPCC/AQI Hourly/aqi_hourly_station_level_anand_vihar,_delhi_-_dpcc_2025_April_delhi_2025.xlsx",Sheet1,"Anand Vihar, Delhi - DPCC",AQI Hourly,11:00:00,float,unknown,163.0 | 214.0 | 276.0,30,1,3.33,False
"Anand Vihar, Delhi - DPCC/AQI Hourly/aqi_hourly_station_level_anand_vihar,_delhi_-_dpcc_2025_April_delhi_2025.xlsx",Sheet1,"Anand Vihar, Delhi - DPCC",AQI Hourly,12:00:00,int,unknown,161 | 215 | 279,30,0,0.0,False
"Anand Vihar, Delhi - DPCC/AQI Hourly/aqi_hourly_station_level_anand_vihar,_delhi_-_dpcc_2025_April_delhi_2025.xlsx",Sheet1,"Anand Vihar, Delhi - DPCC",AQI Hourly,13:00:00,float,unknown,155.0 | 219.0 | 287.0,30,1,3.33,False
"Anand Vihar, Delhi - DPCC/AQI Hourly/aqi_hourly_station_level_anand_vihar,_delhi_-_dpcc_2025_April_delhi_2025.xlsx",Sheet1,"Anand Vihar, Delhi - DPCC",AQI Hourly,14:00:00,int,unknown,152 | 227 | 279,30,0,0.0,False
"Anand Vihar, Delhi - DPCC/AQI Hourly/aqi_hourly_station_level_anand_vihar,_delhi_-_dpcc_2025_April_delhi_2025.xlsx",Sheet1,"Anand Vihar, Delhi - DPCC",AQI Hourly,15:00:00,int,unknown,153 | 229 | 270,30,0,0.0,False
"Anand Vihar, Delhi - DPCC/AQI Hourly/aqi_hourly_station_level_anand_vihar,_delhi_-_dpcc_2025_April_delhi_2025.xlsx",Sheet1,"Anand Vihar, Delhi - DPCC",AQI Hourly,16:00:00,int,unknown,156 | 229 | 265,30,0,0.0,False
"Anand Vihar, Delhi - DPCC/AQI Hourly/aqi_hourly_station_level_anand_vihar,_delhi_-_dpcc_2025_April_delhi_2025.xlsx",Sheet1,"Anand Vihar, Delhi - DPCC",AQI Hourly,17:00:00,int,unknown,158 | 230 | 259,30,0,0.0,False
"Anand Vihar, Delhi - DPCC/AQI Hourly/aqi_hourly_station_level_anand_vihar,_delhi_-_dpcc_2025_April_delhi_2025.xlsx",Sheet1,"Anand Vihar, Delhi - DPCC",AQI Hourly,18:00:00,float,unknown,162.0 | 227.0 | 260.0,30,1,3.33,False
"Anand Vihar, Delhi - DPCC/AQI Hourly/aqi_hourly_station_level_anand_vihar,_delhi_-_dpcc_2025_April_delhi_2025.xlsx",Sheet1,"Anand Vihar, Delhi - DPCC",AQI Hourly,19:00:00,float,unknown,167.0 | 253.0 | 315.0,30,1,3.33,False
"Anand Vihar, Delhi - DPCC/AQI Hourly/aqi_hourly_station_level_anand_vihar,_delhi_-_dpcc_2025_April_delhi_2025.xlsx",Sheet1,"Anand Vihar, Delhi - DPCC",AQI Hourly,20:00:00,int,unknown,169 | 227 | 259,30,0,0.0,False
"Anand Vihar, Delhi - DPCC/AQI Hourly/aqi_hourly_station_level_anand_vihar,_delhi_-_dpcc_2025_April_delhi_2025.xlsx",Sheet1,"Anand Vihar, Delhi - DPCC",AQI Hourly,21:00:00,int,unknown,172 | 226 | 269,30,0,0.0,False
"Anand Vihar, Delhi - DPCC/AQI Hourly/aqi_hourly_station_level_anand_vihar,_delhi_-_dpcc_2025_April_delhi_2025.xlsx",Sheet1,"Anand Vihar, Delhi - DPCC",AQI Hourly,22:00:00,float,unknown,170.0 | 228.0 | 278.0,30,1,3.33,False
"Anand Vihar, Delhi - DPCC/AQI Hourly/aqi_hourly_station_level_anand_vihar,_delhi_-_dpcc_2025_April_delhi_2025.xlsx",Sheet1,"Anand Vihar, Delhi - DPCC",AQI Hourly,23:00:00,int,unknown,168 | 237 | 281,30,0,0.0,False
"Anand Vihar, Delhi - DPCC/AQI Hourly/aqi_hourly_station_level_anand_vihar,_delhi_-_dpcc_2025_August_delhi_2025.xlsx",Sheet1,"Anand Vihar, Delhi - DPCC",AQI Hourly,Date,int,timestamp,1 | 2 | 3,31,0,0.0,False
"Anand Vihar, Delhi - DPCC/AQI Hourly/aqi_hourly_station_level_anand_vihar,_delhi_-_dpcc_2025_August_delhi_2025.xlsx",Sheet1,"Anand Vihar, Delhi - DPCC",AQI Hourly,00:00:00,float,unknown,75.0 | 77.0 | 111.0,31,1,3.23,False
"Anand Vihar, Delhi - DPCC/AQI Hourly/aqi_hourly_station_level_anand_vihar,_delhi_-_dpcc_2025_August_delhi_2025.xlsx",Sheet1,"Anand Vihar, Delhi - DPCC",AQI Hourly,01:00:00,float,unknown,77.0 | 78.0 | 112.0,31,1,3.23,False
"Anand Vihar, Delhi - DPCC/AQI Hourly/aqi_hourly_station_level_anand_vihar,_delhi_-_dpcc_2025_August_delhi_2025.xlsx",Sheet1,"Anand Vihar, Delhi - DPCC",AQI Hourly,02:00:00,int,unknown,79 | 81 | 111,31,0,0.0,False
"Anand Vihar, Delhi - DPCC/AQI Hourly/aqi_hourly_station_level_anand_vihar,_delhi_-_dpcc_2025_August_delhi_2025.xlsx",Sheet1,"Anand Vihar, Delhi - DPCC",AQI Hourly,03:00:00,float,unknown,80.0 | 83.0 | 107.0,31,2,6.45,False
"Anand Vihar, Delhi - DPCC/AQI Hourly/aqi_hourly_station_level_anand_vihar,_delhi_-_dpcc_2025_August_delhi_2025.xlsx",Sheet1,"Anand Vihar, Delhi - DPCC",AQI Hourly,04:00:00,int,unknown,80 | 85 | 107,31,0,0.0,False
"Anand Vihar, Delhi - DPCC/AQI Hourly/aqi_hourly_station_level_anand_vihar,_delhi_-_dpcc_2025_August_delhi_2025.xlsx",Sheet1,"Anand Vihar, Delhi - DPCC",AQI Hourly,05:00:00,float,unknown,85.0 | 85.0 | 107.0,31,1,3.23,False
"Anand Vihar, Delhi - DPCC/AQI Hourly/aqi_hourly_station_level_anand_vihar,_delhi_-_dpcc_2025_August_delhi_2025.xlsx",Sheet1,"Anand Vihar, Delhi - DPCC",AQI Hourly,06:00:00,float,unknown,84.0 | 89.0 | 106.0,31,1,3.23,False
"Anand Vihar, Delhi - DPCC/AQI Hourly/aqi_hourly_station_level_anand_vihar,_delhi_-_dpcc_2025_August_delhi_2025.xlsx",Sheet1,"Anand Vihar, Delhi - DPCC",AQI Hourly,07:00:00,float,unknown,84.0 | 89.0 | 103.0,31,1,3.23,False
"Anand Vihar, Delhi - DPCC/AQI Hourly/aqi_hourly_station_level_anand_vihar,_delhi_-_dpcc_2025_August_delhi_2025.xlsx",Sheet1,"Anand Vihar, Delhi - DPCC",AQI Hourly,08:00:00,float,unknown,85.0 | 90.0 | 100.0,31,1,3.23,False
"Anand Vihar, Delhi - DPCC/AQI Hourly/aqi_hourly_station_level_anand_vihar,_delhi_-_dpcc_2025_August_delhi_2025.xlsx",Sheet1,"Anand Vihar, Delhi - DPCC",AQI Hourly,09:00:00,float,unknown,84.0 | 91.0 | 102.0,31,1,3.23,False
"Anand Vihar, Delhi - DPCC/AQI Hourly/aqi_hourly_station_level_anand_vihar,_delhi_-_dpcc_2025_August_delhi_2025.xlsx",Sheet1,"Anand Vihar, Delhi - DPCC",AQI Hourly,10:00:00,float,unknown,82.0 | 92.0 | 102.0,31,1,3.23,False
"Anand Vihar, Delhi - DPCC/AQI Hourly/aqi_hourly_station_level_anand_vihar,_delhi_-_dpcc_2025_August_delhi_2025.xlsx",Sheet1,"Anand Vihar, Delhi - DPCC",AQI Hourly,11:00:00,float,unknown,81.0 | 92.0 | 102.0,31,1,3.23,False
"Anand Vihar, Delhi - DPCC/AQI Hourly/aqi_hourly_station_level_anand_vihar,_delhi_-_dpcc_2025_August_delhi_2025.xlsx",Sheet1,"Anand Vihar, Delhi - DPCC",AQI Hourly,12:00:00,float,unknown,79.0 | 94.0 | 103.0,31,2,6.45,False
"Anand Vihar, Delhi - DPCC/AQI Hourly/aqi_hourly_station_level_anand_vihar,_delhi_-_dpcc_2025_August_delhi_2025.xlsx",Sheet1,"Anand Vihar, Delhi - DPCC",AQI Hourly,13:00:00,float,unknown,77.0 | 99.0 | 101.0,31,2,6.45,False
"Anand Vihar, Delhi - DPCC/AQI Hourly/aqi_hourly_station_level_anand_vihar,_delhi_-_dpcc_2025_August_delhi_2025.xlsx",Sheet1,"Anand Vihar, Delhi - DPCC",AQI Hourly,14:00:00,float,unknown,77.0 | 101.0 | 98.0,31,1,3.23,False
"Anand Vihar, Delhi - DPCC/AQI Hourly/aqi_hourly_station_level_anand_vihar,_delhi_-_dpcc_2025_August_delhi_2025.xlsx",Sheet1,"Anand Vihar, Delhi - DPCC",AQI Hourly,15:00:00,float,unknown,78.0 | 102.0 | 95.0,31,1,3.23,False
"Anand Vihar, Delhi - DPCC/AQI Hourly/aqi_hourly_station_level_anand_vihar,_delhi_-_dpcc_2025_August_delhi_2025.xlsx",Sheet1,"Anand Vihar, Delhi - DPCC",AQI Hourly,16:00:00,float,unknown,78.0 | 103.0 | 95.0,31,1,3.23,False
"Anand Vihar, Delhi - DPCC/AQI Hourly/aqi_hourly_station_level_anand_vihar,_delhi_-_dpcc_2025_August_delhi_2025.xlsx",Sheet1,"Anand Vihar, Delhi - DPCC",AQI Hourly,17:00:00,float,unknown,81.0 | 102.0 | 95.0,31,1,3.23,False
"Anand Vihar, Delhi - DPCC/AQI Hourly/aqi_hourly_station_level_anand_vihar,_delhi_-_dpcc_2025_August_delhi_2025.xlsx",Sheet1,"Anand Vihar, Delhi - DPCC",AQI Hourly,18:00:00,float,unknown,83.0 | 101.0 | 98.0,31,2,6.45,False
"Anand Vihar, Delhi - DPCC/AQI Hourly/aqi_hourly_station_level_anand_vihar,_delhi_-_dpcc_2025_August_delhi_2025.xlsx",Sheet1,"Anand Vihar, Delhi - DPCC",AQI Hourly,19:00:00,float,unknown,84.0 | 100.0 | 104.0,31,1,3.23,False
"Anand Vihar, Delhi - DPCC/AQI Hourly/aqi_hourly_station_level_anand_vihar,_delhi_-_dpcc_2025_August_delhi_2025.xlsx",Sheet1,"Anand Vihar, Delhi - DPCC",AQI Hourly,20:00:00,float,unknown,83.0 | 102.0 | 106.0,31,1,3.23,False
"Anand Vihar, Delhi - DPCC/AQI Hourly/aqi_hourly_station_level_anand_vihar,_delhi_-_dpcc_2025_August_delhi_2025.xlsx",Sheet1,"Anand Vihar, Delhi - DPCC",AQI Hourly,21:00:00,float,unknown,82.0 | 102.0 | 111.0,31,1,3.23,False
"Anand Vihar, Delhi - DPCC/AQI Hourly/aqi_hourly_station_level_anand_vihar,_delhi_-_dpcc_2025_August_delhi_2025.xlsx",Sheet1,"Anand Vihar, Delhi - DPCC",AQI Hourly,22:00:00,float,unknown,78.0 | 104.0 | 113.0,31,1,3.23,False
"Anand Vihar, Delhi - DPCC/AQI Hourly/aqi_hourly_station_level_anand_vihar,_delhi_-_dpcc_2025_August_delhi_2025.xlsx",Sheet1,"Anand Vihar, Delhi - DPCC",AQI Hourly,23:00:00,float,unknown,77.0 | 110.0 | 113.0,31,1,3.23,False
"Anand Vihar, Delhi - DPCC/AQI Hourly/aqi_hourly_station_level_anand_vihar,_delhi_-_dpcc_2025_December_delhi_2025.xlsx",Sheet1,"Anand Vihar, Delhi - DPCC",AQI Hourly,Date,int,timestamp,1 | 2 | 3,31,0,0.0,False
"Anand Vihar, Delhi - DPCC/AQI Hourly/aqi_hourly_station_level_anand_vihar,_delhi_-_dpcc_2025_December_delhi_2025.xlsx",Sheet1,"Anand Vihar, Delhi - DPCC",AQI Hourly,00:00:00,int,unknown,303 | 368 | 412,31,0,0.0,False
"Anand Vihar, Delhi - DPCC/AQI Hourly/aqi_hourly_station_level_anand_vihar,_delhi_-_dpcc_2025_December_delhi_2025.xlsx",Sheet1,"Anand Vihar, Delhi - DPCC",AQI Hourly,01:00:00,int,unknown,307 | 371 | 409,31,0,0.0,False
"Anand Vihar, Delhi - DPCC/AQI Hourly/aqi_hourly_station_level_anand_vihar,_delhi_-_dpcc_2025_December_delhi_2025.xlsx",Sheet1,"Anand Vihar, Delhi - DPCC",AQI Hourly,02:00:00,int,unknown,310 | 375 | 406,31,0,0.0,False
"Anand Vihar, Delhi - DPCC/AQI Hourly/aqi_hourly_station_level_anand_vihar,_delhi_-_dpcc_2025_December_delhi_2025.xlsx",Sheet1,"Anand Vihar, Delhi - DPCC",AQI Hourly,03:00:00,int,unknown,314 | 376 | 405,31,0,0.0,False
"Anand Vihar, Delhi - DPCC/AQI Hourly/aqi_hourly_station_level_anand_vihar,_delhi_-_dpcc_2025_December_delhi_2025.xlsx",Sheet1,"Anand Vihar, Delhi - DPCC",AQI Hourly,04:00:00,int,unknown,318 | 378 | 404,31,0,0.0,False
"Anand Vihar, Delhi - DPCC/AQI Hourly/aqi_hourly_station_level_anand_vihar,_delhi_-_dpcc_2025_December_delhi_2025.xlsx",Sheet1,"Anand Vihar, Delhi - DPCC",AQI Hourly,05:00:00,int,unknown,321 | 378 | 405,31,0,0.0,False
"Anand Vihar, Delhi - DPCC/AQI Hourly/aqi_hourly_station_level_anand_vihar,_delhi_-_dpcc_2025_December_delhi_2025.xlsx",Sheet1,"Anand Vihar, Delhi - DPCC",AQI Hourly,06:00:00,int,unknown,323 | 381 | 405,31,0,0.0,False
"Anand Vihar, Delhi - DPCC/AQI Hourly/aqi_hourly_station_level_anand_vihar,_delhi_-_dpcc_2025_December_delhi_2025.xlsx",Sheet1,"Anand Vihar, Delhi - DPCC",AQI Hourly,07:00:00,float,unknown,325.0 | 383.0 | 405.0,31,1,3.23,False
"Anand Vihar, Delhi - DPCC/AQI Hourly/aqi_hourly_station_level_anand_vihar,_delhi_-_dpcc_2025_December_delhi_2025.xlsx",Sheet1,"Anand Vihar, Delhi - DPCC",AQI Hourly,08:00:00,int,unknown,327 | 386 | 402,31,0,0.0,False
"Anand Vihar, Delhi - DPCC/AQI Hourly/aqi_hourly_station_level_anand_vihar,_delhi_-_dpcc_2025_December_delhi_2025.xlsx",Sheet1,"Anand Vihar, Delhi - DPCC",AQI Hourly,09:00:00,int,unknown,328 | 389 | 400,31,0,0.0,False
"Anand Vihar, Delhi - DPCC/AQI Hourly/aqi_hourly_station_level_anand_vihar,_delhi_-_dpcc_2025_December_delhi_2025.xlsx",Sheet1,"Anand Vihar, Delhi - DPCC",AQI Hourly,10:00:00,int,unknown,330 | 392 | 398,31,0,0.0,False
"Anand Vihar, Delhi - DPCC/AQI Hourly/aqi_hourly_station_level_anand_vihar,_delhi_-_dpcc_2025_December_delhi_2025.xlsx",Sheet1,"Anand Vihar, Delhi - DPCC",AQI Hourly,11:00:00,int,unknown,331 | 396 | 396,31,0,0.0,False
"Anand Vihar, Delhi - DPCC/AQI Hourly/aqi_hourly_station_level_anand_vihar,_delhi_-_dpcc_2025_December_delhi_2025.xlsx",Sheet1,"Anand Vihar, Delhi - DPCC",AQI Hourly,12:00:00,int,unknown,332 | 400 | 391,31,0,0.0,False
"Anand Vihar, Delhi - DPCC/AQI Hourly/aqi_hourly_station_level_anand_vihar,_delhi_-_dpcc_2025_December_delhi_2025.xlsx",Sheet1,"Anand Vihar, Delhi - DPCC",AQI Hourly,13:00:00,int,unknown,331 | 403 | 388,31,0,0.0,False
"Anand Vihar, Delhi - DPCC/AQI Hourly/aqi_hourly_station_level_anand_vihar,_delhi_-_dpcc_2025_December_delhi_2025.xlsx",Sheet1,"Anand Vihar, Delhi - DPCC",AQI Hourly,14:00:00,int,unknown,332 | 405 | 386,31,0,0.0,False
"Anand Vihar, Delhi - DPCC/AQI Hourly/aqi_hourly_station_level_anand_vihar,_delhi_-_dpcc_2025_December_delhi_2025.xlsx",Sheet1,"Anand Vihar, Delhi - DPCC",AQI Hourly,15:00:00,int,unknown,336 | 406 | 384,31,0,0.0,False
"Anand Vihar, Delhi - DPCC/AQI Hourly/aqi_hourly_station_level_anand_vihar,_delhi_-_dpcc_2025_December_delhi_2025.xlsx",Sheet1,"Anand Vihar, Delhi - DPCC",AQI Hourly,16:00:00,int,unknown,344 | 408 | 377,31,0,0.0,False
"Anand Vihar, Delhi - DPCC/AQI Hourly/aqi_hourly_station_level_anand_vihar,_delhi_-_dpcc_2025_December_delhi_2025.xlsx",Sheet1,"Anand Vihar, Delhi - DPCC",AQI Hourly,17:00:00,int,unknown,348 | 415 | 368,31,0,0.0,False
"Anand Vihar, Delhi - DPCC/AQI Hourly/aqi_hourly_station_level_anand_vihar,_delhi_-_dpcc_2025_December_delhi_2025.xlsx",Sheet1,"Anand Vihar, Delhi - DPCC",AQI Hourly,18:00:00,int,unknown,352 | 418 | 358,31,0,0.0,False
"Anand Vihar, Delhi - DPCC/AQI Hourly/aqi_hourly_station_level_anand_vihar,_delhi_-_dpcc_2025_December_delhi_2025.xlsx",Sheet1,"Anand Vihar, Delhi - DPCC",AQI Hourly,19:00:00,int,unknown,353 | 420 | 356,31,0,0.0,False
"Anand Vihar, Delhi - DPCC/AQI Hourly/aqi_hourly_station_level_anand_vihar,_delhi_-_dpcc_2025_December_delhi_2025.xlsx",Sheet1,"Anand Vihar, Delhi - DPCC",AQI Hourly,20:00:00,float,unknown,354.0 | 421.0 | 354.0,31,1,3.23,False
"Anand Vihar, Delhi - DPCC/AQI Hourly/aqi_hourly_station_level_anand_vihar,_delhi_-_dpcc_2025_December_delhi_2025.xlsx",Sheet1,"Anand Vihar, Delhi - DPCC",AQI Hourly,21:00:00,int,unknown,357 | 421 | 351,31,0,0.0,False
"Anand Vihar, Delhi - DPCC/AQI Hourly/aqi_hourly_station_level_anand_vihar,_delhi_-_dpcc_2025_December_delhi_2025.xlsx",Sheet1,"Anand Vihar, Delhi - DPCC",AQI Hourly,22:00:00,int,unknown,359 | 419 | 347,31,0,0.0,False
"Anand Vihar, Delhi - DPCC/AQI Hourly/aqi_hourly_station_level_anand_vihar,_delhi_-_dpcc_2025_December_delhi_2025.xlsx",Sheet1,"Anand Vihar, Delhi - DPCC",AQI Hourly,23:00:00,int,unknown,363 | 416 | 343,31,0,0.0,False
"Anand Vihar, Delhi - DPCC/AQI Hourly/aqi_hourly_station_level_anand_vihar,_delhi_-_dpcc_2025_February_delhi_2025.xlsx",Sheet1,"Anand Vihar, Delhi - DPCC",AQI Hourly,Date,int,timestamp,1 | 2 | 3,27,0,0.0,False
"Anand Vihar, Delhi - DPCC/AQI Hourly/aqi_hourly_station_level_anand_vihar,_delhi_-_dpcc_2025_February_delhi_2025.xlsx",Sheet1,"Anand Vihar, Delhi - DPCC",AQI Hourly,00:00:00,float,unknown,417.0 | 360.0 | 163.0,27,10,37.04,False
"Anand Vihar, Delhi - DPCC/AQI Hourly/aqi_hourly_station_level_anand_vihar,_delhi_-_dpcc_2025_February_delhi_2025.xlsx",Sheet1,"Anand Vihar, Delhi - DPCC",AQI Hourly,01:00:00,float,unknown,417.0 | 360.0 | 162.0,27,10,37.04,False
"Anand Vihar, Delhi - DPCC/AQI Hourly/aqi_hourly_station_level_anand_vihar,_delhi_-_dpcc_2025_February_delhi_2025.xlsx",Sheet1,"Anand Vihar, Delhi - DPCC",AQI Hourly,02:00:00,float,unknown,416.0 | 359.0 | 161.0,27,10,37.04,False
"Anand Vihar, Delhi - DPCC/AQI Hourly/aqi_hourly_station_level_anand_vihar,_delhi_-_dpcc_2025_February_delhi_2025.xlsx",Sheet1,"Anand Vihar, Delhi - DPCC",AQI Hourly,03:00:00,float,unknown,412.0 | 358.0 | 161.0,27,10,37.04,False
"Anand Vihar, Delhi - DPCC/AQI Hourly/aqi_hourly_station_level_anand_vihar,_delhi_-_dpcc_2025_February_delhi_2025.xlsx",Sheet1,"Anand Vihar, Delhi - DPCC",AQI Hourly,04:00:00,float,unknown,358.0 | 160.0 | 238.0,27,10,37.04,False
"Anand Vihar, Delhi - DPCC/AQI Hourly/aqi_hourly_station_level_anand_vihar,_delhi_-_dpcc_2025_February_delhi_2025.xlsx",Sheet1,"Anand Vihar, Delhi - DPCC",AQI Hourly,05:00:00,float,unknown,358.0 | 159.0 | 240.0,27,9,33.33,False
"Anand Vihar, Delhi - DPCC/AQI Hourly/aqi_hourly_station_level_anand_vihar,_delhi_-_dpcc_2025_February_delhi_2025.xlsx",Sheet1,"Anand Vihar, Delhi - DPCC",AQI Hourly,06:00:00,float,unknown,418.0 | 357.0 | 158.0,27,8,29.63,False
"Anand Vihar, Delhi - DPCC/AQI Hourly/aqi_hourly_station_level_anand_vihar,_delhi_-_dpcc_2025_February_delhi_2025.xlsx",Sheet1,"Anand Vihar, Delhi - DPCC",AQI Hourly,07:00:00,float,unknown,416.0 | 158.0 | 247.0,27,10,37.04,False
"Anand Vihar, Delhi - DPCC/AQI Hourly/aqi_hourly_station_level_anand_vihar,_delhi_-_dpcc_2025_February_delhi_2025.xlsx",Sheet1,"Anand Vihar, Delhi - DPCC",AQI Hourly,08:00:00,float,unknown,410.0 | 159.0 | 250.0,27,10,37.04,False
"Anand Vihar, Delhi - DPCC/AQI Hourly/aqi_hourly_station_level_anand_vihar,_delhi_-_dpcc_2025_February_delhi_2025.xlsx",Sheet1,"Anand Vihar, Delhi - DPCC",AQI Hourly,09:00:00,float,unknown,404.0 | 160.0 | 255.0,27,11,40.74,False
"Anand Vihar, Delhi - DPCC/AQI Hourly/aqi_hourly_station_level_anand_vihar,_delhi_-_dpcc_2025_February_delhi_2025.xlsx",Sheet1,"Anand Vihar, Delhi - DPCC",AQI Hourly,10:00:00,float,unknown,400.0 | 162.0 | 258.0,27,11,40.74,False
"Anand Vihar, Delhi - DPCC/AQI Hourly/aqi_hourly_station_level_anand_vihar,_delhi_-_dpcc_2025_February_delhi_2025.xlsx",Sheet1,"Anand Vihar, Delhi - DPCC",AQI Hourly,11:00:00,float,unknown,396.0 | 164.0 | 261.0,27,11,40.74,False
"Anand Vihar, Delhi - DPCC/AQI Hourly/aqi_hourly_station_level_anand_vihar,_delhi_-_dpcc_2025_February_delhi_2025.xlsx",Sheet1,"Anand Vihar, Delhi - DPCC",AQI Hourly,12:00:00,float,unknown,390.0 | 164.0 | 262.0,27,11,40.74,False
"Anand Vihar, Delhi - DPCC/AQI Hourly/aqi_hourly_station_level_anand_vihar,_delhi_-_dpcc_2025_February_delhi_2025.xlsx",Sheet1,"Anand Vihar, Delhi - DPCC",AQI Hourly,13:00:00,float,unknown,382.0 | 166.0 | 264.0,27,11,40.74,False
"Anand Vihar, Delhi - DPCC/AQI Hourly/aqi_hourly_station_level_anand_vihar,_delhi_-_dpcc_2025_February_delhi_2025.xlsx",Sheet1,"Anand Vihar, Delhi - DPCC",AQI Hourly,14:00:00,float,unknown,375.0 | 170.0 | 265.0,27,11,40.74,False
"Anand Vihar, Delhi - DPCC/AQI Hourly/aqi_hourly_station_level_anand_vihar,_delhi_-_dpcc_2025_February_delhi_2025.xlsx",Sheet1,"Anand Vihar, Delhi - DPCC",AQI Hourly,15:00:00,float,unknown,369.0 | 171.0 | 272.0,27,11,40.74,False
"Anand Vihar, Delhi - DPCC/AQI Hourly/aqi_hourly_station_level_anand_vihar,_delhi_-_dpcc_2025_February_delhi_2025.xlsx",Sheet1,"Anand Vihar, Delhi - DPCC",AQI Hourly,16:00:00,float,unknown,365.0 | 171.0 | 282.0,27,11,40.74,False
"Anand Vihar, Delhi - DPCC/AQI Hourly/aqi_hourly_station_level_anand_vihar,_delhi_-_dpcc_2025_February_delhi_2025.xlsx",Sheet1,"Anand Vihar, Delhi - DPCC",AQI Hourly,17:00:00,float,unknown,364.0 | 173.0 | 284.0,27,11,40.74,False
"Anand Vihar, Delhi - DPCC/AQI Hourly/aqi_hourly_station_level_anand_vihar,_delhi_-_dpcc_2025_February_delhi_2025.xlsx",Sheet1,"Anand Vihar, Delhi - DPCC",AQI Hourly,18:00:00,float,unknown,363.0 | 173.0 | 290.0,27,11,40.74,False
"Anand Vihar, Delhi - DPCC/AQI Hourly/aqi_hourly_station_level_anand_vihar,_delhi_-_dpcc_2025_February_delhi_2025.xlsx",Sheet1,"Anand Vihar, Delhi - DPCC",AQI Hourly,19:00:00,float,unknown,362.0 | 156.0 | 173.0,27,10,37.04,False
"Anand Vihar, Delhi - DPCC/AQI Hourly/aqi_hourly_station_level_anand_vihar,_delhi_-_dpcc_2025_February_delhi_2025.xlsx",Sheet1,"Anand Vihar, Delhi - DPCC",AQI Hourly,20:00:00,float,unknown,362.0 | 155.0 | 180.0,27,11,40.74,False
"Anand Vihar, Delhi - DPCC/AQI Hourly/aqi_hourly_station_level_anand_vihar,_delhi_-_dpcc_2025_February_delhi_2025.xlsx",Sheet1,"Anand Vihar, Delhi - DPCC",AQI Hourly,21:00:00,float,unknown,362.0 | 154.0 | 188.0,27,11,40.74,False
"Anand Vihar, Delhi - DPCC/AQI Hourly/aqi_hourly_station_level_anand_vihar,_delhi_-_dpcc_2025_February_delhi_2025.xlsx",Sheet1,"Anand Vihar, Delhi - DPCC",AQI Hourly,22:00:00,float,unknown,362.0 | 159.0 | 191.0,27,11,40.74,False
"Anand Vihar, Delhi - DPCC/AQI Hourly/aqi_hourly_station_level_anand_vihar,_delhi_-_dpcc_2025_February_delhi_2025.xlsx",Sheet1,"Anand Vihar, Delhi - DPCC",AQI Hourly,23:00:00,float,unknown,362.0 | 161.0 | 201.0,27,11,40.74,False
"Anand Vihar, Delhi - DPCC/AQI Hourly/aqi_hourly_station_level_anand_vihar,_delhi_-_dpcc_2025_January_delhi_2025.xlsx",Sheet1,"Anand Vihar, Delhi - DPCC",AQI Hourly,Date,int,timestamp,1 | 2 | 3,31,0,0.0,False
"Anand Vihar, Delhi - DPCC/AQI Hourly/aqi_hourly_station_level_anand_vihar,_delhi_-_dpcc_2025_January_delhi_2025.xlsx",Sheet1,"Anand Vihar, Delhi - DPCC",AQI Hourly,00:00:00,float,unknown,368.0 | 368.0 | 447.0,31,9,29.03,False
"Anand Vihar, Delhi - DPCC/AQI Hourly/aqi_hourly_station_level_anand_vihar,_delhi_-_dpcc_2025_January_delhi_2025.xlsx",Sheet1,"Anand Vihar, Delhi - DPCC",AQI Hourly,01:00:00,float,unknown,387.0 | 365.0 | 369.0,31,7,22.58,False
"Anand Vihar, Delhi - DPCC/AQI Hourly/aqi_hourly_station_level_anand_vihar,_delhi_-_dpcc_2025_January_delhi_2025.xlsx",Sheet1,"Anand Vihar, Delhi - DPCC",AQI Hourly,02:00:00,float,unknown,389.0 | 362.0 | 371.0,31,7,22.58,False
"Anand Vihar, Delhi - DPCC/AQI Hourly/aqi_hourly_station_level_anand_vihar,_delhi_-_dpcc_2025_January_delhi_2025.xlsx",Sheet1,"Anand Vihar, Delhi - DPCC",AQI Hourly,03:00:00,float,unknown,389.0 | 360.0 | 441.0,31,8,25.81,False
"Anand Vihar, Delhi - DPCC/AQI Hourly/aqi_hourly_station_level_anand_vihar,_delhi_-_dpcc_2025_January_delhi_2025.xlsx",Sheet1,"Anand Vihar, Delhi - DPCC",AQI Hourly,04:00:00,float,unknown,389.0 | 359.0 | 443.0,31,8,25.81,False
"Anand Vihar, Delhi - DPCC/AQI Hourly/aqi_hourly_station_level_anand_vihar,_delhi_-_dpcc_2025_January_delhi_2025.xlsx",Sheet1,"Anand Vihar, Delhi - DPCC",AQI Hourly,05:00:00,float,unknown,390.0 | 356.0 | 456.0,31,8,25.81,False
"Anand Vihar, Delhi - DPCC/AQI Hourly/aqi_hourly_station_level_anand_vihar,_delhi_-_dpcc_2025_January_delhi_2025.xlsx",Sheet1,"Anand Vihar, Delhi - DPCC",AQI Hourly,06:00:00,float,unknown,390.0 | 355.0 | 480.0,31,8,25.81,False
"Anand Vihar, Delhi - DPCC/AQI Hourly/aqi_hourly_station_level_anand_vihar,_delhi_-_dpcc_2025_January_delhi_2025.xlsx",Sheet1,"Anand Vihar, Delhi - DPCC",AQI Hourly,07:00:00,float,unknown,388.0 | 356.0 | 474.0,31,8,25.81,False
"Anand Vihar, Delhi - DPCC/AQI Hourly/aqi_hourly_station_level_anand_vihar,_delhi_-_dpcc_2025_January_delhi_2025.xlsx",Sheet1,"Anand Vihar, Delhi - DPCC",AQI Hourly,08:00:00,float,unknown,386.0 | 356.0 | 359.0,31,9,29.03,False
"Anand Vihar, Delhi - DPCC/AQI Hourly/aqi_hourly_station_level_anand_vihar,_delhi_-_dpcc_2025_January_delhi_2025.xlsx",Sheet1,"Anand Vihar, Delhi - DPCC",AQI Hourly,09:00:00,float,unknown,385.0 | 355.0 | 469.0,31,9,29.03,False
"Anand Vihar, Delhi - DPCC/AQI Hourly/aqi_hourly_station_level_anand_vihar,_delhi_-_dpcc_2025_January_delhi_2025.xlsx",Sheet1,"Anand Vihar, Delhi - DPCC",AQI Hourly,10:00:00,float,unknown,385.0 | 355.0 | 468.0,31,9,29.03,False
"Anand Vihar, Delhi - DPCC/AQI Hourly/aqi_hourly_station_level_anand_vihar,_delhi_-_dpcc_2025_January_delhi_2025.xlsx",Sheet1,"Anand Vihar, Delhi - DPCC",AQI Hourly,11:00:00,float,unknown,386.0 | 355.0 | 467.0,31,9,29.03,False
"Anand Vihar, Delhi - DPCC/AQI Hourly/aqi_hourly_station_level_anand_vihar,_delhi_-_dpcc_2025_January_delhi_2025.xlsx",Sheet1,"Anand Vihar, Delhi - DPCC",AQI Hourly,12:00:00,float,unknown,387.0 | 357.0 | 468.0,31,8,25.81,False
"Anand Vihar, Delhi - DPCC/AQI Hourly/aqi_hourly_station_level_anand_vihar,_delhi_-_dpcc_2025_January_delhi_2025.xlsx",Sheet1,"Anand Vihar, Delhi - DPCC",AQI Hourly,13:00:00,float,unknown,386.0 | 359.0 | 468.0,31,7,22.58,False
"Anand Vihar, Delhi - DPCC/AQI Hourly/aqi_hourly_station_level_anand_vihar,_delhi_-_dpcc_2025_January_delhi_2025.xlsx",Sheet1,"Anand Vihar, Delhi - DPCC",AQI Hourly,14:00:00,float,unknown,388.0 | 361.0 | 467.0,31,7,22.58,False
"Anand Vihar, Delhi - DPCC/AQI Hourly/aqi_hourly_station_level_anand_vihar,_delhi_-_dpcc_2025_January_delhi_2025.xlsx",Sheet1,"Anand Vihar, Delhi - DPCC",AQI Hourly,15:00:00,float,unknown,387.0 | 364.0 | 464.0,31,8,25.81,False
"Anand Vihar, Delhi - DPCC/AQI Hourly/aqi_hourly_station_level_anand_vihar,_delhi_-_dpcc_2025_January_delhi_2025.xlsx",Sheet1,"Anand Vihar, Delhi - DPCC",AQI Hourly,16:00:00,float,unknown,384.0 | 366.0 | 463.0,31,8,25.81,False
"Anand Vihar, Delhi - DPCC/AQI Hourly/aqi_hourly_station_level_anand_vihar,_delhi_-_dpcc_2025_January_delhi_2025.xlsx",Sheet1,"Anand Vihar, Delhi - DPCC",AQI Hourly,17:00:00,float,unknown,382.0 | 368.0 | 462.0,31,8,25.81,False
"Anand Vihar, Delhi - DPCC/AQI Hourly/aqi_hourly_station_level_anand_vihar,_delhi_-_dpcc_2025_January_delhi_2025.xlsx",Sheet1,"Anand Vihar, Delhi - DPCC",AQI Hourly,18:00:00,float,unknown,380.0 | 368.0 | 461.0,31,9,29.03,False
"Anand Vihar, Delhi - DPCC/AQI Hourly/aqi_hourly_station_level_anand_vihar,_delhi_-_dpcc_2025_January_delhi_2025.xlsx",Sheet1,"Anand Vihar, Delhi - DPCC",AQI Hourly,19:00:00,float,unknown,379.0 | 368.0 | 459.0,31,8,25.81,False
"Anand Vihar, Delhi - DPCC/AQI Hourly/aqi_hourly_station_level_anand_vihar,_delhi_-_dpcc_2025_January_delhi_2025.xlsx",Sheet1,"Anand Vihar, Delhi - DPCC",AQI Hourly,20:00:00,float,unknown,379.0 | 368.0 | 457.0,31,8,25.81,False
"Anand Vihar, Delhi - DPCC/AQI Hourly/aqi_hourly_station_level_anand_vihar,_delhi_-_dpcc_2025_January_delhi_2025.xlsx",Sheet1,"Anand Vihar, Delhi - DPCC",AQI Hourly,21:00:00,float,unknown,377.0 | 367.0 | 455.0,31,8,25.81,False
"Anand Vihar, Delhi - DPCC/AQI Hourly/aqi_hourly_station_level_anand_vihar,_delhi_-_dpcc_2025_January_delhi_2025.xlsx",Sheet1,"Anand Vihar, Delhi - DPCC",AQI Hourly,22:00:00,float,unknown,374.0 | 367.0 | 452.0,31,8,25.81,False
"Anand Vihar, Delhi - DPCC/AQI Hourly/aqi_hourly_station_level_anand_vihar,_delhi_-_dpcc_2025_January_delhi_2025.xlsx",Sheet1,"Anand Vihar, Delhi - DPCC",AQI Hourly,23:00:00,float,unknown,371.0 | 367.0 | 450.0,31,8,25.81,False
"Anand Vihar, Delhi - DPCC/AQI Hourly/aqi_hourly_station_level_anand_vihar,_delhi_-_dpcc_2025_July_delhi_2025.xlsx",Sheet1,"Anand Vihar, Delhi - DPCC",AQI Hourly,Date,int,timestamp,1 | 2 | 3,31,0,0.0,False
"Anand Vihar, Delhi - DPCC/AQI Hourly/aqi_hourly_station_level_anand_vihar,_delhi_-_dpcc_2025_July_delhi_2025.xlsx",Sheet1,"Anand Vihar, Delhi - DPCC",AQI Hourly,00:00:00,float,unknown,83.0 | 75.0 | 89.0,31,1,3.23,False
"Anand Vihar, Delhi - DPCC/AQI Hourly/aqi_hourly_station_level_anand_vihar,_delhi_-_dpcc_2025_July_delhi_2025.xlsx",Sheet1,"Anand Vihar, Delhi - DPCC",AQI Hourly,01:00:00,float,unknown,85.0 | 75.0 | 87.0,31,1,3.23,False
"Anand Vihar, Delhi - DPCC/AQI Hourly/aqi_hourly_station_level_anand_vihar,_delhi_-_dpcc_2025_July_delhi_2025.xlsx",Sheet1,"Anand Vihar, Delhi - DPCC",AQI Hourly,02:00:00,float,unknown,86.0 | 75.0 | 86.0,31,1,3.23,False
"Anand Vihar, Delhi - DPCC/AQI Hourly/aqi_hourly_station_level_anand_vihar,_delhi_-_dpcc_2025_July_delhi_2025.xlsx",Sheet1,"Anand Vihar, Delhi - DPCC",AQI Hourly,03:00:00,float,unknown,88.0 | 73.0 | 84.0,31,1,3.23,False
"Anand Vihar, Delhi - DPCC/AQI Hourly/aqi_hourly_station_level_anand_vihar,_delhi_-_dpcc_2025_July_delhi_2025.xlsx",Sheet1,"Anand Vihar, Delhi - DPCC",AQI Hourly,04:00:00,float,unknown,84.0 | 75.0 | 82.0,31,1,3.23,False
"Anand Vihar, Delhi - DPCC/AQI Hourly/aqi_hourly_station_level_anand_vihar,_delhi_-_dpcc_2025_July_delhi_2025.xlsx",Sheet1,"Anand Vihar, Delhi - DPCC",AQI Hourly,05:00:00,float,unknown,80.0 | 77.0 | 79.0,31,1,3.23,False
"Anand Vihar, Delhi - DPCC/AQI Hourly/aqi_hourly_station_level_anand_vihar,_delhi_-_dpcc_2025_July_delhi_2025.xlsx",Sheet1,"Anand Vihar, Delhi - DPCC",AQI Hourly,06:00:00,float,unknown,79.0 | 80.0 | 76.0,31,1,3.23,False
"Anand Vihar, Delhi - DPCC/AQI Hourly/aqi_hourly_station_level_anand_vihar,_delhi_-_dpcc_2025_July_delhi_2025.xlsx",Sheet1,"Anand Vihar, Delhi - DPCC",AQI Hourly,07:00:00,float,unknown,79.0 | 84.0 | 73.0,31,2,6.45,False
"Anand Vihar, Delhi - DPCC/AQI Hourly/aqi_hourly_station_level_anand_vihar,_delhi_-_dpcc_2025_July_delhi_2025.xlsx",Sheet1,"Anand Vihar, Delhi - DPCC",AQI Hourly,08:00:00,int,unknown,80 | 85 | 71,31,0,0.0,False
"Anand Vihar, Delhi - DPCC/AQI Hourly/aqi_hourly_station_level_anand_vihar,_delhi_-_dpcc_2025_July_delhi_2025.xlsx",Sheet1,"Anand Vihar, Delhi - DPCC",AQI Hourly,09:00:00,int,unknown,82 | 87 | 69,31,0,0.0,False
"Anand Vihar, Delhi - DPCC/AQI Hourly/aqi_hourly_station_level_anand_vihar,_delhi_-_dpcc_2025_July_delhi_2025.xlsx",Sheet1,"Anand Vihar, Delhi - DPCC",AQI Hourly,10:00:00,int,unknown,83 | 87 | 69,31,0,0.0,False
"Anand Vihar, Delhi - DPCC/AQI Hourly/aqi_hourly_station_level_anand_vihar,_delhi_-_dpcc_2025_July_delhi_2025.xlsx",Sheet1,"Anand Vihar, Delhi - DPCC",AQI Hourly,11:00:00,int,unknown,84 | 88 | 69,31,0,0.0,False
"Anand Vihar, Delhi - DPCC/AQI Hourly/aqi_hourly_station_level_anand_vihar,_delhi_-_dpcc_2025_July_delhi_2025.xlsx",Sheet1,"Anand Vihar, Delhi - DPCC",AQI Hourly,12:00:00,float,unknown,88.0 | 69.0 | 73.0,31,1,3.23,False
"Anand Vihar, Delhi - DPCC/AQI Hourly/aqi_hourly_station_level_anand_vihar,_delhi_-_dpcc_2025_July_delhi_2025.xlsx",Sheet1,"Anand Vihar, Delhi - DPCC",AQI Hourly,13:00:00,int,unknown,84 | 88 | 70,31,0,0.0,False
"Anand Vihar, Delhi - DPCC/AQI Hourly/aqi_hourly_station_level_anand_vihar,_delhi_-_dpcc_2025_July_delhi_2025.xlsx",Sheet1,"Anand Vihar, Delhi - DPCC",AQI Hourly,14:00:00,int,unknown,84 | 87 | 69,31,0,0.0,False
"Anand Vihar, Delhi - DPCC/AQI Hourly/aqi_hourly_station_level_anand_vihar,_delhi_-_dpcc_2025_July_delhi_2025.xlsx",Sheet1,"Anand Vihar, Delhi - DPCC",AQI Hourly,15:00:00,int,unknown,82 | 88 | 69,31,0,0.0,False
"Anand Vihar, Delhi - DPCC/AQI Hourly/aqi_hourly_station_level_anand_vihar,_delhi_-_dpcc_2025_July_delhi_2025.xlsx",Sheet1,"Anand Vihar, Delhi - DPCC",AQI Hourly,16:00:00,int,unknown,80 | 89 | 67,31,0,0.0,False
"Anand Vihar, Delhi - DPCC/AQI Hourly/aqi_hourly_station_level_anand_vihar,_delhi_-_dpcc_2025_July_delhi_2025.xlsx",Sheet1,"Anand Vihar, Delhi - DPCC",AQI Hourly,17:00:00,float,unknown,79.0 | 89.0 | 68.0,31,1,3.23,False
"Anand Vihar, Delhi - DPCC/AQI Hourly/aqi_hourly_station_level_anand_vihar,_delhi_-_dpcc_2025_July_delhi_2025.xlsx",Sheet1,"Anand Vihar, Delhi - DPCC",AQI Hourly,18:00:00,float,unknown,76.0 | 89.0 | 68.0,31,1,3.23,False
"Anand Vihar, Delhi - DPCC/AQI Hourly/aqi_hourly_station_level_anand_vihar,_delhi_-_dpcc_2025_July_delhi_2025.xlsx",Sheet1,"Anand Vihar, Delhi - DPCC",AQI Hourly,19:00:00,float,unknown,76.0 | 91.0 | 68.0,31,1,3.23,False
"Anand Vihar, Delhi - DPCC/AQI Hourly/aqi_hourly_station_level_anand_vihar,_delhi_-_dpcc_2025_July_delhi_2025.xlsx",Sheet1,"Anand Vihar, Delhi - DPCC",AQI Hourly,20:00:00,float,unknown,75.0 | 90.0 | 70.0,31,1,3.23,False
"Anand Vihar, Delhi - DPCC/AQI Hourly/aqi_hourly_station_level_anand_vihar,_delhi_-_dpcc_2025_July_delhi_2025.xlsx",Sheet1,"Anand Vihar, Delhi - DPCC",AQI Hourly,21:00:00,float,unknown,74.0 | 90.0 | 71.0,31,1,3.23,False
"Anand Vihar, Delhi - DPCC/AQI Hourly/aqi_hourly_station_level_anand_vihar,_delhi_-_dpcc_2025_July_delhi_2025.xlsx",Sheet1,"Anand Vihar, Delhi - DPCC",AQI Hourly,22:00:00,float,unknown,73.0 | 90.0 | 71.0,31,1,3.23,False
"Anand Vihar, Delhi - DPCC/AQI Hourly/aqi_hourly_station_level_anand_vihar,_delhi_-_dpcc_2025_July_delhi_2025.xlsx",Sheet1,"Anand Vihar, Delhi - DPCC",AQI Hourly,23:00:00,float,unknown,74.0 | 89.0 | 72.0,31,1,3.23,False
"Anand Vihar, Delhi - DPCC/AQI Hourly/aqi_hourly_station_level_anand_vihar,_delhi_-_dpcc_2025_June_delhi_2025.xlsx",Sheet1,"Anand Vihar, Delhi - DPCC",AQI Hourly,Date,int,timestamp,1 | 2 | 3,30,0,0.0,False
"Anand Vihar, Delhi - DPCC/AQI Hourly/aqi_hourly_station_level_anand_vihar,_delhi_-_dpcc_2025_June_delhi_2025.xlsx",Sheet1,"Anand Vihar, Delhi - DPCC",AQI Hourly,00:00:00,int,unknown,299 | 210 | 157,30,0,0.0,False
"Anand Vihar, Delhi - DPCC/AQI Hourly/aqi_hourly_station_level_anand_vihar,_delhi_-_dpcc_2025_June_delhi_2025.xlsx",Sheet1,"Anand Vihar, Delhi - DPCC",AQI Hourly,01:00:00,int,unknown,293 | 210 | 157,30,0,0.0,False
"Anand Vihar, Delhi - DPCC/AQI Hourly/aqi_hourly_station_level_anand_vihar,_delhi_-_dpcc_2025_June_delhi_2025.xlsx",Sheet1,"Anand Vihar, Delhi - DPCC",AQI Hourly,02:00:00,int,unknown,285 | 207 | 158,30,0,0.0,False
"Anand Vihar, Delhi - DPCC/AQI Hourly/aqi_hourly_station_level_anand_vihar,_delhi_-_dpcc_2025_June_delhi_2025.xlsx",Sheet1,"Anand Vihar, Delhi - DPCC",AQI Hourly,03:00:00,float,unknown,274.0 | 204.0 | 160.0,30,1,3.33,False
"Anand Vihar, Delhi - DPCC/AQI Hourly/aqi_hourly_station_level_anand_vihar,_delhi_-_dpcc_2025_June_delhi_2025.xlsx",Sheet1,"Anand Vihar, Delhi - DPCC",AQI Hourly,04:00:00,float,unknown,265.0 | 202.0 | 162.0,30,2,6.67,False
"Anand Vihar, Delhi - DPCC/AQI Hourly/aqi_hourly_station_level_anand_vihar,_delhi_-_dpcc_2025_June_delhi_2025.xlsx",Sheet1,"Anand Vihar, Delhi - DPCC",AQI Hourly,05:00:00,float,unknown,256.0 | 199.0 | 165.0,30,1,3.33,False
"Anand Vihar, Delhi - DPCC/AQI Hourly/aqi_hourly_station_level_anand_vihar,_delhi_-_dpcc_2025_June_delhi_2025.xlsx",Sheet1,"Anand Vihar, Delhi - DPCC",AQI Hourly,06:00:00,float,unknown,249.0 | 196.0 | 168.0,30,1,3.33,False
"Anand Vihar, Delhi - DPCC/AQI Hourly/aqi_hourly_station_level_anand_vihar,_delhi_-_dpcc_2025_June_delhi_2025.xlsx",Sheet1,"Anand Vihar, Delhi - DPCC",AQI Hourly,07:00:00,float,unknown,243.0 | 195.0 | 170.0,30,1,3.33,False
"Anand Vihar, Delhi - DPCC/AQI Hourly/aqi_hourly_station_level_anand_vihar,_delhi_-_dpcc_2025_June_delhi_2025.xlsx",Sheet1,"Anand Vihar, Delhi - DPCC",AQI Hourly,08:00:00,float,unknown,235.0 | 194.0 | 171.0,30,1,3.33,False
"Anand Vihar, Delhi - DPCC/AQI Hourly/aqi_hourly_station_level_anand_vihar,_delhi_-_dpcc_2025_June_delhi_2025.xlsx",Sheet1,"Anand Vihar, Delhi - DPCC",AQI Hourly,09:00:00,float,unknown,225.0 | 194.0 | 171.0,30,1,3.33,False
"Anand Vihar, Delhi - DPCC/AQI Hourly/aqi_hourly_station_level_anand_vihar,_delhi_-_dpcc_2025_June_delhi_2025.xlsx",Sheet1,"Anand Vihar, Delhi - DPCC",AQI Hourly,10:00:00,float,unknown,218.0 | 193.0 | 171.0,30,1,3.33,False
"Anand Vihar, Delhi - DPCC/AQI Hourly/aqi_hourly_station_level_anand_vihar,_delhi_-_dpcc_2025_June_delhi_2025.xlsx",Sheet1,"Anand Vihar, Delhi - DPCC",AQI Hourly,11:00:00,float,unknown,216.0 | 190.0 | 171.0,30,2,6.67,False
"Anand Vihar, Delhi - DPCC/AQI Hourly/aqi_hourly_station_level_anand_vihar,_delhi_-_dpcc_2025_June_delhi_2025.xlsx",Sheet1,"Anand Vihar, Delhi - DPCC",AQI Hourly,12:00:00,float,unknown,217.0 | 187.0 | 172.0,30,2,6.67,False
"Anand Vihar, Delhi - DPCC/AQI Hourly/aqi_hourly_station_level_anand_vihar,_delhi_-_dpcc_2025_June_delhi_2025.xlsx",Sheet1,"Anand Vihar, Delhi - DPCC",AQI Hourly,13:00:00,float,unknown,218.0 | 185.0 | 172.0,30,1,3.33,False
"Anand Vihar, Delhi - DPCC/AQI Hourly/aqi_hourly_station_level_anand_vihar,_delhi_-_dpcc_2025_June_delhi_2025.xlsx",Sheet1,"Anand Vihar, Delhi - DPCC",AQI Hourly,14:00:00,float,unknown,220.0 | 180.0 | 173.0,30,1,3.33,False
"Anand Vihar, Delhi - DPCC/AQI Hourly/aqi_hourly_station_level_anand_vihar,_delhi_-_dpcc_2025_June_delhi_2025.xlsx",Sheet1,"Anand Vihar, Delhi - DPCC",AQI Hourly,15:00:00,int,unknown,228 | 170 | 173,30,0,0.0,False
"Anand Vihar, Delhi - DPCC/AQI Hourly/aqi_hourly_station_level_anand_vihar,_delhi_-_dpcc_2025_June_delhi_2025.xlsx",Sheet1,"Anand Vihar, Delhi - DPCC",AQI Hourly,16:00:00,int,unknown,235 | 160 | 172,30,0,0.0,False
"Anand Vihar, Delhi - DPCC/AQI Hourly/aqi_hourly_station_level_anand_vihar,_delhi_-_dpcc_2025_June_delhi_2025.xlsx",Sheet1,"Anand Vihar, Delhi - DPCC",AQI Hourly,17:00:00,int,unknown,241 | 150 | 171,30,0,0.0,False
"Anand Vihar, Delhi - DPCC/AQI Hourly/aqi_hourly_station_level_anand_vihar,_delhi_-_dpcc_2025_June_delhi_2025.xlsx",Sheet1,"Anand Vihar, Delhi - DPCC",AQI Hourly,18:00:00,float,unknown,242.0 | 138.0 | 168.0,30,3,10.0,False
"Anand Vihar, Delhi - DPCC/AQI Hourly/aqi_hourly_station_level_anand_vihar,_delhi_-_dpcc_2025_June_delhi_2025.xlsx",Sheet1,"Anand Vihar, Delhi - DPCC",AQI Hourly,19:00:00,float,unknown,241.0 | 143.0 | 167.0,30,1,3.33,False
"Anand Vihar, Delhi - DPCC/AQI Hourly/aqi_hourly_station_level_anand_vihar,_delhi_-_dpcc_2025_June_delhi_2025.xlsx",Sheet1,"Anand Vihar, Delhi - DPCC",AQI Hourly,20:00:00,float,unknown,236.0 | 150.0 | 167.0,30,1,3.33,False
"Anand Vihar, Delhi - DPCC/AQI Hourly/aqi_hourly_station_level_anand_vihar,_delhi_-_dpcc_2025_June_delhi_2025.xlsx",Sheet1,"Anand Vihar, Delhi - DPCC",AQI Hourly,21:00:00,int,unknown,230 | 155 | 162,30,0,0.0,False
"Anand Vihar, Delhi - DPCC/AQI Hourly/aqi_hourly_station_level_anand_vihar,_delhi_-_dpcc_2025_June_delhi_2025.xlsx",Sheet1,"Anand Vihar, Delhi - DPCC",AQI Hourly,22:00:00,int,unknown,222 | 156 | 164,30,0,0.0,False
"Anand Vihar, Delhi - DPCC/AQI Hourly/aqi_hourly_station_level_anand_vihar,_delhi_-_dpcc_2025_June_delhi_2025.xlsx",Sheet1,"Anand Vihar, Delhi - DPCC",AQI Hourly,23:00:00,int,unknown,215 | 156 | 171,30,0,0.0,False
"Anand Vihar, Delhi - DPCC/AQI Hourly/aqi_hourly_station_level_anand_vihar,_delhi_-_dpcc_2025_March_delhi_2025.xlsx",Sheet1,"Anand Vihar, Delhi - DPCC",AQI Hourly,Date,int,timestamp,1 | 2 | 3,31,0,0.0,False
"Anand Vihar, Delhi - DPCC/AQI Hourly/aqi_hourly_station_level_anand_vihar,_delhi_-_dpcc_2025_March_delhi_2025.xlsx",Sheet1,"Anand Vihar, Delhi - DPCC",AQI Hourly,00:00:00,float,unknown,136.0 | 168.0 | 187.0,31,1,3.23,False
"Anand Vihar, Delhi - DPCC/AQI Hourly/aqi_hourly_station_level_anand_vihar,_delhi_-_dpcc_2025_March_delhi_2025.xlsx",Sheet1,"Anand Vihar, Delhi - DPCC",AQI Hourly,01:00:00,float,unknown,142.0 | 172.0 | 184.0,31,1,3.23,False
"Anand Vihar, Delhi - DPCC/AQI Hourly/aqi_hourly_station_level_anand_vihar,_delhi_-_dpcc_2025_March_delhi_2025.xlsx",Sheet1,"Anand Vihar, Delhi - DPCC",AQI Hourly,02:00:00,float,unknown,149.0 | 174.0 | 181.0,31,1,3.23,False
"Anand Vihar, Delhi - DPCC/AQI Hourly/aqi_hourly_station_level_anand_vihar,_delhi_-_dpcc_2025_March_delhi_2025.xlsx",Sheet1,"Anand Vihar, Delhi - DPCC",AQI Hourly,03:00:00,float,unknown,163.0 | 162.0 | 183.0,31,2,6.45,False
"Anand Vihar, Delhi - DPCC/AQI Hourly/aqi_hourly_station_level_anand_vihar,_delhi_-_dpcc_2025_March_delhi_2025.xlsx",Sheet1,"Anand Vihar, Delhi - DPCC",AQI Hourly,04:00:00,float,unknown,173.0 | 156.0 | 186.0,31,2,6.45,False
"Anand Vihar, Delhi - DPCC/AQI Hourly/aqi_hourly_station_level_anand_vihar,_delhi_-_dpcc_2025_March_delhi_2025.xlsx",Sheet1,"Anand Vihar, Delhi - DPCC",AQI Hourly,05:00:00,float,unknown,182.0 | 152.0 | 188.0,31,2,6.45,False
"Anand Vihar, Delhi - DPCC/AQI Hourly/aqi_hourly_station_level_anand_vihar,_delhi_-_dpcc_2025_March_delhi_2025.xlsx",Sheet1,"Anand Vihar, Delhi - DPCC",AQI Hourly,06:00:00,float,unknown,191.0 | 151.0 | 189.0,31,1,3.23,False
"Anand Vihar, Delhi - DPCC/AQI Hourly/aqi_hourly_station_level_anand_vihar,_delhi_-_dpcc_2025_March_delhi_2025.xlsx",Sheet1,"Anand Vihar, Delhi - DPCC",AQI Hourly,07:00:00,float,unknown,193.0 | 152.0 | 191.0,31,1,3.23,False
"Anand Vihar, Delhi - DPCC/AQI Hourly/aqi_hourly_station_level_anand_vihar,_delhi_-_dpcc_2025_March_delhi_2025.xlsx",Sheet1,"Anand Vihar, Delhi - DPCC",AQI Hourly,08:00:00,float,unknown,191.0 | 157.0 | 190.0,31,1,3.23,False
"Anand Vihar, Delhi - DPCC/AQI Hourly/aqi_hourly_station_level_anand_vihar,_delhi_-_dpcc_2025_March_delhi_2025.xlsx",Sheet1,"Anand Vihar, Delhi - DPCC",AQI Hourly,09:00:00,float,unknown,189.0 | 171.0 | 181.0,31,1,3.23,False
"Anand Vihar, Delhi - DPCC/AQI Hourly/aqi_hourly_station_level_anand_vihar,_delhi_-_dpcc_2025_March_delhi_2025.xlsx",Sheet1,"Anand Vihar, Delhi - DPCC",AQI Hourly,10:00:00,float,unknown,188.0 | 170.0 | 179.0,31,1,3.23,False
"Anand Vihar, Delhi - DPCC/AQI Hourly/aqi_hourly_station_level_anand_vihar,_delhi_-_dpcc_2025_March_delhi_2025.xlsx",Sheet1,"Anand Vihar, Delhi - DPCC",AQI Hourly,11:00:00,float,unknown,185.0 | 186.0 | 166.0,31,2,6.45,False
"Anand Vihar, Delhi - DPCC/AQI Hourly/aqi_hourly_station_level_anand_vihar,_delhi_-_dpcc_2025_March_delhi_2025.xlsx",Sheet1,"Anand Vihar, Delhi - DPCC",AQI Hourly,12:00:00,float,unknown,185.0 | 189.0 | 164.0,31,1,3.23,False
"Anand Vihar, Delhi - DPCC/AQI Hourly/aqi_hourly_station_level_anand_vihar,_delhi_-_dpcc_2025_March_delhi_2025.xlsx",Sheet1,"Anand Vihar, Delhi - DPCC",AQI Hourly,13:00:00,int,unknown,133 | 183 | 190,31,0,0.0,False
"Anand Vihar, Delhi - DPCC/AQI Hourly/aqi_hourly_station_level_anand_vihar,_delhi_-_dpcc_2025_March_delhi_2025.xlsx",Sheet1,"Anand Vihar, Delhi - DPCC",AQI Hourly,14:00:00,int,unknown,133 | 181 | 191,31,0,0.0,False
"Anand Vihar, Delhi - DPCC/AQI Hourly/aqi_hourly_station_level_anand_vihar,_delhi_-_dpcc_2025_March_delhi_2025.xlsx",Sheet1,"Anand Vihar, Delhi - DPCC",AQI Hourly,15:00:00,float,unknown,134.0 | 176.0 | 191.0,31,1,3.23,False
"Anand Vihar, Delhi - DPCC/AQI Hourly/aqi_hourly_station_level_anand_vihar,_delhi_-_dpcc_2025_March_delhi_2025.xlsx",Sheet1,"Anand Vihar, Delhi - DPCC",AQI Hourly,16:00:00,int,unknown,135 | 172 | 191,31,0,0.0,False
"Anand Vihar, Delhi - DPCC/AQI Hourly/aqi_hourly_station_level_anand_vihar,_delhi_-_dpcc_2025_March_delhi_2025.xlsx",Sheet1,"Anand Vihar, Delhi - DPCC",AQI Hourly,17:00:00,int,unknown,134 | 172 | 191,31,0,0.0,False
"Anand Vihar, Delhi - DPCC/AQI Hourly/aqi_hourly_station_level_anand_vihar,_delhi_-_dpcc_2025_March_delhi_2025.xlsx",Sheet1,"Anand Vihar, Delhi - DPCC",AQI Hourly,18:00:00,int,unknown,134 | 170 | 193,31,0,0.0,False
"Anand Vihar, Delhi - DPCC/AQI Hourly/aqi_hourly_station_level_anand_vihar,_delhi_-_dpcc_2025_March_delhi_2025.xlsx",Sheet1,"Anand Vihar, Delhi - DPCC",AQI Hourly,19:00:00,int,unknown,132 | 164 | 194,31,0,0.0,False
"Anand Vihar, Delhi - DPCC/AQI Hourly/aqi_hourly_station_level_anand_vihar,_delhi_-_dpcc_2025_March_delhi_2025.xlsx",Sheet1,"Anand Vihar, Delhi - DPCC",AQI Hourly,20:00:00,int,unknown,132 | 161 | 196,31,0,0.0,False
"Anand Vihar, Delhi - DPCC/AQI Hourly/aqi_hourly_station_level_anand_vihar,_delhi_-_dpcc_2025_March_delhi_2025.xlsx",Sheet1,"Anand Vihar, Delhi - DPCC",AQI Hourly,21:00:00,int,unknown,131 | 158 | 195,31,0,0.0,False
"Anand Vihar, Delhi - DPCC/AQI Hourly/aqi_hourly_station_level_anand_vihar,_delhi_-_dpcc_2025_March_delhi_2025.xlsx",Sheet1,"Anand Vihar, Delhi - DPCC",AQI Hourly,22:00:00,float,unknown,132.0 | 161.0 | 191.0,31,1,3.23,False
"Anand Vihar, Delhi - DPCC/AQI Hourly/aqi_hourly_station_level_anand_vihar,_delhi_-_dpcc_2025_March_delhi_2025.xlsx",Sheet1,"Anand Vihar, Delhi - DPCC",AQI Hourly,23:00:00,float,unknown,133.0 | 163.0 | 191.0,31,1,3.23,False
"Anand Vihar, Delhi - DPCC/AQI Hourly/aqi_hourly_station_level_anand_vihar,_delhi_-_dpcc_2025_May_delhi_2025.xlsx",Sheet1,"Anand Vihar, Delhi - DPCC",AQI Hourly,Date,int,timestamp,1 | 2 | 3,31,0,0.0,False
"Anand Vihar, Delhi - DPCC/AQI Hourly/aqi_hourly_station_level_anand_vihar,_delhi_-_dpcc_2025_May_delhi_2025.xlsx",Sheet1,"Anand Vihar, Delhi - DPCC",AQI Hourly,00:00:00,float,unknown,187.0 | 181.0 | 131.0,31,1,3.23,False
"Anand Vihar, Delhi - DPCC/AQI Hourly/aqi_hourly_station_level_anand_vihar,_delhi_-_dpcc_2025_May_delhi_2025.xlsx",Sheet1,"Anand Vihar, Delhi - DPCC",AQI Hourly,01:00:00,float,unknown,186.0 | 180.0 | 137.0,31,2,6.45,False
"Anand Vihar, Delhi - DPCC/AQI Hourly/aqi_hourly_station_level_anand_vihar,_delhi_-_dpcc_2025_May_delhi_2025.xlsx",Sheet1,"Anand Vihar, Delhi - DPCC",AQI Hourly,02:00:00,int,unknown,182 | 180 | 140,31,0,0.0,False
"Anand Vihar, Delhi - DPCC/AQI Hourly/aqi_hourly_station_level_anand_vihar,_delhi_-_dpcc_2025_May_delhi_2025.xlsx",Sheet1,"Anand Vihar, Delhi - DPCC",AQI Hourly,03:00:00,float,unknown,178.0 | 180.0 | 135.0,31,1,3.23,False
"Anand Vihar, Delhi - DPCC/AQI Hourly/aqi_hourly_station_level_anand_vihar,_delhi_-_dpcc_2025_May_delhi_2025.xlsx",Sheet1,"Anand Vihar, Delhi - DPCC",AQI Hourly,04:00:00,int,unknown,174 | 180 | 131,31,0,0.0,False
"Anand Vihar, Delhi - DPCC/AQI Hourly/aqi_hourly_station_level_anand_vihar,_delhi_-_dpcc_2025_May_delhi_2025.xlsx",Sheet1,"Anand Vihar, Delhi - DPCC",AQI Hourly,05:00:00,int,unknown,173 | 178 | 137,31,0,0.0,False
"Anand Vihar, Delhi - DPCC/AQI Hourly/aqi_hourly_station_level_anand_vihar,_delhi_-_dpcc_2025_May_delhi_2025.xlsx",Sheet1,"Anand Vihar, Delhi - DPCC",AQI Hourly,06:00:00,int,unknown,173 | 176 | 146,31,0,0.0,False
"Anand Vihar, Delhi - DPCC/AQI Hourly/aqi_hourly_station_level_anand_vihar,_delhi_-_dpcc_2025_May_delhi_2025.xlsx",Sheet1,"Anand Vihar, Delhi - DPCC",AQI Hourly,07:00:00,int,unknown,174 | 176 | 154,31,0,0.0,False
"Anand Vihar, Delhi - DPCC/AQI Hourly/aqi_hourly_station_level_anand_vihar,_delhi_-_dpcc_2025_May_delhi_2025.xlsx",Sheet1,"Anand Vihar, Delhi - DPCC",AQI Hourly,08:00:00,int,unknown,175 | 172 | 164,31,0,0.0,False
"Anand Vihar, Delhi - DPCC/AQI Hourly/aqi_hourly_station_level_anand_vihar,_delhi_-_dpcc_2025_May_delhi_2025.xlsx",Sheet1,"Anand Vihar, Delhi - DPCC",AQI Hourly,09:00:00,int,unknown,174 | 168 | 174,31,0,0.0,False
"Anand Vihar, Delhi - DPCC/AQI Hourly/aqi_hourly_station_level_anand_vihar,_delhi_-_dpcc_2025_May_delhi_2025.xlsx",Sheet1,"Anand Vihar, Delhi - DPCC",AQI Hourly,10:00:00,float,unknown,174.0 | 165.0 | 177.0,31,1,3.23,False
"Anand Vihar, Delhi - DPCC/AQI Hourly/aqi_hourly_station_level_anand_vihar,_delhi_-_dpcc_2025_May_delhi_2025.xlsx",Sheet1,"Anand Vihar, Delhi - DPCC",AQI Hourly,11:00:00,int,unknown,172 | 159 | 183,31,0,0.0,False
"Anand Vihar, Delhi - DPCC/AQI Hourly/aqi_hourly_station_level_anand_vihar,_delhi_-_dpcc_2025_May_delhi_2025.xlsx",Sheet1,"Anand Vihar, Delhi - DPCC",AQI Hourly,12:00:00,int,unknown,171 | 152 | 185,31,0,0.0,False
"Anand Vihar, Delhi - DPCC/AQI Hourly/aqi_hourly_station_level_anand_vihar,_delhi_-_dpcc_2025_May_delhi_2025.xlsx",Sheet1,"Anand Vihar, Delhi - DPCC",AQI Hourly,13:00:00,int,unknown,170 | 151 | 189,31,0,0.0,False
"Anand Vihar, Delhi - DPCC/AQI Hourly/aqi_hourly_station_level_anand_vihar,_delhi_-_dpcc_2025_May_delhi_2025.xlsx",Sheet1,"Anand Vihar, Delhi - DPCC",AQI Hourly,14:00:00,int,unknown,171 | 148 | 194,31,0,0.0,False
"Anand Vihar, Delhi - DPCC/AQI Hourly/aqi_hourly_station_level_anand_vihar,_delhi_-_dpcc_2025_May_delhi_2025.xlsx",Sheet1,"Anand Vihar, Delhi - DPCC",AQI Hourly,15:00:00,int,unknown,171 | 145 | 201,31,0,0.0,False
"Anand Vihar, Delhi - DPCC/AQI Hourly/aqi_hourly_station_level_anand_vihar,_delhi_-_dpcc_2025_May_delhi_2025.xlsx",Sheet1,"Anand Vihar, Delhi - DPCC",AQI Hourly,16:00:00,int,unknown,170 | 141 | 204,31,0,0.0,False
"Anand Vihar, Delhi - DPCC/AQI Hourly/aqi_hourly_station_level_anand_vihar,_delhi_-_dpcc_2025_May_delhi_2025.xlsx",Sheet1,"Anand Vihar, Delhi - DPCC",AQI Hourly,17:00:00,int,unknown,169 | 133 | 207,31,0,0.0,False
"Anand Vihar, Delhi - DPCC/AQI Hourly/aqi_hourly_station_level_anand_vihar,_delhi_-_dpcc_2025_May_delhi_2025.xlsx",Sheet1,"Anand Vihar, Delhi - DPCC",AQI Hourly,18:00:00,float,unknown,169.0 | 130.0 | 208.0,31,1,3.23,False
"Anand Vihar, Delhi - DPCC/AQI Hourly/aqi_hourly_station_level_anand_vihar,_delhi_-_dpcc_2025_May_delhi_2025.xlsx",Sheet1,"Anand Vihar, Delhi - DPCC",AQI Hourly,19:00:00,int,unknown,170 | 126 | 209,31,0,0.0,False
"Anand Vihar, Delhi - DPCC/AQI Hourly/aqi_hourly_station_level_anand_vihar,_delhi_-_dpcc_2025_May_delhi_2025.xlsx",Sheet1,"Anand Vihar, Delhi - DPCC",AQI Hourly,20:00:00,int,unknown,176 | 124 | 210,31,0,0.0,False
"Anand Vihar, Delhi - DPCC/AQI Hourly/aqi_hourly_station_level_anand_vihar,_delhi_-_dpcc_2025_May_delhi_2025.xlsx",Sheet1,"Anand Vihar, Delhi - DPCC",AQI Hourly,21:00:00,float,unknown,175.0 | 120.0 | 219.0,31,1,3.23,False
"Anand Vihar, Delhi - DPCC/AQI Hourly/aqi_hourly_station_level_anand_vihar,_delhi_-_dpcc_2025_May_delhi_2025.xlsx",Sheet1,"Anand Vihar, Delhi - DPCC",AQI Hourly,22:00:00,float,unknown,179.0 | 120.0 | 224.0,31,1,3.23,False
"Anand Vihar, Delhi - DPCC/AQI Hourly/aqi_hourly_station_level_anand_vihar,_delhi_-_dpcc_2025_May_delhi_2025.xlsx",Sheet1,"Anand Vihar, Delhi - DPCC",AQI Hourly,23:00:00,float,unknown,179.0 | 124.0 | 226.0,31,1,3.23,False
"Anand Vihar, Delhi - DPCC/AQI Hourly/aqi_hourly_station_level_anand_vihar,_delhi_-_dpcc_2025_November_delhi_2025.xlsx",Sheet1,"Anand Vihar, Delhi - DPCC",AQI Hourly,Date,int,timestamp,1 | 2 | 3,30,0,0.0,False
"Anand Vihar, Delhi - DPCC/AQI Hourly/aqi_hourly_station_level_anand_vihar,_delhi_-_dpcc_2025_November_delhi_2025.xlsx",Sheet1,"Anand Vihar, Delhi - DPCC",AQI Hourly,00:00:00,float,unknown,257.0 | 365.0 | 366.0,30,3,10.0,False
"Anand Vihar, Delhi - DPCC/AQI Hourly/aqi_hourly_station_level_anand_vihar,_delhi_-_dpcc_2025_November_delhi_2025.xlsx",Sheet1,"Anand Vihar, Delhi - DPCC",AQI Hourly,01:00:00,float,unknown,262.0 | 369.0 | 365.0,30,2,6.67,False
"Anand Vihar, Delhi - DPCC/AQI Hourly/aqi_hourly_station_level_anand_vihar,_delhi_-_dpcc_2025_November_delhi_2025.xlsx",Sheet1,"Anand Vihar, Delhi - DPCC",AQI Hourly,02:00:00,float,unknown,268.0 | 369.0 | 366.0,30,2,6.67,False
"Anand Vihar, Delhi - DPCC/AQI Hourly/aqi_hourly_station_level_anand_vihar,_delhi_-_dpcc_2025_November_delhi_2025.xlsx",Sheet1,"Anand Vihar, Delhi - DPCC",AQI Hourly,03:00:00,float,unknown,272.0 | 370.0 | 370.0,30,2,6.67,False
"Anand Vihar, Delhi - DPCC/AQI Hourly/aqi_hourly_station_level_anand_vihar,_delhi_-_dpcc_2025_November_delhi_2025.xlsx",Sheet1,"Anand Vihar, Delhi - DPCC",AQI Hourly,04:00:00,float,unknown,275.0 | 373.0 | 375.0,30,2,6.67,False
"Anand Vihar, Delhi - DPCC/AQI Hourly/aqi_hourly_station_level_anand_vihar,_delhi_-_dpcc_2025_November_delhi_2025.xlsx",Sheet1,"Anand Vihar, Delhi - DPCC",AQI Hourly,05:00:00,float,unknown,280.0 | 377.0 | 375.0,30,2,6.67,False
"Anand Vihar, Delhi - DPCC/AQI Hourly/aqi_hourly_station_level_anand_vihar,_delhi_-_dpcc_2025_November_delhi_2025.xlsx",Sheet1,"Anand Vihar, Delhi - DPCC",AQI Hourly,06:00:00,float,unknown,285.0 | 384.0 | 371.0,30,2,6.67,False
"Anand Vihar, Delhi - DPCC/AQI Hourly/aqi_hourly_station_level_anand_vihar,_delhi_-_dpcc_2025_November_delhi_2025.xlsx",Sheet1,"Anand Vihar, Delhi - DPCC",AQI Hourly,07:00:00,float,unknown,292.0 | 392.0 | 364.0,30,1,3.33,False
"Anand Vihar, Delhi - DPCC/AQI Hourly/aqi_hourly_station_level_anand_vihar,_delhi_-_dpcc_2025_November_delhi_2025.xlsx",Sheet1,"Anand Vihar, Delhi - DPCC",AQI Hourly,08:00:00,float,unknown,298.0 | 398.0 | 357.0,30,1,3.33,False
"Anand Vihar, Delhi - DPCC/AQI Hourly/aqi_hourly_station_level_anand_vihar,_delhi_-_dpcc_2025_November_delhi_2025.xlsx",Sheet1,"Anand Vihar, Delhi - DPCC",AQI Hourly,09:00:00,float,unknown,306.0 | 402.0 | 352.0,30,1,3.33,False
"Anand Vihar, Delhi - DPCC/AQI Hourly/aqi_hourly_station_level_anand_vihar,_delhi_-_dpcc_2025_November_delhi_2025.xlsx",Sheet1,"Anand Vihar, Delhi - DPCC",AQI Hourly,10:00:00,float,unknown,313.0 | 405.0 | 349.0,30,2,6.67,False
"Anand Vihar, Delhi - DPCC/AQI Hourly/aqi_hourly_station_level_anand_vihar,_delhi_-_dpcc_2025_November_delhi_2025.xlsx",Sheet1,"Anand Vihar, Delhi - DPCC",AQI Hourly,11:00:00,float,unknown,320.0 | 404.0 | 347.0,30,2,6.67,False
"Anand Vihar, Delhi - DPCC/AQI Hourly/aqi_hourly_station_level_anand_vihar,_delhi_-_dpcc_2025_November_delhi_2025.xlsx",Sheet1,"Anand Vihar, Delhi - DPCC",AQI Hourly,12:00:00,float,unknown,326.0 | 402.0 | 348.0,30,2,6.67,False
"Anand Vihar, Delhi - DPCC/AQI Hourly/aqi_hourly_station_level_anand_vihar,_delhi_-_dpcc_2025_November_delhi_2025.xlsx",Sheet1,"Anand Vihar, Delhi - DPCC",AQI Hourly,13:00:00,float,unknown,329.0 | 402.0 | 353.0,30,2,6.67,False
"Anand Vihar, Delhi - DPCC/AQI Hourly/aqi_hourly_station_level_anand_vihar,_delhi_-_dpcc_2025_November_delhi_2025.xlsx",Sheet1,"Anand Vihar, Delhi - DPCC",AQI Hourly,14:00:00,float,unknown,332.0 | 400.0 | 358.0,30,2,6.67,False
"Anand Vihar, Delhi - DPCC/AQI Hourly/aqi_hourly_station_level_anand_vihar,_delhi_-_dpcc_2025_November_delhi_2025.xlsx",Sheet1,"Anand Vihar, Delhi - DPCC",AQI Hourly,15:00:00,float,unknown,334.0 | 398.0 | 362.0,30,2,6.67,False
"Anand Vihar, Delhi - DPCC/AQI Hourly/aqi_hourly_station_level_anand_vihar,_delhi_-_dpcc_2025_November_delhi_2025.xlsx",Sheet1,"Anand Vihar, Delhi - DPCC",AQI Hourly,16:00:00,float,unknown,336.0 | 392.0 | 362.0,30,2,6.67,False
"Anand Vihar, Delhi - DPCC/AQI Hourly/aqi_hourly_station_level_anand_vihar,_delhi_-_dpcc_2025_November_delhi_2025.xlsx",Sheet1,"Anand Vihar, Delhi - DPCC",AQI Hourly,17:00:00,float,unknown,337.0 | 391.0 | 369.0,30,2,6.67,False
"Anand Vihar, Delhi - DPCC/AQI Hourly/aqi_hourly_station_level_anand_vihar,_delhi_-_dpcc_2025_November_delhi_2025.xlsx",Sheet1,"Anand Vihar, Delhi - DPCC",AQI Hourly,18:00:00,float,unknown,337.0 | 391.0 | 367.0,30,2,6.67,False
"Anand Vihar, Delhi - DPCC/AQI Hourly/aqi_hourly_station_level_anand_vihar,_delhi_-_dpcc_2025_November_delhi_2025.xlsx",Sheet1,"Anand Vihar, Delhi - DPCC",AQI Hourly,19:00:00,float,unknown,337.0 | 390.0 | 368.0,30,2,6.67,False
"Anand Vihar, Delhi - DPCC/AQI Hourly/aqi_hourly_station_level_anand_vihar,_delhi_-_dpcc_2025_November_delhi_2025.xlsx",Sheet1,"Anand Vihar, Delhi - DPCC",AQI Hourly,20:00:00,float,unknown,341.0 | 387.0 | 367.0,30,2,6.67,False
"Anand Vihar, Delhi - DPCC/AQI Hourly/aqi_hourly_station_level_anand_vihar,_delhi_-_dpcc_2025_November_delhi_2025.xlsx",Sheet1,"Anand Vihar, Delhi - DPCC",AQI Hourly,21:00:00,float,unknown,347.0 | 381.0 | 366.0,30,2,6.67,False
"Anand Vihar, Delhi - DPCC/AQI Hourly/aqi_hourly_station_level_anand_vihar,_delhi_-_dpcc_2025_November_delhi_2025.xlsx",Sheet1,"Anand Vihar, Delhi - DPCC",AQI Hourly,22:00:00,float,unknown,356.0 | 373.0 | 370.0,30,2,6.67,False
"Anand Vihar, Delhi - DPCC/AQI Hourly/aqi_hourly_station_level_anand_vihar,_delhi_-_dpcc_2025_November_delhi_2025.xlsx",Sheet1,"Anand Vihar, Delhi - DPCC",AQI Hourly,23:00:00,float,unknown,361.0 | 373.0 | 373.0,30,2,6.67,False
"Anand Vihar, Delhi - DPCC/AQI Hourly/aqi_hourly_station_level_anand_vihar,_delhi_-_dpcc_2025_October_delhi_2025.xlsx",Sheet1,"Anand Vihar, Delhi - DPCC",AQI Hourly,Date,int,timestamp,1 | 2 | 3,31,0,0.0,False
"Anand Vihar, Delhi - DPCC/AQI Hourly/aqi_hourly_station_level_anand_vihar,_delhi_-_dpcc_2025_October_delhi_2025.xlsx",Sheet1,"Anand Vihar, Delhi - DPCC",AQI Hourly,00:00:00,float,unknown,138.0 | 134.0 | 124.0,31,1,3.23,False
"Anand Vihar, Delhi - DPCC/AQI Hourly/aqi_hourly_station_level_anand_vihar,_delhi_-_dpcc_2025_October_delhi_2025.xlsx",Sheet1,"Anand Vihar, Delhi - DPCC",AQI Hourly,01:00:00,int,unknown,134 | 140 | 118,31,0,0.0,False
"Anand Vihar, Delhi - DPCC/AQI Hourly/aqi_hourly_station_level_anand_vihar,_delhi_-_dpcc_2025_October_delhi_2025.xlsx",Sheet1,"Anand Vihar, Delhi - DPCC",AQI Hourly,02:00:00,int,unknown,129 | 143 | 116,31,0,0.0,False
"Anand Vihar, Delhi - DPCC/AQI Hourly/aqi_hourly_station_level_anand_vihar,_delhi_-_dpcc_2025_October_delhi_2025.xlsx",Sheet1,"Anand Vihar, Delhi - DPCC",AQI Hourly,03:00:00,int,unknown,121 | 146 | 116,31,0,0.0,False
"Anand Vihar, Delhi - DPCC/AQI Hourly/aqi_hourly_station_level_anand_vihar,_delhi_-_dpcc_2025_October_delhi_2025.xlsx",Sheet1,"Anand Vihar, Delhi - DPCC",AQI Hourly,04:00:00,float,unknown,114.0 | 149.0 | 115.0,31,2,6.45,False
"Anand Vihar, Delhi - DPCC/AQI Hourly/aqi_hourly_station_level_anand_vihar,_delhi_-_dpcc_2025_October_delhi_2025.xlsx",Sheet1,"Anand Vihar, Delhi - DPCC",AQI Hourly,05:00:00,int,unknown,110 | 150 | 114,31,0,0.0,False
"Anand Vihar, Delhi - DPCC/AQI Hourly/aqi_hourly_station_level_anand_vihar,_delhi_-_dpcc_2025_October_delhi_2025.xlsx",Sheet1,"Anand Vihar, Delhi - DPCC",AQI Hourly,06:00:00,int,unknown,103 | 150 | 113,31,0,0.0,False
"Anand Vihar, Delhi - DPCC/AQI Hourly/aqi_hourly_station_level_anand_vihar,_delhi_-_dpcc_2025_October_delhi_2025.xlsx",Sheet1,"Anand Vihar, Delhi - DPCC",AQI Hourly,07:00:00,int,unknown,92 | 151 | 113,31,0,0.0,False
"Anand Vihar, Delhi - DPCC/AQI Hourly/aqi_hourly_station_level_anand_vihar,_delhi_-_dpcc_2025_October_delhi_2025.xlsx",Sheet1,"Anand Vihar, Delhi - DPCC",AQI Hourly,08:00:00,int,unknown,88 | 152 | 111,31,0,0.0,False
"Anand Vihar, Delhi - DPCC/AQI Hourly/aqi_hourly_station_level_anand_vihar,_delhi_-_dpcc_2025_October_delhi_2025.xlsx",Sheet1,"Anand Vihar, Delhi - DPCC",AQI Hourly,09:00:00,int,unknown,85 | 153 | 109,31,0,0.0,False
"Anand Vihar, Delhi - DPCC/AQI Hourly/aqi_hourly_station_level_anand_vihar,_delhi_-_dpcc_2025_October_delhi_2025.xlsx",Sheet1,"Anand Vihar, Delhi - DPCC",AQI Hourly,10:00:00,int,unknown,85 | 157 | 104,31,0,0.0,False
"Anand Vihar, Delhi - DPCC/AQI Hourly/aqi_hourly_station_level_anand_vihar,_delhi_-_dpcc_2025_October_delhi_2025.xlsx",Sheet1,"Anand Vihar, Delhi - DPCC",AQI Hourly,11:00:00,int,unknown,85 | 158 | 101,31,0,0.0,False
"Anand Vihar, Delhi - DPCC/AQI Hourly/aqi_hourly_station_level_anand_vihar,_delhi_-_dpcc_2025_October_delhi_2025.xlsx",Sheet1,"Anand Vihar, Delhi - DPCC",AQI Hourly,12:00:00,int,unknown,82 | 158 | 100,31,0,0.0,False
"Anand Vihar, Delhi - DPCC/AQI Hourly/aqi_hourly_station_level_anand_vihar,_delhi_-_dpcc_2025_October_delhi_2025.xlsx",Sheet1,"Anand Vihar, Delhi - DPCC",AQI Hourly,13:00:00,int,unknown,81 | 159 | 97,31,0,0.0,False
"Anand Vihar, Delhi - DPCC/AQI Hourly/aqi_hourly_station_level_anand_vihar,_delhi_-_dpcc_2025_October_delhi_2025.xlsx",Sheet1,"Anand Vihar, Delhi - DPCC",AQI Hourly,14:00:00,int,unknown,79 | 162 | 94,31,0,0.0,False
"Anand Vihar, Delhi - DPCC/AQI Hourly/aqi_hourly_station_level_anand_vihar,_delhi_-_dpcc_2025_October_delhi_2025.xlsx",Sheet1,"Anand Vihar, Delhi - DPCC",AQI Hourly,15:00:00,int,unknown,80 | 164 | 91,31,0,0.0,False
"Anand Vihar, Delhi - DPCC/AQI Hourly/aqi_hourly_station_level_anand_vihar,_delhi_-_dpcc_2025_October_delhi_2025.xlsx",Sheet1,"Anand Vihar, Delhi - DPCC",AQI Hourly,16:00:00,int,unknown,81 | 165 | 89,31,0,0.0,False
"Anand Vihar, Delhi - DPCC/AQI Hourly/aqi_hourly_station_level_anand_vihar,_delhi_-_dpcc_2025_October_delhi_2025.xlsx",Sheet1,"Anand Vihar, Delhi - DPCC",AQI Hourly,17:00:00,float,unknown,84.0 | 164.0 | 88.0,31,1,3.23,False
"Anand Vihar, Delhi - DPCC/AQI Hourly/aqi_hourly_station_level_anand_vihar,_delhi_-_dpcc_2025_October_delhi_2025.xlsx",Sheet1,"Anand Vihar, Delhi - DPCC",AQI Hourly,18:00:00,float,unknown,89.0 | 163.0 | 85.0,31,1,3.23,False
"Anand Vihar, Delhi - DPCC/AQI Hourly/aqi_hourly_station_level_anand_vihar,_delhi_-_dpcc_2025_October_delhi_2025.xlsx",Sheet1,"Anand Vihar, Delhi - DPCC",AQI Hourly,19:00:00,int,unknown,98 | 158 | 85,31,0,0.0,False
"Anand Vihar, Delhi - DPCC/AQI Hourly/aqi_hourly_station_level_anand_vihar,_delhi_-_dpcc_2025_October_delhi_2025.xlsx",Sheet1,"Anand Vihar, Delhi - DPCC",AQI Hourly,20:00:00,int,unknown,111 | 145 | 84,31,0,0.0,False
"Anand Vihar, Delhi - DPCC/AQI Hourly/aqi_hourly_station_level_anand_vihar,_delhi_-_dpcc_2025_October_delhi_2025.xlsx",Sheet1,"Anand Vihar, Delhi - DPCC",AQI Hourly,21:00:00,int,unknown,120 | 136 | 88,31,0,0.0,False
"Anand Vihar, Delhi - DPCC/AQI Hourly/aqi_hourly_station_level_anand_vihar,_delhi_-_dpcc_2025_October_delhi_2025.xlsx",Sheet1,"Anand Vihar, Delhi - DPCC",AQI Hourly,22:00:00,int,unknown,125 | 132 | 91,31,0,0.0,False
"Anand Vihar, Delhi - DPCC/AQI Hourly/aqi_hourly_station_level_anand_vihar,_delhi_-_dpcc_2025_October_delhi_2025.xlsx",Sheet1,"Anand Vihar, Delhi - DPCC",AQI Hourly,23:00:00,float,unknown,130.0 | 128.0 | 95.0,31,1,3.23,False
"Anand Vihar, Delhi - DPCC/AQI Hourly/aqi_hourly_station_level_anand_vihar,_delhi_-_dpcc_2025_September_delhi_2025.xlsx",Sheet1,"Anand Vihar, Delhi - DPCC",AQI Hourly,Date,int,timestamp,1 | 2 | 3,30,0,0.0,False
"Anand Vihar, Delhi - DPCC/AQI Hourly/aqi_hourly_station_level_anand_vihar,_delhi_-_dpcc_2025_September_delhi_2025.xlsx",Sheet1,"Anand Vihar, Delhi - DPCC",AQI Hourly,00:00:00,int,unknown,85 | 75 | 78,30,0,0.0,False
"Anand Vihar, Delhi - DPCC/AQI Hourly/aqi_hourly_station_level_anand_vihar,_delhi_-_dpcc_2025_September_delhi_2025.xlsx",Sheet1,"Anand Vihar, Delhi - DPCC",AQI Hourly,01:00:00,int,unknown,81 | 74 | 77,30,0,0.0,False
"Anand Vihar, Delhi - DPCC/AQI Hourly/aqi_hourly_station_level_anand_vihar,_delhi_-_dpcc_2025_September_delhi_2025.xlsx",Sheet1,"Anand Vihar, Delhi - DPCC",AQI Hourly,02:00:00,float,unknown,79.0 | 73.0 | 76.0,30,1,3.33,False
"Anand Vihar, Delhi - DPCC/AQI Hourly/aqi_hourly_station_level_anand_vihar,_delhi_-_dpcc_2025_September_delhi_2025.xlsx",Sheet1,"Anand Vihar, Delhi - DPCC",AQI Hourly,03:00:00,float,unknown,78.0 | 72.0 | 76.0,30,1,3.33,False
"Anand Vihar, Delhi - DPCC/AQI Hourly/aqi_hourly_station_level_anand_vihar,_delhi_-_dpcc_2025_September_delhi_2025.xlsx",Sheet1,"Anand Vihar, Delhi - DPCC",AQI Hourly,04:00:00,int,unknown,77 | 70 | 74,30,0,0.0,False
"Anand Vihar, Delhi - DPCC/AQI Hourly/aqi_hourly_station_level_anand_vihar,_delhi_-_dpcc_2025_September_delhi_2025.xlsx",Sheet1,"Anand Vihar, Delhi - DPCC",AQI Hourly,05:00:00,int,unknown,77 | 69 | 73,30,0,0.0,False
"Anand Vihar, Delhi - DPCC/AQI Hourly/aqi_hourly_station_level_anand_vihar,_delhi_-_dpcc_2025_September_delhi_2025.xlsx",Sheet1,"Anand Vihar, Delhi - DPCC",AQI Hourly,06:00:00,int,unknown,73 | 67 | 72,30,0,0.0,False
"Anand Vihar, Delhi - DPCC/AQI Hourly/aqi_hourly_station_level_anand_vihar,_delhi_-_dpcc_2025_September_delhi_2025.xlsx",Sheet1,"Anand Vihar, Delhi - DPCC",AQI Hourly,07:00:00,int,unknown,76 | 67 | 72,30,0,0.0,False
"Anand Vihar, Delhi - DPCC/AQI Hourly/aqi_hourly_station_level_anand_vihar,_delhi_-_dpcc_2025_September_delhi_2025.xlsx",Sheet1,"Anand Vihar, Delhi - DPCC",AQI Hourly,08:00:00,int,unknown,75 | 66 | 72,30,0,0.0,False
"Anand Vihar, Delhi - DPCC/AQI Hourly/aqi_hourly_station_level_anand_vihar,_delhi_-_dpcc_2025_September_delhi_2025.xlsx",Sheet1,"Anand Vihar, Delhi - DPCC",AQI Hourly,09:00:00,int,unknown,74 | 66 | 73,30,0,0.0,False
"Anand Vihar, Delhi - DPCC/AQI Hourly/aqi_hourly_station_level_anand_vihar,_delhi_-_dpcc_2025_September_delhi_2025.xlsx",Sheet1,"Anand Vihar, Delhi - DPCC",AQI Hourly,10:00:00,float,unknown,73.0 | 67.0 | 73.0,30,1,3.33,False
"Anand Vihar, Delhi - DPCC/AQI Hourly/aqi_hourly_station_level_anand_vihar,_delhi_-_dpcc_2025_September_delhi_2025.xlsx",Sheet1,"Anand Vihar, Delhi - DPCC",AQI Hourly,11:00:00,float,unknown,73.0 | 68.0 | 73.0,30,1,3.33,False
"Anand Vihar, Delhi - DPCC/AQI Hourly/aqi_hourly_station_level_anand_vihar,_delhi_-_dpcc_2025_September_delhi_2025.xlsx",Sheet1,"Anand Vihar, Delhi - DPCC",AQI Hourly,12:00:00,float,unknown,77.0 | 69.0 | 76.0,30,1,3.33,False
"Anand Vihar, Delhi - DPCC/AQI Hourly/aqi_hourly_station_level_anand_vihar,_delhi_-_dpcc_2025_September_delhi_2025.xlsx",Sheet1,"Anand Vihar, Delhi - DPCC",AQI Hourly,13:00:00,int,unknown,77 | 70 | 77,30,0,0.0,False
"Anand Vihar, Delhi - DPCC/AQI Hourly/aqi_hourly_station_level_anand_vihar,_delhi_-_dpcc_2025_September_delhi_2025.xlsx",Sheet1,"Anand Vihar, Delhi - DPCC",AQI Hourly,14:00:00,int,unknown,79 | 71 | 78,30,0,0.0,False
"Anand Vihar, Delhi - DPCC/AQI Hourly/aqi_hourly_station_level_anand_vihar,_delhi_-_dpcc_2025_September_delhi_2025.xlsx",Sheet1,"Anand Vihar, Delhi - DPCC",AQI Hourly,15:00:00,int,unknown,79 | 72 | 80,30,0,0.0,False
"Anand Vihar, Delhi - DPCC/AQI Hourly/aqi_hourly_station_level_anand_vihar,_delhi_-_dpcc_2025_September_delhi_2025.xlsx",Sheet1,"Anand Vihar, Delhi - DPCC",AQI Hourly,16:00:00,int,unknown,81 | 73 | 80,30,0,0.0,False
"Anand Vihar, Delhi - DPCC/AQI Hourly/aqi_hourly_station_level_anand_vihar,_delhi_-_dpcc_2025_September_delhi_2025.xlsx",Sheet1,"Anand Vihar, Delhi - DPCC",AQI Hourly,17:00:00,int,unknown,82 | 74 | 81,30,0,0.0,False
"Anand Vihar, Delhi - DPCC/AQI Hourly/aqi_hourly_station_level_anand_vihar,_delhi_-_dpcc_2025_September_delhi_2025.xlsx",Sheet1,"Anand Vihar, Delhi - DPCC",AQI Hourly,18:00:00,float,unknown,80.0 | 74.0 | 81.0,30,1,3.33,False
"Anand Vihar, Delhi - DPCC/AQI Hourly/aqi_hourly_station_level_anand_vihar,_delhi_-_dpcc_2025_September_delhi_2025.xlsx",Sheet1,"Anand Vihar, Delhi - DPCC",AQI Hourly,19:00:00,int,unknown,80 | 76 | 82,30,0,0.0,False
"Anand Vihar, Delhi - DPCC/AQI Hourly/aqi_hourly_station_level_anand_vihar,_delhi_-_dpcc_2025_September_delhi_2025.xlsx",Sheet1,"Anand Vihar, Delhi - DPCC",AQI Hourly,20:00:00,int,unknown,78 | 77 | 83,30,0,0.0,False
"Anand Vihar, Delhi - DPCC/AQI Hourly/aqi_hourly_station_level_anand_vihar,_delhi_-_dpcc_2025_September_delhi_2025.xlsx",Sheet1,"Anand Vihar, Delhi - DPCC",AQI Hourly,21:00:00,int,unknown,78 | 77 | 85,30,0,0.0,False
"Anand Vihar, Delhi - DPCC/AQI Hourly/aqi_hourly_station_level_anand_vihar,_delhi_-_dpcc_2025_September_delhi_2025.xlsx",Sheet1,"Anand Vihar, Delhi - DPCC",AQI Hourly,22:00:00,int,unknown,77 | 78 | 87,30,0,0.0,False
"Anand Vihar, Delhi - DPCC/AQI Hourly/aqi_hourly_station_level_anand_vihar,_delhi_-_dpcc_2025_September_delhi_2025.xlsx",Sheet1,"Anand Vihar, Delhi - DPCC",AQI Hourly,23:00:00,float,unknown,76.0 | 78.0 | 87.0,30,1,3.33,False
"Anand Vihar, Delhi - DPCC/Raw Data/2024_raw_data_hourly_anand_vihar,_delhi_-_dpcc_1H.csv",sheet1,"Anand Vihar, Delhi - DPCC",Raw Data,Timestamp,object/string,timestamp,2024-01-01 00:00:00 | 2024-01-01 01:00:00 | 2024-01-01 02:00:00,8784,0,0.0,False
"Anand Vihar, Delhi - DPCC/Raw Data/2024_raw_data_hourly_anand_vihar,_delhi_-_dpcc_1H.csv",sheet1,"Anand Vihar, Delhi - DPCC",Raw Data,PM2.5 (µg/m³),float,PM2.5,160.75 | 170.5 | 172.5,8784,1534,17.46,False
"Anand Vihar, Delhi - DPCC/Raw Data/2024_raw_data_hourly_anand_vihar,_delhi_-_dpcc_1H.csv",sheet1,"Anand Vihar, Delhi - DPCC",Raw Data,PM10 (µg/m³),float,PM10,262.25 | 254.0 | 243.25,8784,1510,17.19,False
"Anand Vihar, Delhi - DPCC/Raw Data/2024_raw_data_hourly_anand_vihar,_delhi_-_dpcc_1H.csv",sheet1,"Anand Vihar, Delhi - DPCC",Raw Data,NO (µg/m³),float,NO,25.12 | 22.1 | 13.68,8784,1235,14.06,False
"Anand Vihar, Delhi - DPCC/Raw Data/2024_raw_data_hourly_anand_vihar,_delhi_-_dpcc_1H.csv",sheet1,"Anand Vihar, Delhi - DPCC",Raw Data,NO2 (µg/m³),float,NO2,44.8 | 49.28 | 45.2,8784,1223,13.92,False
"Anand Vihar, Delhi - DPCC/Raw Data/2024_raw_data_hourly_anand_vihar,_delhi_-_dpcc_1H.csv",sheet1,"Anand Vihar, Delhi - DPCC",Raw Data,NOx (ppb),float,NOx,44.22 | 44.2 | 35.15,8784,1218,13.87,False
"Anand Vihar, Delhi - DPCC/Raw Data/2024_raw_data_hourly_anand_vihar,_delhi_-_dpcc_1H.csv",sheet1,"Anand Vihar, Delhi - DPCC",Raw Data,NH3 (µg/m³),float,NH3,19.6 | 18.27 | 24.9,8784,1199,13.65,False
"Anand Vihar, Delhi - DPCC/Raw Data/2024_raw_data_hourly_anand_vihar,_delhi_-_dpcc_1H.csv",sheet1,"Anand Vihar, Delhi - DPCC",Raw Data,SO2 (µg/m³),float,SO2,3.82 | 3.92 | 2.68,8784,1762,20.06,False
"Anand Vihar, Delhi - DPCC/Raw Data/2024_raw_data_hourly_anand_vihar,_delhi_-_dpcc_1H.csv",sheet1,"Anand Vihar, Delhi - DPCC",Raw Data,CO (mg/m³),float,CO,1.59 | 1.51 | 1.6,8784,1318,15.0,False
"Anand Vihar, Delhi - DPCC/Raw Data/2024_raw_data_hourly_anand_vihar,_delhi_-_dpcc_1H.csv",sheet1,"Anand Vihar, Delhi - DPCC",Raw Data,Ozone (µg/m³),float,O3,20.18 | 19.23 | 17.73,8784,1553,17.68,False
"Anand Vihar, Delhi - DPCC/Raw Data/2024_raw_data_hourly_anand_vihar,_delhi_-_dpcc_1H.csv",sheet1,"Anand Vihar, Delhi - DPCC",Raw Data,Benzene (µg/m³),float,Benzene,2.18 | 2.12 | 2.05,8784,1463,16.66,False
"Anand Vihar, Delhi - DPCC/Raw Data/2024_raw_data_hourly_anand_vihar,_delhi_-_dpcc_1H.csv",sheet1,"Anand Vihar, Delhi - DPCC",Raw Data,Toluene (µg/m³),float,Toluene,5.98 | 7.25 | 5.82,8784,1533,17.45,False
"Anand Vihar, Delhi - DPCC/Raw Data/2024_raw_data_hourly_anand_vihar,_delhi_-_dpcc_1H.csv",sheet1,"Anand Vihar, Delhi - DPCC",Raw Data,Xylene (µg/m³),float,Xylene,,8784,8784,100.0,True
"Anand Vihar, Delhi - DPCC/Raw Data/2024_raw_data_hourly_anand_vihar,_delhi_-_dpcc_1H.csv",sheet1,"Anand Vihar, Delhi - DPCC",Raw Data,O Xylene (µg/m³),float,Xylene,,8784,8784,100.0,True
"Anand Vihar, Delhi - DPCC/Raw Data/2024_raw_data_hourly_anand_vihar,_delhi_-_dpcc_1H.csv",sheet1,"Anand Vihar, Delhi - DPCC",Raw Data,Eth-Benzene (µg/m³),float,Benzene,,8784,8784,100.0,True
"Anand Vihar, Delhi - DPCC/Raw Data/2024_raw_data_hourly_anand_vihar,_delhi_-_dpcc_1H.csv",sheet1,"Anand Vihar, Delhi - DPCC",Raw Data,MP-Xylene (µg/m³),float,Xylene,,8784,8784,100.0,True
"Anand Vihar, Delhi - DPCC/Raw Data/2024_raw_data_hourly_anand_vihar,_delhi_-_dpcc_1H.csv",sheet1,"Anand Vihar, Delhi - DPCC",Raw Data,AT (°C),float,Temp_C,11.5 | 11.42 | 11.35,8784,1168,13.3,False
"Anand Vihar, Delhi - DPCC/Raw Data/2024_raw_data_hourly_anand_vihar,_delhi_-_dpcc_1H.csv",sheet1,"Anand Vihar, Delhi - DPCC",Raw Data,RH (%),float,RH_pct,80.25 | 80.0 | 80.0,8784,1168,13.3,False
"Anand Vihar, Delhi - DPCC/Raw Data/2024_raw_data_hourly_anand_vihar,_delhi_-_dpcc_1H.csv",sheet1,"Anand Vihar, Delhi - DPCC",Raw Data,WS (m/s),float,WindSpeed,0.3 | 0.3 | 0.3,8784,1328,15.12,False
"Anand Vihar, Delhi - DPCC/Raw Data/2024_raw_data_hourly_anand_vihar,_delhi_-_dpcc_1H.csv",sheet1,"Anand Vihar, Delhi - DPCC",Raw Data,WD (deg),float,WindDir,53.75 | 56.25 | 46.75,8784,1168,13.3,False
"Anand Vihar, Delhi - DPCC/Raw Data/2024_raw_data_hourly_anand_vihar,_delhi_-_dpcc_1H.csv",sheet1,"Anand Vihar, Delhi - DPCC",Raw Data,RF (mm),float,Rainfall,,8784,8784,100.0,True
"Anand Vihar, Delhi - DPCC/Raw Data/2024_raw_data_hourly_anand_vihar,_delhi_-_dpcc_1H.csv",sheet1,"Anand Vihar, Delhi - DPCC",Raw Data,TOT-RF (mm),float,TotalRainfall,0.0 | 0.0 | 0.0,8784,0,0.0,False
"Anand Vihar, Delhi - DPCC/Raw Data/2024_raw_data_hourly_anand_vihar,_delhi_-_dpcc_1H.csv",sheet1,"Anand Vihar, Delhi - DPCC",Raw Data,SR (W/mt2),float,SolarRad,5.0 | 5.0 | 5.0,8784,1171,13.33,False
"Anand Vihar, Delhi - DPCC/Raw Data/2024_raw_data_hourly_anand_vihar,_delhi_-_dpcc_1H.csv",sheet1,"Anand Vihar, Delhi - DPCC",Raw Data,BP (mmHg),float,BaroPressure,742.0 | 742.0 | 742.0,8784,1171,13.33,False
"Anand Vihar, Delhi - DPCC/Raw Data/2024_raw_data_hourly_anand_vihar,_delhi_-_dpcc_1H.csv",sheet1,"Anand Vihar, Delhi - DPCC",Raw Data,VWS (m/s),float,VWS,,8784,8784,100.0,True
"Anand Vihar, Delhi - DPCC/Raw Data/2025_raw_data_hourly_anand_vihar,_delhi_-_dpcc_1H.csv",sheet1,"Anand Vihar, Delhi - DPCC",Raw Data,Timestamp,object/string,timestamp,2025-01-01 00:00:00 | 2025-01-01 01:00:00 | 2025-01-01 02:00:00,8760,0,0.0,False
"Anand Vihar, Delhi - DPCC/Raw Data/2025_raw_data_hourly_anand_vihar,_delhi_-_dpcc_1H.csv",sheet1,"Anand Vihar, Delhi - DPCC",Raw Data,PM2.5 (µg/m³),float,PM2.5,251.0 | 269.0 | 238.0,8760,616,7.03,False
"Anand Vihar, Delhi - DPCC/Raw Data/2025_raw_data_hourly_anand_vihar,_delhi_-_dpcc_1H.csv",sheet1,"Anand Vihar, Delhi - DPCC",Raw Data,PM10 (µg/m³),float,PM10,374.0 | 437.0 | 326.0,8760,608,6.94,False
"Anand Vihar, Delhi - DPCC/Raw Data/2025_raw_data_hourly_anand_vihar,_delhi_-_dpcc_1H.csv",sheet1,"Anand Vihar, Delhi - DPCC",Raw Data,NO (µg/m³),float,NO,102.03 | 102.1 | 59.9,8760,581,6.63,False
"Anand Vihar, Delhi - DPCC/Raw Data/2025_raw_data_hourly_anand_vihar,_delhi_-_dpcc_1H.csv",sheet1,"Anand Vihar, Delhi - DPCC",Raw Data,NO2 (µg/m³),float,NO2,58.83 | 61.6 | 63.22,8760,471,5.38,False
"Anand Vihar, Delhi - DPCC/Raw Data/2025_raw_data_hourly_anand_vihar,_delhi_-_dpcc_1H.csv",sheet1,"Anand Vihar, Delhi - DPCC",Raw Data,NOx (ppb),float,NOx,114.27 | 115.8 | 82.35,8760,488,5.57,False
"Anand Vihar, Delhi - DPCC/Raw Data/2025_raw_data_hourly_anand_vihar,_delhi_-_dpcc_1H.csv",sheet1,"Anand Vihar, Delhi - DPCC",Raw Data,NH3 (µg/m³),float,NH3,74.83 | 74.32 | 81.5,8760,448,5.11,False
"Anand Vihar, Delhi - DPCC/Raw Data/2025_raw_data_hourly_anand_vihar,_delhi_-_dpcc_1H.csv",sheet1,"Anand Vihar, Delhi - DPCC",Raw Data,SO2 (µg/m³),float,SO2,13.2 | 12.35 | 14.5,8760,1066,12.17,False
"Anand Vihar, Delhi - DPCC/Raw Data/2025_raw_data_hourly_anand_vihar,_delhi_-_dpcc_1H.csv",sheet1,"Anand Vihar, Delhi - DPCC",Raw Data,CO (mg/m³),float,CO,2.81 | 2.74 | 2.38,8760,466,5.32,False
"Anand Vihar, Delhi - DPCC/Raw Data/2025_raw_data_hourly_anand_vihar,_delhi_-_dpcc_1H.csv",sheet1,"Anand Vihar, Delhi - DPCC",Raw Data,Ozone (µg/m³),float,O3,1.93 | 3.05 | 4.08,8760,675,7.71,False
"Anand Vihar, Delhi - DPCC/Raw Data/2025_raw_data_hourly_anand_vihar,_delhi_-_dpcc_1H.csv",sheet1,"Anand Vihar, Delhi - DPCC",Raw Data,Benzene (µg/m³),float,Benzene,6.23 | 6.25 | 5.72,8760,622,7.1,False
"Anand Vihar, Delhi - DPCC/Raw Data/2025_raw_data_hourly_anand_vihar,_delhi_-_dpcc_1H.csv",sheet1,"Anand Vihar, Delhi - DPCC",Raw Data,Toluene (µg/m³),float,Toluene,46.3 | 45.6 | 42.88,8760,622,7.1,False
"Anand Vihar, Delhi - DPCC/Raw Data/2025_raw_data_hourly_anand_vihar,_delhi_-_dpcc_1H.csv",sheet1,"Anand Vihar, Delhi - DPCC",Raw Data,Xylene (µg/m³),float,Xylene,,8760,8760,100.0,True
"Anand Vihar, Delhi - DPCC/Raw Data/2025_raw_data_hourly_anand_vihar,_delhi_-_dpcc_1H.csv",sheet1,"Anand Vihar, Delhi - DPCC",Raw Data,O Xylene (µg/m³),float,Xylene,,8760,8760,100.0,True
"Anand Vihar, Delhi - DPCC/Raw Data/2025_raw_data_hourly_anand_vihar,_delhi_-_dpcc_1H.csv",sheet1,"Anand Vihar, Delhi - DPCC",Raw Data,Eth-Benzene (µg/m³),float,Benzene,,8760,8760,100.0,True
"Anand Vihar, Delhi - DPCC/Raw Data/2025_raw_data_hourly_anand_vihar,_delhi_-_dpcc_1H.csv",sheet1,"Anand Vihar, Delhi - DPCC",Raw Data,MP-Xylene (µg/m³),float,Xylene,,8760,8760,100.0,True
"Anand Vihar, Delhi - DPCC/Raw Data/2025_raw_data_hourly_anand_vihar,_delhi_-_dpcc_1H.csv",sheet1,"Anand Vihar, Delhi - DPCC",Raw Data,AT (°C),float,Temp_C,11.1 | 10.85 | 11.08,8760,394,4.5,False
"Anand Vihar, Delhi - DPCC/Raw Data/2025_raw_data_hourly_anand_vihar,_delhi_-_dpcc_1H.csv",sheet1,"Anand Vihar, Delhi - DPCC",Raw Data,RH (%),float,RH_pct,89.0 | 89.75 | 89.25,8760,400,4.57,False
"Anand Vihar, Delhi - DPCC/Raw Data/2025_raw_data_hourly_anand_vihar,_delhi_-_dpcc_1H.csv",sheet1,"Anand Vihar, Delhi - DPCC",Raw Data,WS (m/s),float,WindSpeed,0.33 | 0.35 | 0.68,8760,410,4.68,False
"Anand Vihar, Delhi - DPCC/Raw Data/2025_raw_data_hourly_anand_vihar,_delhi_-_dpcc_1H.csv",sheet1,"Anand Vihar, Delhi - DPCC",Raw Data,WD (deg),float,WindDir,251.0 | 251.0 | 251.0,8760,458,5.23,False
"Anand Vihar, Delhi - DPCC/Raw Data/2025_raw_data_hourly_anand_vihar,_delhi_-_dpcc_1H.csv",sheet1,"Anand Vihar, Delhi - DPCC",Raw Data,RF (mm),float,Rainfall,,8760,8760,100.0,True
"Anand Vihar, Delhi - DPCC/Raw Data/2025_raw_data_hourly_anand_vihar,_delhi_-_dpcc_1H.csv",sheet1,"Anand Vihar, Delhi - DPCC",Raw Data,TOT-RF (mm),float,TotalRainfall,0.0 | 0.0 | 0.0,8760,0,0.0,False
"Anand Vihar, Delhi - DPCC/Raw Data/2025_raw_data_hourly_anand_vihar,_delhi_-_dpcc_1H.csv",sheet1,"Anand Vihar, Delhi - DPCC",Raw Data,SR (W/mt2),float,SolarRad,5.0 | 5.0 | 5.0,8760,400,4.57,False
"Anand Vihar, Delhi - DPCC/Raw Data/2025_raw_data_hourly_anand_vihar,_delhi_-_dpcc_1H.csv",sheet1,"Anand Vihar, Delhi - DPCC",Raw Data,BP (mmHg),float,BaroPressure,740.0 | 740.0 | 740.0,8760,400,4.57,False
"Anand Vihar, Delhi - DPCC/Raw Data/2025_raw_data_hourly_anand_vihar,_delhi_-_dpcc_1H.csv",sheet1,"Anand Vihar, Delhi - DPCC",Raw Data,VWS (m/s),float,VWS,,8760,8760,100.0,True
"Anand Vihar, Delhi - DPCC/Raw Data/2026_raw_data_hourly_anand_vihar,_delhi_-_dpcc_1H.csv",sheet1,"Anand Vihar, Delhi - DPCC",Raw Data,Timestamp,object/string,timestamp,2026-01-01 00:00:00 | 2026-01-01 01:00:00 | 2026-01-01 02:00:00,5088,0,0.0,False
"Anand Vihar, Delhi - DPCC/Raw Data/2026_raw_data_hourly_anand_vihar,_delhi_-_dpcc_1H.csv",sheet1,"Anand Vihar, Delhi - DPCC",Raw Data,PM2.5 (µg/m³),float,PM2.5,355.0 | 342.0 | 272.0,5088,301,5.92,False
"Anand Vihar, Delhi - DPCC/Raw Data/2026_raw_data_hourly_anand_vihar,_delhi_-_dpcc_1H.csv",sheet1,"Anand Vihar, Delhi - DPCC",Raw Data,PM10 (µg/m³),float,PM10,442.0 | 426.0 | 345.0,5088,335,6.58,False
"Anand Vihar, Delhi - DPCC/Raw Data/2026_raw_data_hourly_anand_vihar,_delhi_-_dpcc_1H.csv",sheet1,"Anand Vihar, Delhi - DPCC",Raw Data,NO (µg/m³),float,NO,4.0 | 2.33 | 12.0,5088,296,5.82,False
"Anand Vihar, Delhi - DPCC/Raw Data/2026_raw_data_hourly_anand_vihar,_delhi_-_dpcc_1H.csv",sheet1,"Anand Vihar, Delhi - DPCC",Raw Data,NO2 (µg/m³),float,NO2,24.67 | 11.5 | 13.5,5088,254,4.99,False
"Anand Vihar, Delhi - DPCC/Raw Data/2026_raw_data_hourly_anand_vihar,_delhi_-_dpcc_1H.csv",sheet1,"Anand Vihar, Delhi - DPCC",Raw Data,NOx (ppb),float,NOx,12.0 | 4.0 | 8.0,5088,219,4.3,False
"Anand Vihar, Delhi - DPCC/Raw Data/2026_raw_data_hourly_anand_vihar,_delhi_-_dpcc_1H.csv",sheet1,"Anand Vihar, Delhi - DPCC",Raw Data,NH3 (µg/m³),float,NH3,44.0 | 43.5 | 39.5,5088,220,4.32,False
"Anand Vihar, Delhi - DPCC/Raw Data/2026_raw_data_hourly_anand_vihar,_delhi_-_dpcc_1H.csv",sheet1,"Anand Vihar, Delhi - DPCC",Raw Data,SO2 (µg/m³),float,SO2,24.33 | 22.25 | 21.5,5088,224,4.4,False
"Anand Vihar, Delhi - DPCC/Raw Data/2026_raw_data_hourly_anand_vihar,_delhi_-_dpcc_1H.csv",sheet1,"Anand Vihar, Delhi - DPCC",Raw Data,CO (mg/m³),float,CO,2.0 | 1.75 | 1.0,5088,242,4.76,False
"Anand Vihar, Delhi - DPCC/Raw Data/2026_raw_data_hourly_anand_vihar,_delhi_-_dpcc_1H.csv",sheet1,"Anand Vihar, Delhi - DPCC",Raw Data,Ozone (µg/m³),float,O3,4.67 | 4.25 | 4.0,5088,291,5.72,False
"Anand Vihar, Delhi - DPCC/Raw Data/2026_raw_data_hourly_anand_vihar,_delhi_-_dpcc_1H.csv",sheet1,"Anand Vihar, Delhi - DPCC",Raw Data,Benzene (µg/m³),float,Benzene,6.0 | 5.25 | 4.25,5088,244,4.8,False
"Anand Vihar, Delhi - DPCC/Raw Data/2026_raw_data_hourly_anand_vihar,_delhi_-_dpcc_1H.csv",sheet1,"Anand Vihar, Delhi - DPCC",Raw Data,Toluene (µg/m³),float,Toluene,34.0 | 25.0 | 13.5,5088,244,4.8,False
"Anand Vihar, Delhi - DPCC/Raw Data/2026_raw_data_hourly_anand_vihar,_delhi_-_dpcc_1H.csv",sheet1,"Anand Vihar, Delhi - DPCC",Raw Data,Xylene (µg/m³),float,Xylene,,5088,5088,100.0,True
"Anand Vihar, Delhi - DPCC/Raw Data/2026_raw_data_hourly_anand_vihar,_delhi_-_dpcc_1H.csv",sheet1,"Anand Vihar, Delhi - DPCC",Raw Data,O Xylene (µg/m³),float,Xylene,,5088,5088,100.0,True
"Anand Vihar, Delhi - DPCC/Raw Data/2026_raw_data_hourly_anand_vihar,_delhi_-_dpcc_1H.csv",sheet1,"Anand Vihar, Delhi - DPCC",Raw Data,Eth-Benzene (µg/m³),float,Benzene,,5088,5088,100.0,True
"Anand Vihar, Delhi - DPCC/Raw Data/2026_raw_data_hourly_anand_vihar,_delhi_-_dpcc_1H.csv",sheet1,"Anand Vihar, Delhi - DPCC",Raw Data,MP-Xylene (µg/m³),float,Xylene,3.67 | 2.0 | 1.0,5088,780,15.33,False
"Anand Vihar, Delhi - DPCC/Raw Data/2026_raw_data_hourly_anand_vihar,_delhi_-_dpcc_1H.csv",sheet1,"Anand Vihar, Delhi - DPCC",Raw Data,AT (°C),float,Temp_C,13.0 | 12.75 | 12.5,5088,157,3.09,False
"Anand Vihar, Delhi - DPCC/Raw Data/2026_raw_data_hourly_anand_vihar,_delhi_-_dpcc_1H.csv",sheet1,"Anand Vihar, Delhi - DPCC",Raw Data,RH (%),float,RH_pct,89.0 | 89.0 | 90.0,5088,157,3.09,False
"Anand Vihar, Delhi - DPCC/Raw Data/2026_raw_data_hourly_anand_vihar,_delhi_-_dpcc_1H.csv",sheet1,"Anand Vihar, Delhi - DPCC",Raw Data,WS (m/s),float,WindSpeed,0.0 | 0.0 | 0.0,5088,157,3.09,False
"Anand Vihar, Delhi - DPCC/Raw Data/2026_raw_data_hourly_anand_vihar,_delhi_-_dpcc_1H.csv",sheet1,"Anand Vihar, Delhi - DPCC",Raw Data,WD (deg),float,WindDir,158.67 | 160.75 | 168.0,5088,172,3.38,False
"Anand Vihar, Delhi - DPCC/Raw Data/2026_raw_data_hourly_anand_vihar,_delhi_-_dpcc_1H.csv",sheet1,"Anand Vihar, Delhi - DPCC",Raw Data,RF (mm),float,Rainfall,,5088,5088,100.0,True
"Anand Vihar, Delhi - DPCC/Raw Data/2026_raw_data_hourly_anand_vihar,_delhi_-_dpcc_1H.csv",sheet1,"Anand Vihar, Delhi - DPCC",Raw Data,TOT-RF (mm),float,TotalRainfall,,5088,5088,100.0,True
"Anand Vihar, Delhi - DPCC/Raw Data/2026_raw_data_hourly_anand_vihar,_delhi_-_dpcc_1H.csv",sheet1,"Anand Vihar, Delhi - DPCC",Raw Data,SR (W/mt2),float,SolarRad,7.0 | 7.0 | 7.0,5088,163,3.2,False
"Anand Vihar, Delhi - DPCC/Raw Data/2026_raw_data_hourly_anand_vihar,_delhi_-_dpcc_1H.csv",sheet1,"Anand Vihar, Delhi - DPCC",Raw Data,BP (mmHg),float,BaroPressure,726.0 | 726.0 | 726.0,5088,244,4.8,False
"Anand Vihar, Delhi - DPCC/Raw Data/2026_raw_data_hourly_anand_vihar,_delhi_-_dpcc_1H.csv",sheet1,"Anand Vihar, Delhi - DPCC",Raw Data,VWS (m/s),float,VWS,1.0 | 1.0 | 1.0,5088,674,13.25,False
"Bawana, Delhi - DPCC/AQI Hourly/aqi_hourly_station_level_bawana,_delhi_-_dpcc_2025_April_delhi_2025.xlsx",Sheet1,"Bawana, Delhi - DPCC",AQI Hourly,Date,int,timestamp,1 | 2 | 3,30,0,0.0,False
"Bawana, Delhi - DPCC/AQI Hourly/aqi_hourly_station_level_bawana,_delhi_-_dpcc_2025_April_delhi_2025.xlsx",Sheet1,"Bawana, Delhi - DPCC",AQI Hourly,00:00:00,int,unknown,196 | 210 | 290,30,0,0.0,False
"Bawana, Delhi - DPCC/AQI Hourly/aqi_hourly_station_level_bawana,_delhi_-_dpcc_2025_April_delhi_2025.xlsx",Sheet1,"Bawana, Delhi - DPCC",AQI Hourly,01:00:00,int,unknown,191 | 219 | 286,30,0,0.0,False
"Bawana, Delhi - DPCC/AQI Hourly/aqi_hourly_station_level_bawana,_delhi_-_dpcc_2025_April_delhi_2025.xlsx",Sheet1,"Bawana, Delhi - DPCC",AQI Hourly,02:00:00,int,unknown,184 | 227 | 284,30,0,0.0,False
"Bawana, Delhi - DPCC/AQI Hourly/aqi_hourly_station_level_bawana,_delhi_-_dpcc_2025_April_delhi_2025.xlsx",Sheet1,"Bawana, Delhi - DPCC",AQI Hourly,03:00:00,float,unknown,184.0 | 227.0 | 282.0,30,1,3.33,False
"Bawana, Delhi - DPCC/AQI Hourly/aqi_hourly_station_level_bawana,_delhi_-_dpcc_2025_April_delhi_2025.xlsx",Sheet1,"Bawana, Delhi - DPCC",AQI Hourly,04:00:00,float,unknown,184.0 | 234.0 | 281.0,30,2,6.67,False
"Bawana, Delhi - DPCC/AQI Hourly/aqi_hourly_station_level_bawana,_delhi_-_dpcc_2025_April_delhi_2025.xlsx",Sheet1,"Bawana, Delhi - DPCC",AQI Hourly,05:00:00,int,unknown,184 | 238 | 277,30,0,0.0,False
"Bawana, Delhi - DPCC/AQI Hourly/aqi_hourly_station_level_bawana,_delhi_-_dpcc_2025_April_delhi_2025.xlsx",Sheet1,"Bawana, Delhi - DPCC",AQI Hourly,06:00:00,int,unknown,184 | 243 | 273,30,0,0.0,False
"Bawana, Delhi - DPCC/AQI Hourly/aqi_hourly_station_level_bawana,_delhi_-_dpcc_2025_April_delhi_2025.xlsx",Sheet1,"Bawana, Delhi - DPCC",AQI Hourly,07:00:00,int,unknown,185 | 246 | 269,30,0,0.0,False
"Bawana, Delhi - DPCC/AQI Hourly/aqi_hourly_station_level_bawana,_delhi_-_dpcc_2025_April_delhi_2025.xlsx",Sheet1,"Bawana, Delhi - DPCC",AQI Hourly,08:00:00,int,unknown,183 | 250 | 264,30,0,0.0,False
"Bawana, Delhi - DPCC/AQI Hourly/aqi_hourly_station_level_bawana,_delhi_-_dpcc_2025_April_delhi_2025.xlsx",Sheet1,"Bawana, Delhi - DPCC",AQI Hourly,09:00:00,int,unknown,183 | 259 | 259,30,0,0.0,False
"Bawana, Delhi - DPCC/AQI Hourly/aqi_hourly_station_level_bawana,_delhi_-_dpcc_2025_April_delhi_2025.xlsx",Sheet1,"Bawana, Delhi - DPCC",AQI Hourly,10:00:00,int,unknown,185 | 267 | 254,30,0,0.0,False
"Bawana, Delhi - DPCC/AQI Hourly/aqi_hourly_station_level_bawana,_delhi_-_dpcc_2025_April_delhi_2025.xlsx",Sheet1,"Bawana, Delhi - DPCC",AQI Hourly,11:00:00,float,unknown,180.0 | 267.0 | 254.0,30,1,3.33,False
"Bawana, Delhi - DPCC/AQI Hourly/aqi_hourly_station_level_bawana,_delhi_-_dpcc_2025_April_delhi_2025.xlsx",Sheet1,"Bawana, Delhi - DPCC",AQI Hourly,12:00:00,int,unknown,180 | 263 | 255,30,0,0.0,False
"Bawana, Delhi - DPCC/AQI Hourly/aqi_hourly_station_level_bawana,_delhi_-_dpcc_2025_April_delhi_2025.xlsx",Sheet1,"Bawana, Delhi - DPCC",AQI Hourly,13:00:00,float,unknown,180.0 | 263.0 | 250.0,30,1,3.33,False
"Bawana, Delhi - DPCC/AQI Hourly/aqi_hourly_station_level_bawana,_delhi_-_dpcc_2025_April_delhi_2025.xlsx",Sheet1,"Bawana, Delhi - DPCC",AQI Hourly,14:00:00,int,unknown,181 | 262 | 301,30,0,0.0,False
"Bawana, Delhi - DPCC/AQI Hourly/aqi_hourly_station_level_bawana,_delhi_-_dpcc_2025_April_delhi_2025.xlsx",Sheet1,"Bawana, Delhi - DPCC",AQI Hourly,15:00:00,int,unknown,182 | 262 | 259,30,0,0.0,False
"Bawana, Delhi - DPCC/AQI Hourly/aqi_hourly_station_level_bawana,_delhi_-_dpcc_2025_April_delhi_2025.xlsx",Sheet1,"Bawana, Delhi - DPCC",AQI Hourly,16:00:00,int,unknown,183 | 262 | 258,30,0,0.0,False
"Bawana, Delhi - DPCC/AQI Hourly/aqi_hourly_station_level_bawana,_delhi_-_dpcc_2025_April_delhi_2025.xlsx",Sheet1,"Bawana, Delhi - DPCC",AQI Hourly,17:00:00,int,unknown,184 | 262 | 257,30,0,0.0,False
"Bawana, Delhi - DPCC/AQI Hourly/aqi_hourly_station_level_bawana,_delhi_-_dpcc_2025_April_delhi_2025.xlsx",Sheet1,"Bawana, Delhi - DPCC",AQI Hourly,18:00:00,float,unknown,185.0 | 262.0 | 257.0,30,1,3.33,False
"Bawana, Delhi - DPCC/AQI Hourly/aqi_hourly_station_level_bawana,_delhi_-_dpcc_2025_April_delhi_2025.xlsx",Sheet1,"Bawana, Delhi - DPCC",AQI Hourly,19:00:00,float,unknown,186.0 | 255.0 | 246.0,30,1,3.33,False
"Bawana, Delhi - DPCC/AQI Hourly/aqi_hourly_station_level_bawana,_delhi_-_dpcc_2025_April_delhi_2025.xlsx",Sheet1,"Bawana, Delhi - DPCC",AQI Hourly,20:00:00,int,unknown,186 | 269 | 256,30,0,0.0,False
"Bawana, Delhi - DPCC/AQI Hourly/aqi_hourly_station_level_bawana,_delhi_-_dpcc_2025_April_delhi_2025.xlsx",Sheet1,"Bawana, Delhi - DPCC",AQI Hourly,21:00:00,int,unknown,188 | 281 | 259,30,0,0.0,False
"Bawana, Delhi - DPCC/AQI Hourly/aqi_hourly_station_level_bawana,_delhi_-_dpcc_2025_April_delhi_2025.xlsx",Sheet1,"Bawana, Delhi - DPCC",AQI Hourly,22:00:00,float,unknown,193.0 | 289.0 | 261.0,30,1,3.33,False
"Bawana, Delhi - DPCC/AQI Hourly/aqi_hourly_station_level_bawana,_delhi_-_dpcc_2025_April_delhi_2025.xlsx",Sheet1,"Bawana, Delhi - DPCC",AQI Hourly,23:00:00,int,unknown,193 | 291 | 260,30,0,0.0,False
"Bawana, Delhi - DPCC/AQI Hourly/aqi_hourly_station_level_bawana,_delhi_-_dpcc_2025_August_delhi_2025.xlsx",Sheet1,"Bawana, Delhi - DPCC",AQI Hourly,Date,int,timestamp,1 | 2 | 3,31,0,0.0,False
"Bawana, Delhi - DPCC/AQI Hourly/aqi_hourly_station_level_bawana,_delhi_-_dpcc_2025_August_delhi_2025.xlsx",Sheet1,"Bawana, Delhi - DPCC",AQI Hourly,00:00:00,float,unknown,35.0 | 64.0 | 79.0,31,2,6.45,False
"Bawana, Delhi - DPCC/AQI Hourly/aqi_hourly_station_level_bawana,_delhi_-_dpcc_2025_August_delhi_2025.xlsx",Sheet1,"Bawana, Delhi - DPCC",AQI Hourly,01:00:00,float,unknown,37.0 | 65.0 | 82.0,31,1,3.23,False
"Bawana, Delhi - DPCC/AQI Hourly/aqi_hourly_station_level_bawana,_delhi_-_dpcc_2025_August_delhi_2025.xlsx",Sheet1,"Bawana, Delhi - DPCC",AQI Hourly,02:00:00,float,unknown,41.0 | 64.0 | 85.0,31,1,3.23,False
"Bawana, Delhi - DPCC/AQI Hourly/aqi_hourly_station_level_bawana,_delhi_-_dpcc_2025_August_delhi_2025.xlsx",Sheet1,"Bawana, Delhi - DPCC",AQI Hourly,03:00:00,float,unknown,45.0 | 62.0 | 88.0,31,3,9.68,False
"Bawana, Delhi - DPCC/AQI Hourly/aqi_hourly_station_level_bawana,_delhi_-_dpcc_2025_August_delhi_2025.xlsx",Sheet1,"Bawana, Delhi - DPCC",AQI Hourly,04:00:00,float,unknown,46.0 | 62.0 | 90.0,31,1,3.23,False
"Bawana, Delhi - DPCC/AQI Hourly/aqi_hourly_station_level_bawana,_delhi_-_dpcc_2025_August_delhi_2025.xlsx",Sheet1,"Bawana, Delhi - DPCC",AQI Hourly,05:00:00,float,unknown,45.0 | 59.0 | 92.0,31,1,3.23,False
"Bawana, Delhi - DPCC/AQI Hourly/aqi_hourly_station_level_bawana,_delhi_-_dpcc_2025_August_delhi_2025.xlsx",Sheet1,"Bawana, Delhi - DPCC",AQI Hourly,06:00:00,float,unknown,44.0 | 59.0 | 94.0,31,1,3.23,False
"Bawana, Delhi - DPCC/AQI Hourly/aqi_hourly_station_level_bawana,_delhi_-_dpcc_2025_August_delhi_2025.xlsx",Sheet1,"Bawana, Delhi - DPCC",AQI Hourly,07:00:00,float,unknown,52.0 | 58.0 | 95.0,31,1,3.23,False
"Bawana, Delhi - DPCC/AQI Hourly/aqi_hourly_station_level_bawana,_delhi_-_dpcc_2025_August_delhi_2025.xlsx",Sheet1,"Bawana, Delhi - DPCC",AQI Hourly,08:00:00,float,unknown,52.0 | 57.0 | 97.0,31,1,3.23,False
"Bawana, Delhi - DPCC/AQI Hourly/aqi_hourly_station_level_bawana,_delhi_-_dpcc_2025_August_delhi_2025.xlsx",Sheet1,"Bawana, Delhi - DPCC",AQI Hourly,09:00:00,float,unknown,53.0 | 56.0 | 98.0,31,1,3.23,False
"Bawana, Delhi - DPCC/AQI Hourly/aqi_hourly_station_level_bawana,_delhi_-_dpcc_2025_August_delhi_2025.xlsx",Sheet1,"Bawana, Delhi - DPCC",AQI Hourly,10:00:00,float,unknown,54.0 | 57.0 | 97.0,31,1,3.23,False
"Bawana, Delhi - DPCC/AQI Hourly/aqi_hourly_station_level_bawana,_delhi_-_dpcc_2025_August_delhi_2025.xlsx",Sheet1,"Bawana, Delhi - DPCC",AQI Hourly,11:00:00,float,unknown,55.0 | 56.0 | 98.0,31,1,3.23,False
"Bawana, Delhi - DPCC/AQI Hourly/aqi_hourly_station_level_bawana,_delhi_-_dpcc_2025_August_delhi_2025.xlsx",Sheet1,"Bawana, Delhi - DPCC",AQI Hourly,12:00:00,float,unknown,56.0 | 57.0 | 98.0,31,2,6.45,False
"Bawana, Delhi - DPCC/AQI Hourly/aqi_hourly_station_level_bawana,_delhi_-_dpcc_2025_August_delhi_2025.xlsx",Sheet1,"Bawana, Delhi - DPCC",AQI Hourly,13:00:00,float,unknown,56.0 | 58.0 | 97.0,31,2,6.45,False
"Bawana, Delhi - DPCC/AQI Hourly/aqi_hourly_station_level_bawana,_delhi_-_dpcc_2025_August_delhi_2025.xlsx",Sheet1,"Bawana, Delhi - DPCC",AQI Hourly,14:00:00,float,unknown,56.0 | 60.0 | 96.0,31,1,3.23,False
"Bawana, Delhi - DPCC/AQI Hourly/aqi_hourly_station_level_bawana,_delhi_-_dpcc_2025_August_delhi_2025.xlsx",Sheet1,"Bawana, Delhi - DPCC",AQI Hourly,15:00:00,float,unknown,57.0 | 61.0 | 95.0,31,1,3.23,False
"Bawana, Delhi - DPCC/AQI Hourly/aqi_hourly_station_level_bawana,_delhi_-_dpcc_2025_August_delhi_2025.xlsx",Sheet1,"Bawana, Delhi - DPCC",AQI Hourly,16:00:00,float,unknown,59.0 | 63.0 | 94.0,31,1,3.23,False
"Bawana, Delhi - DPCC/AQI Hourly/aqi_hourly_station_level_bawana,_delhi_-_dpcc_2025_August_delhi_2025.xlsx",Sheet1,"Bawana, Delhi - DPCC",AQI Hourly,17:00:00,float,unknown,60.0 | 64.0 | 94.0,31,1,3.23,False
"Bawana, Delhi - DPCC/AQI Hourly/aqi_hourly_station_level_bawana,_delhi_-_dpcc_2025_August_delhi_2025.xlsx",Sheet1,"Bawana, Delhi - DPCC",AQI Hourly,18:00:00,float,unknown,61.0 | 66.0 | 92.0,31,2,6.45,False
"Bawana, Delhi - DPCC/AQI Hourly/aqi_hourly_station_level_bawana,_delhi_-_dpcc_2025_August_delhi_2025.xlsx",Sheet1,"Bawana, Delhi - DPCC",AQI Hourly,19:00:00,float,unknown,63.0 | 67.0 | 91.0,31,1,3.23,False
"Bawana, Delhi - DPCC/AQI Hourly/aqi_hourly_station_level_bawana,_delhi_-_dpcc_2025_August_delhi_2025.xlsx",Sheet1,"Bawana, Delhi - DPCC",AQI Hourly,20:00:00,float,unknown,64.0 | 69.0 | 90.0,31,1,3.23,False
"Bawana, Delhi - DPCC/AQI Hourly/aqi_hourly_station_level_bawana,_delhi_-_dpcc_2025_August_delhi_2025.xlsx",Sheet1,"Bawana, Delhi - DPCC",AQI Hourly,21:00:00,float,unknown,64.0 | 71.0 | 89.0,31,1,3.23,False
"Bawana, Delhi - DPCC/AQI Hourly/aqi_hourly_station_level_bawana,_delhi_-_dpcc_2025_August_delhi_2025.xlsx",Sheet1,"Bawana, Delhi - DPCC",AQI Hourly,22:00:00,float,unknown,64.0 | 74.0 | 90.0,31,1,3.23,False
"Bawana, Delhi - DPCC/AQI Hourly/aqi_hourly_station_level_bawana,_delhi_-_dpcc_2025_August_delhi_2025.xlsx",Sheet1,"Bawana, Delhi - DPCC",AQI Hourly,23:00:00,float,unknown,64.0 | 77.0 | 91.0,31,1,3.23,False
"Bawana, Delhi - DPCC/AQI Hourly/aqi_hourly_station_level_bawana,_delhi_-_dpcc_2025_December_delhi_2025.xlsx",Sheet1,"Bawana, Delhi - DPCC",AQI Hourly,Date,int,timestamp,1 | 2 | 3,31,0,0.0,False
"Bawana, Delhi - DPCC/AQI Hourly/aqi_hourly_station_level_bawana,_delhi_-_dpcc_2025_December_delhi_2025.xlsx",Sheet1,"Bawana, Delhi - DPCC",AQI Hourly,00:00:00,int,unknown,332 | 364 | 428,31,0,0.0,False
"Bawana, Delhi - DPCC/AQI Hourly/aqi_hourly_station_level_bawana,_delhi_-_dpcc_2025_December_delhi_2025.xlsx",Sheet1,"Bawana, Delhi - DPCC",AQI Hourly,01:00:00,int,unknown,334 | 369 | 423,31,0,0.0,False
"Bawana, Delhi - DPCC/AQI Hourly/aqi_hourly_station_level_bawana,_delhi_-_dpcc_2025_December_delhi_2025.xlsx",Sheet1,"Bawana, Delhi - DPCC",AQI Hourly,02:00:00,int,unknown,335 | 374 | 418,31,0,0.0,False
"Bawana, Delhi - DPCC/AQI Hourly/aqi_hourly_station_level_bawana,_delhi_-_dpcc_2025_December_delhi_2025.xlsx",Sheet1,"Bawana, Delhi - DPCC",AQI Hourly,03:00:00,int,unknown,336 | 379 | 413,31,0,0.0,False
"Bawana, Delhi - DPCC/AQI Hourly/aqi_hourly_station_level_bawana,_delhi_-_dpcc_2025_December_delhi_2025.xlsx",Sheet1,"Bawana, Delhi - DPCC",AQI Hourly,04:00:00,int,unknown,335 | 382 | 411,31,0,0.0,False
"Bawana, Delhi - DPCC/AQI Hourly/aqi_hourly_station_level_bawana,_delhi_-_dpcc_2025_December_delhi_2025.xlsx",Sheet1,"Bawana, Delhi - DPCC",AQI Hourly,05:00:00,int,unknown,336 | 382 | 410,31,0,0.0,False
"Bawana, Delhi - DPCC/AQI Hourly/aqi_hourly_station_level_bawana,_delhi_-_dpcc_2025_December_delhi_2025.xlsx",Sheet1,"Bawana, Delhi - DPCC",AQI Hourly,06:00:00,int,unknown,337 | 387 | 410,31,0,0.0,False
"Bawana, Delhi - DPCC/AQI Hourly/aqi_hourly_station_level_bawana,_delhi_-_dpcc_2025_December_delhi_2025.xlsx",Sheet1,"Bawana, Delhi - DPCC",AQI Hourly,07:00:00,float,unknown,339.0 | 390.0 | 408.0,31,1,3.23,False
"Bawana, Delhi - DPCC/AQI Hourly/aqi_hourly_station_level_bawana,_delhi_-_dpcc_2025_December_delhi_2025.xlsx",Sheet1,"Bawana, Delhi - DPCC",AQI Hourly,08:00:00,int,unknown,339 | 392 | 401,31,0,0.0,False
"Bawana, Delhi - DPCC/AQI Hourly/aqi_hourly_station_level_bawana,_delhi_-_dpcc_2025_December_delhi_2025.xlsx",Sheet1,"Bawana, Delhi - DPCC",AQI Hourly,09:00:00,int,unknown,343 | 389 | 401,31,0,0.0,False
"Bawana, Delhi - DPCC/AQI Hourly/aqi_hourly_station_level_bawana,_delhi_-_dpcc_2025_December_delhi_2025.xlsx",Sheet1,"Bawana, Delhi - DPCC",AQI Hourly,10:00:00,int,unknown,344 | 392 | 398,31,0,0.0,False
"Bawana, Delhi - DPCC/AQI Hourly/aqi_hourly_station_level_bawana,_delhi_-_dpcc_2025_December_delhi_2025.xlsx",Sheet1,"Bawana, Delhi - DPCC",AQI Hourly,11:00:00,int,unknown,346 | 394 | 394,31,0,0.0,False
"Bawana, Delhi - DPCC/AQI Hourly/aqi_hourly_station_level_bawana,_delhi_-_dpcc_2025_December_delhi_2025.xlsx",Sheet1,"Bawana, Delhi - DPCC",AQI Hourly,12:00:00,int,unknown,347 | 397 | 391,31,0,0.0,False
"Bawana, Delhi - DPCC/AQI Hourly/aqi_hourly_station_level_bawana,_delhi_-_dpcc_2025_December_delhi_2025.xlsx",Sheet1,"Bawana, Delhi - DPCC",AQI Hourly,13:00:00,int,unknown,347 | 400 | 388,31,0,0.0,False
"Bawana, Delhi - DPCC/AQI Hourly/aqi_hourly_station_level_bawana,_delhi_-_dpcc_2025_December_delhi_2025.xlsx",Sheet1,"Bawana, Delhi - DPCC",AQI Hourly,14:00:00,int,unknown,352 | 399 | 385,31,0,0.0,False
"Bawana, Delhi - DPCC/AQI Hourly/aqi_hourly_station_level_bawana,_delhi_-_dpcc_2025_December_delhi_2025.xlsx",Sheet1,"Bawana, Delhi - DPCC",AQI Hourly,15:00:00,int,unknown,354 | 406 | 379,31,0,0.0,False
"Bawana, Delhi - DPCC/AQI Hourly/aqi_hourly_station_level_bawana,_delhi_-_dpcc_2025_December_delhi_2025.xlsx",Sheet1,"Bawana, Delhi - DPCC",AQI Hourly,16:00:00,int,unknown,355 | 415 | 370,31,0,0.0,False
"Bawana, Delhi - DPCC/AQI Hourly/aqi_hourly_station_level_bawana,_delhi_-_dpcc_2025_December_delhi_2025.xlsx",Sheet1,"Bawana, Delhi - DPCC",AQI Hourly,17:00:00,int,unknown,354 | 425 | 362,31,0,0.0,False
"Bawana, Delhi - DPCC/AQI Hourly/aqi_hourly_station_level_bawana,_delhi_-_dpcc_2025_December_delhi_2025.xlsx",Sheet1,"Bawana, Delhi - DPCC",AQI Hourly,18:00:00,int,unknown,355 | 436 | 353,31,0,0.0,False
"Bawana, Delhi - DPCC/AQI Hourly/aqi_hourly_station_level_bawana,_delhi_-_dpcc_2025_December_delhi_2025.xlsx",Sheet1,"Bawana, Delhi - DPCC",AQI Hourly,19:00:00,int,unknown,357 | 438 | 350,31,0,0.0,False
"Bawana, Delhi - DPCC/AQI Hourly/aqi_hourly_station_level_bawana,_delhi_-_dpcc_2025_December_delhi_2025.xlsx",Sheet1,"Bawana, Delhi - DPCC",AQI Hourly,20:00:00,float,unknown,358.0 | 438.0 | 347.0,31,1,3.23,False
"Bawana, Delhi - DPCC/AQI Hourly/aqi_hourly_station_level_bawana,_delhi_-_dpcc_2025_December_delhi_2025.xlsx",Sheet1,"Bawana, Delhi - DPCC",AQI Hourly,21:00:00,int,unknown,359 | 440 | 345,31,0,0.0,False
"Bawana, Delhi - DPCC/AQI Hourly/aqi_hourly_station_level_bawana,_delhi_-_dpcc_2025_December_delhi_2025.xlsx",Sheet1,"Bawana, Delhi - DPCC",AQI Hourly,22:00:00,int,unknown,365 | 436 | 342,31,0,0.0,False
"Bawana, Delhi - DPCC/AQI Hourly/aqi_hourly_station_level_bawana,_delhi_-_dpcc_2025_December_delhi_2025.xlsx",Sheet1,"Bawana, Delhi - DPCC",AQI Hourly,23:00:00,int,unknown,367 | 429 | 344,31,0,0.0,False
"Bawana, Delhi - DPCC/AQI Hourly/aqi_hourly_station_level_bawana,_delhi_-_dpcc_2025_February_delhi_2025.xlsx",Sheet1,"Bawana, Delhi - DPCC",AQI Hourly,Date,int,timestamp,1 | 2 | 3,28,0,0.0,False
"Bawana, Delhi - DPCC/AQI Hourly/aqi_hourly_station_level_bawana,_delhi_-_dpcc_2025_February_delhi_2025.xlsx",Sheet1,"Bawana, Delhi - DPCC",AQI Hourly,00:00:00,float,unknown,381.0 | 323.0 | 334.0,28,1,3.57,False
"Bawana, Delhi - DPCC/AQI Hourly/aqi_hourly_station_level_bawana,_delhi_-_dpcc_2025_February_delhi_2025.xlsx",Sheet1,"Bawana, Delhi - DPCC",AQI Hourly,01:00:00,float,unknown,374.0 | 324.0 | 332.0,28,1,3.57,False
"Bawana, Delhi - DPCC/AQI Hourly/aqi_hourly_station_level_bawana,_delhi_-_dpcc_2025_February_delhi_2025.xlsx",Sheet1,"Bawana, Delhi - DPCC",AQI Hourly,02:00:00,int,unknown,371 | 325 | 331,28,0,0.0,False
"Bawana, Delhi - DPCC/AQI Hourly/aqi_hourly_station_level_bawana,_delhi_-_dpcc_2025_February_delhi_2025.xlsx",Sheet1,"Bawana, Delhi - DPCC",AQI Hourly,03:00:00,int,unknown,366 | 327 | 330,28,0,0.0,False
"Bawana, Delhi - DPCC/AQI Hourly/aqi_hourly_station_level_bawana,_delhi_-_dpcc_2025_February_delhi_2025.xlsx",Sheet1,"Bawana, Delhi - DPCC",AQI Hourly,04:00:00,float,unknown,358.0 | 331.0 | 328.0,28,1,3.57,False
"Bawana, Delhi - DPCC/AQI Hourly/aqi_hourly_station_level_bawana,_delhi_-_dpcc_2025_February_delhi_2025.xlsx",Sheet1,"Bawana, Delhi - DPCC",AQI Hourly,05:00:00,float,unknown,353.0 | 332.0 | 327.0,28,1,3.57,False
"Bawana, Delhi - DPCC/AQI Hourly/aqi_hourly_station_level_bawana,_delhi_-_dpcc_2025_February_delhi_2025.xlsx",Sheet1,"Bawana, Delhi - DPCC",AQI Hourly,06:00:00,float,unknown,344.0 | 338.0 | 322.0,28,1,3.57,False
"Bawana, Delhi - DPCC/AQI Hourly/aqi_hourly_station_level_bawana,_delhi_-_dpcc_2025_February_delhi_2025.xlsx",Sheet1,"Bawana, Delhi - DPCC",AQI Hourly,07:00:00,float,unknown,333.0 | 343.0 | 317.0,28,1,3.57,False
"Bawana, Delhi - DPCC/AQI Hourly/aqi_hourly_station_level_bawana,_delhi_-_dpcc_2025_February_delhi_2025.xlsx",Sheet1,"Bawana, Delhi - DPCC",AQI Hourly,08:00:00,float,unknown,325.0 | 345.0 | 312.0,28,1,3.57,False
"Bawana, Delhi - DPCC/AQI Hourly/aqi_hourly_station_level_bawana,_delhi_-_dpcc_2025_February_delhi_2025.xlsx",Sheet1,"Bawana, Delhi - DPCC",AQI Hourly,09:00:00,float,unknown,320.0 | 346.0 | 308.0,28,1,3.57,False
"Bawana, Delhi - DPCC/AQI Hourly/aqi_hourly_station_level_bawana,_delhi_-_dpcc_2025_February_delhi_2025.xlsx",Sheet1,"Bawana, Delhi - DPCC",AQI Hourly,10:00:00,float,unknown,320.0 | 347.0 | 306.0,28,1,3.57,False
"Bawana, Delhi - DPCC/AQI Hourly/aqi_hourly_station_level_bawana,_delhi_-_dpcc_2025_February_delhi_2025.xlsx",Sheet1,"Bawana, Delhi - DPCC",AQI Hourly,11:00:00,float,unknown,318.0 | 348.0 | 306.0,28,1,3.57,False
"Bawana, Delhi - DPCC/AQI Hourly/aqi_hourly_station_level_bawana,_delhi_-_dpcc_2025_February_delhi_2025.xlsx",Sheet1,"Bawana, Delhi - DPCC",AQI Hourly,12:00:00,float,unknown,316.0 | 349.0 | 298.0,28,1,3.57,False
"Bawana, Delhi - DPCC/AQI Hourly/aqi_hourly_station_level_bawana,_delhi_-_dpcc_2025_February_delhi_2025.xlsx",Sheet1,"Bawana, Delhi - DPCC",AQI Hourly,13:00:00,float,unknown,317.0 | 349.0 | 296.0,28,1,3.57,False
"Bawana, Delhi - DPCC/AQI Hourly/aqi_hourly_station_level_bawana,_delhi_-_dpcc_2025_February_delhi_2025.xlsx",Sheet1,"Bawana, Delhi - DPCC",AQI Hourly,14:00:00,float,unknown,319.0 | 347.0 | 292.0,28,1,3.57,False
"Bawana, Delhi - DPCC/AQI Hourly/aqi_hourly_station_level_bawana,_delhi_-_dpcc_2025_February_delhi_2025.xlsx",Sheet1,"Bawana, Delhi - DPCC",AQI Hourly,15:00:00,float,unknown,319.0 | 346.0 | 292.0,28,1,3.57,False
"Bawana, Delhi - DPCC/AQI Hourly/aqi_hourly_station_level_bawana,_delhi_-_dpcc_2025_February_delhi_2025.xlsx",Sheet1,"Bawana, Delhi - DPCC",AQI Hourly,16:00:00,float,unknown,321.0 | 346.0 | 286.0,28,1,3.57,False
"Bawana, Delhi - DPCC/AQI Hourly/aqi_hourly_station_level_bawana,_delhi_-_dpcc_2025_February_delhi_2025.xlsx",Sheet1,"Bawana, Delhi - DPCC",AQI Hourly,17:00:00,float,unknown,322.0 | 344.0 | 268.0,28,1,3.57,False
"Bawana, Delhi - DPCC/AQI Hourly/aqi_hourly_station_level_bawana,_delhi_-_dpcc_2025_February_delhi_2025.xlsx",Sheet1,"Bawana, Delhi - DPCC",AQI Hourly,18:00:00,float,unknown,323.0 | 343.0 | 258.0,28,1,3.57,False
"Bawana, Delhi - DPCC/AQI Hourly/aqi_hourly_station_level_bawana,_delhi_-_dpcc_2025_February_delhi_2025.xlsx",Sheet1,"Bawana, Delhi - DPCC",AQI Hourly,19:00:00,float,unknown,323.0 | 341.0 | 250.0,28,1,3.57,False
"Bawana, Delhi - DPCC/AQI Hourly/aqi_hourly_station_level_bawana,_delhi_-_dpcc_2025_February_delhi_2025.xlsx",Sheet1,"Bawana, Delhi - DPCC",AQI Hourly,20:00:00,float,unknown,324.0 | 339.0 | 250.0,28,1,3.57,False
"Bawana, Delhi - DPCC/AQI Hourly/aqi_hourly_station_level_bawana,_delhi_-_dpcc_2025_February_delhi_2025.xlsx",Sheet1,"Bawana, Delhi - DPCC",AQI Hourly,21:00:00,float,unknown,324.0 | 337.0 | 251.0,28,1,3.57,False
"Bawana, Delhi - DPCC/AQI Hourly/aqi_hourly_station_level_bawana,_delhi_-_dpcc_2025_February_delhi_2025.xlsx",Sheet1,"Bawana, Delhi - DPCC",AQI Hourly,22:00:00,float,unknown,322.0 | 336.0 | 254.0,28,1,3.57,False
"Bawana, Delhi - DPCC/AQI Hourly/aqi_hourly_station_level_bawana,_delhi_-_dpcc_2025_February_delhi_2025.xlsx",Sheet1,"Bawana, Delhi - DPCC",AQI Hourly,23:00:00,float,unknown,322.0 | 334.0 | 259.0,28,1,3.57,False
"Bawana, Delhi - DPCC/AQI Hourly/aqi_hourly_station_level_bawana,_delhi_-_dpcc_2025_January_delhi_2025.xlsx",Sheet1,"Bawana, Delhi - DPCC",AQI Hourly,Date,int,timestamp,1 | 2 | 3,31,0,0.0,False
"Bawana, Delhi - DPCC/AQI Hourly/aqi_hourly_station_level_bawana,_delhi_-_dpcc_2025_January_delhi_2025.xlsx",Sheet1,"Bawana, Delhi - DPCC",AQI Hourly,00:00:00,int,unknown,369 | 350 | 360,31,0,0.0,False
"Bawana, Delhi - DPCC/AQI Hourly/aqi_hourly_station_level_bawana,_delhi_-_dpcc_2025_January_delhi_2025.xlsx",Sheet1,"Bawana, Delhi - DPCC",AQI Hourly,01:00:00,int,unknown,376 | 344 | 362,31,0,0.0,False
"Bawana, Delhi - DPCC/AQI Hourly/aqi_hourly_station_level_bawana,_delhi_-_dpcc_2025_January_delhi_2025.xlsx",Sheet1,"Bawana, Delhi - DPCC",AQI Hourly,02:00:00,int,unknown,382 | 338 | 365,31,0,0.0,False
"Bawana, Delhi - DPCC/AQI Hourly/aqi_hourly_station_level_bawana,_delhi_-_dpcc_2025_January_delhi_2025.xlsx",Sheet1,"Bawana, Delhi - DPCC",AQI Hourly,03:00:00,int,unknown,384 | 335 | 368,31,0,0.0,False
"Bawana, Delhi - DPCC/AQI Hourly/aqi_hourly_station_level_bawana,_delhi_-_dpcc_2025_January_delhi_2025.xlsx",Sheet1,"Bawana, Delhi - DPCC",AQI Hourly,04:00:00,int,unknown,385 | 336 | 370,31,0,0.0,False
"Bawana, Delhi - DPCC/AQI Hourly/aqi_hourly_station_level_bawana,_delhi_-_dpcc_2025_January_delhi_2025.xlsx",Sheet1,"Bawana, Delhi - DPCC",AQI Hourly,05:00:00,int,unknown,385 | 336 | 372,31,0,0.0,False
"Bawana, Delhi - DPCC/AQI Hourly/aqi_hourly_station_level_bawana,_delhi_-_dpcc_2025_January_delhi_2025.xlsx",Sheet1,"Bawana, Delhi - DPCC",AQI Hourly,06:00:00,int,unknown,384 | 336 | 372,31,0,0.0,False
"Bawana, Delhi - DPCC/AQI Hourly/aqi_hourly_station_level_bawana,_delhi_-_dpcc_2025_January_delhi_2025.xlsx",Sheet1,"Bawana, Delhi - DPCC",AQI Hourly,07:00:00,int,unknown,383 | 336 | 372,31,0,0.0,False
"Bawana, Delhi - DPCC/AQI Hourly/aqi_hourly_station_level_bawana,_delhi_-_dpcc_2025_January_delhi_2025.xlsx",Sheet1,"Bawana, Delhi - DPCC",AQI Hourly,08:00:00,float,unknown,380.0 | 338.0 | 372.0,31,1,3.23,False
"Bawana, Delhi - DPCC/AQI Hourly/aqi_hourly_station_level_bawana,_delhi_-_dpcc_2025_January_delhi_2025.xlsx",Sheet1,"Bawana, Delhi - DPCC",AQI Hourly,09:00:00,int,unknown,377 | 339 | 371,31,0,0.0,False
"Bawana, Delhi - DPCC/AQI Hourly/aqi_hourly_station_level_bawana,_delhi_-_dpcc_2025_January_delhi_2025.xlsx",Sheet1,"Bawana, Delhi - DPCC",AQI Hourly,10:00:00,int,unknown,375 | 340 | 370,31,0,0.0,False
"Bawana, Delhi - DPCC/AQI Hourly/aqi_hourly_station_level_bawana,_delhi_-_dpcc_2025_January_delhi_2025.xlsx",Sheet1,"Bawana, Delhi - DPCC",AQI Hourly,11:00:00,int,unknown,374 | 341 | 371,31,0,0.0,False
"Bawana, Delhi - DPCC/AQI Hourly/aqi_hourly_station_level_bawana,_delhi_-_dpcc_2025_January_delhi_2025.xlsx",Sheet1,"Bawana, Delhi - DPCC",AQI Hourly,12:00:00,int,unknown,372 | 342 | 372,31,0,0.0,False
"Bawana, Delhi - DPCC/AQI Hourly/aqi_hourly_station_level_bawana,_delhi_-_dpcc_2025_January_delhi_2025.xlsx",Sheet1,"Bawana, Delhi - DPCC",AQI Hourly,13:00:00,int,unknown,372 | 341 | 374,31,0,0.0,False
"Bawana, Delhi - DPCC/AQI Hourly/aqi_hourly_station_level_bawana,_delhi_-_dpcc_2025_January_delhi_2025.xlsx",Sheet1,"Bawana, Delhi - DPCC",AQI Hourly,14:00:00,int,unknown,371 | 342 | 376,31,0,0.0,False
"Bawana, Delhi - DPCC/AQI Hourly/aqi_hourly_station_level_bawana,_delhi_-_dpcc_2025_January_delhi_2025.xlsx",Sheet1,"Bawana, Delhi - DPCC",AQI Hourly,15:00:00,int,unknown,370 | 342 | 377,31,0,0.0,False
"Bawana, Delhi - DPCC/AQI Hourly/aqi_hourly_station_level_bawana,_delhi_-_dpcc_2025_January_delhi_2025.xlsx",Sheet1,"Bawana, Delhi - DPCC",AQI Hourly,16:00:00,int,unknown,368 | 343 | 378,31,0,0.0,False
"Bawana, Delhi - DPCC/AQI Hourly/aqi_hourly_station_level_bawana,_delhi_-_dpcc_2025_January_delhi_2025.xlsx",Sheet1,"Bawana, Delhi - DPCC",AQI Hourly,17:00:00,int,unknown,367 | 344 | 377,31,0,0.0,False
"Bawana, Delhi - DPCC/AQI Hourly/aqi_hourly_station_level_bawana,_delhi_-_dpcc_2025_January_delhi_2025.xlsx",Sheet1,"Bawana, Delhi - DPCC",AQI Hourly,18:00:00,float,unknown,366.0 | 347.0 | 375.0,31,1,3.23,False
"Bawana, Delhi - DPCC/AQI Hourly/aqi_hourly_station_level_bawana,_delhi_-_dpcc_2025_January_delhi_2025.xlsx",Sheet1,"Bawana, Delhi - DPCC",AQI Hourly,19:00:00,int,unknown,366 | 349 | 374,31,0,0.0,False
"Bawana, Delhi - DPCC/AQI Hourly/aqi_hourly_station_level_bawana,_delhi_-_dpcc_2025_January_delhi_2025.xlsx",Sheet1,"Bawana, Delhi - DPCC",AQI Hourly,20:00:00,int,unknown,361 | 352 | 369,31,0,0.0,False
"Bawana, Delhi - DPCC/AQI Hourly/aqi_hourly_station_level_bawana,_delhi_-_dpcc_2025_January_delhi_2025.xlsx",Sheet1,"Bawana, Delhi - DPCC",AQI Hourly,21:00:00,int,unknown,361 | 352 | 372,31,0,0.0,False
"Bawana, Delhi - DPCC/AQI Hourly/aqi_hourly_station_level_bawana,_delhi_-_dpcc_2025_January_delhi_2025.xlsx",Sheet1,"Bawana, Delhi - DPCC",AQI Hourly,22:00:00,int,unknown,360 | 355 | 373,31,0,0.0,False
"Bawana, Delhi - DPCC/AQI Hourly/aqi_hourly_station_level_bawana,_delhi_-_dpcc_2025_January_delhi_2025.xlsx",Sheet1,"Bawana, Delhi - DPCC",AQI Hourly,23:00:00,int,unknown,356 | 358 | 377,31,0,0.0,False
"Bawana, Delhi - DPCC/AQI Hourly/aqi_hourly_station_level_bawana,_delhi_-_dpcc_2025_July_delhi_2025.xlsx",Sheet1,"Bawana, Delhi - DPCC",AQI Hourly,Date,int,timestamp,1 | 2 | 3,31,0,0.0,False
"Bawana, Delhi - DPCC/AQI Hourly/aqi_hourly_station_level_bawana,_delhi_-_dpcc_2025_July_delhi_2025.xlsx",Sheet1,"Bawana, Delhi - DPCC",AQI Hourly,00:00:00,int,unknown,86 | 72 | 69,31,0,0.0,False
"Bawana, Delhi - DPCC/AQI Hourly/aqi_hourly_station_level_bawana,_delhi_-_dpcc_2025_July_delhi_2025.xlsx",Sheet1,"Bawana, Delhi - DPCC",AQI Hourly,01:00:00,float,unknown,89.0 | 70.0 | 68.0,31,1,3.23,False
"Bawana, Delhi - DPCC/AQI Hourly/aqi_hourly_station_level_bawana,_delhi_-_dpcc_2025_July_delhi_2025.xlsx",Sheet1,"Bawana, Delhi - DPCC",AQI Hourly,02:00:00,float,unknown,89.0 | 71.0 | 67.0,31,1,3.23,False
"Bawana, Delhi - DPCC/AQI Hourly/aqi_hourly_station_level_bawana,_delhi_-_dpcc_2025_July_delhi_2025.xlsx",Sheet1,"Bawana, Delhi - DPCC",AQI Hourly,03:00:00,float,unknown,96.0 | 69.0 | 65.0,31,1,3.23,False
"Bawana, Delhi - DPCC/AQI Hourly/aqi_hourly_station_level_bawana,_delhi_-_dpcc_2025_July_delhi_2025.xlsx",Sheet1,"Bawana, Delhi - DPCC",AQI Hourly,04:00:00,int,unknown,97 | 70 | 64,31,0,0.0,False
"Bawana, Delhi - DPCC/AQI Hourly/aqi_hourly_station_level_bawana,_delhi_-_dpcc_2025_July_delhi_2025.xlsx",Sheet1,"Bawana, Delhi - DPCC",AQI Hourly,05:00:00,int,unknown,95 | 72 | 61,31,0,0.0,False
"Bawana, Delhi - DPCC/AQI Hourly/aqi_hourly_station_level_bawana,_delhi_-_dpcc_2025_July_delhi_2025.xlsx",Sheet1,"Bawana, Delhi - DPCC",AQI Hourly,06:00:00,int,unknown,95 | 74 | 58,31,0,0.0,False
"Bawana, Delhi - DPCC/AQI Hourly/aqi_hourly_station_level_bawana,_delhi_-_dpcc_2025_July_delhi_2025.xlsx",Sheet1,"Bawana, Delhi - DPCC",AQI Hourly,07:00:00,float,unknown,95.0 | 77.0 | 56.0,31,1,3.23,False
"Bawana, Delhi - DPCC/AQI Hourly/aqi_hourly_station_level_bawana,_delhi_-_dpcc_2025_July_delhi_2025.xlsx",Sheet1,"Bawana, Delhi - DPCC",AQI Hourly,08:00:00,float,unknown,95.0 | 79.0 | 54.0,31,1,3.23,False
"Bawana, Delhi - DPCC/AQI Hourly/aqi_hourly_station_level_bawana,_delhi_-_dpcc_2025_July_delhi_2025.xlsx",Sheet1,"Bawana, Delhi - DPCC",AQI Hourly,09:00:00,float,unknown,97.0 | 78.0 | 55.0,31,1,3.23,False
"Bawana, Delhi - DPCC/AQI Hourly/aqi_hourly_station_level_bawana,_delhi_-_dpcc_2025_July_delhi_2025.xlsx",Sheet1,"Bawana, Delhi - DPCC",AQI Hourly,10:00:00,float,unknown,100.0 | 78.0 | 55.0,31,1,3.23,False
"Bawana, Delhi - DPCC/AQI Hourly/aqi_hourly_station_level_bawana,_delhi_-_dpcc_2025_July_delhi_2025.xlsx",Sheet1,"Bawana, Delhi - DPCC",AQI Hourly,11:00:00,float,unknown,100.0 | 76.0 | 57.0,31,1,3.23,False
"Bawana, Delhi - DPCC/AQI Hourly/aqi_hourly_station_level_bawana,_delhi_-_dpcc_2025_July_delhi_2025.xlsx",Sheet1,"Bawana, Delhi - DPCC",AQI Hourly,12:00:00,float,unknown,75.0 | 57.0 | 77.0,31,2,6.45,False
"Bawana, Delhi - DPCC/AQI Hourly/aqi_hourly_station_level_bawana,_delhi_-_dpcc_2025_July_delhi_2025.xlsx",Sheet1,"Bawana, Delhi - DPCC",AQI Hourly,13:00:00,float,unknown,103.0 | 73.0 | 58.0,31,1,3.23,False
"Bawana, Delhi - DPCC/AQI Hourly/aqi_hourly_station_level_bawana,_delhi_-_dpcc_2025_July_delhi_2025.xlsx",Sheet1,"Bawana, Delhi - DPCC",AQI Hourly,14:00:00,float,unknown,105.0 | 69.0 | 59.0,31,1,3.23,False
"Bawana, Delhi - DPCC/AQI Hourly/aqi_hourly_station_level_bawana,_delhi_-_dpcc_2025_July_delhi_2025.xlsx",Sheet1,"Bawana, Delhi - DPCC",AQI Hourly,15:00:00,float,unknown,104.0 | 69.0 | 62.0,31,1,3.23,False
"Bawana, Delhi - DPCC/AQI Hourly/aqi_hourly_station_level_bawana,_delhi_-_dpcc_2025_July_delhi_2025.xlsx",Sheet1,"Bawana, Delhi - DPCC",AQI Hourly,16:00:00,float,unknown,101.0 | 69.0 | 63.0,31,1,3.23,False
"Bawana, Delhi - DPCC/AQI Hourly/aqi_hourly_station_level_bawana,_delhi_-_dpcc_2025_July_delhi_2025.xlsx",Sheet1,"Bawana, Delhi - DPCC",AQI Hourly,17:00:00,float,unknown,98.0 | 69.0 | 63.0,31,1,3.23,False
"Bawana, Delhi - DPCC/AQI Hourly/aqi_hourly_station_level_bawana,_delhi_-_dpcc_2025_July_delhi_2025.xlsx",Sheet1,"Bawana, Delhi - DPCC",AQI Hourly,18:00:00,float,unknown,92.0 | 69.0 | 65.0,31,1,3.23,False
"Bawana, Delhi - DPCC/AQI Hourly/aqi_hourly_station_level_bawana,_delhi_-_dpcc_2025_July_delhi_2025.xlsx",Sheet1,"Bawana, Delhi - DPCC",AQI Hourly,19:00:00,float,unknown,87.0 | 70.0 | 67.0,31,1,3.23,False
"Bawana, Delhi - DPCC/AQI Hourly/aqi_hourly_station_level_bawana,_delhi_-_dpcc_2025_July_delhi_2025.xlsx",Sheet1,"Bawana, Delhi - DPCC",AQI Hourly,20:00:00,float,unknown,76.0 | 70.0 | 68.0,31,1,3.23,False
"Bawana, Delhi - DPCC/AQI Hourly/aqi_hourly_station_level_bawana,_delhi_-_dpcc_2025_July_delhi_2025.xlsx",Sheet1,"Bawana, Delhi - DPCC",AQI Hourly,21:00:00,float,unknown,74.0 | 70.0 | 68.0,31,2,6.45,False
"Bawana, Delhi - DPCC/AQI Hourly/aqi_hourly_station_level_bawana,_delhi_-_dpcc_2025_July_delhi_2025.xlsx",Sheet1,"Bawana, Delhi - DPCC",AQI Hourly,22:00:00,int,unknown,74 | 70 | 69,31,0,0.0,False
"Bawana, Delhi - DPCC/AQI Hourly/aqi_hourly_station_level_bawana,_delhi_-_dpcc_2025_July_delhi_2025.xlsx",Sheet1,"Bawana, Delhi - DPCC",AQI Hourly,23:00:00,int,unknown,72 | 70 | 71,31,0,0.0,False
"Bawana, Delhi - DPCC/AQI Hourly/aqi_hourly_station_level_bawana,_delhi_-_dpcc_2025_June_delhi_2025.xlsx",Sheet1,"Bawana, Delhi - DPCC",AQI Hourly,Date,int,timestamp,1 | 2 | 3,30,0,0.0,False
"Bawana, Delhi - DPCC/AQI Hourly/aqi_hourly_station_level_bawana,_delhi_-_dpcc_2025_June_delhi_2025.xlsx",Sheet1,"Bawana, Delhi - DPCC",AQI Hourly,00:00:00,int,unknown,219 | 167 | 110,30,0,0.0,False
"Bawana, Delhi - DPCC/AQI Hourly/aqi_hourly_station_level_bawana,_delhi_-_dpcc_2025_June_delhi_2025.xlsx",Sheet1,"Bawana, Delhi - DPCC",AQI Hourly,01:00:00,int,unknown,211 | 165 | 112,30,0,0.0,False
"Bawana, Delhi - DPCC/AQI Hourly/aqi_hourly_station_level_bawana,_delhi_-_dpcc_2025_June_delhi_2025.xlsx",Sheet1,"Bawana, Delhi - DPCC",AQI Hourly,02:00:00,int,unknown,210 | 163 | 114,30,0,0.0,False
"Bawana, Delhi - DPCC/AQI Hourly/aqi_hourly_station_level_bawana,_delhi_-_dpcc_2025_June_delhi_2025.xlsx",Sheet1,"Bawana, Delhi - DPCC",AQI Hourly,03:00:00,int,unknown,208 | 160 | 117,30,0,0.0,False
"Bawana, Delhi - DPCC/AQI Hourly/aqi_hourly_station_level_bawana,_delhi_-_dpcc_2025_June_delhi_2025.xlsx",Sheet1,"Bawana, Delhi - DPCC",AQI Hourly,04:00:00,float,unknown,205.0 | 158.0 | 119.0,30,1,3.33,False
"Bawana, Delhi - DPCC/AQI Hourly/aqi_hourly_station_level_bawana,_delhi_-_dpcc_2025_June_delhi_2025.xlsx",Sheet1,"Bawana, Delhi - DPCC",AQI Hourly,05:00:00,int,unknown,202 | 158 | 120,30,0,0.0,False
"Bawana, Delhi - DPCC/AQI Hourly/aqi_hourly_station_level_bawana,_delhi_-_dpcc_2025_June_delhi_2025.xlsx",Sheet1,"Bawana, Delhi - DPCC",AQI Hourly,06:00:00,int,unknown,200 | 159 | 121,30,0,0.0,False
"Bawana, Delhi - DPCC/AQI Hourly/aqi_hourly_station_level_bawana,_delhi_-_dpcc_2025_June_delhi_2025.xlsx",Sheet1,"Bawana, Delhi - DPCC",AQI Hourly,07:00:00,int,unknown,197 | 160 | 121,30,0,0.0,False
"Bawana, Delhi - DPCC/AQI Hourly/aqi_hourly_station_level_bawana,_delhi_-_dpcc_2025_June_delhi_2025.xlsx",Sheet1,"Bawana, Delhi - DPCC",AQI Hourly,08:00:00,int,unknown,192 | 160 | 120,30,0,0.0,False
"Bawana, Delhi - DPCC/AQI Hourly/aqi_hourly_station_level_bawana,_delhi_-_dpcc_2025_June_delhi_2025.xlsx",Sheet1,"Bawana, Delhi - DPCC",AQI Hourly,09:00:00,int,unknown,183 | 160 | 120,30,0,0.0,False
"Bawana, Delhi - DPCC/AQI Hourly/aqi_hourly_station_level_bawana,_delhi_-_dpcc_2025_June_delhi_2025.xlsx",Sheet1,"Bawana, Delhi - DPCC",AQI Hourly,10:00:00,int,unknown,173 | 159 | 119,30,0,0.0,False
"Bawana, Delhi - DPCC/AQI Hourly/aqi_hourly_station_level_bawana,_delhi_-_dpcc_2025_June_delhi_2025.xlsx",Sheet1,"Bawana, Delhi - DPCC",AQI Hourly,11:00:00,float,unknown,166.0 | 156.0 | 120.0,30,1,3.33,False
"Bawana, Delhi - DPCC/AQI Hourly/aqi_hourly_station_level_bawana,_delhi_-_dpcc_2025_June_delhi_2025.xlsx",Sheet1,"Bawana, Delhi - DPCC",AQI Hourly,12:00:00,float,unknown,163.0 | 154.0 | 121.0,30,1,3.33,False
"Bawana, Delhi - DPCC/AQI Hourly/aqi_hourly_station_level_bawana,_delhi_-_dpcc_2025_June_delhi_2025.xlsx",Sheet1,"Bawana, Delhi - DPCC",AQI Hourly,13:00:00,float,unknown,163.0 | 153.0 | 122.0,30,1,3.33,False
"Bawana, Delhi - DPCC/AQI Hourly/aqi_hourly_station_level_bawana,_delhi_-_dpcc_2025_June_delhi_2025.xlsx",Sheet1,"Bawana, Delhi - DPCC",AQI Hourly,14:00:00,float,unknown,167.0 | 147.0 | 122.0,30,1,3.33,False
"Bawana, Delhi - DPCC/AQI Hourly/aqi_hourly_station_level_bawana,_delhi_-_dpcc_2025_June_delhi_2025.xlsx",Sheet1,"Bawana, Delhi - DPCC",AQI Hourly,15:00:00,int,unknown,176 | 136 | 122,30,0,0.0,False
"Bawana, Delhi - DPCC/AQI Hourly/aqi_hourly_station_level_bawana,_delhi_-_dpcc_2025_June_delhi_2025.xlsx",Sheet1,"Bawana, Delhi - DPCC",AQI Hourly,16:00:00,int,unknown,184 | 126 | 120,30,0,0.0,False
"Bawana, Delhi - DPCC/AQI Hourly/aqi_hourly_station_level_bawana,_delhi_-_dpcc_2025_June_delhi_2025.xlsx",Sheet1,"Bawana, Delhi - DPCC",AQI Hourly,17:00:00,int,unknown,189 | 117 | 120,30,0,0.0,False
"Bawana, Delhi - DPCC/AQI Hourly/aqi_hourly_station_level_bawana,_delhi_-_dpcc_2025_June_delhi_2025.xlsx",Sheet1,"Bawana, Delhi - DPCC",AQI Hourly,18:00:00,float,unknown,186.0 | 105.0 | 168.0,30,3,10.0,False
"Bawana, Delhi - DPCC/AQI Hourly/aqi_hourly_station_level_bawana,_delhi_-_dpcc_2025_June_delhi_2025.xlsx",Sheet1,"Bawana, Delhi - DPCC",AQI Hourly,19:00:00,float,unknown,186.0 | 104.0 | 164.0,30,1,3.33,False
"Bawana, Delhi - DPCC/AQI Hourly/aqi_hourly_station_level_bawana,_delhi_-_dpcc_2025_June_delhi_2025.xlsx",Sheet1,"Bawana, Delhi - DPCC",AQI Hourly,20:00:00,float,unknown,181.0 | 106.0 | 163.0,30,1,3.33,False
"Bawana, Delhi - DPCC/AQI Hourly/aqi_hourly_station_level_bawana,_delhi_-_dpcc_2025_June_delhi_2025.xlsx",Sheet1,"Bawana, Delhi - DPCC",AQI Hourly,21:00:00,int,unknown,180 | 106 | 121,30,0,0.0,False
"Bawana, Delhi - DPCC/AQI Hourly/aqi_hourly_station_level_bawana,_delhi_-_dpcc_2025_June_delhi_2025.xlsx",Sheet1,"Bawana, Delhi - DPCC",AQI Hourly,22:00:00,int,unknown,176 | 107 | 122,30,0,0.0,False
"Bawana, Delhi - DPCC/AQI Hourly/aqi_hourly_station_level_bawana,_delhi_-_dpcc_2025_June_delhi_2025.xlsx",Sheet1,"Bawana, Delhi - DPCC",AQI Hourly,23:00:00,int,unknown,170 | 108 | 123,30,0,0.0,False
"Bawana, Delhi - DPCC/AQI Hourly/aqi_hourly_station_level_bawana,_delhi_-_dpcc_2025_March_delhi_2025.xlsx",Sheet1,"Bawana, Delhi - DPCC",AQI Hourly,Date,int,timestamp,1 | 2 | 3,31,0,0.0,False
"Bawana, Delhi - DPCC/AQI Hourly/aqi_hourly_station_level_bawana,_delhi_-_dpcc_2025_March_delhi_2025.xlsx",Sheet1,"Bawana, Delhi - DPCC",AQI Hourly,00:00:00,int,unknown,156 | 143 | 138,31,0,0.0,False
"Bawana, Delhi - DPCC/AQI Hourly/aqi_hourly_station_level_bawana,_delhi_-_dpcc_2025_March_delhi_2025.xlsx",Sheet1,"Bawana, Delhi - DPCC",AQI Hourly,01:00:00,int,unknown,156 | 142 | 145,31,0,0.0,False
"Bawana, Delhi - DPCC/AQI Hourly/aqi_hourly_station_level_bawana,_delhi_-_dpcc_2025_March_delhi_2025.xlsx",Sheet1,"Bawana, Delhi - DPCC",AQI Hourly,02:00:00,int,unknown,168 | 136 | 152,31,0,0.0,False
"Bawana, Delhi - DPCC/AQI Hourly/aqi_hourly_station_level_bawana,_delhi_-_dpcc_2025_March_delhi_2025.xlsx",Sheet1,"Bawana, Delhi - DPCC",AQI Hourly,03:00:00,float,unknown,177.0 | 131.0 | 156.0,31,1,3.23,False
"Bawana, Delhi - DPCC/AQI Hourly/aqi_hourly_station_level_bawana,_delhi_-_dpcc_2025_March_delhi_2025.xlsx",Sheet1,"Bawana, Delhi - DPCC",AQI Hourly,04:00:00,float,unknown,178.0 | 139.0 | 147.0,31,1,3.23,False
"Bawana, Delhi - DPCC/AQI Hourly/aqi_hourly_station_level_bawana,_delhi_-_dpcc_2025_March_delhi_2025.xlsx",Sheet1,"Bawana, Delhi - DPCC",AQI Hourly,05:00:00,float,unknown,178.0 | 142.0 | 151.0,31,1,3.23,False
"Bawana, Delhi - DPCC/AQI Hourly/aqi_hourly_station_level_bawana,_delhi_-_dpcc_2025_March_delhi_2025.xlsx",Sheet1,"Bawana, Delhi - DPCC",AQI Hourly,06:00:00,int,unknown,174 | 145 | 156,31,0,0.0,False
"Bawana, Delhi - DPCC/AQI Hourly/aqi_hourly_station_level_bawana,_delhi_-_dpcc_2025_March_delhi_2025.xlsx",Sheet1,"Bawana, Delhi - DPCC",AQI Hourly,07:00:00,int,unknown,164 | 145 | 158,31,0,0.0,False
"Bawana, Delhi - DPCC/AQI Hourly/aqi_hourly_station_level_bawana,_delhi_-_dpcc_2025_March_delhi_2025.xlsx",Sheet1,"Bawana, Delhi - DPCC",AQI Hourly,08:00:00,int,unknown,160 | 146 | 161,31,0,0.0,False
"Bawana, Delhi - DPCC/AQI Hourly/aqi_hourly_station_level_bawana,_delhi_-_dpcc_2025_March_delhi_2025.xlsx",Sheet1,"Bawana, Delhi - DPCC",AQI Hourly,09:00:00,int,unknown,154 | 152 | 165,31,0,0.0,False
"Bawana, Delhi - DPCC/AQI Hourly/aqi_hourly_station_level_bawana,_delhi_-_dpcc_2025_March_delhi_2025.xlsx",Sheet1,"Bawana, Delhi - DPCC",AQI Hourly,10:00:00,int,unknown,149 | 156 | 172,31,0,0.0,False
"Bawana, Delhi - DPCC/AQI Hourly/aqi_hourly_station_level_bawana,_delhi_-_dpcc_2025_March_delhi_2025.xlsx",Sheet1,"Bawana, Delhi - DPCC",AQI Hourly,11:00:00,float,unknown,149.0 | 157.0 | 178.0,31,1,3.23,False
"Bawana, Delhi - DPCC/AQI Hourly/aqi_hourly_station_level_bawana,_delhi_-_dpcc_2025_March_delhi_2025.xlsx",Sheet1,"Bawana, Delhi - DPCC",AQI Hourly,12:00:00,int,unknown,139 | 155 | 178,31,0,0.0,False
"Bawana, Delhi - DPCC/AQI Hourly/aqi_hourly_station_level_bawana,_delhi_-_dpcc_2025_March_delhi_2025.xlsx",Sheet1,"Bawana, Delhi - DPCC",AQI Hourly,13:00:00,int,unknown,136 | 154 | 185,31,0,0.0,False
"Bawana, Delhi - DPCC/AQI Hourly/aqi_hourly_station_level_bawana,_delhi_-_dpcc_2025_March_delhi_2025.xlsx",Sheet1,"Bawana, Delhi - DPCC",AQI Hourly,14:00:00,int,unknown,137 | 151 | 185,31,0,0.0,False
"Bawana, Delhi - DPCC/AQI Hourly/aqi_hourly_station_level_bawana,_delhi_-_dpcc_2025_March_delhi_2025.xlsx",Sheet1,"Bawana, Delhi - DPCC",AQI Hourly,15:00:00,float,unknown,135.0 | 150.0 | 188.0,31,1,3.23,False
"Bawana, Delhi - DPCC/AQI Hourly/aqi_hourly_station_level_bawana,_delhi_-_dpcc_2025_March_delhi_2025.xlsx",Sheet1,"Bawana, Delhi - DPCC",AQI Hourly,16:00:00,int,unknown,133 | 148 | 188,31,0,0.0,False
"Bawana, Delhi - DPCC/AQI Hourly/aqi_hourly_station_level_bawana,_delhi_-_dpcc_2025_March_delhi_2025.xlsx",Sheet1,"Bawana, Delhi - DPCC",AQI Hourly,17:00:00,int,unknown,132 | 148 | 188,31,0,0.0,False
"Bawana, Delhi - DPCC/AQI Hourly/aqi_hourly_station_level_bawana,_delhi_-_dpcc_2025_March_delhi_2025.xlsx",Sheet1,"Bawana, Delhi - DPCC",AQI Hourly,18:00:00,int,unknown,131 | 147 | 191,31,0,0.0,False
"Bawana, Delhi - DPCC/AQI Hourly/aqi_hourly_station_level_bawana,_delhi_-_dpcc_2025_March_delhi_2025.xlsx",Sheet1,"Bawana, Delhi - DPCC",AQI Hourly,19:00:00,int,unknown,130 | 142 | 194,31,0,0.0,False
"Bawana, Delhi - DPCC/AQI Hourly/aqi_hourly_station_level_bawana,_delhi_-_dpcc_2025_March_delhi_2025.xlsx",Sheet1,"Bawana, Delhi - DPCC",AQI Hourly,20:00:00,int,unknown,130 | 141 | 198,31,0,0.0,False
"Bawana, Delhi - DPCC/AQI Hourly/aqi_hourly_station_level_bawana,_delhi_-_dpcc_2025_March_delhi_2025.xlsx",Sheet1,"Bawana, Delhi - DPCC",AQI Hourly,21:00:00,int,unknown,134 | 133 | 202,31,0,0.0,False
"Bawana, Delhi - DPCC/AQI Hourly/aqi_hourly_station_level_bawana,_delhi_-_dpcc_2025_March_delhi_2025.xlsx",Sheet1,"Bawana, Delhi - DPCC",AQI Hourly,22:00:00,float,unknown,138.0 | 136.0 | 198.0,31,1,3.23,False
"Bawana, Delhi - DPCC/AQI Hourly/aqi_hourly_station_level_bawana,_delhi_-_dpcc_2025_March_delhi_2025.xlsx",Sheet1,"Bawana, Delhi - DPCC",AQI Hourly,23:00:00,float,unknown,140.0 | 139.0 | 194.0,31,1,3.23,False
"Bawana, Delhi - DPCC/AQI Hourly/aqi_hourly_station_level_bawana,_delhi_-_dpcc_2025_May_delhi_2025.xlsx",Sheet1,"Bawana, Delhi - DPCC",AQI Hourly,Date,int,timestamp,1 | 2 | 3,31,0,0.0,False
"Bawana, Delhi - DPCC/AQI Hourly/aqi_hourly_station_level_bawana,_delhi_-_dpcc_2025_May_delhi_2025.xlsx",Sheet1,"Bawana, Delhi - DPCC",AQI Hourly,00:00:00,float,unknown,204.0 | 189.0 | 114.0,31,1,3.23,False
"Bawana, Delhi - DPCC/AQI Hourly/aqi_hourly_station_level_bawana,_delhi_-_dpcc_2025_May_delhi_2025.xlsx",Sheet1,"Bawana, Delhi - DPCC",AQI Hourly,01:00:00,float,unknown,202.0 | 188.0 | 112.0,31,2,6.45,False
"Bawana, Delhi - DPCC/AQI Hourly/aqi_hourly_station_level_bawana,_delhi_-_dpcc_2025_May_delhi_2025.xlsx",Sheet1,"Bawana, Delhi - DPCC",AQI Hourly,02:00:00,float,unknown,199.0 | 201.0 | 110.0,31,1,3.23,False
"Bawana, Delhi - DPCC/AQI Hourly/aqi_hourly_station_level_bawana,_delhi_-_dpcc_2025_May_delhi_2025.xlsx",Sheet1,"Bawana, Delhi - DPCC",AQI Hourly,03:00:00,float,unknown,199.0 | 203.0 | 111.0,31,2,6.45,False
"Bawana, Delhi - DPCC/AQI Hourly/aqi_hourly_station_level_bawana,_delhi_-_dpcc_2025_May_delhi_2025.xlsx",Sheet1,"Bawana, Delhi - DPCC",AQI Hourly,04:00:00,float,unknown,196.0 | 207.0 | 113.0,31,1,3.23,False
"Bawana, Delhi - DPCC/AQI Hourly/aqi_hourly_station_level_bawana,_delhi_-_dpcc_2025_May_delhi_2025.xlsx",Sheet1,"Bawana, Delhi - DPCC",AQI Hourly,05:00:00,float,unknown,193.0 | 208.0 | 117.0,31,1,3.23,False
"Bawana, Delhi - DPCC/AQI Hourly/aqi_hourly_station_level_bawana,_delhi_-_dpcc_2025_May_delhi_2025.xlsx",Sheet1,"Bawana, Delhi - DPCC",AQI Hourly,06:00:00,float,unknown,191.0 | 210.0 | 123.0,31,1,3.23,False
"Bawana, Delhi - DPCC/AQI Hourly/aqi_hourly_station_level_bawana,_delhi_-_dpcc_2025_May_delhi_2025.xlsx",Sheet1,"Bawana, Delhi - DPCC",AQI Hourly,07:00:00,float,unknown,190.0 | 207.0 | 134.0,31,1,3.23,False
"Bawana, Delhi - DPCC/AQI Hourly/aqi_hourly_station_level_bawana,_delhi_-_dpcc_2025_May_delhi_2025.xlsx",Sheet1,"Bawana, Delhi - DPCC",AQI Hourly,08:00:00,int,unknown,189 | 203 | 143,31,0,0.0,False
"Bawana, Delhi - DPCC/AQI Hourly/aqi_hourly_station_level_bawana,_delhi_-_dpcc_2025_May_delhi_2025.xlsx",Sheet1,"Bawana, Delhi - DPCC",AQI Hourly,09:00:00,int,unknown,191 | 193 | 155,31,0,0.0,False
"Bawana, Delhi - DPCC/AQI Hourly/aqi_hourly_station_level_bawana,_delhi_-_dpcc_2025_May_delhi_2025.xlsx",Sheet1,"Bawana, Delhi - DPCC",AQI Hourly,10:00:00,float,unknown,191.0 | 185.0 | 167.0,31,1,3.23,False
"Bawana, Delhi - DPCC/AQI Hourly/aqi_hourly_station_level_bawana,_delhi_-_dpcc_2025_May_delhi_2025.xlsx",Sheet1,"Bawana, Delhi - DPCC",AQI Hourly,11:00:00,int,unknown,190 | 176 | 176,31,0,0.0,False
"Bawana, Delhi - DPCC/AQI Hourly/aqi_hourly_station_level_bawana,_delhi_-_dpcc_2025_May_delhi_2025.xlsx",Sheet1,"Bawana, Delhi - DPCC",AQI Hourly,12:00:00,int,unknown,192 | 173 | 177,31,0,0.0,False
"Bawana, Delhi - DPCC/AQI Hourly/aqi_hourly_station_level_bawana,_delhi_-_dpcc_2025_May_delhi_2025.xlsx",Sheet1,"Bawana, Delhi - DPCC",AQI Hourly,13:00:00,int,unknown,191 | 165 | 180,31,0,0.0,False
"Bawana, Delhi - DPCC/AQI Hourly/aqi_hourly_station_level_bawana,_delhi_-_dpcc_2025_May_delhi_2025.xlsx",Sheet1,"Bawana, Delhi - DPCC",AQI Hourly,14:00:00,int,unknown,193 | 163 | 179,31,0,0.0,False
"Bawana, Delhi - DPCC/AQI Hourly/aqi_hourly_station_level_bawana,_delhi_-_dpcc_2025_May_delhi_2025.xlsx",Sheet1,"Bawana, Delhi - DPCC",AQI Hourly,15:00:00,int,unknown,193 | 157 | 183,31,0,0.0,False
"Bawana, Delhi - DPCC/AQI Hourly/aqi_hourly_station_level_bawana,_delhi_-_dpcc_2025_May_delhi_2025.xlsx",Sheet1,"Bawana, Delhi - DPCC",AQI Hourly,16:00:00,int,unknown,193 | 151 | 182,31,0,0.0,False
"Bawana, Delhi - DPCC/AQI Hourly/aqi_hourly_station_level_bawana,_delhi_-_dpcc_2025_May_delhi_2025.xlsx",Sheet1,"Bawana, Delhi - DPCC",AQI Hourly,17:00:00,int,unknown,193 | 147 | 181,31,0,0.0,False
"Bawana, Delhi - DPCC/AQI Hourly/aqi_hourly_station_level_bawana,_delhi_-_dpcc_2025_May_delhi_2025.xlsx",Sheet1,"Bawana, Delhi - DPCC",AQI Hourly,18:00:00,float,unknown,194.0 | 142.0 | 180.0,31,1,3.23,False
"Bawana, Delhi - DPCC/AQI Hourly/aqi_hourly_station_level_bawana,_delhi_-_dpcc_2025_May_delhi_2025.xlsx",Sheet1,"Bawana, Delhi - DPCC",AQI Hourly,19:00:00,int,unknown,194 | 137 | 182,31,0,0.0,False
"Bawana, Delhi - DPCC/AQI Hourly/aqi_hourly_station_level_bawana,_delhi_-_dpcc_2025_May_delhi_2025.xlsx",Sheet1,"Bawana, Delhi - DPCC",AQI Hourly,20:00:00,int,unknown,195 | 131 | 186,31,0,0.0,False
"Bawana, Delhi - DPCC/AQI Hourly/aqi_hourly_station_level_bawana,_delhi_-_dpcc_2025_May_delhi_2025.xlsx",Sheet1,"Bawana, Delhi - DPCC",AQI Hourly,21:00:00,float,unknown,192.0 | 126.0 | 195.0,31,1,3.23,False
"Bawana, Delhi - DPCC/AQI Hourly/aqi_hourly_station_level_bawana,_delhi_-_dpcc_2025_May_delhi_2025.xlsx",Sheet1,"Bawana, Delhi - DPCC",AQI Hourly,22:00:00,float,unknown,192.0 | 121.0 | 203.0,31,1,3.23,False
"Bawana, Delhi - DPCC/AQI Hourly/aqi_hourly_station_level_bawana,_delhi_-_dpcc_2025_May_delhi_2025.xlsx",Sheet1,"Bawana, Delhi - DPCC",AQI Hourly,23:00:00,float,unknown,190.0 | 117.0 | 212.0,31,1,3.23,False
"Bawana, Delhi - DPCC/AQI Hourly/aqi_hourly_station_level_bawana,_delhi_-_dpcc_2025_November_delhi_2025.xlsx",Sheet1,"Bawana, Delhi - DPCC",AQI Hourly,Date,int,timestamp,1 | 2 | 3,30,0,0.0,False
"Bawana, Delhi - DPCC/AQI Hourly/aqi_hourly_station_level_bawana,_delhi_-_dpcc_2025_November_delhi_2025.xlsx",Sheet1,"Bawana, Delhi - DPCC",AQI Hourly,00:00:00,float,unknown,279.0 | 398.0 | 375.0,30,1,3.33,False
"Bawana, Delhi - DPCC/AQI Hourly/aqi_hourly_station_level_bawana,_delhi_-_dpcc_2025_November_delhi_2025.xlsx",Sheet1,"Bawana, Delhi - DPCC",AQI Hourly,01:00:00,int,unknown,281 | 400 | 374,30,0,0.0,False
"Bawana, Delhi - DPCC/AQI Hourly/aqi_hourly_station_level_bawana,_delhi_-_dpcc_2025_November_delhi_2025.xlsx",Sheet1,"Bawana, Delhi - DPCC",AQI Hourly,02:00:00,float,unknown,284.0 | 401.0 | 372.0,30,1,3.33,False
"Bawana, Delhi - DPCC/AQI Hourly/aqi_hourly_station_level_bawana,_delhi_-_dpcc_2025_November_delhi_2025.xlsx",Sheet1,"Bawana, Delhi - DPCC",AQI Hourly,03:00:00,int,unknown,287 | 401 | 371,30,0,0.0,False
"Bawana, Delhi - DPCC/AQI Hourly/aqi_hourly_station_level_bawana,_delhi_-_dpcc_2025_November_delhi_2025.xlsx",Sheet1,"Bawana, Delhi - DPCC",AQI Hourly,04:00:00,int,unknown,290 | 402 | 370,30,0,0.0,False
"Bawana, Delhi - DPCC/AQI Hourly/aqi_hourly_station_level_bawana,_delhi_-_dpcc_2025_November_delhi_2025.xlsx",Sheet1,"Bawana, Delhi - DPCC",AQI Hourly,05:00:00,int,unknown,291 | 406 | 372,30,0,0.0,False
"Bawana, Delhi - DPCC/AQI Hourly/aqi_hourly_station_level_bawana,_delhi_-_dpcc_2025_November_delhi_2025.xlsx",Sheet1,"Bawana, Delhi - DPCC",AQI Hourly,06:00:00,float,unknown,294.0 | 410.0 | 371.0,30,1,3.33,False
"Bawana, Delhi - DPCC/AQI Hourly/aqi_hourly_station_level_bawana,_delhi_-_dpcc_2025_November_delhi_2025.xlsx",Sheet1,"Bawana, Delhi - DPCC",AQI Hourly,07:00:00,int,unknown,297 | 413 | 370,30,0,0.0,False
"Bawana, Delhi - DPCC/AQI Hourly/aqi_hourly_station_level_bawana,_delhi_-_dpcc_2025_November_delhi_2025.xlsx",Sheet1,"Bawana, Delhi - DPCC",AQI Hourly,08:00:00,int,unknown,301 | 417 | 367,30,0,0.0,False
"Bawana, Delhi - DPCC/AQI Hourly/aqi_hourly_station_level_bawana,_delhi_-_dpcc_2025_November_delhi_2025.xlsx",Sheet1,"Bawana, Delhi - DPCC",AQI Hourly,09:00:00,int,unknown,306 | 418 | 365,30,0,0.0,False
"Bawana, Delhi - DPCC/AQI Hourly/aqi_hourly_station_level_bawana,_delhi_-_dpcc_2025_November_delhi_2025.xlsx",Sheet1,"Bawana, Delhi - DPCC",AQI Hourly,10:00:00,int,unknown,311 | 418 | 362,30,0,0.0,False
"Bawana, Delhi - DPCC/AQI Hourly/aqi_hourly_station_level_bawana,_delhi_-_dpcc_2025_November_delhi_2025.xlsx",Sheet1,"Bawana, Delhi - DPCC",AQI Hourly,11:00:00,int,unknown,319 | 416 | 359,30,0,0.0,False
"Bawana, Delhi - DPCC/AQI Hourly/aqi_hourly_station_level_bawana,_delhi_-_dpcc_2025_November_delhi_2025.xlsx",Sheet1,"Bawana, Delhi - DPCC",AQI Hourly,12:00:00,int,unknown,327 | 414 | 358,30,0,0.0,False
"Bawana, Delhi - DPCC/AQI Hourly/aqi_hourly_station_level_bawana,_delhi_-_dpcc_2025_November_delhi_2025.xlsx",Sheet1,"Bawana, Delhi - DPCC",AQI Hourly,13:00:00,int,unknown,338 | 413 | 359,30,0,0.0,False
"Bawana, Delhi - DPCC/AQI Hourly/aqi_hourly_station_level_bawana,_delhi_-_dpcc_2025_November_delhi_2025.xlsx",Sheet1,"Bawana, Delhi - DPCC",AQI Hourly,14:00:00,int,unknown,345 | 409 | 364,30,0,0.0,False
"Bawana, Delhi - DPCC/AQI Hourly/aqi_hourly_station_level_bawana,_delhi_-_dpcc_2025_November_delhi_2025.xlsx",Sheet1,"Bawana, Delhi - DPCC",AQI Hourly,15:00:00,int,unknown,352 | 402 | 369,30,0,0.0,False
"Bawana, Delhi - DPCC/AQI Hourly/aqi_hourly_station_level_bawana,_delhi_-_dpcc_2025_November_delhi_2025.xlsx",Sheet1,"Bawana, Delhi - DPCC",AQI Hourly,16:00:00,int,unknown,360 | 397 | 369,30,0,0.0,False
"Bawana, Delhi - DPCC/AQI Hourly/aqi_hourly_station_level_bawana,_delhi_-_dpcc_2025_November_delhi_2025.xlsx",Sheet1,"Bawana, Delhi - DPCC",AQI Hourly,17:00:00,int,unknown,363 | 396 | 375,30,0,0.0,False
"Bawana, Delhi - DPCC/AQI Hourly/aqi_hourly_station_level_bawana,_delhi_-_dpcc_2025_November_delhi_2025.xlsx",Sheet1,"Bawana, Delhi - DPCC",AQI Hourly,18:00:00,int,unknown,368 | 395 | 376,30,0,0.0,False
"Bawana, Delhi - DPCC/AQI Hourly/aqi_hourly_station_level_bawana,_delhi_-_dpcc_2025_November_delhi_2025.xlsx",Sheet1,"Bawana, Delhi - DPCC",AQI Hourly,19:00:00,int,unknown,374 | 392 | 378,30,0,0.0,False
"Bawana, Delhi - DPCC/AQI Hourly/aqi_hourly_station_level_bawana,_delhi_-_dpcc_2025_November_delhi_2025.xlsx",Sheet1,"Bawana, Delhi - DPCC",AQI Hourly,20:00:00,int,unknown,380 | 386 | 378,30,0,0.0,False
"Bawana, Delhi - DPCC/AQI Hourly/aqi_hourly_station_level_bawana,_delhi_-_dpcc_2025_November_delhi_2025.xlsx",Sheet1,"Bawana, Delhi - DPCC",AQI Hourly,21:00:00,int,unknown,386 | 383 | 379,30,0,0.0,False
"Bawana, Delhi - DPCC/AQI Hourly/aqi_hourly_station_level_bawana,_delhi_-_dpcc_2025_November_delhi_2025.xlsx",Sheet1,"Bawana, Delhi - DPCC",AQI Hourly,22:00:00,int,unknown,391 | 380 | 382,30,0,0.0,False
"Bawana, Delhi - DPCC/AQI Hourly/aqi_hourly_station_level_bawana,_delhi_-_dpcc_2025_November_delhi_2025.xlsx",Sheet1,"Bawana, Delhi - DPCC",AQI Hourly,23:00:00,int,unknown,396 | 378 | 386,30,0,0.0,False
"Bawana, Delhi - DPCC/AQI Hourly/aqi_hourly_station_level_bawana,_delhi_-_dpcc_2025_October_delhi_2025.xlsx",Sheet1,"Bawana, Delhi - DPCC",AQI Hourly,Date,int,timestamp,1 | 2 | 3,31,0,0.0,False
"Bawana, Delhi - DPCC/AQI Hourly/aqi_hourly_station_level_bawana,_delhi_-_dpcc_2025_October_delhi_2025.xlsx",Sheet1,"Bawana, Delhi - DPCC",AQI Hourly,00:00:00,float,unknown,159.0 | 117.0 | 131.0,31,1,3.23,False
"Bawana, Delhi - DPCC/AQI Hourly/aqi_hourly_station_level_bawana,_delhi_-_dpcc_2025_October_delhi_2025.xlsx",Sheet1,"Bawana, Delhi - DPCC",AQI Hourly,01:00:00,int,unknown,148 | 124 | 127,31,0,0.0,False
"Bawana, Delhi - DPCC/AQI Hourly/aqi_hourly_station_level_bawana,_delhi_-_dpcc_2025_October_delhi_2025.xlsx",Sheet1,"Bawana, Delhi - DPCC",AQI Hourly,02:00:00,int,unknown,141 | 126 | 128,31,0,0.0,False
"Bawana, Delhi - DPCC/AQI Hourly/aqi_hourly_station_level_bawana,_delhi_-_dpcc_2025_October_delhi_2025.xlsx",Sheet1,"Bawana, Delhi - DPCC",AQI Hourly,03:00:00,int,unknown,134 | 128 | 129,31,0,0.0,False
"Bawana, Delhi - DPCC/AQI Hourly/aqi_hourly_station_level_bawana,_delhi_-_dpcc_2025_October_delhi_2025.xlsx",Sheet1,"Bawana, Delhi - DPCC",AQI Hourly,04:00:00,float,unknown,128.0 | 129.0 | 127.0,31,2,6.45,False
"Bawana, Delhi - DPCC/AQI Hourly/aqi_hourly_station_level_bawana,_delhi_-_dpcc_2025_October_delhi_2025.xlsx",Sheet1,"Bawana, Delhi - DPCC",AQI Hourly,05:00:00,int,unknown,121 | 131 | 128,31,0,0.0,False
"Bawana, Delhi - DPCC/AQI Hourly/aqi_hourly_station_level_bawana,_delhi_-_dpcc_2025_October_delhi_2025.xlsx",Sheet1,"Bawana, Delhi - DPCC",AQI Hourly,06:00:00,int,unknown,115 | 138 | 120,31,0,0.0,False
"Bawana, Delhi - DPCC/AQI Hourly/aqi_hourly_station_level_bawana,_delhi_-_dpcc_2025_October_delhi_2025.xlsx",Sheet1,"Bawana, Delhi - DPCC",AQI Hourly,07:00:00,int,unknown,111 | 138 | 117,31,0,0.0,False
"Bawana, Delhi - DPCC/AQI Hourly/aqi_hourly_station_level_bawana,_delhi_-_dpcc_2025_October_delhi_2025.xlsx",Sheet1,"Bawana, Delhi - DPCC",AQI Hourly,08:00:00,int,unknown,107 | 138 | 115,31,0,0.0,False
"Bawana, Delhi - DPCC/AQI Hourly/aqi_hourly_station_level_bawana,_delhi_-_dpcc_2025_October_delhi_2025.xlsx",Sheet1,"Bawana, Delhi - DPCC",AQI Hourly,09:00:00,int,unknown,104 | 138 | 115,31,0,0.0,False
"Bawana, Delhi - DPCC/AQI Hourly/aqi_hourly_station_level_bawana,_delhi_-_dpcc_2025_October_delhi_2025.xlsx",Sheet1,"Bawana, Delhi - DPCC",AQI Hourly,10:00:00,int,unknown,104 | 136 | 115,31,0,0.0,False
"Bawana, Delhi - DPCC/AQI Hourly/aqi_hourly_station_level_bawana,_delhi_-_dpcc_2025_October_delhi_2025.xlsx",Sheet1,"Bawana, Delhi - DPCC",AQI Hourly,11:00:00,int,unknown,100 | 135 | 114,31,0,0.0,False
"Bawana, Delhi - DPCC/AQI Hourly/aqi_hourly_station_level_bawana,_delhi_-_dpcc_2025_October_delhi_2025.xlsx",Sheet1,"Bawana, Delhi - DPCC",AQI Hourly,12:00:00,int,unknown,100 | 135 | 112,31,0,0.0,False
"Bawana, Delhi - DPCC/AQI Hourly/aqi_hourly_station_level_bawana,_delhi_-_dpcc_2025_October_delhi_2025.xlsx",Sheet1,"Bawana, Delhi - DPCC",AQI Hourly,13:00:00,int,unknown,99 | 138 | 109,31,0,0.0,False
"Bawana, Delhi - DPCC/AQI Hourly/aqi_hourly_station_level_bawana,_delhi_-_dpcc_2025_October_delhi_2025.xlsx",Sheet1,"Bawana, Delhi - DPCC",AQI Hourly,14:00:00,int,unknown,100 | 143 | 103,31,0,0.0,False
"Bawana, Delhi - DPCC/AQI Hourly/aqi_hourly_station_level_bawana,_delhi_-_dpcc_2025_October_delhi_2025.xlsx",Sheet1,"Bawana, Delhi - DPCC",AQI Hourly,15:00:00,int,unknown,99 | 146 | 100,31,0,0.0,False
"Bawana, Delhi - DPCC/AQI Hourly/aqi_hourly_station_level_bawana,_delhi_-_dpcc_2025_October_delhi_2025.xlsx",Sheet1,"Bawana, Delhi - DPCC",AQI Hourly,16:00:00,int,unknown,100 | 148 | 98,31,0,0.0,False
"Bawana, Delhi - DPCC/AQI Hourly/aqi_hourly_station_level_bawana,_delhi_-_dpcc_2025_October_delhi_2025.xlsx",Sheet1,"Bawana, Delhi - DPCC",AQI Hourly,17:00:00,float,unknown,101.0 | 148.0 | 98.0,31,1,3.23,False
"Bawana, Delhi - DPCC/AQI Hourly/aqi_hourly_station_level_bawana,_delhi_-_dpcc_2025_October_delhi_2025.xlsx",Sheet1,"Bawana, Delhi - DPCC",AQI Hourly,18:00:00,float,unknown,103.0 | 148.0 | 97.0,31,1,3.23,False
"Bawana, Delhi - DPCC/AQI Hourly/aqi_hourly_station_level_bawana,_delhi_-_dpcc_2025_October_delhi_2025.xlsx",Sheet1,"Bawana, Delhi - DPCC",AQI Hourly,19:00:00,int,unknown,104 | 150 | 97,31,0,0.0,False
"Bawana, Delhi - DPCC/AQI Hourly/aqi_hourly_station_level_bawana,_delhi_-_dpcc_2025_October_delhi_2025.xlsx",Sheet1,"Bawana, Delhi - DPCC",AQI Hourly,20:00:00,int,unknown,104 | 149 | 96,31,0,0.0,False
"Bawana, Delhi - DPCC/AQI Hourly/aqi_hourly_station_level_bawana,_delhi_-_dpcc_2025_October_delhi_2025.xlsx",Sheet1,"Bawana, Delhi - DPCC",AQI Hourly,21:00:00,int,unknown,108 | 145 | 98,31,0,0.0,False
"Bawana, Delhi - DPCC/AQI Hourly/aqi_hourly_station_level_bawana,_delhi_-_dpcc_2025_October_delhi_2025.xlsx",Sheet1,"Bawana, Delhi - DPCC",AQI Hourly,22:00:00,int,unknown,108 | 140 | 102,31,0,0.0,False
"Bawana, Delhi - DPCC/AQI Hourly/aqi_hourly_station_level_bawana,_delhi_-_dpcc_2025_October_delhi_2025.xlsx",Sheet1,"Bawana, Delhi - DPCC",AQI Hourly,23:00:00,float,unknown,111.0 | 135.0 | 107.0,31,1,3.23,False
"Bawana, Delhi - DPCC/AQI Hourly/aqi_hourly_station_level_bawana,_delhi_-_dpcc_2025_September_delhi_2025.xlsx",Sheet1,"Bawana, Delhi - DPCC",AQI Hourly,Date,int,timestamp,1 | 2 | 3,30,0,0.0,False
"Bawana, Delhi - DPCC/AQI Hourly/aqi_hourly_station_level_bawana,_delhi_-_dpcc_2025_September_delhi_2025.xlsx",Sheet1,"Bawana, Delhi - DPCC",AQI Hourly,00:00:00,float,unknown,99.0 | 39.0 | 38.0,30,1,3.33,False
"Bawana, Delhi - DPCC/AQI Hourly/aqi_hourly_station_level_bawana,_delhi_-_dpcc_2025_September_delhi_2025.xlsx",Sheet1,"Bawana, Delhi - DPCC",AQI Hourly,01:00:00,float,unknown,89.0 | 40.0 | 39.0,30,1,3.33,False
"Bawana, Delhi - DPCC/AQI Hourly/aqi_hourly_station_level_bawana,_delhi_-_dpcc_2025_September_delhi_2025.xlsx",Sheet1,"Bawana, Delhi - DPCC",AQI Hourly,02:00:00,float,unknown,80.0 | 42.0 | 41.0,30,2,6.67,False
"Bawana, Delhi - DPCC/AQI Hourly/aqi_hourly_station_level_bawana,_delhi_-_dpcc_2025_September_delhi_2025.xlsx",Sheet1,"Bawana, Delhi - DPCC",AQI Hourly,03:00:00,float,unknown,79.0 | 44.0 | 41.0,30,2,6.67,False
"Bawana, Delhi - DPCC/AQI Hourly/aqi_hourly_station_level_bawana,_delhi_-_dpcc_2025_September_delhi_2025.xlsx",Sheet1,"Bawana, Delhi - DPCC",AQI Hourly,04:00:00,float,unknown,72.0 | 43.0 | 75.0,30,2,6.67,False
"Bawana, Delhi - DPCC/AQI Hourly/aqi_hourly_station_level_bawana,_delhi_-_dpcc_2025_September_delhi_2025.xlsx",Sheet1,"Bawana, Delhi - DPCC",AQI Hourly,05:00:00,float,unknown,69.0 | 46.0 | 73.0,30,2,6.67,False
"Bawana, Delhi - DPCC/AQI Hourly/aqi_hourly_station_level_bawana,_delhi_-_dpcc_2025_September_delhi_2025.xlsx",Sheet1,"Bawana, Delhi - DPCC",AQI Hourly,06:00:00,float,unknown,68.0 | 46.0 | 72.0,30,2,6.67,False
"Bawana, Delhi - DPCC/AQI Hourly/aqi_hourly_station_level_bawana,_delhi_-_dpcc_2025_September_delhi_2025.xlsx",Sheet1,"Bawana, Delhi - DPCC",AQI Hourly,07:00:00,float,unknown,65.0 | 47.0 | 73.0,30,2,6.67,False
"Bawana, Delhi - DPCC/AQI Hourly/aqi_hourly_station_level_bawana,_delhi_-_dpcc_2025_September_delhi_2025.xlsx",Sheet1,"Bawana, Delhi - DPCC",AQI Hourly,08:00:00,float,unknown,63.0 | 47.0 | 73.0,30,2,6.67,False
"Bawana, Delhi - DPCC/AQI Hourly/aqi_hourly_station_level_bawana,_delhi_-_dpcc_2025_September_delhi_2025.xlsx",Sheet1,"Bawana, Delhi - DPCC",AQI Hourly,09:00:00,float,unknown,62.0 | 48.0 | 72.0,30,2,6.67,False
"Bawana, Delhi - DPCC/AQI Hourly/aqi_hourly_station_level_bawana,_delhi_-_dpcc_2025_September_delhi_2025.xlsx",Sheet1,"Bawana, Delhi - DPCC",AQI Hourly,10:00:00,float,unknown,62.0 | 31.0 | 72.0,30,2,6.67,False
"Bawana, Delhi - DPCC/AQI Hourly/aqi_hourly_station_level_bawana,_delhi_-_dpcc_2025_September_delhi_2025.xlsx",Sheet1,"Bawana, Delhi - DPCC",AQI Hourly,11:00:00,float,unknown,60.0 | 31.0 | 51.0,30,2,6.67,False
"Bawana, Delhi - DPCC/AQI Hourly/aqi_hourly_station_level_bawana,_delhi_-_dpcc_2025_September_delhi_2025.xlsx",Sheet1,"Bawana, Delhi - DPCC",AQI Hourly,12:00:00,float,unknown,59.0 | 33.0 | 51.0,30,2,6.67,False
"Bawana, Delhi - DPCC/AQI Hourly/aqi_hourly_station_level_bawana,_delhi_-_dpcc_2025_September_delhi_2025.xlsx",Sheet1,"Bawana, Delhi - DPCC",AQI Hourly,13:00:00,float,unknown,58.0 | 35.0 | 51.0,30,1,3.33,False
"Bawana, Delhi - DPCC/AQI Hourly/aqi_hourly_station_level_bawana,_delhi_-_dpcc_2025_September_delhi_2025.xlsx",Sheet1,"Bawana, Delhi - DPCC",AQI Hourly,14:00:00,float,unknown,57.0 | 39.0 | 49.0,30,1,3.33,False
"Bawana, Delhi - DPCC/AQI Hourly/aqi_hourly_station_level_bawana,_delhi_-_dpcc_2025_September_delhi_2025.xlsx",Sheet1,"Bawana, Delhi - DPCC",AQI Hourly,15:00:00,float,unknown,57.0 | 38.0 | 50.0,30,1,3.33,False
"Bawana, Delhi - DPCC/AQI Hourly/aqi_hourly_station_level_bawana,_delhi_-_dpcc_2025_September_delhi_2025.xlsx",Sheet1,"Bawana, Delhi - DPCC",AQI Hourly,16:00:00,float,unknown,55.0 | 38.0 | 51.0,30,1,3.33,False
"Bawana, Delhi - DPCC/AQI Hourly/aqi_hourly_station_level_bawana,_delhi_-_dpcc_2025_September_delhi_2025.xlsx",Sheet1,"Bawana, Delhi - DPCC",AQI Hourly,17:00:00,float,unknown,53.0 | 37.0 | 53.0,30,1,3.33,False
"Bawana, Delhi - DPCC/AQI Hourly/aqi_hourly_station_level_bawana,_delhi_-_dpcc_2025_September_delhi_2025.xlsx",Sheet1,"Bawana, Delhi - DPCC",AQI Hourly,18:00:00,float,unknown,50.0 | 38.0 | 53.0,30,2,6.67,False
"Bawana, Delhi - DPCC/AQI Hourly/aqi_hourly_station_level_bawana,_delhi_-_dpcc_2025_September_delhi_2025.xlsx",Sheet1,"Bawana, Delhi - DPCC",AQI Hourly,19:00:00,float,unknown,47.0 | 38.0 | 55.0,30,1,3.33,False
"Bawana, Delhi - DPCC/AQI Hourly/aqi_hourly_station_level_bawana,_delhi_-_dpcc_2025_September_delhi_2025.xlsx",Sheet1,"Bawana, Delhi - DPCC",AQI Hourly,20:00:00,float,unknown,43.0 | 38.0 | 56.0,30,1,3.33,False
"Bawana, Delhi - DPCC/AQI Hourly/aqi_hourly_station_level_bawana,_delhi_-_dpcc_2025_September_delhi_2025.xlsx",Sheet1,"Bawana, Delhi - DPCC",AQI Hourly,21:00:00,float,unknown,42.0 | 38.0 | 59.0,30,1,3.33,False
"Bawana, Delhi - DPCC/AQI Hourly/aqi_hourly_station_level_bawana,_delhi_-_dpcc_2025_September_delhi_2025.xlsx",Sheet1,"Bawana, Delhi - DPCC",AQI Hourly,22:00:00,float,unknown,41.0 | 37.0 | 64.0,30,1,3.33,False
"Bawana, Delhi - DPCC/AQI Hourly/aqi_hourly_station_level_bawana,_delhi_-_dpcc_2025_September_delhi_2025.xlsx",Sheet1,"Bawana, Delhi - DPCC",AQI Hourly,23:00:00,float,unknown,40.0 | 38.0 | 66.0,30,2,6.67,False
"Bawana, Delhi - DPCC/Raw Data/2024_raw_data_hourly_bawana,_delhi_-_dpcc_1H.csv",sheet1,"Bawana, Delhi - DPCC",Raw Data,Timestamp,object/string,timestamp,2024-01-01 00:00:00 | 2024-01-01 01:00:00 | 2024-01-01 02:00:00,8784,0,0.0,False
"Bawana, Delhi - DPCC/Raw Data/2024_raw_data_hourly_bawana,_delhi_-_dpcc_1H.csv",sheet1,"Bawana, Delhi - DPCC",Raw Data,PM2.5 (µg/m³),float,PM2.5,172.0 | 183.0 | 160.0,8784,178,2.03,False
"Bawana, Delhi - DPCC/Raw Data/2024_raw_data_hourly_bawana,_delhi_-_dpcc_1H.csv",sheet1,"Bawana, Delhi - DPCC",Raw Data,PM10 (µg/m³),float,PM10,276.0 | 285.0 | 244.0,8784,153,1.74,False
"Bawana, Delhi - DPCC/Raw Data/2024_raw_data_hourly_bawana,_delhi_-_dpcc_1H.csv",sheet1,"Bawana, Delhi - DPCC",Raw Data,NO (µg/m³),float,NO,2.12 | 2.98 | 2.65,8784,146,1.66,False
"Bawana, Delhi - DPCC/Raw Data/2024_raw_data_hourly_bawana,_delhi_-_dpcc_1H.csv",sheet1,"Bawana, Delhi - DPCC",Raw Data,NO2 (µg/m³),float,NO2,11.78 | 9.15 | 9.82,8784,130,1.48,False
"Bawana, Delhi - DPCC/Raw Data/2024_raw_data_hourly_bawana,_delhi_-_dpcc_1H.csv",sheet1,"Bawana, Delhi - DPCC",Raw Data,NOx (ppb),float,NOx,13.92 | 12.1 | 12.48,8784,128,1.46,False
"Bawana, Delhi - DPCC/Raw Data/2024_raw_data_hourly_bawana,_delhi_-_dpcc_1H.csv",sheet1,"Bawana, Delhi - DPCC",Raw Data,NH3 (µg/m³),float,NH3,45.05 | 53.45 | 45.0,8784,132,1.5,False
"Bawana, Delhi - DPCC/Raw Data/2024_raw_data_hourly_bawana,_delhi_-_dpcc_1H.csv",sheet1,"Bawana, Delhi - DPCC",Raw Data,SO2 (µg/m³),float,SO2,1.92 | 1.88 | 1.85,8784,177,2.02,False
"Bawana, Delhi - DPCC/Raw Data/2024_raw_data_hourly_bawana,_delhi_-_dpcc_1H.csv",sheet1,"Bawana, Delhi - DPCC",Raw Data,CO (mg/m³),float,CO,1.1 | 1.02 | 1.0,8784,148,1.68,False
"Bawana, Delhi - DPCC/Raw Data/2024_raw_data_hourly_bawana,_delhi_-_dpcc_1H.csv",sheet1,"Bawana, Delhi - DPCC",Raw Data,Ozone (µg/m³),float,O3,9.15 | 9.2 | 7.25,8784,145,1.65,False
"Bawana, Delhi - DPCC/Raw Data/2024_raw_data_hourly_bawana,_delhi_-_dpcc_1H.csv",sheet1,"Bawana, Delhi - DPCC",Raw Data,Benzene (µg/m³),float,Benzene,3.6 | 3.4 | 3.38,8784,109,1.24,False
"Bawana, Delhi - DPCC/Raw Data/2024_raw_data_hourly_bawana,_delhi_-_dpcc_1H.csv",sheet1,"Bawana, Delhi - DPCC",Raw Data,Toluene (µg/m³),float,Toluene,59.5 | 68.72 | 72.47,8784,109,1.24,False
"Bawana, Delhi - DPCC/Raw Data/2024_raw_data_hourly_bawana,_delhi_-_dpcc_1H.csv",sheet1,"Bawana, Delhi - DPCC",Raw Data,Xylene (µg/m³),float,Xylene,,8784,8784,100.0,True
"Bawana, Delhi - DPCC/Raw Data/2024_raw_data_hourly_bawana,_delhi_-_dpcc_1H.csv",sheet1,"Bawana, Delhi - DPCC",Raw Data,O Xylene (µg/m³),float,Xylene,,8784,8784,100.0,True
"Bawana, Delhi - DPCC/Raw Data/2024_raw_data_hourly_bawana,_delhi_-_dpcc_1H.csv",sheet1,"Bawana, Delhi - DPCC",Raw Data,Eth-Benzene (µg/m³),float,Benzene,,8784,8784,100.0,True
"Bawana, Delhi - DPCC/Raw Data/2024_raw_data_hourly_bawana,_delhi_-_dpcc_1H.csv",sheet1,"Bawana, Delhi - DPCC",Raw Data,MP-Xylene (µg/m³),float,Xylene,,8784,8784,100.0,True
"Bawana, Delhi - DPCC/Raw Data/2024_raw_data_hourly_bawana,_delhi_-_dpcc_1H.csv",sheet1,"Bawana, Delhi - DPCC",Raw Data,AT (°C),float,Temp_C,11.62 | 11.58 | 11.6,8784,37,0.42,False
"Bawana, Delhi - DPCC/Raw Data/2024_raw_data_hourly_bawana,_delhi_-_dpcc_1H.csv",sheet1,"Bawana, Delhi - DPCC",Raw Data,RH (%),float,RH_pct,79.38 | 79.65 | 79.88,8784,37,0.42,False
"Bawana, Delhi - DPCC/Raw Data/2024_raw_data_hourly_bawana,_delhi_-_dpcc_1H.csv",sheet1,"Bawana, Delhi - DPCC",Raw Data,WS (m/s),float,WindSpeed,0.65 | 0.57 | 0.4,8784,411,4.68,False
"Bawana, Delhi - DPCC/Raw Data/2024_raw_data_hourly_bawana,_delhi_-_dpcc_1H.csv",sheet1,"Bawana, Delhi - DPCC",Raw Data,WD (deg),float,WindDir,342.83 | 258.95 | 164.08,8784,149,1.7,False
"Bawana, Delhi - DPCC/Raw Data/2024_raw_data_hourly_bawana,_delhi_-_dpcc_1H.csv",sheet1,"Bawana, Delhi - DPCC",Raw Data,RF (mm),float,Rainfall,0.0 | 0.0 | 0.0,8784,37,0.42,False
"Bawana, Delhi - DPCC/Raw Data/2024_raw_data_hourly_bawana,_delhi_-_dpcc_1H.csv",sheet1,"Bawana, Delhi - DPCC",Raw Data,TOT-RF (mm),float,TotalRainfall,0.0 | 0.0 | 0.0,8784,0,0.0,False
"Bawana, Delhi - DPCC/Raw Data/2024_raw_data_hourly_bawana,_delhi_-_dpcc_1H.csv",sheet1,"Bawana, Delhi - DPCC",Raw Data,SR (W/mt2),float,SolarRad,5.78 | 5.75 | 5.7,8784,37,0.42,False
"Bawana, Delhi - DPCC/Raw Data/2024_raw_data_hourly_bawana,_delhi_-_dpcc_1H.csv",sheet1,"Bawana, Delhi - DPCC",Raw Data,BP (mmHg),float,BaroPressure,988.12 | 988.15 | 988.15,8784,37,0.42,False
"Bawana, Delhi - DPCC/Raw Data/2024_raw_data_hourly_bawana,_delhi_-_dpcc_1H.csv",sheet1,"Bawana, Delhi - DPCC",Raw Data,VWS (m/s),float,VWS,,8784,8784,100.0,True
"Bawana, Delhi - DPCC/Raw Data/2025_raw_data_hourly_bawana,_delhi_-_dpcc_1H.csv",sheet1,"Bawana, Delhi - DPCC",Raw Data,Timestamp,object/string,timestamp,2025-01-01 00:00:00 | 2025-01-01 01:00:00 | 2025-01-01 02:00:00,8760,0,0.0,False
"Bawana, Delhi - DPCC/Raw Data/2025_raw_data_hourly_bawana,_delhi_-_dpcc_1H.csv",sheet1,"Bawana, Delhi - DPCC",Raw Data,PM2.5 (µg/m³),float,PM2.5,362.0 | 351.0 | 202.0,8760,200,2.28,False
"Bawana, Delhi - DPCC/Raw Data/2025_raw_data_hourly_bawana,_delhi_-_dpcc_1H.csv",sheet1,"Bawana, Delhi - DPCC",Raw Data,PM10 (µg/m³),float,PM10,478.0 | 461.0 | 261.0,8760,185,2.11,False
"Bawana, Delhi - DPCC/Raw Data/2025_raw_data_hourly_bawana,_delhi_-_dpcc_1H.csv",sheet1,"Bawana, Delhi - DPCC",Raw Data,NO (µg/m³),float,NO,29.77 | 23.02 | 17.5,8760,128,1.46,False
"Bawana, Delhi - DPCC/Raw Data/2025_raw_data_hourly_bawana,_delhi_-_dpcc_1H.csv",sheet1,"Bawana, Delhi - DPCC",Raw Data,NO2 (µg/m³),float,NO2,22.83 | 22.4 | 22.2,8760,57,0.65,False
"Bawana, Delhi - DPCC/Raw Data/2025_raw_data_hourly_bawana,_delhi_-_dpcc_1H.csv",sheet1,"Bawana, Delhi - DPCC",Raw Data,NOx (ppb),float,NOx,36.37 | 30.62 | 26.1,8760,41,0.47,False
"Bawana, Delhi - DPCC/Raw Data/2025_raw_data_hourly_bawana,_delhi_-_dpcc_1H.csv",sheet1,"Bawana, Delhi - DPCC",Raw Data,NH3 (µg/m³),float,NH3,30.8 | 31.0 | 32.6,8760,49,0.56,False
"Bawana, Delhi - DPCC/Raw Data/2025_raw_data_hourly_bawana,_delhi_-_dpcc_1H.csv",sheet1,"Bawana, Delhi - DPCC",Raw Data,SO2 (µg/m³),float,SO2,8.5 | 8.1 | 8.0,8760,95,1.08,False
"Bawana, Delhi - DPCC/Raw Data/2025_raw_data_hourly_bawana,_delhi_-_dpcc_1H.csv",sheet1,"Bawana, Delhi - DPCC",Raw Data,CO (mg/m³),float,CO,1.66 | 1.25 | 1.15,8760,100,1.14,False
"Bawana, Delhi - DPCC/Raw Data/2025_raw_data_hourly_bawana,_delhi_-_dpcc_1H.csv",sheet1,"Bawana, Delhi - DPCC",Raw Data,Ozone (µg/m³),float,O3,4.57 | 4.7 | 7.85,8760,82,0.94,False
"Bawana, Delhi - DPCC/Raw Data/2025_raw_data_hourly_bawana,_delhi_-_dpcc_1H.csv",sheet1,"Bawana, Delhi - DPCC",Raw Data,Benzene (µg/m³),float,Benzene,3.17 | 2.85 | 2.22,8760,86,0.98,False
"Bawana, Delhi - DPCC/Raw Data/2025_raw_data_hourly_bawana,_delhi_-_dpcc_1H.csv",sheet1,"Bawana, Delhi - DPCC",Raw Data,Toluene (µg/m³),float,Toluene,47.63 | 33.2 | 17.55,8760,84,0.96,False
"Bawana, Delhi - DPCC/Raw Data/2025_raw_data_hourly_bawana,_delhi_-_dpcc_1H.csv",sheet1,"Bawana, Delhi - DPCC",Raw Data,Xylene (µg/m³),float,Xylene,,8760,8760,100.0,True
"Bawana, Delhi - DPCC/Raw Data/2025_raw_data_hourly_bawana,_delhi_-_dpcc_1H.csv",sheet1,"Bawana, Delhi - DPCC",Raw Data,O Xylene (µg/m³),float,Xylene,,8760,8760,100.0,True
"Bawana, Delhi - DPCC/Raw Data/2025_raw_data_hourly_bawana,_delhi_-_dpcc_1H.csv",sheet1,"Bawana, Delhi - DPCC",Raw Data,Eth-Benzene (µg/m³),float,Benzene,,8760,8760,100.0,True
"Bawana, Delhi - DPCC/Raw Data/2025_raw_data_hourly_bawana,_delhi_-_dpcc_1H.csv",sheet1,"Bawana, Delhi - DPCC",Raw Data,MP-Xylene (µg/m³),float,Xylene,,8760,8760,100.0,True
"Bawana, Delhi - DPCC/Raw Data/2025_raw_data_hourly_bawana,_delhi_-_dpcc_1H.csv",sheet1,"Bawana, Delhi - DPCC",Raw Data,AT (°C),float,Temp_C,11.73 | 11.5 | 11.75,8760,36,0.41,False
"Bawana, Delhi - DPCC/Raw Data/2025_raw_data_hourly_bawana,_delhi_-_dpcc_1H.csv",sheet1,"Bawana, Delhi - DPCC",Raw Data,RH (%),float,RH_pct,90.0 | 90.0 | 90.0,8760,36,0.41,False
"Bawana, Delhi - DPCC/Raw Data/2025_raw_data_hourly_bawana,_delhi_-_dpcc_1H.csv",sheet1,"Bawana, Delhi - DPCC",Raw Data,WS (m/s),float,WindSpeed,0.53 | 0.62 | 0.65,8760,518,5.91,False
"Bawana, Delhi - DPCC/Raw Data/2025_raw_data_hourly_bawana,_delhi_-_dpcc_1H.csv",sheet1,"Bawana, Delhi - DPCC",Raw Data,WD (deg),float,WindDir,208.0 | 193.5 | 165.0,8760,200,2.28,False
"Bawana, Delhi - DPCC/Raw Data/2025_raw_data_hourly_bawana,_delhi_-_dpcc_1H.csv",sheet1,"Bawana, Delhi - DPCC",Raw Data,RF (mm),float,Rainfall,0.0 | 0.0 | 0.0,8760,36,0.41,False
"Bawana, Delhi - DPCC/Raw Data/2025_raw_data_hourly_bawana,_delhi_-_dpcc_1H.csv",sheet1,"Bawana, Delhi - DPCC",Raw Data,TOT-RF (mm),float,TotalRainfall,0.0 | 0.0 | 0.0,8760,0,0.0,False
"Bawana, Delhi - DPCC/Raw Data/2025_raw_data_hourly_bawana,_delhi_-_dpcc_1H.csv",sheet1,"Bawana, Delhi - DPCC",Raw Data,SR (W/mt2),float,SolarRad,5.67 | 5.75 | 5.75,8760,36,0.41,False
"Bawana, Delhi - DPCC/Raw Data/2025_raw_data_hourly_bawana,_delhi_-_dpcc_1H.csv",sheet1,"Bawana, Delhi - DPCC",Raw Data,BP (mmHg),float,BaroPressure,999.0 | 999.0 | 999.0,8760,36,0.41,False
"Bawana, Delhi - DPCC/Raw Data/2025_raw_data_hourly_bawana,_delhi_-_dpcc_1H.csv",sheet1,"Bawana, Delhi - DPCC",Raw Data,VWS (m/s),float,VWS,,8760,8760,100.0,True
"Bawana, Delhi - DPCC/Raw Data/2026_raw_data_hourly_bawana,_delhi_-_dpcc_1H.csv",sheet1,"Bawana, Delhi - DPCC",Raw Data,Timestamp,object/string,timestamp,2026-01-01 00:00:00 | 2026-01-01 01:00:00 | 2026-01-01 02:00:00,5088,0,0.0,False
"Bawana, Delhi - DPCC/Raw Data/2026_raw_data_hourly_bawana,_delhi_-_dpcc_1H.csv",sheet1,"Bawana, Delhi - DPCC",Raw Data,PM2.5 (µg/m³),float,PM2.5,210.0 | 221.0 | 235.0,5088,312,6.13,False
"Bawana, Delhi - DPCC/Raw Data/2026_raw_data_hourly_bawana,_delhi_-_dpcc_1H.csv",sheet1,"Bawana, Delhi - DPCC",Raw Data,PM10 (µg/m³),float,PM10,354.0 | 356.0 | 362.0,5088,242,4.76,False
"Bawana, Delhi - DPCC/Raw Data/2026_raw_data_hourly_bawana,_delhi_-_dpcc_1H.csv",sheet1,"Bawana, Delhi - DPCC",Raw Data,NO (µg/m³),float,NO,1.67 | 0.5 | 1.0,5088,220,4.32,False
"Bawana, Delhi - DPCC/Raw Data/2026_raw_data_hourly_bawana,_delhi_-_dpcc_1H.csv",sheet1,"Bawana, Delhi - DPCC",Raw Data,NO2 (µg/m³),float,NO2,28.67 | 28.5 | 26.0,5088,162,3.18,False
"Bawana, Delhi - DPCC/Raw Data/2026_raw_data_hourly_bawana,_delhi_-_dpcc_1H.csv",sheet1,"Bawana, Delhi - DPCC",Raw Data,NOx (ppb),float,NOx,17.0 | 15.75 | 15.0,5088,162,3.18,False
"Bawana, Delhi - DPCC/Raw Data/2026_raw_data_hourly_bawana,_delhi_-_dpcc_1H.csv",sheet1,"Bawana, Delhi - DPCC",Raw Data,NH3 (µg/m³),float,NH3,52.33 | 54.0 | 55.0,5088,167,3.28,False
"Bawana, Delhi - DPCC/Raw Data/2026_raw_data_hourly_bawana,_delhi_-_dpcc_1H.csv",sheet1,"Bawana, Delhi - DPCC",Raw Data,SO2 (µg/m³),float,SO2,5.67 | 6.0 | 6.0,5088,163,3.2,False
"Bawana, Delhi - DPCC/Raw Data/2026_raw_data_hourly_bawana,_delhi_-_dpcc_1H.csv",sheet1,"Bawana, Delhi - DPCC",Raw Data,CO (mg/m³),float,CO,1.0 | 1.0 | 1.0,5088,176,3.46,False
"Bawana, Delhi - DPCC/Raw Data/2026_raw_data_hourly_bawana,_delhi_-_dpcc_1H.csv",sheet1,"Bawana, Delhi - DPCC",Raw Data,Ozone (µg/m³),float,O3,7.0 | 8.0 | 8.5,5088,158,3.11,False
"Bawana, Delhi - DPCC/Raw Data/2026_raw_data_hourly_bawana,_delhi_-_dpcc_1H.csv",sheet1,"Bawana, Delhi - DPCC",Raw Data,Benzene (µg/m³),float,Benzene,5.0 | 4.25 | 4.0,5088,205,4.03,False
"Bawana, Delhi - DPCC/Raw Data/2026_raw_data_hourly_bawana,_delhi_-_dpcc_1H.csv",sheet1,"Bawana, Delhi - DPCC",Raw Data,Toluene (µg/m³),float,Toluene,10.67 | 9.0 | 7.5,5088,205,4.03,False
"Bawana, Delhi - DPCC/Raw Data/2026_raw_data_hourly_bawana,_delhi_-_dpcc_1H.csv",sheet1,"Bawana, Delhi - DPCC",Raw Data,Xylene (µg/m³),float,Xylene,,5088,5088,100.0,True
"Bawana, Delhi - DPCC/Raw Data/2026_raw_data_hourly_bawana,_delhi_-_dpcc_1H.csv",sheet1,"Bawana, Delhi - DPCC",Raw Data,O Xylene (µg/m³),float,Xylene,1.33 | 1.0 | 1.0,5088,637,12.52,False
"Bawana, Delhi - DPCC/Raw Data/2026_raw_data_hourly_bawana,_delhi_-_dpcc_1H.csv",sheet1,"Bawana, Delhi - DPCC",Raw Data,Eth-Benzene (µg/m³),float,Benzene,2.0 | 1.25 | 1.0,5088,651,12.79,False
"Bawana, Delhi - DPCC/Raw Data/2026_raw_data_hourly_bawana,_delhi_-_dpcc_1H.csv",sheet1,"Bawana, Delhi - DPCC",Raw Data,MP-Xylene (µg/m³),float,Xylene,0.67 | 0.0 | 0.0,5088,647,12.72,False
"Bawana, Delhi - DPCC/Raw Data/2026_raw_data_hourly_bawana,_delhi_-_dpcc_1H.csv",sheet1,"Bawana, Delhi - DPCC",Raw Data,AT (°C),float,Temp_C,13.0 | 13.0 | 13.0,5088,172,3.38,False
"Bawana, Delhi - DPCC/Raw Data/2026_raw_data_hourly_bawana,_delhi_-_dpcc_1H.csv",sheet1,"Bawana, Delhi - DPCC",Raw Data,RH (%),float,RH_pct,90.33 | 90.0 | 89.75,5088,172,3.38,False
"Bawana, Delhi - DPCC/Raw Data/2026_raw_data_hourly_bawana,_delhi_-_dpcc_1H.csv",sheet1,"Bawana, Delhi - DPCC",Raw Data,WS (m/s),float,WindSpeed,1.67 | 1.75 | 1.75,5088,172,3.38,False
"Bawana, Delhi - DPCC/Raw Data/2026_raw_data_hourly_bawana,_delhi_-_dpcc_1H.csv",sheet1,"Bawana, Delhi - DPCC",Raw Data,WD (deg),float,WindDir,128.33 | 137.5 | 163.5,5088,172,3.38,False
"Bawana, Delhi - DPCC/Raw Data/2026_raw_data_hourly_bawana,_delhi_-_dpcc_1H.csv",sheet1,"Bawana, Delhi - DPCC",Raw Data,RF (mm),float,Rainfall,0.0 | 0.0 | 0.0,5088,172,3.38,False
"Bawana, Delhi - DPCC/Raw Data/2026_raw_data_hourly_bawana,_delhi_-_dpcc_1H.csv",sheet1,"Bawana, Delhi - DPCC",Raw Data,TOT-RF (mm),float,TotalRainfall,0.0 | 0.0 | 0.0,5088,172,3.38,False
"Bawana, Delhi - DPCC/Raw Data/2026_raw_data_hourly_bawana,_delhi_-_dpcc_1H.csv",sheet1,"Bawana, Delhi - DPCC",Raw Data,SR (W/mt2),float,SolarRad,5.0 | 5.0 | 5.0,5088,172,3.38,False
"Bawana, Delhi - DPCC/Raw Data/2026_raw_data_hourly_bawana,_delhi_-_dpcc_1H.csv",sheet1,"Bawana, Delhi - DPCC",Raw Data,BP (mmHg),float,BaroPressure,997.0 | 997.0 | 997.0,5088,172,3.38,False
"Bawana, Delhi - DPCC/Raw Data/2026_raw_data_hourly_bawana,_delhi_-_dpcc_1H.csv",sheet1,"Bawana, Delhi - DPCC",Raw Data,VWS (m/s),float,VWS,,5088,5088,100.0,True
"Dwarka-Sector 8, Delhi - DPCC/AQI Hourly/aqi_hourly_station_level_dwarka-sector_8,_delhi_-_dpcc__2025_April_delhi_2025.xlsx",Sheet1,"Dwarka-Sector 8, Delhi - DPCC",AQI Hourly,Date,int,timestamp,1 | 2 | 3,30,0,0.0,False
"Dwarka-Sector 8, Delhi - DPCC/AQI Hourly/aqi_hourly_station_level_dwarka-sector_8,_delhi_-_dpcc__2025_April_delhi_2025.xlsx",Sheet1,"Dwarka-Sector 8, Delhi - DPCC",AQI Hourly,00:00:00,int,unknown,176 | 186 | 274,30,0,0.0,False
"Dwarka-Sector 8, Delhi - DPCC/AQI Hourly/aqi_hourly_station_level_dwarka-sector_8,_delhi_-_dpcc__2025_April_delhi_2025.xlsx",Sheet1,"Dwarka-Sector 8, Delhi - DPCC",AQI Hourly,01:00:00,int,unknown,170 | 188 | 285,30,0,0.0,False
"Dwarka-Sector 8, Delhi - DPCC/AQI Hourly/aqi_hourly_station_level_dwarka-sector_8,_delhi_-_dpcc__2025_April_delhi_2025.xlsx",Sheet1,"Dwarka-Sector 8, Delhi - DPCC",AQI Hourly,02:00:00,int,unknown,165 | 193 | 287,30,0,0.0,False
"Dwarka-Sector 8, Delhi - DPCC/AQI Hourly/aqi_hourly_station_level_dwarka-sector_8,_delhi_-_dpcc__2025_April_delhi_2025.xlsx",Sheet1,"Dwarka-Sector 8, Delhi - DPCC",AQI Hourly,03:00:00,float,unknown,161.0 | 198.0 | 285.0,30,1,3.33,False
"Dwarka-Sector 8, Delhi - DPCC/AQI Hourly/aqi_hourly_station_level_dwarka-sector_8,_delhi_-_dpcc__2025_April_delhi_2025.xlsx",Sheet1,"Dwarka-Sector 8, Delhi - DPCC",AQI Hourly,04:00:00,float,unknown,154.0 | 204.0 | 281.0,30,2,6.67,False
"Dwarka-Sector 8, Delhi - DPCC/AQI Hourly/aqi_hourly_station_level_dwarka-sector_8,_delhi_-_dpcc__2025_April_delhi_2025.xlsx",Sheet1,"Dwarka-Sector 8, Delhi - DPCC",AQI Hourly,05:00:00,int,unknown,151 | 213 | 273,30,0,0.0,False
"Dwarka-Sector 8, Delhi - DPCC/AQI Hourly/aqi_hourly_station_level_dwarka-sector_8,_delhi_-_dpcc__2025_April_delhi_2025.xlsx",Sheet1,"Dwarka-Sector 8, Delhi - DPCC",AQI Hourly,06:00:00,int,unknown,147 | 223 | 263,30,0,0.0,False
"Dwarka-Sector 8, Delhi - DPCC/AQI Hourly/aqi_hourly_station_level_dwarka-sector_8,_delhi_-_dpcc__2025_April_delhi_2025.xlsx",Sheet1,"Dwarka-Sector 8, Delhi - DPCC",AQI Hourly,07:00:00,int,unknown,150 | 228 | 254,30,0,0.0,False
"Dwarka-Sector 8, Delhi - DPCC/AQI Hourly/aqi_hourly_station_level_dwarka-sector_8,_delhi_-_dpcc__2025_April_delhi_2025.xlsx",Sheet1,"Dwarka-Sector 8, Delhi - DPCC",AQI Hourly,08:00:00,int,unknown,152 | 236 | 254,30,0,0.0,False
"Dwarka-Sector 8, Delhi - DPCC/AQI Hourly/aqi_hourly_station_level_dwarka-sector_8,_delhi_-_dpcc__2025_April_delhi_2025.xlsx",Sheet1,"Dwarka-Sector 8, Delhi - DPCC",AQI Hourly,09:00:00,int,unknown,151 | 237 | 260,30,0,0.0,False
"Dwarka-Sector 8, Delhi - DPCC/AQI Hourly/aqi_hourly_station_level_dwarka-sector_8,_delhi_-_dpcc__2025_April_delhi_2025.xlsx",Sheet1,"Dwarka-Sector 8, Delhi - DPCC",AQI Hourly,10:00:00,int,unknown,149 | 238 | 263,30,0,0.0,False
"Dwarka-Sector 8, Delhi - DPCC/AQI Hourly/aqi_hourly_station_level_dwarka-sector_8,_delhi_-_dpcc__2025_April_delhi_2025.xlsx",Sheet1,"Dwarka-Sector 8, Delhi - DPCC",AQI Hourly,11:00:00,float,unknown,148.0 | 244.0 | 265.0,30,1,3.33,False
"Dwarka-Sector 8, Delhi - DPCC/AQI Hourly/aqi_hourly_station_level_dwarka-sector_8,_delhi_-_dpcc__2025_April_delhi_2025.xlsx",Sheet1,"Dwarka-Sector 8, Delhi - DPCC",AQI Hourly,12:00:00,int,unknown,150 | 248 | 261,30,0,0.0,False
"Dwarka-Sector 8, Delhi - DPCC/AQI Hourly/aqi_hourly_station_level_dwarka-sector_8,_delhi_-_dpcc__2025_April_delhi_2025.xlsx",Sheet1,"Dwarka-Sector 8, Delhi - DPCC",AQI Hourly,13:00:00,float,unknown,150.0 | 248.0 | 256.0,30,1,3.33,False
"Dwarka-Sector 8, Delhi - DPCC/AQI Hourly/aqi_hourly_station_level_dwarka-sector_8,_delhi_-_dpcc__2025_April_delhi_2025.xlsx",Sheet1,"Dwarka-Sector 8, Delhi - DPCC",AQI Hourly,14:00:00,int,unknown,149 | 249 | 266,30,0,0.0,False
"Dwarka-Sector 8, Delhi - DPCC/AQI Hourly/aqi_hourly_station_level_dwarka-sector_8,_delhi_-_dpcc__2025_April_delhi_2025.xlsx",Sheet1,"Dwarka-Sector 8, Delhi - DPCC",AQI Hourly,15:00:00,int,unknown,149 | 249 | 265,30,0,0.0,False
"Dwarka-Sector 8, Delhi - DPCC/AQI Hourly/aqi_hourly_station_level_dwarka-sector_8,_delhi_-_dpcc__2025_April_delhi_2025.xlsx",Sheet1,"Dwarka-Sector 8, Delhi - DPCC",AQI Hourly,16:00:00,int,unknown,150 | 248 | 266,30,0,0.0,False
"Dwarka-Sector 8, Delhi - DPCC/AQI Hourly/aqi_hourly_station_level_dwarka-sector_8,_delhi_-_dpcc__2025_April_delhi_2025.xlsx",Sheet1,"Dwarka-Sector 8, Delhi - DPCC",AQI Hourly,17:00:00,int,unknown,151 | 248 | 266,30,0,0.0,False
"Dwarka-Sector 8, Delhi - DPCC/AQI Hourly/aqi_hourly_station_level_dwarka-sector_8,_delhi_-_dpcc__2025_April_delhi_2025.xlsx",Sheet1,"Dwarka-Sector 8, Delhi - DPCC",AQI Hourly,18:00:00,float,unknown,153.0 | 247.0 | 265.0,30,1,3.33,False
"Dwarka-Sector 8, Delhi - DPCC/AQI Hourly/aqi_hourly_station_level_dwarka-sector_8,_delhi_-_dpcc__2025_April_delhi_2025.xlsx",Sheet1,"Dwarka-Sector 8, Delhi - DPCC",AQI Hourly,19:00:00,float,unknown,155.0 | 260.0 | 259.0,30,1,3.33,False
"Dwarka-Sector 8, Delhi - DPCC/AQI Hourly/aqi_hourly_station_level_dwarka-sector_8,_delhi_-_dpcc__2025_April_delhi_2025.xlsx",Sheet1,"Dwarka-Sector 8, Delhi - DPCC",AQI Hourly,20:00:00,int,unknown,157 | 252 | 273,30,0,0.0,False
"Dwarka-Sector 8, Delhi - DPCC/AQI Hourly/aqi_hourly_station_level_dwarka-sector_8,_delhi_-_dpcc__2025_April_delhi_2025.xlsx",Sheet1,"Dwarka-Sector 8, Delhi - DPCC",AQI Hourly,21:00:00,int,unknown,159 | 258 | 279,30,0,0.0,False
"Dwarka-Sector 8, Delhi - DPCC/AQI Hourly/aqi_hourly_station_level_dwarka-sector_8,_delhi_-_dpcc__2025_April_delhi_2025.xlsx",Sheet1,"Dwarka-Sector 8, Delhi - DPCC",AQI Hourly,22:00:00,float,unknown,170.0 | 258.0 | 271.0,30,1,3.33,False
"Dwarka-Sector 8, Delhi - DPCC/AQI Hourly/aqi_hourly_station_level_dwarka-sector_8,_delhi_-_dpcc__2025_April_delhi_2025.xlsx",Sheet1,"Dwarka-Sector 8, Delhi - DPCC",AQI Hourly,23:00:00,int,unknown,179 | 266 | 260,30,0,0.0,False
"Dwarka-Sector 8, Delhi - DPCC/AQI Hourly/aqi_hourly_station_level_dwarka-sector_8,_delhi_-_dpcc__2025_August_delhi_2025.xlsx",Sheet1,"Dwarka-Sector 8, Delhi - DPCC",AQI Hourly,Date,int,timestamp,1 | 2 | 3,31,0,0.0,False
"Dwarka-Sector 8, Delhi - DPCC/AQI Hourly/aqi_hourly_station_level_dwarka-sector_8,_delhi_-_dpcc__2025_August_delhi_2025.xlsx",Sheet1,"Dwarka-Sector 8, Delhi - DPCC",AQI Hourly,00:00:00,float,unknown,67.0 | 69.0 | 103.0,31,3,9.68,False
"Dwarka-Sector 8, Delhi - DPCC/AQI Hourly/aqi_hourly_station_level_dwarka-sector_8,_delhi_-_dpcc__2025_August_delhi_2025.xlsx",Sheet1,"Dwarka-Sector 8, Delhi - DPCC",AQI Hourly,01:00:00,float,unknown,68.0 | 72.0 | 100.0,31,2,6.45,False
"Dwarka-Sector 8, Delhi - DPCC/AQI Hourly/aqi_hourly_station_level_dwarka-sector_8,_delhi_-_dpcc__2025_August_delhi_2025.xlsx",Sheet1,"Dwarka-Sector 8, Delhi - DPCC",AQI Hourly,02:00:00,float,unknown,68.0 | 75.0 | 98.0,31,1,3.23,False
"Dwarka-Sector 8, Delhi - DPCC/AQI Hourly/aqi_hourly_station_level_dwarka-sector_8,_delhi_-_dpcc__2025_August_delhi_2025.xlsx",Sheet1,"Dwarka-Sector 8, Delhi - DPCC",AQI Hourly,03:00:00,float,unknown,66.0 | 78.0 | 94.0,31,3,9.68,False
"Dwarka-Sector 8, Delhi - DPCC/AQI Hourly/aqi_hourly_station_level_dwarka-sector_8,_delhi_-_dpcc__2025_August_delhi_2025.xlsx",Sheet1,"Dwarka-Sector 8, Delhi - DPCC",AQI Hourly,04:00:00,float,unknown,61.0 | 78.0 | 91.0,31,1,3.23,False
"Dwarka-Sector 8, Delhi - DPCC/AQI Hourly/aqi_hourly_station_level_dwarka-sector_8,_delhi_-_dpcc__2025_August_delhi_2025.xlsx",Sheet1,"Dwarka-Sector 8, Delhi - DPCC",AQI Hourly,05:00:00,float,unknown,55.0 | 78.0 | 89.0,31,2,6.45,False
"Dwarka-Sector 8, Delhi - DPCC/AQI Hourly/aqi_hourly_station_level_dwarka-sector_8,_delhi_-_dpcc__2025_August_delhi_2025.xlsx",Sheet1,"Dwarka-Sector 8, Delhi - DPCC",AQI Hourly,06:00:00,float,unknown,49.0 | 82.0 | 86.0,31,1,3.23,False
"Dwarka-Sector 8, Delhi - DPCC/AQI Hourly/aqi_hourly_station_level_dwarka-sector_8,_delhi_-_dpcc__2025_August_delhi_2025.xlsx",Sheet1,"Dwarka-Sector 8, Delhi - DPCC",AQI Hourly,07:00:00,float,unknown,41.0 | 86.0 | 84.0,31,1,3.23,False
"Dwarka-Sector 8, Delhi - DPCC/AQI Hourly/aqi_hourly_station_level_dwarka-sector_8,_delhi_-_dpcc__2025_August_delhi_2025.xlsx",Sheet1,"Dwarka-Sector 8, Delhi - DPCC",AQI Hourly,08:00:00,float,unknown,39.0 | 92.0 | 79.0,31,1,3.23,False
"Dwarka-Sector 8, Delhi - DPCC/AQI Hourly/aqi_hourly_station_level_dwarka-sector_8,_delhi_-_dpcc__2025_August_delhi_2025.xlsx",Sheet1,"Dwarka-Sector 8, Delhi - DPCC",AQI Hourly,09:00:00,float,unknown,42.0 | 96.0 | 74.0,31,1,3.23,False
"Dwarka-Sector 8, Delhi - DPCC/AQI Hourly/aqi_hourly_station_level_dwarka-sector_8,_delhi_-_dpcc__2025_August_delhi_2025.xlsx",Sheet1,"Dwarka-Sector 8, Delhi - DPCC",AQI Hourly,10:00:00,float,unknown,41.0 | 98.0 | 72.0,31,1,3.23,False
"Dwarka-Sector 8, Delhi - DPCC/AQI Hourly/aqi_hourly_station_level_dwarka-sector_8,_delhi_-_dpcc__2025_August_delhi_2025.xlsx",Sheet1,"Dwarka-Sector 8, Delhi - DPCC",AQI Hourly,11:00:00,float,unknown,41.0 | 100.0 | 70.0,31,1,3.23,False
"Dwarka-Sector 8, Delhi - DPCC/AQI Hourly/aqi_hourly_station_level_dwarka-sector_8,_delhi_-_dpcc__2025_August_delhi_2025.xlsx",Sheet1,"Dwarka-Sector 8, Delhi - DPCC",AQI Hourly,12:00:00,float,unknown,38.0 | 101.0 | 69.0,31,2,6.45,False
"Dwarka-Sector 8, Delhi - DPCC/AQI Hourly/aqi_hourly_station_level_dwarka-sector_8,_delhi_-_dpcc__2025_August_delhi_2025.xlsx",Sheet1,"Dwarka-Sector 8, Delhi - DPCC",AQI Hourly,13:00:00,float,unknown,40.0 | 101.0 | 69.0,31,2,6.45,False
"Dwarka-Sector 8, Delhi - DPCC/AQI Hourly/aqi_hourly_station_level_dwarka-sector_8,_delhi_-_dpcc__2025_August_delhi_2025.xlsx",Sheet1,"Dwarka-Sector 8, Delhi - DPCC",AQI Hourly,14:00:00,float,unknown,43.0 | 101.0 | 70.0,31,1,3.23,False
"Dwarka-Sector 8, Delhi - DPCC/AQI Hourly/aqi_hourly_station_level_dwarka-sector_8,_delhi_-_dpcc__2025_August_delhi_2025.xlsx",Sheet1,"Dwarka-Sector 8, Delhi - DPCC",AQI Hourly,15:00:00,float,unknown,46.0 | 102.0 | 72.0,31,1,3.23,False
"Dwarka-Sector 8, Delhi - DPCC/AQI Hourly/aqi_hourly_station_level_dwarka-sector_8,_delhi_-_dpcc__2025_August_delhi_2025.xlsx",Sheet1,"Dwarka-Sector 8, Delhi - DPCC",AQI Hourly,16:00:00,float,unknown,51.0 | 102.0 | 73.0,31,1,3.23,False
"Dwarka-Sector 8, Delhi - DPCC/AQI Hourly/aqi_hourly_station_level_dwarka-sector_8,_delhi_-_dpcc__2025_August_delhi_2025.xlsx",Sheet1,"Dwarka-Sector 8, Delhi - DPCC",AQI Hourly,17:00:00,float,unknown,54.0 | 103.0 | 75.0,31,2,6.45,False
"Dwarka-Sector 8, Delhi - DPCC/AQI Hourly/aqi_hourly_station_level_dwarka-sector_8,_delhi_-_dpcc__2025_August_delhi_2025.xlsx",Sheet1,"Dwarka-Sector 8, Delhi - DPCC",AQI Hourly,18:00:00,float,unknown,57.0 | 105.0 | 77.0,31,3,9.68,False
"Dwarka-Sector 8, Delhi - DPCC/AQI Hourly/aqi_hourly_station_level_dwarka-sector_8,_delhi_-_dpcc__2025_August_delhi_2025.xlsx",Sheet1,"Dwarka-Sector 8, Delhi - DPCC",AQI Hourly,19:00:00,float,unknown,59.0 | 107.0 | 78.0,31,2,6.45,False
"Dwarka-Sector 8, Delhi - DPCC/AQI Hourly/aqi_hourly_station_level_dwarka-sector_8,_delhi_-_dpcc__2025_August_delhi_2025.xlsx",Sheet1,"Dwarka-Sector 8, Delhi - DPCC",AQI Hourly,20:00:00,float,unknown,59.0 | 109.0 | 80.0,31,2,6.45,False
"Dwarka-Sector 8, Delhi - DPCC/AQI Hourly/aqi_hourly_station_level_dwarka-sector_8,_delhi_-_dpcc__2025_August_delhi_2025.xlsx",Sheet1,"Dwarka-Sector 8, Delhi - DPCC",AQI Hourly,21:00:00,float,unknown,62.0 | 109.0 | 86.0,31,2,6.45,False
"Dwarka-Sector 8, Delhi - DPCC/AQI Hourly/aqi_hourly_station_level_dwarka-sector_8,_delhi_-_dpcc__2025_August_delhi_2025.xlsx",Sheet1,"Dwarka-Sector 8, Delhi - DPCC",AQI Hourly,22:00:00,float,unknown,64.0 | 107.0 | 91.0,31,2,6.45,False
"Dwarka-Sector 8, Delhi - DPCC/AQI Hourly/aqi_hourly_station_level_dwarka-sector_8,_delhi_-_dpcc__2025_August_delhi_2025.xlsx",Sheet1,"Dwarka-Sector 8, Delhi - DPCC",AQI Hourly,23:00:00,float,unknown,66.0 | 105.0 | 97.0,31,2,6.45,False
"Dwarka-Sector 8, Delhi - DPCC/AQI Hourly/aqi_hourly_station_level_dwarka-sector_8,_delhi_-_dpcc__2025_December_delhi_2025.xlsx",Sheet1,"Dwarka-Sector 8, Delhi - DPCC",AQI Hourly,Date,int,timestamp,1 | 2 | 3,31,0,0.0,False
"Dwarka-Sector 8, Delhi - DPCC/AQI Hourly/aqi_hourly_station_level_dwarka-sector_8,_delhi_-_dpcc__2025_December_delhi_2025.xlsx",Sheet1,"Dwarka-Sector 8, Delhi - DPCC",AQI Hourly,00:00:00,int,unknown,312 | 316 | 376,31,0,0.0,False
"Dwarka-Sector 8, Delhi - DPCC/AQI Hourly/aqi_hourly_station_level_dwarka-sector_8,_delhi_-_dpcc__2025_December_delhi_2025.xlsx",Sheet1,"Dwarka-Sector 8, Delhi - DPCC",AQI Hourly,01:00:00,int,unknown,313 | 317 | 376,31,0,0.0,False
"Dwarka-Sector 8, Delhi - DPCC/AQI Hourly/aqi_hourly_station_level_dwarka-sector_8,_delhi_-_dpcc__2025_December_delhi_2025.xlsx",Sheet1,"Dwarka-Sector 8, Delhi - DPCC",AQI Hourly,02:00:00,int,unknown,314 | 317 | 377,31,0,0.0,False
"Dwarka-Sector 8, Delhi - DPCC/AQI Hourly/aqi_hourly_station_level_dwarka-sector_8,_delhi_-_dpcc__2025_December_delhi_2025.xlsx",Sheet1,"Dwarka-Sector 8, Delhi - DPCC",AQI Hourly,03:00:00,int,unknown,315 | 318 | 377,31,0,0.0,False
"Dwarka-Sector 8, Delhi - DPCC/AQI Hourly/aqi_hourly_station_level_dwarka-sector_8,_delhi_-_dpcc__2025_December_delhi_2025.xlsx",Sheet1,"Dwarka-Sector 8, Delhi - DPCC",AQI Hourly,04:00:00,int,unknown,316 | 320 | 377,31,0,0.0,False
"Dwarka-Sector 8, Delhi - DPCC/AQI Hourly/aqi_hourly_station_level_dwarka-sector_8,_delhi_-_dpcc__2025_December_delhi_2025.xlsx",Sheet1,"Dwarka-Sector 8, Delhi - DPCC",AQI Hourly,05:00:00,int,unknown,317 | 320 | 376,31,0,0.0,False
"Dwarka-Sector 8, Delhi - DPCC/AQI Hourly/aqi_hourly_station_level_dwarka-sector_8,_delhi_-_dpcc__2025_December_delhi_2025.xlsx",Sheet1,"Dwarka-Sector 8, Delhi - DPCC",AQI Hourly,06:00:00,int,unknown,317 | 323 | 377,31,0,0.0,False
"Dwarka-Sector 8, Delhi - DPCC/AQI Hourly/aqi_hourly_station_level_dwarka-sector_8,_delhi_-_dpcc__2025_December_delhi_2025.xlsx",Sheet1,"Dwarka-Sector 8, Delhi - DPCC",AQI Hourly,07:00:00,float,unknown,317.0 | 324.0 | 377.0,31,1,3.23,False
"Dwarka-Sector 8, Delhi - DPCC/AQI Hourly/aqi_hourly_station_level_dwarka-sector_8,_delhi_-_dpcc__2025_December_delhi_2025.xlsx",Sheet1,"Dwarka-Sector 8, Delhi - DPCC",AQI Hourly,08:00:00,int,unknown,318 | 325 | 377,31,0,0.0,False
"Dwarka-Sector 8, Delhi - DPCC/AQI Hourly/aqi_hourly_station_level_dwarka-sector_8,_delhi_-_dpcc__2025_December_delhi_2025.xlsx",Sheet1,"Dwarka-Sector 8, Delhi - DPCC",AQI Hourly,09:00:00,int,unknown,319 | 327 | 376,31,0,0.0,False
"Dwarka-Sector 8, Delhi - DPCC/AQI Hourly/aqi_hourly_station_level_dwarka-sector_8,_delhi_-_dpcc__2025_December_delhi_2025.xlsx",Sheet1,"Dwarka-Sector 8, Delhi - DPCC",AQI Hourly,10:00:00,int,unknown,320 | 329 | 374,31,0,0.0,False
"Dwarka-Sector 8, Delhi - DPCC/AQI Hourly/aqi_hourly_station_level_dwarka-sector_8,_delhi_-_dpcc__2025_December_delhi_2025.xlsx",Sheet1,"Dwarka-Sector 8, Delhi - DPCC",AQI Hourly,11:00:00,int,unknown,321 | 331 | 374,31,0,0.0,False
"Dwarka-Sector 8, Delhi - DPCC/AQI Hourly/aqi_hourly_station_level_dwarka-sector_8,_delhi_-_dpcc__2025_December_delhi_2025.xlsx",Sheet1,"Dwarka-Sector 8, Delhi - DPCC",AQI Hourly,12:00:00,int,unknown,320 | 333 | 375,31,0,0.0,False
"Dwarka-Sector 8, Delhi - DPCC/AQI Hourly/aqi_hourly_station_level_dwarka-sector_8,_delhi_-_dpcc__2025_December_delhi_2025.xlsx",Sheet1,"Dwarka-Sector 8, Delhi - DPCC",AQI Hourly,13:00:00,int,unknown,316 | 336 | 375,31,0,0.0,False
"Dwarka-Sector 8, Delhi - DPCC/AQI Hourly/aqi_hourly_station_level_dwarka-sector_8,_delhi_-_dpcc__2025_December_delhi_2025.xlsx",Sheet1,"Dwarka-Sector 8, Delhi - DPCC",AQI Hourly,14:00:00,int,unknown,312 | 341 | 376,31,0,0.0,False
"Dwarka-Sector 8, Delhi - DPCC/AQI Hourly/aqi_hourly_station_level_dwarka-sector_8,_delhi_-_dpcc__2025_December_delhi_2025.xlsx",Sheet1,"Dwarka-Sector 8, Delhi - DPCC",AQI Hourly,15:00:00,int,unknown,309 | 347 | 373,31,0,0.0,False
"Dwarka-Sector 8, Delhi - DPCC/AQI Hourly/aqi_hourly_station_level_dwarka-sector_8,_delhi_-_dpcc__2025_December_delhi_2025.xlsx",Sheet1,"Dwarka-Sector 8, Delhi - DPCC",AQI Hourly,16:00:00,int,unknown,308 | 356 | 367,31,0,0.0,False
"Dwarka-Sector 8, Delhi - DPCC/AQI Hourly/aqi_hourly_station_level_dwarka-sector_8,_delhi_-_dpcc__2025_December_delhi_2025.xlsx",Sheet1,"Dwarka-Sector 8, Delhi - DPCC",AQI Hourly,17:00:00,int,unknown,309 | 365 | 357,31,0,0.0,False
"Dwarka-Sector 8, Delhi - DPCC/AQI Hourly/aqi_hourly_station_level_dwarka-sector_8,_delhi_-_dpcc__2025_December_delhi_2025.xlsx",Sheet1,"Dwarka-Sector 8, Delhi - DPCC",AQI Hourly,18:00:00,int,unknown,310 | 372 | 347,31,0,0.0,False
"Dwarka-Sector 8, Delhi - DPCC/AQI Hourly/aqi_hourly_station_level_dwarka-sector_8,_delhi_-_dpcc__2025_December_delhi_2025.xlsx",Sheet1,"Dwarka-Sector 8, Delhi - DPCC",AQI Hourly,19:00:00,int,unknown,313 | 373 | 341,31,0,0.0,False
"Dwarka-Sector 8, Delhi - DPCC/AQI Hourly/aqi_hourly_station_level_dwarka-sector_8,_delhi_-_dpcc__2025_December_delhi_2025.xlsx",Sheet1,"Dwarka-Sector 8, Delhi - DPCC",AQI Hourly,20:00:00,float,unknown,313.0 | 374.0 | 338.0,31,1,3.23,False
"Dwarka-Sector 8, Delhi - DPCC/AQI Hourly/aqi_hourly_station_level_dwarka-sector_8,_delhi_-_dpcc__2025_December_delhi_2025.xlsx",Sheet1,"Dwarka-Sector 8, Delhi - DPCC",AQI Hourly,21:00:00,int,unknown,314 | 375 | 336,31,0,0.0,False
"Dwarka-Sector 8, Delhi - DPCC/AQI Hourly/aqi_hourly_station_level_dwarka-sector_8,_delhi_-_dpcc__2025_December_delhi_2025.xlsx",Sheet1,"Dwarka-Sector 8, Delhi - DPCC",AQI Hourly,22:00:00,int,unknown,316 | 376 | 333,31,0,0.0,False
"Dwarka-Sector 8, Delhi - DPCC/AQI Hourly/aqi_hourly_station_level_dwarka-sector_8,_delhi_-_dpcc__2025_December_delhi_2025.xlsx",Sheet1,"Dwarka-Sector 8, Delhi - DPCC",AQI Hourly,23:00:00,int,unknown,316 | 376 | 333,31,0,0.0,False
"Dwarka-Sector 8, Delhi - DPCC/AQI Hourly/aqi_hourly_station_level_dwarka-sector_8,_delhi_-_dpcc__2025_February_delhi_2025.xlsx",Sheet1,"Dwarka-Sector 8, Delhi - DPCC",AQI Hourly,Date,int,timestamp,1 | 2 | 3,28,0,0.0,False
"Dwarka-Sector 8, Delhi - DPCC/AQI Hourly/aqi_hourly_station_level_dwarka-sector_8,_delhi_-_dpcc__2025_February_delhi_2025.xlsx",Sheet1,"Dwarka-Sector 8, Delhi - DPCC",AQI Hourly,00:00:00,float,unknown,382.0 | 384.0 | 353.0,28,1,3.57,False
"Dwarka-Sector 8, Delhi - DPCC/AQI Hourly/aqi_hourly_station_level_dwarka-sector_8,_delhi_-_dpcc__2025_February_delhi_2025.xlsx",Sheet1,"Dwarka-Sector 8, Delhi - DPCC",AQI Hourly,01:00:00,float,unknown,385.0 | 382.0 | 352.0,28,1,3.57,False
"Dwarka-Sector 8, Delhi - DPCC/AQI Hourly/aqi_hourly_station_level_dwarka-sector_8,_delhi_-_dpcc__2025_February_delhi_2025.xlsx",Sheet1,"Dwarka-Sector 8, Delhi - DPCC",AQI Hourly,02:00:00,float,unknown,387.0 | 379.0 | 351.0,28,1,3.57,False
"Dwarka-Sector 8, Delhi - DPCC/AQI Hourly/aqi_hourly_station_level_dwarka-sector_8,_delhi_-_dpcc__2025_February_delhi_2025.xlsx",Sheet1,"Dwarka-Sector 8, Delhi - DPCC",AQI Hourly,03:00:00,int,unknown,388 | 377 | 350,28,0,0.0,False
"Dwarka-Sector 8, Delhi - DPCC/AQI Hourly/aqi_hourly_station_level_dwarka-sector_8,_delhi_-_dpcc__2025_February_delhi_2025.xlsx",Sheet1,"Dwarka-Sector 8, Delhi - DPCC",AQI Hourly,04:00:00,int,unknown,386 | 377 | 350,28,0,0.0,False
"Dwarka-Sector 8, Delhi - DPCC/AQI Hourly/aqi_hourly_station_level_dwarka-sector_8,_delhi_-_dpcc__2025_February_delhi_2025.xlsx",Sheet1,"Dwarka-Sector 8, Delhi - DPCC",AQI Hourly,05:00:00,int,unknown,383 | 377 | 350,28,0,0.0,False
"Dwarka-Sector 8, Delhi - DPCC/AQI Hourly/aqi_hourly_station_level_dwarka-sector_8,_delhi_-_dpcc__2025_February_delhi_2025.xlsx",Sheet1,"Dwarka-Sector 8, Delhi - DPCC",AQI Hourly,06:00:00,int,unknown,379 | 378 | 349,28,0,0.0,False
"Dwarka-Sector 8, Delhi - DPCC/AQI Hourly/aqi_hourly_station_level_dwarka-sector_8,_delhi_-_dpcc__2025_February_delhi_2025.xlsx",Sheet1,"Dwarka-Sector 8, Delhi - DPCC",AQI Hourly,07:00:00,int,unknown,376 | 378 | 348,28,0,0.0,False
"Dwarka-Sector 8, Delhi - DPCC/AQI Hourly/aqi_hourly_station_level_dwarka-sector_8,_delhi_-_dpcc__2025_February_delhi_2025.xlsx",Sheet1,"Dwarka-Sector 8, Delhi - DPCC",AQI Hourly,08:00:00,int,unknown,372 | 378 | 347,28,0,0.0,False
"Dwarka-Sector 8, Delhi - DPCC/AQI Hourly/aqi_hourly_station_level_dwarka-sector_8,_delhi_-_dpcc__2025_February_delhi_2025.xlsx",Sheet1,"Dwarka-Sector 8, Delhi - DPCC",AQI Hourly,09:00:00,int,unknown,369 | 378 | 346,28,0,0.0,False
"Dwarka-Sector 8, Delhi - DPCC/AQI Hourly/aqi_hourly_station_level_dwarka-sector_8,_delhi_-_dpcc__2025_February_delhi_2025.xlsx",Sheet1,"Dwarka-Sector 8, Delhi - DPCC",AQI Hourly,10:00:00,float,unknown,369.0 | 378.0 | 344.0,28,1,3.57,False
"Dwarka-Sector 8, Delhi - DPCC/AQI Hourly/aqi_hourly_station_level_dwarka-sector_8,_delhi_-_dpcc__2025_February_delhi_2025.xlsx",Sheet1,"Dwarka-Sector 8, Delhi - DPCC",AQI Hourly,11:00:00,float,unknown,367.0 | 378.0 | 344.0,28,1,3.57,False
"Dwarka-Sector 8, Delhi - DPCC/AQI Hourly/aqi_hourly_station_level_dwarka-sector_8,_delhi_-_dpcc__2025_February_delhi_2025.xlsx",Sheet1,"Dwarka-Sector 8, Delhi - DPCC",AQI Hourly,12:00:00,float,unknown,368.0 | 377.0 | 342.0,28,1,3.57,False
"Dwarka-Sector 8, Delhi - DPCC/AQI Hourly/aqi_hourly_station_level_dwarka-sector_8,_delhi_-_dpcc__2025_February_delhi_2025.xlsx",Sheet1,"Dwarka-Sector 8, Delhi - DPCC",AQI Hourly,13:00:00,float,unknown,372.0 | 375.0 | 340.0,28,1,3.57,False
"Dwarka-Sector 8, Delhi - DPCC/AQI Hourly/aqi_hourly_station_level_dwarka-sector_8,_delhi_-_dpcc__2025_February_delhi_2025.xlsx",Sheet1,"Dwarka-Sector 8, Delhi - DPCC",AQI Hourly,14:00:00,float,unknown,376.0 | 372.0 | 336.0,28,1,3.57,False
"Dwarka-Sector 8, Delhi - DPCC/AQI Hourly/aqi_hourly_station_level_dwarka-sector_8,_delhi_-_dpcc__2025_February_delhi_2025.xlsx",Sheet1,"Dwarka-Sector 8, Delhi - DPCC",AQI Hourly,15:00:00,float,unknown,376.0 | 370.0 | 336.0,28,1,3.57,False
"Dwarka-Sector 8, Delhi - DPCC/AQI Hourly/aqi_hourly_station_level_dwarka-sector_8,_delhi_-_dpcc__2025_February_delhi_2025.xlsx",Sheet1,"Dwarka-Sector 8, Delhi - DPCC",AQI Hourly,16:00:00,float,unknown,387.0 | 366.0 | 333.0,28,1,3.57,False
"Dwarka-Sector 8, Delhi - DPCC/AQI Hourly/aqi_hourly_station_level_dwarka-sector_8,_delhi_-_dpcc__2025_February_delhi_2025.xlsx",Sheet1,"Dwarka-Sector 8, Delhi - DPCC",AQI Hourly,17:00:00,float,unknown,391.0 | 362.0 | 318.0,28,1,3.57,False
"Dwarka-Sector 8, Delhi - DPCC/AQI Hourly/aqi_hourly_station_level_dwarka-sector_8,_delhi_-_dpcc__2025_February_delhi_2025.xlsx",Sheet1,"Dwarka-Sector 8, Delhi - DPCC",AQI Hourly,18:00:00,float,unknown,393.0 | 360.0 | 310.0,28,1,3.57,False
"Dwarka-Sector 8, Delhi - DPCC/AQI Hourly/aqi_hourly_station_level_dwarka-sector_8,_delhi_-_dpcc__2025_February_delhi_2025.xlsx",Sheet1,"Dwarka-Sector 8, Delhi - DPCC",AQI Hourly,19:00:00,float,unknown,394.0 | 358.0 | 304.0,28,1,3.57,False
"Dwarka-Sector 8, Delhi - DPCC/AQI Hourly/aqi_hourly_station_level_dwarka-sector_8,_delhi_-_dpcc__2025_February_delhi_2025.xlsx",Sheet1,"Dwarka-Sector 8, Delhi - DPCC",AQI Hourly,20:00:00,float,unknown,393.0 | 357.0 | 302.0,28,1,3.57,False
"Dwarka-Sector 8, Delhi - DPCC/AQI Hourly/aqi_hourly_station_level_dwarka-sector_8,_delhi_-_dpcc__2025_February_delhi_2025.xlsx",Sheet1,"Dwarka-Sector 8, Delhi - DPCC",AQI Hourly,21:00:00,float,unknown,393.0 | 356.0 | 300.0,28,1,3.57,False
"Dwarka-Sector 8, Delhi - DPCC/AQI Hourly/aqi_hourly_station_level_dwarka-sector_8,_delhi_-_dpcc__2025_February_delhi_2025.xlsx",Sheet1,"Dwarka-Sector 8, Delhi - DPCC",AQI Hourly,22:00:00,float,unknown,391.0 | 355.0 | 300.0,28,1,3.57,False
"Dwarka-Sector 8, Delhi - DPCC/AQI Hourly/aqi_hourly_station_level_dwarka-sector_8,_delhi_-_dpcc__2025_February_delhi_2025.xlsx",Sheet1,"Dwarka-Sector 8, Delhi - DPCC",AQI Hourly,23:00:00,float,unknown,388.0 | 354.0 | 300.0,28,1,3.57,False
"Dwarka-Sector 8, Delhi - DPCC/AQI Hourly/aqi_hourly_station_level_dwarka-sector_8,_delhi_-_dpcc__2025_January_delhi_2025.xlsx",Sheet1,"Dwarka-Sector 8, Delhi - DPCC",AQI Hourly,Date,int,timestamp,1 | 2 | 3,31,0,0.0,False
"Dwarka-Sector 8, Delhi - DPCC/AQI Hourly/aqi_hourly_station_level_dwarka-sector_8,_delhi_-_dpcc__2025_January_delhi_2025.xlsx",Sheet1,"Dwarka-Sector 8, Delhi - DPCC",AQI Hourly,00:00:00,int,unknown,326 | 326 | 350,31,0,0.0,False
"Dwarka-Sector 8, Delhi - DPCC/AQI Hourly/aqi_hourly_station_level_dwarka-sector_8,_delhi_-_dpcc__2025_January_delhi_2025.xlsx",Sheet1,"Dwarka-Sector 8, Delhi - DPCC",AQI Hourly,01:00:00,int,unknown,327 | 326 | 350,31,0,0.0,False
"Dwarka-Sector 8, Delhi - DPCC/AQI Hourly/aqi_hourly_station_level_dwarka-sector_8,_delhi_-_dpcc__2025_January_delhi_2025.xlsx",Sheet1,"Dwarka-Sector 8, Delhi - DPCC",AQI Hourly,02:00:00,int,unknown,329 | 325 | 351,31,0,0.0,False
"Dwarka-Sector 8, Delhi - DPCC/AQI Hourly/aqi_hourly_station_level_dwarka-sector_8,_delhi_-_dpcc__2025_January_delhi_2025.xlsx",Sheet1,"Dwarka-Sector 8, Delhi - DPCC",AQI Hourly,03:00:00,int,unknown,331 | 325 | 351,31,0,0.0,False
"Dwarka-Sector 8, Delhi - DPCC/AQI Hourly/aqi_hourly_station_level_dwarka-sector_8,_delhi_-_dpcc__2025_January_delhi_2025.xlsx",Sheet1,"Dwarka-Sector 8, Delhi - DPCC",AQI Hourly,04:00:00,int,unknown,331 | 326 | 352,31,0,0.0,False
"Dwarka-Sector 8, Delhi - DPCC/AQI Hourly/aqi_hourly_station_level_dwarka-sector_8,_delhi_-_dpcc__2025_January_delhi_2025.xlsx",Sheet1,"Dwarka-Sector 8, Delhi - DPCC",AQI Hourly,05:00:00,int,unknown,330 | 327 | 354,31,0,0.0,False
"Dwarka-Sector 8, Delhi - DPCC/AQI Hourly/aqi_hourly_station_level_dwarka-sector_8,_delhi_-_dpcc__2025_January_delhi_2025.xlsx",Sheet1,"Dwarka-Sector 8, Delhi - DPCC",AQI Hourly,06:00:00,int,unknown,328 | 329 | 355,31,0,0.0,False
"Dwarka-Sector 8, Delhi - DPCC/AQI Hourly/aqi_hourly_station_level_dwarka-sector_8,_delhi_-_dpcc__2025_January_delhi_2025.xlsx",Sheet1,"Dwarka-Sector 8, Delhi - DPCC",AQI Hourly,07:00:00,int,unknown,329 | 330 | 356,31,0,0.0,False
"Dwarka-Sector 8, Delhi - DPCC/AQI Hourly/aqi_hourly_station_level_dwarka-sector_8,_delhi_-_dpcc__2025_January_delhi_2025.xlsx",Sheet1,"Dwarka-Sector 8, Delhi - DPCC",AQI Hourly,08:00:00,float,unknown,326.0 | 332.0 | 356.0,31,1,3.23,False
"Dwarka-Sector 8, Delhi - DPCC/AQI Hourly/aqi_hourly_station_level_dwarka-sector_8,_delhi_-_dpcc__2025_January_delhi_2025.xlsx",Sheet1,"Dwarka-Sector 8, Delhi - DPCC",AQI Hourly,09:00:00,int,unknown,324 | 333 | 358,31,0,0.0,False
"Dwarka-Sector 8, Delhi - DPCC/AQI Hourly/aqi_hourly_station_level_dwarka-sector_8,_delhi_-_dpcc__2025_January_delhi_2025.xlsx",Sheet1,"Dwarka-Sector 8, Delhi - DPCC",AQI Hourly,10:00:00,int,unknown,323 | 334 | 360,31,0,0.0,False
"Dwarka-Sector 8, Delhi - DPCC/AQI Hourly/aqi_hourly_station_level_dwarka-sector_8,_delhi_-_dpcc__2025_January_delhi_2025.xlsx",Sheet1,"Dwarka-Sector 8, Delhi - DPCC",AQI Hourly,11:00:00,int,unknown,322 | 335 | 362,31,0,0.0,False
"Dwarka-Sector 8, Delhi - DPCC/AQI Hourly/aqi_hourly_station_level_dwarka-sector_8,_delhi_-_dpcc__2025_January_delhi_2025.xlsx",Sheet1,"Dwarka-Sector 8, Delhi - DPCC",AQI Hourly,12:00:00,int,unknown,322 | 336 | 364,31,0,0.0,False
"Dwarka-Sector 8, Delhi - DPCC/AQI Hourly/aqi_hourly_station_level_dwarka-sector_8,_delhi_-_dpcc__2025_January_delhi_2025.xlsx",Sheet1,"Dwarka-Sector 8, Delhi - DPCC",AQI Hourly,13:00:00,int,unknown,322 | 337 | 367,31,0,0.0,False
"Dwarka-Sector 8, Delhi - DPCC/AQI Hourly/aqi_hourly_station_level_dwarka-sector_8,_delhi_-_dpcc__2025_January_delhi_2025.xlsx",Sheet1,"Dwarka-Sector 8, Delhi - DPCC",AQI Hourly,14:00:00,int,unknown,322 | 338 | 372,31,0,0.0,False
"Dwarka-Sector 8, Delhi - DPCC/AQI Hourly/aqi_hourly_station_level_dwarka-sector_8,_delhi_-_dpcc__2025_January_delhi_2025.xlsx",Sheet1,"Dwarka-Sector 8, Delhi - DPCC",AQI Hourly,15:00:00,int,unknown,322 | 338 | 378,31,0,0.0,False
"Dwarka-Sector 8, Delhi - DPCC/AQI Hourly/aqi_hourly_station_level_dwarka-sector_8,_delhi_-_dpcc__2025_January_delhi_2025.xlsx",Sheet1,"Dwarka-Sector 8, Delhi - DPCC",AQI Hourly,16:00:00,int,unknown,322 | 339 | 382,31,0,0.0,False
"Dwarka-Sector 8, Delhi - DPCC/AQI Hourly/aqi_hourly_station_level_dwarka-sector_8,_delhi_-_dpcc__2025_January_delhi_2025.xlsx",Sheet1,"Dwarka-Sector 8, Delhi - DPCC",AQI Hourly,17:00:00,int,unknown,322 | 341 | 382,31,0,0.0,False
"Dwarka-Sector 8, Delhi - DPCC/AQI Hourly/aqi_hourly_station_level_dwarka-sector_8,_delhi_-_dpcc__2025_January_delhi_2025.xlsx",Sheet1,"Dwarka-Sector 8, Delhi - DPCC",AQI Hourly,18:00:00,float,unknown,323.0 | 343.0 | 382.0,31,1,3.23,False
"Dwarka-Sector 8, Delhi - DPCC/AQI Hourly/aqi_hourly_station_level_dwarka-sector_8,_delhi_-_dpcc__2025_January_delhi_2025.xlsx",Sheet1,"Dwarka-Sector 8, Delhi - DPCC",AQI Hourly,19:00:00,int,unknown,323 | 345 | 383,31,0,0.0,False
"Dwarka-Sector 8, Delhi - DPCC/AQI Hourly/aqi_hourly_station_level_dwarka-sector_8,_delhi_-_dpcc__2025_January_delhi_2025.xlsx",Sheet1,"Dwarka-Sector 8, Delhi - DPCC",AQI Hourly,20:00:00,int,unknown,323 | 347 | 383,31,0,0.0,False
"Dwarka-Sector 8, Delhi - DPCC/AQI Hourly/aqi_hourly_station_level_dwarka-sector_8,_delhi_-_dpcc__2025_January_delhi_2025.xlsx",Sheet1,"Dwarka-Sector 8, Delhi - DPCC",AQI Hourly,21:00:00,int,unknown,324 | 349 | 385,31,0,0.0,False
"Dwarka-Sector 8, Delhi - DPCC/AQI Hourly/aqi_hourly_station_level_dwarka-sector_8,_delhi_-_dpcc__2025_January_delhi_2025.xlsx",Sheet1,"Dwarka-Sector 8, Delhi - DPCC",AQI Hourly,22:00:00,int,unknown,325 | 348 | 390,31,0,0.0,False
"Dwarka-Sector 8, Delhi - DPCC/AQI Hourly/aqi_hourly_station_level_dwarka-sector_8,_delhi_-_dpcc__2025_January_delhi_2025.xlsx",Sheet1,"Dwarka-Sector 8, Delhi - DPCC",AQI Hourly,23:00:00,int,unknown,326 | 349 | 395,31,0,0.0,False
"Dwarka-Sector 8, Delhi - DPCC/AQI Hourly/aqi_hourly_station_level_dwarka-sector_8,_delhi_-_dpcc__2025_July_delhi_2025.xlsx",Sheet1,"Dwarka-Sector 8, Delhi - DPCC",AQI Hourly,Date,int,timestamp,1 | 2 | 3,31,0,0.0,False
"Dwarka-Sector 8, Delhi - DPCC/AQI Hourly/aqi_hourly_station_level_dwarka-sector_8,_delhi_-_dpcc__2025_July_delhi_2025.xlsx",Sheet1,"Dwarka-Sector 8, Delhi - DPCC",AQI Hourly,00:00:00,int,unknown,74 | 86 | 98,31,0,0.0,False
"Dwarka-Sector 8, Delhi - DPCC/AQI Hourly/aqi_hourly_station_level_dwarka-sector_8,_delhi_-_dpcc__2025_July_delhi_2025.xlsx",Sheet1,"Dwarka-Sector 8, Delhi - DPCC",AQI Hourly,01:00:00,int,unknown,72 | 88 | 96,31,0,0.0,False
"Dwarka-Sector 8, Delhi - DPCC/AQI Hourly/aqi_hourly_station_level_dwarka-sector_8,_delhi_-_dpcc__2025_July_delhi_2025.xlsx",Sheet1,"Dwarka-Sector 8, Delhi - DPCC",AQI Hourly,02:00:00,int,unknown,71 | 90 | 94,31,0,0.0,False
"Dwarka-Sector 8, Delhi - DPCC/AQI Hourly/aqi_hourly_station_level_dwarka-sector_8,_delhi_-_dpcc__2025_July_delhi_2025.xlsx",Sheet1,"Dwarka-Sector 8, Delhi - DPCC",AQI Hourly,03:00:00,int,unknown,68 | 90 | 94,31,0,0.0,False
"Dwarka-Sector 8, Delhi - DPCC/AQI Hourly/aqi_hourly_station_level_dwarka-sector_8,_delhi_-_dpcc__2025_July_delhi_2025.xlsx",Sheet1,"Dwarka-Sector 8, Delhi - DPCC",AQI Hourly,04:00:00,int,unknown,69 | 91 | 95,31,0,0.0,False
"Dwarka-Sector 8, Delhi - DPCC/AQI Hourly/aqi_hourly_station_level_dwarka-sector_8,_delhi_-_dpcc__2025_July_delhi_2025.xlsx",Sheet1,"Dwarka-Sector 8, Delhi - DPCC",AQI Hourly,05:00:00,int,unknown,71 | 91 | 95,31,0,0.0,False
"Dwarka-Sector 8, Delhi - DPCC/AQI Hourly/aqi_hourly_station_level_dwarka-sector_8,_delhi_-_dpcc__2025_July_delhi_2025.xlsx",Sheet1,"Dwarka-Sector 8, Delhi - DPCC",AQI Hourly,06:00:00,int,unknown,73 | 92 | 93,31,0,0.0,False
"Dwarka-Sector 8, Delhi - DPCC/AQI Hourly/aqi_hourly_station_level_dwarka-sector_8,_delhi_-_dpcc__2025_July_delhi_2025.xlsx",Sheet1,"Dwarka-Sector 8, Delhi - DPCC",AQI Hourly,07:00:00,float,unknown,73.0 | 95.0 | 92.0,31,1,3.23,False
"Dwarka-Sector 8, Delhi - DPCC/AQI Hourly/aqi_hourly_station_level_dwarka-sector_8,_delhi_-_dpcc__2025_July_delhi_2025.xlsx",Sheet1,"Dwarka-Sector 8, Delhi - DPCC",AQI Hourly,08:00:00,int,unknown,74 | 98 | 91,31,0,0.0,False
"Dwarka-Sector 8, Delhi - DPCC/AQI Hourly/aqi_hourly_station_level_dwarka-sector_8,_delhi_-_dpcc__2025_July_delhi_2025.xlsx",Sheet1,"Dwarka-Sector 8, Delhi - DPCC",AQI Hourly,09:00:00,int,unknown,74 | 101 | 90,31,0,0.0,False
"Dwarka-Sector 8, Delhi - DPCC/AQI Hourly/aqi_hourly_station_level_dwarka-sector_8,_delhi_-_dpcc__2025_July_delhi_2025.xlsx",Sheet1,"Dwarka-Sector 8, Delhi - DPCC",AQI Hourly,10:00:00,int,unknown,74 | 104 | 90,31,0,0.0,False
"Dwarka-Sector 8, Delhi - DPCC/AQI Hourly/aqi_hourly_station_level_dwarka-sector_8,_delhi_-_dpcc__2025_July_delhi_2025.xlsx",Sheet1,"Dwarka-Sector 8, Delhi - DPCC",AQI Hourly,11:00:00,int,unknown,74 | 106 | 91,31,0,0.0,False
"Dwarka-Sector 8, Delhi - DPCC/AQI Hourly/aqi_hourly_station_level_dwarka-sector_8,_delhi_-_dpcc__2025_July_delhi_2025.xlsx",Sheet1,"Dwarka-Sector 8, Delhi - DPCC",AQI Hourly,12:00:00,float,unknown,108.0 | 92.0 | 96.0,31,1,3.23,False
"Dwarka-Sector 8, Delhi - DPCC/AQI Hourly/aqi_hourly_station_level_dwarka-sector_8,_delhi_-_dpcc__2025_July_delhi_2025.xlsx",Sheet1,"Dwarka-Sector 8, Delhi - DPCC",AQI Hourly,13:00:00,int,unknown,71 | 109 | 92,31,0,0.0,False
"Dwarka-Sector 8, Delhi - DPCC/AQI Hourly/aqi_hourly_station_level_dwarka-sector_8,_delhi_-_dpcc__2025_July_delhi_2025.xlsx",Sheet1,"Dwarka-Sector 8, Delhi - DPCC",AQI Hourly,14:00:00,int,unknown,71 | 109 | 92,31,0,0.0,False
"Dwarka-Sector 8, Delhi - DPCC/AQI Hourly/aqi_hourly_station_level_dwarka-sector_8,_delhi_-_dpcc__2025_July_delhi_2025.xlsx",Sheet1,"Dwarka-Sector 8, Delhi - DPCC",AQI Hourly,15:00:00,int,unknown,70 | 109 | 91,31,0,0.0,False
"Dwarka-Sector 8, Delhi - DPCC/AQI Hourly/aqi_hourly_station_level_dwarka-sector_8,_delhi_-_dpcc__2025_July_delhi_2025.xlsx",Sheet1,"Dwarka-Sector 8, Delhi - DPCC",AQI Hourly,16:00:00,int,unknown,69 | 108 | 93,31,0,0.0,False
"Dwarka-Sector 8, Delhi - DPCC/AQI Hourly/aqi_hourly_station_level_dwarka-sector_8,_delhi_-_dpcc__2025_July_delhi_2025.xlsx",Sheet1,"Dwarka-Sector 8, Delhi - DPCC",AQI Hourly,17:00:00,int,unknown,68 | 106 | 94,31,0,0.0,False
"Dwarka-Sector 8, Delhi - DPCC/AQI Hourly/aqi_hourly_station_level_dwarka-sector_8,_delhi_-_dpcc__2025_July_delhi_2025.xlsx",Sheet1,"Dwarka-Sector 8, Delhi - DPCC",AQI Hourly,18:00:00,int,unknown,72 | 106 | 93,31,0,0.0,False
"Dwarka-Sector 8, Delhi - DPCC/AQI Hourly/aqi_hourly_station_level_dwarka-sector_8,_delhi_-_dpcc__2025_July_delhi_2025.xlsx",Sheet1,"Dwarka-Sector 8, Delhi - DPCC",AQI Hourly,19:00:00,int,unknown,77 | 105 | 93,31,0,0.0,False
"Dwarka-Sector 8, Delhi - DPCC/AQI Hourly/aqi_hourly_station_level_dwarka-sector_8,_delhi_-_dpcc__2025_July_delhi_2025.xlsx",Sheet1,"Dwarka-Sector 8, Delhi - DPCC",AQI Hourly,20:00:00,int,unknown,80 | 102 | 94,31,0,0.0,False
"Dwarka-Sector 8, Delhi - DPCC/AQI Hourly/aqi_hourly_station_level_dwarka-sector_8,_delhi_-_dpcc__2025_July_delhi_2025.xlsx",Sheet1,"Dwarka-Sector 8, Delhi - DPCC",AQI Hourly,21:00:00,float,unknown,80.0 | 100.0 | 93.0,31,1,3.23,False
"Dwarka-Sector 8, Delhi - DPCC/AQI Hourly/aqi_hourly_station_level_dwarka-sector_8,_delhi_-_dpcc__2025_July_delhi_2025.xlsx",Sheet1,"Dwarka-Sector 8, Delhi - DPCC",AQI Hourly,22:00:00,int,unknown,81 | 100 | 93,31,0,0.0,False
"Dwarka-Sector 8, Delhi - DPCC/AQI Hourly/aqi_hourly_station_level_dwarka-sector_8,_delhi_-_dpcc__2025_July_delhi_2025.xlsx",Sheet1,"Dwarka-Sector 8, Delhi - DPCC",AQI Hourly,23:00:00,int,unknown,83 | 100 | 92,31,0,0.0,False
"Dwarka-Sector 8, Delhi - DPCC/AQI Hourly/aqi_hourly_station_level_dwarka-sector_8,_delhi_-_dpcc__2025_June_delhi_2025.xlsx",Sheet1,"Dwarka-Sector 8, Delhi - DPCC",AQI Hourly,Date,int,timestamp,1 | 2 | 3,30,0,0.0,False
"Dwarka-Sector 8, Delhi - DPCC/AQI Hourly/aqi_hourly_station_level_dwarka-sector_8,_delhi_-_dpcc__2025_June_delhi_2025.xlsx",Sheet1,"Dwarka-Sector 8, Delhi - DPCC",AQI Hourly,00:00:00,float,unknown,196.0 | 139.0 | 154.0,30,5,16.67,False
"Dwarka-Sector 8, Delhi - DPCC/AQI Hourly/aqi_hourly_station_level_dwarka-sector_8,_delhi_-_dpcc__2025_June_delhi_2025.xlsx",Sheet1,"Dwarka-Sector 8, Delhi - DPCC",AQI Hourly,01:00:00,float,unknown,196.0 | 80.0 | 141.0,30,4,13.33,False
"Dwarka-Sector 8, Delhi - DPCC/AQI Hourly/aqi_hourly_station_level_dwarka-sector_8,_delhi_-_dpcc__2025_June_delhi_2025.xlsx",Sheet1,"Dwarka-Sector 8, Delhi - DPCC",AQI Hourly,02:00:00,float,unknown,198.0 | 79.0 | 143.0,30,4,13.33,False
"Dwarka-Sector 8, Delhi - DPCC/AQI Hourly/aqi_hourly_station_level_dwarka-sector_8,_delhi_-_dpcc__2025_June_delhi_2025.xlsx",Sheet1,"Dwarka-Sector 8, Delhi - DPCC",AQI Hourly,03:00:00,float,unknown,197.0 | 148.0 | 144.0,30,4,13.33,False
"Dwarka-Sector 8, Delhi - DPCC/AQI Hourly/aqi_hourly_station_level_dwarka-sector_8,_delhi_-_dpcc__2025_June_delhi_2025.xlsx",Sheet1,"Dwarka-Sector 8, Delhi - DPCC",AQI Hourly,04:00:00,float,unknown,195.0 | 143.0 | 165.0,30,4,13.33,False
"Dwarka-Sector 8, Delhi - DPCC/AQI Hourly/aqi_hourly_station_level_dwarka-sector_8,_delhi_-_dpcc__2025_June_delhi_2025.xlsx",Sheet1,"Dwarka-Sector 8, Delhi - DPCC",AQI Hourly,05:00:00,float,unknown,197.0 | 144.0 | 142.0,30,3,10.0,False
"Dwarka-Sector 8, Delhi - DPCC/AQI Hourly/aqi_hourly_station_level_dwarka-sector_8,_delhi_-_dpcc__2025_June_delhi_2025.xlsx",Sheet1,"Dwarka-Sector 8, Delhi - DPCC",AQI Hourly,06:00:00,float,unknown,198.0 | 144.0 | 143.0,30,3,10.0,False
"Dwarka-Sector 8, Delhi - DPCC/AQI Hourly/aqi_hourly_station_level_dwarka-sector_8,_delhi_-_dpcc__2025_June_delhi_2025.xlsx",Sheet1,"Dwarka-Sector 8, Delhi - DPCC",AQI Hourly,07:00:00,float,unknown,199.0 | 143.0 | 142.0,30,3,10.0,False
"Dwarka-Sector 8, Delhi - DPCC/AQI Hourly/aqi_hourly_station_level_dwarka-sector_8,_delhi_-_dpcc__2025_June_delhi_2025.xlsx",Sheet1,"Dwarka-Sector 8, Delhi - DPCC",AQI Hourly,08:00:00,float,unknown,199.0 | 145.0 | 140.0,30,3,10.0,False
"Dwarka-Sector 8, Delhi - DPCC/AQI Hourly/aqi_hourly_station_level_dwarka-sector_8,_delhi_-_dpcc__2025_June_delhi_2025.xlsx",Sheet1,"Dwarka-Sector 8, Delhi - DPCC",AQI Hourly,09:00:00,float,unknown,200.0 | 146.0 | 138.0,30,3,10.0,False
"Dwarka-Sector 8, Delhi - DPCC/AQI Hourly/aqi_hourly_station_level_dwarka-sector_8,_delhi_-_dpcc__2025_June_delhi_2025.xlsx",Sheet1,"Dwarka-Sector 8, Delhi - DPCC",AQI Hourly,10:00:00,float,unknown,203.0 | 148.0 | 137.0,30,4,13.33,False
"Dwarka-Sector 8, Delhi - DPCC/AQI Hourly/aqi_hourly_station_level_dwarka-sector_8,_delhi_-_dpcc__2025_June_delhi_2025.xlsx",Sheet1,"Dwarka-Sector 8, Delhi - DPCC",AQI Hourly,11:00:00,float,unknown,96.0 | 146.0 | 140.0,30,5,16.67,False
"Dwarka-Sector 8, Delhi - DPCC/AQI Hourly/aqi_hourly_station_level_dwarka-sector_8,_delhi_-_dpcc__2025_June_delhi_2025.xlsx",Sheet1,"Dwarka-Sector 8, Delhi - DPCC",AQI Hourly,12:00:00,float,unknown,143.0 | 158.0 | 183.0,30,6,20.0,False
"Dwarka-Sector 8, Delhi - DPCC/AQI Hourly/aqi_hourly_station_level_dwarka-sector_8,_delhi_-_dpcc__2025_June_delhi_2025.xlsx",Sheet1,"Dwarka-Sector 8, Delhi - DPCC",AQI Hourly,13:00:00,float,unknown,157.0 | 158.0 | 336.0,30,6,20.0,False
"Dwarka-Sector 8, Delhi - DPCC/AQI Hourly/aqi_hourly_station_level_dwarka-sector_8,_delhi_-_dpcc__2025_June_delhi_2025.xlsx",Sheet1,"Dwarka-Sector 8, Delhi - DPCC",AQI Hourly,14:00:00,float,unknown,145.0 | 331.0 | 188.0,30,6,20.0,False
"Dwarka-Sector 8, Delhi - DPCC/AQI Hourly/aqi_hourly_station_level_dwarka-sector_8,_delhi_-_dpcc__2025_June_delhi_2025.xlsx",Sheet1,"Dwarka-Sector 8, Delhi - DPCC",AQI Hourly,15:00:00,float,unknown,257.0 | 146.0 | 307.0,30,5,16.67,False
"Dwarka-Sector 8, Delhi - DPCC/AQI Hourly/aqi_hourly_station_level_dwarka-sector_8,_delhi_-_dpcc__2025_June_delhi_2025.xlsx",Sheet1,"Dwarka-Sector 8, Delhi - DPCC",AQI Hourly,16:00:00,float,unknown,230.0 | 146.0 | 301.0,30,5,16.67,False
"Dwarka-Sector 8, Delhi - DPCC/AQI Hourly/aqi_hourly_station_level_dwarka-sector_8,_delhi_-_dpcc__2025_June_delhi_2025.xlsx",Sheet1,"Dwarka-Sector 8, Delhi - DPCC",AQI Hourly,17:00:00,float,unknown,230.0 | 145.0 | 300.0,30,5,16.67,False
"Dwarka-Sector 8, Delhi - DPCC/AQI Hourly/aqi_hourly_station_level_dwarka-sector_8,_delhi_-_dpcc__2025_June_delhi_2025.xlsx",Sheet1,"Dwarka-Sector 8, Delhi - DPCC",AQI Hourly,18:00:00,float,unknown,168.0 | 152.0 | 277.0,30,7,23.33,False
"Dwarka-Sector 8, Delhi - DPCC/AQI Hourly/aqi_hourly_station_level_dwarka-sector_8,_delhi_-_dpcc__2025_June_delhi_2025.xlsx",Sheet1,"Dwarka-Sector 8, Delhi - DPCC",AQI Hourly,19:00:00,float,unknown,167.0 | 146.0 | 198.0,30,5,16.67,False
"Dwarka-Sector 8, Delhi - DPCC/AQI Hourly/aqi_hourly_station_level_dwarka-sector_8,_delhi_-_dpcc__2025_June_delhi_2025.xlsx",Sheet1,"Dwarka-Sector 8, Delhi - DPCC",AQI Hourly,20:00:00,float,unknown,164.0 | 145.0 | 198.0,30,5,16.67,False
"Dwarka-Sector 8, Delhi - DPCC/AQI Hourly/aqi_hourly_station_level_dwarka-sector_8,_delhi_-_dpcc__2025_June_delhi_2025.xlsx",Sheet1,"Dwarka-Sector 8, Delhi - DPCC",AQI Hourly,21:00:00,float,unknown,157.0 | 145.0 | 250.0,30,5,16.67,False
"Dwarka-Sector 8, Delhi - DPCC/AQI Hourly/aqi_hourly_station_level_dwarka-sector_8,_delhi_-_dpcc__2025_June_delhi_2025.xlsx",Sheet1,"Dwarka-Sector 8, Delhi - DPCC",AQI Hourly,22:00:00,float,unknown,144.0 | 148.0 | 216.0,30,5,16.67,False
"Dwarka-Sector 8, Delhi - DPCC/AQI Hourly/aqi_hourly_station_level_dwarka-sector_8,_delhi_-_dpcc__2025_June_delhi_2025.xlsx",Sheet1,"Dwarka-Sector 8, Delhi - DPCC",AQI Hourly,23:00:00,float,unknown,141.0 | 150.0 | 190.0,30,5,16.67,False
"Dwarka-Sector 8, Delhi - DPCC/AQI Hourly/aqi_hourly_station_level_dwarka-sector_8,_delhi_-_dpcc__2025_March_delhi_2025.xlsx",Sheet1,"Dwarka-Sector 8, Delhi - DPCC",AQI Hourly,Date,int,timestamp,1 | 2 | 3,31,0,0.0,False
"Dwarka-Sector 8, Delhi - DPCC/AQI Hourly/aqi_hourly_station_level_dwarka-sector_8,_delhi_-_dpcc__2025_March_delhi_2025.xlsx",Sheet1,"Dwarka-Sector 8, Delhi - DPCC",AQI Hourly,00:00:00,float,unknown,115.0 | 119.0 | 129.0,31,2,6.45,False
"Dwarka-Sector 8, Delhi - DPCC/AQI Hourly/aqi_hourly_station_level_dwarka-sector_8,_delhi_-_dpcc__2025_March_delhi_2025.xlsx",Sheet1,"Dwarka-Sector 8, Delhi - DPCC",AQI Hourly,01:00:00,float,unknown,115.0 | 122.0 | 134.0,31,3,9.68,False
"Dwarka-Sector 8, Delhi - DPCC/AQI Hourly/aqi_hourly_station_level_dwarka-sector_8,_delhi_-_dpcc__2025_March_delhi_2025.xlsx",Sheet1,"Dwarka-Sector 8, Delhi - DPCC",AQI Hourly,02:00:00,float,unknown,113.0 | 126.0 | 140.0,31,3,9.68,False
"Dwarka-Sector 8, Delhi - DPCC/AQI Hourly/aqi_hourly_station_level_dwarka-sector_8,_delhi_-_dpcc__2025_March_delhi_2025.xlsx",Sheet1,"Dwarka-Sector 8, Delhi - DPCC",AQI Hourly,03:00:00,float,unknown,113.0 | 129.0 | 140.0,31,4,12.9,False
"Dwarka-Sector 8, Delhi - DPCC/AQI Hourly/aqi_hourly_station_level_dwarka-sector_8,_delhi_-_dpcc__2025_March_delhi_2025.xlsx",Sheet1,"Dwarka-Sector 8, Delhi - DPCC",AQI Hourly,04:00:00,float,unknown,113.0 | 134.0 | 139.0,31,4,12.9,False
"Dwarka-Sector 8, Delhi - DPCC/AQI Hourly/aqi_hourly_station_level_dwarka-sector_8,_delhi_-_dpcc__2025_March_delhi_2025.xlsx",Sheet1,"Dwarka-Sector 8, Delhi - DPCC",AQI Hourly,05:00:00,float,unknown,113.0 | 138.0 | 140.0,31,3,9.68,False
"Dwarka-Sector 8, Delhi - DPCC/AQI Hourly/aqi_hourly_station_level_dwarka-sector_8,_delhi_-_dpcc__2025_March_delhi_2025.xlsx",Sheet1,"Dwarka-Sector 8, Delhi - DPCC",AQI Hourly,06:00:00,float,unknown,114.0 | 140.0 | 140.0,31,2,6.45,False
"Dwarka-Sector 8, Delhi - DPCC/AQI Hourly/aqi_hourly_station_level_dwarka-sector_8,_delhi_-_dpcc__2025_March_delhi_2025.xlsx",Sheet1,"Dwarka-Sector 8, Delhi - DPCC",AQI Hourly,07:00:00,float,unknown,114.0 | 141.0 | 142.0,31,2,6.45,False
"Dwarka-Sector 8, Delhi - DPCC/AQI Hourly/aqi_hourly_station_level_dwarka-sector_8,_delhi_-_dpcc__2025_March_delhi_2025.xlsx",Sheet1,"Dwarka-Sector 8, Delhi - DPCC",AQI Hourly,08:00:00,float,unknown,113.0 | 142.0 | 144.0,31,2,6.45,False
"Dwarka-Sector 8, Delhi - DPCC/AQI Hourly/aqi_hourly_station_level_dwarka-sector_8,_delhi_-_dpcc__2025_March_delhi_2025.xlsx",Sheet1,"Dwarka-Sector 8, Delhi - DPCC",AQI Hourly,09:00:00,float,unknown,112.0 | 145.0 | 146.0,31,2,6.45,False
"Dwarka-Sector 8, Delhi - DPCC/AQI Hourly/aqi_hourly_station_level_dwarka-sector_8,_delhi_-_dpcc__2025_March_delhi_2025.xlsx",Sheet1,"Dwarka-Sector 8, Delhi - DPCC",AQI Hourly,10:00:00,float,unknown,109.0 | 147.0 | 151.0,31,2,6.45,False
"Dwarka-Sector 8, Delhi - DPCC/AQI Hourly/aqi_hourly_station_level_dwarka-sector_8,_delhi_-_dpcc__2025_March_delhi_2025.xlsx",Sheet1,"Dwarka-Sector 8, Delhi - DPCC",AQI Hourly,11:00:00,float,unknown,109.0 | 147.0 | 156.0,31,3,9.68,False
"Dwarka-Sector 8, Delhi - DPCC/AQI Hourly/aqi_hourly_station_level_dwarka-sector_8,_delhi_-_dpcc__2025_March_delhi_2025.xlsx",Sheet1,"Dwarka-Sector 8, Delhi - DPCC",AQI Hourly,12:00:00,float,unknown,110.0 | 147.0 | 161.0,31,2,6.45,False
"Dwarka-Sector 8, Delhi - DPCC/AQI Hourly/aqi_hourly_station_level_dwarka-sector_8,_delhi_-_dpcc__2025_March_delhi_2025.xlsx",Sheet1,"Dwarka-Sector 8, Delhi - DPCC",AQI Hourly,13:00:00,float,unknown,112.0 | 143.0 | 163.0,31,2,6.45,False
"Dwarka-Sector 8, Delhi - DPCC/AQI Hourly/aqi_hourly_station_level_dwarka-sector_8,_delhi_-_dpcc__2025_March_delhi_2025.xlsx",Sheet1,"Dwarka-Sector 8, Delhi - DPCC",AQI Hourly,14:00:00,float,unknown,115.0 | 138.0 | 165.0,31,2,6.45,False
"Dwarka-Sector 8, Delhi - DPCC/AQI Hourly/aqi_hourly_station_level_dwarka-sector_8,_delhi_-_dpcc__2025_March_delhi_2025.xlsx",Sheet1,"Dwarka-Sector 8, Delhi - DPCC",AQI Hourly,15:00:00,float,unknown,117.0 | 133.0 | 167.0,31,2,6.45,False
"Dwarka-Sector 8, Delhi - DPCC/AQI Hourly/aqi_hourly_station_level_dwarka-sector_8,_delhi_-_dpcc__2025_March_delhi_2025.xlsx",Sheet1,"Dwarka-Sector 8, Delhi - DPCC",AQI Hourly,16:00:00,float,unknown,118.0 | 129.0 | 167.0,31,1,3.23,False
"Dwarka-Sector 8, Delhi - DPCC/AQI Hourly/aqi_hourly_station_level_dwarka-sector_8,_delhi_-_dpcc__2025_March_delhi_2025.xlsx",Sheet1,"Dwarka-Sector 8, Delhi - DPCC",AQI Hourly,17:00:00,float,unknown,118.0 | 129.0 | 170.0,31,1,3.23,False
"Dwarka-Sector 8, Delhi - DPCC/AQI Hourly/aqi_hourly_station_level_dwarka-sector_8,_delhi_-_dpcc__2025_March_delhi_2025.xlsx",Sheet1,"Dwarka-Sector 8, Delhi - DPCC",AQI Hourly,18:00:00,float,unknown,117.0 | 126.0 | 173.0,31,1,3.23,False
"Dwarka-Sector 8, Delhi - DPCC/AQI Hourly/aqi_hourly_station_level_dwarka-sector_8,_delhi_-_dpcc__2025_March_delhi_2025.xlsx",Sheet1,"Dwarka-Sector 8, Delhi - DPCC",AQI Hourly,19:00:00,float,unknown,116.0 | 120.0 | 176.0,31,1,3.23,False
"Dwarka-Sector 8, Delhi - DPCC/AQI Hourly/aqi_hourly_station_level_dwarka-sector_8,_delhi_-_dpcc__2025_March_delhi_2025.xlsx",Sheet1,"Dwarka-Sector 8, Delhi - DPCC",AQI Hourly,20:00:00,float,unknown,116.0 | 120.0 | 178.0,31,1,3.23,False
"Dwarka-Sector 8, Delhi - DPCC/AQI Hourly/aqi_hourly_station_level_dwarka-sector_8,_delhi_-_dpcc__2025_March_delhi_2025.xlsx",Sheet1,"Dwarka-Sector 8, Delhi - DPCC",AQI Hourly,21:00:00,float,unknown,116.0 | 120.0 | 180.0,31,1,3.23,False
"Dwarka-Sector 8, Delhi - DPCC/AQI Hourly/aqi_hourly_station_level_dwarka-sector_8,_delhi_-_dpcc__2025_March_delhi_2025.xlsx",Sheet1,"Dwarka-Sector 8, Delhi - DPCC",AQI Hourly,22:00:00,float,unknown,117.0 | 122.0 | 179.0,31,2,6.45,False
"Dwarka-Sector 8, Delhi - DPCC/AQI Hourly/aqi_hourly_station_level_dwarka-sector_8,_delhi_-_dpcc__2025_March_delhi_2025.xlsx",Sheet1,"Dwarka-Sector 8, Delhi - DPCC",AQI Hourly,23:00:00,float,unknown,117.0 | 126.0 | 177.0,31,2,6.45,False
"Dwarka-Sector 8, Delhi - DPCC/AQI Hourly/aqi_hourly_station_level_dwarka-sector_8,_delhi_-_dpcc__2025_May_delhi_2025.xlsx",Sheet1,"Dwarka-Sector 8, Delhi - DPCC",AQI Hourly,Date,int,timestamp,1 | 2 | 3,31,0,0.0,False
"Dwarka-Sector 8, Delhi - DPCC/AQI Hourly/aqi_hourly_station_level_dwarka-sector_8,_delhi_-_dpcc__2025_May_delhi_2025.xlsx",Sheet1,"Dwarka-Sector 8, Delhi - DPCC",AQI Hourly,00:00:00,float,unknown,172.0 | 191.0 | 130.0,31,1,3.23,False
"Dwarka-Sector 8, Delhi - DPCC/AQI Hourly/aqi_hourly_station_level_dwarka-sector_8,_delhi_-_dpcc__2025_May_delhi_2025.xlsx",Sheet1,"Dwarka-Sector 8, Delhi - DPCC",AQI Hourly,01:00:00,float,unknown,171.0 | 186.0 | 131.0,31,2,6.45,False
"Dwarka-Sector 8, Delhi - DPCC/AQI Hourly/aqi_hourly_station_level_dwarka-sector_8,_delhi_-_dpcc__2025_May_delhi_2025.xlsx",Sheet1,"Dwarka-Sector 8, Delhi - DPCC",AQI Hourly,02:00:00,float,unknown,170.0 | 174.0 | 131.0,31,1,3.23,False
"Dwarka-Sector 8, Delhi - DPCC/AQI Hourly/aqi_hourly_station_level_dwarka-sector_8,_delhi_-_dpcc__2025_May_delhi_2025.xlsx",Sheet1,"Dwarka-Sector 8, Delhi - DPCC",AQI Hourly,03:00:00,float,unknown,169.0 | 175.0 | 133.0,31,2,6.45,False
"Dwarka-Sector 8, Delhi - DPCC/AQI Hourly/aqi_hourly_station_level_dwarka-sector_8,_delhi_-_dpcc__2025_May_delhi_2025.xlsx",Sheet1,"Dwarka-Sector 8, Delhi - DPCC",AQI Hourly,04:00:00,float,unknown,169.0 | 191.0 | 117.0,31,1,3.23,False
"Dwarka-Sector 8, Delhi - DPCC/AQI Hourly/aqi_hourly_station_level_dwarka-sector_8,_delhi_-_dpcc__2025_May_delhi_2025.xlsx",Sheet1,"Dwarka-Sector 8, Delhi - DPCC",AQI Hourly,05:00:00,float,unknown,168.0 | 193.0 | 116.0,31,1,3.23,False
"Dwarka-Sector 8, Delhi - DPCC/AQI Hourly/aqi_hourly_station_level_dwarka-sector_8,_delhi_-_dpcc__2025_May_delhi_2025.xlsx",Sheet1,"Dwarka-Sector 8, Delhi - DPCC",AQI Hourly,06:00:00,float,unknown,168.0 | 193.0 | 117.0,31,1,3.23,False
"Dwarka-Sector 8, Delhi - DPCC/AQI Hourly/aqi_hourly_station_level_dwarka-sector_8,_delhi_-_dpcc__2025_May_delhi_2025.xlsx",Sheet1,"Dwarka-Sector 8, Delhi - DPCC",AQI Hourly,07:00:00,float,unknown,168.0 | 189.0 | 123.0,31,1,3.23,False
"Dwarka-Sector 8, Delhi - DPCC/AQI Hourly/aqi_hourly_station_level_dwarka-sector_8,_delhi_-_dpcc__2025_May_delhi_2025.xlsx",Sheet1,"Dwarka-Sector 8, Delhi - DPCC",AQI Hourly,08:00:00,int,unknown,168 | 183 | 135,31,0,0.0,False
"Dwarka-Sector 8, Delhi - DPCC/AQI Hourly/aqi_hourly_station_level_dwarka-sector_8,_delhi_-_dpcc__2025_May_delhi_2025.xlsx",Sheet1,"Dwarka-Sector 8, Delhi - DPCC",AQI Hourly,09:00:00,int,unknown,169 | 176 | 147,31,0,0.0,False
"Dwarka-Sector 8, Delhi - DPCC/AQI Hourly/aqi_hourly_station_level_dwarka-sector_8,_delhi_-_dpcc__2025_May_delhi_2025.xlsx",Sheet1,"Dwarka-Sector 8, Delhi - DPCC",AQI Hourly,10:00:00,float,unknown,168.0 | 169.0 | 160.0,31,1,3.23,False
"Dwarka-Sector 8, Delhi - DPCC/AQI Hourly/aqi_hourly_station_level_dwarka-sector_8,_delhi_-_dpcc__2025_May_delhi_2025.xlsx",Sheet1,"Dwarka-Sector 8, Delhi - DPCC",AQI Hourly,11:00:00,int,unknown,168 | 163 | 172,31,0,0.0,False
"Dwarka-Sector 8, Delhi - DPCC/AQI Hourly/aqi_hourly_station_level_dwarka-sector_8,_delhi_-_dpcc__2025_May_delhi_2025.xlsx",Sheet1,"Dwarka-Sector 8, Delhi - DPCC",AQI Hourly,12:00:00,int,unknown,167 | 157 | 181,31,0,0.0,False
"Dwarka-Sector 8, Delhi - DPCC/AQI Hourly/aqi_hourly_station_level_dwarka-sector_8,_delhi_-_dpcc__2025_May_delhi_2025.xlsx",Sheet1,"Dwarka-Sector 8, Delhi - DPCC",AQI Hourly,13:00:00,int,unknown,167 | 153 | 183,31,0,0.0,False
"Dwarka-Sector 8, Delhi - DPCC/AQI Hourly/aqi_hourly_station_level_dwarka-sector_8,_delhi_-_dpcc__2025_May_delhi_2025.xlsx",Sheet1,"Dwarka-Sector 8, Delhi - DPCC",AQI Hourly,14:00:00,int,unknown,179 | 157 | 184,31,0,0.0,False
"Dwarka-Sector 8, Delhi - DPCC/AQI Hourly/aqi_hourly_station_level_dwarka-sector_8,_delhi_-_dpcc__2025_May_delhi_2025.xlsx",Sheet1,"Dwarka-Sector 8, Delhi - DPCC",AQI Hourly,15:00:00,int,unknown,167 | 145 | 203,31,0,0.0,False
"Dwarka-Sector 8, Delhi - DPCC/AQI Hourly/aqi_hourly_station_level_dwarka-sector_8,_delhi_-_dpcc__2025_May_delhi_2025.xlsx",Sheet1,"Dwarka-Sector 8, Delhi - DPCC",AQI Hourly,16:00:00,int,unknown,169 | 142 | 234,31,0,0.0,False
"Dwarka-Sector 8, Delhi - DPCC/AQI Hourly/aqi_hourly_station_level_dwarka-sector_8,_delhi_-_dpcc__2025_May_delhi_2025.xlsx",Sheet1,"Dwarka-Sector 8, Delhi - DPCC",AQI Hourly,17:00:00,int,unknown,262 | 141 | 204,31,0,0.0,False
"Dwarka-Sector 8, Delhi - DPCC/AQI Hourly/aqi_hourly_station_level_dwarka-sector_8,_delhi_-_dpcc__2025_May_delhi_2025.xlsx",Sheet1,"Dwarka-Sector 8, Delhi - DPCC",AQI Hourly,18:00:00,float,unknown,280.0 | 173.0 | 241.0,31,1,3.23,False
"Dwarka-Sector 8, Delhi - DPCC/AQI Hourly/aqi_hourly_station_level_dwarka-sector_8,_delhi_-_dpcc__2025_May_delhi_2025.xlsx",Sheet1,"Dwarka-Sector 8, Delhi - DPCC",AQI Hourly,19:00:00,int,unknown,217 | 163 | 181,31,0,0.0,False
"Dwarka-Sector 8, Delhi - DPCC/AQI Hourly/aqi_hourly_station_level_dwarka-sector_8,_delhi_-_dpcc__2025_May_delhi_2025.xlsx",Sheet1,"Dwarka-Sector 8, Delhi - DPCC",AQI Hourly,20:00:00,int,unknown,172 | 132 | 181,31,0,0.0,False
"Dwarka-Sector 8, Delhi - DPCC/AQI Hourly/aqi_hourly_station_level_dwarka-sector_8,_delhi_-_dpcc__2025_May_delhi_2025.xlsx",Sheet1,"Dwarka-Sector 8, Delhi - DPCC",AQI Hourly,21:00:00,float,unknown,172.0 | 128.0 | 184.0,31,1,3.23,False
"Dwarka-Sector 8, Delhi - DPCC/AQI Hourly/aqi_hourly_station_level_dwarka-sector_8,_delhi_-_dpcc__2025_May_delhi_2025.xlsx",Sheet1,"Dwarka-Sector 8, Delhi - DPCC",AQI Hourly,22:00:00,float,unknown,174.0 | 127.0 | 186.0,31,1,3.23,False
"Dwarka-Sector 8, Delhi - DPCC/AQI Hourly/aqi_hourly_station_level_dwarka-sector_8,_delhi_-_dpcc__2025_May_delhi_2025.xlsx",Sheet1,"Dwarka-Sector 8, Delhi - DPCC",AQI Hourly,23:00:00,float,unknown,174.0 | 128.0 | 187.0,31,1,3.23,False
"Dwarka-Sector 8, Delhi - DPCC/AQI Hourly/aqi_hourly_station_level_dwarka-sector_8,_delhi_-_dpcc__2025_November_delhi_2025.xlsx",Sheet1,"Dwarka-Sector 8, Delhi - DPCC",AQI Hourly,Date,int,timestamp,1 | 2 | 3,30,0,0.0,False
"Dwarka-Sector 8, Delhi - DPCC/AQI Hourly/aqi_hourly_station_level_dwarka-sector_8,_delhi_-_dpcc__2025_November_delhi_2025.xlsx",Sheet1,"Dwarka-Sector 8, Delhi - DPCC",AQI Hourly,00:00:00,float,unknown,235.0 | 381.0 | 357.0,30,1,3.33,False
"Dwarka-Sector 8, Delhi - DPCC/AQI Hourly/aqi_hourly_station_level_dwarka-sector_8,_delhi_-_dpcc__2025_November_delhi_2025.xlsx",Sheet1,"Dwarka-Sector 8, Delhi - DPCC",AQI Hourly,01:00:00,int,unknown,237 | 382 | 355,30,0,0.0,False
"Dwarka-Sector 8, Delhi - DPCC/AQI Hourly/aqi_hourly_station_level_dwarka-sector_8,_delhi_-_dpcc__2025_November_delhi_2025.xlsx",Sheet1,"Dwarka-Sector 8, Delhi - DPCC",AQI Hourly,02:00:00,float,unknown,241.0 | 383.0 | 354.0,30,1,3.33,False
"Dwarka-Sector 8, Delhi - DPCC/AQI Hourly/aqi_hourly_station_level_dwarka-sector_8,_delhi_-_dpcc__2025_November_delhi_2025.xlsx",Sheet1,"Dwarka-Sector 8, Delhi - DPCC",AQI Hourly,03:00:00,int,unknown,246 | 385 | 352,30,0,0.0,False
"Dwarka-Sector 8, Delhi - DPCC/AQI Hourly/aqi_hourly_station_level_dwarka-sector_8,_delhi_-_dpcc__2025_November_delhi_2025.xlsx",Sheet1,"Dwarka-Sector 8, Delhi - DPCC",AQI Hourly,04:00:00,int,unknown,249 | 389 | 349,30,0,0.0,False
"Dwarka-Sector 8, Delhi - DPCC/AQI Hourly/aqi_hourly_station_level_dwarka-sector_8,_delhi_-_dpcc__2025_November_delhi_2025.xlsx",Sheet1,"Dwarka-Sector 8, Delhi - DPCC",AQI Hourly,05:00:00,int,unknown,253 | 394 | 347,30,0,0.0,False
"Dwarka-Sector 8, Delhi - DPCC/AQI Hourly/aqi_hourly_station_level_dwarka-sector_8,_delhi_-_dpcc__2025_November_delhi_2025.xlsx",Sheet1,"Dwarka-Sector 8, Delhi - DPCC",AQI Hourly,06:00:00,float,unknown,255.0 | 401.0 | 344.0,30,1,3.33,False
"Dwarka-Sector 8, Delhi - DPCC/AQI Hourly/aqi_hourly_station_level_dwarka-sector_8,_delhi_-_dpcc__2025_November_delhi_2025.xlsx",Sheet1,"Dwarka-Sector 8, Delhi - DPCC",AQI Hourly,07:00:00,int,unknown,257 | 407 | 340,30,0,0.0,False
"Dwarka-Sector 8, Delhi - DPCC/AQI Hourly/aqi_hourly_station_level_dwarka-sector_8,_delhi_-_dpcc__2025_November_delhi_2025.xlsx",Sheet1,"Dwarka-Sector 8, Delhi - DPCC",AQI Hourly,08:00:00,int,unknown,260 | 412 | 337,30,0,0.0,False
"Dwarka-Sector 8, Delhi - DPCC/AQI Hourly/aqi_hourly_station_level_dwarka-sector_8,_delhi_-_dpcc__2025_November_delhi_2025.xlsx",Sheet1,"Dwarka-Sector 8, Delhi - DPCC",AQI Hourly,09:00:00,int,unknown,263 | 416 | 334,30,0,0.0,False
"Dwarka-Sector 8, Delhi - DPCC/AQI Hourly/aqi_hourly_station_level_dwarka-sector_8,_delhi_-_dpcc__2025_November_delhi_2025.xlsx",Sheet1,"Dwarka-Sector 8, Delhi - DPCC",AQI Hourly,10:00:00,int,unknown,268 | 418 | 329,30,0,0.0,False
"Dwarka-Sector 8, Delhi - DPCC/AQI Hourly/aqi_hourly_station_level_dwarka-sector_8,_delhi_-_dpcc__2025_November_delhi_2025.xlsx",Sheet1,"Dwarka-Sector 8, Delhi - DPCC",AQI Hourly,11:00:00,int,unknown,275 | 418 | 324,30,0,0.0,False
"Dwarka-Sector 8, Delhi - DPCC/AQI Hourly/aqi_hourly_station_level_dwarka-sector_8,_delhi_-_dpcc__2025_November_delhi_2025.xlsx",Sheet1,"Dwarka-Sector 8, Delhi - DPCC",AQI Hourly,12:00:00,int,unknown,285 | 417 | 318,30,0,0.0,False
"Dwarka-Sector 8, Delhi - DPCC/AQI Hourly/aqi_hourly_station_level_dwarka-sector_8,_delhi_-_dpcc__2025_November_delhi_2025.xlsx",Sheet1,"Dwarka-Sector 8, Delhi - DPCC",AQI Hourly,13:00:00,int,unknown,295 | 415 | 313,30,0,0.0,False
"Dwarka-Sector 8, Delhi - DPCC/AQI Hourly/aqi_hourly_station_level_dwarka-sector_8,_delhi_-_dpcc__2025_November_delhi_2025.xlsx",Sheet1,"Dwarka-Sector 8, Delhi - DPCC",AQI Hourly,14:00:00,int,unknown,304 | 413 | 309,30,0,0.0,False
"Dwarka-Sector 8, Delhi - DPCC/AQI Hourly/aqi_hourly_station_level_dwarka-sector_8,_delhi_-_dpcc__2025_November_delhi_2025.xlsx",Sheet1,"Dwarka-Sector 8, Delhi - DPCC",AQI Hourly,15:00:00,int,unknown,313 | 408 | 303,30,0,0.0,False
"Dwarka-Sector 8, Delhi - DPCC/AQI Hourly/aqi_hourly_station_level_dwarka-sector_8,_delhi_-_dpcc__2025_November_delhi_2025.xlsx",Sheet1,"Dwarka-Sector 8, Delhi - DPCC",AQI Hourly,16:00:00,int,unknown,321 | 399 | 303,30,0,0.0,False
"Dwarka-Sector 8, Delhi - DPCC/AQI Hourly/aqi_hourly_station_level_dwarka-sector_8,_delhi_-_dpcc__2025_November_delhi_2025.xlsx",Sheet1,"Dwarka-Sector 8, Delhi - DPCC",AQI Hourly,17:00:00,int,unknown,331 | 392 | 294,30,0,0.0,False
"Dwarka-Sector 8, Delhi - DPCC/AQI Hourly/aqi_hourly_station_level_dwarka-sector_8,_delhi_-_dpcc__2025_November_delhi_2025.xlsx",Sheet1,"Dwarka-Sector 8, Delhi - DPCC",AQI Hourly,18:00:00,int,unknown,343 | 385 | 287,30,0,0.0,False
"Dwarka-Sector 8, Delhi - DPCC/AQI Hourly/aqi_hourly_station_level_dwarka-sector_8,_delhi_-_dpcc__2025_November_delhi_2025.xlsx",Sheet1,"Dwarka-Sector 8, Delhi - DPCC",AQI Hourly,19:00:00,int,unknown,352 | 379 | 282,30,0,0.0,False
"Dwarka-Sector 8, Delhi - DPCC/AQI Hourly/aqi_hourly_station_level_dwarka-sector_8,_delhi_-_dpcc__2025_November_delhi_2025.xlsx",Sheet1,"Dwarka-Sector 8, Delhi - DPCC",AQI Hourly,20:00:00,int,unknown,360 | 373 | 282,30,0,0.0,False
"Dwarka-Sector 8, Delhi - DPCC/AQI Hourly/aqi_hourly_station_level_dwarka-sector_8,_delhi_-_dpcc__2025_November_delhi_2025.xlsx",Sheet1,"Dwarka-Sector 8, Delhi - DPCC",AQI Hourly,21:00:00,int,unknown,367 | 368 | 282,30,0,0.0,False
"Dwarka-Sector 8, Delhi - DPCC/AQI Hourly/aqi_hourly_station_level_dwarka-sector_8,_delhi_-_dpcc__2025_November_delhi_2025.xlsx",Sheet1,"Dwarka-Sector 8, Delhi - DPCC",AQI Hourly,22:00:00,int,unknown,372 | 364 | 282,30,0,0.0,False
"Dwarka-Sector 8, Delhi - DPCC/AQI Hourly/aqi_hourly_station_level_dwarka-sector_8,_delhi_-_dpcc__2025_November_delhi_2025.xlsx",Sheet1,"Dwarka-Sector 8, Delhi - DPCC",AQI Hourly,23:00:00,int,unknown,377 | 364 | 284,30,0,0.0,False
"Dwarka-Sector 8, Delhi - DPCC/AQI Hourly/aqi_hourly_station_level_dwarka-sector_8,_delhi_-_dpcc__2025_October_delhi_2025.xlsx",Sheet1,"Dwarka-Sector 8, Delhi - DPCC",AQI Hourly,Date,int,timestamp,1 | 2 | 3,31,0,0.0,False
"Dwarka-Sector 8, Delhi - DPCC/AQI Hourly/aqi_hourly_station_level_dwarka-sector_8,_delhi_-_dpcc__2025_October_delhi_2025.xlsx",Sheet1,"Dwarka-Sector 8, Delhi - DPCC",AQI Hourly,00:00:00,float,unknown,115.0 | 132.0 | 209.0,31,3,9.68,False
"Dwarka-Sector 8, Delhi - DPCC/AQI Hourly/aqi_hourly_station_level_dwarka-sector_8,_delhi_-_dpcc__2025_October_delhi_2025.xlsx",Sheet1,"Dwarka-Sector 8, Delhi - DPCC",AQI Hourly,01:00:00,float,unknown,111.0 | 136.0 | 204.0,31,2,6.45,False
"Dwarka-Sector 8, Delhi - DPCC/AQI Hourly/aqi_hourly_station_level_dwarka-sector_8,_delhi_-_dpcc__2025_October_delhi_2025.xlsx",Sheet1,"Dwarka-Sector 8, Delhi - DPCC",AQI Hourly,02:00:00,float,unknown,106.0 | 140.0 | 180.0,31,1,3.23,False
"Dwarka-Sector 8, Delhi - DPCC/AQI Hourly/aqi_hourly_station_level_dwarka-sector_8,_delhi_-_dpcc__2025_October_delhi_2025.xlsx",Sheet1,"Dwarka-Sector 8, Delhi - DPCC",AQI Hourly,03:00:00,float,unknown,104.0 | 142.0 | 178.0,31,1,3.23,False
"Dwarka-Sector 8, Delhi - DPCC/AQI Hourly/aqi_hourly_station_level_dwarka-sector_8,_delhi_-_dpcc__2025_October_delhi_2025.xlsx",Sheet1,"Dwarka-Sector 8, Delhi - DPCC",AQI Hourly,04:00:00,float,unknown,101.0 | 144.0 | 177.0,31,3,9.68,False
"Dwarka-Sector 8, Delhi - DPCC/AQI Hourly/aqi_hourly_station_level_dwarka-sector_8,_delhi_-_dpcc__2025_October_delhi_2025.xlsx",Sheet1,"Dwarka-Sector 8, Delhi - DPCC",AQI Hourly,05:00:00,float,unknown,99.0 | 147.0 | 175.0,31,1,3.23,False
"Dwarka-Sector 8, Delhi - DPCC/AQI Hourly/aqi_hourly_station_level_dwarka-sector_8,_delhi_-_dpcc__2025_October_delhi_2025.xlsx",Sheet1,"Dwarka-Sector 8, Delhi - DPCC",AQI Hourly,06:00:00,float,unknown,95.0 | 150.0 | 175.0,31,1,3.23,False
"Dwarka-Sector 8, Delhi - DPCC/AQI Hourly/aqi_hourly_station_level_dwarka-sector_8,_delhi_-_dpcc__2025_October_delhi_2025.xlsx",Sheet1,"Dwarka-Sector 8, Delhi - DPCC",AQI Hourly,07:00:00,float,unknown,91.0 | 156.0 | 178.0,31,2,6.45,False
"Dwarka-Sector 8, Delhi - DPCC/AQI Hourly/aqi_hourly_station_level_dwarka-sector_8,_delhi_-_dpcc__2025_October_delhi_2025.xlsx",Sheet1,"Dwarka-Sector 8, Delhi - DPCC",AQI Hourly,08:00:00,float,unknown,84.0 | 160.0 | 188.0,31,2,6.45,False
"Dwarka-Sector 8, Delhi - DPCC/AQI Hourly/aqi_hourly_station_level_dwarka-sector_8,_delhi_-_dpcc__2025_October_delhi_2025.xlsx",Sheet1,"Dwarka-Sector 8, Delhi - DPCC",AQI Hourly,09:00:00,float,unknown,82.0 | 165.0 | 195.0,31,2,6.45,False
"Dwarka-Sector 8, Delhi - DPCC/AQI Hourly/aqi_hourly_station_level_dwarka-sector_8,_delhi_-_dpcc__2025_October_delhi_2025.xlsx",Sheet1,"Dwarka-Sector 8, Delhi - DPCC",AQI Hourly,10:00:00,float,unknown,82.0 | 166.0 | 201.0,31,2,6.45,False
"Dwarka-Sector 8, Delhi - DPCC/AQI Hourly/aqi_hourly_station_level_dwarka-sector_8,_delhi_-_dpcc__2025_October_delhi_2025.xlsx",Sheet1,"Dwarka-Sector 8, Delhi - DPCC",AQI Hourly,11:00:00,float,unknown,74.0 | 167.0 | 206.0,31,2,6.45,False
"Dwarka-Sector 8, Delhi - DPCC/AQI Hourly/aqi_hourly_station_level_dwarka-sector_8,_delhi_-_dpcc__2025_October_delhi_2025.xlsx",Sheet1,"Dwarka-Sector 8, Delhi - DPCC",AQI Hourly,12:00:00,float,unknown,75.0 | 168.0 | 210.0,31,2,6.45,False
"Dwarka-Sector 8, Delhi - DPCC/AQI Hourly/aqi_hourly_station_level_dwarka-sector_8,_delhi_-_dpcc__2025_October_delhi_2025.xlsx",Sheet1,"Dwarka-Sector 8, Delhi - DPCC",AQI Hourly,13:00:00,float,unknown,71.0 | 170.0 | 211.0,31,2,6.45,False
"Dwarka-Sector 8, Delhi - DPCC/AQI Hourly/aqi_hourly_station_level_dwarka-sector_8,_delhi_-_dpcc__2025_October_delhi_2025.xlsx",Sheet1,"Dwarka-Sector 8, Delhi - DPCC",AQI Hourly,14:00:00,float,unknown,74.0 | 172.0 | 213.0,31,2,6.45,False
"Dwarka-Sector 8, Delhi - DPCC/AQI Hourly/aqi_hourly_station_level_dwarka-sector_8,_delhi_-_dpcc__2025_October_delhi_2025.xlsx",Sheet1,"Dwarka-Sector 8, Delhi - DPCC",AQI Hourly,15:00:00,float,unknown,78.0 | 174.0 | 215.0,31,2,6.45,False
"Dwarka-Sector 8, Delhi - DPCC/AQI Hourly/aqi_hourly_station_level_dwarka-sector_8,_delhi_-_dpcc__2025_October_delhi_2025.xlsx",Sheet1,"Dwarka-Sector 8, Delhi - DPCC",AQI Hourly,16:00:00,float,unknown,155.0 | 177.0 | 214.0,31,2,6.45,False
"Dwarka-Sector 8, Delhi - DPCC/AQI Hourly/aqi_hourly_station_level_dwarka-sector_8,_delhi_-_dpcc__2025_October_delhi_2025.xlsx",Sheet1,"Dwarka-Sector 8, Delhi - DPCC",AQI Hourly,17:00:00,float,unknown,175.0 | 179.0 | 214.0,31,3,9.68,False
"Dwarka-Sector 8, Delhi - DPCC/AQI Hourly/aqi_hourly_station_level_dwarka-sector_8,_delhi_-_dpcc__2025_October_delhi_2025.xlsx",Sheet1,"Dwarka-Sector 8, Delhi - DPCC",AQI Hourly,18:00:00,float,unknown,113.0 | 181.0 | 217.0,31,3,9.68,False
"Dwarka-Sector 8, Delhi - DPCC/AQI Hourly/aqi_hourly_station_level_dwarka-sector_8,_delhi_-_dpcc__2025_October_delhi_2025.xlsx",Sheet1,"Dwarka-Sector 8, Delhi - DPCC",AQI Hourly,19:00:00,float,unknown,119.0 | 180.0 | 218.0,31,2,6.45,False
"Dwarka-Sector 8, Delhi - DPCC/AQI Hourly/aqi_hourly_station_level_dwarka-sector_8,_delhi_-_dpcc__2025_October_delhi_2025.xlsx",Sheet1,"Dwarka-Sector 8, Delhi - DPCC",AQI Hourly,20:00:00,float,unknown,115.0 | 180.0 | 218.0,31,2,6.45,False
"Dwarka-Sector 8, Delhi - DPCC/AQI Hourly/aqi_hourly_station_level_dwarka-sector_8,_delhi_-_dpcc__2025_October_delhi_2025.xlsx",Sheet1,"Dwarka-Sector 8, Delhi - DPCC",AQI Hourly,21:00:00,float,unknown,107.0 | 177.0 | 223.0,31,2,6.45,False
"Dwarka-Sector 8, Delhi - DPCC/AQI Hourly/aqi_hourly_station_level_dwarka-sector_8,_delhi_-_dpcc__2025_October_delhi_2025.xlsx",Sheet1,"Dwarka-Sector 8, Delhi - DPCC",AQI Hourly,22:00:00,float,unknown,119.0 | 164.0 | 219.0,31,2,6.45,False
"Dwarka-Sector 8, Delhi - DPCC/AQI Hourly/aqi_hourly_station_level_dwarka-sector_8,_delhi_-_dpcc__2025_October_delhi_2025.xlsx",Sheet1,"Dwarka-Sector 8, Delhi - DPCC",AQI Hourly,23:00:00,float,unknown,126.0 | 212.0 | 188.0,31,3,9.68,False
"Dwarka-Sector 8, Delhi - DPCC/AQI Hourly/aqi_hourly_station_level_dwarka-sector_8,_delhi_-_dpcc__2025_September_delhi_2025.xlsx",Sheet1,"Dwarka-Sector 8, Delhi - DPCC",AQI Hourly,Date,int,timestamp,1 | 2 | 3,30,0,0.0,False
"Dwarka-Sector 8, Delhi - DPCC/AQI Hourly/aqi_hourly_station_level_dwarka-sector_8,_delhi_-_dpcc__2025_September_delhi_2025.xlsx",Sheet1,"Dwarka-Sector 8, Delhi - DPCC",AQI Hourly,00:00:00,int,unknown,96 | 40 | 50,30,0,0.0,False
"Dwarka-Sector 8, Delhi - DPCC/AQI Hourly/aqi_hourly_station_level_dwarka-sector_8,_delhi_-_dpcc__2025_September_delhi_2025.xlsx",Sheet1,"Dwarka-Sector 8, Delhi - DPCC",AQI Hourly,01:00:00,int,unknown,93 | 38 | 45,30,0,0.0,False
"Dwarka-Sector 8, Delhi - DPCC/AQI Hourly/aqi_hourly_station_level_dwarka-sector_8,_delhi_-_dpcc__2025_September_delhi_2025.xlsx",Sheet1,"Dwarka-Sector 8, Delhi - DPCC",AQI Hourly,02:00:00,float,unknown,91.0 | 36.0 | 39.0,30,1,3.33,False
"Dwarka-Sector 8, Delhi - DPCC/AQI Hourly/aqi_hourly_station_level_dwarka-sector_8,_delhi_-_dpcc__2025_September_delhi_2025.xlsx",Sheet1,"Dwarka-Sector 8, Delhi - DPCC",AQI Hourly,03:00:00,float,unknown,89.0 | 35.0 | 35.0,30,1,3.33,False
"Dwarka-Sector 8, Delhi - DPCC/AQI Hourly/aqi_hourly_station_level_dwarka-sector_8,_delhi_-_dpcc__2025_September_delhi_2025.xlsx",Sheet1,"Dwarka-Sector 8, Delhi - DPCC",AQI Hourly,04:00:00,int,unknown,88 | 34 | 33,30,0,0.0,False
"Dwarka-Sector 8, Delhi - DPCC/AQI Hourly/aqi_hourly_station_level_dwarka-sector_8,_delhi_-_dpcc__2025_September_delhi_2025.xlsx",Sheet1,"Dwarka-Sector 8, Delhi - DPCC",AQI Hourly,05:00:00,int,unknown,87 | 32 | 33,30,0,0.0,False
"Dwarka-Sector 8, Delhi - DPCC/AQI Hourly/aqi_hourly_station_level_dwarka-sector_8,_delhi_-_dpcc__2025_September_delhi_2025.xlsx",Sheet1,"Dwarka-Sector 8, Delhi - DPCC",AQI Hourly,06:00:00,int,unknown,85 | 31 | 33,30,0,0.0,False
"Dwarka-Sector 8, Delhi - DPCC/AQI Hourly/aqi_hourly_station_level_dwarka-sector_8,_delhi_-_dpcc__2025_September_delhi_2025.xlsx",Sheet1,"Dwarka-Sector 8, Delhi - DPCC",AQI Hourly,07:00:00,int,unknown,84 | 32 | 33,30,0,0.0,False
"Dwarka-Sector 8, Delhi - DPCC/AQI Hourly/aqi_hourly_station_level_dwarka-sector_8,_delhi_-_dpcc__2025_September_delhi_2025.xlsx",Sheet1,"Dwarka-Sector 8, Delhi - DPCC",AQI Hourly,08:00:00,int,unknown,84 | 32 | 33,30,0,0.0,False
"Dwarka-Sector 8, Delhi - DPCC/AQI Hourly/aqi_hourly_station_level_dwarka-sector_8,_delhi_-_dpcc__2025_September_delhi_2025.xlsx",Sheet1,"Dwarka-Sector 8, Delhi - DPCC",AQI Hourly,09:00:00,int,unknown,84 | 32 | 33,30,0,0.0,False
"Dwarka-Sector 8, Delhi - DPCC/AQI Hourly/aqi_hourly_station_level_dwarka-sector_8,_delhi_-_dpcc__2025_September_delhi_2025.xlsx",Sheet1,"Dwarka-Sector 8, Delhi - DPCC",AQI Hourly,10:00:00,float,unknown,81.0 | 32.0 | 34.0,30,1,3.33,False
"Dwarka-Sector 8, Delhi - DPCC/AQI Hourly/aqi_hourly_station_level_dwarka-sector_8,_delhi_-_dpcc__2025_September_delhi_2025.xlsx",Sheet1,"Dwarka-Sector 8, Delhi - DPCC",AQI Hourly,11:00:00,float,unknown,77.0 | 33.0 | 34.0,30,1,3.33,False
"Dwarka-Sector 8, Delhi - DPCC/AQI Hourly/aqi_hourly_station_level_dwarka-sector_8,_delhi_-_dpcc__2025_September_delhi_2025.xlsx",Sheet1,"Dwarka-Sector 8, Delhi - DPCC",AQI Hourly,12:00:00,float,unknown,73.0 | 34.0 | 35.0,30,1,3.33,False
"Dwarka-Sector 8, Delhi - DPCC/AQI Hourly/aqi_hourly_station_level_dwarka-sector_8,_delhi_-_dpcc__2025_September_delhi_2025.xlsx",Sheet1,"Dwarka-Sector 8, Delhi - DPCC",AQI Hourly,13:00:00,int,unknown,69 | 35 | 37,30,0,0.0,False
"Dwarka-Sector 8, Delhi - DPCC/AQI Hourly/aqi_hourly_station_level_dwarka-sector_8,_delhi_-_dpcc__2025_September_delhi_2025.xlsx",Sheet1,"Dwarka-Sector 8, Delhi - DPCC",AQI Hourly,14:00:00,int,unknown,67 | 37 | 39,30,0,0.0,False
"Dwarka-Sector 8, Delhi - DPCC/AQI Hourly/aqi_hourly_station_level_dwarka-sector_8,_delhi_-_dpcc__2025_September_delhi_2025.xlsx",Sheet1,"Dwarka-Sector 8, Delhi - DPCC",AQI Hourly,15:00:00,int,unknown,66 | 41 | 43,30,0,0.0,False
"Dwarka-Sector 8, Delhi - DPCC/AQI Hourly/aqi_hourly_station_level_dwarka-sector_8,_delhi_-_dpcc__2025_September_delhi_2025.xlsx",Sheet1,"Dwarka-Sector 8, Delhi - DPCC",AQI Hourly,16:00:00,int,unknown,62 | 44 | 46,30,0,0.0,False
"Dwarka-Sector 8, Delhi - DPCC/AQI Hourly/aqi_hourly_station_level_dwarka-sector_8,_delhi_-_dpcc__2025_September_delhi_2025.xlsx",Sheet1,"Dwarka-Sector 8, Delhi - DPCC",AQI Hourly,17:00:00,int,unknown,59 | 47 | 46,30,0,0.0,False
"Dwarka-Sector 8, Delhi - DPCC/AQI Hourly/aqi_hourly_station_level_dwarka-sector_8,_delhi_-_dpcc__2025_September_delhi_2025.xlsx",Sheet1,"Dwarka-Sector 8, Delhi - DPCC",AQI Hourly,18:00:00,float,unknown,56.0 | 49.0 | 43.0,30,1,3.33,False
"Dwarka-Sector 8, Delhi - DPCC/AQI Hourly/aqi_hourly_station_level_dwarka-sector_8,_delhi_-_dpcc__2025_September_delhi_2025.xlsx",Sheet1,"Dwarka-Sector 8, Delhi - DPCC",AQI Hourly,19:00:00,int,unknown,51 | 51 | 45,30,0,0.0,False
"Dwarka-Sector 8, Delhi - DPCC/AQI Hourly/aqi_hourly_station_level_dwarka-sector_8,_delhi_-_dpcc__2025_September_delhi_2025.xlsx",Sheet1,"Dwarka-Sector 8, Delhi - DPCC",AQI Hourly,20:00:00,int,unknown,46 | 53 | 52,30,0,0.0,False
"Dwarka-Sector 8, Delhi - DPCC/AQI Hourly/aqi_hourly_station_level_dwarka-sector_8,_delhi_-_dpcc__2025_September_delhi_2025.xlsx",Sheet1,"Dwarka-Sector 8, Delhi - DPCC",AQI Hourly,21:00:00,int,unknown,43 | 53 | 58,30,0,0.0,False
"Dwarka-Sector 8, Delhi - DPCC/AQI Hourly/aqi_hourly_station_level_dwarka-sector_8,_delhi_-_dpcc__2025_September_delhi_2025.xlsx",Sheet1,"Dwarka-Sector 8, Delhi - DPCC",AQI Hourly,22:00:00,int,unknown,41 | 53 | 64,30,0,0.0,False
"Dwarka-Sector 8, Delhi - DPCC/AQI Hourly/aqi_hourly_station_level_dwarka-sector_8,_delhi_-_dpcc__2025_September_delhi_2025.xlsx",Sheet1,"Dwarka-Sector 8, Delhi - DPCC",AQI Hourly,23:00:00,float,unknown,40.0 | 52.0 | 64.0,30,1,3.33,False
"Dwarka-Sector 8, Delhi - DPCC/Raw Data/2023_raw_data_hourly_dwarka-sector_8,_delhi_-_dpcc__1H.csv",sheet1,"Dwarka-Sector 8, Delhi - DPCC",Raw Data,Timestamp,object/string,timestamp,2023-01-01 00:00:00 | 2023-01-01 01:00:00 | 2023-01-01 02:00:00,8760,0,0.0,False
"Dwarka-Sector 8, Delhi - DPCC/Raw Data/2023_raw_data_hourly_dwarka-sector_8,_delhi_-_dpcc__1H.csv",sheet1,"Dwarka-Sector 8, Delhi - DPCC",Raw Data,PM2.5 (µg/m³),float,PM2.5,199.0 | 153.75 | 131.75,8760,279,3.18,False
"Dwarka-Sector 8, Delhi - DPCC/Raw Data/2023_raw_data_hourly_dwarka-sector_8,_delhi_-_dpcc__1H.csv",sheet1,"Dwarka-Sector 8, Delhi - DPCC",Raw Data,PM10 (µg/m³),float,PM10,256.25 | 197.25 | 165.0,8760,356,4.06,False
"Dwarka-Sector 8, Delhi - DPCC/Raw Data/2023_raw_data_hourly_dwarka-sector_8,_delhi_-_dpcc__1H.csv",sheet1,"Dwarka-Sector 8, Delhi - DPCC",Raw Data,NO (µg/m³),float,NO,66.45 | 39.25 | 28.0,8760,289,3.3,False
"Dwarka-Sector 8, Delhi - DPCC/Raw Data/2023_raw_data_hourly_dwarka-sector_8,_delhi_-_dpcc__1H.csv",sheet1,"Dwarka-Sector 8, Delhi - DPCC",Raw Data,NO2 (µg/m³),float,NO2,15.65 | 15.45 | 14.0,8760,286,3.26,False
"Dwarka-Sector 8, Delhi - DPCC/Raw Data/2023_raw_data_hourly_dwarka-sector_8,_delhi_-_dpcc__1H.csv",sheet1,"Dwarka-Sector 8, Delhi - DPCC",Raw Data,NOx (ppb),float,NOx,82.075 | 54.675 | 42.0,8760,286,3.26,False
"Dwarka-Sector 8, Delhi - DPCC/Raw Data/2023_raw_data_hourly_dwarka-sector_8,_delhi_-_dpcc__1H.csv",sheet1,"Dwarka-Sector 8, Delhi - DPCC",Raw Data,NH3 (µg/m³),float,NH3,22.275 | 19.525 | 16.5,8760,303,3.46,False
"Dwarka-Sector 8, Delhi - DPCC/Raw Data/2023_raw_data_hourly_dwarka-sector_8,_delhi_-_dpcc__1H.csv",sheet1,"Dwarka-Sector 8, Delhi - DPCC",Raw Data,SO2 (µg/m³),float,SO2,3.6666666666666665 | 3.425 | 3.7,8760,223,2.55,False
"Dwarka-Sector 8, Delhi - DPCC/Raw Data/2023_raw_data_hourly_dwarka-sector_8,_delhi_-_dpcc__1H.csv",sheet1,"Dwarka-Sector 8, Delhi - DPCC",Raw Data,CO (mg/m³),float,CO,1.05 | 0.8500000000000001 | 0.7,8760,524,5.98,False
"Dwarka-Sector 8, Delhi - DPCC/Raw Data/2023_raw_data_hourly_dwarka-sector_8,_delhi_-_dpcc__1H.csv",sheet1,"Dwarka-Sector 8, Delhi - DPCC",Raw Data,Ozone (µg/m³),float,O3,1.3 | 1.5 | 1.325,8760,284,3.24,False
"Dwarka-Sector 8, Delhi - DPCC/Raw Data/2023_raw_data_hourly_dwarka-sector_8,_delhi_-_dpcc__1H.csv",sheet1,"Dwarka-Sector 8, Delhi - DPCC",Raw Data,Benzene (µg/m³),float,Benzene,2.9 | 2.325 | 1.975,8760,827,9.44,False
"Dwarka-Sector 8, Delhi - DPCC/Raw Data/2023_raw_data_hourly_dwarka-sector_8,_delhi_-_dpcc__1H.csv",sheet1,"Dwarka-Sector 8, Delhi - DPCC",Raw Data,Toluene (µg/m³),float,Toluene,3.475 | 2.7 | 2.25,8760,827,9.44,False
"Dwarka-Sector 8, Delhi - DPCC/Raw Data/2023_raw_data_hourly_dwarka-sector_8,_delhi_-_dpcc__1H.csv",sheet1,"Dwarka-Sector 8, Delhi - DPCC",Raw Data,Xylene (µg/m³),float,Xylene,,8760,8760,100.0,True
"Dwarka-Sector 8, Delhi - DPCC/Raw Data/2023_raw_data_hourly_dwarka-sector_8,_delhi_-_dpcc__1H.csv",sheet1,"Dwarka-Sector 8, Delhi - DPCC",Raw Data,O Xylene (µg/m³),float,Xylene,,8760,8760,100.0,True
"Dwarka-Sector 8, Delhi - DPCC/Raw Data/2023_raw_data_hourly_dwarka-sector_8,_delhi_-_dpcc__1H.csv",sheet1,"Dwarka-Sector 8, Delhi - DPCC",Raw Data,Eth-Benzene (µg/m³),float,Benzene,,8760,8760,100.0,True
"Dwarka-Sector 8, Delhi - DPCC/Raw Data/2023_raw_data_hourly_dwarka-sector_8,_delhi_-_dpcc__1H.csv",sheet1,"Dwarka-Sector 8, Delhi - DPCC",Raw Data,MP-Xylene (µg/m³),float,Xylene,,8760,8760,100.0,True
"Dwarka-Sector 8, Delhi - DPCC/Raw Data/2023_raw_data_hourly_dwarka-sector_8,_delhi_-_dpcc__1H.csv",sheet1,"Dwarka-Sector 8, Delhi - DPCC",Raw Data,AT (°C),float,Temp_C,9.55 | 9.05 | 8.850000000000001,8760,204,2.33,False
"Dwarka-Sector 8, Delhi - DPCC/Raw Data/2023_raw_data_hourly_dwarka-sector_8,_delhi_-_dpcc__1H.csv",sheet1,"Dwarka-Sector 8, Delhi - DPCC",Raw Data,RH (%),float,RH_pct,87.57499999999999 | 87.5 | 87.375,8760,202,2.31,False
"Dwarka-Sector 8, Delhi - DPCC/Raw Data/2023_raw_data_hourly_dwarka-sector_8,_delhi_-_dpcc__1H.csv",sheet1,"Dwarka-Sector 8, Delhi - DPCC",Raw Data,WS (m/s),float,WindSpeed,0.5 | 0.45 | 0.475,8760,206,2.35,False
"Dwarka-Sector 8, Delhi - DPCC/Raw Data/2023_raw_data_hourly_dwarka-sector_8,_delhi_-_dpcc__1H.csv",sheet1,"Dwarka-Sector 8, Delhi - DPCC",Raw Data,WD (deg),float,WindDir,238.9 | 241.55 | 223.175,8760,206,2.35,False
"Dwarka-Sector 8, Delhi - DPCC/Raw Data/2023_raw_data_hourly_dwarka-sector_8,_delhi_-_dpcc__1H.csv",sheet1,"Dwarka-Sector 8, Delhi - DPCC",Raw Data,RF (mm),float,Rainfall,0.0 | 0.0 | 0.0,8760,203,2.32,False
"Dwarka-Sector 8, Delhi - DPCC/Raw Data/2023_raw_data_hourly_dwarka-sector_8,_delhi_-_dpcc__1H.csv",sheet1,"Dwarka-Sector 8, Delhi - DPCC",Raw Data,TOT-RF (mm),float,TotalRainfall,0.0 | 0.0 | 0.0,8760,0,0.0,False
"Dwarka-Sector 8, Delhi - DPCC/Raw Data/2023_raw_data_hourly_dwarka-sector_8,_delhi_-_dpcc__1H.csv",sheet1,"Dwarka-Sector 8, Delhi - DPCC",Raw Data,SR (W/mt2),float,SolarRad,6.375 | 6.0 | 6.075,8760,202,2.31,False
"Dwarka-Sector 8, Delhi - DPCC/Raw Data/2023_raw_data_hourly_dwarka-sector_8,_delhi_-_dpcc__1H.csv",sheet1,"Dwarka-Sector 8, Delhi - DPCC",Raw Data,BP (mmHg),float,BaroPressure,994.275 | 993.95 | 993.55,8760,202,2.31,False
"Dwarka-Sector 8, Delhi - DPCC/Raw Data/2023_raw_data_hourly_dwarka-sector_8,_delhi_-_dpcc__1H.csv",sheet1,"Dwarka-Sector 8, Delhi - DPCC",Raw Data,VWS (m/s),float,VWS,,8760,8760,100.0,True
"Dwarka-Sector 8, Delhi - DPCC/Raw Data/2024_raw_data_hourly_dwarka-sector_8,_delhi_-_dpcc__1H.csv",sheet1,"Dwarka-Sector 8, Delhi - DPCC",Raw Data,Timestamp,object/string,timestamp,2024-01-01 00:00:00 | 2024-01-01 01:00:00 | 2024-01-01 02:00:00,8784,0,0.0,False
"Dwarka-Sector 8, Delhi - DPCC/Raw Data/2024_raw_data_hourly_dwarka-sector_8,_delhi_-_dpcc__1H.csv",sheet1,"Dwarka-Sector 8, Delhi - DPCC",Raw Data,PM2.5 (µg/m³),float,PM2.5,237.5 | 233.0 | 216.0,8784,23,0.26,False
"Dwarka-Sector 8, Delhi - DPCC/Raw Data/2024_raw_data_hourly_dwarka-sector_8,_delhi_-_dpcc__1H.csv",sheet1,"Dwarka-Sector 8, Delhi - DPCC",Raw Data,PM10 (µg/m³),float,PM10,340.0 | 332.75 | 304.0,8784,153,1.74,False
"Dwarka-Sector 8, Delhi - DPCC/Raw Data/2024_raw_data_hourly_dwarka-sector_8,_delhi_-_dpcc__1H.csv",sheet1,"Dwarka-Sector 8, Delhi - DPCC",Raw Data,NO (µg/m³),float,NO,8.3 | 5.6 | 5.6,8784,50,0.57,False
"Dwarka-Sector 8, Delhi - DPCC/Raw Data/2024_raw_data_hourly_dwarka-sector_8,_delhi_-_dpcc__1H.csv",sheet1,"Dwarka-Sector 8, Delhi - DPCC",Raw Data,NO2 (µg/m³),float,NO2,35.3 | 34.38 | 33.3,8784,185,2.11,False
"Dwarka-Sector 8, Delhi - DPCC/Raw Data/2024_raw_data_hourly_dwarka-sector_8,_delhi_-_dpcc__1H.csv",sheet1,"Dwarka-Sector 8, Delhi - DPCC",Raw Data,NOx (ppb),float,NOx,43.55 | 40.02 | 39.1,8784,40,0.46,False
"Dwarka-Sector 8, Delhi - DPCC/Raw Data/2024_raw_data_hourly_dwarka-sector_8,_delhi_-_dpcc__1H.csv",sheet1,"Dwarka-Sector 8, Delhi - DPCC",Raw Data,NH3 (µg/m³),float,NH3,55.6 | 54.0 | 53.5,8784,13,0.15,False
"Dwarka-Sector 8, Delhi - DPCC/Raw Data/2024_raw_data_hourly_dwarka-sector_8,_delhi_-_dpcc__1H.csv",sheet1,"Dwarka-Sector 8, Delhi - DPCC",Raw Data,SO2 (µg/m³),float,SO2,3.07 | 2.48 | 2.6,8784,87,0.99,False
"Dwarka-Sector 8, Delhi - DPCC/Raw Data/2024_raw_data_hourly_dwarka-sector_8,_delhi_-_dpcc__1H.csv",sheet1,"Dwarka-Sector 8, Delhi - DPCC",Raw Data,CO (mg/m³),float,CO,1.4 | 1.32 | 1.4,8784,114,1.3,False
"Dwarka-Sector 8, Delhi - DPCC/Raw Data/2024_raw_data_hourly_dwarka-sector_8,_delhi_-_dpcc__1H.csv",sheet1,"Dwarka-Sector 8, Delhi - DPCC",Raw Data,Ozone (µg/m³),float,O3,1.4 | 1.6 | 1.52,8784,112,1.28,False
"Dwarka-Sector 8, Delhi - DPCC/Raw Data/2024_raw_data_hourly_dwarka-sector_8,_delhi_-_dpcc__1H.csv",sheet1,"Dwarka-Sector 8, Delhi - DPCC",Raw Data,Benzene (µg/m³),float,Benzene,0.3 | 0.3 | 0.3,8784,99,1.13,False
"Dwarka-Sector 8, Delhi - DPCC/Raw Data/2024_raw_data_hourly_dwarka-sector_8,_delhi_-_dpcc__1H.csv",sheet1,"Dwarka-Sector 8, Delhi - DPCC",Raw Data,Toluene (µg/m³),float,Toluene,0.88 | 0.8 | 0.8,8784,41,0.47,False
"Dwarka-Sector 8, Delhi - DPCC/Raw Data/2024_raw_data_hourly_dwarka-sector_8,_delhi_-_dpcc__1H.csv",sheet1,"Dwarka-Sector 8, Delhi - DPCC",Raw Data,Xylene (µg/m³),float,Xylene,,8784,8784,100.0,True
"Dwarka-Sector 8, Delhi - DPCC/Raw Data/2024_raw_data_hourly_dwarka-sector_8,_delhi_-_dpcc__1H.csv",sheet1,"Dwarka-Sector 8, Delhi - DPCC",Raw Data,O Xylene (µg/m³),float,Xylene,,8784,8784,100.0,True
"Dwarka-Sector 8, Delhi - DPCC/Raw Data/2024_raw_data_hourly_dwarka-sector_8,_delhi_-_dpcc__1H.csv",sheet1,"Dwarka-Sector 8, Delhi - DPCC",Raw Data,Eth-Benzene (µg/m³),float,Benzene,,8784,8784,100.0,True
"Dwarka-Sector 8, Delhi - DPCC/Raw Data/2024_raw_data_hourly_dwarka-sector_8,_delhi_-_dpcc__1H.csv",sheet1,"Dwarka-Sector 8, Delhi - DPCC",Raw Data,MP-Xylene (µg/m³),float,Xylene,,8784,8784,100.0,True
"Dwarka-Sector 8, Delhi - DPCC/Raw Data/2024_raw_data_hourly_dwarka-sector_8,_delhi_-_dpcc__1H.csv",sheet1,"Dwarka-Sector 8, Delhi - DPCC",Raw Data,AT (°C),float,Temp_C,12.62 | 12.52 | 12.5,8784,10,0.11,False
"Dwarka-Sector 8, Delhi - DPCC/Raw Data/2024_raw_data_hourly_dwarka-sector_8,_delhi_-_dpcc__1H.csv",sheet1,"Dwarka-Sector 8, Delhi - DPCC",Raw Data,RH (%),float,RH_pct,80.32 | 80.72 | 80.38,8784,10,0.11,False
"Dwarka-Sector 8, Delhi - DPCC/Raw Data/2024_raw_data_hourly_dwarka-sector_8,_delhi_-_dpcc__1H.csv",sheet1,"Dwarka-Sector 8, Delhi - DPCC",Raw Data,WS (m/s),float,WindSpeed,0.42 | 0.72 | 0.62,8784,10,0.11,False
"Dwarka-Sector 8, Delhi - DPCC/Raw Data/2024_raw_data_hourly_dwarka-sector_8,_delhi_-_dpcc__1H.csv",sheet1,"Dwarka-Sector 8, Delhi - DPCC",Raw Data,WD (deg),float,WindDir,149.0 | 153.22 | 222.85,8784,10,0.11,False
"Dwarka-Sector 8, Delhi - DPCC/Raw Data/2024_raw_data_hourly_dwarka-sector_8,_delhi_-_dpcc__1H.csv",sheet1,"Dwarka-Sector 8, Delhi - DPCC",Raw Data,RF (mm),float,Rainfall,0.0 | 0.0 | 0.0,8784,10,0.11,False
"Dwarka-Sector 8, Delhi - DPCC/Raw Data/2024_raw_data_hourly_dwarka-sector_8,_delhi_-_dpcc__1H.csv",sheet1,"Dwarka-Sector 8, Delhi - DPCC",Raw Data,TOT-RF (mm),float,TotalRainfall,0.0 | 0.0 | 0.0,8784,0,0.0,False
"Dwarka-Sector 8, Delhi - DPCC/Raw Data/2024_raw_data_hourly_dwarka-sector_8,_delhi_-_dpcc__1H.csv",sheet1,"Dwarka-Sector 8, Delhi - DPCC",Raw Data,SR (W/mt2),float,SolarRad,33.65 | 33.75 | 33.35,8784,132,1.5,False
"Dwarka-Sector 8, Delhi - DPCC/Raw Data/2024_raw_data_hourly_dwarka-sector_8,_delhi_-_dpcc__1H.csv",sheet1,"Dwarka-Sector 8, Delhi - DPCC",Raw Data,BP (mmHg),float,BaroPressure,987.9 | 988.02 | 987.88,8784,10,0.11,False
"Dwarka-Sector 8, Delhi - DPCC/Raw Data/2024_raw_data_hourly_dwarka-sector_8,_delhi_-_dpcc__1H.csv",sheet1,"Dwarka-Sector 8, Delhi - DPCC",Raw Data,VWS (m/s),float,VWS,,8784,8784,100.0,True
"Dwarka-Sector 8, Delhi - DPCC/Raw Data/2025_raw_data_hourly_dwarka-sector_8,_delhi_-_dpcc__1H.csv",sheet1,"Dwarka-Sector 8, Delhi - DPCC",Raw Data,Timestamp,object/string,timestamp,2025-01-01 00:00:00 | 2025-01-01 01:00:00 | 2025-01-01 02:00:00,8760,0,0.0,False
"Dwarka-Sector 8, Delhi - DPCC/Raw Data/2025_raw_data_hourly_dwarka-sector_8,_delhi_-_dpcc__1H.csv",sheet1,"Dwarka-Sector 8, Delhi - DPCC",Raw Data,PM2.5 (µg/m³),float,PM2.5,183.0 | 196.0 | 160.0,8760,158,1.8,False
"Dwarka-Sector 8, Delhi - DPCC/Raw Data/2025_raw_data_hourly_dwarka-sector_8,_delhi_-_dpcc__1H.csv",sheet1,"Dwarka-Sector 8, Delhi - DPCC",Raw Data,PM10 (µg/m³),float,PM10,388.0 | 331.0 | 255.0,8760,205,2.34,False
"Dwarka-Sector 8, Delhi - DPCC/Raw Data/2025_raw_data_hourly_dwarka-sector_8,_delhi_-_dpcc__1H.csv",sheet1,"Dwarka-Sector 8, Delhi - DPCC",Raw Data,NO (µg/m³),float,NO,97.43 | 74.57 | 49.0,8760,80,0.91,False
"Dwarka-Sector 8, Delhi - DPCC/Raw Data/2025_raw_data_hourly_dwarka-sector_8,_delhi_-_dpcc__1H.csv",sheet1,"Dwarka-Sector 8, Delhi - DPCC",Raw Data,NO2 (µg/m³),float,NO2,56.9 | 53.5 | 54.4,8760,73,0.83,False
"Dwarka-Sector 8, Delhi - DPCC/Raw Data/2025_raw_data_hourly_dwarka-sector_8,_delhi_-_dpcc__1H.csv",sheet1,"Dwarka-Sector 8, Delhi - DPCC",Raw Data,NOx (ppb),float,NOx,109.73 | 89.25 | 68.6,8760,74,0.84,False
"Dwarka-Sector 8, Delhi - DPCC/Raw Data/2025_raw_data_hourly_dwarka-sector_8,_delhi_-_dpcc__1H.csv",sheet1,"Dwarka-Sector 8, Delhi - DPCC",Raw Data,NH3 (µg/m³),float,NH3,98.2 | 101.52 | 92.4,8760,109,1.24,False
"Dwarka-Sector 8, Delhi - DPCC/Raw Data/2025_raw_data_hourly_dwarka-sector_8,_delhi_-_dpcc__1H.csv",sheet1,"Dwarka-Sector 8, Delhi - DPCC",Raw Data,SO2 (µg/m³),float,SO2,7.03 | 6.68 | 3.9,8760,184,2.1,False
"Dwarka-Sector 8, Delhi - DPCC/Raw Data/2025_raw_data_hourly_dwarka-sector_8,_delhi_-_dpcc__1H.csv",sheet1,"Dwarka-Sector 8, Delhi - DPCC",Raw Data,CO (mg/m³),float,CO,2.97 | 2.51 | 1.89,8760,111,1.27,False
"Dwarka-Sector 8, Delhi - DPCC/Raw Data/2025_raw_data_hourly_dwarka-sector_8,_delhi_-_dpcc__1H.csv",sheet1,"Dwarka-Sector 8, Delhi - DPCC",Raw Data,Ozone (µg/m³),float,O3,0.6 | 8.93 | 15.95,8760,171,1.95,False
"Dwarka-Sector 8, Delhi - DPCC/Raw Data/2025_raw_data_hourly_dwarka-sector_8,_delhi_-_dpcc__1H.csv",sheet1,"Dwarka-Sector 8, Delhi - DPCC",Raw Data,Benzene (µg/m³),float,Benzene,4.23 | 3.95 | 2.65,8760,183,2.09,False
"Dwarka-Sector 8, Delhi - DPCC/Raw Data/2025_raw_data_hourly_dwarka-sector_8,_delhi_-_dpcc__1H.csv",sheet1,"Dwarka-Sector 8, Delhi - DPCC",Raw Data,Toluene (µg/m³),float,Toluene,17.47 | 13.65 | 7.8,8760,183,2.09,False
"Dwarka-Sector 8, Delhi - DPCC/Raw Data/2025_raw_data_hourly_dwarka-sector_8,_delhi_-_dpcc__1H.csv",sheet1,"Dwarka-Sector 8, Delhi - DPCC",Raw Data,Xylene (µg/m³),float,Xylene,,8760,8760,100.0,True
"Dwarka-Sector 8, Delhi - DPCC/Raw Data/2025_raw_data_hourly_dwarka-sector_8,_delhi_-_dpcc__1H.csv",sheet1,"Dwarka-Sector 8, Delhi - DPCC",Raw Data,O Xylene (µg/m³),float,Xylene,,8760,8760,100.0,True
"Dwarka-Sector 8, Delhi - DPCC/Raw Data/2025_raw_data_hourly_dwarka-sector_8,_delhi_-_dpcc__1H.csv",sheet1,"Dwarka-Sector 8, Delhi - DPCC",Raw Data,Eth-Benzene (µg/m³),float,Benzene,,8760,8760,100.0,True
"Dwarka-Sector 8, Delhi - DPCC/Raw Data/2025_raw_data_hourly_dwarka-sector_8,_delhi_-_dpcc__1H.csv",sheet1,"Dwarka-Sector 8, Delhi - DPCC",Raw Data,MP-Xylene (µg/m³),float,Xylene,,8760,8760,100.0,True
"Dwarka-Sector 8, Delhi - DPCC/Raw Data/2025_raw_data_hourly_dwarka-sector_8,_delhi_-_dpcc__1H.csv",sheet1,"Dwarka-Sector 8, Delhi - DPCC",Raw Data,AT (°C),float,Temp_C,12.73 | 12.6 | 12.58,8760,64,0.73,False
"Dwarka-Sector 8, Delhi - DPCC/Raw Data/2025_raw_data_hourly_dwarka-sector_8,_delhi_-_dpcc__1H.csv",sheet1,"Dwarka-Sector 8, Delhi - DPCC",Raw Data,RH (%),float,RH_pct,92.0 | 91.0 | 91.0,8760,64,0.73,False
"Dwarka-Sector 8, Delhi - DPCC/Raw Data/2025_raw_data_hourly_dwarka-sector_8,_delhi_-_dpcc__1H.csv",sheet1,"Dwarka-Sector 8, Delhi - DPCC",Raw Data,WS (m/s),float,WindSpeed,0.6 | 0.68 | 0.75,8760,64,0.73,False
"Dwarka-Sector 8, Delhi - DPCC/Raw Data/2025_raw_data_hourly_dwarka-sector_8,_delhi_-_dpcc__1H.csv",sheet1,"Dwarka-Sector 8, Delhi - DPCC",Raw Data,WD (deg),float,WindDir,224.0 | 224.0 | 225.75,8760,64,0.73,False
"Dwarka-Sector 8, Delhi - DPCC/Raw Data/2025_raw_data_hourly_dwarka-sector_8,_delhi_-_dpcc__1H.csv",sheet1,"Dwarka-Sector 8, Delhi - DPCC",Raw Data,RF (mm),float,Rainfall,0.0 | 0.0 | 0.0,8760,64,0.73,False
"Dwarka-Sector 8, Delhi - DPCC/Raw Data/2025_raw_data_hourly_dwarka-sector_8,_delhi_-_dpcc__1H.csv",sheet1,"Dwarka-Sector 8, Delhi - DPCC",Raw Data,TOT-RF (mm),float,TotalRainfall,0.0 | 0.0 | 0.0,8760,0,0.0,False
"Dwarka-Sector 8, Delhi - DPCC/Raw Data/2025_raw_data_hourly_dwarka-sector_8,_delhi_-_dpcc__1H.csv",sheet1,"Dwarka-Sector 8, Delhi - DPCC",Raw Data,SR (W/mt2),float,SolarRad,6.67 | 6.5 | 6.25,8760,68,0.78,False
"Dwarka-Sector 8, Delhi - DPCC/Raw Data/2025_raw_data_hourly_dwarka-sector_8,_delhi_-_dpcc__1H.csv",sheet1,"Dwarka-Sector 8, Delhi - DPCC",Raw Data,BP (mmHg),float,BaroPressure,986.0 | 986.0 | 986.0,8760,64,0.73,False
"Dwarka-Sector 8, Delhi - DPCC/Raw Data/2025_raw_data_hourly_dwarka-sector_8,_delhi_-_dpcc__1H.csv",sheet1,"Dwarka-Sector 8, Delhi - DPCC",Raw Data,VWS (m/s),float,VWS,,8760,8760,100.0,True
"ITO, Delhi - CPCB/AQI Hourly/aqi_hourly_station_level_ito,_delhi_-_cpcb_2025_April_delhi_2025.xlsx",Sheet1,"ITO, Delhi - CPCB",AQI Hourly,Date,int,timestamp,1 | 2 | 3,30,0,0.0,False
"ITO, Delhi - CPCB/AQI Hourly/aqi_hourly_station_level_ito,_delhi_-_cpcb_2025_April_delhi_2025.xlsx",Sheet1,"ITO, Delhi - CPCB",AQI Hourly,00:00:00,int,unknown,125 | 136 | 195,30,0,0.0,False
"ITO, Delhi - CPCB/AQI Hourly/aqi_hourly_station_level_ito,_delhi_-_cpcb_2025_April_delhi_2025.xlsx",Sheet1,"ITO, Delhi - CPCB",AQI Hourly,01:00:00,int,unknown,125 | 138 | 203,30,0,0.0,False
"ITO, Delhi - CPCB/AQI Hourly/aqi_hourly_station_level_ito,_delhi_-_cpcb_2025_April_delhi_2025.xlsx",Sheet1,"ITO, Delhi - CPCB",AQI Hourly,02:00:00,float,unknown,124.0 | 141.0 | 209.0,30,1,3.33,False
"ITO, Delhi - CPCB/AQI Hourly/aqi_hourly_station_level_ito,_delhi_-_cpcb_2025_April_delhi_2025.xlsx",Sheet1,"ITO, Delhi - CPCB",AQI Hourly,03:00:00,float,unknown,124.0 | 141.0 | 216.0,30,2,6.67,False
"ITO, Delhi - CPCB/AQI Hourly/aqi_hourly_station_level_ito,_delhi_-_cpcb_2025_April_delhi_2025.xlsx",Sheet1,"ITO, Delhi - CPCB",AQI Hourly,04:00:00,float,unknown,125.0 | 148.0 | 220.0,30,3,10.0,False
"ITO, Delhi - CPCB/AQI Hourly/aqi_hourly_station_level_ito,_delhi_-_cpcb_2025_April_delhi_2025.xlsx",Sheet1,"ITO, Delhi - CPCB",AQI Hourly,05:00:00,float,unknown,127.0 | 150.0 | 222.0,30,1,3.33,False
"ITO, Delhi - CPCB/AQI Hourly/aqi_hourly_station_level_ito,_delhi_-_cpcb_2025_April_delhi_2025.xlsx",Sheet1,"ITO, Delhi - CPCB",AQI Hourly,06:00:00,float,unknown,125.0 | 158.0 | 223.0,30,1,3.33,False
"ITO, Delhi - CPCB/AQI Hourly/aqi_hourly_station_level_ito,_delhi_-_cpcb_2025_April_delhi_2025.xlsx",Sheet1,"ITO, Delhi - CPCB",AQI Hourly,07:00:00,float,unknown,119.0 | 166.0 | 220.0,30,1,3.33,False
"ITO, Delhi - CPCB/AQI Hourly/aqi_hourly_station_level_ito,_delhi_-_cpcb_2025_April_delhi_2025.xlsx",Sheet1,"ITO, Delhi - CPCB",AQI Hourly,08:00:00,float,unknown,117.0 | 170.0 | 212.0,30,1,3.33,False
"ITO, Delhi - CPCB/AQI Hourly/aqi_hourly_station_level_ito,_delhi_-_cpcb_2025_April_delhi_2025.xlsx",Sheet1,"ITO, Delhi - CPCB",AQI Hourly,09:00:00,float,unknown,117.0 | 173.0 | 205.0,30,1,3.33,False
"ITO, Delhi - CPCB/AQI Hourly/aqi_hourly_station_level_ito,_delhi_-_cpcb_2025_April_delhi_2025.xlsx",Sheet1,"ITO, Delhi - CPCB",AQI Hourly,10:00:00,float,unknown,118.0 | 175.0 | 199.0,30,1,3.33,False
"ITO, Delhi - CPCB/AQI Hourly/aqi_hourly_station_level_ito,_delhi_-_cpcb_2025_April_delhi_2025.xlsx",Sheet1,"ITO, Delhi - CPCB",AQI Hourly,11:00:00,float,unknown,120.0 | 176.0 | 199.0,30,2,6.67,False
"ITO, Delhi - CPCB/AQI Hourly/aqi_hourly_station_level_ito,_delhi_-_cpcb_2025_April_delhi_2025.xlsx",Sheet1,"ITO, Delhi - CPCB",AQI Hourly,12:00:00,float,unknown,119.0 | 177.0 | 196.0,30,1,3.33,False
"ITO, Delhi - CPCB/AQI Hourly/aqi_hourly_station_level_ito,_delhi_-_cpcb_2025_April_delhi_2025.xlsx",Sheet1,"ITO, Delhi - CPCB",AQI Hourly,13:00:00,float,unknown,117.0 | 177.0 | 156.0,30,1,3.33,False
"ITO, Delhi - CPCB/AQI Hourly/aqi_hourly_station_level_ito,_delhi_-_cpcb_2025_April_delhi_2025.xlsx",Sheet1,"ITO, Delhi - CPCB",AQI Hourly,14:00:00,int,unknown,116 | 182 | 196,30,0,0.0,False
"ITO, Delhi - CPCB/AQI Hourly/aqi_hourly_station_level_ito,_delhi_-_cpcb_2025_April_delhi_2025.xlsx",Sheet1,"ITO, Delhi - CPCB",AQI Hourly,15:00:00,int,unknown,116 | 184 | 197,30,0,0.0,False
"ITO, Delhi - CPCB/AQI Hourly/aqi_hourly_station_level_ito,_delhi_-_cpcb_2025_April_delhi_2025.xlsx",Sheet1,"ITO, Delhi - CPCB",AQI Hourly,16:00:00,int,unknown,117 | 184 | 196,30,0,0.0,False
"ITO, Delhi - CPCB/AQI Hourly/aqi_hourly_station_level_ito,_delhi_-_cpcb_2025_April_delhi_2025.xlsx",Sheet1,"ITO, Delhi - CPCB",AQI Hourly,17:00:00,int,unknown,117 | 184 | 194,30,0,0.0,False
"ITO, Delhi - CPCB/AQI Hourly/aqi_hourly_station_level_ito,_delhi_-_cpcb_2025_April_delhi_2025.xlsx",Sheet1,"ITO, Delhi - CPCB",AQI Hourly,18:00:00,float,unknown,122.0 | 184.0 | 194.0,30,1,3.33,False
"ITO, Delhi - CPCB/AQI Hourly/aqi_hourly_station_level_ito,_delhi_-_cpcb_2025_April_delhi_2025.xlsx",Sheet1,"ITO, Delhi - CPCB",AQI Hourly,19:00:00,float,unknown,126.0 | 188.0 | 187.0,30,1,3.33,False
"ITO, Delhi - CPCB/AQI Hourly/aqi_hourly_station_level_ito,_delhi_-_cpcb_2025_April_delhi_2025.xlsx",Sheet1,"ITO, Delhi - CPCB",AQI Hourly,20:00:00,int,unknown,126 | 178 | 188,30,0,0.0,False
"ITO, Delhi - CPCB/AQI Hourly/aqi_hourly_station_level_ito,_delhi_-_cpcb_2025_April_delhi_2025.xlsx",Sheet1,"ITO, Delhi - CPCB",AQI Hourly,21:00:00,int,unknown,131 | 173 | 189,30,0,0.0,False
"ITO, Delhi - CPCB/AQI Hourly/aqi_hourly_station_level_ito,_delhi_-_cpcb_2025_April_delhi_2025.xlsx",Sheet1,"ITO, Delhi - CPCB",AQI Hourly,22:00:00,float,unknown,133.0 | 174.0 | 185.0,30,1,3.33,False
"ITO, Delhi - CPCB/AQI Hourly/aqi_hourly_station_level_ito,_delhi_-_cpcb_2025_April_delhi_2025.xlsx",Sheet1,"ITO, Delhi - CPCB",AQI Hourly,23:00:00,int,unknown,133 | 187 | 177,30,0,0.0,False
"ITO, Delhi - CPCB/AQI Hourly/aqi_hourly_station_level_ito,_delhi_-_cpcb_2025_August_delhi_2025.xlsx",Sheet1,"ITO, Delhi - CPCB",AQI Hourly,Date,int,timestamp,1 | 2 | 3,31,0,0.0,False
"ITO, Delhi - CPCB/AQI Hourly/aqi_hourly_station_level_ito,_delhi_-_cpcb_2025_August_delhi_2025.xlsx",Sheet1,"ITO, Delhi - CPCB",AQI Hourly,00:00:00,float,unknown,76.0 | 74.0 | 85.0,31,6,19.35,False
"ITO, Delhi - CPCB/AQI Hourly/aqi_hourly_station_level_ito,_delhi_-_cpcb_2025_August_delhi_2025.xlsx",Sheet1,"ITO, Delhi - CPCB",AQI Hourly,01:00:00,float,unknown,76.0 | 74.0 | 85.0,31,5,16.13,False
"ITO, Delhi - CPCB/AQI Hourly/aqi_hourly_station_level_ito,_delhi_-_cpcb_2025_August_delhi_2025.xlsx",Sheet1,"ITO, Delhi - CPCB",AQI Hourly,02:00:00,float,unknown,76.0 | 74.0 | 85.0,31,5,16.13,False
"ITO, Delhi - CPCB/AQI Hourly/aqi_hourly_station_level_ito,_delhi_-_cpcb_2025_August_delhi_2025.xlsx",Sheet1,"ITO, Delhi - CPCB",AQI Hourly,03:00:00,float,unknown,76.0 | 74.0 | 85.0,31,7,22.58,False
"ITO, Delhi - CPCB/AQI Hourly/aqi_hourly_station_level_ito,_delhi_-_cpcb_2025_August_delhi_2025.xlsx",Sheet1,"ITO, Delhi - CPCB",AQI Hourly,04:00:00,float,unknown,76.0 | 74.0 | 85.0,31,5,16.13,False
"ITO, Delhi - CPCB/AQI Hourly/aqi_hourly_station_level_ito,_delhi_-_cpcb_2025_August_delhi_2025.xlsx",Sheet1,"ITO, Delhi - CPCB",AQI Hourly,05:00:00,float,unknown,76.0 | 75.0 | 85.0,31,5,16.13,False
"ITO, Delhi - CPCB/AQI Hourly/aqi_hourly_station_level_ito,_delhi_-_cpcb_2025_August_delhi_2025.xlsx",Sheet1,"ITO, Delhi - CPCB",AQI Hourly,06:00:00,float,unknown,76.0 | 75.0 | 86.0,31,5,16.13,False
"ITO, Delhi - CPCB/AQI Hourly/aqi_hourly_station_level_ito,_delhi_-_cpcb_2025_August_delhi_2025.xlsx",Sheet1,"ITO, Delhi - CPCB",AQI Hourly,07:00:00,float,unknown,75.0 | 76.0 | 86.0,31,5,16.13,False
"ITO, Delhi - CPCB/AQI Hourly/aqi_hourly_station_level_ito,_delhi_-_cpcb_2025_August_delhi_2025.xlsx",Sheet1,"ITO, Delhi - CPCB",AQI Hourly,08:00:00,float,unknown,74.0 | 76.0 | 86.0,31,5,16.13,False
"ITO, Delhi - CPCB/AQI Hourly/aqi_hourly_station_level_ito,_delhi_-_cpcb_2025_August_delhi_2025.xlsx",Sheet1,"ITO, Delhi - CPCB",AQI Hourly,09:00:00,float,unknown,74.0 | 76.0 | 86.0,31,5,16.13,False
"ITO, Delhi - CPCB/AQI Hourly/aqi_hourly_station_level_ito,_delhi_-_cpcb_2025_August_delhi_2025.xlsx",Sheet1,"ITO, Delhi - CPCB",AQI Hourly,10:00:00,float,unknown,74.0 | 77.0 | 86.0,31,5,16.13,False
"ITO, Delhi - CPCB/AQI Hourly/aqi_hourly_station_level_ito,_delhi_-_cpcb_2025_August_delhi_2025.xlsx",Sheet1,"ITO, Delhi - CPCB",AQI Hourly,11:00:00,float,unknown,74.0 | 77.0 | 86.0,31,5,16.13,False
"ITO, Delhi - CPCB/AQI Hourly/aqi_hourly_station_level_ito,_delhi_-_cpcb_2025_August_delhi_2025.xlsx",Sheet1,"ITO, Delhi - CPCB",AQI Hourly,12:00:00,float,unknown,75.0 | 78.0 | 86.0,31,6,19.35,False
"ITO, Delhi - CPCB/AQI Hourly/aqi_hourly_station_level_ito,_delhi_-_cpcb_2025_August_delhi_2025.xlsx",Sheet1,"ITO, Delhi - CPCB",AQI Hourly,13:00:00,float,unknown,74.0 | 79.0 | 86.0,31,6,19.35,False
"ITO, Delhi - CPCB/AQI Hourly/aqi_hourly_station_level_ito,_delhi_-_cpcb_2025_August_delhi_2025.xlsx",Sheet1,"ITO, Delhi - CPCB",AQI Hourly,14:00:00,float,unknown,75.0 | 79.0 | 86.0,31,5,16.13,False
"ITO, Delhi - CPCB/AQI Hourly/aqi_hourly_station_level_ito,_delhi_-_cpcb_2025_August_delhi_2025.xlsx",Sheet1,"ITO, Delhi - CPCB",AQI Hourly,15:00:00,float,unknown,75.0 | 80.0 | 86.0,31,5,16.13,False
"ITO, Delhi - CPCB/AQI Hourly/aqi_hourly_station_level_ito,_delhi_-_cpcb_2025_August_delhi_2025.xlsx",Sheet1,"ITO, Delhi - CPCB",AQI Hourly,16:00:00,float,unknown,75.0 | 80.0 | 86.0,31,4,12.9,False
"ITO, Delhi - CPCB/AQI Hourly/aqi_hourly_station_level_ito,_delhi_-_cpcb_2025_August_delhi_2025.xlsx",Sheet1,"ITO, Delhi - CPCB",AQI Hourly,17:00:00,float,unknown,75.0 | 80.0 | 86.0,31,5,16.13,False
"ITO, Delhi - CPCB/AQI Hourly/aqi_hourly_station_level_ito,_delhi_-_cpcb_2025_August_delhi_2025.xlsx",Sheet1,"ITO, Delhi - CPCB",AQI Hourly,18:00:00,float,unknown,75.0 | 81.0 | 86.0,31,6,19.35,False
"ITO, Delhi - CPCB/AQI Hourly/aqi_hourly_station_level_ito,_delhi_-_cpcb_2025_August_delhi_2025.xlsx",Sheet1,"ITO, Delhi - CPCB",AQI Hourly,19:00:00,float,unknown,75.0 | 82.0 | 86.0,31,5,16.13,False
"ITO, Delhi - CPCB/AQI Hourly/aqi_hourly_station_level_ito,_delhi_-_cpcb_2025_August_delhi_2025.xlsx",Sheet1,"ITO, Delhi - CPCB",AQI Hourly,20:00:00,float,unknown,74.0 | 82.0 | 86.0,31,5,16.13,False
"ITO, Delhi - CPCB/AQI Hourly/aqi_hourly_station_level_ito,_delhi_-_cpcb_2025_August_delhi_2025.xlsx",Sheet1,"ITO, Delhi - CPCB",AQI Hourly,21:00:00,float,unknown,74.0 | 83.0 | 86.0,31,5,16.13,False
"ITO, Delhi - CPCB/AQI Hourly/aqi_hourly_station_level_ito,_delhi_-_cpcb_2025_August_delhi_2025.xlsx",Sheet1,"ITO, Delhi - CPCB",AQI Hourly,22:00:00,float,unknown,73.0 | 84.0 | 86.0,31,5,16.13,False
"ITO, Delhi - CPCB/AQI Hourly/aqi_hourly_station_level_ito,_delhi_-_cpcb_2025_August_delhi_2025.xlsx",Sheet1,"ITO, Delhi - CPCB",AQI Hourly,23:00:00,float,unknown,74.0 | 85.0 | 86.0,31,5,16.13,False
"ITO, Delhi - CPCB/AQI Hourly/aqi_hourly_station_level_ito,_delhi_-_cpcb_2025_December_delhi_2025.xlsx",Sheet1,"ITO, Delhi - CPCB",AQI Hourly,Date,int,timestamp,1 | 2 | 3,31,0,0.0,False
"ITO, Delhi - CPCB/AQI Hourly/aqi_hourly_station_level_ito,_delhi_-_cpcb_2025_December_delhi_2025.xlsx",Sheet1,"ITO, Delhi - CPCB",AQI Hourly,00:00:00,float,unknown,299.0 | 320.0 | 390.0,31,1,3.23,False
"ITO, Delhi - CPCB/AQI Hourly/aqi_hourly_station_level_ito,_delhi_-_cpcb_2025_December_delhi_2025.xlsx",Sheet1,"ITO, Delhi - CPCB",AQI Hourly,01:00:00,float,unknown,301.0 | 321.0 | 390.0,31,1,3.23,False
"ITO, Delhi - CPCB/AQI Hourly/aqi_hourly_station_level_ito,_delhi_-_cpcb_2025_December_delhi_2025.xlsx",Sheet1,"ITO, Delhi - CPCB",AQI Hourly,02:00:00,float,unknown,303.0 | 323.0 | 390.0,31,1,3.23,False
"ITO, Delhi - CPCB/AQI Hourly/aqi_hourly_station_level_ito,_delhi_-_cpcb_2025_December_delhi_2025.xlsx",Sheet1,"ITO, Delhi - CPCB",AQI Hourly,03:00:00,int,unknown,305 | 325 | 388,31,0,0.0,False
"ITO, Delhi - CPCB/AQI Hourly/aqi_hourly_station_level_ito,_delhi_-_cpcb_2025_December_delhi_2025.xlsx",Sheet1,"ITO, Delhi - CPCB",AQI Hourly,04:00:00,int,unknown,308 | 327 | 386,31,0,0.0,False
"ITO, Delhi - CPCB/AQI Hourly/aqi_hourly_station_level_ito,_delhi_-_cpcb_2025_December_delhi_2025.xlsx",Sheet1,"ITO, Delhi - CPCB",AQI Hourly,05:00:00,int,unknown,309 | 327 | 385,31,0,0.0,False
"ITO, Delhi - CPCB/AQI Hourly/aqi_hourly_station_level_ito,_delhi_-_cpcb_2025_December_delhi_2025.xlsx",Sheet1,"ITO, Delhi - CPCB",AQI Hourly,06:00:00,int,unknown,310 | 330 | 383,31,0,0.0,False
"ITO, Delhi - CPCB/AQI Hourly/aqi_hourly_station_level_ito,_delhi_-_cpcb_2025_December_delhi_2025.xlsx",Sheet1,"ITO, Delhi - CPCB",AQI Hourly,07:00:00,float,unknown,310.0 | 331.0 | 383.0,31,2,6.45,False
"ITO, Delhi - CPCB/AQI Hourly/aqi_hourly_station_level_ito,_delhi_-_cpcb_2025_December_delhi_2025.xlsx",Sheet1,"ITO, Delhi - CPCB",AQI Hourly,08:00:00,float,unknown,310.0 | 334.0 | 381.0,31,1,3.23,False
"ITO, Delhi - CPCB/AQI Hourly/aqi_hourly_station_level_ito,_delhi_-_cpcb_2025_December_delhi_2025.xlsx",Sheet1,"ITO, Delhi - CPCB",AQI Hourly,09:00:00,float,unknown,310.0 | 337.0 | 379.0,31,1,3.23,False
"ITO, Delhi - CPCB/AQI Hourly/aqi_hourly_station_level_ito,_delhi_-_cpcb_2025_December_delhi_2025.xlsx",Sheet1,"ITO, Delhi - CPCB",AQI Hourly,10:00:00,float,unknown,310.0 | 341.0 | 377.0,31,1,3.23,False
"ITO, Delhi - CPCB/AQI Hourly/aqi_hourly_station_level_ito,_delhi_-_cpcb_2025_December_delhi_2025.xlsx",Sheet1,"ITO, Delhi - CPCB",AQI Hourly,11:00:00,float,unknown,309.0 | 346.0 | 374.0,31,1,3.23,False
"ITO, Delhi - CPCB/AQI Hourly/aqi_hourly_station_level_ito,_delhi_-_cpcb_2025_December_delhi_2025.xlsx",Sheet1,"ITO, Delhi - CPCB",AQI Hourly,12:00:00,float,unknown,307.0 | 349.0 | 371.0,31,1,3.23,False
"ITO, Delhi - CPCB/AQI Hourly/aqi_hourly_station_level_ito,_delhi_-_cpcb_2025_December_delhi_2025.xlsx",Sheet1,"ITO, Delhi - CPCB",AQI Hourly,13:00:00,float,unknown,306.0 | 353.0 | 369.0,31,1,3.23,False
"ITO, Delhi - CPCB/AQI Hourly/aqi_hourly_station_level_ito,_delhi_-_cpcb_2025_December_delhi_2025.xlsx",Sheet1,"ITO, Delhi - CPCB",AQI Hourly,14:00:00,float,unknown,305.0 | 354.0 | 367.0,31,1,3.23,False
"ITO, Delhi - CPCB/AQI Hourly/aqi_hourly_station_level_ito,_delhi_-_cpcb_2025_December_delhi_2025.xlsx",Sheet1,"ITO, Delhi - CPCB",AQI Hourly,15:00:00,float,unknown,296.0 | 368.0 | 361.0,31,1,3.23,False
"ITO, Delhi - CPCB/AQI Hourly/aqi_hourly_station_level_ito,_delhi_-_cpcb_2025_December_delhi_2025.xlsx",Sheet1,"ITO, Delhi - CPCB",AQI Hourly,16:00:00,float,unknown,297.0 | 379.0 | 350.0,31,1,3.23,False
"ITO, Delhi - CPCB/AQI Hourly/aqi_hourly_station_level_ito,_delhi_-_cpcb_2025_December_delhi_2025.xlsx",Sheet1,"ITO, Delhi - CPCB",AQI Hourly,17:00:00,float,unknown,302.0 | 382.0 | 341.0,31,1,3.23,False
"ITO, Delhi - CPCB/AQI Hourly/aqi_hourly_station_level_ito,_delhi_-_cpcb_2025_December_delhi_2025.xlsx",Sheet1,"ITO, Delhi - CPCB",AQI Hourly,18:00:00,float,unknown,306.0 | 385.0 | 333.0,31,1,3.23,False
"ITO, Delhi - CPCB/AQI Hourly/aqi_hourly_station_level_ito,_delhi_-_cpcb_2025_December_delhi_2025.xlsx",Sheet1,"ITO, Delhi - CPCB",AQI Hourly,19:00:00,float,unknown,309.0 | 387.0 | 331.0,31,1,3.23,False
"ITO, Delhi - CPCB/AQI Hourly/aqi_hourly_station_level_ito,_delhi_-_cpcb_2025_December_delhi_2025.xlsx",Sheet1,"ITO, Delhi - CPCB",AQI Hourly,20:00:00,float,unknown,311.0 | 389.0 | 328.0,31,2,6.45,False
"ITO, Delhi - CPCB/AQI Hourly/aqi_hourly_station_level_ito,_delhi_-_cpcb_2025_December_delhi_2025.xlsx",Sheet1,"ITO, Delhi - CPCB",AQI Hourly,21:00:00,float,unknown,314.0 | 389.0 | 325.0,31,1,3.23,False
"ITO, Delhi - CPCB/AQI Hourly/aqi_hourly_station_level_ito,_delhi_-_cpcb_2025_December_delhi_2025.xlsx",Sheet1,"ITO, Delhi - CPCB",AQI Hourly,22:00:00,float,unknown,316.0 | 389.0 | 322.0,31,1,3.23,False
"ITO, Delhi - CPCB/AQI Hourly/aqi_hourly_station_level_ito,_delhi_-_cpcb_2025_December_delhi_2025.xlsx",Sheet1,"ITO, Delhi - CPCB",AQI Hourly,23:00:00,float,unknown,318.0 | 390.0 | 319.0,31,1,3.23,False
"ITO, Delhi - CPCB/AQI Hourly/aqi_hourly_station_level_ito,_delhi_-_cpcb_2025_February_delhi_2025.xlsx",Sheet1,"ITO, Delhi - CPCB",AQI Hourly,Date,int,timestamp,1 | 2 | 3,28,0,0.0,False
"ITO, Delhi - CPCB/AQI Hourly/aqi_hourly_station_level_ito,_delhi_-_cpcb_2025_February_delhi_2025.xlsx",Sheet1,"ITO, Delhi - CPCB",AQI Hourly,00:00:00,int,unknown,337 | 314 | 268,28,0,0.0,False
"ITO, Delhi - CPCB/AQI Hourly/aqi_hourly_station_level_ito,_delhi_-_cpcb_2025_February_delhi_2025.xlsx",Sheet1,"ITO, Delhi - CPCB",AQI Hourly,01:00:00,int,unknown,337 | 312 | 264,28,0,0.0,False
"ITO, Delhi - CPCB/AQI Hourly/aqi_hourly_station_level_ito,_delhi_-_cpcb_2025_February_delhi_2025.xlsx",Sheet1,"ITO, Delhi - CPCB",AQI Hourly,02:00:00,int,unknown,337 | 311 | 260,28,0,0.0,False
"ITO, Delhi - CPCB/AQI Hourly/aqi_hourly_station_level_ito,_delhi_-_cpcb_2025_February_delhi_2025.xlsx",Sheet1,"ITO, Delhi - CPCB",AQI Hourly,03:00:00,int,unknown,337 | 309 | 256,28,0,0.0,False
"ITO, Delhi - CPCB/AQI Hourly/aqi_hourly_station_level_ito,_delhi_-_cpcb_2025_February_delhi_2025.xlsx",Sheet1,"ITO, Delhi - CPCB",AQI Hourly,04:00:00,int,unknown,337 | 307 | 252,28,0,0.0,False
"ITO, Delhi - CPCB/AQI Hourly/aqi_hourly_station_level_ito,_delhi_-_cpcb_2025_February_delhi_2025.xlsx",Sheet1,"ITO, Delhi - CPCB",AQI Hourly,05:00:00,int,unknown,334 | 306 | 247,28,0,0.0,False
"ITO, Delhi - CPCB/AQI Hourly/aqi_hourly_station_level_ito,_delhi_-_cpcb_2025_February_delhi_2025.xlsx",Sheet1,"ITO, Delhi - CPCB",AQI Hourly,06:00:00,int,unknown,325 | 309 | 245,28,0,0.0,False
"ITO, Delhi - CPCB/AQI Hourly/aqi_hourly_station_level_ito,_delhi_-_cpcb_2025_February_delhi_2025.xlsx",Sheet1,"ITO, Delhi - CPCB",AQI Hourly,07:00:00,int,unknown,316 | 312 | 243,28,0,0.0,False
"ITO, Delhi - CPCB/AQI Hourly/aqi_hourly_station_level_ito,_delhi_-_cpcb_2025_February_delhi_2025.xlsx",Sheet1,"ITO, Delhi - CPCB",AQI Hourly,08:00:00,int,unknown,308 | 312 | 245,28,0,0.0,False
"ITO, Delhi - CPCB/AQI Hourly/aqi_hourly_station_level_ito,_delhi_-_cpcb_2025_February_delhi_2025.xlsx",Sheet1,"ITO, Delhi - CPCB",AQI Hourly,09:00:00,int,unknown,300 | 312 | 246,28,0,0.0,False
"ITO, Delhi - CPCB/AQI Hourly/aqi_hourly_station_level_ito,_delhi_-_cpcb_2025_February_delhi_2025.xlsx",Sheet1,"ITO, Delhi - CPCB",AQI Hourly,10:00:00,int,unknown,300 | 308 | 248,28,0,0.0,False
"ITO, Delhi - CPCB/AQI Hourly/aqi_hourly_station_level_ito,_delhi_-_cpcb_2025_February_delhi_2025.xlsx",Sheet1,"ITO, Delhi - CPCB",AQI Hourly,11:00:00,int,unknown,298 | 305 | 248,28,0,0.0,False
"ITO, Delhi - CPCB/AQI Hourly/aqi_hourly_station_level_ito,_delhi_-_cpcb_2025_February_delhi_2025.xlsx",Sheet1,"ITO, Delhi - CPCB",AQI Hourly,12:00:00,int,unknown,299 | 302 | 248,28,0,0.0,False
"ITO, Delhi - CPCB/AQI Hourly/aqi_hourly_station_level_ito,_delhi_-_cpcb_2025_February_delhi_2025.xlsx",Sheet1,"ITO, Delhi - CPCB",AQI Hourly,13:00:00,int,unknown,303 | 299 | 248,28,0,0.0,False
"ITO, Delhi - CPCB/AQI Hourly/aqi_hourly_station_level_ito,_delhi_-_cpcb_2025_February_delhi_2025.xlsx",Sheet1,"ITO, Delhi - CPCB",AQI Hourly,14:00:00,int,unknown,310 | 295 | 239,28,0,0.0,False
"ITO, Delhi - CPCB/AQI Hourly/aqi_hourly_station_level_ito,_delhi_-_cpcb_2025_February_delhi_2025.xlsx",Sheet1,"ITO, Delhi - CPCB",AQI Hourly,15:00:00,int,unknown,310 | 289 | 239,28,0,0.0,False
"ITO, Delhi - CPCB/AQI Hourly/aqi_hourly_station_level_ito,_delhi_-_cpcb_2025_February_delhi_2025.xlsx",Sheet1,"ITO, Delhi - CPCB",AQI Hourly,16:00:00,int,unknown,321 | 284 | 230,28,0,0.0,False
"ITO, Delhi - CPCB/AQI Hourly/aqi_hourly_station_level_ito,_delhi_-_cpcb_2025_February_delhi_2025.xlsx",Sheet1,"ITO, Delhi - CPCB",AQI Hourly,17:00:00,int,unknown,324 | 279 | 214,28,0,0.0,False
"ITO, Delhi - CPCB/AQI Hourly/aqi_hourly_station_level_ito,_delhi_-_cpcb_2025_February_delhi_2025.xlsx",Sheet1,"ITO, Delhi - CPCB",AQI Hourly,18:00:00,int,unknown,324 | 276 | 206,28,0,0.0,False
"ITO, Delhi - CPCB/AQI Hourly/aqi_hourly_station_level_ito,_delhi_-_cpcb_2025_February_delhi_2025.xlsx",Sheet1,"ITO, Delhi - CPCB",AQI Hourly,19:00:00,int,unknown,322 | 276 | 197,28,0,0.0,False
"ITO, Delhi - CPCB/AQI Hourly/aqi_hourly_station_level_ito,_delhi_-_cpcb_2025_February_delhi_2025.xlsx",Sheet1,"ITO, Delhi - CPCB",AQI Hourly,20:00:00,int,unknown,319 | 276 | 190,28,0,0.0,False
"ITO, Delhi - CPCB/AQI Hourly/aqi_hourly_station_level_ito,_delhi_-_cpcb_2025_February_delhi_2025.xlsx",Sheet1,"ITO, Delhi - CPCB",AQI Hourly,21:00:00,int,unknown,316 | 275 | 186,28,0,0.0,False
"ITO, Delhi - CPCB/AQI Hourly/aqi_hourly_station_level_ito,_delhi_-_cpcb_2025_February_delhi_2025.xlsx",Sheet1,"ITO, Delhi - CPCB",AQI Hourly,22:00:00,int,unknown,315 | 274 | 186,28,0,0.0,False
"ITO, Delhi - CPCB/AQI Hourly/aqi_hourly_station_level_ito,_delhi_-_cpcb_2025_February_delhi_2025.xlsx",Sheet1,"ITO, Delhi - CPCB",AQI Hourly,23:00:00,int,unknown,315 | 271 | 187,28,0,0.0,False
"ITO, Delhi - CPCB/AQI Hourly/aqi_hourly_station_level_ito,_delhi_-_cpcb_2025_January_delhi_2025.xlsx",Sheet1,"ITO, Delhi - CPCB",AQI Hourly,Date,int,timestamp,1 | 2 | 3,31,0,0.0,False
"ITO, Delhi - CPCB/AQI Hourly/aqi_hourly_station_level_ito,_delhi_-_cpcb_2025_January_delhi_2025.xlsx",Sheet1,"ITO, Delhi - CPCB",AQI Hourly,00:00:00,int,unknown,295 | 327 | 347,31,0,0.0,False
"ITO, Delhi - CPCB/AQI Hourly/aqi_hourly_station_level_ito,_delhi_-_cpcb_2025_January_delhi_2025.xlsx",Sheet1,"ITO, Delhi - CPCB",AQI Hourly,01:00:00,int,unknown,297 | 326 | 347,31,0,0.0,False
"ITO, Delhi - CPCB/AQI Hourly/aqi_hourly_station_level_ito,_delhi_-_cpcb_2025_January_delhi_2025.xlsx",Sheet1,"ITO, Delhi - CPCB",AQI Hourly,02:00:00,int,unknown,299 | 325 | 349,31,0,0.0,False
"ITO, Delhi - CPCB/AQI Hourly/aqi_hourly_station_level_ito,_delhi_-_cpcb_2025_January_delhi_2025.xlsx",Sheet1,"ITO, Delhi - CPCB",AQI Hourly,03:00:00,int,unknown,302 | 324 | 351,31,0,0.0,False
"ITO, Delhi - CPCB/AQI Hourly/aqi_hourly_station_level_ito,_delhi_-_cpcb_2025_January_delhi_2025.xlsx",Sheet1,"ITO, Delhi - CPCB",AQI Hourly,04:00:00,int,unknown,305 | 326 | 353,31,0,0.0,False
"ITO, Delhi - CPCB/AQI Hourly/aqi_hourly_station_level_ito,_delhi_-_cpcb_2025_January_delhi_2025.xlsx",Sheet1,"ITO, Delhi - CPCB",AQI Hourly,05:00:00,int,unknown,309 | 327 | 354,31,0,0.0,False
"ITO, Delhi - CPCB/AQI Hourly/aqi_hourly_station_level_ito,_delhi_-_cpcb_2025_January_delhi_2025.xlsx",Sheet1,"ITO, Delhi - CPCB",AQI Hourly,06:00:00,int,unknown,314 | 327 | 356,31,0,0.0,False
"ITO, Delhi - CPCB/AQI Hourly/aqi_hourly_station_level_ito,_delhi_-_cpcb_2025_January_delhi_2025.xlsx",Sheet1,"ITO, Delhi - CPCB",AQI Hourly,07:00:00,int,unknown,318 | 327 | 356,31,0,0.0,False
"ITO, Delhi - CPCB/AQI Hourly/aqi_hourly_station_level_ito,_delhi_-_cpcb_2025_January_delhi_2025.xlsx",Sheet1,"ITO, Delhi - CPCB",AQI Hourly,08:00:00,float,unknown,322.0 | 327.0 | 356.0,31,1,3.23,False
"ITO, Delhi - CPCB/AQI Hourly/aqi_hourly_station_level_ito,_delhi_-_cpcb_2025_January_delhi_2025.xlsx",Sheet1,"ITO, Delhi - CPCB",AQI Hourly,09:00:00,int,unknown,326 | 327 | 357,31,0,0.0,False
"ITO, Delhi - CPCB/AQI Hourly/aqi_hourly_station_level_ito,_delhi_-_cpcb_2025_January_delhi_2025.xlsx",Sheet1,"ITO, Delhi - CPCB",AQI Hourly,10:00:00,int,unknown,330 | 328 | 356,31,0,0.0,False
"ITO, Delhi - CPCB/AQI Hourly/aqi_hourly_station_level_ito,_delhi_-_cpcb_2025_January_delhi_2025.xlsx",Sheet1,"ITO, Delhi - CPCB",AQI Hourly,11:00:00,int,unknown,334 | 329 | 356,31,0,0.0,False
"ITO, Delhi - CPCB/AQI Hourly/aqi_hourly_station_level_ito,_delhi_-_cpcb_2025_January_delhi_2025.xlsx",Sheet1,"ITO, Delhi - CPCB",AQI Hourly,12:00:00,int,unknown,337 | 330 | 358,31,0,0.0,False
"ITO, Delhi - CPCB/AQI Hourly/aqi_hourly_station_level_ito,_delhi_-_cpcb_2025_January_delhi_2025.xlsx",Sheet1,"ITO, Delhi - CPCB",AQI Hourly,13:00:00,int,unknown,338 | 332 | 360,31,0,0.0,False
"ITO, Delhi - CPCB/AQI Hourly/aqi_hourly_station_level_ito,_delhi_-_cpcb_2025_January_delhi_2025.xlsx",Sheet1,"ITO, Delhi - CPCB",AQI Hourly,14:00:00,int,unknown,339 | 334 | 364,31,0,0.0,False
"ITO, Delhi - CPCB/AQI Hourly/aqi_hourly_station_level_ito,_delhi_-_cpcb_2025_January_delhi_2025.xlsx",Sheet1,"ITO, Delhi - CPCB",AQI Hourly,15:00:00,int,unknown,339 | 335 | 368,31,0,0.0,False
"ITO, Delhi - CPCB/AQI Hourly/aqi_hourly_station_level_ito,_delhi_-_cpcb_2025_January_delhi_2025.xlsx",Sheet1,"ITO, Delhi - CPCB",AQI Hourly,16:00:00,int,unknown,339 | 336 | 372,31,0,0.0,False
"ITO, Delhi - CPCB/AQI Hourly/aqi_hourly_station_level_ito,_delhi_-_cpcb_2025_January_delhi_2025.xlsx",Sheet1,"ITO, Delhi - CPCB",AQI Hourly,17:00:00,int,unknown,337 | 337 | 375,31,0,0.0,False
"ITO, Delhi - CPCB/AQI Hourly/aqi_hourly_station_level_ito,_delhi_-_cpcb_2025_January_delhi_2025.xlsx",Sheet1,"ITO, Delhi - CPCB",AQI Hourly,18:00:00,float,unknown,334.0 | 339.0 | 378.0,31,1,3.23,False
"ITO, Delhi - CPCB/AQI Hourly/aqi_hourly_station_level_ito,_delhi_-_cpcb_2025_January_delhi_2025.xlsx",Sheet1,"ITO, Delhi - CPCB",AQI Hourly,19:00:00,int,unknown,331 | 340 | 380,31,0,0.0,False
"ITO, Delhi - CPCB/AQI Hourly/aqi_hourly_station_level_ito,_delhi_-_cpcb_2025_January_delhi_2025.xlsx",Sheet1,"ITO, Delhi - CPCB",AQI Hourly,20:00:00,int,unknown,331 | 341 | 383,31,0,0.0,False
"ITO, Delhi - CPCB/AQI Hourly/aqi_hourly_station_level_ito,_delhi_-_cpcb_2025_January_delhi_2025.xlsx",Sheet1,"ITO, Delhi - CPCB",AQI Hourly,21:00:00,int,unknown,331 | 343 | 386,31,0,0.0,False
"ITO, Delhi - CPCB/AQI Hourly/aqi_hourly_station_level_ito,_delhi_-_cpcb_2025_January_delhi_2025.xlsx",Sheet1,"ITO, Delhi - CPCB",AQI Hourly,22:00:00,int,unknown,330 | 345 | 388,31,0,0.0,False
"ITO, Delhi - CPCB/AQI Hourly/aqi_hourly_station_level_ito,_delhi_-_cpcb_2025_January_delhi_2025.xlsx",Sheet1,"ITO, Delhi - CPCB",AQI Hourly,23:00:00,int,unknown,328 | 347 | 390,31,0,0.0,False
"ITO, Delhi - CPCB/AQI Hourly/aqi_hourly_station_level_ito,_delhi_-_cpcb_2025_July_delhi_2025.xlsx",Sheet1,"ITO, Delhi - CPCB",AQI Hourly,Date,int,timestamp,1 | 2 | 3,31,0,0.0,False
"ITO, Delhi - CPCB/AQI Hourly/aqi_hourly_station_level_ito,_delhi_-_cpcb_2025_July_delhi_2025.xlsx",Sheet1,"ITO, Delhi - CPCB",AQI Hourly,00:00:00,float,unknown,82.0 | 72.0 | 74.0,31,10,32.26,False
"ITO, Delhi - CPCB/AQI Hourly/aqi_hourly_station_level_ito,_delhi_-_cpcb_2025_July_delhi_2025.xlsx",Sheet1,"ITO, Delhi - CPCB",AQI Hourly,01:00:00,float,unknown,82.0 | 75.0 | 74.0,31,10,32.26,False
"ITO, Delhi - CPCB/AQI Hourly/aqi_hourly_station_level_ito,_delhi_-_cpcb_2025_July_delhi_2025.xlsx",Sheet1,"ITO, Delhi - CPCB",AQI Hourly,02:00:00,float,unknown,82.0 | 77.0 | 74.0,31,10,32.26,False
"ITO, Delhi - CPCB/AQI Hourly/aqi_hourly_station_level_ito,_delhi_-_cpcb_2025_July_delhi_2025.xlsx",Sheet1,"ITO, Delhi - CPCB",AQI Hourly,03:00:00,float,unknown,84.0 | 78.0 | 74.0,31,10,32.26,False
"ITO, Delhi - CPCB/AQI Hourly/aqi_hourly_station_level_ito,_delhi_-_cpcb_2025_July_delhi_2025.xlsx",Sheet1,"ITO, Delhi - CPCB",AQI Hourly,04:00:00,float,unknown,86.0 | 76.0 | 75.0,31,10,32.26,False
"ITO, Delhi - CPCB/AQI Hourly/aqi_hourly_station_level_ito,_delhi_-_cpcb_2025_July_delhi_2025.xlsx",Sheet1,"ITO, Delhi - CPCB",AQI Hourly,05:00:00,float,unknown,88.0 | 74.0 | 75.0,31,9,29.03,False
"ITO, Delhi - CPCB/AQI Hourly/aqi_hourly_station_level_ito,_delhi_-_cpcb_2025_July_delhi_2025.xlsx",Sheet1,"ITO, Delhi - CPCB",AQI Hourly,06:00:00,float,unknown,88.0 | 72.0 | 76.0,31,9,29.03,False
"ITO, Delhi - CPCB/AQI Hourly/aqi_hourly_station_level_ito,_delhi_-_cpcb_2025_July_delhi_2025.xlsx",Sheet1,"ITO, Delhi - CPCB",AQI Hourly,07:00:00,float,unknown,87.0 | 73.0 | 77.0,31,9,29.03,False
"ITO, Delhi - CPCB/AQI Hourly/aqi_hourly_station_level_ito,_delhi_-_cpcb_2025_July_delhi_2025.xlsx",Sheet1,"ITO, Delhi - CPCB",AQI Hourly,08:00:00,float,unknown,87.0 | 74.0 | 78.0,31,8,25.81,False
"ITO, Delhi - CPCB/AQI Hourly/aqi_hourly_station_level_ito,_delhi_-_cpcb_2025_July_delhi_2025.xlsx",Sheet1,"ITO, Delhi - CPCB",AQI Hourly,09:00:00,float,unknown,88.0 | 75.0 | 77.0,31,8,25.81,False
"ITO, Delhi - CPCB/AQI Hourly/aqi_hourly_station_level_ito,_delhi_-_cpcb_2025_July_delhi_2025.xlsx",Sheet1,"ITO, Delhi - CPCB",AQI Hourly,10:00:00,float,unknown,88.0 | 75.0 | 77.0,31,8,25.81,False
"ITO, Delhi - CPCB/AQI Hourly/aqi_hourly_station_level_ito,_delhi_-_cpcb_2025_July_delhi_2025.xlsx",Sheet1,"ITO, Delhi - CPCB",AQI Hourly,11:00:00,float,unknown,88.0 | 75.0 | 78.0,31,8,25.81,False
"ITO, Delhi - CPCB/AQI Hourly/aqi_hourly_station_level_ito,_delhi_-_cpcb_2025_July_delhi_2025.xlsx",Sheet1,"ITO, Delhi - CPCB",AQI Hourly,12:00:00,float,unknown,75.0 | 78.0 | 83.0,31,9,29.03,False
"ITO, Delhi - CPCB/AQI Hourly/aqi_hourly_station_level_ito,_delhi_-_cpcb_2025_July_delhi_2025.xlsx",Sheet1,"ITO, Delhi - CPCB",AQI Hourly,13:00:00,float,unknown,88.0 | 74.0 | 78.0,31,7,22.58,False
"ITO, Delhi - CPCB/AQI Hourly/aqi_hourly_station_level_ito,_delhi_-_cpcb_2025_July_delhi_2025.xlsx",Sheet1,"ITO, Delhi - CPCB",AQI Hourly,14:00:00,float,unknown,86.0 | 72.0 | 78.0,31,8,25.81,False
"ITO, Delhi - CPCB/AQI Hourly/aqi_hourly_station_level_ito,_delhi_-_cpcb_2025_July_delhi_2025.xlsx",Sheet1,"ITO, Delhi - CPCB",AQI Hourly,15:00:00,float,unknown,84.0 | 72.0 | 79.0,31,9,29.03,False
"ITO, Delhi - CPCB/AQI Hourly/aqi_hourly_station_level_ito,_delhi_-_cpcb_2025_July_delhi_2025.xlsx",Sheet1,"ITO, Delhi - CPCB",AQI Hourly,16:00:00,float,unknown,82.0 | 72.0 | 79.0,31,10,32.26,False
"ITO, Delhi - CPCB/AQI Hourly/aqi_hourly_station_level_ito,_delhi_-_cpcb_2025_July_delhi_2025.xlsx",Sheet1,"ITO, Delhi - CPCB",AQI Hourly,17:00:00,float,unknown,79.0 | 72.0 | 80.0,31,10,32.26,False
"ITO, Delhi - CPCB/AQI Hourly/aqi_hourly_station_level_ito,_delhi_-_cpcb_2025_July_delhi_2025.xlsx",Sheet1,"ITO, Delhi - CPCB",AQI Hourly,18:00:00,float,unknown,76.0 | 72.0 | 80.0,31,9,29.03,False
"ITO, Delhi - CPCB/AQI Hourly/aqi_hourly_station_level_ito,_delhi_-_cpcb_2025_July_delhi_2025.xlsx",Sheet1,"ITO, Delhi - CPCB",AQI Hourly,19:00:00,float,unknown,74.0 | 73.0 | 81.0,31,10,32.26,False
"ITO, Delhi - CPCB/AQI Hourly/aqi_hourly_station_level_ito,_delhi_-_cpcb_2025_July_delhi_2025.xlsx",Sheet1,"ITO, Delhi - CPCB",AQI Hourly,20:00:00,float,unknown,72.0 | 73.0 | 81.0,31,10,32.26,False
"ITO, Delhi - CPCB/AQI Hourly/aqi_hourly_station_level_ito,_delhi_-_cpcb_2025_July_delhi_2025.xlsx",Sheet1,"ITO, Delhi - CPCB",AQI Hourly,21:00:00,float,unknown,72.0 | 73.0 | 81.0,31,11,35.48,False
"ITO, Delhi - CPCB/AQI Hourly/aqi_hourly_station_level_ito,_delhi_-_cpcb_2025_July_delhi_2025.xlsx",Sheet1,"ITO, Delhi - CPCB",AQI Hourly,22:00:00,float,unknown,72.0 | 73.0 | 81.0,31,10,32.26,False
"ITO, Delhi - CPCB/AQI Hourly/aqi_hourly_station_level_ito,_delhi_-_cpcb_2025_July_delhi_2025.xlsx",Sheet1,"ITO, Delhi - CPCB",AQI Hourly,23:00:00,float,unknown,72.0 | 73.0 | 82.0,31,10,32.26,False
"ITO, Delhi - CPCB/AQI Hourly/aqi_hourly_station_level_ito,_delhi_-_cpcb_2025_June_delhi_2025.xlsx",Sheet1,"ITO, Delhi - CPCB",AQI Hourly,Date,int,timestamp,1 | 2 | 3,30,0,0.0,False
"ITO, Delhi - CPCB/AQI Hourly/aqi_hourly_station_level_ito,_delhi_-_cpcb_2025_June_delhi_2025.xlsx",Sheet1,"ITO, Delhi - CPCB",AQI Hourly,00:00:00,float,unknown,163.0 | 132.0 | 114.0,30,3,10.0,False
"ITO, Delhi - CPCB/AQI Hourly/aqi_hourly_station_level_ito,_delhi_-_cpcb_2025_June_delhi_2025.xlsx",Sheet1,"ITO, Delhi - CPCB",AQI Hourly,01:00:00,float,unknown,162.0 | 130.0 | 116.0,30,3,10.0,False
"ITO, Delhi - CPCB/AQI Hourly/aqi_hourly_station_level_ito,_delhi_-_cpcb_2025_June_delhi_2025.xlsx",Sheet1,"ITO, Delhi - CPCB",AQI Hourly,02:00:00,float,unknown,161.0 | 128.0 | 119.0,30,3,10.0,False
"ITO, Delhi - CPCB/AQI Hourly/aqi_hourly_station_level_ito,_delhi_-_cpcb_2025_June_delhi_2025.xlsx",Sheet1,"ITO, Delhi - CPCB",AQI Hourly,03:00:00,float,unknown,159.0 | 126.0 | 120.0,30,3,10.0,False
"ITO, Delhi - CPCB/AQI Hourly/aqi_hourly_station_level_ito,_delhi_-_cpcb_2025_June_delhi_2025.xlsx",Sheet1,"ITO, Delhi - CPCB",AQI Hourly,04:00:00,float,unknown,157.0 | 124.0 | 120.0,30,4,13.33,False
"ITO, Delhi - CPCB/AQI Hourly/aqi_hourly_station_level_ito,_delhi_-_cpcb_2025_June_delhi_2025.xlsx",Sheet1,"ITO, Delhi - CPCB",AQI Hourly,05:00:00,float,unknown,154.0 | 123.0 | 121.0,30,3,10.0,False
"ITO, Delhi - CPCB/AQI Hourly/aqi_hourly_station_level_ito,_delhi_-_cpcb_2025_June_delhi_2025.xlsx",Sheet1,"ITO, Delhi - CPCB",AQI Hourly,06:00:00,float,unknown,150.0 | 123.0 | 123.0,30,3,10.0,False
"ITO, Delhi - CPCB/AQI Hourly/aqi_hourly_station_level_ito,_delhi_-_cpcb_2025_June_delhi_2025.xlsx",Sheet1,"ITO, Delhi - CPCB",AQI Hourly,07:00:00,float,unknown,146.0 | 123.0 | 125.0,30,3,10.0,False
"ITO, Delhi - CPCB/AQI Hourly/aqi_hourly_station_level_ito,_delhi_-_cpcb_2025_June_delhi_2025.xlsx",Sheet1,"ITO, Delhi - CPCB",AQI Hourly,08:00:00,float,unknown,142.0 | 123.0 | 126.0,30,3,10.0,False
"ITO, Delhi - CPCB/AQI Hourly/aqi_hourly_station_level_ito,_delhi_-_cpcb_2025_June_delhi_2025.xlsx",Sheet1,"ITO, Delhi - CPCB",AQI Hourly,09:00:00,float,unknown,137.0 | 124.0 | 124.0,30,3,10.0,False
"ITO, Delhi - CPCB/AQI Hourly/aqi_hourly_station_level_ito,_delhi_-_cpcb_2025_June_delhi_2025.xlsx",Sheet1,"ITO, Delhi - CPCB",AQI Hourly,10:00:00,float,unknown,135.0 | 125.0 | 124.0,30,3,10.0,False
"ITO, Delhi - CPCB/AQI Hourly/aqi_hourly_station_level_ito,_delhi_-_cpcb_2025_June_delhi_2025.xlsx",Sheet1,"ITO, Delhi - CPCB",AQI Hourly,11:00:00,float,unknown,134.0 | 125.0 | 124.0,30,3,10.0,False
"ITO, Delhi - CPCB/AQI Hourly/aqi_hourly_station_level_ito,_delhi_-_cpcb_2025_June_delhi_2025.xlsx",Sheet1,"ITO, Delhi - CPCB",AQI Hourly,12:00:00,float,unknown,133.0 | 125.0 | 125.0,30,3,10.0,False
"ITO, Delhi - CPCB/AQI Hourly/aqi_hourly_station_level_ito,_delhi_-_cpcb_2025_June_delhi_2025.xlsx",Sheet1,"ITO, Delhi - CPCB",AQI Hourly,13:00:00,float,unknown,133.0 | 124.0 | 124.0,30,3,10.0,False
"ITO, Delhi - CPCB/AQI Hourly/aqi_hourly_station_level_ito,_delhi_-_cpcb_2025_June_delhi_2025.xlsx",Sheet1,"ITO, Delhi - CPCB",AQI Hourly,14:00:00,float,unknown,133.0 | 123.0 | 123.0,30,3,10.0,False
"ITO, Delhi - CPCB/AQI Hourly/aqi_hourly_station_level_ito,_delhi_-_cpcb_2025_June_delhi_2025.xlsx",Sheet1,"ITO, Delhi - CPCB",AQI Hourly,15:00:00,float,unknown,133.0 | 121.0 | 122.0,30,2,6.67,False
"ITO, Delhi - CPCB/AQI Hourly/aqi_hourly_station_level_ito,_delhi_-_cpcb_2025_June_delhi_2025.xlsx",Sheet1,"ITO, Delhi - CPCB",AQI Hourly,16:00:00,float,unknown,137.0 | 116.0 | 120.0,30,2,6.67,False
"ITO, Delhi - CPCB/AQI Hourly/aqi_hourly_station_level_ito,_delhi_-_cpcb_2025_June_delhi_2025.xlsx",Sheet1,"ITO, Delhi - CPCB",AQI Hourly,17:00:00,float,unknown,141.0 | 112.0 | 120.0,30,2,6.67,False
"ITO, Delhi - CPCB/AQI Hourly/aqi_hourly_station_level_ito,_delhi_-_cpcb_2025_June_delhi_2025.xlsx",Sheet1,"ITO, Delhi - CPCB",AQI Hourly,18:00:00,float,unknown,143.0 | 108.0 | 138.0,30,4,13.33,False
"ITO, Delhi - CPCB/AQI Hourly/aqi_hourly_station_level_ito,_delhi_-_cpcb_2025_June_delhi_2025.xlsx",Sheet1,"ITO, Delhi - CPCB",AQI Hourly,19:00:00,float,unknown,139.0 | 112.0 | 136.0,30,3,10.0,False
"ITO, Delhi - CPCB/AQI Hourly/aqi_hourly_station_level_ito,_delhi_-_cpcb_2025_June_delhi_2025.xlsx",Sheet1,"ITO, Delhi - CPCB",AQI Hourly,20:00:00,float,unknown,137.0 | 116.0 | 134.0,30,3,10.0,False
"ITO, Delhi - CPCB/AQI Hourly/aqi_hourly_station_level_ito,_delhi_-_cpcb_2025_June_delhi_2025.xlsx",Sheet1,"ITO, Delhi - CPCB",AQI Hourly,21:00:00,float,unknown,136.0 | 115.0 | 117.0,30,2,6.67,False
"ITO, Delhi - CPCB/AQI Hourly/aqi_hourly_station_level_ito,_delhi_-_cpcb_2025_June_delhi_2025.xlsx",Sheet1,"ITO, Delhi - CPCB",AQI Hourly,22:00:00,float,unknown,134.0 | 114.0 | 119.0,30,2,6.67,False
"ITO, Delhi - CPCB/AQI Hourly/aqi_hourly_station_level_ito,_delhi_-_cpcb_2025_June_delhi_2025.xlsx",Sheet1,"ITO, Delhi - CPCB",AQI Hourly,23:00:00,float,unknown,133.0 | 114.0 | 121.0,30,3,10.0,False
"ITO, Delhi - CPCB/AQI Hourly/aqi_hourly_station_level_ito,_delhi_-_cpcb_2025_March_delhi_2025.xlsx",Sheet1,"ITO, Delhi - CPCB",AQI Hourly,Date,int,timestamp,1 | 2 | 3,31,0,0.0,False
"ITO, Delhi - CPCB/AQI Hourly/aqi_hourly_station_level_ito,_delhi_-_cpcb_2025_March_delhi_2025.xlsx",Sheet1,"ITO, Delhi - CPCB",AQI Hourly,00:00:00,float,unknown,255.0 | 187.0 | 96.0,31,1,3.23,False
"ITO, Delhi - CPCB/AQI Hourly/aqi_hourly_station_level_ito,_delhi_-_cpcb_2025_March_delhi_2025.xlsx",Sheet1,"ITO, Delhi - CPCB",AQI Hourly,01:00:00,float,unknown,255.0 | 183.0 | 92.0,31,1,3.23,False
"ITO, Delhi - CPCB/AQI Hourly/aqi_hourly_station_level_ito,_delhi_-_cpcb_2025_March_delhi_2025.xlsx",Sheet1,"ITO, Delhi - CPCB",AQI Hourly,02:00:00,float,unknown,270.0 | 178.0 | 90.0,31,1,3.23,False
"ITO, Delhi - CPCB/AQI Hourly/aqi_hourly_station_level_ito,_delhi_-_cpcb_2025_March_delhi_2025.xlsx",Sheet1,"ITO, Delhi - CPCB",AQI Hourly,03:00:00,float,unknown,279.0 | 173.0 | 90.0,31,2,6.45,False
"ITO, Delhi - CPCB/AQI Hourly/aqi_hourly_station_level_ito,_delhi_-_cpcb_2025_March_delhi_2025.xlsx",Sheet1,"ITO, Delhi - CPCB",AQI Hourly,04:00:00,float,unknown,287.0 | 167.0 | 89.0,31,2,6.45,False
"ITO, Delhi - CPCB/AQI Hourly/aqi_hourly_station_level_ito,_delhi_-_cpcb_2025_March_delhi_2025.xlsx",Sheet1,"ITO, Delhi - CPCB",AQI Hourly,05:00:00,float,unknown,295.0 | 160.0 | 89.0,31,2,6.45,False
"ITO, Delhi - CPCB/AQI Hourly/aqi_hourly_station_level_ito,_delhi_-_cpcb_2025_March_delhi_2025.xlsx",Sheet1,"ITO, Delhi - CPCB",AQI Hourly,06:00:00,float,unknown,296.0 | 155.0 | 90.0,31,1,3.23,False
"ITO, Delhi - CPCB/AQI Hourly/aqi_hourly_station_level_ito,_delhi_-_cpcb_2025_March_delhi_2025.xlsx",Sheet1,"ITO, Delhi - CPCB",AQI Hourly,07:00:00,float,unknown,296.0 | 148.0 | 92.0,31,1,3.23,False
"ITO, Delhi - CPCB/AQI Hourly/aqi_hourly_station_level_ito,_delhi_-_cpcb_2025_March_delhi_2025.xlsx",Sheet1,"ITO, Delhi - CPCB",AQI Hourly,08:00:00,float,unknown,299.0 | 138.0 | 95.0,31,1,3.23,False
"ITO, Delhi - CPCB/AQI Hourly/aqi_hourly_station_level_ito,_delhi_-_cpcb_2025_March_delhi_2025.xlsx",Sheet1,"ITO, Delhi - CPCB",AQI Hourly,09:00:00,float,unknown,304.0 | 127.0 | 98.0,31,1,3.23,False
"ITO, Delhi - CPCB/AQI Hourly/aqi_hourly_station_level_ito,_delhi_-_cpcb_2025_March_delhi_2025.xlsx",Sheet1,"ITO, Delhi - CPCB",AQI Hourly,10:00:00,float,unknown,307.0 | 118.0 | 100.0,31,1,3.23,False
"ITO, Delhi - CPCB/AQI Hourly/aqi_hourly_station_level_ito,_delhi_-_cpcb_2025_March_delhi_2025.xlsx",Sheet1,"ITO, Delhi - CPCB",AQI Hourly,11:00:00,float,unknown,307.0 | 116.0 | 102.0,31,1,3.23,False
"ITO, Delhi - CPCB/AQI Hourly/aqi_hourly_station_level_ito,_delhi_-_cpcb_2025_March_delhi_2025.xlsx",Sheet1,"ITO, Delhi - CPCB",AQI Hourly,12:00:00,int,unknown,298 | 109 | 104,31,0,0.0,False
"ITO, Delhi - CPCB/AQI Hourly/aqi_hourly_station_level_ito,_delhi_-_cpcb_2025_March_delhi_2025.xlsx",Sheet1,"ITO, Delhi - CPCB",AQI Hourly,13:00:00,int,unknown,300 | 107 | 105,31,0,0.0,False
"ITO, Delhi - CPCB/AQI Hourly/aqi_hourly_station_level_ito,_delhi_-_cpcb_2025_March_delhi_2025.xlsx",Sheet1,"ITO, Delhi - CPCB",AQI Hourly,14:00:00,int,unknown,301 | 104 | 106,31,0,0.0,False
"ITO, Delhi - CPCB/AQI Hourly/aqi_hourly_station_level_ito,_delhi_-_cpcb_2025_March_delhi_2025.xlsx",Sheet1,"ITO, Delhi - CPCB",AQI Hourly,15:00:00,float,unknown,289.0 | 105.0 | 108.0,31,1,3.23,False
"ITO, Delhi - CPCB/AQI Hourly/aqi_hourly_station_level_ito,_delhi_-_cpcb_2025_March_delhi_2025.xlsx",Sheet1,"ITO, Delhi - CPCB",AQI Hourly,16:00:00,int,unknown,276 | 105 | 108,31,0,0.0,False
"ITO, Delhi - CPCB/AQI Hourly/aqi_hourly_station_level_ito,_delhi_-_cpcb_2025_March_delhi_2025.xlsx",Sheet1,"ITO, Delhi - CPCB",AQI Hourly,17:00:00,int,unknown,263 | 105 | 112,31,0,0.0,False
"ITO, Delhi - CPCB/AQI Hourly/aqi_hourly_station_level_ito,_delhi_-_cpcb_2025_March_delhi_2025.xlsx",Sheet1,"ITO, Delhi - CPCB",AQI Hourly,18:00:00,int,unknown,250 | 106 | 114,31,0,0.0,False
"ITO, Delhi - CPCB/AQI Hourly/aqi_hourly_station_level_ito,_delhi_-_cpcb_2025_March_delhi_2025.xlsx",Sheet1,"ITO, Delhi - CPCB",AQI Hourly,19:00:00,float,unknown,237.0 | 107.0 | 117.0,31,1,3.23,False
"ITO, Delhi - CPCB/AQI Hourly/aqi_hourly_station_level_ito,_delhi_-_cpcb_2025_March_delhi_2025.xlsx",Sheet1,"ITO, Delhi - CPCB",AQI Hourly,20:00:00,float,unknown,237.0 | 106.0 | 119.0,31,1,3.23,False
"ITO, Delhi - CPCB/AQI Hourly/aqi_hourly_station_level_ito,_delhi_-_cpcb_2025_March_delhi_2025.xlsx",Sheet1,"ITO, Delhi - CPCB",AQI Hourly,21:00:00,float,unknown,207.0 | 104.0 | 120.0,31,1,3.23,False
"ITO, Delhi - CPCB/AQI Hourly/aqi_hourly_station_level_ito,_delhi_-_cpcb_2025_March_delhi_2025.xlsx",Sheet1,"ITO, Delhi - CPCB",AQI Hourly,22:00:00,float,unknown,198.0 | 102.0 | 121.0,31,2,6.45,False
"ITO, Delhi - CPCB/AQI Hourly/aqi_hourly_station_level_ito,_delhi_-_cpcb_2025_March_delhi_2025.xlsx",Sheet1,"ITO, Delhi - CPCB",AQI Hourly,23:00:00,float,unknown,191.0 | 100.0 | 121.0,31,2,6.45,False
"ITO, Delhi - CPCB/AQI Hourly/aqi_hourly_station_level_ito,_delhi_-_cpcb_2025_May_delhi_2025.xlsx",Sheet1,"ITO, Delhi - CPCB",AQI Hourly,Date,int,timestamp,1 | 2 | 3,31,0,0.0,False
"ITO, Delhi - CPCB/AQI Hourly/aqi_hourly_station_level_ito,_delhi_-_cpcb_2025_May_delhi_2025.xlsx",Sheet1,"ITO, Delhi - CPCB",AQI Hourly,00:00:00,float,unknown,137.0 | 139.0 | 94.0,31,4,12.9,False
"ITO, Delhi - CPCB/AQI Hourly/aqi_hourly_station_level_ito,_delhi_-_cpcb_2025_May_delhi_2025.xlsx",Sheet1,"ITO, Delhi - CPCB",AQI Hourly,01:00:00,float,unknown,138.0 | 137.0 | 96.0,31,5,16.13,False
"ITO, Delhi - CPCB/AQI Hourly/aqi_hourly_station_level_ito,_delhi_-_cpcb_2025_May_delhi_2025.xlsx",Sheet1,"ITO, Delhi - CPCB",AQI Hourly,02:00:00,float,unknown,139.0 | 135.0 | 97.0,31,3,9.68,False
"ITO, Delhi - CPCB/AQI Hourly/aqi_hourly_station_level_ito,_delhi_-_cpcb_2025_May_delhi_2025.xlsx",Sheet1,"ITO, Delhi - CPCB",AQI Hourly,03:00:00,float,unknown,140.0 | 134.0 | 98.0,31,4,12.9,False
"ITO, Delhi - CPCB/AQI Hourly/aqi_hourly_station_level_ito,_delhi_-_cpcb_2025_May_delhi_2025.xlsx",Sheet1,"ITO, Delhi - CPCB",AQI Hourly,04:00:00,float,unknown,137.0 | 134.0 | 100.0,31,4,12.9,False
"ITO, Delhi - CPCB/AQI Hourly/aqi_hourly_station_level_ito,_delhi_-_cpcb_2025_May_delhi_2025.xlsx",Sheet1,"ITO, Delhi - CPCB",AQI Hourly,05:00:00,float,unknown,134.0 | 133.0 | 106.0,31,4,12.9,False
"ITO, Delhi - CPCB/AQI Hourly/aqi_hourly_station_level_ito,_delhi_-_cpcb_2025_May_delhi_2025.xlsx",Sheet1,"ITO, Delhi - CPCB",AQI Hourly,06:00:00,float,unknown,134.0 | 131.0 | 112.0,31,3,9.68,False
"ITO, Delhi - CPCB/AQI Hourly/aqi_hourly_station_level_ito,_delhi_-_cpcb_2025_May_delhi_2025.xlsx",Sheet1,"ITO, Delhi - CPCB",AQI Hourly,07:00:00,float,unknown,134.0 | 126.0 | 121.0,31,2,6.45,False
"ITO, Delhi - CPCB/AQI Hourly/aqi_hourly_station_level_ito,_delhi_-_cpcb_2025_May_delhi_2025.xlsx",Sheet1,"ITO, Delhi - CPCB",AQI Hourly,08:00:00,float,unknown,136.0 | 123.0 | 132.0,31,2,6.45,False
"ITO, Delhi - CPCB/AQI Hourly/aqi_hourly_station_level_ito,_delhi_-_cpcb_2025_May_delhi_2025.xlsx",Sheet1,"ITO, Delhi - CPCB",AQI Hourly,09:00:00,float,unknown,137.0 | 119.0 | 142.0,31,2,6.45,False
"ITO, Delhi - CPCB/AQI Hourly/aqi_hourly_station_level_ito,_delhi_-_cpcb_2025_May_delhi_2025.xlsx",Sheet1,"ITO, Delhi - CPCB",AQI Hourly,10:00:00,float,unknown,139.0 | 115.0 | 151.0,31,3,9.68,False
"ITO, Delhi - CPCB/AQI Hourly/aqi_hourly_station_level_ito,_delhi_-_cpcb_2025_May_delhi_2025.xlsx",Sheet1,"ITO, Delhi - CPCB",AQI Hourly,11:00:00,float,unknown,139.0 | 111.0 | 157.0,31,3,9.68,False
"ITO, Delhi - CPCB/AQI Hourly/aqi_hourly_station_level_ito,_delhi_-_cpcb_2025_May_delhi_2025.xlsx",Sheet1,"ITO, Delhi - CPCB",AQI Hourly,12:00:00,float,unknown,139.0 | 108.0 | 161.0,31,3,9.68,False
"ITO, Delhi - CPCB/AQI Hourly/aqi_hourly_station_level_ito,_delhi_-_cpcb_2025_May_delhi_2025.xlsx",Sheet1,"ITO, Delhi - CPCB",AQI Hourly,13:00:00,float,unknown,139.0 | 105.0 | 168.0,31,3,9.68,False
"ITO, Delhi - CPCB/AQI Hourly/aqi_hourly_station_level_ito,_delhi_-_cpcb_2025_May_delhi_2025.xlsx",Sheet1,"ITO, Delhi - CPCB",AQI Hourly,14:00:00,float,unknown,139.0 | 103.0 | 173.0,31,3,9.68,False
"ITO, Delhi - CPCB/AQI Hourly/aqi_hourly_station_level_ito,_delhi_-_cpcb_2025_May_delhi_2025.xlsx",Sheet1,"ITO, Delhi - CPCB",AQI Hourly,15:00:00,float,unknown,139.0 | 102.0 | 172.0,31,3,9.68,False
"ITO, Delhi - CPCB/AQI Hourly/aqi_hourly_station_level_ito,_delhi_-_cpcb_2025_May_delhi_2025.xlsx",Sheet1,"ITO, Delhi - CPCB",AQI Hourly,16:00:00,float,unknown,139.0 | 101.0 | 174.0,31,3,9.68,False
"ITO, Delhi - CPCB/AQI Hourly/aqi_hourly_station_level_ito,_delhi_-_cpcb_2025_May_delhi_2025.xlsx",Sheet1,"ITO, Delhi - CPCB",AQI Hourly,17:00:00,float,unknown,140.0 | 99.0 | 175.0,31,3,9.68,False
"ITO, Delhi - CPCB/AQI Hourly/aqi_hourly_station_level_ito,_delhi_-_cpcb_2025_May_delhi_2025.xlsx",Sheet1,"ITO, Delhi - CPCB",AQI Hourly,18:00:00,float,unknown,140.0 | 97.0 | 175.0,31,4,12.9,False
"ITO, Delhi - CPCB/AQI Hourly/aqi_hourly_station_level_ito,_delhi_-_cpcb_2025_May_delhi_2025.xlsx",Sheet1,"ITO, Delhi - CPCB",AQI Hourly,19:00:00,float,unknown,141.0 | 94.0 | 176.0,31,3,9.68,False
"ITO, Delhi - CPCB/AQI Hourly/aqi_hourly_station_level_ito,_delhi_-_cpcb_2025_May_delhi_2025.xlsx",Sheet1,"ITO, Delhi - CPCB",AQI Hourly,20:00:00,float,unknown,141.0 | 93.0 | 177.0,31,3,9.68,False
"ITO, Delhi - CPCB/AQI Hourly/aqi_hourly_station_level_ito,_delhi_-_cpcb_2025_May_delhi_2025.xlsx",Sheet1,"ITO, Delhi - CPCB",AQI Hourly,21:00:00,float,unknown,141.0 | 92.0 | 182.0,31,4,12.9,False
"ITO, Delhi - CPCB/AQI Hourly/aqi_hourly_station_level_ito,_delhi_-_cpcb_2025_May_delhi_2025.xlsx",Sheet1,"ITO, Delhi - CPCB",AQI Hourly,22:00:00,float,unknown,140.0 | 92.0 | 188.0,31,4,12.9,False
"ITO, Delhi - CPCB/AQI Hourly/aqi_hourly_station_level_ito,_delhi_-_cpcb_2025_May_delhi_2025.xlsx",Sheet1,"ITO, Delhi - CPCB",AQI Hourly,23:00:00,float,unknown,140.0 | 94.0 | 193.0,31,4,12.9,False
"ITO, Delhi - CPCB/AQI Hourly/aqi_hourly_station_level_ito,_delhi_-_cpcb_2025_November_delhi_2025.xlsx",Sheet1,"ITO, Delhi - CPCB",AQI Hourly,Date,int,timestamp,1 | 2 | 3,30,0,0.0,False
"ITO, Delhi - CPCB/AQI Hourly/aqi_hourly_station_level_ito,_delhi_-_cpcb_2025_November_delhi_2025.xlsx",Sheet1,"ITO, Delhi - CPCB",AQI Hourly,00:00:00,float,unknown,255.0 | 313.0 | 201.0,30,1,3.33,False
"ITO, Delhi - CPCB/AQI Hourly/aqi_hourly_station_level_ito,_delhi_-_cpcb_2025_November_delhi_2025.xlsx",Sheet1,"ITO, Delhi - CPCB",AQI Hourly,01:00:00,int,unknown,259 | 310 | 197,30,0,0.0,False
"ITO, Delhi - CPCB/AQI Hourly/aqi_hourly_station_level_ito,_delhi_-_cpcb_2025_November_delhi_2025.xlsx",Sheet1,"ITO, Delhi - CPCB",AQI Hourly,02:00:00,float,unknown,264.0 | 309.0 | 193.0,30,1,3.33,False
"ITO, Delhi - CPCB/AQI Hourly/aqi_hourly_station_level_ito,_delhi_-_cpcb_2025_November_delhi_2025.xlsx",Sheet1,"ITO, Delhi - CPCB",AQI Hourly,03:00:00,int,unknown,267 | 303 | 186,30,0,0.0,False
"ITO, Delhi - CPCB/AQI Hourly/aqi_hourly_station_level_ito,_delhi_-_cpcb_2025_November_delhi_2025.xlsx",Sheet1,"ITO, Delhi - CPCB",AQI Hourly,04:00:00,int,unknown,269 | 299 | 178,30,0,0.0,False
"ITO, Delhi - CPCB/AQI Hourly/aqi_hourly_station_level_ito,_delhi_-_cpcb_2025_November_delhi_2025.xlsx",Sheet1,"ITO, Delhi - CPCB",AQI Hourly,05:00:00,int,unknown,270 | 302 | 171,30,0,0.0,False
"ITO, Delhi - CPCB/AQI Hourly/aqi_hourly_station_level_ito,_delhi_-_cpcb_2025_November_delhi_2025.xlsx",Sheet1,"ITO, Delhi - CPCB",AQI Hourly,06:00:00,float,unknown,270.0 | 307.0 | 160.0,30,1,3.33,False
"ITO, Delhi - CPCB/AQI Hourly/aqi_hourly_station_level_ito,_delhi_-_cpcb_2025_November_delhi_2025.xlsx",Sheet1,"ITO, Delhi - CPCB",AQI Hourly,07:00:00,int,unknown,272 | 312 | 99,30,0,0.0,False
"ITO, Delhi - CPCB/AQI Hourly/aqi_hourly_station_level_ito,_delhi_-_cpcb_2025_November_delhi_2025.xlsx",Sheet1,"ITO, Delhi - CPCB",AQI Hourly,08:00:00,int,unknown,275 | 316 | 95,30,0,0.0,False
"ITO, Delhi - CPCB/AQI Hourly/aqi_hourly_station_level_ito,_delhi_-_cpcb_2025_November_delhi_2025.xlsx",Sheet1,"ITO, Delhi - CPCB",AQI Hourly,09:00:00,int,unknown,281 | 316 | 91,30,0,0.0,False
"ITO, Delhi - CPCB/AQI Hourly/aqi_hourly_station_level_ito,_delhi_-_cpcb_2025_November_delhi_2025.xlsx",Sheet1,"ITO, Delhi - CPCB",AQI Hourly,10:00:00,int,unknown,286 | 313 | 87,30,0,0.0,False
"ITO, Delhi - CPCB/AQI Hourly/aqi_hourly_station_level_ito,_delhi_-_cpcb_2025_November_delhi_2025.xlsx",Sheet1,"ITO, Delhi - CPCB",AQI Hourly,11:00:00,int,unknown,291 | 310 | 80,30,0,0.0,False
"ITO, Delhi - CPCB/AQI Hourly/aqi_hourly_station_level_ito,_delhi_-_cpcb_2025_November_delhi_2025.xlsx",Sheet1,"ITO, Delhi - CPCB",AQI Hourly,12:00:00,int,unknown,296 | 305 | 91,30,0,0.0,False
"ITO, Delhi - CPCB/AQI Hourly/aqi_hourly_station_level_ito,_delhi_-_cpcb_2025_November_delhi_2025.xlsx",Sheet1,"ITO, Delhi - CPCB",AQI Hourly,13:00:00,int,unknown,299 | 298 | 109,30,0,0.0,False
"ITO, Delhi - CPCB/AQI Hourly/aqi_hourly_station_level_ito,_delhi_-_cpcb_2025_November_delhi_2025.xlsx",Sheet1,"ITO, Delhi - CPCB",AQI Hourly,14:00:00,int,unknown,301 | 285 | 131,30,0,0.0,False
"ITO, Delhi - CPCB/AQI Hourly/aqi_hourly_station_level_ito,_delhi_-_cpcb_2025_November_delhi_2025.xlsx",Sheet1,"ITO, Delhi - CPCB",AQI Hourly,15:00:00,int,unknown,303 | 282 | 151,30,0,0.0,False
"ITO, Delhi - CPCB/AQI Hourly/aqi_hourly_station_level_ito,_delhi_-_cpcb_2025_November_delhi_2025.xlsx",Sheet1,"ITO, Delhi - CPCB",AQI Hourly,16:00:00,int,unknown,306 | 280 | 155,30,0,0.0,False
"ITO, Delhi - CPCB/AQI Hourly/aqi_hourly_station_level_ito,_delhi_-_cpcb_2025_November_delhi_2025.xlsx",Sheet1,"ITO, Delhi - CPCB",AQI Hourly,17:00:00,int,unknown,308 | 279 | 155,30,0,0.0,False
"ITO, Delhi - CPCB/AQI Hourly/aqi_hourly_station_level_ito,_delhi_-_cpcb_2025_November_delhi_2025.xlsx",Sheet1,"ITO, Delhi - CPCB",AQI Hourly,18:00:00,int,unknown,311 | 279 | 163,30,0,0.0,False
"ITO, Delhi - CPCB/AQI Hourly/aqi_hourly_station_level_ito,_delhi_-_cpcb_2025_November_delhi_2025.xlsx",Sheet1,"ITO, Delhi - CPCB",AQI Hourly,19:00:00,int,unknown,313 | 264 | 172,30,0,0.0,False
"ITO, Delhi - CPCB/AQI Hourly/aqi_hourly_station_level_ito,_delhi_-_cpcb_2025_November_delhi_2025.xlsx",Sheet1,"ITO, Delhi - CPCB",AQI Hourly,20:00:00,int,unknown,315 | 250 | 180,30,0,0.0,False
"ITO, Delhi - CPCB/AQI Hourly/aqi_hourly_station_level_ito,_delhi_-_cpcb_2025_November_delhi_2025.xlsx",Sheet1,"ITO, Delhi - CPCB",AQI Hourly,21:00:00,int,unknown,316 | 237 | 188,30,0,0.0,False
"ITO, Delhi - CPCB/AQI Hourly/aqi_hourly_station_level_ito,_delhi_-_cpcb_2025_November_delhi_2025.xlsx",Sheet1,"ITO, Delhi - CPCB",AQI Hourly,22:00:00,int,unknown,316 | 225 | 194,30,0,0.0,False
"ITO, Delhi - CPCB/AQI Hourly/aqi_hourly_station_level_ito,_delhi_-_cpcb_2025_November_delhi_2025.xlsx",Sheet1,"ITO, Delhi - CPCB",AQI Hourly,23:00:00,int,unknown,316 | 225 | 204,30,0,0.0,False
"ITO, Delhi - CPCB/AQI Hourly/aqi_hourly_station_level_ito,_delhi_-_cpcb_2025_October_delhi_2025.xlsx",Sheet1,"ITO, Delhi - CPCB",AQI Hourly,Date,int,timestamp,1 | 2 | 3,31,0,0.0,False
"ITO, Delhi - CPCB/AQI Hourly/aqi_hourly_station_level_ito,_delhi_-_cpcb_2025_October_delhi_2025.xlsx",Sheet1,"ITO, Delhi - CPCB",AQI Hourly,00:00:00,float,unknown,89.0 | 117.0 | 96.0,31,1,3.23,False
"ITO, Delhi - CPCB/AQI Hourly/aqi_hourly_station_level_ito,_delhi_-_cpcb_2025_October_delhi_2025.xlsx",Sheet1,"ITO, Delhi - CPCB",AQI Hourly,01:00:00,int,unknown,89 | 120 | 94,31,0,0.0,False
"ITO, Delhi - CPCB/AQI Hourly/aqi_hourly_station_level_ito,_delhi_-_cpcb_2025_October_delhi_2025.xlsx",Sheet1,"ITO, Delhi - CPCB",AQI Hourly,02:00:00,int,unknown,88 | 122 | 93,31,0,0.0,False
"ITO, Delhi - CPCB/AQI Hourly/aqi_hourly_station_level_ito,_delhi_-_cpcb_2025_October_delhi_2025.xlsx",Sheet1,"ITO, Delhi - CPCB",AQI Hourly,03:00:00,int,unknown,88 | 122 | 94,31,0,0.0,False
"ITO, Delhi - CPCB/AQI Hourly/aqi_hourly_station_level_ito,_delhi_-_cpcb_2025_October_delhi_2025.xlsx",Sheet1,"ITO, Delhi - CPCB",AQI Hourly,04:00:00,float,unknown,88.0 | 123.0 | 94.0,31,2,6.45,False
"ITO, Delhi - CPCB/AQI Hourly/aqi_hourly_station_level_ito,_delhi_-_cpcb_2025_October_delhi_2025.xlsx",Sheet1,"ITO, Delhi - CPCB",AQI Hourly,05:00:00,int,unknown,87 | 123 | 94,31,0,0.0,False
"ITO, Delhi - CPCB/AQI Hourly/aqi_hourly_station_level_ito,_delhi_-_cpcb_2025_October_delhi_2025.xlsx",Sheet1,"ITO, Delhi - CPCB",AQI Hourly,06:00:00,int,unknown,87 | 123 | 95,31,0,0.0,False
"ITO, Delhi - CPCB/AQI Hourly/aqi_hourly_station_level_ito,_delhi_-_cpcb_2025_October_delhi_2025.xlsx",Sheet1,"ITO, Delhi - CPCB",AQI Hourly,07:00:00,int,unknown,87 | 113 | 94,31,0,0.0,False
"ITO, Delhi - CPCB/AQI Hourly/aqi_hourly_station_level_ito,_delhi_-_cpcb_2025_October_delhi_2025.xlsx",Sheet1,"ITO, Delhi - CPCB",AQI Hourly,08:00:00,int,unknown,87 | 104 | 94,31,0,0.0,False
"ITO, Delhi - CPCB/AQI Hourly/aqi_hourly_station_level_ito,_delhi_-_cpcb_2025_October_delhi_2025.xlsx",Sheet1,"ITO, Delhi - CPCB",AQI Hourly,09:00:00,int,unknown,87 | 100 | 94,31,0,0.0,False
"ITO, Delhi - CPCB/AQI Hourly/aqi_hourly_station_level_ito,_delhi_-_cpcb_2025_October_delhi_2025.xlsx",Sheet1,"ITO, Delhi - CPCB",AQI Hourly,10:00:00,int,unknown,87 | 96 | 92,31,0,0.0,False
"ITO, Delhi - CPCB/AQI Hourly/aqi_hourly_station_level_ito,_delhi_-_cpcb_2025_October_delhi_2025.xlsx",Sheet1,"ITO, Delhi - CPCB",AQI Hourly,11:00:00,int,unknown,87 | 98 | 89,31,0,0.0,False
"ITO, Delhi - CPCB/AQI Hourly/aqi_hourly_station_level_ito,_delhi_-_cpcb_2025_October_delhi_2025.xlsx",Sheet1,"ITO, Delhi - CPCB",AQI Hourly,12:00:00,int,unknown,86 | 100 | 89,31,0,0.0,False
"ITO, Delhi - CPCB/AQI Hourly/aqi_hourly_station_level_ito,_delhi_-_cpcb_2025_October_delhi_2025.xlsx",Sheet1,"ITO, Delhi - CPCB",AQI Hourly,13:00:00,int,unknown,86 | 102 | 89,31,0,0.0,False
"ITO, Delhi - CPCB/AQI Hourly/aqi_hourly_station_level_ito,_delhi_-_cpcb_2025_October_delhi_2025.xlsx",Sheet1,"ITO, Delhi - CPCB",AQI Hourly,14:00:00,int,unknown,90 | 103 | 90,31,0,0.0,False
"ITO, Delhi - CPCB/AQI Hourly/aqi_hourly_station_level_ito,_delhi_-_cpcb_2025_October_delhi_2025.xlsx",Sheet1,"ITO, Delhi - CPCB",AQI Hourly,15:00:00,int,unknown,93 | 104 | 89,31,0,0.0,False
"ITO, Delhi - CPCB/AQI Hourly/aqi_hourly_station_level_ito,_delhi_-_cpcb_2025_October_delhi_2025.xlsx",Sheet1,"ITO, Delhi - CPCB",AQI Hourly,16:00:00,int,unknown,97 | 103 | 88,31,0,0.0,False
"ITO, Delhi - CPCB/AQI Hourly/aqi_hourly_station_level_ito,_delhi_-_cpcb_2025_October_delhi_2025.xlsx",Sheet1,"ITO, Delhi - CPCB",AQI Hourly,17:00:00,float,unknown,100.0 | 103.0 | 87.0,31,1,3.23,False
"ITO, Delhi - CPCB/AQI Hourly/aqi_hourly_station_level_ito,_delhi_-_cpcb_2025_October_delhi_2025.xlsx",Sheet1,"ITO, Delhi - CPCB",AQI Hourly,18:00:00,float,unknown,103.0 | 103.0 | 86.0,31,1,3.23,False
"ITO, Delhi - CPCB/AQI Hourly/aqi_hourly_station_level_ito,_delhi_-_cpcb_2025_October_delhi_2025.xlsx",Sheet1,"ITO, Delhi - CPCB",AQI Hourly,19:00:00,float,unknown,105.0 | 100.0 | 86.0,31,1,3.23,False
"ITO, Delhi - CPCB/AQI Hourly/aqi_hourly_station_level_ito,_delhi_-_cpcb_2025_October_delhi_2025.xlsx",Sheet1,"ITO, Delhi - CPCB",AQI Hourly,20:00:00,int,unknown,106 | 99 | 87,31,0,0.0,False
"ITO, Delhi - CPCB/AQI Hourly/aqi_hourly_station_level_ito,_delhi_-_cpcb_2025_October_delhi_2025.xlsx",Sheet1,"ITO, Delhi - CPCB",AQI Hourly,21:00:00,int,unknown,106 | 99 | 87,31,0,0.0,False
"ITO, Delhi - CPCB/AQI Hourly/aqi_hourly_station_level_ito,_delhi_-_cpcb_2025_October_delhi_2025.xlsx",Sheet1,"ITO, Delhi - CPCB",AQI Hourly,22:00:00,float,unknown,106.0 | 101.0 | 88.0,31,1,3.23,False
"ITO, Delhi - CPCB/AQI Hourly/aqi_hourly_station_level_ito,_delhi_-_cpcb_2025_October_delhi_2025.xlsx",Sheet1,"ITO, Delhi - CPCB",AQI Hourly,23:00:00,float,unknown,111.0 | 101.0 | 88.0,31,1,3.23,False
"ITO, Delhi - CPCB/AQI Hourly/aqi_hourly_station_level_ito,_delhi_-_cpcb_2025_September_delhi_2025.xlsx",Sheet1,"ITO, Delhi - CPCB",AQI Hourly,Date,int,timestamp,1 | 2 | 3,30,0,0.0,False
"ITO, Delhi - CPCB/AQI Hourly/aqi_hourly_station_level_ito,_delhi_-_cpcb_2025_September_delhi_2025.xlsx",Sheet1,"ITO, Delhi - CPCB",AQI Hourly,00:00:00,int,unknown,87 | 87 | 83,30,0,0.0,False
"ITO, Delhi - CPCB/AQI Hourly/aqi_hourly_station_level_ito,_delhi_-_cpcb_2025_September_delhi_2025.xlsx",Sheet1,"ITO, Delhi - CPCB",AQI Hourly,01:00:00,int,unknown,87 | 87 | 83,30,0,0.0,False
"ITO, Delhi - CPCB/AQI Hourly/aqi_hourly_station_level_ito,_delhi_-_cpcb_2025_September_delhi_2025.xlsx",Sheet1,"ITO, Delhi - CPCB",AQI Hourly,02:00:00,float,unknown,88.0 | 86.0 | 83.0,30,1,3.33,False
"ITO, Delhi - CPCB/AQI Hourly/aqi_hourly_station_level_ito,_delhi_-_cpcb_2025_September_delhi_2025.xlsx",Sheet1,"ITO, Delhi - CPCB",AQI Hourly,03:00:00,float,unknown,88.0 | 86.0 | 84.0,30,1,3.33,False
"ITO, Delhi - CPCB/AQI Hourly/aqi_hourly_station_level_ito,_delhi_-_cpcb_2025_September_delhi_2025.xlsx",Sheet1,"ITO, Delhi - CPCB",AQI Hourly,04:00:00,int,unknown,88 | 85 | 84,30,0,0.0,False
"ITO, Delhi - CPCB/AQI Hourly/aqi_hourly_station_level_ito,_delhi_-_cpcb_2025_September_delhi_2025.xlsx",Sheet1,"ITO, Delhi - CPCB",AQI Hourly,05:00:00,int,unknown,88 | 85 | 84,30,0,0.0,False
"ITO, Delhi - CPCB/AQI Hourly/aqi_hourly_station_level_ito,_delhi_-_cpcb_2025_September_delhi_2025.xlsx",Sheet1,"ITO, Delhi - CPCB",AQI Hourly,06:00:00,int,unknown,89 | 85 | 84,30,0,0.0,False
"ITO, Delhi - CPCB/AQI Hourly/aqi_hourly_station_level_ito,_delhi_-_cpcb_2025_September_delhi_2025.xlsx",Sheet1,"ITO, Delhi - CPCB",AQI Hourly,07:00:00,int,unknown,89 | 85 | 85,30,0,0.0,False
"ITO, Delhi - CPCB/AQI Hourly/aqi_hourly_station_level_ito,_delhi_-_cpcb_2025_September_delhi_2025.xlsx",Sheet1,"ITO, Delhi - CPCB",AQI Hourly,08:00:00,int,unknown,90 | 85 | 85,30,0,0.0,False
"ITO, Delhi - CPCB/AQI Hourly/aqi_hourly_station_level_ito,_delhi_-_cpcb_2025_September_delhi_2025.xlsx",Sheet1,"ITO, Delhi - CPCB",AQI Hourly,09:00:00,int,unknown,90 | 85 | 86,30,0,0.0,False
"ITO, Delhi - CPCB/AQI Hourly/aqi_hourly_station_level_ito,_delhi_-_cpcb_2025_September_delhi_2025.xlsx",Sheet1,"ITO, Delhi - CPCB",AQI Hourly,10:00:00,float,unknown,90.0 | 85.0 | 86.0,30,1,3.33,False
"ITO, Delhi - CPCB/AQI Hourly/aqi_hourly_station_level_ito,_delhi_-_cpcb_2025_September_delhi_2025.xlsx",Sheet1,"ITO, Delhi - CPCB",AQI Hourly,11:00:00,float,unknown,90.0 | 85.0 | 86.0,30,1,3.33,False
"ITO, Delhi - CPCB/AQI Hourly/aqi_hourly_station_level_ito,_delhi_-_cpcb_2025_September_delhi_2025.xlsx",Sheet1,"ITO, Delhi - CPCB",AQI Hourly,12:00:00,float,unknown,90.0 | 84.0 | 87.0,30,1,3.33,False
"ITO, Delhi - CPCB/AQI Hourly/aqi_hourly_station_level_ito,_delhi_-_cpcb_2025_September_delhi_2025.xlsx",Sheet1,"ITO, Delhi - CPCB",AQI Hourly,13:00:00,int,unknown,90 | 84 | 87,30,0,0.0,False
"ITO, Delhi - CPCB/AQI Hourly/aqi_hourly_station_level_ito,_delhi_-_cpcb_2025_September_delhi_2025.xlsx",Sheet1,"ITO, Delhi - CPCB",AQI Hourly,14:00:00,int,unknown,90 | 84 | 87,30,0,0.0,False
"ITO, Delhi - CPCB/AQI Hourly/aqi_hourly_station_level_ito,_delhi_-_cpcb_2025_September_delhi_2025.xlsx",Sheet1,"ITO, Delhi - CPCB",AQI Hourly,15:00:00,int,unknown,90 | 84 | 87,30,0,0.0,False
"ITO, Delhi - CPCB/AQI Hourly/aqi_hourly_station_level_ito,_delhi_-_cpcb_2025_September_delhi_2025.xlsx",Sheet1,"ITO, Delhi - CPCB",AQI Hourly,16:00:00,int,unknown,90 | 83 | 87,30,0,0.0,False
"ITO, Delhi - CPCB/AQI Hourly/aqi_hourly_station_level_ito,_delhi_-_cpcb_2025_September_delhi_2025.xlsx",Sheet1,"ITO, Delhi - CPCB",AQI Hourly,17:00:00,int,unknown,90 | 83 | 87,30,0,0.0,False
"ITO, Delhi - CPCB/AQI Hourly/aqi_hourly_station_level_ito,_delhi_-_cpcb_2025_September_delhi_2025.xlsx",Sheet1,"ITO, Delhi - CPCB",AQI Hourly,18:00:00,float,unknown,89.0 | 83.0 | 88.0,30,1,3.33,False
"ITO, Delhi - CPCB/AQI Hourly/aqi_hourly_station_level_ito,_delhi_-_cpcb_2025_September_delhi_2025.xlsx",Sheet1,"ITO, Delhi - CPCB",AQI Hourly,19:00:00,int,unknown,89 | 83 | 87,30,0,0.0,False
"ITO, Delhi - CPCB/AQI Hourly/aqi_hourly_station_level_ito,_delhi_-_cpcb_2025_September_delhi_2025.xlsx",Sheet1,"ITO, Delhi - CPCB",AQI Hourly,20:00:00,int,unknown,88 | 83 | 86,30,0,0.0,False
"ITO, Delhi - CPCB/AQI Hourly/aqi_hourly_station_level_ito,_delhi_-_cpcb_2025_September_delhi_2025.xlsx",Sheet1,"ITO, Delhi - CPCB",AQI Hourly,21:00:00,int,unknown,88 | 83 | 85,30,0,0.0,False
"ITO, Delhi - CPCB/AQI Hourly/aqi_hourly_station_level_ito,_delhi_-_cpcb_2025_September_delhi_2025.xlsx",Sheet1,"ITO, Delhi - CPCB",AQI Hourly,22:00:00,int,unknown,88 | 83 | 84,30,0,0.0,False
"ITO, Delhi - CPCB/AQI Hourly/aqi_hourly_station_level_ito,_delhi_-_cpcb_2025_September_delhi_2025.xlsx",Sheet1,"ITO, Delhi - CPCB",AQI Hourly,23:00:00,float,unknown,88.0 | 83.0 | 84.0,30,1,3.33,False
"ITO, Delhi - CPCB/Raw Data/2024_raw_data_hourly_ito,_delhi_-_cpcb_1H.csv",sheet1,"ITO, Delhi - CPCB",Raw Data,Timestamp,object/string,timestamp,2024-01-01 00:00:00 | 2024-01-01 01:00:00 | 2024-01-01 02:00:00,8784,0,0.0,False
"ITO, Delhi - CPCB/Raw Data/2024_raw_data_hourly_ito,_delhi_-_cpcb_1H.csv",sheet1,"ITO, Delhi - CPCB",Raw Data,PM2.5 (µg/m³),float,PM2.5,143.0 | 149.0 | 167.75,8784,439,5.0,False
"ITO, Delhi - CPCB/Raw Data/2024_raw_data_hourly_ito,_delhi_-_cpcb_1H.csv",sheet1,"ITO, Delhi - CPCB",Raw Data,PM10 (µg/m³),float,PM10,193.0 | 198.25 | 215.5,8784,399,4.54,False
"ITO, Delhi - CPCB/Raw Data/2024_raw_data_hourly_ito,_delhi_-_cpcb_1H.csv",sheet1,"ITO, Delhi - CPCB",Raw Data,NO (µg/m³),float,NO,14.62 | 14.78 | 14.15,8784,94,1.07,False
"ITO, Delhi - CPCB/Raw Data/2024_raw_data_hourly_ito,_delhi_-_cpcb_1H.csv",sheet1,"ITO, Delhi - CPCB",Raw Data,NO2 (µg/m³),float,NO2,17.55 | 16.98 | 15.62,8784,234,2.66,False
"ITO, Delhi - CPCB/Raw Data/2024_raw_data_hourly_ito,_delhi_-_cpcb_1H.csv",sheet1,"ITO, Delhi - CPCB",Raw Data,NOx (ppb),float,NOx,21.2 | 21.02 | 19.8,8784,121,1.38,False
"ITO, Delhi - CPCB/Raw Data/2024_raw_data_hourly_ito,_delhi_-_cpcb_1H.csv",sheet1,"ITO, Delhi - CPCB",Raw Data,NH3 (µg/m³),float,NH3,16.0 | 14.6 | 13.58,8784,148,1.68,False
"ITO, Delhi - CPCB/Raw Data/2024_raw_data_hourly_ito,_delhi_-_cpcb_1H.csv",sheet1,"ITO, Delhi - CPCB",Raw Data,SO2 (µg/m³),float,SO2,16.58 | 13.85 | 13.5,8784,335,3.81,False
"ITO, Delhi - CPCB/Raw Data/2024_raw_data_hourly_ito,_delhi_-_cpcb_1H.csv",sheet1,"ITO, Delhi - CPCB",Raw Data,CO (mg/m³),float,CO,1.1 | 1.1 | 1.03,8784,81,0.92,False
"ITO, Delhi - CPCB/Raw Data/2024_raw_data_hourly_ito,_delhi_-_cpcb_1H.csv",sheet1,"ITO, Delhi - CPCB",Raw Data,Ozone (µg/m³),float,O3,8.9 | 8.9 | 8.9,8784,249,2.83,False
"ITO, Delhi - CPCB/Raw Data/2024_raw_data_hourly_ito,_delhi_-_cpcb_1H.csv",sheet1,"ITO, Delhi - CPCB",Raw Data,Benzene (µg/m³),float,Benzene,3.94 | 3.76 | 3.74,8784,92,1.05,False
"ITO, Delhi - CPCB/Raw Data/2024_raw_data_hourly_ito,_delhi_-_cpcb_1H.csv",sheet1,"ITO, Delhi - CPCB",Raw Data,Toluene (µg/m³),float,Toluene,,8784,8784,100.0,True
"ITO, Delhi - CPCB/Raw Data/2024_raw_data_hourly_ito,_delhi_-_cpcb_1H.csv",sheet1,"ITO, Delhi - CPCB",Raw Data,Xylene (µg/m³),float,Xylene,,8784,8784,100.0,True
"ITO, Delhi - CPCB/Raw Data/2024_raw_data_hourly_ito,_delhi_-_cpcb_1H.csv",sheet1,"ITO, Delhi - CPCB",Raw Data,O Xylene (µg/m³),float,Xylene,,8784,8784,100.0,True
"ITO, Delhi - CPCB/Raw Data/2024_raw_data_hourly_ito,_delhi_-_cpcb_1H.csv",sheet1,"ITO, Delhi - CPCB",Raw Data,Eth-Benzene (µg/m³),float,Benzene,,8784,8784,100.0,True
"ITO, Delhi - CPCB/Raw Data/2024_raw_data_hourly_ito,_delhi_-_cpcb_1H.csv",sheet1,"ITO, Delhi - CPCB",Raw Data,MP-Xylene (µg/m³),float,Xylene,,8784,8784,100.0,True
"ITO, Delhi - CPCB/Raw Data/2024_raw_data_hourly_ito,_delhi_-_cpcb_1H.csv",sheet1,"ITO, Delhi - CPCB",Raw Data,AT (°C),float,Temp_C,,8784,8784,100.0,True
"ITO, Delhi - CPCB/Raw Data/2024_raw_data_hourly_ito,_delhi_-_cpcb_1H.csv",sheet1,"ITO, Delhi - CPCB",Raw Data,RH (%),float,RH_pct,,8784,8784,100.0,True
"ITO, Delhi - CPCB/Raw Data/2024_raw_data_hourly_ito,_delhi_-_cpcb_1H.csv",sheet1,"ITO, Delhi - CPCB",Raw Data,WS (m/s),float,WindSpeed,,8784,8784,100.0,True
"ITO, Delhi - CPCB/Raw Data/2024_raw_data_hourly_ito,_delhi_-_cpcb_1H.csv",sheet1,"ITO, Delhi - CPCB",Raw Data,WD (deg),float,WindDir,,8784,8784,100.0,True
"ITO, Delhi - CPCB/Raw Data/2024_raw_data_hourly_ito,_delhi_-_cpcb_1H.csv",sheet1,"ITO, Delhi - CPCB",Raw Data,RF (mm),float,Rainfall,,8784,8784,100.0,True
"ITO, Delhi - CPCB/Raw Data/2024_raw_data_hourly_ito,_delhi_-_cpcb_1H.csv",sheet1,"ITO, Delhi - CPCB",Raw Data,TOT-RF (mm),float,TotalRainfall,,8784,8784,100.0,True
"ITO, Delhi - CPCB/Raw Data/2024_raw_data_hourly_ito,_delhi_-_cpcb_1H.csv",sheet1,"ITO, Delhi - CPCB",Raw Data,SR (W/mt2),float,SolarRad,,8784,8784,100.0,True
"ITO, Delhi - CPCB/Raw Data/2024_raw_data_hourly_ito,_delhi_-_cpcb_1H.csv",sheet1,"ITO, Delhi - CPCB",Raw Data,BP (mmHg),float,BaroPressure,,8784,8784,100.0,True
"ITO, Delhi - CPCB/Raw Data/2024_raw_data_hourly_ito,_delhi_-_cpcb_1H.csv",sheet1,"ITO, Delhi - CPCB",Raw Data,VWS (m/s),float,VWS,,8784,8784,100.0,True
"ITO, Delhi - CPCB/Raw Data/2025_raw_data_hourly_ito,_delhi_-_cpcb_1H.csv",sheet1,"ITO, Delhi - CPCB",Raw Data,Timestamp,object/string,timestamp,2025-01-01 00:00:00 | 2025-01-01 01:00:00 | 2025-01-01 02:00:00,8760,0,0.0,False
"ITO, Delhi - CPCB/Raw Data/2025_raw_data_hourly_ito,_delhi_-_cpcb_1H.csv",sheet1,"ITO, Delhi - CPCB",Raw Data,PM2.5 (µg/m³),float,PM2.5,199.75 | 192.75 | 163.75,8760,488,5.57,False
"ITO, Delhi - CPCB/Raw Data/2025_raw_data_hourly_ito,_delhi_-_cpcb_1H.csv",sheet1,"ITO, Delhi - CPCB",Raw Data,PM10 (µg/m³),float,PM10,295.25 | 298.75 | 270.25,8760,494,5.64,False
"ITO, Delhi - CPCB/Raw Data/2025_raw_data_hourly_ito,_delhi_-_cpcb_1H.csv",sheet1,"ITO, Delhi - CPCB",Raw Data,NO (µg/m³),float,NO,30.05 | 36.28 | 28.22,8760,104,1.19,False
"ITO, Delhi - CPCB/Raw Data/2025_raw_data_hourly_ito,_delhi_-_cpcb_1H.csv",sheet1,"ITO, Delhi - CPCB",Raw Data,NO2 (µg/m³),float,NO2,114.4 | 150.05 | 107.3,8760,109,1.24,False
"ITO, Delhi - CPCB/Raw Data/2025_raw_data_hourly_ito,_delhi_-_cpcb_1H.csv",sheet1,"ITO, Delhi - CPCB",Raw Data,NOx (ppb),float,NOx,85.25 | 109.32 | 80.0,8760,105,1.2,False
"ITO, Delhi - CPCB/Raw Data/2025_raw_data_hourly_ito,_delhi_-_cpcb_1H.csv",sheet1,"ITO, Delhi - CPCB",Raw Data,NH3 (µg/m³),float,NH3,51.42 | 52.92 | 44.22,8760,104,1.19,False
"ITO, Delhi - CPCB/Raw Data/2025_raw_data_hourly_ito,_delhi_-_cpcb_1H.csv",sheet1,"ITO, Delhi - CPCB",Raw Data,SO2 (µg/m³),float,SO2,13.95 | 13.35 | 12.9,8760,296,3.38,False
"ITO, Delhi - CPCB/Raw Data/2025_raw_data_hourly_ito,_delhi_-_cpcb_1H.csv",sheet1,"ITO, Delhi - CPCB",Raw Data,CO (mg/m³),float,CO,2.67 | 3.06 | 2.0,8760,109,1.24,False
"ITO, Delhi - CPCB/Raw Data/2025_raw_data_hourly_ito,_delhi_-_cpcb_1H.csv",sheet1,"ITO, Delhi - CPCB",Raw Data,Ozone (µg/m³),float,O3,12.25 | 12.15 | 11.92,8760,105,1.2,False
"ITO, Delhi - CPCB/Raw Data/2025_raw_data_hourly_ito,_delhi_-_cpcb_1H.csv",sheet1,"ITO, Delhi - CPCB",Raw Data,Benzene (µg/m³),float,Benzene,2.29 | 2.25 | 2.26,8760,106,1.21,False
"ITO, Delhi - CPCB/Raw Data/2025_raw_data_hourly_ito,_delhi_-_cpcb_1H.csv",sheet1,"ITO, Delhi - CPCB",Raw Data,Toluene (µg/m³),float,Toluene,,8760,8760,100.0,True
"ITO, Delhi - CPCB/Raw Data/2025_raw_data_hourly_ito,_delhi_-_cpcb_1H.csv",sheet1,"ITO, Delhi - CPCB",Raw Data,Xylene (µg/m³),float,Xylene,,8760,8760,100.0,True
"ITO, Delhi - CPCB/Raw Data/2025_raw_data_hourly_ito,_delhi_-_cpcb_1H.csv",sheet1,"ITO, Delhi - CPCB",Raw Data,O Xylene (µg/m³),float,Xylene,,8760,8760,100.0,True
"ITO, Delhi - CPCB/Raw Data/2025_raw_data_hourly_ito,_delhi_-_cpcb_1H.csv",sheet1,"ITO, Delhi - CPCB",Raw Data,Eth-Benzene (µg/m³),float,Benzene,,8760,8760,100.0,True
"ITO, Delhi - CPCB/Raw Data/2025_raw_data_hourly_ito,_delhi_-_cpcb_1H.csv",sheet1,"ITO, Delhi - CPCB",Raw Data,MP-Xylene (µg/m³),float,Xylene,,8760,8760,100.0,True
"ITO, Delhi - CPCB/Raw Data/2025_raw_data_hourly_ito,_delhi_-_cpcb_1H.csv",sheet1,"ITO, Delhi - CPCB",Raw Data,AT (°C),float,Temp_C,,8760,8760,100.0,True
"ITO, Delhi - CPCB/Raw Data/2025_raw_data_hourly_ito,_delhi_-_cpcb_1H.csv",sheet1,"ITO, Delhi - CPCB",Raw Data,RH (%),float,RH_pct,,8760,8760,100.0,True
"ITO, Delhi - CPCB/Raw Data/2025_raw_data_hourly_ito,_delhi_-_cpcb_1H.csv",sheet1,"ITO, Delhi - CPCB",Raw Data,WS (m/s),float,WindSpeed,,8760,8760,100.0,True
"ITO, Delhi - CPCB/Raw Data/2025_raw_data_hourly_ito,_delhi_-_cpcb_1H.csv",sheet1,"ITO, Delhi - CPCB",Raw Data,WD (deg),float,WindDir,,8760,8760,100.0,True
"ITO, Delhi - CPCB/Raw Data/2025_raw_data_hourly_ito,_delhi_-_cpcb_1H.csv",sheet1,"ITO, Delhi - CPCB",Raw Data,RF (mm),float,Rainfall,,8760,8760,100.0,True
"ITO, Delhi - CPCB/Raw Data/2025_raw_data_hourly_ito,_delhi_-_cpcb_1H.csv",sheet1,"ITO, Delhi - CPCB",Raw Data,TOT-RF (mm),float,TotalRainfall,,8760,8760,100.0,True
"ITO, Delhi - CPCB/Raw Data/2025_raw_data_hourly_ito,_delhi_-_cpcb_1H.csv",sheet1,"ITO, Delhi - CPCB",Raw Data,SR (W/mt2),float,SolarRad,,8760,8760,100.0,True
"ITO, Delhi - CPCB/Raw Data/2025_raw_data_hourly_ito,_delhi_-_cpcb_1H.csv",sheet1,"ITO, Delhi - CPCB",Raw Data,BP (mmHg),float,BaroPressure,,8760,8760,100.0,True
"ITO, Delhi - CPCB/Raw Data/2025_raw_data_hourly_ito,_delhi_-_cpcb_1H.csv",sheet1,"ITO, Delhi - CPCB",Raw Data,VWS (m/s),float,VWS,,8760,8760,100.0,True
"ITO, Delhi - CPCB/Raw Data/2026_raw_data_hourly_ito,_delhi_-_cpcb_1H.csv",sheet1,"ITO, Delhi - CPCB",Raw Data,Timestamp,object/string,timestamp,2026-01-01 00:00:00 | 2026-01-01 01:00:00 | 2026-01-01 02:00:00,5088,0,0.0,False
"ITO, Delhi - CPCB/Raw Data/2026_raw_data_hourly_ito,_delhi_-_cpcb_1H.csv",sheet1,"ITO, Delhi - CPCB",Raw Data,PM2.5 (µg/m³),float,PM2.5,231.75 | 214.75 | 194.75,5088,319,6.27,False
"ITO, Delhi - CPCB/Raw Data/2026_raw_data_hourly_ito,_delhi_-_cpcb_1H.csv",sheet1,"ITO, Delhi - CPCB",Raw Data,PM10 (µg/m³),float,PM10,358.0 | 320.25 | 305.5,5088,325,6.39,False
"ITO, Delhi - CPCB/Raw Data/2026_raw_data_hourly_ito,_delhi_-_cpcb_1H.csv",sheet1,"ITO, Delhi - CPCB",Raw Data,NO (µg/m³),float,NO,25.5 | 24.25 | 22.75,5088,213,4.19,False
"ITO, Delhi - CPCB/Raw Data/2026_raw_data_hourly_ito,_delhi_-_cpcb_1H.csv",sheet1,"ITO, Delhi - CPCB",Raw Data,NO2 (µg/m³),float,NO2,49.5 | 47.75 | 44.25,5088,213,4.19,False
"ITO, Delhi - CPCB/Raw Data/2026_raw_data_hourly_ito,_delhi_-_cpcb_1H.csv",sheet1,"ITO, Delhi - CPCB",Raw Data,NOx (ppb),float,NOx,47.0 | 45.5 | 41.75,5088,213,4.19,False
"ITO, Delhi - CPCB/Raw Data/2026_raw_data_hourly_ito,_delhi_-_cpcb_1H.csv",sheet1,"ITO, Delhi - CPCB",Raw Data,NH3 (µg/m³),float,NH3,16.5 | 16.25 | 13.5,5088,213,4.19,False
"ITO, Delhi - CPCB/Raw Data/2026_raw_data_hourly_ito,_delhi_-_cpcb_1H.csv",sheet1,"ITO, Delhi - CPCB",Raw Data,SO2 (µg/m³),float,SO2,14.25 | 13.0 | 13.0,5088,321,6.31,False
"ITO, Delhi - CPCB/Raw Data/2026_raw_data_hourly_ito,_delhi_-_cpcb_1H.csv",sheet1,"ITO, Delhi - CPCB",Raw Data,CO (mg/m³),float,CO,1.0 | 1.0 | 0.25,5088,224,4.4,False
"ITO, Delhi - CPCB/Raw Data/2026_raw_data_hourly_ito,_delhi_-_cpcb_1H.csv",sheet1,"ITO, Delhi - CPCB",Raw Data,Ozone (µg/m³),float,O3,28.75 | 28.0 | 28.5,5088,247,4.85,False
"ITO, Delhi - CPCB/Raw Data/2026_raw_data_hourly_ito,_delhi_-_cpcb_1H.csv",sheet1,"ITO, Delhi - CPCB",Raw Data,Benzene (µg/m³),float,Benzene,2.0 | 2.0 | 2.0,5088,238,4.68,False
"ITO, Delhi - CPCB/Raw Data/2026_raw_data_hourly_ito,_delhi_-_cpcb_1H.csv",sheet1,"ITO, Delhi - CPCB",Raw Data,Toluene (µg/m³),float,Toluene,1.0 | 1.0 | 1.0,5088,767,15.07,False
"ITO, Delhi - CPCB/Raw Data/2026_raw_data_hourly_ito,_delhi_-_cpcb_1H.csv",sheet1,"ITO, Delhi - CPCB",Raw Data,Xylene (µg/m³),float,Xylene,,5088,5088,100.0,True
"ITO, Delhi - CPCB/Raw Data/2026_raw_data_hourly_ito,_delhi_-_cpcb_1H.csv",sheet1,"ITO, Delhi - CPCB",Raw Data,O Xylene (µg/m³),float,Xylene,1.0 | 1.0 | 1.0,5088,767,15.07,False
"ITO, Delhi - CPCB/Raw Data/2026_raw_data_hourly_ito,_delhi_-_cpcb_1H.csv",sheet1,"ITO, Delhi - CPCB",Raw Data,Eth-Benzene (µg/m³),float,Benzene,1.0 | 1.0 | 1.0,5088,767,15.07,False
"ITO, Delhi - CPCB/Raw Data/2026_raw_data_hourly_ito,_delhi_-_cpcb_1H.csv",sheet1,"ITO, Delhi - CPCB",Raw Data,MP-Xylene (µg/m³),float,Xylene,1.0 | 1.0 | 1.0,5088,767,15.07,False
"ITO, Delhi - CPCB/Raw Data/2026_raw_data_hourly_ito,_delhi_-_cpcb_1H.csv",sheet1,"ITO, Delhi - CPCB",Raw Data,AT (°C),float,Temp_C,,5088,5088,100.0,True
"ITO, Delhi - CPCB/Raw Data/2026_raw_data_hourly_ito,_delhi_-_cpcb_1H.csv",sheet1,"ITO, Delhi - CPCB",Raw Data,RH (%),float,RH_pct,,5088,5088,100.0,True
"ITO, Delhi - CPCB/Raw Data/2026_raw_data_hourly_ito,_delhi_-_cpcb_1H.csv",sheet1,"ITO, Delhi - CPCB",Raw Data,WS (m/s),float,WindSpeed,,5088,5088,100.0,True
"ITO, Delhi - CPCB/Raw Data/2026_raw_data_hourly_ito,_delhi_-_cpcb_1H.csv",sheet1,"ITO, Delhi - CPCB",Raw Data,WD (deg),float,WindDir,,5088,5088,100.0,True
"ITO, Delhi - CPCB/Raw Data/2026_raw_data_hourly_ito,_delhi_-_cpcb_1H.csv",sheet1,"ITO, Delhi - CPCB",Raw Data,RF (mm),float,Rainfall,,5088,5088,100.0,True
"ITO, Delhi - CPCB/Raw Data/2026_raw_data_hourly_ito,_delhi_-_cpcb_1H.csv",sheet1,"ITO, Delhi - CPCB",Raw Data,TOT-RF (mm),float,TotalRainfall,,5088,5088,100.0,True
"ITO, Delhi - CPCB/Raw Data/2026_raw_data_hourly_ito,_delhi_-_cpcb_1H.csv",sheet1,"ITO, Delhi - CPCB",Raw Data,SR (W/mt2),float,SolarRad,,5088,5088,100.0,True
"ITO, Delhi - CPCB/Raw Data/2026_raw_data_hourly_ito,_delhi_-_cpcb_1H.csv",sheet1,"ITO, Delhi - CPCB",Raw Data,BP (mmHg),float,BaroPressure,,5088,5088,100.0,True
"ITO, Delhi - CPCB/Raw Data/2026_raw_data_hourly_ito,_delhi_-_cpcb_1H.csv",sheet1,"ITO, Delhi - CPCB",Raw Data,VWS (m/s),float,VWS,,5088,5088,100.0,True
"Jahangirpuri, Delhi - DPCC	/AQI Hourly/aqi_hourly_station_level_jahangirpuri,_delhi_-_dpcc_2025_April_delhi_2025.xlsx",Sheet1,"Jahangirpuri, Delhi - DPCC",AQI Hourly,Date,int,timestamp,1 | 2 | 3,30,0,0.0,False
"Jahangirpuri, Delhi - DPCC	/AQI Hourly/aqi_hourly_station_level_jahangirpuri,_delhi_-_dpcc_2025_April_delhi_2025.xlsx",Sheet1,"Jahangirpuri, Delhi - DPCC",AQI Hourly,00:00:00,float,unknown,227.0 | 262.0 | 315.0,30,1,3.33,False
"Jahangirpuri, Delhi - DPCC	/AQI Hourly/aqi_hourly_station_level_jahangirpuri,_delhi_-_dpcc_2025_April_delhi_2025.xlsx",Sheet1,"Jahangirpuri, Delhi - DPCC",AQI Hourly,01:00:00,float,unknown,226.0 | 267.0 | 316.0,30,1,3.33,False
"Jahangirpuri, Delhi - DPCC	/AQI Hourly/aqi_hourly_station_level_jahangirpuri,_delhi_-_dpcc_2025_April_delhi_2025.xlsx",Sheet1,"Jahangirpuri, Delhi - DPCC",AQI Hourly,02:00:00,int,unknown,218 | 273 | 313,30,0,0.0,False
"Jahangirpuri, Delhi - DPCC	/AQI Hourly/aqi_hourly_station_level_jahangirpuri,_delhi_-_dpcc_2025_April_delhi_2025.xlsx",Sheet1,"Jahangirpuri, Delhi - DPCC",AQI Hourly,03:00:00,float,unknown,210.0 | 280.0 | 309.0,30,1,3.33,False
"Jahangirpuri, Delhi - DPCC	/AQI Hourly/aqi_hourly_station_level_jahangirpuri,_delhi_-_dpcc_2025_April_delhi_2025.xlsx",Sheet1,"Jahangirpuri, Delhi - DPCC",AQI Hourly,04:00:00,float,unknown,207.0 | 288.0 | 300.0,30,2,6.67,False
"Jahangirpuri, Delhi - DPCC	/AQI Hourly/aqi_hourly_station_level_jahangirpuri,_delhi_-_dpcc_2025_April_delhi_2025.xlsx",Sheet1,"Jahangirpuri, Delhi - DPCC",AQI Hourly,05:00:00,float,unknown,202.0 | 294.0 | 292.0,30,1,3.33,False
"Jahangirpuri, Delhi - DPCC	/AQI Hourly/aqi_hourly_station_level_jahangirpuri,_delhi_-_dpcc_2025_April_delhi_2025.xlsx",Sheet1,"Jahangirpuri, Delhi - DPCC",AQI Hourly,06:00:00,float,unknown,212.0 | 286.0 | 290.0,30,1,3.33,False
"Jahangirpuri, Delhi - DPCC	/AQI Hourly/aqi_hourly_station_level_jahangirpuri,_delhi_-_dpcc_2025_April_delhi_2025.xlsx",Sheet1,"Jahangirpuri, Delhi - DPCC",AQI Hourly,07:00:00,float,unknown,213.0 | 291.0 | 284.0,30,1,3.33,False
"Jahangirpuri, Delhi - DPCC	/AQI Hourly/aqi_hourly_station_level_jahangirpuri,_delhi_-_dpcc_2025_April_delhi_2025.xlsx",Sheet1,"Jahangirpuri, Delhi - DPCC",AQI Hourly,08:00:00,float,unknown,211.0 | 299.0 | 279.0,30,1,3.33,False
"Jahangirpuri, Delhi - DPCC	/AQI Hourly/aqi_hourly_station_level_jahangirpuri,_delhi_-_dpcc_2025_April_delhi_2025.xlsx",Sheet1,"Jahangirpuri, Delhi - DPCC",AQI Hourly,09:00:00,float,unknown,208.0 | 309.0 | 274.0,30,1,3.33,False
"Jahangirpuri, Delhi - DPCC	/AQI Hourly/aqi_hourly_station_level_jahangirpuri,_delhi_-_dpcc_2025_April_delhi_2025.xlsx",Sheet1,"Jahangirpuri, Delhi - DPCC",AQI Hourly,10:00:00,float,unknown,208.0 | 319.0 | 267.0,30,1,3.33,False
"Jahangirpuri, Delhi - DPCC	/AQI Hourly/aqi_hourly_station_level_jahangirpuri,_delhi_-_dpcc_2025_April_delhi_2025.xlsx",Sheet1,"Jahangirpuri, Delhi - DPCC",AQI Hourly,11:00:00,float,unknown,210.0 | 323.0 | 262.0,30,2,6.67,False
"Jahangirpuri, Delhi - DPCC	/AQI Hourly/aqi_hourly_station_level_jahangirpuri,_delhi_-_dpcc_2025_April_delhi_2025.xlsx",Sheet1,"Jahangirpuri, Delhi - DPCC",AQI Hourly,12:00:00,float,unknown,210.0 | 324.0 | 265.0,30,1,3.33,False
"Jahangirpuri, Delhi - DPCC	/AQI Hourly/aqi_hourly_station_level_jahangirpuri,_delhi_-_dpcc_2025_April_delhi_2025.xlsx",Sheet1,"Jahangirpuri, Delhi - DPCC",AQI Hourly,13:00:00,float,unknown,213.0 | 324.0 | 293.0,30,2,6.67,False
"Jahangirpuri, Delhi - DPCC	/AQI Hourly/aqi_hourly_station_level_jahangirpuri,_delhi_-_dpcc_2025_April_delhi_2025.xlsx",Sheet1,"Jahangirpuri, Delhi - DPCC",AQI Hourly,14:00:00,float,unknown,215.0 | 321.0 | 270.0,30,1,3.33,False
"Jahangirpuri, Delhi - DPCC	/AQI Hourly/aqi_hourly_station_level_jahangirpuri,_delhi_-_dpcc_2025_April_delhi_2025.xlsx",Sheet1,"Jahangirpuri, Delhi - DPCC",AQI Hourly,15:00:00,float,unknown,217.0 | 320.0 | 269.0,30,1,3.33,False
"Jahangirpuri, Delhi - DPCC	/AQI Hourly/aqi_hourly_station_level_jahangirpuri,_delhi_-_dpcc_2025_April_delhi_2025.xlsx",Sheet1,"Jahangirpuri, Delhi - DPCC",AQI Hourly,16:00:00,float,unknown,219.0 | 319.0 | 268.0,30,1,3.33,False
"Jahangirpuri, Delhi - DPCC	/AQI Hourly/aqi_hourly_station_level_jahangirpuri,_delhi_-_dpcc_2025_April_delhi_2025.xlsx",Sheet1,"Jahangirpuri, Delhi - DPCC",AQI Hourly,17:00:00,float,unknown,220.0 | 318.0 | 268.0,30,1,3.33,False
"Jahangirpuri, Delhi - DPCC	/AQI Hourly/aqi_hourly_station_level_jahangirpuri,_delhi_-_dpcc_2025_April_delhi_2025.xlsx",Sheet1,"Jahangirpuri, Delhi - DPCC",AQI Hourly,18:00:00,float,unknown,226.0 | 309.0 | 267.0,30,2,6.67,False
"Jahangirpuri, Delhi - DPCC	/AQI Hourly/aqi_hourly_station_level_jahangirpuri,_delhi_-_dpcc_2025_April_delhi_2025.xlsx",Sheet1,"Jahangirpuri, Delhi - DPCC",AQI Hourly,19:00:00,float,unknown,230.0 | 263.0 | 299.0,30,3,10.0,False
"Jahangirpuri, Delhi - DPCC	/AQI Hourly/aqi_hourly_station_level_jahangirpuri,_delhi_-_dpcc_2025_April_delhi_2025.xlsx",Sheet1,"Jahangirpuri, Delhi - DPCC",AQI Hourly,20:00:00,float,unknown,231.0 | 305.0 | 265.0,30,2,6.67,False
"Jahangirpuri, Delhi - DPCC	/AQI Hourly/aqi_hourly_station_level_jahangirpuri,_delhi_-_dpcc_2025_April_delhi_2025.xlsx",Sheet1,"Jahangirpuri, Delhi - DPCC",AQI Hourly,21:00:00,float,unknown,238.0 | 308.0 | 255.0,30,1,3.33,False
"Jahangirpuri, Delhi - DPCC	/AQI Hourly/aqi_hourly_station_level_jahangirpuri,_delhi_-_dpcc_2025_April_delhi_2025.xlsx",Sheet1,"Jahangirpuri, Delhi - DPCC",AQI Hourly,22:00:00,float,unknown,246.0 | 308.0 | 256.0,30,2,6.67,False
"Jahangirpuri, Delhi - DPCC	/AQI Hourly/aqi_hourly_station_level_jahangirpuri,_delhi_-_dpcc_2025_April_delhi_2025.xlsx",Sheet1,"Jahangirpuri, Delhi - DPCC",AQI Hourly,23:00:00,float,unknown,256.0 | 312.0 | 249.0,30,1,3.33,False
"Jahangirpuri, Delhi - DPCC	/AQI Hourly/aqi_hourly_station_level_jahangirpuri,_delhi_-_dpcc_2025_August_delhi_2025.xlsx",Sheet1,"Jahangirpuri, Delhi - DPCC",AQI Hourly,Date,int,timestamp,1 | 2 | 3,31,0,0.0,False
"Jahangirpuri, Delhi - DPCC	/AQI Hourly/aqi_hourly_station_level_jahangirpuri,_delhi_-_dpcc_2025_August_delhi_2025.xlsx",Sheet1,"Jahangirpuri, Delhi - DPCC",AQI Hourly,00:00:00,float,unknown,83.0 | 91.0 | 69.0,31,1,3.23,False
"Jahangirpuri, Delhi - DPCC	/AQI Hourly/aqi_hourly_station_level_jahangirpuri,_delhi_-_dpcc_2025_August_delhi_2025.xlsx",Sheet1,"Jahangirpuri, Delhi - DPCC",AQI Hourly,01:00:00,int,unknown,83 | 92 | 70,31,0,0.0,False
"Jahangirpuri, Delhi - DPCC	/AQI Hourly/aqi_hourly_station_level_jahangirpuri,_delhi_-_dpcc_2025_August_delhi_2025.xlsx",Sheet1,"Jahangirpuri, Delhi - DPCC",AQI Hourly,02:00:00,int,unknown,85 | 92 | 70,31,0,0.0,False
"Jahangirpuri, Delhi - DPCC	/AQI Hourly/aqi_hourly_station_level_jahangirpuri,_delhi_-_dpcc_2025_August_delhi_2025.xlsx",Sheet1,"Jahangirpuri, Delhi - DPCC",AQI Hourly,03:00:00,float,unknown,86.0 | 93.0 | 130.0,31,2,6.45,False
"Jahangirpuri, Delhi - DPCC	/AQI Hourly/aqi_hourly_station_level_jahangirpuri,_delhi_-_dpcc_2025_August_delhi_2025.xlsx",Sheet1,"Jahangirpuri, Delhi - DPCC",AQI Hourly,04:00:00,int,unknown,88 | 93 | 124,31,0,0.0,False
"Jahangirpuri, Delhi - DPCC	/AQI Hourly/aqi_hourly_station_level_jahangirpuri,_delhi_-_dpcc_2025_August_delhi_2025.xlsx",Sheet1,"Jahangirpuri, Delhi - DPCC",AQI Hourly,05:00:00,int,unknown,87 | 96 | 120,31,0,0.0,False
"Jahangirpuri, Delhi - DPCC	/AQI Hourly/aqi_hourly_station_level_jahangirpuri,_delhi_-_dpcc_2025_August_delhi_2025.xlsx",Sheet1,"Jahangirpuri, Delhi - DPCC",AQI Hourly,06:00:00,int,unknown,84 | 100 | 120,31,0,0.0,False
"Jahangirpuri, Delhi - DPCC	/AQI Hourly/aqi_hourly_station_level_jahangirpuri,_delhi_-_dpcc_2025_August_delhi_2025.xlsx",Sheet1,"Jahangirpuri, Delhi - DPCC",AQI Hourly,07:00:00,int,unknown,83 | 103 | 121,31,0,0.0,False
"Jahangirpuri, Delhi - DPCC	/AQI Hourly/aqi_hourly_station_level_jahangirpuri,_delhi_-_dpcc_2025_August_delhi_2025.xlsx",Sheet1,"Jahangirpuri, Delhi - DPCC",AQI Hourly,08:00:00,int,unknown,83 | 51 | 128,31,0,0.0,False
"Jahangirpuri, Delhi - DPCC	/AQI Hourly/aqi_hourly_station_level_jahangirpuri,_delhi_-_dpcc_2025_August_delhi_2025.xlsx",Sheet1,"Jahangirpuri, Delhi - DPCC",AQI Hourly,09:00:00,int,unknown,80 | 54 | 128,31,0,0.0,False
"Jahangirpuri, Delhi - DPCC	/AQI Hourly/aqi_hourly_station_level_jahangirpuri,_delhi_-_dpcc_2025_August_delhi_2025.xlsx",Sheet1,"Jahangirpuri, Delhi - DPCC",AQI Hourly,10:00:00,int,unknown,80 | 55 | 127,31,0,0.0,False
"Jahangirpuri, Delhi - DPCC	/AQI Hourly/aqi_hourly_station_level_jahangirpuri,_delhi_-_dpcc_2025_August_delhi_2025.xlsx",Sheet1,"Jahangirpuri, Delhi - DPCC",AQI Hourly,11:00:00,int,unknown,80 | 55 | 126,31,0,0.0,False
"Jahangirpuri, Delhi - DPCC	/AQI Hourly/aqi_hourly_station_level_jahangirpuri,_delhi_-_dpcc_2025_August_delhi_2025.xlsx",Sheet1,"Jahangirpuri, Delhi - DPCC",AQI Hourly,12:00:00,float,unknown,84.0 | 54.0 | 125.0,31,1,3.23,False
"Jahangirpuri, Delhi - DPCC	/AQI Hourly/aqi_hourly_station_level_jahangirpuri,_delhi_-_dpcc_2025_August_delhi_2025.xlsx",Sheet1,"Jahangirpuri, Delhi - DPCC",AQI Hourly,13:00:00,float,unknown,86.0 | 53.0 | 125.0,31,1,3.23,False
"Jahangirpuri, Delhi - DPCC	/AQI Hourly/aqi_hourly_station_level_jahangirpuri,_delhi_-_dpcc_2025_August_delhi_2025.xlsx",Sheet1,"Jahangirpuri, Delhi - DPCC",AQI Hourly,14:00:00,int,unknown,87 | 53 | 126,31,0,0.0,False
"Jahangirpuri, Delhi - DPCC	/AQI Hourly/aqi_hourly_station_level_jahangirpuri,_delhi_-_dpcc_2025_August_delhi_2025.xlsx",Sheet1,"Jahangirpuri, Delhi - DPCC",AQI Hourly,15:00:00,int,unknown,90 | 51 | 127,31,0,0.0,False
"Jahangirpuri, Delhi - DPCC	/AQI Hourly/aqi_hourly_station_level_jahangirpuri,_delhi_-_dpcc_2025_August_delhi_2025.xlsx",Sheet1,"Jahangirpuri, Delhi - DPCC",AQI Hourly,16:00:00,int,unknown,92 | 52 | 128,31,0,0.0,False
"Jahangirpuri, Delhi - DPCC	/AQI Hourly/aqi_hourly_station_level_jahangirpuri,_delhi_-_dpcc_2025_August_delhi_2025.xlsx",Sheet1,"Jahangirpuri, Delhi - DPCC",AQI Hourly,17:00:00,int,unknown,94 | 52 | 128,31,0,0.0,False
"Jahangirpuri, Delhi - DPCC	/AQI Hourly/aqi_hourly_station_level_jahangirpuri,_delhi_-_dpcc_2025_August_delhi_2025.xlsx",Sheet1,"Jahangirpuri, Delhi - DPCC",AQI Hourly,18:00:00,float,unknown,96.0 | 54.0 | 130.0,31,1,3.23,False
"Jahangirpuri, Delhi - DPCC	/AQI Hourly/aqi_hourly_station_level_jahangirpuri,_delhi_-_dpcc_2025_August_delhi_2025.xlsx",Sheet1,"Jahangirpuri, Delhi - DPCC",AQI Hourly,19:00:00,int,unknown,96 | 60 | 132,31,0,0.0,False
"Jahangirpuri, Delhi - DPCC	/AQI Hourly/aqi_hourly_station_level_jahangirpuri,_delhi_-_dpcc_2025_August_delhi_2025.xlsx",Sheet1,"Jahangirpuri, Delhi - DPCC",AQI Hourly,20:00:00,int,unknown,95 | 61 | 134,31,0,0.0,False
"Jahangirpuri, Delhi - DPCC	/AQI Hourly/aqi_hourly_station_level_jahangirpuri,_delhi_-_dpcc_2025_August_delhi_2025.xlsx",Sheet1,"Jahangirpuri, Delhi - DPCC",AQI Hourly,21:00:00,int,unknown,95 | 64 | 136,31,0,0.0,False
"Jahangirpuri, Delhi - DPCC	/AQI Hourly/aqi_hourly_station_level_jahangirpuri,_delhi_-_dpcc_2025_August_delhi_2025.xlsx",Sheet1,"Jahangirpuri, Delhi - DPCC",AQI Hourly,22:00:00,int,unknown,96 | 67 | 138,31,0,0.0,False
"Jahangirpuri, Delhi - DPCC	/AQI Hourly/aqi_hourly_station_level_jahangirpuri,_delhi_-_dpcc_2025_August_delhi_2025.xlsx",Sheet1,"Jahangirpuri, Delhi - DPCC",AQI Hourly,23:00:00,int,unknown,93 | 68 | 142,31,0,0.0,False
"Jahangirpuri, Delhi - DPCC	/AQI Hourly/aqi_hourly_station_level_jahangirpuri,_delhi_-_dpcc_2025_December_delhi_2025.xlsx",Sheet1,"Jahangirpuri, Delhi - DPCC",AQI Hourly,Date,int,timestamp,1 | 2 | 3,31,0,0.0,False
"Jahangirpuri, Delhi - DPCC	/AQI Hourly/aqi_hourly_station_level_jahangirpuri,_delhi_-_dpcc_2025_December_delhi_2025.xlsx",Sheet1,"Jahangirpuri, Delhi - DPCC",AQI Hourly,00:00:00,float,unknown,312.0 | 337.0 | 415.0,31,1,3.23,False
"Jahangirpuri, Delhi - DPCC	/AQI Hourly/aqi_hourly_station_level_jahangirpuri,_delhi_-_dpcc_2025_December_delhi_2025.xlsx",Sheet1,"Jahangirpuri, Delhi - DPCC",AQI Hourly,01:00:00,int,unknown,312 | 341 | 414,31,0,0.0,False
"Jahangirpuri, Delhi - DPCC	/AQI Hourly/aqi_hourly_station_level_jahangirpuri,_delhi_-_dpcc_2025_December_delhi_2025.xlsx",Sheet1,"Jahangirpuri, Delhi - DPCC",AQI Hourly,02:00:00,int,unknown,314 | 344 | 410,31,0,0.0,False
"Jahangirpuri, Delhi - DPCC	/AQI Hourly/aqi_hourly_station_level_jahangirpuri,_delhi_-_dpcc_2025_December_delhi_2025.xlsx",Sheet1,"Jahangirpuri, Delhi - DPCC",AQI Hourly,03:00:00,int,unknown,316 | 346 | 407,31,0,0.0,False
"Jahangirpuri, Delhi - DPCC	/AQI Hourly/aqi_hourly_station_level_jahangirpuri,_delhi_-_dpcc_2025_December_delhi_2025.xlsx",Sheet1,"Jahangirpuri, Delhi - DPCC",AQI Hourly,04:00:00,int,unknown,317 | 347 | 406,31,0,0.0,False
"Jahangirpuri, Delhi - DPCC	/AQI Hourly/aqi_hourly_station_level_jahangirpuri,_delhi_-_dpcc_2025_December_delhi_2025.xlsx",Sheet1,"Jahangirpuri, Delhi - DPCC",AQI Hourly,05:00:00,int,unknown,318 | 347 | 407,31,0,0.0,False
"Jahangirpuri, Delhi - DPCC	/AQI Hourly/aqi_hourly_station_level_jahangirpuri,_delhi_-_dpcc_2025_December_delhi_2025.xlsx",Sheet1,"Jahangirpuri, Delhi - DPCC",AQI Hourly,06:00:00,int,unknown,319 | 348 | 406,31,0,0.0,False
"Jahangirpuri, Delhi - DPCC	/AQI Hourly/aqi_hourly_station_level_jahangirpuri,_delhi_-_dpcc_2025_December_delhi_2025.xlsx",Sheet1,"Jahangirpuri, Delhi - DPCC",AQI Hourly,07:00:00,float,unknown,321.0 | 349.0 | 406.0,31,1,3.23,False
"Jahangirpuri, Delhi - DPCC	/AQI Hourly/aqi_hourly_station_level_jahangirpuri,_delhi_-_dpcc_2025_December_delhi_2025.xlsx",Sheet1,"Jahangirpuri, Delhi - DPCC",AQI Hourly,08:00:00,int,unknown,321 | 351 | 405,31,0,0.0,False
"Jahangirpuri, Delhi - DPCC	/AQI Hourly/aqi_hourly_station_level_jahangirpuri,_delhi_-_dpcc_2025_December_delhi_2025.xlsx",Sheet1,"Jahangirpuri, Delhi - DPCC",AQI Hourly,09:00:00,int,unknown,322 | 354 | 404,31,0,0.0,False
"Jahangirpuri, Delhi - DPCC	/AQI Hourly/aqi_hourly_station_level_jahangirpuri,_delhi_-_dpcc_2025_December_delhi_2025.xlsx",Sheet1,"Jahangirpuri, Delhi - DPCC",AQI Hourly,10:00:00,int,unknown,323 | 358 | 401,31,0,0.0,False
"Jahangirpuri, Delhi - DPCC	/AQI Hourly/aqi_hourly_station_level_jahangirpuri,_delhi_-_dpcc_2025_December_delhi_2025.xlsx",Sheet1,"Jahangirpuri, Delhi - DPCC",AQI Hourly,11:00:00,int,unknown,325 | 361 | 397,31,0,0.0,False
"Jahangirpuri, Delhi - DPCC	/AQI Hourly/aqi_hourly_station_level_jahangirpuri,_delhi_-_dpcc_2025_December_delhi_2025.xlsx",Sheet1,"Jahangirpuri, Delhi - DPCC",AQI Hourly,12:00:00,int,unknown,326 | 367 | 391,31,0,0.0,False
"Jahangirpuri, Delhi - DPCC	/AQI Hourly/aqi_hourly_station_level_jahangirpuri,_delhi_-_dpcc_2025_December_delhi_2025.xlsx",Sheet1,"Jahangirpuri, Delhi - DPCC",AQI Hourly,13:00:00,int,unknown,329 | 369 | 387,31,0,0.0,False
"Jahangirpuri, Delhi - DPCC	/AQI Hourly/aqi_hourly_station_level_jahangirpuri,_delhi_-_dpcc_2025_December_delhi_2025.xlsx",Sheet1,"Jahangirpuri, Delhi - DPCC",AQI Hourly,14:00:00,int,unknown,331 | 374 | 383,31,0,0.0,False
"Jahangirpuri, Delhi - DPCC	/AQI Hourly/aqi_hourly_station_level_jahangirpuri,_delhi_-_dpcc_2025_December_delhi_2025.xlsx",Sheet1,"Jahangirpuri, Delhi - DPCC",AQI Hourly,15:00:00,int,unknown,330 | 383 | 377,31,0,0.0,False
"Jahangirpuri, Delhi - DPCC	/AQI Hourly/aqi_hourly_station_level_jahangirpuri,_delhi_-_dpcc_2025_December_delhi_2025.xlsx",Sheet1,"Jahangirpuri, Delhi - DPCC",AQI Hourly,16:00:00,int,unknown,331 | 391 | 370,31,0,0.0,False
"Jahangirpuri, Delhi - DPCC	/AQI Hourly/aqi_hourly_station_level_jahangirpuri,_delhi_-_dpcc_2025_December_delhi_2025.xlsx",Sheet1,"Jahangirpuri, Delhi - DPCC",AQI Hourly,17:00:00,int,unknown,329 | 398 | 365,31,0,0.0,False
"Jahangirpuri, Delhi - DPCC	/AQI Hourly/aqi_hourly_station_level_jahangirpuri,_delhi_-_dpcc_2025_December_delhi_2025.xlsx",Sheet1,"Jahangirpuri, Delhi - DPCC",AQI Hourly,18:00:00,int,unknown,328 | 403 | 360,31,0,0.0,False
"Jahangirpuri, Delhi - DPCC	/AQI Hourly/aqi_hourly_station_level_jahangirpuri,_delhi_-_dpcc_2025_December_delhi_2025.xlsx",Sheet1,"Jahangirpuri, Delhi - DPCC",AQI Hourly,19:00:00,int,unknown,328 | 405 | 358,31,0,0.0,False
"Jahangirpuri, Delhi - DPCC	/AQI Hourly/aqi_hourly_station_level_jahangirpuri,_delhi_-_dpcc_2025_December_delhi_2025.xlsx",Sheet1,"Jahangirpuri, Delhi - DPCC",AQI Hourly,20:00:00,float,unknown,328.0 | 408.0 | 355.0,31,1,3.23,False
"Jahangirpuri, Delhi - DPCC	/AQI Hourly/aqi_hourly_station_level_jahangirpuri,_delhi_-_dpcc_2025_December_delhi_2025.xlsx",Sheet1,"Jahangirpuri, Delhi - DPCC",AQI Hourly,21:00:00,int,unknown,328 | 414 | 351,31,0,0.0,False
"Jahangirpuri, Delhi - DPCC	/AQI Hourly/aqi_hourly_station_level_jahangirpuri,_delhi_-_dpcc_2025_December_delhi_2025.xlsx",Sheet1,"Jahangirpuri, Delhi - DPCC",AQI Hourly,22:00:00,int,unknown,331 | 414 | 350,31,0,0.0,False
"Jahangirpuri, Delhi - DPCC	/AQI Hourly/aqi_hourly_station_level_jahangirpuri,_delhi_-_dpcc_2025_December_delhi_2025.xlsx",Sheet1,"Jahangirpuri, Delhi - DPCC",AQI Hourly,23:00:00,int,unknown,333 | 415 | 349,31,0,0.0,False
"Jahangirpuri, Delhi - DPCC	/AQI Hourly/aqi_hourly_station_level_jahangirpuri,_delhi_-_dpcc_2025_February_delhi_2025.xlsx",Sheet1,"Jahangirpuri, Delhi - DPCC",AQI Hourly,Date,int,timestamp,1 | 2 | 3,28,0,0.0,False
"Jahangirpuri, Delhi - DPCC	/AQI Hourly/aqi_hourly_station_level_jahangirpuri,_delhi_-_dpcc_2025_February_delhi_2025.xlsx",Sheet1,"Jahangirpuri, Delhi - DPCC",AQI Hourly,00:00:00,int,unknown,410 | 375 | 346,28,0,0.0,False
"Jahangirpuri, Delhi - DPCC	/AQI Hourly/aqi_hourly_station_level_jahangirpuri,_delhi_-_dpcc_2025_February_delhi_2025.xlsx",Sheet1,"Jahangirpuri, Delhi - DPCC",AQI Hourly,01:00:00,int,unknown,414 | 372 | 347,28,0,0.0,False
"Jahangirpuri, Delhi - DPCC	/AQI Hourly/aqi_hourly_station_level_jahangirpuri,_delhi_-_dpcc_2025_February_delhi_2025.xlsx",Sheet1,"Jahangirpuri, Delhi - DPCC",AQI Hourly,02:00:00,int,unknown,409 | 371 | 347,28,0,0.0,False
"Jahangirpuri, Delhi - DPCC	/AQI Hourly/aqi_hourly_station_level_jahangirpuri,_delhi_-_dpcc_2025_February_delhi_2025.xlsx",Sheet1,"Jahangirpuri, Delhi - DPCC",AQI Hourly,03:00:00,int,unknown,404 | 371 | 345,28,0,0.0,False
"Jahangirpuri, Delhi - DPCC	/AQI Hourly/aqi_hourly_station_level_jahangirpuri,_delhi_-_dpcc_2025_February_delhi_2025.xlsx",Sheet1,"Jahangirpuri, Delhi - DPCC",AQI Hourly,04:00:00,int,unknown,398 | 370 | 344,28,0,0.0,False
"Jahangirpuri, Delhi - DPCC	/AQI Hourly/aqi_hourly_station_level_jahangirpuri,_delhi_-_dpcc_2025_February_delhi_2025.xlsx",Sheet1,"Jahangirpuri, Delhi - DPCC",AQI Hourly,05:00:00,int,unknown,392 | 370 | 344,28,0,0.0,False
"Jahangirpuri, Delhi - DPCC	/AQI Hourly/aqi_hourly_station_level_jahangirpuri,_delhi_-_dpcc_2025_February_delhi_2025.xlsx",Sheet1,"Jahangirpuri, Delhi - DPCC",AQI Hourly,06:00:00,int,unknown,385 | 372 | 340,28,0,0.0,False
"Jahangirpuri, Delhi - DPCC	/AQI Hourly/aqi_hourly_station_level_jahangirpuri,_delhi_-_dpcc_2025_February_delhi_2025.xlsx",Sheet1,"Jahangirpuri, Delhi - DPCC",AQI Hourly,07:00:00,int,unknown,380 | 373 | 339,28,0,0.0,False
"Jahangirpuri, Delhi - DPCC	/AQI Hourly/aqi_hourly_station_level_jahangirpuri,_delhi_-_dpcc_2025_February_delhi_2025.xlsx",Sheet1,"Jahangirpuri, Delhi - DPCC",AQI Hourly,08:00:00,int,unknown,375 | 373 | 338,28,0,0.0,False
"Jahangirpuri, Delhi - DPCC	/AQI Hourly/aqi_hourly_station_level_jahangirpuri,_delhi_-_dpcc_2025_February_delhi_2025.xlsx",Sheet1,"Jahangirpuri, Delhi - DPCC",AQI Hourly,09:00:00,int,unknown,371 | 373 | 338,28,0,0.0,False
"Jahangirpuri, Delhi - DPCC	/AQI Hourly/aqi_hourly_station_level_jahangirpuri,_delhi_-_dpcc_2025_February_delhi_2025.xlsx",Sheet1,"Jahangirpuri, Delhi - DPCC",AQI Hourly,10:00:00,int,unknown,371 | 371 | 337,28,0,0.0,False
"Jahangirpuri, Delhi - DPCC	/AQI Hourly/aqi_hourly_station_level_jahangirpuri,_delhi_-_dpcc_2025_February_delhi_2025.xlsx",Sheet1,"Jahangirpuri, Delhi - DPCC",AQI Hourly,11:00:00,int,unknown,368 | 370 | 337,28,0,0.0,False
"Jahangirpuri, Delhi - DPCC	/AQI Hourly/aqi_hourly_station_level_jahangirpuri,_delhi_-_dpcc_2025_February_delhi_2025.xlsx",Sheet1,"Jahangirpuri, Delhi - DPCC",AQI Hourly,12:00:00,int,unknown,369 | 368 | 336,28,0,0.0,False
"Jahangirpuri, Delhi - DPCC	/AQI Hourly/aqi_hourly_station_level_jahangirpuri,_delhi_-_dpcc_2025_February_delhi_2025.xlsx",Sheet1,"Jahangirpuri, Delhi - DPCC",AQI Hourly,13:00:00,int,unknown,370 | 366 | 335,28,0,0.0,False
"Jahangirpuri, Delhi - DPCC	/AQI Hourly/aqi_hourly_station_level_jahangirpuri,_delhi_-_dpcc_2025_February_delhi_2025.xlsx",Sheet1,"Jahangirpuri, Delhi - DPCC",AQI Hourly,14:00:00,int,unknown,373 | 364 | 333,28,0,0.0,False
"Jahangirpuri, Delhi - DPCC	/AQI Hourly/aqi_hourly_station_level_jahangirpuri,_delhi_-_dpcc_2025_February_delhi_2025.xlsx",Sheet1,"Jahangirpuri, Delhi - DPCC",AQI Hourly,15:00:00,int,unknown,373 | 362 | 333,28,0,0.0,False
"Jahangirpuri, Delhi - DPCC	/AQI Hourly/aqi_hourly_station_level_jahangirpuri,_delhi_-_dpcc_2025_February_delhi_2025.xlsx",Sheet1,"Jahangirpuri, Delhi - DPCC",AQI Hourly,16:00:00,int,unknown,380 | 359 | 325,28,0,0.0,False
"Jahangirpuri, Delhi - DPCC	/AQI Hourly/aqi_hourly_station_level_jahangirpuri,_delhi_-_dpcc_2025_February_delhi_2025.xlsx",Sheet1,"Jahangirpuri, Delhi - DPCC",AQI Hourly,17:00:00,int,unknown,381 | 357 | 307,28,0,0.0,False
"Jahangirpuri, Delhi - DPCC	/AQI Hourly/aqi_hourly_station_level_jahangirpuri,_delhi_-_dpcc_2025_February_delhi_2025.xlsx",Sheet1,"Jahangirpuri, Delhi - DPCC",AQI Hourly,18:00:00,int,unknown,380 | 358 | 299,28,0,0.0,False
"Jahangirpuri, Delhi - DPCC	/AQI Hourly/aqi_hourly_station_level_jahangirpuri,_delhi_-_dpcc_2025_February_delhi_2025.xlsx",Sheet1,"Jahangirpuri, Delhi - DPCC",AQI Hourly,19:00:00,int,unknown,379 | 358 | 291,28,0,0.0,False
"Jahangirpuri, Delhi - DPCC	/AQI Hourly/aqi_hourly_station_level_jahangirpuri,_delhi_-_dpcc_2025_February_delhi_2025.xlsx",Sheet1,"Jahangirpuri, Delhi - DPCC",AQI Hourly,20:00:00,int,unknown,380 | 357 | 288,28,0,0.0,False
"Jahangirpuri, Delhi - DPCC	/AQI Hourly/aqi_hourly_station_level_jahangirpuri,_delhi_-_dpcc_2025_February_delhi_2025.xlsx",Sheet1,"Jahangirpuri, Delhi - DPCC",AQI Hourly,21:00:00,int,unknown,380 | 353 | 287,28,0,0.0,False
"Jahangirpuri, Delhi - DPCC	/AQI Hourly/aqi_hourly_station_level_jahangirpuri,_delhi_-_dpcc_2025_February_delhi_2025.xlsx",Sheet1,"Jahangirpuri, Delhi - DPCC",AQI Hourly,22:00:00,int,unknown,381 | 348 | 285,28,0,0.0,False
"Jahangirpuri, Delhi - DPCC	/AQI Hourly/aqi_hourly_station_level_jahangirpuri,_delhi_-_dpcc_2025_February_delhi_2025.xlsx",Sheet1,"Jahangirpuri, Delhi - DPCC",AQI Hourly,23:00:00,int,unknown,379 | 347 | 281,28,0,0.0,False
"Jahangirpuri, Delhi - DPCC	/AQI Hourly/aqi_hourly_station_level_jahangirpuri,_delhi_-_dpcc_2025_January_delhi_2025.xlsx",Sheet1,"Jahangirpuri, Delhi - DPCC",AQI Hourly,Date,int,timestamp,1 | 2 | 3,31,0,0.0,False
"Jahangirpuri, Delhi - DPCC	/AQI Hourly/aqi_hourly_station_level_jahangirpuri,_delhi_-_dpcc_2025_January_delhi_2025.xlsx",Sheet1,"Jahangirpuri, Delhi - DPCC",AQI Hourly,00:00:00,float,unknown,345.0 | 380.0 | 425.0,31,3,9.68,False
"Jahangirpuri, Delhi - DPCC	/AQI Hourly/aqi_hourly_station_level_jahangirpuri,_delhi_-_dpcc_2025_January_delhi_2025.xlsx",Sheet1,"Jahangirpuri, Delhi - DPCC",AQI Hourly,01:00:00,float,unknown,345.0 | 385.0 | 427.0,31,3,9.68,False
"Jahangirpuri, Delhi - DPCC	/AQI Hourly/aqi_hourly_station_level_jahangirpuri,_delhi_-_dpcc_2025_January_delhi_2025.xlsx",Sheet1,"Jahangirpuri, Delhi - DPCC",AQI Hourly,02:00:00,float,unknown,388.0 | 428.0 | 401.0,31,4,12.9,False
"Jahangirpuri, Delhi - DPCC	/AQI Hourly/aqi_hourly_station_level_jahangirpuri,_delhi_-_dpcc_2025_January_delhi_2025.xlsx",Sheet1,"Jahangirpuri, Delhi - DPCC",AQI Hourly,03:00:00,float,unknown,391.0 | 426.0 | 402.0,31,4,12.9,False
"Jahangirpuri, Delhi - DPCC	/AQI Hourly/aqi_hourly_station_level_jahangirpuri,_delhi_-_dpcc_2025_January_delhi_2025.xlsx",Sheet1,"Jahangirpuri, Delhi - DPCC",AQI Hourly,04:00:00,float,unknown,394.0 | 423.0 | 403.0,31,5,16.13,False
"Jahangirpuri, Delhi - DPCC	/AQI Hourly/aqi_hourly_station_level_jahangirpuri,_delhi_-_dpcc_2025_January_delhi_2025.xlsx",Sheet1,"Jahangirpuri, Delhi - DPCC",AQI Hourly,05:00:00,float,unknown,396.0 | 420.0 | 405.0,31,5,16.13,False
"Jahangirpuri, Delhi - DPCC	/AQI Hourly/aqi_hourly_station_level_jahangirpuri,_delhi_-_dpcc_2025_January_delhi_2025.xlsx",Sheet1,"Jahangirpuri, Delhi - DPCC",AQI Hourly,06:00:00,float,unknown,397.0 | 419.0 | 407.0,31,5,16.13,False
"Jahangirpuri, Delhi - DPCC	/AQI Hourly/aqi_hourly_station_level_jahangirpuri,_delhi_-_dpcc_2025_January_delhi_2025.xlsx",Sheet1,"Jahangirpuri, Delhi - DPCC",AQI Hourly,07:00:00,float,unknown,397.0 | 417.0 | 409.0,31,5,16.13,False
"Jahangirpuri, Delhi - DPCC	/AQI Hourly/aqi_hourly_station_level_jahangirpuri,_delhi_-_dpcc_2025_January_delhi_2025.xlsx",Sheet1,"Jahangirpuri, Delhi - DPCC",AQI Hourly,08:00:00,float,unknown,398.0 | 409.0 | 358.0,31,7,22.58,False
"Jahangirpuri, Delhi - DPCC	/AQI Hourly/aqi_hourly_station_level_jahangirpuri,_delhi_-_dpcc_2025_January_delhi_2025.xlsx",Sheet1,"Jahangirpuri, Delhi - DPCC",AQI Hourly,09:00:00,float,unknown,370.0 | 399.0 | 414.0,31,5,16.13,False
"Jahangirpuri, Delhi - DPCC	/AQI Hourly/aqi_hourly_station_level_jahangirpuri,_delhi_-_dpcc_2025_January_delhi_2025.xlsx",Sheet1,"Jahangirpuri, Delhi - DPCC",AQI Hourly,10:00:00,float,unknown,369.0 | 401.0 | 411.0,31,4,12.9,False
"Jahangirpuri, Delhi - DPCC	/AQI Hourly/aqi_hourly_station_level_jahangirpuri,_delhi_-_dpcc_2025_January_delhi_2025.xlsx",Sheet1,"Jahangirpuri, Delhi - DPCC",AQI Hourly,11:00:00,float,unknown,370.0 | 402.0 | 409.0,31,4,12.9,False
"Jahangirpuri, Delhi - DPCC	/AQI Hourly/aqi_hourly_station_level_jahangirpuri,_delhi_-_dpcc_2025_January_delhi_2025.xlsx",Sheet1,"Jahangirpuri, Delhi - DPCC",AQI Hourly,12:00:00,float,unknown,371.0 | 403.0 | 410.0,31,4,12.9,False
"Jahangirpuri, Delhi - DPCC	/AQI Hourly/aqi_hourly_station_level_jahangirpuri,_delhi_-_dpcc_2025_January_delhi_2025.xlsx",Sheet1,"Jahangirpuri, Delhi - DPCC",AQI Hourly,13:00:00,float,unknown,371.0 | 406.0 | 413.0,31,4,12.9,False
"Jahangirpuri, Delhi - DPCC	/AQI Hourly/aqi_hourly_station_level_jahangirpuri,_delhi_-_dpcc_2025_January_delhi_2025.xlsx",Sheet1,"Jahangirpuri, Delhi - DPCC",AQI Hourly,14:00:00,float,unknown,371.0 | 409.0 | 415.0,31,4,12.9,False
"Jahangirpuri, Delhi - DPCC	/AQI Hourly/aqi_hourly_station_level_jahangirpuri,_delhi_-_dpcc_2025_January_delhi_2025.xlsx",Sheet1,"Jahangirpuri, Delhi - DPCC",AQI Hourly,15:00:00,float,unknown,371.0 | 413.0 | 415.0,31,4,12.9,False
"Jahangirpuri, Delhi - DPCC	/AQI Hourly/aqi_hourly_station_level_jahangirpuri,_delhi_-_dpcc_2025_January_delhi_2025.xlsx",Sheet1,"Jahangirpuri, Delhi - DPCC",AQI Hourly,16:00:00,float,unknown,370.0 | 415.0 | 416.0,31,4,12.9,False
"Jahangirpuri, Delhi - DPCC	/AQI Hourly/aqi_hourly_station_level_jahangirpuri,_delhi_-_dpcc_2025_January_delhi_2025.xlsx",Sheet1,"Jahangirpuri, Delhi - DPCC",AQI Hourly,17:00:00,float,unknown,370.0 | 416.0 | 417.0,31,4,12.9,False
"Jahangirpuri, Delhi - DPCC	/AQI Hourly/aqi_hourly_station_level_jahangirpuri,_delhi_-_dpcc_2025_January_delhi_2025.xlsx",Sheet1,"Jahangirpuri, Delhi - DPCC",AQI Hourly,18:00:00,float,unknown,371.0 | 417.0 | 417.0,31,5,16.13,False
"Jahangirpuri, Delhi - DPCC	/AQI Hourly/aqi_hourly_station_level_jahangirpuri,_delhi_-_dpcc_2025_January_delhi_2025.xlsx",Sheet1,"Jahangirpuri, Delhi - DPCC",AQI Hourly,19:00:00,float,unknown,371.0 | 419.0 | 416.0,31,3,9.68,False
"Jahangirpuri, Delhi - DPCC	/AQI Hourly/aqi_hourly_station_level_jahangirpuri,_delhi_-_dpcc_2025_January_delhi_2025.xlsx",Sheet1,"Jahangirpuri, Delhi - DPCC",AQI Hourly,20:00:00,float,unknown,372.0 | 421.0 | 415.0,31,3,9.68,False
"Jahangirpuri, Delhi - DPCC	/AQI Hourly/aqi_hourly_station_level_jahangirpuri,_delhi_-_dpcc_2025_January_delhi_2025.xlsx",Sheet1,"Jahangirpuri, Delhi - DPCC",AQI Hourly,21:00:00,float,unknown,374.0 | 422.0 | 414.0,31,3,9.68,False
"Jahangirpuri, Delhi - DPCC	/AQI Hourly/aqi_hourly_station_level_jahangirpuri,_delhi_-_dpcc_2025_January_delhi_2025.xlsx",Sheet1,"Jahangirpuri, Delhi - DPCC",AQI Hourly,22:00:00,float,unknown,374.0 | 424.0 | 413.0,31,3,9.68,False
"Jahangirpuri, Delhi - DPCC	/AQI Hourly/aqi_hourly_station_level_jahangirpuri,_delhi_-_dpcc_2025_January_delhi_2025.xlsx",Sheet1,"Jahangirpuri, Delhi - DPCC",AQI Hourly,23:00:00,float,unknown,377.0 | 424.0 | 410.0,31,3,9.68,False
"Jahangirpuri, Delhi - DPCC	/AQI Hourly/aqi_hourly_station_level_jahangirpuri,_delhi_-_dpcc_2025_July_delhi_2025.xlsx",Sheet1,"Jahangirpuri, Delhi - DPCC",AQI Hourly,Date,int,timestamp,1 | 2 | 3,31,0,0.0,False
"Jahangirpuri, Delhi - DPCC	/AQI Hourly/aqi_hourly_station_level_jahangirpuri,_delhi_-_dpcc_2025_July_delhi_2025.xlsx",Sheet1,"Jahangirpuri, Delhi - DPCC",AQI Hourly,00:00:00,float,unknown,138.0 | 119.0 | 136.0,31,2,6.45,False
"Jahangirpuri, Delhi - DPCC	/AQI Hourly/aqi_hourly_station_level_jahangirpuri,_delhi_-_dpcc_2025_July_delhi_2025.xlsx",Sheet1,"Jahangirpuri, Delhi - DPCC",AQI Hourly,01:00:00,float,unknown,137.0 | 119.0 | 135.0,31,2,6.45,False
"Jahangirpuri, Delhi - DPCC	/AQI Hourly/aqi_hourly_station_level_jahangirpuri,_delhi_-_dpcc_2025_July_delhi_2025.xlsx",Sheet1,"Jahangirpuri, Delhi - DPCC",AQI Hourly,02:00:00,float,unknown,143.0 | 116.0 | 130.0,31,2,6.45,False
"Jahangirpuri, Delhi - DPCC	/AQI Hourly/aqi_hourly_station_level_jahangirpuri,_delhi_-_dpcc_2025_July_delhi_2025.xlsx",Sheet1,"Jahangirpuri, Delhi - DPCC",AQI Hourly,03:00:00,float,unknown,146.0 | 120.0 | 123.0,31,2,6.45,False
"Jahangirpuri, Delhi - DPCC	/AQI Hourly/aqi_hourly_station_level_jahangirpuri,_delhi_-_dpcc_2025_July_delhi_2025.xlsx",Sheet1,"Jahangirpuri, Delhi - DPCC",AQI Hourly,04:00:00,float,unknown,150.0 | 122.0 | 117.0,31,2,6.45,False
"Jahangirpuri, Delhi - DPCC	/AQI Hourly/aqi_hourly_station_level_jahangirpuri,_delhi_-_dpcc_2025_July_delhi_2025.xlsx",Sheet1,"Jahangirpuri, Delhi - DPCC",AQI Hourly,05:00:00,float,unknown,151.0 | 125.0 | 112.0,31,2,6.45,False
"Jahangirpuri, Delhi - DPCC	/AQI Hourly/aqi_hourly_station_level_jahangirpuri,_delhi_-_dpcc_2025_July_delhi_2025.xlsx",Sheet1,"Jahangirpuri, Delhi - DPCC",AQI Hourly,06:00:00,float,unknown,153.0 | 126.0 | 107.0,31,1,3.23,False
"Jahangirpuri, Delhi - DPCC	/AQI Hourly/aqi_hourly_station_level_jahangirpuri,_delhi_-_dpcc_2025_July_delhi_2025.xlsx",Sheet1,"Jahangirpuri, Delhi - DPCC",AQI Hourly,07:00:00,float,unknown,155.0 | 132.0 | 100.0,31,2,6.45,False
"Jahangirpuri, Delhi - DPCC	/AQI Hourly/aqi_hourly_station_level_jahangirpuri,_delhi_-_dpcc_2025_July_delhi_2025.xlsx",Sheet1,"Jahangirpuri, Delhi - DPCC",AQI Hourly,08:00:00,float,unknown,158.0 | 138.0 | 92.0,31,1,3.23,False
"Jahangirpuri, Delhi - DPCC	/AQI Hourly/aqi_hourly_station_level_jahangirpuri,_delhi_-_dpcc_2025_July_delhi_2025.xlsx",Sheet1,"Jahangirpuri, Delhi - DPCC",AQI Hourly,09:00:00,float,unknown,159.0 | 141.0 | 90.0,31,1,3.23,False
"Jahangirpuri, Delhi - DPCC	/AQI Hourly/aqi_hourly_station_level_jahangirpuri,_delhi_-_dpcc_2025_July_delhi_2025.xlsx",Sheet1,"Jahangirpuri, Delhi - DPCC",AQI Hourly,10:00:00,float,unknown,162.0 | 140.0 | 92.0,31,1,3.23,False
"Jahangirpuri, Delhi - DPCC	/AQI Hourly/aqi_hourly_station_level_jahangirpuri,_delhi_-_dpcc_2025_July_delhi_2025.xlsx",Sheet1,"Jahangirpuri, Delhi - DPCC",AQI Hourly,11:00:00,float,unknown,163.0 | 138.0 | 94.0,31,1,3.23,False
"Jahangirpuri, Delhi - DPCC	/AQI Hourly/aqi_hourly_station_level_jahangirpuri,_delhi_-_dpcc_2025_July_delhi_2025.xlsx",Sheet1,"Jahangirpuri, Delhi - DPCC",AQI Hourly,12:00:00,float,unknown,137.0 | 95.0 | 98.0,31,2,6.45,False
"Jahangirpuri, Delhi - DPCC	/AQI Hourly/aqi_hourly_station_level_jahangirpuri,_delhi_-_dpcc_2025_July_delhi_2025.xlsx",Sheet1,"Jahangirpuri, Delhi - DPCC",AQI Hourly,13:00:00,float,unknown,162.0 | 136.0 | 96.0,31,1,3.23,False
"Jahangirpuri, Delhi - DPCC	/AQI Hourly/aqi_hourly_station_level_jahangirpuri,_delhi_-_dpcc_2025_July_delhi_2025.xlsx",Sheet1,"Jahangirpuri, Delhi - DPCC",AQI Hourly,14:00:00,float,unknown,160.0 | 135.0 | 96.0,31,1,3.23,False
"Jahangirpuri, Delhi - DPCC	/AQI Hourly/aqi_hourly_station_level_jahangirpuri,_delhi_-_dpcc_2025_July_delhi_2025.xlsx",Sheet1,"Jahangirpuri, Delhi - DPCC",AQI Hourly,15:00:00,float,unknown,156.0 | 136.0 | 97.0,31,1,3.23,False
"Jahangirpuri, Delhi - DPCC	/AQI Hourly/aqi_hourly_station_level_jahangirpuri,_delhi_-_dpcc_2025_July_delhi_2025.xlsx",Sheet1,"Jahangirpuri, Delhi - DPCC",AQI Hourly,16:00:00,float,unknown,151.0 | 136.0 | 99.0,31,1,3.23,False
"Jahangirpuri, Delhi - DPCC	/AQI Hourly/aqi_hourly_station_level_jahangirpuri,_delhi_-_dpcc_2025_July_delhi_2025.xlsx",Sheet1,"Jahangirpuri, Delhi - DPCC",AQI Hourly,17:00:00,float,unknown,146.0 | 136.0 | 99.0,31,1,3.23,False
"Jahangirpuri, Delhi - DPCC	/AQI Hourly/aqi_hourly_station_level_jahangirpuri,_delhi_-_dpcc_2025_July_delhi_2025.xlsx",Sheet1,"Jahangirpuri, Delhi - DPCC",AQI Hourly,18:00:00,float,unknown,142.0 | 136.0 | 97.0,31,1,3.23,False
"Jahangirpuri, Delhi - DPCC	/AQI Hourly/aqi_hourly_station_level_jahangirpuri,_delhi_-_dpcc_2025_July_delhi_2025.xlsx",Sheet1,"Jahangirpuri, Delhi - DPCC",AQI Hourly,19:00:00,float,unknown,136.0 | 137.0 | 98.0,31,1,3.23,False
"Jahangirpuri, Delhi - DPCC	/AQI Hourly/aqi_hourly_station_level_jahangirpuri,_delhi_-_dpcc_2025_July_delhi_2025.xlsx",Sheet1,"Jahangirpuri, Delhi - DPCC",AQI Hourly,20:00:00,float,unknown,131.0 | 137.0 | 98.0,31,1,3.23,False
"Jahangirpuri, Delhi - DPCC	/AQI Hourly/aqi_hourly_station_level_jahangirpuri,_delhi_-_dpcc_2025_July_delhi_2025.xlsx",Sheet1,"Jahangirpuri, Delhi - DPCC",AQI Hourly,21:00:00,float,unknown,127.0 | 137.0 | 99.0,31,2,6.45,False
"Jahangirpuri, Delhi - DPCC	/AQI Hourly/aqi_hourly_station_level_jahangirpuri,_delhi_-_dpcc_2025_July_delhi_2025.xlsx",Sheet1,"Jahangirpuri, Delhi - DPCC",AQI Hourly,22:00:00,float,unknown,124.0 | 137.0 | 99.0,31,1,3.23,False
"Jahangirpuri, Delhi - DPCC	/AQI Hourly/aqi_hourly_station_level_jahangirpuri,_delhi_-_dpcc_2025_July_delhi_2025.xlsx",Sheet1,"Jahangirpuri, Delhi - DPCC",AQI Hourly,23:00:00,float,unknown,122.0 | 137.0 | 99.0,31,1,3.23,False
"Jahangirpuri, Delhi - DPCC	/AQI Hourly/aqi_hourly_station_level_jahangirpuri,_delhi_-_dpcc_2025_June_delhi_2025.xlsx",Sheet1,"Jahangirpuri, Delhi - DPCC",AQI Hourly,Date,int,timestamp,1 | 2 | 3,30,0,0.0,False
"Jahangirpuri, Delhi - DPCC	/AQI Hourly/aqi_hourly_station_level_jahangirpuri,_delhi_-_dpcc_2025_June_delhi_2025.xlsx",Sheet1,"Jahangirpuri, Delhi - DPCC",AQI Hourly,00:00:00,int,unknown,311 | 212 | 134,30,0,0.0,False
"Jahangirpuri, Delhi - DPCC	/AQI Hourly/aqi_hourly_station_level_jahangirpuri,_delhi_-_dpcc_2025_June_delhi_2025.xlsx",Sheet1,"Jahangirpuri, Delhi - DPCC",AQI Hourly,01:00:00,int,unknown,308 | 209 | 136,30,0,0.0,False
"Jahangirpuri, Delhi - DPCC	/AQI Hourly/aqi_hourly_station_level_jahangirpuri,_delhi_-_dpcc_2025_June_delhi_2025.xlsx",Sheet1,"Jahangirpuri, Delhi - DPCC",AQI Hourly,02:00:00,int,unknown,303 | 206 | 137,30,0,0.0,False
"Jahangirpuri, Delhi - DPCC	/AQI Hourly/aqi_hourly_station_level_jahangirpuri,_delhi_-_dpcc_2025_June_delhi_2025.xlsx",Sheet1,"Jahangirpuri, Delhi - DPCC",AQI Hourly,03:00:00,int,unknown,294 | 204 | 138,30,0,0.0,False
"Jahangirpuri, Delhi - DPCC	/AQI Hourly/aqi_hourly_station_level_jahangirpuri,_delhi_-_dpcc_2025_June_delhi_2025.xlsx",Sheet1,"Jahangirpuri, Delhi - DPCC",AQI Hourly,04:00:00,float,unknown,291.0 | 202.0 | 139.0,30,1,3.33,False
"Jahangirpuri, Delhi - DPCC	/AQI Hourly/aqi_hourly_station_level_jahangirpuri,_delhi_-_dpcc_2025_June_delhi_2025.xlsx",Sheet1,"Jahangirpuri, Delhi - DPCC",AQI Hourly,05:00:00,int,unknown,288 | 201 | 142,30,0,0.0,False
"Jahangirpuri, Delhi - DPCC	/AQI Hourly/aqi_hourly_station_level_jahangirpuri,_delhi_-_dpcc_2025_June_delhi_2025.xlsx",Sheet1,"Jahangirpuri, Delhi - DPCC",AQI Hourly,06:00:00,int,unknown,285 | 199 | 146,30,0,0.0,False
"Jahangirpuri, Delhi - DPCC	/AQI Hourly/aqi_hourly_station_level_jahangirpuri,_delhi_-_dpcc_2025_June_delhi_2025.xlsx",Sheet1,"Jahangirpuri, Delhi - DPCC",AQI Hourly,07:00:00,int,unknown,282 | 198 | 147,30,0,0.0,False
"Jahangirpuri, Delhi - DPCC	/AQI Hourly/aqi_hourly_station_level_jahangirpuri,_delhi_-_dpcc_2025_June_delhi_2025.xlsx",Sheet1,"Jahangirpuri, Delhi - DPCC",AQI Hourly,08:00:00,int,unknown,273 | 196 | 148,30,0,0.0,False
"Jahangirpuri, Delhi - DPCC	/AQI Hourly/aqi_hourly_station_level_jahangirpuri,_delhi_-_dpcc_2025_June_delhi_2025.xlsx",Sheet1,"Jahangirpuri, Delhi - DPCC",AQI Hourly,09:00:00,int,unknown,259 | 198 | 144,30,0,0.0,False
"Jahangirpuri, Delhi - DPCC	/AQI Hourly/aqi_hourly_station_level_jahangirpuri,_delhi_-_dpcc_2025_June_delhi_2025.xlsx",Sheet1,"Jahangirpuri, Delhi - DPCC",AQI Hourly,10:00:00,int,unknown,245 | 196 | 144,30,0,0.0,False
"Jahangirpuri, Delhi - DPCC	/AQI Hourly/aqi_hourly_station_level_jahangirpuri,_delhi_-_dpcc_2025_June_delhi_2025.xlsx",Sheet1,"Jahangirpuri, Delhi - DPCC",AQI Hourly,11:00:00,float,unknown,235.0 | 192.0 | 145.0,30,1,3.33,False
"Jahangirpuri, Delhi - DPCC	/AQI Hourly/aqi_hourly_station_level_jahangirpuri,_delhi_-_dpcc_2025_June_delhi_2025.xlsx",Sheet1,"Jahangirpuri, Delhi - DPCC",AQI Hourly,12:00:00,float,unknown,227.0 | 187.0 | 146.0,30,1,3.33,False
"Jahangirpuri, Delhi - DPCC	/AQI Hourly/aqi_hourly_station_level_jahangirpuri,_delhi_-_dpcc_2025_June_delhi_2025.xlsx",Sheet1,"Jahangirpuri, Delhi - DPCC",AQI Hourly,13:00:00,float,unknown,218.0 | 184.0 | 148.0,30,1,3.33,False
"Jahangirpuri, Delhi - DPCC	/AQI Hourly/aqi_hourly_station_level_jahangirpuri,_delhi_-_dpcc_2025_June_delhi_2025.xlsx",Sheet1,"Jahangirpuri, Delhi - DPCC",AQI Hourly,14:00:00,float,unknown,218.0 | 176.0 | 149.0,30,1,3.33,False
"Jahangirpuri, Delhi - DPCC	/AQI Hourly/aqi_hourly_station_level_jahangirpuri,_delhi_-_dpcc_2025_June_delhi_2025.xlsx",Sheet1,"Jahangirpuri, Delhi - DPCC",AQI Hourly,15:00:00,int,unknown,222 | 164 | 149,30,0,0.0,False
"Jahangirpuri, Delhi - DPCC	/AQI Hourly/aqi_hourly_station_level_jahangirpuri,_delhi_-_dpcc_2025_June_delhi_2025.xlsx",Sheet1,"Jahangirpuri, Delhi - DPCC",AQI Hourly,16:00:00,int,unknown,229 | 151 | 150,30,0,0.0,False
"Jahangirpuri, Delhi - DPCC	/AQI Hourly/aqi_hourly_station_level_jahangirpuri,_delhi_-_dpcc_2025_June_delhi_2025.xlsx",Sheet1,"Jahangirpuri, Delhi - DPCC",AQI Hourly,17:00:00,int,unknown,235 | 139 | 151,30,0,0.0,False
"Jahangirpuri, Delhi - DPCC	/AQI Hourly/aqi_hourly_station_level_jahangirpuri,_delhi_-_dpcc_2025_June_delhi_2025.xlsx",Sheet1,"Jahangirpuri, Delhi - DPCC",AQI Hourly,18:00:00,float,unknown,234.0 | 127.0 | 229.0,30,3,10.0,False
"Jahangirpuri, Delhi - DPCC	/AQI Hourly/aqi_hourly_station_level_jahangirpuri,_delhi_-_dpcc_2025_June_delhi_2025.xlsx",Sheet1,"Jahangirpuri, Delhi - DPCC",AQI Hourly,19:00:00,float,unknown,235.0 | 127.0 | 225.0,30,1,3.33,False
"Jahangirpuri, Delhi - DPCC	/AQI Hourly/aqi_hourly_station_level_jahangirpuri,_delhi_-_dpcc_2025_June_delhi_2025.xlsx",Sheet1,"Jahangirpuri, Delhi - DPCC",AQI Hourly,20:00:00,float,unknown,230.0 | 130.0 | 222.0,30,1,3.33,False
"Jahangirpuri, Delhi - DPCC	/AQI Hourly/aqi_hourly_station_level_jahangirpuri,_delhi_-_dpcc_2025_June_delhi_2025.xlsx",Sheet1,"Jahangirpuri, Delhi - DPCC",AQI Hourly,21:00:00,int,unknown,226 | 131 | 152,30,0,0.0,False
"Jahangirpuri, Delhi - DPCC	/AQI Hourly/aqi_hourly_station_level_jahangirpuri,_delhi_-_dpcc_2025_June_delhi_2025.xlsx",Sheet1,"Jahangirpuri, Delhi - DPCC",AQI Hourly,22:00:00,int,unknown,221 | 133 | 152,30,0,0.0,False
"Jahangirpuri, Delhi - DPCC	/AQI Hourly/aqi_hourly_station_level_jahangirpuri,_delhi_-_dpcc_2025_June_delhi_2025.xlsx",Sheet1,"Jahangirpuri, Delhi - DPCC",AQI Hourly,23:00:00,int,unknown,215 | 133 | 157,30,0,0.0,False
"Jahangirpuri, Delhi - DPCC	/AQI Hourly/aqi_hourly_station_level_jahangirpuri,_delhi_-_dpcc_2025_March_delhi_2025.xlsx",Sheet1,"Jahangirpuri, Delhi - DPCC",AQI Hourly,Date,int,timestamp,1 | 2 | 3,31,0,0.0,False
"Jahangirpuri, Delhi - DPCC	/AQI Hourly/aqi_hourly_station_level_jahangirpuri,_delhi_-_dpcc_2025_March_delhi_2025.xlsx",Sheet1,"Jahangirpuri, Delhi - DPCC",AQI Hourly,00:00:00,int,unknown,146 | 131 | 148,31,0,0.0,False
"Jahangirpuri, Delhi - DPCC	/AQI Hourly/aqi_hourly_station_level_jahangirpuri,_delhi_-_dpcc_2025_March_delhi_2025.xlsx",Sheet1,"Jahangirpuri, Delhi - DPCC",AQI Hourly,01:00:00,int,unknown,146 | 136 | 153,31,0,0.0,False
"Jahangirpuri, Delhi - DPCC	/AQI Hourly/aqi_hourly_station_level_jahangirpuri,_delhi_-_dpcc_2025_March_delhi_2025.xlsx",Sheet1,"Jahangirpuri, Delhi - DPCC",AQI Hourly,02:00:00,int,unknown,145 | 140 | 156,31,0,0.0,False
"Jahangirpuri, Delhi - DPCC	/AQI Hourly/aqi_hourly_station_level_jahangirpuri,_delhi_-_dpcc_2025_March_delhi_2025.xlsx",Sheet1,"Jahangirpuri, Delhi - DPCC",AQI Hourly,03:00:00,float,unknown,152.0 | 138.0 | 157.0,31,1,3.23,False
"Jahangirpuri, Delhi - DPCC	/AQI Hourly/aqi_hourly_station_level_jahangirpuri,_delhi_-_dpcc_2025_March_delhi_2025.xlsx",Sheet1,"Jahangirpuri, Delhi - DPCC",AQI Hourly,04:00:00,float,unknown,156.0 | 137.0 | 157.0,31,1,3.23,False
"Jahangirpuri, Delhi - DPCC	/AQI Hourly/aqi_hourly_station_level_jahangirpuri,_delhi_-_dpcc_2025_March_delhi_2025.xlsx",Sheet1,"Jahangirpuri, Delhi - DPCC",AQI Hourly,05:00:00,float,unknown,156.0 | 139.0 | 158.0,31,1,3.23,False
"Jahangirpuri, Delhi - DPCC	/AQI Hourly/aqi_hourly_station_level_jahangirpuri,_delhi_-_dpcc_2025_March_delhi_2025.xlsx",Sheet1,"Jahangirpuri, Delhi - DPCC",AQI Hourly,06:00:00,int,unknown,147 | 141 | 159,31,0,0.0,False
"Jahangirpuri, Delhi - DPCC	/AQI Hourly/aqi_hourly_station_level_jahangirpuri,_delhi_-_dpcc_2025_March_delhi_2025.xlsx",Sheet1,"Jahangirpuri, Delhi - DPCC",AQI Hourly,07:00:00,int,unknown,146 | 141 | 163,31,0,0.0,False
"Jahangirpuri, Delhi - DPCC	/AQI Hourly/aqi_hourly_station_level_jahangirpuri,_delhi_-_dpcc_2025_March_delhi_2025.xlsx",Sheet1,"Jahangirpuri, Delhi - DPCC",AQI Hourly,08:00:00,int,unknown,146 | 137 | 171,31,0,0.0,False
"Jahangirpuri, Delhi - DPCC	/AQI Hourly/aqi_hourly_station_level_jahangirpuri,_delhi_-_dpcc_2025_March_delhi_2025.xlsx",Sheet1,"Jahangirpuri, Delhi - DPCC",AQI Hourly,09:00:00,int,unknown,139 | 140 | 172,31,0,0.0,False
"Jahangirpuri, Delhi - DPCC	/AQI Hourly/aqi_hourly_station_level_jahangirpuri,_delhi_-_dpcc_2025_March_delhi_2025.xlsx",Sheet1,"Jahangirpuri, Delhi - DPCC",AQI Hourly,10:00:00,int,unknown,133 | 143 | 175,31,0,0.0,False
"Jahangirpuri, Delhi - DPCC	/AQI Hourly/aqi_hourly_station_level_jahangirpuri,_delhi_-_dpcc_2025_March_delhi_2025.xlsx",Sheet1,"Jahangirpuri, Delhi - DPCC",AQI Hourly,11:00:00,float,unknown,133.0 | 143.0 | 179.0,31,1,3.23,False
"Jahangirpuri, Delhi - DPCC	/AQI Hourly/aqi_hourly_station_level_jahangirpuri,_delhi_-_dpcc_2025_March_delhi_2025.xlsx",Sheet1,"Jahangirpuri, Delhi - DPCC",AQI Hourly,12:00:00,int,unknown,128 | 146 | 183,31,0,0.0,False
"Jahangirpuri, Delhi - DPCC	/AQI Hourly/aqi_hourly_station_level_jahangirpuri,_delhi_-_dpcc_2025_March_delhi_2025.xlsx",Sheet1,"Jahangirpuri, Delhi - DPCC",AQI Hourly,13:00:00,int,unknown,128 | 146 | 186,31,0,0.0,False
"Jahangirpuri, Delhi - DPCC	/AQI Hourly/aqi_hourly_station_level_jahangirpuri,_delhi_-_dpcc_2025_March_delhi_2025.xlsx",Sheet1,"Jahangirpuri, Delhi - DPCC",AQI Hourly,14:00:00,int,unknown,127 | 144 | 188,31,0,0.0,False
"Jahangirpuri, Delhi - DPCC	/AQI Hourly/aqi_hourly_station_level_jahangirpuri,_delhi_-_dpcc_2025_March_delhi_2025.xlsx",Sheet1,"Jahangirpuri, Delhi - DPCC",AQI Hourly,15:00:00,float,unknown,126.0 | 141.0 | 199.0,31,1,3.23,False
"Jahangirpuri, Delhi - DPCC	/AQI Hourly/aqi_hourly_station_level_jahangirpuri,_delhi_-_dpcc_2025_March_delhi_2025.xlsx",Sheet1,"Jahangirpuri, Delhi - DPCC",AQI Hourly,16:00:00,int,unknown,124 | 139 | 189,31,0,0.0,False
"Jahangirpuri, Delhi - DPCC	/AQI Hourly/aqi_hourly_station_level_jahangirpuri,_delhi_-_dpcc_2025_March_delhi_2025.xlsx",Sheet1,"Jahangirpuri, Delhi - DPCC",AQI Hourly,17:00:00,int,unknown,122 | 139 | 192,31,0,0.0,False
"Jahangirpuri, Delhi - DPCC	/AQI Hourly/aqi_hourly_station_level_jahangirpuri,_delhi_-_dpcc_2025_March_delhi_2025.xlsx",Sheet1,"Jahangirpuri, Delhi - DPCC",AQI Hourly,18:00:00,int,unknown,121 | 137 | 194,31,0,0.0,False
"Jahangirpuri, Delhi - DPCC	/AQI Hourly/aqi_hourly_station_level_jahangirpuri,_delhi_-_dpcc_2025_March_delhi_2025.xlsx",Sheet1,"Jahangirpuri, Delhi - DPCC",AQI Hourly,19:00:00,int,unknown,120 | 134 | 196,31,0,0.0,False
"Jahangirpuri, Delhi - DPCC	/AQI Hourly/aqi_hourly_station_level_jahangirpuri,_delhi_-_dpcc_2025_March_delhi_2025.xlsx",Sheet1,"Jahangirpuri, Delhi - DPCC",AQI Hourly,20:00:00,int,unknown,120 | 134 | 198,31,0,0.0,False
"Jahangirpuri, Delhi - DPCC	/AQI Hourly/aqi_hourly_station_level_jahangirpuri,_delhi_-_dpcc_2025_March_delhi_2025.xlsx",Sheet1,"Jahangirpuri, Delhi - DPCC",AQI Hourly,21:00:00,int,unknown,122 | 144 | 191,31,0,0.0,False
"Jahangirpuri, Delhi - DPCC	/AQI Hourly/aqi_hourly_station_level_jahangirpuri,_delhi_-_dpcc_2025_March_delhi_2025.xlsx",Sheet1,"Jahangirpuri, Delhi - DPCC",AQI Hourly,22:00:00,float,unknown,125.0 | 144.0 | 190.0,31,1,3.23,False
"Jahangirpuri, Delhi - DPCC	/AQI Hourly/aqi_hourly_station_level_jahangirpuri,_delhi_-_dpcc_2025_March_delhi_2025.xlsx",Sheet1,"Jahangirpuri, Delhi - DPCC",AQI Hourly,23:00:00,float,unknown,129.0 | 145.0 | 190.0,31,1,3.23,False
"Jahangirpuri, Delhi - DPCC	/AQI Hourly/aqi_hourly_station_level_jahangirpuri,_delhi_-_dpcc_2025_May_delhi_2025.xlsx",Sheet1,"Jahangirpuri, Delhi - DPCC",AQI Hourly,Date,int,timestamp,1 | 2 | 3,31,0,0.0,False
"Jahangirpuri, Delhi - DPCC	/AQI Hourly/aqi_hourly_station_level_jahangirpuri,_delhi_-_dpcc_2025_May_delhi_2025.xlsx",Sheet1,"Jahangirpuri, Delhi - DPCC",AQI Hourly,00:00:00,float,unknown,193.0 | 194.0 | 147.0,31,1,3.23,False
"Jahangirpuri, Delhi - DPCC	/AQI Hourly/aqi_hourly_station_level_jahangirpuri,_delhi_-_dpcc_2025_May_delhi_2025.xlsx",Sheet1,"Jahangirpuri, Delhi - DPCC",AQI Hourly,01:00:00,float,unknown,193.0 | 194.0 | 160.0,31,2,6.45,False
"Jahangirpuri, Delhi - DPCC	/AQI Hourly/aqi_hourly_station_level_jahangirpuri,_delhi_-_dpcc_2025_May_delhi_2025.xlsx",Sheet1,"Jahangirpuri, Delhi - DPCC",AQI Hourly,02:00:00,int,unknown,192 | 194 | 170,31,0,0.0,False
"Jahangirpuri, Delhi - DPCC	/AQI Hourly/aqi_hourly_station_level_jahangirpuri,_delhi_-_dpcc_2025_May_delhi_2025.xlsx",Sheet1,"Jahangirpuri, Delhi - DPCC",AQI Hourly,03:00:00,float,unknown,191.0 | 196.0 | 179.0,31,1,3.23,False
"Jahangirpuri, Delhi - DPCC	/AQI Hourly/aqi_hourly_station_level_jahangirpuri,_delhi_-_dpcc_2025_May_delhi_2025.xlsx",Sheet1,"Jahangirpuri, Delhi - DPCC",AQI Hourly,04:00:00,int,unknown,190 | 204 | 178,31,0,0.0,False
"Jahangirpuri, Delhi - DPCC	/AQI Hourly/aqi_hourly_station_level_jahangirpuri,_delhi_-_dpcc_2025_May_delhi_2025.xlsx",Sheet1,"Jahangirpuri, Delhi - DPCC",AQI Hourly,05:00:00,int,unknown,190 | 204 | 185,31,0,0.0,False
"Jahangirpuri, Delhi - DPCC	/AQI Hourly/aqi_hourly_station_level_jahangirpuri,_delhi_-_dpcc_2025_May_delhi_2025.xlsx",Sheet1,"Jahangirpuri, Delhi - DPCC",AQI Hourly,06:00:00,int,unknown,190 | 204 | 187,31,0,0.0,False
"Jahangirpuri, Delhi - DPCC	/AQI Hourly/aqi_hourly_station_level_jahangirpuri,_delhi_-_dpcc_2025_May_delhi_2025.xlsx",Sheet1,"Jahangirpuri, Delhi - DPCC",AQI Hourly,07:00:00,int,unknown,191 | 200 | 193,31,0,0.0,False
"Jahangirpuri, Delhi - DPCC	/AQI Hourly/aqi_hourly_station_level_jahangirpuri,_delhi_-_dpcc_2025_May_delhi_2025.xlsx",Sheet1,"Jahangirpuri, Delhi - DPCC",AQI Hourly,08:00:00,int,unknown,191 | 195 | 206,31,0,0.0,False
"Jahangirpuri, Delhi - DPCC	/AQI Hourly/aqi_hourly_station_level_jahangirpuri,_delhi_-_dpcc_2025_May_delhi_2025.xlsx",Sheet1,"Jahangirpuri, Delhi - DPCC",AQI Hourly,09:00:00,int,unknown,197 | 184 | 216,31,0,0.0,False
"Jahangirpuri, Delhi - DPCC	/AQI Hourly/aqi_hourly_station_level_jahangirpuri,_delhi_-_dpcc_2025_May_delhi_2025.xlsx",Sheet1,"Jahangirpuri, Delhi - DPCC",AQI Hourly,10:00:00,float,unknown,200.0 | 178.0 | 224.0,31,1,3.23,False
"Jahangirpuri, Delhi - DPCC	/AQI Hourly/aqi_hourly_station_level_jahangirpuri,_delhi_-_dpcc_2025_May_delhi_2025.xlsx",Sheet1,"Jahangirpuri, Delhi - DPCC",AQI Hourly,11:00:00,int,unknown,201 | 176 | 223,31,0,0.0,False
"Jahangirpuri, Delhi - DPCC	/AQI Hourly/aqi_hourly_station_level_jahangirpuri,_delhi_-_dpcc_2025_May_delhi_2025.xlsx",Sheet1,"Jahangirpuri, Delhi - DPCC",AQI Hourly,12:00:00,int,unknown,200 | 169 | 229,31,0,0.0,False
"Jahangirpuri, Delhi - DPCC	/AQI Hourly/aqi_hourly_station_level_jahangirpuri,_delhi_-_dpcc_2025_May_delhi_2025.xlsx",Sheet1,"Jahangirpuri, Delhi - DPCC",AQI Hourly,13:00:00,int,unknown,199 | 161 | 234,31,0,0.0,False
"Jahangirpuri, Delhi - DPCC	/AQI Hourly/aqi_hourly_station_level_jahangirpuri,_delhi_-_dpcc_2025_May_delhi_2025.xlsx",Sheet1,"Jahangirpuri, Delhi - DPCC",AQI Hourly,14:00:00,int,unknown,199 | 157 | 239,31,0,0.0,False
"Jahangirpuri, Delhi - DPCC	/AQI Hourly/aqi_hourly_station_level_jahangirpuri,_delhi_-_dpcc_2025_May_delhi_2025.xlsx",Sheet1,"Jahangirpuri, Delhi - DPCC",AQI Hourly,15:00:00,int,unknown,199 | 154 | 245,31,0,0.0,False
"Jahangirpuri, Delhi - DPCC	/AQI Hourly/aqi_hourly_station_level_jahangirpuri,_delhi_-_dpcc_2025_May_delhi_2025.xlsx",Sheet1,"Jahangirpuri, Delhi - DPCC",AQI Hourly,16:00:00,int,unknown,199 | 152 | 244,31,0,0.0,False
"Jahangirpuri, Delhi - DPCC	/AQI Hourly/aqi_hourly_station_level_jahangirpuri,_delhi_-_dpcc_2025_May_delhi_2025.xlsx",Sheet1,"Jahangirpuri, Delhi - DPCC",AQI Hourly,17:00:00,int,unknown,199 | 149 | 243,31,0,0.0,False
"Jahangirpuri, Delhi - DPCC	/AQI Hourly/aqi_hourly_station_level_jahangirpuri,_delhi_-_dpcc_2025_May_delhi_2025.xlsx",Sheet1,"Jahangirpuri, Delhi - DPCC",AQI Hourly,18:00:00,float,unknown,198.0 | 145.0 | 248.0,31,1,3.23,False
"Jahangirpuri, Delhi - DPCC	/AQI Hourly/aqi_hourly_station_level_jahangirpuri,_delhi_-_dpcc_2025_May_delhi_2025.xlsx",Sheet1,"Jahangirpuri, Delhi - DPCC",AQI Hourly,19:00:00,int,unknown,196 | 142 | 251,31,0,0.0,False
"Jahangirpuri, Delhi - DPCC	/AQI Hourly/aqi_hourly_station_level_jahangirpuri,_delhi_-_dpcc_2025_May_delhi_2025.xlsx",Sheet1,"Jahangirpuri, Delhi - DPCC",AQI Hourly,20:00:00,int,unknown,197 | 138 | 254,31,0,0.0,False
"Jahangirpuri, Delhi - DPCC	/AQI Hourly/aqi_hourly_station_level_jahangirpuri,_delhi_-_dpcc_2025_May_delhi_2025.xlsx",Sheet1,"Jahangirpuri, Delhi - DPCC",AQI Hourly,21:00:00,float,unknown,198.0 | 135.0 | 262.0,31,1,3.23,False
"Jahangirpuri, Delhi - DPCC	/AQI Hourly/aqi_hourly_station_level_jahangirpuri,_delhi_-_dpcc_2025_May_delhi_2025.xlsx",Sheet1,"Jahangirpuri, Delhi - DPCC",AQI Hourly,22:00:00,float,unknown,197.0 | 139.0 | 268.0,31,1,3.23,False
"Jahangirpuri, Delhi - DPCC	/AQI Hourly/aqi_hourly_station_level_jahangirpuri,_delhi_-_dpcc_2025_May_delhi_2025.xlsx",Sheet1,"Jahangirpuri, Delhi - DPCC",AQI Hourly,23:00:00,float,unknown,195.0 | 145.0 | 271.0,31,1,3.23,False
"Jahangirpuri, Delhi - DPCC	/AQI Hourly/aqi_hourly_station_level_jahangirpuri,_delhi_-_dpcc_2025_November_delhi_2025.xlsx",Sheet1,"Jahangirpuri, Delhi - DPCC",AQI Hourly,Date,int,timestamp,1 | 2 | 3,30,0,0.0,False
"Jahangirpuri, Delhi - DPCC	/AQI Hourly/aqi_hourly_station_level_jahangirpuri,_delhi_-_dpcc_2025_November_delhi_2025.xlsx",Sheet1,"Jahangirpuri, Delhi - DPCC",AQI Hourly,00:00:00,float,unknown,260.0 | 387.0 | 411.0,30,2,6.67,False
"Jahangirpuri, Delhi - DPCC	/AQI Hourly/aqi_hourly_station_level_jahangirpuri,_delhi_-_dpcc_2025_November_delhi_2025.xlsx",Sheet1,"Jahangirpuri, Delhi - DPCC",AQI Hourly,01:00:00,float,unknown,262.0 | 388.0 | 415.0,30,1,3.33,False
"Jahangirpuri, Delhi - DPCC	/AQI Hourly/aqi_hourly_station_level_jahangirpuri,_delhi_-_dpcc_2025_November_delhi_2025.xlsx",Sheet1,"Jahangirpuri, Delhi - DPCC",AQI Hourly,02:00:00,float,unknown,267.0 | 388.0 | 418.0,30,2,6.67,False
"Jahangirpuri, Delhi - DPCC	/AQI Hourly/aqi_hourly_station_level_jahangirpuri,_delhi_-_dpcc_2025_November_delhi_2025.xlsx",Sheet1,"Jahangirpuri, Delhi - DPCC",AQI Hourly,03:00:00,float,unknown,271.0 | 390.0 | 416.0,30,1,3.33,False
"Jahangirpuri, Delhi - DPCC	/AQI Hourly/aqi_hourly_station_level_jahangirpuri,_delhi_-_dpcc_2025_November_delhi_2025.xlsx",Sheet1,"Jahangirpuri, Delhi - DPCC",AQI Hourly,04:00:00,int,unknown,276 | 393 | 321,30,0,0.0,False
"Jahangirpuri, Delhi - DPCC	/AQI Hourly/aqi_hourly_station_level_jahangirpuri,_delhi_-_dpcc_2025_November_delhi_2025.xlsx",Sheet1,"Jahangirpuri, Delhi - DPCC",AQI Hourly,05:00:00,int,unknown,281 | 395 | 331,30,0,0.0,False
"Jahangirpuri, Delhi - DPCC	/AQI Hourly/aqi_hourly_station_level_jahangirpuri,_delhi_-_dpcc_2025_November_delhi_2025.xlsx",Sheet1,"Jahangirpuri, Delhi - DPCC",AQI Hourly,06:00:00,float,unknown,286.0 | 399.0 | 336.0,30,1,3.33,False
"Jahangirpuri, Delhi - DPCC	/AQI Hourly/aqi_hourly_station_level_jahangirpuri,_delhi_-_dpcc_2025_November_delhi_2025.xlsx",Sheet1,"Jahangirpuri, Delhi - DPCC",AQI Hourly,07:00:00,int,unknown,293 | 402 | 340,30,0,0.0,False
"Jahangirpuri, Delhi - DPCC	/AQI Hourly/aqi_hourly_station_level_jahangirpuri,_delhi_-_dpcc_2025_November_delhi_2025.xlsx",Sheet1,"Jahangirpuri, Delhi - DPCC",AQI Hourly,08:00:00,int,unknown,300 | 403 | 345,30,0,0.0,False
"Jahangirpuri, Delhi - DPCC	/AQI Hourly/aqi_hourly_station_level_jahangirpuri,_delhi_-_dpcc_2025_November_delhi_2025.xlsx",Sheet1,"Jahangirpuri, Delhi - DPCC",AQI Hourly,09:00:00,int,unknown,306 | 402 | 349,30,0,0.0,False
"Jahangirpuri, Delhi - DPCC	/AQI Hourly/aqi_hourly_station_level_jahangirpuri,_delhi_-_dpcc_2025_November_delhi_2025.xlsx",Sheet1,"Jahangirpuri, Delhi - DPCC",AQI Hourly,10:00:00,int,unknown,313 | 399 | 350,30,0,0.0,False
"Jahangirpuri, Delhi - DPCC	/AQI Hourly/aqi_hourly_station_level_jahangirpuri,_delhi_-_dpcc_2025_November_delhi_2025.xlsx",Sheet1,"Jahangirpuri, Delhi - DPCC",AQI Hourly,11:00:00,float,unknown,321.0 | 353.0 | 392.0,30,1,3.33,False
"Jahangirpuri, Delhi - DPCC	/AQI Hourly/aqi_hourly_station_level_jahangirpuri,_delhi_-_dpcc_2025_November_delhi_2025.xlsx",Sheet1,"Jahangirpuri, Delhi - DPCC",AQI Hourly,12:00:00,float,unknown,329.0 | 357.0 | 385.0,30,1,3.33,False
"Jahangirpuri, Delhi - DPCC	/AQI Hourly/aqi_hourly_station_level_jahangirpuri,_delhi_-_dpcc_2025_November_delhi_2025.xlsx",Sheet1,"Jahangirpuri, Delhi - DPCC",AQI Hourly,13:00:00,float,unknown,335.0 | 360.0 | 374.0,30,1,3.33,False
"Jahangirpuri, Delhi - DPCC	/AQI Hourly/aqi_hourly_station_level_jahangirpuri,_delhi_-_dpcc_2025_November_delhi_2025.xlsx",Sheet1,"Jahangirpuri, Delhi - DPCC",AQI Hourly,14:00:00,float,unknown,341.0 | 365.0 | 362.0,30,1,3.33,False
"Jahangirpuri, Delhi - DPCC	/AQI Hourly/aqi_hourly_station_level_jahangirpuri,_delhi_-_dpcc_2025_November_delhi_2025.xlsx",Sheet1,"Jahangirpuri, Delhi - DPCC",AQI Hourly,15:00:00,float,unknown,347.0 | 373.0 | 352.0,30,1,3.33,False
"Jahangirpuri, Delhi - DPCC	/AQI Hourly/aqi_hourly_station_level_jahangirpuri,_delhi_-_dpcc_2025_November_delhi_2025.xlsx",Sheet1,"Jahangirpuri, Delhi - DPCC",AQI Hourly,16:00:00,float,unknown,354.0 | 373.0 | 344.0,30,1,3.33,False
"Jahangirpuri, Delhi - DPCC	/AQI Hourly/aqi_hourly_station_level_jahangirpuri,_delhi_-_dpcc_2025_November_delhi_2025.xlsx",Sheet1,"Jahangirpuri, Delhi - DPCC",AQI Hourly,17:00:00,float,unknown,357.0 | 385.0 | 334.0,30,1,3.33,False
"Jahangirpuri, Delhi - DPCC	/AQI Hourly/aqi_hourly_station_level_jahangirpuri,_delhi_-_dpcc_2025_November_delhi_2025.xlsx",Sheet1,"Jahangirpuri, Delhi - DPCC",AQI Hourly,18:00:00,float,unknown,363.0 | 389.0 | 328.0,30,1,3.33,False
"Jahangirpuri, Delhi - DPCC	/AQI Hourly/aqi_hourly_station_level_jahangirpuri,_delhi_-_dpcc_2025_November_delhi_2025.xlsx",Sheet1,"Jahangirpuri, Delhi - DPCC",AQI Hourly,19:00:00,float,unknown,367.0 | 391.0 | 318.0,30,1,3.33,False
"Jahangirpuri, Delhi - DPCC	/AQI Hourly/aqi_hourly_station_level_jahangirpuri,_delhi_-_dpcc_2025_November_delhi_2025.xlsx",Sheet1,"Jahangirpuri, Delhi - DPCC",AQI Hourly,20:00:00,float,unknown,373.0 | 392.0 | 315.0,30,1,3.33,False
"Jahangirpuri, Delhi - DPCC	/AQI Hourly/aqi_hourly_station_level_jahangirpuri,_delhi_-_dpcc_2025_November_delhi_2025.xlsx",Sheet1,"Jahangirpuri, Delhi - DPCC",AQI Hourly,21:00:00,float,unknown,377.0 | 396.0 | 309.0,30,1,3.33,False
"Jahangirpuri, Delhi - DPCC	/AQI Hourly/aqi_hourly_station_level_jahangirpuri,_delhi_-_dpcc_2025_November_delhi_2025.xlsx",Sheet1,"Jahangirpuri, Delhi - DPCC",AQI Hourly,22:00:00,float,unknown,380.0 | 402.0 | 298.0,30,1,3.33,False
"Jahangirpuri, Delhi - DPCC	/AQI Hourly/aqi_hourly_station_level_jahangirpuri,_delhi_-_dpcc_2025_November_delhi_2025.xlsx",Sheet1,"Jahangirpuri, Delhi - DPCC",AQI Hourly,23:00:00,float,unknown,383.0 | 407.0 | 292.0,30,1,3.33,False
"Jahangirpuri, Delhi - DPCC	/AQI Hourly/aqi_hourly_station_level_jahangirpuri,_delhi_-_dpcc_2025_October_delhi_2025.xlsx",Sheet1,"Jahangirpuri, Delhi - DPCC",AQI Hourly,Date,int,timestamp,1 | 2 | 3,31,0,0.0,False
"Jahangirpuri, Delhi - DPCC	/AQI Hourly/aqi_hourly_station_level_jahangirpuri,_delhi_-_dpcc_2025_October_delhi_2025.xlsx",Sheet1,"Jahangirpuri, Delhi - DPCC",AQI Hourly,00:00:00,float,unknown,94.0 | 112.0 | 233.0,31,1,3.23,False
"Jahangirpuri, Delhi - DPCC	/AQI Hourly/aqi_hourly_station_level_jahangirpuri,_delhi_-_dpcc_2025_October_delhi_2025.xlsx",Sheet1,"Jahangirpuri, Delhi - DPCC",AQI Hourly,01:00:00,int,unknown,91 | 115 | 234,31,0,0.0,False
"Jahangirpuri, Delhi - DPCC	/AQI Hourly/aqi_hourly_station_level_jahangirpuri,_delhi_-_dpcc_2025_October_delhi_2025.xlsx",Sheet1,"Jahangirpuri, Delhi - DPCC",AQI Hourly,02:00:00,int,unknown,88 | 118 | 236,31,0,0.0,False
"Jahangirpuri, Delhi - DPCC	/AQI Hourly/aqi_hourly_station_level_jahangirpuri,_delhi_-_dpcc_2025_October_delhi_2025.xlsx",Sheet1,"Jahangirpuri, Delhi - DPCC",AQI Hourly,03:00:00,int,unknown,84 | 120 | 240,31,0,0.0,False
"Jahangirpuri, Delhi - DPCC	/AQI Hourly/aqi_hourly_station_level_jahangirpuri,_delhi_-_dpcc_2025_October_delhi_2025.xlsx",Sheet1,"Jahangirpuri, Delhi - DPCC",AQI Hourly,04:00:00,float,unknown,80.0 | 122.0 | 244.0,31,2,6.45,False
"Jahangirpuri, Delhi - DPCC	/AQI Hourly/aqi_hourly_station_level_jahangirpuri,_delhi_-_dpcc_2025_October_delhi_2025.xlsx",Sheet1,"Jahangirpuri, Delhi - DPCC",AQI Hourly,05:00:00,int,unknown,77 | 123 | 247,31,0,0.0,False
"Jahangirpuri, Delhi - DPCC	/AQI Hourly/aqi_hourly_station_level_jahangirpuri,_delhi_-_dpcc_2025_October_delhi_2025.xlsx",Sheet1,"Jahangirpuri, Delhi - DPCC",AQI Hourly,06:00:00,int,unknown,76 | 125 | 250,31,0,0.0,False
"Jahangirpuri, Delhi - DPCC	/AQI Hourly/aqi_hourly_station_level_jahangirpuri,_delhi_-_dpcc_2025_October_delhi_2025.xlsx",Sheet1,"Jahangirpuri, Delhi - DPCC",AQI Hourly,07:00:00,int,unknown,74 | 127 | 246,31,0,0.0,False
"Jahangirpuri, Delhi - DPCC	/AQI Hourly/aqi_hourly_station_level_jahangirpuri,_delhi_-_dpcc_2025_October_delhi_2025.xlsx",Sheet1,"Jahangirpuri, Delhi - DPCC",AQI Hourly,08:00:00,int,unknown,74 | 128 | 246,31,0,0.0,False
"Jahangirpuri, Delhi - DPCC	/AQI Hourly/aqi_hourly_station_level_jahangirpuri,_delhi_-_dpcc_2025_October_delhi_2025.xlsx",Sheet1,"Jahangirpuri, Delhi - DPCC",AQI Hourly,09:00:00,int,unknown,73 | 249 | 244,31,0,0.0,False
"Jahangirpuri, Delhi - DPCC	/AQI Hourly/aqi_hourly_station_level_jahangirpuri,_delhi_-_dpcc_2025_October_delhi_2025.xlsx",Sheet1,"Jahangirpuri, Delhi - DPCC",AQI Hourly,10:00:00,int,unknown,73 | 252 | 241,31,0,0.0,False
"Jahangirpuri, Delhi - DPCC	/AQI Hourly/aqi_hourly_station_level_jahangirpuri,_delhi_-_dpcc_2025_October_delhi_2025.xlsx",Sheet1,"Jahangirpuri, Delhi - DPCC",AQI Hourly,11:00:00,int,unknown,68 | 252 | 237,31,0,0.0,False
"Jahangirpuri, Delhi - DPCC	/AQI Hourly/aqi_hourly_station_level_jahangirpuri,_delhi_-_dpcc_2025_October_delhi_2025.xlsx",Sheet1,"Jahangirpuri, Delhi - DPCC",AQI Hourly,12:00:00,int,unknown,65 | 249 | 239,31,0,0.0,False
"Jahangirpuri, Delhi - DPCC	/AQI Hourly/aqi_hourly_station_level_jahangirpuri,_delhi_-_dpcc_2025_October_delhi_2025.xlsx",Sheet1,"Jahangirpuri, Delhi - DPCC",AQI Hourly,13:00:00,int,unknown,67 | 248 | 232,31,0,0.0,False
"Jahangirpuri, Delhi - DPCC	/AQI Hourly/aqi_hourly_station_level_jahangirpuri,_delhi_-_dpcc_2025_October_delhi_2025.xlsx",Sheet1,"Jahangirpuri, Delhi - DPCC",AQI Hourly,14:00:00,int,unknown,70 | 250 | 221,31,0,0.0,False
"Jahangirpuri, Delhi - DPCC	/AQI Hourly/aqi_hourly_station_level_jahangirpuri,_delhi_-_dpcc_2025_October_delhi_2025.xlsx",Sheet1,"Jahangirpuri, Delhi - DPCC",AQI Hourly,15:00:00,int,unknown,72 | 253 | 211,31,0,0.0,False
"Jahangirpuri, Delhi - DPCC	/AQI Hourly/aqi_hourly_station_level_jahangirpuri,_delhi_-_dpcc_2025_October_delhi_2025.xlsx",Sheet1,"Jahangirpuri, Delhi - DPCC",AQI Hourly,16:00:00,int,unknown,74 | 253 | 202,31,0,0.0,False
"Jahangirpuri, Delhi - DPCC	/AQI Hourly/aqi_hourly_station_level_jahangirpuri,_delhi_-_dpcc_2025_October_delhi_2025.xlsx",Sheet1,"Jahangirpuri, Delhi - DPCC",AQI Hourly,17:00:00,float,unknown,81.0 | 246.0 | 198.0,31,1,3.23,False
"Jahangirpuri, Delhi - DPCC	/AQI Hourly/aqi_hourly_station_level_jahangirpuri,_delhi_-_dpcc_2025_October_delhi_2025.xlsx",Sheet1,"Jahangirpuri, Delhi - DPCC",AQI Hourly,18:00:00,float,unknown,90.0 | 245.0 | 190.0,31,1,3.23,False
"Jahangirpuri, Delhi - DPCC	/AQI Hourly/aqi_hourly_station_level_jahangirpuri,_delhi_-_dpcc_2025_October_delhi_2025.xlsx",Sheet1,"Jahangirpuri, Delhi - DPCC",AQI Hourly,19:00:00,int,unknown,95 | 243 | 190,31,0,0.0,False
"Jahangirpuri, Delhi - DPCC	/AQI Hourly/aqi_hourly_station_level_jahangirpuri,_delhi_-_dpcc_2025_October_delhi_2025.xlsx",Sheet1,"Jahangirpuri, Delhi - DPCC",AQI Hourly,20:00:00,int,unknown,94 | 240 | 174,31,0,0.0,False
"Jahangirpuri, Delhi - DPCC	/AQI Hourly/aqi_hourly_station_level_jahangirpuri,_delhi_-_dpcc_2025_October_delhi_2025.xlsx",Sheet1,"Jahangirpuri, Delhi - DPCC",AQI Hourly,21:00:00,int,unknown,92 | 237 | 166,31,0,0.0,False
"Jahangirpuri, Delhi - DPCC	/AQI Hourly/aqi_hourly_station_level_jahangirpuri,_delhi_-_dpcc_2025_October_delhi_2025.xlsx",Sheet1,"Jahangirpuri, Delhi - DPCC",AQI Hourly,22:00:00,int,unknown,98 | 235 | 156,31,0,0.0,False
"Jahangirpuri, Delhi - DPCC	/AQI Hourly/aqi_hourly_station_level_jahangirpuri,_delhi_-_dpcc_2025_October_delhi_2025.xlsx",Sheet1,"Jahangirpuri, Delhi - DPCC",AQI Hourly,23:00:00,float,unknown,106.0 | 233.0 | 150.0,31,1,3.23,False
"Jahangirpuri, Delhi - DPCC	/AQI Hourly/aqi_hourly_station_level_jahangirpuri,_delhi_-_dpcc_2025_September_delhi_2025.xlsx",Sheet1,"Jahangirpuri, Delhi - DPCC",AQI Hourly,Date,int,timestamp,1 | 2 | 3,30,0,0.0,False
"Jahangirpuri, Delhi - DPCC	/AQI Hourly/aqi_hourly_station_level_jahangirpuri,_delhi_-_dpcc_2025_September_delhi_2025.xlsx",Sheet1,"Jahangirpuri, Delhi - DPCC",AQI Hourly,00:00:00,float,unknown,105.0 | 83.0 | 93.0,30,1,3.33,False
"Jahangirpuri, Delhi - DPCC	/AQI Hourly/aqi_hourly_station_level_jahangirpuri,_delhi_-_dpcc_2025_September_delhi_2025.xlsx",Sheet1,"Jahangirpuri, Delhi - DPCC",AQI Hourly,01:00:00,float,unknown,83.0 | 88.0 | 112.0,30,2,6.67,False
"Jahangirpuri, Delhi - DPCC	/AQI Hourly/aqi_hourly_station_level_jahangirpuri,_delhi_-_dpcc_2025_September_delhi_2025.xlsx",Sheet1,"Jahangirpuri, Delhi - DPCC",AQI Hourly,02:00:00,float,unknown,86.0 | 82.0 | 117.0,30,3,10.0,False
"Jahangirpuri, Delhi - DPCC	/AQI Hourly/aqi_hourly_station_level_jahangirpuri,_delhi_-_dpcc_2025_September_delhi_2025.xlsx",Sheet1,"Jahangirpuri, Delhi - DPCC",AQI Hourly,03:00:00,float,unknown,89.0 | 78.0 | 121.0,30,3,10.0,False
"Jahangirpuri, Delhi - DPCC	/AQI Hourly/aqi_hourly_station_level_jahangirpuri,_delhi_-_dpcc_2025_September_delhi_2025.xlsx",Sheet1,"Jahangirpuri, Delhi - DPCC",AQI Hourly,04:00:00,float,unknown,93.0 | 73.0 | 122.0,30,2,6.67,False
"Jahangirpuri, Delhi - DPCC	/AQI Hourly/aqi_hourly_station_level_jahangirpuri,_delhi_-_dpcc_2025_September_delhi_2025.xlsx",Sheet1,"Jahangirpuri, Delhi - DPCC",AQI Hourly,05:00:00,float,unknown,99.0 | 67.0 | 122.0,30,2,6.67,False
"Jahangirpuri, Delhi - DPCC	/AQI Hourly/aqi_hourly_station_level_jahangirpuri,_delhi_-_dpcc_2025_September_delhi_2025.xlsx",Sheet1,"Jahangirpuri, Delhi - DPCC",AQI Hourly,06:00:00,float,unknown,111.0 | 99.0 | 66.0,30,1,3.33,False
"Jahangirpuri, Delhi - DPCC	/AQI Hourly/aqi_hourly_station_level_jahangirpuri,_delhi_-_dpcc_2025_September_delhi_2025.xlsx",Sheet1,"Jahangirpuri, Delhi - DPCC",AQI Hourly,07:00:00,float,unknown,109.0 | 97.0 | 67.0,30,1,3.33,False
"Jahangirpuri, Delhi - DPCC	/AQI Hourly/aqi_hourly_station_level_jahangirpuri,_delhi_-_dpcc_2025_September_delhi_2025.xlsx",Sheet1,"Jahangirpuri, Delhi - DPCC",AQI Hourly,08:00:00,float,unknown,107.0 | 97.0 | 66.0,30,1,3.33,False
"Jahangirpuri, Delhi - DPCC	/AQI Hourly/aqi_hourly_station_level_jahangirpuri,_delhi_-_dpcc_2025_September_delhi_2025.xlsx",Sheet1,"Jahangirpuri, Delhi - DPCC",AQI Hourly,09:00:00,float,unknown,106.0 | 97.0 | 65.0,30,1,3.33,False
"Jahangirpuri, Delhi - DPCC	/AQI Hourly/aqi_hourly_station_level_jahangirpuri,_delhi_-_dpcc_2025_September_delhi_2025.xlsx",Sheet1,"Jahangirpuri, Delhi - DPCC",AQI Hourly,10:00:00,float,unknown,106.0 | 98.0 | 118.0,30,2,6.67,False
"Jahangirpuri, Delhi - DPCC	/AQI Hourly/aqi_hourly_station_level_jahangirpuri,_delhi_-_dpcc_2025_September_delhi_2025.xlsx",Sheet1,"Jahangirpuri, Delhi - DPCC",AQI Hourly,11:00:00,float,unknown,105.0 | 97.0 | 72.0,30,2,6.67,False
"Jahangirpuri, Delhi - DPCC	/AQI Hourly/aqi_hourly_station_level_jahangirpuri,_delhi_-_dpcc_2025_September_delhi_2025.xlsx",Sheet1,"Jahangirpuri, Delhi - DPCC",AQI Hourly,12:00:00,float,unknown,100.0 | 97.0 | 71.0,30,2,6.67,False
"Jahangirpuri, Delhi - DPCC	/AQI Hourly/aqi_hourly_station_level_jahangirpuri,_delhi_-_dpcc_2025_September_delhi_2025.xlsx",Sheet1,"Jahangirpuri, Delhi - DPCC",AQI Hourly,13:00:00,float,unknown,94.0 | 102.0 | 67.0,30,1,3.33,False
"Jahangirpuri, Delhi - DPCC	/AQI Hourly/aqi_hourly_station_level_jahangirpuri,_delhi_-_dpcc_2025_September_delhi_2025.xlsx",Sheet1,"Jahangirpuri, Delhi - DPCC",AQI Hourly,14:00:00,float,unknown,93.0 | 108.0 | 61.0,30,1,3.33,False
"Jahangirpuri, Delhi - DPCC	/AQI Hourly/aqi_hourly_station_level_jahangirpuri,_delhi_-_dpcc_2025_September_delhi_2025.xlsx",Sheet1,"Jahangirpuri, Delhi - DPCC",AQI Hourly,15:00:00,float,unknown,93.0 | 108.0 | 62.0,30,1,3.33,False
"Jahangirpuri, Delhi - DPCC	/AQI Hourly/aqi_hourly_station_level_jahangirpuri,_delhi_-_dpcc_2025_September_delhi_2025.xlsx",Sheet1,"Jahangirpuri, Delhi - DPCC",AQI Hourly,16:00:00,float,unknown,85.0 | 112.0 | 64.0,30,1,3.33,False
"Jahangirpuri, Delhi - DPCC	/AQI Hourly/aqi_hourly_station_level_jahangirpuri,_delhi_-_dpcc_2025_September_delhi_2025.xlsx",Sheet1,"Jahangirpuri, Delhi - DPCC",AQI Hourly,17:00:00,float,unknown,85.0 | 112.0 | 67.0,30,1,3.33,False
"Jahangirpuri, Delhi - DPCC	/AQI Hourly/aqi_hourly_station_level_jahangirpuri,_delhi_-_dpcc_2025_September_delhi_2025.xlsx",Sheet1,"Jahangirpuri, Delhi - DPCC",AQI Hourly,18:00:00,float,unknown,91.0 | 107.0 | 93.0,30,2,6.67,False
"Jahangirpuri, Delhi - DPCC	/AQI Hourly/aqi_hourly_station_level_jahangirpuri,_delhi_-_dpcc_2025_September_delhi_2025.xlsx",Sheet1,"Jahangirpuri, Delhi - DPCC",AQI Hourly,19:00:00,float,unknown,85.0 | 102.0 | 91.0,30,1,3.33,False
"Jahangirpuri, Delhi - DPCC	/AQI Hourly/aqi_hourly_station_level_jahangirpuri,_delhi_-_dpcc_2025_September_delhi_2025.xlsx",Sheet1,"Jahangirpuri, Delhi - DPCC",AQI Hourly,20:00:00,float,unknown,83.0 | 100.0 | 89.0,30,1,3.33,False
"Jahangirpuri, Delhi - DPCC	/AQI Hourly/aqi_hourly_station_level_jahangirpuri,_delhi_-_dpcc_2025_September_delhi_2025.xlsx",Sheet1,"Jahangirpuri, Delhi - DPCC",AQI Hourly,21:00:00,float,unknown,83.0 | 95.0 | 91.0,30,1,3.33,False
"Jahangirpuri, Delhi - DPCC	/AQI Hourly/aqi_hourly_station_level_jahangirpuri,_delhi_-_dpcc_2025_September_delhi_2025.xlsx",Sheet1,"Jahangirpuri, Delhi - DPCC",AQI Hourly,22:00:00,float,unknown,83.0 | 92.0 | 93.0,30,1,3.33,False
"Jahangirpuri, Delhi - DPCC	/AQI Hourly/aqi_hourly_station_level_jahangirpuri,_delhi_-_dpcc_2025_September_delhi_2025.xlsx",Sheet1,"Jahangirpuri, Delhi - DPCC",AQI Hourly,23:00:00,float,unknown,83.0 | 93.0 | 104.0,30,2,6.67,False
"Jahangirpuri, Delhi - DPCC	/Raw Data/2024_raw_data_hourly_jahangirpuri,_delhi_-_dpcc_1H.csv",sheet1,"Jahangirpuri, Delhi - DPCC",Raw Data,Timestamp,object/string,timestamp,2024-01-01 00:00:00 | 2024-01-01 01:00:00 | 2024-01-01 02:00:00,8784,0,0.0,False
"Jahangirpuri, Delhi - DPCC	/Raw Data/2024_raw_data_hourly_jahangirpuri,_delhi_-_dpcc_1H.csv",sheet1,"Jahangirpuri, Delhi - DPCC",Raw Data,PM2.5 (µg/m³),float,PM2.5,151.0 | 161.33 | 151.67,8784,330,3.76,False
"Jahangirpuri, Delhi - DPCC	/Raw Data/2024_raw_data_hourly_jahangirpuri,_delhi_-_dpcc_1H.csv",sheet1,"Jahangirpuri, Delhi - DPCC",Raw Data,PM10 (µg/m³),float,PM10,255.25 | 270.25 | 256.25,8784,414,4.71,False
"Jahangirpuri, Delhi - DPCC	/Raw Data/2024_raw_data_hourly_jahangirpuri,_delhi_-_dpcc_1H.csv",sheet1,"Jahangirpuri, Delhi - DPCC",Raw Data,NO (µg/m³),float,NO,15.05 | 14.0 | 14.5,8784,324,3.69,False
"Jahangirpuri, Delhi - DPCC	/Raw Data/2024_raw_data_hourly_jahangirpuri,_delhi_-_dpcc_1H.csv",sheet1,"Jahangirpuri, Delhi - DPCC",Raw Data,NO2 (µg/m³),float,NO2,53.52 | 51.4 | 47.3,8784,385,4.38,False
"Jahangirpuri, Delhi - DPCC	/Raw Data/2024_raw_data_hourly_jahangirpuri,_delhi_-_dpcc_1H.csv",sheet1,"Jahangirpuri, Delhi - DPCC",Raw Data,NOx (ppb),float,NOx,40.75 | 38.78 | 37.0,8784,299,3.4,False
"Jahangirpuri, Delhi - DPCC	/Raw Data/2024_raw_data_hourly_jahangirpuri,_delhi_-_dpcc_1H.csv",sheet1,"Jahangirpuri, Delhi - DPCC",Raw Data,NH3 (µg/m³),float,NH3,68.95 | 66.45 | 71.6,8784,497,5.66,False
"Jahangirpuri, Delhi - DPCC	/Raw Data/2024_raw_data_hourly_jahangirpuri,_delhi_-_dpcc_1H.csv",sheet1,"Jahangirpuri, Delhi - DPCC",Raw Data,SO2 (µg/m³),float,SO2,13.45 | 12.13 | 9.8,8784,476,5.42,False
"Jahangirpuri, Delhi - DPCC	/Raw Data/2024_raw_data_hourly_jahangirpuri,_delhi_-_dpcc_1H.csv",sheet1,"Jahangirpuri, Delhi - DPCC",Raw Data,CO (mg/m³),float,CO,1.08 | 1.0 | 1.1,8784,339,3.86,False
"Jahangirpuri, Delhi - DPCC	/Raw Data/2024_raw_data_hourly_jahangirpuri,_delhi_-_dpcc_1H.csv",sheet1,"Jahangirpuri, Delhi - DPCC",Raw Data,Ozone (µg/m³),float,O3,13.82 | 12.1 | 13.1,8784,347,3.95,False
"Jahangirpuri, Delhi - DPCC	/Raw Data/2024_raw_data_hourly_jahangirpuri,_delhi_-_dpcc_1H.csv",sheet1,"Jahangirpuri, Delhi - DPCC",Raw Data,Benzene (µg/m³),float,Benzene,0.3 | 0.2 | 0.3,8784,530,6.03,False
"Jahangirpuri, Delhi - DPCC	/Raw Data/2024_raw_data_hourly_jahangirpuri,_delhi_-_dpcc_1H.csv",sheet1,"Jahangirpuri, Delhi - DPCC",Raw Data,Toluene (µg/m³),float,Toluene,2.88 | 2.58 | 2.65,8784,460,5.24,False
"Jahangirpuri, Delhi - DPCC	/Raw Data/2024_raw_data_hourly_jahangirpuri,_delhi_-_dpcc_1H.csv",sheet1,"Jahangirpuri, Delhi - DPCC",Raw Data,Xylene (µg/m³),float,Xylene,,8784,8784,100.0,True
"Jahangirpuri, Delhi - DPCC	/Raw Data/2024_raw_data_hourly_jahangirpuri,_delhi_-_dpcc_1H.csv",sheet1,"Jahangirpuri, Delhi - DPCC",Raw Data,O Xylene (µg/m³),float,Xylene,,8784,8784,100.0,True
"Jahangirpuri, Delhi - DPCC	/Raw Data/2024_raw_data_hourly_jahangirpuri,_delhi_-_dpcc_1H.csv",sheet1,"Jahangirpuri, Delhi - DPCC",Raw Data,Eth-Benzene (µg/m³),float,Benzene,,8784,8784,100.0,True
"Jahangirpuri, Delhi - DPCC	/Raw Data/2024_raw_data_hourly_jahangirpuri,_delhi_-_dpcc_1H.csv",sheet1,"Jahangirpuri, Delhi - DPCC",Raw Data,MP-Xylene (µg/m³),float,Xylene,,8784,8784,100.0,True
"Jahangirpuri, Delhi - DPCC	/Raw Data/2024_raw_data_hourly_jahangirpuri,_delhi_-_dpcc_1H.csv",sheet1,"Jahangirpuri, Delhi - DPCC",Raw Data,AT (°C),float,Temp_C,12.48 | 12.4 | 12.35,8784,324,3.69,False
"Jahangirpuri, Delhi - DPCC	/Raw Data/2024_raw_data_hourly_jahangirpuri,_delhi_-_dpcc_1H.csv",sheet1,"Jahangirpuri, Delhi - DPCC",Raw Data,RH (%),float,RH_pct,86.92 | 86.82 | 86.8,8784,324,3.69,False
"Jahangirpuri, Delhi - DPCC	/Raw Data/2024_raw_data_hourly_jahangirpuri,_delhi_-_dpcc_1H.csv",sheet1,"Jahangirpuri, Delhi - DPCC",Raw Data,WS (m/s),float,WindSpeed,0.28 | 0.12 | 0.15,8784,378,4.3,False
"Jahangirpuri, Delhi - DPCC	/Raw Data/2024_raw_data_hourly_jahangirpuri,_delhi_-_dpcc_1H.csv",sheet1,"Jahangirpuri, Delhi - DPCC",Raw Data,WD (deg),float,WindDir,122.62 | 57.97 | 130.28,8784,401,4.57,False
"Jahangirpuri, Delhi - DPCC	/Raw Data/2024_raw_data_hourly_jahangirpuri,_delhi_-_dpcc_1H.csv",sheet1,"Jahangirpuri, Delhi - DPCC",Raw Data,RF (mm),float,Rainfall,0.0 | 0.0 | 0.0,8784,324,3.69,False
"Jahangirpuri, Delhi - DPCC	/Raw Data/2024_raw_data_hourly_jahangirpuri,_delhi_-_dpcc_1H.csv",sheet1,"Jahangirpuri, Delhi - DPCC",Raw Data,TOT-RF (mm),float,TotalRainfall,0.0 | 0.0 | 0.0,8784,0,0.0,False
"Jahangirpuri, Delhi - DPCC	/Raw Data/2024_raw_data_hourly_jahangirpuri,_delhi_-_dpcc_1H.csv",sheet1,"Jahangirpuri, Delhi - DPCC",Raw Data,SR (W/mt2),float,SolarRad,2.9 | 2.75 | 2.75,8784,324,3.69,False
"Jahangirpuri, Delhi - DPCC	/Raw Data/2024_raw_data_hourly_jahangirpuri,_delhi_-_dpcc_1H.csv",sheet1,"Jahangirpuri, Delhi - DPCC",Raw Data,BP (mmHg),float,BaroPressure,988.15 | 988.08 | 988.22,8784,362,4.12,False
"Jahangirpuri, Delhi - DPCC	/Raw Data/2024_raw_data_hourly_jahangirpuri,_delhi_-_dpcc_1H.csv",sheet1,"Jahangirpuri, Delhi - DPCC",Raw Data,VWS (m/s),float,VWS,,8784,8784,100.0,True
"Jahangirpuri, Delhi - DPCC	/Raw Data/2025_raw_data_hourly_jahangirpuri,_delhi_-_dpcc_1H.csv",sheet1,"Jahangirpuri, Delhi - DPCC",Raw Data,Timestamp,object/string,timestamp,2025-01-01 00:00:00 | 2025-01-01 01:00:00 | 2025-01-01 02:00:00,8760,0,0.0,False
"Jahangirpuri, Delhi - DPCC	/Raw Data/2025_raw_data_hourly_jahangirpuri,_delhi_-_dpcc_1H.csv",sheet1,"Jahangirpuri, Delhi - DPCC",Raw Data,PM2.5 (µg/m³),float,PM2.5,209.0 | 268.0 | 280.0,8760,388,4.43,False
"Jahangirpuri, Delhi - DPCC	/Raw Data/2025_raw_data_hourly_jahangirpuri,_delhi_-_dpcc_1H.csv",sheet1,"Jahangirpuri, Delhi - DPCC",Raw Data,PM10 (µg/m³),float,PM10,323.0 | 406.0 | 436.0,8760,372,4.25,False
"Jahangirpuri, Delhi - DPCC	/Raw Data/2025_raw_data_hourly_jahangirpuri,_delhi_-_dpcc_1H.csv",sheet1,"Jahangirpuri, Delhi - DPCC",Raw Data,NO (µg/m³),float,NO,22.0 | 27.6 | 34.58,8760,204,2.33,False
"Jahangirpuri, Delhi - DPCC	/Raw Data/2025_raw_data_hourly_jahangirpuri,_delhi_-_dpcc_1H.csv",sheet1,"Jahangirpuri, Delhi - DPCC",Raw Data,NO2 (µg/m³),float,NO2,52.2 | 53.35 | 62.02,8760,201,2.29,False
"Jahangirpuri, Delhi - DPCC	/Raw Data/2025_raw_data_hourly_jahangirpuri,_delhi_-_dpcc_1H.csv",sheet1,"Jahangirpuri, Delhi - DPCC",Raw Data,NOx (ppb),float,NOx,45.72 | 50.92 | 61.22,8760,193,2.2,False
"Jahangirpuri, Delhi - DPCC	/Raw Data/2025_raw_data_hourly_jahangirpuri,_delhi_-_dpcc_1H.csv",sheet1,"Jahangirpuri, Delhi - DPCC",Raw Data,NH3 (µg/m³),float,NH3,39.45 | 39.1 | 38.3,8760,256,2.92,False
"Jahangirpuri, Delhi - DPCC	/Raw Data/2025_raw_data_hourly_jahangirpuri,_delhi_-_dpcc_1H.csv",sheet1,"Jahangirpuri, Delhi - DPCC",Raw Data,SO2 (µg/m³),float,SO2,16.9 | 19.58 | 21.83,8760,496,5.66,False
"Jahangirpuri, Delhi - DPCC	/Raw Data/2025_raw_data_hourly_jahangirpuri,_delhi_-_dpcc_1H.csv",sheet1,"Jahangirpuri, Delhi - DPCC",Raw Data,CO (mg/m³),float,CO,1.47 | 1.97 | 2.41,8760,192,2.19,False
"Jahangirpuri, Delhi - DPCC	/Raw Data/2025_raw_data_hourly_jahangirpuri,_delhi_-_dpcc_1H.csv",sheet1,"Jahangirpuri, Delhi - DPCC",Raw Data,Ozone (µg/m³),float,O3,15.62 | 10.42 | 6.05,8760,239,2.73,False
"Jahangirpuri, Delhi - DPCC	/Raw Data/2025_raw_data_hourly_jahangirpuri,_delhi_-_dpcc_1H.csv",sheet1,"Jahangirpuri, Delhi - DPCC",Raw Data,Benzene (µg/m³),float,Benzene,1.45 | 2.22 | 4.28,8760,321,3.66,False
"Jahangirpuri, Delhi - DPCC	/Raw Data/2025_raw_data_hourly_jahangirpuri,_delhi_-_dpcc_1H.csv",sheet1,"Jahangirpuri, Delhi - DPCC",Raw Data,Toluene (µg/m³),float,Toluene,4.5 | 7.78 | 17.02,8760,457,5.22,False
"Jahangirpuri, Delhi - DPCC	/Raw Data/2025_raw_data_hourly_jahangirpuri,_delhi_-_dpcc_1H.csv",sheet1,"Jahangirpuri, Delhi - DPCC",Raw Data,Xylene (µg/m³),float,Xylene,,8760,8760,100.0,True
"Jahangirpuri, Delhi - DPCC	/Raw Data/2025_raw_data_hourly_jahangirpuri,_delhi_-_dpcc_1H.csv",sheet1,"Jahangirpuri, Delhi - DPCC",Raw Data,O Xylene (µg/m³),float,Xylene,,8760,8760,100.0,True
"Jahangirpuri, Delhi - DPCC	/Raw Data/2025_raw_data_hourly_jahangirpuri,_delhi_-_dpcc_1H.csv",sheet1,"Jahangirpuri, Delhi - DPCC",Raw Data,Eth-Benzene (µg/m³),float,Benzene,,8760,8760,100.0,True
"Jahangirpuri, Delhi - DPCC	/Raw Data/2025_raw_data_hourly_jahangirpuri,_delhi_-_dpcc_1H.csv",sheet1,"Jahangirpuri, Delhi - DPCC",Raw Data,MP-Xylene (µg/m³),float,Xylene,,8760,8760,100.0,True
"Jahangirpuri, Delhi - DPCC	/Raw Data/2025_raw_data_hourly_jahangirpuri,_delhi_-_dpcc_1H.csv",sheet1,"Jahangirpuri, Delhi - DPCC",Raw Data,AT (°C),float,Temp_C,13.22 | 12.68 | 12.35,8760,227,2.59,False
"Jahangirpuri, Delhi - DPCC	/Raw Data/2025_raw_data_hourly_jahangirpuri,_delhi_-_dpcc_1H.csv",sheet1,"Jahangirpuri, Delhi - DPCC",Raw Data,RH (%),float,RH_pct,80.5 | 84.5 | 86.5,8760,213,2.43,False
"Jahangirpuri, Delhi - DPCC	/Raw Data/2025_raw_data_hourly_jahangirpuri,_delhi_-_dpcc_1H.csv",sheet1,"Jahangirpuri, Delhi - DPCC",Raw Data,WS (m/s),float,WindSpeed,0.5 | 0.52 | 0.43,8760,330,3.77,False
"Jahangirpuri, Delhi - DPCC	/Raw Data/2025_raw_data_hourly_jahangirpuri,_delhi_-_dpcc_1H.csv",sheet1,"Jahangirpuri, Delhi - DPCC",Raw Data,WD (deg),float,WindDir,189.75 | 191.5 | 186.25,8760,485,5.54,False
"Jahangirpuri, Delhi - DPCC	/Raw Data/2025_raw_data_hourly_jahangirpuri,_delhi_-_dpcc_1H.csv",sheet1,"Jahangirpuri, Delhi - DPCC",Raw Data,RF (mm),float,Rainfall,0.0 | 0.0 | 0.0,8760,213,2.43,False
"Jahangirpuri, Delhi - DPCC	/Raw Data/2025_raw_data_hourly_jahangirpuri,_delhi_-_dpcc_1H.csv",sheet1,"Jahangirpuri, Delhi - DPCC",Raw Data,TOT-RF (mm),float,TotalRainfall,0.0 | 0.0 | 0.0,8760,0,0.0,False
"Jahangirpuri, Delhi - DPCC	/Raw Data/2025_raw_data_hourly_jahangirpuri,_delhi_-_dpcc_1H.csv",sheet1,"Jahangirpuri, Delhi - DPCC",Raw Data,SR (W/mt2),float,SolarRad,16.75 | 7.0 | 7.0,8760,214,2.44,False
"Jahangirpuri, Delhi - DPCC	/Raw Data/2025_raw_data_hourly_jahangirpuri,_delhi_-_dpcc_1H.csv",sheet1,"Jahangirpuri, Delhi - DPCC",Raw Data,BP (mmHg),float,BaroPressure,975.0 | 975.5 | 975.0,8760,214,2.44,False
"Jahangirpuri, Delhi - DPCC	/Raw Data/2025_raw_data_hourly_jahangirpuri,_delhi_-_dpcc_1H.csv",sheet1,"Jahangirpuri, Delhi - DPCC",Raw Data,VWS (m/s),float,VWS,,8760,8760,100.0,True
"Jahangirpuri, Delhi - DPCC	/Raw Data/2026_raw_data_hourly_jahangirpuri,_delhi_-_dpcc_1H.csv",sheet1,"Jahangirpuri, Delhi - DPCC",Raw Data,Timestamp,object/string,timestamp,2026-01-01 00:00:00 | 2026-01-01 01:00:00 | 2026-01-01 02:00:00,5088,0,0.0,False
"Jahangirpuri, Delhi - DPCC	/Raw Data/2026_raw_data_hourly_jahangirpuri,_delhi_-_dpcc_1H.csv",sheet1,"Jahangirpuri, Delhi - DPCC",Raw Data,PM2.5 (µg/m³),float,PM2.5,317.0 | 437.0 | 259.0,5088,367,7.21,False
"Jahangirpuri, Delhi - DPCC	/Raw Data/2026_raw_data_hourly_jahangirpuri,_delhi_-_dpcc_1H.csv",sheet1,"Jahangirpuri, Delhi - DPCC",Raw Data,PM10 (µg/m³),float,PM10,414.0 | 494.0 | 328.0,5088,223,4.38,False
"Jahangirpuri, Delhi - DPCC	/Raw Data/2026_raw_data_hourly_jahangirpuri,_delhi_-_dpcc_1H.csv",sheet1,"Jahangirpuri, Delhi - DPCC",Raw Data,NO (µg/m³),float,NO,39.33 | 31.75 | 29.25,5088,168,3.3,False
"Jahangirpuri, Delhi - DPCC	/Raw Data/2026_raw_data_hourly_jahangirpuri,_delhi_-_dpcc_1H.csv",sheet1,"Jahangirpuri, Delhi - DPCC",Raw Data,NO2 (µg/m³),float,NO2,85.33 | 75.0 | 68.0,5088,157,3.09,False
"Jahangirpuri, Delhi - DPCC	/Raw Data/2026_raw_data_hourly_jahangirpuri,_delhi_-_dpcc_1H.csv",sheet1,"Jahangirpuri, Delhi - DPCC",Raw Data,NOx (ppb),float,NOx,77.33 | 66.25 | 60.25,5088,156,3.07,False
"Jahangirpuri, Delhi - DPCC	/Raw Data/2026_raw_data_hourly_jahangirpuri,_delhi_-_dpcc_1H.csv",sheet1,"Jahangirpuri, Delhi - DPCC",Raw Data,NH3 (µg/m³),float,NH3,9.0 | 11.75 | 14.5,5088,171,3.36,False
"Jahangirpuri, Delhi - DPCC	/Raw Data/2026_raw_data_hourly_jahangirpuri,_delhi_-_dpcc_1H.csv",sheet1,"Jahangirpuri, Delhi - DPCC",Raw Data,SO2 (µg/m³),float,SO2,8.67 | 9.0 | 8.33,5088,185,3.64,False
"Jahangirpuri, Delhi - DPCC	/Raw Data/2026_raw_data_hourly_jahangirpuri,_delhi_-_dpcc_1H.csv",sheet1,"Jahangirpuri, Delhi - DPCC",Raw Data,CO (mg/m³),float,CO,1.33 | 1.0 | 1.0,5088,208,4.09,False
"Jahangirpuri, Delhi - DPCC	/Raw Data/2026_raw_data_hourly_jahangirpuri,_delhi_-_dpcc_1H.csv",sheet1,"Jahangirpuri, Delhi - DPCC",Raw Data,Ozone (µg/m³),float,O3,4.0 | 4.0 | 12.0,5088,162,3.18,False
"Jahangirpuri, Delhi - DPCC	/Raw Data/2026_raw_data_hourly_jahangirpuri,_delhi_-_dpcc_1H.csv",sheet1,"Jahangirpuri, Delhi - DPCC",Raw Data,Benzene (µg/m³),float,Benzene,3.33 | 3.5 | 1.5,5088,169,3.32,False
"Jahangirpuri, Delhi - DPCC	/Raw Data/2026_raw_data_hourly_jahangirpuri,_delhi_-_dpcc_1H.csv",sheet1,"Jahangirpuri, Delhi - DPCC",Raw Data,Toluene (µg/m³),float,Toluene,2.33 | 2.75 | 1.0,5088,167,3.28,False
"Jahangirpuri, Delhi - DPCC	/Raw Data/2026_raw_data_hourly_jahangirpuri,_delhi_-_dpcc_1H.csv",sheet1,"Jahangirpuri, Delhi - DPCC",Raw Data,Xylene (µg/m³),float,Xylene,,5088,5088,100.0,True
"Jahangirpuri, Delhi - DPCC	/Raw Data/2026_raw_data_hourly_jahangirpuri,_delhi_-_dpcc_1H.csv",sheet1,"Jahangirpuri, Delhi - DPCC",Raw Data,O Xylene (µg/m³),float,Xylene,1.0 | 3.5 | 0.0,5088,685,13.46,False
"Jahangirpuri, Delhi - DPCC	/Raw Data/2026_raw_data_hourly_jahangirpuri,_delhi_-_dpcc_1H.csv",sheet1,"Jahangirpuri, Delhi - DPCC",Raw Data,Eth-Benzene (µg/m³),float,Benzene,0.33 | 0.5 | 0.0,5088,685,13.46,False
"Jahangirpuri, Delhi - DPCC	/Raw Data/2026_raw_data_hourly_jahangirpuri,_delhi_-_dpcc_1H.csv",sheet1,"Jahangirpuri, Delhi - DPCC",Raw Data,MP-Xylene (µg/m³),float,Xylene,0.0 | 0.25 | 0.0,5088,685,13.46,False
"Jahangirpuri, Delhi - DPCC	/Raw Data/2026_raw_data_hourly_jahangirpuri,_delhi_-_dpcc_1H.csv",sheet1,"Jahangirpuri, Delhi - DPCC",Raw Data,AT (°C),float,Temp_C,11.0 | 11.0 | 11.0,5088,160,3.14,False
"Jahangirpuri, Delhi - DPCC	/Raw Data/2026_raw_data_hourly_jahangirpuri,_delhi_-_dpcc_1H.csv",sheet1,"Jahangirpuri, Delhi - DPCC",Raw Data,RH (%),float,RH_pct,90.67 | 90.0 | 90.0,5088,160,3.14,False
"Jahangirpuri, Delhi - DPCC	/Raw Data/2026_raw_data_hourly_jahangirpuri,_delhi_-_dpcc_1H.csv",sheet1,"Jahangirpuri, Delhi - DPCC",Raw Data,WS (m/s),float,WindSpeed,0.0 | 0.0 | 0.0,5088,160,3.14,False
"Jahangirpuri, Delhi - DPCC	/Raw Data/2026_raw_data_hourly_jahangirpuri,_delhi_-_dpcc_1H.csv",sheet1,"Jahangirpuri, Delhi - DPCC",Raw Data,WD (deg),float,WindDir,183.0 | 183.0 | 180.75,5088,364,7.15,False
"Jahangirpuri, Delhi - DPCC	/Raw Data/2026_raw_data_hourly_jahangirpuri,_delhi_-_dpcc_1H.csv",sheet1,"Jahangirpuri, Delhi - DPCC",Raw Data,RF (mm),float,Rainfall,0.0 | 0.0 | 0.0,5088,159,3.12,False
"Jahangirpuri, Delhi - DPCC	/Raw Data/2026_raw_data_hourly_jahangirpuri,_delhi_-_dpcc_1H.csv",sheet1,"Jahangirpuri, Delhi - DPCC",Raw Data,TOT-RF (mm),float,TotalRainfall,0.0 | 0.0 | 0.0,5088,159,3.12,False
"Jahangirpuri, Delhi - DPCC	/Raw Data/2026_raw_data_hourly_jahangirpuri,_delhi_-_dpcc_1H.csv",sheet1,"Jahangirpuri, Delhi - DPCC",Raw Data,SR (W/mt2),float,SolarRad,10.0 | 10.0 | 10.0,5088,160,3.14,False
"Jahangirpuri, Delhi - DPCC	/Raw Data/2026_raw_data_hourly_jahangirpuri,_delhi_-_dpcc_1H.csv",sheet1,"Jahangirpuri, Delhi - DPCC",Raw Data,BP (mmHg),float,BaroPressure,978.0 | 978.5 | 979.0,5088,160,3.14,False
"Jahangirpuri, Delhi - DPCC	/Raw Data/2026_raw_data_hourly_jahangirpuri,_delhi_-_dpcc_1H.csv",sheet1,"Jahangirpuri, Delhi - DPCC",Raw Data,VWS (m/s),float,VWS,,5088,5088,100.0,True
"Punjabi Bagh, Delhi - DPCC/AQI Hourly/aqi_hourly_station_level_punjabi_bagh,_delhi_-_dpcc_2025_April_delhi_2025.xlsx",Sheet1,"Punjabi Bagh, Delhi - DPCC",AQI Hourly,Date,int,timestamp,1 | 2 | 3,30,0,0.0,False
"Punjabi Bagh, Delhi - DPCC/AQI Hourly/aqi_hourly_station_level_punjabi_bagh,_delhi_-_dpcc_2025_April_delhi_2025.xlsx",Sheet1,"Punjabi Bagh, Delhi - DPCC",AQI Hourly,00:00:00,float,unknown,163.0 | 171.0 | 250.0,30,1,3.33,False
"Punjabi Bagh, Delhi - DPCC/AQI Hourly/aqi_hourly_station_level_punjabi_bagh,_delhi_-_dpcc_2025_April_delhi_2025.xlsx",Sheet1,"Punjabi Bagh, Delhi - DPCC",AQI Hourly,01:00:00,float,unknown,164.0 | 177.0 | 250.0,30,1,3.33,False
"Punjabi Bagh, Delhi - DPCC/AQI Hourly/aqi_hourly_station_level_punjabi_bagh,_delhi_-_dpcc_2025_April_delhi_2025.xlsx",Sheet1,"Punjabi Bagh, Delhi - DPCC",AQI Hourly,02:00:00,int,unknown,158 | 186 | 250,30,0,0.0,False
"Punjabi Bagh, Delhi - DPCC/AQI Hourly/aqi_hourly_station_level_punjabi_bagh,_delhi_-_dpcc_2025_April_delhi_2025.xlsx",Sheet1,"Punjabi Bagh, Delhi - DPCC",AQI Hourly,03:00:00,float,unknown,152.0 | 186.0 | 249.0,30,1,3.33,False
"Punjabi Bagh, Delhi - DPCC/AQI Hourly/aqi_hourly_station_level_punjabi_bagh,_delhi_-_dpcc_2025_April_delhi_2025.xlsx",Sheet1,"Punjabi Bagh, Delhi - DPCC",AQI Hourly,04:00:00,float,unknown,149.0 | 202.0 | 247.0,30,2,6.67,False
"Punjabi Bagh, Delhi - DPCC/AQI Hourly/aqi_hourly_station_level_punjabi_bagh,_delhi_-_dpcc_2025_April_delhi_2025.xlsx",Sheet1,"Punjabi Bagh, Delhi - DPCC",AQI Hourly,05:00:00,int,unknown,150 | 206 | 244,30,0,0.0,False
"Punjabi Bagh, Delhi - DPCC/AQI Hourly/aqi_hourly_station_level_punjabi_bagh,_delhi_-_dpcc_2025_April_delhi_2025.xlsx",Sheet1,"Punjabi Bagh, Delhi - DPCC",AQI Hourly,06:00:00,float,unknown,154.0 | 210.0 | 239.0,30,1,3.33,False
"Punjabi Bagh, Delhi - DPCC/AQI Hourly/aqi_hourly_station_level_punjabi_bagh,_delhi_-_dpcc_2025_April_delhi_2025.xlsx",Sheet1,"Punjabi Bagh, Delhi - DPCC",AQI Hourly,07:00:00,float,unknown,149.0 | 219.0 | 235.0,30,1,3.33,False
"Punjabi Bagh, Delhi - DPCC/AQI Hourly/aqi_hourly_station_level_punjabi_bagh,_delhi_-_dpcc_2025_April_delhi_2025.xlsx",Sheet1,"Punjabi Bagh, Delhi - DPCC",AQI Hourly,08:00:00,float,unknown,147.0 | 223.0 | 228.0,30,1,3.33,False
"Punjabi Bagh, Delhi - DPCC/AQI Hourly/aqi_hourly_station_level_punjabi_bagh,_delhi_-_dpcc_2025_April_delhi_2025.xlsx",Sheet1,"Punjabi Bagh, Delhi - DPCC",AQI Hourly,09:00:00,float,unknown,148.0 | 227.0 | 219.0,30,1,3.33,False
"Punjabi Bagh, Delhi - DPCC/AQI Hourly/aqi_hourly_station_level_punjabi_bagh,_delhi_-_dpcc_2025_April_delhi_2025.xlsx",Sheet1,"Punjabi Bagh, Delhi - DPCC",AQI Hourly,10:00:00,float,unknown,147.0 | 232.0 | 213.0,30,1,3.33,False
"Punjabi Bagh, Delhi - DPCC/AQI Hourly/aqi_hourly_station_level_punjabi_bagh,_delhi_-_dpcc_2025_April_delhi_2025.xlsx",Sheet1,"Punjabi Bagh, Delhi - DPCC",AQI Hourly,11:00:00,float,unknown,148.0 | 231.0 | 213.0,30,2,6.67,False
"Punjabi Bagh, Delhi - DPCC/AQI Hourly/aqi_hourly_station_level_punjabi_bagh,_delhi_-_dpcc_2025_April_delhi_2025.xlsx",Sheet1,"Punjabi Bagh, Delhi - DPCC",AQI Hourly,12:00:00,float,unknown,145.0 | 232.0 | 210.0,30,1,3.33,False
"Punjabi Bagh, Delhi - DPCC/AQI Hourly/aqi_hourly_station_level_punjabi_bagh,_delhi_-_dpcc_2025_April_delhi_2025.xlsx",Sheet1,"Punjabi Bagh, Delhi - DPCC",AQI Hourly,13:00:00,float,unknown,143.0 | 237.0 | 336.0,30,2,6.67,False
"Punjabi Bagh, Delhi - DPCC/AQI Hourly/aqi_hourly_station_level_punjabi_bagh,_delhi_-_dpcc_2025_April_delhi_2025.xlsx",Sheet1,"Punjabi Bagh, Delhi - DPCC",AQI Hourly,14:00:00,float,unknown,142.0 | 240.0 | 210.0,30,1,3.33,False
"Punjabi Bagh, Delhi - DPCC/AQI Hourly/aqi_hourly_station_level_punjabi_bagh,_delhi_-_dpcc_2025_April_delhi_2025.xlsx",Sheet1,"Punjabi Bagh, Delhi - DPCC",AQI Hourly,15:00:00,float,unknown,143.0 | 241.0 | 209.0,30,1,3.33,False
"Punjabi Bagh, Delhi - DPCC/AQI Hourly/aqi_hourly_station_level_punjabi_bagh,_delhi_-_dpcc_2025_April_delhi_2025.xlsx",Sheet1,"Punjabi Bagh, Delhi - DPCC",AQI Hourly,16:00:00,float,unknown,143.0 | 241.0 | 207.0,30,1,3.33,False
"Punjabi Bagh, Delhi - DPCC/AQI Hourly/aqi_hourly_station_level_punjabi_bagh,_delhi_-_dpcc_2025_April_delhi_2025.xlsx",Sheet1,"Punjabi Bagh, Delhi - DPCC",AQI Hourly,17:00:00,float,unknown,145.0 | 241.0 | 206.0,30,1,3.33,False
"Punjabi Bagh, Delhi - DPCC/AQI Hourly/aqi_hourly_station_level_punjabi_bagh,_delhi_-_dpcc_2025_April_delhi_2025.xlsx",Sheet1,"Punjabi Bagh, Delhi - DPCC",AQI Hourly,18:00:00,float,unknown,147.0 | 241.0 | 206.0,30,2,6.67,False
"Punjabi Bagh, Delhi - DPCC/AQI Hourly/aqi_hourly_station_level_punjabi_bagh,_delhi_-_dpcc_2025_April_delhi_2025.xlsx",Sheet1,"Punjabi Bagh, Delhi - DPCC",AQI Hourly,19:00:00,float,unknown,148.0 | 199.0 | 218.0,30,2,6.67,False
"Punjabi Bagh, Delhi - DPCC/AQI Hourly/aqi_hourly_station_level_punjabi_bagh,_delhi_-_dpcc_2025_April_delhi_2025.xlsx",Sheet1,"Punjabi Bagh, Delhi - DPCC",AQI Hourly,20:00:00,float,unknown,148.0 | 241.0 | 199.0,30,1,3.33,False
"Punjabi Bagh, Delhi - DPCC/AQI Hourly/aqi_hourly_station_level_punjabi_bagh,_delhi_-_dpcc_2025_April_delhi_2025.xlsx",Sheet1,"Punjabi Bagh, Delhi - DPCC",AQI Hourly,21:00:00,float,unknown,150.0 | 251.0 | 209.0,30,1,3.33,False
"Punjabi Bagh, Delhi - DPCC/AQI Hourly/aqi_hourly_station_level_punjabi_bagh,_delhi_-_dpcc_2025_April_delhi_2025.xlsx",Sheet1,"Punjabi Bagh, Delhi - DPCC",AQI Hourly,22:00:00,float,unknown,156.0 | 247.0 | 215.0,30,2,6.67,False
"Punjabi Bagh, Delhi - DPCC/AQI Hourly/aqi_hourly_station_level_punjabi_bagh,_delhi_-_dpcc_2025_April_delhi_2025.xlsx",Sheet1,"Punjabi Bagh, Delhi - DPCC",AQI Hourly,23:00:00,float,unknown,162.0 | 250.0 | 207.0,30,1,3.33,False
"Punjabi Bagh, Delhi - DPCC/AQI Hourly/aqi_hourly_station_level_punjabi_bagh,_delhi_-_dpcc_2025_August_delhi_2025.xlsx",Sheet1,"Punjabi Bagh, Delhi - DPCC",AQI Hourly,Date,int,timestamp,1 | 2 | 3,31,0,0.0,False
"Punjabi Bagh, Delhi - DPCC/AQI Hourly/aqi_hourly_station_level_punjabi_bagh,_delhi_-_dpcc_2025_August_delhi_2025.xlsx",Sheet1,"Punjabi Bagh, Delhi - DPCC",AQI Hourly,00:00:00,float,unknown,61.0 | 52.0 | 77.0,31,8,25.81,False
"Punjabi Bagh, Delhi - DPCC/AQI Hourly/aqi_hourly_station_level_punjabi_bagh,_delhi_-_dpcc_2025_August_delhi_2025.xlsx",Sheet1,"Punjabi Bagh, Delhi - DPCC",AQI Hourly,01:00:00,float,unknown,61.0 | 54.0 | 75.0,31,7,22.58,False
"Punjabi Bagh, Delhi - DPCC/AQI Hourly/aqi_hourly_station_level_punjabi_bagh,_delhi_-_dpcc_2025_August_delhi_2025.xlsx",Sheet1,"Punjabi Bagh, Delhi - DPCC",AQI Hourly,02:00:00,float,unknown,62.0 | 55.0 | 75.0,31,7,22.58,False
"Punjabi Bagh, Delhi - DPCC/AQI Hourly/aqi_hourly_station_level_punjabi_bagh,_delhi_-_dpcc_2025_August_delhi_2025.xlsx",Sheet1,"Punjabi Bagh, Delhi - DPCC",AQI Hourly,03:00:00,float,unknown,63.0 | 55.0 | 76.0,31,9,29.03,False
"Punjabi Bagh, Delhi - DPCC/AQI Hourly/aqi_hourly_station_level_punjabi_bagh,_delhi_-_dpcc_2025_August_delhi_2025.xlsx",Sheet1,"Punjabi Bagh, Delhi - DPCC",AQI Hourly,04:00:00,float,unknown,62.0 | 55.0 | 74.0,31,5,16.13,False
"Punjabi Bagh, Delhi - DPCC/AQI Hourly/aqi_hourly_station_level_punjabi_bagh,_delhi_-_dpcc_2025_August_delhi_2025.xlsx",Sheet1,"Punjabi Bagh, Delhi - DPCC",AQI Hourly,05:00:00,float,unknown,60.0 | 55.0 | 73.0,31,5,16.13,False
"Punjabi Bagh, Delhi - DPCC/AQI Hourly/aqi_hourly_station_level_punjabi_bagh,_delhi_-_dpcc_2025_August_delhi_2025.xlsx",Sheet1,"Punjabi Bagh, Delhi - DPCC",AQI Hourly,06:00:00,float,unknown,57.0 | 57.0 | 72.0,31,4,12.9,False
"Punjabi Bagh, Delhi - DPCC/AQI Hourly/aqi_hourly_station_level_punjabi_bagh,_delhi_-_dpcc_2025_August_delhi_2025.xlsx",Sheet1,"Punjabi Bagh, Delhi - DPCC",AQI Hourly,07:00:00,float,unknown,55.0 | 60.0 | 71.0,31,4,12.9,False
"Punjabi Bagh, Delhi - DPCC/AQI Hourly/aqi_hourly_station_level_punjabi_bagh,_delhi_-_dpcc_2025_August_delhi_2025.xlsx",Sheet1,"Punjabi Bagh, Delhi - DPCC",AQI Hourly,08:00:00,float,unknown,55.0 | 62.0 | 70.0,31,3,9.68,False
"Punjabi Bagh, Delhi - DPCC/AQI Hourly/aqi_hourly_station_level_punjabi_bagh,_delhi_-_dpcc_2025_August_delhi_2025.xlsx",Sheet1,"Punjabi Bagh, Delhi - DPCC",AQI Hourly,09:00:00,float,unknown,54.0 | 65.0 | 69.0,31,4,12.9,False
"Punjabi Bagh, Delhi - DPCC/AQI Hourly/aqi_hourly_station_level_punjabi_bagh,_delhi_-_dpcc_2025_August_delhi_2025.xlsx",Sheet1,"Punjabi Bagh, Delhi - DPCC",AQI Hourly,10:00:00,float,unknown,53.0 | 67.0 | 68.0,31,4,12.9,False
"Punjabi Bagh, Delhi - DPCC/AQI Hourly/aqi_hourly_station_level_punjabi_bagh,_delhi_-_dpcc_2025_August_delhi_2025.xlsx",Sheet1,"Punjabi Bagh, Delhi - DPCC",AQI Hourly,11:00:00,float,unknown,52.0 | 68.0 | 68.0,31,3,9.68,False
"Punjabi Bagh, Delhi - DPCC/AQI Hourly/aqi_hourly_station_level_punjabi_bagh,_delhi_-_dpcc_2025_August_delhi_2025.xlsx",Sheet1,"Punjabi Bagh, Delhi - DPCC",AQI Hourly,12:00:00,float,unknown,51.0 | 69.0 | 68.0,31,4,12.9,False
"Punjabi Bagh, Delhi - DPCC/AQI Hourly/aqi_hourly_station_level_punjabi_bagh,_delhi_-_dpcc_2025_August_delhi_2025.xlsx",Sheet1,"Punjabi Bagh, Delhi - DPCC",AQI Hourly,13:00:00,float,unknown,50.0 | 70.0 | 69.0,31,4,12.9,False
"Punjabi Bagh, Delhi - DPCC/AQI Hourly/aqi_hourly_station_level_punjabi_bagh,_delhi_-_dpcc_2025_August_delhi_2025.xlsx",Sheet1,"Punjabi Bagh, Delhi - DPCC",AQI Hourly,14:00:00,float,unknown,50.0 | 70.0 | 71.0,31,3,9.68,False
"Punjabi Bagh, Delhi - DPCC/AQI Hourly/aqi_hourly_station_level_punjabi_bagh,_delhi_-_dpcc_2025_August_delhi_2025.xlsx",Sheet1,"Punjabi Bagh, Delhi - DPCC",AQI Hourly,15:00:00,float,unknown,49.0 | 71.0 | 72.0,31,3,9.68,False
"Punjabi Bagh, Delhi - DPCC/AQI Hourly/aqi_hourly_station_level_punjabi_bagh,_delhi_-_dpcc_2025_August_delhi_2025.xlsx",Sheet1,"Punjabi Bagh, Delhi - DPCC",AQI Hourly,16:00:00,float,unknown,48.0 | 73.0 | 73.0,31,4,12.9,False
"Punjabi Bagh, Delhi - DPCC/AQI Hourly/aqi_hourly_station_level_punjabi_bagh,_delhi_-_dpcc_2025_August_delhi_2025.xlsx",Sheet1,"Punjabi Bagh, Delhi - DPCC",AQI Hourly,17:00:00,float,unknown,47.0 | 74.0 | 75.0,31,4,12.9,False
"Punjabi Bagh, Delhi - DPCC/AQI Hourly/aqi_hourly_station_level_punjabi_bagh,_delhi_-_dpcc_2025_August_delhi_2025.xlsx",Sheet1,"Punjabi Bagh, Delhi - DPCC",AQI Hourly,18:00:00,float,unknown,47.0 | 77.0 | 77.0,31,5,16.13,False
"Punjabi Bagh, Delhi - DPCC/AQI Hourly/aqi_hourly_station_level_punjabi_bagh,_delhi_-_dpcc_2025_August_delhi_2025.xlsx",Sheet1,"Punjabi Bagh, Delhi - DPCC",AQI Hourly,19:00:00,float,unknown,45.0 | 78.0 | 78.0,31,4,12.9,False
"Punjabi Bagh, Delhi - DPCC/AQI Hourly/aqi_hourly_station_level_punjabi_bagh,_delhi_-_dpcc_2025_August_delhi_2025.xlsx",Sheet1,"Punjabi Bagh, Delhi - DPCC",AQI Hourly,20:00:00,float,unknown,45.0 | 79.0 | 80.0,31,4,12.9,False
"Punjabi Bagh, Delhi - DPCC/AQI Hourly/aqi_hourly_station_level_punjabi_bagh,_delhi_-_dpcc_2025_August_delhi_2025.xlsx",Sheet1,"Punjabi Bagh, Delhi - DPCC",AQI Hourly,21:00:00,float,unknown,47.0 | 80.0 | 82.0,31,5,16.13,False
"Punjabi Bagh, Delhi - DPCC/AQI Hourly/aqi_hourly_station_level_punjabi_bagh,_delhi_-_dpcc_2025_August_delhi_2025.xlsx",Sheet1,"Punjabi Bagh, Delhi - DPCC",AQI Hourly,22:00:00,float,unknown,45.0 | 80.0 | 86.0,31,6,19.35,False
"Punjabi Bagh, Delhi - DPCC/AQI Hourly/aqi_hourly_station_level_punjabi_bagh,_delhi_-_dpcc_2025_August_delhi_2025.xlsx",Sheet1,"Punjabi Bagh, Delhi - DPCC",AQI Hourly,23:00:00,float,unknown,50.0 | 79.0 | 90.0,31,8,25.81,False
"Punjabi Bagh, Delhi - DPCC/AQI Hourly/aqi_hourly_station_level_punjabi_bagh,_delhi_-_dpcc_2025_December_delhi_2025.xlsx",Sheet1,"Punjabi Bagh, Delhi - DPCC",AQI Hourly,Date,int,timestamp,1 | 2 | 3,31,0,0.0,False
"Punjabi Bagh, Delhi - DPCC/AQI Hourly/aqi_hourly_station_level_punjabi_bagh,_delhi_-_dpcc_2025_December_delhi_2025.xlsx",Sheet1,"Punjabi Bagh, Delhi - DPCC",AQI Hourly,00:00:00,int,unknown,312 | 337 | 405,31,0,0.0,False
"Punjabi Bagh, Delhi - DPCC/AQI Hourly/aqi_hourly_station_level_punjabi_bagh,_delhi_-_dpcc_2025_December_delhi_2025.xlsx",Sheet1,"Punjabi Bagh, Delhi - DPCC",AQI Hourly,01:00:00,int,unknown,314 | 339 | 402,31,0,0.0,False
"Punjabi Bagh, Delhi - DPCC/AQI Hourly/aqi_hourly_station_level_punjabi_bagh,_delhi_-_dpcc_2025_December_delhi_2025.xlsx",Sheet1,"Punjabi Bagh, Delhi - DPCC",AQI Hourly,02:00:00,int,unknown,316 | 343 | 398,31,0,0.0,False
"Punjabi Bagh, Delhi - DPCC/AQI Hourly/aqi_hourly_station_level_punjabi_bagh,_delhi_-_dpcc_2025_December_delhi_2025.xlsx",Sheet1,"Punjabi Bagh, Delhi - DPCC",AQI Hourly,03:00:00,int,unknown,317 | 347 | 394,31,0,0.0,False
"Punjabi Bagh, Delhi - DPCC/AQI Hourly/aqi_hourly_station_level_punjabi_bagh,_delhi_-_dpcc_2025_December_delhi_2025.xlsx",Sheet1,"Punjabi Bagh, Delhi - DPCC",AQI Hourly,04:00:00,int,unknown,322 | 351 | 389,31,0,0.0,False
"Punjabi Bagh, Delhi - DPCC/AQI Hourly/aqi_hourly_station_level_punjabi_bagh,_delhi_-_dpcc_2025_December_delhi_2025.xlsx",Sheet1,"Punjabi Bagh, Delhi - DPCC",AQI Hourly,05:00:00,int,unknown,324 | 351 | 385,31,0,0.0,False
"Punjabi Bagh, Delhi - DPCC/AQI Hourly/aqi_hourly_station_level_punjabi_bagh,_delhi_-_dpcc_2025_December_delhi_2025.xlsx",Sheet1,"Punjabi Bagh, Delhi - DPCC",AQI Hourly,06:00:00,int,unknown,326 | 355 | 382,31,0,0.0,False
"Punjabi Bagh, Delhi - DPCC/AQI Hourly/aqi_hourly_station_level_punjabi_bagh,_delhi_-_dpcc_2025_December_delhi_2025.xlsx",Sheet1,"Punjabi Bagh, Delhi - DPCC",AQI Hourly,07:00:00,float,unknown,328.0 | 355.0 | 381.0,31,1,3.23,False
"Punjabi Bagh, Delhi - DPCC/AQI Hourly/aqi_hourly_station_level_punjabi_bagh,_delhi_-_dpcc_2025_December_delhi_2025.xlsx",Sheet1,"Punjabi Bagh, Delhi - DPCC",AQI Hourly,08:00:00,int,unknown,329 | 356 | 381,31,0,0.0,False
"Punjabi Bagh, Delhi - DPCC/AQI Hourly/aqi_hourly_station_level_punjabi_bagh,_delhi_-_dpcc_2025_December_delhi_2025.xlsx",Sheet1,"Punjabi Bagh, Delhi - DPCC",AQI Hourly,09:00:00,int,unknown,329 | 358 | 380,31,0,0.0,False
"Punjabi Bagh, Delhi - DPCC/AQI Hourly/aqi_hourly_station_level_punjabi_bagh,_delhi_-_dpcc_2025_December_delhi_2025.xlsx",Sheet1,"Punjabi Bagh, Delhi - DPCC",AQI Hourly,10:00:00,int,unknown,330 | 360 | 377,31,0,0.0,False
"Punjabi Bagh, Delhi - DPCC/AQI Hourly/aqi_hourly_station_level_punjabi_bagh,_delhi_-_dpcc_2025_December_delhi_2025.xlsx",Sheet1,"Punjabi Bagh, Delhi - DPCC",AQI Hourly,11:00:00,int,unknown,332 | 364 | 373,31,0,0.0,False
"Punjabi Bagh, Delhi - DPCC/AQI Hourly/aqi_hourly_station_level_punjabi_bagh,_delhi_-_dpcc_2025_December_delhi_2025.xlsx",Sheet1,"Punjabi Bagh, Delhi - DPCC",AQI Hourly,12:00:00,int,unknown,332 | 367 | 368,31,0,0.0,False
"Punjabi Bagh, Delhi - DPCC/AQI Hourly/aqi_hourly_station_level_punjabi_bagh,_delhi_-_dpcc_2025_December_delhi_2025.xlsx",Sheet1,"Punjabi Bagh, Delhi - DPCC",AQI Hourly,13:00:00,int,unknown,330 | 370 | 366,31,0,0.0,False
"Punjabi Bagh, Delhi - DPCC/AQI Hourly/aqi_hourly_station_level_punjabi_bagh,_delhi_-_dpcc_2025_December_delhi_2025.xlsx",Sheet1,"Punjabi Bagh, Delhi - DPCC",AQI Hourly,14:00:00,int,unknown,326 | 378 | 362,31,0,0.0,False
"Punjabi Bagh, Delhi - DPCC/AQI Hourly/aqi_hourly_station_level_punjabi_bagh,_delhi_-_dpcc_2025_December_delhi_2025.xlsx",Sheet1,"Punjabi Bagh, Delhi - DPCC",AQI Hourly,15:00:00,int,unknown,323 | 384 | 358,31,0,0.0,False
"Punjabi Bagh, Delhi - DPCC/AQI Hourly/aqi_hourly_station_level_punjabi_bagh,_delhi_-_dpcc_2025_December_delhi_2025.xlsx",Sheet1,"Punjabi Bagh, Delhi - DPCC",AQI Hourly,16:00:00,int,unknown,324 | 392 | 348,31,0,0.0,False
"Punjabi Bagh, Delhi - DPCC/AQI Hourly/aqi_hourly_station_level_punjabi_bagh,_delhi_-_dpcc_2025_December_delhi_2025.xlsx",Sheet1,"Punjabi Bagh, Delhi - DPCC",AQI Hourly,17:00:00,int,unknown,325 | 399 | 339,31,0,0.0,False
"Punjabi Bagh, Delhi - DPCC/AQI Hourly/aqi_hourly_station_level_punjabi_bagh,_delhi_-_dpcc_2025_December_delhi_2025.xlsx",Sheet1,"Punjabi Bagh, Delhi - DPCC",AQI Hourly,18:00:00,int,unknown,324 | 405 | 330,31,0,0.0,False
"Punjabi Bagh, Delhi - DPCC/AQI Hourly/aqi_hourly_station_level_punjabi_bagh,_delhi_-_dpcc_2025_December_delhi_2025.xlsx",Sheet1,"Punjabi Bagh, Delhi - DPCC",AQI Hourly,19:00:00,int,unknown,322 | 411 | 325,31,0,0.0,False
"Punjabi Bagh, Delhi - DPCC/AQI Hourly/aqi_hourly_station_level_punjabi_bagh,_delhi_-_dpcc_2025_December_delhi_2025.xlsx",Sheet1,"Punjabi Bagh, Delhi - DPCC",AQI Hourly,20:00:00,float,unknown,323.0 | 412.0 | 321.0,31,1,3.23,False
"Punjabi Bagh, Delhi - DPCC/AQI Hourly/aqi_hourly_station_level_punjabi_bagh,_delhi_-_dpcc_2025_December_delhi_2025.xlsx",Sheet1,"Punjabi Bagh, Delhi - DPCC",AQI Hourly,21:00:00,int,unknown,326 | 412 | 318,31,0,0.0,False
"Punjabi Bagh, Delhi - DPCC/AQI Hourly/aqi_hourly_station_level_punjabi_bagh,_delhi_-_dpcc_2025_December_delhi_2025.xlsx",Sheet1,"Punjabi Bagh, Delhi - DPCC",AQI Hourly,22:00:00,int,unknown,329 | 411 | 316,31,0,0.0,False
"Punjabi Bagh, Delhi - DPCC/AQI Hourly/aqi_hourly_station_level_punjabi_bagh,_delhi_-_dpcc_2025_December_delhi_2025.xlsx",Sheet1,"Punjabi Bagh, Delhi - DPCC",AQI Hourly,23:00:00,int,unknown,333 | 408 | 314,31,0,0.0,False
"Punjabi Bagh, Delhi - DPCC/AQI Hourly/aqi_hourly_station_level_punjabi_bagh,_delhi_-_dpcc_2025_February_delhi_2025.xlsx",Sheet1,"Punjabi Bagh, Delhi - DPCC",AQI Hourly,Date,int,timestamp,1 | 2 | 3,28,0,0.0,False
"Punjabi Bagh, Delhi - DPCC/AQI Hourly/aqi_hourly_station_level_punjabi_bagh,_delhi_-_dpcc_2025_February_delhi_2025.xlsx",Sheet1,"Punjabi Bagh, Delhi - DPCC",AQI Hourly,00:00:00,float,unknown,381.0 | 382.0 | 347.0,28,1,3.57,False
"Punjabi Bagh, Delhi - DPCC/AQI Hourly/aqi_hourly_station_level_punjabi_bagh,_delhi_-_dpcc_2025_February_delhi_2025.xlsx",Sheet1,"Punjabi Bagh, Delhi - DPCC",AQI Hourly,01:00:00,float,unknown,382.0 | 380.0 | 346.0,28,1,3.57,False
"Punjabi Bagh, Delhi - DPCC/AQI Hourly/aqi_hourly_station_level_punjabi_bagh,_delhi_-_dpcc_2025_February_delhi_2025.xlsx",Sheet1,"Punjabi Bagh, Delhi - DPCC",AQI Hourly,02:00:00,int,unknown,382 | 378 | 344,28,0,0.0,False
"Punjabi Bagh, Delhi - DPCC/AQI Hourly/aqi_hourly_station_level_punjabi_bagh,_delhi_-_dpcc_2025_February_delhi_2025.xlsx",Sheet1,"Punjabi Bagh, Delhi - DPCC",AQI Hourly,03:00:00,int,unknown,381 | 377 | 343,28,0,0.0,False
"Punjabi Bagh, Delhi - DPCC/AQI Hourly/aqi_hourly_station_level_punjabi_bagh,_delhi_-_dpcc_2025_February_delhi_2025.xlsx",Sheet1,"Punjabi Bagh, Delhi - DPCC",AQI Hourly,04:00:00,int,unknown,381 | 375 | 342,28,0,0.0,False
"Punjabi Bagh, Delhi - DPCC/AQI Hourly/aqi_hourly_station_level_punjabi_bagh,_delhi_-_dpcc_2025_February_delhi_2025.xlsx",Sheet1,"Punjabi Bagh, Delhi - DPCC",AQI Hourly,05:00:00,int,unknown,380 | 375 | 341,28,0,0.0,False
"Punjabi Bagh, Delhi - DPCC/AQI Hourly/aqi_hourly_station_level_punjabi_bagh,_delhi_-_dpcc_2025_February_delhi_2025.xlsx",Sheet1,"Punjabi Bagh, Delhi - DPCC",AQI Hourly,06:00:00,int,unknown,377 | 375 | 339,28,0,0.0,False
"Punjabi Bagh, Delhi - DPCC/AQI Hourly/aqi_hourly_station_level_punjabi_bagh,_delhi_-_dpcc_2025_February_delhi_2025.xlsx",Sheet1,"Punjabi Bagh, Delhi - DPCC",AQI Hourly,07:00:00,int,unknown,374 | 375 | 338,28,0,0.0,False
"Punjabi Bagh, Delhi - DPCC/AQI Hourly/aqi_hourly_station_level_punjabi_bagh,_delhi_-_dpcc_2025_February_delhi_2025.xlsx",Sheet1,"Punjabi Bagh, Delhi - DPCC",AQI Hourly,08:00:00,int,unknown,372 | 375 | 337,28,0,0.0,False
"Punjabi Bagh, Delhi - DPCC/AQI Hourly/aqi_hourly_station_level_punjabi_bagh,_delhi_-_dpcc_2025_February_delhi_2025.xlsx",Sheet1,"Punjabi Bagh, Delhi - DPCC",AQI Hourly,09:00:00,int,unknown,370 | 375 | 335,28,0,0.0,False
"Punjabi Bagh, Delhi - DPCC/AQI Hourly/aqi_hourly_station_level_punjabi_bagh,_delhi_-_dpcc_2025_February_delhi_2025.xlsx",Sheet1,"Punjabi Bagh, Delhi - DPCC",AQI Hourly,10:00:00,float,unknown,369.0 | 374.0 | 334.0,28,1,3.57,False
"Punjabi Bagh, Delhi - DPCC/AQI Hourly/aqi_hourly_station_level_punjabi_bagh,_delhi_-_dpcc_2025_February_delhi_2025.xlsx",Sheet1,"Punjabi Bagh, Delhi - DPCC",AQI Hourly,11:00:00,float,unknown,367.0 | 373.0 | 334.0,28,1,3.57,False
"Punjabi Bagh, Delhi - DPCC/AQI Hourly/aqi_hourly_station_level_punjabi_bagh,_delhi_-_dpcc_2025_February_delhi_2025.xlsx",Sheet1,"Punjabi Bagh, Delhi - DPCC",AQI Hourly,12:00:00,float,unknown,368.0 | 370.0 | 334.0,28,1,3.57,False
"Punjabi Bagh, Delhi - DPCC/AQI Hourly/aqi_hourly_station_level_punjabi_bagh,_delhi_-_dpcc_2025_February_delhi_2025.xlsx",Sheet1,"Punjabi Bagh, Delhi - DPCC",AQI Hourly,13:00:00,float,unknown,370.0 | 367.0 | 332.0,28,1,3.57,False
"Punjabi Bagh, Delhi - DPCC/AQI Hourly/aqi_hourly_station_level_punjabi_bagh,_delhi_-_dpcc_2025_February_delhi_2025.xlsx",Sheet1,"Punjabi Bagh, Delhi - DPCC",AQI Hourly,14:00:00,float,unknown,375.0 | 364.0 | 329.0,28,1,3.57,False
"Punjabi Bagh, Delhi - DPCC/AQI Hourly/aqi_hourly_station_level_punjabi_bagh,_delhi_-_dpcc_2025_February_delhi_2025.xlsx",Sheet1,"Punjabi Bagh, Delhi - DPCC",AQI Hourly,15:00:00,float,unknown,379.0 | 361.0 | 320.0,28,1,3.57,False
"Punjabi Bagh, Delhi - DPCC/AQI Hourly/aqi_hourly_station_level_punjabi_bagh,_delhi_-_dpcc_2025_February_delhi_2025.xlsx",Sheet1,"Punjabi Bagh, Delhi - DPCC",AQI Hourly,16:00:00,float,unknown,382.0 | 358.0 | 320.0,28,1,3.57,False
"Punjabi Bagh, Delhi - DPCC/AQI Hourly/aqi_hourly_station_level_punjabi_bagh,_delhi_-_dpcc_2025_February_delhi_2025.xlsx",Sheet1,"Punjabi Bagh, Delhi - DPCC",AQI Hourly,17:00:00,float,unknown,385.0 | 354.0 | 302.0,28,1,3.57,False
"Punjabi Bagh, Delhi - DPCC/AQI Hourly/aqi_hourly_station_level_punjabi_bagh,_delhi_-_dpcc_2025_February_delhi_2025.xlsx",Sheet1,"Punjabi Bagh, Delhi - DPCC",AQI Hourly,18:00:00,float,unknown,387.0 | 352.0 | 294.0,28,1,3.57,False
"Punjabi Bagh, Delhi - DPCC/AQI Hourly/aqi_hourly_station_level_punjabi_bagh,_delhi_-_dpcc_2025_February_delhi_2025.xlsx",Sheet1,"Punjabi Bagh, Delhi - DPCC",AQI Hourly,19:00:00,float,unknown,388.0 | 351.0 | 286.0,28,1,3.57,False
"Punjabi Bagh, Delhi - DPCC/AQI Hourly/aqi_hourly_station_level_punjabi_bagh,_delhi_-_dpcc_2025_February_delhi_2025.xlsx",Sheet1,"Punjabi Bagh, Delhi - DPCC",AQI Hourly,20:00:00,float,unknown,388.0 | 350.0 | 282.0,28,1,3.57,False
"Punjabi Bagh, Delhi - DPCC/AQI Hourly/aqi_hourly_station_level_punjabi_bagh,_delhi_-_dpcc_2025_February_delhi_2025.xlsx",Sheet1,"Punjabi Bagh, Delhi - DPCC",AQI Hourly,21:00:00,float,unknown,388.0 | 349.0 | 280.0,28,1,3.57,False
"Punjabi Bagh, Delhi - DPCC/AQI Hourly/aqi_hourly_station_level_punjabi_bagh,_delhi_-_dpcc_2025_February_delhi_2025.xlsx",Sheet1,"Punjabi Bagh, Delhi - DPCC",AQI Hourly,22:00:00,float,unknown,387.0 | 348.0 | 280.0,28,1,3.57,False
"Punjabi Bagh, Delhi - DPCC/AQI Hourly/aqi_hourly_station_level_punjabi_bagh,_delhi_-_dpcc_2025_February_delhi_2025.xlsx",Sheet1,"Punjabi Bagh, Delhi - DPCC",AQI Hourly,23:00:00,float,unknown,385.0 | 347.0 | 280.0,28,1,3.57,False
"Punjabi Bagh, Delhi - DPCC/AQI Hourly/aqi_hourly_station_level_punjabi_bagh,_delhi_-_dpcc_2025_January_delhi_2025.xlsx",Sheet1,"Punjabi Bagh, Delhi - DPCC",AQI Hourly,Date,int,timestamp,1 | 2 | 3,31,0,0.0,False
"Punjabi Bagh, Delhi - DPCC/AQI Hourly/aqi_hourly_station_level_punjabi_bagh,_delhi_-_dpcc_2025_January_delhi_2025.xlsx",Sheet1,"Punjabi Bagh, Delhi - DPCC",AQI Hourly,00:00:00,float,unknown,359.0 | 361.0 | 362.0,31,18,58.06,False
"Punjabi Bagh, Delhi - DPCC/AQI Hourly/aqi_hourly_station_level_punjabi_bagh,_delhi_-_dpcc_2025_January_delhi_2025.xlsx",Sheet1,"Punjabi Bagh, Delhi - DPCC",AQI Hourly,01:00:00,float,unknown,364.0 | 358.0 | 363.0,31,18,58.06,False
"Punjabi Bagh, Delhi - DPCC/AQI Hourly/aqi_hourly_station_level_punjabi_bagh,_delhi_-_dpcc_2025_January_delhi_2025.xlsx",Sheet1,"Punjabi Bagh, Delhi - DPCC",AQI Hourly,02:00:00,float,unknown,369.0 | 354.0 | 365.0,31,18,58.06,False
"Punjabi Bagh, Delhi - DPCC/AQI Hourly/aqi_hourly_station_level_punjabi_bagh,_delhi_-_dpcc_2025_January_delhi_2025.xlsx",Sheet1,"Punjabi Bagh, Delhi - DPCC",AQI Hourly,03:00:00,float,unknown,374.0 | 349.0 | 367.0,31,18,58.06,False
"Punjabi Bagh, Delhi - DPCC/AQI Hourly/aqi_hourly_station_level_punjabi_bagh,_delhi_-_dpcc_2025_January_delhi_2025.xlsx",Sheet1,"Punjabi Bagh, Delhi - DPCC",AQI Hourly,04:00:00,float,unknown,377.0 | 348.0 | 368.0,31,17,54.84,False
"Punjabi Bagh, Delhi - DPCC/AQI Hourly/aqi_hourly_station_level_punjabi_bagh,_delhi_-_dpcc_2025_January_delhi_2025.xlsx",Sheet1,"Punjabi Bagh, Delhi - DPCC",AQI Hourly,05:00:00,float,unknown,380.0 | 346.0 | 370.0,31,16,51.61,False
"Punjabi Bagh, Delhi - DPCC/AQI Hourly/aqi_hourly_station_level_punjabi_bagh,_delhi_-_dpcc_2025_January_delhi_2025.xlsx",Sheet1,"Punjabi Bagh, Delhi - DPCC",AQI Hourly,06:00:00,float,unknown,382.0 | 346.0 | 370.0,31,16,51.61,False
"Punjabi Bagh, Delhi - DPCC/AQI Hourly/aqi_hourly_station_level_punjabi_bagh,_delhi_-_dpcc_2025_January_delhi_2025.xlsx",Sheet1,"Punjabi Bagh, Delhi - DPCC",AQI Hourly,07:00:00,float,unknown,383.0 | 346.0 | 371.0,31,16,51.61,False
"Punjabi Bagh, Delhi - DPCC/AQI Hourly/aqi_hourly_station_level_punjabi_bagh,_delhi_-_dpcc_2025_January_delhi_2025.xlsx",Sheet1,"Punjabi Bagh, Delhi - DPCC",AQI Hourly,08:00:00,float,unknown,385.0 | 345.0 | 372.0,31,17,54.84,False
"Punjabi Bagh, Delhi - DPCC/AQI Hourly/aqi_hourly_station_level_punjabi_bagh,_delhi_-_dpcc_2025_January_delhi_2025.xlsx",Sheet1,"Punjabi Bagh, Delhi - DPCC",AQI Hourly,09:00:00,float,unknown,385.0 | 344.0 | 374.0,31,16,51.61,False
"Punjabi Bagh, Delhi - DPCC/AQI Hourly/aqi_hourly_station_level_punjabi_bagh,_delhi_-_dpcc_2025_January_delhi_2025.xlsx",Sheet1,"Punjabi Bagh, Delhi - DPCC",AQI Hourly,10:00:00,float,unknown,385.0 | 344.0 | 375.0,31,17,54.84,False
"Punjabi Bagh, Delhi - DPCC/AQI Hourly/aqi_hourly_station_level_punjabi_bagh,_delhi_-_dpcc_2025_January_delhi_2025.xlsx",Sheet1,"Punjabi Bagh, Delhi - DPCC",AQI Hourly,11:00:00,float,unknown,385.0 | 345.0 | 377.0,31,17,54.84,False
"Punjabi Bagh, Delhi - DPCC/AQI Hourly/aqi_hourly_station_level_punjabi_bagh,_delhi_-_dpcc_2025_January_delhi_2025.xlsx",Sheet1,"Punjabi Bagh, Delhi - DPCC",AQI Hourly,12:00:00,float,unknown,385.0 | 346.0 | 380.0,31,17,54.84,False
"Punjabi Bagh, Delhi - DPCC/AQI Hourly/aqi_hourly_station_level_punjabi_bagh,_delhi_-_dpcc_2025_January_delhi_2025.xlsx",Sheet1,"Punjabi Bagh, Delhi - DPCC",AQI Hourly,13:00:00,float,unknown,384.0 | 347.0 | 385.0,31,17,54.84,False
"Punjabi Bagh, Delhi - DPCC/AQI Hourly/aqi_hourly_station_level_punjabi_bagh,_delhi_-_dpcc_2025_January_delhi_2025.xlsx",Sheet1,"Punjabi Bagh, Delhi - DPCC",AQI Hourly,14:00:00,float,unknown,383.0 | 348.0 | 391.0,31,17,54.84,False
"Punjabi Bagh, Delhi - DPCC/AQI Hourly/aqi_hourly_station_level_punjabi_bagh,_delhi_-_dpcc_2025_January_delhi_2025.xlsx",Sheet1,"Punjabi Bagh, Delhi - DPCC",AQI Hourly,15:00:00,float,unknown,381.0 | 348.0 | 397.0,31,17,54.84,False
"Punjabi Bagh, Delhi - DPCC/AQI Hourly/aqi_hourly_station_level_punjabi_bagh,_delhi_-_dpcc_2025_January_delhi_2025.xlsx",Sheet1,"Punjabi Bagh, Delhi - DPCC",AQI Hourly,16:00:00,float,unknown,379.0 | 348.0 | 402.0,31,17,54.84,False
"Punjabi Bagh, Delhi - DPCC/AQI Hourly/aqi_hourly_station_level_punjabi_bagh,_delhi_-_dpcc_2025_January_delhi_2025.xlsx",Sheet1,"Punjabi Bagh, Delhi - DPCC",AQI Hourly,17:00:00,float,unknown,378.0 | 348.0 | 401.0,31,17,54.84,False
"Punjabi Bagh, Delhi - DPCC/AQI Hourly/aqi_hourly_station_level_punjabi_bagh,_delhi_-_dpcc_2025_January_delhi_2025.xlsx",Sheet1,"Punjabi Bagh, Delhi - DPCC",AQI Hourly,18:00:00,float,unknown,375.0 | 348.0 | 403.0,31,18,58.06,False
"Punjabi Bagh, Delhi - DPCC/AQI Hourly/aqi_hourly_station_level_punjabi_bagh,_delhi_-_dpcc_2025_January_delhi_2025.xlsx",Sheet1,"Punjabi Bagh, Delhi - DPCC",AQI Hourly,19:00:00,float,unknown,372.0 | 350.0 | 404.0,31,17,54.84,False
"Punjabi Bagh, Delhi - DPCC/AQI Hourly/aqi_hourly_station_level_punjabi_bagh,_delhi_-_dpcc_2025_January_delhi_2025.xlsx",Sheet1,"Punjabi Bagh, Delhi - DPCC",AQI Hourly,20:00:00,float,unknown,370.0 | 352.0 | 403.0,31,17,54.84,False
"Punjabi Bagh, Delhi - DPCC/AQI Hourly/aqi_hourly_station_level_punjabi_bagh,_delhi_-_dpcc_2025_January_delhi_2025.xlsx",Sheet1,"Punjabi Bagh, Delhi - DPCC",AQI Hourly,21:00:00,float,unknown,367.0 | 355.0 | 403.0,31,17,54.84,False
"Punjabi Bagh, Delhi - DPCC/AQI Hourly/aqi_hourly_station_level_punjabi_bagh,_delhi_-_dpcc_2025_January_delhi_2025.xlsx",Sheet1,"Punjabi Bagh, Delhi - DPCC",AQI Hourly,22:00:00,float,unknown,366.0 | 357.0 | 404.0,31,17,54.84,False
"Punjabi Bagh, Delhi - DPCC/AQI Hourly/aqi_hourly_station_level_punjabi_bagh,_delhi_-_dpcc_2025_January_delhi_2025.xlsx",Sheet1,"Punjabi Bagh, Delhi - DPCC",AQI Hourly,23:00:00,float,unknown,364.0 | 360.0 | 405.0,31,18,58.06,False
"Punjabi Bagh, Delhi - DPCC/AQI Hourly/aqi_hourly_station_level_punjabi_bagh,_delhi_-_dpcc_2025_July_delhi_2025.xlsx",Sheet1,"Punjabi Bagh, Delhi - DPCC",AQI Hourly,Date,int,timestamp,1 | 2 | 3,31,0,0.0,False
"Punjabi Bagh, Delhi - DPCC/AQI Hourly/aqi_hourly_station_level_punjabi_bagh,_delhi_-_dpcc_2025_July_delhi_2025.xlsx",Sheet1,"Punjabi Bagh, Delhi - DPCC",AQI Hourly,00:00:00,int,unknown,68 | 69 | 79,31,0,0.0,False
"Punjabi Bagh, Delhi - DPCC/AQI Hourly/aqi_hourly_station_level_punjabi_bagh,_delhi_-_dpcc_2025_July_delhi_2025.xlsx",Sheet1,"Punjabi Bagh, Delhi - DPCC",AQI Hourly,01:00:00,int,unknown,69 | 68 | 80,31,0,0.0,False
"Punjabi Bagh, Delhi - DPCC/AQI Hourly/aqi_hourly_station_level_punjabi_bagh,_delhi_-_dpcc_2025_July_delhi_2025.xlsx",Sheet1,"Punjabi Bagh, Delhi - DPCC",AQI Hourly,02:00:00,int,unknown,72 | 67 | 79,31,0,0.0,False
"Punjabi Bagh, Delhi - DPCC/AQI Hourly/aqi_hourly_station_level_punjabi_bagh,_delhi_-_dpcc_2025_July_delhi_2025.xlsx",Sheet1,"Punjabi Bagh, Delhi - DPCC",AQI Hourly,03:00:00,int,unknown,74 | 67 | 78,31,0,0.0,False
"Punjabi Bagh, Delhi - DPCC/AQI Hourly/aqi_hourly_station_level_punjabi_bagh,_delhi_-_dpcc_2025_July_delhi_2025.xlsx",Sheet1,"Punjabi Bagh, Delhi - DPCC",AQI Hourly,04:00:00,int,unknown,76 | 66 | 77,31,0,0.0,False
"Punjabi Bagh, Delhi - DPCC/AQI Hourly/aqi_hourly_station_level_punjabi_bagh,_delhi_-_dpcc_2025_July_delhi_2025.xlsx",Sheet1,"Punjabi Bagh, Delhi - DPCC",AQI Hourly,05:00:00,int,unknown,76 | 67 | 75,31,0,0.0,False
"Punjabi Bagh, Delhi - DPCC/AQI Hourly/aqi_hourly_station_level_punjabi_bagh,_delhi_-_dpcc_2025_July_delhi_2025.xlsx",Sheet1,"Punjabi Bagh, Delhi - DPCC",AQI Hourly,06:00:00,int,unknown,77 | 67 | 74,31,0,0.0,False
"Punjabi Bagh, Delhi - DPCC/AQI Hourly/aqi_hourly_station_level_punjabi_bagh,_delhi_-_dpcc_2025_July_delhi_2025.xlsx",Sheet1,"Punjabi Bagh, Delhi - DPCC",AQI Hourly,07:00:00,float,unknown,78.0 | 71.0 | 72.0,31,1,3.23,False
"Punjabi Bagh, Delhi - DPCC/AQI Hourly/aqi_hourly_station_level_punjabi_bagh,_delhi_-_dpcc_2025_July_delhi_2025.xlsx",Sheet1,"Punjabi Bagh, Delhi - DPCC",AQI Hourly,08:00:00,int,unknown,79 | 74 | 68,31,0,0.0,False
"Punjabi Bagh, Delhi - DPCC/AQI Hourly/aqi_hourly_station_level_punjabi_bagh,_delhi_-_dpcc_2025_July_delhi_2025.xlsx",Sheet1,"Punjabi Bagh, Delhi - DPCC",AQI Hourly,09:00:00,int,unknown,81 | 76 | 66,31,0,0.0,False
"Punjabi Bagh, Delhi - DPCC/AQI Hourly/aqi_hourly_station_level_punjabi_bagh,_delhi_-_dpcc_2025_July_delhi_2025.xlsx",Sheet1,"Punjabi Bagh, Delhi - DPCC",AQI Hourly,10:00:00,int,unknown,82 | 78 | 66,31,0,0.0,False
"Punjabi Bagh, Delhi - DPCC/AQI Hourly/aqi_hourly_station_level_punjabi_bagh,_delhi_-_dpcc_2025_July_delhi_2025.xlsx",Sheet1,"Punjabi Bagh, Delhi - DPCC",AQI Hourly,11:00:00,int,unknown,81 | 79 | 65,31,0,0.0,False
"Punjabi Bagh, Delhi - DPCC/AQI Hourly/aqi_hourly_station_level_punjabi_bagh,_delhi_-_dpcc_2025_July_delhi_2025.xlsx",Sheet1,"Punjabi Bagh, Delhi - DPCC",AQI Hourly,12:00:00,float,unknown,79.0 | 65.0 | 67.0,31,1,3.23,False
"Punjabi Bagh, Delhi - DPCC/AQI Hourly/aqi_hourly_station_level_punjabi_bagh,_delhi_-_dpcc_2025_July_delhi_2025.xlsx",Sheet1,"Punjabi Bagh, Delhi - DPCC",AQI Hourly,13:00:00,int,unknown,81 | 79 | 66,31,0,0.0,False
"Punjabi Bagh, Delhi - DPCC/AQI Hourly/aqi_hourly_station_level_punjabi_bagh,_delhi_-_dpcc_2025_July_delhi_2025.xlsx",Sheet1,"Punjabi Bagh, Delhi - DPCC",AQI Hourly,14:00:00,int,unknown,83 | 77 | 66,31,0,0.0,False
"Punjabi Bagh, Delhi - DPCC/AQI Hourly/aqi_hourly_station_level_punjabi_bagh,_delhi_-_dpcc_2025_July_delhi_2025.xlsx",Sheet1,"Punjabi Bagh, Delhi - DPCC",AQI Hourly,15:00:00,int,unknown,82 | 76 | 66,31,0,0.0,False
"Punjabi Bagh, Delhi - DPCC/AQI Hourly/aqi_hourly_station_level_punjabi_bagh,_delhi_-_dpcc_2025_July_delhi_2025.xlsx",Sheet1,"Punjabi Bagh, Delhi - DPCC",AQI Hourly,16:00:00,int,unknown,81 | 76 | 66,31,0,0.0,False
"Punjabi Bagh, Delhi - DPCC/AQI Hourly/aqi_hourly_station_level_punjabi_bagh,_delhi_-_dpcc_2025_July_delhi_2025.xlsx",Sheet1,"Punjabi Bagh, Delhi - DPCC",AQI Hourly,17:00:00,int,unknown,79 | 76 | 65,31,0,0.0,False
"Punjabi Bagh, Delhi - DPCC/AQI Hourly/aqi_hourly_station_level_punjabi_bagh,_delhi_-_dpcc_2025_July_delhi_2025.xlsx",Sheet1,"Punjabi Bagh, Delhi - DPCC",AQI Hourly,18:00:00,float,unknown,76.0 | 78.0 | 65.0,31,1,3.23,False
"Punjabi Bagh, Delhi - DPCC/AQI Hourly/aqi_hourly_station_level_punjabi_bagh,_delhi_-_dpcc_2025_July_delhi_2025.xlsx",Sheet1,"Punjabi Bagh, Delhi - DPCC",AQI Hourly,19:00:00,float,unknown,74.0 | 78.0 | 65.0,31,1,3.23,False
"Punjabi Bagh, Delhi - DPCC/AQI Hourly/aqi_hourly_station_level_punjabi_bagh,_delhi_-_dpcc_2025_July_delhi_2025.xlsx",Sheet1,"Punjabi Bagh, Delhi - DPCC",AQI Hourly,20:00:00,int,unknown,72 | 77 | 64,31,0,0.0,False
"Punjabi Bagh, Delhi - DPCC/AQI Hourly/aqi_hourly_station_level_punjabi_bagh,_delhi_-_dpcc_2025_July_delhi_2025.xlsx",Sheet1,"Punjabi Bagh, Delhi - DPCC",AQI Hourly,21:00:00,float,unknown,72.0 | 77.0 | 65.0,31,1,3.23,False
"Punjabi Bagh, Delhi - DPCC/AQI Hourly/aqi_hourly_station_level_punjabi_bagh,_delhi_-_dpcc_2025_July_delhi_2025.xlsx",Sheet1,"Punjabi Bagh, Delhi - DPCC",AQI Hourly,22:00:00,int,unknown,71 | 77 | 65,31,0,0.0,False
"Punjabi Bagh, Delhi - DPCC/AQI Hourly/aqi_hourly_station_level_punjabi_bagh,_delhi_-_dpcc_2025_July_delhi_2025.xlsx",Sheet1,"Punjabi Bagh, Delhi - DPCC",AQI Hourly,23:00:00,int,unknown,70 | 78 | 66,31,0,0.0,False
"Punjabi Bagh, Delhi - DPCC/AQI Hourly/aqi_hourly_station_level_punjabi_bagh,_delhi_-_dpcc_2025_June_delhi_2025.xlsx",Sheet1,"Punjabi Bagh, Delhi - DPCC",AQI Hourly,Date,int,timestamp,1 | 2 | 3,30,0,0.0,False
"Punjabi Bagh, Delhi - DPCC/AQI Hourly/aqi_hourly_station_level_punjabi_bagh,_delhi_-_dpcc_2025_June_delhi_2025.xlsx",Sheet1,"Punjabi Bagh, Delhi - DPCC",AQI Hourly,00:00:00,float,unknown,181.0 | 111.0 | 128.0,30,4,13.33,False
"Punjabi Bagh, Delhi - DPCC/AQI Hourly/aqi_hourly_station_level_punjabi_bagh,_delhi_-_dpcc_2025_June_delhi_2025.xlsx",Sheet1,"Punjabi Bagh, Delhi - DPCC",AQI Hourly,01:00:00,float,unknown,179.0 | 112.0 | 147.0,30,4,13.33,False
"Punjabi Bagh, Delhi - DPCC/AQI Hourly/aqi_hourly_station_level_punjabi_bagh,_delhi_-_dpcc_2025_June_delhi_2025.xlsx",Sheet1,"Punjabi Bagh, Delhi - DPCC",AQI Hourly,02:00:00,float,unknown,175.0 | 114.0 | 164.0,30,3,10.0,False
"Punjabi Bagh, Delhi - DPCC/AQI Hourly/aqi_hourly_station_level_punjabi_bagh,_delhi_-_dpcc_2025_June_delhi_2025.xlsx",Sheet1,"Punjabi Bagh, Delhi - DPCC",AQI Hourly,03:00:00,float,unknown,172.0 | 115.0 | 173.0,30,3,10.0,False
"Punjabi Bagh, Delhi - DPCC/AQI Hourly/aqi_hourly_station_level_punjabi_bagh,_delhi_-_dpcc_2025_June_delhi_2025.xlsx",Sheet1,"Punjabi Bagh, Delhi - DPCC",AQI Hourly,04:00:00,float,unknown,185.0 | 168.0 | 117.0,30,4,13.33,False
"Punjabi Bagh, Delhi - DPCC/AQI Hourly/aqi_hourly_station_level_punjabi_bagh,_delhi_-_dpcc_2025_June_delhi_2025.xlsx",Sheet1,"Punjabi Bagh, Delhi - DPCC",AQI Hourly,05:00:00,float,unknown,182.0 | 166.0 | 117.0,30,4,13.33,False
"Punjabi Bagh, Delhi - DPCC/AQI Hourly/aqi_hourly_station_level_punjabi_bagh,_delhi_-_dpcc_2025_June_delhi_2025.xlsx",Sheet1,"Punjabi Bagh, Delhi - DPCC",AQI Hourly,06:00:00,float,unknown,180.0 | 163.0 | 120.0,30,3,10.0,False
"Punjabi Bagh, Delhi - DPCC/AQI Hourly/aqi_hourly_station_level_punjabi_bagh,_delhi_-_dpcc_2025_June_delhi_2025.xlsx",Sheet1,"Punjabi Bagh, Delhi - DPCC",AQI Hourly,07:00:00,float,unknown,176.0 | 162.0 | 124.0,30,4,13.33,False
"Punjabi Bagh, Delhi - DPCC/AQI Hourly/aqi_hourly_station_level_punjabi_bagh,_delhi_-_dpcc_2025_June_delhi_2025.xlsx",Sheet1,"Punjabi Bagh, Delhi - DPCC",AQI Hourly,08:00:00,float,unknown,172.0 | 160.0 | 125.0,30,4,13.33,False
"Punjabi Bagh, Delhi - DPCC/AQI Hourly/aqi_hourly_station_level_punjabi_bagh,_delhi_-_dpcc_2025_June_delhi_2025.xlsx",Sheet1,"Punjabi Bagh, Delhi - DPCC",AQI Hourly,09:00:00,float,unknown,170.0 | 160.0 | 125.0,30,3,10.0,False
"Punjabi Bagh, Delhi - DPCC/AQI Hourly/aqi_hourly_station_level_punjabi_bagh,_delhi_-_dpcc_2025_June_delhi_2025.xlsx",Sheet1,"Punjabi Bagh, Delhi - DPCC",AQI Hourly,10:00:00,float,unknown,170.0 | 159.0 | 124.0,30,3,10.0,False
"Punjabi Bagh, Delhi - DPCC/AQI Hourly/aqi_hourly_station_level_punjabi_bagh,_delhi_-_dpcc_2025_June_delhi_2025.xlsx",Sheet1,"Punjabi Bagh, Delhi - DPCC",AQI Hourly,11:00:00,float,unknown,169.0 | 158.0 | 125.0,30,4,13.33,False
"Punjabi Bagh, Delhi - DPCC/AQI Hourly/aqi_hourly_station_level_punjabi_bagh,_delhi_-_dpcc_2025_June_delhi_2025.xlsx",Sheet1,"Punjabi Bagh, Delhi - DPCC",AQI Hourly,12:00:00,float,unknown,167.0 | 156.0 | 127.0,30,4,13.33,False
"Punjabi Bagh, Delhi - DPCC/AQI Hourly/aqi_hourly_station_level_punjabi_bagh,_delhi_-_dpcc_2025_June_delhi_2025.xlsx",Sheet1,"Punjabi Bagh, Delhi - DPCC",AQI Hourly,13:00:00,float,unknown,168.0 | 153.0 | 237.0,30,4,13.33,False
"Punjabi Bagh, Delhi - DPCC/AQI Hourly/aqi_hourly_station_level_punjabi_bagh,_delhi_-_dpcc_2025_June_delhi_2025.xlsx",Sheet1,"Punjabi Bagh, Delhi - DPCC",AQI Hourly,14:00:00,float,unknown,168.0 | 151.0 | 237.0,30,3,10.0,False
"Punjabi Bagh, Delhi - DPCC/AQI Hourly/aqi_hourly_station_level_punjabi_bagh,_delhi_-_dpcc_2025_June_delhi_2025.xlsx",Sheet1,"Punjabi Bagh, Delhi - DPCC",AQI Hourly,15:00:00,float,unknown,179.0 | 138.0 | 190.0,30,3,10.0,False
"Punjabi Bagh, Delhi - DPCC/AQI Hourly/aqi_hourly_station_level_punjabi_bagh,_delhi_-_dpcc_2025_June_delhi_2025.xlsx",Sheet1,"Punjabi Bagh, Delhi - DPCC",AQI Hourly,16:00:00,float,unknown,187.0 | 127.0 | 190.0,30,3,10.0,False
"Punjabi Bagh, Delhi - DPCC/AQI Hourly/aqi_hourly_station_level_punjabi_bagh,_delhi_-_dpcc_2025_June_delhi_2025.xlsx",Sheet1,"Punjabi Bagh, Delhi - DPCC",AQI Hourly,17:00:00,float,unknown,194.0 | 117.0 | 157.0,30,3,10.0,False
"Punjabi Bagh, Delhi - DPCC/AQI Hourly/aqi_hourly_station_level_punjabi_bagh,_delhi_-_dpcc_2025_June_delhi_2025.xlsx",Sheet1,"Punjabi Bagh, Delhi - DPCC",AQI Hourly,18:00:00,float,unknown,193.0 | 104.0 | 193.0,30,6,20.0,False
"Punjabi Bagh, Delhi - DPCC/AQI Hourly/aqi_hourly_station_level_punjabi_bagh,_delhi_-_dpcc_2025_June_delhi_2025.xlsx",Sheet1,"Punjabi Bagh, Delhi - DPCC",AQI Hourly,19:00:00,float,unknown,196.0 | 107.0 | 191.0,30,4,13.33,False
"Punjabi Bagh, Delhi - DPCC/AQI Hourly/aqi_hourly_station_level_punjabi_bagh,_delhi_-_dpcc_2025_June_delhi_2025.xlsx",Sheet1,"Punjabi Bagh, Delhi - DPCC",AQI Hourly,20:00:00,float,unknown,192.0 | 109.0 | 189.0,30,4,13.33,False
"Punjabi Bagh, Delhi - DPCC/AQI Hourly/aqi_hourly_station_level_punjabi_bagh,_delhi_-_dpcc_2025_June_delhi_2025.xlsx",Sheet1,"Punjabi Bagh, Delhi - DPCC",AQI Hourly,21:00:00,float,unknown,189.0 | 111.0 | 175.0,30,3,10.0,False
"Punjabi Bagh, Delhi - DPCC/AQI Hourly/aqi_hourly_station_level_punjabi_bagh,_delhi_-_dpcc_2025_June_delhi_2025.xlsx",Sheet1,"Punjabi Bagh, Delhi - DPCC",AQI Hourly,22:00:00,float,unknown,184.0 | 111.0 | 140.0,30,3,10.0,False
"Punjabi Bagh, Delhi - DPCC/AQI Hourly/aqi_hourly_station_level_punjabi_bagh,_delhi_-_dpcc_2025_June_delhi_2025.xlsx",Sheet1,"Punjabi Bagh, Delhi - DPCC",AQI Hourly,23:00:00,float,unknown,181.0 | 111.0 | 122.0,30,3,10.0,False
"Punjabi Bagh, Delhi - DPCC/AQI Hourly/aqi_hourly_station_level_punjabi_bagh,_delhi_-_dpcc_2025_March_delhi_2025.xlsx",Sheet1,"Punjabi Bagh, Delhi - DPCC",AQI Hourly,Date,int,timestamp,1 | 2 | 3,31,0,0.0,False
"Punjabi Bagh, Delhi - DPCC/AQI Hourly/aqi_hourly_station_level_punjabi_bagh,_delhi_-_dpcc_2025_March_delhi_2025.xlsx",Sheet1,"Punjabi Bagh, Delhi - DPCC",AQI Hourly,00:00:00,int,unknown,121 | 140 | 105,31,0,0.0,False
"Punjabi Bagh, Delhi - DPCC/AQI Hourly/aqi_hourly_station_level_punjabi_bagh,_delhi_-_dpcc_2025_March_delhi_2025.xlsx",Sheet1,"Punjabi Bagh, Delhi - DPCC",AQI Hourly,01:00:00,int,unknown,120 | 143 | 105,31,0,0.0,False
"Punjabi Bagh, Delhi - DPCC/AQI Hourly/aqi_hourly_station_level_punjabi_bagh,_delhi_-_dpcc_2025_March_delhi_2025.xlsx",Sheet1,"Punjabi Bagh, Delhi - DPCC",AQI Hourly,02:00:00,int,unknown,120 | 146 | 105,31,0,0.0,False
"Punjabi Bagh, Delhi - DPCC/AQI Hourly/aqi_hourly_station_level_punjabi_bagh,_delhi_-_dpcc_2025_March_delhi_2025.xlsx",Sheet1,"Punjabi Bagh, Delhi - DPCC",AQI Hourly,03:00:00,float,unknown,120.0 | 149.0 | 105.0,31,1,3.23,False
"Punjabi Bagh, Delhi - DPCC/AQI Hourly/aqi_hourly_station_level_punjabi_bagh,_delhi_-_dpcc_2025_March_delhi_2025.xlsx",Sheet1,"Punjabi Bagh, Delhi - DPCC",AQI Hourly,04:00:00,float,unknown,122.0 | 148.0 | 104.0,31,1,3.23,False
"Punjabi Bagh, Delhi - DPCC/AQI Hourly/aqi_hourly_station_level_punjabi_bagh,_delhi_-_dpcc_2025_March_delhi_2025.xlsx",Sheet1,"Punjabi Bagh, Delhi - DPCC",AQI Hourly,05:00:00,float,unknown,124.0 | 145.0 | 104.0,31,1,3.23,False
"Punjabi Bagh, Delhi - DPCC/AQI Hourly/aqi_hourly_station_level_punjabi_bagh,_delhi_-_dpcc_2025_March_delhi_2025.xlsx",Sheet1,"Punjabi Bagh, Delhi - DPCC",AQI Hourly,06:00:00,int,unknown,125 | 145 | 103,31,0,0.0,False
"Punjabi Bagh, Delhi - DPCC/AQI Hourly/aqi_hourly_station_level_punjabi_bagh,_delhi_-_dpcc_2025_March_delhi_2025.xlsx",Sheet1,"Punjabi Bagh, Delhi - DPCC",AQI Hourly,07:00:00,int,unknown,124 | 144 | 103,31,0,0.0,False
"Punjabi Bagh, Delhi - DPCC/AQI Hourly/aqi_hourly_station_level_punjabi_bagh,_delhi_-_dpcc_2025_March_delhi_2025.xlsx",Sheet1,"Punjabi Bagh, Delhi - DPCC",AQI Hourly,08:00:00,int,unknown,123 | 144 | 103,31,0,0.0,False
"Punjabi Bagh, Delhi - DPCC/AQI Hourly/aqi_hourly_station_level_punjabi_bagh,_delhi_-_dpcc_2025_March_delhi_2025.xlsx",Sheet1,"Punjabi Bagh, Delhi - DPCC",AQI Hourly,09:00:00,int,unknown,120 | 144 | 105,31,0,0.0,False
"Punjabi Bagh, Delhi - DPCC/AQI Hourly/aqi_hourly_station_level_punjabi_bagh,_delhi_-_dpcc_2025_March_delhi_2025.xlsx",Sheet1,"Punjabi Bagh, Delhi - DPCC",AQI Hourly,10:00:00,int,unknown,120 | 144 | 110,31,0,0.0,False
"Punjabi Bagh, Delhi - DPCC/AQI Hourly/aqi_hourly_station_level_punjabi_bagh,_delhi_-_dpcc_2025_March_delhi_2025.xlsx",Sheet1,"Punjabi Bagh, Delhi - DPCC",AQI Hourly,11:00:00,float,unknown,120.0 | 144.0 | 113.0,31,1,3.23,False
"Punjabi Bagh, Delhi - DPCC/AQI Hourly/aqi_hourly_station_level_punjabi_bagh,_delhi_-_dpcc_2025_March_delhi_2025.xlsx",Sheet1,"Punjabi Bagh, Delhi - DPCC",AQI Hourly,12:00:00,int,unknown,124 | 141 | 118,31,0,0.0,False
"Punjabi Bagh, Delhi - DPCC/AQI Hourly/aqi_hourly_station_level_punjabi_bagh,_delhi_-_dpcc_2025_March_delhi_2025.xlsx",Sheet1,"Punjabi Bagh, Delhi - DPCC",AQI Hourly,13:00:00,int,unknown,126 | 136 | 121,31,0,0.0,False
"Punjabi Bagh, Delhi - DPCC/AQI Hourly/aqi_hourly_station_level_punjabi_bagh,_delhi_-_dpcc_2025_March_delhi_2025.xlsx",Sheet1,"Punjabi Bagh, Delhi - DPCC",AQI Hourly,14:00:00,int,unknown,130 | 131 | 124,31,0,0.0,False
"Punjabi Bagh, Delhi - DPCC/AQI Hourly/aqi_hourly_station_level_punjabi_bagh,_delhi_-_dpcc_2025_March_delhi_2025.xlsx",Sheet1,"Punjabi Bagh, Delhi - DPCC",AQI Hourly,15:00:00,float,unknown,132.0 | 126.0 | 125.0,31,1,3.23,False
"Punjabi Bagh, Delhi - DPCC/AQI Hourly/aqi_hourly_station_level_punjabi_bagh,_delhi_-_dpcc_2025_March_delhi_2025.xlsx",Sheet1,"Punjabi Bagh, Delhi - DPCC",AQI Hourly,16:00:00,int,unknown,135 | 121 | 127,31,0,0.0,False
"Punjabi Bagh, Delhi - DPCC/AQI Hourly/aqi_hourly_station_level_punjabi_bagh,_delhi_-_dpcc_2025_March_delhi_2025.xlsx",Sheet1,"Punjabi Bagh, Delhi - DPCC",AQI Hourly,17:00:00,int,unknown,137 | 121 | 130,31,0,0.0,False
"Punjabi Bagh, Delhi - DPCC/AQI Hourly/aqi_hourly_station_level_punjabi_bagh,_delhi_-_dpcc_2025_March_delhi_2025.xlsx",Sheet1,"Punjabi Bagh, Delhi - DPCC",AQI Hourly,18:00:00,int,unknown,138 | 117 | 133,31,0,0.0,False
"Punjabi Bagh, Delhi - DPCC/AQI Hourly/aqi_hourly_station_level_punjabi_bagh,_delhi_-_dpcc_2025_March_delhi_2025.xlsx",Sheet1,"Punjabi Bagh, Delhi - DPCC",AQI Hourly,19:00:00,int,unknown,137 | 110 | 135,31,0,0.0,False
"Punjabi Bagh, Delhi - DPCC/AQI Hourly/aqi_hourly_station_level_punjabi_bagh,_delhi_-_dpcc_2025_March_delhi_2025.xlsx",Sheet1,"Punjabi Bagh, Delhi - DPCC",AQI Hourly,20:00:00,int,unknown,136 | 108 | 138,31,0,0.0,False
"Punjabi Bagh, Delhi - DPCC/AQI Hourly/aqi_hourly_station_level_punjabi_bagh,_delhi_-_dpcc_2025_March_delhi_2025.xlsx",Sheet1,"Punjabi Bagh, Delhi - DPCC",AQI Hourly,21:00:00,int,unknown,136 | 106 | 140,31,0,0.0,False
"Punjabi Bagh, Delhi - DPCC/AQI Hourly/aqi_hourly_station_level_punjabi_bagh,_delhi_-_dpcc_2025_March_delhi_2025.xlsx",Sheet1,"Punjabi Bagh, Delhi - DPCC",AQI Hourly,22:00:00,float,unknown,136.0 | 106.0 | 141.0,31,1,3.23,False
"Punjabi Bagh, Delhi - DPCC/AQI Hourly/aqi_hourly_station_level_punjabi_bagh,_delhi_-_dpcc_2025_March_delhi_2025.xlsx",Sheet1,"Punjabi Bagh, Delhi - DPCC",AQI Hourly,23:00:00,float,unknown,137.0 | 105.0 | 142.0,31,1,3.23,False
"Punjabi Bagh, Delhi - DPCC/AQI Hourly/aqi_hourly_station_level_punjabi_bagh,_delhi_-_dpcc_2025_May_delhi_2025.xlsx",Sheet1,"Punjabi Bagh, Delhi - DPCC",AQI Hourly,Date,int,timestamp,1 | 2 | 3,28,0,0.0,False
"Punjabi Bagh, Delhi - DPCC/AQI Hourly/aqi_hourly_station_level_punjabi_bagh,_delhi_-_dpcc_2025_May_delhi_2025.xlsx",Sheet1,"Punjabi Bagh, Delhi - DPCC",AQI Hourly,00:00:00,float,unknown,151.0 | 147.0 | 105.0,28,3,10.71,False
"Punjabi Bagh, Delhi - DPCC/AQI Hourly/aqi_hourly_station_level_punjabi_bagh,_delhi_-_dpcc_2025_May_delhi_2025.xlsx",Sheet1,"Punjabi Bagh, Delhi - DPCC",AQI Hourly,01:00:00,float,unknown,150.0 | 147.0 | 108.0,28,3,10.71,False
"Punjabi Bagh, Delhi - DPCC/AQI Hourly/aqi_hourly_station_level_punjabi_bagh,_delhi_-_dpcc_2025_May_delhi_2025.xlsx",Sheet1,"Punjabi Bagh, Delhi - DPCC",AQI Hourly,02:00:00,float,unknown,149.0 | 147.0 | 113.0,28,1,3.57,False
"Punjabi Bagh, Delhi - DPCC/AQI Hourly/aqi_hourly_station_level_punjabi_bagh,_delhi_-_dpcc_2025_May_delhi_2025.xlsx",Sheet1,"Punjabi Bagh, Delhi - DPCC",AQI Hourly,03:00:00,float,unknown,148.0 | 148.0 | 118.0,28,2,7.14,False
"Punjabi Bagh, Delhi - DPCC/AQI Hourly/aqi_hourly_station_level_punjabi_bagh,_delhi_-_dpcc_2025_May_delhi_2025.xlsx",Sheet1,"Punjabi Bagh, Delhi - DPCC",AQI Hourly,04:00:00,float,unknown,147.0 | 159.0 | 109.0,28,1,3.57,False
"Punjabi Bagh, Delhi - DPCC/AQI Hourly/aqi_hourly_station_level_punjabi_bagh,_delhi_-_dpcc_2025_May_delhi_2025.xlsx",Sheet1,"Punjabi Bagh, Delhi - DPCC",AQI Hourly,05:00:00,float,unknown,147.0 | 160.0 | 108.0,28,1,3.57,False
"Punjabi Bagh, Delhi - DPCC/AQI Hourly/aqi_hourly_station_level_punjabi_bagh,_delhi_-_dpcc_2025_May_delhi_2025.xlsx",Sheet1,"Punjabi Bagh, Delhi - DPCC",AQI Hourly,06:00:00,float,unknown,147.0 | 159.0 | 112.0,28,1,3.57,False
"Punjabi Bagh, Delhi - DPCC/AQI Hourly/aqi_hourly_station_level_punjabi_bagh,_delhi_-_dpcc_2025_May_delhi_2025.xlsx",Sheet1,"Punjabi Bagh, Delhi - DPCC",AQI Hourly,07:00:00,float,unknown,147.0 | 154.0 | 119.0,28,1,3.57,False
"Punjabi Bagh, Delhi - DPCC/AQI Hourly/aqi_hourly_station_level_punjabi_bagh,_delhi_-_dpcc_2025_May_delhi_2025.xlsx",Sheet1,"Punjabi Bagh, Delhi - DPCC",AQI Hourly,08:00:00,float,unknown,147.0 | 148.0 | 127.0,28,1,3.57,False
"Punjabi Bagh, Delhi - DPCC/AQI Hourly/aqi_hourly_station_level_punjabi_bagh,_delhi_-_dpcc_2025_May_delhi_2025.xlsx",Sheet1,"Punjabi Bagh, Delhi - DPCC",AQI Hourly,09:00:00,float,unknown,145.0 | 143.0 | 136.0,28,1,3.57,False
"Punjabi Bagh, Delhi - DPCC/AQI Hourly/aqi_hourly_station_level_punjabi_bagh,_delhi_-_dpcc_2025_May_delhi_2025.xlsx",Sheet1,"Punjabi Bagh, Delhi - DPCC",AQI Hourly,10:00:00,float,unknown,143.0 | 143.0 | 140.0,28,2,7.14,False
"Punjabi Bagh, Delhi - DPCC/AQI Hourly/aqi_hourly_station_level_punjabi_bagh,_delhi_-_dpcc_2025_May_delhi_2025.xlsx",Sheet1,"Punjabi Bagh, Delhi - DPCC",AQI Hourly,11:00:00,float,unknown,311.0 | 137.0 | 147.0,28,1,3.57,False
"Punjabi Bagh, Delhi - DPCC/AQI Hourly/aqi_hourly_station_level_punjabi_bagh,_delhi_-_dpcc_2025_May_delhi_2025.xlsx",Sheet1,"Punjabi Bagh, Delhi - DPCC",AQI Hourly,12:00:00,float,unknown,319.0 | 132.0 | 151.0,28,1,3.57,False
"Punjabi Bagh, Delhi - DPCC/AQI Hourly/aqi_hourly_station_level_punjabi_bagh,_delhi_-_dpcc_2025_May_delhi_2025.xlsx",Sheet1,"Punjabi Bagh, Delhi - DPCC",AQI Hourly,13:00:00,float,unknown,319.0 | 126.0 | 169.0,28,1,3.57,False
"Punjabi Bagh, Delhi - DPCC/AQI Hourly/aqi_hourly_station_level_punjabi_bagh,_delhi_-_dpcc_2025_May_delhi_2025.xlsx",Sheet1,"Punjabi Bagh, Delhi - DPCC",AQI Hourly,14:00:00,float,unknown,239.0 | 123.0 | 158.0,28,1,3.57,False
"Punjabi Bagh, Delhi - DPCC/AQI Hourly/aqi_hourly_station_level_punjabi_bagh,_delhi_-_dpcc_2025_May_delhi_2025.xlsx",Sheet1,"Punjabi Bagh, Delhi - DPCC",AQI Hourly,15:00:00,float,unknown,245.0 | 120.0 | 158.0,28,1,3.57,False
"Punjabi Bagh, Delhi - DPCC/AQI Hourly/aqi_hourly_station_level_punjabi_bagh,_delhi_-_dpcc_2025_May_delhi_2025.xlsx",Sheet1,"Punjabi Bagh, Delhi - DPCC",AQI Hourly,16:00:00,float,unknown,190.0 | 118.0 | 157.0,28,1,3.57,False
"Punjabi Bagh, Delhi - DPCC/AQI Hourly/aqi_hourly_station_level_punjabi_bagh,_delhi_-_dpcc_2025_May_delhi_2025.xlsx",Sheet1,"Punjabi Bagh, Delhi - DPCC",AQI Hourly,17:00:00,float,unknown,150.0 | 117.0 | 210.0,28,2,7.14,False
"Punjabi Bagh, Delhi - DPCC/AQI Hourly/aqi_hourly_station_level_punjabi_bagh,_delhi_-_dpcc_2025_May_delhi_2025.xlsx",Sheet1,"Punjabi Bagh, Delhi - DPCC",AQI Hourly,18:00:00,float,unknown,174.0 | 115.0 | 158.0,28,3,10.71,False
"Punjabi Bagh, Delhi - DPCC/AQI Hourly/aqi_hourly_station_level_punjabi_bagh,_delhi_-_dpcc_2025_May_delhi_2025.xlsx",Sheet1,"Punjabi Bagh, Delhi - DPCC",AQI Hourly,19:00:00,float,unknown,166.0 | 112.0 | 159.0,28,1,3.57,False
"Punjabi Bagh, Delhi - DPCC/AQI Hourly/aqi_hourly_station_level_punjabi_bagh,_delhi_-_dpcc_2025_May_delhi_2025.xlsx",Sheet1,"Punjabi Bagh, Delhi - DPCC",AQI Hourly,20:00:00,float,unknown,147.0 | 109.0 | 162.0,28,2,7.14,False
"Punjabi Bagh, Delhi - DPCC/AQI Hourly/aqi_hourly_station_level_punjabi_bagh,_delhi_-_dpcc_2025_May_delhi_2025.xlsx",Sheet1,"Punjabi Bagh, Delhi - DPCC",AQI Hourly,21:00:00,float,unknown,148.0 | 105.0 | 168.0,28,3,10.71,False
"Punjabi Bagh, Delhi - DPCC/AQI Hourly/aqi_hourly_station_level_punjabi_bagh,_delhi_-_dpcc_2025_May_delhi_2025.xlsx",Sheet1,"Punjabi Bagh, Delhi - DPCC",AQI Hourly,22:00:00,float,unknown,148.0 | 103.0 | 170.0,28,3,10.71,False
"Punjabi Bagh, Delhi - DPCC/AQI Hourly/aqi_hourly_station_level_punjabi_bagh,_delhi_-_dpcc_2025_May_delhi_2025.xlsx",Sheet1,"Punjabi Bagh, Delhi - DPCC",AQI Hourly,23:00:00,float,unknown,147.0 | 104.0 | 174.0,28,3,10.71,False
"Punjabi Bagh, Delhi - DPCC/AQI Hourly/aqi_hourly_station_level_punjabi_bagh,_delhi_-_dpcc_2025_November_delhi_2025.xlsx",Sheet1,"Punjabi Bagh, Delhi - DPCC",AQI Hourly,Date,int,timestamp,1 | 2 | 3,30,0,0.0,False
"Punjabi Bagh, Delhi - DPCC/AQI Hourly/aqi_hourly_station_level_punjabi_bagh,_delhi_-_dpcc_2025_November_delhi_2025.xlsx",Sheet1,"Punjabi Bagh, Delhi - DPCC",AQI Hourly,00:00:00,float,unknown,233.0 | 383.0 | 363.0,30,1,3.33,False
"Punjabi Bagh, Delhi - DPCC/AQI Hourly/aqi_hourly_station_level_punjabi_bagh,_delhi_-_dpcc_2025_November_delhi_2025.xlsx",Sheet1,"Punjabi Bagh, Delhi - DPCC",AQI Hourly,01:00:00,int,unknown,240 | 385 | 362,30,0,0.0,False
"Punjabi Bagh, Delhi - DPCC/AQI Hourly/aqi_hourly_station_level_punjabi_bagh,_delhi_-_dpcc_2025_November_delhi_2025.xlsx",Sheet1,"Punjabi Bagh, Delhi - DPCC",AQI Hourly,02:00:00,float,unknown,244.0 | 388.0 | 360.0,30,1,3.33,False
"Punjabi Bagh, Delhi - DPCC/AQI Hourly/aqi_hourly_station_level_punjabi_bagh,_delhi_-_dpcc_2025_November_delhi_2025.xlsx",Sheet1,"Punjabi Bagh, Delhi - DPCC",AQI Hourly,03:00:00,int,unknown,244 | 390 | 360,30,0,0.0,False
"Punjabi Bagh, Delhi - DPCC/AQI Hourly/aqi_hourly_station_level_punjabi_bagh,_delhi_-_dpcc_2025_November_delhi_2025.xlsx",Sheet1,"Punjabi Bagh, Delhi - DPCC",AQI Hourly,04:00:00,int,unknown,247 | 391 | 361,30,0,0.0,False
"Punjabi Bagh, Delhi - DPCC/AQI Hourly/aqi_hourly_station_level_punjabi_bagh,_delhi_-_dpcc_2025_November_delhi_2025.xlsx",Sheet1,"Punjabi Bagh, Delhi - DPCC",AQI Hourly,05:00:00,int,unknown,251 | 394 | 360,30,0,0.0,False
"Punjabi Bagh, Delhi - DPCC/AQI Hourly/aqi_hourly_station_level_punjabi_bagh,_delhi_-_dpcc_2025_November_delhi_2025.xlsx",Sheet1,"Punjabi Bagh, Delhi - DPCC",AQI Hourly,06:00:00,float,unknown,256.0 | 398.0 | 357.0,30,1,3.33,False
"Punjabi Bagh, Delhi - DPCC/AQI Hourly/aqi_hourly_station_level_punjabi_bagh,_delhi_-_dpcc_2025_November_delhi_2025.xlsx",Sheet1,"Punjabi Bagh, Delhi - DPCC",AQI Hourly,07:00:00,int,unknown,262 | 403 | 353,30,0,0.0,False
"Punjabi Bagh, Delhi - DPCC/AQI Hourly/aqi_hourly_station_level_punjabi_bagh,_delhi_-_dpcc_2025_November_delhi_2025.xlsx",Sheet1,"Punjabi Bagh, Delhi - DPCC",AQI Hourly,08:00:00,int,unknown,265 | 407 | 349,30,0,0.0,False
"Punjabi Bagh, Delhi - DPCC/AQI Hourly/aqi_hourly_station_level_punjabi_bagh,_delhi_-_dpcc_2025_November_delhi_2025.xlsx",Sheet1,"Punjabi Bagh, Delhi - DPCC",AQI Hourly,09:00:00,int,unknown,273 | 410 | 344,30,0,0.0,False
"Punjabi Bagh, Delhi - DPCC/AQI Hourly/aqi_hourly_station_level_punjabi_bagh,_delhi_-_dpcc_2025_November_delhi_2025.xlsx",Sheet1,"Punjabi Bagh, Delhi - DPCC",AQI Hourly,10:00:00,int,unknown,279 | 410 | 341,30,0,0.0,False
"Punjabi Bagh, Delhi - DPCC/AQI Hourly/aqi_hourly_station_level_punjabi_bagh,_delhi_-_dpcc_2025_November_delhi_2025.xlsx",Sheet1,"Punjabi Bagh, Delhi - DPCC",AQI Hourly,11:00:00,int,unknown,289 | 410 | 336,30,0,0.0,False
"Punjabi Bagh, Delhi - DPCC/AQI Hourly/aqi_hourly_station_level_punjabi_bagh,_delhi_-_dpcc_2025_November_delhi_2025.xlsx",Sheet1,"Punjabi Bagh, Delhi - DPCC",AQI Hourly,12:00:00,int,unknown,299 | 407 | 333,30,0,0.0,False
"Punjabi Bagh, Delhi - DPCC/AQI Hourly/aqi_hourly_station_level_punjabi_bagh,_delhi_-_dpcc_2025_November_delhi_2025.xlsx",Sheet1,"Punjabi Bagh, Delhi - DPCC",AQI Hourly,13:00:00,int,unknown,308 | 407 | 333,30,0,0.0,False
"Punjabi Bagh, Delhi - DPCC/AQI Hourly/aqi_hourly_station_level_punjabi_bagh,_delhi_-_dpcc_2025_November_delhi_2025.xlsx",Sheet1,"Punjabi Bagh, Delhi - DPCC",AQI Hourly,14:00:00,int,unknown,315 | 404 | 337,30,0,0.0,False
"Punjabi Bagh, Delhi - DPCC/AQI Hourly/aqi_hourly_station_level_punjabi_bagh,_delhi_-_dpcc_2025_November_delhi_2025.xlsx",Sheet1,"Punjabi Bagh, Delhi - DPCC",AQI Hourly,15:00:00,int,unknown,323 | 400 | 342,30,0,0.0,False
"Punjabi Bagh, Delhi - DPCC/AQI Hourly/aqi_hourly_station_level_punjabi_bagh,_delhi_-_dpcc_2025_November_delhi_2025.xlsx",Sheet1,"Punjabi Bagh, Delhi - DPCC",AQI Hourly,16:00:00,int,unknown,331 | 392 | 347,30,0,0.0,False
"Punjabi Bagh, Delhi - DPCC/AQI Hourly/aqi_hourly_station_level_punjabi_bagh,_delhi_-_dpcc_2025_November_delhi_2025.xlsx",Sheet1,"Punjabi Bagh, Delhi - DPCC",AQI Hourly,17:00:00,int,unknown,341 | 385 | 351,30,0,0.0,False
"Punjabi Bagh, Delhi - DPCC/AQI Hourly/aqi_hourly_station_level_punjabi_bagh,_delhi_-_dpcc_2025_November_delhi_2025.xlsx",Sheet1,"Punjabi Bagh, Delhi - DPCC",AQI Hourly,18:00:00,int,unknown,350 | 382 | 353,30,0,0.0,False
"Punjabi Bagh, Delhi - DPCC/AQI Hourly/aqi_hourly_station_level_punjabi_bagh,_delhi_-_dpcc_2025_November_delhi_2025.xlsx",Sheet1,"Punjabi Bagh, Delhi - DPCC",AQI Hourly,19:00:00,int,unknown,361 | 376 | 356,30,0,0.0,False
"Punjabi Bagh, Delhi - DPCC/AQI Hourly/aqi_hourly_station_level_punjabi_bagh,_delhi_-_dpcc_2025_November_delhi_2025.xlsx",Sheet1,"Punjabi Bagh, Delhi - DPCC",AQI Hourly,20:00:00,int,unknown,369 | 370 | 357,30,0,0.0,False
"Punjabi Bagh, Delhi - DPCC/AQI Hourly/aqi_hourly_station_level_punjabi_bagh,_delhi_-_dpcc_2025_November_delhi_2025.xlsx",Sheet1,"Punjabi Bagh, Delhi - DPCC",AQI Hourly,21:00:00,int,unknown,375 | 366 | 357,30,0,0.0,False
"Punjabi Bagh, Delhi - DPCC/AQI Hourly/aqi_hourly_station_level_punjabi_bagh,_delhi_-_dpcc_2025_November_delhi_2025.xlsx",Sheet1,"Punjabi Bagh, Delhi - DPCC",AQI Hourly,22:00:00,int,unknown,378 | 365 | 357,30,0,0.0,False
"Punjabi Bagh, Delhi - DPCC/AQI Hourly/aqi_hourly_station_level_punjabi_bagh,_delhi_-_dpcc_2025_November_delhi_2025.xlsx",Sheet1,"Punjabi Bagh, Delhi - DPCC",AQI Hourly,23:00:00,int,unknown,380 | 364 | 359,30,0,0.0,False
"Punjabi Bagh, Delhi - DPCC/AQI Hourly/aqi_hourly_station_level_punjabi_bagh,_delhi_-_dpcc_2025_October_delhi_2025.xlsx",Sheet1,"Punjabi Bagh, Delhi - DPCC",AQI Hourly,Date,int,timestamp,1 | 2 | 3,31,0,0.0,False
"Punjabi Bagh, Delhi - DPCC/AQI Hourly/aqi_hourly_station_level_punjabi_bagh,_delhi_-_dpcc_2025_October_delhi_2025.xlsx",Sheet1,"Punjabi Bagh, Delhi - DPCC",AQI Hourly,00:00:00,float,unknown,92.0 | 108.0 | 104.0,31,6,19.35,False
"Punjabi Bagh, Delhi - DPCC/AQI Hourly/aqi_hourly_station_level_punjabi_bagh,_delhi_-_dpcc_2025_October_delhi_2025.xlsx",Sheet1,"Punjabi Bagh, Delhi - DPCC",AQI Hourly,01:00:00,float,unknown,88.0 | 111.0 | 104.0,31,5,16.13,False
"Punjabi Bagh, Delhi - DPCC/AQI Hourly/aqi_hourly_station_level_punjabi_bagh,_delhi_-_dpcc_2025_October_delhi_2025.xlsx",Sheet1,"Punjabi Bagh, Delhi - DPCC",AQI Hourly,02:00:00,float,unknown,84.0 | 114.0 | 102.0,31,5,16.13,False
"Punjabi Bagh, Delhi - DPCC/AQI Hourly/aqi_hourly_station_level_punjabi_bagh,_delhi_-_dpcc_2025_October_delhi_2025.xlsx",Sheet1,"Punjabi Bagh, Delhi - DPCC",AQI Hourly,03:00:00,float,unknown,80.0 | 117.0 | 101.0,31,5,16.13,False
"Punjabi Bagh, Delhi - DPCC/AQI Hourly/aqi_hourly_station_level_punjabi_bagh,_delhi_-_dpcc_2025_October_delhi_2025.xlsx",Sheet1,"Punjabi Bagh, Delhi - DPCC",AQI Hourly,04:00:00,float,unknown,78.0 | 120.0 | 100.0,31,6,19.35,False
"Punjabi Bagh, Delhi - DPCC/AQI Hourly/aqi_hourly_station_level_punjabi_bagh,_delhi_-_dpcc_2025_October_delhi_2025.xlsx",Sheet1,"Punjabi Bagh, Delhi - DPCC",AQI Hourly,05:00:00,float,unknown,76.0 | 121.0 | 101.0,31,5,16.13,False
"Punjabi Bagh, Delhi - DPCC/AQI Hourly/aqi_hourly_station_level_punjabi_bagh,_delhi_-_dpcc_2025_October_delhi_2025.xlsx",Sheet1,"Punjabi Bagh, Delhi - DPCC",AQI Hourly,06:00:00,float,unknown,76.0 | 120.0 | 101.0,31,5,16.13,False
"Punjabi Bagh, Delhi - DPCC/AQI Hourly/aqi_hourly_station_level_punjabi_bagh,_delhi_-_dpcc_2025_October_delhi_2025.xlsx",Sheet1,"Punjabi Bagh, Delhi - DPCC",AQI Hourly,07:00:00,float,unknown,75.0 | 120.0 | 101.0,31,5,16.13,False
"Punjabi Bagh, Delhi - DPCC/AQI Hourly/aqi_hourly_station_level_punjabi_bagh,_delhi_-_dpcc_2025_October_delhi_2025.xlsx",Sheet1,"Punjabi Bagh, Delhi - DPCC",AQI Hourly,08:00:00,float,unknown,75.0 | 120.0 | 101.0,31,4,12.9,False
"Punjabi Bagh, Delhi - DPCC/AQI Hourly/aqi_hourly_station_level_punjabi_bagh,_delhi_-_dpcc_2025_October_delhi_2025.xlsx",Sheet1,"Punjabi Bagh, Delhi - DPCC",AQI Hourly,09:00:00,float,unknown,74.0 | 121.0 | 99.0,31,4,12.9,False
"Punjabi Bagh, Delhi - DPCC/AQI Hourly/aqi_hourly_station_level_punjabi_bagh,_delhi_-_dpcc_2025_October_delhi_2025.xlsx",Sheet1,"Punjabi Bagh, Delhi - DPCC",AQI Hourly,10:00:00,float,unknown,74.0 | 122.0 | 98.0,31,4,12.9,False
"Punjabi Bagh, Delhi - DPCC/AQI Hourly/aqi_hourly_station_level_punjabi_bagh,_delhi_-_dpcc_2025_October_delhi_2025.xlsx",Sheet1,"Punjabi Bagh, Delhi - DPCC",AQI Hourly,11:00:00,float,unknown,75.0 | 121.0 | 97.0,31,4,12.9,False
"Punjabi Bagh, Delhi - DPCC/AQI Hourly/aqi_hourly_station_level_punjabi_bagh,_delhi_-_dpcc_2025_October_delhi_2025.xlsx",Sheet1,"Punjabi Bagh, Delhi - DPCC",AQI Hourly,12:00:00,float,unknown,75.0 | 121.0 | 97.0,31,4,12.9,False
"Punjabi Bagh, Delhi - DPCC/AQI Hourly/aqi_hourly_station_level_punjabi_bagh,_delhi_-_dpcc_2025_October_delhi_2025.xlsx",Sheet1,"Punjabi Bagh, Delhi - DPCC",AQI Hourly,13:00:00,float,unknown,75.0 | 122.0 | 96.0,31,4,12.9,False
"Punjabi Bagh, Delhi - DPCC/AQI Hourly/aqi_hourly_station_level_punjabi_bagh,_delhi_-_dpcc_2025_October_delhi_2025.xlsx",Sheet1,"Punjabi Bagh, Delhi - DPCC",AQI Hourly,14:00:00,float,unknown,78.0 | 125.0 | 94.0,31,4,12.9,False
"Punjabi Bagh, Delhi - DPCC/AQI Hourly/aqi_hourly_station_level_punjabi_bagh,_delhi_-_dpcc_2025_October_delhi_2025.xlsx",Sheet1,"Punjabi Bagh, Delhi - DPCC",AQI Hourly,15:00:00,float,unknown,81.0 | 125.0 | 93.0,31,4,12.9,False
"Punjabi Bagh, Delhi - DPCC/AQI Hourly/aqi_hourly_station_level_punjabi_bagh,_delhi_-_dpcc_2025_October_delhi_2025.xlsx",Sheet1,"Punjabi Bagh, Delhi - DPCC",AQI Hourly,16:00:00,float,unknown,85.0 | 126.0 | 92.0,31,4,12.9,False
"Punjabi Bagh, Delhi - DPCC/AQI Hourly/aqi_hourly_station_level_punjabi_bagh,_delhi_-_dpcc_2025_October_delhi_2025.xlsx",Sheet1,"Punjabi Bagh, Delhi - DPCC",AQI Hourly,17:00:00,float,unknown,87.0 | 124.0 | 93.0,31,5,16.13,False
"Punjabi Bagh, Delhi - DPCC/AQI Hourly/aqi_hourly_station_level_punjabi_bagh,_delhi_-_dpcc_2025_October_delhi_2025.xlsx",Sheet1,"Punjabi Bagh, Delhi - DPCC",AQI Hourly,18:00:00,float,unknown,89.0 | 122.0 | 95.0,31,5,16.13,False
"Punjabi Bagh, Delhi - DPCC/AQI Hourly/aqi_hourly_station_level_punjabi_bagh,_delhi_-_dpcc_2025_October_delhi_2025.xlsx",Sheet1,"Punjabi Bagh, Delhi - DPCC",AQI Hourly,19:00:00,float,unknown,92.0 | 119.0 | 95.0,31,5,16.13,False
"Punjabi Bagh, Delhi - DPCC/AQI Hourly/aqi_hourly_station_level_punjabi_bagh,_delhi_-_dpcc_2025_October_delhi_2025.xlsx",Sheet1,"Punjabi Bagh, Delhi - DPCC",AQI Hourly,20:00:00,float,unknown,94.0 | 114.0 | 98.0,31,4,12.9,False
"Punjabi Bagh, Delhi - DPCC/AQI Hourly/aqi_hourly_station_level_punjabi_bagh,_delhi_-_dpcc_2025_October_delhi_2025.xlsx",Sheet1,"Punjabi Bagh, Delhi - DPCC",AQI Hourly,21:00:00,float,unknown,97.0 | 109.0 | 103.0,31,4,12.9,False
"Punjabi Bagh, Delhi - DPCC/AQI Hourly/aqi_hourly_station_level_punjabi_bagh,_delhi_-_dpcc_2025_October_delhi_2025.xlsx",Sheet1,"Punjabi Bagh, Delhi - DPCC",AQI Hourly,22:00:00,float,unknown,100.0 | 106.0 | 107.0,31,6,19.35,False
"Punjabi Bagh, Delhi - DPCC/AQI Hourly/aqi_hourly_station_level_punjabi_bagh,_delhi_-_dpcc_2025_October_delhi_2025.xlsx",Sheet1,"Punjabi Bagh, Delhi - DPCC",AQI Hourly,23:00:00,float,unknown,103.0 | 105.0 | 109.0,31,6,19.35,False
"Punjabi Bagh, Delhi - DPCC/AQI Hourly/aqi_hourly_station_level_punjabi_bagh,_delhi_-_dpcc_2025_September_delhi_2025.xlsx",Sheet1,"Punjabi Bagh, Delhi - DPCC",AQI Hourly,Date,int,timestamp,1 | 2 | 3,30,0,0.0,False
"Punjabi Bagh, Delhi - DPCC/AQI Hourly/aqi_hourly_station_level_punjabi_bagh,_delhi_-_dpcc_2025_September_delhi_2025.xlsx",Sheet1,"Punjabi Bagh, Delhi - DPCC",AQI Hourly,00:00:00,float,unknown,99.0 | 51.0 | 50.0,30,1,3.33,False
"Punjabi Bagh, Delhi - DPCC/AQI Hourly/aqi_hourly_station_level_punjabi_bagh,_delhi_-_dpcc_2025_September_delhi_2025.xlsx",Sheet1,"Punjabi Bagh, Delhi - DPCC",AQI Hourly,01:00:00,float,unknown,94.0 | 49.0 | 51.0,30,1,3.33,False
"Punjabi Bagh, Delhi - DPCC/AQI Hourly/aqi_hourly_station_level_punjabi_bagh,_delhi_-_dpcc_2025_September_delhi_2025.xlsx",Sheet1,"Punjabi Bagh, Delhi - DPCC",AQI Hourly,02:00:00,float,unknown,89.0 | 48.0 | 51.0,30,2,6.67,False
"Punjabi Bagh, Delhi - DPCC/AQI Hourly/aqi_hourly_station_level_punjabi_bagh,_delhi_-_dpcc_2025_September_delhi_2025.xlsx",Sheet1,"Punjabi Bagh, Delhi - DPCC",AQI Hourly,03:00:00,float,unknown,85.0 | 47.0 | 50.0,30,2,6.67,False
"Punjabi Bagh, Delhi - DPCC/AQI Hourly/aqi_hourly_station_level_punjabi_bagh,_delhi_-_dpcc_2025_September_delhi_2025.xlsx",Sheet1,"Punjabi Bagh, Delhi - DPCC",AQI Hourly,04:00:00,float,unknown,80.0 | 45.0 | 48.0,30,1,3.33,False
"Punjabi Bagh, Delhi - DPCC/AQI Hourly/aqi_hourly_station_level_punjabi_bagh,_delhi_-_dpcc_2025_September_delhi_2025.xlsx",Sheet1,"Punjabi Bagh, Delhi - DPCC",AQI Hourly,05:00:00,float,unknown,76.0 | 44.0 | 48.0,30,1,3.33,False
"Punjabi Bagh, Delhi - DPCC/AQI Hourly/aqi_hourly_station_level_punjabi_bagh,_delhi_-_dpcc_2025_September_delhi_2025.xlsx",Sheet1,"Punjabi Bagh, Delhi - DPCC",AQI Hourly,06:00:00,float,unknown,71.0 | 42.0 | 47.0,30,1,3.33,False
"Punjabi Bagh, Delhi - DPCC/AQI Hourly/aqi_hourly_station_level_punjabi_bagh,_delhi_-_dpcc_2025_September_delhi_2025.xlsx",Sheet1,"Punjabi Bagh, Delhi - DPCC",AQI Hourly,07:00:00,float,unknown,67.0 | 41.0 | 47.0,30,1,3.33,False
"Punjabi Bagh, Delhi - DPCC/AQI Hourly/aqi_hourly_station_level_punjabi_bagh,_delhi_-_dpcc_2025_September_delhi_2025.xlsx",Sheet1,"Punjabi Bagh, Delhi - DPCC",AQI Hourly,08:00:00,int,unknown,64 | 42 | 48,30,0,0.0,False
"Punjabi Bagh, Delhi - DPCC/AQI Hourly/aqi_hourly_station_level_punjabi_bagh,_delhi_-_dpcc_2025_September_delhi_2025.xlsx",Sheet1,"Punjabi Bagh, Delhi - DPCC",AQI Hourly,09:00:00,int,unknown,64 | 43 | 49,30,0,0.0,False
"Punjabi Bagh, Delhi - DPCC/AQI Hourly/aqi_hourly_station_level_punjabi_bagh,_delhi_-_dpcc_2025_September_delhi_2025.xlsx",Sheet1,"Punjabi Bagh, Delhi - DPCC",AQI Hourly,10:00:00,float,unknown,64.0 | 43.0 | 50.0,30,1,3.33,False
"Punjabi Bagh, Delhi - DPCC/AQI Hourly/aqi_hourly_station_level_punjabi_bagh,_delhi_-_dpcc_2025_September_delhi_2025.xlsx",Sheet1,"Punjabi Bagh, Delhi - DPCC",AQI Hourly,11:00:00,float,unknown,64.0 | 44.0 | 50.0,30,1,3.33,False
"Punjabi Bagh, Delhi - DPCC/AQI Hourly/aqi_hourly_station_level_punjabi_bagh,_delhi_-_dpcc_2025_September_delhi_2025.xlsx",Sheet1,"Punjabi Bagh, Delhi - DPCC",AQI Hourly,12:00:00,float,unknown,64.0 | 45.0 | 52.0,30,1,3.33,False
"Punjabi Bagh, Delhi - DPCC/AQI Hourly/aqi_hourly_station_level_punjabi_bagh,_delhi_-_dpcc_2025_September_delhi_2025.xlsx",Sheet1,"Punjabi Bagh, Delhi - DPCC",AQI Hourly,13:00:00,int,unknown,64 | 46 | 54,30,0,0.0,False
"Punjabi Bagh, Delhi - DPCC/AQI Hourly/aqi_hourly_station_level_punjabi_bagh,_delhi_-_dpcc_2025_September_delhi_2025.xlsx",Sheet1,"Punjabi Bagh, Delhi - DPCC",AQI Hourly,14:00:00,int,unknown,64 | 47 | 55,30,0,0.0,False
"Punjabi Bagh, Delhi - DPCC/AQI Hourly/aqi_hourly_station_level_punjabi_bagh,_delhi_-_dpcc_2025_September_delhi_2025.xlsx",Sheet1,"Punjabi Bagh, Delhi - DPCC",AQI Hourly,15:00:00,int,unknown,65 | 47 | 57,30,0,0.0,False
"Punjabi Bagh, Delhi - DPCC/AQI Hourly/aqi_hourly_station_level_punjabi_bagh,_delhi_-_dpcc_2025_September_delhi_2025.xlsx",Sheet1,"Punjabi Bagh, Delhi - DPCC",AQI Hourly,16:00:00,float,unknown,61.0 | 47.0 | 57.0,30,1,3.33,False
"Punjabi Bagh, Delhi - DPCC/AQI Hourly/aqi_hourly_station_level_punjabi_bagh,_delhi_-_dpcc_2025_September_delhi_2025.xlsx",Sheet1,"Punjabi Bagh, Delhi - DPCC",AQI Hourly,17:00:00,float,unknown,60.0 | 47.0 | 59.0,30,1,3.33,False
"Punjabi Bagh, Delhi - DPCC/AQI Hourly/aqi_hourly_station_level_punjabi_bagh,_delhi_-_dpcc_2025_September_delhi_2025.xlsx",Sheet1,"Punjabi Bagh, Delhi - DPCC",AQI Hourly,18:00:00,float,unknown,56.0 | 47.0 | 60.0,30,2,6.67,False
"Punjabi Bagh, Delhi - DPCC/AQI Hourly/aqi_hourly_station_level_punjabi_bagh,_delhi_-_dpcc_2025_September_delhi_2025.xlsx",Sheet1,"Punjabi Bagh, Delhi - DPCC",AQI Hourly,19:00:00,float,unknown,52.0 | 49.0 | 62.0,30,1,3.33,False
"Punjabi Bagh, Delhi - DPCC/AQI Hourly/aqi_hourly_station_level_punjabi_bagh,_delhi_-_dpcc_2025_September_delhi_2025.xlsx",Sheet1,"Punjabi Bagh, Delhi - DPCC",AQI Hourly,20:00:00,float,unknown,49.0 | 50.0 | 64.0,30,1,3.33,False
"Punjabi Bagh, Delhi - DPCC/AQI Hourly/aqi_hourly_station_level_punjabi_bagh,_delhi_-_dpcc_2025_September_delhi_2025.xlsx",Sheet1,"Punjabi Bagh, Delhi - DPCC",AQI Hourly,21:00:00,float,unknown,51.0 | 50.0 | 68.0,30,1,3.33,False
"Punjabi Bagh, Delhi - DPCC/AQI Hourly/aqi_hourly_station_level_punjabi_bagh,_delhi_-_dpcc_2025_September_delhi_2025.xlsx",Sheet1,"Punjabi Bagh, Delhi - DPCC",AQI Hourly,22:00:00,float,unknown,52.0 | 51.0 | 70.0,30,1,3.33,False
"Punjabi Bagh, Delhi - DPCC/AQI Hourly/aqi_hourly_station_level_punjabi_bagh,_delhi_-_dpcc_2025_September_delhi_2025.xlsx",Sheet1,"Punjabi Bagh, Delhi - DPCC",AQI Hourly,23:00:00,float,unknown,52.0 | 51.0 | 70.0,30,2,6.67,False
"Punjabi Bagh, Delhi - DPCC/Raw Data/2024_raw_data_hourly_punjabi_bagh,_delhi_-_dpcc_1H.csv",sheet1,"Punjabi Bagh, Delhi - DPCC",Raw Data,Timestamp,object/string,timestamp,2024-01-01 00:00:00 | 2024-01-01 01:00:00 | 2024-01-01 02:00:00,8784,0,0.0,False
"Punjabi Bagh, Delhi - DPCC/Raw Data/2024_raw_data_hourly_punjabi_bagh,_delhi_-_dpcc_1H.csv",sheet1,"Punjabi Bagh, Delhi - DPCC",Raw Data,PM2.5 (µg/m³),float,PM2.5,262.75 | 268.0 | 240.75,8784,229,2.61,False
"Punjabi Bagh, Delhi - DPCC/Raw Data/2024_raw_data_hourly_punjabi_bagh,_delhi_-_dpcc_1H.csv",sheet1,"Punjabi Bagh, Delhi - DPCC",Raw Data,PM10 (µg/m³),float,PM10,349.0 | 356.25 | 316.5,8784,239,2.72,False
"Punjabi Bagh, Delhi - DPCC/Raw Data/2024_raw_data_hourly_punjabi_bagh,_delhi_-_dpcc_1H.csv",sheet1,"Punjabi Bagh, Delhi - DPCC",Raw Data,NO (µg/m³),float,NO,0.98 | 0.9 | 0.9,8784,179,2.04,False
"Punjabi Bagh, Delhi - DPCC/Raw Data/2024_raw_data_hourly_punjabi_bagh,_delhi_-_dpcc_1H.csv",sheet1,"Punjabi Bagh, Delhi - DPCC",Raw Data,NO2 (µg/m³),float,NO2,67.85 | 67.38 | 66.8,8784,201,2.29,False
"Punjabi Bagh, Delhi - DPCC/Raw Data/2024_raw_data_hourly_punjabi_bagh,_delhi_-_dpcc_1H.csv",sheet1,"Punjabi Bagh, Delhi - DPCC",Raw Data,NOx (ppb),float,NOx,36.88 | 36.55 | 36.3,8784,158,1.8,False
"Punjabi Bagh, Delhi - DPCC/Raw Data/2024_raw_data_hourly_punjabi_bagh,_delhi_-_dpcc_1H.csv",sheet1,"Punjabi Bagh, Delhi - DPCC",Raw Data,NH3 (µg/m³),float,NH3,25.52 | 28.2 | 27.9,8784,175,1.99,False
"Punjabi Bagh, Delhi - DPCC/Raw Data/2024_raw_data_hourly_punjabi_bagh,_delhi_-_dpcc_1H.csv",sheet1,"Punjabi Bagh, Delhi - DPCC",Raw Data,SO2 (µg/m³),float,SO2,25.78 | 21.88 | 19.2,8784,826,9.4,False
"Punjabi Bagh, Delhi - DPCC/Raw Data/2024_raw_data_hourly_punjabi_bagh,_delhi_-_dpcc_1H.csv",sheet1,"Punjabi Bagh, Delhi - DPCC",Raw Data,CO (mg/m³),float,CO,1.6 | 1.6 | 1.49,8784,194,2.21,False
"Punjabi Bagh, Delhi - DPCC/Raw Data/2024_raw_data_hourly_punjabi_bagh,_delhi_-_dpcc_1H.csv",sheet1,"Punjabi Bagh, Delhi - DPCC",Raw Data,Ozone (µg/m³),float,O3,7.02 | 7.1 | 7.48,8784,274,3.12,False
"Punjabi Bagh, Delhi - DPCC/Raw Data/2024_raw_data_hourly_punjabi_bagh,_delhi_-_dpcc_1H.csv",sheet1,"Punjabi Bagh, Delhi - DPCC",Raw Data,Benzene (µg/m³),float,Benzene,9.0 | 9.1 | 9.4,8784,7717,87.85,False
"Punjabi Bagh, Delhi - DPCC/Raw Data/2024_raw_data_hourly_punjabi_bagh,_delhi_-_dpcc_1H.csv",sheet1,"Punjabi Bagh, Delhi - DPCC",Raw Data,Toluene (µg/m³),float,Toluene,0.3 | 0.7 | 1.15,8784,7717,87.85,False
"Punjabi Bagh, Delhi - DPCC/Raw Data/2024_raw_data_hourly_punjabi_bagh,_delhi_-_dpcc_1H.csv",sheet1,"Punjabi Bagh, Delhi - DPCC",Raw Data,Xylene (µg/m³),float,Xylene,,8784,8784,100.0,True
"Punjabi Bagh, Delhi - DPCC/Raw Data/2024_raw_data_hourly_punjabi_bagh,_delhi_-_dpcc_1H.csv",sheet1,"Punjabi Bagh, Delhi - DPCC",Raw Data,O Xylene (µg/m³),float,Xylene,,8784,8784,100.0,True
"Punjabi Bagh, Delhi - DPCC/Raw Data/2024_raw_data_hourly_punjabi_bagh,_delhi_-_dpcc_1H.csv",sheet1,"Punjabi Bagh, Delhi - DPCC",Raw Data,Eth-Benzene (µg/m³),float,Benzene,,8784,8784,100.0,True
"Punjabi Bagh, Delhi - DPCC/Raw Data/2024_raw_data_hourly_punjabi_bagh,_delhi_-_dpcc_1H.csv",sheet1,"Punjabi Bagh, Delhi - DPCC",Raw Data,MP-Xylene (µg/m³),float,Xylene,1.0 | 0.42 | 0.72,8784,8268,94.13,False
"Punjabi Bagh, Delhi - DPCC/Raw Data/2024_raw_data_hourly_punjabi_bagh,_delhi_-_dpcc_1H.csv",sheet1,"Punjabi Bagh, Delhi - DPCC",Raw Data,AT (°C),float,Temp_C,13.85 | 13.75 | 13.58,8784,72,0.82,False
"Punjabi Bagh, Delhi - DPCC/Raw Data/2024_raw_data_hourly_punjabi_bagh,_delhi_-_dpcc_1H.csv",sheet1,"Punjabi Bagh, Delhi - DPCC",Raw Data,RH (%),float,RH_pct,78.0 | 78.25 | 79.0,8784,72,0.82,False
"Punjabi Bagh, Delhi - DPCC/Raw Data/2024_raw_data_hourly_punjabi_bagh,_delhi_-_dpcc_1H.csv",sheet1,"Punjabi Bagh, Delhi - DPCC",Raw Data,WS (m/s),float,WindSpeed,0.32 | 0.3 | 0.55,8784,72,0.82,False
"Punjabi Bagh, Delhi - DPCC/Raw Data/2024_raw_data_hourly_punjabi_bagh,_delhi_-_dpcc_1H.csv",sheet1,"Punjabi Bagh, Delhi - DPCC",Raw Data,WD (deg),float,WindDir,160.25 | 181.5 | 147.25,8784,72,0.82,False
"Punjabi Bagh, Delhi - DPCC/Raw Data/2024_raw_data_hourly_punjabi_bagh,_delhi_-_dpcc_1H.csv",sheet1,"Punjabi Bagh, Delhi - DPCC",Raw Data,RF (mm),float,Rainfall,,8784,8784,100.0,True
"Punjabi Bagh, Delhi - DPCC/Raw Data/2024_raw_data_hourly_punjabi_bagh,_delhi_-_dpcc_1H.csv",sheet1,"Punjabi Bagh, Delhi - DPCC",Raw Data,TOT-RF (mm),float,TotalRainfall,0.0 | 0.0 | 0.0,8784,0,0.0,False
"Punjabi Bagh, Delhi - DPCC/Raw Data/2024_raw_data_hourly_punjabi_bagh,_delhi_-_dpcc_1H.csv",sheet1,"Punjabi Bagh, Delhi - DPCC",Raw Data,SR (W/mt2),float,SolarRad,7.0 | 7.0 | 7.0,8784,72,0.82,False
"Punjabi Bagh, Delhi - DPCC/Raw Data/2024_raw_data_hourly_punjabi_bagh,_delhi_-_dpcc_1H.csv",sheet1,"Punjabi Bagh, Delhi - DPCC",Raw Data,BP (mmHg),float,BaroPressure,712.5 | 712.5 | 712.5,8784,8547,97.3,False
"Punjabi Bagh, Delhi - DPCC/Raw Data/2024_raw_data_hourly_punjabi_bagh,_delhi_-_dpcc_1H.csv",sheet1,"Punjabi Bagh, Delhi - DPCC",Raw Data,VWS (m/s),float,VWS,-0.01 | -0.02 | 0.02,8784,72,0.82,False
"Punjabi Bagh, Delhi - DPCC/Raw Data/2025_raw_data_hourly_punjabi_bagh,_delhi_-_dpcc_1H.csv",sheet1,"Punjabi Bagh, Delhi - DPCC",Raw Data,Timestamp,object/string,timestamp,2025-01-01 00:00:00 | 2025-01-01 01:00:00 | 2025-01-01 02:00:00,8760,0,0.0,False
"Punjabi Bagh, Delhi - DPCC/Raw Data/2025_raw_data_hourly_punjabi_bagh,_delhi_-_dpcc_1H.csv",sheet1,"Punjabi Bagh, Delhi - DPCC",Raw Data,PM2.5 (µg/m³),float,PM2.5,311.0 | 315.0 | 329.0,8760,660,7.53,False
"Punjabi Bagh, Delhi - DPCC/Raw Data/2025_raw_data_hourly_punjabi_bagh,_delhi_-_dpcc_1H.csv",sheet1,"Punjabi Bagh, Delhi - DPCC",Raw Data,PM10 (µg/m³),float,PM10,465.0 | 458.0 | 482.0,8760,701,8.0,False
"Punjabi Bagh, Delhi - DPCC/Raw Data/2025_raw_data_hourly_punjabi_bagh,_delhi_-_dpcc_1H.csv",sheet1,"Punjabi Bagh, Delhi - DPCC",Raw Data,NO (µg/m³),float,NO,65.63 | 60.8 | 57.8,8760,621,7.09,False
"Punjabi Bagh, Delhi - DPCC/Raw Data/2025_raw_data_hourly_punjabi_bagh,_delhi_-_dpcc_1H.csv",sheet1,"Punjabi Bagh, Delhi - DPCC",Raw Data,NO2 (µg/m³),float,NO2,51.87 | 49.38 | 45.6,8760,615,7.02,False
"Punjabi Bagh, Delhi - DPCC/Raw Data/2025_raw_data_hourly_punjabi_bagh,_delhi_-_dpcc_1H.csv",sheet1,"Punjabi Bagh, Delhi - DPCC",Raw Data,NOx (ppb),float,NOx,80.9 | 75.68 | 71.3,8760,507,5.79,False
"Punjabi Bagh, Delhi - DPCC/Raw Data/2025_raw_data_hourly_punjabi_bagh,_delhi_-_dpcc_1H.csv",sheet1,"Punjabi Bagh, Delhi - DPCC",Raw Data,NH3 (µg/m³),float,NH3,31.43 | 30.4 | 30.0,8760,607,6.93,False
"Punjabi Bagh, Delhi - DPCC/Raw Data/2025_raw_data_hourly_punjabi_bagh,_delhi_-_dpcc_1H.csv",sheet1,"Punjabi Bagh, Delhi - DPCC",Raw Data,SO2 (µg/m³),float,SO2,36.53 | 40.52 | 34.2,8760,1210,13.81,False
"Punjabi Bagh, Delhi - DPCC/Raw Data/2025_raw_data_hourly_punjabi_bagh,_delhi_-_dpcc_1H.csv",sheet1,"Punjabi Bagh, Delhi - DPCC",Raw Data,CO (mg/m³),float,CO,3.0 | 2.85 | 2.83,8760,374,4.27,False
"Punjabi Bagh, Delhi - DPCC/Raw Data/2025_raw_data_hourly_punjabi_bagh,_delhi_-_dpcc_1H.csv",sheet1,"Punjabi Bagh, Delhi - DPCC",Raw Data,Ozone (µg/m³),float,O3,3.67 | 3.6 | 3.28,8760,624,7.12,False
"Punjabi Bagh, Delhi - DPCC/Raw Data/2025_raw_data_hourly_punjabi_bagh,_delhi_-_dpcc_1H.csv",sheet1,"Punjabi Bagh, Delhi - DPCC",Raw Data,Benzene (µg/m³),float,Benzene,3.2 | 3.2 | 3.2,8760,7994,91.26,False
"Punjabi Bagh, Delhi - DPCC/Raw Data/2025_raw_data_hourly_punjabi_bagh,_delhi_-_dpcc_1H.csv",sheet1,"Punjabi Bagh, Delhi - DPCC",Raw Data,Toluene (µg/m³),float,Toluene,0.8 | 1.75 | 1.9,8760,8019,91.54,False
"Punjabi Bagh, Delhi - DPCC/Raw Data/2025_raw_data_hourly_punjabi_bagh,_delhi_-_dpcc_1H.csv",sheet1,"Punjabi Bagh, Delhi - DPCC",Raw Data,Xylene (µg/m³),float,Xylene,,8760,8760,100.0,True
"Punjabi Bagh, Delhi - DPCC/Raw Data/2025_raw_data_hourly_punjabi_bagh,_delhi_-_dpcc_1H.csv",sheet1,"Punjabi Bagh, Delhi - DPCC",Raw Data,O Xylene (µg/m³),float,Xylene,,8760,8760,100.0,True
"Punjabi Bagh, Delhi - DPCC/Raw Data/2025_raw_data_hourly_punjabi_bagh,_delhi_-_dpcc_1H.csv",sheet1,"Punjabi Bagh, Delhi - DPCC",Raw Data,Eth-Benzene (µg/m³),float,Benzene,,8760,8760,100.0,True
"Punjabi Bagh, Delhi - DPCC/Raw Data/2025_raw_data_hourly_punjabi_bagh,_delhi_-_dpcc_1H.csv",sheet1,"Punjabi Bagh, Delhi - DPCC",Raw Data,MP-Xylene (µg/m³),float,Xylene,0.5 | 0.55 | 0.45,8760,8588,98.04,False
"Punjabi Bagh, Delhi - DPCC/Raw Data/2025_raw_data_hourly_punjabi_bagh,_delhi_-_dpcc_1H.csv",sheet1,"Punjabi Bagh, Delhi - DPCC",Raw Data,AT (°C),float,Temp_C,13.43 | 13.32 | 13.42,8760,335,3.82,False
"Punjabi Bagh, Delhi - DPCC/Raw Data/2025_raw_data_hourly_punjabi_bagh,_delhi_-_dpcc_1H.csv",sheet1,"Punjabi Bagh, Delhi - DPCC",Raw Data,RH (%),float,RH_pct,91.33 | 91.0 | 91.0,8760,333,3.8,False
"Punjabi Bagh, Delhi - DPCC/Raw Data/2025_raw_data_hourly_punjabi_bagh,_delhi_-_dpcc_1H.csv",sheet1,"Punjabi Bagh, Delhi - DPCC",Raw Data,WS (m/s),float,WindSpeed,0.3 | 0.3 | 0.3,8760,333,3.8,False
"Punjabi Bagh, Delhi - DPCC/Raw Data/2025_raw_data_hourly_punjabi_bagh,_delhi_-_dpcc_1H.csv",sheet1,"Punjabi Bagh, Delhi - DPCC",Raw Data,WD (deg),float,WindDir,165.0 | 190.75 | 219.25,8760,333,3.8,False
"Punjabi Bagh, Delhi - DPCC/Raw Data/2025_raw_data_hourly_punjabi_bagh,_delhi_-_dpcc_1H.csv",sheet1,"Punjabi Bagh, Delhi - DPCC",Raw Data,RF (mm),float,Rainfall,,8760,8760,100.0,True
"Punjabi Bagh, Delhi - DPCC/Raw Data/2025_raw_data_hourly_punjabi_bagh,_delhi_-_dpcc_1H.csv",sheet1,"Punjabi Bagh, Delhi - DPCC",Raw Data,TOT-RF (mm),float,TotalRainfall,0.0 | 0.0 | 0.0,8760,0,0.0,False
"Punjabi Bagh, Delhi - DPCC/Raw Data/2025_raw_data_hourly_punjabi_bagh,_delhi_-_dpcc_1H.csv",sheet1,"Punjabi Bagh, Delhi - DPCC",Raw Data,SR (W/mt2),float,SolarRad,7.0 | 7.0 | 7.0,8760,333,3.8,False
"Punjabi Bagh, Delhi - DPCC/Raw Data/2025_raw_data_hourly_punjabi_bagh,_delhi_-_dpcc_1H.csv",sheet1,"Punjabi Bagh, Delhi - DPCC",Raw Data,BP (mmHg),float,BaroPressure,,8760,8760,100.0,True
"Punjabi Bagh, Delhi - DPCC/Raw Data/2025_raw_data_hourly_punjabi_bagh,_delhi_-_dpcc_1H.csv",sheet1,"Punjabi Bagh, Delhi - DPCC",Raw Data,VWS (m/s),float,VWS,-0.01 | -0.01 | -0.01,8760,333,3.8,False
"Punjabi Bagh, Delhi - DPCC/Raw Data/2026_raw_data_hourly_punjabi_bagh,_delhi_-_dpcc_1H.csv",sheet1,"Punjabi Bagh, Delhi - DPCC",Raw Data,Timestamp,object/string,timestamp,2026-01-01 00:00:00 | 2026-01-01 01:00:00 | 2026-01-01 02:00:00,5088,0,0.0,False
"Punjabi Bagh, Delhi - DPCC/Raw Data/2026_raw_data_hourly_punjabi_bagh,_delhi_-_dpcc_1H.csv",sheet1,"Punjabi Bagh, Delhi - DPCC",Raw Data,PM2.5 (µg/m³),float,PM2.5,291.0 | 298.0 | 266.0,5088,260,5.11,False
"Punjabi Bagh, Delhi - DPCC/Raw Data/2026_raw_data_hourly_punjabi_bagh,_delhi_-_dpcc_1H.csv",sheet1,"Punjabi Bagh, Delhi - DPCC",Raw Data,PM10 (µg/m³),float,PM10,403.0 | 398.0 | 367.0,5088,208,4.09,False
"Punjabi Bagh, Delhi - DPCC/Raw Data/2026_raw_data_hourly_punjabi_bagh,_delhi_-_dpcc_1H.csv",sheet1,"Punjabi Bagh, Delhi - DPCC",Raw Data,NO (µg/m³),float,NO,6.67 | 5.0 | 5.0,5088,137,2.69,False
"Punjabi Bagh, Delhi - DPCC/Raw Data/2026_raw_data_hourly_punjabi_bagh,_delhi_-_dpcc_1H.csv",sheet1,"Punjabi Bagh, Delhi - DPCC",Raw Data,NO2 (µg/m³),float,NO2,36.0 | 32.0 | 29.0,5088,148,2.91,False
"Punjabi Bagh, Delhi - DPCC/Raw Data/2026_raw_data_hourly_punjabi_bagh,_delhi_-_dpcc_1H.csv",sheet1,"Punjabi Bagh, Delhi - DPCC",Raw Data,NOx (ppb),float,NOx,24.67 | 21.25 | 19.5,5088,126,2.48,False
"Punjabi Bagh, Delhi - DPCC/Raw Data/2026_raw_data_hourly_punjabi_bagh,_delhi_-_dpcc_1H.csv",sheet1,"Punjabi Bagh, Delhi - DPCC",Raw Data,NH3 (µg/m³),float,NH3,28.67 | 27.75 | 27.25,5088,214,4.21,False
"Punjabi Bagh, Delhi - DPCC/Raw Data/2026_raw_data_hourly_punjabi_bagh,_delhi_-_dpcc_1H.csv",sheet1,"Punjabi Bagh, Delhi - DPCC",Raw Data,SO2 (µg/m³),float,SO2,12.0 | 12.25 | 11.75,5088,269,5.29,False
"Punjabi Bagh, Delhi - DPCC/Raw Data/2026_raw_data_hourly_punjabi_bagh,_delhi_-_dpcc_1H.csv",sheet1,"Punjabi Bagh, Delhi - DPCC",Raw Data,CO (mg/m³),float,CO,1.0 | 0.5 | 0.0,5088,136,2.67,False
"Punjabi Bagh, Delhi - DPCC/Raw Data/2026_raw_data_hourly_punjabi_bagh,_delhi_-_dpcc_1H.csv",sheet1,"Punjabi Bagh, Delhi - DPCC",Raw Data,Ozone (µg/m³),float,O3,4.33 | 4.5 | 5.0,5088,207,4.07,False
"Punjabi Bagh, Delhi - DPCC/Raw Data/2026_raw_data_hourly_punjabi_bagh,_delhi_-_dpcc_1H.csv",sheet1,"Punjabi Bagh, Delhi - DPCC",Raw Data,Benzene (µg/m³),float,Benzene,0.0 | 0.0 | 0.0,5088,5085,99.94,False
"Punjabi Bagh, Delhi - DPCC/Raw Data/2026_raw_data_hourly_punjabi_bagh,_delhi_-_dpcc_1H.csv",sheet1,"Punjabi Bagh, Delhi - DPCC",Raw Data,Toluene (µg/m³),float,Toluene,0.0 | 0.0 | 0.0,5088,5085,99.94,False
"Punjabi Bagh, Delhi - DPCC/Raw Data/2026_raw_data_hourly_punjabi_bagh,_delhi_-_dpcc_1H.csv",sheet1,"Punjabi Bagh, Delhi - DPCC",Raw Data,Xylene (µg/m³),float,Xylene,,5088,5088,100.0,True
"Punjabi Bagh, Delhi - DPCC/Raw Data/2026_raw_data_hourly_punjabi_bagh,_delhi_-_dpcc_1H.csv",sheet1,"Punjabi Bagh, Delhi - DPCC",Raw Data,O Xylene (µg/m³),float,Xylene,,5088,5088,100.0,True
"Punjabi Bagh, Delhi - DPCC/Raw Data/2026_raw_data_hourly_punjabi_bagh,_delhi_-_dpcc_1H.csv",sheet1,"Punjabi Bagh, Delhi - DPCC",Raw Data,Eth-Benzene (µg/m³),float,Benzene,,5088,5088,100.0,True
"Punjabi Bagh, Delhi - DPCC/Raw Data/2026_raw_data_hourly_punjabi_bagh,_delhi_-_dpcc_1H.csv",sheet1,"Punjabi Bagh, Delhi - DPCC",Raw Data,MP-Xylene (µg/m³),float,Xylene,0.0 | 0.0 | 0.0,5088,5085,99.94,False
"Punjabi Bagh, Delhi - DPCC/Raw Data/2026_raw_data_hourly_punjabi_bagh,_delhi_-_dpcc_1H.csv",sheet1,"Punjabi Bagh, Delhi - DPCC",Raw Data,AT (°C),float,Temp_C,12.0 | 12.0 | 12.0,5088,215,4.23,False
"Punjabi Bagh, Delhi - DPCC/Raw Data/2026_raw_data_hourly_punjabi_bagh,_delhi_-_dpcc_1H.csv",sheet1,"Punjabi Bagh, Delhi - DPCC",Raw Data,RH (%),float,RH_pct,87.0 | 87.0 | 87.0,5088,118,2.32,False
"Punjabi Bagh, Delhi - DPCC/Raw Data/2026_raw_data_hourly_punjabi_bagh,_delhi_-_dpcc_1H.csv",sheet1,"Punjabi Bagh, Delhi - DPCC",Raw Data,WS (m/s),float,WindSpeed,0.67 | 0.5 | 0.75,5088,118,2.32,False
"Punjabi Bagh, Delhi - DPCC/Raw Data/2026_raw_data_hourly_punjabi_bagh,_delhi_-_dpcc_1H.csv",sheet1,"Punjabi Bagh, Delhi - DPCC",Raw Data,WD (deg),float,WindDir,150.0 | 136.25 | 131.75,5088,118,2.32,False
"Punjabi Bagh, Delhi - DPCC/Raw Data/2026_raw_data_hourly_punjabi_bagh,_delhi_-_dpcc_1H.csv",sheet1,"Punjabi Bagh, Delhi - DPCC",Raw Data,RF (mm),float,Rainfall,,5088,5088,100.0,True
"Punjabi Bagh, Delhi - DPCC/Raw Data/2026_raw_data_hourly_punjabi_bagh,_delhi_-_dpcc_1H.csv",sheet1,"Punjabi Bagh, Delhi - DPCC",Raw Data,TOT-RF (mm),float,TotalRainfall,,5088,5088,100.0,True
"Punjabi Bagh, Delhi - DPCC/Raw Data/2026_raw_data_hourly_punjabi_bagh,_delhi_-_dpcc_1H.csv",sheet1,"Punjabi Bagh, Delhi - DPCC",Raw Data,SR (W/mt2),float,SolarRad,8.0 | 7.5 | 7.75,5088,118,2.32,False
"Punjabi Bagh, Delhi - DPCC/Raw Data/2026_raw_data_hourly_punjabi_bagh,_delhi_-_dpcc_1H.csv",sheet1,"Punjabi Bagh, Delhi - DPCC",Raw Data,BP (mmHg),float,BaroPressure,,5088,5088,100.0,True
"Punjabi Bagh, Delhi - DPCC/Raw Data/2026_raw_data_hourly_punjabi_bagh,_delhi_-_dpcc_1H.csv",sheet1,"Punjabi Bagh, Delhi - DPCC",Raw Data,VWS (m/s),float,VWS,0.0 | 0.0 | 0.0,5088,118,2.32,False
"R K Puram, Delhi - DPCC/AQI Hourly/aqi_hourly_station_level_r_k_puram,_delhi_-_dpcc_2025_April_delhi_2025.xlsx",Sheet1,"R K Puram, Delhi - DPCC",AQI Hourly,Date,int,timestamp,1 | 2 | 3,28,0,0.0,False
"R K Puram, Delhi - DPCC/AQI Hourly/aqi_hourly_station_level_r_k_puram,_delhi_-_dpcc_2025_April_delhi_2025.xlsx",Sheet1,"R K Puram, Delhi - DPCC",AQI Hourly,00:00:00,float,unknown,162.0 | 160.0 | 248.0,28,2,7.14,False
"R K Puram, Delhi - DPCC/AQI Hourly/aqi_hourly_station_level_r_k_puram,_delhi_-_dpcc_2025_April_delhi_2025.xlsx",Sheet1,"R K Puram, Delhi - DPCC",AQI Hourly,01:00:00,float,unknown,157.0 | 170.0 | 248.0,28,2,7.14,False
"R K Puram, Delhi - DPCC/AQI Hourly/aqi_hourly_station_level_r_k_puram,_delhi_-_dpcc_2025_April_delhi_2025.xlsx",Sheet1,"R K Puram, Delhi - DPCC",AQI Hourly,02:00:00,float,unknown,151.0 | 179.0 | 246.0,28,2,7.14,False
"R K Puram, Delhi - DPCC/AQI Hourly/aqi_hourly_station_level_r_k_puram,_delhi_-_dpcc_2025_April_delhi_2025.xlsx",Sheet1,"R K Puram, Delhi - DPCC",AQI Hourly,03:00:00,float,unknown,144.0 | 179.0 | 244.0,28,3,10.71,False
"R K Puram, Delhi - DPCC/AQI Hourly/aqi_hourly_station_level_r_k_puram,_delhi_-_dpcc_2025_April_delhi_2025.xlsx",Sheet1,"R K Puram, Delhi - DPCC",AQI Hourly,04:00:00,float,unknown,139.0 | 198.0 | 243.0,28,3,10.71,False
"R K Puram, Delhi - DPCC/AQI Hourly/aqi_hourly_station_level_r_k_puram,_delhi_-_dpcc_2025_April_delhi_2025.xlsx",Sheet1,"R K Puram, Delhi - DPCC",AQI Hourly,05:00:00,float,unknown,134.0 | 206.0 | 238.0,28,1,3.57,False
"R K Puram, Delhi - DPCC/AQI Hourly/aqi_hourly_station_level_r_k_puram,_delhi_-_dpcc_2025_April_delhi_2025.xlsx",Sheet1,"R K Puram, Delhi - DPCC",AQI Hourly,06:00:00,float,unknown,130.0 | 213.0 | 234.0,28,1,3.57,False
"R K Puram, Delhi - DPCC/AQI Hourly/aqi_hourly_station_level_r_k_puram,_delhi_-_dpcc_2025_April_delhi_2025.xlsx",Sheet1,"R K Puram, Delhi - DPCC",AQI Hourly,07:00:00,float,unknown,128.0 | 215.0 | 230.0,28,1,3.57,False
"R K Puram, Delhi - DPCC/AQI Hourly/aqi_hourly_station_level_r_k_puram,_delhi_-_dpcc_2025_April_delhi_2025.xlsx",Sheet1,"R K Puram, Delhi - DPCC",AQI Hourly,08:00:00,float,unknown,128.0 | 216.0 | 223.0,28,1,3.57,False
"R K Puram, Delhi - DPCC/AQI Hourly/aqi_hourly_station_level_r_k_puram,_delhi_-_dpcc_2025_April_delhi_2025.xlsx",Sheet1,"R K Puram, Delhi - DPCC",AQI Hourly,09:00:00,float,unknown,130.0 | 220.0 | 218.0,28,1,3.57,False
"R K Puram, Delhi - DPCC/AQI Hourly/aqi_hourly_station_level_r_k_puram,_delhi_-_dpcc_2025_April_delhi_2025.xlsx",Sheet1,"R K Puram, Delhi - DPCC",AQI Hourly,10:00:00,float,unknown,129.0 | 222.0 | 214.0,28,1,3.57,False
"R K Puram, Delhi - DPCC/AQI Hourly/aqi_hourly_station_level_r_k_puram,_delhi_-_dpcc_2025_April_delhi_2025.xlsx",Sheet1,"R K Puram, Delhi - DPCC",AQI Hourly,11:00:00,float,unknown,129.0 | 221.0 | 214.0,28,2,7.14,False
"R K Puram, Delhi - DPCC/AQI Hourly/aqi_hourly_station_level_r_k_puram,_delhi_-_dpcc_2025_April_delhi_2025.xlsx",Sheet1,"R K Puram, Delhi - DPCC",AQI Hourly,12:00:00,float,unknown,127.0 | 221.0 | 211.0,28,1,3.57,False
"R K Puram, Delhi - DPCC/AQI Hourly/aqi_hourly_station_level_r_k_puram,_delhi_-_dpcc_2025_April_delhi_2025.xlsx",Sheet1,"R K Puram, Delhi - DPCC",AQI Hourly,13:00:00,float,unknown,126.0 | 222.0 | 236.0,28,2,7.14,False
"R K Puram, Delhi - DPCC/AQI Hourly/aqi_hourly_station_level_r_k_puram,_delhi_-_dpcc_2025_April_delhi_2025.xlsx",Sheet1,"R K Puram, Delhi - DPCC",AQI Hourly,14:00:00,float,unknown,124.0 | 223.0 | 211.0,28,1,3.57,False
"R K Puram, Delhi - DPCC/AQI Hourly/aqi_hourly_station_level_r_k_puram,_delhi_-_dpcc_2025_April_delhi_2025.xlsx",Sheet1,"R K Puram, Delhi - DPCC",AQI Hourly,15:00:00,float,unknown,125.0 | 223.0 | 211.0,28,1,3.57,False
"R K Puram, Delhi - DPCC/AQI Hourly/aqi_hourly_station_level_r_k_puram,_delhi_-_dpcc_2025_April_delhi_2025.xlsx",Sheet1,"R K Puram, Delhi - DPCC",AQI Hourly,16:00:00,float,unknown,125.0 | 224.0 | 210.0,28,1,3.57,False
"R K Puram, Delhi - DPCC/AQI Hourly/aqi_hourly_station_level_r_k_puram,_delhi_-_dpcc_2025_April_delhi_2025.xlsx",Sheet1,"R K Puram, Delhi - DPCC",AQI Hourly,17:00:00,float,unknown,126.0 | 224.0 | 210.0,28,1,3.57,False
"R K Puram, Delhi - DPCC/AQI Hourly/aqi_hourly_station_level_r_k_puram,_delhi_-_dpcc_2025_April_delhi_2025.xlsx",Sheet1,"R K Puram, Delhi - DPCC",AQI Hourly,18:00:00,float,unknown,127.0 | 224.0 | 209.0,28,2,7.14,False
"R K Puram, Delhi - DPCC/AQI Hourly/aqi_hourly_station_level_r_k_puram,_delhi_-_dpcc_2025_April_delhi_2025.xlsx",Sheet1,"R K Puram, Delhi - DPCC",AQI Hourly,19:00:00,float,unknown,128.0 | 202.0 | 252.0,28,2,7.14,False
"R K Puram, Delhi - DPCC/AQI Hourly/aqi_hourly_station_level_r_k_puram,_delhi_-_dpcc_2025_April_delhi_2025.xlsx",Sheet1,"R K Puram, Delhi - DPCC",AQI Hourly,20:00:00,float,unknown,130.0 | 227.0 | 204.0,28,1,3.57,False
"R K Puram, Delhi - DPCC/AQI Hourly/aqi_hourly_station_level_r_k_puram,_delhi_-_dpcc_2025_April_delhi_2025.xlsx",Sheet1,"R K Puram, Delhi - DPCC",AQI Hourly,21:00:00,float,unknown,132.0 | 239.0 | 201.0,28,1,3.57,False
"R K Puram, Delhi - DPCC/AQI Hourly/aqi_hourly_station_level_r_k_puram,_delhi_-_dpcc_2025_April_delhi_2025.xlsx",Sheet1,"R K Puram, Delhi - DPCC",AQI Hourly,22:00:00,float,unknown,139.0 | 249.0 | 196.0,28,3,10.71,False
"R K Puram, Delhi - DPCC/AQI Hourly/aqi_hourly_station_level_r_k_puram,_delhi_-_dpcc_2025_April_delhi_2025.xlsx",Sheet1,"R K Puram, Delhi - DPCC",AQI Hourly,23:00:00,float,unknown,148.0 | 249.0 | 189.0,28,3,10.71,False
"R K Puram, Delhi - DPCC/AQI Hourly/aqi_hourly_station_level_r_k_puram,_delhi_-_dpcc_2025_August_delhi_2025.xlsx",Sheet1,"R K Puram, Delhi - DPCC",AQI Hourly,Date,int,timestamp,1 | 2 | 3,31,0,0.0,False
"R K Puram, Delhi - DPCC/AQI Hourly/aqi_hourly_station_level_r_k_puram,_delhi_-_dpcc_2025_August_delhi_2025.xlsx",Sheet1,"R K Puram, Delhi - DPCC",AQI Hourly,00:00:00,float,unknown,65.0 | 86.0 | 101.0,31,4,12.9,False
"R K Puram, Delhi - DPCC/AQI Hourly/aqi_hourly_station_level_r_k_puram,_delhi_-_dpcc_2025_August_delhi_2025.xlsx",Sheet1,"R K Puram, Delhi - DPCC",AQI Hourly,01:00:00,float,unknown,65.0 | 86.0 | 105.0,31,4,12.9,False
"R K Puram, Delhi - DPCC/AQI Hourly/aqi_hourly_station_level_r_k_puram,_delhi_-_dpcc_2025_August_delhi_2025.xlsx",Sheet1,"R K Puram, Delhi - DPCC",AQI Hourly,02:00:00,float,unknown,66.0 | 85.0 | 109.0,31,4,12.9,False
"R K Puram, Delhi - DPCC/AQI Hourly/aqi_hourly_station_level_r_k_puram,_delhi_-_dpcc_2025_August_delhi_2025.xlsx",Sheet1,"R K Puram, Delhi - DPCC",AQI Hourly,03:00:00,float,unknown,67.0 | 83.0 | 114.0,31,7,22.58,False
"R K Puram, Delhi - DPCC/AQI Hourly/aqi_hourly_station_level_r_k_puram,_delhi_-_dpcc_2025_August_delhi_2025.xlsx",Sheet1,"R K Puram, Delhi - DPCC",AQI Hourly,04:00:00,float,unknown,68.0 | 82.0 | 117.0,31,5,16.13,False
"R K Puram, Delhi - DPCC/AQI Hourly/aqi_hourly_station_level_r_k_puram,_delhi_-_dpcc_2025_August_delhi_2025.xlsx",Sheet1,"R K Puram, Delhi - DPCC",AQI Hourly,05:00:00,float,unknown,71.0 | 80.0 | 121.0,31,5,16.13,False
"R K Puram, Delhi - DPCC/AQI Hourly/aqi_hourly_station_level_r_k_puram,_delhi_-_dpcc_2025_August_delhi_2025.xlsx",Sheet1,"R K Puram, Delhi - DPCC",AQI Hourly,06:00:00,float,unknown,72.0 | 78.0 | 124.0,31,5,16.13,False
"R K Puram, Delhi - DPCC/AQI Hourly/aqi_hourly_station_level_r_k_puram,_delhi_-_dpcc_2025_August_delhi_2025.xlsx",Sheet1,"R K Puram, Delhi - DPCC",AQI Hourly,07:00:00,float,unknown,56.0 | 75.0 | 76.0,31,4,12.9,False
"R K Puram, Delhi - DPCC/AQI Hourly/aqi_hourly_station_level_r_k_puram,_delhi_-_dpcc_2025_August_delhi_2025.xlsx",Sheet1,"R K Puram, Delhi - DPCC",AQI Hourly,08:00:00,float,unknown,74.0 | 78.0 | 122.0,31,5,16.13,False
"R K Puram, Delhi - DPCC/AQI Hourly/aqi_hourly_station_level_r_k_puram,_delhi_-_dpcc_2025_August_delhi_2025.xlsx",Sheet1,"R K Puram, Delhi - DPCC",AQI Hourly,09:00:00,float,unknown,75.0 | 77.0 | 123.0,31,4,12.9,False
"R K Puram, Delhi - DPCC/AQI Hourly/aqi_hourly_station_level_r_k_puram,_delhi_-_dpcc_2025_August_delhi_2025.xlsx",Sheet1,"R K Puram, Delhi - DPCC",AQI Hourly,10:00:00,float,unknown,63.0 | 76.0 | 77.0,31,3,9.68,False
"R K Puram, Delhi - DPCC/AQI Hourly/aqi_hourly_station_level_r_k_puram,_delhi_-_dpcc_2025_August_delhi_2025.xlsx",Sheet1,"R K Puram, Delhi - DPCC",AQI Hourly,11:00:00,float,unknown,64.0 | 76.0 | 77.0,31,3,9.68,False
"R K Puram, Delhi - DPCC/AQI Hourly/aqi_hourly_station_level_r_k_puram,_delhi_-_dpcc_2025_August_delhi_2025.xlsx",Sheet1,"R K Puram, Delhi - DPCC",AQI Hourly,12:00:00,float,unknown,61.0 | 77.0 | 77.0,31,4,12.9,False
"R K Puram, Delhi - DPCC/AQI Hourly/aqi_hourly_station_level_r_k_puram,_delhi_-_dpcc_2025_August_delhi_2025.xlsx",Sheet1,"R K Puram, Delhi - DPCC",AQI Hourly,13:00:00,float,unknown,62.0 | 78.0 | 77.0,31,4,12.9,False
"R K Puram, Delhi - DPCC/AQI Hourly/aqi_hourly_station_level_r_k_puram,_delhi_-_dpcc_2025_August_delhi_2025.xlsx",Sheet1,"R K Puram, Delhi - DPCC",AQI Hourly,14:00:00,float,unknown,62.0 | 78.0 | 78.0,31,3,9.68,False
"R K Puram, Delhi - DPCC/AQI Hourly/aqi_hourly_station_level_r_k_puram,_delhi_-_dpcc_2025_August_delhi_2025.xlsx",Sheet1,"R K Puram, Delhi - DPCC",AQI Hourly,15:00:00,float,unknown,62.0 | 79.0 | 80.0,31,3,9.68,False
"R K Puram, Delhi - DPCC/AQI Hourly/aqi_hourly_station_level_r_k_puram,_delhi_-_dpcc_2025_August_delhi_2025.xlsx",Sheet1,"R K Puram, Delhi - DPCC",AQI Hourly,16:00:00,float,unknown,60.0 | 80.0 | 82.0,31,3,9.68,False
"R K Puram, Delhi - DPCC/AQI Hourly/aqi_hourly_station_level_r_k_puram,_delhi_-_dpcc_2025_August_delhi_2025.xlsx",Sheet1,"R K Puram, Delhi - DPCC",AQI Hourly,17:00:00,float,unknown,60.0 | 81.0 | 84.0,31,3,9.68,False
"R K Puram, Delhi - DPCC/AQI Hourly/aqi_hourly_station_level_r_k_puram,_delhi_-_dpcc_2025_August_delhi_2025.xlsx",Sheet1,"R K Puram, Delhi - DPCC",AQI Hourly,18:00:00,float,unknown,60.0 | 83.0 | 86.0,31,4,12.9,False
"R K Puram, Delhi - DPCC/AQI Hourly/aqi_hourly_station_level_r_k_puram,_delhi_-_dpcc_2025_August_delhi_2025.xlsx",Sheet1,"R K Puram, Delhi - DPCC",AQI Hourly,19:00:00,float,unknown,62.0 | 85.0 | 88.0,31,3,9.68,False
"R K Puram, Delhi - DPCC/AQI Hourly/aqi_hourly_station_level_r_k_puram,_delhi_-_dpcc_2025_August_delhi_2025.xlsx",Sheet1,"R K Puram, Delhi - DPCC",AQI Hourly,20:00:00,float,unknown,62.0 | 86.0 | 89.0,31,3,9.68,False
"R K Puram, Delhi - DPCC/AQI Hourly/aqi_hourly_station_level_r_k_puram,_delhi_-_dpcc_2025_August_delhi_2025.xlsx",Sheet1,"R K Puram, Delhi - DPCC",AQI Hourly,21:00:00,float,unknown,64.0 | 85.0 | 93.0,31,2,6.45,False
"R K Puram, Delhi - DPCC/AQI Hourly/aqi_hourly_station_level_r_k_puram,_delhi_-_dpcc_2025_August_delhi_2025.xlsx",Sheet1,"R K Puram, Delhi - DPCC",AQI Hourly,22:00:00,float,unknown,61.0 | 85.0 | 97.0,31,2,6.45,False
"R K Puram, Delhi - DPCC/AQI Hourly/aqi_hourly_station_level_r_k_puram,_delhi_-_dpcc_2025_August_delhi_2025.xlsx",Sheet1,"R K Puram, Delhi - DPCC",AQI Hourly,23:00:00,float,unknown,67.0 | 84.0 | 100.0,31,2,6.45,False
"R K Puram, Delhi - DPCC/AQI Hourly/aqi_hourly_station_level_r_k_puram,_delhi_-_dpcc_2025_December_delhi_2025.xlsx",Sheet1,"R K Puram, Delhi - DPCC",AQI Hourly,Date,int,timestamp,1 | 2 | 3,31,0,0.0,False
"R K Puram, Delhi - DPCC/AQI Hourly/aqi_hourly_station_level_r_k_puram,_delhi_-_dpcc_2025_December_delhi_2025.xlsx",Sheet1,"R K Puram, Delhi - DPCC",AQI Hourly,00:00:00,float,unknown,333.0 | 342.0 | 427.0,31,2,6.45,False
"R K Puram, Delhi - DPCC/AQI Hourly/aqi_hourly_station_level_r_k_puram,_delhi_-_dpcc_2025_December_delhi_2025.xlsx",Sheet1,"R K Puram, Delhi - DPCC",AQI Hourly,01:00:00,float,unknown,332.0 | 346.0 | 427.0,31,2,6.45,False
"R K Puram, Delhi - DPCC/AQI Hourly/aqi_hourly_station_level_r_k_puram,_delhi_-_dpcc_2025_December_delhi_2025.xlsx",Sheet1,"R K Puram, Delhi - DPCC",AQI Hourly,02:00:00,float,unknown,333.0 | 348.0 | 428.0,31,2,6.45,False
"R K Puram, Delhi - DPCC/AQI Hourly/aqi_hourly_station_level_r_k_puram,_delhi_-_dpcc_2025_December_delhi_2025.xlsx",Sheet1,"R K Puram, Delhi - DPCC",AQI Hourly,03:00:00,float,unknown,335.0 | 350.0 | 427.0,31,1,3.23,False
"R K Puram, Delhi - DPCC/AQI Hourly/aqi_hourly_station_level_r_k_puram,_delhi_-_dpcc_2025_December_delhi_2025.xlsx",Sheet1,"R K Puram, Delhi - DPCC",AQI Hourly,04:00:00,float,unknown,335.0 | 352.0 | 426.0,31,1,3.23,False
"R K Puram, Delhi - DPCC/AQI Hourly/aqi_hourly_station_level_r_k_puram,_delhi_-_dpcc_2025_December_delhi_2025.xlsx",Sheet1,"R K Puram, Delhi - DPCC",AQI Hourly,05:00:00,float,unknown,335.0 | 352.0 | 424.0,31,1,3.23,False
"R K Puram, Delhi - DPCC/AQI Hourly/aqi_hourly_station_level_r_k_puram,_delhi_-_dpcc_2025_December_delhi_2025.xlsx",Sheet1,"R K Puram, Delhi - DPCC",AQI Hourly,06:00:00,float,unknown,335.0 | 356.0 | 423.0,31,1,3.23,False
"R K Puram, Delhi - DPCC/AQI Hourly/aqi_hourly_station_level_r_k_puram,_delhi_-_dpcc_2025_December_delhi_2025.xlsx",Sheet1,"R K Puram, Delhi - DPCC",AQI Hourly,07:00:00,float,unknown,336.0 | 358.0 | 420.0,31,2,6.45,False
"R K Puram, Delhi - DPCC/AQI Hourly/aqi_hourly_station_level_r_k_puram,_delhi_-_dpcc_2025_December_delhi_2025.xlsx",Sheet1,"R K Puram, Delhi - DPCC",AQI Hourly,08:00:00,float,unknown,338.0 | 360.0 | 418.0,31,1,3.23,False
"R K Puram, Delhi - DPCC/AQI Hourly/aqi_hourly_station_level_r_k_puram,_delhi_-_dpcc_2025_December_delhi_2025.xlsx",Sheet1,"R K Puram, Delhi - DPCC",AQI Hourly,09:00:00,float,unknown,340.0 | 363.0 | 416.0,31,1,3.23,False
"R K Puram, Delhi - DPCC/AQI Hourly/aqi_hourly_station_level_r_k_puram,_delhi_-_dpcc_2025_December_delhi_2025.xlsx",Sheet1,"R K Puram, Delhi - DPCC",AQI Hourly,10:00:00,float,unknown,345.0 | 365.0 | 415.0,31,1,3.23,False
"R K Puram, Delhi - DPCC/AQI Hourly/aqi_hourly_station_level_r_k_puram,_delhi_-_dpcc_2025_December_delhi_2025.xlsx",Sheet1,"R K Puram, Delhi - DPCC",AQI Hourly,11:00:00,float,unknown,345.0 | 368.0 | 413.0,31,1,3.23,False
"R K Puram, Delhi - DPCC/AQI Hourly/aqi_hourly_station_level_r_k_puram,_delhi_-_dpcc_2025_December_delhi_2025.xlsx",Sheet1,"R K Puram, Delhi - DPCC",AQI Hourly,12:00:00,float,unknown,345.0 | 371.0 | 411.0,31,1,3.23,False
"R K Puram, Delhi - DPCC/AQI Hourly/aqi_hourly_station_level_r_k_puram,_delhi_-_dpcc_2025_December_delhi_2025.xlsx",Sheet1,"R K Puram, Delhi - DPCC",AQI Hourly,13:00:00,float,unknown,342.0 | 378.0 | 408.0,31,1,3.23,False
"R K Puram, Delhi - DPCC/AQI Hourly/aqi_hourly_station_level_r_k_puram,_delhi_-_dpcc_2025_December_delhi_2025.xlsx",Sheet1,"R K Puram, Delhi - DPCC",AQI Hourly,14:00:00,float,unknown,336.0 | 388.0 | 403.0,31,1,3.23,False
"R K Puram, Delhi - DPCC/AQI Hourly/aqi_hourly_station_level_r_k_puram,_delhi_-_dpcc_2025_December_delhi_2025.xlsx",Sheet1,"R K Puram, Delhi - DPCC",AQI Hourly,15:00:00,float,unknown,331.0 | 394.0 | 401.0,31,1,3.23,False
"R K Puram, Delhi - DPCC/AQI Hourly/aqi_hourly_station_level_r_k_puram,_delhi_-_dpcc_2025_December_delhi_2025.xlsx",Sheet1,"R K Puram, Delhi - DPCC",AQI Hourly,16:00:00,float,unknown,330.0 | 401.0 | 396.0,31,1,3.23,False
"R K Puram, Delhi - DPCC/AQI Hourly/aqi_hourly_station_level_r_k_puram,_delhi_-_dpcc_2025_December_delhi_2025.xlsx",Sheet1,"R K Puram, Delhi - DPCC",AQI Hourly,17:00:00,float,unknown,332.0 | 409.0 | 385.0,31,1,3.23,False
"R K Puram, Delhi - DPCC/AQI Hourly/aqi_hourly_station_level_r_k_puram,_delhi_-_dpcc_2025_December_delhi_2025.xlsx",Sheet1,"R K Puram, Delhi - DPCC",AQI Hourly,18:00:00,float,unknown,330.0 | 417.0 | 374.0,31,1,3.23,False
"R K Puram, Delhi - DPCC/AQI Hourly/aqi_hourly_station_level_r_k_puram,_delhi_-_dpcc_2025_December_delhi_2025.xlsx",Sheet1,"R K Puram, Delhi - DPCC",AQI Hourly,19:00:00,float,unknown,329.0 | 420.0 | 368.0,31,1,3.23,False
"R K Puram, Delhi - DPCC/AQI Hourly/aqi_hourly_station_level_r_k_puram,_delhi_-_dpcc_2025_December_delhi_2025.xlsx",Sheet1,"R K Puram, Delhi - DPCC",AQI Hourly,20:00:00,float,unknown,326.0 | 426.0 | 363.0,31,2,6.45,False
"R K Puram, Delhi - DPCC/AQI Hourly/aqi_hourly_station_level_r_k_puram,_delhi_-_dpcc_2025_December_delhi_2025.xlsx",Sheet1,"R K Puram, Delhi - DPCC",AQI Hourly,21:00:00,float,unknown,332.0 | 426.0 | 362.0,31,1,3.23,False
"R K Puram, Delhi - DPCC/AQI Hourly/aqi_hourly_station_level_r_k_puram,_delhi_-_dpcc_2025_December_delhi_2025.xlsx",Sheet1,"R K Puram, Delhi - DPCC",AQI Hourly,22:00:00,float,unknown,338.0 | 426.0 | 360.0,31,1,3.23,False
"R K Puram, Delhi - DPCC/AQI Hourly/aqi_hourly_station_level_r_k_puram,_delhi_-_dpcc_2025_December_delhi_2025.xlsx",Sheet1,"R K Puram, Delhi - DPCC",AQI Hourly,23:00:00,float,unknown,339.0 | 426.0 | 357.0,31,1,3.23,False
"R K Puram, Delhi - DPCC/AQI Hourly/aqi_hourly_station_level_r_k_puram,_delhi_-_dpcc_2025_February_delhi_2025.xlsx",Sheet1,"R K Puram, Delhi - DPCC",AQI Hourly,Date,int,timestamp,1 | 2 | 3,28,0,0.0,False
"R K Puram, Delhi - DPCC/AQI Hourly/aqi_hourly_station_level_r_k_puram,_delhi_-_dpcc_2025_February_delhi_2025.xlsx",Sheet1,"R K Puram, Delhi - DPCC",AQI Hourly,00:00:00,int,unknown,382 | 372 | 348,28,0,0.0,False
"R K Puram, Delhi - DPCC/AQI Hourly/aqi_hourly_station_level_r_k_puram,_delhi_-_dpcc_2025_February_delhi_2025.xlsx",Sheet1,"R K Puram, Delhi - DPCC",AQI Hourly,01:00:00,int,unknown,381 | 370 | 347,28,0,0.0,False
"R K Puram, Delhi - DPCC/AQI Hourly/aqi_hourly_station_level_r_k_puram,_delhi_-_dpcc_2025_February_delhi_2025.xlsx",Sheet1,"R K Puram, Delhi - DPCC",AQI Hourly,02:00:00,int,unknown,381 | 368 | 345,28,0,0.0,False
"R K Puram, Delhi - DPCC/AQI Hourly/aqi_hourly_station_level_r_k_puram,_delhi_-_dpcc_2025_February_delhi_2025.xlsx",Sheet1,"R K Puram, Delhi - DPCC",AQI Hourly,03:00:00,int,unknown,381 | 365 | 344,28,0,0.0,False
"R K Puram, Delhi - DPCC/AQI Hourly/aqi_hourly_station_level_r_k_puram,_delhi_-_dpcc_2025_February_delhi_2025.xlsx",Sheet1,"R K Puram, Delhi - DPCC",AQI Hourly,04:00:00,int,unknown,381 | 363 | 344,28,0,0.0,False
"R K Puram, Delhi - DPCC/AQI Hourly/aqi_hourly_station_level_r_k_puram,_delhi_-_dpcc_2025_February_delhi_2025.xlsx",Sheet1,"R K Puram, Delhi - DPCC",AQI Hourly,05:00:00,int,unknown,381 | 360 | 342,28,0,0.0,False
"R K Puram, Delhi - DPCC/AQI Hourly/aqi_hourly_station_level_r_k_puram,_delhi_-_dpcc_2025_February_delhi_2025.xlsx",Sheet1,"R K Puram, Delhi - DPCC",AQI Hourly,06:00:00,int,unknown,380 | 358 | 338,28,0,0.0,False
"R K Puram, Delhi - DPCC/AQI Hourly/aqi_hourly_station_level_r_k_puram,_delhi_-_dpcc_2025_February_delhi_2025.xlsx",Sheet1,"R K Puram, Delhi - DPCC",AQI Hourly,07:00:00,int,unknown,380 | 356 | 337,28,0,0.0,False
"R K Puram, Delhi - DPCC/AQI Hourly/aqi_hourly_station_level_r_k_puram,_delhi_-_dpcc_2025_February_delhi_2025.xlsx",Sheet1,"R K Puram, Delhi - DPCC",AQI Hourly,08:00:00,int,unknown,380 | 354 | 336,28,0,0.0,False
"R K Puram, Delhi - DPCC/AQI Hourly/aqi_hourly_station_level_r_k_puram,_delhi_-_dpcc_2025_February_delhi_2025.xlsx",Sheet1,"R K Puram, Delhi - DPCC",AQI Hourly,09:00:00,int,unknown,375 | 355 | 335,28,0,0.0,False
"R K Puram, Delhi - DPCC/AQI Hourly/aqi_hourly_station_level_r_k_puram,_delhi_-_dpcc_2025_February_delhi_2025.xlsx",Sheet1,"R K Puram, Delhi - DPCC",AQI Hourly,10:00:00,int,unknown,375 | 354 | 334,28,0,0.0,False
"R K Puram, Delhi - DPCC/AQI Hourly/aqi_hourly_station_level_r_k_puram,_delhi_-_dpcc_2025_February_delhi_2025.xlsx",Sheet1,"R K Puram, Delhi - DPCC",AQI Hourly,11:00:00,int,unknown,370 | 353 | 334,28,0,0.0,False
"R K Puram, Delhi - DPCC/AQI Hourly/aqi_hourly_station_level_r_k_puram,_delhi_-_dpcc_2025_February_delhi_2025.xlsx",Sheet1,"R K Puram, Delhi - DPCC",AQI Hourly,12:00:00,int,unknown,372 | 352 | 331,28,0,0.0,False
"R K Puram, Delhi - DPCC/AQI Hourly/aqi_hourly_station_level_r_k_puram,_delhi_-_dpcc_2025_February_delhi_2025.xlsx",Sheet1,"R K Puram, Delhi - DPCC",AQI Hourly,13:00:00,int,unknown,376 | 349 | 329,28,0,0.0,False
"R K Puram, Delhi - DPCC/AQI Hourly/aqi_hourly_station_level_r_k_puram,_delhi_-_dpcc_2025_February_delhi_2025.xlsx",Sheet1,"R K Puram, Delhi - DPCC",AQI Hourly,14:00:00,int,unknown,381 | 347 | 322,28,0,0.0,False
"R K Puram, Delhi - DPCC/AQI Hourly/aqi_hourly_station_level_r_k_puram,_delhi_-_dpcc_2025_February_delhi_2025.xlsx",Sheet1,"R K Puram, Delhi - DPCC",AQI Hourly,15:00:00,int,unknown,381 | 344 | 322,28,0,0.0,False
"R K Puram, Delhi - DPCC/AQI Hourly/aqi_hourly_station_level_r_k_puram,_delhi_-_dpcc_2025_February_delhi_2025.xlsx",Sheet1,"R K Puram, Delhi - DPCC",AQI Hourly,16:00:00,int,unknown,389 | 342 | 316,28,0,0.0,False
"R K Puram, Delhi - DPCC/AQI Hourly/aqi_hourly_station_level_r_k_puram,_delhi_-_dpcc_2025_February_delhi_2025.xlsx",Sheet1,"R K Puram, Delhi - DPCC",AQI Hourly,17:00:00,int,unknown,385 | 348 | 300,28,0,0.0,False
"R K Puram, Delhi - DPCC/AQI Hourly/aqi_hourly_station_level_r_k_puram,_delhi_-_dpcc_2025_February_delhi_2025.xlsx",Sheet1,"R K Puram, Delhi - DPCC",AQI Hourly,18:00:00,int,unknown,380 | 354 | 294,28,0,0.0,False
"R K Puram, Delhi - DPCC/AQI Hourly/aqi_hourly_station_level_r_k_puram,_delhi_-_dpcc_2025_February_delhi_2025.xlsx",Sheet1,"R K Puram, Delhi - DPCC",AQI Hourly,19:00:00,int,unknown,376 | 358 | 287,28,0,0.0,False
"R K Puram, Delhi - DPCC/AQI Hourly/aqi_hourly_station_level_r_k_puram,_delhi_-_dpcc_2025_February_delhi_2025.xlsx",Sheet1,"R K Puram, Delhi - DPCC",AQI Hourly,20:00:00,int,unknown,374 | 359 | 284,28,0,0.0,False
"R K Puram, Delhi - DPCC/AQI Hourly/aqi_hourly_station_level_r_k_puram,_delhi_-_dpcc_2025_February_delhi_2025.xlsx",Sheet1,"R K Puram, Delhi - DPCC",AQI Hourly,21:00:00,int,unknown,374 | 356 | 286,28,0,0.0,False
"R K Puram, Delhi - DPCC/AQI Hourly/aqi_hourly_station_level_r_k_puram,_delhi_-_dpcc_2025_February_delhi_2025.xlsx",Sheet1,"R K Puram, Delhi - DPCC",AQI Hourly,22:00:00,int,unknown,374 | 352 | 289,28,0,0.0,False
"R K Puram, Delhi - DPCC/AQI Hourly/aqi_hourly_station_level_r_k_puram,_delhi_-_dpcc_2025_February_delhi_2025.xlsx",Sheet1,"R K Puram, Delhi - DPCC",AQI Hourly,23:00:00,int,unknown,373 | 350 | 291,28,0,0.0,False
"R K Puram, Delhi - DPCC/AQI Hourly/aqi_hourly_station_level_r_k_puram,_delhi_-_dpcc_2025_January_delhi_2025.xlsx",Sheet1,"R K Puram, Delhi - DPCC",AQI Hourly,Date,int,timestamp,1 | 2 | 3,31,0,0.0,False
"R K Puram, Delhi - DPCC/AQI Hourly/aqi_hourly_station_level_r_k_puram,_delhi_-_dpcc_2025_January_delhi_2025.xlsx",Sheet1,"R K Puram, Delhi - DPCC",AQI Hourly,00:00:00,int,unknown,335 | 366 | 364,31,0,0.0,False
"R K Puram, Delhi - DPCC/AQI Hourly/aqi_hourly_station_level_r_k_puram,_delhi_-_dpcc_2025_January_delhi_2025.xlsx",Sheet1,"R K Puram, Delhi - DPCC",AQI Hourly,01:00:00,int,unknown,341 | 362 | 365,31,0,0.0,False
"R K Puram, Delhi - DPCC/AQI Hourly/aqi_hourly_station_level_r_k_puram,_delhi_-_dpcc_2025_January_delhi_2025.xlsx",Sheet1,"R K Puram, Delhi - DPCC",AQI Hourly,02:00:00,int,unknown,346 | 358 | 365,31,0,0.0,False
"R K Puram, Delhi - DPCC/AQI Hourly/aqi_hourly_station_level_r_k_puram,_delhi_-_dpcc_2025_January_delhi_2025.xlsx",Sheet1,"R K Puram, Delhi - DPCC",AQI Hourly,03:00:00,int,unknown,351 | 354 | 367,31,0,0.0,False
"R K Puram, Delhi - DPCC/AQI Hourly/aqi_hourly_station_level_r_k_puram,_delhi_-_dpcc_2025_January_delhi_2025.xlsx",Sheet1,"R K Puram, Delhi - DPCC",AQI Hourly,04:00:00,int,unknown,354 | 351 | 368,31,0,0.0,False
"R K Puram, Delhi - DPCC/AQI Hourly/aqi_hourly_station_level_r_k_puram,_delhi_-_dpcc_2025_January_delhi_2025.xlsx",Sheet1,"R K Puram, Delhi - DPCC",AQI Hourly,05:00:00,int,unknown,358 | 348 | 369,31,0,0.0,False
"R K Puram, Delhi - DPCC/AQI Hourly/aqi_hourly_station_level_r_k_puram,_delhi_-_dpcc_2025_January_delhi_2025.xlsx",Sheet1,"R K Puram, Delhi - DPCC",AQI Hourly,06:00:00,int,unknown,357 | 348 | 368,31,0,0.0,False
"R K Puram, Delhi - DPCC/AQI Hourly/aqi_hourly_station_level_r_k_puram,_delhi_-_dpcc_2025_January_delhi_2025.xlsx",Sheet1,"R K Puram, Delhi - DPCC",AQI Hourly,07:00:00,int,unknown,361 | 347 | 369,31,0,0.0,False
"R K Puram, Delhi - DPCC/AQI Hourly/aqi_hourly_station_level_r_k_puram,_delhi_-_dpcc_2025_January_delhi_2025.xlsx",Sheet1,"R K Puram, Delhi - DPCC",AQI Hourly,08:00:00,float,unknown,363.0 | 346.0 | 372.0,31,1,3.23,False
"R K Puram, Delhi - DPCC/AQI Hourly/aqi_hourly_station_level_r_k_puram,_delhi_-_dpcc_2025_January_delhi_2025.xlsx",Sheet1,"R K Puram, Delhi - DPCC",AQI Hourly,09:00:00,int,unknown,367 | 344 | 375,31,0,0.0,False
"R K Puram, Delhi - DPCC/AQI Hourly/aqi_hourly_station_level_r_k_puram,_delhi_-_dpcc_2025_January_delhi_2025.xlsx",Sheet1,"R K Puram, Delhi - DPCC",AQI Hourly,10:00:00,int,unknown,370 | 343 | 377,31,0,0.0,False
"R K Puram, Delhi - DPCC/AQI Hourly/aqi_hourly_station_level_r_k_puram,_delhi_-_dpcc_2025_January_delhi_2025.xlsx",Sheet1,"R K Puram, Delhi - DPCC",AQI Hourly,11:00:00,int,unknown,371 | 344 | 378,31,0,0.0,False
"R K Puram, Delhi - DPCC/AQI Hourly/aqi_hourly_station_level_r_k_puram,_delhi_-_dpcc_2025_January_delhi_2025.xlsx",Sheet1,"R K Puram, Delhi - DPCC",AQI Hourly,12:00:00,int,unknown,371 | 344 | 380,31,0,0.0,False
"R K Puram, Delhi - DPCC/AQI Hourly/aqi_hourly_station_level_r_k_puram,_delhi_-_dpcc_2025_January_delhi_2025.xlsx",Sheet1,"R K Puram, Delhi - DPCC",AQI Hourly,13:00:00,int,unknown,372 | 344 | 384,31,0,0.0,False
"R K Puram, Delhi - DPCC/AQI Hourly/aqi_hourly_station_level_r_k_puram,_delhi_-_dpcc_2025_January_delhi_2025.xlsx",Sheet1,"R K Puram, Delhi - DPCC",AQI Hourly,14:00:00,int,unknown,373 | 345 | 389,31,0,0.0,False
"R K Puram, Delhi - DPCC/AQI Hourly/aqi_hourly_station_level_r_k_puram,_delhi_-_dpcc_2025_January_delhi_2025.xlsx",Sheet1,"R K Puram, Delhi - DPCC",AQI Hourly,15:00:00,int,unknown,373 | 346 | 393,31,0,0.0,False
"R K Puram, Delhi - DPCC/AQI Hourly/aqi_hourly_station_level_r_k_puram,_delhi_-_dpcc_2025_January_delhi_2025.xlsx",Sheet1,"R K Puram, Delhi - DPCC",AQI Hourly,16:00:00,int,unknown,373 | 347 | 398,31,0,0.0,False
"R K Puram, Delhi - DPCC/AQI Hourly/aqi_hourly_station_level_r_k_puram,_delhi_-_dpcc_2025_January_delhi_2025.xlsx",Sheet1,"R K Puram, Delhi - DPCC",AQI Hourly,17:00:00,int,unknown,374 | 349 | 399,31,0,0.0,False
"R K Puram, Delhi - DPCC/AQI Hourly/aqi_hourly_station_level_r_k_puram,_delhi_-_dpcc_2025_January_delhi_2025.xlsx",Sheet1,"R K Puram, Delhi - DPCC",AQI Hourly,18:00:00,float,unknown,374.0 | 349.0 | 399.0,31,1,3.23,False
"R K Puram, Delhi - DPCC/AQI Hourly/aqi_hourly_station_level_r_k_puram,_delhi_-_dpcc_2025_January_delhi_2025.xlsx",Sheet1,"R K Puram, Delhi - DPCC",AQI Hourly,19:00:00,int,unknown,375 | 349 | 400,31,0,0.0,False
"R K Puram, Delhi - DPCC/AQI Hourly/aqi_hourly_station_level_r_k_puram,_delhi_-_dpcc_2025_January_delhi_2025.xlsx",Sheet1,"R K Puram, Delhi - DPCC",AQI Hourly,20:00:00,int,unknown,373 | 352 | 401,31,0,0.0,False
"R K Puram, Delhi - DPCC/AQI Hourly/aqi_hourly_station_level_r_k_puram,_delhi_-_dpcc_2025_January_delhi_2025.xlsx",Sheet1,"R K Puram, Delhi - DPCC",AQI Hourly,21:00:00,int,unknown,370 | 356 | 403,31,0,0.0,False
"R K Puram, Delhi - DPCC/AQI Hourly/aqi_hourly_station_level_r_k_puram,_delhi_-_dpcc_2025_January_delhi_2025.xlsx",Sheet1,"R K Puram, Delhi - DPCC",AQI Hourly,22:00:00,int,unknown,368 | 359 | 406,31,0,0.0,False
"R K Puram, Delhi - DPCC/AQI Hourly/aqi_hourly_station_level_r_k_puram,_delhi_-_dpcc_2025_January_delhi_2025.xlsx",Sheet1,"R K Puram, Delhi - DPCC",AQI Hourly,23:00:00,int,unknown,367 | 362 | 406,31,0,0.0,False
"R K Puram, Delhi - DPCC/AQI Hourly/aqi_hourly_station_level_r_k_puram,_delhi_-_dpcc_2025_July_delhi_2025.xlsx",Sheet1,"R K Puram, Delhi - DPCC",AQI Hourly,Date,int,timestamp,1 | 2 | 3,31,0,0.0,False
"R K Puram, Delhi - DPCC/AQI Hourly/aqi_hourly_station_level_r_k_puram,_delhi_-_dpcc_2025_July_delhi_2025.xlsx",Sheet1,"R K Puram, Delhi - DPCC",AQI Hourly,00:00:00,float,unknown,82.0 | 79.0 | 80.0,31,4,12.9,False
"R K Puram, Delhi - DPCC/AQI Hourly/aqi_hourly_station_level_r_k_puram,_delhi_-_dpcc_2025_July_delhi_2025.xlsx",Sheet1,"R K Puram, Delhi - DPCC",AQI Hourly,01:00:00,float,unknown,82.0 | 79.0 | 80.0,31,4,12.9,False
"R K Puram, Delhi - DPCC/AQI Hourly/aqi_hourly_station_level_r_k_puram,_delhi_-_dpcc_2025_July_delhi_2025.xlsx",Sheet1,"R K Puram, Delhi - DPCC",AQI Hourly,02:00:00,float,unknown,82.0 | 79.0 | 80.0,31,3,9.68,False
"R K Puram, Delhi - DPCC/AQI Hourly/aqi_hourly_station_level_r_k_puram,_delhi_-_dpcc_2025_July_delhi_2025.xlsx",Sheet1,"R K Puram, Delhi - DPCC",AQI Hourly,03:00:00,float,unknown,83.0 | 81.0 | 79.0,31,3,9.68,False
"R K Puram, Delhi - DPCC/AQI Hourly/aqi_hourly_station_level_r_k_puram,_delhi_-_dpcc_2025_July_delhi_2025.xlsx",Sheet1,"R K Puram, Delhi - DPCC",AQI Hourly,04:00:00,float,unknown,83.0 | 83.0 | 78.0,31,3,9.68,False
"R K Puram, Delhi - DPCC/AQI Hourly/aqi_hourly_station_level_r_k_puram,_delhi_-_dpcc_2025_July_delhi_2025.xlsx",Sheet1,"R K Puram, Delhi - DPCC",AQI Hourly,05:00:00,float,unknown,89.0 | 84.0 | 76.0,31,3,9.68,False
"R K Puram, Delhi - DPCC/AQI Hourly/aqi_hourly_station_level_r_k_puram,_delhi_-_dpcc_2025_July_delhi_2025.xlsx",Sheet1,"R K Puram, Delhi - DPCC",AQI Hourly,06:00:00,float,unknown,87.0 | 83.0 | 75.0,31,2,6.45,False
"R K Puram, Delhi - DPCC/AQI Hourly/aqi_hourly_station_level_r_k_puram,_delhi_-_dpcc_2025_July_delhi_2025.xlsx",Sheet1,"R K Puram, Delhi - DPCC",AQI Hourly,07:00:00,float,unknown,89.0 | 80.0 | 74.0,31,3,9.68,False
"R K Puram, Delhi - DPCC/AQI Hourly/aqi_hourly_station_level_r_k_puram,_delhi_-_dpcc_2025_July_delhi_2025.xlsx",Sheet1,"R K Puram, Delhi - DPCC",AQI Hourly,08:00:00,float,unknown,89.0 | 79.0 | 74.0,31,3,9.68,False
"R K Puram, Delhi - DPCC/AQI Hourly/aqi_hourly_station_level_r_k_puram,_delhi_-_dpcc_2025_July_delhi_2025.xlsx",Sheet1,"R K Puram, Delhi - DPCC",AQI Hourly,09:00:00,float,unknown,90.0 | 81.0 | 73.0,31,3,9.68,False
"R K Puram, Delhi - DPCC/AQI Hourly/aqi_hourly_station_level_r_k_puram,_delhi_-_dpcc_2025_July_delhi_2025.xlsx",Sheet1,"R K Puram, Delhi - DPCC",AQI Hourly,10:00:00,float,unknown,91.0 | 81.0 | 74.0,31,3,9.68,False
"R K Puram, Delhi - DPCC/AQI Hourly/aqi_hourly_station_level_r_k_puram,_delhi_-_dpcc_2025_July_delhi_2025.xlsx",Sheet1,"R K Puram, Delhi - DPCC",AQI Hourly,11:00:00,float,unknown,94.0 | 82.0 | 75.0,31,4,12.9,False
"R K Puram, Delhi - DPCC/AQI Hourly/aqi_hourly_station_level_r_k_puram,_delhi_-_dpcc_2025_July_delhi_2025.xlsx",Sheet1,"R K Puram, Delhi - DPCC",AQI Hourly,12:00:00,float,unknown,81.0 | 75.0 | 80.0,31,5,16.13,False
"R K Puram, Delhi - DPCC/AQI Hourly/aqi_hourly_station_level_r_k_puram,_delhi_-_dpcc_2025_July_delhi_2025.xlsx",Sheet1,"R K Puram, Delhi - DPCC",AQI Hourly,13:00:00,float,unknown,95.0 | 80.0 | 76.0,31,5,16.13,False
"R K Puram, Delhi - DPCC/AQI Hourly/aqi_hourly_station_level_r_k_puram,_delhi_-_dpcc_2025_July_delhi_2025.xlsx",Sheet1,"R K Puram, Delhi - DPCC",AQI Hourly,14:00:00,float,unknown,94.0 | 81.0 | 76.0,31,5,16.13,False
"R K Puram, Delhi - DPCC/AQI Hourly/aqi_hourly_station_level_r_k_puram,_delhi_-_dpcc_2025_July_delhi_2025.xlsx",Sheet1,"R K Puram, Delhi - DPCC",AQI Hourly,15:00:00,float,unknown,94.0 | 80.0 | 76.0,31,5,16.13,False
"R K Puram, Delhi - DPCC/AQI Hourly/aqi_hourly_station_level_r_k_puram,_delhi_-_dpcc_2025_July_delhi_2025.xlsx",Sheet1,"R K Puram, Delhi - DPCC",AQI Hourly,16:00:00,float,unknown,94.0 | 78.0 | 77.0,31,6,19.35,False
"R K Puram, Delhi - DPCC/AQI Hourly/aqi_hourly_station_level_r_k_puram,_delhi_-_dpcc_2025_July_delhi_2025.xlsx",Sheet1,"R K Puram, Delhi - DPCC",AQI Hourly,17:00:00,float,unknown,84.0 | 78.0 | 77.0,31,5,16.13,False
"R K Puram, Delhi - DPCC/AQI Hourly/aqi_hourly_station_level_r_k_puram,_delhi_-_dpcc_2025_July_delhi_2025.xlsx",Sheet1,"R K Puram, Delhi - DPCC",AQI Hourly,18:00:00,float,unknown,80.0 | 80.0 | 77.0,31,5,16.13,False
"R K Puram, Delhi - DPCC/AQI Hourly/aqi_hourly_station_level_r_k_puram,_delhi_-_dpcc_2025_July_delhi_2025.xlsx",Sheet1,"R K Puram, Delhi - DPCC",AQI Hourly,19:00:00,float,unknown,78.0 | 80.0 | 77.0,31,5,16.13,False
"R K Puram, Delhi - DPCC/AQI Hourly/aqi_hourly_station_level_r_k_puram,_delhi_-_dpcc_2025_July_delhi_2025.xlsx",Sheet1,"R K Puram, Delhi - DPCC",AQI Hourly,20:00:00,float,unknown,78.0 | 79.0 | 76.0,31,5,16.13,False
"R K Puram, Delhi - DPCC/AQI Hourly/aqi_hourly_station_level_r_k_puram,_delhi_-_dpcc_2025_July_delhi_2025.xlsx",Sheet1,"R K Puram, Delhi - DPCC",AQI Hourly,21:00:00,float,unknown,78.0 | 79.0 | 76.0,31,6,19.35,False
"R K Puram, Delhi - DPCC/AQI Hourly/aqi_hourly_station_level_r_k_puram,_delhi_-_dpcc_2025_July_delhi_2025.xlsx",Sheet1,"R K Puram, Delhi - DPCC",AQI Hourly,22:00:00,float,unknown,79.0 | 78.0 | 78.0,31,5,16.13,False
"R K Puram, Delhi - DPCC/AQI Hourly/aqi_hourly_station_level_r_k_puram,_delhi_-_dpcc_2025_July_delhi_2025.xlsx",Sheet1,"R K Puram, Delhi - DPCC",AQI Hourly,23:00:00,float,unknown,79.0 | 79.0 | 77.0,31,5,16.13,False
"R K Puram, Delhi - DPCC/AQI Hourly/aqi_hourly_station_level_r_k_puram,_delhi_-_dpcc_2025_June_delhi_2025.xlsx",Sheet1,"R K Puram, Delhi - DPCC",AQI Hourly,Date,int,timestamp,1 | 2 | 3,30,0,0.0,False
"R K Puram, Delhi - DPCC/AQI Hourly/aqi_hourly_station_level_r_k_puram,_delhi_-_dpcc_2025_June_delhi_2025.xlsx",Sheet1,"R K Puram, Delhi - DPCC",AQI Hourly,00:00:00,float,unknown,186.0 | 155.0 | 116.0,30,2,6.67,False
"R K Puram, Delhi - DPCC/AQI Hourly/aqi_hourly_station_level_r_k_puram,_delhi_-_dpcc_2025_June_delhi_2025.xlsx",Sheet1,"R K Puram, Delhi - DPCC",AQI Hourly,01:00:00,float,unknown,185.0 | 151.0 | 117.0,30,2,6.67,False
"R K Puram, Delhi - DPCC/AQI Hourly/aqi_hourly_station_level_r_k_puram,_delhi_-_dpcc_2025_June_delhi_2025.xlsx",Sheet1,"R K Puram, Delhi - DPCC",AQI Hourly,02:00:00,float,unknown,184.0 | 148.0 | 119.0,30,2,6.67,False
"R K Puram, Delhi - DPCC/AQI Hourly/aqi_hourly_station_level_r_k_puram,_delhi_-_dpcc_2025_June_delhi_2025.xlsx",Sheet1,"R K Puram, Delhi - DPCC",AQI Hourly,03:00:00,float,unknown,182.0 | 145.0 | 120.0,30,1,3.33,False
"R K Puram, Delhi - DPCC/AQI Hourly/aqi_hourly_station_level_r_k_puram,_delhi_-_dpcc_2025_June_delhi_2025.xlsx",Sheet1,"R K Puram, Delhi - DPCC",AQI Hourly,04:00:00,float,unknown,179.0 | 142.0 | 121.0,30,2,6.67,False
"R K Puram, Delhi - DPCC/AQI Hourly/aqi_hourly_station_level_r_k_puram,_delhi_-_dpcc_2025_June_delhi_2025.xlsx",Sheet1,"R K Puram, Delhi - DPCC",AQI Hourly,05:00:00,float,unknown,177.0 | 140.0 | 122.0,30,1,3.33,False
"R K Puram, Delhi - DPCC/AQI Hourly/aqi_hourly_station_level_r_k_puram,_delhi_-_dpcc_2025_June_delhi_2025.xlsx",Sheet1,"R K Puram, Delhi - DPCC",AQI Hourly,06:00:00,float,unknown,174.0 | 139.0 | 123.0,30,1,3.33,False
"R K Puram, Delhi - DPCC/AQI Hourly/aqi_hourly_station_level_r_k_puram,_delhi_-_dpcc_2025_June_delhi_2025.xlsx",Sheet1,"R K Puram, Delhi - DPCC",AQI Hourly,07:00:00,float,unknown,173.0 | 137.0 | 126.0,30,1,3.33,False
"R K Puram, Delhi - DPCC/AQI Hourly/aqi_hourly_station_level_r_k_puram,_delhi_-_dpcc_2025_June_delhi_2025.xlsx",Sheet1,"R K Puram, Delhi - DPCC",AQI Hourly,08:00:00,float,unknown,170.0 | 137.0 | 128.0,30,1,3.33,False
"R K Puram, Delhi - DPCC/AQI Hourly/aqi_hourly_station_level_r_k_puram,_delhi_-_dpcc_2025_June_delhi_2025.xlsx",Sheet1,"R K Puram, Delhi - DPCC",AQI Hourly,09:00:00,float,unknown,164.0 | 137.0 | 128.0,30,1,3.33,False
"R K Puram, Delhi - DPCC/AQI Hourly/aqi_hourly_station_level_r_k_puram,_delhi_-_dpcc_2025_June_delhi_2025.xlsx",Sheet1,"R K Puram, Delhi - DPCC",AQI Hourly,10:00:00,float,unknown,160.0 | 136.0 | 128.0,30,1,3.33,False
"R K Puram, Delhi - DPCC/AQI Hourly/aqi_hourly_station_level_r_k_puram,_delhi_-_dpcc_2025_June_delhi_2025.xlsx",Sheet1,"R K Puram, Delhi - DPCC",AQI Hourly,11:00:00,float,unknown,159.0 | 133.0 | 129.0,30,2,6.67,False
"R K Puram, Delhi - DPCC/AQI Hourly/aqi_hourly_station_level_r_k_puram,_delhi_-_dpcc_2025_June_delhi_2025.xlsx",Sheet1,"R K Puram, Delhi - DPCC",AQI Hourly,12:00:00,float,unknown,159.0 | 132.0 | 130.0,30,2,6.67,False
"R K Puram, Delhi - DPCC/AQI Hourly/aqi_hourly_station_level_r_k_puram,_delhi_-_dpcc_2025_June_delhi_2025.xlsx",Sheet1,"R K Puram, Delhi - DPCC",AQI Hourly,13:00:00,float,unknown,159.0 | 131.0 | 131.0,30,2,6.67,False
"R K Puram, Delhi - DPCC/AQI Hourly/aqi_hourly_station_level_r_k_puram,_delhi_-_dpcc_2025_June_delhi_2025.xlsx",Sheet1,"R K Puram, Delhi - DPCC",AQI Hourly,14:00:00,float,unknown,161.0 | 128.0 | 131.0,30,3,10.0,False
"R K Puram, Delhi - DPCC/AQI Hourly/aqi_hourly_station_level_r_k_puram,_delhi_-_dpcc_2025_June_delhi_2025.xlsx",Sheet1,"R K Puram, Delhi - DPCC",AQI Hourly,15:00:00,float,unknown,162.0 | 125.0 | 129.0,30,2,6.67,False
"R K Puram, Delhi - DPCC/AQI Hourly/aqi_hourly_station_level_r_k_puram,_delhi_-_dpcc_2025_June_delhi_2025.xlsx",Sheet1,"R K Puram, Delhi - DPCC",AQI Hourly,16:00:00,float,unknown,165.0 | 121.0 | 128.0,30,2,6.67,False
"R K Puram, Delhi - DPCC/AQI Hourly/aqi_hourly_station_level_r_k_puram,_delhi_-_dpcc_2025_June_delhi_2025.xlsx",Sheet1,"R K Puram, Delhi - DPCC",AQI Hourly,17:00:00,float,unknown,169.0 | 116.0 | 126.0,30,2,6.67,False
"R K Puram, Delhi - DPCC/AQI Hourly/aqi_hourly_station_level_r_k_puram,_delhi_-_dpcc_2025_June_delhi_2025.xlsx",Sheet1,"R K Puram, Delhi - DPCC",AQI Hourly,18:00:00,float,unknown,173.0 | 101.0 | 177.0,30,5,16.67,False
"R K Puram, Delhi - DPCC/AQI Hourly/aqi_hourly_station_level_r_k_puram,_delhi_-_dpcc_2025_June_delhi_2025.xlsx",Sheet1,"R K Puram, Delhi - DPCC",AQI Hourly,19:00:00,float,unknown,169.0 | 107.0 | 174.0,30,3,10.0,False
"R K Puram, Delhi - DPCC/AQI Hourly/aqi_hourly_station_level_r_k_puram,_delhi_-_dpcc_2025_June_delhi_2025.xlsx",Sheet1,"R K Puram, Delhi - DPCC",AQI Hourly,20:00:00,float,unknown,165.0 | 112.0 | 171.0,30,3,10.0,False
"R K Puram, Delhi - DPCC/AQI Hourly/aqi_hourly_station_level_r_k_puram,_delhi_-_dpcc_2025_June_delhi_2025.xlsx",Sheet1,"R K Puram, Delhi - DPCC",AQI Hourly,21:00:00,float,unknown,162.0 | 115.0 | 118.0,30,2,6.67,False
"R K Puram, Delhi - DPCC/AQI Hourly/aqi_hourly_station_level_r_k_puram,_delhi_-_dpcc_2025_June_delhi_2025.xlsx",Sheet1,"R K Puram, Delhi - DPCC",AQI Hourly,22:00:00,float,unknown,160.0 | 115.0 | 121.0,30,2,6.67,False
"R K Puram, Delhi - DPCC/AQI Hourly/aqi_hourly_station_level_r_k_puram,_delhi_-_dpcc_2025_June_delhi_2025.xlsx",Sheet1,"R K Puram, Delhi - DPCC",AQI Hourly,23:00:00,float,unknown,157.0 | 115.0 | 122.0,30,2,6.67,False
"R K Puram, Delhi - DPCC/AQI Hourly/aqi_hourly_station_level_r_k_puram,_delhi_-_dpcc_2025_March_delhi_2025.xlsx",Sheet1,"R K Puram, Delhi - DPCC",AQI Hourly,Date,int,timestamp,1 | 2 | 3,31,0,0.0,False
"R K Puram, Delhi - DPCC/AQI Hourly/aqi_hourly_station_level_r_k_puram,_delhi_-_dpcc_2025_March_delhi_2025.xlsx",Sheet1,"R K Puram, Delhi - DPCC",AQI Hourly,00:00:00,float,unknown,116.0 | 110.0 | 126.0,31,2,6.45,False
"R K Puram, Delhi - DPCC/AQI Hourly/aqi_hourly_station_level_r_k_puram,_delhi_-_dpcc_2025_March_delhi_2025.xlsx",Sheet1,"R K Puram, Delhi - DPCC",AQI Hourly,01:00:00,float,unknown,116.0 | 110.0 | 123.0,31,2,6.45,False
"R K Puram, Delhi - DPCC/AQI Hourly/aqi_hourly_station_level_r_k_puram,_delhi_-_dpcc_2025_March_delhi_2025.xlsx",Sheet1,"R K Puram, Delhi - DPCC",AQI Hourly,02:00:00,float,unknown,111.0 | 110.0 | 122.0,31,2,6.45,False
"R K Puram, Delhi - DPCC/AQI Hourly/aqi_hourly_station_level_r_k_puram,_delhi_-_dpcc_2025_March_delhi_2025.xlsx",Sheet1,"R K Puram, Delhi - DPCC",AQI Hourly,03:00:00,float,unknown,111.0 | 111.0 | 119.0,31,3,9.68,False
"R K Puram, Delhi - DPCC/AQI Hourly/aqi_hourly_station_level_r_k_puram,_delhi_-_dpcc_2025_March_delhi_2025.xlsx",Sheet1,"R K Puram, Delhi - DPCC",AQI Hourly,04:00:00,float,unknown,111.0 | 111.0 | 115.0,31,2,6.45,False
"R K Puram, Delhi - DPCC/AQI Hourly/aqi_hourly_station_level_r_k_puram,_delhi_-_dpcc_2025_March_delhi_2025.xlsx",Sheet1,"R K Puram, Delhi - DPCC",AQI Hourly,05:00:00,float,unknown,112.0 | 111.0 | 136.0,31,2,6.45,False
"R K Puram, Delhi - DPCC/AQI Hourly/aqi_hourly_station_level_r_k_puram,_delhi_-_dpcc_2025_March_delhi_2025.xlsx",Sheet1,"R K Puram, Delhi - DPCC",AQI Hourly,06:00:00,float,unknown,112.0 | 114.0 | 134.0,31,1,3.23,False
"R K Puram, Delhi - DPCC/AQI Hourly/aqi_hourly_station_level_r_k_puram,_delhi_-_dpcc_2025_March_delhi_2025.xlsx",Sheet1,"R K Puram, Delhi - DPCC",AQI Hourly,07:00:00,float,unknown,111.0 | 116.0 | 133.0,31,1,3.23,False
"R K Puram, Delhi - DPCC/AQI Hourly/aqi_hourly_station_level_r_k_puram,_delhi_-_dpcc_2025_March_delhi_2025.xlsx",Sheet1,"R K Puram, Delhi - DPCC",AQI Hourly,08:00:00,float,unknown,110.0 | 133.0 | 109.0,31,2,6.45,False
"R K Puram, Delhi - DPCC/AQI Hourly/aqi_hourly_station_level_r_k_puram,_delhi_-_dpcc_2025_March_delhi_2025.xlsx",Sheet1,"R K Puram, Delhi - DPCC",AQI Hourly,09:00:00,float,unknown,108.0 | 133.0 | 107.0,31,2,6.45,False
"R K Puram, Delhi - DPCC/AQI Hourly/aqi_hourly_station_level_r_k_puram,_delhi_-_dpcc_2025_March_delhi_2025.xlsx",Sheet1,"R K Puram, Delhi - DPCC",AQI Hourly,10:00:00,float,unknown,107.0 | 135.0 | 106.0,31,2,6.45,False
"R K Puram, Delhi - DPCC/AQI Hourly/aqi_hourly_station_level_r_k_puram,_delhi_-_dpcc_2025_March_delhi_2025.xlsx",Sheet1,"R K Puram, Delhi - DPCC",AQI Hourly,11:00:00,float,unknown,107.0 | 137.0 | 107.0,31,3,9.68,False
"R K Puram, Delhi - DPCC/AQI Hourly/aqi_hourly_station_level_r_k_puram,_delhi_-_dpcc_2025_March_delhi_2025.xlsx",Sheet1,"R K Puram, Delhi - DPCC",AQI Hourly,12:00:00,float,unknown,107.0 | 137.0 | 110.0,31,2,6.45,False
"R K Puram, Delhi - DPCC/AQI Hourly/aqi_hourly_station_level_r_k_puram,_delhi_-_dpcc_2025_March_delhi_2025.xlsx",Sheet1,"R K Puram, Delhi - DPCC",AQI Hourly,13:00:00,float,unknown,106.0 | 137.0 | 112.0,31,2,6.45,False
"R K Puram, Delhi - DPCC/AQI Hourly/aqi_hourly_station_level_r_k_puram,_delhi_-_dpcc_2025_March_delhi_2025.xlsx",Sheet1,"R K Puram, Delhi - DPCC",AQI Hourly,14:00:00,float,unknown,109.0 | 137.0 | 117.0,31,2,6.45,False
"R K Puram, Delhi - DPCC/AQI Hourly/aqi_hourly_station_level_r_k_puram,_delhi_-_dpcc_2025_March_delhi_2025.xlsx",Sheet1,"R K Puram, Delhi - DPCC",AQI Hourly,15:00:00,float,unknown,110.0 | 135.0 | 122.0,31,3,9.68,False
"R K Puram, Delhi - DPCC/AQI Hourly/aqi_hourly_station_level_r_k_puram,_delhi_-_dpcc_2025_March_delhi_2025.xlsx",Sheet1,"R K Puram, Delhi - DPCC",AQI Hourly,16:00:00,float,unknown,109.0 | 135.0 | 126.0,31,2,6.45,False
"R K Puram, Delhi - DPCC/AQI Hourly/aqi_hourly_station_level_r_k_puram,_delhi_-_dpcc_2025_March_delhi_2025.xlsx",Sheet1,"R K Puram, Delhi - DPCC",AQI Hourly,17:00:00,float,unknown,108.0 | 134.0 | 130.0,31,2,6.45,False
"R K Puram, Delhi - DPCC/AQI Hourly/aqi_hourly_station_level_r_k_puram,_delhi_-_dpcc_2025_March_delhi_2025.xlsx",Sheet1,"R K Puram, Delhi - DPCC",AQI Hourly,18:00:00,float,unknown,107.0 | 136.0 | 131.0,31,2,6.45,False
"R K Puram, Delhi - DPCC/AQI Hourly/aqi_hourly_station_level_r_k_puram,_delhi_-_dpcc_2025_March_delhi_2025.xlsx",Sheet1,"R K Puram, Delhi - DPCC",AQI Hourly,19:00:00,float,unknown,107.0 | 136.0 | 132.0,31,2,6.45,False
"R K Puram, Delhi - DPCC/AQI Hourly/aqi_hourly_station_level_r_k_puram,_delhi_-_dpcc_2025_March_delhi_2025.xlsx",Sheet1,"R K Puram, Delhi - DPCC",AQI Hourly,20:00:00,float,unknown,107.0 | 137.0 | 131.0,31,2,6.45,False
"R K Puram, Delhi - DPCC/AQI Hourly/aqi_hourly_station_level_r_k_puram,_delhi_-_dpcc_2025_March_delhi_2025.xlsx",Sheet1,"R K Puram, Delhi - DPCC",AQI Hourly,21:00:00,float,unknown,106.0 | 136.0 | 131.0,31,2,6.45,False
"R K Puram, Delhi - DPCC/AQI Hourly/aqi_hourly_station_level_r_k_puram,_delhi_-_dpcc_2025_March_delhi_2025.xlsx",Sheet1,"R K Puram, Delhi - DPCC",AQI Hourly,22:00:00,float,unknown,108.0 | 132.0 | 132.0,31,3,9.68,False
"R K Puram, Delhi - DPCC/AQI Hourly/aqi_hourly_station_level_r_k_puram,_delhi_-_dpcc_2025_March_delhi_2025.xlsx",Sheet1,"R K Puram, Delhi - DPCC",AQI Hourly,23:00:00,float,unknown,109.0 | 132.0 | 132.0,31,3,9.68,False
"R K Puram, Delhi - DPCC/AQI Hourly/aqi_hourly_station_level_r_k_puram,_delhi_-_dpcc_2025_May_delhi_2025.xlsx",Sheet1,"R K Puram, Delhi - DPCC",AQI Hourly,Date,int,timestamp,1 | 2 | 3,31,0,0.0,False
"R K Puram, Delhi - DPCC/AQI Hourly/aqi_hourly_station_level_r_k_puram,_delhi_-_dpcc_2025_May_delhi_2025.xlsx",Sheet1,"R K Puram, Delhi - DPCC",AQI Hourly,00:00:00,float,unknown,158.0 | 118.0 | 186.0,31,2,6.45,False
"R K Puram, Delhi - DPCC/AQI Hourly/aqi_hourly_station_level_r_k_puram,_delhi_-_dpcc_2025_May_delhi_2025.xlsx",Sheet1,"R K Puram, Delhi - DPCC",AQI Hourly,01:00:00,float,unknown,159.0 | 117.0 | 188.0,31,3,9.68,False
"R K Puram, Delhi - DPCC/AQI Hourly/aqi_hourly_station_level_r_k_puram,_delhi_-_dpcc_2025_May_delhi_2025.xlsx",Sheet1,"R K Puram, Delhi - DPCC",AQI Hourly,02:00:00,float,unknown,160.0 | 119.0 | 192.0,31,2,6.45,False
"R K Puram, Delhi - DPCC/AQI Hourly/aqi_hourly_station_level_r_k_puram,_delhi_-_dpcc_2025_May_delhi_2025.xlsx",Sheet1,"R K Puram, Delhi - DPCC",AQI Hourly,03:00:00,float,unknown,173.0 | 103.0 | 194.0,31,3,9.68,False
"R K Puram, Delhi - DPCC/AQI Hourly/aqi_hourly_station_level_r_k_puram,_delhi_-_dpcc_2025_May_delhi_2025.xlsx",Sheet1,"R K Puram, Delhi - DPCC",AQI Hourly,04:00:00,float,unknown,179.0 | 95.0 | 194.0,31,2,6.45,False
"R K Puram, Delhi - DPCC/AQI Hourly/aqi_hourly_station_level_r_k_puram,_delhi_-_dpcc_2025_May_delhi_2025.xlsx",Sheet1,"R K Puram, Delhi - DPCC",AQI Hourly,05:00:00,float,unknown,150.0 | 179.0 | 100.0,31,1,3.23,False
"R K Puram, Delhi - DPCC/AQI Hourly/aqi_hourly_station_level_r_k_puram,_delhi_-_dpcc_2025_May_delhi_2025.xlsx",Sheet1,"R K Puram, Delhi - DPCC",AQI Hourly,06:00:00,int,unknown,150 | 178 | 111,31,0,0.0,False
"R K Puram, Delhi - DPCC/AQI Hourly/aqi_hourly_station_level_r_k_puram,_delhi_-_dpcc_2025_May_delhi_2025.xlsx",Sheet1,"R K Puram, Delhi - DPCC",AQI Hourly,07:00:00,int,unknown,155 | 177 | 122,31,0,0.0,False
"R K Puram, Delhi - DPCC/AQI Hourly/aqi_hourly_station_level_r_k_puram,_delhi_-_dpcc_2025_May_delhi_2025.xlsx",Sheet1,"R K Puram, Delhi - DPCC",AQI Hourly,08:00:00,int,unknown,157 | 172 | 134,31,0,0.0,False
"R K Puram, Delhi - DPCC/AQI Hourly/aqi_hourly_station_level_r_k_puram,_delhi_-_dpcc_2025_May_delhi_2025.xlsx",Sheet1,"R K Puram, Delhi - DPCC",AQI Hourly,09:00:00,int,unknown,156 | 173 | 142,31,0,0.0,False
"R K Puram, Delhi - DPCC/AQI Hourly/aqi_hourly_station_level_r_k_puram,_delhi_-_dpcc_2025_May_delhi_2025.xlsx",Sheet1,"R K Puram, Delhi - DPCC",AQI Hourly,10:00:00,float,unknown,156.0 | 173.0 | 151.0,31,1,3.23,False
"R K Puram, Delhi - DPCC/AQI Hourly/aqi_hourly_station_level_r_k_puram,_delhi_-_dpcc_2025_May_delhi_2025.xlsx",Sheet1,"R K Puram, Delhi - DPCC",AQI Hourly,11:00:00,int,unknown,157 | 166 | 164,31,0,0.0,False
"R K Puram, Delhi - DPCC/AQI Hourly/aqi_hourly_station_level_r_k_puram,_delhi_-_dpcc_2025_May_delhi_2025.xlsx",Sheet1,"R K Puram, Delhi - DPCC",AQI Hourly,12:00:00,int,unknown,157 | 161 | 172,31,0,0.0,False
"R K Puram, Delhi - DPCC/AQI Hourly/aqi_hourly_station_level_r_k_puram,_delhi_-_dpcc_2025_May_delhi_2025.xlsx",Sheet1,"R K Puram, Delhi - DPCC",AQI Hourly,13:00:00,int,unknown,158 | 157 | 175,31,0,0.0,False
"R K Puram, Delhi - DPCC/AQI Hourly/aqi_hourly_station_level_r_k_puram,_delhi_-_dpcc_2025_May_delhi_2025.xlsx",Sheet1,"R K Puram, Delhi - DPCC",AQI Hourly,14:00:00,int,unknown,157 | 153 | 175,31,0,0.0,False
"R K Puram, Delhi - DPCC/AQI Hourly/aqi_hourly_station_level_r_k_puram,_delhi_-_dpcc_2025_May_delhi_2025.xlsx",Sheet1,"R K Puram, Delhi - DPCC",AQI Hourly,15:00:00,int,unknown,158 | 149 | 176,31,0,0.0,False
"R K Puram, Delhi - DPCC/AQI Hourly/aqi_hourly_station_level_r_k_puram,_delhi_-_dpcc_2025_May_delhi_2025.xlsx",Sheet1,"R K Puram, Delhi - DPCC",AQI Hourly,16:00:00,int,unknown,158 | 145 | 176,31,0,0.0,False
"R K Puram, Delhi - DPCC/AQI Hourly/aqi_hourly_station_level_r_k_puram,_delhi_-_dpcc_2025_May_delhi_2025.xlsx",Sheet1,"R K Puram, Delhi - DPCC",AQI Hourly,17:00:00,int,unknown,159 | 140 | 176,31,0,0.0,False
"R K Puram, Delhi - DPCC/AQI Hourly/aqi_hourly_station_level_r_k_puram,_delhi_-_dpcc_2025_May_delhi_2025.xlsx",Sheet1,"R K Puram, Delhi - DPCC",AQI Hourly,18:00:00,float,unknown,160.0 | 135.0 | 178.0,31,1,3.23,False
"R K Puram, Delhi - DPCC/AQI Hourly/aqi_hourly_station_level_r_k_puram,_delhi_-_dpcc_2025_May_delhi_2025.xlsx",Sheet1,"R K Puram, Delhi - DPCC",AQI Hourly,19:00:00,int,unknown,160 | 129 | 180,31,0,0.0,False
"R K Puram, Delhi - DPCC/AQI Hourly/aqi_hourly_station_level_r_k_puram,_delhi_-_dpcc_2025_May_delhi_2025.xlsx",Sheet1,"R K Puram, Delhi - DPCC",AQI Hourly,20:00:00,int,unknown,160 | 125 | 184,31,0,0.0,False
"R K Puram, Delhi - DPCC/AQI Hourly/aqi_hourly_station_level_r_k_puram,_delhi_-_dpcc_2025_May_delhi_2025.xlsx",Sheet1,"R K Puram, Delhi - DPCC",AQI Hourly,21:00:00,float,unknown,160.0 | 123.0 | 181.0,31,1,3.23,False
"R K Puram, Delhi - DPCC/AQI Hourly/aqi_hourly_station_level_r_k_puram,_delhi_-_dpcc_2025_May_delhi_2025.xlsx",Sheet1,"R K Puram, Delhi - DPCC",AQI Hourly,22:00:00,float,unknown,159.0 | 121.0 | 182.0,31,1,3.23,False
"R K Puram, Delhi - DPCC/AQI Hourly/aqi_hourly_station_level_r_k_puram,_delhi_-_dpcc_2025_May_delhi_2025.xlsx",Sheet1,"R K Puram, Delhi - DPCC",AQI Hourly,23:00:00,float,unknown,159.0 | 120.0 | 184.0,31,1,3.23,False
"R K Puram, Delhi - DPCC/AQI Hourly/aqi_hourly_station_level_r_k_puram,_delhi_-_dpcc_2025_November_delhi_2025.xlsx",Sheet1,"R K Puram, Delhi - DPCC",AQI Hourly,Date,int,timestamp,1 | 2 | 3,30,0,0.0,False
"R K Puram, Delhi - DPCC/AQI Hourly/aqi_hourly_station_level_r_k_puram,_delhi_-_dpcc_2025_November_delhi_2025.xlsx",Sheet1,"R K Puram, Delhi - DPCC",AQI Hourly,00:00:00,float,unknown,267.0 | 410.0 | 359.0,30,1,3.33,False
"R K Puram, Delhi - DPCC/AQI Hourly/aqi_hourly_station_level_r_k_puram,_delhi_-_dpcc_2025_November_delhi_2025.xlsx",Sheet1,"R K Puram, Delhi - DPCC",AQI Hourly,01:00:00,int,unknown,271 | 413 | 356,30,0,0.0,False
"R K Puram, Delhi - DPCC/AQI Hourly/aqi_hourly_station_level_r_k_puram,_delhi_-_dpcc_2025_November_delhi_2025.xlsx",Sheet1,"R K Puram, Delhi - DPCC",AQI Hourly,02:00:00,float,unknown,271.0 | 414.0 | 354.0,30,1,3.33,False
"R K Puram, Delhi - DPCC/AQI Hourly/aqi_hourly_station_level_r_k_puram,_delhi_-_dpcc_2025_November_delhi_2025.xlsx",Sheet1,"R K Puram, Delhi - DPCC",AQI Hourly,03:00:00,int,unknown,273 | 414 | 352,30,0,0.0,False
"R K Puram, Delhi - DPCC/AQI Hourly/aqi_hourly_station_level_r_k_puram,_delhi_-_dpcc_2025_November_delhi_2025.xlsx",Sheet1,"R K Puram, Delhi - DPCC",AQI Hourly,04:00:00,int,unknown,274 | 414 | 350,30,0,0.0,False
"R K Puram, Delhi - DPCC/AQI Hourly/aqi_hourly_station_level_r_k_puram,_delhi_-_dpcc_2025_November_delhi_2025.xlsx",Sheet1,"R K Puram, Delhi - DPCC",AQI Hourly,05:00:00,int,unknown,278 | 416 | 348,30,0,0.0,False
"R K Puram, Delhi - DPCC/AQI Hourly/aqi_hourly_station_level_r_k_puram,_delhi_-_dpcc_2025_November_delhi_2025.xlsx",Sheet1,"R K Puram, Delhi - DPCC",AQI Hourly,06:00:00,float,unknown,284.0 | 418.0 | 346.0,30,1,3.33,False
"R K Puram, Delhi - DPCC/AQI Hourly/aqi_hourly_station_level_r_k_puram,_delhi_-_dpcc_2025_November_delhi_2025.xlsx",Sheet1,"R K Puram, Delhi - DPCC",AQI Hourly,07:00:00,int,unknown,291 | 421 | 342,30,0,0.0,False
"R K Puram, Delhi - DPCC/AQI Hourly/aqi_hourly_station_level_r_k_puram,_delhi_-_dpcc_2025_November_delhi_2025.xlsx",Sheet1,"R K Puram, Delhi - DPCC",AQI Hourly,08:00:00,int,unknown,298 | 424 | 339,30,0,0.0,False
"R K Puram, Delhi - DPCC/AQI Hourly/aqi_hourly_station_level_r_k_puram,_delhi_-_dpcc_2025_November_delhi_2025.xlsx",Sheet1,"R K Puram, Delhi - DPCC",AQI Hourly,09:00:00,int,unknown,304 | 426 | 335,30,0,0.0,False
"R K Puram, Delhi - DPCC/AQI Hourly/aqi_hourly_station_level_r_k_puram,_delhi_-_dpcc_2025_November_delhi_2025.xlsx",Sheet1,"R K Puram, Delhi - DPCC",AQI Hourly,10:00:00,int,unknown,310 | 426 | 331,30,0,0.0,False
"R K Puram, Delhi - DPCC/AQI Hourly/aqi_hourly_station_level_r_k_puram,_delhi_-_dpcc_2025_November_delhi_2025.xlsx",Sheet1,"R K Puram, Delhi - DPCC",AQI Hourly,11:00:00,int,unknown,318 | 424 | 324,30,0,0.0,False
"R K Puram, Delhi - DPCC/AQI Hourly/aqi_hourly_station_level_r_k_puram,_delhi_-_dpcc_2025_November_delhi_2025.xlsx",Sheet1,"R K Puram, Delhi - DPCC",AQI Hourly,12:00:00,int,unknown,327 | 423 | 319,30,0,0.0,False
"R K Puram, Delhi - DPCC/AQI Hourly/aqi_hourly_station_level_r_k_puram,_delhi_-_dpcc_2025_November_delhi_2025.xlsx",Sheet1,"R K Puram, Delhi - DPCC",AQI Hourly,13:00:00,int,unknown,335 | 422 | 316,30,0,0.0,False
"R K Puram, Delhi - DPCC/AQI Hourly/aqi_hourly_station_level_r_k_puram,_delhi_-_dpcc_2025_November_delhi_2025.xlsx",Sheet1,"R K Puram, Delhi - DPCC",AQI Hourly,14:00:00,int,unknown,338 | 421 | 315,30,0,0.0,False
"R K Puram, Delhi - DPCC/AQI Hourly/aqi_hourly_station_level_r_k_puram,_delhi_-_dpcc_2025_November_delhi_2025.xlsx",Sheet1,"R K Puram, Delhi - DPCC",AQI Hourly,15:00:00,int,unknown,346 | 416 | 311,30,0,0.0,False
"R K Puram, Delhi - DPCC/AQI Hourly/aqi_hourly_station_level_r_k_puram,_delhi_-_dpcc_2025_November_delhi_2025.xlsx",Sheet1,"R K Puram, Delhi - DPCC",AQI Hourly,16:00:00,int,unknown,359 | 408 | 309,30,0,0.0,False
"R K Puram, Delhi - DPCC/AQI Hourly/aqi_hourly_station_level_r_k_puram,_delhi_-_dpcc_2025_November_delhi_2025.xlsx",Sheet1,"R K Puram, Delhi - DPCC",AQI Hourly,17:00:00,int,unknown,369 | 401 | 304,30,0,0.0,False
"R K Puram, Delhi - DPCC/AQI Hourly/aqi_hourly_station_level_r_k_puram,_delhi_-_dpcc_2025_November_delhi_2025.xlsx",Sheet1,"R K Puram, Delhi - DPCC",AQI Hourly,18:00:00,int,unknown,378 | 394 | 299,30,0,0.0,False
"R K Puram, Delhi - DPCC/AQI Hourly/aqi_hourly_station_level_r_k_puram,_delhi_-_dpcc_2025_November_delhi_2025.xlsx",Sheet1,"R K Puram, Delhi - DPCC",AQI Hourly,19:00:00,int,unknown,386 | 388 | 296,30,0,0.0,False
"R K Puram, Delhi - DPCC/AQI Hourly/aqi_hourly_station_level_r_k_puram,_delhi_-_dpcc_2025_November_delhi_2025.xlsx",Sheet1,"R K Puram, Delhi - DPCC",AQI Hourly,20:00:00,int,unknown,393 | 381 | 298,30,0,0.0,False
"R K Puram, Delhi - DPCC/AQI Hourly/aqi_hourly_station_level_r_k_puram,_delhi_-_dpcc_2025_November_delhi_2025.xlsx",Sheet1,"R K Puram, Delhi - DPCC",AQI Hourly,21:00:00,int,unknown,399 | 374 | 296,30,0,0.0,False
"R K Puram, Delhi - DPCC/AQI Hourly/aqi_hourly_station_level_r_k_puram,_delhi_-_dpcc_2025_November_delhi_2025.xlsx",Sheet1,"R K Puram, Delhi - DPCC",AQI Hourly,22:00:00,int,unknown,403 | 368 | 296,30,0,0.0,False
"R K Puram, Delhi - DPCC/AQI Hourly/aqi_hourly_station_level_r_k_puram,_delhi_-_dpcc_2025_November_delhi_2025.xlsx",Sheet1,"R K Puram, Delhi - DPCC",AQI Hourly,23:00:00,int,unknown,407 | 364 | 298,30,0,0.0,False
"R K Puram, Delhi - DPCC/AQI Hourly/aqi_hourly_station_level_r_k_puram,_delhi_-_dpcc_2025_October_delhi_2025.xlsx",Sheet1,"R K Puram, Delhi - DPCC",AQI Hourly,Date,int,timestamp,1 | 2 | 3,31,0,0.0,False
"R K Puram, Delhi - DPCC/AQI Hourly/aqi_hourly_station_level_r_k_puram,_delhi_-_dpcc_2025_October_delhi_2025.xlsx",Sheet1,"R K Puram, Delhi - DPCC",AQI Hourly,00:00:00,float,unknown,98.0 | 108.0 | 83.0,31,3,9.68,False
"R K Puram, Delhi - DPCC/AQI Hourly/aqi_hourly_station_level_r_k_puram,_delhi_-_dpcc_2025_October_delhi_2025.xlsx",Sheet1,"R K Puram, Delhi - DPCC",AQI Hourly,01:00:00,float,unknown,95.0 | 119.0 | 86.0,31,1,3.23,False
"R K Puram, Delhi - DPCC/AQI Hourly/aqi_hourly_station_level_r_k_puram,_delhi_-_dpcc_2025_October_delhi_2025.xlsx",Sheet1,"R K Puram, Delhi - DPCC",AQI Hourly,02:00:00,float,unknown,90.0 | 124.0 | 91.0,31,1,3.23,False
"R K Puram, Delhi - DPCC/AQI Hourly/aqi_hourly_station_level_r_k_puram,_delhi_-_dpcc_2025_October_delhi_2025.xlsx",Sheet1,"R K Puram, Delhi - DPCC",AQI Hourly,03:00:00,float,unknown,87.0 | 130.0 | 94.0,31,1,3.23,False
"R K Puram, Delhi - DPCC/AQI Hourly/aqi_hourly_station_level_r_k_puram,_delhi_-_dpcc_2025_October_delhi_2025.xlsx",Sheet1,"R K Puram, Delhi - DPCC",AQI Hourly,04:00:00,float,unknown,84.0 | 110.0 | 97.0,31,3,9.68,False
"R K Puram, Delhi - DPCC/AQI Hourly/aqi_hourly_station_level_r_k_puram,_delhi_-_dpcc_2025_October_delhi_2025.xlsx",Sheet1,"R K Puram, Delhi - DPCC",AQI Hourly,05:00:00,float,unknown,81.0 | 99.0 | 183.0,31,2,6.45,False
"R K Puram, Delhi - DPCC/AQI Hourly/aqi_hourly_station_level_r_k_puram,_delhi_-_dpcc_2025_October_delhi_2025.xlsx",Sheet1,"R K Puram, Delhi - DPCC",AQI Hourly,06:00:00,float,unknown,77.0 | 103.0 | 186.0,31,2,6.45,False
"R K Puram, Delhi - DPCC/AQI Hourly/aqi_hourly_station_level_r_k_puram,_delhi_-_dpcc_2025_October_delhi_2025.xlsx",Sheet1,"R K Puram, Delhi - DPCC",AQI Hourly,07:00:00,float,unknown,75.0 | 101.0 | 107.0,31,1,3.23,False
"R K Puram, Delhi - DPCC/AQI Hourly/aqi_hourly_station_level_r_k_puram,_delhi_-_dpcc_2025_October_delhi_2025.xlsx",Sheet1,"R K Puram, Delhi - DPCC",AQI Hourly,08:00:00,float,unknown,70.0 | 99.0 | 113.0,31,2,6.45,False
"R K Puram, Delhi - DPCC/AQI Hourly/aqi_hourly_station_level_r_k_puram,_delhi_-_dpcc_2025_October_delhi_2025.xlsx",Sheet1,"R K Puram, Delhi - DPCC",AQI Hourly,09:00:00,float,unknown,64.0 | 98.0 | 121.0,31,2,6.45,False
"R K Puram, Delhi - DPCC/AQI Hourly/aqi_hourly_station_level_r_k_puram,_delhi_-_dpcc_2025_October_delhi_2025.xlsx",Sheet1,"R K Puram, Delhi - DPCC",AQI Hourly,10:00:00,float,unknown,61.0 | 96.0 | 131.0,31,2,6.45,False
"R K Puram, Delhi - DPCC/AQI Hourly/aqi_hourly_station_level_r_k_puram,_delhi_-_dpcc_2025_October_delhi_2025.xlsx",Sheet1,"R K Puram, Delhi - DPCC",AQI Hourly,11:00:00,float,unknown,60.0 | 94.0 | 134.0,31,2,6.45,False
"R K Puram, Delhi - DPCC/AQI Hourly/aqi_hourly_station_level_r_k_puram,_delhi_-_dpcc_2025_October_delhi_2025.xlsx",Sheet1,"R K Puram, Delhi - DPCC",AQI Hourly,12:00:00,float,unknown,55.0 | 91.0 | 136.0,31,2,6.45,False
"R K Puram, Delhi - DPCC/AQI Hourly/aqi_hourly_station_level_r_k_puram,_delhi_-_dpcc_2025_October_delhi_2025.xlsx",Sheet1,"R K Puram, Delhi - DPCC",AQI Hourly,13:00:00,float,unknown,72.0 | 90.0 | 138.0,31,2,6.45,False
"R K Puram, Delhi - DPCC/AQI Hourly/aqi_hourly_station_level_r_k_puram,_delhi_-_dpcc_2025_October_delhi_2025.xlsx",Sheet1,"R K Puram, Delhi - DPCC",AQI Hourly,14:00:00,float,unknown,151.0 | 86.0 | 139.0,31,2,6.45,False
"R K Puram, Delhi - DPCC/AQI Hourly/aqi_hourly_station_level_r_k_puram,_delhi_-_dpcc_2025_October_delhi_2025.xlsx",Sheet1,"R K Puram, Delhi - DPCC",AQI Hourly,15:00:00,float,unknown,179.0 | 82.0 | 141.0,31,2,6.45,False
"R K Puram, Delhi - DPCC/AQI Hourly/aqi_hourly_station_level_r_k_puram,_delhi_-_dpcc_2025_October_delhi_2025.xlsx",Sheet1,"R K Puram, Delhi - DPCC",AQI Hourly,16:00:00,float,unknown,211.0 | 80.0 | 143.0,31,2,6.45,False
"R K Puram, Delhi - DPCC/AQI Hourly/aqi_hourly_station_level_r_k_puram,_delhi_-_dpcc_2025_October_delhi_2025.xlsx",Sheet1,"R K Puram, Delhi - DPCC",AQI Hourly,17:00:00,float,unknown,170.0 | 92.0 | 143.0,31,3,9.68,False
"R K Puram, Delhi - DPCC/AQI Hourly/aqi_hourly_station_level_r_k_puram,_delhi_-_dpcc_2025_October_delhi_2025.xlsx",Sheet1,"R K Puram, Delhi - DPCC",AQI Hourly,18:00:00,float,unknown,153.0 | 97.0 | 142.0,31,3,9.68,False
"R K Puram, Delhi - DPCC/AQI Hourly/aqi_hourly_station_level_r_k_puram,_delhi_-_dpcc_2025_October_delhi_2025.xlsx",Sheet1,"R K Puram, Delhi - DPCC",AQI Hourly,19:00:00,float,unknown,140.0 | 97.0 | 144.0,31,2,6.45,False
"R K Puram, Delhi - DPCC/AQI Hourly/aqi_hourly_station_level_r_k_puram,_delhi_-_dpcc_2025_October_delhi_2025.xlsx",Sheet1,"R K Puram, Delhi - DPCC",AQI Hourly,20:00:00,float,unknown,127.0 | 92.0 | 149.0,31,2,6.45,False
"R K Puram, Delhi - DPCC/AQI Hourly/aqi_hourly_station_level_r_k_puram,_delhi_-_dpcc_2025_October_delhi_2025.xlsx",Sheet1,"R K Puram, Delhi - DPCC",AQI Hourly,21:00:00,float,unknown,118.0 | 85.0 | 154.0,31,2,6.45,False
"R K Puram, Delhi - DPCC/AQI Hourly/aqi_hourly_station_level_r_k_puram,_delhi_-_dpcc_2025_October_delhi_2025.xlsx",Sheet1,"R K Puram, Delhi - DPCC",AQI Hourly,22:00:00,float,unknown,104.0 | 79.0 | 160.0,31,2,6.45,False
"R K Puram, Delhi - DPCC/AQI Hourly/aqi_hourly_station_level_r_k_puram,_delhi_-_dpcc_2025_October_delhi_2025.xlsx",Sheet1,"R K Puram, Delhi - DPCC",AQI Hourly,23:00:00,float,unknown,98.0 | 81.0 | 164.0,31,3,9.68,False
"R K Puram, Delhi - DPCC/AQI Hourly/aqi_hourly_station_level_r_k_puram,_delhi_-_dpcc_2025_September_delhi_2025.xlsx",Sheet1,"R K Puram, Delhi - DPCC",AQI Hourly,Date,int,timestamp,1 | 2 | 3,30,0,0.0,False
"R K Puram, Delhi - DPCC/AQI Hourly/aqi_hourly_station_level_r_k_puram,_delhi_-_dpcc_2025_September_delhi_2025.xlsx",Sheet1,"R K Puram, Delhi - DPCC",AQI Hourly,00:00:00,float,unknown,62.0 | 43.0 | 53.0,30,2,6.67,False
"R K Puram, Delhi - DPCC/AQI Hourly/aqi_hourly_station_level_r_k_puram,_delhi_-_dpcc_2025_September_delhi_2025.xlsx",Sheet1,"R K Puram, Delhi - DPCC",AQI Hourly,01:00:00,float,unknown,61.0 | 46.0 | 56.0,30,2,6.67,False
"R K Puram, Delhi - DPCC/AQI Hourly/aqi_hourly_station_level_r_k_puram,_delhi_-_dpcc_2025_September_delhi_2025.xlsx",Sheet1,"R K Puram, Delhi - DPCC",AQI Hourly,02:00:00,float,unknown,59.0 | 48.0 | 58.0,30,3,10.0,False
"R K Puram, Delhi - DPCC/AQI Hourly/aqi_hourly_station_level_r_k_puram,_delhi_-_dpcc_2025_September_delhi_2025.xlsx",Sheet1,"R K Puram, Delhi - DPCC",AQI Hourly,03:00:00,float,unknown,57.0 | 46.0 | 57.0,30,3,10.0,False
"R K Puram, Delhi - DPCC/AQI Hourly/aqi_hourly_station_level_r_k_puram,_delhi_-_dpcc_2025_September_delhi_2025.xlsx",Sheet1,"R K Puram, Delhi - DPCC",AQI Hourly,04:00:00,float,unknown,54.0 | 44.0 | 59.0,30,2,6.67,False
"R K Puram, Delhi - DPCC/AQI Hourly/aqi_hourly_station_level_r_k_puram,_delhi_-_dpcc_2025_September_delhi_2025.xlsx",Sheet1,"R K Puram, Delhi - DPCC",AQI Hourly,05:00:00,float,unknown,54.0 | 41.0 | 60.0,30,2,6.67,False
"R K Puram, Delhi - DPCC/AQI Hourly/aqi_hourly_station_level_r_k_puram,_delhi_-_dpcc_2025_September_delhi_2025.xlsx",Sheet1,"R K Puram, Delhi - DPCC",AQI Hourly,06:00:00,float,unknown,51.0 | 41.0 | 59.0,30,2,6.67,False
"R K Puram, Delhi - DPCC/AQI Hourly/aqi_hourly_station_level_r_k_puram,_delhi_-_dpcc_2025_September_delhi_2025.xlsx",Sheet1,"R K Puram, Delhi - DPCC",AQI Hourly,07:00:00,float,unknown,49.0 | 42.0 | 57.0,30,2,6.67,False
"R K Puram, Delhi - DPCC/AQI Hourly/aqi_hourly_station_level_r_k_puram,_delhi_-_dpcc_2025_September_delhi_2025.xlsx",Sheet1,"R K Puram, Delhi - DPCC",AQI Hourly,08:00:00,float,unknown,47.0 | 45.0 | 55.0,30,2,6.67,False
"R K Puram, Delhi - DPCC/AQI Hourly/aqi_hourly_station_level_r_k_puram,_delhi_-_dpcc_2025_September_delhi_2025.xlsx",Sheet1,"R K Puram, Delhi - DPCC",AQI Hourly,09:00:00,float,unknown,48.0 | 46.0 | 54.0,30,2,6.67,False
"R K Puram, Delhi - DPCC/AQI Hourly/aqi_hourly_station_level_r_k_puram,_delhi_-_dpcc_2025_September_delhi_2025.xlsx",Sheet1,"R K Puram, Delhi - DPCC",AQI Hourly,10:00:00,float,unknown,49.0 | 39.0 | 53.0,30,2,6.67,False
"R K Puram, Delhi - DPCC/AQI Hourly/aqi_hourly_station_level_r_k_puram,_delhi_-_dpcc_2025_September_delhi_2025.xlsx",Sheet1,"R K Puram, Delhi - DPCC",AQI Hourly,11:00:00,float,unknown,49.0 | 39.0 | 49.0,30,2,6.67,False
"R K Puram, Delhi - DPCC/AQI Hourly/aqi_hourly_station_level_r_k_puram,_delhi_-_dpcc_2025_September_delhi_2025.xlsx",Sheet1,"R K Puram, Delhi - DPCC",AQI Hourly,12:00:00,float,unknown,50.0 | 41.0 | 48.0,30,2,6.67,False
"R K Puram, Delhi - DPCC/AQI Hourly/aqi_hourly_station_level_r_k_puram,_delhi_-_dpcc_2025_September_delhi_2025.xlsx",Sheet1,"R K Puram, Delhi - DPCC",AQI Hourly,13:00:00,float,unknown,49.0 | 41.0 | 47.0,30,1,3.33,False
"R K Puram, Delhi - DPCC/AQI Hourly/aqi_hourly_station_level_r_k_puram,_delhi_-_dpcc_2025_September_delhi_2025.xlsx",Sheet1,"R K Puram, Delhi - DPCC",AQI Hourly,14:00:00,float,unknown,48.0 | 41.0 | 46.0,30,1,3.33,False
"R K Puram, Delhi - DPCC/AQI Hourly/aqi_hourly_station_level_r_k_puram,_delhi_-_dpcc_2025_September_delhi_2025.xlsx",Sheet1,"R K Puram, Delhi - DPCC",AQI Hourly,15:00:00,float,unknown,48.0 | 40.0 | 46.0,30,1,3.33,False
"R K Puram, Delhi - DPCC/AQI Hourly/aqi_hourly_station_level_r_k_puram,_delhi_-_dpcc_2025_September_delhi_2025.xlsx",Sheet1,"R K Puram, Delhi - DPCC",AQI Hourly,16:00:00,float,unknown,48.0 | 39.0 | 47.0,30,1,3.33,False
"R K Puram, Delhi - DPCC/AQI Hourly/aqi_hourly_station_level_r_k_puram,_delhi_-_dpcc_2025_September_delhi_2025.xlsx",Sheet1,"R K Puram, Delhi - DPCC",AQI Hourly,17:00:00,float,unknown,48.0 | 38.0 | 49.0,30,1,3.33,False
"R K Puram, Delhi - DPCC/AQI Hourly/aqi_hourly_station_level_r_k_puram,_delhi_-_dpcc_2025_September_delhi_2025.xlsx",Sheet1,"R K Puram, Delhi - DPCC",AQI Hourly,18:00:00,float,unknown,45.0 | 37.0 | 52.0,30,2,6.67,False
"R K Puram, Delhi - DPCC/AQI Hourly/aqi_hourly_station_level_r_k_puram,_delhi_-_dpcc_2025_September_delhi_2025.xlsx",Sheet1,"R K Puram, Delhi - DPCC",AQI Hourly,19:00:00,float,unknown,44.0 | 35.0 | 51.0,30,1,3.33,False
"R K Puram, Delhi - DPCC/AQI Hourly/aqi_hourly_station_level_r_k_puram,_delhi_-_dpcc_2025_September_delhi_2025.xlsx",Sheet1,"R K Puram, Delhi - DPCC",AQI Hourly,20:00:00,float,unknown,42.0 | 39.0 | 50.0,30,1,3.33,False
"R K Puram, Delhi - DPCC/AQI Hourly/aqi_hourly_station_level_r_k_puram,_delhi_-_dpcc_2025_September_delhi_2025.xlsx",Sheet1,"R K Puram, Delhi - DPCC",AQI Hourly,21:00:00,float,unknown,41.0 | 40.0 | 51.0,30,1,3.33,False
"R K Puram, Delhi - DPCC/AQI Hourly/aqi_hourly_station_level_r_k_puram,_delhi_-_dpcc_2025_September_delhi_2025.xlsx",Sheet1,"R K Puram, Delhi - DPCC",AQI Hourly,22:00:00,float,unknown,40.0 | 42.0 | 51.0,30,1,3.33,False
"R K Puram, Delhi - DPCC/AQI Hourly/aqi_hourly_station_level_r_k_puram,_delhi_-_dpcc_2025_September_delhi_2025.xlsx",Sheet1,"R K Puram, Delhi - DPCC",AQI Hourly,23:00:00,float,unknown,38.0 | 42.0 | 53.0,30,2,6.67,False
"R K Puram, Delhi - DPCC/Raw Data/2024_raw_data_hourly_r_k_puram,_delhi_-_dpcc_1H.csv",sheet1,"R K Puram, Delhi - DPCC",Raw Data,Timestamp,object/string,timestamp,2024-01-01 00:00:00 | 2024-01-01 01:00:00 | 2024-01-01 02:00:00,8784,0,0.0,False
"R K Puram, Delhi - DPCC/Raw Data/2024_raw_data_hourly_r_k_puram,_delhi_-_dpcc_1H.csv",sheet1,"R K Puram, Delhi - DPCC",Raw Data,PM2.5 (µg/m³),float,PM2.5,190.0 | 191.0 | 183.75,8784,435,4.95,False
"R K Puram, Delhi - DPCC/Raw Data/2024_raw_data_hourly_r_k_puram,_delhi_-_dpcc_1H.csv",sheet1,"R K Puram, Delhi - DPCC",Raw Data,PM10 (µg/m³),float,PM10,266.0 | 283.0 | 278.5,8784,458,5.21,False
"R K Puram, Delhi - DPCC/Raw Data/2024_raw_data_hourly_r_k_puram,_delhi_-_dpcc_1H.csv",sheet1,"R K Puram, Delhi - DPCC",Raw Data,NO (µg/m³),float,NO,17.73 | 14.15 | 8.1,8784,181,2.06,False
"R K Puram, Delhi - DPCC/Raw Data/2024_raw_data_hourly_r_k_puram,_delhi_-_dpcc_1H.csv",sheet1,"R K Puram, Delhi - DPCC",Raw Data,NO2 (µg/m³),float,NO2,61.2 | 62.95 | 67.8,8784,204,2.32,False
"R K Puram, Delhi - DPCC/Raw Data/2024_raw_data_hourly_r_k_puram,_delhi_-_dpcc_1H.csv",sheet1,"R K Puram, Delhi - DPCC",Raw Data,NOx (ppb),float,NOx,47.02 | 45.02 | 42.65,8784,173,1.97,False
"R K Puram, Delhi - DPCC/Raw Data/2024_raw_data_hourly_r_k_puram,_delhi_-_dpcc_1H.csv",sheet1,"R K Puram, Delhi - DPCC",Raw Data,NH3 (µg/m³),float,NH3,29.5 | 34.02 | 25.95,8784,264,3.01,False
"R K Puram, Delhi - DPCC/Raw Data/2024_raw_data_hourly_r_k_puram,_delhi_-_dpcc_1H.csv",sheet1,"R K Puram, Delhi - DPCC",Raw Data,SO2 (µg/m³),float,SO2,25.85 | 27.3 | 26.9,8784,396,4.51,False
"R K Puram, Delhi - DPCC/Raw Data/2024_raw_data_hourly_r_k_puram,_delhi_-_dpcc_1H.csv",sheet1,"R K Puram, Delhi - DPCC",Raw Data,CO (mg/m³),float,CO,1.35 | 1.27 | 1.2,8784,203,2.31,False
"R K Puram, Delhi - DPCC/Raw Data/2024_raw_data_hourly_r_k_puram,_delhi_-_dpcc_1H.csv",sheet1,"R K Puram, Delhi - DPCC",Raw Data,Ozone (µg/m³),float,O3,15.28 | 19.4 | 16.5,8784,473,5.38,False
"R K Puram, Delhi - DPCC/Raw Data/2024_raw_data_hourly_r_k_puram,_delhi_-_dpcc_1H.csv",sheet1,"R K Puram, Delhi - DPCC",Raw Data,Benzene (µg/m³),float,Benzene,0.3 | 0.28 | 0.25,8784,923,10.51,False
"R K Puram, Delhi - DPCC/Raw Data/2024_raw_data_hourly_r_k_puram,_delhi_-_dpcc_1H.csv",sheet1,"R K Puram, Delhi - DPCC",Raw Data,Toluene (µg/m³),float,Toluene,1.03 | 1.02 | 0.98,8784,923,10.51,False
"R K Puram, Delhi - DPCC/Raw Data/2024_raw_data_hourly_r_k_puram,_delhi_-_dpcc_1H.csv",sheet1,"R K Puram, Delhi - DPCC",Raw Data,Xylene (µg/m³),float,Xylene,,8784,8784,100.0,True
"R K Puram, Delhi - DPCC/Raw Data/2024_raw_data_hourly_r_k_puram,_delhi_-_dpcc_1H.csv",sheet1,"R K Puram, Delhi - DPCC",Raw Data,O Xylene (µg/m³),float,Xylene,,8784,8784,100.0,True
"R K Puram, Delhi - DPCC/Raw Data/2024_raw_data_hourly_r_k_puram,_delhi_-_dpcc_1H.csv",sheet1,"R K Puram, Delhi - DPCC",Raw Data,Eth-Benzene (µg/m³),float,Benzene,,8784,8784,100.0,True
"R K Puram, Delhi - DPCC/Raw Data/2024_raw_data_hourly_r_k_puram,_delhi_-_dpcc_1H.csv",sheet1,"R K Puram, Delhi - DPCC",Raw Data,MP-Xylene (µg/m³),float,Xylene,,8784,8784,100.0,True
"R K Puram, Delhi - DPCC/Raw Data/2024_raw_data_hourly_r_k_puram,_delhi_-_dpcc_1H.csv",sheet1,"R K Puram, Delhi - DPCC",Raw Data,AT (°C),float,Temp_C,10.5 | 10.3 | 10.22,8784,135,1.54,False
"R K Puram, Delhi - DPCC/Raw Data/2024_raw_data_hourly_r_k_puram,_delhi_-_dpcc_1H.csv",sheet1,"R K Puram, Delhi - DPCC",Raw Data,RH (%),float,RH_pct,75.22 | 75.68 | 75.75,8784,135,1.54,False
"R K Puram, Delhi - DPCC/Raw Data/2024_raw_data_hourly_r_k_puram,_delhi_-_dpcc_1H.csv",sheet1,"R K Puram, Delhi - DPCC",Raw Data,WS (m/s),float,WindSpeed,0.32 | 0.38 | 0.45,8784,135,1.54,False
"R K Puram, Delhi - DPCC/Raw Data/2024_raw_data_hourly_r_k_puram,_delhi_-_dpcc_1H.csv",sheet1,"R K Puram, Delhi - DPCC",Raw Data,WD (deg),float,WindDir,177.0 | 191.5 | 191.25,8784,135,1.54,False
"R K Puram, Delhi - DPCC/Raw Data/2024_raw_data_hourly_r_k_puram,_delhi_-_dpcc_1H.csv",sheet1,"R K Puram, Delhi - DPCC",Raw Data,RF (mm),float,Rainfall,,8784,8784,100.0,True
"R K Puram, Delhi - DPCC/Raw Data/2024_raw_data_hourly_r_k_puram,_delhi_-_dpcc_1H.csv",sheet1,"R K Puram, Delhi - DPCC",Raw Data,TOT-RF (mm),float,TotalRainfall,0.0 | 0.0 | 0.0,8784,0,0.0,False
"R K Puram, Delhi - DPCC/Raw Data/2024_raw_data_hourly_r_k_puram,_delhi_-_dpcc_1H.csv",sheet1,"R K Puram, Delhi - DPCC",Raw Data,SR (W/mt2),float,SolarRad,5.38 | 5.32 | 5.28,8784,135,1.54,False
"R K Puram, Delhi - DPCC/Raw Data/2024_raw_data_hourly_r_k_puram,_delhi_-_dpcc_1H.csv",sheet1,"R K Puram, Delhi - DPCC",Raw Data,BP (mmHg),float,BaroPressure,991.9 | 991.92 | 991.92,8784,339,3.86,False
"R K Puram, Delhi - DPCC/Raw Data/2024_raw_data_hourly_r_k_puram,_delhi_-_dpcc_1H.csv",sheet1,"R K Puram, Delhi - DPCC",Raw Data,VWS (m/s),float,VWS,1.02 | 1.0 | 0.92,8784,161,1.83,False
"R K Puram, Delhi - DPCC/Raw Data/2025_raw_data_hourly_r_k_puram,_delhi_-_dpcc_1H.csv",sheet1,"R K Puram, Delhi - DPCC",Raw Data,Timestamp,object/string,timestamp,2025-01-01 00:00:00 | 2025-01-01 01:00:00 | 2025-01-01 02:00:00,8760,0,0.0,False
"R K Puram, Delhi - DPCC/Raw Data/2025_raw_data_hourly_r_k_puram,_delhi_-_dpcc_1H.csv",sheet1,"R K Puram, Delhi - DPCC",Raw Data,PM2.5 (µg/m³),float,PM2.5,349.0 | 324.0 | 276.0,8760,402,4.59,False
"R K Puram, Delhi - DPCC/Raw Data/2025_raw_data_hourly_r_k_puram,_delhi_-_dpcc_1H.csv",sheet1,"R K Puram, Delhi - DPCC",Raw Data,PM10 (µg/m³),float,PM10,459.0 | 400.0 | 368.0,8760,514,5.87,False
"R K Puram, Delhi - DPCC/Raw Data/2025_raw_data_hourly_r_k_puram,_delhi_-_dpcc_1H.csv",sheet1,"R K Puram, Delhi - DPCC",Raw Data,NO (µg/m³),float,NO,82.43 | 92.28 | 95.45,8760,88,1.0,False
"R K Puram, Delhi - DPCC/Raw Data/2025_raw_data_hourly_r_k_puram,_delhi_-_dpcc_1H.csv",sheet1,"R K Puram, Delhi - DPCC",Raw Data,NO2 (µg/m³),float,NO2,42.37 | 38.3 | 35.75,8760,130,1.48,False
"R K Puram, Delhi - DPCC/Raw Data/2025_raw_data_hourly_r_k_puram,_delhi_-_dpcc_1H.csv",sheet1,"R K Puram, Delhi - DPCC",Raw Data,NOx (ppb),float,NOx,89.6 | 95.38 | 96.0,8760,86,0.98,False
"R K Puram, Delhi - DPCC/Raw Data/2025_raw_data_hourly_r_k_puram,_delhi_-_dpcc_1H.csv",sheet1,"R K Puram, Delhi - DPCC",Raw Data,NH3 (µg/m³),float,NH3,23.4 | 22.55 | 19.95,8760,177,2.02,False
"R K Puram, Delhi - DPCC/Raw Data/2025_raw_data_hourly_r_k_puram,_delhi_-_dpcc_1H.csv",sheet1,"R K Puram, Delhi - DPCC",Raw Data,SO2 (µg/m³),float,SO2,31.73 | 32.75 | 34.55,8760,462,5.27,False
"R K Puram, Delhi - DPCC/Raw Data/2025_raw_data_hourly_r_k_puram,_delhi_-_dpcc_1H.csv",sheet1,"R K Puram, Delhi - DPCC",Raw Data,CO (mg/m³),float,CO,3.14 | 2.7 | 2.49,8760,290,3.31,False
"R K Puram, Delhi - DPCC/Raw Data/2025_raw_data_hourly_r_k_puram,_delhi_-_dpcc_1H.csv",sheet1,"R K Puram, Delhi - DPCC",Raw Data,Ozone (µg/m³),float,O3,11.67 | 13.75 | 12.5,8760,192,2.19,False
"R K Puram, Delhi - DPCC/Raw Data/2025_raw_data_hourly_r_k_puram,_delhi_-_dpcc_1H.csv",sheet1,"R K Puram, Delhi - DPCC",Raw Data,Benzene (µg/m³),float,Benzene,0.23 | 0.25 | 0.23,8760,572,6.53,False
"R K Puram, Delhi - DPCC/Raw Data/2025_raw_data_hourly_r_k_puram,_delhi_-_dpcc_1H.csv",sheet1,"R K Puram, Delhi - DPCC",Raw Data,Toluene (µg/m³),float,Toluene,1.37 | 1.02 | 1.42,8760,572,6.53,False
"R K Puram, Delhi - DPCC/Raw Data/2025_raw_data_hourly_r_k_puram,_delhi_-_dpcc_1H.csv",sheet1,"R K Puram, Delhi - DPCC",Raw Data,Xylene (µg/m³),float,Xylene,,8760,8760,100.0,True
"R K Puram, Delhi - DPCC/Raw Data/2025_raw_data_hourly_r_k_puram,_delhi_-_dpcc_1H.csv",sheet1,"R K Puram, Delhi - DPCC",Raw Data,O Xylene (µg/m³),float,Xylene,,8760,8760,100.0,True
"R K Puram, Delhi - DPCC/Raw Data/2025_raw_data_hourly_r_k_puram,_delhi_-_dpcc_1H.csv",sheet1,"R K Puram, Delhi - DPCC",Raw Data,Eth-Benzene (µg/m³),float,Benzene,,8760,8760,100.0,True
"R K Puram, Delhi - DPCC/Raw Data/2025_raw_data_hourly_r_k_puram,_delhi_-_dpcc_1H.csv",sheet1,"R K Puram, Delhi - DPCC",Raw Data,MP-Xylene (µg/m³),float,Xylene,,8760,8760,100.0,True
"R K Puram, Delhi - DPCC/Raw Data/2025_raw_data_hourly_r_k_puram,_delhi_-_dpcc_1H.csv",sheet1,"R K Puram, Delhi - DPCC",Raw Data,AT (°C),float,Temp_C,10.7 | 10.3 | 10.0,8760,53,0.61,False
"R K Puram, Delhi - DPCC/Raw Data/2025_raw_data_hourly_r_k_puram,_delhi_-_dpcc_1H.csv",sheet1,"R K Puram, Delhi - DPCC",Raw Data,RH (%),float,RH_pct,89.67 | 90.0 | 90.25,8760,53,0.61,False
"R K Puram, Delhi - DPCC/Raw Data/2025_raw_data_hourly_r_k_puram,_delhi_-_dpcc_1H.csv",sheet1,"R K Puram, Delhi - DPCC",Raw Data,WS (m/s),float,WindSpeed,0.3 | 0.3 | 0.3,8760,53,0.61,False
"R K Puram, Delhi - DPCC/Raw Data/2025_raw_data_hourly_r_k_puram,_delhi_-_dpcc_1H.csv",sheet1,"R K Puram, Delhi - DPCC",Raw Data,WD (deg),float,WindDir,191.67 | 180.25 | 180.75,8760,53,0.61,False
"R K Puram, Delhi - DPCC/Raw Data/2025_raw_data_hourly_r_k_puram,_delhi_-_dpcc_1H.csv",sheet1,"R K Puram, Delhi - DPCC",Raw Data,RF (mm),float,Rainfall,,8760,8760,100.0,True
"R K Puram, Delhi - DPCC/Raw Data/2025_raw_data_hourly_r_k_puram,_delhi_-_dpcc_1H.csv",sheet1,"R K Puram, Delhi - DPCC",Raw Data,TOT-RF (mm),float,TotalRainfall,0.0 | 0.0 | 0.0,8760,0,0.0,False
"R K Puram, Delhi - DPCC/Raw Data/2025_raw_data_hourly_r_k_puram,_delhi_-_dpcc_1H.csv",sheet1,"R K Puram, Delhi - DPCC",Raw Data,SR (W/mt2),float,SolarRad,6.0 | 6.0 | 6.0,8760,55,0.63,False
"R K Puram, Delhi - DPCC/Raw Data/2025_raw_data_hourly_r_k_puram,_delhi_-_dpcc_1H.csv",sheet1,"R K Puram, Delhi - DPCC",Raw Data,BP (mmHg),float,BaroPressure,910.33 | 909.5 | 732.0,8760,129,1.47,False
"R K Puram, Delhi - DPCC/Raw Data/2025_raw_data_hourly_r_k_puram,_delhi_-_dpcc_1H.csv",sheet1,"R K Puram, Delhi - DPCC",Raw Data,VWS (m/s),float,VWS,-0.02 | -0.02 | -0.02,8760,54,0.62,False
"R K Puram, Delhi - DPCC/Raw Data/2026_raw_data_hourly_r_k_puram,_delhi_-_dpcc_1H.csv",sheet1,"R K Puram, Delhi - DPCC",Raw Data,Timestamp,object/string,timestamp,2026-01-01 00:00:00 | 2026-01-01 01:00:00 | 2026-01-01 02:00:00,5088,0,0.0,False
"R K Puram, Delhi - DPCC/Raw Data/2026_raw_data_hourly_r_k_puram,_delhi_-_dpcc_1H.csv",sheet1,"R K Puram, Delhi - DPCC",Raw Data,PM2.5 (µg/m³),float,PM2.5,299.0 | 301.0 | 241.0,5088,255,5.01,False
"R K Puram, Delhi - DPCC/Raw Data/2026_raw_data_hourly_r_k_puram,_delhi_-_dpcc_1H.csv",sheet1,"R K Puram, Delhi - DPCC",Raw Data,PM10 (µg/m³),float,PM10,412.0 | 370.0 | 315.0,5088,303,5.96,False
"R K Puram, Delhi - DPCC/Raw Data/2026_raw_data_hourly_r_k_puram,_delhi_-_dpcc_1H.csv",sheet1,"R K Puram, Delhi - DPCC",Raw Data,NO (µg/m³),float,NO,3.67 | 2.5 | 1.5,5088,179,3.52,False
"R K Puram, Delhi - DPCC/Raw Data/2026_raw_data_hourly_r_k_puram,_delhi_-_dpcc_1H.csv",sheet1,"R K Puram, Delhi - DPCC",Raw Data,NO2 (µg/m³),float,NO2,28.67 | 21.75 | 15.5,5088,172,3.38,False
"R K Puram, Delhi - DPCC/Raw Data/2026_raw_data_hourly_r_k_puram,_delhi_-_dpcc_1H.csv",sheet1,"R K Puram, Delhi - DPCC",Raw Data,NOx (ppb),float,NOx,18.67 | 13.75 | 9.0,5088,165,3.24,False
"R K Puram, Delhi - DPCC/Raw Data/2026_raw_data_hourly_r_k_puram,_delhi_-_dpcc_1H.csv",sheet1,"R K Puram, Delhi - DPCC",Raw Data,NH3 (µg/m³),float,NH3,33.33 | 36.75 | 33.5,5088,162,3.18,False
"R K Puram, Delhi - DPCC/Raw Data/2026_raw_data_hourly_r_k_puram,_delhi_-_dpcc_1H.csv",sheet1,"R K Puram, Delhi - DPCC",Raw Data,SO2 (µg/m³),float,SO2,25.33 | 26.25 | 25.5,5088,465,9.14,False
"R K Puram, Delhi - DPCC/Raw Data/2026_raw_data_hourly_r_k_puram,_delhi_-_dpcc_1H.csv",sheet1,"R K Puram, Delhi - DPCC",Raw Data,CO (mg/m³),float,CO,1.0 | 1.0 | 1.0,5088,227,4.46,False
"R K Puram, Delhi - DPCC/Raw Data/2026_raw_data_hourly_r_k_puram,_delhi_-_dpcc_1H.csv",sheet1,"R K Puram, Delhi - DPCC",Raw Data,Ozone (µg/m³),float,O3,4.0 | 11.0 | 14.75,5088,297,5.84,False
"R K Puram, Delhi - DPCC/Raw Data/2026_raw_data_hourly_r_k_puram,_delhi_-_dpcc_1H.csv",sheet1,"R K Puram, Delhi - DPCC",Raw Data,Benzene (µg/m³),float,Benzene,3.0 | 3.25 | 4.0,5088,474,9.32,False
"R K Puram, Delhi - DPCC/Raw Data/2026_raw_data_hourly_r_k_puram,_delhi_-_dpcc_1H.csv",sheet1,"R K Puram, Delhi - DPCC",Raw Data,Toluene (µg/m³),float,Toluene,8.0 | 5.5 | 3.25,5088,467,9.18,False
"R K Puram, Delhi - DPCC/Raw Data/2026_raw_data_hourly_r_k_puram,_delhi_-_dpcc_1H.csv",sheet1,"R K Puram, Delhi - DPCC",Raw Data,Xylene (µg/m³),float,Xylene,,5088,5088,100.0,True
"R K Puram, Delhi - DPCC/Raw Data/2026_raw_data_hourly_r_k_puram,_delhi_-_dpcc_1H.csv",sheet1,"R K Puram, Delhi - DPCC",Raw Data,O Xylene (µg/m³),float,Xylene,,5088,5088,100.0,True
"R K Puram, Delhi - DPCC/Raw Data/2026_raw_data_hourly_r_k_puram,_delhi_-_dpcc_1H.csv",sheet1,"R K Puram, Delhi - DPCC",Raw Data,Eth-Benzene (µg/m³),float,Benzene,,5088,5088,100.0,True
"R K Puram, Delhi - DPCC/Raw Data/2026_raw_data_hourly_r_k_puram,_delhi_-_dpcc_1H.csv",sheet1,"R K Puram, Delhi - DPCC",Raw Data,MP-Xylene (µg/m³),float,Xylene,0.0 | 0.0 | 0.0,5088,977,19.2,False
"R K Puram, Delhi - DPCC/Raw Data/2026_raw_data_hourly_r_k_puram,_delhi_-_dpcc_1H.csv",sheet1,"R K Puram, Delhi - DPCC",Raw Data,AT (°C),float,Temp_C,12.0 | 11.5 | 11.75,5088,141,2.77,False
"R K Puram, Delhi - DPCC/Raw Data/2026_raw_data_hourly_r_k_puram,_delhi_-_dpcc_1H.csv",sheet1,"R K Puram, Delhi - DPCC",Raw Data,RH (%),float,RH_pct,92.0 | 92.0 | 92.0,5088,141,2.77,False
"R K Puram, Delhi - DPCC/Raw Data/2026_raw_data_hourly_r_k_puram,_delhi_-_dpcc_1H.csv",sheet1,"R K Puram, Delhi - DPCC",Raw Data,WS (m/s),float,WindSpeed,1.0 | 0.75 | 1.0,5088,141,2.77,False
"R K Puram, Delhi - DPCC/Raw Data/2026_raw_data_hourly_r_k_puram,_delhi_-_dpcc_1H.csv",sheet1,"R K Puram, Delhi - DPCC",Raw Data,WD (deg),float,WindDir,164.67 | 170.0 | 161.5,5088,265,5.21,False
"R K Puram, Delhi - DPCC/Raw Data/2026_raw_data_hourly_r_k_puram,_delhi_-_dpcc_1H.csv",sheet1,"R K Puram, Delhi - DPCC",Raw Data,RF (mm),float,Rainfall,,5088,5088,100.0,True
"R K Puram, Delhi - DPCC/Raw Data/2026_raw_data_hourly_r_k_puram,_delhi_-_dpcc_1H.csv",sheet1,"R K Puram, Delhi - DPCC",Raw Data,TOT-RF (mm),float,TotalRainfall,,5088,5088,100.0,True
"R K Puram, Delhi - DPCC/Raw Data/2026_raw_data_hourly_r_k_puram,_delhi_-_dpcc_1H.csv",sheet1,"R K Puram, Delhi - DPCC",Raw Data,SR (W/mt2),float,SolarRad,5.0 | 5.0 | 5.0,5088,141,2.77,False
"R K Puram, Delhi - DPCC/Raw Data/2026_raw_data_hourly_r_k_puram,_delhi_-_dpcc_1H.csv",sheet1,"R K Puram, Delhi - DPCC",Raw Data,BP (mmHg),float,BaroPressure,986.0 | 986.0 | 986.0,5088,152,2.99,False
"R K Puram, Delhi - DPCC/Raw Data/2026_raw_data_hourly_r_k_puram,_delhi_-_dpcc_1H.csv",sheet1,"R K Puram, Delhi - DPCC",Raw Data,VWS (m/s),float,VWS,0.0 | 0.0 | 0.0,5088,141,2.77,False
