Timestamp,PM2.5 (µg/m³),PM10 (µg/m³),NO (µg/m³),NO2 (µg/m³),NOx (ppb),NH3 (µg/m³),SO2 (µg/m³),CO (mg/m³),Ozone (µg/m³),Benzene (µg/m³),Toluene (µg/m³),Xylene (µg/m³),O Xylene (µg/m³),Eth-Benzene (µg/m³),MP-Xylene (µg/m³),AT (°C),RH (%),WS (m/s),WD (deg),RF (mm),TOT-RF (mm),SR (W/mt2),BP (mmHg),VWS (m/s)
2026-01-01 00:00:00,317.0,414.0,39.33,85.33,77.33,9.0,8.67,1.33,4.0,3.33,2.33,NA,1.0,0.33,0.0,11.0,90.67,0.0,183.0,0.0,0.0,10.0,978.0,NA
2026-01-01 01:00:00,437.0,494.0,31.75,75.0,66.25,11.75,9.0,1.0,4.0,3.5,2.75,NA,3.5,0.5,0.25,11.0,90.0,0.0,183.0,0.0,0.0,10.0,978.5,NA
2026-01-01 02:00:00,259.0,328.0,29.25,68.0,60.25,14.5,8.33,1.0,12.0,1.5,1.0,NA,0.0,0.0,0.0,11.0,90.0,0.0,180.75,0.0,0.0,10.0,979.0,NA
2026-01-01 03:00:00,234.0,322.0,26.25,66.5,57.0,13.25,6.25,0.5,14.75,1.0,1.0,NA,0.0,0.0,0.0,11.0,89.75,0.0,182.25,0.0,0.0,10.0,979.0,NA
2026-01-01 04:00:00,243.0,307.0,25.25,67.0,56.0,12.75,5.0,0.0,15.75,1.0,1.0,NA,0.0,0.0,0.0,11.0,89.75,0.0,182.25,0.0,0.0,10.0,979.0,NA
2026-01-01 05:00:00,223.0,302.0,24.5,64.75,54.75,14.25,4.5,0.0,16.25,1.0,0.25,NA,0.0,0.0,0.0,11.0,90.5,0.0,181.5,0.0,0.0,10.0,979.0,NA
2026-01-01 06:00:00,215.0,304.0,23.75,65.75,54.75,12.25,4.0,0.0,15.75,1.0,0.5,NA,0.0,0.0,0.0,11.0,90.0,0.0,182.25,0.0,0.0,10.0,979.0,NA
2026-01-01 07:00:00,196.0,265.0,25.75,65.0,56.0,13.5,3.75,1.0,16.5,1.0,0.75,NA,0.0,0.0,0.0,11.0,89.25,0.0,182.0,0.0,0.0,12.0,979.0,NA
2026-01-01 08:00:00,191.0,260.0,25.75,66.5,56.75,15.25,9.33,1.0,19.5,1.0,1.0,NA,0.0,0.0,0.0,11.0,87.25,0.0,184.25,0.0,0.0,28.5,979.0,NA
2026-01-01 09:00:00,194.0,283.0,25.75,69.0,57.75,13.0,11.5,1.0,17.0,1.0,1.0,NA,0.0,0.0,0.0,11.25,85.0,0.25,187.5,0.0,0.0,46.5,979.0,NA
2026-01-01 10:00:00,215.0,291.0,28.25,75.25,63.25,11.75,11.5,1.0,14.0,1.25,1.0,NA,0.0,0.0,0.0,11.75,84.0,0.0,191.25,0.0,0.0,65.25,979.0,NA
2026-01-01 11:00:00,233.0,306.0,30.5,71.75,62.75,10.75,13.0,1.0,15.75,2.0,1.25,NA,0.0,0.0,0.0,12.25,80.5,0.5,201.25,0.0,0.0,120.0,979.0,NA
2026-01-01 12:00:00,228.0,313.0,30.75,77.0,66.25,10.75,13.0,1.0,22.75,2.0,1.5,NA,0.0,0.0,0.0,13.0,76.75,0.0,212.25,0.0,0.0,139.25,979.0,NA
2026-01-01 13:00:00,224.0,291.0,26.75,80.0,64.5,12.0,13.25,1.0,35.5,2.0,2.0,NA,0.0,0.0,0.0,13.75,72.0,0.0,228.5,0.0,0.0,192.5,979.0,NA
2026-01-01 14:00:00,224.0,302.0,24.5,82.5,64.25,9.25,12.67,1.0,44.25,2.0,2.0,NA,0.0,0.0,0.0,14.0,68.5,0.0,238.75,0.0,0.0,130.25,979.0,NA
2026-01-01 15:00:00,217.0,307.0,25.5,87.75,67.5,11.5,12.5,1.0,44.0,2.0,3.0,NA,0.0,0.75,0.5,14.0,70.25,0.0,233.0,0.0,0.0,80.5,979.0,NA
2026-01-01 16:00:00,227.0,327.0,23.25,91.0,67.5,10.75,12.25,1.0,32.75,2.0,3.0,NA,0.0,0.75,0.25,14.0,72.25,0.0,228.5,0.0,0.0,45.75,979.0,NA
2026-01-01 17:00:00,262.0,417.0,28.75,105.5,79.5,11.25,13.5,2.0,16.0,3.25,8.0,NA,1.0,3.0,1.75,13.0,80.25,0.0,214.25,0.0,0.0,14.25,979.0,NA
2026-01-01 18:00:00,351.0,480.0,37.5,100.75,84.25,11.75,17.0,2.0,5.75,4.0,11.25,NA,1.0,2.0,1.25,12.25,84.75,0.25,205.0,0.0,0.0,10.0,979.0,NA
2026-01-01 19:00:00,329.0,429.0,39.75,95.5,83.25,11.75,18.25,1.75,6.0,3.0,7.5,NA,0.25,1.25,1.0,12.0,86.0,0.5,200.75,0.0,0.0,10.0,979.0,NA
2026-01-01 20:00:00,309.0,403.0,36.0,83.0,73.5,8.5,13.0,1.0,5.75,2.75,7.25,NA,0.5,1.25,1.0,12.0,87.0,0.25,199.25,0.0,0.0,10.0,979.0,NA
2026-01-01 21:00:00,238.0,313.0,34.0,76.75,68.5,13.0,10.25,1.0,6.5,2.0,4.0,NA,0.0,1.0,0.5,12.0,87.0,0.0,198.0,0.0,0.0,10.0,979.0,NA
2026-01-01 22:00:00,180.0,256.0,31.75,73.75,65.0,12.5,8.5,1.0,10.75,2.0,3.0,NA,0.0,0.25,0.0,12.0,88.0,0.0,196.25,0.0,0.0,10.0,979.0,NA
2026-01-01 23:00:00,179.0,263.0,29.25,70.25,61.25,11.5,6.25,0.5,17.25,1.25,4.0,NA,0.0,0.0,0.0,12.0,88.0,0.25,191.75,0.0,0.0,10.0,979.0,NA
2026-01-02 00:00:00,124.0,174.0,31.75,71.25,63.75,13.75,4.5,0.0,8.75,1.0,1.75,NA,0.0,0.0,0.0,12.0,88.75,0.0,190.25,0.0,0.0,10.0,979.0,NA
2026-01-02 01:00:00,81.0,124.0,32.75,69.0,63.75,9.0,3.25,0.0,9.0,1.0,1.0,NA,0.0,0.0,0.25,12.0,88.0,0.25,191.5,0.0,0.0,10.0,979.0,NA
2026-01-02 02:00:00,70.0,101.0,30.75,67.75,61.25,10.25,8.33,0.0,12.0,1.0,1.0,NA,0.0,0.0,0.0,12.0,88.0,0.25,189.75,0.0,0.0,10.0,979.0,NA
2026-01-02 03:00:00,73.0,103.0,29.5,65.5,59.0,12.25,9.25,0.0,10.75,1.0,1.0,NA,0.0,0.0,0.0,11.0,89.0,0.25,186.5,0.0,0.0,10.0,979.0,NA
2026-01-02 04:00:00,67.0,102.0,32.5,68.0,62.5,12.5,8.75,0.0,7.75,1.0,2.0,NA,0.0,0.0,0.0,11.0,89.75,0.0,182.0,0.0,0.0,10.0,979.0,NA
2026-01-02 05:00:00,80.0,108.0,34.75,71.0,66.5,13.5,8.75,0.0,5.25,1.0,3.25,NA,0.0,0.0,0.0,11.0,91.0,0.0,178.0,0.0,0.0,10.0,978.25,NA
2026-01-02 06:00:00,92.0,134.0,47.0,69.5,75.25,10.0,10.5,0.25,4.0,1.5,4.5,NA,0.0,0.0,0.0,11.0,91.0,0.0,178.0,0.0,0.0,10.0,978.25,NA
2026-01-02 07:00:00,85.0,141.0,42.25,66.5,69.75,10.0,11.0,0.75,4.0,1.0,2.75,NA,0.0,0.25,0.0,11.0,91.25,0.0,177.5,0.0,0.0,13.25,978.25,NA
2026-01-02 08:00:00,119.0,152.0,38.25,70.0,68.5,9.75,9.33,1.0,5.5,1.25,2.5,NA,0.0,0.0,0.0,11.0,91.25,0.0,180.25,0.0,0.0,35.75,978.25,NA
2026-01-02 09:00:00,124.0,162.0,42.75,78.5,76.75,12.5,10.75,1.0,9.25,2.0,2.5,NA,0.0,0.0,0.0,12.0,86.5,0.5,191.75,0.0,0.0,70.0,979.0,NA
2026-01-02 10:00:00,156.0,205.0,34.0,71.5,65.5,10.25,11.75,0.25,23.5,1.75,2.75,NA,0.0,0.0,0.0,12.25,80.5,1.0,202.5,0.0,0.0,111.5,979.0,NA
2026-01-02 11:00:00,99.0,144.0,29.5,64.0,58.25,11.25,11.5,0.0,32.25,1.0,1.25,NA,0.0,0.0,0.0,13.0,73.5,1.0,212.25,0.0,0.0,141.5,979.0,NA
2026-01-02 12:00:00,92.0,144.0,27.5,68.0,58.5,15.25,10.5,0.0,35.0,1.0,2.0,NA,0.0,0.0,0.0,13.0,70.0,1.0,218.75,0.0,0.0,150.5,979.0,NA
2026-01-02 13:00:00,86.0,140.0,25.75,70.5,58.25,15.5,9.25,0.0,34.0,1.0,2.5,NA,0.0,0.0,0.0,13.0,69.5,1.25,218.5,0.0,0.0,103.75,979.0,NA
2026-01-02 14:00:00,99.0,163.0,27.25,69.25,59.0,16.5,11.0,0.0,30.5,1.0,2.25,NA,0.0,0.0,0.0,13.0,68.25,0.75,221.25,0.0,0.0,109.5,979.0,NA
2026-01-02 15:00:00,106.0,174.0,28.0,72.0,61.0,15.5,11.0,0.25,28.25,1.0,2.75,NA,0.0,0.0,0.0,13.0,68.75,1.0,218.75,0.0,0.0,68.75,979.0,NA
2026-01-02 16:00:00,118.0,182.0,28.0,75.75,63.25,12.75,11.0,0.25,24.75,1.0,2.75,NA,0.0,0.0,0.0,13.0,68.75,1.0,213.0,0.0,0.0,40.5,979.0,NA
2026-01-02 17:00:00,146.0,213.0,28.75,85.5,69.0,16.5,13.25,1.0,19.5,1.5,4.25,NA,0.0,0.0,0.0,13.0,69.75,0.25,208.5,0.0,0.0,14.0,979.0,NA
2026-01-02 18:00:00,177.0,250.0,34.0,91.25,76.5,12.0,15.0,1.0,14.75,1.75,5.0,NA,0.0,0.75,0.0,12.5,71.25,0.25,205.25,0.0,0.0,10.0,979.0,NA
2026-01-02 19:00:00,197.0,284.0,40.25,100.25,86.25,12.25,18.25,1.25,8.25,2.75,9.75,NA,0.25,1.0,0.5,12.0,72.75,0.0,202.25,0.0,0.0,10.0,979.0,NA
2026-01-02 20:00:00,216.0,326.0,35.5,94.5,79.25,15.5,13.0,1.0,10.25,2.5,12.25,NA,0.75,1.75,1.25,12.0,72.5,0.0,203.25,0.0,0.0,10.0,979.0,NA
2026-01-02 21:00:00,212.0,309.0,38.25,95.25,82.25,13.75,12.0,1.25,5.75,2.5,10.5,NA,0.5,1.75,1.5,12.0,74.5,0.0,202.5,0.0,0.0,10.0,979.0,NA
2026-01-02 22:00:00,199.0,282.0,34.5,87.75,75.25,14.5,10.25,1.0,6.25,2.0,7.25,NA,1.0,2.0,1.0,12.0,76.25,0.0,201.5,0.0,0.0,10.0,979.0,NA
2026-01-02 23:00:00,167.0,245.0,38.75,86.25,77.5,14.5,7.5,1.0,4.75,1.75,5.5,NA,0.0,1.25,1.0,12.0,76.75,0.0,200.25,0.0,0.0,10.0,979.0,NA
2026-01-03 00:00:00,166.0,239.0,42.0,82.75,78.0,14.5,6.25,0.25,4.25,1.5,4.25,NA,0.0,0.75,0.25,11.75,78.25,0.0,192.0,0.0,0.0,10.0,979.0,NA
2026-01-03 01:00:00,155.0,232.0,48.0,73.5,78.25,14.75,3.5,0.25,3.0,1.0,4.25,NA,0.0,0.0,0.0,11.0,84.5,0.0,182.75,0.0,0.0,10.0,979.0,NA
2026-01-03 02:00:00,141.0,217.0,63.75,74.75,91.75,15.0,9.0,1.0,4.0,1.25,5.5,NA,0.0,0.5,0.0,11.0,86.5,0.0,183.5,0.0,0.0,10.0,979.0,NA
2026-01-03 03:00:00,164.0,273.0,63.25,72.5,90.0,12.0,12.75,1.0,4.0,2.0,11.75,NA,0.0,1.5,1.0,11.0,87.75,0.0,185.0,0.0,0.0,10.0,979.0,NA
2026-01-03 04:00:00,250.0,333.0,49.75,72.25,79.0,10.75,12.75,0.75,4.25,2.0,6.0,NA,0.0,1.0,0.0,11.0,88.0,0.0,186.0,0.0,0.0,10.0,979.0,NA
2026-01-03 05:00:00,204.0,279.0,50.75,72.0,79.75,7.5,12.25,1.0,5.75,1.0,4.25,NA,0.0,0.25,0.0,11.0,88.0,0.0,185.5,0.0,0.0,10.0,979.0,NA
2026-01-03 06:00:00,200.0,268.0,43.75,74.25,75.25,9.0,10.5,0.75,4.75,1.0,3.0,NA,0.0,0.0,0.0,11.0,87.0,0.0,186.0,0.0,0.0,10.0,979.0,NA
2026-01-03 07:00:00,178.0,243.0,36.75,80.5,72.5,11.25,10.5,0.5,8.75,1.0,2.0,NA,0.0,0.0,0.0,12.0,81.75,0.0,189.25,0.0,0.0,13.25,979.0,NA
2026-01-03 08:00:00,164.0,235.0,32.5,84.25,71.25,16.5,11.0,1.0,11.25,1.5,2.5,NA,0.0,0.0,0.0,12.0,79.0,0.0,194.25,0.0,0.0,38.25,979.0,NA
2026-01-03 09:00:00,185.0,256.0,36.0,80.75,72.5,18.75,12.0,1.0,20.5,1.25,2.25,NA,0.0,0.0,0.0,12.0,75.0,0.0,202.5,0.0,0.0,74.75,979.0,NA
2026-01-03 10:00:00,182.0,240.0,30.75,75.75,65.0,16.0,12.0,1.0,25.0,1.25,2.0,NA,0.0,0.0,0.0,13.0,74.0,0.0,210.0,0.0,0.0,98.75,979.0,NA
2026-01-03 11:00:00,167.0,221.0,30.5,77.5,66.0,16.75,12.0,0.75,29.5,1.0,2.5,NA,0.0,0.0,0.25,13.0,69.5,0.0,216.25,0.0,0.0,130.25,979.0,NA
2026-01-03 12:00:00,153.0,222.0,24.75,66.5,55.25,15.75,10.75,0.0,45.75,0.75,2.0,NA,0.0,0.0,0.0,13.75,63.25,0.0,225.25,0.0,0.0,152.75,979.0,NA
2026-01-03 13:00:00,108.0,180.0,24.25,73.5,59.0,13.5,10.0,0.0,43.0,1.0,2.25,NA,0.0,0.0,0.0,13.5,64.25,0.0,223.5,0.0,0.0,91.0,979.0,NA
2026-01-03 14:00:00,136.0,199.0,24.25,76.75,60.5,18.25,10.67,0.0,40.5,1.0,3.0,NA,0.0,0.0,0.0,13.5,64.25,0.0,223.75,0.0,0.0,82.5,979.0,NA
2026-01-03 15:00:00,151.0,232.0,23.5,69.0,56.0,14.5,11.0,0.0,39.75,1.0,3.0,NA,0.0,0.0,0.0,13.5,66.25,0.0,222.25,0.0,0.0,50.75,979.0,NA
2026-01-03 16:00:00,135.0,190.0,22.5,75.5,58.5,18.5,11.0,0.0,32.25,1.0,2.0,NA,0.0,0.0,0.0,13.0,68.5,0.0,217.5,0.0,0.0,33.5,979.0,NA
2026-01-03 17:00:00,153.0,237.0,25.5,85.25,66.5,15.25,11.75,0.5,19.5,1.25,2.75,NA,0.0,0.0,0.0,13.0,71.5,0.0,209.5,0.0,0.0,14.25,979.0,NA
2026-01-03 18:00:00,191.0,271.0,30.25,100.0,78.0,14.75,13.0,1.0,6.5,2.0,1.75,NA,0.0,0.0,0.0,12.0,74.0,0.0,204.75,0.0,0.0,10.0,979.0,NA
2026-01-03 19:00:00,180.0,262.0,29.0,92.25,72.75,17.25,14.5,1.0,6.75,1.75,2.0,NA,0.0,0.5,0.0,12.0,75.25,0.0,202.5,0.0,0.0,10.0,979.0,NA
2026-01-03 20:00:00,222.0,306.0,32.25,91.0,74.75,14.5,12.67,1.25,7.5,2.0,3.75,NA,0.0,0.75,0.0,12.0,73.25,0.0,202.75,0.0,0.0,10.0,979.0,NA
2026-01-03 21:00:00,223.0,329.0,33.25,90.0,75.5,16.0,13.25,1.0,7.75,2.0,5.5,NA,0.0,1.0,0.5,12.0,73.5,0.0,201.25,0.0,0.0,10.0,979.0,NA
2026-01-03 22:00:00,224.0,326.0,33.25,83.5,71.75,14.25,13.25,1.0,6.0,2.0,2.75,NA,0.0,0.25,0.0,12.0,73.5,0.0,201.75,0.0,0.0,10.0,979.0,NA
2026-01-03 23:00:00,240.0,328.0,35.75,82.5,73.25,13.25,11.5,1.0,4.75,1.75,2.0,NA,0.0,0.0,0.0,12.0,76.25,0.0,196.5,0.0,0.0,10.0,979.0,NA
2026-01-04 00:00:00,208.0,310.0,35.5,80.0,71.25,19.25,11.25,1.0,4.5,1.5,2.0,NA,0.0,0.0,0.0,12.0,76.5,0.0,196.25,0.0,0.0,10.0,979.0,NA
2026-01-04 01:00:00,201.0,280.0,43.0,78.75,77.0,17.5,11.5,1.0,4.0,1.5,1.75,NA,0.0,0.0,0.0,11.5,79.75,0.0,188.0,0.0,0.0,10.0,979.0,NA
2026-01-04 02:00:00,227.0,316.0,50.75,75.75,82.0,16.5,12.0,1.0,4.25,2.0,5.25,NA,0.0,0.5,0.25,11.0,84.0,0.0,182.0,0.0,0.0,10.0,979.0,NA
2026-01-04 03:00:00,215.0,299.0,59.5,79.25,90.25,11.5,13.75,1.0,3.75,2.0,9.5,NA,0.0,1.5,1.0,11.5,83.25,0.0,185.75,0.0,0.0,10.0,979.0,NA
2026-01-04 04:00:00,350.0,472.0,52.25,82.75,86.5,11.75,19.0,1.0,4.0,3.25,10.25,NA,1.0,2.0,1.0,12.0,80.5,0.0,189.5,0.0,0.0,10.0,979.0,NA
2026-01-04 05:00:00,368.0,434.0,42.75,80.25,77.25,13.25,18.75,1.0,4.0,2.25,6.75,NA,0.25,1.75,1.0,11.25,81.5,0.0,187.5,0.0,0.0,10.0,979.0,NA
2026-01-04 06:00:00,273.0,346.0,52.0,76.0,82.75,12.75,16.0,1.0,4.0,2.0,8.0,NA,0.75,1.5,1.0,11.0,82.5,0.0,186.75,0.0,0.0,10.0,979.0,NA
2026-01-04 07:00:00,185.0,262.0,54.0,74.75,83.75,17.25,15.5,1.0,3.75,2.0,6.0,NA,0.25,1.5,0.5,11.0,84.5,0.0,181.0,0.0,0.0,15.5,979.0,NA
2026-01-04 08:00:00,213.0,274.0,46.5,71.75,76.0,14.0,12.67,1.0,5.75,2.0,4.75,NA,0.0,1.0,0.0,11.0,84.5,0.0,181.5,0.0,0.0,43.0,979.0,NA
2026-01-04 09:00:00,179.0,241.0,36.75,78.25,71.5,14.25,12.0,1.0,11.5,2.0,3.0,NA,0.0,0.0,0.0,12.0,78.0,0.0,194.75,0.0,0.0,91.5,979.0,NA
2026-01-04 10:00:00,194.0,265.0,34.5,75.25,68.25,8.75,13.0,1.0,22.25,1.5,2.75,NA,0.0,0.0,0.0,12.5,72.5,0.75,204.75,0.0,0.0,134.5,979.0,NA
2026-01-04 11:00:00,174.0,257.0,30.5,71.75,63.0,13.0,11.75,0.25,34.25,1.5,1.75,NA,0.0,0.0,0.0,13.0,70.25,1.0,215.5,0.0,0.0,161.25,979.0,NA
2026-01-04 12:00:00,152.0,221.0,26.75,73.25,60.5,13.25,9.25,0.0,40.0,1.0,2.5,NA,0.0,0.0,0.0,13.0,69.75,0.75,219.75,0.0,0.0,132.75,979.0,NA
2026-01-04 13:00:00,164.0,249.0,23.0,70.75,56.25,12.25,8.5,0.0,45.25,1.0,2.5,NA,0.0,0.0,0.0,13.25,68.5,1.0,223.25,0.0,0.0,182.25,979.0,NA
2026-01-04 14:00:00,146.0,212.0,21.75,71.5,55.75,17.25,11.33,0.0,47.5,1.0,1.5,NA,0.0,0.0,0.0,14.0,67.0,1.0,227.75,0.0,0.0,149.75,979.0,NA
2026-01-04 15:00:00,144.0,208.0,20.25,73.5,55.5,16.5,13.0,0.0,47.75,1.0,1.0,NA,0.0,0.0,0.0,13.75,67.25,0.75,224.25,0.0,0.0,94.5,979.0,NA
2026-01-04 16:00:00,152.0,216.0,26.25,83.75,66.0,15.5,13.0,0.25,31.75,1.25,2.5,NA,0.0,0.0,0.0,13.0,72.0,0.75,212.0,0.0,0.0,52.25,979.0,NA
2026-01-04 17:00:00,200.0,271.0,27.0,82.75,66.0,16.0,15.0,1.0,25.75,1.25,3.75,NA,0.0,0.0,0.0,12.0,77.25,1.0,194.75,0.0,0.0,16.75,979.0,NA
2026-01-04 18:00:00,162.0,233.0,34.0,88.75,75.0,14.5,15.75,1.0,15.25,1.75,8.25,NA,0.0,0.0,0.0,11.0,80.75,0.25,186.75,0.0,0.0,10.0,979.0,NA
2026-01-04 19:00:00,213.0,287.0,35.0,90.25,77.0,12.5,18.0,1.0,12.5,2.75,3.0,NA,0.0,0.0,0.0,11.0,81.25,0.0,182.75,0.0,0.0,10.0,979.0,NA
2026-01-04 20:00:00,201.0,260.0,37.25,88.25,77.5,17.5,12.67,1.0,12.25,2.0,1.5,NA,0.0,0.0,0.0,11.0,81.0,0.0,180.5,0.0,0.0,10.0,979.0,NA
2026-01-04 21:00:00,201.0,257.0,36.25,86.75,76.0,14.75,9.75,1.0,8.0,2.25,2.0,NA,0.0,0.0,0.0,11.0,81.5,0.0,178.25,0.0,0.0,10.0,979.0,NA
2026-01-04 22:00:00,147.0,200.0,31.25,84.0,70.25,14.25,7.5,0.75,11.5,1.25,1.0,NA,0.0,0.0,0.0,11.0,82.0,0.0,174.75,0.0,0.0,10.0,979.0,NA
2026-01-04 23:00:00,119.0,164.0,28.0,72.5,61.5,12.0,6.0,0.0,16.5,0.75,0.75,NA,0.0,0.0,0.0,11.0,80.5,0.0,178.0,0.0,0.0,10.0,979.0,NA
2026-01-05 00:00:00,79.0,121.0,27.5,65.75,57.5,11.25,4.0,0.0,20.25,0.0,0.25,NA,0.0,0.0,0.0,11.0,80.75,0.0,176.0,0.0,0.0,10.0,979.0,NA
2026-01-05 01:00:00,77.0,123.0,28.75,73.25,62.5,13.5,2.5,0.0,17.0,0.0,0.5,NA,0.0,0.0,0.0,10.25,83.0,0.0,168.0,0.0,0.0,10.0,979.0,NA
2026-01-05 02:00:00,101.0,155.0,28.25,70.25,60.5,18.75,7.33,0.0,10.25,0.0,0.0,NA,0.0,0.0,0.0,10.0,83.75,0.0,165.25,0.0,0.0,10.0,979.0,NA
2026-01-05 03:00:00,112.0,169.0,27.5,66.25,57.5,16.5,9.0,0.0,14.0,0.5,0.5,NA,0.0,0.0,0.0,10.0,83.25,0.0,165.0,0.0,0.0,10.0,978.5,NA
2026-01-05 04:00:00,150.0,212.0,24.75,67.75,56.25,14.75,8.0,0.0,14.5,1.0,0.75,NA,0.0,0.0,0.0,10.0,81.75,0.5,164.75,0.0,0.0,10.0,978.25,NA
2026-01-05 05:00:00,152.0,219.0,23.0,66.25,54.0,15.0,8.5,0.0,19.5,0.0,0.25,NA,0.0,0.0,0.0,10.0,81.75,0.0,164.75,0.0,0.0,10.0,978.0,NA
2026-01-05 06:00:00,128.0,180.0,22.75,63.0,52.0,15.75,7.5,0.0,25.25,0.0,0.25,NA,0.0,0.0,0.0,10.0,81.25,0.0,164.75,0.0,0.0,10.0,978.0,NA
2026-01-05 07:00:00,106.0,161.0,26.0,63.75,55.25,14.0,7.25,0.0,22.5,0.5,0.25,NA,0.0,0.0,0.0,10.0,81.0,0.0,166.0,0.0,0.0,13.0,978.0,NA
2026-01-05 08:00:00,128.0,188.0,24.5,68.25,56.5,16.75,10.67,0.0,21.25,1.0,1.0,NA,0.0,0.0,0.0,10.0,80.75,0.25,167.0,0.0,0.0,39.5,978.0,NA
2026-01-05 09:00:00,147.0,206.0,27.75,67.0,58.25,18.25,11.75,0.0,27.75,1.0,0.5,NA,0.0,0.0,0.0,10.75,78.75,0.0,172.25,0.0,0.0,91.0,978.25,NA
2026-01-05 10:00:00,139.0,207.0,26.25,66.75,56.5,17.0,12.5,0.0,34.5,1.0,1.0,NA,0.0,0.0,0.0,11.0,75.75,1.0,180.0,0.0,0.0,123.5,978.0,NA
2026-01-05 11:00:00,129.0,205.0,22.75,66.25,53.75,15.25,12.25,0.0,40.25,1.0,1.5,NA,0.0,0.0,0.0,11.5,73.25,1.0,188.5,0.0,0.0,138.0,978.0,NA
2026-01-05 12:00:00,118.0,195.0,21.75,66.75,53.25,16.5,12.25,0.0,50.5,1.0,2.75,NA,0.0,0.0,0.0,12.0,69.75,0.5,198.25,0.0,0.0,170.0,978.25,NA
2026-01-05 13:00:00,119.0,216.0,20.75,69.0,53.5,16.0,13.0,0.0,60.75,1.0,3.25,NA,0.0,0.5,0.0,13.25,64.5,0.75,217.25,0.0,0.0,265.25,979.0,NA
2026-01-05 14:00:00,110.0,202.0,11.75,45.75,33.75,27.75,12.33,0.0,48.5,0.75,2.75,NA,0.0,0.0,0.0,13.75,61.5,1.0,228.5,0.0,0.0,124.0,978.5,NA
2026-01-05 15:00:00,99.0,180.0,2.5,25.25,15.5,45.33,12.25,0.0,12.33,0.75,1.75,NA,0.0,0.0,0.0,13.0,65.25,0.75,218.5,0.0,0.0,67.25,978.0,NA
2026-01-05 16:00:00,102.0,182.0,5.25,99.0,156.5,134.25,13.0,0.5,17.0,0.75,1.5,NA,0.0,0.0,0.0,13.0,67.5,0.25,215.5,0.0,0.0,52.0,978.25,NA
2026-01-05 17:00:00,158.0,260.0,9.75,75.0,48.0,60.5,15.0,0.75,14.5,1.0,4.0,NA,0.0,0.75,0.25,13.0,71.25,0.0,209.0,0.0,0.0,15.0,979.0,NA
2026-01-05 18:00:00,185.0,326.0,21.67,107.67,75.0,54.33,18.0,1.33,7.0,2.33,8.33,NA,0.33,1.67,1.0,12.0,75.0,0.0,203.67,0.0,0.0,10.0,979.0,NA
2026-01-05 19:00:00,254.0,383.75,37.25,113.5,90.75,63.75,23.5,2.0,5.0,4.0,13.5,NA,1.25,2.5,2.25,12.0,76.75,0.0,201.25,0.0,0.0,10.0,979.25,NA
2026-01-05 20:00:00,314.5,466.0,50.25,109.75,99.25,70.0,17.0,2.0,4.0,4.25,25.5,NA,2.0,5.0,3.25,12.0,79.0,0.0,197.5,0.0,0.0,10.0,979.75,NA
2026-01-05 21:00:00,322.5,463.0,45.75,102.25,92.0,67.25,11.75,1.75,4.0,4.25,20.5,NA,3.75,5.75,4.25,12.0,81.5,0.0,192.75,0.0,0.0,10.0,979.5,NA
2026-01-05 22:00:00,247.5,348.5,43.0,96.25,86.25,63.25,9.75,1.25,4.0,2.5,7.75,NA,1.75,4.5,2.75,11.75,83.25,0.0,188.75,0.0,0.0,10.0,979.25,NA
2026-01-05 23:00:00,211.0,295.75,46.75,91.25,86.75,56.25,7.75,1.0,3.25,2.0,6.5,NA,0.5,3.0,1.25,11.0,84.75,0.0,184.75,0.0,0.0,10.0,979.75,NA
2026-01-06 00:00:00,182.25,256.25,45.5,86.25,83.0,50.0,5.5,0.0,3.5,1.25,5.5,NA,0.0,1.25,0.25,11.0,86.5,0.0,180.5,0.0,0.0,10.0,979.0,NA
2026-01-06 01:00:00,NA,NA,37.5,82.5,74.25,44.0,3.25,0.0,4.0,1.75,5.5,NA,0.25,0.5,0.0,11.0,87.25,0.25,177.5,0.0,0.0,10.0,979.0,NA
2026-01-06 02:00:00,174.0,230.0,35.5,77.5,70.0,42.0,4.0,0.0,5.0,1.0,4.0,NA,0.0,0.0,0.0,11.0,88.0,0.5,174.5,0.0,0.0,10.0,979.0,NA
2026-01-06 03:00:00,157.0,207.0,38.0,74.0,70.0,36.0,10.0,0.0,4.0,1.0,3.0,NA,0.0,0.0,0.0,10.0,90.0,0.0,167.0,0.0,0.0,10.0,979.0,NA
2026-01-06 04:00:00,164.0,219.0,37.5,76.0,70.75,36.5,9.75,0.0,3.75,1.25,3.5,NA,0.0,0.0,0.0,10.0,90.0,0.25,166.0,0.0,0.0,10.0,979.0,NA
2026-01-06 05:00:00,164.0,218.0,39.0,75.0,71.75,35.25,8.75,0.0,3.5,1.0,2.25,NA,0.0,0.0,0.0,10.0,90.0,0.0,162.0,0.0,0.0,10.0,979.0,NA
2026-01-06 06:00:00,167.0,229.0,42.5,72.25,73.25,35.0,8.25,0.0,3.75,1.0,2.75,NA,0.0,0.0,0.0,10.0,90.0,0.0,159.75,0.0,0.0,10.0,979.0,NA
2026-01-06 07:00:00,190.0,252.0,42.25,71.0,72.5,35.5,9.25,0.5,3.25,1.0,2.25,NA,0.0,0.0,0.0,10.0,90.5,0.0,158.25,0.0,0.0,13.5,979.0,NA
2026-01-06 08:00:00,194.0,267.0,43.75,71.0,73.25,33.25,11.0,1.0,4.25,1.0,2.0,NA,0.0,0.0,0.0,10.0,89.75,0.0,161.25,0.0,0.0,37.75,979.0,NA
2026-01-06 09:00:00,211.0,287.0,47.25,70.75,75.75,34.25,12.0,1.0,4.5,1.0,1.5,NA,0.0,0.0,0.0,10.0,89.75,0.5,162.0,0.0,0.0,59.75,979.0,NA
2026-01-06 10:00:00,208.0,259.0,43.25,73.25,74.25,32.0,12.0,1.0,5.5,1.25,2.0,NA,0.0,0.0,0.0,10.0,89.25,0.75,166.75,0.0,0.0,63.75,979.0,NA
2026-01-06 11:00:00,191.0,252.0,39.25,71.5,70.25,33.5,12.0,1.0,7.25,1.75,2.0,NA,0.0,0.0,0.0,11.0,87.75,0.25,174.0,0.0,0.0,71.5,979.0,NA
2026-01-06 12:00:00,193.0,260.0,38.25,67.0,66.75,35.5,12.0,1.0,8.25,1.5,2.25,NA,0.0,0.0,0.0,11.0,84.75,1.0,180.25,0.0,0.0,109.75,979.0,NA
2026-01-06 13:00:00,178.0,246.0,39.0,72.75,70.5,36.0,12.5,1.0,9.25,1.25,2.25,NA,0.0,0.0,0.0,11.0,82.0,1.0,185.25,0.0,0.0,124.25,979.75,NA
2026-01-06 14:00:00,226.0,289.0,39.0,72.75,70.75,36.75,12.33,1.0,9.5,1.5,4.0,NA,0.0,0.25,0.0,12.0,79.0,1.0,192.75,0.0,0.0,129.25,980.0,NA
2026-01-06 15:00:00,179.0,263.0,38.75,77.75,73.0,36.25,11.75,0.25,9.25,1.0,5.25,NA,0.0,1.0,0.0,12.0,78.5,1.0,192.25,0.0,0.0,107.0,980.0,NA
2026-01-06 16:00:00,186.0,266.0,44.75,84.75,81.5,35.75,12.5,0.75,6.5,1.25,6.5,NA,0.0,0.75,0.0,11.5,79.25,1.0,187.75,0.0,0.0,57.75,980.0,NA
2026-01-06 17:00:00,178.0,276.0,44.75,87.75,83.0,36.5,12.25,1.0,4.75,1.5,6.0,NA,0.0,0.25,0.0,11.0,83.0,0.5,178.75,0.0,0.0,20.75,980.0,NA
2026-01-06 18:00:00,227.0,324.0,54.75,95.5,95.5,36.75,14.5,1.25,4.5,2.0,8.0,NA,0.0,1.0,1.0,11.0,86.0,0.25,171.75,0.0,0.0,10.0,979.5,NA
2026-01-06 19:00:00,307.0,399.0,51.0,91.5,90.0,37.0,18.0,1.25,4.25,3.0,11.0,NA,0.5,1.75,1.0,10.5,86.75,0.25,170.25,0.0,0.0,9.75,979.75,NA
2026-01-06 20:00:00,240.0,304.0,38.5,79.5,74.0,37.5,12.0,1.0,5.25,2.75,6.0,NA,0.0,1.0,0.25,10.0,87.5,0.75,166.0,0.0,0.0,10.0,979.25,NA
2026-01-06 21:00:00,222.0,299.0,38.75,78.25,73.5,37.5,8.75,1.0,5.5,2.0,5.5,NA,0.0,0.25,0.0,10.0,87.75,0.75,166.0,0.0,0.0,10.0,979.25,NA
2026-01-06 22:00:00,213.0,274.0,34.0,76.0,68.0,37.25,7.25,0.75,6.0,1.0,2.0,NA,0.0,0.0,0.0,10.0,88.75,0.5,164.0,0.0,0.0,10.0,979.0,NA
2026-01-06 23:00:00,179.0,238.0,30.25,71.25,62.75,36.75,5.0,0.0,7.0,1.0,2.25,NA,0.0,0.0,0.0,10.0,88.75,0.5,161.5,0.0,0.0,10.0,979.0,NA
2026-01-07 00:00:00,146.0,202.0,27.25,71.0,60.0,34.75,3.0,0.0,7.25,0.5,2.75,NA,0.0,0.0,0.0,10.0,88.25,0.5,160.5,0.0,0.0,10.0,979.0,NA
2026-01-07 01:00:00,124.0,185.0,29.5,66.5,59.5,38.0,1.5,0.0,7.0,0.0,2.25,NA,0.0,0.0,0.0,10.0,88.0,0.0,160.0,0.0,0.0,10.0,979.0,NA
2026-01-07 02:00:00,121.0,172.0,27.25,66.0,57.25,38.25,6.0,0.0,11.75,0.0,1.75,NA,0.0,0.0,0.0,10.0,87.75,0.0,160.0,0.0,0.0,10.0,979.0,NA
2026-01-07 03:00:00,121.0,183.0,26.75,63.0,55.75,36.0,9.0,0.0,12.25,0.0,1.0,NA,0.0,0.0,0.0,10.0,88.0,0.0,158.25,0.0,0.0,10.0,979.0,NA
2026-01-07 04:00:00,119.0,178.0,24.75,61.0,53.0,34.25,9.0,0.0,13.75,0.0,0.25,NA,0.0,0.0,0.0,10.0,88.0,0.25,156.0,0.0,0.0,10.0,979.0,NA
2026-01-07 05:00:00,105.0,158.0,24.0,59.0,50.75,36.0,8.0,0.0,16.25,0.0,0.25,NA,0.0,0.0,0.0,10.0,88.0,0.0,155.25,0.0,0.0,10.0,979.0,NA
2026-01-07 06:00:00,123.0,169.0,24.5,57.75,50.75,37.75,8.0,0.0,17.5,0.0,0.0,NA,0.0,0.0,0.0,10.0,88.25,0.0,154.75,0.0,0.0,9.75,979.0,NA
2026-01-07 07:00:00,107.0,157.0,25.25,61.25,53.5,39.5,8.0,0.0,16.0,0.0,0.0,NA,0.0,0.0,0.0,10.0,88.0,0.25,155.25,0.0,0.0,11.25,979.0,NA
2026-01-07 08:00:00,119.0,179.0,27.25,67.75,58.5,38.5,9.67,0.0,15.5,0.5,0.0,NA,0.0,0.0,0.0,10.0,86.75,0.0,159.5,0.0,0.0,24.75,979.0,NA
2026-01-07 09:00:00,152.0,211.0,28.75,69.75,60.25,39.5,12.25,0.25,14.0,1.0,1.0,NA,0.0,0.0,0.0,10.0,83.75,0.25,166.0,0.0,0.0,50.75,979.0,NA
2026-01-07 10:00:00,180.0,255.0,32.5,72.5,65.0,38.25,13.75,0.75,13.25,1.25,1.25,NA,0.0,0.0,0.0,10.5,81.5,0.5,171.5,0.0,0.0,73.25,979.0,NA
2026-01-07 11:00:00,201.0,280.0,24.0,57.0,50.0,50.75,15.0,0.75,14.25,1.25,1.75,NA,0.0,0.0,0.0,11.0,78.5,0.0,178.0,0.0,0.0,102.25,978.75,NA
2026-01-07 12:00:00,189.0,280.0,15.75,48.5,39.25,49.0,15.5,0.5,16.75,1.25,3.25,NA,0.0,0.0,0.0,11.25,75.25,0.0,184.0,0.0,0.0,152.0,978.5,NA
2026-01-07 13:00:00,162.0,257.0,16.75,57.75,44.5,41.5,14.75,0.0,22.5,1.0,5.75,NA,0.0,0.0,0.0,12.0,71.5,0.5,194.0,0.0,0.0,219.0,979.0,NA
2026-01-07 14:00:00,178.0,274.0,18.25,62.75,48.5,45.0,12.0,0.0,32.75,1.0,7.25,NA,0.0,0.0,0.0,12.75,66.0,0.25,209.0,0.0,0.0,149.5,979.0,NA
2026-01-07 15:00:00,156.0,249.0,18.25,70.0,52.25,44.25,11.75,0.0,33.5,1.0,8.25,NA,0.0,0.0,0.0,12.25,67.5,0.5,203.25,0.0,0.0,81.75,979.0,NA
2026-01-07 16:00:00,155.0,255.0,22.0,78.75,60.25,45.75,12.25,0.5,27.75,1.25,7.0,NA,0.0,0.25,0.0,12.0,69.5,0.0,200.5,0.0,0.0,51.25,979.0,NA
2026-01-07 17:00:00,173.0,293.0,28.0,88.0,70.0,44.25,14.0,1.0,15.75,2.0,7.75,NA,0.0,1.0,0.0,11.75,74.75,0.5,191.25,0.0,0.0,20.75,979.0,NA
2026-01-07 18:00:00,223.0,328.0,39.75,97.25,84.25,44.75,17.25,2.0,6.75,2.75,4.25,NA,0.0,0.5,0.0,11.0,79.75,0.0,181.25,0.0,0.0,10.0,979.0,NA
2026-01-07 19:00:00,343.0,458.0,55.25,107.5,102.25,46.75,23.75,3.0,5.0,3.75,7.0,NA,0.75,1.25,0.75,11.0,81.25,0.0,179.0,0.0,0.0,10.0,979.0,NA
2026-01-07 20:00:00,407.0,509.0,59.0,98.0,100.25,47.0,15.67,2.75,4.0,4.0,15.25,NA,1.0,2.25,2.0,11.0,84.0,0.0,175.5,0.0,0.0,10.0,979.0,NA
2026-01-07 21:00:00,322.0,438.0,59.0,83.75,92.5,46.75,8.5,2.0,3.75,3.5,16.75,NA,1.5,3.0,2.0,10.0,87.25,0.0,164.5,0.0,0.0,10.0,979.0,NA
2026-01-07 22:00:00,274.0,365.0,59.25,79.0,90.5,45.0,6.0,1.0,3.0,2.5,12.5,NA,0.75,2.0,1.0,10.0,89.0,0.0,158.5,0.0,0.0,10.0,979.0,NA
2026-01-07 23:00:00,238.0,306.0,41.0,70.25,71.0,44.75,2.75,0.75,3.5,1.75,6.5,NA,0.0,0.5,0.25,9.25,91.25,0.5,152.0,0.0,0.0,10.0,978.75,NA
2026-01-08 00:00:00,139.0,190.0,36.25,64.75,64.0,43.5,0.0,0.0,5.0,1.0,2.25,NA,0.0,0.0,0.0,9.0,95.25,0.5,150.5,0.0,0.0,10.0,978.25,NA
2026-01-08 01:00:00,112.0,167.0,30.75,64.75,60.25,45.25,NA,0.0,6.0,1.0,2.0,NA,0.0,0.0,0.0,9.0,90.75,0.75,146.5,0.0,0.0,10.0,979.0,NA
2026-01-08 02:00:00,105.0,162.0,29.5,66.5,59.25,46.0,6.5,0.0,6.5,0.25,1.75,NA,0.0,0.0,0.0,9.0,90.0,0.25,143.25,0.0,0.0,10.0,979.0,NA
2026-01-08 03:00:00,100.0,158.0,29.25,57.75,54.25,43.25,7.75,0.0,9.25,0.25,1.0,NA,0.0,0.0,0.0,9.0,91.0,1.0,137.25,0.0,0.0,10.0,978.25,NA
2026-01-08 04:00:00,89.0,128.0,26.0,58.0,52.5,40.75,6.25,0.0,11.0,0.0,1.75,NA,0.0,0.0,0.0,8.25,91.25,0.5,134.25,0.0,0.0,10.0,978.0,NA
2026-01-08 05:00:00,94.0,121.0,26.75,60.75,54.25,40.75,6.25,0.0,8.75,0.0,1.0,NA,0.0,0.0,0.0,8.75,90.0,0.25,135.0,0.0,0.0,10.0,978.0,NA
2026-01-08 06:00:00,86.0,135.0,25.0,60.0,52.75,41.25,6.0,0.0,10.5,0.0,1.0,NA,0.0,0.0,0.0,9.0,89.25,0.0,135.5,0.0,0.0,10.0,978.25,NA
2026-01-08 07:00:00,88.0,133.0,28.25,62.75,56.25,41.75,6.0,0.0,8.75,0.5,1.0,NA,0.0,0.0,0.0,9.0,88.75,0.0,136.25,0.0,0.0,11.0,978.5,NA
2026-01-08 08:00:00,106.0,150.0,30.0,61.75,57.5,38.75,9.67,0.25,8.75,1.0,1.0,NA,0.0,0.0,0.0,8.75,88.75,0.0,136.25,0.0,0.0,23.5,978.5,NA
2026-01-08 09:00:00,123.0,234.0,33.0,64.75,61.0,41.0,12.5,0.75,9.0,1.0,2.0,NA,0.0,0.0,0.0,9.0,85.5,0.0,143.5,0.0,0.0,55.5,979.0,NA
2026-01-08 10:00:00,136.0,190.0,30.5,62.25,58.5,38.25,13.0,0.75,9.33,1.0,2.25,NA,0.0,0.0,0.0,9.25,82.5,0.25,150.75,0.0,0.0,107.5,979.0,NA
2026-01-08 11:00:00,158.0,240.0,30.0,60.67,57.0,45.67,13.33,1.0,25.0,1.0,2.5,NA,0.0,0.0,0.0,10.0,78.0,0.0,162.0,0.0,0.0,131.5,979.0,NA
2026-01-08 12:00:00,167.0,245.0,24.0,70.5,57.5,48.0,4.0,1.0,28.25,1.0,4.25,NA,0.0,0.0,0.0,10.75,75.5,0.0,172.75,0.0,0.0,158.25,979.0,NA
2026-01-08 13:00:00,158.0,244.0,21.25,76.0,57.75,43.75,8.25,1.0,38.5,1.0,4.5,NA,0.0,0.75,0.0,11.75,70.5,0.0,192.5,0.0,0.0,274.0,979.0,NA
2026-01-08 14:00:00,171.0,277.0,15.75,79.75,55.0,43.5,7.33,1.0,56.25,1.0,8.0,NA,0.0,1.5,0.25,13.0,63.5,0.0,215.75,0.0,0.0,149.75,979.25,NA
2026-01-08 15:00:00,177.0,307.0,12.5,67.0,46.0,42.0,7.0,1.0,66.25,1.25,10.5,NA,0.0,1.25,0.25,13.0,64.5,0.0,213.5,0.0,0.0,74.5,979.0,NA
2026-01-08 16:00:00,185.0,338.0,9.0,63.5,41.0,51.75,7.0,1.0,57.0,1.25,13.0,NA,0.0,1.75,0.25,13.0,64.0,0.0,212.25,0.0,0.0,48.5,979.0,NA
2026-01-08 17:00:00,190.0,333.0,9.25,63.0,41.25,52.25,9.0,1.0,26.5,1.5,17.0,NA,0.0,2.0,1.0,12.25,67.75,0.0,200.5,0.0,0.0,21.0,979.0,NA
2026-01-08 18:00:00,240.0,406.0,26.5,80.75,65.0,49.75,14.5,2.0,7.75,2.25,26.25,NA,1.75,5.0,3.0,11.5,73.25,0.0,187.25,0.0,0.0,10.0,979.0,NA
2026-01-08 19:00:00,361.0,487.0,39.25,72.25,70.25,49.5,18.75,2.0,4.25,3.5,18.25,NA,11.0,3.25,2.0,11.0,80.75,0.0,173.5,0.0,0.0,10.0,979.0,NA
2026-01-08 20:00:00,311.0,436.0,51.75,73.0,81.0,47.75,7.33,2.0,4.0,3.75,18.0,NA,16.5,3.25,2.5,10.0,84.25,0.0,168.0,0.0,0.0,10.0,979.0,NA
2026-01-08 21:00:00,283.0,434.0,53.5,68.25,80.0,46.75,4.25,2.0,4.0,3.5,14.5,NA,9.25,3.0,2.25,10.0,85.75,0.0,163.25,0.0,0.0,10.0,979.0,NA
2026-01-08 22:00:00,273.0,400.0,58.5,70.25,85.25,44.75,6.0,2.0,3.75,3.5,14.75,NA,10.0,3.25,2.25,10.0,87.5,0.0,158.75,0.0,0.0,10.0,979.0,NA
2026-01-08 23:00:00,265.0,365.0,44.5,60.25,68.5,42.25,4.0,1.0,3.75,2.75,19.25,NA,5.25,4.5,2.5,10.0,87.75,0.0,154.25,0.0,0.0,10.0,979.0,NA
2026-01-09 00:00:00,171.0,245.0,43.25,60.0,67.5,40.75,1.0,1.0,3.25,1.5,2.75,NA,1.5,0.5,0.25,9.75,88.25,0.0,153.0,0.0,0.0,10.0,979.0,NA
2026-01-09 01:00:00,145.0,222.0,40.25,60.0,64.25,41.5,NA,1.0,4.0,1.0,2.0,NA,1.25,0.0,0.0,9.25,88.5,0.0,150.75,0.0,0.0,10.0,979.0,NA
2026-01-09 02:00:00,172.0,254.0,34.25,57.75,59.0,43.0,1.33,1.0,3.75,1.0,1.0,NA,0.25,0.0,0.0,9.0,90.25,0.0,147.0,0.0,0.0,10.0,979.0,NA
2026-01-09 03:00:00,172.0,244.0,30.75,53.0,53.25,38.75,2.5,0.75,4.25,1.0,1.0,NA,0.0,0.0,0.0,9.0,91.25,0.0,142.25,0.0,0.0,9.75,978.75,NA
2026-01-09 04:00:00,124.0,156.0,29.5,48.25,49.75,35.25,1.25,1.0,3.75,1.0,1.0,NA,0.0,0.0,0.0,9.0,93.75,0.0,137.5,0.0,0.0,9.75,978.0,NA
2026-01-09 05:00:00,107.0,127.0,30.75,48.5,51.0,39.5,1.0,1.0,3.25,1.0,1.0,NA,0.0,0.0,0.0,9.0,94.5,0.0,136.5,0.0,0.0,10.0,978.0,NA
2026-01-09 06:00:00,112.0,133.0,28.75,49.5,49.75,41.75,1.5,1.0,4.0,1.0,1.0,NA,0.0,0.0,0.0,8.0,96.0,0.0,132.5,0.0,0.0,10.0,978.0,NA
2026-01-09 07:00:00,124.0,139.0,36.25,50.0,56.25,41.5,2.0,1.0,3.75,1.5,1.0,NA,0.0,0.0,0.0,8.75,94.25,0.0,140.0,0.0,0.0,11.25,978.0,NA
2026-01-09 08:00:00,133.0,175.0,33.25,50.0,53.75,41.0,6.0,1.0,4.5,1.5,1.0,NA,0.0,0.0,0.0,9.0,91.25,0.0,144.0,0.0,0.0,40.75,978.25,NA
2026-01-09 09:00:00,132.0,175.0,34.75,53.75,57.0,41.25,7.5,1.0,5.0,1.5,1.0,NA,0.0,0.0,0.0,9.5,88.0,0.0,153.75,0.0,0.0,77.5,979.0,NA
2026-01-09 10:00:00,168.0,259.0,36.25,60.5,62.25,39.75,9.0,1.75,8.5,2.25,2.0,NA,0.0,0.0,0.0,10.25,83.5,0.0,167.0,0.0,0.0,109.5,979.0,NA
2026-01-09 11:00:00,218.0,312.0,26.75,64.25,56.0,77.0,10.25,2.0,12.75,2.5,2.75,NA,0.0,0.5,0.75,11.0,78.75,0.0,181.5,0.0,0.0,133.75,979.0,NA
2026-01-09 12:00:00,252.0,381.0,17.25,56.75,44.25,77.5,11.25,1.25,22.75,3.0,3.0,NA,0.0,0.0,0.0,12.0,75.0,0.25,195.0,0.0,0.0,164.75,979.0,NA
2026-01-09 13:00:00,207.0,313.0,11.0,56.67,39.33,105.0,11.67,1.0,46.33,2.0,3.67,NA,0.0,0.67,0.0,13.0,64.67,0.33,214.67,0.0,0.0,226.33,979.0,NA
2026-01-09 14:00:00,207.0,307.0,11.0,57.5,40.0,113.5,14.0,0.33,56.0,1.25,4.75,NA,0.0,1.0,0.0,14.25,54.0,0.0,238.5,0.0,0.0,141.25,979.0,NA
2026-01-09 15:00:00,143.0,239.0,12.0,59.75,41.75,114.75,14.0,0.0,58.75,1.0,5.0,NA,0.25,1.5,0.25,14.0,55.25,0.0,236.75,0.0,0.0,84.25,979.0,NA
2026-01-09 16:00:00,149.0,248.0,13.0,64.75,45.25,114.5,7.5,0.75,52.75,1.25,7.25,NA,0.0,1.5,0.0,13.75,61.5,0.0,226.25,0.0,0.0,49.75,979.25,NA
2026-01-09 17:00:00,185.0,284.0,16.25,73.5,52.25,110.0,6.0,1.0,28.5,1.75,7.0,NA,0.0,1.5,0.0,13.0,67.0,0.0,211.25,0.0,0.0,20.5,979.0,NA
2026-01-09 18:00:00,217.0,329.0,30.25,79.5,66.75,101.5,6.5,1.5,6.75,2.25,3.0,NA,2.5,1.0,0.0,12.0,74.5,0.0,196.25,0.0,0.0,10.0,979.0,NA
2026-01-09 19:00:00,323.0,470.0,50.5,86.75,87.25,82.0,11.75,2.5,4.25,4.25,13.0,NA,4.75,2.25,1.5,12.0,74.25,0.0,192.0,0.0,0.0,10.0,979.0,NA
2026-01-09 20:00:00,400.0,586.0,64.0,89.0,99.5,82.25,11.67,3.25,4.0,6.0,22.25,NA,4.5,4.0,3.0,12.0,75.0,0.0,190.5,0.0,0.0,10.0,979.0,NA
2026-01-09 21:00:00,395.0,576.0,68.5,76.5,96.25,95.75,12.5,2.5,4.0,5.0,24.0,NA,3.75,4.25,3.0,11.0,78.0,0.0,185.0,0.0,0.0,10.0,979.0,NA
2026-01-09 22:00:00,366.0,519.0,74.25,71.25,98.25,103.5,11.75,2.0,4.0,4.25,27.75,NA,7.75,5.0,3.0,11.0,80.75,0.0,177.75,0.0,0.0,10.0,979.0,NA
2026-01-09 23:00:00,301.0,429.0,73.25,68.25,95.75,109.0,10.25,1.25,3.5,3.5,22.0,NA,7.75,4.75,3.0,11.0,80.25,0.0,174.5,0.0,0.0,10.0,979.0,NA
2026-01-10 00:00:00,244.0,383.0,82.5,68.75,103.75,104.0,8.5,1.0,4.75,3.0,17.0,NA,6.75,4.0,2.75,10.25,82.25,0.0,168.5,0.0,0.0,10.0,979.0,NA
2026-01-10 01:00:00,249.0,381.0,82.75,63.5,101.0,109.5,8.25,1.0,125.0,3.0,18.25,NA,4.75,3.75,2.25,10.0,83.75,0.0,165.75,0.0,0.0,10.0,979.0,NA
2026-01-10 02:00:00,224.0,361.0,75.0,68.0,97.0,116.0,NA,1.0,8.0,3.0,21.0,NA,1.25,2.5,1.25,10.0,85.0,0.0,163.75,0.0,0.0,10.0,979.0,NA
2026-01-10 03:00:00,223.0,348.0,57.33,60.67,79.33,132.67,1.67,0.33,5.33,2.33,17.0,NA,0.33,2.0,1.0,10.0,86.0,0.0,159.33,0.0,0.0,10.0,979.0,NA
2026-01-10 04:00:00,215.0,313.0,54.25,62.75,77.75,125.25,3.5,0.0,6.75,2.0,11.5,NA,0.0,1.0,1.0,10.0,85.75,0.0,156.0,0.0,0.0,10.0,979.0,NA
2026-01-10 05:00:00,201.0,290.0,65.75,60.75,86.0,114.25,5.25,1.0,5.25,2.0,10.25,NA,0.0,2.0,1.0,9.75,86.75,0.0,153.25,0.0,0.0,10.0,979.0,NA
2026-01-10 06:00:00,234.0,337.0,74.5,57.5,91.0,112.5,5.75,1.0,4.5,2.25,10.25,NA,1.25,2.0,1.0,9.5,87.5,0.0,150.75,0.0,0.0,10.0,979.0,NA
2026-01-10 07:00:00,321.0,423.0,69.75,59.5,88.25,114.0,8.75,1.0,4.0,3.75,8.25,NA,1.25,2.0,1.0,9.0,89.75,0.0,148.25,0.0,0.0,12.75,979.0,NA
2026-01-10 08:00:00,217.0,349.0,63.5,61.0,84.0,117.5,7.0,1.0,4.0,2.0,5.0,NA,1.0,1.0,1.0,9.5,89.5,0.0,153.0,0.0,0.0,45.5,979.0,NA
2026-01-10 09:00:00,265.0,392.0,58.25,62.75,80.75,123.25,5.5,1.0,4.75,2.0,4.75,NA,0.0,1.25,1.0,10.0,88.5,0.25,154.0,0.0,0.0,71.0,979.0,NA
2026-01-10 10:00:00,240.0,337.0,41.25,58.25,65.0,95.0,4.5,1.0,7.0,2.0,7.75,NA,0.5,1.25,1.0,10.25,85.5,0.25,163.25,0.0,0.0,88.75,979.0,NA
2026-01-10 11:00:00,259.0,360.0,20.75,60.25,49.0,79.0,4.25,1.0,15.75,2.0,4.5,NA,0.0,1.0,1.0,11.5,75.0,0.0,186.75,0.0,0.0,95.0,978.5,NA
2026-01-10 12:00:00,238.0,350.0,18.0,65.75,50.25,91.25,6.75,1.0,28.75,2.0,4.5,NA,0.0,1.0,1.0,12.75,58.5,0.75,211.5,0.0,0.0,151.5,979.0,NA
2026-01-10 13:00:00,178.0,289.0,14.75,54.25,40.75,114.25,3.0,0.0,44.75,1.25,4.5,NA,0.0,1.0,0.5,13.75,51.5,1.0,227.5,0.0,0.0,297.0,979.0,NA
2026-01-10 14:00:00,105.0,205.0,13.25,54.0,39.75,117.75,8.0,0.0,54.75,1.0,3.0,NA,0.0,0.0,0.0,15.0,46.25,1.0,249.0,0.0,0.0,151.5,979.0,NA
2026-01-10 15:00:00,101.0,188.0,13.0,58.5,42.0,113.0,9.75,0.0,58.0,1.0,3.25,NA,0.0,1.0,0.0,14.75,47.25,0.5,241.5,0.0,0.0,66.0,979.0,NA
2026-01-10 16:00:00,97.0,189.0,14.75,60.25,44.5,112.25,10.25,0.0,47.0,0.75,3.25,NA,0.0,0.75,0.0,14.0,49.25,0.75,233.25,0.0,0.0,43.75,979.0,NA
2026-01-10 17:00:00,97.0,199.0,16.75,71.25,51.5,105.25,11.0,0.25,30.75,1.0,5.25,NA,0.0,1.5,0.5,13.25,52.5,0.25,220.75,0.0,0.0,20.25,979.0,NA
2026-01-10 18:00:00,121.0,290.0,24.0,89.75,67.5,93.0,13.5,1.25,6.75,1.75,12.0,NA,0.25,2.0,1.25,12.5,58.75,0.0,205.5,0.0,0.0,10.0,979.0,NA
2026-01-10 19:00:00,185.0,343.0,37.25,93.75,80.5,90.5,17.5,2.0,4.75,3.25,18.25,NA,2.0,3.0,2.5,12.0,65.25,0.0,196.25,0.0,0.0,10.0,979.0,NA
2026-01-10 20:00:00,216.0,362.0,36.5,90.0,77.75,101.0,11.33,2.0,5.0,3.5,14.5,NA,3.0,5.25,3.25,11.75,69.75,0.0,190.25,0.0,0.0,9.75,979.0,NA
2026-01-10 21:00:00,241.0,368.0,42.5,84.75,79.75,107.25,10.5,2.0,4.5,3.75,9.5,NA,1.75,4.25,3.0,11.0,75.0,0.0,182.25,0.0,0.0,10.0,979.0,NA
2026-01-10 22:00:00,260.0,382.0,41.75,76.25,74.75,113.75,10.5,1.25,4.0,3.25,7.25,NA,0.75,2.75,1.75,11.0,78.5,0.0,176.75,0.0,0.0,10.0,979.0,NA
2026-01-10 23:00:00,202.0,296.0,42.0,70.5,72.0,120.5,9.0,1.0,4.0,2.0,5.5,NA,0.75,1.75,1.0,10.0,83.25,0.0,167.0,0.0,0.0,10.0,979.0,NA
2026-01-11 00:00:00,196.0,288.0,37.25,64.5,65.25,123.5,7.5,1.0,4.0,2.0,4.25,NA,0.25,1.25,1.0,10.0,85.75,0.0,161.0,0.0,0.0,10.0,979.0,NA
2026-01-11 01:00:00,252.0,312.0,32.0,58.75,57.75,132.5,5.5,1.0,3.0,1.0,2.5,NA,0.0,1.0,0.5,10.0,88.0,0.0,155.0,0.0,0.0,10.0,979.0,NA
2026-01-11 02:00:00,174.0,207.0,30.0,55.0,54.0,135.0,NA,0.0,4.0,1.0,1.25,NA,0.0,1.25,0.25,9.0,89.25,0.0,150.5,0.0,0.0,10.0,979.0,NA
2026-01-11 03:00:00,153.0,196.0,31.0,57.0,55.5,128.0,2.25,0.0,4.25,1.0,1.0,NA,0.0,0.0,0.0,9.0,90.25,0.25,145.75,0.0,0.0,10.0,979.0,NA
2026-01-11 04:00:00,188.0,241.0,27.5,54.75,51.5,129.75,2.5,0.25,5.0,1.0,2.0,NA,0.0,0.0,0.0,8.5,90.5,0.25,136.5,0.0,0.0,10.0,979.0,NA
2026-01-11 05:00:00,161.0,193.0,24.5,55.75,49.75,128.0,1.5,0.5,5.5,1.0,1.0,NA,0.0,0.0,0.0,8.0,90.25,0.0,128.5,0.0,0.0,10.0,978.75,NA
2026-01-11 06:00:00,175.0,229.0,23.75,50.0,45.75,127.25,1.0,0.0,7.0,1.0,1.0,NA,0.0,0.0,0.0,8.0,90.75,0.0,123.0,0.0,0.0,10.0,978.75,NA
2026-01-11 07:00:00,145.0,191.0,25.25,48.5,46.25,123.5,0.25,0.5,7.75,1.25,1.25,NA,0.0,0.0,0.0,8.0,91.0,0.5,121.75,0.0,0.0,12.25,978.25,NA
2026-01-11 08:00:00,141.0,174.0,27.5,51.25,50.0,116.75,3.67,1.0,8.5,1.25,1.0,NA,0.0,0.0,0.0,8.0,90.5,0.75,121.0,0.0,0.0,43.75,978.5,NA
2026-01-11 09:00:00,183.0,232.0,26.25,48.75,47.0,116.5,6.0,1.0,11.25,1.75,1.0,NA,0.0,0.0,0.0,8.0,88.25,1.0,125.75,0.0,0.0,83.75,978.75,NA
2026-01-11 10:00:00,166.0,206.0,27.25,51.5,50.0,112.0,6.75,1.0,14.25,2.0,1.75,NA,0.0,0.0,0.0,8.5,83.0,1.0,137.5,0.0,0.0,87.75,978.75,NA
2026-01-11 11:00:00,185.0,252.0,27.0,57.75,53.0,110.0,8.0,1.0,22.0,2.0,3.25,NA,0.0,0.0,0.0,9.75,75.75,1.0,157.5,0.0,0.0,91.0,979.0,NA
2026-01-11 12:00:00,195.0,287.0,24.75,59.25,51.5,110.5,9.0,1.0,33.0,1.75,6.0,NA,0.0,1.0,0.0,11.25,65.5,1.0,181.5,0.0,0.0,149.25,979.0,NA
2026-01-11 13:00:00,166.0,257.0,18.25,59.0,46.5,115.25,9.75,0.75,44.75,1.0,7.25,NA,0.0,0.75,0.25,12.5,59.0,1.0,205.75,0.0,0.0,304.5,979.0,NA
2026-01-11 14:00:00,133.0,224.0,16.0,55.25,42.5,122.0,8.67,0.0,52.25,1.0,5.5,NA,0.0,0.75,0.0,14.0,51.0,1.0,230.5,0.0,0.0,156.25,979.0,NA
2026-01-11 15:00:00,96.0,172.0,16.0,55.0,42.0,123.0,7.67,0.0,60.67,0.33,2.33,NA,0.0,0.0,0.0,13.0,50.33,1.0,220.67,0.0,0.0,52.0,979.0,NA
2026-01-11 16:00:00,80.0,161.0,14.0,54.75,41.0,118.25,7.5,0.0,60.75,0.75,5.25,NA,0.0,1.0,0.0,13.0,49.25,0.75,219.25,0.0,0.0,35.0,979.0,NA
2026-01-11 17:00:00,73.0,163.0,17.25,70.5,51.75,107.75,10.25,0.75,39.25,1.25,2.75,NA,0.0,0.0,0.0,12.75,51.75,0.0,207.5,0.0,0.0,19.75,979.0,NA
2026-01-11 18:00:00,143.0,266.0,26.0,89.25,69.0,90.75,16.0,1.5,9.75,2.75,4.75,NA,0.0,1.0,0.75,12.0,58.25,0.0,193.25,0.0,0.0,10.0,979.0,NA
2026-01-11 19:00:00,215.0,344.0,33.0,90.5,75.0,92.0,18.25,2.0,6.25,3.5,5.75,NA,1.0,2.0,1.75,11.0,63.75,0.0,183.0,0.0,0.0,10.0,979.0,NA
2026-01-11 20:00:00,269.0,399.0,30.25,85.0,69.75,103.25,9.0,2.0,6.5,3.25,5.75,NA,1.0,1.75,1.5,11.0,67.5,0.0,175.0,0.0,0.0,10.0,979.0,NA
2026-01-11 21:00:00,246.0,349.0,34.5,86.25,74.0,102.75,7.5,1.75,5.25,3.0,5.0,NA,0.25,1.0,1.0,10.5,69.5,0.0,170.75,0.0,0.0,9.75,979.0,NA
2026-01-11 22:00:00,234.0,326.0,32.5,81.0,69.75,109.5,8.5,1.0,4.0,2.0,7.0,NA,0.75,1.75,1.0,10.0,71.0,0.0,165.0,0.0,0.0,10.0,979.0,NA
2026-01-11 23:00:00,195.0,285.0,29.0,72.75,62.25,117.5,6.25,1.0,4.5,1.75,3.75,NA,0.25,1.0,0.75,10.0,74.5,0.0,158.5,0.0,0.0,10.0,979.0,NA
2026-01-12 00:00:00,168.0,237.0,25.75,68.5,57.5,121.75,4.75,0.25,5.25,1.0,3.0,NA,0.0,0.5,0.0,9.5,77.5,0.0,153.25,0.0,0.0,10.0,979.0,NA
2026-01-12 01:00:00,194.0,259.0,30.0,64.25,58.5,121.0,2.5,0.0,4.0,1.0,3.0,NA,0.0,0.0,0.0,9.0,80.25,0.0,150.25,0.0,0.0,10.0,979.0,NA
2026-01-12 02:00:00,164.0,237.0,25.0,70.0,58.0,120.0,NA,0.0,6.75,1.0,2.0,NA,0.0,0.0,0.0,9.0,83.0,0.0,144.75,0.0,0.0,10.0,979.0,NA
2026-01-12 03:00:00,164.0,226.0,27.25,61.25,54.75,123.25,3.0,0.0,4.75,1.0,2.0,NA,0.0,0.0,0.0,9.0,85.5,0.0,139.5,0.0,0.0,10.0,979.0,NA
2026-01-12 04:00:00,160.0,221.0,22.0,59.75,50.0,126.0,3.0,0.0,5.25,1.0,1.0,NA,0.0,0.0,0.0,9.0,86.75,0.0,137.0,0.0,0.0,10.0,979.0,NA
2026-01-12 05:00:00,190.0,269.0,25.5,59.75,52.5,121.5,3.0,0.5,4.75,1.0,1.75,NA,0.0,0.0,0.0,8.0,88.5,0.25,134.0,0.0,0.0,10.0,979.0,NA
2026-01-12 06:00:00,197.0,265.0,28.5,59.5,54.75,121.25,7.0,1.0,4.25,3.25,2.0,NA,0.0,0.0,0.0,8.5,88.75,0.0,134.0,0.0,0.0,10.0,979.0,NA
2026-01-12 07:00:00,189.0,265.0,30.25,56.75,54.75,118.5,8.25,1.0,4.0,2.5,3.0,NA,0.0,0.0,0.0,8.0,89.0,0.0,130.5,0.0,0.0,13.0,979.0,NA
2026-01-12 08:00:00,202.0,280.0,41.75,60.0,66.0,111.0,6.67,1.0,5.0,2.0,2.5,NA,0.0,0.0,0.0,8.5,88.75,0.0,134.75,0.0,0.0,34.0,979.0,NA
2026-01-12 09:00:00,235.0,346.0,34.25,65.75,63.0,112.5,9.25,1.0,10.5,3.5,2.5,NA,0.5,0.0,0.75,9.0,85.25,0.75,145.75,0.0,0.0,51.25,979.0,NA
2026-01-12 10:00:00,234.0,334.0,28.0,69.0,59.33,115.67,10.0,1.0,22.33,2.67,3.0,NA,1.0,0.0,0.67,10.0,78.33,0.67,161.0,0.0,0.0,63.33,979.0,NA
2026-01-12 11:00:00,239.0,337.0,21.0,73.33,56.33,114.33,11.33,1.0,44.0,2.0,3.33,NA,0.33,0.33,0.67,11.33,63.0,0.33,186.33,0.0,0.0,68.67,979.0,NA
2026-01-12 12:00:00,213.0,327.0,21.33,76.33,58.0,115.33,11.67,1.0,54.33,2.0,3.67,NA,0.0,0.67,0.67,12.33,51.33,0.33,205.67,0.0,0.0,80.67,979.0,NA
2026-01-12 13:00:00,153.0,269.0,17.25,63.25,48.0,121.5,10.25,0.25,75.0,1.75,8.0,NA,0.0,1.0,0.0,13.5,46.75,0.5,223.75,0.0,0.0,319.5,979.0,NA
2026-01-12 14:00:00,136.0,235.0,13.5,64.0,45.25,119.0,16.0,0.0,81.25,1.0,9.75,NA,0.0,1.0,0.25,15.25,39.75,0.0,256.0,0.0,0.0,166.5,979.0,NA
2026-01-12 15:00:00,100.0,194.0,13.5,59.75,43.0,115.25,13.75,0.0,81.5,0.25,6.25,NA,0.0,0.0,0.0,14.25,40.25,0.0,239.25,0.0,0.0,51.25,979.0,NA
2026-01-12 16:00:00,80.0,162.0,14.25,66.25,46.75,108.75,14.0,0.0,66.5,0.25,6.75,NA,0.0,0.5,0.0,14.0,43.0,0.0,232.75,0.0,0.0,37.75,979.0,NA
2026-01-12 17:00:00,91.0,195.0,19.25,86.0,61.5,91.0,14.0,1.25,24.75,1.0,4.75,NA,0.0,0.5,0.25,13.0,46.5,0.0,217.5,0.0,0.0,19.75,979.0,NA
2026-01-12 18:00:00,150.0,323.0,37.25,91.5,78.75,78.5,15.0,1.75,4.0,2.0,6.5,NA,1.25,3.25,2.25,11.5,54.5,0.0,189.75,0.0,0.0,10.0,979.0,NA
2026-01-12 19:00:00,207.0,398.0,58.0,92.25,96.0,72.25,15.5,2.75,4.0,3.25,11.75,NA,5.25,3.25,3.0,11.0,62.5,0.0,176.25,0.0,0.0,10.0,979.0,NA
2026-01-12 20:00:00,343.0,564.0,71.0,85.5,103.25,71.25,11.67,3.75,4.5,5.75,16.5,NA,9.25,4.0,4.0,10.75,66.75,0.0,171.25,0.0,0.0,10.0,979.0,NA
2026-01-12 21:00:00,406.0,603.0,55.25,81.25,88.75,101.0,11.75,3.0,4.0,5.5,23.0,NA,9.5,5.5,4.5,10.0,71.0,0.0,166.75,0.0,0.0,10.0,979.0,NA
2026-01-12 22:00:00,333.0,478.0,48.5,76.75,80.0,113.0,10.75,2.25,3.75,4.25,8.75,NA,6.75,2.75,2.5,10.0,75.25,0.0,163.25,0.0,0.0,10.0,979.0,NA
2026-01-12 23:00:00,290.0,373.0,58.0,72.0,85.5,111.0,9.25,2.25,3.75,3.25,4.5,NA,5.25,1.5,1.0,10.0,77.5,0.0,160.5,0.0,0.0,10.0,979.0,NA
2026-01-13 00:00:00,291.0,396.0,82.75,73.5,106.25,87.0,8.5,2.25,3.5,4.0,4.75,NA,5.5,1.75,2.0,10.0,79.25,0.0,157.75,0.0,0.0,10.0,979.0,NA
2026-01-13 01:00:00,271.0,384.0,83.0,65.75,102.25,99.75,7.0,2.0,4.0,3.25,3.75,NA,2.0,1.0,1.0,9.75,81.75,0.0,154.0,0.0,0.0,10.0,979.0,NA
2026-01-13 02:00:00,274.0,362.0,75.0,63.0,95.0,112.0,NA,1.0,3.67,3.0,4.33,NA,2.0,1.0,1.0,9.0,84.33,0.0,149.67,0.0,0.0,10.0,979.0,NA
2026-01-13 03:00:00,282.0,374.0,60.0,60.0,80.75,123.25,1.5,1.5,4.25,3.25,5.25,NA,2.0,1.5,1.0,9.0,85.5,0.0,145.0,0.0,0.0,10.0,979.0,NA
2026-01-13 04:00:00,277.0,342.0,67.25,63.75,88.5,115.0,5.5,1.75,4.0,4.0,19.5,NA,2.75,4.0,2.5,9.0,86.25,0.0,144.0,0.0,0.0,10.0,979.0,NA
2026-01-13 05:00:00,317.0,390.0,65.25,62.0,86.25,114.75,8.25,1.5,4.0,6.0,61.5,NA,6.0,12.0,5.75,9.0,87.5,0.0,140.0,0.0,0.0,10.0,979.0,NA
2026-01-13 06:00:00,273.0,334.0,63.25,63.0,85.0,118.5,4.75,1.25,3.75,4.0,26.75,NA,2.75,4.5,2.25,9.0,87.75,0.0,140.5,0.0,0.0,10.0,979.0,NA
2026-01-13 07:00:00,271.0,366.0,94.25,63.0,110.5,90.5,6.25,2.25,4.75,4.25,26.25,NA,1.75,5.25,2.75,9.0,88.25,0.0,139.75,0.0,0.0,13.5,979.0,NA
2026-01-13 08:00:00,383.0,489.0,87.5,75.5,111.25,96.5,9.67,2.0,5.0,5.25,33.0,NA,4.25,6.75,4.0,9.0,87.75,0.0,147.25,0.0,0.0,38.75,979.0,NA
2026-01-13 09:00:00,443.0,565.0,74.25,82.5,104.25,108.5,13.0,3.0,6.5,5.25,21.0,NA,3.25,5.75,4.0,10.0,83.75,0.0,154.75,0.0,0.0,66.5,979.0,NA
2026-01-13 10:00:00,456.0,575.0,60.25,91.75,98.0,115.25,14.0,3.0,6.5,6.0,18.25,NA,2.5,5.0,3.0,10.0,81.5,0.0,159.25,0.0,0.0,81.5,979.0,NA
2026-01-13 11:00:00,460.0,NA,45.25,103.75,92.0,116.25,15.0,2.75,15.75,5.5,19.0,NA,2.5,5.75,3.75,11.5,73.0,0.0,185.25,0.0,0.0,96.0,979.0,NA
2026-01-13 12:00:00,484.0,NA,27.5,80.75,65.5,145.25,20.25,1.25,53.0,4.0,14.25,NA,1.0,3.75,2.25,13.5,54.5,0.5,220.0,0.0,0.0,163.75,979.0,NA
2026-01-13 13:00:00,208.0,312.0,19.5,64.0,50.0,149.25,13.5,0.75,82.25,1.75,6.25,NA,0.25,1.5,0.5,14.5,48.0,1.0,241.25,0.0,0.0,308.75,979.0,NA
2026-01-13 14:00:00,119.0,207.0,16.0,64.0,47.0,136.67,17.0,0.0,86.0,1.0,6.33,NA,0.0,0.67,0.0,16.0,45.0,1.0,264.0,0.0,0.0,197.0,979.0,NA
2026-01-13 15:00:00,121.0,229.0,15.0,64.5,46.5,125.0,20.5,0.0,72.0,1.0,4.5,NA,0.0,0.5,0.0,15.0,45.0,1.0,250.0,0.0,0.0,57.0,979.0,NA
2026-01-13 16:00:00,103.0,210.0,12.25,65.5,45.25,117.0,18.75,0.0,63.0,0.25,3.0,NA,0.0,0.0,0.0,14.25,47.0,1.0,238.75,0.0,0.0,37.25,979.0,NA
2026-01-13 17:00:00,111.0,222.0,14.0,79.0,53.0,104.5,26.5,1.0,18.5,1.25,7.0,NA,0.0,1.0,0.75,13.75,50.0,0.0,226.0,0.0,0.0,20.5,979.0,NA
2026-01-13 18:00:00,240.0,405.0,51.0,141.0,116.33,58.0,20.33,2.33,6.25,3.25,10.75,NA,1.0,2.5,1.75,12.5,56.75,0.0,205.0,0.0,0.0,10.0,979.0,NA
2026-01-13 19:00:00,357.0,563.0,56.75,145.75,123.75,67.25,27.0,3.0,5.75,4.5,14.75,NA,2.0,5.0,3.5,12.0,62.25,0.0,196.75,0.0,0.0,10.0,979.0,NA
2026-01-13 20:00:00,437.0,NA,52.5,141.75,118.25,83.0,9.67,2.75,6.0,4.75,18.25,NA,2.25,5.0,3.0,11.75,66.5,0.0,190.0,0.0,0.0,10.0,979.0,NA
2026-01-13 21:00:00,357.0,478.0,50.75,132.5,112.0,90.75,5.25,2.75,5.75,4.75,14.75,NA,1.75,3.5,2.75,11.0,71.75,0.0,183.0,0.0,0.0,10.0,979.0,NA
2026-01-13 22:00:00,331.0,422.0,59.25,127.5,116.0,95.0,1.25,2.0,5.0,3.5,8.25,NA,1.0,2.0,1.25,11.0,76.75,0.0,176.5,0.0,0.0,9.75,979.0,NA
2026-01-13 23:00:00,305.0,394.0,74.0,116.0,121.75,95.25,1.0,2.0,5.0,3.75,9.75,NA,1.0,2.0,1.5,10.25,80.25,0.0,169.25,0.0,0.0,10.0,979.0,NA
2026-01-14 00:00:00,299.0,374.0,90.5,114.75,134.25,86.0,2.0,2.0,4.5,3.25,11.25,NA,1.5,4.0,2.0,10.0,81.25,0.0,165.5,0.0,0.0,10.0,979.0,NA
2026-01-14 01:00:00,277.0,383.0,72.75,110.75,118.0,102.67,0.5,1.25,4.0,3.0,13.0,NA,1.25,4.0,2.0,10.0,82.0,0.0,160.0,0.0,0.0,10.0,979.0,NA
2026-01-14 02:00:00,273.0,346.0,69.0,104.0,111.0,107.0,NA,1.0,5.0,2.75,11.0,NA,1.0,3.0,1.0,10.0,84.5,0.0,156.0,0.0,0.0,10.0,979.0,NA
2026-01-14 03:00:00,321.0,398.0,48.0,96.75,90.5,123.25,0.0,1.0,4.75,2.0,10.75,NA,1.0,4.0,2.25,9.0,87.0,0.0,149.25,0.0,0.0,10.0,979.0,NA
2026-01-14 04:00:00,288.0,367.0,38.5,89.5,79.0,123.5,1.75,1.0,6.5,2.0,5.0,NA,0.5,2.0,1.5,9.0,89.25,0.0,142.75,0.0,0.0,10.0,979.0,NA
2026-01-14 05:00:00,323.0,383.0,36.75,92.0,79.0,119.25,4.0,1.0,6.25,2.0,2.75,NA,0.0,1.0,0.25,9.0,90.0,0.0,140.0,0.0,0.0,10.0,979.0,NA
2026-01-14 06:00:00,311.0,367.0,34.5,85.75,74.0,119.25,0.0,1.0,7.0,2.0,3.25,NA,0.0,0.5,0.0,8.5,91.25,0.5,135.0,0.0,0.0,10.0,979.0,NA
2026-01-14 07:00:00,285.0,348.0,36.5,87.0,76.0,113.75,NA,1.0,5.5,2.0,3.0,NA,0.0,0.25,0.0,8.0,93.0,0.25,130.75,0.0,0.0,11.5,979.0,NA
2026-01-14 08:00:00,244.0,309.0,37.5,85.75,76.0,109.25,2.67,1.0,6.25,2.0,4.0,NA,0.0,1.0,0.75,8.0,94.5,0.25,127.75,0.0,0.0,33.25,979.0,NA
2026-01-14 09:00:00,276.0,359.0,45.0,87.0,83.0,104.75,6.25,1.75,8.5,2.5,4.25,NA,0.25,1.0,1.0,8.5,89.0,0.0,134.25,0.0,0.0,72.0,979.0,NA
2026-01-14 10:00:00,278.0,334.0,36.75,88.0,77.0,104.25,6.25,1.5,14.25,2.75,2.75,NA,0.0,1.0,0.5,9.0,83.25,0.5,146.75,0.0,0.0,83.25,979.0,NA
2026-01-14 11:00:00,251.0,312.0,31.0,88.0,72.25,109.0,6.5,1.0,28.25,2.0,2.25,NA,0.0,1.25,0.75,10.25,75.75,1.0,162.75,0.0,0.0,89.0,979.0,NA
2026-01-14 12:00:00,212.0,290.0,27.0,84.75,66.75,110.75,7.0,1.0,43.25,2.0,3.75,NA,0.0,0.75,0.0,11.25,67.5,0.75,184.0,0.0,0.0,164.0,979.0,NA
2026-01-14 13:00:00,191.0,277.0,21.25,85.0,62.75,115.0,9.5,1.0,56.5,1.75,3.75,NA,0.0,0.25,0.0,12.5,61.25,1.0,205.75,0.0,0.0,287.0,979.0,NA
2026-01-14 14:00:00,179.0,262.0,17.5,84.0,59.5,115.5,17.33,1.0,65.0,1.0,2.0,NA,0.0,0.0,0.0,14.0,55.75,1.0,230.75,0.0,0.0,168.5,979.25,NA
2026-01-14 15:00:00,197.0,282.0,17.0,83.5,58.25,114.75,34.5,1.0,72.25,1.0,2.75,NA,0.0,0.0,0.0,13.0,56.5,1.0,220.0,0.0,0.0,68.25,979.0,NA
2026-01-14 16:00:00,185.0,274.0,15.0,88.75,59.5,111.75,23.0,1.0,70.0,1.0,2.0,NA,0.0,0.0,0.0,13.0,57.0,0.5,216.25,0.0,0.0,46.5,979.0,NA
2026-01-14 17:00:00,185.0,266.0,17.5,106.0,71.0,106.0,13.25,1.25,47.75,1.75,2.25,NA,0.0,0.25,0.25,12.75,63.0,0.0,207.25,0.0,0.0,21.75,979.0,NA
2026-01-14 18:00:00,227.0,344.0,24.5,123.0,85.5,97.25,12.0,2.0,16.75,2.75,7.25,NA,0.25,2.25,1.25,11.75,69.75,0.0,193.25,0.0,0.0,10.0,979.0,NA
2026-01-14 19:00:00,311.0,412.0,36.5,118.25,93.0,90.33,13.25,2.0,8.5,3.25,16.0,NA,0.25,2.25,1.25,11.0,76.25,0.0,179.75,0.0,0.0,9.75,979.0,NA
2026-01-14 20:00:00,339.0,433.0,37.75,113.5,91.25,99.67,7.67,2.25,5.5,4.0,35.25,NA,0.75,2.0,1.75,10.5,79.75,0.0,170.25,0.0,0.0,10.0,979.0,NA
2026-01-14 21:00:00,331.0,405.0,43.5,111.75,95.0,103.0,5.25,2.0,5.0,3.5,12.75,NA,0.25,1.5,0.75,10.0,81.5,0.0,166.0,0.0,0.0,10.0,979.0,NA
2026-01-14 22:00:00,360.0,471.0,54.0,104.0,99.5,101.25,7.0,2.0,4.0,3.75,18.5,NA,1.5,3.25,2.25,10.0,84.25,0.0,160.25,0.0,0.0,10.0,979.0,NA
2026-01-14 23:00:00,368.0,460.0,58.5,96.75,99.5,104.33,7.75,2.0,4.0,4.0,21.75,NA,1.75,3.5,2.25,10.0,85.75,0.0,156.75,0.0,0.0,10.0,979.0,NA
2026-01-15 00:00:00,343.0,426.0,49.75,90.75,89.0,113.5,5.75,1.5,4.0,4.25,18.25,NA,1.0,3.75,1.75,9.0,88.0,0.0,149.0,0.0,0.0,10.0,979.0,NA
2026-01-15 01:00:00,282.0,360.0,38.0,77.75,72.75,125.0,2.5,1.0,4.0,2.5,7.0,NA,0.25,1.25,0.5,9.0,89.0,0.0,144.5,0.0,0.0,10.0,979.0,NA
2026-01-15 02:00:00,205.0,260.0,33.0,74.0,67.0,128.0,NA,1.0,4.75,1.5,1.0,NA,0.0,0.0,0.0,9.0,89.5,0.0,139.5,0.0,0.0,9.75,979.0,NA
2026-01-15 03:00:00,213.0,261.0,35.75,69.5,66.25,124.25,1.5,1.0,4.0,2.0,1.0,NA,0.0,0.0,0.0,8.5,90.5,0.0,132.75,0.0,0.0,9.75,979.0,NA
2026-01-15 04:00:00,151.0,169.0,33.25,66.5,62.75,120.25,2.5,1.0,4.0,2.0,1.0,NA,0.0,0.0,0.0,8.0,93.5,0.0,124.0,0.0,0.0,10.0,979.0,NA
2026-01-15 05:00:00,141.0,153.0,29.5,68.0,60.25,117.25,1.75,1.0,4.5,2.0,1.0,NA,0.0,0.0,0.0,8.0,96.0,0.0,122.0,0.0,0.0,10.0,979.0,NA
2026-01-15 06:00:00,149.0,168.0,33.75,70.75,65.25,113.0,1.5,1.0,4.75,2.0,3.5,NA,0.0,0.25,0.0,8.0,96.0,0.0,123.25,0.0,0.0,10.0,979.0,NA
2026-01-15 07:00:00,162.0,189.0,32.5,73.75,65.5,111.5,2.5,1.0,5.0,2.0,6.25,NA,0.0,0.75,0.0,8.0,96.0,0.25,123.0,0.0,0.0,11.0,978.75,NA
2026-01-15 08:00:00,173.0,212.0,35.75,76.25,69.75,106.25,3.0,1.0,7.25,2.5,2.0,NA,0.0,0.0,0.0,8.0,96.0,0.5,125.75,0.0,0.0,24.5,978.25,NA
2026-01-15 09:00:00,182.0,218.0,33.0,79.75,69.5,106.75,2.5,1.0,9.5,2.0,2.75,NA,0.0,0.0,0.0,8.5,90.5,0.25,135.0,0.0,0.0,67.25,978.5,NA
2026-01-15 10:00:00,190.0,257.0,34.25,79.0,70.0,103.25,3.0,1.25,12.5,2.25,2.25,NA,0.0,0.0,0.0,9.0,84.5,0.75,146.25,0.0,0.0,113.25,979.0,NA
2026-01-15 11:00:00,216.0,272.0,33.5,82.75,71.5,103.0,3.5,1.0,19.75,2.0,2.75,NA,0.0,0.25,0.0,9.75,80.25,0.75,156.5,0.0,0.0,117.25,979.0,NA
2026-01-15 12:00:00,232.0,305.0,27.75,94.0,72.5,103.25,4.75,1.0,34.5,2.75,8.5,NA,0.25,1.0,1.0,10.75,73.0,0.75,177.25,0.0,0.0,172.25,979.0,NA
2026-01-15 13:00:00,240.0,331.0,24.25,87.5,66.25,108.25,5.75,1.0,50.0,1.75,9.0,NA,0.0,2.0,1.0,12.25,64.5,0.75,201.75,0.0,0.0,286.0,979.0,NA
2026-01-15 14:00:00,171.0,244.0,20.25,85.5,62.25,116.25,8.67,1.0,57.75,1.0,3.0,NA,0.0,0.25,0.25,14.0,58.5,1.0,227.75,0.0,0.0,170.0,979.25,NA
2026-01-15 15:00:00,150.0,230.0,20.0,85.25,61.75,114.25,9.0,1.0,66.5,1.0,2.25,NA,0.0,0.0,0.0,13.5,60.25,1.0,222.75,0.0,0.0,59.75,979.0,NA
2026-01-15 16:00:00,180.0,269.0,14.25,86.75,57.75,113.75,8.75,1.0,71.5,1.0,3.25,NA,0.0,0.75,0.0,14.0,57.75,0.5,226.5,0.0,0.0,42.75,979.0,NA
2026-01-15 17:00:00,153.0,252.0,15.75,97.25,64.75,110.75,8.25,1.0,57.5,1.5,3.25,NA,0.0,0.75,0.5,13.0,65.5,0.25,216.75,0.0,0.0,21.25,979.0,NA
2026-01-15 18:00:00,207.0,317.0,24.75,124.5,86.25,98.75,9.0,2.0,11.25,2.25,4.75,NA,0.25,1.0,1.0,12.0,72.75,0.0,197.0,0.0,0.0,10.25,979.0,NA
2026-01-15 19:00:00,322.0,444.0,54.75,134.0,115.75,81.25,16.25,3.5,4.75,5.25,10.75,NA,2.0,2.5,2.5,11.25,76.0,0.0,186.5,0.0,0.0,10.0,979.0,NA
2026-01-15 20:00:00,394.0,527.0,82.0,123.75,132.5,74.75,13.0,3.75,4.5,5.25,12.75,NA,4.0,4.25,4.5,11.0,76.5,0.0,182.75,0.0,0.0,10.0,979.0,NA
2026-01-15 21:00:00,379.0,506.0,72.25,123.75,124.75,90.75,11.25,3.0,4.5,4.75,13.0,NA,3.5,4.5,4.25,11.0,74.5,0.0,181.25,0.0,0.0,10.0,979.0,NA
2026-01-15 22:00:00,346.0,449.0,94.0,105.5,132.75,89.75,12.5,3.0,4.75,5.25,10.25,NA,4.0,3.0,2.75,11.0,77.5,0.0,173.75,0.0,0.0,10.0,979.0,NA
2026-01-15 23:00:00,376.0,483.0,99.0,99.5,133.25,93.75,12.25,2.5,5.5,4.0,10.25,NA,4.5,3.0,2.5,10.0,81.5,0.0,168.0,0.0,0.0,10.0,979.0,NA
2026-01-16 00:00:00,285.0,378.0,77.25,96.75,114.25,106.75,7.0,1.25,14.5,2.75,10.25,NA,1.0,1.75,1.5,10.0,84.0,0.0,166.5,0.0,0.0,9.75,979.0,NA
2026-01-16 01:00:00,217.0,298.0,61.5,90.0,98.25,124.25,2.0,1.0,30.0,2.0,12.75,NA,0.0,1.0,0.75,10.0,87.5,0.0,162.0,0.0,0.0,10.0,979.0,NA
2026-01-16 02:00:00,221.0,284.0,53.0,89.0,90.0,127.0,NA,1.0,25.5,2.25,11.0,NA,0.0,0.75,0.0,10.0,89.5,0.0,159.0,0.0,0.0,10.0,979.0,NA
2026-01-16 03:00:00,215.0,284.0,51.5,80.75,84.75,124.0,1.25,1.0,32.25,2.25,16.5,NA,0.25,1.0,0.0,10.0,90.25,0.0,157.0,0.0,0.0,10.0,979.0,NA
2026-01-16 04:00:00,223.0,293.0,51.0,79.25,83.5,121.5,2.25,1.0,8.25,2.0,10.0,NA,0.75,2.0,1.0,9.25,93.5,0.0,150.0,0.0,0.0,9.75,979.0,NA
2026-01-16 05:00:00,223.0,272.0,50.75,77.75,82.25,119.75,3.5,1.0,7.0,2.75,11.25,NA,1.0,2.5,1.5,9.0,96.0,0.0,146.25,0.0,0.0,10.0,979.0,NA
2026-01-16 06:00:00,200.0,248.0,37.75,78.0,72.5,129.25,3.25,1.0,5.25,2.5,12.0,NA,0.0,1.25,0.75,9.0,96.0,0.0,143.75,0.0,0.0,10.0,979.0,NA
2026-01-16 07:00:00,180.0,218.0,44.0,77.25,76.75,122.5,6.0,1.0,5.0,4.0,8.25,NA,1.0,1.5,1.0,9.0,96.0,0.0,140.75,0.0,0.0,11.0,979.0,NA
2026-01-16 08:00:00,217.0,261.0,51.75,79.0,84.25,115.5,3.67,1.5,5.0,3.0,4.25,NA,0.5,1.0,1.0,9.0,96.0,0.0,144.0,0.0,0.0,22.5,979.0,NA
2026-01-16 09:00:00,229.0,291.0,55.0,88.5,91.75,109.5,4.5,2.0,5.5,3.0,5.0,NA,0.0,1.0,1.0,9.5,95.25,0.0,153.0,0.0,0.0,53.0,979.0,NA
2026-01-16 10:00:00,290.0,370.0,52.0,97.67,94.0,109.0,5.33,2.0,7.67,3.0,5.67,NA,0.0,1.0,1.0,10.33,87.67,0.0,166.67,0.0,0.0,106.0,979.0,NA
2026-01-16 11:00:00,345.0,434.0,39.0,97.5,83.5,116.0,6.0,2.0,15.75,3.25,7.75,NA,0.0,1.0,1.0,11.25,80.5,0.0,181.5,0.0,0.0,99.75,979.0,NA
2026-01-16 12:00:00,315.0,425.0,29.25,105.0,80.0,118.0,7.5,1.25,35.25,3.0,8.5,NA,0.0,1.0,0.5,12.5,66.25,0.0,208.5,0.0,0.0,156.0,979.0,NA
2026-01-16 13:00:00,274.0,394.0,24.0,97.0,71.25,120.5,7.75,1.0,66.0,2.25,10.5,NA,0.0,1.25,0.25,14.25,54.25,0.0,235.0,0.0,0.0,236.0,979.0,NA
2026-01-16 14:00:00,213.0,371.0,18.25,94.5,65.0,121.75,10.0,1.0,91.5,2.0,16.5,NA,0.0,2.0,1.0,16.0,50.0,0.0,268.0,0.0,0.0,160.5,979.0,NA
2026-01-16 15:00:00,206.0,357.0,16.25,94.5,63.5,118.75,9.0,1.0,80.75,2.0,20.5,NA,0.0,1.25,0.75,15.0,49.75,0.0,254.75,0.0,0.0,68.75,979.0,NA
2026-01-16 16:00:00,153.0,265.0,16.0,97.5,65.0,111.0,10.0,1.0,64.5,1.25,22.0,NA,0.0,1.25,0.5,15.0,46.75,0.0,248.75,0.0,0.0,46.5,979.0,NA
2026-01-16 17:00:00,132.0,362.0,20.25,110.75,75.5,100.75,13.5,1.5,27.25,2.25,20.5,NA,1.0,2.5,2.5,13.75,52.0,0.0,228.75,0.0,0.0,26.0,979.0,NA
2026-01-16 18:00:00,173.0,394.0,43.0,123.0,100.67,86.0,14.0,2.67,6.0,4.0,21.67,NA,4.33,4.67,4.67,12.33,60.67,0.0,203.67,0.0,0.0,10.33,979.33,NA
2026-01-16 19:00:00,337.0,564.0,93.75,119.5,140.0,62.0,20.5,4.5,5.25,6.0,21.75,NA,9.0,5.5,4.75,12.0,72.0,0.0,193.75,0.0,0.0,9.75,979.25,NA
2026-01-16 20:00:00,577.0,NA,113.25,112.75,155.67,71.25,6.67,4.25,5.5,6.0,18.25,NA,8.25,7.0,5.5,11.75,80.0,0.0,189.5,0.0,0.0,10.0,979.0,NA
2026-01-16 21:00:00,567.0,NA,92.0,114.5,135.5,98.0,4.5,4.25,5.25,6.5,15.5,NA,7.0,7.25,5.5,11.0,83.25,0.0,184.25,0.0,0.0,10.0,979.0,NA
2026-01-16 22:00:00,472.0,594.0,98.75,111.25,139.75,99.25,5.5,4.0,5.0,7.25,21.25,NA,7.75,6.5,5.25,11.0,85.25,0.0,180.0,0.0,0.0,9.75,979.0,NA
2026-01-16 23:00:00,528.0,648.0,93.5,96.5,127.75,112.0,4.0,3.0,5.0,7.25,15.5,NA,5.75,5.0,4.25,11.0,86.0,0.0,177.0,0.0,0.0,10.0,979.0,NA
2026-01-17 00:00:00,411.0,538.0,82.5,93.5,117.25,119.75,1.5,2.25,4.5,5.25,5.25,NA,2.25,2.25,2.0,11.0,86.75,0.0,172.75,0.0,0.0,10.0,979.0,NA
2026-01-17 01:00:00,333.0,433.0,69.5,86.75,102.75,131.75,NA,2.0,4.0,4.0,4.0,NA,1.0,1.5,1.0,10.5,87.25,0.0,170.0,0.0,0.0,10.0,979.0,NA
2026-01-17 02:00:00,309.0,420.0,75.0,85.0,107.0,129.0,NA,2.0,5.25,4.0,4.0,NA,1.0,1.0,1.0,10.0,88.25,0.0,166.75,0.0,0.0,10.0,979.0,NA
2026-01-17 03:00:00,310.0,399.0,66.0,83.5,97.75,127.5,0.0,2.0,4.25,3.75,4.75,NA,0.25,1.0,0.75,10.0,87.25,0.0,165.25,0.0,0.0,10.0,979.0,NA
2026-01-17 04:00:00,284.0,348.0,80.0,81.5,108.25,117.75,0.75,2.0,4.25,3.5,5.25,NA,0.75,1.0,0.5,10.0,88.0,0.0,157.0,0.0,0.0,10.0,979.0,NA
2026-01-17 05:00:00,239.0,306.0,110.75,76.25,131.0,104.0,2.0,2.0,5.0,3.75,5.75,NA,0.5,1.0,0.5,10.0,88.0,0.0,156.0,0.0,0.0,10.0,979.0,NA
2026-01-17 06:00:00,234.0,306.0,75.5,63.5,95.0,132.5,1.25,2.0,4.25,4.0,9.5,NA,0.75,1.0,1.0,9.0,89.0,0.0,143.5,0.0,0.0,9.75,979.0,NA
2026-01-17 07:00:00,182.0,202.0,81.25,60.5,98.5,124.0,0.75,2.0,4.0,4.0,9.75,NA,0.5,1.0,0.5,9.0,90.25,0.0,138.25,0.0,0.0,16.0,979.0,NA
2026-01-17 08:00:00,217.0,263.0,78.75,68.5,100.25,123.5,3.67,2.5,4.25,4.75,12.0,NA,1.0,1.0,1.0,9.0,90.25,0.0,144.5,0.0,0.0,50.25,979.0,NA
2026-01-17 09:00:00,234.0,301.0,68.0,73.75,94.5,125.75,5.75,3.0,5.25,5.25,6.5,NA,1.0,1.0,1.0,9.5,90.0,0.0,152.5,0.0,0.0,87.25,979.0,NA
2026-01-17 10:00:00,279.0,364.0,46.5,105.25,94.0,120.0,7.75,3.0,12.5,5.0,4.25,NA,0.25,1.0,1.0,11.0,82.0,0.0,179.5,0.0,0.0,92.25,979.0,NA
2026-01-17 11:00:00,379.0,509.0,37.5,128.75,99.25,115.25,8.75,3.0,34.0,5.5,6.0,NA,1.0,1.5,1.5,12.75,71.75,0.0,213.25,0.0,0.0,114.5,979.25,NA
2026-01-17 12:00:00,477.0,NA,31.5,124.5,92.0,118.0,10.0,3.0,51.5,6.0,8.0,NA,1.0,2.5,2.0,14.0,67.5,0.0,228.5,0.0,0.0,133.0,979.5,NA
2026-01-17 13:00:00,461.0,NA,18.75,112.0,75.25,124.25,11.25,2.75,82.0,5.75,10.25,NA,1.0,3.75,2.0,15.25,61.5,0.0,255.0,0.0,0.0,215.0,979.5,NA
2026-01-17 14:00:00,405.0,566.0,15.25,107.75,69.5,122.25,12.33,2.0,91.25,5.0,13.25,NA,0.25,3.25,1.25,16.0,57.5,0.0,271.0,0.0,0.0,135.75,979.25,NA
2026-01-17 15:00:00,324.0,466.0,12.75,104.0,65.25,121.5,11.0,1.25,97.5,3.5,9.0,NA,0.0,1.75,0.5,16.0,58.75,0.0,263.75,0.0,0.0,81.0,979.75,NA
2026-01-17 16:00:00,304.0,426.0,11.0,98.5,61.5,121.0,5.0,1.0,81.5,3.0,7.0,NA,0.0,1.0,0.0,15.5,60.5,0.0,258.0,0.0,0.0,56.5,979.5,NA
2026-01-17 17:00:00,NA,NA,NA,NA,NA,NA,NA,NA,NA,NA,NA,NA,NA,NA,NA,NA,NA,NA,NA,NA,NA,NA,NA,NA
2026-01-17 18:00:00,NA,NA,NA,NA,NA,NA,NA,NA,NA,NA,NA,NA,NA,NA,NA,NA,NA,NA,NA,NA,NA,NA,NA,NA
2026-01-17 19:00:00,NA,NA,NA,NA,NA,NA,NA,NA,NA,NA,NA,NA,NA,NA,NA,NA,NA,NA,NA,NA,NA,NA,NA,NA
2026-01-17 20:00:00,NA,NA,NA,NA,NA,NA,NA,NA,NA,NA,NA,NA,NA,NA,NA,NA,NA,NA,NA,NA,NA,NA,NA,NA
2026-01-17 21:00:00,NA,NA,NA,NA,NA,NA,NA,NA,NA,NA,NA,NA,NA,NA,NA,NA,NA,NA,NA,NA,NA,NA,NA,NA
2026-01-17 22:00:00,NA,NA,120.0,48.0,40.67,NA,NA,0.0,6.33,1.0,3.0,NA,2.0,1.0,1.0,11.0,88.5,0.0,172.5,0.0,0.0,10.0,976.5,NA
2026-01-17 23:00:00,NA,NA,241.5,81.0,239.75,NA,16.75,7.25,6.0,7.0,18.75,NA,11.5,8.0,9.0,11.0,87.5,0.0,177.25,0.0,0.0,10.0,977.0,NA
2026-01-18 00:00:00,NA,NA,246.0,80.75,243.0,12.75,26.5,7.0,5.5,8.75,25.75,NA,11.0,8.25,9.75,11.0,86.0,0.0,178.25,0.0,0.0,10.0,977.0,NA
2026-01-18 01:00:00,NA,NA,254.0,83.5,251.25,31.25,37.75,7.25,6.0,8.5,39.25,NA,17.0,10.5,12.25,11.0,86.75,0.0,177.25,0.0,0.0,10.0,977.0,NA
2026-01-18 02:00:00,NA,NA,303.0,74.0,287.0,44.0,43.0,7.0,6.75,8.75,39.75,NA,15.75,13.25,13.0,11.0,88.0,0.0,174.0,0.0,0.0,10.25,977.0,NA
2026-01-18 03:00:00,NA,NA,227.5,80.75,228.0,83.5,34.75,5.5,5.25,9.0,32.0,NA,11.75,10.75,10.75,10.25,88.0,0.0,168.5,0.0,0.0,10.0,977.0,NA
2026-01-18 04:00:00,NA,NA,223.5,73.75,220.75,93.25,35.25,5.75,5.5,8.75,27.75,NA,11.0,8.5,8.25,10.0,89.25,0.0,164.25,0.0,0.0,10.0,977.0,NA
2026-01-18 05:00:00,NA,NA,244.5,81.0,241.75,75.25,38.0,5.5,6.0,9.25,30.25,NA,11.5,9.5,9.0,10.0,90.0,0.0,163.0,0.0,0.0,10.0,977.0,NA
2026-01-18 06:00:00,NA,NA,191.25,80.75,198.5,102.75,37.5,4.5,6.0,9.0,32.5,NA,9.75,8.75,7.5,10.0,90.0,0.0,160.25,0.0,0.0,10.25,977.0,NA
2026-01-18 07:00:00,NA,NA,186.5,86.5,197.5,103.0,37.25,4.25,7.5,8.5,38.75,NA,9.25,8.0,6.25,10.0,90.25,0.0,159.75,0.0,0.0,13.25,977.0,NA
2026-01-18 08:00:00,NA,NA,192.25,94.75,206.25,89.25,40.5,5.0,10.25,8.75,32.5,NA,8.75,8.0,6.75,10.25,90.25,0.0,168.0,0.0,0.0,36.75,977.0,NA
2026-01-18 09:00:00,NA,NA,162.5,147.25,210.5,56.75,54.5,5.25,11.0,8.75,31.25,NA,9.25,9.0,7.25,11.25,87.0,0.0,184.5,0.0,0.0,68.25,977.0,NA
2026-01-18 10:00:00,NA,NA,60.75,161.5,135.5,101.25,54.75,4.5,33.0,8.75,30.25,NA,9.0,9.5,7.25,12.5,79.75,0.0,203.75,0.0,0.0,95.0,978.0,NA
2026-01-18 11:00:00,NA,NA,37.75,143.5,107.25,109.75,51.75,3.25,55.25,8.25,26.5,NA,5.0,7.5,5.5,13.5,76.0,0.0,221.5,0.0,0.0,117.0,978.0,NA
2026-01-18 12:00:00,NA,NA,28.0,116.5,85.0,121.5,47.5,1.75,41.25,6.75,20.0,NA,2.25,5.5,3.5,14.25,71.5,0.0,239.25,0.0,0.0,147.5,978.0,NA
2026-01-18 13:00:00,499.0,636.0,20.5,104.0,72.0,124.75,43.0,0.75,62.0,4.5,11.25,NA,1.0,3.75,2.0,15.25,64.25,0.0,256.75,0.0,0.0,174.25,978.25,NA
2026-01-18 14:00:00,345.0,475.0,15.25,90.25,60.5,123.75,35.75,1.0,81.75,2.75,7.0,NA,0.75,2.25,1.5,16.25,57.0,0.0,274.25,0.0,0.0,141.25,978.0,NA
2026-01-18 15:00:00,227.0,346.0,14.0,89.5,59.0,120.25,29.0,1.0,83.5,2.0,4.5,NA,0.25,1.25,1.0,16.0,59.25,0.0,265.75,0.0,0.0,83.25,978.25,NA
2026-01-18 16:00:00,248.0,382.0,15.5,88.5,59.75,117.75,27.0,1.0,70.25,2.5,5.75,NA,0.5,2.25,1.75,15.0,62.5,0.0,255.25,0.0,0.0,50.5,978.5,NA
2026-01-18 17:00:00,262.0,415.0,15.75,96.5,64.0,111.75,25.5,1.0,38.25,2.0,6.25,NA,1.0,3.5,2.5,14.5,68.25,0.0,238.0,0.0,0.0,23.25,978.25,NA
2026-01-18 18:00:00,296.0,473.0,27.0,129.25,90.75,90.0,26.0,2.25,6.5,2.75,8.25,NA,2.75,4.25,3.75,13.25,76.75,0.0,221.0,0.0,0.0,10.25,978.25,NA
2026-01-18 19:00:00,392.0,566.0,54.75,130.0,114.0,82.5,30.5,3.25,5.0,4.25,11.25,NA,6.25,6.5,5.75,13.0,79.0,0.0,218.25,0.0,0.0,10.0,978.5,NA
2026-01-18 20:00:00,480.0,658.0,87.25,120.5,135.75,72.75,37.25,4.75,6.0,6.0,15.5,NA,9.75,8.5,8.75,13.0,82.25,0.0,209.5,0.0,0.0,10.0,978.0,NA
2026-01-18 21:00:00,578.0,709.0,114.25,117.25,155.25,73.0,41.75,5.0,5.5,7.0,16.5,NA,9.75,8.25,9.0,13.0,82.75,0.0,209.0,0.0,0.0,10.0,978.0,NA
2026-01-18 22:00:00,548.0,730.0,157.25,114.5,189.0,54.0,47.25,6.0,7.75,7.25,18.5,NA,11.25,8.5,9.5,12.25,84.75,0.0,204.0,0.0,0.0,10.0,978.75,NA
2026-01-18 23:00:00,NA,NA,153.75,100.0,178.5,84.75,50.25,5.25,6.75,8.25,21.25,NA,13.25,9.0,10.0,12.0,85.75,0.0,202.0,0.0,0.0,10.0,978.75,NA
2026-01-19 00:00:00,NA,NA,164.25,95.25,184.5,90.75,52.0,5.25,7.75,10.0,24.0,NA,12.75,9.0,9.5,12.0,86.5,0.0,198.5,0.0,0.0,10.0,978.75,NA
2026-01-19 01:00:00,NA,NA,158.25,87.5,175.5,104.75,51.25,4.75,7.0,8.75,22.5,NA,13.25,7.75,8.25,12.0,87.25,0.0,195.5,0.0,0.0,9.75,978.75,NA
2026-01-19 02:00:00,685.0,NA,185.0,89.0,197.0,102.0,51.0,4.0,8.25,7.75,20.75,NA,9.5,6.75,7.0,11.75,88.0,0.0,190.25,0.0,0.0,10.0,978.75,NA
2026-01-19 03:00:00,585.0,683.0,137.75,87.75,159.0,123.25,35.75,2.0,5.75,7.75,15.25,NA,9.75,5.25,5.25,11.0,89.0,0.0,184.25,0.0,0.0,9.75,979.0,NA
2026-01-19 04:00:00,465.0,526.0,107.5,82.0,131.0,146.5,33.5,0.5,5.0,6.0,7.5,NA,5.25,3.25,3.25,11.0,89.25,0.0,180.75,0.0,0.0,10.0,979.0,NA
2026-01-19 05:00:00,374.0,416.0,82.0,74.25,106.0,154.25,30.5,0.0,4.25,4.25,4.5,NA,1.75,1.5,1.25,11.0,88.5,0.0,179.0,0.0,0.0,10.0,979.0,NA
2026-01-19 06:00:00,371.0,410.0,86.75,73.0,109.25,146.5,28.0,0.0,5.0,4.0,4.0,NA,1.5,1.0,0.75,11.0,89.0,0.0,177.0,0.0,0.0,10.0,979.0,NA
2026-01-19 07:00:00,392.0,461.0,106.0,70.0,123.5,128.5,29.25,0.25,4.5,4.5,4.5,NA,3.5,1.5,1.25,11.0,89.0,0.0,176.5,0.0,0.0,13.0,979.0,NA
2026-01-19 08:00:00,370.0,425.0,93.0,87.0,121.75,124.0,29.0,1.0,5.0,4.5,5.0,NA,2.25,1.0,1.25,11.0,87.75,0.0,183.0,0.0,0.0,38.5,978.5,NA
2026-01-19 09:00:00,414.0,541.0,58.0,99.5,100.25,139.25,30.25,1.0,6.25,5.0,5.0,NA,1.75,1.25,2.0,12.0,84.25,0.0,195.0,0.0,0.0,64.25,978.75,NA
2026-01-19 10:00:00,412.0,498.0,39.25,95.0,82.5,145.0,30.5,0.25,20.25,4.5,4.5,NA,0.75,1.0,1.75,13.25,75.75,0.0,219.0,0.0,0.0,88.25,979.0,NA
2026-01-19 11:00:00,351.0,461.0,30.75,94.25,75.25,141.0,31.5,0.0,40.5,3.25,3.25,NA,0.0,1.0,1.0,14.5,67.5,0.0,241.0,0.0,0.0,116.25,979.0,NA
2026-01-19 12:00:00,374.0,525.0,27.0,99.5,75.0,135.25,34.0,0.0,61.5,3.5,4.5,NA,0.0,1.5,1.0,15.5,60.5,0.0,261.0,0.0,0.0,170.0,979.0,NA
2026-01-19 13:00:00,342.0,484.0,19.0,95.5,66.75,129.75,35.0,0.0,88.0,3.0,4.75,NA,0.0,1.25,1.0,16.75,52.75,0.0,282.25,0.0,0.0,202.5,979.0,NA
2026-01-19 14:00:00,307.0,483.0,14.75,87.5,58.5,129.0,37.5,0.33,96.5,2.5,5.75,NA,0.0,1.0,0.75,18.0,44.25,0.0,302.25,0.0,0.0,153.5,979.0,NA
2026-01-19 15:00:00,185.0,312.0,13.25,86.0,56.5,119.75,29.5,0.0,75.75,2.0,3.5,NA,0.0,0.0,0.0,17.25,42.0,0.0,291.5,0.0,0.0,71.0,979.0,NA
2026-01-19 16:00:00,129.0,259.0,19.0,89.33,62.67,114.33,25.67,1.0,58.0,1.67,7.33,NA,0.0,0.67,0.0,16.33,53.33,0.0,273.67,0.0,0.0,45.33,979.0,NA
2026-01-19 17:00:00,196.0,350.0,20.5,100.0,70.0,103.75,25.75,1.0,21.25,3.0,22.75,NA,3.5,4.5,5.25,15.0,61.25,0.0,250.0,0.0,0.0,21.5,979.0,NA
2026-01-19 18:00:00,241.0,389.0,18.25,101.25,68.5,110.0,21.75,0.5,13.5,2.0,9.75,NA,2.0,2.0,1.75,14.0,67.25,0.0,230.5,0.0,0.0,10.0,979.0,NA
2026-01-19 19:00:00,269.0,394.0,40.25,112.75,92.5,96.0,20.0,2.5,6.5,2.5,5.75,NA,4.5,2.75,2.0,13.0,73.75,0.0,219.25,0.0,0.0,10.0,979.0,NA
2026-01-19 20:00:00,521.0,716.0,103.5,119.25,147.75,60.0,30.25,5.25,8.5,7.5,22.0,NA,8.75,6.5,6.5,13.0,76.5,0.0,213.5,0.0,0.0,10.0,979.0,NA
2026-01-19 21:00:00,NA,NA,123.67,116.33,162.67,67.33,41.33,5.67,15.0,9.0,65.67,NA,10.67,8.0,8.0,13.0,78.33,0.0,208.0,0.0,0.0,10.0,979.0,NA
2026-01-19 22:00:00,NA,NA,169.25,110.0,196.5,58.0,49.25,6.0,17.25,8.5,106.5,NA,8.75,9.25,9.0,12.25,80.75,0.0,203.0,0.0,0.0,10.0,979.0,NA
2026-01-19 23:00:00,NA,NA,144.0,98.5,170.0,88.5,50.75,5.75,9.5,7.0,86.75,NA,11.0,10.75,11.75,12.0,82.25,0.0,200.5,0.0,0.0,10.0,979.0,NA
2026-01-20 00:00:00,509.0,626.0,147.75,86.0,165.75,106.5,48.0,3.25,6.0,6.0,61.75,NA,13.75,8.5,8.25,12.0,83.0,0.0,197.5,0.0,0.0,10.0,979.0,NA
2026-01-20 01:00:00,437.0,582.0,150.75,85.5,168.5,106.0,44.75,2.25,7.0,5.75,42.75,NA,12.75,8.0,6.5,12.0,84.75,0.0,192.25,0.0,0.0,10.0,979.0,NA
2026-01-20 02:00:00,389.0,511.0,115.0,92.0,143.0,130.0,41.0,1.0,10.0,4.5,34.25,NA,7.75,6.0,4.5,12.0,86.0,0.0,189.5,0.0,0.0,9.75,978.75,NA
2026-01-20 03:00:00,322.0,428.0,63.75,88.5,98.75,153.0,25.5,1.0,5.0,3.5,18.0,NA,5.25,4.75,3.5,11.5,86.75,0.0,188.0,0.0,0.0,9.75,979.0,NA
2026-01-20 04:00:00,310.0,382.0,53.0,84.5,88.0,153.75,23.25,0.0,4.5,2.25,8.75,NA,3.25,3.0,2.25,11.0,88.0,0.0,184.75,0.0,0.0,10.0,979.0,NA
2026-01-20 05:00:00,290.0,353.0,47.75,84.75,84.25,146.25,21.5,0.0,4.5,2.0,6.0,NA,1.75,2.75,2.0,11.0,89.0,0.0,182.0,0.0,0.0,10.0,979.0,NA
2026-01-20 06:00:00,311.0,392.0,47.5,76.0,79.25,140.75,21.0,0.0,4.75,2.0,5.5,NA,1.0,1.75,1.25,11.0,88.75,0.0,181.25,0.0,0.0,10.0,978.75,NA
2026-01-20 07:00:00,357.0,417.0,45.75,86.0,83.0,132.0,21.0,0.75,5.0,2.5,4.5,NA,1.0,1.25,1.0,11.0,90.0,0.0,180.25,0.0,0.0,13.0,979.0,NA
2026-01-20 08:00:00,340.0,416.0,54.5,91.75,93.25,122.5,23.25,1.0,5.25,2.5,4.75,NA,1.0,1.75,1.5,11.25,89.0,0.0,185.75,0.0,0.0,35.25,978.5,NA
2026-01-20 09:00:00,334.0,442.0,46.25,101.25,91.25,120.75,25.0,1.0,8.5,3.0,5.0,NA,1.0,2.0,2.5,12.25,84.75,0.0,199.5,0.0,0.0,58.0,978.75,NA
2026-01-20 10:00:00,348.0,438.0,34.5,98.75,80.75,124.0,26.75,0.75,27.25,3.0,5.75,NA,0.75,1.0,1.75,13.5,75.25,0.25,222.25,0.0,0.0,74.75,978.75,NA
2026-01-20 11:00:00,293.0,420.0,24.5,84.0,64.75,131.0,31.75,0.0,54.75,2.5,5.25,NA,0.0,1.0,1.0,14.75,63.5,0.75,244.75,0.0,0.0,89.25,979.0,NA
2026-01-20 12:00:00,244.0,361.0,20.5,78.0,58.25,130.5,29.0,0.0,69.0,1.75,4.25,NA,0.0,0.5,0.0,15.75,55.0,0.25,264.75,0.0,0.0,188.75,979.0,NA
2026-01-20 13:00:00,186.0,321.0,17.5,76.25,54.5,125.5,22.25,0.0,74.0,3.75,4.0,NA,0.0,0.0,0.0,17.0,47.5,0.5,284.0,0.0,0.0,265.5,979.0,NA
2026-01-20 14:00:00,128.0,244.0,14.75,68.5,48.5,121.75,18.0,0.0,86.75,1.25,3.0,NA,0.0,0.0,0.0,18.0,43.0,0.75,304.5,0.0,0.0,180.0,979.0,NA
2026-01-20 15:00:00,96.0,190.0,11.67,65.33,44.33,118.67,15.0,0.0,90.0,1.0,2.0,NA,0.0,0.0,0.0,17.0,45.33,0.0,289.0,0.0,0.0,63.0,979.0,NA
2026-01-20 16:00:00,75.0,153.0,13.25,74.5,50.75,112.75,16.5,0.0,87.75,0.0,2.0,NA,0.0,0.0,0.0,17.0,47.25,0.25,283.75,0.0,0.0,53.5,979.0,NA
2026-01-20 17:00:00,117.0,238.0,15.5,95.75,63.5,100.25,23.5,0.5,50.5,1.0,5.0,NA,0.0,1.0,0.0,16.5,49.25,0.0,274.5,0.0,0.0,27.75,979.0,NA
2026-01-20 18:00:00,144.0,324.0,32.25,113.25,86.75,85.5,20.75,1.75,7.0,2.75,9.75,NA,2.5,3.0,3.0,14.5,59.0,0.0,240.5,0.0,0.0,10.25,979.0,NA
2026-01-20 19:00:00,282.0,467.0,79.75,118.75,128.5,62.25,24.25,3.25,5.25,5.0,14.75,NA,13.25,4.0,4.75,13.25,68.25,0.0,222.5,0.0,0.0,10.0,979.0,NA
2026-01-20 20:00:00,531.0,NA,79.0,116.75,126.75,74.5,31.5,3.0,5.0,6.0,20.25,NA,20.0,6.25,7.0,13.0,71.0,0.0,220.0,0.0,0.0,10.0,979.0,NA
2026-01-20 21:00:00,344.0,558.0,102.75,113.0,143.75,75.25,32.5,3.5,5.0,5.25,47.25,NA,11.5,6.25,5.75,13.0,74.75,0.0,215.5,0.0,0.0,10.0,979.0,NA
2026-01-20 22:00:00,404.0,602.0,107.25,103.25,142.75,83.25,31.0,3.25,5.0,4.5,63.5,NA,11.25,7.25,6.0,13.0,78.0,0.0,211.75,0.0,0.0,9.75,979.0,NA
2026-01-20 23:00:00,437.0,596.0,136.75,106.25,167.75,72.0,31.0,3.25,10.75,4.5,72.25,NA,8.0,7.0,6.0,12.5,81.0,0.0,206.5,0.0,0.0,10.0,979.0,NA
2026-01-21 00:00:00,385.0,541.0,106.75,97.5,139.0,100.5,27.5,1.5,21.5,4.5,45.0,NA,4.5,5.5,4.5,12.5,81.5,0.0,205.0,0.0,0.0,10.0,979.0,NA
2026-01-21 01:00:00,271.0,357.0,73.5,88.25,107.0,130.75,22.75,1.0,36.0,2.5,23.25,NA,5.25,2.5,1.75,12.0,82.0,0.0,199.25,0.0,0.0,10.0,979.0,NA
2026-01-21 02:00:00,193.0,265.0,61.0,85.0,96.0,138.0,19.0,1.0,88.25,2.0,19.25,NA,3.25,1.0,1.0,12.0,81.5,0.0,197.5,0.0,0.0,10.0,978.75,NA
2026-01-21 03:00:00,241.0,315.0,73.0,83.0,103.75,119.0,13.75,1.0,46.0,2.25,21.0,NA,4.5,1.25,1.0,12.0,83.0,0.0,193.5,0.0,0.0,10.0,979.0,NA
2026-01-21 04:00:00,222.0,293.0,51.5,85.5,87.25,130.5,14.5,1.0,7.25,2.0,16.0,NA,1.25,1.25,1.0,12.0,83.5,0.0,192.0,0.0,0.0,9.75,979.0,NA
2026-01-21 05:00:00,212.0,277.0,48.5,85.0,84.75,129.75,14.5,1.0,5.0,1.5,8.75,NA,1.0,1.5,1.0,12.0,84.0,0.0,190.75,0.0,0.0,10.0,979.0,NA
2026-01-21 06:00:00,240.0,320.0,60.25,84.25,93.5,122.0,14.25,1.0,5.0,1.5,8.5,NA,1.0,1.75,1.0,11.5,85.5,0.0,187.5,0.0,0.0,10.0,979.0,NA
2026-01-21 07:00:00,282.0,361.0,70.0,83.25,101.0,114.75,15.0,1.0,4.5,2.0,10.25,NA,1.0,1.0,1.0,11.0,86.5,0.0,185.0,0.0,0.0,13.0,979.0,NA
2026-01-21 08:00:00,274.0,351.0,63.0,85.0,96.75,119.0,16.75,1.75,5.25,2.25,8.75,NA,1.0,1.5,1.25,11.5,86.25,0.0,188.0,0.0,0.0,36.25,978.5,NA
2026-01-21 09:00:00,282.0,353.0,48.5,89.5,87.25,122.5,18.0,1.0,7.75,2.0,5.75,NA,1.0,1.75,2.0,12.25,82.0,0.0,199.5,0.0,0.0,63.75,979.0,NA
2026-01-21 10:00:00,245.0,342.0,37.5,91.0,79.25,124.75,19.75,1.0,19.0,1.75,3.75,NA,0.75,2.0,2.0,13.25,73.75,0.5,218.25,0.0,0.0,86.0,979.0,NA
2026-01-21 11:00:00,243.0,366.0,31.0,82.75,69.5,126.25,25.0,0.5,36.5,1.25,3.75,NA,0.0,1.75,1.0,14.75,61.25,0.25,243.5,0.0,0.0,99.75,979.0,NA
2026-01-21 12:00:00,158.0,285.0,23.75,75.0,59.0,129.5,23.0,0.0,51.75,1.0,3.75,NA,0.0,0.75,0.5,15.75,52.75,0.75,261.25,0.0,0.0,197.0,979.0,NA
2026-01-21 13:00:00,124.0,200.0,21.5,71.25,55.5,126.5,23.5,0.0,67.0,0.5,2.75,NA,0.0,0.25,0.25,16.25,47.75,1.0,273.5,0.0,0.0,270.75,979.0,NA
2026-01-21 14:00:00,91.0,163.0,15.0,66.0,47.25,121.75,16.0,0.0,76.25,0.0,1.5,NA,0.0,0.0,0.0,17.0,43.0,1.0,291.5,0.0,0.0,173.75,979.0,NA
2026-01-21 15:00:00,83.0,160.0,14.25,66.5,47.0,117.5,13.0,0.0,81.25,0.25,1.0,NA,0.0,0.0,0.0,17.0,44.0,1.0,280.0,0.0,0.0,59.0,979.0,NA
2026-01-21 16:00:00,68.0,150.0,12.75,69.5,47.25,112.5,10.25,0.0,76.75,0.25,1.75,NA,0.0,0.25,0.0,16.25,42.75,0.25,274.75,0.0,0.0,39.0,979.0,NA
2026-01-21 17:00:00,70.0,157.0,16.0,86.75,59.5,100.5,10.25,0.75,50.5,0.5,3.25,NA,0.0,0.25,0.0,15.75,45.25,0.0,264.75,0.0,0.0,21.0,979.0,NA
2026-01-21 18:00:00,141.0,299.0,35.5,110.5,87.5,83.25,12.5,2.0,8.0,2.5,7.25,NA,1.0,1.5,1.25,14.25,54.5,0.0,236.75,0.0,0.0,10.25,979.0,NA
2026-01-21 19:00:00,278.0,NA,72.5,106.5,116.0,69.0,18.0,3.0,8.5,3.75,16.25,NA,23.25,3.75,4.5,13.0,62.75,0.0,219.5,0.0,0.0,10.0,979.0,NA
2026-01-21 20:00:00,333.0,537.0,67.0,107.75,111.5,83.0,21.25,2.25,5.25,3.5,18.5,NA,10.0,3.75,4.25,13.0,65.5,0.0,214.5,0.0,0.0,10.0,979.0,NA
2026-01-21 21:00:00,230.0,445.0,95.75,104.75,133.75,77.5,23.25,3.5,4.75,4.0,105.75,NA,5.25,6.75,5.5,13.0,69.25,0.0,209.0,0.0,0.0,10.0,979.0,NA
2026-01-21 22:00:00,309.0,547.0,106.0,103.75,141.75,79.25,22.5,4.75,5.0,4.75,133.5,NA,4.0,7.25,5.75,12.25,72.0,0.0,204.5,0.0,0.0,10.0,979.0,NA
2026-01-21 23:00:00,276.0,488.0,112.75,99.25,144.5,81.0,21.75,5.0,4.75,4.0,105.25,NA,4.0,6.0,5.0,12.0,75.25,0.0,198.25,0.0,0.0,10.0,979.0,NA
2026-01-22 00:00:00,302.0,476.0,120.25,97.5,149.5,88.0,22.5,5.75,5.75,4.75,72.75,NA,4.0,6.0,4.75,12.0,76.25,0.0,198.0,0.0,0.0,10.0,979.0,NA
2026-01-22 01:00:00,300.0,448.0,108.75,89.5,136.25,100.75,26.0,4.0,4.0,5.25,38.0,NA,4.0,4.75,4.0,12.0,77.25,0.0,193.75,0.0,0.0,10.0,979.0,NA
2026-01-22 02:00:00,243.0,354.0,117.0,90.0,143.0,NA,27.0,4.0,5.0,4.0,23.75,NA,6.0,4.75,3.75,12.0,78.5,0.0,191.25,0.0,0.0,10.0,978.75,NA
2026-01-22 03:00:00,207.0,323.0,146.5,86.5,165.25,83.5,17.75,3.75,5.0,3.0,22.25,NA,4.25,5.5,4.0,11.75,78.75,0.0,189.75,0.0,0.0,10.0,979.0,NA
2026-01-22 04:00:00,204.0,315.0,127.25,89.75,151.5,102.75,19.0,3.0,5.0,3.0,23.5,NA,3.25,5.75,4.0,11.75,78.25,0.0,187.5,0.0,0.0,10.0,979.0,NA
2026-01-22 05:00:00,244.0,356.0,118.25,83.25,140.75,109.75,19.75,3.0,5.0,3.0,23.5,NA,3.0,5.0,3.25,11.0,81.0,0.0,182.25,0.0,0.0,10.0,979.0,NA
2026-01-22 06:00:00,248.0,331.0,81.75,81.25,109.75,132.25,19.0,3.0,5.0,3.5,19.0,NA,3.25,5.0,3.5,11.0,82.0,0.0,180.5,0.0,0.0,9.75,979.0,NA
2026-01-22 07:00:00,261.0,323.0,96.25,83.25,122.5,118.5,21.25,3.5,5.25,4.25,14.0,NA,4.0,4.25,3.0,11.0,82.75,0.0,180.5,0.0,0.0,13.25,979.0,NA
2026-01-22 08:00:00,263.0,371.0,105.25,96.5,137.0,100.75,21.67,4.0,5.0,3.25,12.25,NA,4.0,4.0,3.0,11.5,79.5,0.0,188.0,0.0,0.0,33.25,979.0,NA
2026-01-22 09:00:00,291.0,448.0,67.75,121.25,119.25,115.75,23.75,4.0,7.75,4.0,10.5,NA,3.75,2.75,2.75,12.5,74.0,0.0,204.0,0.0,0.0,56.0,979.0,NA
2026-01-22 10:00:00,296.0,476.0,29.0,134.0,94.75,86.25,26.25,4.0,22.5,3.75,16.0,NA,2.25,4.0,3.75,13.75,66.25,0.0,226.75,0.0,0.0,75.75,979.0,NA
2026-01-22 11:00:00,339.0,492.0,11.5,98.5,62.0,77.5,29.5,3.25,46.5,3.25,12.5,NA,2.25,4.25,3.5,15.25,53.25,0.0,250.75,0.0,0.0,82.5,979.0,NA
2026-01-22 12:00:00,156.0,289.0,9.75,75.25,48.25,89.0,21.75,2.5,63.5,1.25,7.25,NA,0.75,2.75,2.5,16.0,50.25,0.0,270.0,0.0,0.0,194.5,979.0,NA
2026-01-22 13:00:00,123.0,234.0,5.33,67.33,40.33,82.0,17.0,2.0,102.67,1.0,5.0,NA,0.75,2.0,1.5,17.25,48.0,0.0,292.25,0.0,0.0,250.75,979.0,NA
2026-01-22 14:00:00,127.0,266.0,8.5,97.0,58.5,103.5,11.0,1.0,127.75,1.0,4.25,NA,0.0,1.25,1.0,18.5,44.5,0.0,310.25,0.0,0.0,163.0,978.75,NA
2026-01-22 15:00:00,143.0,268.0,7.25,98.75,58.25,107.0,12.0,1.0,139.75,1.0,3.25,NA,0.0,1.0,0.25,17.5,47.5,0.0,295.25,0.0,0.0,74.5,978.75,NA
2026-01-22 16:00:00,160.0,337.0,5.25,85.0,50.0,87.5,15.0,1.0,123.25,1.0,7.0,NA,0.0,2.0,1.0,17.0,50.5,0.0,283.25,0.0,0.0,49.5,979.0,NA
2026-01-22 17:00:00,160.0,370.0,5.75,77.0,45.5,78.0,9.75,1.0,67.75,2.25,5.25,NA,0.25,2.0,1.0,16.0,57.0,0.0,265.75,0.0,0.0,20.75,979.0,NA
2026-01-22 18:00:00,147.0,291.0,9.5,111.25,67.5,77.75,7.5,1.5,15.5,1.25,3.75,NA,0.25,1.75,1.25,15.0,63.25,0.0,250.0,0.0,0.0,10.25,979.0,NA
2026-01-22 19:00:00,179.0,345.0,17.5,112.0,74.25,96.0,9.25,2.0,15.0,3.25,8.5,NA,3.25,4.5,4.5,15.0,65.5,0.0,244.25,0.0,0.0,10.0,979.0,NA
2026-01-22 20:00:00,204.0,338.0,21.25,122.25,82.25,104.0,9.5,1.0,11.25,3.75,10.5,NA,3.5,4.5,3.75,14.5,67.25,0.0,240.5,0.0,0.0,10.0,979.0,NA
2026-01-22 21:00:00,200.0,323.0,23.25,124.5,85.25,111.5,8.75,1.25,15.0,3.0,8.0,NA,2.5,3.75,3.0,14.0,67.75,0.0,238.75,0.0,0.0,10.0,979.0,NA
2026-01-22 22:00:00,186.0,299.0,22.5,110.5,77.25,125.0,6.75,1.0,23.25,1.75,3.75,NA,0.75,1.75,1.5,14.0,69.25,0.0,236.25,0.0,0.0,10.0,979.0,NA
2026-01-22 23:00:00,160.0,254.0,18.25,106.25,71.75,129.75,4.5,1.0,19.75,1.0,2.25,NA,0.0,0.75,0.5,14.0,71.25,0.0,231.25,0.0,0.0,10.0,979.0,NA
2026-01-23 00:00:00,149.0,232.0,24.5,112.75,79.75,127.75,3.5,1.0,12.0,1.0,1.75,NA,0.0,0.0,0.0,14.0,72.75,0.0,227.5,0.0,0.0,10.0,979.0,NA
2026-01-23 01:00:00,140.0,213.0,25.0,84.5,65.0,139.0,3.0,0.0,29.0,0.75,1.0,NA,0.0,0.0,0.0,14.0,70.5,0.0,229.75,0.0,0.0,9.75,979.0,NA
2026-01-23 02:00:00,128.0,205.0,23.0,79.0,61.0,148.0,2.0,0.0,49.75,0.25,0.25,NA,0.0,0.0,0.0,14.0,68.75,0.75,232.75,0.0,0.0,10.0,979.0,NA
2026-01-23 03:00:00,107.0,204.0,21.75,80.0,60.5,145.5,0.0,0.0,56.5,0.0,0.0,NA,0.0,0.0,0.0,14.0,68.5,1.0,233.5,0.0,0.0,9.75,979.0,NA
2026-01-23 04:00:00,105.0,360.0,19.75,73.25,55.5,146.75,0.0,0.0,62.5,0.0,0.0,NA,0.0,0.0,0.0,14.0,69.75,1.0,229.0,0.0,0.0,10.0,979.0,NA
2026-01-23 05:00:00,108.0,208.0,23.0,73.25,58.0,143.75,NA,0.0,53.25,0.0,0.0,NA,0.0,0.0,0.0,13.75,72.0,0.75,224.0,0.0,0.0,10.0,979.0,NA
2026-01-23 06:00:00,108.0,194.0,21.5,70.75,55.0,147.0,NA,0.0,51.5,0.0,0.0,NA,0.0,0.0,0.0,13.75,72.75,0.5,224.0,0.0,0.0,10.0,979.0,NA
2026-01-23 07:00:00,124.0,206.0,20.5,83.0,60.75,143.75,NA,0.0,52.0,0.5,0.75,NA,0.0,0.0,0.0,14.0,73.75,1.25,224.5,0.0,0.0,10.0,979.0,NA
2026-01-23 08:00:00,134.0,239.0,22.25,83.25,62.75,143.25,NA,0.25,27.0,1.5,1.0,NA,0.0,0.0,0.0,13.0,84.5,0.25,214.5,0.0,0.0,12.25,979.0,NA
2026-01-23 09:00:00,122.0,171.0,27.5,90.75,70.75,142.5,0.0,0.75,12.0,1.25,1.25,NA,0.0,0.0,0.25,13.0,90.25,0.0,208.75,0.75,3.0,14.75,979.0,NA
2026-01-23 10:00:00,138.0,169.0,31.0,97.5,77.25,137.0,NA,1.0,10.0,1.0,1.75,NA,0.0,0.0,0.0,13.0,92.25,0.0,209.75,1.5,6.0,16.0,978.75,NA
2026-01-23 11:00:00,178.0,215.0,21.5,88.75,64.5,120.0,0.0,1.0,8.5,1.0,2.25,NA,0.0,0.0,0.0,12.25,95.5,1.0,203.25,1.75,7.0,13.5,978.0,NA
2026-01-23 12:00:00,178.0,202.0,5.5,52.25,32.75,73.75,0.0,0.5,20.25,1.0,1.75,NA,0.0,0.0,0.0,12.5,94.75,1.5,205.25,0.0,0.0,156.25,978.0,NA
2026-01-23 13:00:00,153.0,183.0,1.67,54.0,30.33,63.67,3.0,1.0,22.67,1.0,1.0,NA,0.0,0.0,0.0,13.0,89.33,1.67,210.67,0.0,0.0,114.33,977.67,NA
2026-01-23 14:00:00,164.0,177.0,8.75,54.5,36.25,56.5,13.0,0.0,26.75,1.0,1.75,NA,0.0,0.0,0.0,13.0,85.75,1.25,216.0,0.0,0.0,135.0,977.5,NA
2026-01-23 15:00:00,157.0,183.0,13.33,62.67,44.67,70.0,15.33,0.0,32.67,1.0,2.0,NA,0.0,0.0,0.0,13.67,80.33,1.0,224.67,0.0,0.0,108.0,978.0,NA
2026-01-23 16:00:00,146.0,179.0,14.5,67.25,47.75,86.5,12.0,0.0,32.5,1.0,1.5,NA,0.0,0.0,0.0,13.0,82.0,1.0,214.5,0.0,0.0,28.25,978.0,NA
2026-01-23 17:00:00,147.0,168.0,16.25,75.0,53.0,88.75,10.33,0.0,30.75,1.0,0.75,NA,0.0,0.0,0.0,13.0,83.5,0.25,206.75,0.0,0.0,14.75,978.0,NA
2026-01-23 18:00:00,156.0,179.0,17.0,79.67,56.33,94.33,11.33,0.33,20.33,1.0,1.0,NA,0.0,0.0,0.0,12.0,88.67,0.33,201.33,0.0,0.0,10.0,978.0,NA
2026-01-23 19:00:00,161.0,180.0,20.75,85.5,62.5,92.75,11.0,1.0,12.0,1.25,1.5,NA,0.0,0.0,0.0,12.0,89.25,0.0,200.5,0.0,0.0,10.0,978.0,NA
2026-01-23 20:00:00,163.0,186.0,28.5,92.75,72.5,88.25,12.25,1.0,5.75,1.75,2.0,NA,0.0,0.5,0.25,12.0,89.5,0.25,198.0,0.0,0.0,10.0,978.25,NA
2026-01-23 21:00:00,197.0,221.0,38.0,94.0,80.75,89.0,14.5,1.0,3.25,2.0,6.75,NA,0.0,1.0,1.0,12.0,88.75,0.0,201.5,0.0,0.0,10.0,978.5,NA
2026-01-23 22:00:00,228.0,238.0,36.75,91.25,78.5,95.0,15.25,1.0,3.25,2.0,5.0,NA,0.0,1.0,1.0,12.0,88.0,0.0,200.75,0.0,0.0,10.0,978.5,NA
2026-01-23 23:00:00,174.0,195.0,45.5,84.75,82.25,97.25,14.5,1.0,2.0,1.5,5.75,NA,0.0,0.25,0.0,12.0,88.25,0.0,196.0,0.0,0.0,9.75,978.25,NA
2026-01-24 00:00:00,143.0,158.0,67.0,81.0,97.25,89.25,14.0,1.0,1.75,1.25,5.75,NA,0.0,0.0,0.25,12.0,90.25,0.0,191.75,0.0,0.0,10.0,978.5,NA
2026-01-24 01:00:00,155.0,172.0,76.25,77.5,103.5,92.75,15.0,1.0,2.0,1.75,5.25,NA,0.0,0.75,1.0,12.0,91.0,0.0,189.75,0.0,0.0,10.0,978.25,NA
2026-01-24 02:00:00,150.0,191.0,84.0,86.0,114.0,92.0,16.0,1.0,3.75,1.75,12.75,NA,0.5,2.0,1.5,11.0,91.5,1.0,183.75,0.0,0.0,10.0,978.0,NA
2026-01-24 03:00:00,153.0,195.0,27.5,73.75,61.75,122.25,11.5,0.0,11.25,0.75,4.5,NA,0.0,0.25,0.0,10.75,80.25,0.75,172.25,0.0,0.0,9.75,978.75,NA
2026-01-24 04:00:00,59.0,135.0,23.25,68.25,55.25,115.5,10.0,0.0,18.75,0.0,1.25,NA,0.0,0.0,0.0,10.0,65.75,0.25,166.5,0.0,0.0,10.0,979.0,NA
2026-01-24 05:00:00,40.0,168.0,21.75,65.25,52.5,109.25,10.0,0.0,20.25,0.0,1.0,NA,0.0,0.0,0.0,10.0,61.25,0.5,162.75,0.0,0.0,9.75,979.0,NA
2026-01-24 06:00:00,34.0,188.0,19.0,68.75,52.0,99.75,10.25,0.0,17.25,0.0,1.0,NA,0.0,0.0,0.0,10.0,62.25,0.75,157.25,0.0,0.0,10.0,979.0,NA
2026-01-24 07:00:00,47.0,185.0,21.5,72.0,55.75,95.5,11.25,0.0,13.5,0.0,2.0,NA,0.0,0.0,0.0,10.0,64.5,0.0,154.0,0.0,0.0,13.0,979.0,NA
2026-01-24 08:00:00,69.0,190.0,22.0,71.5,56.0,95.0,11.0,0.0,13.75,0.5,2.0,NA,0.0,0.0,0.0,10.0,64.75,0.0,157.25,0.0,0.0,49.5,979.0,NA
2026-01-24 09:00:00,86.0,219.0,24.0,71.0,57.5,96.25,12.0,0.0,19.5,1.0,5.0,NA,0.0,0.0,0.0,10.25,62.25,0.5,166.75,0.0,0.0,81.5,979.0,NA
2026-01-24 10:00:00,86.0,221.0,20.5,61.0,49.25,98.25,13.75,0.0,30.5,0.25,2.0,NA,0.0,0.0,0.0,11.0,56.75,1.0,181.75,0.0,0.0,102.0,979.0,NA
2026-01-24 11:00:00,63.0,208.0,19.25,68.0,52.0,95.25,15.0,0.0,35.25,0.25,1.5,NA,0.0,0.0,0.0,12.0,53.25,1.0,198.5,0.0,0.0,140.0,979.0,NA
2026-01-24 12:00:00,67.0,207.0,14.33,68.67,48.33,95.33,16.0,0.0,44.33,1.0,3.33,NA,0.0,0.0,0.0,13.0,51.0,0.67,212.0,0.0,0.0,354.0,979.0,NA
2026-01-24 13:00:00,62.0,196.0,14.0,66.0,46.75,96.5,15.5,0.0,50.0,0.0,2.25,NA,0.0,0.0,0.0,13.5,47.0,1.0,223.5,0.0,0.0,380.25,979.0,NA
2026-01-24 14:00:00,38.0,158.0,13.5,70.0,48.25,91.0,14.25,0.0,56.25,0.25,3.25,NA,0.0,0.0,0.0,14.0,43.25,1.0,239.5,0.0,0.0,247.75,979.0,NA
2026-01-24 15:00:00,51.0,164.0,8.0,67.25,42.5,89.0,15.75,0.0,54.0,0.0,2.5,NA,0.0,0.0,0.0,13.75,47.25,1.0,225.5,0.0,0.0,97.25,979.0,NA
2026-01-24 16:00:00,41.0,149.0,10.25,69.0,45.5,86.75,12.75,0.0,44.5,0.0,2.0,NA,0.0,0.0,0.0,13.0,50.5,1.0,217.5,0.0,0.0,60.75,979.0,NA
2026-01-24 17:00:00,47.0,163.0,13.25,73.75,50.75,72.0,12.25,0.25,25.5,0.5,2.0,NA,0.0,0.0,0.0,12.5,55.75,0.5,205.5,0.0,0.0,27.25,979.0,NA
2026-01-24 18:00:00,NA,NA,17.5,83.0,58.75,52.5,14.25,1.0,10.0,1.75,5.25,NA,0.0,0.5,0.25,12.0,61.25,0.5,194.5,0.0,0.0,10.5,978.0,NA
2026-01-24 19:00:00,189.0,305.0,21.0,82.75,60.75,99.0,17.75,1.0,12.5,2.25,10.25,NA,0.0,1.0,1.0,11.5,62.75,1.0,187.0,0.0,0.0,10.0,979.0,NA
2026-01-24 20:00:00,152.0,266.0,25.0,86.25,66.5,111.5,18.25,1.0,15.25,2.0,6.25,NA,0.0,0.75,0.25,11.0,63.5,1.0,180.25,0.0,0.0,10.0,979.0,NA
2026-01-24 21:00:00,152.0,245.0,22.5,90.75,66.5,117.5,16.5,1.0,14.0,1.25,4.5,NA,0.0,0.0,0.0,11.0,63.75,1.0,174.0,0.0,0.0,10.0,979.0,NA
2026-01-24 22:00:00,116.0,208.0,25.75,90.0,68.75,120.75,14.5,0.0,12.75,1.0,2.75,NA,0.0,0.0,0.0,10.25,65.5,1.0,168.0,0.0,0.0,10.0,979.0,NA
2026-01-24 23:00:00,89.0,185.0,24.33,84.67,65.0,123.33,13.33,0.0,91.67,0.33,2.33,NA,0.0,0.0,0.0,10.0,66.0,1.0,161.67,0.0,0.0,10.0,979.0,NA
2026-01-25 00:00:00,56.0,155.0,25.75,87.75,67.75,123.75,11.75,0.0,35.75,0.0,1.75,NA,0.0,0.0,0.0,10.0,69.5,1.0,155.25,0.0,0.0,10.0,979.0,NA
2026-01-25 01:00:00,53.0,146.0,24.0,84.75,64.5,127.25,12.0,0.0,48.0,0.0,1.75,NA,0.0,0.0,0.0,9.5,71.5,1.0,152.5,0.0,0.0,10.0,979.0,NA
2026-01-25 02:00:00,68.0,150.0,25.0,80.0,63.0,130.0,12.0,0.0,21.5,0.0,2.0,NA,0.0,0.0,0.0,9.75,71.5,0.5,152.75,0.0,0.0,10.0,979.0,NA
2026-01-25 03:00:00,77.0,151.0,23.25,80.75,62.0,130.25,27.0,0.0,15.5,0.0,1.25,NA,0.0,0.0,0.0,9.0,73.5,0.0,149.5,0.0,0.0,10.0,979.0,NA
2026-01-25 04:00:00,79.0,151.0,26.5,76.5,62.25,133.25,27.25,0.0,14.5,0.0,1.5,NA,0.0,0.0,0.0,9.0,76.0,0.25,144.5,0.0,0.0,10.0,979.0,NA
2026-01-25 05:00:00,85.0,149.0,25.75,77.75,62.75,134.25,28.5,0.0,13.25,0.0,0.25,NA,0.0,0.0,0.0,9.0,77.75,0.25,140.25,0.0,0.0,10.0,979.0,NA
2026-01-25 06:00:00,83.0,151.0,25.0,76.75,61.5,135.25,29.0,0.0,13.75,0.0,0.25,NA,0.0,0.0,0.0,9.0,78.25,0.25,141.0,0.0,0.0,10.0,979.0,NA
2026-01-25 07:00:00,78.0,173.0,28.25,85.25,68.5,128.5,28.25,0.25,11.0,0.25,0.5,NA,0.0,0.0,0.0,9.0,77.75,0.5,142.75,0.0,0.0,12.5,979.0,NA
2026-01-25 08:00:00,99.0,196.0,28.75,79.25,66.0,133.75,28.75,0.25,18.0,1.0,1.0,NA,0.0,0.0,0.0,9.0,76.0,1.0,144.25,0.0,0.0,39.5,979.0,NA
2026-01-25 09:00:00,111.0,188.0,30.75,73.75,64.0,132.75,30.0,0.0,24.75,0.75,1.0,NA,0.0,0.0,0.0,9.5,72.25,1.0,152.5,0.0,0.0,63.25,979.0,NA
2026-01-25 10:00:00,102.0,184.0,26.25,77.25,62.75,131.25,31.25,0.5,31.75,1.0,0.75,NA,0.0,0.0,0.0,10.5,67.75,1.0,172.0,0.0,0.0,82.75,979.0,NA
2026-01-25 11:00:00,107.0,193.0,24.0,79.75,62.25,134.0,31.25,0.0,45.0,0.75,1.25,NA,0.0,0.0,0.0,11.75,62.25,1.0,190.75,0.0,0.0,100.0,979.0,NA
2026-01-25 12:00:00,92.0,173.0,21.5,78.0,59.0,132.5,31.25,0.0,55.25,1.25,1.75,NA,0.0,0.0,0.0,12.5,58.75,1.25,206.25,0.0,0.0,334.5,979.0,NA
2026-01-25 13:00:00,84.0,166.0,19.25,79.75,58.0,129.25,31.75,0.0,56.0,1.0,2.25,NA,0.0,0.0,0.0,13.25,56.25,1.5,219.0,0.0,0.0,413.25,979.0,NA
2026-01-25 14:00:00,84.0,172.0,19.25,76.5,56.5,127.75,30.25,0.0,59.0,0.0,1.0,NA,0.0,0.0,0.0,14.0,52.25,1.75,232.5,0.0,0.0,279.25,979.0,NA
2026-01-25 15:00:00,66.0,139.0,16.5,78.0,55.25,129.75,28.5,0.0,64.25,0.25,0.75,NA,0.0,0.0,0.0,13.5,53.75,1.0,223.25,0.0,0.0,87.0,979.0,NA
2026-01-25 16:00:00,61.0,135.0,17.5,80.5,57.0,127.75,29.25,0.0,63.25,0.5,1.25,NA,0.0,0.0,0.0,13.0,54.5,0.75,220.25,0.0,0.0,58.25,979.0,NA
2026-01-25 17:00:00,77.0,156.0,17.5,94.75,64.5,124.25,29.75,0.25,47.25,1.25,2.25,NA,0.0,0.0,0.0,13.0,58.5,0.0,214.0,0.0,0.0,30.0,979.0,NA
2026-01-25 18:00:00,108.0,199.0,22.25,113.75,78.5,116.25,30.75,1.0,23.0,1.25,4.75,NA,0.25,0.75,0.5,12.25,62.5,0.0,202.25,0.0,0.0,10.75,979.0,NA
2026-01-25 19:00:00,158.0,287.0,34.5,135.5,100.5,105.25,35.0,1.75,7.0,4.75,5.5,NA,0.75,2.0,1.5,12.0,65.75,0.0,194.75,0.0,0.0,10.0,979.0,NA
2026-01-25 20:00:00,267.0,401.0,48.75,141.75,115.5,104.25,39.5,2.0,3.25,4.0,7.75,NA,1.25,2.25,2.0,11.5,69.25,0.0,187.75,0.0,0.0,10.0,979.0,NA
2026-01-25 21:00:00,271.0,403.0,52.75,131.5,113.25,111.5,44.5,2.0,2.25,3.25,5.75,NA,2.5,2.5,2.75,11.0,70.75,0.0,184.25,0.0,0.0,10.0,979.0,NA
2026-01-25 22:00:00,248.0,389.0,44.75,124.25,102.5,125.0,47.5,1.5,2.25,3.0,4.5,NA,2.0,2.0,2.25,11.0,72.25,0.0,179.75,0.0,0.0,10.0,979.0,NA
2026-01-25 23:00:00,197.0,290.0,45.5,112.25,96.75,130.25,48.0,1.0,2.25,2.0,3.75,NA,0.75,1.25,1.5,11.0,75.5,0.0,173.75,0.0,0.0,10.0,979.0,NA
2026-01-26 00:00:00,204.0,288.0,55.75,110.75,104.5,126.75,43.0,1.0,1.75,2.0,4.0,NA,0.75,1.0,1.0,10.5,77.75,0.0,170.0,0.0,0.0,10.0,979.0,NA
2026-01-26 01:00:00,189.0,266.0,53.25,106.5,100.0,130.0,39.75,1.0,2.0,2.0,4.0,NA,0.5,1.0,1.0,10.25,78.0,0.0,168.75,0.0,0.0,10.0,979.0,NA
2026-01-26 02:00:00,173.0,266.0,57.0,102.0,101.0,129.0,39.0,1.0,2.0,1.75,4.0,NA,0.0,0.0,0.25,10.0,78.25,0.0,164.75,0.0,0.0,10.0,979.0,NA
2026-01-26 03:00:00,175.0,238.0,44.25,102.5,90.5,137.75,32.25,0.75,2.0,1.0,4.0,NA,0.0,0.0,0.0,10.0,79.25,0.0,162.0,0.0,0.0,10.0,979.0,NA
2026-01-26 04:00:00,158.0,221.0,39.5,95.25,83.0,140.75,37.5,0.5,2.5,3.75,14.0,NA,1.25,0.5,0.5,10.0,80.5,0.0,158.75,0.0,0.0,10.0,979.0,NA
2026-01-26 05:00:00,147.0,194.0,33.75,90.25,75.5,145.0,37.5,0.0,3.75,2.0,15.75,NA,0.25,0.5,0.5,9.25,81.75,0.0,151.0,0.0,0.0,10.0,979.0,NA
2026-01-26 06:00:00,112.0,162.0,29.75,87.25,70.75,143.75,34.75,0.0,8.0,1.75,2.5,NA,0.0,0.0,0.0,9.0,81.0,0.0,148.25,0.0,0.0,10.0,979.0,NA
2026-01-26 07:00:00,89.0,160.0,34.75,94.25,78.5,135.75,32.25,0.25,7.0,1.0,2.0,NA,0.0,0.0,0.0,9.0,80.0,0.0,148.5,0.0,0.0,14.5,979.0,NA
2026-01-26 08:00:00,139.0,206.0,34.0,95.0,78.25,136.75,32.0,1.0,14.0,1.0,2.0,NA,0.0,0.0,0.0,9.5,78.25,0.0,152.25,0.0,0.0,39.25,979.0,NA
2026-01-26 09:00:00,147.0,210.0,33.25,95.75,78.5,134.0,35.5,1.0,24.0,1.25,1.0,NA,0.0,0.0,0.0,10.25,73.75,0.0,167.5,0.0,0.0,62.5,979.0,NA
2026-01-26 10:00:00,146.0,219.0,33.0,101.25,80.75,134.0,35.25,0.5,41.0,1.0,1.0,NA,0.0,0.0,0.0,11.5,66.75,0.0,188.75,0.0,0.0,79.5,979.0,NA
2026-01-26 11:00:00,123.0,190.0,25.0,87.75,67.25,142.0,38.0,0.25,57.5,1.0,1.0,NA,0.0,0.0,0.0,12.75,61.25,0.0,207.25,0.0,0.0,90.5,979.0,NA
2026-01-26 12:00:00,119.0,175.0,22.0,95.0,68.75,139.5,42.75,0.0,69.75,1.0,1.0,NA,0.0,0.0,0.0,13.75,56.5,0.0,226.5,0.0,0.0,318.0,979.0,NA
2026-01-26 13:00:00,119.0,199.0,18.25,95.5,66.0,138.5,39.25,0.0,91.75,1.0,1.0,NA,0.0,0.0,0.0,14.75,51.25,0.25,246.75,0.0,0.0,382.5,979.0,NA
2026-01-26 14:00:00,113.0,197.0,15.33,94.33,62.67,134.67,37.33,0.5,123.67,1.0,1.33,NA,0.0,0.0,0.0,16.0,46.67,0.0,266.67,0.0,0.0,231.0,979.0,NA
2026-01-26 15:00:00,123.0,221.0,12.25,98.5,62.75,130.5,36.25,0.0,112.0,1.75,2.5,NA,0.0,0.25,0.25,15.5,50.5,0.0,256.75,0.0,0.0,106.0,979.0,NA
2026-01-26 16:00:00,121.0,211.0,10.0,97.25,60.25,130.5,35.25,0.0,114.0,1.0,3.0,NA,0.0,0.25,0.0,15.0,51.25,0.0,253.25,0.0,0.0,84.75,979.0,NA
2026-01-26 17:00:00,116.0,200.0,9.0,100.5,60.75,128.5,33.0,0.0,89.0,1.0,2.0,NA,0.0,0.0,0.0,14.25,55.25,0.0,239.0,0.0,0.0,31.5,979.0,NA
2026-01-26 18:00:00,134.0,227.0,13.5,127.0,78.25,115.75,30.5,1.0,36.5,1.0,3.0,NA,0.0,0.75,0.5,13.5,60.75,0.0,223.75,0.0,0.0,10.5,979.0,NA
2026-01-26 19:00:00,177.0,340.0,22.25,153.5,100.0,107.75,33.25,2.0,6.5,2.0,4.75,NA,1.0,1.75,2.0,13.0,65.25,0.0,217.0,0.0,0.0,10.0,979.0,NA
2026-01-26 20:00:00,316.0,490.0,59.0,154.75,130.75,86.75,37.25,3.5,3.0,4.0,7.25,NA,4.25,4.0,4.0,12.75,67.5,0.0,209.75,0.0,0.0,10.0,979.0,NA
2026-01-26 21:00:00,365.0,545.0,89.5,145.75,150.5,82.0,40.0,3.5,2.75,4.0,7.25,NA,4.75,4.0,4.5,12.0,70.0,0.0,197.75,0.0,0.0,10.0,979.0,NA
2026-01-26 22:00:00,351.0,525.0,135.0,133.5,181.25,75.25,42.0,4.75,3.25,5.0,10.0,NA,4.25,3.75,4.25,12.0,74.75,0.0,191.75,0.0,0.0,10.0,979.0,NA
2026-01-26 23:00:00,449.0,636.0,154.75,119.0,189.5,84.0,44.75,4.25,3.25,5.75,10.5,NA,5.75,4.75,5.0,11.75,79.5,0.0,188.25,0.0,0.0,10.0,979.0,NA
2026-01-27 00:00:00,433.0,626.0,122.25,110.25,158.0,123.5,43.5,2.5,3.0,4.75,8.0,NA,4.25,4.0,4.0,11.0,82.0,0.0,182.75,0.0,0.0,10.0,979.0,NA
2026-01-27 01:00:00,312.0,447.0,95.25,110.0,136.0,142.25,39.5,2.0,2.0,3.0,5.25,NA,1.75,2.25,2.25,11.0,82.25,0.0,179.0,0.0,0.0,10.0,979.0,NA
2026-01-27 02:00:00,263.0,370.0,95.0,109.0,135.0,143.0,38.0,1.0,4.0,3.0,4.75,NA,1.5,1.75,2.0,11.0,81.75,0.0,178.75,0.0,0.0,10.0,979.0,NA
2026-01-27 03:00:00,299.0,403.0,96.0,111.0,137.25,130.25,33.5,2.0,3.5,4.0,5.0,NA,3.0,2.0,2.0,11.0,82.0,0.0,175.75,0.0,0.0,10.0,979.0,NA
2026-01-27 04:00:00,327.0,407.0,101.75,106.5,139.25,127.0,37.0,2.0,3.0,4.25,5.5,NA,2.5,2.0,2.5,11.0,80.0,0.0,180.0,0.0,0.0,10.0,979.0,NA
2026-01-27 05:00:00,305.0,383.0,140.25,103.5,169.5,102.75,39.75,2.0,3.0,4.0,6.0,NA,1.75,2.5,2.75,11.0,79.75,0.0,179.0,0.0,0.0,10.0,979.0,NA
2026-01-27 06:00:00,277.0,376.0,131.25,94.5,157.0,117.5,40.0,2.0,3.0,4.0,6.5,NA,1.5,2.0,2.5,11.0,80.75,0.0,179.75,0.0,0.0,10.0,979.0,NA
2026-01-27 07:00:00,355.0,422.0,142.25,102.5,170.5,120.75,41.75,2.0,3.0,4.75,7.5,NA,3.0,3.0,3.0,11.0,80.25,0.0,181.5,0.0,0.0,14.75,979.0,NA
2026-01-27 08:00:00,335.0,448.0,161.75,111.5,191.0,102.5,45.25,2.5,3.75,4.75,8.25,NA,3.75,3.0,3.25,11.5,78.5,0.0,188.0,0.0,0.0,54.0,979.0,NA
2026-01-27 09:00:00,327.0,517.0,98.67,139.67,154.67,133.0,46.67,2.0,4.0,3.67,7.0,NA,2.33,2.67,3.0,12.33,72.33,0.0,204.67,0.0,0.0,85.0,979.0,NA
2026-01-27 10:00:00,299.0,483.0,58.75,141.25,123.0,133.0,46.5,1.5,5.25,2.75,5.5,NA,1.0,1.75,2.5,13.0,68.75,0.25,212.0,0.0,0.0,55.25,979.0,NA
2026-01-27 11:00:00,218.0,378.0,51.0,121.5,106.0,134.0,39.0,1.5,5.0,2.25,6.5,NA,1.0,1.75,2.0,11.75,85.25,0.25,191.75,1.75,7.0,18.0,979.0,NA
2026-01-27 12:00:00,174.0,232.0,41.0,102.75,88.0,148.5,34.25,1.0,10.5,1.5,2.25,NA,0.0,1.0,1.0,11.75,90.0,0.25,193.5,0.0,0.0,116.0,979.0,NA
2026-01-27 13:00:00,143.0,180.0,37.75,104.25,86.75,147.5,34.5,1.0,17.25,1.5,3.0,NA,0.0,1.0,1.0,13.0,82.0,0.75,212.0,0.0,0.0,130.75,979.0,NA
2026-01-27 14:00:00,182.0,246.0,36.75,120.25,94.25,142.5,36.75,1.0,20.25,2.0,8.5,NA,1.0,2.25,2.0,13.75,76.5,0.75,224.5,0.0,0.0,142.25,979.0,NA
2026-01-27 15:00:00,191.0,250.0,34.25,109.25,86.0,147.25,34.25,1.0,19.5,1.75,5.75,NA,0.25,1.25,1.25,13.0,81.0,0.25,219.25,0.0,0.0,94.5,979.0,NA
2026-01-27 16:00:00,173.0,219.0,34.0,116.0,89.75,143.5,34.5,1.0,13.75,1.25,4.75,NA,0.0,1.0,1.0,13.0,81.25,0.5,218.25,0.0,0.0,73.0,979.0,NA
2026-01-27 17:00:00,173.0,210.0,31.5,94.75,76.5,157.25,33.25,0.0,19.75,1.0,3.25,NA,0.0,0.75,1.0,13.0,82.5,0.75,212.25,0.0,0.0,21.25,979.0,NA
2026-01-27 18:00:00,117.0,149.0,28.75,83.5,68.0,161.25,30.0,0.0,26.0,1.0,1.25,NA,0.0,0.0,0.25,12.25,81.25,1.0,199.25,0.0,0.0,10.0,979.0,NA
2026-01-27 19:00:00,96.0,112.0,32.25,95.0,77.0,153.25,29.0,0.25,14.25,1.0,1.25,NA,0.0,0.0,0.0,12.0,82.5,0.0,198.25,0.0,0.0,9.75,979.0,NA
2026-01-27 20:00:00,125.0,158.0,31.75,100.25,79.0,153.5,29.75,0.5,10.0,1.5,3.5,NA,0.0,0.5,0.75,12.0,83.75,0.0,201.0,0.0,0.0,10.0,979.0,NA
2026-01-27 21:00:00,141.0,162.0,43.0,115.75,96.75,143.75,32.75,1.0,3.25,2.0,5.0,NA,0.0,1.0,1.0,12.0,85.25,0.0,200.5,0.0,0.0,10.0,979.0,NA
2026-01-27 22:00:00,133.0,157.0,43.5,116.5,97.5,145.25,37.75,0.75,3.25,2.0,4.0,NA,0.0,1.25,1.25,12.0,86.5,0.0,199.0,0.0,0.0,10.0,979.0,NA
2026-01-27 23:00:00,117.0,138.0,36.25,92.0,78.5,166.75,33.25,0.0,8.0,1.0,2.25,NA,0.0,0.0,0.25,12.0,86.75,0.0,198.25,0.0,0.0,10.0,979.0,NA
2026-01-28 00:00:00,112.0,124.0,37.5,90.5,78.75,163.0,30.5,0.0,5.75,1.0,2.0,NA,0.0,0.0,0.0,12.0,87.0,0.0,199.75,0.0,0.0,10.0,979.0,NA
2026-01-28 01:00:00,111.0,140.0,37.5,97.0,82.5,159.5,29.25,0.0,3.0,1.0,1.25,NA,0.0,0.5,0.0,12.0,87.0,0.0,201.5,0.0,0.0,10.0,978.75,NA
2026-01-28 02:00:00,116.0,143.0,36.0,102.0,84.0,159.0,30.0,0.0,4.75,1.0,1.0,NA,0.0,0.0,0.0,12.0,86.5,0.0,201.5,0.0,0.0,10.0,979.0,NA
2026-01-28 03:00:00,114.0,146.0,47.0,95.5,89.25,157.75,27.25,0.0,2.25,1.25,2.25,NA,0.0,0.25,0.25,12.0,87.75,0.0,201.0,0.0,0.0,10.0,979.0,NA
2026-01-28 04:00:00,130.0,156.0,64.0,88.75,99.25,146.0,29.25,0.0,2.0,1.25,2.5,NA,0.0,1.0,0.0,12.0,87.5,0.0,199.5,0.0,0.0,10.0,979.0,NA
2026-01-28 05:00:00,141.0,175.0,61.0,87.5,96.25,154.5,29.5,0.0,2.25,1.0,3.5,NA,0.0,0.0,0.0,12.0,87.75,0.0,200.25,0.0,0.0,10.0,979.0,NA
2026-01-28 06:00:00,143.0,174.0,70.5,88.5,104.75,155.25,29.75,0.25,2.0,1.0,3.5,NA,0.0,0.0,0.0,12.0,88.0,0.0,198.75,0.0,0.0,10.0,979.0,NA
2026-01-28 07:00:00,139.0,190.0,74.5,92.25,110.0,151.0,31.25,1.0,2.75,2.0,4.75,NA,0.0,1.0,0.75,12.0,89.0,0.0,199.0,0.0,0.0,11.25,979.0,NA
2026-01-28 08:00:00,189.0,239.0,66.75,93.25,104.25,160.5,33.75,1.0,2.5,2.0,5.5,NA,0.0,1.0,1.0,12.0,88.0,0.0,201.25,0.0,0.0,18.25,979.0,NA
2026-01-28 09:00:00,191.0,239.0,66.25,98.25,106.75,160.25,34.5,1.0,3.25,2.0,7.75,NA,1.0,1.5,1.25,12.25,88.75,0.0,204.25,0.0,0.0,29.5,979.0,NA
2026-01-28 10:00:00,233.0,288.0,56.0,94.75,96.0,168.0,35.0,1.0,3.0,2.0,5.5,NA,0.5,1.5,1.0,13.0,87.5,0.0,208.5,0.0,0.0,41.75,979.0,NA
2026-01-28 11:00:00,218.0,278.0,52.5,87.5,89.5,171.0,33.75,1.0,4.75,1.75,4.25,NA,0.0,0.5,0.0,13.0,85.75,0.0,211.5,0.0,0.0,67.25,979.0,NA
2026-01-28 12:00:00,201.0,273.0,48.0,86.25,85.0,169.75,32.75,1.0,7.25,1.0,4.0,NA,0.0,0.75,0.0,13.25,83.25,0.0,219.0,0.0,0.0,140.75,978.75,NA
2026-01-28 13:00:00,213.0,277.0,39.5,84.25,77.0,174.25,33.0,0.0,18.75,3.25,2.25,NA,0.0,0.0,0.0,14.0,76.0,0.0,235.25,0.0,0.0,192.0,978.0,NA
2026-01-28 14:00:00,200.0,259.0,36.25,85.5,75.0,173.0,32.25,0.0,25.5,1.0,3.75,NA,0.0,0.75,0.0,14.0,76.25,0.0,231.0,0.0,0.0,87.75,978.0,NA
2026-01-28 15:00:00,190.0,246.0,33.75,95.75,78.75,164.75,31.5,0.75,23.0,1.25,9.5,NA,0.0,1.25,0.25,14.0,76.0,0.25,229.75,0.0,0.0,78.5,978.0,NA
2026-01-28 16:00:00,191.0,260.0,33.75,99.5,80.75,164.75,32.0,1.0,23.5,1.0,7.5,NA,0.0,1.5,1.0,14.0,73.75,0.25,230.25,0.0,0.0,71.5,978.0,NA
2026-01-28 17:00:00,207.0,284.0,39.5,117.75,95.0,152.0,33.5,1.0,12.5,1.75,7.75,NA,0.25,1.5,0.75,13.75,75.0,0.0,226.25,0.0,0.0,33.75,978.5,NA
2026-01-28 18:00:00,283.0,366.0,45.75,127.0,105.0,149.5,37.25,1.5,6.75,3.0,11.0,NA,1.25,2.25,1.5,13.0,79.5,0.0,213.25,0.0,0.0,10.75,978.5,NA
2026-01-28 19:00:00,326.0,410.0,55.75,116.25,107.25,145.75,38.75,1.25,3.25,2.75,21.75,NA,2.25,4.25,3.0,12.75,84.5,0.25,207.5,0.0,0.0,10.0,978.75,NA
2026-01-28 20:00:00,219.0,287.0,50.75,107.75,99.0,156.5,37.25,1.0,2.5,2.25,12.75,NA,1.5,3.5,2.5,12.0,87.25,0.0,202.25,0.0,0.0,10.0,979.0,NA
2026-01-28 21:00:00,189.0,248.0,57.75,108.0,104.5,159.5,36.5,1.0,2.0,2.25,5.75,NA,2.25,2.75,2.75,12.0,88.75,0.0,197.0,0.0,0.0,10.0,979.0,NA
2026-01-28 22:00:00,175.0,244.0,62.0,107.0,107.75,160.75,35.0,1.0,2.0,2.0,4.5,NA,1.0,1.75,1.75,12.0,90.0,0.0,193.25,0.0,0.0,10.0,978.75,NA
2026-01-28 23:00:00,180.0,254.0,59.5,103.75,104.0,162.0,35.0,1.0,1.75,2.0,9.5,NA,1.0,2.0,1.5,12.0,90.0,0.0,193.5,0.0,0.0,10.0,979.0,NA
2026-01-29 00:00:00,173.0,251.0,52.25,92.5,92.0,175.0,32.5,0.25,2.25,1.5,6.25,NA,0.25,0.75,0.75,11.75,91.0,0.25,188.0,0.0,0.0,10.0,978.0,NA
2026-01-29 01:00:00,160.0,226.0,47.0,92.5,87.5,180.75,30.75,0.0,2.0,1.0,3.0,NA,0.0,0.0,0.0,11.0,91.5,0.25,183.5,0.0,0.0,10.0,978.0,NA
2026-01-29 02:00:00,173.0,217.0,47.0,92.0,87.0,182.0,30.0,0.0,3.5,1.0,3.5,NA,0.0,0.75,0.25,11.0,95.0,0.0,181.75,0.0,0.0,10.0,978.0,NA
2026-01-29 03:00:00,153.0,202.0,39.75,79.25,74.75,184.0,27.5,0.0,15.5,0.75,3.75,NA,0.0,0.5,0.0,11.0,96.5,0.75,179.0,0.0,0.0,10.0,978.0,NA
2026-01-29 04:00:00,88.0,108.0,35.0,77.75,70.0,178.75,26.5,0.0,11.75,0.0,1.0,NA,0.0,0.0,0.0,11.0,96.75,1.0,177.25,0.0,0.0,10.0,978.0,NA
2026-01-29 05:00:00,94.0,134.0,36.0,80.5,72.0,178.5,26.5,0.0,15.0,0.0,1.0,NA,0.0,0.0,0.0,11.0,95.75,0.25,176.5,0.0,0.0,10.0,978.25,NA
2026-01-29 06:00:00,88.0,114.0,33.75,85.75,73.25,176.5,26.0,0.0,13.5,0.0,1.0,NA,0.0,0.0,0.0,11.0,92.5,0.25,178.25,0.0,0.0,10.0,978.0,NA
2026-01-29 07:00:00,99.0,132.0,33.75,85.75,73.25,175.0,26.25,0.0,15.0,0.0,0.75,NA,0.0,0.0,0.0,11.0,92.75,0.0,177.25,0.0,0.0,12.25,978.0,NA
2026-01-29 08:00:00,110.0,140.0,34.25,90.25,76.25,169.25,26.25,0.0,12.5,0.5,1.0,NA,0.0,0.0,0.0,11.0,91.75,0.0,179.25,0.0,0.0,28.25,978.0,NA
2026-01-29 09:00:00,127.0,162.0,35.25,84.75,74.0,172.25,26.25,0.0,15.0,0.25,1.0,NA,0.0,0.0,0.0,11.0,91.0,0.75,180.25,0.0,0.0,58.0,978.75,NA
2026-01-29 10:00:00,108.0,144.0,34.75,84.0,73.0,170.25,27.0,0.0,15.75,1.0,1.25,NA,0.0,0.0,0.0,11.0,89.25,0.5,185.0,0.0,0.0,90.25,979.0,NA
2026-01-29 11:00:00,111.0,153.0,39.33,82.0,75.67,168.67,27.33,0.0,17.33,1.0,1.67,NA,0.0,0.0,0.0,12.0,86.67,1.0,192.33,0.0,0.0,126.0,979.0,NA
2026-01-29 12:00:00,112.0,162.0,34.25,89.0,75.5,169.25,29.0,0.0,20.5,1.0,7.0,NA,0.0,0.75,0.25,12.0,82.25,1.0,203.5,0.0,0.0,147.25,979.0,NA
2026-01-29 13:00:00,118.0,171.0,32.25,86.0,71.75,174.25,29.0,0.0,28.5,1.0,11.25,NA,0.0,1.75,1.0,13.0,77.75,1.0,215.5,0.0,0.0,234.0,979.0,NA
2026-01-29 14:00:00,96.0,143.0,31.0,81.75,68.5,171.0,29.0,0.0,35.5,0.25,4.75,NA,0.0,1.0,0.0,14.0,72.0,1.0,231.5,0.0,0.0,239.0,979.0,NA
2026-01-29 15:00:00,97.0,143.0,30.25,83.75,69.25,171.25,28.25,0.0,42.25,0.25,4.5,NA,0.0,0.5,0.0,14.0,71.5,1.0,230.25,0.0,0.0,113.0,978.25,NA
2026-01-29 16:00:00,103.0,152.0,27.75,86.5,68.75,169.0,28.0,0.0,40.25,0.25,3.75,NA,0.5,7.75,3.0,14.0,70.75,0.25,232.5,0.0,0.0,80.75,978.0,NA
2026-01-29 17:00:00,92.0,141.0,26.5,92.5,71.0,163.0,27.75,0.25,31.75,0.75,2.75,NA,0.0,1.75,1.0,13.5,75.0,0.25,224.75,0.0,0.0,35.5,978.0,NA
2026-01-29 18:00:00,124.0,191.0,31.5,114.5,86.5,149.25,28.5,1.0,8.75,1.0,7.0,NA,1.25,2.5,2.5,13.0,79.75,0.0,211.25,0.0,0.0,11.0,978.25,NA
2026-01-29 19:00:00,130.0,244.0,62.25,120.25,115.0,134.0,33.0,2.0,2.75,2.25,16.5,NA,3.5,6.25,5.75,12.5,84.5,0.0,205.0,0.0,0.0,10.25,978.0,NA
2026-01-29 20:00:00,218.0,318.0,68.25,125.0,122.0,139.5,39.75,2.5,2.25,5.25,29.75,NA,6.5,11.0,8.75,12.0,86.5,0.0,199.25,0.0,0.0,10.0,978.0,NA
2026-01-29 21:00:00,262.0,354.0,75.5,121.25,125.75,139.25,46.0,2.75,2.5,8.75,24.25,NA,5.25,9.25,7.75,12.0,87.5,0.0,196.0,0.0,0.0,10.0,978.0,NA
2026-01-29 22:00:00,301.0,376.0,84.75,109.0,126.75,148.75,47.5,2.5,2.0,6.0,18.0,NA,3.25,6.25,5.25,12.0,88.5,0.0,192.25,0.0,0.0,10.0,978.0,NA
2026-01-29 23:00:00,252.0,335.0,89.0,111.5,132.0,148.75,45.75,2.0,2.0,4.0,15.75,NA,3.5,4.75,4.5,11.5,89.0,0.0,188.25,0.0,0.0,10.0,978.75,NA
2026-01-30 00:00:00,206.0,306.0,80.0,111.0,124.25,159.75,41.5,1.0,2.0,2.5,11.5,NA,2.0,4.0,3.25,11.0,88.75,0.0,185.75,0.0,0.0,10.0,979.0,NA
2026-01-30 01:00:00,190.0,267.0,66.75,104.0,109.5,174.25,37.5,1.0,2.0,1.75,9.0,NA,2.0,4.0,3.0,11.0,89.0,0.0,180.5,0.0,0.0,10.0,979.0,NA
2026-01-30 02:00:00,153.0,217.0,59.0,111.0,108.0,175.0,36.0,1.0,2.25,1.25,9.0,NA,1.0,3.0,2.5,11.0,87.75,0.0,180.0,0.0,0.0,10.0,979.0,NA
2026-01-30 03:00:00,129.0,189.0,67.25,113.25,115.0,160.5,33.25,0.5,2.0,1.0,8.25,NA,1.0,2.75,2.0,11.0,87.0,0.0,179.25,0.0,0.0,10.0,978.75,NA
2026-01-30 04:00:00,160.0,200.0,52.5,113.25,103.0,168.5,33.25,0.0,2.25,1.0,6.75,NA,0.5,1.25,1.0,11.0,87.25,0.0,177.75,0.0,0.0,10.0,979.0,NA
2026-01-30 05:00:00,152.0,196.0,71.75,109.0,115.75,156.0,33.0,0.5,2.0,1.25,6.5,NA,0.0,1.0,1.0,11.0,88.0,0.0,175.25,0.0,0.0,10.0,979.0,NA
2026-01-30 06:00:00,146.0,200.0,50.75,97.5,93.0,176.75,31.75,0.25,2.25,1.25,4.75,NA,0.0,1.0,0.5,10.75,88.75,0.0,172.0,0.0,0.0,10.0,979.0,NA
2026-01-30 07:00:00,145.0,190.0,60.5,103.5,104.5,165.75,33.25,1.0,2.0,1.25,4.0,NA,0.0,0.75,0.5,11.0,89.25,0.0,172.5,0.0,0.0,16.25,979.0,NA
2026-01-30 08:00:00,171.0,223.0,78.5,107.25,121.0,147.5,34.25,1.0,3.0,2.0,11.25,NA,0.5,1.0,1.5,11.0,88.0,0.25,176.75,0.0,0.0,50.75,979.0,NA
2026-01-30 09:00:00,213.0,279.0,57.5,109.75,105.0,163.0,35.5,1.0,8.0,2.0,5.0,NA,0.75,1.0,1.5,11.25,84.75,0.75,185.0,0.0,0.0,76.5,979.0,NA
2026-01-30 10:00:00,160.0,219.0,44.5,108.0,93.5,169.25,34.25,1.0,23.5,1.0,2.0,NA,0.0,0.0,0.25,12.25,78.75,0.75,200.25,0.0,0.0,87.5,979.0,NA
2026-01-30 11:00:00,146.0,221.0,37.75,99.75,84.0,174.0,34.5,0.5,40.25,1.0,3.75,NA,0.0,0.0,0.0,13.5,71.25,1.0,221.75,0.0,0.0,107.25,979.0,NA
2026-01-30 12:00:00,130.0,189.0,29.0,91.0,72.0,176.0,34.75,0.0,53.25,1.0,4.25,NA,0.0,0.0,0.0,14.0,65.5,0.75,235.75,0.0,0.0,389.5,979.0,NA
2026-01-30 13:00:00,99.0,152.0,23.5,87.25,65.5,172.75,36.0,0.0,59.25,0.25,5.75,NA,0.0,0.75,0.0,15.5,55.0,0.5,261.0,0.0,0.0,461.5,978.75,NA
2026-01-30 14:00:00,75.0,136.0,14.25,74.0,51.5,146.5,33.25,0.0,66.25,0.0,3.75,NA,0.0,0.5,0.0,17.0,49.5,0.75,281.25,0.0,0.0,301.25,979.0,NA
2026-01-30 15:00:00,80.0,129.0,9.25,63.75,41.5,119.5,31.5,0.0,67.75,0.5,2.5,NA,0.0,0.0,0.0,16.0,51.0,0.25,265.0,0.0,0.0,87.75,979.0,NA
2026-01-30 16:00:00,59.0,110.0,9.0,82.25,51.25,124.5,31.0,0.0,56.25,0.25,4.25,NA,0.0,0.75,0.0,15.25,54.5,0.75,256.0,0.0,0.0,74.0,979.0,NA
2026-01-30 17:00:00,81.0,151.0,15.25,94.5,63.25,134.0,30.5,0.0,43.25,0.25,1.75,NA,0.0,0.0,0.0,15.0,58.5,0.25,248.0,0.0,0.0,41.75,979.0,NA
2026-01-30 18:00:00,84.0,167.0,19.75,119.5,79.5,128.75,30.25,1.0,17.0,0.75,3.25,NA,0.0,0.75,0.5,13.75,65.25,0.0,232.0,0.0,0.0,11.5,979.0,NA
2026-01-30 19:00:00,163.0,263.0,56.0,125.25,112.25,114.5,31.25,1.75,2.5,1.5,9.75,NA,0.5,1.75,1.75,13.0,75.0,0.0,212.5,0.0,0.0,10.0,979.0,NA
2026-01-30 20:00:00,240.0,434.0,75.25,129.0,130.0,111.25,35.5,2.0,2.25,2.5,38.75,NA,3.0,4.75,4.25,12.75,79.0,0.0,206.0,0.0,0.0,10.0,979.0,NA
2026-01-30 21:00:00,215.0,370.0,121.25,121.25,163.25,104.0,36.25,3.0,2.5,3.25,43.0,NA,5.25,5.5,4.0,12.0,82.0,0.0,201.25,0.0,0.0,10.0,979.0,NA
2026-01-30 22:00:00,311.0,472.0,136.0,110.75,169.75,111.5,39.25,3.0,2.5,3.5,43.25,NA,7.0,7.75,5.25,12.0,85.0,0.0,196.0,0.0,0.0,10.0,979.0,NA
2026-01-30 23:00:00,334.0,514.0,160.75,104.25,186.5,118.5,40.75,3.0,2.0,3.25,26.0,NA,6.25,6.0,5.0,12.0,86.0,0.0,193.75,0.0,0.0,10.0,979.0,NA
2026-01-31 00:00:00,299.0,476.0,152.0,108.75,181.75,130.5,42.0,2.0,2.25,3.25,26.25,NA,5.75,5.25,4.0,11.25,87.75,0.0,186.75,0.0,0.0,10.0,979.0,NA
2026-01-31 01:00:00,249.0,381.0,123.5,103.25,156.25,156.0,40.25,1.0,2.0,3.25,35.75,NA,5.0,5.25,3.75,11.0,87.0,0.0,184.5,0.0,0.0,10.0,979.0,NA
2026-01-31 02:00:00,194.0,279.0,107.0,119.0,150.0,169.0,38.0,1.0,2.0,1.75,19.0,NA,2.25,3.25,2.5,11.0,87.5,0.0,182.0,0.0,0.0,10.0,979.0,NA
2026-01-31 03:00:00,149.0,259.0,164.0,100.0,186.75,130.75,34.0,1.0,1.75,2.0,14.75,NA,1.5,2.75,2.0,11.0,88.5,0.0,179.5,0.0,0.0,10.0,979.0,NA
2026-01-31 04:00:00,151.0,246.0,107.5,99.5,140.5,174.5,33.5,0.5,1.5,1.5,10.5,NA,0.5,2.5,1.5,11.0,90.0,0.0,176.0,0.0,0.0,10.0,979.0,NA
2026-01-31 05:00:00,134.0,182.0,97.0,102.0,134.0,177.0,33.0,0.0,2.0,1.0,4.0,NA,0.0,1.0,1.0,11.0,89.0,0.0,175.0,0.0,0.0,10.0,979.0,NA
2026-01-31 06:00:00,129.0,173.0,79.33,98.33,117.0,180.33,31.33,0.33,1.67,1.0,4.0,NA,0.0,0.33,0.0,10.0,90.67,0.0,169.33,0.0,0.0,10.0,978.67,NA
2026-01-31 07:00:00,173.0,232.0,75.67,100.67,115.33,172.67,32.67,1.0,2.0,2.0,3.67,NA,0.33,1.0,0.67,10.67,91.0,0.0,170.67,0.0,0.0,16.67,978.0,NA
2026-01-31 08:00:00,201.0,262.0,73.5,111.0,119.0,162.0,33.5,1.0,3.0,2.0,3.0,NA,0.5,1.0,1.0,11.0,88.5,0.0,184.5,0.0,0.0,56.5,979.0,NA
2026-01-31 09:00:00,200.0,267.0,58.0,119.33,110.67,169.0,33.33,1.0,6.0,2.0,2.33,NA,0.0,1.0,1.0,11.67,86.33,0.0,189.67,0.0,0.0,88.33,979.0,NA
2026-01-31 10:00:00,251.0,328.0,55.0,108.67,102.67,168.0,35.0,1.0,7.33,2.67,3.0,NA,0.0,1.0,1.0,12.0,81.67,0.0,199.33,0.0,0.0,150.0,979.0,NA
2026-01-31 11:00:00,NA,NA,NA,NA,NA,NA,NA,NA,NA,NA,NA,NA,NA,NA,NA,NA,NA,NA,NA,NA,NA,NA,NA,NA
2026-01-31 12:00:00,271.0,355.0,42.25,119.75,98.25,166.0,36.0,1.0,21.0,3.0,4.5,NA,0.75,1.75,1.0,13.25,74.75,0.5,221.75,0.0,0.0,288.25,979.0,NA
2026-01-31 13:00:00,261.0,362.0,35.5,120.5,93.0,164.0,38.5,1.0,30.5,2.5,5.5,NA,0.5,2.0,1.0,14.5,69.5,1.0,242.0,0.0,0.0,311.0,979.0,NA
2026-01-31 14:00:00,268.0,405.0,31.33,120.0,89.0,164.0,39.33,1.0,46.0,2.33,5.33,NA,0.33,1.67,1.0,15.67,62.33,0.67,261.33,0.0,0.0,225.0,979.0,NA
2026-01-31 15:00:00,213.0,343.0,26.5,116.5,83.5,164.5,37.5,1.0,56.0,2.0,4.5,NA,0.0,1.0,0.5,15.0,63.0,0.5,255.5,0.0,0.0,123.0,979.0,NA
2026-01-31 16:00:00,185.0,300.0,23.0,115.33,80.33,164.0,36.33,0.67,53.0,1.67,4.0,NA,0.0,1.0,0.33,15.0,64.33,0.0,246.0,0.0,0.0,68.0,979.0,NA
2026-01-31 17:00:00,NA,NA,NA,NA,NA,NA,NA,NA,NA,NA,NA,NA,NA,NA,NA,NA,NA,NA,NA,NA,NA,NA,NA,NA
2026-01-31 18:00:00,175.0,318.0,26.0,122.0,86.0,155.0,31.0,1.0,14.5,2.0,4.5,NA,0.0,2.0,1.0,13.0,78.0,0.0,214.5,0.0,0.0,10.0,979.0,NA
2026-01-31 19:00:00,226.0,344.0,32.0,133.0,97.0,155.0,31.0,1.0,7.0,2.0,5.0,NA,0.0,2.0,1.0,13.0,79.0,0.0,213.0,0.0,0.0,10.0,979.0,NA
2026-01-31 20:00:00,278.0,385.0,31.67,124.0,91.67,158.67,32.33,1.0,6.33,2.33,5.33,NA,1.0,2.67,2.0,12.67,84.0,0.0,205.33,0.0,0.0,10.0,979.0,NA
2026-01-31 21:00:00,189.0,259.0,43.33,112.67,95.0,161.67,32.0,1.0,4.0,1.33,2.0,NA,0.0,0.0,0.33,12.0,86.0,0.0,200.67,0.0,0.0,10.0,979.0,NA
2026-01-31 22:00:00,202.0,287.0,59.5,105.0,105.0,155.5,32.5,1.0,2.0,2.0,5.5,NA,1.0,1.5,2.0,12.0,88.0,0.0,198.0,0.0,0.0,10.0,979.0,NA
2026-01-31 23:00:00,197.0,305.0,57.75,103.75,102.25,162.5,33.75,1.0,2.0,2.25,6.5,NA,1.25,3.0,2.5,12.0,88.75,0.25,195.0,0.0,0.0,10.0,979.0,NA
2026-02-01 00:00:00,NA,NA,NA,NA,NA,NA,NA,NA,NA,NA,NA,NA,NA,NA,NA,NA,NA,NA,NA,NA,NA,NA,NA,NA
2026-02-01 01:00:00,195.0,267.0,44.0,107.0,93.0,173.0,32.0,1.0,2.0,2.0,4.0,NA,0.0,1.0,1.0,12.0,88.0,0.0,199.0,0.0,0.0,10.0,979.0,NA
2026-02-01 02:00:00,169.0,232.0,38.0,103.0,86.0,183.0,30.0,0.0,3.5,1.0,2.0,NA,0.0,0.0,0.0,12.0,89.5,0.5,194.5,0.0,0.0,10.0,979.0,NA
2026-02-01 03:00:00,163.0,226.0,47.0,87.5,84.5,173.5,28.5,0.0,2.0,1.0,2.0,NA,0.0,0.0,0.0,12.0,88.5,0.0,195.5,0.0,0.0,10.0,979.0,NA
2026-02-01 04:00:00,200.0,268.0,42.0,90.67,82.33,179.67,29.0,0.0,2.0,1.0,2.33,NA,0.0,0.0,0.0,11.67,90.67,0.67,188.67,0.0,0.0,10.0,978.67,NA
2026-02-01 05:00:00,158.0,226.0,44.0,82.0,80.0,183.0,29.0,0.0,2.0,1.0,1.0,NA,0.0,0.0,0.0,12.0,90.0,0.0,188.0,0.0,0.0,10.0,979.0,NA
2026-02-01 06:00:00,140.0,199.0,35.5,84.0,74.0,179.5,28.0,0.0,2.5,1.0,1.0,NA,0.0,0.0,0.0,11.0,90.0,0.0,185.5,0.0,0.0,10.0,979.0,NA
2026-02-01 07:00:00,135.0,178.0,48.0,87.0,85.0,178.0,29.0,0.0,2.0,1.0,0.0,NA,0.0,0.0,0.0,12.0,89.0,0.0,189.0,0.0,0.0,10.0,979.0,NA
2026-02-01 08:00:00,172.0,215.0,51.67,88.0,89.0,170.33,29.67,1.0,2.67,1.0,1.0,NA,0.0,0.0,0.0,11.67,87.0,0.0,193.0,0.0,0.0,44.0,979.0,NA
2026-02-01 09:00:00,144.0,183.0,48.67,106.0,96.33,166.33,31.67,0.67,7.33,1.0,2.33,NA,0.0,0.0,0.0,12.67,79.67,0.0,206.0,0.0,0.0,79.33,979.0,NA
2026-02-01 10:00:00,132.0,193.0,41.5,108.0,91.0,169.0,33.5,0.5,15.5,1.0,2.0,NA,0.0,0.0,0.0,13.5,72.0,0.0,222.0,0.0,0.0,123.5,979.0,NA
2026-02-01 11:00:00,136.0,199.0,46.5,121.5,102.5,161.0,39.5,0.0,15.5,1.0,2.5,NA,0.5,0.5,1.0,14.0,66.5,0.0,238.0,0.0,0.0,189.5,979.0,NA
2026-02-01 12:00:00,88.0,160.0,32.0,93.5,75.5,172.0,40.5,0.0,26.5,0.5,1.0,NA,0.0,0.0,0.0,15.5,59.0,1.0,259.0,0.0,0.0,268.0,979.0,NA
2026-02-01 13:00:00,47.0,118.0,29.5,84.0,69.0,174.0,35.0,0.0,33.5,0.0,0.5,NA,0.0,0.0,0.0,17.0,55.0,0.0,279.0,0.0,0.0,313.0,979.0,NA
2026-02-01 14:00:00,NA,130.0,24.0,88.0,66.0,164.0,35.0,0.0,46.0,0.0,1.0,NA,0.0,0.0,0.0,17.0,53.0,0.0,294.0,0.0,0.0,160.0,979.0,NA
2026-02-01 15:00:00,57.0,128.0,23.33,86.67,65.33,167.0,34.0,0.0,49.33,0.0,2.0,NA,0.0,0.33,0.33,17.0,54.0,0.0,289.0,0.0,0.0,125.0,979.0,NA
2026-02-01 16:00:00,48.0,129.0,25.5,94.0,71.5,162.0,33.0,0.5,40.5,0.0,1.0,NA,0.0,0.0,0.0,17.0,57.0,0.0,279.5,0.0,0.0,82.0,979.0,NA
2026-02-01 17:00:00,79.0,205.0,27.5,106.0,78.5,150.0,35.5,1.0,23.0,2.0,6.5,NA,3.0,2.5,4.5,16.0,58.0,0.0,266.5,0.0,0.0,44.0,979.0,NA
2026-02-01 18:00:00,55.0,193.0,37.0,134.0,101.5,139.0,35.0,1.5,7.0,2.0,12.0,NA,4.0,4.0,5.5,14.5,69.0,0.0,242.0,0.0,0.0,10.5,979.0,NA
2026-02-01 19:00:00,146.0,346.0,65.0,128.67,121.33,127.67,36.67,3.0,3.0,2.33,8.33,NA,2.33,4.0,4.33,14.0,77.0,0.0,232.0,0.0,0.0,9.67,979.0,NA
2026-02-01 20:00:00,179.0,500.0,86.0,139.0,144.5,126.5,40.0,4.0,4.0,3.0,10.5,NA,4.5,5.0,5.0,14.0,81.5,0.0,229.5,0.0,0.0,10.0,979.0,NA
2026-02-01 21:00:00,320.0,432.0,106.0,125.0,153.5,126.5,41.0,3.5,3.0,3.0,11.5,NA,4.5,4.5,4.5,14.0,82.5,0.0,225.5,0.0,0.0,10.0,979.0,NA
2026-02-01 22:00:00,317.0,520.0,159.0,115.67,191.33,107.0,45.0,5.33,3.33,3.33,16.33,NA,5.67,5.33,5.67,13.0,85.67,0.0,219.0,0.0,0.0,10.0,979.0,NA
2026-02-01 23:00:00,454.0,780.0,169.67,112.67,197.67,117.0,52.0,4.0,4.0,6.0,25.33,NA,10.0,8.33,10.67,13.0,87.33,0.0,215.67,0.0,0.0,10.0,979.0,NA
2026-02-02 00:00:00,254.0,371.0,88.0,114.33,132.67,179.67,46.0,1.0,3.33,2.67,11.33,NA,2.0,3.67,3.0,13.0,89.0,0.0,211.0,0.0,0.0,9.67,979.0,NA
2026-02-02 01:00:00,183.0,252.0,66.0,99.5,106.5,193.5,39.5,1.0,2.0,2.0,6.5,NA,0.0,1.0,1.0,12.5,92.0,0.0,205.5,0.0,0.0,10.0,978.5,NA
2026-02-02 02:00:00,NA,186.0,NA,NA,NA,NA,NA,NA,34.0,1.0,5.0,NA,0.0,0.0,0.0,12.0,94.0,0.0,197.0,0.0,0.0,10.0,978.0,NA
2026-02-02 03:00:00,127.0,140.0,49.5,93.0,89.0,190.0,31.0,1.0,2.0,1.0,2.5,NA,0.0,0.0,0.0,12.0,96.0,0.0,192.0,0.0,0.0,10.0,978.0,NA
2026-02-02 04:00:00,122.0,157.0,52.5,96.0,93.75,184.25,31.25,1.0,2.0,1.0,2.0,NA,0.0,0.0,0.0,12.0,96.5,0.0,190.5,0.0,0.0,10.0,979.0,NA
2026-02-02 05:00:00,111.0,135.0,53.5,94.0,93.5,183.5,30.0,1.0,2.0,1.0,2.0,NA,0.0,0.0,0.0,11.5,96.5,0.0,188.5,0.0,0.0,9.5,978.5,NA
2026-02-02 06:00:00,95.0,124.0,44.0,84.5,80.5,194.0,30.0,1.0,3.5,1.0,2.0,NA,0.0,0.0,0.0,12.0,97.0,0.0,188.0,0.0,0.0,10.0,979.0,NA
2026-02-02 07:00:00,94.0,107.0,45.33,87.0,83.0,190.33,29.33,1.0,6.0,1.0,1.0,NA,0.0,0.0,0.0,12.0,97.0,0.0,189.33,0.0,0.0,10.67,978.67,NA
2026-02-02 08:00:00,106.0,128.0,44.0,88.0,83.0,190.0,29.0,1.0,6.0,1.0,1.0,NA,0.0,0.0,0.0,12.0,97.0,0.0,193.0,0.0,0.0,29.0,979.0,NA
2026-02-02 09:00:00,127.0,157.0,40.0,91.67,81.33,183.67,30.0,1.0,7.67,1.0,1.0,NA,0.0,0.0,0.0,12.0,96.0,0.0,198.0,0.0,0.0,46.67,978.67,NA
2026-02-02 10:00:00,125.0,162.0,45.67,94.0,87.33,173.67,30.0,1.0,7.0,1.0,2.0,NA,0.0,0.0,0.0,12.33,91.67,0.33,204.33,0.0,0.0,66.0,978.33,NA
2026-02-02 11:00:00,157.0,221.0,46.0,88.0,84.33,175.33,31.0,1.0,7.0,1.0,2.67,NA,0.0,0.0,0.0,13.0,90.33,0.67,207.33,0.0,0.0,63.0,979.0,NA
2026-02-02 12:00:00,172.0,232.0,45.33,93.33,86.67,172.0,31.33,1.0,9.0,1.0,4.67,NA,0.0,0.33,0.33,13.0,89.33,0.67,210.67,0.0,0.0,71.67,979.0,NA
2026-02-02 13:00:00,162.0,224.0,37.0,92.5,79.5,178.5,31.0,1.0,13.0,1.0,6.5,NA,0.0,1.0,0.5,13.0,87.0,1.0,216.5,0.0,0.0,87.0,979.0,NA
2026-02-02 14:00:00,NA,193.0,36.0,90.0,77.0,172.0,31.0,0.0,16.0,2.0,3.0,NA,0.0,1.0,1.0,13.0,85.0,1.0,217.0,0.0,0.0,98.0,979.0,NA
2026-02-02 15:00:00,NA,NA,NA,NA,NA,NA,NA,NA,NA,NA,NA,NA,NA,NA,NA,NA,NA,NA,NA,NA,NA,NA,NA,NA
2026-02-02 16:00:00,135.0,191.0,34.75,86.5,74.25,175.75,30.0,0.25,21.5,1.0,4.25,NA,0.0,1.0,0.0,13.5,82.0,0.25,223.0,0.0,0.0,85.75,979.0,NA
2026-02-02 17:00:00,135.0,200.0,38.0,91.33,79.67,170.67,30.33,1.0,16.67,1.0,4.67,NA,0.0,1.0,0.67,13.0,84.0,0.0,216.67,0.0,0.0,33.33,979.0,NA
2026-02-02 18:00:00,160.0,227.0,43.0,114.5,96.0,151.5,31.5,1.0,5.0,1.0,4.5,NA,0.5,1.5,1.5,13.0,87.5,0.0,210.0,0.0,0.0,10.0,979.0,NA
2026-02-02 19:00:00,174.0,262.0,57.5,116.5,109.5,147.0,34.5,2.0,3.0,2.0,10.0,NA,1.0,3.0,3.0,13.0,89.0,0.0,207.0,0.0,0.0,10.0,979.0,NA
2026-02-02 20:00:00,237.0,337.0,68.0,116.5,117.0,145.0,37.0,2.0,3.0,3.0,16.5,NA,4.0,5.0,4.5,12.5,89.0,0.0,206.0,0.0,0.0,10.0,979.0,NA
2026-02-02 21:00:00,282.0,387.0,79.0,119.5,127.5,144.5,44.5,2.0,2.0,4.5,17.5,NA,3.0,5.5,5.0,12.0,90.5,0.0,202.5,0.0,0.0,10.0,979.0,NA
2026-02-02 22:00:00,251.0,364.0,70.5,114.5,118.5,160.5,42.5,1.5,2.5,2.0,12.0,NA,3.0,4.0,3.5,12.0,91.0,0.0,202.0,0.0,0.0,10.0,979.0,NA
2026-02-02 23:00:00,240.0,339.0,67.0,112.0,114.5,165.5,38.5,1.0,2.0,2.0,11.5,NA,1.0,2.0,2.0,12.0,91.5,0.0,199.5,0.0,0.0,10.0,978.0,NA
2026-02-03 00:00:00,224.0,294.0,79.0,105.67,120.33,158.0,38.67,1.0,2.0,1.67,7.67,NA,1.0,1.0,1.0,12.0,91.67,0.0,197.67,0.0,0.0,10.0,978.0,NA
2026-02-03 01:00:00,NA,252.0,62.0,92.0,99.0,183.0,34.0,1.0,NA,1.0,4.0,NA,0.0,1.0,1.0,12.0,96.0,0.0,190.0,0.0,0.0,10.0,978.0,NA
2026-02-03 02:00:00,180.0,229.0,57.0,93.0,96.0,182.0,35.0,1.0,3.0,1.0,5.0,NA,0.0,0.33,0.33,11.33,96.67,0.0,187.0,0.0,0.0,10.0,978.0,NA
2026-02-03 03:00:00,145.0,183.0,43.0,101.0,89.0,181.0,31.0,1.0,3.0,1.0,4.0,NA,0.0,0.0,0.0,11.0,97.0,0.0,184.0,0.0,0.0,10.0,978.0,NA
2026-02-03 04:00:00,144.0,167.0,43.0,105.0,92.0,182.0,32.0,0.0,5.0,1.0,3.0,NA,0.0,0.0,0.0,11.0,97.0,0.0,182.0,0.0,0.0,10.0,978.0,NA
2026-02-03 05:00:00,NA,NA,NA,NA,NA,NA,NA,NA,NA,NA,NA,NA,NA,NA,NA,NA,NA,NA,NA,NA,NA,NA,NA,NA
2026-02-03 06:00:00,144.0,174.0,41.5,92.5,82.5,181.0,31.0,0.0,5.5,1.0,3.0,NA,0.0,0.0,0.0,11.0,96.5,0.0,178.5,0.0,0.0,9.5,978.5,NA
2026-02-03 07:00:00,125.0,144.0,47.25,94.25,88.5,176.5,30.75,0.5,3.5,1.0,2.0,NA,0.0,0.0,0.0,11.0,97.0,0.0,172.75,0.0,0.0,13.0,979.0,NA
2026-02-03 08:00:00,125.0,147.0,51.5,95.5,92.5,174.5,31.5,1.0,5.0,1.0,3.0,NA,0.0,0.0,0.0,11.0,97.0,0.0,174.0,0.0,0.0,34.5,978.5,NA
2026-02-03 09:00:00,NA,185.0,64.0,98.0,105.0,163.0,33.0,1.0,4.0,1.0,3.0,NA,0.0,0.0,0.0,11.0,92.0,0.0,183.0,0.0,0.0,86.0,978.0,NA
2026-02-03 10:00:00,188.0,263.0,55.0,99.0,97.0,166.0,33.0,1.0,9.0,2.0,5.0,NA,1.0,1.0,1.0,12.0,89.0,0.0,191.0,0.0,0.0,173.0,979.0,NA
2026-02-03 11:00:00,194.0,277.0,59.33,113.67,108.67,159.33,34.33,1.0,10.67,2.0,3.0,NA,0.33,0.0,0.33,12.33,83.67,0.0,204.33,0.0,0.0,198.0,979.0,NA
2026-02-03 12:00:00,251.0,383.0,47.5,132.0,109.0,161.0,35.5,1.0,25.5,2.0,8.0,NA,0.0,1.5,1.0,13.5,77.0,0.0,223.5,0.0,0.0,349.5,979.0,NA
2026-02-03 13:00:00,272.0,425.0,35.67,114.33,90.0,170.0,40.33,1.0,48.33,1.33,8.0,NA,0.0,1.33,1.0,15.0,67.33,0.0,250.0,0.0,0.0,345.0,979.0,NA
2026-02-03 14:00:00,240.0,351.0,25.67,101.67,75.0,176.0,42.67,0.0,67.33,1.0,10.67,NA,0.0,1.33,0.33,16.0,60.33,0.33,267.0,0.0,0.0,271.0,979.0,NA
2026-02-03 15:00:00,151.0,227.0,6.0,49.0,31.0,84.0,39.0,0.0,92.0,1.0,10.5,NA,0.0,0.5,0.5,16.0,56.0,0.0,263.0,0.0,0.0,115.5,978.5,NA
2026-02-03 16:00:00,133.0,222.0,9.0,49.0,33.67,87.0,34.67,0.0,81.25,0.75,10.0,NA,0.0,0.75,0.25,15.25,52.75,0.0,255.75,0.0,0.0,72.75,978.25,NA
2026-02-03 17:00:00,101.0,184.0,9.0,84.75,53.0,90.25,35.75,0.5,58.5,0.75,5.25,NA,0.0,0.75,1.0,14.75,58.0,0.0,248.5,0.0,0.0,37.0,978.75,NA
2026-02-03 18:00:00,171.0,296.0,19.25,114.75,76.75,90.0,34.75,1.0,20.25,1.75,10.5,NA,0.0,1.5,1.0,13.75,64.75,0.0,230.5,0.0,0.0,11.5,979.0,NA
2026-02-03 19:00:00,285.0,444.0,33.33,126.0,94.67,91.33,36.0,1.0,4.33,2.0,18.0,NA,1.33,3.0,2.33,13.0,73.33,0.0,216.33,0.0,0.0,10.0,979.0,NA
2026-02-03 20:00:00,243.0,434.0,58.5,118.5,111.0,93.5,37.0,2.0,3.5,2.0,13.5,NA,4.0,5.0,4.0,13.0,75.5,0.0,215.5,0.0,0.0,10.0,978.5,NA
2026-02-03 21:00:00,261.0,464.0,50.0,119.0,104.0,104.0,36.5,2.0,3.5,2.0,13.5,NA,4.5,5.0,4.0,13.0,76.5,0.0,215.0,0.0,0.0,10.0,978.5,NA
2026-02-03 22:00:00,274.0,394.0,40.25,118.0,95.75,125.0,35.25,1.75,3.5,2.25,12.5,NA,2.5,3.75,2.75,12.5,81.5,0.0,207.5,0.0,0.0,10.0,978.5,NA
2026-02-03 23:00:00,260.0,370.0,54.5,104.0,99.5,126.5,34.5,2.0,3.5,2.0,5.5,NA,1.5,1.5,2.0,12.0,84.5,0.0,202.0,0.0,0.0,10.0,978.5,NA
2026-02-04 00:00:00,299.0,406.0,97.0,98.33,131.67,105.33,36.0,2.0,3.33,2.0,5.33,NA,1.33,1.33,1.33,12.0,86.33,0.0,199.0,0.0,0.0,10.0,978.0,NA
2026-02-04 01:00:00,272.0,396.0,112.5,92.5,141.0,106.0,36.5,2.0,4.0,2.0,5.5,NA,1.0,1.0,2.0,12.0,87.5,0.0,196.0,0.0,0.0,10.0,978.5,NA
2026-02-04 02:00:00,305.0,487.0,187.0,97.0,203.0,74.0,39.0,2.67,7.0,3.33,13.33,NA,1.67,4.0,3.33,12.0,88.0,0.0,194.33,0.0,0.0,10.0,978.0,NA
2026-02-04 03:00:00,327.0,521.0,NA,NA,NA,NA,NA,2.0,8.5,3.0,17.5,NA,2.0,3.5,3.5,12.0,88.5,0.0,191.0,0.0,0.0,10.0,978.0,NA
2026-02-04 04:00:00,NA,NA,NA,NA,NA,NA,NA,NA,NA,NA,NA,NA,NA,NA,NA,NA,NA,NA,NA,NA,NA,NA,NA,NA
2026-02-04 05:00:00,317.0,461.0,NA,NA,NA,NA,NA,2.0,5.0,3.0,33.0,NA,2.0,5.0,3.0,11.0,90.0,0.0,186.0,0.0,0.0,10.0,978.0,NA
2026-02-04 06:00:00,351.0,499.0,NA,NA,NA,NA,NA,2.0,4.0,3.5,54.0,NA,4.0,7.0,4.0,11.0,91.0,0.0,182.5,0.0,0.0,10.0,978.0,NA
2026-02-04 07:00:00,310.0,417.0,NA,NA,NA,NA,NA,1.0,3.5,3.0,24.5,NA,3.5,5.0,3.0,11.0,91.0,0.0,179.0,0.0,0.0,14.5,978.0,NA
2026-02-04 08:00:00,284.0,324.0,95.0,93.5,127.0,164.0,33.0,2.0,4.5,3.0,29.0,NA,3.0,4.5,2.5,11.0,92.0,0.0,170.5,0.0,0.0,59.0,978.0,NA
2026-02-04 09:00:00,250.0,284.0,84.25,116.25,130.5,153.75,35.5,2.0,5.5,4.0,32.5,NA,4.25,5.0,3.0,11.0,90.5,0.0,176.75,0.0,0.0,94.75,978.0,NA
2026-02-04 10:00:00,NA,NA,NA,NA,NA,NA,NA,NA,NA,NA,NA,NA,NA,NA,NA,NA,NA,NA,NA,NA,NA,NA,NA,NA
2026-02-04 11:00:00,298.0,427.0,47.33,111.33,98.0,157.67,41.67,0.67,40.33,2.33,13.33,NA,1.0,2.33,1.67,14.0,71.67,0.67,231.33,0.0,0.0,157.0,978.67,NA
2026-02-04 12:00:00,180.0,262.0,31.0,90.0,73.0,168.0,38.0,0.0,58.0,1.0,6.0,NA,0.0,0.0,0.0,15.0,66.0,1.0,245.0,0.0,0.0,389.0,979.0,NA
2026-02-04 13:00:00,153.0,221.0,27.5,84.5,67.5,155.5,38.0,0.0,61.0,0.0,2.5,NA,0.0,0.0,0.0,16.0,53.5,1.0,269.5,0.0,0.0,400.5,979.0,NA
2026-02-04 14:00:00,118.0,184.0,21.67,83.67,62.0,149.67,35.67,0.0,70.67,0.33,1.33,NA,0.0,0.0,0.0,17.0,48.0,1.0,281.67,0.0,0.0,289.33,979.0,NA
2026-02-04 15:00:00,95.0,167.0,22.5,82.5,62.5,132.0,33.0,0.0,73.0,0.0,1.0,NA,0.0,0.0,0.0,16.0,50.5,1.0,271.5,0.0,0.0,111.0,978.5,NA
2026-02-04 16:00:00,99.0,173.0,20.0,87.0,62.5,126.5,31.5,0.0,72.0,0.0,2.0,NA,0.0,0.0,0.0,16.0,51.0,1.0,263.5,0.0,0.0,61.5,979.0,NA
2026-02-04 17:00:00,83.0,171.0,16.5,94.5,63.5,122.0,30.0,0.0,61.5,0.0,2.0,NA,0.0,0.0,0.0,15.0,55.0,1.0,253.5,0.0,0.0,37.0,979.0,NA
2026-02-04 18:00:00,99.0,210.0,18.5,115.5,76.5,113.0,30.5,1.0,32.5,1.0,4.5,NA,0.0,0.5,0.0,14.0,61.0,0.0,238.5,0.0,0.0,10.5,979.0,NA
2026-02-04 19:00:00,132.0,302.0,25.5,133.0,92.0,104.0,33.0,1.5,9.5,2.5,16.5,NA,1.0,3.0,2.0,13.5,66.5,0.0,225.0,0.0,0.0,10.0,979.0,NA
2026-02-04 20:00:00,189.0,324.0,38.0,124.67,97.33,107.67,37.67,2.0,7.33,3.0,8.33,NA,2.0,1.67,2.0,13.0,71.67,0.0,219.67,0.0,0.0,10.0,978.67,NA
2026-02-04 21:00:00,221.0,350.0,35.0,131.0,98.5,116.0,40.5,2.0,8.0,2.0,4.0,NA,1.0,1.0,1.0,13.0,74.0,0.0,216.0,0.0,0.0,10.0,979.0,NA
2026-02-04 22:00:00,NA,299.0,33.0,122.0,91.0,123.0,37.0,1.0,9.0,1.0,4.0,NA,0.0,0.0,1.0,13.0,77.0,0.0,209.0,0.0,0.0,10.0,979.0,NA
2026-02-04 23:00:00,NA,240.0,32.0,110.0,85.0,129.0,34.0,1.0,10.0,1.0,3.0,NA,0.0,0.0,0.0,12.0,79.0,0.0,203.0,0.0,0.0,10.0,979.0,NA
2026-02-05 00:00:00,145.0,223.0,32.0,108.0,84.0,131.0,33.0,1.0,11.0,1.0,3.0,NA,0.0,0.0,0.0,12.0,80.0,0.0,202.0,0.0,0.0,10.0,979.0,NA
2026-02-05 01:00:00,156.0,233.0,34.67,105.0,84.0,133.67,31.67,0.0,10.0,1.0,3.0,NA,0.0,0.0,0.0,12.0,81.33,0.0,195.67,0.0,0.0,10.0,978.67,NA
2026-02-05 02:00:00,167.0,241.0,35.5,99.0,81.0,135.5,29.5,0.0,12.0,1.0,3.0,NA,0.0,0.0,0.0,12.0,83.67,0.67,190.0,0.0,0.0,10.0,978.33,NA
2026-02-05 03:00:00,189.0,250.0,30.0,94.0,74.5,137.5,31.0,0.0,17.0,1.0,2.0,NA,0.0,0.0,0.0,11.5,84.5,1.0,186.5,0.0,0.0,10.0,979.0,NA
2026-02-05 04:00:00,178.0,224.0,30.0,88.0,71.0,139.0,31.0,0.0,20.0,1.0,1.0,NA,0.0,0.0,0.0,11.0,86.0,0.0,183.0,0.0,0.0,10.0,978.0,NA
2026-02-05 05:00:00,157.0,213.0,30.75,89.0,72.5,138.75,30.25,0.0,18.0,1.0,1.0,NA,0.0,0.0,0.0,11.0,87.75,0.25,177.75,0.0,0.0,9.75,978.75,NA
2026-02-05 06:00:00,156.0,205.0,31.0,94.67,75.67,138.67,30.33,0.67,14.33,0.0,1.0,NA,0.0,0.0,0.0,11.0,87.67,0.0,176.0,0.0,0.0,9.33,978.0,NA
2026-02-05 07:00:00,158.0,213.0,33.0,99.25,80.0,138.25,30.75,1.0,14.0,1.0,1.0,NA,0.0,0.0,0.0,11.0,86.75,0.0,175.0,0.0,0.0,16.0,978.0,NA
2026-02-05 08:00:00,175.0,235.0,39.67,98.33,84.33,137.33,32.0,1.0,18.0,1.0,1.67,NA,0.0,0.0,0.0,11.0,83.67,0.33,181.67,0.0,0.0,43.0,978.67,NA
2026-02-05 09:00:00,194.0,261.0,32.0,91.5,75.0,141.5,33.25,1.0,34.0,1.0,2.0,NA,0.0,0.25,0.25,12.25,76.75,1.0,198.0,0.0,0.0,60.75,979.0,NA
2026-02-05 10:00:00,146.0,222.0,12.75,61.75,43.25,89.25,34.0,1.0,46.5,1.0,1.75,NA,0.0,0.25,0.25,13.25,68.5,1.0,219.75,0.0,0.0,75.0,978.5,NA
2026-02-05 11:00:00,NA,216.0,1.0,40.0,22.0,64.0,35.0,0.0,65.0,1.0,2.0,NA,0.0,0.0,0.0,15.0,60.0,1.0,245.0,0.0,0.0,165.0,978.0,NA
2026-02-05 12:00:00,102.0,186.0,3.0,40.0,24.0,61.0,35.0,0.0,74.0,1.0,3.0,NA,0.0,0.0,0.0,15.0,59.0,1.0,247.0,0.0,0.0,481.0,978.0,NA
2026-02-05 13:00:00,72.0,158.0,2.0,40.0,23.0,50.0,34.0,0.0,89.0,1.0,3.0,NA,0.0,0.0,0.0,17.0,47.0,1.0,281.0,0.0,0.0,437.0,978.0,NA
2026-02-05 14:00:00,89.0,156.0,4.0,32.0,20.5,51.0,31.5,0.0,90.5,0.5,2.0,NA,0.0,0.0,0.0,17.5,45.0,1.0,292.5,0.0,0.0,318.0,978.0,NA
2026-02-05 15:00:00,NA,161.0,5.0,28.0,19.0,54.0,30.0,0.0,100.0,0.0,2.0,NA,0.0,0.0,0.0,16.0,46.0,1.0,275.0,0.0,0.0,93.0,978.0,NA
2026-02-05 16:00:00,57.0,152.0,6.5,54.0,34.0,57.5,31.5,0.5,91.0,0.0,1.0,NA,0.0,0.0,0.0,16.0,48.0,1.5,271.5,0.0,0.0,71.0,978.5,NA
2026-02-05 17:00:00,62.0,182.0,8.5,73.0,45.5,71.0,31.0,1.0,73.5,0.0,2.5,NA,0.0,0.0,0.0,16.0,50.0,1.0,265.5,0.0,0.0,37.5,978.0,NA
2026-02-05 18:00:00,94.0,223.0,11.0,105.5,64.5,74.0,32.0,1.0,39.5,1.0,10.5,NA,0.0,0.5,0.5,15.0,58.0,0.0,247.5,0.0,0.0,13.0,978.0,NA
2026-02-05 19:00:00,128.0,266.0,14.0,124.0,77.5,81.0,35.5,1.0,27.5,1.0,13.0,NA,0.5,1.5,1.5,14.0,62.5,0.0,236.5,0.0,0.0,9.5,978.0,NA
2026-02-05 20:00:00,155.0,280.0,24.0,134.5,91.5,78.5,36.5,1.0,12.5,1.5,11.5,NA,0.5,2.5,2.0,14.0,65.5,0.0,229.0,0.0,0.0,10.0,978.0,NA
2026-02-05 21:00:00,NA,328.0,32.0,138.0,100.0,89.0,36.0,1.0,4.0,2.0,9.0,NA,3.0,3.0,3.0,13.0,70.0,0.0,218.0,0.0,0.0,10.0,978.0,NA
2026-02-05 22:00:00,208.0,355.0,34.5,130.5,97.5,94.0,36.0,1.0,5.5,3.0,8.5,NA,2.5,3.0,3.0,13.0,71.0,0.0,215.5,0.0,0.0,10.0,978.0,NA
2026-02-05 23:00:00,150.0,261.0,29.33,113.67,84.67,106.0,36.0,0.0,8.33,1.33,4.0,NA,1.33,1.67,2.0,13.0,73.0,0.0,209.67,0.0,0.0,10.0,978.0,NA
2026-02-06 00:00:00,NA,NA,NA,NA,NA,NA,NA,NA,NA,NA,NA,NA,NA,NA,NA,NA,NA,NA,NA,NA,NA,NA,NA,NA
2026-02-06 01:00:00,118.0,211.0,32.75,110.25,85.75,110.5,34.0,0.0,8.0,1.0,3.0,NA,0.0,1.0,1.0,12.0,76.5,0.0,199.5,0.0,0.0,10.0,978.0,NA
2026-02-06 02:00:00,107.0,191.0,35.5,107.0,85.5,108.0,31.5,0.0,8.0,1.0,2.5,NA,0.0,1.5,1.0,12.0,77.5,0.0,195.5,0.0,0.0,10.0,978.0,NA
2026-02-06 03:00:00,119.0,193.0,33.0,98.5,80.0,117.0,30.5,0.0,14.0,1.0,2.0,NA,0.0,0.0,0.0,12.0,77.0,0.0,194.5,0.0,0.0,10.0,978.0,NA
2026-02-06 04:00:00,156.0,218.0,27.0,103.0,77.0,117.0,33.0,0.0,11.0,1.0,2.0,NA,0.0,0.0,0.0,12.0,79.0,0.0,190.0,0.0,0.0,10.0,978.0,NA
2026-02-06 05:00:00,215.0,262.0,27.5,94.5,73.0,122.5,32.0,0.0,18.0,1.0,2.0,NA,0.0,0.0,0.0,11.0,80.5,0.0,187.5,0.0,0.0,10.0,978.0,NA
2026-02-06 06:00:00,182.0,226.0,27.0,99.0,75.0,121.0,31.0,0.0,15.0,1.0,2.0,NA,0.0,0.0,0.0,11.0,81.0,0.5,185.5,0.0,0.0,10.0,978.0,NA
2026-02-06 07:00:00,144.0,208.0,30.0,94.67,75.0,121.33,31.0,0.0,18.33,1.0,2.0,NA,0.0,0.0,0.0,11.0,80.0,1.0,183.0,0.0,0.0,17.67,978.0,NA
2026-02-06 08:00:00,144.0,204.0,31.33,95.0,76.0,119.0,31.67,0.0,21.0,1.0,2.0,NA,0.0,0.0,0.0,11.33,77.33,1.0,189.0,0.0,0.0,37.33,978.0,NA
2026-02-06 09:00:00,NA,230.0,29.0,89.0,71.0,118.0,34.0,0.0,40.0,1.0,2.0,NA,0.0,0.0,0.0,13.0,67.0,1.0,211.0,0.0,0.0,62.0,978.0,NA
2026-02-06 10:00:00,139.0,246.0,26.5,85.5,67.0,121.5,35.0,0.0,51.0,1.0,2.0,NA,0.0,0.0,0.0,13.5,63.0,1.0,226.5,0.0,0.0,69.5,978.0,NA
2026-02-06 11:00:00,113.0,208.0,22.33,87.0,64.67,123.67,35.33,0.0,66.67,1.0,2.0,NA,0.0,0.0,0.0,14.67,57.0,1.33,249.33,0.0,0.0,130.0,978.0,NA
2026-02-06 12:00:00,92.0,185.0,15.0,87.33,59.33,118.33,34.33,0.0,78.67,1.0,3.67,NA,0.0,0.0,0.0,16.0,52.0,2.0,266.0,0.0,0.0,468.33,978.0,NA
2026-02-06 13:00:00,74.0,177.0,14.0,81.33,54.67,115.67,34.67,0.0,84.33,0.33,2.0,NA,0.0,0.0,0.0,17.0,48.0,2.0,283.0,0.0,0.0,438.0,978.0,NA
2026-02-06 14:00:00,68.0,188.0,10.5,77.5,50.0,110.0,39.0,0.0,93.0,0.0,1.0,NA,0.0,0.0,0.0,17.5,46.0,1.5,295.5,0.0,0.0,317.5,978.0,NA
2026-02-06 15:00:00,69.0,166.0,8.0,86.0,52.0,105.0,42.0,0.0,89.0,0.0,2.0,NA,0.0,0.0,0.0,17.0,48.0,2.0,281.0,0.0,0.0,81.0,978.0,NA
2026-02-06 16:00:00,NA,NA,NA,NA,NA,NA,NA,NA,NA,NA,NA,NA,NA,NA,NA,NA,NA,NA,NA,NA,NA,NA,NA,NA
2026-02-06 17:00:00,NA,191.0,13.0,104.0,66.0,101.0,46.0,0.0,59.0,1.0,5.0,NA,0.0,1.0,0.0,16.0,55.0,1.0,262.0,0.0,0.0,22.0,978.0,NA
2026-02-06 18:00:00,136.0,273.0,15.5,110.0,71.5,102.5,48.5,1.0,44.0,1.5,7.0,NA,0.0,0.5,0.5,15.0,59.0,0.0,254.0,0.0,0.0,10.5,978.0,NA
2026-02-06 19:00:00,123.0,255.0,19.5,130.5,85.5,94.5,45.5,1.0,17.5,1.0,5.5,NA,0.5,1.5,1.5,15.0,63.0,0.0,244.0,0.0,0.0,10.0,978.0,NA
2026-02-06 20:00:00,147.0,284.0,21.67,126.33,85.33,101.0,43.0,1.0,18.33,1.67,7.0,NA,2.33,3.0,3.0,14.0,65.67,0.0,236.33,0.0,0.0,10.0,978.0,NA
2026-02-06 21:00:00,145.0,267.0,21.0,122.5,82.5,111.0,43.5,1.0,20.5,1.0,3.0,NA,0.0,1.0,1.0,14.0,68.5,0.0,231.5,0.0,0.0,10.0,978.5,NA
2026-02-06 22:00:00,NA,NA,NA,NA,NA,NA,NA,NA,NA,NA,NA,NA,NA,NA,NA,NA,NA,NA,NA,NA,NA,NA,NA,NA
2026-02-06 23:00:00,128.0,217.0,24.0,118.0,82.0,111.0,40.0,1.0,16.0,1.0,2.0,NA,1.0,1.0,1.0,14.0,71.0,0.0,225.0,0.0,0.0,10.0,978.0,NA
2026-02-07 00:00:00,123.0,216.0,31.33,130.0,94.67,107.33,35.67,0.67,9.33,1.0,3.67,NA,0.0,1.33,1.0,13.0,72.67,0.0,219.33,0.0,0.0,10.0,978.0,NA
2026-02-07 01:00:00,152.0,271.0,33.0,116.5,89.0,116.0,34.5,0.0,10.0,1.0,5.5,NA,0.0,1.5,1.0,13.0,74.5,0.0,214.5,0.0,0.0,10.0,978.0,NA
2026-02-07 02:00:00,116.0,205.0,NA,NA,NA,NA,NA,NA,26.0,0.5,2.0,NA,0.0,1.0,1.0,13.0,78.5,0.0,207.5,0.0,0.0,10.0,978.0,NA
2026-02-07 03:00:00,140.0,207.0,24.0,101.5,73.5,127.5,31.0,0.0,21.5,1.0,1.0,NA,0.0,0.0,0.0,12.0,80.0,0.0,205.0,0.0,0.0,9.5,978.0,NA
2026-02-07 04:00:00,141.0,213.0,32.0,96.5,77.0,127.5,31.0,0.0,15.5,1.0,3.0,NA,0.0,0.0,0.0,12.0,82.0,0.0,201.0,0.0,0.0,10.0,978.0,NA
2026-02-07 05:00:00,143.0,210.0,27.0,97.33,73.67,133.0,31.0,0.0,16.33,0.67,2.0,NA,0.0,0.0,0.0,12.0,83.67,0.0,198.0,0.0,0.0,10.0,978.0,NA
2026-02-07 06:00:00,NA,188.0,27.0,88.0,69.0,134.0,31.0,0.0,25.0,0.0,1.0,NA,0.0,0.0,0.0,12.0,80.0,1.0,199.0,0.0,0.0,10.0,978.0,NA
2026-02-07 07:00:00,128.0,190.0,27.0,98.0,74.0,134.0,32.0,0.0,25.0,1.0,1.0,NA,0.0,0.0,0.0,12.0,80.0,0.0,197.0,0.0,0.0,10.0,978.0,NA
2026-02-07 08:00:00,NA,NA,NA,NA,NA,NA,NA,NA,NA,NA,NA,NA,NA,NA,NA,NA,NA,NA,NA,NA,NA,NA,NA,NA
2026-02-07 09:00:00,128.0,213.0,27.67,86.33,68.67,136.67,33.67,1.0,45.0,1.0,1.33,NA,0.0,0.0,0.0,13.0,72.33,1.0,216.33,0.0,0.0,68.67,978.0,NA
2026-02-07 10:00:00,116.0,205.0,24.0,87.0,65.0,135.0,35.0,1.0,53.0,1.0,1.0,NA,0.0,0.0,0.0,14.0,68.0,1.0,237.0,0.0,0.0,101.0,978.0,NA
2026-02-07 11:00:00,111.0,200.0,25.0,85.0,65.0,135.0,36.0,1.0,57.0,1.0,1.0,NA,0.0,0.0,0.0,15.0,65.0,1.0,246.0,0.0,0.0,115.0,978.0,NA
2026-02-07 12:00:00,103.0,196.0,22.5,81.5,61.5,134.5,37.0,0.0,68.5,0.5,1.5,NA,0.0,0.0,0.0,16.0,57.5,1.5,269.0,0.0,0.0,429.5,978.0,NA
2026-02-07 13:00:00,94.0,216.0,21.0,83.0,61.0,129.0,36.0,0.0,72.0,0.0,1.0,NA,0.0,0.0,0.0,17.0,52.0,2.0,286.0,0.0,0.0,425.0,978.0,NA
2026-02-07 14:00:00,78.0,188.0,14.67,77.67,53.67,126.0,34.67,0.0,85.67,0.0,0.67,NA,0.0,0.0,0.0,18.0,48.67,2.0,298.33,0.0,0.0,307.67,978.0,NA
2026-02-07 15:00:00,66.0,185.0,13.0,82.0,54.33,121.0,33.67,0.0,87.67,0.0,1.0,NA,0.0,0.0,0.0,17.0,50.0,2.0,288.33,0.0,0.0,85.33,978.67,NA
2026-02-07 16:00:00,69.0,206.0,11.33,81.33,53.0,120.33,35.0,0.0,90.0,0.67,2.0,NA,0.0,0.0,0.0,17.0,52.0,1.67,283.0,0.0,0.0,72.67,978.0,NA
2026-02-07 17:00:00,69.0,182.0,10.67,84.33,53.33,121.0,37.67,0.0,86.0,1.67,1.67,NA,0.0,0.0,0.0,16.33,54.67,1.0,276.67,0.0,0.0,38.33,978.0,NA
2026-02-07 18:00:00,89.0,193.0,14.0,110.33,69.67,111.33,40.67,1.0,53.33,1.33,4.33,NA,0.0,0.67,0.33,15.67,61.33,0.0,260.33,0.0,0.0,11.67,978.0,NA
2026-02-07 19:00:00,157.0,278.0,20.0,114.0,77.0,110.5,41.5,1.0,35.0,2.0,5.5,NA,0.5,2.0,2.0,15.0,65.5,0.0,250.5,0.0,0.0,10.0,978.0,NA
2026-02-07 20:00:00,156.0,269.0,22.0,117.5,80.5,117.5,40.5,1.0,24.5,1.5,7.5,NA,0.5,1.0,1.0,15.0,67.5,0.0,242.5,0.0,0.0,10.0,978.0,NA
2026-02-07 21:00:00,162.0,288.0,30.0,119.0,88.0,118.0,40.0,1.0,19.0,2.0,5.0,NA,0.0,1.0,1.0,14.0,70.0,0.0,237.0,0.0,0.0,10.0,978.0,NA
2026-02-07 22:00:00,150.0,257.0,24.5,111.0,79.5,124.0,37.0,1.0,17.0,1.0,3.5,NA,0.5,1.5,1.5,14.0,71.0,0.0,228.5,0.0,0.0,9.0,978.0,NA
2026-02-07 23:00:00,172.0,289.0,29.0,113.5,84.0,125.0,33.5,0.0,13.5,1.0,4.0,NA,0.0,1.0,0.5,13.0,70.0,0.0,223.0,0.0,0.0,9.5,978.0,NA
2026-02-08 00:00:00,114.0,199.0,31.0,100.0,78.0,131.0,34.0,0.0,19.0,0.0,3.0,NA,0.0,0.0,0.0,13.0,69.0,0.0,219.0,0.0,0.0,10.0,978.0,NA
2026-02-08 01:00:00,89.0,160.0,24.0,104.0,75.0,133.5,34.5,0.0,NA,0.0,2.0,NA,0.0,0.0,0.0,13.0,68.0,0.0,214.5,0.0,0.0,9.5,978.0,NA
2026-02-08 02:00:00,66.0,153.0,27.0,96.5,73.5,135.5,30.5,0.0,21.33,0.33,4.33,NA,0.0,0.0,0.0,13.0,68.67,0.33,209.67,0.0,0.0,9.67,978.0,NA
2026-02-08 03:00:00,138.0,199.0,27.0,95.25,72.75,134.75,30.25,0.0,29.75,0.0,2.0,NA,0.0,0.0,0.0,12.5,71.5,0.75,205.5,0.0,0.0,9.25,978.0,NA
2026-02-08 04:00:00,79.0,162.0,27.0,90.0,71.0,135.0,32.0,0.0,30.0,1.0,3.0,NA,0.0,0.0,0.0,12.0,75.0,0.0,201.0,0.0,0.0,10.0,978.0,NA
2026-02-08 05:00:00,99.0,178.0,24.5,89.5,68.0,136.5,32.5,0.0,20.0,0.0,2.0,NA,0.0,0.0,0.0,12.0,81.0,0.0,191.5,0.0,0.0,10.0,978.0,NA
2026-02-08 06:00:00,108.0,189.0,27.5,90.5,70.5,140.5,30.5,0.0,17.5,0.0,1.5,NA,0.0,0.0,0.0,12.0,81.5,0.5,189.0,0.0,0.0,10.0,978.0,NA
2026-02-08 07:00:00,106.0,174.0,29.0,93.25,73.5,137.25,30.75,0.5,12.75,0.5,3.0,NA,0.0,0.0,0.0,11.0,82.0,0.5,186.0,0.0,0.0,15.75,978.0,NA
2026-02-08 08:00:00,116.0,183.0,30.67,92.33,74.33,135.67,31.0,1.0,17.67,1.0,3.0,NA,0.0,0.0,0.0,11.67,78.33,0.33,192.0,0.0,0.0,36.0,978.0,NA
2026-02-08 09:00:00,130.0,217.0,33.67,91.33,75.67,136.67,33.33,0.67,30.0,1.0,3.0,NA,0.0,0.0,0.0,12.67,69.0,1.0,208.67,0.0,0.0,50.0,978.0,NA
2026-02-08 10:00:00,116.0,217.0,27.5,83.0,66.5,142.0,35.75,0.0,48.75,0.25,2.25,NA,0.0,0.0,0.0,14.25,60.5,1.0,233.75,0.0,0.0,64.0,978.0,NA
2026-02-08 11:00:00,80.0,173.0,23.0,79.5,60.75,139.75,37.0,0.0,62.75,0.0,1.0,NA,0.0,0.0,0.0,15.0,54.5,1.0,250.25,0.0,0.0,156.25,978.0,NA
2026-02-08 12:00:00,64.0,143.0,18.0,75.5,55.0,138.0,35.0,0.0,77.0,0.0,0.5,NA,0.0,0.0,0.0,16.0,49.5,1.0,265.0,0.0,0.0,453.5,978.0,NA
2026-02-08 13:00:00,52.0,135.0,16.0,80.5,56.0,132.5,35.0,0.0,91.0,0.0,1.0,NA,0.0,0.0,0.0,17.0,46.5,1.0,286.5,0.0,0.0,460.5,978.0,NA
2026-02-08 14:00:00,56.0,146.0,14.75,78.75,53.75,128.25,35.0,0.0,97.5,0.0,0.0,NA,0.0,0.0,0.0,17.75,44.0,1.5,294.75,0.0,0.0,358.0,978.0,NA
2026-02-08 15:00:00,45.0,130.0,14.0,83.0,55.0,126.0,35.0,0.0,102.0,0.0,0.0,NA,0.0,0.0,0.0,17.0,42.0,2.0,292.0,0.0,0.0,110.0,978.0,NA
2026-02-08 16:00:00,44.0,108.0,13.0,87.5,58.0,117.0,67.0,0.0,90.0,0.0,1.0,NA,0.0,0.0,0.0,16.0,45.5,1.0,275.5,0.0,0.0,73.0,978.0,NA
2026-02-08 17:00:00,68.0,150.0,13.33,89.67,58.33,115.33,42.67,0.0,93.0,0.0,1.0,NA,0.0,0.0,0.0,16.0,48.0,0.67,267.0,0.0,0.0,34.33,978.0,NA
2026-02-08 18:00:00,68.0,161.0,13.0,103.0,65.5,112.0,41.0,0.5,66.0,0.5,3.0,NA,0.0,0.0,0.0,15.5,52.0,0.0,255.0,0.0,0.0,13.0,978.0,NA
2026-02-08 19:00:00,111.0,245.0,20.25,134.25,88.5,101.0,40.0,1.25,22.75,1.5,3.25,NA,0.25,1.0,1.25,14.5,56.0,0.0,241.25,0.0,0.0,10.0,978.0,NA
2026-02-08 20:00:00,132.0,283.0,29.0,144.0,100.67,102.0,38.0,2.0,6.67,1.67,4.0,NA,1.0,1.0,2.0,14.0,61.33,0.0,228.67,0.0,0.0,10.0,978.0,NA
2026-02-08 21:00:00,140.0,361.0,31.0,136.0,97.5,107.0,38.5,2.0,5.0,2.0,4.5,NA,1.0,2.0,2.5,14.0,64.0,0.0,225.5,0.0,0.0,10.0,978.0,NA
2026-02-08 22:00:00,172.0,315.0,46.67,134.67,109.67,108.5,39.0,2.0,3.0,2.0,5.0,NA,2.0,1.67,2.0,13.0,67.67,0.0,218.33,0.0,0.0,10.0,978.0,NA
2026-02-08 23:00:00,152.0,291.0,66.0,123.0,119.5,107.0,39.5,2.0,3.0,1.5,4.0,NA,2.0,1.5,2.0,13.0,69.5,0.0,215.0,0.0,0.0,10.0,978.0,NA
2026-02-09 00:00:00,193.0,321.0,76.0,121.0,126.33,104.67,41.67,2.0,3.67,1.67,4.0,NA,2.67,1.0,2.0,13.0,70.67,0.0,211.33,0.0,0.0,9.67,978.0,NA
2026-02-09 01:00:00,234.0,377.0,98.67,108.67,138.33,105.33,43.0,2.33,5.0,4.33,7.0,NA,3.67,2.0,3.0,12.67,74.0,0.0,205.67,0.0,0.0,9.67,978.0,NA
2026-02-09 02:00:00,201.0,346.0,108.0,111.0,146.5,103.0,42.0,2.0,5.5,4.0,10.5,NA,4.5,3.5,3.5,12.5,75.5,0.0,206.0,0.0,0.0,10.0,978.0,NA
2026-02-09 03:00:00,183.0,310.0,104.0,110.0,144.0,111.0,40.0,2.0,4.0,3.0,9.0,NA,2.0,3.0,3.0,13.0,75.0,0.0,209.0,0.0,0.0,10.0,978.0,NA
2026-02-09 04:00:00,179.0,279.0,99.0,116.0,142.5,117.5,40.0,1.0,4.0,2.0,6.0,NA,1.0,1.0,2.0,12.0,74.0,0.0,202.5,0.0,0.0,10.0,978.0,NA
2026-02-09 05:00:00,168.0,256.0,91.0,111.0,133.0,125.0,40.0,1.0,4.0,2.0,5.0,NA,1.0,1.0,1.0,12.0,74.0,0.0,202.0,0.0,0.0,10.0,978.0,NA
2026-02-09 06:00:00,185.0,266.0,72.33,115.33,120.33,134.33,37.0,1.0,3.33,1.0,5.33,NA,1.0,1.0,1.0,12.0,75.33,0.0,198.33,0.0,0.0,9.67,978.33,NA
2026-02-09 07:00:00,190.0,288.0,82.33,112.33,126.67,126.0,40.0,1.67,4.33,2.33,5.0,NA,0.67,1.0,1.0,12.0,75.0,0.0,202.33,0.0,0.0,20.0,978.0,NA
2026-02-09 08:00:00,229.0,426.0,97.0,114.0,140.0,115.5,44.5,2.0,5.0,3.0,7.0,NA,1.5,2.0,2.0,13.0,74.0,0.0,209.0,0.0,0.0,61.0,978.0,NA
2026-02-09 09:00:00,193.0,344.0,58.0,122.0,112.0,143.0,43.0,1.0,8.0,1.0,6.0,NA,1.0,2.0,2.0,13.0,70.0,0.0,216.0,0.0,0.0,66.0,978.0,NA
2026-02-09 10:00:00,NA,NA,NA,NA,NA,NA,NA,NA,NA,NA,NA,NA,NA,NA,NA,NA,NA,NA,NA,NA,NA,NA,NA,NA
2026-02-09 11:00:00,149.0,287.0,31.0,112.0,85.0,138.0,51.0,1.0,43.0,1.0,2.0,NA,0.0,0.0,0.0,15.0,57.0,1.0,257.0,0.0,0.0,103.0,978.0,NA
2026-02-09 12:00:00,NA,215.0,29.0,120.0,88.0,129.0,54.0,1.0,69.0,1.0,2.0,NA,0.0,0.0,0.0,17.0,50.0,0.0,279.0,0.0,0.0,386.0,978.0,NA
2026-02-09 13:00:00,110.0,235.0,19.5,110.5,74.5,129.5,48.0,1.0,111.5,1.0,2.0,NA,0.0,0.5,0.5,18.0,45.5,0.0,306.5,0.0,0.0,357.0,978.0,NA
2026-02-09 14:00:00,117.0,229.0,10.0,106.0,64.5,127.5,48.5,0.0,135.5,1.0,2.0,NA,0.0,0.0,0.5,19.0,43.0,0.0,315.0,0.0,0.0,295.0,978.0,NA
2026-02-09 15:00:00,NA,NA,NA,NA,NA,NA,NA,NA,NA,NA,NA,NA,NA,NA,NA,NA,NA,NA,NA,NA,NA,NA,NA,NA
2026-02-09 16:00:00,96.0,215.0,8.5,75.0,47.0,89.0,43.5,0.0,143.5,0.0,2.0,NA,0.0,0.0,0.0,17.0,46.0,0.0,291.5,0.0,0.0,91.0,978.0,NA
2026-02-09 17:00:00,92.0,196.0,6.33,86.0,51.33,92.33,42.0,0.0,102.33,1.0,2.33,NA,0.0,0.67,0.0,16.67,52.0,0.0,278.0,0.0,0.0,36.33,978.0,NA
2026-02-09 18:00:00,100.0,237.0,10.0,94.0,59.0,100.0,40.0,0.0,87.0,0.0,2.0,NA,0.0,1.0,0.0,16.0,55.0,0.0,268.0,0.0,0.0,16.0,978.0,NA
2026-02-09 19:00:00,NA,NA,NA,NA,NA,NA,NA,NA,NA,NA,NA,NA,NA,NA,NA,NA,NA,NA,NA,NA,NA,NA,NA,NA
2026-02-09 20:00:00,150.0,392.0,33.33,139.67,101.67,93.0,37.33,2.0,4.0,2.0,5.33,NA,1.67,2.67,3.0,14.0,63.67,0.0,236.67,0.0,0.0,10.0,978.0,NA
2026-02-09 21:00:00,135.0,315.0,45.25,135.25,109.0,92.33,37.25,2.0,3.5,1.25,4.5,NA,3.0,2.75,3.0,14.0,66.0,0.0,230.75,0.0,0.0,9.75,978.0,NA
2026-02-09 22:00:00,NA,382.0,90.0,124.0,139.0,93.0,39.0,3.0,4.0,3.0,8.0,NA,5.0,4.0,5.0,14.0,70.0,0.0,224.0,0.0,0.0,10.0,978.0,NA
2026-02-09 23:00:00,169.0,450.0,96.5,136.0,151.5,85.0,40.5,3.0,4.0,3.5,7.5,NA,3.0,4.0,5.0,13.0,71.0,0.0,221.5,0.0,0.0,9.0,978.0,NA
2026-02-10 00:00:00,128.0,284.0,85.67,133.0,140.67,100.0,39.67,2.0,3.0,3.0,6.33,NA,3.0,2.67,3.67,13.0,71.67,0.0,216.33,0.0,0.0,9.67,978.0,NA
2026-02-10 01:00:00,118.0,243.0,113.5,123.5,158.0,97.0,39.0,2.0,3.0,1.5,3.5,NA,1.0,1.0,2.0,13.0,73.5,0.0,213.5,0.0,0.0,10.0,978.0,NA
2026-02-10 02:00:00,133.0,241.0,168.5,105.5,193.0,81.5,37.5,2.0,4.25,3.0,7.5,NA,2.75,2.75,3.0,13.0,76.5,0.0,211.25,0.0,0.0,10.0,978.0,NA
2026-02-10 03:00:00,151.0,344.0,166.33,99.33,188.67,97.33,40.33,3.0,5.33,3.67,15.67,NA,5.33,5.33,4.67,12.33,80.67,0.0,205.67,0.0,0.0,10.0,978.0,NA
2026-02-10 04:00:00,NA,NA,NA,NA,NA,NA,NA,NA,NA,NA,NA,NA,NA,NA,NA,NA,NA,NA,NA,NA,NA,NA,NA,NA
2026-02-10 05:00:00,266.0,471.0,194.0,107.67,215.0,98.67,45.0,2.0,4.0,4.0,23.33,NA,5.67,6.0,4.67,12.0,80.0,0.0,203.33,0.0,0.0,10.0,978.0,NA
2026-02-10 06:00:00,245.0,399.0,182.0,114.67,208.33,111.67,43.67,2.0,4.0,4.0,21.67,NA,2.67,4.33,3.33,12.0,79.33,0.0,201.33,0.0,0.0,10.0,978.0,NA
2026-02-10 07:00:00,259.0,395.0,152.0,104.5,179.5,128.5,43.0,2.0,4.0,3.0,12.5,NA,1.5,3.0,2.0,12.0,80.5,0.0,197.5,0.0,0.0,20.5,978.0,NA
2026-02-10 08:00:00,321.0,438.0,208.75,114.75,231.0,96.75,43.75,2.5,4.25,4.0,11.75,NA,2.0,3.0,2.25,12.75,78.5,0.0,207.25,0.0,0.0,44.75,978.0,NA
2026-02-10 09:00:00,331.0,657.0,164.0,165.0,222.0,100.0,49.0,2.0,5.0,3.0,16.0,NA,3.0,5.0,4.0,14.0,72.0,0.0,229.0,0.0,0.0,73.0,978.0,NA
2026-02-10 10:00:00,248.0,414.0,97.0,168.0,169.0,133.0,50.0,2.0,6.0,3.0,13.0,NA,2.0,4.0,3.0,15.0,66.0,0.0,241.0,0.0,0.0,80.0,978.0,NA
2026-02-10 11:00:00,NA,305.0,45.0,102.0,90.0,168.0,52.0,1.0,46.0,1.0,3.0,NA,0.0,1.0,1.0,17.0,50.0,0.0,285.0,0.0,0.0,411.0,978.0,NA
2026-02-10 12:00:00,108.0,243.0,39.0,94.5,81.5,161.5,48.0,0.5,59.5,1.0,2.5,NA,0.0,0.5,0.5,17.5,47.5,0.0,296.5,0.0,0.0,432.5,978.0,NA
2026-02-10 13:00:00,68.0,179.0,26.67,92.33,70.67,148.33,41.67,0.0,79.33,0.33,1.33,NA,0.0,0.0,0.0,19.33,41.67,0.33,325.33,0.0,0.0,390.0,978.0,NA
2026-02-10 14:00:00,53.0,161.0,19.0,93.5,65.5,139.5,40.0,0.0,105.0,0.0,2.0,NA,0.0,0.0,0.0,19.5,41.5,0.0,331.5,0.0,0.0,308.0,978.0,NA
2026-02-10 15:00:00,59.0,169.0,14.0,102.5,66.0,128.5,41.0,0.0,125.0,0.5,2.5,NA,0.0,0.5,0.0,19.0,45.0,0.0,321.5,0.0,0.0,98.0,978.5,NA
2026-02-10 16:00:00,NA,NA,NA,NA,NA,NA,NA,NA,NA,NA,NA,NA,NA,NA,NA,NA,NA,NA,NA,NA,NA,NA,NA,NA
2026-02-10 17:00:00,NA,244.0,10.0,106.0,65.0,116.0,41.0,0.0,104.0,1.0,6.0,NA,0.0,1.0,0.0,17.0,51.0,0.0,285.0,0.0,0.0,22.0,978.0,NA
2026-02-10 18:00:00,123.0,257.0,15.33,114.33,73.67,114.67,39.0,1.0,78.0,1.0,6.67,NA,0.0,1.0,0.33,16.33,55.33,0.0,269.33,0.0,0.0,11.67,978.33,NA
2026-02-10 19:00:00,121.0,268.0,13.5,141.5,86.5,109.0,37.0,1.5,34.5,1.0,9.0,NA,0.5,2.5,1.5,15.0,59.5,0.0,254.5,0.0,0.0,9.5,978.0,NA
2026-02-10 20:00:00,197.0,406.0,18.5,161.5,101.0,102.0,38.0,2.0,21.0,2.5,16.5,NA,1.5,4.0,3.0,15.0,61.0,0.0,250.5,0.0,0.0,9.5,978.0,NA
2026-02-10 21:00:00,243.0,476.0,23.0,154.0,101.0,109.5,38.5,2.0,13.0,2.0,8.0,NA,2.0,3.5,3.0,15.0,62.5,0.0,248.5,0.0,0.0,10.0,978.0,NA
2026-02-10 22:00:00,233.0,477.0,51.5,162.5,128.0,92.0,40.0,3.0,4.0,3.0,7.5,NA,3.0,3.5,3.0,14.0,67.0,0.0,238.5,0.0,0.0,10.0,978.0,NA
2026-02-10 23:00:00,274.0,558.0,101.0,147.5,161.0,83.5,42.0,4.0,4.0,3.5,12.5,NA,5.5,5.5,4.5,14.0,70.0,0.0,238.5,0.0,0.0,10.0,978.0,NA
2026-02-11 00:00:00,296.0,547.0,141.0,138.5,188.5,76.0,44.0,3.0,4.0,4.0,13.0,NA,6.0,6.0,5.0,14.0,72.5,0.0,231.5,0.0,0.0,10.0,978.0,NA
2026-02-11 01:00:00,298.0,625.0,200.25,133.25,233.5,59.75,45.25,4.0,5.0,4.0,14.5,NA,6.5,7.25,6.25,14.0,75.0,0.0,228.5,0.0,0.0,10.0,978.0,NA
2026-02-11 02:00:00,368.0,742.0,NA,NA,NA,NA,NA,NA,6.0,4.0,26.0,NA,4.0,8.0,6.0,14.0,73.0,0.0,236.0,0.0,0.0,10.0,978.0,NA
2026-02-11 03:00:00,368.0,715.0,135.0,142.0,186.0,129.0,44.0,2.0,3.0,3.0,13.0,NA,2.0,3.0,2.0,14.0,67.0,0.0,230.0,0.0,0.0,10.0,978.0,NA
2026-02-11 04:00:00,287.0,486.0,79.0,126.33,132.0,164.33,44.67,1.0,3.67,2.67,36.33,NA,2.0,3.67,2.0,13.67,66.67,0.0,226.67,0.0,0.0,10.0,978.0,NA
2026-02-11 05:00:00,NA,NA,NA,NA,NA,NA,NA,NA,NA,NA,NA,NA,NA,NA,NA,NA,NA,NA,NA,NA,NA,NA,NA,NA
2026-02-11 06:00:00,NA,426.0,57.0,124.0,113.0,153.0,41.0,1.0,4.0,2.0,8.0,NA,1.0,2.0,1.0,14.0,71.0,0.0,225.0,0.0,0.0,10.0,978.0,NA
2026-02-11 07:00:00,232.0,370.0,74.33,116.67,122.0,143.67,41.0,1.0,4.0,2.33,7.33,NA,1.0,2.0,1.0,14.0,73.0,0.0,224.33,0.0,0.0,17.0,978.0,NA
2026-02-11 08:00:00,244.0,394.0,81.5,124.5,132.5,137.5,42.5,2.0,4.5,4.0,8.0,NA,1.0,2.0,1.5,14.0,72.0,0.0,227.0,0.0,0.0,47.0,978.0,NA
2026-02-11 09:00:00,289.0,499.0,54.5,125.5,111.0,150.5,47.5,1.0,18.0,3.0,12.5,NA,1.0,2.5,2.0,15.0,65.0,0.0,245.5,0.0,0.0,85.0,978.0,NA
2026-02-11 10:00:00,276.0,438.0,40.33,97.0,85.0,160.33,53.67,1.0,41.33,1.33,8.0,NA,0.33,1.33,1.33,15.67,56.67,1.0,262.33,0.0,0.0,98.0,978.0,NA
2026-02-11 11:00:00,147.0,276.0,32.0,93.0,75.0,162.0,50.0,0.0,49.0,1.0,3.0,NA,0.0,0.0,0.0,17.0,54.0,1.0,277.0,0.0,0.0,118.0,978.0,NA
2026-02-11 12:00:00,113.0,213.0,25.75,87.25,67.5,153.75,49.0,0.0,62.5,0.75,2.0,NA,0.0,0.0,0.0,17.25,51.5,1.0,293.25,0.0,0.0,422.5,978.0,NA
2026-02-11 13:00:00,97.0,207.0,20.5,91.0,65.5,145.5,46.0,0.0,75.5,0.0,3.0,NA,0.0,0.0,0.0,18.5,45.5,1.0,318.0,0.0,0.0,387.0,978.0,NA
2026-02-11 14:00:00,84.0,201.0,18.33,92.33,64.0,138.67,42.33,0.0,74.67,0.0,2.0,NA,0.0,0.0,0.0,19.0,42.67,1.0,325.33,0.0,0.0,326.0,978.0,NA
2026-02-11 15:00:00,59.0,174.0,15.0,86.0,58.0,134.0,40.0,0.0,81.0,0.0,1.0,NA,0.0,0.0,0.0,18.0,45.0,2.0,309.0,0.0,0.0,85.0,978.0,NA
2026-02-11 16:00:00,64.0,177.0,14.5,89.0,59.0,128.0,41.0,0.0,81.5,0.0,1.0,NA,0.0,0.0,0.0,18.0,47.0,1.5,301.0,0.0,0.0,72.0,978.0,NA
2026-02-11 17:00:00,70.0,174.0,16.0,107.0,70.0,122.0,37.0,0.0,53.0,0.0,3.0,NA,0.0,0.0,0.0,17.0,50.0,1.0,289.0,0.0,0.0,31.0,978.0,NA
2026-02-11 18:00:00,78.0,243.0,20.5,120.0,80.5,115.5,37.5,1.0,20.5,1.0,7.0,NA,0.0,1.0,0.5,16.5,56.0,0.0,275.5,0.0,0.0,11.0,978.0,NA
2026-02-11 19:00:00,139.0,305.0,40.0,147.0,111.0,101.0,39.0,1.0,5.0,1.0,14.0,NA,0.0,1.0,1.0,16.0,60.0,0.0,267.0,0.0,0.0,10.0,978.0,NA
2026-02-11 20:00:00,NA,343.0,31.0,124.0,92.0,132.0,39.0,1.0,10.0,2.0,14.0,NA,1.0,3.0,2.0,15.0,63.0,0.0,256.0,0.0,0.0,10.0,979.0,NA
2026-02-11 21:00:00,132.0,261.0,29.5,111.0,83.0,137.0,40.0,1.0,12.5,1.0,13.0,NA,1.0,2.0,1.5,15.0,65.5,0.0,251.0,0.0,0.0,10.0,978.0,NA
2026-02-11 22:00:00,123.0,215.0,36.0,122.0,95.0,133.0,39.0,1.0,7.0,1.0,6.0,NA,0.0,1.0,1.0,15.0,68.0,0.0,243.0,0.0,0.0,10.0,978.0,NA
2026-02-11 23:00:00,NA,NA,NA,NA,NA,NA,NA,NA,NA,NA,NA,NA,NA,NA,NA,NA,NA,NA,NA,NA,NA,NA,NA,NA
2026-02-12 00:00:00,68.0,155.0,40.0,108.0,90.5,145.0,35.5,0.0,6.0,0.0,2.0,NA,0.0,0.0,0.0,14.0,71.5,0.0,230.0,0.0,0.0,10.0,978.0,NA
2026-02-12 01:00:00,78.0,166.0,38.25,101.75,85.5,154.25,35.0,0.0,5.0,0.0,3.25,NA,0.0,1.0,0.5,13.25,75.5,0.0,221.0,0.0,0.0,10.0,978.0,NA
2026-02-12 02:00:00,77.0,140.0,36.5,90.5,78.0,157.0,32.5,0.0,7.67,0.0,1.33,NA,0.0,0.33,0.33,13.0,78.0,0.0,216.33,0.0,0.0,10.0,978.0,NA
2026-02-12 03:00:00,88.0,143.0,34.5,93.5,78.5,154.0,32.5,0.0,9.0,0.0,2.5,NA,0.0,0.0,0.0,13.0,78.0,0.0,212.5,0.0,0.0,10.0,978.0,NA
2026-02-12 04:00:00,86.0,149.0,38.0,101.0,84.5,150.5,33.5,0.0,5.0,0.0,3.0,NA,0.0,0.0,0.0,12.5,80.5,0.0,205.5,0.0,0.0,10.0,978.0,NA
2026-02-12 05:00:00,99.0,163.0,38.0,97.5,83.0,151.75,33.0,0.0,5.25,0.25,2.0,NA,0.0,0.0,0.0,12.0,80.75,0.0,198.5,0.0,0.0,10.0,978.0,NA
2026-02-12 06:00:00,136.0,184.0,38.0,99.0,83.67,158.0,33.33,0.0,6.33,0.0,2.0,NA,0.0,0.0,0.0,12.0,80.33,0.0,195.33,0.0,0.0,10.0,978.0,NA
2026-02-12 07:00:00,106.0,171.0,39.0,102.0,86.0,154.5,33.0,0.0,6.5,0.5,1.5,NA,0.0,0.0,0.0,12.0,81.0,0.0,195.0,0.0,0.0,14.5,978.0,NA
2026-02-12 08:00:00,97.0,171.0,46.5,97.5,89.5,151.5,35.0,1.0,9.0,2.0,2.5,NA,0.0,0.0,0.0,12.5,78.5,0.0,205.0,0.0,0.0,41.5,978.0,NA
2026-02-12 09:00:00,NA,NA,NA,NA,NA,NA,NA,NA,NA,NA,NA,NA,NA,NA,NA,NA,NA,NA,NA,NA,NA,NA,NA,NA
2026-02-12 10:00:00,114.0,219.0,30.0,91.0,73.0,154.5,39.0,0.0,35.0,1.0,2.0,NA,0.0,0.0,0.0,14.0,66.0,1.0,237.5,0.0,0.0,80.0,978.0,NA
2026-02-12 11:00:00,94.0,199.0,28.5,82.5,67.0,154.5,39.0,0.0,39.0,0.0,2.0,NA,0.0,0.0,0.0,15.0,62.0,1.0,249.5,0.0,0.0,163.5,978.0,NA
2026-02-12 12:00:00,85.0,163.0,22.0,84.5,63.0,155.5,39.0,0.0,44.5,0.0,2.5,NA,0.0,0.0,0.0,16.0,57.5,1.5,263.5,0.0,0.0,470.5,978.0,NA
2026-02-12 13:00:00,63.0,144.0,23.5,83.5,63.5,150.75,43.75,0.0,53.5,0.0,3.0,NA,0.0,0.0,0.0,17.75,45.5,1.0,299.0,0.0,0.0,444.5,978.0,NA
2026-02-12 14:00:00,34.0,124.0,19.75,76.75,57.25,146.5,38.75,0.0,62.75,1.0,1.5,NA,0.0,0.0,0.0,18.0,41.25,1.5,303.5,0.0,0.0,294.5,978.0,NA
2026-02-12 15:00:00,NA,119.0,12.0,68.0,46.0,135.0,43.0,0.0,65.0,0.0,1.0,NA,0.0,0.0,0.0,17.0,43.0,1.0,291.0,0.0,0.0,63.0,978.0,NA
2026-02-12 16:00:00,42.0,123.0,13.5,68.0,47.5,133.0,44.5,0.0,64.0,0.0,1.5,NA,0.0,0.0,0.0,17.0,43.0,1.5,288.0,0.0,0.0,70.5,978.0,NA
2026-02-12 17:00:00,45.0,128.0,13.5,80.5,53.5,125.0,45.0,0.0,52.0,0.0,2.0,NA,0.0,0.0,0.0,16.5,47.5,1.0,275.0,0.0,0.0,25.5,978.0,NA
2026-02-12 18:00:00,77.0,180.0,16.5,101.5,68.0,118.0,40.5,0.5,26.0,1.0,5.5,NA,0.0,0.5,0.0,16.0,53.5,0.0,263.5,0.0,0.0,12.5,978.0,NA
2026-02-12 19:00:00,121.0,306.0,29.33,123.67,90.0,104.67,39.0,1.0,6.33,1.33,11.67,NA,0.67,2.33,1.67,15.0,59.0,0.0,253.33,0.0,0.0,10.0,978.0,NA
2026-02-12 20:00:00,155.0,337.0,34.5,114.0,88.5,115.5,41.5,2.0,5.0,2.0,28.5,NA,4.0,5.0,4.0,15.0,64.5,0.0,242.5,0.0,0.0,10.0,978.0,NA
2026-02-12 21:00:00,141.0,331.0,46.5,114.25,98.5,114.75,41.5,2.0,3.5,2.0,22.75,NA,4.75,4.75,4.25,14.0,66.75,0.0,237.5,0.0,0.0,10.0,978.0,NA
2026-02-12 22:00:00,136.0,315.0,39.0,113.0,91.67,126.0,43.33,1.67,4.0,2.0,9.67,NA,4.0,3.33,4.0,14.0,68.67,0.0,230.33,0.0,0.0,10.0,978.0,NA
2026-02-12 23:00:00,140.0,291.0,35.5,105.5,85.5,139.5,42.5,1.0,4.5,1.5,6.0,NA,2.5,2.0,2.5,14.0,69.5,0.0,228.0,0.0,0.0,10.0,978.0,NA
2026-02-13 00:00:00,132.0,243.0,42.0,95.5,85.0,143.0,41.0,1.0,4.0,2.0,7.0,NA,1.5,2.0,2.0,13.0,72.0,0.0,221.5,0.0,0.0,10.0,978.0,NA
2026-02-13 01:00:00,141.0,273.0,47.67,97.33,90.67,138.33,41.67,1.0,NA,1.67,7.33,NA,1.67,2.0,2.0,13.0,72.33,0.0,218.33,0.0,0.0,10.0,978.0,NA
2026-02-13 02:00:00,128.0,227.0,39.5,101.5,86.5,148.0,38.5,0.5,5.5,1.0,6.5,NA,1.5,2.0,2.0,13.0,74.0,0.0,216.0,0.0,0.0,10.0,978.0,NA
2026-02-13 03:00:00,136.0,230.0,34.5,96.0,79.5,156.5,37.5,1.0,5.5,1.0,7.5,NA,1.0,2.0,2.0,13.0,74.5,0.0,213.5,0.0,0.0,10.0,978.0,NA
2026-02-13 04:00:00,150.0,219.0,33.0,99.0,79.0,153.0,39.0,0.0,6.0,1.0,4.0,NA,0.0,1.0,1.0,13.0,75.0,0.0,210.0,0.0,0.0,9.0,978.0,NA
2026-02-13 05:00:00,151.0,218.0,31.0,85.5,71.0,157.5,39.5,0.5,9.0,1.0,1.5,NA,0.0,0.0,0.0,12.0,77.0,0.0,203.5,0.0,0.0,10.0,978.0,NA
2026-02-13 06:00:00,125.0,199.0,35.0,89.0,76.0,152.0,37.0,1.0,6.0,1.0,2.0,NA,0.0,0.0,0.0,12.0,77.5,0.0,200.0,0.0,0.0,10.0,978.0,NA
2026-02-13 07:00:00,135.0,211.0,32.5,91.0,75.0,149.0,37.5,1.0,8.0,1.0,3.0,NA,0.0,0.0,0.0,12.0,79.0,0.5,199.5,0.0,0.0,18.0,978.0,NA
2026-02-13 08:00:00,134.0,221.0,35.5,94.5,79.0,146.5,39.0,1.0,13.5,1.5,2.5,NA,0.0,0.0,1.0,12.5,75.5,0.0,209.5,0.0,0.0,37.5,978.0,NA
2026-02-13 09:00:00,141.0,243.0,32.0,94.5,76.5,149.5,42.5,1.0,21.5,3.0,3.5,NA,0.0,0.0,1.0,13.0,72.0,1.0,219.0,0.0,0.0,51.5,978.0,NA
2026-02-13 10:00:00,113.0,217.0,26.5,79.5,64.0,151.0,43.5,1.0,34.5,1.5,2.0,NA,0.0,0.0,0.0,14.0,64.0,1.0,238.0,0.0,0.0,84.0,978.0,NA
2026-02-13 11:00:00,84.0,191.0,22.33,74.33,58.0,152.33,42.0,0.0,46.33,0.67,1.67,NA,0.0,0.0,0.0,15.33,58.0,1.0,255.0,0.0,0.0,262.0,978.0,NA
2026-02-13 12:00:00,72.0,169.0,18.67,75.33,55.33,154.33,40.67,0.0,59.67,0.33,2.0,NA,0.0,0.0,0.0,16.33,53.0,1.0,274.0,0.0,0.0,479.0,978.0,NA
2026-02-13 13:00:00,59.0,140.0,19.0,72.0,54.0,153.33,39.0,0.0,72.0,0.0,2.0,NA,0.0,0.0,0.0,17.67,47.0,1.0,296.67,0.0,0.0,431.67,978.0,NA
2026-02-13 14:00:00,NA,129.0,13.0,74.0,50.0,145.0,38.0,0.0,83.0,0.0,1.0,NA,0.0,0.0,0.0,19.0,44.0,1.0,316.0,0.0,0.0,311.0,978.0,NA
2026-02-13 15:00:00,45.0,113.0,13.33,77.0,51.67,140.0,37.0,0.0,84.0,0.0,2.0,NA,0.0,0.0,0.0,17.33,45.33,1.0,299.0,0.0,0.0,97.67,978.0,NA
2026-02-13 16:00:00,61.0,143.0,11.75,76.5,50.0,139.5,36.75,0.0,91.75,0.25,2.5,NA,0.0,0.0,0.0,17.0,46.0,0.75,290.0,0.0,0.0,67.25,978.0,NA
2026-02-13 17:00:00,48.0,135.0,10.5,78.5,50.5,137.5,36.0,0.0,81.5,0.5,3.5,NA,0.0,0.0,0.0,17.0,46.5,0.0,286.5,0.0,0.0,36.0,978.0,NA
2026-02-13 18:00:00,53.0,161.0,13.5,109.5,69.5,120.5,37.5,1.0,26.5,0.5,2.5,NA,0.0,0.5,0.5,15.5,57.0,0.0,260.0,0.0,0.0,10.0,978.5,NA
2026-02-13 19:00:00,84.0,245.0,26.0,126.0,88.5,110.5,39.0,1.5,7.5,1.0,4.0,NA,1.0,2.5,2.5,15.0,59.5,0.0,253.0,0.0,0.0,10.0,978.0,NA
2026-02-13 20:00:00,125.0,371.0,44.0,125.5,103.0,104.0,46.0,2.5,4.0,7.5,14.0,NA,5.0,4.5,4.0,14.5,63.0,0.0,242.0,0.0,0.0,10.0,978.0,NA
2026-02-13 21:00:00,153.0,340.0,94.33,117.67,139.33,79.33,49.0,2.33,3.67,4.0,20.67,NA,5.0,4.33,4.0,14.0,65.0,0.0,235.33,0.0,0.0,10.0,978.0,NA
2026-02-13 22:00:00,179.0,417.0,106.5,114.0,148.0,92.0,46.5,2.0,4.0,3.0,18.0,NA,3.0,5.5,4.0,14.0,66.0,0.0,230.5,0.0,0.0,10.0,978.0,NA
2026-02-13 23:00:00,174.0,356.0,102.5,109.25,141.5,106.5,43.75,2.0,4.0,2.0,24.25,NA,3.5,6.0,4.0,14.0,69.25,0.0,225.5,0.0,0.0,9.5,978.0,NA
2026-02-14 00:00:00,168.0,355.0,191.67,104.67,211.33,52.67,46.0,2.0,4.67,2.0,26.0,NA,3.0,5.67,4.0,13.0,72.0,0.0,220.67,0.0,0.0,10.0,978.0,NA
2026-02-14 01:00:00,193.0,429.0,132.0,97.0,159.0,118.0,46.0,2.0,NA,3.0,35.0,NA,3.0,6.0,4.0,13.0,75.0,0.0,213.0,0.0,0.0,10.0,978.0,NA
2026-02-14 02:00:00,167.0,311.0,140.0,84.0,157.0,111.0,39.0,1.0,4.0,2.0,27.33,NA,2.0,4.0,3.0,13.0,75.0,0.0,213.0,0.0,0.0,10.0,978.0,NA
2026-02-14 03:00:00,161.0,294.0,103.0,103.5,139.0,135.5,39.5,1.0,4.0,2.0,30.5,NA,1.5,3.0,2.5,13.0,76.5,0.0,208.5,0.0,0.0,10.0,978.0,NA
2026-02-14 04:00:00,153.0,244.0,61.0,102.0,104.0,165.33,38.33,1.0,3.67,1.33,34.67,NA,1.0,2.0,1.67,13.0,77.0,0.0,208.0,0.0,0.0,10.0,978.0,NA
2026-02-14 05:00:00,173.0,252.0,43.0,96.0,86.0,176.0,44.0,1.0,7.0,7.0,10.0,NA,4.0,2.0,2.0,13.0,78.0,0.0,207.0,0.0,0.0,10.0,978.0,NA
2026-02-14 06:00:00,189.0,268.0,50.0,101.0,94.5,158.5,52.5,1.0,4.5,8.0,7.5,NA,3.5,2.0,1.5,13.0,79.0,0.0,206.0,0.0,0.0,10.0,978.0,NA
2026-02-14 07:00:00,200.0,317.0,51.67,100.0,95.67,153.33,55.67,1.0,3.67,9.0,12.33,NA,5.0,3.0,2.33,12.0,79.0,0.0,204.33,0.0,0.0,17.33,978.0,NA
2026-02-14 08:00:00,200.0,337.0,44.67,101.67,90.33,150.33,53.67,1.0,10.0,6.33,9.33,NA,3.67,2.0,1.67,13.0,76.0,0.0,213.0,0.0,0.0,43.67,978.0,NA
2026-02-14 09:00:00,166.0,273.0,33.33,95.67,78.33,160.0,49.0,1.0,30.0,1.67,3.67,NA,1.0,1.0,1.0,14.0,69.0,0.67,230.67,0.0,0.0,58.0,978.0,NA
2026-02-14 10:00:00,123.0,244.0,29.0,86.67,69.67,158.0,47.33,1.0,38.0,1.0,3.0,NA,0.33,0.67,0.67,14.67,63.33,0.67,245.67,0.0,0.0,73.67,978.0,NA
2026-02-14 11:00:00,97.0,199.0,24.0,82.33,63.67,154.67,46.67,0.0,42.0,1.0,2.33,NA,0.0,0.0,0.0,15.67,58.0,0.67,263.0,0.0,0.0,302.0,978.0,NA
2026-02-14 12:00:00,69.0,182.0,21.33,78.67,59.67,152.0,46.33,0.0,48.33,1.0,3.0,NA,0.0,0.33,0.0,16.67,53.67,0.67,280.67,0.0,0.0,475.0,978.0,NA
2026-02-14 13:00:00,69.0,174.0,17.0,78.0,55.5,154.0,45.5,0.0,65.5,0.0,2.5,NA,0.0,0.0,0.0,18.5,47.0,1.0,311.5,0.0,0.0,441.5,978.0,NA
2026-02-14 14:00:00,64.0,155.0,NA,NA,NA,NA,NA,NA,74.0,0.0,1.5,NA,0.0,0.0,0.0,19.0,43.5,1.0,322.5,0.0,0.0,322.0,978.5,NA
2026-02-14 15:00:00,61.0,141.0,3.0,34.0,20.5,74.5,40.0,0.0,84.0,0.0,1.5,NA,0.0,0.0,0.0,18.0,45.5,1.0,307.5,0.0,0.0,71.5,978.5,NA
2026-02-14 16:00:00,59.0,136.0,7.0,48.33,31.33,93.33,46.0,0.0,84.33,0.0,1.33,NA,0.0,0.0,0.0,18.0,48.33,1.0,299.33,0.0,0.0,68.33,978.0,NA
2026-02-14 17:00:00,NA,157.0,9.0,68.0,44.0,103.0,48.0,0.0,64.0,0.0,4.0,NA,0.0,0.0,0.0,17.0,48.0,0.0,289.0,0.0,0.0,23.0,978.0,NA
2026-02-14 18:00:00,73.0,188.0,8.0,85.33,52.0,95.0,44.0,1.0,35.33,0.67,7.67,NA,0.0,0.67,0.33,16.67,51.67,0.0,279.0,0.0,0.0,12.67,978.0,NA
2026-02-14 19:00:00,124.0,324.0,15.0,106.5,69.0,97.0,40.0,1.5,9.0,2.0,16.5,NA,1.0,3.0,3.0,15.0,61.5,0.0,256.5,0.0,0.0,10.0,978.0,NA
2026-02-14 20:00:00,123.0,333.0,32.0,108.33,84.0,89.67,39.33,2.0,4.67,1.0,9.67,NA,2.0,3.0,3.0,15.0,64.67,0.0,251.67,0.0,0.0,10.0,978.0,NA
2026-02-14 21:00:00,136.0,328.0,36.67,112.33,90.0,97.0,40.0,2.0,4.0,1.67,10.67,NA,4.0,4.0,4.0,15.0,66.33,0.0,249.0,0.0,0.0,10.0,978.0,NA
2026-02-14 22:00:00,150.0,315.0,46.0,109.0,95.5,102.5,40.5,1.0,4.0,2.0,10.5,NA,3.0,4.0,3.5,15.0,67.0,0.0,248.0,0.0,0.0,10.0,978.0,NA
2026-02-14 23:00:00,177.0,329.0,36.0,106.5,86.5,111.5,39.5,1.0,4.0,2.0,11.0,NA,1.5,3.5,2.5,15.0,68.0,0.0,244.5,0.0,0.0,10.0,978.0,NA
2026-02-15 00:00:00,118.0,246.0,47.5,93.0,88.0,115.5,37.5,1.0,3.0,1.0,4.5,NA,0.0,1.0,1.0,14.0,73.5,0.0,230.0,0.0,0.0,10.0,978.0,NA
2026-02-15 01:00:00,121.0,285.0,41.67,91.67,82.33,125.33,37.0,1.0,NA,1.0,8.33,NA,0.33,1.0,1.0,14.0,75.0,0.0,225.67,0.0,0.0,10.0,978.0,NA
2026-02-15 02:00:00,121.0,238.0,43.0,90.5,83.5,127.5,37.0,1.0,4.5,3.0,6.5,NA,1.0,1.5,1.5,14.0,76.0,0.0,225.0,0.0,0.0,10.0,978.0,NA
2026-02-15 03:00:00,163.0,289.0,43.0,86.0,81.0,133.33,37.67,1.0,4.0,2.33,16.33,NA,2.0,3.0,2.67,13.33,77.33,0.0,221.67,0.0,0.0,10.0,978.0,NA
2026-02-15 04:00:00,157.0,254.0,30.5,78.5,66.5,146.0,39.5,0.5,8.5,1.5,4.5,NA,0.5,1.0,1.0,13.0,77.5,0.0,220.0,0.0,0.0,10.0,978.0,NA
2026-02-15 05:00:00,113.0,177.0,26.5,79.0,64.0,147.5,38.5,0.0,11.5,1.0,4.0,NA,0.0,1.0,1.0,13.0,76.5,0.0,220.5,0.0,0.0,9.5,978.0,NA
2026-02-15 06:00:00,108.0,184.0,30.0,85.75,70.5,144.5,37.25,0.75,5.5,1.0,4.0,NA,0.0,0.5,0.5,13.0,78.0,0.0,217.25,0.0,0.0,10.0,978.0,NA
2026-02-15 07:00:00,NA,234.0,32.0,87.0,73.0,140.0,37.0,1.0,8.0,1.0,5.0,NA,0.0,0.0,0.0,13.0,77.0,0.0,216.0,0.0,0.0,28.0,978.0,NA
2026-02-15 08:00:00,161.0,280.0,29.5,81.5,67.25,144.25,37.25,1.0,16.0,1.0,4.5,NA,0.0,0.0,0.0,13.5,75.0,0.0,222.5,0.0,0.0,43.0,978.0,NA
2026-02-15 09:00:00,143.0,223.0,25.5,75.0,61.25,151.25,38.75,2.0,32.25,1.0,2.75,NA,0.0,0.0,0.0,14.5,69.25,0.25,239.75,0.0,0.0,60.75,978.0,NA
2026-02-15 10:00:00,118.0,215.0,23.0,71.0,57.0,146.0,42.0,1.5,35.5,1.0,1.0,NA,0.0,0.0,0.0,15.5,63.0,1.0,260.0,0.0,0.0,75.0,978.0,NA
2026-02-15 11:00:00,119.0,235.0,20.0,72.5,55.0,143.0,43.5,2.0,39.5,0.5,2.0,NA,0.0,0.0,0.0,16.5,59.0,1.0,274.5,0.0,0.0,252.0,978.0,NA
2026-02-15 12:00:00,119.0,221.0,17.33,67.33,50.67,139.33,48.33,1.0,48.67,0.33,1.67,NA,0.0,0.0,0.0,18.0,49.0,1.0,303.0,0.0,0.0,485.0,978.0,NA
2026-02-15 13:00:00,75.0,168.0,13.0,70.0,47.75,141.75,53.25,1.0,63.75,0.0,0.75,NA,0.0,0.0,0.0,19.0,44.25,1.0,323.5,0.0,0.0,457.25,978.0,NA
2026-02-15 14:00:00,67.0,149.0,12.5,64.5,44.5,136.5,47.0,0.0,71.5,0.0,0.0,NA,0.0,0.0,0.0,20.0,42.0,1.5,336.5,0.0,0.0,340.0,978.0,NA
2026-02-15 15:00:00,55.0,157.0,10.0,64.0,42.5,135.5,42.25,0.0,81.0,0.0,0.0,NA,0.0,0.0,0.0,19.25,42.5,1.0,325.0,0.0,0.0,95.0,978.0,NA
2026-02-15 16:00:00,53.0,135.0,8.0,70.25,44.0,130.5,44.5,0.0,83.75,0.0,0.75,NA,0.0,0.0,0.0,19.0,44.75,1.0,316.75,0.0,0.0,68.5,978.0,NA
2026-02-15 17:00:00,66.0,167.0,8.0,75.0,46.0,122.0,40.0,0.0,64.0,0.0,2.0,NA,0.0,0.0,0.0,19.0,46.0,0.0,312.0,0.0,0.0,34.0,978.0,NA
2026-02-15 18:00:00,86.0,201.0,11.5,88.0,56.0,115.0,39.0,1.0,39.0,0.5,3.0,NA,0.0,0.5,0.0,17.5,49.0,0.0,293.0,0.0,0.0,13.5,978.0,NA
2026-02-15 19:00:00,117.0,266.0,20.67,103.67,72.0,102.33,38.33,1.67,10.33,1.0,2.67,NA,0.33,1.33,1.33,16.0,56.33,0.0,267.0,0.0,0.0,9.67,978.0,NA
2026-02-15 20:00:00,152.0,400.0,50.0,106.0,97.0,91.33,38.33,2.33,4.33,1.67,7.0,NA,1.67,2.0,2.67,15.0,61.33,0.0,256.33,0.0,0.0,10.0,978.0,NA
2026-02-15 21:00:00,233.0,432.0,80.67,101.67,119.33,84.33,41.67,3.0,5.0,2.33,10.33,NA,2.0,3.0,3.0,15.0,65.33,0.0,248.67,0.0,0.0,10.0,978.0,NA
2026-02-15 22:00:00,300.0,471.0,103.0,100.0,136.67,81.67,45.0,2.67,5.0,2.0,9.67,NA,2.0,3.0,3.0,15.0,67.67,0.0,242.67,0.0,0.0,10.0,978.0,NA
2026-02-15 23:00:00,266.0,425.0,122.0,93.33,148.67,77.67,45.33,2.0,5.0,2.0,10.33,NA,2.0,3.67,3.67,14.0,69.0,0.0,238.0,0.0,0.0,10.0,978.0,NA
2026-02-16 00:00:00,191.0,353.0,101.75,85.25,128.25,116.25,43.0,1.75,6.0,2.0,10.5,NA,2.0,3.0,2.5,14.0,70.75,0.0,235.0,0.0,0.0,10.0,978.0,NA
2026-02-16 01:00:00,190.0,309.0,124.5,85.5,147.5,104.5,42.5,2.0,10.0,2.0,19.5,NA,2.0,2.0,2.0,14.0,73.0,0.0,231.5,0.0,0.0,10.0,978.0,NA
2026-02-16 02:00:00,216.0,382.0,NA,NA,NA,NA,NA,NA,76.0,3.0,23.0,NA,3.0,4.0,4.0,14.0,77.0,0.0,224.0,0.0,0.0,10.0,978.0,NA
2026-02-16 03:00:00,190.0,357.0,123.0,83.0,144.0,130.0,49.0,2.0,13.0,7.0,35.0,NA,4.0,5.0,4.0,13.0,77.0,0.0,222.0,0.0,0.0,10.0,978.0,NA
2026-02-16 04:00:00,NA,279.0,105.0,82.0,129.0,144.0,52.0,1.0,5.0,3.0,16.0,NA,6.0,5.0,4.0,13.0,77.0,0.0,220.0,0.0,0.0,10.0,978.0,NA
2026-02-16 05:00:00,178.0,289.0,113.33,81.0,135.33,142.0,48.0,1.0,4.67,2.0,10.67,NA,3.33,3.33,3.0,13.0,78.67,0.0,216.33,0.0,0.0,10.0,978.0,NA
2026-02-16 06:00:00,184.0,304.0,93.0,79.5,118.0,158.0,45.5,2.0,4.0,3.5,10.5,NA,3.0,2.5,2.5,13.0,78.5,0.0,215.0,0.0,0.0,10.0,978.0,NA
2026-02-16 07:00:00,196.0,333.0,81.5,79.0,109.0,160.5,53.0,1.0,4.0,7.0,10.0,NA,5.0,3.0,2.5,13.0,81.0,0.0,211.0,0.0,0.0,17.5,978.0,NA
2026-02-16 08:00:00,191.0,320.0,58.33,91.67,96.0,162.0,47.33,1.33,5.67,1.33,5.67,NA,1.0,2.0,2.0,13.67,76.33,0.0,227.0,0.0,0.0,42.33,978.0,NA
2026-02-16 09:00:00,180.0,320.0,49.0,102.25,94.5,152.5,48.5,1.75,14.0,1.5,4.75,NA,1.5,1.5,2.0,14.75,70.0,0.0,245.75,0.0,0.0,57.75,978.0,NA
2026-02-16 10:00:00,173.0,333.0,31.5,91.5,74.5,155.0,58.5,1.0,29.5,1.0,4.0,NA,0.5,1.0,1.5,16.0,59.5,0.0,268.5,0.0,0.0,71.5,978.0,NA
2026-02-16 11:00:00,113.0,227.0,27.0,83.0,66.0,148.0,64.67,1.0,33.0,1.0,3.67,NA,0.0,0.33,0.33,17.33,52.0,0.0,294.33,0.0,0.0,206.67,978.0,NA
2026-02-16 12:00:00,144.0,294.0,18.5,80.5,58.0,142.5,59.0,1.0,56.0,1.0,2.5,NA,0.0,0.0,0.0,19.0,48.5,0.0,319.0,0.0,0.0,403.5,978.0,NA
2026-02-16 13:00:00,NA,266.0,12.0,81.0,53.0,135.0,55.0,1.0,94.0,1.0,2.0,NA,0.0,0.0,0.0,21.0,43.0,0.0,348.0,0.0,0.0,335.0,978.0,NA
2026-02-16 14:00:00,114.0,252.0,10.0,81.0,51.5,135.5,52.5,0.0,101.5,0.5,2.5,NA,0.0,0.0,0.0,20.5,43.0,0.0,349.5,0.0,0.0,284.5,978.0,NA
2026-02-16 15:00:00,NA,205.0,6.0,75.0,45.0,129.0,46.0,0.0,114.0,0.0,2.0,NA,0.0,0.0,0.0,19.0,45.0,0.0,327.0,0.0,0.0,92.0,978.0,NA
2026-02-16 16:00:00,90.0,190.0,7.33,71.33,44.0,125.67,44.0,0.0,102.33,0.0,1.67,NA,0.0,0.0,0.0,19.0,45.0,0.0,321.0,0.0,0.0,73.67,978.0,NA
2026-02-16 17:00:00,73.0,164.0,6.0,76.0,45.5,128.0,42.0,0.0,97.5,0.0,1.5,NA,0.0,0.0,0.0,18.5,45.0,0.0,313.5,0.0,0.0,42.5,978.0,NA
2026-02-16 18:00:00,78.0,177.0,9.0,90.0,55.0,118.0,42.0,1.0,33.0,0.5,2.0,NA,0.0,0.0,0.0,17.0,52.5,0.0,279.0,0.0,0.0,10.0,978.0,NA
2026-02-16 19:00:00,102.0,245.0,15.0,102.5,66.5,112.5,41.5,1.0,18.5,1.5,2.5,NA,0.0,1.5,1.0,16.0,54.5,0.0,272.0,0.0,0.0,10.0,978.0,NA
2026-02-16 20:00:00,133.0,331.0,36.0,113.5,89.5,94.5,41.0,2.5,4.0,2.5,8.5,NA,4.0,5.5,4.0,16.0,59.0,0.0,261.5,0.0,0.0,9.0,978.0,NA
2026-02-16 21:00:00,207.0,497.0,66.5,108.0,112.0,83.0,43.5,3.5,4.5,3.5,12.0,NA,6.5,8.0,6.5,15.0,61.5,0.0,256.5,0.0,0.0,10.0,978.0,NA
2026-02-16 22:00:00,235.0,598.0,138.5,105.5,169.0,45.5,49.0,5.0,4.5,4.5,17.0,NA,9.0,9.5,9.0,15.0,64.5,0.0,254.0,0.0,0.0,9.5,978.0,NA
2026-02-16 23:00:00,213.0,527.0,152.0,101.33,177.67,56.33,52.33,4.67,4.67,5.0,23.33,NA,9.33,9.67,9.67,15.0,66.0,0.0,250.67,0.0,0.0,10.0,978.0,NA
2026-02-17 00:00:00,201.0,484.0,141.0,97.33,167.0,94.33,53.67,3.67,4.33,5.0,21.67,NA,9.0,9.0,9.0,15.0,66.33,0.0,246.67,0.0,0.0,10.0,978.0,NA
2026-02-17 01:00:00,255.0,592.0,101.0,94.0,132.0,140.0,52.0,2.0,NA,5.0,25.0,NA,9.0,10.0,8.0,15.0,66.0,0.0,241.0,0.0,0.0,10.0,978.0,NA
2026-02-17 02:00:00,228.0,489.0,97.0,102.0,133.0,152.0,49.0,1.0,5.0,3.0,18.0,NA,5.0,6.0,5.0,14.0,67.0,0.0,236.0,0.0,0.0,10.0,978.0,NA
2026-02-17 03:00:00,NA,NA,NA,NA,NA,NA,NA,NA,NA,NA,NA,NA,NA,NA,NA,NA,NA,NA,NA,NA,NA,NA,NA,NA
2026-02-17 04:00:00,311.0,461.0,86.0,93.5,119.5,141.0,45.5,1.0,4.0,3.0,9.0,NA,1.0,2.5,2.0,14.0,67.5,0.0,231.5,0.0,0.0,10.0,978.0,NA
2026-02-17 05:00:00,306.0,406.0,77.5,82.0,107.0,144.5,45.5,1.0,4.0,2.5,9.0,NA,1.0,2.0,1.0,14.0,70.0,0.0,225.5,0.0,0.0,10.0,978.0,NA
2026-02-17 06:00:00,261.0,374.0,79.33,82.67,108.67,137.33,44.33,1.0,4.0,2.0,9.33,NA,1.0,2.0,1.0,13.0,71.33,0.0,222.0,0.0,0.0,10.0,978.0,NA
2026-02-17 07:00:00,310.0,450.0,87.0,83.67,115.33,131.0,45.0,1.0,4.0,3.0,9.33,NA,1.0,2.0,1.0,13.0,72.33,0.0,221.33,0.0,0.0,15.33,978.0,NA
2026-02-17 08:00:00,354.0,549.0,56.67,94.0,96.0,141.33,47.33,1.33,5.33,3.0,9.33,NA,1.0,1.67,1.0,14.33,68.67,0.0,235.0,0.0,0.0,46.0,978.0,NA
2026-02-17 09:00:00,350.0,539.0,39.0,93.5,82.0,153.0,55.5,1.0,16.5,2.5,7.5,NA,0.5,1.0,1.0,15.5,63.0,0.0,254.0,0.0,0.0,70.5,978.0,NA
2026-02-17 10:00:00,265.0,466.0,35.67,100.33,82.33,145.0,60.67,1.33,21.33,2.0,7.33,NA,0.67,1.67,1.67,16.33,59.67,0.0,271.33,0.0,0.0,84.33,978.0,NA
2026-02-17 11:00:00,208.0,400.0,25.5,61.0,53.5,156.0,64.0,0.0,18.5,0.0,1.5,NA,0.0,0.5,1.0,18.0,48.5,1.0,306.0,0.0,0.0,470.0,978.0,NA
2026-02-17 12:00:00,47.0,193.0,23.0,64.5,53.5,156.0,60.5,0.0,18.5,0.0,0.5,NA,0.0,0.5,0.5,18.5,46.5,1.0,313.5,0.0,0.0,475.0,978.0,NA
2026-02-17 13:00:00,46.0,164.0,19.0,66.5,51.0,150.5,54.0,0.0,23.0,0.0,1.0,NA,0.0,0.0,0.0,20.5,42.0,0.0,348.5,0.0,0.0,444.0,978.0,NA
2026-02-17 14:00:00,38.0,151.0,22.0,69.0,55.0,167.0,49.0,0.0,34.0,0.0,1.0,NA,0.0,0.0,0.0,21.0,41.0,0.0,358.0,0.0,0.0,243.0,980.0,NA
2026-02-17 15:00:00,NA,NA,NA,NA,NA,NA,NA,NA,NA,NA,NA,NA,NA,NA,NA,NA,NA,NA,NA,NA,NA,NA,NA,NA
2026-02-17 16:00:00,38.0,135.0,25.5,79.0,62.5,200.0,44.5,0.0,39.5,0.0,1.0,NA,0.0,0.0,0.0,20.0,44.0,0.0,330.0,0.0,0.0,69.0,982.0,NA
2026-02-17 17:00:00,38.0,201.0,32.5,78.0,68.5,212.5,42.0,0.0,37.5,0.0,1.5,NA,0.0,0.0,0.0,NA,NA,NA,NA,NA,NA,NA,NA,NA
2026-02-17 18:00:00,46.0,167.0,38.33,90.0,79.33,175.33,44.33,1.0,10.0,1.0,2.0,NA,0.0,1.67,1.0,17.33,52.33,0.0,295.33,0.0,0.0,10.67,981.0,NA
2026-02-17 19:00:00,48.0,201.0,40.0,92.0,82.0,152.0,44.0,1.0,6.0,2.0,4.0,NA,1.0,2.0,3.0,17.0,58.0,0.0,285.0,0.0,0.0,10.0,980.0,NA
2026-02-17 20:00:00,83.0,238.0,43.5,89.75,83.25,127.0,41.5,2.0,5.0,1.25,3.75,NA,1.0,2.0,2.5,16.0,62.0,0.0,273.75,0.0,0.0,10.0,979.0,NA
2026-02-17 21:00:00,103.0,317.0,50.5,83.0,85.5,111.0,42.5,2.5,4.5,2.0,7.0,NA,2.0,4.0,4.0,16.0,65.0,0.0,262.5,0.0,0.0,10.0,979.0,NA
2026-02-17 22:00:00,127.0,404.0,58.0,92.75,96.75,105.5,43.0,2.5,5.0,2.25,7.75,NA,3.25,4.75,4.75,16.0,65.0,0.0,264.75,0.0,0.0,10.0,979.0,NA
2026-02-17 23:00:00,140.0,289.0,85.0,102.33,123.33,97.67,43.0,2.67,4.67,2.0,8.67,NA,3.67,4.33,4.0,15.67,66.67,0.0,259.0,0.0,0.0,10.0,978.67,NA
2026-02-18 00:00:00,158.0,425.0,91.0,98.0,127.0,109.0,44.0,3.0,6.0,3.0,10.0,NA,4.0,5.0,5.0,15.0,69.0,0.0,259.0,0.0,0.0,10.0,979.0,NA
2026-02-18 01:00:00,205.0,486.0,165.75,87.5,181.25,62.75,46.25,3.0,6.0,3.25,13.75,NA,6.25,6.75,5.75,15.0,71.5,0.0,254.5,0.0,0.0,10.0,979.0,NA
2026-02-18 02:00:00,210.0,539.0,NA,NA,NA,NA,NA,NA,6.0,4.5,16.5,NA,6.5,7.5,6.0,15.0,73.0,0.0,250.0,0.0,0.0,10.0,979.0,NA
2026-02-18 03:00:00,229.0,459.0,158.75,85.25,175.25,110.0,45.25,3.0,6.0,4.5,20.25,NA,7.0,7.0,6.0,15.0,71.75,0.0,256.25,0.0,0.0,10.0,979.0,NA
2026-02-18 04:00:00,274.0,511.0,146.0,71.0,156.0,123.0,50.0,2.0,5.0,6.0,20.0,NA,6.0,7.0,5.0,15.0,73.0,0.0,256.0,0.0,0.0,10.0,979.0,NA
2026-02-18 05:00:00,274.0,473.0,147.0,77.5,160.5,116.0,51.5,2.5,5.0,5.0,19.5,NA,6.0,6.5,5.0,15.0,71.5,0.5,252.0,0.0,0.0,10.0,979.0,NA
2026-02-18 06:00:00,267.0,498.0,84.0,80.33,111.0,176.0,51.0,1.0,4.0,4.0,24.0,NA,4.33,6.67,4.67,15.0,70.33,0.0,247.0,0.0,0.0,10.0,978.67,NA
2026-02-18 07:00:00,178.0,301.0,67.0,86.0,100.5,183.0,47.0,1.0,4.5,2.0,15.0,NA,1.5,3.5,2.5,14.5,74.0,0.0,242.5,0.0,0.0,10.0,979.0,NA
2026-02-18 08:00:00,169.0,243.0,54.5,77.0,85.0,163.0,42.0,1.0,4.0,1.5,6.5,NA,0.0,1.0,1.0,14.5,75.0,0.0,240.5,0.0,0.0,21.0,978.5,NA
2026-02-18 09:00:00,147.0,207.0,51.5,90.0,90.0,168.5,43.0,1.0,3.5,1.0,6.0,NA,0.0,1.0,1.0,15.0,69.5,0.5,244.5,0.0,0.0,38.5,979.0,NA
2026-02-18 10:00:00,121.0,161.0,42.67,71.0,72.0,167.67,46.67,0.67,10.0,0.67,4.33,NA,0.0,0.33,0.67,15.0,65.67,0.0,249.67,0.0,0.0,75.0,978.33,NA
2026-02-18 11:00:00,57.0,101.0,36.0,70.0,67.0,180.0,49.0,0.0,14.0,0.0,3.0,NA,0.0,0.0,0.0,15.0,63.0,0.0,257.0,0.0,0.0,105.0,979.0,NA
2026-02-18 12:00:00,50.0,103.0,34.0,61.0,60.5,157.5,54.0,0.0,14.0,0.0,3.0,NA,0.0,0.0,0.0,16.0,59.5,0.0,266.5,0.0,0.0,95.0,979.0,NA
2026-02-18 13:00:00,44.0,101.0,20.33,62.67,50.0,116.67,41.0,0.67,12.0,0.67,7.67,NA,0.0,1.0,0.67,14.67,73.0,1.33,242.33,0.0,0.0,54.0,979.0,NA
2026-02-18 14:00:00,50.0,89.0,15.5,67.5,49.0,125.5,38.0,0.0,12.5,1.0,8.0,NA,0.0,1.0,0.5,14.0,72.0,1.0,239.0,0.0,0.0,73.5,979.0,NA
2026-02-18 15:00:00,NA,NA,NA,NA,NA,NA,NA,NA,NA,NA,NA,NA,NA,NA,NA,NA,NA,NA,NA,NA,NA,NA,NA,NA
2026-02-18 16:00:00,NA,NA,19.0,62.0,48.0,126.0,37.0,0.0,16.0,0.0,7.0,NA,1.0,1.0,1.0,15.0,72.0,0.0,248.0,0.0,0.0,48.0,978.0,NA
2026-02-18 17:00:00,39.0,86.0,24.0,75.5,59.5,104.5,38.0,1.0,8.0,1.0,6.0,NA,0.5,2.0,1.5,15.0,69.5,0.0,252.5,0.0,0.0,34.0,979.0,NA
2026-02-18 18:00:00,69.0,132.0,22.67,78.0,59.67,119.33,39.0,1.0,7.0,2.33,11.0,NA,4.33,5.33,4.0,15.0,70.67,0.0,247.33,0.0,0.0,10.67,979.0,NA
2026-02-18 19:00:00,59.0,118.0,24.5,79.5,62.5,111.5,39.0,1.0,7.0,1.0,8.0,NA,3.0,4.0,3.0,15.0,69.0,0.0,250.0,0.0,0.0,10.0,979.0,NA
2026-02-18 20:00:00,85.0,153.0,22.0,79.0,60.0,123.0,37.0,1.0,5.0,1.0,6.0,NA,3.0,4.0,3.0,14.0,74.0,0.0,236.0,0.0,0.0,10.0,979.0,NA
2026-02-18 21:00:00,NA,NA,NA,NA,NA,NA,NA,NA,NA,NA,NA,NA,NA,NA,NA,NA,NA,NA,NA,NA,NA,NA,NA,NA
2026-02-18 22:00:00,99.0,163.0,60.5,82.0,93.0,100.5,41.0,2.0,20.5,2.0,8.5,NA,3.5,4.0,4.0,14.0,75.0,0.0,237.0,0.0,0.0,10.0,979.0,NA
2026-02-18 23:00:00,116.0,233.0,68.0,82.0,99.0,90.0,43.0,2.0,8.0,2.0,12.0,NA,3.0,5.0,4.0,14.0,77.0,0.0,233.0,0.0,0.0,10.0,979.0,NA
2026-02-19 00:00:00,136.0,245.0,46.5,72.0,76.0,123.75,40.0,1.0,4.25,2.0,15.25,NA,2.25,4.25,3.25,13.75,79.5,0.0,225.25,0.0,0.0,9.75,979.0,NA
2026-02-19 01:00:00,95.0,153.0,51.5,68.0,78.5,120.0,38.5,1.0,NA,2.0,12.5,NA,1.0,3.5,2.5,14.0,79.5,0.0,225.5,0.0,0.0,9.5,979.0,NA
2026-02-19 02:00:00,84.0,149.0,77.5,60.5,95.0,101.0,37.5,1.0,4.33,2.0,11.0,NA,1.33,3.0,2.0,13.67,81.0,0.0,222.33,0.0,0.0,10.0,979.0,NA
2026-02-19 03:00:00,92.0,188.0,109.0,67.0,124.5,87.0,38.0,1.0,3.5,2.0,10.5,NA,1.0,3.0,2.0,13.0,84.0,0.0,215.5,0.0,0.0,10.0,979.0,NA
2026-02-19 04:00:00,94.0,186.0,108.0,63.0,121.33,99.67,39.0,1.0,3.33,3.0,10.33,NA,1.0,3.0,2.0,13.0,83.0,0.0,219.0,0.0,0.0,10.0,979.0,NA
2026-02-19 05:00:00,90.0,160.0,63.0,51.5,78.5,137.0,38.0,1.0,4.0,2.0,8.0,NA,1.0,2.0,1.5,13.0,83.0,0.0,214.0,0.0,0.0,10.0,979.0,NA
2026-02-19 06:00:00,106.0,144.0,46.0,53.67,66.33,147.67,37.0,1.0,3.0,2.0,7.67,NA,0.67,2.0,1.0,13.0,84.33,0.0,209.0,0.0,0.0,9.67,978.67,NA
2026-02-19 07:00:00,102.0,138.0,56.0,58.0,76.5,122.0,38.0,1.0,4.0,2.0,7.5,NA,0.5,1.5,1.0,13.0,81.5,0.0,214.5,0.0,0.0,19.5,978.0,NA
2026-02-19 08:00:00,125.0,175.0,66.0,72.0,92.0,98.0,38.67,1.33,4.0,2.0,9.0,NA,1.0,1.67,1.0,14.0,77.33,0.0,229.33,0.0,0.0,56.0,978.33,NA
2026-02-19 09:00:00,138.0,217.0,41.67,92.67,83.33,113.67,40.0,1.67,7.67,1.67,8.0,NA,1.0,1.33,1.33,14.33,73.0,0.0,241.0,0.0,0.0,84.0,978.0,NA
2026-02-19 10:00:00,157.0,249.0,29.67,88.67,71.33,111.0,45.33,1.0,17.67,1.67,6.67,NA,0.67,1.67,1.67,15.67,63.33,0.0,262.67,0.0,0.0,112.33,978.33,NA
2026-02-19 11:00:00,121.0,204.0,22.0,70.0,55.0,118.0,51.5,1.0,25.0,1.0,3.0,NA,0.0,1.0,0.0,17.0,55.5,0.0,288.5,0.0,0.0,434.0,978.5,NA
2026-02-19 12:00:00,107.0,178.0,18.33,59.33,46.33,117.33,58.67,0.0,21.67,1.0,3.0,NA,0.0,0.0,0.0,17.67,54.0,0.0,298.33,0.0,0.0,467.33,978.33,NA
2026-02-19 13:00:00,NA,NA,NA,NA,NA,NA,NA,NA,NA,NA,NA,NA,NA,NA,NA,NA,NA,NA,NA,NA,NA,NA,NA,NA
2026-02-19 14:00:00,40.0,80.0,5.5,39.5,25.5,89.0,50.5,0.0,27.5,0.0,1.0,NA,0.0,0.0,0.0,20.0,43.5,0.0,336.5,0.0,0.0,302.5,978.5,NA
2026-02-19 15:00:00,38.0,91.0,5.0,36.0,24.0,98.0,49.0,0.0,34.0,0.0,1.0,NA,0.0,0.0,0.0,20.0,43.0,0.0,337.0,0.0,0.0,184.0,979.0,NA
2026-02-19 16:00:00,50.0,101.0,7.0,44.0,29.5,98.25,44.5,0.0,40.25,0.0,1.0,NA,0.0,0.0,0.0,18.75,47.5,0.0,313.25,0.0,0.0,89.0,979.0,NA
2026-02-19 17:00:00,48.0,114.0,10.0,54.67,37.0,102.33,42.0,0.33,25.67,0.0,1.67,NA,0.0,0.0,0.0,17.67,52.0,0.0,301.0,0.0,0.0,44.33,979.0,NA
2026-02-19 18:00:00,69.0,139.0,12.67,64.0,44.33,102.5,39.33,1.0,14.67,0.0,3.67,NA,0.0,0.0,0.0,17.0,61.0,0.33,283.33,0.0,0.0,14.0,979.0,NA
2026-02-19 19:00:00,101.0,207.0,18.5,71.25,52.75,108.5,38.75,1.0,9.5,1.0,11.25,NA,0.0,1.0,1.0,16.0,66.75,0.25,270.75,0.0,0.0,9.75,979.0,NA
2026-02-19 20:00:00,118.0,223.0,22.75,75.75,58.5,114.5,38.75,1.0,6.75,1.25,34.75,NA,0.0,1.0,1.0,16.0,69.25,0.0,266.0,0.0,0.0,9.25,979.0,NA
2026-02-19 21:00:00,NA,NA,NA,NA,NA,NA,NA,NA,NA,NA,NA,NA,NA,NA,NA,NA,NA,NA,NA,NA,NA,NA,NA,NA
2026-02-19 22:00:00,151.0,244.0,38.0,74.0,70.0,117.0,37.0,1.0,4.0,1.0,23.0,NA,0.0,1.0,1.0,15.0,73.0,0.0,256.0,0.0,0.0,10.0,979.0,NA
2026-02-19 23:00:00,103.0,218.0,49.5,70.0,77.0,106.5,36.5,1.0,19.5,1.0,15.0,NA,0.5,1.0,1.0,15.0,76.0,0.0,251.0,0.0,0.0,10.0,978.5,NA
2026-02-20 00:00:00,105.0,218.0,61.5,77.5,91.0,116.5,37.0,1.0,34.0,1.0,13.5,NA,1.0,1.0,1.0,15.0,77.5,0.0,246.0,0.0,0.0,10.0,979.0,NA
2026-02-20 01:00:00,108.0,226.0,68.5,68.5,92.0,118.5,37.5,1.0,NA,1.0,15.5,NA,1.0,1.5,1.0,15.0,78.5,0.0,244.0,0.0,0.0,10.0,979.0,NA
2026-02-20 02:00:00,117.0,217.0,71.5,67.5,95.5,123.5,36.5,1.0,17.67,1.0,18.67,NA,1.0,2.0,1.33,14.0,80.0,0.0,239.0,0.0,0.0,10.0,979.0,NA
2026-02-20 03:00:00,130.0,239.0,76.5,64.0,96.5,128.0,37.5,1.0,7.0,2.0,23.5,NA,1.0,3.0,2.0,14.0,80.5,0.0,239.0,0.0,0.0,10.0,979.0,NA
2026-02-20 04:00:00,171.0,277.0,91.75,62.75,108.25,118.0,40.25,1.0,4.5,2.0,34.25,NA,1.0,2.0,1.0,14.0,80.75,0.0,236.75,0.0,0.0,10.0,978.5,NA
2026-02-20 05:00:00,140.0,248.0,72.0,71.67,97.0,141.33,39.67,1.0,4.67,1.33,31.33,NA,1.0,2.0,1.0,14.0,81.0,0.0,233.67,0.0,0.0,10.0,979.0,NA
2026-02-20 06:00:00,166.0,248.0,87.0,66.0,106.0,135.0,40.0,1.0,5.0,1.0,19.0,NA,1.0,2.0,1.0,14.0,82.0,0.0,230.0,0.0,0.0,10.0,979.0,NA
2026-02-20 07:00:00,180.0,276.0,66.0,74.0,93.0,150.0,39.0,1.0,5.0,1.0,8.0,NA,1.0,2.0,1.0,14.0,84.0,0.0,226.0,0.0,0.0,34.0,979.0,NA
2026-02-20 08:00:00,150.0,241.0,60.0,78.0,90.0,151.0,40.0,1.0,5.0,1.0,6.0,NA,1.0,1.0,1.0,14.0,80.0,0.0,239.0,0.0,0.0,72.0,979.0,NA
2026-02-20 09:00:00,207.0,290.0,58.5,90.5,95.5,144.0,39.5,1.0,6.0,1.0,5.5,NA,1.0,1.0,1.0,15.0,76.0,0.0,248.5,0.0,0.0,87.5,979.0,NA
2026-02-20 10:00:00,204.0,317.0,17.0,66.0,49.0,108.5,42.5,1.0,18.5,1.0,4.5,NA,0.0,0.5,0.5,16.5,64.0,0.0,274.5,0.0,0.0,113.5,978.0,NA
2026-02-20 11:00:00,125.0,227.0,13.33,61.67,44.0,110.0,52.33,0.33,16.0,0.67,4.0,NA,0.0,0.0,0.0,17.67,55.67,0.33,295.0,0.0,0.0,350.0,978.67,NA
2026-02-20 12:00:00,102.0,205.0,5.0,51.0,32.0,82.0,58.0,1.0,19.0,0.0,4.0,NA,0.0,0.0,0.0,18.0,56.0,0.0,302.0,0.0,0.0,430.0,979.0,NA
2026-02-20 13:00:00,85.0,169.0,5.0,37.5,24.5,82.0,61.5,0.0,16.0,0.0,3.0,NA,0.0,0.0,0.0,19.5,49.0,1.0,332.0,0.0,0.0,441.5,978.0,NA
2026-02-20 14:00:00,70.0,134.0,4.0,37.0,23.0,83.5,56.5,0.0,16.5,0.0,2.5,NA,0.0,0.0,0.0,20.0,47.5,1.0,334.5,0.0,0.0,296.0,979.0,NA
2026-02-20 15:00:00,63.0,123.0,6.5,39.5,26.5,84.75,47.0,0.0,20.75,0.0,2.25,NA,0.0,0.0,0.0,19.5,47.75,1.0,327.0,0.0,0.0,139.5,979.0,NA
2026-02-20 16:00:00,52.0,114.0,4.67,42.0,26.67,81.33,43.33,0.0,17.67,0.0,2.67,NA,0.0,0.0,0.0,19.0,52.0,1.0,315.33,0.0,0.0,80.0,979.0,NA
2026-02-20 17:00:00,61.0,129.0,6.0,38.0,25.0,70.0,40.0,0.0,16.0,0.0,2.0,NA,0.0,0.0,0.0,18.0,54.0,1.0,301.0,0.0,0.0,28.0,979.0,NA
2026-02-20 18:00:00,52.0,138.0,8.33,48.0,32.67,64.33,38.0,0.67,12.67,0.0,3.33,NA,0.0,0.33,0.0,17.0,58.33,0.33,289.0,0.0,0.0,13.33,979.0,NA
2026-02-20 19:00:00,74.0,191.0,11.0,66.0,45.0,54.0,38.0,1.0,7.0,1.0,14.0,NA,0.0,2.0,1.0,16.0,63.0,0.0,276.0,0.0,0.0,10.0,979.0,NA
2026-02-20 20:00:00,92.0,250.0,24.0,77.5,61.0,64.0,39.0,2.0,4.0,1.5,25.0,NA,2.0,3.0,3.0,16.0,65.5,0.0,269.0,0.0,0.0,10.0,978.5,NA
2026-02-20 21:00:00,128.0,309.0,22.0,73.67,57.0,79.33,41.67,1.0,5.0,1.33,18.0,NA,3.33,6.67,5.0,16.0,68.0,0.0,264.67,0.0,0.0,9.67,978.67,NA
2026-02-20 22:00:00,NA,NA,NA,NA,NA,NA,NA,NA,NA,NA,NA,NA,NA,NA,NA,NA,NA,NA,NA,NA,NA,NA,NA,NA
2026-02-20 23:00:00,111.0,221.0,31.5,72.5,64.5,101.0,40.0,1.0,4.5,1.0,5.5,NA,2.0,2.5,2.5,15.0,73.5,0.0,250.5,0.0,0.0,9.5,978.5,NA
2026-02-21 00:00:00,108.0,197.0,30.33,75.33,65.0,100.33,38.0,1.0,4.33,0.33,4.0,NA,1.0,2.0,2.0,15.0,74.0,0.0,249.33,0.0,0.0,9.33,978.0,NA
2026-02-21 01:00:00,107.0,190.0,28.33,64.33,57.67,108.67,37.0,1.0,5.0,1.0,4.33,NA,1.0,2.0,1.67,14.67,76.33,0.0,242.67,0.0,0.0,9.67,978.0,NA
2026-02-21 02:00:00,108.0,185.0,28.5,60.5,55.5,109.0,36.0,0.5,6.0,0.75,3.5,NA,1.0,2.25,1.75,14.0,79.0,0.0,237.5,0.0,0.0,9.5,978.0,NA
2026-02-21 03:00:00,134.0,202.0,30.67,64.67,59.0,118.33,35.33,1.0,5.33,1.0,2.67,NA,0.0,1.0,1.0,14.0,81.33,0.0,231.33,0.0,0.0,10.0,978.0,NA
2026-02-21 04:00:00,186.0,254.0,32.67,66.33,62.0,115.0,36.67,1.0,6.0,1.0,2.0,NA,0.0,0.67,0.33,14.0,82.0,0.0,231.67,0.0,0.0,9.67,978.67,NA
2026-02-21 05:00:00,NA,NA,NA,NA,NA,NA,NA,NA,NA,NA,NA,NA,NA,NA,NA,NA,NA,NA,NA,NA,NA,NA,NA,NA
2026-02-21 06:00:00,136.0,202.0,33.0,63.0,60.67,117.0,36.0,1.0,6.0,1.0,3.0,NA,0.0,0.0,0.0,14.0,82.33,0.0,227.67,0.0,0.0,10.0,978.0,NA
2026-02-21 07:00:00,153.0,226.0,38.0,71.0,69.0,123.0,39.0,1.0,4.0,2.0,3.0,NA,1.0,0.0,0.0,13.0,84.0,0.0,223.0,0.0,0.0,16.0,978.0,NA
2026-02-21 08:00:00,155.0,235.0,36.0,62.5,62.0,113.5,38.0,1.0,7.0,1.0,3.0,NA,0.0,0.0,0.0,14.0,82.0,0.0,229.0,0.0,0.0,59.5,978.0,NA
2026-02-21 09:00:00,164.0,260.0,36.0,65.0,64.0,120.5,37.0,1.0,11.5,1.0,2.5,NA,0.0,0.0,0.0,14.5,76.5,0.5,244.5,0.0,0.0,95.5,978.0,NA
2026-02-21 10:00:00,171.0,276.0,30.0,58.0,56.0,111.5,37.5,1.0,17.0,0.5,2.0,NA,0.0,0.0,0.0,15.5,71.0,0.5,261.0,0.0,0.0,115.5,978.0,NA
2026-02-21 11:00:00,171.0,290.0,28.0,51.0,50.0,112.0,41.0,1.0,18.0,0.0,2.0,NA,0.0,0.0,0.0,17.0,62.0,1.0,287.0,0.0,0.0,456.0,978.0,NA
2026-02-21 12:00:00,140.0,228.0,25.0,56.0,51.0,114.0,49.0,0.0,15.0,1.0,2.0,NA,0.0,0.0,0.0,18.0,57.0,1.0,299.0,0.0,0.0,447.0,978.0,NA
2026-02-21 13:00:00,118.0,195.0,5.67,39.0,25.33,67.33,50.33,0.67,19.67,0.0,2.0,NA,0.0,0.0,0.0,19.0,50.0,1.0,326.33,0.0,0.0,413.67,978.0,NA
2026-02-21 14:00:00,108.0,196.0,7.0,45.0,30.0,75.0,49.0,NA,26.0,0.0,2.0,NA,0.0,0.0,0.0,20.0,48.0,1.0,331.0,0.0,0.0,359.0,978.0,NA
2026-02-21 15:00:00,83.0,158.0,11.0,51.0,36.0,93.5,45.5,0.0,36.0,0.0,2.0,NA,0.0,0.0,0.0,19.5,45.5,1.0,322.5,0.0,0.0,132.5,979.0,NA
2026-02-21 16:00:00,70.0,147.0,13.0,50.0,37.0,100.5,42.5,0.0,41.0,0.0,2.0,NA,0.0,0.0,0.0,19.0,45.5,1.0,315.5,0.0,0.0,75.0,979.0,NA
2026-02-21 17:00:00,55.0,147.0,13.0,57.0,41.0,100.0,43.0,0.0,37.0,0.0,2.0,NA,0.0,0.0,0.0,19.0,45.0,0.0,322.0,0.0,0.0,71.0,979.0,NA
2026-02-21 18:00:00,108.0,227.0,19.25,80.0,58.25,79.25,41.0,1.0,14.0,1.0,5.25,NA,0.0,0.5,0.25,17.25,53.0,0.0,292.0,0.0,0.0,13.25,978.5,NA
2026-02-21 19:00:00,151.0,350.0,27.5,98.5,74.5,71.75,41.75,1.5,6.0,1.0,24.25,NA,2.0,7.0,3.0,16.5,59.0,0.0,276.75,0.0,0.0,10.0,978.25,NA
2026-02-21 20:00:00,206.0,440.0,36.0,92.0,78.0,84.0,42.0,2.0,6.0,1.0,19.0,NA,1.0,5.0,3.0,16.0,65.0,0.0,262.0,0.0,0.0,10.0,978.0,NA
2026-02-21 21:00:00,193.0,401.0,53.0,95.0,94.0,76.0,42.0,2.0,6.0,2.0,15.0,NA,2.0,4.0,4.0,16.0,66.0,0.0,264.0,0.0,0.0,10.0,978.0,NA
2026-02-21 22:00:00,207.0,401.0,49.5,91.5,89.5,79.5,43.0,1.5,4.5,2.0,14.5,NA,2.0,5.0,3.5,16.0,66.5,0.0,260.0,0.0,0.0,10.0,978.0,NA
2026-02-21 23:00:00,277.0,421.0,41.67,89.33,81.33,101.0,41.0,1.0,4.0,1.67,9.0,NA,1.0,2.33,1.33,15.0,68.0,0.0,255.67,0.0,0.0,10.0,978.0,NA
2026-02-22 00:00:00,152.0,274.0,46.5,85.5,83.5,106.0,39.0,1.0,5.0,1.0,5.5,NA,0.0,1.0,1.0,15.0,71.0,0.0,250.5,0.0,0.0,10.0,978.0,NA
2026-02-22 01:00:00,151.0,276.0,46.5,81.5,81.5,116.0,39.0,1.0,5.0,1.0,6.0,NA,0.0,1.0,1.0,15.0,73.5,0.0,244.5,0.0,0.0,10.0,978.0,NA
2026-02-22 02:00:00,163.0,269.0,40.0,75.0,72.0,118.0,39.0,1.0,6.33,1.0,5.67,NA,1.0,1.67,1.0,14.0,78.0,0.0,236.33,0.0,0.0,10.0,978.0,NA
2026-02-22 03:00:00,161.0,224.0,39.33,75.67,72.67,121.33,41.67,1.0,4.33,3.0,4.33,NA,2.33,2.67,2.0,14.0,80.0,0.0,233.67,0.0,0.0,10.0,978.0,NA
2026-02-22 04:00:00,163.0,255.0,43.5,71.5,73.5,117.0,44.0,1.0,4.0,2.5,7.0,NA,1.0,3.0,2.0,14.0,80.0,0.0,233.0,0.0,0.0,10.0,978.0,NA
2026-02-22 05:00:00,168.0,254.0,47.0,68.0,74.5,116.0,43.5,1.0,3.5,2.0,6.5,NA,1.0,1.5,1.5,14.0,81.0,0.0,229.5,0.0,0.0,10.0,978.0,NA
2026-02-22 06:00:00,171.0,235.0,34.0,65.0,62.0,132.0,41.0,1.0,5.0,1.0,9.0,NA,1.0,1.0,1.0,14.0,81.0,0.0,226.0,0.0,0.0,10.0,978.0,NA
2026-02-22 07:00:00,153.0,244.0,37.0,69.67,67.0,133.33,39.67,1.0,4.67,1.33,5.0,NA,0.0,1.0,0.67,14.0,81.33,0.0,226.67,0.0,0.0,18.0,978.0,NA
2026-02-22 08:00:00,145.0,239.0,37.5,68.0,66.5,135.0,39.0,1.0,7.0,1.0,3.0,NA,0.0,0.0,0.0,14.0,80.0,0.0,231.5,0.0,0.0,43.5,978.0,NA
2026-02-22 09:00:00,163.0,266.0,28.0,60.0,55.0,110.0,39.0,1.0,15.0,1.0,3.0,NA,0.0,0.0,0.0,16.0,71.0,0.0,260.0,0.0,0.0,76.0,978.0,NA
2026-02-22 10:00:00,157.0,256.0,28.0,64.0,58.0,116.0,40.0,1.0,17.0,1.0,4.0,NA,0.0,0.0,0.0,16.0,67.0,0.0,267.0,0.0,0.0,76.0,978.0,NA
2026-02-22 11:00:00,102.0,183.0,25.5,52.0,48.5,123.5,44.0,0.0,11.5,1.0,1.0,NA,0.0,0.0,0.0,17.0,51.5,0.0,290.5,0.0,0.0,327.5,978.0,NA
2026-02-22 12:00:00,66.0,138.0,23.0,49.0,45.0,114.0,49.0,0.0,15.0,0.0,1.0,NA,0.0,0.0,0.0,18.0,45.0,0.0,311.0,0.0,0.0,537.0,978.0,NA
2026-02-22 13:00:00,63.0,147.0,19.0,61.5,49.0,121.0,46.0,0.0,24.5,0.0,1.0,NA,0.0,2.5,1.0,20.0,39.5,0.0,345.5,0.0,0.0,487.0,978.0,NA
2026-02-22 14:00:00,45.0,125.0,18.33,83.67,59.33,158.0,43.33,0.0,43.33,1.67,1.0,NA,0.0,0.0,0.0,20.67,38.33,0.67,350.0,0.0,0.0,336.33,979.0,NA
2026-02-22 15:00:00,46.0,116.0,26.0,88.0,68.0,200.5,41.0,0.0,52.0,1.0,2.0,NA,0.0,0.0,0.0,19.5,39.0,0.5,330.5,0.0,0.0,105.5,981.0,NA
2026-02-22 16:00:00,39.0,103.0,29.0,85.0,69.0,218.67,41.67,0.0,50.33,1.0,1.0,NA,0.0,0.0,0.0,19.0,41.33,0.33,323.0,0.0,0.0,72.33,981.33,NA
2026-02-22 17:00:00,NA,NA,NA,NA,NA,NA,NA,NA,NA,NA,NA,NA,NA,NA,NA,NA,NA,NA,NA,NA,NA,NA,NA,NA
2026-02-22 18:00:00,74.0,180.0,47.33,100.33,91.67,225.67,42.67,0.67,14.0,1.0,2.67,NA,0.0,0.67,0.0,NA,NA,NA,NA,NA,NA,NA,NA,NA
2026-02-22 19:00:00,96.0,235.0,54.0,109.5,103.0,190.5,41.0,1.5,6.0,1.5,4.0,NA,0.5,1.5,1.5,17.0,59.0,0.0,278.0,0.0,0.0,10.0,981.0,NA
2026-02-22 20:00:00,147.0,323.0,73.5,96.0,111.0,151.5,42.5,2.0,4.5,2.0,8.0,NA,2.0,2.0,3.0,16.5,61.5,0.0,277.5,0.0,0.0,10.0,980.5,NA
2026-02-22 21:00:00,147.0,327.0,67.0,86.0,100.0,148.0,42.0,2.0,4.0,2.0,20.0,NA,1.0,2.0,2.0,16.0,63.0,0.0,273.0,0.0,0.0,10.0,980.0,NA
2026-02-22 22:00:00,138.0,293.0,59.0,74.0,88.0,140.0,40.0,1.0,4.0,1.0,9.0,NA,1.0,2.0,2.0,16.0,65.0,0.0,263.0,0.0,0.0,10.0,979.0,NA
2026-02-22 23:00:00,146.0,259.0,44.0,63.0,70.0,132.0,36.0,0.0,4.0,1.0,3.0,NA,0.0,0.0,0.0,15.0,67.0,0.0,251.0,0.0,0.0,10.0,978.0,NA
2026-02-23 00:00:00,105.0,188.0,44.5,71.0,73.5,126.0,36.0,0.0,4.0,1.0,2.0,NA,0.0,0.0,0.0,15.0,69.5,0.0,246.0,0.0,0.0,10.0,978.0,NA
2026-02-23 01:00:00,116.0,204.0,48.0,81.0,82.0,125.5,36.0,0.5,4.0,1.0,1.5,NA,0.0,0.0,0.0,15.0,71.0,0.0,244.0,0.0,0.0,10.0,978.0,NA
2026-02-23 02:00:00,158.0,227.0,64.0,79.0,94.0,121.0,37.0,1.0,5.0,1.0,1.0,NA,0.0,0.0,0.0,15.0,72.0,0.0,244.0,0.0,0.0,10.0,978.0,NA
2026-02-23 03:00:00,156.0,237.0,69.0,81.0,99.0,114.0,35.0,1.0,4.0,1.0,1.0,NA,0.0,0.0,0.0,14.0,73.0,0.0,241.0,0.0,0.0,10.0,978.0,NA
2026-02-23 04:00:00,156.0,207.0,77.5,73.0,102.0,118.0,37.5,0.5,4.0,1.0,1.5,NA,0.0,0.0,0.0,14.0,75.5,0.0,235.5,0.0,0.0,10.0,978.0,NA
2026-02-23 05:00:00,145.0,257.0,100.33,73.0,120.67,98.33,41.0,1.0,4.33,1.33,3.33,NA,0.0,1.0,1.0,14.0,78.0,0.0,231.67,0.0,0.0,10.0,978.0,NA
2026-02-23 06:00:00,149.0,278.0,108.0,71.0,125.0,107.33,43.67,1.33,5.67,2.0,7.67,NA,1.33,2.0,1.67,14.0,77.33,0.0,234.33,0.0,0.0,10.0,978.0,NA
2026-02-23 07:00:00,174.0,389.0,102.33,80.33,126.0,118.67,46.67,2.0,5.0,2.0,12.0,NA,3.67,3.0,3.0,14.0,76.33,0.0,236.33,0.0,0.0,17.67,978.0,NA
2026-02-23 08:00:00,175.0,368.0,79.5,103.5,119.5,123.5,47.5,2.0,5.5,3.0,13.0,NA,3.5,4.0,4.0,15.0,72.5,0.0,246.0,0.0,0.0,52.0,978.0,NA
2026-02-23 09:00:00,180.0,415.0,67.0,104.5,110.0,121.5,48.0,2.0,7.0,2.0,10.5,NA,3.5,3.5,3.0,15.5,69.5,0.0,257.0,0.0,0.0,67.5,978.0,NA
2026-02-23 10:00:00,200.0,410.0,48.67,102.0,94.0,119.67,50.33,1.0,11.0,2.0,8.0,NA,1.33,2.67,2.67,16.67,60.67,0.0,280.0,0.0,0.0,98.67,978.0,NA
2026-02-23 11:00:00,147.0,298.0,35.67,79.33,71.33,137.0,64.0,0.0,10.0,1.0,4.33,NA,0.33,1.33,1.0,18.0,49.33,0.0,306.33,0.0,0.0,481.33,978.33,NA
2026-02-23 12:00:00,91.0,212.0,24.0,70.0,56.0,132.0,62.0,0.0,15.0,1.0,4.0,NA,0.0,1.0,1.0,20.0,43.0,0.0,335.0,0.0,0.0,512.0,978.0,NA
2026-02-23 13:00:00,75.0,199.0,8.67,59.67,39.0,104.33,45.0,0.0,24.33,0.67,2.67,NA,0.0,0.67,0.0,21.0,39.33,0.33,354.0,0.0,0.0,468.67,979.0,NA
2026-02-23 14:00:00,52.0,147.0,6.67,48.0,31.33,110.67,36.0,0.0,29.33,0.0,2.0,NA,0.0,0.0,0.0,21.0,38.67,1.0,354.0,0.0,0.0,230.33,980.0,NA
2026-02-23 15:00:00,41.0,124.0,6.0,29.0,20.0,120.0,33.0,NA,NA,0.0,3.0,NA,0.0,0.0,0.0,21.0,37.0,1.0,353.0,0.0,0.0,158.0,982.0,NA
2026-02-23 16:00:00,48.0,125.0,NA,NA,NA,NA,NA,NA,27.0,0.0,3.0,NA,0.0,0.0,0.0,19.0,42.0,1.0,328.0,0.0,0.0,63.0,979.0,NA
2026-02-23 17:00:00,51.0,124.0,7.0,46.0,30.0,61.0,40.0,0.0,43.0,0.0,2.0,NA,0.0,0.0,0.0,20.0,40.0,1.0,333.0,0.0,0.0,69.0,976.0,NA
2026-02-23 18:00:00,61.0,144.0,7.0,68.5,42.5,38.0,41.5,1.0,22.0,0.0,2.5,NA,0.0,0.0,0.0,17.5,45.0,0.0,299.5,0.0,0.0,15.0,975.5,NA
2026-02-23 19:00:00,180.0,384.0,17.5,89.5,62.0,38.5,42.5,1.5,4.5,1.0,6.0,NA,1.5,1.0,2.0,16.0,54.5,0.0,268.0,0.0,0.0,10.0,976.0,NA
2026-02-23 20:00:00,111.0,329.0,31.0,93.0,74.5,39.5,39.5,2.0,3.5,1.0,8.0,NA,1.0,2.0,2.0,15.0,61.0,0.0,255.0,0.0,0.0,10.0,976.0,NA
2026-02-23 21:00:00,146.0,361.0,50.0,89.0,88.0,45.0,40.0,2.0,4.0,1.0,17.0,NA,3.0,4.0,3.0,15.0,66.0,0.0,249.0,0.0,0.0,10.0,976.0,NA
2026-02-23 22:00:00,NA,NA,65.0,90.0,102.0,40.0,42.0,2.0,5.0,2.0,61.0,NA,3.0,5.0,4.0,15.0,70.0,0.0,244.0,0.0,0.0,10.0,976.0,NA
2026-02-23 23:00:00,306.0,514.0,85.5,83.0,114.0,44.0,44.0,2.0,3.5,2.0,52.0,NA,4.0,5.5,4.5,14.0,74.5,0.0,238.5,0.0,0.0,10.0,976.0,NA
2026-02-24 00:00:00,197.0,385.0,106.33,77.0,127.67,42.67,43.0,2.0,4.0,2.0,54.0,NA,3.0,6.0,4.0,14.0,78.33,0.0,231.67,0.0,0.0,10.0,976.0,NA
2026-02-24 01:00:00,238.0,439.0,88.0,71.0,109.0,50.0,42.0,2.0,NA,3.0,39.0,NA,2.0,5.0,4.0,14.0,81.0,0.0,227.0,0.0,0.0,10.0,976.0,NA
2026-02-24 02:00:00,207.0,367.0,82.0,70.0,104.0,53.0,43.0,2.0,4.33,3.0,49.0,NA,2.0,4.0,3.0,14.0,81.67,0.0,225.33,0.0,0.0,10.0,976.0,NA
2026-02-24 03:00:00,155.0,301.0,64.5,73.75,92.0,58.75,40.0,1.0,2.75,1.75,70.5,NA,1.75,3.0,2.0,13.0,83.0,0.0,221.0,0.0,0.0,9.75,976.0,NA
2026-02-24 04:00:00,158.0,255.0,61.0,73.0,89.0,49.0,39.0,1.0,3.0,1.0,40.0,NA,1.0,1.5,1.0,13.0,83.0,0.0,220.5,0.0,0.0,10.0,976.0,NA
2026-02-24 05:00:00,145.0,260.0,77.75,74.25,103.0,44.0,40.25,1.0,3.0,1.0,39.0,NA,1.0,1.25,1.0,13.5,81.25,0.0,223.25,0.0,0.0,9.5,976.0,NA
2026-02-24 06:00:00,195.0,305.0,63.0,68.0,88.0,47.0,40.0,1.0,3.0,1.0,19.0,NA,0.0,1.0,1.0,13.0,82.0,0.0,222.0,0.0,0.0,10.0,976.0,NA
2026-02-24 07:00:00,175.0,349.0,38.33,70.67,68.67,58.0,40.0,1.0,3.33,1.33,10.33,NA,1.0,2.0,1.0,13.33,82.67,0.0,221.67,0.0,0.0,25.0,976.0,NA
2026-02-24 08:00:00,150.0,359.0,39.0,81.5,75.0,45.0,40.0,2.0,4.0,1.0,8.0,NA,1.5,2.0,2.0,14.0,78.5,0.0,235.5,0.0,0.0,55.5,976.0,NA
2026-02-24 09:00:00,211.0,417.0,18.0,85.25,60.0,52.75,41.75,1.0,7.25,2.75,9.5,NA,2.0,2.25,2.0,15.5,70.0,0.0,256.5,0.0,0.0,88.25,976.0,NA
2026-02-24 10:00:00,183.0,306.0,9.0,70.0,44.0,51.67,44.0,1.0,10.33,1.33,5.67,NA,0.67,1.33,1.0,16.67,62.33,0.0,278.0,0.0,0.0,129.0,976.0,NA
2026-02-24 11:00:00,152.0,269.0,7.0,61.0,39.0,51.0,46.5,1.0,10.0,1.0,5.5,NA,0.0,1.0,1.0,18.0,57.0,0.5,296.0,0.0,0.0,397.0,975.5,NA
2026-02-24 12:00:00,132.0,246.0,6.0,46.0,29.0,51.0,54.0,1.0,7.0,1.0,4.0,NA,0.0,0.0,0.0,18.0,54.0,0.0,303.0,0.0,0.0,503.0,975.0,NA
2026-02-24 13:00:00,88.0,174.0,5.0,40.5,26.0,46.0,51.75,1.0,9.25,0.0,2.0,NA,0.0,0.0,0.0,20.0,45.0,0.25,339.5,0.0,0.0,449.0,975.0,NA
2026-02-24 14:00:00,72.0,156.0,5.5,36.75,24.5,45.0,47.5,0.0,13.25,0.0,3.25,NA,0.0,0.0,0.0,20.5,42.5,0.75,349.25,0.0,0.0,273.0,975.0,NA
2026-02-24 15:00:00,69.0,146.0,6.25,37.0,25.0,46.25,44.25,0.0,15.75,0.0,2.75,NA,0.0,0.0,0.0,19.75,43.75,0.75,336.25,0.0,0.0,122.0,975.0,NA
2026-02-24 16:00:00,67.0,145.0,6.0,37.5,25.0,46.75,41.75,0.0,16.75,0.0,3.75,NA,0.0,0.0,0.0,19.0,45.75,1.0,322.75,0.0,0.0,75.75,975.0,NA
2026-02-24 17:00:00,63.0,144.0,6.25,43.0,28.25,46.5,41.0,0.0,17.5,0.0,4.5,NA,0.0,0.0,0.0,18.75,46.25,0.75,322.0,0.0,0.0,49.0,975.0,NA
2026-02-24 18:00:00,81.0,168.0,7.0,70.5,43.25,37.5,39.5,0.75,9.75,0.0,5.25,NA,0.0,0.0,0.0,17.75,49.25,0.0,298.0,0.0,0.0,13.75,975.0,NA
2026-02-24 19:00:00,105.0,315.0,26.0,105.33,77.0,28.33,39.67,1.33,4.0,1.0,11.33,NA,0.33,1.33,1.0,16.67,53.67,0.0,280.67,0.0,0.0,10.0,976.0,NA
2026-02-24 20:00:00,158.0,530.0,63.67,92.67,101.67,29.0,42.0,2.33,4.33,1.67,24.67,NA,2.67,4.67,4.0,15.33,63.33,0.0,257.67,0.0,0.0,10.0,976.0,NA
2026-02-24 21:00:00,216.0,484.0,76.75,80.75,105.25,34.0,46.25,2.0,3.5,2.0,35.75,NA,4.25,6.75,5.25,15.0,70.25,0.0,245.75,0.0,0.0,10.0,976.0,NA
2026-02-24 22:00:00,179.0,426.0,58.0,77.75,88.5,42.5,46.5,1.75,3.25,2.0,37.5,NA,6.0,7.5,5.25,14.0,74.0,0.0,239.0,0.0,0.0,10.0,976.0,NA
2026-02-24 23:00:00,210.0,417.0,60.25,78.25,91.0,38.0,45.0,1.0,3.0,2.0,60.5,NA,2.5,5.25,3.5,14.0,75.75,0.0,233.75,0.0,0.0,10.0,975.75,NA
2026-02-25 00:00:00,171.0,350.0,60.0,76.25,89.25,39.75,42.75,1.0,3.0,2.0,42.25,NA,2.25,3.5,3.0,14.0,77.5,0.0,230.75,0.0,0.0,10.0,976.0,NA
2026-02-25 01:00:00,194.0,342.0,93.5,75.5,116.25,28.25,43.25,1.0,3.0,2.25,47.25,NA,3.75,5.0,3.75,14.0,78.25,0.0,228.75,0.0,0.0,10.0,975.75,NA
2026-02-25 02:00:00,200.0,389.0,79.5,74.0,103.0,54.5,41.0,1.0,4.25,3.25,42.25,NA,3.75,5.0,3.5,14.0,78.0,0.0,227.75,0.0,0.0,10.0,975.25,NA
2026-02-25 03:00:00,155.0,287.0,37.25,71.5,69.0,64.25,40.25,1.0,3.0,2.75,20.0,NA,2.5,3.25,2.25,13.75,78.25,0.0,224.75,0.0,0.0,10.0,976.0,NA
2026-02-25 04:00:00,178.0,305.0,41.0,77.75,75.0,50.75,45.75,1.0,3.0,2.75,11.0,NA,2.75,2.25,2.0,14.0,77.25,0.0,226.75,0.0,0.0,10.0,976.0,NA
2026-02-25 05:00:00,184.0,273.0,16.25,70.75,50.75,59.25,41.25,1.0,3.25,1.0,5.75,NA,0.75,1.5,1.25,13.5,78.25,0.0,223.25,0.0,0.0,9.75,976.0,NA
2026-02-25 06:00:00,188.0,274.0,23.0,74.75,58.75,51.0,39.0,1.0,3.0,1.0,6.0,NA,0.25,1.0,1.0,13.25,79.0,0.0,222.75,0.0,0.0,10.0,976.0,NA
2026-02-25 07:00:00,196.0,309.0,29.5,76.75,64.75,50.0,39.5,1.0,3.0,1.0,7.0,NA,0.0,1.0,1.0,14.0,78.5,0.0,225.75,0.0,0.0,22.75,976.0,NA
2026-02-25 08:00:00,190.0,327.0,24.25,79.5,62.25,52.5,40.0,1.0,4.75,1.25,6.75,NA,1.0,1.0,1.0,14.0,75.5,0.0,235.75,0.0,0.0,53.75,976.0,NA
2026-02-25 09:00:00,179.0,345.0,13.25,82.0,54.5,54.0,41.0,1.0,8.5,1.75,5.0,NA,1.0,1.0,1.0,15.25,71.5,0.0,254.25,0.0,0.0,77.75,976.0,NA
2026-02-25 10:00:00,185.0,349.0,8.0,68.5,43.25,52.0,42.5,1.0,8.75,1.25,4.0,NA,2.0,1.25,1.0,16.5,63.0,0.0,276.5,0.0,0.0,98.75,975.75,NA
2026-02-25 11:00:00,141.0,280.0,4.5,53.0,32.0,52.5,47.75,0.5,6.0,1.0,3.0,NA,0.75,0.5,0.75,17.5,53.25,0.75,295.0,0.0,0.0,440.75,975.25,NA
2026-02-25 12:00:00,89.0,196.0,5.5,44.75,28.5,52.75,54.25,0.0,7.0,0.5,3.0,NA,0.0,0.0,0.0,18.75,45.5,0.75,319.0,0.0,0.0,522.75,975.25,NA
2026-02-25 13:00:00,66.0,169.0,6.25,42.75,28.0,53.25,49.5,0.0,10.5,0.0,2.5,NA,0.0,0.0,0.0,20.0,41.0,0.75,341.0,0.0,0.0,482.25,975.0,NA
2026-02-25 14:00:00,59.0,151.0,5.25,45.5,28.25,52.5,46.25,0.0,15.0,0.0,2.25,NA,0.0,0.0,0.0,20.0,40.0,1.0,343.25,0.0,0.0,246.5,975.0,NA
2026-02-25 15:00:00,64.0,155.0,5.0,46.0,28.75,54.25,45.5,0.0,21.25,0.0,1.75,NA,0.0,0.0,0.0,19.75,39.5,1.0,336.75,0.0,0.0,105.75,975.0,NA
2026-02-25 16:00:00,48.0,140.0,7.25,46.5,30.75,55.75,43.75,0.0,26.0,0.0,1.75,NA,0.0,0.0,0.0,19.0,40.75,1.0,323.75,0.0,0.0,67.75,975.0,NA
2026-02-25 17:00:00,63.0,150.0,7.0,50.0,32.25,55.75,40.75,0.0,27.0,0.0,2.0,NA,0.0,0.0,0.0,19.25,41.5,0.5,324.5,0.0,0.0,47.5,975.5,NA
2026-02-25 18:00:00,45.0,166.0,5.75,74.5,44.5,51.5,41.5,0.75,10.25,0.5,3.0,NA,0.25,0.5,0.75,17.75,48.0,0.0,297.25,0.0,0.0,13.5,976.0,NA
2026-02-25 19:00:00,88.0,251.0,12.67,96.0,61.67,45.67,41.0,1.33,4.33,1.0,6.33,NA,1.0,1.67,2.0,16.0,56.0,0.0,272.33,0.0,0.0,10.0,976.0,NA
2026-02-25 20:00:00,172.0,409.0,19.5,103.75,71.0,47.25,45.5,2.0,4.75,2.0,18.25,NA,2.25,3.5,3.0,16.0,57.75,0.0,269.0,0.0,0.0,9.75,976.0,NA
2026-02-25 21:00:00,152.0,385.0,22.75,99.5,71.75,50.25,46.0,1.5,4.0,2.0,21.0,NA,2.0,3.5,2.75,15.5,62.5,0.0,257.5,0.0,0.0,9.5,976.0,NA
2026-02-25 22:00:00,157.0,338.0,21.0,88.75,64.75,53.0,43.25,1.0,3.0,1.0,18.0,NA,1.5,2.0,2.0,15.0,66.0,0.0,251.0,0.0,0.0,9.25,976.0,NA
2026-02-25 23:00:00,117.0,280.0,18.33,82.67,59.0,56.33,40.33,1.0,3.33,1.0,26.0,NA,0.67,1.33,1.33,15.0,67.67,0.0,249.33,0.0,0.0,10.0,976.0,NA
2026-02-26 00:00:00,149.0,396.0,22.25,84.5,63.25,57.0,40.0,1.0,3.75,1.75,16.25,NA,1.25,2.0,2.0,15.0,70.25,0.0,244.0,0.0,0.0,10.0,976.0,NA
2026-02-26 01:00:00,119.0,237.0,14.25,75.75,51.75,59.0,38.5,1.0,4.0,1.0,9.0,NA,0.25,1.25,1.0,15.0,71.25,0.0,243.5,0.0,0.0,9.75,976.0,NA
2026-02-26 02:00:00,119.0,232.0,17.5,81.0,57.0,58.5,38.0,1.0,4.5,1.0,4.75,NA,0.0,1.0,1.0,14.0,74.0,0.0,236.5,0.0,0.0,10.0,976.0,NA
2026-02-26 03:00:00,123.0,248.0,18.0,76.0,55.0,66.5,38.25,1.0,4.0,1.75,4.25,NA,1.25,1.0,1.0,14.0,76.25,0.0,233.0,0.0,0.0,9.5,976.0,NA
2026-02-26 04:00:00,119.0,208.0,12.25,71.0,48.0,62.0,39.25,1.0,4.0,1.0,5.0,NA,0.25,1.0,1.0,14.0,74.5,0.0,235.75,0.0,0.0,9.0,976.0,NA
2026-02-26 05:00:00,129.0,219.0,12.75,74.75,50.25,58.25,38.75,1.0,3.75,1.0,5.25,NA,0.0,1.0,1.0,14.0,76.5,0.0,230.5,0.0,0.0,9.5,976.0,NA
2026-02-26 06:00:00,129.0,326.0,17.25,73.25,53.0,56.25,39.0,1.0,3.0,1.5,4.75,NA,1.0,1.0,1.0,14.0,79.0,0.0,225.5,0.0,0.0,9.5,976.0,NA
2026-02-26 07:00:00,141.0,321.0,24.0,81.75,63.25,56.25,40.0,1.0,4.5,1.0,4.0,NA,1.0,1.0,1.0,14.0,78.0,0.0,229.5,0.0,0.0,23.0,976.0,NA
2026-02-26 08:00:00,136.0,269.0,18.75,81.25,58.5,55.75,39.5,1.0,4.5,1.0,3.25,NA,0.5,1.0,1.0,14.25,75.0,0.0,238.25,0.0,0.0,49.75,976.0,NA
2026-02-26 09:00:00,135.0,373.0,10.25,71.75,46.5,64.5,39.0,1.0,6.5,1.0,2.75,NA,0.75,0.75,0.75,15.25,67.25,1.0,254.5,0.0,0.0,65.75,976.0,NA
2026-02-26 10:00:00,118.0,241.0,7.0,68.75,42.25,60.0,39.0,1.0,7.75,1.0,2.0,NA,0.0,0.0,0.0,16.25,61.25,0.5,274.0,0.0,0.0,81.25,976.0,NA
2026-02-26 11:00:00,110.0,290.0,6.75,60.75,38.25,56.25,40.25,1.0,6.25,1.0,2.75,NA,0.0,0.0,0.0,17.5,56.25,1.0,293.5,0.0,0.0,486.25,975.5,NA
2026-02-26 12:00:00,94.0,210.0,4.5,51.5,31.0,56.5,42.75,0.0,4.5,0.0,2.5,NA,0.0,0.0,0.0,19.0,46.25,1.0,321.0,0.0,0.0,544.75,975.25,NA
2026-02-26 13:00:00,57.0,146.0,4.25,54.5,33.0,55.0,42.25,0.0,7.0,0.0,1.5,NA,0.0,0.0,0.0,20.25,40.25,1.0,343.5,0.0,0.0,505.25,975.25,NA
2026-02-26 14:00:00,44.0,135.0,5.75,54.0,33.5,59.5,41.25,0.0,12.0,0.0,1.0,NA,0.0,0.0,0.0,20.5,39.25,1.5,347.0,0.0,0.0,262.75,975.5,NA
2026-02-26 15:00:00,40.0,164.0,3.75,49.0,29.25,59.75,40.0,0.0,19.75,0.0,1.0,NA,0.0,0.0,0.0,20.0,38.0,1.75,339.5,0.0,0.0,106.0,975.25,NA
2026-02-26 16:00:00,28.0,139.0,4.75,50.75,30.75,59.25,38.75,0.0,26.0,0.0,1.0,NA,0.0,0.0,0.0,19.25,37.25,1.0,328.75,0.0,0.0,70.0,975.75,NA
2026-02-26 17:00:00,46.0,152.0,4.25,50.5,30.0,56.5,38.25,0.0,26.75,0.0,1.25,NA,0.0,0.0,0.0,19.75,37.75,0.75,330.5,0.0,0.0,47.5,975.5,NA
2026-02-26 18:00:00,47.0,155.0,8.25,73.5,46.0,55.0,39.75,0.75,9.0,0.0,9.75,NA,0.75,3.25,1.25,17.75,46.75,0.0,299.75,0.0,0.0,13.75,976.0,NA
2026-02-26 19:00:00,70.0,309.0,23.75,97.25,71.0,47.0,41.0,1.5,5.0,1.0,16.75,NA,1.0,5.0,3.0,16.75,54.5,0.0,277.75,0.0,0.0,9.25,976.0,NA
2026-02-26 20:00:00,111.0,381.0,52.0,101.0,96.0,40.25,41.0,2.0,6.25,1.75,13.25,NA,2.5,3.5,3.25,16.0,60.0,0.0,266.25,0.0,0.0,9.0,976.0,NA
2026-02-26 21:00:00,112.0,437.0,52.25,103.25,97.5,50.25,41.5,2.0,4.5,2.0,11.75,NA,4.5,4.0,4.0,16.0,62.0,0.0,262.25,0.0,0.0,9.25,976.0,NA
2026-02-26 22:00:00,134.0,465.0,49.0,101.0,93.75,52.25,42.75,1.5,3.5,1.75,12.25,NA,3.5,4.0,4.0,15.5,62.25,0.0,259.5,0.0,0.0,9.5,976.0,NA
2026-02-26 23:00:00,129.0,349.0,48.0,94.25,89.25,50.75,41.75,1.0,2.75,1.25,10.0,NA,1.5,3.0,2.5,15.0,63.0,0.0,253.5,0.0,0.0,10.0,976.0,NA
2026-02-27 00:00:00,92.0,245.0,35.0,84.5,73.5,56.75,40.0,0.5,3.0,1.0,8.0,NA,0.5,1.25,1.0,15.0,65.75,0.0,248.25,0.0,0.0,10.0,976.0,NA
2026-02-27 01:00:00,107.0,228.0,26.75,81.75,65.0,54.5,38.5,0.5,3.0,1.0,7.25,NA,0.0,1.0,0.5,14.75,67.75,0.0,244.0,0.0,0.0,9.5,976.0,NA
2026-02-27 02:00:00,133.0,305.0,28.5,78.0,65.0,62.0,37.5,0.0,4.5,1.0,12.25,NA,0.25,1.0,1.0,14.0,71.75,0.0,237.0,0.0,0.0,10.0,976.0,NA
2026-02-27 03:00:00,96.0,224.0,35.0,84.0,73.5,59.25,37.25,0.0,3.0,1.0,10.75,NA,0.0,1.0,0.0,14.0,71.75,0.0,236.25,0.0,0.0,9.75,976.0,NA
2026-02-27 04:00:00,97.0,221.0,20.5,79.75,59.0,65.25,37.75,0.0,3.25,1.25,7.0,NA,0.0,1.0,0.0,14.0,73.0,0.0,233.75,0.0,0.0,10.0,976.0,NA
2026-02-27 05:00:00,117.0,305.0,24.0,79.75,62.5,58.25,38.75,0.75,3.25,1.75,5.75,NA,0.5,1.0,1.0,14.0,73.75,0.0,229.5,0.0,0.0,10.0,976.0,NA
2026-02-27 06:00:00,116.0,340.0,19.0,78.75,57.5,64.25,38.5,0.25,2.75,1.0,5.5,NA,0.25,0.75,0.75,14.0,71.5,0.0,229.0,0.0,0.0,9.75,976.0,NA
2026-02-27 07:00:00,106.0,355.0,27.0,79.5,64.5,56.75,38.0,1.0,3.0,1.0,4.0,NA,0.25,0.5,0.25,14.0,72.75,0.0,227.0,0.0,0.0,23.25,976.0,NA
2026-02-27 08:00:00,121.0,489.0,24.75,85.0,65.5,62.0,38.5,1.0,3.5,1.0,3.5,NA,0.0,0.75,1.0,14.5,66.0,0.0,241.25,0.0,0.0,47.75,976.0,NA
2026-02-27 09:00:00,132.0,288.0,15.25,91.0,60.75,61.0,38.5,1.0,4.5,1.0,3.0,NA,0.0,0.0,0.25,15.5,60.75,0.5,260.5,0.0,0.0,68.0,976.0,NA
2026-02-27 10:00:00,118.0,295.0,8.0,86.5,52.75,60.25,38.0,1.0,4.75,1.0,2.5,NA,0.0,0.0,0.0,16.75,55.0,0.25,282.5,0.0,0.0,96.0,976.0,NA
2026-02-27 11:00:00,101.0,263.0,4.5,85.75,49.75,60.25,37.75,0.5,4.25,1.0,2.75,NA,0.0,0.0,0.0,17.75,48.5,0.5,303.0,0.0,0.0,505.0,976.0,NA
2026-02-27 12:00:00,78.0,224.0,4.25,73.75,42.75,60.0,37.25,0.0,9.0,0.0,2.75,NA,0.0,0.0,0.0,19.75,39.25,0.25,338.0,0.0,0.0,513.75,975.75,NA
2026-02-27 13:00:00,100.0,166.0,6.0,66.25,40.25,58.25,36.75,0.0,19.75,0.0,1.75,NA,0.0,0.0,0.0,21.0,35.25,0.25,355.0,0.0,0.0,479.25,975.25,NA
2026-02-27 14:00:00,42.0,141.0,5.25,61.75,37.5,56.25,36.75,0.0,28.25,0.0,1.5,NA,0.0,0.0,0.0,21.5,34.0,1.0,NA,0.0,0.0,269.0,975.0,NA
2026-02-27 15:00:00,39.0,122.0,5.5,58.25,35.75,54.0,36.0,0.0,36.75,0.0,1.75,NA,0.0,0.0,0.0,21.0,34.75,0.75,349.0,0.0,0.0,105.0,975.25,NA
2026-02-27 16:00:00,39.0,135.0,6.5,59.75,37.25,51.5,35.0,0.0,35.5,0.0,1.75,NA,0.0,0.0,0.0,20.0,35.5,0.0,343.75,0.0,0.0,75.25,975.25,NA
2026-02-27 17:00:00,38.0,139.0,5.25,69.25,41.25,46.75,35.5,0.0,31.75,0.0,1.5,NA,0.0,0.0,0.0,20.0,35.5,0.25,340.5,0.0,0.0,49.5,975.25,NA
2026-02-27 18:00:00,58.0,206.0,6.5,81.25,48.5,47.0,36.0,0.75,6.25,0.25,4.25,NA,0.25,0.75,0.5,17.75,45.0,0.0,302.0,0.0,0.0,14.5,976.0,NA
2026-02-27 19:00:00,56.0,237.0,16.33,94.33,63.67,40.33,36.0,1.0,3.0,0.0,6.67,NA,0.67,2.33,1.0,16.33,50.67,0.0,274.33,0.0,0.0,9.33,976.0,NA
2026-02-27 20:00:00,96.0,321.0,31.5,99.75,79.0,42.25,37.0,1.5,4.0,1.0,8.75,NA,2.0,2.0,1.5,16.0,56.0,0.0,264.0,0.0,0.0,9.75,976.0,NA
2026-02-27 21:00:00,127.0,367.0,44.0,103.5,91.0,39.5,37.5,2.25,3.75,1.0,16.0,NA,2.75,3.25,2.75,16.0,58.75,0.0,263.5,0.0,0.0,9.5,976.0,NA
2026-02-27 22:00:00,141.0,782.0,59.5,100.0,101.25,42.0,39.0,2.0,4.0,2.0,12.25,NA,3.0,3.0,3.25,16.0,57.75,0.0,267.75,0.0,0.0,9.5,976.0,NA
2026-02-27 23:00:00,108.0,315.0,71.25,93.75,107.75,45.5,39.5,1.75,3.5,1.75,10.75,NA,3.0,3.0,3.0,16.0,60.75,0.0,263.5,0.0,0.0,9.0,976.0,NA
2026-02-28 00:00:00,107.0,423.0,57.75,92.5,96.25,57.75,38.75,1.0,3.25,1.75,9.0,NA,2.0,2.25,2.5,15.75,60.0,0.0,261.75,0.0,0.0,9.5,976.0,NA
2026-02-28 01:00:00,125.0,287.0,34.25,85.5,73.25,55.5,38.75,1.0,3.0,2.0,8.75,NA,0.5,1.5,1.25,16.0,61.0,0.0,260.25,0.0,0.0,9.25,975.75,NA
2026-02-28 02:00:00,141.0,305.0,44.0,90.0,83.5,52.5,38.0,1.0,4.25,2.25,6.75,NA,0.0,1.0,0.5,15.5,61.75,0.0,259.25,0.0,0.0,9.25,975.75,NA
2026-02-28 03:00:00,153.0,367.0,56.5,92.5,95.0,53.75,37.75,1.0,3.0,2.5,5.75,NA,0.0,1.0,0.75,15.0,62.25,0.0,252.0,0.0,0.0,9.75,976.0,NA
2026-02-28 04:00:00,144.0,276.0,84.75,83.0,113.5,44.25,39.5,1.0,4.0,2.0,5.0,NA,0.0,1.0,1.0,15.0,66.75,0.0,245.5,0.0,0.0,10.0,976.0,NA
2026-02-28 05:00:00,147.0,374.0,113.25,78.75,134.0,43.5,41.25,2.0,4.5,2.5,5.75,NA,0.25,1.25,1.25,15.0,68.75,0.0,243.5,0.0,0.0,10.0,976.0,NA
2026-02-28 06:00:00,195.0,616.0,100.5,84.75,127.25,52.25,42.75,2.0,5.25,4.25,9.75,NA,1.25,2.25,2.0,15.0,68.5,0.0,244.75,0.0,0.0,10.0,976.0,NA
2026-02-28 07:00:00,140.0,346.0,115.25,79.0,136.25,43.75,44.75,2.25,5.75,7.5,16.75,NA,3.25,3.0,3.0,14.5,71.0,0.0,242.0,0.0,0.0,26.75,976.0,NA
2026-02-28 08:00:00,233.0,711.0,146.25,88.25,166.25,34.0,46.25,2.75,6.0,8.25,18.0,NA,4.5,4.0,3.5,15.5,65.25,0.0,260.25,0.0,0.0,53.25,976.0,NA
2026-02-28 09:00:00,171.0,703.0,78.0,123.0,129.0,46.25,46.0,2.0,4.0,5.25,13.5,NA,5.0,4.75,4.0,17.0,54.0,0.0,289.0,0.0,0.0,71.5,976.0,NA
2026-02-28 10:00:00,143.0,447.0,18.0,123.0,79.75,48.75,43.25,1.0,2.0,2.5,9.0,NA,3.75,3.5,3.5,18.75,42.75,0.0,316.5,0.0,0.0,114.25,975.75,NA
2026-02-28 11:00:00,72.0,207.0,6.25,97.25,57.25,56.5,40.25,0.25,5.0,1.0,8.25,NA,1.75,2.25,1.75,20.0,38.25,0.5,336.0,0.0,0.0,469.0,975.5,NA
2026-02-28 12:00:00,58.0,201.0,6.5,85.0,50.5,54.5,38.5,0.0,5.75,0.25,13.25,NA,0.75,3.25,1.5,21.25,36.25,0.75,354.0,0.0,0.0,496.75,975.25,NA
2026-02-28 13:00:00,45.0,146.0,5.5,81.0,47.5,51.25,37.0,0.0,7.75,0.0,5.5,NA,0.0,1.0,0.25,22.0,36.5,1.0,NA,0.0,0.0,456.25,975.0,NA
2026-02-28 14:00:00,51.0,168.0,4.75,78.5,45.25,51.75,37.25,0.0,7.75,0.0,3.75,NA,0.0,1.0,0.0,21.75,38.0,1.0,NA,0.0,0.0,250.25,975.0,NA
2026-02-28 15:00:00,63.0,155.0,5.25,77.75,45.75,53.25,37.0,0.0,7.25,0.0,2.75,NA,2.5,5.0,5.0,21.0,40.0,1.0,350.5,0.0,0.0,104.75,975.0,NA
2026-02-28 16:00:00,53.0,166.0,3.75,80.25,45.5,49.75,35.5,0.0,4.25,0.0,2.0,NA,2.25,4.5,4.0,20.0,41.75,1.0,343.25,0.0,0.0,76.5,975.0,NA
2026-02-28 17:00:00,48.0,178.0,5.75,88.75,52.0,46.25,35.75,0.0,5.5,0.0,2.0,NA,0.0,1.0,1.25,19.75,42.75,1.0,337.5,0.0,0.0,47.5,975.0,NA
2026-02-28 18:00:00,57.0,179.0,5.5,97.25,56.5,48.75,36.0,0.75,4.5,0.0,2.0,NA,0.0,0.5,0.25,18.75,46.75,0.5,316.75,0.0,0.0,14.25,975.5,NA
2026-02-28 19:00:00,100.0,260.0,9.75,106.25,64.75,45.0,36.25,1.0,4.5,0.75,3.75,NA,0.0,1.0,0.75,18.0,50.75,0.0,303.75,0.0,0.0,10.0,975.75,NA
2026-02-28 20:00:00,127.0,306.0,19.25,100.75,69.25,44.75,37.75,1.0,5.0,1.5,7.5,NA,0.0,2.0,1.0,17.25,58.0,0.0,288.0,0.0,0.0,10.0,976.0,NA
2026-02-28 21:00:00,114.0,355.0,35.75,87.75,76.0,38.75,38.75,1.0,4.0,1.25,26.75,NA,0.75,2.0,2.0,17.0,59.5,0.0,282.5,0.0,0.0,10.0,975.75,NA
2026-02-28 22:00:00,110.0,313.0,39.33,81.67,75.67,38.67,40.0,1.0,4.0,1.33,21.67,NA,1.0,2.0,1.67,16.67,60.67,0.0,277.67,0.0,0.0,10.0,975.67,NA
2026-02-28 23:00:00,108.0,256.0,32.0,80.25,68.75,40.5,38.75,1.0,4.0,1.0,8.25,NA,0.25,1.25,1.0,16.0,64.0,0.0,268.25,0.0,0.0,10.0,976.0,NA
2026-03-01 00:00:00,97.0,283.0,25.33,82.33,65.0,41.0,38.0,1.0,4.0,1.0,4.67,NA,0.0,1.0,1.0,16.0,66.0,0.0,262.0,0.0,0.0,10.0,976.0,NA
2026-03-01 01:00:00,111.0,283.0,24.75,75.75,60.25,39.0,38.75,1.0,3.0,1.75,4.5,NA,0.5,1.0,1.0,15.25,67.5,0.0,257.0,0.0,0.0,10.0,975.5,NA
2026-03-01 02:00:00,133.0,259.0,21.0,72.0,56.0,50.5,36.5,1.0,5.25,2.0,4.0,NA,1.0,1.5,1.25,15.0,68.0,0.0,252.25,0.0,0.0,10.0,975.25,NA
2026-03-01 03:00:00,143.0,249.0,14.75,79.5,54.5,55.0,36.75,1.0,3.25,2.0,3.75,NA,1.0,2.0,1.5,15.0,69.5,0.0,248.0,0.0,0.0,10.0,975.5,NA
2026-03-01 04:00:00,111.0,213.0,13.75,79.25,53.5,48.75,37.75,1.0,4.0,1.5,2.25,NA,0.0,1.0,0.75,15.0,70.5,0.25,243.75,0.0,0.0,9.75,976.0,NA
2026-03-01 05:00:00,112.0,213.0,14.5,84.0,56.75,48.0,37.75,1.0,4.0,1.0,2.25,NA,0.0,0.25,0.0,14.25,72.0,0.25,239.5,0.0,0.0,10.0,975.75,NA
2026-03-01 06:00:00,108.0,205.0,12.25,81.75,53.5,50.25,37.5,1.0,3.75,1.0,3.0,NA,0.0,0.0,0.0,14.0,73.5,0.0,238.0,0.0,0.0,10.0,975.5,NA
2026-03-01 07:00:00,112.0,204.0,16.75,82.75,57.5,50.25,37.75,1.0,3.75,1.0,2.5,NA,0.0,0.0,0.0,14.0,73.5,0.25,238.0,0.0,0.0,24.0,975.75,NA
2026-03-01 08:00:00,124.0,240.0,16.5,80.5,56.25,49.0,38.0,1.0,3.75,1.0,2.5,NA,0.0,0.0,0.0,14.75,70.0,0.25,245.75,0.0,0.0,48.0,976.0,NA
2026-03-01 09:00:00,128.0,252.0,11.75,81.5,52.5,48.0,37.5,1.0,4.25,1.0,2.0,NA,0.0,0.0,0.0,15.75,64.75,1.0,262.0,0.0,0.0,68.75,975.75,NA
2026-03-01 10:00:00,127.0,268.0,7.0,75.5,46.0,46.25,37.0,1.0,4.0,1.0,2.0,NA,0.0,0.0,0.0,16.75,58.0,1.0,281.5,0.0,0.0,128.5,975.25,NA
2026-03-01 11:00:00,102.0,233.0,5.0,72.5,43.0,44.25,36.5,1.0,3.25,1.0,2.0,NA,0.0,0.0,0.0,17.75,52.5,1.0,300.5,0.0,0.0,511.5,975.0,NA
2026-03-01 12:00:00,77.0,185.0,5.75,66.0,40.0,44.5,36.5,0.25,2.75,1.0,1.0,NA,0.0,0.0,0.0,19.5,44.0,1.0,331.5,0.0,0.0,539.5,975.0,NA
2026-03-01 13:00:00,51.0,166.0,2.25,66.0,37.5,41.25,35.5,0.0,2.75,0.25,1.0,NA,0.0,0.0,0.0,20.75,39.75,1.5,348.5,0.0,0.0,492.75,975.0,NA
2026-03-01 14:00:00,46.0,162.0,6.25,65.0,40.0,41.75,36.0,0.0,4.5,0.0,1.0,NA,0.0,0.0,0.0,21.0,37.5,1.5,354.75,0.0,0.0,248.5,975.0,NA
2026-03-01 15:00:00,36.0,179.0,4.0,67.0,39.5,42.5,35.0,0.0,5.75,0.0,1.0,NA,0.0,0.0,0.0,20.5,37.5,1.25,346.75,0.0,0.0,95.0,975.0,NA
2026-03-01 16:00:00,36.0,180.0,5.0,74.75,44.0,43.0,35.0,0.0,9.0,0.0,1.0,NA,0.0,0.0,0.0,20.0,38.25,1.5,336.25,0.0,0.0,81.25,975.0,NA
2026-03-01 17:00:00,41.0,175.0,3.75,81.25,46.5,42.25,35.0,0.25,7.5,0.0,1.0,NA,0.0,0.0,0.0,19.75,41.5,1.0,331.75,0.0,0.0,51.75,975.0,NA
2026-03-01 18:00:00,77.0,219.0,7.0,94.0,55.75,43.75,36.75,0.75,5.5,0.25,2.75,NA,0.0,0.0,0.0,18.25,47.75,0.5,308.25,0.0,0.0,14.5,975.5,NA
2026-03-01 19:00:00,91.0,291.0,9.0,104.75,63.0,44.0,36.75,1.0,4.5,1.0,4.75,NA,0.0,0.75,0.75,17.75,51.75,0.5,296.0,0.0,0.0,10.0,975.5,NA
2026-03-01 20:00:00,102.0,307.0,13.5,106.25,67.5,44.5,37.25,1.0,5.0,1.0,10.25,NA,0.5,1.5,1.0,17.0,56.5,0.0,287.25,0.0,0.0,10.0,976.0,NA
2026-03-01 21:00:00,119.0,310.0,10.25,91.0,57.0,46.0,37.5,1.0,4.5,1.0,11.75,NA,1.0,2.0,2.0,16.75,60.25,0.0,279.0,0.0,0.0,10.0,975.5,NA
2026-03-01 22:00:00,97.0,228.0,9.5,83.25,52.0,45.5,37.0,1.0,4.0,1.0,7.25,NA,1.0,1.75,1.0,16.0,63.0,0.25,271.0,0.0,0.0,10.0,975.75,NA
2026-03-01 23:00:00,97.0,211.0,9.0,82.25,50.75,44.0,36.75,0.75,3.5,1.0,3.25,NA,0.75,1.0,1.0,16.0,64.25,0.0,263.25,0.0,0.0,10.0,975.75,NA
2026-03-02 00:00:00,89.0,191.0,13.25,87.25,57.5,42.0,36.75,0.0,3.0,1.0,2.75,NA,0.25,1.0,1.0,16.0,63.25,0.5,260.5,0.0,0.0,10.0,975.75,NA
2026-03-02 01:00:00,103.0,210.0,13.75,82.25,55.0,46.25,37.0,0.0,4.0,1.0,2.0,NA,0.0,0.5,0.5,15.25,65.0,0.0,255.5,0.0,0.0,10.0,975.25,NA
2026-03-02 02:00:00,100.0,199.0,10.5,79.5,51.0,54.0,35.5,0.0,5.0,1.0,2.0,NA,0.0,0.0,0.0,15.0,67.5,0.0,246.75,0.0,0.0,9.75,975.5,NA
2026-03-02 03:00:00,95.0,188.0,11.0,82.25,52.75,53.75,35.25,0.0,3.75,1.0,1.75,NA,0.0,0.25,0.0,15.0,69.0,0.0,242.5,0.0,0.0,10.0,976.0,NA
2026-03-02 04:00:00,110.0,193.0,13.5,81.75,54.5,48.0,36.0,0.0,3.5,1.0,1.0,NA,0.0,0.0,0.0,14.0,70.0,0.0,239.75,0.0,0.0,10.0,976.0,NA
2026-03-02 05:00:00,107.0,202.0,11.75,78.25,51.0,47.75,36.25,0.25,3.25,1.0,1.75,NA,0.0,0.0,0.0,14.0,69.75,0.5,238.25,0.0,0.0,10.0,975.75,NA
2026-03-02 06:00:00,101.0,196.0,11.0,78.75,50.75,52.5,36.5,1.0,4.0,1.25,1.25,NA,0.0,0.0,0.0,14.0,71.0,0.5,236.0,0.0,0.0,10.25,976.0,NA
2026-03-02 07:00:00,117.0,226.0,13.25,79.25,53.5,50.5,36.5,1.0,3.5,1.0,1.25,NA,0.0,0.0,0.0,14.0,71.75,0.5,234.5,0.0,0.0,25.0,976.0,NA
2026-03-02 08:00:00,129.0,246.0,11.5,84.75,54.25,52.0,37.0,1.0,4.0,1.0,2.0,NA,0.0,0.0,0.0,14.75,68.5,1.0,244.5,0.0,0.0,50.5,975.75,NA
2026-03-02 09:00:00,132.0,274.0,10.0,85.25,53.5,52.0,37.0,1.0,4.0,1.0,1.75,NA,0.0,0.0,0.0,15.5,64.0,1.0,260.75,0.0,0.0,74.0,975.5,NA
2026-03-02 10:00:00,136.0,285.0,4.5,80.0,46.5,47.25,35.75,1.0,4.5,1.0,1.0,NA,0.0,0.0,0.0,16.75,58.5,1.0,281.75,0.0,0.0,157.0,975.5,NA
2026-03-02 11:00:00,110.0,245.0,4.25,71.0,41.25,44.75,36.0,1.0,4.75,1.0,1.0,NA,0.0,0.0,0.0,18.25,54.0,1.25,303.75,0.0,0.0,503.25,975.0,NA
2026-03-02 12:00:00,83.0,229.0,5.25,60.5,36.5,42.25,36.0,0.5,3.0,0.75,1.75,NA,0.0,0.0,0.0,19.75,46.5,2.0,332.5,0.0,0.0,523.75,975.0,NA
2026-03-02 13:00:00,75.0,228.0,3.75,58.25,34.5,41.0,35.0,0.0,4.0,0.0,2.0,NA,0.0,0.0,0.0,20.75,41.5,2.0,350.25,0.0,0.0,489.75,975.0,NA
2026-03-02 14:00:00,64.0,241.0,2.67,61.33,35.0,42.67,35.33,0.0,4.33,0.0,1.67,NA,0.0,0.0,0.0,21.0,41.67,1.67,353.0,0.0,0.0,284.0,975.0,NA
2026-03-02 15:00:00,61.0,216.0,2.33,56.0,32.0,42.67,34.67,0.0,5.0,0.0,1.33,NA,0.0,0.0,0.0,20.33,43.0,2.0,342.67,0.0,0.0,107.33,975.0,NA
2026-03-02 16:00:00,58.0,218.0,5.5,60.0,36.25,39.25,35.0,0.0,5.25,0.0,1.25,NA,0.0,0.0,0.0,20.0,44.5,1.5,333.5,0.0,0.0,91.75,975.0,NA
2026-03-02 17:00:00,58.0,197.0,5.5,67.25,40.75,44.75,35.25,0.25,5.5,0.0,2.0,NA,0.0,0.0,0.0,19.5,46.5,1.0,329.25,0.0,0.0,50.5,975.75,NA
2026-03-02 18:00:00,73.0,222.0,6.0,71.0,43.0,61.5,39.5,1.0,2.0,0.0,2.5,NA,0.0,0.0,0.25,18.25,54.25,0.25,308.0,0.0,0.0,14.5,976.75,NA
2026-03-02 19:00:00,96.0,249.0,4.25,62.25,37.25,61.25,50.0,1.0,21.33,1.0,4.0,NA,0.0,1.0,1.0,17.5,60.0,0.25,294.25,0.0,0.0,10.0,976.75,NA
2026-03-02 20:00:00,124.0,277.0,4.0,64.75,38.25,56.0,49.75,1.0,15.5,2.0,4.0,NA,0.0,1.0,1.0,18.75,63.0,0.5,285.5,0.0,0.0,10.0,976.0,NA
2026-03-02 21:00:00,128.0,269.0,6.75,66.25,41.0,53.5,49.25,1.0,13.0,1.75,4.5,NA,0.25,1.25,1.25,21.75,63.5,0.5,279.25,0.0,0.0,10.0,976.0,NA
2026-03-02 22:00:00,129.0,255.0,6.25,68.5,41.75,51.5,47.5,1.0,13.5,1.0,4.0,NA,0.5,1.5,1.5,21.0,64.75,1.0,273.0,0.0,0.0,9.75,976.0,NA
2026-03-02 23:00:00,145.0,268.0,9.75,74.75,48.0,48.5,47.25,1.0,11.0,1.0,4.0,NA,0.0,1.0,1.0,21.0,64.0,0.5,268.75,0.0,0.0,9.75,976.0,NA
2026-03-03 00:00:00,144.0,263.0,12.75,78.75,52.5,50.5,47.0,1.25,8.5,1.0,4.5,NA,0.25,1.0,1.0,20.75,65.25,0.25,261.75,0.0,0.0,10.0,976.25,NA
2026-03-03 01:00:00,200.0,282.0,7.5,58.75,37.5,56.5,46.0,1.0,12.0,1.0,4.5,NA,1.0,1.5,1.0,20.0,64.75,0.25,256.5,0.0,0.0,10.0,976.0,NA
2026-03-03 02:00:00,105.0,180.0,6.5,47.5,30.5,62.0,42.5,1.0,26.5,1.0,1.75,NA,0.0,1.0,1.0,20.0,63.25,0.75,255.25,0.0,0.0,10.0,976.5,NA
2026-03-03 03:00:00,91.0,160.0,5.25,54.5,34.0,62.5,39.5,1.0,24.25,1.0,1.0,NA,0.0,0.0,0.0,20.0,65.25,0.0,247.25,0.0,0.0,9.75,977.0,NA
2026-03-03 04:00:00,96.0,166.0,7.0,53.75,35.0,59.25,40.0,1.0,22.0,1.0,1.0,NA,0.0,0.0,0.0,19.0,67.5,0.0,240.0,0.0,0.0,9.75,977.0,NA
2026-03-03 05:00:00,123.0,184.0,6.75,51.0,32.5,62.25,40.75,1.0,20.25,1.0,1.0,NA,0.0,0.0,0.0,19.0,69.0,0.5,236.0,0.0,0.0,9.75,976.75,NA
2026-03-03 06:00:00,128.0,199.0,7.0,54.75,34.75,63.25,39.25,1.0,16.75,1.0,1.25,NA,0.0,0.0,0.0,19.0,70.0,0.5,235.0,0.0,0.0,10.25,976.75,NA
2026-03-03 07:00:00,139.0,218.0,9.75,53.75,36.75,63.5,39.25,1.0,12.25,1.0,1.75,NA,0.0,0.0,0.0,19.0,72.75,1.0,230.25,0.0,0.0,24.75,977.0,NA
2026-03-03 08:00:00,141.0,250.0,9.5,52.75,35.75,66.25,39.5,1.0,21.0,1.0,1.0,NA,0.0,0.0,0.0,19.25,69.25,1.0,239.5,0.0,0.0,49.5,977.0,NA
2026-03-03 09:00:00,123.0,246.0,7.0,51.25,33.25,67.0,41.25,1.0,34.25,1.0,1.0,NA,0.0,0.0,0.0,20.25,64.0,1.25,256.5,0.0,0.0,65.75,977.0,NA
2026-03-03 10:00:00,113.0,224.0,4.0,49.5,29.75,64.5,43.0,1.0,43.0,1.0,1.0,NA,0.0,0.0,0.0,21.75,56.75,1.25,281.75,0.0,0.0,171.5,976.75,NA
2026-03-03 11:00:00,95.0,218.0,5.5,41.5,27.0,63.5,43.5,1.0,58.5,0.75,1.0,NA,0.0,0.0,0.0,23.5,50.0,2.0,308.5,0.0,0.0,558.25,976.0,NA
2026-03-03 12:00:00,68.0,213.0,3.75,37.25,23.0,71.25,30.0,0.0,65.0,0.0,1.0,NA,0.0,0.0,0.0,24.75,45.25,2.0,333.75,0.0,0.0,571.75,976.25,NA
2026-03-03 13:00:00,62.0,240.0,4.5,34.5,22.25,65.0,38.5,0.0,72.0,0.0,1.0,NA,0.0,0.0,0.0,26.0,43.0,2.0,350.0,0.0,0.0,520.75,977.0,NA
2026-03-03 14:00:00,59.0,293.0,2.75,35.75,21.5,60.5,44.25,0.0,82.25,0.0,0.75,NA,0.0,0.0,0.0,26.25,39.75,2.0,357.0,0.0,0.0,218.25,977.0,NA
2026-03-03 15:00:00,48.0,255.0,3.0,33.0,19.75,60.5,34.75,0.0,90.75,0.0,1.0,NA,0.0,0.0,0.0,26.0,37.5,2.0,354.25,0.0,0.0,98.5,977.0,NA
2026-03-03 16:00:00,35.0,216.0,1.75,34.0,19.5,58.0,31.75,0.0,91.5,0.0,0.75,NA,0.0,0.0,0.0,25.5,38.75,2.0,344.25,0.0,0.0,89.25,977.0,NA
2026-03-03 17:00:00,45.0,171.0,2.75,36.0,21.25,58.0,30.25,0.0,81.75,0.0,0.0,NA,0.0,0.0,0.0,25.0,41.75,1.5,340.5,0.0,0.0,51.25,977.0,NA
2026-03-03 18:00:00,47.0,150.0,4.25,44.5,27.0,57.5,31.25,0.75,59.25,0.0,1.25,NA,0.0,0.0,0.0,23.75,47.75,0.25,315.75,0.0,0.0,14.75,977.0,NA
2026-03-03 19:00:00,53.0,171.0,5.5,60.0,36.75,54.0,36.5,1.0,33.0,1.0,1.5,NA,0.0,0.0,0.25,23.0,54.5,0.0,300.0,0.0,0.0,10.0,977.0,NA
2026-03-03 20:00:00,78.0,223.0,4.25,67.0,39.5,55.0,34.0,1.0,23.5,1.0,2.25,NA,1.0,0.75,1.0,22.25,55.5,0.0,293.0,0.0,0.0,10.0,977.0,NA
2026-03-03 21:00:00,91.0,213.0,4.75,57.25,34.75,59.75,35.0,1.0,32.0,1.0,2.0,NA,0.5,0.25,0.75,22.0,55.5,0.0,289.75,0.0,0.0,10.0,977.0,NA
2026-03-03 22:00:00,78.0,174.0,5.75,54.5,33.75,59.0,36.25,1.0,31.5,1.0,1.25,NA,0.0,0.0,0.0,22.0,56.0,0.0,283.75,0.0,0.0,10.0,977.0,NA
2026-03-03 23:00:00,69.0,178.0,3.25,56.75,33.5,58.5,33.25,1.0,29.75,1.0,1.25,NA,0.0,0.0,0.25,21.75,56.75,0.25,278.0,0.0,0.0,10.0,977.0,NA
2026-03-04 00:00:00,73.0,153.0,5.75,51.5,32.0,63.0,33.5,1.0,28.25,1.0,1.0,NA,0.25,0.75,0.75,21.0,60.5,0.0,267.5,0.0,0.0,10.0,977.0,NA
2026-03-04 01:00:00,89.0,151.0,3.75,47.0,28.25,66.0,33.75,1.0,28.0,1.0,1.0,NA,0.0,0.0,0.0,21.0,63.0,0.0,263.0,0.0,0.0,10.0,977.0,NA
2026-03-04 02:00:00,90.0,164.0,6.0,49.5,32.0,64.5,30.5,1.0,18.75,1.0,1.25,NA,0.0,0.0,0.0,20.25,65.25,0.0,258.0,0.0,0.0,10.0,977.0,NA
2026-03-04 03:00:00,101.0,182.0,4.5,49.75,30.25,68.75,30.5,1.0,21.5,1.0,1.75,NA,0.0,0.0,0.0,20.0,67.0,0.0,254.25,0.0,0.0,10.0,977.0,NA
2026-03-04 04:00:00,103.0,172.0,5.25,44.25,28.0,65.25,31.0,1.0,22.5,1.0,1.0,NA,0.0,0.0,0.0,20.0,68.0,0.0,250.5,0.0,0.0,10.0,977.0,NA
2026-03-04 05:00:00,108.0,173.0,6.5,46.0,29.75,60.0,31.0,1.0,17.25,1.0,1.0,NA,0.0,0.0,0.0,20.0,68.5,0.0,245.25,0.0,0.0,9.75,977.0,NA
2026-03-04 06:00:00,116.0,183.0,6.0,46.75,29.75,65.75,31.25,1.0,21.25,1.0,1.75,NA,0.0,0.0,0.0,20.0,68.25,0.75,245.0,0.0,0.0,10.25,977.0,NA
2026-03-04 07:00:00,102.0,179.0,6.5,45.5,29.5,62.25,31.25,1.0,18.75,1.0,2.0,NA,0.0,0.0,0.0,19.0,70.0,0.75,241.0,0.0,0.0,26.0,977.0,NA
2026-03-04 08:00:00,111.0,206.0,6.5,39.0,26.25,66.0,32.5,1.0,32.25,1.0,0.75,NA,0.0,0.0,0.0,20.25,65.5,0.5,254.25,0.0,0.0,49.75,977.0,NA
2026-03-04 09:00:00,108.0,206.0,6.0,44.75,28.5,64.25,34.25,1.0,45.75,1.0,0.5,NA,0.0,0.0,0.0,21.5,60.25,1.0,275.0,0.0,0.0,70.0,977.0,NA
2026-03-04 10:00:00,123.0,213.0,3.75,42.25,25.25,62.0,35.0,1.0,59.5,0.5,0.0,NA,0.0,0.0,0.0,22.75,55.25,1.0,300.5,0.0,0.0,196.5,977.0,NA
2026-03-04 11:00:00,92.0,207.0,4.75,36.25,23.5,61.75,35.0,0.75,69.75,0.0,0.0,NA,0.0,0.0,0.0,24.25,50.5,1.75,320.75,0.0,0.0,550.25,977.0,NA
2026-03-04 12:00:00,73.0,175.0,3.75,35.5,22.0,58.25,37.0,1.0,77.5,0.0,0.0,NA,0.0,0.0,0.0,25.75,45.75,1.0,350.0,0.0,0.0,563.0,977.0,NA
2026-03-04 13:00:00,73.0,161.0,4.0,36.75,23.0,58.25,37.75,0.25,81.5,0.0,0.0,NA,0.0,0.0,0.0,27.0,44.0,1.25,NA,0.0,0.0,516.25,977.0,NA
2026-03-04 14:00:00,55.0,144.0,4.25,30.0,19.5,56.75,33.25,0.0,80.5,0.0,0.0,NA,0.0,0.0,0.0,27.0,42.5,1.25,NA,0.0,0.0,227.75,976.75,NA
2026-03-04 15:00:00,52.0,122.0,3.25,30.0,19.0,55.75,31.25,0.0,77.0,0.0,0.0,NA,0.0,0.0,0.0,27.0,42.25,1.25,NA,0.0,0.0,102.5,977.0,NA
2026-03-04 16:00:00,35.0,122.0,2.75,29.5,18.0,54.25,32.0,0.0,74.0,0.0,0.0,NA,0.0,0.0,0.0,26.0,45.75,1.5,352.75,0.0,0.0,93.0,976.75,NA
2026-03-04 17:00:00,42.0,138.0,3.0,28.5,18.0,52.25,32.25,0.0,62.5,0.0,0.0,NA,0.0,0.0,0.0,26.0,48.25,1.5,350.0,0.0,0.0,51.75,976.25,NA
2026-03-04 18:00:00,47.0,139.0,5.0,34.25,22.75,49.0,31.25,0.0,49.75,0.0,0.0,NA,0.0,0.0,0.0,24.5,52.0,1.0,330.0,0.0,0.0,14.75,976.75,NA
2026-03-04 19:00:00,59.0,150.0,4.0,35.0,22.0,48.5,31.5,0.5,34.0,0.0,0.0,NA,0.0,0.0,0.0,23.75,58.0,0.0,313.5,0.0,0.0,9.75,977.0,NA
2026-03-04 20:00:00,69.0,160.0,6.0,40.0,26.25,48.75,31.5,1.0,20.0,0.0,1.0,NA,0.0,0.0,0.0,23.0,61.75,0.0,304.0,0.0,0.0,9.75,977.0,NA
2026-03-04 21:00:00,77.0,164.0,4.0,37.25,23.25,49.75,31.25,0.75,20.75,0.5,1.0,NA,0.0,0.0,0.0,23.0,61.5,0.0,299.0,0.0,0.0,10.0,977.0,NA
2026-03-04 22:00:00,68.0,136.0,4.25,32.0,20.5,50.75,29.75,0.0,23.0,0.0,0.5,NA,0.0,0.0,0.0,22.5,61.5,0.0,292.75,0.0,0.0,10.0,977.0,NA
2026-03-04 23:00:00,51.0,123.0,4.75,33.25,21.5,48.5,29.25,0.0,22.0,0.0,0.0,NA,0.0,0.0,0.0,22.0,62.75,0.5,288.5,0.0,0.0,10.0,977.0,NA
2026-03-05 00:00:00,62.0,127.0,6.0,33.75,23.0,47.5,29.25,0.0,16.75,0.0,1.0,NA,0.0,0.0,0.0,22.0,65.25,0.25,282.25,0.0,0.0,10.0,977.0,NA
2026-03-05 01:00:00,59.0,119.0,6.25,26.25,19.25,44.75,29.0,0.0,18.0,0.0,0.5,NA,0.0,0.0,0.0,21.75,67.25,0.25,279.5,0.0,0.0,10.0,976.5,NA
2026-03-05 02:00:00,58.0,114.0,7.0,28.0,20.5,45.5,28.5,0.0,15.75,0.0,0.5,NA,0.0,0.0,0.0,21.0,70.25,0.0,267.75,0.0,0.0,10.0,976.75,NA
2026-03-05 03:00:00,70.0,123.0,5.25,29.0,20.0,54.0,28.25,0.0,15.25,0.0,0.0,NA,0.0,0.0,0.0,21.0,72.0,0.75,264.0,0.0,0.0,10.0,977.0,NA
2026-03-05 04:00:00,74.0,122.0,5.0,25.75,18.0,51.0,28.5,0.0,18.25,0.0,0.0,NA,0.0,0.0,0.0,21.0,72.25,0.75,262.25,0.0,0.0,10.0,977.0,NA
2026-03-05 05:00:00,66.0,129.0,5.25,27.5,19.0,47.75,28.0,0.0,18.25,0.0,0.0,NA,0.0,0.0,0.0,20.75,73.0,1.0,260.5,0.0,0.0,10.0,977.0,NA
2026-03-05 06:00:00,63.0,134.0,6.0,28.25,20.25,43.25,28.5,0.0,15.25,0.0,0.0,NA,0.0,0.0,0.0,20.0,73.75,1.0,257.5,0.0,0.0,10.25,977.0,NA
2026-03-05 07:00:00,70.0,144.0,7.75,35.5,25.0,44.75,28.25,0.0,12.0,0.0,0.0,NA,0.0,0.0,0.0,20.0,73.5,1.0,256.0,0.0,0.0,25.25,977.0,NA
2026-03-05 08:00:00,79.0,166.0,7.5,35.75,25.75,44.5,29.75,0.0,17.0,0.25,0.0,NA,0.0,0.0,0.0,21.0,69.25,0.75,268.0,0.0,0.0,47.0,977.0,NA
2026-03-05 09:00:00,83.0,186.0,6.0,32.5,22.0,46.75,31.25,0.0,28.0,0.25,0.0,NA,0.0,0.0,0.0,22.25,64.0,1.0,286.5,0.0,0.0,67.25,977.0,NA
2026-03-05 10:00:00,89.0,200.0,3.25,36.0,22.0,44.5,34.0,0.25,37.75,0.25,0.0,NA,0.0,0.0,0.0,23.5,59.25,1.0,311.5,0.0,0.0,212.5,977.0,NA
2026-03-05 11:00:00,86.0,226.0,4.25,32.25,21.0,42.25,39.0,0.0,45.75,0.0,0.75,NA,0.0,0.0,0.0,25.0,53.0,1.25,334.5,0.0,0.0,540.0,976.75,NA
2026-03-05 12:00:00,78.0,202.0,2.5,29.5,17.5,40.75,39.5,0.0,56.5,0.0,0.0,NA,0.0,0.0,0.0,26.5,46.25,1.0,356.5,0.0,0.0,569.0,976.25,NA
2026-03-05 13:00:00,63.0,184.0,4.5,26.75,18.0,39.5,36.75,0.0,61.0,0.0,1.0,NA,0.0,0.0,0.0,28.0,41.25,1.75,NA,0.0,0.0,529.25,976.5,NA
2026-03-05 14:00:00,56.0,191.0,3.0,27.0,17.25,39.25,33.25,0.0,65.75,0.0,0.5,NA,0.0,0.0,0.0,28.0,39.75,2.0,NA,0.0,0.0,213.0,976.25,NA
2026-03-05 15:00:00,40.0,201.0,4.25,29.0,18.75,38.5,34.75,0.0,71.5,0.0,0.75,NA,0.0,0.0,0.0,27.0,42.5,2.25,NA,0.0,0.0,111.75,976.75,NA
2026-03-05 16:00:00,52.0,228.0,3.67,28.0,18.0,41.0,35.0,0.0,69.0,0.0,0.67,NA,0.0,0.0,0.0,27.0,46.0,1.67,NA,0.0,0.0,91.0,976.67,NA
2026-03-05 17:00:00,57.0,184.0,3.0,28.0,17.5,41.75,34.0,0.0,61.5,0.0,0.75,NA,0.0,0.0,0.0,26.75,46.5,1.0,357.0,0.0,0.0,52.5,977.0,NA
2026-03-05 18:00:00,59.0,173.0,5.0,36.75,23.5,43.75,32.75,0.5,42.0,0.0,2.25,NA,0.0,0.25,0.0,25.25,52.25,0.75,339.75,0.0,0.0,15.25,977.0,NA
2026-03-05 19:00:00,69.0,189.0,4.5,48.5,29.75,42.5,33.0,1.0,23.5,0.25,4.25,NA,0.25,1.75,1.0,24.0,58.0,0.0,322.25,0.0,0.0,10.0,977.0,NA
2026-03-05 20:00:00,81.0,215.0,4.25,44.0,27.5,40.0,38.0,1.0,17.75,1.0,2.75,NA,0.25,0.0,1.0,24.0,60.75,0.0,314.75,0.0,0.0,10.0,977.0,NA
2026-03-05 21:00:00,89.0,189.0,5.75,37.25,25.0,39.75,37.75,1.0,19.75,0.25,1.25,NA,0.0,0.0,0.25,23.5,59.75,0.25,311.75,0.0,0.0,10.0,977.0,NA
2026-03-05 22:00:00,64.0,163.0,2.0,40.25,23.5,38.25,35.25,1.0,19.0,0.0,1.25,NA,0.0,0.0,0.0,23.0,59.5,0.25,306.0,0.0,0.0,10.0,977.0,NA
2026-03-05 23:00:00,68.0,194.0,8.25,46.25,31.5,34.75,32.25,0.0,13.0,0.0,1.75,NA,0.0,0.0,0.0,23.0,59.75,0.0,300.25,0.0,0.0,10.0,977.0,NA
2026-03-06 00:00:00,80.0,245.0,7.75,50.5,33.0,35.0,30.5,0.0,11.0,0.0,3.5,NA,0.0,0.0,0.0,22.25,62.75,0.0,290.75,0.0,0.0,10.0,977.0,NA
2026-03-06 01:00:00,52.0,139.0,8.75,43.0,30.0,32.0,29.0,0.25,9.0,0.0,1.25,NA,0.0,0.0,0.0,21.5,68.75,0.0,276.5,0.0,0.0,10.0,977.0,NA
2026-03-06 02:00:00,66.0,135.0,12.0,40.5,31.5,34.5,28.5,0.5,7.75,0.5,1.75,NA,0.0,0.0,0.0,21.0,72.0,0.0,269.0,0.0,0.0,10.0,977.0,NA
2026-03-06 03:00:00,69.0,155.0,9.0,39.25,28.75,39.5,29.5,0.75,6.0,1.0,1.5,NA,0.0,0.0,0.0,21.0,73.0,0.0,266.25,0.0,0.0,9.75,977.0,NA
2026-03-06 04:00:00,81.0,140.0,11.25,45.0,33.0,35.75,30.75,0.75,4.25,1.0,1.0,NA,0.0,0.0,0.0,21.0,72.75,0.0,266.0,0.0,0.0,10.0,977.0,NA
2026-03-06 05:00:00,83.0,152.0,14.75,42.25,34.75,35.5,31.0,1.0,4.25,1.0,2.0,NA,0.0,0.0,0.0,20.75,73.5,0.0,262.75,0.0,0.0,10.0,977.0,NA
2026-03-06 06:00:00,119.0,180.0,20.0,40.0,37.75,32.5,33.25,1.0,3.25,2.0,2.5,NA,0.0,0.0,0.0,20.0,74.75,0.0,256.25,0.0,0.0,10.25,977.0,NA
2026-03-06 07:00:00,124.0,248.0,19.5,43.25,39.5,37.5,34.25,1.0,4.25,1.5,2.5,NA,0.0,0.0,0.0,20.25,71.75,0.0,258.25,0.0,0.0,27.75,977.0,NA
2026-03-06 08:00:00,138.0,298.0,16.25,49.5,40.0,34.5,38.0,1.0,8.0,1.75,2.0,NA,0.0,0.0,0.0,21.0,67.5,0.25,270.5,0.0,0.0,59.25,977.0,NA
2026-03-06 09:00:00,129.0,278.0,12.75,46.5,35.25,38.75,38.25,1.0,16.75,1.0,2.0,NA,0.0,0.0,0.0,22.25,63.5,0.5,287.75,0.0,0.0,84.5,977.0,NA
2026-03-06 10:00:00,123.0,311.0,6.25,44.25,29.0,38.25,39.0,1.0,31.5,1.0,2.25,NA,0.0,0.5,0.5,23.25,60.25,0.75,308.0,0.0,0.0,226.0,976.75,NA
2026-03-06 11:00:00,130.0,322.0,4.5,40.0,25.25,37.5,41.25,1.0,46.5,1.0,2.25,NA,0.0,0.0,0.0,24.5,56.0,0.25,331.25,0.0,0.0,490.75,976.5,NA
2026-03-06 12:00:00,124.0,295.0,3.0,37.75,22.75,36.25,44.25,1.0,70.25,1.0,2.5,NA,0.0,0.0,0.0,26.5,50.0,0.0,356.0,0.0,0.0,501.5,977.0,NA
2026-03-06 13:00:00,112.0,324.0,2.5,32.25,19.5,38.0,48.0,1.0,76.75,0.75,2.0,NA,0.0,0.0,0.0,27.75,45.25,0.75,NA,0.0,0.0,478.0,977.0,NA
2026-03-06 14:00:00,97.0,423.0,3.0,29.0,17.75,36.25,47.25,0.0,88.0,0.75,2.0,NA,0.0,0.0,0.0,28.0,41.0,1.25,NA,0.0,0.0,221.0,977.0,NA
2026-03-06 15:00:00,73.0,193.0,3.0,33.25,20.25,39.5,44.0,0.0,84.75,0.0,7.0,NA,0.0,0.75,0.25,28.0,43.0,1.0,NA,0.0,0.0,106.0,977.0,NA
2026-03-06 16:00:00,75.0,184.0,4.25,32.25,20.5,49.0,38.75,0.0,77.25,0.0,11.25,NA,0.0,2.5,1.0,27.0,43.5,1.0,NA,0.0,0.0,90.0,977.0,NA
2026-03-06 17:00:00,59.0,180.0,4.0,39.0,24.0,39.75,37.25,0.0,69.5,0.0,3.25,NA,2.5,6.0,5.5,27.0,43.0,0.5,NA,0.0,0.0,52.5,977.0,NA
2026-03-06 18:00:00,68.0,208.0,4.25,57.25,34.0,32.0,36.75,1.0,35.5,0.5,6.75,NA,3.25,4.5,4.5,25.5,50.5,0.0,343.25,0.0,0.0,15.25,977.0,NA
2026-03-06 19:00:00,91.0,311.0,14.33,79.33,54.33,15.0,37.0,1.0,8.0,1.33,18.33,NA,5.67,5.67,7.0,24.33,57.33,0.0,321.33,0.0,0.0,9.67,977.0,NA
2026-03-06 20:00:00,183.0,401.0,26.75,70.5,59.75,21.5,37.75,2.0,5.0,1.0,20.25,NA,3.25,5.0,3.75,23.0,64.5,0.0,301.5,0.0,0.0,10.0,977.0,NA
2026-03-06 21:00:00,141.0,312.0,22.5,67.5,54.25,24.5,36.0,1.75,4.5,1.0,13.0,NA,2.75,4.75,3.75,22.75,68.0,0.0,294.5,0.0,0.0,10.0,977.0,NA
2026-03-06 22:00:00,110.0,257.0,46.75,65.5,72.75,13.75,36.0,2.0,5.25,1.5,27.75,NA,1.25,3.25,3.0,22.0,71.25,0.0,290.0,0.0,0.0,9.75,977.0,NA
2026-03-06 23:00:00,145.0,318.0,37.25,55.75,60.75,23.75,36.0,1.75,4.75,2.25,27.25,NA,3.0,5.0,4.0,22.0,74.75,0.0,287.0,0.0,0.0,10.0,977.0,NA
2026-03-07 00:00:00,140.0,285.0,18.0,55.33,44.33,34.33,35.33,1.0,4.33,1.67,14.67,NA,1.0,2.33,1.67,22.0,75.0,0.0,285.67,0.0,0.0,10.0,977.0,NA
2026-03-07 01:00:00,164.0,311.0,27.25,54.75,51.5,25.0,35.0,1.0,4.0,2.0,7.25,NA,0.25,1.0,1.0,22.0,75.75,0.0,281.25,0.0,0.0,10.0,977.0,NA
2026-03-07 02:00:00,196.0,344.0,31.5,53.5,54.5,23.5,33.5,1.0,7.25,2.75,4.25,NA,0.0,1.0,1.0,21.25,78.0,0.0,275.75,0.0,0.0,9.75,977.0,NA
2026-03-07 03:00:00,222.0,345.0,32.5,54.5,55.75,31.5,34.0,1.0,6.5,3.0,6.5,NA,0.75,1.0,1.0,21.0,81.25,0.0,273.0,0.0,0.0,10.0,977.0,NA
2026-03-07 04:00:00,191.0,305.0,20.75,53.75,46.0,30.75,35.0,1.0,4.75,2.25,4.75,NA,0.0,1.0,1.0,21.0,82.75,0.0,272.5,0.0,0.0,10.0,977.0,NA
2026-03-07 05:00:00,201.0,294.0,18.75,52.5,43.25,29.5,34.75,1.0,5.0,2.0,4.0,NA,0.0,1.0,1.0,21.0,84.75,0.0,269.0,0.0,0.0,10.0,977.0,NA
2026-03-07 06:00:00,193.0,304.0,11.5,52.25,37.5,28.25,34.0,1.0,4.5,2.0,3.0,NA,0.0,0.25,0.25,21.0,86.0,0.0,267.5,0.0,0.0,10.25,977.0,NA
2026-03-07 07:00:00,175.0,267.0,11.0,45.75,33.25,29.75,33.5,1.0,5.25,1.25,2.25,NA,0.0,0.0,0.0,21.0,86.75,0.0,268.5,0.0,0.0,29.25,977.0,NA
2026-03-07 08:00:00,185.0,287.0,11.0,49.75,35.25,27.25,33.5,1.0,6.25,1.5,2.0,NA,0.0,0.0,0.0,21.75,83.0,0.0,281.0,0.0,0.0,69.75,977.0,NA
2026-03-07 09:00:00,219.0,345.0,8.25,55.0,36.25,29.0,35.75,2.0,10.0,2.0,2.25,NA,0.0,0.0,0.25,22.75,75.25,0.0,301.75,0.0,0.0,103.5,977.0,NA
2026-03-07 10:00:00,212.0,360.0,5.75,42.25,27.25,32.75,41.0,1.0,15.5,1.25,2.5,NA,0.0,0.5,0.75,24.5,64.25,0.0,326.75,0.0,0.0,246.75,977.5,NA
2026-03-07 11:00:00,175.0,360.0,4.0,38.75,24.25,32.0,43.25,1.0,19.5,1.0,2.0,NA,0.0,0.0,0.25,26.0,54.75,0.0,347.0,0.0,0.0,470.75,977.5,NA
2026-03-07 12:00:00,140.0,257.0,3.5,33.0,20.5,34.25,40.25,1.0,41.75,0.75,2.0,NA,0.0,0.0,0.0,27.75,42.5,0.0,NA,0.0,0.0,533.25,977.0,NA
2026-03-07 13:00:00,89.0,197.0,3.0,31.5,19.25,31.5,38.25,0.25,76.5,0.5,2.0,NA,0.0,0.0,0.0,29.0,35.75,0.25,NA,0.0,0.0,492.75,977.0,NA
2026-03-07 14:00:00,61.0,173.0,3.25,26.25,16.75,32.75,36.0,0.0,81.75,0.0,1.25,NA,0.0,0.0,0.0,29.0,35.5,0.75,NA,0.0,0.0,236.5,977.0,NA
2026-03-07 15:00:00,59.0,136.0,3.25,28.0,17.5,34.5,34.75,0.0,84.0,0.0,1.25,NA,0.0,0.0,0.0,28.25,35.25,1.0,NA,0.0,0.0,97.25,977.0,NA
2026-03-07 16:00:00,47.0,132.0,3.0,34.75,21.25,35.25,35.75,0.0,79.75,0.0,1.0,NA,0.0,0.0,0.0,28.0,38.0,0.75,NA,0.0,0.0,92.0,976.5,NA
2026-03-07 17:00:00,56.0,147.0,3.75,40.25,24.25,32.5,35.0,0.0,69.25,0.0,1.5,NA,0.0,0.0,0.0,27.75,38.0,0.25,NA,0.0,0.0,50.0,976.25,NA
2026-03-07 18:00:00,59.0,182.0,6.0,60.75,37.25,25.25,36.5,1.25,29.25,0.75,2.5,NA,0.25,1.0,0.75,25.75,45.0,0.0,341.67,0.0,0.0,15.5,976.75,NA
2026-03-07 19:00:00,97.0,278.0,9.75,75.75,48.0,17.5,36.5,1.25,7.0,1.0,6.0,NA,1.75,2.0,2.5,24.0,53.5,0.0,315.75,0.0,0.0,10.0,977.0,NA
2026-03-07 20:00:00,117.0,357.0,29.25,78.75,66.0,12.0,36.25,2.0,4.25,1.25,9.5,NA,1.5,3.25,3.0,23.0,58.25,0.0,303.0,0.0,0.0,10.0,976.75,NA
2026-03-07 21:00:00,156.0,437.0,48.5,79.5,81.75,14.25,37.0,2.0,3.75,1.75,17.0,NA,4.0,5.5,4.0,22.5,60.75,0.0,294.75,0.0,0.0,10.0,977.0,NA
2026-03-07 22:00:00,147.0,384.0,40.75,66.25,68.5,25.5,36.25,2.0,4.25,1.5,15.0,NA,3.5,3.75,3.0,22.0,63.75,0.0,288.25,0.0,0.0,10.0,977.0,NA
2026-03-07 23:00:00,182.0,372.0,52.25,68.25,78.75,21.0,37.0,1.75,3.25,2.25,27.25,NA,4.5,4.5,3.5,22.0,65.0,0.0,284.0,0.0,0.0,10.0,977.0,NA
2026-03-08 00:00:00,125.0,289.0,55.75,64.75,80.0,26.25,35.75,1.25,4.0,1.25,14.75,NA,1.75,3.5,2.25,22.0,67.25,0.0,280.0,0.0,0.0,9.75,977.0,NA
2026-03-08 01:00:00,133.0,267.0,27.75,59.0,54.25,34.0,35.0,1.0,4.0,1.0,6.75,NA,0.75,1.25,1.25,21.0,67.75,0.0,275.75,0.0,0.0,10.0,976.5,NA
2026-03-08 02:00:00,217.0,321.0,48.5,56.5,69.5,28.0,33.5,1.0,5.5,1.75,5.5,NA,0.25,1.0,1.0,21.0,69.5,0.0,271.0,0.0,0.0,9.75,976.5,NA
2026-03-08 03:00:00,202.0,326.0,72.5,59.75,90.75,19.25,35.5,1.75,3.75,2.25,4.75,NA,0.75,1.0,1.0,21.0,70.0,0.0,267.5,0.0,0.0,10.0,977.0,NA
2026-03-08 04:00:00,186.0,310.0,97.25,54.25,108.0,17.25,38.25,2.0,5.0,2.75,3.0,NA,0.0,1.0,1.0,21.0,72.25,0.0,266.0,0.0,0.0,9.75,977.0,NA
2026-03-08 05:00:00,193.0,321.0,159.0,53.25,157.75,4.0,40.75,2.0,5.5,3.0,5.75,NA,1.0,3.25,1.75,21.0,74.25,0.0,264.5,0.0,0.0,10.0,976.75,NA
2026-03-08 06:00:00,194.0,370.0,203.5,58.75,197.0,30.33,43.0,2.0,5.5,3.0,9.75,NA,2.0,4.0,3.0,21.0,76.0,0.0,262.25,0.0,0.0,10.5,977.0,NA
2026-03-08 07:00:00,206.0,346.0,115.25,58.5,125.0,41.25,46.0,2.25,5.5,4.25,18.5,NA,4.25,4.75,3.75,21.0,74.5,0.0,267.25,0.0,0.0,27.5,977.0,NA
2026-03-08 08:00:00,169.0,359.0,54.5,86.0,90.25,28.0,50.25,2.25,7.0,3.5,20.0,NA,6.25,6.5,5.5,22.25,65.75,0.0,286.25,0.0,0.0,53.75,977.0,NA
2026-03-08 09:00:00,174.0,346.0,11.25,82.0,53.25,27.0,55.0,1.75,20.0,4.25,14.25,NA,5.0,6.25,5.0,23.25,59.0,0.0,306.0,0.0,0.0,76.75,977.0,NA
2026-03-08 10:00:00,172.0,334.0,2.75,57.5,32.75,33.25,53.5,1.0,35.75,1.75,6.5,NA,2.0,3.5,2.75,24.5,53.0,0.0,329.5,0.0,0.0,263.5,976.25,NA
2026-03-08 11:00:00,157.0,305.0,3.67,42.5,24.25,35.75,50.0,1.0,60.0,1.25,4.0,NA,0.75,2.0,1.25,26.0,46.5,0.25,349.0,0.0,0.0,526.0,976.25,NA
2026-03-08 12:00:00,106.0,246.0,5.0,36.0,23.25,35.25,46.75,1.0,93.0,1.0,4.0,NA,0.25,1.25,1.0,28.0,38.75,0.5,NA,0.0,0.0,547.5,976.0,NA
2026-03-08 13:00:00,79.0,207.0,3.5,29.5,18.75,37.75,45.5,0.0,86.25,2.0,5.5,NA,0.0,0.75,0.5,29.0,36.5,1.0,NA,0.0,0.0,511.25,976.0,NA
2026-03-08 14:00:00,53.0,158.0,5.33,28.0,17.5,40.0,43.75,0.0,90.0,4.25,7.75,NA,0.25,2.25,0.75,29.0,35.5,1.0,NA,0.0,0.0,221.0,976.5,NA
2026-03-08 15:00:00,45.0,138.0,4.5,29.0,19.0,37.5,42.25,0.0,89.0,4.5,1.5,NA,0.0,1.0,0.5,28.0,38.75,1.0,NA,0.0,0.0,96.75,976.0,NA
2026-03-08 16:00:00,48.0,141.0,5.25,32.5,21.75,35.75,41.25,0.0,81.75,3.25,1.75,NA,0.25,0.5,0.25,28.0,38.5,1.25,NA,0.0,0.0,94.0,976.25,NA
2026-03-08 17:00:00,46.0,141.0,2.25,42.75,24.75,34.0,42.25,0.0,68.75,0.75,1.75,NA,0.0,0.5,0.0,27.75,39.5,1.0,NA,0.0,0.0,53.75,976.25,NA
2026-03-08 18:00:00,63.0,194.0,4.75,62.5,37.5,29.25,39.75,0.75,33.5,0.5,3.5,NA,0.0,1.0,0.5,26.25,46.0,0.0,349.67,0.0,0.0,15.25,977.0,NA
2026-03-08 19:00:00,100.0,284.0,8.5,74.25,46.25,26.5,39.75,1.25,12.25,1.25,6.5,NA,0.5,1.25,1.25,25.0,52.0,0.0,336.25,0.0,0.0,10.0,977.0,NA
2026-03-08 20:00:00,175.0,353.0,12.0,63.5,43.75,29.5,39.5,1.75,7.25,2.0,7.5,NA,1.5,1.5,1.5,24.0,57.5,0.0,322.0,0.0,0.0,10.0,977.0,NA
2026-03-08 21:00:00,119.0,267.0,14.25,57.75,42.5,27.25,38.25,1.25,4.5,2.0,31.75,NA,1.0,1.75,1.5,23.75,60.5,0.0,311.75,0.0,0.0,10.0,977.0,NA
2026-03-08 22:00:00,105.0,268.0,29.25,63.75,57.75,23.5,37.5,1.5,3.75,1.0,31.0,NA,1.25,2.0,2.0,23.0,61.5,0.0,304.0,0.0,0.0,10.0,977.0,NA
2026-03-08 23:00:00,92.0,222.0,13.5,58.75,42.25,35.75,38.25,1.0,5.25,1.0,7.25,NA,1.0,1.25,1.5,23.0,62.0,0.0,301.25,0.0,0.0,10.0,977.0,NA
2026-03-09 00:00:00,135.0,237.0,15.5,57.25,43.25,31.5,38.0,1.0,4.75,1.0,4.25,NA,0.75,1.0,1.0,22.25,66.0,0.0,293.25,0.0,0.0,10.0,977.0,NA
2026-03-09 01:00:00,122.0,218.0,11.0,54.5,38.25,32.0,39.75,1.0,5.0,2.0,3.25,NA,1.0,1.5,1.5,22.5,66.25,0.0,293.25,0.0,0.0,10.0,976.75,NA
2026-03-09 02:00:00,123.0,218.0,8.5,50.0,33.5,34.5,37.5,1.0,8.0,1.75,3.5,NA,0.5,1.0,1.25,22.0,66.5,0.0,291.5,0.0,0.0,10.0,976.75,NA
2026-03-09 03:00:00,130.0,208.0,14.0,52.5,39.25,35.75,36.75,1.0,5.25,1.0,2.0,NA,0.0,0.0,0.0,22.0,68.75,0.0,287.0,0.0,0.0,10.0,977.0,NA
2026-03-09 04:00:00,153.0,248.0,16.5,56.0,43.5,34.25,37.5,1.0,4.75,1.0,2.0,NA,0.0,0.0,0.0,22.0,70.75,0.0,281.75,0.0,0.0,10.0,977.0,NA
2026-03-09 05:00:00,135.0,221.0,9.5,43.5,31.0,44.75,36.0,1.0,8.0,0.75,1.75,NA,0.0,0.0,0.0,22.0,71.5,0.0,279.25,0.0,0.0,10.0,977.0,NA
2026-03-09 06:00:00,114.0,215.0,5.75,36.5,24.25,43.0,35.25,1.0,9.5,0.5,1.5,NA,0.0,0.0,0.0,21.0,73.0,0.0,276.25,0.0,0.0,10.5,977.0,NA
2026-03-09 07:00:00,118.0,204.0,8.5,45.75,31.5,37.0,35.0,1.0,8.0,0.0,1.5,NA,0.0,0.0,0.0,21.5,73.75,0.0,277.25,0.0,0.0,29.0,977.0,NA
2026-03-09 08:00:00,136.0,252.0,12.5,50.75,37.75,36.25,36.25,1.0,9.0,1.0,2.0,NA,0.0,0.0,0.0,22.0,70.75,0.5,287.0,0.0,0.0,57.25,977.0,NA
2026-03-09 09:00:00,157.0,300.0,6.75,39.25,26.75,44.25,39.25,1.0,18.5,1.0,1.75,NA,0.0,0.0,0.0,23.25,64.5,0.75,307.75,0.0,0.0,79.75,977.0,NA
2026-03-09 10:00:00,133.0,256.0,3.5,36.5,22.25,42.0,41.0,1.0,25.0,0.75,1.0,NA,0.0,0.0,0.0,24.5,57.5,1.0,328.25,0.0,0.0,279.75,977.0,NA
2026-03-09 11:00:00,107.0,239.0,2.75,34.5,20.75,39.75,41.75,1.0,33.0,1.0,2.25,NA,0.0,0.0,0.0,25.75,52.75,1.0,350.0,0.0,0.0,431.75,977.0,NA
2026-03-09 12:00:00,130.0,249.0,3.67,33.33,20.67,41.0,41.67,1.0,39.33,1.33,4.67,NA,0.0,0.67,0.0,26.67,51.33,1.0,NA,0.0,0.0,496.67,977.33,NA
2026-03-09 13:00:00,112.0,224.0,3.25,20.0,13.25,39.75,43.0,0.25,45.75,0.75,4.0,NA,0.0,0.5,0.0,28.25,43.0,1.0,NA,0.0,0.0,495.0,977.75,NA
2026-03-09 14:00:00,80.0,197.0,5.5,28.25,19.75,46.25,39.5,0.0,51.25,0.0,2.25,NA,0.0,0.0,0.0,29.0,40.5,1.0,NA,0.0,0.0,225.75,978.25,NA
2026-03-09 15:00:00,55.0,157.0,4.0,29.5,19.25,43.0,37.0,0.0,55.25,0.0,1.75,NA,0.0,0.0,0.0,28.0,42.0,1.0,NA,0.0,0.0,144.0,978.0,NA
2026-03-09 16:00:00,58.0,158.0,3.67,32.33,20.33,41.67,36.67,0.0,53.33,0.0,2.0,NA,0.0,0.0,0.0,27.67,42.67,1.0,NA,0.0,0.0,121.0,977.33,NA
2026-03-09 17:00:00,63.0,172.0,2.75,40.5,24.25,38.5,37.0,0.5,42.75,0.0,2.5,NA,0.0,0.0,0.0,26.75,48.25,0.75,359.0,0.0,0.0,57.75,977.25,NA
2026-03-09 18:00:00,90.0,219.0,4.5,50.75,31.0,38.5,36.25,1.0,21.5,0.75,6.25,NA,0.0,0.5,0.25,26.0,54.75,0.0,349.75,0.0,0.0,21.5,977.25,NA
2026-03-09 19:00:00,121.0,255.0,5.75,49.5,31.0,35.5,35.75,1.0,10.5,0.75,5.5,NA,0.0,1.0,0.75,24.75,60.0,0.0,333.0,0.0,0.0,9.5,978.0,NA
2026-03-09 20:00:00,113.0,289.0,6.25,52.0,33.0,32.25,33.75,1.0,6.25,0.25,5.25,NA,0.0,1.0,0.75,23.75,64.5,0.0,314.75,0.0,0.0,10.0,978.0,NA
2026-03-09 21:00:00,119.0,294.0,9.75,54.25,37.0,32.25,33.25,1.0,5.25,1.0,12.0,NA,1.25,2.0,1.5,23.0,68.0,0.0,306.0,0.0,0.0,10.0,977.5,NA
2026-03-09 22:00:00,121.0,268.0,8.25,45.25,31.0,36.75,32.75,1.0,6.25,1.0,5.0,NA,1.0,1.75,1.25,23.0,72.25,0.0,301.25,0.0,0.0,10.0,977.5,NA
2026-03-09 23:00:00,113.0,216.0,6.75,46.5,30.5,33.75,32.5,1.0,6.0,0.25,2.5,NA,0.0,0.5,0.75,22.75,74.0,0.0,296.0,0.0,0.0,10.0,977.75,NA
2026-03-10 00:00:00,150.0,262.0,17.75,55.75,44.25,24.5,33.0,1.0,4.0,1.0,1.5,NA,0.0,0.0,0.0,22.0,76.25,0.0,291.25,0.0,0.0,10.0,977.5,NA
2026-03-10 01:00:00,133.0,255.0,29.25,54.75,53.25,25.5,33.0,1.0,4.0,1.0,1.0,NA,0.0,0.0,0.0,22.0,76.25,0.0,288.25,0.0,0.0,9.75,977.25,NA
2026-03-10 02:00:00,166.0,273.0,26.5,53.0,50.0,27.5,31.5,1.0,6.0,1.0,1.25,NA,0.0,0.0,0.0,22.0,76.25,0.0,287.25,0.0,0.0,10.0,977.25,NA
2026-03-10 03:00:00,138.0,249.0,41.75,50.5,61.0,33.0,31.5,1.0,4.75,1.0,1.5,NA,0.0,0.0,0.0,22.0,78.25,0.0,283.5,0.0,0.0,9.75,977.0,NA
2026-03-10 04:00:00,133.0,255.0,63.25,51.75,79.0,20.75,34.25,1.0,4.25,1.0,1.5,NA,0.0,0.0,0.0,22.0,79.0,0.0,281.25,0.0,0.0,10.0,977.25,NA
2026-03-10 05:00:00,143.0,279.0,62.5,45.0,75.25,29.25,35.0,1.0,5.0,1.75,2.5,NA,0.0,0.5,0.5,22.0,80.25,0.0,278.75,0.0,0.0,10.0,977.5,NA
2026-03-10 06:00:00,197.0,316.0,63.67,47.67,77.0,22.67,35.67,1.67,5.33,2.0,4.0,NA,0.0,1.0,0.67,22.0,80.67,0.0,279.0,0.0,0.0,11.0,977.0,NA
2026-03-10 07:00:00,206.0,407.0,53.75,49.75,70.5,33.25,39.75,2.0,6.0,2.0,16.75,NA,2.75,2.75,2.0,22.0,81.5,0.0,282.0,0.0,0.0,37.5,977.5,NA
2026-03-10 08:00:00,410.0,587.0,27.0,59.5,54.0,36.5,44.5,2.0,6.75,2.0,22.75,NA,2.5,3.5,2.75,22.25,79.5,0.0,291.0,0.0,0.0,78.25,977.0,NA
2026-03-10 09:00:00,455.0,658.0,9.75,62.0,40.75,35.25,52.5,2.0,9.25,2.0,17.25,NA,1.75,3.25,2.0,23.25,74.0,0.0,306.25,0.0,0.0,127.75,977.75,NA
2026-03-10 10:00:00,437.0,631.0,6.0,63.75,39.25,31.0,61.0,2.0,12.25,2.0,16.75,NA,1.75,4.0,2.0,24.5,67.0,0.0,328.25,0.0,0.0,241.5,978.0,NA
2026-03-10 11:00:00,428.0,635.0,5.0,57.5,34.75,35.25,63.5,2.0,11.25,2.0,16.0,NA,1.0,3.0,2.0,26.0,60.25,0.0,349.33,0.0,0.0,337.75,978.0,NA
2026-03-10 12:00:00,356.0,570.0,4.0,44.25,27.25,42.5,55.5,1.5,9.75,1.5,12.0,NA,0.25,2.5,1.25,27.5,53.5,0.0,NA,0.0,0.0,355.25,978.0,NA
2026-03-10 13:00:00,215.0,343.0,4.0,31.0,20.0,36.75,50.0,1.0,19.25,0.5,5.5,NA,0.0,0.5,0.0,28.75,43.25,0.5,NA,0.0,0.0,426.5,978.0,NA
2026-03-10 14:00:00,116.0,223.0,4.33,31.25,19.25,35.0,46.25,0.0,34.0,0.0,4.75,NA,0.0,0.25,0.0,29.0,42.0,0.75,NA,0.0,0.0,225.25,977.5,NA
2026-03-10 15:00:00,105.0,204.0,3.0,32.25,19.75,35.75,43.0,0.0,37.5,1.5,3.25,NA,0.0,0.0,0.0,28.0,42.0,1.0,NA,0.0,0.0,144.0,978.0,NA
2026-03-10 16:00:00,84.0,173.0,3.25,31.5,19.5,35.5,39.5,0.0,37.25,0.25,1.5,NA,0.0,0.0,0.0,28.0,39.0,1.0,NA,0.0,0.0,98.75,977.5,NA
2026-03-10 17:00:00,46.0,147.0,4.0,38.25,24.0,33.75,38.0,0.0,40.75,0.0,2.0,NA,0.0,0.0,0.0,27.75,40.75,0.75,NA,0.0,0.0,55.0,977.0,NA
2026-03-10 18:00:00,84.0,206.0,5.0,64.25,38.25,24.25,37.75,0.75,21.75,0.75,4.5,NA,0.0,0.25,0.25,26.25,46.25,0.25,352.0,0.0,0.0,16.25,977.75,NA
2026-03-10 19:00:00,122.0,307.0,10.5,81.0,52.0,18.25,37.5,1.0,8.0,1.0,11.0,NA,1.5,2.25,1.75,24.75,54.75,0.0,333.5,0.0,0.0,10.0,977.75,NA
2026-03-10 20:00:00,149.0,338.0,14.75,67.75,48.25,22.75,37.75,1.0,5.25,1.25,11.0,NA,3.75,3.5,2.5,24.0,63.0,0.0,315.0,0.0,0.0,10.0,978.0,NA
2026-03-10 21:00:00,128.0,290.0,14.5,58.75,43.25,24.75,36.75,1.5,4.75,1.0,18.0,NA,1.75,2.75,2.0,23.0,67.25,0.0,306.5,0.0,0.0,10.0,978.0,NA
2026-03-10 22:00:00,121.0,280.0,38.75,57.0,61.75,18.67,36.25,1.5,5.0,1.0,23.25,NA,3.0,3.5,3.0,23.0,69.5,0.0,301.75,0.0,0.0,10.0,978.0,NA
2026-03-10 23:00:00,138.0,307.0,126.0,65.25,137.5,5.0,38.0,2.0,4.0,1.0,21.25,NA,3.25,4.0,3.0,23.0,72.0,0.0,295.75,0.0,0.0,9.75,978.0,NA
2026-03-11 00:00:00,147.0,372.0,180.33,66.33,182.0,80.0,39.67,2.33,4.67,1.0,17.33,NA,3.33,4.0,3.0,22.0,74.67,0.0,291.33,0.0,0.0,10.0,977.67,NA
2026-03-11 01:00:00,153.0,357.0,113.75,55.75,122.25,28.75,39.0,2.0,4.0,1.0,13.25,NA,2.75,3.0,2.5,22.0,76.5,0.0,287.25,0.0,0.0,10.0,977.25,NA
2026-03-11 02:00:00,147.0,304.0,142.5,51.5,142.5,12.0,38.0,2.0,7.5,1.25,15.25,NA,3.0,3.75,3.25,22.0,79.0,0.0,283.0,0.0,0.0,9.75,977.25,NA
2026-03-11 03:00:00,157.0,340.0,212.5,53.75,201.25,35.0,43.75,3.0,6.0,2.0,23.25,NA,5.25,5.0,4.5,22.0,80.75,0.0,281.25,0.0,0.0,10.0,978.0,NA
2026-03-11 04:00:00,188.0,403.0,195.25,45.25,182.75,30.0,46.25,2.5,5.5,2.0,33.5,NA,7.0,6.25,5.0,22.0,80.25,0.0,280.25,0.0,0.0,10.0,978.0,NA
2026-03-11 05:00:00,195.0,426.0,98.75,48.75,106.75,58.75,45.75,1.75,3.25,2.0,27.0,NA,7.75,5.75,4.75,22.0,76.5,0.0,279.0,0.0,0.0,10.0,977.5,NA
2026-03-11 06:00:00,153.0,293.0,37.5,49.0,56.75,44.25,44.0,1.0,2.5,1.0,15.0,NA,4.5,4.5,3.5,21.25,71.75,0.0,274.75,0.0,0.0,10.25,977.0,NA
2026-03-11 07:00:00,138.0,250.0,28.25,51.75,51.0,36.25,43.25,1.0,3.25,2.25,9.5,NA,3.0,3.0,3.0,21.25,71.25,0.0,275.5,0.0,0.0,29.25,977.25,NA
2026-03-11 08:00:00,147.0,291.0,18.25,68.25,51.5,33.75,50.25,2.0,4.25,3.0,7.25,NA,2.5,3.0,3.0,22.5,64.25,0.0,292.5,0.0,0.0,53.5,977.0,NA
2026-03-11 09:00:00,173.0,353.0,8.5,58.0,37.5,41.25,58.25,1.0,6.75,2.5,5.25,NA,1.5,2.25,2.0,23.75,57.5,0.0,314.5,0.0,0.0,72.5,977.25,NA
2026-03-11 10:00:00,136.0,287.0,3.5,48.0,28.5,36.75,57.25,1.0,8.0,1.0,4.0,NA,1.0,2.0,1.25,25.25,49.5,0.75,339.5,0.0,0.0,318.75,977.25,NA
2026-03-11 11:00:00,111.0,293.0,3.5,40.0,24.25,38.0,50.25,1.0,12.75,0.75,3.75,NA,0.25,1.5,1.0,26.75,40.5,0.5,354.0,0.0,0.0,534.75,977.0,NA
2026-03-11 12:00:00,64.0,204.0,4.0,33.75,21.0,41.25,43.0,0.0,28.75,0.25,4.75,NA,0.0,1.0,1.0,28.5,35.75,0.75,NA,0.0,0.0,556.25,977.0,NA
2026-03-11 13:00:00,52.0,175.0,3.5,31.0,19.5,41.0,41.0,0.0,41.0,0.0,2.0,NA,0.0,0.0,0.0,29.75,34.0,1.0,NA,0.0,0.0,488.5,977.0,NA
2026-03-11 14:00:00,47.0,175.0,2.25,32.5,19.25,42.5,38.75,0.0,48.0,0.0,1.75,NA,0.0,0.0,0.0,30.0,33.0,1.0,NA,0.0,0.0,232.75,976.5,NA
2026-03-11 15:00:00,47.0,178.0,3.75,33.25,21.0,43.0,37.25,0.0,38.5,0.0,1.25,NA,0.0,0.0,0.0,28.75,37.5,1.0,NA,0.0,0.0,145.5,977.0,NA
2026-03-11 16:00:00,50.0,197.0,2.75,36.5,21.5,42.0,35.75,0.0,39.5,0.0,2.0,NA,0.0,0.0,0.0,28.0,34.25,1.0,NA,0.0,0.0,101.5,977.0,NA
2026-03-11 17:00:00,41.0,191.0,4.75,48.75,30.0,41.25,34.75,0.0,46.0,0.0,2.25,NA,0.0,0.0,0.0,28.25,34.0,0.5,NA,0.0,0.0,54.5,977.0,NA
2026-03-11 18:00:00,61.0,234.0,13.75,83.75,56.25,26.75,36.75,0.75,18.25,0.25,4.0,NA,0.5,0.5,0.25,26.5,39.25,0.0,354.0,0.0,0.0,14.25,977.0,NA
2026-03-11 19:00:00,110.0,415.0,30.5,96.5,76.5,25.75,39.5,1.75,4.5,1.25,9.5,NA,2.0,2.5,2.0,25.0,45.25,0.0,336.5,0.0,0.0,10.0,977.0,NA
2026-03-11 20:00:00,145.0,499.0,25.75,89.0,68.5,36.75,42.75,1.5,5.5,1.75,11.75,NA,1.5,3.5,2.75,24.75,48.25,0.0,332.25,0.0,0.0,10.0,977.0,NA
2026-03-11 21:00:00,136.0,390.0,30.0,86.5,70.75,35.25,44.25,2.0,5.75,2.0,22.25,NA,4.5,5.25,4.5,24.0,52.5,0.0,320.75,0.0,0.0,10.0,977.0,NA
2026-03-11 22:00:00,174.0,404.0,18.75,78.5,56.75,43.5,46.5,1.5,4.5,1.75,7.75,NA,3.75,4.0,3.75,24.0,54.25,0.0,316.25,0.0,0.0,10.0,977.0,NA
2026-03-11 23:00:00,111.0,282.0,19.0,74.0,55.25,39.0,45.25,1.25,3.25,1.0,3.5,NA,2.5,1.75,2.0,24.0,53.75,0.0,311.75,0.0,0.0,9.75,977.0,NA
2026-03-12 00:00:00,94.0,251.0,14.5,74.25,51.25,42.0,47.5,1.0,4.0,1.0,3.25,NA,0.25,1.0,1.0,23.0,54.5,0.0,306.5,0.0,0.0,10.0,977.0,NA
2026-03-12 01:00:00,88.0,226.0,25.5,71.0,58.5,37.0,46.75,1.0,4.0,1.0,4.0,NA,0.0,0.5,0.5,23.0,55.25,0.0,305.5,0.0,0.0,10.0,976.75,NA
2026-03-12 02:00:00,103.0,265.0,16.0,62.0,46.5,59.0,36.0,0.5,6.0,2.0,3.75,NA,0.5,1.75,1.0,23.0,58.25,0.0,296.25,0.0,0.0,10.0,976.75,NA
2026-03-12 03:00:00,133.0,232.0,11.5,58.5,40.75,56.75,36.0,1.0,5.0,2.25,3.0,NA,0.0,0.25,0.25,22.5,59.5,0.0,293.0,0.0,0.0,10.0,977.0,NA
2026-03-12 04:00:00,124.0,234.0,11.0,54.25,38.0,55.5,40.25,1.0,4.0,1.5,4.25,NA,0.0,0.5,0.5,22.0,60.0,0.0,287.5,0.0,0.0,9.75,977.0,NA
2026-03-12 05:00:00,179.0,279.0,8.0,45.25,30.5,55.25,40.5,1.0,5.0,1.75,1.5,NA,0.0,0.0,0.0,22.0,59.25,0.0,281.75,0.0,0.0,10.0,977.0,NA
2026-03-12 06:00:00,89.0,172.0,9.0,46.0,32.0,55.5,37.0,1.0,4.5,1.0,1.75,NA,0.0,0.0,0.0,22.0,58.75,0.0,281.25,0.0,0.0,11.0,977.0,NA
2026-03-12 07:00:00,86.0,177.0,14.0,59.75,43.0,51.0,37.25,1.0,4.25,1.0,2.0,NA,0.0,1.0,0.75,22.0,56.5,0.0,284.5,0.0,0.0,31.0,977.0,NA
2026-03-12 08:00:00,103.0,244.0,12.5,65.75,45.0,54.25,41.75,1.0,10.0,1.25,3.5,NA,1.0,2.0,2.0,22.75,51.5,0.0,300.25,0.0,0.0,59.0,977.0,NA
2026-03-12 09:00:00,110.0,300.0,5.75,70.0,42.0,52.5,45.25,1.0,23.5,1.0,4.0,NA,1.0,2.25,2.0,24.0,47.5,0.0,319.75,0.0,0.0,78.0,977.0,NA
2026-03-12 10:00:00,107.0,313.0,7.0,55.5,35.5,55.0,46.5,1.0,41.5,1.0,3.25,NA,0.5,1.25,1.25,25.5,41.5,0.75,345.0,0.0,0.0,278.25,977.0,NA
2026-03-12 11:00:00,77.0,240.0,4.0,44.0,26.75,56.5,40.0,0.25,62.25,1.0,3.0,NA,0.0,0.75,0.75,26.5,37.25,1.0,354.0,0.0,0.0,447.5,977.0,NA
2026-03-12 12:00:00,61.0,238.0,3.75,38.0,23.0,55.75,39.25,0.0,78.5,0.75,3.0,NA,0.0,0.0,0.0,28.25,34.0,1.0,NA,0.0,0.0,441.75,976.25,NA
2026-03-12 13:00:00,40.0,178.0,4.0,35.75,22.25,55.5,36.75,0.0,82.5,0.0,3.0,NA,0.0,0.0,0.0,29.0,32.75,1.0,NA,0.0,0.0,452.5,976.25,NA
2026-03-12 14:00:00,34.0,138.0,4.25,33.5,21.25,52.0,36.25,0.0,79.0,0.0,2.0,NA,0.0,0.0,0.0,28.5,34.25,1.0,NA,0.0,0.0,267.75,976.25,NA
2026-03-12 15:00:00,35.0,182.0,4.75,34.75,22.5,56.25,35.5,0.0,74.75,0.0,1.75,NA,0.0,0.0,0.0,27.25,36.5,0.75,NA,0.0,0.0,168.5,977.0,NA
2026-03-12 16:00:00,31.0,160.0,4.0,38.5,24.0,53.5,36.0,0.0,72.25,0.0,2.5,NA,0.0,0.0,0.0,27.0,37.25,0.5,NA,0.0,0.0,116.75,977.0,NA
2026-03-12 17:00:00,35.0,195.0,3.0,47.5,25.75,51.5,35.5,0.0,61.75,0.0,2.5,NA,0.0,0.0,0.25,26.5,38.5,0.25,353.0,0.0,0.0,62.0,977.0,NA
2026-03-12 18:00:00,55.0,230.0,5.33,53.0,32.67,51.33,36.67,0.67,44.33,0.67,6.33,NA,0.0,0.0,0.0,25.33,44.0,0.0,343.67,0.0,0.0,20.33,977.0,NA
2026-03-12 19:00:00,84.0,324.0,9.25,77.75,49.5,48.25,37.25,1.0,14.5,1.0,10.0,NA,1.0,1.75,1.5,24.75,51.75,0.25,331.0,0.0,0.0,10.0,976.75,NA
2026-03-12 20:00:00,111.0,321.0,10.75,72.5,47.5,47.25,36.0,1.0,10.25,1.0,10.25,NA,1.0,2.0,2.0,24.0,57.25,0.0,323.25,0.0,0.0,10.0,976.75,NA
2026-03-12 21:00:00,134.0,302.0,11.75,59.5,41.5,45.75,35.5,1.0,6.5,1.0,18.5,NA,0.5,0.5,1.25,24.0,61.25,0.0,317.0,0.0,0.0,10.0,977.0,NA
2026-03-12 22:00:00,114.0,266.0,18.0,66.5,50.25,33.75,35.0,1.0,5.25,1.0,18.75,NA,0.5,1.0,1.0,23.5,64.25,0.0,310.75,0.0,0.0,10.0,977.0,NA
2026-03-12 23:00:00,125.0,300.0,20.75,65.0,51.25,35.75,35.0,1.0,5.5,1.0,16.75,NA,0.5,1.0,1.0,23.0,66.0,0.0,306.5,0.0,0.0,10.0,977.25,NA
2026-03-13 00:00:00,136.0,290.0,10.75,57.0,38.75,44.5,34.5,1.0,5.5,1.5,5.25,NA,0.75,1.5,1.0,22.75,70.5,0.25,296.5,0.0,0.0,10.0,977.0,NA
2026-03-13 01:00:00,188.0,313.0,10.75,55.75,38.75,39.0,34.75,1.0,5.0,1.25,3.5,NA,0.75,1.0,0.75,22.0,71.75,0.0,291.5,0.0,0.0,9.75,977.0,NA
2026-03-13 02:00:00,146.0,287.0,13.0,57.5,41.0,39.5,33.0,0.5,6.75,1.0,3.0,NA,0.0,0.5,0.0,22.0,73.25,1.0,285.25,0.0,0.0,10.0,976.75,NA
2026-03-13 03:00:00,135.0,232.0,16.75,57.25,44.25,45.25,31.75,0.0,4.0,0.25,2.75,NA,0.0,0.0,0.0,22.0,73.75,0.75,279.25,0.0,0.0,10.0,977.0,NA
2026-03-13 04:00:00,89.0,177.0,10.33,50.0,35.0,45.0,31.33,0.0,4.33,0.0,1.0,NA,0.0,0.0,0.0,21.0,75.0,0.0,272.67,0.0,0.0,10.0,977.0,NA
2026-03-13 05:00:00,102.0,195.0,10.25,49.75,34.75,40.5,32.0,0.0,4.0,0.0,1.0,NA,0.0,0.0,0.0,21.0,76.0,0.0,269.5,0.0,0.0,10.0,977.0,NA
2026-03-13 06:00:00,107.0,195.0,8.5,39.0,28.0,49.25,32.0,0.0,5.0,0.0,1.0,NA,0.0,0.0,0.0,21.0,77.5,0.5,264.75,0.0,0.0,10.75,977.0,NA
2026-03-13 07:00:00,105.0,174.0,8.33,40.33,28.67,45.0,32.0,0.0,5.67,0.0,0.0,NA,0.0,0.0,0.0,21.0,77.67,1.0,264.0,0.0,0.0,32.67,977.0,NA
2026-03-13 08:00:00,113.0,191.0,12.5,42.25,32.75,44.75,32.25,1.0,5.75,0.5,1.0,NA,0.0,0.0,0.0,21.25,73.25,0.5,274.75,0.0,0.0,71.5,977.0,NA
2026-03-13 09:00:00,100.0,215.0,11.0,37.75,28.75,46.75,35.5,1.0,7.0,0.0,1.0,NA,0.0,0.0,0.0,22.5,64.75,0.75,292.5,0.0,0.0,112.75,977.0,NA
2026-03-13 10:00:00,110.0,205.0,7.0,38.75,26.25,43.0,39.25,0.5,7.5,0.25,1.75,NA,0.0,0.0,0.0,23.75,57.0,1.0,313.5,0.0,0.0,360.25,977.0,NA
2026-03-13 11:00:00,81.0,191.0,5.5,38.0,25.0,43.0,40.5,0.0,17.0,0.0,2.75,NA,0.0,0.0,0.0,25.75,44.0,1.25,347.25,0.0,0.0,459.25,976.25,NA
2026-03-13 12:00:00,39.0,135.0,3.5,33.5,21.0,56.0,38.5,0.0,18.25,0.0,2.0,NA,0.0,0.0,0.0,27.0,38.75,1.25,NA,0.0,0.0,510.25,976.5,NA
2026-03-13 13:00:00,31.0,150.0,4.33,29.0,19.33,54.67,38.33,0.0,26.33,0.0,1.33,NA,0.0,0.0,0.0,27.0,37.33,1.0,NA,0.0,0.0,492.0,976.67,NA
2026-03-13 14:00:00,24.0,134.0,3.67,27.67,18.0,49.33,37.0,0.0,32.0,0.0,1.67,NA,0.0,0.0,0.0,27.67,36.67,2.0,NA,0.0,0.0,324.67,976.33,NA
2026-03-13 15:00:00,29.0,136.0,6.0,33.75,22.5,50.5,37.25,0.0,26.5,0.0,1.0,NA,0.0,0.0,0.0,26.0,42.25,1.5,352.0,0.0,0.0,170.5,977.0,NA
2026-03-13 16:00:00,31.0,145.0,4.75,32.5,21.5,49.5,37.0,0.0,29.75,0.0,1.75,NA,0.0,0.0,0.0,26.0,43.5,1.5,346.25,0.0,0.0,115.5,976.75,NA
2026-03-13 17:00:00,35.0,136.0,4.5,32.5,21.0,50.0,37.25,0.0,28.5,0.0,2.0,NA,0.0,0.0,0.0,25.75,44.0,1.0,347.25,0.0,0.0,59.0,976.75,NA
2026-03-13 18:00:00,30.0,146.0,6.5,41.25,27.5,48.75,38.0,0.0,24.25,0.0,2.25,NA,0.0,0.0,0.0,24.25,48.0,1.0,324.75,0.0,0.0,14.0,977.0,NA
2026-03-13 19:00:00,50.0,179.0,12.5,62.25,43.25,38.5,40.0,1.0,14.75,0.75,5.5,NA,0.25,1.25,1.0,23.5,53.75,0.75,311.75,0.0,0.0,10.0,977.0,NA
2026-03-13 20:00:00,117.0,304.0,11.5,60.25,41.5,47.0,40.5,1.0,13.0,1.0,8.75,NA,1.0,1.5,1.25,23.0,56.75,1.0,304.75,0.0,0.0,10.0,977.0,NA
2026-03-13 21:00:00,92.0,218.0,7.25,58.75,37.25,46.0,39.0,1.0,13.5,0.75,5.0,NA,0.5,1.0,1.0,23.0,59.0,1.0,298.0,0.0,0.0,10.0,977.0,NA
2026-03-13 22:00:00,64.0,179.0,13.0,61.5,43.25,39.75,37.5,0.0,11.25,0.5,3.5,NA,0.5,0.5,0.0,22.25,60.5,0.5,292.75,0.0,0.0,10.0,977.0,NA
2026-03-13 23:00:00,64.0,168.0,7.5,53.25,34.75,46.5,36.0,0.0,12.25,0.0,1.75,NA,0.0,0.0,0.0,22.0,61.75,1.0,285.5,0.0,0.0,10.0,977.0,NA
2026-03-14 00:00:00,59.0,146.0,8.5,54.5,36.0,47.5,35.0,0.0,12.5,0.0,2.0,NA,0.0,0.0,0.0,22.0,62.5,0.0,279.5,0.0,0.0,10.0,977.0,NA
2026-03-14 01:00:00,58.0,143.0,8.75,58.5,38.5,45.75,35.0,0.0,13.0,0.0,2.25,NA,0.0,0.0,0.0,21.0,65.5,0.25,272.25,0.0,0.0,9.5,977.0,NA
2026-03-14 02:00:00,89.0,183.0,8.0,56.0,36.0,62.0,35.0,0.0,19.0,0.0,2.0,NA,0.0,0.0,0.0,21.0,68.67,0.33,266.67,0.0,0.0,9.67,977.0,NA
2026-03-14 03:00:00,85.0,163.0,10.0,59.67,40.33,57.33,33.33,0.0,14.67,0.0,6.67,NA,0.0,0.0,0.0,21.0,70.0,0.0,261.67,0.0,0.0,9.67,977.0,NA
2026-03-14 04:00:00,287.0,423.0,10.75,63.25,42.75,56.0,36.25,0.0,11.75,1.0,3.25,NA,0.0,0.0,0.0,21.0,69.5,0.0,261.0,0.0,0.0,10.0,977.0,NA
2026-03-14 05:00:00,207.0,277.0,11.25,54.75,38.75,56.25,37.0,0.0,12.0,0.25,2.0,NA,0.0,0.0,0.0,20.0,69.25,0.0,258.0,0.0,0.0,10.0,977.0,NA
2026-03-14 06:00:00,128.0,224.0,7.67,47.33,31.67,65.67,37.0,1.0,14.67,0.0,1.0,NA,0.0,0.0,0.0,20.0,70.33,0.33,254.67,0.0,0.0,11.0,977.0,NA
2026-03-14 07:00:00,124.0,223.0,8.67,49.0,33.33,60.0,37.0,1.0,13.0,0.67,2.0,NA,0.0,0.0,0.0,20.33,69.33,0.0,257.0,0.0,0.0,42.33,977.0,NA
2026-03-14 08:00:00,146.0,262.0,9.67,48.67,34.0,67.0,43.0,1.0,15.67,2.0,2.0,NA,0.0,0.0,0.0,21.0,64.67,0.0,271.33,0.0,0.0,71.67,977.0,NA
2026-03-14 09:00:00,160.0,283.0,8.0,43.0,29.67,65.0,48.0,1.0,17.67,1.0,1.67,NA,0.0,0.0,0.0,22.0,57.67,1.0,285.0,0.0,0.0,91.67,977.0,NA
2026-03-14 10:00:00,129.0,241.0,5.5,38.0,25.0,68.5,49.0,1.0,27.0,1.0,2.0,NA,0.0,0.0,0.0,23.5,48.5,1.0,309.0,0.0,0.0,483.5,977.0,NA
2026-03-14 11:00:00,NA,NA,NA,NA,NA,NA,NA,NA,NA,NA,NA,NA,NA,NA,NA,NA,NA,NA,NA,NA,NA,NA,NA,NA
2026-03-14 12:00:00,NA,NA,NA,NA,NA,NA,NA,NA,NA,NA,NA,NA,NA,NA,NA,NA,NA,NA,NA,NA,NA,NA,NA,NA
2026-03-14 13:00:00,46.0,172.0,4.0,40.67,25.33,63.33,42.33,0.0,60.0,0.0,3.0,NA,0.0,0.0,0.0,26.33,37.33,0.67,352.5,0.0,0.0,203.33,977.0,NA
2026-03-14 14:00:00,48.0,153.0,5.0,36.75,24.25,65.0,39.5,0.0,68.5,0.0,2.25,NA,0.0,0.0,0.0,26.5,35.25,1.0,353.5,0.0,0.0,209.5,977.0,NA
2026-03-14 15:00:00,28.0,119.0,4.33,35.0,22.33,62.67,38.33,0.0,81.33,0.0,2.0,NA,0.0,0.0,0.0,26.33,34.67,0.67,357.5,0.0,0.0,187.33,977.0,NA
2026-03-14 16:00:00,31.0,123.0,5.67,36.67,24.33,59.0,38.0,0.0,73.0,0.0,2.33,NA,0.0,0.0,0.0,26.33,36.67,0.33,357.0,0.0,0.0,111.0,976.67,NA
2026-03-14 17:00:00,35.0,145.0,5.0,41.67,26.0,60.67,39.0,0.0,55.33,0.0,1.0,NA,0.0,0.0,0.0,25.67,39.33,0.0,345.33,0.0,0.0,45.0,977.0,NA
2026-03-14 18:00:00,45.0,167.0,5.0,54.0,33.0,53.0,41.0,1.0,24.0,1.0,12.0,NA,0.0,0.0,0.0,24.0,48.0,0.0,324.0,0.0,0.0,12.0,977.0,NA
2026-03-14 19:00:00,74.0,204.0,10.0,73.5,47.25,51.75,40.25,1.0,14.25,1.0,5.75,NA,0.0,0.5,0.0,23.5,51.25,0.0,310.25,0.0,0.0,10.0,977.0,NA
2026-03-14 20:00:00,152.0,333.0,18.33,83.67,59.33,51.0,41.0,1.0,9.0,1.67,14.33,NA,0.67,1.33,1.0,23.0,49.33,0.0,302.67,0.0,0.0,10.0,977.0,NA
2026-03-14 21:00:00,121.0,296.0,26.33,78.0,63.33,53.33,42.33,2.0,8.33,2.0,49.0,NA,1.0,3.67,2.67,22.33,51.0,0.0,292.67,0.0,0.0,10.0,977.0,NA
2026-03-14 22:00:00,132.0,379.0,21.0,73.5,56.5,58.5,42.0,1.0,8.0,1.5,43.0,NA,1.0,3.5,3.0,22.0,52.0,0.0,286.0,0.0,0.0,10.0,977.0,NA
2026-03-14 23:00:00,108.0,290.0,34.25,76.0,68.5,52.5,41.5,1.5,9.5,1.0,45.5,NA,1.0,2.25,2.25,22.0,53.25,0.0,283.25,0.0,0.0,9.75,977.0,NA
2026-03-15 00:00:00,101.0,290.0,83.33,70.0,105.33,44.67,42.0,1.0,9.33,1.33,23.33,NA,1.0,2.33,2.33,22.0,55.0,0.0,279.33,0.0,0.0,10.0,977.0,NA
2026-03-15 01:00:00,89.0,246.0,94.25,70.0,114.0,45.5,42.75,1.0,9.0,1.25,13.75,NA,1.0,2.0,2.0,21.75,55.5,0.0,278.25,0.0,0.0,10.0,977.0,NA
2026-03-15 02:00:00,89.0,249.0,94.0,65.0,110.5,58.5,39.5,1.0,10.25,1.5,11.75,NA,1.25,2.0,2.0,21.25,58.0,0.0,275.0,0.0,0.0,10.0,977.0,NA
2026-03-15 03:00:00,107.0,223.0,20.0,58.75,47.5,77.0,44.5,1.0,9.25,2.0,8.0,NA,0.0,1.0,1.0,21.0,55.75,0.0,275.0,0.0,0.0,10.0,977.0,NA
2026-03-15 04:00:00,162.0,244.0,11.25,55.25,38.5,64.5,48.25,1.0,10.25,2.0,8.25,NA,0.0,0.5,0.0,21.0,55.0,0.25,273.75,0.0,0.0,10.0,977.0,NA
2026-03-15 05:00:00,130.0,269.0,7.0,44.33,29.0,69.33,42.33,0.0,21.0,1.67,5.0,NA,0.0,0.33,0.0,21.33,55.67,1.0,273.67,0.0,0.0,9.67,977.0,NA
2026-03-15 06:00:00,63.0,180.0,6.25,42.25,28.0,68.75,35.75,0.0,19.75,0.0,1.5,NA,0.0,0.0,0.0,20.0,70.0,0.75,250.25,0.25,1.0,9.25,977.0,NA
2026-03-15 07:00:00,55.0,80.0,9.0,38.0,27.0,76.0,34.0,0.0,16.0,0.0,3.0,NA,0.0,0.0,0.0,19.0,82.0,0.0,236.0,0.0,0.0,10.0,977.0,NA
2026-03-15 08:00:00,38.0,64.0,7.75,37.25,26.5,71.25,32.75,0.0,13.25,0.0,0.25,NA,0.0,0.0,0.0,19.5,77.0,1.0,244.25,0.0,0.0,44.0,976.5,NA
2026-03-15 09:00:00,35.0,62.0,7.75,41.0,28.5,67.25,33.25,0.0,16.25,0.0,0.0,NA,0.0,0.0,0.0,20.25,69.0,0.75,259.0,0.0,0.0,88.25,976.0,NA
2026-03-15 10:00:00,23.0,55.0,7.5,42.0,28.5,64.0,35.0,0.0,14.5,0.0,0.5,NA,0.0,0.0,0.0,22.0,63.5,0.5,279.5,0.0,0.0,193.5,976.0,NA
2026-03-15 11:00:00,45.0,68.0,8.33,42.33,29.67,62.67,36.33,0.0,15.0,0.0,1.0,NA,0.0,0.0,0.0,22.33,63.33,0.67,285.33,0.0,0.0,258.0,976.0,NA
2026-03-15 12:00:00,39.0,78.0,4.67,36.33,23.33,61.0,39.33,0.0,17.67,0.0,0.33,NA,0.0,0.0,0.0,24.0,53.67,0.67,320.33,0.0,0.0,587.33,976.0,NA
2026-03-15 13:00:00,34.0,86.0,3.67,35.0,22.0,59.67,39.33,0.0,23.0,0.0,0.33,NA,0.0,0.0,0.0,25.33,49.33,0.33,344.0,0.0,0.0,549.67,976.0,NA
2026-03-15 14:00:00,38.0,85.0,3.67,34.67,21.33,54.67,40.0,0.0,31.67,0.0,0.33,NA,0.0,0.0,0.0,26.0,45.0,1.0,351.33,0.0,0.0,254.33,976.33,NA
2026-03-15 15:00:00,33.0,94.0,4.0,34.0,21.33,56.33,39.0,0.0,45.67,0.0,1.33,NA,0.0,0.0,0.0,25.0,46.67,1.0,339.33,0.0,0.0,156.0,977.0,NA
2026-03-15 16:00:00,29.0,86.0,4.0,33.75,21.5,59.5,38.25,0.0,42.75,0.75,0.75,NA,0.0,0.0,0.0,25.0,48.0,1.0,331.5,0.0,0.0,121.25,977.0,NA
2026-03-15 17:00:00,24.0,110.0,3.33,33.67,20.33,58.33,38.67,0.0,42.33,0.0,1.33,NA,0.0,0.0,0.33,24.67,47.67,0.67,325.0,0.0,0.0,66.0,977.0,NA
2026-03-15 18:00:00,25.0,102.0,4.67,43.0,26.67,57.33,37.33,0.0,35.0,0.0,1.33,NA,0.0,0.0,0.33,23.0,51.33,0.67,306.33,0.0,0.0,20.67,977.0,NA
2026-03-15 19:00:00,34.0,118.0,5.5,43.75,27.75,58.5,35.75,0.0,28.75,0.25,1.0,NA,0.0,0.0,0.0,22.5,54.25,1.0,293.25,0.0,0.0,10.0,977.0,NA
2026-03-15 20:00:00,46.0,124.0,5.67,46.67,29.33,59.67,36.0,0.0,27.67,0.67,0.33,NA,0.0,0.0,0.0,22.0,54.33,0.67,286.67,0.0,0.0,10.0,977.0,NA
2026-03-15 21:00:00,46.0,121.0,6.75,50.75,32.75,57.0,35.25,0.0,22.0,0.0,1.0,NA,0.0,0.0,0.0,22.0,57.0,0.75,279.25,0.0,0.0,10.0,977.0,NA
2026-03-15 22:00:00,55.0,133.0,8.0,54.25,35.75,56.25,34.25,0.5,15.5,0.0,1.0,NA,0.0,0.0,0.0,21.0,60.25,0.25,272.0,0.0,0.0,10.0,977.0,NA
2026-03-15 23:00:00,62.0,122.0,14.33,57.33,42.33,52.33,34.67,0.33,11.67,0.0,1.0,NA,0.0,0.0,0.0,21.0,61.33,0.0,268.0,0.0,0.0,10.0,977.0,NA
2026-03-16 00:00:00,42.0,133.0,12.0,44.67,34.0,64.0,34.33,0.33,12.67,0.33,0.67,NA,0.0,0.0,0.0,20.33,66.67,0.67,256.67,0.0,0.0,10.0,977.0,NA
2026-03-16 01:00:00,52.0,105.0,7.33,36.0,25.0,64.67,33.0,0.0,NA,0.33,0.0,NA,0.0,0.0,0.0,19.67,70.67,0.0,244.33,0.0,0.0,10.0,977.0,NA
2026-03-16 02:00:00,50.0,89.0,5.0,35.5,23.5,67.0,32.0,0.0,17.5,0.0,0.0,NA,0.0,0.0,0.0,19.0,70.0,0.25,239.75,0.0,0.0,10.0,977.0,NA
2026-03-16 03:00:00,30.0,67.0,5.0,35.0,22.5,61.0,31.0,0.0,22.0,0.0,0.0,NA,0.0,0.0,0.0,19.0,68.5,0.5,235.0,0.0,0.0,10.0,977.0,NA
2026-03-16 04:00:00,28.0,61.0,3.0,32.0,19.5,60.5,32.0,0.0,24.0,0.0,0.0,NA,0.0,0.0,0.0,19.0,66.0,1.0,236.0,0.0,0.0,10.0,977.0,NA
2026-03-16 05:00:00,48.0,69.0,6.0,35.75,24.0,57.5,32.0,0.0,23.0,0.0,0.0,NA,0.0,0.0,0.0,19.0,65.0,0.25,237.0,0.0,0.0,10.0,977.0,NA
2026-03-16 06:00:00,18.0,52.0,4.25,38.0,24.0,59.75,32.0,0.0,22.0,0.0,0.25,NA,0.0,0.0,0.0,19.0,65.25,0.0,235.75,0.0,0.0,11.25,977.0,NA
2026-03-16 07:00:00,18.0,61.0,6.0,39.0,25.67,56.0,33.0,0.0,21.0,0.0,1.0,NA,0.0,0.0,0.0,19.0,65.33,0.33,237.67,0.0,0.0,40.67,977.0,NA
2026-03-16 08:00:00,27.0,73.0,8.33,44.67,30.33,53.67,34.33,0.0,21.33,0.0,1.0,NA,0.0,0.0,0.0,20.0,61.33,0.33,251.67,0.0,0.0,62.33,977.0,NA
2026-03-16 09:00:00,36.0,113.0,8.67,44.33,31.0,53.0,40.33,0.0,26.33,0.0,1.0,NA,0.0,0.0,0.0,21.33,53.67,0.67,276.33,0.0,0.0,90.0,977.0,NA
2026-03-16 10:00:00,35.0,144.0,7.33,53.67,35.0,49.33,45.0,0.0,27.33,0.0,0.67,NA,0.0,0.0,0.0,22.33,49.67,1.0,293.0,0.0,0.0,422.33,977.0,NA
2026-03-16 11:00:00,44.0,132.0,4.0,43.33,26.33,50.67,41.0,0.0,41.67,0.33,1.0,NA,0.0,0.0,0.0,24.33,45.67,1.0,321.33,0.0,0.0,556.33,977.0,NA
2026-03-16 12:00:00,40.0,147.0,4.75,37.75,24.5,53.0,40.0,0.0,54.5,0.5,0.75,NA,0.0,0.0,0.0,25.5,42.75,1.0,346.25,0.0,0.0,571.75,977.0,NA
2026-03-16 13:00:00,31.0,191.0,4.0,37.0,23.0,53.0,40.33,0.0,66.0,0.0,1.0,NA,0.0,0.0,0.0,26.33,41.67,1.0,355.5,0.0,0.0,526.67,977.0,NA
2026-03-16 14:00:00,38.0,188.0,3.5,36.75,22.5,51.5,38.0,0.0,71.75,0.0,1.0,NA,0.0,0.0,0.0,27.0,40.0,1.0,NA,0.0,0.0,297.0,977.0,NA
2026-03-16 15:00:00,38.0,132.0,2.0,35.75,20.5,51.25,38.0,0.0,81.5,0.0,0.5,NA,0.0,0.0,0.0,26.25,41.5,0.25,357.67,0.0,0.0,173.0,976.75,NA
2026-03-16 16:00:00,31.0,129.0,3.0,40.5,24.25,49.5,39.75,0.0,75.0,0.0,1.25,NA,0.0,0.0,0.25,26.0,42.75,0.25,351.75,0.0,0.0,124.0,977.0,NA
2026-03-16 17:00:00,28.0,143.0,3.0,40.0,24.25,52.5,41.5,0.0,68.75,0.0,1.0,NA,0.0,0.0,0.25,25.5,43.75,0.0,344.75,0.0,0.0,60.75,977.0,NA
2026-03-16 18:00:00,38.0,134.0,3.5,47.75,28.0,49.75,43.25,0.0,50.75,0.25,1.5,NA,0.0,0.0,0.5,24.25,48.0,0.0,321.5,0.0,0.0,17.75,977.0,NA
2026-03-16 19:00:00,42.0,153.0,6.0,67.5,40.5,42.75,40.75,1.0,24.75,0.5,2.25,NA,0.0,1.0,1.0,23.0,52.0,0.0,303.75,0.0,0.0,10.0,977.0,NA
2026-03-16 20:00:00,72.0,239.0,17.67,77.67,56.0,42.33,40.33,1.67,14.67,5.33,5.0,NA,1.67,2.0,2.0,23.0,56.67,0.67,300.0,0.0,0.0,10.0,977.0,NA
2026-03-16 21:00:00,149.0,365.0,9.5,53.25,36.25,58.5,39.75,0.5,21.25,2.0,13.0,NA,1.0,1.75,1.25,22.0,65.25,1.0,285.25,0.0,0.0,10.0,977.0,NA
2026-03-16 22:00:00,72.0,147.0,6.0,40.75,26.5,56.25,35.0,0.0,15.5,0.0,2.25,NA,0.0,0.0,0.0,21.0,65.5,1.0,269.25,0.0,0.0,10.0,977.0,NA
2026-03-16 23:00:00,29.0,99.0,9.0,50.0,34.33,48.33,33.0,0.0,13.33,0.0,1.67,NA,0.0,0.0,0.0,21.0,62.67,0.33,261.67,0.0,0.0,10.0,977.0,NA
2026-03-17 00:00:00,48.0,121.0,11.75,57.75,40.25,45.75,34.0,0.0,10.5,0.0,3.25,NA,0.0,0.0,0.0,20.25,62.0,0.0,259.75,0.0,0.0,10.0,977.0,NA
2026-03-17 01:00:00,47.0,143.0,12.0,58.5,40.75,46.5,35.0,0.0,10.0,0.5,4.0,NA,0.0,0.0,0.0,20.0,61.5,0.0,256.75,0.0,0.0,10.0,977.0,NA
2026-03-17 02:00:00,56.0,150.0,12.0,56.0,40.0,52.0,35.0,0.0,14.0,0.5,4.5,NA,0.0,0.0,0.0,20.0,62.0,0.0,255.0,0.0,0.0,10.0,977.0,NA
2026-03-17 03:00:00,79.0,149.0,7.33,52.0,34.0,56.67,33.0,0.0,15.33,0.33,5.33,NA,0.0,0.0,0.0,20.0,64.33,0.0,248.0,0.0,0.0,10.0,977.0,NA
2026-03-17 04:00:00,55.0,110.0,7.0,45.5,30.0,53.5,33.0,0.0,15.0,0.0,0.5,NA,0.0,0.0,0.0,19.0,66.5,0.0,242.5,0.0,0.0,10.0,977.0,NA
2026-03-17 05:00:00,72.0,130.0,12.5,46.75,35.25,49.0,33.5,0.0,10.25,0.0,0.0,NA,0.0,0.0,0.0,19.0,68.5,0.0,238.25,0.0,0.0,10.0,977.0,NA
2026-03-17 06:00:00,66.0,132.0,18.67,56.0,45.33,46.67,33.33,0.0,9.67,0.33,3.0,NA,0.0,0.33,0.0,19.0,69.0,0.0,238.67,0.0,0.0,14.33,977.0,NA
2026-03-17 07:00:00,86.0,201.0,30.25,57.25,55.25,46.75,35.0,0.5,9.75,1.0,5.0,NA,0.0,0.5,0.0,19.75,67.5,0.0,246.0,0.0,0.0,46.0,977.0,NA
2026-03-17 08:00:00,132.0,299.0,29.0,70.5,61.0,50.0,37.5,1.0,12.0,1.0,6.0,NA,0.0,0.5,0.5,20.0,65.0,0.0,257.0,0.0,0.0,78.5,977.0,NA
2026-03-17 09:00:00,210.0,378.0,18.25,77.75,56.0,48.75,41.0,1.0,16.75,2.0,5.0,NA,0.0,1.0,1.0,21.25,61.0,0.0,275.5,0.0,0.0,117.25,977.25,NA
2026-03-17 10:00:00,210.0,459.0,10.33,87.0,54.67,48.33,44.67,1.0,25.0,2.0,5.0,NA,0.0,1.0,1.0,23.0,56.0,0.33,301.33,0.0,0.0,331.67,977.0,NA
2026-03-17 11:00:00,227.0,458.0,4.5,54.0,32.5,52.5,50.0,1.0,39.0,1.5,5.0,NA,0.0,1.0,0.5,24.5,50.5,0.5,330.5,0.0,0.0,379.0,977.0,NA
2026-03-17 12:00:00,147.0,295.0,5.0,58.0,35.5,53.0,48.5,1.0,48.0,1.0,4.0,NA,0.0,0.0,0.0,25.0,51.0,0.0,330.5,0.0,0.0,255.5,977.0,NA
2026-03-17 13:00:00,136.0,289.0,3.0,40.5,24.5,50.5,46.5,0.0,56.5,1.0,19.5,NA,0.0,0.5,0.0,26.5,45.0,0.0,358.0,0.0,0.0,469.5,977.0,NA
2026-03-17 14:00:00,88.0,191.0,4.25,35.75,22.75,47.25,45.5,0.0,75.0,0.0,7.25,NA,0.0,0.0,0.0,27.0,42.75,0.0,NA,0.0,0.0,314.25,977.0,NA
2026-03-17 15:00:00,62.0,168.0,3.5,36.5,22.25,44.5,43.5,0.0,80.5,0.0,6.0,NA,0.0,0.0,0.0,26.25,43.25,0.25,356.33,0.0,0.0,226.0,977.0,NA
2026-03-17 16:00:00,46.0,145.0,2.0,42.0,24.0,44.0,41.0,0.0,73.0,0.0,5.0,NA,0.0,0.0,0.0,26.0,44.0,1.0,349.0,0.0,0.0,120.0,977.0,NA
2026-03-17 17:00:00,52.0,152.0,4.0,46.0,27.5,46.0,41.0,0.0,69.0,0.0,2.5,NA,0.0,0.0,0.0,25.0,45.0,1.0,339.0,0.0,0.0,72.0,977.0,NA
2026-03-17 18:00:00,67.0,173.0,4.67,60.0,35.67,44.33,40.33,0.33,49.0,0.33,3.0,NA,0.0,0.0,0.0,24.0,49.0,0.33,317.33,0.0,0.0,17.67,977.0,NA
2026-03-17 19:00:00,99.0,222.0,4.67,70.33,41.0,46.67,41.0,1.0,30.33,1.0,10.0,NA,0.0,0.67,0.67,23.0,52.67,0.0,302.33,0.0,0.0,10.0,977.0,NA
2026-03-17 20:00:00,114.0,252.0,9.33,77.67,49.67,46.67,42.0,1.0,20.33,1.0,21.0,NA,0.0,1.0,1.0,22.67,56.0,0.0,294.67,0.0,0.0,10.0,977.0,NA
2026-03-17 21:00:00,121.0,280.0,9.0,75.67,47.67,45.67,41.0,1.0,13.0,1.0,58.67,NA,1.0,2.0,2.0,22.0,60.67,0.0,283.0,0.0,0.0,10.0,977.0,NA
2026-03-17 22:00:00,112.0,268.0,12.0,70.0,46.5,44.5,38.5,1.0,11.5,1.0,32.0,NA,0.5,1.5,1.0,22.0,62.5,0.0,278.5,0.0,0.0,10.0,977.0,NA
2026-03-17 23:00:00,110.0,249.0,17.0,72.0,52.5,43.0,38.0,1.0,10.0,1.0,14.0,NA,0.0,1.0,1.0,21.0,64.5,0.0,272.5,0.0,0.0,10.0,977.0,NA
2026-03-18 00:00:00,143.0,282.0,25.0,76.0,61.0,44.0,38.0,1.0,10.0,1.0,13.0,NA,0.0,1.0,1.0,21.0,66.0,0.0,268.0,0.0,0.0,10.0,977.0,NA
2026-03-18 01:00:00,151.0,263.0,14.33,62.33,44.67,51.33,38.0,0.33,11.0,1.0,14.33,NA,0.33,2.0,1.0,21.0,69.0,0.0,263.33,0.0,0.0,10.0,977.0,NA
2026-03-18 02:00:00,152.0,232.0,7.5,51.0,33.5,54.5,35.5,0.0,13.0,1.0,7.25,NA,0.0,0.75,0.5,20.0,70.0,0.0,259.25,0.0,0.0,10.0,977.0,NA
2026-03-18 03:00:00,100.0,185.0,12.25,56.75,40.5,53.25,35.0,0.0,10.5,1.0,3.0,NA,0.0,0.0,0.0,20.0,71.0,0.0,257.25,0.0,0.0,10.0,977.0,NA
2026-03-18 04:00:00,123.0,212.0,20.67,64.33,51.33,45.33,37.67,0.0,9.33,1.0,7.67,NA,0.0,0.67,0.33,20.0,70.0,0.0,258.0,0.0,0.0,10.0,977.0,NA
2026-03-18 05:00:00,143.0,244.0,15.0,58.5,43.5,53.0,37.75,0.0,10.0,1.0,9.25,NA,0.75,2.0,1.0,20.0,69.25,0.0,256.25,0.0,0.0,10.0,977.0,NA
2026-03-18 06:00:00,118.0,194.0,9.33,51.0,34.67,54.67,36.33,0.0,12.33,0.67,4.0,NA,0.0,0.67,0.33,20.0,70.0,0.0,249.33,0.0,0.0,11.33,977.0,NA
2026-03-18 07:00:00,110.0,191.0,10.0,53.33,36.67,51.67,35.67,0.33,11.33,1.0,2.0,NA,0.0,0.33,0.0,20.0,70.0,0.0,250.33,0.0,0.0,41.67,977.0,NA
2026-03-18 08:00:00,128.0,234.0,13.0,61.25,43.5,54.25,37.5,1.0,13.5,1.0,3.75,NA,0.0,1.0,0.25,20.75,65.25,0.0,264.5,0.0,0.0,68.25,977.0,NA
2026-03-18 09:00:00,156.0,273.0,6.25,55.25,34.5,56.0,42.75,1.0,19.5,1.0,3.25,NA,0.0,0.5,0.0,21.75,60.5,0.0,282.5,0.0,0.0,103.25,977.0,NA
2026-03-18 10:00:00,143.0,274.0,5.67,51.0,31.67,57.67,47.33,0.0,23.67,1.0,3.33,NA,0.0,0.0,0.0,23.33,54.67,0.0,305.67,0.0,0.0,417.33,977.0,NA
2026-03-18 11:00:00,107.0,229.0,3.67,37.0,22.33,55.0,48.33,0.0,26.67,0.33,1.67,NA,0.0,0.0,0.0,26.0,46.67,0.0,342.0,0.0,0.0,567.67,976.67,NA
2026-03-18 12:00:00,72.0,146.0,3.0,38.33,22.67,50.0,45.67,0.0,41.67,0.0,0.0,NA,0.0,0.0,0.0,27.0,43.0,0.0,NA,0.0,0.0,510.33,977.0,NA
2026-03-18 13:00:00,63.0,163.0,3.0,38.0,22.67,49.67,46.0,0.0,71.33,0.0,1.0,NA,0.0,0.0,0.0,27.67,40.33,0.0,NA,0.0,0.0,456.67,976.33,NA
2026-03-18 14:00:00,68.0,184.0,5.0,39.5,25.0,48.0,44.5,0.0,87.0,0.0,1.0,NA,0.0,0.0,0.0,27.5,40.5,0.0,NA,0.0,0.0,238.5,977.0,NA
2026-03-18 15:00:00,68.0,194.0,1.5,42.0,23.5,49.0,42.5,0.0,88.5,0.0,1.0,NA,0.0,0.0,0.0,27.0,41.0,0.0,NA,0.0,0.0,169.5,977.0,NA
2026-03-18 16:00:00,66.0,185.0,4.0,40.0,25.0,52.0,41.0,0.0,73.0,0.0,1.0,NA,0.0,0.0,0.0,26.0,43.0,0.0,NA,0.0,0.0,138.0,977.0,NA
2026-03-18 17:00:00,50.0,146.0,4.67,42.67,26.67,50.33,40.0,0.0,58.0,0.0,2.0,NA,0.0,0.0,0.0,25.0,45.33,0.0,335.67,0.0,0.0,28.0,977.0,NA
2026-03-18 18:00:00,NA,NA,NA,NA,NA,NA,NA,NA,NA,NA,NA,NA,NA,NA,NA,NA,NA,NA,NA,NA,NA,NA,NA,NA
2026-03-18 19:00:00,117.0,372.0,4.67,39.67,24.67,60.67,37.0,0.0,28.33,0.67,2.33,NA,0.0,0.67,0.67,20.33,76.0,2.33,257.67,0.0,0.0,10.0,977.0,NA
2026-03-18 20:00:00,68.0,83.0,6.67,37.33,25.67,57.33,34.67,0.0,21.67,0.0,2.33,NA,0.0,0.0,0.0,20.0,83.33,0.33,249.67,1.33,4.0,10.0,977.0,NA
2026-03-18 21:00:00,52.0,75.0,6.0,41.33,27.0,49.33,33.67,0.67,15.33,1.0,3.0,NA,0.0,0.0,0.33,20.0,88.67,0.0,246.33,0.0,0.0,10.0,977.0,NA
2026-03-18 22:00:00,48.0,64.0,6.67,47.33,30.67,43.67,34.0,1.0,12.33,1.0,3.0,NA,0.0,0.0,1.0,20.0,83.33,0.0,251.33,0.0,0.0,10.0,977.0,NA
2026-03-18 23:00:00,46.0,67.0,7.5,59.25,37.75,39.0,33.75,0.25,11.75,0.25,2.0,NA,0.0,0.0,0.25,20.5,74.75,0.5,260.5,0.0,0.0,10.0,977.0,NA
2026-03-19 00:00:00,66.0,88.0,6.33,44.67,29.0,46.0,33.33,0.0,13.0,0.0,1.0,NA,0.0,0.0,0.0,21.0,69.67,0.67,263.0,0.0,0.0,10.0,977.0,NA
2026-03-19 01:00:00,39.0,58.0,6.0,34.5,23.0,46.5,33.0,0.0,NA,1.0,1.0,NA,0.0,0.0,0.0,20.0,71.5,0.0,258.5,0.0,0.0,10.0,977.0,NA
2026-03-19 02:00:00,58.0,81.0,NA,NA,NA,NA,NA,NA,13.0,1.0,0.0,NA,0.0,0.0,0.0,20.0,75.0,0.0,255.0,0.0,0.0,10.0,977.0,NA
2026-03-19 03:00:00,39.0,64.0,8.0,37.5,26.5,54.5,32.5,0.0,13.0,1.0,0.0,NA,0.0,0.0,0.0,20.0,75.0,0.0,253.5,0.0,0.0,10.0,977.0,NA
2026-03-19 04:00:00,48.0,77.0,9.0,43.33,30.67,44.67,33.67,0.0,9.67,0.67,0.67,NA,0.0,0.0,0.0,20.0,72.67,0.0,256.33,0.0,0.0,10.0,977.0,NA
2026-03-19 05:00:00,46.0,83.0,10.0,40.67,29.67,44.33,34.0,0.0,10.0,0.0,0.0,NA,0.0,0.0,0.0,20.0,70.67,0.0,256.0,0.0,0.0,10.0,977.0,NA
2026-03-19 06:00:00,45.0,84.0,17.0,45.0,38.0,42.5,34.0,0.0,10.0,0.0,0.0,NA,0.0,0.0,0.0,20.0,74.0,0.0,252.0,0.0,0.0,10.0,977.0,NA
2026-03-19 07:00:00,NA,103.0,11.0,35.0,28.0,46.0,34.0,0.0,11.0,1.0,1.0,NA,0.0,0.0,0.0,20.0,75.0,0.0,256.0,0.0,0.0,47.0,977.0,NA
2026-03-19 08:00:00,59.0,94.0,11.33,41.0,31.33,48.67,35.67,0.67,10.67,1.0,1.0,NA,0.0,0.0,0.0,21.33,68.0,0.0,270.67,0.0,0.0,95.33,977.0,NA
2026-03-19 09:00:00,64.0,127.0,12.0,42.5,32.5,46.5,39.0,0.5,12.0,1.0,1.0,NA,0.0,0.0,0.0,22.0,64.0,0.0,284.5,0.0,0.0,96.0,977.0,NA
2026-03-19 10:00:00,99.0,180.0,13.33,54.67,40.33,38.67,42.0,1.0,12.67,1.33,1.0,NA,0.0,0.0,0.0,22.33,62.0,0.0,294.0,0.0,0.0,167.67,977.0,NA
2026-03-19 11:00:00,NA,NA,NA,NA,NA,NA,NA,NA,NA,NA,NA,NA,NA,NA,NA,NA,NA,NA,NA,NA,NA,NA,NA,NA
2026-03-19 12:00:00,NA,NA,NA,NA,NA,NA,NA,NA,NA,NA,NA,NA,NA,NA,NA,NA,NA,NA,NA,NA,NA,NA,NA,NA
2026-03-19 13:00:00,NA,NA,NA,NA,NA,NA,NA,NA,NA,NA,NA,NA,NA,NA,NA,NA,NA,NA,NA,NA,NA,NA,NA,NA
2026-03-19 14:00:00,56.0,119.0,4.0,35.33,22.0,40.33,41.0,0.0,18.33,1.67,4.33,NA,0.0,1.0,0.67,23.0,54.0,0.0,304.33,0.0,0.0,72.0,977.0,NA
2026-03-19 15:00:00,48.0,129.0,5.67,37.0,24.67,41.67,38.33,0.0,20.33,6.33,3.33,NA,0.0,0.0,0.33,23.0,57.33,0.67,299.33,0.0,0.0,70.67,977.0,NA
2026-03-19 16:00:00,41.0,119.0,6.33,39.0,26.0,41.67,36.67,0.0,18.33,1.0,2.33,NA,0.0,0.0,0.0,22.0,65.67,2.0,288.0,0.0,0.0,110.33,977.0,NA
2026-03-19 17:00:00,73.0,141.0,4.75,36.0,23.25,46.0,35.0,0.0,14.75,1.0,4.5,NA,0.0,0.75,0.0,21.25,74.0,2.0,271.5,0.0,0.0,39.75,977.75,NA
2026-03-19 18:00:00,85.0,127.0,8.67,33.67,25.0,41.67,35.33,0.0,12.0,1.0,3.67,NA,0.0,0.0,0.0,20.33,80.33,1.67,257.67,0.0,0.0,15.0,978.0,NA
2026-03-19 19:00:00,90.0,129.0,9.25,37.0,27.25,43.0,35.0,0.0,10.25,1.0,5.5,NA,0.0,0.0,0.0,20.0,80.5,1.25,250.0,0.0,0.0,10.0,977.25,NA
2026-03-19 20:00:00,73.0,105.0,7.75,35.25,25.25,45.0,34.0,0.0,10.75,0.0,3.0,NA,0.0,0.0,0.0,19.75,81.0,1.5,244.25,0.25,1.0,10.0,977.0,NA
2026-03-19 21:00:00,NA,NA,NA,NA,NA,NA,NA,NA,NA,NA,NA,NA,NA,NA,NA,NA,NA,NA,NA,NA,NA,NA,NA,NA
2026-03-19 22:00:00,27.0,47.0,6.5,29.0,21.0,45.0,32.5,0.0,13.0,0.0,1.5,NA,0.0,0.0,0.0,19.0,90.5,0.0,227.5,0.0,0.0,10.0,977.0,NA
2026-03-19 23:00:00,29.0,38.0,9.67,30.67,24.33,42.0,32.0,0.0,11.33,0.0,0.0,NA,0.0,0.0,0.0,19.0,90.0,0.0,228.33,0.0,0.0,9.67,977.0,NA
2026-03-20 00:00:00,25.0,28.0,18.0,46.0,39.33,37.67,32.33,0.0,9.67,0.0,0.0,NA,0.0,0.0,0.0,19.0,88.67,0.0,229.67,0.0,0.0,10.0,977.0,NA
2026-03-20 01:00:00,46.0,78.0,30.75,46.25,50.25,37.5,34.25,0.0,10.0,0.0,3.5,NA,0.0,0.0,0.0,19.0,87.75,0.0,233.5,0.0,0.0,10.0,977.0,NA
2026-03-20 02:00:00,58.0,95.0,18.0,44.0,38.0,51.0,35.0,0.0,13.0,0.5,8.0,NA,0.0,0.0,0.0,19.0,89.0,0.0,231.5,0.0,0.0,10.0,977.0,NA
2026-03-20 03:00:00,58.0,91.0,25.25,39.75,41.75,48.0,33.5,0.0,10.25,0.25,7.75,NA,0.0,0.75,0.5,19.0,88.25,0.0,233.5,0.0,0.0,10.0,977.0,NA
2026-03-20 04:00:00,73.0,112.0,15.0,41.33,34.33,44.33,34.0,0.0,9.33,0.0,9.67,NA,0.0,0.33,0.0,19.0,87.33,0.0,232.0,0.0,0.0,9.33,977.0,NA
2026-03-20 05:00:00,73.0,123.0,11.33,33.0,27.0,49.0,34.33,0.0,9.33,0.0,8.33,NA,0.0,0.67,0.0,18.67,89.0,1.0,227.33,0.0,0.0,10.0,977.0,NA
2026-03-20 06:00:00,147.0,184.0,10.0,27.0,23.0,51.0,33.0,0.0,10.0,0.0,1.0,NA,0.0,0.0,0.0,18.0,92.0,1.0,225.0,1.0,1.0,10.0,977.0,NA
2026-03-20 07:00:00,78.0,100.0,10.5,26.0,22.5,47.5,33.0,0.0,9.5,0.0,1.0,NA,0.0,0.0,0.0,18.0,92.0,1.0,223.5,0.0,0.0,14.0,977.0,NA
2026-03-20 08:00:00,68.0,99.0,9.67,30.33,24.33,47.67,33.33,0.0,10.67,0.0,1.0,NA,0.0,0.0,0.0,18.67,91.33,0.67,226.33,0.33,1.0,33.67,977.0,NA
2026-03-20 09:00:00,68.0,94.0,11.0,29.0,24.5,46.5,33.0,0.0,10.5,0.0,0.5,NA,0.0,0.0,0.0,19.0,91.0,0.5,228.0,0.0,0.0,35.0,977.0,NA
2026-03-20 10:00:00,83.0,103.0,8.0,31.67,23.67,45.67,33.33,0.0,11.33,0.0,0.67,NA,0.0,0.0,0.0,19.0,87.0,0.67,236.67,0.0,0.0,70.0,976.33,NA
2026-03-20 11:00:00,77.0,96.0,10.5,31.0,25.0,45.0,34.0,0.0,12.0,0.0,2.5,NA,0.0,0.0,0.0,19.5,84.5,0.5,242.0,0.0,0.0,79.0,976.0,NA
2026-03-20 12:00:00,46.0,58.0,8.0,34.33,25.33,44.33,33.67,0.0,13.33,3.0,5.67,NA,0.0,0.0,0.0,20.0,81.33,0.33,252.33,0.0,0.0,142.67,976.0,NA
2026-03-20 13:00:00,39.0,47.0,5.0,34.0,23.0,47.0,33.0,0.0,14.0,3.0,4.0,NA,0.0,0.0,0.0,21.0,74.0,0.0,263.0,0.0,0.0,97.0,976.0,NA
2026-03-20 14:00:00,35.0,48.0,7.5,27.0,21.0,49.5,33.0,0.0,16.5,0.0,7.0,NA,0.0,0.0,0.0,21.0,71.5,0.0,270.0,0.0,0.0,183.5,975.5,NA
2026-03-20 15:00:00,35.0,52.0,6.5,24.5,18.5,50.5,33.0,0.0,17.0,0.0,5.5,NA,0.0,0.0,0.0,22.0,65.5,0.0,288.0,0.0,0.0,205.5,974.5,NA
2026-03-20 16:00:00,33.0,48.0,5.0,30.67,20.0,50.33,33.0,0.0,16.0,0.0,3.33,NA,0.0,0.0,0.0,22.0,65.67,0.0,285.67,0.0,0.0,115.0,974.33,NA
2026-03-20 17:00:00,38.0,57.0,5.0,29.0,20.0,50.0,33.0,0.0,14.67,0.0,3.67,NA,0.0,0.0,0.0,22.0,67.33,0.0,278.67,0.0,0.0,56.0,974.0,NA
2026-03-20 18:00:00,NA,64.0,2.0,29.0,17.0,52.0,32.0,0.0,14.0,0.0,1.0,NA,0.0,0.0,0.0,21.0,61.0,0.0,274.0,0.0,0.0,11.0,973.0,NA
2026-03-20 19:00:00,50.0,67.0,4.33,30.0,19.67,52.0,32.0,0.0,14.33,0.0,1.0,NA,0.0,0.0,0.0,21.0,54.67,0.0,272.0,0.0,0.0,9.67,973.0,NA
2026-03-20 20:00:00,52.0,67.0,7.0,31.0,22.0,54.0,31.0,0.0,14.0,0.0,1.0,NA,0.0,0.0,0.0,21.0,52.0,0.0,270.0,0.0,0.0,10.0,973.0,NA
2026-03-20 21:00:00,58.0,83.0,5.25,34.0,22.0,54.0,32.0,0.0,12.75,0.0,2.5,NA,0.0,0.0,0.0,21.0,43.5,0.0,270.25,0.0,0.0,10.0,973.0,NA
2026-03-20 22:00:00,55.0,73.0,5.67,33.0,22.33,52.67,32.0,0.0,11.67,0.0,0.67,NA,0.0,0.0,0.0,21.0,43.0,0.0,266.67,0.0,0.0,10.0,973.0,NA
2026-03-20 23:00:00,50.0,81.0,9.33,41.0,30.0,46.67,32.0,0.0,9.67,0.0,0.67,NA,0.0,0.0,0.0,20.67,51.67,0.0,261.0,0.0,0.0,10.0,973.0,NA
2026-03-21 00:00:00,41.0,89.0,11.0,34.5,27.0,52.5,32.0,0.0,10.0,0.0,1.0,NA,0.0,0.0,0.0,20.0,48.5,0.0,258.5,0.0,0.0,10.0,973.0,NA
2026-03-21 01:00:00,38.0,59.0,8.33,32.33,24.33,53.33,32.33,0.0,10.0,0.0,1.33,NA,0.0,0.0,0.0,20.0,54.67,0.0,255.67,0.0,0.0,10.0,972.67,NA
2026-03-21 02:00:00,47.0,88.0,NA,NA,NA,NA,NA,NA,10.5,1.5,2.0,NA,0.0,0.0,0.0,20.0,51.5,0.0,257.0,0.0,0.0,10.0,972.5,NA
2026-03-21 03:00:00,55.0,113.0,54.0,33.0,61.0,47.0,35.0,0.0,9.0,6.0,4.0,NA,1.0,0.0,0.0,20.0,52.0,0.0,254.0,0.0,0.0,10.0,973.0,NA
2026-03-21 04:00:00,78.0,145.0,45.25,31.5,53.75,51.25,36.75,0.0,9.0,1.0,3.75,NA,0.0,0.75,0.0,20.0,43.0,0.0,253.5,0.0,0.0,10.0,972.5,NA
2026-03-21 05:00:00,NA,123.0,30.0,31.0,41.0,48.0,36.0,1.0,9.0,1.0,11.0,NA,0.0,1.0,1.0,20.0,39.0,0.0,246.0,0.0,0.0,10.0,972.0,NA
2026-03-21 06:00:00,97.0,156.0,36.67,30.0,46.0,50.0,36.33,1.0,8.33,1.0,17.0,NA,1.33,2.0,1.0,19.33,39.67,0.0,243.33,0.0,0.0,11.67,972.0,NA
2026-03-21 07:00:00,119.0,143.0,31.5,28.5,41.0,51.5,36.5,1.0,10.0,1.0,16.0,NA,2.0,2.0,1.0,20.0,41.0,0.0,244.0,0.0,0.0,23.5,972.0,NA
2026-03-21 08:00:00,91.0,96.0,25.0,38.5,41.0,46.5,36.5,1.0,10.5,1.0,10.5,NA,0.5,2.0,1.0,20.0,40.5,0.0,249.5,0.0,0.0,94.5,972.0,NA
2026-03-21 09:00:00,112.0,185.0,26.33,49.0,47.67,45.0,37.33,1.0,12.67,1.33,11.0,NA,1.0,2.0,1.0,21.33,40.0,0.0,271.0,0.0,0.0,186.33,972.33,NA
2026-03-21 10:00:00,160.0,234.0,9.75,43.25,31.25,46.0,38.0,0.5,15.5,1.0,6.75,NA,0.25,1.25,0.75,22.5,38.25,0.75,294.5,0.0,0.0,548.25,973.0,NA
2026-03-21 11:00:00,74.0,118.0,5.0,35.5,23.5,46.0,40.0,0.0,16.0,0.0,2.5,NA,0.0,0.0,0.0,24.0,39.0,1.0,325.5,0.0,0.0,564.0,973.0,NA
2026-03-21 12:00:00,74.0,128.0,5.5,34.5,23.0,45.0,39.0,0.0,16.0,0.0,2.5,NA,0.0,0.0,0.0,25.0,39.5,1.0,333.0,0.0,0.0,635.0,973.0,NA
2026-03-21 13:00:00,64.0,116.0,3.33,33.0,20.33,45.33,39.0,0.0,16.0,0.0,1.67,NA,0.0,0.0,0.0,26.0,39.67,1.0,356.67,0.0,0.0,518.0,972.67,NA
2026-03-21 14:00:00,55.0,102.0,6.67,29.33,21.0,44.0,38.0,0.0,21.0,0.0,1.0,NA,0.0,0.0,0.0,26.67,35.67,1.0,359.0,0.0,0.0,274.0,973.0,NA
2026-03-21 15:00:00,45.0,95.0,3.5,34.0,21.0,45.5,37.0,0.0,23.5,0.0,0.5,NA,0.0,0.0,0.0,26.0,36.5,0.5,350.0,0.0,0.0,204.5,972.5,NA
2026-03-21 16:00:00,39.0,99.0,3.0,34.0,20.5,44.5,36.5,0.0,29.5,0.0,1.0,NA,0.0,0.0,0.0,26.0,38.5,1.0,351.0,0.0,0.0,136.0,972.5,NA
2026-03-21 17:00:00,33.0,91.0,4.0,38.67,24.0,45.0,36.0,0.0,23.33,0.0,1.0,NA,0.0,0.0,0.0,25.0,36.33,0.67,340.0,0.0,0.0,57.67,972.33,NA
2026-03-21 18:00:00,56.0,130.0,5.67,47.33,30.0,48.0,35.33,0.0,17.33,0.0,2.33,NA,0.0,0.0,0.0,24.33,37.33,0.67,329.0,0.0,0.0,19.33,972.67,NA
2026-03-21 19:00:00,86.0,189.0,11.67,66.67,45.33,44.67,36.67,1.0,11.67,1.33,7.33,NA,0.0,0.67,0.67,24.0,32.67,0.0,322.0,0.0,0.0,10.0,972.33,NA
2026-03-21 20:00:00,133.0,271.0,18.0,66.5,50.5,42.5,38.0,1.0,10.0,2.0,7.0,NA,0.0,1.0,1.0,24.0,32.0,0.0,318.0,0.0,0.0,10.0,973.0,NA
2026-03-21 21:00:00,116.0,232.0,27.5,60.5,55.0,43.5,38.5,1.0,8.5,1.0,7.5,NA,1.0,1.0,1.0,23.0,31.5,0.0,305.0,0.0,0.0,10.0,973.0,NA
2026-03-21 22:00:00,167.0,311.0,30.75,55.0,54.25,47.0,39.75,1.0,9.75,1.75,13.0,NA,1.0,1.75,1.75,23.0,31.25,0.0,305.0,0.0,0.0,10.0,972.75,NA
2026-03-21 23:00:00,110.0,240.0,32.0,56.33,56.67,43.67,38.33,1.0,9.0,1.0,11.0,NA,0.33,1.0,1.0,23.0,32.33,0.0,302.33,0.0,0.0,10.0,972.33,NA
2026-03-22 00:00:00,96.0,272.0,19.67,51.67,43.67,53.0,37.67,0.0,9.33,0.67,6.0,NA,0.0,0.33,0.33,22.67,31.0,0.33,295.67,0.0,0.0,10.0,972.67,NA
2026-03-22 01:00:00,79.0,174.0,9.0,47.0,33.0,57.0,36.0,0.0,NA,0.0,6.5,NA,0.0,0.0,0.0,22.0,33.0,0.0,287.0,0.0,0.0,10.0,972.0,NA
2026-03-22 02:00:00,57.0,130.0,17.0,53.0,42.0,63.0,34.0,0.0,10.67,0.0,6.67,NA,0.0,0.0,0.0,22.0,33.0,0.0,284.0,0.0,0.0,10.0,972.0,NA
2026-03-22 03:00:00,73.0,178.0,8.75,45.0,31.25,72.0,34.25,0.0,11.0,0.0,3.75,NA,0.0,0.0,0.0,22.0,33.75,0.0,279.75,0.0,0.0,9.75,972.75,NA
2026-03-22 04:00:00,110.0,164.0,8.0,43.0,29.0,67.0,35.33,0.0,10.67,0.0,2.0,NA,0.0,0.0,0.0,21.0,31.33,0.0,274.67,0.0,0.0,9.67,972.67,NA
2026-03-22 05:00:00,180.0,259.0,6.67,38.67,26.0,68.33,35.33,0.0,11.0,0.0,1.33,NA,0.0,0.0,0.0,21.0,28.33,0.0,273.0,0.0,0.0,10.0,972.67,NA
2026-03-22 06:00:00,125.0,201.0,11.0,48.33,34.67,68.0,35.0,0.0,9.33,0.0,2.0,NA,0.0,0.0,0.0,21.0,29.0,0.0,271.0,0.0,0.0,13.33,973.0,NA
2026-03-22 07:00:00,129.0,204.0,10.0,44.0,32.0,66.5,35.0,0.0,11.0,0.0,2.0,NA,0.0,0.0,0.0,21.0,29.0,0.0,273.0,0.0,0.0,42.0,972.0,NA
2026-03-22 08:00:00,127.0,208.0,9.67,43.0,30.67,74.0,35.33,0.0,13.67,0.0,2.33,NA,0.0,0.0,0.0,22.0,27.33,1.0,283.67,0.0,0.0,81.33,973.0,NA
2026-03-22 09:00:00,168.0,232.0,8.33,38.0,27.33,69.67,36.67,0.0,16.0,0.33,1.0,NA,0.0,0.0,0.0,23.0,27.67,1.0,303.67,0.0,0.0,181.0,972.67,NA
2026-03-22 10:00:00,150.0,208.0,4.0,37.67,23.33,68.67,39.67,0.0,12.0,0.0,0.67,NA,0.0,0.0,0.0,24.33,27.33,1.0,323.0,0.0,0.0,545.67,972.33,NA
2026-03-22 11:00:00,88.0,140.0,7.0,29.33,21.33,66.0,42.67,0.0,10.33,0.0,0.0,NA,0.0,0.0,0.0,25.67,27.33,1.0,346.67,0.0,0.0,623.33,973.0,NA
2026-03-22 12:00:00,52.0,102.0,5.33,29.67,20.33,65.0,41.33,0.0,13.67,0.0,0.33,NA,0.0,0.0,0.0,27.0,27.33,1.0,NA,0.0,0.0,640.67,973.0,NA
2026-03-22 13:00:00,42.0,107.0,5.33,27.67,19.33,62.33,40.0,0.0,16.0,0.0,0.0,NA,0.0,0.0,0.0,28.0,27.33,1.33,NA,0.0,0.0,599.0,972.33,NA
2026-03-22 14:00:00,33.0,92.0,4.0,31.0,19.67,57.33,39.33,0.0,19.33,0.0,0.0,NA,0.0,0.0,0.0,27.67,27.0,1.67,NA,0.0,0.0,340.67,972.67,NA
2026-03-22 15:00:00,22.0,91.0,3.75,31.0,19.5,55.0,38.0,0.0,21.75,0.0,0.0,NA,0.0,0.0,0.0,27.0,27.0,1.25,NA,0.0,0.0,222.5,973.0,NA
2026-03-22 16:00:00,20.0,89.0,2.67,31.67,19.0,54.67,37.33,0.0,24.67,0.0,0.0,NA,0.0,0.0,0.0,27.0,27.0,1.0,NA,0.0,0.0,162.67,972.67,NA
2026-03-22 17:00:00,27.0,96.0,3.33,34.33,21.0,55.0,37.0,0.0,26.0,0.0,1.0,NA,0.0,0.0,0.0,27.0,27.0,1.0,NA,0.0,0.0,75.33,973.0,NA
2026-03-22 18:00:00,36.0,106.0,4.0,40.0,24.67,51.33,36.67,0.0,21.67,0.0,1.0,NA,0.0,0.0,0.0,26.0,26.33,0.33,349.67,0.0,0.0,18.0,973.67,NA
2026-03-22 19:00:00,44.0,129.0,5.0,56.33,34.33,48.67,37.0,1.0,14.0,0.0,2.0,NA,0.0,0.0,0.33,25.0,26.67,0.0,339.33,0.0,0.0,10.0,974.33,NA
2026-03-22 20:00:00,79.0,201.0,10.33,67.67,44.33,50.33,38.0,1.0,12.25,1.0,2.5,NA,0.0,0.25,1.0,25.0,25.25,0.0,332.0,0.0,0.0,9.25,973.0,NA
2026-03-22 21:00:00,122.0,240.0,17.75,64.75,49.0,49.75,38.0,1.0,10.25,1.0,7.5,NA,0.75,1.75,1.0,24.0,24.0,0.0,321.5,0.0,0.0,9.5,973.0,NA
2026-03-22 22:00:00,112.0,263.0,27.33,67.0,58.0,45.33,38.67,1.0,10.33,1.0,10.0,NA,1.0,1.0,1.0,24.0,24.0,0.0,320.67,0.0,0.0,9.67,973.0,NA
2026-03-22 23:00:00,125.0,283.0,20.67,60.0,48.67,54.0,38.0,1.0,9.33,1.0,11.0,NA,0.0,0.33,0.67,24.0,24.67,0.0,315.67,0.0,0.0,9.67,973.0,NA
2026-03-23 00:00:00,96.0,222.0,13.5,54.5,40.0,58.0,37.0,0.0,9.5,1.0,6.0,NA,0.0,0.0,0.0,24.0,24.0,0.0,314.0,0.0,0.0,9.5,973.0,NA
2026-03-23 01:00:00,79.0,164.0,8.5,46.25,32.0,54.25,35.25,0.0,11.0,0.0,10.25,NA,0.0,1.25,0.5,23.25,24.0,0.0,308.0,0.0,0.0,9.5,972.5,NA
2026-03-23 02:00:00,70.0,134.0,9.5,48.5,34.0,60.0,34.0,0.0,12.0,0.0,2.0,NA,0.0,0.0,0.0,23.0,23.0,0.0,305.67,0.0,0.0,9.33,972.33,NA
2026-03-23 03:00:00,66.0,124.0,14.33,50.33,38.67,55.0,33.67,0.0,9.67,0.0,1.0,NA,0.0,0.0,0.0,23.0,23.67,0.0,308.67,0.0,0.0,9.67,973.0,NA
2026-03-23 04:00:00,68.0,144.0,10.5,51.5,36.0,53.5,35.0,0.0,11.5,0.5,3.5,NA,0.0,0.0,0.0,23.0,24.0,1.0,306.5,0.0,0.0,10.0,973.0,NA
2026-03-23 05:00:00,99.0,152.0,5.67,37.67,24.67,58.0,34.33,0.0,16.33,0.0,2.67,NA,0.0,0.0,0.0,22.0,24.0,0.67,283.67,1.0,3.0,9.67,972.67,NA
2026-03-23 06:00:00,44.0,70.0,4.5,37.5,24.0,57.0,33.0,0.0,14.5,0.0,1.0,NA,0.0,0.0,0.0,22.0,24.5,0.0,279.0,0.0,0.0,10.0,973.0,NA
2026-03-23 07:00:00,51.0,73.0,8.0,35.67,25.33,56.33,33.0,0.0,12.67,0.0,0.67,NA,0.0,0.0,0.0,21.67,25.0,0.67,277.0,0.0,0.0,16.0,972.67,NA
2026-03-23 08:00:00,44.0,64.0,9.0,42.67,30.0,55.0,33.0,0.0,12.0,0.0,1.0,NA,0.0,0.0,0.0,22.0,25.0,0.0,280.33,0.0,0.0,20.67,973.0,NA
2026-03-23 09:00:00,39.0,57.0,11.0,41.0,31.0,53.33,33.33,0.67,12.67,0.0,1.33,NA,0.0,0.0,0.0,22.0,25.0,0.0,285.33,0.0,0.0,39.33,972.67,NA
2026-03-23 10:00:00,59.0,80.0,9.5,42.5,30.5,47.5,36.0,1.0,14.5,0.5,2.0,NA,1.0,0.0,0.5,23.0,25.0,0.0,297.5,0.0,0.0,97.0,972.0,NA
2026-03-23 11:00:00,77.0,95.0,7.75,39.0,27.0,47.5,36.75,1.0,15.0,1.0,2.75,NA,0.5,0.0,0.75,23.25,23.25,0.0,308.75,0.0,0.0,145.5,972.0,NA
2026-03-23 12:00:00,61.0,89.0,9.0,38.0,27.0,47.0,37.0,1.0,13.33,0.75,2.5,NA,0.25,0.25,1.0,24.75,23.0,0.25,332.0,0.0,0.0,286.5,972.0,NA
2026-03-23 13:00:00,45.0,96.0,3.0,50.0,29.0,55.0,9.0,0.0,9.0,0.0,4.0,NA,1.0,1.0,1.0,26.0,23.0,0.0,353.0,0.0,0.0,356.0,973.0,NA
2026-03-23 14:00:00,38.0,99.0,1.67,38.75,21.5,50.0,12.0,0.0,23.75,1.0,3.25,NA,0.0,0.75,0.5,27.75,22.5,0.25,NA,0.0,0.0,379.25,973.0,NA
2026-03-23 15:00:00,NA,NA,1.0,33.0,17.25,47.75,16.0,0.0,111.75,0.0,2.75,NA,0.0,0.0,0.0,27.25,22.25,0.0,NA,0.0,0.0,247.5,973.0,NA
2026-03-23 16:00:00,57.0,112.0,3.75,30.75,19.5,49.75,38.75,0.0,115.75,0.0,2.5,NA,0.0,0.0,0.0,27.25,22.25,0.0,NA,0.0,0.0,188.5,973.0,NA
2026-03-23 17:00:00,51.0,116.0,4.0,35.0,22.0,48.25,38.0,0.0,100.0,0.0,2.0,NA,0.0,0.0,0.0,27.5,22.5,0.0,NA,0.0,0.0,73.5,973.0,NA
2026-03-23 18:00:00,50.0,140.0,5.25,40.25,25.75,45.75,37.5,0.0,55.25,0.0,2.5,NA,0.25,0.0,0.5,25.5,23.0,0.0,345.75,0.0,0.0,21.25,973.0,NA
2026-03-23 19:00:00,45.0,150.0,6.25,66.0,40.25,33.5,37.25,1.0,23.75,0.25,5.0,NA,0.5,0.75,0.75,24.25,23.0,0.0,326.5,0.0,0.0,9.5,973.0,NA
2026-03-23 20:00:00,92.0,213.0,14.0,85.75,57.25,27.0,39.0,1.75,10.0,1.0,7.25,NA,1.5,1.5,2.0,24.0,23.75,0.0,322.25,0.0,0.0,9.25,973.0,NA
2026-03-23 21:00:00,157.0,367.0,43.0,91.0,83.25,18.75,43.25,3.0,8.75,2.0,10.0,NA,3.75,3.0,3.75,24.0,23.75,0.0,317.5,0.0,0.0,9.0,973.0,NA
2026-03-23 22:00:00,200.0,472.0,78.75,89.75,111.75,12.0,48.0,3.75,9.25,2.25,10.75,NA,5.75,5.0,5.25,24.0,24.0,0.0,313.25,0.0,0.0,9.25,973.0,NA
2026-03-23 23:00:00,227.0,556.0,77.25,84.5,108.0,27.25,51.5,3.75,11.0,3.0,12.75,NA,6.0,5.25,6.0,23.5,24.25,0.0,310.5,0.0,0.0,9.25,973.0,NA
2026-03-24 00:00:00,188.0,427.0,66.25,77.0,95.25,30.0,49.75,2.5,8.5,2.25,10.75,NA,4.5,4.5,4.5,23.0,24.0,0.0,307.5,0.0,0.0,9.0,973.0,NA
2026-03-24 01:00:00,143.0,350.0,74.25,65.0,94.5,26.5,47.5,2.0,9.0,2.0,7.5,NA,3.25,3.0,3.5,23.0,24.0,0.0,304.5,0.0,0.0,9.0,972.25,NA
2026-03-24 02:00:00,129.0,307.0,64.0,58.0,82.5,32.5,44.5,1.5,10.0,2.0,7.75,NA,2.75,3.0,3.0,23.0,24.0,0.0,302.0,0.0,0.0,9.5,972.25,NA
2026-03-24 03:00:00,112.0,251.0,55.0,60.25,76.5,39.5,44.0,1.25,8.0,1.75,7.0,NA,3.75,3.0,3.0,23.0,24.0,0.0,298.75,0.0,0.0,9.0,972.75,NA
2026-03-24 04:00:00,96.0,219.0,63.5,55.75,81.25,32.25,46.5,1.0,8.0,1.25,6.0,NA,3.5,3.0,3.0,23.0,24.0,0.0,296.25,0.0,0.0,9.0,972.75,NA
2026-03-24 05:00:00,107.0,211.0,79.0,49.25,90.75,28.25,50.75,1.0,8.0,5.0,7.25,NA,3.75,3.0,3.0,22.5,24.0,0.0,293.75,0.0,0.0,9.25,972.5,NA
2026-03-24 06:00:00,118.0,262.0,100.25,48.0,107.25,29.75,52.0,1.0,8.0,3.0,8.0,NA,3.75,3.0,3.0,22.25,24.5,0.0,291.75,0.0,0.0,13.25,973.0,NA
2026-03-24 07:00:00,122.0,326.0,77.0,69.5,99.75,33.75,56.25,1.0,8.25,1.5,8.5,NA,4.5,5.75,4.5,23.0,24.75,0.0,299.5,0.0,0.0,49.5,972.5,NA
2026-03-24 08:00:00,255.0,449.0,28.5,89.25,70.75,44.75,93.75,1.5,19.5,2.5,8.75,NA,4.0,5.5,4.5,23.75,24.0,0.0,316.0,0.0,0.0,105.5,972.25,NA
2026-03-24 09:00:00,470.0,636.0,7.75,60.25,38.5,49.0,85.5,0.75,52.5,2.5,5.0,NA,1.75,2.75,2.25,25.0,24.5,0.5,334.25,0.0,0.0,220.5,972.5,NA
2026-03-24 10:00:00,233.0,357.0,5.0,43.25,27.0,42.5,55.25,0.0,73.75,1.0,2.25,NA,0.0,1.0,0.5,26.0,25.25,0.75,347.67,0.0,0.0,567.25,972.75,NA
2026-03-24 11:00:00,114.0,227.0,4.5,32.75,21.25,37.5,48.75,0.0,94.5,0.5,1.5,NA,0.0,0.25,0.0,27.5,25.25,1.0,NA,0.0,0.0,634.0,973.0,NA
2026-03-24 12:00:00,79.0,169.0,7.0,30.25,22.0,34.75,45.75,0.0,96.0,0.0,1.0,NA,0.0,0.0,0.0,28.5,24.75,1.0,NA,0.0,0.0,645.25,973.0,NA
2026-03-24 13:00:00,57.0,149.0,5.25,30.25,20.5,35.75,42.25,0.0,89.0,0.0,0.75,NA,0.0,0.0,0.0,29.0,25.5,1.25,NA,0.0,0.0,638.0,973.0,NA
2026-03-24 14:00:00,40.0,123.0,4.5,27.75,18.0,33.5,40.5,0.0,85.0,0.0,0.5,NA,0.0,0.0,0.0,29.0,25.0,1.25,NA,0.0,0.0,430.0,973.0,NA
2026-03-24 15:00:00,36.0,130.0,3.75,31.0,19.75,36.25,40.75,0.0,90.5,0.0,0.25,NA,0.0,0.0,0.0,28.75,25.0,1.0,NA,0.0,0.0,251.5,973.0,NA
2026-03-24 16:00:00,44.0,139.0,3.0,33.5,20.5,35.75,40.0,0.0,92.25,0.0,0.75,NA,0.0,0.0,0.0,28.0,25.0,1.5,NA,0.0,0.0,202.25,973.0,NA
2026-03-24 17:00:00,46.0,157.0,4.5,34.0,22.0,37.0,38.75,0.0,90.75,0.0,1.0,NA,0.0,0.0,0.0,28.0,25.0,1.5,NA,0.0,0.0,71.75,973.0,NA
2026-03-24 18:00:00,57.0,160.0,5.0,53.5,33.0,32.0,38.75,0.75,58.75,0.0,2.25,NA,0.0,0.0,0.0,26.75,25.0,0.5,359.0,0.0,0.0,20.75,973.0,NA
2026-03-24 19:00:00,94.0,248.0,6.75,80.5,48.5,30.25,41.25,1.0,24.75,0.5,5.5,NA,0.0,0.75,0.5,26.0,25.0,0.0,351.25,0.0,0.0,9.75,973.0,NA
2026-03-24 20:00:00,124.0,370.0,18.25,90.0,63.0,24.5,46.5,1.75,10.5,1.25,10.0,NA,1.0,2.25,2.0,25.25,25.0,0.0,341.0,0.0,0.0,9.25,973.0,NA
2026-03-24 21:00:00,140.0,395.0,18.75,85.25,60.5,30.25,50.5,2.0,9.75,1.0,13.75,NA,3.5,3.0,3.0,25.0,25.0,0.0,334.5,0.0,0.0,9.25,973.0,NA
2026-03-24 22:00:00,152.0,385.0,14.5,81.5,55.5,30.75,53.0,1.25,12.25,1.0,9.25,NA,2.25,2.75,2.5,24.75,25.0,0.0,329.0,0.0,0.0,9.0,972.75,NA
2026-03-24 23:00:00,138.0,321.0,9.25,77.5,49.0,35.0,52.0,1.0,14.5,1.0,5.5,NA,1.0,2.0,1.25,24.0,25.5,0.0,322.75,0.0,0.0,9.0,972.5,NA
2026-03-25 00:00:00,121.0,298.0,40.33,89.0,80.33,17.67,48.67,1.0,8.0,0.33,3.33,NA,1.0,2.33,1.33,24.0,26.0,0.0,320.67,0.0,0.0,9.33,972.33,NA
2026-03-25 01:00:00,136.0,379.0,46.5,80.25,80.25,33.0,48.25,1.0,7.0,1.0,4.75,NA,1.75,3.5,2.25,24.0,26.0,0.0,315.5,0.0,0.0,9.25,972.0,NA
2026-03-25 02:00:00,147.0,339.0,26.5,74.5,61.0,43.5,46.0,0.5,36.75,0.75,4.75,NA,1.25,2.75,1.75,23.5,26.0,0.0,311.5,0.0,0.0,9.5,972.0,NA
2026-03-25 03:00:00,133.0,288.0,9.0,59.75,39.0,48.75,45.25,1.0,38.5,0.25,4.0,NA,0.0,1.0,1.0,23.0,26.0,0.0,303.25,0.0,0.0,9.5,972.0,NA
2026-03-25 04:00:00,149.0,295.0,27.75,66.25,57.5,36.5,44.0,1.0,9.75,1.0,4.0,NA,0.75,2.0,1.0,22.5,26.0,0.0,294.0,0.0,0.0,9.25,972.0,NA
2026-03-25 05:00:00,163.0,305.0,15.25,60.5,44.75,55.0,47.25,1.0,10.5,1.0,3.75,NA,1.0,1.5,1.0,22.5,26.0,0.0,294.0,0.0,0.0,9.25,972.25,NA
2026-03-25 06:00:00,182.0,298.0,12.75,59.5,42.5,61.0,51.5,1.0,9.5,1.0,3.25,NA,0.0,0.5,0.5,22.0,26.0,0.0,289.75,0.0,0.0,13.5,972.0,NA
2026-03-25 07:00:00,259.0,379.0,20.0,65.5,51.25,54.25,61.75,1.0,14.0,1.0,2.0,NA,0.0,0.0,0.0,22.75,26.0,0.0,297.5,0.0,0.0,49.0,972.0,NA
2026-03-25 08:00:00,283.0,454.0,11.5,56.5,39.75,70.0,68.0,1.0,38.0,1.25,2.0,NA,0.0,0.0,0.0,23.5,26.0,0.25,311.5,0.0,0.0,86.0,972.0,NA
2026-03-25 09:00:00,256.0,382.0,3.75,41.75,25.5,66.25,60.75,1.0,66.75,1.0,1.0,NA,0.0,0.0,0.0,24.5,26.0,1.0,328.5,0.0,0.0,222.5,972.0,NA
2026-03-25 10:00:00,153.0,280.0,6.0,35.75,24.25,61.75,52.25,1.0,91.5,0.0,1.0,NA,0.0,0.0,0.0,26.0,25.0,1.0,345.33,0.0,0.0,643.75,972.0,NA
2026-03-25 11:00:00,91.0,184.0,3.5,31.0,19.75,60.75,43.5,0.25,106.5,0.0,0.75,NA,0.0,0.0,0.0,27.75,26.0,1.0,NA,0.0,0.0,729.0,972.0,NA
2026-03-25 12:00:00,39.0,117.0,5.75,30.25,20.75,55.75,41.0,0.0,115.5,0.0,1.25,NA,0.0,0.0,0.0,28.75,26.0,0.75,NA,0.0,0.0,737.75,972.0,NA
2026-03-25 13:00:00,42.0,112.0,7.5,36.5,25.5,55.0,40.5,0.0,117.5,0.0,2.0,NA,0.0,0.0,0.0,30.0,26.0,1.0,NA,0.0,0.0,674.25,972.0,NA
2026-03-25 14:00:00,25.0,103.0,3.25,27.0,17.0,55.25,39.5,0.0,124.5,0.0,1.25,NA,0.0,0.0,0.0,29.75,26.0,1.0,NA,0.0,0.0,441.0,972.0,NA
2026-03-25 15:00:00,28.0,95.0,5.5,33.0,22.25,51.75,38.25,0.0,114.75,0.0,1.0,NA,0.0,0.0,0.0,29.25,25.0,1.0,NA,0.0,0.0,242.5,972.0,NA
2026-03-25 16:00:00,13.0,106.0,5.25,32.0,21.75,51.25,38.0,0.0,113.0,0.0,1.5,NA,0.0,0.0,0.0,29.0,25.0,1.0,NA,0.0,0.0,220.75,972.0,NA
2026-03-25 17:00:00,23.0,125.0,3.25,41.25,24.5,50.5,38.75,0.0,95.5,0.0,2.0,NA,0.0,0.0,0.0,28.5,24.75,0.5,NA,0.0,0.0,69.0,972.0,NA
2026-03-25 18:00:00,39.0,144.0,5.5,61.5,37.5,44.0,40.75,0.5,69.25,0.0,1.75,NA,0.0,0.0,0.0,27.75,25.25,0.0,NA,0.0,0.0,21.5,972.0,NA
2026-03-25 19:00:00,83.0,255.0,11.75,93.25,59.5,36.5,43.75,1.5,17.0,1.25,4.5,NA,0.25,1.0,1.0,26.5,24.75,0.0,358.0,0.0,0.0,9.25,972.0,NA
2026-03-25 20:00:00,171.0,462.0,14.0,89.75,59.25,41.0,48.25,1.5,13.5,1.75,8.25,NA,1.5,2.25,2.25,26.25,24.5,0.0,355.33,0.0,0.0,9.25,972.0,NA
2026-03-25 21:00:00,130.0,382.0,17.0,84.75,59.0,40.75,50.25,1.25,10.5,1.5,16.5,NA,1.5,2.0,2.0,26.0,25.5,0.0,353.5,0.0,0.0,9.0,972.0,NA
2026-03-25 22:00:00,149.0,423.0,14.75,76.0,52.75,44.75,50.0,1.0,10.5,1.75,30.5,NA,1.5,2.25,2.0,25.75,27.75,0.0,347.75,0.0,0.0,9.0,972.0,NA
2026-03-25 23:00:00,125.0,343.0,15.75,74.5,52.0,42.0,46.5,1.0,8.0,1.25,22.5,NA,2.0,2.5,2.25,25.0,27.5,0.0,336.5,0.0,0.0,9.75,972.0,NA
2026-03-26 00:00:00,103.0,261.0,14.5,71.0,49.75,43.75,46.25,1.0,9.25,1.0,7.5,NA,0.25,1.0,1.0,25.0,28.0,0.0,332.0,0.0,0.0,9.25,972.0,NA
2026-03-26 01:00:00,97.0,238.0,12.25,71.25,48.0,45.0,45.0,1.0,13.0,0.75,3.5,NA,0.0,0.0,0.25,25.0,28.0,0.0,333.75,0.0,0.0,9.0,972.0,NA
2026-03-26 02:00:00,81.0,244.0,17.0,76.5,54.5,47.5,43.0,0.5,18.0,0.75,6.75,NA,0.0,0.25,0.0,25.0,28.0,0.0,334.25,0.0,0.0,9.25,972.0,NA
2026-03-26 03:00:00,133.0,274.0,16.5,72.5,52.0,55.0,44.0,1.0,13.25,1.0,8.5,NA,0.0,1.0,0.5,25.0,28.5,0.0,329.0,0.0,0.0,9.25,972.0,NA
2026-03-26 04:00:00,123.0,251.0,20.75,63.0,50.5,46.75,47.75,1.0,12.5,1.5,5.5,NA,0.0,1.0,0.0,24.25,28.75,0.0,323.0,0.0,0.0,9.5,972.0,NA
2026-03-26 05:00:00,117.0,277.0,46.75,70.5,76.0,42.0,45.0,1.0,8.0,1.0,4.75,NA,0.0,1.0,0.75,23.5,28.75,0.0,311.75,0.0,0.0,9.25,972.0,NA
2026-03-26 06:00:00,140.0,288.0,83.75,71.5,106.25,41.5,46.0,1.0,8.5,1.0,5.0,NA,0.0,1.0,1.0,23.0,29.0,0.0,308.25,0.0,0.0,14.0,972.0,NA
2026-03-26 07:00:00,156.0,367.0,129.75,79.75,148.5,25.75,49.5,1.75,8.75,1.0,6.25,NA,1.0,1.25,1.25,24.0,29.5,0.0,315.75,0.0,0.0,42.75,972.0,NA
2026-03-26 08:00:00,202.0,414.0,36.0,108.75,87.75,58.75,57.25,1.5,24.0,1.75,5.75,NA,1.0,1.5,1.25,25.25,30.5,0.0,340.75,0.0,0.0,67.25,972.0,NA
2026-03-26 09:00:00,183.0,377.0,9.5,75.5,48.0,49.5,56.75,1.0,70.75,1.75,3.75,NA,0.25,1.0,1.0,26.5,30.5,0.25,358.0,0.0,0.0,233.0,972.0,NA
2026-03-26 10:00:00,119.0,274.0,5.25,59.0,36.0,47.5,54.0,1.0,135.75,1.0,3.75,NA,0.25,1.0,1.0,28.0,31.75,0.75,NA,0.0,0.0,599.5,972.25,NA
2026-03-26 11:00:00,128.0,313.0,3.0,40.5,23.25,50.25,46.5,0.75,147.25,0.5,4.75,NA,0.0,0.5,0.5,29.75,31.0,0.75,NA,0.0,0.0,685.0,972.0,NA
2026-03-26 12:00:00,52.0,164.0,3.25,36.25,22.0,53.25,42.75,0.0,154.5,0.0,2.5,NA,0.0,0.0,0.0,31.0,30.0,0.75,NA,0.0,0.0,645.0,972.0,NA
2026-03-26 13:00:00,45.0,157.0,3.5,29.75,19.0,53.5,41.5,0.0,150.75,0.0,1.0,NA,0.0,0.0,0.0,30.75,30.75,0.5,NA,0.0,0.0,482.5,972.25,NA
2026-03-26 14:00:00,42.0,138.0,3.25,29.25,18.25,54.25,42.0,0.0,141.5,0.0,1.0,NA,0.0,0.0,0.0,30.75,30.0,1.0,NA,0.0,0.0,338.5,972.0,NA
2026-03-26 15:00:00,35.0,119.0,5.25,36.75,23.75,53.0,40.75,0.0,130.25,0.0,0.5,NA,0.0,0.0,0.0,29.75,29.0,0.5,NA,0.0,0.0,173.75,972.0,NA
2026-03-26 16:00:00,35.0,128.0,4.25,39.25,24.75,53.0,41.0,0.0,120.5,0.0,2.0,NA,0.0,0.0,0.0,29.0,29.75,1.0,NA,0.0,0.0,110.5,972.0,NA
2026-03-26 17:00:00,44.0,168.0,3.0,49.75,29.25,52.25,42.75,0.0,95.0,0.0,1.25,NA,0.0,0.0,0.0,28.5,30.0,0.75,NA,0.0,0.0,60.25,972.0,NA
2026-03-26 18:00:00,58.0,221.0,6.25,65.0,39.75,47.0,43.5,1.0,57.25,0.0,4.5,NA,0.0,0.0,0.0,28.0,30.0,0.0,NA,0.0,0.0,23.0,972.0,NA
2026-03-26 19:00:00,85.0,289.0,14.0,94.0,61.5,42.75,45.75,1.25,23.5,1.5,16.25,NA,0.25,0.75,1.0,27.0,30.0,0.0,NA,0.0,0.0,9.5,972.0,NA
2026-03-26 20:00:00,164.0,451.0,17.0,89.75,62.0,47.25,50.0,1.0,15.5,1.75,34.5,NA,1.0,2.25,2.0,27.0,30.5,0.0,NA,0.0,0.0,9.75,972.0,NA
2026-03-26 21:00:00,128.0,396.0,13.5,84.0,55.5,48.75,50.0,1.0,16.75,1.75,46.25,NA,1.0,2.0,2.0,26.75,29.75,0.5,NA,0.0,0.0,9.5,972.0,NA
2026-03-26 22:00:00,156.0,404.0,5.25,43.75,27.5,61.75,48.25,0.25,55.25,0.75,10.25,NA,0.25,0.75,0.75,26.0,29.0,0.75,356.25,0.0,0.0,9.5,972.0,NA
2026-03-26 23:00:00,36.0,194.0,19.75,77.5,57.0,40.5,42.25,0.0,15.25,0.0,1.5,NA,0.0,0.0,0.0,26.0,29.0,0.0,355.75,0.0,0.0,9.25,972.0,NA
2026-03-27 00:00:00,45.0,260.0,14.5,68.75,48.5,51.25,42.75,0.0,14.0,0.0,2.0,NA,0.0,0.0,0.0,25.75,30.0,0.0,347.25,0.0,0.0,9.25,972.0,NA
2026-03-27 01:00:00,66.0,248.0,13.5,76.5,51.75,49.25,44.0,0.0,10.0,0.0,4.0,NA,0.0,0.0,0.0,25.0,30.0,0.0,340.25,0.0,0.0,9.25,972.0,NA
2026-03-27 02:00:00,68.0,219.0,10.0,74.0,47.5,58.5,43.5,0.0,16.5,0.0,4.25,NA,0.0,0.5,0.0,25.0,30.0,0.0,333.75,0.0,0.0,9.25,972.0,NA
2026-03-27 03:00:00,113.0,254.0,21.25,78.75,59.5,59.0,45.0,0.0,9.25,0.0,2.75,NA,0.0,0.0,0.0,24.5,30.25,0.0,328.25,0.0,0.0,9.25,972.0,NA
2026-03-27 04:00:00,144.0,257.0,11.0,66.75,44.75,61.0,48.0,0.0,15.5,0.0,1.75,NA,0.0,0.0,0.0,24.0,30.0,0.0,322.75,0.0,0.0,9.5,972.0,NA
2026-03-27 05:00:00,89.0,207.0,12.5,58.0,41.0,69.25,52.75,0.0,16.5,0.0,2.0,NA,0.0,0.25,0.0,24.0,30.5,0.75,318.25,0.0,0.0,9.25,972.0,NA
2026-03-27 06:00:00,123.0,234.0,10.25,49.0,35.0,94.5,46.75,0.0,21.0,0.0,1.75,NA,0.0,0.5,0.0,24.0,30.75,1.0,314.25,0.0,0.0,11.25,972.0,NA
2026-03-27 07:00:00,101.0,180.0,9.25,44.25,31.25,91.75,43.0,0.0,22.0,0.0,1.0,NA,0.0,0.0,0.0,23.75,33.5,1.0,311.0,0.0,0.0,38.0,972.0,NA
2026-03-27 08:00:00,100.0,183.0,10.75,44.0,32.25,95.5,45.25,1.0,24.25,0.0,1.0,NA,0.0,0.0,0.0,24.25,29.25,1.0,320.5,0.0,0.0,123.0,972.0,NA
2026-03-27 09:00:00,74.0,164.0,10.75,45.75,33.0,85.5,48.5,0.5,32.0,0.0,1.0,NA,0.0,0.0,0.0,25.0,29.5,1.0,338.5,0.0,0.0,171.5,972.0,NA
2026-03-27 10:00:00,59.0,163.0,8.75,49.25,33.5,83.75,49.75,0.75,41.25,0.0,1.0,NA,0.0,0.0,0.0,25.75,29.0,0.75,346.0,0.0,0.0,147.0,972.0,NA
2026-03-27 11:00:00,61.0,188.0,4.75,43.0,27.0,85.0,46.25,0.25,59.0,0.0,2.0,NA,0.0,0.0,0.0,26.5,28.25,0.0,355.0,0.0,0.0,279.75,972.0,NA
2026-03-27 12:00:00,40.0,136.0,4.0,30.33,18.0,79.0,41.67,0.0,92.67,0.0,2.67,NA,0.0,0.0,0.0,28.0,30.0,0.0,NA,0.0,0.0,494.33,972.0,NA
2026-03-27 13:00:00,35.0,129.0,4.0,22.25,15.75,74.75,39.75,0.0,92.5,0.0,0.75,NA,0.0,0.0,0.0,29.5,28.25,0.0,NA,0.0,0.0,575.0,972.5,NA
2026-03-27 14:00:00,16.0,102.0,4.0,26.5,17.5,69.25,39.0,0.0,106.0,0.0,0.25,NA,0.0,0.0,0.0,30.5,26.75,0.5,NA,0.0,0.0,409.75,973.0,NA
2026-03-27 15:00:00,25.0,110.0,4.25,26.75,18.25,67.0,39.0,0.0,95.25,0.0,1.0,NA,0.0,0.0,0.0,29.25,30.5,1.0,NA,0.0,0.0,216.0,973.0,NA
2026-03-27 16:00:00,34.0,95.0,3.75,29.0,18.75,63.5,37.5,0.0,88.75,0.0,1.0,NA,0.0,0.0,0.0,28.75,28.75,1.0,NA,0.0,0.0,192.25,973.0,NA
2026-03-27 17:00:00,31.0,119.0,4.0,35.25,22.75,63.25,37.75,0.0,82.25,0.0,1.0,NA,0.0,0.0,0.0,28.5,28.75,1.0,NA,0.0,0.0,79.75,973.0,NA
2026-03-27 18:00:00,30.0,153.0,4.25,51.5,30.75,62.0,39.0,0.25,63.75,0.0,1.75,NA,0.0,0.0,0.0,27.0,31.0,1.0,NA,0.0,0.0,21.25,973.0,NA
2026-03-27 19:00:00,52.0,205.0,7.0,62.5,39.0,58.75,42.0,1.0,42.5,0.25,3.0,NA,0.0,0.0,0.0,26.5,29.5,0.25,360.0,0.0,0.0,9.0,972.5,NA
2026-03-27 20:00:00,99.0,272.0,14.0,77.25,52.5,57.0,46.25,1.0,22.75,1.25,3.75,NA,0.0,0.5,0.5,26.0,29.25,0.0,354.25,0.0,0.0,9.25,972.25,NA
2026-03-27 21:00:00,152.0,340.0,8.75,75.25,46.75,57.5,49.25,1.0,18.75,1.0,6.75,NA,0.5,1.0,1.0,26.0,28.5,0.0,349.75,0.0,0.0,9.0,972.0,NA
2026-03-27 22:00:00,106.0,279.0,12.75,68.25,47.25,54.75,45.5,1.0,15.0,1.0,4.5,NA,0.0,0.75,0.5,25.25,29.0,0.0,343.5,0.0,0.0,9.25,972.0,NA
2026-03-27 23:00:00,72.0,235.0,19.0,71.5,53.5,52.75,42.5,1.0,10.0,0.5,5.5,NA,0.0,0.0,0.0,25.0,30.5,0.0,333.25,0.0,0.0,9.0,972.5,NA
2026-03-28 00:00:00,59.0,246.0,41.0,74.0,73.0,46.67,42.33,1.0,8.0,0.33,8.67,NA,0.0,0.33,0.0,25.0,28.67,0.0,333.33,0.0,0.0,9.0,972.0,NA
2026-03-28 01:00:00,70.0,282.0,48.25,71.5,77.25,52.25,42.75,1.0,7.0,0.0,3.75,NA,0.0,0.25,0.0,24.5,29.0,0.0,327.75,0.0,0.0,9.25,972.0,NA
2026-03-28 02:00:00,80.0,260.0,17.5,59.5,46.5,74.5,45.0,0.5,12.0,0.0,3.25,NA,0.25,0.75,0.5,24.0,29.75,0.0,324.5,0.0,0.0,9.25,972.0,NA
2026-03-28 03:00:00,118.0,227.0,15.25,60.5,44.75,70.25,53.5,1.0,9.75,0.25,2.75,NA,0.5,1.5,1.0,24.0,29.75,0.0,320.0,0.0,0.0,9.0,972.0,NA
2026-03-28 04:00:00,145.0,268.0,10.75,56.0,38.75,73.75,55.25,1.0,12.25,0.25,1.5,NA,0.0,1.0,0.5,24.0,30.25,0.0,316.0,0.0,0.0,9.25,972.0,NA
2026-03-28 05:00:00,158.0,263.0,14.0,62.75,44.75,75.5,51.75,1.0,9.25,0.0,3.75,NA,0.0,0.0,0.0,23.75,29.0,0.0,310.75,0.0,0.0,9.0,972.25,NA
2026-03-28 06:00:00,150.0,263.0,13.25,62.75,44.75,84.0,53.0,1.0,10.0,0.0,3.0,NA,0.0,0.0,0.0,23.0,28.5,0.0,307.75,0.0,0.0,14.25,972.0,NA
2026-03-28 07:00:00,168.0,289.0,16.0,58.25,44.5,79.75,57.25,1.0,17.25,1.0,2.5,NA,0.0,0.0,0.0,23.75,30.0,0.0,313.25,0.0,0.0,41.75,972.0,NA
2026-03-28 08:00:00,178.0,294.0,7.0,45.25,30.0,89.5,58.5,1.0,45.25,1.25,2.0,NA,0.0,0.0,0.0,24.5,30.5,0.0,327.0,0.0,0.0,74.25,972.0,NA
2026-03-28 09:00:00,123.0,223.0,5.25,46.25,29.0,76.75,56.5,1.0,79.5,1.0,1.25,NA,0.0,0.0,0.0,25.5,30.0,0.25,344.25,0.0,0.0,269.75,972.0,NA
2026-03-28 10:00:00,134.0,241.0,3.25,34.0,20.75,76.0,51.0,0.75,102.25,0.5,1.25,NA,0.0,0.0,0.0,26.75,30.0,0.5,354.0,0.0,0.0,586.75,972.0,NA
2026-03-28 11:00:00,64.0,155.0,3.75,28.75,18.5,70.0,45.25,0.0,111.0,0.0,0.0,NA,0.0,0.0,0.0,28.25,30.0,0.25,NA,0.0,0.0,644.25,972.0,NA
2026-03-28 12:00:00,45.0,123.0,3.25,31.0,19.0,64.0,44.25,0.0,123.5,0.0,0.75,NA,0.0,0.0,0.0,29.0,29.0,0.0,NA,0.0,0.0,539.5,972.0,NA
2026-03-28 13:00:00,46.0,130.0,3.0,30.25,18.5,60.25,43.75,0.0,130.0,0.0,1.0,NA,0.0,0.0,0.0,30.25,29.25,0.75,NA,0.0,0.0,631.5,972.75,NA
2026-03-28 14:00:00,40.0,122.0,3.25,23.25,15.25,57.5,41.0,0.0,122.25,NA,NA,NA,NA,NA,NA,30.0,29.25,0.75,NA,0.0,0.0,417.5,973.25,NA
2026-03-28 15:00:00,18.0,95.0,3.25,23.75,15.5,56.5,38.0,0.0,110.5,NA,NA,NA,NA,NA,NA,29.25,33.75,0.5,NA,0.0,0.0,223.25,973.75,NA
2026-03-28 16:00:00,16.0,91.0,5.5,25.0,17.75,54.25,38.0,0.0,112.25,0.0,0.67,NA,0.0,0.0,0.0,30.5,30.5,0.25,NA,0.0,0.0,268.5,973.0,NA
2026-03-28 17:00:00,22.0,92.0,5.0,38.0,24.33,52.0,38.0,0.0,85.0,0.0,2.0,NA,0.0,0.0,0.0,28.67,33.33,0.0,NA,0.0,0.0,77.67,973.0,NA
2026-03-28 18:00:00,28.0,111.0,5.25,48.5,30.25,50.75,40.0,0.25,70.0,0.25,2.75,NA,0.0,0.0,0.0,28.25,32.0,0.0,NA,0.0,0.0,24.0,972.25,NA
2026-03-28 19:00:00,53.0,169.0,4.67,61.0,36.33,50.67,40.33,0.67,38.67,0.0,2.0,NA,0.0,0.0,0.0,27.0,35.67,0.0,NA,0.0,0.0,9.33,972.33,NA
2026-03-28 20:00:00,42.0,169.0,12.5,77.5,51.75,43.5,41.0,1.0,11.0,0.0,3.25,NA,0.0,0.25,0.5,26.25,37.25,0.0,333.0,0.0,0.0,9.5,973.0,NA
2026-03-28 21:00:00,74.0,241.0,15.5,76.75,53.75,44.5,42.0,1.25,12.5,1.0,5.0,NA,0.25,1.25,1.0,25.75,36.75,0.0,345.0,0.0,0.0,9.5,972.5,NA
2026-03-28 22:00:00,83.0,290.0,40.25,79.0,75.25,36.0,55.75,2.0,7.5,1.5,8.0,NA,2.25,1.75,2.0,25.75,34.25,0.0,345.0,0.0,0.0,9.25,972.5,NA
2026-03-28 23:00:00,155.0,426.0,47.0,77.75,79.25,37.5,63.0,2.0,8.5,3.0,5.75,NA,3.0,1.25,2.25,25.0,36.25,0.0,340.25,0.0,0.0,9.5,972.5,NA
2026-03-29 00:00:00,158.0,384.0,76.25,81.0,105.5,25.25,71.0,2.0,18.75,3.25,7.0,NA,3.0,2.25,2.75,24.5,39.75,0.0,330.25,0.0,0.0,9.75,973.0,NA
2026-03-29 01:00:00,138.0,370.0,102.25,78.0,124.75,26.0,74.0,2.0,17.0,2.75,11.25,NA,3.0,3.0,3.0,25.0,32.25,0.0,335.0,0.0,0.0,9.0,972.0,NA
2026-03-29 02:00:00,134.0,370.0,83.0,80.0,110.5,36.5,62.5,1.5,14.0,2.0,13.75,NA,3.5,3.0,3.0,24.5,37.25,0.0,325.75,0.0,0.0,9.5,972.5,NA
2026-03-29 03:00:00,134.0,345.0,64.5,83.25,97.25,40.25,53.25,2.0,8.5,2.0,9.75,NA,2.5,3.0,3.0,25.0,31.5,0.0,331.5,0.0,0.0,9.25,972.0,NA
2026-03-29 04:00:00,112.0,283.0,35.75,81.25,72.5,40.25,51.75,1.0,7.5,1.5,5.25,NA,1.5,2.5,2.0,24.0,34.75,0.0,326.0,0.0,0.0,9.25,972.25,NA
2026-03-29 05:00:00,108.0,252.0,31.75,75.75,66.0,37.75,50.5,1.0,7.25,1.0,4.0,NA,1.0,1.75,1.5,23.75,37.25,0.0,319.5,0.0,0.0,9.0,972.5,NA
2026-03-29 06:00:00,119.0,273.0,18.75,78.0,57.0,42.25,50.75,1.0,8.25,1.0,4.0,NA,0.25,1.0,1.0,24.25,36.25,0.0,326.5,0.0,0.0,13.5,972.0,NA
2026-03-29 07:00:00,123.0,278.0,11.25,64.5,43.75,40.75,51.25,1.0,23.0,1.5,4.25,NA,0.75,1.0,1.0,25.0,37.0,0.0,333.0,0.0,0.0,63.75,972.0,NA
2026-03-29 08:00:00,110.0,249.0,5.25,50.0,31.0,45.0,50.75,1.0,54.25,1.0,1.75,NA,0.0,0.0,0.0,25.0,38.75,0.0,340.75,0.0,0.0,106.75,972.75,NA
2026-03-29 09:00:00,95.0,230.0,4.25,47.5,29.0,41.75,51.25,1.25,79.0,1.0,1.0,NA,0.0,0.0,0.0,26.75,35.75,0.5,358.0,0.0,0.0,287.5,972.25,NA
2026-03-29 10:00:00,100.0,240.0,4.25,38.0,23.75,37.5,49.5,1.0,103.0,1.0,1.0,NA,0.0,0.0,0.25,28.5,36.5,1.0,NA,0.0,0.0,461.5,973.0,NA
2026-03-29 11:00:00,80.0,211.0,5.33,37.0,22.75,38.25,48.25,1.5,117.25,1.0,0.5,NA,0.0,0.0,0.0,28.75,34.5,0.75,NA,0.0,0.0,481.75,973.25,NA
2026-03-29 12:00:00,108.0,241.0,2.0,32.5,19.25,37.5,45.75,1.25,131.5,0.75,0.5,NA,0.0,0.0,0.0,30.5,36.75,0.5,NA,0.0,0.0,636.25,973.75,NA
2026-03-29 13:00:00,51.0,177.0,3.5,29.25,18.0,39.0,43.0,1.0,147.75,0.0,0.5,NA,0.0,0.0,0.0,31.0,35.25,0.0,NA,0.0,0.0,511.75,974.0,NA
2026-03-29 14:00:00,50.0,158.0,2.33,30.0,17.5,38.75,42.0,0.0,121.0,0.5,1.75,NA,0.75,0.5,1.25,31.0,33.25,0.0,NA,0.0,0.0,293.5,973.25,NA
2026-03-29 15:00:00,40.0,160.0,3.0,30.25,18.0,38.5,41.5,0.0,135.5,0.0,0.0,NA,0.0,0.0,0.0,31.0,35.0,0.0,NA,0.0,0.0,213.75,973.5,NA
2026-03-29 16:00:00,41.0,178.0,3.25,31.5,19.5,41.25,42.0,0.0,133.75,0.0,0.0,NA,0.0,0.0,0.0,31.0,33.25,0.0,NA,0.0,0.0,172.5,973.0,NA
2026-03-29 17:00:00,44.0,178.0,2.5,32.25,19.5,39.75,41.75,0.0,126.5,0.0,0.0,NA,0.0,0.0,0.0,30.0,35.25,0.75,NA,0.0,0.0,69.0,973.75,NA
2026-03-29 18:00:00,42.0,208.0,3.75,34.0,21.25,40.5,42.0,0.0,120.25,0.0,0.0,NA,0.0,0.0,0.0,28.5,35.0,0.75,NA,0.0,0.0,19.5,973.0,NA
2026-03-29 19:00:00,66.0,233.0,4.25,34.25,22.25,39.5,43.0,1.0,100.0,0.0,0.5,NA,0.0,0.0,0.0,27.5,36.75,1.0,NA,0.0,0.0,9.25,973.25,NA
2026-03-29 20:00:00,86.0,223.0,4.5,36.25,23.25,40.5,42.0,1.0,82.25,0.0,0.0,NA,0.0,0.0,0.0,27.0,34.0,1.0,NA,0.0,0.0,9.25,973.0,NA
2026-03-29 21:00:00,73.0,193.0,4.5,42.75,26.5,38.0,41.0,1.0,63.75,0.0,0.0,NA,0.0,0.0,0.0,26.75,35.75,0.0,359.0,0.0,0.0,9.0,973.0,NA
2026-03-29 22:00:00,77.0,168.0,2.33,49.5,27.25,35.5,42.5,1.0,45.0,0.0,0.0,NA,0.0,0.0,0.0,26.0,34.0,0.0,357.25,0.0,0.0,9.5,973.0,NA
2026-03-29 23:00:00,77.0,190.0,3.5,52.25,31.0,35.0,44.5,1.0,32.75,0.75,1.0,NA,0.0,0.0,0.0,25.75,38.5,0.0,349.5,0.0,0.0,9.25,973.25,NA
2026-03-30 00:00:00,70.0,189.0,7.75,62.75,39.75,31.5,46.75,1.0,18.25,0.75,1.0,NA,0.0,0.0,0.0,26.0,35.5,0.0,348.25,0.0,0.0,9.0,973.25,NA
2026-03-30 01:00:00,68.0,212.0,9.25,68.0,43.75,30.0,53.5,1.0,18.0,0.5,2.0,NA,0.0,0.0,0.0,25.0,35.0,0.0,343.0,0.0,0.0,9.25,972.75,NA
2026-03-30 02:00:00,70.0,217.0,18.5,71.5,53.0,31.5,45.0,1.0,10.25,0.5,2.0,NA,0.0,0.75,0.75,24.75,40.5,0.0,337.5,0.0,0.0,9.0,973.25,NA
2026-03-30 03:00:00,81.0,205.0,54.5,69.5,81.25,29.0,44.0,1.0,10.0,0.25,2.0,NA,0.0,0.0,0.0,23.25,52.75,0.0,307.0,0.0,0.0,9.0,975.75,NA
2026-03-30 04:00:00,97.0,232.0,75.0,68.75,97.5,30.0,46.0,1.0,8.25,1.0,2.0,NA,0.0,0.0,0.0,23.75,44.75,0.0,316.0,0.0,0.0,9.5,974.25,NA
2026-03-30 05:00:00,103.0,227.0,65.5,58.75,84.5,32.75,47.25,1.0,8.5,1.0,2.0,NA,0.0,0.0,0.0,23.0,55.25,0.0,303.5,0.0,0.0,9.25,975.5,NA
2026-03-30 06:00:00,125.0,277.0,56.0,56.0,75.5,40.0,52.75,2.0,10.75,2.25,3.0,NA,0.0,0.0,0.0,23.25,46.0,0.0,308.5,0.0,0.0,18.5,974.25,NA
2026-03-30 07:00:00,246.0,444.0,53.25,65.25,77.75,34.0,59.5,2.0,11.25,3.0,3.0,NA,0.25,0.0,0.75,24.75,39.0,0.0,329.75,0.0,0.0,48.0,972.5,NA
2026-03-30 08:00:00,243.0,409.0,15.25,69.75,49.75,40.5,60.75,1.5,22.25,2.25,3.0,NA,0.5,0.75,1.0,24.75,48.0,0.0,329.75,0.0,0.0,81.25,975.5,NA
2026-03-30 09:00:00,106.0,285.0,5.0,47.0,29.25,34.25,52.75,1.0,49.5,1.0,1.75,NA,0.0,0.0,0.25,26.75,39.0,0.5,358.0,0.0,0.0,303.0,973.75,NA
2026-03-30 10:00:00,66.0,279.0,5.5,40.5,26.25,32.25,51.5,1.0,80.75,0.75,1.0,NA,0.0,0.0,0.0,27.5,41.25,1.0,NA,0.0,0.0,529.5,975.75,NA
2026-03-30 11:00:00,85.0,343.0,3.75,28.5,18.25,32.0,46.5,1.0,92.75,0.0,1.25,NA,0.0,0.0,0.0,29.5,36.0,0.5,NA,0.0,0.0,635.5,974.0,NA
2026-03-30 12:00:00,44.0,267.0,4.33,27.67,18.0,30.33,43.0,1.0,104.33,0.0,2.0,NA,0.0,0.0,0.0,30.33,34.67,0.67,NA,0.0,0.0,587.67,974.33,NA
2026-03-30 13:00:00,38.0,256.0,3.0,27.5,17.5,30.0,41.0,1.0,92.5,0.0,1.5,NA,0.0,0.0,0.0,29.25,35.0,1.0,NA,0.0,0.0,203.25,974.0,NA
2026-03-30 14:00:00,31.0,287.0,3.5,30.75,19.5,30.5,40.5,0.0,77.5,0.0,1.0,NA,0.0,0.0,0.0,28.25,35.5,1.5,NA,0.0,0.0,146.75,973.0,NA
2026-03-30 15:00:00,35.0,349.0,5.0,38.5,23.25,30.75,40.25,0.0,72.25,0.0,3.25,NA,0.0,0.25,0.25,27.5,38.0,1.25,NA,0.0,0.0,177.25,974.5,NA
2026-03-30 16:00:00,29.0,357.0,4.25,39.25,24.25,34.25,40.25,0.0,68.25,0.0,2.25,NA,0.0,0.0,0.0,26.75,38.0,1.75,352.0,0.0,0.0,31.5,973.5,NA
2026-03-30 17:00:00,48.0,326.0,6.0,41.5,27.0,35.5,41.0,0.0,41.25,0.0,3.75,NA,0.0,0.0,0.25,25.25,44.75,0.5,340.25,0.0,0.0,20.0,973.5,NA
2026-03-30 18:00:00,44.0,211.0,6.0,35.5,23.75,37.25,41.0,0.0,38.5,0.0,2.25,NA,0.0,0.0,0.0,26.0,41.5,0.0,351.25,0.0,0.0,24.25,972.5,NA
2026-03-30 19:00:00,27.0,152.0,7.67,48.75,30.25,30.25,40.0,0.5,26.0,0.25,3.5,NA,0.0,0.25,0.25,26.0,41.75,0.0,349.0,0.0,0.0,9.25,973.0,NA
2026-03-30 20:00:00,47.0,185.0,12.0,59.5,41.5,30.0,41.5,1.0,15.75,0.5,4.25,NA,0.25,1.0,1.0,25.0,45.75,0.0,335.25,0.0,0.0,9.25,974.5,NA
2026-03-30 21:00:00,77.0,251.0,18.5,67.0,50.5,27.5,44.25,1.5,9.5,1.0,3.75,NA,0.75,1.0,1.25,25.5,42.75,0.0,344.0,0.0,0.0,9.0,973.0,NA
2026-03-30 22:00:00,69.0,249.0,53.75,73.25,82.75,23.0,48.0,2.0,8.5,1.75,11.0,NA,3.25,2.75,3.25,25.0,45.5,0.0,335.75,0.0,0.0,9.5,974.0,NA
2026-03-30 23:00:00,78.0,300.0,72.25,60.5,91.5,28.25,49.0,1.0,11.0,1.5,15.5,NA,4.0,3.0,3.0,23.75,51.5,0.0,315.75,0.0,0.0,9.0,975.0,NA
2026-03-31 00:00:00,94.0,320.0,50.25,56.25,71.25,38.75,65.25,1.0,12.25,1.0,22.75,NA,3.25,3.0,2.5,23.75,50.5,0.0,316.25,0.0,0.0,9.0,974.25,NA
2026-03-31 01:00:00,145.0,320.0,44.25,55.25,65.25,34.0,62.0,1.0,23.0,1.0,16.5,NA,2.0,3.0,2.25,23.75,51.75,0.0,314.0,0.0,0.0,9.0,974.25,NA
2026-03-31 02:00:00,166.0,322.0,44.5,49.5,62.5,42.5,56.5,1.0,10.25,1.25,7.75,NA,1.5,3.0,2.0,23.75,47.5,0.0,317.25,0.0,0.0,9.25,972.75,NA
2026-03-31 03:00:00,285.0,421.0,31.25,48.0,51.25,46.75,61.75,1.0,9.0,1.0,5.5,NA,1.25,2.25,1.5,23.5,47.75,0.0,310.5,0.0,0.0,9.5,973.5,NA
2026-03-31 04:00:00,257.0,372.0,36.0,54.75,58.5,43.25,65.0,1.0,8.0,1.0,5.25,NA,0.75,1.0,0.75,24.0,47.25,0.0,314.5,0.0,0.0,9.0,973.0,NA
2026-03-31 05:00:00,188.0,311.0,39.5,50.5,58.75,40.0,59.0,1.0,8.25,1.0,8.75,NA,0.0,0.75,0.0,22.25,56.75,0.0,289.75,0.0,0.0,9.25,975.25,NA
2026-03-31 06:00:00,162.0,255.0,24.25,53.25,48.25,47.25,57.5,1.0,7.75,1.0,3.75,NA,0.5,1.0,0.75,23.5,47.0,0.0,311.5,0.0,0.0,23.5,973.0,NA
2026-03-31 07:00:00,114.0,217.0,24.25,59.75,52.25,47.25,54.5,1.0,10.5,0.75,2.75,NA,0.5,0.75,0.5,24.25,46.25,0.0,326.5,0.0,0.0,75.75,972.5,NA
2026-03-31 08:00:00,99.0,235.0,12.25,57.0,40.5,60.0,55.75,1.0,23.75,1.0,2.0,NA,0.0,0.0,0.0,24.25,49.5,0.0,325.25,0.0,0.0,112.25,975.0,NA
2026-03-31 09:00:00,114.0,239.0,7.25,40.25,27.5,57.75,50.25,0.5,43.5,0.5,1.5,NA,0.0,0.0,0.0,25.5,45.5,0.0,337.67,0.0,0.0,270.5,975.25,NA
2026-03-31 10:00:00,63.0,168.0,5.5,33.5,22.0,57.0,48.0,0.0,68.0,0.0,1.0,NA,0.0,0.0,0.0,26.75,42.5,0.0,357.0,0.0,0.0,341.75,975.0,NA
2026-03-31 11:00:00,52.0,194.0,5.25,30.75,21.0,57.5,47.25,0.0,87.25,0.0,1.25,NA,0.0,0.0,0.0,27.75,39.25,0.0,NA,0.0,0.0,618.0,975.25,NA
2026-03-31 12:00:00,44.0,158.0,3.75,24.5,16.5,54.75,44.5,0.0,97.0,0.0,1.0,NA,0.0,0.0,0.0,29.25,37.5,0.0,NA,0.0,0.0,522.5,975.0,NA
2026-03-31 13:00:00,31.0,140.0,4.5,23.75,16.25,53.0,43.0,0.0,101.5,0.0,2.0,NA,0.0,0.0,0.0,29.25,36.75,0.0,NA,0.0,0.0,308.75,974.5,NA
2026-03-31 14:00:00,36.0,141.0,2.5,22.75,12.5,53.5,42.25,0.0,101.5,0.0,3.25,NA,0.0,0.0,0.0,29.25,37.25,0.0,NA,0.0,0.0,210.5,974.5,NA
2026-03-31 15:00:00,39.0,141.0,5.5,30.0,21.0,51.75,40.25,0.0,79.0,0.0,1.25,NA,0.0,0.0,0.0,27.0,42.25,0.0,357.0,0.0,0.0,24.5,974.5,NA
2026-03-31 16:00:00,44.0,177.0,4.33,50.5,29.5,49.0,42.0,0.75,59.0,0.25,3.5,NA,0.25,0.75,0.75,25.25,48.75,0.5,337.0,0.0,0.0,14.5,975.75,NA
2026-03-31 17:00:00,47.0,186.0,2.5,38.25,22.5,55.75,40.0,0.0,46.25,0.5,3.25,NA,0.75,1.25,0.75,23.0,53.75,0.5,303.5,0.0,0.0,13.25,973.75,NA
2026-03-31 18:00:00,20.0,64.0,5.0,43.75,27.25,52.5,39.25,0.25,35.75,0.5,5.5,NA,1.75,2.0,1.75,23.25,50.25,0.75,306.25,0.25,1.0,10.0,973.0,NA
2026-03-31 19:00:00,23.0,56.0,14.75,56.75,42.75,45.25,40.25,1.25,17.75,0.75,2.5,NA,0.5,0.5,1.0,21.75,68.0,0.0,277.25,0.0,0.0,9.75,977.25,NA
2026-03-31 20:00:00,58.0,83.0,15.75,64.0,47.0,48.75,42.75,1.25,11.75,1.25,6.0,NA,3.25,2.75,3.5,23.25,53.25,0.25,306.75,0.0,0.0,9.5,974.25,NA
2026-03-31 21:00:00,23.0,64.0,6.5,54.75,34.75,46.75,42.25,1.0,19.25,0.75,3.25,NA,0.75,1.0,1.25,23.0,56.75,0.0,300.25,0.0,0.0,9.5,974.5,NA
2026-03-31 22:00:00,30.0,72.0,23.75,62.5,52.75,38.75,42.0,1.0,8.25,1.0,3.25,NA,1.0,1.0,1.75,23.25,52.25,0.0,303.25,0.0,0.0,9.5,973.25,NA
2026-03-31 23:00:00,33.0,91.0,17.75,50.75,41.75,47.0,42.25,1.0,10.25,1.0,4.5,NA,0.75,1.0,1.25,23.25,52.75,0.5,310.25,0.0,0.0,10.0,972.75,NA
2026-04-01 00:00:00,36.0,100.0,8.5,34.0,25.5,50.0,41.0,0.0,21.0,0.5,6.5,NA,0.5,1.0,1.0,23.0,51.5,0.5,300.0,0.0,0.0,9.5,972.5,NA
2026-04-01 01:00:00,27.0,59.0,7.25,34.75,24.75,46.25,38.75,0.0,25.0,0.0,1.0,NA,0.0,0.0,0.0,22.0,56.0,0.0,284.5,0.0,0.0,9.75,974.0,NA
2026-04-01 02:00:00,19.0,58.0,6.5,28.0,20.5,49.5,38.0,0.0,25.5,0.0,0.0,NA,0.0,0.0,0.0,22.0,51.75,0.0,287.75,0.0,0.0,9.5,972.0,NA
2026-04-01 03:00:00,40.0,68.0,6.25,38.0,25.5,52.25,39.25,0.0,15.0,0.0,0.25,NA,0.0,0.0,0.0,22.0,53.0,0.0,284.75,0.0,0.0,10.0,972.0,NA
2026-04-01 04:00:00,56.0,96.0,6.0,40.75,26.5,47.0,40.0,0.0,15.0,0.0,0.0,NA,0.0,0.0,0.0,22.0,52.75,0.0,282.75,0.0,0.0,9.75,972.25,NA
2026-04-01 05:00:00,40.0,92.0,7.25,39.5,27.0,42.25,38.75,0.0,12.75,0.0,0.75,NA,0.0,0.0,0.0,21.75,56.25,0.0,280.75,0.0,0.0,9.0,972.75,NA
2026-04-01 06:00:00,30.0,105.0,12.75,41.25,33.0,45.0,39.25,0.0,9.5,0.0,1.0,NA,0.0,0.0,0.0,22.0,53.75,0.0,286.75,0.0,0.0,19.0,972.0,NA
2026-04-01 07:00:00,46.0,130.0,16.0,49.75,39.75,41.0,42.0,0.25,12.5,0.0,1.5,NA,0.0,0.0,0.0,22.75,56.25,0.0,296.25,0.0,0.0,53.0,972.0,NA
2026-04-01 08:00:00,72.0,162.0,14.0,61.0,44.0,45.5,45.25,0.0,25.25,1.0,2.0,NA,0.0,0.0,0.0,23.5,56.25,0.0,312.5,0.0,0.0,73.25,972.0,NA
2026-04-01 09:00:00,92.0,191.0,6.75,58.5,36.75,42.25,47.0,0.0,54.5,1.0,2.0,NA,0.0,0.0,0.0,24.75,51.75,0.0,329.75,0.0,0.0,354.0,973.25,NA
2026-04-01 10:00:00,83.0,194.0,6.25,49.0,31.25,37.75,45.5,0.0,87.5,0.5,2.0,NA,0.0,0.5,0.5,26.0,46.5,0.0,349.67,0.0,0.0,687.25,974.5,NA
2026-04-01 11:00:00,56.0,175.0,3.0,40.25,24.25,38.0,42.5,0.0,115.0,0.0,1.0,NA,0.0,0.0,0.0,28.25,39.5,0.0,NA,0.0,0.0,648.5,974.5,NA
2026-04-01 12:00:00,34.0,132.0,3.0,37.5,22.5,36.0,47.25,NA,134.5,0.0,1.0,NA,0.0,0.0,0.0,28.75,38.25,0.0,NA,0.0,0.0,635.5,974.25,NA
2026-04-01 13:00:00,30.0,116.0,4.75,36.75,23.25,35.25,43.0,NA,140.75,0.0,1.5,NA,0.0,0.0,0.0,29.0,38.25,0.25,NA,0.0,0.0,490.5,975.25,NA
2026-04-01 14:00:00,27.0,106.0,3.75,35.25,22.0,34.0,39.75,0.0,143.25,0.0,1.25,NA,0.0,0.0,0.0,28.5,39.0,0.0,NA,0.0,0.0,327.0,975.5,NA
2026-04-01 15:00:00,22.0,124.0,3.0,32.33,19.67,33.67,39.67,0.0,163.33,0.0,1.33,NA,0.0,0.0,0.0,28.67,38.67,0.0,NA,0.0,0.0,259.67,975.33,NA
2026-04-01 16:00:00,18.0,123.0,3.25,30.0,18.75,35.0,38.5,0.0,163.25,0.0,1.75,NA,0.0,0.0,0.0,29.0,37.0,0.0,NA,0.0,0.0,193.75,975.25,NA
2026-04-01 17:00:00,28.0,114.0,4.0,35.75,22.5,33.0,37.75,0.0,117.5,0.0,1.0,NA,0.0,0.0,0.0,27.75,41.25,0.0,NA,0.0,0.0,76.0,975.25,NA
2026-04-01 18:00:00,33.0,128.0,4.0,41.5,25.5,35.5,38.25,0.0,102.5,0.0,2.0,NA,0.0,0.0,0.0,26.5,43.25,0.0,356.5,0.0,0.0,23.5,975.25,NA
2026-04-01 19:00:00,33.0,143.0,4.5,57.75,34.5,34.5,39.75,1.0,60.75,0.0,2.5,NA,0.0,0.0,0.0,25.0,48.5,0.0,337.75,0.0,0.0,9.75,976.0,NA
2026-04-01 20:00:00,81.0,280.0,3.25,57.5,33.5,39.0,41.5,1.0,42.0,0.5,2.0,NA,0.0,0.0,0.0,24.75,50.0,0.0,331.25,0.0,0.0,9.5,975.5,NA
2026-04-01 21:00:00,85.0,211.0,4.75,56.25,34.0,36.0,42.0,1.0,31.0,0.25,2.0,NA,0.0,0.0,0.25,24.75,50.25,0.0,329.25,0.0,0.0,9.5,974.75,NA
2026-04-01 22:00:00,74.0,199.0,6.67,54.0,32.25,36.5,44.75,1.0,23.5,0.0,1.75,NA,0.0,0.0,0.0,23.75,53.0,0.0,315.0,0.0,0.0,9.0,975.5,NA
2026-04-01 23:00:00,92.0,212.0,9.0,65.75,42.5,36.0,54.25,1.0,16.25,1.0,1.0,NA,0.0,0.0,0.0,24.0,51.75,0.0,320.75,0.0,0.0,9.25,974.5,NA
2026-04-02 00:00:00,107.0,217.0,7.75,54.5,35.5,40.25,53.25,1.0,23.25,1.5,1.25,NA,0.0,0.0,0.0,23.5,53.0,0.0,310.75,0.0,0.0,9.5,975.25,NA
2026-04-02 01:00:00,102.0,183.0,5.25,54.25,33.5,37.5,48.75,1.0,20.0,1.0,0.5,NA,0.0,0.0,0.0,22.5,56.75,0.0,294.5,0.0,0.0,9.5,976.5,NA
2026-04-02 02:00:00,95.0,169.0,5.5,47.5,29.5,42.0,46.0,0.5,29.25,1.0,0.0,NA,0.0,0.0,0.0,22.5,56.75,0.0,294.5,0.0,0.0,9.0,975.5,NA
2026-04-02 03:00:00,91.0,155.0,4.5,40.75,25.25,45.25,45.25,0.0,37.5,0.5,0.0,NA,0.0,0.0,0.0,22.25,57.0,0.0,291.0,0.0,0.0,9.25,975.75,NA
2026-04-02 04:00:00,68.0,132.0,4.75,48.25,29.25,39.25,45.25,0.0,25.25,0.0,0.0,NA,0.0,0.0,0.0,22.25,58.0,0.0,288.5,0.0,0.0,9.25,975.5,NA
2026-04-02 05:00:00,69.0,146.0,8.5,58.5,38.25,35.0,47.25,0.25,13.75,0.0,0.0,NA,0.0,0.0,0.0,22.25,59.25,0.0,285.75,0.0,0.0,9.25,975.0,NA
2026-04-02 06:00:00,102.0,213.0,22.5,63.25,52.0,35.25,47.25,1.0,7.25,1.0,1.0,NA,0.0,0.0,0.0,21.75,60.75,0.0,284.0,0.0,0.0,17.5,974.75,NA
2026-04-02 07:00:00,124.0,282.0,52.0,62.75,75.75,37.5,53.25,1.5,10.25,1.25,1.25,NA,0.0,0.0,0.0,22.5,59.5,0.0,296.5,0.0,0.0,72.75,975.75,NA
2026-04-02 08:00:00,157.0,357.0,15.5,66.25,48.0,44.0,60.0,1.0,23.75,1.25,1.5,NA,0.0,0.0,0.25,24.5,52.0,0.0,328.0,0.0,0.0,110.25,974.25,NA
2026-04-02 09:00:00,173.0,377.0,13.25,85.75,56.25,34.5,67.0,1.5,39.75,1.5,1.5,NA,0.0,0.0,0.25,25.0,49.25,0.0,341.25,0.0,0.0,301.75,975.5,NA
2026-04-02 10:00:00,227.0,451.0,7.25,63.75,40.5,35.75,60.25,1.0,96.75,1.5,2.0,NA,0.0,0.0,0.75,27.75,41.25,0.0,353.0,0.0,0.0,624.0,976.0,NA
2026-04-02 11:00:00,103.0,256.0,5.0,37.25,24.0,29.75,46.0,0.25,112.75,0.5,1.5,NA,0.25,0.0,0.5,29.25,36.75,0.0,NA,0.0,0.0,541.75,975.5,NA
2026-04-02 12:00:00,41.0,127.0,4.0,34.5,20.5,31.75,44.75,0.0,155.0,0.0,0.25,NA,0.0,0.0,0.0,30.5,36.0,0.0,NA,0.0,0.0,643.75,975.5,NA
2026-04-02 13:00:00,34.0,143.0,3.0,29.75,18.5,32.25,43.0,0.0,173.75,0.0,1.0,NA,0.0,0.0,0.0,30.75,35.75,0.0,NA,0.0,0.0,627.75,976.25,NA
2026-04-02 14:00:00,34.0,132.0,4.75,29.0,19.5,33.0,42.0,0.0,190.25,0.0,1.25,NA,0.0,0.0,0.0,31.0,35.5,0.25,NA,0.0,0.0,412.0,976.0,NA
2026-04-02 15:00:00,31.0,122.0,3.5,29.0,18.5,33.25,41.25,0.0,202.5,0.0,1.25,NA,0.0,0.0,0.5,30.25,36.25,0.0,NA,0.0,0.0,237.75,976.25,NA
2026-04-02 16:00:00,46.0,168.0,3.33,33.75,20.0,34.75,41.25,0.0,189.25,0.0,0.5,NA,0.0,0.0,0.0,30.25,36.5,0.0,NA,0.0,0.0,190.5,976.0,NA
2026-04-02 17:00:00,45.0,144.0,3.25,41.0,24.5,35.0,41.0,0.0,158.0,0.0,0.0,NA,0.0,0.0,0.0,29.25,38.5,0.0,NA,0.0,0.0,79.0,976.75,NA
2026-04-02 18:00:00,46.0,155.0,4.33,56.0,33.33,28.67,41.0,1.0,113.0,0.67,2.67,NA,1.0,0.67,1.67,27.33,43.0,0.0,NA,0.0,0.0,16.67,976.33,NA
2026-04-02 19:00:00,47.0,188.0,4.0,63.25,37.25,30.25,43.5,1.0,93.75,0.5,5.25,NA,0.25,1.5,1.5,26.0,44.75,0.0,355.5,0.0,0.0,9.25,976.25,NA
2026-04-02 20:00:00,79.0,269.0,3.0,66.5,37.75,30.25,46.0,1.0,71.0,1.0,8.5,NA,0.5,1.5,1.25,26.0,45.0,0.0,355.0,0.0,0.0,9.0,976.0,NA
2026-04-02 21:00:00,102.0,309.0,4.0,64.5,37.75,33.75,51.75,1.0,48.5,1.0,9.5,NA,1.0,1.5,1.25,26.0,45.5,0.0,349.0,0.0,0.0,9.25,976.0,NA
2026-04-02 22:00:00,103.0,307.0,13.5,85.0,56.5,28.5,56.25,1.75,14.25,1.0,4.5,NA,0.25,1.0,1.0,24.75,49.25,0.0,333.25,0.0,0.0,9.75,976.25,NA
2026-04-02 23:00:00,133.0,354.0,31.75,81.75,69.75,28.75,55.75,2.0,8.25,2.5,3.25,NA,1.75,1.0,1.75,24.25,52.5,0.0,326.25,0.0,0.0,9.25,976.75,NA
2026-04-03 00:00:00,136.0,373.0,42.0,81.0,77.5,29.5,57.0,2.0,8.5,3.0,3.75,NA,1.75,1.0,2.0,24.0,53.75,0.0,321.25,0.0,0.0,9.5,976.75,NA
2026-04-03 01:00:00,141.0,350.0,98.5,76.5,121.0,18.5,64.25,2.0,12.0,3.5,5.75,NA,2.0,1.75,2.25,24.0,54.75,0.0,316.75,0.0,0.0,9.25,976.5,NA
2026-04-03 02:00:00,125.0,382.0,93.5,70.0,113.5,27.0,53.0,2.0,10.75,2.25,7.0,NA,2.5,2.75,3.0,23.75,55.0,0.0,318.5,0.0,0.0,9.75,975.25,NA
2026-04-03 03:00:00,130.0,343.0,75.5,73.75,100.5,31.25,51.5,2.0,9.25,2.0,6.0,NA,2.5,4.0,3.0,24.0,55.0,0.0,318.25,0.0,0.0,9.0,975.75,NA
2026-04-03 04:00:00,122.0,318.0,93.5,74.75,115.0,28.25,53.25,1.75,8.75,2.0,5.5,NA,1.0,3.0,2.25,23.5,57.5,0.25,309.75,0.0,0.0,9.75,976.75,NA
2026-04-03 05:00:00,119.0,312.0,16.75,57.5,44.25,38.25,61.25,0.75,16.25,2.0,6.25,NA,2.25,2.75,2.25,22.75,59.5,1.0,300.5,0.0,0.0,9.25,976.75,NA
2026-04-03 06:00:00,155.0,577.0,5.25,26.25,18.0,39.25,46.5,0.0,36.0,0.5,2.25,NA,0.25,0.25,0.25,22.25,64.0,2.0,286.5,0.0,0.0,12.5,976.5,NA
2026-04-03 07:00:00,151.0,NA,4.0,26.5,17.25,33.5,41.25,0.0,43.0,0.0,0.0,NA,0.0,0.0,0.0,22.0,65.25,1.5,283.75,0.0,0.0,32.5,976.25,NA
2026-04-03 08:00:00,135.0,NA,6.0,27.75,20.0,36.25,40.75,0.0,45.0,0.0,0.0,NA,0.0,0.0,0.0,22.5,63.0,1.5,291.0,0.0,0.0,112.0,976.75,NA
2026-04-03 09:00:00,122.0,NA,4.75,27.75,19.0,34.75,41.0,0.0,51.25,0.0,0.0,NA,0.0,0.0,0.0,23.5,59.0,1.25,307.5,0.0,0.0,376.0,976.75,NA
2026-04-03 10:00:00,91.0,924.0,6.0,27.25,19.25,32.0,41.75,0.0,58.75,0.0,0.0,NA,0.0,0.0,0.0,24.0,54.5,1.0,322.5,0.0,0.0,210.5,976.5,NA
2026-04-03 11:00:00,68.0,582.0,7.0,32.75,23.25,29.5,41.5,0.0,60.25,0.0,0.75,NA,0.0,0.0,0.0,25.5,47.75,1.0,345.0,0.0,0.0,469.5,976.5,NA
2026-04-03 12:00:00,50.0,416.0,4.25,26.5,17.75,32.5,40.5,0.0,80.25,0.0,2.0,NA,0.0,0.0,0.0,26.75,42.5,1.0,358.0,0.0,0.0,465.75,976.25,NA
2026-04-03 13:00:00,36.0,315.0,3.75,26.0,17.0,30.5,40.0,0.0,89.25,0.0,1.0,NA,0.0,0.0,0.0,27.75,41.0,0.25,NA,0.0,0.0,513.5,976.25,NA
2026-04-03 14:00:00,35.0,271.0,3.25,24.5,16.0,30.75,40.0,0.0,105.0,0.0,1.5,NA,0.0,0.0,0.0,28.5,39.75,0.0,NA,0.0,0.0,319.25,976.5,NA
2026-04-03 15:00:00,40.0,232.0,2.5,26.0,16.5,31.0,40.0,0.0,86.5,0.0,1.5,NA,0.0,0.0,0.0,28.0,41.0,0.0,NA,0.0,0.0,181.0,976.0,NA
2026-04-03 16:00:00,35.0,206.0,3.67,21.67,14.67,47.0,36.67,0.0,73.25,0.0,2.0,NA,0.0,0.0,0.0,27.5,42.25,0.0,NA,0.0,0.0,116.5,976.0,NA
2026-04-03 17:00:00,30.0,199.0,2.5,21.5,13.75,42.75,35.75,0.0,79.25,0.0,1.75,NA,0.0,0.0,0.0,27.5,42.25,0.0,NA,0.0,0.0,76.25,977.5,NA
2026-04-03 18:00:00,33.0,185.0,4.0,34.0,21.75,36.75,36.75,0.25,59.0,0.0,1.0,NA,0.0,0.0,0.0,25.5,47.0,0.25,346.33,0.0,0.0,18.5,978.0,NA
2026-04-03 19:00:00,50.0,385.0,4.33,35.25,21.5,38.0,37.75,0.0,47.75,0.25,3.75,NA,0.5,0.25,0.75,24.0,55.0,2.0,316.5,0.0,0.0,10.0,977.0,NA
2026-04-03 20:00:00,56.0,279.0,2.5,32.5,19.5,40.5,37.25,0.0,46.0,0.0,5.0,NA,0.0,0.0,0.0,22.5,64.25,2.25,290.0,0.0,0.0,9.75,977.25,NA
2026-04-03 21:00:00,27.0,132.0,2.5,30.0,18.0,41.25,36.0,0.0,32.75,0.0,1.25,NA,0.0,0.0,0.0,21.5,71.25,1.0,277.75,0.0,0.0,10.0,977.25,NA
2026-04-03 22:00:00,30.0,67.0,4.0,39.0,24.0,36.5,36.0,0.0,22.0,0.5,2.0,NA,0.0,0.0,0.0,22.25,67.25,0.0,289.0,0.0,0.0,9.75,976.75,NA
2026-04-03 23:00:00,22.0,89.0,3.25,35.5,21.5,39.5,36.0,0.0,21.75,0.0,1.25,NA,0.0,0.0,0.0,22.25,65.5,0.25,289.0,0.0,0.0,10.0,977.0,NA
2026-04-04 00:00:00,17.0,99.0,5.67,30.0,21.0,38.67,35.67,0.0,24.67,0.0,1.67,NA,0.0,0.0,0.0,21.67,69.67,0.0,279.67,0.0,0.0,9.67,977.0,NA
2026-04-04 01:00:00,30.0,90.0,4.0,31.0,19.75,36.5,34.75,0.0,18.0,0.0,0.75,NA,0.0,0.0,0.0,21.5,73.25,0.0,275.5,0.0,0.0,10.0,976.0,NA
2026-04-04 02:00:00,29.0,79.0,7.0,30.0,21.5,36.0,34.0,0.0,16.5,0.0,0.75,NA,0.0,0.0,0.0,21.25,74.25,0.0,276.25,0.0,0.0,10.0,975.5,NA
2026-04-04 03:00:00,38.0,81.0,7.75,30.5,22.75,39.5,34.75,0.0,16.75,0.0,0.0,NA,0.0,0.0,0.0,21.0,73.0,0.5,273.5,0.0,0.0,10.0,976.5,NA
2026-04-04 04:00:00,31.0,105.0,9.0,36.25,26.75,35.0,37.0,0.0,10.0,0.0,2.75,NA,0.0,0.0,0.0,21.0,74.25,0.0,269.5,0.0,0.0,9.5,976.75,NA
2026-04-04 05:00:00,59.0,128.0,6.25,33.5,23.25,36.5,38.75,0.0,12.25,0.0,3.75,NA,0.0,0.0,0.0,21.0,74.5,0.0,269.75,0.0,0.0,9.75,976.25,NA
2026-04-04 06:00:00,57.0,118.0,7.5,34.25,24.25,36.5,39.75,0.0,8.75,0.5,3.5,NA,0.0,0.0,0.0,21.0,74.75,0.0,272.5,0.0,0.0,18.75,977.0,NA
2026-04-04 07:00:00,52.0,138.0,14.25,35.5,30.5,32.5,42.25,0.0,10.5,0.75,5.25,NA,0.25,0.5,0.5,22.0,73.25,0.25,279.25,0.0,0.0,74.5,976.5,NA
2026-04-04 08:00:00,127.0,234.0,17.25,47.5,39.25,29.75,44.75,1.0,11.75,1.0,5.0,NA,0.0,1.0,0.25,22.0,71.25,0.0,285.75,0.0,0.0,100.25,977.0,NA
2026-04-04 09:00:00,145.0,265.0,11.0,48.5,35.0,32.5,47.25,1.0,18.25,1.0,5.0,NA,0.25,1.0,1.0,23.0,67.25,0.0,299.5,0.0,0.0,158.0,977.0,NA
2026-04-04 10:00:00,140.0,277.0,8.5,36.25,26.0,37.0,53.5,0.25,27.75,0.5,4.5,NA,0.0,1.0,1.0,24.5,55.25,0.75,329.0,0.0,0.0,595.25,977.5,NA
2026-04-04 11:00:00,64.0,149.0,5.25,23.5,16.75,35.5,46.75,0.0,50.0,0.0,2.0,NA,0.0,0.0,0.0,26.0,47.25,1.0,351.0,0.0,0.0,561.0,977.5,NA
2026-04-04 12:00:00,48.0,106.0,4.5,23.0,15.75,34.5,41.25,0.0,64.5,0.0,1.0,NA,0.0,0.0,0.0,26.5,45.0,0.5,351.0,0.0,0.0,449.25,977.25,NA
2026-04-04 13:00:00,30.0,85.0,3.0,19.25,12.75,35.0,39.25,0.0,83.25,0.0,2.0,NA,0.0,0.0,0.0,27.5,42.0,0.0,NA,0.0,0.0,507.0,977.0,NA
2026-04-04 14:00:00,22.0,95.0,3.0,22.25,13.75,34.5,38.75,0.0,96.75,0.0,2.75,NA,0.0,0.0,0.0,27.5,42.0,0.25,NA,0.0,0.0,345.5,977.0,NA
2026-04-04 15:00:00,29.0,99.0,2.67,20.25,12.25,35.5,37.25,0.0,90.25,0.0,1.5,NA,0.0,0.0,0.0,27.0,43.25,0.5,NA,0.0,0.0,269.75,977.25,NA
2026-04-04 16:00:00,22.0,91.0,3.75,20.25,13.75,33.75,37.75,0.0,98.5,0.0,1.5,NA,0.0,0.0,0.0,27.25,43.0,0.0,NA,0.0,0.0,193.25,977.75,NA
2026-04-04 17:00:00,25.0,107.0,3.75,25.5,16.75,33.0,37.75,0.0,88.5,0.0,2.75,NA,0.0,0.0,0.0,27.5,42.0,0.0,NA,0.0,0.0,74.0,977.75,NA
2026-04-04 18:00:00,22.0,119.0,2.67,32.25,19.0,35.0,38.0,0.0,27.5,0.0,3.0,NA,0.0,0.0,0.0,25.5,46.5,0.0,347.0,0.0,0.0,29.25,978.0,NA
2026-04-04 19:00:00,31.0,114.0,4.0,56.0,32.25,24.5,39.75,0.75,20.75,0.75,4.5,NA,0.25,0.75,1.25,24.75,50.5,0.0,330.0,0.0,0.0,9.75,978.0,NA
2026-04-04 20:00:00,64.0,180.0,6.25,66.25,40.5,23.25,42.5,1.5,14.25,1.5,5.5,NA,1.75,2.25,2.75,24.0,53.75,0.0,321.5,0.0,0.0,9.25,978.0,NA
2026-04-04 21:00:00,136.0,290.0,15.75,73.75,52.0,22.0,45.5,1.5,7.0,2.25,7.25,NA,3.0,3.0,3.5,24.0,53.5,0.0,321.25,0.0,0.0,9.25,978.0,NA
2026-04-04 22:00:00,107.0,395.0,32.25,65.5,60.75,21.75,47.75,1.0,6.25,1.25,12.5,NA,1.5,2.25,2.25,24.0,53.25,0.0,319.75,0.0,0.0,9.25,978.0,NA
2026-04-04 23:00:00,113.0,340.0,12.25,59.25,41.75,31.0,47.75,1.0,8.5,1.25,13.0,NA,3.75,3.75,3.5,24.0,52.75,0.0,314.25,0.0,0.0,9.25,977.75,NA
2026-04-05 00:00:00,47.0,188.0,13.25,52.25,38.5,29.5,47.5,0.0,11.5,0.25,3.25,NA,0.75,0.75,1.0,23.0,54.0,0.75,306.25,0.0,0.0,9.25,977.5,NA
2026-04-05 01:00:00,130.0,296.0,8.25,40.5,28.5,31.5,44.0,0.0,10.0,0.5,3.75,NA,0.0,0.5,0.5,22.25,59.75,0.5,288.0,0.0,0.0,9.75,976.75,NA
2026-04-05 02:00:00,47.0,147.0,8.5,34.0,25.5,34.5,40.0,0.0,10.75,0.0,3.5,NA,0.0,0.0,0.0,21.25,63.5,0.25,276.5,0.0,0.0,9.25,976.5,NA
2026-04-05 03:00:00,44.0,145.0,8.5,42.0,29.25,35.0,41.25,0.0,9.0,0.0,3.5,NA,0.0,0.0,0.0,21.25,64.25,0.0,275.25,0.0,0.0,9.5,977.0,NA
2026-04-05 04:00:00,67.0,152.0,6.0,41.0,27.0,34.5,43.5,0.0,11.75,0.75,3.25,NA,0.0,0.0,0.0,21.0,64.0,0.0,275.0,0.0,0.0,9.75,977.0,NA
2026-04-05 05:00:00,89.0,158.0,9.0,44.0,30.75,28.5,45.0,0.0,9.75,1.0,4.75,NA,0.0,0.0,0.0,21.0,64.0,0.0,274.25,0.0,0.0,9.75,976.5,NA
2026-04-05 06:00:00,129.0,213.0,10.5,47.75,34.25,31.0,45.0,0.0,7.5,0.75,4.0,NA,0.0,0.0,0.0,21.25,64.25,0.0,274.5,0.0,0.0,14.0,977.0,NA
2026-04-05 07:00:00,74.0,174.0,12.25,40.5,31.75,32.25,46.5,0.0,11.5,1.0,4.5,NA,0.0,0.75,0.25,22.0,61.25,0.0,282.75,0.0,0.0,67.5,976.5,NA
2026-04-05 08:00:00,69.0,151.0,5.75,26.75,19.25,38.75,47.25,0.0,21.0,0.0,1.0,NA,0.0,0.0,0.0,22.0,58.5,0.0,287.25,0.0,0.0,86.25,976.75,NA
2026-04-05 09:00:00,68.0,144.0,3.75,31.75,20.0,36.5,47.0,0.0,31.25,0.25,0.0,NA,0.0,0.0,0.0,23.0,54.0,0.25,303.0,0.0,0.0,397.75,977.0,NA
2026-04-05 10:00:00,84.0,180.0,3.5,27.0,17.5,36.75,47.0,0.0,48.0,0.75,0.5,NA,0.0,0.0,0.0,25.25,47.5,0.0,337.25,0.0,0.0,538.5,977.0,NA
2026-04-05 11:00:00,75.0,171.0,3.75,27.0,17.5,35.0,46.5,0.0,69.5,0.0,0.5,NA,0.0,0.0,0.0,26.5,43.25,0.5,353.0,0.0,0.0,689.5,976.75,NA
2026-04-05 12:00:00,59.0,163.0,4.25,25.5,17.5,35.5,43.75,0.0,78.75,0.0,1.5,NA,0.0,0.0,0.0,27.0,40.25,1.0,NA,0.0,0.0,669.0,977.0,NA
2026-04-05 13:00:00,40.0,118.0,1.5,18.0,9.75,35.75,40.5,0.0,76.5,0.0,0.75,NA,0.0,0.0,0.0,28.0,36.0,1.0,NA,0.0,0.0,661.0,976.75,NA
2026-04-05 14:00:00,28.0,85.0,4.0,19.0,13.5,34.5,38.0,0.0,73.5,0.0,0.0,NA,0.0,0.0,0.0,28.0,35.25,1.0,NA,0.0,0.0,471.75,976.5,NA
2026-04-05 15:00:00,13.0,88.0,3.67,20.0,12.5,35.75,35.25,0.0,75.5,0.0,0.5,NA,0.0,0.0,0.0,27.5,35.25,1.25,NA,0.0,0.0,277.5,976.25,NA
2026-04-05 16:00:00,13.0,81.0,1.5,21.5,12.75,36.75,35.5,0.0,76.25,0.0,0.25,NA,0.0,0.0,0.0,27.25,35.75,0.5,NA,0.0,0.0,159.5,976.0,NA
2026-04-05 17:00:00,14.0,75.0,2.25,28.75,17.5,33.5,34.5,0.0,66.25,0.0,0.25,NA,0.0,0.0,0.0,26.75,36.5,1.0,359.0,0.0,0.0,84.25,976.0,NA
2026-04-05 18:00:00,28.0,127.0,5.75,39.5,25.75,30.75,36.5,0.0,58.25,0.0,1.0,NA,0.0,0.0,0.0,25.25,39.25,1.0,344.0,0.0,0.0,25.25,976.0,NA
2026-04-05 19:00:00,53.0,217.0,4.25,54.0,32.75,28.5,40.75,0.25,40.25,0.75,2.25,NA,0.0,0.0,0.0,24.5,42.25,0.75,329.25,0.0,0.0,9.5,976.0,NA
2026-04-05 20:00:00,80.0,252.0,6.5,64.0,39.75,27.25,45.0,1.0,25.5,1.0,4.0,NA,0.25,0.75,0.5,24.0,43.5,0.0,322.5,0.0,0.0,9.25,976.0,NA
2026-04-05 21:00:00,112.0,322.0,5.0,68.0,40.25,29.25,48.25,0.75,21.75,1.0,4.0,NA,0.75,1.5,1.5,24.0,43.5,0.25,316.25,0.0,0.0,9.75,976.0,NA
2026-04-05 22:00:00,91.0,333.0,6.25,66.25,40.5,30.0,47.5,0.0,19.0,1.0,3.75,NA,0.75,1.75,1.75,23.75,43.75,0.5,311.25,0.0,0.0,9.5,976.5,NA
2026-04-05 23:00:00,92.0,267.0,3.25,53.75,31.5,36.75,47.0,0.0,23.75,0.25,1.75,NA,0.0,0.5,0.25,23.0,46.0,0.0,303.0,0.0,0.0,9.5,976.25,NA
2026-04-06 00:00:00,64.0,175.0,5.75,51.25,32.25,38.75,44.0,0.0,20.25,0.0,1.75,NA,0.0,0.0,0.0,23.0,48.0,0.0,296.25,0.0,0.0,9.25,976.25,NA
2026-04-06 01:00:00,51.0,167.0,5.25,48.25,30.0,44.25,41.0,0.0,26.0,0.0,1.0,NA,0.0,0.0,0.0,22.25,50.0,0.0,291.5,0.0,0.0,9.75,976.25,NA
2026-04-06 02:00:00,63.0,163.0,7.5,56.5,36.5,50.0,40.5,0.0,11.5,0.25,1.25,NA,0.0,0.0,0.0,22.0,53.25,0.0,281.25,0.0,0.0,9.25,976.0,NA
2026-04-06 03:00:00,84.0,194.0,8.25,57.75,38.0,54.0,42.75,0.0,10.0,1.0,3.0,NA,0.0,0.0,0.0,21.5,54.75,0.0,276.75,0.0,0.0,9.5,976.25,NA
2026-04-06 04:00:00,106.0,205.0,11.75,54.25,38.5,48.5,44.0,0.0,6.5,1.0,4.0,NA,0.0,0.0,0.0,21.0,57.0,0.0,271.0,0.0,0.0,9.0,977.0,NA
2026-04-06 05:00:00,101.0,205.0,43.0,58.5,66.5,37.25,42.75,0.0,6.0,1.0,4.75,NA,0.0,0.0,0.0,21.0,58.0,0.0,269.25,0.0,0.0,9.25,976.25,NA
2026-04-06 06:00:00,108.0,285.0,42.0,56.75,64.25,49.75,43.75,0.0,6.0,1.0,4.75,NA,0.0,0.0,0.0,21.0,58.75,0.0,269.25,0.0,0.0,18.0,976.0,NA
2026-04-06 07:00:00,149.0,350.0,39.0,59.5,63.5,52.0,46.75,0.75,8.5,1.0,4.25,NA,0.0,1.0,0.25,21.5,58.25,0.0,276.75,0.0,0.0,70.5,976.0,NA
2026-04-06 08:00:00,178.0,365.0,16.0,72.25,51.5,54.75,52.25,1.0,23.25,1.5,3.75,NA,0.0,1.0,1.0,22.5,54.25,0.0,295.75,0.0,0.0,62.75,976.0,NA
2026-04-06 09:00:00,122.0,317.0,7.0,59.25,37.5,52.25,51.0,0.5,57.5,1.0,3.0,NA,0.0,0.25,0.75,24.25,48.5,0.0,319.5,0.0,0.0,431.25,976.0,NA
2026-04-06 10:00:00,90.0,227.0,3.5,36.0,22.0,54.75,46.0,0.0,78.5,0.0,1.25,NA,0.0,0.0,0.0,26.25,41.0,0.5,349.0,0.0,0.0,648.25,976.0,NA
2026-04-06 11:00:00,42.0,135.0,4.0,21.0,14.5,55.25,39.75,0.0,82.0,0.0,1.0,NA,0.0,0.0,0.0,27.25,38.0,1.0,NA,0.0,0.0,659.75,976.0,NA
2026-04-06 12:00:00,30.0,97.0,2.0,20.5,12.75,54.75,40.0,0.0,83.0,0.0,0.25,NA,0.0,0.0,0.0,27.0,37.5,0.75,NA,0.0,0.0,536.25,976.0,NA
2026-04-06 13:00:00,30.0,97.0,2.25,19.0,11.75,54.5,39.5,0.0,87.5,0.0,0.75,NA,0.0,0.0,0.0,28.0,35.5,1.0,NA,0.0,0.0,678.25,976.0,NA
2026-04-06 14:00:00,16.0,89.0,2.5,20.5,12.75,53.5,36.5,0.0,87.5,0.0,0.0,NA,0.0,0.0,0.0,28.0,35.0,1.25,NA,0.0,0.0,462.75,976.0,NA
2026-04-06 15:00:00,16.0,85.0,2.25,21.25,13.5,52.5,36.0,0.0,88.0,0.0,0.0,NA,0.0,0.0,0.0,27.5,35.75,1.0,NA,0.0,0.0,213.25,976.0,NA
2026-04-06 16:00:00,18.0,77.0,3.0,21.0,12.75,52.0,36.25,0.0,87.0,0.0,0.0,NA,0.0,0.0,0.0,27.75,35.25,0.0,NA,0.0,0.0,193.0,976.0,NA
2026-04-06 17:00:00,22.0,75.0,2.5,22.75,14.0,48.5,35.25,0.0,82.25,0.0,0.0,NA,0.0,0.0,0.0,27.25,34.75,0.5,NA,0.0,0.0,92.0,976.5,NA
2026-04-06 18:00:00,17.0,102.0,3.0,35.33,21.33,45.0,36.0,0.0,69.33,0.0,1.0,NA,0.0,0.0,0.0,26.0,36.33,0.0,345.0,0.0,0.0,21.33,976.0,NA
2026-04-06 19:00:00,30.0,160.0,3.0,75.25,41.5,31.5,38.5,0.5,20.75,2.0,3.5,NA,0.0,0.25,0.75,24.75,40.0,0.0,332.75,0.0,0.0,9.5,976.25,NA
2026-04-06 20:00:00,88.0,277.0,18.25,80.75,58.0,32.25,41.25,1.25,6.25,1.0,7.25,NA,1.0,1.25,1.5,24.0,44.0,0.0,315.75,0.0,0.0,9.5,976.25,NA
2026-04-06 21:00:00,105.0,332.0,18.0,59.5,46.5,51.25,43.75,0.75,30.0,1.5,8.0,NA,2.5,3.25,3.5,24.0,44.5,0.75,319.5,0.0,0.0,9.5,976.25,NA
2026-04-06 22:00:00,27.0,227.0,1.25,35.0,19.5,53.5,40.0,0.0,48.0,0.0,1.25,NA,0.25,0.25,0.5,23.0,46.0,0.75,309.75,0.0,0.0,9.75,976.25,NA
2026-04-06 23:00:00,19.0,95.0,3.0,44.25,26.25,48.25,39.25,0.0,35.75,0.25,2.25,NA,0.25,0.25,0.25,23.0,46.25,0.5,306.5,0.0,0.0,9.75,976.25,NA
2026-04-07 00:00:00,22.0,140.0,2.0,46.67,26.67,48.0,42.0,0.0,31.67,0.33,2.0,NA,0.33,0.33,0.67,23.0,48.67,0.33,302.33,0.0,0.0,9.0,976.67,NA
2026-04-07 01:00:00,35.0,133.0,4.75,30.25,19.75,52.5,38.25,0.0,44.0,0.0,1.0,NA,0.0,0.0,0.0,22.25,52.5,0.0,291.25,0.0,0.0,9.75,976.25,NA
2026-04-07 02:00:00,23.0,144.0,3.0,30.5,18.5,57.0,36.5,0.0,42.0,0.0,0.5,NA,0.0,0.0,0.0,21.5,57.5,0.25,276.25,0.0,0.0,9.0,976.0,NA
2026-04-07 03:00:00,14.0,123.0,1.75,32.0,18.75,60.5,42.75,0.0,37.25,0.0,0.25,NA,0.0,0.0,0.0,21.0,58.5,0.25,272.5,0.0,0.0,9.75,976.25,NA
2026-04-07 04:00:00,22.0,96.0,2.75,32.25,19.5,56.5,40.75,0.0,42.5,0.0,0.5,NA,0.0,0.0,0.0,21.0,57.5,0.0,271.5,0.0,0.0,9.75,976.25,NA
2026-04-07 05:00:00,34.0,86.0,4.5,31.25,20.5,54.75,41.25,0.0,37.0,0.0,0.5,NA,0.0,0.0,0.0,21.0,56.25,0.25,271.25,0.0,0.0,9.75,976.25,NA
2026-04-07 06:00:00,56.0,121.0,5.0,37.75,24.5,54.75,42.25,0.0,24.0,0.25,1.0,NA,0.0,0.0,0.0,21.0,57.25,0.25,269.75,0.0,0.0,12.0,976.5,NA
2026-04-07 07:00:00,70.0,179.0,11.25,50.5,36.0,48.25,42.75,0.0,15.75,1.0,0.5,NA,0.0,0.0,0.0,21.5,58.25,0.5,277.75,0.0,0.0,32.0,976.25,NA
2026-04-07 08:00:00,77.0,178.0,10.25,53.75,37.25,53.25,46.0,1.0,22.75,1.25,1.25,NA,0.0,0.0,0.0,22.25,57.75,0.0,287.25,0.0,0.0,100.75,976.0,NA
2026-04-07 09:00:00,99.0,211.0,6.5,52.0,33.25,54.0,49.25,0.75,46.0,1.0,2.0,NA,0.0,0.0,0.0,24.25,49.5,0.25,322.75,0.0,0.0,266.0,976.0,NA
2026-04-07 10:00:00,73.0,196.0,3.5,46.75,28.0,50.25,45.75,0.25,59.75,1.25,2.0,NA,0.0,0.0,0.0,25.0,45.75,0.25,335.5,0.0,0.0,242.75,976.0,NA
2026-04-07 11:00:00,63.0,193.0,4.0,42.75,26.0,50.75,45.0,0.0,64.75,0.5,1.0,NA,0.0,0.0,0.0,25.25,44.75,0.0,338.0,0.0,0.0,212.5,976.0,NA
2026-04-07 12:00:00,48.0,155.0,4.25,41.0,25.25,52.0,43.0,0.0,67.0,0.5,1.0,NA,0.0,0.0,0.0,24.75,46.0,0.5,335.25,0.0,0.0,134.25,976.0,NA
2026-04-07 13:00:00,39.0,157.0,4.5,39.25,24.75,53.25,40.5,0.0,48.5,0.0,0.75,NA,0.0,0.0,0.0,22.75,58.0,0.5,299.25,0.0,0.0,94.5,976.0,NA
2026-04-07 14:00:00,35.0,158.0,3.75,32.0,20.25,54.75,37.75,0.0,48.0,0.0,3.0,NA,0.5,0.0,0.0,21.25,69.25,1.0,271.5,0.0,0.0,71.0,976.25,NA
2026-04-07 15:00:00,31.0,79.0,3.75,34.0,21.25,49.5,37.0,0.0,NA,0.0,3.75,NA,0.0,0.0,0.0,21.0,73.5,0.0,265.0,0.0,0.0,64.5,976.0,NA
2026-04-07 16:00:00,22.0,55.0,5.5,42.75,27.25,46.0,36.25,0.0,12.5,0.0,4.0,NA,0.0,0.25,0.0,21.0,78.75,0.0,263.0,0.0,0.0,72.75,977.0,NA
2026-04-07 17:00:00,30.0,64.0,5.25,31.5,21.0,49.0,36.0,0.0,21.25,0.0,4.0,NA,0.0,0.25,0.0,21.25,73.5,0.75,274.5,0.0,0.0,76.5,977.75,NA
2026-04-07 18:00:00,40.0,61.0,2.5,31.75,19.0,48.5,36.0,0.0,30.0,0.5,2.75,NA,0.0,0.25,0.0,21.25,67.0,0.75,275.75,0.0,0.0,23.75,977.0,NA
2026-04-07 19:00:00,50.0,74.0,1.75,37.0,21.0,48.0,37.0,0.0,27.75,1.0,2.0,NA,0.0,0.0,0.0,21.0,72.0,0.0,262.5,0.0,0.0,9.75,976.75,NA
2026-04-07 20:00:00,72.0,113.0,4.0,42.0,26.25,47.75,38.25,0.25,20.75,1.0,1.25,NA,0.0,0.0,0.0,20.0,74.5,0.5,258.25,0.0,0.0,9.5,976.25,NA
2026-04-07 21:00:00,96.0,139.0,2.5,46.75,26.75,48.0,39.75,0.75,16.25,1.0,1.75,NA,0.0,0.5,0.75,20.75,73.0,0.75,262.0,0.0,0.0,9.5,976.0,NA
2026-04-07 22:00:00,95.0,132.0,4.5,35.0,22.25,47.75,38.75,0.0,22.0,1.0,1.25,NA,0.0,0.0,0.0,20.25,77.0,1.0,254.75,0.25,1.0,8.75,976.5,NA
2026-04-07 23:00:00,61.0,89.0,3.75,33.5,21.0,45.75,36.5,0.0,19.25,0.25,0.75,NA,0.0,0.0,0.0,19.25,84.5,0.0,241.75,0.0,0.0,9.0,977.0,NA
2026-04-08 00:00:00,38.0,42.0,4.75,30.25,19.75,47.25,35.25,0.0,18.0,0.0,0.0,NA,0.0,0.0,0.0,19.0,86.25,0.5,239.5,0.0,0.0,9.0,977.0,NA
2026-04-08 01:00:00,36.0,56.0,4.25,34.5,22.0,40.25,35.25,0.0,18.0,0.0,0.0,NA,0.0,0.0,0.0,19.5,83.0,0.0,243.0,0.0,0.0,9.5,976.5,NA
2026-04-08 02:00:00,31.0,44.0,3.0,25.5,16.0,48.5,35.0,0.0,23.25,0.0,0.0,NA,0.0,0.0,0.0,20.0,79.75,0.5,244.5,0.0,0.0,10.0,976.5,NA
2026-04-08 03:00:00,22.0,39.0,2.75,20.25,13.25,52.25,33.75,0.0,27.5,0.0,0.0,NA,0.0,0.0,0.0,19.0,81.5,0.25,238.75,0.0,0.0,10.0,976.0,NA
2026-04-08 04:00:00,16.0,29.0,3.25,24.0,15.5,45.75,34.0,0.0,25.25,0.0,0.0,NA,0.0,0.0,0.0,19.0,81.25,0.0,238.75,0.0,0.0,10.0,976.0,NA
2026-04-08 05:00:00,12.0,29.0,2.25,21.25,13.5,43.0,34.5,0.0,28.0,0.0,0.0,NA,0.0,0.0,0.0,19.0,77.25,0.25,240.75,0.0,0.0,10.0,976.0,NA
2026-04-08 06:00:00,19.0,39.0,4.75,33.75,21.75,42.75,35.0,0.0,20.75,0.0,0.0,NA,0.0,0.0,0.0,19.0,77.75,0.25,239.25,0.0,0.0,16.75,976.0,NA
2026-04-08 07:00:00,34.0,85.0,5.0,31.75,21.25,43.75,36.5,0.0,19.75,0.0,1.0,NA,0.0,0.0,0.0,19.5,78.5,0.0,242.5,0.0,0.0,33.75,976.0,NA
2026-04-08 08:00:00,69.0,106.0,7.0,30.5,22.5,44.75,38.0,0.0,20.25,0.0,0.25,NA,0.0,0.0,0.0,20.0,76.25,0.0,251.0,0.0,0.0,128.5,976.0,NA
2026-04-08 09:00:00,86.0,128.0,4.25,26.25,17.5,45.0,39.0,0.0,28.5,0.0,1.0,NA,0.0,0.0,0.0,21.25,69.0,0.25,270.25,0.0,0.0,353.25,976.0,NA
2026-04-08 10:00:00,52.0,101.0,3.25,26.5,17.25,43.25,38.75,0.0,35.75,0.0,0.75,NA,0.0,0.0,0.0,23.25,58.25,0.25,303.5,0.0,0.0,517.75,976.0,NA
2026-04-08 11:00:00,50.0,100.0,3.75,27.5,18.0,40.25,37.5,0.0,53.75,0.0,0.0,NA,0.0,0.0,0.0,24.5,50.75,1.0,327.25,0.0,0.0,686.0,976.0,NA
2026-04-08 12:00:00,50.0,97.0,3.0,26.75,16.25,40.5,37.0,0.0,77.25,0.0,0.0,NA,0.0,0.0,0.0,25.0,48.25,0.25,336.25,0.0,0.0,573.75,976.0,NA
2026-04-08 13:00:00,45.0,110.0,2.75,24.5,15.5,40.0,36.5,0.0,91.75,0.0,0.0,NA,0.0,0.0,0.0,25.0,46.5,0.0,337.75,0.0,0.0,444.75,976.0,NA
2026-04-08 14:00:00,50.0,111.0,3.0,26.75,16.75,41.0,35.75,0.0,95.75,0.0,0.75,NA,0.0,0.0,0.0,25.0,45.25,0.25,337.75,0.0,0.0,350.25,976.0,NA
2026-04-08 15:00:00,42.0,108.0,1.75,25.0,15.0,41.75,35.0,0.0,98.0,0.0,0.75,NA,0.0,0.0,0.0,24.75,44.5,0.5,330.25,0.0,0.0,254.5,976.0,NA
2026-04-08 16:00:00,55.0,106.0,3.75,25.75,16.5,40.75,34.0,0.0,85.75,0.0,1.0,NA,0.0,0.0,0.0,25.0,43.25,0.5,337.25,0.0,0.0,186.0,976.0,NA
2026-04-08 17:00:00,45.0,132.0,6.0,23.5,17.5,41.5,34.25,0.0,58.25,0.0,0.75,NA,0.0,0.0,0.0,23.0,55.25,1.5,298.5,0.0,0.0,63.75,976.0,NA
2026-04-08 18:00:00,33.0,138.0,3.75,28.25,18.0,42.5,34.75,0.0,48.75,0.0,0.5,NA,0.0,0.0,0.0,22.0,59.0,1.0,284.75,0.0,0.0,29.5,976.0,NA
2026-04-08 19:00:00,36.0,103.0,2.25,33.75,19.75,41.5,35.0,0.0,42.25,0.0,1.0,NA,0.0,0.0,0.0,21.25,62.25,0.5,275.5,0.0,0.0,9.5,976.0,NA
2026-04-08 20:00:00,46.0,105.0,3.75,34.25,21.25,42.0,35.5,0.0,37.0,0.0,1.0,NA,0.0,0.0,0.0,21.0,65.0,0.5,269.5,0.0,0.0,9.0,976.25,NA
2026-04-08 21:00:00,44.0,100.0,3.25,40.0,24.5,38.5,37.25,0.0,28.0,0.0,1.75,NA,0.0,0.0,0.5,21.0,66.25,0.0,263.25,0.0,0.0,9.25,976.0,NA
2026-04-08 22:00:00,46.0,117.0,4.0,39.0,24.0,40.25,40.5,0.0,28.25,0.0,2.25,NA,0.0,0.0,0.25,20.75,66.25,0.0,260.75,0.0,0.0,9.5,976.0,NA
2026-04-08 23:00:00,39.0,117.0,4.25,53.25,31.75,36.5,42.0,0.0,13.5,0.5,2.0,NA,0.0,0.0,0.0,20.0,70.0,0.0,255.25,0.0,0.0,9.0,976.0,NA
2026-04-09 00:00:00,57.0,125.0,4.5,43.5,26.75,39.25,38.25,0.0,17.75,0.5,1.25,NA,0.0,0.0,0.0,20.0,73.0,0.0,256.75,0.0,0.0,9.0,976.0,NA
2026-04-09 01:00:00,57.0,113.0,9.0,46.5,32.25,36.25,38.25,0.0,19.0,0.0,1.0,NA,0.0,0.0,0.0,20.0,75.0,0.0,255.25,0.0,0.0,9.25,976.0,NA
2026-04-09 02:00:00,84.0,163.0,5.5,45.5,29.0,41.5,38.0,0.0,11.5,1.0,1.5,NA,0.0,0.0,0.0,20.0,75.5,0.75,250.0,0.0,0.0,9.5,976.0,NA
2026-04-09 03:00:00,88.0,145.0,4.75,44.75,28.0,46.25,39.5,0.0,14.0,0.5,2.0,NA,0.0,0.0,0.0,19.25,77.0,0.0,241.25,0.0,0.0,9.0,976.5,NA
2026-04-09 04:00:00,41.0,80.0,5.5,39.5,25.5,43.5,39.0,0.0,14.25,0.0,1.25,NA,0.0,0.0,0.0,19.0,78.0,0.0,237.0,0.0,0.0,9.25,976.5,NA
2026-04-09 05:00:00,45.0,92.0,5.0,39.5,25.0,40.0,39.0,0.0,14.75,0.0,1.0,NA,0.0,0.0,0.0,19.0,79.25,0.0,232.75,0.0,0.0,9.0,976.25,NA
2026-04-09 06:00:00,34.0,77.0,12.0,38.75,30.25,43.0,39.25,0.0,7.75,0.25,0.5,NA,0.0,0.0,0.0,18.5,81.5,0.0,227.75,0.0,0.0,20.25,976.25,NA
2026-04-09 07:00:00,111.0,194.0,9.0,34.25,25.5,45.25,44.0,0.0,12.75,1.5,0.5,NA,0.0,0.0,0.0,19.0,79.25,0.25,235.0,0.0,0.0,86.25,976.25,NA
2026-04-09 08:00:00,94.0,206.0,8.0,41.25,28.25,44.5,46.5,0.0,19.75,1.0,1.0,NA,0.0,0.0,0.0,19.75,74.25,0.0,250.25,0.0,0.0,98.5,976.0,NA
2026-04-09 09:00:00,117.0,223.0,5.25,46.0,28.75,41.75,48.75,0.0,32.25,1.0,1.0,NA,0.0,0.0,0.0,21.5,65.75,0.0,274.75,0.0,0.0,428.5,976.0,NA
2026-04-09 10:00:00,63.0,153.0,5.0,34.5,22.75,40.25,43.5,0.0,45.75,0.0,0.75,NA,0.0,0.0,0.0,24.0,52.0,0.5,319.25,0.0,0.0,672.75,976.0,NA
2026-04-09 11:00:00,59.0,119.0,2.5,31.75,19.0,39.5,38.75,0.0,70.25,0.0,1.0,NA,0.0,0.0,0.0,25.75,46.0,0.25,345.75,0.0,0.0,730.25,976.0,NA
2026-04-09 12:00:00,77.0,164.0,3.0,24.75,15.75,39.75,37.25,0.0,96.0,0.0,1.0,NA,0.0,0.0,0.0,25.75,44.0,0.5,347.25,0.0,0.0,675.25,976.0,NA
2026-04-09 13:00:00,30.0,113.0,1.33,20.33,12.0,35.33,36.67,0.0,97.67,0.0,1.0,NA,0.0,0.0,0.0,26.67,40.33,0.67,348.0,0.0,0.0,534.67,976.33,NA
2026-04-09 14:00:00,31.0,121.0,2.75,21.5,13.75,40.25,36.0,0.0,87.5,0.0,0.75,NA,0.0,0.0,0.0,27.0,38.25,0.75,NA,0.0,0.0,488.5,976.0,NA
2026-04-09 15:00:00,28.0,101.0,5.0,14.25,12.0,36.75,36.0,0.0,83.0,0.0,0.5,NA,0.0,0.0,0.0,26.5,37.5,0.75,350.5,0.0,0.0,233.5,977.0,NA
2026-04-09 16:00:00,25.0,99.0,3.0,20.0,13.0,36.75,35.0,0.0,59.25,0.0,1.0,NA,0.0,0.0,0.0,27.0,35.75,1.0,NA,0.0,0.0,238.25,976.0,NA
2026-04-09 17:00:00,36.0,97.0,4.0,28.75,17.0,35.25,34.75,0.0,41.25,0.0,0.75,NA,0.0,0.0,0.0,26.25,36.25,1.0,353.67,0.0,0.0,92.75,976.5,NA
2026-04-09 18:00:00,39.0,146.0,4.5,42.75,26.25,31.5,36.75,0.0,33.5,0.25,2.25,NA,0.0,0.0,0.0,25.0,39.5,0.0,336.0,0.0,0.0,24.5,978.75,NA
2026-04-09 19:00:00,66.0,183.0,1.75,36.5,21.25,37.5,38.0,0.0,28.5,0.5,1.75,NA,0.0,0.25,0.0,23.5,46.25,0.0,309.5,0.0,0.0,9.5,979.0,NA
2026-04-09 20:00:00,59.0,196.0,3.0,60.5,34.75,33.5,38.75,0.25,15.0,0.75,3.25,NA,0.5,1.0,0.75,23.0,50.5,0.0,297.0,0.0,0.0,9.75,979.0,NA
2026-04-09 21:00:00,94.0,250.0,5.5,67.5,41.0,32.75,42.0,1.0,11.5,1.25,4.25,NA,1.5,1.5,2.0,22.0,52.25,0.0,289.25,0.0,0.0,9.75,979.0,NA
2026-04-09 22:00:00,103.0,269.0,4.25,49.0,29.5,41.25,43.25,0.0,18.0,1.0,1.75,NA,0.25,0.25,0.25,22.0,53.5,0.0,286.5,0.0,0.0,9.5,979.0,NA
2026-04-09 23:00:00,90.0,251.0,8.25,60.25,39.0,37.0,45.0,0.25,10.5,1.0,1.0,NA,0.0,0.0,0.0,22.0,55.0,0.0,281.25,0.0,0.0,9.75,979.0,NA
2026-04-10 00:00:00,124.0,259.0,4.75,44.5,28.0,44.75,41.75,0.0,17.5,0.75,3.75,NA,0.0,0.0,0.0,21.5,55.5,0.0,275.5,0.0,0.0,9.75,979.0,NA
2026-04-10 01:00:00,62.0,143.0,11.75,60.5,42.0,34.75,39.5,0.0,7.5,0.25,5.75,NA,0.0,0.25,0.0,21.0,57.25,0.0,267.75,0.0,0.0,9.25,979.0,NA
2026-04-10 02:00:00,105.0,237.0,12.5,63.5,44.5,37.0,41.5,0.0,9.5,1.0,7.0,NA,0.0,0.75,0.0,21.0,56.25,0.0,265.25,0.0,0.0,10.0,978.5,NA
2026-04-10 03:00:00,96.0,213.0,11.25,64.75,43.5,39.75,43.0,0.0,8.25,1.0,4.5,NA,0.0,0.0,0.0,20.25,56.75,0.0,259.0,0.0,0.0,10.0,978.25,NA
2026-04-10 04:00:00,111.0,246.0,7.33,57.67,37.0,39.67,42.67,0.0,12.0,0.0,2.33,NA,0.0,0.0,0.0,20.0,58.33,0.0,253.0,0.0,0.0,10.0,979.0,NA
2026-04-10 05:00:00,85.0,188.0,6.0,44.25,28.5,46.25,54.5,0.0,14.25,0.0,2.5,NA,0.0,0.0,0.0,20.0,60.25,0.25,246.0,0.0,0.0,9.5,979.0,NA
2026-04-10 06:00:00,125.0,273.0,6.5,48.25,31.0,42.75,65.25,0.0,11.5,0.5,1.0,NA,0.0,0.0,0.0,19.0,62.0,0.25,240.0,0.0,0.0,20.25,979.0,NA
2026-04-10 07:00:00,135.0,288.0,7.75,46.0,30.75,45.75,53.75,0.0,17.0,1.0,1.0,NA,0.0,0.0,0.0,20.0,58.75,1.0,249.0,0.0,0.0,118.0,978.5,NA
2026-04-10 08:00:00,107.0,233.0,6.0,36.5,24.5,47.0,46.5,0.0,28.0,1.0,1.0,NA,0.0,0.0,0.0,21.25,53.0,1.5,270.5,0.0,0.0,68.0,979.0,NA
2026-04-10 09:00:00,83.0,179.0,5.75,31.25,21.25,47.5,41.25,0.0,34.5,0.0,0.75,NA,0.0,0.0,0.0,22.25,49.25,1.5,292.75,0.0,0.0,468.0,979.0,NA
2026-04-10 10:00:00,45.0,141.0,4.25,28.75,18.75,47.25,38.5,0.0,38.25,0.0,0.25,NA,0.0,0.0,0.0,25.0,41.75,1.75,336.25,0.0,0.0,706.0,978.5,NA
2026-04-10 11:00:00,46.0,168.0,2.67,29.0,17.67,45.0,37.67,0.0,41.0,0.0,0.33,NA,0.0,0.0,0.0,26.0,39.33,1.67,349.33,0.0,0.0,754.33,978.0,NA
2026-04-10 12:00:00,63.0,190.0,2.5,28.75,17.5,44.25,37.0,0.0,45.25,0.0,1.0,NA,0.0,0.0,0.0,26.5,37.25,2.0,354.5,0.0,0.0,756.25,978.25,NA
2026-04-10 13:00:00,48.0,153.0,3.0,25.25,16.0,43.0,37.0,0.0,46.25,0.0,1.0,NA,0.0,0.0,0.0,27.5,35.25,2.0,NA,0.0,0.0,679.25,978.0,NA
2026-04-10 14:00:00,50.0,156.0,3.75,23.75,16.0,43.0,36.75,0.0,48.25,0.0,1.0,NA,0.0,0.0,0.0,27.75,34.0,2.0,NA,0.0,0.0,468.25,978.0,NA
2026-04-10 15:00:00,42.0,235.0,2.25,25.25,15.25,39.75,36.0,0.0,47.5,0.0,0.75,NA,0.0,0.0,0.0,27.25,34.0,2.0,NA,0.0,0.0,293.75,978.0,NA
2026-04-10 16:00:00,55.0,215.0,2.5,27.0,15.5,41.25,35.75,0.0,46.75,0.0,1.75,NA,0.0,0.0,0.0,28.0,33.0,2.0,NA,0.0,0.0,228.75,978.25,NA
2026-04-10 17:00:00,53.0,219.0,4.0,31.0,20.0,40.0,36.0,0.0,45.75,0.0,1.75,NA,0.0,0.0,0.0,27.0,34.0,2.0,NA,0.0,0.0,87.75,978.0,NA
2026-04-10 18:00:00,63.0,199.0,3.33,39.67,24.0,37.0,36.67,0.0,39.67,0.0,2.67,NA,0.0,0.0,0.0,26.33,35.33,1.33,350.5,0.0,0.0,26.0,978.33,NA
2026-04-10 19:00:00,67.0,207.0,2.25,41.75,24.25,39.75,41.75,0.0,36.25,0.5,3.5,NA,0.0,0.25,0.0,25.0,38.0,1.0,336.75,0.0,0.0,10.0,979.0,NA
2026-04-10 20:00:00,67.0,206.0,3.75,49.5,29.25,42.0,45.0,0.0,31.5,0.5,1.75,NA,0.0,0.0,0.0,24.25,39.5,1.0,325.25,0.0,0.0,9.75,979.0,NA
2026-04-10 21:00:00,72.0,210.0,3.75,44.75,27.0,43.5,45.5,0.0,29.75,0.25,2.0,NA,0.0,0.25,0.0,24.0,41.75,1.0,314.75,0.0,0.0,9.5,979.0,NA
2026-04-10 22:00:00,74.0,204.0,3.5,45.0,26.75,42.5,45.5,0.0,27.5,0.0,1.75,NA,0.0,1.0,0.75,23.0,43.5,0.75,305.75,0.0,0.0,9.75,978.75,NA
2026-04-10 23:00:00,70.0,204.0,4.5,56.75,34.5,40.5,46.0,0.0,21.0,0.0,2.0,NA,0.0,1.0,1.0,23.0,45.0,0.5,298.75,0.0,0.0,9.75,978.75,NA
2026-04-11 00:00:00,68.0,204.0,3.5,53.5,31.25,42.0,44.5,0.0,21.0,0.0,2.25,NA,0.0,0.5,0.25,22.5,46.25,1.0,293.0,0.0,0.0,9.75,978.75,NA
2026-04-11 01:00:00,66.0,175.0,3.25,40.0,23.75,46.25,43.0,0.0,26.5,0.0,1.0,NA,0.0,0.0,0.0,22.0,47.75,1.0,286.0,0.0,0.0,9.25,979.0,NA
2026-04-11 02:00:00,56.0,141.0,4.0,47.5,29.0,47.5,39.5,0.0,21.5,0.0,1.0,NA,0.0,0.0,0.0,22.0,49.0,0.75,281.25,0.0,0.0,9.25,979.0,NA
2026-04-11 03:00:00,77.0,204.0,3.25,55.5,32.25,46.5,41.25,0.0,17.0,0.25,3.75,NA,0.0,0.0,0.0,21.0,51.0,0.0,273.25,0.0,0.0,9.5,979.0,NA
2026-04-11 04:00:00,95.0,232.0,2.0,47.0,26.25,48.75,44.25,0.0,19.5,0.75,3.0,NA,0.0,0.0,0.0,21.0,52.0,0.0,270.25,0.0,0.0,9.75,979.0,NA
2026-04-11 05:00:00,68.0,158.0,7.0,63.25,39.5,45.0,43.0,0.0,12.0,0.0,3.5,NA,0.0,0.0,0.0,21.0,52.5,0.0,267.75,0.0,0.0,9.5,979.0,NA
2026-04-11 06:00:00,91.0,276.0,9.75,67.0,43.5,49.75,43.5,0.0,10.0,1.0,3.25,NA,0.0,0.0,0.0,21.0,54.0,0.25,266.5,0.0,0.0,21.5,978.75,NA
2026-04-11 07:00:00,103.0,237.0,8.25,42.0,29.0,61.0,48.25,0.0,23.25,1.0,2.0,NA,0.0,0.0,0.0,21.5,52.5,1.0,277.0,0.0,0.0,120.5,978.5,NA
2026-04-11 08:00:00,100.0,201.0,6.0,34.25,23.75,63.25,47.0,0.0,31.75,0.5,1.25,NA,0.0,0.0,0.0,22.5,50.0,1.0,296.0,0.0,0.0,99.75,979.0,NA
2026-04-11 09:00:00,75.0,150.0,3.75,29.5,19.25,62.25,41.0,0.0,39.75,0.0,0.5,NA,0.0,0.0,0.0,24.25,44.75,1.0,322.75,0.0,0.0,422.75,978.5,NA
2026-04-11 10:00:00,45.0,127.0,4.0,27.25,18.0,62.25,36.75,0.0,43.75,0.0,0.5,NA,0.0,0.0,0.0,27.0,37.75,1.25,358.0,0.0,0.0,664.0,978.5,NA
2026-04-11 11:00:00,44.0,143.0,2.75,28.0,17.0,60.0,35.75,0.0,45.25,0.0,1.0,NA,0.0,0.0,0.0,27.75,36.25,1.25,NA,0.0,0.0,713.0,978.0,NA
2026-04-11 12:00:00,42.0,138.0,4.5,26.0,17.75,61.5,36.75,0.0,48.5,0.0,0.5,NA,0.0,0.0,0.0,28.0,35.25,1.75,NA,0.0,0.0,713.25,978.0,NA
2026-04-11 13:00:00,41.0,134.0,2.33,22.25,13.25,61.0,37.0,0.0,52.5,0.0,0.5,NA,0.0,0.0,0.0,28.75,34.75,1.25,NA,0.0,0.0,633.5,978.0,NA
2026-04-11 14:00:00,45.0,113.0,2.75,24.0,15.25,57.75,37.0,0.0,51.0,0.0,0.25,NA,0.0,0.0,0.0,29.0,33.5,1.25,NA,0.0,0.0,378.75,978.0,NA
2026-04-11 15:00:00,42.0,149.0,3.67,27.0,16.25,54.75,37.0,0.0,49.5,0.0,0.75,NA,0.0,0.0,0.0,28.0,33.0,1.75,NA,0.0,0.0,263.75,978.0,NA
2026-04-11 16:00:00,46.0,155.0,3.75,32.0,20.25,53.25,36.5,0.0,45.0,0.0,1.0,NA,0.0,0.0,0.0,27.75,35.75,1.0,NA,0.0,0.0,192.5,978.0,NA
2026-04-11 17:00:00,57.0,177.0,4.5,36.5,23.25,53.25,37.5,0.0,41.25,0.0,3.5,NA,0.0,0.0,0.0,27.0,36.75,0.75,NA,0.0,0.0,78.75,978.0,NA
2026-04-11 18:00:00,69.0,195.0,2.75,45.0,26.25,52.0,37.25,0.0,31.5,0.0,3.5,NA,0.0,0.0,0.0,25.75,38.0,0.25,351.75,0.0,0.0,24.0,978.0,NA
2026-04-11 19:00:00,80.0,244.0,4.5,52.0,31.5,49.5,38.0,0.0,22.5,0.5,3.0,NA,0.0,0.0,0.0,24.75,41.0,0.0,331.75,0.0,0.0,9.75,979.0,NA
2026-04-11 20:00:00,94.0,261.0,5.33,61.33,37.0,50.67,39.67,0.33,15.33,1.0,2.33,NA,0.0,0.0,0.0,24.0,44.0,0.0,318.0,0.0,0.0,9.33,979.0,NA
2026-04-11 21:00:00,99.0,288.0,11.5,83.0,53.75,43.5,42.25,1.0,8.0,1.0,11.5,NA,0.75,1.25,1.25,24.0,43.75,0.0,320.25,0.0,0.0,9.5,978.5,NA
2026-04-11 22:00:00,110.0,326.0,22.0,79.5,60.25,42.25,46.0,1.0,7.25,1.0,12.5,NA,1.0,2.0,2.0,24.0,45.0,0.0,321.0,0.0,0.0,9.5,978.5,NA
2026-04-11 23:00:00,119.0,381.0,14.25,66.0,47.0,56.0,47.25,0.75,8.0,1.0,11.25,NA,0.75,1.0,1.0,23.0,48.25,0.0,305.75,0.0,0.0,9.5,979.0,NA
2026-04-12 00:00:00,92.0,300.0,3.5,49.75,29.0,62.5,44.75,0.0,14.75,1.0,4.75,NA,0.0,0.5,0.25,22.75,51.75,0.0,295.75,0.0,0.0,9.0,978.75,NA
2026-04-12 01:00:00,70.0,227.0,3.0,37.75,22.75,66.0,43.5,0.0,24.25,0.0,1.25,NA,0.0,0.0,0.0,22.0,54.25,0.0,291.25,0.0,0.0,9.75,978.75,NA
2026-04-12 02:00:00,59.0,162.0,5.0,41.0,26.0,65.5,40.5,0.0,18.5,0.0,0.0,NA,0.0,0.0,0.0,21.75,59.25,0.0,278.75,0.0,0.0,9.75,978.0,NA
2026-04-12 03:00:00,59.0,146.0,2.75,40.25,24.0,68.75,39.0,0.0,20.0,0.0,0.0,NA,0.0,0.0,0.0,21.75,57.25,0.0,278.0,0.0,0.0,10.0,978.25,NA
2026-04-12 04:00:00,55.0,128.0,7.25,44.0,29.5,59.75,38.75,0.0,16.0,0.0,0.0,NA,0.0,0.0,0.0,22.0,57.0,0.0,278.75,0.0,0.0,10.0,978.75,NA
2026-04-12 05:00:00,58.0,145.0,12.25,60.25,42.0,61.5,40.75,0.0,7.5,1.25,1.75,NA,0.0,0.0,0.0,21.75,57.75,0.0,278.5,0.0,0.0,9.75,978.75,NA
2026-04-12 06:00:00,67.0,178.0,11.0,53.5,37.5,62.75,54.25,0.5,9.0,1.0,3.25,NA,0.0,0.0,0.0,21.0,60.5,0.5,269.75,0.0,0.0,21.75,978.75,NA
2026-04-12 07:00:00,288.0,438.0,9.0,48.0,32.75,67.0,53.25,0.25,14.25,1.0,3.0,NA,0.0,0.0,0.0,21.5,59.5,0.5,274.25,0.0,0.0,134.75,978.25,NA
2026-04-12 08:00:00,144.0,276.0,7.75,42.5,28.75,67.25,48.75,0.0,25.75,1.0,2.25,NA,0.0,0.0,0.0,22.25,55.25,1.0,290.5,0.0,0.0,86.5,978.5,NA
2026-04-12 09:00:00,89.0,186.0,6.25,35.75,24.25,65.5,48.5,0.0,37.0,0.0,0.75,NA,0.0,0.0,0.0,23.75,50.75,1.0,313.5,0.0,0.0,444.75,978.5,NA
2026-04-12 10:00:00,84.0,166.0,3.0,32.0,19.75,62.75,44.75,0.0,46.25,0.0,0.25,NA,0.0,0.0,0.0,26.5,43.0,1.0,351.0,0.0,0.0,690.75,978.0,NA
2026-04-12 11:00:00,79.0,168.0,4.0,29.0,18.67,63.0,40.67,0.0,49.67,0.0,0.67,NA,0.0,0.0,0.0,27.33,39.33,1.0,NA,0.0,0.0,749.33,978.0,NA
2026-04-12 12:00:00,35.0,139.0,2.75,26.75,16.25,62.0,39.0,0.0,48.25,0.0,0.25,NA,0.0,0.0,0.0,28.0,35.75,1.25,NA,0.0,0.0,759.25,978.0,NA
2026-04-12 13:00:00,38.0,119.0,4.75,24.0,16.5,59.75,38.25,0.0,48.0,0.0,0.25,NA,0.0,0.0,0.0,28.75,34.25,1.5,NA,0.0,0.0,685.5,978.0,NA
2026-04-12 14:00:00,18.0,124.0,5.25,22.25,16.25,57.0,37.25,0.0,51.5,0.0,0.0,NA,0.0,0.0,0.0,29.0,33.5,1.25,NA,0.0,0.0,484.5,978.0,NA
2026-04-12 15:00:00,30.0,118.0,3.75,23.0,15.25,55.75,36.5,0.0,50.25,0.0,0.25,NA,0.0,0.0,0.0,28.75,33.25,1.5,NA,0.0,0.0,281.0,978.0,NA
2026-04-12 16:00:00,22.0,130.0,4.0,26.25,17.25,52.75,35.5,0.0,49.0,0.0,1.25,NA,0.0,0.0,0.0,29.0,31.75,1.75,NA,0.0,0.0,233.25,978.0,NA
2026-04-12 17:00:00,22.0,141.0,3.33,34.25,20.25,47.75,36.0,0.0,44.75,0.0,11.0,NA,0.5,2.25,1.25,28.75,32.0,1.0,NA,0.0,0.0,90.0,978.0,NA
2026-04-12 18:00:00,29.0,158.0,3.5,40.75,24.75,44.0,37.0,0.0,39.0,0.25,2.0,NA,0.0,0.0,0.0,27.25,32.75,1.0,NA,0.0,0.0,24.25,978.0,NA
2026-04-12 19:00:00,46.0,196.0,5.5,60.75,37.25,38.0,39.25,0.5,25.25,0.75,4.0,NA,0.0,0.0,0.0,26.0,34.25,0.25,352.33,0.0,0.0,9.5,978.25,NA
2026-04-12 20:00:00,95.0,279.0,6.0,61.5,38.25,43.0,41.25,1.0,22.0,1.75,12.0,NA,0.0,0.75,1.0,25.5,35.5,0.25,342.0,0.0,0.0,9.25,978.5,NA
2026-04-12 21:00:00,69.0,252.0,5.75,68.25,41.25,39.0,42.0,0.75,18.25,1.0,2.5,NA,0.0,0.0,0.0,24.75,37.0,0.0,331.5,0.0,0.0,9.75,978.25,NA
2026-04-12 22:00:00,77.0,272.0,14.0,81.75,55.0,35.0,43.25,0.75,7.25,1.0,3.0,NA,0.0,0.0,0.5,24.0,39.5,0.0,318.25,0.0,0.0,9.5,978.75,NA
2026-04-12 23:00:00,81.0,306.0,23.5,83.5,63.75,36.5,45.5,0.0,6.25,1.0,4.25,NA,0.0,0.75,1.0,24.0,40.25,0.0,314.5,0.0,0.0,9.5,978.75,NA
2026-04-13 00:00:00,69.0,295.0,26.5,84.5,66.5,40.5,45.75,0.0,5.5,1.0,4.75,NA,0.0,1.0,0.75,23.0,42.0,0.0,308.25,0.0,0.0,9.75,979.0,NA
2026-04-13 01:00:00,89.0,366.0,26.25,82.5,65.75,51.0,45.75,0.0,5.5,0.75,3.0,NA,0.0,0.75,0.75,23.0,43.25,0.0,300.75,0.0,0.0,9.5,978.5,NA
2026-04-13 02:00:00,63.0,284.0,9.5,69.0,44.5,79.5,42.0,0.0,10.5,0.5,2.0,NA,0.0,0.25,0.0,22.75,44.75,0.0,296.25,0.0,0.0,9.5,978.75,NA
2026-04-13 03:00:00,74.0,190.0,14.0,67.75,48.0,77.75,43.5,0.0,6.5,1.0,2.75,NA,0.0,0.0,0.0,22.0,48.0,0.0,285.25,0.0,0.0,9.75,979.0,NA
2026-04-13 04:00:00,101.0,226.0,7.0,59.25,37.25,88.25,44.75,0.0,12.0,0.75,5.0,NA,0.0,0.0,0.0,22.0,48.0,0.0,285.5,0.0,0.0,9.75,979.0,NA
2026-04-13 05:00:00,74.0,177.0,11.25,65.25,43.75,80.5,43.0,0.0,10.0,0.0,2.75,NA,0.0,0.0,0.0,21.5,50.5,0.0,277.25,0.0,0.0,9.75,979.0,NA
2026-04-13 06:00:00,99.0,289.0,14.0,63.0,45.0,81.0,46.5,0.0,9.0,0.75,3.25,NA,0.0,0.5,0.0,21.25,51.0,0.0,275.75,0.0,0.0,21.5,979.0,NA
2026-04-13 07:00:00,99.0,259.0,9.0,58.0,38.75,87.5,71.0,0.0,16.25,0.75,1.75,NA,0.0,0.0,0.0,22.0,50.75,1.0,282.5,0.0,0.0,145.75,978.75,NA
2026-04-13 08:00:00,194.0,378.0,7.75,49.25,32.5,84.5,66.0,0.0,30.25,1.0,1.0,NA,0.0,0.0,0.0,22.75,48.5,1.0,297.25,0.0,0.0,79.5,979.0,NA
2026-04-13 09:00:00,125.0,267.0,4.5,46.75,28.75,83.5,59.25,0.0,46.5,0.75,1.0,NA,0.0,0.0,0.0,24.25,45.0,0.75,323.0,0.0,0.0,486.75,979.0,NA
2026-04-13 10:00:00,102.0,223.0,4.67,38.0,24.0,82.33,46.33,0.0,52.33,0.33,1.0,NA,0.0,0.0,0.0,27.0,38.0,1.0,NA,0.0,0.0,680.67,978.33,NA
2026-04-13 11:00:00,67.0,160.0,3.75,32.25,20.25,74.25,40.5,0.0,53.25,0.0,1.0,NA,0.0,0.0,0.0,28.0,33.5,1.25,NA,0.0,0.0,776.0,978.0,NA
2026-04-13 12:00:00,47.0,128.0,3.0,26.25,16.5,69.25,38.25,0.0,57.75,0.0,1.0,NA,0.0,0.0,0.0,28.75,32.25,1.5,NA,0.0,0.0,769.0,978.0,NA
2026-04-13 13:00:00,34.0,117.0,3.0,26.25,16.5,63.75,37.75,0.0,59.5,0.0,0.25,NA,0.0,0.0,0.0,29.25,30.5,1.5,NA,0.0,0.0,700.5,978.0,NA
2026-04-13 14:00:00,36.0,136.0,3.5,24.25,15.75,59.0,36.75,0.0,62.25,0.0,0.25,NA,0.0,0.0,0.0,30.0,29.5,1.75,NA,0.0,0.0,503.5,978.0,NA
2026-04-13 15:00:00,35.0,107.0,2.5,26.75,16.5,56.25,36.75,0.0,63.75,0.0,0.25,NA,0.0,0.0,0.0,29.0,30.0,1.25,NA,0.0,0.0,281.5,978.0,NA
2026-04-13 16:00:00,27.0,108.0,3.75,28.5,18.25,52.75,36.0,0.0,62.0,0.0,0.25,NA,0.0,0.0,0.0,30.0,29.25,1.0,NA,0.0,0.0,241.0,978.0,NA
2026-04-13 17:00:00,25.0,127.0,3.0,33.25,20.25,49.25,36.5,0.0,58.0,0.0,1.25,NA,0.0,0.0,0.0,29.5,29.5,1.0,NA,0.0,0.0,90.5,978.0,NA
2026-04-13 18:00:00,38.0,151.0,4.75,54.25,32.75,46.0,39.5,0.25,42.75,0.25,2.25,NA,0.0,0.0,0.0,27.5,32.0,0.25,NA,0.0,0.0,23.0,978.0,NA
2026-04-13 19:00:00,88.0,239.0,5.5,81.25,47.75,44.5,48.75,1.0,20.25,1.0,4.25,NA,0.0,0.75,1.0,26.25,34.75,0.0,355.33,0.0,0.0,9.75,978.75,NA
2026-04-13 20:00:00,89.0,252.0,6.25,82.0,49.0,49.75,77.5,1.0,19.75,1.0,3.5,NA,0.75,1.0,1.5,26.0,36.0,0.0,350.75,0.0,0.0,10.0,978.25,NA
2026-04-13 21:00:00,92.0,257.0,8.5,73.0,46.0,50.25,70.5,1.0,20.0,1.0,2.25,NA,0.0,0.25,1.0,26.0,36.25,0.0,346.25,0.0,0.0,9.75,978.0,NA
2026-04-13 22:00:00,118.0,332.0,18.0,89.5,62.5,43.5,63.25,1.0,7.5,1.0,5.0,NA,0.25,0.5,1.0,25.0,37.75,0.0,337.75,0.0,0.0,9.75,978.0,NA
2026-04-13 23:00:00,136.0,381.0,8.25,79.75,49.75,56.5,55.5,0.5,11.0,1.0,5.5,NA,0.25,0.5,0.5,25.0,38.0,0.0,332.5,0.0,0.0,9.25,978.25,NA
2026-04-14 00:00:00,119.0,293.0,9.25,73.25,46.75,58.75,48.5,0.0,9.0,1.0,5.25,NA,0.5,0.25,0.25,24.0,41.25,0.0,316.5,0.0,0.0,9.75,979.0,NA
2026-04-14 01:00:00,113.0,272.0,5.75,64.5,39.25,63.25,47.25,0.0,13.25,0.75,6.0,NA,0.0,0.5,0.25,23.0,43.25,0.0,306.25,0.0,0.0,10.0,979.0,NA
2026-04-14 02:00:00,94.0,228.0,6.0,60.0,37.5,67.5,46.0,0.0,13.0,0.0,2.0,NA,0.0,0.0,0.0,23.0,44.5,0.0,301.0,0.0,0.0,9.75,978.75,NA
2026-04-14 03:00:00,91.0,237.0,7.5,62.5,40.0,66.0,53.5,0.0,11.25,1.5,6.25,NA,0.0,0.0,0.0,22.5,46.0,0.0,294.75,0.0,0.0,9.25,979.0,NA
2026-04-14 04:00:00,106.0,229.0,8.5,70.75,44.5,62.0,48.25,0.0,7.25,1.5,12.5,NA,0.0,0.75,0.25,22.0,47.75,0.0,290.0,0.0,0.0,9.25,979.0,NA
2026-04-14 05:00:00,113.0,248.0,22.5,75.0,58.0,57.25,45.5,0.25,6.25,1.0,11.75,NA,0.0,1.0,1.0,22.0,49.25,0.0,286.5,0.0,0.0,9.75,978.25,NA
2026-04-14 06:00:00,106.0,291.0,52.75,78.5,85.0,49.5,46.25,1.0,5.5,1.25,8.5,NA,0.25,1.75,1.0,22.0,51.0,0.0,286.0,0.0,0.0,22.25,979.0,NA
2026-04-14 07:00:00,153.0,371.0,23.75,72.75,58.0,75.0,51.75,1.0,13.5,2.0,9.5,NA,1.0,1.75,1.5,23.0,48.75,0.0,299.75,0.0,0.0,147.0,978.5,NA
2026-04-14 08:00:00,114.0,283.0,6.5,64.0,39.75,73.0,64.5,1.0,34.5,1.75,4.25,NA,0.5,1.0,1.0,24.0,45.5,0.0,320.75,0.0,0.0,110.25,978.75,NA
2026-04-14 09:00:00,204.0,407.0,4.25,53.0,31.75,72.75,74.0,1.0,55.5,1.5,3.75,NA,0.0,0.0,0.0,25.25,42.25,0.25,340.0,0.0,0.0,457.0,978.0,NA
2026-04-14 10:00:00,185.0,349.0,2.67,42.0,24.67,73.33,67.67,1.0,76.0,1.0,1.33,NA,0.0,0.0,0.0,28.0,36.67,0.33,NA,0.0,0.0,638.67,978.0,NA
2026-04-14 11:00:00,173.0,383.0,2.5,33.25,19.75,69.75,65.25,0.75,87.5,1.0,1.5,NA,0.0,0.0,0.0,29.0,32.25,0.25,NA,0.0,0.0,695.0,978.0,NA
2026-04-14 12:00:00,96.0,208.0,2.75,26.25,16.5,64.0,47.0,0.0,80.0,0.0,1.5,NA,0.0,0.0,0.0,30.5,30.25,0.25,NA,0.0,0.0,710.25,978.0,NA
2026-04-14 13:00:00,50.0,125.0,3.25,23.5,15.25,59.25,41.0,0.0,71.25,0.0,1.25,NA,0.0,0.0,0.0,31.0,29.0,1.0,311.0,0.0,0.0,655.0,978.0,NA
2026-04-14 14:00:00,38.0,112.0,1.5,24.75,14.5,57.0,38.25,0.0,67.75,0.0,1.0,NA,0.0,0.0,0.0,31.0,29.0,0.75,241.0,0.0,0.0,475.0,978.0,NA
2026-04-14 15:00:00,41.0,121.0,2.5,23.25,14.25,57.75,37.75,0.0,68.75,0.0,0.25,NA,0.0,0.0,0.0,30.5,29.75,1.0,225.75,0.0,0.0,233.25,978.0,NA
2026-04-14 16:00:00,36.0,122.0,2.25,23.25,14.0,56.5,37.5,0.0,65.75,0.0,1.0,NA,0.0,0.0,0.0,31.0,29.0,0.75,231.0,0.0,0.0,216.75,978.25,NA
2026-04-14 17:00:00,34.0,134.0,3.5,36.75,22.25,50.25,37.75,0.0,56.5,0.0,0.75,NA,0.0,0.0,0.0,30.75,30.25,0.0,226.25,0.0,0.0,86.0,979.0,NA
2026-04-14 18:00:00,58.0,190.0,9.0,77.25,48.0,39.25,42.0,1.0,30.0,0.5,3.0,NA,0.25,0.5,0.75,28.5,31.75,0.0,206.0,0.0,0.0,24.75,978.25,NA
2026-04-14 19:00:00,124.0,434.0,91.0,99.0,127.25,18.33,55.5,4.25,7.0,3.25,15.25,NA,7.5,5.75,9.25,26.5,38.0,0.0,180.0,0.0,0.0,9.75,978.0,NA
2026-04-14 20:00:00,178.0,644.0,50.25,96.25,92.25,58.75,58.0,2.0,5.0,2.75,22.5,NA,6.0,6.25,7.75,26.0,38.25,0.0,171.75,0.0,0.0,9.75,978.25,NA
2026-04-14 21:00:00,151.0,465.0,7.25,73.25,45.0,70.25,53.75,1.0,12.75,2.25,18.0,NA,3.25,3.5,3.25,25.25,37.75,0.0,168.25,0.0,0.0,9.0,978.0,NA
2026-04-14 22:00:00,132.0,353.0,4.67,70.0,41.0,59.67,51.67,1.0,9.67,1.33,5.0,NA,0.67,1.0,1.33,25.0,39.0,0.0,166.33,0.0,0.0,9.67,978.0,NA
2026-04-14 23:00:00,134.0,420.0,9.75,73.0,47.0,58.75,55.5,0.75,7.25,1.0,1.25,NA,0.0,0.0,0.0,25.0,38.75,0.0,162.5,0.0,0.0,9.75,978.25,NA
2026-04-15 00:00:00,110.0,273.0,12.0,74.75,49.75,61.5,52.75,0.0,6.75,1.0,1.0,NA,0.0,0.0,0.0,24.25,39.75,0.0,156.25,0.0,0.0,9.75,978.0,NA
2026-04-15 01:00:00,78.0,223.0,12.5,71.75,48.5,59.0,46.0,0.0,6.75,1.0,1.0,NA,0.0,0.0,0.0,24.0,40.5,0.0,150.75,0.0,0.0,9.75,979.0,NA
2026-04-15 02:00:00,74.0,221.0,47.5,71.5,77.0,43.5,44.0,0.0,5.0,1.0,1.5,NA,0.0,0.0,0.5,23.5,42.5,0.0,146.75,0.0,0.0,9.5,978.25,NA
2026-04-15 03:00:00,117.0,339.0,135.0,83.5,154.5,27.25,49.5,0.25,5.75,1.0,5.5,NA,0.25,1.25,1.25,23.0,43.5,0.0,143.0,0.0,0.0,9.5,978.75,NA
2026-04-15 04:00:00,164.0,428.0,122.75,74.0,139.25,59.75,52.5,1.0,5.5,1.0,13.0,NA,1.0,2.5,2.0,23.0,45.0,0.0,141.25,0.0,0.0,9.75,978.75,NA
2026-04-15 05:00:00,150.0,345.0,61.0,71.75,87.75,84.0,66.0,1.0,5.0,1.5,13.5,NA,2.0,2.75,2.0,22.75,45.0,0.0,137.5,0.0,0.0,10.0,978.5,NA
2026-04-15 06:00:00,164.0,368.0,24.5,74.0,59.75,69.25,111.75,1.0,5.75,2.0,7.0,NA,1.5,1.5,1.5,22.75,43.75,0.0,136.5,0.0,0.0,22.75,978.75,NA
2026-04-15 07:00:00,276.0,560.0,19.0,81.5,58.75,68.5,110.0,1.0,12.5,2.0,3.75,NA,0.25,1.0,1.0,23.5,42.0,0.0,146.5,0.0,0.0,152.75,978.0,NA
2026-04-15 08:00:00,284.0,563.0,7.5,72.25,44.75,68.0,93.5,1.0,36.5,1.75,3.0,NA,0.0,0.5,1.0,24.5,40.25,0.0,159.25,0.0,0.0,121.75,978.0,NA
2026-04-15 09:00:00,200.0,407.0,5.5,56.75,35.0,70.0,82.25,0.75,60.5,1.0,2.0,NA,0.0,0.0,0.0,26.75,37.25,0.5,181.5,0.0,0.0,501.75,978.0,NA
2026-04-15 10:00:00,146.0,322.0,2.75,41.75,24.75,69.75,59.0,0.0,75.75,1.0,2.0,NA,0.0,0.0,0.0,29.0,33.5,0.75,208.75,0.0,0.0,682.75,978.0,NA
2026-04-15 11:00:00,102.0,206.0,2.0,32.5,19.0,66.5,47.0,0.0,74.0,0.0,1.0,NA,0.0,0.0,0.0,30.25,30.5,1.0,224.0,0.0,0.0,761.75,978.0,NA
2026-04-15 12:00:00,55.0,143.0,3.25,25.25,16.25,58.5,39.75,0.0,64.75,0.0,1.25,NA,0.0,0.0,0.0,31.25,29.25,1.0,231.25,0.0,0.0,752.0,978.0,NA
2026-04-15 13:00:00,38.0,113.0,3.25,22.5,14.75,57.0,37.75,0.0,59.5,0.0,1.0,NA,0.0,0.0,0.0,32.0,28.0,1.25,239.75,0.0,0.0,686.0,978.0,NA
2026-04-15 14:00:00,28.0,117.0,2.25,25.5,15.5,55.75,37.0,0.0,58.5,0.0,0.25,NA,0.0,0.0,0.0,32.0,27.25,1.0,245.0,0.0,0.0,504.5,978.75,NA
2026-04-15 15:00:00,30.0,123.0,3.75,24.25,15.75,53.5,36.0,0.0,58.5,0.0,0.25,NA,0.0,0.0,0.0,31.25,27.5,1.0,235.5,0.0,0.0,270.25,979.0,NA
2026-04-15 16:00:00,38.0,125.0,6.67,22.67,17.33,51.33,36.33,0.0,58.0,0.0,1.0,NA,0.0,0.0,0.0,31.33,27.33,1.33,237.67,0.0,0.0,240.33,979.0,NA
2026-04-15 17:00:00,38.0,191.0,2.5,33.75,19.75,50.75,36.5,0.0,55.5,0.0,1.5,NA,0.0,0.0,0.0,31.0,28.0,0.75,232.5,0.0,0.0,90.5,979.0,NA
2026-04-15 18:00:00,46.0,147.0,6.75,65.25,40.25,39.25,38.5,0.5,35.25,0.0,1.75,NA,0.0,0.0,0.0,29.5,30.25,0.25,212.75,0.0,0.0,25.0,979.0,NA
2026-04-15 19:00:00,97.0,374.0,57.25,105.75,102.75,22.25,53.5,3.75,6.75,3.0,16.75,NA,8.0,6.5,10.5,26.75,36.5,0.0,184.5,0.0,0.0,10.0,978.75,NA
2026-04-15 20:00:00,153.0,462.0,75.5,101.75,115.25,41.75,58.0,3.5,5.0,3.5,20.5,NA,9.0,7.5,11.25,26.0,38.0,0.0,176.0,0.0,0.0,9.25,978.0,NA
2026-04-15 21:00:00,161.0,447.0,64.5,98.5,105.0,52.25,62.5,3.0,5.75,3.0,17.0,NA,7.0,7.0,7.5,26.0,39.0,0.0,172.75,0.0,0.0,9.0,978.0,NA
2026-04-15 22:00:00,222.0,553.0,133.25,93.0,157.75,31.25,67.0,3.0,5.75,3.0,21.75,NA,6.75,7.5,7.0,25.25,40.5,0.0,166.75,0.0,0.0,9.5,978.25,NA
2026-04-15 23:00:00,259.0,672.0,194.75,87.0,205.0,37.75,72.5,3.0,6.0,3.0,21.75,NA,6.0,8.0,7.0,25.0,42.75,0.0,160.5,0.0,0.0,9.75,978.0,NA
2026-04-16 00:00:00,276.0,703.0,170.0,83.75,182.75,71.5,75.5,2.0,5.75,2.75,20.75,NA,6.75,7.5,6.0,24.5,42.5,0.0,157.5,0.0,0.0,9.5,978.0,NA
2026-04-16 01:00:00,254.0,522.0,131.0,76.75,149.33,84.75,69.25,2.0,5.25,2.0,17.5,NA,5.25,5.75,5.0,24.0,43.75,0.0,154.75,0.0,0.0,10.0,978.25,NA
2026-04-16 02:00:00,177.0,388.0,116.5,71.5,132.5,95.5,63.0,1.5,5.5,2.0,16.25,NA,5.5,6.5,5.5,24.0,44.75,0.0,151.5,0.0,0.0,9.5,978.0,NA
2026-04-16 03:00:00,207.0,425.0,113.0,81.25,135.25,88.0,65.0,1.0,5.0,2.0,15.5,NA,5.0,5.75,4.5,24.0,43.25,0.0,149.0,0.0,0.0,9.25,978.0,NA
2026-04-16 04:00:00,277.0,591.0,63.0,73.75,90.25,103.25,71.5,1.0,5.75,2.5,12.75,NA,3.75,5.25,4.0,23.5,44.5,0.0,146.75,0.0,0.0,9.25,978.75,NA
2026-04-16 05:00:00,251.0,428.0,39.5,69.0,68.75,109.0,81.75,1.0,5.0,6.0,10.0,NA,4.75,5.5,3.75,23.0,45.75,0.0,143.5,0.0,0.0,9.75,978.0,NA
2026-04-16 06:00:00,252.0,404.0,66.0,67.25,89.5,87.67,84.5,1.0,7.25,6.0,8.25,NA,5.0,4.0,3.25,23.0,47.75,0.0,142.25,0.0,0.0,22.75,978.25,NA
2026-04-16 07:00:00,272.0,525.0,63.0,88.75,98.5,93.5,86.5,1.75,7.25,2.75,11.0,NA,5.0,4.0,4.0,24.25,47.5,0.0,156.25,0.0,0.0,137.0,978.0,NA
2026-04-16 08:00:00,318.0,632.0,20.0,131.0,86.25,91.5,87.0,2.0,17.5,2.75,9.0,NA,3.75,3.5,3.0,26.0,42.5,0.0,173.25,0.0,0.0,151.75,978.0,NA
2026-04-16 09:00:00,349.0,698.0,4.5,82.75,48.0,101.0,75.5,1.25,60.25,2.5,8.25,NA,1.75,2.25,2.25,27.0,38.5,0.25,189.0,0.0,0.0,447.5,978.0,NA
2026-04-16 10:00:00,197.0,411.0,3.0,51.75,29.0,97.5,60.0,0.5,27.5,0.75,2.0,NA,0.0,0.0,0.25,29.5,33.75,0.0,217.0,0.0,0.0,652.5,978.0,NA
2026-04-16 11:00:00,105.0,267.0,3.25,36.5,22.0,93.75,51.75,0.0,16.75,0.0,1.25,NA,0.0,0.0,0.0,31.0,31.5,0.0,230.75,0.0,0.0,726.25,978.0,NA
2026-04-16 12:00:00,47.0,166.0,2.75,29.75,17.75,91.0,46.75,0.0,25.75,0.0,1.0,NA,0.0,0.0,0.0,31.5,31.0,0.5,236.75,0.0,0.0,683.5,978.0,NA
2026-04-16 13:00:00,35.0,152.0,3.5,26.75,17.0,92.25,44.5,0.0,32.75,0.0,1.0,NA,0.0,0.0,0.0,32.5,29.75,0.25,247.0,0.0,0.0,626.5,978.25,NA
2026-04-16 14:00:00,33.0,119.0,1.75,22.75,13.75,90.75,43.75,0.0,33.0,0.0,1.5,NA,0.0,0.0,0.5,33.0,28.25,0.5,252.25,0.0,0.0,478.5,979.0,NA
2026-04-16 15:00:00,12.0,117.0,4.0,24.75,16.25,81.5,39.5,0.0,30.5,0.0,0.0,NA,0.0,0.0,0.0,32.25,28.5,1.0,242.75,0.0,0.0,236.5,979.0,NA
2026-04-16 16:00:00,23.0,193.0,1.75,31.0,18.25,76.25,38.5,0.0,30.75,0.0,0.75,NA,0.0,0.0,0.0,32.0,28.5,0.5,245.0,0.0,0.0,197.25,979.75,NA
2026-04-16 17:00:00,22.0,144.0,3.75,36.0,22.5,71.0,38.75,0.0,29.75,0.0,1.75,NA,0.0,0.0,0.0,31.0,29.0,0.75,235.5,0.0,0.0,93.5,980.0,NA
2026-04-16 18:00:00,31.0,171.0,4.67,61.0,36.67,66.67,41.67,0.0,17.33,0.67,3.33,NA,0.0,0.0,0.33,29.0,33.0,0.0,209.67,0.0,0.0,21.33,979.33,NA
2026-04-16 19:00:00,45.0,223.0,5.5,78.25,46.0,61.25,44.25,0.75,15.0,0.25,5.25,NA,0.0,0.75,1.0,27.25,36.5,0.0,190.25,0.0,0.0,9.75,979.0,NA
2026-04-16 20:00:00,80.0,340.0,19.33,106.33,72.0,55.67,50.67,2.33,7.0,2.0,6.67,NA,3.0,2.33,3.0,26.67,40.33,0.0,182.33,0.0,0.0,9.67,978.0,NA
2026-04-16 21:00:00,138.0,454.0,27.75,106.5,79.25,59.0,58.0,2.75,6.0,2.75,7.25,NA,4.75,3.5,4.5,26.0,41.5,0.0,178.0,0.0,0.0,9.75,978.0,NA
2026-04-16 22:00:00,158.0,456.0,61.25,110.5,108.5,53.75,63.25,3.25,6.0,3.75,9.25,NA,5.5,4.25,5.25,26.0,42.5,0.0,173.75,0.0,0.0,9.75,978.0,NA
2026-04-16 23:00:00,173.0,544.0,78.75,110.25,122.5,55.75,69.75,4.0,6.5,4.0,10.25,NA,6.0,5.0,6.0,25.75,44.0,0.0,170.25,0.0,0.0,9.0,978.0,NA
2026-04-17 00:00:00,255.0,635.0,94.75,99.75,129.75,66.75,72.5,4.0,6.25,4.0,16.0,NA,7.5,6.5,7.0,25.0,45.75,0.0,167.5,0.0,0.0,9.75,978.0,NA
2026-04-17 01:00:00,178.0,471.0,147.25,99.0,173.0,51.5,66.75,3.25,6.25,4.25,18.75,NA,6.75,6.75,7.5,25.0,45.75,0.0,167.0,0.0,0.0,9.5,978.0,NA
2026-04-17 02:00:00,140.0,466.0,153.0,85.0,169.0,66.5,60.5,2.5,6.25,3.5,14.75,NA,6.25,5.5,5.75,25.0,47.0,0.0,168.25,0.0,0.0,10.0,978.0,NA
2026-04-17 03:00:00,168.0,545.0,104.0,83.25,128.75,80.75,73.25,2.0,5.5,3.5,14.0,NA,4.75,4.5,4.5,25.0,47.0,0.0,162.75,0.0,0.0,9.25,978.0,NA
2026-04-17 04:00:00,212.0,516.0,96.0,73.5,117.25,68.5,74.5,2.0,6.0,4.0,13.25,NA,4.0,3.0,3.0,24.0,48.25,0.0,157.0,0.0,0.0,9.5,978.0,NA
2026-04-17 05:00:00,227.0,495.0,129.0,74.75,144.5,48.75,72.25,2.0,6.0,4.0,12.25,NA,3.75,3.0,3.0,24.0,49.25,0.0,156.25,0.0,0.0,9.75,978.0,NA
2026-04-17 06:00:00,248.0,575.0,121.25,70.25,135.75,62.5,71.5,2.0,6.25,4.0,13.0,NA,4.0,3.0,3.0,24.5,49.25,0.0,158.25,0.0,0.0,29.25,978.0,NA
2026-04-17 07:00:00,255.0,493.0,115.0,88.75,140.5,51.75,72.25,2.0,7.5,4.0,14.25,NA,3.0,4.0,3.5,25.5,47.25,0.0,170.25,0.0,0.0,77.25,978.0,NA
2026-04-17 08:00:00,268.0,697.0,36.25,114.5,90.75,65.5,71.0,2.25,6.75,4.5,12.75,NA,4.0,3.0,3.0,26.25,47.5,0.0,178.5,0.0,0.0,129.0,978.0,NA
2026-04-17 09:00:00,300.0,814.0,14.0,106.75,68.25,51.75,68.75,1.75,8.25,2.75,9.0,NA,2.5,2.5,2.5,27.75,41.0,0.0,193.75,0.0,0.0,194.75,978.0,NA
2026-04-17 10:00:00,174.0,401.0,4.75,70.75,41.5,56.5,59.25,1.0,14.0,1.5,5.75,NA,1.0,1.5,1.75,29.0,36.75,0.0,207.0,0.0,0.0,350.25,978.0,NA
2026-04-17 11:00:00,110.0,307.0,4.67,56.5,33.0,56.25,56.75,0.75,NA,1.0,3.75,NA,0.0,1.0,1.0,30.0,33.75,0.0,222.5,0.0,0.0,440.0,978.0,NA
2026-04-17 12:00:00,78.0,240.0,3.5,47.25,28.25,64.0,53.5,0.5,NA,1.0,2.0,NA,0.0,0.0,0.25,31.25,32.5,0.0,234.25,0.0,0.0,548.0,979.0,NA
2026-04-17 13:00:00,78.0,243.0,3.0,49.5,28.5,72.5,53.5,0.0,122.0,1.0,2.0,NA,0.0,0.0,0.0,32.5,30.75,0.25,249.5,0.0,0.0,566.5,979.0,NA
2026-04-17 14:00:00,83.0,290.0,NA,NA,NA,NA,NA,NA,82.25,1.0,2.0,NA,0.0,0.0,0.0,32.25,30.5,0.25,246.75,0.0,0.0,300.0,979.25,NA
2026-04-17 15:00:00,66.0,222.0,7.0,77.0,47.0,96.0,30.0,0.0,46.75,1.0,1.25,NA,0.0,0.25,0.25,29.5,35.0,0.25,214.0,0.0,0.0,56.0,980.0,NA
2026-04-17 16:00:00,66.0,445.0,5.33,86.33,50.0,75.67,38.67,0.0,35.33,1.0,6.67,NA,0.33,1.33,1.33,28.0,39.0,0.0,199.0,0.0,0.0,50.67,979.67,NA
2026-04-17 17:00:00,58.0,316.0,5.0,47.75,29.75,81.25,40.25,0.0,44.5,0.5,8.25,NA,0.25,0.75,0.75,27.25,41.25,1.25,188.5,0.0,0.0,37.5,979.0,NA
2026-04-17 18:00:00,55.0,356.0,3.5,51.25,30.25,74.0,39.25,0.0,36.75,0.25,1.75,NA,0.0,0.0,0.0,26.25,44.25,1.5,175.75,0.0,0.0,10.0,978.5,NA
2026-04-17 19:00:00,56.0,256.0,5.75,53.0,33.25,69.75,39.0,0.0,25.25,0.0,5.75,NA,0.0,0.0,0.0,25.0,49.5,0.5,162.5,0.0,0.0,10.0,977.75,NA
2026-04-17 20:00:00,50.0,178.0,4.0,51.25,31.0,67.5,37.75,0.25,21.75,0.5,1.75,NA,0.0,0.0,0.25,24.75,50.25,1.0,160.75,0.0,0.0,10.0,978.0,NA
2026-04-17 21:00:00,30.0,77.0,2.75,42.5,25.0,67.25,37.5,0.0,23.75,0.75,2.5,NA,0.0,0.25,0.75,25.5,45.25,1.25,169.5,0.0,0.0,10.0,977.75,NA
2026-04-17 22:00:00,16.0,68.0,3.67,42.5,24.75,65.25,36.25,0.0,24.25,0.5,1.5,NA,0.0,0.0,0.0,25.75,44.25,0.5,171.75,0.0,0.0,10.0,977.75,NA
2026-04-17 23:00:00,19.0,51.0,10.0,64.25,42.5,53.25,36.0,0.0,11.5,0.5,1.5,NA,0.0,0.0,0.5,25.75,44.0,0.0,170.75,0.0,0.0,9.5,978.0,NA
2026-04-18 00:00:00,30.0,108.0,15.5,69.0,49.25,54.75,36.5,0.0,5.5,1.0,2.0,NA,0.25,0.0,0.25,25.0,47.25,0.0,162.5,0.0,0.0,9.75,978.0,NA
2026-04-18 01:00:00,40.0,107.0,13.25,56.75,41.25,56.75,37.25,NA,5.25,0.0,1.0,NA,0.0,0.0,0.0,24.0,50.25,0.0,153.5,0.0,0.0,9.0,978.0,NA
2026-04-18 02:00:00,36.0,107.0,67.5,66.5,90.0,46.0,38.5,0.0,3.0,1.0,1.75,NA,0.0,0.25,0.5,24.0,52.5,0.0,152.0,0.0,0.0,9.0,978.0,NA
2026-04-18 03:00:00,52.0,156.0,32.0,71.25,64.0,71.5,41.25,0.0,2.75,1.5,4.75,NA,0.25,1.0,1.0,24.0,50.5,0.0,154.25,0.0,0.0,9.75,978.0,NA
2026-04-18 04:00:00,48.0,140.0,13.0,69.5,48.0,62.0,52.25,NA,4.0,0.0,5.5,NA,0.0,0.75,0.75,24.0,51.5,0.0,152.25,0.0,0.0,9.75,978.0,NA
2026-04-18 05:00:00,184.0,285.0,21.25,68.25,53.75,55.5,51.5,0.0,3.5,0.0,5.0,NA,0.0,0.5,0.0,23.25,55.25,0.0,145.25,0.0,0.0,9.5,978.0,NA
2026-04-18 06:00:00,183.0,312.0,35.25,63.75,62.75,55.0,51.25,0.0,3.0,0.75,6.5,NA,0.0,1.0,0.25,23.0,57.75,0.0,140.25,0.0,0.0,23.25,978.0,NA
2026-04-18 07:00:00,199.0,367.0,27.25,70.5,60.0,61.0,63.5,0.0,5.0,1.0,7.25,NA,0.0,1.0,1.0,24.0,54.0,0.0,151.5,0.0,0.0,120.75,978.0,NA
2026-04-18 08:00:00,282.0,458.0,6.5,62.75,38.75,66.75,71.25,0.0,17.5,1.0,2.5,NA,0.0,0.25,0.0,25.0,48.75,0.0,164.25,0.0,0.0,196.75,978.0,NA
2026-04-18 09:00:00,202.0,340.0,5.0,50.5,31.0,59.5,55.5,0.0,34.5,0.75,2.0,NA,0.0,0.0,0.0,26.75,43.5,0.25,183.5,0.0,0.0,435.0,978.0,NA
2026-04-18 10:00:00,117.0,241.0,3.0,41.0,24.0,63.0,47.5,0.0,48.5,0.0,2.0,NA,0.0,0.25,0.0,29.25,37.5,0.75,211.75,0.0,0.0,616.5,978.0,NA
2026-04-18 11:00:00,78.0,197.0,5.25,39.75,25.75,60.5,51.0,NA,52.5,0.0,2.0,NA,0.0,0.0,0.0,31.0,34.75,0.0,228.75,0.0,0.0,697.75,978.0,NA
2026-04-18 12:00:00,45.0,145.0,2.5,28.5,17.5,70.0,42.5,NA,66.0,0.0,1.25,NA,0.0,0.0,0.0,31.0,33.25,0.75,233.75,0.0,0.0,711.5,978.0,NA
2026-04-18 13:00:00,33.0,145.0,4.0,29.0,19.0,74.75,38.75,NA,63.25,0.0,1.25,NA,0.0,0.0,0.0,32.0,31.75,1.0,239.75,0.0,0.0,646.75,978.25,NA
2026-04-18 14:00:00,40.0,147.0,3.33,31.75,19.0,78.0,38.75,0.0,64.25,0.0,1.5,NA,0.0,0.0,0.0,32.75,31.0,0.5,248.75,0.0,0.0,496.75,979.0,NA
2026-04-18 15:00:00,25.0,134.0,2.5,31.25,18.75,82.25,37.0,0.0,60.0,0.0,1.5,NA,0.0,0.0,0.0,32.0,30.75,1.0,241.75,0.0,0.0,231.5,979.0,NA
2026-04-18 16:00:00,18.0,112.0,3.25,30.5,19.25,82.5,35.0,0.0,51.0,0.0,0.75,NA,0.0,0.0,0.0,32.75,29.0,0.25,250.0,0.0,0.0,226.0,979.25,NA
2026-04-18 17:00:00,31.0,123.0,4.0,37.75,23.25,80.5,35.75,0.0,45.5,0.0,1.5,NA,0.0,0.0,0.0,32.25,29.5,0.0,243.5,0.0,0.0,89.5,980.0,NA
2026-04-18 18:00:00,25.0,171.0,36.75,98.0,82.0,58.5,41.0,1.75,12.0,1.5,5.25,NA,2.25,1.25,2.0,29.5,33.5,0.0,216.75,0.0,0.0,23.0,979.5,NA
2026-04-18 19:00:00,102.0,449.0,107.75,101.75,142.0,42.0,47.75,2.5,3.25,2.25,12.75,NA,5.75,4.25,5.5,27.25,38.5,0.0,189.25,0.0,0.0,9.75,979.0,NA
2026-04-18 20:00:00,135.0,575.0,125.0,100.0,155.0,52.0,52.5,2.75,3.25,2.0,16.0,NA,7.0,5.0,6.25,27.0,40.0,0.0,183.25,0.0,0.0,9.5,978.25,NA
2026-04-18 21:00:00,185.0,495.0,170.0,92.75,187.5,35.25,56.5,5.0,4.25,2.25,16.5,NA,6.25,4.75,5.25,26.25,43.5,0.0,179.0,0.0,0.0,10.0,978.25,NA
2026-04-18 22:00:00,269.0,675.0,347.5,99.25,335.75,11.75,66.5,7.0,4.0,4.25,28.75,NA,11.0,9.0,10.5,26.0,46.0,0.0,174.75,0.0,0.0,9.25,978.0,NA
2026-04-18 23:00:00,267.0,NA,377.5,88.5,353.75,38.25,73.0,6.0,4.0,4.0,35.5,NA,11.75,11.0,11.5,25.75,46.75,0.0,170.75,0.0,0.0,9.25,978.0,NA
2026-04-19 00:00:00,252.0,732.0,270.0,83.0,263.75,78.0,75.25,4.25,2.75,3.5,41.75,NA,9.25,10.25,10.25,25.0,47.25,0.0,166.5,0.0,0.0,9.75,978.0,NA
2026-04-19 01:00:00,185.0,431.0,191.5,79.75,198.0,80.5,72.5,4.25,3.25,5.75,33.0,NA,9.25,8.0,8.75,25.0,47.5,0.0,164.5,0.0,0.0,9.5,978.0,NA
2026-04-19 02:00:00,138.0,387.0,219.0,79.0,219.0,69.0,71.5,4.0,3.75,13.0,43.5,NA,12.25,10.0,10.75,25.0,49.5,0.0,161.5,0.0,0.0,9.75,978.0,NA
2026-04-19 03:00:00,200.0,471.0,158.25,79.25,171.0,98.75,84.0,2.5,2.25,3.75,31.5,NA,10.5,8.5,8.5,25.0,47.0,0.0,161.75,0.0,0.0,9.75,978.0,NA
2026-04-19 04:00:00,394.0,NA,111.33,72.0,128.33,92.0,79.33,1.33,2.67,2.0,19.0,NA,6.67,5.33,4.33,24.67,47.0,0.0,157.67,0.0,0.0,9.33,978.0,NA
2026-04-19 05:00:00,381.0,NA,114.0,73.0,131.0,75.0,74.0,1.0,4.0,2.0,16.0,NA,5.0,4.0,3.0,24.0,50.0,0.0,150.0,0.0,0.0,10.0,978.0,NA
2026-04-19 06:00:00,420.0,NA,66.0,75.75,94.0,93.75,79.0,1.25,3.5,3.5,14.75,NA,3.75,3.5,3.0,24.0,49.25,0.0,152.75,0.0,0.0,27.75,978.0,NA
2026-04-19 07:00:00,324.0,565.0,50.75,92.25,90.5,78.0,76.0,2.0,4.75,2.75,12.75,NA,3.25,3.0,3.0,25.5,46.5,0.0,170.0,0.0,0.0,120.5,978.0,NA
2026-04-19 08:00:00,304.0,570.0,12.0,97.0,61.5,85.25,76.5,1.5,16.0,2.5,10.0,NA,1.75,2.0,2.0,26.0,42.75,0.0,180.0,0.0,0.0,198.25,978.0,NA
2026-04-19 09:00:00,305.0,570.0,7.25,66.25,41.25,84.75,71.75,1.0,45.5,1.25,6.0,NA,0.25,1.0,1.0,27.5,40.5,0.25,193.25,0.0,0.0,421.5,978.0,NA
2026-04-19 10:00:00,261.0,483.0,5.0,44.5,27.75,88.25,64.5,1.0,70.5,1.0,3.75,NA,0.0,0.25,0.25,30.25,35.5,0.25,222.5,0.0,0.0,609.5,978.0,NA
2026-04-19 11:00:00,152.0,335.0,3.67,44.75,25.75,91.75,57.75,1.0,82.25,2.0,3.25,NA,0.0,0.0,0.0,31.25,33.25,0.0,236.75,0.0,0.0,584.5,978.0,NA
2026-04-19 12:00:00,100.0,255.0,2.33,34.75,19.75,97.75,48.0,0.25,67.5,0.5,2.0,NA,0.0,0.0,0.0,32.0,31.25,0.75,241.0,0.0,0.0,592.5,978.0,NA
2026-04-19 13:00:00,52.0,196.0,2.5,33.0,20.0,108.25,42.5,0.0,54.75,0.0,1.25,NA,0.0,0.0,0.0,32.25,29.5,1.0,246.0,0.0,0.0,569.0,978.75,NA
2026-04-19 14:00:00,27.0,152.0,2.75,30.0,18.5,110.75,38.0,0.0,51.5,0.0,0.5,NA,0.0,0.0,0.0,33.0,28.25,1.0,253.0,0.0,0.0,482.5,978.0,NA
2026-04-19 15:00:00,24.0,132.0,3.67,29.75,18.25,109.0,39.0,0.0,60.0,0.0,1.75,NA,0.0,0.0,0.0,32.25,29.75,1.0,245.5,0.0,0.0,229.75,979.0,NA
2026-04-19 16:00:00,28.0,150.0,2.75,29.75,18.0,109.5,38.0,0.0,57.75,0.0,1.0,NA,0.0,0.0,0.0,32.0,29.75,1.0,241.75,0.0,0.0,162.25,980.0,NA
2026-04-19 17:00:00,27.0,156.0,3.5,38.5,23.5,98.75,38.75,0.0,53.0,0.0,2.5,NA,0.25,0.5,1.25,31.0,30.0,0.5,234.0,0.0,0.0,81.5,980.0,NA
2026-04-19 18:00:00,38.0,175.0,3.33,60.25,34.0,83.0,40.25,0.5,39.75,0.0,2.25,NA,0.0,0.25,0.5,30.0,31.75,0.0,219.75,0.0,0.0,25.75,980.0,NA
2026-04-19 19:00:00,81.0,255.0,9.0,103.0,62.25,69.0,47.25,1.0,15.75,1.0,4.0,NA,1.25,1.5,2.0,29.0,33.75,0.0,206.0,0.0,0.0,9.75,979.0,NA
2026-04-19 20:00:00,101.0,421.0,14.5,106.75,68.75,70.5,57.5,1.25,8.75,1.5,6.75,NA,1.25,2.25,2.25,28.25,33.75,0.0,202.75,0.0,0.0,9.75,979.0,NA
2026-04-19 21:00:00,173.0,450.0,11.5,93.75,59.25,74.25,59.0,1.0,11.5,2.0,10.0,NA,1.5,2.75,2.25,28.0,33.25,0.5,199.0,0.0,0.0,9.0,979.0,NA
2026-04-19 22:00:00,103.0,371.0,6.25,60.25,37.5,86.0,49.25,0.5,20.0,0.75,4.0,NA,0.0,0.25,0.25,27.25,37.25,0.25,187.75,0.0,0.0,9.75,978.5,NA
2026-04-19 23:00:00,103.0,355.0,5.0,60.75,36.75,84.25,44.75,0.0,15.25,0.0,1.0,NA,0.0,0.0,0.0,26.0,39.75,0.0,177.25,0.0,0.0,9.75,978.0,NA
2026-04-20 00:00:00,84.0,317.0,8.75,75.0,47.25,80.25,42.5,0.0,7.0,0.0,1.25,NA,0.0,0.0,0.0,26.0,40.75,0.0,174.5,0.0,0.0,10.0,978.0,NA
2026-04-20 01:00:00,59.0,322.0,14.0,81.0,54.5,82.5,42.75,0.0,5.0,0.0,3.75,NA,0.0,0.0,0.0,26.0,41.25,0.0,172.0,0.0,0.0,9.5,978.0,NA
2026-04-20 02:00:00,73.0,323.0,19.0,78.5,57.5,84.0,44.0,0.0,4.25,0.0,3.0,NA,0.0,0.0,0.0,25.0,42.75,0.0,167.75,0.0,0.0,9.75,978.0,NA
2026-04-20 03:00:00,69.0,329.0,17.25,80.0,57.0,87.75,47.5,0.0,4.0,0.75,2.75,NA,0.0,0.0,0.0,25.0,44.5,0.0,163.0,0.0,0.0,9.5,978.0,NA
2026-04-20 04:00:00,72.0,337.0,10.25,70.75,46.25,91.5,49.0,0.0,5.5,0.0,2.0,NA,0.0,0.0,0.0,24.75,45.5,0.0,159.0,0.0,0.0,9.25,978.25,NA
2026-04-20 05:00:00,81.0,338.0,21.25,79.5,59.5,96.25,49.0,0.0,3.0,0.25,2.0,NA,0.0,0.0,0.0,24.0,46.25,0.0,156.75,0.0,0.0,9.5,978.25,NA
2026-04-20 06:00:00,384.0,NA,29.0,82.75,67.75,101.0,55.5,0.75,3.25,1.0,2.0,NA,0.0,0.0,0.0,24.0,47.75,0.0,153.5,0.0,0.0,25.5,978.0,NA
2026-04-20 07:00:00,124.0,406.0,13.0,67.25,46.25,123.25,58.75,1.0,10.75,1.0,2.0,NA,0.0,0.0,0.0,24.75,46.25,0.25,161.5,0.0,0.0,137.75,978.25,NA
2026-04-20 08:00:00,121.0,329.0,8.5,63.25,41.0,123.75,59.5,1.0,23.75,1.0,1.25,NA,0.0,0.0,0.0,25.75,44.0,0.25,171.0,0.0,0.0,249.25,978.0,NA
2026-04-20 09:00:00,123.0,335.0,4.25,50.0,30.25,122.75,56.75,1.0,40.5,0.5,1.5,NA,0.0,0.0,0.0,27.25,41.0,0.5,191.25,0.0,0.0,451.0,978.0,NA
2026-04-20 10:00:00,112.0,309.0,3.5,38.5,23.5,118.0,47.25,0.75,55.0,0.0,1.0,NA,0.0,0.0,0.0,29.75,36.5,0.25,215.5,0.0,0.0,632.75,978.0,NA
2026-04-20 11:00:00,59.0,228.0,4.0,34.5,21.5,119.5,41.0,0.0,56.5,0.0,1.0,NA,0.0,0.0,0.0,30.75,32.0,1.0,230.75,0.0,0.0,703.25,978.0,NA
2026-04-20 12:00:00,38.0,168.0,5.67,36.25,22.0,130.0,37.5,0.0,52.75,0.0,1.0,NA,0.0,0.0,0.0,31.75,29.75,1.0,239.25,0.0,0.0,706.5,978.25,NA
2026-04-20 13:00:00,19.0,167.0,3.75,31.5,20.0,127.5,36.0,0.0,50.25,0.0,1.0,NA,0.0,0.0,0.0,32.25,29.0,1.0,246.75,0.0,0.0,641.75,979.0,NA
2026-04-20 14:00:00,24.0,155.0,4.0,34.75,21.0,123.25,38.0,0.0,50.0,0.0,1.0,NA,0.0,0.0,0.0,32.5,29.0,1.0,247.25,0.0,0.0,473.25,979.0,NA
2026-04-20 15:00:00,86.0,221.0,5.0,30.0,20.25,117.75,37.25,0.0,51.0,0.5,1.0,NA,0.0,0.0,0.0,32.0,29.0,1.25,240.0,0.0,0.0,235.75,980.0,NA
2026-04-20 16:00:00,31.0,156.0,2.75,32.0,19.5,107.75,35.0,0.0,51.25,0.0,1.5,NA,0.0,0.0,0.0,32.0,29.0,1.0,242.5,0.0,0.0,215.25,980.0,NA
2026-04-20 17:00:00,50.0,169.0,3.75,41.25,25.5,102.75,35.5,0.0,47.25,0.0,1.5,NA,0.0,0.0,0.0,31.25,29.25,1.0,234.75,0.0,0.0,88.0,980.0,NA
2026-04-20 18:00:00,52.0,195.0,4.75,49.75,30.5,95.5,37.5,0.0,42.0,0.0,2.0,NA,0.0,0.0,0.0,29.75,30.5,0.5,216.75,0.0,0.0,27.25,980.0,NA
2026-04-20 19:00:00,45.0,228.0,5.0,65.75,39.0,82.75,41.0,0.5,32.25,0.25,3.0,NA,0.0,0.25,0.75,28.5,31.0,0.25,204.25,0.0,0.0,10.0,979.25,NA
2026-04-20 20:00:00,64.0,262.0,9.0,90.75,56.0,68.0,44.25,1.0,14.75,1.0,4.75,NA,0.0,1.25,1.25,28.0,32.0,0.0,195.25,0.0,0.0,9.75,979.0,NA
2026-04-20 21:00:00,91.0,323.0,5.25,85.0,50.0,69.0,48.0,1.0,15.25,1.0,7.0,NA,1.5,3.5,2.5,27.0,32.5,0.0,187.5,0.0,0.0,9.75,978.75,NA
2026-04-20 22:00:00,102.0,326.0,9.75,95.5,59.0,58.5,51.25,0.75,7.0,1.0,5.0,NA,1.25,4.0,2.75,27.0,32.75,0.0,183.5,0.0,0.0,9.75,978.0,NA
2026-04-20 23:00:00,114.0,382.0,13.0,90.25,59.0,59.0,50.25,0.0,6.75,0.5,3.25,NA,0.25,1.75,1.25,26.5,32.25,0.25,180.75,0.0,0.0,9.5,978.0,NA
2026-04-21 00:00:00,97.0,327.0,22.5,93.75,68.25,63.25,51.75,0.0,3.5,0.0,2.0,NA,0.0,0.25,0.0,26.0,33.25,0.0,173.75,0.0,0.0,9.75,978.0,NA
2026-04-21 01:00:00,125.0,396.0,29.25,92.5,72.75,92.5,51.0,0.0,2.75,0.5,2.25,NA,0.0,0.0,0.0,26.0,34.0,0.0,171.25,0.0,0.0,10.0,978.0,NA
2026-04-21 02:00:00,128.0,383.0,15.5,79.0,54.5,120.0,43.0,0.0,4.75,0.5,3.75,NA,0.0,0.0,0.0,25.0,35.0,0.0,165.0,0.0,0.0,10.0,978.0,NA
2026-04-21 03:00:00,107.0,274.0,10.25,77.75,50.0,118.0,37.5,0.0,5.5,0.0,5.25,NA,0.0,0.0,0.0,25.0,36.5,0.0,160.0,0.0,0.0,9.5,978.25,NA
2026-04-21 04:00:00,83.0,219.0,8.5,70.5,44.75,129.0,37.5,0.0,9.25,0.0,6.25,NA,0.0,0.0,0.0,25.0,37.25,0.0,160.75,0.0,0.0,10.0,978.25,NA
2026-04-21 05:00:00,66.0,195.0,17.25,86.0,60.0,115.25,39.25,0.0,4.25,0.0,3.75,NA,0.0,0.0,0.0,24.0,38.0,0.0,154.0,0.0,0.0,9.5,978.0,NA
2026-04-21 06:00:00,97.0,272.0,11.75,71.0,47.5,125.75,45.0,0.0,10.25,0.25,4.25,NA,0.0,0.0,0.0,24.0,39.25,0.0,152.75,0.0,0.0,27.0,978.5,NA
2026-04-21 07:00:00,96.0,241.0,9.25,68.0,44.0,133.0,51.25,0.75,18.75,0.5,2.0,NA,0.0,0.0,0.0,24.75,40.0,0.25,162.25,0.0,0.0,145.75,978.0,NA
2026-04-21 08:00:00,160.0,395.0,4.25,59.25,35.25,134.0,61.75,1.0,35.25,1.0,1.75,NA,0.0,0.0,0.0,25.25,40.0,1.0,168.0,0.0,0.0,271.25,978.0,NA
2026-04-21 09:00:00,175.0,377.0,3.0,56.25,32.5,135.25,57.25,1.0,52.25,1.0,1.0,NA,0.0,0.0,0.0,26.75,38.5,1.0,186.0,0.0,0.0,458.25,978.0,NA
2026-04-21 10:00:00,166.0,345.0,2.0,39.5,23.0,127.0,46.5,0.5,65.0,0.25,1.0,NA,0.0,0.0,0.0,29.25,35.25,1.0,211.75,0.0,0.0,645.25,978.0,NA
2026-04-21 11:00:00,103.0,251.0,3.25,32.0,19.75,120.75,40.0,0.0,58.5,0.0,1.0,NA,0.0,0.0,0.0,30.75,32.0,1.25,226.25,0.0,0.0,705.25,978.0,NA
2026-04-21 12:00:00,62.0,240.0,3.25,31.0,19.5,121.0,36.25,0.0,55.25,0.0,1.0,NA,0.0,0.0,0.0,31.0,30.25,1.5,232.0,0.0,0.0,699.0,979.0,NA
2026-04-21 13:00:00,56.0,254.0,4.25,28.0,18.75,116.5,35.25,0.0,56.75,0.0,0.5,NA,0.0,0.0,0.0,31.25,29.75,2.0,236.0,0.0,0.0,635.25,979.0,NA
2026-04-21 14:00:00,40.0,207.0,4.0,32.5,20.75,116.5,35.0,0.0,58.5,0.0,0.0,NA,0.0,0.0,0.0,31.75,29.0,1.75,239.0,0.0,0.0,490.25,979.0,NA
2026-04-21 15:00:00,55.0,184.0,2.33,29.75,17.0,113.5,36.75,0.0,62.5,0.0,1.0,NA,0.0,0.0,0.0,31.0,30.0,2.0,232.5,0.0,0.0,260.75,980.0,NA
2026-04-21 16:00:00,53.0,195.0,2.33,31.0,17.75,112.75,36.75,0.0,65.5,0.0,1.5,NA,0.0,0.0,0.0,31.0,30.25,1.25,235.5,0.0,0.0,206.25,980.0,NA
2026-04-21 17:00:00,41.0,190.0,4.25,38.5,23.75,111.75,36.0,0.0,63.75,0.0,2.0,NA,0.0,0.0,0.0,30.75,31.25,1.0,228.25,0.0,0.0,84.75,980.0,NA
2026-04-21 18:00:00,46.0,201.0,2.75,55.75,32.0,108.75,37.5,0.0,54.0,0.0,2.5,NA,0.25,0.0,0.25,29.5,33.0,0.0,214.5,0.0,0.0,26.25,980.0,NA
2026-04-21 19:00:00,74.0,240.0,4.75,90.25,52.0,95.25,46.0,1.0,28.5,0.75,4.0,NA,0.5,0.5,1.25,28.5,35.25,0.0,203.25,0.0,0.0,10.0,979.5,NA
2026-04-21 20:00:00,102.0,317.0,6.25,113.25,65.25,88.5,49.0,1.0,12.0,1.0,6.5,NA,1.5,2.0,2.25,28.0,35.75,0.0,195.75,0.0,0.0,9.5,979.0,NA
2026-04-21 21:00:00,129.0,389.0,7.0,116.25,67.25,85.75,52.75,1.0,8.5,1.0,9.0,NA,2.25,3.0,3.0,27.5,35.75,0.0,191.5,0.0,0.0,9.75,979.0,NA
2026-04-21 22:00:00,138.0,388.0,11.5,108.75,67.25,83.75,54.5,1.0,7.5,1.0,7.75,NA,2.5,3.25,2.5,27.0,37.25,0.0,188.5,0.0,0.0,10.0,978.0,NA
2026-04-21 23:00:00,153.0,453.0,29.25,110.75,82.75,75.25,61.75,1.0,2.75,1.0,7.0,NA,1.0,2.0,1.5,27.0,36.75,0.0,182.25,0.0,0.0,9.25,978.0,NA
2026-04-22 00:00:00,195.0,475.0,28.0,103.0,77.75,83.5,55.25,1.0,2.75,1.0,3.5,NA,0.5,0.5,0.25,26.0,37.25,0.0,177.75,0.0,0.0,9.0,978.0,NA
2026-04-22 01:00:00,144.0,382.0,44.25,108.0,93.25,90.25,54.0,0.25,2.0,1.0,6.75,NA,0.0,0.5,0.5,26.0,37.0,0.0,176.5,0.0,0.0,9.5,978.0,NA
2026-04-22 02:00:00,132.0,396.0,23.5,93.0,69.0,111.5,51.5,0.0,2.75,1.0,5.25,NA,0.0,1.0,0.75,25.5,38.75,0.0,169.5,0.0,0.0,9.25,978.0,NA
2026-04-22 03:00:00,121.0,301.0,9.75,82.5,52.25,114.25,60.5,0.75,5.25,1.0,4.75,NA,0.5,1.0,1.0,25.0,40.0,0.0,165.0,0.0,0.0,9.5,978.0,NA
2026-04-22 04:00:00,191.0,379.0,10.75,87.75,55.25,114.75,64.25,0.5,6.0,1.0,3.75,NA,0.0,1.0,0.5,25.0,40.5,0.0,161.75,0.0,0.0,9.5,978.0,NA
2026-04-22 05:00:00,177.0,365.0,6.25,70.5,42.75,123.5,75.25,0.0,12.0,1.0,2.5,NA,0.0,0.5,0.0,24.25,42.0,0.0,157.5,0.0,0.0,9.75,978.0,NA
2026-04-22 06:00:00,232.0,423.0,6.0,78.75,46.75,111.5,74.75,1.0,10.75,1.0,1.0,NA,0.0,0.0,0.0,24.25,42.0,0.0,157.25,0.0,0.0,24.75,978.0,NA
2026-04-22 07:00:00,199.0,448.0,11.25,86.5,55.25,113.75,77.0,1.0,16.25,3.25,2.75,NA,0.5,0.5,0.75,25.5,42.0,0.0,169.0,0.0,0.0,151.0,978.0,NA
2026-04-22 08:00:00,249.0,550.0,5.25,70.0,41.75,113.5,72.5,1.0,38.0,3.0,2.5,NA,0.5,0.0,0.5,26.0,40.25,0.5,176.75,0.0,0.0,297.5,978.0,NA
2026-04-22 09:00:00,178.0,473.0,6.0,57.0,35.5,114.25,67.5,1.0,57.5,1.0,1.25,NA,0.0,0.0,0.0,27.5,39.25,1.0,190.25,0.0,0.0,429.25,978.0,NA
2026-04-22 10:00:00,200.0,454.0,3.25,40.0,24.25,113.0,52.5,0.5,64.67,0.75,1.0,NA,0.0,0.0,0.0,29.5,35.0,1.0,214.75,0.0,0.0,635.25,978.0,NA
2026-04-22 11:00:00,117.0,293.0,2.67,34.67,20.33,109.67,49.0,0.0,81.5,0.0,0.75,NA,0.0,0.0,0.0,31.0,32.0,1.25,227.75,0.0,0.0,714.0,978.0,NA
2026-04-22 12:00:00,69.0,227.0,4.0,25.5,17.0,115.5,42.5,0.0,68.75,0.0,0.5,NA,0.0,0.0,0.0,31.25,30.75,1.0,235.0,0.0,0.0,709.0,979.0,NA
2026-04-22 13:00:00,52.0,177.0,3.5,30.25,19.0,97.25,47.25,0.0,66.0,0.0,0.75,NA,0.0,0.0,0.0,32.0,29.25,1.75,242.75,0.0,0.0,643.5,979.0,NA
2026-04-22 14:00:00,70.0,219.0,3.5,29.0,18.5,107.0,48.75,0.0,67.25,0.0,1.0,NA,0.0,0.0,0.0,32.75,28.5,1.0,250.75,0.0,0.0,500.0,979.5,NA
2026-04-22 15:00:00,50.0,172.0,3.67,32.0,20.33,132.0,46.67,0.0,64.33,0.0,1.0,NA,0.0,0.0,0.0,32.33,29.0,1.0,244.67,0.0,0.0,286.0,980.33,NA
2026-04-22 16:00:00,70.0,177.0,6.5,30.75,21.75,124.75,41.0,0.0,62.5,0.0,1.25,NA,0.0,0.0,0.0,33.0,28.0,2.0,249.0,0.0,0.0,271.0,981.0,NA
2026-04-22 17:00:00,51.0,193.0,3.5,37.5,22.75,92.75,41.5,0.0,60.25,0.0,2.25,NA,0.0,0.0,0.0,31.0,30.0,1.0,233.0,0.0,0.0,49.0,979.0,NA
2026-04-22 18:00:00,57.0,244.0,5.0,61.0,34.0,118.0,48.67,0.67,47.33,0.33,4.67,NA,0.33,0.33,0.67,30.33,30.67,0.33,223.67,0.0,0.0,29.33,978.33,NA
2026-04-22 19:00:00,70.0,328.0,15.5,114.5,73.5,95.25,52.0,1.33,10.5,1.25,12.25,NA,1.0,2.25,2.0,29.0,32.5,0.0,208.75,0.0,0.0,10.25,977.5,NA
2026-04-22 20:00:00,175.0,487.0,16.0,109.0,71.25,105.5,53.5,2.0,5.75,2.25,19.5,NA,2.5,3.0,3.5,27.5,35.25,0.0,193.75,0.0,0.0,9.25,977.0,NA
2026-04-22 21:00:00,202.0,519.0,27.33,113.33,82.67,94.33,56.33,1.0,4.33,2.0,63.67,NA,1.67,3.67,3.67,27.0,35.33,0.0,190.67,0.0,0.0,9.67,976.0,NA
2026-04-22 22:00:00,195.0,522.0,37.75,104.25,86.25,95.25,58.5,1.0,4.25,1.75,21.5,NA,1.75,3.0,3.0,27.0,36.75,0.0,185.0,0.0,0.0,9.25,976.0,NA
2026-04-22 23:00:00,151.0,357.0,37.0,100.75,83.75,101.25,63.0,1.0,4.0,2.0,15.0,NA,3.25,3.5,3.5,26.75,37.75,0.0,181.75,0.0,0.0,9.5,975.5,NA
2026-04-23 00:00:00,153.0,401.0,27.33,93.67,72.67,104.67,72.0,1.0,4.33,1.67,12.0,NA,3.0,3.33,3.0,26.33,37.33,0.0,179.33,0.0,0.0,9.0,975.0,NA
2026-04-23 01:00:00,178.0,385.0,10.0,84.0,53.0,105.67,91.0,1.0,5.0,2.0,9.0,NA,2.0,4.0,3.0,26.0,38.0,0.0,175.33,0.0,0.0,9.33,975.33,NA
2026-04-23 02:00:00,213.0,404.0,8.5,62.5,40.0,110.5,73.5,0.0,9.67,4.0,5.67,NA,2.0,1.33,1.33,26.0,37.67,0.0,174.33,0.0,0.0,9.67,975.0,NA
2026-04-23 03:00:00,166.0,331.0,4.5,64.75,38.0,101.5,63.75,0.0,11.25,3.0,4.5,NA,1.0,0.5,0.5,26.0,38.0,0.0,172.25,0.0,0.0,9.0,975.25,NA
2026-04-23 04:00:00,155.0,311.0,5.5,53.75,33.0,101.75,59.25,0.0,13.5,1.0,3.25,NA,0.0,0.0,0.0,26.0,37.25,0.25,171.5,0.0,0.0,9.25,975.5,NA
2026-04-23 05:00:00,95.0,215.0,5.5,47.5,29.75,97.0,60.5,0.0,13.5,1.5,3.5,NA,0.0,0.0,0.0,25.0,36.75,0.0,167.5,0.0,0.0,9.5,975.25,NA
2026-04-23 06:00:00,77.0,195.0,5.75,46.75,29.75,87.75,59.0,0.0,13.25,0.0,1.25,NA,0.0,0.0,0.0,25.0,36.0,0.0,164.5,0.0,0.0,26.75,976.0,NA
2026-04-23 07:00:00,51.0,183.0,8.75,50.0,34.0,80.75,48.25,0.0,15.75,0.25,1.0,NA,0.0,0.0,0.0,25.5,34.5,0.75,171.0,0.0,0.0,145.75,975.0,NA
2026-04-23 08:00:00,31.0,210.0,7.5,45.0,30.0,77.25,49.0,0.0,25.25,1.25,1.25,NA,0.0,0.0,0.0,26.0,34.25,1.0,178.75,0.0,0.0,303.0,975.25,NA
2026-04-23 09:00:00,45.0,216.0,7.25,38.5,26.5,78.25,53.0,0.0,33.5,1.75,1.0,NA,0.25,0.0,0.0,27.5,33.75,1.0,194.0,0.0,0.0,443.5,975.0,NA
2026-04-23 10:00:00,45.0,228.0,3.25,36.75,22.0,80.0,52.75,0.0,44.75,1.25,1.25,NA,0.0,0.0,0.0,29.5,32.0,1.0,214.75,0.0,0.0,631.5,975.25,NA
2026-04-23 11:00:00,46.0,219.0,3.0,33.0,20.25,84.75,49.75,0.0,53.25,1.25,3.0,NA,0.0,0.0,0.0,30.75,31.0,1.0,228.25,0.0,0.0,689.0,976.0,NA
2026-04-23 12:00:00,36.0,201.0,4.5,28.25,19.0,88.75,45.0,0.0,53.0,0.5,3.25,NA,0.0,0.0,0.0,31.75,30.0,1.0,239.5,0.0,0.0,689.5,976.0,NA
2026-04-23 13:00:00,23.0,199.0,3.5,24.25,16.25,97.25,43.5,0.0,55.75,0.25,2.5,NA,0.0,0.0,0.0,32.5,29.25,1.25,248.5,0.0,0.0,623.25,976.5,NA
2026-04-23 14:00:00,14.0,168.0,3.0,27.5,17.5,99.0,41.75,0.0,57.25,0.0,1.75,NA,0.0,0.0,0.0,33.0,29.0,1.0,255.75,0.0,0.0,496.5,977.0,NA
2026-04-23 15:00:00,36.0,167.0,3.75,26.75,17.5,97.67,40.75,0.0,57.5,0.0,1.0,NA,0.0,0.0,0.0,32.25,29.25,0.75,247.75,0.0,0.0,228.25,977.0,NA
2026-04-23 16:00:00,34.0,147.0,5.25,29.75,20.5,94.25,40.5,0.0,55.75,0.0,2.5,NA,0.0,0.0,0.25,33.0,29.0,0.25,251.5,0.0,0.0,195.0,977.0,NA
2026-04-23 17:00:00,51.0,164.0,3.0,34.25,20.75,91.75,41.25,0.0,53.5,0.0,2.5,NA,0.0,0.0,0.5,32.0,29.75,0.25,242.25,0.0,0.0,84.5,977.0,NA
2026-04-23 18:00:00,47.0,193.0,3.5,63.5,37.0,83.0,43.0,0.75,33.25,0.25,6.0,NA,0.25,0.5,1.25,30.0,32.5,0.0,222.25,0.0,0.0,27.0,977.0,NA
2026-04-23 19:00:00,51.0,263.0,24.5,99.75,72.75,68.5,49.75,2.25,8.0,2.75,13.0,NA,4.75,3.5,6.0,28.25,36.5,0.0,200.5,0.0,0.0,10.0,976.5,NA
2026-04-23 20:00:00,88.0,344.0,48.75,103.5,94.75,66.5,55.25,3.0,4.0,4.0,16.75,NA,8.5,6.5,10.0,27.5,38.25,0.0,191.5,0.0,0.0,9.25,976.0,NA
2026-04-23 21:00:00,111.0,354.0,51.5,108.0,99.5,73.25,62.25,2.75,4.0,2.75,10.25,NA,5.75,4.75,6.5,27.75,38.0,0.0,192.25,0.0,0.0,9.5,976.0,NA
2026-04-23 22:00:00,136.0,368.0,61.5,99.75,103.5,70.25,77.33,2.25,3.75,2.0,8.0,NA,5.0,3.75,4.25,27.0,38.75,0.0,188.25,0.0,0.0,9.25,975.25,NA
2026-04-23 23:00:00,122.0,372.0,78.5,95.25,114.25,62.75,66.0,1.75,4.0,1.5,8.75,NA,5.0,4.25,4.25,27.0,39.0,0.0,187.25,0.0,0.0,9.0,975.0,NA
2026-04-24 00:00:00,146.0,489.0,33.25,77.5,68.0,83.25,70.0,1.0,3.75,1.75,16.5,NA,3.75,4.0,3.25,26.0,40.25,0.0,176.5,0.0,0.0,9.25,975.0,NA
2026-04-24 01:00:00,174.0,427.0,37.0,75.25,70.0,67.5,71.75,1.0,4.0,1.0,15.0,NA,2.0,3.0,2.25,26.0,41.0,0.0,174.5,0.0,0.0,9.0,975.0,NA
2026-04-24 02:00:00,162.0,434.0,46.0,70.5,75.0,69.5,67.0,1.0,4.25,2.0,12.5,NA,2.75,3.75,3.0,26.0,40.75,0.0,176.25,0.0,0.0,9.0,975.0,NA
2026-04-24 03:00:00,158.0,367.0,10.5,72.75,47.25,76.5,64.75,1.0,5.75,2.75,10.0,NA,2.25,2.75,2.5,26.0,40.0,0.0,177.0,0.0,0.0,9.25,975.0,NA
2026-04-24 04:00:00,134.0,294.0,24.25,70.5,57.5,57.5,59.75,1.0,4.25,1.25,6.25,NA,1.0,1.25,1.25,25.5,40.75,0.0,170.75,0.0,0.0,9.25,975.0,NA
2026-04-24 05:00:00,105.0,248.0,10.0,56.25,38.25,64.75,55.75,0.0,6.75,1.0,4.25,NA,0.0,1.0,0.75,26.0,39.75,0.0,171.75,0.0,0.0,9.5,975.0,NA
2026-04-24 06:00:00,128.0,310.0,12.0,61.0,42.25,63.0,64.5,0.75,5.75,1.25,3.75,NA,0.0,0.25,0.0,25.25,41.25,0.0,169.25,0.0,0.0,27.25,975.0,NA
2026-04-24 07:00:00,151.0,376.0,15.0,64.25,46.5,58.25,66.0,1.0,8.5,1.25,3.25,NA,0.0,0.0,1.0,26.25,40.0,0.0,178.5,0.0,0.0,135.75,975.0,NA
2026-04-24 08:00:00,145.0,343.0,6.75,54.0,34.25,65.25,52.5,1.0,24.5,1.0,2.5,NA,0.0,0.0,0.25,28.25,37.5,0.5,188.0,0.0,0.0,304.0,975.0,NA
2026-04-24 09:00:00,90.0,284.0,5.25,44.0,27.75,62.25,52.0,1.0,43.75,1.0,1.25,NA,0.0,0.0,0.0,31.5,37.0,1.0,198.75,0.0,0.0,403.75,975.0,NA
2026-04-24 10:00:00,108.0,345.0,3.0,35.5,21.5,66.75,54.0,0.5,59.75,0.75,1.25,NA,0.0,0.0,0.0,33.5,34.75,1.0,217.25,0.0,0.0,577.5,975.0,NA
2026-04-24 11:00:00,84.0,274.0,4.75,36.0,23.0,69.5,52.0,0.0,72.75,0.0,1.25,NA,0.0,0.0,0.0,37.0,32.75,0.25,235.5,0.0,0.0,645.75,975.75,NA
2026-04-24 12:00:00,91.0,251.0,4.0,32.75,21.25,80.75,52.25,0.0,83.5,0.0,1.5,NA,0.0,0.0,0.0,38.5,31.5,0.0,248.25,0.0,0.0,644.0,976.0,NA
2026-04-24 13:00:00,68.0,232.0,2.5,34.75,21.0,91.25,46.0,0.0,85.0,0.0,1.75,NA,0.0,0.0,0.0,39.25,30.25,0.0,258.25,0.0,0.0,544.25,976.5,NA
2026-04-24 14:00:00,68.0,234.0,3.75,37.5,23.25,101.67,46.0,0.0,77.75,0.0,1.25,NA,0.0,0.0,0.0,39.25,31.0,0.75,257.75,0.0,0.0,412.25,977.0,NA
2026-04-24 15:00:00,62.0,238.0,3.75,35.5,22.0,105.75,46.0,0.0,74.0,0.0,1.0,NA,0.0,0.0,0.0,39.0,31.0,0.5,250.5,0.0,0.0,239.0,977.0,NA
2026-04-24 16:00:00,57.0,213.0,4.25,36.0,22.75,110.5,43.5,0.0,66.0,0.0,0.5,NA,0.0,0.0,0.0,39.0,30.25,0.25,254.5,0.0,0.0,173.0,977.0,NA
2026-04-24 17:00:00,53.0,221.0,4.25,44.75,27.25,108.5,43.5,0.0,57.25,0.0,3.5,NA,0.25,0.25,0.5,38.0,31.25,0.0,244.5,0.0,0.0,79.0,977.0,NA
2026-04-24 18:00:00,61.0,271.0,13.0,86.0,56.5,94.75,48.25,2.0,28.0,1.0,9.25,NA,2.0,1.75,2.5,36.0,35.0,0.0,225.5,0.0,0.0,27.0,977.0,NA
2026-04-24 19:00:00,78.0,420.0,52.75,112.5,102.5,78.5,65.75,5.25,5.0,3.75,25.75,NA,7.5,6.75,9.75,33.5,39.75,0.0,204.75,0.0,0.0,9.75,977.0,NA
2026-04-24 20:00:00,141.0,581.0,76.5,107.5,119.5,71.0,69.75,3.75,3.75,3.75,27.0,NA,9.5,8.75,11.0,33.25,39.25,0.0,200.25,0.0,0.0,9.5,976.25,NA
2026-04-24 21:00:00,183.0,693.0,72.5,100.75,112.5,78.5,80.0,3.0,4.25,3.0,24.0,NA,6.5,6.25,6.25,33.5,38.0,0.0,203.0,0.0,0.0,9.75,976.0,NA
2026-04-24 22:00:00,206.0,NA,70.0,96.75,108.5,78.25,76.75,1.75,4.0,2.5,26.5,NA,4.25,5.25,5.0,33.25,37.75,0.0,202.0,0.0,0.0,9.0,976.0,NA
2026-04-24 23:00:00,179.0,639.0,47.25,88.5,86.0,82.5,68.0,1.0,4.25,2.0,19.0,NA,2.0,3.5,3.0,32.25,40.5,0.0,192.5,0.0,0.0,9.25,976.0,NA
2026-04-25 00:00:00,162.0,549.0,88.25,87.5,118.5,59.0,63.0,1.75,4.0,2.0,19.25,NA,3.0,3.0,3.0,32.0,42.75,0.0,188.25,0.0,0.0,9.25,976.0,NA
2026-04-25 01:00:00,196.0,752.0,185.25,85.5,196.5,57.75,70.25,1.5,4.5,2.25,24.5,NA,2.75,4.75,3.5,32.0,42.0,0.0,186.25,0.0,0.0,9.25,976.0,NA
2026-04-25 02:00:00,278.0,688.0,49.5,73.0,79.0,137.5,66.0,0.5,4.0,2.25,20.5,NA,1.75,3.0,2.5,31.5,40.5,0.0,185.25,0.0,0.0,9.5,976.0,NA
2026-04-25 03:00:00,160.0,410.0,14.5,70.5,49.5,117.0,56.25,0.0,6.25,1.0,10.25,NA,0.25,0.75,0.5,31.5,41.25,0.0,183.75,0.0,0.0,9.0,976.0,NA
2026-04-25 04:00:00,91.0,294.0,13.0,71.75,48.75,100.75,54.5,0.0,4.5,1.0,8.75,NA,0.0,0.0,0.0,31.0,44.0,0.0,176.75,0.0,0.0,9.25,976.0,NA
2026-04-25 05:00:00,94.0,364.0,24.5,65.75,55.25,103.5,60.0,0.25,5.0,1.0,6.25,NA,0.0,0.75,0.5,30.25,45.0,0.0,173.5,0.0,0.0,9.5,976.0,NA
2026-04-25 06:00:00,125.0,307.0,11.25,55.25,38.75,105.5,66.25,0.75,7.5,1.0,4.5,NA,0.0,0.75,1.0,30.0,46.25,0.0,171.0,0.0,0.0,29.0,975.25,NA
2026-04-25 07:00:00,199.0,449.0,9.75,60.25,40.25,102.75,84.75,1.0,12.5,1.0,3.5,NA,1.0,1.0,2.0,30.75,45.75,0.5,176.25,0.0,0.0,140.75,975.5,NA
2026-04-25 08:00:00,284.0,586.0,4.75,46.0,28.25,103.75,67.5,1.0,27.75,1.0,2.75,NA,0.25,0.25,0.5,32.0,43.75,0.25,187.0,0.0,0.0,322.0,976.0,NA
2026-04-25 09:00:00,180.0,415.0,4.25,42.0,25.75,104.75,60.0,0.75,43.0,0.75,2.25,NA,0.0,0.0,0.0,34.75,38.5,0.75,215.5,0.0,0.0,435.25,976.0,NA
2026-04-25 10:00:00,101.0,300.0,2.0,30.75,17.0,106.0,39.75,0.0,50.25,0.0,1.0,NA,0.0,0.0,0.0,38.0,33.75,0.5,244.0,0.0,0.0,624.25,976.5,NA
2026-04-25 11:00:00,94.0,226.0,3.5,25.0,16.5,119.5,12.0,0.0,57.0,0.0,1.0,NA,0.0,0.0,0.0,39.25,31.75,0.75,258.0,0.0,0.0,681.25,978.0,NA
2026-04-25 12:00:00,52.0,171.0,3.33,31.25,18.5,140.5,7.33,0.0,56.0,0.0,2.25,NA,0.0,0.0,0.0,39.5,31.25,0.75,260.0,0.0,0.0,653.0,978.0,NA
2026-04-25 13:00:00,46.0,174.0,6.0,29.25,17.5,162.75,8.0,0.0,56.0,0.0,1.25,NA,0.0,0.0,0.0,40.0,30.5,1.0,266.0,0.0,0.0,546.75,979.0,NA
2026-04-25 14:00:00,45.0,194.0,4.75,29.75,19.75,169.75,8.0,0.0,47.75,0.0,1.0,NA,0.0,0.0,0.0,NA,NA,NA,NA,0.0,0.0,NA,NA,NA
2026-04-25 15:00:00,41.0,335.0,3.25,30.0,18.5,116.75,5.75,0.0,48.25,0.0,1.5,NA,0.0,0.0,0.0,38.5,30.75,1.25,248.75,0.0,0.0,214.75,978.75,NA
2026-04-25 16:00:00,44.0,271.0,3.0,29.25,17.75,116.75,4.75,0.0,47.0,0.0,1.75,NA,0.0,0.0,0.0,38.75,30.5,1.5,251.25,0.0,0.0,169.25,979.25,NA
2026-04-25 17:00:00,40.0,240.0,3.0,34.75,21.25,117.0,5.0,0.0,44.0,0.25,2.75,NA,0.0,0.0,0.0,38.0,31.25,1.0,246.25,0.0,0.0,84.25,979.0,NA
2026-04-25 18:00:00,44.0,261.0,4.5,55.25,33.0,116.5,8.0,0.75,31.25,0.75,3.75,NA,0.0,0.0,0.0,36.75,33.0,0.5,233.25,0.0,0.0,27.5,977.25,NA
2026-04-25 19:00:00,80.0,409.0,8.0,83.25,51.25,112.0,15.25,1.0,13.25,1.0,7.0,NA,0.75,1.5,1.5,35.25,34.75,0.0,220.25,0.0,0.0,9.5,976.25,NA
2026-04-25 20:00:00,127.0,592.0,11.0,81.75,52.5,106.75,20.5,1.5,12.0,1.25,9.0,NA,1.25,2.0,2.0,34.75,35.5,0.0,213.75,0.0,0.0,9.25,976.0,NA
2026-04-25 21:00:00,163.0,548.0,27.33,89.33,70.0,93.0,24.0,1.33,4.0,1.5,9.25,NA,1.25,1.75,1.75,34.0,37.0,0.0,206.75,0.0,0.0,9.5,976.0,NA
2026-04-25 22:00:00,178.0,653.0,35.5,78.0,70.5,88.75,27.0,1.0,3.5,2.0,8.75,NA,1.0,2.0,1.5,33.25,37.5,0.0,200.0,0.0,0.0,9.25,975.25,NA
2026-04-25 23:00:00,162.0,561.0,58.5,74.5,87.25,90.0,28.5,0.75,3.75,1.25,6.0,NA,1.0,1.25,1.0,33.0,38.25,0.0,195.0,0.0,0.0,9.25,975.0,NA
2026-04-26 00:00:00,161.0,621.0,60.25,74.75,89.0,109.25,28.75,0.0,3.0,1.25,6.0,NA,1.5,2.0,1.5,32.25,38.75,0.0,192.75,0.0,0.0,9.0,975.0,NA
2026-04-26 01:00:00,134.0,561.0,18.75,66.5,51.0,133.0,25.75,0.0,5.0,1.0,4.25,NA,1.25,1.25,1.0,32.0,38.25,0.0,190.75,0.0,0.0,9.25,975.0,NA
2026-04-26 02:00:00,118.0,354.0,9.0,49.0,34.0,135.5,24.5,0.0,7.75,0.5,2.75,NA,0.0,0.0,0.0,31.5,39.75,0.0,184.0,0.0,0.0,9.25,975.0,NA
2026-04-26 03:00:00,123.0,350.0,8.25,54.5,36.25,121.5,21.25,0.0,7.25,0.0,2.5,NA,0.0,0.0,0.0,31.0,41.5,0.0,178.25,0.0,0.0,9.25,974.25,NA
2026-04-26 04:00:00,118.0,362.0,4.25,44.75,27.25,114.0,23.0,0.0,9.5,0.5,3.25,NA,0.0,0.0,0.0,30.5,42.75,0.0,174.5,0.0,0.0,9.0,974.0,NA
2026-04-26 05:00:00,102.0,284.0,3.5,43.75,26.0,105.0,30.5,0.0,9.25,0.0,1.5,NA,0.0,0.0,0.0,30.0,44.0,0.0,171.0,0.0,0.0,9.5,974.0,NA
2026-04-26 06:00:00,171.0,381.0,6.75,44.0,28.75,96.0,27.75,0.0,10.5,0.0,1.5,NA,0.0,0.0,0.0,30.0,45.0,0.0,170.0,0.0,0.0,29.5,974.25,NA
2026-04-26 07:00:00,149.0,374.0,4.75,43.75,27.75,90.75,26.75,0.0,18.25,0.5,3.0,NA,0.0,0.0,0.0,31.0,44.25,0.5,179.75,0.0,0.0,154.75,974.0,NA
2026-04-26 08:00:00,185.0,437.0,3.25,40.0,24.0,87.25,31.0,0.0,31.75,1.0,2.5,NA,0.0,0.0,0.0,32.0,42.25,0.75,189.5,0.0,0.0,339.25,974.0,NA
2026-04-26 09:00:00,190.0,392.0,3.0,36.5,22.25,84.75,27.75,0.0,47.5,1.0,1.25,NA,0.0,0.0,0.0,34.25,39.0,1.0,209.0,0.0,0.0,437.25,974.0,NA
2026-04-26 10:00:00,152.0,344.0,4.0,30.5,19.75,84.75,22.0,0.0,57.25,0.0,1.0,NA,0.0,0.0,0.0,36.5,35.75,1.0,230.75,0.0,0.0,592.25,974.5,NA
2026-04-26 11:00:00,95.0,276.0,2.0,27.25,16.5,86.75,13.75,0.0,50.75,0.0,0.75,NA,0.0,0.0,0.0,38.0,32.75,1.0,243.25,0.0,0.0,656.0,975.0,NA
2026-04-26 12:00:00,66.0,226.0,4.0,24.25,16.25,90.0,9.25,0.0,49.5,0.0,0.5,NA,0.0,0.0,0.0,38.0,32.0,1.25,247.5,0.0,0.0,636.0,975.0,NA
2026-04-26 13:00:00,52.0,248.0,2.75,21.25,13.75,94.75,8.0,0.0,56.5,0.0,0.25,NA,0.0,0.0,0.0,39.0,31.0,1.5,252.75,0.0,0.0,570.0,975.5,NA
2026-04-26 14:00:00,56.0,244.0,3.25,20.25,13.75,98.5,6.25,0.0,54.0,0.0,0.0,NA,0.0,0.0,0.0,39.0,31.0,1.25,253.75,0.0,0.0,467.5,976.0,NA
2026-04-26 15:00:00,67.0,212.0,2.25,24.0,15.0,98.67,6.0,0.0,56.0,0.0,0.25,NA,0.0,0.0,0.0,38.25,31.5,1.75,249.5,0.0,0.0,307.0,976.0,NA
2026-04-26 16:00:00,56.0,282.0,3.0,25.5,16.25,100.33,7.5,0.0,50.5,0.0,1.0,NA,0.0,0.0,0.0,38.75,31.0,2.0,250.25,0.0,0.0,200.5,976.0,NA
2026-04-26 17:00:00,55.0,241.0,2.5,30.5,18.25,99.5,8.5,0.0,48.5,0.0,1.0,NA,0.0,0.0,0.0,37.75,32.0,1.25,243.0,0.0,0.0,81.75,976.0,NA
2026-04-26 18:00:00,53.0,256.0,3.25,49.75,29.25,92.25,9.75,0.0,36.0,0.0,2.0,NA,0.0,0.0,0.0,36.25,33.5,0.75,228.0,0.0,0.0,21.25,976.0,NA
2026-04-26 19:00:00,70.0,383.0,7.25,78.0,47.5,87.0,14.75,1.0,18.0,0.75,5.5,NA,0.75,1.25,0.75,35.0,35.0,0.0,218.0,0.0,0.0,10.25,976.0,NA
2026-04-26 20:00:00,100.0,437.0,6.25,77.5,46.5,92.25,21.0,1.0,15.5,1.0,6.5,NA,0.75,1.5,1.5,34.0,35.0,0.0,209.0,0.0,0.0,9.25,975.25,NA
2026-04-26 21:00:00,133.0,396.0,5.75,73.5,44.25,91.5,19.5,1.0,13.5,1.0,6.25,NA,0.5,1.0,1.0,33.5,34.25,0.0,203.0,0.0,0.0,9.5,975.0,NA
2026-04-26 22:00:00,139.0,367.0,11.0,78.5,51.0,83.5,17.0,1.0,6.0,1.0,11.0,NA,0.0,0.25,1.0,33.0,34.75,0.0,196.5,0.0,0.0,9.25,975.0,NA
2026-04-26 23:00:00,140.0,398.0,17.0,83.0,58.67,76.33,15.0,1.0,4.0,1.0,8.33,NA,0.0,0.67,1.0,32.0,35.0,0.0,193.0,0.0,0.0,9.0,974.67,NA
2026-04-27 00:00:00,122.0,343.0,21.25,75.75,57.5,72.5,15.0,1.0,3.75,1.0,4.5,NA,0.0,0.0,0.25,31.75,36.75,0.0,185.0,0.0,0.0,9.0,974.0,NA
2026-04-27 01:00:00,103.0,317.0,25.75,79.0,63.25,69.5,16.75,0.5,3.25,1.0,4.0,NA,0.0,0.0,0.0,31.25,36.5,0.0,183.25,0.0,0.0,9.0,974.5,NA
2026-04-27 02:00:00,121.0,443.0,13.0,63.0,44.5,74.0,17.5,0.0,6.0,1.0,3.5,NA,0.0,0.0,0.0,31.0,36.5,0.0,181.5,0.0,0.0,9.25,974.25,NA
2026-04-27 03:00:00,129.0,307.0,5.25,57.25,35.25,89.25,18.25,0.0,12.0,0.75,2.0,NA,0.0,0.0,0.0,31.0,37.75,0.0,178.0,0.0,0.0,9.25,974.75,NA
2026-04-27 04:00:00,107.0,271.0,7.75,62.5,39.75,84.75,32.5,0.5,6.25,0.5,2.0,NA,0.0,0.0,0.0,30.5,39.0,0.0,174.25,0.0,0.0,9.0,974.75,NA
2026-04-27 05:00:00,172.0,359.0,6.0,53.5,33.5,94.0,46.0,1.0,10.25,0.5,1.75,NA,0.0,0.0,0.0,30.0,39.75,0.0,170.0,0.0,0.0,9.75,974.75,NA
2026-04-27 06:00:00,210.0,379.0,6.0,52.75,33.25,89.75,35.5,1.0,12.0,1.0,1.5,NA,0.0,0.0,0.0,30.0,41.0,0.0,168.0,0.0,0.0,27.75,975.0,NA
2026-04-27 07:00:00,240.0,379.0,5.5,57.0,35.25,85.0,33.0,1.0,20.75,1.0,2.0,NA,0.0,0.0,0.0,31.5,39.5,0.0,182.25,0.0,0.0,190.5,974.25,NA
2026-04-27 08:00:00,172.0,359.0,3.67,56.67,33.33,79.33,41.67,1.0,41.33,1.0,2.0,NA,0.0,0.0,0.0,32.67,38.0,0.0,196.0,0.0,0.0,354.67,974.33,NA
2026-04-27 09:00:00,195.0,450.0,2.25,47.5,27.0,79.25,35.0,1.0,72.75,1.0,2.0,NA,0.0,0.0,0.0,34.75,35.0,0.0,215.75,0.0,0.0,453.0,974.0,NA
2026-04-27 10:00:00,134.0,313.0,3.75,31.0,19.75,79.5,23.5,0.75,80.5,0.75,1.75,NA,0.0,0.0,0.0,37.25,31.75,0.75,237.25,0.0,0.0,628.0,975.0,NA
2026-04-27 11:00:00,75.0,211.0,4.0,24.25,16.5,78.25,15.5,0.0,71.25,0.0,1.0,NA,0.0,0.0,0.0,38.25,30.25,0.75,247.5,0.0,0.0,689.5,975.0,NA
2026-04-27 12:00:00,46.0,162.0,3.25,21.75,14.0,83.25,10.5,0.0,65.5,0.0,0.75,NA,0.0,0.0,0.0,38.5,29.5,1.25,250.25,0.0,0.0,688.75,975.0,NA
2026-04-27 13:00:00,23.0,171.0,3.0,21.0,13.5,86.75,6.75,0.0,66.0,0.0,1.0,NA,0.0,0.0,0.0,38.75,29.0,1.0,254.0,0.0,0.0,615.5,975.5,NA
2026-04-27 14:00:00,39.0,161.0,4.0,23.25,15.5,92.25,7.75,0.0,72.75,0.0,0.5,NA,0.0,0.0,0.0,39.0,29.0,1.5,256.5,0.0,0.0,488.75,976.0,NA
2026-04-27 15:00:00,46.0,213.0,3.5,27.75,17.75,97.0,8.75,0.0,72.0,0.0,0.75,NA,0.0,0.0,0.0,39.0,29.0,1.25,254.5,0.0,0.0,325.25,976.0,NA
2026-04-27 16:00:00,47.0,191.0,2.0,29.67,17.67,101.33,9.0,0.0,78.5,0.0,0.75,NA,0.0,0.0,0.0,39.0,29.0,1.0,254.75,0.0,0.0,190.0,976.0,NA
2026-04-27 17:00:00,63.0,195.0,2.75,32.5,20.0,100.25,7.5,0.0,69.5,0.0,1.0,NA,0.0,0.0,0.0,38.5,29.5,0.75,248.5,0.0,0.0,81.5,976.0,NA
2026-04-27 18:00:00,45.0,197.0,3.0,57.0,33.0,93.5,7.75,0.25,41.25,0.25,2.25,NA,0.0,0.0,0.0,36.5,31.0,0.25,231.5,0.0,0.0,21.25,976.0,NA
2026-04-27 19:00:00,85.0,322.0,14.75,101.25,66.0,81.75,14.75,1.25,11.75,1.5,6.75,NA,0.75,1.5,1.5,35.0,32.75,0.0,218.5,0.0,0.0,9.25,976.0,NA
2026-04-27 20:00:00,140.0,558.0,13.75,74.0,50.5,100.5,21.5,1.25,17.75,2.0,17.75,NA,2.75,5.0,4.0,34.25,35.5,1.75,208.5,0.0,0.0,9.5,975.0,NA
2026-04-27 21:00:00,179.0,NA,3.0,30.25,18.75,107.5,13.25,0.25,31.25,0.25,3.0,NA,0.25,0.75,0.5,32.5,39.25,3.0,193.5,0.0,0.0,9.5,975.0,NA
2026-04-27 22:00:00,110.0,NA,3.5,25.75,16.75,95.0,14.75,0.0,32.0,0.25,0.75,NA,0.0,0.0,0.0,32.25,38.25,2.5,192.5,0.0,0.0,9.25,975.0,NA
2026-04-27 23:00:00,42.0,437.0,3.0,26.33,17.0,87.33,14.0,0.0,31.0,0.33,0.0,NA,0.0,0.0,0.0,33.0,36.33,1.33,196.33,0.0,0.0,9.0,975.0,NA
2026-04-28 00:00:00,17.0,99.0,3.75,37.75,23.25,74.5,14.25,0.0,20.5,1.25,0.75,NA,0.0,0.0,0.0,33.0,36.5,0.0,195.5,0.0,0.0,9.0,975.0,NA
2026-04-28 01:00:00,13.0,74.0,6.5,50.0,31.75,68.0,9.75,0.0,11.75,0.0,0.5,NA,0.0,0.0,0.0,32.25,37.25,0.25,192.0,0.0,0.0,9.0,974.5,NA
2026-04-28 02:00:00,52.0,205.0,4.5,33.5,21.5,72.5,11.5,0.0,14.5,0.0,1.5,NA,0.0,0.0,0.0,31.5,39.0,0.75,184.75,0.0,0.0,9.0,974.0,NA
2026-04-28 03:00:00,77.0,280.0,2.75,30.0,18.25,71.75,11.0,0.0,19.5,0.0,1.25,NA,0.0,0.0,0.0,31.0,40.75,1.75,179.5,0.0,0.0,9.0,974.25,NA
2026-04-28 04:00:00,45.0,296.0,5.0,28.0,17.0,66.33,7.33,0.0,20.33,0.0,0.0,NA,0.0,0.0,0.0,31.0,42.33,0.67,176.33,0.0,0.0,9.33,974.33,NA
2026-04-28 05:00:00,38.0,243.0,2.67,34.0,20.33,61.0,7.33,0.0,15.0,0.0,1.0,NA,0.0,0.0,0.0,30.0,43.67,0.0,172.67,0.0,0.0,9.33,974.0,NA
2026-04-28 06:00:00,42.0,232.0,4.75,40.75,25.75,61.25,11.25,0.0,10.75,0.0,1.0,NA,0.0,0.0,0.0,30.25,44.25,0.0,171.75,0.0,0.0,31.75,974.25,NA
2026-04-28 07:00:00,62.0,299.0,7.0,41.5,28.0,59.0,18.67,0.25,12.5,0.0,1.5,NA,0.0,0.0,0.0,31.0,44.0,0.75,178.5,0.0,0.0,131.0,974.0,NA
2026-04-28 08:00:00,106.0,454.0,4.0,33.75,21.75,62.0,19.5,0.25,22.75,1.0,1.5,NA,0.0,0.0,0.0,32.0,42.25,1.0,186.5,0.0,0.0,313.75,974.0,NA
2026-04-28 09:00:00,95.0,685.0,3.5,28.0,17.5,60.5,17.5,0.0,35.5,0.0,0.75,NA,0.0,0.0,0.0,33.25,40.0,0.5,200.25,0.0,0.0,329.5,974.0,NA
2026-04-28 10:00:00,99.0,582.0,3.5,23.5,15.75,61.75,14.5,0.0,40.75,0.0,0.25,NA,0.0,0.0,0.0,35.0,37.25,0.5,217.0,0.0,0.0,578.25,974.25,NA
2026-04-28 11:00:00,48.0,353.0,1.67,21.0,12.5,64.5,11.75,0.0,48.75,0.0,0.0,NA,0.0,0.0,0.0,36.0,36.0,1.0,228.25,0.0,0.0,610.5,975.0,NA
2026-04-28 12:00:00,61.0,401.0,3.25,17.0,11.5,65.5,6.25,0.0,47.25,0.0,0.0,NA,0.0,0.0,0.0,36.25,36.25,0.75,228.25,0.0,0.0,601.75,975.0,NA
2026-04-28 13:00:00,67.0,351.0,2.75,18.25,12.0,69.0,5.0,0.0,49.25,0.0,0.0,NA,0.0,0.0,0.0,37.0,35.75,0.75,234.5,0.0,0.0,567.0,975.0,NA
2026-04-28 14:00:00,62.0,304.0,2.0,20.0,12.25,71.5,5.5,0.0,58.75,0.0,0.0,NA,0.0,0.0,0.0,37.0,35.25,0.25,237.0,0.0,0.0,446.75,975.25,NA
2026-04-28 15:00:00,59.0,296.0,2.5,20.25,12.75,71.75,7.5,0.0,71.5,NA,NA,NA,NA,NA,NA,36.0,36.0,0.0,225.75,0.0,0.0,224.5,975.0,NA
2026-04-28 16:00:00,58.0,298.0,2.67,25.0,15.0,67.75,8.5,0.0,71.5,0.0,2.0,NA,0.0,0.0,1.0,35.0,37.75,0.0,217.75,0.0,0.0,105.5,975.25,NA
2026-04-28 17:00:00,48.0,321.0,3.5,29.25,18.75,66.0,7.75,0.0,62.25,0.0,1.0,NA,0.0,0.0,0.0,34.5,38.75,0.0,213.0,0.0,0.0,71.0,975.0,NA
2026-04-28 18:00:00,48.0,328.0,2.75,37.25,22.25,63.5,9.0,0.0,56.25,0.0,1.5,NA,0.0,0.0,0.0,34.25,39.5,0.0,209.75,0.0,0.0,33.0,975.0,NA
2026-04-28 19:00:00,67.0,381.0,1.75,36.25,20.75,60.75,8.75,0.0,42.0,0.0,2.0,NA,0.0,0.0,0.0,33.0,41.5,0.0,198.25,0.0,0.0,9.75,975.0,NA
2026-04-28 20:00:00,70.0,331.0,2.0,44.75,25.75,55.75,10.75,1.0,30.75,0.25,2.5,NA,0.0,0.5,0.5,32.25,43.0,0.0,191.5,0.0,0.0,9.0,975.0,NA
2026-04-28 21:00:00,102.0,340.0,3.25,40.25,24.25,54.0,14.25,1.0,30.5,0.5,2.25,NA,0.0,0.5,0.25,32.0,43.25,0.0,189.0,0.0,0.0,9.0,975.0,NA
2026-04-28 22:00:00,90.0,333.0,3.5,31.0,19.25,54.25,16.5,1.0,33.0,0.0,1.0,NA,0.0,0.0,0.0,31.25,45.25,0.0,182.5,0.0,0.0,9.0,975.0,NA
2026-04-28 23:00:00,86.0,335.0,2.33,35.33,21.0,50.33,12.67,0.0,30.0,0.0,0.0,NA,0.0,0.0,0.0,31.0,46.67,0.0,178.67,0.0,0.0,9.0,974.0,NA
2026-04-29 00:00:00,84.0,316.0,3.0,38.75,23.25,47.75,16.0,0.5,24.25,0.5,0.75,NA,0.0,0.0,0.0,31.0,48.0,0.0,176.5,0.0,0.0,9.25,974.0,NA
2026-04-29 01:00:00,105.0,348.0,2.0,47.25,26.75,45.0,18.75,1.0,19.5,1.0,0.0,NA,0.0,0.0,0.0,31.0,48.25,0.0,175.25,0.0,0.0,9.0,974.0,NA
2026-04-29 02:00:00,105.0,467.0,2.5,26.5,17.0,49.5,12.0,0.0,27.67,0.67,0.67,NA,0.0,0.0,0.0,30.0,47.67,1.33,169.33,0.0,0.0,9.0,974.33,NA
2026-04-29 03:00:00,45.0,282.0,3.75,26.25,17.5,51.0,5.5,0.0,24.25,0.0,0.75,NA,0.0,0.0,0.0,29.0,51.0,0.5,159.25,0.0,0.0,9.0,974.75,NA
2026-04-29 04:00:00,27.0,128.0,2.33,29.0,17.33,47.33,5.67,0.0,21.0,0.0,0.33,NA,0.0,0.0,0.0,29.0,50.33,0.67,159.33,0.0,0.0,9.0,975.0,NA
2026-04-29 05:00:00,35.0,182.0,3.5,24.0,15.75,47.5,8.0,0.0,21.75,0.0,0.0,NA,0.0,0.0,0.0,28.25,54.25,1.5,154.0,0.0,0.0,9.75,974.5,NA
2026-04-29 06:00:00,39.0,212.0,2.25,19.0,12.25,53.75,6.0,0.0,15.75,0.0,0.0,NA,0.0,0.0,0.0,26.5,63.75,2.25,136.75,0.0,0.0,11.0,975.0,NA
2026-04-29 07:00:00,31.0,74.0,2.67,28.75,16.75,50.5,5.25,0.0,11.25,0.25,0.0,NA,0.0,0.0,0.0,26.0,67.75,0.25,133.0,0.0,0.0,35.75,975.0,NA
2026-04-29 08:00:00,25.0,39.0,6.75,42.5,28.0,49.0,7.0,0.5,8.75,0.0,0.25,NA,0.0,0.0,0.0,27.5,61.25,0.5,146.25,0.0,0.0,135.25,974.75,NA
2026-04-29 09:00:00,51.0,100.0,6.0,46.0,29.5,45.25,8.75,0.5,11.0,0.0,1.25,NA,0.0,0.0,0.0,28.75,56.5,0.0,156.75,0.0,0.0,77.5,974.25,NA
2026-04-29 10:00:00,62.0,158.0,6.75,56.25,35.75,41.5,10.25,1.0,11.25,0.75,2.25,NA,0.0,0.0,1.0,30.25,52.75,0.25,171.25,0.0,0.0,219.75,974.25,NA
2026-04-29 11:00:00,44.0,179.0,5.75,47.5,30.0,46.25,12.75,0.25,17.25,0.25,1.5,NA,0.0,0.0,0.5,33.5,44.75,0.25,201.75,0.0,0.0,615.5,974.25,NA
2026-04-29 12:00:00,36.0,163.0,3.75,34.0,21.5,46.5,15.25,0.0,41.0,0.0,1.75,NA,0.0,0.0,0.0,34.25,40.25,0.5,211.25,0.0,0.0,577.25,975.0,NA
2026-04-29 13:00:00,45.0,140.0,3.33,29.67,18.67,51.0,19.33,0.0,53.33,0.0,1.67,NA,0.0,0.0,0.0,35.33,38.0,0.67,219.67,0.0,0.0,624.0,975.0,NA
2026-04-29 14:00:00,34.0,125.0,3.25,27.5,17.25,53.0,16.75,0.0,60.5,0.0,0.25,NA,0.0,0.0,0.0,36.0,37.5,0.5,226.75,0.0,0.0,504.0,975.0,NA
2026-04-29 15:00:00,34.0,124.0,3.25,25.0,16.0,54.75,11.0,0.0,67.0,0.0,1.0,NA,0.0,0.0,0.0,35.5,37.25,0.75,222.25,0.0,0.0,350.25,975.0,NA
2026-04-29 16:00:00,27.0,125.0,2.5,24.75,15.0,55.25,9.75,0.0,79.75,0.0,1.0,NA,0.0,0.0,0.0,35.75,36.25,0.0,227.0,0.0,0.0,223.25,975.0,NA
2026-04-29 17:00:00,29.0,112.0,2.67,25.25,14.25,56.5,8.5,0.0,67.0,0.0,1.0,NA,0.0,0.0,0.0,35.0,38.0,0.5,217.75,0.0,0.0,91.25,975.0,NA
2026-04-29 18:00:00,34.0,125.0,2.5,28.0,17.0,53.75,7.5,0.0,54.5,0.0,1.0,NA,0.0,0.0,0.0,32.5,41.5,0.0,195.75,0.0,0.0,28.0,975.0,NA
2026-04-29 19:00:00,42.0,133.0,3.0,32.5,20.0,50.0,9.5,0.0,43.25,0.0,0.0,NA,0.0,0.0,0.0,31.5,43.75,0.0,184.0,0.0,0.0,10.25,975.0,NA
2026-04-29 20:00:00,40.0,178.0,3.5,44.5,26.75,44.5,14.5,1.0,30.5,0.25,1.0,NA,0.0,0.0,0.0,31.0,46.0,0.0,176.75,0.0,0.0,9.25,975.0,NA
2026-04-29 21:00:00,68.0,238.0,4.0,53.5,32.0,40.25,16.25,1.0,21.5,1.0,2.0,NA,0.75,1.0,1.0,30.0,48.25,0.0,171.0,0.0,0.0,9.0,974.0,NA
2026-04-29 22:00:00,83.0,251.0,3.67,71.25,39.75,34.5,15.5,1.0,11.5,1.25,2.0,NA,0.5,0.5,1.0,30.0,49.0,0.0,167.75,0.0,0.0,9.0,974.5,NA
2026-04-29 23:00:00,94.0,262.0,2.75,60.25,34.5,40.75,14.75,1.0,11.5,1.25,2.0,NA,0.5,1.0,1.0,29.25,51.0,0.0,164.5,0.0,0.0,9.25,974.75,NA
2026-04-30 00:00:00,101.0,276.0,5.0,71.0,42.25,35.25,15.5,1.0,5.75,1.25,2.75,NA,1.0,1.0,1.0,29.0,52.75,0.0,161.25,0.0,0.0,9.0,974.5,NA
2026-04-30 01:00:00,132.0,287.0,13.25,73.25,49.75,33.25,17.75,1.0,4.25,1.0,3.75,NA,1.0,1.0,1.75,29.0,53.25,0.0,159.75,0.0,0.0,9.0,974.5,NA
2026-04-30 02:00:00,90.0,245.0,14.5,69.5,48.5,33.5,17.0,1.0,4.5,1.0,5.5,NA,1.25,1.75,2.0,29.5,51.75,0.0,163.75,0.0,0.0,9.5,974.75,NA
2026-04-30 03:00:00,63.0,202.0,5.0,61.25,37.25,40.75,12.75,1.0,6.0,1.0,3.25,NA,0.0,1.0,1.0,29.0,51.75,0.0,161.75,0.0,0.0,9.0,974.5,NA
2026-04-30 04:00:00,67.0,164.0,3.75,43.0,26.0,45.75,12.75,0.25,13.25,0.0,2.75,NA,0.75,1.0,1.0,29.0,50.25,0.0,160.0,0.0,0.0,9.25,975.0,NA
2026-04-30 05:00:00,56.0,138.0,3.25,39.5,24.0,42.25,11.25,0.5,13.0,0.0,1.25,NA,0.0,0.0,0.0,28.75,51.5,0.0,157.0,0.0,0.0,9.75,974.75,NA
2026-04-30 06:00:00,138.0,276.0,4.25,44.25,27.25,43.25,14.5,1.0,9.75,2.5,2.0,NA,3.75,1.25,0.0,28.25,54.0,0.0,154.25,0.0,0.0,30.5,974.75,NA
2026-04-30 07:00:00,141.0,279.0,14.0,60.67,43.33,31.0,18.0,1.0,8.67,1.33,1.33,NA,1.0,0.0,0.0,29.33,52.33,0.0,165.67,0.0,0.0,151.0,974.33,NA
2026-04-30 08:00:00,95.0,285.0,7.25,51.75,33.5,39.25,20.25,1.0,15.5,1.0,1.0,NA,0.0,0.0,0.0,31.75,47.5,0.0,185.5,0.0,0.0,357.25,974.0,NA
2026-04-30 09:00:00,72.0,243.0,3.5,42.5,25.5,42.25,16.75,1.0,29.0,1.0,1.0,NA,0.0,0.0,0.0,34.0,42.75,0.0,206.5,0.0,0.0,424.25,974.25,NA
2026-04-30 10:00:00,51.0,182.0,1.75,27.0,16.0,43.5,13.0,0.75,42.75,0.25,1.0,NA,0.0,0.0,0.0,35.0,40.0,0.5,217.5,0.0,0.0,627.75,974.5,NA
2026-04-30 11:00:00,47.0,179.0,2.25,30.0,18.0,44.0,11.75,0.75,56.25,0.0,0.75,NA,0.0,0.0,0.0,35.75,38.5,0.5,222.75,0.0,0.0,667.5,975.0,NA
2026-04-30 12:00:00,58.0,182.0,1.5,26.0,15.5,46.75,12.75,0.5,68.75,0.5,0.75,NA,0.0,0.0,0.0,35.75,38.75,1.0,224.25,0.0,0.0,490.5,975.0,NA
2026-04-30 13:00:00,42.0,171.0,2.25,25.25,15.0,49.25,10.25,0.0,68.0,0.0,0.0,NA,0.0,0.0,0.0,36.0,38.0,1.0,225.25,0.0,0.0,495.5,975.0,NA
2026-04-30 14:00:00,29.0,163.0,3.0,23.5,15.0,48.75,8.75,0.0,68.25,0.0,0.0,NA,0.0,0.0,0.0,35.75,38.25,1.0,225.0,0.0,0.0,261.75,975.0,NA
2026-04-30 15:00:00,45.0,260.0,2.25,26.0,16.25,50.75,8.75,0.0,49.5,0.0,0.25,NA,0.0,0.0,0.0,31.5,48.25,2.0,182.0,0.0,0.0,76.25,975.0,NA
2026-04-30 16:00:00,46.0,519.0,2.5,26.0,16.25,45.0,4.75,0.0,40.0,0.0,0.0,NA,0.0,0.0,0.0,30.5,46.75,1.75,175.5,0.0,0.0,235.25,975.0,NA
2026-04-30 17:00:00,20.0,103.0,3.33,38.67,23.67,38.67,5.33,0.0,34.67,0.0,1.33,NA,0.0,0.0,0.33,30.67,46.0,1.33,174.33,0.0,0.0,108.0,975.0,NA
2026-04-30 18:00:00,19.0,97.0,3.0,30.25,18.75,39.5,6.25,0.0,35.75,0.0,1.0,NA,0.0,0.0,0.0,30.0,45.75,0.25,166.25,0.0,0.0,32.5,974.5,NA
2026-04-30 19:00:00,30.0,95.0,2.33,24.0,14.0,43.0,5.75,0.0,41.5,0.0,1.25,NA,0.0,0.0,0.0,28.5,50.0,1.5,155.25,0.0,0.0,10.0,975.0,NA
2026-04-30 20:00:00,35.0,252.0,2.5,25.0,15.0,42.5,4.25,0.0,41.5,0.0,0.0,NA,0.0,0.0,0.0,27.0,54.0,1.25,142.75,0.0,0.0,9.5,975.0,NA
2026-04-30 21:00:00,16.0,96.0,2.75,29.25,17.75,40.75,4.25,0.0,35.5,0.0,0.0,NA,0.0,0.0,0.0,27.0,53.75,1.0,141.25,0.0,0.0,9.25,975.0,NA
2026-04-30 22:00:00,33.0,91.0,1.75,33.25,19.5,37.75,4.5,0.0,32.0,0.0,0.0,NA,0.0,0.0,0.0,27.0,53.5,0.5,140.5,0.0,0.0,9.0,975.0,NA
2026-04-30 23:00:00,18.0,91.0,3.5,31.0,19.5,41.25,6.75,0.0,33.0,0.0,0.5,NA,0.0,0.0,0.0,27.0,53.0,1.0,142.0,0.0,0.0,9.0,975.0,NA
2026-05-01 00:00:00,24.0,132.0,2.33,28.67,17.33,42.0,4.0,0.0,34.0,0.0,0.0,NA,0.0,0.0,0.0,27.0,54.0,1.0,140.0,0.0,0.0,9.33,975.0,NA
2026-05-01 01:00:00,13.0,117.0,4.75,27.25,18.75,42.5,5.0,0.0,32.0,0.0,0.0,NA,0.0,0.0,0.0,27.0,54.0,0.75,140.75,0.0,0.0,9.0,975.0,NA
2026-05-01 02:00:00,25.0,117.0,4.0,23.5,16.0,42.0,5.0,0.0,32.25,0.0,0.0,NA,0.0,0.0,0.0,27.0,54.25,0.0,140.25,0.0,0.0,9.25,975.0,NA
2026-05-01 03:00:00,33.0,85.0,3.25,31.25,19.25,46.25,3.5,0.0,25.25,0.0,0.0,NA,0.0,0.0,0.0,26.75,56.5,0.0,137.25,0.0,0.0,9.25,975.0,NA
2026-05-01 04:00:00,29.0,102.0,3.75,39.25,24.25,40.75,5.25,0.0,15.75,0.0,0.0,NA,0.0,0.0,0.0,26.0,60.0,0.0,133.25,0.0,0.0,9.25,975.0,NA
2026-05-01 05:00:00,57.0,151.0,9.25,47.25,33.0,36.0,7.75,0.0,5.25,0.75,1.5,NA,0.0,0.0,0.0,26.0,64.5,0.75,131.0,0.0,0.0,10.0,975.0,NA
2026-05-01 06:00:00,124.0,222.0,6.75,36.5,25.0,48.25,9.75,0.0,9.75,1.0,2.25,NA,0.0,0.0,0.0,25.25,68.0,1.25,126.25,0.0,0.0,32.25,975.25,NA
2026-05-01 07:00:00,68.0,157.0,4.0,29.75,19.25,44.5,8.25,0.0,13.5,1.0,0.5,NA,0.0,0.0,0.0,26.0,68.25,1.0,132.25,0.0,0.0,174.25,975.0,NA
2026-05-01 08:00:00,56.0,118.0,4.25,32.5,20.5,42.5,8.25,0.0,16.0,0.25,0.0,NA,0.0,0.0,0.0,27.75,62.25,1.25,147.0,0.0,0.0,351.75,975.0,NA
2026-05-01 09:00:00,56.0,121.0,5.0,35.25,22.75,38.5,12.75,0.0,19.25,0.0,1.0,NA,0.0,0.0,0.0,29.75,54.0,1.0,166.75,0.0,0.0,434.25,975.0,NA
2026-05-01 10:00:00,46.0,113.0,3.25,32.0,19.75,37.75,15.5,0.0,26.25,0.0,1.0,NA,0.0,0.0,0.0,31.75,48.0,1.0,184.25,0.0,0.0,630.0,974.25,NA
2026-05-01 11:00:00,39.0,168.0,2.33,23.75,14.0,39.25,9.0,0.0,37.5,0.0,0.25,NA,0.0,0.0,0.0,32.5,45.75,1.0,194.5,0.0,0.0,690.25,974.25,NA
2026-05-01 12:00:00,39.0,107.0,2.25,25.5,15.25,39.25,7.25,0.0,47.5,0.0,0.75,NA,0.0,0.0,0.0,33.5,44.75,1.0,201.0,0.0,0.0,676.25,975.0,NA
2026-05-01 13:00:00,30.0,110.0,1.75,23.25,14.0,41.0,7.0,0.0,57.5,0.0,0.75,NA,0.0,0.0,0.0,34.25,43.0,1.0,210.5,0.0,0.0,612.25,975.0,NA
2026-05-01 14:00:00,34.0,110.0,4.0,25.75,16.0,43.0,7.5,0.0,64.5,0.0,0.25,NA,0.0,0.0,0.0,35.0,42.0,1.0,215.25,0.0,0.0,503.25,975.0,NA
2026-05-01 15:00:00,41.0,121.0,1.25,24.25,14.0,42.0,6.75,0.0,72.25,0.0,0.0,NA,0.0,0.0,0.0,34.5,42.5,0.5,211.75,0.0,0.0,359.75,975.0,NA
2026-05-01 16:00:00,46.0,118.0,1.75,25.75,15.5,42.75,7.0,0.0,76.25,0.0,0.0,NA,0.0,0.0,0.0,34.75,42.25,0.25,214.25,0.0,0.0,215.75,975.0,NA
2026-05-01 17:00:00,36.0,134.0,1.75,27.75,15.75,44.25,6.25,0.0,72.75,0.0,0.75,NA,0.0,0.0,0.0,34.25,43.25,0.0,208.5,0.0,0.0,92.0,975.25,NA
2026-05-01 18:00:00,47.0,136.0,2.0,30.5,18.0,43.0,6.0,0.0,67.0,0.0,1.5,NA,0.0,0.0,0.5,32.5,47.0,0.0,192.0,0.0,0.0,36.5,975.0,NA
2026-05-01 19:00:00,68.0,185.0,3.0,38.33,23.0,37.67,7.0,1.0,45.0,0.33,1.0,NA,0.0,0.0,0.0,31.0,52.0,0.0,177.33,0.0,0.0,10.0,975.0,NA
2026-05-01 20:00:00,66.0,216.0,3.67,52.75,30.25,35.75,10.75,1.0,24.0,0.75,2.0,NA,0.0,1.0,1.0,30.0,54.75,0.0,170.25,0.0,0.0,9.25,975.0,NA
2026-05-01 21:00:00,132.0,368.0,4.33,61.0,35.0,35.5,13.5,1.25,13.5,2.0,3.75,NA,1.5,1.75,1.75,30.0,56.25,0.0,167.75,0.0,0.0,9.25,975.0,NA
2026-05-01 22:00:00,133.0,362.0,5.0,72.75,43.0,34.0,14.75,1.5,9.0,1.75,3.75,NA,1.25,1.75,2.0,29.75,56.75,0.0,166.0,0.0,0.0,9.25,975.0,NA
2026-05-01 23:00:00,179.0,379.0,5.0,57.25,34.75,38.25,16.75,1.0,11.75,1.25,4.5,NA,1.25,1.75,1.75,29.0,57.25,0.0,162.5,0.0,0.0,9.0,974.25,NA
2026-05-02 00:00:00,102.0,259.0,3.75,42.5,25.5,38.5,17.0,1.0,12.25,1.0,2.75,NA,0.25,0.75,0.75,29.0,58.5,0.0,158.25,0.0,0.0,9.0,974.25,NA
2026-05-02 01:00:00,77.0,193.0,2.5,34.75,20.5,36.75,11.25,0.0,11.75,1.0,1.0,NA,0.0,0.0,0.0,28.25,60.75,0.0,154.75,0.0,0.0,9.0,974.5,NA
2026-05-02 02:00:00,67.0,178.0,1.0,34.5,18.0,37.0,8.0,0.0,9.75,0.5,0.25,NA,0.0,0.0,0.0,28.0,62.5,0.0,152.25,0.0,0.0,9.0,975.0,NA
2026-05-02 03:00:00,77.0,177.0,3.0,30.25,18.75,39.75,6.5,0.0,14.0,0.25,0.75,NA,0.0,0.0,0.0,28.0,63.0,0.0,151.25,0.0,0.0,9.0,974.75,NA
2026-05-02 04:00:00,63.0,123.0,3.0,28.75,17.5,38.75,6.5,0.0,16.25,0.0,0.0,NA,0.0,0.0,0.0,28.0,64.25,0.0,148.5,0.0,0.0,9.25,975.0,NA
2026-05-02 05:00:00,62.0,135.0,2.25,29.75,17.75,34.25,6.0,0.0,15.25,0.0,0.0,NA,0.0,0.0,0.0,28.0,65.0,0.0,146.75,0.0,0.0,10.0,974.75,NA
2026-05-02 06:00:00,86.0,144.0,3.5,33.75,20.75,35.25,5.75,0.0,15.0,0.0,0.0,NA,0.0,0.0,0.0,28.0,64.75,0.0,148.75,0.0,0.0,34.0,974.75,NA
2026-05-02 07:00:00,73.0,180.0,5.25,40.25,26.0,33.5,7.0,0.0,10.0,0.0,0.0,NA,0.0,0.0,0.0,29.0,61.75,0.0,159.0,0.0,0.0,141.5,974.5,NA
2026-05-02 08:00:00,70.0,172.0,3.75,36.25,22.75,35.75,7.75,0.0,10.75,0.0,0.0,NA,0.0,0.0,0.0,30.0,56.75,0.5,172.25,0.0,0.0,332.0,974.5,NA
2026-05-02 09:00:00,70.0,188.0,2.75,31.0,18.75,34.25,8.5,0.0,16.75,0.0,0.0,NA,0.0,0.0,0.0,32.0,51.25,0.75,187.75,0.0,0.0,412.75,974.5,NA
2026-05-02 10:00:00,46.0,164.0,3.0,31.75,19.25,35.25,10.25,0.25,22.5,0.0,0.75,NA,0.0,0.0,0.0,34.0,46.0,0.75,206.5,0.0,0.0,597.25,975.0,NA
2026-05-02 11:00:00,62.0,335.0,4.75,24.0,16.5,36.75,10.75,0.0,39.75,0.0,0.0,NA,0.0,0.0,0.0,35.25,42.5,1.0,218.75,0.0,0.0,665.25,975.0,NA
2026-05-02 12:00:00,57.0,156.0,3.75,27.0,17.75,38.0,11.75,0.0,62.0,0.0,1.0,NA,0.0,0.0,0.0,36.0,40.75,0.75,225.25,0.0,0.0,613.75,975.0,NA
2026-05-02 13:00:00,58.0,179.0,4.25,26.25,17.5,39.75,11.5,0.0,70.25,0.0,1.5,NA,0.0,0.0,0.5,36.0,40.75,0.5,228.75,0.0,0.0,532.25,975.75,NA
2026-05-02 14:00:00,58.0,178.0,1.25,27.25,15.5,43.25,9.5,0.0,72.25,0.0,1.0,NA,0.0,0.0,0.0,36.0,41.0,1.0,230.0,0.0,0.0,430.5,976.0,NA
2026-05-02 15:00:00,163.0,178.0,1.25,26.25,15.0,43.0,8.75,0.0,77.0,0.0,1.0,NA,0.0,0.0,0.0,35.75,41.5,1.0,226.0,0.0,0.0,292.5,976.0,NA
2026-05-02 16:00:00,80.0,177.0,2.67,24.5,14.25,44.0,8.25,0.0,75.75,0.0,1.5,NA,0.0,0.0,0.0,35.0,43.0,0.5,219.75,0.0,0.0,174.5,976.0,NA
2026-05-02 17:00:00,66.0,171.0,4.25,27.5,18.5,44.25,7.0,0.0,69.25,0.0,1.0,NA,0.0,0.0,0.0,34.5,44.0,0.0,212.75,0.0,0.0,84.5,976.0,NA
2026-05-02 18:00:00,75.0,190.0,4.0,33.75,20.25,41.0,6.25,0.25,58.25,0.0,1.0,NA,0.0,0.0,0.0,33.0,48.0,0.0,197.25,0.0,0.0,29.25,976.0,NA
2026-05-02 19:00:00,64.0,206.0,2.5,40.25,22.25,38.25,7.25,1.0,47.25,0.0,2.0,NA,0.0,0.0,0.25,32.0,50.25,0.0,188.25,0.0,0.0,10.0,976.0,NA
2026-05-02 20:00:00,86.0,217.0,3.0,44.75,26.25,37.0,9.75,1.0,35.25,0.5,2.5,NA,0.0,0.75,1.0,31.75,51.75,0.0,184.25,0.0,0.0,9.25,975.25,NA
2026-05-02 21:00:00,95.0,263.0,1.67,54.0,30.33,37.0,12.0,1.0,27.0,1.0,2.33,NA,0.0,1.0,1.0,31.33,52.0,0.0,183.0,0.0,0.0,9.67,975.0,NA
2026-05-02 22:00:00,117.0,267.0,3.5,42.0,25.5,38.5,13.25,0.75,23.75,1.0,3.25,NA,0.0,0.25,1.0,30.75,52.25,0.75,177.75,0.0,0.0,9.25,975.0,NA
2026-05-02 23:00:00,74.0,620.0,2.5,29.5,17.75,35.75,8.25,0.0,20.0,0.0,1.25,NA,0.0,0.0,0.0,30.0,48.5,0.0,167.75,0.0,0.0,9.25,975.0,NA
2026-05-03 00:00:00,55.0,686.0,3.0,27.25,16.75,32.0,5.25,0.0,21.75,0.0,0.0,NA,0.0,0.0,0.0,29.25,48.5,0.0,163.5,0.0,0.0,9.0,974.25,NA
2026-05-03 01:00:00,31.0,251.0,3.0,38.75,23.0,26.75,4.75,0.0,14.5,0.0,0.5,NA,0.0,0.0,0.0,28.75,51.25,0.0,159.5,0.0,0.0,9.0,974.75,NA
2026-05-03 02:00:00,31.0,356.0,3.0,42.5,25.5,25.5,3.5,0.0,8.75,0.0,1.0,NA,0.0,0.0,0.0,28.0,55.5,0.0,153.25,0.0,0.0,9.25,974.5,NA
2026-05-03 03:00:00,42.0,374.0,4.5,49.25,30.25,28.25,4.75,0.0,7.75,0.25,1.0,NA,0.0,0.0,0.0,28.0,58.5,0.0,147.75,0.0,0.0,9.0,975.0,NA
2026-05-03 04:00:00,52.0,263.0,3.25,37.75,23.0,30.5,5.0,0.0,13.25,0.0,1.0,NA,0.0,0.0,0.0,28.0,58.0,0.0,149.0,0.0,0.0,9.0,975.0,NA
2026-05-03 05:00:00,38.0,147.0,3.0,33.0,20.0,27.5,5.5,0.0,14.75,0.0,0.0,NA,0.0,0.0,0.0,27.0,61.5,0.0,144.25,0.0,0.0,10.0,975.0,NA
2026-05-03 06:00:00,45.0,106.0,5.25,41.5,26.0,26.25,6.25,0.0,9.75,0.0,0.0,NA,0.0,0.0,0.0,27.5,61.75,0.0,145.25,0.0,0.0,34.25,975.0,NA
2026-05-03 07:00:00,50.0,140.0,6.5,36.5,24.5,28.5,8.5,0.0,13.75,0.0,1.25,NA,0.0,0.0,0.0,29.0,57.75,0.75,160.0,0.0,0.0,193.75,974.75,NA
2026-05-03 08:00:00,66.0,168.0,4.0,27.25,18.0,33.25,9.0,0.0,18.75,0.0,0.5,NA,0.0,0.0,0.0,29.75,56.5,1.0,167.75,0.0,0.0,370.5,974.0,NA
2026-05-03 09:00:00,56.0,158.0,2.25,26.75,16.0,32.75,7.5,0.0,21.0,0.0,0.5,NA,0.0,0.0,0.0,31.25,52.25,1.0,180.5,0.0,0.0,449.0,974.25,NA
2026-05-03 10:00:00,50.0,127.0,2.75,23.75,15.25,32.0,7.0,0.0,32.5,0.0,0.25,NA,0.0,0.0,0.0,33.5,45.25,1.0,202.75,0.0,0.0,606.0,974.75,NA
2026-05-03 11:00:00,45.0,134.0,2.75,23.5,15.0,34.5,7.75,0.0,39.25,0.0,0.0,NA,0.0,0.0,0.0,34.0,44.25,1.0,210.25,0.0,0.0,632.5,975.0,NA
2026-05-03 12:00:00,50.0,150.0,2.25,20.75,13.25,35.75,7.0,0.0,39.75,0.0,0.0,NA,0.0,0.0,0.0,34.25,44.5,1.5,210.25,0.0,0.0,624.0,975.0,NA
2026-05-03 13:00:00,44.0,160.0,4.0,20.25,14.25,38.0,5.75,0.0,43.25,0.0,0.0,NA,0.0,0.0,0.0,34.75,44.5,1.75,212.25,0.0,0.0,570.25,975.25,NA
2026-05-03 14:00:00,42.0,237.0,1.67,21.75,12.5,39.0,4.5,0.0,47.75,0.0,0.0,NA,0.0,0.0,0.0,34.0,45.0,2.0,207.5,0.0,0.0,458.5,976.0,NA
2026-05-03 15:00:00,36.0,260.0,4.5,21.25,15.0,38.25,4.0,0.0,51.75,0.0,0.0,NA,0.0,0.0,0.0,34.0,44.0,1.75,209.5,0.0,0.0,336.75,976.0,NA
2026-05-03 16:00:00,39.0,184.0,1.5,22.0,13.0,39.0,4.5,0.0,56.0,0.0,0.0,NA,0.0,0.0,0.0,34.75,43.25,1.5,212.0,0.0,0.0,210.0,976.0,NA
2026-05-03 17:00:00,35.0,158.0,3.33,23.0,15.0,37.33,4.67,0.0,57.0,0.0,0.0,NA,0.0,0.0,0.0,33.67,45.0,1.0,204.0,0.0,0.0,78.0,976.0,NA
2026-05-03 18:00:00,38.0,149.0,3.25,28.5,18.25,34.0,5.25,0.0,49.75,0.0,0.25,NA,0.0,0.0,0.0,32.25,49.0,1.0,190.0,0.0,0.0,30.25,976.0,NA
2026-05-03 19:00:00,41.0,169.0,2.67,31.33,19.0,34.33,6.33,0.0,43.0,0.0,0.33,NA,0.0,0.0,0.0,31.33,51.33,1.0,182.0,0.0,0.0,10.33,975.33,NA
2026-05-03 20:00:00,48.0,179.0,2.25,29.25,17.5,32.75,5.0,0.0,38.5,0.0,0.0,NA,0.0,0.0,0.0,30.75,52.75,1.25,175.75,0.0,0.0,9.25,975.0,NA
2026-05-03 21:00:00,46.0,166.0,2.5,31.0,18.75,32.75,5.5,0.25,35.0,0.0,0.0,NA,0.0,0.0,0.0,30.0,54.25,1.0,172.75,0.0,0.0,9.0,975.0,NA
2026-05-03 22:00:00,63.0,160.0,3.0,27.33,17.33,34.33,6.33,0.0,32.67,0.0,0.0,NA,0.0,0.0,0.0,30.0,55.33,1.0,169.67,0.0,0.0,9.0,975.0,NA
2026-05-03 23:00:00,NA,128.0,2.5,26.5,14.75,33.5,6.5,0.0,28.75,0.0,0.25,NA,0.0,0.0,0.0,29.0,57.0,1.75,160.0,0.0,0.0,9.25,975.0,NA
2026-05-04 00:00:00,61.0,963.0,3.0,18.25,12.25,33.75,4.25,0.0,37.5,0.0,0.0,NA,0.0,0.0,0.0,26.0,60.25,2.5,131.75,0.0,0.0,9.25,975.0,NA
2026-05-04 01:00:00,12.0,172.0,5.25,18.25,13.75,32.5,2.25,0.0,32.5,0.0,0.0,NA,0.0,0.0,0.0,25.25,65.0,0.75,125.25,0.0,0.0,9.25,975.0,NA
2026-05-04 02:00:00,13.0,25.0,2.5,16.5,11.5,30.0,2.5,0.0,33.25,0.5,0.0,NA,0.0,0.0,0.0,25.5,66.25,2.5,127.0,0.0,0.0,9.25,975.0,NA
2026-05-04 03:00:00,14.0,40.0,0.75,20.5,12.0,34.0,2.0,0.0,24.25,0.0,0.0,NA,0.0,0.0,0.0,25.0,72.25,0.5,121.75,0.0,0.0,9.5,975.0,NA
2026-05-04 04:00:00,13.0,29.0,1.75,24.75,15.0,32.0,2.5,0.0,18.5,0.0,0.0,NA,0.0,0.0,0.0,25.0,70.5,0.75,125.25,0.0,0.0,9.75,975.0,NA
2026-05-04 05:00:00,9.0,29.0,3.5,26.25,17.25,29.75,2.75,0.0,14.5,0.0,0.0,NA,0.0,0.0,0.0,24.75,74.75,1.0,122.5,0.0,0.0,9.75,975.5,NA
2026-05-04 06:00:00,28.0,44.0,1.75,25.75,15.5,34.25,2.75,0.0,13.25,0.0,0.0,NA,0.0,0.0,0.0,24.0,82.5,1.0,114.0,0.0,0.0,14.5,975.5,NA
2026-05-04 07:00:00,18.0,36.0,4.25,26.5,17.75,29.75,2.5,0.0,14.75,0.0,0.0,NA,0.0,0.0,0.0,25.0,75.25,2.0,121.0,0.0,0.0,38.0,975.0,NA
2026-05-04 08:00:00,31.0,59.0,6.25,28.25,20.5,33.0,3.25,0.0,16.75,0.0,0.0,NA,0.0,0.0,0.0,25.75,71.0,0.75,129.25,0.0,0.0,171.5,975.0,NA
2026-05-04 09:00:00,46.0,80.0,4.5,22.5,15.5,34.5,4.75,0.0,20.25,0.0,0.0,NA,0.0,0.0,0.0,27.25,64.0,1.5,144.5,0.0,0.0,322.5,975.0,NA
2026-05-04 10:00:00,18.0,62.0,3.75,20.25,14.0,34.25,3.75,0.0,24.75,0.0,0.0,NA,0.0,0.0,0.0,27.75,62.5,2.0,146.75,0.0,0.0,470.5,975.0,NA
2026-05-04 11:00:00,14.0,63.0,3.25,19.75,13.25,32.75,3.25,0.0,32.5,0.0,0.0,NA,0.0,0.0,0.0,30.25,51.0,2.25,169.75,0.0,0.0,719.0,975.25,NA
2026-05-04 12:00:00,28.0,78.0,3.33,18.5,11.5,32.25,3.5,0.0,39.0,0.0,0.0,NA,0.0,0.0,0.0,31.0,46.5,2.0,180.25,0.0,0.0,725.25,975.75,NA
2026-05-04 13:00:00,12.0,62.0,2.5,16.75,11.0,31.5,3.0,0.0,45.0,0.0,0.0,NA,0.0,0.0,0.0,32.25,44.0,1.75,191.0,0.0,0.0,670.0,977.0,NA
2026-05-04 14:00:00,16.0,106.0,2.75,20.0,12.75,38.0,5.0,0.0,47.75,0.0,1.0,NA,0.0,0.0,0.0,32.5,43.75,1.5,194.25,0.0,0.0,579.75,977.5,NA
2026-05-04 15:00:00,19.0,83.0,3.25,17.25,12.0,39.25,2.5,0.0,46.25,0.0,0.0,NA,0.0,0.0,0.0,32.25,45.0,1.0,191.25,0.0,0.0,407.75,980.0,NA
2026-05-04 16:00:00,8.0,67.0,3.5,16.5,11.75,33.5,2.0,0.0,47.25,0.0,0.0,NA,0.0,0.0,0.0,32.0,45.0,1.0,188.75,0.0,0.0,229.5,978.75,NA
2026-05-04 17:00:00,18.0,77.0,1.75,22.5,13.75,37.0,1.75,0.0,46.5,0.0,0.0,NA,0.0,0.0,0.0,31.0,47.25,1.0,179.5,0.0,0.0,97.25,978.25,NA
2026-05-04 18:00:00,13.0,81.0,2.0,25.75,15.5,37.75,2.75,0.0,44.75,0.0,0.25,NA,0.0,0.0,0.0,29.5,52.25,1.0,164.0,0.0,0.0,31.25,978.5,NA
2026-05-04 19:00:00,18.0,85.0,3.75,30.75,19.5,36.25,3.0,0.5,37.25,0.0,1.0,NA,0.0,0.0,0.0,28.25,56.5,0.25,154.5,0.0,0.0,10.0,978.25,NA
2026-05-04 20:00:00,25.0,94.0,3.75,33.5,21.0,36.5,3.5,1.0,32.25,0.0,1.0,NA,0.0,0.0,0.0,28.0,59.75,0.25,151.5,0.0,0.0,9.75,978.5,NA
2026-05-04 21:00:00,18.0,88.0,2.75,32.5,19.5,38.0,3.0,1.0,30.0,0.0,1.0,NA,0.0,0.0,0.0,28.0,61.5,0.0,150.5,0.0,0.0,9.5,978.25,NA
2026-05-04 22:00:00,22.0,83.0,5.0,33.5,22.0,37.0,3.25,0.75,21.5,0.0,1.0,NA,0.0,0.0,0.0,26.25,74.25,0.75,133.75,0.75,3.0,10.0,979.0,NA
2026-05-04 23:00:00,20.0,59.0,3.0,27.0,16.75,37.5,2.25,0.0,19.0,0.0,0.5,NA,0.0,0.0,0.0,23.5,86.5,0.5,108.75,2.0,8.0,10.0,979.0,NA
2026-05-05 00:00:00,18.0,36.0,2.0,24.5,14.5,38.5,1.75,0.0,18.75,0.0,0.0,NA,0.0,0.0,0.0,24.75,77.0,0.0,119.25,1.75,7.0,9.5,979.0,NA
2026-05-05 01:00:00,16.0,27.0,3.5,34.0,21.0,34.75,1.5,0.0,16.0,0.0,0.25,NA,0.0,0.0,0.0,26.0,69.25,0.0,128.25,0.0,0.0,9.0,979.0,NA
2026-05-05 02:00:00,13.0,38.0,5.0,40.0,25.5,33.5,2.5,0.0,16.0,0.0,0.5,NA,0.0,0.0,0.0,26.0,64.25,0.0,133.5,0.0,0.0,9.25,978.25,NA
2026-05-05 03:00:00,20.0,72.0,9.75,46.0,32.75,32.0,2.25,0.0,8.75,0.0,0.75,NA,0.0,0.0,0.0,26.0,74.25,0.0,131.75,0.0,0.0,9.0,978.0,NA
2026-05-05 04:00:00,24.0,79.0,11.5,38.25,30.0,39.75,4.0,0.0,8.25,0.0,1.5,NA,0.0,0.0,0.0,25.75,72.25,0.5,127.0,0.0,0.0,9.0,978.0,NA
2026-05-05 05:00:00,44.0,89.0,4.75,31.75,21.0,38.75,4.75,0.0,10.5,0.0,1.25,NA,0.0,0.0,0.0,25.0,74.5,0.0,123.25,0.0,0.0,9.75,978.75,NA
2026-05-05 06:00:00,59.0,107.0,6.0,32.25,22.5,42.5,5.25,0.0,11.25,0.0,1.0,NA,0.0,0.0,0.0,25.0,76.75,0.25,123.25,0.0,0.0,29.25,978.0,NA
2026-05-05 07:00:00,56.0,114.0,5.75,33.5,22.75,39.5,5.0,1.0,11.5,0.0,0.0,NA,0.0,0.0,0.0,25.75,77.75,0.0,130.5,0.0,0.0,133.75,978.5,NA
2026-05-05 08:00:00,64.0,116.0,4.5,26.5,18.0,43.25,6.25,1.0,15.5,0.0,0.0,NA,0.0,0.0,0.0,28.75,66.75,0.0,155.5,0.0,0.0,394.25,978.0,NA
2026-05-05 09:00:00,62.0,111.0,3.5,23.75,15.5,42.75,8.0,0.25,22.25,0.0,0.0,NA,0.0,0.0,0.0,30.25,59.0,0.5,173.25,0.0,0.0,456.75,978.0,NA
2026-05-05 10:00:00,44.0,90.0,3.25,26.75,17.5,39.5,7.0,0.5,31.5,0.0,0.0,NA,0.0,0.0,0.0,31.25,54.75,0.25,183.25,0.0,0.0,524.0,978.0,NA
2026-05-05 11:00:00,51.0,103.0,4.0,25.5,16.75,39.5,8.0,0.0,42.5,0.0,1.0,NA,0.0,0.0,0.0,32.25,51.75,0.75,190.0,0.0,0.0,686.75,978.0,NA
2026-05-05 12:00:00,46.0,90.0,2.67,24.75,14.5,38.75,6.75,0.0,50.5,0.0,0.0,NA,0.0,0.0,0.0,33.0,48.0,0.75,198.25,0.0,0.0,718.25,978.0,NA
2026-05-05 13:00:00,36.0,86.0,2.5,26.25,16.0,39.75,5.0,0.0,58.5,0.0,0.25,NA,0.0,0.0,0.0,34.0,45.5,0.75,205.0,0.0,0.0,607.0,978.0,NA
2026-05-05 14:00:00,40.0,90.0,1.67,27.5,15.75,40.0,4.75,0.0,60.75,0.0,1.25,NA,0.0,0.0,0.0,33.75,45.0,0.0,203.0,0.0,0.0,332.0,978.0,NA
2026-05-05 15:00:00,35.0,89.0,3.25,28.0,17.75,40.25,3.25,0.0,53.5,0.0,1.0,NA,0.0,0.0,0.0,31.75,48.5,0.0,186.25,0.0,0.0,224.0,978.0,NA
2026-05-05 16:00:00,44.0,99.0,4.33,25.0,16.0,40.5,3.75,0.0,56.25,0.0,1.75,NA,0.0,0.0,0.5,32.5,47.0,0.0,193.5,0.0,0.0,222.25,978.0,NA
2026-05-05 17:00:00,41.0,92.0,3.0,29.67,17.0,41.67,4.0,0.0,50.67,0.0,1.0,NA,0.0,0.0,0.0,32.67,46.67,0.0,193.0,0.0,0.0,113.67,978.0,NA
2026-05-05 18:00:00,44.0,107.0,2.5,31.75,19.25,39.5,4.0,0.0,45.0,0.0,1.25,NA,0.0,0.0,0.0,30.75,50.0,0.0,178.75,0.0,0.0,34.0,977.5,NA
2026-05-05 19:00:00,41.0,118.0,3.5,32.0,20.25,40.75,4.75,0.0,39.5,0.0,4.5,NA,0.0,0.75,0.0,30.5,53.25,0.5,171.75,0.0,0.0,10.0,976.25,NA
2026-05-05 20:00:00,41.0,174.0,4.25,21.75,15.25,42.5,3.5,0.0,42.0,0.0,0.75,NA,0.0,0.0,0.0,28.25,55.0,1.25,154.0,0.0,0.0,9.0,974.75,NA
2026-05-05 21:00:00,27.0,97.0,2.25,26.5,16.25,41.25,1.5,0.0,45.5,0.0,0.0,NA,0.0,0.0,0.0,28.0,45.5,0.5,150.75,0.0,0.0,9.0,974.25,NA
2026-05-05 22:00:00,30.0,95.0,3.0,39.25,23.25,38.75,2.25,0.0,34.25,0.0,0.25,NA,0.0,0.0,0.0,28.75,36.75,0.0,156.0,0.0,0.0,9.75,974.0,NA
2026-05-05 23:00:00,29.0,92.0,3.0,57.75,33.25,35.25,3.0,0.0,18.25,0.0,1.0,NA,0.0,0.0,0.0,29.0,30.5,0.0,158.0,0.0,0.0,9.0,974.25,NA
2026-05-06 00:00:00,44.0,138.0,9.5,67.75,44.0,30.75,5.75,0.5,7.25,1.75,2.25,NA,0.5,0.0,0.75,29.0,29.25,0.0,157.5,0.0,0.0,9.25,974.0,NA
2026-05-06 01:00:00,58.0,175.0,7.25,41.5,28.0,42.25,7.75,0.0,13.5,1.0,1.75,NA,0.25,0.0,0.5,28.0,25.5,0.0,153.5,0.0,0.0,9.0,974.25,NA
2026-05-06 02:00:00,45.0,89.0,5.0,35.0,23.0,38.5,4.0,0.0,20.5,0.0,0.0,NA,0.0,0.0,0.0,28.0,21.25,0.0,150.25,0.0,0.0,9.0,974.0,NA
2026-05-06 03:00:00,40.0,80.0,6.25,52.75,33.5,35.25,3.5,0.0,11.75,0.0,0.0,NA,0.0,0.0,0.0,28.0,21.75,0.0,149.75,0.0,0.0,9.25,974.0,NA
2026-05-06 04:00:00,51.0,116.0,10.25,54.5,37.5,34.75,3.75,0.0,6.0,0.0,0.75,NA,0.0,0.0,0.0,28.0,22.0,0.0,148.75,0.0,0.0,9.25,974.0,NA
2026-05-06 05:00:00,69.0,112.0,9.5,57.5,38.25,29.0,3.75,0.5,6.25,0.0,0.25,NA,0.0,0.0,0.0,28.0,22.0,0.0,147.5,0.0,0.0,10.5,974.0,NA
2026-05-06 06:00:00,77.0,163.0,24.5,60.75,52.5,29.25,5.75,1.0,4.75,1.0,2.25,NA,0.0,0.0,0.0,28.0,21.0,0.0,152.0,0.0,0.0,39.5,974.0,NA
2026-05-06 07:00:00,101.0,212.0,18.75,64.25,49.5,28.25,8.5,1.0,7.25,1.0,8.5,NA,0.0,0.75,0.25,30.5,21.25,0.0,172.0,0.0,0.0,222.5,974.0,NA
2026-05-06 08:00:00,102.0,254.0,8.25,58.25,37.75,41.0,12.0,1.0,24.75,1.0,8.75,NA,0.0,1.0,1.0,32.5,20.5,0.0,193.5,0.0,0.0,400.25,975.0,NA
2026-05-06 09:00:00,106.0,287.0,3.75,47.0,28.25,38.75,12.75,1.0,46.75,1.0,5.25,NA,0.0,0.75,0.0,34.25,21.0,0.0,209.25,0.0,0.0,486.25,974.0,NA
2026-05-06 10:00:00,91.0,216.0,3.5,31.25,20.25,38.75,11.5,1.0,59.0,0.25,2.25,NA,0.0,0.0,0.0,35.25,21.0,0.0,220.5,0.0,0.0,676.5,974.25,NA
2026-05-06 11:00:00,61.0,135.0,NA,28.0,14.0,38.0,9.0,1.0,74.0,0.0,1.0,NA,0.0,0.0,0.0,36.75,20.5,0.0,232.75,0.0,0.0,769.25,974.75,NA
2026-05-06 12:00:00,46.0,121.0,4.0,24.75,16.75,42.0,8.25,1.0,79.5,0.0,1.25,NA,0.0,0.0,0.0,36.75,18.25,0.5,232.0,0.0,0.0,735.0,974.0,NA
2026-05-06 13:00:00,46.0,113.0,2.75,26.75,16.5,37.5,9.0,1.0,86.75,0.0,3.75,NA,0.75,0.5,1.0,37.0,18.0,0.0,238.0,0.0,0.0,640.25,973.75,NA
2026-05-06 14:00:00,47.0,107.0,3.25,22.75,15.0,37.0,8.0,0.0,84.0,0.0,1.75,NA,0.0,0.0,0.25,37.25,18.25,0.25,236.5,0.0,0.0,506.25,972.75,NA
2026-05-06 15:00:00,47.0,112.0,1.25,24.75,14.25,36.0,7.0,0.0,82.0,0.0,1.75,NA,0.0,0.0,0.0,37.0,19.0,0.25,237.25,0.0,0.0,385.75,973.75,NA
2026-05-06 16:00:00,55.0,107.0,2.25,26.0,16.0,34.25,7.25,0.0,83.25,0.0,0.75,NA,0.0,0.0,0.0,37.0,19.0,0.0,237.0,0.0,0.0,228.5,973.25,NA
2026-05-06 17:00:00,41.0,119.0,3.75,29.5,18.5,33.5,7.0,0.25,77.0,0.0,1.0,NA,0.0,0.0,0.0,36.5,19.0,0.0,230.75,0.0,0.0,96.75,973.5,NA
2026-05-06 18:00:00,51.0,134.0,3.0,40.5,24.0,39.5,7.0,0.5,62.5,0.0,1.5,NA,0.0,0.0,0.0,34.5,19.0,0.0,213.5,0.0,0.0,33.0,974.25,NA
2026-05-06 19:00:00,46.0,144.0,3.33,64.33,37.0,35.0,8.0,1.0,40.25,0.25,3.0,NA,0.25,0.5,0.75,32.75,19.0,0.0,196.75,0.0,0.0,10.25,974.5,NA
2026-05-06 20:00:00,70.0,219.0,4.75,81.0,47.0,33.25,11.25,1.5,28.0,0.5,4.25,NA,0.75,1.0,1.25,32.0,19.0,0.0,191.25,0.0,0.0,9.0,975.0,NA
2026-05-06 21:00:00,118.0,323.0,4.5,87.25,50.0,30.5,15.0,2.0,17.0,1.25,5.25,NA,2.0,2.25,3.0,32.0,19.0,0.0,190.0,0.0,0.0,9.75,974.0,NA
2026-05-06 22:00:00,116.0,333.0,4.75,61.5,36.5,33.75,15.0,1.25,33.5,1.75,8.5,NA,3.25,3.0,3.25,31.5,19.0,0.75,184.0,0.0,0.0,9.5,972.75,NA
2026-05-06 23:00:00,66.0,288.0,4.5,33.5,19.0,38.5,8.25,0.0,51.5,0.0,0.75,NA,0.25,0.25,0.25,30.0,19.25,0.75,167.5,0.0,0.0,9.0,973.0,NA
2026-05-07 00:00:00,48.0,101.0,3.25,40.25,24.25,36.25,6.75,0.0,42.25,0.0,0.0,NA,0.0,0.0,0.0,30.0,19.0,0.25,167.25,0.0,0.0,9.5,973.0,NA
2026-05-07 01:00:00,46.0,100.0,2.25,39.75,23.5,37.5,6.75,0.0,40.75,0.0,0.0,NA,0.0,0.0,0.0,30.0,20.0,0.0,169.75,0.0,0.0,9.0,973.25,NA
2026-05-07 02:00:00,67.0,125.0,2.0,47.0,26.5,40.5,8.5,0.0,34.0,0.5,1.75,NA,0.0,0.0,0.0,30.0,20.25,0.0,172.0,0.0,0.0,9.25,974.75,NA
2026-05-07 03:00:00,50.0,110.0,3.25,35.75,21.75,48.0,9.25,0.0,41.75,0.0,3.0,NA,0.0,0.0,0.0,30.0,20.0,0.0,169.75,0.0,0.0,9.0,974.25,NA
2026-05-07 04:00:00,42.0,83.0,3.25,42.0,25.25,43.75,9.75,0.0,37.75,0.0,2.5,NA,0.0,0.0,0.0,30.0,19.0,0.0,167.25,0.0,0.0,9.5,974.5,NA
2026-05-07 05:00:00,27.0,84.0,3.5,44.5,26.75,43.0,7.75,0.0,36.75,0.0,0.5,NA,0.0,0.0,0.0,29.5,20.0,0.0,165.0,0.0,0.0,10.25,974.5,NA
2026-05-07 06:00:00,40.0,100.0,4.0,49.0,29.33,30.0,6.33,0.0,31.33,0.0,0.33,NA,0.0,0.0,0.0,29.67,20.67,0.0,164.67,0.0,0.0,43.67,973.0,NA
2026-05-07 07:00:00,41.0,114.0,5.5,42.5,26.75,31.0,6.5,0.0,35.75,0.0,0.0,NA,0.0,0.0,0.0,30.5,21.75,0.0,174.75,0.0,0.0,190.75,972.5,NA
2026-05-07 08:00:00,25.0,105.0,2.5,39.75,23.0,36.75,11.75,0.25,42.75,0.0,0.25,NA,0.0,0.0,0.0,32.25,21.0,1.0,191.25,0.0,0.0,383.75,972.75,NA
2026-05-07 09:00:00,48.0,175.0,3.75,35.75,22.0,41.75,10.25,0.0,53.25,0.0,0.5,NA,0.0,0.0,0.0,33.25,20.75,1.25,198.5,0.0,0.0,489.75,973.25,NA
2026-05-07 10:00:00,40.0,138.0,3.5,32.5,20.25,45.0,7.75,0.0,58.25,0.0,0.0,NA,0.0,0.0,0.0,34.5,20.5,1.0,214.0,0.0,0.0,681.5,975.0,NA
2026-05-07 11:00:00,29.0,135.0,2.75,30.75,19.0,45.5,8.75,0.0,66.5,0.0,0.75,NA,0.0,0.0,0.0,35.0,19.5,1.75,218.75,0.0,0.0,729.25,975.0,NA
2026-05-07 12:00:00,39.0,146.0,5.0,30.25,20.25,42.0,10.5,0.0,60.75,0.0,0.5,NA,0.0,0.0,0.0,34.5,19.25,2.5,209.75,0.0,0.0,717.75,974.75,NA
2026-05-07 13:00:00,31.0,140.0,3.5,26.75,17.25,40.75,5.75,0.0,61.0,0.0,0.0,NA,0.0,0.0,0.0,34.75,19.0,2.0,213.0,0.0,0.0,663.25,974.25,NA
2026-05-07 14:00:00,29.0,147.0,2.75,28.25,17.25,35.5,10.5,0.0,64.5,0.0,0.5,NA,0.0,0.0,0.0,35.0,19.0,2.0,219.25,0.0,0.0,557.75,972.75,NA
2026-05-07 15:00:00,27.0,110.0,4.25,27.0,18.0,35.25,8.5,0.0,67.5,0.0,0.5,NA,0.0,0.0,0.0,35.0,18.5,1.25,220.25,0.0,0.0,411.25,973.0,NA
2026-05-07 16:00:00,30.0,91.0,1.5,24.0,14.5,36.0,5.0,0.0,68.25,0.0,0.25,NA,0.0,0.0,0.0,35.0,18.25,1.5,218.75,0.0,0.0,253.0,973.0,NA
2026-05-07 17:00:00,33.0,80.0,4.0,26.75,17.75,36.0,5.5,0.0,63.0,0.0,1.0,NA,0.0,0.0,0.0,34.5,18.0,1.0,211.5,0.0,0.0,98.25,973.25,NA
2026-05-07 18:00:00,29.0,92.0,3.75,26.5,17.25,43.0,6.25,0.0,58.5,0.0,1.0,NA,0.0,0.0,0.0,32.5,18.0,1.0,193.25,0.0,0.0,32.75,975.0,NA
2026-05-07 19:00:00,25.0,78.0,2.5,35.5,21.5,45.25,7.25,0.0,51.75,0.0,1.0,NA,0.0,0.0,0.0,31.5,18.0,1.0,183.5,0.0,0.0,10.5,975.0,NA
2026-05-07 20:00:00,38.0,92.0,4.25,41.0,25.5,44.0,9.75,0.5,41.25,0.0,1.25,NA,0.0,0.0,0.25,31.0,18.75,0.75,177.25,0.0,0.0,9.75,975.0,NA
2026-05-07 21:00:00,44.0,112.0,1.67,43.0,24.0,42.0,13.25,0.75,34.75,0.0,2.0,NA,0.0,0.0,0.0,30.0,19.0,0.0,171.25,0.0,0.0,9.75,974.5,NA
2026-05-07 22:00:00,45.0,113.0,3.25,32.75,20.0,40.25,8.0,0.0,39.5,0.0,1.25,NA,0.0,0.0,0.0,30.0,19.0,0.25,169.25,0.0,0.0,9.0,973.0,NA
2026-05-07 23:00:00,40.0,97.0,4.25,35.5,22.5,37.75,6.5,0.25,32.25,0.0,1.0,NA,0.0,0.0,0.0,29.75,19.0,0.0,165.5,0.0,0.0,9.25,973.5,NA
2026-05-08 00:00:00,44.0,114.0,4.0,39.0,23.75,35.75,5.25,0.25,25.75,0.0,0.75,NA,0.0,0.0,0.0,29.0,19.0,0.0,162.75,0.0,0.0,9.0,973.25,NA
2026-05-08 01:00:00,44.0,108.0,3.0,43.75,26.0,34.5,6.0,0.0,18.75,0.0,0.5,NA,0.0,0.0,0.0,29.0,19.75,0.0,161.75,0.0,0.0,9.25,973.25,NA
2026-05-08 02:00:00,51.0,113.0,2.5,41.5,24.0,40.5,5.5,0.0,14.5,0.0,1.0,NA,0.0,0.0,0.0,29.0,18.75,0.0,160.25,0.0,0.0,9.75,975.0,NA
2026-05-08 03:00:00,51.0,114.0,1.33,42.75,23.75,44.75,6.75,0.0,16.25,0.0,1.5,NA,0.0,0.0,0.0,28.75,18.75,0.75,157.75,0.0,0.0,9.25,975.0,NA
2026-05-08 04:00:00,100.0,160.0,3.75,38.25,23.5,44.0,7.25,0.0,16.5,1.0,1.25,NA,0.0,0.0,0.0,28.0,19.0,0.75,152.75,0.0,0.0,9.0,974.75,NA
2026-05-08 05:00:00,81.0,125.0,6.25,43.0,28.25,37.75,7.5,1.0,9.75,1.0,1.0,NA,0.0,0.0,0.0,28.0,19.0,0.0,151.5,0.0,0.0,10.5,974.5,NA
2026-05-08 06:00:00,95.0,166.0,5.75,40.0,26.0,38.5,7.75,0.25,12.5,0.75,1.0,NA,0.0,0.0,0.0,28.5,19.25,0.25,155.25,0.0,0.0,40.25,973.75,NA
2026-05-08 07:00:00,57.0,116.0,5.5,31.25,21.25,35.25,7.75,0.25,20.5,0.0,0.25,NA,0.0,0.0,0.0,30.0,20.0,0.75,168.75,0.0,0.0,191.5,973.5,NA
2026-05-08 08:00:00,52.0,122.0,4.5,33.0,21.5,35.25,9.75,1.0,25.0,0.0,0.0,NA,0.0,0.0,0.0,31.75,19.75,1.0,186.25,0.0,0.0,390.5,974.0,NA
2026-05-08 09:00:00,70.0,224.0,3.75,29.75,19.0,35.5,9.75,0.5,36.25,0.0,0.75,NA,0.0,0.0,0.0,33.25,19.25,1.0,202.0,0.0,0.0,493.25,973.75,NA
2026-05-08 10:00:00,44.0,124.0,3.25,27.0,17.25,42.75,8.25,0.0,48.0,0.0,0.25,NA,0.0,0.0,0.0,35.0,19.0,1.0,215.75,0.0,0.0,682.0,975.0,NA
2026-05-08 11:00:00,40.0,111.0,3.0,25.75,16.25,43.25,6.75,0.0,55.75,0.0,0.5,NA,0.0,0.0,0.0,36.0,18.75,1.0,225.75,0.0,0.0,745.5,975.0,NA
2026-05-08 12:00:00,35.0,122.0,3.25,26.25,16.5,40.0,6.25,0.0,65.25,0.0,0.75,NA,0.0,0.0,0.0,36.5,17.5,1.0,230.25,0.0,0.0,728.5,974.0,NA
2026-05-08 13:00:00,30.0,111.0,3.5,24.75,16.5,40.25,5.5,0.0,66.75,0.0,0.5,NA,0.0,0.0,0.0,37.0,18.0,1.25,235.75,0.0,0.0,670.75,974.0,NA
2026-05-08 14:00:00,29.0,102.0,4.25,21.0,14.75,39.25,4.75,0.0,66.25,0.0,0.0,NA,0.0,0.0,0.0,37.0,17.75,1.0,239.5,0.0,0.0,556.25,973.25,NA
2026-05-08 15:00:00,24.0,100.0,3.25,23.5,14.75,36.0,5.0,0.0,65.75,0.0,0.5,NA,0.0,0.0,0.0,37.5,17.0,1.0,239.75,0.0,0.0,404.5,973.0,NA
2026-05-08 16:00:00,22.0,92.0,2.75,20.25,13.25,34.0,4.5,0.0,67.0,0.0,0.25,NA,0.0,0.0,0.0,37.0,17.0,0.75,236.5,0.0,0.0,245.75,973.0,NA
2026-05-08 17:00:00,40.0,103.0,2.25,24.75,14.75,33.5,5.25,0.0,64.0,0.0,0.5,NA,0.0,0.0,0.0,36.5,17.5,0.0,231.0,0.0,0.0,96.0,973.0,NA
2026-05-08 18:00:00,38.0,113.0,3.75,30.5,19.25,37.5,5.0,0.0,56.5,0.0,1.0,NA,0.0,0.0,0.0,34.5,18.0,0.25,212.5,0.0,0.0,34.5,974.75,NA
2026-05-08 19:00:00,30.0,128.0,2.75,31.25,19.0,37.75,6.75,0.0,48.75,0.0,0.75,NA,0.0,0.0,0.0,33.25,18.0,1.0,201.25,0.0,0.0,10.75,974.75,NA
2026-05-08 20:00:00,45.0,130.0,2.25,40.5,23.5,37.75,7.0,1.0,37.5,0.0,0.5,NA,0.0,0.0,0.0,33.0,18.25,0.5,195.0,0.0,0.0,9.5,974.25,NA
2026-05-08 21:00:00,57.0,141.0,2.5,50.5,28.25,38.5,7.5,1.0,29.75,0.0,1.0,NA,0.0,0.0,0.25,32.0,18.0,0.0,190.5,0.0,0.0,9.5,974.25,NA
2026-05-08 22:00:00,57.0,149.0,3.5,44.75,26.5,32.0,12.0,1.0,27.75,0.0,2.75,NA,0.0,0.25,1.0,32.0,18.25,0.0,187.25,0.0,0.0,9.5,973.0,NA
2026-05-08 23:00:00,58.0,144.0,3.5,43.5,25.75,30.25,14.0,1.0,25.5,0.0,3.25,NA,0.0,0.0,0.0,32.0,16.5,0.0,185.0,0.0,0.0,9.25,973.5,NA
2026-05-09 00:00:00,53.0,136.0,3.75,60.25,35.75,24.75,18.5,1.0,17.5,0.0,2.25,NA,0.0,0.0,0.0,31.25,16.0,0.0,182.5,0.0,0.0,9.75,973.5,NA
2026-05-09 01:00:00,68.0,158.0,4.5,59.75,35.25,25.75,14.75,1.0,16.0,0.5,2.75,NA,0.0,0.0,0.0,31.0,16.0,0.0,180.0,0.0,0.0,9.0,973.75,NA
2026-05-09 02:00:00,63.0,145.0,6.0,67.0,41.0,31.0,13.5,0.5,12.0,0.0,3.0,NA,0.0,0.0,0.0,31.0,16.0,0.0,177.5,0.0,0.0,9.5,975.0,NA
2026-05-09 03:00:00,105.0,215.0,8.75,66.0,42.25,37.5,13.25,1.0,9.25,1.0,3.25,NA,0.0,0.0,0.0,30.5,16.25,0.0,174.75,0.0,0.0,9.5,975.0,NA
2026-05-09 04:00:00,133.0,244.0,6.0,44.0,28.5,43.0,14.5,1.0,14.0,1.0,2.75,NA,0.0,0.0,0.0,30.0,15.75,0.0,172.75,0.0,0.0,9.5,975.0,NA
2026-05-09 05:00:00,103.0,174.0,5.0,54.5,33.25,33.75,12.75,1.0,10.75,1.0,0.5,NA,0.0,0.0,0.0,30.0,15.5,0.0,169.5,0.0,0.0,10.5,975.0,NA
2026-05-09 06:00:00,96.0,193.0,12.75,59.0,42.0,26.75,12.25,1.0,7.5,1.0,1.0,NA,0.0,0.0,0.0,30.25,16.0,0.0,171.25,0.0,0.0,41.25,973.5,NA
2026-05-09 07:00:00,96.0,207.0,7.0,49.0,32.0,28.0,17.0,1.0,14.25,1.0,2.75,NA,0.0,0.0,0.0,32.0,16.0,0.0,187.5,0.0,0.0,188.0,973.0,NA
2026-05-09 08:00:00,70.0,172.0,4.5,35.0,22.25,30.5,17.25,1.0,29.75,0.5,1.75,NA,0.0,0.0,0.0,34.0,16.0,0.25,204.75,0.0,0.0,373.25,973.25,NA
2026-05-09 09:00:00,55.0,149.0,3.67,28.5,17.25,33.25,12.75,0.75,43.25,0.0,0.25,NA,0.0,0.0,0.0,35.0,15.75,1.0,216.25,0.0,0.0,475.25,973.25,NA
2026-05-09 10:00:00,62.0,125.0,3.5,27.5,18.0,37.5,11.25,0.25,50.75,0.0,0.25,NA,0.0,0.0,0.0,36.0,15.75,0.75,227.25,0.0,0.0,648.25,974.5,NA
2026-05-09 11:00:00,58.0,172.0,3.25,23.25,15.25,41.0,16.0,0.5,58.25,0.25,1.25,NA,0.0,0.0,0.25,36.75,16.0,0.75,232.25,0.0,0.0,707.0,975.0,NA
2026-05-09 12:00:00,48.0,118.0,1.75,22.5,13.5,29.5,15.5,0.0,67.75,0.0,0.25,NA,0.0,0.0,0.0,37.25,16.0,0.75,238.25,0.0,0.0,712.25,974.75,NA
2026-05-09 13:00:00,45.0,113.0,2.67,24.67,15.33,28.0,14.0,0.0,74.75,0.0,0.5,NA,0.0,0.0,0.0,37.75,16.5,1.0,242.75,0.0,0.0,650.5,975.0,NA
2026-05-09 14:00:00,41.0,113.0,2.75,26.25,16.0,31.0,7.25,0.0,75.25,NA,NA,NA,NA,NA,NA,38.25,16.25,0.5,248.5,0.0,0.0,546.75,973.25,NA
2026-05-09 15:00:00,47.0,113.0,5.0,29.75,18.5,32.5,6.5,0.0,79.75,NA,NA,NA,NA,NA,NA,38.0,16.75,0.5,244.25,0.0,0.0,399.5,973.75,NA
2026-05-09 16:00:00,47.0,113.0,3.5,34.25,21.25,33.5,8.0,0.0,81.25,NA,NA,NA,NA,NA,NA,37.75,17.25,0.0,245.0,0.0,0.0,215.25,973.75,NA
2026-05-09 17:00:00,57.0,119.0,3.67,37.0,21.5,34.25,8.5,0.0,76.5,NA,NA,NA,NA,NA,NA,36.5,16.25,0.0,233.0,0.0,0.0,91.0,973.25,NA
2026-05-09 18:00:00,64.0,123.0,6.0,23.0,17.0,36.0,7.0,0.0,62.0,0.0,0.0,NA,0.0,0.0,0.0,35.0,17.0,0.0,217.0,0.0,0.0,20.0,975.0,NA
2026-05-09 19:00:00,74.0,146.0,4.0,30.25,19.0,35.75,6.75,0.0,55.75,0.0,0.0,NA,0.0,0.0,0.0,34.25,17.0,0.25,210.5,0.0,0.0,11.0,975.0,NA
2026-05-09 20:00:00,75.0,188.0,2.33,48.0,27.67,32.0,9.5,1.0,40.25,0.0,1.0,NA,0.0,0.0,0.0,33.75,18.25,0.0,205.0,0.0,0.0,10.0,975.0,NA
2026-05-09 21:00:00,91.0,224.0,2.75,58.5,33.75,31.0,11.0,1.0,26.0,0.0,2.0,NA,0.0,0.0,0.0,33.0,19.75,0.0,199.5,0.0,0.0,10.0,975.0,NA
2026-05-09 22:00:00,99.0,229.0,4.33,53.33,32.33,30.33,16.0,1.0,26.0,0.0,3.5,NA,0.0,0.0,0.0,33.0,18.25,0.0,197.5,0.0,0.0,10.0,974.25,NA
2026-05-09 23:00:00,81.0,199.0,5.0,51.0,30.25,21.75,13.75,1.0,21.0,0.0,3.25,NA,0.0,0.0,0.0,32.75,17.0,0.0,193.75,0.0,0.0,9.75,973.75,NA
2026-05-10 00:00:00,85.0,193.0,3.33,51.5,29.25,22.25,11.0,1.0,18.5,0.0,2.75,NA,0.0,0.0,0.0,32.0,18.0,0.0,190.5,0.0,0.0,10.0,973.5,NA
2026-05-10 01:00:00,78.0,169.0,5.0,45.5,28.25,23.25,9.0,0.75,21.75,0.0,1.5,NA,0.0,0.0,0.0,32.0,19.0,0.0,187.75,0.0,0.0,10.0,974.0,NA
2026-05-10 02:00:00,74.0,144.0,4.0,49.0,29.5,28.0,6.5,0.5,20.25,0.0,1.0,NA,0.0,0.0,0.0,32.0,16.75,0.0,185.75,0.0,0.0,9.75,974.75,NA
2026-05-10 03:00:00,51.0,129.0,4.5,42.75,26.25,39.25,6.5,0.0,24.0,0.0,0.75,NA,0.0,0.0,0.0,31.25,16.0,0.0,183.5,0.0,0.0,10.0,975.0,NA
2026-05-10 04:00:00,66.0,145.0,2.75,43.5,25.75,36.75,7.75,0.0,20.75,0.0,1.75,NA,0.0,0.0,0.0,31.0,17.5,0.0,182.25,0.0,0.0,10.0,975.0,NA
2026-05-10 05:00:00,55.0,145.0,2.75,39.5,23.75,36.5,7.5,0.0,23.5,0.0,2.0,NA,0.0,0.0,0.0,31.0,17.5,0.0,180.25,0.0,0.0,11.0,975.0,NA
2026-05-10 06:00:00,51.0,136.0,3.75,42.75,26.0,30.25,7.5,0.0,22.25,0.0,0.5,NA,0.0,0.0,0.0,31.0,17.0,0.0,181.0,0.0,0.0,40.75,974.25,NA
2026-05-10 07:00:00,66.0,158.0,5.0,38.75,24.75,24.25,9.5,0.25,25.5,0.0,0.0,NA,0.0,0.0,0.0,32.5,16.5,0.0,193.25,0.0,0.0,184.0,973.75,NA
2026-05-10 08:00:00,72.0,149.0,5.75,32.75,22.5,25.25,10.75,0.5,33.25,0.0,0.0,NA,0.0,0.0,0.0,34.0,16.5,0.5,205.25,0.0,0.0,360.25,973.25,NA
2026-05-10 09:00:00,56.0,136.0,3.0,26.0,16.5,25.5,11.75,0.0,41.5,0.0,0.0,NA,0.0,0.0,0.0,35.5,17.0,1.0,220.25,0.0,0.0,454.75,973.25,NA
2026-05-10 10:00:00,45.0,129.0,3.0,26.75,16.75,32.0,16.0,0.0,52.5,0.0,0.0,NA,0.0,0.0,0.0,36.25,17.0,1.0,230.25,0.0,0.0,620.25,974.75,NA
2026-05-10 11:00:00,40.0,127.0,3.33,24.67,16.0,38.67,12.67,0.0,62.67,0.0,0.33,NA,0.0,0.0,0.0,37.33,16.0,1.0,239.67,0.0,0.0,686.0,975.0,NA
2026-05-10 12:00:00,40.0,122.0,1.25,23.0,13.25,36.75,9.25,0.0,71.25,0.0,0.0,NA,0.0,0.0,0.0,37.75,15.0,1.0,241.0,0.0,0.0,645.25,975.0,NA
2026-05-10 13:00:00,41.0,121.0,2.25,22.0,14.0,34.0,8.0,0.0,72.75,0.0,0.0,NA,0.0,0.0,0.0,38.5,16.25,0.5,247.5,0.0,0.0,608.0,975.0,NA
2026-05-10 14:00:00,39.0,116.0,2.0,19.75,12.0,34.5,7.0,0.0,75.5,0.0,0.0,NA,0.0,0.0,0.0,38.25,16.5,1.0,247.75,0.0,0.0,433.5,975.0,NA
2026-05-10 15:00:00,41.0,119.0,3.33,22.67,14.67,27.67,5.33,0.0,77.67,0.0,0.33,NA,0.0,0.0,0.0,38.0,16.67,0.33,245.33,0.0,0.0,369.0,974.33,NA
2026-05-10 16:00:00,46.0,105.0,3.75,20.25,14.0,28.25,5.0,0.0,80.75,0.0,0.25,NA,0.0,0.0,0.0,38.0,15.75,0.0,247.25,0.0,0.0,199.0,974.0,NA
2026-05-10 17:00:00,44.0,125.0,3.75,23.5,15.75,29.25,5.0,0.0,77.5,0.0,0.0,NA,0.0,0.0,0.0,37.5,16.0,0.0,239.75,0.0,0.0,94.75,974.0,NA
2026-05-10 18:00:00,51.0,133.0,4.0,30.33,19.67,28.67,6.33,0.0,66.75,0.0,0.0,NA,0.0,0.0,0.0,35.75,17.0,0.0,225.0,0.0,0.0,36.0,974.75,NA
2026-05-10 19:00:00,38.0,163.0,2.67,38.67,22.67,31.33,7.67,0.25,52.75,0.0,0.25,NA,0.0,0.0,0.0,34.75,16.0,0.25,215.0,0.0,0.0,11.0,975.0,NA
2026-05-10 20:00:00,52.0,205.0,4.0,45.5,27.5,34.0,8.0,0.5,41.0,0.0,1.0,NA,0.0,0.0,0.0,34.0,16.0,0.0,209.0,0.0,0.0,10.0,975.0,NA
2026-05-10 21:00:00,77.0,206.0,4.0,48.75,29.5,32.0,15.25,0.0,37.25,0.0,1.75,NA,0.0,0.0,0.0,34.0,16.0,0.0,204.75,0.0,0.0,10.0,975.0,NA
2026-05-10 22:00:00,56.0,174.0,4.0,35.0,22.33,32.33,15.33,0.0,41.0,0.0,1.0,NA,0.0,0.0,0.0,33.67,16.0,0.0,202.67,0.0,0.0,10.0,974.67,NA
2026-05-10 23:00:00,58.0,158.0,1.67,50.67,28.33,19.33,24.33,0.0,31.25,0.0,0.75,NA,0.0,0.0,0.0,33.0,17.25,0.0,200.25,0.0,0.0,10.0,973.5,NA
2026-05-11 00:00:00,62.0,144.0,4.5,54.75,32.75,21.75,31.25,0.0,21.25,0.0,1.0,NA,0.0,0.0,0.0,33.0,14.25,0.0,196.75,0.0,0.0,10.0,973.25,NA
2026-05-11 01:00:00,57.0,141.0,2.25,34.0,20.0,25.5,20.0,0.0,29.25,0.0,0.5,NA,0.0,0.0,0.0,33.0,14.0,0.0,194.25,0.0,0.0,10.0,974.0,NA
2026-05-11 02:00:00,41.0,127.0,2.0,31.5,19.0,28.0,15.5,0.0,32.75,0.0,0.5,NA,0.0,0.0,0.0,32.5,14.0,0.0,192.75,0.0,0.0,10.0,974.75,NA
2026-05-11 03:00:00,40.0,112.0,4.5,32.67,19.33,36.33,16.67,0.0,34.75,0.0,0.0,NA,0.0,0.0,0.0,32.0,14.0,0.0,191.25,0.0,0.0,10.0,975.0,NA
2026-05-11 04:00:00,46.0,106.0,4.0,47.75,28.5,30.0,23.75,0.0,27.5,0.0,0.0,NA,0.0,0.0,0.0,32.0,14.75,0.0,189.0,0.0,0.0,10.0,975.0,NA
2026-05-11 05:00:00,53.0,113.0,4.5,36.75,23.0,33.75,14.25,0.0,29.75,0.0,0.25,NA,0.0,0.0,0.0,32.0,14.0,0.0,186.0,0.0,0.0,10.5,975.0,NA
2026-05-11 06:00:00,50.0,130.0,4.0,41.33,25.33,27.33,8.67,0.0,26.5,0.0,0.0,NA,0.0,0.0,0.0,32.0,14.0,0.0,186.0,0.0,0.0,29.75,974.5,NA
2026-05-11 07:00:00,89.0,180.0,3.75,48.5,29.25,21.75,11.75,0.0,23.5,0.0,0.0,NA,0.0,0.0,0.0,32.5,14.0,0.0,194.5,0.0,0.0,120.25,973.5,NA
2026-05-11 08:00:00,72.0,171.0,3.75,36.5,22.75,23.5,11.5,0.0,33.25,0.0,0.0,NA,0.0,0.0,0.0,34.25,14.0,0.0,208.25,0.0,0.0,261.0,973.5,NA
2026-05-11 09:00:00,59.0,202.0,3.0,34.0,20.5,21.5,12.25,0.0,39.75,0.0,0.0,NA,0.0,0.0,0.0,35.25,14.0,0.25,219.5,0.0,0.0,372.0,973.25,NA
2026-05-11 10:00:00,61.0,158.0,3.33,30.0,17.5,30.0,14.25,0.0,53.25,0.0,0.0,NA,0.0,0.0,0.0,36.0,13.5,0.25,226.75,0.0,0.0,377.75,974.25,NA
2026-05-11 11:00:00,44.0,133.0,2.75,31.5,19.0,32.0,15.5,0.0,61.5,0.0,0.5,NA,0.0,0.0,0.0,36.0,13.5,0.0,225.5,0.0,0.0,351.75,975.0,NA
2026-05-11 12:00:00,45.0,166.0,2.67,31.67,19.0,32.0,13.0,0.0,67.33,0.0,1.0,NA,0.0,0.0,0.0,36.33,13.0,0.67,229.67,0.0,0.0,304.33,975.0,NA
2026-05-11 13:00:00,47.0,155.0,2.67,29.33,17.67,30.33,9.33,0.0,76.5,0.0,0.0,NA,0.0,0.0,0.0,37.25,14.5,0.5,238.25,0.0,0.0,479.0,975.0,NA
2026-05-11 14:00:00,57.0,156.0,1.0,27.5,15.75,32.0,10.25,0.0,88.5,0.0,1.25,NA,0.0,0.0,0.0,38.5,14.0,0.25,250.0,0.0,0.0,469.75,975.0,NA
2026-05-11 15:00:00,66.0,171.0,3.75,26.75,17.5,29.0,7.75,0.0,88.75,0.0,1.0,NA,0.0,0.0,0.0,38.5,15.0,0.25,250.0,0.0,0.0,349.0,974.75,NA
2026-05-11 16:00:00,57.0,158.0,3.33,26.0,17.0,28.67,7.0,0.0,96.75,0.0,0.75,NA,0.0,0.0,0.0,38.25,14.75,0.0,248.0,0.0,0.0,205.25,974.25,NA
2026-05-11 17:00:00,56.0,161.0,2.0,30.0,18.0,28.0,6.5,0.0,93.25,0.0,0.75,NA,0.0,0.0,0.0,37.75,14.0,0.0,242.75,0.0,0.0,92.5,974.25,NA
2026-05-11 18:00:00,57.0,161.0,1.0,32.67,17.67,24.67,6.67,0.0,84.5,0.0,1.0,NA,0.0,0.0,0.0,36.5,14.0,0.0,229.75,0.0,0.0,35.0,974.75,NA
2026-05-11 19:00:00,67.0,266.0,3.0,48.0,28.33,25.0,8.0,1.0,75.25,0.0,1.5,NA,0.0,0.0,0.0,35.25,14.0,0.0,218.5,0.0,0.0,10.75,975.0,NA
2026-05-11 20:00:00,68.0,229.0,3.0,53.25,31.0,28.25,10.25,1.0,52.5,0.0,3.5,NA,0.0,0.0,0.0,34.75,14.0,0.0,213.25,0.0,0.0,10.0,975.0,NA
2026-05-11 21:00:00,97.0,326.0,3.0,65.25,37.25,28.0,15.0,2.0,31.25,0.75,3.0,NA,0.25,0.75,0.75,34.0,14.0,0.0,209.5,0.0,0.0,10.0,975.0,NA
2026-05-11 22:00:00,127.0,346.0,4.0,63.25,36.75,26.0,20.25,1.0,28.0,1.0,3.25,NA,0.5,1.0,0.75,34.0,14.0,0.0,208.0,0.0,0.0,10.0,974.5,NA
2026-05-11 23:00:00,133.0,332.0,7.75,68.0,43.0,18.0,18.5,1.75,14.75,1.0,3.25,NA,0.0,0.25,0.25,33.75,14.0,0.0,204.0,0.0,0.0,10.0,973.75,NA
2026-05-12 00:00:00,164.0,364.0,4.75,65.5,39.0,19.0,20.0,1.25,15.5,1.0,4.75,NA,0.0,1.0,1.0,33.0,14.25,0.0,200.25,0.0,0.0,10.0,973.25,NA
2026-05-12 01:00:00,96.0,237.0,5.5,54.0,33.75,19.75,14.75,1.0,18.0,0.25,2.75,NA,0.0,0.0,0.0,33.0,14.25,0.0,197.25,0.0,0.0,10.0,973.75,NA
2026-05-12 02:00:00,97.0,212.0,1.0,46.0,25.0,24.5,10.5,0.5,21.75,0.0,2.0,NA,0.0,0.0,0.0,33.0,15.5,0.0,195.5,0.0,0.0,10.0,974.5,NA
2026-05-12 03:00:00,72.0,166.0,3.0,39.5,23.5,34.0,8.25,0.0,25.75,0.0,2.75,NA,0.0,0.0,0.0,32.5,14.0,0.0,193.0,0.0,0.0,10.0,975.0,NA
2026-05-12 04:00:00,64.0,143.0,3.75,34.5,21.5,33.0,8.25,0.0,26.75,0.0,1.5,NA,0.0,0.0,0.0,32.0,14.0,0.0,190.5,0.0,0.0,10.0,975.0,NA
2026-05-12 05:00:00,58.0,138.0,3.0,39.25,23.5,28.5,7.0,0.0,27.5,0.0,0.0,NA,0.0,0.0,0.0,32.0,14.0,0.0,188.5,0.0,0.0,11.25,975.0,NA
2026-05-12 06:00:00,68.0,163.0,3.75,37.5,23.5,28.0,6.75,0.0,28.0,0.0,0.0,NA,0.0,0.0,0.0,32.0,15.0,0.0,188.75,0.0,0.0,33.0,974.5,NA
2026-05-12 07:00:00,69.0,180.0,4.5,38.25,24.25,19.0,8.0,1.0,28.75,0.0,0.0,NA,0.0,0.0,0.0,33.0,15.5,0.5,198.5,0.0,0.0,156.25,973.75,NA
2026-05-12 08:00:00,66.0,185.0,4.25,32.75,21.0,21.75,9.5,1.0,35.25,0.0,0.0,NA,0.0,0.0,0.0,34.25,15.0,0.5,210.75,0.0,0.0,248.25,973.5,NA
2026-05-12 09:00:00,78.0,364.0,3.0,35.0,21.25,19.0,10.75,1.0,37.0,0.0,0.25,NA,0.0,0.0,0.0,35.75,15.0,0.0,225.0,0.0,0.0,373.0,973.25,NA
2026-05-12 10:00:00,74.0,206.0,3.25,30.25,18.75,31.25,13.0,1.0,49.25,0.0,0.5,NA,0.0,0.0,0.0,37.0,15.0,1.0,237.0,0.0,0.0,530.0,974.25,NA
2026-05-12 11:00:00,66.0,196.0,3.0,27.67,17.33,38.5,11.67,1.0,66.0,0.0,0.25,NA,0.0,0.0,0.0,38.5,15.0,1.0,248.0,0.0,0.0,646.5,975.0,NA
2026-05-12 12:00:00,55.0,232.0,5.5,30.0,20.5,37.5,5.5,0.0,67.0,0.0,0.25,NA,0.0,0.0,0.0,39.0,15.0,1.0,254.25,0.0,0.0,650.75,974.25,NA
2026-05-12 13:00:00,55.0,224.0,2.33,34.0,19.25,34.5,6.75,0.25,64.5,0.0,0.5,NA,0.0,0.0,0.0,39.0,15.0,1.25,253.75,0.0,0.0,559.0,974.5,NA
2026-05-12 14:00:00,69.0,309.0,4.25,29.75,19.25,35.5,6.33,0.0,63.75,0.0,1.0,NA,0.0,0.0,0.0,38.25,15.5,1.25,249.25,0.0,0.0,458.25,974.5,NA
2026-05-12 15:00:00,70.0,245.0,3.33,29.0,17.25,33.25,6.5,0.0,67.0,0.0,0.25,NA,0.0,0.0,0.0,39.0,15.0,1.25,252.0,0.0,0.0,343.25,973.5,NA
2026-05-12 16:00:00,57.0,238.0,5.0,31.5,20.0,32.0,6.75,0.0,69.0,0.0,0.75,NA,0.0,0.0,0.0,38.25,15.0,1.25,248.0,0.0,0.0,212.0,973.0,NA
2026-05-12 17:00:00,51.0,223.0,2.25,32.0,18.75,29.75,5.75,0.0,65.0,0.0,1.0,NA,0.0,0.0,0.0,37.5,15.25,0.75,241.0,0.0,0.0,90.5,973.75,NA
2026-05-12 18:00:00,61.0,182.0,3.0,34.75,21.25,28.5,5.5,0.0,61.5,0.0,1.0,NA,0.0,0.0,0.0,36.25,15.0,0.25,229.25,0.0,0.0,41.5,974.5,NA
2026-05-12 19:00:00,52.0,191.0,1.75,43.5,24.75,27.0,5.0,0.75,50.5,0.0,1.0,NA,0.0,0.0,0.0,35.25,15.0,0.0,220.0,0.0,0.0,11.75,974.5,NA
2026-05-12 20:00:00,57.0,201.0,5.0,52.5,32.0,26.0,10.67,1.0,32.25,0.0,1.75,NA,0.0,0.0,0.0,34.75,15.0,0.25,213.25,0.0,0.0,10.0,974.5,NA
2026-05-12 21:00:00,47.0,188.0,3.25,73.5,42.0,25.75,31.0,1.0,23.25,0.0,3.0,NA,0.0,0.0,0.0,34.0,15.0,0.0,208.0,0.0,0.0,10.0,975.0,NA
2026-05-12 22:00:00,67.0,201.0,3.75,61.25,36.0,28.25,13.5,0.75,19.75,0.0,2.0,NA,0.0,0.25,0.0,33.25,16.0,0.0,197.5,0.0,0.0,9.75,974.5,NA
2026-05-12 23:00:00,45.0,146.0,4.25,58.25,34.75,22.25,7.25,0.25,16.75,0.0,1.0,NA,0.0,0.0,0.0,33.0,15.75,0.0,195.25,0.0,0.0,9.75,973.25,NA
2026-05-13 00:00:00,52.0,143.0,5.0,68.0,40.5,20.5,9.0,0.0,17.25,0.0,1.25,NA,0.0,0.0,0.0,33.0,16.0,0.5,195.25,0.0,0.0,9.75,973.0,NA
2026-05-13 01:00:00,77.0,197.0,4.0,41.75,24.25,26.75,11.0,0.0,20.75,0.0,1.5,NA,0.0,0.0,0.0,32.0,16.0,0.0,189.0,0.0,0.0,10.0,973.0,NA
2026-05-13 02:00:00,83.0,174.0,5.0,43.5,26.5,24.5,7.0,0.0,21.0,0.0,1.75,NA,0.0,0.0,0.0,32.0,16.0,0.0,187.5,0.0,0.0,10.0,973.75,NA
2026-05-13 03:00:00,67.0,129.0,4.25,44.5,27.5,31.5,5.75,0.0,23.5,0.0,0.5,NA,0.0,0.0,0.0,32.0,16.5,0.0,187.25,0.0,0.0,10.0,975.0,NA
2026-05-13 04:00:00,59.0,134.0,4.0,53.75,31.75,26.25,4.75,0.0,17.25,0.0,1.0,NA,0.0,0.0,0.0,31.5,17.0,0.0,183.75,0.0,0.0,10.0,975.0,NA
2026-05-13 05:00:00,69.0,157.0,3.0,49.75,29.0,25.25,8.25,0.0,15.5,0.0,1.0,NA,0.0,0.0,0.0,31.0,17.0,0.5,179.5,0.0,0.0,11.25,974.5,NA
2026-05-13 06:00:00,100.0,194.0,5.25,56.5,34.25,26.25,8.75,0.0,10.0,0.0,1.25,NA,0.0,0.0,0.0,31.0,17.0,0.0,180.25,0.0,0.0,40.25,974.0,NA
2026-05-13 07:00:00,102.0,213.0,6.5,50.0,32.25,21.5,12.25,1.0,15.25,0.0,2.0,NA,0.0,0.0,0.0,32.5,17.0,0.25,193.25,0.0,0.0,175.25,973.0,NA
2026-05-13 08:00:00,101.0,190.0,3.75,49.25,29.25,23.75,10.33,0.5,23.75,0.0,1.0,NA,0.0,0.0,0.0,34.0,17.0,0.0,206.5,0.0,0.0,190.75,973.0,NA
2026-05-13 09:00:00,97.0,227.0,2.25,36.25,20.75,26.75,9.25,0.25,24.5,0.0,0.75,NA,0.0,0.0,0.0,32.75,17.0,1.25,194.0,0.0,0.0,135.0,973.0,NA
2026-05-13 10:00:00,75.0,213.0,3.25,35.25,21.75,24.5,6.0,0.0,32.0,0.0,0.5,NA,0.0,0.0,0.0,34.0,17.0,1.0,209.5,0.0,0.0,389.75,973.75,NA
2026-05-13 11:00:00,23.0,172.0,2.5,40.0,23.5,28.25,7.75,0.0,47.75,0.0,0.25,NA,0.0,0.0,0.0,36.75,15.25,0.75,234.0,0.0,0.0,619.5,975.0,NA
2026-05-13 12:00:00,36.0,149.0,3.5,37.75,23.25,27.5,12.5,0.0,68.25,0.0,1.5,NA,0.0,0.0,0.0,38.25,15.75,1.0,247.75,0.0,0.0,696.25,974.75,NA
2026-05-13 13:00:00,52.0,161.0,2.0,42.0,23.33,27.0,18.33,0.0,68.0,0.0,1.0,NA,0.0,0.0,0.0,39.0,16.0,0.33,256.67,0.0,0.0,638.0,974.33,NA
2026-05-13 14:00:00,55.0,169.0,1.75,36.0,21.0,27.5,17.67,0.0,79.25,0.0,1.5,NA,0.0,0.0,0.0,39.0,15.25,0.5,257.25,0.0,0.0,511.0,974.25,NA
2026-05-13 15:00:00,53.0,149.0,4.33,34.0,20.75,25.25,11.25,0.0,80.0,0.0,1.0,NA,0.0,0.0,0.0,39.5,15.5,0.25,261.0,0.0,0.0,383.0,974.0,NA
2026-05-13 16:00:00,53.0,156.0,2.67,34.25,20.0,26.25,10.25,0.0,85.5,0.0,1.0,NA,0.0,0.0,0.0,40.0,16.5,0.0,264.0,0.0,0.0,235.0,974.0,NA
2026-05-13 17:00:00,47.0,171.0,3.75,41.5,25.5,24.25,9.5,0.5,78.75,0.0,1.25,NA,0.0,0.0,0.0,38.75,17.0,0.0,253.75,0.0,0.0,90.75,974.0,NA
2026-05-13 18:00:00,66.0,252.0,0.33,50.5,27.0,25.5,9.5,1.0,70.25,0.0,2.0,NA,0.0,0.0,0.0,36.5,18.0,0.0,232.25,0.0,0.0,26.5,974.5,NA
2026-05-13 19:00:00,63.0,197.0,2.33,60.5,33.5,25.0,10.0,1.25,51.25,0.0,2.0,NA,0.0,0.0,0.0,35.25,17.0,0.0,219.25,0.0,0.0,10.5,974.25,NA
2026-05-13 20:00:00,78.0,277.0,5.0,57.5,34.75,26.0,6.33,0.75,36.25,0.25,3.75,NA,0.25,0.5,0.5,34.25,17.0,1.25,209.75,0.0,0.0,9.25,974.0,NA
2026-05-13 21:00:00,46.0,493.0,2.75,53.75,30.5,25.75,2.0,0.0,29.5,0.0,2.0,NA,0.0,0.0,0.0,33.0,17.0,0.25,200.25,0.0,0.0,9.25,975.0,NA
2026-05-13 22:00:00,41.0,177.0,4.5,58.75,35.25,23.25,2.0,0.0,22.5,0.0,2.25,NA,0.0,0.0,0.0,33.0,16.75,0.25,200.0,0.0,0.0,9.0,973.75,NA
2026-05-13 23:00:00,55.0,246.0,3.75,28.25,18.0,24.0,0.67,0.0,46.5,0.0,2.5,NA,0.0,0.0,0.0,31.5,17.5,1.5,182.5,0.0,0.0,9.0,972.75,NA
2026-05-14 00:00:00,44.0,89.0,3.75,29.75,19.0,26.25,NA,0.0,45.5,0.0,0.25,NA,0.0,0.0,0.0,31.0,17.0,0.75,177.0,0.0,0.0,9.0,972.25,NA
2026-05-14 01:00:00,24.0,64.0,2.0,34.0,20.0,24.25,0.0,0.0,39.5,0.0,0.0,NA,0.0,0.0,0.0,31.0,17.0,0.25,177.75,0.0,0.0,9.0,972.0,NA
2026-05-14 02:00:00,27.0,66.0,2.0,39.0,22.5,26.0,7.0,0.0,31.25,0.0,0.0,NA,0.0,0.0,0.0,31.0,17.5,0.0,181.75,0.0,0.0,9.25,973.0,NA
2026-05-14 03:00:00,39.0,102.0,4.0,55.75,33.25,28.0,8.25,0.0,24.25,0.0,2.25,NA,0.0,0.0,0.0,32.0,17.5,0.25,184.5,0.0,0.0,9.75,975.0,NA
2026-05-14 04:00:00,24.0,95.0,5.5,56.0,34.5,27.75,7.5,0.0,23.0,0.0,1.75,NA,0.0,0.0,0.0,31.0,18.0,0.0,183.5,0.0,0.0,9.5,975.0,NA
2026-05-14 05:00:00,29.0,79.0,4.5,51.0,31.0,25.25,9.0,0.0,21.25,0.0,1.25,NA,0.0,0.0,0.0,31.0,17.75,0.0,182.0,0.0,0.0,11.5,975.0,NA
2026-05-14 06:00:00,34.0,113.0,3.5,63.0,36.75,25.0,8.75,0.0,17.75,0.0,1.0,NA,0.0,0.0,0.0,31.0,17.75,0.0,182.0,0.0,0.0,40.75,974.25,NA
2026-05-14 07:00:00,48.0,156.0,9.75,64.5,42.75,15.25,11.25,0.0,15.25,0.0,1.5,NA,0.0,0.0,0.0,32.5,17.0,0.0,193.0,0.0,0.0,200.25,973.0,NA
2026-05-14 08:00:00,84.0,221.0,7.5,56.0,36.0,21.0,12.0,0.0,31.5,0.0,1.5,NA,0.0,0.0,0.0,34.75,17.0,0.0,214.0,0.0,0.0,343.0,972.5,NA
2026-05-14 09:00:00,59.0,243.0,2.0,48.5,27.5,23.25,9.25,0.25,56.25,0.0,2.0,NA,0.0,0.0,0.0,36.5,17.75,0.0,228.0,0.0,0.0,475.5,972.0,NA
2026-05-14 10:00:00,55.0,189.0,4.25,49.25,30.0,22.25,8.0,0.0,78.0,0.0,1.0,NA,0.0,0.0,0.0,37.5,18.0,0.0,242.75,0.0,0.0,630.25,972.75,NA
2026-05-14 11:00:00,58.0,234.0,3.0,49.25,28.75,29.75,7.5,0.0,98.0,0.0,1.0,NA,0.0,0.0,0.0,38.75,17.25,0.0,254.25,0.0,0.0,699.5,975.0,NA
2026-05-14 12:00:00,42.0,230.0,1.75,38.25,22.0,28.0,6.25,0.0,111.5,0.0,0.75,NA,0.0,0.0,0.0,39.5,17.25,0.25,261.75,0.0,0.0,702.75,975.0,NA
2026-05-14 13:00:00,31.0,219.0,3.0,35.0,21.5,26.0,7.75,0.0,111.0,0.0,0.75,NA,0.0,0.0,0.0,40.0,18.0,0.5,266.5,0.0,0.0,596.0,975.0,NA
2026-05-14 14:00:00,45.0,261.0,1.0,36.0,19.5,26.0,13.67,0.0,130.0,0.0,1.0,NA,0.0,0.0,0.0,40.75,18.0,0.0,271.25,0.0,0.0,505.5,974.5,NA
2026-05-14 15:00:00,59.0,285.0,2.5,32.0,19.25,25.5,12.5,0.0,130.0,0.0,1.0,NA,0.0,0.0,0.0,38.25,34.5,0.0,245.75,0.0,0.0,360.75,977.5,NA
2026-05-14 16:00:00,69.0,263.0,5.0,32.0,20.0,27.33,10.67,0.0,106.67,0.0,1.0,NA,0.0,0.0,0.0,37.33,37.0,0.33,237.33,0.0,0.0,201.67,977.0,NA
2026-05-14 17:00:00,53.0,250.0,2.25,31.25,18.75,26.5,10.5,0.0,93.5,0.0,1.5,NA,0.0,0.0,0.0,36.0,39.75,0.5,225.5,0.0,0.0,92.25,977.75,NA
2026-05-14 18:00:00,61.0,238.0,3.33,34.25,20.0,25.75,8.75,0.0,80.5,0.0,1.5,NA,0.0,0.0,0.0,34.25,43.0,0.0,209.25,0.0,0.0,36.25,978.25,NA
2026-05-14 19:00:00,50.0,223.0,2.75,44.75,25.75,19.75,7.75,0.5,61.75,0.0,1.0,NA,0.0,0.0,0.0,33.0,46.0,0.0,197.75,0.0,0.0,11.25,978.25,NA
2026-05-14 20:00:00,45.0,243.0,3.5,54.5,32.0,22.25,9.0,1.0,43.25,0.0,1.5,NA,0.0,0.0,0.0,32.0,48.75,0.0,191.75,0.0,0.0,9.0,978.0,NA
2026-05-14 21:00:00,67.0,268.0,3.0,66.25,36.0,19.25,11.0,1.0,27.5,0.0,3.5,NA,0.5,0.75,0.5,32.0,51.5,0.0,185.75,0.0,0.0,9.25,978.0,NA
2026-05-14 22:00:00,62.0,257.0,4.25,74.0,42.75,21.0,19.0,1.0,19.25,0.0,4.25,NA,0.0,0.25,0.5,31.0,53.5,0.0,181.75,0.0,0.0,9.25,977.75,NA
2026-05-14 23:00:00,61.0,254.0,5.0,58.0,34.75,20.25,18.25,1.0,24.0,0.0,4.75,NA,0.0,0.25,0.25,31.75,51.25,0.25,185.75,0.0,0.0,9.0,977.0,NA
2026-05-15 00:00:00,57.0,227.0,2.5,39.25,23.0,21.0,10.0,0.25,36.0,0.0,2.0,NA,0.0,0.0,0.0,31.5,49.0,1.5,180.25,0.0,0.0,9.0,977.0,NA
2026-05-15 01:00:00,52.0,456.0,2.0,27.5,15.25,25.0,5.5,0.0,42.0,0.0,0.25,NA,0.0,0.0,0.0,29.5,50.75,2.0,164.5,0.0,0.0,9.25,976.75,NA
2026-05-15 02:00:00,27.0,111.0,2.5,31.0,19.0,24.0,1.0,0.0,35.0,0.0,1.25,NA,0.0,0.0,0.0,28.75,54.0,2.75,156.25,0.0,0.0,9.75,977.25,NA
2026-05-15 03:00:00,20.0,365.0,2.75,27.25,17.0,31.75,2.0,0.0,32.25,0.0,0.0,NA,0.0,0.0,0.0,28.25,56.0,2.75,151.5,0.0,0.0,9.75,979.0,NA
2026-05-15 04:00:00,18.0,128.0,1.33,31.25,17.0,29.5,2.25,0.0,39.0,0.0,0.0,NA,0.0,0.0,0.0,29.0,49.0,1.25,162.0,0.0,0.0,9.75,979.0,NA
2026-05-15 05:00:00,18.0,64.0,2.5,35.25,21.0,25.0,2.75,0.0,35.25,0.0,0.25,NA,0.0,0.0,0.0,28.75,50.75,0.0,157.0,0.0,0.0,10.25,978.25,NA
2026-05-15 06:00:00,16.0,84.0,5.25,42.0,27.0,25.25,4.25,0.25,27.5,0.0,0.0,NA,0.0,0.0,0.0,28.0,50.75,0.0,154.25,0.0,0.0,35.0,978.25,NA
2026-05-15 07:00:00,38.0,143.0,6.25,53.25,34.0,20.0,7.0,1.0,25.75,0.0,0.5,NA,0.0,0.0,0.0,30.25,47.0,0.0,171.75,0.0,0.0,201.0,977.0,NA
2026-05-15 08:00:00,48.0,166.0,3.75,58.25,34.25,22.5,8.33,1.0,39.25,0.0,1.25,NA,0.0,0.0,0.0,32.75,42.0,0.0,194.75,0.0,0.0,434.75,977.0,NA
2026-05-15 09:00:00,41.0,172.0,4.0,54.75,32.5,18.25,8.75,1.0,46.75,0.0,1.0,NA,0.0,0.0,0.0,33.75,40.0,0.25,205.0,0.0,0.0,508.0,977.0,NA
2026-05-15 10:00:00,44.0,182.0,3.33,44.5,25.75,21.5,7.0,1.0,75.25,0.0,1.0,NA,0.0,0.0,0.0,35.0,38.25,0.0,218.75,0.0,0.0,660.25,976.75,NA
2026-05-15 11:00:00,40.0,178.0,3.5,38.0,23.0,25.25,7.25,1.0,85.0,0.0,1.0,NA,0.0,0.0,0.0,36.25,37.0,0.25,228.0,0.0,0.0,740.5,979.0,NA
2026-05-15 12:00:00,38.0,171.0,2.5,33.0,19.5,25.25,6.0,1.0,97.0,0.0,1.0,NA,0.0,0.0,0.0,36.5,36.25,0.75,230.25,0.0,0.0,701.75,978.0,NA
2026-05-15 13:00:00,41.0,182.0,4.5,27.25,18.5,25.5,7.0,1.0,91.0,0.0,1.25,NA,0.0,0.0,0.0,37.25,35.75,0.75,238.75,0.0,0.0,617.0,978.0,NA
2026-05-15 14:00:00,42.0,174.0,1.67,26.5,14.75,26.5,6.67,0.0,75.25,0.0,0.75,NA,0.0,0.0,0.0,37.5,35.0,1.0,240.75,0.0,0.0,537.75,978.0,NA
2026-05-15 15:00:00,25.0,161.0,5.13,28.43,17.55,25.88,6.1,0.35,70.8,0.1,0.6,NA,0.0,0.0,0.0,37.83,34.5,2.05,239.25,0.0,0.0,403.0,977.0,NA
2026-05-15 16:00:00,38.0,196.0,3.3,30.1,17.95,25.75,6.58,0.54,77.63,0.15,0.95,NA,0.0,0.1,0.0,37.63,35.25,1.65,237.25,0.0,0.0,245.75,981.5,NA
2026-05-15 17:00:00,48.0,218.0,3.33,34.58,21.15,25.4,6.37,0.63,72.33,0.23,1.55,NA,0.0,0.1,0.0,36.8,35.5,1.15,229.75,0.0,0.0,91.0,986.75,NA
2026-05-15 18:00:00,55.0,217.0,6.77,30.98,20.4,27.65,10.43,0.64,77.9,0.33,1.43,NA,0.0,0.1,0.03,34.85,40.0,0.58,211.25,0.0,0.0,35.25,986.5,NA
2026-05-15 19:00:00,47.0,161.0,4.13,37.85,23.4,24.53,14.13,0.73,74.38,0.3,2.48,NA,0.03,0.33,0.15,33.33,42.75,0.35,196.75,0.0,0.0,11.0,987.5,NA
2026-05-15 20:00:00,51.0,167.0,4.5,47.53,29.0,23.2,13.55,0.95,62.6,0.3,1.47,NA,0.07,0.23,0.1,32.17,45.33,0.3,185.67,0.0,0.0,9.33,987.0,NA
2026-05-15 21:00:00,61.0,199.0,4.28,75.1,43.3,22.2,12.73,1.57,36.85,0.58,3.48,NA,0.25,0.5,0.4,31.43,47.5,0.3,178.5,0.0,0.0,9.25,987.75,NA
2026-05-15 22:00:00,81.0,243.0,6.9,100.63,59.13,15.75,14.05,2.06,16.6,0.83,3.73,NA,0.45,0.78,0.75,31.13,49.25,0.3,176.0,0.0,0.0,9.0,987.5,NA
2026-05-15 23:00:00,122.0,423.0,11.88,108.75,67.48,14.4,15.17,1.87,8.98,1.08,7.55,NA,0.85,1.38,1.15,31.08,49.5,0.3,175.5,0.0,0.0,9.0,986.0,NA
2026-05-16 00:00:00,178.0,458.0,23.15,105.98,75.18,15.98,16.6,1.88,6.95,1.1,28.9,NA,1.33,1.55,1.48,30.7,50.75,0.3,172.0,0.0,0.0,9.25,986.0,NA
2026-05-16 01:00:00,197.0,488.0,39.7,99.43,85.35,14.78,15.48,1.62,6.23,1.13,28.85,NA,1.03,1.08,1.4,30.3,51.25,0.3,168.0,0.0,0.0,9.0,986.0,NA
2026-05-16 02:00:00,147.0,475.0,39.15,101.7,85.9,16.45,3.4,1.41,6.3,1.58,18.6,NA,1.1,2.08,1.28,30.7,47.75,0.35,172.0,0.0,0.0,9.0,985.75,NA
2026-05-16 03:00:00,213.0,486.0,15.48,96.73,64.08,28.83,10.35,1.26,7.65,2.25,11.58,NA,1.38,1.28,0.88,30.33,47.25,0.4,168.25,0.0,0.0,9.25,987.75,NA
2026-05-16 04:00:00,194.0,480.0,7.55,94.5,56.33,29.08,14.7,1.05,9.5,1.18,7.75,NA,0.5,0.73,0.43,30.15,47.0,0.43,166.75,0.0,0.0,9.0,988.0,NA
2026-05-16 05:00:00,177.0,425.0,6.0,74.95,44.63,26.35,13.45,1.12,14.8,0.83,5.45,NA,0.3,0.55,0.33,29.63,48.5,0.33,161.75,0.0,0.0,11.5,987.75,NA
2026-05-16 06:00:00,124.0,276.0,5.75,68.75,41.38,29.23,12.38,1.25,16.53,0.9,4.3,NA,0.2,0.35,0.28,29.53,49.75,0.3,160.75,0.0,0.0,41.0,987.0,NA
2026-05-16 07:00:00,138.0,261.0,3.5,61.48,35.58,26.23,15.3,1.38,31.08,0.68,3.88,NA,0.25,0.48,0.35,31.4,46.0,0.33,178.5,0.0,0.0,206.75,986.0,NA
2026-05-16 08:00:00,153.0,284.0,4.18,57.1,33.85,26.83,21.5,1.42,52.3,1.53,3.08,NA,0.25,0.35,0.3,33.7,41.5,0.4,200.5,0.0,0.0,392.5,985.5,NA
2026-05-16 09:00:00,130.0,250.0,4.23,41.3,25.45,28.7,17.72,1.08,66.85,0.6,1.78,NA,0.15,0.23,0.18,35.63,37.5,0.88,218.75,0.0,0.0,495.0,985.25,NA
2026-05-16 10:00:00,96.0,204.0,4.9,30.63,17.93,28.65,14.6,0.91,81.35,0.45,2.0,NA,0.1,0.18,0.1,36.38,36.5,0.98,225.5,0.0,0.0,619.5,985.0,NA
2026-05-16 11:00:00,77.0,177.0,2.87,32.15,18.68,37.88,15.68,0.81,89.25,0.33,1.65,NA,0.05,0.18,0.05,36.93,35.5,1.18,231.25,0.0,0.0,694.5,987.75,NA
2026-05-16 12:00:00,53.0,163.0,3.95,27.3,17.63,39.75,8.25,0.65,83.85,0.28,1.43,NA,0.0,0.18,0.08,37.7,34.0,1.35,238.0,0.0,0.0,708.5,988.0,NA
2026-05-16 13:00:00,42.0,146.0,3.65,27.93,17.78,33.1,2.38,0.57,72.95,0.28,4.75,NA,0.0,0.33,0.13,38.53,32.25,1.48,246.0,0.0,0.0,659.25,988.0,NA
2026-05-16 14:00:00,27.0,114.0,4.7,24.58,16.85,25.55,6.27,0.57,72.28,0.2,1.1,NA,0.03,0.05,0.0,38.9,31.75,1.7,249.25,0.0,0.0,538.25,987.75,NA
2026-05-16 15:00:00,27.0,114.0,3.95,25.98,16.88,23.53,5.7,0.49,61.63,0.18,1.7,NA,0.03,0.13,0.05,38.88,31.0,1.65,249.25,0.0,0.0,399.0,985.25,NA
2026-05-16 16:00:00,29.0,163.0,3.55,27.13,17.28,23.63,4.78,0.5,62.33,0.18,1.35,NA,0.0,0.08,0.05,38.43,31.0,2.13,245.0,0.0,0.0,243.5,985.0,NA
2026-05-16 17:00:00,28.0,189.0,4.6,35.45,22.43,26.1,6.18,0.6,63.13,0.2,1.03,NA,0.0,0.05,0.0,37.53,32.25,1.53,236.5,0.0,0.0,91.75,986.0,NA
2026-05-16 18:00:00,35.0,189.0,2.73,48.23,27.9,24.23,6.48,0.73,50.03,0.3,2.15,NA,0.08,0.15,0.1,36.33,34.0,1.43,225.0,0.0,0.0,36.0,986.75,NA
2026-05-16 19:00:00,44.0,249.0,6.25,74.65,44.68,24.15,8.08,1.1,34.85,0.48,3.68,NA,0.25,0.3,0.28,35.28,36.0,0.75,215.25,0.0,0.0,11.0,988.0,NA
2026-05-16 20:00:00,73.0,411.0,4.7,89.7,51.63,26.0,12.53,1.73,23.17,1.23,7.0,NA,1.57,1.33,1.07,34.4,38.0,0.63,206.67,0.0,0.0,9.33,987.0,NA
2026-05-16 21:00:00,133.0,428.0,7.53,111.63,65.43,27.67,18.8,1.62,12.7,1.13,8.3,NA,1.6,1.3,0.9,33.87,39.0,0.57,201.67,0.0,0.0,9.33,987.67,NA
2026-05-16 22:00:00,129.0,473.0,8.18,106.53,63.23,32.88,18.7,1.31,14.7,0.93,5.78,NA,0.85,0.78,0.65,33.73,39.25,0.6,200.75,0.0,0.0,9.5,988.0,NA
2026-05-16 23:00:00,107.0,396.0,8.13,93.98,56.6,31.65,16.6,1.06,15.73,0.88,3.65,NA,0.45,0.58,0.43,33.38,40.0,0.8,196.75,0.0,0.0,9.0,986.25,NA
2026-05-17 00:00:00,128.0,409.0,3.9,60.55,35.45,42.78,14.35,1.0,23.5,0.65,2.05,NA,0.18,0.23,0.15,32.75,40.75,0.68,191.25,0.0,0.0,9.0,986.0,NA
2026-05-17 01:00:00,97.0,306.0,4.82,68.25,40.18,45.4,10.13,0.91,17.97,0.53,2.15,NA,0.1,0.2,0.2,32.13,42.5,0.53,185.75,0.0,0.0,9.0,986.0,NA
2026-05-17 02:00:00,80.0,298.0,6.3,63.3,34.05,58.35,7.2,0.86,16.7,0.43,2.55,NA,0.13,0.3,0.23,31.6,44.0,0.38,180.5,0.0,0.0,9.0,985.5,NA
2026-05-17 03:00:00,100.0,312.0,5.8,84.05,49.35,87.85,10.33,0.94,10.83,0.55,3.68,NA,0.2,0.43,0.3,31.28,44.5,0.35,177.75,0.0,0.0,9.25,987.75,NA
2026-05-17 04:00:00,105.0,261.0,6.28,79.9,47.58,79.75,15.38,0.93,13.35,0.6,3.58,NA,0.25,0.5,0.3,31.03,45.0,0.6,174.75,0.0,0.0,9.25,988.0,NA
2026-05-17 05:00:00,153.0,421.0,6.43,66.6,40.73,71.38,18.3,1.02,17.0,0.63,2.9,NA,0.23,0.38,0.23,30.6,45.5,0.43,171.0,0.0,0.0,11.75,987.5,NA
2026-05-17 06:00:00,118.0,266.0,5.18,59.08,35.85,69.7,22.18,1.11,20.53,0.5,2.75,NA,0.2,0.3,0.28,30.58,46.0,0.53,170.75,0.0,0.0,41.25,988.0,NA
2026-05-17 07:00:00,128.0,326.0,4.33,47.28,28.53,62.8,26.08,1.17,32.25,0.63,2.7,NA,0.18,0.3,0.28,31.88,44.0,0.8,183.25,0.0,0.0,196.75,985.75,NA
2026-05-17 08:00:00,143.0,311.0,5.8,42.18,27.05,56.25,22.27,1.19,47.7,0.58,1.75,NA,0.1,0.2,0.1,33.75,41.0,0.93,200.5,0.0,0.0,390.0,985.75,NA
2026-05-17 09:00:00,121.0,282.0,4.1,34.68,21.8,52.33,15.48,1.06,62.58,0.4,1.15,NA,0.05,0.13,0.1,35.45,37.5,1.05,217.25,0.0,0.0,474.0,986.0,NA
2026-05-17 10:00:00,70.0,211.0,2.58,29.18,17.63,49.9,10.43,0.89,73.03,0.23,0.8,NA,0.0,0.1,0.05,36.83,35.25,1.33,230.0,0.0,0.0,627.75,985.5,NA
2026-05-17 11:00:00,55.0,200.0,4.2,30.75,18.9,57.25,10.05,0.83,70.9,0.25,1.0,NA,0.03,0.08,0.08,37.8,34.75,1.5,239.25,0.0,0.0,703.0,987.75,NA
2026-05-17 12:00:00,41.0,211.0,4.25,25.33,16.9,59.98,8.45,0.71,67.43,0.2,0.93,NA,0.03,0.1,0.13,38.3,34.0,1.78,244.0,0.0,0.0,701.75,988.0,NA
2026-05-17 13:00:00,35.0,222.0,2.08,22.92,14.03,52.88,5.98,0.66,57.98,0.23,0.75,NA,0.03,0.1,0.13,39.08,33.0,1.98,251.75,0.0,0.0,633.5,987.75,NA
2026-05-17 14:00:00,34.0,252.0,3.33,22.63,14.77,51.85,5.7,0.49,56.05,0.18,0.55,NA,0.0,0.08,0.08,39.03,33.5,2.2,251.0,0.0,0.0,437.0,988.0,NA
2026-05-17 15:00:00,23.0,269.0,3.28,26.1,16.53,53.23,5.8,0.46,54.13,0.2,1.35,NA,0.0,0.15,0.1,38.2,34.0,2.4,243.0,0.0,0.0,259.0,986.5,NA
2026-05-17 16:00:00,34.0,307.0,3.88,25.3,16.65,55.33,5.93,0.48,58.85,0.18,1.3,NA,0.0,0.15,0.1,38.45,33.5,2.1,245.5,0.0,0.0,215.5,986.0,NA
2026-05-17 17:00:00,38.0,240.0,3.63,30.33,19.1,51.6,6.77,0.55,58.23,0.23,1.77,NA,0.03,0.17,0.13,38.2,33.33,2.03,243.0,0.0,0.0,97.0,986.33,NA
2026-05-17 18:00:00,44.0,229.0,2.72,38.98,22.98,53.18,6.65,0.82,58.1,0.25,1.6,NA,0.1,0.15,0.1,37.05,34.5,1.48,232.25,0.0,0.0,37.5,986.0,NA
2026-05-17 19:00:00,57.0,266.0,2.95,76.63,43.18,50.03,10.0,1.63,38.78,0.85,2.1,NA,0.18,0.38,0.33,36.0,36.5,0.55,221.75,0.0,0.0,11.5,987.75,NA
2026-05-17 20:00:00,105.0,367.0,7.2,101.05,59.6,47.58,9.5,2.32,20.05,1.25,3.4,NA,0.68,0.93,0.9,35.03,38.5,0.48,213.0,0.0,0.0,9.25,987.75,NA
2026-05-17 21:00:00,110.0,409.0,9.93,80.4,50.98,52.15,9.6,1.86,21.25,1.15,12.03,NA,1.0,1.08,1.08,34.75,38.0,0.98,210.25,0.0,0.0,9.5,987.0,NA
2026-05-17 22:00:00,75.0,350.0,4.43,67.13,39.38,49.38,6.85,1.33,22.4,0.6,4.63,NA,0.3,0.3,0.38,34.1,39.25,0.68,204.0,0.0,0.0,9.25,987.25,NA
2026-05-17 23:00:00,62.0,312.0,6.9,77.15,46.7,47.33,5.9,1.0,15.0,0.53,4.35,NA,0.2,0.33,0.33,33.35,40.5,0.63,197.5,0.0,0.0,9.25,986.25,NA
2026-05-18 00:00:00,73.0,429.0,8.25,79.1,48.78,43.07,6.25,0.87,12.53,0.48,2.38,NA,0.18,0.35,0.28,32.9,41.0,0.65,192.75,0.0,0.0,9.0,985.5,NA
2026-05-18 01:00:00,67.0,440.0,3.6,65.58,37.8,45.13,6.98,0.76,19.18,0.43,1.95,NA,0.23,0.33,0.13,32.55,41.5,1.03,189.25,0.0,0.0,9.0,986.0,NA
2026-05-18 02:00:00,57.0,320.0,4.45,56.75,33.65,125.55,6.7,0.74,19.3,0.4,1.5,NA,0.1,0.27,0.1,31.8,43.67,0.53,182.67,0.0,0.0,9.0,985.33,NA
2026-05-18 03:00:00,62.0,229.0,3.18,46.18,27.18,166.63,17.6,0.87,21.95,0.4,1.78,NA,0.1,0.15,0.08,31.33,45.5,0.48,177.5,0.0,0.0,9.0,987.5,NA
2026-05-18 04:00:00,122.0,272.0,3.33,49.2,28.73,105.53,16.1,0.86,20.18,0.45,1.33,NA,0.1,0.15,0.13,30.95,47.0,0.68,174.25,0.0,0.0,10.0,988.0,NA
2026-05-18 05:00:00,88.0,227.0,4.27,45.83,26.55,86.08,24.18,0.91,22.18,0.48,1.9,NA,0.1,0.18,0.1,30.48,48.25,0.65,170.0,0.0,0.0,11.5,988.0,NA
2026-05-18 06:00:00,130.0,266.0,5.7,44.2,23.4,79.93,18.03,0.94,23.83,0.53,1.57,NA,0.07,0.1,0.1,30.53,49.0,0.77,170.33,0.0,0.0,37.33,987.0,NA
2026-05-18 07:00:00,105.0,278.0,3.6,37.57,22.9,74.77,16.0,1.02,31.2,0.43,1.3,NA,0.07,0.1,0.1,31.9,46.33,0.9,183.33,0.0,0.0,200.0,986.33,NA
2026-05-18 08:00:00,101.0,257.0,4.35,33.93,21.55,63.15,17.73,1.07,43.38,0.5,1.03,NA,0.0,0.15,0.1,33.9,42.75,1.03,202.0,0.0,0.0,436.5,986.0,NA
2026-05-18 09:00:00,94.0,255.0,3.7,29.9,19.43,57.4,13.5,0.98,53.08,0.43,1.2,NA,0.08,0.2,0.1,35.43,40.5,1.18,216.5,0.0,0.0,516.75,986.0,NA
2026-05-18 10:00:00,46.0,219.0,3.9,27.35,17.78,55.05,9.63,0.92,61.47,0.3,1.25,NA,0.08,0.1,0.1,36.9,37.25,1.53,230.75,0.0,0.0,662.5,986.0,NA
2026-05-18 11:00:00,40.0,212.0,2.83,25.97,16.1,58.13,7.33,0.77,67.47,0.37,1.07,NA,0.0,0.1,0.03,37.9,35.0,1.67,240.0,0.0,0.0,741.67,987.0,NA
2026-05-18 12:00:00,29.0,195.0,3.0,22.73,14.63,61.13,5.6,0.71,71.3,0.27,1.13,NA,0.03,0.1,0.1,38.6,33.33,1.6,246.33,0.0,0.0,739.67,987.0,NA
2026-05-18 13:00:00,28.0,184.0,3.17,24.5,15.5,50.17,5.13,0.7,68.05,0.28,1.63,NA,0.0,0.1,0.1,39.28,33.0,2.3,253.0,0.0,0.0,661.75,987.0,NA
2026-05-18 14:00:00,29.0,219.0,3.35,25.53,16.33,48.73,6.93,0.52,65.48,0.2,1.25,NA,0.0,0.08,0.08,39.83,32.25,2.05,258.5,0.0,0.0,543.25,987.0,NA
2026-05-18 15:00:00,25.0,215.0,5.6,25.35,16.8,51.55,6.68,0.51,59.18,0.2,2.1,NA,0.0,0.15,0.05,40.18,33.0,1.9,261.75,0.0,0.0,385.25,986.25,NA
2026-05-18 16:00:00,27.0,255.0,3.13,30.17,18.57,53.73,6.53,0.51,54.27,0.2,1.97,NA,0.03,0.17,0.1,40.07,32.0,2.37,260.67,0.0,0.0,213.33,986.0,NA
2026-05-18 17:00:00,42.0,305.0,2.98,32.38,19.55,59.13,5.48,0.54,47.53,0.2,2.13,NA,0.0,0.13,0.1,39.73,32.0,1.73,257.75,0.0,0.0,91.75,986.25,NA
2026-05-18 18:00:00,33.0,246.0,4.47,51.67,31.07,56.67,5.4,0.72,40.7,0.23,1.9,NA,0.07,0.17,0.13,38.63,32.67,1.37,247.0,0.0,0.0,43.0,986.67,NA
2026-05-18 19:00:00,55.0,350.0,4.33,81.7,47.27,55.0,9.37,2.4,22.57,0.8,10.47,NA,0.93,1.6,1.4,36.77,35.0,0.4,229.0,0.0,0.0,10.0,988.0,NA
2026-05-18 20:00:00,63.0,388.0,8.9,85.55,52.8,48.35,14.35,3.0,14.3,1.15,7.15,NA,2.0,2.0,2.05,35.7,36.0,0.35,219.0,0.0,0.0,10.0,987.0,NA
2026-05-18 21:00:00,92.0,418.0,9.68,78.75,49.68,51.33,23.85,2.47,11.55,1.25,5.05,NA,1.45,1.13,1.35,35.7,34.25,0.63,219.5,0.0,0.0,9.0,987.0,NA
2026-05-18 22:00:00,73.0,411.0,9.57,72.2,46.33,46.27,9.93,1.8,11.8,0.73,4.47,NA,0.63,1.27,1.0,35.63,33.33,0.8,218.33,0.0,0.0,9.33,987.0,NA
2026-05-18 23:00:00,66.0,426.0,14.4,66.98,47.38,44.33,10.78,1.62,9.3,0.65,3.85,NA,0.4,0.63,0.58,34.9,34.0,0.8,212.0,0.0,0.0,9.0,985.75,NA
2026-05-19 00:00:00,63.0,355.0,36.88,72.43,68.3,39.3,9.73,1.6,27.53,0.55,3.78,NA,0.18,0.28,0.25,34.0,35.0,0.45,203.25,0.0,0.0,9.0,984.5,NA
2026-05-19 01:00:00,113.0,604.0,22.9,65.23,53.25,42.83,10.53,1.59,8.18,0.67,3.35,NA,0.3,0.45,0.23,33.25,36.75,0.33,196.0,0.0,0.0,9.0,984.75,NA
2026-05-19 02:00:00,107.0,274.0,11.35,48.0,34.5,49.5,11.6,1.64,8.75,1.9,3.45,NA,0.33,0.33,0.43,32.68,38.0,0.33,190.75,0.0,0.0,9.25,984.5,NA
2026-05-19 03:00:00,89.0,266.0,4.25,54.78,32.5,247.85,16.68,1.72,9.53,1.58,2.88,NA,0.33,0.3,0.38,32.2,39.0,0.3,186.0,0.0,0.0,9.5,986.5,NA
2026-05-19 04:00:00,79.0,252.0,6.73,55.43,35.13,149.05,21.4,1.69,10.8,2.5,2.65,NA,0.33,0.3,0.3,32.3,38.75,0.45,187.25,0.0,0.0,10.0,988.0,NA
2026-05-19 05:00:00,81.0,262.0,7.55,61.55,39.05,89.35,17.95,1.59,10.85,0.95,2.43,NA,0.25,0.28,0.28,32.4,38.0,0.6,188.0,0.0,0.0,11.75,987.25,NA
2026-05-19 06:00:00,88.0,288.0,10.6,63.47,42.38,83.93,17.35,1.77,11.03,0.53,2.73,NA,0.18,0.2,0.23,32.18,38.75,0.35,186.0,0.0,0.0,42.75,987.25,NA
2026-05-19 07:00:00,110.0,338.0,9.13,62.03,40.78,78.4,24.2,2.08,18.58,1.15,3.05,NA,0.33,0.28,0.35,33.72,37.5,0.45,200.5,0.0,0.0,192.0,985.75,NA
2026-05-19 08:00:00,124.0,405.0,5.58,54.98,33.73,66.9,17.83,2.0,34.85,1.45,2.85,NA,0.33,0.3,0.35,35.68,34.25,0.83,219.0,0.0,0.0,398.0,985.25,NA
2026-05-19 09:00:00,95.0,383.0,2.1,33.72,19.75,64.03,9.9,1.65,45.48,0.53,1.5,NA,0.1,0.18,0.23,37.2,32.0,1.23,233.25,0.0,0.0,509.0,984.75,NA
2026-05-19 10:00:00,70.0,328.0,3.7,29.42,18.68,63.75,6.3,1.56,51.2,0.33,1.45,NA,0.08,0.1,0.1,38.7,30.25,1.43,247.75,0.0,0.0,642.5,985.0,NA
2026-05-19 11:00:00,57.0,340.0,5.4,34.1,22.53,62.78,4.63,1.43,53.28,0.33,1.98,NA,0.08,0.15,0.1,39.93,29.25,1.78,259.5,0.0,0.0,736.5,986.5,NA
2026-05-19 12:00:00,46.0,339.0,4.83,28.68,19.2,65.13,3.5,1.32,52.8,0.3,1.48,NA,0.0,0.1,0.1,40.6,28.0,2.08,265.5,0.0,0.0,737.0,988.0,NA
2026-05-19 13:00:00,38.0,326.0,3.87,26.53,16.28,67.15,1.05,1.26,52.08,0.23,1.35,NA,0.0,0.1,0.1,41.28,27.5,1.7,272.25,0.0,0.0,680.5,988.0,NA
2026-05-19 14:00:00,18.0,162.0,2.63,28.9,17.33,66.7,3.8,0.4,53.93,0.2,1.27,NA,0.03,0.07,0.07,41.67,27.0,1.67,275.67,0.0,0.0,598.0,988.0,NA
2026-05-19 15:00:00,18.0,145.0,4.43,24.07,16.37,68.17,5.47,0.37,58.63,0.17,1.1,NA,0.0,0.07,0.07,41.43,27.0,1.67,273.33,0.0,0.0,378.33,986.67,NA
2026-05-19 16:00:00,30.0,168.0,4.05,27.37,16.63,67.77,5.73,0.41,59.27,0.13,0.73,NA,0.0,0.0,0.0,41.13,27.67,1.53,270.67,0.0,0.0,245.67,986.0,NA
2026-05-19 17:00:00,27.0,158.0,4.3,28.43,18.55,65.83,6.3,0.46,54.6,0.3,1.85,NA,0.08,0.15,0.18,40.15,28.25,1.1,261.5,0.0,0.0,94.5,986.0,NA
2026-05-19 18:00:00,27.0,196.0,7.28,47.68,31.25,62.5,7.13,0.93,42.47,0.4,3.97,NA,0.28,0.4,0.5,38.4,29.75,0.6,245.0,0.0,0.0,38.0,986.0,NA
2026-05-19 19:00:00,55.0,250.0,7.3,80.93,49.0,65.18,11.23,1.91,20.8,1.05,4.85,NA,1.15,1.35,1.58,36.48,33.0,0.3,226.25,0.0,0.0,11.75,987.25,NA
2026-05-19 20:00:00,70.0,282.0,50.45,102.65,95.45,51.5,11.5,4.01,7.9,1.38,7.2,NA,2.18,2.65,3.03,34.43,37.75,0.3,207.5,0.0,0.0,9.75,987.75,NA
2026-05-19 21:00:00,105.0,434.0,52.1,103.73,97.47,49.83,16.83,3.59,6.5,2.53,17.03,NA,4.8,4.17,5.0,34.2,37.67,0.3,205.0,0.0,0.0,10.0,987.0,NA
2026-05-19 22:00:00,106.0,364.0,63.67,94.2,101.93,49.23,25.23,2.71,6.43,1.73,12.77,NA,3.93,2.8,2.63,34.07,37.67,0.3,203.67,0.0,0.0,9.33,987.33,NA
2026-05-19 23:00:00,117.0,473.0,33.35,84.25,72.05,56.58,31.93,1.96,6.58,1.9,8.45,NA,3.13,2.03,1.98,33.75,37.25,0.3,200.75,0.0,0.0,9.75,986.25,NA
2026-05-20 00:00:00,91.0,273.0,15.67,77.9,53.93,48.37,21.77,1.27,6.93,1.03,6.13,NA,1.8,1.4,1.23,33.57,37.0,0.33,199.0,0.0,0.0,9.0,985.0,NA
2026-05-20 01:00:00,85.0,246.0,7.25,64.23,40.05,52.1,17.8,0.94,9.83,0.67,5.48,NA,0.83,0.85,0.78,33.23,37.0,0.3,196.0,0.0,0.0,9.0,985.0,NA
2026-05-20 02:00:00,88.0,250.0,8.5,60.8,39.2,46.7,11.7,0.79,9.85,0.67,4.23,NA,0.53,0.68,0.43,32.8,37.25,0.33,192.0,0.0,0.0,9.0,984.5,NA
2026-05-20 03:00:00,122.0,254.0,6.35,67.25,40.95,293.8,12.33,0.73,9.6,0.6,3.18,NA,0.3,0.25,0.23,32.75,36.25,0.48,191.5,0.0,0.0,9.5,986.25,NA
2026-05-20 04:00:00,75.0,206.0,7.3,61.9,38.95,177.68,16.55,0.68,11.05,0.5,2.58,NA,0.1,0.2,0.15,32.35,37.5,0.45,187.75,0.0,0.0,10.0,987.75,NA
2026-05-20 05:00:00,90.0,248.0,51.43,72.08,80.18,106.03,22.83,0.91,6.7,0.58,2.85,NA,0.18,0.3,0.18,31.43,39.75,0.3,179.0,0.0,0.0,11.75,987.25,NA
2026-05-20 06:00:00,202.0,553.0,73.5,72.83,98.3,96.1,22.87,1.12,6.57,1.03,4.0,NA,0.37,0.8,0.5,31.17,40.67,0.37,176.67,0.0,0.0,33.33,987.0,NA
2026-05-20 07:00:00,175.0,505.0,11.85,56.0,39.4,92.83,36.23,1.06,19.8,0.9,3.28,NA,0.28,0.48,0.35,33.4,36.75,0.58,197.5,0.0,0.0,221.75,986.0,NA
2026-05-20 08:00:00,156.0,335.0,5.13,35.7,23.05,78.93,20.5,0.94,35.6,0.9,2.13,NA,0.15,0.28,0.2,35.08,35.5,0.95,213.75,0.0,0.0,443.5,984.75,NA
2026-05-20 09:00:00,75.0,256.0,5.0,29.9,19.95,79.05,11.15,0.89,41.17,0.43,1.23,NA,0.1,0.1,0.17,36.77,36.0,1.13,229.33,0.0,0.0,521.67,985.0,NA
2026-05-20 10:00:00,67.0,235.0,2.8,27.08,16.03,78.43,6.53,0.81,39.83,0.4,1.15,NA,0.08,0.1,0.2,38.08,35.0,1.48,241.5,0.0,0.0,648.75,985.0,NA
2026-05-20 11:00:00,68.0,249.0,3.53,24.43,15.87,79.37,4.87,0.68,45.1,0.27,0.93,NA,0.03,0.1,0.1,39.13,33.33,1.3,251.67,0.0,0.0,751.67,986.67,NA
2026-05-20 12:00:00,44.0,178.0,3.08,22.38,14.43,73.58,2.2,0.57,51.2,0.25,1.08,NA,0.0,0.1,0.08,40.25,30.75,1.35,262.25,0.0,0.0,744.0,987.0,NA
2026-05-20 13:00:00,46.0,150.0,3.33,19.77,13.17,67.23,1.47,0.54,55.13,0.2,1.33,NA,0.0,0.1,0.03,40.9,29.67,0.97,268.67,0.0,0.0,682.33,987.0,NA
2026-05-20 14:00:00,46.0,132.0,3.25,20.4,13.55,65.35,4.6,0.4,56.75,0.25,1.2,NA,0.0,0.1,0.1,41.4,29.0,1.05,273.0,0.0,0.0,517.5,988.0,NA
2026-05-20 15:00:00,48.0,143.0,3.4,21.95,14.45,68.8,4.4,0.39,52.63,0.3,1.23,NA,0.08,0.13,0.13,41.4,29.0,1.18,273.5,0.0,0.0,407.25,987.25,NA
2026-05-20 16:00:00,50.0,139.0,3.93,24.13,16.17,66.67,4.83,0.42,54.6,0.23,1.23,NA,0.1,0.17,0.2,41.3,29.0,1.1,272.33,0.0,0.0,253.33,986.33,NA
2026-05-20 17:00:00,48.0,151.0,4.73,32.4,21.05,68.03,5.2,0.64,50.1,0.38,2.05,NA,0.33,0.48,0.6,40.23,30.25,0.5,262.25,0.0,0.0,91.25,986.75,NA
2026-05-20 18:00:00,50.0,173.0,15.95,72.45,51.45,62.43,8.33,2.3,25.6,0.83,4.1,NA,0.93,0.78,1.18,38.1,33.75,0.35,242.0,0.0,0.0,39.0,986.25,NA
2026-05-20 19:00:00,90.0,333.0,34.65,97.3,79.43,58.43,16.95,3.18,10.68,1.5,8.55,NA,2.55,1.63,2.28,36.03,37.0,0.3,222.25,0.0,0.0,11.75,987.0,NA
2026-05-20 20:00:00,106.0,350.0,13.67,94.1,61.07,53.77,5.15,2.57,11.37,2.07,14.1,NA,4.27,3.4,3.5,35.27,36.33,0.3,214.67,0.0,0.0,9.67,987.33,NA
2026-05-20 21:00:00,77.0,254.0,7.35,87.0,52.28,50.03,5.23,2.3,11.08,1.43,11.15,NA,2.75,1.85,2.4,34.85,35.25,0.3,211.5,0.0,0.0,9.25,987.25,NA
2026-05-20 22:00:00,68.0,246.0,7.7,49.75,32.75,57.35,2.5,1.13,20.85,0.9,5.15,NA,1.45,1.1,1.45,34.95,35.5,0.45,212.0,0.0,0.0,9.5,988.0,NA
2026-05-20 23:00:00,45.0,184.0,2.87,49.43,28.8,54.93,0.77,0.92,19.2,0.57,2.93,NA,0.67,0.6,0.9,34.5,36.0,0.37,208.0,0.0,0.0,9.67,987.33,NA
2026-05-21 00:00:00,56.0,178.0,4.1,42.9,26.05,50.35,3.4,0.69,19.5,1.85,4.1,NA,0.6,0.65,0.6,34.35,37.0,0.75,206.5,0.0,0.0,9.0,985.0,NA
2026-05-21 01:00:00,61.0,185.0,4.58,40.05,24.93,48.9,7.78,0.75,21.65,2.73,3.28,NA,0.63,0.45,0.45,34.2,37.5,0.8,205.0,0.0,0.0,9.0,985.0,NA
2026-05-21 02:00:00,66.0,174.0,2.8,35.85,21.3,127.85,NA,0.64,19.6,3.7,2.35,NA,0.63,0.2,0.3,33.73,38.0,0.75,200.25,0.0,0.0,9.0,985.0,NA
2026-05-21 03:00:00,52.0,157.0,5.03,35.58,23.03,133.03,2.38,0.54,22.73,1.43,1.6,NA,0.18,0.13,0.13,33.48,38.25,0.93,198.25,0.0,0.0,9.25,986.0,NA
2026-05-21 04:00:00,44.0,145.0,2.9,36.55,21.78,89.98,5.13,0.48,20.03,0.5,1.38,NA,0.1,0.1,0.1,33.05,39.0,1.17,194.25,0.0,0.0,9.75,988.0,NA
2026-05-21 05:00:00,48.0,163.0,2.63,35.87,21.07,67.7,8.2,0.59,18.88,1.28,1.8,NA,0.18,0.18,0.13,32.8,39.75,1.53,191.75,0.0,0.0,11.75,987.25,NA
2026-05-21 06:00:00,67.0,233.0,6.15,34.03,23.1,59.5,13.03,0.61,18.88,3.25,1.93,NA,0.43,0.2,0.15,32.6,40.25,1.48,190.0,0.0,0.0,43.25,987.0,NA
2026-05-21 07:00:00,53.0,265.0,7.2,36.35,25.18,53.68,13.63,0.72,21.25,3.4,1.75,NA,0.38,0.18,0.1,33.6,39.25,1.4,199.5,0.0,0.0,204.75,986.25,NA
2026-05-21 08:00:00,55.0,309.0,2.35,25.7,15.45,45.65,2.65,0.57,29.95,0.3,0.85,NA,0.0,0.0,0.1,35.55,36.0,2.15,218.0,0.0,0.0,442.0,985.0,NA
2026-05-21 09:00:00,72.0,455.0,7.33,24.18,17.08,43.05,0.4,0.56,33.8,0.2,0.53,NA,0.0,0.0,0.03,36.58,34.5,2.4,227.75,0.0,0.0,491.75,985.0,NA
2026-05-21 10:00:00,81.0,554.0,5.7,22.27,16.4,44.7,NA,0.54,38.53,0.2,0.9,NA,0.0,0.0,0.1,37.5,34.0,2.43,236.33,0.0,0.0,564.0,985.0,NA
2026-05-21 11:00:00,100.0,470.0,4.88,23.05,16.2,45.0,NA,0.5,41.95,0.2,0.68,NA,0.0,0.03,0.08,38.45,33.0,2.45,245.25,0.0,0.0,689.75,986.0,NA
2026-05-21 12:00:00,149.0,475.0,5.5,25.8,18.28,47.9,NA,0.44,44.18,0.25,1.17,NA,0.08,0.22,0.15,39.2,32.0,2.38,252.5,0.0,0.0,682.5,987.0,NA
2026-05-21 13:00:00,128.0,462.0,5.37,20.98,13.85,44.65,NA,0.43,47.88,0.23,1.38,NA,0.0,0.15,0.1,39.88,32.0,1.95,258.75,0.0,0.0,640.75,987.0,NA
2026-05-21 14:00:00,112.0,350.0,4.37,20.97,14.63,39.5,4.4,0.44,48.23,0.17,1.07,NA,0.0,0.1,0.03,40.47,31.0,1.67,264.33,0.0,0.0,524.67,987.0,NA
2026-05-21 15:00:00,108.0,344.0,3.7,22.23,14.83,41.53,4.45,0.41,48.25,0.2,1.6,NA,0.0,0.08,0.08,40.6,31.0,1.28,265.75,0.0,0.0,350.5,986.75,NA
2026-05-21 16:00:00,63.0,335.0,3.63,24.03,15.78,42.1,4.3,0.43,47.58,0.2,1.93,NA,0.08,0.08,0.1,40.58,30.0,0.98,265.5,0.0,0.0,226.5,985.75,NA
2026-05-21 17:00:00,55.0,262.0,2.8,27.1,16.75,44.83,4.58,0.56,45.48,0.25,3.3,NA,0.03,0.13,0.15,39.55,30.5,0.83,255.75,0.0,0.0,98.75,986.0,NA
2026-05-21 18:00:00,42.0,290.0,6.33,40.75,26.73,47.3,5.73,0.96,37.58,0.35,3.38,NA,0.18,0.18,0.28,38.1,32.0,0.65,242.25,0.0,0.0,41.5,985.5,NA
2026-05-21 19:00:00,56.0,322.0,5.5,64.35,38.6,43.1,9.25,1.48,20.8,0.85,10.35,NA,1.8,1.35,1.25,36.45,34.0,0.3,226.5,0.0,0.0,9.5,987.0,NA
2026-05-21 20:00:00,62.0,329.0,4.58,68.83,40.38,43.15,9.33,1.42,18.45,0.9,11.88,NA,1.2,1.53,1.5,35.9,34.0,0.48,221.0,0.0,0.0,10.0,987.25,NA
2026-05-21 21:00:00,59.0,337.0,4.93,54.33,33.1,42.47,9.8,1.33,19.43,1.5,7.5,NA,1.17,1.33,1.3,35.57,34.0,0.63,218.33,0.0,0.0,9.67,987.0,NA
2026-05-21 22:00:00,57.0,299.0,1.7,57.57,31.5,42.47,15.57,1.15,20.13,2.13,4.23,NA,1.1,1.07,1.03,35.33,34.0,1.07,216.0,0.0,0.0,9.0,987.0,NA
2026-05-21 23:00:00,46.0,246.0,6.63,64.18,39.58,41.9,17.53,0.66,14.85,1.2,2.58,NA,0.53,0.65,0.7,34.9,33.75,0.75,211.75,0.0,0.0,9.25,986.5,NA
2026-05-22 00:00:00,44.0,208.0,5.33,64.1,38.4,36.3,13.75,0.55,15.38,0.55,3.48,NA,0.3,0.45,0.48,34.38,34.0,0.63,207.0,0.0,0.0,9.0,984.75,NA
2026-05-22 01:00:00,38.0,184.0,8.43,62.0,39.8,35.8,23.08,0.56,13.75,1.73,3.2,NA,0.63,0.38,0.43,33.88,34.25,0.73,202.0,0.0,0.0,9.0,984.25,NA
2026-05-22 02:00:00,59.0,213.0,6.0,52.45,32.9,108.6,6.7,0.44,13.3,1.58,2.18,NA,0.4,0.23,0.23,33.08,35.0,0.55,194.25,0.0,0.0,9.0,984.25,NA
2026-05-22 03:00:00,42.0,153.0,7.15,47.07,30.88,118.63,8.75,0.43,15.8,0.58,1.5,NA,0.1,0.13,0.08,32.55,35.75,0.55,189.25,0.0,0.0,9.0,985.5,NA
2026-05-22 04:00:00,55.0,207.0,8.33,60.08,38.83,91.15,14.95,0.5,10.9,0.67,2.58,NA,0.15,0.28,0.15,32.05,37.0,0.4,184.5,0.0,0.0,9.75,987.75,NA
2026-05-22 05:00:00,53.0,179.0,5.2,54.35,33.05,73.88,12.05,0.49,13.9,1.13,2.3,NA,0.22,0.23,0.18,31.63,37.0,0.33,180.5,0.0,0.0,11.5,988.0,NA
2026-05-22 06:00:00,62.0,194.0,5.48,51.55,31.9,62.5,8.95,0.59,19.25,1.13,2.43,NA,0.18,0.23,0.2,32.15,36.25,0.98,185.5,0.0,0.0,43.75,988.0,NA
2026-05-22 07:00:00,55.0,230.0,6.1,41.67,27.07,54.5,11.7,0.73,26.07,3.13,2.07,NA,0.43,0.2,0.23,33.13,36.0,1.1,195.33,0.0,0.0,191.67,987.33,NA
2026-05-22 08:00:00,56.0,254.0,4.25,37.2,23.3,47.35,10.6,0.78,32.4,1.35,1.4,NA,0.2,0.2,0.2,34.25,36.0,1.0,205.0,0.0,0.0,360.0,985.0,NA
2026-05-22 09:00:00,69.0,291.0,5.68,38.1,24.85,43.33,11.6,0.97,55.0,0.88,1.42,NA,0.15,0.18,0.18,35.9,35.25,0.98,221.0,0.0,0.0,504.75,984.0,NA
2026-05-22 10:00:00,83.0,321.0,3.7,38.47,23.43,45.5,12.5,1.05,71.87,0.78,2.18,NA,0.2,0.3,0.28,37.3,34.5,1.05,234.0,0.0,0.0,598.0,985.0,NA
2026-05-22 11:00:00,77.0,340.0,2.8,30.9,18.7,44.9,12.2,0.84,83.17,0.68,3.53,NA,0.15,0.3,0.25,38.38,33.5,1.43,244.75,0.0,0.0,708.5,986.0,NA
2026-05-22 12:00:00,62.0,296.0,5.73,24.88,17.7,264.83,6.93,0.51,76.73,0.58,4.98,NA,0.1,0.25,0.2,39.13,33.25,1.38,251.5,0.0,0.0,706.0,988.0,NA
2026-05-22 13:00:00,57.0,266.0,2.53,24.53,14.35,156.0,6.75,0.22,71.75,0.38,3.35,NA,0.08,0.2,0.13,40.03,32.0,1.3,260.25,0.0,0.0,630.75,987.25,NA
2026-05-22 14:00:00,39.0,246.0,2.9,18.73,12.33,123.7,10.2,0.44,68.53,0.2,1.5,NA,0.0,0.1,0.03,40.43,31.0,1.13,264.0,0.0,0.0,509.67,988.0,NA
2026-05-22 15:00:00,36.0,257.0,4.53,25.68,15.98,89.48,11.63,0.43,66.5,0.18,0.78,NA,0.03,0.03,0.0,40.32,31.0,1.2,262.5,0.0,0.0,340.5,987.75,NA
2026-05-22 16:00:00,41.0,354.0,3.83,26.2,16.97,82.23,10.9,0.38,62.17,0.2,1.17,NA,0.0,0.03,0.0,40.0,30.33,1.13,260.0,0.0,0.0,217.0,986.0,NA
2026-05-22 17:00:00,44.0,245.0,1.3,33.55,18.8,13.15,13.45,0.69,74.55,0.25,0.65,NA,0.0,0.05,0.0,37.85,35.5,0.55,239.5,0.0,0.0,50.5,986.0,NA
2026-05-22 18:00:00,101.0,283.0,3.07,42.78,24.48,35.23,13.23,0.98,61.15,0.63,1.75,NA,0.05,0.18,0.13,36.6,37.75,0.38,228.0,0.0,0.0,29.75,986.0,NA
2026-05-22 19:00:00,125.0,312.0,3.9,50.9,30.2,38.95,15.2,1.3,50.85,1.25,3.3,NA,0.2,0.65,0.3,35.85,39.5,0.4,221.0,0.0,0.0,12.5,986.5,NA
2026-05-22 20:00:00,133.0,370.0,7.77,50.7,33.2,38.57,14.63,1.16,31.4,0.53,0.9,NA,0.1,0.13,0.1,34.7,40.0,0.37,210.0,0.0,0.0,9.67,987.33,NA
2026-05-22 21:00:00,94.0,320.0,5.3,46.33,28.93,40.78,16.85,1.13,26.6,0.43,1.0,NA,0.1,0.08,0.1,33.95,41.0,0.35,202.5,0.0,0.0,9.5,987.0,NA
2026-05-22 22:00:00,90.0,296.0,4.8,44.13,27.3,41.93,16.03,0.96,22.05,0.48,1.18,NA,0.1,0.08,0.1,33.48,41.0,0.45,198.0,0.0,0.0,9.25,987.0,NA
2026-05-22 23:00:00,58.0,282.0,4.85,55.95,33.8,40.23,11.05,0.78,14.08,0.35,1.6,NA,0.05,0.13,0.1,33.3,40.75,0.38,196.75,0.0,0.0,9.75,986.75,NA
2026-05-23 00:00:00,69.0,266.0,4.58,59.38,35.38,38.9,9.52,0.71,12.73,0.43,6.48,NA,0.1,0.3,0.23,33.13,40.25,0.38,195.0,0.0,0.0,9.0,985.0,NA
2026-05-23 01:00:00,80.0,257.0,8.05,72.23,44.95,30.03,10.88,0.7,9.9,0.53,7.13,NA,0.2,0.58,0.35,33.08,40.0,0.35,194.25,0.0,0.0,9.0,985.0,NA
2026-05-23 02:00:00,75.0,327.0,19.55,77.1,57.05,25.6,11.8,0.72,5.73,0.67,7.73,NA,0.28,0.68,0.43,32.85,40.5,0.38,192.25,0.0,0.0,9.0,985.0,NA
2026-05-23 03:00:00,90.0,280.0,5.78,56.7,35.03,43.48,29.0,0.79,10.45,0.65,7.33,NA,0.38,0.67,0.45,32.35,42.0,0.43,187.5,0.0,0.0,9.25,985.25,NA
2026-05-23 04:00:00,121.0,276.0,4.43,55.63,33.15,58.13,40.08,0.84,12.93,0.7,3.85,NA,0.33,0.55,0.38,32.23,42.0,0.45,186.25,0.0,0.0,9.75,987.75,NA
2026-05-23 05:00:00,129.0,285.0,6.55,60.63,37.7,50.55,34.8,1.04,10.4,2.5,3.55,NA,0.48,0.45,0.38,31.9,43.75,0.43,183.0,0.0,0.0,11.5,987.25,NA
2026-05-23 06:00:00,140.0,331.0,7.35,62.45,39.3,47.58,40.48,1.14,11.35,2.03,3.33,NA,0.53,0.4,0.43,31.95,43.75,0.48,183.75,0.0,0.0,43.25,987.0,NA
2026-05-23 07:00:00,129.0,346.0,7.05,55.83,35.48,48.65,35.35,1.18,24.53,0.83,2.82,NA,0.23,0.28,0.28,33.1,42.25,0.73,194.5,0.0,0.0,171.75,986.75,NA
2026-05-23 08:00:00,153.0,385.0,4.6,35.33,22.6,43.93,10.55,0.88,31.17,0.7,2.1,NA,0.1,0.2,0.2,32.3,43.67,1.17,187.33,0.0,0.0,158.0,985.0,NA
2026-05-23 09:00:00,48.0,239.0,5.48,47.98,30.03,34.03,10.13,1.12,29.03,0.28,0.88,NA,0.08,0.1,0.15,33.65,41.75,0.53,200.0,0.0,0.0,285.25,985.0,NA
2026-05-23 10:00:00,50.0,248.0,5.05,42.18,26.68,38.55,10.1,1.05,52.6,0.55,2.88,NA,0.6,0.35,0.5,37.23,36.0,0.63,234.0,0.0,0.0,590.5,985.0,NA
2026-05-23 11:00:00,35.0,194.0,3.0,30.5,18.7,41.6,9.05,0.69,49.9,4.8,2.65,NA,0.15,0.2,0.2,36.35,36.5,2.3,225.5,0.0,0.0,442.0,985.5,NA
2026-05-23 12:00:00,45.0,239.0,6.4,33.83,21.5,42.6,10.3,0.66,56.47,0.77,2.0,NA,0.1,0.17,0.13,37.63,35.33,1.87,237.33,0.0,0.0,665.33,987.0,NA
2026-05-23 13:00:00,41.0,257.0,2.43,28.17,16.97,42.17,10.77,0.61,63.73,0.33,1.13,NA,0.0,0.1,0.0,38.6,34.0,1.97,247.0,0.0,0.0,597.33,987.0,NA
2026-05-23 14:00:00,34.0,233.0,2.85,26.4,16.43,44.43,12.53,0.41,58.08,0.23,0.65,NA,0.0,0.03,0.03,39.25,32.5,1.55,252.5,0.0,0.0,462.5,987.0,NA
2026-05-23 15:00:00,46.0,467.0,3.53,24.33,15.83,43.18,11.23,0.38,54.78,0.13,0.38,NA,0.0,0.0,0.0,39.33,32.0,1.08,253.25,0.0,0.0,358.5,987.0,NA
2026-05-23 16:00:00,35.0,381.0,4.23,27.15,16.7,47.35,11.35,0.38,54.83,0.2,1.03,NA,0.0,0.0,0.0,38.98,32.0,1.45,250.25,0.0,0.0,238.75,985.5,NA
2026-05-23 17:00:00,46.0,288.0,4.83,33.08,21.48,45.48,11.23,0.51,49.6,0.3,2.3,NA,0.03,0.15,0.1,38.1,32.0,1.25,242.25,0.0,0.0,96.25,985.0,NA
2026-05-23 18:00:00,47.0,290.0,4.58,46.05,28.23,44.68,12.55,0.72,43.33,0.48,3.35,NA,0.13,0.35,0.25,37.1,33.0,0.83,232.5,0.0,0.0,40.25,985.25,NA
2026-05-23 19:00:00,56.0,365.0,4.2,54.5,32.53,46.23,14.6,1.2,26.6,0.77,6.73,NA,0.57,1.17,1.0,35.27,38.0,0.57,215.0,0.0,0.0,10.0,985.67,NA
2026-05-23 20:00:00,67.0,371.0,4.8,58.85,35.3,46.25,11.95,1.59,21.35,0.75,6.1,NA,1.2,1.25,1.3,34.55,39.5,0.5,208.5,0.0,0.0,9.5,987.0,NA
2026-05-23 21:00:00,68.0,353.0,4.2,58.83,34.7,44.88,12.55,1.39,17.08,0.98,5.5,NA,1.23,1.08,1.15,34.15,40.75,0.5,204.5,0.0,0.0,9.25,987.0,NA
2026-05-23 22:00:00,58.0,323.0,5.88,61.5,37.7,43.45,15.05,1.49,11.08,0.9,3.83,NA,0.65,0.65,0.88,33.6,42.25,0.4,199.5,0.0,0.0,9.5,987.0,NA
2026-05-23 23:00:00,57.0,294.0,7.75,72.2,44.65,42.23,23.25,1.34,7.4,2.68,4.05,NA,1.23,0.48,0.88,33.15,42.75,0.43,195.25,0.0,0.0,9.25,987.0,NA
2026-05-24 00:00:00,73.0,320.0,14.53,78.98,53.78,39.75,26.45,0.99,6.13,0.73,3.1,NA,0.53,0.95,0.5,32.85,41.25,0.35,191.75,0.0,0.0,9.25,985.0,NA
2026-05-24 01:00:00,132.0,515.0,6.6,63.57,39.28,44.08,23.4,0.87,12.78,0.78,3.43,NA,0.5,0.6,0.38,32.48,41.25,0.45,188.75,0.0,0.0,9.0,985.0,NA
2026-05-24 02:00:00,83.0,282.0,7.05,56.8,36.05,41.8,20.6,0.81,12.25,0.63,2.72,NA,0.28,0.43,0.35,32.03,42.0,0.48,184.5,0.0,0.0,9.0,985.0,NA
2026-05-24 03:00:00,111.0,294.0,5.5,57.1,35.03,48.8,25.25,0.78,14.68,0.5,2.08,NA,0.18,0.48,0.28,31.7,42.0,0.63,181.5,0.0,0.0,9.0,985.0,NA
2026-05-24 04:00:00,110.0,282.0,3.4,53.0,29.73,57.33,23.73,0.73,15.65,0.4,2.28,NA,0.13,0.35,0.18,31.33,43.0,0.68,177.5,0.0,0.0,9.5,987.75,NA
2026-05-24 05:00:00,111.0,274.0,2.73,48.53,28.07,60.4,22.77,0.75,17.83,0.5,2.5,NA,0.1,0.3,0.2,31.07,43.0,0.9,175.33,0.0,0.0,10.0,987.67,NA
2026-05-24 06:00:00,119.0,295.0,6.17,51.67,32.5,56.07,28.9,1.02,16.7,1.87,3.17,NA,0.5,0.23,0.3,31.0,44.33,0.43,174.67,0.0,0.0,51.33,987.0,NA
2026-05-24 07:00:00,128.0,338.0,5.45,52.8,32.6,59.05,37.08,1.17,24.8,2.48,3.13,NA,0.68,0.3,0.3,32.2,43.0,0.85,186.25,0.0,0.0,197.75,987.0,NA
2026-05-24 08:00:00,144.0,355.0,6.7,38.98,26.2,55.23,23.33,1.0,38.83,1.2,2.03,NA,0.25,0.15,0.23,33.43,41.5,1.8,198.0,0.0,0.0,375.25,985.25,NA
2026-05-24 09:00:00,150.0,412.0,5.13,33.2,21.83,47.73,13.48,0.9,45.98,0.48,1.15,NA,0.08,0.1,0.1,35.43,38.5,1.45,216.75,0.0,0.0,524.25,985.0,NA
2026-05-24 10:00:00,77.0,291.0,4.97,28.43,19.17,45.1,8.33,0.84,57.43,0.33,0.87,NA,0.1,0.1,0.1,37.23,35.0,1.47,233.67,0.0,0.0,571.33,985.0,NA
2026-05-24 11:00:00,69.0,243.0,3.47,23.73,15.47,48.0,6.33,0.66,59.33,0.27,0.93,NA,0.03,0.1,0.1,38.63,31.33,1.9,247.0,0.0,0.0,714.67,985.0,NA
2026-05-24 12:00:00,58.0,227.0,4.33,26.8,17.88,51.88,2.9,0.61,55.5,0.25,0.8,NA,0.0,0.08,0.05,39.55,30.0,1.85,255.5,0.0,0.0,701.0,987.25,NA
2026-05-24 13:00:00,33.0,188.0,3.63,26.73,17.13,45.0,2.57,0.55,57.6,0.2,0.63,NA,0.0,0.03,0.0,40.2,29.67,1.77,262.0,0.0,0.0,646.67,987.0,NA
2026-05-24 14:00:00,34.0,195.0,3.28,23.25,15.0,48.0,10.17,0.38,59.15,0.18,0.7,NA,0.0,0.03,0.03,40.33,29.25,1.83,263.25,0.0,0.0,531.0,987.0,NA
2026-05-24 15:00:00,39.0,201.0,4.03,21.9,14.93,45.75,11.95,0.34,58.43,0.18,0.8,NA,0.0,0.08,0.0,40.43,28.75,1.7,264.25,0.0,0.0,393.75,987.0,NA
2026-05-24 16:00:00,30.0,174.0,1.35,23.3,13.6,46.8,12.3,0.35,57.5,0.15,0.45,NA,0.0,0.0,0.0,40.55,28.0,1.4,265.0,0.0,0.0,280.5,986.0,NA
2026-05-24 17:00:00,30.0,195.0,4.27,29.38,18.13,46.45,12.45,0.53,54.05,0.28,1.65,NA,0.03,0.15,0.13,39.2,29.75,0.93,252.5,0.0,0.0,97.25,985.5,NA
2026-05-24 18:00:00,45.0,234.0,5.7,55.1,34.0,43.2,14.27,1.45,40.0,0.47,3.43,NA,0.3,0.4,0.4,37.73,32.33,0.5,238.67,0.0,0.0,42.0,985.0,NA
2026-05-24 19:00:00,68.0,340.0,8.85,91.88,56.1,42.35,19.6,2.23,13.75,1.55,8.55,NA,2.05,2.43,2.98,35.43,36.0,0.33,216.75,0.0,0.0,11.25,985.0,NA
2026-05-24 20:00:00,69.0,350.0,6.88,98.25,57.88,44.63,20.5,2.24,13.43,1.1,4.3,NA,0.9,1.03,1.43,35.1,37.25,0.3,213.5,0.0,0.0,9.5,987.75,NA
2026-05-24 21:00:00,88.0,412.0,7.98,108.43,64.15,40.9,19.48,2.65,7.57,1.5,4.73,NA,1.05,1.33,1.55,34.23,39.5,0.3,205.5,0.0,0.0,9.5,987.0,NA
2026-05-24 22:00:00,127.0,389.0,23.45,111.38,78.45,34.73,21.4,3.05,5.78,1.65,6.48,NA,2.05,1.88,1.98,34.08,40.0,0.33,204.0,0.0,0.0,9.25,987.0,NA
2026-05-24 23:00:00,89.0,379.0,37.45,113.03,90.7,34.1,20.9,2.75,5.1,1.5,7.2,NA,2.35,1.75,2.1,34.2,39.0,0.3,205.0,0.0,0.0,9.5,987.0,NA
2026-05-25 00:00:00,74.0,338.0,17.03,96.45,65.1,40.2,16.58,1.83,4.63,1.08,5.05,NA,1.35,0.53,1.53,33.93,38.25,0.3,202.25,0.0,0.0,9.25,984.75,NA
2026-05-25 01:00:00,59.0,268.0,7.6,56.78,36.45,43.18,14.0,1.06,8.55,0.75,3.8,NA,0.65,0.68,1.0,34.05,35.75,0.45,203.75,0.0,0.0,9.0,984.25,NA
2026-05-25 02:00:00,39.0,257.0,7.1,46.2,30.2,41.05,13.8,0.57,9.1,0.75,1.78,NA,0.2,0.23,0.18,33.88,35.5,0.5,202.0,0.0,0.0,9.0,984.75,NA
2026-05-25 03:00:00,46.0,290.0,7.55,40.28,27.6,45.83,14.45,0.57,10.35,0.38,1.63,NA,0.1,0.08,0.1,33.23,36.0,1.15,195.75,0.0,0.0,9.0,984.25,NA
2026-05-25 04:00:00,66.0,362.0,3.93,33.95,21.18,53.33,10.75,0.52,17.13,0.33,1.18,NA,0.03,0.13,0.08,33.33,37.0,1.33,196.75,0.0,0.0,9.25,987.25,NA
2026-05-25 05:00:00,57.0,383.0,4.35,30.7,19.98,54.28,8.9,0.54,21.68,0.3,0.85,NA,0.0,0.03,0.08,33.3,37.5,1.25,196.5,0.0,0.0,12.5,987.25,NA
2026-05-25 06:00:00,58.0,339.0,4.68,39.55,24.95,47.8,11.65,0.64,19.2,0.33,1.08,NA,0.03,0.1,0.1,33.1,38.75,0.8,194.75,0.0,0.0,50.25,987.0,NA
2026-05-25 07:00:00,67.0,349.0,5.08,36.93,23.78,50.65,10.1,0.7,19.53,0.35,1.13,NA,0.08,0.08,0.1,33.95,39.0,1.28,203.0,0.0,0.0,167.25,987.0,NA
2026-05-25 08:00:00,63.0,343.0,4.65,30.2,19.9,50.75,14.43,0.73,22.05,0.3,0.85,NA,0.03,0.05,0.1,34.9,39.0,1.5,211.5,0.0,0.0,327.5,985.25,NA
2026-05-25 09:00:00,78.0,366.0,5.78,29.28,20.28,44.45,14.05,0.74,24.15,0.33,0.83,NA,0.0,0.1,0.1,36.2,38.0,1.63,223.75,0.0,0.0,454.0,985.0,NA
2026-05-25 10:00:00,72.0,459.0,2.5,23.72,13.92,47.33,12.7,0.68,25.72,0.2,0.9,NA,0.05,0.1,0.1,37.38,37.5,1.8,235.0,0.0,0.0,553.25,985.0,NA
2026-05-25 11:00:00,NA,NA,5.08,21.85,15.78,46.05,13.2,0.63,31.43,0.2,0.7,NA,0.0,0.1,0.1,38.05,36.5,1.65,241.5,0.0,0.0,653.75,985.5,NA
2026-05-25 12:00:00,62.0,459.0,4.8,22.95,16.1,52.55,12.7,0.58,39.05,0.23,0.73,NA,0.0,0.13,0.03,39.18,35.25,1.43,252.25,0.0,0.0,648.25,987.25,NA
2026-05-25 13:00:00,44.0,445.0,5.23,22.9,16.48,52.6,12.65,0.56,44.5,0.18,0.78,NA,0.0,0.1,0.08,40.03,34.0,1.3,260.25,0.0,0.0,575.0,988.0,NA
2026-05-25 14:00:00,56.0,428.0,4.23,19.65,13.83,49.53,11.47,0.49,44.65,0.18,0.73,NA,0.0,0.08,0.08,40.6,33.25,0.95,265.75,0.0,0.0,467.75,987.75,NA
2026-05-25 15:00:00,55.0,421.0,3.6,22.53,14.85,50.43,10.55,0.46,44.15,0.13,1.2,NA,0.0,0.08,0.1,40.58,33.0,1.15,265.25,0.0,0.0,347.75,987.25,NA
2026-05-25 16:00:00,48.0,409.0,3.5,23.28,15.3,53.05,10.48,0.47,42.8,0.2,2.85,NA,0.08,0.13,0.1,39.95,33.0,1.1,259.25,0.0,0.0,215.0,986.25,NA
2026-05-25 17:00:00,59.0,411.0,4.65,31.03,20.25,52.58,9.85,0.5,39.78,0.23,2.88,NA,0.08,0.15,0.15,38.95,32.5,1.55,250.0,0.0,0.0,103.75,986.0,NA
2026-05-25 18:00:00,58.0,450.0,5.23,53.73,32.9,47.87,11.77,0.8,32.88,0.38,4.03,NA,0.2,0.38,0.3,37.9,33.5,1.28,240.0,0.0,0.0,29.75,986.0,NA
2026-05-25 19:00:00,92.0,575.0,7.8,77.07,47.3,43.53,13.53,1.38,18.7,0.43,6.4,NA,0.4,0.97,0.7,36.63,35.33,0.5,228.33,0.0,0.0,10.0,986.0,NA
2026-05-25 20:00:00,88.0,553.0,9.25,94.48,57.78,49.0,14.37,1.66,9.83,0.83,13.73,NA,1.33,2.0,1.05,36.15,37.0,0.33,223.25,0.0,0.0,9.75,987.75,NA
2026-05-25 21:00:00,89.0,532.0,10.15,88.28,55.13,44.98,14.18,1.92,8.83,0.73,11.85,NA,1.2,0.8,1.2,34.93,39.5,0.35,212.25,0.0,0.0,9.0,987.0,NA
2026-05-25 22:00:00,101.0,572.0,6.58,77.05,46.43,51.78,18.48,1.67,14.25,0.8,7.58,NA,0.95,0.35,1.03,34.9,41.5,0.4,211.5,0.0,0.0,9.25,987.0,NA
2026-05-25 23:00:00,119.0,536.0,6.53,59.63,37.15,52.45,27.6,1.41,15.85,0.8,2.6,NA,0.3,0.2,0.28,33.98,44.5,0.4,202.75,0.0,0.0,9.5,987.5,NA
2026-05-26 00:00:00,124.0,499.0,7.13,76.28,46.4,50.4,29.25,1.41,10.7,0.9,1.5,NA,0.1,0.28,0.13,33.25,45.5,0.3,196.0,0.0,0.0,9.25,986.5,NA
2026-05-26 01:00:00,123.0,398.0,18.55,96.73,66.35,37.18,24.98,1.43,7.73,0.73,2.18,NA,0.1,0.25,0.23,32.83,46.0,0.33,191.75,0.0,0.0,9.0,986.0,NA
2026-05-26 02:00:00,136.0,508.0,18.1,87.4,61.15,45.1,16.9,1.2,12.15,0.88,10.7,NA,0.52,1.08,0.68,33.15,42.25,0.63,194.75,0.0,0.0,9.0,985.5,NA
2026-05-26 03:00:00,144.0,486.0,9.6,75.43,47.8,43.1,18.15,1.07,10.13,0.75,5.7,NA,0.28,0.63,0.45,32.4,41.25,0.38,187.5,0.0,0.0,9.0,985.75,NA
2026-05-26 04:00:00,79.0,255.0,12.43,83.53,54.48,46.0,19.78,1.02,5.8,0.55,3.55,NA,0.2,0.28,0.2,31.88,42.5,0.3,183.0,0.0,0.0,9.5,987.25,NA
2026-05-26 05:00:00,91.0,283.0,44.08,88.3,82.85,52.33,20.08,1.12,4.45,0.67,4.33,NA,0.4,0.68,0.45,31.6,43.25,0.48,180.5,0.0,0.0,12.25,988.0,NA
2026-05-26 06:00:00,136.0,574.0,17.43,75.08,54.18,67.0,40.47,1.29,10.02,0.7,4.85,NA,0.55,0.68,0.55,31.28,44.0,0.6,177.25,0.0,0.0,39.25,987.25,NA
2026-05-26 07:00:00,207.0,412.0,6.08,52.33,32.7,71.3,42.38,1.18,27.25,0.65,2.38,NA,0.2,0.3,0.25,33.1,40.25,0.65,194.75,0.0,0.0,251.0,987.5,NA
2026-05-26 08:00:00,133.0,327.0,3.48,50.85,30.03,60.23,25.97,1.32,47.58,0.78,2.05,NA,0.15,0.35,0.18,35.25,37.5,0.95,214.75,0.0,0.0,446.5,986.0,NA
2026-05-26 09:00:00,103.0,340.0,3.45,44.08,26.23,54.2,28.93,1.44,63.38,1.33,2.18,NA,0.25,0.3,0.3,36.15,36.25,1.23,223.25,0.0,0.0,551.0,985.0,NA
2026-05-26 10:00:00,100.0,306.0,2.63,31.73,18.98,55.78,23.4,1.1,73.18,0.88,1.53,NA,0.2,0.23,0.28,37.78,33.25,1.3,239.0,0.0,0.0,632.25,985.0,NA
2026-05-26 11:00:00,59.0,251.0,2.93,24.88,15.58,58.98,14.67,0.69,67.4,0.38,1.53,NA,0.1,0.15,0.15,38.6,30.25,2.0,246.75,0.0,0.0,763.5,985.25,NA
2026-05-26 12:00:00,35.0,226.0,3.57,27.93,17.85,65.05,12.08,0.59,65.53,0.28,2.08,NA,0.03,0.2,0.1,39.7,28.5,1.85,257.0,0.0,0.0,747.25,987.5,NA
2026-05-26 13:00:00,16.0,205.0,4.95,23.13,16.45,62.58,10.53,0.57,67.4,0.2,0.98,NA,0.0,0.08,0.05,40.95,28.0,2.33,260.0,0.0,0.0,663.5,988.0,NA
2026-05-26 14:00:00,13.0,232.0,3.73,24.0,15.65,55.55,11.13,0.39,66.25,0.2,0.88,NA,0.0,0.03,0.0,41.55,28.0,2.1,263.5,0.0,0.0,511.25,988.0,NA
2026-05-26 15:00:00,20.0,218.0,3.17,26.1,15.73,54.08,11.03,0.35,68.73,0.23,0.9,NA,0.0,0.05,0.0,41.48,28.0,1.85,262.5,0.0,0.0,385.25,988.0,NA
2026-05-26 16:00:00,16.0,188.0,1.25,25.28,14.5,53.35,11.83,0.4,68.05,0.25,1.45,NA,0.0,0.1,0.08,41.2,28.0,1.95,260.0,0.0,0.0,246.0,986.75,NA
2026-05-26 17:00:00,33.0,191.0,3.67,30.4,18.4,52.2,12.13,0.48,64.38,0.35,1.73,NA,0.03,0.13,0.1,40.45,28.25,1.6,253.0,0.0,0.0,86.5,986.0,NA
2026-05-26 18:00:00,34.0,191.0,3.97,45.2,27.3,50.25,11.28,0.88,53.83,0.3,2.23,NA,0.08,0.18,0.1,39.35,29.25,1.18,243.0,0.0,0.0,39.25,986.0,NA
2026-05-26 19:00:00,44.0,229.0,8.13,86.85,52.85,41.5,13.25,2.04,25.1,0.7,8.5,NA,0.43,0.38,0.4,37.47,31.75,0.38,226.0,0.0,0.0,11.5,985.5,NA
2026-05-26 20:00:00,84.0,385.0,12.18,125.85,76.9,47.55,14.1,2.48,8.13,1.58,34.88,NA,1.85,1.83,1.9,36.28,33.25,0.33,214.75,0.0,0.0,9.25,987.0,NA
2026-05-26 21:00:00,91.0,456.0,11.18,111.23,68.3,51.6,13.83,2.19,5.83,1.1,41.73,NA,1.1,1.6,1.48,35.03,36.25,0.3,203.0,0.0,0.0,9.25,988.0,NA
2026-05-26 22:00:00,117.0,447.0,34.23,116.38,89.8,47.95,15.6,2.41,5.07,0.8,23.65,NA,1.4,1.88,1.68,34.68,37.25,0.3,199.75,0.0,0.0,9.5,988.0,NA
2026-05-26 23:00:00,114.0,461.0,9.63,98.08,59.93,59.73,15.4,1.45,10.43,0.73,15.75,NA,0.88,1.38,1.25,34.6,36.0,0.3,199.0,0.0,0.0,9.75,987.75,NA
2026-05-27 00:00:00,79.0,304.0,10.93,100.07,62.08,53.7,15.33,1.46,5.65,0.92,12.08,NA,0.55,1.08,0.9,33.9,37.0,0.3,193.0,0.0,0.0,9.0,986.0,NA
2026-05-27 01:00:00,77.0,329.0,40.48,106.58,89.6,39.95,18.18,1.44,4.23,1.2,11.85,NA,0.75,1.33,1.0,33.93,36.25,0.3,193.25,0.0,0.0,9.0,984.25,NA
2026-05-27 02:00:00,84.0,259.0,16.95,81.6,57.5,56.45,18.3,1.14,7.43,0.73,8.5,NA,0.53,0.25,0.85,33.2,37.75,0.3,186.5,0.0,0.0,9.0,984.75,NA
2026-05-27 03:00:00,55.0,200.0,6.4,69.33,42.2,60.3,25.65,1.09,13.45,0.98,5.43,NA,0.55,1.23,0.7,33.18,37.25,0.35,186.5,0.0,0.0,9.0,984.5,NA
2026-05-27 04:00:00,103.0,250.0,6.1,89.55,52.48,64.75,22.13,1.11,9.8,0.73,6.33,NA,0.58,0.6,0.83,33.25,37.0,0.45,187.25,0.0,0.0,9.25,986.5,NA
2026-05-27 05:00:00,118.0,315.0,5.7,66.78,40.23,89.75,40.95,1.21,17.23,0.8,6.38,NA,0.4,0.67,0.6,32.7,37.75,0.58,182.25,0.0,0.0,12.75,988.0,NA
2026-05-27 06:00:00,178.0,332.0,4.65,64.55,38.15,80.65,57.05,1.36,20.55,0.88,3.6,NA,0.3,0.45,0.38,32.4,38.75,0.38,179.0,0.0,0.0,41.75,988.0,NA
2026-05-27 07:00:00,121.0,284.0,4.3,54.88,31.6,78.28,42.48,1.39,33.08,0.75,2.4,NA,0.2,0.3,0.3,34.33,36.75,0.58,196.5,0.0,0.0,242.5,988.0,NA
2026-05-27 08:00:00,103.0,289.0,4.73,51.67,31.27,73.33,29.25,1.44,51.63,0.67,1.93,NA,0.17,0.27,0.3,36.4,34.0,0.77,215.67,0.0,0.0,431.0,986.67,NA
2026-05-27 09:00:00,124.0,311.0,5.35,44.8,28.15,60.5,24.33,1.39,72.33,0.7,2.33,NA,0.15,0.3,0.28,37.58,32.25,1.2,227.0,0.0,0.0,566.5,985.0,NA
2026-05-27 10:00:00,95.0,282.0,2.17,40.43,22.78,56.85,18.05,1.27,78.48,0.53,1.95,NA,0.13,0.23,0.3,39.25,30.5,1.0,242.25,0.0,0.0,619.25,985.0,NA
2026-05-27 11:00:00,56.0,222.0,4.3,33.75,21.4,55.13,12.4,1.02,71.5,0.38,2.1,NA,0.1,0.15,0.15,40.43,29.5,1.65,252.75,0.0,0.0,754.0,985.0,NA
2026-05-27 12:00:00,30.0,189.0,2.4,33.03,17.35,52.28,9.8,0.92,71.63,0.3,2.0,NA,0.05,0.1,0.08,41.28,28.5,1.5,260.5,0.0,0.0,738.0,986.75,NA
2026-05-27 13:00:00,8.0,160.0,1.2,34.68,19.1,52.38,8.68,0.85,74.3,1.25,2.1,NA,0.03,0.1,0.08,41.83,28.0,1.7,265.75,0.0,0.0,656.5,988.0,NA
2026-05-27 14:00:00,20.0,210.0,3.17,30.4,18.63,53.93,10.95,0.44,71.67,0.27,1.83,NA,0.0,0.07,0.1,42.3,28.0,2.03,270.0,0.0,0.0,533.33,988.0,NA
2026-05-27 15:00:00,20.0,224.0,3.5,36.2,22.13,53.15,10.08,0.33,66.7,0.2,1.78,NA,0.0,0.05,0.03,42.35,28.0,2.35,270.75,0.0,0.0,404.0,988.0,NA
2026-05-27 16:00:00,20.0,274.0,2.8,35.98,20.53,50.38,10.38,0.36,66.38,0.63,2.25,NA,0.0,0.1,0.03,41.95,28.0,2.38,267.0,0.0,0.0,245.25,987.0,NA
2026-05-27 17:00:00,33.0,444.0,7.0,33.28,23.45,51.33,10.5,0.48,64.25,0.38,2.93,NA,0.08,0.23,0.1,41.18,28.25,1.95,259.25,0.0,0.0,88.25,986.0,NA
2026-05-27 18:00:00,40.0,295.0,5.83,55.33,34.17,47.97,11.47,0.74,56.77,0.5,3.27,NA,0.13,0.37,0.23,40.0,29.33,1.33,249.33,0.0,0.0,43.0,986.0,NA
2026-05-27 19:00:00,53.0,350.0,6.9,97.8,56.23,46.55,16.23,1.81,29.05,0.93,7.78,NA,0.53,1.23,0.88,38.35,32.0,0.4,233.75,0.0,0.0,11.5,986.0,NA
2026-05-27 20:00:00,92.0,488.0,19.37,131.63,85.8,51.03,17.95,2.69,9.73,1.53,21.07,NA,2.07,1.77,2.07,37.1,33.67,0.3,222.33,0.0,0.0,9.67,987.33,NA
2026-05-27 21:00:00,119.0,549.0,29.38,128.85,92.45,61.58,20.38,2.4,4.53,2.05,27.45,NA,2.58,3.65,2.78,35.65,35.5,0.3,209.0,0.0,0.0,10.0,987.5,NA
2026-05-27 22:00:00,107.0,469.0,15.3,104.6,68.05,77.98,19.3,1.92,5.38,1.2,18.65,NA,1.83,2.08,1.15,34.7,37.0,0.3,200.5,0.0,0.0,9.75,988.0,NA
2026-05-27 23:00:00,90.0,388.0,40.7,111.53,92.38,86.98,23.5,2.67,5.08,1.4,17.95,NA,1.73,1.85,1.63,34.25,39.75,0.3,196.25,0.0,0.0,9.75,988.0,NA
2026-05-28 00:00:00,139.0,482.0,51.05,113.63,101.95,90.2,29.83,3.22,5.35,2.6,13.43,NA,2.73,2.58,1.53,33.88,42.5,0.3,192.75,0.0,0.0,9.75,986.75,NA
2026-05-28 01:00:00,196.0,552.0,38.7,122.23,96.45,74.53,29.6,2.87,5.05,2.35,12.7,NA,2.83,2.35,2.18,33.85,43.0,0.3,192.5,0.0,0.0,9.0,985.0,NA
2026-05-28 02:00:00,135.0,422.0,8.0,91.05,55.1,76.2,10.4,1.76,10.9,1.63,8.6,NA,1.68,1.8,1.55,33.98,42.0,0.4,193.75,0.0,0.0,9.0,985.0,NA
2026-05-28 03:00:00,100.0,300.0,4.18,61.55,36.15,80.0,11.65,1.36,31.65,1.05,6.1,NA,0.9,1.28,0.9,33.53,42.75,0.43,189.25,0.0,0.0,9.0,985.0,NA
2026-05-28 04:00:00,74.0,230.0,3.68,61.22,35.63,72.95,12.25,1.14,31.42,0.73,2.33,NA,0.13,0.35,0.18,32.75,44.5,0.33,182.5,0.0,0.0,9.0,986.5,NA
2026-05-28 05:00:00,74.0,204.0,5.27,56.28,32.08,102.13,15.28,1.36,22.55,1.25,3.58,NA,0.25,0.35,0.3,32.33,48.25,0.55,178.5,0.0,0.0,12.5,988.0,NA
2026-05-28 06:00:00,117.0,304.0,3.83,51.8,29.3,90.55,16.38,1.5,18.75,1.65,2.8,NA,0.23,0.3,0.18,32.0,52.0,1.3,175.75,0.0,0.0,43.75,988.0,NA
2026-05-28 07:00:00,118.0,309.0,5.33,38.65,24.88,93.75,15.55,1.29,21.58,0.98,2.5,NA,0.1,0.23,0.15,32.98,51.75,1.28,184.75,0.0,0.0,176.25,988.0,NA
2026-05-28 08:00:00,69.0,256.0,3.85,34.4,21.48,81.9,15.43,1.26,23.18,0.6,1.5,NA,0.1,0.18,0.08,34.25,50.0,1.7,196.25,0.0,0.0,348.0,987.25,NA
2026-05-28 09:00:00,80.0,256.0,5.43,30.73,19.38,71.93,14.13,1.34,27.08,0.55,1.42,NA,0.13,0.15,0.13,35.75,47.25,1.3,210.0,0.0,0.0,481.5,986.5,NA
2026-05-28 10:00:00,90.0,282.0,3.7,31.47,18.83,66.98,13.7,1.28,34.73,0.55,1.18,NA,0.1,0.18,0.15,36.75,45.75,2.18,219.5,0.0,0.0,527.25,987.0,NA
2026-05-28 11:00:00,75.0,300.0,2.9,29.87,17.2,61.32,12.83,1.21,40.03,0.5,1.2,NA,0.08,0.15,0.13,37.95,44.0,1.48,230.0,0.0,0.0,666.75,987.0,NA
2026-05-28 12:00:00,81.0,256.0,3.6,32.4,20.1,57.55,13.53,1.15,48.4,0.43,1.23,NA,0.05,0.1,0.08,38.73,42.75,1.63,237.25,0.0,0.0,663.0,987.5,NA
2026-05-28 13:00:00,62.0,254.0,4.8,27.9,18.7,50.35,13.03,1.11,49.9,0.43,2.5,NA,0.18,0.3,0.4,38.85,42.5,1.7,238.25,0.0,0.0,608.75,988.0,NA
2026-05-28 14:00:00,40.0,233.0,4.3,27.3,17.9,44.13,16.2,0.78,49.1,0.2,1.43,NA,0.0,0.1,0.08,39.75,40.5,1.42,246.5,0.0,0.0,502.5,987.0,NA
2026-05-28 15:00:00,51.0,219.0,3.53,24.6,16.0,40.7,16.1,0.71,46.63,0.27,2.37,NA,0.73,0.1,0.87,39.77,40.33,1.57,246.67,0.0,0.0,359.67,987.0,NA
2026-05-28 16:00:00,42.0,199.0,2.23,27.55,16.55,37.58,15.6,0.73,45.55,0.18,1.2,NA,0.0,0.13,0.0,39.35,41.0,1.58,243.25,0.0,0.0,234.0,986.5,NA
2026-05-28 17:00:00,45.0,223.0,4.2,35.5,22.33,37.5,19.08,0.77,44.63,0.3,1.45,NA,0.08,0.05,0.15,37.53,44.5,1.7,226.25,0.0,0.0,55.25,986.75,NA
2026-05-28 18:00:00,64.0,208.0,3.63,39.78,24.13,35.7,16.3,0.96,38.7,0.33,1.2,NA,0.13,0.2,0.2,36.0,48.0,1.33,212.0,0.0,0.0,12.75,987.0,NA
2026-05-28 19:00:00,68.0,311.0,5.65,33.37,20.73,31.57,13.13,0.85,26.23,0.5,2.77,NA,0.33,0.47,0.5,34.03,47.0,2.4,194.0,0.0,0.0,9.33,987.0,NA
2026-05-28 20:00:00,29.0,263.0,3.55,40.65,24.3,24.98,11.13,0.83,30.85,0.5,2.0,NA,0.4,0.48,0.45,34.28,41.25,1.93,196.5,0.0,0.0,9.0,987.5,NA
2026-05-28 21:00:00,31.0,326.0,3.0,27.7,17.15,27.13,11.63,0.62,38.05,0.43,1.5,NA,0.25,0.3,0.3,32.35,49.75,2.18,178.75,0.0,0.0,9.5,988.0,NA
2026-05-28 22:00:00,11.0,116.0,3.78,30.53,19.33,22.35,10.28,0.55,34.63,0.35,0.95,NA,0.05,0.08,0.1,33.4,41.5,1.5,188.0,0.0,0.0,9.75,987.0,NA
2026-05-28 23:00:00,12.0,135.0,3.78,34.55,21.48,22.8,10.35,0.56,29.43,0.28,1.23,NA,0.1,0.15,0.28,31.9,49.25,1.35,174.25,0.0,0.0,9.25,987.75,NA
2026-05-29 00:00:00,7.0,66.0,4.18,30.48,19.63,22.58,9.8,0.39,31.1,0.15,0.8,NA,0.05,0.08,0.15,31.53,46.75,1.15,171.25,0.0,0.0,9.0,987.25,NA
2026-05-29 01:00:00,6.0,45.0,3.1,31.9,18.75,17.75,8.75,0.36,31.28,0.15,0.5,NA,0.0,0.08,0.0,31.45,46.25,1.25,170.5,0.0,0.0,9.0,985.75,NA
2026-05-29 02:00:00,19.0,96.0,4.05,24.5,16.3,19.55,8.7,0.41,30.67,0.25,0.6,NA,0.0,0.08,0.0,31.33,49.75,1.6,169.25,0.0,0.0,9.0,985.0,NA
2026-05-29 03:00:00,48.0,332.0,4.35,22.18,15.23,22.58,9.05,0.52,29.35,0.2,0.38,NA,0.0,0.0,0.0,30.43,57.5,2.1,160.5,0.0,0.0,9.0,985.0,NA
2026-05-29 04:00:00,35.0,184.0,2.6,23.05,14.33,21.75,9.4,0.47,30.53,0.18,0.2,NA,0.0,0.0,0.0,30.08,57.0,1.38,157.75,0.0,0.0,9.0,986.5,NA
2026-05-29 05:00:00,35.0,100.0,3.55,27.93,17.88,23.05,8.78,0.44,30.53,0.2,0.2,NA,0.0,0.0,0.0,30.05,56.5,1.65,157.5,0.0,0.0,12.25,988.0,NA
2026-05-29 06:00:00,23.0,117.0,2.95,29.4,18.03,22.15,10.08,0.49,28.98,0.2,0.8,NA,0.0,0.0,0.0,30.05,57.25,1.35,157.75,0.0,0.0,42.75,988.0,NA
2026-05-29 07:00:00,20.0,153.0,3.93,32.88,20.65,22.25,14.0,0.55,27.0,0.2,0.83,NA,0.0,0.0,0.0,31.35,54.25,1.63,169.75,0.0,0.0,218.0,988.0,NA
2026-05-29 08:00:00,28.0,173.0,4.45,27.83,18.45,22.63,11.83,0.58,28.95,0.2,0.43,NA,0.0,0.0,0.0,32.93,50.0,1.75,184.0,0.0,0.0,413.25,987.75,NA
2026-05-29 09:00:00,14.0,212.0,4.1,27.25,17.78,21.15,11.03,0.56,32.25,0.2,0.55,NA,0.0,0.05,0.03,33.93,48.25,1.73,193.5,0.0,0.0,531.25,986.25,NA
2026-05-29 10:00:00,38.0,162.0,3.8,29.83,18.98,20.18,11.35,0.55,37.73,0.28,1.35,NA,0.25,0.2,0.38,34.28,47.5,1.78,196.0,0.0,0.0,364.75,986.0,NA
2026-05-29 11:00:00,38.0,156.0,3.7,29.1,18.5,19.68,11.68,0.57,41.03,0.2,0.8,NA,0.0,0.1,0.1,35.08,47.0,1.83,203.75,0.0,0.0,660.75,986.0,NA
2026-05-29 12:00:00,40.0,144.0,3.45,28.88,18.2,22.73,12.28,0.64,46.25,0.2,0.55,NA,0.0,0.1,0.1,35.78,45.75,1.83,210.25,0.0,0.0,520.25,986.75,NA
2026-05-29 13:00:00,55.0,143.0,3.9,28.45,17.15,22.13,13.23,0.63,51.68,0.2,0.53,NA,0.0,0.05,0.08,35.78,45.75,1.58,210.5,0.0,0.0,450.75,988.0,NA
2026-05-29 14:00:00,8.0,140.0,6.2,27.05,15.45,22.5,13.3,0.57,56.2,0.2,0.65,NA,0.0,0.05,0.1,36.45,44.0,1.7,216.5,0.0,0.0,446.5,988.0,NA
2026-05-29 15:00:00,17.0,117.0,4.3,24.38,16.5,20.25,11.83,0.52,58.48,0.15,0.98,NA,0.08,0.1,0.15,36.55,42.75,1.65,217.5,0.0,0.0,297.25,988.0,NA
2026-05-29 16:00:00,12.0,121.0,5.23,29.6,19.93,20.5,11.55,0.53,56.15,0.15,0.55,NA,0.0,0.08,0.08,34.68,46.25,1.2,200.0,0.0,0.0,91.0,987.75,NA
2026-05-29 17:00:00,20.0,138.0,4.9,27.47,18.7,18.33,10.63,0.61,50.9,0.23,0.6,NA,0.03,0.1,0.13,34.2,46.67,0.8,195.67,0.0,0.0,34.33,986.33,NA
2026-05-29 18:00:00,29.0,152.0,2.8,35.75,21.33,16.18,10.48,0.71,46.7,0.28,0.88,NA,0.1,0.15,0.23,33.88,48.0,1.03,192.75,0.0,0.0,19.5,986.0,NA
2026-05-29 19:00:00,30.0,143.0,3.4,37.13,22.5,15.35,10.4,0.71,42.65,0.25,1.08,NA,0.13,0.25,0.3,32.9,46.0,1.05,183.75,0.0,0.0,12.75,986.0,NA
2026-05-29 20:00:00,16.0,105.0,3.95,48.65,29.08,14.88,10.0,0.73,36.98,0.33,1.23,NA,0.18,0.2,0.33,32.0,47.25,0.9,175.75,0.0,0.0,9.0,986.5,NA
2026-05-29 21:00:00,18.0,102.0,2.63,57.95,32.9,16.38,10.2,0.8,29.18,0.3,1.48,NA,0.2,0.3,0.35,30.8,49.75,0.68,164.5,0.0,0.0,9.25,988.0,NA
2026-05-29 22:00:00,8.0,106.0,5.98,42.18,27.35,17.8,10.0,0.58,35.43,0.28,1.23,NA,0.15,0.25,0.33,30.45,49.0,0.75,161.5,0.0,0.0,9.5,988.0,NA
2026-05-29 23:00:00,7.0,79.0,4.9,54.77,31.63,13.9,9.93,0.61,27.03,0.3,0.87,NA,0.1,0.1,0.2,29.97,51.0,0.57,156.67,0.0,0.0,9.33,988.0,NA
2026-05-30 00:00:00,5.0,96.0,5.87,53.8,33.5,14.87,10.17,0.5,25.07,0.27,1.03,NA,0.1,0.2,0.2,30.1,51.0,0.87,158.33,0.0,0.0,9.33,988.0,NA
2026-05-30 01:00:00,8.0,80.0,3.83,24.7,16.37,15.17,9.3,0.35,39.2,0.13,0.27,NA,0.0,0.0,0.0,29.47,53.67,1.57,152.33,0.0,0.0,9.0,985.67,NA
2026-05-30 02:00:00,28.0,64.0,0.5,20.1,11.2,13.3,7.9,0.25,34.93,0.2,0.2,NA,0.0,0.0,0.0,29.07,57.33,1.27,148.67,0.0,0.0,9.0,985.0,NA
2026-05-30 03:00:00,16.0,68.0,4.0,28.55,17.2,15.2,8.55,0.33,29.28,0.1,0.2,NA,0.0,0.0,0.0,28.65,60.75,0.63,144.5,0.0,0.0,9.0,985.0,NA
2026-05-30 04:00:00,NA,55.0,2.63,24.25,15.1,17.2,8.8,0.34,33.0,0.1,0.23,NA,0.0,0.0,0.0,28.83,60.0,1.23,146.75,0.0,0.0,9.0,986.0,NA
2026-05-30 05:00:00,19.0,56.0,3.03,24.33,14.68,17.48,8.48,0.31,32.4,0.1,0.2,NA,0.0,0.0,0.0,28.48,62.75,0.68,143.25,0.0,0.0,12.25,988.0,NA
2026-05-30 06:00:00,NA,75.0,3.33,37.28,22.6,16.83,8.68,0.43,25.4,0.1,0.35,NA,0.0,0.0,0.0,28.68,62.75,0.68,144.75,0.0,0.0,38.0,988.0,NA
2026-05-30 07:00:00,16.0,86.0,5.13,36.65,23.6,17.15,9.88,0.44,27.13,0.15,0.43,NA,0.03,0.03,0.03,30.58,56.0,0.95,162.75,0.0,0.0,246.25,988.0,NA
2026-05-30 08:00:00,7.0,92.0,5.53,34.43,22.85,19.6,11.77,0.55,32.88,0.2,0.5,NA,0.0,0.03,0.05,32.85,49.0,1.38,183.5,0.0,0.0,463.25,987.75,NA
2026-05-30 09:00:00,12.0,108.0,4.08,29.0,18.7,17.25,11.7,0.59,43.0,0.3,0.78,NA,0.03,0.1,0.13,34.4,44.0,1.43,197.75,0.0,0.0,608.25,986.5,NA
2026-05-30 10:00:00,18.0,125.0,3.68,27.48,17.6,15.45,13.93,0.6,49.98,0.2,0.65,NA,0.0,0.08,0.05,35.55,42.25,1.38,208.25,0.0,0.0,632.5,985.75,NA
2026-05-30 11:00:00,25.0,183.0,3.9,25.03,16.53,18.08,11.88,0.64,56.88,0.3,0.9,NA,0.08,0.13,0.18,36.3,42.75,1.63,215.0,0.0,0.0,729.0,985.5,NA
2026-05-30 12:00:00,34.0,138.0,3.63,24.25,15.0,19.28,10.75,0.63,55.2,0.28,0.73,NA,0.0,0.1,0.05,36.8,42.0,1.65,219.5,0.0,0.0,721.75,986.25,NA
2026-05-30 13:00:00,41.0,125.0,3.68,25.23,16.4,18.85,10.25,0.55,57.95,0.15,0.58,NA,0.0,0.1,0.03,37.33,40.5,1.6,224.5,0.0,0.0,664.75,988.0,NA
2026-05-30 14:00:00,NA,102.0,3.13,23.53,15.15,16.98,10.57,0.45,61.6,0.1,0.55,NA,0.0,0.05,0.03,37.75,38.75,1.38,228.25,0.0,0.0,555.5,988.0,NA
2026-05-30 15:00:00,NA,75.0,5.38,22.78,16.58,17.63,12.25,0.44,64.0,0.1,0.38,NA,0.0,0.0,0.0,36.88,41.0,1.45,220.25,0.0,0.0,299.75,988.0,NA
2026-05-30 16:00:00,29.0,431.0,4.65,33.63,21.68,17.73,11.05,0.52,28.35,0.13,1.05,NA,0.0,0.05,0.0,29.98,63.0,3.05,156.75,0.13,0.5,101.75,987.75,NA
2026-05-30 17:00:00,39.0,182.0,3.65,31.45,19.73,18.23,11.18,0.47,36.75,0.23,1.7,NA,0.03,0.08,0.03,29.4,58.5,2.18,151.75,0.13,0.5,81.25,986.25,NA
2026-05-30 18:00:00,44.0,129.0,4.7,36.2,23.08,15.68,11.15,0.66,32.78,0.23,3.73,NA,0.08,0.18,0.1,30.1,56.75,0.7,158.0,0.13,0.5,59.25,986.0,NA
2026-05-30 19:00:00,12.0,130.0,6.13,54.88,32.8,13.88,12.4,0.94,23.55,0.35,3.33,NA,0.2,0.35,0.35,30.25,56.75,0.95,159.5,0.13,0.5,13.5,986.0,NA
2026-05-30 20:00:00,47.0,180.0,3.43,38.5,22.1,18.1,10.5,0.66,27.58,0.6,2.15,NA,0.25,0.4,0.4,29.73,59.5,1.23,154.75,0.0,0.0,9.0,986.25,NA
2026-05-30 21:00:00,55.0,121.0,3.5,44.58,26.4,18.73,9.68,0.75,22.23,0.43,1.1,NA,0.1,0.13,0.15,29.3,62.75,1.2,151.0,0.0,0.0,9.25,988.0,NA
2026-05-30 22:00:00,30.0,153.0,4.25,37.53,23.38,21.3,10.78,0.62,23.85,0.4,1.9,NA,0.15,0.2,0.23,29.05,63.5,1.55,148.5,0.0,0.0,9.5,988.0,NA
2026-05-30 23:00:00,17.0,116.0,4.03,30.25,19.45,18.6,9.33,0.46,27.5,0.25,0.73,NA,0.03,0.1,0.08,28.45,65.5,1.18,142.75,0.0,0.0,9.5,988.0,NA
2026-05-31 00:00:00,23.0,83.0,5.1,32.13,20.08,18.48,8.43,0.4,27.5,0.2,0.93,NA,0.03,0.1,0.1,28.23,64.75,0.7,140.5,0.0,0.0,9.0,987.75,NA
2026-05-31 01:00:00,13.0,69.0,2.53,33.13,19.67,15.03,7.87,0.38,27.53,0.17,0.93,NA,0.0,0.1,0.03,28.2,63.67,0.57,141.0,0.0,0.0,9.0,986.0,NA
2026-05-31 02:00:00,28.0,51.0,5.05,32.2,21.1,14.7,8.1,0.32,23.25,0.2,1.03,NA,0.03,0.1,0.05,27.9,64.75,0.45,138.0,0.0,0.0,9.0,985.75,NA
2026-05-31 03:00:00,31.0,58.0,2.85,36.45,21.68,14.73,8.43,0.31,23.53,0.13,0.65,NA,0.0,0.05,0.0,27.8,64.75,0.6,137.0,0.0,0.0,9.0,985.5,NA
2026-05-31 04:00:00,8.0,52.0,5.7,35.88,23.73,15.2,9.1,0.29,23.53,0.13,0.3,NA,0.0,0.0,0.0,27.7,66.25,0.85,136.0,0.0,0.0,9.0,986.25,NA
2026-05-31 05:00:00,11.0,46.0,4.0,35.33,22.1,15.95,8.75,0.29,21.5,0.13,0.25,NA,0.0,0.0,0.0,27.3,70.0,0.5,132.5,0.0,0.0,12.0,988.0,NA
2026-05-31 06:00:00,5.0,85.0,3.57,43.8,25.2,13.8,9.48,0.33,19.6,0.25,0.85,NA,0.18,0.13,0.23,27.58,70.0,0.53,134.75,0.0,0.0,39.0,988.0,NA
2026-05-31 07:00:00,16.0,86.0,5.4,39.28,25.4,16.2,10.13,0.3,22.08,0.25,0.6,NA,0.08,0.08,0.1,29.68,62.0,0.95,154.0,0.0,0.0,244.5,988.0,NA
2026-05-31 08:00:00,13.0,77.0,4.45,28.78,18.9,17.93,10.47,0.28,28.5,0.2,0.3,NA,0.0,0.0,0.0,31.63,55.0,1.55,172.0,0.0,0.0,452.0,988.0,NA
2026-05-31 09:00:00,16.0,92.0,4.08,31.83,20.25,16.95,10.63,0.39,33.05,0.23,0.38,NA,0.0,0.0,0.0,33.38,50.5,1.2,188.0,0.0,0.0,589.0,986.25,NA
2026-05-31 10:00:00,36.0,92.0,4.68,29.98,19.85,17.0,11.7,0.45,37.68,0.23,0.48,NA,0.0,0.03,0.03,34.73,47.75,1.35,200.5,0.0,0.0,589.25,986.0,NA
2026-05-31 11:00:00,40.0,83.0,4.35,23.5,16.03,16.9,11.05,0.42,45.03,0.2,0.4,NA,0.05,0.03,0.03,34.48,48.25,1.3,198.0,0.0,0.0,502.25,986.0,NA
2026-05-31 12:00:00,30.0,89.0,4.38,25.05,16.95,17.63,10.7,0.37,52.55,0.35,1.9,NA,0.35,0.28,0.53,34.65,47.0,1.15,199.75,0.0,0.0,420.25,986.25,NA
2026-05-31 13:00:00,52.0,81.0,5.65,22.05,16.35,17.4,9.83,0.31,61.83,0.2,0.55,NA,0.03,0.08,0.08,34.7,47.0,0.83,200.5,0.0,0.0,381.0,988.0,NA
2026-05-31 14:00:00,NA,83.0,2.53,23.73,14.8,19.3,9.4,0.53,63.65,0.2,0.48,NA,0.0,0.03,0.03,36.03,44.5,1.1,212.5,0.0,0.0,376.25,988.0,NA
2026-05-31 15:00:00,22.0,102.0,4.07,23.17,15.57,19.83,9.23,0.53,55.3,0.2,0.3,NA,0.0,0.0,0.0,36.23,44.0,1.13,214.33,0.0,0.0,331.0,988.0,NA
2026-05-31 16:00:00,24.0,89.0,3.72,23.13,15.33,20.15,8.75,0.55,55.08,0.15,0.2,NA,0.0,0.0,0.0,35.0,46.0,1.73,203.0,0.0,0.0,188.5,988.0,NA
2026-05-31 17:00:00,20.0,111.0,4.35,23.05,15.88,17.63,8.73,0.6,49.98,0.2,0.6,NA,0.05,0.18,0.03,33.93,49.75,2.43,193.0,0.0,0.0,92.5,986.75,NA
2026-05-31 18:00:00,34.0,141.0,4.13,27.83,18.2,16.5,8.03,0.66,43.3,0.2,1.23,NA,0.0,0.07,0.07,32.3,53.0,1.67,178.33,0.0,0.0,36.33,986.0,NA
2026-05-31 19:00:00,30.0,96.0,3.98,30.98,19.68,16.03,8.08,0.71,41.0,0.2,0.48,NA,0.0,0.08,0.08,31.4,54.5,1.3,170.0,0.0,0.0,12.5,986.0,NA
2026-05-31 20:00:00,31.0,95.0,4.58,33.78,21.65,17.78,8.93,0.73,39.48,0.2,0.55,NA,0.03,0.08,0.1,30.9,54.5,1.0,165.25,0.0,0.0,9.0,986.0,NA
2026-05-31 21:00:00,56.0,103.0,4.33,39.23,24.4,17.9,10.48,0.89,34.95,0.28,0.95,NA,0.1,0.13,0.13,30.5,55.5,0.4,161.75,0.0,0.0,9.0,988.0,NA
2026-05-31 22:00:00,9.0,110.0,3.95,51.95,30.9,17.45,11.5,0.94,24.3,0.45,1.8,NA,0.43,0.35,0.58,30.15,58.0,0.53,158.5,0.0,0.0,9.0,988.0,NA
2026-05-31 23:00:00,29.0,116.0,3.73,50.08,29.63,17.53,11.38,0.9,22.0,0.38,1.4,NA,0.28,0.25,0.38,29.75,61.25,0.4,154.75,0.0,0.0,9.5,988.0,NA
2026-06-01 00:00:00,27.0,136.0,3.65,59.83,33.87,17.8,12.5,0.92,14.0,0.57,1.43,NA,0.1,0.17,0.2,29.6,62.0,0.43,154.0,0.0,0.0,9.33,988.0,NA
2026-06-01 01:00:00,33.0,138.0,2.83,49.1,28.38,18.63,13.5,0.95,13.75,0.53,1.33,NA,0.08,0.1,0.2,29.3,64.5,0.4,150.75,0.0,0.0,9.0,986.5,NA
2026-06-01 02:00:00,61.0,136.0,5.65,49.65,31.0,15.95,11.1,0.88,10.25,0.75,0.8,NA,0.03,0.1,0.1,28.9,66.75,0.3,147.0,0.0,0.0,9.0,986.25,NA
2026-06-01 03:00:00,55.0,150.0,5.0,45.1,28.03,20.58,12.93,1.0,10.0,0.8,1.42,NA,0.0,0.1,0.1,28.68,67.75,0.53,145.0,0.0,0.0,9.25,986.0,NA
2026-06-01 04:00:00,95.0,150.0,5.13,52.23,32.03,22.1,14.08,0.99,7.38,0.93,1.65,NA,0.03,0.13,0.1,28.68,68.5,0.73,145.0,0.0,0.0,9.0,986.0,NA
2026-06-01 05:00:00,111.0,152.0,3.55,42.2,25.25,25.28,14.23,0.87,10.4,0.7,2.45,NA,0.08,0.15,0.1,28.4,69.75,0.6,142.25,0.0,0.0,11.5,987.75,NA
2026-06-01 06:00:00,42.0,132.0,6.6,45.53,29.6,26.7,13.93,0.94,8.85,0.63,1.8,NA,0.05,0.13,0.1,28.53,69.75,0.43,143.5,0.0,0.0,39.0,988.0,NA
2026-06-01 07:00:00,103.0,196.0,6.93,41.28,27.7,23.85,17.05,1.01,13.58,0.75,1.8,NA,0.1,0.2,0.1,30.2,63.0,0.6,159.25,0.0,0.0,177.0,988.0,NA
2026-06-01 08:00:00,95.0,199.0,4.68,34.25,22.05,24.78,17.43,0.84,27.55,0.63,1.33,NA,0.08,0.13,0.1,32.58,54.0,0.88,181.0,0.0,0.0,389.75,988.0,NA
2026-06-01 09:00:00,52.0,157.0,4.47,29.67,19.5,20.2,17.17,0.85,40.17,0.33,1.33,NA,0.1,0.13,0.23,34.4,48.33,1.03,197.67,0.0,0.0,579.67,986.33,NA
2026-06-01 10:00:00,39.0,121.0,4.37,29.93,19.33,19.7,13.4,0.85,49.2,0.33,1.17,NA,0.13,0.13,0.2,34.8,46.67,1.3,201.67,0.0,0.0,570.67,986.0,NA
2026-06-01 11:00:00,45.0,112.0,4.08,26.65,17.35,20.35,10.48,0.75,57.63,0.3,0.9,NA,0.03,0.1,0.1,35.23,45.75,1.4,205.0,0.0,0.0,723.0,987.5,NA
2026-06-01 12:00:00,45.0,138.0,7.95,22.95,18.6,23.0,9.45,0.39,66.05,0.3,1.1,NA,0.03,0.13,0.13,35.78,44.25,1.8,210.5,0.0,0.0,738.25,987.5,NA
2026-06-01 13:00:00,13.0,112.0,3.1,26.2,16.37,22.27,9.1,0.56,66.58,0.35,1.6,NA,0.1,0.25,0.2,36.63,42.75,1.33,217.75,0.0,0.0,565.75,987.5,NA
2026-06-01 14:00:00,42.0,127.0,6.4,24.28,13.98,23.88,8.9,0.59,66.38,0.23,1.15,NA,0.03,0.13,0.13,36.38,42.25,1.3,216.0,0.0,0.0,460.0,987.5,NA
2026-06-01 15:00:00,19.0,97.0,3.87,22.6,15.13,21.23,6.0,0.61,63.27,0.13,0.67,NA,0.0,0.07,0.0,36.5,42.0,1.23,216.67,0.0,0.0,365.33,987.67,NA
2026-06-01 16:00:00,17.0,97.0,4.8,23.1,16.1,21.4,7.07,0.63,61.27,0.3,1.7,NA,0.3,0.27,0.43,36.5,42.33,1.2,217.0,0.0,0.0,260.67,987.0,NA
2026-06-01 17:00:00,19.0,97.0,2.37,25.88,14.8,21.93,7.23,0.64,60.4,0.25,1.53,NA,0.22,0.23,0.35,34.95,45.25,1.15,202.75,0.0,0.0,97.0,986.0,NA
2026-06-01 18:00:00,31.0,102.0,3.03,23.65,15.13,20.7,6.58,0.69,56.93,0.2,0.75,NA,0.03,0.1,0.05,33.88,46.5,0.85,192.75,0.0,0.0,40.0,985.5,NA
2026-06-01 19:00:00,38.0,94.0,3.95,31.93,20.18,18.53,6.2,0.8,47.03,0.23,0.8,NA,0.05,0.08,0.13,32.83,48.5,0.68,183.0,0.0,0.0,12.0,985.0,NA
2026-06-01 20:00:00,44.0,113.0,5.0,43.53,27.3,18.63,6.8,1.07,34.87,0.27,0.8,NA,0.03,0.07,0.13,32.17,51.0,0.37,177.0,0.0,0.0,9.0,985.0,NA
2026-06-01 21:00:00,64.0,146.0,3.3,51.1,29.8,19.63,8.75,1.26,22.83,0.4,1.75,NA,0.28,0.48,0.35,31.73,54.25,0.43,173.0,0.0,0.0,9.5,987.0,NA
2026-06-01 22:00:00,46.0,144.0,3.68,52.93,31.13,22.65,14.4,1.05,23.05,0.43,1.93,NA,0.3,0.33,0.5,31.35,55.75,0.35,169.5,0.0,0.0,9.5,988.0,NA
2026-06-01 23:00:00,9.0,127.0,3.6,44.87,26.7,23.77,9.7,0.91,26.7,0.37,1.17,NA,0.17,0.17,0.27,31.07,58.0,0.3,167.0,0.0,0.0,10.0,988.0,NA
2026-06-02 00:00:00,27.0,106.0,4.43,39.6,23.58,25.28,7.4,0.82,19.88,0.23,0.88,NA,0.1,0.13,0.18,30.75,59.75,0.3,163.75,0.0,0.0,9.5,988.0,NA
2026-06-02 01:00:00,29.0,91.0,3.35,44.83,26.38,24.2,8.38,0.79,16.28,0.25,0.9,NA,0.08,0.1,0.1,30.6,60.5,0.4,162.75,0.0,0.0,9.5,986.25,NA
2026-06-02 02:00:00,62.0,152.0,4.3,55.1,32.85,19.95,5.4,0.77,10.1,0.38,2.4,NA,0.1,0.28,0.18,30.63,60.0,0.35,162.75,0.0,0.0,9.5,985.0,NA
2026-06-02 03:00:00,67.0,144.0,3.0,43.43,25.53,21.33,8.3,0.76,11.65,0.33,3.35,NA,0.1,0.25,0.15,30.33,59.25,0.33,160.25,0.0,0.0,9.0,985.0,NA
2026-06-02 04:00:00,47.0,127.0,5.58,55.47,34.23,25.63,10.38,1.15,7.2,0.53,2.22,NA,0.05,0.15,0.1,29.9,63.5,0.35,156.0,0.0,0.0,9.0,985.0,NA
2026-06-02 05:00:00,127.0,239.0,9.95,65.55,43.03,28.48,17.03,1.39,4.0,1.38,3.2,NA,0.1,0.22,0.08,29.6,66.25,0.33,153.5,0.0,0.0,12.75,986.75,NA
2026-06-02 06:00:00,117.0,234.0,9.68,55.95,37.6,39.08,18.35,1.33,5.3,1.28,2.85,NA,0.13,0.3,0.2,30.0,65.25,0.43,157.25,0.0,0.0,47.75,988.0,NA
2026-06-02 07:00:00,107.0,259.0,5.48,52.33,32.28,34.28,17.98,1.23,8.55,1.0,2.58,NA,0.13,0.25,0.25,31.3,60.75,0.6,169.25,0.0,0.0,163.0,988.0,NA
2026-06-02 08:00:00,96.0,245.0,5.58,44.33,28.08,31.78,16.6,1.06,12.65,0.7,2.23,NA,0.13,0.25,0.18,33.1,55.0,0.83,185.75,0.0,0.0,358.75,988.0,NA
2026-06-02 09:00:00,62.0,177.0,3.5,33.3,20.55,25.85,12.65,0.95,20.35,0.35,1.38,NA,0.03,0.2,0.08,34.0,51.5,1.28,193.75,0.0,0.0,534.5,986.25,NA
2026-06-02 10:00:00,52.0,155.0,6.93,25.68,19.28,23.45,8.55,0.9,30.35,0.38,1.73,NA,0.13,0.28,0.25,36.08,45.5,1.25,212.75,0.0,0.0,617.0,985.25,NA
2026-06-02 11:00:00,62.0,124.0,4.43,23.63,16.3,24.03,6.23,0.81,40.35,0.2,0.6,NA,0.0,0.03,0.03,36.7,43.0,1.25,218.5,0.0,0.0,716.5,985.25,NA
2026-06-02 12:00:00,41.0,119.0,4.83,23.77,16.6,22.3,5.6,0.77,48.67,0.2,0.93,NA,0.0,0.1,0.0,36.2,42.33,1.17,214.0,0.0,0.0,450.67,985.33,NA
2026-06-02 13:00:00,42.0,121.0,4.55,20.2,14.43,22.75,4.38,0.72,50.35,0.2,0.88,NA,0.0,0.05,0.0,37.43,41.0,1.23,225.0,0.0,0.0,606.25,986.75,NA
2026-06-02 14:00:00,44.0,111.0,3.53,23.73,15.35,23.33,4.77,0.63,52.38,0.2,0.9,NA,0.03,0.1,0.05,37.65,40.25,1.2,227.75,0.0,0.0,533.5,988.0,NA
2026-06-02 15:00:00,13.0,111.0,2.33,22.0,13.8,26.73,4.93,0.64,54.13,0.13,2.33,NA,0.0,0.03,0.07,37.23,41.67,1.53,223.67,0.0,0.0,368.0,988.0,NA
2026-06-02 16:00:00,29.0,112.0,3.68,25.08,16.45,26.53,6.13,0.67,52.5,0.18,0.83,NA,0.03,0.13,0.1,36.28,43.25,0.98,215.0,0.0,0.0,210.75,988.0,NA
2026-06-02 17:00:00,31.0,108.0,5.03,28.05,19.08,26.38,5.98,0.71,53.75,0.18,1.1,NA,0.08,0.18,0.1,35.95,44.0,0.93,211.25,0.0,0.0,118.5,986.75,NA
2026-06-02 18:00:00,33.0,117.0,3.97,35.7,21.38,22.68,5.58,0.81,45.13,0.18,0.53,NA,0.03,0.05,0.08,34.43,47.25,0.68,198.0,0.0,0.0,32.75,985.25,NA
2026-06-02 19:00:00,44.0,138.0,4.6,42.65,25.4,20.43,5.78,1.12,35.93,0.25,1.2,NA,0.25,0.25,0.3,33.63,49.5,0.48,190.25,0.0,0.0,12.5,985.75,NA
2026-06-02 20:00:00,39.0,147.0,4.0,41.23,24.23,21.25,6.43,1.2,32.18,0.3,1.53,NA,0.33,0.38,0.48,33.13,51.25,0.35,185.5,0.0,0.0,9.25,985.25,NA
2026-06-02 21:00:00,41.0,138.0,3.85,47.58,28.45,22.7,6.3,1.29,24.6,0.35,1.5,NA,0.25,0.5,0.38,32.8,53.25,0.3,182.5,0.0,0.0,9.75,986.5,NA
2026-06-02 22:00:00,68.0,150.0,3.53,70.4,40.33,25.13,8.2,1.42,13.68,0.25,1.8,NA,0.35,0.43,0.58,32.38,55.0,0.3,179.0,0.0,0.0,9.75,988.0,NA
2026-06-02 23:00:00,22.0,179.0,6.6,65.28,40.33,26.95,8.95,1.26,12.4,0.15,1.9,NA,0.33,0.25,0.55,32.08,56.75,0.3,176.25,0.0,0.0,9.5,988.0,NA
2026-06-03 00:00:00,35.0,169.0,5.4,70.8,41.93,23.6,8.17,1.18,8.63,0.37,2.17,NA,0.3,0.5,0.47,31.77,57.0,0.33,173.33,0.0,0.0,9.67,988.0,NA
2026-06-03 01:00:00,34.0,166.0,5.18,59.4,35.83,22.6,9.38,1.04,10.18,0.38,1.73,NA,0.25,0.3,0.22,31.55,57.0,0.3,171.25,0.0,0.0,9.5,986.75,NA
2026-06-03 02:00:00,35.0,139.0,4.5,52.65,31.85,21.0,3.4,1.0,9.9,0.4,2.1,NA,0.28,0.43,0.4,31.43,57.75,0.3,170.25,0.0,0.0,9.25,985.0,NA
2026-06-03 03:00:00,73.0,153.0,6.35,60.5,37.38,21.65,5.93,1.1,5.65,0.4,2.28,NA,0.33,0.38,0.58,30.98,59.75,0.3,165.75,0.0,0.0,9.25,985.0,NA
2026-06-03 04:00:00,67.0,128.0,8.35,73.6,46.25,18.4,7.6,1.09,3.93,0.4,2.28,NA,0.3,0.45,0.5,30.75,60.75,0.3,164.25,0.0,0.0,9.0,985.0,NA
2026-06-03 05:00:00,24.0,141.0,26.03,85.55,66.7,21.28,8.8,1.31,3.28,0.43,2.15,NA,0.23,0.1,0.4,30.83,61.75,0.3,165.0,0.0,0.0,13.25,986.5,NA
2026-06-03 06:00:00,80.0,204.0,10.25,67.98,44.38,20.78,10.5,1.09,5.9,0.43,2.58,NA,0.5,0.78,0.65,31.63,59.0,0.33,172.0,0.0,0.0,54.75,988.0,NA
2026-06-03 07:00:00,29.0,161.0,5.88,58.85,36.18,28.1,11.98,1.08,11.08,0.3,1.53,NA,0.25,0.75,0.48,32.88,55.25,0.43,183.75,0.0,0.0,212.25,988.0,NA
2026-06-03 08:00:00,46.0,183.0,6.63,51.5,32.98,27.53,12.67,1.05,14.88,0.35,1.42,NA,0.18,0.4,0.3,34.8,50.0,0.63,201.25,0.0,0.0,407.25,988.0,NA
2026-06-03 09:00:00,51.0,162.0,3.3,34.15,20.8,28.23,11.68,0.89,25.3,0.33,1.2,NA,0.13,0.28,0.2,36.28,45.25,0.63,215.0,0.0,0.0,548.5,986.75,NA
2026-06-03 10:00:00,35.0,134.0,4.18,30.38,19.58,23.63,10.73,0.93,35.58,0.25,0.65,NA,0.0,0.13,0.08,37.05,43.0,0.9,222.0,0.0,0.0,568.0,985.75,NA
2026-06-03 11:00:00,66.0,153.0,4.03,27.98,18.23,24.08,13.33,0.93,46.5,0.33,0.98,NA,0.05,0.18,0.1,37.83,41.25,0.8,229.0,0.0,0.0,670.5,986.0,NA
2026-06-03 12:00:00,58.0,155.0,2.97,22.6,14.38,24.1,12.98,0.86,53.83,0.4,1.13,NA,0.03,0.2,0.1,38.28,40.0,0.98,233.0,0.0,0.0,636.25,986.0,NA
2026-06-03 13:00:00,63.0,171.0,5.57,18.7,13.0,23.13,9.83,0.76,56.58,0.33,0.9,NA,0.0,0.1,0.0,38.98,38.75,0.98,239.5,0.0,0.0,616.0,987.0,NA
2026-06-03 14:00:00,41.0,155.0,4.93,19.55,14.43,24.3,9.47,0.74,59.3,0.28,0.93,NA,0.0,0.1,0.0,39.05,39.0,0.93,240.0,0.0,0.0,458.25,988.0,NA
2026-06-03 15:00:00,44.0,164.0,3.27,18.83,11.73,24.18,9.58,0.73,60.0,0.2,1.03,NA,0.0,0.05,0.0,39.25,38.25,0.8,242.25,0.0,0.0,374.0,987.0,NA
2026-06-03 16:00:00,47.0,160.0,4.75,19.5,14.3,24.18,9.43,0.74,58.1,0.23,1.3,NA,0.0,0.08,0.0,39.28,38.0,0.5,242.5,0.0,0.0,216.5,987.25,NA
2026-06-03 17:00:00,52.0,155.0,1.28,21.03,12.28,23.15,9.45,0.75,54.23,0.18,1.58,NA,0.15,0.58,0.0,37.68,40.0,0.5,227.75,0.0,0.0,91.75,986.5,NA
2026-06-03 18:00:00,44.0,150.0,3.57,28.38,16.85,21.73,8.05,0.87,37.28,0.25,2.03,NA,0.22,0.23,0.25,36.6,42.0,0.45,217.5,0.0,0.0,37.75,985.75,NA
2026-06-03 19:00:00,55.0,145.0,3.9,32.22,19.05,21.08,9.0,1.04,34.95,0.23,1.18,NA,0.03,0.08,0.1,35.38,44.5,0.58,206.25,0.0,0.0,12.0,986.0,NA
2026-06-03 20:00:00,46.0,201.0,1.7,33.95,18.93,20.23,9.27,1.17,32.13,0.43,0.98,NA,0.1,0.05,0.13,34.53,47.25,0.48,199.0,0.0,0.0,9.25,985.75,NA
2026-06-03 21:00:00,64.0,238.0,3.9,55.83,32.88,20.28,11.58,1.9,15.35,0.45,3.33,NA,0.38,0.52,0.18,33.95,50.0,0.3,193.25,0.0,0.0,9.5,986.75,NA
2026-06-03 22:00:00,121.0,315.0,5.25,66.05,39.45,23.28,14.43,1.98,8.55,0.78,3.2,NA,0.73,0.7,0.78,33.68,50.75,0.3,190.75,0.0,0.0,9.5,988.0,NA
2026-06-03 23:00:00,58.0,274.0,4.05,71.75,41.48,20.75,12.9,1.68,9.63,0.68,3.78,NA,0.7,0.95,0.95,33.38,52.5,0.3,188.0,0.0,0.0,9.75,988.0,NA
2026-06-04 00:00:00,57.0,229.0,5.38,58.2,35.3,25.08,10.88,1.26,9.45,0.45,2.35,NA,0.35,0.53,0.6,33.08,53.5,0.3,185.25,0.0,0.0,10.0,988.0,NA
2026-06-04 01:00:00,56.0,206.0,5.08,53.05,32.28,23.4,10.03,1.05,11.03,0.4,1.55,NA,0.2,0.28,0.25,32.98,52.75,0.43,184.25,0.0,0.0,9.75,987.0,NA
2026-06-04 02:00:00,48.0,183.0,3.75,36.55,22.45,23.35,5.0,0.9,14.58,0.38,1.73,NA,0.23,0.45,0.35,32.88,52.0,0.6,183.5,0.0,0.0,9.0,985.0,NA
2026-06-04 03:00:00,66.0,155.0,2.0,31.73,18.0,22.73,5.95,0.89,19.33,0.43,1.0,NA,0.1,0.3,0.15,32.45,53.75,0.48,179.5,0.0,0.0,9.25,985.25,NA
2026-06-04 04:00:00,55.0,127.0,4.53,31.85,20.67,23.08,5.63,0.82,21.4,0.3,0.85,NA,0.03,0.18,0.05,32.32,54.25,0.58,178.5,0.0,0.0,9.0,985.25,NA
2026-06-04 05:00:00,30.0,110.0,4.13,34.65,21.75,23.7,5.43,0.82,19.85,0.23,0.65,NA,0.0,0.1,0.03,32.15,55.0,0.35,177.0,0.0,0.0,12.75,985.75,NA
2026-06-04 06:00:00,72.0,127.0,4.47,51.2,30.97,28.97,6.97,0.99,14.18,0.25,0.95,NA,0.13,0.18,0.05,32.4,55.75,0.3,179.0,0.0,0.0,46.5,988.0,NA
2026-06-04 07:00:00,20.0,184.0,6.3,57.25,35.68,27.93,10.8,1.2,11.33,0.38,1.35,NA,0.2,0.45,0.25,33.8,53.0,0.3,191.75,0.0,0.0,184.0,987.5,NA
2026-06-04 08:00:00,45.0,227.0,5.78,52.57,32.73,27.75,9.93,1.14,19.18,0.4,1.38,NA,0.23,0.78,0.38,35.63,47.75,0.45,209.0,0.0,0.0,368.5,987.0,NA
2026-06-04 09:00:00,44.0,249.0,3.5,41.47,24.87,30.57,11.4,1.36,17.18,0.48,1.45,NA,0.15,0.32,0.2,36.78,47.25,1.15,219.0,0.0,0.0,476.75,986.75,NA
2026-06-04 10:00:00,108.0,339.0,4.25,32.15,20.55,31.65,15.53,1.1,29.83,0.78,1.85,NA,0.08,0.25,0.1,37.58,45.0,1.4,226.5,0.0,0.0,542.5,985.75,NA
2026-06-04 11:00:00,89.0,271.0,5.03,28.78,19.48,28.3,13.33,0.89,40.43,0.7,1.45,NA,0.05,0.23,0.15,38.53,42.5,1.5,235.25,0.0,0.0,654.75,986.0,NA
2026-06-04 12:00:00,59.0,235.0,4.38,26.53,17.58,30.25,12.45,0.73,51.85,0.55,1.53,NA,0.1,0.28,0.15,39.3,41.0,1.3,242.5,0.0,0.0,646.5,987.0,NA
2026-06-04 13:00:00,68.0,213.0,2.43,28.9,17.38,31.03,13.88,0.7,60.4,0.5,1.7,NA,0.08,0.23,0.1,39.78,40.25,1.25,247.0,0.0,0.0,469.0,987.5,NA
2026-06-04 14:00:00,74.0,218.0,4.0,28.6,18.47,28.1,11.85,0.83,50.2,0.4,1.53,NA,0.1,0.2,0.13,35.67,46.67,2.53,209.33,0.0,0.0,42.33,988.0,NA
2026-06-04 15:00:00,38.0,531.0,5.53,28.27,19.43,21.47,6.53,0.95,14.97,0.2,1.13,NA,0.07,0.1,0.1,27.67,80.0,1.2,135.67,0.17,0.5,63.67,988.0,NA
2026-06-04 16:00:00,19.0,48.0,4.15,40.88,25.1,21.8,7.55,1.15,13.0,0.3,3.38,NA,0.22,0.45,0.18,29.95,66.0,0.83,157.25,0.38,1.5,57.0,988.0,NA
2026-06-04 17:00:00,19.0,118.0,5.23,45.0,28.23,22.73,9.9,1.46,5.3,1.38,3.78,NA,0.35,0.3,0.38,31.33,62.5,0.5,169.75,0.25,1.0,98.5,987.0,NA
2026-06-04 18:00:00,29.0,134.0,7.43,63.3,39.75,18.75,10.65,1.81,7.08,0.7,4.35,NA,0.78,1.15,0.85,31.53,61.5,0.33,171.25,0.13,0.5,41.0,986.0,NA
2026-06-04 19:00:00,74.0,129.0,5.95,56.55,34.95,20.7,12.7,1.93,9.58,1.15,8.93,NA,2.58,1.73,1.28,31.45,58.5,1.8,170.5,0.13,0.5,10.5,986.0,NA
2026-06-04 20:00:00,45.0,400.0,4.78,30.13,19.85,19.33,5.93,1.24,15.65,1.2,7.18,NA,1.38,1.0,0.53,31.03,57.25,1.65,166.5,0.25,1.0,9.0,985.5,NA
2026-06-04 21:00:00,20.0,195.0,4.23,48.03,29.0,19.17,4.1,1.44,9.6,0.67,4.13,NA,0.3,0.6,0.03,30.57,59.67,0.43,162.67,0.0,0.0,9.0,985.67,NA
2026-06-04 22:00:00,63.0,189.0,13.4,68.68,47.45,18.88,4.43,1.75,4.28,0.35,4.85,NA,0.33,0.28,0.4,30.0,64.0,0.35,157.5,0.13,0.5,9.75,988.0,NA
2026-06-04 23:00:00,27.0,226.0,7.53,36.73,25.68,30.38,4.75,0.96,10.68,0.38,4.58,NA,0.45,0.48,0.53,30.05,63.0,2.53,157.5,0.13,0.5,9.75,988.0,NA
2026-06-05 00:00:00,29.0,320.0,5.6,23.43,17.0,30.57,1.17,0.8,18.13,0.1,0.4,NA,0.0,0.0,0.0,28.67,72.67,1.23,144.67,0.17,0.5,9.33,988.0,NA
2026-06-05 01:00:00,17.0,70.0,4.78,22.03,15.58,29.75,0.1,0.8,17.43,0.1,0.3,NA,0.0,0.0,0.0,28.65,73.0,0.38,144.75,0.0,0.0,10.0,987.5,NA
2026-06-05 02:00:00,9.0,61.0,3.1,30.0,18.5,23.85,4.2,0.82,13.83,0.13,0.38,NA,0.0,0.0,0.0,28.93,71.75,0.53,147.25,0.13,0.5,9.5,985.5,NA
2026-06-05 03:00:00,52.0,103.0,2.6,40.58,23.65,25.63,5.28,0.89,12.55,0.28,0.88,NA,0.05,0.03,0.05,29.25,68.75,0.93,150.5,0.0,0.0,9.5,985.5,NA
2026-06-05 04:00:00,42.0,147.0,5.23,31.7,21.08,27.1,7.15,0.88,14.03,0.43,0.95,NA,0.05,0.03,0.05,29.42,66.75,1.45,152.0,0.13,0.5,9.25,985.5,NA
2026-06-05 05:00:00,55.0,132.0,3.68,23.43,15.38,27.7,8.5,0.8,15.33,0.43,1.15,NA,0.1,0.18,0.15,29.42,64.0,1.65,152.0,0.0,0.0,11.75,986.0,NA
2026-06-05 06:00:00,25.0,83.0,6.35,34.5,23.55,30.93,7.23,0.79,11.78,0.33,0.55,NA,0.03,0.0,0.0,29.33,65.5,0.6,151.0,0.0,0.0,31.25,988.0,NA
2026-06-05 07:00:00,6.0,95.0,5.5,35.9,23.6,36.73,5.63,0.86,10.0,0.13,0.58,NA,0.0,0.0,0.0,29.6,66.75,0.33,153.25,0.13,0.5,85.0,988.0,NA
2026-06-05 08:00:00,39.0,123.0,5.95,33.7,22.9,36.68,7.83,0.98,13.65,0.25,1.4,NA,0.0,0.0,0.0,31.15,60.0,0.45,167.75,0.0,0.0,201.5,988.0,NA
2026-06-05 09:00:00,50.0,130.0,4.05,38.33,23.65,32.15,9.1,1.8,17.03,0.3,1.78,NA,0.0,0.08,0.08,31.3,58.25,0.5,169.0,0.0,0.0,197.5,987.75,NA
2026-06-05 10:00:00,39.0,150.0,5.27,38.35,24.73,29.63,10.25,2.04,21.25,0.35,3.33,NA,0.1,0.45,0.23,32.23,54.75,0.9,177.75,0.13,0.5,259.75,986.0,NA
2026-06-05 11:00:00,67.0,153.0,4.05,34.08,21.45,29.03,11.28,2.01,26.43,0.28,2.3,NA,0.0,0.18,0.05,33.18,52.25,0.63,186.25,0.0,0.0,264.25,985.5,NA
2026-06-05 12:00:00,52.0,157.0,4.98,30.25,20.15,29.55,9.3,1.97,24.3,0.2,2.35,NA,0.05,0.15,0.05,34.6,50.25,0.68,199.25,0.0,0.0,434.0,985.5,NA
2026-06-05 13:00:00,14.0,160.0,5.63,25.0,17.93,32.23,10.4,1.88,31.35,0.15,0.75,NA,0.0,0.05,0.05,35.63,48.25,0.75,208.75,0.0,0.0,460.5,986.0,NA
2026-06-05 14:00:00,96.0,155.0,4.6,24.6,16.83,40.83,12.0,0.74,34.7,0.17,0.33,NA,0.0,0.0,0.0,36.1,46.67,0.87,213.0,0.0,0.0,389.67,987.67,NA
2026-06-05 15:00:00,NA,119.0,5.1,26.6,18.45,47.13,7.25,0.57,34.83,0.08,0.28,NA,0.0,0.0,0.0,36.38,46.75,0.75,215.25,0.0,0.0,342.0,988.0,NA
2026-06-05 16:00:00,29.0,113.0,2.93,21.67,13.93,48.37,7.9,0.64,38.73,0.2,0.3,NA,0.0,0.0,0.0,36.67,46.0,0.67,218.33,0.0,0.0,224.0,988.0,NA
2026-06-05 17:00:00,46.0,134.0,2.8,23.95,15.05,48.3,8.7,0.72,36.25,0.2,0.45,NA,0.0,0.0,0.0,35.15,50.5,0.45,204.0,0.0,0.0,90.5,987.5,NA
2026-06-05 18:00:00,46.0,155.0,2.33,30.65,17.7,45.5,7.95,0.84,28.65,0.25,0.9,NA,0.0,0.15,0.08,34.03,53.5,0.33,194.5,0.0,0.0,40.75,986.0,NA
2026-06-05 19:00:00,81.0,174.0,3.57,41.3,24.1,35.85,7.35,1.06,21.25,0.33,1.15,NA,0.05,0.1,0.18,32.65,57.75,0.3,181.75,0.0,0.0,11.25,986.0,NA
2026-06-05 20:00:00,77.0,212.0,4.48,45.63,27.88,35.8,8.33,1.22,17.83,0.35,3.93,NA,0.15,0.2,0.3,32.15,59.75,0.35,177.0,0.0,0.0,9.25,986.0,NA
2026-06-05 21:00:00,89.0,199.0,4.58,48.6,29.55,36.65,11.13,1.37,15.92,0.43,6.23,NA,0.2,0.18,0.4,31.8,61.0,0.33,173.5,0.0,0.0,9.5,986.25,NA
2026-06-05 22:00:00,129.0,234.0,4.88,52.88,32.1,48.47,15.7,1.42,14.45,0.4,1.63,NA,0.18,0.15,0.22,31.33,62.25,0.3,169.5,0.13,0.5,9.5,988.0,NA
2026-06-05 23:00:00,35.0,219.0,6.95,54.2,34.5,58.35,15.15,1.46,8.63,0.23,1.63,NA,0.28,0.4,0.43,30.85,64.0,0.3,164.75,0.0,0.0,9.75,988.0,NA
2026-06-06 00:00:00,81.0,227.0,10.35,67.0,44.2,49.38,16.18,1.49,6.28,0.33,1.75,NA,0.3,0.23,0.43,30.55,65.0,0.3,162.25,0.0,0.0,9.5,988.0,NA
2026-06-06 01:00:00,130.0,282.0,22.83,81.05,61.68,55.1,16.93,1.62,5.18,0.48,2.3,NA,0.38,0.45,0.6,30.33,66.5,0.3,160.0,0.0,0.0,10.0,987.75,NA
2026-06-06 02:00:00,123.0,321.0,28.0,69.4,59.8,46.05,6.6,1.44,4.68,1.1,2.93,NA,0.43,0.88,0.45,30.33,65.25,0.3,160.0,0.0,0.0,9.5,985.25,NA
2026-06-06 03:00:00,171.0,333.0,18.93,62.9,48.8,51.28,11.23,1.6,4.43,1.15,3.55,NA,0.4,0.22,0.5,30.05,67.25,0.3,157.75,0.0,0.0,9.0,986.0,NA
2026-06-06 04:00:00,174.0,283.0,19.6,58.3,46.88,48.05,11.8,1.61,4.0,1.1,4.25,NA,0.48,0.55,0.53,29.85,69.75,0.3,155.5,0.0,0.0,9.25,985.5,NA
2026-06-06 05:00:00,194.0,345.0,39.55,62.43,65.35,40.35,13.1,1.78,4.35,0.95,5.95,NA,1.13,0.63,0.95,29.78,71.75,0.3,155.0,0.0,0.0,13.25,985.75,NA
2026-06-06 06:00:00,263.0,378.0,43.4,69.3,72.2,51.78,15.58,2.08,6.15,0.9,6.45,NA,1.68,1.58,0.63,30.2,72.5,0.3,159.5,0.13,0.5,46.5,987.75,NA
2026-06-06 07:00:00,86.0,357.0,17.3,82.3,57.83,53.18,16.83,1.79,5.53,0.25,4.05,NA,1.08,1.18,0.95,32.5,60.5,0.3,180.25,0.0,0.0,193.5,987.25,NA
2026-06-06 08:00:00,89.0,290.0,9.88,56.53,38.13,32.48,12.93,1.42,7.75,0.43,3.58,NA,0.65,1.35,0.88,34.9,52.0,0.45,202.25,0.0,0.0,394.75,987.25,NA
2026-06-06 09:00:00,58.0,248.0,4.25,33.08,21.05,48.15,10.0,1.05,11.98,0.4,2.35,NA,0.4,0.85,0.53,36.4,47.5,0.6,215.75,0.0,0.0,542.75,987.0,NA
2026-06-06 10:00:00,31.0,227.0,4.3,27.53,18.15,42.88,6.2,0.82,13.55,0.25,1.38,NA,0.15,0.33,0.18,37.0,45.25,0.88,221.5,0.0,0.0,548.0,985.75,NA
2026-06-06 11:00:00,57.0,238.0,3.82,23.5,15.55,36.85,2.3,0.79,16.35,0.23,1.2,NA,0.1,0.18,0.15,37.38,44.75,0.95,225.0,0.0,0.0,528.75,986.0,NA
2026-06-06 12:00:00,56.0,222.0,3.13,22.5,14.53,37.43,1.25,0.71,18.45,0.15,1.0,NA,0.05,0.03,0.13,38.18,41.75,0.88,232.0,0.0,0.0,655.5,986.0,NA
2026-06-06 13:00:00,47.0,240.0,3.58,24.05,15.63,37.13,0.1,0.68,22.6,0.1,0.78,NA,0.0,0.05,0.0,39.3,39.25,1.05,242.75,0.0,0.0,639.75,986.0,NA
2026-06-06 14:00:00,58.0,237.0,2.55,21.23,13.43,37.58,7.33,0.58,29.9,0.08,1.1,NA,0.0,0.05,0.0,39.7,38.25,0.9,246.25,0.0,0.0,531.5,987.5,NA
2026-06-06 15:00:00,16.0,241.0,2.55,22.03,13.7,34.4,9.6,0.5,32.72,0.13,1.3,NA,0.03,0.18,0.0,39.98,36.5,0.8,248.75,0.0,0.0,391.25,987.0,NA
2026-06-06 16:00:00,30.0,213.0,4.45,25.63,17.25,33.43,9.4,0.54,32.93,0.2,1.88,NA,0.13,0.53,0.0,40.05,36.5,0.55,249.75,0.0,0.0,238.0,987.0,NA
2026-06-06 17:00:00,39.0,229.0,4.48,31.3,20.2,32.08,9.23,0.72,30.53,0.13,1.55,NA,0.0,0.13,0.0,38.85,37.75,0.45,238.5,0.0,0.0,96.0,987.0,NA
2026-06-06 18:00:00,47.0,257.0,4.28,43.75,26.68,28.1,10.18,1.11,21.03,0.28,2.45,NA,0.5,0.33,0.23,36.4,40.25,0.68,215.75,0.0,0.0,28.0,985.25,NA
2026-06-06 19:00:00,45.0,550.0,5.0,49.28,30.38,24.65,10.43,1.09,13.1,0.4,6.5,NA,0.95,0.3,0.93,34.8,43.5,0.38,201.0,0.0,0.0,11.75,985.5,NA
2026-06-06 20:00:00,53.0,335.0,8.8,66.58,42.63,23.88,8.6,1.69,7.53,0.73,6.3,NA,1.75,0.0,1.48,34.3,44.25,0.65,196.5,0.0,0.0,9.25,985.0,NA
2026-06-06 21:00:00,53.0,296.0,5.2,35.95,23.33,28.0,7.88,0.86,16.53,0.6,4.02,NA,0.9,0.0,1.05,33.63,45.25,1.55,190.5,0.0,0.0,9.5,985.0,NA
2026-06-06 22:00:00,38.0,172.0,2.97,36.43,21.9,35.3,8.23,0.78,14.15,0.93,2.1,NA,0.3,0.58,0.08,32.88,50.0,1.05,183.5,0.0,0.0,9.25,987.5,NA
2026-06-06 23:00:00,NA,140.0,5.35,37.3,24.2,43.4,11.93,0.75,11.55,1.47,2.08,NA,0.45,0.3,0.38,32.53,51.5,0.88,180.25,0.0,0.0,9.5,987.5,NA
2026-06-07 00:00:00,29.0,136.0,3.78,34.85,21.67,43.1,15.7,0.58,10.85,1.85,1.92,NA,1.05,0.1,0.28,32.05,53.75,0.63,176.0,0.0,0.0,10.0,987.25,NA
2026-06-07 01:00:00,17.0,121.0,6.58,37.95,25.63,41.7,10.83,0.52,9.08,0.33,1.4,NA,0.13,0.13,0.08,31.7,54.25,0.48,172.75,0.0,0.0,10.0,987.25,NA
2026-06-07 02:00:00,24.0,128.0,3.25,26.85,16.95,42.75,0.7,0.37,10.48,0.6,1.25,NA,0.15,0.15,0.13,31.4,53.75,0.48,170.0,0.13,0.5,9.25,985.25,NA
2026-06-07 03:00:00,25.0,81.0,2.93,36.33,21.58,41.18,2.48,0.42,9.08,0.18,0.75,NA,0.0,0.05,0.05,31.05,55.5,0.5,166.5,0.0,0.0,9.25,985.0,NA
2026-06-07 04:00:00,30.0,84.0,4.73,34.35,22.13,44.65,5.08,0.51,8.58,0.68,1.13,NA,0.15,0.05,0.15,30.95,54.75,0.52,166.0,0.0,0.0,9.25,985.0,NA
2026-06-07 05:00:00,33.0,94.0,3.33,32.15,19.78,46.18,7.43,0.47,10.25,0.78,1.18,NA,0.18,0.15,0.05,30.8,54.75,0.7,164.5,0.0,0.0,12.75,985.0,NA
2026-06-07 06:00:00,57.0,111.0,5.68,29.98,20.58,54.53,6.88,0.54,9.73,0.23,0.83,NA,0.0,0.1,0.03,30.9,57.0,0.8,165.5,0.0,0.0,47.0,987.75,NA
2026-06-07 07:00:00,NA,125.0,6.13,33.72,22.9,55.95,4.85,0.6,11.4,0.2,0.8,NA,0.03,0.08,0.08,31.9,55.0,0.9,174.5,0.0,0.0,177.75,987.25,NA
2026-06-07 08:00:00,33.0,134.0,5.75,33.28,22.33,53.0,10.03,0.76,15.33,0.28,1.03,NA,0.0,0.05,0.03,33.78,49.75,1.05,191.25,0.0,0.0,348.5,987.25,NA
2026-06-07 09:00:00,75.0,184.0,4.95,31.95,20.98,46.55,12.85,0.75,18.25,0.33,1.05,NA,0.03,0.08,0.03,35.35,46.5,0.95,206.0,0.0,0.0,494.0,987.0,NA
2026-06-07 10:00:00,51.0,178.0,3.75,27.55,17.75,41.4,9.27,0.61,23.43,0.2,0.88,NA,0.0,0.05,0.0,36.8,43.25,0.75,219.75,0.0,0.0,544.25,985.5,NA
2026-06-07 11:00:00,56.0,216.0,3.1,22.65,14.5,39.35,8.93,0.61,27.8,0.2,1.38,NA,0.0,0.08,0.05,37.3,42.75,1.03,224.0,0.0,0.0,662.5,985.5,NA
2026-06-07 12:00:00,55.0,250.0,5.4,19.65,14.93,42.35,10.02,0.51,31.97,0.13,1.08,NA,0.0,0.05,0.03,38.3,40.75,0.98,233.5,0.0,0.0,664.5,986.0,NA
2026-06-07 13:00:00,44.0,278.0,2.58,22.05,13.78,42.98,10.33,0.49,36.6,0.1,1.0,NA,0.0,0.0,0.0,39.38,38.75,0.98,243.25,0.0,0.0,611.25,986.0,NA
2026-06-07 14:00:00,52.0,282.0,3.97,18.5,12.98,46.53,10.47,0.64,37.23,0.18,1.58,NA,0.08,0.03,0.2,40.45,37.75,0.68,253.0,0.0,0.0,511.25,987.5,NA
2026-06-07 15:00:00,NA,265.0,3.33,21.3,14.0,42.3,7.78,0.6,39.03,0.0,0.88,NA,0.03,0.15,0.0,40.58,37.0,0.68,254.5,0.0,0.0,362.75,987.0,NA
2026-06-07 16:00:00,13.0,254.0,4.58,21.95,15.38,40.95,6.13,0.67,35.2,0.1,1.6,NA,0.03,0.23,0.0,39.43,38.25,0.43,243.75,0.0,0.0,157.0,987.0,NA
2026-06-07 17:00:00,31.0,251.0,3.68,35.03,21.6,41.1,8.03,1.1,20.6,0.2,2.53,NA,0.23,0.45,0.08,38.18,40.25,0.35,232.5,0.0,0.0,90.5,987.0,NA
2026-06-07 18:00:00,40.0,310.0,8.78,59.68,38.85,36.78,13.1,2.59,9.48,0.63,7.75,NA,1.9,2.7,0.9,37.2,42.25,0.33,223.0,0.0,0.0,46.5,985.75,NA
2026-06-07 19:00:00,77.0,417.0,10.83,68.35,45.25,34.43,18.43,2.72,5.78,1.0,11.48,NA,3.5,2.6,3.25,36.0,44.75,0.45,212.0,0.0,0.0,18.75,986.0,NA
2026-06-07 20:00:00,57.0,405.0,3.53,30.93,19.25,37.98,5.53,1.03,9.75,0.68,9.23,NA,2.13,1.63,1.88,34.73,44.25,1.63,200.5,0.0,0.0,9.25,985.75,NA
2026-06-07 21:00:00,36.0,221.0,4.75,37.8,24.05,33.88,0.83,0.99,12.4,0.28,1.83,NA,0.35,0.23,0.53,34.05,46.25,0.53,194.25,0.0,0.0,9.75,985.25,NA
2026-06-07 22:00:00,41.0,182.0,4.73,41.47,25.9,38.68,1.6,0.93,11.23,0.35,2.8,NA,0.33,0.75,0.35,33.78,47.25,0.95,191.75,0.0,0.0,9.75,987.25,NA
2026-06-07 23:00:00,NA,155.0,2.93,27.73,17.13,43.05,2.18,0.48,14.45,0.63,1.85,NA,0.25,0.25,0.33,32.9,50.75,0.93,183.5,0.0,0.0,9.75,988.0,NA
2026-06-08 00:00:00,11.0,118.0,4.63,31.85,20.58,40.28,3.65,0.49,12.83,0.5,1.53,NA,0.05,0.1,0.1,32.6,51.25,0.5,181.0,0.0,0.0,10.0,987.5,NA
2026-06-08 01:00:00,23.0,161.0,3.93,32.65,20.55,39.65,4.18,0.39,12.9,0.48,1.25,NA,0.08,0.05,0.13,32.6,50.75,0.53,181.0,0.0,0.0,9.25,987.0,NA
2026-06-08 02:00:00,27.0,202.0,3.85,23.7,15.6,40.25,4.2,0.15,14.03,0.2,1.43,NA,0.05,0.1,0.08,32.2,51.25,0.55,177.25,0.0,0.0,9.5,985.5,NA
2026-06-08 03:00:00,27.0,243.0,4.0,22.13,14.93,39.1,6.15,NA,16.95,0.3,1.33,NA,0.03,0.13,0.08,32.05,52.25,1.08,176.0,0.0,0.0,9.25,985.0,NA
2026-06-08 04:00:00,27.0,106.0,4.38,22.43,15.38,38.18,15.63,NA,14.3,2.38,1.9,NA,0.38,0.1,0.05,31.78,55.0,1.13,173.25,0.0,0.0,9.0,985.0,NA
2026-06-08 05:00:00,39.0,146.0,6.3,28.37,18.5,46.27,24.0,0.04,10.57,1.73,1.6,NA,0.27,0.07,0.1,31.4,56.67,0.87,170.0,0.0,0.0,14.0,985.0,NA
2026-06-08 06:00:00,44.0,211.0,4.35,29.83,19.4,51.73,20.65,0.03,9.15,0.75,0.98,NA,0.13,0.13,0.08,31.68,56.75,0.9,172.5,0.0,0.0,46.25,987.25,NA
2026-06-08 07:00:00,NA,184.0,5.15,29.98,20.05,57.93,16.45,0.07,11.73,0.28,0.78,NA,0.05,0.08,0.1,32.75,53.75,1.13,182.5,0.0,0.0,183.0,987.0,NA
2026-06-08 08:00:00,38.0,174.0,3.88,25.63,16.75,50.48,14.1,0.08,14.23,0.2,0.7,NA,0.0,0.03,0.08,34.18,50.5,1.55,195.5,0.0,0.0,378.0,987.0,NA
2026-06-08 09:00:00,46.0,194.0,2.95,22.73,14.53,47.4,12.48,0.08,16.83,0.2,0.83,NA,0.0,0.0,0.0,35.93,47.0,1.2,212.0,0.0,0.0,522.5,987.0,NA
2026-06-08 10:00:00,29.0,173.0,6.0,23.5,17.37,45.03,9.5,0.07,19.5,0.23,0.9,NA,0.0,0.1,0.1,37.3,43.0,1.4,224.33,0.0,0.0,563.33,985.67,NA
2026-06-08 11:00:00,39.0,199.0,4.18,18.83,13.45,41.98,9.15,0.02,25.95,0.2,1.3,NA,0.03,0.18,0.1,38.38,40.75,1.15,233.75,0.0,0.0,689.0,986.0,NA
2026-06-08 12:00:00,48.0,222.0,3.8,19.13,13.33,40.07,7.73,NA,32.27,0.13,1.13,NA,0.0,0.13,0.07,39.6,38.67,1.0,245.0,0.0,0.0,690.33,986.0,NA
2026-06-08 13:00:00,40.0,228.0,2.73,20.1,12.85,41.03,6.93,NA,35.1,0.18,1.2,NA,0.03,0.1,0.05,40.0,37.25,1.5,249.0,0.0,0.0,641.75,986.0,NA
2026-06-08 14:00:00,38.0,259.0,2.77,20.3,12.45,42.0,7.57,0.53,38.33,0.2,0.85,NA,0.0,0.03,0.03,41.08,33.75,1.35,259.0,0.0,0.0,549.25,987.75,NA
2026-06-08 15:00:00,9.0,255.0,3.38,20.68,13.83,36.15,7.85,0.53,44.48,0.18,0.8,NA,0.03,0.08,0.05,41.08,32.75,1.8,259.25,0.0,0.0,399.25,987.5,NA
2026-06-08 16:00:00,25.0,243.0,4.83,20.8,15.1,35.3,7.67,0.54,49.2,0.13,1.05,NA,0.0,0.03,0.05,41.1,32.0,1.28,259.25,0.0,0.0,236.5,987.0,NA
2026-06-08 17:00:00,36.0,224.0,4.4,28.03,18.43,32.4,8.05,0.62,51.25,0.1,1.3,NA,0.05,0.05,0.0,40.28,32.25,1.1,251.5,0.0,0.0,96.5,987.0,NA
2026-06-08 18:00:00,39.0,213.0,5.65,50.6,31.5,31.13,10.2,1.26,39.23,0.38,3.3,NA,0.23,0.48,0.15,39.0,33.5,0.53,239.75,0.0,0.0,43.5,985.75,NA
2026-06-08 19:00:00,83.0,392.0,50.0,105.0,75.8,29.35,19.65,3.74,11.23,1.9,14.6,NA,3.53,0.3,3.37,36.47,38.33,0.3,217.0,0.0,0.0,12.67,985.0,NA
2026-06-08 20:00:00,156.0,806.0,71.78,112.55,117.98,24.45,12.47,5.53,5.7,2.53,30.3,NA,5.48,1.35,6.35,34.8,42.25,0.3,201.0,0.0,0.0,9.0,985.0,NA
2026-06-08 21:00:00,164.0,558.0,47.6,109.48,96.88,29.18,13.8,4.22,4.83,1.93,23.55,NA,5.08,2.25,3.43,34.45,42.5,0.3,197.5,0.0,0.0,9.25,985.0,NA
2026-06-08 22:00:00,114.0,437.0,52.15,104.1,97.6,30.05,15.15,3.95,4.03,1.48,17.8,NA,4.15,4.03,1.05,34.2,42.75,0.35,195.75,0.0,0.0,9.25,986.5,NA
2026-06-08 23:00:00,88.0,466.0,13.73,87.05,57.3,38.8,15.58,2.39,5.55,1.7,12.83,NA,3.63,2.25,2.65,34.08,43.75,0.3,195.0,0.0,0.0,9.25,988.0,NA
2026-06-09 00:00:00,62.0,301.0,4.85,62.53,37.35,38.23,5.1,1.49,6.03,0.85,5.78,NA,1.78,1.45,1.5,33.68,47.5,0.3,190.75,0.0,0.0,10.0,987.25,NA
2026-06-09 01:00:00,40.0,263.0,5.15,56.45,34.25,38.15,1.13,1.03,6.58,0.43,3.73,NA,0.48,0.48,0.53,33.45,49.0,0.3,189.25,0.0,0.0,10.0,988.0,NA
2026-06-09 02:00:00,41.0,213.0,5.6,37.7,24.8,40.0,1.9,0.83,7.35,0.38,2.88,NA,0.28,0.22,0.38,33.13,50.0,0.38,185.75,0.0,0.0,9.75,986.0,NA
2026-06-09 03:00:00,34.0,182.0,3.5,38.58,23.33,37.03,5.18,0.84,7.6,0.55,2.28,NA,0.2,0.25,0.28,32.98,51.25,0.33,184.75,0.0,0.0,9.25,985.0,NA
2026-06-09 04:00:00,50.0,163.0,6.5,46.25,30.03,32.48,7.0,0.92,5.28,0.53,2.0,NA,0.18,0.43,0.0,32.6,53.0,0.33,180.75,0.0,0.0,9.5,985.0,NA
2026-06-09 05:00:00,36.0,206.0,7.93,43.18,29.45,39.75,6.78,0.94,4.8,0.38,2.5,NA,0.2,0.2,0.23,32.58,53.0,0.48,181.25,0.0,0.0,12.0,985.0,NA
2026-06-09 06:00:00,75.0,204.0,5.7,38.2,24.92,51.88,6.15,0.93,6.08,0.25,1.75,NA,0.2,0.63,0.03,33.08,53.0,0.63,185.0,0.0,0.0,43.0,986.5,NA
2026-06-09 07:00:00,57.0,188.0,4.75,26.28,17.88,60.23,5.73,0.94,6.95,0.53,1.55,NA,0.18,0.23,0.23,34.35,51.25,1.4,197.0,0.0,0.0,192.25,987.0,NA
2026-06-09 08:00:00,11.0,196.0,6.75,26.35,19.45,57.25,9.77,0.98,8.65,0.45,0.98,NA,0.08,0.03,0.13,35.68,48.25,1.68,209.0,0.0,0.0,398.25,987.0,NA
2026-06-09 09:00:00,48.0,246.0,4.1,26.25,17.23,55.53,10.83,1.01,11.05,0.23,1.2,NA,0.08,0.13,0.08,37.18,45.5,1.23,223.25,0.0,0.0,536.75,987.0,NA
2026-06-09 10:00:00,31.0,218.0,4.7,20.0,14.38,57.35,8.6,0.93,17.28,0.15,1.45,NA,0.1,0.25,0.05,38.75,41.75,1.03,237.5,0.0,0.0,573.25,986.75,NA
2026-06-09 11:00:00,34.0,204.0,3.25,19.6,12.98,58.73,11.75,0.87,25.13,0.23,1.35,NA,0.1,0.15,0.13,40.4,36.75,0.85,252.5,2.63,10.5,690.5,986.5,NA
2026-06-09 12:00:00,58.0,196.0,1.9,26.3,15.7,54.4,11.7,0.84,33.0,0.4,1.4,NA,0.1,0.1,0.1,40.6,35.0,1.2,255.0,0.0,0.0,706.0,987.0,NA
2026-06-09 13:00:00,35.0,200.0,4.68,21.45,15.15,51.4,8.0,0.74,48.5,0.5,1.3,NA,0.05,0.18,0.08,41.7,31.25,1.65,264.5,0.0,0.0,617.0,986.5,NA
2026-06-09 14:00:00,38.0,205.0,3.88,18.85,13.23,54.18,10.47,0.61,54.95,0.55,1.13,NA,0.05,0.15,0.1,41.85,31.0,1.8,265.75,0.0,0.0,527.0,988.25,NA
2026-06-09 15:00:00,20.0,228.0,4.4,20.7,14.5,59.33,11.23,0.59,60.63,0.2,1.43,NA,0.17,0.37,0.23,42.1,30.33,1.6,268.0,0.0,0.0,372.0,989.0,NA
2026-06-09 16:00:00,36.0,244.0,3.5,26.0,16.68,57.25,10.68,0.68,59.2,0.2,1.65,NA,0.2,0.45,0.22,41.05,31.0,1.48,258.5,0.0,0.0,158.75,988.25,NA
2026-06-09 17:00:00,31.0,268.0,2.07,27.83,16.6,48.13,10.17,0.8,41.18,0.33,3.7,NA,0.35,0.68,0.43,38.63,34.5,1.88,236.25,0.0,0.0,70.0,988.0,NA
2026-06-09 18:00:00,57.0,946.0,2.68,23.93,14.9,45.28,8.45,0.74,31.7,0.23,1.78,NA,0.3,0.43,0.25,36.15,38.25,2.4,213.75,0.0,0.0,22.5,986.0,NA
2026-06-09 19:00:00,51.0,873.0,4.88,28.08,18.85,39.8,8.08,0.84,34.55,0.25,2.3,NA,0.15,0.23,0.18,35.98,35.75,1.7,212.25,0.0,0.0,10.5,985.0,NA
2026-06-09 20:00:00,63.0,716.0,4.57,35.68,21.75,34.25,6.6,1.09,34.9,0.53,2.7,NA,0.33,0.13,0.4,35.73,35.5,1.45,210.0,0.0,0.0,9.0,985.0,NA
2026-06-09 21:00:00,25.0,147.0,2.93,31.5,19.13,35.07,7.47,0.99,30.67,0.4,2.3,NA,0.3,0.7,0.17,34.5,38.0,1.93,198.67,0.0,0.0,9.0,984.67,NA
2026-06-09 22:00:00,27.0,134.0,4.1,30.0,19.25,36.45,9.25,0.69,30.08,0.95,2.18,NA,0.28,0.43,0.15,35.03,38.0,2.35,203.75,0.0,0.0,9.0,986.5,NA
2026-06-09 23:00:00,30.0,782.0,2.28,20.1,12.6,43.3,6.32,0.51,39.05,0.53,1.0,NA,0.08,0.15,0.1,35.68,36.5,1.85,209.5,0.0,0.0,9.25,987.5,NA
2026-06-10 00:00:00,NA,172.0,3.38,18.03,12.33,41.68,4.78,0.4,37.9,0.38,0.6,NA,0.03,0.0,0.03,34.58,39.75,2.38,199.0,0.0,0.0,9.5,987.0,NA
2026-06-10 01:00:00,1.0,174.0,4.88,33.08,21.53,38.07,4.63,0.55,21.3,0.13,0.43,NA,0.0,0.0,0.03,33.9,42.5,0.5,192.75,0.0,0.0,9.75,987.0,NA
2026-06-10 02:00:00,16.0,127.0,0.9,35.8,19.8,40.5,NA,0.56,13.97,0.9,1.8,NA,0.23,0.23,0.03,33.17,45.67,0.7,186.33,0.0,0.0,9.33,986.67,NA
2026-06-10 03:00:00,25.0,123.0,3.13,32.15,19.7,39.9,5.13,0.59,12.88,1.55,2.18,NA,0.35,0.25,0.15,32.6,47.0,0.73,181.5,0.0,0.0,9.5,985.0,NA
2026-06-10 04:00:00,29.0,114.0,5.5,30.6,20.78,38.15,6.95,0.63,11.68,0.78,1.95,NA,0.25,0.53,0.13,32.15,49.0,0.55,176.75,0.0,0.0,9.0,985.0,NA
2026-06-10 05:00:00,33.0,97.0,4.1,33.35,21.13,40.28,5.3,0.67,11.53,0.23,1.1,NA,0.1,0.35,0.25,31.98,49.75,0.55,175.0,0.0,0.0,11.5,985.0,NA
2026-06-10 06:00:00,47.0,107.0,3.18,37.28,22.35,40.83,5.35,0.75,10.6,0.28,1.23,NA,0.1,0.35,0.13,32.35,49.25,0.53,178.5,0.0,0.0,44.0,986.5,NA
2026-06-10 07:00:00,33.0,143.0,6.25,34.18,23.2,50.8,6.08,0.84,13.08,0.35,1.7,NA,0.2,0.53,0.45,33.63,48.0,1.0,190.5,0.0,0.0,163.0,987.0,NA
2026-06-10 08:00:00,25.0,180.0,5.35,25.23,17.78,47.5,7.5,0.85,10.25,0.23,1.0,NA,0.05,0.03,0.18,35.25,48.0,1.48,205.25,0.0,0.0,344.25,987.0,NA
2026-06-10 09:00:00,38.0,206.0,5.7,23.9,17.38,47.3,9.33,0.84,4.75,0.15,0.95,NA,0.05,0.08,0.08,36.65,47.0,1.9,218.25,0.0,0.0,502.0,987.0,NA
2026-06-10 10:00:00,36.0,246.0,6.25,18.03,14.65,60.35,9.05,0.75,10.1,0.13,1.55,NA,0.1,0.18,0.05,37.75,46.25,2.33,228.25,0.0,0.0,560.25,986.5,NA
2026-06-10 11:00:00,20.0,273.0,4.15,15.73,11.85,68.65,7.28,0.7,11.78,0.13,1.48,NA,0.03,0.1,0.1,38.88,43.25,2.05,239.0,0.0,0.0,676.75,986.0,NA
2026-06-10 12:00:00,48.0,280.0,4.35,16.28,12.28,68.9,6.0,0.69,14.98,0.1,1.4,NA,0.0,0.03,0.05,39.88,39.5,1.75,248.0,0.0,0.0,687.0,986.5,NA
2026-06-10 13:00:00,46.0,287.0,4.2,16.4,11.97,71.2,5.83,0.65,20.8,0.17,0.83,NA,0.0,0.0,0.0,40.17,39.33,1.63,250.67,0.0,0.0,527.67,986.67,NA
2026-06-10 14:00:00,44.0,332.0,2.4,17.43,11.2,66.58,5.27,0.63,24.2,0.2,1.42,NA,0.15,0.05,0.25,40.73,38.75,1.05,255.75,0.0,0.0,439.0,987.75,NA
2026-06-10 15:00:00,41.0,311.0,4.05,16.75,12.3,63.35,4.45,0.45,30.65,0.1,0.77,NA,0.05,0.05,0.05,41.55,35.5,1.35,263.0,0.0,0.0,393.75,988.0,NA
2026-06-10 16:00:00,17.0,310.0,2.33,20.43,12.65,49.28,4.8,0.47,35.33,0.1,0.9,NA,0.05,0.15,0.1,41.53,34.75,1.03,263.25,0.0,0.0,228.25,988.0,NA
2026-06-10 17:00:00,30.0,317.0,3.05,27.8,17.3,41.25,5.38,0.63,35.93,0.23,2.13,NA,0.15,0.08,0.15,40.63,35.25,1.08,254.75,0.0,0.0,104.75,988.0,NA
2026-06-10 18:00:00,72.0,398.0,4.65,39.65,24.88,36.58,6.75,0.92,31.83,0.38,3.35,NA,0.3,0.65,0.1,39.28,36.5,0.75,242.25,0.0,0.0,44.25,986.5,NA
2026-06-10 19:00:00,171.0,544.0,5.7,78.03,46.3,35.17,11.53,2.38,14.6,0.87,8.27,NA,1.23,0.77,1.1,37.67,39.67,0.33,227.67,0.0,0.0,14.0,985.0,NA
2026-06-10 20:00:00,116.0,501.0,15.28,95.63,63.28,33.93,9.63,3.65,5.9,1.43,12.58,NA,3.6,2.03,3.23,36.33,43.5,0.3,215.5,0.0,0.0,9.0,986.0,NA
2026-06-10 21:00:00,134.0,503.0,36.5,94.8,80.18,39.68,13.73,4.64,5.28,2.13,11.18,NA,4.08,1.68,3.35,36.08,45.0,0.3,213.0,0.0,0.0,9.25,986.0,NA
2026-06-10 22:00:00,123.0,515.0,15.48,78.3,54.3,44.4,15.0,2.74,5.55,2.25,13.3,NA,4.3,1.48,3.6,36.2,48.75,0.43,214.25,0.0,0.0,9.0,986.75,NA
2026-06-10 23:00:00,112.0,345.0,13.93,72.93,49.97,50.55,7.63,1.94,13.25,0.38,5.13,NA,1.55,1.55,0.8,35.8,49.5,0.3,210.0,0.0,0.0,9.5,987.0,NA
2026-06-11 00:00:00,78.0,310.0,14.75,62.28,45.1,76.83,7.1,1.53,4.33,0.35,5.35,NA,1.88,2.78,0.0,35.38,48.5,0.3,207.0,0.0,0.0,9.5,987.0,NA
2026-06-11 01:00:00,42.0,254.0,7.55,40.38,27.6,75.63,9.65,0.63,5.65,0.5,3.58,NA,1.03,1.58,0.0,35.53,46.75,0.68,207.75,0.0,0.0,9.5,988.0,NA
2026-06-11 02:00:00,28.0,171.0,4.2,43.4,26.35,55.8,6.0,0.08,4.35,0.58,2.2,NA,0.33,0.3,0.18,34.65,49.25,0.33,199.75,0.0,0.0,9.25,987.0,NA
2026-06-11 03:00:00,31.0,158.0,7.7,47.2,31.33,46.8,6.18,0.08,4.3,0.28,1.58,NA,0.15,0.3,0.23,34.2,50.0,0.45,195.75,0.0,0.0,9.0,985.25,NA
2026-06-11 04:00:00,41.0,166.0,5.33,40.03,25.68,37.63,3.65,0.03,4.73,0.2,1.0,NA,0.1,0.18,0.13,33.48,50.25,0.5,188.75,0.0,0.0,9.0,985.5,NA
2026-06-11 05:00:00,35.0,119.0,5.4,33.98,22.48,35.75,2.85,0.01,5.85,0.1,0.63,NA,0.0,0.0,0.05,33.18,50.0,0.88,186.25,0.0,0.0,10.5,985.0,NA
2026-06-11 06:00:00,27.0,125.0,4.93,27.18,18.45,36.83,3.08,0.23,6.0,0.18,0.6,NA,0.0,0.05,0.0,32.8,52.25,1.0,182.75,0.0,0.0,40.5,986.0,NA
2026-06-11 07:00:00,66.0,163.0,6.48,28.4,20.25,41.08,4.78,0.09,7.4,0.18,1.73,NA,0.1,0.2,0.1,33.05,51.25,1.5,185.25,0.0,0.0,153.25,987.0,NA
2026-06-11 08:00:00,NA,153.0,6.07,22.28,15.33,42.78,8.4,0.05,10.15,0.2,0.8,NA,0.0,0.05,0.03,32.83,52.0,1.85,183.0,0.0,0.0,132.5,987.25,NA
2026-06-11 09:00:00,29.0,269.0,5.03,17.7,13.48,41.1,6.8,0.08,9.6,0.15,0.38,NA,0.0,0.0,0.0,31.28,62.25,2.1,168.75,0.0,0.0,407.75,987.25,NA
2026-06-11 10:00:00,23.0,124.0,3.15,18.47,11.43,42.27,6.83,0.11,12.5,0.17,0.67,NA,0.13,0.1,0.2,33.83,51.67,2.33,192.33,0.0,0.0,522.33,987.0,NA
2026-06-11 11:00:00,NA,NA,NA,NA,NA,NA,NA,NA,NA,NA,NA,NA,NA,NA,NA,NA,NA,NA,NA,NA,NA,NA,NA,NA
2026-06-11 12:00:00,NA,NA,NA,NA,NA,NA,NA,NA,NA,NA,NA,NA,NA,NA,NA,NA,NA,NA,NA,NA,NA,NA,NA,NA
2026-06-11 13:00:00,NA,NA,NA,NA,NA,NA,NA,NA,NA,NA,NA,NA,NA,NA,NA,NA,NA,NA,NA,NA,NA,NA,NA,NA
2026-06-11 14:00:00,NA,NA,NA,NA,NA,NA,NA,NA,NA,NA,NA,NA,NA,NA,NA,NA,NA,NA,NA,NA,NA,NA,NA,NA
2026-06-11 15:00:00,NA,NA,NA,NA,NA,NA,NA,NA,NA,NA,NA,NA,NA,NA,NA,NA,NA,NA,NA,NA,NA,NA,NA,NA
2026-06-11 16:00:00,NA,NA,NA,NA,NA,NA,NA,NA,NA,NA,NA,NA,NA,NA,NA,NA,NA,NA,NA,NA,NA,NA,NA,NA
2026-06-11 17:00:00,NA,NA,NA,NA,NA,NA,NA,NA,NA,NA,NA,NA,NA,NA,NA,NA,NA,NA,NA,NA,NA,NA,NA,NA
2026-06-11 18:00:00,NA,NA,NA,NA,NA,NA,NA,NA,NA,NA,NA,NA,NA,NA,NA,NA,NA,NA,NA,NA,NA,NA,NA,NA
2026-06-11 19:00:00,NA,NA,NA,NA,NA,NA,NA,NA,NA,NA,NA,NA,NA,NA,NA,NA,NA,NA,NA,NA,NA,NA,NA,NA
2026-06-11 20:00:00,NA,NA,NA,NA,NA,NA,NA,NA,NA,NA,NA,NA,NA,NA,NA,NA,NA,NA,NA,NA,NA,NA,NA,NA
2026-06-11 21:00:00,NA,NA,NA,NA,NA,NA,NA,NA,NA,NA,NA,NA,NA,NA,NA,NA,NA,NA,NA,NA,NA,NA,NA,NA
2026-06-11 22:00:00,NA,NA,NA,NA,NA,NA,NA,NA,NA,NA,NA,NA,NA,NA,NA,NA,NA,NA,NA,NA,NA,NA,NA,NA
2026-06-11 23:00:00,NA,NA,NA,NA,NA,NA,NA,NA,NA,NA,NA,NA,NA,NA,NA,NA,NA,NA,NA,NA,NA,NA,NA,NA
2026-06-12 00:00:00,NA,NA,NA,NA,NA,NA,NA,NA,NA,NA,NA,NA,NA,NA,NA,NA,NA,NA,NA,NA,NA,NA,NA,NA
2026-06-12 01:00:00,NA,NA,NA,NA,NA,NA,NA,NA,NA,NA,NA,NA,NA,NA,NA,NA,NA,NA,NA,NA,NA,NA,NA,NA
2026-06-12 02:00:00,NA,NA,NA,NA,NA,NA,NA,NA,NA,NA,NA,NA,NA,NA,NA,NA,NA,NA,NA,NA,NA,NA,NA,NA
2026-06-12 03:00:00,NA,NA,NA,NA,NA,NA,NA,NA,NA,NA,NA,NA,NA,NA,NA,NA,NA,NA,NA,NA,NA,NA,NA,NA
2026-06-12 04:00:00,NA,NA,NA,NA,NA,NA,NA,NA,NA,NA,NA,NA,NA,NA,NA,NA,NA,NA,NA,NA,NA,NA,NA,NA
2026-06-12 05:00:00,NA,NA,NA,NA,NA,NA,NA,NA,NA,NA,NA,NA,NA,NA,NA,NA,NA,NA,NA,NA,NA,NA,NA,NA
2026-06-12 06:00:00,NA,NA,NA,NA,NA,NA,NA,NA,NA,NA,NA,NA,NA,NA,NA,NA,NA,NA,NA,NA,NA,NA,NA,NA
2026-06-12 07:00:00,NA,NA,NA,NA,NA,NA,NA,NA,NA,NA,NA,NA,NA,NA,NA,NA,NA,NA,NA,NA,NA,NA,NA,NA
2026-06-12 08:00:00,NA,46.0,5.8,25.5,18.3,42.1,NA,0.95,13.65,0.1,0.6,NA,0.0,0.0,0.0,29.4,74.5,2.2,152.0,0.0,0.0,171.0,988.0,NA
2026-06-12 09:00:00,NA,55.0,3.43,22.98,15.05,44.6,6.25,1.06,13.5,0.1,0.55,NA,0.0,0.03,0.03,31.68,64.75,1.85,172.5,0.0,0.0,470.5,988.0,NA
2026-06-12 10:00:00,6.0,67.0,3.28,26.28,16.73,41.05,6.55,1.08,17.05,0.1,0.6,NA,0.0,0.08,0.03,33.03,57.0,2.03,185.0,0.0,0.0,456.0,987.5,NA
2026-06-12 11:00:00,3.0,86.0,4.57,29.43,19.43,31.67,7.98,1.05,19.78,0.2,1.15,NA,0.05,0.13,0.13,34.13,51.5,2.13,195.25,0.0,0.0,579.5,985.5,NA
2026-06-12 12:00:00,33.0,90.0,5.68,38.95,25.25,29.03,14.0,1.05,15.68,0.13,1.35,NA,0.0,0.13,0.08,34.08,52.0,2.1,194.5,0.0,0.0,511.5,985.0,NA
2026-06-12 13:00:00,44.0,81.0,5.93,31.65,21.65,32.7,17.23,0.98,18.25,0.1,1.45,NA,0.05,0.13,0.08,35.08,50.0,1.75,204.0,0.0,0.0,600.5,985.25,NA
2026-06-12 14:00:00,41.0,83.0,4.55,24.05,16.48,35.28,9.57,0.95,25.83,0.18,1.5,NA,0.13,0.2,0.13,35.6,48.5,1.78,208.75,0.0,0.0,498.75,986.25,NA
2026-06-12 15:00:00,64.0,88.0,5.7,23.23,17.1,38.38,7.95,0.94,25.33,0.1,1.25,NA,0.03,0.2,0.13,35.0,50.25,1.1,202.75,0.0,0.0,302.5,987.5,NA
2026-06-12 16:00:00,NA,96.0,5.85,30.65,20.98,35.93,8.5,0.95,15.2,0.08,0.9,NA,0.0,0.18,0.08,34.68,54.25,1.5,200.25,0.0,0.0,221.75,988.0,NA
2026-06-12 17:00:00,19.0,88.0,3.15,28.35,17.8,38.53,8.75,0.94,19.03,0.1,0.88,NA,0.08,0.18,0.1,33.5,57.5,1.48,189.25,0.0,0.0,107.0,988.0,NA
2026-06-12 18:00:00,27.0,86.0,5.15,30.03,20.08,39.68,6.65,1.01,18.45,0.13,0.88,NA,0.05,0.2,0.1,32.38,61.0,1.42,178.75,0.0,0.0,47.25,987.75,NA
2026-06-12 19:00:00,22.0,106.0,4.28,42.35,25.95,33.35,12.1,1.07,12.2,0.2,1.9,NA,0.13,0.3,0.25,31.6,61.25,0.93,172.0,0.0,0.0,12.75,985.5,NA
2026-06-12 20:00:00,61.0,112.0,3.23,45.68,25.95,30.03,14.63,1.23,8.9,0.2,2.28,NA,0.15,0.2,0.28,31.23,62.25,0.75,168.25,0.0,0.0,9.25,985.25,NA
2026-06-12 21:00:00,53.0,106.0,4.3,57.45,34.03,29.08,14.18,1.47,5.8,0.28,2.08,NA,0.2,0.22,0.35,31.03,64.0,0.65,166.25,0.0,0.0,9.0,985.0,NA
2026-06-12 22:00:00,59.0,179.0,7.0,48.78,31.75,34.05,15.25,1.48,3.88,0.38,3.43,NA,0.3,0.28,0.5,30.9,66.0,0.65,165.5,0.0,0.0,9.0,985.5,NA
2026-06-12 23:00:00,97.0,136.0,4.03,41.23,25.13,42.3,13.88,1.31,10.2,0.18,2.83,NA,0.2,0.38,0.25,30.7,68.25,1.23,163.75,0.0,0.0,9.25,988.0,NA
2026-06-13 00:00:00,NA,265.0,5.3,20.35,15.18,46.45,8.08,0.82,8.9,0.05,0.63,NA,0.03,0.13,0.08,27.33,87.75,1.93,132.25,4.88,19.5,9.25,988.0,NA
2026-06-13 01:00:00,1.0,28.0,5.5,26.05,16.55,26.03,5.83,0.79,7.45,0.03,0.48,NA,0.0,0.05,0.0,26.85,91.25,0.85,128.0,0.38,1.5,8.75,988.0,NA
2026-06-13 02:00:00,5.0,28.0,5.45,28.2,19.3,37.1,4.3,0.79,6.98,0.1,0.5,NA,0.0,0.0,0.0,27.08,91.0,1.23,130.25,0.0,0.0,8.0,987.75,NA
2026-06-13 03:00:00,6.0,50.0,6.07,25.45,16.95,38.93,5.18,0.83,8.05,0.15,0.98,NA,0.0,0.1,0.08,27.9,81.0,1.8,137.5,0.0,0.0,8.75,985.5,NA
2026-06-13 04:00:00,44.0,45.0,4.25,22.67,15.58,31.55,5.9,0.71,9.7,0.13,0.5,NA,0.0,0.03,0.0,28.0,75.0,1.98,139.0,0.0,0.0,9.0,985.25,NA
2026-06-13 05:00:00,16.0,161.0,3.83,21.93,14.55,36.18,6.68,0.8,10.53,0.3,0.68,NA,0.0,0.0,0.0,27.95,75.5,0.45,138.0,0.0,0.0,11.0,985.0,NA
2026-06-13 06:00:00,8.0,85.0,7.48,41.63,28.28,28.55,8.88,0.91,6.65,0.55,1.17,NA,0.1,0.1,0.05,28.23,75.0,0.35,140.5,0.0,0.0,41.75,985.5,NA
2026-06-13 07:00:00,62.0,97.0,7.45,47.95,31.6,37.95,8.3,0.97,5.78,0.23,1.3,NA,0.0,0.1,0.08,29.0,73.75,0.48,148.0,0.0,0.0,93.75,987.75,NA
2026-06-13 08:00:00,2.0,113.0,7.18,41.15,27.78,39.3,9.07,1.01,7.33,0.2,1.18,NA,0.0,0.1,0.1,30.78,66.5,0.63,164.25,0.0,0.0,313.0,988.0,NA
2026-06-13 09:00:00,12.0,112.0,7.08,41.2,27.63,37.05,9.8,0.95,10.75,0.23,1.15,NA,0.13,0.2,0.25,33.0,56.5,0.65,184.5,0.0,0.0,472.75,988.0,NA
2026-06-13 10:00:00,18.0,117.0,4.25,35.8,22.48,34.8,10.28,0.99,20.98,0.18,0.65,NA,0.05,0.23,0.13,34.4,51.0,0.65,197.75,0.0,0.0,384.75,987.75,NA
2026-06-13 11:00:00,14.0,149.0,5.05,35.7,23.15,29.23,10.45,1.03,25.92,0.2,0.78,NA,0.08,0.15,0.1,33.22,52.5,0.63,186.25,0.0,0.0,304.5,986.0,NA
2026-06-13 12:00:00,38.0,143.0,2.2,35.85,20.9,26.58,13.4,1.16,49.98,0.22,1.03,NA,0.03,0.15,0.1,34.48,49.0,0.68,198.25,0.0,0.0,571.0,985.5,NA
2026-06-13 13:00:00,63.0,204.0,3.85,34.8,21.55,29.93,15.08,1.19,58.45,0.3,1.68,NA,0.08,0.2,0.1,35.45,47.0,0.7,207.25,0.0,0.0,515.5,985.25,NA
2026-06-13 14:00:00,74.0,205.0,2.9,34.9,20.9,30.6,12.03,1.15,60.9,0.3,1.98,NA,0.0,0.23,0.1,36.4,45.25,0.65,215.75,0.0,0.0,506.0,985.25,NA
2026-06-13 15:00:00,101.0,204.0,5.1,28.33,18.15,35.83,9.7,1.03,58.55,0.25,2.43,NA,0.0,0.28,0.1,37.1,44.25,0.65,222.25,0.0,0.0,390.75,988.0,NA
2026-06-13 16:00:00,27.0,174.0,3.65,25.25,16.45,35.55,7.58,0.89,51.53,0.2,1.63,NA,0.0,0.33,0.05,36.73,43.75,0.53,218.5,0.0,0.0,225.5,988.0,NA
2026-06-13 17:00:00,22.0,139.0,4.28,30.78,19.78,33.65,6.38,0.97,43.58,0.18,1.7,NA,0.0,0.23,0.03,35.33,48.0,0.45,206.0,0.0,0.0,102.75,988.0,NA
2026-06-13 18:00:00,44.0,162.0,3.43,34.78,21.28,36.9,4.98,1.04,30.6,0.23,2.2,NA,0.0,0.15,0.03,34.03,51.5,0.33,194.0,0.0,0.0,47.75,988.0,NA
2026-06-13 19:00:00,24.0,124.0,6.2,40.73,26.53,32.07,4.23,1.21,26.33,0.1,2.03,NA,0.0,0.27,0.1,32.43,55.67,0.3,180.0,0.0,0.0,14.67,986.0,NA
2026-06-13 20:00:00,80.0,182.0,4.38,71.95,41.93,22.13,7.4,2.07,12.03,0.28,2.4,NA,0.18,0.6,0.38,31.73,58.0,0.3,173.0,0.0,0.0,9.0,985.5,NA
2026-06-13 21:00:00,121.0,310.0,6.0,94.8,55.25,25.75,11.25,2.27,4.5,0.65,9.23,NA,1.6,1.4,1.23,31.08,61.0,0.3,166.75,0.0,0.0,9.0,985.0,NA
2026-06-13 22:00:00,90.0,313.0,12.35,102.88,64.75,27.75,12.45,2.66,3.28,0.53,6.33,NA,1.6,0.58,1.3,30.7,64.5,0.3,163.5,0.0,0.0,9.0,985.75,NA
2026-06-13 23:00:00,183.0,367.0,8.73,84.75,52.23,41.18,14.8,2.16,6.43,0.53,7.48,NA,1.63,2.08,0.55,30.93,62.5,0.33,165.5,0.0,0.0,9.75,987.75,NA
2026-06-14 00:00:00,84.0,276.0,6.73,74.2,44.83,38.7,18.63,1.74,4.83,0.4,4.15,NA,0.88,1.03,0.93,30.63,63.25,0.3,163.0,0.0,0.0,9.25,988.0,NA
2026-06-14 01:00:00,77.0,223.0,9.95,74.43,47.53,35.15,18.6,1.67,4.48,0.55,4.43,NA,0.85,0.85,0.8,29.98,65.75,0.3,157.0,0.0,0.0,9.25,988.0,NA
2026-06-14 02:00:00,107.0,277.0,7.95,55.75,36.2,39.25,11.2,1.4,5.28,0.43,6.25,NA,0.53,0.93,0.75,30.1,66.25,0.3,158.0,0.0,0.0,9.25,988.0,NA
2026-06-14 03:00:00,135.0,263.0,5.58,55.58,34.18,34.38,13.75,1.34,3.03,0.75,3.43,NA,0.43,0.73,0.38,30.0,68.25,0.3,157.25,0.0,0.0,9.0,985.25,NA
2026-06-14 04:00:00,85.0,156.0,24.7,70.23,57.33,22.1,11.65,1.27,2.47,0.35,2.45,NA,0.3,0.48,0.4,29.68,71.5,0.3,154.25,0.0,0.0,9.0,985.5,NA
2026-06-14 05:00:00,57.0,211.0,35.35,61.65,61.78,33.75,11.1,1.45,2.7,0.35,2.93,NA,0.3,0.43,0.5,29.35,75.0,0.3,151.25,0.0,0.0,13.25,985.75,NA
2026-06-14 06:00:00,125.0,288.0,26.2,59.03,52.75,41.15,11.05,1.58,5.63,0.53,3.82,NA,0.35,0.52,0.5,29.8,73.0,0.3,155.5,0.0,0.0,53.75,985.75,NA
2026-06-14 07:00:00,289.0,409.0,11.55,61.2,41.9,52.38,17.1,1.74,8.2,0.53,9.28,NA,0.43,1.03,0.58,31.75,64.25,0.3,173.0,0.0,0.0,170.75,987.75,NA
2026-06-14 08:00:00,222.0,438.0,6.78,39.25,26.45,52.13,21.17,1.35,6.03,0.25,7.03,NA,0.25,0.85,0.4,34.3,51.75,0.38,196.5,0.0,0.0,368.25,988.0,NA
2026-06-14 09:00:00,123.0,245.0,6.23,34.85,23.55,36.18,17.08,1.21,11.6,0.33,4.03,NA,0.13,0.38,0.15,35.4,46.5,0.73,207.0,0.0,0.0,519.75,988.0,NA
2026-06-14 10:00:00,57.0,157.0,3.4,26.18,16.7,39.75,14.18,1.12,20.98,0.23,1.33,NA,0.0,0.13,0.1,36.55,44.0,0.73,217.5,0.0,0.0,570.75,988.0,NA
2026-06-14 11:00:00,55.0,147.0,4.6,22.7,15.8,37.27,9.53,1.02,24.63,0.2,0.8,NA,0.0,0.2,0.07,36.87,43.67,1.07,219.67,0.0,0.0,688.33,985.67,NA
2026-06-14 12:00:00,51.0,155.0,3.6,22.28,14.78,32.0,7.3,0.97,28.98,0.15,0.75,NA,0.0,0.1,0.08,37.35,42.5,0.83,224.5,0.0,0.0,649.75,985.5,NA
2026-06-14 13:00:00,45.0,168.0,3.6,21.83,14.53,31.93,6.05,0.69,30.55,0.1,0.68,NA,0.0,0.1,0.0,38.15,41.0,1.1,232.25,0.0,0.0,589.75,986.0,NA
2026-06-14 14:00:00,45.0,177.0,4.38,19.9,14.25,32.85,10.47,0.83,36.08,0.1,0.65,NA,0.03,0.08,0.03,38.03,41.25,1.15,231.0,0.0,0.0,453.75,986.0,NA
2026-06-14 15:00:00,74.0,180.0,4.32,19.9,14.1,36.75,11.73,0.83,39.5,0.13,1.1,NA,0.05,0.18,0.1,38.55,41.0,0.83,235.75,0.0,0.0,376.75,987.75,NA
2026-06-14 16:00:00,NA,171.0,3.45,25.0,16.08,32.68,11.38,0.83,43.28,0.1,0.75,NA,0.03,0.05,0.0,38.15,41.75,1.03,232.0,0.0,0.0,224.5,988.0,NA
2026-06-14 17:00:00,25.0,207.0,3.65,31.17,19.58,32.98,11.8,2.49,41.18,0.13,1.28,NA,0.05,0.03,0.15,37.1,42.75,1.05,222.5,0.0,0.0,106.25,988.0,NA
2026-06-14 18:00:00,40.0,224.0,1.67,37.23,21.27,34.77,11.67,0.01,31.63,0.1,1.2,NA,0.0,0.1,0.03,36.1,45.67,0.77,213.0,0.0,0.0,49.0,988.0,NA
2026-06-14 19:00:00,52.0,244.0,4.78,53.55,32.43,31.8,12.6,0.01,20.38,0.5,1.63,NA,0.13,0.08,0.08,34.83,48.0,0.55,201.5,0.0,0.0,15.0,985.25,NA
2026-06-14 20:00:00,107.0,296.0,4.25,64.93,38.0,28.93,10.8,0.01,8.33,0.55,1.8,NA,0.28,0.13,0.28,33.78,51.75,0.3,192.0,0.0,0.0,9.0,985.5,NA
2026-06-14 21:00:00,88.0,322.0,8.98,74.45,46.85,29.15,8.88,0.01,4.47,0.35,4.13,NA,0.48,0.13,0.7,32.93,55.25,0.3,184.0,0.0,0.0,9.0,985.5,NA
2026-06-14 22:00:00,81.0,331.0,6.8,63.53,39.48,31.9,7.88,0.01,5.17,0.3,4.75,NA,0.3,0.08,0.53,32.8,55.25,0.3,182.75,0.0,0.0,9.0,985.25,NA
2026-06-14 23:00:00,105.0,324.0,4.78,44.23,27.43,43.78,8.93,0.01,12.1,0.25,2.48,NA,0.35,0.65,0.28,33.2,56.75,0.6,186.5,0.0,0.0,9.25,987.75,NA
2026-06-15 00:00:00,NA,218.0,3.68,28.3,18.03,42.85,8.9,0.01,6.55,0.1,1.08,NA,0.15,0.08,0.28,32.65,53.0,1.25,181.25,0.0,0.0,9.75,988.0,NA
2026-06-15 01:00:00,NA,117.0,3.78,24.88,16.28,51.23,8.08,0.01,7.63,0.75,0.85,NA,0.15,0.1,0.1,32.25,51.0,1.45,177.75,0.0,0.0,9.25,988.0,NA
2026-06-15 02:00:00,6.0,85.0,5.25,19.75,14.95,47.5,5.7,0.01,9.58,0.3,0.58,NA,0.03,0.1,0.1,31.75,52.75,1.1,173.25,0.0,0.0,9.75,988.0,NA
2026-06-15 03:00:00,7.0,77.0,4.9,26.2,17.9,41.83,5.88,0.01,10.55,0.13,0.43,NA,0.0,0.03,0.0,31.2,53.5,1.0,168.0,0.0,0.0,9.25,985.5,NA
2026-06-15 04:00:00,39.0,101.0,3.15,26.28,16.58,34.25,5.78,0.01,11.35,0.1,0.48,NA,0.0,0.0,0.0,30.9,55.0,0.8,165.25,0.0,0.0,9.0,985.0,NA
2026-06-15 05:00:00,36.0,112.0,7.23,34.73,24.28,33.55,6.6,0.01,9.15,0.13,0.65,NA,0.0,0.03,0.0,30.73,56.0,0.73,163.75,0.0,0.0,12.5,985.0,NA
2026-06-15 06:00:00,48.0,146.0,6.48,39.9,26.55,31.4,8.35,0.01,8.63,0.48,0.88,NA,0.03,0.03,0.03,30.93,55.75,0.7,165.75,0.0,0.0,53.75,985.0,NA
2026-06-15 07:00:00,50.0,240.0,5.38,34.48,22.6,43.3,9.03,0.01,10.1,0.23,0.93,NA,0.0,0.08,0.03,31.68,54.75,1.18,172.75,0.0,0.0,148.0,987.25,NA
2026-06-15 08:00:00,19.0,291.0,4.48,30.8,20.03,46.13,8.6,0.01,12.85,0.23,0.88,NA,0.05,0.08,0.05,33.08,50.5,1.55,185.25,0.0,0.0,236.75,988.0,NA
2026-06-15 09:00:00,33.0,239.0,3.6,31.63,19.65,40.4,7.88,0.01,15.55,0.18,0.63,NA,0.0,0.03,0.05,31.65,53.0,1.5,172.0,0.0,0.0,41.75,988.0,NA
2026-06-15 10:00:00,24.0,138.0,6.28,31.75,21.93,38.65,5.9,0.01,18.55,0.18,1.1,NA,0.05,0.1,0.13,33.03,50.5,0.93,184.5,0.0,0.0,475.75,988.0,NA
2026-06-15 11:00:00,28.0,202.0,5.87,25.47,18.3,35.35,6.47,0.73,17.5,0.2,1.47,NA,0.0,0.07,0.07,36.7,40.75,2.05,218.75,0.0,0.0,715.75,986.0,NA
2026-06-15 12:00:00,29.0,305.0,6.65,21.83,17.0,35.55,6.78,0.75,21.3,0.1,2.0,NA,0.0,0.1,0.05,36.58,42.75,2.22,217.75,0.0,0.0,696.75,985.0,NA
2026-06-15 13:00:00,33.0,320.0,4.25,21.83,15.15,36.97,6.08,0.77,20.38,0.13,1.65,NA,0.0,0.08,0.08,37.48,42.5,1.7,225.75,0.0,0.0,620.0,985.0,NA
2026-06-15 14:00:00,27.0,293.0,3.65,21.4,14.33,37.03,6.37,0.77,21.05,0.1,0.83,NA,0.0,0.03,0.0,35.48,45.0,3.4,207.5,0.0,0.0,332.0,985.25,NA
2026-06-15 15:00:00,47.0,NA,2.2,22.6,13.28,39.95,5.63,0.7,23.85,0.13,2.13,NA,0.08,0.25,0.15,31.75,50.25,3.5,172.75,0.0,0.0,154.25,987.5,NA
2026-06-15 16:00:00,7.0,157.0,2.77,25.28,15.0,40.78,5.03,0.72,25.75,0.13,1.58,NA,0.0,0.03,0.03,31.55,48.5,2.0,171.5,0.0,0.0,71.5,988.0,NA
2026-06-15 17:00:00,17.0,102.0,3.5,28.15,17.85,41.63,5.83,0.82,25.83,0.35,2.5,NA,0.18,0.3,0.25,32.93,45.25,1.33,184.25,0.0,0.0,139.25,987.75,NA
2026-06-15 18:00:00,24.0,169.0,2.43,31.47,18.8,40.07,6.37,0.79,28.07,0.3,3.47,NA,0.13,0.33,0.2,34.3,43.33,0.67,197.0,0.0,0.0,70.33,988.0,NA
2026-06-15 19:00:00,24.0,119.0,3.73,42.87,25.8,36.57,6.3,0.96,23.9,0.47,4.93,NA,0.13,0.5,0.23,31.6,48.33,0.5,172.0,0.0,0.0,15.67,985.67,NA
2026-06-15 20:00:00,60.0,172.0,5.08,57.35,34.63,28.65,9.73,1.24,13.25,0.48,2.5,NA,0.13,0.23,0.23,30.88,52.0,0.35,165.0,0.0,0.0,9.25,985.0,NA
2026-06-15 21:00:00,54.0,197.0,9.45,82.33,51.3,19.48,10.7,1.71,4.8,0.45,8.68,NA,0.8,1.3,0.83,30.35,53.75,0.3,160.25,0.0,0.0,9.25,985.0,NA
2026-06-15 22:00:00,72.0,261.0,8.28,85.28,52.0,24.72,14.05,1.94,4.4,0.9,18.38,NA,2.43,2.55,2.1,30.65,52.75,0.3,163.0,0.0,0.0,9.5,985.0,NA
2026-06-15 23:00:00,72.0,218.0,19.8,94.98,66.63,22.88,16.55,1.7,2.45,1.13,12.5,NA,2.18,2.08,1.68,30.68,53.25,0.38,163.5,0.0,0.0,9.5,987.25,NA
2026-06-16 00:00:00,17.0,175.0,18.1,92.13,63.73,31.28,17.98,1.55,3.1,1.05,8.83,NA,1.9,2.0,1.55,30.53,54.0,0.3,162.0,0.0,0.0,9.75,988.0,NA
2026-06-16 01:00:00,48.0,167.0,8.8,70.73,44.73,38.63,18.33,1.22,3.73,0.55,3.7,NA,0.95,1.25,0.85,30.33,54.33,0.3,160.0,0.0,0.0,9.67,988.0,NA
2026-06-16 02:00:00,43.0,149.0,35.35,66.0,63.55,23.55,3.7,1.16,4.2,0.65,6.0,NA,1.03,1.65,1.13,29.83,57.25,0.3,155.5,0.0,0.0,9.75,988.0,NA
2026-06-16 03:00:00,57.0,169.0,63.85,77.9,93.3,18.5,6.13,1.55,4.75,0.98,6.23,NA,1.28,1.95,1.25,29.63,59.5,0.3,153.75,0.0,0.0,9.25,986.0,NA
2026-06-16 04:00:00,62.0,193.0,120.7,71.15,135.52,11.7,10.58,1.98,4.45,1.1,7.15,NA,1.98,2.58,1.73,29.95,59.5,0.3,157.0,0.0,0.0,9.5,985.0,NA
2026-06-16 05:00:00,99.0,304.0,68.43,63.53,89.43,33.33,11.75,1.8,3.88,0.98,9.03,NA,2.3,2.43,1.65,29.45,61.5,0.33,152.0,0.0,0.0,11.75,985.0,NA
2026-06-16 06:00:00,87.0,252.0,48.95,71.75,77.83,23.95,11.55,1.85,3.83,1.05,11.08,NA,1.55,1.68,1.2,29.78,61.0,0.33,154.75,0.0,0.0,50.75,985.0,NA
2026-06-16 07:00:00,117.0,326.0,29.6,67.95,60.03,35.33,16.4,1.58,3.43,1.13,14.53,NA,1.85,1.95,1.38,30.58,58.25,0.93,162.5,0.0,0.0,85.75,987.0,NA
2026-06-16 08:00:00,118.0,259.0,6.38,38.23,25.5,42.1,11.73,0.99,6.33,0.55,8.68,NA,0.6,1.53,0.75,30.25,61.0,1.73,159.25,0.0,0.0,53.0,988.0,NA
2026-06-16 09:00:00,51.0,169.0,5.1,24.98,17.3,38.6,3.2,0.87,7.4,0.2,1.28,NA,0.08,0.18,0.15,27.93,78.25,1.4,138.25,0.38,1.5,45.0,988.0,NA
2026-06-16 10:00:00,19.0,64.0,5.38,25.55,17.85,35.7,1.13,0.89,8.4,0.23,1.15,NA,0.15,0.13,0.18,28.08,76.75,0.8,139.75,0.13,0.5,90.25,988.0,NA
2026-06-16 11:00:00,17.0,55.0,9.03,49.5,33.6,27.13,2.5,1.12,8.35,0.43,4.03,NA,0.35,0.45,0.38,29.38,69.25,1.68,151.75,0.0,0.0,147.5,986.0,NA
2026-06-16 12:00:00,51.0,116.0,10.95,47.58,34.23,27.45,3.43,1.03,11.0,0.55,9.9,NA,0.6,0.95,0.58,30.48,62.5,2.13,161.25,0.13,0.5,257.5,985.75,NA
2026-06-16 13:00:00,57.0,112.0,5.58,27.55,19.1,29.35,2.48,0.93,14.15,0.35,5.38,NA,0.23,0.58,0.3,31.95,57.25,1.2,174.75,0.0,0.0,242.75,986.25,NA
2026-06-16 14:00:00,24.0,118.0,5.1,32.9,21.6,29.2,5.37,1.05,NA,0.25,3.8,NA,0.18,0.33,0.3,34.05,51.25,0.9,194.0,0.0,0.0,444.75,986.0,NA
2026-06-16 15:00:00,43.0,108.0,3.73,39.18,23.9,28.18,7.08,1.16,12.5,0.38,2.88,NA,0.15,0.28,0.18,35.08,47.75,1.15,203.75,0.0,0.0,414.75,987.25,NA
2026-06-16 16:00:00,34.0,129.0,4.23,25.85,17.25,36.38,7.33,0.77,NA,0.33,5.05,NA,0.4,0.5,0.45,35.53,44.75,1.2,207.75,0.0,0.0,269.5,988.0,NA
2026-06-16 17:00:00,12.0,90.0,5.15,26.6,18.33,37.98,6.6,0.87,18.77,0.35,4.05,NA,0.3,0.28,0.2,33.85,49.25,0.88,192.5,0.0,0.0,105.75,988.0,NA
2026-06-16 18:00:00,29.0,108.0,3.75,40.75,24.7,34.68,7.25,1.1,14.02,0.35,3.35,NA,0.3,0.28,0.28,32.55,57.0,0.95,180.75,0.0,0.0,36.75,988.0,NA
2026-06-16 19:00:00,46.0,128.0,4.85,35.6,22.88,34.88,7.65,1.21,13.77,0.3,2.8,NA,0.25,0.4,0.33,31.6,59.25,0.93,171.75,0.0,0.0,13.5,986.5,NA
2026-06-16 20:00:00,62.0,129.0,4.73,37.28,23.68,31.18,8.73,1.27,10.27,0.4,2.18,NA,0.25,0.3,0.33,30.9,62.0,1.33,165.5,0.0,0.0,9.25,986.0,NA
2026-06-16 21:00:00,52.0,100.0,5.07,35.17,22.83,33.57,7.93,1.27,11.07,0.33,1.73,NA,0.2,0.23,0.27,30.23,62.67,0.8,159.33,0.0,0.0,9.0,986.0,NA
2026-06-16 22:00:00,34.0,110.0,5.23,40.23,25.63,32.03,8.43,1.33,9.67,0.2,1.5,NA,0.2,0.13,0.33,30.1,63.33,0.87,158.0,0.0,0.0,9.0,986.0,NA
2026-06-16 23:00:00,48.0,103.0,2.83,39.18,23.03,30.28,7.0,1.05,8.88,0.28,1.58,NA,0.23,0.15,0.28,29.85,64.25,0.6,156.25,0.0,0.0,9.25,987.25,NA
2026-06-17 00:00:00,35.0,108.0,4.53,28.45,18.85,37.43,7.93,0.9,8.95,0.4,2.05,NA,0.2,0.25,0.25,29.6,65.75,0.53,153.5,0.0,0.0,9.5,988.0,NA
2026-06-17 01:00:00,21.0,85.0,3.08,30.28,18.63,38.5,7.88,0.78,8.58,0.28,1.05,NA,0.05,0.13,0.1,29.3,66.5,0.35,150.75,0.0,0.0,9.25,988.0,NA
2026-06-17 02:00:00,26.0,70.0,4.4,27.25,18.15,37.1,6.5,0.85,9.05,0.4,1.45,NA,0.05,0.15,0.1,29.05,66.0,0.33,148.5,0.0,0.0,9.25,988.0,NA
2026-06-17 03:00:00,22.0,81.0,5.68,26.18,18.53,39.8,12.58,0.98,10.0,1.72,1.6,NA,0.35,0.25,0.13,28.9,65.5,0.38,147.0,0.0,0.0,9.25,986.75,NA
2026-06-17 04:00:00,29.0,64.0,4.6,32.4,21.08,30.15,12.05,0.85,9.78,0.25,1.45,NA,0.1,0.18,0.1,28.85,65.75,0.35,146.5,0.0,0.0,9.0,985.5,NA
2026-06-17 05:00:00,48.0,90.0,6.55,40.55,26.98,33.88,11.08,0.94,8.05,0.78,1.78,NA,0.18,0.25,0.15,28.83,65.75,0.55,146.5,0.0,0.0,13.0,986.0,NA
2026-06-17 06:00:00,58.0,94.0,7.82,51.65,34.0,28.63,11.88,1.03,6.78,0.33,1.45,NA,0.13,0.45,0.28,28.98,65.5,0.45,147.75,0.0,0.0,46.0,985.75,NA
2026-06-17 07:00:00,66.0,145.0,16.9,53.6,42.33,37.67,23.73,1.09,7.2,0.33,1.33,NA,0.1,0.13,0.13,30.93,59.0,0.6,165.67,0.0,0.0,203.67,987.33,NA
2026-06-17 08:00:00,74.0,174.0,9.08,38.45,27.95,46.0,24.17,1.02,12.5,0.43,1.4,NA,0.1,0.13,0.13,32.48,53.0,1.05,179.75,0.0,0.0,414.75,988.0,NA
2026-06-17 09:00:00,57.0,149.0,7.28,32.0,23.0,39.9,20.65,1.07,20.53,0.3,1.23,NA,0.03,0.13,0.1,33.93,49.0,0.98,193.0,0.0,0.0,558.5,988.0,NA
2026-06-17 10:00:00,54.0,125.0,5.83,32.47,22.07,38.4,14.27,0.97,29.43,0.25,0.95,NA,0.05,0.1,0.1,35.4,45.67,0.67,206.67,0.0,0.0,584.33,988.0,NA
2026-06-17 11:00:00,55.0,140.0,3.75,34.55,21.33,38.53,8.45,0.89,36.1,NA,NA,NA,NA,NA,NA,36.13,43.75,0.73,213.25,0.0,0.0,732.5,987.0,NA
2026-06-17 12:00:00,49.0,121.0,3.18,32.03,19.58,40.4,6.68,0.84,42.83,NA,NA,NA,NA,NA,NA,36.83,41.25,0.78,219.5,0.0,0.0,720.5,986.0,NA
2026-06-17 13:00:00,49.0,123.0,4.53,31.65,20.5,42.5,6.3,0.78,47.73,NA,NA,NA,NA,NA,NA,37.8,39.5,0.8,228.75,0.0,0.0,659.75,986.0,NA
2026-06-17 14:00:00,32.0,117.0,3.95,29.13,18.78,43.45,7.8,0.8,46.83,NA,NA,NA,NA,NA,NA,37.95,39.0,1.2,230.25,0.0,0.0,561.0,986.0,NA
2026-06-17 15:00:00,34.0,110.0,2.65,35.2,20.13,43.87,7.9,0.9,44.67,NA,NA,NA,NA,NA,NA,38.53,38.33,0.73,235.67,0.0,0.0,438.0,987.33,NA
2026-06-17 16:00:00,28.0,105.0,4.9,31.23,20.65,40.63,8.23,0.93,40.93,NA,NA,NA,NA,NA,NA,38.03,38.0,1.18,230.75,0.0,0.0,241.0,988.0,NA
2026-06-17 17:00:00,18.0,114.0,5.83,35.28,23.48,36.75,8.13,1.04,39.98,0.0,0.0,NA,0.0,0.0,0.0,36.8,40.0,1.2,219.5,0.0,0.0,102.0,988.0,NA
2026-06-17 18:00:00,28.0,140.0,4.5,37.98,23.78,37.4,8.35,1.27,47.35,0.0,0.0,NA,0.0,0.0,0.0,35.78,43.0,0.95,210.0,0.0,0.0,46.25,988.0,NA
2026-06-17 19:00:00,57.0,180.0,4.63,46.45,27.48,36.28,11.73,1.88,37.95,0.43,3.48,NA,0.2,0.5,0.18,34.33,46.75,0.48,196.5,0.0,0.0,14.0,986.75,NA
2026-06-17 20:00:00,50.0,197.0,5.2,62.47,37.57,32.57,9.37,2.19,19.1,0.47,5.83,NA,0.6,1.07,0.67,33.6,49.33,0.47,190.0,0.0,0.0,9.0,985.33,NA
2026-06-17 21:00:00,76.0,195.0,8.78,73.68,46.25,27.5,10.55,2.29,6.55,0.48,4.25,NA,0.93,1.43,0.1,33.23,51.75,0.45,186.75,0.0,0.0,9.25,986.0,NA
2026-06-17 22:00:00,104.0,272.0,6.9,74.68,45.25,33.98,11.03,2.12,4.0,0.45,5.88,NA,0.63,1.15,0.22,32.6,56.0,0.33,181.25,0.0,0.0,9.0,986.0,NA
2026-06-17 23:00:00,98.0,279.0,5.83,70.13,42.1,35.43,9.5,2.1,7.75,0.43,4.63,NA,0.4,0.75,0.38,32.28,58.5,0.3,178.25,0.0,0.0,9.0,987.0,NA
2026-06-18 00:00:00,83.0,206.0,5.3,68.7,40.95,29.58,11.5,1.85,7.88,0.38,5.1,NA,0.5,1.1,0.73,32.35,59.25,0.3,178.5,0.0,0.0,9.0,988.0,NA
2026-06-18 01:00:00,62.0,223.0,7.03,61.53,38.47,40.57,16.8,1.76,6.5,0.33,3.2,NA,0.4,0.77,0.57,32.2,60.0,0.37,177.67,0.0,0.0,9.67,988.0,NA
2026-06-18 02:00:00,68.0,240.0,7.9,55.8,36.35,44.0,8.5,1.59,5.53,0.4,4.65,NA,0.3,0.45,0.38,32.1,61.25,0.4,176.5,0.0,0.0,9.25,988.0,NA
2026-06-18 03:00:00,96.0,245.0,6.18,57.18,35.5,50.08,13.25,1.58,7.28,0.4,3.7,NA,0.28,0.33,0.25,31.75,62.0,0.35,172.75,0.0,0.0,9.0,987.0,NA
2026-06-18 04:00:00,102.0,254.0,4.2,45.13,27.38,42.45,14.15,1.54,6.2,0.33,2.78,NA,0.15,0.15,0.15,31.65,60.25,0.48,172.25,0.0,0.0,9.0,985.5,NA
2026-06-18 05:00:00,157.0,284.0,6.35,40.4,26.6,42.13,15.63,1.65,2.93,0.38,2.63,NA,0.1,0.23,0.05,31.23,62.5,0.3,168.5,0.0,0.0,12.75,986.0,NA
2026-06-18 06:00:00,149.0,269.0,10.85,66.43,44.18,34.25,16.3,1.67,5.25,0.43,2.83,NA,0.18,0.23,0.2,31.63,61.0,0.35,172.0,0.0,0.0,48.75,985.5,NA
2026-06-18 07:00:00,149.0,357.0,8.15,49.38,32.98,42.93,21.4,0.86,12.58,0.53,3.1,NA,0.2,0.3,0.22,33.28,55.5,0.68,187.5,0.0,0.0,179.5,986.75,NA
2026-06-18 08:00:00,135.0,272.0,6.63,39.8,26.68,47.95,29.3,0.73,11.58,0.2,2.43,NA,0.18,0.3,0.18,35.28,50.0,0.85,205.75,0.0,0.0,370.75,988.0,NA
2026-06-18 09:00:00,67.0,261.0,3.7,31.55,18.63,37.5,24.65,0.66,16.18,0.18,1.73,NA,0.18,0.45,0.28,36.23,48.0,1.15,214.25,0.0,0.0,494.75,988.0,NA
2026-06-18 10:00:00,71.0,216.0,2.4,24.6,15.17,50.63,19.47,0.5,23.83,0.33,1.2,NA,0.1,0.23,0.2,37.23,45.0,1.0,223.67,0.0,0.0,586.67,988.0,NA
2026-06-18 11:00:00,40.0,191.0,5.78,21.9,16.3,48.25,15.38,0.38,22.43,0.23,0.83,NA,0.03,0.08,0.08,37.97,42.25,1.1,230.5,0.0,0.0,691.5,987.25,NA
2026-06-18 12:00:00,44.0,191.0,7.6,17.83,14.1,46.15,11.25,0.32,25.58,0.15,0.9,NA,0.0,0.05,0.03,38.05,41.25,1.23,230.5,0.0,0.0,637.5,986.0,NA
2026-06-18 13:00:00,46.0,197.0,4.58,18.93,13.8,42.68,12.77,0.29,28.63,0.23,1.6,NA,0.03,0.15,0.08,38.43,41.25,1.38,234.25,0.0,0.0,576.75,986.25,NA
2026-06-18 14:00:00,51.0,204.0,3.05,22.4,14.45,40.55,12.6,0.81,32.78,0.18,1.38,NA,0.0,0.08,0.08,38.68,41.0,1.48,236.75,0.0,0.0,489.0,987.0,NA
2026-06-18 15:00:00,57.0,194.0,4.67,21.15,14.13,40.78,10.33,0.83,32.0,0.18,1.03,NA,0.0,0.1,0.03,38.68,40.75,1.58,236.75,0.0,0.0,374.25,987.5,NA
2026-06-18 16:00:00,48.0,183.0,5.07,21.83,15.6,35.13,7.47,0.83,29.83,0.1,1.17,NA,0.0,0.07,0.0,38.87,40.0,1.5,238.0,0.0,0.0,223.67,988.0,NA
2026-06-18 17:00:00,4.0,243.0,2.85,27.3,16.93,30.55,7.2,0.94,23.0,0.1,1.3,NA,0.05,0.13,0.08,35.33,46.5,2.25,206.0,0.0,0.0,62.75,988.0,NA
2026-06-18 18:00:00,30.0,180.0,8.67,42.23,27.38,31.55,8.95,1.13,18.4,0.28,3.93,NA,0.13,0.35,0.03,34.48,46.75,1.55,198.5,0.0,0.0,34.25,988.0,NA
2026-06-18 19:00:00,43.0,174.0,6.97,33.4,20.0,33.07,8.1,0.76,17.7,0.25,5.0,NA,0.25,0.65,0.25,33.67,46.0,2.0,191.0,0.0,0.0,12.0,987.33,NA
2026-06-18 20:00:00,NA,NA,6.43,36.03,24.3,35.45,8.2,0.0,18.6,0.15,0.8,NA,0.1,0.15,0.13,32.25,49.25,1.65,177.75,0.0,0.0,9.0,986.0,NA
2026-06-18 21:00:00,32.0,122.0,6.0,33.83,22.77,34.67,10.73,0.0,17.73,0.2,1.5,NA,0.17,0.57,0.0,31.63,50.0,1.13,172.33,0.0,0.0,9.0,986.0,NA
2026-06-18 22:00:00,37.0,106.0,4.8,46.63,28.78,33.8,10.43,0.0,15.33,0.2,1.78,NA,0.1,0.43,0.0,31.7,50.0,0.8,173.0,0.0,0.0,9.0,986.0,NA
2026-06-18 23:00:00,39.0,132.0,3.7,47.63,28.13,35.35,9.35,0.0,13.25,0.25,1.93,NA,0.18,0.4,0.0,31.7,51.75,0.68,172.5,0.0,0.0,9.25,986.75,NA
2026-06-19 00:00:00,50.0,158.0,4.38,50.48,30.33,40.95,10.7,0.0,11.0,0.28,1.75,NA,0.08,0.23,0.08,31.48,52.0,0.65,170.75,0.0,0.0,9.25,988.0,NA
2026-06-19 01:00:00,29.0,112.0,4.15,42.58,26.0,40.3,11.08,0.0,13.13,0.2,1.95,NA,0.1,0.28,0.08,31.4,52.0,0.63,170.0,0.0,0.0,9.0,988.0,NA
2026-06-19 02:00:00,40.0,118.0,7.25,39.25,26.55,39.7,12.9,0.0,15.3,0.35,1.78,NA,0.13,0.35,0.08,31.13,53.0,1.0,167.5,0.0,0.0,9.0,988.0,NA
2026-06-19 03:00:00,61.0,96.0,6.1,35.43,23.88,44.6,14.95,0.0,14.27,0.18,0.78,NA,0.08,0.3,0.15,30.58,56.5,1.1,162.5,0.0,0.0,9.25,987.25,NA
2026-06-19 04:00:00,51.0,111.0,5.07,29.75,18.73,38.73,12.9,0.0,13.2,0.13,0.73,NA,0.0,0.05,0.0,30.05,60.0,1.15,157.5,0.0,0.0,9.5,986.0,NA
2026-06-19 05:00:00,71.0,103.0,5.4,28.4,19.48,38.35,11.4,0.0,11.28,0.1,0.58,NA,0.0,0.0,0.0,29.8,62.5,1.2,155.0,0.0,0.0,12.25,986.0,NA
2026-06-19 06:00:00,54.0,152.0,6.68,31.53,22.23,41.08,11.23,0.0,7.95,0.38,1.15,NA,0.03,0.13,0.0,29.98,63.5,0.83,156.75,0.0,0.0,47.5,986.0,NA
2026-06-19 07:00:00,101.0,212.0,5.85,30.35,20.93,44.9,14.4,0.0,8.78,0.45,1.23,NA,0.03,0.13,0.0,31.03,61.5,1.3,166.75,0.0,0.0,191.0,986.75,NA
2026-06-19 08:00:00,93.0,238.0,6.08,32.98,22.43,51.75,13.8,0.0,12.15,0.23,1.08,NA,0.03,0.13,0.03,33.07,55.25,0.8,185.25,0.0,0.0,410.5,988.0,NA
2026-06-19 09:00:00,27.0,312.0,5.88,39.35,25.98,45.58,12.0,0.0,17.3,0.2,1.08,NA,0.05,0.1,0.08,33.28,54.75,0.48,187.25,0.0,0.0,216.25,988.0,NA
2026-06-19 10:00:00,56.0,327.0,4.5,33.53,21.58,45.48,12.48,0.0,21.08,0.15,1.83,NA,0.18,0.43,0.05,35.03,50.25,0.93,203.5,0.0,0.0,614.25,988.0,NA
2026-06-19 11:00:00,50.0,333.0,2.18,29.3,17.15,45.33,12.55,0.0,28.9,0.1,1.68,NA,0.1,0.18,0.05,36.5,45.75,1.05,217.0,0.0,0.0,712.25,987.25,NA
2026-06-19 12:00:00,37.0,272.0,2.78,23.53,14.65,42.03,11.13,0.28,33.0,0.18,1.0,NA,0.05,0.2,0.0,37.33,43.0,1.23,224.5,0.0,0.0,704.25,986.0,NA
2026-06-19 13:00:00,57.0,215.0,6.48,21.88,16.75,39.0,9.15,0.78,33.4,0.15,0.98,NA,0.05,0.15,0.03,38.1,40.75,1.63,231.5,0.0,0.0,643.5,986.0,NA
2026-06-19 14:00:00,49.0,210.0,4.9,21.25,15.15,38.15,8.1,0.69,33.53,0.1,0.65,NA,0.0,0.05,0.0,38.63,40.75,1.5,236.25,0.0,0.0,529.25,986.0,NA
2026-06-19 15:00:00,40.0,227.0,3.68,21.23,14.38,39.4,7.88,0.51,33.28,0.13,0.75,NA,0.0,0.08,0.0,38.65,40.5,1.58,236.25,0.0,0.0,391.75,986.75,NA
2026-06-19 16:00:00,58.0,194.0,3.05,22.1,14.3,40.68,7.23,0.38,34.98,0.15,0.95,NA,0.0,0.15,0.05,38.6,40.5,1.48,236.0,0.0,0.0,231.75,988.0,NA
2026-06-19 17:00:00,12.0,186.0,4.3,25.65,17.08,31.03,9.55,0.26,35.3,0.1,1.05,NA,0.0,0.23,0.0,37.38,41.5,1.65,225.0,0.0,0.0,101.5,988.0,NA
2026-06-19 18:00:00,23.0,178.0,3.63,37.55,22.0,31.0,9.23,0.2,32.08,0.15,1.05,NA,0.0,0.23,0.0,36.38,43.5,1.7,215.75,0.0,0.0,46.0,988.0,NA
2026-06-19 19:00:00,34.0,230.0,3.45,59.78,34.58,31.63,10.5,0.41,22.5,0.23,4.08,NA,0.18,0.48,0.0,35.1,46.25,1.48,204.25,0.0,0.0,14.0,987.5,NA
2026-06-19 20:00:00,55.0,269.0,5.1,51.93,31.78,31.83,11.4,0.44,16.9,0.4,7.08,NA,0.48,0.63,0.25,34.4,47.25,1.28,197.5,0.0,0.0,9.25,985.75,NA
2026-06-19 21:00:00,90.0,257.0,7.0,70.48,43.28,27.4,11.75,0.55,10.95,0.4,6.48,NA,0.55,0.8,0.0,33.9,49.25,0.88,192.75,0.0,0.0,9.25,986.0,NA
2026-06-19 22:00:00,84.0,246.0,4.37,56.33,32.1,30.23,12.7,0.45,10.05,0.38,4.6,NA,0.43,0.98,0.13,33.5,51.5,0.7,189.25,0.0,0.0,9.25,986.0,NA
2026-06-19 23:00:00,48.0,186.0,5.65,46.28,29.25,33.08,17.73,0.3,13.2,0.28,1.93,NA,0.25,0.53,0.3,33.32,51.0,0.73,187.5,0.0,0.0,9.0,986.5,NA
2026-06-20 00:00:00,72.0,134.0,6.75,50.53,32.43,33.55,19.48,0.05,11.78,0.23,1.4,NA,0.1,0.3,0.08,33.15,50.0,0.85,185.5,0.0,0.0,9.5,988.0,NA
2026-06-20 01:00:00,4.0,116.0,5.1,50.83,31.22,40.58,17.65,0.02,12.58,0.18,1.28,NA,0.03,0.1,0.1,32.63,51.5,0.98,181.5,0.0,0.0,9.5,988.0,NA
2026-06-20 02:00:00,57.0,139.0,2.15,48.95,27.75,44.95,16.9,0.01,10.7,0.25,1.38,NA,0.05,0.2,0.08,32.05,54.0,1.05,176.0,0.0,0.0,9.0,988.0,NA
2026-06-20 03:00:00,78.0,160.0,6.7,48.65,31.35,46.45,18.18,0.02,9.85,0.28,1.63,NA,0.1,0.25,0.13,31.53,56.5,0.75,170.75,0.0,0.0,9.0,987.75,NA
2026-06-20 04:00:00,68.0,153.0,5.5,45.23,28.45,37.05,19.13,0.08,8.98,0.23,1.28,NA,0.05,0.23,0.13,31.23,58.0,0.8,168.5,0.0,0.0,9.25,985.75,NA
2026-06-20 05:00:00,93.0,169.0,4.38,59.08,35.0,38.55,18.08,0.29,6.05,0.25,1.33,NA,0.08,0.2,0.03,31.05,60.0,0.38,167.25,0.0,0.0,12.5,986.0,NA
2026-06-20 06:00:00,106.0,212.0,9.68,73.98,47.23,37.33,17.6,0.45,4.03,0.5,1.98,NA,0.13,0.3,0.15,31.48,60.25,0.43,170.5,0.0,0.0,46.75,985.5,NA
2026-06-20 07:00:00,95.0,268.0,7.75,52.65,34.38,43.88,18.35,0.61,11.23,0.48,2.33,NA,0.23,0.35,0.25,33.2,55.25,0.78,186.5,0.0,0.0,171.75,986.25,NA
2026-06-20 08:00:00,165.0,250.0,5.05,38.4,24.43,51.73,20.58,0.58,21.73,0.3,2.45,NA,0.2,0.45,0.2,34.93,50.5,1.18,202.0,0.0,0.0,357.75,988.0,NA
2026-06-20 09:00:00,44.0,196.0,4.13,28.18,18.33,56.1,16.15,0.36,27.55,0.1,0.75,NA,0.08,0.15,0.13,36.28,46.25,1.45,214.5,0.0,0.0,493.5,988.0,NA
2026-06-20 10:00:00,41.0,156.0,4.3,26.25,17.3,58.48,12.8,0.35,31.28,0.13,0.68,NA,0.0,0.1,0.08,37.08,44.25,1.65,222.0,0.0,0.0,568.25,988.0,NA
2026-06-20 11:00:00,37.0,160.0,5.4,26.03,17.05,51.38,14.85,0.26,27.05,0.1,0.9,NA,0.0,0.1,0.1,37.33,44.0,2.03,224.5,0.0,0.0,669.5,987.75,NA
2026-06-20 12:00:00,38.0,178.0,6.08,21.98,16.53,51.93,17.93,0.23,28.5,0.2,1.08,NA,0.18,0.18,0.23,37.65,43.0,2.08,227.5,0.0,0.0,679.0,986.0,NA
2026-06-20 13:00:00,65.0,180.0,4.7,20.5,14.75,48.13,13.5,0.21,28.83,0.23,1.65,NA,0.2,0.15,0.3,38.38,40.75,2.03,233.75,0.0,0.0,633.5,986.0,NA
2026-06-20 14:00:00,48.0,168.0,5.0,21.78,15.65,48.28,10.95,0.78,27.65,0.13,1.28,NA,0.08,0.1,0.13,38.98,39.5,1.98,239.75,0.0,0.0,530.25,986.0,NA
2026-06-20 15:00:00,45.0,163.0,5.9,22.47,15.07,48.97,9.33,0.79,27.07,0.1,1.17,NA,0.0,0.1,0.0,39.0,39.67,2.03,240.0,0.0,0.0,409.67,986.33,NA
2026-06-20 16:00:00,58.0,168.0,5.7,25.58,16.7,47.0,8.55,2.03,27.15,0.13,1.78,NA,0.0,0.1,0.0,38.18,40.75,1.7,232.5,0.0,0.0,183.25,988.0,NA
2026-06-20 17:00:00,15.0,172.0,3.1,34.07,20.6,39.1,9.77,2.48,27.53,0.13,3.87,NA,0.1,0.2,0.1,36.97,43.0,1.27,221.0,0.0,0.0,86.33,988.0,NA
2026-06-20 18:00:00,39.0,222.0,3.1,40.85,24.23,38.18,11.58,2.66,24.18,0.23,3.9,NA,0.28,0.55,0.0,36.35,44.25,1.35,215.75,0.0,0.0,43.25,988.0,NA
2026-06-20 19:00:00,49.0,224.0,5.78,49.95,31.2,36.83,11.2,2.91,18.8,0.23,2.68,NA,0.23,0.6,0.1,35.38,46.5,0.78,206.5,0.0,0.0,13.75,987.75,NA
2026-06-20 20:00:00,51.0,223.0,5.2,65.8,39.2,36.58,12.5,3.3,11.03,0.35,3.48,NA,0.35,0.68,0.4,34.75,48.0,0.45,200.75,0.0,0.0,9.25,985.5,NA
2026-06-20 21:00:00,89.0,262.0,7.5,81.2,49.18,33.73,14.48,3.69,4.13,0.5,5.18,NA,1.3,1.5,0.53,34.48,49.5,0.48,198.5,0.0,0.0,9.0,986.0,NA
2026-06-20 22:00:00,80.0,291.0,6.48,72.93,44.03,34.15,16.08,3.43,4.33,0.45,7.13,NA,1.3,1.75,0.25,34.43,50.0,0.55,197.5,0.0,0.0,9.0,985.75,NA
2026-06-20 23:00:00,96.0,305.0,9.88,71.23,45.83,31.45,21.48,3.26,3.3,1.35,7.78,NA,1.15,1.7,0.15,34.2,51.25,0.53,195.25,0.0,0.0,9.0,986.25,NA
2026-06-21 00:00:00,167.0,332.0,9.98,68.58,44.68,50.18,28.18,2.93,8.75,0.33,5.38,NA,0.65,0.85,0.25,33.83,52.0,0.7,192.25,0.0,0.0,9.25,988.0,NA
2026-06-21 01:00:00,71.0,266.0,6.53,44.83,29.13,66.65,22.0,2.54,5.5,0.13,3.28,NA,0.28,0.4,0.28,33.4,52.75,0.65,188.25,0.0,0.0,9.25,988.0,NA
2026-06-21 02:00:00,57.0,180.0,4.55,43.65,27.05,87.0,14.8,2.46,5.8,0.18,1.88,NA,0.1,0.15,0.08,33.0,54.5,0.58,185.0,0.0,0.0,9.25,988.0,NA
2026-06-21 03:00:00,67.0,186.0,4.75,45.15,27.78,64.83,14.9,2.51,6.3,0.25,1.95,NA,0.1,0.25,0.13,32.9,54.5,0.65,184.0,0.0,0.0,9.5,988.0,NA
2026-06-21 04:00:00,87.0,200.0,4.63,32.68,21.1,47.5,20.1,2.39,6.73,0.3,1.03,NA,0.1,0.2,0.08,32.45,55.0,1.8,179.5,0.0,0.0,9.25,985.5,NA
2026-06-21 05:00:00,72.0,190.0,5.48,22.83,16.53,40.85,11.95,2.24,11.95,0.25,0.65,NA,0.0,0.03,0.03,31.33,57.75,1.58,169.25,0.0,0.0,14.0,986.0,NA
2026-06-21 06:00:00,10.0,89.0,3.48,27.75,17.73,34.35,7.73,2.32,10.48,0.13,0.63,NA,0.0,0.0,0.0,31.4,58.0,0.93,170.0,0.0,0.0,37.75,985.25,NA
2026-06-21 07:00:00,57.0,113.0,6.83,37.15,25.33,35.3,8.48,2.48,10.13,0.1,1.63,NA,0.0,0.1,0.03,31.93,56.75,1.0,175.0,0.0,0.0,71.25,986.0,NA
2026-06-21 08:00:00,98.0,133.0,6.78,32.75,22.88,38.35,10.5,2.45,11.65,0.2,2.05,NA,0.1,0.15,0.08,32.65,55.25,1.35,181.5,0.0,0.0,144.25,988.0,NA
2026-06-21 09:00:00,7.0,118.0,5.93,33.98,22.85,44.13,8.63,3.48,10.93,0.1,0.93,NA,0.03,0.1,0.1,32.93,55.25,1.48,183.5,0.0,0.0,187.0,988.0,NA
2026-06-21 10:00:00,37.0,141.0,5.33,32.3,21.53,40.8,9.4,3.62,10.18,0.15,1.13,NA,0.1,0.13,0.15,32.8,56.5,1.55,182.75,0.0,0.0,192.5,988.0,NA
2026-06-21 11:00:00,38.0,147.0,6.83,37.93,25.5,43.98,9.58,3.63,10.35,0.15,1.42,NA,0.1,0.2,0.23,33.18,56.0,1.5,186.5,0.0,0.0,216.25,988.0,NA
2026-06-21 12:00:00,32.0,158.0,5.5,33.4,22.25,49.08,9.85,3.77,8.0,0.22,2.23,NA,0.2,0.35,0.25,34.68,53.0,1.25,200.0,0.0,0.0,405.25,986.0,NA
2026-06-21 13:00:00,62.0,166.0,5.05,27.35,18.63,45.63,8.75,3.68,8.37,0.23,2.73,NA,0.18,0.38,0.22,36.43,48.75,1.3,216.0,0.0,0.0,590.5,986.0,NA
2026-06-21 14:00:00,60.0,164.0,5.13,23.3,15.4,45.08,9.23,0.92,23.95,0.23,1.85,NA,0.13,0.33,0.1,37.88,44.5,1.45,229.0,0.0,0.0,533.0,986.0,NA
2026-06-21 15:00:00,56.0,141.0,3.28,20.18,13.28,47.63,7.8,0.86,22.7,0.18,3.8,NA,0.2,0.43,0.2,38.6,42.5,1.18,236.0,0.0,0.0,404.0,987.0,NA
2026-06-21 16:00:00,78.0,127.0,2.65,22.5,14.08,51.6,7.73,0.9,23.5,0.1,1.92,NA,0.13,0.45,0.13,38.88,40.75,0.98,238.75,0.0,0.0,226.75,988.0,NA
2026-06-21 17:00:00,NA,135.0,4.53,25.13,17.1,75.1,7.13,0.99,23.38,1.42,2.0,NA,0.1,0.43,0.0,37.43,43.0,0.85,225.5,0.0,0.0,82.75,988.0,NA
2026-06-21 18:00:00,17.0,174.0,4.37,40.25,23.75,95.78,10.28,1.37,19.5,0.15,3.25,NA,1.68,4.03,1.5,36.0,45.75,1.13,212.25,0.0,0.0,37.75,988.0,NA
2026-06-21 19:00:00,34.0,213.0,2.88,48.03,27.9,82.98,10.55,1.1,14.43,0.25,2.35,NA,0.75,1.65,0.0,34.78,45.0,1.53,200.5,0.0,0.0,11.75,988.0,NA
2026-06-21 20:00:00,38.0,178.0,3.53,33.63,20.78,55.28,6.6,1.02,20.13,0.28,1.38,NA,0.2,0.45,0.18,33.78,44.0,2.45,191.75,0.0,0.0,9.25,985.5,NA
2026-06-21 21:00:00,46.0,208.0,3.97,26.2,16.05,39.18,4.33,0.94,23.88,0.23,0.98,NA,0.1,0.23,0.05,32.48,49.0,2.08,179.75,0.0,0.0,9.0,986.0,NA
2026-06-21 22:00:00,61.0,NA,5.4,28.48,19.55,34.45,2.9,0.95,20.65,0.15,1.13,NA,0.03,0.2,0.03,31.55,52.75,1.4,171.5,0.0,0.0,9.0,986.0,NA
2026-06-21 23:00:00,118.0,NA,5.75,27.58,19.18,31.43,3.3,0.9,20.83,0.1,1.05,NA,0.03,0.13,0.03,31.2,54.0,1.28,168.25,0.0,0.0,9.25,986.0,NA
2026-06-22 00:00:00,137.0,NA,3.45,27.48,15.65,31.7,4.13,0.89,17.95,0.2,1.2,NA,0.0,0.1,0.05,31.2,54.75,0.7,168.0,0.0,0.0,9.25,988.0,NA
2026-06-22 01:00:00,46.0,923.0,5.8,31.98,21.7,29.6,4.45,0.86,17.65,0.35,1.08,NA,0.0,0.03,0.03,31.0,54.75,0.68,166.5,0.0,0.0,9.25,988.0,NA
2026-06-22 02:00:00,54.0,787.0,5.2,36.1,23.5,25.65,4.15,0.79,16.43,0.53,1.1,NA,0.05,0.1,0.03,30.78,55.0,0.75,164.25,0.0,0.0,9.5,988.0,NA
2026-06-22 03:00:00,51.0,676.0,2.17,36.73,20.85,27.28,4.5,0.86,14.9,0.43,0.9,NA,0.05,0.1,0.0,30.48,56.5,0.4,161.75,0.0,0.0,9.75,988.0,NA
2026-06-22 04:00:00,40.0,476.0,5.03,36.1,23.3,22.6,6.57,0.89,13.95,0.43,1.53,NA,0.03,0.13,0.05,30.33,56.25,0.8,160.25,0.0,0.0,9.25,986.0,NA
2026-06-22 05:00:00,62.0,499.0,3.15,37.1,22.28,22.93,7.33,1.03,14.83,0.2,1.0,NA,0.0,0.15,0.0,30.0,56.5,1.3,157.25,0.0,0.0,11.75,986.0,NA
2026-06-22 06:00:00,61.0,455.0,3.55,34.5,21.25,23.28,7.85,1.11,15.63,0.2,0.78,NA,0.0,0.05,0.0,30.03,57.0,1.45,157.25,0.0,0.0,54.5,985.75,NA
2026-06-22 07:00:00,57.0,465.0,5.33,31.25,20.95,22.48,6.13,1.21,15.35,0.15,0.65,NA,0.0,0.03,0.0,30.92,56.0,1.53,165.75,0.0,0.0,127.75,986.0,NA
2026-06-22 08:00:00,83.0,329.0,6.02,33.73,22.75,26.3,7.58,1.26,16.48,0.35,1.03,NA,0.03,0.13,0.05,31.83,54.0,1.67,174.0,0.0,0.0,264.5,987.75,NA
2026-06-22 09:00:00,23.0,283.0,6.75,40.5,27.1,28.18,8.38,1.31,22.18,0.28,0.68,NA,0.03,0.08,0.1,34.08,47.75,1.1,194.75,0.0,0.0,463.75,988.0,NA
2026-06-22 10:00:00,40.0,283.0,7.48,37.28,25.8,26.2,10.1,1.24,26.73,0.28,1.0,NA,0.08,0.1,0.1,35.3,45.0,2.25,205.75,0.0,0.0,611.0,988.0,NA
2026-06-22 11:00:00,28.0,290.0,2.63,30.9,18.57,27.5,7.17,1.14,34.9,0.23,1.67,NA,0.07,0.13,0.1,36.4,42.0,2.2,216.0,0.0,0.0,728.0,988.0,NA
2026-06-22 12:00:00,29.0,221.0,3.0,30.5,18.7,30.2,5.9,1.1,38.07,0.23,1.93,NA,0.03,0.18,0.05,37.58,40.0,1.7,226.75,0.0,0.0,698.25,986.5,NA
2026-06-22 13:00:00,NA,NA,NA,34.68,15.57,38.5,6.47,0.0,NA,0.1,2.25,NA,0.0,0.05,0.0,36.93,39.67,1.77,221.0,0.0,0.0,384.33,986.0,NA
2026-06-22 14:00:00,15.0,145.0,NA,25.73,11.25,38.03,8.15,0.06,NA,0.15,1.45,NA,0.05,0.05,0.05,37.23,38.75,1.58,223.25,0.0,0.0,438.0,986.5,NA
2026-06-22 15:00:00,19.0,125.0,NA,25.5,9.5,38.9,16.3,0.41,19.0,0.1,1.48,NA,0.05,0.1,0.1,38.38,37.25,1.23,234.25,0.0,0.0,436.5,987.25,NA
2026-06-22 16:00:00,24.0,129.0,NA,27.53,11.4,39.05,11.55,0.74,38.55,0.15,1.5,NA,0.08,0.1,0.08,38.2,37.5,2.15,232.5,0.0,0.0,252.0,988.0,NA
2026-06-22 17:00:00,11.0,141.0,NA,32.73,13.0,36.73,9.1,1.27,40.45,0.2,1.83,NA,0.03,0.1,0.1,37.03,38.75,1.48,221.75,0.0,0.0,82.25,988.0,NA
2026-06-22 18:00:00,27.0,151.0,NA,51.43,23.63,30.4,9.9,1.72,35.5,0.3,2.9,NA,0.15,0.5,0.0,35.48,41.5,1.08,207.5,0.0,0.0,40.0,988.0,NA
2026-06-22 19:00:00,38.0,201.0,NA,75.35,35.98,29.03,11.6,2.17,28.6,0.43,4.98,NA,0.28,0.63,0.08,34.98,43.0,0.63,203.0,0.0,0.0,16.5,988.0,NA
2026-06-22 20:00:00,67.0,316.0,0.8,73.25,34.88,29.45,13.23,2.51,24.63,0.73,5.63,NA,0.5,0.9,0.45,34.25,44.25,0.63,196.0,0.0,0.0,9.0,986.0,NA
2026-06-22 21:00:00,55.0,211.0,NA,70.65,32.98,28.38,15.25,2.8,21.38,0.6,6.33,NA,1.05,0.93,0.55,33.8,46.5,0.73,192.25,0.0,0.0,9.25,985.0,NA
2026-06-22 22:00:00,74.0,215.0,NA,72.75,35.98,25.25,14.35,2.69,19.7,0.43,5.73,NA,0.85,1.15,0.28,33.48,47.25,0.65,189.0,0.0,0.0,9.25,985.0,NA
2026-06-22 23:00:00,71.0,180.0,NA,79.93,39.65,26.73,17.98,2.66,17.85,0.43,3.5,NA,0.55,0.75,0.15,33.1,47.25,0.68,185.75,0.0,0.0,9.25,985.0,NA
2026-06-23 00:00:00,54.0,243.0,2.65,100.1,55.35,29.25,28.98,NA,11.75,0.5,3.83,NA,0.35,0.83,0.0,32.8,49.0,0.48,183.0,0.0,0.0,9.25,987.5,NA
2026-06-23 01:00:00,57.0,268.0,16.0,105.38,69.2,30.28,24.33,NA,11.15,0.65,5.18,NA,0.38,0.78,0.43,32.43,50.25,0.43,179.5,0.0,0.0,9.25,988.0,NA
2026-06-23 02:00:00,107.0,373.0,6.9,91.7,54.25,39.7,19.3,NA,11.38,0.78,5.1,NA,0.38,0.75,0.38,32.0,51.5,0.43,175.5,0.0,0.0,9.25,988.0,NA
2026-06-23 03:00:00,178.0,388.0,16.17,92.93,62.53,44.17,25.97,NA,11.33,0.67,6.1,NA,0.2,0.43,0.27,31.57,53.0,0.3,171.0,0.0,0.0,9.0,988.0,NA
2026-06-23 04:00:00,162.0,296.0,8.35,84.88,51.95,37.7,27.15,NA,11.0,0.58,6.85,NA,0.23,0.73,0.28,30.68,55.75,0.3,163.5,0.0,0.0,9.5,986.0,NA
2026-06-23 05:00:00,176.0,261.0,9.25,84.13,52.2,30.3,25.2,NA,11.0,0.78,12.5,NA,0.55,1.25,0.65,30.7,56.0,0.3,163.5,0.0,0.0,12.25,986.0,NA
2026-06-23 06:00:00,145.0,344.0,17.85,95.5,65.13,30.2,23.5,NA,11.53,1.63,13.28,NA,0.85,1.48,0.75,31.3,55.0,0.33,169.0,0.0,0.0,39.75,985.75,NA
2026-06-23 07:00:00,154.0,291.0,4.65,76.28,40.93,37.18,25.73,NA,18.13,1.18,11.28,NA,0.68,1.33,0.7,33.68,48.5,0.65,191.0,0.0,0.0,188.25,985.5,NA
2026-06-23 08:00:00,120.0,206.0,NA,45.95,21.33,36.3,25.77,NA,27.0,0.45,2.8,NA,0.1,0.28,0.05,35.8,44.0,0.9,210.5,0.0,0.0,410.0,987.5,NA
2026-06-23 09:00:00,32.0,182.0,0.1,36.08,17.15,40.1,26.58,NA,34.65,0.3,1.58,NA,0.1,0.18,0.1,36.45,42.5,1.42,216.25,0.0,0.0,531.5,988.0,NA
2026-06-23 10:00:00,46.0,152.0,4.17,24.48,14.6,33.65,22.13,NA,38.28,0.23,1.23,NA,0.1,0.15,0.08,37.5,40.75,1.48,226.25,0.0,0.0,556.5,988.0,NA
2026-06-23 11:00:00,48.0,152.0,2.83,22.45,13.15,30.35,14.28,0.0,41.58,0.23,1.38,NA,0.05,0.08,0.1,37.8,39.75,2.13,229.0,0.0,0.0,683.25,988.0,NA
2026-06-23 12:00:00,33.0,158.0,4.2,20.8,14.5,31.05,12.6,0.0,41.6,0.25,1.3,NA,0.05,0.1,0.05,38.35,39.0,2.1,233.5,0.0,0.0,678.5,987.0,NA
2026-06-23 13:00:00,NA,NA,1.55,14.13,9.95,18.13,6.37,0.0,24.4,0.15,0.8,NA,0.0,0.05,0.0,39.4,37.33,1.9,243.67,0.0,0.0,641.33,986.0,NA
2026-06-23 14:00:00,23.0,NA,4.3,17.48,12.83,41.53,13.25,0.0,39.28,0.2,1.2,NA,0.03,0.1,0.05,39.2,37.5,2.03,241.75,0.0,0.0,496.25,986.5,NA
2026-06-23 15:00:00,40.0,489.0,5.48,21.23,15.7,45.8,11.8,NA,29.08,0.2,2.65,NA,0.05,0.15,0.18,33.7,51.75,4.3,191.0,0.0,0.0,86.25,987.0,NA
2026-06-23 16:00:00,49.0,559.0,3.3,32.08,19.65,46.7,10.08,NA,22.13,0.33,4.08,NA,0.18,0.33,0.25,32.0,55.5,1.78,176.0,0.0,0.0,39.75,987.25,NA
2026-06-23 17:00:00,13.0,185.0,6.05,40.9,26.95,43.2,10.65,NA,20.25,0.25,3.45,NA,0.3,0.65,0.0,32.7,52.5,1.05,183.0,0.0,0.0,66.0,987.0,NA
2026-06-23 18:00:00,18.0,174.0,4.7,49.63,30.25,42.83,10.35,NA,22.73,0.75,8.1,NA,0.73,1.35,0.75,33.65,49.0,0.95,191.0,0.0,0.0,56.0,987.0,NA
2026-06-23 19:00:00,43.0,193.0,3.9,53.93,31.9,39.63,12.23,NA,20.87,0.8,13.07,NA,1.8,1.97,0.93,33.4,48.33,1.1,188.33,0.0,0.0,13.67,987.0,NA
2026-06-23 20:00:00,28.0,216.0,4.6,56.25,33.63,40.48,13.05,NA,18.9,1.05,13.95,NA,2.33,1.83,1.35,32.75,49.75,1.13,182.5,0.0,0.0,9.5,985.75,NA
2026-06-23 21:00:00,57.0,177.0,6.3,47.4,30.3,39.7,14.3,NA,20.4,1.5,13.5,NA,2.0,1.4,1.0,32.5,50.0,0.9,180.0,0.0,0.0,9.0,985.0,NA
2026-06-23 22:00:00,NA,NA,NA,NA,NA,NA,NA,NA,NA,NA,NA,NA,NA,NA,NA,NA,NA,NA,NA,NA,NA,NA,NA,NA
2026-06-23 23:00:00,NA,NA,NA,NA,NA,NA,NA,NA,NA,NA,NA,NA,NA,NA,NA,NA,NA,NA,NA,NA,NA,NA,NA,NA
2026-06-24 00:00:00,NA,NA,NA,NA,NA,NA,NA,NA,NA,NA,NA,NA,NA,NA,NA,NA,NA,NA,NA,NA,NA,NA,NA,NA
2026-06-24 01:00:00,46.0,134.0,7.45,52.9,34.35,42.45,13.5,NA,12.85,0.6,2.6,NA,0.2,0.3,0.3,31.35,58.5,0.3,169.5,0.0,0.0,10.0,987.0,NA
2026-06-24 02:00:00,41.0,133.0,NA,NA,NA,NA,NA,NA,12.2,0.5,3.0,NA,0.2,0.3,0.3,31.3,60.0,0.3,169.0,0.0,0.0,10.0,987.0,NA
2026-06-24 03:00:00,51.0,130.0,4.5,46.5,28.1,49.7,11.1,NA,11.7,0.4,3.1,NA,0.2,0.3,0.3,31.0,63.0,0.3,166.0,0.0,0.0,9.0,987.0,NA
2026-06-24 04:00:00,49.0,138.0,8.8,60.3,39.3,41.4,11.4,NA,10.9,0.4,3.8,NA,0.2,0.3,0.3,31.1,63.0,0.7,167.0,0.0,0.0,9.0,987.0,NA
2026-06-24 05:00:00,57.0,129.0,5.6,41.2,26.5,39.9,10.7,NA,6.6,0.6,2.2,NA,0.2,0.5,0.0,30.6,64.0,0.3,163.0,0.0,0.0,12.0,985.0,NA
2026-06-24 06:00:00,77.0,140.0,7.0,40.0,27.1,41.7,10.6,NA,11.7,0.2,1.5,NA,0.1,0.4,0.0,30.7,64.0,0.3,163.0,0.0,0.0,26.0,985.0,NA
2026-06-24 07:00:00,61.0,174.0,8.2,55.3,36.3,41.5,11.9,NA,10.7,0.3,2.3,NA,0.3,0.9,0.0,32.8,57.0,0.9,183.0,0.0,0.0,239.0,985.0,NA
2026-06-24 08:00:00,60.0,183.0,7.75,50.6,33.05,44.3,12.65,NA,12.2,0.3,1.85,NA,0.3,0.8,0.05,33.95,54.0,1.0,193.5,0.0,0.0,332.0,986.5,NA
2026-06-24 09:00:00,NA,207.0,3.3,38.7,23.2,50.8,12.0,NA,19.4,0.1,0.8,NA,0.2,0.3,0.2,36.4,47.0,1.1,216.0,0.0,0.0,509.0,987.0,NA
2026-06-24 10:00:00,13.0,174.0,5.65,31.75,21.35,33.3,11.7,NA,25.35,0.15,1.1,NA,0.1,0.2,0.15,36.3,47.0,1.4,215.0,0.0,0.0,526.5,988.0,NA
2026-06-24 11:00:00,38.0,173.0,5.5,31.6,21.2,57.1,11.2,NA,27.2,0.4,1.5,NA,0.2,0.3,0.3,37.2,44.0,1.9,223.0,0.0,0.0,597.0,988.0,NA
2026-06-24 12:00:00,NA,NA,NA,NA,NA,NA,NA,NA,NA,NA,NA,NA,NA,NA,NA,NA,NA,NA,NA,NA,NA,NA,NA,NA
2026-06-24 13:00:00,34.0,145.0,4.3,20.65,14.45,43.83,9.4,NA,33.7,0.23,2.18,NA,0.1,0.2,0.13,38.0,42.0,1.45,231.0,0.0,0.0,581.75,986.0,NA
2026-06-24 14:00:00,58.0,150.0,2.35,18.0,11.43,40.15,8.8,NA,36.83,0.23,1.45,NA,0.08,0.15,0.1,38.78,39.5,1.3,237.5,0.0,0.0,552.25,986.0,NA
2026-06-24 15:00:00,45.0,146.0,2.33,16.45,10.65,39.5,8.3,NA,41.2,0.2,1.38,NA,0.08,0.1,0.08,39.08,38.25,1.23,240.25,0.0,0.0,413.5,986.0,NA
2026-06-24 16:00:00,49.0,151.0,3.93,17.93,12.75,38.58,8.35,NA,42.63,0.15,1.5,NA,0.08,0.1,0.05,39.73,36.5,0.88,246.5,0.0,0.0,242.5,987.25,NA
2026-06-24 17:00:00,24.0,139.0,2.9,20.58,12.53,34.5,8.53,NA,44.43,0.15,1.48,NA,0.1,0.13,0.05,38.4,38.25,0.6,234.0,0.0,0.0,91.0,987.0,NA
2026-06-24 18:00:00,17.0,145.0,3.07,28.5,16.28,33.13,8.48,0.0,39.53,0.25,2.45,NA,0.27,0.63,0.03,36.68,41.75,0.53,218.25,0.0,0.0,32.75,987.5,NA
2026-06-24 19:00:00,41.0,179.0,5.88,27.58,19.4,37.0,8.5,0.3,15.93,0.35,2.65,NA,0.13,0.3,0.18,32.08,61.5,2.98,176.25,1.63,6.5,11.0,988.0,NA
2026-06-24 20:00:00,35.0,108.0,4.25,37.45,23.45,56.98,8.0,1.04,16.83,0.28,2.18,NA,0.3,0.73,0.0,29.63,74.67,2.3,153.67,0.17,0.5,9.0,990.0,NA
2026-06-24 21:00:00,27.0,44.0,5.53,69.88,41.68,91.45,8.7,1.53,8.35,0.9,4.88,NA,0.9,2.03,0.0,NA,NA,NA,NA,NA,NA,NA,NA,NA
2026-06-24 22:00:00,41.0,70.0,14.4,93.4,61.35,74.95,12.2,1.88,3.53,0.53,4.02,NA,1.65,5.55,0.75,NA,NA,NA,NA,NA,NA,NA,NA,NA
2026-06-24 23:00:00,40.0,112.0,13.78,87.5,57.83,NA,10.55,0.31,4.33,0.15,0.15,NA,0.0,2.3,0.43,NA,NA,NA,NA,NA,NA,NA,NA,NA
2026-06-25 00:00:00,55.0,161.0,12.48,85.63,55.5,NA,6.78,0.24,5.75,0.05,0.1,NA,0.0,0.83,0.1,NA,NA,NA,NA,NA,NA,NA,NA,NA
2026-06-25 01:00:00,40.0,125.0,13.28,100.75,64.3,NA,5.95,0.66,5.8,0.1,0.1,NA,0.0,0.8,0.1,NA,NA,NA,NA,NA,NA,NA,NA,NA
2026-06-25 02:00:00,67.0,121.0,15.85,117.0,75.55,1.45,4.8,0.72,5.95,0.05,0.1,NA,0.0,0.73,0.08,NA,NA,NA,NA,NA,NA,NA,NA,NA
2026-06-25 03:00:00,67.0,127.0,15.7,132.88,83.53,NA,0.9,0.66,5.95,0.05,0.1,NA,0.0,0.78,0.1,NA,NA,NA,NA,NA,NA,NA,NA,NA
2026-06-25 04:00:00,74.0,169.0,26.83,154.3,103.05,NA,NA,0.45,6.45,0.03,0.15,NA,0.0,0.45,0.1,NA,NA,NA,NA,NA,NA,NA,NA,NA
2026-06-25 05:00:00,93.0,144.0,41.88,173.23,126.55,NA,0.4,0.78,6.75,0.08,0.2,NA,0.0,0.0,0.08,NA,NA,NA,NA,NA,NA,NA,NA,NA
2026-06-25 06:00:00,94.0,143.0,39.33,180.75,127.98,NA,0.58,1.07,6.88,0.1,0.2,NA,0.0,0.0,0.18,NA,NA,NA,NA,NA,NA,NA,NA,NA
2026-06-25 07:00:00,62.0,178.0,27.88,199.55,129.35,NA,3.75,1.27,7.0,0.1,0.18,NA,0.0,0.0,0.18,NA,NA,NA,NA,NA,NA,NA,NA,NA
2026-06-25 08:00:00,87.0,147.0,13.13,188.4,116.23,NA,15.55,0.8,11.15,0.08,0.15,NA,0.0,0.0,0.05,NA,NA,NA,NA,NA,NA,NA,NA,NA
2026-06-25 09:00:00,123.0,196.0,18.6,NA,137.08,NA,9.28,1.0,19.4,0.0,0.15,NA,0.0,0.13,0.0,NA,NA,NA,NA,NA,NA,NA,NA,NA
2026-06-25 10:00:00,90.0,213.0,14.8,144.67,79.23,23.1,6.83,1.1,16.03,0.05,0.05,NA,0.0,0.1,0.0,NA,NA,NA,NA,NA,NA,NA,NA,NA
2026-06-25 11:00:00,NA,NA,15.8,74.0,51.8,24.67,37.5,0.0,17.25,0.08,0.18,NA,0.0,0.58,0.03,NA,NA,NA,NA,NA,NA,NA,NA,NA
2026-06-25 12:00:00,30.0,183.0,45.23,64.25,70.85,NA,41.93,NA,47.43,0.38,1.63,NA,0.15,0.65,0.03,NA,NA,NA,NA,NA,NA,NA,NA,NA
2026-06-25 13:00:00,30.0,164.0,15.9,41.43,34.95,222.2,17.85,NA,41.65,0.5,1.97,NA,0.17,0.53,0.0,NA,NA,NA,NA,NA,NA,NA,NA,NA
2026-06-25 14:00:00,44.0,152.0,3.25,24.53,15.75,134.35,8.3,0.46,44.78,0.38,1.88,NA,0.15,0.33,0.08,39.75,38.5,1.3,246.5,0.0,0.0,448.5,988.0,NA
2026-06-25 15:00:00,40.0,151.0,5.38,33.1,22.13,91.38,8.63,0.64,44.9,0.38,1.63,NA,0.13,0.3,0.03,38.1,42.0,1.15,231.5,0.0,0.0,83.0,990.0,NA
2026-06-25 16:00:00,55.0,141.0,6.87,39.43,24.85,50.98,7.7,0.73,26.88,0.4,2.53,NA,0.2,0.35,0.08,31.0,66.0,1.0,166.33,0.17,0.5,94.0,988.0,NA
2026-06-25 17:00:00,30.0,48.0,7.83,51.28,33.57,44.23,9.7,1.45,15.35,0.83,6.38,NA,1.2,1.15,1.2,33.68,63.0,0.53,191.0,0.0,0.0,103.0,988.75,NA
2026-06-25 18:00:00,49.0,90.0,7.33,50.78,33.15,27.05,8.88,1.58,16.3,0.63,5.0,NA,0.48,0.77,0.65,33.63,62.0,0.3,190.75,0.0,0.0,55.0,987.5,NA
2026-06-25 19:00:00,55.0,116.0,13.45,55.75,40.73,22.58,8.63,1.8,12.7,0.83,12.55,NA,1.0,1.75,1.25,32.5,65.75,0.3,180.25,0.0,0.0,14.25,986.5,NA
2026-06-25 20:00:00,61.0,125.0,29.13,82.43,67.4,20.53,11.65,3.53,11.0,0.9,13.23,NA,1.03,1.85,0.9,32.13,67.0,0.3,176.75,0.0,0.0,9.25,986.0,NA
2026-06-25 21:00:00,181.0,262.0,57.97,95.0,97.7,22.4,17.38,4.84,11.33,2.7,17.93,NA,4.28,4.98,2.63,32.18,70.0,0.3,177.5,0.0,0.0,9.75,986.0,NA
2026-06-25 22:00:00,143.0,240.0,19.83,57.13,42.3,39.18,19.15,2.14,9.83,2.43,20.2,NA,4.68,5.3,1.43,32.78,59.75,0.9,183.0,0.0,0.0,9.5,986.0,NA
2026-06-25 23:00:00,45.0,79.0,7.6,36.3,25.5,29.98,16.08,1.0,11.6,1.63,4.75,NA,0.85,0.9,0.45,32.68,58.75,0.58,181.75,0.0,0.0,9.5,986.5,NA
2026-06-26 00:00:00,78.0,85.0,5.6,42.53,27.13,26.15,15.63,0.81,12.0,0.95,3.33,NA,0.6,0.5,0.15,32.1,60.5,0.53,176.5,0.0,0.0,9.75,987.0,NA
2026-06-26 01:00:00,22.0,67.0,7.85,45.03,30.35,25.6,16.33,1.0,11.03,0.58,2.13,NA,0.85,0.83,0.0,31.88,61.5,0.38,174.5,0.0,0.0,9.0,987.0,NA
2026-06-26 02:00:00,27.0,74.0,8.2,59.05,42.8,30.0,19.65,0.87,10.73,0.83,2.15,NA,1.1,0.73,0.0,31.58,62.75,0.43,171.5,0.0,0.0,9.75,987.0,NA
2026-06-26 03:00:00,29.0,59.0,5.13,35.18,22.8,25.93,17.08,0.84,10.88,0.65,1.93,NA,0.63,0.4,0.0,31.0,65.0,0.35,166.25,0.0,0.0,9.5,986.0,NA
2026-06-26 04:00:00,23.0,62.0,6.15,40.23,26.43,12.33,17.88,0.58,10.58,1.08,2.15,NA,0.45,0.45,0.0,31.25,62.25,0.4,168.5,0.0,0.0,9.5,985.25,NA
2026-06-26 05:00:00,28.0,55.0,7.83,42.15,28.73,19.85,13.83,0.57,11.38,0.2,1.7,NA,0.1,0.23,0.0,31.03,63.5,0.3,166.25,0.0,0.0,12.5,985.5,NA
2026-06-26 06:00:00,39.0,84.0,9.53,40.0,28.93,22.55,12.43,0.72,12.08,0.55,2.4,NA,0.15,0.3,0.1,31.3,62.5,0.5,168.75,0.0,0.0,37.25,985.75,NA
2026-06-26 07:00:00,46.0,89.0,5.98,36.65,24.35,24.92,13.35,0.8,12.25,0.63,2.6,NA,0.18,0.33,0.05,32.9,57.75,0.8,183.75,0.0,0.0,179.25,986.0,NA
2026-06-26 08:00:00,77.0,110.0,6.03,30.78,21.2,27.1,11.03,0.75,13.85,0.2,1.23,NA,0.08,0.18,0.05,34.88,52.5,1.03,202.0,0.0,0.0,391.75,987.0,NA
2026-06-26 09:00:00,40.0,158.0,6.87,28.23,20.67,26.8,10.2,0.78,14.77,0.1,1.43,NA,0.07,0.2,0.0,36.07,50.0,1.2,213.0,0.0,0.0,516.67,987.0,NA
2026-06-26 10:00:00,30.0,157.0,4.73,21.73,15.33,12.77,9.33,0.67,17.95,0.23,0.98,NA,0.0,0.2,0.0,37.43,47.0,1.23,225.5,0.0,0.0,580.25,987.0,NA
2026-06-26 11:00:00,32.0,160.0,2.15,22.43,13.65,31.6,9.28,0.66,19.13,0.15,0.93,NA,0.03,0.18,0.0,38.18,44.75,1.13,232.5,0.0,0.0,708.25,986.0,NA
2026-06-26 12:00:00,37.0,189.0,5.05,22.18,15.85,32.58,10.93,0.65,22.2,0.28,1.88,NA,0.1,0.3,0.0,38.83,43.0,1.03,238.25,0.0,0.0,698.0,986.25,NA
2026-06-26 13:00:00,65.0,173.0,4.4,21.33,14.9,36.55,9.98,0.58,23.25,0.28,2.25,NA,0.08,0.18,0.03,39.75,40.75,0.93,246.5,0.0,0.0,666.0,987.0,NA
2026-06-26 14:00:00,40.0,141.0,5.3,19.13,14.5,34.45,9.35,0.59,26.65,0.18,1.18,NA,0.0,0.03,0.0,40.45,38.25,1.05,253.25,0.0,0.0,545.25,987.0,NA
2026-06-26 15:00:00,37.0,141.0,3.75,18.45,12.88,38.1,9.13,0.33,29.83,0.23,1.93,NA,0.03,0.18,0.0,40.28,37.5,1.05,251.5,0.0,0.0,396.25,987.75,NA
2026-06-26 16:00:00,45.0,122.0,2.68,21.5,13.63,34.2,8.5,1.31,38.65,0.2,1.8,NA,0.08,0.13,0.08,40.25,37.75,0.85,251.5,0.0,0.0,237.5,988.0,NA
2026-06-26 17:00:00,39.0,128.0,5.3,23.75,16.88,28.93,7.73,1.66,39.88,0.23,1.63,NA,0.05,0.23,0.03,39.0,39.75,0.5,239.75,0.0,0.0,97.25,987.0,NA
2026-06-26 18:00:00,40.0,143.0,2.35,28.35,17.05,28.53,7.95,1.58,25.68,0.23,2.73,NA,0.1,0.5,0.0,37.33,44.0,0.6,224.5,0.0,0.0,43.5,987.0,NA
2026-06-26 19:00:00,37.0,138.0,3.83,36.85,22.58,26.65,8.13,1.82,16.63,0.23,1.18,NA,0.1,0.5,0.0,35.6,48.25,0.8,209.0,0.0,0.0,12.0,986.5,NA
2026-06-26 20:00:00,49.0,202.0,4.3,31.35,20.13,31.38,9.48,1.49,19.05,0.63,3.38,NA,0.8,1.9,0.0,32.95,58.25,2.93,184.0,0.0,0.0,9.5,985.0,NA
2026-06-26 21:00:00,48.0,77.0,3.23,29.38,18.23,28.53,7.88,1.17,19.9,0.2,1.45,NA,0.1,0.38,0.0,31.65,62.5,1.73,172.5,0.0,0.0,10.0,985.0,NA
2026-06-26 22:00:00,NA,NA,6.75,50.23,32.15,24.83,7.03,1.5,14.6,0.2,1.6,NA,0.13,0.55,0.0,32.3,60.5,0.65,178.5,0.0,0.0,9.25,985.0,NA
2026-06-26 23:00:00,54.0,84.0,6.2,58.4,36.18,25.85,8.15,1.55,12.65,0.5,3.1,NA,0.68,1.98,0.0,33.03,58.25,0.43,184.75,0.0,0.0,9.25,985.75,NA
2026-06-27 00:00:00,99.0,102.0,12.48,79.3,52.3,29.1,9.65,1.69,12.43,0.93,5.13,NA,0.73,1.75,0.0,32.93,60.0,0.58,183.5,0.0,0.0,9.75,987.75,NA
2026-06-27 01:00:00,22.0,108.0,22.13,63.85,51.95,34.45,10.88,1.25,12.15,0.3,5.53,NA,1.03,1.83,0.0,32.53,62.75,0.78,180.25,0.0,0.0,9.5,988.0,NA
2026-06-27 02:00:00,33.0,89.0,4.6,41.85,25.75,36.4,10.3,0.71,12.43,0.38,4.4,NA,0.53,0.8,0.0,32.35,61.75,0.93,178.75,0.0,0.0,9.75,988.0,NA
2026-06-27 03:00:00,94.0,122.0,6.23,32.4,20.92,29.8,9.93,0.65,12.45,0.33,4.2,NA,0.25,0.4,0.05,32.18,61.0,1.03,177.25,0.0,0.0,9.5,987.25,NA
2026-06-27 04:00:00,80.0,124.0,6.82,31.3,22.23,29.23,9.95,0.5,12.13,0.3,2.73,NA,0.15,0.15,0.08,32.05,61.0,1.03,176.0,0.0,0.0,9.25,985.5,NA
2026-06-27 05:00:00,102.0,129.0,6.23,34.83,23.75,30.72,9.78,0.5,12.73,0.25,1.78,NA,0.03,0.13,0.0,31.78,61.75,0.83,173.75,0.0,0.0,12.0,985.0,NA
2026-06-27 06:00:00,101.0,119.0,7.45,34.03,24.03,28.8,10.53,0.6,12.33,0.3,1.98,NA,0.0,0.2,0.0,31.88,62.0,0.83,174.5,0.0,0.0,46.0,985.0,NA
2026-06-27 07:00:00,67.0,139.0,7.83,30.6,22.55,30.25,12.53,0.63,13.13,0.48,2.0,NA,0.05,0.23,0.0,32.88,59.25,1.1,183.5,0.0,0.0,141.5,986.0,NA
2026-06-27 08:00:00,144.0,172.0,6.75,27.63,20.28,34.38,12.55,0.69,16.03,0.25,2.53,NA,0.03,0.23,0.03,34.23,55.75,1.1,196.25,0.0,0.0,308.25,987.25,NA
2026-06-27 09:00:00,24.0,186.0,6.2,30.68,21.4,35.23,11.63,0.68,17.23,0.13,1.6,NA,0.05,0.28,0.0,35.55,52.75,1.5,208.0,0.0,0.0,456.5,987.75,NA
2026-06-27 10:00:00,39.0,194.0,3.93,29.3,18.68,30.75,10.28,0.56,20.88,0.13,1.43,NA,0.0,0.13,0.03,36.65,49.25,1.35,218.25,0.0,0.0,517.5,987.0,NA
2026-06-27 11:00:00,43.0,208.0,4.28,25.95,17.2,18.23,9.58,0.52,25.98,0.2,2.63,NA,0.1,0.18,0.08,38.2,45.5,1.15,232.25,0.0,0.0,637.25,986.75,NA
2026-06-27 12:00:00,46.0,189.0,2.37,23.53,13.98,27.7,9.6,0.53,28.53,0.2,2.23,NA,0.0,0.08,0.0,38.93,43.75,1.2,239.25,0.0,0.0,643.75,985.0,NA
2026-06-27 13:00:00,99.0,215.0,5.23,18.28,14.0,36.63,9.25,0.68,32.2,0.2,3.43,NA,0.0,0.08,0.08,39.58,41.75,1.23,244.75,0.0,0.0,606.5,986.75,NA
2026-06-27 14:00:00,79.0,171.0,4.78,18.73,13.9,35.73,8.15,0.81,33.38,0.15,1.7,NA,0.0,0.05,0.0,40.53,39.25,0.98,253.5,0.0,0.0,519.25,987.0,NA
2026-06-27 15:00:00,67.0,162.0,3.82,18.88,13.08,36.75,7.1,0.86,35.63,0.13,1.38,NA,0.03,0.1,0.05,40.2,39.75,1.42,250.75,0.0,0.0,391.5,987.25,NA
2026-06-27 16:00:00,76.0,175.0,2.63,19.13,12.3,33.03,6.75,0.84,43.6,0.2,1.98,NA,0.15,0.2,0.1,39.68,41.0,1.43,245.75,0.0,0.0,227.25,987.75,NA
2026-06-27 17:00:00,50.0,160.0,3.48,25.33,16.15,27.95,6.2,0.93,40.13,0.1,1.45,NA,0.03,0.15,0.03,38.78,42.75,1.2,238.25,0.0,0.0,110.5,987.0,NA
2026-06-27 18:00:00,77.0,195.0,4.1,28.4,18.6,27.35,5.03,1.15,19.8,0.13,1.05,NA,0.0,0.13,0.0,37.15,49.25,0.95,222.5,0.0,0.0,50.25,986.25,NA
2026-06-27 19:00:00,74.0,218.0,7.15,27.43,20.45,28.45,5.43,1.25,14.47,0.1,1.23,NA,0.0,0.22,0.05,35.73,53.0,0.48,209.75,0.0,0.0,15.25,986.0,NA
2026-06-27 20:00:00,54.0,212.0,5.73,32.38,21.9,30.0,7.15,1.47,16.98,0.23,5.95,NA,0.1,0.4,0.0,35.35,54.25,0.35,206.25,0.0,0.0,9.0,985.5,NA
2026-06-27 21:00:00,123.0,241.0,9.38,49.15,33.78,31.18,8.15,1.96,12.85,0.48,6.58,NA,0.3,0.75,0.0,34.9,56.0,0.38,202.0,0.0,0.0,9.0,986.0,NA
2026-06-27 22:00:00,135.0,235.0,9.37,58.13,38.63,34.47,10.53,2.24,11.5,0.67,7.6,NA,0.53,1.37,0.0,34.6,56.67,0.3,199.33,0.0,0.0,9.0,986.0,NA
2026-06-27 23:00:00,128.0,243.0,7.95,62.95,40.13,29.2,11.05,2.13,11.2,0.5,6.75,NA,0.63,1.9,0.0,34.68,54.5,0.3,200.25,0.0,0.0,9.0,986.25,NA
2026-06-28 00:00:00,160.0,222.0,8.2,71.25,44.7,25.23,10.1,1.93,12.35,0.38,6.73,NA,0.6,1.5,0.28,34.2,56.25,0.3,195.25,0.0,0.0,9.5,986.5,NA
2026-06-28 01:00:00,76.0,204.0,11.1,74.8,48.75,24.63,8.38,1.88,11.03,0.2,3.7,NA,0.55,1.43,0.0,33.85,57.25,0.3,192.5,0.0,0.0,9.0,986.0,NA
2026-06-28 02:00:00,90.0,206.0,7.23,50.65,32.9,29.45,8.48,1.57,10.9,0.2,3.63,NA,0.6,1.33,0.0,33.93,55.25,0.48,193.25,0.0,0.0,9.0,986.25,NA
2026-06-28 03:00:00,67.0,139.0,5.75,37.65,24.6,28.93,8.83,1.23,10.2,0.25,2.38,NA,0.4,0.75,0.0,33.48,54.5,0.3,188.75,0.0,0.0,9.25,987.0,NA
2026-06-28 04:00:00,30.0,80.0,35.05,73.9,67.7,14.45,13.85,1.27,11.03,1.03,2.28,NA,0.85,0.45,0.0,33.0,57.0,0.3,184.0,0.0,0.0,9.5,985.25,NA
2026-06-28 05:00:00,71.0,161.0,9.9,40.1,29.3,34.45,12.45,1.12,10.73,1.75,2.97,NA,0.7,0.6,0.0,33.28,55.0,0.45,187.0,0.0,0.0,11.0,985.0,NA
2026-06-28 06:00:00,27.0,99.0,6.73,32.78,23.0,27.48,12.43,1.13,11.65,0.73,2.23,NA,0.35,0.45,0.0,33.45,55.0,0.43,189.0,0.0,0.0,38.75,985.0,NA
2026-06-28 07:00:00,55.0,112.0,8.08,26.3,20.5,29.65,9.2,1.09,12.05,0.13,1.45,NA,0.13,0.5,0.0,34.55,53.5,1.03,199.0,0.0,0.0,174.0,985.25,NA
2026-06-28 08:00:00,104.0,117.0,3.4,23.35,15.28,26.13,7.65,1.14,12.7,0.1,0.83,NA,0.1,0.33,0.0,35.85,50.5,1.65,211.0,0.0,0.0,381.0,986.25,NA
2026-06-28 09:00:00,NA,128.0,4.0,23.18,15.55,25.48,6.98,1.19,14.05,0.1,0.68,NA,0.03,0.23,0.0,37.15,48.25,1.13,222.5,0.0,0.0,517.5,986.0,NA
2026-06-28 10:00:00,30.0,155.0,4.43,22.88,15.8,27.55,6.45,1.14,16.65,0.1,0.78,NA,0.05,0.23,0.0,38.5,45.0,1.0,235.5,0.0,0.0,555.5,986.75,NA
2026-06-28 11:00:00,33.0,145.0,4.45,20.33,14.58,28.3,5.83,1.12,20.43,0.1,0.58,NA,0.0,0.13,0.0,39.58,42.5,1.13,245.25,0.0,0.0,652.25,986.75,NA
2026-06-28 12:00:00,30.0,180.0,3.93,17.1,12.35,28.63,7.0,1.05,22.45,0.13,1.18,NA,0.03,0.2,0.0,39.55,41.75,1.3,245.0,0.0,0.0,672.5,985.75,NA
2026-06-28 13:00:00,61.0,162.0,4.8,18.23,12.45,30.65,6.53,1.06,25.18,0.15,1.23,NA,0.0,0.18,0.0,39.45,41.75,0.98,243.5,0.0,0.0,418.5,986.0,NA
2026-06-28 14:00:00,55.0,162.0,4.0,18.85,13.25,33.9,6.4,0.98,30.4,0.13,1.15,NA,0.0,0.1,0.0,40.43,40.25,1.1,253.0,0.0,0.0,416.75,986.75,NA
2026-06-28 15:00:00,55.0,168.0,3.13,21.7,14.0,34.37,5.77,0.92,33.33,0.13,1.2,NA,0.03,0.2,0.0,39.7,41.33,0.93,246.33,0.0,0.0,278.33,987.0,NA
2026-06-28 16:00:00,87.0,155.0,7.15,20.8,16.88,30.38,5.13,0.92,36.2,0.15,1.43,NA,0.03,0.08,0.08,39.78,41.75,0.75,246.75,0.0,0.0,187.5,987.5,NA
2026-06-28 17:00:00,33.0,164.0,3.45,24.75,15.9,21.33,4.3,1.15,30.35,0.1,0.73,NA,0.0,0.08,0.0,37.85,45.25,1.4,229.5,0.0,0.0,40.5,987.0,NA
2026-06-28 18:00:00,104.0,315.0,5.33,36.15,23.65,8.23,3.75,1.19,22.78,0.1,1.13,NA,0.1,0.33,0.0,33.73,56.5,1.85,191.5,0.0,0.0,18.0,986.0,NA
2026-06-28 19:00:00,87.0,169.0,5.55,46.53,29.15,16.53,3.75,1.48,15.73,0.1,3.25,NA,0.23,0.5,0.0,34.5,54.25,0.83,198.5,0.0,0.0,15.25,986.0,NA
2026-06-28 20:00:00,54.0,182.0,5.1,65.35,37.8,13.9,6.63,1.72,12.68,0.43,7.73,NA,0.4,1.18,0.0,34.85,50.25,0.58,201.5,0.0,0.0,9.0,985.0,NA
2026-06-28 21:00:00,115.0,233.0,6.18,74.0,44.4,19.8,9.13,1.79,13.75,0.68,13.85,NA,0.78,1.78,0.0,34.88,50.25,0.48,201.75,0.0,0.0,9.0,985.0,NA
2026-06-28 22:00:00,109.0,252.0,6.73,64.63,39.98,28.05,9.43,1.78,13.1,0.6,13.4,NA,2.05,2.35,0.0,34.38,52.75,0.48,197.25,0.0,0.0,9.0,985.75,NA
2026-06-28 23:00:00,84.0,210.0,9.18,72.1,45.78,28.5,9.68,1.83,12.0,0.78,7.95,NA,1.73,2.23,0.0,34.28,54.25,0.45,196.25,0.0,0.0,9.0,986.0,NA
2026-06-29 00:00:00,172.0,201.0,6.28,67.78,41.05,27.78,10.1,1.71,11.88,0.8,4.83,NA,0.98,1.6,0.0,34.13,54.25,0.53,194.75,0.0,0.0,9.0,986.25,NA
2026-06-29 01:00:00,52.0,197.0,6.33,45.13,29.08,28.63,9.7,1.35,12.18,0.33,3.9,NA,0.33,0.8,0.0,33.78,56.25,0.8,191.75,0.0,0.0,9.0,986.0,NA
2026-06-29 02:00:00,88.0,212.0,5.73,30.58,21.08,29.43,8.55,1.01,12.43,0.13,1.78,NA,0.1,0.35,0.0,33.55,55.25,1.2,189.5,0.0,0.0,9.0,986.0,NA
2026-06-29 03:00:00,44.0,123.0,4.83,34.88,22.5,28.43,8.93,1.08,12.15,0.3,1.08,NA,0.08,0.25,0.0,33.48,55.5,0.73,189.0,0.0,0.0,9.5,986.0,NA
2026-06-29 04:00:00,52.0,127.0,5.4,30.63,20.78,16.8,12.88,0.99,11.63,0.5,1.15,NA,0.15,0.25,0.0,33.23,56.0,0.38,186.75,0.0,0.0,9.0,985.5,NA
2026-06-29 05:00:00,68.0,99.0,5.18,39.78,25.3,18.75,11.43,1.02,11.83,0.48,1.28,NA,0.13,0.2,0.0,33.15,56.5,0.38,185.5,0.0,0.0,11.0,985.0,NA
2026-06-29 06:00:00,68.0,116.0,7.3,27.63,20.45,24.95,10.38,1.01,12.08,0.4,1.3,NA,0.13,0.3,0.0,33.28,57.0,0.73,187.5,0.0,0.0,45.25,985.0,NA
2026-06-29 07:00:00,66.0,119.0,6.55,26.78,19.6,24.23,7.18,1.02,11.95,0.1,0.85,NA,0.0,0.25,0.0,33.88,55.5,0.8,193.0,0.0,0.0,100.0,985.75,NA
2026-06-29 08:00:00,107.0,138.0,4.35,27.78,18.33,23.78,6.63,1.12,12.68,0.1,0.8,NA,0.03,0.23,0.0,35.75,49.5,1.38,210.0,0.0,0.0,341.0,986.5,NA
2026-06-29 09:00:00,NA,171.0,4.3,20.2,12.6,25.2,6.38,1.03,14.45,0.1,0.53,NA,0.03,0.25,0.0,37.35,45.75,1.68,225.0,0.0,0.0,509.75,986.0,NA
2026-06-29 10:00:00,27.0,171.0,4.67,21.33,15.3,26.13,6.87,0.99,15.4,0.07,0.47,NA,0.1,0.23,0.0,37.67,45.67,2.03,227.33,0.0,0.0,525.67,987.0,NA
2026-06-29 11:00:00,35.0,177.0,1.85,18.65,11.4,24.63,5.33,0.91,15.43,0.1,1.13,NA,0.0,0.15,0.0,38.58,45.0,1.78,235.75,0.0,0.0,668.25,986.0,NA
2026-06-29 12:00:00,48.0,210.0,3.5,17.68,12.23,23.23,5.55,0.91,20.73,0.08,1.28,NA,0.03,0.13,0.0,39.38,43.25,1.6,243.5,0.0,0.0,670.75,985.5,NA
2026-06-29 13:00:00,48.0,233.0,5.75,18.35,14.45,27.6,5.8,0.87,19.65,0.15,1.75,NA,0.0,0.2,0.0,40.35,40.0,1.65,252.5,0.0,0.0,577.0,986.5,NA
2026-06-29 14:00:00,58.0,239.0,2.9,15.95,10.8,30.95,5.65,0.8,19.35,0.2,1.65,NA,0.0,0.15,0.0,41.0,38.5,1.8,258.0,0.0,0.0,498.5,987.0,NA
2026-06-29 15:00:00,39.0,229.0,4.5,18.75,13.73,28.33,5.3,0.82,19.95,0.15,1.43,NA,0.0,0.1,0.03,40.83,38.5,1.63,256.5,0.0,0.0,347.5,987.0,NA
2026-06-29 16:00:00,46.0,218.0,3.8,22.93,15.2,22.0,4.63,0.87,24.7,0.2,2.1,NA,0.03,0.07,0.03,40.5,41.0,1.57,253.33,0.0,0.0,200.0,988.0,NA
2026-06-29 17:00:00,33.0,212.0,4.07,22.1,15.0,26.43,4.23,1.05,19.47,0.23,2.17,NA,0.07,0.13,0.1,37.97,47.0,1.03,230.0,0.0,0.0,65.33,987.0,NA
2026-06-29 18:00:00,33.0,202.0,5.85,27.58,19.43,26.03,4.15,1.11,15.38,0.33,4.75,NA,0.33,0.43,0.35,36.2,48.0,1.38,213.75,0.0,0.0,52.25,986.0,NA
2026-06-29 19:00:00,46.0,205.0,7.2,42.3,28.4,21.57,4.2,1.43,13.77,0.4,4.77,NA,0.97,0.77,0.6,35.9,49.0,0.6,211.33,0.0,0.0,33.0,986.0,NA
2026-06-29 20:00:00,41.0,233.0,8.4,46.3,31.17,21.17,7.67,1.52,13.0,0.43,4.63,NA,0.6,1.23,0.0,35.9,48.0,0.57,211.0,0.0,0.0,9.0,985.0,NA
2026-06-29 21:00:00,79.0,202.0,5.5,56.87,34.7,23.37,8.13,1.78,10.83,0.43,3.9,NA,0.37,1.07,0.0,35.5,49.67,0.43,208.0,0.0,0.0,9.0,986.0,NA
2026-06-29 22:00:00,73.0,228.0,10.63,68.73,45.3,22.73,7.77,1.84,10.7,0.63,4.0,NA,0.87,2.03,0.0,35.2,51.0,0.7,204.67,0.0,0.0,9.0,986.0,NA
2026-06-29 23:00:00,57.0,190.0,9.35,58.0,38.55,26.65,7.05,1.47,10.75,0.33,2.95,NA,0.63,1.35,0.0,34.93,51.0,0.3,202.25,0.0,0.0,9.0,986.0,NA
2026-06-30 00:00:00,82.0,171.0,4.67,53.17,32.1,28.07,6.03,1.2,10.63,0.3,2.5,NA,0.6,1.07,0.2,34.8,51.0,0.43,201.0,0.0,0.0,9.33,986.33,NA
2026-06-30 01:00:00,NA,130.0,7.4,49.05,32.35,24.2,4.45,1.15,NA,0.1,1.3,NA,0.2,0.6,0.0,33.55,58.5,0.6,190.0,0.5,1.0,9.0,986.0,NA
2026-06-30 02:00:00,62.0,156.0,5.93,20.4,15.77,28.4,5.0,0.81,7.13,0.13,1.4,NA,0.23,0.63,0.0,31.93,64.33,0.57,174.67,0.0,0.0,10.0,986.0,NA
2026-06-30 03:00:00,6.0,35.0,7.07,28.37,20.8,22.7,3.67,0.78,12.57,0.07,0.8,NA,0.0,0.23,0.0,33.17,59.33,0.3,186.33,0.0,0.0,9.67,986.0,NA
2026-06-30 04:00:00,30.0,58.0,8.03,36.75,26.08,21.1,5.58,1.06,8.35,0.4,1.83,NA,0.22,0.43,0.0,33.48,59.5,0.38,188.75,0.0,0.0,9.0,985.25,NA
2026-06-30 05:00:00,62.0,84.0,5.87,38.47,25.33,21.43,7.6,0.91,12.17,0.6,2.03,NA,0.4,0.6,0.0,33.2,58.0,0.3,186.67,0.0,0.0,10.67,985.33,NA
2026-06-30 06:00:00,52.0,88.0,9.05,31.95,24.38,25.85,6.8,0.98,11.0,0.53,1.75,NA,0.18,0.48,0.0,33.43,56.0,0.68,188.75,0.0,0.0,46.5,985.0,NA
2026-06-30 07:00:00,60.0,114.0,8.15,27.23,21.08,27.35,6.75,0.97,10.63,0.15,1.1,NA,0.1,0.33,0.0,34.05,53.25,1.48,194.25,0.0,0.0,101.5,985.0,NA
2026-06-30 08:00:00,65.0,151.0,7.33,25.53,19.5,27.15,6.48,1.03,9.9,0.33,0.93,NA,0.13,0.3,0.0,34.28,52.25,2.32,196.25,0.0,0.0,173.0,986.25,NA
2026-06-30 09:00:00,NA,196.0,7.3,25.33,19.3,25.15,5.8,0.97,11.0,0.1,0.63,NA,0.05,0.23,0.0,34.88,51.0,2.38,202.0,0.0,0.0,207.25,986.0,NA
2026-06-30 10:00:00,39.0,219.0,8.23,28.28,21.75,25.13,5.33,1.07,11.33,0.1,0.68,NA,0.08,0.25,0.0,34.55,52.0,1.65,198.75,0.0,0.0,117.0,986.0,NA
2026-06-30 11:00:00,40.0,244.0,6.87,30.37,21.67,28.37,4.93,1.13,11.4,0.1,1.2,NA,0.1,0.33,0.0,35.07,51.67,1.13,203.67,0.0,0.0,153.0,986.0,NA
2026-06-30 12:00:00,56.0,295.0,7.35,30.95,22.4,27.67,5.48,0.97,11.68,0.23,3.5,NA,0.2,0.65,0.0,36.83,46.5,1.48,220.0,0.0,0.0,282.0,985.75,NA
2026-06-30 13:00:00,58.0,370.0,3.6,21.13,14.2,25.67,4.3,0.85,11.4,0.2,3.23,NA,0.17,0.33,0.0,38.13,43.67,1.33,232.0,0.0,0.0,382.33,985.67,NA
2026-06-30 14:00:00,72.0,378.0,4.9,18.5,13.83,28.95,3.5,0.79,13.35,0.18,2.13,NA,0.05,0.25,0.0,39.55,41.0,1.45,245.0,0.0,0.0,458.25,986.0,NA
2026-06-30 15:00:00,69.0,382.0,4.73,17.07,13.03,29.03,2.3,0.79,15.03,0.07,1.73,NA,0.0,0.13,0.0,39.4,41.33,1.43,243.33,0.0,0.0,266.33,986.33,NA
2026-06-30 16:00:00,77.0,379.0,4.38,21.98,15.18,27.75,2.78,0.91,17.05,0.08,1.03,NA,0.0,0.05,0.0,38.23,46.5,1.95,232.75,0.0,0.0,185.5,987.25,NA
2026-06-30 17:00:00,41.0,350.0,2.57,28.05,16.58,17.68,2.73,1.18,4.25,0.1,1.18,NA,0.13,0.45,0.0,36.55,54.75,2.08,217.5,0.0,0.0,114.75,986.25,NA
2026-06-30 18:00:00,66.0,248.0,2.83,32.3,19.53,21.18,2.13,1.23,8.55,0.1,2.08,NA,0.13,0.43,0.0,35.18,59.25,1.63,204.5,0.0,0.0,54.75,986.0,NA
2026-06-30 19:00:00,77.0,230.0,4.85,27.53,18.63,23.6,2.23,1.4,11.85,0.1,1.78,NA,0.13,0.58,0.0,34.15,63.25,1.25,195.0,0.0,0.0,15.75,986.0,NA
2026-06-30 20:00:00,78.0,219.0,6.15,27.5,19.68,26.18,3.45,1.67,4.4,0.28,2.3,NA,0.28,1.0,0.0,33.8,65.0,1.23,192.0,0.0,0.0,9.0,985.75,NA
2026-06-30 21:00:00,105.0,239.0,4.58,23.5,16.18,21.23,2.93,1.51,6.23,0.38,3.18,NA,0.3,1.03,0.0,33.53,66.25,1.68,189.5,0.0,0.0,9.0,986.0,NA
2026-06-30 22:00:00,107.0,160.0,7.0,19.8,16.1,27.75,2.15,1.25,8.75,0.3,1.5,NA,0.15,0.55,0.0,33.0,67.0,1.85,184.5,0.0,0.0,9.0,986.0,NA
2026-06-30 23:00:00,100.0,111.0,7.55,30.13,22.13,28.58,2.58,1.18,23.9,0.18,0.93,NA,0.05,0.3,0.0,32.35,69.0,1.38,179.25,0.0,0.0,9.25,986.0,NA
2026-08-01 00:00:00,41.0,147.0,8.43,15.73,15.27,50.17,10.43,0.9,16.07,0.6,1.83,NA,0.27,0.63,0.0,31.17,79.0,1.3,168.33,0.0,0.0,9.0,987.67,NA
2026-08-01 01:00:00,NA,106.0,8.18,18.05,16.25,41.45,10.8,0.81,12.13,0.2,1.43,NA,0.1,0.3,0.0,31.2,78.25,1.13,168.0,0.0,0.0,9.0,986.25,NA
2026-08-01 02:00:00,68.0,145.0,8.75,19.9,17.73,32.5,10.42,0.82,12.33,0.08,1.2,NA,0.18,0.35,0.0,31.05,80.25,1.2,166.5,0.0,0.0,9.0,986.25,NA
2026-08-01 03:00:00,31.0,124.0,8.65,22.95,19.2,42.38,10.55,0.8,16.45,0.05,0.93,NA,0.13,0.23,0.0,30.83,81.0,1.13,164.5,0.0,0.0,9.0,986.25,NA
2026-08-01 04:00:00,63.0,113.0,7.08,23.68,18.3,50.0,11.2,0.81,19.65,0.05,0.58,NA,0.1,0.2,0.0,30.58,82.0,0.88,162.25,0.0,0.0,9.0,987.25,NA
2026-08-01 05:00:00,NA,NA,5.63,20.7,15.55,52.98,11.1,0.9,18.03,0.1,0.6,NA,0.1,0.23,0.0,30.3,84.25,1.0,160.0,0.0,0.0,9.75,988.0,NA
2026-08-01 06:00:00,NA,112.0,8.05,17.6,15.85,52.5,9.75,0.92,14.28,0.38,0.65,NA,0.13,0.23,0.0,30.2,84.75,1.38,158.75,0.0,0.0,34.5,988.0,NA
2026-08-01 07:00:00,2.0,107.0,7.6,16.63,15.05,51.98,9.88,0.99,14.45,0.65,0.45,NA,0.1,0.23,0.0,30.78,82.75,1.75,164.25,0.0,0.0,91.5,988.0,NA
2026-08-01 08:00:00,24.0,128.0,8.4,16.03,15.4,52.9,10.63,0.99,11.95,0.55,0.6,NA,0.13,0.3,0.0,31.28,80.25,1.58,169.25,0.0,0.0,113.5,987.75,NA
2026-08-01 09:00:00,NA,130.0,7.05,14.65,13.53,49.68,11.8,0.94,17.65,0.13,0.6,NA,0.1,0.28,0.0,32.1,76.0,1.75,176.25,0.0,0.0,155.0,986.25,NA
2026-08-01 10:00:00,62.0,136.0,7.53,14.28,13.68,40.58,10.8,0.93,12.38,0.08,0.85,NA,0.28,0.7,0.0,32.7,72.75,1.6,182.0,0.0,0.0,196.5,986.0,NA
2026-08-01 11:00:00,64.0,153.0,7.25,15.33,14.13,43.05,10.45,0.93,14.35,0.1,1.33,NA,0.28,0.68,0.0,34.28,66.5,1.58,196.25,0.0,0.0,493.75,986.0,NA
2026-08-01 12:00:00,96.0,154.0,6.38,12.98,12.08,47.78,11.08,0.9,18.48,0.1,1.4,NA,0.23,0.53,0.0,34.8,62.0,1.68,201.0,0.0,0.0,343.25,986.25,NA
2026-08-01 13:00:00,NA,NA,5.45,18.68,14.45,53.68,11.68,0.95,27.95,0.15,2.03,NA,0.65,1.38,0.0,34.98,63.5,1.88,203.25,0.0,0.0,499.5,988.0,NA
2026-08-01 14:00:00,NA,108.0,5.05,14.25,11.75,52.2,9.45,0.89,15.83,0.13,0.65,NA,0.1,0.25,0.05,34.75,63.25,1.48,200.75,0.0,0.0,277.0,988.0,NA
2026-08-01 15:00:00,20.0,140.0,5.05,13.6,11.33,50.6,8.58,0.89,15.63,0.05,0.8,NA,0.15,0.33,0.0,35.4,60.0,1.43,207.0,0.0,0.0,284.25,987.25,NA
2026-08-01 16:00:00,24.0,134.0,4.48,14.58,11.3,49.58,9.08,1.02,13.15,0.08,0.98,NA,0.28,0.58,0.0,33.28,71.5,1.05,187.0,0.0,0.0,108.75,987.0,NA
2026-08-01 17:00:00,NA,137.0,4.33,14.63,11.38,50.1,10.75,1.01,14.88,0.05,1.28,NA,0.35,0.75,0.0,33.75,67.75,1.0,191.5,0.0,0.0,109.0,986.0,NA
2026-08-01 18:00:00,77.0,165.0,5.83,15.2,12.9,48.13,10.98,1.08,16.5,0.1,1.6,NA,0.38,0.9,0.0,33.38,68.0,1.23,188.0,0.0,0.0,45.75,986.0,NA
2026-08-01 19:00:00,74.0,163.0,4.37,16.65,11.43,45.93,11.15,1.15,16.23,0.1,1.3,NA,0.48,1.0,0.0,32.68,71.5,1.28,181.75,0.0,0.0,11.25,986.0,NA
2026-08-01 20:00:00,94.0,167.0,4.93,18.58,13.8,47.5,10.7,1.17,16.5,0.1,1.1,NA,0.4,0.93,0.0,32.23,73.0,1.35,177.5,0.0,0.0,9.0,986.25,NA
2026-08-01 21:00:00,NA,NA,7.18,31.35,22.5,50.2,10.83,1.48,20.8,0.1,1.5,NA,0.6,1.3,0.0,31.6,78.25,1.13,171.75,0.0,0.0,9.0,988.5,NA
2026-08-01 22:00:00,NA,172.0,8.85,32.2,24.3,53.95,11.43,1.38,25.75,0.1,1.83,NA,0.7,1.4,0.0,31.42,80.0,1.05,170.25,0.0,0.0,9.0,988.0,NA
2026-08-01 23:00:00,42.0,198.0,12.18,30.48,26.13,56.28,12.15,1.27,20.23,0.2,1.55,NA,0.53,0.98,0.0,31.13,81.75,0.9,167.5,0.0,0.0,9.0,988.0,NA
2026-08-02 00:00:00,51.0,174.0,7.05,22.35,17.6,55.5,12.53,1.09,17.9,0.23,1.28,NA,0.28,0.63,0.0,31.05,82.75,0.77,167.0,0.0,0.0,9.0,988.0,NA
2026-08-02 01:00:00,2.0,141.0,5.43,14.05,11.9,49.85,11.1,0.97,13.13,0.18,0.88,NA,0.13,0.35,0.0,30.75,83.0,0.63,164.25,0.0,0.0,9.0,986.0,NA
2026-08-02 02:00:00,NA,NA,3.73,8.43,7.53,45.98,10.38,0.82,15.95,0.0,0.4,NA,0.1,0.23,0.0,30.0,85.25,1.3,157.0,1.25,5.0,8.75,986.5,NA
2026-08-02 03:00:00,27.0,46.0,5.48,9.7,9.63,46.35,9.2,0.74,19.53,0.0,0.25,NA,0.0,0.08,0.0,28.9,90.75,0.68,147.0,0.63,2.5,7.25,987.0,NA
2026-08-02 04:00:00,NA,43.0,5.63,13.0,11.5,48.35,9.35,0.77,21.48,0.0,0.25,NA,0.0,0.13,0.0,29.0,91.5,0.83,148.0,0.25,1.0,3.25,987.25,NA
2026-08-02 05:00:00,NA,NA,6.88,27.03,19.95,50.95,8.93,0.9,30.78,0.1,0.7,NA,0.1,0.25,0.0,29.2,91.5,0.73,150.0,0.0,0.0,6.75,989.0,NA
2026-08-02 06:00:00,NA,35.0,9.95,27.35,22.68,50.85,9.13,0.93,21.95,0.75,0.5,NA,0.1,0.18,0.0,29.13,91.5,0.93,149.25,0.0,0.0,20.75,988.25,NA
2026-08-02 07:00:00,NA,71.0,13.2,22.63,22.73,51.33,9.75,1.12,15.75,3.23,0.63,NA,0.13,0.3,0.0,29.75,90.25,0.63,154.5,0.0,0.0,81.25,988.0,NA
2026-08-02 08:00:00,73.0,164.0,7.5,17.0,15.23,51.57,10.75,1.11,14.58,4.53,0.53,NA,0.13,0.35,0.0,31.58,83.75,0.78,171.5,0.0,0.0,266.25,988.0,NA
2026-08-02 09:00:00,NA,99.0,6.6,14.65,13.15,47.83,11.73,1.16,13.0,1.2,1.0,NA,0.18,0.43,0.0,32.75,77.0,0.88,182.5,0.0,0.0,261.25,986.0,NA
2026-08-02 10:00:00,86.0,143.0,6.58,10.0,10.8,40.5,11.08,1.03,15.95,0.03,0.5,NA,0.1,0.28,0.0,35.18,65.25,0.88,204.75,0.0,0.0,632.5,986.0,NA
2026-08-02 11:00:00,59.0,103.0,5.63,19.1,14.75,40.2,11.08,0.97,16.45,0.28,0.6,NA,0.18,0.43,0.0,36.4,57.75,1.0,216.0,0.0,0.0,634.0,986.0,NA
2026-08-02 12:00:00,68.0,109.0,4.93,15.3,12.27,46.75,10.75,0.93,16.65,0.5,0.48,NA,0.1,0.23,0.03,36.33,58.25,1.1,215.25,0.0,0.0,569.25,986.5,NA
2026-08-02 13:00:00,NA,NA,6.03,14.18,12.53,51.7,10.6,1.06,27.95,0.43,0.48,NA,0.1,0.23,0.0,34.9,63.5,1.08,202.0,0.0,0.0,192.0,988.0,NA
2026-08-02 14:00:00,NA,118.0,4.75,20.53,14.8,49.15,10.38,1.17,21.48,0.1,1.1,NA,0.43,0.88,0.0,33.73,72.75,0.43,191.0,0.13,0.5,340.25,987.5,NA
2026-08-02 15:00:00,NA,88.0,6.4,17.73,14.58,50.5,9.6,0.99,16.68,0.03,1.38,NA,0.3,0.55,0.0,32.65,77.5,1.43,181.5,2.38,9.5,200.25,988.0,NA
2026-08-02 16:00:00,23.0,103.0,5.33,14.3,12.05,49.55,9.3,1.0,17.2,0.0,0.8,NA,0.18,0.33,0.0,34.1,73.0,1.05,194.5,0.0,0.0,275.75,988.0,NA
2026-08-02 17:00:00,NA,74.0,5.28,14.38,11.9,48.8,9.1,1.15,13.88,0.63,0.7,NA,0.22,0.48,0.0,33.33,75.25,0.53,187.75,0.0,0.0,82.5,986.25,NA
2026-08-02 18:00:00,83.0,135.0,4.88,14.35,11.53,48.93,10.38,1.26,16.4,0.05,1.23,NA,0.5,0.93,0.0,32.75,77.5,0.43,182.25,0.0,0.0,48.25,986.0,NA
2026-08-02 19:00:00,75.0,129.0,4.83,14.25,11.55,47.65,11.2,1.36,15.95,0.1,1.35,NA,0.83,1.53,0.0,31.85,81.0,0.73,174.25,0.0,0.0,11.25,986.0,NA
2026-08-02 20:00:00,NA,NA,6.95,17.25,14.9,46.15,11.05,1.32,15.58,0.08,0.93,NA,0.48,1.08,0.0,31.18,82.0,0.53,168.0,0.0,0.0,9.0,986.25,NA
2026-08-02 21:00:00,123.0,130.0,7.35,16.68,14.83,41.88,12.03,1.73,15.25,0.1,1.5,NA,0.78,1.65,0.0,30.98,85.75,0.48,166.0,0.0,0.0,9.0,988.5,NA
2026-08-02 22:00:00,NA,97.0,5.48,19.5,14.83,46.48,12.48,1.6,14.83,0.1,1.45,NA,0.78,1.08,0.4,30.8,86.0,0.35,164.5,0.0,0.0,9.0,988.0,NA
2026-08-02 23:00:00,NA,128.0,8.15,18.68,16.55,49.25,12.33,1.52,15.18,0.1,1.3,NA,0.65,1.35,0.0,30.75,85.5,0.3,164.0,0.0,0.0,9.0,988.0,NA
2026-08-03 00:00:00,18.0,124.0,7.57,21.6,17.63,50.08,11.55,1.29,15.18,0.1,1.0,NA,0.43,1.03,0.0,30.8,85.25,0.38,164.0,0.0,0.0,9.0,988.0,NA
2026-08-03 01:00:00,3.0,136.0,8.18,24.08,19.53,48.9,12.5,1.17,13.95,0.15,1.13,NA,0.3,0.7,0.0,30.78,86.75,0.48,163.75,0.0,0.0,9.0,986.25,NA
2026-08-03 02:00:00,132.0,168.0,8.88,19.45,17.55,46.98,11.63,1.12,15.58,0.1,1.5,NA,0.2,0.38,0.0,30.63,87.5,0.48,163.0,0.0,0.0,9.0,986.5,NA
2026-08-03 03:00:00,108.0,170.0,8.45,16.2,15.53,50.63,12.08,1.03,15.35,0.08,1.05,NA,0.25,0.43,0.0,30.45,87.25,0.43,161.25,0.0,0.0,9.0,986.75,NA
2026-08-03 04:00:00,NA,NA,5.25,17.73,13.65,50.35,11.73,1.01,15.23,0.0,0.55,NA,0.13,0.33,0.0,30.28,88.25,0.43,159.75,0.0,0.0,9.0,987.0,NA
2026-08-03 05:00:00,NA,NA,7.07,13.88,13.25,51.7,11.43,1.05,15.23,0.0,0.6,NA,0.1,0.3,0.0,30.2,89.25,0.48,159.0,0.0,0.0,9.5,988.5,NA
2026-08-03 06:00:00,NA,92.0,9.2,12.38,14.05,51.7,10.65,1.12,15.2,0.03,0.65,NA,0.18,0.35,0.05,30.3,89.25,0.58,160.0,0.0,0.0,47.5,988.0,NA
2026-08-03 07:00:00,NA,128.0,9.18,16.25,16.13,51.3,10.15,1.13,15.03,0.0,0.7,NA,0.23,0.53,0.0,31.18,86.25,0.7,167.75,0.0,0.0,95.5,988.0,NA
2026-08-03 08:00:00,8.0,110.0,7.45,16.28,14.7,51.3,11.58,1.2,15.1,0.1,0.68,NA,0.25,0.48,0.0,32.2,81.75,0.7,177.25,0.0,0.0,190.25,988.0,NA
2026-08-03 09:00:00,24.0,110.0,7.4,16.65,14.85,49.48,11.6,1.22,14.0,0.05,0.68,NA,0.25,0.33,0.1,33.58,74.0,0.73,190.5,0.0,0.0,328.25,986.25,NA
2026-08-03 10:00:00,69.0,145.0,6.85,19.8,16.08,48.28,10.98,1.19,16.53,0.1,1.33,NA,0.73,1.55,0.0,35.38,65.25,0.85,206.25,0.0,0.0,525.5,987.0,NA
2026-08-03 11:00:00,NA,123.0,5.13,14.07,11.73,45.07,10.83,1.13,15.95,0.08,0.9,NA,0.2,0.43,0.0,36.35,59.75,1.0,215.75,0.0,0.0,512.0,988.0,NA
2026-08-03 12:00:00,NA,91.0,5.73,13.8,12.0,47.23,10.7,1.17,15.55,0.08,1.08,NA,0.38,0.4,0.33,35.93,60.75,1.03,212.0,0.0,0.0,505.25,988.0,NA
2026-08-03 13:00:00,5.0,117.0,4.1,12.2,9.8,51.1,10.7,1.13,39.05,0.08,1.75,NA,0.28,0.45,0.1,36.2,58.75,1.3,214.25,0.0,0.0,355.0,989.0,NA
2026-08-03 14:00:00,NA,85.0,5.1,14.37,11.77,44.2,5.13,1.1,19.55,0.1,1.15,NA,0.25,0.43,0.13,35.58,62.25,1.25,208.5,0.0,0.0,305.5,988.0,NA
2026-08-03 15:00:00,NA,95.0,5.35,14.52,12.13,40.5,5.33,1.06,7.15,0.08,1.2,NA,0.28,0.58,0.05,34.8,63.25,1.23,201.25,0.0,0.0,246.25,988.0,NA
2026-08-03 16:00:00,50.0,119.0,5.65,14.83,12.48,42.48,5.7,0.99,8.93,0.1,1.05,NA,0.25,0.6,0.0,35.48,61.25,1.25,207.0,0.0,0.0,253.75,988.0,NA
2026-08-03 17:00:00,45.0,150.0,5.78,15.45,12.85,44.38,5.98,1.05,6.28,0.08,1.48,NA,0.58,1.17,0.0,35.15,62.0,1.4,204.5,0.0,0.0,135.75,986.75,NA
2026-08-03 18:00:00,39.0,113.0,6.1,20.83,16.08,41.93,6.38,1.13,9.03,0.1,1.43,NA,0.53,1.13,0.0,33.22,68.25,0.88,187.0,0.0,0.0,46.5,986.5,NA
2026-08-03 19:00:00,59.0,143.0,5.95,23.13,17.15,45.15,6.98,1.22,10.63,0.1,2.28,NA,0.9,1.85,0.0,32.35,74.25,0.65,179.0,0.0,0.0,10.25,986.0,NA
2026-08-03 20:00:00,57.0,146.0,5.95,26.63,19.03,44.98,6.98,1.43,7.3,0.13,2.23,NA,1.0,1.85,0.0,31.95,77.75,0.43,175.25,0.0,0.0,9.0,986.0,NA
2026-08-03 21:00:00,79.0,158.0,6.45,22.95,17.43,44.38,7.65,1.48,14.05,0.15,2.83,NA,1.53,2.3,0.33,31.85,78.75,0.48,174.25,0.0,0.0,9.0,987.75,NA
2026-08-03 22:00:00,NA,103.0,7.23,23.63,18.58,46.8,6.85,1.44,12.18,0.1,1.78,NA,0.9,1.23,0.65,31.58,81.0,0.65,171.75,0.0,0.0,9.0,988.0,NA
2026-08-03 23:00:00,NA,113.0,6.63,19.18,15.63,46.73,6.15,1.39,8.6,0.1,1.4,NA,0.63,1.05,0.15,31.23,82.0,0.55,168.25,0.0,0.0,9.0,988.0,NA
2026-08-04 00:00:00,NA,131.0,7.7,19.58,16.68,45.5,6.48,1.33,7.63,0.1,1.45,NA,0.65,1.28,0.0,31.03,83.0,0.53,166.75,0.0,0.0,9.0,988.0,NA
2026-08-04 01:00:00,11.0,112.0,4.7,19.0,14.05,44.9,7.1,1.09,5.98,0.1,1.15,NA,0.5,0.9,0.0,30.85,83.75,0.75,165.25,0.0,0.0,9.0,986.5,NA
2026-08-04 02:00:00,39.0,96.0,4.43,17.08,12.75,37.23,6.83,0.92,7.4,0.0,0.53,NA,0.15,0.35,0.0,30.7,84.0,0.53,163.25,0.0,0.0,9.0,986.0,NA
2026-08-04 03:00:00,44.0,95.0,7.88,15.17,14.45,39.43,6.33,0.98,7.35,0.03,1.28,NA,0.22,0.43,0.0,30.65,84.75,0.63,163.25,0.0,0.0,9.0,986.0,NA
2026-08-04 04:00:00,57.0,109.0,5.4,15.08,12.45,41.95,6.83,0.96,7.38,0.05,1.1,NA,0.23,0.48,0.0,30.6,85.25,0.93,162.75,0.0,0.0,9.0,986.0,NA
2026-08-04 05:00:00,56.0,67.0,4.05,14.6,11.03,45.1,6.7,0.94,22.47,0.0,0.85,NA,0.13,0.28,0.0,30.35,84.75,0.8,160.25,0.0,0.0,9.5,987.75,NA
2026-08-04 06:00:00,NA,29.0,7.8,22.23,18.25,45.33,6.13,1.01,20.53,0.0,0.3,NA,0.05,0.15,0.03,30.18,86.0,0.68,158.75,0.0,0.0,26.5,988.0,NA
2026-08-04 07:00:00,NA,98.0,11.33,22.98,21.43,46.68,5.95,1.11,9.35,0.0,0.68,NA,0.18,0.38,0.0,30.85,84.75,0.75,165.0,0.0,0.0,115.25,988.0,NA
2026-08-04 08:00:00,1.0,90.0,9.85,20.28,18.83,47.3,6.38,1.07,9.28,0.0,0.63,NA,0.15,0.4,0.0,32.3,77.5,0.68,178.0,0.0,0.0,160.5,988.0,NA
2026-08-04 09:00:00,13.0,112.0,7.28,25.35,19.38,45.73,5.93,1.05,11.3,0.03,0.68,NA,0.18,0.38,0.03,32.88,74.0,0.75,183.5,0.0,0.0,334.0,986.5,NA
2026-08-04 10:00:00,22.0,91.0,7.93,27.58,21.08,38.0,6.3,1.11,9.5,0.0,0.58,NA,0.13,0.32,0.03,33.83,67.75,0.88,192.25,0.0,0.0,285.25,986.0,NA
2026-08-04 11:00:00,21.0,95.0,6.58,30.23,21.48,36.0,6.4,1.11,13.53,0.08,0.78,NA,0.23,0.53,0.0,34.4,65.25,0.65,197.75,0.0,0.0,329.5,986.75,NA
2026-08-04 12:00:00,51.0,106.0,5.65,31.48,21.33,42.03,6.58,1.28,6.65,0.08,2.03,NA,0.55,0.78,0.08,32.83,73.0,0.73,182.75,0.0,0.0,76.5,986.25,NA
2026-08-04 13:00:00,82.0,165.0,4.75,22.85,16.03,42.05,7.05,1.16,11.48,0.1,3.45,NA,0.7,1.08,0.0,31.1,83.25,1.55,167.5,0.5,2.0,34.0,988.25,NA
2026-08-04 14:00:00,1.0,25.0,7.05,17.73,15.15,45.68,6.23,1.06,11.0,0.0,1.05,NA,0.1,0.23,0.08,29.95,90.5,0.88,156.5,0.5,2.0,90.0,988.25,NA
2026-08-04 15:00:00,3.25,58.0,6.15,12.65,11.83,45.85,5.05,0.98,6.73,0.0,0.7,NA,0.1,0.18,0.0,30.78,87.5,1.0,164.25,0.0,0.0,132.5,988.0,NA
2026-08-04 16:00:00,4.0,51.0,4.93,9.9,9.28,46.83,4.5,0.97,7.48,0.0,0.58,NA,0.03,0.15,0.0,31.23,84.25,0.5,168.5,0.0,0.0,110.25,988.0,NA
2026-08-04 17:00:00,6.0,56.0,4.45,9.85,8.9,44.08,5.05,1.02,6.2,0.0,0.9,NA,0.1,0.23,0.05,30.88,85.0,0.4,165.0,0.0,0.0,55.5,986.75,NA
2026-08-04 18:00:00,22.0,84.0,5.7,9.73,9.83,42.53,5.47,1.08,7.37,0.03,1.47,NA,0.23,0.5,0.0,30.67,85.67,0.37,163.33,0.0,0.0,29.67,986.0,NA
2026-08-04 19:00:00,24.0,88.0,5.8,10.43,10.38,43.4,6.08,1.21,7.53,0.1,3.03,NA,0.53,1.23,0.43,30.45,87.0,0.3,161.0,0.0,0.0,9.5,986.0,NA
2026-08-04 20:00:00,24.0,87.0,6.35,10.4,10.65,41.2,6.48,1.47,7.43,0.1,2.75,NA,0.95,1.53,0.2,30.4,87.25,0.4,161.0,0.0,0.0,9.0,986.0,NA
2026-08-04 21:00:00,33.0,106.0,4.43,11.53,9.73,42.63,7.08,1.34,8.65,0.1,2.5,NA,0.48,0.93,0.0,30.25,87.75,0.38,159.5,0.0,0.0,9.0,988.0,NA
2026-08-04 22:00:00,6.0,51.0,5.7,12.18,11.23,46.13,6.43,1.19,11.8,0.0,0.85,NA,0.08,0.2,0.0,30.08,89.5,0.4,157.75,0.0,0.0,9.0,988.0,NA
2026-08-04 23:00:00,18.0,75.0,7.73,13.95,13.75,46.78,5.23,1.17,8.98,0.0,0.0,NA,0.0,0.0,0.0,29.78,90.0,0.3,155.5,0.0,0.0,9.0,988.0,NA
2026-08-05 00:00:00,22.0,84.0,6.45,18.23,14.98,48.6,5.85,1.17,8.18,0.0,0.0,NA,0.0,0.0,0.0,29.7,90.75,0.35,155.0,0.0,0.0,9.0,988.0,NA
2026-08-05 01:00:00,21.0,82.0,9.63,20.98,19.0,45.95,6.9,1.12,6.05,0.0,2.25,NA,0.08,0.0,2.53,29.68,91.0,0.33,154.25,0.0,0.0,9.0,986.75,NA
2026-08-05 02:00:00,28.0,97.0,7.85,19.78,16.88,43.2,6.93,1.07,7.28,0.0,0.03,NA,0.13,0.1,0.0,29.7,91.0,0.35,154.25,0.0,0.0,9.0,986.0,NA
2026-08-05 03:00:00,28.0,96.0,7.45,14.75,13.95,44.15,6.48,1.0,7.6,0.0,0.0,NA,0.0,0.0,0.0,29.68,90.75,0.33,154.0,0.0,0.0,9.0,986.5,NA
2026-08-05 04:00:00,15.0,70.0,7.58,16.4,14.93,43.18,6.33,1.0,8.08,1.33,0.15,NA,0.0,0.0,0.0,29.7,90.75,0.33,154.0,0.0,0.0,9.0,986.75,NA
2026-08-05 05:00:00,34.0,109.0,9.4,16.2,16.28,47.1,6.3,1.08,13.05,0.0,0.03,NA,0.0,0.0,0.0,29.73,91.0,0.33,154.75,0.0,0.0,9.25,987.75,NA
2026-08-05 06:00:00,14.0,68.0,7.05,19.78,16.23,48.9,6.28,1.12,15.43,4.75,0.03,NA,0.0,0.0,0.0,29.78,91.0,0.3,155.25,0.0,0.0,20.5,988.0,NA
2026-08-05 07:00:00,28.0,95.0,6.63,18.2,15.0,48.23,6.38,1.21,7.9,0.0,0.2,NA,0.0,0.03,0.0,30.0,90.25,0.35,157.0,0.25,1.0,30.5,987.75,NA
2026-08-05 08:00:00,28.0,95.0,6.98,18.45,15.43,49.43,6.93,1.32,9.13,0.0,0.08,NA,0.0,0.03,0.0,29.95,90.25,0.5,156.25,0.13,0.5,107.25,987.5,NA
2026-08-05 09:00:00,28.0,95.0,7.93,21.05,17.65,46.1,6.75,1.31,5.9,0.0,0.05,NA,0.0,0.05,0.0,31.2,86.0,0.35,167.75,0.0,0.0,198.75,986.75,NA
2026-08-05 10:00:00,32.0,104.0,8.23,20.18,17.43,41.0,7.23,1.25,7.0,0.0,0.18,NA,0.05,0.08,0.0,32.78,77.0,0.85,182.5,0.0,0.0,319.25,986.0,NA
2026-08-05 11:00:00,57.0,154.0,6.45,15.43,13.5,41.6,6.98,1.06,7.48,0.0,0.5,NA,0.15,0.18,0.0,34.1,71.0,0.75,194.75,0.0,0.0,373.5,986.25,NA
2026-08-05 12:00:00,26.0,93.0,6.38,16.43,13.93,45.48,7.15,1.21,7.75,0.0,0.7,NA,0.63,0.83,0.0,33.35,73.5,0.33,187.75,0.0,0.0,162.0,987.0,NA
2026-08-05 13:00:00,53.0,146.0,7.35,15.93,14.35,45.38,7.03,1.36,8.7,0.0,0.43,NA,0.53,0.4,0.0,33.15,74.25,0.8,185.75,0.0,0.0,199.0,987.75,NA
2026-08-05 14:00:00,17.0,74.0,6.5,14.9,13.25,45.9,7.28,1.24,29.78,0.0,0.18,NA,0.28,0.33,0.0,34.53,65.5,1.33,198.5,0.0,0.0,455.5,988.25,NA
2026-08-05 15:00:00,46.0,132.0,6.48,24.3,18.22,44.45,6.93,1.14,14.8,0.0,0.35,NA,0.3,0.28,0.0,35.7,58.5,0.95,209.75,0.0,0.0,409.0,988.0,NA
2026-08-05 16:00:00,62.0,163.0,5.78,29.47,20.38,48.85,7.48,1.15,5.3,0.0,0.6,NA,0.4,0.4,0.0,35.98,58.75,0.78,212.25,0.0,0.0,265.75,988.0,NA
2026-08-05 17:00:00,61.0,162.0,5.3,26.4,18.38,49.0,7.13,1.14,20.1,0.0,2.18,NA,0.4,0.63,0.0,35.58,59.75,0.73,208.5,0.0,0.0,146.0,988.0,NA
2026-08-05 18:00:00,48.0,137.0,7.5,26.75,20.4,41.98,7.18,1.26,6.82,0.0,2.88,NA,0.85,0.95,0.0,33.48,67.75,1.5,189.0,0.0,0.0,80.75,987.0,NA
2026-08-05 19:00:00,58.0,156.0,5.88,33.23,22.55,33.95,7.85,1.4,8.63,0.0,2.38,NA,1.13,1.9,0.0,32.25,69.25,0.38,178.0,0.0,0.0,14.0,987.0,NA
2026-08-05 20:00:00,60.0,159.0,4.07,36.83,22.85,40.43,8.85,1.76,5.55,0.05,4.85,NA,2.05,2.7,0.0,31.8,72.75,0.4,173.75,0.0,0.0,9.0,986.75,NA
2026-08-05 21:00:00,86.0,211.0,6.38,38.2,25.47,48.28,10.0,2.1,7.35,0.1,5.88,NA,2.85,3.63,0.0,31.65,75.5,0.35,172.5,0.0,0.0,9.0,987.5,NA
2026-08-05 22:00:00,72.0,183.0,6.13,33.9,22.98,50.2,9.8,2.04,4.38,0.03,3.3,NA,2.43,3.3,0.0,31.6,77.25,0.35,171.75,0.0,0.0,9.0,988.0,NA
2026-08-05 23:00:00,76.0,191.0,12.1,36.13,28.83,50.25,9.88,1.95,3.7,0.0,1.7,NA,2.05,2.48,0.0,31.43,81.0,0.38,170.25,0.0,0.0,9.0,988.0,NA
2026-08-06 00:00:00,87.0,214.0,8.03,21.2,17.83,55.4,9.9,1.28,8.98,0.0,1.75,NA,2.13,2.55,0.0,30.48,83.5,1.25,161.5,3.63,14.5,9.0,988.0,NA
2026-08-06 01:00:00,18.0,75.0,4.23,21.2,14.78,46.95,7.6,0.99,8.75,0.0,0.9,NA,0.4,0.48,0.0,28.95,91.5,0.73,147.5,0.88,3.5,8.5,988.0,NA
2026-08-06 02:00:00,11.0,62.0,7.1,23.0,18.05,41.68,7.45,0.96,7.93,0.0,0.85,NA,0.33,0.45,0.0,29.35,90.25,0.63,151.25,0.0,0.0,8.0,988.0,NA
2026-08-06 03:00:00,12.0,64.0,5.1,21.63,15.65,43.45,7.25,0.94,11.68,0.0,1.85,NA,0.48,0.53,0.1,29.42,89.5,0.65,151.75,0.0,0.0,8.0,988.0,NA
2026-08-06 04:00:00,2.0,45.0,5.43,20.53,15.23,40.93,6.45,0.93,9.95,0.0,1.15,NA,0.23,0.35,0.0,29.2,88.5,0.78,150.0,0.0,0.0,8.75,988.0,NA
2026-08-06 05:00:00,6.0,51.0,5.63,16.2,13.2,36.83,6.1,0.98,9.88,0.0,0.85,NA,0.18,0.3,0.0,29.13,88.75,0.68,149.0,0.0,0.0,9.0,988.0,NA
2026-08-06 06:00:00,6.0,52.0,5.45,15.58,12.78,45.45,5.63,1.04,7.55,0.0,0.6,NA,0.13,0.25,0.0,29.15,89.0,0.98,148.75,0.0,0.0,16.5,988.0,NA
2026-08-06 07:00:00,10.0,60.0,6.43,17.6,14.65,47.3,4.63,1.2,6.65,0.0,0.38,NA,0.13,0.2,0.0,29.25,89.25,0.43,150.0,0.0,0.0,21.0,988.0,NA
2026-08-06 08:00:00,16.0,73.0,5.65,19.68,15.08,48.3,5.35,1.35,7.43,0.0,0.63,NA,0.33,0.53,0.0,28.93,90.0,0.58,147.25,0.5,2.0,19.75,988.0,NA
2026-08-06 09:00:00,19.0,78.0,4.43,17.35,12.8,46.95,6.5,1.21,8.55,0.0,0.85,NA,0.33,0.53,0.0,28.5,92.0,0.45,143.75,2.5,10.0,28.25,987.75,NA
2026-08-06 10:00:00,14.0,68.0,5.8,16.2,13.35,39.2,6.98,1.27,7.23,0.0,1.1,NA,0.33,0.6,0.0,28.68,92.0,0.3,145.0,0.25,1.0,36.25,988.0,NA
2026-08-06 11:00:00,12.0,64.0,5.2,23.18,16.55,46.2,7.03,1.37,9.05,0.08,1.3,NA,0.73,1.18,0.0,28.73,92.25,0.45,145.25,3.88,15.5,30.0,988.0,NA
2026-08-06 12:00:00,9.0,58.0,5.43,16.35,13.1,46.4,7.08,1.1,8.95,0.0,1.05,NA,0.48,0.78,0.0,28.58,92.0,0.38,143.75,0.5,2.0,86.25,988.0,NA
2026-08-06 13:00:00,8.0,57.0,4.45,20.83,14.65,45.73,7.08,1.29,8.13,0.0,0.95,NA,0.48,1.03,0.3,29.13,91.25,0.63,149.0,0.13,0.5,86.5,988.25,NA
2026-08-06 14:00:00,3.0,46.0,4.7,13.75,11.2,46.28,6.63,1.12,8.25,0.0,1.45,NA,0.48,0.75,0.0,29.2,90.5,0.8,149.75,0.13,0.5,99.75,988.25,NA
2026-08-06 15:00:00,2.0,43.0,5.45,14.1,11.98,49.25,5.85,1.12,4.7,0.0,0.5,NA,0.28,0.35,0.0,29.9,88.5,0.85,156.0,0.0,0.0,165.0,988.0,NA
2026-08-06 16:00:00,NA,41.0,3.6,13.2,9.98,47.3,6.1,1.17,4.43,0.0,1.05,NA,0.28,0.58,0.18,31.0,83.5,0.88,166.75,0.0,0.0,183.75,988.0,NA
2026-08-06 17:00:00,6.0,52.0,4.0,12.93,10.13,46.8,6.5,1.14,12.25,0.0,1.73,NA,NA,NA,NA,30.3,84.5,1.35,159.75,0.0,0.0,69.0,988.0,NA
2026-08-06 18:00:00,10.0,60.0,4.15,14.68,11.15,40.05,6.5,1.14,9.3,0.0,1.35,NA,NA,NA,NA,29.58,86.5,0.78,153.0,0.0,0.0,33.0,987.5,NA
2026-08-06 19:00:00,20.0,79.0,3.3,17.2,11.8,44.65,6.55,1.26,8.68,0.0,1.0,NA,NA,NA,NA,29.18,88.0,0.98,149.25,0.0,0.0,10.5,988.0,NA
2026-08-06 20:00:00,22.0,85.0,3.9,20.15,13.9,42.25,6.6,1.43,8.25,0.0,0.9,NA,NA,NA,NA,29.0,89.75,0.5,148.0,0.0,0.0,9.0,988.0,NA
2026-08-06 21:00:00,42.0,124.0,6.4,16.48,14.03,42.35,7.25,1.33,8.85,0.0,1.03,NA,NA,NA,NA,29.03,90.0,0.35,148.25,0.0,0.0,9.0,988.25,NA
2026-08-06 22:00:00,17.0,74.0,6.0,13.9,12.3,49.83,6.75,1.32,7.63,0.0,0.93,NA,NA,NA,NA,28.98,91.0,0.38,147.75,0.0,0.0,9.0,988.0,NA
2026-08-06 23:00:00,16.0,71.0,5.58,18.08,14.18,47.98,6.13,1.15,5.95,0.0,0.9,NA,NA,NA,NA,28.9,91.0,0.38,147.0,0.0,0.0,9.0,988.0,NA
2026-08-07 00:00:00,14.0,69.0,7.13,17.03,14.9,48.4,5.33,1.08,6.05,0.0,0.73,NA,NA,NA,NA,28.9,92.0,0.3,147.0,0.0,0.0,9.0,988.0,NA
2026-08-07 01:00:00,12.0,65.0,7.17,15.67,14.27,49.07,5.23,1.07,7.68,0.0,0.73,NA,NA,NA,NA,28.88,92.0,0.33,146.75,0.0,0.0,8.25,987.5,NA
2026-08-07 02:00:00,20.0,79.0,5.18,12.38,10.83,38.78,5.98,1.04,7.63,0.0,1.2,NA,NA,NA,NA,28.88,92.5,0.5,146.75,1.5,6.0,5.0,987.0,NA
2026-08-07 03:00:00,12.0,64.0,7.63,17.45,15.45,46.7,6.33,1.02,7.55,0.0,1.03,NA,NA,NA,NA,28.88,93.0,0.33,146.75,0.0,0.0,3.75,987.5,NA
2026-08-07 04:00:00,4.0,48.0,8.88,14.03,14.75,47.38,6.1,1.03,8.08,0.0,0.78,NA,NA,NA,NA,28.9,93.0,0.48,147.0,0.0,0.0,5.0,988.0,NA
2026-08-07 05:00:00,8.0,57.0,7.78,14.68,14.2,38.25,5.9,1.06,9.15,0.0,0.67,NA,NA,NA,NA,28.85,92.75,0.68,146.5,0.0,0.0,5.25,988.0,NA
2026-08-07 06:00:00,NA,41.0,9.33,13.98,15.08,44.95,5.63,1.21,7.4,0.0,0.63,NA,NA,NA,NA,28.95,92.75,0.88,147.5,0.0,0.0,24.5,988.0,NA
2026-08-07 07:00:00,19.0,78.0,10.1,16.5,16.98,47.83,5.73,1.42,5.88,0.0,0.78,NA,NA,NA,NA,29.15,91.5,1.28,149.5,0.0,0.0,53.5,988.0,NA
2026-08-07 08:00:00,20.0,80.0,9.2,13.5,14.63,48.7,6.15,1.49,5.98,0.0,0.88,NA,NA,NA,NA,29.48,90.0,1.25,152.25,0.0,0.0,75.5,988.0,NA
2026-08-07 09:00:00,25.0,90.0,6.13,15.6,13.33,47.3,6.35,1.45,8.15,0.0,1.05,NA,NA,NA,NA,30.2,86.25,1.53,159.0,0.0,0.0,117.25,988.0,NA
2026-08-07 10:00:00,8.0,56.0,6.93,10.23,11.13,41.93,6.78,1.3,8.17,0.0,1.03,NA,NA,NA,NA,30.0,86.5,1.1,157.25,0.25,1.0,73.25,987.5,NA
2026-08-07 11:00:00,34.0,109.0,7.05,14.95,13.7,43.1,7.48,1.33,6.3,0.0,1.28,NA,NA,NA,NA,29.7,89.5,1.28,154.5,6.0,24.0,47.5,987.5,NA
2026-08-07 12:00:00,4.0,49.0,5.98,11.15,10.88,47.43,7.0,1.19,12.98,0.0,2.13,NA,NA,NA,NA,28.98,92.75,0.93,147.5,6.13,24.5,15.25,988.0,NA
2026-08-07 13:00:00,1.0,42.0,6.48,11.18,11.27,47.18,6.6,1.19,8.38,0.0,2.25,NA,NA,NA,NA,29.18,93.0,0.58,149.5,2.25,9.0,32.5,987.75,NA
2026-08-07 14:00:00,31.0,102.0,6.03,13.1,11.93,48.13,6.4,1.21,7.88,0.0,1.93,NA,NA,NA,NA,29.23,93.0,0.78,150.25,2.25,9.0,17.0,988.0,NA
2026-08-07 15:00:00,NA,25.0,4.88,13.35,11.13,46.8,6.33,1.18,7.98,0.0,0.95,NA,NA,NA,NA,29.2,93.0,0.73,150.0,0.25,1.0,34.25,988.0,NA
2026-08-07 16:00:00,NA,25.0,7.55,14.73,14.02,45.83,6.05,1.33,7.47,0.0,0.93,NA,NA,NA,NA,29.3,93.0,1.13,151.0,0.25,1.0,35.5,988.0,NA
2026-08-07 17:00:00,36.0,113.0,5.4,15.65,12.75,48.35,6.85,1.35,9.05,0.0,0.9,NA,NA,NA,NA,29.13,93.0,1.3,149.25,1.13,4.5,13.5,988.5,NA
2026-08-07 18:00:00,NA,NA,5.13,13.4,11.3,45.67,6.3,1.32,7.98,0.0,0.93,NA,NA,NA,NA,28.9,93.25,1.08,147.0,1.25,5.0,6.25,988.0,NA
2026-08-07 19:00:00,67.0,NA,5.9,16.55,13.65,45.43,6.7,1.41,8.18,0.0,1.28,NA,NA,NA,NA,28.9,94.0,0.45,147.0,1.5,6.0,5.25,988.0,NA
2026-08-07 20:00:00,18.0,31.0,6.93,22.95,17.7,49.9,7.1,1.64,7.93,0.0,1.42,NA,NA,NA,NA,28.95,94.0,0.7,147.5,0.13,0.5,6.0,988.0,NA
2026-08-07 21:00:00,35.0,62.0,6.05,17.58,14.23,52.08,6.98,1.45,7.73,0.0,1.63,NA,NA,NA,NA,29.03,93.75,0.48,148.0,0.0,0.0,6.0,988.25,NA
2026-08-07 22:00:00,42.0,73.0,5.5,12.48,11.18,55.75,6.93,1.35,7.25,0.0,1.18,NA,NA,NA,NA,29.0,93.75,0.33,148.0,0.0,0.0,6.0,989.0,NA
2026-08-07 23:00:00,NA,NA,7.23,19.83,16.47,55.45,6.73,1.31,8.2,0.0,1.1,NA,NA,NA,NA,28.9,93.75,0.35,147.25,1.38,5.5,6.75,988.25,NA
2026-08-08 00:00:00,NA,NA,7.05,20.65,16.8,55.18,6.65,1.25,8.2,0.0,1.18,NA,NA,NA,NA,28.8,94.0,0.3,146.0,0.25,1.0,6.0,988.0,NA
2026-08-08 01:00:00,NA,NA,9.05,18.78,17.28,53.7,6.98,1.22,8.15,0.0,0.85,NA,NA,NA,NA,28.9,94.0,0.3,147.0,0.0,0.0,5.5,988.0,NA
2026-08-08 02:00:00,NA,NA,6.88,18.78,15.65,48.6,6.83,1.17,8.03,0.0,1.0,NA,NA,NA,NA,28.98,93.25,0.38,147.75,0.5,2.0,5.5,988.0,NA
2026-08-08 03:00:00,38.0,66.0,9.0,19.33,17.57,50.2,6.77,1.14,7.5,0.0,0.93,NA,NA,NA,NA,28.9,94.0,0.3,147.0,2.33,7.0,5.67,988.0,NA
2026-08-08 04:00:00,7.0,13.0,8.68,15.02,15.05,51.85,6.38,1.13,7.7,0.0,0.85,NA,NA,NA,NA,29.03,94.0,0.3,148.25,0.0,0.0,5.0,988.0,NA
2026-08-08 05:00:00,46.0,81.0,7.3,15.1,13.95,42.95,6.58,1.21,7.85,0.0,1.47,NA,NA,NA,NA,29.18,93.25,0.75,149.75,0.0,0.0,5.5,988.25,NA
2026-08-08 06:00:00,44.0,77.0,8.7,20.75,18.08,54.05,6.48,1.35,7.63,0.0,0.98,NA,NA,NA,NA,29.38,93.0,0.5,150.75,0.0,0.0,29.5,989.0,NA
2026-08-08 07:00:00,NA,NA,8.92,15.43,15.45,54.22,6.9,1.38,8.3,0.0,1.08,NA,NA,NA,NA,30.0,91.75,0.67,157.25,0.0,0.0,135.0,989.0,NA
2026-08-08 08:00:00,7.0,13.0,7.6,15.33,14.4,52.8,6.9,1.39,8.2,0.0,1.2,NA,NA,NA,NA,31.3,87.0,1.43,168.75,0.0,0.0,235.75,989.0,NA
2026-08-08 09:00:00,16.0,28.0,7.08,15.92,14.3,53.18,7.38,1.41,8.03,0.0,1.72,NA,NA,NA,NA,31.93,84.0,0.63,174.75,0.0,0.0,171.5,989.0,NA
2026-08-08 10:00:00,5.5,40.5,7.6,16.0,14.7,50.53,8.08,1.42,8.33,0.0,1.83,NA,NA,NA,NA,32.5,80.5,1.38,180.0,0.0,0.0,193.25,988.0,NA
2026-08-08 11:00:00,45.0,61.0,6.48,15.45,13.5,42.6,7.55,1.31,11.7,0.0,2.23,NA,NA,NA,NA,33.95,74.25,1.38,193.25,0.0,0.0,477.0,988.0,NA
2026-08-08 12:00:00,58.0,68.0,5.08,11.13,10.1,40.3,7.33,1.18,5.13,0.03,3.25,NA,NA,NA,NA,34.9,67.75,1.43,202.25,0.0,0.0,479.0,988.0,NA
2026-08-08 13:00:00,63.0,73.0,3.7,9.6,8.1,41.08,5.63,1.11,13.93,0.0,2.18,NA,NA,NA,NA,33.73,72.5,1.03,191.25,0.0,0.0,249.25,988.0,NA
2026-08-08 14:00:00,NA,NA,5.15,11.6,10.35,42.45,5.78,0.71,12.58,0.0,1.45,NA,NA,NA,NA,35.5,65.25,1.0,207.5,0.0,0.0,348.75,989.0,NA
2026-08-08 15:00:00,NA,45.0,5.25,14.0,11.73,42.98,5.93,0.74,4.83,0.0,1.63,NA,NA,NA,NA,31.5,83.75,0.95,171.25,0.38,1.5,60.75,989.0,NA
2026-08-08 16:00:00,NA,31.0,5.93,12.05,11.35,42.0,5.9,0.76,5.5,0.0,1.45,NA,NA,NA,NA,31.73,86.0,0.4,173.25,0.0,0.0,134.75,989.0,NA
2026-08-08 17:00:00,7.0,34.0,5.75,14.53,12.4,41.7,5.85,0.83,11.98,0.0,1.72,NA,NA,NA,NA,30.63,86.5,0.9,163.0,0.63,2.5,21.25,989.0,NA
2026-08-08 18:00:00,NA,14.0,7.2,22.8,18.0,37.95,6.3,1.01,6.03,0.0,2.38,NA,NA,NA,NA,29.85,90.0,0.3,155.75,0.0,0.0,13.0,988.0,NA
2026-08-08 19:00:00,NA,NA,11.25,25.48,22.7,36.88,7.63,1.5,6.3,0.0,3.83,NA,NA,NA,NA,29.93,90.5,0.3,156.25,0.0,0.0,7.75,988.0,NA
2026-08-08 20:00:00,50.0,52.0,8.48,26.23,20.8,39.22,8.13,1.72,7.73,0.03,2.75,NA,NA,NA,NA,29.8,91.0,0.3,155.0,0.0,0.0,7.0,988.0,NA
2026-08-08 21:00:00,56.0,86.0,38.78,28.1,46.4,36.78,9.95,2.49,6.3,0.08,3.58,NA,NA,NA,NA,29.83,91.75,0.3,155.25,0.0,0.0,7.0,988.0,NA
2026-08-08 22:00:00,NA,NA,34.65,37.63,48.1,40.93,12.28,3.08,12.68,0.05,6.18,NA,NA,NA,NA,29.9,92.0,0.3,156.25,0.0,0.0,8.0,989.0,NA
2026-08-08 23:00:00,NA,117.0,24.03,45.13,43.55,44.8,13.05,2.15,8.68,0.0,6.3,NA,NA,NA,NA,29.93,92.0,0.3,156.5,0.0,0.0,8.0,989.0,NA
2026-08-09 00:00:00,20.0,81.0,22.05,38.88,38.58,41.4,10.53,1.3,6.65,0.0,2.95,NA,NA,NA,NA,29.83,92.0,0.3,155.25,0.0,0.0,8.0,989.0,NA
2026-08-09 01:00:00,NA,84.0,23.4,28.45,34.1,40.53,8.88,1.19,7.48,0.0,2.38,NA,NA,NA,NA,29.78,92.0,0.3,154.75,0.0,0.0,8.0,989.0,NA
2026-08-09 02:00:00,NA,67.0,19.45,29.98,31.73,38.18,9.05,0.98,5.95,0.0,2.38,NA,NA,NA,NA,29.8,92.0,0.3,155.25,0.0,0.0,8.0,988.0,NA
2026-08-09 03:00:00,NA,88.0,14.98,20.63,23.1,37.38,8.83,0.94,5.9,0.0,3.55,NA,NA,NA,NA,29.8,92.0,0.3,155.5,0.0,0.0,8.0,988.0,NA
2026-08-09 04:00:00,NA,84.0,12.53,15.25,18.3,37.9,8.55,0.93,6.25,0.0,4.75,NA,NA,NA,NA,29.8,92.0,0.3,155.0,0.0,0.0,8.0,988.0,NA
2026-08-09 05:00:00,NA,86.0,16.28,12.75,19.95,39.05,8.2,0.97,6.3,0.0,2.95,NA,NA,NA,NA,29.83,92.0,0.3,155.5,0.0,0.0,8.0,988.0,NA
2026-08-09 06:00:00,NA,91.0,11.63,9.08,14.35,40.05,8.2,1.07,12.08,0.0,2.0,NA,NA,NA,NA,29.95,92.0,0.3,156.75,0.0,0.0,32.25,989.0,NA
2026-08-09 07:00:00,NA,66.0,10.55,17.18,17.78,43.98,8.35,1.04,8.0,0.05,1.5,NA,NA,NA,NA,30.9,89.75,0.43,165.25,0.0,0.0,138.25,989.0,NA
2026-08-09 08:00:00,NA,107.0,9.05,24.93,20.6,45.95,8.85,1.06,7.65,0.0,2.0,NA,NA,NA,NA,32.38,82.75,0.48,178.75,0.0,0.0,277.25,989.25,NA
2026-08-09 09:00:00,NA,85.0,5.0,18.55,14.0,45.1,8.85,0.9,7.98,0.0,1.4,NA,NA,NA,NA,33.63,75.25,0.83,190.75,0.0,0.0,337.75,989.0,NA
2026-08-09 10:00:00,NA,56.0,6.38,22.9,17.25,43.53,7.93,0.78,6.58,0.0,0.88,NA,NA,NA,NA,34.28,71.75,0.83,196.25,0.0,0.0,441.0,988.25,NA
2026-08-09 11:00:00,NA,73.0,4.73,13.6,11.08,41.03,7.88,0.77,4.23,0.0,0.9,NA,NA,NA,NA,35.38,64.75,1.08,206.75,0.0,0.0,521.75,988.0,NA
2026-08-09 12:00:00,NA,72.0,3.3,10.85,8.48,39.2,6.65,0.73,7.08,0.0,0.88,NA,NA,NA,NA,35.75,61.5,0.7,210.0,0.0,0.0,476.5,988.0,NA
2026-08-09 13:00:00,NA,64.0,4.65,9.75,9.0,39.75,6.7,0.7,8.83,0.0,0.98,NA,NA,NA,NA,36.9,57.5,0.8,220.5,0.0,0.0,608.75,988.0,NA
2026-08-09 14:00:00,NA,39.0,4.75,27.5,18.43,42.15,6.98,0.77,12.48,0.0,6.05,NA,NA,NA,NA,37.35,55.0,0.6,224.5,0.0,0.0,460.0,989.0,NA
2026-08-09 15:00:00,NA,39.0,6.07,27.63,19.63,41.98,6.83,0.71,9.3,0.63,0.88,NA,NA,NA,NA,37.0,55.0,0.45,221.75,0.0,0.0,275.25,989.0,NA
2026-08-09 16:00:00,NA,51.0,5.15,23.53,16.7,41.75,6.4,0.72,6.85,0.0,1.15,NA,NA,NA,NA,35.8,59.75,0.48,210.0,0.0,0.0,176.0,989.0,NA
2026-08-09 17:00:00,NA,78.0,6.25,14.9,13.08,41.78,5.68,0.8,6.45,0.0,0.95,NA,NA,NA,NA,33.78,70.0,0.3,191.75,0.0,0.0,64.25,989.0,NA
2026-08-09 18:00:00,NA,42.0,6.05,15.35,13.1,40.93,5.95,0.76,7.13,0.0,0.95,NA,NA,NA,NA,33.5,71.25,0.3,189.5,0.0,0.0,45.25,988.25,NA
2026-08-09 19:00:00,NA,77.0,6.78,14.48,13.25,38.88,5.98,0.97,3.05,0.0,1.23,NA,NA,NA,NA,32.4,76.75,0.3,179.5,0.0,0.0,10.5,988.0,NA
2026-08-09 20:00:00,NA,168.0,7.43,16.25,14.7,39.3,8.15,1.72,5.28,0.0,2.5,NA,NA,NA,NA,31.8,82.0,0.3,173.25,0.0,0.0,9.0,988.0,NA
2026-08-09 21:00:00,NA,161.0,8.33,20.23,17.6,39.85,9.9,1.77,7.43,0.0,2.6,NA,NA,NA,NA,31.68,82.5,0.3,172.5,0.0,0.0,9.0,988.0,NA
2026-08-09 22:00:00,NA,139.0,11.95,13.75,16.95,41.18,10.13,1.86,15.58,0.0,2.48,NA,NA,NA,NA,31.3,84.75,0.3,169.25,0.0,0.0,9.0,988.75,NA
2026-08-09 23:00:00,NA,99.0,11.7,19.73,19.93,44.33,9.5,1.61,10.63,0.0,1.83,NA,NA,NA,NA,31.1,85.5,0.3,167.25,0.0,0.0,9.0,989.0,NA
2026-08-10 00:00:00,NA,108.0,15.2,35.0,30.92,43.85,9.0,1.49,9.13,0.0,1.75,NA,NA,NA,NA,30.85,87.0,0.3,165.0,0.0,0.0,9.0,989.0,NA
2026-08-10 01:00:00,NA,116.0,19.65,41.38,38.03,41.0,9.75,1.46,9.73,0.0,1.98,NA,NA,NA,NA,30.73,87.0,0.3,163.75,0.0,0.0,9.0,989.0,NA
2026-08-10 02:00:00,NA,122.0,14.03,46.18,35.98,41.45,9.88,1.27,6.45,0.0,2.0,NA,NA,NA,NA,30.75,87.0,0.3,164.0,0.0,0.0,9.0,988.25,NA
2026-08-10 03:00:00,NA,124.0,13.93,35.18,29.95,39.93,9.4,1.16,6.35,0.0,1.88,NA,NA,NA,NA,30.63,87.5,0.3,162.75,0.0,0.0,9.0,988.0,NA
2026-08-10 04:00:00,NA,124.0,17.9,37.68,34.55,40.05,9.75,1.14,7.7,0.0,1.73,NA,NA,NA,NA,30.5,88.5,0.3,162.0,0.0,0.0,9.0,988.0,NA
2026-08-10 05:00:00,NA,121.0,11.4,32.13,26.38,41.05,9.98,1.08,9.7,0.0,1.8,NA,NA,NA,NA,30.48,89.0,0.3,161.5,0.0,0.0,9.25,988.0,NA
2026-08-10 06:00:00,NA,111.0,9.1,14.18,14.93,45.28,10.08,1.07,14.0,0.18,1.33,NA,NA,NA,NA,30.5,89.25,0.35,162.0,0.0,0.0,34.0,989.0,NA
2026-08-10 07:00:00,NA,112.0,8.52,11.73,13.25,45.15,9.5,1.1,10.55,0.0,1.03,NA,NA,NA,NA,31.7,85.25,0.8,172.75,0.0,0.0,181.0,989.0,NA
2026-08-10 08:00:00,NA,70.0,7.3,17.5,15.25,44.85,9.25,1.01,10.8,0.0,0.93,NA,NA,NA,NA,33.53,73.75,0.9,189.75,0.0,0.0,348.0,989.0,NA
2026-08-10 09:00:00,NA,73.0,8.15,44.6,30.33,47.2,8.08,0.91,9.45,0.0,0.75,NA,NA,NA,NA,34.1,71.0,0.65,194.75,0.0,0.0,350.5,989.0,NA
2026-08-10 10:00:00,NA,79.0,8.48,39.38,27.9,44.33,8.05,0.93,9.95,0.0,0.9,NA,NA,NA,NA,35.2,66.5,1.05,205.0,0.0,0.0,554.75,988.5,NA
2026-08-10 11:00:00,18.0,52.0,6.27,23.7,17.78,45.95,7.38,0.86,10.0,0.0,0.9,NA,NA,NA,NA,35.28,64.5,1.0,205.5,0.0,0.0,464.25,988.0,NA
2026-08-10 12:00:00,83.0,110.0,5.55,20.35,15.28,46.85,7.28,0.86,11.23,1.38,1.03,NA,NA,NA,NA,35.1,64.75,0.88,203.75,0.0,0.0,263.0,988.0,NA
2026-08-10 13:00:00,58.0,95.0,6.15,18.4,14.8,45.35,7.13,0.76,10.88,1.95,0.75,NA,NA,NA,NA,35.68,61.25,0.75,209.25,0.0,0.0,393.5,988.0,NA
2026-08-10 14:00:00,NA,NA,4.05,14.13,10.83,45.95,6.75,0.75,11.0,0.0,0.68,NA,NA,NA,NA,32.73,73.75,2.93,182.0,0.63,2.5,102.0,989.0,NA
2026-08-10 15:00:00,NA,28.0,5.1,11.78,10.48,44.2,6.3,0.68,10.78,0.0,0.6,NA,NA,NA,NA,28.9,90.75,1.6,147.0,2.0,8.0,33.25,989.0,NA
2026-08-10 16:00:00,NA,38.0,5.73,14.88,12.63,44.13,6.23,0.78,10.23,0.0,1.05,NA,NA,NA,NA,29.33,91.5,0.73,150.75,0.0,0.0,45.5,989.0,NA
2026-08-10 17:00:00,9.0,20.0,4.48,20.43,14.52,44.23,6.3,0.86,10.33,0.0,0.95,NA,NA,NA,NA,29.58,91.0,0.65,153.0,0.13,0.5,36.5,989.0,NA
2026-08-10 18:00:00,28.0,55.0,6.5,18.13,14.93,42.33,6.85,0.91,9.55,0.0,3.53,NA,NA,NA,NA,29.75,91.0,0.33,154.75,0.0,0.0,15.5,988.25,NA
2026-08-10 19:00:00,53.0,55.0,4.5,18.68,13.6,41.45,7.3,1.03,7.83,0.0,3.1,NA,NA,NA,NA,29.88,90.25,0.48,156.0,0.0,0.0,6.25,988.0,NA
2026-08-10 20:00:00,52.0,69.0,6.82,15.48,13.78,40.58,7.6,1.12,11.45,0.0,5.65,NA,NA,NA,NA,29.85,90.0,0.4,156.0,0.0,0.0,6.25,988.0,NA
2026-08-10 21:00:00,NA,NA,5.35,17.98,14.0,40.55,7.45,1.24,9.13,0.0,1.78,NA,NA,NA,NA,30.0,89.5,0.38,157.0,0.0,0.0,7.0,988.0,NA
2026-08-10 22:00:00,46.0,70.0,8.0,29.3,22.03,44.28,7.8,1.35,11.33,0.0,1.8,NA,NA,NA,NA,29.92,90.25,0.35,156.25,0.0,0.0,7.0,988.75,NA
2026-08-10 23:00:00,NA,57.0,9.15,33.43,25.2,45.8,7.95,1.17,10.1,0.0,1.68,NA,NA,NA,NA,29.9,91.0,0.5,156.25,0.0,0.0,7.75,989.0,NA
2026-08-11 00:00:00,NA,68.0,8.95,19.35,17.6,43.85,7.38,1.03,8.03,0.0,1.3,NA,NA,NA,NA,29.95,91.0,0.68,157.0,0.0,0.0,8.0,989.0,NA
2026-08-11 01:00:00,29.0,80.0,8.55,17.2,16.0,44.5,7.48,1.0,10.7,0.0,1.35,NA,NA,NA,NA,29.8,91.25,0.4,155.0,0.0,0.0,8.0,989.0,NA
2026-08-11 02:00:00,7.0,38.0,5.98,19.05,15.08,43.3,8.05,0.82,10.1,0.0,1.08,NA,NA,NA,NA,29.6,90.5,0.4,153.5,0.0,0.0,8.0,988.25,NA
2026-08-11 03:00:00,35.0,40.0,6.65,13.65,12.73,40.1,7.75,0.77,10.08,0.0,0.98,NA,NA,NA,NA,29.7,90.0,0.4,154.0,0.0,0.0,8.75,988.0,NA
2026-08-11 04:00:00,NA,NA,4.15,12.53,10.15,41.28,7.23,0.75,9.7,0.0,1.28,NA,NA,NA,NA,29.63,89.75,0.38,154.0,0.0,0.0,9.0,988.0,NA
2026-08-11 05:00:00,40.0,42.0,6.68,14.85,13.43,42.73,7.35,0.79,9.98,0.0,0.85,NA,NA,NA,NA,29.75,90.0,0.38,154.75,0.0,0.0,9.0,988.0,NA
2026-08-11 06:00:00,40.0,52.0,7.3,16.73,14.83,44.93,7.23,0.93,10.83,0.0,0.9,NA,NA,NA,NA,29.7,90.0,0.33,154.5,0.0,0.0,22.5,988.75,NA
2026-08-11 07:00:00,NA,59.0,9.45,21.2,18.97,43.43,7.3,0.99,9.9,0.0,1.05,NA,NA,NA,NA,29.93,89.75,0.33,156.5,0.0,0.0,44.5,989.0,NA
2026-08-11 08:00:00,NA,78.0,8.45,23.9,19.68,45.58,8.03,1.12,8.83,0.58,1.23,NA,NA,NA,NA,30.35,88.75,0.3,160.5,0.0,0.0,58.5,989.0,NA
2026-08-11 09:00:00,31.0,91.0,6.2,21.23,16.33,44.68,8.08,1.19,10.15,0.0,1.2,NA,NA,NA,NA,30.5,88.0,0.3,162.0,0.0,0.0,47.0,989.0,NA
2026-08-11 10:00:00,29.0,88.0,5.63,21.38,15.88,44.93,8.83,1.26,9.0,0.0,1.33,NA,NA,NA,NA,30.38,88.75,0.35,160.75,0.0,0.0,19.0,988.5,NA
2026-08-11 11:00:00,50.0,121.0,8.48,16.0,15.33,42.95,8.33,1.27,7.78,0.0,2.35,NA,NA,NA,NA,30.08,90.25,0.55,157.75,0.5,2.0,21.25,988.0,NA
2026-08-11 12:00:00,72.0,90.0,9.28,8.73,12.15,42.05,7.9,1.16,8.13,0.0,1.23,NA,NA,NA,NA,29.98,91.25,0.7,157.0,0.5,2.0,57.5,988.0,NA
2026-08-11 13:00:00,67.0,107.0,7.33,8.75,10.58,38.53,7.73,1.02,8.25,0.0,1.13,NA,NA,NA,NA,30.75,88.75,1.1,163.75,0.0,0.0,177.25,988.0,NA
2026-08-11 14:00:00,35.0,42.0,6.2,8.9,9.8,NA,7.8,0.94,12.58,0.0,0.78,NA,NA,NA,NA,31.83,83.75,0.95,174.0,0.0,0.0,232.25,988.75,NA
2026-08-11 15:00:00,64.0,109.0,5.55,4.95,7.1,41.0,8.8,1.14,11.15,0.0,0.68,NA,NA,NA,NA,32.88,78.5,0.7,183.5,0.0,0.0,215.0,989.25,NA
2026-08-11 16:00:00,NA,78.0,7.05,5.43,8.58,37.5,10.0,1.23,8.0,0.0,1.2,NA,NA,NA,NA,32.97,78.25,0.75,184.5,0.0,0.0,175.5,989.0,NA
2026-08-11 17:00:00,3.0,64.0,7.5,6.6,9.58,37.2,10.2,1.25,11.03,0.0,1.28,NA,NA,NA,NA,33.03,76.75,0.6,185.25,0.0,0.0,107.25,989.0,NA
2026-08-11 18:00:00,3.0,68.0,6.9,9.23,10.5,36.33,10.0,1.28,11.5,0.0,2.08,NA,NA,NA,NA,31.63,82.25,0.58,172.0,0.0,0.0,36.5,988.5,NA
2026-08-11 19:00:00,22.0,101.0,7.28,9.1,10.78,35.1,10.2,1.41,6.3,0.0,2.85,NA,NA,NA,NA,30.88,85.5,0.3,165.0,0.0,0.0,9.75,988.0,NA
2026-08-11 20:00:00,58.0,102.0,5.53,9.23,9.43,34.53,10.58,1.49,10.53,0.0,2.98,NA,NA,NA,NA,30.6,87.0,0.33,162.5,0.0,0.0,9.0,988.0,NA
2026-08-11 21:00:00,28.0,98.0,6.75,7.82,9.6,33.95,10.43,1.5,10.08,0.0,1.38,NA,NA,NA,NA,30.33,88.25,0.48,160.25,0.0,0.0,9.0,988.0,NA
2026-08-11 22:00:00,30.0,91.0,7.15,9.6,10.93,34.23,10.7,1.66,11.95,0.0,1.2,NA,NA,NA,NA,30.18,89.5,0.38,158.75,0.0,0.0,9.0,988.75,NA
2026-08-11 23:00:00,34.0,110.0,9.03,18.95,17.38,35.4,10.9,1.81,10.7,0.0,1.6,NA,NA,NA,NA,30.1,90.75,0.3,158.0,0.0,0.0,9.0,989.75,NA
2026-08-12 00:00:00,12.0,143.0,11.73,25.58,23.08,35.43,11.5,1.9,9.63,0.0,2.38,NA,NA,NA,NA,30.03,90.25,0.3,157.75,0.0,0.0,9.0,989.0,NA
2026-08-12 01:00:00,27.0,146.0,13.65,27.08,25.5,35.1,12.35,1.92,9.85,0.0,2.58,NA,NA,NA,NA,29.98,90.75,0.3,157.25,0.0,0.0,9.0,989.0,NA
2026-08-12 02:00:00,23.0,124.0,16.28,30.23,29.25,34.5,12.33,1.72,8.95,0.0,2.13,NA,NA,NA,NA,29.98,91.0,0.3,156.75,0.0,0.0,9.0,988.5,NA
2026-08-12 03:00:00,29.0,153.0,13.28,16.08,19.35,33.98,12.03,1.59,7.35,0.0,3.55,NA,NA,NA,NA,29.95,91.0,0.33,157.0,0.0,0.0,9.0,988.0,NA
2026-08-12 04:00:00,79.0,134.0,11.35,11.08,15.08,33.7,12.0,1.4,11.45,0.0,5.08,NA,NA,NA,NA,29.6,91.0,0.33,153.75,0.0,0.0,9.0,988.0,NA
2026-08-12 05:00:00,38.0,97.0,9.83,11.83,14.25,33.28,11.53,1.35,10.55,0.0,2.48,NA,NA,NA,NA,29.4,91.0,0.33,152.0,0.0,0.0,9.25,988.0,NA
2026-08-12 06:00:00,28.0,93.0,10.75,21.63,20.28,33.78,10.88,1.43,10.77,0.0,1.23,NA,NA,NA,NA,29.38,91.0,0.3,151.25,0.0,0.0,24.0,988.75,NA
2026-08-12 07:00:00,14.0,81.0,11.25,17.48,18.43,34.53,11.1,1.56,9.98,0.0,0.95,NA,NA,NA,NA,30.15,89.25,0.48,158.5,0.0,0.0,173.5,989.0,NA
2026-08-12 08:00:00,2.0,87.0,8.13,8.35,11.08,34.88,11.38,1.54,9.83,0.0,1.8,NA,NA,NA,NA,32.35,78.5,0.58,179.0,0.0,0.0,395.5,989.0,NA
2026-08-12 09:00:00,23.0,106.0,7.4,9.95,11.3,34.78,11.43,1.51,9.88,0.0,0.88,NA,NA,NA,NA,34.03,70.75,0.73,194.0,0.0,0.0,485.5,989.0,NA
2026-08-12 10:00:00,33.0,118.0,7.63,10.95,12.0,34.65,11.48,1.48,10.75,0.0,1.53,NA,NA,NA,NA,35.75,62.0,0.95,210.0,0.0,0.0,643.25,988.5,NA
2026-08-12 11:00:00,31.0,141.0,6.45,9.18,10.15,35.08,11.45,1.41,9.68,0.0,3.9,NA,NA,NA,NA,36.83,58.25,0.63,220.0,0.0,0.0,681.25,988.0,NA
2026-08-12 12:00:00,73.0,134.0,6.73,8.8,10.18,34.5,11.15,1.37,11.98,0.0,2.35,NA,NA,NA,NA,36.58,58.0,0.83,217.75,0.0,0.0,681.5,988.0,NA
2026-08-12 13:00:00,70.0,148.0,6.88,9.5,10.6,33.95,10.95,1.34,12.9,0.0,2.48,NA,NA,NA,NA,37.0,56.25,0.88,221.5,0.0,0.0,598.5,988.0,NA
2026-08-12 14:00:00,62.0,140.0,6.1,9.35,9.95,34.7,10.73,1.38,14.08,0.0,1.93,NA,NA,NA,NA,37.4,55.0,0.9,225.0,0.0,0.0,516.75,988.5,NA
2026-08-12 15:00:00,68.0,98.0,6.38,9.6,10.28,34.93,10.73,1.33,13.05,0.0,2.05,NA,NA,NA,NA,37.03,55.0,0.53,221.5,0.0,0.0,320.0,989.0,NA
2026-08-12 16:00:00,24.0,139.0,5.98,9.5,9.93,33.63,10.58,1.33,7.3,0.0,2.23,NA,NA,NA,NA,36.75,57.0,0.5,219.0,0.0,0.0,210.0,989.0,NA
2026-08-12 17:00:00,18.0,114.0,6.1,8.58,9.55,33.88,10.5,1.39,11.98,1.43,1.68,NA,NA,NA,NA,35.9,60.0,0.4,211.25,0.0,0.0,104.0,989.0,NA
2026-08-12 18:00:00,45.0,125.0,6.38,13.7,12.45,34.05,10.28,1.48,14.7,5.58,1.75,NA,NA,NA,NA,34.2,66.25,0.4,195.75,0.0,0.0,57.75,988.5,NA
2026-08-12 19:00:00,23.0,134.0,7.3,13.53,13.13,34.2,10.65,1.56,8.0,0.0,1.83,NA,NA,NA,NA,33.0,74.5,0.3,184.75,0.0,0.0,10.5,988.0,NA
2026-08-12 20:00:00,114.0,203.0,6.75,14.3,13.13,34.03,11.13,1.85,5.43,0.0,1.88,NA,NA,NA,NA,32.45,80.25,0.3,179.75,0.0,0.0,9.0,988.0,NA
2026-08-12 21:00:00,114.0,206.0,7.05,13.75,13.0,33.3,11.48,1.98,8.3,7.4,1.72,NA,NA,NA,NA,32.13,81.75,0.3,176.75,0.0,0.0,9.0,988.0,NA
2026-08-12 22:00:00,124.0,255.0,7.75,10.43,11.83,34.78,11.93,2.13,13.93,0.0,2.28,NA,NA,NA,NA,32.13,81.25,0.3,177.25,0.0,0.0,9.0,988.5,NA
2026-08-12 23:00:00,125.0,198.0,7.25,13.25,12.95,35.98,12.5,1.98,13.48,0.0,2.53,NA,NA,NA,NA,31.95,80.25,0.3,175.0,0.0,0.0,9.0,989.0,NA
2026-08-13 00:00:00,NA,158.0,9.03,23.35,19.8,34.85,12.1,1.78,8.95,0.0,1.6,NA,NA,NA,NA,31.6,82.75,0.3,171.75,0.0,0.0,9.0,989.0,NA
2026-08-13 01:00:00,33.0,185.0,9.05,25.83,21.05,34.65,11.88,1.8,8.28,12.2,1.55,NA,NA,NA,NA,31.5,83.75,0.3,171.0,0.0,0.0,9.0,989.0,NA
2026-08-13 02:00:00,34.0,178.0,16.0,25.75,26.63,34.15,12.38,1.79,9.73,6.6,1.58,NA,NA,NA,NA,31.53,84.25,0.35,171.25,0.0,0.0,9.0,988.5,NA
2026-08-13 03:00:00,27.0,196.0,8.73,15.35,15.28,33.75,12.8,1.48,9.1,4.77,2.28,NA,NA,NA,NA,31.38,82.0,0.85,169.75,0.0,0.0,9.0,987.75,NA
2026-08-13 04:00:00,66.0,147.0,8.35,14.2,14.35,33.15,12.38,1.37,11.45,0.0,1.8,NA,NA,NA,NA,31.1,81.5,0.68,167.25,0.0,0.0,9.0,987.5,NA
2026-08-13 05:00:00,59.0,124.0,7.58,15.15,14.2,33.25,12.13,1.36,8.88,0.0,1.95,NA,NA,NA,NA,30.88,83.25,0.65,164.75,0.0,0.0,9.25,988.0,NA
2026-08-13 06:00:00,66.0,146.0,9.18,20.93,18.58,33.68,12.25,1.5,12.25,0.0,1.98,NA,NA,NA,NA,30.78,82.75,0.6,164.5,0.0,0.0,30.25,988.5,NA
2026-08-13 07:00:00,61.0,114.0,11.0,20.93,20.08,34.4,12.6,1.66,10.1,0.0,1.95,NA,NA,NA,NA,31.53,81.0,0.7,171.25,0.0,0.0,144.25,989.0,NA
2026-08-13 08:00:00,NA,126.0,9.05,12.15,13.83,34.95,12.7,1.7,9.53,10.9,1.55,NA,NA,NA,NA,32.93,74.0,0.73,184.0,0.0,0.0,344.5,989.0,NA
2026-08-13 09:00:00,33.0,141.0,8.85,14.83,15.08,34.25,12.68,1.75,9.98,10.2,1.68,NA,NA,NA,NA,34.53,67.75,0.9,198.75,0.0,0.0,460.75,989.0,NA
2026-08-13 10:00:00,31.0,153.0,7.2,12.15,12.33,35.85,13.65,1.57,10.18,5.98,2.13,NA,NA,NA,NA,36.53,58.25,0.65,217.25,0.0,0.0,586.0,988.75,NA
2026-08-13 11:00:00,23.0,126.0,7.4,9.83,11.28,35.08,12.8,1.42,12.75,10.48,1.15,NA,NA,NA,NA,36.25,58.5,0.7,214.25,0.0,0.0,398.0,988.0,NA
2026-08-13 12:00:00,38.0,125.0,6.85,9.28,10.53,34.03,11.63,1.33,13.85,2.05,1.3,NA,NA,NA,NA,36.88,55.5,0.48,220.75,0.0,0.0,570.0,988.25,NA
2026-08-13 13:00:00,35.0,120.0,7.05,10.5,11.28,34.18,11.18,1.38,NA,3.5,1.85,NA,NA,NA,NA,35.0,64.0,1.38,202.75,2.25,9.0,116.0,989.0,NA
2026-08-13 14:00:00,51.0,170.0,6.88,11.78,11.85,34.95,10.75,1.46,5.78,0.0,1.35,NA,NA,NA,NA,30.23,90.25,1.13,159.5,1.63,6.5,28.75,989.5,NA
2026-08-13 15:00:00,47.0,60.0,7.0,14.65,13.48,34.6,11.55,1.59,7.63,0.0,4.38,NA,NA,NA,NA,29.9,90.0,0.65,156.25,0.0,0.0,34.25,989.25,NA
2026-08-13 16:00:00,11.0,74.0,7.93,15.6,14.73,34.28,12.63,1.7,5.78,0.0,8.03,NA,NA,NA,NA,30.53,87.75,0.8,162.0,0.0,0.0,39.75,988.25,NA
2026-08-13 17:00:00,6.0,84.0,8.1,20.63,17.58,35.2,14.28,2.05,7.65,0.0,11.53,NA,NA,NA,NA,30.8,87.5,0.33,164.75,0.0,0.0,36.5,989.5,NA
2026-08-13 18:00:00,39.0,114.0,8.53,22.53,18.93,33.9,14.58,2.47,4.67,0.0,12.43,NA,NA,NA,NA,30.83,88.0,0.3,164.75,0.0,0.0,25.5,988.0,NA
2026-08-13 19:00:00,30.0,165.0,12.9,27.43,25.03,33.83,15.98,3.4,2.07,0.0,8.88,NA,NA,NA,NA,30.85,89.25,0.3,164.5,0.0,0.0,10.0,987.0,NA
2026-08-13 20:00:00,145.0,239.0,27.43,22.65,34.4,33.98,19.15,4.95,4.3,0.0,15.2,NA,NA,NA,NA,30.88,89.0,0.33,165.0,0.0,0.0,9.0,987.0,NA
2026-08-13 21:00:00,162.0,240.0,21.45,20.3,28.23,34.38,22.78,5.33,4.9,0.33,22.65,NA,NA,NA,NA,30.9,89.0,0.3,165.5,0.0,0.0,9.0,986.75,NA
2026-08-13 22:00:00,195.0,226.0,24.05,25.08,32.85,34.8,23.83,5.27,5.48,0.0,23.95,NA,NA,NA,NA,30.88,89.5,0.3,165.0,0.0,0.0,9.0,987.25,NA
2026-08-13 23:00:00,161.0,189.0,20.8,23.05,29.15,36.05,23.3,4.46,17.85,0.0,17.58,NA,NA,NA,NA,30.65,90.0,0.3,163.25,0.0,0.0,9.0,989.0,NA
2026-08-14 00:00:00,NA,167.0,17.88,23.1,26.8,35.85,20.4,3.66,6.65,0.0,9.43,NA,NA,NA,NA,30.6,90.5,0.3,163.0,0.0,0.0,9.5,988.0,NA
2026-08-14 01:00:00,42.0,169.0,19.48,23.45,28.28,36.0,19.55,3.55,6.38,0.0,10.35,NA,NA,NA,NA,30.65,91.0,0.3,163.25,0.0,0.0,9.25,988.0,NA
2026-08-14 02:00:00,45.0,162.0,12.0,21.5,21.2,35.83,18.88,2.68,7.32,0.0,6.53,NA,NA,NA,NA,30.73,90.75,0.3,164.25,0.0,0.0,9.25,988.0,NA
2026-08-14 03:00:00,14.0,158.0,13.65,22.6,23.1,34.03,17.48,1.93,2.5,0.0,4.25,NA,NA,NA,NA,30.9,90.0,0.3,165.5,0.0,0.0,9.0,987.0,NA
2026-08-14 04:00:00,79.0,151.0,11.88,19.78,20.18,32.93,16.28,1.72,3.33,0.0,3.2,NA,NA,NA,NA,30.9,89.25,0.35,165.5,0.0,0.0,9.0,987.0,NA
2026-08-14 05:00:00,91.0,129.0,10.5,18.28,18.28,32.85,16.88,1.57,4.88,0.0,3.35,NA,NA,NA,NA,30.83,89.0,0.35,165.0,0.0,0.0,9.0,987.0,NA
2026-08-14 06:00:00,123.0,132.0,10.15,13.15,15.23,33.3,16.43,1.62,5.78,0.0,2.23,NA,NA,NA,NA,30.93,88.5,0.65,165.75,0.0,0.0,27.5,987.5,NA
2026-08-14 07:00:00,NA,NA,11.45,11.7,15.5,34.4,16.5,1.78,16.1,0.0,2.03,NA,NA,NA,NA,31.23,86.75,0.85,168.25,0.0,0.0,57.5,989.0,NA
2026-08-14 08:00:00,NA,107.0,10.0,11.73,14.38,34.93,15.38,1.73,7.18,0.0,1.7,NA,NA,NA,NA,31.55,84.0,1.65,171.25,0.0,0.0,110.25,989.0,NA
2026-08-14 09:00:00,NA,112.0,8.83,13.15,14.18,34.18,15.03,1.7,6.88,0.0,1.68,NA,NA,NA,NA,31.65,83.0,1.3,172.5,0.0,0.0,106.0,989.0,NA
2026-08-14 10:00:00,19.0,123.0,9.6,15.6,16.2,34.4,14.3,1.74,6.1,0.0,1.5,NA,NA,NA,NA,31.8,83.0,0.7,173.0,0.0,0.0,105.0,989.0,NA
2026-08-14 11:00:00,NA,NA,NA,NA,NA,NA,NA,NA,NA,NA,NA,NA,NA,NA,NA,NA,NA,NA,NA,NA,NA,NA,NA,NA
2026-08-14 12:00:00,NA,NA,NA,NA,NA,NA,NA,NA,NA,NA,NA,NA,NA,NA,NA,NA,NA,NA,NA,NA,NA,NA,NA,NA
2026-08-14 13:00:00,NA,NA,NA,NA,NA,NA,NA,NA,NA,NA,NA,NA,NA,NA,NA,NA,NA,NA,NA,NA,NA,NA,NA,NA
2026-08-14 14:00:00,NA,NA,NA,NA,NA,NA,NA,NA,NA,NA,NA,NA,NA,NA,NA,NA,NA,NA,NA,NA,NA,NA,NA,NA
2026-08-14 15:00:00,NA,NA,NA,NA,NA,NA,NA,NA,NA,NA,NA,NA,NA,NA,NA,NA,NA,NA,NA,NA,NA,NA,NA,NA
2026-08-14 16:00:00,NA,NA,NA,NA,NA,NA,NA,NA,NA,NA,NA,NA,NA,NA,NA,NA,NA,NA,NA,NA,NA,NA,NA,NA
2026-08-14 17:00:00,NA,NA,NA,NA,NA,NA,NA,NA,NA,NA,NA,NA,NA,NA,NA,NA,NA,NA,NA,NA,NA,NA,NA,NA
2026-08-14 18:00:00,NA,NA,NA,NA,NA,NA,NA,NA,NA,NA,NA,NA,NA,NA,NA,NA,NA,NA,NA,NA,NA,NA,NA,NA
2026-08-14 19:00:00,NA,NA,NA,NA,NA,NA,NA,NA,NA,NA,NA,NA,NA,NA,NA,NA,NA,NA,NA,NA,NA,NA,NA,NA
2026-08-14 20:00:00,NA,NA,NA,NA,NA,NA,NA,NA,NA,NA,NA,NA,NA,NA,NA,NA,NA,NA,NA,NA,NA,NA,NA,NA
2026-08-14 21:00:00,NA,NA,NA,NA,NA,NA,NA,NA,NA,NA,NA,NA,NA,NA,NA,NA,NA,NA,NA,NA,NA,NA,NA,NA
2026-08-14 22:00:00,NA,NA,NA,NA,NA,NA,NA,NA,NA,NA,NA,NA,NA,NA,NA,NA,NA,NA,NA,NA,NA,NA,NA,NA
2026-08-14 23:00:00,NA,NA,NA,NA,NA,NA,NA,NA,NA,NA,NA,NA,NA,NA,NA,NA,NA,NA,NA,NA,NA,NA,NA,NA
2026-08-15 00:00:00,NA,NA,NA,NA,NA,NA,NA,NA,NA,NA,NA,NA,NA,NA,NA,NA,NA,NA,NA,NA,NA,NA,NA,NA
2026-08-15 01:00:00,NA,NA,NA,NA,NA,NA,NA,NA,NA,NA,NA,NA,NA,NA,NA,NA,NA,NA,NA,NA,NA,NA,NA,NA
2026-08-15 02:00:00,NA,NA,NA,NA,NA,NA,NA,NA,NA,NA,NA,NA,NA,NA,NA,NA,NA,NA,NA,NA,NA,NA,NA,NA
2026-08-15 03:00:00,NA,NA,NA,NA,NA,NA,NA,NA,NA,NA,NA,NA,NA,NA,NA,NA,NA,NA,NA,NA,NA,NA,NA,NA
2026-08-15 04:00:00,NA,NA,NA,NA,NA,NA,NA,NA,NA,NA,NA,NA,NA,NA,NA,NA,NA,NA,NA,NA,NA,NA,NA,NA
2026-08-15 05:00:00,NA,NA,NA,NA,NA,NA,NA,NA,NA,NA,NA,NA,NA,NA,NA,NA,NA,NA,NA,NA,NA,NA,NA,NA
2026-08-15 06:00:00,NA,NA,NA,NA,NA,NA,NA,NA,NA,NA,NA,NA,NA,NA,NA,NA,NA,NA,NA,NA,NA,NA,NA,NA
2026-08-15 07:00:00,NA,NA,NA,NA,NA,NA,NA,NA,NA,NA,NA,NA,NA,NA,NA,NA,NA,NA,NA,NA,NA,NA,NA,NA
2026-08-15 08:00:00,NA,NA,NA,NA,NA,NA,NA,NA,NA,NA,NA,NA,NA,NA,NA,NA,NA,NA,NA,NA,NA,NA,NA,NA
2026-08-15 09:00:00,NA,NA,NA,NA,NA,NA,NA,NA,NA,NA,NA,NA,NA,NA,NA,NA,NA,NA,NA,NA,NA,NA,NA,NA
2026-08-15 10:00:00,NA,NA,NA,NA,NA,NA,NA,NA,NA,NA,NA,NA,NA,NA,NA,NA,NA,NA,NA,NA,NA,NA,NA,NA
2026-08-15 11:00:00,NA,NA,NA,NA,NA,NA,NA,NA,NA,NA,NA,NA,NA,NA,NA,NA,NA,NA,NA,NA,NA,NA,NA,NA
2026-08-15 12:00:00,NA,NA,NA,NA,NA,NA,NA,NA,NA,NA,NA,NA,NA,NA,NA,NA,NA,NA,NA,NA,NA,NA,NA,NA
2026-08-15 13:00:00,NA,NA,NA,NA,NA,NA,NA,NA,NA,NA,NA,NA,NA,NA,NA,NA,NA,NA,NA,NA,NA,NA,NA,NA
2026-08-15 14:00:00,NA,NA,NA,NA,NA,NA,NA,NA,NA,NA,NA,NA,NA,NA,NA,NA,NA,NA,NA,NA,NA,NA,NA,NA
2026-08-15 15:00:00,NA,NA,NA,NA,NA,NA,NA,NA,NA,NA,NA,NA,NA,NA,NA,NA,NA,NA,NA,NA,NA,NA,NA,NA
2026-08-15 16:00:00,NA,NA,NA,NA,NA,NA,NA,NA,NA,NA,NA,NA,NA,NA,NA,NA,NA,NA,NA,NA,NA,NA,NA,NA
2026-08-15 17:00:00,NA,NA,NA,NA,NA,NA,NA,NA,NA,NA,NA,NA,NA,NA,NA,NA,NA,NA,NA,NA,NA,NA,NA,NA
2026-08-15 18:00:00,NA,NA,NA,NA,NA,NA,NA,NA,NA,NA,NA,NA,NA,NA,NA,NA,NA,NA,NA,NA,NA,NA,NA,NA
2026-08-15 19:00:00,NA,NA,NA,NA,NA,NA,NA,NA,NA,NA,NA,NA,NA,NA,NA,NA,NA,NA,NA,NA,NA,NA,NA,NA
2026-08-15 20:00:00,NA,NA,NA,NA,NA,NA,NA,NA,NA,NA,NA,NA,NA,NA,NA,NA,NA,NA,NA,NA,NA,NA,NA,NA
2026-08-15 21:00:00,NA,NA,NA,NA,NA,NA,NA,NA,NA,NA,NA,NA,NA,NA,NA,NA,NA,NA,NA,NA,NA,NA,NA,NA
2026-08-15 22:00:00,NA,NA,NA,NA,NA,NA,NA,NA,NA,NA,NA,NA,NA,NA,NA,NA,NA,NA,NA,NA,NA,NA,NA,NA
2026-08-15 23:00:00,NA,NA,NA,NA,NA,NA,NA,NA,NA,NA,NA,NA,NA,NA,NA,NA,NA,NA,NA,NA,NA,NA,NA,NA
2026-08-16 00:00:00,NA,NA,NA,NA,NA,NA,NA,NA,NA,NA,NA,NA,NA,NA,NA,NA,NA,NA,NA,NA,NA,NA,NA,NA
2026-08-16 01:00:00,NA,NA,NA,NA,NA,NA,NA,NA,NA,NA,NA,NA,NA,NA,NA,NA,NA,NA,NA,NA,NA,NA,NA,NA
2026-08-16 02:00:00,NA,NA,NA,NA,NA,NA,NA,NA,NA,NA,NA,NA,NA,NA,NA,NA,NA,NA,NA,NA,NA,NA,NA,NA
2026-08-16 03:00:00,NA,NA,NA,NA,NA,NA,NA,NA,NA,NA,NA,NA,NA,NA,NA,NA,NA,NA,NA,NA,NA,NA,NA,NA
2026-08-16 04:00:00,NA,NA,NA,NA,NA,NA,NA,NA,NA,NA,NA,NA,NA,NA,NA,NA,NA,NA,NA,NA,NA,NA,NA,NA
2026-08-16 05:00:00,NA,NA,NA,NA,NA,NA,NA,NA,NA,NA,NA,NA,NA,NA,NA,NA,NA,NA,NA,NA,NA,NA,NA,NA
2026-08-16 06:00:00,NA,NA,NA,NA,NA,NA,NA,NA,NA,NA,NA,NA,NA,NA,NA,NA,NA,NA,NA,NA,NA,NA,NA,NA
2026-08-16 07:00:00,NA,NA,NA,NA,NA,NA,NA,NA,NA,NA,NA,NA,NA,NA,NA,NA,NA,NA,NA,NA,NA,NA,NA,NA
2026-08-16 08:00:00,NA,NA,NA,NA,NA,NA,NA,NA,NA,NA,NA,NA,NA,NA,NA,NA,NA,NA,NA,NA,NA,NA,NA,NA
2026-08-16 09:00:00,NA,NA,NA,NA,NA,NA,NA,NA,NA,NA,NA,NA,NA,NA,NA,NA,NA,NA,NA,NA,NA,NA,NA,NA
2026-08-16 10:00:00,NA,NA,NA,NA,NA,NA,NA,NA,NA,NA,NA,NA,NA,NA,NA,NA,NA,NA,NA,NA,NA,NA,NA,NA
2026-08-16 11:00:00,NA,NA,NA,NA,NA,NA,NA,NA,NA,NA,NA,NA,NA,NA,NA,NA,NA,NA,NA,NA,NA,NA,NA,NA
2026-08-16 12:00:00,NA,NA,NA,NA,NA,NA,NA,NA,NA,NA,NA,NA,NA,NA,NA,NA,NA,NA,NA,NA,NA,NA,NA,NA
2026-08-16 13:00:00,NA,NA,NA,NA,NA,NA,NA,NA,NA,NA,NA,NA,NA,NA,NA,NA,NA,NA,NA,NA,NA,NA,NA,NA
2026-08-16 14:00:00,NA,NA,NA,NA,NA,NA,NA,NA,NA,NA,NA,NA,NA,NA,NA,NA,NA,NA,NA,NA,NA,NA,NA,NA
2026-08-16 15:00:00,NA,NA,NA,NA,NA,NA,NA,NA,NA,NA,NA,NA,NA,NA,NA,NA,NA,NA,NA,NA,NA,NA,NA,NA
2026-08-16 16:00:00,18.0,207.0,7.17,12.3,12.37,33.33,7.43,0.68,4.57,0.0,1.03,NA,NA,NA,NA,34.27,64.67,1.27,196.33,0.0,0.0,149.0,989.0,NA
2026-08-16 17:00:00,11.0,187.0,7.98,15.65,14.88,33.3,7.38,0.71,7.78,8.25,1.3,NA,NA,NA,NA,33.78,67.0,1.0,191.75,0.0,0.0,92.25,989.0,NA
2026-08-16 18:00:00,17.0,211.0,7.73,20.68,17.2,34.85,7.75,0.78,7.43,2.13,1.93,NA,NA,NA,NA,33.18,70.0,0.65,186.5,0.0,0.0,36.0,989.25,NA
2026-08-16 19:00:00,14.0,240.0,11.02,26.53,22.93,34.25,7.48,0.89,6.98,4.38,2.95,NA,NA,NA,NA,32.55,73.75,0.4,180.75,0.0,0.0,11.0,988.25,NA
2026-08-16 20:00:00,69.0,272.0,10.2,28.23,23.25,34.15,8.0,1.11,6.2,9.08,4.08,NA,NA,NA,NA,32.18,76.75,0.3,177.25,0.0,0.0,9.0,988.0,NA
2026-08-16 21:00:00,83.0,282.0,12.48,32.05,27.13,33.8,9.88,1.4,5.2,0.0,4.83,NA,NA,NA,NA,32.0,78.75,0.3,175.5,0.0,0.0,9.0,988.0,NA
2026-08-16 22:00:00,68.0,265.0,11.55,34.78,27.9,33.65,10.15,1.24,7.25,4.65,5.18,NA,NA,NA,NA,31.98,80.0,0.3,175.0,0.0,0.0,9.0,988.0,NA
2026-08-16 23:00:00,103.0,281.0,9.55,28.85,23.08,35.78,9.78,1.08,9.38,8.2,4.73,NA,NA,NA,NA,31.83,80.5,0.38,174.0,0.0,0.0,9.0,989.75,NA
2026-08-17 00:00:00,NA,211.0,9.3,22.28,19.38,36.18,9.18,0.35,7.0,0.0,2.55,NA,NA,NA,NA,32.03,78.5,0.63,176.0,0.0,0.0,9.0,989.75,NA
2026-08-17 01:00:00,NA,189.0,7.88,20.65,17.38,36.03,7.75,0.03,6.98,0.0,1.43,NA,NA,NA,NA,31.88,78.75,0.88,174.25,0.0,0.0,9.0,989.25,NA
2026-08-17 02:00:00,18.0,172.0,8.75,12.68,13.9,36.75,7.0,NA,7.73,0.0,1.0,NA,NA,NA,NA,31.53,78.5,1.35,171.25,0.0,0.0,9.0,989.0,NA
2026-08-17 03:00:00,7.0,145.0,8.67,12.4,13.63,36.0,6.6,NA,7.25,0.0,0.83,NA,NA,NA,NA,31.25,79.0,1.45,168.75,0.0,0.0,9.0,988.25,NA
2026-08-17 04:00:00,50.0,145.0,6.85,12.03,12.05,35.85,6.13,NA,7.43,0.0,0.85,NA,NA,NA,NA,30.98,79.0,1.18,165.75,0.0,0.0,9.0,988.25,NA
2026-08-17 05:00:00,27.0,132.0,6.23,12.83,11.85,35.68,5.53,NA,7.2,0.0,0.73,NA,NA,NA,NA,30.73,79.25,1.08,163.75,0.0,0.0,9.25,988.5,NA
2026-08-17 06:00:00,22.0,134.0,9.17,17.27,16.73,36.13,5.43,NA,7.08,0.0,0.65,NA,NA,NA,NA,30.68,80.0,0.83,163.25,0.0,0.0,34.0,988.5,NA
2026-08-17 07:00:00,50.0,179.0,10.73,16.75,17.68,37.72,5.7,NA,7.1,0.0,0.8,NA,NA,NA,NA,30.93,80.0,1.03,165.5,0.0,0.0,101.0,989.75,NA
2026-08-17 08:00:00,NA,165.0,9.73,12.9,14.83,38.33,6.15,0.13,7.13,0.0,0.85,NA,NA,NA,NA,31.7,75.0,1.6,172.75,0.0,0.0,268.75,989.25,NA
2026-08-17 09:00:00,17.0,171.0,10.0,11.3,14.15,37.13,5.83,0.08,7.45,0.0,0.7,NA,NA,NA,NA,32.4,70.75,1.8,179.5,0.0,0.0,288.5,989.0,NA
2026-08-17 10:00:00,13.0,187.0,8.53,14.55,14.7,38.1,5.95,0.08,7.45,0.0,1.13,NA,NA,NA,NA,33.58,66.0,1.43,190.0,0.0,0.0,456.5,989.0,NA
2026-08-17 11:00:00,16.0,174.0,8.08,15.17,14.7,36.85,5.88,0.06,7.55,0.0,1.73,NA,NA,NA,NA,35.13,59.5,1.48,204.5,0.0,0.0,614.25,988.25,NA
2026-08-17 12:00:00,41.0,173.0,8.45,11.03,12.78,35.95,5.75,0.01,8.05,NA,NA,NA,NA,NA,NA,35.7,57.25,1.55,209.75,0.0,0.0,607.0,988.0,NA
2026-08-17 13:00:00,34.0,199.0,6.8,12.03,11.95,36.08,5.18,NA,8.3,NA,NA,NA,NA,NA,NA,36.05,55.25,1.6,212.75,0.0,0.0,552.25,988.0,NA
2026-08-17 14:00:00,42.0,172.0,6.43,11.85,11.58,35.6,5.23,NA,8.13,NA,NA,NA,NA,NA,NA,36.75,53.0,1.38,219.25,0.0,0.0,530.75,988.0,NA
2026-08-17 15:00:00,45.0,172.0,7.2,13.05,12.85,37.28,5.15,0.04,8.3,NA,NA,NA,NA,NA,NA,36.43,54.0,1.15,216.0,0.0,0.0,276.0,989.75,NA
2026-08-17 16:00:00,NA,161.0,7.93,14.23,14.0,37.15,5.0,0.0,8.13,0.25,1.0,NA,NA,NA,NA,35.75,55.5,1.23,209.75,0.0,0.0,169.5,989.25,NA
2026-08-17 17:00:00,8.0,189.0,8.38,17.2,15.97,35.95,5.2,0.03,7.98,2.35,1.73,NA,NA,NA,NA,35.25,56.5,1.35,205.25,0.0,0.0,95.5,989.0,NA
2026-08-17 18:00:00,18.0,193.0,8.25,19.9,17.28,36.6,5.38,0.26,7.78,0.0,2.05,NA,NA,NA,NA,34.08,61.25,0.9,194.25,0.0,0.0,32.5,989.0,NA
2026-08-17 19:00:00,23.0,221.0,9.08,32.55,24.75,36.53,5.9,0.61,7.88,0.23,3.03,NA,NA,NA,NA,33.35,64.75,0.58,188.5,0.0,0.0,10.0,988.25,NA
2026-08-17 20:00:00,84.0,272.0,8.45,29.78,22.78,35.88,6.48,0.71,6.6,3.83,3.75,NA,NA,NA,NA,33.13,66.5,0.7,185.5,0.0,0.0,9.0,988.0,NA
2026-08-17 21:00:00,91.0,259.0,10.05,26.43,22.23,35.73,7.38,0.79,6.78,0.0,3.38,NA,NA,NA,NA,32.95,67.75,0.67,184.0,0.0,0.0,9.0,988.0,NA
2026-08-17 22:00:00,56.0,234.0,10.18,23.95,20.98,35.85,6.7,0.54,7.75,0.0,3.05,NA,NA,NA,NA,32.65,69.0,1.05,181.5,0.0,0.0,9.0,988.0,NA
2026-08-17 23:00:00,NA,184.0,9.05,19.73,17.85,37.08,6.23,0.43,7.6,0.0,1.8,NA,NA,NA,NA,32.45,69.0,1.38,179.5,0.0,0.0,9.0,989.5,NA
2026-08-18 00:00:00,NA,160.0,7.7,15.6,14.6,32.95,6.0,0.33,7.3,0.0,1.4,NA,NA,NA,NA,32.2,70.0,1.2,177.0,0.0,0.0,9.0,990.0,NA
2026-08-18 01:00:00,NA,NA,7.1,16.85,12.4,33.63,11.88,1.51,7.33,0.0,1.07,NA,NA,NA,NA,31.7,72.25,1.55,172.5,0.0,0.0,10.0,988.0,NA
2026-08-18 02:00:00,NA,NA,9.1,20.43,18.28,37.33,18.23,1.62,7.2,0.0,0.93,NA,NA,NA,NA,31.28,73.5,1.55,169.25,0.0,0.0,10.0,988.0,NA
2026-08-18 03:00:00,13.0,128.0,7.88,15.4,14.6,37.23,18.35,1.61,7.33,0.0,0.88,NA,NA,NA,NA,31.05,75.0,1.03,167.0,0.0,0.0,10.0,987.0,NA
2026-08-18 04:00:00,40.0,154.0,7.98,15.18,14.63,36.15,19.35,1.48,7.2,0.0,1.25,NA,NA,NA,NA,30.93,76.0,0.73,165.75,0.0,0.0,10.0,986.5,NA
2026-08-18 05:00:00,23.0,145.0,9.58,18.38,17.6,35.68,19.48,1.33,7.33,0.0,0.98,NA,NA,NA,NA,30.68,77.0,1.28,163.0,0.0,0.0,10.0,986.25,NA
2026-08-18 06:00:00,41.0,154.0,8.17,19.25,16.9,35.6,19.35,1.28,7.28,0.0,1.25,NA,NA,NA,NA,30.48,78.0,1.3,161.5,0.0,0.0,22.75,987.0,NA
2026-08-18 07:00:00,23.0,160.0,10.75,18.23,18.43,35.85,18.35,1.34,7.13,0.0,1.28,NA,NA,NA,NA,30.63,78.75,1.0,162.75,0.0,0.0,50.25,987.75,NA
2026-08-18 08:00:00,NA,173.0,10.55,19.25,18.8,36.55,17.68,1.36,7.25,0.0,1.58,NA,NA,NA,NA,30.75,77.5,1.13,164.25,0.0,0.0,92.75,988.0,NA
2026-08-18 09:00:00,9.0,188.0,11.25,15.63,17.43,35.7,17.7,1.24,7.73,0.0,1.3,NA,NA,NA,NA,32.75,68.75,1.33,182.5,0.0,0.0,414.75,988.0,NA
2026-08-18 10:00:00,17.0,190.0,7.53,12.77,12.93,36.3,15.4,0.91,7.95,0.0,0.95,NA,NA,NA,NA,35.28,57.5,1.38,205.5,0.0,0.0,640.25,988.0,NA
2026-08-18 11:00:00,1.0,165.0,7.6,11.58,12.33,35.9,10.43,0.77,8.18,NA,1.63,NA,NA,NA,NA,35.9,54.5,1.25,211.0,0.0,0.0,564.5,987.0,NA
2026-08-18 12:00:00,44.0,192.0,8.2,12.9,13.55,34.88,10.3,0.75,9.33,NA,3.1,NA,NA,NA,NA,34.8,58.25,1.2,201.5,0.0,0.0,288.25,987.0,NA
2026-08-18 13:00:00,52.0,184.0,7.9,14.53,14.2,35.17,9.93,0.86,9.17,0.3,2.97,NA,NA,NA,NA,34.13,61.33,1.77,195.0,0.0,0.0,189.0,987.33,NA
2026-08-18 14:00:00,27.0,195.0,7.33,13.5,13.2,34.83,9.75,0.76,8.5,0.13,1.88,NA,NA,NA,NA,35.5,55.75,1.35,207.75,0.0,0.0,365.25,987.25,NA
2026-08-18 15:00:00,35.0,209.0,7.3,12.6,12.68,35.18,9.48,0.73,8.83,0.1,1.7,NA,NA,NA,NA,35.03,56.5,1.18,203.25,0.0,0.0,246.0,987.25,NA
2026-08-18 16:00:00,NA,NA,NA,NA,NA,NA,NA,NA,NA,NA,NA,NA,NA,NA,NA,NA,NA,NA,NA,NA,NA,NA,NA,NA
2026-08-18 17:00:00,NA,NA,NA,NA,NA,NA,NA,NA,NA,NA,NA,NA,NA,NA,NA,NA,NA,NA,NA,NA,NA,NA,NA,NA
2026-08-18 18:00:00,NA,NA,NA,NA,NA,NA,NA,NA,NA,NA,NA,NA,NA,NA,NA,NA,NA,NA,NA,NA,NA,NA,NA,NA
2026-08-18 19:00:00,NA,NA,NA,NA,NA,NA,NA,NA,NA,NA,NA,NA,NA,NA,NA,NA,NA,NA,NA,NA,NA,NA,NA,NA
2026-08-18 20:00:00,NA,NA,NA,NA,NA,NA,NA,NA,NA,NA,NA,NA,NA,NA,NA,NA,NA,NA,NA,NA,NA,NA,NA,NA
2026-08-18 21:00:00,NA,NA,NA,NA,NA,NA,NA,NA,NA,NA,NA,NA,NA,NA,NA,NA,NA,NA,NA,NA,NA,NA,NA,NA
2026-08-18 22:00:00,NA,NA,NA,NA,NA,NA,NA,NA,NA,NA,NA,NA,NA,NA,NA,NA,NA,NA,NA,NA,NA,NA,NA,NA
2026-08-18 23:00:00,NA,NA,NA,NA,NA,NA,NA,NA,NA,NA,NA,NA,NA,NA,NA,NA,NA,NA,NA,NA,NA,NA,NA,NA
2026-08-19 00:00:00,NA,NA,NA,NA,NA,NA,NA,NA,NA,NA,NA,NA,NA,NA,NA,NA,NA,NA,NA,NA,NA,NA,NA,NA
2026-08-19 01:00:00,NA,NA,NA,NA,NA,NA,NA,NA,NA,NA,NA,NA,NA,NA,NA,NA,NA,NA,NA,NA,NA,NA,NA,NA
2026-08-19 02:00:00,NA,NA,NA,NA,NA,NA,NA,NA,NA,NA,NA,NA,NA,NA,NA,NA,NA,NA,NA,NA,NA,NA,NA,NA
2026-08-19 03:00:00,NA,NA,NA,NA,NA,NA,NA,NA,NA,NA,NA,NA,NA,NA,NA,NA,NA,NA,NA,NA,NA,NA,NA,NA
2026-08-19 04:00:00,NA,NA,NA,NA,NA,NA,NA,NA,NA,NA,NA,NA,NA,NA,NA,NA,NA,NA,NA,NA,NA,NA,NA,NA
2026-08-19 05:00:00,NA,NA,NA,NA,NA,NA,NA,NA,NA,NA,NA,NA,NA,NA,NA,NA,NA,NA,NA,NA,NA,NA,NA,NA
2026-08-19 06:00:00,NA,NA,NA,NA,NA,NA,NA,NA,NA,NA,NA,NA,NA,NA,NA,NA,NA,NA,NA,NA,NA,NA,NA,NA
2026-08-19 07:00:00,NA,NA,NA,NA,NA,NA,NA,NA,NA,NA,NA,NA,NA,NA,NA,NA,NA,NA,NA,NA,NA,NA,NA,NA
2026-08-19 08:00:00,NA,NA,NA,NA,NA,NA,NA,NA,NA,NA,NA,NA,NA,NA,NA,NA,NA,NA,NA,NA,NA,NA,NA,NA
2026-08-19 09:00:00,NA,NA,NA,NA,NA,NA,NA,NA,NA,NA,NA,NA,NA,NA,NA,NA,NA,NA,NA,NA,NA,NA,NA,NA
2026-08-19 10:00:00,68.0,167.0,8.5,13.15,13.95,36.35,9.3,1.03,7.35,0.35,1.6,NA,NA,NA,NA,33.4,64.5,1.2,188.5,0.0,0.0,242.0,989.0,NA
2026-08-19 11:00:00,NA,165.0,7.63,17.03,15.28,36.18,9.1,1.0,8.7,0.25,2.48,NA,NA,NA,NA,33.83,63.75,0.93,192.0,0.0,0.0,322.75,989.0,NA
2026-08-19 12:00:00,19.0,192.0,7.0,13.98,13.15,36.0,8.95,0.98,9.05,0.22,3.88,NA,NA,NA,NA,35.1,59.0,0.85,203.75,0.0,0.0,468.5,989.0,NA
2026-08-19 13:00:00,19.0,159.0,7.35,13.03,12.9,35.6,8.75,0.98,9.63,0.4,5.4,NA,NA,NA,NA,35.8,55.25,0.85,210.25,0.0,0.0,467.25,988.5,NA
2026-08-19 14:00:00,29.0,196.0,6.5,12.53,11.95,35.8,7.82,0.98,10.0,0.2,7.55,NA,NA,NA,NA,35.9,57.0,0.73,211.25,0.0,0.0,357.25,988.0,NA
2026-08-19 15:00:00,46.0,185.0,7.45,12.6,12.75,34.68,7.38,0.98,10.68,0.1,5.58,NA,NA,NA,NA,36.05,55.25,0.95,212.5,0.0,0.0,274.5,988.0,NA
2026-08-19 16:00:00,35.0,165.0,7.45,15.98,14.58,33.93,8.1,1.02,10.9,0.1,4.25,NA,NA,NA,NA,36.15,54.0,1.18,213.5,0.0,0.0,232.25,988.0,NA
2026-08-19 17:00:00,51.0,193.0,7.33,20.58,16.88,34.15,8.4,1.14,9.1,0.1,4.45,NA,NA,NA,NA,35.05,59.25,0.98,203.75,0.0,0.0,92.5,988.25,NA
2026-08-19 18:00:00,81.0,192.0,7.7,20.88,17.38,34.5,7.83,1.19,7.43,0.1,7.35,NA,NA,NA,NA,33.48,67.5,0.6,189.0,0.0,0.0,38.25,988.25,NA
2026-08-19 19:00:00,2.0,211.0,8.5,20.65,17.85,34.75,8.0,1.35,7.07,0.38,8.18,NA,NA,NA,NA,32.63,73.0,0.33,181.0,0.0,0.0,11.75,988.0,NA
2026-08-19 20:00:00,22.0,195.0,8.4,19.65,17.25,34.9,7.95,1.39,7.1,0.15,4.78,NA,NA,NA,NA,32.08,76.75,0.3,175.75,0.0,0.0,10.0,988.25,NA
2026-08-19 21:00:00,33.0,176.0,8.18,20.63,17.6,35.15,7.98,1.39,7.65,0.15,2.13,NA,NA,NA,NA,32.05,76.0,0.33,176.0,0.0,0.0,9.5,988.25,NA
2026-08-19 22:00:00,17.0,215.0,9.7,28.3,22.98,35.18,7.9,1.49,5.25,0.1,3.38,NA,NA,NA,NA,32.23,76.75,0.38,177.75,0.0,0.0,9.75,987.25,NA
2026-08-19 23:00:00,97.0,252.0,11.85,38.45,30.08,34.35,8.38,1.83,5.75,0.1,4.58,NA,NA,NA,NA,31.88,78.0,0.33,174.0,0.0,0.0,9.75,987.0,NA
2026-08-20 00:00:00,74.0,230.0,9.18,27.23,21.95,33.88,8.73,1.54,7.5,0.1,4.15,NA,NA,NA,NA,31.7,78.5,0.33,172.75,0.0,0.0,9.75,987.0,NA
2026-08-20 01:00:00,59.0,163.0,11.63,28.97,24.85,34.08,8.53,1.4,5.25,0.1,3.1,NA,NA,NA,NA,31.7,78.75,0.5,172.25,0.0,0.0,9.25,987.5,NA
2026-08-20 02:00:00,145.0,196.0,14.7,30.3,27.93,37.25,8.8,1.46,9.28,0.15,4.38,NA,NA,NA,NA,30.9,83.5,0.45,165.5,0.0,0.0,10.0,989.0,NA
2026-08-20 03:00:00,29.0,175.0,7.13,12.4,12.38,36.3,9.0,1.16,7.1,0.1,2.95,NA,NA,NA,NA,29.88,84.75,1.65,156.25,0.75,3.0,9.75,988.75,NA
2026-08-20 04:00:00,2.0,90.0,7.48,11.1,12.05,35.38,9.0,1.04,7.18,0.2,0.93,NA,NA,NA,NA,28.83,91.5,0.8,146.5,0.25,1.0,8.75,989.0,NA
2026-08-20 05:00:00,5.0,79.0,8.4,19.8,17.38,34.7,7.85,1.07,7.3,0.23,1.05,NA,NA,NA,NA,29.05,90.75,0.7,148.25,0.13,0.5,8.0,988.75,NA
2026-08-20 06:00:00,NA,84.0,9.6,20.13,18.53,34.33,7.3,1.14,6.9,0.23,1.8,NA,NA,NA,NA,29.4,88.75,0.8,151.75,0.0,0.0,21.5,988.0,NA
2026-08-20 07:00:00,59.0,104.0,10.28,18.93,18.38,33.8,7.88,1.29,6.83,0.1,1.4,NA,NA,NA,NA,29.88,86.5,0.68,155.75,0.0,0.0,40.25,987.25,NA
2026-08-20 08:00:00,56.0,123.0,11.93,20.47,20.57,33.97,8.07,1.47,6.93,0.1,1.57,NA,NA,NA,NA,30.63,81.67,0.4,162.67,0.0,0.0,93.67,987.0,NA
2026-08-20 09:00:00,66.0,169.0,11.7,25.18,22.93,34.22,8.3,1.66,7.13,0.1,2.53,NA,NA,NA,NA,31.83,74.75,0.88,174.25,0.0,0.0,189.25,987.5,NA
2026-08-20 10:00:00,NA,159.0,8.4,17.05,15.93,37.08,8.45,1.55,6.75,0.1,2.58,NA,NA,NA,NA,33.33,66.75,1.18,187.75,0.0,0.0,450.25,989.0,NA
2026-08-20 11:00:00,10.0,128.0,7.9,13.65,13.8,36.55,8.0,1.29,8.48,0.1,2.63,NA,NA,NA,NA,35.0,59.0,1.18,203.0,0.0,0.0,546.0,989.0,NA
2026-08-20 12:00:00,61.0,192.0,7.08,13.43,12.88,34.83,8.3,1.27,8.68,0.58,4.55,NA,NA,NA,NA,34.93,59.5,0.9,202.25,0.0,0.0,514.0,989.0,NA
2026-08-20 13:00:00,38.0,143.0,6.05,14.1,12.43,34.5,8.08,1.23,8.78,2.13,5.23,NA,NA,NA,NA,36.5,54.75,1.08,216.75,0.0,0.0,604.25,989.0,NA
2026-08-20 14:00:00,65.0,185.0,7.0,13.28,12.8,35.78,7.38,1.2,10.35,0.48,5.13,NA,NA,NA,NA,36.93,53.0,1.18,220.25,0.0,0.0,487.0,988.25,NA
2026-08-20 15:00:00,91.0,234.0,8.18,14.9,14.6,35.63,6.68,1.16,10.8,0.23,4.5,NA,NA,NA,NA,36.15,55.0,1.18,213.5,0.0,0.0,258.0,988.25,NA
2026-08-20 16:00:00,70.0,180.0,7.58,13.78,13.5,34.73,6.5,1.15,10.73,0.1,4.8,NA,NA,NA,NA,36.23,54.5,1.1,214.25,0.0,0.0,234.25,988.0,NA
2026-08-20 17:00:00,69.0,184.0,7.35,14.88,13.88,34.53,6.3,1.19,10.45,0.1,4.93,NA,NA,NA,NA,35.43,57.0,0.98,207.25,0.0,0.0,123.75,988.25,NA
2026-08-20 18:00:00,114.0,203.0,8.38,18.53,16.65,34.75,6.68,1.29,8.83,0.1,4.8,NA,NA,NA,NA,34.28,62.75,0.6,196.25,0.0,0.0,61.5,988.25,NA
2026-08-20 19:00:00,36.0,196.0,8.75,24.9,20.35,35.2,7.3,1.58,7.33,0.1,4.1,NA,NA,NA,NA,33.3,67.0,0.78,187.25,0.0,0.0,11.0,988.0,NA
2026-08-20 20:00:00,71.0,235.0,8.43,22.0,18.55,35.93,7.63,1.68,7.73,0.1,2.9,NA,NA,NA,NA,32.93,70.5,0.6,184.0,0.0,0.0,9.25,988.0,NA
2026-08-20 21:00:00,64.0,214.0,10.28,34.65,26.8,36.03,7.68,1.82,6.18,0.1,2.82,NA,NA,NA,NA,31.98,78.5,0.33,175.25,0.0,0.0,10.0,988.25,NA
2026-08-20 22:00:00,42.0,219.0,12.6,40.75,31.93,35.2,8.08,2.12,5.23,0.1,3.85,NA,NA,NA,NA,31.85,81.0,0.3,174.25,0.0,0.0,9.75,987.25,NA
2026-08-20 23:00:00,125.0,273.0,13.25,34.18,28.93,34.15,8.45,2.19,4.88,0.1,4.85,NA,NA,NA,NA,31.8,80.75,0.3,174.0,0.0,0.0,9.25,987.0,NA
2026-08-21 00:00:00,105.0,257.0,10.43,30.33,24.63,34.0,8.83,1.96,6.03,0.2,4.13,NA,NA,NA,NA,31.85,79.75,0.3,174.25,0.0,0.0,9.0,987.0,NA
2026-08-21 01:00:00,127.0,257.0,13.98,32.0,28.4,34.85,8.93,1.92,6.28,0.15,5.4,NA,NA,NA,NA,31.8,80.0,0.3,173.25,0.0,0.0,9.0,987.0,NA
2026-08-21 02:00:00,171.0,218.0,17.55,50.85,41.35,36.63,9.23,1.83,10.0,0.18,3.9,NA,NA,NA,NA,31.65,80.25,0.4,172.25,0.0,0.0,9.25,989.0,NA
2026-08-21 03:00:00,10.0,150.0,8.9,18.23,16.95,36.0,8.4,1.4,7.2,0.1,2.88,NA,NA,NA,NA,31.7,77.0,1.05,172.5,0.0,0.0,9.0,988.25,NA
2026-08-21 04:00:00,10.0,128.0,7.55,14.43,13.78,35.0,8.18,1.19,7.07,0.1,1.48,NA,NA,NA,NA,31.53,74.0,1.33,171.0,0.0,0.0,9.5,988.0,NA
2026-08-21 05:00:00,28.0,128.0,8.68,14.73,14.9,35.18,7.4,1.17,6.98,0.23,1.15,NA,NA,NA,NA,31.18,73.5,1.1,168.0,0.0,0.0,9.5,988.0,NA
2026-08-21 06:00:00,22.0,137.0,8.75,17.08,16.18,34.43,6.35,1.2,7.1,0.18,1.13,NA,NA,NA,NA,30.95,74.75,0.98,166.0,0.0,0.0,24.75,987.0,NA
2026-08-21 07:00:00,71.0,165.0,10.3,17.13,17.5,33.43,6.68,1.32,7.13,0.08,1.25,NA,NA,NA,NA,31.23,73.75,1.35,168.75,0.0,0.0,77.5,987.0,NA
2026-08-21 08:00:00,73.0,180.0,10.33,13.98,15.8,34.45,6.33,1.4,7.43,0.25,1.25,NA,NA,NA,NA,31.75,70.75,1.78,172.75,0.0,0.0,200.5,987.0,NA
2026-08-21 09:00:00,43.0,172.0,8.73,14.88,15.0,33.4,6.55,1.34,7.53,0.18,1.05,NA,NA,NA,NA,32.75,66.5,2.05,182.5,0.0,0.0,355.75,987.25,NA
2026-08-21 10:00:00,117.0,187.0,8.65,14.73,14.9,36.03,6.08,1.41,8.08,0.18,1.65,NA,NA,NA,NA,34.3,61.0,1.98,196.5,0.0,0.0,557.25,988.25,NA
2026-08-21 11:00:00,10.0,137.0,7.48,15.25,14.17,35.65,6.08,1.35,9.05,0.23,2.58,NA,NA,NA,NA,35.3,57.0,1.7,205.75,0.0,0.0,646.5,988.75,NA
2026-08-21 12:00:00,30.0,135.0,6.9,15.45,13.83,35.1,5.65,1.34,9.33,0.15,2.7,NA,NA,NA,NA,35.65,56.75,2.08,208.75,0.0,0.0,647.5,988.75,NA
2026-08-21 13:00:00,34.0,146.0,8.18,14.33,14.28,34.7,5.28,1.3,9.15,0.23,2.38,NA,NA,NA,NA,36.03,54.5,1.8,212.5,0.0,0.0,593.25,988.75,NA
2026-08-21 14:00:00,25.0,135.0,8.5,12.75,13.65,35.28,5.15,1.26,10.02,0.58,1.73,NA,NA,NA,NA,36.05,54.25,2.05,212.75,0.0,0.0,472.75,988.0,NA
2026-08-21 15:00:00,70.0,134.0,7.15,14.05,13.3,34.38,4.63,1.27,10.1,0.7,2.45,NA,NA,NA,NA,35.43,57.25,1.88,207.0,0.0,0.0,240.25,988.0,NA
2026-08-21 16:00:00,15.0,59.0,8.63,14.6,14.73,33.93,4.55,1.31,9.73,0.35,2.23,NA,NA,NA,NA,35.73,55.25,1.65,209.5,0.0,0.0,219.0,988.0,NA
2026-08-21 17:00:00,70.0,146.0,8.3,16.65,15.68,34.43,4.93,1.36,9.65,0.28,2.48,NA,NA,NA,NA,35.18,58.5,1.38,204.75,0.0,0.0,90.25,988.0,NA
2026-08-21 18:00:00,103.0,174.0,8.23,17.08,15.77,34.95,5.13,1.44,9.6,0.43,3.73,NA,NA,NA,NA,33.55,65.75,0.93,189.75,0.0,0.0,30.0,988.75,NA
2026-08-21 19:00:00,10.0,141.0,6.7,26.55,19.63,34.47,5.68,1.64,8.28,0.15,5.1,NA,NA,NA,NA,33.03,69.0,0.8,184.75,0.0,0.0,9.75,988.0,NA
2026-08-21 20:00:00,50.0,193.0,9.08,26.58,21.53,34.68,6.18,1.82,7.2,0.1,5.75,NA,NA,NA,NA,32.85,71.5,0.8,183.5,0.0,0.0,9.25,988.0,NA
2026-08-21 21:00:00,70.0,193.0,9.4,25.33,21.18,35.2,7.08,1.86,6.75,0.1,8.43,NA,NA,NA,NA,32.33,73.75,0.5,178.25,0.0,0.0,9.0,988.0,NA
2026-08-21 22:00:00,31.0,172.0,9.43,20.48,18.55,34.8,5.4,1.63,6.65,0.1,5.13,NA,NA,NA,NA,32.15,73.5,0.5,177.0,0.0,0.0,9.25,987.25,NA
2026-08-21 23:00:00,98.0,179.0,9.45,22.3,19.53,34.13,4.9,1.52,5.13,0.1,4.53,NA,NA,NA,NA,32.0,76.0,0.3,175.25,0.0,0.0,9.0,987.0,NA
2026-08-22 00:00:00,92.0,162.0,8.2,24.43,19.65,33.83,4.83,1.41,7.43,0.13,4.58,NA,NA,NA,NA,32.15,74.75,0.3,177.0,0.0,0.0,9.25,987.0,NA
2026-08-22 01:00:00,39.0,143.0,11.63,31.22,26.03,33.85,4.95,1.41,6.98,0.28,4.28,NA,NA,NA,NA,31.78,76.5,0.3,173.5,0.0,0.0,9.25,987.0,NA
2026-08-22 02:00:00,86.0,126.0,8.6,24.38,20.05,35.43,4.8,1.48,7.73,0.3,2.3,NA,NA,NA,NA,31.7,77.5,0.52,172.5,0.0,0.0,9.5,988.75,NA
2026-08-22 03:00:00,10.0,112.0,7.85,12.53,13.05,35.28,5.33,1.35,7.25,0.23,3.13,NA,NA,NA,NA,30.98,77.0,1.93,166.25,0.0,0.0,9.5,988.0,NA
2026-08-22 04:00:00,10.0,76.0,7.6,11.13,12.08,34.98,6.1,1.29,7.65,0.1,1.0,NA,NA,NA,NA,30.25,79.75,1.0,159.5,0.0,0.0,9.75,988.0,NA
2026-08-22 05:00:00,20.0,74.0,7.53,10.88,11.95,34.75,6.1,1.3,6.8,0.13,1.13,NA,NA,NA,NA,29.8,85.25,1.2,155.5,0.38,1.5,9.5,988.5,NA
2026-08-22 06:00:00,23.0,93.0,7.88,12.48,13.1,33.93,5.53,1.32,7.38,0.18,0.85,NA,NA,NA,NA,29.43,89.5,0.8,151.5,0.13,0.5,16.0,988.0,NA
2026-08-22 07:00:00,81.0,93.0,8.93,14.55,15.0,33.23,6.65,1.46,7.13,0.18,1.43,NA,NA,NA,NA,30.1,84.25,1.23,157.75,0.0,0.0,45.25,988.0,NA
2026-08-22 08:00:00,75.0,118.0,8.3,15.53,15.0,34.25,7.2,1.54,7.58,0.1,1.6,NA,NA,NA,NA,31.13,77.0,1.8,167.5,0.0,0.0,172.25,987.5,NA
2026-08-22 09:00:00,59.0,125.0,8.85,12.93,14.08,33.83,5.65,1.47,7.5,0.18,1.2,NA,NA,NA,NA,32.58,67.75,1.78,180.5,0.0,0.0,346.0,987.0,NA
2026-08-22 10:00:00,113.0,131.0,8.85,12.98,14.1,35.95,5.03,1.54,7.08,0.18,1.1,NA,NA,NA,NA,34.0,59.75,1.98,194.0,0.0,0.0,501.25,988.75,NA
2026-08-22 11:00:00,10.0,137.0,9.58,11.28,13.8,35.5,4.68,1.42,8.15,0.23,2.03,NA,NA,NA,NA,35.28,54.75,1.92,205.5,0.0,0.0,660.25,988.25,NA
2026-08-22 12:00:00,11.0,151.0,8.2,10.98,12.53,35.13,4.23,1.4,8.83,0.4,3.7,NA,NA,NA,NA,35.5,54.75,1.6,207.5,0.0,0.0,649.5,988.0,NA
2026-08-22 13:00:00,44.0,151.0,7.15,12.25,12.35,35.18,4.73,1.44,8.95,1.38,2.85,NA,NA,NA,NA,36.15,52.5,1.7,213.5,0.0,0.0,616.0,988.75,NA
2026-08-22 14:00:00,33.0,152.0,7.0,12.13,12.18,34.73,4.23,1.54,9.5,0.53,2.33,NA,NA,NA,NA,36.1,52.5,1.73,213.25,0.0,0.0,362.75,988.0,NA
2026-08-22 15:00:00,76.0,156.0,7.63,12.7,12.95,33.35,3.9,1.51,9.38,0.23,1.95,NA,NA,NA,NA,35.83,53.25,1.5,211.0,0.0,0.0,245.75,988.0,NA
2026-08-22 16:00:00,75.0,167.0,8.65,14.38,14.73,33.6,3.9,1.52,9.13,0.13,2.8,NA,NA,NA,NA,35.98,53.0,1.78,212.25,0.0,0.0,192.25,988.0,NA
2026-08-22 17:00:00,50.0,150.0,8.25,14.92,14.68,33.85,3.97,1.55,8.45,0.1,2.72,NA,NA,NA,NA,35.25,56.0,1.3,205.5,0.0,0.0,114.75,988.0,NA
2026-08-22 18:00:00,115.0,176.0,6.9,15.27,13.78,34.68,3.53,1.6,8.38,0.1,2.68,NA,NA,NA,NA,33.6,64.25,0.3,190.25,0.0,0.0,30.75,988.75,NA
2026-08-22 19:00:00,10.0,131.0,7.23,18.5,15.65,33.93,3.7,1.69,7.85,0.1,3.33,NA,NA,NA,NA,32.23,71.75,0.68,177.5,0.0,0.0,10.25,988.0,NA
2026-08-22 20:00:00,25.0,176.0,8.3,24.65,19.9,35.2,4.35,1.97,7.48,0.1,2.78,NA,NA,NA,NA,31.58,76.0,0.48,171.5,0.0,0.0,9.5,988.0,NA
2026-08-22 21:00:00,83.0,230.0,9.2,30.53,23.7,35.18,5.28,2.26,6.98,0.1,3.5,NA,NA,NA,NA,31.4,78.0,0.33,170.0,0.0,0.0,9.25,988.0,NA
2026-08-22 22:00:00,73.0,231.0,10.45,37.83,28.55,34.18,5.68,2.39,6.15,0.1,4.5,NA,NA,NA,NA,31.65,79.5,0.45,172.25,0.0,0.0,9.25,987.5,NA
2026-08-22 23:00:00,124.0,264.0,7.9,27.93,21.25,34.1,4.83,2.04,6.03,0.1,3.73,NA,NA,NA,NA,31.8,78.5,0.43,173.5,0.0,0.0,9.25,987.0,NA
2026-08-23 00:00:00,113.0,242.0,8.98,25.03,20.58,34.15,4.7,1.91,6.1,0.25,2.5,NA,NA,NA,NA,31.55,80.75,0.48,171.25,0.0,0.0,9.0,987.0,NA
2026-08-23 01:00:00,117.0,220.0,9.55,22.25,19.58,34.35,4.7,1.82,6.5,0.5,1.78,NA,NA,NA,NA,31.28,82.75,0.58,168.75,0.0,0.0,9.5,987.0,NA
2026-08-23 02:00:00,91.0,158.0,10.17,28.75,23.45,35.63,4.15,1.85,9.35,0.38,1.78,NA,NA,NA,NA,31.03,84.25,0.48,166.25,0.0,0.0,9.75,988.75,NA
2026-08-23 03:00:00,10.0,119.0,8.03,18.43,16.35,35.83,4.33,1.77,6.45,0.2,1.75,NA,NA,NA,NA,30.8,86.0,0.35,164.75,0.0,0.0,9.75,988.5,NA
2026-08-23 04:00:00,45.0,168.0,8.9,20.63,18.25,35.95,4.23,1.77,7.35,0.15,1.88,NA,NA,NA,NA,30.93,83.5,0.48,166.0,0.0,0.0,9.75,988.0,NA
2026-08-23 05:00:00,38.0,135.0,9.1,13.33,14.53,35.48,4.38,1.64,7.1,0.18,1.75,NA,NA,NA,NA,30.03,86.0,1.35,157.5,0.5,2.0,9.5,988.5,NA
2026-08-23 06:00:00,30.0,48.0,7.95,11.08,12.38,34.23,3.83,1.53,6.98,0.15,0.88,NA,NA,NA,NA,28.4,91.25,0.7,142.25,1.13,4.5,10.0,988.25,NA
2026-08-23 07:00:00,65.0,82.0,8.63,13.33,14.13,33.05,3.45,1.53,6.9,0.28,0.6,NA,NA,NA,NA,28.73,91.75,0.65,145.5,0.38,1.5,27.75,988.0,NA
2026-08-23 08:00:00,NA,84.0,8.98,14.25,14.88,33.98,3.3,1.67,7.1,0.23,1.35,NA,NA,NA,NA,29.43,89.5,1.0,151.5,0.0,0.0,72.75,988.0,NA
2026-08-23 09:00:00,32.0,80.0,7.98,10.55,12.15,33.53,3.3,1.63,6.63,0.1,1.23,NA,NA,NA,NA,30.25,85.75,0.65,159.25,0.0,0.0,150.0,988.0,NA
2026-08-23 10:00:00,NA,51.0,8.25,15.45,14.93,35.97,3.22,1.85,7.58,0.13,1.28,NA,NA,NA,NA,30.85,82.0,0.7,164.75,0.0,0.0,117.75,988.75,NA
2026-08-23 11:00:00,10.0,79.0,8.28,17.23,15.9,36.05,4.38,1.93,7.08,0.2,1.83,NA,NA,NA,NA,30.4,82.5,0.83,160.75,0.13,0.5,115.25,989.0,NA
2026-08-23 12:00:00,49.0,112.0,9.95,16.48,16.85,35.1,4.73,1.9,7.33,0.18,1.73,NA,NA,NA,NA,30.85,81.0,1.05,165.25,0.0,0.0,193.75,988.0,NA
2026-08-23 13:00:00,48.0,115.0,9.03,15.4,15.53,34.53,4.73,1.83,7.63,0.35,2.28,NA,NA,NA,NA,32.73,72.0,0.98,182.25,0.0,0.0,299.25,988.0,NA
2026-08-23 14:00:00,44.0,135.0,7.18,11.9,12.15,35.28,4.88,1.73,8.58,0.67,2.83,NA,NA,NA,NA,34.75,63.25,1.7,201.0,0.0,0.0,439.5,988.25,NA
2026-08-23 15:00:00,69.0,173.0,8.15,13.93,14.05,34.3,4.45,1.63,7.6,0.83,2.15,NA,NA,NA,NA,35.0,61.75,1.8,203.0,0.0,0.0,229.75,987.75,NA
2026-08-23 16:00:00,95.0,170.0,8.03,14.43,14.23,34.48,3.85,1.65,8.08,0.23,1.68,NA,NA,NA,NA,35.48,60.5,1.4,207.25,0.0,0.0,208.0,988.0,NA
2026-08-23 17:00:00,78.0,154.0,8.0,14.7,14.38,34.43,4.08,1.67,9.23,0.25,1.58,NA,NA,NA,NA,34.48,62.25,1.03,198.25,0.0,0.0,102.5,988.0,NA
2026-08-23 18:00:00,56.0,102.0,7.78,13.02,13.3,34.1,3.15,1.73,9.08,0.28,1.65,NA,NA,NA,NA,31.75,72.25,0.33,173.25,0.0,0.0,35.0,988.75,NA
2026-08-23 19:00:00,10.0,75.0,7.48,20.73,17.13,34.58,2.75,1.81,8.2,0.13,1.38,NA,NA,NA,NA,30.8,78.5,0.3,164.5,0.0,0.0,10.0,989.0,NA
2026-08-23 20:00:00,33.0,135.0,9.23,31.98,24.45,34.83,3.33,2.18,7.05,0.15,2.55,NA,NA,NA,NA,30.63,80.5,0.3,163.25,0.0,0.0,9.5,988.0,NA
2026-08-23 21:00:00,55.0,204.0,18.4,37.33,34.83,35.1,4.78,2.8,6.58,0.33,3.82,NA,NA,NA,NA,30.6,82.75,0.3,163.0,0.0,0.0,9.25,988.5,NA
2026-08-23 22:00:00,78.0,279.0,24.08,33.15,37.28,34.65,6.23,3.07,6.2,0.18,3.78,NA,NA,NA,NA,30.73,83.5,0.3,163.25,0.0,0.0,9.0,988.0,NA
2026-08-23 23:00:00,104.0,208.0,11.8,25.05,22.88,34.1,5.58,2.4,6.95,0.18,2.65,NA,NA,NA,NA,30.78,82.5,0.3,164.25,0.0,0.0,9.5,987.0,NA
2026-08-24 00:00:00,64.0,145.0,11.95,31.5,26.5,33.7,4.93,2.03,7.65,0.28,2.68,NA,NA,NA,NA,30.78,80.75,0.3,164.5,0.0,0.0,9.25,987.0,NA
2026-08-24 01:00:00,23.0,124.0,9.95,24.08,20.93,33.63,4.13,1.89,6.15,0.55,3.03,NA,NA,NA,NA,30.6,82.25,0.3,163.0,0.0,0.0,9.25,987.0,NA
2026-08-24 02:00:00,67.0,112.0,9.68,26.73,22.18,34.85,3.75,1.96,7.73,0.4,1.35,NA,NA,NA,NA,30.45,82.75,0.3,161.25,0.0,0.0,9.25,988.75,NA
2026-08-24 03:00:00,10.0,120.0,18.5,29.78,30.93,35.78,3.55,1.96,6.98,0.13,1.33,NA,NA,NA,NA,30.33,84.0,0.3,160.0,0.0,0.0,9.75,989.0,NA
2026-08-24 04:00:00,10.0,145.0,12.9,27.15,24.98,35.75,4.33,1.95,7.08,0.1,1.78,NA,NA,NA,NA,30.23,83.75,0.3,159.25,0.0,0.0,9.5,989.0,NA
2026-08-24 05:00:00,32.0,119.0,11.03,24.83,22.18,35.68,4.43,1.88,7.0,0.13,1.5,NA,NA,NA,NA,30.35,84.0,0.3,160.0,0.0,0.0,9.75,988.5,NA
2026-08-24 06:00:00,50.0,165.0,19.25,29.38,31.25,35.45,4.9,1.98,6.4,0.18,2.68,NA,NA,NA,NA,30.75,83.0,0.3,164.0,0.0,0.0,36.25,987.75,NA
2026-08-24 07:00:00,82.0,212.0,17.63,27.35,28.85,34.38,5.68,2.23,4.38,0.28,4.2,NA,NA,NA,NA,31.58,80.5,0.38,171.5,0.0,0.0,72.5,987.0,NA
2026-08-24 08:00:00,159.0,272.0,11.1,17.85,18.5,35.1,6.28,2.32,4.08,0.25,4.7,NA,NA,NA,NA,32.33,78.75,0.6,178.5,0.0,0.0,135.75,987.0,NA
2026-08-24 09:00:00,146.0,258.0,8.93,12.28,13.8,34.88,5.53,2.18,5.35,0.4,3.83,NA,NA,NA,NA,33.63,73.25,0.92,190.5,0.0,0.0,287.5,987.0,NA
2026-08-24 10:00:00,139.0,197.0,9.43,12.45,14.3,36.05,5.8,2.1,10.38,0.65,1.85,NA,NA,NA,NA,33.93,70.75,1.0,193.0,0.0,0.0,185.75,988.25,NA
2026-08-24 11:00:00,66.0,163.0,9.73,23.15,20.2,37.08,5.53,1.99,6.45,0.63,3.18,NA,NA,NA,NA,30.38,87.75,2.1,160.25,6.38,25.5,29.75,989.0,NA
2026-08-24 12:00:00,16.0,74.0,7.3,12.63,12.67,34.87,4.67,2.04,26.9,0.2,3.83,NA,NA,NA,NA,29.0,91.5,1.48,147.75,1.5,6.0,9.75,989.0,NA
2026-08-24 13:00:00,22.0,82.0,NA,NA,NA,NA,NA,NA,17.65,0.2,5.15,NA,NA,NA,NA,29.05,92.75,0.48,148.5,5.25,21.0,7.25,988.0,NA
2026-08-24 14:00:00,50.0,69.0,8.65,26.35,21.03,55.08,NA,1.91,17.75,0.1,4.8,NA,NA,NA,NA,28.78,92.25,0.78,145.75,0.5,2.0,21.5,988.25,NA
2026-08-24 15:00:00,20.0,73.0,9.03,38.0,27.58,50.28,NA,1.98,17.73,0.13,8.83,NA,NA,NA,NA,28.9,91.75,0.63,147.0,0.25,1.0,56.75,988.0,NA
2026-08-24 16:00:00,84.0,110.0,6.58,26.53,19.42,47.03,24.45,1.91,16.63,0.28,13.5,NA,NA,NA,NA,29.65,89.5,0.5,154.25,0.0,0.0,88.5,987.75,NA
2026-08-24 17:00:00,84.0,112.0,6.88,26.88,19.9,46.8,28.0,2.09,13.7,0.15,17.05,NA,NA,NA,NA,31.3,85.75,0.3,169.0,0.0,0.0,114.75,987.25,NA
2026-08-24 18:00:00,NA,126.0,5.8,29.63,20.4,50.57,29.05,2.37,19.13,0.1,16.15,NA,NA,NA,NA,31.38,83.75,0.3,169.75,0.0,0.0,40.75,988.25,NA
2026-08-24 19:00:00,NA,103.0,4.93,36.2,23.28,52.6,32.45,2.74,17.58,0.1,11.33,NA,NA,NA,NA,30.3,88.75,0.3,160.0,0.0,0.0,9.5,989.0,NA
2026-08-24 20:00:00,56.0,147.0,8.6,39.45,27.98,48.28,37.73,3.37,16.58,0.18,15.48,NA,NA,NA,NA,30.1,90.75,0.3,158.0,0.0,0.0,9.0,988.0,NA
2026-08-24 21:00:00,93.0,176.0,17.75,36.95,34.05,52.5,42.53,3.64,16.73,0.13,18.23,NA,NA,NA,NA,30.1,91.25,0.3,158.0,0.0,0.0,9.0,988.0,NA
2026-08-24 22:00:00,76.0,154.0,21.45,35.55,36.38,50.6,36.63,3.73,17.78,0.28,11.38,NA,NA,NA,NA,30.13,91.5,0.3,158.25,0.0,0.0,9.0,987.75,NA
2026-08-24 23:00:00,86.0,186.0,22.83,40.75,40.25,48.7,34.05,3.62,15.68,0.08,10.3,NA,NA,NA,NA,30.25,91.0,0.3,159.25,0.0,0.0,9.0,987.0,NA
2026-08-25 00:00:00,97.0,178.0,41.18,37.9,53.65,45.68,36.2,3.64,16.88,0.1,8.38,NA,NA,NA,NA,30.18,91.25,0.3,158.75,0.0,0.0,9.0,987.0,NA
2026-08-25 01:00:00,130.0,169.0,48.85,32.48,56.98,47.2,36.93,3.64,17.17,0.2,7.85,NA,NA,NA,NA,30.1,91.75,0.3,158.0,0.0,0.0,9.0,987.0,NA
2026-08-25 02:00:00,127.0,167.0,34.63,28.9,43.58,50.38,32.8,3.31,20.33,0.2,8.28,NA,NA,NA,NA,29.95,92.0,0.3,156.75,0.0,0.0,9.0,988.25,NA
2026-08-25 03:00:00,NA,142.0,29.83,33.4,42.13,55.43,33.98,2.93,17.63,0.13,8.48,NA,NA,NA,NA,29.8,92.0,0.3,155.5,0.0,0.0,9.0,988.5,NA
2026-08-25 04:00:00,71.0,175.0,18.98,40.05,36.8,54.05,33.43,2.64,17.38,0.15,8.98,NA,NA,NA,NA,29.63,92.0,0.3,153.5,0.0,0.0,9.5,988.0,NA
2026-08-25 05:00:00,99.0,174.0,13.45,40.35,32.4,53.43,29.55,2.37,17.65,0.1,6.58,NA,NA,NA,NA,29.5,91.5,0.55,152.75,0.0,0.0,9.75,988.0,NA
2026-08-25 06:00:00,72.0,121.0,9.33,75.55,47.75,49.98,23.13,1.88,17.4,0.1,3.43,NA,NA,NA,NA,28.4,90.5,1.38,142.25,1.5,6.0,10.0,987.75,NA
2026-08-25 07:00:00,27.0,70.0,5.0,24.3,17.13,46.2,17.93,1.79,17.53,0.2,1.13,NA,NA,NA,NA,28.0,92.25,0.43,139.0,0.63,2.5,20.0,987.0,NA
2026-08-25 08:00:00,91.0,96.0,7.2,28.13,20.83,46.8,17.38,2.04,17.55,0.1,2.1,NA,NA,NA,NA,28.45,92.75,0.3,142.75,0.13,0.5,45.0,987.0,NA
2026-08-25 09:00:00,73.0,125.0,7.88,31.83,23.38,46.48,21.2,2.3,17.0,0.1,2.13,NA,NA,NA,NA,29.08,91.75,0.45,148.75,0.0,0.0,96.0,987.25,NA
2026-08-25 10:00:00,98.0,120.0,11.0,41.1,30.8,46.4,22.2,2.53,16.9,0.1,2.0,NA,NA,NA,NA,30.1,89.0,0.4,158.0,0.0,0.0,191.0,988.0,NA
2026-08-25 11:00:00,NA,NA,NA,NA,NA,NA,NA,NA,NA,NA,NA,NA,NA,NA,NA,NA,NA,NA,NA,NA,NA,NA,NA,NA
2026-08-25 12:00:00,NA,NA,NA,NA,NA,NA,NA,NA,NA,NA,NA,NA,NA,NA,NA,NA,NA,NA,NA,NA,NA,NA,NA,NA
2026-08-25 13:00:00,NA,NA,NA,NA,NA,NA,NA,NA,NA,NA,NA,NA,NA,NA,NA,NA,NA,NA,NA,NA,NA,NA,NA,NA
2026-08-25 14:00:00,NA,NA,NA,NA,NA,NA,NA,NA,NA,NA,NA,NA,NA,NA,NA,NA,NA,NA,NA,NA,NA,NA,NA,NA
2026-08-25 15:00:00,34.0,63.0,3.67,13.7,10.3,47.27,11.77,1.78,18.5,0.3,1.4,NA,NA,NA,NA,34.43,67.33,0.47,198.0,0.0,0.0,138.33,988.0,NA
2026-08-25 16:00:00,82.0,110.0,4.2,13.5,10.63,48.35,12.03,1.78,17.8,0.28,2.43,NA,NA,NA,NA,34.25,68.75,0.4,196.0,0.0,0.0,140.0,987.25,NA
2026-08-25 17:00:00,54.33,106.0,3.85,14.55,10.9,44.55,14.88,1.81,20.38,0.2,2.13,NA,NA,NA,NA,30.25,84.0,1.63,159.75,10.88,43.5,20.0,987.25,NA
2026-08-25 18:00:00,30.0,52.0,4.38,13.53,10.8,46.13,12.28,1.83,18.73,0.1,2.08,NA,NA,NA,NA,28.65,92.25,1.13,144.75,3.63,14.5,21.5,988.0,NA
2026-08-25 19:00:00,NA,42.0,4.65,22.48,15.75,48.6,10.65,2.1,18.05,0.15,1.25,NA,NA,NA,NA,28.83,92.75,0.45,146.25,0.25,1.0,8.0,989.0,NA
2026-08-25 20:00:00,NA,54.0,10.08,35.78,27.2,48.05,13.53,2.52,17.45,0.18,2.38,NA,NA,NA,NA,29.2,93.0,0.33,149.5,0.13,0.5,7.0,989.0,NA
2026-08-25 21:00:00,28.0,93.0,19.48,35.58,34.75,49.23,18.2,3.07,17.3,0.1,4.43,NA,NA,NA,NA,29.48,93.0,0.33,152.0,0.13,0.5,5.25,989.0,NA
2026-08-25 22:00:00,45.0,113.0,21.23,34.1,35.45,47.93,18.53,3.0,16.85,0.1,4.35,NA,NA,NA,NA,29.42,93.0,0.3,152.0,0.0,0.0,3.25,988.0,NA
2026-08-25 23:00:00,38.0,121.0,30.7,29.23,40.58,44.03,19.45,2.89,15.58,0.1,3.95,NA,NA,NA,NA,29.45,93.0,0.3,152.25,0.0,0.0,4.0,987.0,NA
2026-08-26 00:00:00,59.0,145.0,59.7,31.3,65.2,45.85,20.9,2.94,17.15,0.18,5.35,NA,NA,NA,NA,29.63,93.0,0.33,153.75,0.0,0.0,4.0,987.0,NA
2026-08-26 01:00:00,107.0,165.0,32.1,25.45,39.68,47.8,23.08,2.55,18.15,0.3,6.65,NA,NA,NA,NA,29.45,93.0,0.3,152.5,0.0,0.0,4.25,987.0,NA
2026-08-26 02:00:00,35.0,118.0,26.28,21.15,32.63,47.75,19.2,2.29,17.93,0.3,4.73,NA,NA,NA,NA,29.55,93.0,0.3,152.5,0.0,0.0,4.25,988.0,NA
2026-08-26 03:00:00,59.0,103.0,23.33,20.23,29.7,49.43,15.6,2.24,17.48,0.3,4.73,NA,NA,NA,NA,29.5,93.0,0.3,152.5,0.0,0.0,5.0,989.0,NA
2026-08-26 04:00:00,NA,90.0,20.55,22.18,28.5,47.35,17.4,2.16,16.98,0.2,6.68,NA,NA,NA,NA,29.35,93.0,0.3,151.25,0.0,0.0,5.0,988.25,NA
2026-08-26 05:00:00,29.0,118.0,45.28,21.85,48.3,46.93,18.78,2.25,16.9,0.2,6.08,NA,NA,NA,NA,29.3,93.0,0.3,151.0,0.0,0.0,5.0,988.0,NA
2026-08-26 06:00:00,29.0,135.0,39.33,20.43,42.8,46.75,21.05,2.37,16.75,0.15,4.63,NA,NA,NA,NA,29.4,93.0,0.3,151.5,0.0,0.0,21.25,987.75,NA
2026-08-26 07:00:00,78.0,224.0,36.03,35.43,48.25,47.6,22.5,2.51,16.28,0.1,3.88,NA,NA,NA,NA,30.08,90.75,0.3,157.75,0.0,0.0,120.25,987.0,NA
2026-08-26 08:00:00,150.0,223.0,11.83,33.53,27.4,50.73,19.98,2.61,17.28,0.18,4.03,NA,NA,NA,NA,31.23,85.5,0.33,168.5,0.0,0.0,198.5,987.0,NA
2026-08-26 09:00:00,74.0,96.0,6.63,25.48,18.9,49.2,19.45,2.36,18.1,NA,NA,NA,NA,NA,NA,32.8,76.5,0.55,183.0,0.0,0.0,331.75,987.0,NA
2026-08-26 10:00:00,81.0,184.0,4.9,25.5,17.5,47.8,17.98,2.47,19.13,NA,NA,NA,NA,NA,NA,33.95,71.0,0.63,193.5,0.0,0.0,357.0,987.75,NA
2026-08-26 11:00:00,118.0,141.0,5.43,21.45,15.75,50.25,17.4,2.38,19.38,NA,NA,NA,NA,NA,NA,34.7,66.5,0.7,200.25,0.0,0.0,357.5,989.0,NA
2026-08-26 12:00:00,30.0,176.0,3.83,18.6,13.02,50.78,17.08,2.32,20.3,NA,NA,NA,NA,NA,NA,34.63,66.25,0.63,199.5,0.0,0.0,330.5,989.0,NA
2026-08-26 13:00:00,46.0,189.0,4.98,16.98,13.1,52.4,16.9,2.23,20.2,NA,NA,NA,NA,NA,NA,34.35,66.75,0.67,196.75,0.0,0.0,231.75,989.0,NA
2026-08-26 14:00:00,57.0,170.0,4.65,16.45,12.58,50.78,16.9,2.17,21.85,NA,NA,NA,NA,NA,NA,36.05,58.75,0.88,212.75,0.0,0.0,467.0,988.25,NA
2026-08-26 15:00:00,52.0,181.0,3.68,15.2,11.08,50.78,15.7,2.1,22.2,0.1,3.6,NA,NA,NA,NA,35.95,57.0,1.13,212.0,0.0,0.0,318.5,987.25,NA
2026-08-26 16:00:00,89.0,174.0,3.85,16.1,11.73,49.68,12.33,2.04,20.68,0.1,2.43,NA,NA,NA,NA,35.83,57.5,1.23,210.5,0.0,0.0,209.25,987.0,NA
2026-08-26 17:00:00,70.0,162.0,4.7,17.23,13.0,49.13,13.6,2.09,20.4,0.13,2.45,NA,NA,NA,NA,35.1,60.5,1.0,204.0,0.0,0.0,140.0,987.0,NA
2026-08-26 18:00:00,72.0,180.0,4.83,22.55,15.88,49.73,13.85,2.33,17.48,0.2,6.73,NA,NA,NA,NA,33.68,69.0,0.5,191.0,0.0,0.0,39.25,987.75,NA
2026-08-26 19:00:00,150.0,218.0,6.8,31.78,22.35,50.0,17.15,2.77,17.1,0.23,5.65,NA,NA,NA,NA,32.03,81.75,0.3,175.75,0.0,0.0,10.25,988.25,NA
2026-08-26 20:00:00,45.0,266.0,7.95,49.4,32.72,49.9,21.8,3.64,16.15,0.1,10.23,NA,NA,NA,NA,31.6,84.25,0.3,171.5,0.0,0.0,10.0,988.0,NA
2026-08-26 21:00:00,69.0,261.0,13.98,43.4,34.43,50.05,28.5,4.14,16.28,0.1,9.8,NA,NA,NA,NA,31.38,85.75,0.3,169.75,0.0,0.0,9.5,988.0,NA
2026-08-26 22:00:00,73.0,288.0,11.05,40.73,30.6,52.5,29.05,3.93,19.35,0.1,8.9,NA,NA,NA,NA,31.13,86.25,0.3,167.75,0.0,0.0,9.5,987.75,NA
2026-08-26 23:00:00,41.0,229.0,15.63,32.6,30.0,49.53,25.53,3.4,15.83,0.1,5.08,NA,NA,NA,NA,31.25,85.25,0.33,168.75,0.0,0.0,9.5,987.0,NA
2026-08-27 00:00:00,125.0,283.0,6.83,27.25,20.05,48.9,23.35,3.0,18.0,0.08,5.48,NA,NA,NA,NA,31.25,84.25,0.4,168.5,0.0,0.0,9.5,987.0,NA
2026-08-27 01:00:00,106.0,215.0,4.35,18.88,13.65,48.7,21.9,2.39,21.0,0.1,3.88,NA,NA,NA,NA,30.98,83.0,0.48,166.5,0.0,0.0,9.5,987.0,NA
2026-08-27 02:00:00,48.0,129.0,5.63,19.23,14.83,46.78,20.38,2.24,18.28,0.1,3.88,NA,NA,NA,NA,30.68,83.75,0.38,163.25,0.0,0.0,9.25,987.75,NA
2026-08-27 03:00:00,36.0,113.0,8.95,54.78,36.43,50.03,19.38,2.28,17.68,0.1,3.18,NA,NA,NA,NA,30.65,84.5,0.4,163.25,0.0,0.0,10.0,989.0,NA
2026-08-27 04:00:00,NA,117.0,6.88,46.6,30.43,49.0,22.05,2.22,16.93,0.1,3.25,NA,NA,NA,NA,30.53,85.5,0.33,162.25,0.0,0.0,9.5,988.25,NA
2026-08-27 05:00:00,22.0,146.0,5.83,21.93,16.4,48.03,21.23,2.23,17.15,0.13,2.35,NA,NA,NA,NA,30.18,88.0,0.33,158.75,0.0,0.0,9.75,988.0,NA
2026-08-27 06:00:00,27.0,150.0,10.35,23.35,20.83,48.95,21.6,2.33,17.5,0.2,2.68,NA,NA,NA,NA,30.23,88.0,0.43,159.25,0.0,0.0,15.0,987.75,NA
2026-08-27 07:00:00,25.0,170.0,12.23,29.18,25.45,47.03,25.08,2.59,16.65,0.33,2.78,NA,NA,NA,NA,30.78,84.75,0.68,164.5,0.0,0.0,85.75,987.0,NA
2026-08-27 08:00:00,88.0,223.0,9.4,22.43,19.65,47.85,23.18,2.56,17.85,0.23,2.48,NA,NA,NA,NA,31.93,77.75,0.88,174.75,0.0,0.0,155.25,987.0,NA
2026-08-27 09:00:00,45.0,204.0,6.93,21.18,16.9,46.85,17.63,2.47,17.85,0.2,2.15,NA,NA,NA,NA,33.05,71.75,0.6,185.25,0.0,0.0,280.25,987.0,NA
2026-08-27 10:00:00,73.0,217.0,4.73,18.1,13.43,48.8,17.85,2.44,18.68,0.15,2.13,NA,NA,NA,NA,34.85,63.5,0.9,201.75,0.0,0.0,514.0,987.5,NA
2026-08-27 11:00:00,91.0,179.0,4.53,15.13,11.75,49.18,15.28,2.31,19.9,0.25,1.78,NA,NA,NA,NA,36.2,58.25,0.55,214.0,0.0,0.0,532.5,989.0,NA
2026-08-27 12:00:00,NA,164.0,3.25,17.38,11.88,50.2,16.08,2.3,19.9,0.3,2.75,NA,NA,NA,NA,35.83,60.0,0.58,210.75,0.0,0.0,300.0,988.75,NA
2026-08-27 13:00:00,23.0,203.0,3.7,17.75,12.43,49.05,15.15,2.4,21.53,0.33,1.83,NA,NA,NA,NA,35.43,63.5,0.43,207.0,0.0,0.0,287.0,988.75,NA
2026-08-27 14:00:00,38.0,203.0,3.07,18.4,12.25,49.48,13.8,2.51,22.48,0.28,2.0,NA,NA,NA,NA,34.73,67.0,0.38,200.75,0.0,0.0,141.25,988.75,NA
2026-08-27 15:00:00,27.0,203.0,4.05,17.13,12.43,47.15,9.85,2.33,21.68,0.28,2.63,NA,NA,NA,NA,32.88,69.5,1.3,183.5,0.0,0.0,184.75,987.25,NA
2026-08-27 16:00:00,51.0,129.0,4.28,25.6,17.08,46.65,10.65,2.33,19.47,0.35,2.05,NA,NA,NA,NA,32.25,72.25,0.55,178.0,0.0,0.0,78.75,987.0,NA
2026-08-27 17:00:00,53.0,159.0,6.13,31.53,21.78,45.58,14.4,2.61,19.73,0.1,3.18,NA,NA,NA,NA,31.42,77.25,0.35,170.25,0.0,0.0,58.0,987.0,NA
2026-08-27 18:00:00,42.0,152.0,6.13,45.13,29.03,44.0,16.23,2.9,18.93,0.1,5.6,NA,NA,NA,NA,30.93,79.33,0.37,165.33,0.0,0.0,29.33,987.67,NA
2026-08-27 19:00:00,86.0,164.0,5.85,48.43,30.45,48.4,16.38,3.2,18.15,0.1,4.03,NA,NA,NA,NA,30.5,83.25,0.33,161.75,0.0,0.0,10.75,989.0,NA
2026-08-27 20:00:00,27.0,223.0,9.23,66.4,42.8,48.63,19.6,3.66,17.58,0.1,5.65,NA,NA,NA,NA,30.3,83.25,0.3,160.0,0.0,0.0,9.5,988.0,NA
2026-08-27 21:00:00,59.0,230.0,13.18,61.78,43.45,47.3,24.4,3.94,17.35,0.1,6.6,NA,NA,NA,NA,30.3,84.5,0.38,160.0,0.0,0.0,10.0,988.0,NA
2026-08-27 22:00:00,61.0,196.0,15.03,57.85,43.13,46.9,24.15,3.83,17.5,0.28,6.08,NA,NA,NA,NA,30.1,84.75,0.45,158.25,0.0,0.0,10.0,988.0,NA
2026-08-27 23:00:00,31.0,191.0,8.18,41.9,28.95,48.4,21.55,3.28,17.3,0.15,4.75,NA,NA,NA,NA,30.05,82.75,0.33,157.5,0.0,0.0,9.25,987.0,NA
2026-08-28 00:00:00,89.0,190.0,7.73,42.65,28.98,48.45,18.9,3.09,16.05,0.23,3.97,NA,NA,NA,NA,30.35,85.0,0.3,160.25,0.0,0.0,9.5,987.0,NA
2026-08-28 01:00:00,111.0,236.0,7.53,29.73,22.0,46.33,17.5,2.85,15.95,0.15,3.93,NA,NA,NA,NA,30.35,86.5,0.3,160.5,0.0,0.0,9.0,987.0,NA
2026-08-28 02:00:00,79.0,208.0,6.28,27.28,19.6,44.98,17.25,2.54,16.5,0.1,2.38,NA,NA,NA,NA,30.45,87.25,0.3,161.25,0.0,0.0,9.25,987.25,NA
2026-08-28 03:00:00,72.0,170.0,12.93,26.08,24.33,49.35,13.98,2.58,19.15,0.13,1.88,NA,NA,NA,NA,30.25,88.5,0.3,159.5,0.0,0.0,10.0,989.0,NA
2026-08-28 04:00:00,NA,167.0,14.08,24.18,24.28,46.53,16.25,2.6,16.75,0.18,2.8,NA,NA,NA,NA,30.18,89.5,0.3,158.75,0.0,0.0,10.0,988.0,NA
2026-08-28 05:00:00,1.0,168.0,15.13,23.55,24.8,46.2,21.8,2.51,17.58,0.23,2.83,NA,NA,NA,NA,30.25,88.25,0.35,159.5,0.0,0.0,9.75,988.0,NA
2026-08-28 06:00:00,22.0,183.0,11.93,23.15,22.0,44.55,18.13,2.49,17.4,0.3,2.65,NA,NA,NA,NA,30.6,85.0,0.55,162.75,0.0,0.0,23.25,988.0,NA
2026-08-28 07:00:00,17.0,184.0,10.8,18.93,18.85,44.85,17.7,2.48,16.8,0.25,2.75,NA,NA,NA,NA,31.2,81.75,0.68,168.0,0.0,0.0,103.5,987.0,NA
2026-08-28 08:00:00,78.0,150.0,7.45,12.93,12.9,43.95,16.23,2.38,18.1,0.08,1.88,NA,NA,NA,NA,31.93,72.5,1.2,174.75,0.0,0.0,145.5,987.0,NA
2026-08-28 09:00:00,19.0,158.0,6.93,13.33,12.73,43.75,16.25,2.34,17.33,0.18,1.45,NA,NA,NA,NA,32.0,70.25,1.2,175.75,0.0,0.0,219.25,987.0,NA
2026-08-28 10:00:00,52.0,155.0,5.9,13.15,11.78,45.35,15.78,2.34,17.5,0.3,1.6,NA,NA,NA,NA,34.25,60.5,1.83,196.5,0.0,0.0,643.0,987.25,NA
2026-08-28 11:00:00,70.0,167.0,6.28,13.83,12.5,48.53,13.73,2.38,17.25,0.2,1.38,NA,NA,NA,NA,34.25,58.75,2.25,196.25,0.0,0.0,434.25,989.0,NA
2026-08-28 12:00:00,NA,199.0,6.33,14.33,12.83,43.95,14.05,2.36,18.35,0.25,1.8,NA,NA,NA,NA,34.2,60.0,1.83,196.0,0.0,0.0,413.75,988.0,NA
2026-08-28 13:00:00,16.0,196.0,4.43,14.0,11.05,44.28,16.1,2.34,18.75,0.28,1.33,NA,NA,NA,NA,35.18,57.0,1.93,204.5,0.0,0.0,546.0,988.0,NA
2026-08-28 14:00:00,24.0,195.0,4.1,14.63,11.18,44.58,15.28,2.32,19.0,0.3,1.43,NA,NA,NA,NA,35.4,56.5,1.75,206.75,0.0,0.0,369.0,988.0,NA
2026-08-28 15:00:00,11.0,210.0,4.43,13.65,10.88,44.45,11.85,2.3,19.18,0.23,1.58,NA,NA,NA,NA,34.98,58.75,1.67,202.75,0.0,0.0,254.5,987.25,NA
2026-08-28 16:00:00,59.0,204.0,4.53,14.73,11.55,44.78,10.48,2.3,19.28,0.23,1.45,NA,NA,NA,NA,35.65,56.25,1.43,209.25,0.0,0.0,194.25,987.0,NA
2026-08-28 17:00:00,50.0,212.0,4.93,17.4,13.23,44.25,10.33,2.37,18.35,0.0,1.53,NA,NA,NA,NA,35.03,58.5,1.15,203.25,0.0,0.0,75.0,987.0,NA
2026-08-28 18:00:00,63.0,222.0,6.73,24.83,18.63,44.95,11.93,2.64,18.13,0.05,1.95,NA,NA,NA,NA,33.45,64.5,0.55,188.75,0.0,0.0,16.75,987.25,NA
2026-08-28 19:00:00,121.0,243.0,7.48,32.6,23.45,47.73,17.98,2.99,17.78,0.1,2.6,NA,NA,NA,NA,32.55,70.0,0.33,180.5,0.0,0.0,9.75,988.5,NA
2026-08-28 20:00:00,31.0,248.0,11.05,37.58,29.0,45.9,19.78,3.34,17.0,0.1,4.13,NA,NA,NA,NA,31.63,77.5,0.3,172.0,0.0,0.0,10.0,988.0,NA
2026-08-28 21:00:00,33.0,267.0,16.1,41.53,35.18,42.15,22.95,3.92,16.88,0.13,5.08,NA,NA,NA,NA,31.28,80.0,0.3,168.75,0.0,0.0,10.0,988.0,NA
2026-08-28 22:00:00,40.0,244.0,19.68,37.93,36.18,43.4,25.3,4.06,16.03,0.1,5.15,NA,NA,NA,NA,31.05,82.75,0.3,167.0,0.0,0.0,10.0,988.0,NA
2026-08-28 23:00:00,16.0,245.0,29.13,33.08,41.3,42.73,26.35,3.87,16.35,0.2,4.5,NA,NA,NA,NA,31.13,83.0,0.3,167.5,0.0,0.0,9.25,987.0,NA
2026-08-29 00:00:00,101.0,237.0,14.43,29.88,27.6,44.68,30.88,3.54,19.3,0.2,3.85,NA,NA,NA,NA,31.08,80.75,0.33,167.25,0.0,0.0,9.5,987.0,NA
2026-08-29 01:00:00,64.0,152.0,8.05,20.15,17.3,45.08,31.2,2.72,17.83,0.28,2.3,NA,NA,NA,NA,31.53,74.25,0.98,171.25,0.0,0.0,9.25,987.0,NA
2026-08-29 02:00:00,28.0,132.0,6.98,15.75,14.05,44.55,20.38,2.38,17.13,0.25,1.38,NA,NA,NA,NA,31.23,75.25,0.58,168.5,0.0,0.0,9.5,987.0,NA
2026-08-29 03:00:00,59.0,105.0,6.53,19.8,15.83,47.13,14.73,2.48,17.13,0.25,1.43,NA,NA,NA,NA,30.78,78.0,0.43,164.5,0.0,0.0,10.0,989.0,NA
2026-08-29 04:00:00,NA,89.0,6.6,15.48,13.6,44.13,15.25,2.4,17.3,0.18,1.35,NA,NA,NA,NA,30.53,79.0,0.85,161.75,0.0,0.0,10.0,988.0,NA
2026-08-29 05:00:00,6.0,107.0,6.52,15.43,13.5,43.18,15.2,2.38,17.23,0.13,1.4,NA,NA,NA,NA,30.4,78.0,1.0,161.0,0.0,0.0,9.75,988.0,NA
2026-08-29 06:00:00,7.0,97.0,7.85,16.68,15.25,44.03,15.35,2.41,17.13,0.1,1.05,NA,NA,NA,NA,30.3,76.5,1.28,160.0,0.0,0.0,32.75,988.25,NA
2026-08-29 07:00:00,9.0,133.0,8.13,15.58,14.95,41.45,14.7,2.43,17.35,0.1,1.08,NA,NA,NA,NA,30.83,73.25,1.53,164.5,0.0,0.0,126.5,986.25,NA
2026-08-29 08:00:00,72.0,130.0,6.1,12.83,11.85,44.33,12.68,2.45,17.35,0.1,1.18,NA,NA,NA,NA,31.15,71.0,1.78,167.75,0.0,0.0,137.75,987.0,NA
2026-08-29 09:00:00,40.0,150.0,5.93,12.9,11.7,43.6,14.4,2.44,17.58,0.1,1.23,NA,NA,NA,NA,32.28,66.25,1.83,178.0,0.0,0.0,433.0,987.0,NA
2026-08-29 10:00:00,52.0,141.0,5.35,12.15,10.83,43.28,14.5,2.41,17.63,0.1,2.1,NA,NA,NA,NA,34.25,58.25,2.23,196.5,0.0,0.0,637.5,987.0,NA
2026-08-29 11:00:00,83.0,141.0,4.73,12.7,10.65,44.88,13.5,2.5,17.63,0.23,2.0,NA,NA,NA,NA,34.98,56.0,2.15,202.75,0.0,0.0,683.0,988.5,NA
2026-08-29 12:00:00,NA,134.0,5.35,12.18,10.85,43.13,12.8,2.22,18.48,0.65,1.28,NA,NA,NA,NA,35.5,55.0,1.83,207.5,0.0,0.0,675.0,988.25,NA
2026-08-29 13:00:00,NA,151.0,5.25,12.4,10.85,44.0,14.23,2.23,19.05,NA,NA,NA,NA,NA,NA,36.48,52.0,1.5,216.5,0.0,0.0,607.75,988.0,NA
2026-08-29 14:00:00,17.0,150.0,4.93,11.2,10.0,42.83,12.53,2.18,19.33,NA,NA,NA,NA,NA,NA,36.65,51.25,1.48,218.25,0.0,0.0,404.0,988.0,NA
2026-08-29 15:00:00,6.0,152.0,3.15,11.85,8.85,43.4,11.93,2.19,19.68,NA,NA,NA,NA,NA,NA,36.03,52.75,1.38,212.25,0.0,0.0,245.0,987.5,NA
2026-08-29 16:00:00,47.0,155.0,4.98,12.08,10.58,42.93,11.38,2.17,19.7,NA,NA,NA,NA,NA,NA,36.35,50.5,1.5,215.25,0.0,0.0,190.0,987.0,NA
2026-08-29 17:00:00,27.0,155.0,3.4,14.28,10.38,42.75,11.23,2.21,20.08,0.1,2.35,NA,NA,NA,NA,35.63,53.0,1.15,208.5,0.0,0.0,81.5,987.0,NA
2026-08-29 18:00:00,46.0,178.0,4.1,23.65,15.95,43.28,10.38,2.4,18.6,0.1,5.0,NA,NA,NA,NA,34.23,59.5,0.58,196.0,0.0,0.0,26.0,987.0,NA
2026-08-29 19:00:00,116.0,217.0,6.25,23.85,17.78,44.7,13.95,2.55,17.13,0.1,5.25,NA,NA,NA,NA,32.65,71.25,0.3,181.25,0.0,0.0,9.5,988.0,NA
2026-08-29 20:00:00,NA,150.0,7.0,32.35,22.88,43.83,15.13,2.62,17.13,0.1,4.03,NA,NA,NA,NA,31.9,76.5,0.3,174.5,0.0,0.0,9.25,988.0,NA
2026-08-29 21:00:00,12.0,167.0,7.73,29.58,21.98,42.25,13.33,2.82,16.9,0.1,4.6,NA,NA,NA,NA,31.75,78.5,0.3,173.25,0.0,0.0,9.75,988.0,NA
2026-08-29 22:00:00,25.0,184.0,16.25,35.23,31.88,42.35,16.4,3.0,17.15,0.1,5.08,NA,NA,NA,NA,31.78,78.25,0.3,173.75,0.0,0.0,9.75,988.0,NA
2026-08-29 23:00:00,27.0,255.0,12.8,40.63,32.0,44.83,18.88,3.21,16.8,0.1,5.95,NA,NA,NA,NA,31.98,76.0,0.3,175.0,0.0,0.0,9.25,987.25,NA
2026-08-30 00:00:00,90.0,217.0,12.55,33.78,28.1,42.35,19.25,2.84,17.75,0.1,4.8,NA,NA,NA,NA,32.2,72.75,0.73,177.25,0.0,0.0,9.25,987.0,NA
2026-08-30 01:00:00,63.0,190.0,6.18,19.5,15.43,41.88,19.08,2.4,18.1,0.15,5.38,NA,NA,NA,NA,32.1,69.25,0.8,176.75,0.0,0.0,9.5,987.0,NA
2026-08-30 02:00:00,NA,95.0,6.43,16.48,13.95,43.0,15.48,2.22,17.48,0.23,2.1,NA,NA,NA,NA,31.75,69.0,0.83,173.0,0.0,0.0,9.25,987.0,NA
2026-08-30 03:00:00,67.0,105.0,5.23,14.75,12.0,45.25,15.1,2.31,16.83,0.18,2.35,NA,NA,NA,NA,31.55,68.5,1.48,171.25,0.0,0.0,9.5,988.75,NA
2026-08-30 04:00:00,NA,85.0,5.55,12.48,11.13,44.33,13.45,2.26,16.98,0.1,2.15,NA,NA,NA,NA,31.15,68.0,1.3,168.0,0.0,0.0,9.75,988.25,NA
2026-08-30 05:00:00,NA,89.0,4.98,13.18,11.08,43.63,14.7,2.24,17.48,0.1,1.8,NA,NA,NA,NA,30.75,69.75,1.58,164.0,0.0,0.0,9.75,988.0,NA
2026-08-30 06:00:00,5.0,94.0,6.28,14.83,13.03,44.3,11.75,2.26,17.35,0.1,1.15,NA,NA,NA,NA,30.42,70.75,1.78,161.25,0.0,0.0,20.25,988.0,NA
2026-08-30 07:00:00,20.0,112.0,5.68,12.7,11.45,42.43,13.98,2.27,17.75,0.1,1.2,NA,NA,NA,NA,30.6,69.75,2.08,162.5,0.0,0.0,103.75,987.25,NA
2026-08-30 08:00:00,56.0,130.0,6.2,11.58,11.18,43.38,12.48,2.27,17.92,0.08,1.38,NA,NA,NA,NA,31.23,67.75,2.47,168.25,0.0,0.0,135.0,987.0,NA
2026-08-30 09:00:00,14.0,152.0,5.68,12.2,11.18,42.45,13.55,2.3,18.18,0.1,1.38,NA,NA,NA,NA,32.03,65.0,2.1,175.75,0.0,0.0,395.0,987.0,NA
2026-08-30 10:00:00,44.0,167.0,6.6,11.58,11.55,43.08,12.83,2.35,18.4,0.1,1.33,NA,NA,NA,NA,32.78,62.75,1.68,182.75,0.0,0.0,354.0,987.0,NA
2026-08-30 11:00:00,55.0,171.0,5.53,12.38,11.08,44.15,12.43,2.45,18.53,0.1,1.25,NA,NA,NA,NA,33.93,59.5,1.7,193.0,0.0,0.0,423.5,988.5,NA
2026-08-30 12:00:00,NA,155.0,4.2,13.85,10.83,42.38,11.7,2.41,19.18,0.15,1.35,NA,NA,NA,NA,34.18,59.0,1.53,195.25,0.0,0.0,377.0,988.25,NA
2026-08-30 13:00:00,NA,166.0,4.6,11.25,9.78,43.0,13.78,2.42,19.55,0.43,1.5,NA,NA,NA,NA,34.85,56.5,1.23,201.75,0.0,0.0,375.25,988.0,NA
2026-08-30 14:00:00,12.0,169.0,3.33,10.85,8.48,42.25,14.28,2.38,20.03,0.23,1.85,NA,NA,NA,NA,36.03,53.5,0.9,212.75,0.0,0.0,371.0,988.0,NA
2026-08-30 15:00:00,20.0,168.0,4.2,10.95,9.3,42.73,11.23,2.35,20.5,0.1,1.45,NA,NA,NA,NA,35.88,53.0,0.68,211.0,0.0,0.0,234.25,987.5,NA
2026-08-30 16:00:00,46.0,168.0,3.25,14.8,10.58,42.48,11.03,2.31,20.18,0.1,1.4,NA,NA,NA,NA,34.63,57.0,0.65,199.5,0.0,0.0,118.0,987.0,NA
2026-08-30 17:00:00,46.0,199.0,4.0,17.65,12.65,40.3,12.05,2.4,19.38,0.1,2.33,NA,NA,NA,NA,33.95,60.0,0.55,193.5,0.0,0.0,64.25,987.0,NA
2026-08-30 18:00:00,38.0,172.0,3.88,23.85,15.88,40.6,12.45,2.54,18.68,0.18,3.9,NA,NA,NA,NA,33.1,62.75,0.33,186.0,0.0,0.0,25.25,987.0,NA
2026-08-30 19:00:00,41.0,186.0,5.55,30.13,20.6,43.43,14.9,2.96,18.08,0.13,3.8,NA,NA,NA,NA,32.05,68.25,0.3,176.25,0.0,0.0,9.25,988.25,NA
2026-08-30 20:00:00,NA,196.0,6.05,39.53,25.85,43.73,16.88,3.3,18.18,0.15,4.55,NA,NA,NA,NA,31.88,71.0,0.3,174.25,0.0,0.0,9.5,988.25,NA
2026-08-30 21:00:00,20.0,217.0,6.93,34.38,23.9,44.68,18.48,3.26,18.5,0.3,4.3,NA,NA,NA,NA,31.98,71.5,0.38,175.25,0.0,0.0,9.25,988.0,NA
2026-08-30 22:00:00,29.0,194.0,3.88,27.63,17.83,43.68,16.68,2.94,18.18,0.28,2.88,NA,NA,NA,NA,31.83,73.0,0.4,174.0,0.0,0.0,9.75,988.0,NA
2026-08-30 23:00:00,23.0,161.0,7.2,32.55,23.13,44.38,16.95,2.77,17.15,0.2,2.05,NA,NA,NA,NA,31.65,75.0,0.33,172.25,0.0,0.0,9.25,987.25,NA
2026-08-31 00:00:00,63.0,174.0,8.53,32.65,24.35,41.98,16.43,2.67,17.13,0.18,2.25,NA,NA,NA,NA,31.68,74.0,0.55,172.5,0.0,0.0,9.25,987.0,NA
2026-08-31 01:00:00,45.0,156.0,5.53,20.8,15.55,42.15,15.38,2.52,17.98,0.1,2.05,NA,NA,NA,NA,31.73,70.25,1.38,172.5,0.0,0.0,9.25,987.0,NA
2026-08-31 02:00:00,33.0,114.0,5.75,18.05,14.25,42.6,14.52,2.36,17.55,0.1,1.6,NA,NA,NA,NA,31.43,67.5,0.63,170.25,0.0,0.0,9.5,987.0,NA
2026-08-31 03:00:00,35.0,97.0,5.73,19.65,15.15,44.08,13.3,2.44,17.03,0.15,1.48,NA,NA,NA,NA,31.1,68.0,0.67,167.0,0.0,0.0,9.5,988.5,NA
2026-08-31 04:00:00,NA,83.0,5.25,16.1,12.85,43.65,13.75,2.49,17.53,0.1,1.28,NA,NA,NA,NA,30.78,68.0,0.9,164.0,0.0,0.0,9.25,988.0,NA
2026-08-31 05:00:00,1.0,91.0,3.93,14.58,11.05,44.5,13.5,2.43,17.75,0.1,1.23,NA,NA,NA,NA,30.53,68.5,1.73,162.0,0.0,0.0,9.75,988.0,NA
2026-08-31 06:00:00,5.0,88.0,5.43,15.85,12.85,44.33,10.45,2.45,17.8,0.1,0.98,NA,NA,NA,NA,30.25,69.75,1.68,159.25,0.0,0.0,20.75,988.0,NA
2026-08-31 07:00:00,25.0,103.0,6.3,14.0,12.58,42.6,13.35,2.53,17.9,0.1,1.13,NA,NA,NA,NA,30.23,69.5,2.23,159.25,0.0,0.0,55.75,987.25,NA
2026-08-31 08:00:00,45.0,127.0,4.18,13.33,10.48,43.2,11.88,2.54,18.13,0.1,1.08,NA,NA,NA,NA,30.48,68.5,2.18,161.75,0.0,0.0,113.5,987.0,NA
2026-08-31 09:00:00,28.0,130.0,6.8,15.55,13.85,42.28,12.65,2.56,18.35,0.1,1.1,NA,NA,NA,NA,31.08,67.25,1.9,166.75,0.0,0.0,187.75,987.0,NA
2026-08-31 10:00:00,39.0,162.0,8.98,15.25,15.43,43.18,12.25,2.62,18.9,0.13,2.23,NA,NA,NA,NA,32.6,62.0,1.63,181.0,0.0,0.0,378.5,987.0,NA
2026-08-31 11:00:00,56.0,156.0,5.35,15.25,12.45,43.93,14.3,2.63,19.15,0.15,2.35,NA,NA,NA,NA,33.75,58.5,2.18,191.25,0.0,0.0,533.75,988.25,NA
2026-08-31 12:00:00,NA,160.0,3.1,12.1,8.95,42.93,14.48,2.58,20.08,0.2,2.33,NA,NA,NA,NA,35.23,54.0,1.7,205.25,0.0,0.0,618.5,988.0,NA
2026-08-31 13:00:00,NA,169.0,4.9,14.63,11.83,43.8,17.58,2.53,20.55,0.18,3.28,NA,NA,NA,NA,35.43,52.5,1.63,207.25,0.0,0.0,442.75,988.0,NA
2026-08-31 14:00:00,24.0,196.0,5.08,13.2,11.15,41.65,14.55,2.51,20.83,0.2,2.05,NA,NA,NA,NA,35.33,53.75,1.4,206.25,0.0,0.0,327.0,988.0,NA
2026-08-31 15:00:00,13.0,172.0,3.75,12.45,9.75,43.2,13.33,2.51,21.2,0.2,2.43,NA,NA,NA,NA,35.2,54.0,1.33,205.0,0.0,0.0,265.25,987.75,NA
2026-08-31 16:00:00,30.0,183.0,4.0,14.08,10.7,43.73,12.35,2.49,21.53,0.18,3.05,NA,NA,NA,NA,35.6,53.25,1.28,208.5,0.0,0.0,214.25,987.0,NA
2026-08-31 17:00:00,51.0,189.0,5.15,18.1,13.83,41.63,12.98,2.56,20.88,0.1,2.78,NA,NA,NA,NA,35.15,54.25,0.95,204.5,0.0,0.0,82.75,987.0,NA
2026-08-31 18:00:00,46.0,180.0,4.3,24.23,16.4,42.23,11.88,2.7,20.0,0.1,3.9,NA,NA,NA,NA,33.65,57.5,0.53,190.5,0.0,0.0,23.0,987.0,NA
2026-08-31 19:00:00,59.0,200.0,6.38,28.65,20.43,43.03,14.38,2.92,18.5,0.1,5.07,NA,NA,NA,NA,32.75,63.75,0.33,182.0,0.0,0.0,9.5,988.25,NA
2026-08-31 20:00:00,45.0,262.0,6.18,31.23,21.63,43.9,14.7,2.94,17.4,0.1,6.03,NA,NA,NA,NA,31.68,72.75,0.3,172.25,0.0,0.0,9.25,988.0,NA
2026-08-31 21:00:00,17.0,150.0,10.93,38.05,29.13,41.18,14.93,3.05,17.13,0.1,6.6,NA,NA,NA,NA,31.3,74.75,0.3,169.25,0.0,0.0,9.25,988.0,NA
2026-08-31 22:00:00,23.0,190.0,14.15,34.63,29.85,42.75,15.73,3.22,17.0,0.1,6.3,NA,NA,NA,NA,31.18,77.5,0.3,168.0,0.0,0.0,9.75,988.0,NA
2026-08-31 23:00:00,34.0,178.0,12.98,30.83,26.9,45.0,16.68,3.27,17.25,0.1,5.65,NA,NA,NA,NA,31.28,76.25,0.3,168.75,0.0,0.0,9.0,987.5,NA
