Timestamp,PM2.5 (µg/m³),PM10 (µg/m³),NO (µg/m³),NO2 (µg/m³),NOx (ppb),NH3 (µg/m³),SO2 (µg/m³),CO (mg/m³),Ozone (µg/m³),Benzene (µg/m³),Toluene (µg/m³),Xylene (µg/m³),O Xylene (µg/m³),Eth-Benzene (µg/m³),MP-Xylene (µg/m³),AT (°C),RH (%),WS (m/s),WD (deg),RF (mm),TOT-RF (mm),SR (W/mt2),BP (mmHg),VWS (m/s)
2026-01-01 00:00:00,210.0,354.0,1.67,28.67,17.0,52.33,5.67,1.0,7.0,5.0,10.67,NA,1.33,2.0,0.67,13.0,90.33,1.67,128.33,0.0,0.0,5.0,997.0,NA
2026-01-01 01:00:00,221.0,356.0,0.5,28.5,15.75,54.0,6.0,1.0,8.0,4.25,9.0,NA,1.0,1.25,0.0,13.0,90.0,1.75,137.5,0.0,0.0,5.0,997.0,NA
2026-01-01 02:00:00,235.0,362.0,1.0,26.0,15.0,55.0,6.0,1.0,8.5,4.0,7.5,NA,1.0,1.0,0.0,13.0,89.75,1.75,163.5,0.0,0.0,5.0,997.0,NA
2026-01-01 03:00:00,202.0,318.0,0.5,20.0,11.25,46.0,6.0,1.0,8.75,3.0,6.5,NA,0.25,1.0,0.0,13.0,89.5,0.75,170.5,0.0,0.0,5.0,997.0,NA
2026-01-01 04:00:00,200.0,317.0,0.75,16.0,9.25,40.0,6.0,1.0,10.5,3.0,6.0,NA,0.0,1.0,0.0,13.0,89.0,1.75,139.5,0.0,0.0,5.0,997.0,NA
2026-01-01 05:00:00,184.0,307.0,0.0,12.75,6.75,37.0,6.25,1.0,13.75,3.0,5.25,NA,0.0,0.0,0.0,13.0,90.75,2.25,130.0,0.25,1.0,5.0,997.0,NA
2026-01-01 06:00:00,157.0,285.0,0.5,13.25,7.5,36.5,6.0,1.0,14.25,2.0,4.25,NA,0.0,0.0,0.0,13.0,93.0,1.0,138.75,0.0,0.0,5.0,997.0,NA
2026-01-01 07:00:00,136.0,263.0,0.25,13.5,7.75,37.5,6.0,1.0,14.75,2.0,4.0,NA,0.0,0.0,0.0,13.0,92.25,1.25,138.75,0.0,0.0,6.5,997.0,NA
2026-01-01 08:00:00,138.0,259.0,1.0,14.0,8.25,38.75,6.25,1.0,15.0,2.0,3.25,NA,0.0,0.0,0.0,13.0,90.5,1.0,154.75,0.0,0.0,15.5,997.0,NA
2026-01-01 09:00:00,149.0,278.0,1.5,14.33,9.25,39.75,6.0,1.0,15.25,2.0,4.0,NA,0.0,0.0,0.0,13.0,89.25,1.25,147.0,0.0,0.0,34.25,997.0,NA
2026-01-01 10:00:00,154.0,271.0,3.25,15.25,10.75,40.25,6.0,1.0,15.75,2.0,4.25,NA,0.0,0.0,0.0,13.75,87.25,1.75,150.25,0.0,0.0,54.5,997.0,NA
2026-01-01 11:00:00,171.0,277.0,4.0,17.67,12.75,43.5,6.75,1.0,17.5,2.0,5.25,NA,0.0,0.0,0.0,14.25,83.0,1.0,153.0,0.0,0.0,103.0,997.0,NA
2026-01-01 12:00:00,177.0,282.0,4.0,18.25,13.0,46.75,7.0,1.0,29.75,2.0,6.0,NA,0.0,0.0,0.0,16.0,73.25,0.5,145.5,0.0,0.0,207.5,996.0,NA
2026-01-01 13:00:00,206.0,312.0,4.0,24.0,16.5,49.25,7.0,1.0,40.75,2.5,7.25,NA,0.0,0.25,0.0,17.0,68.5,1.0,117.5,0.0,0.0,199.25,995.5,NA
2026-01-01 14:00:00,244.0,378.0,3.0,28.0,17.25,50.75,7.0,1.0,49.75,3.0,11.75,NA,0.25,1.0,0.0,17.0,68.25,0.5,230.0,0.0,0.0,128.25,995.75,NA
2026-01-01 15:00:00,232.0,340.0,1.75,23.75,14.0,50.5,7.0,1.0,37.25,3.0,15.0,NA,0.75,1.5,0.0,16.0,73.0,0.5,225.0,0.0,0.0,81.5,996.0,NA
2026-01-01 16:00:00,213.0,324.0,2.0,21.25,13.25,49.75,6.5,1.0,28.75,3.0,16.75,NA,1.0,2.0,0.0,15.5,77.75,0.25,249.75,0.0,0.0,49.0,996.5,NA
2026-01-01 17:00:00,194.0,291.0,2.0,22.75,14.0,49.25,6.25,1.0,16.25,3.0,13.75,NA,0.75,2.0,0.0,14.75,83.75,0.0,244.0,0.0,0.0,17.25,997.0,NA
2026-01-01 18:00:00,182.0,289.0,2.5,28.0,17.25,50.0,6.5,1.0,9.25,2.5,11.5,NA,0.25,2.0,0.0,14.0,87.5,0.0,241.0,0.0,0.0,5.25,997.0,NA
2026-01-01 19:00:00,172.0,284.0,2.75,22.25,14.5,48.75,6.5,1.0,8.0,2.5,11.75,NA,0.5,1.25,0.0,14.0,88.5,0.0,226.25,0.0,0.0,5.0,997.0,NA
2026-01-01 20:00:00,146.0,245.0,2.25,16.75,10.75,44.25,7.0,1.0,10.25,2.0,10.25,NA,0.0,1.0,0.0,14.0,89.0,0.5,249.0,0.0,0.0,5.0,997.0,NA
2026-01-01 21:00:00,97.0,186.0,1.25,13.0,8.0,41.75,6.0,1.0,14.0,2.0,8.0,NA,0.0,1.0,0.0,14.0,89.0,0.25,248.5,0.0,0.0,5.0,997.0,NA
2026-01-01 22:00:00,102.0,190.0,1.0,11.0,6.75,40.0,6.0,1.0,22.5,2.0,7.0,NA,0.0,1.5,0.0,14.0,89.0,0.5,249.25,0.0,0.0,5.0,997.0,NA
2026-01-01 23:00:00,85.0,158.0,1.25,7.75,4.75,38.75,6.0,1.0,18.0,2.0,6.75,NA,0.0,1.25,0.0,14.0,89.25,0.5,226.75,0.0,0.0,5.0,997.0,NA
2026-01-02 00:00:00,24.0,89.0,2.0,8.0,5.75,39.25,6.0,1.0,16.5,1.75,5.75,NA,0.0,1.0,0.0,14.0,89.25,1.5,181.5,0.0,0.0,5.0,997.0,NA
2026-01-02 01:00:00,29.0,97.0,1.0,5.75,4.25,39.75,5.25,1.0,19.0,1.0,10.5,NA,0.0,1.0,0.0,14.0,89.0,2.25,180.0,0.0,0.0,5.0,997.0,NA
2026-01-02 02:00:00,24.0,88.0,1.0,6.0,4.0,42.0,5.0,1.0,17.0,1.0,15.25,NA,0.0,1.0,0.0,14.0,89.0,2.5,167.5,0.0,0.0,5.0,997.0,NA
2026-01-02 03:00:00,23.0,89.0,1.75,7.5,5.25,41.75,5.0,1.0,13.0,1.0,17.25,NA,0.0,1.0,0.0,13.25,89.5,0.75,212.5,0.0,0.0,5.0,997.0,NA
2026-01-02 04:00:00,18.0,100.0,1.0,6.75,4.75,40.0,4.75,1.0,10.75,1.0,13.5,NA,0.5,1.0,0.0,13.0,92.0,0.25,204.25,0.0,0.0,5.0,997.0,NA
2026-01-02 05:00:00,23.0,95.0,1.75,7.0,5.25,39.5,4.25,1.0,7.5,1.0,11.5,NA,1.0,2.0,0.0,12.0,94.0,0.0,237.75,0.0,0.0,5.0,997.0,NA
2026-01-02 06:00:00,6.0,63.0,3.0,8.75,7.25,42.0,4.25,1.0,6.25,2.0,8.75,NA,1.0,1.25,0.0,12.0,94.0,0.0,242.75,0.0,0.0,5.0,997.0,NA
2026-01-02 07:00:00,16.0,75.0,2.25,8.25,6.25,42.75,4.25,1.0,7.5,1.75,6.0,NA,0.75,1.0,0.0,13.0,94.0,0.0,245.0,0.0,0.0,6.5,997.0,NA
2026-01-02 08:00:00,12.0,56.0,3.25,8.75,7.5,42.5,4.5,1.0,7.5,1.0,4.5,NA,0.0,0.25,0.0,13.0,94.0,0.0,228.0,0.0,0.0,25.5,997.0,NA
2026-01-02 09:00:00,24.0,78.0,5.0,10.5,9.75,42.5,5.0,1.0,10.0,1.0,4.0,NA,0.0,0.0,0.0,14.0,93.5,0.0,246.25,0.0,0.0,66.25,997.0,NA
2026-01-02 10:00:00,34.0,110.0,3.75,7.5,7.25,42.25,5.0,0.25,28.25,1.0,3.75,NA,0.0,0.0,0.0,14.5,85.25,2.25,199.75,0.0,0.0,136.0,997.0,NA
2026-01-02 11:00:00,36.0,111.0,2.25,6.25,5.25,43.0,5.0,0.0,33.25,1.0,5.5,NA,0.0,0.0,0.0,15.0,76.75,2.5,198.75,0.0,0.0,165.5,996.0,NA
2026-01-02 12:00:00,42.0,107.0,2.25,4.25,4.5,39.0,5.0,0.0,40.0,1.0,9.25,NA,0.0,0.0,0.0,16.0,67.75,1.75,214.75,0.0,0.0,169.75,996.0,NA
2026-01-02 13:00:00,30.0,128.0,2.0,5.25,4.75,36.0,5.0,0.0,40.75,1.0,7.5,NA,0.0,0.0,0.0,16.0,67.0,2.25,215.0,0.0,0.0,114.75,996.0,NA
2026-01-02 14:00:00,29.0,106.0,2.25,5.5,5.0,35.25,5.5,0.5,40.0,1.0,6.5,NA,0.0,0.0,0.0,16.0,67.5,3.0,186.5,0.0,0.0,132.5,996.0,NA
2026-01-02 15:00:00,51.0,129.0,3.0,7.25,6.0,34.5,5.0,1.0,37.25,1.0,10.75,NA,0.0,0.0,0.0,15.25,71.25,3.0,203.25,0.0,0.0,80.5,996.25,NA
2026-01-02 16:00:00,60.0,147.0,2.25,8.75,6.25,33.25,5.0,1.0,35.5,1.0,12.25,NA,0.0,0.0,0.0,15.0,68.5,1.5,222.75,0.0,0.0,58.5,996.5,NA
2026-01-02 17:00:00,57.0,141.0,1.5,10.0,6.75,33.25,5.0,0.75,36.5,1.0,8.75,NA,0.0,0.0,0.0,15.0,71.25,1.0,231.75,0.0,0.0,13.5,997.0,NA
2026-01-02 18:00:00,55.0,152.0,2.0,20.5,12.25,34.25,5.0,1.0,21.5,1.0,7.25,NA,0.0,0.0,0.0,13.75,77.25,0.0,243.0,0.0,0.0,5.25,997.0,NA
2026-01-02 19:00:00,128.0,238.0,6.5,34.0,23.5,35.5,5.0,1.0,7.0,1.25,7.75,NA,0.0,0.75,0.0,13.0,84.5,0.0,251.0,0.0,0.0,5.0,997.0,NA
2026-01-02 20:00:00,122.0,238.0,3.5,28.0,18.0,36.25,5.0,1.0,6.5,2.0,8.75,NA,0.75,1.0,0.0,13.0,85.5,0.0,224.25,0.0,0.0,5.0,997.0,NA
2026-01-02 21:00:00,95.0,205.0,4.75,25.0,17.25,38.5,5.0,1.0,5.5,2.0,7.25,NA,1.0,1.25,0.0,14.0,86.25,0.0,237.75,0.0,0.0,5.0,997.0,NA
2026-01-02 22:00:00,110.0,210.0,3.75,20.75,14.25,39.0,5.0,1.0,6.25,1.75,5.75,NA,1.0,2.5,0.25,14.0,86.75,0.0,244.75,0.0,0.0,5.0,997.0,NA
2026-01-02 23:00:00,78.0,172.0,4.0,18.75,13.5,40.25,5.0,1.0,6.25,1.0,4.5,NA,1.0,3.0,1.0,14.0,87.0,0.0,237.25,0.0,0.0,5.0,997.0,NA
2026-01-03 00:00:00,80.0,166.0,2.25,14.75,9.75,40.25,5.0,1.0,7.75,1.0,4.0,NA,1.0,2.5,0.25,12.75,87.75,0.0,236.25,0.0,0.0,5.0,997.0,NA
2026-01-03 01:00:00,86.0,183.0,2.0,12.25,8.25,41.25,5.5,1.0,9.0,1.0,12.75,NA,1.0,2.75,0.25,13.0,90.25,0.0,230.5,0.0,0.0,5.0,997.0,NA
2026-01-03 02:00:00,85.0,190.0,5.0,11.0,10.0,43.0,5.0,1.0,5.5,1.0,23.25,NA,2.0,4.75,1.0,12.5,91.5,0.0,241.25,0.0,0.0,5.0,997.0,NA
2026-01-03 03:00:00,72.0,162.0,5.0,12.25,10.75,37.25,5.25,1.0,5.0,1.0,20.25,NA,2.0,3.5,0.75,12.0,94.0,0.0,241.75,0.0,0.0,5.0,997.0,NA
2026-01-03 04:00:00,64.0,156.0,9.25,12.75,14.75,36.0,5.75,1.0,4.75,1.0,13.5,NA,1.25,2.25,0.0,13.0,94.0,0.0,227.25,0.0,0.0,5.0,997.0,NA
2026-01-03 05:00:00,244.0,399.0,9.25,14.5,15.25,31.5,6.0,1.0,4.75,1.0,9.75,NA,1.0,1.75,0.0,13.0,94.0,0.0,247.75,0.0,0.0,5.0,997.0,NA
2026-01-03 06:00:00,124.0,243.0,11.25,14.25,16.75,30.75,6.75,1.0,4.75,1.0,7.5,NA,1.0,1.0,0.0,13.0,94.0,0.0,225.5,0.0,0.0,5.0,997.0,NA
2026-01-03 07:00:00,85.0,204.0,11.75,14.0,17.0,29.75,6.0,1.0,4.75,1.0,5.5,NA,0.25,1.0,0.0,13.0,94.0,0.0,237.0,0.0,0.0,7.75,997.0,NA
2026-01-03 08:00:00,105.0,200.0,7.5,18.0,16.0,30.0,6.5,1.0,5.75,1.0,4.5,NA,0.0,0.5,0.0,13.25,92.25,0.0,238.25,0.0,0.0,27.0,997.0,NA
2026-01-03 09:00:00,82.0,185.0,5.75,18.0,14.5,30.75,7.25,1.0,8.25,1.0,4.0,NA,0.0,0.0,0.0,14.0,88.25,0.5,220.25,0.0,0.0,52.0,997.0,NA
2026-01-03 10:00:00,107.0,205.0,7.75,20.25,17.25,31.5,8.0,1.0,10.5,1.0,4.0,NA,0.0,0.0,0.0,14.5,83.0,1.25,224.75,0.0,0.0,93.5,997.0,NA
2026-01-03 11:00:00,151.0,257.0,8.0,18.0,16.25,32.0,8.0,1.0,16.5,2.0,6.75,NA,0.0,0.0,0.0,15.5,75.0,1.0,215.5,0.0,0.0,145.75,996.25,NA
2026-01-03 12:00:00,117.0,207.0,3.25,10.25,8.5,31.5,8.0,1.0,32.5,1.75,7.0,NA,0.0,0.0,0.0,16.5,66.5,1.75,222.5,0.0,0.0,203.0,995.75,NA
2026-01-03 13:00:00,77.0,156.0,1.75,5.75,4.5,34.25,7.0,0.5,49.75,1.0,5.75,NA,0.0,0.0,0.0,16.25,62.0,0.75,226.0,0.0,0.0,129.75,995.75,NA
2026-01-03 14:00:00,44.0,146.0,NA,11.0,5.0,45.0,3.0,0.0,56.5,1.0,3.33,NA,0.0,0.0,0.0,16.33,60.67,1.0,194.67,0.0,0.0,104.67,995.67,NA
2026-01-03 15:00:00,66.0,145.0,2.0,11.25,8.25,40.25,5.5,1.0,48.5,1.0,4.25,NA,0.0,0.0,0.0,16.0,64.5,1.0,217.0,0.0,0.0,83.5,996.0,NA
2026-01-03 16:00:00,95.0,177.0,3.25,14.75,10.25,34.5,5.25,1.0,44.75,1.0,5.75,NA,0.0,0.0,0.0,15.5,67.25,0.75,214.25,0.0,0.0,35.25,996.5,NA
2026-01-03 17:00:00,105.0,206.0,2.5,16.5,10.5,35.0,5.0,1.0,37.5,1.0,6.25,NA,0.0,0.0,0.0,14.75,72.0,0.5,191.5,0.0,0.0,16.75,997.0,NA
2026-01-03 18:00:00,111.0,212.0,1.25,23.5,13.5,36.25,5.0,1.0,20.5,1.0,12.25,NA,0.0,1.0,0.0,13.25,81.0,0.0,271.0,0.0,0.0,5.25,997.0,NA
2026-01-03 19:00:00,187.0,290.0,12.0,37.75,29.75,37.25,6.0,1.5,7.5,1.75,28.5,NA,0.5,2.0,0.0,13.0,85.5,0.0,228.75,0.0,0.0,5.0,997.0,NA
2026-01-03 20:00:00,233.0,371.0,12.0,35.5,28.75,38.25,5.25,1.75,6.0,2.0,28.25,NA,1.0,2.75,0.0,13.0,86.25,0.0,162.5,0.0,0.0,5.0,997.0,NA
2026-01-03 21:00:00,176.0,307.0,5.0,35.25,23.25,40.5,6.75,1.0,6.25,2.75,27.75,NA,1.5,4.5,0.75,13.25,86.25,0.0,81.0,0.0,0.0,5.0,997.0,NA
2026-01-03 22:00:00,194.0,334.0,4.25,35.75,22.5,40.25,7.25,1.0,6.75,3.0,35.25,NA,3.0,9.25,2.5,14.0,84.0,0.0,95.75,0.0,0.0,5.0,997.0,NA
2026-01-03 23:00:00,182.0,313.0,8.75,31.25,23.75,38.25,7.0,1.0,5.75,3.0,34.75,NA,3.0,10.75,2.75,13.5,84.75,0.0,213.5,0.0,0.0,5.0,997.0,NA
2026-01-04 00:00:00,135.0,246.0,10.25,26.5,22.75,36.25,5.67,1.0,5.25,2.5,27.0,NA,2.25,8.25,2.0,13.0,87.25,0.0,230.5,0.0,0.0,5.0,997.0,NA
2026-01-04 01:00:00,152.0,239.0,8.5,23.25,19.5,37.0,4.5,1.0,5.0,2.0,20.25,NA,2.0,6.0,1.25,13.0,89.25,0.0,224.25,0.0,0.0,5.0,997.0,NA
2026-01-04 02:00:00,125.0,237.0,7.0,22.0,18.0,38.0,4.0,1.0,5.25,2.0,16.0,NA,2.0,5.0,1.0,12.5,90.5,0.0,218.25,0.0,0.0,5.0,997.0,NA
2026-01-04 03:00:00,146.0,259.0,9.5,21.0,19.25,35.0,5.25,1.0,4.75,2.0,14.5,NA,2.25,5.0,1.0,13.0,92.75,0.0,239.75,0.0,0.0,5.25,997.0,NA
2026-01-04 04:00:00,140.0,250.0,8.25,21.75,18.5,32.75,13.75,1.0,5.25,2.0,12.25,NA,2.0,3.75,1.0,13.0,92.75,0.0,243.5,0.0,0.0,5.0,997.0,NA
2026-01-04 05:00:00,122.0,232.0,5.5,21.5,16.5,31.5,7.5,1.0,5.75,2.0,10.25,NA,1.25,3.0,0.25,12.0,93.25,0.0,231.5,0.0,0.0,5.0,997.0,NA
2026-01-04 06:00:00,113.0,223.0,10.25,21.25,20.0,32.75,8.75,1.0,6.0,2.0,9.75,NA,1.0,3.0,0.0,13.0,94.0,0.0,230.5,0.0,0.0,5.0,997.0,NA
2026-01-04 07:00:00,130.0,250.0,18.25,18.0,24.75,34.25,6.75,1.0,6.0,2.0,10.0,NA,1.0,3.0,0.0,12.25,93.5,0.0,213.75,0.0,0.0,8.5,997.0,NA
2026-01-04 08:00:00,183.0,304.0,20.5,19.0,27.0,36.25,6.25,1.0,6.0,2.0,8.75,NA,1.0,2.5,0.0,12.75,92.5,0.5,234.0,0.0,0.0,37.5,997.0,NA
2026-01-04 09:00:00,119.0,232.0,15.5,22.5,24.75,36.25,7.0,1.0,7.25,2.0,7.75,NA,1.0,2.0,0.0,13.5,87.25,1.0,225.25,0.0,0.0,83.25,997.0,NA
2026-01-04 10:00:00,118.0,226.0,4.75,12.75,11.0,35.5,8.0,1.0,17.0,2.0,7.5,NA,1.0,1.25,0.0,15.0,76.5,1.25,232.5,0.0,0.0,158.0,996.5,NA
2026-01-04 11:00:00,100.0,184.0,2.5,10.25,7.5,35.25,6.75,1.0,32.25,1.5,5.25,NA,0.25,1.0,0.0,16.75,65.75,2.0,222.25,0.0,0.0,228.0,995.75,NA
2026-01-04 12:00:00,97.0,196.0,2.75,10.75,8.0,35.5,6.0,1.0,37.75,1.0,4.25,NA,0.0,1.0,0.0,16.0,68.25,2.5,196.75,0.0,0.0,209.5,996.0,NA
2026-01-04 13:00:00,127.0,226.0,2.75,11.25,8.0,37.5,6.0,0.75,44.75,1.0,6.0,NA,0.0,1.0,0.0,16.5,65.75,3.5,181.25,0.0,0.0,249.25,995.5,NA
2026-01-04 14:00:00,119.0,205.0,1.75,11.75,8.0,37.0,6.0,0.0,51.75,1.0,5.25,NA,0.0,1.0,0.0,16.0,67.25,3.75,177.25,0.0,0.0,189.5,996.0,NA
2026-01-04 15:00:00,110.0,202.0,2.0,12.5,8.25,35.75,5.75,0.0,53.0,1.0,7.75,NA,0.0,1.0,0.0,15.25,69.75,3.5,181.0,0.0,0.0,111.5,996.25,NA
2026-01-04 16:00:00,102.0,207.0,1.75,12.0,8.0,35.0,5.0,0.75,49.5,1.0,10.5,NA,0.0,1.0,0.0,14.75,73.25,3.5,186.5,0.0,0.0,59.25,997.0,NA
2026-01-04 17:00:00,89.0,184.0,1.25,12.25,7.75,34.75,5.25,1.0,37.75,1.0,13.75,NA,0.0,1.0,0.0,14.0,78.75,2.75,163.75,0.0,0.0,16.5,997.0,NA
2026-01-04 18:00:00,73.0,167.0,1.0,13.25,8.25,35.0,5.0,1.0,39.5,1.0,21.75,NA,0.75,1.75,0.0,13.5,79.75,2.75,175.75,0.0,0.0,5.25,997.0,NA
2026-01-04 19:00:00,74.0,167.0,2.0,16.25,10.25,35.25,5.0,1.0,34.25,1.0,24.5,NA,1.0,2.25,0.0,13.0,81.75,2.5,176.0,0.0,0.0,5.0,997.0,NA
2026-01-04 20:00:00,83.0,171.0,1.0,15.75,9.75,34.75,5.0,1.0,32.25,1.0,32.25,NA,1.0,3.0,0.25,13.0,82.5,2.0,182.75,0.0,0.0,5.0,997.0,NA
2026-01-04 21:00:00,80.0,162.0,0.75,14.5,8.75,33.75,4.5,1.0,33.75,1.0,37.75,NA,1.25,3.5,0.5,13.0,83.5,2.0,161.75,0.0,0.0,5.0,997.0,NA
2026-01-04 22:00:00,60.0,136.0,1.0,12.5,7.75,32.5,4.0,1.0,37.25,1.0,30.25,NA,2.0,4.0,1.0,12.5,83.5,1.75,179.5,0.0,0.0,5.0,997.0,NA
2026-01-04 23:00:00,58.0,133.0,1.0,9.25,5.75,32.75,3.75,0.75,43.0,1.0,25.25,NA,1.75,4.0,1.0,13.0,81.75,2.75,161.5,0.0,0.0,5.0,997.0,NA
2026-01-05 00:00:00,25.0,94.0,0.5,7.5,4.5,32.5,4.33,0.0,42.0,1.0,19.75,NA,1.0,3.0,0.0,12.25,82.5,2.5,153.75,0.0,0.0,5.0,997.0,NA
2026-01-05 01:00:00,45.0,127.0,0.75,8.0,5.0,33.0,4.5,0.0,39.0,1.0,16.5,NA,1.0,2.25,0.0,12.0,84.0,2.75,176.25,0.0,0.0,5.0,997.0,NA
2026-01-05 02:00:00,52.0,145.0,0.0,10.0,6.0,35.0,4.0,0.0,28.25,1.0,14.75,NA,1.0,2.0,0.0,12.0,84.75,1.5,185.75,0.0,0.0,5.0,997.0,NA
2026-01-05 03:00:00,114.0,227.0,1.0,10.5,6.75,32.0,4.5,0.0,30.5,1.0,12.0,NA,1.0,2.0,0.0,12.0,84.5,2.0,188.0,0.0,0.0,5.0,997.0,NA
2026-01-05 04:00:00,80.0,182.0,0.25,8.75,4.75,30.0,5.0,0.0,37.25,1.0,9.5,NA,1.0,1.5,0.0,12.0,82.75,1.75,200.5,0.0,0.0,5.0,997.0,NA
2026-01-05 05:00:00,60.0,146.0,1.0,7.0,4.5,29.75,5.0,0.0,40.0,1.0,6.75,NA,1.0,1.0,0.0,12.0,82.0,2.75,168.25,0.0,0.0,5.0,997.0,NA
2026-01-05 06:00:00,49.0,132.0,0.75,6.75,4.5,31.25,5.25,0.0,38.5,1.0,5.25,NA,0.75,1.0,0.0,12.0,82.25,0.75,208.25,0.0,0.0,5.0,997.0,NA
2026-01-05 07:00:00,45.0,130.0,1.0,9.5,6.25,30.5,5.75,0.0,32.0,1.0,3.75,NA,0.0,0.5,0.0,12.0,83.5,0.5,242.75,0.0,0.0,7.0,997.0,NA
2026-01-05 08:00:00,53.0,139.0,1.75,10.75,7.0,30.5,6.0,0.0,34.0,1.0,3.0,NA,0.0,0.0,0.0,12.0,83.25,0.75,226.0,0.0,0.0,28.25,997.0,NA
2026-01-05 09:00:00,68.0,153.0,3.75,9.5,8.0,30.75,6.0,0.0,42.0,1.0,2.0,NA,0.0,0.0,0.0,12.75,79.25,2.25,173.5,0.0,0.0,97.0,997.0,NA
2026-01-05 10:00:00,61.0,149.0,2.25,7.5,5.75,30.5,6.0,0.0,42.5,1.0,2.0,NA,0.0,0.0,0.0,14.0,71.75,1.25,224.5,0.0,0.0,156.5,997.0,NA
2026-01-05 11:00:00,57.0,139.0,2.0,7.25,5.5,31.0,6.0,0.0,46.0,1.0,2.0,NA,0.0,0.0,0.0,14.75,67.25,1.0,206.25,0.0,0.0,230.25,996.5,NA
2026-01-05 12:00:00,57.0,151.0,2.25,6.0,5.25,31.5,6.0,0.0,55.75,1.0,2.0,NA,0.0,0.0,0.0,16.75,58.5,1.5,216.5,0.0,0.0,326.5,995.25,NA
2026-01-05 13:00:00,52.0,139.0,2.0,6.25,5.25,32.5,6.0,0.0,63.5,0.75,2.0,NA,0.0,0.0,0.0,17.0,57.25,1.75,212.25,0.0,0.0,321.75,995.0,NA
2026-01-05 14:00:00,57.0,135.0,1.75,7.25,5.5,32.5,5.25,0.0,69.25,0.0,1.5,NA,0.0,0.0,0.0,17.0,56.75,1.25,214.5,0.0,0.0,194.0,995.0,NA
2026-01-05 15:00:00,56.0,140.0,1.5,8.25,6.0,32.5,5.0,0.5,72.25,0.0,1.0,NA,0.0,0.0,0.0,16.5,60.5,1.25,231.0,0.0,0.0,86.0,995.75,NA
2026-01-05 16:00:00,61.0,161.0,2.0,9.75,6.75,33.5,5.0,1.0,71.0,0.0,1.5,NA,0.0,0.0,0.0,15.75,67.0,0.5,240.5,0.0,0.0,53.75,996.5,NA
2026-01-05 17:00:00,80.0,189.0,2.0,20.25,12.25,34.0,5.0,1.0,44.5,0.5,2.0,NA,0.0,1.0,0.0,14.5,75.75,0.0,238.75,0.0,0.0,14.0,997.0,NA
2026-01-05 18:00:00,127.0,245.0,2.25,32.0,19.25,35.5,5.0,1.0,17.75,1.0,5.25,NA,0.0,2.25,0.0,13.0,84.5,0.0,235.25,0.0,0.0,5.25,997.0,NA
2026-01-05 19:00:00,127.0,271.0,4.75,39.75,25.0,36.5,5.0,1.25,9.0,1.25,10.25,NA,0.25,3.0,0.25,13.0,88.25,0.0,248.25,0.0,0.0,5.0,997.0,NA
2026-01-05 20:00:00,151.0,311.0,6.75,38.5,26.0,36.5,5.0,1.0,6.75,2.0,16.0,NA,1.5,6.25,1.5,13.0,89.25,0.0,226.0,0.0,0.0,5.0,997.0,NA
2026-01-05 21:00:00,171.0,327.0,5.75,35.5,23.75,37.25,5.0,1.0,6.5,2.0,15.5,NA,2.0,8.0,2.0,12.25,90.0,0.0,226.5,0.0,0.0,5.0,997.0,NA
2026-01-05 22:00:00,207.0,350.0,8.0,29.75,22.75,37.75,5.75,1.25,6.0,2.5,12.5,NA,2.0,7.0,1.25,12.0,93.0,0.0,262.75,0.0,0.0,5.0,997.0,NA
2026-01-05 23:00:00,144.0,259.0,3.75,23.25,15.5,35.25,6.0,1.0,7.0,2.25,10.5,NA,1.75,7.5,1.0,12.0,94.0,0.0,187.0,0.0,0.0,5.0,997.0,NA
2026-01-06 00:00:00,107.0,213.0,3.25,21.5,14.5,33.0,5.0,0.0,6.25,2.0,12.75,NA,1.75,7.0,1.0,12.0,94.0,0.0,238.75,0.0,0.0,5.25,997.0,NA
2026-01-06 01:00:00,97.0,197.0,3.0,18.75,13.0,33.0,5.25,0.0,6.0,2.0,13.75,NA,1.0,7.0,1.0,12.0,94.0,0.0,226.5,0.0,0.0,5.0,997.0,NA
2026-01-06 02:00:00,86.0,179.0,2.0,19.0,12.0,35.0,6.0,0.0,6.75,1.25,17.75,NA,1.0,6.75,1.0,12.0,94.0,0.0,219.0,0.0,0.0,5.0,997.0,NA
2026-01-06 03:00:00,116.0,232.0,3.5,16.5,11.75,32.0,5.0,0.0,7.25,1.0,14.75,NA,1.0,4.5,0.75,12.0,94.0,0.0,234.5,0.0,0.0,5.0,997.0,NA
2026-01-06 04:00:00,86.0,190.0,2.25,14.75,9.75,29.75,5.0,0.0,7.25,1.0,10.75,NA,0.75,2.75,0.0,11.0,94.0,0.0,204.75,0.0,0.0,5.0,997.0,NA
2026-01-06 05:00:00,100.0,206.0,2.25,13.75,9.5,28.5,5.0,0.0,6.25,1.0,7.5,NA,0.0,2.0,0.0,11.0,94.0,0.0,199.5,0.0,0.0,5.0,997.0,NA
2026-01-06 06:00:00,NA,NA,3.5,13.25,10.0,28.75,4.75,0.0,6.0,1.0,5.25,NA,0.0,1.0,0.0,11.0,94.0,0.25,225.0,0.0,0.0,5.0,997.0,NA
2026-01-06 07:00:00,69.0,172.0,8.0,15.25,14.75,29.75,4.75,0.75,5.5,1.0,4.0,NA,0.0,1.0,0.0,11.0,94.0,0.25,205.5,0.0,0.0,8.0,997.0,NA
2026-01-06 08:00:00,85.0,185.0,9.75,14.25,15.5,30.75,5.0,1.0,6.25,1.0,3.0,NA,0.0,1.0,0.0,11.25,94.0,1.0,219.25,0.0,0.0,21.75,997.0,NA
2026-01-06 09:00:00,107.0,238.0,7.0,14.5,13.25,30.25,5.0,1.0,11.25,1.0,2.75,NA,0.0,0.0,0.0,12.0,94.0,0.75,224.75,0.0,0.0,43.0,997.0,NA
2026-01-06 10:00:00,62.0,174.0,3.0,14.0,10.0,31.5,4.75,1.0,15.25,1.0,2.0,NA,0.0,0.75,0.0,12.5,94.0,1.0,225.75,0.0,0.0,53.0,997.0,NA
2026-01-06 11:00:00,56.0,172.0,2.75,17.5,11.5,32.25,4.25,1.0,16.5,1.0,2.0,NA,0.0,0.0,0.0,13.0,94.0,0.5,229.0,0.0,0.0,56.0,997.0,NA
2026-01-06 12:00:00,62.0,190.0,3.75,15.75,11.5,32.75,5.0,1.0,16.5,1.0,2.5,NA,0.0,0.0,0.0,13.0,90.5,1.25,234.0,0.0,0.0,74.5,997.0,NA
2026-01-06 13:00:00,78.0,189.0,3.5,13.0,10.0,33.75,4.75,1.0,19.75,1.0,3.0,NA,0.0,0.0,0.0,13.0,88.0,1.5,229.0,0.0,0.0,82.75,997.0,NA
2026-01-06 14:00:00,100.0,207.0,3.25,13.0,9.5,34.75,4.75,1.0,24.0,1.0,3.0,NA,0.0,0.25,0.0,13.0,84.25,2.25,209.75,0.0,0.0,93.25,997.0,NA
2026-01-06 15:00:00,96.0,189.0,3.0,12.25,8.75,36.25,5.5,1.0,25.0,1.0,3.75,NA,0.0,1.0,0.0,13.75,80.5,1.0,223.25,0.0,0.0,85.75,997.0,NA
2026-01-06 16:00:00,102.0,195.0,2.75,12.5,9.0,34.25,5.25,1.0,23.5,1.0,3.75,NA,0.0,0.5,0.0,13.5,80.0,1.0,226.0,0.0,0.0,57.0,997.0,NA
2026-01-06 17:00:00,114.0,222.0,2.75,16.25,11.0,34.5,5.5,1.0,17.5,1.0,3.75,NA,0.0,0.0,0.0,12.75,83.25,0.5,234.25,0.0,0.0,17.25,997.0,NA
2026-01-06 18:00:00,129.0,245.0,4.25,22.75,15.75,33.75,5.75,1.0,8.75,1.0,3.25,NA,0.0,0.25,0.0,12.0,88.25,0.0,248.0,0.0,0.0,5.25,997.0,NA
2026-01-06 19:00:00,127.0,248.0,4.25,21.75,15.25,34.75,5.25,1.0,16.0,1.0,4.0,NA,0.0,1.0,0.0,12.0,88.0,1.25,200.0,0.0,0.0,5.0,997.0,NA
2026-01-06 20:00:00,129.0,244.0,1.75,16.25,10.5,34.25,5.25,1.0,21.75,1.0,4.5,NA,0.0,0.5,0.0,12.0,87.0,1.25,229.25,0.0,0.0,5.0,997.0,NA
2026-01-06 21:00:00,117.0,229.0,2.25,14.5,9.75,34.25,6.0,1.0,20.5,1.0,4.0,NA,0.0,0.0,0.0,12.0,88.0,1.0,222.75,0.0,0.0,5.0,997.0,NA
2026-01-06 22:00:00,141.0,254.0,2.75,13.25,9.5,35.0,5.75,1.0,22.25,1.0,4.0,NA,0.0,0.0,0.0,12.0,88.75,1.25,220.5,0.0,0.0,5.0,997.0,NA
2026-01-06 23:00:00,102.0,208.0,1.25,11.0,7.0,35.0,4.5,1.0,23.75,1.0,3.25,NA,0.0,0.0,0.0,12.0,89.0,1.75,204.0,0.0,0.0,5.0,997.0,NA
2026-01-07 00:00:00,77.0,189.0,1.0,9.75,6.25,34.75,5.0,0.0,28.25,1.0,3.0,NA,0.0,0.0,0.0,12.0,89.0,1.75,188.25,0.0,0.0,5.0,997.0,NA
2026-01-07 01:00:00,73.0,172.0,0.75,8.5,5.5,35.75,5.0,0.0,28.0,1.0,3.0,NA,0.0,0.0,0.0,12.0,88.5,1.75,200.25,0.0,0.0,5.0,997.0,NA
2026-01-07 02:00:00,61.0,158.0,1.0,7.0,5.0,38.0,5.0,0.0,30.25,1.0,2.75,NA,0.0,0.0,0.0,12.0,88.0,0.5,231.25,0.0,0.0,5.0,997.0,NA
2026-01-07 03:00:00,52.0,144.0,2.0,7.75,5.25,33.75,5.0,0.0,31.25,0.75,2.0,NA,0.0,0.0,0.0,12.0,88.0,1.25,218.5,0.0,0.0,5.0,997.0,NA
2026-01-07 04:00:00,58.0,147.0,1.25,8.0,5.75,31.75,5.0,0.0,31.0,0.0,1.75,NA,0.0,0.0,0.0,12.0,88.25,0.75,230.0,0.0,0.0,5.0,997.0,NA
2026-01-07 05:00:00,72.0,173.0,1.75,7.5,5.25,31.0,5.0,0.0,31.25,0.0,1.0,NA,0.0,0.0,0.0,12.0,89.0,0.5,232.75,0.0,0.0,5.0,997.0,NA
2026-01-07 06:00:00,50.0,133.0,2.0,7.25,6.0,30.75,5.0,0.0,31.25,0.0,1.0,NA,0.0,0.0,0.0,12.0,89.0,0.25,240.25,0.0,0.0,5.0,997.0,NA
2026-01-07 07:00:00,50.0,143.0,2.25,8.0,6.0,30.0,5.5,0.0,30.75,0.0,1.0,NA,0.0,0.0,0.0,12.0,89.0,0.0,242.75,0.0,0.0,7.0,997.0,NA
2026-01-07 08:00:00,62.0,150.0,2.75,8.5,6.75,33.25,6.25,0.0,30.75,0.0,1.0,NA,0.0,0.0,0.0,12.0,87.75,0.25,239.25,0.0,0.0,20.5,997.0,NA
2026-01-07 09:00:00,71.0,163.0,2.0,9.25,7.0,32.25,6.0,0.0,30.0,0.25,1.0,NA,0.0,0.0,0.0,12.25,85.0,0.25,228.5,0.0,0.0,42.25,997.0,NA
2026-01-07 10:00:00,77.0,178.0,2.75,10.25,8.0,32.5,6.0,0.0,29.5,1.0,1.0,NA,0.0,0.0,0.0,13.0,81.75,1.5,209.75,0.0,0.0,69.75,997.0,NA
2026-01-07 11:00:00,93.0,208.0,3.25,10.25,8.0,33.0,6.0,0.0,32.5,1.0,3.75,NA,0.0,0.0,0.0,13.0,78.75,1.75,176.5,0.0,0.0,111.5,997.0,NA
2026-01-07 12:00:00,82.0,199.0,3.5,9.75,8.0,33.25,6.25,0.0,32.75,1.0,7.25,NA,0.0,0.0,0.0,13.5,75.0,1.25,219.75,0.0,0.0,118.25,997.0,NA
2026-01-07 13:00:00,80.0,184.0,2.75,8.5,7.0,33.75,6.0,0.0,39.75,1.0,7.0,NA,0.0,0.0,0.0,14.75,68.75,1.25,217.5,0.0,0.0,232.25,996.25,NA
2026-01-07 14:00:00,80.0,185.0,3.25,8.75,7.25,34.0,6.25,0.0,47.0,1.0,6.0,NA,0.0,0.0,0.0,15.5,64.25,1.75,199.25,0.0,0.0,184.25,996.0,NA
2026-01-07 15:00:00,86.0,190.0,2.75,9.0,7.25,34.25,6.25,0.0,51.0,1.0,6.0,NA,0.0,0.0,0.0,15.25,66.0,1.0,225.75,0.0,0.0,93.0,996.25,NA
2026-01-07 16:00:00,74.0,178.0,3.25,9.75,8.25,32.5,5.75,0.75,49.0,1.0,4.5,NA,0.0,0.0,0.0,14.0,72.0,0.75,237.5,0.0,0.0,50.75,997.0,NA
2026-01-07 17:00:00,79.0,185.0,2.5,15.75,10.5,34.0,5.5,1.0,32.75,1.0,4.0,NA,0.0,0.0,0.0,13.25,78.75,0.0,245.75,0.0,0.0,17.25,997.0,NA
2026-01-07 18:00:00,102.0,248.0,5.5,34.0,22.75,35.5,6.0,1.0,9.5,1.0,6.75,NA,0.0,1.0,0.0,12.0,86.5,0.0,258.75,0.0,0.0,5.25,997.0,NA
2026-01-07 19:00:00,151.0,305.0,17.5,33.25,32.25,36.25,5.75,1.25,5.75,1.0,11.25,NA,0.25,1.5,0.25,12.0,90.25,0.25,241.0,0.0,0.0,5.0,997.0,NA
2026-01-07 20:00:00,185.0,354.0,6.0,27.0,19.5,31.25,6.0,1.0,13.75,2.0,23.0,NA,1.5,3.75,1.25,12.0,90.25,2.5,163.75,0.0,0.0,5.0,997.0,NA
2026-01-07 21:00:00,139.0,274.0,4.0,22.0,15.25,31.5,6.0,1.0,12.25,2.0,36.75,NA,2.0,5.75,2.0,12.0,89.0,2.25,183.25,0.0,0.0,5.0,997.0,NA
2026-01-07 22:00:00,97.0,213.0,3.0,18.75,12.75,33.25,5.75,1.0,12.75,2.0,30.5,NA,2.0,5.75,1.75,11.25,89.75,2.75,178.25,0.0,0.0,5.0,997.0,NA
2026-01-07 23:00:00,102.0,196.0,2.5,13.5,9.25,35.75,5.5,1.0,17.5,2.0,22.0,NA,1.0,4.0,1.0,11.25,93.0,1.75,195.0,0.0,0.0,5.0,997.0,NA
2026-01-08 00:00:00,56.0,153.0,1.75,10.25,7.0,35.25,5.0,0.0,23.5,1.0,15.0,NA,0.75,2.5,0.5,11.0,91.75,1.0,231.75,0.0,0.0,5.0,997.0,NA
2026-01-08 01:00:00,52.0,129.0,1.5,11.5,7.5,35.5,5.0,0.0,22.0,1.0,9.5,NA,0.0,1.25,0.0,11.0,90.5,1.25,215.75,0.0,0.0,5.0,997.0,NA
2026-01-08 02:00:00,68.0,168.0,2.0,11.0,7.0,36.0,4.0,0.0,22.5,1.0,6.75,NA,0.0,0.75,0.0,11.0,90.0,1.0,217.25,0.0,0.0,5.0,997.0,NA
2026-01-08 03:00:00,51.0,141.0,2.0,10.25,7.25,32.25,4.25,0.0,22.0,1.0,5.25,NA,0.0,0.0,0.0,11.0,90.75,1.5,201.5,0.0,0.0,5.0,997.0,NA
2026-01-08 04:00:00,108.0,112.0,2.0,9.0,7.0,30.25,4.0,0.0,22.0,1.0,3.5,NA,0.0,0.0,0.0,11.0,90.5,1.0,227.0,0.0,0.0,5.0,997.0,NA
2026-01-08 05:00:00,35.0,107.0,2.0,9.75,6.75,30.25,4.75,0.0,23.0,1.0,2.5,NA,0.0,0.0,0.0,11.0,90.0,1.0,233.0,0.0,0.0,5.0,997.0,NA
2026-01-08 06:00:00,35.0,111.0,2.25,9.75,7.0,31.75,5.0,0.0,22.75,1.0,2.0,NA,0.0,0.0,0.0,11.0,90.0,0.0,230.75,0.0,0.0,5.25,997.0,NA
2026-01-08 07:00:00,44.0,130.0,2.0,10.5,7.0,32.5,5.0,0.0,22.75,1.0,2.0,NA,0.0,0.0,0.0,10.5,90.0,0.5,223.5,0.0,0.0,6.75,997.0,NA
2026-01-08 08:00:00,45.0,122.0,2.75,13.25,9.5,33.75,4.25,0.75,20.75,1.0,1.5,NA,0.0,0.0,0.0,10.0,89.25,0.5,231.25,0.0,0.0,19.25,997.0,NA
2026-01-08 09:00:00,101.0,171.0,3.75,13.75,10.75,34.0,3.75,1.0,18.5,1.0,2.0,NA,0.0,0.0,0.0,8.0,88.0,0.5,209.75,0.0,0.0,44.75,997.0,NA
2026-01-08 10:00:00,84.0,185.0,4.25,12.25,10.25,34.75,3.75,1.0,22.0,1.0,2.75,NA,0.0,0.0,0.0,9.0,84.0,0.75,218.5,0.0,0.0,92.75,997.0,NA
2026-01-08 11:00:00,74.0,175.0,6.5,12.0,11.75,35.5,4.0,1.0,26.5,1.0,5.25,NA,0.0,0.0,0.0,9.75,76.25,2.25,168.25,0.0,0.0,270.75,997.0,NA
2026-01-08 12:00:00,63.0,179.0,6.0,11.0,10.75,36.25,4.25,1.0,37.75,1.0,17.75,NA,0.25,0.75,0.0,11.5,66.25,2.0,160.75,0.0,0.0,337.75,996.5,NA
2026-01-08 13:00:00,73.0,188.0,4.0,17.33,11.33,34.33,5.33,0.67,30.67,1.0,31.75,NA,0.75,1.5,0.0,13.33,59.33,1.67,190.67,0.0,0.0,359.67,995.67,NA
2026-01-08 14:00:00,98.5,179.0,2.67,16.33,11.33,34.67,5.33,0.0,5.67,2.5,34.0,NA,1.0,2.0,0.0,14.0,55.33,1.33,218.0,0.0,0.0,169.0,995.0,NA
2026-01-08 15:00:00,NA,161.0,2.0,13.5,9.25,38.75,4.0,0.0,9.25,1.5,18.75,NA,0.25,1.5,0.0,13.5,58.75,1.25,229.5,0.0,0.0,73.0,996.0,NA
2026-01-08 16:00:00,123.0,166.0,2.25,13.75,9.0,44.75,4.5,0.0,14.25,2.0,10.5,NA,0.0,0.75,0.0,12.0,67.25,0.75,234.25,0.0,0.0,41.5,997.0,NA
2026-01-08 17:00:00,125.0,184.0,2.5,18.75,12.0,43.0,4.0,0.0,13.5,1.0,9.25,NA,0.0,0.0,0.0,10.75,74.75,0.0,244.0,0.0,0.0,16.25,997.0,NA
2026-01-08 18:00:00,143.0,234.0,4.5,39.75,25.0,40.0,4.25,0.75,7.0,1.0,14.25,NA,0.0,0.75,0.0,9.25,84.75,0.0,243.75,0.0,0.0,5.25,997.0,NA
2026-01-08 19:00:00,204.0,300.0,6.0,31.0,21.75,41.25,5.0,1.0,6.0,2.0,37.25,NA,1.25,3.25,0.75,9.0,89.0,0.25,203.0,0.0,0.0,5.0,997.0,NA
2026-01-08 20:00:00,171.0,268.0,3.25,28.5,18.0,43.75,5.25,1.0,6.75,2.0,68.75,NA,2.5,7.5,1.5,9.0,90.25,0.5,229.0,0.0,0.0,5.0,997.0,NA
2026-01-08 21:00:00,205.0,290.0,4.25,26.75,18.0,44.0,5.0,1.0,7.0,2.0,74.0,NA,2.25,8.0,2.0,9.0,90.25,1.0,170.25,0.0,0.0,5.0,997.0,NA
2026-01-08 22:00:00,153.0,229.0,3.5,25.0,16.0,43.0,5.0,1.0,6.25,2.0,58.0,NA,2.25,8.5,2.0,9.0,90.25,0.25,64.0,0.0,0.0,5.0,997.0,NA
2026-01-08 23:00:00,217.0,280.0,22.0,24.0,30.75,43.5,5.0,1.0,5.75,2.5,46.75,NA,2.25,8.0,2.0,8.5,92.25,0.0,138.0,0.0,0.0,5.25,997.0,NA
2026-01-09 00:00:00,201.0,279.0,41.5,23.0,46.0,43.5,6.0,1.0,9.25,3.0,39.5,NA,2.0,5.5,1.25,8.0,94.0,0.0,142.0,0.0,0.0,5.0,997.0,NA
2026-01-09 01:00:00,238.0,335.0,34.75,26.75,42.75,44.25,6.0,1.0,7.0,3.0,45.25,NA,2.5,5.75,1.0,8.0,94.0,0.0,135.25,0.0,0.0,5.0,997.0,NA
2026-01-09 02:00:00,234.0,362.0,52.0,27.0,57.0,42.0,6.0,1.0,6.25,3.25,49.25,NA,3.25,6.0,1.0,8.0,94.0,0.5,139.75,0.0,0.0,5.0,997.0,NA
2026-01-09 03:00:00,190.0,262.0,22.25,21.75,29.75,40.5,5.75,1.0,6.0,4.0,46.25,NA,3.5,6.0,1.0,8.0,94.0,1.0,106.75,0.0,0.0,5.0,997.0,NA
2026-01-09 04:00:00,166.0,290.0,11.5,23.0,21.75,34.0,5.0,1.0,5.25,3.5,42.25,NA,3.0,5.25,1.25,8.0,94.0,1.0,112.5,0.0,0.0,5.0,997.0,NA
2026-01-09 05:00:00,144.0,234.0,9.75,21.5,19.75,35.0,5.25,1.0,5.0,3.0,31.5,NA,3.0,5.25,2.0,8.0,94.0,1.5,112.0,0.0,0.0,5.0,997.0,NA
2026-01-09 06:00:00,125.0,184.0,6.75,21.25,16.75,38.5,5.0,1.0,5.25,3.0,22.25,NA,2.5,4.5,1.5,8.0,94.0,1.0,141.0,0.0,0.0,5.0,997.0,NA
2026-01-09 07:00:00,105.0,144.0,7.25,21.0,17.0,39.0,5.0,1.0,5.5,2.25,17.25,NA,1.75,3.5,1.0,8.0,94.0,1.25,125.0,0.0,0.0,6.25,997.0,NA
2026-01-09 08:00:00,127.0,183.0,10.75,21.0,20.25,40.0,5.25,1.0,7.75,2.0,16.5,NA,1.0,3.0,0.75,8.0,94.0,1.0,126.5,0.0,0.0,27.0,997.0,NA
2026-01-09 09:00:00,147.0,226.0,15.75,23.0,25.25,42.0,5.5,1.0,6.75,2.75,20.25,NA,1.0,3.0,0.5,9.0,93.75,0.0,142.0,0.0,0.0,62.25,997.0,NA
2026-01-09 10:00:00,155.0,205.0,15.75,26.0,26.5,41.5,6.5,1.0,7.5,2.0,22.0,NA,1.0,3.0,0.0,9.75,87.25,1.0,150.5,0.0,0.0,158.0,997.0,NA
2026-01-09 11:00:00,217.0,321.0,14.25,29.75,27.5,42.25,7.25,1.0,10.75,3.0,31.0,NA,1.75,3.75,0.75,11.75,74.0,1.25,199.0,0.0,0.0,241.25,996.75,NA
2026-01-09 12:00:00,269.0,400.0,8.5,33.25,24.5,42.25,8.0,1.0,19.75,3.0,55.5,NA,2.75,6.25,1.0,13.0,66.25,2.0,173.0,0.0,0.0,269.75,995.75,NA
2026-01-09 13:00:00,262.0,410.0,3.75,33.75,21.25,43.25,9.0,1.0,43.75,3.0,88.25,NA,3.5,8.75,2.0,14.0,58.0,1.5,135.75,0.0,0.0,243.75,995.0,NA
2026-01-09 14:00:00,266.0,439.0,2.75,27.75,16.75,42.75,9.25,1.0,53.25,3.0,117.0,NA,4.0,9.0,1.75,14.5,55.5,1.75,214.0,0.0,0.0,163.0,995.0,NA
2026-01-09 15:00:00,163.0,238.0,2.0,20.5,13.0,41.75,9.0,1.0,52.25,2.5,89.75,NA,2.5,6.25,1.0,14.0,58.25,1.5,205.25,0.0,0.0,95.75,996.0,NA
2026-01-09 16:00:00,178.0,257.0,1.5,17.75,10.5,42.0,7.0,1.0,52.0,2.0,62.5,NA,1.75,4.5,1.0,13.0,60.5,2.0,193.75,0.0,0.0,53.0,996.25,NA
2026-01-09 17:00:00,138.0,229.0,2.0,19.75,12.5,41.5,6.5,1.0,34.0,2.0,56.75,NA,1.25,4.0,1.0,12.25,65.0,2.0,178.5,0.0,0.0,17.5,997.0,NA
2026-01-09 18:00:00,139.0,252.0,2.0,30.75,18.0,41.0,7.0,1.0,15.0,2.0,83.0,NA,1.5,4.5,1.0,11.0,74.75,1.0,183.75,0.0,0.0,5.25,997.0,NA
2026-01-09 19:00:00,269.0,410.0,2.5,35.25,21.0,39.75,6.0,1.0,10.25,2.75,126.25,NA,2.25,6.25,1.0,10.25,79.25,0.5,193.5,0.0,0.0,5.0,997.0,NA
2026-01-09 20:00:00,252.0,371.0,3.0,36.0,22.0,39.0,6.0,1.0,7.75,3.75,131.75,NA,3.0,7.5,2.0,10.0,82.75,1.0,161.25,0.0,0.0,5.0,997.0,NA
2026-01-09 21:00:00,205.0,306.0,3.5,34.25,21.0,38.75,6.0,1.0,8.5,3.25,115.0,NA,4.25,11.0,2.75,10.0,81.75,1.25,141.5,0.0,0.0,5.0,997.0,NA
2026-01-09 22:00:00,199.0,293.0,2.75,29.75,18.5,38.5,5.5,1.0,7.0,3.0,91.25,NA,5.75,13.0,3.0,9.25,85.25,0.5,162.25,0.0,0.0,5.0,997.0,NA
2026-01-09 23:00:00,189.0,280.0,2.0,27.5,16.75,39.75,5.75,1.0,8.75,2.0,71.75,NA,6.25,13.0,3.0,9.75,83.75,0.75,161.25,0.0,0.0,5.0,997.0,NA
2026-01-10 00:00:00,191.0,271.0,2.5,23.75,14.75,44.5,5.67,1.0,6.25,2.0,64.25,NA,8.25,12.25,3.0,9.0,87.5,0.0,262.0,0.0,0.0,5.0,997.0,NA
2026-01-10 01:00:00,161.0,239.0,8.75,22.75,19.25,47.5,5.5,1.0,5.0,2.0,51.5,NA,6.0,9.5,2.25,8.0,89.5,0.0,247.75,0.0,0.0,5.0,997.0,NA
2026-01-10 02:00:00,160.0,221.0,13.0,21.0,22.0,50.0,6.0,1.0,5.0,2.0,36.0,NA,3.75,6.25,1.25,8.0,93.0,0.0,219.75,0.0,0.0,5.25,997.0,NA
2026-01-10 03:00:00,178.0,246.0,11.25,16.75,18.25,42.5,6.25,1.0,5.0,2.0,27.0,NA,3.0,4.25,1.0,8.0,94.0,0.0,221.0,0.0,0.0,5.0,997.0,NA
2026-01-10 04:00:00,153.0,229.0,13.75,14.75,19.5,39.25,6.0,1.0,5.0,1.5,22.75,NA,2.25,3.25,1.0,8.0,94.0,0.0,209.75,0.0,0.0,5.0,997.0,NA
2026-01-10 05:00:00,139.0,199.0,13.5,14.0,18.5,39.5,6.0,1.0,5.0,1.0,20.5,NA,2.0,3.0,0.5,7.25,94.0,0.0,212.0,0.0,0.0,5.25,997.0,NA
2026-01-10 06:00:00,162.0,217.0,18.0,13.5,22.0,40.5,6.0,1.0,5.0,1.5,18.25,NA,2.0,3.0,0.25,7.0,94.0,0.0,209.25,0.0,0.0,5.0,997.0,NA
2026-01-10 07:00:00,263.0,395.0,17.5,13.25,21.25,39.5,6.0,1.0,5.0,2.0,15.25,NA,2.0,3.0,0.0,7.0,94.0,0.0,213.0,0.0,0.0,7.5,997.0,NA
2026-01-10 08:00:00,145.0,171.0,16.75,12.5,20.25,37.5,6.0,1.0,5.75,2.0,10.75,NA,1.5,2.0,0.0,8.0,94.0,0.75,226.0,0.0,0.0,28.25,997.0,NA
2026-01-10 09:00:00,144.0,162.0,17.5,15.0,22.25,37.5,6.0,1.0,6.0,2.0,9.0,NA,1.0,1.75,0.0,8.25,94.0,0.75,228.0,0.0,0.0,58.0,997.0,NA
2026-01-10 10:00:00,140.0,177.0,14.0,18.75,21.75,36.75,6.25,1.0,6.75,2.0,8.0,NA,1.0,1.0,0.0,9.0,93.0,1.0,229.0,0.0,0.0,102.25,997.0,NA
2026-01-10 11:00:00,135.0,184.0,10.75,24.75,22.0,36.25,6.5,1.0,10.0,2.0,6.5,NA,0.5,1.0,0.0,10.75,83.5,1.25,227.25,0.0,0.0,270.0,996.75,NA
2026-01-10 12:00:00,164.0,182.0,7.25,18.75,15.75,37.0,7.0,1.0,19.5,2.0,6.0,NA,0.0,1.0,0.0,13.5,63.0,1.5,236.5,0.0,0.0,342.75,995.5,NA
2026-01-10 13:00:00,156.0,189.0,3.25,14.0,10.25,38.0,7.0,1.0,37.25,1.75,5.5,NA,0.0,1.0,0.0,15.5,50.5,1.5,223.0,0.0,0.0,354.0,994.0,NA
2026-01-10 14:00:00,118.0,136.0,2.0,12.5,8.5,38.5,6.5,0.25,54.75,1.0,4.25,NA,0.0,1.0,0.0,15.5,46.25,2.0,215.75,0.0,0.0,199.25,994.0,NA
2026-01-10 15:00:00,106.0,141.0,1.25,11.0,7.0,38.75,6.0,0.25,62.5,1.0,3.75,NA,0.0,1.0,0.0,14.5,46.25,2.0,222.75,0.0,0.0,68.75,995.25,NA
2026-01-10 16:00:00,58.0,124.0,2.0,11.0,7.25,37.75,6.0,0.0,57.5,1.0,3.0,NA,0.0,1.0,0.0,13.25,52.25,1.0,216.75,0.0,0.0,40.0,996.25,NA
2026-01-10 17:00:00,66.0,124.0,1.25,16.5,10.0,37.25,6.0,0.5,43.25,0.5,3.25,NA,0.0,0.0,0.0,12.0,59.75,0.5,257.25,0.0,0.0,16.25,997.0,NA
2026-01-10 18:00:00,108.0,161.0,2.0,29.25,17.25,38.5,6.5,1.0,22.0,0.75,4.25,NA,0.0,0.5,0.0,10.25,71.25,0.0,224.75,0.0,0.0,5.5,997.0,NA
2026-01-10 19:00:00,206.0,249.0,5.25,43.0,27.25,38.0,6.5,1.0,7.75,1.0,6.75,NA,0.0,1.0,0.0,9.25,81.0,0.0,255.5,0.0,0.0,5.0,997.0,NA
2026-01-10 20:00:00,197.0,278.0,6.5,40.5,27.0,37.25,6.0,1.0,6.25,1.0,7.75,NA,0.0,1.0,0.0,9.0,85.25,0.0,263.5,0.0,0.0,5.0,997.0,NA
2026-01-10 21:00:00,201.0,260.0,6.25,35.25,24.0,36.75,6.0,1.0,6.0,1.0,7.5,NA,0.75,2.5,0.25,9.0,87.75,0.0,253.5,0.0,0.0,5.0,997.0,NA
2026-01-10 22:00:00,180.0,224.0,5.0,28.0,19.25,37.25,6.0,1.0,5.25,1.0,7.75,NA,1.0,4.0,1.0,8.0,89.5,0.0,253.0,0.0,0.0,5.0,997.0,NA
2026-01-10 23:00:00,157.0,201.0,4.5,21.75,15.75,36.25,5.5,1.0,5.75,1.5,6.25,NA,0.75,3.0,0.5,8.0,91.75,0.0,233.0,0.0,0.0,5.0,997.0,NA
2026-01-11 00:00:00,316.0,364.0,3.5,18.0,12.5,35.75,5.0,1.0,6.0,1.75,6.0,NA,0.5,3.25,0.5,8.0,94.0,0.0,219.0,0.0,0.0,5.0,997.0,NA
2026-01-11 01:00:00,322.0,348.0,2.25,15.25,9.75,36.5,5.75,1.0,6.0,2.0,5.75,NA,0.5,3.0,0.0,8.0,94.0,0.0,208.25,0.0,0.0,5.0,997.0,NA
2026-01-11 02:00:00,155.0,183.0,2.0,16.0,10.0,38.0,6.0,1.0,6.0,2.0,4.75,NA,0.0,2.0,0.0,8.0,94.0,0.0,220.5,0.0,0.0,5.0,997.0,NA
2026-01-11 03:00:00,157.0,199.0,2.0,16.25,10.25,33.0,5.25,1.0,7.0,1.5,4.0,NA,0.0,1.0,0.0,8.0,94.0,0.75,220.75,0.0,0.0,5.0,997.0,NA
2026-01-11 04:00:00,125.0,164.0,1.75,14.5,9.25,31.25,5.0,1.0,11.25,1.0,3.5,NA,0.0,0.75,0.0,7.75,94.0,0.75,214.75,0.0,0.0,5.0,997.0,NA
2026-01-11 05:00:00,121.0,144.0,0.25,13.0,7.25,31.0,4.25,1.0,13.25,1.0,3.0,NA,0.0,0.0,0.0,7.0,94.0,1.0,237.5,0.0,0.0,5.0,997.0,NA
2026-01-11 06:00:00,111.0,135.0,0.5,11.5,6.75,31.5,4.25,1.0,14.75,1.0,2.75,NA,0.0,0.0,0.0,7.0,94.0,0.75,223.25,0.0,0.0,5.0,997.0,NA
2026-01-11 07:00:00,97.0,132.0,0.75,11.75,7.25,30.75,4.25,1.0,14.0,1.0,2.0,NA,0.0,0.0,0.0,7.0,94.0,1.0,217.0,0.0,0.0,7.0,997.0,NA
2026-01-11 08:00:00,102.0,124.0,2.25,12.5,8.5,30.25,4.0,1.0,13.75,1.0,2.0,NA,0.0,0.0,0.0,7.0,94.0,1.25,225.0,0.0,0.0,25.5,997.0,NA
2026-01-11 09:00:00,121.0,155.0,3.75,15.25,11.25,30.5,4.0,1.0,13.0,1.0,2.0,NA,0.0,0.0,0.0,7.5,93.5,1.25,225.25,0.0,0.0,65.75,997.0,NA
2026-01-11 10:00:00,112.0,150.0,5.0,17.67,13.67,31.0,5.0,1.0,14.0,1.0,2.0,NA,0.0,0.0,0.0,8.33,87.67,1.33,222.67,0.0,0.0,156.67,997.0,NA
2026-01-11 11:00:00,140.0,184.0,5.5,12.75,11.25,32.5,5.75,1.0,20.25,1.5,2.0,NA,0.0,0.0,0.0,11.25,71.5,2.0,223.75,0.0,0.0,332.25,996.75,NA
2026-01-11 12:00:00,146.0,178.0,4.25,12.75,10.5,33.25,6.0,1.0,31.5,1.0,2.0,NA,0.0,0.0,0.0,12.75,59.0,1.5,219.0,0.0,0.0,355.75,995.75,NA
2026-01-11 13:00:00,123.0,166.0,2.25,10.75,7.75,33.25,6.0,1.0,41.0,1.0,2.0,NA,0.0,0.0,0.0,14.0,51.25,2.0,221.75,0.0,0.0,372.5,995.0,NA
2026-01-11 14:00:00,107.0,135.0,2.0,10.5,7.5,32.25,6.0,0.5,52.5,1.0,2.0,NA,0.0,0.0,0.0,15.0,48.25,2.0,225.5,0.0,0.0,199.25,994.0,NA
2026-01-11 15:00:00,101.0,125.0,1.75,9.0,6.25,33.0,5.5,0.0,62.0,1.0,2.0,NA,0.0,0.0,0.0,13.75,50.0,1.75,215.75,0.0,0.0,56.5,995.5,NA
2026-01-11 16:00:00,78.0,130.0,1.5,10.75,7.25,35.0,5.25,0.0,62.75,1.0,2.0,NA,0.0,0.0,0.0,12.25,54.5,1.0,229.25,0.0,0.0,31.25,997.0,NA
2026-01-11 17:00:00,83.0,167.0,1.5,15.0,9.5,36.25,5.0,0.5,47.75,0.5,3.25,NA,0.0,0.0,0.0,11.25,61.25,0.5,247.0,0.0,0.0,15.5,997.0,NA
2026-01-11 18:00:00,121.0,207.0,1.5,25.5,15.0,37.75,5.5,1.0,27.0,0.75,7.0,NA,0.0,0.0,0.0,9.5,71.75,0.0,255.75,0.0,0.0,5.5,997.0,NA
2026-01-11 19:00:00,207.0,269.0,8.75,46.0,31.75,37.25,5.0,1.75,8.5,1.25,10.75,NA,0.0,0.5,0.0,8.5,79.75,0.0,267.5,0.0,0.0,5.0,997.0,NA
2026-01-11 20:00:00,278.0,395.0,6.0,39.25,26.0,37.75,5.0,1.0,7.0,2.0,19.0,NA,0.0,1.0,0.0,8.0,83.5,0.0,261.25,0.0,0.0,5.0,997.0,NA
2026-01-11 21:00:00,239.0,291.0,3.0,33.75,20.25,37.5,5.0,1.0,8.25,2.75,17.5,NA,0.0,1.0,0.0,8.0,86.5,0.0,270.5,0.0,0.0,5.0,997.0,NA
2026-01-11 22:00:00,200.0,251.0,1.0,29.0,16.0,37.5,5.0,1.0,9.75,2.25,12.5,NA,1.0,1.75,0.0,8.0,87.5,0.0,227.75,0.0,0.0,5.0,997.0,NA
2026-01-11 23:00:00,158.0,190.0,1.0,24.75,14.25,36.75,5.0,1.0,9.75,2.0,10.0,NA,0.5,2.25,0.0,7.0,89.0,0.0,257.25,0.0,0.0,5.0,997.0,NA
2026-01-12 00:00:00,127.0,153.0,0.5,19.25,11.0,36.0,4.0,0.33,11.25,1.75,6.75,NA,0.0,1.5,0.0,7.0,90.25,0.0,244.5,0.0,0.0,5.0,997.0,NA
2026-01-12 01:00:00,128.0,156.0,0.75,16.75,9.75,37.25,4.0,0.5,11.0,1.0,5.0,NA,0.0,1.0,0.0,7.0,92.25,0.0,242.0,0.0,0.0,5.25,997.0,NA
2026-01-12 02:00:00,138.0,166.0,0.0,15.0,8.0,38.0,5.0,1.0,8.75,1.5,4.5,NA,0.0,1.0,0.0,7.0,93.75,0.0,222.25,0.0,0.0,5.25,997.0,NA
2026-01-12 03:00:00,171.0,206.0,1.25,16.67,10.25,34.5,5.25,1.0,6.5,2.0,4.0,NA,0.0,0.5,0.0,6.75,94.0,0.0,215.5,0.0,0.0,5.0,997.0,NA
2026-01-12 04:00:00,202.0,245.0,2.0,18.0,11.5,32.25,5.75,1.0,6.0,2.0,4.25,NA,0.0,1.0,0.0,6.75,94.0,0.0,212.25,0.0,0.0,5.0,997.0,NA
2026-01-12 05:00:00,302.0,377.0,2.5,17.0,11.0,31.25,5.25,1.0,6.0,2.0,5.25,NA,0.0,1.0,0.0,6.0,94.0,0.0,217.25,0.0,0.0,5.0,997.0,NA
2026-01-12 06:00:00,269.0,344.0,8.75,18.25,17.0,30.5,6.0,1.0,5.75,2.0,6.0,NA,0.0,1.0,0.0,6.25,94.0,0.5,207.25,0.0,0.0,5.0,997.0,NA
2026-01-12 07:00:00,174.0,251.0,17.5,19.0,25.0,30.5,5.75,1.0,5.25,2.0,5.5,NA,0.0,0.5,0.0,6.25,94.0,1.25,203.5,0.0,0.0,7.0,997.0,NA
2026-01-12 08:00:00,151.0,207.0,13.25,18.75,21.0,30.0,6.0,1.0,6.25,2.0,4.25,NA,0.0,0.0,0.0,7.0,94.0,1.25,215.75,0.0,0.0,26.0,997.0,NA
2026-01-12 09:00:00,129.0,143.0,14.0,16.25,20.5,29.5,5.5,1.0,7.0,2.0,4.0,NA,0.0,0.0,0.0,7.25,94.0,1.0,218.0,0.0,0.0,57.5,997.0,NA
2026-01-12 10:00:00,134.0,135.0,13.0,17.75,20.25,29.5,5.75,1.0,9.5,2.0,3.25,NA,0.0,0.0,0.0,8.0,94.0,1.25,217.75,0.0,0.0,91.5,997.0,NA
2026-01-12 11:00:00,183.0,222.0,11.0,27.75,23.5,29.75,6.0,1.0,13.5,2.0,3.0,NA,0.0,0.0,0.0,9.75,89.0,1.0,220.25,0.0,0.0,236.0,997.0,NA
2026-01-12 12:00:00,238.0,274.0,7.75,22.75,18.75,29.5,6.75,1.0,23.25,2.0,4.0,NA,0.0,0.0,0.0,12.25,71.25,1.5,229.75,0.0,0.0,356.25,996.0,NA
2026-01-12 13:00:00,228.0,266.0,4.25,17.5,12.75,29.5,7.0,1.0,52.0,2.0,5.25,NA,0.0,0.0,0.0,15.0,51.0,1.0,227.0,0.0,0.0,392.25,994.0,NA
2026-01-12 14:00:00,128.0,157.0,2.75,18.5,12.25,30.5,7.75,0.25,66.5,1.5,4.5,NA,0.0,0.0,0.0,16.0,44.25,1.0,222.25,0.0,0.0,203.5,993.0,NA
2026-01-12 15:00:00,122.0,182.0,1.75,14.75,9.75,31.0,10.25,0.0,81.25,1.0,6.25,NA,0.0,1.0,0.0,14.5,43.0,1.25,228.25,0.0,0.0,59.25,995.25,NA
2026-01-12 16:00:00,105.0,141.0,1.0,14.0,8.5,30.5,10.0,0.0,77.0,1.0,7.0,NA,0.0,0.75,0.0,13.0,49.5,0.5,195.25,0.0,0.0,34.5,996.75,NA
2026-01-12 17:00:00,101.0,157.0,1.0,20.25,12.0,30.25,8.25,0.25,55.0,1.0,11.5,NA,0.0,0.75,0.0,11.5,56.75,0.5,216.75,0.0,0.0,16.5,997.0,NA
2026-01-12 18:00:00,169.0,276.0,3.0,54.0,31.0,32.75,8.0,1.25,19.25,1.0,46.75,NA,0.75,3.0,0.25,9.5,68.0,0.0,318.0,0.0,0.0,5.25,997.0,NA
2026-01-12 19:00:00,422.0,553.0,17.25,70.25,51.0,36.5,8.5,2.0,7.5,2.0,149.75,NA,4.75,10.25,2.5,8.75,76.25,0.0,316.5,0.0,0.0,5.0,997.0,NA
2026-01-12 20:00:00,450.0,643.0,25.75,63.0,54.5,40.75,8.25,2.25,8.5,3.0,216.25,NA,12.75,29.75,7.25,8.0,81.5,0.0,269.5,0.0,0.0,5.0,997.0,NA
2026-01-12 21:00:00,NA,674.0,46.33,49.5,63.25,42.25,9.0,3.25,7.0,4.0,229.75,NA,20.0,43.25,11.0,8.0,86.25,0.0,219.5,0.0,0.0,5.0,997.0,NA
2026-01-12 22:00:00,NA,652.0,88.25,46.25,96.25,40.5,8.75,4.75,9.0,5.0,207.5,NA,24.75,48.75,13.0,8.0,88.5,0.0,203.25,0.0,0.0,5.0,997.0,NA
2026-01-12 23:00:00,NA,986.0,122.25,38.75,120.25,38.75,9.5,4.75,7.25,6.75,179.75,NA,28.5,50.0,13.75,7.75,89.25,0.0,163.25,0.0,0.0,5.0,997.0,NA
2026-01-13 00:00:00,NA,753.0,117.0,28.75,110.5,35.25,8.33,3.0,7.75,9.0,160.5,NA,31.75,47.0,13.0,7.0,91.25,0.0,153.0,0.0,0.0,5.0,997.0,NA
2026-01-13 01:00:00,470.0,602.0,58.25,27.25,62.0,36.0,6.75,1.75,10.33,9.0,143.25,NA,27.0,37.5,10.25,7.0,93.75,0.0,166.25,0.0,0.0,5.0,997.0,NA
2026-01-13 02:00:00,321.0,382.0,23.0,24.0,32.0,35.0,6.0,1.0,7.0,8.5,116.5,NA,20.25,28.0,7.75,7.0,94.0,0.0,188.25,0.0,0.0,5.0,997.0,NA
2026-01-13 03:00:00,339.0,388.0,60.25,15.75,57.5,34.0,6.75,1.75,7.0,7.0,97.0,NA,16.5,22.5,6.0,7.0,94.0,0.0,188.25,0.0,0.0,5.0,997.0,NA
2026-01-13 04:00:00,349.0,423.0,17.25,20.25,24.75,30.75,6.0,1.0,6.25,6.25,101.0,NA,17.75,24.75,7.0,7.0,94.0,0.0,181.0,0.0,0.0,5.0,997.0,NA
2026-01-13 05:00:00,282.0,353.0,12.5,19.0,20.25,30.5,5.25,1.0,6.25,5.25,91.0,NA,15.5,23.5,6.75,7.0,94.0,0.0,199.75,0.0,0.0,5.0,997.0,NA
2026-01-13 06:00:00,228.0,307.0,22.5,20.0,29.0,30.5,5.0,1.0,5.0,4.5,73.75,NA,12.75,19.25,5.25,6.75,94.0,0.0,226.5,0.0,0.0,5.0,997.0,NA
2026-01-13 07:00:00,273.0,324.0,35.0,16.25,37.5,32.25,5.0,1.0,6.0,4.0,58.25,NA,12.0,14.5,4.0,6.0,94.0,0.0,226.5,0.0,0.0,8.75,997.0,NA
2026-01-13 08:00:00,226.0,252.0,35.67,18.5,39.5,32.75,5.0,1.0,6.0,4.0,44.5,NA,10.75,11.25,3.0,6.5,94.0,0.0,217.75,0.0,0.0,34.25,997.0,NA
2026-01-13 09:00:00,235.0,256.0,43.0,22.5,47.5,32.75,5.25,1.0,6.0,4.0,35.0,NA,9.75,8.75,2.5,8.25,94.0,0.0,208.0,0.0,0.0,95.5,997.0,NA
2026-01-13 10:00:00,245.0,299.0,25.0,56.0,50.0,33.25,5.75,1.0,7.0,4.0,28.0,NA,9.0,7.5,2.0,11.0,85.25,0.25,234.0,0.0,0.0,233.25,997.0,NA
2026-01-13 11:00:00,285.0,333.0,7.0,29.25,21.0,32.75,7.5,0.75,18.0,4.0,25.5,NA,8.0,6.5,2.0,13.75,62.75,1.0,233.5,0.0,0.0,346.75,995.25,NA
2026-01-13 12:00:00,206.0,230.0,2.0,18.5,12.0,32.0,9.5,0.0,48.0,3.5,18.75,NA,5.0,4.5,1.25,16.0,45.25,1.25,230.25,0.0,0.0,359.25,993.5,NA
2026-01-13 13:00:00,171.0,204.0,1.0,13.33,8.0,39.67,9.33,0.0,67.0,2.25,20.75,NA,2.25,3.0,1.0,16.0,44.25,2.0,209.5,0.0,0.0,383.0,993.0,NA
2026-01-13 14:00:00,130.0,177.0,0.5,14.0,8.0,35.0,10.5,0.0,92.25,1.75,16.75,NA,1.5,2.25,0.25,16.0,43.5,1.75,221.25,0.0,0.0,192.5,993.0,NA
2026-01-13 15:00:00,112.0,174.0,0.25,11.75,6.5,33.0,10.75,0.0,94.25,1.0,11.5,NA,1.0,1.75,0.0,15.0,43.75,2.25,224.5,0.0,0.0,71.5,994.5,NA
2026-01-13 16:00:00,85.0,146.0,0.75,13.5,8.25,32.25,15.0,0.0,85.5,1.0,9.0,NA,1.0,1.0,0.0,13.5,49.25,1.75,234.25,0.0,0.0,34.0,996.25,NA
2026-01-13 17:00:00,86.0,151.0,0.0,20.5,11.25,32.0,10.25,0.0,63.75,1.0,7.5,NA,0.25,1.0,0.0,12.0,57.25,0.25,265.5,0.0,0.0,16.25,997.0,NA
2026-01-13 18:00:00,123.0,217.0,1.25,35.25,19.75,33.0,6.75,0.75,33.5,1.0,7.75,NA,0.25,2.75,0.25,10.25,68.5,0.0,271.75,0.0,0.0,5.5,997.0,NA
2026-01-13 19:00:00,200.0,312.0,3.25,51.25,30.5,33.75,6.0,1.0,11.5,1.0,13.0,NA,1.0,4.0,1.0,9.0,77.75,0.0,251.75,0.0,0.0,5.0,997.0,NA
2026-01-13 20:00:00,257.0,349.0,5.0,52.25,32.0,34.25,5.25,1.0,7.25,1.75,26.5,NA,2.0,4.25,1.0,9.0,83.75,0.25,252.5,0.0,0.0,5.0,997.0,NA
2026-01-13 21:00:00,318.0,387.0,2.25,42.25,24.75,35.25,5.0,1.25,10.0,2.5,38.5,NA,2.5,5.25,1.0,9.0,87.0,0.25,243.25,0.0,0.0,5.0,997.0,NA
2026-01-13 22:00:00,265.0,322.0,6.25,41.0,27.25,37.25,4.75,1.0,6.0,3.0,35.25,NA,4.25,7.0,2.0,8.0,89.0,0.0,233.75,0.0,0.0,5.0,997.0,NA
2026-01-13 23:00:00,284.0,350.0,11.75,36.0,29.0,38.25,4.25,1.0,5.0,3.0,27.5,NA,5.0,6.25,2.0,8.0,90.25,0.0,224.5,0.0,0.0,5.0,997.0,NA
2026-01-14 00:00:00,255.0,302.0,6.5,27.75,20.25,38.25,5.0,1.0,5.5,3.0,22.25,NA,4.75,5.0,2.0,8.0,93.5,0.0,237.5,0.0,0.0,5.0,997.0,NA
2026-01-14 01:00:00,212.0,259.0,2.75,22.75,14.25,38.75,5.0,1.0,6.0,2.75,17.5,NA,4.0,5.75,2.0,8.0,94.0,0.0,231.75,0.0,0.0,5.25,997.0,NA
2026-01-14 02:00:00,248.0,306.0,2.0,24.0,15.0,39.0,5.0,1.0,5.5,2.5,15.0,NA,3.0,6.5,2.0,7.25,94.0,0.0,225.0,0.0,0.0,5.0,997.0,NA
2026-01-14 03:00:00,257.0,318.0,4.25,17.75,12.75,33.75,5.0,1.0,5.5,3.0,13.25,NA,3.0,5.25,1.75,6.75,94.0,0.0,225.25,0.0,0.0,5.0,997.0,NA
2026-01-14 04:00:00,230.0,294.0,2.25,21.75,13.75,33.25,5.25,1.0,7.75,2.25,10.0,NA,2.25,3.75,1.0,7.0,94.0,0.0,224.75,0.0,0.0,5.0,997.0,NA
2026-01-14 05:00:00,200.0,301.0,3.5,24.5,16.0,32.75,5.5,1.0,5.75,2.0,8.25,NA,1.25,3.0,1.0,7.0,94.0,0.75,224.0,0.0,0.0,5.0,997.0,NA
2026-01-14 06:00:00,188.0,210.0,1.5,21.0,12.75,29.5,5.25,1.0,9.75,2.0,8.75,NA,1.0,2.0,0.25,7.0,94.0,0.5,233.25,0.0,0.0,5.0,997.0,NA
2026-01-14 07:00:00,132.0,147.0,1.75,20.25,12.25,29.5,5.0,1.0,8.75,2.0,7.0,NA,1.0,2.25,0.5,7.0,94.0,0.5,220.5,0.0,0.0,6.75,997.0,NA
2026-01-14 08:00:00,155.0,191.0,5.5,18.0,14.0,30.0,6.0,1.0,10.5,2.0,6.0,NA,1.0,2.5,0.5,7.0,94.0,1.0,217.75,0.0,0.0,21.75,997.0,NA
2026-01-14 09:00:00,190.0,221.0,5.0,15.75,12.5,29.5,5.5,1.0,15.25,2.0,5.5,NA,0.75,1.5,0.0,7.5,94.0,1.0,229.0,0.0,0.0,54.25,997.0,NA
2026-01-14 10:00:00,156.0,179.0,3.25,19.25,13.0,28.75,5.5,1.0,21.5,2.0,5.0,NA,1.0,1.75,0.5,8.25,93.0,1.0,227.5,0.0,0.0,115.5,997.0,NA
2026-01-14 11:00:00,167.0,186.0,3.0,19.25,12.75,28.75,6.0,1.0,27.5,2.0,3.75,NA,0.75,1.75,0.25,9.75,84.75,1.25,214.25,0.0,0.0,269.0,997.0,NA
2026-01-14 12:00:00,172.0,197.0,1.75,13.75,9.0,29.75,7.25,1.0,46.5,2.0,3.5,NA,0.0,1.0,0.0,12.25,67.5,1.25,212.0,0.0,0.0,335.0,996.25,NA
2026-01-14 13:00:00,186.0,197.0,1.0,11.75,7.25,29.5,8.0,1.0,68.0,1.0,3.0,NA,0.0,1.0,0.0,13.5,57.5,1.5,201.0,0.0,0.0,338.0,995.0,NA
2026-01-14 14:00:00,174.0,206.0,0.5,12.75,7.25,32.0,9.5,1.0,77.25,1.0,2.5,NA,0.0,1.0,0.0,14.0,55.0,1.75,226.75,0.0,0.0,193.25,995.0,NA
2026-01-14 15:00:00,211.0,244.0,0.75,14.75,8.75,34.0,12.75,1.0,83.5,1.0,2.25,NA,0.0,0.5,0.0,13.5,58.5,1.0,229.0,0.0,0.0,89.0,995.75,NA
2026-01-14 16:00:00,217.0,260.0,1.0,14.75,8.75,36.25,9.75,1.0,82.0,1.0,3.75,NA,0.0,0.0,0.0,12.25,64.25,0.75,243.25,0.0,0.0,48.5,997.0,NA
2026-01-14 17:00:00,201.0,251.0,1.5,21.5,12.5,39.0,7.5,1.0,53.25,1.0,4.0,NA,0.0,0.25,0.0,11.25,72.5,0.0,267.0,0.0,0.0,18.5,997.0,NA
2026-01-14 18:00:00,235.0,320.0,1.75,32.75,19.0,40.0,6.5,1.0,24.0,2.0,6.5,NA,0.0,1.5,0.0,10.0,81.25,0.75,219.5,0.0,0.0,5.5,997.0,NA
2026-01-14 19:00:00,243.0,312.0,2.75,32.0,19.25,41.75,6.0,1.0,23.25,2.0,26.0,NA,1.0,3.75,1.0,10.0,83.75,2.0,188.75,0.0,0.0,5.0,997.0,NA
2026-01-14 20:00:00,245.0,302.0,2.5,26.5,16.25,41.5,6.0,1.0,23.5,2.25,52.0,NA,1.5,5.5,1.0,9.25,84.0,1.25,176.75,0.0,0.0,5.0,997.0,NA
2026-01-14 21:00:00,257.0,301.0,1.25,24.75,14.75,41.0,5.25,1.5,12.5,3.0,68.0,NA,2.0,6.25,1.0,8.25,87.75,0.0,116.75,0.0,0.0,5.0,997.0,NA
2026-01-14 22:00:00,272.0,317.0,2.5,24.25,14.75,38.25,6.0,2.0,7.75,3.0,61.25,NA,2.75,7.75,2.0,8.0,89.75,0.0,126.5,0.0,0.0,5.0,997.0,NA
2026-01-14 23:00:00,312.0,365.0,7.25,24.0,18.5,35.75,6.0,2.0,6.0,3.0,48.0,NA,3.0,8.25,2.0,8.0,93.25,0.0,227.0,0.0,0.0,5.0,997.0,NA
2026-01-15 00:00:00,401.0,477.0,15.75,20.25,23.75,36.5,6.0,1.33,5.25,3.5,42.0,NA,4.0,9.0,2.0,8.0,94.0,0.0,191.75,0.0,0.0,5.0,997.0,NA
2026-01-15 01:00:00,305.0,362.0,24.25,21.5,31.25,39.0,6.0,1.25,5.0,4.25,34.5,NA,4.0,8.0,2.0,7.75,94.0,0.0,141.75,0.0,0.0,5.0,997.0,NA
2026-01-15 02:00:00,277.0,388.0,38.0,22.0,43.0,40.0,6.0,2.0,5.75,5.0,33.25,NA,3.25,7.0,2.0,7.0,94.0,0.0,193.5,0.0,0.0,5.0,997.0,NA
2026-01-15 03:00:00,273.0,340.0,36.75,15.75,38.5,35.75,5.5,1.0,5.75,6.0,37.5,NA,3.5,7.0,2.0,6.5,94.0,0.0,177.25,0.0,0.0,5.0,997.0,NA
2026-01-15 04:00:00,216.0,239.0,22.25,13.5,25.75,34.0,5.0,1.0,6.0,5.5,36.0,NA,4.0,6.25,1.5,7.0,94.0,0.75,190.5,0.0,0.0,5.0,997.0,NA
2026-01-15 05:00:00,166.0,200.0,1.75,17.25,10.5,32.5,5.0,1.0,6.5,4.75,31.25,NA,3.5,5.5,1.0,7.0,94.0,1.25,187.5,0.0,0.0,5.0,997.0,NA
2026-01-15 06:00:00,134.0,157.0,1.5,16.0,10.0,33.0,5.0,1.0,7.25,4.0,20.5,NA,2.75,3.75,1.0,7.0,94.0,0.75,200.5,0.0,0.0,5.0,997.0,NA
2026-01-15 07:00:00,108.0,123.0,1.25,15.75,9.5,33.75,4.25,1.0,12.0,3.5,12.5,NA,1.75,2.25,0.5,7.0,94.0,1.25,212.25,0.0,0.0,6.25,997.0,NA
2026-01-15 08:00:00,132.0,157.0,3.0,17.75,12.0,34.75,4.75,1.0,13.25,3.0,8.0,NA,1.0,1.25,0.0,7.75,94.0,1.25,193.75,0.0,0.0,19.0,997.0,NA
2026-01-15 09:00:00,149.0,179.0,2.75,16.75,11.25,34.75,5.0,1.0,16.5,3.0,6.25,NA,0.75,1.0,0.0,8.0,94.0,0.25,223.75,0.0,0.0,59.25,997.0,NA
2026-01-15 10:00:00,150.0,188.0,4.25,22.25,15.5,34.25,5.0,1.0,18.75,2.25,4.75,NA,0.0,0.75,0.0,8.25,93.25,0.75,217.5,0.0,0.0,95.25,997.0,NA
2026-01-15 11:00:00,127.0,163.0,4.25,15.0,11.75,35.75,5.0,1.0,25.75,2.0,4.0,NA,0.0,0.75,0.0,9.75,85.25,1.25,225.25,0.0,0.0,230.5,997.0,NA
2026-01-15 12:00:00,156.0,177.0,3.25,15.0,10.75,35.75,5.5,1.0,40.0,2.0,4.0,NA,0.5,1.0,0.0,12.25,68.25,1.0,220.75,0.0,0.0,334.75,996.25,NA
2026-01-15 13:00:00,155.0,171.0,2.0,11.75,7.75,35.75,6.0,1.0,62.25,2.0,3.5,NA,0.0,1.0,0.0,14.0,57.0,1.5,220.0,0.0,0.0,352.75,995.0,NA
2026-01-15 14:00:00,151.0,169.0,1.0,12.0,7.25,37.25,6.5,1.0,74.25,1.25,3.0,NA,0.0,1.0,0.0,15.0,54.5,1.75,229.5,0.0,0.0,196.5,994.5,NA
2026-01-15 15:00:00,175.0,208.0,1.5,13.5,9.0,36.5,6.25,1.0,90.75,1.0,3.0,NA,0.0,0.0,0.0,14.25,56.25,2.0,226.0,0.0,0.0,80.0,995.5,NA
2026-01-15 16:00:00,185.0,230.0,1.25,13.5,8.25,35.25,6.5,1.0,93.75,1.0,3.0,NA,0.0,0.0,0.0,13.0,64.25,1.0,236.5,0.0,0.0,43.0,996.5,NA
2026-01-15 17:00:00,182.0,226.0,1.0,18.75,11.25,35.5,6.75,1.0,66.75,1.0,3.25,NA,0.0,0.0,0.0,12.0,71.25,0.25,253.25,0.0,0.0,18.0,997.0,NA
2026-01-15 18:00:00,196.0,274.0,1.5,40.75,23.25,37.25,6.5,1.25,25.25,1.0,4.0,NA,0.0,0.5,0.0,10.25,81.25,0.0,246.75,0.0,0.0,5.5,997.0,NA
2026-01-15 19:00:00,285.0,373.0,6.5,48.0,31.0,40.75,7.0,2.0,9.25,2.0,6.0,NA,0.0,2.0,0.0,9.25,86.5,0.0,247.5,0.0,0.0,5.0,997.0,NA
2026-01-15 20:00:00,317.0,394.0,7.25,42.25,28.5,41.0,7.5,2.0,8.25,2.5,6.25,NA,0.75,2.0,0.0,9.0,88.75,0.0,226.25,0.0,0.0,5.0,997.0,NA
2026-01-15 21:00:00,404.0,483.0,13.25,41.5,33.0,40.25,11.0,2.0,6.0,3.0,7.25,NA,1.0,2.0,0.0,8.75,89.0,0.0,254.75,0.0,0.0,5.0,997.0,NA
2026-01-15 22:00:00,323.0,381.0,14.5,37.75,32.25,41.75,9.5,3.0,6.25,3.0,10.5,NA,1.25,2.25,0.25,8.0,90.5,0.0,277.5,0.0,0.0,5.0,997.0,NA
2026-01-15 23:00:00,365.0,417.0,12.25,28.5,25.0,43.25,6.75,2.75,6.25,4.0,17.5,NA,2.5,5.0,1.5,8.0,93.75,0.0,274.25,0.0,0.0,5.25,997.0,NA
2026-01-16 00:00:00,295.0,354.0,13.25,21.75,22.25,38.0,6.67,1.0,4.75,4.0,26.0,NA,4.25,7.75,2.0,8.0,94.0,0.0,256.0,0.0,0.0,5.5,997.0,NA
2026-01-16 01:00:00,223.0,273.0,10.5,18.0,18.0,38.25,6.0,1.0,5.0,4.0,28.75,NA,5.0,8.0,2.0,8.0,94.0,0.0,228.5,0.0,0.0,5.25,997.0,NA
2026-01-16 02:00:00,223.0,262.0,9.0,19.0,17.0,45.0,6.0,1.0,5.25,4.0,25.5,NA,4.0,7.25,2.0,8.0,94.0,0.0,221.0,0.0,0.0,5.0,997.0,NA
2026-01-16 03:00:00,232.0,287.0,4.75,20.0,14.75,38.75,6.0,1.0,5.0,3.75,21.5,NA,4.0,5.5,1.25,8.0,94.0,0.0,207.0,0.0,0.0,5.0,997.0,NA
2026-01-16 04:00:00,188.0,230.0,3.0,19.25,12.5,36.5,6.0,1.0,5.5,3.5,18.25,NA,3.5,5.0,1.0,8.0,94.0,0.0,253.5,0.0,0.0,5.25,997.0,NA
2026-01-16 05:00:00,194.0,240.0,0.5,17.0,9.75,35.25,5.5,1.0,5.75,4.0,14.25,NA,3.25,4.25,1.0,8.0,94.0,0.0,228.5,0.0,0.0,5.0,997.0,NA
2026-01-16 06:00:00,111.0,124.0,0.25,19.0,10.5,36.0,5.0,1.0,5.5,3.0,9.0,NA,1.75,2.5,0.25,8.0,94.0,0.25,223.0,0.0,0.0,5.0,997.0,NA
2026-01-16 07:00:00,102.0,143.0,1.5,18.0,10.75,34.25,6.0,1.0,6.25,3.0,7.75,NA,1.0,1.75,0.0,8.0,94.0,0.5,219.0,0.0,0.0,6.5,997.0,NA
2026-01-16 08:00:00,121.0,147.0,4.75,18.75,13.75,32.0,6.0,1.0,6.0,2.0,6.75,NA,1.0,1.0,0.0,8.0,94.0,0.25,229.0,0.0,0.0,17.5,997.0,NA
2026-01-16 09:00:00,149.0,179.0,6.5,16.0,14.0,31.5,6.0,1.0,8.0,2.0,7.0,NA,0.5,1.0,0.0,8.25,94.0,0.0,242.75,0.0,0.0,41.75,997.0,NA
2026-01-16 10:00:00,155.0,186.0,6.0,18.25,14.75,30.75,6.0,1.0,10.75,2.0,7.0,NA,0.0,1.0,0.0,9.25,93.75,0.25,233.75,0.0,0.0,106.25,997.0,NA
2026-01-16 11:00:00,166.0,217.0,7.0,29.0,21.25,32.0,7.5,1.0,19.5,2.0,10.25,NA,0.0,1.0,0.0,12.0,82.0,0.25,224.75,0.0,0.0,321.25,996.5,NA
2026-01-16 12:00:00,200.0,256.0,4.25,24.75,16.5,32.25,8.5,1.0,65.0,2.0,25.5,NA,0.5,1.75,0.0,15.0,56.75,1.0,182.5,0.0,0.0,370.75,994.75,NA
2026-01-16 13:00:00,172.0,279.0,2.0,17.0,11.0,33.0,8.0,1.0,86.75,2.0,58.5,NA,1.75,4.75,1.0,16.25,46.5,1.0,188.5,0.0,0.0,333.5,992.75,NA
2026-01-16 14:00:00,135.0,186.0,1.0,13.75,8.25,32.75,8.0,0.25,91.0,2.0,55.5,NA,1.5,4.5,1.0,16.75,45.75,1.5,198.5,0.0,0.0,215.5,992.5,NA
2026-01-16 15:00:00,110.0,152.0,1.0,12.75,7.75,32.75,7.5,0.0,96.25,1.75,38.5,NA,1.0,3.0,0.0,14.75,51.25,2.25,148.75,0.0,0.0,86.75,995.25,NA
2026-01-16 16:00:00,105.0,177.0,0.5,13.0,7.5,36.25,7.0,0.25,95.0,1.0,36.5,NA,1.0,3.0,0.0,14.0,52.0,1.0,217.5,0.0,0.0,50.0,996.0,NA
2026-01-16 17:00:00,107.0,172.0,0.0,18.5,9.75,40.0,7.0,1.0,61.75,1.0,28.75,NA,1.0,2.75,0.0,12.75,58.5,0.0,262.25,0.0,0.0,23.75,996.75,NA
2026-01-16 18:00:00,155.0,262.0,0.0,39.75,21.0,42.0,6.25,1.0,24.25,1.0,24.75,NA,1.0,2.25,0.0,10.75,69.75,0.0,268.5,0.0,0.0,5.25,997.0,NA
2026-01-16 19:00:00,230.0,317.0,6.25,57.75,35.75,47.5,6.25,1.75,11.0,2.0,28.0,NA,1.0,3.0,0.25,10.0,78.75,0.0,223.0,0.0,0.0,5.0,997.0,NA
2026-01-16 20:00:00,409.0,500.0,23.5,58.25,50.25,51.25,7.0,2.75,8.25,2.75,26.25,NA,5.25,3.75,1.25,9.25,83.75,0.0,208.5,0.0,0.0,5.0,997.0,NA
2026-01-16 21:00:00,NA,718.0,93.5,58.0,107.0,55.75,8.75,4.0,8.25,5.0,46.75,NA,11.0,13.25,4.5,9.0,86.0,0.0,174.0,0.0,0.0,5.0,997.0,NA
2026-01-16 22:00:00,NA,753.0,69.0,48.0,81.5,52.0,8.75,3.25,6.75,8.0,73.0,NA,15.75,21.75,6.5,9.0,88.75,0.25,118.0,0.0,0.0,5.0,997.0,NA
2026-01-16 23:00:00,466.0,646.0,32.5,33.75,44.25,43.0,8.0,2.33,5.25,8.5,69.5,NA,14.5,20.25,6.25,9.0,90.0,0.0,112.75,0.0,0.0,5.0,997.0,NA
2026-01-17 00:00:00,357.0,471.0,22.25,31.5,35.0,41.5,7.0,1.0,5.0,7.25,52.25,NA,10.0,14.5,4.25,9.0,90.5,0.75,102.5,0.0,0.0,5.0,997.0,NA
2026-01-17 01:00:00,311.0,410.0,23.25,28.5,33.67,42.0,7.0,1.0,5.0,5.75,38.5,NA,6.75,10.25,2.75,9.0,91.75,0.75,100.25,0.0,0.0,5.0,997.0,NA
2026-01-17 02:00:00,294.0,400.0,22.0,30.0,33.0,43.0,7.0,1.0,5.25,5.0,28.25,NA,4.25,7.0,2.0,9.0,94.0,0.75,102.75,0.0,0.0,5.0,997.0,NA
2026-01-17 03:00:00,309.0,410.0,29.5,23.75,37.0,45.0,7.5,1.0,5.0,5.0,22.5,NA,3.0,5.25,1.5,9.0,94.0,0.0,120.0,0.0,0.0,5.0,997.0,NA
2026-01-17 04:00:00,268.0,311.0,34.75,18.25,38.25,43.0,6.75,1.75,5.5,5.0,18.5,NA,2.25,3.75,1.0,8.0,94.0,0.25,132.0,0.0,0.0,5.0,997.0,NA
2026-01-17 05:00:00,239.0,260.0,35.0,16.0,37.0,42.75,6.25,1.5,5.5,5.0,16.0,NA,2.0,3.0,1.0,8.0,94.0,0.0,131.25,0.0,0.0,5.0,997.0,NA
2026-01-17 06:00:00,232.0,248.0,32.25,12.5,33.0,45.25,6.0,2.0,6.0,5.0,15.0,NA,2.0,3.0,1.0,7.75,94.0,0.25,133.5,0.0,0.0,5.0,997.0,NA
2026-01-17 07:00:00,212.0,226.0,26.75,13.25,29.25,45.5,6.25,2.0,5.75,5.0,13.25,NA,2.0,3.0,1.0,7.75,94.0,0.5,117.75,0.0,0.0,10.75,997.0,NA
2026-01-17 08:00:00,207.0,228.0,26.25,14.25,29.0,48.25,5.75,2.0,6.5,5.0,12.0,NA,2.0,2.25,1.0,8.0,94.0,0.75,117.0,0.0,0.0,49.5,997.0,NA
2026-01-17 09:00:00,323.0,389.0,31.5,25.75,39.75,55.25,6.5,2.25,7.75,5.75,13.75,NA,2.0,2.75,1.0,9.0,92.5,1.25,125.0,0.0,0.0,104.25,997.0,NA
2026-01-17 10:00:00,329.0,398.0,20.25,33.75,34.75,51.25,7.0,2.0,7.75,6.75,14.75,NA,2.5,3.0,1.0,10.5,85.0,1.25,114.5,0.0,0.0,213.0,997.0,NA
2026-01-17 11:00:00,349.0,403.0,10.25,46.0,32.75,50.0,9.0,2.0,29.0,6.0,14.0,NA,2.75,3.0,1.0,14.25,64.0,1.0,115.0,0.0,0.0,328.0,995.0,NA
2026-01-17 12:00:00,354.0,433.0,2.75,44.0,26.0,53.0,10.0,2.0,75.0,6.0,13.0,NA,2.0,2.25,1.0,15.75,55.25,1.25,114.25,0.0,0.0,277.5,994.0,NA
2026-01-17 13:00:00,384.0,515.0,1.75,44.25,25.0,57.75,10.75,2.0,118.75,6.0,13.75,NA,2.0,2.75,1.0,16.5,51.0,1.0,106.75,0.0,0.0,252.75,992.75,NA
2026-01-17 14:00:00,376.0,538.0,1.0,40.0,22.25,62.5,11.5,2.0,132.25,6.0,22.5,NA,2.0,3.0,1.0,16.25,51.5,1.5,118.75,0.0,0.0,173.0,993.5,NA
2026-01-17 15:00:00,360.0,533.0,1.0,34.25,19.25,66.75,12.0,2.0,156.75,5.0,50.75,NA,2.0,4.0,1.0,16.25,52.25,2.0,81.25,0.0,0.0,103.25,994.0,NA
2026-01-17 16:00:00,351.0,545.0,0.67,32.0,17.75,58.75,11.0,1.5,168.0,5.0,75.5,NA,2.75,6.0,1.0,15.25,55.75,1.0,62.25,0.0,0.0,51.0,995.25,NA
2026-01-17 17:00:00,307.0,494.0,1.0,38.25,21.0,56.25,11.0,1.5,75.5,4.25,100.25,NA,3.0,6.25,1.0,14.0,63.5,0.0,39.25,0.0,0.0,21.5,996.5,NA
2026-01-17 18:00:00,346.0,528.0,2.5,65.25,37.25,60.5,8.25,2.5,18.5,4.25,100.75,NA,3.5,8.25,1.75,11.5,75.0,0.0,146.75,0.0,0.0,5.75,997.0,NA
2026-01-17 19:00:00,449.0,604.0,37.75,94.25,81.0,57.0,14.75,3.5,8.75,5.0,74.75,NA,6.5,12.75,2.75,11.0,81.75,0.25,159.75,0.0,0.0,5.0,997.0,NA
2026-01-17 20:00:00,NA,810.0,25.0,70.5,58.0,63.5,11.25,4.75,10.25,5.25,78.0,NA,12.75,32.75,6.75,11.0,81.75,0.0,94.25,0.0,0.0,5.0,997.0,NA
2026-01-17 21:00:00,NA,919.0,58.5,62.75,81.5,77.25,9.75,6.0,11.0,6.75,132.75,NA,16.0,30.25,7.0,10.0,84.75,0.0,149.0,0.0,0.0,5.0,997.0,NA
2026-01-17 22:00:00,NA,973.0,90.5,57.5,104.75,62.75,10.25,3.5,6.5,8.75,167.25,NA,17.0,25.5,7.0,10.0,87.5,0.0,151.0,0.0,0.0,5.0,997.0,NA
2026-01-17 23:00:00,453.0,616.0,39.75,51.0,59.75,58.5,8.0,3.0,5.75,8.5,209.0,NA,15.0,20.75,5.75,9.25,88.75,0.0,159.25,0.0,0.0,5.0,997.0,NA
2026-01-18 00:00:00,426.0,533.0,57.0,38.5,67.0,60.5,7.67,2.0,5.25,8.0,163.25,NA,11.5,16.5,4.75,9.0,89.5,0.0,249.25,0.0,0.0,5.0,997.0,NA
2026-01-18 01:00:00,379.0,488.0,54.0,40.0,65.25,72.75,7.0,2.25,5.0,7.0,131.0,NA,10.0,14.0,4.0,9.0,90.5,0.0,237.75,0.0,0.0,5.0,997.0,NA
2026-01-18 02:00:00,447.0,567.0,58.0,41.0,69.0,82.0,7.0,4.0,8.5,7.5,122.25,NA,12.0,15.0,4.5,9.0,91.0,0.0,185.0,0.0,0.0,5.0,997.0,NA
2026-01-18 03:00:00,476.0,641.0,88.5,26.75,86.25,78.0,7.25,3.0,7.25,10.5,123.75,NA,17.25,19.5,6.5,9.0,93.75,0.0,143.75,0.0,0.0,5.0,997.0,NA
2026-01-18 04:00:00,456.0,583.0,96.25,32.5,95.5,64.0,8.5,3.0,7.0,10.0,146.75,NA,18.0,21.0,7.0,8.75,94.0,0.0,140.5,0.0,0.0,5.0,997.0,NA
2026-01-18 05:00:00,484.0,620.0,79.75,28.25,80.0,63.5,8.75,2.75,7.5,10.75,199.0,NA,19.25,21.75,7.0,8.25,94.0,0.0,142.75,0.0,0.0,5.25,997.0,NA
2026-01-18 06:00:00,451.0,566.0,54.75,37.25,64.5,77.25,7.75,2.25,6.25,11.75,206.0,NA,19.25,20.75,6.5,8.25,94.0,0.0,146.75,0.0,0.0,5.0,997.0,NA
2026-01-18 07:00:00,462.0,559.0,70.75,43.25,80.25,78.5,8.25,3.0,8.25,11.0,153.75,NA,14.75,16.75,5.25,8.75,94.0,0.5,135.5,0.0,0.0,8.5,997.0,NA
2026-01-18 08:00:00,NA,628.0,94.5,40.75,98.75,75.5,9.0,4.0,9.25,11.0,114.0,NA,13.25,15.25,5.0,9.0,94.0,0.25,121.75,0.0,0.0,24.5,997.0,NA
2026-01-18 09:00:00,NA,549.0,89.5,59.5,105.0,73.75,9.5,4.0,10.0,11.0,91.0,NA,13.0,15.0,6.0,10.0,92.5,0.75,121.75,0.0,0.0,103.25,997.0,NA
2026-01-18 10:00:00,NA,718.0,37.25,107.25,87.0,72.25,11.25,4.0,20.0,12.0,79.75,NA,13.0,15.5,6.0,12.25,81.75,2.0,106.0,0.0,0.0,186.5,996.75,NA
2026-01-18 11:00:00,NA,744.0,10.25,83.0,52.5,66.25,12.75,3.25,38.75,11.25,71.75,NA,12.5,15.75,6.0,14.5,68.25,1.5,115.0,0.0,0.0,240.5,995.25,NA
2026-01-18 12:00:00,NA,710.0,4.5,60.0,35.5,69.25,14.0,2.5,64.5,10.0,66.0,NA,10.5,14.5,5.25,16.0,60.75,2.5,96.75,0.0,0.0,263.75,994.0,NA
2026-01-18 13:00:00,506.0,588.0,1.25,31.0,17.5,74.25,13.25,1.5,84.0,8.5,56.0,NA,8.0,13.25,4.25,16.0,57.75,2.5,106.0,0.0,0.0,222.5,993.75,NA
2026-01-18 14:00:00,346.0,456.0,0.5,31.0,17.0,77.5,12.0,1.25,113.0,6.75,43.0,NA,5.5,9.75,3.0,16.0,55.75,2.0,106.75,0.0,0.0,153.25,994.0,NA
2026-01-18 15:00:00,333.0,469.0,0.0,27.25,14.75,80.75,11.0,1.0,115.0,5.75,34.0,NA,4.0,7.5,2.0,16.0,55.5,1.5,117.25,0.0,0.0,98.5,994.25,NA
2026-01-18 16:00:00,244.0,368.0,0.0,25.5,13.75,79.75,9.75,1.0,106.0,5.25,26.5,NA,4.5,6.25,2.0,15.75,57.75,1.25,128.5,0.0,0.0,55.5,995.0,NA
2026-01-18 17:00:00,226.0,338.0,0.0,34.75,18.75,79.75,9.0,1.5,63.5,7.0,22.5,NA,4.0,6.0,1.0,14.5,65.25,0.0,123.0,0.0,0.0,21.0,996.0,NA
2026-01-18 18:00:00,334.0,520.0,0.0,58.75,31.25,84.75,8.0,2.75,22.0,7.0,21.25,NA,4.25,6.75,2.0,12.5,76.25,0.0,147.75,0.0,0.0,5.5,997.0,NA
2026-01-18 19:00:00,NA,720.0,5.0,80.25,47.0,90.0,7.0,3.5,7.75,8.0,23.75,NA,5.5,8.25,2.25,12.0,82.5,0.0,153.0,0.0,0.0,5.0,997.0,NA
2026-01-18 20:00:00,NA,845.0,25.33,74.33,60.33,90.0,7.67,4.67,9.0,13.67,29.33,NA,7.0,10.0,3.0,11.33,85.67,0.0,155.67,0.0,0.0,5.0,997.0,NA
2026-01-18 21:00:00,NA,NA,42.0,71.25,72.75,85.75,8.75,4.5,8.0,18.75,34.5,NA,9.25,13.25,4.5,11.0,87.25,0.0,143.5,0.0,0.0,5.0,997.0,NA
2026-01-18 22:00:00,NA,892.0,37.0,62.5,63.25,81.25,8.25,3.25,6.25,16.5,37.25,NA,11.0,14.75,5.5,11.0,88.0,0.0,124.75,0.0,0.0,5.0,997.0,NA
2026-01-18 23:00:00,NA,730.0,38.5,48.25,57.5,83.75,8.0,3.0,5.75,14.25,34.5,NA,10.0,13.25,5.0,11.0,88.75,0.0,167.0,0.0,0.0,5.0,997.0,NA
2026-01-19 00:00:00,NA,710.0,39.0,42.75,54.5,88.5,8.0,3.0,7.0,14.0,33.5,NA,10.0,13.25,4.0,11.0,89.75,0.0,164.75,0.0,0.0,5.25,997.0,NA
2026-01-19 01:00:00,NA,732.0,58.0,39.5,68.75,92.75,8.5,3.0,8.0,15.0,36.0,NA,10.25,15.5,5.0,11.0,91.25,0.0,142.25,0.0,0.0,5.0,997.0,NA
2026-01-19 02:00:00,NA,NA,64.0,37.0,72.0,76.0,9.0,3.0,6.25,14.75,38.25,NA,10.75,16.0,5.0,10.5,93.0,0.0,127.75,0.0,0.0,5.0,997.0,NA
2026-01-19 03:00:00,NA,852.0,23.75,38.25,39.75,64.0,7.5,1.75,5.0,13.0,35.75,NA,10.0,13.5,4.5,10.0,94.0,0.0,119.75,0.0,0.0,5.0,997.0,NA
2026-01-19 04:00:00,382.0,464.0,7.0,29.5,22.0,62.0,6.25,1.25,5.25,10.5,27.0,NA,7.0,9.5,3.25,10.0,94.0,0.0,127.25,0.0,0.0,5.0,997.0,NA
2026-01-19 05:00:00,366.0,438.0,7.5,26.0,20.25,61.5,6.25,1.0,4.75,9.0,22.75,NA,5.75,7.25,2.0,10.0,94.0,0.0,93.0,0.0,0.0,5.0,997.0,NA
2026-01-19 06:00:00,334.0,404.0,6.5,28.0,20.5,63.0,6.0,1.0,5.0,8.0,25.75,NA,4.75,7.0,2.0,10.0,94.0,0.0,135.75,0.0,0.0,5.0,997.0,NA
2026-01-19 07:00:00,306.0,367.0,8.0,29.5,22.5,62.5,6.0,1.25,5.5,7.0,22.5,NA,3.75,5.5,1.25,10.0,94.0,0.0,126.0,0.0,0.0,9.25,997.0,NA
2026-01-19 08:00:00,374.0,445.0,9.0,29.5,23.0,59.5,6.5,2.0,7.0,7.0,18.0,NA,3.0,5.0,1.0,10.25,94.0,0.0,109.0,0.0,0.0,42.75,997.0,NA
2026-01-19 09:00:00,384.0,466.0,6.0,48.75,31.0,59.0,8.5,1.5,11.0,7.0,22.0,NA,3.0,5.0,1.0,12.5,84.5,0.0,127.75,0.0,0.0,148.25,997.0,NA
2026-01-19 10:00:00,364.0,447.0,1.75,23.5,14.0,69.0,17.25,1.0,32.0,6.5,22.0,NA,2.5,4.5,1.0,14.5,65.75,1.0,131.75,0.0,0.0,225.0,995.5,NA
2026-01-19 11:00:00,337.0,403.0,1.75,27.25,16.25,70.0,16.75,1.0,61.0,6.0,15.5,NA,1.75,2.75,0.25,16.25,54.75,1.0,126.5,0.0,0.0,275.5,993.5,NA
2026-01-19 12:00:00,311.0,404.0,0.75,27.25,15.5,74.5,16.0,1.0,103.25,5.0,11.75,NA,1.0,2.0,0.0,17.5,49.0,1.0,147.75,0.0,0.0,271.75,992.25,NA
2026-01-19 13:00:00,295.0,400.0,0.0,27.25,14.75,78.5,17.5,1.0,122.5,4.5,11.0,NA,1.0,2.0,0.0,18.5,42.75,0.75,197.0,0.0,0.0,273.25,990.25,NA
2026-01-19 14:00:00,215.0,288.0,0.0,20.5,10.5,78.5,13.75,0.5,131.0,3.75,10.25,NA,1.0,2.0,0.0,18.25,40.5,1.0,217.25,0.0,0.0,194.0,990.25,NA
2026-01-19 15:00:00,175.0,245.0,0.0,17.75,9.25,71.5,15.5,0.0,106.5,2.75,9.5,NA,1.0,1.25,0.0,17.5,39.25,1.0,179.0,0.0,0.0,101.75,992.5,NA
2026-01-19 16:00:00,143.0,245.0,0.0,20.5,10.75,66.25,13.0,0.25,106.25,2.0,21.75,NA,1.0,2.5,0.0,16.0,49.5,1.75,181.5,0.0,0.0,48.25,994.75,NA
2026-01-19 17:00:00,174.0,305.0,0.0,24.75,13.25,61.5,9.5,0.25,61.75,2.0,54.5,NA,2.5,6.0,1.0,14.5,56.25,0.75,172.0,0.0,0.0,20.0,996.0,NA
2026-01-19 18:00:00,169.0,333.0,0.0,28.75,15.5,49.5,9.25,1.0,47.0,2.0,96.0,NA,3.0,9.5,1.75,12.75,66.0,0.25,82.25,0.0,0.0,5.75,997.0,NA
2026-01-19 19:00:00,222.0,414.0,0.0,41.5,22.0,48.75,9.0,1.0,27.25,2.0,141.0,NA,5.0,13.25,2.75,12.0,72.5,0.0,159.75,0.0,0.0,5.0,997.0,NA
2026-01-19 20:00:00,428.0,598.0,16.75,67.5,49.75,45.0,8.75,2.0,6.75,3.0,180.5,NA,9.75,18.75,4.75,11.0,78.75,0.0,263.75,0.0,0.0,5.0,997.0,NA
2026-01-19 21:00:00,NA,657.0,21.75,62.25,50.75,44.75,8.0,2.0,5.5,3.75,188.75,NA,10.75,23.25,6.25,11.0,84.0,0.0,254.75,0.0,0.0,5.0,997.0,NA
2026-01-19 22:00:00,388.0,536.0,24.25,55.25,49.5,46.0,7.0,2.0,5.25,4.0,153.5,NA,12.0,24.25,7.0,10.5,87.25,0.0,242.0,0.0,0.0,5.0,997.0,NA
2026-01-19 23:00:00,344.0,449.0,29.75,37.5,44.25,45.5,6.25,2.0,5.0,4.0,114.75,NA,10.5,19.5,6.0,10.0,88.5,0.0,231.0,0.0,0.0,5.0,997.0,NA
2026-01-20 00:00:00,327.0,409.0,14.5,33.5,29.75,44.5,6.0,1.0,5.25,4.0,84.0,NA,8.75,15.5,4.5,10.0,90.5,0.0,255.25,0.0,0.0,5.0,997.0,NA
2026-01-20 01:00:00,312.0,409.0,13.25,31.75,27.75,47.0,6.0,1.0,5.0,4.0,71.0,NA,8.5,14.75,4.0,10.0,91.5,0.0,241.0,0.0,0.0,5.0,997.0,NA
2026-01-20 02:00:00,343.0,415.0,7.0,30.0,22.0,51.0,6.0,1.0,4.75,3.5,56.25,NA,7.5,10.75,3.0,10.0,93.75,0.0,247.25,0.0,0.0,5.0,997.0,NA
2026-01-20 03:00:00,238.0,301.0,3.25,25.25,16.25,47.5,5.75,1.0,4.75,3.0,38.0,NA,5.75,7.75,2.25,10.0,94.0,0.0,229.0,0.0,0.0,5.0,997.0,NA
2026-01-20 04:00:00,241.0,293.0,2.25,22.25,13.75,44.0,5.5,1.0,5.0,2.75,25.25,NA,3.5,5.5,1.75,9.0,94.0,0.0,209.0,0.0,0.0,5.0,997.0,NA
2026-01-20 05:00:00,219.0,266.0,6.0,22.25,17.0,44.75,5.75,1.0,4.5,2.0,19.0,NA,2.75,4.5,1.0,9.0,94.0,0.0,198.75,0.0,0.0,5.0,997.0,NA
2026-01-20 06:00:00,254.0,283.0,8.0,18.75,16.25,45.5,5.25,1.0,4.5,2.0,16.25,NA,2.25,3.75,1.0,9.0,94.0,0.0,188.0,0.0,0.0,5.0,997.0,NA
2026-01-20 07:00:00,237.0,261.0,9.0,21.0,18.75,46.0,5.5,1.0,5.0,2.0,13.5,NA,2.0,3.0,1.0,9.0,94.0,0.0,209.0,0.0,0.0,8.25,997.0,NA
2026-01-20 08:00:00,252.0,291.0,15.25,23.25,24.75,46.0,6.0,1.25,5.0,2.5,13.0,NA,2.0,3.0,1.0,9.0,94.0,0.0,213.5,0.0,0.0,34.25,997.0,NA
2026-01-20 09:00:00,NA,NA,22.5,38.25,38.75,44.75,6.75,1.75,7.25,3.0,14.75,NA,2.0,3.0,1.0,11.25,92.0,0.0,234.0,0.0,0.0,132.5,997.0,NA
2026-01-20 10:00:00,311.0,389.0,6.0,42.5,27.5,46.75,8.75,1.0,16.0,3.0,18.25,NA,2.0,2.75,1.0,13.75,79.25,0.5,217.25,0.0,0.0,228.75,996.0,NA
2026-01-20 11:00:00,324.0,372.0,1.5,17.5,10.75,42.0,13.5,1.0,47.25,3.0,16.5,NA,1.5,2.0,0.5,16.0,60.0,1.25,230.25,0.0,0.0,313.75,993.75,NA
2026-01-20 12:00:00,243.0,304.0,0.5,13.0,7.0,42.25,13.5,1.0,74.75,2.5,12.5,NA,1.0,2.0,0.0,17.0,54.0,1.75,215.75,0.0,0.0,325.5,992.25,NA
2026-01-20 13:00:00,211.0,263.0,0.0,10.5,5.5,42.25,11.25,1.0,101.25,2.0,9.0,NA,1.0,1.5,0.0,18.5,46.0,1.0,222.75,0.0,0.0,343.5,989.75,NA
2026-01-20 14:00:00,155.0,194.0,NA,8.25,3.5,42.5,9.75,0.0,112.25,1.5,6.5,NA,0.0,1.0,0.0,18.75,40.5,1.5,223.25,0.0,0.0,218.25,989.5,NA
2026-01-20 15:00:00,96.0,152.0,NA,7.5,3.25,44.0,10.5,0.0,117.5,1.0,5.0,NA,0.0,1.0,0.0,18.0,42.75,1.25,218.25,0.0,0.0,122.5,992.0,NA
2026-01-20 16:00:00,123.0,212.0,NA,14.75,7.5,44.0,15.5,0.0,107.0,1.0,6.0,NA,0.0,1.0,0.0,16.25,47.25,1.5,210.5,0.0,0.0,64.5,994.75,NA
2026-01-20 17:00:00,117.0,216.0,NA,18.5,9.25,43.5,14.75,0.75,80.25,1.0,10.0,NA,0.0,1.0,0.0,15.0,55.25,0.25,238.5,0.0,0.0,24.5,995.75,NA
2026-01-20 18:00:00,141.0,255.0,0.0,32.0,16.33,43.67,10.67,1.0,46.67,1.0,20.33,NA,0.33,2.0,0.0,12.67,67.0,0.0,301.33,0.0,0.0,6.0,997.0,NA
2026-01-20 19:00:00,224.0,362.0,4.33,71.0,40.25,45.5,9.0,1.75,11.0,1.25,58.0,NA,1.5,7.25,1.25,12.0,76.0,0.0,321.0,0.0,0.0,5.0,997.0,NA
2026-01-20 20:00:00,NA,575.0,20.0,64.25,50.5,49.25,8.5,2.25,6.25,2.25,90.75,NA,3.5,13.0,3.0,11.0,82.25,0.0,281.25,0.0,0.0,5.0,997.0,NA
2026-01-20 21:00:00,350.0,536.0,14.5,61.25,44.25,52.75,8.0,3.0,6.0,3.0,105.25,NA,6.5,20.5,5.0,11.0,86.25,0.0,258.25,0.0,0.0,5.0,997.0,NA
2026-01-20 22:00:00,449.0,560.0,21.75,48.0,43.5,50.5,7.25,2.25,5.0,4.5,98.5,NA,10.0,28.25,7.0,11.0,88.75,0.0,257.0,0.0,0.0,5.0,997.0,NA
2026-01-20 23:00:00,335.0,447.0,14.25,35.0,30.5,49.0,6.25,1.5,5.25,5.0,87.5,NA,10.75,26.75,7.25,10.75,90.0,0.0,217.5,0.0,0.0,5.0,997.0,NA
2026-01-21 00:00:00,238.0,305.0,4.25,29.75,19.25,48.75,5.0,1.0,5.5,4.25,61.25,NA,8.5,17.25,4.5,10.0,91.25,0.0,217.0,0.0,0.0,5.0,997.0,NA
2026-01-21 01:00:00,280.0,343.0,5.5,25.5,18.25,48.0,5.0,1.0,5.0,4.0,52.5,NA,8.0,13.25,3.75,10.0,94.0,0.0,255.75,0.0,0.0,5.0,997.0,NA
2026-01-21 02:00:00,222.0,289.0,2.0,22.0,13.0,50.0,5.0,1.0,5.0,4.0,48.0,NA,7.75,11.25,3.0,10.0,94.0,0.0,236.25,0.0,0.0,5.0,997.0,NA
2026-01-21 03:00:00,199.0,237.0,0.5,21.5,12.25,42.5,4.25,1.0,5.0,3.25,39.75,NA,7.0,8.75,2.25,10.0,94.0,0.0,216.0,0.0,0.0,5.0,997.0,NA
2026-01-21 04:00:00,221.0,266.0,3.0,18.5,12.5,38.0,4.25,1.0,5.0,2.5,31.25,NA,5.75,6.75,2.0,9.75,94.0,0.0,204.25,0.0,0.0,5.0,997.0,NA
2026-01-21 05:00:00,306.0,367.0,11.0,19.25,19.25,55.75,4.25,1.0,3.0,2.5,24.5,NA,5.0,6.0,2.0,9.0,94.0,0.0,210.75,0.0,0.0,5.25,997.0,NA
2026-01-21 06:00:00,232.0,255.0,10.25,20.75,19.5,76.0,4.0,1.0,3.25,2.75,22.75,NA,4.25,5.5,1.25,9.0,94.0,0.0,211.25,0.0,0.0,6.0,997.0,NA
2026-01-21 07:00:00,208.0,223.0,14.5,26.0,25.25,89.5,3.0,1.0,3.75,3.0,20.25,NA,3.5,4.5,1.0,9.0,94.0,0.0,207.5,0.0,0.0,6.0,997.0,NA
2026-01-21 08:00:00,197.0,211.0,26.25,28.0,36.5,99.0,3.0,1.0,4.25,3.0,23.25,NA,3.0,4.0,1.0,NA,NA,NA,NA,NA,NA,NA,NA,NA
2026-01-21 09:00:00,249.0,288.0,17.5,40.0,36.0,108.75,4.25,1.0,5.0,1.0,23.75,NA,3.0,3.0,0.25,NA,NA,NA,NA,NA,NA,NA,NA,NA
2026-01-21 10:00:00,226.0,283.0,7.75,57.75,37.25,120.0,6.75,1.0,8.5,0.0,24.25,NA,2.25,3.0,0.0,NA,NA,NA,NA,NA,NA,NA,NA,NA
2026-01-21 11:00:00,216.0,261.0,8.33,26.0,14.5,57.25,8.75,1.0,30.5,1.0,19.25,NA,1.5,3.5,0.75,16.0,61.0,1.0,205.0,0.0,0.0,321.5,993.5,NA
2026-01-21 12:00:00,125.0,266.0,0.0,19.0,10.0,33.0,9.0,1.0,62.0,1.5,9.5,NA,1.0,5.75,1.0,17.5,51.25,1.5,230.25,0.0,0.0,336.0,991.5,NA
2026-01-21 13:00:00,125.0,183.0,0.0,7.75,3.5,25.25,11.5,1.0,89.0,1.0,7.67,NA,1.0,5.33,1.0,18.0,44.5,2.0,225.75,0.0,0.0,360.75,990.25,NA
2026-01-21 14:00:00,95.0,149.0,NA,5.25,1.75,19.5,10.25,1.0,98.75,NA,NA,NA,NA,NA,NA,19.0,39.75,1.25,229.0,0.0,0.0,234.25,989.0,NA
2026-01-21 15:00:00,67.0,114.0,NA,3.25,0.75,19.75,7.0,0.0,97.75,NA,NA,NA,NA,NA,NA,17.5,40.0,1.0,232.75,0.0,0.0,130.0,991.75,NA
2026-01-21 16:00:00,56.0,105.0,0.5,4.25,2.25,22.75,5.75,0.25,93.0,NA,NA,NA,NA,NA,NA,15.5,46.25,0.75,226.25,0.0,0.0,37.25,995.25,NA
2026-01-21 17:00:00,62.0,118.0,NA,7.0,3.0,23.0,4.75,0.67,75.5,0.0,57.0,NA,1.0,5.0,1.0,14.5,51.25,0.75,238.0,0.0,0.0,19.0,996.25,NA
2026-01-21 18:00:00,80.0,185.0,0.5,48.0,25.67,24.0,4.67,0.0,16.67,1.0,64.75,NA,1.0,4.25,1.0,12.0,65.67,0.0,278.67,0.0,0.0,5.33,997.0,NA
2026-01-21 19:00:00,175.0,366.0,8.75,70.75,44.5,29.25,6.25,0.0,3.25,1.25,92.25,NA,2.5,13.25,2.5,11.0,72.5,0.0,265.75,0.0,0.0,5.0,997.0,NA
2026-01-21 20:00:00,313.0,498.0,5.0,61.0,36.75,30.5,5.75,0.0,3.25,2.75,140.5,NA,4.5,20.0,4.0,11.0,77.5,0.0,301.75,0.0,0.0,5.0,997.0,NA
2026-01-21 21:00:00,276.0,412.0,12.5,60.0,42.5,28.25,5.0,0.0,2.5,3.25,200.75,NA,8.0,25.0,5.75,11.0,81.5,0.0,192.75,0.0,0.0,5.0,997.0,NA
2026-01-21 22:00:00,290.0,427.0,9.33,49.33,32.5,26.67,4.33,0.0,1.33,4.0,196.25,NA,10.75,26.5,6.75,10.0,84.5,0.0,253.25,0.0,0.0,5.0,997.0,NA
2026-01-21 23:00:00,240.0,326.0,17.25,44.5,37.75,25.5,3.5,0.0,0.75,3.5,153.0,NA,11.0,24.75,7.0,10.0,87.0,0.0,230.5,0.0,0.0,5.0,997.0,NA
2026-01-22 00:00:00,204.0,302.0,14.25,33.25,29.5,26.75,4.67,0.0,0.75,3.0,116.0,NA,10.5,22.5,6.75,9.25,88.5,0.0,239.25,0.0,0.0,5.0,997.0,NA
2026-01-22 01:00:00,194.0,269.0,7.25,28.25,21.25,27.25,5.0,0.0,0.0,3.0,78.0,NA,8.5,15.75,4.5,9.0,89.75,0.0,249.25,0.0,0.0,5.0,997.0,NA
2026-01-22 02:00:00,194.0,256.0,1.0,24.0,14.0,29.0,5.0,0.0,1.0,2.0,53.75,NA,6.75,12.75,4.0,9.0,91.25,0.0,226.75,0.0,0.0,5.5,997.0,NA
2026-01-22 03:00:00,175.0,235.0,4.75,24.75,17.25,30.0,5.25,0.0,1.0,2.0,38.5,NA,5.75,11.0,3.75,9.0,94.0,0.0,223.5,0.0,0.0,5.25,997.0,NA
2026-01-22 04:00:00,196.0,246.0,5.5,22.0,16.25,29.75,5.0,0.0,0.5,2.0,27.75,NA,4.5,8.0,2.5,9.0,94.0,0.0,234.25,0.0,0.0,5.0,997.0,NA
2026-01-22 05:00:00,212.0,257.0,6.67,22.67,17.67,27.25,5.0,0.0,0.67,1.0,21.25,NA,3.25,6.0,2.0,9.0,94.0,0.0,220.0,0.0,0.0,5.0,997.0,NA
2026-01-22 06:00:00,241.0,298.0,22.75,18.25,28.25,25.5,5.25,0.0,0.0,1.0,16.75,NA,3.0,4.75,1.25,9.0,94.0,0.0,227.25,0.0,0.0,5.0,997.0,NA
2026-01-22 07:00:00,243.0,301.0,32.33,20.67,37.67,26.0,5.33,0.0,1.0,1.0,17.5,NA,2.75,4.25,1.0,9.0,94.0,0.0,222.25,0.0,0.0,10.0,997.0,NA
2026-01-22 08:00:00,320.0,394.0,44.0,32.0,53.0,30.25,6.25,0.0,1.5,2.0,23.0,NA,3.0,5.0,1.0,9.5,94.0,0.0,214.5,0.0,0.0,52.75,997.0,NA
2026-01-22 09:00:00,333.0,427.0,26.5,63.25,55.75,37.25,8.75,0.0,5.0,2.5,31.5,NA,3.5,5.0,1.5,11.5,84.0,2.0,190.75,0.0,0.0,140.25,997.0,NA
2026-01-22 10:00:00,280.0,405.0,3.0,31.0,19.0,36.0,14.0,0.0,30.5,2.33,27.33,NA,3.33,4.33,1.0,15.0,61.33,0.67,197.67,0.0,0.0,248.33,995.33,NA
2026-01-22 11:00:00,272.0,394.0,2.25,25.75,15.75,38.5,12.75,0.0,59.0,2.0,22.5,NA,2.5,3.75,1.0,16.75,49.0,1.5,200.5,0.0,0.0,329.0,993.0,NA
2026-01-22 12:00:00,168.0,251.0,0.67,18.0,10.0,38.67,10.67,0.0,99.0,2.0,17.25,NA,1.25,3.0,1.0,18.0,43.0,1.75,188.75,0.0,0.0,334.75,990.75,NA
2026-01-22 13:00:00,146.0,273.0,NA,12.75,6.25,34.0,11.0,0.0,131.5,1.25,14.5,NA,1.0,2.5,0.0,19.0,42.25,1.0,130.0,0.0,0.0,339.5,989.0,NA
2026-01-22 14:00:00,122.0,223.0,NA,14.5,7.0,32.0,11.0,0.0,151.0,1.0,12.5,NA,1.0,2.0,0.0,19.0,41.5,1.0,134.0,0.0,0.0,270.0,989.0,NA
2026-01-22 15:00:00,127.0,263.0,0.0,23.25,12.25,31.25,11.0,NA,180.5,1.0,12.0,NA,1.0,2.0,0.0,17.75,45.0,2.0,109.0,0.0,0.0,121.25,992.25,NA
2026-01-22 16:00:00,173.0,324.0,0.0,26.0,14.25,32.75,12.5,1.0,169.75,1.25,12.0,NA,1.0,2.0,0.0,16.5,50.25,2.5,94.25,0.0,0.0,53.5,994.25,NA
2026-01-22 17:00:00,168.0,370.0,0.0,26.0,14.5,33.5,12.5,1.5,121.5,2.0,13.0,NA,1.0,2.0,0.0,15.5,56.75,1.25,121.25,0.0,0.0,18.0,995.5,NA
2026-01-22 18:00:00,186.0,412.0,1.5,40.0,23.0,37.5,10.25,2.0,59.0,2.75,13.75,NA,1.0,2.5,0.25,14.0,63.25,0.25,163.75,0.0,0.0,5.75,996.0,NA
2026-01-22 19:00:00,212.0,429.0,2.0,50.33,29.5,39.5,9.0,2.0,23.5,4.0,15.75,NA,2.25,4.5,1.0,14.0,64.25,1.0,163.5,0.0,0.0,5.0,996.0,NA
2026-01-22 20:00:00,207.0,394.0,1.25,46.0,25.75,41.25,9.25,2.0,33.25,4.0,21.25,NA,4.0,6.5,2.0,14.0,65.75,2.25,150.75,0.0,0.0,5.0,996.0,NA
2026-01-22 21:00:00,195.0,328.0,1.75,34.0,20.0,41.25,9.0,2.0,47.0,4.0,23.75,NA,4.0,6.5,2.0,14.0,65.25,2.75,149.25,0.0,0.0,5.0,996.0,NA
2026-01-22 22:00:00,179.0,306.0,1.0,27.25,15.25,39.25,8.75,2.0,57.5,3.5,18.75,NA,3.0,5.25,1.75,14.0,65.75,3.0,141.75,0.0,0.0,5.0,996.0,NA
2026-01-22 23:00:00,151.0,268.0,1.25,15.5,9.5,38.5,7.25,1.0,65.75,3.0,15.25,NA,2.0,4.0,1.0,14.0,66.25,3.25,145.5,0.0,0.0,5.0,996.0,NA
2026-01-23 00:00:00,128.0,217.0,1.25,15.25,9.25,39.0,7.67,0.0,67.0,2.25,10.5,NA,1.0,2.5,0.75,14.0,65.75,4.75,142.5,0.0,0.0,5.0,996.0,NA
2026-01-23 01:00:00,150.0,268.0,1.25,13.25,8.25,42.75,7.75,0.0,71.0,1.75,7.5,NA,1.0,1.5,0.0,14.0,65.0,4.75,145.0,0.0,0.0,5.0,996.0,NA
2026-01-23 02:00:00,122.0,229.0,2.0,12.0,8.0,48.0,8.0,0.0,71.5,1.0,5.5,NA,0.0,1.0,0.0,14.0,65.25,4.0,148.5,0.0,0.0,5.0,996.0,NA
2026-01-23 03:00:00,119.0,210.0,2.0,7.0,5.25,48.5,7.25,0.0,77.25,1.0,3.75,NA,0.0,0.75,0.0,14.0,66.75,4.0,149.75,0.0,0.0,5.0,996.0,NA
2026-01-23 04:00:00,107.0,194.0,2.25,6.0,5.0,45.25,6.5,0.0,77.75,1.0,3.0,NA,0.0,0.0,0.0,14.0,67.25,4.5,143.75,0.0,0.0,5.0,996.0,NA
2026-01-23 05:00:00,107.0,169.0,1.75,6.25,5.0,37.0,7.5,0.0,66.5,1.0,2.0,NA,0.0,0.0,0.0,13.0,70.5,2.25,158.5,0.0,0.0,5.0,997.0,NA
2026-01-23 06:00:00,114.0,186.0,2.0,5.0,4.5,36.75,7.0,0.0,66.0,1.0,2.0,NA,0.0,0.0,0.0,13.0,72.75,3.5,111.5,0.0,0.0,5.0,997.0,NA
2026-01-23 07:00:00,113.0,183.0,3.25,7.25,6.75,35.75,7.25,0.0,54.25,1.0,2.0,NA,0.0,0.0,0.0,13.0,75.75,3.5,167.75,0.0,0.0,5.5,997.0,NA
2026-01-23 08:00:00,116.0,205.0,2.75,6.75,6.0,35.5,7.0,0.5,28.75,1.0,2.0,NA,0.0,0.0,0.0,12.0,85.0,1.0,155.5,0.0,0.0,8.0,997.0,NA
2026-01-23 09:00:00,111.0,151.0,3.25,11.75,9.25,37.0,7.0,1.0,21.75,1.0,2.0,NA,0.0,0.0,0.0,12.0,88.75,1.75,119.25,0.0,0.0,10.25,997.0,NA
2026-01-23 10:00:00,128.0,160.0,3.25,15.5,11.0,40.0,7.0,1.0,24.0,1.0,2.25,NA,0.0,0.0,0.0,12.0,90.0,2.25,120.5,0.0,0.0,9.75,997.0,NA
2026-01-23 11:00:00,150.0,189.0,3.25,19.0,13.25,42.25,7.0,1.0,21.5,1.0,3.5,NA,0.0,0.0,0.0,12.0,91.0,5.5,110.5,0.0,0.0,11.25,997.0,NA
2026-01-23 12:00:00,156.0,179.0,3.5,15.75,11.25,45.0,7.25,1.0,30.5,1.0,4.5,NA,0.0,0.0,0.0,12.0,90.25,5.0,112.75,0.0,0.0,101.25,997.0,NA
2026-01-23 13:00:00,147.0,174.0,4.5,14.5,11.75,43.75,8.75,1.0,35.25,1.0,5.0,NA,0.0,0.0,0.0,12.75,84.75,5.5,117.5,0.0,0.0,106.5,997.0,NA
2026-01-23 14:00:00,158.0,174.0,4.25,16.5,12.5,41.75,10.5,1.0,37.25,1.0,4.75,NA,0.0,0.0,0.0,13.0,81.5,4.25,108.75,0.0,0.0,107.0,996.75,NA
2026-01-23 15:00:00,155.0,175.0,4.0,13.5,10.75,40.0,10.0,1.0,39.75,1.0,6.0,NA,0.0,0.0,0.0,13.0,79.75,3.0,111.75,0.0,0.0,66.5,996.25,NA
2026-01-23 16:00:00,158.0,182.0,3.5,13.0,9.75,38.25,9.25,1.0,38.0,1.0,8.0,NA,0.0,0.0,0.0,12.5,82.75,3.5,100.0,0.0,0.0,19.25,997.0,NA
2026-01-23 17:00:00,155.0,182.0,2.75,8.0,6.5,37.75,8.0,1.0,46.25,1.0,13.0,NA,0.0,0.0,0.0,12.0,84.75,3.5,106.25,0.0,0.0,12.75,997.0,NA
2026-01-23 18:00:00,143.0,169.0,2.75,11.75,8.25,40.25,7.25,1.0,33.25,1.0,19.5,NA,0.0,0.0,0.0,12.0,88.0,1.0,120.5,0.0,0.0,5.5,997.0,NA
2026-01-23 19:00:00,160.0,184.0,3.0,14.25,9.75,42.5,7.0,1.0,23.5,1.0,15.0,NA,0.0,0.0,0.0,11.5,89.0,1.0,116.75,0.0,0.0,5.0,997.0,NA
2026-01-23 20:00:00,152.0,175.0,3.5,16.0,11.5,43.5,7.0,1.0,15.25,1.0,12.0,NA,0.0,0.25,0.0,11.75,90.0,0.0,217.75,0.0,0.0,5.0,997.0,NA
2026-01-23 21:00:00,190.0,218.0,4.75,20.75,15.25,46.0,7.0,1.0,4.5,1.5,20.0,NA,0.75,1.0,0.0,11.5,90.0,0.0,199.25,0.0,0.0,5.0,997.0,NA
2026-01-23 22:00:00,206.0,234.0,3.75,17.0,12.25,40.0,6.25,1.0,6.25,2.0,30.75,NA,1.5,2.75,0.75,11.5,90.0,0.0,250.5,0.0,0.0,5.0,997.0,NA
2026-01-23 23:00:00,173.0,202.0,7.75,16.0,15.0,37.25,6.25,1.0,2.75,2.25,43.25,NA,2.25,4.75,1.0,11.0,92.0,0.0,246.75,0.0,0.0,5.0,997.0,NA
2026-01-24 00:00:00,178.0,210.0,15.75,16.0,21.75,34.5,4.67,1.0,0.25,3.5,48.5,NA,3.0,5.25,1.0,10.25,93.75,0.0,200.75,0.0,0.0,5.0,997.0,NA
2026-01-24 01:00:00,136.0,155.0,6.25,15.25,13.25,34.0,4.0,0.75,1.0,3.5,46.75,NA,2.75,5.0,1.0,10.0,94.0,0.5,240.0,0.0,0.0,5.0,997.0,NA
2026-01-24 02:00:00,103.0,130.0,4.0,14.0,11.0,36.0,4.0,0.0,15.75,2.5,37.0,NA,2.0,3.75,1.0,10.0,94.0,1.5,225.5,0.0,0.0,5.0,997.0,NA
2026-01-24 03:00:00,100.0,153.0,2.75,4.75,5.0,35.75,4.0,0.0,23.75,1.75,24.5,NA,1.25,2.25,0.25,9.0,87.25,2.0,215.25,0.0,0.0,5.0,997.0,NA
2026-01-24 04:00:00,41.0,150.0,1.75,3.5,3.5,34.0,4.25,0.0,28.0,1.0,14.75,NA,1.0,2.0,0.0,9.0,73.0,2.0,204.25,0.0,0.0,5.0,997.0,NA
2026-01-24 05:00:00,35.0,179.0,2.5,1.5,3.0,31.75,4.0,0.0,32.75,1.0,10.5,NA,1.0,1.75,0.0,9.0,66.0,3.25,177.0,0.0,0.0,5.0,997.0,NA
2026-01-24 06:00:00,46.0,200.0,3.0,1.25,3.25,27.75,4.75,0.0,35.0,0.0,8.0,NA,1.0,1.0,0.0,9.0,65.25,3.75,164.25,0.0,0.0,5.0,997.0,NA
2026-01-24 07:00:00,42.0,189.0,3.25,6.0,5.75,25.25,6.0,0.0,26.75,0.0,6.75,NA,1.0,1.0,0.0,8.75,68.0,2.5,168.0,0.0,0.0,8.5,997.0,NA
2026-01-24 08:00:00,75.0,211.0,4.75,11.25,10.0,24.75,8.0,0.0,22.25,0.25,7.75,NA,1.0,1.0,0.0,9.0,66.25,2.75,159.75,0.0,0.0,53.25,997.0,NA
2026-01-24 09:00:00,90.0,259.0,6.75,12.0,11.75,24.25,8.0,0.0,25.5,1.0,9.0,NA,1.0,1.0,0.0,10.5,58.75,3.0,157.75,0.0,0.0,161.0,997.0,NA
2026-01-24 10:00:00,90.0,284.0,5.0,8.0,8.0,23.0,8.0,0.0,40.5,1.0,11.0,NA,1.0,1.0,0.0,11.5,53.25,4.25,163.75,0.0,0.0,276.5,997.0,NA
2026-01-24 11:00:00,51.0,238.0,3.5,4.75,5.5,23.75,9.0,0.0,52.75,1.0,11.75,NA,1.0,1.0,0.0,12.75,50.25,4.75,158.0,0.0,0.0,360.75,996.25,NA
2026-01-24 12:00:00,52.0,193.0,4.25,4.25,5.75,24.75,13.5,0.0,59.0,0.5,14.5,NA,0.0,1.0,0.0,13.0,47.75,5.5,130.75,0.0,0.0,366.25,996.0,NA
2026-01-24 13:00:00,48.0,194.0,3.5,4.0,5.5,25.5,11.0,0.0,69.0,0.0,17.75,NA,0.5,1.75,0.0,13.75,43.0,4.25,161.5,0.0,0.0,369.5,995.5,NA
2026-01-24 14:00:00,38.0,130.0,3.75,3.5,4.75,25.25,11.75,0.0,69.0,0.0,14.25,NA,0.25,1.5,0.0,14.25,44.25,4.0,188.5,0.0,0.0,233.75,995.0,NA
2026-01-24 15:00:00,40.0,127.0,3.5,1.75,3.75,24.25,7.25,0.0,67.0,0.0,10.5,NA,0.0,1.0,0.0,13.5,48.75,3.0,210.0,0.0,0.0,137.0,996.0,NA
2026-01-24 16:00:00,44.0,118.0,4.0,1.75,4.0,23.25,6.0,0.0,63.5,0.0,7.75,NA,0.0,0.25,0.0,12.5,52.75,3.5,198.75,0.0,0.0,50.25,997.0,NA
2026-01-24 17:00:00,39.0,129.0,3.5,4.5,5.5,23.5,6.25,0.0,53.0,0.0,7.75,NA,0.0,0.25,0.0,11.75,58.0,1.5,231.25,0.0,0.0,21.5,997.0,NA
2026-01-24 18:00:00,45.0,123.0,3.25,13.0,10.0,24.5,5.75,0.25,26.0,0.0,6.75,NA,0.0,1.0,0.0,10.5,69.0,0.25,254.25,0.0,0.0,5.75,997.0,NA
2026-01-24 19:00:00,83.0,179.0,5.5,25.0,17.75,28.0,5.0,1.0,11.75,0.0,5.75,NA,0.0,0.75,0.0,10.0,75.75,1.0,240.5,0.0,0.0,5.0,997.0,NA
2026-01-24 20:00:00,174.0,249.0,6.0,26.75,19.25,30.75,5.5,1.25,17.25,0.75,5.5,NA,0.0,1.0,0.0,9.0,72.5,1.0,234.25,0.0,0.0,5.0,997.0,NA
2026-01-24 21:00:00,NA,NA,4.25,18.5,13.25,30.0,4.5,1.0,16.25,1.0,5.5,NA,0.0,0.25,0.0,9.0,76.0,0.5,246.0,0.0,0.0,5.0,997.0,NA
2026-01-24 22:00:00,75.0,162.0,3.25,11.75,9.0,29.0,4.0,0.5,21.5,1.0,5.0,NA,0.0,0.0,0.0,8.25,80.25,0.5,244.0,0.0,0.0,5.0,997.0,NA
2026-01-24 23:00:00,62.0,130.0,3.0,11.0,8.75,25.5,4.25,0.5,25.5,0.25,7.5,NA,0.0,1.0,0.0,8.0,78.0,1.0,231.75,0.0,0.0,5.0,997.0,NA
2026-01-25 00:00:00,94.0,158.0,3.0,5.0,5.25,23.75,6.0,0.0,32.25,0.0,9.5,NA,0.0,1.0,0.0,8.25,77.0,1.0,230.5,0.0,0.0,5.0,997.0,NA
2026-01-25 01:00:00,41.0,96.0,3.5,4.25,5.0,24.0,6.0,0.0,33.0,0.0,6.5,NA,0.0,1.0,0.0,8.5,77.0,1.5,232.0,0.0,0.0,5.0,997.0,NA
2026-01-25 02:00:00,46.0,95.0,3.0,4.0,5.0,25.0,6.0,0.0,25.75,0.0,5.0,NA,0.0,0.0,0.0,8.0,80.5,0.0,250.0,0.0,0.0,5.0,997.0,NA
2026-01-25 03:00:00,64.0,113.0,4.25,5.0,6.5,26.25,5.0,0.0,20.25,0.0,3.25,NA,0.0,0.0,0.0,7.75,84.5,0.0,235.5,0.0,0.0,5.0,997.0,NA
2026-01-25 04:00:00,58.0,105.0,4.0,5.25,6.25,26.25,6.0,0.0,14.75,0.0,2.25,NA,0.0,0.0,0.0,7.0,87.25,0.0,237.75,0.0,0.0,5.0,997.0,NA
2026-01-25 05:00:00,121.0,168.0,4.0,4.5,5.75,25.5,5.25,0.0,15.0,0.0,1.75,NA,0.0,0.0,0.0,7.0,88.75,0.0,218.25,0.0,0.0,5.0,997.0,NA
2026-01-25 06:00:00,74.0,113.0,4.0,6.5,6.75,25.5,9.25,0.0,13.25,0.0,1.0,NA,0.0,0.0,0.0,7.0,89.0,0.0,229.0,0.0,0.0,5.0,997.0,NA
2026-01-25 07:00:00,85.0,140.0,4.5,9.75,9.25,22.75,10.0,0.0,7.25,0.0,1.25,NA,0.0,0.0,0.0,7.0,89.25,0.5,232.25,0.0,0.0,8.25,997.0,NA
2026-01-25 08:00:00,103.0,156.0,7.25,9.25,10.75,22.25,12.5,0.75,8.5,0.0,2.0,NA,0.0,0.0,0.0,7.75,87.25,0.75,240.5,0.0,0.0,62.75,997.0,NA
2026-01-25 09:00:00,116.0,171.0,6.5,6.0,8.75,21.75,12.0,0.0,18.25,0.5,2.0,NA,0.0,0.0,0.0,11.0,69.5,1.75,229.75,0.0,0.0,174.5,997.0,NA
2026-01-25 10:00:00,91.0,155.0,5.25,4.0,7.0,23.0,11.75,0.0,35.0,0.0,1.25,NA,0.0,0.0,0.0,12.75,56.75,1.5,227.75,0.0,0.0,292.75,996.5,NA
2026-01-25 11:00:00,88.0,160.0,4.75,4.25,6.25,24.75,10.75,0.0,53.0,0.0,1.0,NA,0.0,0.0,0.0,14.0,51.25,2.0,224.5,0.0,0.0,372.25,995.25,NA
2026-01-25 12:00:00,83.0,151.0,4.75,3.0,5.5,26.75,9.75,0.0,67.75,0.0,1.5,NA,0.0,0.0,0.0,14.0,50.25,3.25,209.5,0.0,0.0,379.5,995.0,NA
2026-01-25 13:00:00,66.0,127.0,5.0,2.0,5.25,28.25,9.0,0.0,71.75,0.0,1.5,NA,0.0,0.0,0.0,14.75,49.25,3.0,215.5,0.0,0.0,399.5,994.25,NA
2026-01-25 14:00:00,59.0,117.0,4.25,2.5,5.0,29.5,9.0,0.0,78.0,0.0,1.0,NA,0.0,0.0,0.0,15.0,48.0,3.0,215.75,0.0,0.0,251.5,994.25,NA
2026-01-25 15:00:00,59.0,97.0,6.0,5.0,8.0,25.75,8.25,0.0,78.5,0.0,2.0,NA,0.0,0.0,0.0,13.75,50.75,2.5,205.25,0.0,0.0,151.75,995.5,NA
2026-01-25 16:00:00,55.0,100.0,5.25,4.5,7.0,25.25,8.0,0.0,81.25,0.0,3.5,NA,0.0,0.0,0.0,13.0,55.5,2.0,219.25,0.0,0.0,43.75,996.75,NA
2026-01-25 17:00:00,57.0,97.0,4.75,5.5,7.0,24.75,8.25,0.0,67.0,0.0,3.0,NA,0.0,0.0,0.0,11.75,62.75,0.25,203.0,0.0,0.0,22.5,997.0,NA
2026-01-25 18:00:00,68.0,129.0,4.33,13.33,10.67,24.33,7.0,0.67,40.67,0.0,3.33,NA,0.0,0.0,0.0,10.67,72.67,0.0,224.0,0.0,0.0,6.67,997.0,NA
2026-01-25 19:00:00,NA,NA,9.5,37.0,27.75,22.75,8.0,1.0,9.0,0.0,2.33,NA,0.0,1.0,0.0,9.25,80.75,0.0,198.5,0.0,0.0,5.0,997.0,NA
2026-01-25 20:00:00,162.0,267.0,7.0,37.25,25.75,23.75,7.25,2.0,7.25,1.0,8.75,NA,0.0,2.75,0.0,9.0,84.5,0.0,224.25,0.0,0.0,5.0,997.0,NA
2026-01-25 21:00:00,196.0,288.0,7.75,34.25,24.75,25.5,8.5,2.0,4.0,1.0,7.5,NA,0.0,2.5,0.0,8.5,87.0,0.0,246.25,0.0,0.0,5.0,997.0,NA
2026-01-25 22:00:00,195.0,293.0,11.25,31.0,25.5,26.5,8.5,1.75,1.5,1.0,6.5,NA,0.25,2.0,0.0,8.0,88.75,0.0,234.5,0.0,0.0,5.5,997.0,NA
2026-01-25 23:00:00,201.0,271.0,11.0,29.5,24.25,28.25,9.25,1.0,1.0,1.0,6.0,NA,0.0,2.0,0.0,8.0,89.5,0.0,221.0,0.0,0.0,5.0,997.0,NA
2026-01-26 00:00:00,197.0,259.0,7.0,24.25,18.75,26.5,10.0,0.75,1.75,1.0,6.0,NA,0.25,1.0,0.0,8.0,90.5,0.0,206.75,0.0,0.0,5.0,997.0,NA
2026-01-26 01:00:00,195.0,230.0,5.0,19.5,14.5,25.5,8.0,0.0,4.0,1.0,6.0,NA,1.0,1.0,0.0,8.0,92.5,0.0,216.5,0.0,0.0,5.0,997.0,NA
2026-01-26 02:00:00,178.0,218.0,5.0,20.0,15.0,26.0,7.0,0.0,4.0,1.0,6.25,NA,1.0,1.0,0.0,8.0,94.0,0.0,225.0,0.0,0.0,5.0,997.0,NA
2026-01-26 03:00:00,156.0,202.0,4.75,13.25,10.75,27.75,7.0,0.0,4.25,1.0,7.0,NA,1.0,1.0,0.0,8.0,94.0,0.0,223.75,0.0,0.0,5.0,997.0,NA
2026-01-26 04:00:00,134.0,185.0,4.25,16.75,12.5,28.75,6.0,0.0,2.75,1.0,7.0,NA,1.0,1.0,0.0,7.75,94.0,0.0,224.25,0.0,0.0,5.0,997.0,NA
2026-01-26 05:00:00,121.0,174.0,5.25,16.75,13.0,28.25,6.0,0.0,2.75,1.0,6.5,NA,1.0,1.0,0.0,7.0,94.0,0.0,188.5,0.0,0.0,5.0,997.0,NA
2026-01-26 06:00:00,112.0,153.0,7.25,13.75,13.25,28.5,6.0,0.0,2.0,1.0,6.0,NA,1.0,1.0,0.0,7.0,94.0,0.0,214.75,0.0,0.0,5.0,997.0,NA
2026-01-26 07:00:00,134.0,179.0,9.5,14.5,15.5,27.5,6.5,0.0,2.75,1.0,6.0,NA,1.0,1.0,0.0,7.0,94.0,0.0,219.25,0.0,0.0,11.0,997.0,NA
2026-01-26 08:00:00,143.0,195.0,9.75,16.25,16.75,24.25,9.0,0.0,5.5,1.0,5.25,NA,1.0,0.5,0.0,8.25,93.25,0.0,231.0,0.0,0.0,66.25,997.0,NA
2026-01-26 09:00:00,168.0,237.0,7.75,25.0,19.75,23.5,36.0,0.0,19.75,1.0,4.25,NA,0.25,0.0,0.0,10.5,80.25,0.25,255.75,0.0,0.0,176.75,997.0,NA
2026-01-26 10:00:00,136.0,188.0,6.0,7.75,9.25,23.0,21.5,0.0,39.75,1.0,3.25,NA,0.0,0.0,0.0,13.0,61.75,0.75,207.25,0.0,0.0,297.75,996.5,NA
2026-01-26 11:00:00,86.0,118.0,5.0,5.5,7.0,23.75,19.5,0.0,63.5,1.0,2.25,NA,0.0,0.0,0.0,15.0,51.5,0.75,206.0,0.0,0.0,380.5,994.25,NA
2026-01-26 12:00:00,111.0,143.0,4.25,5.0,6.5,26.25,21.75,0.0,81.5,1.0,2.0,NA,0.0,0.0,0.0,16.0,48.0,1.5,209.75,0.0,0.0,388.75,993.5,NA
2026-01-26 13:00:00,86.0,111.0,4.5,3.5,5.75,30.0,16.25,0.0,96.75,0.25,1.25,NA,0.0,0.0,0.0,16.5,46.0,1.25,202.5,0.0,0.0,399.75,992.5,NA
2026-01-26 14:00:00,95.0,124.0,5.0,5.0,7.0,31.25,13.25,0.0,127.75,0.0,1.0,NA,0.0,0.0,0.0,16.75,42.75,1.5,212.75,0.0,0.0,206.25,992.75,NA
2026-01-26 15:00:00,94.0,144.0,5.0,6.25,7.25,29.25,12.5,0.0,154.0,0.0,1.0,NA,0.0,0.0,0.0,15.25,44.0,0.25,139.5,0.0,0.0,149.25,994.5,NA
2026-01-26 16:00:00,106.0,180.0,4.25,10.0,9.0,28.0,13.0,0.0,171.75,0.25,1.25,NA,0.0,0.0,0.0,14.75,47.75,0.25,144.75,0.0,0.0,70.25,995.5,NA
2026-01-26 17:00:00,124.0,206.0,4.5,15.25,11.75,26.25,12.0,0.0,96.75,1.0,2.25,NA,0.0,0.0,0.0,13.5,56.0,0.0,204.75,0.0,0.0,23.25,996.5,NA
2026-01-26 18:00:00,145.0,221.0,4.25,30.5,20.25,26.75,12.0,0.25,47.5,1.0,4.25,NA,0.0,0.75,0.0,12.25,65.75,0.0,164.25,0.0,0.0,5.75,997.0,NA
2026-01-26 19:00:00,240.0,342.0,7.25,47.75,31.5,27.0,11.0,1.25,24.0,1.0,6.75,NA,0.5,1.75,0.0,11.25,72.75,0.0,178.5,0.0,0.0,5.0,997.0,NA
2026-01-26 20:00:00,417.0,556.0,14.0,60.25,43.75,34.25,9.25,2.25,4.75,2.5,9.0,NA,1.25,2.25,0.5,11.0,77.0,0.0,193.25,0.0,0.0,5.0,997.0,NA
2026-01-26 21:00:00,NA,633.0,19.25,63.25,49.5,40.0,9.0,2.25,3.5,3.75,22.5,NA,3.75,6.75,1.75,10.25,81.5,0.0,123.5,0.0,0.0,5.0,997.0,NA
2026-01-26 22:00:00,NA,655.0,4.75,39.5,25.0,36.0,8.0,1.5,3.75,5.0,34.5,NA,6.75,11.75,3.0,10.0,84.25,0.0,221.25,0.0,0.0,5.0,997.0,NA
2026-01-26 23:00:00,376.0,460.0,15.5,33.25,30.5,36.75,7.75,2.0,2.5,5.0,32.75,NA,7.0,12.0,3.0,9.0,87.75,0.0,238.5,0.0,0.0,5.0,997.0,NA
2026-01-27 00:00:00,472.0,580.0,42.25,31.5,51.5,32.0,7.33,1.0,2.0,5.0,31.75,NA,7.25,11.75,3.0,9.0,89.25,0.0,193.75,0.0,0.0,5.0,997.0,NA
2026-01-27 01:00:00,298.0,378.0,20.0,37.5,36.25,31.75,6.5,1.0,2.5,5.0,29.25,NA,6.25,9.5,2.5,9.0,89.0,0.0,139.75,0.0,0.0,5.0,997.0,NA
2026-01-27 02:00:00,224.0,300.0,15.0,35.0,31.0,31.0,6.0,1.0,1.0,4.5,23.25,NA,4.5,6.5,1.75,9.0,89.0,0.0,124.75,0.0,0.0,5.0,997.0,NA
2026-01-27 03:00:00,212.0,273.0,7.5,28.5,21.25,29.5,6.0,1.0,1.75,3.75,16.75,NA,2.75,4.25,1.0,9.0,89.75,0.0,148.5,0.0,0.0,5.0,997.0,NA
2026-01-27 04:00:00,215.0,278.0,17.75,34.5,33.25,30.75,5.0,1.0,1.0,3.0,12.75,NA,2.0,3.0,1.0,9.0,90.0,0.0,147.5,0.0,0.0,5.0,997.0,NA
2026-01-27 05:00:00,251.0,349.0,30.75,39.75,46.25,32.5,6.0,1.0,2.25,3.25,11.25,NA,2.0,3.0,1.0,9.0,90.0,0.0,118.5,0.0,0.0,5.0,997.0,NA
2026-01-27 06:00:00,295.0,414.0,41.5,30.75,50.0,33.5,6.0,1.0,2.25,4.0,10.5,NA,2.0,3.0,1.0,9.0,89.75,0.0,145.75,0.0,0.0,5.0,997.0,NA
2026-01-27 07:00:00,254.0,355.0,48.25,35.0,58.0,35.25,6.0,1.25,2.25,4.0,10.0,NA,2.0,3.0,1.0,9.0,90.0,0.0,144.25,0.0,0.0,10.5,997.0,NA
2026-01-27 08:00:00,282.0,393.0,57.75,51.5,74.75,36.75,8.0,2.0,2.75,6.0,10.5,NA,2.5,3.0,1.0,10.25,85.25,1.25,124.5,0.0,0.0,48.75,997.0,NA
2026-01-27 09:00:00,354.0,501.0,39.0,61.25,64.5,32.5,11.0,2.0,4.0,8.25,11.0,NA,3.0,3.0,1.0,11.75,75.25,1.5,126.5,0.0,0.0,69.5,997.0,NA
2026-01-27 10:00:00,301.0,445.0,16.25,51.67,42.75,31.75,8.75,1.5,4.0,6.75,11.0,NA,2.0,3.0,1.0,11.25,84.0,2.25,170.75,2.75,11.0,9.5,997.0,NA
2026-01-27 11:00:00,189.0,267.0,5.25,24.75,17.5,29.25,7.0,0.75,25.5,6.25,9.75,NA,2.0,2.0,1.0,11.0,87.25,6.0,147.75,0.0,0.0,31.75,997.0,NA
2026-01-27 12:00:00,135.0,173.0,5.0,16.0,13.0,31.5,7.5,0.5,39.0,4.75,7.25,NA,1.0,1.25,0.25,11.75,84.0,4.75,138.25,0.0,0.0,114.5,997.0,NA
2026-01-27 13:00:00,139.0,171.0,5.25,19.25,14.75,35.75,9.5,1.0,42.5,3.75,6.0,NA,1.0,1.0,0.0,13.5,74.5,3.5,128.0,0.0,0.0,191.75,996.25,NA
2026-01-27 14:00:00,140.0,182.0,6.5,29.5,21.0,41.25,10.0,1.0,41.5,3.0,6.0,NA,1.0,1.0,0.0,13.75,72.5,3.25,115.25,0.0,0.0,144.5,996.0,NA
2026-01-27 15:00:00,189.0,248.0,6.25,32.0,22.75,44.25,8.25,1.0,40.5,3.5,9.25,NA,1.0,1.75,0.0,13.0,75.0,3.75,115.75,0.0,0.0,110.75,996.0,NA
2026-01-27 16:00:00,183.0,224.0,6.5,28.5,20.75,47.25,10.75,1.0,32.5,3.5,10.5,NA,1.0,2.0,0.0,13.0,77.25,3.75,101.0,0.0,0.0,64.5,996.75,NA
2026-01-27 17:00:00,160.0,200.0,4.0,18.0,13.0,42.0,10.5,0.75,30.5,3.0,9.25,NA,1.0,1.5,0.0,12.5,79.5,2.25,108.0,0.0,0.0,15.5,997.0,NA
2026-01-27 18:00:00,146.0,182.0,3.0,11.0,8.75,40.75,7.5,0.0,38.25,2.0,7.0,NA,1.0,1.0,0.0,12.0,82.25,3.75,104.5,0.0,0.0,5.5,997.0,NA
2026-01-27 19:00:00,110.0,118.0,3.0,10.0,7.75,38.25,6.0,0.0,30.75,2.0,5.25,NA,0.5,1.0,0.0,11.25,84.0,1.75,104.25,0.0,0.0,5.0,997.0,NA
2026-01-27 20:00:00,121.0,138.0,5.0,22.25,16.0,38.25,5.75,1.0,13.0,1.0,4.25,NA,0.0,0.5,0.0,11.0,84.75,0.75,100.0,0.0,0.0,5.0,997.0,NA
2026-01-27 21:00:00,151.0,183.0,5.25,30.25,20.25,41.0,6.0,1.0,3.75,1.75,6.25,NA,0.75,1.0,0.0,11.25,85.5,1.5,124.25,0.0,0.0,5.0,997.0,NA
2026-01-27 22:00:00,140.0,175.0,8.75,44.5,30.0,44.5,12.5,1.0,1.0,2.0,7.0,NA,1.0,1.0,0.0,12.0,86.5,0.25,133.75,0.0,0.0,5.0,997.0,NA
2026-01-27 23:00:00,133.0,166.0,8.5,29.5,22.75,44.25,12.0,1.0,7.0,2.0,7.0,NA,1.0,1.0,0.0,12.0,87.0,1.0,145.25,0.0,0.0,5.0,997.0,NA
2026-01-28 00:00:00,119.0,134.0,3.5,15.0,11.0,40.75,8.33,0.0,10.25,2.0,6.5,NA,1.0,1.0,0.0,11.0,87.5,0.0,159.0,0.0,0.0,5.0,997.0,NA
2026-01-28 01:00:00,113.0,124.0,3.0,17.25,11.75,41.5,8.5,0.0,8.0,2.0,5.25,NA,0.25,1.0,0.0,11.0,88.0,0.0,106.75,0.0,0.0,5.0,997.0,NA
2026-01-28 02:00:00,117.0,129.0,4.0,17.0,12.0,41.0,8.0,1.0,3.0,1.5,5.0,NA,0.0,1.0,0.0,11.0,88.75,0.25,113.75,0.0,0.0,5.0,997.0,NA
2026-01-28 03:00:00,134.0,156.0,5.0,16.25,12.75,36.25,7.75,1.0,2.0,1.75,5.0,NA,0.0,1.0,0.0,11.0,89.0,0.0,255.5,0.0,0.0,5.0,997.0,NA
2026-01-28 04:00:00,121.0,139.0,4.0,15.25,11.75,33.5,7.0,1.0,1.5,2.0,6.0,NA,0.5,1.0,0.0,11.0,89.75,0.0,285.5,0.0,0.0,5.0,997.0,NA
2026-01-28 05:00:00,125.0,150.0,6.75,19.0,15.5,33.5,7.75,1.0,0.75,2.0,7.25,NA,0.25,1.0,0.0,11.0,90.0,0.0,247.25,0.0,0.0,5.0,997.0,NA
2026-01-28 06:00:00,130.0,167.0,7.0,18.75,15.75,33.5,9.0,1.0,0.75,1.25,10.0,NA,1.0,1.0,0.0,11.25,90.0,0.0,235.25,0.0,0.0,5.0,997.0,NA
2026-01-28 07:00:00,155.0,182.0,13.0,19.25,21.25,37.0,9.0,1.0,0.33,1.0,12.75,NA,1.0,1.0,0.0,11.5,90.0,0.0,245.0,0.0,0.0,7.25,997.0,NA
2026-01-28 08:00:00,168.0,193.0,14.0,20.0,22.25,38.5,8.5,1.0,0.5,1.0,15.0,NA,1.0,2.0,0.0,12.0,90.0,0.0,236.25,0.0,0.0,12.25,997.0,NA
2026-01-28 09:00:00,164.0,202.0,8.0,14.25,14.5,38.75,8.0,1.0,2.25,1.0,14.25,NA,1.0,2.0,0.0,12.0,89.75,0.25,245.25,0.0,0.0,34.0,997.0,NA
2026-01-28 10:00:00,163.0,238.0,7.75,9.75,11.25,35.25,8.25,1.0,7.25,1.0,13.0,NA,1.0,2.0,0.0,12.5,86.25,2.5,173.75,0.0,0.0,111.0,997.0,NA
2026-01-28 11:00:00,153.0,215.0,5.75,7.75,9.25,33.75,8.25,1.0,10.75,1.0,15.5,NA,1.0,2.0,0.0,12.25,84.0,1.25,116.5,0.0,0.0,56.75,997.0,NA
2026-01-28 12:00:00,164.0,238.0,6.75,14.75,13.5,33.0,8.5,1.0,15.75,1.0,21.75,NA,1.25,3.25,0.5,12.75,81.25,1.25,117.0,0.0,0.0,80.75,996.75,NA
2026-01-28 13:00:00,184.0,268.0,5.5,16.25,13.25,34.5,9.0,1.0,21.25,1.0,41.25,NA,2.0,6.5,1.0,13.0,78.0,0.0,174.25,0.0,0.0,78.0,996.0,NA
2026-01-28 14:00:00,188.0,260.0,4.0,11.0,9.5,36.25,8.75,1.0,27.75,1.0,47.25,NA,2.0,5.0,1.0,14.0,74.75,0.5,230.5,0.0,0.0,94.0,996.0,NA
2026-01-28 15:00:00,169.0,211.0,4.25,12.0,10.0,39.0,8.0,1.0,25.0,1.0,32.75,NA,1.0,3.5,0.75,14.0,75.25,0.25,237.75,0.0,0.0,71.0,996.0,NA
2026-01-28 16:00:00,180.0,239.0,5.75,11.25,10.75,40.75,8.25,0.75,42.5,1.25,28.0,NA,1.0,3.0,0.75,14.0,72.25,0.75,200.0,0.0,0.0,72.25,996.0,NA
2026-01-28 17:00:00,205.0,283.0,3.25,11.0,8.75,39.0,7.25,1.0,30.25,2.0,29.0,NA,1.0,3.0,0.5,12.75,77.25,0.0,264.25,0.0,0.0,27.25,996.75,NA
2026-01-28 18:00:00,183.0,259.0,4.0,20.5,14.75,34.75,7.0,1.0,11.5,2.0,24.0,NA,1.0,3.0,0.0,11.5,85.75,0.0,265.5,0.0,0.0,6.0,997.0,NA
2026-01-28 19:00:00,163.0,261.0,4.0,20.75,14.25,32.25,6.25,1.0,5.75,2.0,29.75,NA,1.0,3.75,1.0,11.0,89.0,0.0,246.5,0.0,0.0,5.0,997.0,NA
2026-01-28 20:00:00,111.0,166.0,7.75,19.0,16.75,30.75,5.75,1.0,1.25,1.25,27.25,NA,1.0,4.75,1.0,11.0,90.5,0.0,217.0,0.0,0.0,5.0,997.0,NA
2026-01-28 21:00:00,155.0,224.0,12.0,16.75,19.0,31.25,6.25,1.0,0.25,1.0,19.0,NA,1.0,3.75,1.0,10.75,92.5,0.0,207.25,0.0,0.0,5.0,997.0,NA
2026-01-28 22:00:00,167.0,228.0,12.5,16.67,19.0,34.25,7.0,1.0,0.25,1.0,12.75,NA,1.0,2.5,0.25,10.0,94.0,0.0,214.25,0.0,0.0,5.0,997.0,NA
2026-01-28 23:00:00,143.0,211.0,7.5,13.5,13.25,36.5,6.0,1.0,1.25,1.0,10.25,NA,1.0,2.0,0.0,10.0,94.0,0.0,213.75,0.0,0.0,5.0,997.0,NA
2026-01-29 00:00:00,136.0,217.0,5.25,11.25,10.25,36.5,6.0,1.0,1.0,1.0,8.0,NA,0.75,1.25,0.0,10.0,94.0,0.0,230.25,0.0,0.0,5.25,997.0,NA
2026-01-29 01:00:00,130.0,188.0,4.0,10.75,9.0,38.25,6.0,0.75,1.0,1.0,6.5,NA,0.0,1.0,0.0,10.0,94.0,0.25,226.5,0.0,0.0,5.0,997.0,NA
2026-01-29 02:00:00,110.0,161.0,3.0,10.0,8.0,38.0,6.0,0.0,9.0,1.0,5.5,NA,0.0,1.0,0.0,11.0,94.0,1.0,212.75,0.0,0.0,5.0,997.0,NA
2026-01-29 03:00:00,81.0,100.0,3.0,3.5,4.25,31.5,6.0,0.0,18.75,1.0,5.25,NA,0.0,0.5,0.0,10.0,94.25,1.75,212.75,0.0,0.0,5.0,997.0,NA
2026-01-29 04:00:00,66.0,78.0,3.0,2.0,3.5,28.25,6.0,0.0,26.75,1.0,4.5,NA,0.0,0.25,0.0,10.0,94.75,1.25,211.0,0.0,0.0,5.0,997.0,NA
2026-01-29 05:00:00,63.0,83.0,4.0,1.0,3.75,26.5,5.75,0.0,32.0,0.0,2.75,NA,0.0,0.0,0.0,10.0,94.25,0.75,224.75,0.0,0.0,5.0,997.0,NA
2026-01-29 06:00:00,66.0,95.0,4.0,2.75,5.0,27.5,5.5,0.0,29.75,0.0,2.0,NA,0.0,0.0,0.0,10.0,95.0,0.25,217.75,0.0,0.0,5.0,997.0,NA
2026-01-29 07:00:00,77.0,136.0,4.0,3.25,5.25,29.0,5.25,0.5,26.5,0.0,1.75,NA,0.0,0.0,0.0,10.0,95.0,0.0,229.0,0.0,0.0,7.5,997.0,NA
2026-01-29 08:00:00,72.0,96.0,4.67,4.0,6.0,31.33,5.0,1.0,29.0,0.0,1.0,NA,0.0,0.0,0.0,10.0,95.0,0.67,232.0,0.0,0.0,20.67,997.0,NA
2026-01-29 09:00:00,67.0,90.0,5.0,4.5,6.5,31.5,6.0,1.0,28.0,0.0,1.0,NA,0.0,0.0,0.0,10.5,94.5,0.5,245.25,0.0,0.0,39.0,997.0,NA
2026-01-29 10:00:00,61.0,79.0,5.0,5.5,7.25,31.0,6.0,1.0,29.75,0.0,1.0,NA,0.0,0.0,0.0,11.0,93.5,1.0,219.25,0.0,0.0,69.75,997.0,NA
2026-01-29 11:00:00,70.0,90.0,5.0,4.75,7.25,29.25,6.25,1.0,28.0,0.0,1.0,NA,0.0,0.0,0.0,11.5,89.25,1.5,224.0,0.0,0.0,107.5,997.0,NA
2026-01-29 12:00:00,74.0,95.0,5.25,3.5,6.25,27.5,7.0,1.0,31.25,0.0,1.25,NA,0.0,0.0,0.0,12.0,85.75,1.5,220.75,0.0,0.0,129.5,996.75,NA
2026-01-29 13:00:00,77.0,95.0,4.75,2.25,5.25,27.0,7.0,1.0,39.25,0.0,3.0,NA,0.0,0.0,0.0,13.25,76.0,1.75,218.5,0.0,0.0,226.75,995.75,NA
2026-01-29 14:00:00,78.0,91.0,4.5,1.75,4.75,27.5,7.75,1.0,48.5,0.0,2.25,NA,0.0,0.0,0.0,14.75,66.5,1.75,216.25,0.0,0.0,225.5,995.0,NA
2026-01-29 15:00:00,86.0,107.0,4.25,1.25,4.25,29.0,7.5,1.0,57.0,0.0,2.0,NA,0.0,0.0,0.0,14.5,64.75,1.25,229.0,0.0,0.0,174.5,994.75,NA
2026-01-29 16:00:00,73.0,86.0,4.5,1.75,4.75,31.5,7.0,0.75,57.5,0.0,2.0,NA,0.0,0.0,0.0,14.0,69.0,1.25,238.0,0.0,0.0,59.25,996.0,NA
2026-01-29 17:00:00,70.0,90.0,5.0,4.0,6.0,32.5,6.25,1.0,45.5,0.0,1.25,NA,0.0,0.0,0.0,12.75,75.25,0.25,236.25,0.0,0.0,25.5,996.75,NA
2026-01-29 18:00:00,78.0,106.0,5.0,14.25,11.75,33.0,6.0,1.0,19.25,0.0,1.5,NA,0.0,0.0,0.0,11.5,84.25,0.0,207.0,0.0,0.0,6.0,997.0,NA
2026-01-29 19:00:00,112.0,150.0,5.75,28.25,19.5,30.0,6.0,1.0,9.25,0.25,3.25,NA,0.0,0.25,0.0,11.0,88.75,0.0,211.75,0.0,0.0,5.0,997.0,NA
2026-01-29 20:00:00,156.0,222.0,8.0,29.5,22.0,30.25,6.0,2.0,2.5,1.0,7.0,NA,0.5,1.25,0.0,10.5,90.0,0.0,219.75,0.0,0.0,5.0,997.0,NA
2026-01-29 21:00:00,217.0,294.0,30.0,30.25,41.25,29.75,6.25,2.0,1.0,1.25,15.0,NA,1.5,2.25,0.25,10.0,91.75,0.0,209.5,0.0,0.0,5.0,997.0,NA
2026-01-29 22:00:00,304.0,388.0,40.25,24.75,46.0,30.25,6.5,2.0,0.5,2.0,23.25,NA,2.25,3.5,1.0,10.0,94.0,0.0,225.75,0.0,0.0,5.0,997.0,NA
2026-01-29 23:00:00,221.0,299.0,33.5,18.25,37.25,30.0,6.75,1.75,0.0,2.0,30.5,NA,2.25,4.0,1.0,10.0,94.0,0.0,215.25,0.0,0.0,5.0,997.0,NA
2026-01-30 00:00:00,219.0,230.0,16.5,17.75,23.25,32.5,6.0,0.67,0.25,2.5,29.0,NA,2.0,3.75,1.0,9.0,94.0,0.0,222.25,0.0,0.0,5.0,997.0,NA
2026-01-30 01:00:00,130.0,158.0,7.25,17.75,15.25,34.0,5.5,0.0,1.0,2.0,22.0,NA,2.0,3.0,1.0,9.0,94.0,0.0,230.0,0.0,0.0,5.0,997.0,NA
2026-01-30 02:00:00,118.0,136.0,7.0,16.0,15.0,36.0,5.0,0.0,1.0,1.5,15.25,NA,1.0,3.0,1.0,9.0,94.0,0.0,220.75,0.0,0.0,5.0,997.0,NA
2026-01-30 03:00:00,107.0,123.0,5.75,15.0,13.0,29.75,5.5,0.0,1.5,1.0,11.5,NA,1.0,3.0,1.0,9.0,94.0,0.0,225.25,0.0,0.0,5.0,997.0,NA
2026-01-30 04:00:00,100.0,119.0,5.25,12.0,11.25,26.25,5.5,0.0,2.25,1.0,9.0,NA,1.0,2.5,1.0,9.0,94.0,0.0,195.0,0.0,0.0,5.0,997.0,NA
2026-01-30 05:00:00,127.0,161.0,4.75,13.0,11.25,24.25,5.5,0.0,2.5,1.0,7.0,NA,1.0,2.0,0.75,9.0,94.0,0.0,225.75,0.0,0.0,5.0,997.0,NA
2026-01-30 06:00:00,132.0,166.0,5.75,14.0,12.0,24.0,5.75,0.0,3.0,1.0,5.75,NA,1.0,1.5,0.0,9.0,94.0,0.0,208.25,0.0,0.0,5.0,997.0,NA
2026-01-30 07:00:00,175.0,221.0,27.0,14.75,30.0,23.5,6.25,0.75,1.0,1.0,5.0,NA,0.25,1.0,0.0,9.0,94.0,0.0,204.25,0.0,0.0,12.5,997.0,NA
2026-01-30 08:00:00,147.0,201.0,34.0,14.75,36.0,25.0,6.0,1.0,1.25,1.0,9.25,NA,1.0,1.0,0.0,9.5,94.0,0.75,221.25,0.0,0.0,72.5,997.0,NA
2026-01-30 09:00:00,136.0,174.0,25.5,25.5,34.5,26.75,7.0,1.0,4.25,1.0,9.0,NA,1.0,1.0,0.0,11.25,89.75,1.0,231.5,0.0,0.0,172.75,997.0,NA
2026-01-30 10:00:00,NA,210.0,11.75,17.5,19.0,30.75,8.0,0.5,17.25,1.0,10.75,NA,1.0,1.0,0.0,13.5,75.75,1.0,238.0,0.0,0.0,298.75,996.25,NA
2026-01-30 11:00:00,144.0,155.0,6.5,8.75,10.25,32.0,10.0,0.0,43.75,1.0,7.75,NA,0.0,0.0,0.0,15.5,60.25,1.75,229.0,0.0,0.0,396.5,993.75,NA
2026-01-30 12:00:00,106.0,127.0,4.25,3.0,5.5,28.5,10.5,0.0,69.75,1.0,5.75,NA,0.0,0.0,0.0,16.25,53.75,2.0,212.25,0.0,0.0,411.0,993.0,NA
2026-01-30 13:00:00,79.0,95.0,4.5,3.5,5.75,27.5,10.0,0.0,82.0,1.0,4.25,NA,0.0,0.25,0.0,17.5,49.25,1.75,219.5,0.0,0.0,420.0,991.25,NA
2026-01-30 14:00:00,88.0,105.0,4.0,2.75,5.25,28.0,8.75,0.0,84.5,0.75,3.0,NA,0.5,0.0,0.0,17.5,46.75,1.5,221.0,0.0,0.0,271.25,991.0,NA
2026-01-30 15:00:00,66.0,73.0,4.25,1.5,4.5,29.75,7.5,0.0,86.0,0.0,2.25,NA,0.25,0.0,0.0,16.0,48.25,2.25,213.75,0.0,0.0,204.75,993.0,NA
2026-01-30 16:00:00,56.0,85.0,5.0,5.0,7.0,32.75,7.0,0.0,76.0,0.0,4.0,NA,0.0,0.0,0.0,14.75,57.5,1.0,228.75,0.0,0.0,48.0,996.0,NA
2026-01-30 17:00:00,74.0,105.0,4.5,5.75,7.0,33.25,7.0,0.0,72.0,0.0,6.5,NA,0.0,0.25,0.0,14.0,61.0,2.25,202.0,0.0,0.0,32.5,996.0,NA
2026-01-30 18:00:00,NA,130.0,5.25,15.75,12.75,31.5,7.0,0.0,39.25,0.5,25.0,NA,0.5,1.25,0.0,12.25,73.0,0.0,256.25,0.0,0.0,6.25,997.0,NA
2026-01-30 19:00:00,NA,211.0,5.0,28.0,19.0,33.75,6.75,1.0,16.5,1.0,45.25,NA,1.0,3.25,0.5,11.0,83.75,0.0,311.25,0.0,0.0,5.0,997.0,NA
2026-01-30 20:00:00,109.0,273.0,25.25,40.25,41.75,32.5,7.25,3.0,4.0,2.0,69.75,NA,2.5,6.5,1.5,11.0,88.0,0.0,321.0,0.0,0.0,5.0,997.0,NA
2026-01-30 21:00:00,232.0,581.0,103.0,40.25,105.25,33.0,8.5,4.25,2.0,3.0,84.5,NA,5.5,11.0,3.25,10.25,89.75,0.0,321.0,0.0,0.0,5.0,997.0,NA
2026-01-30 22:00:00,270.0,674.0,73.5,33.0,77.75,33.25,9.0,4.5,2.0,4.5,92.5,NA,9.5,15.0,5.0,10.0,90.75,0.0,321.0,0.0,0.0,5.0,997.0,NA
2026-01-30 23:00:00,247.0,617.0,53.67,28.0,64.5,32.75,8.75,4.25,1.75,5.5,106.75,NA,13.75,21.75,7.5,10.0,93.5,0.0,209.0,0.0,0.0,5.25,997.0,NA
2026-01-31 00:00:00,160.0,399.0,29.75,21.5,35.5,28.25,6.0,2.33,1.75,5.75,111.5,NA,17.25,25.75,9.0,10.0,94.0,0.0,126.25,0.0,0.0,5.0,997.0,NA
2026-01-31 01:00:00,108.0,269.0,58.25,19.0,57.25,28.0,5.5,2.25,1.0,5.0,102.5,NA,17.75,25.0,9.0,9.25,94.0,0.0,186.0,0.0,0.0,5.75,997.0,NA
2026-01-31 02:00:00,87.0,217.0,70.0,17.0,66.0,32.0,5.0,1.0,2.25,4.0,83.0,NA,15.75,22.75,7.75,9.0,94.0,0.0,178.5,0.0,0.0,5.5,997.0,NA
2026-01-31 03:00:00,113.0,283.0,89.5,15.0,80.75,33.25,6.0,2.0,2.0,5.25,76.0,NA,16.5,22.0,7.0,9.0,94.0,0.0,178.0,0.0,0.0,5.0,997.0,NA
2026-01-31 04:00:00,131.0,328.0,92.75,18.75,85.5,30.25,7.0,2.0,1.75,6.0,87.25,NA,17.25,20.5,7.0,9.0,94.0,0.0,164.0,0.0,0.0,5.0,997.0,NA
2026-01-31 05:00:00,140.0,351.0,101.5,24.5,95.75,28.0,7.25,1.5,1.75,5.0,99.75,NA,16.0,20.75,7.0,9.0,94.0,0.0,135.75,0.0,0.0,5.0,997.0,NA
2026-01-31 06:00:00,115.0,288.0,40.0,22.5,44.25,26.5,6.0,1.0,1.25,5.0,108.0,NA,13.5,18.5,6.5,9.0,94.0,0.25,118.25,0.0,0.0,5.0,997.0,NA
2026-01-31 07:00:00,79.0,197.0,21.25,23.5,30.0,24.75,5.0,0.5,1.0,4.25,83.5,NA,9.0,13.0,4.5,9.0,94.0,0.25,117.5,0.0,0.0,10.75,997.0,NA
2026-01-31 08:00:00,124.0,310.0,24.0,23.0,32.0,25.75,5.0,1.0,2.75,3.5,54.5,NA,5.75,8.5,2.75,10.0,94.5,0.0,135.75,0.0,0.0,65.0,997.0,NA
2026-01-31 09:00:00,118.0,294.0,20.75,39.5,38.25,28.25,5.25,1.0,4.25,3.0,36.75,NA,4.0,5.5,2.0,11.25,89.5,2.5,99.75,0.0,0.0,150.75,997.0,NA
2026-01-31 10:00:00,95.0,238.0,13.0,26.5,24.5,33.5,6.75,1.0,9.5,2.75,24.75,NA,2.5,3.5,1.0,12.25,80.0,2.25,106.0,0.0,0.0,233.75,997.0,NA
2026-01-31 11:00:00,98.0,246.0,11.25,19.25,19.75,31.5,8.5,1.0,15.25,2.0,15.0,NA,1.25,2.0,0.5,13.25,72.75,2.5,104.75,0.0,0.0,300.5,996.0,NA
2026-01-31 12:00:00,NA,NA,9.5,20.25,18.5,32.25,9.25,1.0,24.0,2.75,9.75,NA,0.0,1.0,0.0,13.75,70.0,3.0,101.5,0.0,0.0,301.0,995.75,NA
2026-01-31 13:00:00,296.0,317.0,8.25,24.0,19.5,36.75,10.5,1.0,37.0,2.25,11.5,NA,0.0,1.0,0.0,14.75,66.25,3.0,101.5,0.0,0.0,297.5,995.0,NA
2026-01-31 14:00:00,240.0,354.0,6.25,26.75,19.75,34.5,11.75,1.0,58.5,2.0,12.0,NA,0.25,1.0,0.0,15.25,63.0,3.0,105.75,0.0,0.0,217.5,994.0,NA
2026-01-31 15:00:00,237.0,376.0,5.5,29.25,20.25,35.25,11.25,1.0,77.75,2.0,13.5,NA,1.0,2.0,0.0,15.0,62.5,3.0,104.0,0.0,0.0,148.5,994.75,NA
2026-01-31 16:00:00,211.0,395.0,5.25,31.75,21.25,35.75,11.0,1.0,74.5,2.0,13.25,NA,1.0,2.0,0.0,14.5,65.5,2.5,101.0,0.0,0.0,63.25,995.75,NA
2026-01-31 17:00:00,381.0,383.0,4.75,33.75,21.75,36.75,10.75,1.0,65.25,2.0,13.5,NA,1.0,2.0,0.0,13.75,67.75,2.0,119.0,0.0,0.0,26.25,996.0,NA
2026-01-31 18:00:00,189.0,315.0,4.0,36.0,22.5,38.5,7.25,1.0,38.0,2.0,15.5,NA,1.0,2.0,0.0,12.75,73.75,1.25,122.5,0.0,0.0,6.5,997.0,NA
2026-01-31 19:00:00,240.0,357.0,6.5,54.25,34.25,40.0,6.0,2.0,5.0,2.75,14.25,NA,1.0,2.5,0.5,12.0,80.5,0.25,150.0,0.0,0.0,5.0,997.0,NA
2026-01-31 20:00:00,296.0,449.0,11.5,52.5,37.75,41.25,6.5,2.0,1.25,15.25,16.75,NA,1.75,3.75,1.0,12.0,84.5,0.75,137.75,0.0,0.0,5.0,997.0,NA
2026-01-31 21:00:00,249.0,362.0,10.0,39.5,29.5,38.25,6.0,1.25,1.25,16.0,17.75,NA,2.0,4.0,1.0,11.75,86.25,1.25,118.0,0.0,0.0,5.0,997.0,NA
2026-01-31 22:00:00,228.0,322.0,10.0,31.0,25.0,35.75,6.5,1.0,0.5,11.5,15.5,NA,2.0,3.25,1.0,11.75,87.5,1.75,123.0,0.0,0.0,5.0,997.0,NA
2026-01-31 23:00:00,184.0,271.0,22.25,25.75,32.0,36.0,6.0,1.25,0.75,8.75,12.25,NA,1.0,2.5,1.0,11.0,88.5,1.5,112.5,0.0,0.0,5.0,997.0,NA
2026-02-01 00:00:00,211.0,324.0,31.0,16.67,34.0,38.33,7.0,1.0,3.67,6.33,13.0,NA,1.67,3.0,1.0,11.0,90.33,1.0,131.67,0.0,0.0,5.0,997.0,NA
2026-02-01 01:00:00,269.0,370.0,23.5,18.0,29.0,39.0,7.0,1.0,1.0,5.0,13.0,NA,1.5,2.75,1.0,11.0,91.25,1.0,117.5,0.0,0.0,5.0,997.0,NA
2026-02-01 02:00:00,213.0,342.0,19.0,21.0,27.0,43.0,7.0,1.0,4.25,3.75,11.75,NA,1.0,2.0,1.0,11.0,91.75,0.5,109.25,0.0,0.0,5.5,997.0,NA
2026-02-01 03:00:00,140.0,265.0,8.0,16.5,15.5,39.25,6.5,1.0,1.25,3.0,9.75,NA,1.0,2.25,0.75,11.0,91.5,1.0,108.75,0.0,0.0,5.0,997.0,NA
2026-02-01 04:00:00,144.0,233.0,4.0,12.5,10.0,36.75,6.0,1.0,1.0,2.25,8.0,NA,1.0,1.75,0.0,11.0,94.0,2.0,100.25,0.0,0.0,5.0,997.0,NA
2026-02-01 05:00:00,103.0,141.0,3.5,10.5,8.5,33.75,6.0,1.0,2.5,2.0,6.0,NA,0.0,1.0,0.0,11.0,94.0,1.75,115.75,0.0,0.0,5.0,997.0,NA
2026-02-01 06:00:00,103.0,153.0,4.0,7.0,7.25,31.0,6.0,1.0,3.0,1.25,4.5,NA,0.0,0.5,0.0,11.0,94.5,2.5,109.75,0.0,0.0,5.0,997.0,NA
2026-02-01 07:00:00,97.0,166.0,5.75,10.25,10.25,30.0,6.0,1.0,2.0,1.0,3.5,NA,0.0,0.0,0.0,11.0,95.0,1.5,118.5,0.0,0.0,7.0,997.0,NA
2026-02-01 08:00:00,105.0,177.0,13.75,17.0,20.75,32.0,7.5,1.0,1.5,1.0,3.0,NA,0.0,0.0,0.0,11.0,92.25,1.5,130.75,0.0,0.0,44.25,997.0,NA
2026-02-01 09:00:00,128.0,179.0,11.5,22.25,21.0,37.0,9.5,1.0,6.0,1.0,3.0,NA,0.0,0.0,0.0,12.0,82.5,2.0,129.5,0.0,0.0,81.0,997.0,NA
2026-02-01 10:00:00,122.0,168.0,9.25,23.75,20.25,41.0,12.25,1.0,17.0,1.75,3.0,NA,0.0,0.0,0.0,13.0,70.25,1.5,148.0,0.0,0.0,126.75,996.0,NA
2026-02-01 11:00:00,125.0,162.0,8.75,25.5,20.75,38.75,12.75,1.0,25.75,3.0,3.0,NA,0.0,0.0,0.0,14.0,65.0,3.0,139.25,0.0,0.0,143.5,996.0,NA
2026-02-01 12:00:00,86.0,135.0,6.25,17.0,14.25,39.25,12.5,0.0,44.75,3.0,3.0,NA,0.0,0.0,0.0,15.25,57.75,2.75,172.75,0.0,0.0,271.75,994.75,NA
2026-02-01 13:00:00,73.0,113.0,5.0,10.5,9.75,39.75,11.0,0.0,63.75,2.0,3.5,NA,0.0,0.0,0.0,16.5,53.25,3.25,174.0,0.0,0.0,280.75,993.0,NA
2026-02-01 14:00:00,73.0,113.0,4.75,8.25,8.25,37.25,10.0,0.0,76.5,1.5,4.0,NA,0.0,0.0,0.0,17.25,51.5,2.75,184.0,0.0,0.0,218.25,992.25,NA
2026-02-01 15:00:00,63.0,110.0,4.5,7.75,8.25,36.0,10.0,0.0,85.75,0.75,2.75,NA,0.0,0.0,0.0,16.5,53.0,2.0,189.25,0.0,0.0,163.0,992.75,NA
2026-02-01 16:00:00,59.0,110.0,4.0,6.0,6.75,36.25,9.25,0.0,75.0,0.25,2.0,NA,0.0,0.0,0.0,16.0,58.25,1.0,226.25,0.0,0.0,58.0,994.75,NA
2026-02-01 17:00:00,52.0,103.0,4.0,8.25,7.75,38.0,8.75,0.0,49.25,0.5,2.25,NA,0.0,0.0,0.0,15.25,67.25,0.0,255.5,0.0,0.0,30.25,995.5,NA
2026-02-01 18:00:00,73.0,146.0,3.75,18.0,12.75,42.25,7.5,1.0,23.25,1.0,3.0,NA,0.0,0.75,0.0,13.5,78.25,0.0,264.25,0.0,0.0,6.75,996.5,NA
2026-02-01 19:00:00,112.0,208.0,5.0,23.25,16.25,43.5,7.0,1.0,12.5,1.0,5.5,NA,0.25,1.25,0.0,12.5,85.5,0.0,259.5,0.0,0.0,5.0,997.0,NA
2026-02-01 20:00:00,183.0,278.0,24.0,40.5,41.5,43.0,7.0,3.25,1.5,1.0,27.25,NA,2.5,4.75,2.0,12.0,88.5,0.0,202.0,0.0,0.0,5.0,997.0,NA
2026-02-01 21:00:00,267.0,389.0,38.75,35.0,50.25,46.25,7.0,2.75,1.0,2.5,46.0,NA,4.75,7.75,3.0,12.0,90.25,0.0,183.75,0.0,0.0,5.0,997.0,NA
2026-02-01 22:00:00,301.0,427.0,30.5,29.5,40.75,43.25,7.75,1.75,1.0,4.5,38.5,NA,5.0,8.25,3.0,12.0,91.0,0.0,262.0,0.0,0.0,5.0,997.0,NA
2026-02-01 23:00:00,208.0,296.0,12.5,23.5,22.75,37.25,6.75,1.0,0.5,4.75,31.75,NA,4.75,7.25,2.5,11.75,93.25,0.0,248.25,0.0,0.0,5.0,997.0,NA
2026-02-02 00:00:00,130.0,188.0,5.0,13.25,11.5,34.5,6.0,1.0,3.0,3.5,22.0,NA,3.25,4.5,1.5,12.0,94.0,0.0,238.0,0.0,0.0,5.0,997.0,NA
2026-02-02 01:00:00,121.0,133.0,3.75,11.75,10.0,37.0,5.5,0.5,3.0,2.5,14.5,NA,2.0,2.75,1.0,12.0,94.0,1.5,201.5,0.0,0.0,5.0,997.0,NA
2026-02-02 02:00:00,81.0,108.0,4.0,10.0,8.0,39.0,5.0,0.0,4.75,2.0,9.5,NA,1.0,2.0,0.0,11.0,94.25,1.25,222.75,0.0,0.0,5.0,997.0,NA
2026-02-02 03:00:00,83.0,122.0,4.25,15.0,11.75,38.5,4.75,1.0,3.25,1.5,6.75,NA,1.0,1.25,0.0,11.0,95.0,0.75,221.5,0.0,0.0,5.0,997.0,NA
2026-02-02 04:00:00,64.0,91.0,4.0,12.75,10.0,33.0,4.75,1.0,3.25,1.0,4.75,NA,0.0,1.0,0.0,11.0,95.0,0.0,234.25,0.0,0.0,5.25,997.0,NA
2026-02-02 05:00:00,66.0,92.0,4.0,8.25,8.0,33.0,5.25,0.25,6.25,1.0,4.0,NA,0.0,1.0,0.0,11.0,95.0,0.0,240.25,0.0,0.0,5.25,997.0,NA
2026-02-02 06:00:00,69.0,75.0,4.5,6.5,7.25,31.75,5.75,1.0,7.75,1.0,3.0,NA,0.0,0.0,0.0,11.0,95.0,0.25,213.0,0.0,0.0,5.0,997.0,NA
2026-02-02 07:00:00,59.0,69.0,4.25,3.5,5.5,29.25,5.75,1.0,11.5,1.0,3.0,NA,0.0,0.0,0.0,11.0,95.0,0.0,229.5,0.0,0.0,7.0,997.0,NA
2026-02-02 08:00:00,62.0,78.0,4.5,4.75,6.25,28.5,6.0,1.0,11.5,1.0,2.0,NA,0.0,0.0,0.0,11.25,95.0,0.0,231.75,0.0,0.0,19.25,997.0,NA
2026-02-02 09:00:00,63.0,88.0,5.25,6.0,7.5,30.25,5.75,1.0,9.0,1.0,2.0,NA,0.0,0.0,0.0,12.0,95.0,0.75,225.0,0.0,0.0,36.25,997.0,NA
2026-02-02 10:00:00,68.0,112.0,6.75,9.5,10.75,33.5,5.25,1.0,11.0,1.0,2.0,NA,0.0,0.0,0.0,12.0,95.0,0.75,242.0,0.0,0.0,48.25,997.0,NA
2026-02-02 11:00:00,92.0,163.0,7.0,10.75,11.75,36.75,5.5,1.0,13.5,1.0,2.5,NA,0.0,0.0,0.0,12.0,94.0,1.0,229.5,0.0,0.0,51.5,997.0,NA
2026-02-02 12:00:00,89.0,162.0,5.25,6.75,7.75,38.5,5.0,1.0,17.25,1.0,3.25,NA,0.0,0.0,0.0,12.75,91.0,1.25,237.75,0.0,0.0,65.75,997.0,NA
2026-02-02 13:00:00,108.0,155.0,5.0,7.5,8.0,40.0,5.75,1.0,14.75,1.0,4.75,NA,0.0,0.5,0.0,13.0,89.75,1.0,242.5,0.0,0.0,68.5,997.0,NA
2026-02-02 14:00:00,105.0,122.0,4.75,5.25,7.0,37.0,6.0,1.0,18.0,1.0,5.0,NA,0.0,1.0,0.0,13.0,88.25,1.0,239.0,0.0,0.0,75.75,996.0,NA
2026-02-02 15:00:00,105.0,130.0,4.75,4.5,6.75,35.0,6.0,1.0,24.0,1.0,4.0,NA,0.0,1.0,0.0,13.0,84.5,1.0,231.5,0.0,0.0,102.25,996.0,NA
2026-02-02 16:00:00,112.0,138.0,5.0,3.25,6.0,33.75,6.0,1.0,29.75,1.0,4.0,NA,0.0,1.0,0.0,13.5,80.5,0.25,230.75,0.0,0.0,77.5,996.0,NA
2026-02-02 17:00:00,107.0,143.0,4.5,6.0,7.0,33.0,6.0,1.0,24.5,1.0,3.0,NA,0.0,0.5,0.0,12.75,83.75,0.0,225.75,0.0,0.0,28.75,996.75,NA
2026-02-02 18:00:00,111.0,161.0,4.75,15.75,12.25,32.75,5.75,1.0,14.75,1.0,2.75,NA,0.0,0.0,0.0,12.0,88.25,0.0,225.5,0.0,0.0,7.75,997.0,NA
2026-02-02 19:00:00,134.0,228.0,14.25,39.0,32.25,32.5,5.25,1.0,3.25,1.0,5.0,NA,1.5,0.0,0.0,11.25,90.25,0.0,215.75,0.0,0.0,5.0,997.0,NA
2026-02-02 20:00:00,134.0,228.0,15.75,28.25,28.0,34.75,5.5,1.0,0.5,1.0,9.5,NA,2.0,0.75,0.0,11.0,93.5,0.0,230.25,0.0,0.0,5.75,997.0,NA
2026-02-02 21:00:00,233.0,335.0,21.5,24.25,30.75,34.75,5.25,1.25,0.5,1.25,13.75,NA,3.0,1.0,0.0,11.0,94.25,0.0,221.5,0.0,0.0,5.25,997.0,NA
2026-02-02 22:00:00,221.0,306.0,19.25,20.25,26.5,36.75,6.0,1.0,0.25,2.0,17.75,NA,2.75,2.0,0.0,11.0,94.25,0.0,212.0,0.0,0.0,5.0,997.0,NA
2026-02-02 23:00:00,169.0,240.0,14.5,20.25,22.75,33.5,6.0,1.0,0.25,2.0,20.0,NA,2.0,2.0,0.0,10.75,94.0,0.0,221.75,0.0,0.0,5.0,997.0,NA
2026-02-03 00:00:00,129.0,140.0,8.25,17.0,16.0,31.25,6.0,1.0,1.0,2.0,17.5,NA,1.25,1.5,0.0,10.0,94.0,0.0,209.25,0.0,0.0,5.0,997.0,NA
2026-02-03 01:00:00,106.0,121.0,6.0,15.0,13.0,31.25,6.75,1.0,1.0,1.75,14.25,NA,1.0,1.0,0.0,10.0,94.0,0.0,211.0,0.0,0.0,5.0,997.0,NA
2026-02-03 02:00:00,90.0,94.0,7.0,15.0,13.0,34.0,6.0,1.0,2.0,1.0,12.0,NA,1.0,1.0,0.0,10.0,94.75,0.0,220.25,0.0,0.0,5.0,997.0,NA
2026-02-03 03:00:00,94.0,124.0,5.25,12.5,11.0,32.0,5.5,1.0,4.0,1.0,11.0,NA,0.25,1.0,0.0,10.0,95.0,0.0,214.0,0.0,0.0,5.0,997.0,NA
2026-02-03 04:00:00,105.0,135.0,4.0,9.0,8.5,30.5,6.5,1.0,8.5,1.0,9.0,NA,0.0,0.25,0.0,10.0,95.0,0.0,203.75,0.0,0.0,5.0,997.0,NA
2026-02-03 05:00:00,92.0,117.0,4.5,8.0,8.25,29.75,6.25,1.0,11.5,1.0,7.0,NA,0.0,0.0,0.0,10.0,95.0,0.0,229.5,0.0,0.0,5.0,997.0,NA
2026-02-03 06:00:00,84.0,101.0,4.0,7.5,7.75,30.25,6.5,1.0,7.75,1.0,5.25,NA,0.0,0.0,0.0,10.0,94.25,0.25,231.75,0.0,0.0,5.0,997.0,NA
2026-02-03 07:00:00,88.0,102.0,4.25,8.5,8.5,28.25,6.75,1.0,6.75,1.0,4.5,NA,0.0,0.0,0.0,10.0,94.0,0.0,214.5,0.0,0.0,8.25,997.0,NA
2026-02-03 08:00:00,83.0,91.0,5.25,7.5,8.5,26.25,6.0,1.0,10.75,1.0,4.25,NA,0.0,0.0,0.0,10.0,94.0,0.25,234.75,0.0,0.0,25.5,997.0,NA
2026-02-03 09:00:00,68.0,73.0,7.0,7.75,9.75,26.25,6.0,1.0,12.75,1.0,3.5,NA,0.0,0.0,0.0,10.0,95.0,0.25,228.75,0.0,0.0,54.5,997.0,NA
2026-02-03 10:00:00,83.0,101.0,6.25,8.5,9.75,27.75,6.0,1.0,16.75,1.0,3.0,NA,0.0,0.25,0.0,11.0,94.0,0.5,206.5,0.0,0.0,83.75,997.0,NA
2026-02-03 11:00:00,107.0,134.0,6.25,8.5,10.0,29.25,6.0,1.0,17.75,1.0,2.75,NA,0.0,0.0,0.0,11.25,91.5,0.0,201.5,0.0,0.0,129.75,997.0,NA
2026-02-03 12:00:00,141.0,174.0,7.5,8.75,10.75,29.5,6.75,1.0,21.0,1.0,2.75,NA,0.0,0.0,0.0,12.75,85.25,1.0,224.0,0.0,0.0,238.0,996.0,NA
2026-02-03 13:00:00,163.0,190.0,7.0,8.75,10.25,31.5,7.75,1.0,36.25,1.0,3.0,NA,0.0,0.0,0.0,14.5,71.75,1.5,187.0,0.0,0.0,368.25,994.5,NA
2026-02-03 14:00:00,169.0,211.0,5.75,11.0,10.25,33.5,9.25,1.0,72.75,1.0,7.75,NA,0.0,0.5,0.0,16.25,59.75,1.75,190.0,0.0,0.0,263.75,992.75,NA
2026-02-03 15:00:00,147.0,177.0,5.0,6.5,7.67,31.75,10.5,1.0,88.25,1.0,13.75,NA,0.0,1.0,0.0,15.5,58.75,1.5,225.0,0.0,0.0,200.25,993.5,NA
2026-02-03 16:00:00,133.0,151.0,5.0,3.0,6.25,30.5,10.5,0.0,88.0,1.0,10.5,NA,0.0,1.0,0.0,14.25,63.25,0.0,240.25,0.0,0.0,56.0,995.75,NA
2026-02-03 17:00:00,110.0,145.0,4.75,6.5,7.25,29.25,9.0,0.5,78.5,1.0,7.5,NA,0.0,0.5,0.0,13.75,68.0,0.0,246.25,0.0,0.0,30.0,996.25,NA
2026-02-03 18:00:00,135.0,200.0,4.5,35.25,22.75,29.25,8.0,1.0,33.25,1.0,6.5,NA,0.0,0.25,0.0,12.25,78.75,0.0,262.5,0.0,0.0,7.0,997.0,NA
2026-02-03 19:00:00,189.0,360.0,6.5,52.5,33.5,31.75,8.0,1.75,6.75,1.0,16.5,NA,0.5,1.0,0.0,11.0,85.75,0.0,230.75,0.0,0.0,5.0,997.0,NA
2026-02-03 20:00:00,NA,545.0,41.5,56.75,64.0,37.25,8.75,3.5,2.25,2.0,51.0,NA,3.25,6.5,2.0,11.0,88.25,0.0,185.75,0.0,0.0,5.0,997.0,NA
2026-02-03 21:00:00,470.0,632.0,46.5,51.5,65.5,37.0,9.0,3.25,1.75,5.75,74.25,NA,7.25,16.25,4.5,11.0,89.0,0.0,184.5,0.0,0.0,5.0,997.0,NA
2026-02-03 22:00:00,337.0,494.0,41.75,47.75,59.5,34.5,8.0,2.25,1.25,6.75,86.25,NA,8.0,19.25,5.75,11.0,90.0,0.0,173.25,0.0,0.0,5.25,997.0,NA
2026-02-03 23:00:00,300.0,434.0,61.75,32.0,67.5,31.0,8.25,2.5,1.0,24.0,104.5,NA,7.5,15.5,4.75,10.75,92.25,0.0,254.0,0.0,0.0,5.0,997.0,NA
2026-02-04 00:00:00,312.0,486.0,61.25,26.0,63.5,28.5,8.33,2.0,1.0,31.25,106.75,NA,7.0,14.0,4.0,10.0,94.0,0.0,248.5,0.0,0.0,5.0,997.0,NA
2026-02-04 01:00:00,260.0,390.0,31.0,25.25,38.75,28.25,6.75,1.25,1.0,21.25,112.25,NA,8.0,15.0,4.0,10.0,94.0,0.0,244.5,0.0,0.0,5.0,997.0,NA
2026-02-04 02:00:00,237.0,345.0,17.0,29.0,29.0,30.0,6.0,1.0,1.75,14.0,106.25,NA,7.5,13.25,4.0,10.0,94.0,0.0,218.0,0.0,0.0,5.0,997.0,NA
2026-02-04 03:00:00,312.0,440.0,21.25,23.5,30.25,30.5,6.0,1.0,1.5,10.0,91.25,NA,7.25,12.0,3.25,10.0,94.0,0.0,185.75,0.0,0.0,5.25,997.0,NA
2026-02-04 04:00:00,298.0,428.0,33.33,19.67,38.0,29.0,6.33,1.0,2.0,8.67,84.0,NA,8.33,13.33,4.0,10.0,94.0,0.0,202.0,0.0,0.0,5.0,997.0,NA
2026-02-04 05:00:00,295.0,421.0,21.0,16.33,26.0,25.67,6.0,1.0,1.0,6.33,72.67,NA,10.0,13.0,4.0,9.0,94.0,0.0,224.67,0.0,0.0,5.0,997.0,NA
2026-02-04 06:00:00,172.0,201.0,19.5,22.25,27.5,26.0,5.75,1.0,1.0,5.0,55.25,NA,8.25,10.0,3.0,9.0,94.0,0.0,250.5,0.0,0.0,5.0,997.0,NA
2026-02-04 07:00:00,164.0,226.0,12.0,18.5,19.75,28.0,6.5,1.0,2.25,4.0,45.5,NA,7.25,8.0,2.0,9.75,94.0,0.25,158.0,0.0,0.0,12.0,997.0,NA
2026-02-04 08:00:00,190.0,262.0,8.25,20.25,18.0,27.25,6.25,1.0,8.25,3.75,44.0,NA,6.5,6.75,2.0,10.25,94.5,1.0,162.75,0.0,0.0,67.5,997.0,NA
2026-02-04 09:00:00,166.0,221.0,8.0,31.75,23.5,27.0,7.0,1.0,13.0,3.0,35.25,NA,5.25,5.5,1.75,11.75,87.75,1.25,194.0,0.0,0.0,169.0,997.0,NA
2026-02-04 10:00:00,169.0,217.0,6.75,13.25,12.75,25.25,9.0,1.0,21.0,2.5,27.0,NA,3.5,4.5,1.0,14.5,71.5,0.25,241.5,0.0,0.0,273.25,995.75,NA
2026-02-04 11:00:00,163.0,194.0,5.0,8.75,8.5,26.25,13.0,0.25,50.75,2.0,19.0,NA,2.25,2.75,0.75,16.0,59.5,1.5,222.25,0.0,0.0,341.75,993.75,NA
2026-02-04 12:00:00,162.0,213.0,4.0,5.75,6.5,28.25,11.0,0.0,74.0,1.5,15.25,NA,1.5,2.0,0.0,16.0,57.5,3.0,192.5,0.0,0.0,362.0,993.5,NA
2026-02-04 13:00:00,146.0,186.0,3.75,4.0,5.25,32.75,9.75,0.0,87.0,1.0,14.0,NA,1.0,1.0,0.0,16.75,52.0,2.5,205.5,0.0,0.0,377.5,992.25,NA
2026-02-04 14:00:00,110.0,135.0,4.25,3.25,5.0,30.5,8.25,0.0,91.25,1.0,10.5,NA,0.75,1.0,0.0,17.25,47.5,2.5,202.25,0.0,0.0,257.75,991.75,NA
2026-02-04 15:00:00,97.0,130.0,3.5,3.0,5.0,29.5,7.0,0.0,91.25,1.0,8.0,NA,0.0,1.0,0.0,16.25,50.0,2.5,214.25,0.0,0.0,198.5,993.0,NA
2026-02-04 16:00:00,89.0,114.0,3.75,3.5,5.25,29.25,7.0,0.0,86.75,0.25,6.75,NA,0.0,1.0,0.0,15.0,53.5,2.0,229.75,0.0,0.0,48.0,995.5,NA
2026-02-04 17:00:00,72.0,106.0,4.0,7.5,7.5,27.75,7.0,0.0,68.5,0.0,5.75,NA,0.0,0.0,0.0,14.25,60.75,0.5,242.0,0.0,0.0,24.25,996.0,NA
2026-02-04 18:00:00,85.0,158.0,4.5,14.5,11.75,26.75,6.0,0.0,44.25,0.0,7.5,NA,0.0,0.25,0.0,12.5,71.75,0.0,252.0,0.0,0.0,7.0,997.0,NA
2026-02-04 19:00:00,90.0,186.0,4.5,29.75,19.75,27.0,6.0,0.5,20.0,0.0,10.25,NA,0.0,1.0,0.0,11.25,80.25,0.0,225.25,0.0,0.0,5.0,997.0,NA
2026-02-04 20:00:00,152.0,262.0,5.25,32.25,21.25,27.5,6.75,1.0,11.25,0.75,7.75,NA,0.0,1.0,0.0,11.0,86.0,0.0,236.75,0.0,0.0,5.0,997.0,NA
2026-02-04 21:00:00,162.0,243.0,5.5,32.5,22.0,29.5,10.25,1.0,4.5,1.0,5.5,NA,0.0,0.5,0.0,10.25,88.5,0.0,233.75,0.0,0.0,5.0,997.0,NA
2026-02-04 22:00:00,255.0,340.0,7.25,31.5,22.75,28.25,11.5,1.0,1.75,1.0,5.25,NA,0.0,0.0,0.0,10.0,89.5,0.0,231.75,0.0,0.0,5.0,997.0,NA
2026-02-04 23:00:00,228.0,318.0,6.5,26.75,19.75,28.25,11.75,1.0,2.25,1.0,7.0,NA,0.0,0.0,0.0,10.0,90.75,0.0,218.5,0.0,0.0,5.0,997.0,NA
2026-02-05 00:00:00,182.0,263.0,5.25,23.25,16.75,28.5,14.0,1.0,2.0,1.0,8.0,NA,0.0,0.0,0.0,10.0,93.5,0.0,226.0,0.0,0.0,5.0,997.0,NA
2026-02-05 01:00:00,156.0,207.0,3.75,16.75,12.0,27.25,9.25,0.5,3.0,1.0,9.0,NA,0.0,0.0,0.0,10.0,94.0,0.0,219.0,0.0,0.0,5.0,997.0,NA
2026-02-05 02:00:00,138.0,178.0,3.0,13.0,10.0,27.0,8.0,0.0,6.75,1.0,8.25,NA,0.0,0.0,0.0,9.5,94.0,0.0,224.0,0.0,0.0,5.0,997.0,NA
2026-02-05 03:00:00,168.0,223.0,3.75,11.75,9.75,25.75,7.0,0.0,6.25,1.0,6.0,NA,0.0,0.0,0.0,9.0,94.0,0.0,232.25,0.0,0.0,5.0,997.0,NA
2026-02-05 04:00:00,216.0,295.0,4.25,12.75,10.75,26.5,6.0,0.0,4.75,1.0,4.0,NA,0.0,0.0,0.0,9.0,94.0,0.0,212.0,0.0,0.0,5.0,997.0,NA
2026-02-05 05:00:00,158.0,222.0,4.0,11.5,9.5,27.25,5.25,0.25,6.0,1.0,3.0,NA,0.0,0.0,0.0,9.0,94.0,0.0,191.0,0.0,0.0,5.25,997.0,NA
2026-02-05 06:00:00,155.0,222.0,4.25,11.75,10.25,25.25,6.0,1.0,5.0,1.0,2.0,NA,0.0,0.0,0.0,9.0,94.0,0.0,196.0,0.0,0.0,5.5,997.0,NA
2026-02-05 07:00:00,183.0,261.0,5.5,13.25,12.0,23.5,6.75,1.0,4.25,1.0,2.0,NA,0.0,0.0,0.0,9.0,94.0,0.0,210.25,0.0,0.0,12.5,997.0,NA
2026-02-05 08:00:00,133.0,197.0,10.0,16.25,16.5,26.25,7.0,1.0,4.75,1.0,2.0,NA,0.0,0.0,0.0,9.75,93.75,0.0,227.5,0.0,0.0,74.25,997.0,NA
2026-02-05 09:00:00,157.0,216.0,11.25,20.5,20.5,25.75,9.75,1.0,10.5,1.0,3.0,NA,0.0,0.0,0.0,12.25,86.25,1.0,237.5,0.0,0.0,189.5,997.0,NA
2026-02-05 10:00:00,162.0,197.0,6.0,9.75,10.25,25.5,12.25,1.0,30.75,1.0,3.0,NA,0.0,0.0,0.0,15.25,65.75,1.25,233.75,0.0,0.0,302.75,995.25,NA
2026-02-05 11:00:00,114.0,150.0,4.75,4.5,6.25,24.25,11.5,0.0,58.0,1.0,2.0,NA,0.0,0.0,0.0,16.75,53.0,2.0,230.5,0.0,0.0,396.75,992.75,NA
2026-02-05 12:00:00,90.0,134.0,4.5,3.5,5.75,24.5,12.5,0.0,83.75,0.75,2.0,NA,0.0,0.0,0.0,18.0,46.0,2.25,227.0,0.0,0.0,413.25,990.75,NA
2026-02-05 13:00:00,72.0,111.0,4.5,3.0,5.5,27.5,9.75,0.0,97.5,0.0,2.0,NA,0.0,0.0,0.0,18.0,43.5,3.0,199.5,0.0,0.0,424.25,990.25,NA
2026-02-05 14:00:00,40.0,102.0,2.0,6.0,5.0,29.0,7.0,0.0,102.5,0.25,1.75,NA,0.0,0.0,0.0,18.0,42.75,2.5,224.25,0.0,0.0,259.5,990.0,NA
2026-02-05 15:00:00,50.0,96.0,1.5,5.75,4.25,26.75,8.0,0.0,92.0,0.0,5.0,NA,0.0,0.0,0.0,16.75,46.0,2.5,217.0,0.0,0.0,212.25,992.0,NA
2026-02-05 16:00:00,56.0,91.0,2.0,5.5,5.0,25.0,8.75,0.0,89.75,0.0,4.5,NA,0.0,0.0,0.0,15.75,51.25,2.0,217.0,0.0,0.0,45.0,994.75,NA
2026-02-05 17:00:00,67.0,138.0,2.5,7.0,5.75,23.25,8.5,0.25,77.5,0.0,5.0,NA,0.0,0.0,0.0,14.5,58.25,0.5,251.75,0.0,0.0,21.75,996.0,NA
2026-02-05 18:00:00,73.0,132.0,2.25,14.75,9.75,22.25,9.0,1.0,54.0,0.0,11.0,NA,0.0,1.0,0.0,12.75,70.0,0.0,256.75,0.0,0.0,7.25,997.0,NA
2026-02-05 19:00:00,97.0,194.0,2.0,32.5,19.0,22.0,9.0,1.0,26.25,0.0,11.75,NA,0.0,0.75,0.0,11.75,77.25,0.0,261.25,0.0,0.0,5.0,997.0,NA
2026-02-05 20:00:00,153.0,276.0,3.0,44.5,26.25,22.0,8.0,1.0,10.25,0.25,14.25,NA,0.0,1.0,0.0,11.0,83.25,0.0,258.0,0.0,0.0,5.0,997.0,NA
2026-02-05 21:00:00,205.0,334.0,8.0,44.5,30.5,24.5,7.75,1.0,5.5,1.0,13.5,NA,0.0,1.0,0.0,10.5,86.25,0.0,244.25,0.0,0.0,5.0,997.0,NA
2026-02-05 22:00:00,239.0,384.0,5.5,35.75,23.75,24.75,7.25,1.0,4.75,1.0,14.5,NA,0.0,1.0,0.0,10.0,88.0,0.0,248.75,0.0,0.0,5.0,997.0,NA
2026-02-05 23:00:00,169.0,278.0,5.75,33.25,22.25,25.0,6.5,1.0,4.0,1.0,13.75,NA,0.0,1.0,0.0,10.0,89.25,0.0,237.5,0.0,0.0,5.0,997.0,NA
2026-02-06 00:00:00,158.0,244.0,4.5,29.25,19.5,24.5,6.33,1.0,5.0,1.0,12.25,NA,0.0,1.0,0.0,10.0,90.25,0.0,254.0,0.0,0.0,5.25,997.0,NA
2026-02-06 01:00:00,135.0,193.0,1.75,22.5,13.75,24.5,7.0,1.0,6.0,1.0,9.25,NA,0.0,0.25,0.0,9.75,92.25,0.0,230.5,0.0,0.0,5.25,997.0,NA
2026-02-06 02:00:00,151.0,202.0,2.0,21.0,13.0,25.0,7.0,1.0,6.5,1.0,7.0,NA,0.0,0.0,0.0,9.0,94.0,0.0,231.5,0.0,0.0,5.0,997.0,NA
2026-02-06 03:00:00,150.0,202.0,2.25,21.0,13.25,22.5,7.0,1.0,5.0,1.0,5.5,NA,0.0,0.0,0.0,9.0,94.0,0.0,202.5,0.0,0.0,5.0,997.0,NA
2026-02-06 04:00:00,157.0,199.0,3.5,21.25,14.25,21.5,7.75,1.0,3.5,1.0,4.75,NA,0.0,0.0,0.0,9.0,94.0,0.0,224.75,0.0,0.0,5.0,997.0,NA
2026-02-06 05:00:00,174.0,227.0,4.25,21.0,14.75,22.0,7.5,1.0,4.25,1.0,4.25,NA,0.0,0.0,0.0,9.0,94.0,0.0,211.25,0.0,0.0,5.0,997.0,NA
2026-02-06 06:00:00,161.0,217.0,3.5,19.25,13.5,21.25,8.0,1.0,4.25,1.0,5.0,NA,0.0,0.0,0.0,9.0,94.0,0.0,222.5,0.0,0.0,5.75,997.0,NA
2026-02-06 07:00:00,150.0,210.0,5.25,19.25,14.75,21.0,10.25,1.0,4.0,1.0,5.5,NA,0.0,0.0,0.0,9.0,94.0,0.25,218.25,0.0,0.0,12.75,997.0,NA
2026-02-06 08:00:00,161.0,226.0,6.0,18.25,14.5,22.0,10.0,1.0,8.25,1.0,6.0,NA,0.0,0.0,0.0,9.75,92.5,1.0,227.5,0.0,0.0,76.25,997.0,NA
2026-02-06 09:00:00,139.0,189.0,4.5,20.25,14.5,24.0,13.75,1.0,16.5,1.0,5.5,NA,0.0,0.0,0.0,12.5,79.25,1.25,239.5,0.0,0.0,190.75,997.0,NA
2026-02-06 10:00:00,133.0,172.0,3.0,9.5,7.75,23.25,16.0,1.0,35.0,1.0,4.25,NA,0.0,0.0,0.0,15.5,59.0,2.0,240.75,0.0,0.0,300.25,995.0,NA
2026-02-06 11:00:00,107.0,156.0,2.0,6.5,5.5,22.0,13.25,0.0,61.0,1.0,3.5,NA,0.0,0.0,0.0,17.0,50.75,2.75,221.25,0.0,0.0,381.75,992.5,NA
2026-02-06 12:00:00,86.0,149.0,2.0,5.0,4.25,22.0,11.25,0.0,78.5,0.5,4.0,NA,0.0,0.0,0.0,17.5,46.75,3.0,205.25,0.0,0.0,393.25,991.5,NA
2026-02-06 13:00:00,68.0,124.0,1.75,6.0,4.5,24.0,11.5,0.0,85.75,0.0,3.0,NA,0.0,0.0,0.0,18.0,44.75,3.75,213.75,0.0,0.0,403.75,990.0,NA
2026-02-06 14:00:00,67.0,116.0,2.0,6.25,5.25,27.25,19.5,0.0,88.25,0.0,3.0,NA,0.0,0.0,0.0,18.0,43.75,3.0,215.5,0.0,0.0,240.5,990.25,NA
2026-02-06 15:00:00,57.0,124.0,2.0,6.25,5.0,26.25,19.25,0.0,91.0,0.0,1.5,NA,0.0,0.0,0.0,17.0,49.25,3.25,213.5,0.0,0.0,196.5,991.75,NA
2026-02-06 16:00:00,72.0,110.0,2.25,6.75,6.0,25.75,23.5,0.0,84.25,0.0,1.0,NA,0.0,0.0,0.0,16.0,54.75,2.0,227.75,0.0,0.0,50.5,994.75,NA
2026-02-06 17:00:00,70.0,136.0,2.0,10.0,7.25,26.0,34.0,0.25,71.75,0.0,1.5,NA,0.0,0.0,0.0,14.75,58.75,0.75,239.5,0.0,0.0,25.25,995.75,NA
2026-02-06 18:00:00,89.0,147.0,2.25,16.75,11.0,24.75,21.25,1.0,45.75,0.0,2.0,NA,0.0,0.0,0.0,13.25,70.5,0.0,244.5,0.0,0.0,7.25,996.75,NA
2026-02-06 19:00:00,108.0,194.0,3.5,32.5,20.25,25.25,15.25,1.0,18.25,0.0,2.25,NA,0.0,0.5,0.0,12.0,79.25,0.0,245.25,0.0,0.0,5.0,997.0,NA
2026-02-06 20:00:00,169.0,279.0,2.75,36.25,21.5,24.25,12.5,1.0,13.0,0.0,4.0,NA,0.0,1.0,0.0,11.25,83.25,0.0,247.0,0.0,0.0,5.0,997.0,NA
2026-02-06 21:00:00,175.0,282.0,3.25,33.75,21.0,23.25,10.25,1.0,10.0,0.75,10.0,NA,0.5,2.0,0.0,11.0,86.0,0.0,257.0,0.0,0.0,5.0,997.0,NA
2026-02-06 22:00:00,157.0,244.0,4.0,29.25,19.0,24.25,9.0,1.0,8.5,1.0,8.5,NA,0.0,2.0,0.0,11.0,88.25,0.0,244.0,0.0,0.0,5.0,997.0,NA
2026-02-06 23:00:00,136.0,227.0,2.75,26.75,16.75,26.0,8.75,1.0,9.5,1.0,6.25,NA,0.0,2.0,0.0,11.0,89.5,0.0,257.75,0.0,0.0,5.0,997.0,NA
2026-02-07 00:00:00,124.0,204.0,2.0,20.0,12.25,27.25,8.33,0.0,21.0,0.25,3.0,NA,0.0,1.25,0.0,11.0,90.0,0.0,259.25,0.0,0.0,5.0,997.0,NA
2026-02-07 01:00:00,114.0,128.0,2.5,13.5,9.5,27.0,7.5,0.0,21.0,0.5,3.5,NA,0.5,1.5,0.25,10.5,90.25,0.0,230.5,0.0,0.0,5.0,997.0,NA
2026-02-07 02:00:00,103.0,138.0,2.0,14.0,9.0,27.0,7.0,0.0,14.25,0.0,2.0,NA,0.0,1.0,0.0,10.25,92.75,0.0,233.25,0.0,0.0,5.0,997.0,NA
2026-02-07 03:00:00,180.0,228.0,2.75,19.0,12.25,25.5,8.75,1.0,10.25,0.0,1.0,NA,0.0,0.25,0.0,10.25,94.0,0.0,233.75,0.0,0.0,5.0,997.0,NA
2026-02-07 04:00:00,175.0,235.0,3.0,16.25,11.0,23.5,8.25,0.25,10.75,0.0,2.0,NA,0.0,0.0,0.0,10.0,94.0,0.0,228.25,0.0,0.0,5.0,997.0,NA
2026-02-07 05:00:00,193.0,246.0,2.5,14.5,10.25,22.5,8.75,0.5,6.5,0.0,2.0,NA,0.0,0.0,0.0,10.0,94.0,0.0,222.5,0.0,0.0,5.0,997.0,NA
2026-02-07 06:00:00,153.0,197.0,3.0,16.0,11.0,21.75,8.25,1.0,5.75,0.0,1.75,NA,0.0,0.0,0.0,10.0,94.0,0.0,227.75,0.0,0.0,5.25,997.0,NA
2026-02-07 07:00:00,160.0,201.0,3.25,15.25,11.0,21.25,7.5,1.0,7.0,0.0,1.0,NA,0.0,0.0,0.0,10.0,94.75,0.0,215.5,0.0,0.0,12.25,997.0,NA
2026-02-07 08:00:00,135.0,188.0,4.25,17.5,12.75,21.75,9.0,1.0,11.0,0.0,1.0,NA,0.0,0.0,0.0,10.5,92.75,0.75,231.5,0.0,0.0,71.25,997.0,NA
2026-02-07 09:00:00,127.0,173.0,4.75,16.5,13.0,23.75,12.5,1.0,18.75,0.5,1.5,NA,0.0,0.0,0.0,13.25,79.25,1.25,236.5,0.0,0.0,173.0,996.75,NA
2026-02-07 10:00:00,129.0,152.0,3.25,8.0,7.0,24.5,14.75,1.0,38.75,0.75,1.75,NA,0.0,0.0,0.0,16.0,61.0,1.75,233.5,0.0,0.0,277.5,994.75,NA
2026-02-07 11:00:00,118.0,193.0,2.75,5.75,5.25,24.5,14.0,0.0,57.5,0.0,1.75,NA,0.0,0.0,0.0,17.5,53.5,2.0,230.25,0.0,0.0,358.5,992.0,NA
2026-02-07 12:00:00,88.0,141.0,2.25,5.0,5.0,24.75,13.0,0.0,71.25,0.0,2.0,NA,0.0,0.0,0.0,18.0,49.5,2.5,217.25,0.0,0.0,373.25,990.75,NA
2026-02-07 13:00:00,81.0,146.0,3.0,4.5,5.0,24.5,12.0,0.0,79.0,0.0,1.75,NA,0.0,0.0,0.0,18.25,48.0,3.0,218.5,0.0,0.0,362.0,990.0,NA
2026-02-07 14:00:00,75.0,141.0,2.5,4.5,4.5,26.5,11.0,0.0,82.5,0.0,1.0,NA,0.0,0.0,0.0,18.25,46.75,3.0,211.0,0.0,0.0,214.75,990.0,NA
2026-02-07 15:00:00,67.0,144.0,2.25,5.25,5.0,30.75,11.75,0.0,86.25,0.0,1.0,NA,0.0,0.0,0.0,17.25,50.0,3.0,219.5,0.0,0.0,196.5,991.75,NA
2026-02-07 16:00:00,63.0,130.0,2.25,6.5,5.5,32.75,12.75,0.0,86.75,0.0,1.0,NA,0.0,0.0,0.0,16.25,55.25,2.75,219.5,0.0,0.0,51.5,994.5,NA
2026-02-07 17:00:00,70.0,136.0,2.5,8.5,6.75,27.5,14.25,0.0,75.0,0.0,1.75,NA,0.0,0.0,0.0,15.5,62.25,0.75,242.25,0.0,0.0,26.5,995.5,NA
2026-02-07 18:00:00,86.0,153.0,2.25,14.25,9.75,28.0,14.5,1.0,55.5,0.0,3.0,NA,0.0,0.0,0.0,13.75,71.5,0.25,255.75,0.0,0.0,7.25,996.25,NA
2026-02-07 19:00:00,107.0,178.0,2.5,20.75,13.25,27.0,13.25,1.0,33.5,0.0,4.25,NA,0.0,0.0,0.0,12.75,79.5,0.0,244.0,0.0,0.0,5.0,997.0,NA
2026-02-07 20:00:00,173.0,249.0,2.5,27.25,16.75,25.0,11.75,1.0,18.5,0.0,4.0,NA,0.0,0.0,0.0,12.0,84.25,0.0,265.5,0.0,0.0,5.0,997.0,NA
2026-02-07 21:00:00,145.0,217.0,2.25,24.25,15.25,23.5,10.5,1.0,18.0,0.0,3.0,NA,0.0,0.0,0.0,11.75,86.5,0.0,254.0,0.0,0.0,5.0,997.0,NA
2026-02-07 22:00:00,123.0,190.0,2.5,18.5,11.75,23.0,9.5,1.0,25.25,0.0,2.25,NA,0.0,0.0,0.0,11.0,87.25,0.0,264.75,0.0,0.0,5.0,997.0,NA
2026-02-07 23:00:00,92.0,158.0,2.25,14.75,9.75,21.75,8.75,1.0,27.25,0.0,1.75,NA,0.0,0.0,0.0,11.0,88.0,0.5,245.75,0.0,0.0,5.25,997.0,NA
2026-02-08 00:00:00,102.0,151.0,2.0,10.75,7.5,22.25,9.33,0.0,45.0,0.0,2.25,NA,0.0,0.0,0.0,11.75,80.75,2.25,220.5,0.0,0.0,5.0,997.0,NA
2026-02-08 01:00:00,78.0,118.0,2.25,8.25,6.25,22.5,9.25,0.0,52.0,0.0,2.5,NA,0.0,0.0,0.0,11.5,78.5,0.5,253.75,0.0,0.0,5.0,997.0,NA
2026-02-08 02:00:00,73.0,110.0,2.0,9.0,6.0,24.0,8.0,0.0,36.5,0.0,1.5,NA,0.0,0.0,0.0,10.25,85.0,0.25,243.5,0.0,0.0,5.0,997.0,NA
2026-02-08 03:00:00,86.0,110.0,2.75,9.25,7.0,23.5,8.25,0.0,37.5,0.0,1.25,NA,0.0,0.0,0.0,10.0,87.5,0.5,250.5,0.0,0.0,5.0,997.0,NA
2026-02-08 04:00:00,107.0,141.0,2.5,10.75,8.0,21.75,8.5,0.0,26.25,0.0,2.75,NA,0.0,0.0,0.0,10.0,88.75,0.0,210.5,0.0,0.0,5.0,997.0,NA
2026-02-08 05:00:00,89.0,123.0,2.0,12.25,8.5,20.25,8.25,0.0,17.25,0.0,2.25,NA,0.0,0.0,0.0,10.0,90.5,0.0,227.25,0.0,0.0,5.0,997.0,NA
2026-02-08 06:00:00,132.0,173.0,2.0,16.33,10.5,20.5,7.5,0.0,11.5,0.0,2.0,NA,0.0,0.0,0.0,10.0,93.25,0.25,228.0,0.0,0.0,5.0,997.0,NA
2026-02-08 07:00:00,132.0,196.0,3.25,16.0,11.0,22.25,7.0,0.25,7.25,0.0,3.0,NA,0.0,0.0,0.0,9.0,94.0,0.0,218.75,0.0,0.0,13.5,997.0,NA
2026-02-08 08:00:00,139.0,183.0,5.75,16.25,13.5,23.75,7.75,1.0,9.75,0.0,2.5,NA,0.0,0.0,0.0,10.75,90.25,0.5,236.25,0.0,0.0,87.25,997.0,NA
2026-02-08 09:00:00,132.0,182.0,4.5,15.25,12.0,26.25,11.75,0.75,27.25,0.0,2.0,NA,0.0,0.0,0.0,13.75,69.75,1.5,237.75,0.0,0.0,206.0,996.5,NA
2026-02-08 10:00:00,124.0,171.0,3.25,8.5,7.5,27.0,12.5,0.0,49.0,0.0,2.0,NA,0.0,0.0,0.0,16.0,54.0,1.75,233.5,0.0,0.0,316.25,994.0,NA
2026-02-08 11:00:00,79.0,128.0,3.0,5.75,5.25,26.5,12.5,0.0,68.75,0.0,1.25,NA,0.0,0.0,0.0,17.5,48.75,1.75,225.75,0.0,0.0,403.75,991.5,NA
2026-02-08 12:00:00,72.0,112.0,2.25,4.75,4.75,25.75,12.25,0.0,86.5,0.0,1.0,NA,0.0,0.0,0.0,18.0,45.0,2.25,222.5,0.0,0.0,383.75,990.5,NA
2026-02-08 13:00:00,67.0,113.0,2.5,5.5,5.0,24.5,12.25,0.0,94.25,0.0,0.0,NA,0.0,0.0,0.0,18.0,45.0,2.75,232.0,0.0,0.0,408.25,989.75,NA
2026-02-08 14:00:00,67.0,110.0,2.75,4.75,5.25,25.0,13.25,0.0,96.75,0.0,0.0,NA,0.0,0.0,0.0,18.75,41.75,2.5,216.0,0.0,0.0,217.0,989.25,NA
2026-02-08 15:00:00,44.0,91.0,3.0,7.25,6.5,23.25,41.0,0.0,95.0,0.0,0.0,NA,0.0,0.0,0.0,17.0,43.25,2.5,223.25,0.0,0.0,234.25,991.0,NA
2026-02-08 16:00:00,40.0,83.0,3.0,6.25,6.0,23.5,20.75,0.0,100.0,0.0,0.25,NA,0.0,0.0,0.0,15.75,48.25,2.25,220.25,0.0,0.0,40.25,994.75,NA
2026-02-08 17:00:00,51.0,96.0,3.25,7.75,7.25,24.25,14.75,0.0,85.75,0.0,1.5,NA,0.0,0.0,0.0,14.5,56.0,0.5,236.25,0.0,0.0,22.75,996.0,NA
2026-02-08 18:00:00,61.0,103.0,3.0,15.25,10.5,23.5,12.0,0.25,60.0,0.0,2.0,NA,0.0,0.0,0.0,13.0,65.25,0.0,256.5,0.0,0.0,7.25,997.0,NA
2026-02-08 19:00:00,75.0,160.0,2.5,23.75,15.0,24.25,10.75,1.0,46.0,0.0,3.25,NA,0.0,0.5,0.0,11.75,71.5,0.0,253.25,0.0,0.0,5.0,997.0,NA
2026-02-08 20:00:00,135.0,204.0,2.5,30.5,18.5,24.25,15.5,1.0,32.0,0.0,3.25,NA,0.0,1.0,0.0,11.0,76.75,0.0,208.25,0.0,0.0,5.0,997.0,NA
2026-02-08 21:00:00,152.0,224.0,10.5,41.75,31.25,31.25,24.25,2.25,13.75,0.0,3.0,NA,0.0,0.25,0.0,11.0,80.5,0.0,212.0,0.0,0.0,5.0,997.0,NA
2026-02-08 22:00:00,409.0,523.0,9.25,40.0,28.75,24.25,13.5,1.25,3.25,0.0,2.5,NA,0.0,0.0,0.0,10.5,83.5,0.0,239.5,0.0,0.0,5.0,997.0,NA
2026-02-08 23:00:00,199.0,288.0,7.0,34.0,23.5,23.0,11.25,1.0,3.75,0.0,2.75,NA,0.0,0.0,0.0,10.0,85.5,0.0,241.25,0.0,0.0,5.0,997.0,NA
2026-02-09 00:00:00,163.0,215.0,7.0,35.25,24.5,24.25,10.0,1.0,3.0,0.0,3.0,NA,0.0,0.0,0.0,10.0,87.5,0.0,254.25,0.0,0.0,5.0,997.0,NA
2026-02-09 01:00:00,152.0,212.0,13.75,32.0,28.5,26.0,8.75,1.0,3.0,0.5,4.0,NA,0.0,0.25,0.0,10.0,88.75,0.0,254.25,0.0,0.0,5.0,997.0,NA
2026-02-09 02:00:00,173.0,272.0,23.0,29.0,34.0,29.0,8.0,1.0,5.5,1.0,5.75,NA,0.75,1.0,0.0,10.0,90.0,0.0,261.25,0.0,0.0,5.0,997.0,NA
2026-02-09 03:00:00,178.0,252.0,14.25,29.75,27.75,28.0,7.75,1.0,5.5,1.0,7.0,NA,1.0,1.0,0.0,10.0,90.0,0.0,262.5,0.0,0.0,5.0,997.0,NA
2026-02-09 04:00:00,171.0,224.0,12.5,29.0,25.5,24.75,8.0,1.0,4.5,1.0,7.0,NA,1.0,1.0,0.0,10.0,90.5,0.0,288.5,0.0,0.0,5.0,997.0,NA
2026-02-09 05:00:00,196.0,261.0,6.0,27.0,20.0,23.5,8.5,1.0,4.5,1.0,6.5,NA,1.0,1.0,0.0,10.0,90.0,0.0,263.25,0.0,0.0,5.0,997.0,NA
2026-02-09 06:00:00,195.0,245.0,11.5,24.75,22.5,21.25,9.0,1.0,4.25,0.0,5.5,NA,0.5,1.0,0.0,10.0,91.0,0.0,225.5,0.0,0.0,5.0,997.0,NA
2026-02-09 07:00:00,201.0,282.0,34.75,26.75,42.75,22.25,9.5,1.0,3.0,0.0,5.0,NA,0.5,0.5,0.0,10.0,90.0,0.75,217.25,0.0,0.0,14.5,997.0,NA
2026-02-09 08:00:00,153.0,233.0,26.0,30.0,37.25,23.0,9.0,1.0,4.0,0.0,4.0,NA,0.0,0.0,0.0,10.75,88.25,0.0,212.0,0.0,0.0,51.5,997.0,NA
2026-02-09 09:00:00,146.0,219.0,11.33,32.33,26.33,23.67,10.0,1.0,13.0,0.0,3.0,NA,0.0,0.0,0.0,12.0,75.33,0.67,201.33,0.0,0.0,172.33,996.67,NA
2026-02-09 10:00:00,144.0,210.0,5.5,17.0,13.75,23.5,13.75,0.75,43.25,0.0,2.25,NA,0.0,0.0,0.0,15.25,56.0,1.75,149.5,0.0,0.0,280.25,994.75,NA
2026-02-09 11:00:00,101.0,194.0,4.0,16.5,12.0,24.0,15.5,1.0,77.25,0.0,2.0,NA,0.0,0.0,0.0,16.5,50.0,2.0,143.25,0.0,0.0,400.5,992.75,NA
2026-02-09 12:00:00,101.0,180.0,3.0,17.0,11.5,24.0,17.0,0.75,114.25,0.0,2.0,NA,0.0,0.0,0.0,17.75,43.25,2.25,169.75,0.0,0.0,386.25,991.0,NA
2026-02-09 13:00:00,97.0,180.0,3.0,19.25,12.5,24.0,14.75,1.0,130.75,0.0,2.0,NA,0.0,0.0,0.0,18.75,41.0,2.0,182.25,0.0,0.0,371.0,989.25,NA
2026-02-09 14:00:00,102.0,193.0,3.0,19.5,12.75,23.0,13.5,0.75,159.0,0.0,2.0,NA,0.0,0.0,0.0,19.25,38.25,1.0,148.5,0.0,0.0,249.25,987.75,NA
2026-02-09 15:00:00,90.0,183.0,2.5,17.0,11.25,23.25,13.5,0.5,174.25,0.0,2.0,NA,0.0,0.0,0.0,18.25,40.5,1.0,145.0,0.0,0.0,171.0,989.5,NA
2026-02-09 16:00:00,101.0,218.0,2.0,24.0,14.75,24.25,17.75,1.0,164.75,0.0,3.75,NA,0.0,0.0,0.0,17.0,47.25,1.0,110.75,0.0,0.0,75.25,994.0,NA
2026-02-09 17:00:00,124.0,279.0,2.0,25.5,15.25,23.5,20.0,1.0,138.25,0.0,4.0,NA,0.0,0.0,0.0,16.0,51.75,1.0,119.25,0.0,0.0,35.0,995.0,NA
2026-02-09 18:00:00,128.0,300.0,2.0,26.75,15.75,23.5,14.5,1.0,90.5,0.0,3.0,NA,0.0,0.0,0.0,14.25,61.75,0.0,137.75,0.0,0.0,7.25,996.5,NA
2026-02-09 19:00:00,167.0,320.0,2.75,38.5,22.75,25.0,12.0,1.0,44.5,0.0,3.0,NA,0.0,0.0,0.0,13.0,70.75,0.0,130.25,0.0,0.0,5.25,997.0,NA
2026-02-09 20:00:00,233.0,399.0,2.5,44.5,26.0,26.0,11.0,1.25,18.0,0.0,3.5,NA,0.0,1.0,0.0,12.25,76.0,0.0,145.75,0.0,0.0,5.0,997.0,NA
2026-02-09 21:00:00,217.0,420.0,10.75,62.75,42.5,25.0,9.75,3.75,3.5,0.5,5.25,NA,0.0,1.0,0.0,12.0,78.5,0.0,156.0,0.0,0.0,5.0,997.0,NA
2026-02-09 22:00:00,228.0,426.0,38.0,59.0,62.5,25.75,9.0,4.75,3.5,1.0,7.25,NA,0.75,1.5,0.0,11.0,81.0,0.0,135.5,0.0,0.0,5.0,997.0,NA
2026-02-09 23:00:00,223.0,416.0,50.25,56.0,71.0,24.75,9.0,3.0,3.0,1.75,9.25,NA,1.0,2.25,0.75,11.0,83.25,0.0,145.75,0.0,0.0,5.0,997.0,NA
2026-02-10 00:00:00,205.0,370.0,44.75,55.0,66.0,24.75,8.0,2.0,3.0,2.0,10.0,NA,2.0,3.0,1.0,11.0,84.25,0.0,160.0,0.0,0.0,5.0,997.0,NA
2026-02-10 01:00:00,406.0,537.0,44.5,51.75,64.0,25.0,8.75,2.0,3.0,2.75,10.0,NA,2.0,3.0,1.0,11.0,86.25,0.0,169.25,0.0,0.0,5.0,997.0,NA
2026-02-10 02:00:00,322.0,476.0,57.0,51.0,74.0,26.0,9.0,2.0,4.0,3.75,11.0,NA,2.0,3.0,1.0,10.75,87.25,0.0,161.5,0.0,0.0,5.25,997.0,NA
2026-02-10 03:00:00,182.0,316.0,84.0,41.75,90.5,29.0,8.25,2.0,4.25,3.25,14.25,NA,2.5,3.25,1.0,10.25,88.75,0.0,161.75,0.0,0.0,5.0,997.0,NA
2026-02-10 04:00:00,245.0,444.0,68.25,44.5,79.25,26.5,8.75,1.75,3.75,5.75,19.25,NA,3.0,4.0,1.5,10.0,89.0,0.0,142.25,0.0,0.0,5.0,997.0,NA
2026-02-10 05:00:00,263.0,395.0,47.0,42.0,60.67,25.67,9.0,1.0,3.0,5.67,21.67,NA,2.67,3.67,1.0,10.0,89.0,0.0,131.67,0.0,0.0,5.0,997.0,NA
2026-02-10 06:00:00,208.0,316.0,27.25,39.0,42.75,24.0,9.0,1.0,3.0,4.25,18.5,NA,2.0,2.75,1.0,10.0,88.75,0.0,136.5,0.0,0.0,5.0,997.0,NA
2026-02-10 07:00:00,226.0,300.0,24.75,32.5,37.75,23.0,10.0,1.0,3.0,3.0,13.75,NA,1.0,2.0,0.75,10.0,88.0,0.0,147.75,0.0,0.0,12.5,997.0,NA
2026-02-10 08:00:00,238.0,317.0,30.75,39.25,46.0,23.25,11.75,1.5,3.75,2.25,10.0,NA,1.0,1.25,0.0,11.25,83.25,0.25,142.25,0.0,0.0,68.5,997.0,NA
2026-02-10 09:00:00,284.0,384.0,32.5,58.0,57.5,26.75,16.75,1.5,7.0,2.0,8.25,NA,1.0,1.0,0.0,14.0,68.5,1.0,130.5,0.0,0.0,169.0,996.25,NA
2026-02-10 10:00:00,294.0,462.0,12.0,42.0,32.5,26.0,18.5,0.5,31.0,2.0,8.75,NA,1.0,1.0,0.0,16.5,53.25,2.5,155.5,0.0,0.0,282.75,993.75,NA
2026-02-10 11:00:00,111.0,234.0,3.5,24.5,16.0,27.0,15.75,0.0,72.0,1.25,6.75,NA,0.5,1.0,0.0,17.75,46.5,3.0,193.25,0.0,0.0,360.25,991.5,NA
2026-02-10 12:00:00,97.0,224.0,1.75,15.75,10.0,28.75,14.25,0.0,110.25,1.0,4.5,NA,0.0,0.25,0.0,18.5,43.5,2.5,170.25,0.0,0.0,378.25,989.75,NA
2026-02-10 13:00:00,84.0,199.0,1.0,11.0,7.0,28.75,13.0,0.0,126.0,1.0,3.75,NA,0.0,0.0,0.0,19.75,40.0,1.75,200.0,0.0,0.0,383.0,987.0,NA
2026-02-10 14:00:00,67.0,162.0,0.75,7.25,5.0,27.0,12.0,0.0,130.0,0.0,3.0,NA,0.0,0.0,0.0,20.0,38.75,1.25,184.5,0.0,0.0,206.75,986.25,NA
2026-02-10 15:00:00,61.0,166.0,1.25,6.25,4.5,26.5,11.5,0.0,126.5,0.0,2.0,NA,0.0,0.0,0.0,19.25,41.0,1.0,195.75,0.0,0.0,220.25,987.5,NA
2026-02-10 16:00:00,53.0,125.0,1.0,7.5,4.75,28.25,11.0,0.0,117.5,0.0,2.0,NA,0.0,0.0,0.0,18.0,46.0,0.5,224.25,0.0,0.0,60.5,992.5,NA
2026-02-10 17:00:00,72.0,150.0,2.0,17.5,10.75,31.0,11.75,0.0,127.0,0.0,2.5,NA,0.0,0.0,0.0,16.75,50.75,0.75,118.25,0.0,0.0,28.0,994.5,NA
2026-02-10 18:00:00,106.0,271.0,1.5,34.75,20.0,31.5,11.0,0.75,94.75,0.0,5.0,NA,0.0,0.0,0.0,15.25,58.0,0.0,119.5,0.0,0.0,7.25,995.75,NA
2026-02-10 19:00:00,138.0,310.0,2.25,41.5,24.25,33.5,10.0,1.0,52.5,0.25,4.5,NA,0.0,0.0,0.0,14.0,67.0,0.0,142.75,0.0,0.0,5.5,996.75,NA
2026-02-10 20:00:00,208.0,425.0,3.0,65.75,37.75,35.75,10.0,1.0,20.0,1.25,4.25,NA,0.0,0.5,0.0,13.5,70.5,0.0,131.75,0.0,0.0,5.0,997.0,NA
2026-02-10 21:00:00,237.0,412.0,3.0,57.25,32.75,35.75,11.0,1.25,23.0,2.75,4.0,NA,0.0,1.0,0.0,13.0,70.0,0.25,125.5,0.0,0.0,5.0,997.0,NA
2026-02-10 22:00:00,223.0,357.0,2.0,40.0,23.25,33.5,10.75,1.0,26.0,5.25,4.25,NA,0.0,1.0,0.0,12.75,70.5,0.0,160.0,0.0,0.0,5.0,997.0,NA
2026-02-10 23:00:00,215.0,357.0,2.75,49.5,28.5,32.75,10.0,1.5,6.75,10.5,6.0,NA,0.5,1.75,0.0,12.0,76.75,0.0,166.0,0.0,0.0,5.0,997.0,NA
2026-02-11 00:00:00,250.0,395.0,4.5,52.5,31.75,33.0,10.33,1.0,4.0,8.75,9.75,NA,1.0,2.75,0.5,12.0,78.75,0.0,165.25,0.0,0.0,5.0,997.0,NA
2026-02-11 01:00:00,234.0,357.0,15.5,49.25,39.25,34.75,11.0,1.0,3.0,6.5,12.5,NA,1.0,3.0,1.0,12.0,80.0,0.0,221.25,0.0,0.0,5.0,997.0,NA
2026-02-11 02:00:00,234.0,373.0,13.0,47.0,36.0,39.0,11.0,1.0,3.75,4.5,18.25,NA,1.5,3.0,1.0,12.0,80.25,0.0,254.75,0.0,0.0,5.0,997.0,NA
2026-02-11 03:00:00,259.0,379.0,9.5,39.75,28.75,39.5,11.5,1.0,3.25,3.25,30.75,NA,2.25,4.75,1.0,12.0,77.25,0.75,220.0,0.0,0.0,5.0,997.0,NA
2026-02-11 04:00:00,239.0,316.0,3.25,28.25,17.75,37.5,11.0,1.0,7.5,2.25,29.25,NA,2.0,4.25,1.0,12.0,77.75,0.25,237.75,0.0,0.0,5.0,997.0,NA
2026-02-11 05:00:00,184.0,234.0,2.25,21.25,13.25,36.75,10.0,1.0,9.5,1.75,19.75,NA,1.25,2.75,0.75,12.0,80.0,0.0,248.5,0.0,0.0,5.0,997.0,NA
2026-02-11 06:00:00,210.0,272.0,2.5,22.75,14.25,32.75,12.5,1.0,8.75,1.0,13.5,NA,1.0,2.0,0.0,12.0,80.0,0.5,200.75,0.0,0.0,5.0,997.0,NA
2026-02-11 07:00:00,208.0,282.0,9.75,34.75,26.5,32.0,11.0,1.0,3.5,1.0,9.75,NA,0.5,1.25,0.0,11.0,84.0,0.0,218.75,0.0,0.0,12.25,997.0,NA
2026-02-11 08:00:00,248.0,362.0,16.25,35.5,32.5,33.25,11.75,1.25,5.0,1.0,8.0,NA,1.0,1.0,0.0,12.75,78.5,0.25,200.25,0.0,0.0,63.75,996.75,NA
2026-02-11 09:00:00,244.0,387.0,7.0,24.5,18.75,32.5,21.5,1.0,20.0,1.0,8.75,NA,1.0,1.25,0.0,15.5,60.75,0.75,226.0,0.0,0.0,173.75,995.25,NA
2026-02-11 10:00:00,188.0,269.0,2.5,15.25,9.75,34.0,19.25,0.5,56.5,1.0,7.0,NA,1.0,1.0,0.0,18.25,49.5,1.0,237.0,0.0,0.0,286.75,992.25,NA
2026-02-11 11:00:00,136.0,202.0,1.5,10.25,6.67,40.75,17.75,0.0,83.25,1.0,5.0,NA,1.0,1.0,0.0,19.0,46.25,1.75,217.75,0.0,0.0,359.5,989.5,NA
2026-02-11 12:00:00,108.0,169.0,2.0,7.5,5.75,45.0,17.0,0.0,96.5,1.0,4.0,NA,1.0,1.0,0.0,19.5,45.0,2.0,229.0,0.0,0.0,379.75,987.75,NA
2026-02-11 13:00:00,102.0,163.0,1.75,7.25,5.25,45.25,16.0,0.0,106.75,0.0,3.0,NA,0.75,1.0,0.0,20.0,43.5,2.25,226.75,0.0,0.0,383.25,986.5,NA
2026-02-11 14:00:00,86.0,157.0,1.75,8.25,6.0,37.75,15.5,0.0,101.25,0.0,3.0,NA,0.75,0.0,0.0,19.5,41.75,3.0,216.0,0.0,0.0,210.75,988.5,NA
2026-02-11 15:00:00,78.0,152.0,1.75,6.25,4.75,33.75,13.25,0.0,101.0,0.0,3.0,NA,0.0,0.0,0.0,18.5,44.0,3.75,204.25,0.0,0.0,227.0,989.75,NA
2026-02-11 16:00:00,70.0,152.0,2.0,6.25,5.0,32.5,13.25,0.0,100.5,0.0,3.75,NA,0.0,0.0,0.0,17.25,46.25,3.0,207.0,0.0,0.0,55.0,993.5,NA
2026-02-11 17:00:00,56.0,121.0,2.0,9.0,6.25,31.75,11.0,0.0,79.5,0.0,4.0,NA,0.5,0.0,0.0,16.5,52.0,1.25,233.5,0.0,0.0,25.75,994.75,NA
2026-02-11 18:00:00,56.0,141.0,1.75,20.25,12.25,35.0,10.75,0.5,38.25,0.5,8.0,NA,1.5,0.75,0.0,14.5,64.75,0.0,266.25,0.0,0.0,7.5,996.25,NA
2026-02-11 19:00:00,77.0,227.0,3.0,30.5,18.5,35.25,11.0,1.0,20.5,0.25,19.0,NA,2.5,3.75,0.75,13.0,75.0,0.0,259.75,0.0,0.0,5.25,997.0,NA
2026-02-11 20:00:00,147.0,285.0,3.25,35.5,21.5,34.25,10.75,1.0,10.25,1.0,14.5,NA,2.0,3.0,1.0,13.0,81.25,0.25,271.5,0.0,0.0,5.0,997.0,NA
2026-02-11 21:00:00,125.0,207.0,2.25,27.5,16.75,34.75,10.0,1.0,15.75,1.0,10.75,NA,2.0,3.0,1.0,12.25,82.75,0.5,262.25,0.0,0.0,5.25,997.0,NA
2026-02-11 22:00:00,116.0,171.0,2.0,21.25,13.25,33.75,9.5,1.0,15.75,1.0,8.25,NA,1.5,2.5,1.0,12.0,83.75,0.25,240.5,0.0,0.0,5.0,997.0,NA
2026-02-11 23:00:00,106.0,158.0,2.5,24.25,15.25,32.25,8.5,1.0,7.0,1.0,6.5,NA,1.0,2.0,1.0,11.75,87.0,0.0,232.75,0.0,0.0,5.0,997.0,NA
2026-02-12 00:00:00,125.0,182.0,2.75,19.5,12.75,29.75,8.67,0.0,8.5,1.0,6.5,NA,1.0,2.0,1.0,11.0,89.0,0.0,227.0,0.0,0.0,5.0,997.0,NA
2026-02-12 01:00:00,100.0,140.0,2.0,14.75,10.0,30.25,7.75,0.0,7.0,1.0,5.0,NA,1.0,1.5,0.5,11.0,90.0,0.5,219.25,0.0,0.0,5.0,997.0,NA
2026-02-12 02:00:00,86.0,110.0,2.0,14.0,9.0,32.0,7.0,0.0,9.75,1.0,3.5,NA,0.5,1.0,0.0,11.0,91.0,0.5,227.5,0.0,0.0,5.0,997.0,NA
2026-02-12 03:00:00,117.0,169.0,2.5,16.0,10.5,34.25,6.25,0.0,7.0,1.0,5.0,NA,0.0,1.0,0.0,11.0,91.0,0.0,228.0,0.0,0.0,5.0,997.0,NA
2026-02-12 04:00:00,139.0,184.0,2.25,15.75,10.25,33.25,7.25,0.0,4.5,0.0,3.0,NA,0.0,0.0,0.0,10.0,93.5,0.25,235.0,0.0,0.0,5.0,997.0,NA
2026-02-12 05:00:00,195.0,240.0,4.25,14.5,11.5,32.25,7.0,0.0,3.0,0.0,3.0,NA,0.0,0.0,0.0,10.0,94.0,0.0,214.25,0.0,0.0,5.0,997.0,NA
2026-02-12 06:00:00,135.0,157.0,3.5,13.25,9.75,31.5,7.25,0.75,4.5,0.25,3.75,NA,0.0,0.0,0.0,10.0,94.0,0.5,197.75,0.0,0.0,5.0,997.0,NA
2026-02-12 07:00:00,114.0,138.0,4.75,14.75,12.25,28.5,7.5,1.0,4.25,0.0,2.0,NA,0.0,0.0,0.0,10.0,94.0,0.75,218.75,0.0,0.0,15.25,997.0,NA
2026-02-12 08:00:00,107.0,168.0,9.0,15.25,15.5,26.75,7.25,1.0,6.5,0.0,2.75,NA,0.0,0.0,0.0,11.0,91.5,0.75,222.25,0.0,0.0,88.0,997.0,NA
2026-02-12 09:00:00,117.0,167.0,5.5,15.0,12.75,26.5,10.75,1.0,13.5,1.0,5.75,NA,0.0,0.0,0.0,13.5,77.0,1.25,225.25,0.0,0.0,214.0,996.75,NA
2026-02-12 10:00:00,118.0,125.0,3.5,8.0,7.0,27.5,13.75,0.0,30.25,0.75,3.75,NA,0.0,0.0,0.0,16.0,59.5,2.0,229.0,0.0,0.0,325.0,994.25,NA
2026-02-12 11:00:00,81.0,121.0,3.0,5.25,5.25,27.5,12.5,0.0,48.5,1.0,3.25,NA,0.0,0.0,0.0,17.25,51.75,2.0,223.5,0.0,0.0,405.5,991.75,NA
2026-02-12 12:00:00,72.0,106.0,2.75,4.5,4.75,28.5,11.0,0.0,67.0,0.0,1.75,NA,0.0,0.0,0.0,18.25,48.5,1.75,221.5,0.0,0.0,419.0,989.75,NA
2026-02-12 13:00:00,63.0,107.0,2.0,3.75,3.5,28.5,11.5,0.0,75.5,0.0,1.25,NA,0.0,0.0,0.0,19.0,42.75,2.75,221.0,0.0,0.0,437.0,988.0,NA
2026-02-12 14:00:00,38.0,77.0,2.0,2.75,3.0,28.25,12.25,0.0,78.25,0.0,0.75,NA,0.0,0.0,0.0,19.0,40.75,2.5,220.25,0.0,0.0,202.5,989.5,NA
2026-02-12 15:00:00,40.0,75.0,2.0,3.75,3.5,28.25,13.75,0.0,79.75,0.0,0.75,NA,0.0,0.0,0.0,18.0,42.5,2.5,228.25,0.0,0.0,282.0,989.5,NA
2026-02-12 16:00:00,38.0,81.0,3.0,5.5,5.25,26.75,16.5,0.0,76.5,0.0,1.0,NA,0.0,0.0,0.0,16.25,46.75,2.5,226.25,0.0,0.0,53.0,994.25,NA
2026-02-12 17:00:00,40.0,90.0,2.25,6.25,5.25,25.5,13.75,0.0,72.75,0.0,2.0,NA,0.0,0.0,0.0,15.5,51.75,1.25,238.75,0.0,0.0,24.5,995.5,NA
2026-02-12 18:00:00,45.0,101.0,2.33,12.67,8.67,25.33,10.67,0.33,52.0,0.0,2.0,NA,0.0,0.0,0.0,13.67,62.67,0.0,260.67,0.0,0.0,8.0,996.67,NA
2026-02-12 19:00:00,74.0,180.0,2.75,31.75,18.75,25.75,9.0,1.0,22.75,0.0,2.25,NA,0.0,1.25,0.0,12.25,74.75,0.0,255.25,0.0,0.0,5.0,997.0,NA
2026-02-12 20:00:00,141.0,263.0,5.0,43.0,27.0,27.75,8.5,1.5,8.25,0.0,3.75,NA,0.75,3.75,0.75,12.0,79.75,0.0,232.5,0.0,0.0,5.25,997.0,NA
2026-02-12 21:00:00,193.0,318.0,12.25,41.5,32.25,27.25,9.25,1.5,5.5,0.0,3.0,NA,1.0,2.75,1.0,11.0,83.75,0.0,244.75,0.0,0.0,5.25,997.0,NA
2026-02-12 22:00:00,167.0,311.0,10.0,39.0,29.0,27.75,10.75,1.0,3.0,0.25,3.0,NA,1.0,2.0,0.25,11.0,86.0,0.0,257.0,0.0,0.0,5.25,997.0,NA
2026-02-12 23:00:00,145.0,255.0,9.25,34.25,25.75,26.75,9.25,1.0,3.0,0.5,2.5,NA,0.5,1.0,0.0,11.0,88.0,0.0,247.75,0.0,0.0,5.0,997.0,NA
2026-02-13 00:00:00,183.0,269.0,11.25,33.0,27.25,26.5,10.0,1.0,2.5,1.0,2.5,NA,0.0,1.0,0.0,11.0,89.0,0.0,242.25,0.0,0.0,5.0,997.0,NA
2026-02-13 01:00:00,180.0,252.0,11.25,32.75,26.5,26.0,8.75,1.0,3.0,1.0,4.0,NA,0.0,1.0,0.0,10.75,90.0,0.0,255.75,0.0,0.0,5.0,997.0,NA
2026-02-13 02:00:00,196.0,261.0,6.0,32.0,22.0,27.0,8.0,1.0,2.75,1.0,5.0,NA,0.0,1.0,0.0,11.0,90.5,0.0,233.75,0.0,0.0,5.0,997.0,NA
2026-02-13 03:00:00,279.0,350.0,6.25,28.25,20.25,26.75,8.0,1.0,3.0,1.0,5.0,NA,0.0,1.0,0.0,10.0,91.0,0.0,237.25,0.0,0.0,5.25,997.0,NA
2026-02-13 04:00:00,260.0,332.0,4.25,23.75,16.0,25.25,8.0,1.0,3.0,0.25,4.25,NA,0.0,0.5,0.0,10.0,92.5,0.0,225.25,0.0,0.0,5.5,997.0,NA
2026-02-13 05:00:00,276.0,322.0,3.25,21.0,13.75,24.5,8.75,1.0,3.75,0.0,3.25,NA,0.0,0.0,0.0,10.0,93.75,0.0,215.5,0.0,0.0,5.75,997.0,NA
2026-02-13 06:00:00,205.0,263.0,5.5,22.5,16.5,24.5,9.0,1.0,2.5,0.0,3.0,NA,0.0,0.0,0.0,10.0,94.0,0.0,213.0,0.0,0.0,5.75,997.0,NA
2026-02-13 07:00:00,226.0,291.0,8.0,21.25,18.0,25.25,9.0,1.0,2.5,0.75,3.5,NA,0.0,0.0,0.0,10.0,94.0,0.0,208.5,0.0,0.0,14.25,997.0,NA
2026-02-13 08:00:00,178.0,218.0,15.75,30.0,28.75,23.25,9.0,1.0,4.75,0.0,4.0,NA,0.0,0.0,0.0,11.25,90.75,1.25,221.0,0.0,0.0,91.0,997.0,NA
2026-02-13 09:00:00,146.0,199.0,14.25,26.25,25.75,24.0,12.75,1.0,10.5,0.0,3.5,NA,0.0,0.0,0.0,14.0,73.25,1.5,226.25,0.0,0.0,214.25,996.5,NA
2026-02-13 10:00:00,128.0,168.0,5.0,10.5,9.75,23.5,14.75,0.0,28.5,0.0,2.5,NA,0.0,0.0,0.0,16.25,58.5,1.75,231.75,0.0,0.0,309.0,994.25,NA
2026-02-13 11:00:00,89.0,124.0,2.67,7.33,6.0,24.0,13.33,0.0,51.33,0.5,1.5,NA,0.0,0.0,0.0,16.67,53.33,1.67,219.33,0.0,0.0,360.67,992.0,NA
2026-02-13 12:00:00,64.0,113.0,2.0,4.0,4.0,24.0,13.0,0.0,66.75,0.25,0.0,NA,0.0,0.0,0.0,18.25,48.5,2.0,224.5,0.0,0.0,416.25,989.5,NA
2026-02-13 13:00:00,55.0,102.0,2.0,4.5,4.25,24.0,10.75,0.0,81.5,0.0,0.0,NA,0.0,0.0,0.0,19.0,43.75,2.25,216.75,0.0,0.0,431.75,988.25,NA
2026-02-13 14:00:00,50.0,84.0,2.0,3.5,3.75,27.25,10.0,0.0,84.75,0.0,0.0,NA,0.0,0.0,0.0,19.25,42.75,1.75,226.25,0.0,0.0,225.0,987.25,NA
2026-02-13 15:00:00,53.0,77.0,2.5,4.5,4.75,26.25,9.75,0.0,91.0,0.0,0.0,NA,0.0,0.0,0.0,18.0,45.0,1.25,222.5,0.0,0.0,228.0,990.0,NA
2026-02-13 16:00:00,45.0,72.0,2.5,5.0,5.0,24.5,8.5,0.0,90.5,0.0,0.0,NA,0.0,0.0,0.0,16.5,47.0,1.75,236.25,0.0,0.0,43.0,994.0,NA
2026-02-13 17:00:00,40.0,86.0,2.75,8.75,7.25,24.25,10.5,0.0,76.5,0.0,0.75,NA,0.0,0.0,0.0,15.5,57.75,0.25,228.25,0.0,0.0,22.75,995.5,NA
2026-02-13 18:00:00,80.0,107.0,2.5,19.0,12.5,23.25,13.0,0.75,49.75,0.0,1.0,NA,0.0,0.0,0.0,14.0,65.25,0.0,229.25,0.0,0.0,7.5,996.5,NA
2026-02-13 19:00:00,78.0,179.0,4.5,55.75,33.0,23.5,19.0,1.0,23.5,0.0,2.5,NA,0.0,0.0,0.0,13.0,71.75,0.0,220.25,0.0,0.0,5.0,997.0,NA
2026-02-13 20:00:00,84.0,191.0,13.25,47.5,36.0,26.0,14.25,1.0,15.25,0.0,4.25,NA,0.0,0.0,0.0,12.0,75.25,0.0,265.5,0.0,0.0,5.0,997.0,NA
2026-02-13 21:00:00,135.0,296.0,8.75,51.75,34.5,28.5,13.25,1.0,5.5,0.75,5.0,NA,0.5,1.25,0.25,12.0,78.0,0.0,253.75,0.0,0.0,5.0,997.0,NA
2026-02-13 22:00:00,161.0,273.0,7.25,54.25,34.75,28.0,11.0,1.5,5.5,1.0,5.0,NA,1.5,4.75,1.25,11.0,81.25,0.0,256.75,0.0,0.0,5.0,997.0,NA
2026-02-13 23:00:00,221.0,328.0,28.5,51.75,50.75,30.0,9.25,1.75,2.75,1.0,8.75,NA,2.75,7.0,2.0,11.0,85.0,0.0,248.75,0.0,0.0,5.0,997.0,NA
2026-02-14 00:00:00,252.0,376.0,23.25,40.0,40.5,28.25,9.0,1.0,3.0,1.0,13.0,NA,3.0,1.75,1.75,11.0,87.25,0.0,252.0,0.0,0.0,5.0,997.0,NA
2026-02-14 01:00:00,171.0,248.0,4.0,31.5,20.25,27.75,9.0,0.75,5.0,1.0,12.25,NA,3.0,4.25,2.0,11.0,88.25,0.0,315.75,0.0,0.0,5.0,997.0,NA
2026-02-14 02:00:00,144.0,189.0,3.0,25.0,16.0,27.0,9.0,0.0,8.5,1.0,13.75,NA,2.5,5.75,1.5,10.25,89.0,0.0,287.25,0.0,0.0,5.0,997.0,NA
2026-02-14 03:00:00,138.0,188.0,10.0,40.25,29.5,24.5,7.75,1.0,3.0,1.0,12.75,NA,2.25,4.25,1.0,10.0,89.75,0.0,245.75,0.0,0.0,5.0,997.0,NA
2026-02-14 04:00:00,218.0,273.0,9.5,37.0,27.75,25.75,9.25,1.0,3.25,1.0,11.25,NA,2.0,2.75,1.0,10.0,90.25,0.0,229.0,0.0,0.0,5.0,997.0,NA
2026-02-14 05:00:00,189.0,233.0,4.0,30.5,19.5,25.75,8.75,1.0,4.75,0.5,7.5,NA,1.5,1.75,0.0,10.0,92.25,0.0,225.5,0.0,0.0,5.0,997.0,NA
2026-02-14 06:00:00,199.0,263.0,31.25,29.0,40.5,23.75,8.0,1.0,2.75,0.0,5.25,NA,0.75,1.0,0.0,10.0,94.0,0.0,222.25,0.0,0.0,5.75,997.0,NA
2026-02-14 07:00:00,195.0,265.0,42.0,27.75,49.25,25.5,8.0,1.0,2.75,0.0,6.0,NA,1.0,1.0,0.0,10.0,94.0,0.0,216.25,0.0,0.0,18.75,997.0,NA
2026-02-14 08:00:00,177.0,233.0,29.25,36.75,43.5,26.5,8.75,1.0,4.0,0.0,6.0,NA,1.0,1.0,0.0,11.25,89.5,0.5,230.5,0.0,0.0,87.5,997.0,NA
2026-02-14 09:00:00,173.0,224.0,10.0,36.5,27.5,25.75,13.0,1.0,14.75,0.0,5.25,NA,1.0,1.0,0.0,14.5,71.5,1.25,230.0,0.0,0.0,203.0,996.25,NA
2026-02-14 10:00:00,140.0,190.0,5.25,21.75,15.5,25.5,14.0,0.5,35.5,0.0,4.25,NA,0.5,0.0,0.0,16.75,56.5,1.75,229.5,0.0,0.0,319.75,993.25,NA
2026-02-14 11:00:00,110.0,152.0,3.5,12.75,10.25,25.0,14.0,0.0,57.75,0.0,2.75,NA,0.0,0.0,0.0,18.0,51.75,1.5,225.5,0.0,0.0,407.25,991.0,NA
2026-02-14 12:00:00,84.0,144.0,2.0,7.5,5.75,26.5,13.25,0.0,80.5,0.0,2.0,NA,0.0,0.0,0.0,19.0,46.25,1.5,222.5,0.0,0.0,421.25,988.0,NA
2026-02-14 13:00:00,61.0,105.0,1.75,7.0,5.0,29.75,12.0,0.0,92.75,0.0,2.0,NA,0.0,0.0,0.0,19.25,46.0,2.0,228.5,0.0,0.0,437.5,987.75,NA
2026-02-14 14:00:00,79.0,103.0,2.0,6.0,5.0,32.25,12.25,0.0,103.5,0.0,1.0,NA,0.0,0.0,0.0,20.0,43.5,1.75,220.5,0.0,0.0,226.5,987.0,NA
2026-02-14 15:00:00,58.0,92.0,1.75,6.5,5.25,32.25,12.25,0.0,108.75,0.0,0.75,NA,0.0,0.0,0.0,18.75,46.5,1.75,230.25,0.0,0.0,273.0,988.0,NA
2026-02-14 16:00:00,56.0,106.0,2.5,9.25,7.25,30.5,20.25,0.0,99.0,0.0,0.0,NA,0.0,0.0,0.0,17.0,50.5,1.0,235.25,0.0,0.0,51.75,993.0,NA
2026-02-14 17:00:00,51.0,99.0,2.0,10.75,7.75,25.75,18.5,0.0,78.75,0.0,0.0,NA,0.0,0.0,0.0,16.25,55.75,0.0,241.25,0.0,0.0,23.5,995.25,NA
2026-02-14 18:00:00,58.0,124.0,2.0,20.25,12.75,25.25,14.5,0.25,54.5,0.0,0.0,NA,0.0,0.0,0.0,14.5,64.5,0.0,254.5,0.0,0.0,7.75,996.25,NA
2026-02-14 19:00:00,90.0,202.0,2.25,33.5,19.75,26.0,11.75,1.0,34.0,0.0,0.75,NA,0.0,0.0,0.0,13.0,75.5,0.0,260.0,0.0,0.0,5.0,997.0,NA
2026-02-14 20:00:00,116.0,233.0,3.0,47.0,28.0,26.0,10.25,1.0,11.25,0.0,1.0,NA,0.0,0.0,0.0,12.5,81.5,0.0,258.0,0.0,0.0,5.0,997.0,NA
2026-02-14 21:00:00,134.0,278.0,2.0,43.25,24.75,26.25,9.25,1.0,12.25,0.0,2.0,NA,0.0,0.0,0.0,12.0,84.25,0.0,257.0,0.0,0.0,5.0,997.0,NA
2026-02-14 22:00:00,147.0,233.0,2.25,38.75,22.5,28.0,9.25,1.0,16.25,0.0,2.5,NA,0.5,0.75,0.5,12.25,85.25,0.5,241.75,0.0,0.0,5.0,997.0,NA
2026-02-14 23:00:00,169.0,234.0,2.0,30.5,18.0,29.25,10.0,1.0,26.25,0.0,3.25,NA,1.0,1.25,0.5,12.5,81.75,0.75,210.0,0.0,0.0,5.0,997.0,NA
2026-02-15 00:00:00,112.0,153.0,2.0,27.75,16.75,29.5,8.33,1.0,13.5,0.0,4.0,NA,1.0,1.0,0.0,11.5,85.25,0.0,229.5,0.0,0.0,5.0,997.0,NA
2026-02-15 01:00:00,156.0,188.0,2.5,24.25,14.75,28.5,7.5,1.0,11.0,0.0,3.0,NA,0.75,1.0,0.0,11.0,89.25,0.0,216.5,0.0,0.0,5.0,997.0,NA
2026-02-15 02:00:00,145.0,183.0,2.0,28.0,17.0,30.0,7.0,1.0,4.5,0.0,3.5,NA,0.0,1.0,0.0,11.5,90.0,1.25,215.0,0.0,0.0,5.0,997.0,NA
2026-02-15 03:00:00,135.0,219.0,5.0,36.5,24.0,27.25,7.0,1.0,3.25,0.0,4.5,NA,0.0,0.5,0.0,11.0,90.0,0.0,229.25,0.0,0.0,5.0,997.0,NA
2026-02-15 04:00:00,124.0,177.0,7.5,31.5,23.25,26.5,6.75,1.0,2.75,0.0,4.0,NA,0.0,0.0,0.0,11.0,90.75,0.0,227.25,0.0,0.0,5.0,997.0,NA
2026-02-15 05:00:00,163.0,223.0,5.25,29.0,20.25,26.5,6.0,1.0,3.0,0.0,4.75,NA,0.0,0.0,0.0,11.0,92.0,0.0,227.75,0.0,0.0,5.25,997.0,NA
2026-02-15 06:00:00,379.0,445.0,5.0,26.25,18.25,24.5,6.0,1.0,3.0,0.0,5.0,NA,0.0,0.0,0.0,10.75,93.75,0.0,221.75,0.0,0.0,5.5,997.0,NA
2026-02-15 07:00:00,277.0,313.0,10.25,24.75,21.5,24.5,7.0,1.0,2.75,0.25,4.25,NA,0.0,0.0,0.0,10.25,94.0,0.0,232.25,0.0,0.0,15.25,997.0,NA
2026-02-15 08:00:00,183.0,244.0,9.67,32.0,25.0,26.0,7.75,1.0,6.5,0.75,4.75,NA,0.0,0.0,0.0,11.75,91.0,0.25,255.75,0.0,0.0,82.0,997.0,NA
2026-02-15 09:00:00,167.0,213.0,5.75,25.25,18.5,26.5,12.5,1.0,17.0,1.0,3.75,NA,0.0,0.0,0.0,15.25,73.75,0.75,239.5,0.0,0.0,200.0,996.0,NA
2026-02-15 10:00:00,132.0,157.0,3.25,10.5,8.5,26.75,14.75,0.5,34.5,0.0,2.5,NA,0.0,0.0,0.0,18.0,56.25,1.25,232.25,0.0,0.0,330.25,992.5,NA
2026-02-15 11:00:00,90.0,134.0,2.75,9.25,7.0,26.5,14.75,0.5,59.0,0.0,1.75,NA,0.0,0.0,0.0,19.0,51.0,1.75,225.0,0.0,0.0,416.75,989.0,NA
2026-02-15 12:00:00,95.0,146.0,1.75,7.25,5.25,27.0,15.75,0.0,86.0,0.0,0.75,NA,0.0,0.0,0.0,20.0,45.5,2.0,215.5,0.0,0.0,477.75,986.5,NA
2026-02-15 13:00:00,58.0,118.0,2.5,7.0,5.75,24.75,19.75,0.0,100.0,0.0,0.0,NA,0.0,0.0,0.0,20.75,41.25,2.0,226.5,0.0,0.0,527.25,983.75,NA
2026-02-15 14:00:00,57.0,140.0,2.0,5.75,5.0,23.5,18.0,0.0,103.75,0.0,0.0,NA,0.0,0.0,0.0,21.0,40.5,2.0,228.5,0.0,0.0,263.75,984.0,NA
2026-02-15 15:00:00,63.0,127.0,2.5,6.5,5.5,24.5,17.5,0.0,110.5,0.0,0.0,NA,0.0,0.0,0.0,19.0,44.5,2.0,224.0,0.0,0.0,323.5,986.25,NA
2026-02-15 16:00:00,67.0,122.0,2.25,7.0,5.5,24.5,15.0,0.0,98.25,0.0,0.0,NA,0.0,0.0,0.0,17.75,47.75,1.25,218.25,0.0,0.0,66.5,992.25,NA
2026-02-15 17:00:00,48.0,95.0,2.0,7.75,6.0,25.75,11.0,0.0,78.0,0.0,0.0,NA,0.0,0.0,0.0,16.75,53.0,1.0,227.75,0.0,0.0,25.5,994.5,NA
2026-02-15 18:00:00,59.0,106.0,2.75,13.75,9.25,23.75,10.25,0.75,69.5,0.0,0.25,NA,0.0,0.0,0.0,15.0,59.25,0.5,252.5,0.0,0.0,8.5,995.75,NA
2026-02-15 19:00:00,69.0,143.0,2.0,26.0,15.75,23.25,9.75,1.0,43.0,0.0,2.0,NA,0.0,0.5,0.0,13.5,68.75,0.0,250.25,0.0,0.0,5.0,996.75,NA
2026-02-15 20:00:00,100.0,200.0,2.75,42.0,24.5,24.0,9.5,1.25,18.0,0.0,2.0,NA,0.0,4.5,0.5,12.5,75.5,0.0,248.0,0.0,0.0,5.0,997.0,NA
2026-02-15 21:00:00,153.0,269.0,4.0,48.75,29.5,27.25,9.75,1.75,7.5,0.0,2.75,NA,0.5,7.25,1.0,12.0,81.5,0.0,247.25,0.0,0.0,5.0,997.0,NA
2026-02-15 22:00:00,230.0,333.0,7.5,52.0,34.0,28.5,8.25,2.25,3.25,0.25,5.5,NA,1.25,10.25,2.0,12.0,85.0,0.0,247.0,0.0,0.0,5.0,997.0,NA
2026-02-15 23:00:00,233.0,328.0,24.5,38.0,40.25,39.25,8.5,3.5,5.75,1.5,11.75,NA,2.75,9.75,2.0,11.5,87.5,0.0,247.0,0.0,0.0,5.5,997.0,NA
2026-02-16 00:00:00,477.0,701.0,26.0,42.75,44.0,28.25,7.33,1.0,3.5,5.0,20.0,NA,6.75,11.75,3.0,11.0,88.75,0.0,246.0,0.0,0.0,5.0,997.0,NA
2026-02-16 01:00:00,173.0,263.0,10.25,33.0,26.25,28.25,7.0,0.75,3.0,3.5,20.5,NA,6.0,10.25,2.5,11.0,89.5,0.0,237.75,0.0,0.0,5.0,997.0,NA
2026-02-16 02:00:00,146.0,179.0,4.0,28.0,18.0,28.0,8.0,0.0,3.25,2.5,14.5,NA,3.5,6.5,1.5,11.0,90.25,0.0,244.5,0.0,0.0,5.0,997.0,NA
2026-02-16 03:00:00,260.0,381.0,4.75,27.75,18.75,28.0,8.25,0.5,3.0,1.75,10.0,NA,2.25,4.0,1.0,11.0,91.0,0.0,256.5,0.0,0.0,5.0,997.0,NA
2026-02-16 04:00:00,164.0,218.0,6.5,23.0,17.75,25.25,7.25,0.0,2.75,1.0,7.25,NA,1.5,2.5,0.25,11.0,93.25,0.0,257.5,0.0,0.0,5.25,997.0,NA
2026-02-16 05:00:00,246.0,313.0,18.5,28.0,30.0,25.5,7.5,0.75,2.5,1.0,6.0,NA,1.0,1.75,0.0,10.0,94.0,0.0,225.75,0.0,0.0,5.0,997.0,NA
2026-02-16 06:00:00,262.0,378.0,27.0,29.0,37.5,25.0,6.75,0.75,3.0,1.0,6.0,NA,1.0,1.0,0.0,11.0,94.25,0.0,209.75,0.0,0.0,5.75,997.0,NA
2026-02-16 07:00:00,189.0,290.0,34.0,27.75,42.75,25.5,6.75,1.0,3.0,1.0,6.0,NA,0.75,1.0,0.0,11.0,94.75,0.0,207.0,0.0,0.0,17.75,997.0,NA
2026-02-16 08:00:00,168.0,235.0,14.25,39.25,32.75,25.75,6.75,0.75,4.5,1.0,5.75,NA,1.0,1.0,0.0,12.25,90.75,0.5,221.75,0.0,0.0,106.75,997.0,NA
2026-02-16 09:00:00,134.0,191.0,8.0,32.75,24.25,29.0,12.0,0.0,11.0,1.0,4.25,NA,0.5,0.75,0.0,15.0,70.75,0.75,193.25,0.0,0.0,255.25,996.0,NA
2026-02-16 10:00:00,118.0,182.0,4.5,16.5,12.5,27.25,17.0,0.0,37.0,0.25,3.0,NA,0.0,0.0,0.0,18.0,53.0,0.75,199.75,0.0,0.0,394.75,991.75,NA
2026-02-16 11:00:00,85.0,141.0,2.25,11.5,8.0,26.25,18.75,0.0,65.0,0.0,2.0,NA,0.0,0.0,0.0,19.0,42.5,1.25,168.0,0.0,0.0,478.75,988.0,NA
2026-02-16 12:00:00,64.0,117.0,2.0,9.5,6.75,24.5,14.75,0.0,86.5,0.0,2.0,NA,0.0,0.0,0.0,20.75,37.25,1.0,177.25,0.0,0.0,486.5,985.25,NA
2026-02-16 13:00:00,61.0,133.0,2.0,11.25,7.75,25.0,14.5,0.0,134.5,0.0,1.25,NA,0.0,0.0,0.0,21.0,36.0,1.0,164.25,0.0,0.0,462.75,983.5,NA
2026-02-16 14:00:00,75.0,180.0,1.5,14.0,9.0,25.75,16.0,0.0,152.75,0.0,2.5,NA,0.0,0.0,0.0,20.5,39.25,2.0,104.75,0.0,0.0,240.0,985.25,NA
2026-02-16 15:00:00,94.0,206.0,1.75,13.75,9.0,25.5,15.75,0.0,166.0,0.0,3.0,NA,0.0,0.0,0.0,19.5,40.75,2.0,100.75,0.0,0.0,258.75,987.0,NA
2026-02-16 16:00:00,100.0,217.0,1.0,15.33,9.0,26.75,15.25,0.0,162.75,1.25,5.0,NA,0.0,0.5,0.0,18.75,44.0,2.0,101.5,0.0,0.0,82.25,991.25,NA
2026-02-16 17:00:00,118.0,237.0,1.5,17.75,10.75,27.5,12.75,0.0,114.75,1.25,2.75,NA,0.0,0.25,0.0,17.75,46.75,0.75,106.75,0.0,0.0,34.25,993.5,NA
2026-02-16 18:00:00,121.0,240.0,1.5,28.75,16.75,27.5,11.25,0.5,62.25,2.75,3.0,NA,0.25,0.5,0.0,16.0,53.0,0.0,126.25,0.0,0.0,8.25,995.5,NA
2026-02-16 19:00:00,191.0,396.0,1.75,38.5,21.75,29.5,11.25,1.0,34.0,3.5,2.5,NA,0.75,1.0,0.0,14.5,60.25,0.0,152.75,0.0,0.0,5.0,996.0,NA
2026-02-16 20:00:00,144.0,328.0,2.0,43.75,24.75,29.5,11.0,1.25,19.0,3.75,3.5,NA,0.75,1.0,0.0,14.0,65.0,0.0,147.25,0.0,0.0,5.0,996.25,NA
2026-02-16 21:00:00,353.0,628.0,4.25,56.5,33.25,36.5,11.5,2.0,6.5,5.5,7.0,NA,2.25,2.25,0.0,13.25,68.75,0.0,150.25,0.0,0.0,5.0,997.0,NA
2026-02-16 22:00:00,465.0,736.0,10.5,66.75,44.25,33.5,11.25,2.0,5.5,9.0,13.5,NA,4.0,4.5,0.5,13.0,72.25,0.0,164.75,0.0,0.0,5.0,997.0,NA
2026-02-16 23:00:00,266.0,497.0,26.25,59.25,53.25,32.75,11.0,2.0,5.0,30.0,19.0,NA,3.5,5.5,1.0,13.0,74.75,0.0,161.75,0.0,0.0,5.5,997.0,NA
2026-02-17 00:00:00,300.0,554.0,31.5,64.25,60.0,34.0,12.0,1.67,4.5,29.25,22.0,NA,4.5,6.0,1.0,12.75,75.5,0.25,95.75,0.0,0.0,5.25,997.0,NA
2026-02-17 01:00:00,273.0,499.0,13.75,58.0,42.0,31.5,14.25,1.0,2.0,19.0,24.25,NA,4.75,5.75,1.0,12.75,70.75,0.25,115.75,0.0,0.0,5.25,997.0,NA
2026-02-17 02:00:00,202.0,307.0,16.0,53.0,42.0,34.0,13.0,1.0,3.25,14.0,18.25,NA,3.25,4.25,1.0,12.0,74.75,0.0,99.25,0.0,0.0,5.0,997.0,NA
2026-02-17 03:00:00,240.0,345.0,7.0,44.75,29.75,31.0,13.75,1.0,2.5,11.0,13.5,NA,3.0,3.0,0.25,12.0,74.75,0.25,102.25,0.0,0.0,5.0,997.0,NA
2026-02-17 04:00:00,201.0,289.0,4.0,41.5,25.5,30.25,13.5,1.0,3.5,8.0,10.75,NA,1.5,2.5,0.0,12.0,73.75,0.5,108.75,0.0,0.0,5.0,997.0,NA
2026-02-17 05:00:00,269.0,356.0,2.0,35.25,20.75,31.0,13.0,1.0,4.0,6.5,8.5,NA,1.25,2.0,0.0,12.0,76.75,0.25,101.25,0.0,0.0,5.0,997.0,NA
2026-02-17 06:00:00,268.0,354.0,3.0,36.25,22.0,29.0,11.25,1.0,3.0,5.75,7.0,NA,1.0,1.5,0.0,11.75,78.75,0.25,122.5,0.0,0.0,5.25,997.0,NA
2026-02-17 07:00:00,191.0,271.0,7.5,38.75,27.0,27.75,11.0,1.0,3.5,4.25,5.5,NA,1.0,1.0,0.0,12.0,79.75,0.25,103.25,0.0,0.0,17.5,997.0,NA
2026-02-17 08:00:00,255.0,360.0,12.25,41.0,31.5,28.5,15.75,1.0,5.0,3.0,5.0,NA,1.0,1.0,0.0,13.25,71.75,1.5,101.75,0.0,0.0,90.5,996.5,NA
2026-02-17 09:00:00,267.0,379.0,6.25,32.5,22.25,29.75,22.0,1.0,12.25,3.0,5.0,NA,1.0,1.0,0.0,15.25,61.25,2.75,99.0,0.0,0.0,222.25,995.5,NA
2026-02-17 10:00:00,240.0,368.0,5.5,31.25,21.0,30.75,22.0,1.0,24.5,2.5,4.75,NA,0.5,1.0,0.0,17.0,54.5,2.5,103.5,0.0,0.0,345.75,992.5,NA
2026-02-17 11:00:00,240.0,434.0,3.5,28.25,18.25,29.75,21.0,0.75,55.25,2.0,4.0,NA,0.0,1.0,0.0,18.75,46.25,2.5,120.5,0.0,0.0,441.75,989.25,NA
2026-02-17 12:00:00,108.0,262.0,1.75,15.0,10.0,28.5,15.5,0.0,84.5,2.5,3.5,NA,0.0,0.25,0.0,20.25,40.25,3.0,143.25,0.0,0.0,464.5,986.25,NA
2026-02-17 13:00:00,58.0,157.0,0.5,10.5,6.25,27.0,12.0,0.0,102.75,2.0,3.0,NA,0.0,0.0,0.0,21.5,36.5,1.75,154.0,0.0,0.0,485.5,983.25,NA
2026-02-17 14:00:00,46.0,130.0,1.25,7.25,5.0,27.75,10.25,0.0,103.0,1.5,2.25,NA,0.0,0.0,0.0,21.5,35.25,2.0,178.0,0.0,0.0,250.0,982.5,NA
2026-02-17 15:00:00,29.0,110.0,1.25,11.25,7.25,28.25,13.5,0.0,113.5,1.25,2.5,NA,0.0,0.25,0.0,20.5,39.75,2.25,116.25,0.0,0.0,281.25,985.25,NA
2026-02-17 16:00:00,59.0,184.0,0.75,12.25,7.0,30.25,13.25,0.0,95.75,2.0,4.0,NA,0.0,1.0,0.0,18.75,46.5,2.0,115.5,0.0,0.0,85.75,990.75,NA
2026-02-17 17:00:00,78.0,221.0,0.75,14.25,8.25,32.75,13.5,0.0,71.0,2.0,4.0,NA,0.0,1.0,0.0,17.75,52.75,1.75,108.0,0.0,0.0,33.75,993.5,NA
2026-02-17 18:00:00,96.0,238.0,0.75,19.25,11.0,35.5,14.5,0.0,51.75,2.0,3.75,NA,0.0,0.75,0.0,16.5,58.25,1.5,103.75,0.0,0.0,8.25,994.75,NA
2026-02-17 19:00:00,138.0,294.0,1.0,27.75,15.75,36.0,15.0,1.0,25.0,2.0,3.0,NA,0.0,1.0,0.0,15.25,65.0,0.0,115.5,0.0,0.0,5.0,995.75,NA
2026-02-17 20:00:00,211.0,378.0,1.5,38.0,22.0,37.25,14.5,1.0,8.75,2.75,6.5,NA,0.75,1.5,0.0,14.5,71.5,0.0,135.75,0.0,0.0,5.0,996.0,NA
2026-02-17 21:00:00,202.0,436.0,15.25,54.0,41.0,32.5,13.5,1.75,3.5,3.25,28.5,NA,1.25,2.0,0.0,14.0,75.5,0.0,158.75,0.0,0.0,5.0,996.0,NA
2026-02-17 22:00:00,241.0,504.0,32.5,59.5,58.5,36.25,12.75,2.0,3.5,13.25,35.5,NA,2.25,3.0,0.75,13.75,78.75,0.0,164.0,0.0,0.0,5.0,997.0,NA
2026-02-17 23:00:00,205.0,412.0,34.25,54.75,56.75,38.0,11.25,2.0,4.0,12.75,29.25,NA,2.75,4.0,1.0,13.0,81.25,0.0,170.25,0.0,0.0,5.0,997.0,NA
2026-02-18 00:00:00,178.0,349.0,79.5,45.75,89.5,39.0,10.0,2.0,4.0,9.0,25.0,NA,3.25,4.25,1.0,13.0,83.75,0.0,178.0,0.0,0.0,5.25,997.0,NA
2026-02-18 01:00:00,218.0,394.0,56.25,45.0,70.0,40.25,9.75,1.0,4.0,14.75,32.0,NA,4.0,7.0,2.25,13.0,83.75,0.0,139.75,0.0,0.0,5.25,997.0,NA
2026-02-18 02:00:00,235.0,398.0,41.0,43.0,57.0,42.0,9.0,1.0,3.75,20.75,32.0,NA,3.75,6.75,2.0,13.0,83.75,0.0,221.0,0.0,0.0,5.25,997.0,NA
2026-02-18 03:00:00,344.0,482.0,51.5,31.5,58.75,40.25,10.0,1.0,3.5,14.25,20.5,NA,3.5,4.25,1.0,13.0,85.0,0.0,258.0,0.0,0.0,5.0,997.0,NA
2026-02-18 04:00:00,226.0,345.0,50.0,30.5,57.0,36.75,10.75,1.0,4.25,17.75,40.75,NA,7.0,8.75,2.5,13.0,85.0,0.0,203.75,0.0,0.0,5.0,997.0,NA
2026-02-18 05:00:00,228.0,350.0,34.75,35.5,47.25,36.75,10.75,1.0,3.25,11.25,46.25,NA,6.75,9.0,3.0,13.0,83.0,0.75,231.0,0.0,0.0,5.0,996.75,NA
2026-02-18 06:00:00,208.0,322.0,4.5,18.25,13.5,32.5,11.75,0.25,5.0,5.0,31.0,NA,3.75,5.25,1.5,14.0,76.75,3.25,163.25,0.0,0.0,5.0,996.0,NA
2026-02-18 07:00:00,125.0,193.0,2.25,14.0,9.25,33.25,13.0,0.0,9.5,3.5,22.0,NA,2.5,3.5,1.0,14.0,73.5,3.0,93.25,0.0,0.0,7.0,996.0,NA
2026-02-18 08:00:00,88.0,140.0,1.5,14.0,9.0,32.5,11.5,0.0,10.75,2.0,14.5,NA,1.75,1.5,0.5,13.5,75.5,1.25,135.25,0.25,1.0,11.75,996.5,NA
2026-02-18 09:00:00,75.0,105.0,1.5,15.25,9.25,34.25,8.75,0.0,8.5,1.25,10.0,NA,1.0,2.0,0.0,13.0,80.25,2.0,163.5,0.0,0.0,30.25,996.75,NA
2026-02-18 10:00:00,68.0,95.0,1.75,12.5,8.5,35.5,9.0,0.0,13.0,1.0,8.0,NA,1.0,1.25,0.0,14.0,73.0,0.5,201.5,0.0,0.0,101.25,996.0,NA
2026-02-18 11:00:00,68.0,84.0,1.5,12.0,8.25,35.5,9.75,0.0,14.75,1.0,8.0,NA,1.0,1.0,0.0,15.0,66.0,1.75,176.5,0.0,0.0,179.0,995.25,NA
2026-02-18 12:00:00,59.0,102.0,0.5,10.5,6.0,33.75,10.25,0.0,19.0,0.5,13.75,NA,1.0,1.25,0.0,15.25,64.0,1.25,172.0,0.0,0.0,58.5,995.25,NA
2026-02-18 13:00:00,52.0,97.0,1.0,9.0,6.0,32.0,8.5,0.0,14.75,0.0,16.25,NA,1.0,1.25,0.0,13.25,82.25,3.25,199.75,0.0,0.0,25.75,996.5,NA
2026-02-18 14:00:00,41.0,48.0,0.75,9.5,6.0,36.0,8.0,0.0,24.0,0.0,13.0,NA,1.0,1.25,0.0,13.0,83.0,3.75,184.25,0.0,0.0,55.5,996.75,NA
2026-02-18 15:00:00,41.0,59.0,1.0,10.0,6.25,37.25,8.0,0.0,28.0,0.0,19.75,NA,1.0,2.0,0.0,13.25,80.25,1.5,176.25,0.0,0.0,65.0,996.0,NA
2026-02-18 16:00:00,25.0,47.0,1.75,15.25,9.5,36.5,7.0,0.0,20.5,0.0,20.0,NA,1.0,1.5,0.0,14.0,79.75,0.5,134.75,0.0,0.0,51.75,996.0,NA
2026-02-18 17:00:00,35.0,52.0,1.75,23.5,14.25,38.75,7.0,0.25,13.0,0.0,14.75,NA,0.75,1.0,0.0,14.0,80.25,1.25,188.75,0.0,0.0,34.25,996.0,NA
2026-02-18 18:00:00,58.0,83.0,3.0,37.25,22.25,40.75,6.75,1.0,7.0,0.0,12.25,NA,1.0,1.25,0.0,13.5,82.25,1.5,203.75,0.0,0.0,8.75,996.0,NA
2026-02-18 19:00:00,81.0,105.0,8.25,35.75,25.75,42.25,6.0,1.5,3.0,0.0,13.25,NA,1.0,2.0,0.0,13.0,86.0,0.25,215.5,0.0,0.0,5.25,997.0,NA
2026-02-18 20:00:00,119.0,163.0,9.25,40.75,29.25,40.5,7.0,1.25,2.5,1.0,14.0,NA,1.75,2.0,0.0,13.0,84.75,0.75,129.5,0.0,0.0,5.0,997.0,NA
2026-02-18 21:00:00,111.0,155.0,12.25,41.25,32.25,37.75,7.0,1.0,2.75,3.0,19.75,NA,2.0,2.0,0.5,13.0,85.5,0.0,212.0,0.0,0.0,5.0,997.0,NA
2026-02-18 22:00:00,149.0,224.0,24.75,36.75,39.75,35.75,7.0,1.0,2.75,6.0,22.5,NA,2.0,2.25,1.0,12.25,86.75,0.0,144.75,0.0,0.0,5.0,997.0,NA
2026-02-18 23:00:00,103.0,194.0,28.25,31.25,39.5,36.75,7.0,1.0,3.0,4.5,22.0,NA,2.25,4.0,1.25,12.0,88.25,0.5,196.75,0.0,0.0,5.0,997.0,NA
2026-02-19 00:00:00,90.0,164.0,27.25,29.0,37.75,39.0,7.33,1.0,2.75,3.25,27.25,NA,3.0,5.25,2.0,12.0,88.75,0.25,218.75,0.0,0.0,5.25,997.0,NA
2026-02-19 01:00:00,101.0,169.0,39.75,24.0,45.5,39.75,7.25,1.0,3.0,3.0,30.5,NA,3.25,6.0,2.0,12.0,89.75,0.0,184.25,0.0,0.0,5.25,997.0,NA
2026-02-19 02:00:00,111.0,179.0,49.0,18.0,50.0,44.0,7.0,1.0,5.25,3.25,32.75,NA,4.0,4.75,2.0,12.0,90.5,0.0,198.25,0.0,0.0,5.0,997.0,NA
2026-02-19 03:00:00,135.0,202.0,29.5,19.0,34.25,39.5,7.0,1.0,6.0,4.0,32.5,NA,4.0,5.75,2.0,11.0,92.0,0.0,191.25,0.0,0.0,5.25,997.0,NA
2026-02-19 04:00:00,116.0,168.0,32.25,18.25,36.0,37.0,7.75,1.0,5.0,4.0,31.75,NA,4.0,5.5,1.75,11.0,93.25,0.0,172.75,0.0,0.0,5.0,997.0,NA
2026-02-19 05:00:00,132.0,164.0,16.75,16.5,22.75,35.0,7.25,1.0,4.25,4.0,29.0,NA,3.5,3.5,1.0,11.0,94.0,0.0,193.0,0.0,0.0,5.0,997.0,NA
2026-02-19 06:00:00,119.0,151.0,29.75,15.5,32.75,32.25,7.25,1.0,4.5,4.0,25.0,NA,3.0,4.0,1.0,11.0,94.0,0.0,171.25,0.0,0.0,5.25,997.0,NA
2026-02-19 07:00:00,114.0,177.0,42.25,17.0,43.5,32.25,7.5,1.0,4.75,3.75,25.25,NA,2.5,3.25,1.0,11.0,94.0,0.0,156.25,0.0,0.0,19.25,997.0,NA
2026-02-19 08:00:00,116.0,160.0,50.75,26.5,55.5,35.75,8.0,1.0,5.25,3.0,25.25,NA,2.0,3.0,1.0,12.5,91.75,0.0,227.75,0.0,0.0,97.75,997.0,NA
2026-02-19 09:00:00,135.0,208.0,26.5,52.0,49.5,39.5,8.75,1.0,6.25,2.25,25.0,NA,2.0,3.0,1.0,14.5,78.75,0.5,214.5,0.0,0.0,220.0,996.0,NA
2026-02-19 10:00:00,185.0,239.0,11.25,36.75,29.25,39.75,14.75,0.75,13.0,2.0,23.25,NA,2.0,3.0,1.0,16.5,62.75,0.75,198.25,0.0,0.0,346.0,993.5,NA
2026-02-19 11:00:00,129.0,161.0,5.0,26.25,18.0,37.75,23.75,0.25,30.0,1.5,18.25,NA,1.5,2.25,0.5,18.25,53.5,0.5,180.0,0.0,0.0,389.0,990.25,NA
2026-02-19 12:00:00,155.0,194.0,2.0,21.0,13.0,37.75,20.5,0.0,47.75,1.0,16.75,NA,1.0,2.0,0.0,18.5,51.75,1.5,176.25,0.0,0.0,405.25,990.0,NA
2026-02-19 13:00:00,111.0,156.0,0.25,12.75,7.0,36.5,17.0,0.0,65.25,3.0,40.0,NA,2.75,4.0,1.0,19.0,48.75,1.75,187.5,0.0,0.0,426.75,988.75,NA
2026-02-19 14:00:00,88.0,129.0,0.75,11.25,7.0,33.75,14.5,0.0,75.5,2.0,39.0,NA,2.0,3.5,1.0,19.0,49.0,2.0,207.25,0.0,0.0,245.0,988.25,NA
2026-02-19 15:00:00,79.0,110.0,0.5,9.75,5.5,33.0,12.75,0.0,76.0,2.0,34.5,NA,2.0,3.0,0.0,18.5,50.75,1.75,223.0,0.0,0.0,230.25,988.75,NA
2026-02-19 16:00:00,73.0,108.0,0.5,8.25,5.25,34.25,13.0,0.0,69.25,0.75,18.0,NA,0.75,1.5,0.0,17.25,57.5,3.5,199.5,0.0,0.0,86.25,993.25,NA
2026-02-19 17:00:00,57.0,111.0,0.75,11.0,6.75,35.5,17.75,0.0,49.0,1.0,23.25,NA,1.0,2.0,0.0,16.25,63.75,1.5,229.25,0.0,0.0,37.75,994.75,NA
2026-02-19 18:00:00,67.0,108.0,1.0,14.25,8.5,38.0,14.75,0.0,32.75,1.0,16.75,NA,1.0,1.75,0.0,15.25,71.0,0.75,251.25,0.0,0.0,9.25,995.75,NA
2026-02-19 19:00:00,69.0,123.0,1.5,22.75,13.0,39.5,12.5,0.0,20.25,0.25,16.5,NA,1.0,2.0,0.0,14.25,77.75,1.0,227.75,0.0,0.0,5.25,996.0,NA
2026-02-19 20:00:00,114.0,184.0,1.75,25.75,15.25,39.0,11.0,0.0,12.5,1.0,26.5,NA,1.0,3.0,0.5,14.0,81.5,0.75,255.0,0.0,0.0,5.0,996.0,NA
2026-02-19 21:00:00,100.0,158.0,2.0,24.25,14.5,37.25,10.0,0.0,8.25,1.0,26.5,NA,1.0,3.0,1.0,13.25,85.25,0.0,262.5,0.0,0.0,5.0,996.5,NA
2026-02-19 22:00:00,90.0,144.0,2.5,24.5,15.25,35.75,9.5,0.25,4.75,1.0,19.0,NA,1.25,3.5,1.0,13.0,88.0,0.0,269.75,0.0,0.0,5.0,997.0,NA
2026-02-19 23:00:00,90.0,168.0,15.75,28.0,28.0,36.0,9.0,1.0,2.0,0.5,12.75,NA,1.25,3.0,0.5,13.0,89.5,0.0,261.75,0.0,0.0,5.0,997.0,NA
2026-02-20 00:00:00,97.0,204.0,7.75,23.25,19.0,37.5,8.67,1.0,2.25,0.0,7.75,NA,0.5,1.75,0.0,13.0,90.25,0.0,255.5,0.0,0.0,5.0,997.0,NA
2026-02-20 01:00:00,96.0,167.0,6.5,21.0,16.5,37.25,6.5,0.5,3.0,0.0,8.0,NA,0.5,1.25,0.0,12.0,91.0,0.0,162.0,0.0,0.0,5.0,997.0,NA
2026-02-20 02:00:00,80.0,132.0,4.0,17.0,13.0,40.0,6.0,0.0,3.5,0.0,7.25,NA,1.0,2.0,0.0,12.0,91.75,0.0,236.0,0.0,0.0,5.25,997.0,NA
2026-02-20 03:00:00,100.0,128.0,6.25,20.0,16.0,38.25,6.25,0.0,3.25,0.0,6.5,NA,1.0,1.5,0.0,12.0,93.5,0.0,226.0,0.0,0.0,6.0,997.0,NA
2026-02-20 04:00:00,205.0,266.0,17.25,30.75,30.5,35.25,6.0,0.0,3.25,0.0,6.0,NA,1.0,1.0,0.0,12.0,94.0,0.0,238.0,0.0,0.0,5.25,997.0,NA
2026-02-20 05:00:00,117.0,160.0,20.0,28.5,31.5,34.5,6.5,0.0,3.0,0.0,6.0,NA,1.0,1.0,0.0,12.0,94.0,0.0,228.0,0.0,0.0,5.0,997.0,NA
2026-02-20 06:00:00,100.0,133.0,28.5,29.0,39.0,30.75,7.0,0.25,2.5,0.0,6.0,NA,0.75,1.0,0.0,11.25,94.0,0.0,219.75,0.0,0.0,5.25,997.0,NA
2026-02-20 07:00:00,111.0,141.0,20.5,15.5,25.0,31.5,7.0,0.75,2.0,0.0,5.0,NA,0.0,1.0,0.0,11.0,94.75,0.0,202.5,0.0,0.0,19.0,997.0,NA
2026-02-20 08:00:00,113.0,155.0,16.75,19.75,24.5,32.75,7.75,1.0,3.75,0.0,3.75,NA,0.0,0.25,0.0,12.75,93.25,0.0,211.0,0.0,0.0,95.25,996.75,NA
2026-02-20 09:00:00,106.0,132.0,9.0,27.75,22.5,37.0,9.25,1.0,6.25,0.0,3.0,NA,0.0,0.0,0.0,14.75,83.75,0.0,247.75,0.0,0.0,228.75,995.75,NA
2026-02-20 10:00:00,117.0,178.0,7.25,24.75,19.0,39.75,24.5,0.5,15.75,0.0,2.5,NA,0.0,0.5,0.0,17.75,61.5,0.75,216.5,0.0,0.0,359.0,992.25,NA
2026-02-20 11:00:00,118.0,186.0,3.5,16.0,11.5,38.75,40.25,0.0,33.75,0.0,5.75,NA,0.0,0.75,0.0,19.5,51.0,1.0,217.25,0.0,0.0,451.25,987.75,NA
2026-02-20 12:00:00,84.0,112.0,1.0,7.75,4.75,37.5,28.25,0.0,52.75,0.0,4.25,NA,0.0,0.0,0.0,19.75,49.0,1.25,209.75,0.0,0.0,477.0,986.25,NA
2026-02-20 13:00:00,77.0,101.0,1.0,5.25,4.0,36.0,24.25,0.0,57.0,0.0,2.75,NA,0.0,0.0,0.0,20.75,46.5,2.0,223.75,0.0,0.0,484.5,984.25,NA
2026-02-20 14:00:00,69.0,72.0,1.25,3.0,3.0,34.5,14.5,0.0,64.5,0.0,1.75,NA,0.0,0.0,0.0,20.5,45.0,1.75,219.5,0.0,0.0,221.75,984.75,NA
2026-02-20 15:00:00,58.0,94.25,0.75,3.25,2.5,32.0,11.0,0.0,69.5,0.0,1.0,NA,0.0,0.0,0.0,19.25,48.0,1.5,236.25,0.0,0.0,263.75,986.5,NA
2026-02-20 16:00:00,50.0,99.0,1.0,4.75,3.75,30.0,10.0,0.0,64.25,0.0,1.0,NA,0.0,0.0,0.0,18.0,54.25,1.75,215.75,0.0,0.0,75.5,991.75,NA
2026-02-20 17:00:00,46.0,108.0,2.0,4.75,4.5,31.0,9.5,0.0,53.75,0.0,1.0,NA,0.0,0.0,0.0,16.75,59.25,1.25,242.75,0.0,0.0,32.0,994.25,NA
2026-02-20 18:00:00,35.0,130.0,1.67,17.67,10.33,30.33,8.0,0.0,28.33,0.0,1.0,NA,0.0,0.0,0.0,15.5,68.25,0.0,223.25,0.0,0.0,9.5,995.5,NA
2026-02-20 19:00:00,62.0,173.0,2.0,26.75,16.25,33.75,7.75,0.25,18.0,0.0,2.5,NA,0.0,0.0,0.0,14.0,79.25,0.0,226.25,0.0,0.0,5.0,996.25,NA
2026-02-20 20:00:00,80.0,212.0,2.75,31.0,19.25,34.5,7.0,0.75,10.0,0.0,2.0,NA,0.0,0.0,0.0,13.25,83.5,0.0,248.0,0.0,0.0,5.5,997.0,NA
2026-02-20 21:00:00,86.0,221.0,3.25,31.5,19.75,34.5,7.0,1.0,6.25,0.0,2.0,NA,0.0,0.25,0.0,13.0,86.25,0.0,256.25,0.0,0.0,5.0,997.0,NA
2026-02-20 22:00:00,91.0,195.0,4.25,30.0,19.75,33.5,7.25,1.0,5.5,0.0,2.0,NA,0.0,1.0,0.0,13.0,88.0,0.0,229.0,0.0,0.0,5.0,997.0,NA
2026-02-20 23:00:00,97.0,199.0,3.0,25.25,16.0,32.75,7.5,1.0,5.75,0.0,2.0,NA,0.0,1.0,0.0,12.5,89.0,0.0,228.5,0.0,0.0,5.0,997.0,NA
2026-02-21 00:00:00,112.0,210.0,4.0,26.0,17.25,32.0,8.33,1.0,3.75,0.0,1.5,NA,0.0,0.25,0.0,12.0,89.75,0.0,245.5,0.0,0.0,5.0,997.0,NA
2026-02-21 01:00:00,135.0,228.0,3.5,23.5,15.25,33.5,7.75,1.0,4.0,0.0,1.0,NA,0.0,0.0,0.0,12.0,90.5,0.0,224.0,0.0,0.0,5.25,997.0,NA
2026-02-21 02:00:00,124.0,218.0,3.0,26.0,16.0,36.0,7.0,1.0,3.25,0.0,1.0,NA,0.0,0.0,0.0,12.0,91.0,0.0,220.75,0.0,0.0,5.75,997.0,NA
2026-02-21 03:00:00,144.0,235.0,5.0,23.5,16.75,33.25,6.75,1.0,3.0,0.0,1.0,NA,0.0,0.0,0.0,12.0,93.0,0.0,208.75,0.0,0.0,5.5,997.0,NA
2026-02-21 04:00:00,157.0,242.0,3.25,22.75,15.0,31.25,7.0,0.5,4.25,0.0,1.25,NA,0.0,0.0,0.0,12.0,94.0,0.0,217.5,0.0,0.0,6.0,997.0,NA
2026-02-21 05:00:00,163.0,263.0,3.5,21.75,14.5,32.5,6.5,0.0,4.25,0.0,2.5,NA,0.0,0.0,0.0,12.0,95.0,0.0,213.75,0.0,0.0,5.0,997.0,NA
2026-02-21 06:00:00,127.0,226.0,9.0,22.5,19.75,30.75,7.25,0.25,2.5,0.0,4.0,NA,0.0,0.0,0.0,12.0,95.0,0.0,211.5,0.0,0.0,5.25,997.0,NA
2026-02-21 07:00:00,134.0,228.0,15.25,21.0,23.75,29.25,7.0,1.0,2.75,0.0,4.0,NA,0.0,0.0,0.0,12.0,95.0,0.0,212.0,0.0,0.0,19.25,997.0,NA
2026-02-21 08:00:00,124.0,218.0,9.5,19.75,18.5,29.5,7.25,1.0,5.75,0.0,3.5,NA,0.0,0.0,0.0,12.5,93.0,0.5,223.5,0.0,0.0,93.5,997.0,NA
2026-02-21 09:00:00,107.0,210.0,7.25,24.25,19.0,31.75,9.0,1.0,13.0,0.0,3.0,NA,0.0,0.0,0.0,14.25,85.0,1.0,234.25,0.0,0.0,211.75,996.25,NA
2026-02-21 10:00:00,138.0,231.0,3.25,12.0,9.5,36.0,13.25,1.0,27.5,0.0,2.0,NA,0.0,0.0,0.0,17.25,66.75,1.5,237.75,0.0,0.0,349.75,993.5,NA
2026-02-21 11:00:00,118.0,232.0,1.5,8.5,6.0,37.5,18.5,0.5,39.0,0.0,0.75,NA,0.0,0.0,0.0,19.0,55.5,2.0,223.25,0.0,0.0,436.75,989.25,NA
2026-02-21 12:00:00,135.0,218.0,1.5,7.25,5.0,34.75,20.0,0.0,65.0,0.0,0.0,NA,0.0,0.0,0.0,19.25,51.5,1.75,223.25,0.0,0.0,453.0,987.25,NA
2026-02-21 13:00:00,117.0,185.0,2.0,7.75,5.75,37.75,17.5,0.0,83.5,0.0,0.0,NA,0.0,0.0,0.0,20.0,48.25,2.75,218.75,0.0,0.0,470.25,986.5,NA
2026-02-21 14:00:00,103.0,181.0,1.75,5.75,5.0,34.25,16.25,0.0,87.0,0.0,0.0,NA,0.0,0.0,0.0,20.0,43.0,2.25,225.25,0.0,0.0,194.25,985.25,NA
2026-02-21 15:00:00,72.0,131.0,1.0,5.0,4.0,27.5,11.5,0.0,86.75,0.0,0.0,NA,0.0,0.0,0.0,19.0,44.0,2.25,232.25,0.0,0.0,265.5,986.75,NA
2026-02-21 16:00:00,48.0,115.0,2.0,5.25,4.25,23.5,11.0,0.0,89.5,0.0,0.0,NA,0.0,0.0,0.0,17.75,48.0,1.75,228.5,0.0,0.0,73.0,992.25,NA
2026-02-21 17:00:00,57.0,127.0,1.75,10.25,6.75,24.5,12.75,0.0,77.25,0.0,0.0,NA,0.0,0.0,0.0,16.75,54.5,0.75,225.5,0.0,0.0,29.75,994.5,NA
2026-02-21 18:00:00,78.0,163.0,1.5,23.25,14.0,26.75,16.25,0.0,48.75,0.0,0.25,NA,0.0,0.0,0.0,15.0,65.75,0.0,277.0,0.0,0.0,9.5,995.75,NA
2026-02-21 19:00:00,102.0,224.0,1.75,36.0,20.5,30.25,13.0,1.0,33.5,0.0,0.25,NA,0.0,0.0,0.0,13.75,75.5,0.0,257.75,0.0,0.0,5.0,996.5,NA
2026-02-21 20:00:00,140.0,269.0,3.0,46.75,27.0,30.25,10.5,1.0,18.25,0.0,2.5,NA,0.25,1.0,0.0,13.0,81.25,0.0,244.75,0.0,0.0,5.75,997.0,NA
2026-02-21 21:00:00,194.0,329.0,5.75,50.75,31.75,31.25,9.0,1.0,7.75,0.0,2.5,NA,0.25,1.25,0.0,13.0,84.5,0.0,249.0,0.0,0.0,5.0,997.0,NA
2026-02-21 22:00:00,188.0,320.0,3.0,32.75,20.25,31.5,8.0,1.0,15.0,0.0,2.5,NA,0.25,1.5,0.0,12.75,87.0,0.0,272.0,0.0,0.0,5.0,997.0,NA
2026-02-21 23:00:00,155.0,257.0,2.5,36.25,21.25,28.75,8.0,1.0,11.75,0.25,3.75,NA,0.5,2.5,0.25,12.0,88.25,0.0,261.0,0.0,0.0,5.0,997.0,NA
2026-02-22 00:00:00,182.0,346.0,3.25,39.75,23.75,28.5,7.33,1.0,7.5,1.0,9.25,NA,1.0,4.0,1.0,12.0,89.0,0.0,232.0,0.0,0.0,5.0,997.0,NA
2026-02-22 01:00:00,442.0,587.0,2.75,24.25,15.0,28.75,7.0,0.75,9.0,1.0,9.75,NA,1.75,4.0,1.0,12.0,90.0,0.0,223.25,0.0,0.0,5.0,997.0,NA
2026-02-22 02:00:00,147.0,221.0,1.0,20.0,12.0,29.0,7.0,1.0,12.0,1.0,9.0,NA,1.25,3.25,1.0,12.0,91.0,0.0,220.25,0.0,0.0,5.0,997.0,NA
2026-02-22 03:00:00,135.0,229.0,3.5,30.0,19.0,30.75,5.25,1.0,5.75,1.0,11.75,NA,1.0,2.25,0.75,12.0,91.5,0.0,212.0,0.0,0.0,5.25,997.0,NA
2026-02-22 04:00:00,146.0,268.0,20.25,29.0,32.0,29.25,5.0,1.0,3.0,1.0,17.25,NA,1.0,2.0,0.0,11.25,93.75,0.0,208.75,0.0,0.0,5.5,997.0,NA
2026-02-22 05:00:00,178.0,294.0,19.75,30.25,32.25,29.0,5.0,1.0,3.0,1.0,19.75,NA,1.0,2.0,0.0,11.0,94.25,0.0,203.5,0.0,0.0,5.25,997.0,NA
2026-02-22 06:00:00,153.0,256.0,17.5,30.25,30.25,28.5,4.25,1.0,2.5,1.0,19.0,NA,1.0,1.5,0.0,11.0,95.0,0.25,206.75,0.0,0.0,5.25,997.0,NA
2026-02-22 07:00:00,132.0,208.0,16.25,30.5,29.5,28.0,5.25,1.0,3.25,0.75,12.5,NA,1.0,0.75,0.0,11.25,94.75,0.0,202.25,0.0,0.0,22.0,997.0,NA
2026-02-22 08:00:00,139.0,219.0,15.25,29.5,28.0,28.25,5.5,1.0,7.25,1.0,12.5,NA,1.0,0.75,0.0,13.0,90.5,0.5,208.75,0.0,0.0,125.5,997.0,NA
2026-02-22 09:00:00,130.0,217.0,6.25,27.0,19.75,30.75,6.75,1.0,18.25,0.5,8.25,NA,0.5,0.5,0.0,15.5,75.5,0.75,217.5,0.0,0.0,256.5,995.25,NA
2026-02-22 10:00:00,130.0,207.0,3.33,13.67,10.33,32.0,10.0,0.0,37.33,0.0,3.67,NA,0.0,0.0,0.0,19.0,55.67,1.0,230.33,0.0,0.0,400.67,991.0,NA
2026-02-22 11:00:00,108.0,180.0,2.0,9.5,6.5,30.5,11.0,0.0,59.75,0.0,2.5,NA,0.0,0.0,0.0,20.0,47.5,0.75,216.0,0.0,0.0,494.75,986.25,NA
2026-02-22 12:00:00,72.0,151.0,2.0,7.5,5.5,29.5,11.0,0.0,77.5,0.0,3.5,NA,0.0,0.0,0.0,20.75,43.75,1.25,213.25,0.0,0.0,504.5,984.25,NA
2026-02-22 13:00:00,75.0,137.0,1.25,8.75,5.75,29.75,11.0,0.0,96.75,0.0,3.0,NA,0.0,0.0,0.0,20.75,41.75,2.0,220.0,0.0,0.0,496.5,983.5,NA
2026-02-22 14:00:00,68.0,136.0,1.25,7.75,5.0,27.0,10.5,0.0,102.5,0.0,2.5,NA,0.0,0.0,0.0,21.0,39.25,1.25,219.5,0.0,0.0,177.75,983.25,NA
2026-02-22 15:00:00,52.0,110.0,1.0,6.75,4.75,26.25,10.5,0.0,106.25,0.0,2.0,NA,0.0,0.0,0.0,19.5,42.0,1.0,227.25,0.0,0.0,252.25,984.5,NA
2026-02-22 16:00:00,67.0,119.0,1.25,6.5,4.5,24.75,10.0,0.0,111.25,0.0,2.0,NA,0.0,0.0,0.0,18.25,46.75,1.0,216.25,0.0,0.0,78.5,991.0,NA
2026-02-22 17:00:00,57.0,113.0,1.25,7.0,5.0,24.5,9.5,0.0,100.5,0.0,2.0,NA,0.0,0.0,0.0,17.5,50.75,0.25,247.0,0.0,0.0,31.25,994.0,NA
2026-02-22 18:00:00,55.0,141.0,2.0,20.75,12.75,24.5,8.0,0.25,58.75,0.0,3.0,NA,0.0,0.0,0.0,15.5,62.0,0.0,259.0,0.0,0.0,9.5,995.5,NA
2026-02-22 19:00:00,88.0,251.0,2.25,42.25,24.75,26.75,7.5,1.0,29.0,0.0,11.75,NA,0.0,0.5,0.0,14.25,71.5,0.0,253.75,0.0,0.0,5.25,996.25,NA
2026-02-22 20:00:00,122.0,340.0,3.25,57.0,33.0,27.5,7.0,1.5,14.5,0.0,24.75,NA,0.75,3.75,0.75,13.25,76.25,0.0,252.0,0.0,0.0,5.0,997.0,NA
2026-02-22 21:00:00,173.0,348.0,3.0,44.25,26.25,30.25,7.5,1.0,16.0,0.0,29.0,NA,1.75,4.75,1.25,13.0,79.0,0.0,127.5,0.0,0.0,5.0,997.0,NA
2026-02-22 22:00:00,189.0,362.0,12.25,53.25,38.25,28.75,7.0,2.0,5.0,0.5,46.75,NA,3.75,9.5,2.5,13.0,82.25,0.0,13.0,0.0,0.0,5.0,997.0,NA
2026-02-22 23:00:00,221.0,403.0,41.0,54.5,62.5,29.0,7.25,1.5,4.25,2.0,45.25,NA,4.5,9.5,2.5,12.0,85.5,0.0,17.25,0.0,0.0,5.0,997.0,NA
2026-02-23 00:00:00,228.0,361.0,11.75,44.75,33.5,28.25,7.0,1.0,5.0,2.75,39.0,NA,4.0,3.75,2.0,12.0,86.75,0.0,25.5,0.0,0.0,5.0,997.0,NA
2026-02-23 01:00:00,186.0,303.0,66.25,41.5,76.0,28.5,7.0,1.0,4.0,2.25,33.25,NA,3.25,4.5,1.75,12.0,87.75,0.0,33.0,0.0,0.0,5.0,997.0,NA
2026-02-23 02:00:00,162.0,308.0,59.0,34.0,66.0,29.0,7.0,1.0,4.25,3.0,31.5,NA,3.0,5.25,1.0,12.0,89.25,0.0,33.0,0.0,0.0,5.0,997.0,NA
2026-02-23 03:00:00,195.0,319.0,39.5,33.0,49.75,27.75,5.75,1.0,4.0,2.25,31.0,NA,3.25,5.0,1.0,12.0,90.0,0.0,183.25,0.0,0.0,5.0,997.0,NA
2026-02-23 04:00:00,145.0,280.0,14.25,33.5,29.5,26.5,4.5,1.0,3.25,1.5,28.75,NA,3.0,4.75,1.0,11.0,90.5,0.0,236.5,0.0,0.0,5.25,997.0,NA
2026-02-23 05:00:00,147.0,245.0,8.33,30.0,23.25,25.5,4.75,1.0,3.25,1.0,20.5,NA,2.5,3.25,1.0,11.0,92.5,0.0,225.5,0.0,0.0,5.5,997.0,NA
2026-02-23 06:00:00,240.0,397.0,10.0,29.0,23.75,26.25,5.75,1.0,3.0,1.0,13.75,NA,1.5,2.0,0.25,11.0,94.0,0.0,212.25,0.0,0.0,5.5,997.0,NA
2026-02-23 07:00:00,216.0,348.0,41.0,23.25,45.75,27.0,5.25,1.0,3.5,1.0,11.75,NA,1.0,1.0,0.0,11.25,94.0,0.0,257.5,0.0,0.0,20.75,997.0,NA
2026-02-23 08:00:00,239.0,384.0,40.0,44.25,56.25,27.5,7.5,1.0,4.5,1.0,11.5,NA,1.0,1.0,0.0,13.25,88.25,0.5,221.0,0.0,0.0,122.75,996.75,NA
2026-02-23 09:00:00,195.0,309.0,11.5,39.75,30.25,28.25,15.0,1.0,9.5,1.0,10.25,NA,1.0,1.0,0.0,15.75,67.75,1.5,200.0,0.0,0.0,259.75,995.25,NA
2026-02-23 10:00:00,167.0,284.0,5.5,26.0,18.5,27.75,18.75,0.75,27.25,0.5,7.5,NA,1.0,1.0,0.0,18.5,52.5,0.5,193.75,0.0,0.0,390.5,990.25,NA
2026-02-23 11:00:00,112.0,214.0,2.25,11.5,8.0,26.25,18.75,0.0,52.0,0.0,5.5,NA,0.0,0.5,0.0,20.0,44.25,1.5,209.0,0.0,0.0,490.0,986.75,NA
2026-02-23 12:00:00,69.0,142.0,1.0,9.5,6.5,24.75,15.0,0.0,85.5,0.0,3.5,NA,0.0,0.0,0.0,20.5,42.75,2.0,216.75,0.0,0.0,501.5,985.0,NA
2026-02-23 13:00:00,62.0,141.0,1.25,9.0,5.75,23.5,12.5,0.0,96.75,0.0,2.75,NA,0.0,0.0,0.0,21.5,40.0,1.5,214.75,0.0,0.0,518.5,981.5,NA
2026-02-23 14:00:00,58.0,156.0,1.0,6.25,4.5,24.75,10.0,0.0,106.5,0.0,2.0,NA,0.0,0.0,0.0,21.0,39.25,1.5,206.25,0.0,0.0,168.75,982.25,NA
2026-02-23 15:00:00,47.0,115.0,1.0,6.5,4.5,25.5,9.5,0.0,109.75,0.0,2.0,NA,0.0,0.0,0.0,20.0,41.75,2.25,202.0,0.0,0.0,247.5,984.0,NA
2026-02-23 16:00:00,63.0,135.0,1.75,9.5,6.5,27.0,10.75,0.0,110.0,0.0,2.5,NA,0.0,0.0,0.0,18.75,44.25,2.5,200.75,0.0,0.0,73.25,991.0,NA
2026-02-23 17:00:00,69.0,152.0,1.75,7.75,5.5,25.0,9.5,0.0,99.25,0.0,4.75,NA,0.0,0.0,0.0,17.75,45.5,1.25,228.5,0.0,0.0,27.25,993.5,NA
2026-02-23 18:00:00,55.0,134.0,1.0,24.0,13.75,23.5,9.25,0.0,61.75,0.0,6.25,NA,0.0,0.0,0.0,16.0,56.0,0.0,286.25,0.0,0.0,9.75,995.5,NA
2026-02-23 19:00:00,91.0,245.0,4.5,53.25,32.25,25.75,9.25,0.75,25.25,0.0,17.25,NA,0.5,1.0,0.0,14.25,67.5,0.0,274.25,0.0,0.0,5.0,996.0,NA
2026-02-23 20:00:00,143.0,348.0,24.25,69.75,57.0,26.25,8.75,1.25,5.75,0.0,43.0,NA,1.5,2.25,0.75,14.0,74.5,0.0,261.5,0.0,0.0,5.0,996.5,NA
2026-02-23 21:00:00,157.0,469.0,39.0,65.25,66.25,26.75,7.75,1.5,6.25,0.75,61.5,NA,3.5,6.5,2.0,13.0,79.25,0.0,241.0,0.0,0.0,5.25,997.0,NA
2026-02-23 22:00:00,168.0,403.0,35.25,54.5,57.5,28.25,6.75,1.5,3.25,1.0,60.25,NA,5.0,9.0,3.0,13.0,83.25,0.0,223.75,0.0,0.0,5.25,997.0,NA
2026-02-23 23:00:00,178.0,375.0,21.0,51.25,44.5,29.5,5.75,1.0,3.75,1.0,44.0,NA,4.75,8.0,3.0,12.75,85.5,0.0,238.0,0.0,0.0,5.25,997.0,NA
2026-02-24 00:00:00,146.0,287.0,19.75,45.0,40.25,30.25,5.33,1.0,4.75,0.0,36.0,NA,4.0,8.25,3.0,12.0,87.5,0.0,238.25,0.0,0.0,5.0,997.0,NA
2026-02-24 01:00:00,208.0,335.0,6.75,44.75,29.25,29.25,4.5,0.75,4.0,0.25,33.5,NA,4.0,8.75,2.75,12.0,88.5,0.0,262.75,0.0,0.0,5.0,997.0,NA
2026-02-24 02:00:00,102.0,182.0,5.0,41.0,26.0,30.0,5.0,0.0,5.5,0.0,27.25,NA,3.75,6.5,2.0,12.0,89.0,0.0,263.0,0.0,0.0,5.0,997.0,NA
2026-02-24 03:00:00,94.0,168.0,1.75,29.5,17.5,27.25,4.75,0.0,7.75,0.0,21.5,NA,3.0,5.25,1.5,12.0,89.5,0.0,262.75,0.0,0.0,5.0,997.0,NA
2026-02-24 04:00:00,106.0,178.0,1.5,25.0,14.75,27.25,4.5,0.0,9.0,0.0,17.0,NA,3.0,4.0,1.0,12.0,90.0,0.0,239.0,0.0,0.0,5.0,997.0,NA
2026-02-24 05:00:00,92.0,165.0,10.5,43.5,32.0,25.75,4.0,0.0,5.25,0.0,11.75,NA,2.0,2.75,1.0,12.0,91.0,0.0,230.0,0.0,0.0,5.5,997.0,NA
2026-02-24 06:00:00,200.0,304.0,7.75,37.0,26.0,27.75,4.75,0.0,3.25,0.0,9.5,NA,1.25,1.5,0.25,12.0,92.0,0.0,211.5,0.0,0.0,5.75,997.0,NA
2026-02-24 07:00:00,178.0,251.0,8.0,35.5,26.0,28.25,4.25,0.75,3.75,0.0,7.0,NA,1.0,1.25,0.0,12.0,93.0,0.0,206.75,0.0,0.0,20.5,997.0,NA
2026-02-24 08:00:00,168.0,262.0,22.0,38.25,38.5,30.0,5.25,1.0,4.5,0.0,6.25,NA,1.0,0.75,0.0,13.5,88.75,0.0,221.75,0.0,0.0,108.5,996.5,NA
2026-02-24 09:00:00,180.0,272.0,9.75,35.5,27.0,29.75,8.0,0.75,11.5,0.0,7.25,NA,1.0,1.0,0.0,16.25,71.0,0.0,234.5,0.0,0.0,241.5,995.0,NA
2026-02-24 10:00:00,166.0,234.0,4.0,16.0,11.75,31.0,10.25,0.0,30.5,0.0,6.5,NA,1.0,1.0,0.0,19.0,54.25,0.25,219.0,0.0,0.0,380.0,990.25,NA
2026-02-24 11:00:00,118.0,198.0,2.0,10.5,7.25,29.25,10.0,0.0,52.25,0.0,4.75,NA,0.25,1.0,0.0,20.0,49.0,1.0,213.0,0.0,0.0,475.25,986.5,NA
2026-02-24 12:00:00,89.0,158.0,1.5,7.25,5.25,29.75,10.0,0.0,69.0,0.0,3.5,NA,0.0,0.0,0.0,21.0,47.0,1.25,230.0,0.0,0.0,496.0,983.75,NA
2026-02-24 13:00:00,80.0,158.0,0.75,6.75,4.5,29.75,8.25,0.0,87.25,0.0,2.5,NA,0.0,0.0,0.0,20.5,44.75,1.75,197.5,0.0,0.0,518.5,983.5,NA
2026-02-24 14:00:00,62.0,146.0,1.0,6.5,4.0,28.25,8.5,0.0,94.25,0.0,2.0,NA,0.0,0.0,0.0,21.25,41.75,2.25,207.75,0.0,0.0,170.5,982.5,NA
2026-02-24 15:00:00,38.0,152.0,0.75,5.75,3.75,28.5,7.0,0.0,96.5,0.0,4.0,NA,0.0,0.0,0.0,19.25,44.5,2.75,207.5,0.0,0.0,250.75,985.75,NA
2026-02-24 16:00:00,59.0,134.0,0.5,5.75,4.0,27.25,6.75,0.0,90.25,0.0,3.25,NA,0.0,0.0,0.0,18.5,48.75,2.0,230.5,0.0,0.0,76.25,990.5,NA
2026-02-24 17:00:00,59.0,140.0,1.0,7.5,5.0,28.75,6.5,0.0,87.25,0.0,1.5,NA,0.0,0.0,0.0,17.75,51.25,1.0,248.25,0.0,0.0,29.0,993.5,NA
2026-02-24 18:00:00,70.0,148.0,1.5,21.75,12.75,28.25,6.0,0.25,54.5,0.0,1.0,NA,0.0,0.0,0.0,15.75,58.25,0.0,240.0,0.0,0.0,9.5,995.5,NA
2026-02-24 19:00:00,97.0,285.0,2.25,50.0,28.75,26.25,6.25,1.0,17.5,0.0,2.5,NA,0.0,0.0,0.0,14.25,70.25,0.0,269.0,0.0,0.0,5.0,996.0,NA
2026-02-24 20:00:00,153.0,352.0,2.25,47.5,27.25,27.0,7.0,1.0,14.25,0.0,4.0,NA,0.25,1.0,0.25,14.0,79.0,0.0,264.0,0.0,0.0,5.0,996.25,NA
2026-02-24 21:00:00,140.0,337.0,3.25,49.75,29.25,30.25,7.0,1.0,12.75,0.0,9.0,NA,2.0,6.25,2.25,13.25,81.75,0.0,247.75,0.0,0.0,5.25,997.0,NA
2026-02-24 22:00:00,160.0,303.0,4.0,42.0,25.25,33.75,5.75,1.0,18.0,0.5,22.25,NA,3.5,8.5,3.0,13.0,82.0,0.0,163.0,0.0,0.0,5.25,997.0,NA
2026-02-24 23:00:00,130.0,235.0,2.5,26.5,16.0,31.25,5.0,0.75,23.25,1.0,25.75,NA,3.75,8.75,3.0,13.0,82.75,0.0,166.25,0.0,0.0,5.0,997.0,NA
2026-02-25 00:00:00,118.0,214.0,2.0,24.0,15.0,31.0,5.0,NA,22.0,1.0,25.0,NA,4.0,9.0,3.0,13.0,83.0,0.0,199.0,0.0,0.0,5.0,997.0,NA
2026-02-25 01:00:00,NA,NA,2.0,32.0,16.5,25.67,5.5,0.67,NA,0.5,22.0,NA,3.0,2.5,2.0,12.0,87.0,0.0,252.33,0.0,0.0,5.0,997.0,NA
2026-02-25 02:00:00,156.0,247.0,4.0,35.0,22.0,37.0,6.0,1.0,8.25,1.0,16.0,NA,2.25,4.5,1.0,12.0,88.5,0.0,243.5,0.0,0.0,5.0,997.0,NA
2026-02-25 03:00:00,139.0,225.0,3.25,27.75,17.5,31.25,6.25,2.0,6.5,0.75,11.5,NA,2.0,3.25,1.0,12.0,89.0,0.0,238.25,0.0,0.0,5.0,997.0,NA
2026-02-25 04:00:00,227.0,329.0,5.25,30.25,20.25,28.25,7.75,2.0,3.5,0.75,8.5,NA,1.25,2.25,0.75,11.0,89.75,0.0,249.5,0.0,0.0,5.0,997.0,NA
2026-02-25 05:00:00,372.0,495.0,7.0,30.0,21.75,27.25,9.0,2.0,3.25,0.5,7.25,NA,1.0,1.75,0.0,11.0,90.5,0.0,243.0,0.0,0.0,5.25,997.0,NA
2026-02-25 06:00:00,403.0,561.0,9.5,31.25,24.5,26.25,8.0,1.0,3.25,1.0,7.0,NA,1.0,0.75,0.0,11.0,91.0,0.0,226.0,0.0,0.0,5.5,997.0,NA
2026-02-25 07:00:00,328.0,480.0,16.25,27.75,28.0,27.25,8.0,1.0,3.25,1.0,8.0,NA,1.0,1.0,0.0,11.25,92.5,0.0,205.25,0.0,0.0,22.25,997.0,NA
2026-02-25 08:00:00,256.0,423.0,28.5,41.5,45.75,29.0,8.75,1.0,4.5,1.0,9.0,NA,1.0,1.0,0.0,13.25,86.25,0.25,226.25,0.0,0.0,126.0,996.75,NA
2026-02-25 09:00:00,204.0,331.0,11.0,36.0,28.0,29.5,12.0,NA,13.0,1.0,8.0,NA,1.0,1.0,0.0,16.5,66.25,1.0,234.25,0.0,0.0,262.0,994.5,NA
2026-02-25 10:00:00,164.0,276.0,6.0,26.75,19.5,31.5,13.0,NA,31.0,0.25,6.0,NA,0.25,0.25,0.0,19.0,56.0,0.75,210.25,0.0,0.0,384.25,990.25,NA
2026-02-25 11:00:00,144.0,257.0,3.5,20.25,13.75,33.75,14.25,0.0,62.25,0.0,4.5,NA,0.0,0.0,0.0,20.0,48.75,1.5,226.75,0.0,0.0,490.75,986.75,NA
2026-02-25 12:00:00,97.0,195.0,2.5,10.0,7.0,31.25,15.25,0.0,84.5,0.0,2.0,NA,0.0,0.0,0.0,20.75,43.5,1.75,236.0,0.0,0.0,506.25,984.0,NA
2026-02-25 13:00:00,79.0,163.0,1.75,7.0,5.5,30.25,14.75,0.0,96.75,0.0,2.0,NA,0.0,0.0,0.0,19.75,42.75,1.25,207.25,0.0,0.0,218.5,987.0,NA
2026-02-25 14:00:00,59.0,146.0,1.75,7.25,5.5,31.5,12.75,0.0,102.0,0.0,1.25,NA,0.0,0.0,0.0,20.25,41.75,1.75,216.0,0.0,0.0,135.25,987.0,NA
2026-02-25 15:00:00,59.0,143.0,1.75,7.75,6.0,30.75,12.5,0.0,108.5,0.0,1.0,NA,0.0,0.0,0.0,20.0,41.5,1.75,232.25,0.0,0.0,238.75,983.75,NA
2026-02-25 16:00:00,50.0,146.0,2.0,7.0,5.25,27.5,11.0,0.0,104.25,0.0,1.0,NA,0.0,0.0,0.0,18.5,45.0,1.0,231.75,0.0,0.0,84.75,990.5,NA
2026-02-25 17:00:00,50.0,141.0,2.0,8.5,6.25,26.75,10.0,0.0,89.75,0.0,1.0,NA,0.0,0.0,0.0,17.5,51.0,0.25,238.0,0.0,0.0,29.5,993.75,NA
2026-02-25 18:00:00,66.0,164.0,2.25,19.5,12.25,27.5,10.0,0.0,59.25,0.0,1.0,NA,0.0,0.0,0.0,15.75,59.0,0.0,272.25,0.0,0.0,10.0,995.5,NA
2026-02-25 19:00:00,83.0,250.0,2.0,41.25,23.5,28.0,10.0,1.0,29.75,0.0,2.0,NA,0.0,0.5,0.0,14.25,65.5,0.0,261.75,0.0,0.0,5.0,996.0,NA
2026-02-25 20:00:00,124.0,322.0,2.0,58.5,32.75,27.0,10.0,1.0,14.5,0.0,8.0,NA,0.0,0.75,0.0,14.0,71.25,0.0,276.5,0.0,0.0,5.0,996.25,NA
2026-02-25 21:00:00,172.0,345.0,2.75,44.75,26.0,26.0,10.0,1.0,28.75,0.0,14.0,NA,1.0,1.5,0.25,13.75,74.0,0.5,212.75,0.0,0.0,5.0,997.0,NA
2026-02-25 22:00:00,111.0,252.0,1.75,30.25,18.0,27.25,10.25,0.75,40.0,0.0,17.25,NA,1.5,3.25,1.0,14.25,70.5,1.5,73.5,0.0,0.0,5.0,996.25,NA
2026-02-25 23:00:00,111.0,243.0,2.0,23.0,13.5,31.0,10.25,0.25,39.25,0.0,20.75,NA,2.75,4.5,1.0,14.25,69.0,1.5,187.75,0.0,0.0,5.0,996.25,NA
2026-02-26 00:00:00,130.0,224.0,2.0,26.75,15.75,39.0,9.0,0.33,23.0,0.0,16.25,NA,3.0,4.0,1.0,12.5,80.0,0.0,223.25,0.0,0.0,5.0,997.0,NA
2026-02-26 01:00:00,166.0,235.0,2.0,25.25,15.5,40.25,6.5,0.0,26.0,0.0,11.75,NA,3.5,3.0,0.75,12.0,84.0,0.0,221.5,0.0,0.0,5.0,997.0,NA
2026-02-26 02:00:00,155.0,254.0,2.0,28.0,17.0,46.0,6.0,0.0,13.0,0.0,10.0,NA,3.75,3.75,0.0,12.0,86.25,0.0,215.5,0.0,0.0,5.0,997.0,NA
2026-02-26 03:00:00,211.0,331.0,1.5,25.25,14.75,32.25,6.75,0.25,17.25,1.0,11.75,NA,4.75,3.75,0.0,12.0,87.0,0.25,229.25,0.0,0.0,5.0,997.0,NA
2026-02-26 04:00:00,216.0,325.0,1.0,26.75,15.0,34.0,7.25,1.0,15.0,1.0,12.25,NA,4.25,3.25,0.0,12.0,87.25,0.0,236.5,0.0,0.0,5.0,997.0,NA
2026-02-26 05:00:00,237.0,364.0,1.75,29.25,17.5,35.25,6.75,1.0,11.5,1.0,13.75,NA,5.5,4.0,0.0,12.0,88.75,0.0,231.0,0.0,0.0,5.0,997.0,NA
2026-02-26 06:00:00,217.0,357.0,10.75,33.75,26.75,31.25,5.5,0.75,4.5,1.0,15.0,NA,7.75,5.0,0.0,11.5,89.5,0.0,235.0,0.0,0.0,5.25,997.0,NA
2026-02-26 07:00:00,161.0,302.0,16.0,36.75,32.75,28.25,5.0,1.0,3.5,1.0,13.5,NA,7.0,4.5,0.0,11.5,90.0,0.0,235.75,0.0,0.0,23.75,997.0,NA
2026-02-26 08:00:00,163.0,289.0,13.25,39.0,31.75,28.25,6.25,1.0,7.0,1.0,11.5,NA,5.75,3.75,0.0,13.5,82.0,0.75,234.75,0.0,0.0,126.5,996.5,NA
2026-02-26 09:00:00,157.0,276.0,6.5,25.0,18.75,28.5,9.75,0.25,20.75,0.0,9.25,NA,3.75,2.5,0.0,16.25,63.25,2.0,239.25,0.0,0.0,273.25,994.5,NA
2026-02-26 10:00:00,123.0,221.0,3.5,18.5,13.0,29.5,12.0,0.0,40.5,0.0,6.25,NA,2.25,1.5,0.0,19.0,53.0,1.75,231.75,0.0,0.0,413.5,990.0,NA
2026-02-26 11:00:00,110.0,208.0,2.0,11.0,7.75,31.5,11.25,0.0,62.0,0.25,5.25,NA,1.75,1.25,0.0,20.0,50.0,2.0,225.25,0.0,0.0,505.5,986.75,NA
2026-02-26 12:00:00,89.0,207.0,1.75,7.5,5.5,29.5,10.5,0.0,82.25,1.0,6.75,NA,2.25,1.75,0.0,21.0,43.0,2.0,215.25,0.0,0.0,512.5,983.75,NA
2026-02-26 13:00:00,57.0,149.0,1.0,6.5,4.5,27.5,9.25,0.0,89.0,0.0,5.0,NA,1.75,1.0,0.0,21.5,40.25,2.25,224.0,0.0,0.0,534.5,982.0,NA
2026-02-26 14:00:00,58.0,146.0,1.25,7.0,5.0,27.0,8.75,0.0,95.75,0.0,3.75,NA,1.0,1.0,0.0,21.75,39.0,2.25,225.5,0.0,0.0,168.5,981.25,NA
2026-02-26 15:00:00,51.0,148.0,1.0,7.5,5.25,26.5,9.0,0.0,98.75,0.0,3.0,NA,1.0,0.5,0.0,20.0,40.75,2.25,229.5,0.0,0.0,232.0,983.5,NA
2026-02-26 16:00:00,34.0,143.0,0.5,6.75,4.0,23.5,5.75,0.0,85.25,0.0,2.0,NA,1.0,0.0,0.0,18.75,42.25,1.5,235.5,0.0,0.0,95.5,989.75,NA
2026-02-26 17:00:00,33.0,131.0,1.5,9.75,6.75,24.5,5.0,0.0,69.0,0.0,2.0,NA,0.75,0.0,0.0,17.5,48.25,0.25,239.0,0.0,0.0,28.0,993.5,NA
2026-02-26 18:00:00,36.0,158.0,1.75,20.25,12.0,25.75,7.0,0.0,46.5,0.0,2.25,NA,0.5,0.5,0.25,16.0,58.75,0.0,266.25,0.0,0.0,10.0,995.5,NA
2026-02-26 19:00:00,78.0,258.0,2.0,36.0,21.0,26.75,7.25,0.5,26.0,0.0,3.0,NA,1.5,2.5,1.0,14.5,66.5,0.0,253.5,0.0,0.0,5.25,996.0,NA
2026-02-26 20:00:00,95.0,297.0,6.5,52.0,33.25,25.25,6.25,1.0,11.25,0.0,3.0,NA,1.75,2.5,0.75,14.0,73.0,0.0,244.25,0.0,0.0,5.25,996.5,NA
2026-02-26 21:00:00,111.0,358.0,6.25,50.0,32.25,26.0,9.5,1.0,6.0,0.0,2.5,NA,1.0,1.0,0.0,13.25,77.5,0.0,257.0,0.0,0.0,5.0,997.0,NA
2026-02-26 22:00:00,121.0,333.0,4.0,47.25,28.75,24.5,9.0,1.0,8.5,0.0,3.25,NA,1.0,1.5,0.0,13.0,79.75,0.0,231.25,0.0,0.0,5.0,997.0,NA
2026-02-26 23:00:00,105.0,240.0,1.75,24.25,14.25,24.0,8.25,0.0,34.25,0.0,6.5,NA,1.0,2.0,0.25,13.75,74.0,2.25,130.25,0.0,0.0,5.0,996.5,NA
2026-02-27 00:00:00,75.0,171.0,2.0,12.5,8.25,22.5,11.0,0.0,53.75,0.0,8.5,NA,1.0,2.0,0.25,15.0,63.75,3.0,140.25,0.0,0.0,5.0,996.0,NA
2026-02-27 01:00:00,78.0,159.0,1.5,14.5,9.0,22.75,7.25,0.0,49.0,0.0,8.75,NA,1.0,1.5,0.0,13.25,74.0,0.0,230.75,0.0,0.0,5.0,996.75,NA
2026-02-27 02:00:00,85.0,162.0,2.0,17.0,11.0,26.0,5.0,0.0,21.25,0.0,6.75,NA,1.0,1.25,0.0,12.0,82.75,0.0,228.0,0.0,0.0,5.0,997.0,NA
2026-02-27 03:00:00,103.0,168.0,1.5,22.75,13.25,43.0,6.25,0.0,10.5,0.0,5.25,NA,0.75,1.0,0.0,12.0,86.0,0.0,248.75,0.0,0.0,5.0,997.0,NA
2026-02-27 04:00:00,169.0,247.0,3.25,31.25,19.5,59.25,5.0,0.0,5.0,0.0,4.75,NA,1.0,1.0,0.0,12.0,87.0,0.25,237.5,0.0,0.0,5.5,997.0,NA
2026-02-27 05:00:00,157.0,251.0,15.0,46.0,37.0,77.0,4.0,1.0,1.25,0.0,6.75,NA,1.0,1.0,0.0,12.0,88.0,0.0,225.5,0.0,0.0,5.5,997.0,NA
2026-02-27 06:00:00,151.0,272.0,8.75,56.5,37.25,91.5,2.75,0.0,2.0,0.25,7.0,NA,2.0,1.0,0.0,NA,NA,NA,NA,NA,NA,NA,NA,NA
2026-02-27 07:00:00,133.0,223.0,10.5,47.5,34.0,60.25,2.5,0.33,6.0,0.0,6.0,NA,1.25,1.0,0.0,11.67,87.67,0.0,240.0,0.0,0.0,30.67,997.0,NA
2026-02-27 08:00:00,90.0,242.0,13.5,36.5,30.25,27.75,8.75,1.0,9.0,0.0,6.0,NA,1.5,1.0,0.0,13.75,74.0,0.25,249.25,0.0,0.0,133.5,996.5,NA
2026-02-27 09:00:00,119.0,252.0,5.75,25.75,18.5,22.0,12.75,1.0,22.0,0.0,5.25,NA,1.0,0.5,0.0,17.0,55.5,1.0,230.25,0.0,0.0,272.25,993.5,NA
2026-02-27 10:00:00,143.0,262.0,3.25,20.25,13.5,21.25,12.5,0.25,44.0,0.0,4.25,NA,0.25,0.0,0.0,19.25,49.0,1.5,227.75,0.0,0.0,408.25,989.75,NA
2026-02-27 11:00:00,102.0,212.0,1.75,14.5,9.25,31.75,12.5,0.0,74.0,0.0,3.5,NA,0.0,0.0,0.0,20.75,44.0,1.25,230.0,0.0,0.0,507.0,984.75,NA
2026-02-27 12:00:00,99.0,180.0,1.5,13.75,8.75,57.5,11.5,0.0,89.75,0.0,2.75,NA,0.0,0.0,0.0,22.0,38.5,1.0,220.25,0.0,0.0,520.75,980.5,NA
2026-02-27 13:00:00,73.0,143.0,1.5,15.75,10.25,64.75,9.0,0.0,91.75,0.0,1.75,NA,0.0,0.0,0.0,22.5,34.5,1.5,223.0,0.0,0.0,522.5,979.5,NA
2026-02-27 14:00:00,44.0,131.0,1.25,12.0,7.5,34.75,12.0,0.0,97.25,0.0,1.0,NA,0.0,0.0,0.0,22.0,34.25,1.75,222.75,0.0,0.0,187.25,980.5,NA
2026-02-27 15:00:00,28.0,120.0,0.67,8.0,5.0,NA,11.67,0.0,106.67,0.0,1.0,NA,0.0,0.0,0.0,20.67,36.33,1.67,225.67,0.0,0.0,195.0,981.33,NA
2026-02-27 16:00:00,39.0,127.0,0.75,7.75,4.75,20.75,9.25,0.0,113.5,0.0,1.0,NA,0.0,0.0,0.0,19.25,39.25,1.0,246.0,0.0,0.0,106.0,988.75,NA
2026-02-27 17:00:00,40.0,137.0,0.5,9.5,5.5,17.5,8.0,0.0,100.75,0.0,1.0,NA,0.0,0.0,0.0,18.25,43.0,0.0,266.0,0.0,0.0,33.75,993.0,NA
2026-02-27 18:00:00,42.0,164.0,1.25,30.5,17.5,17.75,8.0,0.5,50.0,0.0,1.75,NA,0.0,0.0,0.0,16.5,50.25,0.0,275.75,0.0,0.0,11.0,995.0,NA
2026-02-27 19:00:00,78.0,323.0,2.5,49.75,29.0,20.5,7.0,2.0,28.25,0.0,18.0,NA,0.75,1.5,0.25,15.0,61.5,0.0,8.25,0.0,0.0,5.0,996.0,NA
2026-02-27 20:00:00,136.0,428.0,17.75,67.75,50.5,22.25,7.0,3.0,4.5,1.5,71.5,NA,4.5,9.0,2.5,14.0,66.5,0.0,104.75,0.0,0.0,5.5,996.0,NA
2026-02-27 21:00:00,222.0,611.0,50.75,65.0,76.0,24.25,7.0,3.75,4.0,4.0,118.75,NA,8.75,15.75,5.0,14.0,69.25,0.0,175.5,0.0,0.0,5.0,996.0,NA
2026-02-27 22:00:00,164.0,519.0,50.33,70.75,77.25,25.0,7.75,1.5,3.0,8.0,127.0,NA,9.0,15.25,5.0,15.0,64.25,0.25,61.5,0.0,0.0,5.0,996.0,NA
2026-02-27 23:00:00,152.0,447.0,39.25,64.0,66.5,23.5,7.0,1.25,3.75,15.5,116.75,NA,7.25,10.75,3.5,15.0,66.0,0.0,112.25,0.0,0.0,5.25,996.0,NA
2026-02-28 00:00:00,144.0,400.0,15.5,61.0,45.25,24.75,7.33,1.0,3.25,14.5,112.75,NA,6.75,10.75,3.75,15.0,65.0,0.25,48.75,0.0,0.0,5.0,996.0,NA
2026-02-28 01:00:00,132.0,317.0,32.25,48.25,52.0,22.75,8.0,1.0,3.0,9.5,119.75,NA,6.75,9.5,3.0,14.0,69.0,0.0,182.75,0.0,0.0,5.0,996.0,NA
2026-02-28 02:00:00,149.0,348.0,42.0,50.0,61.0,26.0,9.0,1.0,4.0,6.75,125.75,NA,8.5,10.5,3.5,14.0,70.5,0.25,170.0,0.0,0.0,5.0,996.0,NA
2026-02-28 03:00:00,127.0,297.0,24.75,47.75,45.75,26.25,8.0,1.0,3.5,5.5,123.25,NA,9.0,11.25,4.0,14.0,69.5,0.25,145.0,0.0,0.0,5.0,996.0,NA
2026-02-28 04:00:00,133.0,278.0,22.25,41.5,42.0,25.25,7.25,1.0,4.5,4.5,124.0,NA,8.25,7.5,3.25,13.5,75.0,0.0,250.0,0.0,0.0,5.0,996.75,NA
2026-02-28 05:00:00,189.0,329.0,21.25,37.0,37.0,25.0,6.25,1.0,3.25,4.0,128.25,NA,10.5,11.75,4.0,13.0,79.0,0.0,228.25,0.0,0.0,5.0,997.0,NA
2026-02-28 06:00:00,147.0,286.0,24.75,43.5,43.5,25.25,6.5,1.0,3.25,3.0,118.25,NA,10.25,11.0,4.0,13.0,79.5,0.0,138.0,0.0,0.0,5.25,997.0,NA
2026-02-28 07:00:00,164.0,320.0,57.25,40.5,68.25,24.5,7.0,1.25,4.5,3.0,111.75,NA,10.0,9.75,3.25,13.0,80.75,0.0,210.5,0.0,0.0,26.0,997.0,NA
2026-02-28 08:00:00,233.0,464.0,70.5,62.5,90.5,26.0,11.5,2.0,5.0,3.75,104.0,NA,9.75,9.0,3.0,15.5,68.25,0.0,214.75,0.0,0.0,125.25,995.25,NA
2026-02-28 09:00:00,190.0,471.0,22.75,68.25,55.0,24.5,21.5,1.5,6.5,4.0,87.0,NA,10.25,9.0,3.75,20.0,47.5,0.25,211.5,0.0,0.0,268.75,990.5,NA
2026-02-28 10:00:00,144.0,337.0,4.25,30.25,19.5,24.0,21.0,0.0,22.0,2.5,46.75,NA,5.75,5.5,2.0,21.5,39.25,0.5,217.75,0.0,0.0,401.25,984.75,NA
2026-02-28 11:00:00,90.0,226.0,1.75,15.75,10.0,22.5,14.0,0.0,40.25,1.5,27.25,NA,2.25,3.25,1.0,23.0,35.25,0.75,232.25,0.0,0.0,504.5,979.0,NA
2026-02-28 12:00:00,61.0,153.0,1.0,10.25,6.5,21.0,11.75,0.0,64.25,1.75,26.5,NA,2.75,2.75,1.0,23.0,36.0,1.5,222.75,0.0,0.0,501.75,979.0,NA
2026-02-28 13:00:00,63.0,167.0,1.0,10.25,6.0,20.5,11.0,0.0,81.5,1.0,18.5,NA,2.0,2.0,0.25,23.0,36.25,2.0,227.25,0.0,0.0,497.0,979.0,NA
2026-02-28 14:00:00,59.0,181.0,0.75,7.5,4.25,21.0,9.75,0.0,78.75,1.0,13.0,NA,1.0,1.0,0.0,22.75,35.75,1.75,221.0,0.0,0.0,195.25,979.0,NA
2026-02-28 15:00:00,51.0,175.0,0.75,8.0,5.25,22.0,9.75,0.0,82.75,1.0,9.25,NA,1.0,1.0,0.0,21.0,41.0,2.0,225.5,0.0,0.0,213.25,981.25,NA
2026-02-28 16:00:00,55.0,153.0,1.5,8.25,5.5,22.75,9.5,0.0,77.25,0.0,6.75,NA,1.0,0.0,0.0,19.75,43.75,2.0,226.75,0.0,0.0,101.0,988.5,NA
2026-02-28 17:00:00,44.0,151.0,1.25,10.5,7.0,24.25,9.0,0.0,68.25,0.0,5.25,NA,0.0,0.0,0.0,18.75,48.0,1.75,217.25,0.0,0.0,31.5,992.5,NA
2026-02-28 18:00:00,55.0,188.0,1.25,19.5,11.75,25.25,7.75,0.0,42.75,0.75,5.0,NA,0.75,0.0,0.0,17.0,56.25,0.0,249.75,0.0,0.0,10.75,994.5,NA
2026-02-28 19:00:00,67.0,263.0,1.5,33.75,19.25,27.0,7.0,0.0,25.0,1.0,6.75,NA,0.75,0.75,0.0,15.25,64.75,0.25,225.75,0.0,0.0,5.0,996.0,NA
2026-02-28 20:00:00,84.0,229.0,1.5,29.5,17.0,30.25,6.75,0.5,21.75,1.0,21.0,NA,1.25,1.5,0.25,15.0,70.25,0.0,216.75,0.0,0.0,5.5,996.0,NA
2026-02-28 21:00:00,116.0,252.0,3.25,38.0,23.0,31.5,6.0,0.75,9.0,1.0,37.0,NA,1.75,2.75,1.0,14.25,74.5,0.0,256.5,0.0,0.0,5.25,996.0,NA
2026-02-28 22:00:00,117.0,286.0,3.0,37.25,22.75,33.75,5.0,1.0,6.0,1.75,30.5,NA,2.0,3.0,1.0,14.0,77.0,0.0,255.5,0.0,0.0,5.0,996.25,NA
2026-02-28 23:00:00,105.0,226.0,2.75,38.0,22.5,35.0,4.0,1.0,5.5,2.0,20.25,NA,1.5,2.0,0.0,13.75,78.75,0.25,223.75,0.0,0.0,5.25,997.0,NA
2026-03-01 00:00:00,107.0,229.0,2.0,34.33,20.0,35.33,4.0,1.0,5.0,2.0,15.0,NA,1.67,2.0,0.0,13.0,82.0,0.0,235.67,0.0,0.0,5.33,997.0,NA
2026-03-01 01:00:00,143.0,262.0,2.0,31.75,18.5,34.75,7.5,1.0,5.0,2.0,12.0,NA,2.0,1.5,0.5,12.5,85.0,0.0,244.75,0.0,0.0,5.5,997.0,NA
2026-03-01 02:00:00,133.0,247.0,3.0,31.0,19.0,39.0,9.0,1.0,5.5,2.0,10.0,NA,2.25,2.0,0.0,12.0,87.25,0.0,234.75,0.0,0.0,5.25,997.0,NA
2026-03-01 03:00:00,113.0,217.0,2.75,26.75,16.75,37.0,6.75,1.0,5.75,2.0,8.25,NA,2.5,2.0,0.0,12.0,88.0,0.25,235.75,0.0,0.0,5.0,997.0,NA
2026-03-01 04:00:00,157.0,263.0,2.5,29.75,17.75,33.5,7.75,1.0,4.0,2.75,7.25,NA,2.0,1.25,0.0,12.0,88.75,0.0,235.5,0.0,0.0,5.0,997.0,NA
2026-03-01 05:00:00,201.0,325.0,2.25,27.0,16.25,33.5,7.5,1.0,5.25,3.0,7.25,NA,1.0,1.0,0.0,12.0,89.0,0.0,234.0,0.0,0.0,5.0,997.0,NA
2026-03-01 06:00:00,162.0,279.0,2.25,24.25,14.75,32.5,7.0,0.75,8.0,3.75,8.0,NA,1.0,1.0,0.0,12.0,89.75,1.0,230.25,0.0,0.0,5.5,997.0,NA
2026-03-01 07:00:00,116.0,219.0,2.75,23.0,14.5,31.5,7.0,0.75,7.75,3.0,7.75,NA,1.0,1.0,0.0,12.0,88.75,0.5,233.75,0.0,0.0,27.5,997.0,NA
2026-03-01 08:00:00,124.0,246.0,5.5,23.75,17.0,32.25,10.0,1.0,9.25,2.25,7.0,NA,1.0,0.25,0.0,14.0,78.25,1.25,240.25,0.0,0.0,136.5,996.5,NA
2026-03-01 09:00:00,157.0,267.0,4.0,15.75,12.0,32.5,15.25,1.0,19.0,1.75,5.25,NA,0.5,0.0,0.0,17.0,62.25,1.5,229.75,0.0,0.0,281.25,993.5,NA
2026-03-01 10:00:00,138.0,234.0,2.0,10.75,7.33,33.25,16.0,0.5,30.0,1.0,2.25,NA,0.0,0.0,0.0,19.0,53.25,2.0,233.5,0.0,0.0,412.75,989.75,NA
2026-03-01 11:00:00,96.0,212.0,1.75,8.75,6.5,33.5,13.75,0.0,49.25,0.75,1.25,NA,0.0,0.0,0.0,20.0,47.25,2.5,236.0,0.0,0.0,503.25,986.25,NA
2026-03-01 12:00:00,56.0,193.0,1.0,6.75,4.75,38.75,11.0,0.0,61.75,0.25,1.0,NA,0.0,0.0,0.0,21.0,41.75,2.5,230.75,0.0,0.0,531.5,983.5,NA
2026-03-01 13:00:00,56.0,169.0,0.5,6.5,4.0,43.0,10.25,0.0,72.75,0.0,0.75,NA,0.0,0.0,0.0,22.0,38.0,2.75,220.0,0.0,0.0,546.75,981.0,NA
2026-03-01 14:00:00,50.0,175.0,1.0,6.25,4.0,30.5,9.25,0.0,89.25,0.0,0.75,NA,0.25,0.0,0.0,22.0,37.25,3.0,219.25,0.0,0.0,194.0,981.25,NA
2026-03-01 15:00:00,41.0,169.0,1.0,6.0,4.25,27.5,8.0,0.0,90.5,0.0,3.25,NA,0.0,0.0,0.0,20.25,40.5,3.0,223.25,0.0,0.0,219.0,983.5,NA
2026-03-01 16:00:00,46.0,165.0,1.75,6.5,4.75,29.25,7.75,0.0,87.75,0.0,4.0,NA,0.0,0.0,0.0,19.0,44.0,2.5,233.75,0.0,0.0,101.75,989.5,NA
2026-03-01 17:00:00,51.0,167.0,1.75,8.25,6.25,35.5,10.5,0.0,86.25,0.0,6.5,NA,0.0,0.0,0.0,18.0,49.25,1.5,235.5,0.0,0.0,31.5,993.25,NA
2026-03-01 18:00:00,70.0,178.0,1.75,14.0,8.75,39.5,12.25,0.0,68.75,0.0,4.25,NA,0.0,0.0,0.0,16.5,57.25,0.25,251.0,0.0,0.0,10.75,995.0,NA
2026-03-01 19:00:00,83.0,224.0,2.0,31.5,18.75,36.75,10.25,0.75,31.5,0.0,8.5,NA,0.25,0.5,0.0,15.25,67.5,0.0,266.75,0.0,0.0,5.0,996.0,NA
2026-03-01 20:00:00,119.0,307.0,3.0,37.5,22.0,35.5,9.25,1.0,20.0,1.0,17.25,NA,1.25,1.75,1.0,14.5,73.5,0.0,261.75,0.0,0.0,5.0,996.0,NA
2026-03-01 21:00:00,96.0,268.0,3.25,34.5,21.0,33.25,8.25,1.0,18.25,0.25,8.75,NA,1.0,1.5,1.0,14.0,78.25,0.0,239.25,0.0,0.0,5.25,996.75,NA
2026-03-01 22:00:00,88.0,254.0,3.0,29.75,18.0,28.5,6.75,1.0,18.75,0.75,10.0,NA,1.75,3.25,1.75,13.25,82.0,0.0,252.25,0.0,0.0,5.0,997.0,NA
2026-03-01 23:00:00,90.0,210.0,2.25,21.25,13.5,30.5,6.0,1.0,22.75,1.0,8.0,NA,2.0,4.0,2.0,13.0,83.75,0.0,249.0,0.0,0.0,5.0,997.0,NA
2026-03-02 00:00:00,84.0,179.0,1.0,15.25,9.5,32.75,6.0,0.0,25.75,0.75,4.5,NA,1.0,2.75,1.0,13.0,84.25,0.5,252.0,0.0,0.0,5.0,997.0,NA
2026-03-02 01:00:00,108.0,195.0,2.25,15.5,10.0,33.75,5.5,0.0,24.0,1.0,4.25,NA,1.0,2.75,1.0,12.5,83.75,0.0,221.0,0.0,0.0,5.0,997.0,NA
2026-03-02 02:00:00,88.0,163.0,1.0,12.0,7.0,43.0,5.0,0.0,25.25,0.25,2.5,NA,0.25,1.25,0.25,12.0,86.75,0.0,222.5,0.0,0.0,5.0,997.0,NA
2026-03-02 03:00:00,106.0,181.0,1.75,16.75,10.25,36.75,7.25,0.0,20.25,0.25,1.75,NA,0.25,1.0,0.0,12.0,87.75,0.0,244.0,0.0,0.0,5.0,997.0,NA
2026-03-02 04:00:00,128.0,234.0,2.25,20.5,12.75,32.25,6.5,0.0,12.5,1.0,3.5,NA,1.0,1.0,0.0,12.0,88.5,0.25,237.5,0.0,0.0,5.0,997.0,NA
2026-03-02 05:00:00,127.0,245.0,2.75,25.25,15.75,31.5,5.75,0.5,6.5,1.0,4.75,NA,1.0,1.0,0.0,12.0,88.5,0.75,223.5,0.0,0.0,5.0,997.0,NA
2026-03-02 06:00:00,116.0,247.0,2.5,21.75,13.5,26.75,6.75,1.0,11.25,1.0,6.75,NA,1.0,0.5,0.0,12.0,89.0,0.75,234.5,0.0,0.0,5.5,997.0,NA
2026-03-02 07:00:00,122.0,254.0,2.5,20.5,13.0,25.5,7.75,1.0,11.0,1.0,5.5,NA,1.0,0.0,0.0,12.0,88.75,1.0,239.5,0.0,0.0,28.25,997.0,NA
2026-03-02 08:00:00,132.0,251.0,3.75,18.25,13.0,27.25,10.5,1.0,14.0,1.0,4.25,NA,0.0,0.0,0.0,14.0,78.0,1.5,236.0,0.0,0.0,139.75,996.5,NA
2026-03-02 09:00:00,127.0,229.0,2.5,13.25,9.5,30.0,13.75,0.75,24.5,0.25,1.25,NA,0.0,0.0,0.0,17.0,61.5,2.0,237.25,0.0,0.0,270.0,993.5,NA
2026-03-02 10:00:00,127.0,236.0,2.75,10.75,8.25,40.25,14.25,0.0,40.75,0.0,1.0,NA,0.0,0.0,0.0,19.25,53.25,2.0,245.25,0.0,0.0,392.0,989.75,NA
2026-03-02 11:00:00,111.0,248.0,2.25,8.25,6.25,42.0,14.75,0.0,65.0,0.0,1.0,NA,0.0,0.0,0.0,20.25,49.0,2.75,228.0,0.0,0.0,487.5,986.5,NA
2026-03-02 12:00:00,95.0,301.0,1.25,7.25,5.0,38.0,17.0,0.0,85.25,0.0,0.25,NA,0.0,0.0,0.0,21.0,44.25,3.25,218.75,0.0,0.0,514.75,983.75,NA
2026-03-02 13:00:00,77.0,232.0,2.25,7.0,5.75,33.25,18.0,0.0,92.0,0.0,0.0,NA,0.0,0.0,0.0,22.0,41.25,3.25,220.75,0.0,0.0,527.5,981.75,NA
2026-03-02 14:00:00,66.0,221.0,1.75,7.5,5.5,27.75,17.25,0.0,92.75,0.0,0.25,NA,0.0,0.0,0.0,21.5,41.5,3.5,227.25,0.0,0.0,199.75,981.5,NA
2026-03-02 15:00:00,45.0,213.0,1.25,5.5,3.75,23.0,14.5,0.0,94.75,0.0,1.0,NA,0.0,0.0,0.0,20.25,43.75,3.5,234.0,0.0,0.0,210.75,984.5,NA
2026-03-02 16:00:00,56.0,204.0,2.25,6.0,5.25,24.0,11.25,0.0,86.0,0.0,1.0,NA,0.0,0.0,0.0,19.0,48.5,2.75,230.75,0.0,0.0,99.5,989.75,NA
2026-03-02 17:00:00,66.0,208.0,1.75,9.5,6.5,27.0,11.5,0.0,78.5,0.0,1.0,NA,0.0,0.0,0.0,20.5,55.0,1.25,236.25,0.0,0.0,32.0,993.0,NA
2026-03-02 18:00:00,79.0,214.0,2.0,15.5,9.75,34.5,13.75,0.0,55.5,0.0,1.0,NA,0.0,0.0,0.0,24.0,66.0,0.5,247.5,0.0,0.0,10.75,995.0,NA
2026-03-02 19:00:00,103.0,225.0,1.75,24.25,14.25,43.25,12.75,0.25,43.25,0.0,0.0,NA,0.0,0.0,0.0,22.5,75.0,0.0,246.25,0.0,0.0,5.0,996.0,NA
2026-03-02 20:00:00,128.0,257.0,3.0,35.25,21.5,40.0,11.5,1.0,23.5,0.0,0.25,NA,0.0,0.0,0.0,21.75,80.5,0.0,256.0,0.0,0.0,5.0,996.0,NA
2026-03-02 21:00:00,132.0,297.0,2.75,34.75,21.0,35.5,10.5,1.0,18.25,0.0,1.0,NA,0.0,0.0,0.0,21.0,84.0,0.0,257.75,0.0,0.0,5.0,996.0,NA
2026-03-02 22:00:00,119.0,265.0,2.25,28.0,17.0,32.0,9.0,1.0,23.25,0.0,1.75,NA,0.0,1.0,0.0,21.0,85.25,0.0,262.0,0.0,0.0,5.0,997.0,NA
2026-03-02 23:00:00,97.0,225.0,2.75,20.5,13.25,24.0,8.0,0.5,27.25,0.5,3.0,NA,0.5,1.75,0.75,20.0,86.75,0.0,253.25,0.0,0.0,5.0,997.0,NA
2026-03-03 00:00:00,96.0,191.0,1.5,15.75,9.75,23.0,7.0,0.0,31.25,1.0,4.0,NA,1.75,4.0,2.0,20.0,88.0,0.0,253.0,0.0,0.0,5.25,997.0,NA
2026-03-03 01:00:00,94.0,174.0,2.0,11.75,8.0,24.25,5.25,0.5,30.0,1.0,4.0,NA,2.0,4.0,2.0,19.75,89.0,0.0,248.0,0.0,0.0,5.0,997.0,NA
2026-03-03 02:00:00,101.0,175.0,2.0,10.0,7.0,27.0,5.0,1.0,28.5,1.0,3.25,NA,1.5,3.5,1.75,19.0,89.0,0.0,250.25,0.0,0.0,5.0,997.0,NA
2026-03-03 03:00:00,97.0,164.0,1.5,10.25,7.25,32.75,3.5,1.0,23.0,0.25,1.5,NA,0.25,1.0,0.25,19.0,90.0,0.0,239.5,0.0,0.0,5.0,997.0,NA
2026-03-03 04:00:00,119.0,192.0,2.0,16.25,10.75,27.0,4.75,1.0,15.0,0.75,1.75,NA,0.0,0.75,0.0,19.0,90.5,0.0,234.0,0.0,0.0,5.0,997.0,NA
2026-03-03 05:00:00,146.0,243.0,2.25,19.75,12.5,26.75,6.0,1.0,11.0,1.0,2.75,NA,0.0,1.0,0.0,19.0,91.0,1.0,227.25,0.0,0.0,5.0,997.0,NA
2026-03-03 06:00:00,171.0,294.0,2.5,19.75,12.75,26.25,5.25,1.0,10.5,1.0,4.0,NA,0.0,1.0,0.0,19.0,91.0,1.0,229.75,0.0,0.0,5.75,997.0,NA
2026-03-03 07:00:00,140.0,269.0,3.0,16.25,10.75,21.75,6.25,1.0,12.0,1.0,4.0,NA,0.0,0.25,0.0,18.75,90.75,0.25,233.5,0.0,0.0,28.75,997.0,NA
2026-03-03 08:00:00,125.0,236.0,3.5,13.5,10.25,20.75,11.75,1.0,16.75,1.0,4.0,NA,0.0,0.0,0.0,20.75,83.5,1.25,243.75,0.0,0.0,145.25,996.75,NA
2026-03-03 09:00:00,132.0,214.0,2.75,9.25,7.0,22.75,13.0,1.0,27.5,0.75,2.5,NA,0.0,0.0,0.0,24.25,63.0,2.0,243.25,0.0,0.0,285.75,994.25,NA
2026-03-03 10:00:00,111.0,207.0,2.0,8.25,6.25,26.5,12.5,0.75,44.0,0.0,0.75,NA,0.0,0.0,0.0,26.5,52.5,2.75,225.25,0.0,0.0,423.0,990.0,NA
2026-03-03 11:00:00,96.0,212.0,1.75,7.25,5.25,35.25,12.25,0.0,63.5,0.0,0.0,NA,0.0,0.0,0.0,27.75,46.75,3.5,229.75,0.0,0.0,517.75,986.25,NA
2026-03-03 12:00:00,81.0,225.0,2.0,8.0,6.0,35.0,16.25,0.0,75.25,0.0,0.0,NA,0.0,0.0,0.0,28.75,43.75,3.75,224.75,0.0,0.0,535.5,984.25,NA
2026-03-03 13:00:00,70.0,253.0,2.0,8.5,6.0,31.0,19.5,0.0,80.75,0.0,0.5,NA,0.0,0.0,0.0,29.25,42.75,4.0,221.5,0.0,0.0,549.5,983.0,NA
2026-03-03 14:00:00,67.0,252.0,1.33,8.33,5.67,28.0,26.67,0.0,88.0,0.0,0.25,NA,0.0,0.0,0.0,29.25,39.75,4.25,215.75,0.0,0.0,201.0,982.0,NA
2026-03-03 15:00:00,59.0,256.0,3.0,4.67,5.0,18.33,12.0,0.0,89.5,0.0,1.75,NA,0.0,0.0,0.0,28.25,40.25,4.0,217.25,0.0,0.0,216.75,983.25,NA
2026-03-03 16:00:00,40.0,191.0,2.5,4.75,4.75,15.25,8.5,0.0,84.5,0.0,2.0,NA,0.0,0.0,0.0,27.0,44.0,3.5,227.5,0.0,0.0,96.25,989.5,NA
2026-03-03 17:00:00,46.0,163.0,2.0,6.5,5.0,15.25,7.0,0.0,72.75,0.0,1.25,NA,0.0,0.5,0.0,25.75,49.25,2.0,235.75,0.0,0.0,28.25,992.5,NA
2026-03-03 18:00:00,50.0,153.0,2.0,7.75,6.25,17.0,6.75,0.0,53.5,0.0,1.25,NA,0.0,0.5,0.0,24.0,57.75,0.75,238.0,0.0,0.0,10.75,994.75,NA
2026-03-03 19:00:00,53.0,156.0,2.25,14.25,9.75,23.25,8.0,0.75,37.75,0.5,1.0,NA,0.0,0.0,0.0,22.25,66.75,0.0,226.5,0.0,0.0,5.0,996.0,NA
2026-03-03 20:00:00,94.0,248.0,2.25,20.25,12.75,26.0,52.25,1.0,27.25,0.0,0.75,NA,0.0,0.0,0.0,22.0,72.25,0.0,232.75,0.0,0.0,5.0,996.0,NA
2026-03-03 21:00:00,107.0,268.0,3.0,21.0,13.5,23.75,33.0,1.0,20.5,0.0,1.0,NA,0.0,0.0,0.0,21.25,75.25,0.0,249.75,0.0,0.0,5.0,996.25,NA
2026-03-03 22:00:00,102.0,217.0,2.75,18.5,12.0,21.5,15.5,1.0,20.75,0.0,1.0,NA,0.0,0.0,0.0,21.0,76.25,0.0,252.5,0.0,0.0,5.0,997.0,NA
2026-03-03 23:00:00,101.0,207.0,2.25,17.33,11.25,18.25,10.0,1.0,21.25,0.25,1.25,NA,0.0,0.0,0.0,20.5,77.25,0.0,262.5,0.0,0.0,5.0,997.0,NA
2026-03-04 00:00:00,68.0,174.0,2.5,16.5,10.75,15.5,8.33,0.67,18.75,1.0,2.0,NA,0.0,0.0,0.0,20.0,80.75,0.0,223.5,0.0,0.0,5.25,997.0,NA
2026-03-04 01:00:00,113.0,198.0,2.25,16.67,11.0,15.75,8.75,0.75,16.0,1.0,2.0,NA,0.0,0.0,0.0,19.75,83.5,0.0,230.75,0.0,0.0,5.0,997.0,NA
2026-03-04 02:00:00,112.0,199.0,2.0,16.0,11.0,17.0,7.0,0.0,15.5,1.0,2.0,NA,0.0,0.0,0.0,19.0,85.25,0.0,226.25,0.0,0.0,5.0,997.0,NA
2026-03-04 03:00:00,153.0,250.0,2.5,11.5,8.67,20.75,7.0,0.25,13.0,1.0,3.0,NA,0.0,0.0,0.0,19.0,86.5,0.0,239.75,0.0,0.0,5.0,997.0,NA
2026-03-04 04:00:00,130.0,214.0,2.75,12.5,8.75,23.5,7.75,1.0,14.25,0.75,1.5,NA,0.0,0.0,0.0,19.0,86.5,0.5,231.75,0.0,0.0,5.0,997.0,NA
2026-03-04 05:00:00,141.0,234.0,2.0,11.5,7.5,22.5,8.5,0.5,16.75,1.25,3.0,NA,0.0,0.0,0.0,19.0,86.75,0.75,232.0,0.0,0.0,5.0,997.0,NA
2026-03-04 06:00:00,128.0,223.0,2.25,12.5,8.75,20.5,8.25,0.0,15.5,1.0,3.0,NA,0.0,0.0,0.0,19.0,87.0,0.0,234.5,0.0,0.0,5.75,997.0,NA
2026-03-04 07:00:00,119.0,228.0,2.0,10.75,7.75,19.0,8.5,0.75,16.75,0.5,1.75,NA,0.0,0.0,0.0,19.25,86.5,0.5,238.75,0.0,0.0,29.75,997.0,NA
2026-03-04 08:00:00,107.0,223.0,3.0,9.0,7.75,16.0,15.0,1.0,20.0,0.5,1.5,NA,0.0,0.0,0.0,22.5,71.25,1.0,257.5,0.0,0.0,144.5,996.0,NA
2026-03-04 09:00:00,125.0,221.0,2.5,6.5,5.75,15.25,14.0,0.25,29.5,0.5,1.0,NA,0.0,0.0,0.0,25.5,56.5,2.0,240.5,0.0,0.0,287.75,992.25,NA
2026-03-04 10:00:00,92.0,190.0,2.5,4.75,5.0,17.75,13.0,0.0,46.25,0.0,0.0,NA,0.0,0.0,0.0,27.5,49.0,2.0,228.5,0.0,0.0,421.75,987.5,NA
2026-03-04 11:00:00,75.0,184.0,2.5,5.5,5.0,20.75,12.0,0.0,57.5,0.0,0.0,NA,0.0,0.0,0.0,29.0,45.25,2.75,219.75,0.0,0.0,517.5,983.75,NA
2026-03-04 12:00:00,70.0,192.0,2.75,5.5,5.0,30.5,12.75,0.0,73.75,0.0,0.0,NA,0.0,0.0,0.0,29.25,44.25,3.0,220.75,0.0,0.0,534.25,982.5,NA
2026-03-04 13:00:00,77.0,179.0,2.75,5.0,5.0,28.0,13.5,0.0,80.0,0.0,0.0,NA,0.0,0.0,0.0,30.0,42.5,2.75,228.0,0.0,0.0,549.5,979.75,NA
2026-03-04 14:00:00,61.0,156.0,2.0,4.25,4.0,24.25,11.25,0.0,73.75,0.0,0.0,NA,0.0,0.0,0.0,30.5,41.25,3.0,220.75,0.0,0.0,211.5,979.25,NA
2026-03-04 15:00:00,50.0,156.0,2.25,4.0,4.0,22.25,9.25,0.0,69.75,0.0,0.0,NA,0.0,0.0,0.0,29.0,44.25,3.25,228.0,0.0,0.0,207.0,981.0,NA
2026-03-04 16:00:00,39.0,154.0,2.5,4.25,4.25,17.75,9.75,0.0,63.5,0.0,0.0,NA,0.0,0.0,0.0,27.75,50.5,2.75,229.75,0.0,0.0,103.5,987.5,NA
2026-03-04 17:00:00,36.0,153.0,2.0,3.25,4.0,16.0,9.25,0.0,53.75,0.0,0.0,NA,0.0,0.0,0.0,26.75,53.75,2.25,228.5,0.0,0.0,31.5,991.5,NA
2026-03-04 18:00:00,42.0,154.0,2.5,3.75,4.25,17.0,8.0,0.0,42.0,0.0,0.0,NA,0.0,0.0,0.0,25.25,60.75,0.75,251.5,0.0,0.0,11.25,993.5,NA
2026-03-04 19:00:00,53.0,153.0,3.0,7.0,6.25,18.5,7.5,0.0,28.5,0.0,0.0,NA,0.0,0.0,0.0,23.5,71.25,0.0,236.25,0.0,0.0,5.25,995.25,NA
2026-03-04 20:00:00,64.0,143.0,3.0,10.25,8.33,26.25,8.0,0.0,19.0,0.0,0.0,NA,0.0,0.0,0.0,22.75,78.75,0.0,238.75,0.0,0.0,5.0,996.0,NA
2026-03-04 21:00:00,83.0,159.0,3.0,12.0,9.0,33.5,8.0,0.0,14.25,0.0,0.5,NA,0.0,0.0,0.0,22.0,81.5,0.0,261.25,0.0,0.0,5.0,996.0,NA
2026-03-04 22:00:00,83.0,162.0,3.0,11.0,8.5,31.25,7.0,0.0,13.5,1.0,1.0,NA,0.0,0.0,0.0,22.0,82.0,0.0,253.25,0.0,0.0,5.0,996.0,NA
2026-03-04 23:00:00,74.0,140.0,2.75,8.75,7.25,26.75,6.5,0.0,17.0,1.0,1.0,NA,0.0,0.0,0.0,21.75,82.0,0.0,254.75,0.0,0.0,5.0,996.0,NA
2026-03-05 00:00:00,57.0,126.0,3.0,7.0,6.0,21.75,7.0,0.0,17.75,1.0,1.0,NA,0.0,0.0,0.0,21.0,82.75,0.0,269.25,0.0,0.0,5.0,996.0,NA
2026-03-05 01:00:00,44.0,130.0,2.0,7.0,5.5,16.75,6.5,0.0,16.0,0.25,0.75,NA,0.0,0.0,0.0,21.0,84.75,0.0,253.25,0.0,0.0,5.25,996.75,NA
2026-03-05 02:00:00,59.0,136.0,3.0,7.0,6.0,16.0,6.0,0.0,14.75,0.0,0.0,NA,0.0,0.0,0.0,21.0,86.5,0.75,228.25,0.0,0.0,5.0,997.0,NA
2026-03-05 03:00:00,78.0,146.0,3.25,8.25,7.0,15.25,6.0,0.0,10.75,0.25,1.0,NA,0.0,0.0,0.0,20.25,86.0,0.0,244.25,0.0,0.0,5.0,997.0,NA
2026-03-05 04:00:00,92.0,164.0,3.0,8.25,7.0,17.5,6.25,0.0,10.5,1.0,1.0,NA,0.0,0.0,0.0,20.0,87.0,0.5,235.5,0.0,0.0,5.0,997.0,NA
2026-03-05 05:00:00,92.0,156.0,2.25,8.0,6.75,22.0,6.5,0.0,9.25,1.0,1.0,NA,0.0,0.0,0.0,20.0,87.5,0.0,242.0,0.0,0.0,5.0,997.0,NA
2026-03-05 06:00:00,92.0,168.0,3.0,8.75,7.25,20.75,6.0,0.0,7.75,1.5,1.0,NA,0.0,0.0,0.0,20.0,88.75,0.5,237.0,0.0,0.0,5.75,997.0,NA
2026-03-05 07:00:00,90.0,158.0,3.0,8.25,7.0,18.25,6.0,0.0,9.0,1.0,1.0,NA,0.0,0.0,0.0,20.25,88.0,0.75,238.25,0.0,0.0,33.5,997.0,NA
2026-03-05 08:00:00,79.0,164.0,3.25,7.5,7.0,17.0,8.5,0.0,11.0,1.0,0.75,NA,0.0,0.0,0.0,23.25,74.5,1.25,244.0,0.0,0.0,157.75,995.5,NA
2026-03-05 09:00:00,74.0,180.0,3.5,6.25,6.5,14.25,10.75,0.0,17.25,1.0,0.0,NA,0.0,0.0,0.0,26.25,58.5,1.75,239.25,0.0,0.0,294.25,991.25,NA
2026-03-05 10:00:00,77.0,191.0,3.0,6.0,5.5,14.25,13.25,0.0,27.25,1.0,0.0,NA,0.0,0.0,0.0,28.5,51.75,2.5,238.75,0.0,0.0,425.0,986.0,NA
2026-03-05 11:00:00,67.0,201.0,2.75,4.25,4.25,16.25,15.25,0.0,44.25,1.0,0.0,NA,0.0,0.0,0.0,29.75,46.0,3.0,229.5,0.0,0.0,521.25,982.0,NA
2026-03-05 12:00:00,69.0,197.0,3.25,5.5,5.5,22.0,16.75,0.0,53.25,1.0,0.0,NA,0.0,0.0,0.0,29.75,45.0,3.5,204.25,0.0,0.0,539.75,980.75,NA
2026-03-05 13:00:00,78.0,202.0,2.75,4.5,4.75,33.25,14.5,0.0,58.75,0.75,0.75,NA,0.0,0.0,0.0,30.75,39.75,3.75,216.0,0.0,0.0,554.5,978.5,NA
2026-03-05 14:00:00,63.0,170.0,2.5,4.25,4.5,32.25,13.0,0.0,59.75,0.0,0.75,NA,0.0,0.0,0.0,31.75,39.25,3.25,221.25,0.0,0.0,215.5,977.25,NA
2026-03-05 15:00:00,57.0,171.0,2.25,4.25,4.25,26.0,15.0,0.0,65.25,0.0,0.0,NA,0.0,0.0,0.0,29.75,44.75,3.25,212.25,0.0,0.0,200.5,980.0,NA
2026-03-05 16:00:00,63.0,185.0,3.0,5.0,5.25,24.25,15.75,0.0,66.5,0.0,0.0,NA,0.0,0.0,0.0,28.5,49.5,3.0,228.5,0.0,0.0,104.75,986.0,NA
2026-03-05 17:00:00,38.0,162.0,2.75,5.0,5.0,18.5,11.5,0.0,51.75,0.0,0.0,NA,0.0,0.0,0.0,27.5,53.5,1.25,232.25,0.0,0.0,29.75,990.75,NA
2026-03-05 18:00:00,29.0,160.0,3.0,7.75,6.5,15.5,10.0,0.0,33.0,0.0,0.0,NA,0.0,0.0,0.0,25.5,61.75,0.25,252.75,0.0,0.0,11.5,993.25,NA
2026-03-05 19:00:00,56.0,174.0,3.5,12.0,9.5,15.25,9.0,0.25,23.5,0.0,0.0,NA,0.0,0.0,0.0,24.0,71.25,0.0,242.0,0.0,0.0,5.0,995.0,NA
2026-03-05 20:00:00,80.0,180.0,3.75,15.75,11.25,17.25,9.5,1.0,14.5,0.0,0.0,NA,0.0,0.0,0.0,23.0,77.5,0.0,249.0,0.0,0.0,5.0,995.5,NA
2026-03-05 21:00:00,107.0,269.0,3.25,15.5,10.75,27.25,11.75,1.0,14.75,0.75,0.5,NA,0.0,0.0,0.0,23.0,79.25,0.0,255.25,0.0,0.0,5.0,996.0,NA
2026-03-05 22:00:00,110.0,231.0,3.25,15.0,10.75,34.25,11.5,0.5,14.25,1.0,1.0,NA,0.0,0.0,0.0,22.25,81.0,0.0,249.0,0.0,0.0,5.0,996.0,NA
2026-03-05 23:00:00,85.0,176.0,3.0,11.75,9.0,31.0,10.25,0.0,20.0,1.0,1.0,NA,0.0,0.0,0.0,22.0,79.75,0.0,255.5,0.0,0.0,5.0,996.0,NA
2026-03-06 00:00:00,64.0,134.0,2.75,9.25,7.25,28.5,10.0,0.0,21.25,1.0,1.0,NA,0.0,0.0,0.0,22.0,80.5,0.0,242.0,0.0,0.0,5.0,996.0,NA
2026-03-06 01:00:00,55.0,138.0,2.5,9.25,7.0,23.5,7.5,0.0,18.0,0.25,1.0,NA,0.0,0.0,0.0,21.5,82.25,0.0,203.75,0.0,0.0,5.0,996.0,NA
2026-03-06 02:00:00,51.0,148.0,3.0,10.0,8.0,19.0,6.0,0.0,10.25,0.25,1.0,NA,0.0,0.0,0.0,21.0,85.75,0.0,234.25,0.0,0.0,5.25,996.75,NA
2026-03-06 03:00:00,81.0,157.0,3.0,10.5,8.0,17.5,5.75,0.0,7.75,0.0,1.25,NA,0.0,0.0,0.0,21.0,88.0,0.0,224.5,0.0,0.0,5.25,997.0,NA
2026-03-06 04:00:00,84.0,157.0,3.25,11.25,9.0,17.25,5.75,0.0,6.5,0.75,2.0,NA,0.0,0.0,0.0,20.25,88.0,0.0,234.75,0.0,0.0,5.0,997.0,NA
2026-03-06 05:00:00,124.0,217.0,4.25,17.0,12.75,21.75,6.5,0.0,3.0,1.0,3.0,NA,0.25,0.0,0.0,20.0,88.5,0.0,240.25,0.0,0.0,5.0,997.0,NA
2026-03-06 06:00:00,140.0,235.0,5.0,20.0,14.75,25.25,6.0,0.25,2.5,1.0,3.5,NA,0.25,0.0,0.0,20.0,89.0,0.0,232.5,0.0,0.0,5.75,997.0,NA
2026-03-06 07:00:00,127.0,231.0,5.5,19.75,15.25,23.5,8.0,0.0,3.25,1.0,4.0,NA,0.0,0.0,0.0,20.25,87.5,0.0,229.5,0.0,0.0,32.5,997.0,NA
2026-03-06 08:00:00,116.0,232.0,5.75,18.5,14.5,22.25,19.75,1.0,7.0,1.0,3.5,NA,0.0,0.0,0.0,22.75,72.0,1.0,235.0,0.0,0.0,138.5,995.5,NA
2026-03-06 09:00:00,132.0,248.0,5.25,13.25,11.5,20.5,21.25,0.75,15.5,1.0,3.0,NA,0.0,0.0,0.0,25.75,58.0,1.5,234.5,0.0,0.0,268.5,992.0,NA
2026-03-06 10:00:00,99.0,236.0,4.25,9.75,9.0,15.75,15.75,0.0,26.75,1.0,2.5,NA,0.0,0.0,0.0,28.0,52.5,1.75,237.5,0.0,0.0,396.5,987.0,NA
2026-03-06 11:00:00,85.0,210.0,4.0,9.0,8.25,16.0,14.5,0.0,36.0,1.0,2.0,NA,0.0,0.0,0.0,29.25,50.5,1.75,218.5,0.0,0.0,488.0,982.5,NA
2026-03-06 12:00:00,110.0,262.0,3.0,6.0,6.0,16.75,16.25,0.0,48.75,1.0,1.75,NA,0.0,0.0,0.0,30.5,47.0,1.5,229.25,0.0,0.0,508.0,979.0,NA
2026-03-06 13:00:00,99.0,234.0,2.75,7.0,6.0,20.75,22.0,0.0,56.25,1.0,1.0,NA,0.0,0.0,0.0,31.0,45.75,1.25,219.75,0.0,0.0,499.75,977.5,NA
2026-03-06 14:00:00,119.0,248.0,3.0,6.0,5.25,34.0,22.25,0.0,70.75,1.0,1.0,NA,0.0,0.0,0.0,31.5,41.5,2.0,228.5,0.0,0.0,213.5,977.0,NA
2026-03-06 15:00:00,89.0,191.0,3.0,5.0,5.0,38.75,18.5,0.0,75.5,0.75,1.0,NA,0.0,0.0,0.0,30.0,41.75,2.25,225.5,0.0,0.0,209.25,978.5,NA
2026-03-06 16:00:00,57.0,162.0,3.0,5.5,5.75,30.75,14.75,0.0,73.0,0.0,0.0,NA,0.0,0.0,0.0,28.75,46.25,2.0,226.5,0.0,0.0,109.5,985.5,NA
2026-03-06 17:00:00,55.0,195.0,3.25,7.5,7.0,26.75,12.75,0.0,62.75,0.0,0.0,NA,0.0,0.0,0.0,27.75,52.25,0.75,239.0,0.0,0.0,27.5,990.75,NA
2026-03-06 18:00:00,48.0,217.0,3.25,13.5,10.0,19.0,11.25,0.0,40.75,0.0,0.0,NA,0.0,0.0,0.0,25.75,60.5,0.0,229.0,0.0,0.0,11.25,993.25,NA
2026-03-06 19:00:00,53.0,256.0,4.0,23.5,15.75,17.25,9.25,1.0,23.25,0.0,1.25,NA,0.0,0.25,0.0,23.75,71.25,0.0,245.75,0.0,0.0,5.5,995.0,NA
2026-03-06 20:00:00,92.0,285.0,10.0,37.75,28.75,17.25,8.75,1.5,6.0,0.25,4.5,NA,1.0,1.5,1.0,23.0,78.25,0.0,248.0,0.0,0.0,5.75,995.75,NA
2026-03-06 21:00:00,132.0,455.0,47.0,43.0,60.75,19.75,9.25,3.5,2.5,2.5,10.5,NA,2.5,3.75,1.5,23.0,82.0,0.0,239.25,0.0,0.0,5.25,996.0,NA
2026-03-06 22:00:00,169.0,422.0,59.5,41.5,70.5,32.75,9.0,2.0,2.5,5.75,29.0,NA,5.75,6.75,2.0,22.75,83.75,0.0,172.0,0.0,0.0,5.0,996.0,NA
2026-03-06 23:00:00,197.0,377.0,47.75,41.0,61.0,36.75,9.75,1.5,2.75,8.75,53.0,NA,6.0,7.0,2.0,22.0,85.5,0.0,186.75,0.0,0.0,5.25,996.0,NA
2026-03-07 00:00:00,153.0,319.0,46.25,37.25,57.5,34.25,10.0,1.0,3.0,8.0,75.5,NA,5.5,7.5,2.5,22.5,86.0,0.0,135.0,0.0,0.0,5.0,996.0,NA
2026-03-07 01:00:00,138.0,291.0,29.25,34.0,42.0,32.5,7.75,1.0,3.0,6.5,72.5,NA,5.0,7.25,2.0,22.0,87.75,0.0,138.25,0.0,0.0,5.0,996.0,NA
2026-03-07 02:00:00,135.0,272.0,14.0,32.0,28.0,32.0,8.0,1.0,3.5,5.25,54.5,NA,3.5,5.0,1.5,22.0,88.0,0.0,124.0,0.0,0.0,5.0,996.0,NA
2026-03-07 03:00:00,151.0,301.0,16.75,25.25,27.5,19.5,6.25,1.0,2.25,4.75,37.0,NA,2.25,3.25,1.0,22.0,88.25,0.0,158.75,0.0,0.0,5.0,996.0,NA
2026-03-07 04:00:00,171.0,296.0,25.25,23.0,32.5,18.0,5.75,1.0,2.5,13.5,30.5,NA,2.0,2.25,1.0,21.0,89.5,0.0,159.75,0.0,0.0,5.25,996.0,NA
2026-03-07 05:00:00,177.0,304.0,30.5,20.25,36.0,19.0,5.0,1.0,2.75,17.25,27.5,NA,2.0,2.0,0.5,21.0,90.0,0.0,159.25,0.0,0.0,5.5,996.0,NA
2026-03-07 06:00:00,173.0,296.0,48.25,21.75,51.0,26.5,5.0,1.0,2.75,16.0,25.25,NA,2.0,2.0,0.25,21.0,90.25,0.0,245.5,0.0,0.0,5.75,996.0,NA
2026-03-07 07:00:00,153.0,298.0,56.25,25.5,59.25,33.5,5.5,2.0,4.0,12.0,28.0,NA,3.75,3.25,1.0,21.5,90.75,0.0,216.5,0.0,0.0,31.25,996.0,NA
2026-03-07 08:00:00,160.0,287.0,42.25,38.0,54.75,31.75,6.5,1.75,3.75,9.0,30.0,NA,5.5,4.0,1.75,23.75,86.75,0.0,206.25,0.0,0.0,122.25,995.25,NA
2026-03-07 09:00:00,169.0,334.0,15.0,34.25,30.75,30.25,17.75,1.0,5.5,7.25,27.0,NA,5.5,5.0,2.0,26.25,62.75,0.0,187.0,0.0,0.0,251.5,991.75,NA
2026-03-07 10:00:00,189.0,401.0,8.5,19.5,17.25,27.0,19.75,1.0,13.5,5.0,21.75,NA,4.0,4.75,1.75,28.75,53.25,1.25,205.25,0.0,0.0,389.5,985.25,NA
2026-03-07 11:00:00,125.0,322.0,5.25,18.75,14.25,19.75,18.0,1.0,34.5,3.5,15.0,NA,2.25,3.25,1.0,29.75,47.75,1.5,201.25,0.0,0.0,481.0,981.25,NA
2026-03-07 12:00:00,134.0,330.0,3.5,13.0,9.75,18.0,17.0,0.5,51.25,2.5,11.0,NA,1.25,2.25,0.5,31.25,40.75,1.5,209.75,0.0,0.0,524.0,977.75,NA
2026-03-07 13:00:00,86.0,220.0,2.25,7.0,6.0,19.25,12.0,0.0,57.25,2.0,7.5,NA,1.0,1.5,0.0,32.25,35.25,1.5,226.75,0.0,0.0,529.0,975.25,NA
2026-03-07 14:00:00,67.0,203.0,2.0,5.25,4.25,22.75,11.75,0.0,67.25,1.0,5.5,NA,0.0,1.0,0.0,32.25,34.25,1.5,218.0,0.0,0.0,210.75,975.0,NA
2026-03-07 15:00:00,73.0,199.0,2.0,5.0,4.5,23.5,11.75,0.0,79.0,1.0,4.25,NA,0.0,0.25,0.0,30.75,37.75,1.5,220.0,0.0,0.0,193.5,977.0,NA
2026-03-07 16:00:00,69.0,152.0,2.0,5.0,5.0,20.0,10.75,0.0,78.25,1.0,3.75,NA,0.0,0.0,0.0,29.25,40.5,1.5,238.0,0.0,0.0,108.5,983.75,NA
2026-03-07 17:00:00,48.0,149.0,2.0,7.25,5.5,19.25,10.5,0.0,70.75,0.75,3.0,NA,0.0,0.0,0.0,28.25,46.25,0.0,225.5,0.0,0.0,30.75,990.0,NA
2026-03-07 18:00:00,72.0,250.0,2.5,18.25,11.75,20.0,10.0,0.25,47.25,0.5,3.5,NA,0.0,1.0,0.0,26.25,55.0,0.0,227.25,0.0,0.0,11.5,993.0,NA
2026-03-07 19:00:00,84.0,304.0,3.5,32.25,20.0,17.5,8.75,1.0,23.75,0.75,7.0,NA,1.0,4.75,0.75,24.25,66.0,0.0,215.25,0.0,0.0,5.25,994.75,NA
2026-03-07 20:00:00,111.0,335.0,5.5,41.5,26.5,24.0,8.0,1.0,11.0,0.67,12.0,NA,3.33,13.0,3.0,23.33,72.33,0.0,215.0,0.0,0.0,5.0,995.33,NA
2026-03-07 21:00:00,153.0,406.0,19.25,50.25,42.25,25.75,8.0,1.25,3.5,1.5,23.25,NA,6.0,13.5,4.25,22.75,73.75,0.0,251.25,0.0,0.0,5.25,996.0,NA
2026-03-07 22:00:00,151.0,409.0,60.25,47.25,74.5,33.25,8.25,2.0,2.75,3.5,42.75,NA,8.0,16.75,5.5,22.0,76.75,0.0,257.25,0.0,0.0,5.25,996.0,NA
2026-03-07 23:00:00,143.0,399.0,84.75,41.75,91.25,44.75,9.0,1.5,2.75,9.5,48.5,NA,8.25,16.5,5.75,22.0,77.75,0.0,235.0,0.0,0.0,5.0,996.0,NA
2026-03-08 00:00:00,157.0,323.0,80.0,38.25,85.5,42.0,9.0,2.0,3.75,9.0,43.0,NA,7.25,12.75,4.5,22.0,80.25,0.0,159.25,0.0,0.0,5.0,996.0,NA
2026-03-08 01:00:00,180.0,372.0,62.5,36.75,70.5,37.5,8.25,1.5,4.0,8.75,63.0,NA,7.0,11.5,4.0,22.0,82.75,0.0,156.0,0.0,0.0,5.0,996.0,NA
2026-03-08 02:00:00,173.0,351.0,81.0,32.0,83.0,37.0,8.0,2.0,3.75,7.5,85.5,NA,10.25,16.25,5.0,21.0,85.5,0.0,191.5,0.0,0.0,5.0,996.0,NA
2026-03-08 03:00:00,152.0,308.0,56.25,26.25,60.0,24.75,6.0,1.0,3.5,5.5,82.0,NA,11.0,16.25,5.0,21.0,87.25,0.0,202.5,0.0,0.0,5.0,996.0,NA
2026-03-08 04:00:00,127.0,287.0,21.75,28.75,33.25,21.0,4.75,1.0,2.25,5.0,78.25,NA,12.5,15.25,5.5,21.0,88.0,0.0,261.5,0.0,0.0,5.0,996.75,NA
2026-03-08 05:00:00,251.0,375.0,16.0,31.0,29.5,22.75,8.0,1.0,2.75,4.0,60.75,NA,10.25,11.5,4.0,20.75,89.0,0.0,251.0,0.0,0.0,5.0,997.0,NA
2026-03-08 06:00:00,421.0,616.0,23.0,37.25,38.25,25.0,17.0,1.0,2.5,3.5,47.5,NA,8.5,8.5,3.0,20.75,89.75,0.0,242.0,0.0,0.0,5.75,997.0,NA
2026-03-08 07:00:00,353.0,571.0,31.25,35.75,44.5,32.25,16.25,1.5,2.5,3.75,44.5,NA,7.75,8.0,3.0,21.25,89.75,0.0,255.75,0.0,0.0,32.5,996.5,NA
2026-03-08 08:00:00,398.0,640.0,23.0,41.0,41.0,38.25,31.5,2.0,3.5,4.0,43.75,NA,7.5,8.0,3.0,23.5,78.75,0.25,221.5,0.0,0.0,134.0,995.25,NA
2026-03-08 09:00:00,378.0,588.0,9.0,29.67,23.33,37.33,60.33,1.0,7.0,4.25,38.5,NA,6.0,6.5,2.5,27.0,54.5,0.75,195.0,0.0,0.0,274.5,990.5,NA
2026-03-08 10:00:00,262.0,438.0,5.75,23.25,16.75,35.25,41.5,1.0,14.0,4.0,29.0,NA,4.25,5.5,2.0,29.0,47.25,1.75,215.5,0.0,0.0,415.25,984.5,NA
2026-03-08 11:00:00,143.0,270.0,3.0,13.0,9.5,28.0,26.5,0.25,39.5,3.5,19.75,NA,2.75,4.0,1.0,30.75,42.5,1.5,207.75,0.0,0.0,516.5,979.25,NA
2026-03-08 12:00:00,84.0,215.0,3.0,9.75,7.5,22.0,29.75,0.0,68.75,2.0,12.5,NA,1.25,2.5,0.5,31.5,39.5,1.5,229.75,0.0,0.0,533.75,977.25,NA
2026-03-08 13:00:00,105.0,219.0,1.75,8.75,6.25,22.5,26.0,0.0,75.25,1.5,8.5,NA,1.0,1.25,0.0,32.0,37.0,2.0,222.75,0.0,0.0,542.25,975.5,NA
2026-03-08 14:00:00,75.0,169.0,1.25,6.25,5.0,24.0,19.0,0.0,78.75,1.0,5.5,NA,0.25,1.0,0.0,32.25,36.0,1.5,226.0,0.0,0.0,204.5,975.25,NA
2026-03-08 15:00:00,58.0,151.0,2.0,5.75,4.5,27.25,15.0,0.0,79.0,1.0,3.5,NA,0.0,1.0,0.0,30.75,39.75,2.0,216.5,0.0,0.0,204.5,976.75,NA
2026-03-08 16:00:00,69.0,156.0,2.0,5.5,4.5,31.0,16.25,0.0,78.75,1.0,3.5,NA,0.25,1.0,0.0,29.25,42.25,2.5,227.75,0.0,0.0,108.0,984.25,NA
2026-03-08 17:00:00,58.0,146.0,2.25,6.75,5.75,29.0,15.25,0.0,70.5,0.5,3.5,NA,0.0,0.25,0.0,28.5,46.75,1.25,225.75,0.0,0.0,27.75,989.5,NA
2026-03-08 18:00:00,55.0,176.0,2.25,11.5,8.0,26.25,12.75,0.0,47.5,0.0,3.0,NA,0.25,0.0,0.0,26.75,56.0,0.0,246.75,0.0,0.0,11.5,992.5,NA
2026-03-08 19:00:00,72.0,226.0,3.0,21.25,14.25,26.25,12.5,0.75,27.5,0.0,3.0,NA,0.0,0.75,0.0,24.75,64.5,0.0,251.25,0.0,0.0,5.0,994.25,NA
2026-03-08 20:00:00,73.0,256.0,3.0,21.0,14.0,23.75,12.5,1.0,23.75,1.0,8.25,NA,1.0,1.75,0.25,24.5,67.0,1.25,164.0,0.0,0.0,5.0,994.5,NA
2026-03-08 21:00:00,118.0,257.0,3.0,20.5,13.75,23.5,12.25,1.0,18.25,1.0,31.75,NA,2.0,3.75,1.0,24.25,68.5,0.0,245.0,0.0,0.0,5.25,994.75,NA
2026-03-08 22:00:00,110.0,209.0,4.5,27.5,18.5,26.5,10.0,1.0,8.25,1.0,32.5,NA,2.0,5.0,1.5,23.0,76.25,0.0,217.5,0.0,0.0,5.25,995.75,NA
2026-03-08 23:00:00,127.0,241.0,5.0,25.25,17.5,31.0,12.0,1.0,6.75,1.0,21.25,NA,2.0,4.25,1.0,22.25,81.0,0.0,221.75,0.0,0.0,5.25,996.0,NA
2026-03-09 00:00:00,143.0,252.0,5.0,22.25,16.0,41.25,16.67,1.0,5.75,1.0,14.5,NA,2.0,4.0,1.0,22.0,84.0,0.5,230.75,0.0,0.0,5.0,996.0,NA
2026-03-09 01:00:00,151.0,242.0,4.75,25.0,17.25,40.5,15.5,1.0,6.0,1.0,11.25,NA,2.0,3.0,1.0,22.0,84.25,0.0,241.25,0.0,0.0,5.25,996.0,NA
2026-03-09 02:00:00,150.0,265.0,6.0,26.0,19.0,40.0,14.0,1.0,5.25,1.25,11.0,NA,2.0,2.0,1.0,22.0,85.75,0.0,241.5,0.0,0.0,5.0,996.0,NA
2026-03-09 03:00:00,185.0,306.0,4.0,21.25,14.75,29.75,15.25,1.0,5.75,2.0,10.5,NA,1.5,1.75,0.0,22.0,87.5,0.0,231.5,0.0,0.0,5.0,996.0,NA
2026-03-09 04:00:00,191.0,324.0,2.75,15.75,10.75,23.0,20.5,1.0,7.75,1.75,8.75,NA,1.0,1.0,0.0,21.5,88.0,0.0,235.5,0.0,0.0,5.0,996.0,NA
2026-03-09 05:00:00,189.0,323.0,4.0,15.5,11.5,21.25,21.0,1.0,5.0,1.5,7.25,NA,1.0,1.0,0.0,21.0,89.0,0.0,234.75,0.0,0.0,5.0,996.0,NA
2026-03-09 06:00:00,189.0,318.0,4.0,15.25,11.25,21.75,22.75,1.0,4.5,1.5,6.75,NA,1.0,1.0,0.0,21.0,89.75,0.0,237.0,0.0,0.0,6.0,996.0,NA
2026-03-09 07:00:00,183.0,325.0,4.5,17.0,12.75,24.25,21.5,1.0,4.0,2.0,5.5,NA,0.5,0.0,0.0,21.5,89.5,0.5,237.5,0.0,0.0,36.5,996.0,NA
2026-03-09 08:00:00,157.0,296.0,6.0,16.0,13.75,33.25,26.5,1.0,5.5,2.0,5.0,NA,0.25,0.0,0.0,24.0,78.25,1.0,239.75,0.0,0.0,139.75,994.75,NA
2026-03-09 09:00:00,175.0,264.0,5.5,11.5,10.5,36.75,27.5,1.0,10.5,2.0,4.25,NA,0.0,0.0,0.0,27.25,60.75,1.25,242.0,0.0,0.0,295.5,990.0,NA
2026-03-09 10:00:00,138.0,221.0,4.0,8.5,8.0,34.0,23.5,0.0,21.5,1.25,3.0,NA,0.0,0.0,0.0,29.25,53.25,1.5,243.0,0.0,0.0,381.25,985.25,NA
2026-03-09 11:00:00,113.0,220.0,3.25,8.0,7.25,31.0,19.0,0.0,38.0,1.0,2.25,NA,0.0,0.0,0.0,29.75,52.25,2.0,227.0,0.0,0.0,440.0,982.5,NA
2026-03-09 12:00:00,110.0,234.0,2.5,7.5,6.25,24.5,20.25,0.0,50.0,1.0,2.0,NA,0.0,0.0,0.0,30.75,46.75,2.0,225.25,0.0,0.0,523.5,978.5,NA
2026-03-09 13:00:00,84.0,232.0,2.75,5.75,5.5,19.0,19.25,0.0,57.25,1.0,2.0,NA,0.0,0.0,0.0,31.25,41.5,3.0,226.25,0.0,0.0,522.0,976.75,NA
2026-03-09 14:00:00,73.0,196.0,1.75,4.25,4.0,19.0,15.25,0.0,58.0,0.25,2.0,NA,0.0,0.0,0.0,32.0,39.5,2.5,226.5,0.0,0.0,221.0,976.5,NA
2026-03-09 15:00:00,64.0,171.0,2.5,4.25,4.5,22.75,13.75,0.0,58.25,0.0,2.0,NA,0.0,0.0,0.0,30.5,42.75,3.0,217.75,0.0,0.0,182.5,979.5,NA
2026-03-09 16:00:00,62.0,179.0,2.75,7.0,6.25,30.0,12.75,0.0,58.5,0.0,3.5,NA,0.0,0.0,0.0,29.0,45.75,2.25,225.25,0.0,0.0,137.25,985.0,NA
2026-03-09 17:00:00,108.0,220.0,2.5,8.25,6.5,34.75,11.75,0.0,41.25,0.5,4.75,NA,0.0,0.0,0.0,28.5,55.25,0.5,246.25,0.0,0.0,57.75,988.5,NA
2026-03-09 18:00:00,94.0,212.0,3.5,15.0,11.25,33.0,12.25,0.5,24.5,0.75,4.0,NA,0.0,0.0,0.0,26.75,64.0,0.0,255.5,0.0,0.0,19.25,992.0,NA
2026-03-09 19:00:00,112.0,265.0,4.75,20.75,15.0,30.25,12.0,1.0,19.0,1.0,12.25,NA,0.5,1.25,0.0,25.0,73.75,0.0,133.25,0.0,0.0,5.25,994.25,NA
2026-03-09 20:00:00,125.0,291.0,5.75,22.75,16.75,26.75,12.5,1.0,11.0,2.0,40.25,NA,2.25,4.5,1.5,24.0,79.0,0.0,89.75,0.0,0.0,5.0,995.0,NA
2026-03-09 21:00:00,123.0,333.0,7.75,25.75,20.5,20.0,10.75,1.25,7.0,2.75,60.25,NA,5.5,7.75,2.5,23.5,82.5,0.0,38.0,0.0,0.0,5.25,995.0,NA
2026-03-09 22:00:00,158.0,347.0,34.75,36.0,47.5,17.25,10.0,2.25,2.75,8.75,66.25,NA,10.75,14.75,5.0,23.0,85.5,0.0,76.0,0.0,0.0,5.0,995.5,NA
2026-03-09 23:00:00,169.0,381.0,47.5,35.25,57.75,18.25,9.5,1.25,3.5,15.25,74.0,NA,11.25,15.75,5.75,23.0,86.25,0.0,176.5,0.0,0.0,5.25,996.0,NA
2026-03-10 00:00:00,149.0,344.0,49.0,31.5,56.5,22.5,9.0,1.0,3.5,11.5,81.75,NA,9.25,12.75,4.75,22.75,87.5,0.0,188.0,0.0,0.0,5.0,996.0,NA
2026-03-10 01:00:00,175.0,339.0,35.75,26.75,43.25,36.5,8.25,1.0,3.0,19.25,79.75,NA,9.0,11.0,4.0,22.0,88.75,0.0,174.0,0.0,0.0,5.0,996.0,NA
2026-03-10 02:00:00,164.0,275.0,50.0,19.0,51.0,43.0,8.0,1.0,3.5,22.5,68.5,NA,8.0,9.25,3.25,22.0,89.5,0.0,214.0,0.0,0.0,5.0,996.0,NA
2026-03-10 03:00:00,153.0,294.0,34.5,19.5,38.75,26.0,6.25,1.0,3.0,14.25,62.25,NA,9.0,10.0,3.5,22.0,90.0,0.0,266.0,0.0,0.0,5.0,996.0,NA
2026-03-10 04:00:00,125.0,247.0,25.25,22.5,33.0,27.5,5.5,1.0,3.0,9.0,54.5,NA,8.5,9.25,3.0,22.0,90.5,0.0,260.5,0.0,0.0,5.0,996.0,NA
2026-03-10 05:00:00,167.0,318.0,20.0,18.25,26.0,22.5,5.0,1.0,2.75,5.75,44.75,NA,6.75,7.25,2.5,22.0,91.0,0.0,222.5,0.0,0.0,5.5,996.0,NA
2026-03-10 06:00:00,202.0,363.0,31.5,18.25,35.5,20.5,5.5,1.0,3.0,3.75,40.25,NA,5.25,6.0,2.0,21.5,91.0,0.0,228.75,0.0,0.0,6.25,996.0,NA
2026-03-10 07:00:00,210.0,358.0,33.5,19.0,37.5,22.0,6.25,1.0,2.5,3.0,35.5,NA,6.0,6.0,2.0,21.5,91.0,0.0,227.0,0.0,0.0,26.5,996.0,NA
2026-03-10 08:00:00,167.0,340.0,24.0,23.0,31.75,26.0,9.25,1.5,2.75,3.0,30.25,NA,6.0,7.25,2.0,22.75,90.25,0.0,204.25,0.0,0.0,103.75,995.5,NA
2026-03-10 09:00:00,226.0,479.0,20.0,25.0,29.5,36.25,18.75,1.5,3.25,2.75,25.25,NA,4.75,7.5,2.0,26.25,78.75,0.0,231.75,0.0,0.0,232.0,992.25,NA
2026-03-10 10:00:00,326.0,541.0,8.0,18.0,16.25,40.25,42.0,1.0,6.5,3.0,28.0,NA,4.5,7.5,2.0,28.75,56.25,0.25,212.0,0.0,0.0,377.25,985.5,NA
2026-03-10 11:00:00,191.0,315.0,4.75,12.5,10.75,36.5,33.0,1.0,12.5,3.0,23.25,NA,2.75,5.25,1.5,30.75,50.75,1.0,212.25,0.0,0.0,464.25,980.5,NA
2026-03-10 12:00:00,161.0,279.0,3.5,10.75,8.75,31.5,24.75,1.0,26.75,2.25,17.0,NA,2.0,3.25,1.0,31.25,48.0,1.25,217.0,0.0,0.0,498.5,978.0,NA
2026-03-10 13:00:00,139.0,267.0,3.0,8.75,7.0,24.75,23.5,0.0,52.5,2.0,12.0,NA,1.0,1.75,0.0,32.0,44.5,1.25,202.0,0.0,0.0,463.0,977.0,NA
2026-03-10 14:00:00,100.0,237.0,2.75,7.75,6.5,19.5,17.5,0.0,54.0,1.25,8.5,NA,1.0,1.0,0.0,32.0,43.5,1.5,229.0,0.0,0.0,239.75,976.25,NA
2026-03-10 15:00:00,105.0,214.0,2.25,6.0,5.0,19.0,16.5,0.0,62.5,1.0,6.5,NA,0.0,1.0,0.0,30.5,43.25,2.25,204.0,0.0,0.0,225.0,978.25,NA
2026-03-10 16:00:00,72.0,195.0,2.25,5.25,5.0,26.25,13.0,0.0,70.75,1.0,6.5,NA,0.25,1.0,0.0,29.0,44.0,2.0,225.25,0.0,0.0,104.75,984.5,NA
2026-03-10 17:00:00,56.0,173.0,1.75,7.5,5.5,35.25,10.75,0.0,67.5,1.0,6.5,NA,0.25,1.0,0.0,28.5,46.75,1.75,215.75,0.0,0.0,31.75,989.0,NA
2026-03-10 18:00:00,72.0,199.0,2.25,14.25,9.5,36.75,10.0,0.0,43.5,1.0,6.25,NA,1.0,1.25,0.0,26.5,56.0,0.0,239.5,0.0,0.0,12.0,992.5,NA
2026-03-10 19:00:00,80.0,236.0,3.0,26.25,16.75,34.5,9.75,0.5,26.5,0.5,9.0,NA,1.0,3.75,0.75,24.75,66.75,0.0,237.75,0.0,0.0,5.0,994.5,NA
2026-03-10 20:00:00,117.0,308.0,4.75,36.25,23.25,34.25,10.5,1.0,14.25,1.0,41.0,NA,3.0,7.75,2.0,24.0,73.25,0.0,263.5,0.0,0.0,5.0,995.0,NA
2026-03-10 21:00:00,160.0,440.0,25.0,48.25,46.25,28.75,10.75,2.0,4.25,1.5,90.5,NA,7.5,14.0,4.75,23.5,78.5,0.0,174.5,0.0,0.0,5.25,995.0,NA
2026-03-10 22:00:00,185.0,525.0,71.75,32.0,75.25,25.0,9.5,3.0,3.75,2.0,86.5,NA,13.0,14.75,5.25,23.0,82.5,0.0,172.25,0.0,0.0,5.5,995.75,NA
2026-03-10 23:00:00,180.0,565.0,72.0,26.75,72.75,23.75,8.5,2.5,2.75,2.0,93.0,NA,20.25,17.25,6.75,22.5,85.5,0.0,188.0,0.0,0.0,5.5,996.0,NA
2026-03-11 00:00:00,152.0,403.0,24.75,25.25,33.5,24.5,6.67,1.0,2.0,2.0,91.5,NA,21.25,17.5,6.75,22.0,86.75,0.0,188.0,0.0,0.0,5.25,996.0,NA
2026-03-11 01:00:00,141.0,258.0,9.75,20.25,18.75,29.0,6.0,1.0,3.0,2.0,83.75,NA,16.75,15.0,5.75,22.0,88.75,0.0,188.0,0.0,0.0,5.0,996.0,NA
2026-03-11 02:00:00,134.0,268.0,8.0,18.0,16.0,45.0,7.0,1.0,3.0,2.0,70.5,NA,12.75,12.25,4.5,22.0,89.5,0.0,190.75,0.0,0.0,5.0,996.0,NA
2026-03-11 03:00:00,318.0,441.0,11.25,26.0,23.25,34.5,15.0,1.0,2.75,2.0,48.5,NA,8.25,8.25,3.0,21.5,90.0,0.0,238.75,0.0,0.0,5.0,996.0,NA
2026-03-11 04:00:00,304.0,477.0,31.0,27.5,40.0,33.25,15.0,1.0,3.0,2.0,41.5,NA,6.5,7.0,3.0,21.25,90.0,0.0,256.0,0.0,0.0,5.0,996.0,NA
2026-03-11 05:00:00,282.0,490.0,35.0,28.75,44.0,31.25,12.25,1.0,3.0,2.5,46.5,NA,6.75,7.0,2.5,21.0,90.75,0.0,223.0,0.0,0.0,5.5,996.0,NA
2026-03-11 06:00:00,194.0,408.0,31.25,24.75,38.5,26.25,12.25,1.0,3.0,2.0,46.75,NA,6.5,5.75,2.0,21.0,91.0,0.0,235.0,0.0,0.0,6.0,996.0,NA
2026-03-11 07:00:00,237.0,445.0,44.0,25.0,49.5,25.25,12.75,1.25,2.5,2.0,43.5,NA,5.75,5.0,2.0,21.25,90.5,0.0,239.75,0.0,0.0,41.25,996.0,NA
2026-03-11 08:00:00,243.0,488.0,19.25,32.5,32.75,30.25,43.0,1.0,3.25,2.0,35.5,NA,5.75,4.5,1.75,23.5,77.5,0.25,221.75,0.0,0.0,155.25,995.25,NA
2026-03-11 09:00:00,251.0,414.0,8.75,20.75,18.5,30.75,39.5,1.0,6.0,3.0,24.25,NA,4.5,3.0,1.0,27.25,53.5,1.5,210.25,0.0,0.0,293.25,990.0,NA
2026-03-11 10:00:00,144.0,285.0,5.0,18.25,14.0,37.75,25.75,0.75,10.25,2.75,17.5,NA,3.75,3.75,1.0,29.25,47.0,1.75,210.0,0.0,0.0,431.5,984.0,NA
2026-03-11 11:00:00,122.0,274.0,3.0,13.5,10.0,36.75,20.0,0.0,22.75,2.0,14.0,NA,2.75,3.25,1.0,30.75,40.5,2.0,216.75,0.0,0.0,520.25,979.0,NA
2026-03-11 12:00:00,84.0,184.0,2.25,9.5,7.0,29.25,19.75,0.0,57.75,1.5,11.5,NA,1.75,2.25,0.25,32.0,36.25,2.25,223.0,0.0,0.0,542.25,976.5,NA
2026-03-11 13:00:00,70.0,181.0,1.75,8.25,6.0,22.25,20.0,0.0,78.75,1.0,8.75,NA,1.0,1.75,0.0,32.75,35.0,2.0,228.5,0.0,0.0,502.5,974.75,NA
2026-03-11 14:00:00,70.0,181.0,1.25,7.0,5.25,17.75,14.0,0.0,79.75,1.0,6.75,NA,0.75,1.0,0.0,32.75,35.25,2.25,225.0,0.0,0.0,219.5,975.0,NA
2026-03-11 15:00:00,41.0,190.0,1.75,6.0,5.0,16.25,11.75,0.0,68.25,0.0,3.25,NA,0.0,0.5,0.0,31.0,38.75,2.0,228.75,0.0,0.0,209.25,976.75,NA
2026-03-11 16:00:00,47.0,196.0,2.0,5.0,5.0,20.25,9.5,0.0,73.5,0.0,3.25,NA,0.0,1.0,0.0,29.5,37.5,1.5,227.5,0.0,0.0,106.0,983.25,NA
2026-03-11 17:00:00,46.0,199.0,2.0,8.5,6.5,19.5,9.75,0.0,63.75,0.0,3.0,NA,0.0,1.0,0.0,28.25,41.75,0.0,231.75,0.0,0.0,34.5,989.5,NA
2026-03-11 18:00:00,53.0,240.0,2.25,27.0,16.25,24.25,11.0,0.25,35.25,0.0,3.0,NA,0.0,1.0,0.0,26.5,48.0,0.0,239.5,0.0,0.0,11.0,992.5,NA
2026-03-11 19:00:00,141.0,515.0,2.75,40.25,24.25,29.0,11.25,1.0,13.25,0.0,5.5,NA,0.75,3.25,0.75,25.0,56.0,0.0,230.25,0.0,0.0,5.0,994.25,NA
2026-03-11 20:00:00,105.0,403.0,2.5,37.75,22.25,27.75,12.25,1.0,11.0,1.0,7.0,NA,1.25,4.0,1.0,24.25,61.25,0.0,213.25,0.0,0.0,5.0,995.0,NA
2026-03-11 21:00:00,103.0,335.0,3.75,38.5,23.75,27.5,17.75,1.0,8.25,1.0,6.75,NA,1.75,4.5,1.0,23.25,67.0,0.0,231.0,0.0,0.0,5.0,995.25,NA
2026-03-11 22:00:00,133.0,320.0,3.5,29.75,19.0,25.5,31.5,1.0,9.0,1.0,7.0,NA,1.75,4.0,1.0,23.0,71.25,0.0,241.75,0.0,0.0,5.0,996.0,NA
2026-03-11 23:00:00,103.0,285.0,5.75,32.75,22.25,22.25,32.0,1.0,4.25,1.0,6.25,NA,1.0,2.5,1.0,22.5,73.75,0.0,245.75,0.0,0.0,5.25,996.0,NA
2026-03-12 00:00:00,138.0,311.0,4.5,27.75,18.75,26.0,22.33,1.0,5.25,1.0,5.0,NA,1.0,1.5,0.0,22.0,75.0,0.0,262.0,0.0,0.0,5.0,996.0,NA
2026-03-12 01:00:00,136.0,286.0,4.25,23.5,16.25,26.5,18.25,1.0,7.0,1.0,5.0,NA,0.5,1.0,0.0,22.0,76.0,0.0,254.75,0.0,0.0,5.0,996.0,NA
2026-03-12 02:00:00,141.0,259.0,4.0,22.0,15.0,27.0,16.0,1.0,5.5,1.0,4.5,NA,0.5,1.25,0.0,22.0,77.0,0.0,228.25,0.0,0.0,5.0,996.0,NA
2026-03-12 03:00:00,177.0,301.0,4.25,26.5,17.5,30.0,14.75,1.0,4.5,1.0,6.5,NA,1.0,1.0,0.0,22.0,78.5,0.25,220.75,0.0,0.0,5.0,996.0,NA
2026-03-12 04:00:00,160.0,313.0,8.0,33.75,24.5,28.25,19.25,1.0,3.0,1.0,10.25,NA,1.0,1.0,0.0,22.0,78.75,0.25,222.0,0.0,0.0,5.0,996.0,NA
2026-03-12 05:00:00,167.0,383.0,6.5,32.5,22.5,26.5,26.75,1.0,3.75,1.0,11.25,NA,1.0,1.0,0.0,22.0,78.0,1.0,208.75,0.0,0.0,5.0,996.0,NA
2026-03-12 06:00:00,161.0,341.0,3.5,25.25,16.25,22.5,22.0,1.0,6.0,1.0,11.25,NA,1.0,1.0,0.0,22.0,72.75,1.0,211.0,0.0,0.0,6.25,996.0,NA
2026-03-12 07:00:00,86.0,226.0,6.25,28.75,20.75,17.5,15.75,1.0,4.75,1.0,7.0,NA,1.0,1.0,0.0,22.25,69.75,1.0,216.25,0.0,0.0,40.25,996.0,NA
2026-03-12 08:00:00,111.0,261.0,9.25,29.0,23.0,18.5,18.0,1.0,8.75,1.0,6.0,NA,1.0,1.0,0.0,25.25,56.75,0.75,216.25,0.0,0.0,169.75,993.5,NA
2026-03-12 09:00:00,129.0,296.0,6.25,25.5,19.0,20.0,26.0,1.0,22.0,1.0,6.5,NA,1.0,2.0,0.0,27.5,47.0,1.5,213.25,0.0,0.0,307.5,988.75,NA
2026-03-12 10:00:00,128.0,290.0,3.5,19.75,13.75,22.5,24.75,0.5,47.0,1.0,7.0,NA,1.0,1.25,0.0,29.5,41.5,1.75,223.25,0.0,0.0,391.75,983.5,NA
2026-03-12 11:00:00,103.0,253.0,2.75,16.0,10.5,25.75,23.25,0.0,61.0,1.0,6.5,NA,0.0,1.0,0.0,30.5,37.25,2.5,220.25,0.0,0.0,489.75,980.25,NA
2026-03-12 12:00:00,78.0,241.0,NA,NA,NA,NA,NA,NA,66.0,1.0,4.33,NA,0.0,0.33,0.0,30.67,34.67,2.33,237.33,0.0,0.0,381.33,979.67,NA
2026-03-12 13:00:00,42.0,152.0,2.5,6.75,5.75,29.5,9.0,0.0,71.5,0.75,2.75,NA,0.0,0.0,0.0,32.25,33.75,2.25,221.0,0.0,0.0,456.5,976.5,NA
2026-03-12 14:00:00,40.0,157.0,2.25,7.0,5.5,28.5,9.75,0.0,73.5,0.0,2.0,NA,0.0,0.0,0.0,30.75,36.0,2.5,225.75,0.0,0.0,247.25,979.75,NA
2026-03-12 15:00:00,35.0,190.0,2.25,7.5,6.0,24.25,9.25,0.0,76.5,0.0,1.75,NA,0.0,0.25,0.0,29.75,37.25,1.75,227.0,0.0,0.0,203.0,981.25,NA
2026-03-12 16:00:00,33.0,201.0,1.75,7.0,5.0,22.0,9.75,0.0,73.0,0.0,1.75,NA,0.0,0.5,0.0,28.5,42.25,0.75,226.75,0.0,0.0,117.25,986.5,NA
2026-03-12 17:00:00,40.0,192.0,2.25,8.75,6.75,23.5,14.5,0.0,56.25,0.0,2.0,NA,0.0,0.0,0.0,27.5,48.75,0.5,241.0,0.0,0.0,62.5,990.0,NA
2026-03-12 18:00:00,56.0,263.0,2.25,16.25,10.5,28.5,12.5,0.0,34.75,0.0,3.0,NA,0.0,0.0,0.0,25.75,56.0,0.0,262.25,0.0,0.0,16.25,992.75,NA
2026-03-12 19:00:00,96.0,298.0,2.5,25.75,15.75,44.5,13.0,1.0,26.25,0.5,4.0,NA,0.0,0.25,0.0,25.0,62.75,0.75,221.0,0.0,0.0,5.0,994.0,NA
2026-03-12 20:00:00,112.0,289.0,2.5,33.25,19.75,40.75,12.25,1.0,16.0,1.0,10.5,NA,1.0,1.25,0.25,24.25,70.0,0.0,258.25,0.0,0.0,5.0,994.75,NA
2026-03-12 21:00:00,119.0,345.0,5.5,43.25,27.5,38.25,11.0,1.0,4.5,1.0,10.0,NA,1.0,3.75,1.0,23.75,75.5,0.0,232.25,0.0,0.0,5.0,995.0,NA
2026-03-12 22:00:00,124.0,374.0,7.5,42.5,28.75,36.25,10.0,1.0,4.75,1.0,10.25,NA,2.0,4.25,1.0,23.0,80.75,0.0,241.0,0.0,0.0,5.0,995.5,NA
2026-03-12 23:00:00,116.0,296.0,6.0,29.75,20.5,30.75,12.0,1.0,5.75,1.0,12.5,NA,2.0,4.0,1.0,22.75,82.0,0.25,247.25,0.0,0.0,5.0,995.5,NA
2026-03-13 00:00:00,128.0,307.0,4.5,27.25,18.25,27.0,18.67,1.0,4.5,1.0,9.5,NA,1.5,2.75,1.0,22.0,84.75,0.0,244.5,0.0,0.0,5.0,996.0,NA
2026-03-13 01:00:00,180.0,302.0,3.75,25.5,16.75,25.75,16.25,1.0,4.0,1.0,7.0,NA,1.0,2.0,0.0,22.0,86.75,0.0,255.75,0.0,0.0,5.0,996.0,NA
2026-03-13 02:00:00,149.0,280.0,4.0,24.0,16.0,26.0,12.0,1.0,6.0,1.0,7.0,NA,1.0,1.0,0.0,22.0,88.0,0.0,244.75,0.0,0.0,5.0,996.0,NA
2026-03-13 03:00:00,153.0,262.0,2.25,18.0,11.75,30.0,9.75,1.0,4.75,1.0,6.0,NA,1.0,1.0,0.0,22.0,88.75,0.0,245.5,0.0,0.0,5.0,996.0,NA
2026-03-13 04:00:00,133.0,219.0,2.5,14.25,10.0,39.0,10.5,1.0,6.5,1.0,5.25,NA,1.0,1.0,0.0,21.5,89.0,0.0,210.5,0.0,0.0,5.0,996.0,NA
2026-03-13 05:00:00,143.0,236.0,3.0,13.25,9.25,38.5,14.25,1.0,7.5,1.0,3.75,NA,0.0,1.0,0.0,21.0,89.75,0.25,226.0,0.0,0.0,5.0,996.0,NA
2026-03-13 06:00:00,128.0,234.0,2.25,14.0,9.75,35.0,17.75,0.75,7.0,1.0,3.0,NA,0.0,0.5,0.0,21.0,90.0,0.75,236.0,0.0,0.0,6.25,996.0,NA
2026-03-13 07:00:00,130.0,247.0,4.0,15.25,11.5,31.25,14.75,0.25,6.25,1.0,2.0,NA,0.0,0.0,0.0,21.25,89.75,1.0,234.5,0.0,0.0,36.5,996.0,NA
2026-03-13 08:00:00,105.0,234.0,5.25,14.25,12.25,25.75,16.75,0.75,7.25,1.0,2.25,NA,0.0,0.0,0.0,23.25,81.5,0.75,236.5,0.0,0.0,143.75,995.25,NA
2026-03-13 09:00:00,140.0,228.0,4.25,10.25,9.25,24.0,19.0,0.0,10.75,1.0,2.25,NA,0.0,0.0,0.0,25.25,66.5,1.25,239.5,0.0,0.0,250.75,992.25,NA
2026-03-13 10:00:00,92.0,176.0,3.75,7.0,7.0,23.25,17.25,0.0,15.75,0.75,2.0,NA,0.0,0.0,0.0,28.25,51.5,2.0,233.0,0.0,0.0,432.5,985.75,NA
2026-03-13 11:00:00,55.0,142.0,2.75,5.0,5.0,27.0,14.75,0.0,23.25,0.0,1.25,NA,0.0,0.0,0.0,29.25,43.75,2.0,224.25,0.0,0.0,468.5,981.75,NA
2026-03-13 12:00:00,51.0,153.0,2.25,5.75,5.0,37.0,12.5,0.0,32.25,0.0,1.0,NA,0.0,0.0,0.0,30.0,40.0,2.75,207.0,0.0,0.0,422.75,981.0,NA
2026-03-13 13:00:00,51.0,146.0,2.0,7.0,5.75,42.5,7.5,0.0,32.5,0.0,1.0,NA,0.0,0.0,0.0,30.75,36.5,3.25,217.75,0.0,0.0,471.25,979.0,NA
2026-03-13 14:00:00,63.0,170.0,2.5,14.25,9.25,64.5,5.75,0.0,34.0,0.0,1.0,NA,0.0,0.0,0.0,NA,NA,NA,NA,NA,NA,NA,NA,NA
2026-03-13 15:00:00,50.0,146.0,3.0,24.5,15.5,88.75,6.0,0.0,31.25,0.0,0.75,NA,0.0,0.0,0.0,NA,NA,NA,NA,NA,NA,NA,NA,NA
2026-03-13 16:00:00,33.0,156.0,3.75,17.75,12.25,41.5,6.75,0.0,44.0,0.0,1.0,NA,0.5,0.0,0.0,27.5,46.25,2.25,231.75,0.0,0.0,118.25,988.5,NA
2026-03-13 17:00:00,13.0,153.0,2.75,12.75,9.5,35.75,7.75,0.0,38.25,0.5,1.0,NA,0.0,0.0,0.0,26.75,49.5,1.5,236.25,0.0,0.0,34.25,991.75,NA
2026-03-13 18:00:00,29.0,167.0,2.25,12.75,9.0,22.75,6.5,0.0,32.5,1.0,1.25,NA,0.0,0.0,0.0,25.0,56.0,0.5,246.5,0.0,0.0,10.0,994.0,NA
2026-03-13 19:00:00,33.0,262.0,2.0,18.25,11.5,22.5,9.25,0.0,22.5,0.25,1.75,NA,0.0,0.0,0.0,24.0,63.75,0.75,235.25,0.0,0.0,5.0,995.0,NA
2026-03-13 20:00:00,68.0,212.0,2.5,25.25,15.5,25.25,10.5,0.75,9.75,0.0,2.0,NA,0.25,0.75,0.0,23.0,71.0,0.0,262.75,0.0,0.0,5.0,995.75,NA
2026-03-13 21:00:00,91.0,383.0,2.5,26.75,16.5,28.75,10.0,1.0,8.5,0.0,2.5,NA,1.0,1.25,0.25,22.25,74.25,0.0,251.75,0.0,0.0,5.0,996.0,NA
2026-03-13 22:00:00,86.0,275.0,3.0,27.0,16.75,25.75,9.75,0.75,8.5,0.0,4.75,NA,1.0,2.25,1.0,22.0,77.75,0.25,243.75,0.0,0.0,5.0,996.0,NA
2026-03-13 23:00:00,86.0,204.0,2.0,16.75,10.75,25.5,10.75,0.0,19.75,0.0,5.75,NA,1.0,2.5,1.0,23.0,70.75,1.0,223.5,0.0,0.0,5.0,996.0,NA
2026-03-14 00:00:00,72.0,148.0,2.25,14.5,10.0,26.25,9.67,0.0,15.25,0.0,5.5,NA,1.0,1.25,0.25,21.5,77.25,0.0,256.25,0.0,0.0,5.0,996.0,NA
2026-03-14 01:00:00,111.0,178.0,2.25,13.5,9.0,24.5,9.0,0.0,15.0,0.0,4.0,NA,0.0,0.75,0.0,21.0,81.5,0.5,247.5,0.0,0.0,5.0,996.5,NA
2026-03-14 02:00:00,73.0,175.0,2.0,13.0,8.0,25.0,8.0,0.0,32.5,0.0,4.25,NA,0.0,0.0,0.0,21.75,76.5,2.75,199.5,0.0,0.0,5.0,996.0,NA
2026-03-14 03:00:00,91.0,174.0,2.25,12.75,8.75,23.75,9.25,0.0,20.0,0.0,4.5,NA,0.0,0.25,0.0,21.0,79.5,0.25,233.25,0.0,0.0,5.25,996.5,NA
2026-03-14 04:00:00,123.0,213.0,2.5,15.5,10.5,23.0,12.5,0.0,13.0,0.0,3.5,NA,0.0,0.0,0.0,20.0,85.75,0.25,235.75,0.0,0.0,5.0,997.0,NA
2026-03-14 05:00:00,184.0,307.0,2.25,18.33,11.5,23.25,15.25,0.0,8.25,0.0,3.0,NA,0.0,0.0,0.0,20.0,86.75,0.5,238.25,0.0,0.0,5.0,997.0,NA
2026-03-14 06:00:00,202.0,325.0,3.5,22.0,14.75,23.25,20.25,0.75,4.75,1.0,5.25,NA,0.0,0.0,0.0,20.0,88.0,0.25,238.25,0.0,0.0,6.0,997.0,NA
2026-03-14 07:00:00,210.0,359.0,4.5,22.0,15.75,23.25,25.25,1.0,6.75,1.0,6.0,NA,0.0,0.0,0.0,20.25,88.0,0.5,231.0,0.0,0.0,51.0,996.75,NA
2026-03-14 08:00:00,164.0,315.0,9.0,21.0,18.75,23.75,26.25,1.0,8.5,1.0,5.5,NA,0.0,0.0,0.0,22.75,74.75,1.5,230.25,0.0,0.0,152.5,995.5,NA
2026-03-14 09:00:00,188.0,306.0,3.75,11.0,9.25,23.25,28.5,0.25,18.0,1.0,4.75,NA,0.0,0.0,0.0,26.25,56.0,1.25,229.75,0.0,0.0,290.25,991.25,NA
2026-03-14 10:00:00,113.0,198.0,2.25,9.0,7.0,23.0,20.25,0.0,31.0,1.0,3.25,NA,0.0,0.0,0.0,28.25,46.0,1.25,216.25,0.0,0.0,431.25,985.75,NA
2026-03-14 11:00:00,88.0,175.0,2.25,8.0,6.0,22.5,17.5,0.0,49.75,1.0,2.0,NA,0.0,0.0,0.0,29.5,39.5,1.25,208.25,0.0,0.0,521.75,981.5,NA
2026-03-14 12:00:00,59.0,156.0,2.25,7.75,6.25,21.0,13.25,0.0,66.75,1.0,1.25,NA,0.0,0.0,0.0,29.0,39.5,2.0,230.5,0.0,0.0,269.5,984.25,NA
2026-03-14 13:00:00,55.0,162.0,2.5,7.0,5.75,18.75,11.75,0.0,66.75,0.25,1.0,NA,0.0,0.0,0.0,28.5,39.75,1.25,230.25,0.0,0.0,250.5,986.0,NA
2026-03-14 14:00:00,34.0,118.0,2.5,6.25,5.5,17.25,10.5,0.0,70.25,0.0,1.0,NA,0.0,0.0,0.0,29.75,36.25,1.25,220.5,0.0,0.0,243.5,981.5,NA
2026-03-14 15:00:00,34.0,114.0,2.0,5.0,4.75,17.0,9.25,0.0,74.0,0.0,1.0,NA,0.0,0.0,0.0,29.0,35.25,1.5,211.25,0.0,0.0,171.5,981.0,NA
2026-03-14 16:00:00,31.0,142.0,2.25,6.0,5.0,17.25,10.25,0.0,71.75,0.0,1.0,NA,0.0,0.0,0.0,27.75,41.25,2.5,211.0,0.0,0.0,113.75,988.5,NA
2026-03-14 17:00:00,50.0,149.0,2.5,7.0,6.0,19.25,10.5,0.0,68.75,0.0,0.5,NA,0.0,0.0,0.0,26.75,47.75,1.0,202.75,0.0,0.0,49.0,991.25,NA
2026-03-14 18:00:00,47.0,171.0,2.25,11.0,8.0,21.0,10.0,0.0,51.25,0.0,2.0,NA,0.0,0.0,0.0,25.25,54.0,0.75,174.0,0.0,0.0,13.25,993.75,NA
2026-03-14 19:00:00,53.0,232.0,2.0,20.25,12.5,21.75,9.75,0.25,34.5,0.0,13.0,NA,0.25,0.5,0.0,23.5,55.25,0.0,257.75,0.0,0.0,5.25,995.25,NA
2026-03-14 20:00:00,106.0,292.0,26.25,55.5,51.25,27.5,9.0,1.75,5.75,0.5,22.75,NA,1.0,1.5,0.0,22.75,61.25,0.0,255.0,0.0,0.0,5.0,996.0,NA
2026-03-14 21:00:00,240.0,736.0,44.25,51.0,63.5,28.0,9.25,2.75,6.0,1.5,32.75,NA,2.5,3.5,1.25,22.0,64.0,0.0,205.0,0.0,0.0,6.0,996.0,NA
2026-03-14 22:00:00,204.0,651.0,11.0,48.5,35.25,22.0,8.0,1.25,4.75,3.0,58.0,NA,6.25,8.25,2.75,22.25,61.25,0.0,89.0,0.0,0.0,5.0,996.0,NA
2026-03-14 23:00:00,117.0,337.0,39.25,52.5,60.0,21.25,8.5,2.5,3.75,3.0,51.5,NA,6.25,8.5,2.75,21.75,64.5,0.0,178.0,0.0,0.0,5.5,996.0,NA
2026-03-15 00:00:00,136.0,328.0,40.25,49.0,59.25,22.0,10.67,2.0,3.5,3.0,44.75,NA,5.25,8.25,2.0,22.0,65.5,0.0,124.0,0.0,0.0,5.0,996.0,NA
2026-03-15 01:00:00,151.0,351.0,30.75,51.25,52.5,21.25,10.0,1.75,3.0,3.0,62.0,NA,5.0,7.25,2.0,21.5,66.5,0.0,155.0,0.0,0.0,5.5,996.0,NA
2026-03-15 02:00:00,133.0,292.0,5.0,41.0,27.0,24.0,10.0,1.0,4.0,2.0,49.25,NA,3.25,4.75,1.5,22.0,65.5,0.0,117.75,0.0,0.0,5.0,996.0,NA
2026-03-15 03:00:00,132.0,252.0,11.25,43.5,32.25,22.25,16.75,1.0,3.0,1.0,26.0,NA,1.0,2.0,0.25,22.0,63.5,1.0,106.5,0.0,0.0,5.0,996.0,NA
2026-03-15 04:00:00,151.0,267.0,7.0,38.5,26.25,22.0,21.25,1.0,4.25,1.0,20.75,NA,1.0,1.75,0.0,22.25,62.25,1.75,185.75,0.0,0.0,5.0,996.0,NA
2026-03-15 05:00:00,145.0,323.0,2.75,14.25,9.75,19.75,14.25,0.0,19.0,1.75,28.75,NA,1.75,2.5,0.75,22.5,63.75,4.0,144.0,0.0,0.0,5.0,996.0,NA
2026-03-15 06:00:00,69.0,170.0,2.25,9.25,7.5,19.75,7.0,0.0,23.5,1.25,22.25,NA,1.0,2.0,0.0,21.0,74.5,3.0,103.0,0.25,1.0,5.25,996.0,NA
2026-03-15 07:00:00,55.0,108.0,2.0,8.75,6.25,20.5,6.0,0.0,26.75,1.0,14.5,NA,1.0,1.0,0.0,21.25,72.75,3.5,113.75,0.0,0.0,7.0,996.0,NA
2026-03-15 08:00:00,44.0,97.0,2.25,11.0,7.75,20.5,6.25,0.0,21.5,0.75,9.75,NA,0.25,1.0,0.0,21.75,72.75,3.0,116.75,0.0,0.0,45.5,996.0,NA
2026-03-15 09:00:00,28.0,74.0,2.25,10.0,7.25,20.0,6.25,0.0,24.0,0.0,6.5,NA,0.0,0.0,0.0,22.75,67.25,2.25,113.5,0.0,0.0,128.5,995.25,NA
2026-03-15 10:00:00,33.0,88.0,3.0,11.75,9.25,20.0,6.25,0.0,22.25,0.0,4.5,NA,0.0,0.0,0.0,23.0,65.75,1.75,109.5,0.0,0.0,89.25,995.0,NA
2026-03-15 11:00:00,34.0,98.0,2.75,9.25,7.25,20.25,6.25,0.0,24.25,0.0,4.5,NA,0.0,0.0,0.0,24.0,62.5,3.0,111.25,0.0,0.0,288.5,993.75,NA
2026-03-15 12:00:00,33.0,93.0,3.0,7.25,6.75,21.0,8.0,0.0,31.0,0.0,3.5,NA,0.0,0.0,0.0,26.0,54.75,3.75,102.75,0.0,0.0,498.5,989.75,NA
2026-03-15 13:00:00,34.0,96.0,2.75,8.25,6.75,21.0,8.0,0.0,40.0,0.0,3.5,NA,0.0,0.0,0.0,27.5,50.25,2.75,111.5,0.0,0.0,464.0,985.75,NA
2026-03-15 14:00:00,30.0,104.0,2.5,9.5,7.25,21.25,9.5,0.0,65.5,0.0,3.25,NA,0.0,0.0,0.0,28.0,47.0,3.0,109.25,0.0,0.0,233.5,985.0,NA
2026-03-15 15:00:00,42.0,132.0,2.75,11.0,8.25,21.5,10.25,0.0,76.0,0.0,2.0,NA,0.0,0.0,0.0,27.25,45.0,4.5,133.0,0.0,0.0,207.5,987.25,NA
2026-03-15 16:00:00,27.0,127.0,2.25,9.5,7.0,20.0,8.5,0.0,75.25,0.0,1.0,NA,0.0,0.0,0.0,26.5,46.0,4.5,138.75,0.0,0.0,110.5,990.5,NA
2026-03-15 17:00:00,27.0,136.0,2.0,10.25,7.25,18.5,6.5,0.0,70.75,0.0,1.0,NA,0.0,0.0,0.0,26.0,46.25,3.5,127.75,0.0,0.0,40.5,992.5,NA
2026-03-15 18:00:00,30.0,135.0,2.0,15.5,10.0,18.5,6.0,0.0,45.75,0.0,0.75,NA,0.0,0.0,0.0,24.75,53.25,2.0,97.0,0.0,0.0,13.5,993.75,NA
2026-03-15 19:00:00,42.0,162.0,2.0,17.5,11.0,19.25,8.0,0.25,35.5,0.0,0.75,NA,0.0,0.0,0.0,23.75,58.5,3.0,90.5,0.0,0.0,5.0,995.0,NA
2026-03-15 20:00:00,48.0,156.0,2.0,18.33,11.5,20.25,7.0,1.0,26.5,0.0,1.0,NA,0.0,0.0,0.0,23.0,61.5,2.0,96.0,0.0,0.0,5.0,995.0,NA
2026-03-15 21:00:00,70.0,190.0,2.0,19.75,12.5,21.0,6.75,1.0,18.75,1.0,1.0,NA,0.0,0.0,0.0,23.0,63.5,2.5,91.0,0.0,0.0,5.0,996.0,NA
2026-03-15 22:00:00,70.0,184.0,2.0,18.5,11.75,22.0,6.25,1.0,14.0,1.0,1.0,NA,0.0,0.0,0.0,22.25,66.5,1.5,102.0,0.0,0.0,5.0,996.0,NA
2026-03-15 23:00:00,79.0,188.0,2.75,21.75,14.0,22.25,7.0,1.0,9.0,1.0,1.0,NA,0.0,0.0,0.0,22.0,69.5,0.75,97.0,0.0,0.0,5.0,996.0,NA
2026-03-16 00:00:00,94.0,223.0,2.5,19.0,12.25,22.5,8.67,0.0,15.0,1.0,2.0,NA,0.0,0.0,0.0,22.25,64.75,3.75,88.75,0.0,0.0,5.0,996.0,NA
2026-03-16 01:00:00,78.0,169.0,1.75,12.25,8.25,21.75,6.75,0.0,22.0,1.0,3.5,NA,0.0,0.0,0.0,21.5,68.75,1.5,105.0,0.0,0.0,5.0,996.0,NA
2026-03-16 02:00:00,46.0,137.0,1.0,12.0,8.0,22.0,6.0,0.0,19.75,1.0,4.5,NA,0.0,0.0,0.0,20.75,73.25,2.75,95.5,0.0,0.0,5.0,996.5,NA
2026-03-16 03:00:00,50.0,108.0,2.0,9.0,6.25,23.75,5.0,0.0,23.75,0.25,2.5,NA,0.0,0.0,0.0,20.0,74.75,2.75,101.25,0.0,0.0,5.0,997.0,NA
2026-03-16 04:00:00,41.0,86.0,2.0,8.75,6.25,21.25,5.0,0.0,29.75,0.0,1.25,NA,0.0,0.0,0.0,20.0,72.25,2.0,115.0,0.0,0.0,5.0,997.0,NA
2026-03-16 05:00:00,38.0,86.0,2.25,8.25,6.25,21.25,5.0,0.0,35.25,0.0,0.0,NA,0.0,0.0,0.0,20.5,68.75,2.75,98.0,0.0,0.0,5.0,997.0,NA
2026-03-16 06:00:00,28.0,73.0,1.75,9.25,6.5,21.75,4.5,0.0,29.75,0.0,0.25,NA,0.0,0.0,0.0,20.0,70.0,2.75,99.25,0.0,0.0,6.5,997.0,NA
2026-03-16 07:00:00,50.0,119.0,2.75,15.25,10.5,22.0,6.0,0.0,21.5,0.0,0.75,NA,0.0,0.0,0.0,21.0,66.0,2.0,116.5,0.0,0.0,47.0,996.5,NA
2026-03-16 08:00:00,46.0,121.0,4.25,15.5,11.75,22.0,9.25,0.0,28.25,0.0,1.0,NA,0.0,0.0,0.0,23.0,56.5,3.75,133.25,0.0,0.0,167.25,995.0,NA
2026-03-16 09:00:00,36.0,134.0,5.5,20.25,15.5,22.5,15.0,0.0,33.25,0.0,1.0,NA,0.0,0.0,0.0,25.0,48.25,2.25,155.0,0.0,0.0,305.75,992.5,NA
2026-03-16 10:00:00,39.0,153.0,5.25,21.75,16.25,23.0,19.0,0.0,46.5,0.0,1.0,NA,0.0,0.0,0.0,26.0,44.0,3.5,158.5,0.0,0.0,429.25,989.75,NA
2026-03-16 11:00:00,40.0,188.0,3.75,14.75,11.0,23.5,9.75,0.0,69.75,0.0,1.75,NA,0.0,0.0,0.0,27.0,42.5,5.25,157.5,0.0,0.0,487.25,988.75,NA
2026-03-16 12:00:00,48.0,229.0,3.0,10.75,8.25,24.0,9.5,0.0,84.5,0.0,2.0,NA,0.0,0.0,0.0,27.5,41.5,6.25,157.75,0.0,0.0,493.0,987.5,NA
2026-03-16 13:00:00,53.0,272.0,3.0,9.0,7.5,24.25,10.5,0.0,89.5,0.0,1.75,NA,0.0,0.0,0.0,28.25,40.25,5.0,178.5,0.0,0.0,469.25,984.75,NA
2026-03-16 14:00:00,40.0,186.0,2.0,8.0,6.0,24.75,9.25,0.0,95.5,0.0,1.0,NA,0.0,0.0,0.0,29.0,39.0,3.75,171.25,0.0,0.0,240.5,982.75,NA
2026-03-16 15:00:00,35.0,169.0,2.25,7.75,6.25,24.5,9.25,0.0,104.5,0.0,0.0,NA,0.0,0.0,0.0,28.75,39.5,2.0,167.0,0.0,0.0,225.25,982.5,NA
2026-03-16 16:00:00,36.0,181.0,2.75,9.5,7.0,24.25,8.75,0.0,106.75,0.0,0.0,NA,0.0,0.0,0.0,28.0,40.0,2.0,154.5,0.0,0.0,119.75,986.75,NA
2026-03-16 17:00:00,33.0,169.0,2.0,12.25,8.5,24.0,8.25,0.0,92.0,0.5,0.5,NA,0.0,0.0,0.0,27.5,43.0,1.0,109.0,0.0,0.0,44.75,990.5,NA
2026-03-16 18:00:00,48.0,252.0,2.5,23.75,14.75,25.5,9.0,0.25,54.75,1.0,4.0,NA,0.0,0.0,0.0,26.25,49.5,0.0,107.75,0.0,0.0,13.75,992.75,NA
2026-03-16 19:00:00,69.0,319.0,2.5,38.25,22.5,28.0,9.0,1.0,28.5,0.25,8.0,NA,0.0,0.0,0.0,25.0,54.75,0.5,107.75,0.0,0.0,5.0,994.0,NA
2026-03-16 20:00:00,112.0,339.0,2.25,21.75,13.5,28.5,9.5,0.5,45.25,0.25,15.25,NA,0.5,0.75,0.0,24.5,61.25,5.75,156.75,0.0,0.0,5.0,994.25,NA
2026-03-16 21:00:00,75.0,206.0,3.0,13.25,9.25,28.25,8.0,0.0,36.75,1.0,32.75,NA,2.0,3.0,1.0,23.25,70.0,5.25,166.0,0.0,0.0,5.0,995.0,NA
2026-03-16 22:00:00,63.0,147.0,2.5,14.25,9.75,30.75,9.0,0.0,26.25,1.0,22.0,NA,1.0,2.75,1.0,22.5,68.25,4.25,180.0,0.0,0.0,5.0,995.75,NA
2026-03-16 23:00:00,57.0,136.0,2.0,14.75,9.75,29.75,17.75,0.0,21.25,1.0,15.75,NA,1.0,2.0,0.5,22.0,67.25,3.75,156.5,0.0,0.0,5.0,996.0,NA
2026-03-17 00:00:00,46.0,127.0,2.0,14.5,9.0,28.25,13.33,0.0,20.0,0.75,11.25,NA,1.0,2.0,0.0,21.0,68.0,1.5,217.25,0.0,0.0,5.0,996.0,NA
2026-03-17 01:00:00,58.0,125.0,1.75,14.25,9.0,25.75,12.25,0.0,18.0,0.0,9.5,NA,0.75,2.0,0.0,21.0,69.0,0.75,191.75,0.0,0.0,5.0,996.0,NA
2026-03-17 02:00:00,52.0,138.0,2.0,15.0,9.0,26.0,12.0,0.0,10.75,0.0,9.0,NA,1.0,2.0,0.0,20.75,72.0,0.0,238.25,0.0,0.0,5.5,996.5,NA
2026-03-17 03:00:00,53.0,123.0,2.5,18.0,11.75,23.0,7.75,0.0,6.5,0.0,4.5,NA,0.0,0.5,0.0,20.0,77.5,0.0,231.0,0.0,0.0,5.5,997.0,NA
2026-03-17 04:00:00,53.0,121.0,3.0,20.0,13.5,20.25,7.75,0.0,5.25,0.0,3.0,NA,0.0,0.25,0.0,19.0,80.75,0.0,238.5,0.0,0.0,5.25,997.0,NA
2026-03-17 05:00:00,81.0,173.0,4.5,22.75,15.75,20.0,7.5,0.0,3.25,0.0,2.0,NA,0.0,0.0,0.0,19.0,83.0,0.0,238.75,0.0,0.0,5.5,997.0,NA
2026-03-17 06:00:00,67.0,152.0,6.75,22.0,17.25,21.25,9.25,0.25,2.25,0.0,2.0,NA,0.0,0.0,0.0,19.0,84.0,0.0,246.5,0.0,0.0,8.5,997.0,NA
2026-03-17 07:00:00,119.0,251.0,10.75,21.0,20.0,22.0,18.25,1.0,3.0,0.0,3.0,NA,0.0,0.0,0.0,19.5,82.25,0.25,245.25,0.0,0.0,53.75,997.0,NA
2026-03-17 08:00:00,162.0,313.0,10.0,20.25,18.75,22.75,26.5,1.0,5.0,0.75,4.0,NA,0.0,0.75,0.0,21.75,71.25,0.75,248.25,0.0,0.0,136.5,995.75,NA
2026-03-17 09:00:00,191.0,329.0,8.0,19.25,16.75,24.0,32.0,1.0,9.25,1.0,4.25,NA,0.0,0.75,0.0,24.75,58.25,1.0,238.25,0.0,0.0,265.0,993.25,NA
2026-03-17 10:00:00,191.0,330.0,5.5,18.75,14.5,25.5,28.5,1.0,19.75,1.0,4.0,NA,0.0,0.0,0.0,26.0,53.75,1.0,216.0,0.0,0.0,351.5,990.5,NA
2026-03-17 11:00:00,164.0,300.0,4.75,20.75,15.0,28.0,23.75,1.0,33.25,1.0,5.0,NA,0.0,0.0,0.0,26.25,53.25,1.75,195.5,0.0,0.0,356.0,989.25,NA
2026-03-17 12:00:00,145.0,285.0,3.0,15.75,10.75,29.0,19.25,0.75,45.25,1.0,8.0,NA,0.0,0.0,0.0,26.25,53.5,1.5,226.0,0.0,0.0,262.75,989.75,NA
2026-03-17 13:00:00,101.0,242.0,2.75,10.75,8.0,29.25,18.0,0.0,65.5,1.0,8.0,NA,0.0,0.0,0.0,28.0,48.0,2.0,185.25,0.0,0.0,472.75,984.5,NA
2026-03-17 14:00:00,81.0,196.0,1.5,9.0,6.0,29.0,16.25,0.0,83.0,0.75,9.25,NA,0.0,0.0,0.0,29.0,42.75,2.75,180.5,0.0,0.0,266.5,981.75,NA
2026-03-17 15:00:00,48.0,162.0,1.0,7.0,4.75,27.25,13.0,0.0,89.75,0.0,4.25,NA,0.0,0.0,0.0,28.25,44.0,1.75,210.5,0.0,0.0,197.0,984.0,NA
2026-03-17 16:00:00,50.0,152.0,2.0,7.25,5.5,25.75,12.0,0.0,92.5,0.0,3.0,NA,0.0,0.0,0.0,27.0,46.5,2.25,212.0,0.0,0.0,120.5,989.0,NA
2026-03-17 17:00:00,45.0,168.0,2.0,8.25,5.75,24.5,9.5,0.0,89.0,0.0,3.0,NA,0.0,0.0,0.0,26.25,47.75,2.25,201.5,0.0,0.0,46.5,991.75,NA
2026-03-17 18:00:00,51.0,171.0,1.75,13.75,8.75,24.5,8.0,0.0,67.5,0.0,3.5,NA,0.0,0.0,0.0,25.25,52.5,1.5,223.25,0.0,0.0,12.75,993.75,NA
2026-03-17 19:00:00,70.0,245.0,2.25,21.5,13.25,24.5,8.0,0.75,46.25,0.0,12.5,NA,0.0,0.75,0.0,23.75,61.75,1.25,204.0,0.0,0.0,5.0,995.0,NA
2026-03-17 20:00:00,103.0,283.0,1.75,21.5,12.75,26.0,8.0,1.0,46.25,1.0,20.25,NA,1.0,2.25,0.5,23.5,63.5,2.25,208.0,0.0,0.0,5.25,995.0,NA
2026-03-17 21:00:00,117.0,246.0,2.5,21.0,13.5,26.25,8.25,0.75,44.5,1.0,22.75,NA,2.0,4.5,1.0,23.0,64.75,2.25,172.25,0.0,0.0,5.0,995.25,NA
2026-03-17 22:00:00,95.0,208.0,1.0,17.25,10.25,26.25,8.75,0.25,43.5,1.0,21.5,NA,2.0,5.25,1.5,23.0,65.75,2.0,183.75,0.0,0.0,5.0,995.25,NA
2026-03-17 23:00:00,78.0,181.0,1.25,13.75,8.67,26.25,8.5,0.0,43.0,1.0,18.75,NA,2.0,4.75,1.0,23.0,68.75,2.75,173.5,0.0,0.0,5.0,995.75,NA
2026-03-18 00:00:00,89.0,185.0,1.75,14.5,9.75,27.0,8.67,0.0,27.75,1.0,15.75,NA,2.0,4.0,1.0,22.0,74.0,0.25,193.0,0.0,0.0,5.0,996.0,NA
2026-03-18 01:00:00,111.0,196.0,2.0,15.25,10.25,26.75,8.25,0.0,24.0,1.0,15.75,NA,2.25,3.75,1.0,21.0,77.75,0.5,162.25,0.0,0.0,5.5,996.0,NA
2026-03-18 02:00:00,89.0,191.0,2.0,17.0,11.0,27.0,9.0,0.0,10.0,0.75,12.25,NA,1.75,2.75,0.75,21.0,80.0,0.0,256.0,0.0,0.0,5.25,996.25,NA
2026-03-18 03:00:00,116.0,210.0,3.0,21.0,13.5,26.75,6.5,0.0,8.25,0.25,8.0,NA,1.25,1.75,0.25,20.25,83.5,0.0,247.5,0.0,0.0,5.25,997.0,NA
2026-03-18 04:00:00,97.0,175.0,3.25,20.5,13.5,25.5,6.5,0.0,6.0,1.0,8.75,NA,1.25,2.0,0.25,20.25,85.5,0.0,231.25,0.0,0.0,5.0,996.75,NA
2026-03-18 05:00:00,114.0,210.0,3.0,21.0,13.75,25.75,9.25,1.0,5.25,0.75,6.5,NA,1.0,1.5,0.0,21.0,82.75,0.0,182.25,0.0,0.0,5.25,996.25,NA
2026-03-18 06:00:00,125.0,224.0,7.0,24.5,19.0,25.5,8.75,1.0,3.75,1.0,7.0,NA,1.0,2.0,0.0,20.25,83.5,0.0,230.75,0.0,0.0,6.75,997.0,NA
2026-03-18 07:00:00,124.0,242.0,10.75,25.0,22.25,24.75,7.75,1.0,3.0,1.0,6.5,NA,1.0,1.5,0.0,20.5,84.75,0.0,244.25,0.0,0.0,49.5,996.5,NA
2026-03-18 08:00:00,156.0,273.0,9.0,30.0,23.5,25.75,22.0,1.0,5.25,1.0,6.0,NA,0.75,1.0,0.0,23.25,67.75,1.25,199.25,0.0,0.0,160.0,995.0,NA
2026-03-18 09:00:00,180.0,331.0,5.25,20.25,15.0,26.0,26.5,1.0,11.75,1.0,5.75,NA,1.0,1.0,0.0,25.75,56.25,1.25,206.0,0.0,0.0,299.5,992.0,NA
2026-03-18 10:00:00,141.0,295.0,3.5,18.25,12.75,25.25,22.25,0.75,30.0,1.0,6.25,NA,1.0,1.0,0.0,27.5,47.5,1.0,133.5,0.0,0.0,386.0,987.5,NA
2026-03-18 11:00:00,117.0,268.0,2.75,15.0,10.25,24.5,18.0,0.0,68.25,1.0,9.75,NA,1.0,1.0,0.0,28.5,43.75,1.0,131.0,0.0,0.0,410.0,984.5,NA
2026-03-18 12:00:00,100.0,232.0,1.5,12.0,8.0,24.5,18.75,0.0,111.0,1.0,10.33,NA,1.0,1.0,0.0,29.25,41.5,1.25,130.25,0.0,0.0,444.5,982.75,NA
2026-03-18 13:00:00,78.0,226.0,1.75,13.0,8.75,29.5,19.25,0.0,136.0,NA,NA,NA,NA,NA,NA,30.5,38.0,0.5,175.5,0.0,0.0,419.5,979.25,NA
2026-03-18 14:00:00,91.0,218.0,2.0,12.5,8.5,NA,16.75,0.0,150.25,NA,NA,NA,NA,NA,NA,30.5,38.0,1.25,165.0,0.0,0.0,272.75,980.25,NA
2026-03-18 15:00:00,86.0,250.0,1.25,14.0,8.75,29.67,15.25,0.0,141.75,NA,NA,NA,NA,NA,NA,29.0,40.25,1.25,106.25,0.0,0.0,190.5,985.0,NA
2026-03-18 16:00:00,68.0,240.0,2.0,14.5,9.5,25.5,13.25,0.0,126.5,NA,NA,NA,NA,NA,NA,28.75,39.25,1.0,112.0,0.0,0.0,104.0,987.5,NA
2026-03-18 17:00:00,64.0,252.0,1.67,17.0,10.33,27.33,12.33,0.0,98.33,NA,NA,NA,NA,NA,NA,27.33,45.0,1.0,117.33,0.0,0.0,23.0,990.67,NA
2026-03-18 18:00:00,88.0,292.0,2.0,28.33,16.67,29.0,12.67,0.67,62.0,52.0,214.67,NA,402.0,326.0,384.67,26.67,48.67,2.0,190.67,0.0,0.0,5.67,992.33,NA
2026-03-18 19:00:00,95.0,378.0,2.0,8.75,6.75,27.25,7.25,0.0,50.75,1.0,44.5,NA,4.25,8.5,3.0,21.75,80.25,3.0,220.5,0.0,0.0,5.0,995.75,NA
2026-03-18 20:00:00,41.0,93.0,1.75,13.25,8.25,30.25,5.25,0.0,38.25,0.5,5.75,NA,0.25,0.25,0.0,21.5,87.0,2.5,147.75,0.0,0.0,5.0,996.0,NA
2026-03-18 21:00:00,44.0,97.0,1.75,18.0,11.5,30.0,5.0,0.0,29.75,6.75,8.5,NA,0.25,0.5,0.0,22.0,86.75,2.0,120.0,0.0,0.0,5.0,996.0,NA
2026-03-18 22:00:00,52.0,103.0,2.25,22.0,13.75,31.0,5.25,0.0,21.75,2.25,8.25,NA,0.0,1.0,0.0,22.0,84.25,1.5,118.0,0.0,0.0,5.0,996.0,NA
2026-03-18 23:00:00,48.0,96.0,2.25,24.0,14.75,32.0,6.0,0.0,23.25,1.25,6.5,NA,0.0,1.0,0.0,22.0,79.25,1.5,100.75,0.0,0.0,5.0,996.0,NA
2026-03-19 00:00:00,68.0,121.0,2.0,18.0,11.5,31.0,6.0,0.0,25.5,1.0,4.0,NA,0.0,0.75,0.0,22.0,76.5,1.5,105.75,0.0,0.0,5.0,996.0,NA
2026-03-19 01:00:00,72.0,91.0,1.75,11.5,7.5,32.0,6.0,0.0,33.0,1.0,2.25,NA,0.0,0.0,0.0,22.0,73.5,0.5,143.25,0.0,0.0,5.0,996.0,NA
2026-03-19 02:00:00,46.0,90.0,1.0,11.0,7.0,32.0,6.0,0.0,25.75,1.0,2.75,NA,0.0,0.0,0.0,22.0,74.25,0.5,92.5,0.0,0.0,5.0,996.0,NA
2026-03-19 03:00:00,48.0,93.0,2.0,14.25,9.25,29.5,5.25,0.0,21.75,1.0,2.5,NA,0.0,0.0,0.0,22.0,74.25,0.75,111.75,0.0,0.0,5.0,996.0,NA
2026-03-19 04:00:00,38.0,90.0,2.0,11.25,7.5,26.25,5.5,0.0,21.5,1.0,2.5,NA,0.0,0.0,0.0,22.0,73.75,0.75,101.75,0.0,0.0,5.0,996.0,NA
2026-03-19 05:00:00,41.0,93.0,2.25,12.0,8.5,25.5,6.25,0.0,14.0,1.0,2.0,NA,0.0,0.0,0.0,21.75,75.75,0.0,154.25,0.0,0.0,5.0,996.0,NA
2026-03-19 06:00:00,45.0,102.0,3.0,17.5,12.0,25.5,5.25,0.0,6.25,1.0,3.0,NA,0.25,0.25,0.0,21.0,82.0,0.0,228.25,0.0,0.0,7.0,996.0,NA
2026-03-19 07:00:00,72.0,153.0,3.25,23.0,14.75,26.25,6.75,1.0,5.75,1.75,12.75,NA,2.25,1.75,0.75,21.5,80.5,0.0,137.75,0.0,0.0,28.0,996.0,NA
2026-03-19 08:00:00,68.0,151.0,7.0,26.0,19.75,28.25,9.25,1.0,6.25,2.0,9.25,NA,0.0,0.0,0.0,22.75,73.0,0.0,184.75,0.0,0.0,81.5,995.25,NA
2026-03-19 09:00:00,92.0,175.0,7.25,26.75,20.25,29.5,12.5,1.0,9.75,2.0,7.25,NA,0.5,0.0,0.0,24.25,64.0,0.0,139.25,0.0,0.0,117.5,993.75,NA
2026-03-19 10:00:00,75.0,187.0,5.75,27.0,19.0,30.25,15.25,1.0,18.0,2.0,4.0,NA,0.0,0.0,0.0,25.5,56.25,0.0,155.75,0.0,0.0,187.0,992.0,NA
2026-03-19 11:00:00,77.0,187.0,4.25,26.5,17.75,30.75,14.5,0.75,23.75,1.75,4.75,NA,0.0,0.0,0.0,26.0,57.75,0.25,234.5,0.0,0.0,247.25,991.25,NA
2026-03-19 12:00:00,129.0,235.0,3.5,15.0,11.0,33.0,17.75,0.0,30.75,1.5,10.0,NA,0.0,0.75,0.0,26.75,53.25,1.0,224.5,0.0,0.0,400.25,988.25,NA
2026-03-19 13:00:00,66.0,127.0,2.0,12.5,8.25,31.5,14.25,0.0,51.75,0.5,3.5,NA,0.0,0.0,0.0,27.5,48.0,1.5,209.75,0.0,0.0,280.25,988.0,NA
2026-03-19 14:00:00,34.0,85.0,1.5,10.0,6.5,29.75,9.0,0.0,56.0,0.0,2.0,NA,0.0,0.0,0.0,26.0,53.0,0.0,226.5,0.0,0.0,108.5,991.75,NA
2026-03-19 15:00:00,38.0,103.0,2.0,10.0,7.0,30.5,7.75,0.0,45.0,0.0,2.0,NA,0.0,0.5,0.0,25.0,58.0,0.25,230.5,0.0,0.0,77.0,993.25,NA
2026-03-19 16:00:00,34.0,109.0,2.0,10.5,7.25,30.25,6.75,0.0,37.0,0.0,1.0,NA,0.0,1.0,0.0,23.75,70.75,0.5,226.5,0.0,0.0,72.75,994.5,NA
2026-03-19 17:00:00,51.0,130.0,2.5,11.0,8.0,32.25,7.25,0.0,32.0,0.5,4.5,NA,0.0,0.75,0.0,22.75,76.25,3.25,193.0,0.0,0.0,32.5,995.25,NA
2026-03-19 18:00:00,63.0,129.0,2.25,11.0,7.75,33.5,6.0,0.0,24.5,1.0,30.75,NA,0.75,1.75,0.0,22.0,81.5,3.75,184.75,0.0,0.0,9.75,996.0,NA
2026-03-19 19:00:00,69.0,138.0,2.25,11.5,8.0,32.25,6.25,0.0,22.5,1.0,26.75,NA,1.0,2.25,0.5,21.25,84.5,3.25,181.5,0.0,0.0,5.0,996.0,NA
2026-03-19 20:00:00,52.0,107.0,2.5,10.25,7.25,31.5,6.25,0.0,26.0,1.0,31.0,NA,1.5,3.0,1.0,21.0,84.25,2.5,135.5,0.0,0.0,5.0,996.0,NA
2026-03-19 21:00:00,44.0,92.0,2.0,10.5,7.5,30.25,4.75,0.0,31.0,0.5,15.0,NA,1.5,2.25,0.75,21.0,87.0,1.75,95.5,0.0,0.0,5.0,996.0,NA
2026-03-19 22:00:00,39.0,88.0,2.5,17.0,11.0,29.75,5.0,0.0,21.0,0.0,9.5,NA,0.0,1.0,0.0,21.0,86.75,0.25,85.0,0.0,0.0,5.0,996.0,NA
2026-03-19 23:00:00,63.0,120.0,2.0,16.5,10.75,29.25,5.0,0.0,13.0,2.0,16.5,NA,1.25,1.5,0.25,20.25,88.0,0.0,204.25,0.0,0.0,5.0,996.75,NA
2026-03-20 00:00:00,52.0,98.0,2.0,14.25,9.25,28.25,3.33,0.0,6.75,0.75,12.0,NA,1.75,3.75,1.25,20.0,89.5,0.0,238.25,0.0,0.0,5.0,997.0,NA
2026-03-20 01:00:00,33.0,80.0,2.25,11.25,8.0,28.75,3.0,0.0,11.0,0.0,6.0,NA,0.25,3.75,0.75,20.0,90.0,0.0,244.0,0.0,0.0,5.0,997.0,NA
2026-03-20 02:00:00,34.0,86.0,3.0,15.0,10.0,30.0,3.0,0.0,9.0,0.25,6.0,NA,0.0,0.5,0.0,20.0,90.25,0.0,237.75,0.0,0.0,5.0,997.0,NA
2026-03-20 03:00:00,44.0,94.0,1.25,17.0,10.25,28.5,4.75,0.0,8.25,0.0,3.5,NA,0.0,2.5,0.25,20.0,90.75,0.0,171.75,0.0,0.0,5.0,997.0,NA
2026-03-20 04:00:00,96.0,221.0,2.0,17.0,11.0,26.75,6.5,0.0,4.75,1.0,10.0,NA,1.25,1.5,0.25,20.0,90.25,0.0,234.25,0.0,0.0,5.0,997.0,NA
2026-03-20 05:00:00,72.0,192.0,2.25,11.25,8.0,26.25,7.75,0.0,7.0,0.75,1.25,NA,0.0,0.25,0.0,20.0,91.0,0.0,223.5,0.0,0.0,5.0,997.0,NA
2026-03-20 06:00:00,67.0,171.0,2.25,7.5,6.0,25.75,5.5,0.0,9.75,0.5,1.0,NA,0.0,0.0,0.0,20.0,91.0,0.0,224.75,0.0,0.0,5.75,997.0,NA
2026-03-20 07:00:00,46.0,118.0,2.5,10.75,8.0,26.0,4.5,0.0,8.75,1.0,1.0,NA,0.0,0.25,0.0,20.0,91.0,0.0,232.25,0.0,0.0,11.0,997.0,NA
2026-03-20 08:00:00,48.0,94.0,2.75,10.0,8.0,26.5,4.0,0.0,8.25,0.25,1.25,NA,0.0,0.0,0.0,20.75,91.0,0.0,230.5,0.0,0.0,25.5,996.25,NA
2026-03-20 09:00:00,52.0,109.0,2.25,9.5,7.0,27.25,4.75,0.0,10.75,0.0,1.0,NA,0.0,0.25,0.0,21.0,91.0,0.0,229.75,0.0,0.0,47.75,996.0,NA
2026-03-20 10:00:00,61.0,123.0,3.0,8.25,7.25,28.5,5.0,0.0,14.0,0.0,1.0,NA,0.0,0.0,0.0,21.0,90.0,0.0,236.5,0.0,0.0,78.75,996.0,NA
2026-03-20 11:00:00,35.0,74.0,2.75,7.25,6.5,29.0,5.0,0.0,19.25,0.0,2.75,NA,0.0,1.5,0.25,21.0,88.75,0.25,205.25,0.0,0.0,95.0,996.0,NA
2026-03-20 12:00:00,34.0,77.0,2.0,5.75,5.0,29.5,5.25,0.0,25.5,0.25,25.75,NA,0.5,1.25,0.25,21.25,86.25,0.5,164.25,0.0,0.0,158.5,996.0,NA
2026-03-20 13:00:00,29.0,63.0,1.75,5.25,4.5,29.25,6.0,0.0,28.0,0.0,25.5,NA,0.75,1.25,0.25,22.5,77.0,0.5,170.75,0.0,0.0,257.5,995.0,NA
2026-03-20 14:00:00,13.0,57.0,2.0,4.75,4.25,28.0,5.5,0.0,32.25,0.0,10.25,NA,0.0,0.25,0.0,23.5,68.5,0.0,138.5,0.0,0.0,192.75,993.75,NA
2026-03-20 15:00:00,29.0,74.0,2.0,5.0,4.25,28.0,5.0,0.0,35.75,0.0,18.25,NA,0.0,0.5,0.0,23.75,66.75,0.25,197.5,0.0,0.0,169.25,993.75,NA
2026-03-20 16:00:00,28.0,79.0,1.75,5.0,4.0,27.25,5.0,0.0,40.5,0.0,19.75,NA,0.0,0.75,0.0,23.0,68.25,0.75,137.75,0.0,0.0,112.75,994.5,NA
2026-03-20 17:00:00,28.0,79.0,2.0,4.75,4.5,26.5,5.0,0.0,44.0,0.0,18.75,NA,0.25,1.0,0.0,23.0,68.75,0.5,187.5,0.0,0.0,75.25,995.0,NA
2026-03-20 18:00:00,36.0,87.0,1.5,8.75,6.25,26.5,4.75,0.0,42.0,0.25,31.0,NA,0.75,2.25,0.5,22.25,71.5,0.25,149.0,0.0,0.0,20.75,995.75,NA
2026-03-20 19:00:00,48.0,115.0,2.25,15.75,10.5,27.0,5.0,0.0,16.75,1.0,35.25,NA,1.75,4.5,1.5,21.5,80.25,0.0,111.0,0.0,0.0,5.0,996.0,NA
2026-03-20 20:00:00,62.0,124.0,2.5,20.0,12.75,26.75,4.5,0.0,8.5,1.0,12.0,NA,0.0,0.75,0.0,21.0,85.5,0.0,139.0,0.0,0.0,5.25,996.5,NA
2026-03-20 21:00:00,67.0,127.0,3.0,22.0,14.25,26.5,4.0,0.25,5.5,1.0,3.0,NA,0.0,0.0,0.0,20.0,88.0,0.0,128.5,0.0,0.0,5.0,997.0,NA
2026-03-20 22:00:00,59.0,132.0,3.5,23.5,15.5,26.5,4.0,0.0,4.25,1.25,3.75,NA,0.0,0.0,0.0,20.0,89.0,0.0,153.75,0.0,0.0,5.0,997.0,NA
2026-03-20 23:00:00,57.0,119.0,2.75,17.75,11.75,26.0,4.0,0.0,5.75,1.0,5.5,NA,0.0,1.0,0.0,20.0,89.75,0.0,147.75,0.0,0.0,5.0,997.0,NA
2026-03-21 00:00:00,53.0,123.0,2.0,14.75,9.5,25.25,4.0,0.0,5.75,1.0,4.5,NA,0.0,0.0,0.0,20.0,90.25,0.0,178.75,0.0,0.0,5.25,997.0,NA
2026-03-21 01:00:00,58.0,109.0,3.25,14.75,11.0,25.5,4.0,0.0,4.0,1.0,3.25,NA,0.5,0.0,0.0,19.75,91.0,0.0,209.75,0.0,0.0,5.25,997.0,NA
2026-03-21 02:00:00,48.0,105.0,4.0,16.0,11.0,26.0,4.0,0.0,4.25,1.0,8.75,NA,1.0,1.5,0.5,19.0,91.0,0.0,220.25,0.0,0.0,5.0,997.0,NA
2026-03-21 03:00:00,44.0,92.0,3.0,12.5,9.25,24.0,4.75,0.0,4.5,1.0,7.75,NA,1.0,1.25,0.0,19.0,93.25,0.0,204.25,0.0,0.0,5.0,997.0,NA
2026-03-21 04:00:00,66.0,121.0,2.5,13.0,9.5,23.0,5.75,0.5,4.25,1.0,14.75,NA,0.75,1.0,0.0,19.0,94.0,0.0,227.5,0.0,0.0,5.0,997.0,NA
2026-03-21 05:00:00,77.0,152.0,9.0,13.75,15.0,22.5,5.0,1.0,2.5,1.25,16.25,NA,1.25,1.0,0.5,19.0,94.0,0.0,193.75,0.0,0.0,5.25,997.0,NA
2026-03-21 06:00:00,55.0,115.0,8.25,14.75,14.75,22.0,5.0,1.0,2.5,2.0,32.25,NA,6.0,3.25,1.25,18.5,94.0,0.0,222.5,0.0,0.0,6.75,997.0,NA
2026-03-21 07:00:00,57.0,86.0,13.75,14.5,19.25,21.75,5.0,1.0,3.75,2.5,32.0,NA,2.75,3.25,1.25,19.0,94.0,0.0,117.25,0.0,0.0,30.25,997.0,NA
2026-03-21 08:00:00,64.0,109.0,13.0,16.75,19.5,22.75,5.0,1.0,5.75,2.0,32.25,NA,2.0,4.0,1.0,19.75,92.5,0.0,154.0,0.0,0.0,84.75,997.0,NA
2026-03-21 09:00:00,78.0,148.0,9.75,19.0,18.25,23.5,5.25,1.0,7.25,2.25,29.5,NA,2.5,2.75,1.0,20.5,90.0,0.0,221.0,0.0,0.0,141.0,996.0,NA
2026-03-21 10:00:00,55.0,94.0,5.5,14.5,12.5,24.75,8.25,1.0,14.5,1.5,25.25,NA,0.75,1.5,0.25,23.25,81.0,0.25,230.75,0.0,0.0,417.5,994.0,NA
2026-03-21 11:00:00,92.0,140.0,3.25,12.5,9.5,27.0,14.5,0.0,22.0,1.0,8.25,NA,0.0,1.0,0.0,25.25,62.25,0.0,214.5,0.0,0.0,491.5,990.25,NA
2026-03-21 12:00:00,75.0,126.0,1.0,11.0,7.0,32.0,11.0,0.0,36.33,1.0,6.5,NA,0.0,0.0,0.0,26.67,54.0,0.33,212.0,0.0,0.0,568.33,987.33,NA
2026-03-21 13:00:00,64.0,108.0,2.5,9.5,7.25,28.5,9.5,0.0,39.5,NA,NA,NA,NA,NA,NA,27.5,48.25,0.75,204.75,0.0,0.0,425.5,986.0,NA
2026-03-21 14:00:00,42.0,91.0,2.0,8.25,6.25,26.0,8.25,0.0,44.25,NA,NA,NA,NA,NA,NA,27.75,46.25,0.25,221.0,0.0,0.0,283.25,985.5,NA
2026-03-21 15:00:00,34.0,96.0,1.25,8.5,5.75,24.5,7.5,0.0,51.5,NA,NA,NA,NA,NA,NA,26.5,48.5,0.25,220.0,0.0,0.0,220.0,989.25,NA
2026-03-21 16:00:00,31.0,94.0,1.75,7.75,5.5,23.0,6.75,0.0,48.5,NA,NA,NA,NA,NA,NA,26.0,49.0,1.25,202.25,0.0,0.0,110.25,991.0,NA
2026-03-21 17:00:00,28.0,90.0,2.0,8.5,6.0,21.5,6.0,0.0,44.5,NA,NA,NA,NA,NA,NA,25.25,52.5,0.25,218.0,0.0,0.0,56.75,993.25,NA
2026-03-21 18:00:00,28.0,96.0,2.25,13.25,9.0,22.25,6.0,0.0,27.5,0.0,0.33,NA,0.33,1.67,0.0,24.0,61.25,0.0,239.5,0.0,0.0,16.75,994.75,NA
2026-03-21 19:00:00,66.0,148.0,2.0,26.75,16.0,24.0,6.5,1.0,17.75,1.0,20.5,NA,0.25,0.5,0.5,22.75,70.0,0.0,268.25,0.0,0.0,5.25,995.75,NA
2026-03-21 20:00:00,108.0,214.0,2.75,31.25,19.0,28.0,6.75,1.0,11.5,4.0,39.25,NA,2.0,3.5,1.25,22.0,75.5,0.0,256.0,0.0,0.0,5.0,996.0,NA
2026-03-21 21:00:00,119.0,208.0,2.75,31.5,19.5,27.5,6.0,1.0,7.5,4.25,30.5,NA,1.5,7.0,1.75,21.5,78.5,0.0,258.5,0.0,0.0,5.0,996.0,NA
2026-03-21 22:00:00,97.0,187.0,4.25,31.75,20.5,26.25,5.75,1.0,5.75,2.75,15.0,NA,1.75,4.0,1.25,21.0,80.25,0.0,235.75,0.0,0.0,5.0,996.0,NA
2026-03-21 23:00:00,79.0,187.0,5.5,30.25,20.5,26.0,6.0,1.0,4.5,2.5,26.75,NA,2.0,5.5,1.75,21.0,82.25,0.0,217.5,0.0,0.0,5.0,996.0,NA
2026-03-22 00:00:00,111.0,215.0,2.5,21.25,13.5,26.25,8.67,0.0,12.75,2.5,56.75,NA,2.0,4.25,0.75,21.75,77.75,0.5,171.25,0.0,0.0,5.0,996.0,NA
2026-03-22 01:00:00,102.0,175.0,1.25,14.0,9.0,25.0,7.0,0.0,17.0,2.25,12.0,NA,0.75,2.75,0.5,21.5,77.5,0.0,181.0,0.0,0.0,5.0,996.0,NA
2026-03-22 02:00:00,91.0,157.0,2.0,12.0,NA,23.0,5.0,0.0,9.75,2.0,8.5,NA,0.0,1.75,0.0,20.25,84.5,0.0,249.75,0.0,0.0,5.0,997.0,NA
2026-03-22 03:00:00,70.0,149.0,2.25,15.25,10.0,23.25,5.0,0.0,7.25,1.0,9.5,NA,0.0,1.0,0.0,20.0,88.25,0.0,226.25,0.0,0.0,5.0,997.0,NA
2026-03-22 04:00:00,129.0,247.0,2.25,15.25,10.0,22.25,11.5,0.0,6.5,1.0,4.25,NA,0.0,1.5,0.25,20.0,89.25,0.0,243.5,0.0,0.0,5.0,997.0,NA
2026-03-22 05:00:00,101.0,204.0,2.5,14.75,10.0,21.5,11.25,0.0,6.25,1.0,7.0,NA,0.0,0.0,0.0,19.0,89.75,0.0,255.5,0.0,0.0,5.0,997.0,NA
2026-03-22 06:00:00,116.0,224.0,2.75,14.25,9.75,21.0,7.25,0.0,5.25,2.0,4.0,NA,0.0,1.25,0.0,19.0,90.75,0.0,237.25,0.0,0.0,8.25,997.0,NA
2026-03-22 07:00:00,89.0,201.0,4.75,17.25,13.0,21.5,7.5,0.5,5.5,2.0,3.75,NA,0.0,1.25,0.0,19.75,90.25,0.0,225.25,0.0,0.0,56.0,997.0,NA
2026-03-22 08:00:00,136.0,261.0,5.0,16.0,12.5,21.5,25.0,0.75,8.5,2.0,3.5,NA,0.0,0.25,0.0,21.75,84.0,0.0,246.0,0.0,0.0,174.0,995.75,NA
2026-03-22 09:00:00,158.0,253.0,3.5,9.75,8.25,22.5,25.25,0.0,12.75,1.75,1.5,NA,0.0,0.0,0.0,25.0,66.0,0.0,229.25,0.0,0.0,324.0,992.5,NA
2026-03-22 10:00:00,106.0,165.0,2.25,8.5,6.75,23.5,19.5,0.0,21.5,1.0,1.0,NA,0.0,0.0,0.0,26.75,52.0,0.75,223.75,0.0,0.0,459.0,988.75,NA
2026-03-22 11:00:00,51.0,109.0,2.5,10.0,7.5,23.25,10.5,0.0,37.0,0.25,0.75,NA,0.0,0.0,0.0,27.75,43.5,0.75,212.75,0.0,0.0,566.0,985.5,NA
2026-03-22 12:00:00,35.0,103.0,2.25,9.25,7.0,23.5,8.5,0.0,51.5,0.75,0.75,NA,0.0,0.0,0.0,28.25,42.5,0.75,228.25,0.0,0.0,540.75,984.0,NA
2026-03-22 13:00:00,36.0,97.0,2.5,8.75,6.75,23.5,8.0,0.0,59.75,0.25,1.0,NA,0.0,1.0,0.0,29.0,42.0,1.25,212.25,0.0,0.0,445.75,982.5,NA
2026-03-22 14:00:00,53.0,124.0,2.5,8.0,6.5,23.0,6.75,0.0,64.25,1.5,1.0,NA,0.0,0.0,0.0,28.5,42.0,1.5,205.75,0.0,0.0,227.5,984.0,NA
2026-03-22 15:00:00,27.0,98.0,2.0,7.75,5.75,22.5,6.0,0.0,68.5,0.0,3.75,NA,0.0,0.0,0.0,27.5,43.75,2.5,189.75,0.0,0.0,286.5,985.75,NA
2026-03-22 16:00:00,36.0,114.0,2.25,11.5,8.25,22.75,7.0,0.0,67.0,1.0,5.75,NA,0.0,0.25,0.0,27.0,46.0,1.25,214.5,0.0,0.0,92.25,990.0,NA
2026-03-22 17:00:00,39.0,119.0,2.0,9.0,6.75,22.5,5.75,0.0,69.0,0.25,1.0,NA,0.0,0.0,0.0,26.25,48.75,0.25,233.75,0.0,0.0,37.5,992.5,NA
2026-03-22 18:00:00,31.0,118.0,1.75,11.75,7.75,23.0,5.25,0.0,53.0,0.0,1.0,NA,0.0,0.0,0.0,24.5,57.0,0.0,254.5,0.0,0.0,13.75,994.5,NA
2026-03-22 19:00:00,47.0,137.0,2.5,21.25,13.5,22.75,5.75,0.5,34.75,0.5,1.75,NA,0.0,0.75,0.0,23.0,64.0,0.0,258.5,0.0,0.0,5.25,995.75,NA
2026-03-22 20:00:00,88.0,234.0,2.75,32.0,19.75,26.0,9.0,1.0,19.75,2.5,6.5,NA,1.5,19.0,2.5,22.25,69.0,0.0,202.25,0.0,0.0,5.25,996.0,NA
2026-03-22 21:00:00,128.0,257.0,2.25,27.25,16.5,25.25,8.0,1.0,21.75,4.0,41.25,NA,3.75,15.75,3.75,22.0,71.75,0.0,192.5,0.0,0.0,5.0,996.0,NA
2026-03-22 22:00:00,99.0,185.0,2.5,29.75,18.25,23.5,7.75,1.0,9.75,3.0,52.5,NA,1.0,14.0,2.0,22.0,73.5,0.0,209.25,0.0,0.0,5.0,996.0,NA
2026-03-22 23:00:00,95.0,206.0,2.0,18.5,11.75,25.25,11.0,0.0,29.75,2.0,26.0,NA,3.25,16.75,4.0,23.0,66.5,0.0,124.25,0.0,0.0,5.0,995.25,NA
2026-03-23 00:00:00,97.0,184.0,1.75,13.5,8.75,25.25,10.33,0.0,38.25,2.25,104.25,NA,3.25,10.75,3.75,23.0,65.25,0.0,102.0,0.0,0.0,5.0,995.0,NA
2026-03-23 01:00:00,79.0,152.0,2.0,13.25,9.0,25.75,7.5,0.0,33.0,2.0,123.5,NA,3.5,15.5,4.0,22.25,72.0,0.0,144.5,0.0,0.0,5.0,996.0,NA
2026-03-23 02:00:00,72.0,137.0,2.0,15.0,10.0,26.0,6.0,0.0,12.0,2.0,73.75,NA,3.25,7.0,2.5,21.5,78.25,0.0,196.0,0.0,0.0,5.0,996.0,NA
2026-03-23 03:00:00,69.0,142.0,3.25,21.5,14.0,24.75,5.25,0.0,7.5,1.75,36.0,NA,2.25,7.25,2.25,21.75,80.0,0.0,243.75,0.0,0.0,5.0,996.0,NA
2026-03-23 04:00:00,64.0,127.0,2.25,14.0,9.5,24.25,6.25,0.0,19.5,1.25,9.5,NA,0.25,2.5,0.25,21.75,79.25,0.5,186.0,0.0,0.0,5.0,996.0,NA
2026-03-23 05:00:00,55.0,131.0,1.75,9.5,6.5,24.25,4.5,0.0,29.5,1.0,5.0,NA,0.75,1.25,0.0,21.0,86.75,0.0,145.25,0.0,0.0,5.0,996.0,NA
2026-03-23 06:00:00,50.0,112.0,1.25,9.75,6.25,25.75,4.0,0.0,34.25,1.0,9.5,NA,2.25,3.75,1.0,21.0,88.0,0.5,149.5,0.0,0.0,5.5,996.0,NA
2026-03-23 07:00:00,69.0,127.0,2.0,12.25,8.75,25.75,4.0,0.25,35.25,3.75,13.0,NA,1.25,3.0,1.0,21.0,88.25,0.25,130.75,0.0,0.0,10.5,996.0,NA
2026-03-23 08:00:00,55.0,112.0,1.75,14.0,9.0,24.25,4.0,0.25,22.0,2.0,22.25,NA,1.0,3.75,0.75,21.0,89.5,0.0,161.75,0.0,0.0,24.0,996.0,NA
2026-03-23 09:00:00,59.0,96.0,2.0,14.25,9.5,24.5,4.0,0.0,19.25,1.5,11.25,NA,0.75,1.5,0.25,21.0,89.75,0.0,212.5,0.0,0.0,29.5,996.0,NA
2026-03-23 10:00:00,51.0,97.0,2.25,12.25,8.5,25.75,4.5,0.0,19.0,1.0,2.75,NA,0.0,0.5,0.0,21.5,89.5,0.0,211.5,0.0,0.0,62.5,996.0,NA
2026-03-23 11:00:00,59.0,110.0,3.25,14.0,10.0,26.25,5.75,0.0,20.5,1.0,5.5,NA,0.0,0.0,0.0,22.25,85.0,0.25,188.5,0.0,0.0,180.75,995.5,NA
2026-03-23 12:00:00,57.0,110.0,3.75,13.0,10.0,27.25,6.25,0.0,25.0,1.0,8.75,NA,0.25,1.0,0.0,24.5,71.5,0.0,217.75,0.0,0.0,234.75,993.25,NA
2026-03-23 13:00:00,41.0,97.0,2.25,10.25,7.25,27.25,6.25,0.0,38.75,0.5,5.75,NA,0.0,0.0,0.0,26.0,61.5,0.0,209.5,0.0,0.0,243.75,989.75,NA
2026-03-23 14:00:00,35.0,82.0,2.0,7.0,5.5,26.25,7.25,0.0,47.25,0.0,6.0,NA,0.0,0.0,0.0,28.75,48.25,0.0,209.5,0.0,0.0,186.5,982.5,NA
2026-03-23 15:00:00,30.0,65.0,1.75,6.0,4.75,24.75,7.5,0.0,65.25,0.0,3.25,NA,0.0,0.0,0.0,28.25,47.75,0.0,213.0,0.0,0.0,285.0,983.5,NA
2026-03-23 16:00:00,31.0,74.0,1.75,6.25,5.0,24.25,7.25,0.0,83.0,0.0,4.5,NA,0.0,0.0,0.0,27.0,50.0,0.0,204.0,0.0,0.0,84.25,989.25,NA
2026-03-23 17:00:00,38.0,86.0,1.75,7.0,5.75,23.5,6.75,0.0,81.0,0.0,3.0,NA,0.0,0.0,0.0,26.0,55.5,0.0,195.5,0.0,0.0,39.0,992.5,NA
2026-03-23 18:00:00,40.0,97.0,2.25,14.5,9.75,23.75,5.75,0.0,56.25,0.75,3.0,NA,0.0,0.25,0.0,24.5,63.5,0.0,263.5,0.0,0.0,14.75,994.5,NA
2026-03-23 19:00:00,62.0,138.0,20.25,51.75,44.75,28.25,5.5,2.25,14.5,4.0,9.75,NA,0.0,3.0,2.0,23.0,74.75,0.0,239.0,0.0,0.0,5.5,995.75,NA
2026-03-23 20:00:00,279.0,482.0,23.75,59.5,51.25,29.25,6.0,1.75,3.5,10.0,116.0,NA,7.75,25.75,6.5,23.0,79.75,0.0,152.5,0.0,0.0,5.0,996.0,NA
2026-03-23 21:00:00,153.0,307.0,9.75,54.25,37.25,28.75,5.0,1.5,3.5,4.75,106.0,NA,3.75,19.5,3.5,22.0,80.25,0.0,142.5,0.0,0.0,5.0,996.0,NA
2026-03-23 22:00:00,158.0,278.0,15.0,51.0,39.25,27.25,5.0,1.0,3.25,4.75,90.75,NA,2.5,11.25,2.5,22.0,81.75,0.0,140.75,0.0,0.0,5.0,996.0,NA
2026-03-23 23:00:00,129.0,279.0,26.0,53.5,49.75,26.5,5.0,1.75,3.5,4.25,62.75,NA,2.75,11.5,3.0,22.0,83.5,0.0,141.25,0.0,0.0,5.0,996.0,NA
2026-03-24 00:00:00,161.0,359.0,42.75,61.25,67.75,26.75,5.33,2.0,4.25,5.75,72.5,NA,3.75,15.25,4.25,21.75,85.25,0.0,142.0,0.0,0.0,5.0,996.0,NA
2026-03-24 01:00:00,153.0,392.0,41.0,56.25,63.25,27.0,5.5,2.0,4.0,6.5,64.5,NA,8.0,17.25,6.5,21.0,87.0,0.0,142.25,0.0,0.0,5.0,996.0,NA
2026-03-24 02:00:00,136.0,311.0,44.0,49.0,62.0,28.0,6.0,NA,4.5,6.75,68.25,NA,6.5,23.5,7.25,21.0,88.0,0.0,166.25,0.0,0.0,5.0,996.0,NA
2026-03-24 03:00:00,105.0,262.0,50.25,35.25,59.75,24.75,5.0,2.0,4.0,7.5,60.75,NA,9.0,20.0,7.25,21.0,89.0,0.0,211.5,0.0,0.0,5.0,996.0,NA
2026-03-24 04:00:00,132.0,307.0,41.25,38.25,54.0,22.25,4.75,2.0,3.5,6.75,63.5,NA,7.0,19.25,6.5,21.0,89.25,0.0,224.25,0.0,0.0,5.25,996.0,NA
2026-03-24 05:00:00,108.0,275.0,41.0,36.0,52.75,22.75,5.0,2.0,3.25,6.0,57.5,NA,6.25,16.75,5.75,21.0,90.0,0.0,225.0,0.0,0.0,5.0,996.25,NA
2026-03-24 06:00:00,144.0,318.0,45.25,37.25,57.0,24.0,5.75,2.0,3.75,7.25,65.0,NA,5.75,17.0,5.0,21.0,90.0,0.0,267.75,0.0,0.0,8.5,997.0,NA
2026-03-24 07:00:00,226.0,402.0,45.75,44.5,61.25,24.25,6.5,2.0,3.75,8.75,67.0,NA,3.75,17.0,4.75,21.5,89.75,0.0,223.0,0.0,0.0,63.0,996.25,NA
2026-03-24 08:00:00,250.0,456.0,19.25,62.5,49.25,28.75,37.0,2.0,6.5,8.25,75.5,NA,5.75,16.25,5.5,24.0,79.75,0.0,227.0,0.0,0.0,177.5,995.0,NA
2026-03-24 09:00:00,359.0,544.0,6.25,36.75,25.0,33.25,71.0,1.0,18.5,7.25,49.25,NA,1.75,9.0,2.5,27.0,59.5,0.0,233.0,0.0,0.0,278.25,990.0,NA
2026-03-24 10:00:00,243.0,364.0,2.75,17.0,11.25,30.25,46.0,0.5,36.25,4.5,19.75,NA,0.75,3.5,0.75,28.75,50.5,0.25,226.25,0.0,0.0,454.25,985.0,NA
2026-03-24 11:00:00,92.0,171.0,2.5,11.75,8.75,26.5,23.75,0.0,47.25,1.75,6.5,NA,0.0,0.5,0.0,29.5,46.5,0.25,221.25,0.0,0.0,532.75,982.25,NA
2026-03-24 12:00:00,58.0,137.0,1.0,9.0,6.25,25.25,15.25,0.0,57.25,1.0,4.0,NA,0.0,0.5,0.0,29.5,44.75,1.5,193.25,0.0,0.0,569.0,981.75,NA
2026-03-24 13:00:00,46.0,124.0,1.25,8.25,5.5,25.25,11.75,0.0,61.25,1.0,13.0,NA,0.0,1.0,0.0,29.5,43.25,2.0,183.5,0.0,0.0,423.25,981.5,NA
2026-03-24 14:00:00,40.0,115.0,1.0,7.25,5.0,25.25,11.0,0.0,65.5,0.0,5.0,NA,0.0,0.0,0.0,29.25,43.75,2.75,178.5,0.0,0.0,192.0,982.0,NA
2026-03-24 15:00:00,46.0,121.0,1.75,7.25,5.0,25.0,10.5,0.0,72.75,0.0,13.25,NA,0.0,0.75,0.0,28.75,44.25,2.0,199.75,0.0,0.0,284.25,984.25,NA
2026-03-24 16:00:00,35.0,118.0,1.0,8.5,5.5,24.25,9.25,0.0,79.25,0.25,28.5,NA,0.0,1.5,0.0,28.0,45.25,2.5,204.0,0.0,0.0,82.75,989.25,NA
2026-03-24 17:00:00,44.0,124.0,1.5,10.0,6.5,24.25,7.75,0.0,74.75,0.75,25.0,NA,0.75,1.75,0.25,27.0,48.75,2.25,189.75,0.0,0.0,37.0,991.5,NA
2026-03-24 18:00:00,48.0,143.0,1.75,16.0,10.0,24.25,6.75,0.0,52.0,1.25,35.25,NA,0.5,2.25,0.25,25.5,55.25,0.25,208.5,0.0,0.0,14.5,993.25,NA
2026-03-24 19:00:00,51.0,182.0,2.0,34.0,19.5,24.25,7.75,0.75,20.0,1.5,32.5,NA,1.0,6.5,1.75,23.5,66.75,0.0,266.5,0.0,0.0,5.25,995.0,NA
2026-03-24 20:00:00,111.0,294.0,2.75,40.5,23.75,26.75,9.0,1.0,10.0,2.5,37.5,NA,4.25,21.25,5.5,23.0,72.75,0.0,244.0,0.0,0.0,5.0,996.0,NA
2026-03-24 21:00:00,117.0,301.0,3.5,39.0,23.5,28.5,10.5,1.0,6.75,2.0,18.0,NA,6.0,18.0,6.5,22.25,77.5,0.0,240.75,0.0,0.0,5.0,996.0,NA
2026-03-24 22:00:00,117.0,279.0,2.75,30.25,18.5,28.5,12.75,0.75,10.0,2.0,10.75,NA,1.25,20.75,2.25,22.0,79.25,0.0,258.5,0.0,0.0,5.0,996.0,NA
2026-03-24 23:00:00,121.0,269.0,3.0,31.25,19.25,29.0,12.75,0.75,9.0,1.5,9.0,NA,0.75,15.0,1.5,21.25,81.0,0.0,260.75,0.0,0.0,5.0,996.0,NA
2026-03-25 00:00:00,158.0,322.0,2.0,22.25,13.5,29.5,15.33,0.67,14.25,2.5,5.75,NA,0.75,3.5,0.5,21.0,82.5,0.0,263.0,0.0,0.0,5.0,996.0,NA
2026-03-25 01:00:00,144.0,290.0,2.25,21.5,13.25,30.0,16.0,1.0,11.0,2.25,8.75,NA,1.5,12.25,2.5,21.0,84.0,0.0,249.25,0.0,0.0,5.0,996.5,NA
2026-03-25 02:00:00,134.0,274.0,2.0,21.0,13.0,31.0,15.0,1.0,16.0,2.75,12.0,NA,2.75,10.75,2.75,21.0,84.5,0.0,212.0,0.0,0.0,5.0,996.5,NA
2026-03-25 03:00:00,118.0,250.0,2.75,19.0,12.5,28.5,14.75,0.0,12.75,2.0,13.75,NA,0.0,5.25,0.5,20.25,85.5,0.0,206.75,0.0,0.0,5.0,997.0,NA
2026-03-25 04:00:00,121.0,247.0,2.0,16.5,10.75,26.5,14.25,0.25,15.25,2.0,10.0,NA,0.25,4.5,0.75,20.0,87.5,0.0,198.75,0.0,0.0,5.25,997.0,NA
2026-03-25 05:00:00,133.0,279.0,2.25,22.75,14.0,26.75,19.25,0.5,9.5,2.75,13.0,NA,0.25,2.25,0.0,20.0,87.5,0.0,228.75,0.0,0.0,5.0,997.0,NA
2026-03-25 06:00:00,172.0,328.0,2.75,28.75,17.75,27.0,18.75,0.75,7.25,3.0,25.25,NA,0.25,2.0,0.0,20.0,89.0,0.0,214.0,0.0,0.0,8.75,997.0,NA
2026-03-25 07:00:00,183.0,374.0,19.75,36.75,35.75,29.25,27.75,1.0,4.5,4.75,17.0,NA,0.0,1.5,0.0,21.0,87.5,0.0,241.5,0.0,0.0,68.75,996.5,NA
2026-03-25 08:00:00,260.0,486.0,7.5,23.75,19.25,30.75,58.5,1.0,10.75,5.5,16.5,NA,0.75,1.75,0.5,24.25,71.0,0.0,251.0,0.0,0.0,204.5,994.5,NA
2026-03-25 09:00:00,243.0,348.0,3.5,14.25,10.25,30.5,39.5,0.75,23.25,3.75,4.5,NA,0.0,0.0,0.0,27.25,55.0,0.0,228.75,0.0,0.0,343.0,989.5,NA
2026-03-25 10:00:00,107.0,184.0,1.5,9.0,6.5,31.25,20.25,0.0,45.25,2.0,1.25,NA,0.0,0.0,0.0,28.75,46.75,0.0,214.0,0.0,0.0,506.5,983.5,NA
2026-03-25 11:00:00,56.0,123.0,2.0,8.75,6.25,29.25,15.75,0.0,64.5,1.0,0.5,NA,0.0,0.0,0.0,29.75,42.75,0.25,212.75,0.0,0.0,591.5,981.25,NA
2026-03-25 12:00:00,41.0,112.0,1.5,7.5,5.5,28.25,12.5,0.0,79.25,0.75,1.0,NA,0.0,0.0,0.0,30.25,40.0,0.75,187.0,0.0,0.0,605.25,979.75,NA
2026-03-25 13:00:00,30.0,93.0,2.0,7.5,5.75,27.25,11.75,0.0,85.25,0.0,2.25,NA,0.0,0.0,0.0,31.0,37.25,0.5,207.25,0.0,0.0,431.0,977.5,NA
2026-03-25 14:00:00,28.0,90.0,2.0,7.25,5.5,25.25,10.5,0.0,89.5,0.0,0.75,NA,0.0,0.0,0.0,31.0,35.25,0.75,209.5,0.0,0.0,175.5,977.5,NA
2026-03-25 15:00:00,25.0,91.0,1.75,7.25,5.25,24.25,8.75,0.0,92.5,0.0,8.5,NA,0.0,0.5,0.0,29.75,37.0,2.0,199.75,0.0,0.0,329.75,981.0,NA
2026-03-25 16:00:00,23.0,91.0,2.0,7.5,5.75,24.0,8.0,0.0,91.25,0.0,1.75,NA,0.0,0.0,0.0,29.0,38.75,0.5,213.5,0.0,0.0,75.75,986.75,NA
2026-03-25 17:00:00,30.0,113.0,1.5,11.0,7.25,24.5,8.75,0.0,82.75,0.75,12.75,NA,0.0,0.75,0.0,27.5,44.25,0.0,232.0,0.0,0.0,50.0,990.75,NA
2026-03-25 18:00:00,41.0,116.0,2.75,16.5,11.0,25.25,9.5,0.0,64.25,1.25,37.5,NA,0.25,2.25,0.25,26.0,50.0,0.0,216.0,0.0,0.0,14.25,992.5,NA
2026-03-25 19:00:00,63.0,176.0,2.75,43.0,22.0,25.75,9.75,0.75,27.75,2.5,64.75,NA,2.0,5.75,2.0,24.25,58.25,0.0,273.25,0.0,0.0,5.25,994.75,NA
2026-03-25 20:00:00,145.0,358.0,3.25,51.25,30.0,31.25,12.25,1.0,17.25,6.25,184.5,NA,8.5,63.5,13.75,24.25,59.25,0.0,167.25,0.0,0.0,5.0,994.5,NA
2026-03-25 21:00:00,171.0,355.0,1.25,32.0,18.25,28.75,18.5,1.0,33.5,6.0,152.75,NA,9.5,47.0,12.75,25.25,54.0,0.0,74.75,0.0,0.0,5.0,993.75,NA
2026-03-25 22:00:00,127.0,274.0,1.25,27.0,15.75,27.25,12.75,1.0,36.75,3.75,58.0,NA,7.0,17.5,5.0,25.5,52.5,0.0,64.0,0.0,0.0,5.25,993.5,NA
2026-03-25 23:00:00,106.0,224.0,1.5,24.25,14.5,27.0,11.0,1.0,31.5,2.25,62.75,NA,5.75,24.25,6.25,24.0,58.0,0.0,63.25,0.0,0.0,5.25,995.0,NA
2026-03-26 00:00:00,110.0,221.0,2.25,27.75,17.0,27.75,8.33,1.0,17.25,3.0,48.25,NA,5.0,19.5,5.5,23.75,62.5,0.0,176.75,0.0,0.0,5.0,995.0,NA
2026-03-26 01:00:00,113.0,268.0,3.0,32.0,19.5,26.25,7.75,0.25,6.0,3.0,53.5,NA,5.75,17.0,4.75,23.0,66.75,0.0,251.25,0.0,0.0,5.0,996.0,NA
2026-03-26 02:00:00,91.0,193.0,2.0,25.0,15.0,27.0,8.0,0.0,10.25,2.0,41.0,NA,0.75,7.5,1.25,23.0,68.75,0.0,246.5,0.0,0.0,5.0,995.75,NA
2026-03-26 03:00:00,105.0,221.0,3.5,26.25,16.75,25.75,11.75,0.0,10.5,2.5,28.0,NA,1.0,5.75,1.0,22.75,70.0,0.0,238.75,0.0,0.0,5.0,996.0,NA
2026-03-26 04:00:00,134.0,247.0,2.5,22.0,14.0,25.5,20.5,0.0,9.75,2.25,12.5,NA,1.25,4.5,0.75,22.0,72.75,0.0,248.75,0.0,0.0,5.0,996.0,NA
2026-03-26 05:00:00,172.0,296.0,3.0,22.75,14.5,25.5,25.0,1.0,9.0,2.0,9.75,NA,0.5,2.75,0.5,21.25,77.5,0.0,247.5,0.0,0.0,5.0,996.0,NA
2026-03-26 06:00:00,179.0,315.0,4.75,32.0,21.0,27.75,24.5,1.0,5.75,3.25,10.25,NA,0.75,2.75,0.75,21.0,79.75,0.0,270.5,0.0,0.0,9.75,996.0,NA
2026-03-26 07:00:00,263.0,440.0,16.25,46.0,37.5,28.5,28.0,1.5,5.25,4.0,12.0,NA,0.25,3.75,0.25,22.5,77.25,0.0,212.0,0.0,0.0,66.75,995.75,NA
2026-03-26 08:00:00,371.0,594.0,11.75,48.75,35.25,33.25,33.25,1.75,10.25,10.0,25.75,NA,2.75,13.25,2.75,26.5,58.75,0.0,216.75,0.0,0.0,195.25,991.75,NA
2026-03-26 09:00:00,364.0,506.0,3.25,21.0,14.25,30.25,32.5,0.75,33.0,4.75,19.5,NA,2.5,6.25,1.75,28.5,47.75,0.0,218.5,0.0,0.0,335.5,986.75,NA
2026-03-26 10:00:00,132.0,251.0,2.5,21.5,13.75,29.75,23.5,0.5,63.0,2.25,12.25,NA,0.25,1.0,0.0,30.5,42.5,0.25,207.0,0.0,0.0,468.75,981.0,NA
2026-03-26 11:00:00,91.0,210.0,2.0,15.0,9.75,27.25,17.25,0.25,90.0,1.75,12.5,NA,0.5,4.25,0.0,31.25,36.25,0.25,215.5,0.0,0.0,554.0,977.75,NA
2026-03-26 12:00:00,62.0,159.0,1.0,10.25,6.25,25.0,17.0,0.0,98.25,1.0,7.75,NA,0.5,2.5,0.0,32.25,34.0,0.0,224.5,0.0,0.0,524.25,976.0,NA
2026-03-26 13:00:00,50.0,129.0,1.25,9.0,6.0,23.5,12.5,0.0,98.75,1.0,4.75,NA,0.0,0.75,0.0,32.0,34.25,0.25,209.0,0.0,0.0,342.5,976.75,NA
2026-03-26 14:00:00,39.0,107.0,1.5,8.25,6.0,22.25,11.75,0.0,103.75,0.0,1.0,NA,0.0,0.0,0.0,31.25,35.5,0.5,213.5,0.0,0.0,203.5,978.5,NA
2026-03-26 15:00:00,33.0,110.0,2.0,9.75,7.0,21.25,10.0,0.0,85.5,0.0,1.5,NA,0.0,0.0,0.0,30.0,40.25,0.0,235.0,0.0,0.0,142.5,984.5,NA
2026-03-26 16:00:00,36.0,136.0,2.0,13.0,8.75,21.5,11.0,0.0,84.75,0.25,4.75,NA,0.0,0.25,0.0,29.0,43.0,0.25,204.25,0.0,0.0,100.0,987.5,NA
2026-03-26 17:00:00,46.0,156.0,2.5,14.5,10.0,22.5,12.5,0.0,81.5,1.25,105.75,NA,1.0,5.0,1.0,28.0,44.0,1.0,181.0,0.0,0.0,54.5,989.25,NA
2026-03-26 18:00:00,48.0,187.0,1.5,21.75,13.0,24.0,15.75,0.0,61.25,3.0,163.0,NA,2.75,12.0,3.0,27.5,46.5,0.25,167.5,0.0,0.0,18.5,991.0,NA
2026-03-26 19:00:00,77.0,208.0,2.0,31.25,18.5,24.75,11.0,0.75,34.25,3.75,181.75,NA,1.75,16.25,3.5,25.5,54.0,0.0,240.0,0.0,0.0,5.25,993.5,NA
2026-03-26 20:00:00,99.0,262.0,2.25,39.0,22.75,26.0,10.75,1.0,21.0,4.75,80.5,NA,4.5,13.0,4.5,25.0,58.0,0.0,216.75,0.0,0.0,5.25,994.0,NA
2026-03-26 21:00:00,106.0,268.0,2.0,31.5,19.0,26.5,10.25,0.75,24.0,4.0,43.75,NA,3.0,9.25,3.5,25.0,57.5,0.75,232.5,0.0,0.0,5.0,993.75,NA
2026-03-26 22:00:00,79.0,267.0,1.75,11.0,7.25,24.75,10.25,0.0,55.0,1.5,10.75,NA,0.0,1.5,0.25,25.0,54.25,0.25,222.25,0.0,0.0,5.0,994.0,NA
2026-03-26 23:00:00,38.0,168.0,1.25,17.75,10.5,24.75,10.0,0.0,35.75,0.75,17.5,NA,1.25,1.25,0.0,24.25,57.75,0.0,160.25,0.0,0.0,5.0,994.25,NA
2026-03-27 00:00:00,67.0,168.0,1.75,27.75,16.5,25.25,10.33,0.0,16.75,1.0,31.0,NA,4.25,8.5,2.5,23.75,62.25,0.0,263.25,0.0,0.0,5.0,995.0,NA
2026-03-27 01:00:00,62.0,210.0,2.0,23.75,14.75,26.5,10.0,0.0,16.0,1.5,38.75,NA,3.5,14.5,4.0,23.0,67.5,0.0,266.5,0.0,0.0,5.0,995.75,NA
2026-03-27 02:00:00,67.0,163.0,2.0,18.0,12.0,27.0,11.0,0.0,17.25,1.0,17.0,NA,0.5,2.25,0.25,22.5,70.75,0.0,250.5,0.0,0.0,5.0,996.0,NA
2026-03-27 03:00:00,81.0,180.0,2.0,20.0,12.5,26.0,15.75,0.0,11.25,1.0,8.75,NA,0.0,0.5,0.0,22.0,74.25,0.0,216.5,0.0,0.0,5.0,996.0,NA
2026-03-27 04:00:00,96.0,199.0,2.25,20.25,12.75,25.25,18.5,0.0,10.75,1.0,9.75,NA,0.0,2.75,0.0,22.0,77.5,0.0,244.25,0.0,0.0,5.0,996.0,NA
2026-03-27 05:00:00,116.0,219.0,2.25,17.25,11.25,26.0,24.5,0.0,12.25,1.0,3.5,NA,0.0,2.0,0.25,22.0,76.0,0.0,213.0,0.0,0.0,5.0,996.0,NA
2026-03-27 06:00:00,83.0,170.0,2.25,14.5,9.5,26.25,17.0,0.0,15.0,1.0,3.5,NA,0.0,1.0,0.0,22.0,73.5,0.25,222.75,0.0,0.0,7.0,996.0,NA
2026-03-27 07:00:00,79.0,153.0,3.5,17.5,12.5,27.0,13.5,0.0,14.0,1.75,3.25,NA,0.0,0.5,0.0,22.75,73.0,0.75,201.0,0.0,0.0,35.25,995.5,NA
2026-03-27 08:00:00,77.0,158.0,4.5,14.25,11.25,26.5,13.25,0.0,16.5,2.0,5.5,NA,0.25,0.75,0.0,23.75,68.0,1.75,181.5,0.0,0.0,124.0,994.5,NA
2026-03-27 09:00:00,62.0,135.0,4.5,17.0,13.0,27.0,18.5,0.0,20.25,1.0,4.0,NA,0.0,0.5,0.0,24.75,62.25,2.0,179.25,0.0,0.0,165.0,993.0,NA
2026-03-27 10:00:00,53.0,130.0,3.5,15.25,11.0,27.0,17.25,0.0,30.25,1.25,12.25,NA,0.0,0.25,0.0,25.25,59.5,2.5,175.75,0.0,0.0,206.75,992.5,NA
2026-03-27 11:00:00,42.0,152.0,2.5,13.25,9.25,27.25,18.5,0.0,50.75,1.0,36.75,NA,0.25,1.5,0.0,27.5,51.75,1.5,166.25,0.0,0.0,350.25,988.0,NA
2026-03-27 12:00:00,40.0,142.0,2.0,10.0,7.25,26.5,12.75,0.0,72.0,1.0,34.75,NA,0.25,3.25,0.25,29.25,44.25,0.75,160.75,0.0,0.0,496.75,983.5,NA
2026-03-27 13:00:00,36.0,163.0,2.0,8.25,6.0,25.25,9.75,0.0,77.5,0.5,16.5,NA,0.0,1.75,0.0,30.5,39.5,1.25,178.25,0.0,0.0,400.75,978.75,NA
2026-03-27 14:00:00,22.0,112.0,2.0,6.0,5.0,25.0,9.0,0.0,71.0,0.0,7.0,NA,0.0,0.0,0.0,30.0,39.0,3.0,173.0,0.0,0.0,172.0,980.0,NA
2026-03-27 15:00:00,NA,NA,NA,NA,NA,NA,NA,NA,NA,NA,NA,NA,NA,NA,NA,NA,NA,NA,NA,NA,NA,NA,NA,NA
2026-03-27 16:00:00,NA,NA,NA,NA,NA,NA,NA,NA,NA,NA,NA,NA,NA,NA,NA,NA,NA,NA,NA,NA,NA,NA,NA,NA
2026-03-27 17:00:00,NA,NA,12.5,16.5,9.5,NA,9.0,0.33,28.0,0.0,5.5,NA,0.0,0.0,0.0,27.33,46.0,1.67,199.33,0.0,0.0,36.33,990.67,NA
2026-03-27 18:00:00,35.0,118.0,5.25,13.5,11.5,25.0,11.0,1.0,57.0,0.0,2.5,NA,0.0,0.0,0.0,26.5,49.75,0.25,210.25,0.0,0.0,15.5,992.0,NA
2026-03-27 19:00:00,48.0,145.0,3.75,21.5,14.75,24.0,11.0,1.75,41.0,1.75,25.0,NA,0.5,1.5,0.25,25.5,55.0,0.0,216.0,0.0,0.0,5.25,993.5,NA
2026-03-27 20:00:00,67.0,179.0,3.25,29.5,18.75,24.5,10.75,2.0,22.75,2.0,19.75,NA,0.5,3.5,0.5,24.25,60.5,0.0,262.25,0.0,0.0,5.0,994.75,NA
2026-03-27 21:00:00,89.0,240.0,3.75,34.5,21.25,25.75,16.25,2.0,11.5,2.75,22.25,NA,0.75,7.5,1.0,23.75,65.0,0.0,249.0,0.0,0.0,5.25,995.0,NA
2026-03-27 22:00:00,112.0,254.0,4.0,28.25,18.25,25.25,21.75,1.75,13.5,2.5,23.25,NA,0.25,5.25,0.5,23.0,67.75,0.0,267.75,0.0,0.0,5.0,995.0,NA
2026-03-27 23:00:00,97.0,210.0,4.75,25.75,17.75,24.5,19.5,1.0,8.5,2.0,9.25,NA,0.0,1.5,0.0,23.0,70.5,0.0,266.0,0.0,0.0,5.0,995.75,NA
2026-03-28 00:00:00,94.0,232.0,4.75,27.25,18.75,24.75,20.25,0.0,6.0,2.0,8.25,NA,0.0,1.25,0.0,22.25,72.75,0.0,241.75,0.0,0.0,5.0,996.0,NA
2026-03-28 01:00:00,144.0,236.0,4.5,20.5,14.25,26.75,26.75,0.0,7.0,2.25,11.75,NA,0.5,5.0,1.0,22.0,76.0,0.0,240.75,0.0,0.0,5.25,996.0,NA
2026-03-28 02:00:00,152.0,274.0,4.0,20.0,14.0,27.0,39.0,0.0,9.5,1.25,13.5,NA,0.5,6.75,1.0,21.25,78.25,0.0,226.75,0.0,0.0,5.0,996.0,NA
2026-03-28 03:00:00,125.0,231.0,4.25,20.75,14.5,26.0,20.5,0.0,7.75,1.25,12.25,NA,0.0,1.0,0.0,21.0,80.75,0.0,229.75,0.0,0.0,5.25,996.0,NA
2026-03-28 04:00:00,195.0,308.0,6.25,29.75,21.25,26.25,28.0,0.0,3.5,2.75,17.75,NA,0.25,2.0,0.0,21.0,82.25,0.0,232.25,0.0,0.0,5.25,996.0,NA
2026-03-28 05:00:00,NA,482.0,6.25,27.5,19.75,25.25,47.5,0.0,3.25,4.5,14.25,NA,0.25,1.5,0.0,21.0,84.0,0.0,228.25,0.0,0.0,5.0,996.5,NA
2026-03-28 06:00:00,228.0,370.0,7.5,26.5,20.25,25.5,62.25,0.0,3.75,3.5,16.75,NA,0.25,1.75,0.0,21.0,85.75,0.0,229.75,0.0,0.0,10.0,997.0,NA
2026-03-28 07:00:00,205.0,353.0,8.75,25.25,20.75,25.5,59.5,0.0,9.5,4.25,24.5,NA,0.0,1.75,0.0,21.75,83.0,0.0,207.0,0.0,0.0,67.25,995.75,NA
2026-03-28 08:00:00,234.0,378.0,7.75,22.5,18.0,27.0,87.0,0.0,11.0,4.75,17.0,NA,0.0,0.75,0.0,25.25,63.5,0.0,216.25,0.0,0.0,209.25,993.0,NA
2026-03-28 09:00:00,208.0,347.0,6.0,18.75,15.0,28.5,37.0,0.0,24.5,3.75,8.0,NA,0.0,0.5,0.0,27.5,53.25,0.0,210.5,0.0,0.0,338.75,988.75,NA
2026-03-28 10:00:00,117.0,201.0,3.5,10.25,8.75,26.25,24.5,NA,50.75,1.5,4.5,NA,0.0,0.0,0.0,29.25,45.25,0.0,213.75,0.0,0.0,458.75,983.5,NA
2026-03-28 11:00:00,64.0,138.0,3.0,7.75,6.5,26.0,22.25,0.5,64.25,1.0,1.0,NA,0.0,0.0,0.0,29.75,42.5,0.0,205.5,0.0,0.0,521.0,980.75,NA
2026-03-28 12:00:00,52.0,120.0,2.25,5.25,5.0,23.25,14.75,0.0,77.0,0.25,5.25,NA,0.0,0.0,0.0,30.0,41.5,0.0,174.0,0.0,0.0,490.5,981.25,NA
2026-03-28 13:00:00,34.0,98.0,2.25,4.0,4.0,22.5,10.5,0.0,71.25,0.0,0.75,NA,0.0,0.0,0.0,30.75,38.0,0.5,204.75,0.0,0.0,418.0,977.25,NA
2026-03-28 14:00:00,28.0,92.0,2.75,4.0,4.0,22.0,9.0,0.0,74.25,0.0,0.25,NA,0.0,0.0,0.0,31.5,36.0,0.0,215.25,0.0,0.0,264.75,976.5,NA
2026-03-28 15:00:00,28.0,92.0,3.0,3.75,4.25,20.5,8.0,0.0,76.75,0.0,1.75,NA,0.0,0.0,0.0,30.25,36.75,0.5,194.5,0.0,0.0,337.0,979.0,NA
2026-03-28 16:00:00,24.0,92.0,2.25,3.5,4.25,19.0,7.0,0.0,83.25,0.0,1.25,NA,0.0,0.0,0.0,29.25,38.25,0.0,184.0,0.0,0.0,127.0,986.25,NA
2026-03-28 17:00:00,22.0,99.0,2.0,6.75,5.25,20.0,7.75,0.0,82.0,0.25,6.75,NA,0.0,0.0,0.0,28.5,39.5,1.0,161.75,0.0,0.0,70.0,988.25,NA
2026-03-28 18:00:00,33.0,131.0,3.25,13.75,9.75,20.75,7.5,0.0,61.25,1.25,12.75,NA,0.0,1.5,0.0,27.0,46.5,0.0,235.0,0.0,0.0,19.25,991.25,NA
2026-03-28 19:00:00,44.0,173.0,3.0,24.5,15.75,22.75,8.25,1.0,35.0,2.25,18.0,NA,0.75,2.5,0.5,25.25,52.5,0.0,112.25,0.0,0.0,5.25,993.75,NA
2026-03-28 20:00:00,85.0,246.0,9.75,45.75,32.25,22.5,9.25,1.25,9.5,5.0,60.75,NA,1.75,14.25,2.75,24.75,56.5,0.0,167.25,0.0,0.0,5.0,994.5,NA
2026-03-28 21:00:00,117.0,328.0,15.5,50.25,39.75,22.5,9.5,1.0,3.0,5.0,53.25,NA,1.25,10.25,1.75,24.25,58.0,0.0,140.5,0.0,0.0,5.0,995.0,NA
2026-03-28 22:00:00,79.0,315.0,10.75,43.5,31.75,23.75,8.25,1.0,3.75,3.75,35.5,NA,2.25,9.0,2.5,24.0,58.75,0.0,125.0,0.0,0.0,5.0,995.0,NA
2026-03-28 23:00:00,108.0,296.0,18.75,41.25,37.0,24.25,11.0,1.0,3.5,4.5,23.0,NA,2.5,10.0,2.5,24.0,60.75,0.0,138.5,0.0,0.0,5.0,995.0,NA
2026-03-29 00:00:00,121.0,364.0,34.0,42.67,50.67,25.33,13.67,2.0,4.67,5.67,27.0,NA,3.33,7.0,2.33,23.33,64.0,0.0,110.67,0.0,0.0,5.0,995.0,NA
2026-03-29 01:00:00,136.0,384.0,34.25,46.75,52.5,26.5,16.5,2.0,5.0,8.25,31.5,NA,2.5,9.5,2.75,23.0,65.0,0.0,134.25,0.0,0.0,5.0,996.0,NA
2026-03-29 02:00:00,162.0,418.0,41.0,44.0,57.0,27.0,17.0,2.0,4.25,9.5,43.5,NA,3.0,9.5,2.75,23.0,67.5,0.0,150.5,0.0,0.0,5.0,996.0,NA
2026-03-29 03:00:00,164.0,441.0,53.75,47.25,69.0,26.0,17.25,2.0,5.75,10.0,45.5,NA,3.25,10.5,3.25,23.0,69.5,0.0,154.75,0.0,0.0,5.0,996.0,NA
2026-03-29 04:00:00,143.0,370.0,45.0,51.0,64.25,23.75,16.75,2.0,5.0,9.5,45.0,NA,4.0,10.25,3.25,22.75,70.5,0.0,145.0,0.0,0.0,5.0,996.0,NA
2026-03-29 05:00:00,129.0,328.0,23.0,49.25,45.25,24.25,14.5,1.0,4.0,8.25,34.5,NA,2.0,7.25,2.0,23.0,69.25,0.0,143.75,0.0,0.0,5.0,996.0,NA
2026-03-29 06:00:00,121.0,265.0,16.0,46.75,37.75,24.25,14.0,1.0,3.75,6.5,24.5,NA,1.5,5.25,1.25,23.0,68.5,0.0,164.75,0.0,0.0,9.5,995.5,NA
2026-03-29 07:00:00,128.0,296.0,8.0,42.0,29.0,25.0,16.75,1.0,10.0,7.0,19.5,NA,1.75,4.0,1.5,24.5,59.75,0.0,144.75,0.0,0.0,69.5,994.25,NA
2026-03-29 08:00:00,119.0,264.0,5.25,27.25,18.5,25.0,18.5,1.0,26.5,5.0,9.0,NA,0.0,1.75,0.0,26.25,53.0,0.75,156.75,0.0,0.0,178.5,991.5,NA
2026-03-29 09:00:00,116.0,252.0,3.0,16.25,11.5,24.25,17.5,1.0,50.25,4.0,5.0,NA,0.0,1.0,0.0,27.75,47.25,2.5,156.5,0.0,0.0,327.75,988.25,NA
2026-03-29 10:00:00,77.0,230.0,3.0,11.25,8.75,23.5,15.5,1.0,75.75,3.0,3.0,NA,0.0,0.25,0.0,29.0,43.5,2.5,153.75,0.0,0.0,369.5,985.5,NA
2026-03-29 11:00:00,64.0,207.0,2.5,10.0,7.5,23.25,14.0,1.0,97.5,2.0,3.0,NA,0.0,0.0,0.0,29.5,41.25,2.25,161.25,0.0,0.0,429.25,982.75,NA
2026-03-29 12:00:00,59.0,195.0,1.75,10.0,7.0,22.5,13.25,0.5,110.0,1.75,2.75,NA,0.0,0.0,0.0,31.0,38.5,1.75,170.5,0.0,0.0,541.25,978.75,NA
2026-03-29 13:00:00,46.0,173.0,1.5,8.25,5.75,22.25,11.5,0.0,108.5,1.0,2.0,NA,0.0,0.0,0.0,32.5,36.75,0.0,183.5,0.0,0.0,405.0,975.5,NA
2026-03-29 14:00:00,40.0,187.0,2.0,9.0,6.5,22.25,11.0,0.0,119.75,1.0,2.25,NA,0.0,0.0,0.0,31.5,38.5,0.75,109.0,0.0,0.0,230.0,978.0,NA
2026-03-29 15:00:00,47.0,228.0,2.0,9.25,7.0,21.5,12.0,0.0,117.25,1.5,2.5,NA,0.0,0.5,0.0,31.0,39.75,1.0,110.5,0.0,0.0,298.0,979.25,NA
2026-03-29 16:00:00,51.0,240.0,2.5,9.75,7.0,21.5,12.25,0.0,121.5,1.25,4.5,NA,0.0,0.25,0.0,30.75,40.75,1.0,101.25,0.0,0.0,101.25,983.25,NA
2026-03-29 17:00:00,47.0,237.0,2.0,11.75,8.25,22.25,11.75,0.75,105.25,1.25,11.25,NA,0.0,0.75,0.0,29.5,45.75,1.0,109.5,0.0,0.0,46.5,987.25,NA
2026-03-29 18:00:00,73.0,333.0,2.0,15.25,9.75,23.5,11.75,1.0,92.5,2.0,20.5,NA,0.0,1.0,0.0,28.25,50.5,1.0,116.0,0.0,0.0,13.25,989.75,NA
2026-03-29 19:00:00,75.0,269.0,2.25,15.5,10.25,27.25,11.75,1.0,74.25,2.0,12.0,NA,0.0,0.25,0.0,27.25,54.0,1.5,109.75,0.0,0.0,5.25,991.25,NA
2026-03-29 20:00:00,79.0,259.0,2.0,17.5,11.25,29.0,10.75,1.0,59.5,2.25,8.0,NA,0.0,0.25,0.0,26.75,54.5,1.0,102.5,0.0,0.0,5.0,992.0,NA
2026-03-29 21:00:00,81.0,226.0,1.75,18.0,11.0,30.0,9.75,1.0,49.5,2.25,3.25,NA,0.0,0.0,0.0,26.0,55.0,1.0,95.75,0.0,0.0,5.0,993.0,NA
2026-03-29 22:00:00,68.0,190.0,2.0,14.25,9.25,27.25,8.5,1.0,40.5,3.0,2.25,NA,0.0,0.0,0.0,25.5,57.75,0.5,123.25,0.0,0.0,5.0,993.5,NA
2026-03-29 23:00:00,55.0,159.0,2.25,19.25,12.0,26.75,7.75,1.0,25.25,2.5,3.0,NA,0.0,0.0,0.0,24.5,61.25,0.0,171.75,0.0,0.0,5.0,994.5,NA
2026-03-30 00:00:00,74.0,184.0,4.0,28.5,18.5,27.0,8.25,1.0,12.0,4.0,4.75,NA,0.25,1.0,0.25,24.0,64.75,0.0,153.5,0.0,0.0,5.0,995.0,NA
2026-03-30 01:00:00,73.0,186.0,4.75,34.0,21.75,27.75,10.25,1.25,9.0,4.0,6.75,NA,0.5,1.75,0.0,23.75,66.5,0.0,144.0,0.0,0.0,5.0,995.0,NA
2026-03-30 02:00:00,66.0,181.0,4.0,35.0,22.0,28.0,11.0,2.0,7.5,6.0,7.75,NA,0.25,2.25,0.25,23.0,70.5,0.0,199.0,0.0,0.0,5.0,995.0,NA
2026-03-30 03:00:00,72.0,176.0,11.5,32.25,26.5,26.25,10.5,1.0,8.25,5.5,15.25,NA,1.25,3.0,0.75,23.0,74.0,0.0,123.5,0.0,0.0,5.0,996.0,NA
2026-03-30 04:00:00,118.0,236.0,13.0,28.25,25.75,27.25,11.25,1.5,5.5,8.5,10.5,NA,1.0,2.75,0.5,23.0,75.5,0.0,157.5,0.0,0.0,5.0,996.0,NA
2026-03-30 05:00:00,128.0,250.0,11.75,27.5,24.5,28.5,11.75,1.0,3.5,8.5,6.25,NA,0.25,1.25,0.0,22.5,77.75,0.0,110.0,0.0,0.0,5.0,996.0,NA
2026-03-30 06:00:00,130.0,261.0,11.75,26.25,23.5,28.75,15.75,1.0,3.5,9.25,7.0,NA,0.25,1.0,0.0,23.0,77.25,0.0,131.5,0.0,0.0,13.25,996.0,NA
2026-03-30 07:00:00,174.0,330.0,17.0,27.5,28.5,29.25,19.0,2.0,4.5,11.25,11.5,NA,0.0,1.25,0.0,23.25,76.75,0.0,184.0,0.0,0.0,70.25,995.0,NA
2026-03-30 08:00:00,205.0,344.0,15.0,31.75,29.25,30.5,27.5,1.5,5.25,10.0,17.25,NA,0.25,1.25,0.0,27.0,57.0,0.0,208.0,0.0,0.0,225.25,990.5,NA
2026-03-30 09:00:00,124.0,303.0,6.0,18.5,14.75,30.5,24.75,1.0,9.25,3.5,6.5,NA,0.0,1.0,0.0,29.75,43.5,0.0,228.75,0.0,0.0,359.75,984.0,NA
2026-03-30 10:00:00,72.0,257.0,2.75,8.75,7.25,30.5,19.75,0.0,18.5,2.0,2.5,NA,0.0,0.0,0.0,31.25,38.25,0.5,226.0,0.0,0.0,487.0,979.0,NA
2026-03-30 11:00:00,34.0,256.0,2.25,7.25,6.0,26.75,12.0,0.0,36.0,1.0,1.0,NA,0.0,0.0,0.0,32.25,35.75,0.0,220.25,0.0,0.0,556.0,976.0,NA
2026-03-30 12:00:00,20.0,218.0,1.5,6.25,4.75,25.0,11.0,0.0,54.0,0.5,1.25,NA,0.0,0.25,0.0,32.0,35.0,0.0,229.25,0.0,0.0,312.75,977.75,NA
2026-03-30 13:00:00,18.0,213.0,1.5,7.75,5.5,24.25,10.5,0.0,54.0,0.0,2.25,NA,0.0,2.5,0.0,29.75,39.5,0.5,237.5,0.0,0.0,129.75,985.0,NA
2026-03-30 14:00:00,30.0,285.0,2.0,8.0,6.0,22.75,10.75,0.0,51.25,0.0,1.0,NA,0.0,0.75,0.0,28.0,44.0,0.75,220.0,0.0,0.0,127.25,989.0,NA
2026-03-30 15:00:00,28.0,269.0,1.75,6.5,5.0,21.75,9.25,0.0,60.5,0.5,1.5,NA,0.0,0.25,0.0,29.0,39.0,3.0,197.25,0.0,0.0,204.75,985.25,NA
2026-03-30 16:00:00,29.0,328.0,1.75,7.25,5.5,22.0,8.5,0.0,57.5,0.0,2.0,NA,0.0,0.0,0.0,27.25,45.75,1.25,209.0,0.0,0.0,25.0,990.75,NA
2026-03-30 17:00:00,30.0,268.0,1.75,14.5,9.25,22.25,8.75,0.0,32.25,0.25,3.5,NA,0.0,0.25,0.0,25.75,54.25,0.25,134.25,0.0,0.0,18.25,993.25,NA
2026-03-30 18:00:00,46.0,236.0,3.0,23.75,15.5,25.75,10.0,0.75,21.0,2.75,88.25,NA,2.75,8.25,1.75,25.75,53.75,0.0,85.25,0.0,0.0,17.0,993.25,NA
2026-03-30 19:00:00,52.0,226.0,3.75,29.0,19.0,28.5,8.25,1.0,10.25,14.5,151.75,NA,1.5,7.0,2.0,24.75,58.75,0.0,178.0,0.0,0.0,5.25,994.25,NA
2026-03-30 20:00:00,56.0,213.0,15.0,32.0,29.5,30.0,8.0,1.0,4.5,5.0,81.75,NA,2.5,10.25,2.25,24.0,67.0,0.0,219.5,0.0,0.0,5.0,995.0,NA
2026-03-30 21:00:00,94.0,275.0,18.25,26.5,29.25,32.0,7.75,1.0,3.0,6.0,162.25,NA,5.5,18.5,5.0,23.0,80.0,0.0,228.75,0.0,0.0,5.0,995.75,NA
2026-03-30 22:00:00,70.0,196.0,14.75,24.0,25.0,34.25,7.75,1.0,2.25,2.75,68.75,NA,2.5,5.5,2.0,23.0,80.25,0.0,218.75,0.0,0.0,5.0,996.0,NA
2026-03-30 23:00:00,96.0,229.0,13.75,23.5,23.75,35.0,18.25,1.0,3.5,3.5,50.75,NA,3.25,6.75,2.25,23.0,78.5,0.0,200.0,0.0,0.0,5.0,996.0,NA
2026-03-31 00:00:00,153.0,298.0,10.5,23.25,21.25,34.5,20.5,1.0,3.0,4.25,73.5,NA,4.5,17.75,5.0,22.75,76.5,0.0,210.75,0.0,0.0,5.0,996.0,NA
2026-03-31 01:00:00,138.0,273.0,13.5,23.25,23.75,35.0,20.0,1.0,3.0,3.0,35.25,NA,4.25,9.25,1.75,22.0,79.0,0.0,234.75,0.0,0.0,5.0,996.0,NA
2026-03-31 02:00:00,143.0,278.0,13.0,22.0,22.0,35.0,19.0,1.0,3.75,3.0,20.75,NA,1.25,5.25,1.25,22.0,80.75,0.0,153.75,0.0,0.0,5.0,996.0,NA
2026-03-31 03:00:00,213.0,378.0,10.25,21.25,20.0,33.0,37.75,1.0,4.0,4.25,51.5,NA,5.5,9.75,2.75,22.0,81.0,0.0,198.0,0.0,0.0,5.0,996.0,NA
2026-03-31 04:00:00,256.0,461.0,14.5,20.25,22.75,31.25,36.75,1.0,3.25,4.0,40.75,NA,8.75,15.0,3.75,21.25,82.25,0.0,239.5,0.0,0.0,5.0,996.0,NA
2026-03-31 05:00:00,173.0,357.0,16.75,17.5,23.0,29.5,28.25,1.0,3.0,3.25,26.0,NA,5.25,6.0,2.5,21.0,83.75,0.0,233.75,0.0,0.0,5.0,996.0,NA
2026-03-31 06:00:00,135.0,280.0,21.0,21.5,28.75,29.75,29.0,1.25,3.0,3.0,17.75,NA,2.0,2.75,1.25,21.0,83.75,0.0,235.5,0.0,0.0,15.25,996.0,NA
2026-03-31 07:00:00,274.0,463.0,21.25,22.5,29.5,31.0,40.5,1.75,3.25,5.0,19.5,NA,2.0,5.0,2.0,22.5,78.5,0.0,181.25,0.0,0.0,67.0,995.5,NA
2026-03-31 08:00:00,249.0,395.0,13.75,27.0,25.5,32.0,53.75,1.5,4.75,3.75,23.0,NA,8.75,62.75,14.5,25.5,62.75,0.0,251.75,0.0,0.0,179.5,992.5,NA
2026-03-31 09:00:00,182.0,298.0,5.75,10.75,10.5,32.25,36.75,1.0,5.25,2.5,12.0,NA,1.5,17.75,3.0,29.75,43.0,0.0,186.75,0.0,0.0,342.5,984.5,NA
2026-03-31 10:00:00,58.0,164.0,3.5,7.25,6.75,30.0,18.75,1.0,13.0,1.5,7.0,NA,0.75,1.5,0.5,29.5,41.5,0.0,216.5,0.0,0.0,351.5,983.25,NA
2026-03-31 11:00:00,45.0,134.0,2.25,8.0,6.25,28.5,20.75,0.5,28.25,0.5,2.0,NA,0.0,1.0,0.0,31.0,37.5,0.25,168.25,0.0,0.0,553.0,978.25,NA
2026-03-31 12:00:00,36.0,146.0,2.0,5.5,4.5,28.0,16.25,0.0,45.75,0.75,33.25,NA,0.0,1.75,0.0,31.75,35.5,0.75,118.0,0.0,0.0,568.5,976.75,NA
2026-03-31 13:00:00,18.0,143.0,1.5,4.75,3.75,23.0,13.5,0.0,51.75,0.0,19.25,NA,0.0,0.75,0.0,30.5,36.25,0.5,123.75,0.0,0.0,247.75,980.0,NA
2026-03-31 14:00:00,30.0,142.0,1.5,4.25,4.0,22.25,11.75,0.0,61.25,1.0,8.0,NA,0.0,0.0,0.0,30.25,36.5,0.0,149.25,0.0,0.0,159.75,981.25,NA
2026-03-31 15:00:00,24.0,151.0,1.75,8.75,6.25,22.25,11.0,1.0,42.5,16.75,17.25,NA,0.0,0.25,0.0,27.75,45.0,0.0,164.5,0.0,0.0,19.75,990.5,NA
2026-03-31 16:00:00,42.0,232.0,2.0,15.75,10.75,22.75,10.0,0.75,45.0,4.75,23.75,NA,0.75,4.25,1.25,26.75,45.0,3.5,185.0,0.0,0.0,11.75,992.0,NA
2026-03-31 17:00:00,23.0,229.0,2.0,9.75,6.75,23.25,5.75,0.0,46.5,1.5,14.0,NA,0.5,1.0,0.25,25.0,49.25,4.25,188.25,0.0,0.0,10.0,993.75,NA
2026-03-31 18:00:00,12.0,81.0,1.5,10.75,7.0,23.0,5.75,0.0,40.75,1.25,12.5,NA,0.75,1.25,0.0,23.75,59.75,2.0,189.75,0.25,1.0,6.75,995.0,NA
2026-03-31 19:00:00,22.0,64.0,1.75,9.75,7.0,26.75,7.0,1.0,25.5,0.5,30.5,NA,0.25,4.5,0.5,23.0,67.75,0.25,170.5,0.0,0.0,5.0,996.0,NA
2026-03-31 20:00:00,33.0,75.0,2.5,24.25,15.5,28.5,7.0,1.0,12.25,1.5,13.75,NA,0.25,2.0,0.25,23.5,65.25,0.25,190.0,0.0,0.0,5.0,995.25,NA
2026-03-31 21:00:00,45.0,116.0,4.25,32.5,21.0,28.5,6.75,1.0,8.0,3.5,28.5,NA,3.75,7.75,3.0,24.0,63.25,0.75,166.75,0.0,0.0,5.0,995.0,NA
2026-03-31 22:00:00,38.0,104.0,4.5,29.0,19.0,27.75,6.0,1.0,5.75,2.75,23.25,NA,1.25,4.5,1.25,23.0,67.5,0.0,204.0,0.0,0.0,5.0,995.0,NA
2026-03-31 23:00:00,41.0,118.0,4.0,20.75,14.25,29.25,6.25,1.0,9.75,2.0,25.25,NA,2.25,6.75,1.75,23.0,69.75,2.0,135.25,0.0,0.0,5.0,995.5,NA
2026-04-01 00:00:00,40.0,97.0,2.33,8.33,6.67,29.0,6.33,1.0,23.0,1.0,19.67,NA,0.33,3.0,0.67,23.0,67.0,1.33,89.0,0.0,0.0,5.0,996.0,NA
2026-04-01 01:00:00,22.0,75.0,2.0,7.25,5.75,28.5,6.0,0.0,27.0,0.25,25.25,NA,1.75,7.0,2.0,22.75,64.5,0.25,67.5,0.0,0.0,5.0,996.0,NA
2026-04-01 02:00:00,16.0,91.0,2.0,9.0,7.0,29.0,6.0,NA,23.5,1.0,27.5,NA,1.0,8.5,1.5,22.75,66.25,1.5,68.75,0.0,0.0,5.0,995.75,NA
2026-04-01 03:00:00,39.0,92.0,1.75,10.75,7.25,27.0,8.0,1.0,19.25,1.0,12.5,NA,0.75,5.0,1.25,22.25,68.5,0.25,90.75,0.0,0.0,5.0,996.0,NA
2026-04-01 04:00:00,29.0,94.0,2.0,17.5,11.25,26.75,7.0,1.0,6.75,1.25,14.25,NA,2.25,8.75,2.75,21.5,73.75,0.0,173.0,0.0,0.0,5.0,996.0,NA
2026-04-01 05:00:00,30.0,96.0,5.0,21.25,15.5,26.5,6.0,1.0,3.5,1.5,16.5,NA,0.5,2.25,0.25,21.0,81.0,0.0,208.5,0.0,0.0,5.0,996.25,NA
2026-04-01 06:00:00,38.0,108.0,15.75,23.25,25.5,26.5,6.0,1.0,3.75,1.5,14.75,NA,0.75,2.0,0.5,21.0,83.0,0.0,174.5,0.0,0.0,14.0,996.75,NA
2026-04-01 07:00:00,72.0,169.0,24.75,31.0,36.5,28.25,9.5,1.0,4.25,4.0,16.0,NA,0.75,2.75,1.0,22.75,74.5,0.0,172.25,0.0,0.0,89.5,995.5,NA
2026-04-01 08:00:00,95.0,201.0,14.0,27.75,26.25,28.0,14.0,1.0,7.0,3.75,10.25,NA,0.25,2.0,0.0,25.5,59.5,0.25,198.5,0.0,0.0,229.25,992.5,NA
2026-04-01 09:00:00,79.0,195.0,8.75,29.0,22.75,29.25,16.0,1.0,19.0,3.0,8.0,NA,0.25,1.25,0.0,27.75,49.75,0.0,199.5,0.0,0.0,366.0,987.5,NA
2026-04-01 10:00:00,77.0,190.0,5.0,24.5,17.5,29.25,15.75,1.0,46.75,2.5,6.5,NA,0.0,1.0,0.0,29.75,42.75,0.0,200.75,0.0,0.0,496.25,981.75,NA
2026-04-01 11:00:00,53.0,165.0,2.5,14.75,10.0,27.75,13.0,0.75,80.5,2.0,5.0,NA,0.0,0.0,0.0,30.0,38.0,0.75,183.25,0.0,0.0,532.25,980.0,NA
2026-04-01 12:00:00,22.0,124.0,2.0,12.75,8.5,25.75,15.5,1.0,110.25,1.5,4.75,NA,0.0,0.0,0.0,31.0,37.25,0.25,201.0,0.0,0.0,535.5,978.25,NA
2026-04-01 13:00:00,33.0,137.0,1.5,14.0,8.75,24.0,15.25,1.0,115.75,1.25,5.5,NA,0.0,0.25,0.0,30.75,38.5,0.5,210.5,0.0,0.0,355.0,979.25,NA
2026-04-01 14:00:00,33.0,118.0,1.75,9.25,6.25,23.75,11.0,0.75,112.75,0.25,2.5,NA,0.0,0.0,0.0,30.5,39.0,0.25,222.5,0.0,0.0,274.0,981.0,NA
2026-04-01 15:00:00,22.0,96.0,2.0,7.0,5.5,23.0,9.25,0.5,110.25,0.0,1.0,NA,0.0,0.0,0.0,30.75,38.25,0.0,225.0,0.0,0.0,249.25,980.25,NA
2026-04-01 16:00:00,18.0,88.0,2.5,5.25,5.0,21.25,9.0,0.0,115.0,0.0,2.75,NA,0.0,0.0,0.0,29.75,38.5,0.0,163.75,0.0,0.0,117.75,984.0,NA
2026-04-01 17:00:00,25.0,104.0,2.0,9.0,6.5,22.5,9.0,1.0,100.25,1.0,18.0,NA,0.0,0.25,0.0,29.0,42.0,0.0,98.75,0.0,0.0,68.0,988.0,NA
2026-04-01 18:00:00,36.0,153.0,2.25,17.5,11.25,24.5,11.0,1.0,81.25,1.25,74.5,NA,1.5,8.0,1.25,27.5,44.75,0.0,117.75,0.0,0.0,18.25,990.5,NA
2026-04-01 19:00:00,63.0,209.0,3.0,28.0,17.0,26.75,15.0,1.0,45.5,3.0,177.25,NA,9.75,26.25,8.25,27.0,47.75,0.75,98.25,0.0,0.0,5.25,992.0,NA
2026-04-01 20:00:00,101.0,273.0,2.75,29.5,18.0,27.0,13.5,1.0,34.5,2.75,213.25,NA,13.5,30.75,11.75,26.5,49.0,0.25,64.0,0.0,0.0,5.25,992.5,NA
2026-04-01 21:00:00,86.0,240.0,3.0,34.0,20.75,27.5,12.25,1.0,22.25,3.0,117.5,NA,8.75,23.75,8.75,25.75,51.25,0.0,57.75,0.0,0.0,5.0,993.5,NA
2026-04-01 22:00:00,114.0,315.0,3.75,41.5,25.25,27.25,14.5,1.0,13.0,3.75,115.0,NA,8.75,26.25,8.25,25.25,51.5,0.0,54.25,0.0,0.0,5.0,993.75,NA
2026-04-01 23:00:00,119.0,268.0,2.75,28.75,17.75,27.25,18.0,1.0,27.75,2.75,57.0,NA,2.5,9.75,3.0,26.0,49.5,0.25,59.5,0.0,0.0,5.0,993.0,NA
2026-04-02 00:00:00,110.0,237.0,3.0,35.25,21.25,26.75,15.25,1.0,15.0,2.75,53.75,NA,1.0,5.0,1.25,24.5,54.5,0.0,78.0,0.0,0.0,5.0,994.5,NA
2026-04-02 01:00:00,78.0,202.0,2.0,15.0,9.75,28.75,14.5,1.0,25.0,2.25,47.0,NA,1.5,5.0,1.5,24.75,53.75,1.5,70.0,0.0,0.0,5.0,994.25,NA
2026-04-02 02:00:00,68.0,170.0,2.0,12.0,9.0,29.0,16.0,1.0,32.5,2.0,14.75,NA,0.25,1.75,0.25,24.5,55.5,0.0,82.25,0.0,0.0,5.0,994.25,NA
2026-04-02 03:00:00,99.0,197.0,2.5,26.75,16.5,26.5,14.25,1.0,14.25,3.25,50.75,NA,0.5,2.0,0.25,23.75,60.25,0.0,117.0,0.0,0.0,5.0,995.0,NA
2026-04-02 04:00:00,86.0,195.0,3.0,18.75,12.5,27.25,14.25,1.0,14.0,4.75,35.75,NA,0.25,1.25,0.25,23.0,65.25,0.0,115.25,0.0,0.0,5.0,996.0,NA
2026-04-02 05:00:00,100.0,184.0,3.0,17.25,11.75,28.5,14.0,1.0,11.5,4.25,7.25,NA,0.0,0.25,0.0,22.5,66.5,0.0,129.25,0.0,0.0,5.0,996.0,NA
2026-04-02 06:00:00,83.0,173.0,3.25,22.75,14.75,28.0,13.25,1.0,6.5,3.75,4.25,NA,0.0,0.0,0.0,22.0,69.0,0.0,122.75,0.0,0.0,13.5,996.0,NA
2026-04-02 07:00:00,108.0,212.0,5.0,24.5,17.0,28.75,18.25,1.0,7.25,4.5,4.5,NA,0.0,0.0,0.0,24.0,62.75,0.0,162.0,0.0,0.0,92.0,994.25,NA
2026-04-02 08:00:00,118.0,224.0,6.5,30.5,22.0,31.75,24.0,1.25,12.0,4.25,4.5,NA,0.0,0.0,0.0,26.75,53.0,0.0,195.75,0.0,0.0,135.0,991.25,NA
2026-04-02 09:00:00,166.0,319.0,6.5,32.75,23.0,33.25,25.75,1.0,34.0,4.75,6.5,NA,0.0,0.75,0.0,28.75,44.0,0.0,137.25,0.0,0.0,320.25,985.75,NA
2026-04-02 10:00:00,121.0,298.0,3.5,28.25,18.0,32.75,22.5,1.0,81.5,3.5,5.25,NA,0.0,0.5,0.0,31.0,37.25,0.0,144.25,0.0,0.0,484.75,979.25,NA
2026-04-02 11:00:00,67.0,230.0,1.75,13.0,8.25,29.25,15.0,0.25,95.5,1.75,5.0,NA,0.0,0.0,0.0,32.0,34.75,0.25,153.75,0.0,0.0,509.75,976.5,NA
2026-04-02 12:00:00,30.0,129.0,1.75,9.25,6.25,27.75,12.5,0.5,116.75,4.0,3.25,NA,0.0,0.0,0.0,32.5,34.75,0.0,181.75,0.0,0.0,500.5,975.75,NA
2026-04-02 13:00:00,36.0,148.0,1.5,8.25,5.75,27.25,11.0,0.0,137.75,4.75,6.5,NA,0.0,0.0,0.0,33.0,34.5,0.75,161.5,0.0,0.0,386.25,975.0,NA
2026-04-02 14:00:00,24.0,134.0,1.5,10.0,6.75,26.0,12.0,0.0,168.25,1.0,4.0,NA,0.0,0.0,0.0,32.75,35.0,0.75,187.0,0.0,0.0,418.5,975.75,NA
2026-04-02 15:00:00,34.0,154.0,1.25,10.0,6.75,23.75,11.5,0.0,171.25,1.0,3.25,NA,0.0,0.0,0.0,32.25,35.75,0.0,206.5,0.0,0.0,276.25,976.25,NA
2026-04-02 16:00:00,30.0,137.0,1.75,8.0,6.0,24.5,10.75,0.0,163.0,1.0,2.0,NA,0.0,0.0,0.0,31.5,36.25,0.0,199.5,0.0,0.0,115.75,980.25,NA
2026-04-02 17:00:00,28.0,127.0,1.25,8.75,6.25,25.5,10.75,0.0,151.5,1.0,3.0,NA,0.0,0.0,0.0,30.25,40.0,0.0,169.25,0.0,0.0,46.0,985.5,NA
2026-04-02 18:00:00,36.0,160.0,2.25,17.0,11.0,26.5,11.0,0.75,114.5,1.25,8.0,NA,0.0,1.25,0.0,28.5,44.25,0.0,135.0,0.0,0.0,11.5,989.5,NA
2026-04-02 19:00:00,78.0,268.0,3.0,46.5,27.25,29.25,12.5,1.0,62.0,2.75,16.75,NA,1.5,5.25,0.5,27.0,46.5,0.0,102.0,0.0,0.0,5.25,991.25,NA
2026-04-02 20:00:00,100.0,383.0,2.75,53.75,30.75,30.75,13.5,1.0,40.5,4.5,19.0,NA,1.0,4.75,1.0,27.0,47.25,0.0,121.25,0.0,0.0,5.0,992.0,NA
2026-04-02 21:00:00,124.0,363.0,2.5,56.0,32.0,34.25,15.0,1.0,20.25,7.5,24.75,NA,1.25,4.75,1.0,26.5,49.5,0.0,114.25,0.0,0.0,5.0,993.0,NA
2026-04-02 22:00:00,112.0,315.0,3.5,53.25,31.25,34.5,15.75,1.75,10.0,6.25,23.75,NA,0.5,3.75,0.5,26.0,52.5,0.0,140.75,0.0,0.0,5.0,993.5,NA
2026-04-02 23:00:00,106.0,286.0,4.0,42.0,25.75,35.25,15.75,1.0,10.0,7.0,9.0,NA,0.75,2.0,0.25,25.0,55.75,0.0,131.75,0.0,0.0,5.0,994.0,NA
2026-04-03 00:00:00,NA,303.0,3.5,35.5,21.75,31.75,16.75,1.0,6.0,6.0,11.5,NA,0.25,2.5,0.25,25.0,56.75,0.0,120.5,0.0,0.0,5.0,994.0,NA
2026-04-03 01:00:00,NA,NA,11.5,43.25,32.25,31.25,16.0,2.0,4.0,6.75,13.75,NA,0.25,2.75,0.0,24.25,61.25,0.0,189.75,0.0,0.0,5.0,995.0,NA
2026-04-03 02:00:00,NA,NA,28.0,46.0,48.0,31.0,16.0,2.0,5.0,7.75,22.75,NA,2.75,6.0,2.25,24.0,65.75,0.0,228.0,0.0,0.0,5.0,995.0,NA
2026-04-03 03:00:00,NA,NA,25.0,41.25,42.25,32.5,12.25,2.0,4.25,7.25,38.25,NA,3.75,10.25,3.0,23.75,67.5,0.0,274.25,0.0,0.0,5.0,995.0,NA
2026-04-03 04:00:00,NA,NA,23.75,37.5,39.25,32.0,13.75,2.0,4.75,8.25,62.75,NA,9.5,16.0,6.0,23.75,67.75,0.0,222.25,0.0,0.0,5.25,995.0,NA
2026-04-03 05:00:00,NA,NA,5.75,18.5,14.75,31.75,18.75,0.75,7.0,5.5,58.75,NA,3.5,10.25,3.75,23.0,69.25,0.5,239.5,0.0,0.0,5.0,995.0,NA
2026-04-03 06:00:00,NA,NA,2.5,5.0,5.0,28.25,12.25,0.0,15.25,1.5,7.0,NA,0.0,0.5,0.0,23.0,70.5,0.75,229.5,0.0,0.0,8.0,995.0,NA
2026-04-03 07:00:00,NA,NA,2.25,5.5,5.25,28.75,10.75,0.0,19.25,1.0,3.0,NA,0.0,0.0,0.0,23.0,71.0,0.5,230.75,0.0,0.0,28.0,995.0,NA
2026-04-03 08:00:00,NA,NA,2.5,6.0,5.25,29.0,9.75,0.0,21.5,1.0,2.0,NA,0.0,0.0,0.0,23.75,67.75,0.75,239.0,0.0,0.0,104.0,994.5,NA
2026-04-03 09:00:00,NA,NA,2.0,5.75,4.75,28.75,10.0,0.0,24.25,0.5,1.0,NA,0.0,0.0,0.0,25.75,60.0,0.5,230.0,0.0,0.0,227.5,991.75,NA
2026-04-03 10:00:00,NA,NA,2.0,5.0,4.0,28.0,9.5,0.0,31.0,0.0,1.0,NA,0.0,0.0,0.0,27.0,54.5,0.5,224.0,0.0,0.0,201.0,990.0,NA
2026-04-03 11:00:00,NA,NA,2.0,5.0,5.0,3.5,10.0,0.0,51.0,0.0,1.5,NA,0.0,0.5,0.0,27.0,51.0,1.0,207.0,0.0,0.0,326.0,991.0,NA
2026-04-03 12:00:00,51.0,354.0,2.0,5.0,4.0,31.0,10.0,0.0,43.5,0.0,2.25,NA,0.0,0.0,0.0,29.75,41.25,0.0,208.25,0.0,0.0,390.75,981.5,NA
2026-04-03 13:00:00,35.0,267.0,0.75,6.0,4.0,28.0,10.0,0.0,58.67,0.0,6.75,NA,0.0,0.25,0.0,30.25,40.0,0.0,176.5,0.0,0.0,288.0,981.0,NA
2026-04-03 14:00:00,28.0,229.0,1.0,5.25,4.0,24.75,8.75,0.0,67.0,0.25,9.25,NA,0.0,0.5,0.0,30.5,38.5,0.0,186.25,0.0,0.0,266.75,979.75,NA
2026-04-03 15:00:00,25.0,122.0,0.75,5.25,4.0,23.25,8.75,0.0,73.0,0.0,0.75,NA,0.0,0.0,0.0,30.0,38.25,0.0,156.75,0.0,0.0,222.75,981.5,NA
2026-04-03 16:00:00,25.0,119.0,0.25,7.25,4.25,22.25,9.25,0.0,81.0,0.5,20.25,NA,0.0,0.75,0.25,29.25,40.5,0.0,114.0,0.0,0.0,96.5,986.0,NA
2026-04-03 17:00:00,31.0,174.0,1.0,10.75,7.0,22.0,9.0,0.0,69.5,1.5,10.5,NA,0.0,0.0,0.0,28.5,44.0,0.0,143.5,0.0,0.0,48.75,989.0,NA
2026-04-03 18:00:00,42.0,199.0,1.25,11.75,7.25,23.0,8.75,0.0,58.75,1.5,13.25,NA,0.0,0.5,0.0,26.75,50.0,1.0,221.0,0.0,0.0,12.5,991.5,NA
2026-04-03 19:00:00,38.0,504.0,2.0,9.0,6.25,26.0,7.25,0.0,45.75,1.0,10.5,NA,0.0,0.75,0.0,24.25,61.5,2.5,206.25,0.0,0.0,5.25,994.0,NA
2026-04-03 20:00:00,36.0,124.0,1.0,9.5,6.25,28.25,8.0,0.0,35.75,0.75,6.0,NA,0.0,0.25,0.0,23.5,69.25,1.75,212.75,0.0,0.0,5.0,995.25,NA
2026-04-03 21:00:00,23.0,85.0,1.75,8.5,6.25,29.5,6.5,0.0,24.25,0.5,6.5,NA,0.75,2.0,0.75,22.25,80.75,2.5,159.0,0.0,0.0,5.0,996.0,NA
2026-04-03 22:00:00,27.0,46.0,1.0,8.75,5.5,34.25,6.0,0.0,16.5,0.25,4.75,NA,0.25,0.5,0.25,22.0,83.25,0.5,163.75,0.0,0.0,5.0,996.0,NA
2026-04-03 23:00:00,27.0,52.0,2.0,13.25,8.5,34.25,6.0,0.0,10.5,0.25,3.75,NA,0.0,0.0,0.0,23.0,78.75,0.0,107.75,0.0,0.0,5.0,995.25,NA
2026-04-04 00:00:00,28.0,70.0,2.0,11.25,8.0,32.75,6.0,0.0,11.5,0.75,20.0,NA,0.25,2.25,0.25,23.0,77.75,0.0,133.5,0.0,0.0,5.0,995.5,NA
2026-04-04 01:00:00,33.0,89.0,2.0,12.25,8.33,33.75,6.0,0.0,12.0,1.0,24.5,NA,1.5,3.25,0.75,22.75,77.0,0.25,123.75,0.0,0.0,5.0,995.5,NA
2026-04-04 02:00:00,35.0,81.0,2.0,10.0,7.0,34.0,6.0,0.0,7.25,1.25,16.0,NA,0.0,0.75,0.0,22.0,84.75,0.0,179.0,0.0,0.0,5.0,996.0,NA
2026-04-04 03:00:00,30.0,70.0,2.75,12.0,8.75,30.75,5.75,0.0,4.25,1.0,10.75,NA,0.25,0.25,0.0,22.0,87.25,0.0,209.0,0.0,0.0,5.25,996.0,NA
2026-04-04 04:00:00,50.0,121.0,2.5,12.5,8.5,31.5,7.0,0.0,5.0,1.0,47.0,NA,2.25,1.75,0.75,22.0,87.5,0.0,213.75,0.0,0.0,5.25,996.0,NA
2026-04-04 05:00:00,50.0,105.0,3.75,13.0,9.75,30.0,6.5,0.0,3.5,1.25,40.75,NA,0.5,1.5,0.25,22.0,88.5,0.0,185.0,0.0,0.0,5.0,996.0,NA
2026-04-04 06:00:00,52.0,121.0,5.0,12.75,11.0,28.5,7.0,0.25,3.0,1.25,33.25,NA,1.25,2.75,1.0,22.0,89.0,0.0,232.5,0.0,0.0,13.5,996.0,NA
2026-04-04 07:00:00,119.0,241.0,8.0,13.0,13.75,29.0,10.25,1.0,4.0,2.25,12.25,NA,0.25,2.25,0.25,22.0,88.0,0.0,223.75,0.0,0.0,55.75,996.0,NA
2026-04-04 08:00:00,173.0,300.0,7.25,14.0,13.5,29.5,13.0,1.0,4.75,3.0,14.25,NA,0.25,1.75,0.0,22.75,84.75,0.0,206.75,0.0,0.0,90.0,995.0,NA
2026-04-04 09:00:00,144.0,230.0,5.25,8.5,9.0,29.0,19.25,0.25,5.75,2.75,6.25,NA,0.0,0.25,0.0,24.25,76.25,0.0,227.5,0.0,0.0,170.25,993.5,NA
2026-04-04 10:00:00,100.0,146.0,4.25,8.0,8.25,31.0,26.25,0.0,7.0,1.5,4.5,NA,0.0,0.0,0.0,27.5,58.25,0.0,215.25,0.0,0.0,442.25,988.0,NA
2026-04-04 11:00:00,59.0,89.0,2.0,6.0,5.0,31.25,18.5,0.0,14.25,0.5,4.25,NA,0.0,0.0,0.0,29.0,45.0,0.0,214.5,0.0,0.0,432.0,983.0,NA
2026-04-04 12:00:00,28.0,62.0,1.5,4.5,3.5,30.25,13.5,0.0,26.75,0.0,4.0,NA,0.0,0.0,0.0,29.0,43.5,0.75,173.75,0.0,0.0,400.0,983.25,NA
2026-04-04 13:00:00,29.0,55.0,1.25,4.75,3.75,30.75,11.5,0.0,43.5,0.0,3.25,NA,0.0,0.0,0.0,29.75,42.0,0.0,174.0,0.0,0.0,306.75,981.75,NA
2026-04-04 14:00:00,30.0,55.0,1.25,4.5,3.75,30.25,11.0,0.0,51.75,0.0,3.25,NA,0.0,0.0,0.0,30.0,41.5,0.0,191.75,0.0,0.0,322.25,981.25,NA
2026-04-04 15:00:00,28.0,50.0,1.25,5.0,4.0,29.25,11.0,0.0,55.25,0.0,1.0,NA,0.0,0.0,0.0,29.5,43.0,0.25,222.0,0.0,0.0,282.25,982.5,NA
2026-04-04 16:00:00,27.0,61.0,2.0,3.75,3.75,27.75,10.0,0.0,61.75,0.0,2.75,NA,0.0,0.0,0.0,29.0,42.75,0.25,204.25,0.0,0.0,97.75,986.5,NA
2026-04-04 17:00:00,17.0,61.0,1.75,4.0,3.75,26.25,9.0,0.0,63.25,0.0,2.5,NA,0.0,0.0,0.0,28.0,45.5,0.0,203.25,0.0,0.0,39.75,990.0,NA
2026-04-04 18:00:00,18.0,62.0,1.75,7.75,5.5,25.25,8.25,0.0,56.75,0.0,2.5,NA,0.0,0.0,0.0,26.5,49.0,0.0,209.75,0.0,0.0,20.0,992.25,NA
2026-04-04 19:00:00,31.0,101.0,4.5,33.25,21.0,26.5,9.25,0.5,26.25,0.75,22.0,NA,1.25,5.25,0.75,25.25,55.5,0.0,213.5,0.0,0.0,5.25,993.75,NA
2026-04-04 20:00:00,135.0,278.0,63.25,53.25,79.75,33.75,11.5,2.75,6.25,6.75,30.75,NA,4.75,10.75,2.75,24.25,63.75,0.0,258.75,0.0,0.0,5.25,994.75,NA
2026-04-04 21:00:00,210.0,438.0,25.5,47.5,46.0,30.75,11.25,1.0,3.0,6.25,38.25,NA,7.0,11.75,4.0,24.0,61.5,0.0,259.25,0.0,0.0,5.0,994.25,NA
2026-04-04 22:00:00,128.0,268.0,16.5,34.5,32.25,31.0,11.75,1.0,3.0,4.75,28.75,NA,4.25,10.0,3.5,24.0,62.5,0.0,226.25,0.0,0.0,5.0,995.0,NA
2026-04-04 23:00:00,84.0,197.0,2.5,22.75,14.25,28.5,12.5,0.0,9.75,2.0,20.75,NA,0.25,3.0,1.0,24.0,59.25,0.0,232.5,0.0,0.0,5.0,994.75,NA
2026-04-05 00:00:00,79.0,188.0,2.25,17.5,11.25,29.0,17.75,0.0,10.0,1.75,20.25,NA,0.75,1.5,0.25,24.0,62.5,0.75,209.0,0.0,0.0,5.0,995.0,NA
2026-04-05 01:00:00,72.0,129.0,1.0,9.5,6.0,29.5,11.75,0.0,14.0,1.0,13.0,NA,0.25,1.0,0.25,23.0,66.25,1.5,180.75,0.0,0.0,5.0,995.25,NA
2026-04-05 02:00:00,48.0,99.0,1.0,8.0,5.0,30.0,11.0,0.0,20.0,0.75,15.75,NA,0.25,1.25,0.0,23.0,67.75,2.0,176.75,0.0,0.0,5.0,996.0,NA
2026-04-05 03:00:00,40.0,88.0,0.25,10.25,6.0,26.0,11.25,0.0,20.0,0.25,11.5,NA,0.0,0.5,0.0,23.0,67.0,1.0,132.25,0.0,0.0,5.0,995.75,NA
2026-04-05 04:00:00,83.0,145.0,1.25,14.5,8.75,23.5,17.25,0.0,12.75,1.25,10.5,NA,0.25,1.0,0.0,22.25,70.5,0.0,229.5,0.0,0.0,5.0,996.0,NA
2026-04-05 05:00:00,55.0,97.0,2.0,13.75,8.75,21.75,12.25,0.0,5.5,0.75,9.25,NA,0.0,0.25,0.0,21.25,76.75,0.0,239.75,0.0,0.0,5.25,996.0,NA
2026-04-05 06:00:00,39.0,81.0,2.5,14.25,10.0,21.25,10.25,0.0,5.25,0.75,4.0,NA,0.0,1.0,0.0,21.25,78.25,0.0,241.75,0.0,0.0,11.25,996.0,NA
2026-04-05 07:00:00,62.0,106.0,4.25,17.0,12.75,22.25,12.75,0.0,6.25,1.5,5.25,NA,0.0,0.0,0.0,22.5,72.5,0.0,187.5,0.0,0.0,64.5,995.5,NA
2026-04-05 08:00:00,92.0,157.0,4.75,17.25,13.0,22.25,18.25,0.0,7.5,2.25,6.0,NA,0.0,0.0,0.0,24.0,66.0,0.0,193.5,0.0,0.0,132.0,994.25,NA
2026-04-05 09:00:00,110.0,179.0,3.75,14.0,10.5,23.5,23.5,0.25,16.25,2.0,5.25,NA,0.0,0.0,0.0,27.0,49.75,0.25,139.0,0.0,0.0,378.75,988.75,NA
2026-04-05 10:00:00,67.0,136.0,2.25,12.25,8.5,25.0,20.75,0.0,42.75,1.75,11.0,NA,0.0,0.25,0.0,28.75,43.5,0.0,137.75,0.0,0.0,477.5,984.75,NA
2026-04-05 11:00:00,78.0,146.0,1.25,9.75,6.5,25.25,19.5,0.0,70.75,1.25,18.75,NA,0.0,1.0,0.0,30.0,40.5,0.5,185.75,0.0,0.0,564.0,980.75,NA
2026-04-05 12:00:00,59.0,107.0,0.5,6.0,4.0,25.25,14.75,0.0,76.75,0.5,2.5,NA,0.0,0.0,0.0,30.5,36.75,0.75,211.0,0.0,0.0,584.0,978.75,NA
2026-04-05 13:00:00,33.0,75.0,0.75,4.25,3.0,24.0,10.5,0.0,77.0,0.0,0.75,NA,0.0,0.0,0.0,30.75,34.25,0.75,212.25,0.0,0.0,375.25,977.75,NA
2026-04-05 14:00:00,25.0,57.0,0.75,4.0,3.0,22.25,8.25,0.0,81.5,0.0,0.0,NA,0.0,0.0,0.0,30.75,34.25,1.0,214.0,0.0,0.0,483.0,978.75,NA
2026-04-05 15:00:00,23.0,58.0,1.75,4.5,3.75,21.25,7.5,0.0,88.25,0.0,1.5,NA,0.0,0.0,0.0,29.75,34.75,1.0,209.5,0.0,0.0,326.5,981.0,NA
2026-04-05 16:00:00,16.0,61.0,1.25,3.75,3.25,20.75,6.25,0.0,90.25,0.0,2.5,NA,0.0,0.0,0.0,29.0,35.75,1.25,198.75,0.0,0.0,122.75,987.0,NA
2026-04-05 17:00:00,19.0,66.0,1.0,6.0,4.0,20.75,6.25,0.0,88.25,0.0,6.75,NA,0.0,0.0,0.0,28.0,37.5,0.75,214.75,0.0,0.0,47.0,989.75,NA
2026-04-05 18:00:00,35.0,84.0,1.0,9.25,6.0,20.75,8.5,0.0,82.0,0.0,2.0,NA,0.0,0.25,0.0,26.5,41.75,0.0,223.75,0.0,0.0,18.25,992.25,NA
2026-04-05 19:00:00,36.0,116.0,1.25,20.75,12.0,22.25,10.0,0.0,51.5,0.75,3.75,NA,0.0,0.75,0.25,25.0,48.0,0.0,247.75,0.0,0.0,5.25,994.0,NA
2026-04-05 20:00:00,79.0,304.0,1.5,36.0,20.5,23.0,11.75,0.75,25.0,2.0,5.0,NA,0.25,2.25,0.5,23.75,53.25,0.0,252.0,0.0,0.0,5.0,995.0,NA
2026-04-05 21:00:00,119.0,287.0,1.5,38.25,22.0,22.75,16.75,1.0,21.5,2.5,4.75,NA,1.25,3.25,1.0,23.0,54.75,0.0,262.0,0.0,0.0,5.0,995.5,NA
2026-04-05 22:00:00,92.0,243.0,1.0,27.0,15.25,21.25,18.25,0.0,31.75,2.0,3.75,NA,0.25,1.25,0.25,23.0,54.0,0.0,248.0,0.0,0.0,5.0,996.0,NA
2026-04-05 23:00:00,79.0,128.0,1.0,18.5,11.25,21.25,17.75,0.0,43.5,1.25,6.75,NA,0.25,1.0,0.0,23.5,52.5,0.25,171.0,0.0,0.0,5.0,995.5,NA
2026-04-06 00:00:00,67.0,106.0,0.75,12.5,7.25,22.0,19.0,0.0,47.0,1.5,13.0,NA,1.5,4.25,1.0,24.0,51.75,0.25,107.5,0.0,0.0,5.0,995.0,NA
2026-04-06 01:00:00,70.0,108.0,1.0,10.25,6.5,22.5,18.75,0.0,50.0,2.0,22.75,NA,1.5,2.25,0.5,23.25,53.5,0.0,167.25,0.0,0.0,5.0,995.0,NA
2026-04-06 02:00:00,88.0,134.0,2.0,10.0,7.0,23.0,14.0,0.0,50.5,1.25,20.0,NA,1.0,2.25,0.25,23.25,54.0,0.75,159.25,0.0,0.0,5.0,995.0,NA
2026-04-06 03:00:00,55.0,92.0,0.25,12.0,6.5,23.25,11.25,0.0,32.5,1.0,12.5,NA,0.75,1.5,0.0,22.25,61.0,0.0,279.0,0.0,0.0,5.0,996.0,NA
2026-04-06 04:00:00,72.0,106.0,0.75,15.67,9.0,22.25,10.0,0.0,15.5,1.0,9.0,NA,0.5,1.75,0.25,21.0,67.5,0.0,240.5,0.0,0.0,5.0,996.0,NA
2026-04-06 05:00:00,50.0,91.0,1.0,15.0,9.0,21.75,12.5,0.0,11.0,1.0,5.0,NA,0.0,0.0,0.0,20.5,71.75,0.0,234.0,0.0,0.0,5.0,997.0,NA
2026-04-06 06:00:00,116.0,193.0,2.5,22.25,14.0,22.25,22.75,0.75,6.0,2.0,4.25,NA,0.0,0.0,0.0,20.25,74.5,0.0,221.25,0.0,0.0,13.25,997.0,NA
2026-04-06 07:00:00,221.0,339.0,7.25,27.5,20.75,23.25,39.5,1.0,5.25,3.5,3.75,NA,0.0,0.25,0.0,22.5,69.25,0.0,229.5,0.0,0.0,96.5,995.5,NA
2026-04-06 08:00:00,249.0,361.0,4.75,19.25,14.25,24.75,48.75,1.0,14.5,4.5,4.75,NA,0.5,1.0,0.0,26.0,53.0,0.0,215.25,0.0,0.0,242.25,991.5,NA
2026-04-06 09:00:00,194.0,284.0,3.0,17.5,12.0,23.25,42.25,0.25,45.75,2.5,3.25,NA,0.0,0.0,0.0,27.75,45.0,0.75,199.25,0.0,0.0,394.75,987.25,NA
2026-04-06 10:00:00,110.0,204.0,1.5,12.5,8.0,22.25,18.5,0.0,74.5,0.75,1.75,NA,0.0,0.0,0.0,29.25,39.75,0.25,208.0,0.0,0.0,511.25,982.5,NA
2026-04-06 11:00:00,41.0,75.0,1.0,6.5,4.25,21.75,12.75,0.0,83.25,0.0,0.75,NA,0.0,0.0,0.0,29.75,37.25,1.0,208.0,0.0,0.0,435.25,982.0,NA
2026-04-06 12:00:00,29.0,91.0,0.75,4.75,3.5,21.5,10.75,0.0,86.5,0.0,3.0,NA,0.0,0.0,0.0,31.0,35.0,0.0,214.25,0.0,0.0,569.0,979.0,NA
2026-04-06 13:00:00,22.0,51.0,1.75,4.75,4.0,20.5,8.25,0.0,89.75,0.0,2.0,NA,0.0,0.0,0.0,30.0,35.75,0.25,200.75,0.0,0.0,219.25,981.0,NA
2026-04-06 14:00:00,20.0,62.0,1.0,4.5,3.25,20.25,8.0,0.0,92.5,0.0,1.0,NA,0.0,0.0,0.0,30.75,33.75,0.75,192.75,0.0,0.0,545.5,978.25,NA
2026-04-06 15:00:00,17.0,72.0,1.5,4.5,3.75,20.0,7.5,0.0,97.5,0.0,4.25,NA,0.0,0.0,0.0,29.75,34.25,1.25,185.0,0.0,0.0,286.0,981.5,NA
2026-04-06 16:00:00,23.0,67.0,1.75,4.0,3.75,19.75,6.5,0.0,99.0,0.25,7.75,NA,0.0,0.0,0.0,29.5,34.25,0.75,217.0,0.0,0.0,147.5,985.5,NA
2026-04-06 17:00:00,17.0,66.0,1.25,4.75,3.5,19.25,6.0,0.0,97.0,0.0,5.0,NA,0.0,0.0,0.0,28.25,35.5,0.25,225.75,0.0,0.0,35.5,989.5,NA
2026-04-06 18:00:00,17.0,89.0,1.25,10.5,6.75,19.0,6.0,0.0,81.5,0.0,10.0,NA,0.0,0.0,0.0,26.5,39.5,0.0,267.25,0.0,0.0,15.5,992.25,NA
2026-04-06 19:00:00,39.0,162.0,3.0,43.5,26.25,19.75,7.75,0.25,38.0,0.75,39.0,NA,0.0,0.5,0.0,24.5,45.25,0.0,228.75,0.0,0.0,5.25,994.75,NA
2026-04-06 20:00:00,100.0,368.0,9.0,70.0,46.0,23.75,11.75,1.25,6.75,4.75,123.25,NA,4.25,9.5,3.75,24.0,48.5,0.0,235.0,0.0,0.0,5.0,995.0,NA
2026-04-06 21:00:00,217.0,464.0,8.25,30.5,23.25,21.5,11.25,0.67,36.0,9.5,142.5,NA,4.5,19.0,4.75,24.75,48.75,1.5,207.5,0.0,0.0,5.0,994.25,NA
2026-04-06 22:00:00,39.0,194.0,1.25,11.75,7.25,20.5,7.0,0.0,56.5,0.75,9.25,NA,0.25,0.5,0.0,24.5,49.75,0.5,207.25,0.0,0.0,5.0,994.5,NA
2026-04-06 23:00:00,22.0,88.0,0.5,16.5,9.25,19.75,14.0,0.0,43.0,0.25,4.5,NA,0.0,0.0,0.0,24.0,53.0,0.0,238.0,0.0,0.0,5.0,995.0,NA
2026-04-07 00:00:00,61.0,132.0,0.75,11.25,6.5,20.0,11.75,0.0,58.0,1.0,8.75,NA,0.25,1.0,0.0,24.0,52.25,1.75,170.0,0.0,0.0,5.0,994.5,NA
2026-04-07 01:00:00,36.0,112.0,0.5,7.5,5.0,20.25,10.25,0.0,58.0,0.75,15.25,NA,0.0,1.25,0.0,24.0,55.25,2.0,118.75,0.0,0.0,5.0,995.0,NA
2026-04-07 02:00:00,36.0,118.0,1.0,10.0,6.0,20.0,9.0,0.0,41.5,0.75,14.0,NA,0.0,1.0,0.0,23.25,58.5,0.0,98.25,0.0,0.0,5.0,995.25,NA
2026-04-07 03:00:00,33.0,112.0,2.0,15.0,9.75,20.25,8.0,0.0,32.0,1.0,12.0,NA,0.0,0.5,0.0,22.5,63.0,0.0,103.0,0.0,0.0,5.0,996.0,NA
2026-04-07 04:00:00,31.0,97.0,1.25,14.25,8.5,20.5,9.75,0.0,23.5,1.0,1.5,NA,0.0,0.0,0.0,22.0,66.0,0.0,110.75,0.0,0.0,5.0,996.0,NA
2026-04-07 05:00:00,27.0,99.0,1.25,16.33,9.75,19.75,9.25,0.0,21.25,1.0,1.0,NA,0.0,0.0,0.0,22.0,67.5,0.0,113.25,0.0,0.0,5.0,996.0,NA
2026-04-07 06:00:00,38.0,88.0,1.75,17.0,10.75,20.0,10.0,0.0,23.0,1.75,1.0,NA,0.0,0.0,0.0,22.25,62.75,0.5,128.5,0.0,0.0,9.25,995.75,NA
2026-04-07 07:00:00,75.0,139.0,4.5,26.5,17.75,21.0,13.0,1.0,14.0,3.25,2.5,NA,0.0,0.0,0.0,23.0,58.0,0.5,108.0,0.0,0.0,52.0,995.0,NA
2026-04-07 08:00:00,118.0,227.0,5.75,24.5,17.75,21.0,16.0,1.0,21.25,4.0,4.25,NA,0.0,0.0,0.0,25.25,52.5,0.5,114.5,0.0,0.0,230.75,992.5,NA
2026-04-07 09:00:00,99.0,191.0,4.0,22.5,15.0,20.25,16.5,0.25,52.5,2.75,5.5,NA,0.0,0.0,0.0,27.0,45.5,1.5,135.5,0.0,0.0,252.5,989.75,NA
2026-04-07 10:00:00,63.0,156.0,2.25,19.5,12.5,20.0,13.75,0.0,75.25,2.5,4.25,NA,0.0,0.0,0.0,27.0,43.5,2.5,159.5,0.0,0.0,239.5,989.5,NA
2026-04-07 11:00:00,58.0,213.0,1.75,14.0,9.0,19.25,12.0,0.0,84.75,2.75,6.0,NA,0.0,0.25,0.0,27.0,41.75,3.0,154.75,0.0,0.0,162.25,990.0,NA
2026-04-07 12:00:00,39.0,157.0,1.5,14.0,9.0,19.5,12.5,0.0,88.75,6.0,7.25,NA,0.0,0.75,0.0,26.75,44.25,2.25,144.0,0.0,0.0,115.25,991.0,NA
2026-04-07 13:00:00,41.0,143.0,1.5,14.5,9.0,20.0,10.25,0.0,66.25,8.75,9.5,NA,0.0,0.25,0.0,25.5,53.25,1.25,153.5,0.0,0.0,103.0,993.25,NA
2026-04-07 14:00:00,41.0,124.0,1.25,11.25,7.25,21.0,7.0,0.0,33.75,1.25,3.75,NA,0.0,0.0,0.0,22.75,75.25,0.5,243.25,0.0,0.0,76.5,995.25,NA
2026-04-07 15:00:00,36.0,57.0,1.75,8.75,6.0,22.75,6.0,0.0,32.25,0.75,3.75,NA,0.0,0.0,0.0,22.5,77.75,0.0,185.25,0.0,0.0,63.5,995.5,NA
2026-04-07 16:00:00,30.0,40.0,2.5,13.0,9.5,25.0,6.25,0.0,26.25,0.75,29.25,NA,0.25,1.5,0.25,22.0,78.5,0.25,113.25,0.0,0.0,59.25,996.0,NA
2026-04-07 17:00:00,46.0,83.0,3.25,14.75,10.5,24.25,6.25,0.0,24.5,1.5,109.75,NA,1.25,4.5,1.0,22.75,77.0,1.25,113.5,0.0,0.0,58.25,995.75,NA
2026-04-07 18:00:00,28.0,53.0,1.5,10.0,7.0,23.5,5.75,0.0,30.25,1.0,12.75,NA,0.0,0.25,0.0,22.75,72.25,0.5,106.75,0.0,0.0,17.0,995.75,NA
2026-04-07 19:00:00,36.0,62.0,1.0,17.0,10.0,25.0,5.75,0.0,24.75,1.5,11.5,NA,0.25,1.5,0.25,22.0,75.0,0.0,106.5,0.0,0.0,5.25,996.0,NA
2026-04-07 20:00:00,61.0,92.0,2.0,21.0,13.0,25.75,6.0,0.5,16.5,2.0,7.5,NA,0.0,1.0,0.0,22.0,78.0,0.25,98.5,0.0,0.0,5.0,996.0,NA
2026-04-07 21:00:00,72.0,100.0,2.25,19.75,12.5,24.25,6.25,1.0,13.5,2.0,5.5,NA,0.0,1.0,0.0,22.0,80.0,0.75,95.25,0.0,0.0,5.0,996.0,NA
2026-04-07 22:00:00,79.0,113.0,1.0,18.75,11.0,23.75,7.0,0.75,16.25,2.75,7.5,NA,0.0,1.0,0.0,22.0,79.0,1.5,140.25,0.0,0.0,5.0,996.0,NA
2026-04-07 23:00:00,57.0,85.0,0.75,12.25,7.25,22.25,5.5,0.0,26.0,1.5,5.0,NA,0.0,0.5,0.0,21.25,82.75,0.25,140.0,0.0,0.0,5.0,996.0,NA
2026-04-08 00:00:00,27.0,44.0,1.75,11.5,7.5,21.25,5.0,0.0,19.75,1.0,4.25,NA,0.0,0.0,0.0,21.0,86.0,0.75,166.5,0.0,0.0,5.5,996.0,NA
2026-04-08 01:00:00,28.0,44.0,1.0,12.25,7.33,21.25,5.0,0.0,16.0,1.25,5.5,NA,0.0,0.75,0.0,21.0,87.75,0.0,225.5,0.0,0.0,5.5,996.0,NA
2026-04-08 02:00:00,36.0,44.0,2.0,12.0,8.0,22.0,5.0,0.0,17.0,1.0,6.25,NA,0.5,1.25,0.25,21.0,87.25,0.75,195.0,0.0,0.0,5.75,996.0,NA
2026-04-08 03:00:00,24.0,29.0,1.75,7.5,5.75,19.75,5.0,0.0,21.25,0.25,1.5,NA,0.0,0.0,0.0,21.0,84.25,0.0,155.5,0.0,0.0,5.75,996.0,NA
2026-04-08 04:00:00,18.0,25.0,1.5,8.25,6.0,17.5,4.75,0.0,17.75,0.25,1.75,NA,0.0,0.0,0.0,21.0,85.75,0.0,201.0,0.0,0.0,6.0,996.0,NA
2026-04-08 05:00:00,29.0,46.0,1.0,8.25,5.25,17.25,5.0,0.0,17.5,0.25,5.25,NA,0.0,0.0,0.0,20.0,87.0,0.0,153.0,0.0,0.0,6.0,997.0,NA
2026-04-08 06:00:00,28.0,51.0,1.75,11.5,7.75,18.25,5.75,0.0,15.75,1.0,2.25,NA,0.75,0.0,0.0,20.75,86.5,0.0,207.5,0.0,0.0,12.25,996.25,NA
2026-04-08 07:00:00,56.0,101.0,4.5,16.75,12.5,18.75,6.25,0.5,9.75,1.5,4.25,NA,0.0,0.5,0.0,21.0,85.0,0.5,195.5,0.0,0.0,34.25,996.0,NA
2026-04-08 08:00:00,77.0,136.0,4.25,12.25,10.25,19.25,9.0,0.5,11.5,2.25,5.25,NA,0.0,0.5,0.0,22.25,75.0,0.25,109.25,0.0,0.0,199.75,995.25,NA
2026-04-08 09:00:00,69.0,112.0,3.0,9.5,7.5,19.0,9.75,0.0,16.0,1.5,5.75,NA,0.0,0.0,0.0,24.5,63.25,0.0,161.75,0.0,0.0,341.75,992.5,NA
2026-04-08 10:00:00,52.0,92.0,2.0,6.5,5.0,18.75,9.0,0.0,32.75,1.25,4.0,NA,0.0,0.0,0.0,25.75,54.75,0.0,140.75,0.0,0.0,465.0,990.25,NA
2026-04-08 11:00:00,51.0,83.0,1.5,7.5,5.5,19.5,8.75,0.0,57.75,1.75,4.25,NA,0.0,0.0,0.0,26.75,49.0,0.0,123.25,0.0,0.0,551.75,987.25,NA
2026-04-08 12:00:00,46.0,70.0,1.25,7.25,5.0,19.75,7.75,0.0,87.25,1.0,2.25,NA,0.0,0.0,0.0,27.0,46.0,0.0,138.25,0.0,0.0,464.5,986.75,NA
2026-04-08 13:00:00,40.0,75.0,1.0,7.25,5.0,19.75,7.0,0.0,100.75,1.0,3.25,NA,0.0,0.0,0.0,26.75,46.5,0.25,157.25,0.0,0.0,293.0,989.0,NA
2026-04-08 14:00:00,45.0,83.0,1.5,7.25,5.0,19.75,7.75,0.0,99.75,0.75,13.75,NA,0.0,0.0,0.0,27.75,42.5,0.25,194.5,0.0,0.0,460.0,984.75,NA
2026-04-08 15:00:00,34.0,58.0,0.75,5.75,4.0,20.0,7.0,0.0,106.5,0.0,3.25,NA,0.0,0.0,0.0,27.25,42.75,0.0,177.75,0.0,0.0,276.75,987.0,NA
2026-04-08 16:00:00,40.0,67.0,1.0,6.5,4.25,19.25,7.0,0.0,106.25,0.25,11.0,NA,0.0,0.0,0.0,27.0,42.75,0.0,198.75,0.0,0.0,146.5,989.25,NA
2026-04-08 17:00:00,30.0,59.0,0.5,8.25,5.25,19.5,6.75,0.0,78.0,0.0,4.5,NA,0.0,0.0,0.0,25.5,52.0,1.75,132.25,0.0,0.0,69.5,992.5,NA
2026-04-08 18:00:00,28.0,116.0,1.0,8.5,5.5,20.5,6.0,0.0,62.75,0.25,3.25,NA,0.0,0.0,0.0,24.0,59.5,1.75,102.25,0.0,0.0,18.75,994.75,NA
2026-04-08 19:00:00,34.0,95.0,1.0,10.5,6.5,21.5,6.0,0.0,55.75,1.0,5.25,NA,0.0,0.25,0.0,23.25,63.0,1.75,104.5,0.0,0.0,5.75,995.0,NA
2026-04-08 20:00:00,35.0,78.0,1.0,12.5,8.0,21.0,6.0,0.0,46.25,1.0,2.75,NA,0.0,0.75,0.0,23.0,66.75,0.75,116.5,0.0,0.0,5.5,996.0,NA
2026-04-08 21:00:00,51.0,101.0,1.5,18.5,11.25,23.0,6.0,0.75,32.75,2.0,4.0,NA,0.0,0.25,0.0,22.25,69.25,0.0,109.75,0.0,0.0,6.0,996.0,NA
2026-04-08 22:00:00,62.0,112.0,2.0,21.75,13.25,23.25,6.0,1.0,16.5,2.0,4.25,NA,0.0,1.0,0.0,22.0,73.25,0.0,126.75,0.0,0.0,5.5,996.0,NA
2026-04-08 23:00:00,64.0,127.0,2.25,28.25,17.0,22.5,6.5,1.0,8.75,2.0,8.25,NA,0.0,1.25,0.0,21.25,75.0,0.0,121.5,0.0,0.0,5.5,996.0,NA
2026-04-09 00:00:00,52.0,136.0,2.0,28.0,16.75,23.0,7.0,0.0,8.25,2.25,8.75,NA,0.25,1.5,0.0,21.75,76.25,0.0,113.5,0.0,0.0,5.75,996.0,NA
2026-04-09 01:00:00,66.0,146.0,2.0,24.25,15.0,24.0,7.25,0.0,7.0,2.75,7.5,NA,0.0,1.0,0.0,21.0,79.5,0.0,104.75,0.0,0.0,5.5,996.0,NA
2026-04-09 02:00:00,72.0,132.0,2.0,22.0,13.0,25.0,8.0,0.0,8.25,4.75,7.5,NA,0.0,0.25,0.0,21.0,82.0,0.5,97.0,0.0,0.0,6.0,996.0,NA
2026-04-09 03:00:00,70.0,124.0,1.75,12.5,8.0,23.25,7.5,0.0,11.25,4.25,8.25,NA,0.0,0.0,0.0,20.75,83.75,0.25,103.25,0.0,0.0,5.25,996.25,NA
2026-04-09 04:00:00,44.0,78.0,1.5,12.0,7.75,22.5,7.0,0.0,10.75,2.25,3.75,NA,0.0,0.0,0.0,20.0,85.0,0.0,112.75,0.0,0.0,5.25,997.0,NA
2026-04-09 05:00:00,44.0,69.0,1.5,14.0,8.67,22.25,7.0,0.0,7.75,2.75,3.75,NA,0.0,0.0,0.0,20.0,86.25,0.0,137.25,0.0,0.0,6.0,997.0,NA
2026-04-09 06:00:00,53.0,89.0,2.25,16.75,11.0,22.0,7.75,0.0,6.75,3.75,7.25,NA,0.0,0.25,0.0,20.0,87.0,0.0,114.25,0.0,0.0,16.0,997.0,NA
2026-04-09 07:00:00,67.0,116.0,4.5,15.5,12.0,22.5,11.0,0.0,8.25,3.0,2.25,NA,0.0,0.0,0.0,20.5,82.5,0.0,100.75,0.0,0.0,101.0,996.25,NA
2026-04-09 08:00:00,73.0,117.0,5.25,13.75,11.75,22.25,15.5,0.0,10.75,3.5,2.0,NA,0.0,0.0,0.0,23.0,70.0,0.0,129.0,0.0,0.0,239.5,994.75,NA
2026-04-09 09:00:00,67.0,149.0,6.75,20.75,16.25,22.0,17.75,0.75,22.75,3.0,3.75,NA,0.0,0.0,0.0,25.25,57.75,0.0,163.0,0.0,0.0,380.75,991.5,NA
2026-04-09 10:00:00,63.0,157.0,3.0,12.25,9.0,21.25,12.75,0.0,55.5,2.5,3.0,NA,0.0,0.0,0.0,27.25,47.25,0.25,187.25,0.0,0.0,525.0,987.25,NA
2026-04-09 11:00:00,35.0,95.0,1.75,11.5,7.75,21.0,11.0,0.0,87.75,1.25,2.5,NA,0.0,0.0,0.0,28.0,44.5,0.25,160.25,0.0,0.0,604.0,984.75,NA
2026-04-09 12:00:00,36.0,89.0,1.0,9.25,5.75,21.0,10.0,0.0,105.75,1.0,1.75,NA,0.0,0.0,0.0,28.5,42.0,0.5,199.5,0.0,0.0,627.25,982.25,NA
2026-04-09 13:00:00,31.0,78.0,1.0,6.0,4.25,20.25,8.5,0.0,95.75,0.25,0.75,NA,0.0,0.0,0.0,29.75,37.25,0.0,221.75,0.0,0.0,438.0,980.25,NA
2026-04-09 14:00:00,28.0,63.0,1.0,4.5,3.5,19.0,7.75,0.0,96.5,0.0,0.0,NA,0.0,0.0,0.0,30.0,35.25,0.75,204.0,0.0,0.0,553.5,980.25,NA
2026-04-09 15:00:00,19.0,66.0,1.25,4.25,3.5,18.25,7.25,0.0,99.0,0.0,1.25,NA,0.0,0.0,0.0,28.5,35.5,1.0,173.5,0.0,0.0,260.75,984.5,NA
2026-04-09 16:00:00,18.0,78.0,1.25,5.75,4.25,18.75,6.75,0.0,89.0,0.0,2.75,NA,0.0,0.0,0.0,28.25,35.5,0.75,202.25,0.0,0.0,128.5,987.5,NA
2026-04-09 17:00:00,24.0,73.0,1.0,8.0,5.75,19.0,6.75,0.0,47.5,0.0,0.25,NA,0.0,0.0,0.0,27.25,37.5,0.5,200.5,0.0,0.0,42.25,990.75,NA
2026-04-09 18:00:00,33.0,107.0,1.75,11.75,8.0,19.5,7.0,0.0,42.0,1.25,22.0,NA,0.25,1.25,0.0,26.0,41.25,0.0,218.75,0.0,0.0,19.5,993.0,NA
2026-04-09 19:00:00,45.0,134.0,1.75,24.25,14.25,20.75,7.75,0.25,27.0,1.25,33.5,NA,0.0,4.0,0.25,24.5,46.75,0.0,98.25,0.0,0.0,5.75,994.5,NA
2026-04-09 20:00:00,105.0,244.0,2.0,53.25,30.0,23.5,9.5,1.0,9.25,4.5,162.25,NA,12.5,52.25,13.5,23.25,53.5,0.0,10.0,0.0,0.0,6.0,995.75,NA
2026-04-09 21:00:00,196.0,454.0,20.5,61.5,50.0,24.5,10.75,1.5,4.0,6.5,158.75,NA,27.5,74.25,25.25,23.0,57.25,0.0,126.75,0.0,0.0,6.0,996.0,NA
2026-04-09 22:00:00,178.0,445.0,1.0,46.75,25.5,24.25,11.5,1.0,6.25,6.25,117.0,NA,10.0,30.5,9.0,22.75,58.0,0.0,175.25,0.0,0.0,5.5,996.0,NA
2026-04-09 23:00:00,123.0,261.0,2.75,46.0,26.75,22.25,10.0,1.0,3.0,5.0,109.0,NA,6.0,18.25,5.25,22.0,62.5,0.0,227.0,0.0,0.0,5.25,996.0,NA
2026-04-10 00:00:00,105.0,221.0,0.75,20.5,11.5,21.75,10.0,0.0,12.75,2.75,44.25,NA,3.0,7.25,2.5,22.0,60.25,0.25,167.75,0.0,0.0,5.5,996.0,NA
2026-04-10 01:00:00,64.0,143.0,0.75,14.75,9.25,19.75,9.25,0.0,13.5,1.25,59.25,NA,1.5,6.25,1.75,21.5,63.5,0.0,210.0,0.0,0.0,5.75,996.0,NA
2026-04-10 02:00:00,56.0,103.0,1.0,18.0,11.0,19.0,10.0,0.0,11.0,1.0,14.75,NA,0.5,2.25,0.25,21.0,67.75,0.0,263.75,0.0,0.0,5.75,997.0,NA
2026-04-10 03:00:00,55.0,95.0,1.0,16.25,9.75,18.75,11.25,0.0,9.75,1.25,15.5,NA,0.0,1.5,0.0,20.0,69.5,0.0,247.75,0.0,0.0,5.5,997.0,NA
2026-04-10 04:00:00,103.0,179.0,1.5,18.25,10.75,19.75,12.75,0.0,7.5,1.75,19.25,NA,0.0,1.0,0.0,19.5,73.75,0.0,214.0,0.0,0.0,5.25,997.0,NA
2026-04-10 05:00:00,130.0,217.0,1.5,17.25,10.75,20.0,34.75,0.0,8.0,1.5,3.75,NA,0.0,0.25,0.0,19.0,76.75,0.0,230.0,0.0,0.0,6.0,997.0,NA
2026-04-10 06:00:00,160.0,263.0,1.75,17.0,10.5,19.75,34.5,0.0,7.0,2.5,2.0,NA,0.0,0.0,0.0,19.0,78.75,0.0,222.0,0.0,0.0,15.75,997.0,NA
2026-04-10 07:00:00,155.0,267.0,2.25,17.5,11.5,20.0,39.75,0.0,7.0,2.0,2.0,NA,0.0,0.25,0.0,20.5,70.5,0.0,240.0,0.0,0.0,112.0,996.5,NA
2026-04-10 08:00:00,144.0,245.0,2.5,13.75,9.75,20.75,29.5,0.0,13.75,2.25,2.0,NA,0.0,1.25,0.0,24.25,55.0,0.25,225.25,0.0,0.0,267.0,993.5,NA
2026-04-10 09:00:00,70.0,130.0,1.25,10.0,6.5,21.0,15.5,0.0,27.75,1.0,2.0,NA,0.0,0.75,0.0,26.25,43.75,2.25,194.25,0.0,0.0,423.25,990.0,NA
2026-04-10 10:00:00,42.0,180.0,1.75,7.0,5.0,21.25,10.25,0.0,36.75,0.75,6.75,NA,0.0,0.0,0.0,27.5,40.5,4.25,179.75,0.0,0.0,550.75,987.75,NA
2026-04-10 11:00:00,23.0,163.0,1.0,5.5,4.25,20.75,8.75,0.0,39.75,0.0,3.25,NA,0.0,0.0,0.0,28.5,37.5,3.75,191.5,0.0,0.0,630.25,985.0,NA
2026-04-10 12:00:00,24.0,173.0,1.25,5.5,3.75,20.5,8.0,0.0,43.0,0.0,3.75,NA,0.0,0.0,0.0,29.0,36.0,3.25,191.75,0.0,0.0,640.75,983.0,NA
2026-04-10 13:00:00,23.0,141.0,1.0,5.75,4.0,21.0,7.75,0.0,45.5,0.0,5.0,NA,0.0,0.0,0.0,30.0,33.5,3.5,202.75,0.0,0.0,565.75,980.5,NA
2026-04-10 14:00:00,18.0,153.0,1.0,6.0,4.0,20.25,7.5,0.0,47.75,0.0,1.75,NA,0.0,0.0,0.0,30.0,32.25,3.0,204.75,0.0,0.0,555.75,979.75,NA
2026-04-10 15:00:00,17.0,185.0,0.5,5.75,3.5,19.75,6.75,0.0,48.75,0.0,4.0,NA,0.0,0.0,0.0,30.0,32.25,3.5,201.75,0.0,0.0,322.75,982.0,NA
2026-04-10 16:00:00,14.0,184.0,1.0,5.75,4.0,19.5,6.0,0.0,49.75,0.0,5.25,NA,0.0,0.0,0.0,29.5,32.75,2.75,200.75,0.0,0.0,133.5,985.5,NA
2026-04-10 17:00:00,19.0,173.0,1.25,5.75,4.25,19.25,6.0,0.0,50.0,0.0,5.0,NA,0.0,0.0,0.0,28.5,33.25,2.25,205.5,0.0,0.0,39.25,989.0,NA
2026-04-10 18:00:00,22.0,167.0,1.25,8.75,6.0,19.25,7.5,0.0,48.0,0.0,7.5,NA,0.0,0.25,0.0,27.75,35.5,0.5,219.75,0.0,0.0,17.75,991.0,NA
2026-04-10 19:00:00,28.0,157.0,1.0,14.0,8.5,19.5,13.25,0.0,40.25,0.0,14.0,NA,0.0,4.0,0.0,26.0,39.75,0.0,240.75,0.0,0.0,5.5,993.25,NA
2026-04-10 20:00:00,36.0,195.0,0.75,20.25,11.5,18.75,15.25,0.0,32.0,0.75,5.25,NA,0.0,1.75,0.0,24.5,44.0,0.0,242.25,0.0,0.0,5.5,994.5,NA
2026-04-10 21:00:00,72.0,251.0,0.5,21.75,12.0,20.0,15.0,0.0,27.75,1.0,6.5,NA,0.0,2.25,0.5,23.75,47.75,0.0,235.25,0.0,0.0,5.75,995.0,NA
2026-04-10 22:00:00,62.0,239.0,1.0,19.0,11.25,20.0,16.0,0.0,26.75,1.0,5.25,NA,0.0,2.75,0.0,23.0,50.75,0.0,245.5,0.0,0.0,5.75,995.75,NA
2026-04-10 23:00:00,63.0,166.0,1.0,17.25,10.25,19.25,15.75,0.0,24.5,0.75,4.5,NA,0.25,3.5,0.25,22.75,53.75,0.0,235.5,0.0,0.0,5.75,996.0,NA
2026-04-11 00:00:00,57.0,149.0,1.0,12.75,8.0,19.25,16.5,0.0,30.0,0.5,2.75,NA,0.25,1.75,0.5,23.25,50.5,0.25,220.0,0.0,0.0,6.0,995.5,NA
2026-04-11 01:00:00,55.0,144.0,0.0,10.25,6.0,18.5,15.75,0.0,30.5,0.5,2.75,NA,0.0,0.0,0.0,23.0,50.5,0.0,223.0,0.0,0.0,5.5,995.5,NA
2026-04-11 02:00:00,50.0,108.0,0.0,10.0,6.0,19.0,15.0,0.0,25.5,0.0,1.25,NA,0.0,0.0,0.0,22.25,55.75,0.0,243.75,0.0,0.0,5.75,996.0,NA
2026-04-11 03:00:00,58.0,112.0,1.75,12.25,8.25,19.5,14.25,0.0,21.25,0.75,10.25,NA,0.0,0.0,0.0,21.0,60.25,0.0,256.0,0.0,0.0,5.25,996.0,NA
2026-04-11 04:00:00,66.0,123.0,1.0,13.25,8.25,19.25,17.5,0.0,20.75,1.0,12.25,NA,0.0,0.0,0.0,21.25,61.5,0.0,238.75,0.0,0.0,5.5,996.0,NA
2026-04-11 05:00:00,69.0,117.0,1.25,12.75,8.0,19.0,18.75,0.0,18.0,1.0,6.75,NA,0.5,1.0,0.0,21.5,61.0,0.0,215.25,0.0,0.0,5.25,996.25,NA
2026-04-11 06:00:00,79.0,132.0,2.25,21.25,13.5,19.25,22.25,0.5,8.5,1.0,8.0,NA,0.0,0.0,0.0,21.0,66.0,0.0,248.25,0.0,0.0,17.0,997.0,NA
2026-04-11 07:00:00,141.0,228.0,3.0,21.0,13.75,20.5,27.75,1.0,11.5,2.0,13.25,NA,0.0,0.75,0.0,22.5,60.0,0.25,228.0,0.0,0.0,99.75,995.5,NA
2026-04-11 08:00:00,116.0,193.0,2.75,14.0,9.75,20.75,18.5,0.0,26.25,2.0,3.0,NA,0.0,0.0,0.0,25.25,47.75,1.75,198.5,0.0,0.0,244.5,992.5,NA
2026-04-11 09:00:00,66.0,127.0,2.0,9.0,6.75,20.25,10.75,0.0,34.75,1.25,2.5,NA,0.0,0.0,0.0,27.5,41.25,3.0,167.75,0.0,0.0,393.5,988.25,NA
2026-04-11 10:00:00,29.0,112.0,0.67,6.0,4.0,19.33,8.0,0.0,40.67,0.5,8.75,NA,0.0,0.0,0.0,29.0,37.0,3.0,173.67,0.0,0.0,518.67,984.0,NA
2026-04-11 11:00:00,24.0,105.0,NA,NA,NA,NA,NA,NA,37.25,0.0,14.5,NA,0.0,0.0,0.0,30.25,35.0,2.25,188.25,0.0,0.0,562.5,980.25,NA
2026-04-11 12:00:00,30.0,136.0,NA,NA,NA,NA,NA,NA,41.0,0.0,2.5,NA,0.0,0.0,0.0,31.0,34.0,1.25,208.5,0.0,0.0,612.25,978.25,NA
2026-04-11 13:00:00,28.0,119.0,0.75,6.25,4.25,21.5,7.25,0.0,NA,0.0,0.25,NA,0.0,0.0,0.0,32.0,32.25,1.75,205.0,0.0,0.0,552.5,976.5,NA
2026-04-11 14:00:00,16.0,113.0,1.5,5.0,3.75,19.75,7.5,0.0,NA,0.0,0.0,NA,0.0,0.0,0.0,31.25,31.75,1.0,212.75,0.0,0.0,350.25,978.5,NA
2026-04-11 15:00:00,25.0,110.0,1.5,6.0,4.5,17.5,8.0,0.0,47.33,0.0,2.5,NA,0.0,0.0,0.0,30.25,33.5,2.0,191.5,0.0,0.0,190.25,983.5,NA
2026-04-11 16:00:00,23.0,146.0,3.5,15.25,11.5,15.75,7.5,0.0,47.75,0.25,21.0,NA,0.25,0.5,0.0,28.75,37.0,2.5,152.5,0.0,0.0,109.5,987.75,NA
2026-04-11 17:00:00,31.0,180.0,3.5,18.0,12.75,16.75,8.5,0.0,49.75,0.5,33.0,NA,0.75,2.0,0.25,28.0,36.75,0.75,179.75,0.0,0.0,61.0,989.0,NA
2026-04-11 18:00:00,42.0,197.0,1.0,11.5,7.0,15.5,7.75,0.0,47.0,1.0,46.75,NA,0.0,1.5,0.0,27.25,38.75,0.75,170.75,0.0,0.0,17.75,991.25,NA
2026-04-11 19:00:00,45.0,230.0,1.0,18.25,10.5,17.25,9.75,1.0,37.25,1.75,56.75,NA,1.25,4.5,1.25,25.5,44.0,0.0,135.5,0.0,0.0,5.75,993.5,NA
2026-04-11 20:00:00,67.0,228.0,1.0,26.75,15.5,18.25,10.75,1.0,23.0,2.25,66.75,NA,2.25,5.25,2.0,24.75,47.5,0.0,198.5,0.0,0.0,6.0,994.0,NA
2026-04-11 21:00:00,89.0,266.0,1.75,51.0,28.75,19.5,12.0,1.0,7.25,3.5,20.75,NA,0.25,2.25,0.25,24.0,52.75,0.0,142.75,0.0,0.0,6.0,995.0,NA
2026-04-11 22:00:00,127.0,383.0,4.0,48.5,29.0,20.5,18.25,1.0,7.75,3.75,22.5,NA,1.0,3.5,0.5,24.0,54.75,0.0,127.25,0.0,0.0,5.5,995.0,NA
2026-04-11 23:00:00,129.0,299.0,2.25,26.0,15.5,20.25,25.0,1.0,21.75,3.5,38.25,NA,1.5,4.75,1.0,25.0,48.25,1.25,106.5,0.0,0.0,5.75,994.0,NA
2026-04-12 00:00:00,79.0,233.0,1.0,17.25,10.0,19.25,12.5,0.0,29.75,2.0,22.25,NA,0.25,3.0,0.5,25.0,49.0,2.5,64.0,0.0,0.0,5.25,994.0,NA
2026-04-12 01:00:00,55.0,174.0,1.0,11.75,7.25,18.25,9.0,0.0,32.75,1.0,16.75,NA,0.25,1.5,0.25,24.5,51.75,0.75,78.0,0.0,0.0,5.75,994.0,NA
2026-04-12 02:00:00,55.0,119.0,1.0,16.0,9.0,18.0,12.0,0.0,26.5,1.0,11.25,NA,0.0,0.75,0.0,23.75,53.5,0.0,109.25,0.0,0.0,5.25,995.0,NA
2026-04-12 03:00:00,53.0,107.0,2.0,18.5,11.25,19.0,9.25,0.0,14.0,1.0,15.25,NA,0.0,0.75,0.0,23.0,60.25,0.0,224.75,0.0,0.0,5.25,995.75,NA
2026-04-12 04:00:00,53.0,116.0,1.75,15.75,10.0,18.25,7.75,0.0,10.25,1.0,20.0,NA,0.75,1.25,0.0,21.75,67.25,0.0,240.75,0.0,0.0,5.75,996.0,NA
2026-04-12 05:00:00,66.0,132.0,1.0,18.0,10.5,19.25,38.25,1.0,6.75,1.0,7.5,NA,0.0,0.5,0.0,21.0,71.0,0.0,256.75,0.0,0.0,5.75,996.0,NA
2026-04-12 06:00:00,174.0,317.0,2.0,25.75,15.5,21.25,36.0,1.0,7.25,2.25,6.0,NA,0.0,0.25,0.0,21.5,70.5,0.0,229.5,0.0,0.0,16.5,996.0,NA
2026-04-12 07:00:00,167.0,310.0,4.75,25.5,17.75,21.75,28.0,1.0,11.75,3.5,5.0,NA,0.0,0.0,0.0,23.0,63.0,0.5,215.5,0.0,0.0,107.75,995.0,NA
2026-04-12 08:00:00,121.0,222.0,3.75,18.5,13.0,21.0,25.25,1.0,19.75,3.25,3.5,NA,0.0,0.0,0.0,25.0,54.25,0.5,207.5,0.0,0.0,255.0,992.25,NA
2026-04-12 09:00:00,86.0,164.0,2.5,11.75,8.75,20.5,21.75,0.0,30.75,1.25,1.0,NA,0.0,0.0,0.0,28.0,45.25,0.5,211.25,0.0,0.0,406.75,986.75,NA
2026-04-12 10:00:00,58.0,135.0,1.5,7.5,5.5,20.25,15.5,0.0,41.0,0.5,0.5,NA,0.0,0.0,0.0,29.5,40.5,1.0,194.5,0.0,0.0,540.25,981.5,NA
2026-04-12 11:00:00,40.0,122.0,1.25,5.0,3.75,18.25,10.25,0.0,46.5,0.0,0.25,NA,0.0,0.0,0.0,30.5,36.25,1.5,204.0,0.0,0.0,620.5,979.0,NA
2026-04-12 12:00:00,27.0,119.0,1.25,4.25,3.5,18.0,8.25,0.0,51.25,0.0,0.25,NA,0.0,0.0,0.0,31.0,33.5,1.5,209.25,0.0,0.0,653.0,977.5,NA
2026-04-12 13:00:00,22.0,121.0,1.0,4.0,3.25,18.0,8.0,0.0,52.25,0.0,1.0,NA,0.0,0.0,0.0,31.5,32.25,2.25,186.25,0.0,0.0,617.0,976.75,NA
2026-04-12 14:00:00,25.0,116.0,0.5,4.0,3.0,18.25,7.0,0.0,54.0,0.0,2.0,NA,0.0,0.0,0.0,32.0,32.0,2.25,185.75,0.0,0.0,560.5,977.0,NA
2026-04-12 15:00:00,16.0,149.0,1.75,4.5,3.75,18.25,6.25,0.0,51.75,0.0,6.5,NA,0.0,0.0,0.0,31.0,31.5,2.75,178.75,0.0,0.0,317.5,979.0,NA
2026-04-12 16:00:00,14.0,132.0,0.5,4.75,3.25,17.25,5.75,0.0,53.0,0.0,8.0,NA,0.0,0.25,0.0,30.25,30.5,2.0,185.25,0.0,0.0,145.25,982.75,NA
2026-04-12 17:00:00,18.0,135.0,0.5,5.25,3.25,17.0,5.0,0.0,54.25,0.0,3.75,NA,0.0,0.0,0.0,29.5,30.5,2.75,201.5,0.0,0.0,36.5,987.25,NA
2026-04-12 18:00:00,22.0,112.0,0.5,9.25,5.5,17.25,6.25,0.0,51.5,0.0,9.25,NA,0.0,0.0,0.0,28.75,32.0,1.0,197.0,0.0,0.0,18.0,989.25,NA
2026-04-12 19:00:00,29.0,182.0,1.5,19.5,11.75,18.5,8.75,0.25,38.25,1.5,25.75,NA,0.25,2.5,0.25,27.0,34.75,0.0,198.5,0.0,0.0,6.0,992.0,NA
2026-04-12 20:00:00,56.0,218.0,1.25,24.5,14.0,18.75,8.0,0.75,35.5,2.5,32.75,NA,1.5,6.25,1.5,26.0,36.25,0.5,161.25,0.0,0.0,5.5,993.0,NA
2026-04-12 21:00:00,63.0,222.0,0.5,22.0,12.5,19.0,8.75,0.5,37.25,2.0,55.75,NA,3.25,8.25,2.0,25.75,37.75,0.25,141.0,0.0,0.0,5.25,993.75,NA
2026-04-12 22:00:00,70.0,206.0,0.25,20.25,11.0,18.75,10.75,0.5,32.0,1.75,47.25,NA,1.25,5.0,1.5,24.5,41.5,0.0,144.0,0.0,0.0,5.5,994.75,NA
2026-04-12 23:00:00,81.0,194.0,0.75,23.5,13.25,18.5,9.25,0.25,20.25,2.75,26.5,NA,1.0,6.0,1.5,23.25,46.25,0.0,256.0,0.0,0.0,5.5,995.5,NA
2026-04-13 00:00:00,59.0,175.0,1.0,26.25,14.75,17.5,12.75,0.0,16.0,1.5,16.25,NA,1.0,2.25,0.5,22.5,50.25,0.0,255.25,0.0,0.0,5.5,996.0,NA
2026-04-13 01:00:00,70.0,158.0,1.0,25.75,14.5,18.0,23.5,0.0,16.0,1.0,8.5,NA,0.0,1.0,0.0,22.0,52.75,0.0,262.25,0.0,0.0,5.25,996.0,NA
2026-04-13 02:00:00,135.0,234.0,1.0,24.0,14.0,19.0,25.0,0.0,21.0,1.75,11.0,NA,1.0,1.5,0.5,22.0,54.75,0.0,154.5,0.0,0.0,5.75,996.0,NA
2026-04-13 03:00:00,111.0,175.0,0.75,20.0,11.0,19.0,20.25,0.0,17.5,1.25,11.5,NA,0.5,1.5,0.0,21.5,55.75,0.0,249.25,0.0,0.0,6.0,996.0,NA
2026-04-13 04:00:00,138.0,238.0,1.0,23.5,13.5,19.0,28.0,0.0,11.75,1.0,5.75,NA,0.0,1.0,0.0,21.0,59.25,0.0,248.75,0.0,0.0,5.75,996.75,NA
2026-04-13 05:00:00,182.0,283.0,1.0,27.25,15.5,18.25,31.75,0.25,6.75,1.75,4.25,NA,0.0,0.5,0.0,20.5,62.0,0.0,211.25,0.0,0.0,6.0,997.0,NA
2026-04-13 06:00:00,232.0,326.0,1.0,27.75,15.75,18.75,50.75,1.0,7.5,2.0,4.25,NA,0.0,0.75,0.0,20.25,63.75,0.0,235.5,0.0,0.0,17.75,997.0,NA
2026-04-13 07:00:00,237.0,338.0,3.25,30.5,19.0,19.5,67.0,1.0,9.5,3.0,5.0,NA,0.0,0.25,0.0,22.75,57.25,0.0,238.0,0.0,0.0,116.75,995.25,NA
2026-04-13 08:00:00,200.0,291.0,1.5,20.75,12.5,19.0,43.25,0.25,24.0,2.5,4.5,NA,0.0,0.0,0.0,25.5,47.75,0.0,239.25,0.0,0.0,271.0,991.0,NA
2026-04-13 09:00:00,90.0,157.0,1.25,13.0,8.25,18.75,21.0,0.0,39.5,1.0,1.75,NA,0.0,0.0,0.0,29.0,39.0,0.25,214.5,0.0,0.0,425.25,984.0,NA
2026-04-13 10:00:00,77.0,116.0,1.0,8.5,5.25,18.5,13.25,0.0,54.25,0.75,3.0,NA,0.0,0.0,0.0,30.0,34.75,1.25,181.25,0.0,0.0,551.75,981.0,NA
2026-04-13 11:00:00,31.0,172.0,1.0,5.25,3.75,17.25,8.25,0.0,57.0,0.0,10.25,NA,0.0,0.0,0.0,30.75,31.75,1.5,204.75,0.0,0.0,636.5,978.25,NA
2026-04-13 12:00:00,18.0,129.0,0.5,4.25,3.25,17.5,7.0,0.0,57.25,0.0,0.5,NA,0.0,0.0,0.0,31.5,30.25,1.75,213.75,0.0,0.0,661.75,976.5,NA
2026-04-13 13:00:00,16.0,134.0,1.0,5.0,3.5,18.0,6.0,0.0,60.25,0.0,0.0,NA,0.0,0.0,0.0,32.0,28.75,2.0,208.75,0.0,0.0,647.75,975.75,NA
2026-04-13 14:00:00,19.0,118.0,1.25,5.25,4.0,18.25,6.0,0.0,66.5,0.0,2.5,NA,0.0,0.0,0.0,32.0,28.0,2.0,188.0,0.0,0.0,581.0,975.75,NA
2026-04-13 15:00:00,18.0,121.0,0.75,5.25,3.5,18.25,6.0,0.0,62.0,0.0,3.25,NA,0.0,0.0,0.0,31.75,28.5,1.5,213.75,0.0,0.0,321.0,977.25,NA
2026-04-13 16:00:00,14.0,88.0,0.75,5.0,3.75,17.0,6.0,0.0,64.25,0.0,0.25,NA,0.0,0.0,0.0,31.25,28.0,1.25,209.5,0.0,0.0,154.75,981.25,NA
2026-04-13 17:00:00,19.0,135.0,1.5,6.5,4.75,17.0,5.25,0.0,61.5,0.0,2.75,NA,0.0,0.25,0.0,30.25,30.0,0.5,213.0,0.0,0.0,34.75,986.5,NA
2026-04-13 18:00:00,18.0,140.0,1.25,11.0,7.0,17.0,6.25,0.0,51.0,0.0,1.0,NA,0.0,0.75,0.0,28.25,33.5,0.0,211.25,0.0,0.0,16.5,989.75,NA
2026-04-13 19:00:00,38.0,221.0,1.0,27.25,15.5,17.5,10.75,0.0,33.25,0.25,2.25,NA,0.0,2.0,0.0,26.0,38.0,0.0,237.75,0.0,0.0,6.0,993.25,NA
2026-04-13 20:00:00,79.0,316.0,1.5,34.25,19.5,17.5,31.5,0.0,27.0,1.0,3.75,NA,0.25,2.0,0.5,25.0,41.0,0.0,236.0,0.0,0.0,5.75,994.0,NA
2026-04-13 21:00:00,81.0,287.0,1.25,43.0,24.0,18.75,27.0,0.75,17.25,1.25,5.25,NA,0.25,0.75,0.25,25.0,43.0,0.0,236.5,0.0,0.0,6.0,994.0,NA
2026-04-13 22:00:00,149.0,418.0,1.25,41.25,23.25,20.0,34.5,1.0,16.5,3.0,18.25,NA,2.75,12.25,2.0,24.25,44.25,0.0,219.5,0.0,0.0,5.75,995.0,NA
2026-04-13 23:00:00,144.0,306.0,1.0,22.25,13.0,18.25,27.75,0.0,34.25,2.25,24.25,NA,1.25,4.25,1.25,25.75,38.0,0.25,137.25,0.0,0.0,5.75,993.25,NA
2026-04-14 00:00:00,75.0,228.0,0.25,19.25,10.75,18.0,19.0,0.0,30.25,2.0,25.5,NA,6.0,18.0,3.25,24.5,41.75,0.0,98.0,0.0,0.0,5.75,994.5,NA
2026-04-14 01:00:00,64.0,169.0,1.0,20.0,11.75,18.0,17.75,0.0,27.25,2.0,25.5,NA,8.25,34.25,5.25,23.75,45.5,0.0,204.25,0.0,0.0,5.5,995.0,NA
2026-04-14 02:00:00,63.0,166.0,1.0,20.0,12.0,18.0,16.0,0.0,17.75,2.0,26.75,NA,5.0,24.75,4.0,22.75,50.0,0.0,111.75,0.0,0.0,6.0,996.0,NA
2026-04-14 03:00:00,66.0,169.0,0.25,31.0,17.0,18.25,16.0,0.0,11.0,1.75,27.0,NA,3.75,9.25,2.75,22.0,53.25,0.0,255.75,0.0,0.0,6.0,996.0,NA
2026-04-14 04:00:00,66.0,171.0,1.0,28.5,16.25,17.75,15.5,0.0,10.75,1.25,16.75,NA,1.75,4.75,1.5,22.0,56.0,0.0,260.0,0.0,0.0,6.0,996.0,NA
2026-04-14 05:00:00,85.0,195.0,1.0,30.25,17.0,17.25,17.25,0.0,7.75,1.75,17.0,NA,0.5,3.25,0.5,21.0,57.0,0.0,255.75,0.0,0.0,6.0,996.0,NA
2026-04-14 06:00:00,88.0,208.0,3.25,37.5,23.0,18.5,29.25,1.0,5.75,2.75,18.75,NA,0.75,2.25,0.5,21.0,58.5,0.0,224.25,0.0,0.0,18.0,996.0,NA
2026-04-14 07:00:00,179.0,345.0,3.25,33.5,20.5,20.0,68.0,1.0,10.5,3.75,16.0,NA,0.5,1.75,0.0,23.5,53.0,0.0,234.5,0.0,0.0,108.0,994.5,NA
2026-04-14 08:00:00,257.0,404.0,3.25,32.25,20.0,22.0,60.25,1.0,24.0,3.5,15.5,NA,0.25,1.25,0.0,26.25,46.75,0.0,234.0,0.0,0.0,235.25,990.25,NA
2026-04-14 09:00:00,249.0,404.0,1.75,22.25,13.5,21.25,84.5,1.0,46.75,3.0,17.75,NA,0.0,0.5,0.0,29.75,38.0,0.0,226.0,0.0,0.0,385.5,983.0,NA
2026-04-14 10:00:00,155.0,244.0,1.0,17.0,10.0,19.25,43.75,0.0,56.25,2.0,2.0,NA,0.0,0.0,0.0,32.0,33.25,0.0,226.75,0.0,0.0,519.25,977.0,NA
2026-04-14 11:00:00,67.0,122.0,0.5,10.0,6.25,16.75,14.25,0.0,64.5,0.75,1.75,NA,0.0,0.0,0.0,33.0,28.75,1.25,170.5,0.0,0.0,602.25,974.75,NA
2026-04-14 12:00:00,31.0,103.0,0.5,6.0,3.75,16.25,10.75,0.0,63.25,0.25,16.25,NA,0.0,0.0,0.0,33.75,27.75,0.25,204.5,0.0,0.0,629.0,973.75,NA
2026-04-14 13:00:00,25.0,85.0,0.5,5.25,3.5,17.0,9.5,0.0,63.75,0.0,0.75,NA,0.0,0.0,0.0,34.0,27.25,1.0,207.5,0.0,0.0,609.75,973.0,NA
2026-04-14 14:00:00,24.0,90.0,0.25,5.0,3.0,17.25,8.25,0.0,62.75,0.0,0.5,NA,0.0,0.0,0.0,34.0,27.0,0.75,208.5,0.0,0.0,539.75,973.0,NA
2026-04-14 15:00:00,28.0,97.0,0.75,5.25,3.5,17.25,8.25,0.0,62.25,0.0,1.0,NA,0.0,0.0,0.0,33.0,28.0,0.75,206.0,0.0,0.0,319.5,975.5,NA
2026-04-14 16:00:00,25.0,111.0,0.25,5.75,3.25,17.0,7.0,0.0,61.0,0.0,0.75,NA,0.0,0.75,0.0,32.25,28.75,0.5,222.0,0.0,0.0,142.25,978.5,NA
2026-04-14 17:00:00,22.0,135.0,0.0,6.75,4.0,16.5,7.0,0.0,57.5,0.0,1.0,NA,0.0,0.25,0.0,31.25,30.25,0.25,224.25,0.0,0.0,45.75,983.75,NA
2026-04-14 18:00:00,30.0,169.0,0.5,16.5,9.25,17.0,8.0,0.0,46.25,0.5,24.5,NA,0.25,1.25,0.0,29.25,32.75,0.0,189.5,0.0,0.0,19.25,988.5,NA
2026-04-14 19:00:00,42.0,276.0,1.0,45.75,25.5,17.25,10.25,1.0,20.75,1.0,9.25,NA,0.25,2.75,0.5,27.0,37.0,0.0,260.0,0.0,0.0,5.5,992.25,NA
2026-04-14 20:00:00,106.0,376.0,0.75,54.75,29.5,20.25,14.25,1.0,17.75,3.75,150.0,NA,7.25,16.75,5.5,26.0,38.25,0.0,70.0,0.0,0.0,6.0,993.0,NA
2026-04-14 21:00:00,128.0,395.0,0.25,47.5,25.5,21.25,17.75,1.0,18.25,4.5,195.25,NA,13.5,44.0,13.5,26.75,36.75,0.0,84.0,0.0,0.0,5.25,992.75,NA
2026-04-14 22:00:00,123.0,348.0,6.5,55.5,35.0,23.25,16.0,1.75,8.25,5.75,81.75,NA,8.5,27.75,7.5,25.5,41.0,0.0,29.5,0.0,0.0,5.25,994.0,NA
2026-04-14 23:00:00,147.0,426.0,4.5,60.75,36.0,21.0,16.0,1.0,7.5,6.5,121.0,NA,13.5,31.75,9.5,25.0,41.25,0.0,173.25,0.0,0.0,5.25,994.0,NA
2026-04-15 00:00:00,121.0,304.0,1.75,55.0,31.0,20.0,13.5,1.33,5.75,5.25,116.25,NA,12.75,30.5,9.5,24.5,43.25,0.0,169.25,0.0,0.0,5.5,994.75,NA
2026-04-15 01:00:00,105.0,252.0,9.5,53.5,36.25,20.5,11.75,1.0,3.25,4.0,104.0,NA,9.25,27.0,8.25,23.5,49.5,0.0,223.0,0.0,0.0,5.5,995.0,NA
2026-04-15 02:00:00,112.0,294.0,6.0,53.0,33.0,21.0,14.0,1.0,3.75,3.0,81.75,NA,4.5,20.0,6.5,23.0,49.75,0.0,249.25,0.0,0.0,5.75,995.75,NA
2026-04-15 03:00:00,92.0,248.0,2.25,40.5,23.25,19.25,22.75,0.5,5.75,2.5,35.5,NA,3.5,9.0,3.25,23.0,48.25,0.0,270.5,0.0,0.0,5.75,996.0,NA
2026-04-15 04:00:00,116.0,255.0,1.25,36.75,20.75,17.25,46.0,1.0,6.75,2.0,17.5,NA,1.0,3.5,0.75,22.75,50.0,0.0,248.25,0.0,0.0,5.5,996.0,NA
2026-04-15 05:00:00,221.0,368.0,2.5,41.0,23.75,17.75,49.25,1.0,4.5,2.0,13.75,NA,0.5,2.5,0.5,22.0,52.0,0.0,207.75,0.0,0.0,6.0,996.0,NA
2026-04-15 06:00:00,277.0,421.0,8.5,43.25,30.0,19.75,74.0,1.0,4.25,3.0,13.25,NA,0.25,3.0,0.25,21.75,55.25,0.0,232.0,0.0,0.0,18.0,996.0,NA
2026-04-15 07:00:00,338.0,536.0,9.25,45.75,32.0,21.75,101.75,1.0,7.25,5.0,16.5,NA,0.25,3.0,0.0,24.5,49.5,0.0,250.5,0.0,0.0,119.75,994.25,NA
2026-04-15 08:00:00,329.0,543.0,2.25,27.75,16.75,20.5,87.75,1.0,26.75,4.25,11.0,NA,0.0,2.5,0.0,27.5,41.0,0.0,242.75,0.0,0.0,266.0,987.5,NA
2026-04-15 09:00:00,238.0,353.0,1.0,17.25,10.0,18.75,38.0,0.25,49.5,2.75,5.25,NA,0.0,1.25,0.0,31.25,33.5,0.25,207.75,0.0,0.0,417.0,979.5,NA
2026-04-15 10:00:00,88.0,199.0,0.5,9.75,5.75,17.25,19.75,0.0,59.5,1.0,4.5,NA,0.0,0.25,0.0,32.75,30.5,0.0,202.25,0.0,0.0,548.25,975.75,NA
2026-04-15 11:00:00,35.0,117.0,0.5,6.75,4.0,16.25,12.0,0.0,61.0,0.25,5.75,NA,0.0,0.0,0.0,33.75,28.5,0.5,206.0,0.0,0.0,630.25,974.0,NA
2026-04-15 12:00:00,28.0,125.0,0.75,5.0,3.5,16.0,8.0,0.0,57.5,0.0,6.75,NA,0.0,0.0,0.0,34.0,27.25,1.25,206.0,0.0,0.0,656.0,973.5,NA
2026-04-15 13:00:00,13.0,127.0,0.0,5.0,3.0,16.0,6.75,0.0,61.5,0.0,4.0,NA,0.0,0.0,0.0,34.0,26.0,2.75,192.75,0.0,0.0,640.25,973.5,NA
2026-04-15 14:00:00,19.0,135.0,0.25,7.0,3.75,17.25,7.25,0.0,56.25,0.0,3.5,NA,0.0,0.0,0.0,34.75,26.0,1.75,207.0,0.0,0.0,562.5,973.25,NA
2026-04-15 15:00:00,42.0,158.0,1.0,5.5,3.5,17.0,6.0,0.0,52.75,2.25,7.25,NA,0.0,0.0,0.0,33.5,26.0,1.5,199.5,0.0,0.0,322.0,974.75,NA
2026-04-15 16:00:00,29.0,125.0,0.75,5.5,3.75,17.0,6.0,0.0,57.0,1.5,8.25,NA,0.0,0.0,0.0,33.0,26.75,1.5,194.5,0.0,0.0,156.25,977.75,NA
2026-04-15 17:00:00,28.0,128.0,0.33,7.0,3.75,16.75,6.0,0.0,56.0,0.75,3.25,NA,0.0,0.0,0.0,31.5,28.0,0.25,192.0,0.0,0.0,40.5,982.75,NA
2026-04-15 18:00:00,19.0,124.0,0.75,13.5,8.0,17.0,6.5,0.0,46.5,0.5,5.75,NA,0.0,1.0,0.25,29.5,31.5,0.0,236.5,0.0,0.0,18.75,987.75,NA
2026-04-15 19:00:00,42.0,243.0,0.25,31.75,17.0,17.5,9.0,0.0,27.0,0.5,6.75,NA,1.5,7.0,2.25,27.25,36.0,0.0,260.25,0.0,0.0,6.0,992.0,NA
2026-04-15 20:00:00,58.0,370.0,5.75,54.25,33.75,20.25,22.0,1.0,13.0,1.75,7.0,NA,0.75,4.5,0.75,26.0,39.5,0.0,268.75,0.0,0.0,5.75,993.25,NA
2026-04-15 21:00:00,144.0,554.0,4.5,60.25,36.0,22.0,28.75,1.0,7.0,4.75,17.5,NA,1.5,8.25,1.5,25.5,41.75,0.0,214.0,0.0,0.0,5.75,994.0,NA
2026-04-15 22:00:00,150.0,480.0,20.5,62.5,50.5,18.0,33.25,1.0,4.0,4.0,51.0,NA,3.25,25.75,5.0,25.0,43.0,0.0,260.25,0.0,0.0,5.75,994.0,NA
2026-04-15 23:00:00,172.0,481.0,22.5,61.25,50.75,21.25,33.5,1.0,4.25,3.75,45.25,NA,5.75,17.5,5.25,24.75,45.0,0.0,229.0,0.0,0.0,5.25,994.5,NA
2026-04-16 00:00:00,174.0,423.0,9.5,56.25,37.5,20.25,39.75,1.0,3.75,3.0,45.75,NA,6.0,12.5,3.75,24.0,47.0,0.0,245.25,0.0,0.0,6.0,995.0,NA
2026-04-16 01:00:00,172.0,385.0,1.5,44.0,24.5,19.5,54.0,1.0,5.5,2.0,25.5,NA,4.5,19.0,4.75,24.0,47.5,0.0,254.5,0.0,0.0,5.5,995.0,NA
2026-04-16 02:00:00,213.0,383.0,1.0,35.0,19.0,20.0,59.0,1.0,6.5,2.25,18.25,NA,5.0,33.0,7.5,24.0,48.25,0.0,254.0,0.0,0.0,5.0,995.0,NA
2026-04-16 03:00:00,227.0,395.0,0.5,38.25,20.75,21.0,53.0,1.0,5.75,2.75,18.0,NA,5.5,38.5,8.0,23.0,49.75,0.0,251.0,0.0,0.0,5.25,995.5,NA
2026-04-16 04:00:00,223.0,353.0,2.25,40.75,23.75,20.25,54.75,1.0,4.0,2.75,14.5,NA,2.75,14.75,3.75,23.0,51.75,0.0,247.25,0.0,0.0,5.75,996.0,NA
2026-04-16 05:00:00,227.0,377.0,3.75,38.0,23.25,20.25,41.25,1.0,4.5,2.0,24.75,NA,2.0,13.0,2.25,22.75,53.75,0.0,247.75,0.0,0.0,5.5,996.0,NA
2026-04-16 06:00:00,235.0,384.0,12.25,41.5,32.0,22.0,71.0,1.0,3.75,2.5,38.75,NA,1.25,6.5,1.0,22.25,56.0,0.0,228.25,0.0,0.0,18.25,996.0,NA
2026-04-16 07:00:00,344.0,522.0,18.75,55.75,45.0,25.75,55.5,1.25,5.0,4.5,30.5,NA,1.5,5.25,1.25,24.5,52.0,0.0,220.75,0.0,0.0,104.75,993.5,NA
2026-04-16 08:00:00,327.0,594.0,7.0,47.5,30.75,24.25,52.0,1.0,18.0,4.75,27.5,NA,0.25,4.25,0.5,27.75,42.75,0.0,232.75,0.0,0.0,242.25,987.5,NA
2026-04-16 09:00:00,226.0,438.0,1.75,22.25,13.0,21.75,46.0,1.0,48.0,3.5,16.0,NA,0.0,1.25,0.0,31.25,35.25,0.0,231.25,0.0,0.0,391.0,980.0,NA
2026-04-16 10:00:00,124.0,248.0,0.33,13.0,7.0,20.0,34.0,0.25,68.0,1.75,4.25,NA,0.0,0.0,0.0,33.0,31.25,0.0,175.0,0.0,0.0,521.25,975.0,NA
2026-04-16 11:00:00,53.0,138.0,0.0,8.25,4.5,18.25,17.75,0.0,69.5,1.0,12.5,NA,0.0,0.25,0.0,34.5,29.25,0.0,157.25,0.0,0.0,601.5,973.25,NA
2026-04-16 12:00:00,35.0,96.0,0.0,5.5,3.0,17.75,13.5,0.0,67.75,0.0,1.0,NA,0.0,0.0,0.0,34.75,28.5,0.0,192.75,0.0,0.0,577.5,972.5,NA
2026-04-16 13:00:00,30.0,97.0,0.0,5.0,2.5,17.75,12.25,0.0,59.25,0.0,2.5,NA,0.0,0.0,0.0,35.5,27.0,0.5,196.75,0.0,0.0,623.5,972.0,NA
2026-04-16 14:00:00,27.0,96.0,0.0,4.75,2.75,18.25,10.0,0.0,59.75,0.0,2.75,NA,0.0,0.0,0.0,35.5,26.25,1.0,181.5,0.0,0.0,535.0,972.25,NA
2026-04-16 15:00:00,29.0,129.0,0.33,5.0,3.0,18.5,7.75,0.0,56.75,0.0,6.25,NA,0.0,0.0,0.0,34.5,27.0,0.75,202.25,0.0,0.0,320.25,973.75,NA
2026-04-16 16:00:00,27.0,161.0,0.0,5.5,3.25,18.0,7.0,0.0,56.75,0.0,9.75,NA,0.0,0.0,0.0,33.25,27.5,1.0,195.25,0.0,0.0,152.0,976.75,NA
2026-04-16 17:00:00,22.0,143.0,0.25,7.75,4.5,17.75,7.25,0.0,56.75,0.25,28.5,NA,0.0,2.25,0.0,32.25,29.0,0.75,169.25,0.0,0.0,57.75,981.5,NA
2026-04-16 18:00:00,29.0,185.0,0.5,14.0,8.25,18.75,9.0,0.25,49.5,1.5,98.75,NA,0.75,6.0,1.0,30.5,32.5,0.0,232.0,0.0,0.0,22.25,986.0,NA
2026-04-16 19:00:00,77.0,265.0,5.25,67.75,40.25,21.25,20.0,1.25,15.0,5.75,188.75,NA,12.75,49.75,14.25,27.75,38.25,0.0,252.0,0.0,0.0,5.25,991.25,NA
2026-04-16 20:00:00,188.0,660.0,1.0,64.75,35.75,22.25,18.0,1.25,9.75,4.75,230.75,NA,27.75,80.75,20.75,27.0,40.5,0.0,148.25,0.0,0.0,5.5,992.25,NA
2026-04-16 21:00:00,123.0,444.0,10.75,75.5,48.75,21.5,19.5,2.25,4.5,6.25,85.75,NA,3.5,17.0,4.0,26.25,43.25,0.0,157.5,0.0,0.0,5.75,993.0,NA
2026-04-16 22:00:00,196.0,664.0,13.25,74.75,50.75,24.0,25.75,2.0,3.5,8.5,72.0,NA,2.25,16.0,3.5,26.0,44.75,0.0,138.0,0.0,0.0,6.0,993.0,NA
2026-04-16 23:00:00,194.0,593.0,10.0,71.0,46.0,23.5,29.25,2.5,3.0,8.5,63.75,NA,4.5,14.0,4.25,26.0,45.5,0.0,159.75,0.0,0.0,5.25,993.5,NA
2026-04-17 00:00:00,183.0,505.0,27.75,69.5,59.75,23.75,25.25,3.67,3.5,10.75,57.25,NA,4.75,11.75,4.0,25.0,49.5,0.0,136.25,0.0,0.0,5.5,994.0,NA
2026-04-17 01:00:00,195.0,549.0,47.0,70.5,75.75,23.5,23.75,2.5,4.0,12.0,66.5,NA,7.0,18.0,6.5,25.25,50.25,0.0,135.0,0.0,0.0,5.75,994.0,NA
2026-04-17 02:00:00,194.0,490.0,33.0,67.0,62.0,24.0,26.0,2.0,3.75,12.75,88.25,NA,3.75,19.0,5.25,26.0,49.0,0.0,147.5,0.0,0.0,5.75,993.0,NA
2026-04-17 03:00:00,206.0,484.0,21.25,63.5,51.25,24.5,35.5,2.0,4.0,12.25,56.25,NA,6.0,11.5,3.75,25.5,49.25,0.0,126.5,0.0,0.0,5.5,993.75,NA
2026-04-17 04:00:00,211.0,470.0,22.5,59.0,50.25,24.5,45.25,1.0,3.0,11.75,56.5,NA,2.0,11.75,3.5,25.0,51.0,0.0,144.75,0.0,0.0,5.75,994.0,NA
2026-04-17 05:00:00,211.0,438.0,27.25,54.0,51.0,24.25,41.25,1.5,3.75,12.0,30.25,NA,0.75,5.0,1.25,24.5,52.5,0.0,114.0,0.0,0.0,5.75,994.75,NA
2026-04-17 06:00:00,211.0,433.0,41.5,52.75,61.75,24.25,34.25,2.0,4.0,13.5,40.0,NA,3.0,7.0,2.25,24.5,54.5,0.0,142.75,0.0,0.0,23.5,994.5,NA
2026-04-17 07:00:00,315.0,603.0,41.75,73.0,72.75,28.25,30.25,2.25,7.75,18.0,47.25,NA,4.75,10.25,3.0,26.5,49.75,0.0,171.5,0.0,0.0,75.0,991.75,NA
2026-04-17 08:00:00,339.0,585.0,24.75,88.75,67.5,26.25,27.5,2.0,4.75,15.25,54.0,NA,2.75,13.0,3.75,28.5,46.25,0.0,141.5,0.0,0.0,128.5,988.0,NA
2026-04-17 09:00:00,262.0,561.0,10.5,49.75,35.25,25.25,25.5,1.25,7.0,12.5,47.5,NA,3.75,7.5,2.25,30.0,38.5,0.0,129.75,0.0,0.0,177.25,983.75,NA
2026-04-17 10:00:00,119.0,299.0,1.5,32.25,18.25,24.0,20.75,1.0,40.25,5.75,16.5,NA,0.5,2.5,0.75,31.5,33.75,0.25,136.25,0.0,0.0,328.5,979.75,NA
2026-04-17 11:00:00,74.0,266.0,0.0,26.75,14.25,21.25,18.25,0.75,71.25,18.75,19.5,NA,0.0,1.5,0.0,32.0,31.75,1.0,142.25,0.0,0.0,345.25,977.25,NA
2026-04-17 12:00:00,67.0,262.0,NA,24.75,12.75,21.25,16.0,0.0,85.75,9.5,13.0,NA,0.25,1.75,0.25,33.5,30.75,1.5,146.5,0.0,0.0,492.75,975.75,NA
2026-04-17 13:00:00,51.0,208.0,NA,16.75,8.25,21.0,16.0,0.0,100.0,8.25,9.5,NA,0.0,1.0,0.0,34.0,29.25,1.75,149.0,0.0,0.0,541.0,973.75,NA
2026-04-17 14:00:00,63.0,254.0,0.0,16.75,8.5,20.5,17.5,0.0,110.5,10.0,9.25,NA,0.0,1.0,0.0,33.5,29.75,1.25,143.25,0.0,0.0,234.0,976.0,NA
2026-04-17 15:00:00,61.0,238.0,0.0,19.5,10.25,20.25,13.5,0.0,76.5,3.75,8.25,NA,0.0,1.25,0.0,31.0,35.0,1.0,195.0,0.0,0.0,43.75,984.25,NA
2026-04-17 16:00:00,66.0,417.0,0.0,14.75,7.75,19.5,9.25,0.0,48.0,1.25,7.0,NA,0.0,1.0,0.0,29.25,40.25,1.5,171.0,0.0,0.0,58.5,988.0,NA
2026-04-17 17:00:00,45.0,251.0,0.0,16.75,8.75,21.0,12.75,0.0,48.5,1.5,81.75,NA,0.25,6.0,0.75,29.0,40.0,4.0,82.75,0.0,0.0,31.25,988.0,NA
2026-04-17 18:00:00,64.0,389.0,0.0,17.0,9.25,22.5,10.25,0.0,32.75,2.25,85.25,NA,1.5,9.25,1.75,26.0,53.5,3.0,126.0,0.0,0.0,6.0,993.0,NA
2026-04-17 19:00:00,44.0,153.0,0.0,17.0,8.75,25.0,9.5,0.0,33.5,1.75,37.25,NA,1.5,4.0,1.0,27.0,46.5,1.75,155.75,0.25,1.0,5.0,991.75,NA
2026-04-17 20:00:00,42.0,171.0,0.0,11.75,6.0,27.0,8.0,0.0,22.75,1.75,17.75,NA,0.25,1.5,0.5,24.75,58.0,2.25,184.0,0.0,0.0,5.0,993.75,NA
2026-04-17 21:00:00,25.0,149.0,NA,4.5,1.5,29.0,5.75,0.0,35.75,1.0,10.0,NA,3.25,1.5,1.0,28.5,37.0,2.5,205.25,0.0,0.0,5.0,989.5,NA
2026-04-17 22:00:00,11.0,50.0,NA,7.75,3.25,25.5,5.0,0.0,31.75,0.0,1.25,NA,0.0,0.0,0.0,27.5,42.25,0.25,203.5,0.0,0.0,5.0,990.75,NA
2026-04-17 23:00:00,22.0,40.0,NA,19.5,9.5,25.0,6.25,0.0,19.75,0.25,2.5,NA,0.0,0.0,0.0,26.5,47.0,0.0,114.25,0.0,0.0,5.0,992.25,NA
2026-04-18 00:00:00,35.0,96.0,0.0,17.5,9.5,24.75,7.25,0.0,17.0,2.75,34.0,NA,3.0,24.0,4.25,25.75,49.75,0.0,58.25,0.0,0.0,5.0,993.5,NA
2026-04-18 01:00:00,39.0,95.0,1.25,25.0,14.75,24.75,7.25,0.0,7.5,2.0,57.75,NA,7.75,46.25,12.5,24.5,57.25,0.0,223.5,0.0,0.0,5.0,994.75,NA
2026-04-18 02:00:00,40.0,96.0,3.0,27.0,17.0,25.0,7.0,0.0,4.25,1.5,55.25,NA,5.0,17.75,5.25,24.0,63.0,0.0,267.5,0.0,0.0,5.0,995.0,NA
2026-04-18 03:00:00,51.0,100.0,2.25,21.5,13.25,27.25,11.25,0.25,3.75,1.0,14.5,NA,1.0,3.0,0.75,23.25,66.0,0.0,234.75,0.0,0.0,5.0,995.0,NA
2026-04-18 04:00:00,141.0,221.0,3.0,24.5,15.5,28.25,19.5,0.75,3.5,1.0,9.75,NA,0.25,2.5,0.25,23.0,68.0,0.0,260.5,0.0,0.0,5.0,995.25,NA
2026-04-18 05:00:00,110.0,180.0,3.25,27.0,17.5,28.5,20.75,1.0,3.75,1.0,28.25,NA,0.0,1.75,0.0,23.0,71.5,0.0,253.5,0.0,0.0,5.25,996.0,NA
2026-04-18 06:00:00,84.0,164.0,4.25,26.5,17.5,29.5,19.75,1.0,3.75,1.25,27.25,NA,0.25,1.5,0.0,23.0,72.75,0.0,206.5,0.0,0.0,19.25,995.75,NA
2026-04-18 07:00:00,178.0,312.0,8.0,26.0,20.75,33.25,33.25,1.0,4.25,4.0,21.75,NA,1.25,3.0,1.0,24.75,63.75,0.0,195.75,0.0,0.0,107.5,993.5,NA
2026-04-18 08:00:00,208.0,345.0,5.75,24.25,17.5,35.0,39.25,1.0,4.75,4.0,26.25,NA,0.75,2.0,0.0,27.75,49.5,0.0,225.5,0.0,0.0,247.25,987.0,NA
2026-04-18 09:00:00,136.0,211.0,2.0,15.75,10.25,34.5,33.5,1.0,13.75,2.0,6.75,NA,0.0,0.5,0.0,30.75,40.5,0.0,204.25,0.0,0.0,385.75,980.25,NA
2026-04-18 10:00:00,111.0,174.0,0.75,22.0,12.25,34.5,33.75,0.75,28.0,2.0,4.25,NA,0.0,1.0,0.0,32.25,35.5,0.25,198.75,0.0,0.0,510.25,976.75,NA
2026-04-18 11:00:00,64.0,133.0,0.0,9.5,4.5,33.5,20.5,0.0,43.5,1.0,4.75,NA,0.0,0.25,0.0,33.75,32.5,0.5,205.75,0.0,0.0,599.75,974.25,NA
2026-04-18 12:00:00,39.0,110.0,NA,9.5,4.75,29.5,14.75,0.0,51.75,0.5,1.75,NA,0.0,0.0,0.0,34.25,31.25,1.25,219.0,0.0,0.0,631.5,973.0,NA
2026-04-18 13:00:00,31.0,106.0,0.0,7.25,3.25,27.25,13.5,0.0,59.0,0.0,1.0,NA,0.0,0.0,0.0,35.0,29.75,0.75,195.75,0.0,0.0,608.0,972.25,NA
2026-04-18 14:00:00,39.0,124.0,0.0,5.5,3.0,25.5,10.75,0.0,54.5,0.0,0.5,NA,0.0,0.0,0.0,35.75,28.25,0.0,223.0,0.0,0.0,549.0,972.0,NA
2026-04-18 15:00:00,33.0,92.0,NA,5.0,2.0,25.25,8.75,0.0,51.75,0.0,0.25,NA,0.0,0.0,0.0,35.25,28.0,0.25,216.75,0.0,0.0,415.5,972.75,NA
2026-04-18 16:00:00,27.0,79.0,0.0,4.25,2.5,26.25,8.0,0.0,46.75,0.0,0.25,NA,0.0,0.0,0.0,34.25,28.0,0.75,192.0,0.0,0.0,213.25,974.75,NA
2026-04-18 17:00:00,18.0,92.0,0.0,6.25,3.5,27.0,8.0,0.0,46.0,0.0,1.25,NA,0.0,0.0,0.0,32.5,30.0,0.25,219.0,0.0,0.0,42.5,980.75,NA
2026-04-18 18:00:00,23.0,95.0,0.0,14.5,7.75,27.5,8.0,0.0,33.25,0.0,2.0,NA,0.0,0.25,0.0,30.0,34.25,0.0,252.0,0.0,0.0,17.5,987.0,NA
2026-04-18 19:00:00,41.0,197.0,0.0,34.0,18.0,27.5,10.25,1.0,20.5,1.5,3.25,NA,0.0,1.0,0.0,27.5,38.25,0.0,129.25,0.0,0.0,5.5,991.25,NA
2026-04-18 20:00:00,100.0,269.0,16.0,64.25,47.0,29.5,15.25,1.25,4.75,4.25,12.25,NA,0.75,2.5,0.5,27.0,42.0,0.0,253.25,0.0,0.0,5.0,992.5,NA
2026-04-18 21:00:00,119.0,407.0,53.0,65.5,78.0,32.75,16.5,2.75,3.75,6.0,32.5,NA,5.5,15.0,4.25,26.0,46.25,0.0,243.5,0.0,0.0,5.0,993.0,NA
2026-04-18 22:00:00,272.0,697.0,68.5,63.25,89.25,38.5,20.5,3.75,5.25,14.5,47.0,NA,15.0,24.5,9.5,25.75,50.5,0.0,243.25,0.0,0.0,5.0,994.0,NA
2026-04-18 23:00:00,407.0,920.0,38.75,50.25,58.5,33.0,24.25,1.75,3.0,13.75,49.25,NA,19.5,23.75,8.25,25.0,50.0,0.0,244.0,0.0,0.0,5.0,994.0,NA
2026-04-19 00:00:00,171.0,412.0,24.25,48.75,46.0,32.5,29.75,1.0,3.0,6.5,47.5,NA,6.5,13.0,3.75,25.0,50.25,0.0,241.0,0.0,0.0,5.0,994.5,NA
2026-04-19 01:00:00,195.0,382.0,19.75,45.5,40.5,33.25,36.5,1.0,3.25,5.5,29.25,NA,11.25,16.0,4.75,25.0,52.5,0.0,222.5,0.0,0.0,5.0,994.5,NA
2026-04-19 02:00:00,201.0,405.0,32.0,44.0,49.0,34.0,35.0,1.0,4.25,5.25,31.0,NA,10.75,12.0,6.25,24.0,55.5,0.0,261.0,0.0,0.0,5.0,995.0,NA
2026-04-19 03:00:00,217.0,434.0,30.75,49.75,51.75,35.5,26.25,1.0,4.0,5.25,85.75,NA,4.75,9.25,2.5,24.0,56.5,0.0,209.25,0.0,0.0,5.0,995.0,NA
2026-04-19 04:00:00,301.0,451.0,16.75,45.75,37.75,35.0,36.5,1.0,4.25,5.25,62.25,NA,3.25,6.75,1.75,24.0,56.75,0.0,180.25,0.0,0.0,5.0,995.0,NA
2026-04-19 05:00:00,400.0,532.0,34.5,41.5,50.5,34.0,34.25,1.0,4.0,7.25,57.25,NA,4.0,8.75,2.5,23.5,59.5,0.0,183.75,0.0,0.0,5.25,995.0,NA
2026-04-19 06:00:00,378.0,577.0,23.25,44.0,42.5,33.0,47.25,1.0,3.5,7.5,54.25,NA,3.0,8.75,3.25,23.25,59.75,0.0,222.75,0.0,0.0,28.0,995.0,NA
2026-04-19 07:00:00,362.0,527.0,11.75,50.75,37.0,34.0,52.25,1.0,4.25,6.75,43.5,NA,1.5,5.5,1.0,26.25,52.25,0.0,229.0,0.0,0.0,132.5,991.75,NA
2026-04-19 08:00:00,353.0,537.0,3.0,38.75,22.75,34.5,48.5,1.0,12.25,5.5,49.5,NA,1.5,3.5,1.0,28.75,43.5,0.0,246.5,0.0,0.0,231.5,986.25,NA
2026-04-19 09:00:00,243.0,377.0,0.25,23.5,12.75,33.0,46.75,0.25,34.0,3.25,18.75,NA,0.25,0.75,0.0,31.5,36.0,0.0,228.25,0.0,0.0,395.75,978.5,NA
2026-04-19 10:00:00,188.0,335.0,0.0,16.0,8.5,31.25,38.0,0.0,51.0,2.0,4.75,NA,0.0,0.0,0.0,33.25,33.25,0.0,218.0,0.0,0.0,487.75,975.0,NA
2026-04-19 11:00:00,96.0,205.0,0.0,10.25,5.0,31.25,24.0,0.0,61.25,1.0,2.5,NA,0.0,0.0,0.0,35.0,30.75,0.0,169.75,0.0,0.0,547.5,973.0,NA
2026-04-19 12:00:00,51.0,171.0,NA,7.0,2.5,29.25,16.0,0.0,57.5,0.25,3.0,NA,0.0,0.0,0.0,35.0,29.25,1.0,207.25,0.0,0.0,507.25,973.0,NA
2026-04-19 13:00:00,31.0,169.0,NA,6.0,2.25,27.5,8.25,0.0,45.0,0.0,1.75,NA,0.0,0.5,0.0,35.25,27.25,1.0,215.0,0.0,0.0,579.75,972.25,NA
2026-04-19 14:00:00,11.0,119.0,NA,5.0,1.5,27.75,8.75,0.0,57.0,0.0,1.75,NA,0.0,0.0,0.0,35.75,27.5,0.75,210.5,0.0,0.0,516.5,972.25,NA
2026-04-19 15:00:00,31.0,128.0,NA,5.0,1.25,27.25,7.25,0.0,56.5,0.0,1.0,NA,0.0,0.0,0.0,35.25,27.25,1.0,211.0,0.0,0.0,387.75,973.5,NA
2026-04-19 16:00:00,25.0,111.0,NA,5.25,2.0,26.5,7.0,0.0,54.75,0.0,2.0,NA,0.0,0.0,0.0,33.75,28.5,0.5,210.5,0.0,0.0,142.25,976.75,NA
2026-04-19 17:00:00,30.0,123.0,NA,6.0,2.5,25.25,7.5,0.0,56.0,0.0,1.75,NA,0.0,0.25,0.0,32.25,30.25,0.25,231.25,0.0,0.0,59.75,980.5,NA
2026-04-19 18:00:00,31.0,118.0,NA,8.5,4.0,25.0,18.25,0.0,49.75,0.0,1.75,NA,0.0,0.0,0.0,30.5,33.0,0.0,228.0,0.0,0.0,22.25,985.75,NA
2026-04-19 19:00:00,38.0,168.0,NA,32.25,16.25,25.25,43.0,0.5,29.0,0.5,6.25,NA,0.75,2.25,0.0,28.25,37.5,0.0,254.0,0.0,0.0,5.25,990.5,NA
2026-04-19 20:00:00,111.0,399.0,0.0,40.75,21.25,27.0,35.0,1.0,19.5,3.25,7.25,NA,0.0,3.0,0.0,27.0,39.5,0.0,267.75,0.0,0.0,5.0,992.0,NA
2026-04-19 21:00:00,103.0,306.0,NA,29.75,14.75,25.5,22.5,0.25,30.25,2.25,8.5,NA,2.5,9.75,3.75,28.0,36.25,1.25,177.25,0.0,0.0,5.0,990.5,NA
2026-04-19 22:00:00,58.0,333.0,NA,20.5,10.25,25.0,14.0,0.0,40.0,1.5,25.0,NA,1.25,11.75,3.5,29.0,35.5,1.25,82.25,0.0,0.0,5.0,989.0,NA
2026-04-19 23:00:00,56.0,288.0,0.0,17.25,8.75,24.75,9.5,0.0,40.5,1.0,47.5,NA,4.25,32.5,9.5,28.25,38.25,0.25,116.75,0.0,0.0,5.0,990.5,NA
2026-04-20 00:00:00,55.0,212.0,NA,20.0,9.5,24.75,15.75,0.0,26.25,1.0,22.5,NA,0.75,10.0,1.5,26.75,42.25,0.25,222.5,0.0,0.0,5.0,992.25,NA
2026-04-20 01:00:00,55.0,260.0,NA,22.75,11.0,25.0,18.0,0.0,24.25,1.0,13.5,NA,0.5,2.25,0.0,26.75,43.75,0.5,211.0,0.0,0.0,5.0,992.25,NA
2026-04-20 02:00:00,61.0,237.0,NA,21.0,10.0,25.0,14.0,0.0,16.0,1.0,9.0,NA,1.0,2.0,0.75,25.5,49.0,0.0,244.25,0.0,0.0,5.0,993.75,NA
2026-04-20 03:00:00,58.0,216.0,NA,17.0,8.25,25.0,22.25,0.0,12.75,1.0,4.75,NA,0.0,1.0,0.0,24.0,54.0,0.0,261.5,0.0,0.0,5.0,995.0,NA
2026-04-20 04:00:00,135.0,300.0,NA,21.0,10.75,24.25,30.0,1.0,9.5,1.0,4.5,NA,0.0,1.0,0.0,24.0,55.5,0.0,246.5,0.0,0.0,5.0,995.0,NA
2026-04-20 05:00:00,122.0,287.0,0.0,20.75,10.5,24.0,33.5,1.0,8.0,1.0,4.0,NA,0.0,0.75,0.0,23.0,58.0,0.0,239.75,0.0,0.0,5.25,995.25,NA
2026-04-20 06:00:00,161.0,324.0,1.0,22.25,12.0,24.25,41.25,1.0,6.5,1.25,3.0,NA,0.0,0.5,0.0,23.0,60.25,0.0,239.0,0.0,0.0,22.5,995.5,NA
2026-04-20 07:00:00,207.0,396.0,2.75,27.25,17.25,24.5,48.0,1.0,5.5,2.0,3.5,NA,0.0,0.75,0.0,25.0,56.0,0.0,224.5,0.0,0.0,113.5,993.5,NA
2026-04-20 08:00:00,208.0,427.0,1.0,21.0,12.25,25.0,46.5,1.0,14.5,2.25,2.0,NA,0.0,0.0,0.0,27.75,46.25,0.0,233.0,0.0,0.0,256.75,987.0,NA
2026-04-20 09:00:00,113.0,278.0,0.0,12.25,6.0,25.5,23.75,0.0,33.25,1.25,1.25,NA,0.0,0.0,0.0,31.25,37.0,0.0,185.5,0.0,0.0,407.75,979.0,NA
2026-04-20 10:00:00,59.0,204.0,0.0,8.25,4.25,24.25,16.5,0.0,44.0,0.75,1.75,NA,0.0,0.0,0.0,33.25,32.5,0.25,204.75,0.0,0.0,527.25,975.0,NA
2026-04-20 11:00:00,42.0,155.0,NA,6.0,2.25,24.25,11.25,0.0,52.75,0.0,4.75,NA,0.0,0.0,0.0,34.25,29.25,0.75,184.0,0.0,0.0,610.0,973.5,NA
2026-04-20 12:00:00,23.0,143.0,0.0,4.5,2.0,23.0,8.75,0.0,60.5,0.0,5.5,NA,0.0,0.25,0.0,34.5,28.0,1.75,183.75,0.0,0.0,641.5,973.0,NA
2026-04-20 13:00:00,24.0,161.0,NA,3.75,1.75,23.25,7.5,0.0,53.5,0.0,4.75,NA,0.0,0.0,0.0,35.0,27.0,2.0,203.75,0.0,0.0,618.25,972.5,NA
2026-04-20 14:00:00,23.0,177.0,0.0,4.0,2.0,23.25,7.75,0.0,50.0,0.0,1.75,NA,0.0,0.25,0.0,35.0,27.0,1.0,213.75,0.0,0.0,553.0,972.5,NA
2026-04-20 15:00:00,20.0,144.0,0.0,4.0,2.25,22.25,7.0,0.0,50.5,0.0,0.5,NA,0.0,0.0,0.0,34.5,27.0,1.5,216.75,0.0,0.0,412.5,973.75,NA
2026-04-20 16:00:00,25.0,146.0,0.25,4.25,2.5,21.25,7.0,0.0,50.75,0.0,0.25,NA,0.0,0.0,0.0,33.75,27.5,1.25,221.75,0.0,0.0,215.75,976.0,NA
2026-04-20 17:00:00,45.0,219.0,0.0,4.75,2.5,21.25,7.75,0.0,52.5,0.0,1.75,NA,0.0,0.0,0.0,32.25,28.75,0.75,218.25,0.0,0.0,53.75,981.25,NA
2026-04-20 18:00:00,19.0,150.0,0.0,7.0,3.75,20.25,9.5,0.0,48.25,0.0,1.5,NA,0.0,1.0,0.0,30.5,30.5,0.0,238.5,0.0,0.0,22.0,985.5,NA
2026-04-20 19:00:00,39.0,178.0,0.25,19.25,10.5,20.5,13.5,0.0,37.25,1.0,2.25,NA,0.0,3.5,0.25,28.5,32.75,0.0,260.0,0.0,0.0,5.5,990.25,NA
2026-04-20 20:00:00,58.0,261.0,0.0,35.25,19.0,20.0,15.25,1.0,21.75,1.75,6.25,NA,1.75,20.25,3.5,26.75,35.25,0.0,253.0,0.0,0.0,5.0,992.75,NA
2026-04-20 21:00:00,69.0,374.0,0.5,40.25,22.0,20.25,26.25,1.0,15.5,1.0,7.5,NA,1.5,22.25,3.25,26.0,37.25,0.0,262.75,0.0,0.0,5.0,993.5,NA
2026-04-20 22:00:00,122.0,406.0,NA,41.5,21.75,20.5,31.5,1.0,12.25,1.25,5.5,NA,0.25,9.25,0.75,25.0,39.5,0.0,253.25,0.0,0.0,5.0,994.0,NA
2026-04-20 23:00:00,114.0,353.0,0.0,35.0,18.5,19.25,28.0,0.25,18.5,1.0,7.25,NA,0.25,7.75,1.0,25.25,37.75,0.0,256.25,0.0,0.0,5.0,994.0,NA
2026-04-21 00:00:00,80.0,261.0,NA,21.25,10.75,19.0,25.25,0.0,24.75,1.0,9.0,NA,0.0,1.5,0.0,25.25,37.25,0.0,252.75,0.0,0.0,5.0,994.0,NA
2026-04-21 01:00:00,79.0,222.0,0.0,20.0,9.75,19.5,25.25,0.0,21.0,1.0,6.0,NA,0.0,0.0,0.0,24.5,39.25,0.0,268.75,0.0,0.0,5.0,994.5,NA
2026-04-21 02:00:00,79.0,229.0,0.0,23.0,12.0,20.0,25.0,0.0,18.0,1.0,12.25,NA,0.25,1.0,0.0,24.0,41.75,0.0,194.0,0.0,0.0,5.0,995.0,NA
2026-04-21 03:00:00,79.0,196.0,NA,15.75,7.5,19.75,11.25,0.0,34.0,1.0,14.0,NA,0.5,2.0,0.5,24.75,39.25,0.5,142.5,0.0,0.0,5.0,994.25,NA
2026-04-21 04:00:00,47.0,153.0,NA,11.0,4.75,19.0,11.25,0.0,42.75,1.0,15.75,NA,0.5,2.0,0.0,26.0,36.5,1.25,134.0,0.0,0.0,5.0,993.0,NA
2026-04-21 05:00:00,42.0,157.0,NA,11.5,5.75,18.5,12.5,0.0,36.5,1.0,14.75,NA,0.25,1.75,0.0,25.25,39.0,0.25,190.75,0.0,0.0,5.25,993.75,NA
2026-04-21 06:00:00,55.0,158.0,0.0,20.5,10.5,19.25,27.75,0.5,15.5,1.0,18.5,NA,0.0,1.0,0.0,23.5,47.0,0.0,227.25,0.0,0.0,26.0,995.0,NA
2026-04-21 07:00:00,153.0,301.0,1.5,26.5,15.5,21.25,50.5,1.0,13.25,2.5,14.5,NA,0.0,0.0,0.0,25.0,46.25,0.0,238.25,0.0,0.0,118.75,993.25,NA
2026-04-21 08:00:00,163.0,367.0,0.75,23.5,13.25,20.75,48.25,0.75,27.5,2.0,9.0,NA,0.0,0.0,0.0,27.75,41.0,0.25,234.5,0.0,0.0,260.5,987.75,NA
2026-04-21 09:00:00,119.0,307.0,NA,15.25,7.75,20.5,27.75,0.0,43.5,1.5,2.25,NA,0.0,0.0,0.0,31.0,35.0,0.25,225.25,0.0,0.0,413.0,979.5,NA
2026-04-21 10:00:00,80.0,221.0,0.0,11.0,5.75,20.5,18.0,0.0,54.0,1.0,1.0,NA,0.0,0.0,0.0,32.75,32.5,0.75,207.25,0.0,0.0,534.75,975.75,NA
2026-04-21 11:00:00,44.0,218.0,0.0,7.0,3.25,19.0,11.5,0.0,55.25,0.5,0.5,NA,0.0,0.0,0.0,33.5,30.25,1.75,198.25,0.0,0.0,612.25,974.25,NA
2026-04-21 12:00:00,30.0,224.0,0.5,5.0,3.0,17.75,7.75,0.0,55.0,0.0,0.5,NA,0.0,0.0,0.0,34.0,28.0,2.0,209.5,0.0,0.0,637.5,973.5,NA
2026-04-21 13:00:00,28.0,280.0,0.25,4.75,3.0,18.25,7.0,0.0,55.75,0.0,0.0,NA,0.0,0.0,0.0,34.0,28.0,2.0,208.75,0.0,0.0,611.25,973.0,NA
2026-04-21 14:00:00,30.0,206.0,0.0,6.0,3.5,19.5,7.25,0.0,57.75,0.0,0.5,NA,0.0,0.0,0.0,34.5,27.75,1.75,208.75,0.0,0.0,531.75,973.5,NA
2026-04-21 15:00:00,31.0,201.0,0.5,5.0,3.25,19.75,9.5,0.0,59.0,0.0,0.0,NA,0.0,0.25,0.0,34.25,27.75,1.5,223.25,0.0,0.0,396.25,974.75,NA
2026-04-21 16:00:00,33.0,190.0,1.0,4.75,3.25,20.0,9.25,0.0,63.5,0.0,0.0,NA,0.0,0.0,0.0,33.5,29.25,1.25,222.25,0.0,0.0,208.5,976.75,NA
2026-04-21 17:00:00,30.0,188.0,0.25,6.25,3.75,20.0,8.75,0.0,65.5,0.0,0.0,NA,0.0,0.0,0.0,32.25,31.0,0.75,230.75,0.0,0.0,60.75,981.25,NA
2026-04-21 18:00:00,30.0,161.0,0.5,8.75,5.0,19.5,10.5,0.0,56.75,0.0,0.0,NA,0.0,0.5,0.0,30.5,33.5,0.0,253.75,0.0,0.0,23.25,985.75,NA
2026-04-21 19:00:00,52.0,233.0,0.0,29.0,15.75,19.5,16.75,0.75,34.5,0.75,1.5,NA,0.25,2.75,0.25,28.0,38.5,0.0,266.5,0.0,0.0,5.75,990.5,NA
2026-04-21 20:00:00,103.0,450.0,0.0,45.0,24.0,22.0,30.75,1.0,18.5,2.5,4.0,NA,0.25,7.25,1.0,27.0,41.25,0.0,267.0,0.0,0.0,5.0,992.0,NA
2026-04-21 21:00:00,117.0,460.0,0.25,48.75,26.25,21.0,29.25,1.0,13.5,2.75,6.5,NA,4.0,18.5,5.75,26.75,41.5,0.0,270.25,0.0,0.0,5.0,993.0,NA
2026-04-21 22:00:00,108.0,433.0,0.75,44.5,24.25,20.0,30.25,1.0,15.0,2.0,12.75,NA,3.5,46.75,7.5,26.0,43.25,0.0,274.25,0.0,0.0,5.0,993.0,NA
2026-04-21 23:00:00,105.0,338.0,0.0,37.0,20.0,20.25,34.0,1.0,16.5,1.5,15.75,NA,1.75,26.5,3.75,26.0,44.5,0.0,193.25,0.0,0.0,5.0,993.25,NA
2026-04-22 00:00:00,116.0,310.0,0.0,28.5,15.25,21.0,37.0,1.0,17.75,2.0,23.25,NA,1.75,6.75,1.25,25.5,43.75,0.0,240.5,0.0,0.0,5.0,994.0,NA
2026-04-22 01:00:00,100.0,282.0,0.0,29.25,15.5,21.0,45.5,1.0,13.5,2.0,14.5,NA,0.5,4.25,0.75,25.0,44.75,0.0,255.5,0.0,0.0,5.0,994.0,NA
2026-04-22 02:00:00,168.0,359.0,NA,34.0,18.0,22.0,51.0,1.0,11.0,2.0,12.25,NA,0.25,2.25,0.25,24.5,47.25,0.0,241.25,0.0,0.0,5.25,994.75,NA
2026-04-22 03:00:00,177.0,381.0,0.0,27.5,14.25,21.75,63.5,1.0,10.75,2.0,5.0,NA,0.0,2.5,0.0,24.0,50.0,0.0,260.0,0.0,0.0,5.0,995.0,NA
2026-04-22 04:00:00,229.0,469.0,0.0,30.0,16.0,21.5,69.0,1.0,8.0,2.0,3.5,NA,0.0,1.5,0.0,23.25,52.25,0.0,242.5,0.0,0.0,5.25,995.0,NA
2026-04-22 05:00:00,263.0,473.0,NA,28.0,14.25,21.25,111.25,1.0,9.75,2.25,3.25,NA,0.0,1.0,0.0,23.0,53.0,0.0,216.75,0.0,0.0,5.5,996.0,NA
2026-04-22 06:00:00,193.0,373.0,1.67,34.75,19.25,22.0,66.25,1.0,7.75,3.5,6.25,NA,0.0,0.25,0.0,23.5,53.0,0.0,216.5,0.0,0.0,24.0,995.5,NA
2026-04-22 07:00:00,205.0,421.0,7.0,43.5,28.75,23.25,68.75,1.0,8.0,3.5,9.0,NA,0.0,1.25,0.0,25.75,49.75,0.0,227.25,0.0,0.0,121.25,992.5,NA
2026-04-22 08:00:00,230.0,500.0,3.0,29.25,18.25,23.0,62.5,1.0,23.75,4.0,8.75,NA,0.0,0.75,0.0,28.0,43.0,0.25,239.5,0.0,0.0,257.0,986.75,NA
2026-04-22 09:00:00,161.0,376.0,1.0,15.75,8.75,21.5,29.25,0.0,42.5,2.0,2.5,NA,0.0,0.0,0.0,30.5,36.5,1.25,234.25,0.0,0.0,401.5,980.75,NA
2026-04-22 10:00:00,59.0,245.0,0.0,9.25,5.25,19.5,17.5,0.0,52.0,0.5,1.5,NA,0.0,0.0,0.0,32.5,32.75,1.25,237.75,0.0,0.0,529.0,976.25,NA
2026-04-22 11:00:00,53.0,240.0,0.33,10.25,5.5,18.5,29.75,0.0,58.75,0.25,4.75,NA,0.0,0.5,0.0,34.0,30.0,1.25,223.5,0.0,0.0,609.75,973.75,NA
2026-04-22 12:00:00,44.0,215.0,0.0,6.0,3.25,18.25,17.75,0.0,64.5,0.0,2.25,NA,0.0,0.0,0.0,34.25,28.25,1.5,210.5,0.0,0.0,647.75,973.0,NA
2026-04-22 13:00:00,38.0,186.0,0.0,5.25,2.75,18.75,15.75,0.0,63.0,0.0,1.25,NA,0.0,0.0,0.0,35.25,27.5,1.5,215.25,0.0,0.0,626.0,972.0,NA
2026-04-22 14:00:00,36.0,155.0,0.0,5.0,3.0,18.75,17.0,0.0,63.75,0.0,1.75,NA,0.0,0.0,0.0,36.0,27.0,1.0,219.5,0.0,0.0,543.0,972.0,NA
2026-04-22 15:00:00,29.0,144.0,0.25,5.0,3.0,17.75,13.5,0.0,61.25,0.0,3.0,NA,0.0,0.25,0.0,35.25,27.0,1.25,223.0,0.0,0.0,398.5,973.0,NA
2026-04-22 16:00:00,38.0,287.0,0.0,4.75,3.0,17.0,11.0,0.0,64.0,0.0,2.75,NA,0.0,0.0,0.0,34.75,27.0,1.5,209.75,0.0,0.0,207.75,975.0,NA
2026-04-22 17:00:00,31.0,186.0,0.0,6.75,3.75,16.5,11.25,0.0,65.0,0.0,4.75,NA,0.0,0.0,0.0,33.0,28.25,1.0,215.0,0.0,0.0,57.25,979.25,NA
2026-04-22 18:00:00,36.0,168.0,0.0,10.0,6.0,17.0,10.75,0.0,56.0,0.0,6.5,NA,0.0,0.75,0.0,31.0,31.25,0.0,247.5,0.0,0.0,22.75,984.5,NA
2026-04-22 19:00:00,42.0,210.0,0.0,25.5,13.75,18.0,15.75,0.75,36.5,0.75,9.5,NA,0.75,10.0,1.5,28.5,35.5,0.0,223.5,0.0,0.0,5.75,990.0,NA
2026-04-22 20:00:00,83.0,287.0,0.5,31.5,17.25,20.25,18.75,1.0,27.25,3.5,75.5,NA,4.75,20.0,5.0,27.75,37.75,0.0,192.0,0.0,0.0,5.0,991.5,NA
2026-04-22 21:00:00,102.0,293.0,0.5,44.0,23.75,19.75,27.5,1.0,17.75,4.0,48.25,NA,4.75,24.0,5.75,27.0,39.75,0.0,268.25,0.0,0.0,5.0,992.5,NA
2026-04-22 22:00:00,100.0,320.0,2.0,57.25,32.25,19.75,40.5,1.0,7.25,3.75,17.75,NA,2.25,13.75,3.0,26.5,40.75,0.0,239.0,0.0,0.0,5.0,993.0,NA
2026-04-22 23:00:00,123.0,351.0,2.0,44.5,25.25,20.25,66.0,1.0,14.0,2.25,16.0,NA,3.75,25.75,5.75,26.0,42.5,0.0,228.5,0.0,0.0,5.0,993.5,NA
2026-04-23 00:00:00,189.0,433.0,1.5,43.0,24.5,20.25,71.75,1.0,7.75,2.75,13.0,NA,1.25,16.25,2.5,25.75,43.75,0.0,235.5,0.0,0.0,5.25,994.0,NA
2026-04-23 01:00:00,227.0,436.0,0.25,44.75,24.5,20.0,47.5,1.0,7.5,2.75,21.5,NA,1.0,6.75,0.5,25.75,43.5,0.0,234.0,0.0,0.0,5.0,993.5,NA
2026-04-23 02:00:00,189.0,420.0,0.0,48.0,26.0,21.0,47.0,1.0,9.75,3.0,38.25,NA,1.5,3.75,1.0,25.25,44.75,0.0,233.0,0.0,0.0,5.0,994.0,NA
2026-04-23 03:00:00,194.0,344.0,0.0,28.5,15.0,19.5,57.25,1.0,12.25,2.75,16.0,NA,0.0,1.5,0.0,25.0,46.5,0.0,251.0,0.0,0.0,5.0,994.0,NA
2026-04-23 04:00:00,130.0,276.0,0.0,24.75,13.5,18.25,82.0,1.0,15.25,2.0,10.75,NA,0.0,0.75,0.0,25.0,44.5,0.0,228.0,0.0,0.0,5.0,994.0,NA
2026-04-23 05:00:00,139.0,276.0,0.0,25.5,14.0,17.5,30.5,0.0,12.5,2.75,16.0,NA,0.0,0.75,0.0,25.0,43.0,0.0,228.0,0.0,0.0,5.25,994.0,NA
2026-04-23 06:00:00,111.0,241.0,0.5,22.5,12.75,16.75,34.25,0.25,14.25,1.5,8.75,NA,0.0,0.0,0.0,25.0,41.25,0.0,224.0,0.0,0.0,24.0,994.0,NA
2026-04-23 07:00:00,101.0,230.0,2.25,29.5,17.5,18.0,32.75,0.75,11.75,2.75,3.25,NA,0.0,0.0,0.0,26.5,39.5,0.0,222.75,0.0,0.0,109.25,991.5,NA
2026-04-23 08:00:00,101.0,232.0,1.75,18.75,11.5,17.0,24.75,0.0,21.5,2.25,3.5,NA,0.0,0.0,0.0,28.5,35.5,0.5,226.75,0.0,0.0,245.25,986.25,NA
2026-04-23 09:00:00,53.0,180.0,0.67,11.5,6.5,16.25,17.75,0.0,29.5,1.0,1.25,NA,0.0,0.0,0.0,31.0,32.0,1.0,232.0,0.0,0.0,392.5,980.0,NA
2026-04-23 10:00:00,31.0,164.0,0.33,8.0,4.75,16.0,12.5,0.0,37.25,1.0,1.5,NA,0.0,0.0,0.0,33.0,29.75,1.0,227.25,0.0,0.0,514.25,975.5,NA
2026-04-23 11:00:00,31.0,173.0,0.0,7.75,4.5,16.0,10.75,0.0,40.5,1.0,2.75,NA,0.0,0.0,0.0,34.0,28.25,1.0,234.25,0.0,0.0,593.25,973.5,NA
2026-04-23 12:00:00,24.0,150.0,0.0,5.5,3.0,15.75,8.5,0.0,43.5,0.25,1.5,NA,0.0,0.0,0.0,35.25,28.0,0.5,218.5,0.0,0.0,624.75,972.25,NA
2026-04-23 13:00:00,29.0,133.0,0.33,4.25,2.5,15.5,8.0,0.0,48.0,0.25,1.0,NA,0.0,0.0,0.0,36.0,27.0,0.75,222.0,0.0,0.0,603.5,971.5,NA
2026-04-23 14:00:00,23.0,129.0,0.0,4.75,2.25,15.25,7.25,0.0,52.25,0.0,0.0,NA,0.0,0.0,0.0,36.5,27.0,0.5,228.25,0.0,0.0,532.0,971.25,NA
2026-04-23 15:00:00,27.0,118.0,0.0,4.75,2.75,15.25,7.75,0.0,55.5,0.0,0.0,NA,0.0,0.0,0.0,36.0,27.25,0.0,199.5,0.0,0.0,354.25,972.5,NA
2026-04-23 16:00:00,36.0,149.0,0.0,5.25,3.0,15.0,7.75,0.0,55.25,0.0,2.75,NA,0.0,0.0,0.0,35.0,27.75,0.5,206.0,0.0,0.0,190.75,974.75,NA
2026-04-23 17:00:00,25.0,153.0,0.0,6.0,3.5,15.0,8.0,0.0,52.0,0.0,1.0,NA,0.0,0.0,0.0,33.0,30.5,0.0,236.75,0.0,0.0,60.25,979.25,NA
2026-04-23 18:00:00,35.0,158.0,0.25,11.75,6.75,15.5,8.0,0.0,43.25,0.25,1.0,NA,0.0,0.0,0.0,30.75,34.0,0.0,219.5,0.0,0.0,24.0,985.25,NA
2026-04-23 19:00:00,44.0,282.0,0.75,33.25,18.5,14.5,11.25,0.5,25.0,1.0,4.5,NA,0.5,5.5,1.0,28.75,37.0,0.0,249.5,0.0,0.0,5.75,989.5,NA
2026-04-23 20:00:00,70.0,359.0,0.5,43.75,24.0,16.75,17.0,1.0,16.25,1.75,9.0,NA,1.75,29.0,3.5,28.0,39.0,0.0,231.0,0.0,0.0,5.0,991.0,NA
2026-04-23 21:00:00,111.0,370.0,0.5,45.5,25.0,18.75,43.75,1.0,12.75,3.25,8.75,NA,0.75,4.75,0.75,27.25,40.75,0.0,215.25,0.0,0.0,5.0,992.0,NA
2026-04-23 22:00:00,134.0,392.0,1.75,48.0,27.25,18.25,70.75,1.0,12.5,3.0,7.25,NA,0.25,3.75,0.5,27.0,40.75,0.0,238.25,0.0,0.0,5.0,992.0,NA
2026-04-23 23:00:00,110.0,370.0,3.25,51.25,30.25,18.0,61.25,1.0,7.0,2.25,10.5,NA,0.25,5.75,0.75,27.0,42.25,0.0,249.0,0.0,0.0,5.25,992.75,NA
2026-04-24 00:00:00,153.0,387.0,1.5,41.75,23.25,19.0,52.0,1.0,9.75,3.5,45.25,NA,3.5,11.0,2.25,26.75,42.5,0.0,187.0,0.0,0.0,5.0,992.5,NA
2026-04-24 01:00:00,171.0,362.0,0.75,41.75,22.75,19.25,37.5,1.0,5.75,3.5,47.75,NA,4.5,19.0,4.5,26.0,46.25,0.0,203.25,0.0,0.0,5.0,993.25,NA
2026-04-24 02:00:00,166.0,355.0,4.0,47.0,28.0,20.0,32.0,1.0,4.0,4.0,49.25,NA,5.25,14.75,3.25,26.0,47.75,0.0,228.25,0.0,0.0,5.0,993.75,NA
2026-04-24 03:00:00,184.0,381.0,1.0,29.0,15.75,20.0,52.0,1.0,13.25,3.0,22.25,NA,1.5,5.75,1.25,26.0,44.5,0.0,231.0,0.0,0.0,5.0,993.25,NA
2026-04-24 04:00:00,182.0,335.0,0.0,27.75,15.0,18.75,33.25,1.0,13.25,3.0,24.0,NA,0.75,4.25,0.5,25.25,45.75,0.0,237.75,0.0,0.0,5.0,993.75,NA
2026-04-24 05:00:00,184.0,334.0,0.25,28.5,15.25,18.0,28.25,1.0,12.25,3.5,28.0,NA,0.5,2.75,0.25,25.5,45.75,0.0,215.25,0.0,0.0,5.25,993.75,NA
2026-04-24 06:00:00,210.0,379.0,2.0,35.0,20.25,19.75,55.5,1.0,6.5,3.75,24.0,NA,0.75,2.25,0.25,25.0,48.75,0.0,201.0,0.0,0.0,23.75,993.75,NA
2026-04-24 07:00:00,241.0,461.0,4.25,37.75,23.75,19.5,35.75,1.0,10.5,4.75,14.0,NA,0.5,2.0,0.0,27.25,44.0,0.0,220.5,0.0,0.0,102.25,990.5,NA
2026-04-24 08:00:00,150.0,338.0,1.75,28.0,16.25,18.75,19.25,1.0,21.75,3.5,7.0,NA,0.0,0.75,0.0,29.5,39.25,0.0,224.75,0.0,0.0,233.25,985.0,NA
2026-04-24 09:00:00,96.0,244.0,0.5,15.75,9.0,17.25,27.25,0.0,37.75,2.25,4.5,NA,0.0,0.0,0.0,32.25,34.75,0.25,235.0,0.0,0.0,364.0,979.0,NA
2026-04-24 10:00:00,77.0,238.0,0.0,12.0,6.25,17.0,18.75,0.0,50.5,1.25,1.0,NA,0.0,0.0,0.0,34.5,32.0,0.0,211.75,0.0,0.0,481.25,974.5,NA
2026-04-24 11:00:00,62.0,206.0,0.0,8.75,4.75,16.25,20.5,0.0,65.0,1.0,0.5,NA,0.0,0.0,0.0,36.5,29.5,0.0,216.25,0.0,0.0,556.0,972.25,NA
2026-04-24 12:00:00,55.0,206.0,0.0,5.75,3.25,16.5,15.25,0.0,70.75,0.75,0.0,NA,0.0,0.0,0.0,37.25,28.5,0.0,211.25,0.0,0.0,577.0,971.0,NA
2026-04-24 13:00:00,45.0,167.0,0.0,5.25,2.75,16.0,13.75,0.0,71.5,0.0,0.25,NA,0.0,0.0,0.0,37.25,29.0,0.5,218.25,0.0,0.0,526.25,971.25,NA
2026-04-24 14:00:00,47.0,196.0,0.0,5.5,3.0,16.0,13.5,0.0,70.25,0.0,0.5,NA,0.0,0.0,0.0,37.0,28.5,0.5,207.5,0.0,0.0,447.5,972.0,NA
2026-04-24 15:00:00,40.0,174.0,0.25,5.0,2.75,15.25,12.0,0.0,68.5,0.0,1.75,NA,0.0,0.0,0.0,37.25,28.75,0.5,215.0,0.0,0.0,345.5,972.5,NA
2026-04-24 16:00:00,50.0,219.0,0.5,5.25,3.0,15.5,10.5,0.0,62.25,0.0,3.0,NA,0.0,0.0,0.0,36.25,29.25,0.5,213.5,0.0,0.0,180.75,974.25,NA
2026-04-24 17:00:00,31.0,191.0,1.0,7.5,4.75,15.25,10.0,0.0,58.0,0.0,1.75,NA,0.0,0.0,0.0,34.0,32.5,0.0,231.25,0.0,0.0,59.0,978.75,NA
2026-04-24 18:00:00,40.0,180.0,0.25,16.75,8.75,16.0,10.25,0.0,43.25,0.0,1.5,NA,0.0,0.25,0.0,32.0,35.5,0.0,208.25,0.0,0.0,23.75,984.0,NA
2026-04-24 19:00:00,53.0,278.0,0.0,42.75,22.75,15.5,13.25,1.0,22.25,1.0,4.25,NA,0.0,4.75,0.25,30.25,38.0,0.0,232.75,0.0,0.0,5.5,988.5,NA
2026-04-24 20:00:00,96.0,361.0,12.67,66.5,43.0,18.25,15.75,1.25,8.25,2.75,10.25,NA,0.75,10.5,1.25,29.5,40.25,0.0,258.0,0.0,0.0,5.0,989.5,NA
2026-04-24 21:00:00,139.0,581.0,5.25,67.5,40.25,19.0,26.5,1.0,3.5,4.0,21.25,NA,2.5,8.25,1.75,29.0,41.25,0.0,258.0,0.0,0.0,5.0,990.0,NA
2026-04-24 22:00:00,167.0,476.0,8.5,68.5,43.25,20.5,38.5,1.0,4.0,4.0,58.5,NA,3.25,9.0,2.5,28.5,43.25,0.0,251.0,0.0,0.0,5.0,990.75,NA
2026-04-24 23:00:00,174.0,462.0,1.0,39.5,22.25,21.25,33.75,1.0,11.75,5.75,74.75,NA,2.75,10.75,3.75,28.0,44.25,0.0,245.25,0.0,0.0,5.0,991.75,NA
2026-04-25 00:00:00,132.0,353.0,4.0,47.0,28.5,19.5,28.75,1.0,6.0,7.75,95.25,NA,3.25,12.0,3.0,27.75,46.0,0.0,258.0,0.0,0.0,5.0,992.0,NA
2026-04-25 01:00:00,128.0,377.0,0.0,41.5,22.0,19.0,37.75,1.0,6.25,2.5,28.0,NA,2.25,5.75,1.5,27.0,47.5,0.0,252.5,0.0,0.0,5.0,992.75,NA
2026-04-25 02:00:00,123.0,296.0,1.0,36.0,20.0,19.0,36.0,1.0,13.0,2.0,26.0,NA,1.25,3.5,1.0,27.0,47.5,0.0,263.5,0.0,0.0,5.25,993.0,NA
2026-04-25 03:00:00,95.0,235.0,0.5,24.5,13.0,18.25,27.0,0.0,15.25,2.0,25.75,NA,2.75,5.5,1.75,27.0,48.0,0.0,214.0,0.0,0.0,5.0,993.0,NA
2026-04-25 04:00:00,83.0,234.0,0.0,19.25,10.5,18.5,22.5,0.0,17.75,1.75,19.25,NA,2.25,5.75,1.75,27.0,50.25,0.0,183.25,0.0,0.0,5.0,993.0,NA
2026-04-25 05:00:00,75.0,215.0,0.25,26.75,14.5,18.75,33.25,0.75,9.0,1.5,18.5,NA,1.25,3.25,1.0,25.75,53.25,0.0,229.25,0.0,0.0,5.25,993.75,NA
2026-04-25 06:00:00,197.0,421.0,0.5,31.5,17.5,20.5,59.75,1.0,6.5,2.5,10.25,NA,0.5,3.25,0.25,25.25,56.5,0.0,246.5,0.0,0.0,26.75,994.0,NA
2026-04-25 07:00:00,218.0,438.0,2.0,30.75,18.25,21.25,42.75,1.0,9.75,3.0,10.0,NA,0.25,1.75,0.0,27.75,51.0,0.0,246.5,0.0,0.0,115.75,990.75,NA
2026-04-25 08:00:00,167.0,395.0,0.25,20.5,11.25,20.25,31.75,1.0,24.25,2.25,6.75,NA,0.0,0.75,0.0,30.75,42.5,0.0,208.5,0.0,0.0,254.5,983.0,NA
2026-04-25 09:00:00,100.0,285.0,0.25,17.0,9.5,20.0,26.5,0.25,39.5,2.0,4.0,NA,0.0,1.0,0.0,33.5,36.0,0.5,175.0,0.0,0.0,395.0,976.25,NA
2026-04-25 10:00:00,80.0,238.0,0.0,9.75,5.25,18.75,15.0,0.0,47.75,0.75,5.75,NA,0.0,0.0,0.0,35.25,32.25,1.0,165.25,0.0,0.0,511.25,973.75,NA
2026-04-25 11:00:00,36.0,194.0,NA,6.5,3.25,17.25,10.75,0.0,56.0,0.5,13.25,NA,0.0,0.0,0.0,36.0,30.75,2.0,155.5,0.0,0.0,584.75,972.75,NA
2026-04-25 12:00:00,35.0,196.0,0.0,6.0,3.0,17.0,10.5,0.0,53.75,0.0,7.75,NA,0.0,0.0,0.0,37.0,29.5,1.25,207.5,0.0,0.0,588.75,972.0,NA
2026-04-25 13:00:00,36.0,195.0,0.0,5.0,2.5,16.25,10.5,0.0,49.75,0.0,2.5,NA,0.0,0.0,0.0,37.5,28.5,1.5,211.75,0.0,0.0,539.0,971.25,NA
2026-04-25 14:00:00,29.0,180.0,0.0,5.0,2.5,15.5,9.5,0.0,49.5,0.0,1.5,NA,0.0,0.0,0.0,37.0,28.25,2.0,186.0,0.0,0.0,394.75,972.75,NA
2026-04-25 15:00:00,35.0,267.0,NA,6.25,3.0,15.0,9.0,0.0,51.5,0.0,3.5,NA,0.0,0.0,0.0,36.75,28.5,2.5,196.5,0.0,0.0,324.75,973.25,NA
2026-04-25 16:00:00,39.0,399.0,0.0,5.5,3.0,15.0,7.0,0.0,50.75,0.0,5.75,NA,0.0,0.0,0.0,36.0,28.75,2.5,200.25,0.0,0.0,165.75,974.75,NA
2026-04-25 17:00:00,31.0,178.0,NA,5.5,2.75,15.0,7.75,0.0,50.0,0.0,5.5,NA,0.0,0.0,0.0,35.25,30.25,1.0,222.0,0.0,0.0,70.75,976.75,NA
2026-04-25 18:00:00,33.0,180.0,NA,9.0,4.5,15.25,11.25,0.0,47.25,0.0,1.0,NA,0.0,0.0,0.0,33.75,32.5,0.25,228.75,0.0,0.0,23.75,980.5,NA
2026-04-25 19:00:00,61.0,238.0,0.0,19.75,10.5,17.0,15.25,0.0,35.0,1.0,2.75,NA,0.25,1.0,0.25,31.25,37.0,0.0,238.75,0.0,0.0,5.75,986.0,NA
2026-04-25 20:00:00,70.0,280.0,0.0,38.0,20.25,28.25,18.5,1.25,11.25,2.5,7.0,NA,0.5,3.75,1.0,30.0,40.0,0.0,268.25,0.0,0.0,5.0,988.5,NA
2026-04-25 21:00:00,145.0,432.0,0.0,41.75,22.25,21.25,27.25,1.0,10.0,2.75,21.75,NA,3.75,3.75,1.25,29.25,41.75,0.0,255.75,0.0,0.0,5.0,989.75,NA
2026-04-25 22:00:00,111.0,366.0,NA,42.0,21.5,20.5,36.25,1.0,8.25,2.0,9.5,NA,0.75,4.25,0.5,28.75,43.75,0.0,256.0,0.0,0.0,5.0,991.0,NA
2026-04-25 23:00:00,102.0,312.0,1.0,43.5,23.5,20.0,35.0,1.0,6.0,2.0,14.0,NA,1.5,3.25,0.75,28.0,44.75,0.0,269.0,0.0,0.0,5.0,991.25,NA
2026-04-26 00:00:00,122.0,307.0,1.5,44.0,24.5,20.5,42.0,1.0,4.75,2.0,12.25,NA,0.5,3.0,0.5,28.0,46.0,0.0,256.0,0.0,0.0,5.0,992.0,NA
2026-04-26 01:00:00,150.0,372.0,0.0,37.75,20.0,21.0,44.25,1.0,5.75,2.25,11.5,NA,1.5,5.25,1.0,27.0,47.25,0.0,268.5,0.0,0.0,5.5,992.25,NA
2026-04-26 02:00:00,132.0,321.0,1.0,35.0,19.0,21.0,41.0,1.0,9.75,2.0,10.5,NA,2.25,17.5,2.5,27.25,45.75,0.5,228.25,0.0,0.0,5.0,992.25,NA
2026-04-26 03:00:00,136.0,305.0,NA,20.0,9.75,21.0,27.25,0.0,15.75,1.25,10.25,NA,0.5,3.75,0.25,28.0,44.0,0.0,224.75,0.0,0.0,5.0,991.5,NA
2026-04-26 04:00:00,94.0,246.0,0.0,23.0,12.0,20.75,42.0,0.75,8.25,1.0,6.5,NA,0.5,1.5,0.0,26.75,49.75,0.0,231.5,0.0,0.0,5.0,993.0,NA
2026-04-26 05:00:00,153.0,351.0,0.0,24.75,13.25,22.0,44.0,1.0,7.75,2.0,6.5,NA,0.0,1.0,0.0,26.25,50.75,0.0,233.5,0.0,0.0,5.5,993.25,NA
2026-04-26 06:00:00,134.0,304.0,0.25,28.25,15.25,22.25,36.75,1.0,6.0,2.0,12.75,NA,0.25,1.25,0.0,26.0,53.0,0.0,231.0,0.0,0.0,27.25,993.75,NA
2026-04-26 07:00:00,169.0,376.0,1.75,29.5,17.0,23.25,40.75,1.0,10.25,2.75,17.75,NA,0.25,1.0,0.0,28.25,48.25,0.0,234.5,0.0,0.0,118.5,989.75,NA
2026-04-26 08:00:00,172.0,405.0,0.0,22.25,11.75,23.25,42.5,1.0,25.75,2.25,9.0,NA,0.0,0.75,0.0,30.75,42.25,0.0,232.5,0.0,0.0,236.25,983.25,NA
2026-04-26 09:00:00,121.0,294.0,0.0,13.75,7.25,22.75,28.25,0.0,38.25,1.25,4.5,NA,0.0,0.0,0.0,34.0,35.75,0.0,227.5,0.0,0.0,384.75,975.75,NA
2026-04-26 10:00:00,72.0,222.0,NA,9.75,5.0,21.0,19.25,0.0,46.0,1.0,1.0,NA,0.0,0.0,0.0,35.0,32.75,1.0,207.75,0.0,0.0,495.5,974.25,NA
2026-04-26 11:00:00,46.0,208.0,NA,6.75,3.0,19.75,12.5,0.0,48.5,2.25,2.5,NA,0.0,0.0,0.0,36.0,30.25,1.5,212.25,0.0,0.0,567.5,972.75,NA
2026-04-26 12:00:00,35.0,185.0,NA,6.0,2.75,19.5,10.5,0.0,49.25,1.5,7.0,NA,0.0,0.0,0.0,36.75,30.0,1.75,211.75,0.0,0.0,594.0,972.0,NA
2026-04-26 13:00:00,41.0,211.0,0.0,6.0,3.0,19.75,10.0,0.0,54.0,0.25,3.75,NA,0.0,0.0,0.0,37.0,29.0,2.5,202.5,0.0,0.0,565.25,972.0,NA
2026-04-26 14:00:00,44.0,224.0,0.0,5.5,2.75,19.25,9.25,0.0,54.0,0.0,3.0,NA,0.0,0.0,0.0,36.75,29.0,3.0,196.25,0.0,0.0,492.0,972.5,NA
2026-04-26 15:00:00,42.0,212.0,0.0,5.25,2.5,19.0,9.0,0.0,54.25,NA,NA,NA,482.5,NA,NA,37.0,29.5,2.0,209.75,0.0,0.0,367.5,973.0,NA
2026-04-26 16:00:00,38.0,195.0,NA,5.0,2.25,18.25,8.75,0.0,51.75,NA,NA,NA,0.0,NA,NA,36.25,29.5,1.75,215.0,0.0,0.0,211.5,974.5,NA
2026-04-26 17:00:00,34.0,195.0,NA,5.25,2.0,18.25,10.25,0.0,51.75,NA,NA,NA,672.5,NA,NA,35.0,31.0,1.0,216.25,0.0,0.0,67.25,977.5,NA
2026-04-26 18:00:00,40.0,200.0,0.33,17.0,9.0,18.75,14.25,0.0,44.5,NA,NA,NA,755.0,NA,525.0,33.25,33.5,0.25,227.25,0.0,0.0,17.5,981.75,NA
2026-04-26 19:00:00,111.0,311.0,0.5,22.25,12.25,20.25,15.5,0.75,30.25,3.5,59.5,NA,1.25,9.0,2.5,30.75,38.25,0.0,239.5,0.0,0.0,6.0,987.25,NA
2026-04-26 20:00:00,86.0,300.0,0.25,30.5,16.75,22.5,23.5,1.0,25.5,3.5,49.5,NA,1.5,10.0,2.25,30.0,38.75,0.25,186.5,0.0,0.0,5.0,988.75,NA
2026-04-26 21:00:00,95.0,321.0,0.0,29.5,15.75,22.5,33.25,1.0,28.5,5.25,51.5,NA,2.75,11.75,3.5,30.5,35.0,0.25,157.5,0.0,0.0,5.0,988.5,NA
2026-04-26 22:00:00,111.0,311.0,0.25,32.5,17.5,22.5,23.0,1.0,21.5,4.75,25.75,NA,4.5,8.25,2.75,29.25,36.5,0.0,141.0,0.0,0.0,5.0,990.25,NA
2026-04-26 23:00:00,147.0,279.0,0.0,33.0,17.25,22.5,17.75,0.75,18.0,4.0,35.75,NA,2.75,8.75,2.25,28.0,38.75,0.0,188.25,0.0,0.0,5.0,991.75,NA
2026-04-27 00:00:00,92.0,222.0,0.0,30.0,16.0,21.5,14.5,0.67,19.0,2.25,30.25,NA,1.75,7.75,2.0,28.0,39.5,0.0,219.25,0.0,0.0,5.0,992.0,NA
2026-04-27 01:00:00,94.0,199.0,0.25,34.5,18.5,22.5,27.0,1.0,11.5,1.25,18.5,NA,2.75,6.25,1.25,27.0,41.5,0.0,236.0,0.0,0.0,5.0,992.5,NA
2026-04-27 02:00:00,168.0,346.0,1.0,43.0,24.0,23.0,50.0,1.0,9.25,2.5,8.5,NA,0.5,1.0,0.0,26.75,43.25,0.0,210.5,0.0,0.0,5.25,993.0,NA
2026-04-27 03:00:00,189.0,364.0,NA,30.5,16.0,24.0,64.0,1.0,10.5,2.5,5.25,NA,0.75,0.5,0.0,26.25,45.25,0.0,239.75,0.0,0.0,5.25,993.5,NA
2026-04-27 04:00:00,232.0,409.0,0.0,29.25,15.25,22.25,69.25,1.0,8.75,3.0,4.75,NA,0.0,0.75,0.0,26.0,47.5,0.0,253.0,0.0,0.0,5.25,994.0,NA
2026-04-27 05:00:00,211.0,388.0,NA,32.75,17.0,22.0,99.25,1.0,7.25,3.0,6.75,NA,0.0,1.0,0.0,25.0,49.25,0.0,237.0,0.0,0.0,5.75,994.5,NA
2026-04-27 06:00:00,215.0,384.0,1.67,34.75,19.5,22.5,60.5,1.0,6.75,3.0,10.0,NA,0.5,1.0,0.0,25.25,51.25,0.0,224.25,0.0,0.0,28.5,994.25,NA
2026-04-27 07:00:00,237.0,448.0,4.5,44.25,27.5,24.25,50.25,1.0,11.5,4.0,13.25,NA,0.75,1.25,0.0,28.5,46.0,0.0,229.5,0.0,0.0,127.0,989.75,NA
2026-04-27 08:00:00,260.0,521.0,1.5,28.75,15.5,24.0,55.75,1.0,36.0,4.0,9.25,NA,0.5,1.0,0.0,31.0,39.0,0.0,231.75,0.0,0.0,264.75,982.0,NA
2026-04-27 09:00:00,168.0,354.0,NA,16.75,8.5,20.75,53.5,0.75,60.75,2.25,3.5,NA,0.0,0.0,0.0,33.75,32.75,0.0,201.25,0.0,0.0,408.25,975.75,NA
2026-04-27 10:00:00,88.0,234.0,NA,14.0,6.5,19.25,44.5,0.0,74.75,1.0,3.0,NA,114.75,494.0,155.33,35.5,30.0,0.5,163.75,0.0,0.0,518.25,973.25,NA
2026-04-27 11:00:00,45.0,156.0,NA,7.5,3.25,17.25,13.75,0.0,63.5,NA,NA,NA,68.5,NA,NA,36.0,28.25,1.75,179.75,0.0,0.0,600.75,973.0,NA
2026-04-27 12:00:00,27.0,141.0,0.0,5.75,2.5,17.0,8.5,0.0,58.0,NA,NA,NA,49.33,NA,NA,36.75,27.5,1.5,187.75,0.0,0.0,633.25,972.0,NA
2026-04-27 13:00:00,34.0,124.0,0.0,6.5,2.75,17.0,8.75,0.0,66.25,239.33,74.33,NA,211.0,652.0,678.0,37.0,27.0,2.25,182.75,0.0,0.0,590.75,972.0,NA
2026-04-27 14:00:00,35.0,185.0,0.0,7.0,3.75,18.25,9.0,0.0,69.75,15.67,4.0,NA,0.0,0.0,0.0,37.0,27.0,3.25,183.75,0.0,0.0,520.75,972.5,NA
2026-04-27 15:00:00,42.0,211.0,0.0,6.0,3.5,18.0,10.0,0.0,67.5,14.0,26.0,NA,0.0,1.0,0.0,37.0,27.0,1.5,218.5,0.0,0.0,440.5,972.0,NA
2026-04-27 16:00:00,NA,NA,2.5,8.5,5.0,17.5,13.5,0.75,67.67,4.0,7.75,NA,0.0,0.0,0.0,36.25,27.75,2.0,200.75,0.0,0.0,211.0,974.25,NA
2026-04-27 17:00:00,110.0,207.0,1.25,9.0,5.75,18.25,11.25,1.0,66.5,4.5,6.75,NA,0.0,0.25,0.0,35.0,28.5,1.0,210.25,0.0,0.0,64.5,977.25,NA
2026-04-27 18:00:00,39.0,201.0,1.0,14.75,9.0,18.5,11.0,1.0,52.5,10.5,46.5,NA,0.5,2.0,0.25,33.25,31.0,0.0,222.25,0.0,0.0,17.5,982.0,NA
2026-04-27 19:00:00,50.0,201.0,1.5,30.5,17.75,18.5,12.5,1.5,29.5,9.5,12.75,NA,1.5,3.5,1.5,30.5,35.75,0.0,258.25,0.0,0.0,5.75,987.25,NA
2026-04-27 20:00:00,85.0,350.0,1.75,35.0,20.0,20.75,17.25,1.5,21.0,37.5,16.25,NA,5.25,18.0,5.5,30.5,37.75,1.75,236.75,0.0,0.0,5.0,987.75,NA
2026-04-27 21:00:00,152.0,NA,1.5,11.75,7.5,20.5,14.5,1.0,30.25,110.67,129.33,NA,353.67,502.75,787.0,30.0,38.75,3.75,230.25,0.0,0.0,5.0,987.0,NA
2026-04-27 22:00:00,85.0,948.0,1.0,7.0,4.75,17.75,9.5,0.0,35.0,0.0,1.0,NA,0.0,0.0,0.0,30.0,37.5,3.0,232.5,0.0,0.0,5.0,987.5,NA
2026-04-27 23:00:00,25.0,416.0,0.5,4.0,2.75,15.5,8.75,0.0,34.5,0.0,0.0,NA,94.25,358.25,265.75,30.5,35.5,0.5,237.5,0.0,0.0,5.0,987.25,NA
2026-04-28 00:00:00,14.0,39.0,1.0,8.0,5.25,16.0,10.0,0.0,26.25,NA,NA,NA,168.0,NA,141.5,29.25,39.0,0.0,249.5,0.0,0.0,5.0,989.5,NA
2026-04-28 01:00:00,27.0,72.0,0.25,14.0,7.75,17.0,16.0,0.0,17.75,NA,NA,NA,604.5,NA,NA,28.0,42.25,0.0,216.0,0.0,0.0,5.0,991.25,NA
2026-04-28 02:00:00,56.0,130.0,0.0,19.0,10.0,19.0,21.0,1.0,17.5,NA,NA,NA,0.0,NA,NA,28.75,41.0,0.25,219.25,0.0,0.0,5.0,990.25,NA
2026-04-28 03:00:00,66.0,212.0,0.75,8.25,5.25,18.25,13.67,0.0,24.25,NA,NA,NA,320.5,NA,818.0,29.0,41.0,0.75,209.25,0.0,0.0,5.0,990.0,NA
2026-04-28 04:00:00,40.0,235.0,0.25,7.0,4.5,17.25,11.0,0.0,25.5,NA,NA,NA,147.5,NA,NA,28.75,42.0,0.5,189.5,0.0,0.0,5.25,990.25,NA
2026-04-28 05:00:00,36.0,222.0,0.75,9.25,6.0,18.0,9.75,0.0,19.5,NA,NA,NA,0.0,NA,NA,27.5,46.75,0.0,226.75,0.0,0.0,5.5,992.0,NA
2026-04-28 06:00:00,36.0,186.0,1.25,14.75,9.0,18.25,19.0,0.0,12.0,NA,NA,NA,0.0,NA,NA,27.0,48.75,0.0,243.5,0.0,0.0,22.0,992.0,NA
2026-04-28 07:00:00,100.0,296.0,3.0,23.5,15.25,21.0,27.25,0.0,7.25,NA,NA,NA,0.0,NA,1479.0,27.25,52.0,0.0,234.25,0.0,0.0,98.0,991.5,NA
2026-04-28 08:00:00,123.0,421.0,2.5,15.33,10.5,21.67,23.33,0.0,17.0,0.0,0.0,NA,0.0,0.0,0.0,30.0,43.0,0.0,227.33,0.0,0.0,247.0,984.33,NA
2026-04-28 09:00:00,91.0,681.0,0.75,10.75,6.5,23.5,17.25,0.0,29.0,0.0,0.0,NA,0.0,0.0,0.0,31.75,38.5,0.0,175.75,0.0,0.0,333.5,980.0,NA
2026-04-28 10:00:00,77.0,522.0,1.0,8.0,5.25,23.0,15.25,0.0,37.75,0.0,0.67,NA,0.0,0.0,0.0,33.25,35.25,1.0,119.5,0.0,0.0,462.5,976.5,NA
2026-04-28 11:00:00,48.0,366.0,1.0,8.25,5.25,22.0,16.0,0.0,49.0,0.25,13.5,NA,0.0,1.25,0.25,34.25,34.25,0.75,122.75,0.0,0.0,503.75,974.75,NA
2026-04-28 12:00:00,46.0,387.0,1.0,6.5,4.25,21.0,11.25,0.0,44.75,0.0,29.5,NA,0.0,0.75,0.0,34.0,35.25,1.0,120.75,0.0,0.0,505.75,975.0,NA
2026-04-28 13:00:00,51.0,449.0,1.0,7.0,4.75,20.75,11.25,0.0,48.0,1.33,33.0,NA,0.0,0.67,0.0,34.25,35.25,0.75,109.75,0.0,0.0,533.25,974.5,NA
2026-04-28 14:00:00,44.0,294.0,2.0,4.0,4.0,20.0,11.0,0.0,55.0,NA,NA,NA,NA,NA,NA,34.5,34.5,0.5,129.5,0.0,0.0,429.75,974.0,NA
2026-04-28 15:00:00,20.0,287.0,1.25,4.75,3.5,19.5,11.0,0.0,NA,NA,NA,NA,NA,NA,NA,33.5,35.5,0.0,149.25,0.0,0.0,175.25,977.5,NA
2026-04-28 16:00:00,40.0,277.0,1.75,6.25,4.5,18.25,11.0,0.0,60.0,10.0,5.67,NA,0.0,0.0,0.0,33.5,36.25,0.0,161.5,0.0,0.0,145.5,979.0,NA
2026-04-28 17:00:00,47.0,290.0,1.5,8.0,5.5,16.5,11.0,0.0,57.0,1.0,5.5,NA,0.0,0.0,0.0,32.5,39.0,0.0,162.25,0.0,0.0,89.75,981.0,NA
2026-04-28 18:00:00,34.0,255.0,1.25,12.25,7.75,16.5,12.0,0.0,54.75,1.0,11.25,NA,0.0,0.25,0.0,32.0,38.75,0.0,93.25,0.0,0.0,23.75,983.75,NA
2026-04-28 19:00:00,69.0,344.0,0.75,21.5,12.25,17.5,12.75,0.0,37.0,1.75,54.25,NA,1.5,7.0,1.75,30.75,40.5,0.0,114.5,0.0,0.0,5.75,986.5,NA
2026-04-28 20:00:00,74.0,326.0,0.5,31.75,17.75,18.0,14.75,0.75,20.75,3.0,71.5,NA,0.0,3.0,0.0,29.75,43.75,0.0,153.75,0.0,0.0,5.0,988.5,NA
2026-04-28 21:00:00,101.0,401.0,1.75,40.75,23.0,19.25,16.25,1.0,10.75,22.0,78.0,NA,0.75,3.5,0.5,29.0,46.5,0.0,143.5,0.0,0.0,5.0,990.0,NA
2026-04-28 22:00:00,101.0,438.0,1.0,22.5,13.25,18.75,20.5,0.5,24.25,6.25,69.0,NA,0.25,4.25,0.75,29.5,45.25,0.25,105.75,0.0,0.0,5.0,989.0,NA
2026-04-28 23:00:00,80.0,334.0,1.25,15.67,9.5,18.25,15.25,0.0,23.5,2.25,7.5,NA,0.0,0.25,0.0,29.0,49.0,0.0,115.5,0.0,0.0,5.0,990.0,NA
2026-04-29 00:00:00,70.0,294.0,1.5,16.0,10.0,18.25,14.25,1.0,19.25,2.0,3.5,NA,0.0,0.0,0.0,28.0,51.75,0.0,125.0,0.0,0.0,5.0,991.25,NA
2026-04-29 01:00:00,113.0,295.0,1.0,16.5,9.75,19.5,15.0,1.0,16.75,2.75,3.25,NA,0.0,0.0,0.0,28.0,52.75,0.75,148.5,0.0,0.0,5.0,991.75,NA
2026-04-29 02:00:00,80.0,555.0,1.0,9.0,6.0,19.0,14.0,0.0,25.75,1.5,5.25,NA,0.0,0.0,0.0,26.5,54.75,1.5,150.75,0.0,0.0,5.0,992.75,NA
2026-04-29 03:00:00,38.0,105.0,1.0,11.25,6.75,18.0,10.33,0.0,14.25,0.25,7.75,NA,0.0,1.5,0.0,25.75,63.0,0.0,146.0,0.0,0.0,5.0,994.0,NA
2026-04-29 04:00:00,29.0,62.0,1.25,9.25,6.0,17.0,9.75,0.0,15.0,0.75,6.75,NA,0.0,0.0,0.0,25.5,61.75,0.75,189.75,0.0,0.0,5.0,993.5,NA
2026-04-29 05:00:00,31.0,90.0,1.75,6.0,4.25,17.75,8.5,0.0,9.25,0.0,7.5,NA,0.0,0.75,0.0,24.0,76.75,1.0,188.75,0.0,0.0,5.0,995.0,NA
2026-04-29 06:00:00,25.0,62.0,1.5,5.25,4.0,17.25,8.0,0.0,9.75,0.0,1.5,NA,0.0,0.0,0.0,24.0,75.0,1.25,236.75,0.0,0.0,6.75,995.0,NA
2026-04-29 07:00:00,30.0,61.0,2.5,10.25,7.75,16.75,7.5,0.0,5.25,0.75,0.5,NA,0.0,0.0,0.0,23.25,82.0,0.0,159.0,0.0,0.0,31.5,995.0,NA
2026-04-29 08:00:00,35.0,38.0,4.0,12.75,10.25,17.0,7.5,0.0,4.25,1.0,1.5,NA,0.0,0.0,0.0,24.75,73.75,0.0,191.0,0.0,0.0,121.75,993.5,NA
2026-04-29 09:00:00,46.0,79.0,4.75,16.75,12.75,16.5,9.0,0.75,4.5,0.75,9.0,NA,0.25,2.75,0.25,26.5,61.25,0.25,176.75,0.0,0.0,75.25,992.0,NA
2026-04-29 10:00:00,41.0,99.0,5.25,23.25,16.5,16.25,10.25,1.0,7.5,1.25,6.0,NA,0.75,1.75,0.0,29.25,51.0,0.25,159.0,0.0,0.0,207.25,987.0,NA
2026-04-29 11:00:00,38.0,125.0,4.25,24.75,16.75,17.25,11.75,1.0,20.5,2.25,60.5,NA,1.0,4.25,0.5,31.5,44.75,0.25,109.0,0.0,0.0,562.25,979.25,NA
2026-04-29 12:00:00,47.0,143.0,2.5,24.5,15.0,18.25,16.0,1.0,38.5,1.75,19.25,NA,0.25,1.25,0.0,32.25,42.0,0.25,115.75,0.0,0.0,482.75,977.25,NA
2026-04-29 13:00:00,57.0,146.0,1.25,15.5,9.25,18.25,17.5,0.25,42.5,1.75,27.25,NA,0.0,1.25,0.0,32.75,39.0,1.25,117.25,0.0,0.0,576.25,976.75,NA
2026-04-29 14:00:00,30.0,81.0,1.5,11.0,7.25,18.25,18.25,0.0,52.5,0.25,5.75,NA,0.0,0.0,0.0,34.0,35.75,0.0,123.5,0.0,0.0,540.5,974.75,NA
2026-04-29 15:00:00,36.0,103.0,0.75,12.0,7.25,18.25,19.0,0.0,66.75,1.0,5.75,NA,0.0,0.0,0.0,33.75,36.0,0.5,109.75,0.0,0.0,391.25,975.75,NA
2026-04-29 16:00:00,35.0,123.0,1.0,11.25,6.75,17.75,15.75,0.0,69.0,1.0,4.0,NA,0.0,0.0,0.0,33.0,36.75,0.25,116.25,0.0,0.0,216.75,979.0,NA
2026-04-29 17:00:00,31.0,119.0,1.0,11.75,7.25,18.25,13.25,0.0,67.0,1.0,4.75,NA,0.0,0.25,0.0,31.75,39.5,0.0,128.25,0.0,0.0,69.75,983.25,NA
2026-04-29 18:00:00,29.0,125.0,1.0,15.5,9.25,18.25,11.75,0.0,48.75,1.0,4.0,NA,0.0,0.5,0.0,30.25,44.0,0.0,146.0,0.0,0.0,23.5,987.5,NA
2026-04-29 19:00:00,47.0,128.0,1.25,21.0,12.25,18.75,11.0,0.25,26.0,1.0,4.25,NA,0.25,1.0,0.0,29.0,48.5,0.0,117.75,0.0,0.0,6.0,990.0,NA
2026-04-29 20:00:00,55.0,172.0,1.5,29.25,17.0,20.5,11.25,1.0,14.5,5.25,8.5,NA,0.5,2.25,0.0,28.0,51.5,0.0,123.75,0.0,0.0,5.0,991.75,NA
2026-04-29 21:00:00,72.0,188.0,2.0,32.75,19.0,22.0,12.0,1.0,12.0,8.0,10.0,NA,0.5,2.5,0.0,27.25,53.75,0.0,148.0,0.0,0.0,5.0,992.5,NA
2026-04-29 22:00:00,68.0,183.0,2.5,31.25,18.75,22.0,11.5,1.0,9.25,8.0,15.25,NA,0.25,2.5,0.5,26.5,57.25,0.0,150.25,0.0,0.0,5.0,993.25,NA
2026-04-29 23:00:00,83.0,197.0,4.0,32.75,20.75,23.25,13.0,1.25,4.5,9.25,28.0,NA,1.0,5.5,0.75,26.0,59.75,0.0,133.0,0.0,0.0,5.25,994.0,NA
2026-04-30 00:00:00,102.0,230.0,7.33,39.25,27.5,24.25,13.5,2.0,3.5,8.0,27.5,NA,1.25,5.5,1.25,26.0,61.75,0.0,140.0,0.0,0.0,5.0,994.0,NA
2026-04-30 01:00:00,99.0,262.0,13.0,39.5,32.0,24.5,13.0,2.25,6.75,7.25,23.0,NA,1.5,5.0,1.0,26.0,63.75,0.0,71.5,0.0,0.0,5.0,994.0,NA
2026-04-30 02:00:00,100.0,246.0,22.0,42.0,41.0,25.0,13.0,2.0,4.5,7.75,21.25,NA,1.25,6.25,1.5,25.75,64.25,0.0,214.25,0.0,0.0,5.0,994.0,NA
2026-04-30 03:00:00,88.0,230.0,32.5,36.25,45.5,25.0,10.67,1.0,4.5,5.5,34.5,NA,2.0,9.25,3.0,25.25,67.75,0.0,253.0,0.0,0.0,5.25,994.0,NA
2026-04-30 04:00:00,81.0,235.0,22.25,42.5,40.75,25.25,10.0,1.0,3.75,4.0,37.5,NA,4.0,9.5,3.75,25.0,65.0,0.0,226.0,0.0,0.0,5.0,994.0,NA
2026-04-30 05:00:00,69.0,196.0,8.25,34.5,25.25,26.75,9.75,1.0,3.0,3.0,21.0,NA,2.0,6.75,1.75,25.25,62.75,0.0,170.75,0.0,0.0,5.75,994.0,NA
2026-04-30 06:00:00,79.0,186.0,14.75,34.5,30.5,26.5,9.0,1.0,3.0,4.5,15.75,NA,1.25,6.75,1.25,25.5,64.0,0.0,123.0,0.0,0.0,30.5,993.75,NA
2026-04-30 07:00:00,86.0,208.0,21.75,45.75,42.0,28.25,11.0,1.0,4.25,6.0,17.75,NA,1.25,5.75,1.5,28.0,55.25,0.0,113.0,0.0,0.0,124.0,990.25,NA
2026-04-30 08:00:00,119.0,261.0,11.25,42.25,32.0,30.0,15.0,1.0,4.0,6.25,18.75,NA,0.25,3.5,0.25,30.0,49.0,0.0,118.0,0.0,0.0,249.0,984.5,NA
2026-04-30 09:00:00,97.0,245.0,6.5,30.5,21.75,30.5,17.0,0.75,5.75,4.25,9.25,NA,0.25,1.75,0.25,31.75,43.0,0.5,121.75,0.0,0.0,385.75,979.5,NA
2026-04-30 10:00:00,70.0,212.0,3.0,10.75,8.0,30.0,14.75,0.0,9.5,1.75,4.0,NA,0.0,1.0,0.0,33.0,38.75,1.5,179.0,0.0,0.0,519.0,976.5,NA
2026-04-30 11:00:00,31.0,139.0,1.0,9.0,6.0,30.5,12.25,0.0,20.5,1.0,2.75,NA,0.0,0.5,0.0,33.75,37.25,1.0,192.0,0.0,0.0,582.5,974.75,NA
2026-04-30 12:00:00,38.0,138.0,1.0,7.75,5.0,31.75,11.25,0.0,37.5,1.0,3.0,NA,0.0,0.0,0.0,33.75,36.5,1.25,168.75,0.0,0.0,528.0,974.75,NA
2026-04-30 13:00:00,33.0,130.0,1.0,6.75,4.75,33.0,10.75,0.0,43.75,2.0,3.25,NA,0.0,0.0,0.0,33.5,37.0,1.0,178.25,0.0,0.0,306.5,976.5,NA
2026-04-30 14:00:00,31.0,119.0,0.25,5.25,3.5,32.25,9.0,0.0,43.0,2.5,2.0,NA,0.0,0.0,0.0,34.25,34.0,1.25,195.0,0.0,0.0,465.25,974.75,NA
2026-04-30 15:00:00,31.0,130.0,1.0,9.0,5.75,30.25,9.25,0.0,34.0,1.0,12.75,NA,0.0,0.25,0.0,31.0,44.25,4.5,102.0,0.0,0.0,203.0,983.25,NA
2026-04-30 16:00:00,52.0,301.0,0.75,7.25,4.5,28.75,8.0,0.0,34.5,0.25,1.75,NA,0.0,0.0,0.0,29.5,43.25,3.25,109.0,0.0,0.0,183.25,986.5,NA
2026-04-30 17:00:00,28.0,136.0,0.75,11.75,7.0,29.25,7.0,0.0,30.25,1.25,4.75,NA,0.0,0.25,0.0,28.0,45.0,2.0,103.75,0.0,0.0,73.0,990.25,NA
2026-04-30 18:00:00,25.0,113.0,1.0,13.25,7.75,29.75,7.0,0.0,29.5,1.0,8.25,NA,0.0,0.5,0.0,28.0,44.75,0.5,115.25,0.0,0.0,30.25,991.0,NA
2026-04-30 19:00:00,36.0,116.0,1.25,14.25,9.0,32.25,7.0,0.0,30.5,1.0,46.25,NA,0.0,1.0,0.0,27.0,48.25,1.5,116.25,0.0,0.0,6.5,992.0,NA
2026-04-30 20:00:00,44.0,304.0,0.75,7.5,4.75,30.5,6.25,0.0,33.5,0.5,18.25,NA,0.0,0.25,0.0,26.0,53.5,1.25,103.75,0.0,0.0,5.0,993.75,NA
2026-04-30 21:00:00,24.0,99.0,1.0,7.0,5.0,29.75,6.0,0.0,31.5,0.25,1.0,NA,0.0,0.0,0.0,25.0,55.5,0.5,115.75,0.0,0.0,5.0,994.0,NA
2026-04-30 22:00:00,22.0,64.0,1.0,11.5,7.0,29.5,6.0,0.0,28.25,1.25,2.0,NA,0.0,0.0,0.0,25.5,53.5,0.75,163.5,0.0,0.0,5.25,994.0,NA
2026-04-30 23:00:00,28.0,83.0,1.0,16.5,9.75,31.0,7.0,0.0,25.5,0.75,3.75,NA,0.0,0.25,0.0,26.0,52.5,1.25,169.5,0.0,0.0,5.0,994.0,NA
2026-05-01 00:00:00,24.0,96.0,1.0,11.67,7.33,32.33,5.67,0.0,29.67,0.0,2.0,NA,0.0,0.33,0.0,25.67,54.0,1.33,170.0,0.0,0.0,5.0,994.0,NA
2026-05-01 01:00:00,19.0,114.0,1.5,9.0,6.5,33.25,6.25,0.0,28.75,3.5,2.75,NA,0.0,0.0,0.0,25.25,54.0,0.5,166.5,0.0,0.0,5.25,994.0,NA
2026-05-01 02:00:00,27.0,103.0,0.0,11.0,6.0,34.0,7.0,0.0,24.0,1.0,3.0,NA,0.0,0.0,0.0,25.5,54.75,0.0,163.0,0.0,0.0,5.0,994.25,NA
2026-05-01 03:00:00,25.0,89.0,2.25,13.75,9.25,32.0,6.67,0.0,19.25,1.0,4.0,NA,0.0,0.0,0.0,25.0,57.75,0.0,126.75,0.0,0.0,5.0,995.0,NA
2026-05-01 04:00:00,24.0,67.0,1.75,16.5,10.5,28.5,6.5,0.0,15.75,1.25,1.5,NA,0.0,0.0,0.0,24.5,60.25,0.0,115.25,0.0,0.0,5.0,995.0,NA
2026-05-01 05:00:00,31.0,90.0,2.0,22.25,13.5,28.25,7.25,0.75,6.25,2.25,3.75,NA,0.0,0.0,0.0,24.0,66.5,0.5,95.25,0.0,0.0,5.75,995.0,NA
2026-05-01 06:00:00,70.0,164.0,3.0,18.25,12.0,30.75,8.25,1.0,6.25,4.0,11.25,NA,0.0,0.5,0.0,24.0,71.75,1.25,94.5,0.0,0.0,31.25,995.0,NA
2026-05-01 07:00:00,59.0,132.0,3.0,13.75,10.25,32.75,9.0,1.0,8.25,3.25,3.25,NA,0.0,0.0,0.0,24.5,69.25,1.25,100.75,0.0,0.0,125.0,994.0,NA
2026-05-01 08:00:00,53.0,117.0,3.75,11.25,9.25,32.75,9.25,1.0,10.25,2.75,1.0,NA,0.0,0.0,0.0,26.0,64.5,1.5,103.0,0.0,0.0,257.75,992.0,NA
2026-05-01 09:00:00,47.0,106.0,3.0,11.0,9.0,31.75,9.75,1.0,12.75,1.5,1.0,NA,0.0,0.0,0.0,27.5,58.25,1.25,108.0,0.0,0.0,387.25,989.0,NA
2026-05-01 10:00:00,45.0,105.0,3.25,14.0,10.25,31.75,13.25,1.0,18.5,1.0,1.5,NA,0.0,1.0,0.0,28.75,51.25,1.5,117.0,0.0,0.0,512.0,985.5,NA
2026-05-01 11:00:00,40.0,108.0,1.75,10.25,7.25,32.5,13.5,0.5,33.0,1.0,2.25,NA,0.0,0.25,0.0,30.0,46.5,1.5,132.5,0.0,0.0,597.25,982.0,NA
2026-05-01 12:00:00,35.0,100.0,1.5,8.5,6.0,33.25,12.0,0.0,45.25,5.5,3.0,NA,0.0,0.0,0.0,31.0,43.25,1.0,140.25,0.0,0.0,620.25,979.0,NA
2026-05-01 13:00:00,38.0,110.0,1.75,9.5,6.5,34.5,11.5,1.0,53.75,1.25,3.25,NA,0.0,0.0,0.0,32.0,42.0,1.25,128.0,0.0,0.0,588.75,977.25,NA
2026-05-01 14:00:00,47.0,116.0,1.0,9.75,6.25,34.5,11.75,0.75,60.25,1.0,5.0,NA,0.0,0.0,0.0,32.0,41.25,1.25,132.5,0.0,0.0,519.0,977.25,NA
2026-05-01 15:00:00,42.0,129.0,1.25,9.75,6.0,32.5,10.5,1.0,65.75,1.0,10.5,NA,0.0,0.0,0.0,32.25,41.5,1.0,138.0,0.0,0.0,375.5,978.25,NA
2026-05-01 16:00:00,40.0,125.0,1.0,11.25,7.0,30.5,10.25,1.0,68.5,2.25,5.0,NA,0.0,0.0,0.0,32.0,42.0,1.0,126.75,0.0,0.0,210.5,980.75,NA
2026-05-01 17:00:00,48.0,139.0,0.75,10.75,6.5,28.5,10.5,1.0,65.75,3.25,12.25,NA,0.0,0.0,0.0,31.25,44.0,0.25,117.5,0.0,0.0,65.75,984.5,NA
2026-05-01 18:00:00,45.0,156.0,0.5,13.0,7.5,27.5,9.25,1.0,56.75,1.0,6.5,NA,0.0,0.25,0.0,30.0,47.5,0.0,104.5,0.0,0.0,24.0,987.75,NA
2026-05-01 19:00:00,57.0,190.0,1.75,17.75,11.0,27.25,9.0,1.0,37.5,1.0,7.75,NA,0.0,1.0,0.0,29.0,52.25,0.0,101.5,0.0,0.0,6.0,990.0,NA
2026-05-01 20:00:00,67.0,229.0,2.0,21.75,13.5,26.75,9.0,1.0,27.0,2.0,4.75,NA,0.25,0.75,0.0,28.0,54.75,0.0,99.5,0.0,0.0,5.0,991.0,NA
2026-05-01 21:00:00,75.0,212.0,2.0,19.0,12.0,26.5,9.25,1.0,22.0,2.0,3.75,NA,0.0,1.25,0.0,28.0,56.75,0.0,99.5,0.0,0.0,5.0,991.75,NA
2026-05-01 22:00:00,83.0,255.0,2.5,20.5,12.75,27.5,11.0,1.0,14.25,2.75,10.0,NA,0.0,1.75,0.0,27.0,58.5,0.0,97.0,0.0,0.0,5.0,992.0,NA
2026-05-01 23:00:00,119.0,295.0,2.75,23.75,14.75,28.25,13.25,1.0,9.5,4.0,10.5,NA,0.0,1.75,0.0,27.0,60.5,0.0,114.75,0.0,0.0,5.25,992.5,NA
2026-05-02 00:00:00,111.0,273.0,3.25,28.25,17.75,28.5,13.0,1.67,7.75,7.25,13.25,NA,0.0,2.0,0.25,27.0,61.0,0.0,142.75,0.0,0.0,5.0,993.0,NA
2026-05-02 01:00:00,61.0,175.0,3.0,19.0,12.5,28.5,11.75,1.0,11.75,3.75,7.5,NA,0.25,1.0,0.25,27.0,60.25,0.0,141.5,0.0,0.0,5.0,992.75,NA
2026-05-02 02:00:00,36.0,112.0,3.0,17.0,11.0,29.0,10.0,1.0,14.5,2.75,5.0,NA,0.0,0.5,0.0,27.0,61.0,0.25,163.75,0.0,0.0,5.25,993.0,NA
2026-05-02 03:00:00,52.0,116.0,2.5,14.0,9.5,28.0,9.0,0.0,17.5,2.0,4.5,NA,0.0,0.25,0.0,27.0,62.0,0.25,156.75,0.0,0.0,5.0,993.0,NA
2026-05-02 04:00:00,40.0,105.0,2.0,14.75,9.75,28.5,8.5,0.25,14.25,1.5,2.75,NA,0.0,0.0,0.0,26.0,64.0,0.25,150.25,0.0,0.0,5.0,993.0,NA
2026-05-02 05:00:00,48.0,94.0,2.75,13.75,9.5,27.75,8.0,0.25,14.25,1.0,2.0,NA,0.0,0.0,0.0,26.0,65.0,0.0,166.25,0.0,0.0,5.75,993.5,NA
2026-05-02 06:00:00,39.0,96.0,2.25,13.5,9.25,26.5,8.0,0.5,16.0,1.0,2.0,NA,0.0,0.0,0.0,26.25,63.75,0.0,164.5,0.0,0.0,33.0,993.0,NA
2026-05-02 07:00:00,47.0,123.0,2.67,14.33,10.0,26.67,7.33,1.0,13.0,1.75,2.5,NA,0.0,0.0,0.0,27.33,61.0,0.0,214.0,0.0,0.0,92.67,991.0,NA
2026-05-02 08:00:00,47.0,125.0,2.25,13.75,9.25,27.5,8.0,1.0,16.5,1.5,2.25,NA,0.0,0.0,0.0,29.25,54.75,1.5,141.0,0.0,0.0,261.25,987.0,NA
2026-05-02 09:00:00,52.0,136.0,2.0,12.75,9.0,28.5,8.5,1.0,24.75,1.5,2.0,NA,0.0,0.0,0.0,30.5,49.25,1.0,162.5,0.0,0.0,381.0,982.25,NA
2026-05-02 10:00:00,53.0,145.0,2.25,13.0,9.0,30.25,9.5,1.0,32.0,1.25,2.0,NA,0.0,0.0,0.0,31.75,46.0,1.25,143.5,0.0,0.0,492.75,979.0,NA
2026-05-02 11:00:00,56.0,163.0,2.0,12.5,8.25,31.75,11.5,1.0,48.0,1.75,2.5,NA,0.0,0.0,0.0,32.75,42.0,1.0,127.5,0.0,0.0,564.75,976.75,NA
2026-05-02 12:00:00,46.0,153.0,1.75,9.25,6.25,35.25,12.25,1.0,60.0,1.0,2.0,NA,0.0,0.0,0.0,33.75,39.25,1.25,142.25,0.0,0.0,576.75,975.25,NA
2026-05-02 13:00:00,53.0,146.0,1.75,9.5,6.5,36.75,12.5,1.0,66.25,1.25,2.5,NA,0.0,0.0,0.0,34.0,39.25,1.5,144.0,0.0,0.0,523.25,974.75,NA
2026-05-02 14:00:00,45.0,157.0,2.0,9.25,6.5,35.75,12.0,1.0,66.5,1.25,5.75,NA,0.0,0.0,0.0,34.0,40.0,1.25,127.0,0.0,0.0,426.75,976.0,NA
2026-05-02 15:00:00,52.0,151.0,2.0,9.25,6.75,33.5,10.75,1.0,67.5,1.75,3.75,NA,0.0,0.0,0.0,33.25,40.75,1.75,127.75,0.0,0.0,282.25,977.25,NA
2026-05-02 16:00:00,50.0,175.0,2.0,10.5,7.0,31.5,10.0,1.0,65.75,1.75,3.75,NA,0.0,0.0,0.0,32.75,42.0,1.5,120.75,0.0,0.0,168.0,979.75,NA
2026-05-02 17:00:00,56.0,180.0,1.0,11.5,7.25,30.25,9.5,1.0,60.25,1.25,4.5,NA,0.0,0.5,0.0,32.0,44.25,1.0,133.25,0.0,0.0,70.0,982.5,NA
2026-05-02 18:00:00,59.0,178.0,1.75,12.75,8.25,28.5,9.0,1.0,52.5,1.0,5.75,NA,0.0,1.5,0.0,31.0,46.5,0.75,128.5,0.0,0.0,26.25,985.5,NA
2026-05-02 19:00:00,58.0,186.0,2.0,15.5,10.0,28.25,8.25,1.0,40.25,1.0,5.5,NA,0.0,1.0,0.0,30.25,49.25,0.0,112.75,0.0,0.0,6.25,987.75,NA
2026-05-02 20:00:00,72.0,239.0,2.25,19.75,12.75,28.5,8.25,1.0,23.5,1.75,8.5,NA,0.25,2.25,0.25,29.75,52.25,0.25,95.75,0.0,0.0,5.0,989.0,NA
2026-05-02 21:00:00,86.0,273.0,2.5,21.75,13.75,28.5,10.0,1.0,17.25,2.0,7.75,NA,0.5,4.75,0.75,29.0,53.5,0.0,99.75,0.0,0.0,5.0,989.5,NA
2026-05-02 22:00:00,110.0,293.0,2.25,15.5,10.0,29.0,10.5,0.5,17.0,2.75,9.0,NA,0.75,2.75,0.75,29.0,49.0,1.0,212.0,0.0,0.0,5.0,989.25,NA
2026-05-02 23:00:00,73.0,865.0,1.0,6.0,4.25,33.0,8.75,0.0,20.5,0.25,1.75,NA,0.0,0.0,0.0,28.25,47.0,0.25,223.25,0.0,0.0,5.0,991.0,NA
2026-05-03 00:00:00,42.0,384.0,2.0,6.25,4.75,36.25,7.5,0.0,20.5,0.0,0.75,NA,0.0,0.0,0.0,27.0,51.0,0.0,213.5,0.0,0.0,5.0,992.5,NA
2026-05-03 01:00:00,24.0,185.0,1.25,7.75,5.25,36.5,6.25,0.0,18.5,0.0,0.75,NA,0.0,0.0,0.0,26.75,52.75,0.0,199.75,0.0,0.0,5.0,993.0,NA
2026-05-03 02:00:00,25.0,138.0,2.0,12.0,8.0,36.0,7.0,0.0,12.75,0.0,3.0,NA,0.0,0.25,0.0,26.0,55.25,0.0,152.75,0.0,0.0,5.0,993.75,NA
2026-05-03 03:00:00,18.0,116.0,3.0,22.75,14.75,31.0,6.33,0.0,6.0,1.25,6.75,NA,0.0,1.25,0.0,25.75,58.75,0.0,163.25,0.0,0.0,5.0,994.0,NA
2026-05-03 04:00:00,33.0,194.0,2.75,18.75,12.25,29.75,6.0,0.0,9.75,2.0,7.0,NA,0.0,1.5,0.0,26.0,56.5,0.5,157.25,0.0,0.0,5.0,993.25,NA
2026-05-03 05:00:00,35.0,182.0,2.0,18.25,11.25,29.75,6.5,0.0,10.0,1.5,5.25,NA,0.0,1.0,0.0,26.0,58.5,0.0,122.25,0.0,0.0,5.75,993.75,NA
2026-05-03 06:00:00,42.0,145.0,3.75,20.25,13.75,29.75,7.0,0.75,7.5,1.5,3.25,NA,0.0,0.25,0.0,26.0,62.0,0.0,114.75,0.0,0.0,38.25,993.75,NA
2026-05-03 07:00:00,52.0,135.0,7.75,20.0,17.0,31.0,8.25,1.0,5.0,2.25,7.5,NA,0.0,0.25,0.0,27.25,59.25,1.25,113.5,0.0,0.0,127.5,991.25,NA
2026-05-03 08:00:00,74.0,193.0,5.25,15.0,12.5,32.5,10.75,1.0,13.0,2.25,9.25,NA,0.0,0.5,0.0,28.25,55.25,3.25,134.5,0.0,0.0,262.25,988.5,NA
2026-05-03 09:00:00,55.0,155.0,2.75,11.25,8.25,33.5,10.0,1.0,19.25,1.0,2.0,NA,0.0,0.0,0.0,29.75,51.0,1.5,139.75,0.0,0.0,408.25,984.25,NA
2026-05-03 10:00:00,47.0,121.0,2.5,10.0,7.5,34.25,10.25,1.0,28.75,1.5,2.0,NA,0.0,0.0,0.0,31.25,45.0,1.5,100.5,0.0,0.0,480.5,980.25,NA
2026-05-03 11:00:00,44.0,132.0,2.0,8.25,6.25,35.75,10.0,0.0,35.75,1.0,2.0,NA,0.0,0.0,0.0,32.0,42.75,2.0,106.25,0.0,0.0,553.25,978.0,NA
2026-05-03 12:00:00,44.0,190.0,2.0,8.75,6.5,35.75,8.5,0.0,33.75,1.0,6.0,NA,0.0,0.0,0.0,32.0,44.5,3.0,116.0,0.0,0.0,564.5,978.0,NA
2026-05-03 13:00:00,47.0,282.0,2.5,6.5,5.75,33.25,8.0,0.25,35.0,0.25,6.75,NA,0.0,0.0,0.0,32.0,44.75,4.0,108.0,0.0,0.0,539.75,978.25,NA
2026-05-03 14:00:00,45.0,377.0,2.5,5.5,5.25,31.5,7.25,0.0,36.75,0.0,1.25,NA,0.0,0.0,0.0,32.0,44.25,3.75,103.0,0.0,0.0,477.25,979.25,NA
2026-05-03 15:00:00,40.0,256.0,2.0,5.25,4.25,30.25,7.0,0.0,41.5,0.0,0.0,NA,0.0,0.0,0.0,31.5,44.0,3.75,109.75,0.0,0.0,324.0,980.75,NA
2026-05-03 16:00:00,33.0,196.0,2.25,5.5,4.5,29.5,7.0,0.0,45.0,0.5,0.0,NA,0.0,0.0,0.0,31.75,44.0,2.75,110.5,0.0,0.0,189.5,982.75,NA
2026-05-03 17:00:00,35.0,168.0,1.25,6.0,4.5,29.5,7.0,0.0,47.5,3.25,2.0,NA,0.0,0.0,0.0,30.75,45.5,2.5,112.5,0.0,0.0,69.5,985.25,NA
2026-05-03 18:00:00,33.0,164.0,2.0,7.75,5.75,29.5,6.75,0.0,40.5,0.75,1.0,NA,0.0,0.0,0.0,30.0,49.25,2.25,118.25,0.0,0.0,26.0,987.5,NA
2026-05-03 19:00:00,35.0,172.0,2.0,9.5,6.5,28.5,6.5,1.0,34.0,1.0,1.0,NA,0.0,1.0,0.0,29.0,52.0,2.25,98.25,0.0,0.0,6.0,989.25,NA
2026-05-03 20:00:00,41.0,169.0,2.25,9.25,6.75,27.5,6.5,1.0,30.75,1.0,1.0,NA,0.0,1.75,0.0,28.75,53.5,2.5,99.75,0.0,0.0,5.0,990.0,NA
2026-05-03 21:00:00,39.0,162.0,2.5,7.75,6.0,27.25,6.25,1.0,30.75,1.0,1.0,NA,0.0,0.5,0.0,28.0,54.25,3.25,105.25,0.0,0.0,5.0,990.0,NA
2026-05-03 22:00:00,42.0,139.0,2.0,8.75,6.0,26.75,6.5,1.0,27.5,5.5,2.5,NA,0.0,0.0,0.0,28.0,55.25,1.5,138.25,0.0,0.0,5.0,990.5,NA
2026-05-03 23:00:00,41.0,113.0,1.75,8.75,6.25,26.5,7.0,0.5,26.5,2.0,2.0,NA,0.0,0.0,0.0,27.0,57.5,4.75,181.5,0.0,0.0,5.0,992.0,NA
2026-05-04 00:00:00,61.0,NA,1.0,3.0,2.75,29.25,5.75,0.0,33.5,0.0,0.75,NA,0.0,0.0,0.0,24.25,63.5,7.5,174.5,0.0,0.0,5.0,994.75,NA
2026-05-04 01:00:00,14.0,77.0,1.5,2.5,3.0,31.5,5.0,0.0,28.75,0.0,1.75,NA,0.0,0.0,0.0,23.5,69.75,3.0,197.75,0.25,1.0,5.0,995.0,NA
2026-05-04 02:00:00,9.0,47.0,2.0,3.0,3.0,32.0,5.0,0.0,23.5,0.0,0.0,NA,0.0,0.0,0.0,23.0,78.25,1.25,233.25,0.25,1.0,5.0,995.75,NA
2026-05-04 03:00:00,18.0,27.0,2.25,3.5,4.0,30.5,5.67,0.0,18.75,0.0,0.0,NA,0.0,0.0,0.0,22.75,78.5,1.25,171.75,0.0,0.0,5.0,995.75,NA
2026-05-04 04:00:00,13.0,22.0,2.0,4.5,4.0,31.25,6.0,0.0,21.0,0.0,0.5,NA,0.0,0.0,0.0,24.75,64.5,2.25,155.25,0.0,0.0,5.0,994.5,NA
2026-05-04 05:00:00,11.0,19.0,2.5,7.25,6.0,28.75,5.75,0.0,16.0,0.0,0.75,NA,0.0,0.0,0.0,24.0,71.25,1.5,108.25,0.0,0.0,5.25,995.0,NA
2026-05-04 06:00:00,12.0,33.0,2.0,6.25,5.25,26.75,5.75,0.0,12.75,0.0,1.0,NA,0.0,0.0,0.0,23.0,82.5,1.75,115.5,0.0,0.0,10.25,996.0,NA
2026-05-04 07:00:00,25.0,35.0,3.0,8.75,7.5,26.75,5.75,0.0,8.5,1.0,1.0,NA,0.0,0.0,0.0,23.0,81.0,2.75,98.5,0.0,0.0,37.75,995.5,NA
2026-05-04 08:00:00,33.0,52.0,4.0,9.75,8.5,26.75,6.25,0.0,8.0,1.0,1.0,NA,0.0,0.0,0.0,24.5,72.5,1.5,104.25,0.0,0.0,170.0,994.0,NA
2026-05-04 09:00:00,33.0,56.0,3.75,7.5,7.25,28.5,7.0,0.0,11.0,1.0,1.0,NA,0.0,0.0,0.0,26.0,64.25,2.0,116.0,0.0,0.0,304.75,991.5,NA
2026-05-04 10:00:00,22.0,77.0,2.25,4.75,4.75,29.5,7.0,0.0,16.5,0.25,0.25,NA,0.0,0.0,0.0,26.25,61.75,3.75,110.75,0.0,0.0,468.5,991.25,NA
2026-05-04 11:00:00,41.0,78.0,2.75,6.25,5.5,33.0,7.0,0.0,22.0,1.25,1.5,NA,0.0,0.0,0.0,27.5,53.0,4.0,120.0,0.0,0.0,619.25,988.0,NA
2026-05-04 12:00:00,35.0,83.0,2.0,5.5,5.0,34.0,7.0,0.0,30.25,10.25,9.75,NA,0.0,0.0,0.0,28.75,48.0,3.75,112.5,0.0,0.0,657.0,985.75,NA
2026-05-04 13:00:00,19.0,62.0,2.0,4.5,4.25,34.75,7.0,0.0,35.0,1.0,6.0,NA,0.0,0.0,0.0,29.5,44.75,2.5,117.0,0.0,0.0,642.5,983.75,NA
2026-05-04 14:00:00,18.0,64.0,2.25,5.75,5.0,34.75,7.5,0.0,42.75,0.5,2.75,NA,0.0,0.75,0.0,30.0,44.25,1.5,122.25,0.0,0.0,554.25,982.75,NA
2026-05-04 15:00:00,14.0,66.0,2.25,5.75,5.0,33.25,8.5,0.0,43.5,3.0,3.25,NA,0.0,0.0,0.0,29.75,45.0,1.75,132.25,0.0,0.0,351.75,984.5,NA
2026-05-04 16:00:00,9.0,58.0,2.0,6.0,5.0,30.75,7.0,0.0,42.25,13.25,6.75,NA,0.0,0.0,0.0,29.0,45.75,1.75,129.25,0.0,0.0,185.75,987.5,NA
2026-05-04 17:00:00,11.0,61.0,1.5,6.75,5.0,29.0,7.0,0.0,41.5,1.25,7.5,NA,0.0,0.0,0.0,28.25,48.25,2.0,125.25,0.0,0.0,62.25,989.75,NA
2026-05-04 18:00:00,16.0,57.0,2.0,7.0,5.5,27.5,6.0,0.0,40.25,1.0,7.25,NA,0.0,0.0,0.0,27.75,50.5,1.5,123.5,0.0,0.0,24.0,991.25,NA
2026-05-04 19:00:00,13.0,63.0,2.0,9.5,7.0,25.25,6.0,0.25,35.75,2.75,4.25,NA,0.0,0.0,0.0,27.0,54.25,1.0,139.25,0.0,0.0,5.75,992.0,NA
2026-05-04 20:00:00,17.0,55.0,2.25,11.75,8.0,24.25,6.0,0.25,30.0,9.5,7.25,NA,0.0,1.0,0.0,27.0,55.75,0.25,151.5,0.0,0.0,5.0,992.75,NA
2026-05-04 21:00:00,17.0,66.0,2.0,15.5,10.25,23.5,6.0,1.0,20.5,20.25,11.75,NA,0.0,0.5,0.0,26.25,59.0,0.0,155.0,0.0,0.0,5.25,993.0,NA
2026-05-04 22:00:00,29.0,78.0,2.0,7.25,5.75,23.25,6.0,0.0,21.5,15.5,9.5,NA,0.0,0.75,0.0,23.0,77.0,1.0,137.25,0.0,0.0,5.0,995.5,NA
2026-05-04 23:00:00,17.0,35.0,2.0,5.0,4.25,23.25,5.0,0.0,25.25,0.5,3.5,NA,0.0,0.0,0.0,23.5,71.5,1.5,142.0,0.0,0.0,5.0,995.75,NA
2026-05-05 00:00:00,7.0,22.0,1.75,8.25,6.0,25.25,5.5,0.0,25.75,0.25,2.0,NA,0.0,0.0,0.0,25.0,61.5,1.5,179.25,0.0,0.0,5.25,994.75,NA
2026-05-05 01:00:00,19.0,28.0,2.0,10.5,7.5,26.0,5.5,0.0,21.25,1.75,3.75,NA,0.0,0.0,0.0,24.5,62.5,0.0,207.25,0.0,0.0,5.25,995.0,NA
2026-05-05 02:00:00,20.0,35.0,2.0,11.0,8.0,28.0,5.0,0.0,18.25,0.5,2.25,NA,0.0,0.0,0.0,24.5,62.5,0.0,211.75,0.0,0.0,5.25,995.0,NA
2026-05-05 03:00:00,13.0,45.0,2.75,16.75,11.25,27.0,6.67,0.0,11.75,0.0,3.0,NA,0.0,0.0,0.0,24.0,69.25,0.0,182.75,0.0,0.0,5.5,995.0,NA
2026-05-05 04:00:00,61.0,133.0,2.25,16.5,10.75,26.0,9.25,0.25,7.75,1.75,14.0,NA,0.25,1.5,0.0,24.25,71.25,1.0,111.25,0.0,0.0,5.5,995.0,NA
2026-05-05 05:00:00,48.0,110.0,2.75,16.25,11.0,25.75,10.5,0.0,9.0,1.25,19.0,NA,0.0,1.75,0.0,24.0,70.0,0.0,101.5,0.0,0.0,5.75,995.0,NA
2026-05-05 06:00:00,77.0,124.0,2.5,15.5,10.25,24.5,10.5,0.25,8.25,2.0,17.0,NA,0.0,1.25,0.0,24.0,71.25,0.0,128.25,0.0,0.0,21.5,995.0,NA
2026-05-05 07:00:00,45.0,102.0,4.25,16.0,12.25,25.25,10.0,1.0,9.25,2.0,9.75,NA,0.0,0.25,0.0,24.75,71.25,0.0,109.5,0.0,0.0,93.75,994.25,NA
2026-05-05 08:00:00,62.0,118.0,4.75,15.25,12.5,25.0,11.0,1.0,11.25,2.0,6.75,NA,0.0,2.5,0.0,27.25,62.0,0.0,114.25,0.0,0.0,296.5,989.75,NA
2026-05-05 09:00:00,42.0,79.0,3.25,8.25,7.0,23.5,11.25,0.0,16.5,1.5,2.25,NA,0.0,0.0,0.0,28.25,58.0,0.75,131.5,0.0,0.0,369.25,987.25,NA
2026-05-05 10:00:00,40.0,69.0,2.5,6.5,6.0,24.25,11.0,0.0,21.75,1.0,9.75,NA,0.0,0.0,0.0,28.75,55.0,1.0,120.25,0.0,0.0,458.5,985.5,NA
2026-05-05 11:00:00,38.0,72.0,2.0,9.25,6.75,24.5,11.0,0.25,34.5,1.0,3.0,NA,0.0,0.0,0.0,30.0,50.5,0.75,123.5,0.0,0.0,540.5,981.75,NA
2026-05-05 12:00:00,46.0,89.0,2.0,9.5,6.75,25.0,11.25,0.0,46.0,1.0,2.75,NA,0.0,0.0,0.0,30.75,46.25,0.75,125.25,0.0,0.0,603.25,979.5,NA
2026-05-05 13:00:00,36.0,80.0,2.25,8.0,6.25,26.0,11.5,0.0,51.75,1.0,2.0,NA,0.0,0.0,0.0,31.0,44.0,0.75,143.0,0.0,0.0,503.0,979.75,NA
2026-05-05 14:00:00,25.0,64.0,2.0,6.5,5.25,28.25,10.5,0.0,55.0,1.25,5.0,NA,0.0,0.0,0.0,30.75,43.5,0.25,140.75,0.0,0.0,293.5,981.0,NA
2026-05-05 15:00:00,33.0,63.0,2.0,9.0,6.5,28.5,9.0,0.0,52.75,4.5,5.0,NA,0.0,0.0,0.0,30.5,45.0,1.75,173.0,0.0,0.0,331.0,982.75,NA
2026-05-05 16:00:00,30.0,75.0,2.0,9.5,7.0,27.75,8.75,0.0,47.0,1.75,8.5,NA,0.0,0.25,0.0,29.75,47.5,0.5,136.5,0.0,0.0,235.75,985.25,NA
2026-05-05 17:00:00,36.0,85.0,2.0,10.0,7.25,27.25,9.0,0.0,44.0,2.0,24.25,NA,0.0,0.0,0.0,29.0,47.25,0.0,122.0,0.0,0.0,94.5,987.75,NA
2026-05-05 18:00:00,39.0,80.0,2.25,15.25,9.75,28.25,9.25,0.25,37.75,4.25,59.75,NA,0.0,2.25,0.0,28.0,51.0,0.0,149.25,0.0,0.0,20.5,991.0,NA
2026-05-05 19:00:00,52.0,134.0,2.0,22.0,13.5,27.25,9.0,0.5,28.5,6.25,192.75,NA,0.75,4.75,0.5,27.25,54.75,0.75,111.75,0.0,0.0,6.25,992.0,NA
2026-05-05 20:00:00,53.0,215.0,2.25,14.25,9.75,25.25,9.25,0.0,32.5,2.25,83.25,NA,0.75,2.5,0.5,25.25,60.0,2.5,104.75,0.0,0.0,5.25,993.75,NA
2026-05-05 21:00:00,34.0,105.0,2.25,11.0,7.75,26.25,8.25,0.0,37.0,1.0,30.5,NA,0.25,1.0,0.0,24.25,62.75,0.75,122.0,0.0,0.0,5.25,994.75,NA
2026-05-05 22:00:00,22.0,51.0,2.0,9.75,6.75,26.25,7.25,0.0,32.25,1.25,8.0,NA,0.0,0.0,0.0,24.0,65.25,0.0,154.75,0.0,0.0,5.0,995.0,NA
2026-05-05 23:00:00,36.0,77.0,2.0,19.5,12.25,26.25,7.25,0.5,16.0,2.0,5.75,NA,0.0,0.25,0.0,23.75,69.0,0.0,185.5,0.0,0.0,5.5,995.5,NA
2026-05-06 00:00:00,30.0,92.0,2.0,16.25,10.75,25.5,7.25,0.0,16.0,0.5,8.25,NA,0.0,1.0,0.0,23.0,72.5,0.0,161.75,0.0,0.0,5.25,996.0,NA
2026-05-06 01:00:00,35.0,73.0,2.5,15.5,10.5,25.25,7.0,0.75,11.0,1.0,8.25,NA,0.0,1.5,0.0,23.0,75.0,0.0,182.5,0.0,0.0,5.5,996.0,NA
2026-05-06 02:00:00,39.0,80.0,4.0,24.0,16.0,25.0,8.0,1.0,4.5,2.75,49.5,NA,1.25,4.0,0.75,23.0,76.25,0.0,145.75,0.0,0.0,5.75,996.0,NA
2026-05-06 03:00:00,57.0,103.0,3.25,20.75,13.75,23.5,6.33,0.5,5.25,3.5,77.25,NA,1.5,4.5,1.0,22.75,78.5,0.0,212.25,0.0,0.0,5.75,996.0,NA
2026-05-06 04:00:00,48.0,106.0,4.5,26.25,17.75,22.75,5.25,1.0,4.25,2.25,71.25,NA,1.25,5.25,1.25,22.0,81.5,0.0,228.5,0.0,0.0,5.25,996.0,NA
2026-05-06 05:00:00,61.0,129.0,8.5,25.5,20.25,23.25,5.5,1.0,3.0,2.0,72.25,NA,1.25,6.0,1.5,22.0,83.25,0.0,260.0,0.0,0.0,6.5,996.0,NA
2026-05-06 06:00:00,84.0,179.0,11.5,23.5,22.0,22.5,5.75,1.0,3.0,2.0,49.25,NA,1.0,5.25,1.0,22.5,83.5,0.0,245.0,0.0,0.0,37.0,995.75,NA
2026-05-06 07:00:00,61.0,133.0,10.5,19.75,19.0,22.25,7.0,1.0,3.5,2.0,36.5,NA,1.0,4.0,0.75,25.5,70.75,0.0,220.75,0.0,0.0,140.5,993.5,NA
2026-05-06 08:00:00,91.0,177.0,4.75,14.5,11.5,23.0,12.75,1.0,8.75,2.0,15.25,NA,0.0,2.0,0.0,27.75,54.5,0.0,178.25,0.0,0.0,289.25,988.5,NA
2026-05-06 09:00:00,67.0,129.0,3.75,12.0,9.25,24.75,13.25,0.75,20.25,1.75,9.0,NA,0.0,1.0,0.0,29.5,49.0,0.0,188.0,0.0,0.0,443.0,983.25,NA
2026-05-06 10:00:00,55.0,96.0,2.0,7.25,5.75,26.0,10.5,0.0,29.75,1.0,3.25,NA,0.0,0.0,0.0,31.0,45.0,0.25,180.75,0.0,0.0,563.0,979.0,NA
2026-05-06 11:00:00,36.0,70.0,2.0,6.75,5.25,28.0,9.5,0.0,43.75,0.0,6.0,NA,0.0,0.0,0.0,31.75,40.75,0.25,156.25,0.0,0.0,638.75,977.75,NA
2026-05-06 12:00:00,38.0,90.0,2.0,6.75,5.0,29.75,9.75,0.0,51.0,0.5,18.25,NA,0.0,0.75,0.0,32.25,39.5,0.0,177.75,0.0,0.0,653.5,976.5,NA
2026-05-06 13:00:00,31.0,74.0,2.25,5.25,5.0,28.75,8.75,0.0,51.0,0.0,6.0,NA,0.0,0.0,0.0,33.0,36.5,0.0,207.25,0.0,0.0,645.0,974.75,NA
2026-05-06 14:00:00,28.0,73.0,3.0,3.67,4.0,28.0,8.0,0.0,58.0,0.0,1.75,NA,0.0,0.0,0.0,33.0,35.25,0.25,169.25,0.0,0.0,545.25,975.0,NA
2026-05-06 15:00:00,18.0,75.0,2.5,4.5,4.5,31.5,9.0,0.0,59.5,0.0,7.25,NA,0.0,0.25,0.0,33.0,35.5,0.0,210.0,0.0,0.0,317.5,977.0,NA
2026-05-06 16:00:00,39.0,84.0,2.67,3.67,4.33,24.67,8.33,0.0,44.0,0.0,3.25,NA,0.0,0.25,0.0,32.33,35.33,0.33,203.0,0.0,0.0,164.0,981.67,NA
2026-05-06 17:00:00,41.0,86.0,2.25,4.5,4.5,20.0,7.0,0.0,44.25,0.0,1.0,NA,0.0,0.0,0.0,30.5,37.25,0.0,213.0,0.0,0.0,65.75,985.5,NA
2026-05-06 18:00:00,38.0,101.0,3.25,8.75,7.5,19.0,7.25,0.0,42.5,0.25,9.25,NA,0.0,0.0,0.0,29.5,40.75,0.0,212.25,0.0,0.0,27.0,989.0,NA
2026-05-06 19:00:00,57.0,153.0,3.25,18.25,12.75,20.25,8.75,1.0,32.25,2.0,81.25,NA,0.25,5.75,1.25,27.75,45.75,0.0,145.25,0.0,0.0,6.5,992.0,NA
2026-05-06 20:00:00,106.0,216.0,3.0,31.0,19.0,23.0,11.0,1.0,21.5,3.0,172.75,NA,6.0,29.5,6.5,27.0,49.75,0.0,141.75,0.0,0.0,6.0,993.0,NA
2026-05-06 21:00:00,105.0,254.0,3.0,33.5,20.5,24.0,10.0,1.5,14.5,10.5,42.75,NA,0.5,6.75,1.0,27.0,53.25,0.0,134.25,0.0,0.0,5.75,992.75,NA
2026-05-06 22:00:00,99.0,289.0,3.5,23.5,15.5,29.75,9.0,0.5,19.75,15.75,33.75,NA,0.75,6.5,0.75,26.75,50.25,3.25,90.75,0.0,0.0,5.5,992.75,NA
2026-05-06 23:00:00,51.0,328.0,2.75,10.75,8.0,29.0,6.0,0.0,28.25,1.25,15.0,NA,0.0,1.25,0.0,25.5,52.0,0.75,100.25,0.0,0.0,5.5,993.75,NA
2026-05-07 00:00:00,36.0,80.0,2.0,8.5,6.5,27.5,5.0,0.0,25.25,0.75,2.25,NA,0.0,0.0,0.0,25.0,56.5,0.0,112.25,0.0,0.0,5.25,994.5,NA
2026-05-07 01:00:00,51.0,83.0,2.5,10.0,7.75,29.5,5.5,0.0,23.25,1.0,2.25,NA,0.0,0.0,0.0,25.0,54.75,0.0,125.5,0.0,0.0,6.0,994.0,NA
2026-05-07 02:00:00,44.0,108.0,2.0,13.0,9.0,30.0,6.0,0.0,19.5,2.25,2.5,NA,0.0,0.0,0.0,25.0,54.75,0.0,121.5,0.0,0.0,5.5,994.0,NA
2026-05-07 03:00:00,50.0,117.0,3.0,16.67,11.25,26.75,6.67,0.0,15.25,2.25,6.0,NA,0.0,0.0,0.0,25.0,57.25,0.0,112.5,0.0,0.0,5.75,994.5,NA
2026-05-07 04:00:00,59.0,141.0,2.75,15.67,10.5,23.25,7.25,0.0,18.0,1.75,10.25,NA,0.0,0.0,0.0,25.0,55.0,0.0,139.5,0.0,0.0,5.25,995.0,NA
2026-05-07 05:00:00,33.0,80.0,2.25,19.0,12.25,21.25,8.0,0.0,17.5,2.75,9.0,NA,0.0,0.0,0.0,25.0,53.5,0.0,154.0,0.0,0.0,6.0,994.75,NA
2026-05-07 06:00:00,34.0,66.0,3.0,17.5,12.0,20.5,6.75,0.0,19.75,1.0,3.75,NA,0.0,0.0,0.0,25.25,53.25,0.5,152.0,0.0,0.0,35.5,994.5,NA
2026-05-07 07:00:00,22.0,79.0,2.75,14.25,9.75,20.5,5.75,0.0,23.25,1.0,2.0,NA,0.0,0.0,0.0,26.5,49.0,0.75,138.75,0.0,0.0,137.25,992.0,NA
2026-05-07 08:00:00,34.0,282.0,3.5,16.0,11.5,21.25,6.75,0.0,24.0,1.0,1.25,NA,0.0,0.0,0.0,28.0,46.0,2.25,120.75,0.0,0.0,272.5,989.0,NA
2026-05-07 09:00:00,40.0,161.0,4.0,15.75,11.75,23.25,10.75,0.0,29.0,1.0,3.25,NA,0.0,0.0,0.0,28.75,44.75,3.25,129.25,0.0,0.0,414.25,987.25,NA
2026-05-07 10:00:00,36.0,157.0,3.5,11.25,8.75,26.25,8.5,0.0,32.25,1.0,4.75,NA,0.0,0.25,0.0,29.0,43.5,4.5,133.5,0.0,0.0,536.0,985.25,NA
2026-05-07 11:00:00,41.0,144.0,3.0,7.5,6.5,31.25,7.5,0.0,35.25,6.75,15.25,NA,0.0,0.0,0.0,30.0,42.25,4.0,122.0,0.0,0.0,604.25,983.0,NA
2026-05-07 12:00:00,35.0,139.0,3.0,9.5,8.0,38.5,10.75,0.0,33.25,1.0,3.25,NA,0.0,0.0,0.0,30.25,44.5,4.0,109.75,0.0,0.0,621.0,982.25,NA
2026-05-07 13:00:00,53.0,153.0,2.75,6.75,6.0,36.25,6.75,0.0,33.75,1.0,1.25,NA,0.0,0.0,0.0,30.0,45.25,4.75,107.0,0.0,0.0,602.25,983.5,NA
2026-05-07 14:00:00,41.0,130.0,3.25,6.5,5.75,31.0,7.75,0.0,37.5,0.5,1.5,NA,0.0,0.0,0.0,30.0,41.75,5.25,116.75,0.0,0.0,545.0,983.5,NA
2026-05-07 15:00:00,31.0,127.0,3.0,7.5,6.25,26.5,8.25,0.0,39.25,0.25,2.0,NA,0.0,0.0,0.0,30.0,40.25,4.5,120.5,0.0,0.0,315.5,984.75,NA
2026-05-07 16:00:00,19.0,95.0,2.0,6.0,5.0,21.75,5.0,0.0,41.0,0.5,1.0,NA,0.0,0.0,0.0,29.75,41.0,3.25,128.75,0.0,0.0,188.0,987.25,NA
2026-05-07 17:00:00,27.0,83.0,3.0,5.75,5.25,23.0,5.5,0.0,39.25,0.0,2.5,NA,0.0,0.0,0.0,28.75,43.5,2.75,120.75,0.0,0.0,60.0,989.5,NA
2026-05-07 18:00:00,31.0,90.0,3.0,6.25,5.75,21.5,5.25,0.0,36.0,6.25,5.25,NA,0.0,0.0,0.0,28.0,46.5,1.75,123.25,0.0,0.0,25.0,991.0,NA
2026-05-07 19:00:00,30.0,80.0,2.5,11.75,8.25,21.75,8.0,0.0,28.0,1.0,4.75,NA,0.0,1.0,0.0,27.0,50.0,0.75,109.5,0.0,0.0,7.0,992.25,NA
2026-05-07 20:00:00,42.0,124.0,3.0,15.5,10.75,24.0,8.5,0.0,20.5,1.75,4.75,NA,0.0,0.75,0.0,26.25,57.75,0.25,99.25,0.0,0.0,5.0,993.25,NA
2026-05-07 21:00:00,52.0,136.0,2.75,16.5,11.0,27.25,7.25,0.25,16.0,2.0,3.75,NA,0.0,0.5,0.0,26.0,61.25,0.5,117.5,0.0,0.0,5.25,994.0,NA
2026-05-07 22:00:00,53.0,122.0,3.0,16.0,11.0,29.75,7.5,1.0,18.5,2.25,5.75,NA,0.0,0.75,0.0,26.0,60.0,0.75,127.5,0.0,0.0,5.25,994.0,NA
2026-05-07 23:00:00,34.0,77.0,2.75,14.5,10.0,30.0,6.0,0.5,15.5,1.5,3.0,NA,0.0,0.0,0.0,25.25,62.5,0.0,119.25,0.0,0.0,5.75,994.25,NA
2026-05-08 00:00:00,55.0,94.0,3.0,16.75,11.5,28.5,5.0,0.0,12.0,1.25,3.5,NA,0.0,0.0,0.0,24.75,66.25,0.0,125.5,0.0,0.0,5.5,995.0,NA
2026-05-08 01:00:00,38.0,86.0,3.0,17.25,11.5,28.25,5.0,0.0,9.5,1.25,3.0,NA,0.0,0.25,0.0,24.0,69.5,0.0,122.75,0.0,0.0,5.75,995.0,NA
2026-05-08 02:00:00,88.0,144.0,3.0,18.0,12.0,29.0,5.0,0.0,6.0,2.75,4.75,NA,0.0,1.0,0.0,24.0,71.5,0.0,102.0,0.0,0.0,5.75,995.0,NA
2026-05-08 03:00:00,83.0,166.0,4.0,16.25,12.0,27.25,6.0,0.0,5.75,3.5,6.75,NA,0.0,0.25,0.0,24.0,75.5,0.25,98.5,0.0,0.0,5.5,995.0,NA
2026-05-08 04:00:00,81.0,139.0,3.0,10.5,8.0,29.75,6.5,0.0,6.75,3.0,5.0,NA,0.0,0.0,0.0,23.25,78.5,0.25,105.0,0.0,0.0,5.5,995.0,NA
2026-05-08 05:00:00,64.0,107.0,3.0,10.75,8.5,32.5,6.75,0.0,5.0,3.0,3.25,NA,0.0,0.0,0.0,23.0,81.0,0.0,107.75,0.0,0.0,6.25,996.0,NA
2026-05-08 06:00:00,70.0,132.0,4.5,13.25,10.5,30.25,6.25,1.0,3.75,3.75,3.0,NA,0.0,0.0,0.0,23.5,80.75,0.25,98.25,0.0,0.0,34.25,995.25,NA
2026-05-08 07:00:00,99.0,167.0,6.5,15.5,13.75,28.25,7.75,0.5,4.75,4.0,3.25,NA,0.0,0.0,0.0,25.0,71.5,1.5,116.5,0.0,0.0,132.75,994.0,NA
2026-05-08 08:00:00,56.0,106.0,4.5,10.75,9.75,24.5,9.0,0.0,11.0,1.25,1.5,NA,0.0,0.0,0.0,26.75,60.0,2.25,137.25,0.0,0.0,275.0,991.0,NA
2026-05-08 09:00:00,42.0,92.0,3.0,9.25,7.75,24.25,9.75,0.0,17.25,1.0,1.75,NA,0.0,0.0,0.0,28.25,51.5,2.25,130.75,0.0,0.0,419.25,988.0,NA
2026-05-08 10:00:00,33.0,99.0,3.0,6.5,6.25,26.0,9.5,0.0,24.25,9.25,6.25,NA,0.0,0.0,0.0,29.25,45.25,2.25,141.5,0.0,0.0,539.25,984.75,NA
2026-05-08 11:00:00,42.0,103.0,3.0,5.5,5.5,35.75,8.25,0.0,27.75,5.25,2.75,NA,0.0,0.0,0.0,30.25,41.75,2.75,143.5,0.0,0.0,619.75,982.5,NA
2026-05-08 12:00:00,30.0,103.0,2.75,6.25,6.0,39.75,7.0,0.0,33.25,11.0,5.25,NA,0.0,0.0,0.0,31.0,40.25,2.5,125.5,0.0,0.0,635.25,980.25,NA
2026-05-08 13:00:00,47.0,111.0,2.5,9.75,7.5,55.5,5.33,0.0,35.0,2.0,3.33,NA,0.0,0.0,0.0,32.0,39.0,1.0,146.0,0.0,0.0,632.0,978.0,NA
2026-05-08 14:00:00,8.0,97.0,4.25,9.0,8.5,38.75,3.5,0.0,25.75,NA,NA,NA,NA,NA,NA,32.0,38.75,1.75,120.25,0.0,0.0,535.25,978.0,NA
2026-05-08 15:00:00,22.0,105.0,2.75,5.5,5.0,30.75,3.0,0.0,26.0,NA,NA,NA,NA,NA,NA,31.5,39.0,1.5,126.5,0.0,0.0,294.5,980.5,NA
2026-05-08 16:00:00,23.0,85.0,2.0,5.25,5.0,27.5,3.25,0.0,26.0,NA,NA,NA,NA,NA,NA,31.0,39.25,1.0,128.5,0.0,0.0,181.5,983.0,NA
2026-05-08 17:00:00,28.0,86.0,2.75,5.5,5.5,27.25,3.75,0.0,28.25,0.0,0.5,NA,1.5,1.5,2.0,30.25,41.0,0.5,121.25,0.0,0.0,56.25,986.25,NA
2026-05-08 18:00:00,35.0,111.0,2.0,8.75,6.5,26.25,4.5,0.0,35.25,0.5,2.5,NA,0.0,0.25,0.0,29.75,43.25,0.0,119.75,0.0,0.0,27.25,988.25,NA
2026-05-08 19:00:00,38.0,151.0,3.0,11.5,8.75,27.25,5.75,0.0,24.75,1.0,3.5,NA,0.0,0.5,0.0,28.75,48.75,0.5,97.25,0.0,0.0,6.75,990.0,NA
2026-05-08 20:00:00,50.0,151.0,3.25,14.0,10.25,32.5,5.75,0.25,19.0,1.0,1.5,NA,0.0,0.25,0.0,28.0,52.5,0.25,94.25,0.0,0.0,5.5,991.25,NA
2026-05-08 21:00:00,72.0,172.0,2.0,17.0,10.75,32.75,5.75,0.75,16.25,1.0,4.25,NA,0.0,1.25,0.5,27.0,55.5,0.0,125.25,0.0,0.0,5.75,992.25,NA
2026-05-08 22:00:00,56.0,145.0,2.5,19.75,12.5,33.5,5.0,1.0,13.25,1.25,4.75,NA,0.0,2.0,0.5,27.0,57.75,0.0,133.75,0.0,0.0,5.75,993.0,NA
2026-05-08 23:00:00,51.0,122.0,3.0,22.25,14.0,34.0,7.5,0.5,10.75,1.0,9.25,NA,0.0,1.25,0.75,26.25,60.5,0.0,119.0,0.0,0.0,5.5,993.25,NA
2026-05-09 00:00:00,48.0,123.0,3.0,24.25,15.5,34.5,7.75,1.0,9.75,1.0,10.75,NA,0.25,1.5,0.0,26.0,64.75,0.0,150.75,0.0,0.0,5.5,994.0,NA
2026-05-09 01:00:00,101.0,167.0,3.5,24.75,16.0,34.5,7.0,1.0,7.75,1.5,12.0,NA,1.0,1.5,0.5,25.0,69.0,0.0,144.25,0.0,0.0,5.5,994.0,NA
2026-05-09 02:00:00,81.0,184.0,4.0,25.0,16.0,35.0,6.0,1.0,3.5,2.75,19.5,NA,1.0,1.5,0.0,25.0,70.5,0.0,119.75,0.0,0.0,5.0,994.75,NA
2026-05-09 03:00:00,99.0,185.0,4.5,26.75,18.25,35.0,7.67,1.0,3.25,3.25,10.25,NA,0.25,0.75,0.0,25.0,71.0,0.0,108.5,0.0,0.0,5.25,994.0,NA
2026-05-09 04:00:00,118.0,211.0,3.25,23.25,14.75,34.75,13.5,1.0,4.0,3.75,7.75,NA,0.0,0.0,0.0,25.0,71.0,0.0,105.5,0.0,0.0,5.5,994.0,NA
2026-05-09 05:00:00,122.0,211.0,3.5,17.25,12.0,32.75,15.75,1.0,3.75,3.0,6.25,NA,0.0,0.0,0.0,25.0,72.0,0.0,106.75,0.0,0.0,6.25,994.75,NA
2026-05-09 06:00:00,128.0,204.0,4.75,19.25,14.25,31.0,13.25,1.0,3.0,3.75,6.0,NA,0.0,0.0,0.0,25.0,72.5,0.0,119.25,0.0,0.0,36.25,994.5,NA
2026-05-09 07:00:00,128.0,216.0,6.75,22.0,17.25,31.75,14.5,1.0,3.0,3.5,5.0,NA,0.0,0.0,0.0,27.0,63.0,0.0,116.5,0.0,0.0,130.75,991.5,NA
2026-05-09 08:00:00,129.0,226.0,4.75,15.5,12.25,31.25,16.25,0.5,5.25,2.25,5.5,NA,0.0,0.0,0.0,28.75,52.5,1.25,130.0,0.0,0.0,268.5,987.5,NA
2026-05-09 09:00:00,52.0,135.0,3.0,9.5,7.5,31.0,10.75,0.0,13.75,0.75,1.75,NA,0.0,0.0,0.0,29.75,48.0,2.25,128.0,0.0,0.0,410.5,984.25,NA
2026-05-09 10:00:00,46.0,105.0,2.75,6.75,6.25,31.25,11.0,0.0,22.25,0.25,1.25,NA,0.0,0.0,0.0,30.5,46.25,2.5,137.75,0.0,0.0,520.75,981.75,NA
2026-05-09 11:00:00,46.0,100.0,2.0,7.0,5.5,32.0,13.25,0.0,29.25,0.0,1.75,NA,0.0,0.0,0.0,31.0,44.0,2.25,137.0,0.0,0.0,581.25,979.75,NA
2026-05-09 12:00:00,48.0,113.0,2.75,6.75,6.0,32.25,12.75,0.0,34.25,0.0,1.5,NA,0.0,0.0,0.0,32.0,41.5,1.25,135.0,0.0,0.0,612.5,977.25,NA
2026-05-09 13:00:00,44.0,110.0,3.0,6.75,6.0,31.75,13.75,0.0,38.25,0.0,2.0,NA,0.0,0.0,0.0,32.25,39.75,1.25,145.0,0.0,0.0,589.75,976.25,NA
2026-05-09 14:00:00,40.0,114.0,2.25,5.75,5.5,31.25,12.25,0.0,41.75,0.0,2.0,NA,0.0,0.0,0.0,32.5,38.5,1.25,127.5,0.0,0.0,520.5,976.25,NA
2026-05-09 15:00:00,46.0,116.0,3.0,6.0,5.25,30.25,12.25,0.0,45.5,0.0,2.0,NA,0.0,0.0,0.0,32.5,38.75,0.5,116.75,0.0,0.0,313.75,977.75,NA
2026-05-09 16:00:00,52.0,127.0,3.0,5.0,5.25,29.25,11.75,0.0,45.75,0.0,2.25,NA,0.0,0.0,0.0,32.0,39.5,0.25,148.0,0.0,0.0,167.0,980.75,NA
2026-05-09 17:00:00,48.0,133.0,2.5,7.5,6.0,28.25,13.25,0.0,45.75,0.75,2.0,NA,0.0,0.0,0.0,31.25,41.5,0.25,110.75,0.0,0.0,67.5,984.5,NA
2026-05-09 18:00:00,58.0,162.0,2.0,9.75,7.0,27.0,11.25,0.0,37.5,0.75,2.25,NA,0.0,0.0,0.0,30.5,43.75,0.0,110.0,0.0,0.0,29.0,987.0,NA
2026-05-09 19:00:00,68.0,205.0,2.5,14.75,10.0,27.25,8.25,0.0,26.5,1.0,10.0,NA,0.0,1.5,0.0,29.25,47.5,0.0,100.0,0.0,0.0,7.0,989.25,NA
2026-05-09 20:00:00,73.0,228.0,3.25,17.5,12.25,28.0,8.0,1.0,19.75,1.0,12.5,NA,0.0,2.5,0.0,28.5,51.0,0.0,112.0,0.0,0.0,5.25,990.75,NA
2026-05-09 21:00:00,89.0,218.0,2.5,22.0,13.75,28.5,10.25,1.0,14.5,1.75,11.25,NA,0.75,1.0,0.0,28.0,53.75,0.0,122.25,0.0,0.0,6.0,991.75,NA
2026-05-09 22:00:00,102.0,246.0,2.5,22.5,14.0,30.25,10.75,1.0,10.25,2.0,14.25,NA,1.0,1.25,0.0,27.0,56.75,0.0,127.0,0.0,0.0,5.5,992.5,NA
2026-05-09 23:00:00,101.0,273.0,3.25,29.5,18.5,32.25,9.25,1.0,4.5,2.0,14.0,NA,1.25,1.0,0.25,27.0,60.5,0.0,91.25,0.0,0.0,5.5,993.0,NA
2026-05-10 00:00:00,112.0,279.0,4.75,31.0,20.5,32.5,9.0,1.0,3.0,3.0,14.25,NA,1.0,1.25,0.5,26.0,64.5,0.0,132.25,0.0,0.0,5.5,994.0,NA
2026-05-10 01:00:00,112.0,257.0,4.5,32.5,21.25,33.0,9.0,1.0,3.0,2.75,15.5,NA,1.0,2.25,0.5,26.0,67.5,0.0,117.25,0.0,0.0,5.25,994.0,NA
2026-05-10 02:00:00,112.0,238.0,5.0,31.0,21.0,33.0,8.0,1.0,3.0,3.0,17.75,NA,0.75,1.75,0.25,25.75,70.5,0.0,160.0,0.0,0.0,5.75,994.0,NA
2026-05-10 03:00:00,103.0,206.0,5.0,31.5,21.25,32.5,6.0,0.25,3.0,3.0,14.75,NA,1.0,1.5,0.0,25.5,72.0,0.0,130.75,0.0,0.0,5.75,994.0,NA
2026-05-10 04:00:00,90.0,166.0,4.5,24.25,17.25,32.5,6.0,0.0,3.25,2.5,10.75,NA,0.75,1.5,0.0,25.75,69.0,0.0,165.5,0.0,0.0,5.25,994.0,NA
2026-05-10 05:00:00,57.0,116.0,3.0,17.0,11.5,31.25,6.0,0.0,4.0,1.0,5.75,NA,0.0,0.25,0.0,26.0,65.75,0.0,173.25,0.0,0.0,6.25,993.0,NA
2026-05-10 06:00:00,58.0,113.0,3.5,19.75,13.5,32.0,6.75,0.0,4.0,1.25,3.25,NA,0.0,0.0,0.0,26.25,65.5,0.0,158.75,0.0,0.0,36.5,992.75,NA
2026-05-10 07:00:00,95.0,166.0,3.25,15.0,10.75,32.25,7.0,0.0,5.5,1.75,3.0,NA,0.0,0.0,0.0,27.75,57.75,0.5,164.25,0.0,0.0,131.75,990.0,NA
2026-05-10 08:00:00,50.0,122.0,2.75,10.75,8.0,32.25,8.5,0.0,8.5,1.0,2.0,NA,0.0,0.0,0.0,29.25,52.75,1.5,168.25,0.0,0.0,260.25,986.5,NA
2026-05-10 09:00:00,52.0,117.0,3.0,8.25,7.0,33.0,10.0,0.0,13.0,1.0,2.0,NA,0.0,0.0,0.0,30.5,48.75,1.5,152.25,0.0,0.0,390.0,982.5,NA
2026-05-10 10:00:00,45.0,121.0,2.5,7.0,6.0,32.5,11.0,0.0,20.0,0.25,0.75,NA,0.0,0.0,0.0,31.0,45.25,2.25,148.5,0.0,0.0,504.5,980.25,NA
2026-05-10 11:00:00,45.0,111.0,2.0,5.75,5.0,34.0,12.25,0.0,25.75,0.25,1.75,NA,0.0,0.0,0.0,31.75,42.25,2.5,131.5,0.0,0.0,582.0,978.25,NA
2026-05-10 12:00:00,34.0,114.0,2.0,5.75,5.0,34.25,11.75,0.0,31.75,4.75,2.0,NA,0.0,0.0,0.0,32.25,41.5,2.0,149.5,0.0,0.0,595.75,976.75,NA
2026-05-10 13:00:00,44.0,117.0,2.0,6.0,5.0,34.25,10.0,0.0,37.25,0.0,0.75,NA,0.0,0.0,0.0,33.0,40.75,1.25,166.0,0.0,0.0,517.25,976.0,NA
2026-05-10 14:00:00,51.0,116.0,2.0,6.0,5.0,33.5,9.25,0.0,39.75,0.0,1.0,NA,0.0,0.0,0.0,32.75,40.5,1.0,120.75,0.0,0.0,404.25,976.5,NA
2026-05-10 15:00:00,50.0,121.0,3.0,6.0,5.25,33.25,8.25,0.0,42.0,0.0,1.0,NA,0.0,0.0,0.0,32.5,40.25,0.5,134.75,0.0,0.0,284.0,978.5,NA
2026-05-10 16:00:00,47.0,125.0,2.5,5.5,5.0,32.25,7.5,0.0,44.5,0.0,1.0,NA,0.0,0.0,0.0,32.0,40.75,0.0,130.75,0.0,0.0,150.75,980.75,NA
2026-05-10 17:00:00,45.0,134.0,2.0,6.75,5.25,32.25,6.25,0.0,44.5,0.0,3.25,NA,0.0,0.0,0.0,31.5,41.5,0.0,124.25,0.0,0.0,70.5,983.25,NA
2026-05-10 18:00:00,55.0,150.0,2.75,7.75,6.5,32.25,7.25,0.0,36.5,0.0,1.5,NA,0.0,0.0,0.0,31.0,44.0,0.5,102.75,0.0,0.0,29.5,986.0,NA
2026-05-10 19:00:00,50.0,175.0,2.25,10.5,7.75,32.25,6.5,0.0,27.0,0.75,1.0,NA,0.0,0.0,0.0,30.0,47.5,0.5,101.5,0.0,0.0,6.75,988.25,NA
2026-05-10 20:00:00,59.0,195.0,2.5,16.0,11.0,32.0,7.75,0.0,19.75,1.25,1.5,NA,0.0,0.25,0.0,29.0,50.75,0.0,105.0,0.0,0.0,5.5,989.5,NA
2026-05-10 21:00:00,73.0,229.0,3.0,17.75,12.0,31.25,8.75,0.25,16.5,1.25,2.25,NA,0.0,0.0,0.0,29.0,53.75,0.0,120.5,0.0,0.0,5.5,990.5,NA
2026-05-10 22:00:00,62.0,197.0,2.75,21.0,13.75,30.0,13.75,0.0,15.0,1.0,3.25,NA,0.0,0.25,0.0,28.5,54.5,0.0,126.25,0.0,0.0,5.5,990.75,NA
2026-05-10 23:00:00,52.0,151.0,2.5,18.5,12.0,29.75,11.75,0.0,13.75,1.0,3.0,NA,0.0,0.0,0.0,28.0,55.75,0.0,112.25,0.0,0.0,5.75,991.0,NA
2026-05-11 00:00:00,61.0,168.0,3.5,27.0,17.25,30.0,16.75,0.0,8.75,1.0,3.5,NA,0.0,0.0,0.0,28.0,58.0,0.0,113.75,0.0,0.0,5.5,991.5,NA
2026-05-11 01:00:00,51.0,134.0,3.5,26.75,17.25,30.25,18.5,0.0,8.75,1.0,3.0,NA,0.0,0.0,0.0,27.5,58.0,0.0,131.5,0.0,0.0,5.5,992.0,NA
2026-05-11 02:00:00,45.0,129.0,3.0,21.0,14.0,31.0,14.0,0.0,10.5,1.0,2.25,NA,0.0,0.0,0.0,27.0,58.25,0.0,121.5,0.0,0.0,5.5,992.0,NA
2026-05-11 03:00:00,40.0,119.0,2.75,18.0,11.75,32.25,11.33,0.0,10.25,1.0,3.0,NA,0.0,0.0,0.0,27.0,60.0,0.0,131.0,0.0,0.0,5.0,993.0,NA
2026-05-11 04:00:00,48.0,113.0,3.0,16.0,11.0,33.0,11.5,0.0,10.5,1.0,2.25,NA,0.0,0.0,0.0,27.0,60.5,0.0,134.5,0.0,0.0,5.5,993.0,NA
2026-05-11 05:00:00,53.0,114.0,2.25,16.0,10.75,31.5,10.5,0.0,11.5,1.0,3.0,NA,0.0,0.0,0.0,27.0,59.75,0.0,145.75,0.0,0.0,6.0,993.0,NA
2026-05-11 06:00:00,39.0,86.0,3.0,16.25,11.25,30.5,8.5,0.25,10.5,1.0,1.0,NA,0.0,0.0,0.0,27.0,60.25,0.0,138.25,0.0,0.0,23.75,992.75,NA
2026-05-11 07:00:00,56.0,117.0,3.25,18.5,12.75,31.25,8.75,0.5,11.25,1.0,1.5,NA,0.0,0.0,0.0,27.75,56.5,1.0,145.25,0.0,0.0,94.0,990.5,NA
2026-05-11 08:00:00,64.0,150.0,3.0,14.5,10.75,31.0,10.0,0.25,15.5,1.0,1.0,NA,0.0,0.0,0.0,29.25,52.25,1.0,158.0,0.0,0.0,213.75,986.5,NA
2026-05-11 09:00:00,56.0,143.0,3.0,10.25,8.0,30.5,11.0,0.0,20.5,0.75,0.75,NA,0.0,0.0,0.0,30.5,48.0,1.25,142.25,0.0,0.0,324.75,983.0,NA
2026-05-11 10:00:00,46.0,130.0,2.5,8.75,7.0,30.75,17.5,0.0,26.25,0.0,0.25,NA,0.0,0.0,0.0,31.0,46.0,0.25,186.0,0.0,0.0,272.75,981.0,NA
2026-05-11 11:00:00,47.0,122.0,2.0,11.0,7.5,31.25,18.5,0.0,28.5,0.75,1.5,NA,0.0,0.0,0.0,31.0,46.25,0.75,184.0,0.0,0.0,299.75,981.5,NA
2026-05-11 12:00:00,52.0,140.0,3.0,8.25,7.0,32.0,10.5,0.0,31.5,0.75,3.25,NA,0.0,0.0,0.0,31.0,45.5,1.5,155.5,0.0,0.0,299.0,981.75,NA
2026-05-11 13:00:00,51.0,149.0,2.75,8.75,7.0,31.5,9.75,0.0,38.0,3.5,4.0,NA,0.0,0.0,0.0,32.25,43.75,1.5,148.75,0.0,0.0,463.75,978.5,NA
2026-05-11 14:00:00,46.0,138.0,2.25,7.0,6.0,31.5,9.75,0.0,42.25,1.0,2.5,NA,0.0,0.0,0.0,33.0,41.25,0.75,152.25,0.0,0.0,467.75,975.5,NA
2026-05-11 15:00:00,58.0,129.0,2.0,8.25,6.25,32.0,11.0,0.0,48.0,1.0,2.75,NA,0.0,0.0,0.0,32.75,42.0,0.25,166.0,0.0,0.0,270.0,978.0,NA
2026-05-11 16:00:00,62.0,152.0,2.5,8.25,6.5,31.25,11.0,0.0,50.25,1.0,2.75,NA,0.0,0.0,0.0,32.25,43.0,0.0,175.25,0.0,0.0,146.0,979.75,NA
2026-05-11 17:00:00,44.0,149.0,2.5,8.0,7.0,31.0,10.75,0.0,51.0,1.0,4.0,NA,0.0,0.0,0.0,31.75,44.25,0.0,135.75,0.0,0.0,64.75,983.0,NA
2026-05-11 18:00:00,59.0,180.0,2.0,9.75,7.0,30.75,10.0,0.5,42.5,1.0,10.5,NA,0.0,0.0,0.0,31.0,47.25,0.0,160.25,0.0,0.0,27.75,986.0,NA
2026-05-11 19:00:00,67.0,224.0,3.0,19.0,12.25,31.5,11.25,1.0,33.75,1.0,10.5,NA,1.5,0.75,0.0,30.0,49.5,0.0,121.5,0.0,0.0,6.75,988.25,NA
2026-05-11 20:00:00,94.0,291.0,2.75,25.5,16.0,33.75,12.25,1.0,23.5,1.5,11.0,NA,1.5,1.25,0.0,29.0,51.75,0.0,116.0,0.0,0.0,5.25,990.0,NA
2026-05-11 21:00:00,124.0,376.0,2.5,28.25,17.25,35.5,14.0,1.0,15.75,2.75,11.5,NA,1.25,1.75,0.25,29.0,52.75,0.0,111.25,0.0,0.0,5.25,990.0,NA
2026-05-11 22:00:00,111.0,349.0,3.0,21.0,13.75,35.25,17.75,1.0,15.25,2.0,21.75,NA,0.75,1.25,0.25,29.0,53.5,0.0,97.5,0.0,0.0,5.25,990.0,NA
2026-05-11 23:00:00,117.0,293.0,3.0,18.5,12.25,35.25,19.0,1.0,11.25,2.0,31.5,NA,0.5,1.25,0.0,28.0,57.0,0.0,113.25,0.0,0.0,5.25,991.25,NA
2026-05-12 00:00:00,117.0,274.0,3.5,24.75,16.5,35.25,17.5,1.0,5.75,3.0,19.75,NA,0.75,1.25,0.0,27.5,60.5,0.0,124.0,0.0,0.0,5.25,992.0,NA
2026-05-12 01:00:00,125.0,295.0,3.75,28.5,18.5,34.25,14.25,1.0,3.0,3.0,15.5,NA,1.0,1.75,0.0,27.0,62.5,0.0,122.25,0.0,0.0,5.5,993.0,NA
2026-05-12 02:00:00,122.0,263.0,4.0,26.0,17.0,34.0,14.0,1.0,3.0,3.0,13.5,NA,0.5,1.25,0.0,27.0,63.5,0.0,136.25,0.0,0.0,5.5,993.0,NA
2026-05-12 03:00:00,103.0,240.0,3.5,18.5,13.0,32.75,11.67,0.25,5.0,3.0,10.25,NA,0.0,0.75,0.0,27.75,58.75,0.25,147.25,0.0,0.0,5.25,992.25,NA
2026-05-12 04:00:00,58.0,135.0,3.25,16.25,11.5,33.25,9.5,0.0,6.75,1.25,3.25,NA,0.0,0.0,0.0,27.0,59.5,0.0,139.75,0.0,0.0,5.75,992.0,NA
2026-05-12 05:00:00,57.0,128.0,3.0,15.5,11.25,32.0,8.5,0.0,8.0,1.0,2.5,NA,0.0,0.0,0.0,27.0,60.25,0.0,132.75,0.0,0.0,6.5,992.75,NA
2026-05-12 06:00:00,57.0,130.0,3.0,16.33,11.25,32.25,8.75,0.0,10.5,1.0,1.5,NA,0.0,0.0,0.0,27.5,58.5,0.25,145.25,0.0,0.0,25.75,991.75,NA
2026-05-12 07:00:00,66.0,163.0,3.5,17.5,12.5,33.25,9.0,1.0,11.5,1.0,2.25,NA,0.0,0.0,0.0,28.5,55.5,1.0,145.0,0.0,0.0,114.75,989.5,NA
2026-05-12 08:00:00,70.0,177.0,2.75,13.0,9.5,33.25,10.0,0.5,16.25,1.0,1.25,NA,0.0,0.0,0.0,29.5,51.75,2.25,159.0,0.0,0.0,187.5,986.5,NA
2026-05-12 09:00:00,68.0,183.0,2.5,10.75,8.0,32.75,10.25,0.0,22.0,1.0,1.0,NA,0.0,0.0,0.0,30.75,48.0,2.5,156.75,0.0,0.0,334.75,982.75,NA
2026-05-12 10:00:00,61.0,182.0,2.5,8.5,6.33,33.0,12.25,0.0,27.75,2.5,2.5,NA,0.0,0.0,0.0,32.0,44.5,3.0,140.75,0.0,0.0,434.5,979.75,NA
2026-05-12 11:00:00,63.0,213.0,3.0,10.25,7.75,33.0,14.25,0.0,32.0,1.5,2.75,NA,0.0,0.0,0.0,32.25,42.75,4.0,134.0,0.0,0.0,539.0,978.0,NA
2026-05-12 12:00:00,61.0,251.0,3.0,8.25,7.0,33.25,13.0,0.0,34.75,1.0,2.0,NA,0.0,0.0,0.0,33.0,41.75,4.5,138.25,0.0,0.0,564.5,977.0,NA
2026-05-12 13:00:00,51.0,213.0,2.25,6.75,5.75,33.5,12.0,0.0,37.0,0.5,2.5,NA,0.0,0.0,0.0,34.0,39.75,3.0,126.75,0.0,0.0,530.25,975.75,NA
2026-05-12 14:00:00,63.0,232.0,3.0,8.0,7.0,33.25,11.75,0.0,34.75,0.5,2.25,NA,0.0,0.0,0.0,33.0,44.25,4.0,123.75,0.0,0.0,436.25,977.0,NA
2026-05-12 15:00:00,62.0,288.0,3.0,8.0,7.0,31.75,10.0,0.0,34.25,1.0,2.0,NA,0.0,0.0,0.0,32.75,45.0,3.0,113.25,0.0,0.0,267.25,979.25,NA
2026-05-12 16:00:00,61.0,238.0,2.5,8.25,6.5,30.25,10.5,0.0,36.25,0.75,2.75,NA,0.0,0.0,0.0,32.0,45.5,3.25,122.25,0.0,0.0,135.75,981.25,NA
2026-05-12 17:00:00,55.0,207.0,2.0,8.5,6.5,31.0,9.0,0.0,36.0,0.5,2.25,NA,0.0,0.0,0.0,31.75,46.0,3.0,131.75,0.0,0.0,58.75,983.5,NA
2026-05-12 18:00:00,51.0,193.0,2.0,8.75,6.5,31.0,8.25,0.0,34.75,5.25,3.75,NA,0.0,0.0,0.0,31.0,45.75,1.75,133.0,0.0,0.0,32.5,985.25,NA
2026-05-12 19:00:00,48.0,179.0,2.25,10.75,8.0,31.75,8.0,0.5,30.5,7.0,6.5,NA,0.0,0.75,0.0,30.75,48.0,0.75,124.75,0.0,0.0,8.0,986.5,NA
2026-05-12 20:00:00,48.0,190.0,3.0,15.25,10.75,32.5,8.5,1.0,20.5,2.75,6.5,NA,0.0,1.0,0.0,29.75,51.25,0.25,103.25,0.0,0.0,5.0,988.0,NA
2026-05-12 21:00:00,58.0,218.0,3.0,17.75,11.75,32.5,8.5,1.0,13.25,1.25,4.5,NA,0.0,0.75,0.0,29.0,55.5,0.0,125.5,0.0,0.0,5.5,989.5,NA
2026-05-12 22:00:00,77.0,283.0,3.25,27.75,17.5,31.25,11.5,1.0,6.5,1.75,5.75,NA,0.0,1.25,0.0,29.0,57.0,0.0,122.75,0.0,0.0,5.75,990.0,NA
2026-05-12 23:00:00,56.0,189.0,3.25,26.0,16.75,30.25,9.75,1.0,8.0,1.75,7.5,NA,0.5,1.25,0.0,28.5,56.5,0.0,108.5,0.0,0.0,5.5,990.5,NA
2026-05-13 00:00:00,46.0,157.0,3.0,21.25,13.75,30.25,8.25,0.0,8.75,1.0,7.0,NA,0.0,1.0,0.0,28.0,57.0,0.25,137.0,0.0,0.0,5.25,991.25,NA
2026-05-13 01:00:00,55.0,162.0,3.0,17.67,12.0,31.75,14.5,1.0,9.25,1.5,8.25,NA,0.0,0.25,0.0,27.0,61.5,0.5,116.5,0.0,0.0,5.25,992.0,NA
2026-05-13 02:00:00,61.0,156.0,3.0,16.0,11.0,32.0,15.0,0.0,10.5,2.0,4.5,NA,0.0,0.0,0.0,27.25,60.0,0.25,156.5,0.0,0.0,5.0,992.0,NA
2026-05-13 03:00:00,52.0,127.0,2.5,20.0,12.75,31.25,13.0,0.0,10.5,1.0,4.75,NA,0.0,0.0,0.0,27.5,59.25,0.25,152.25,0.0,0.0,5.25,992.25,NA
2026-05-13 04:00:00,58.0,117.0,2.75,19.0,12.5,32.25,8.75,0.0,8.0,1.0,4.25,NA,0.0,0.0,0.0,27.0,62.75,0.25,116.75,0.0,0.0,6.0,993.0,NA
2026-05-13 05:00:00,70.0,147.0,2.75,14.0,9.75,31.75,10.75,1.0,6.75,1.75,4.5,NA,0.0,0.0,0.0,26.0,68.5,0.5,106.0,0.0,0.0,6.75,993.75,NA
2026-05-13 06:00:00,88.0,179.0,3.0,14.5,10.25,30.25,10.75,1.0,4.75,2.0,6.5,NA,0.0,0.0,0.0,26.25,70.5,0.0,115.0,0.0,0.0,37.0,993.25,NA
2026-05-13 07:00:00,101.0,201.0,4.5,18.5,13.5,29.5,12.5,1.0,4.75,2.5,5.25,NA,0.0,0.0,0.0,28.0,60.75,0.25,125.0,0.0,0.0,134.5,990.0,NA
2026-05-13 08:00:00,78.0,163.0,4.0,19.75,14.0,31.5,14.0,1.0,9.75,1.5,3.0,NA,0.0,0.0,0.0,29.0,55.0,1.75,112.5,0.0,0.0,143.5,987.75,NA
2026-05-13 09:00:00,101.0,251.0,3.25,16.25,11.5,32.0,15.5,0.75,9.5,1.5,7.5,NA,0.25,0.5,0.0,28.25,60.25,3.5,106.0,0.0,0.0,133.0,990.0,NA
2026-05-13 10:00:00,69.0,204.0,3.25,8.75,7.25,31.5,14.5,0.0,15.0,0.5,3.75,NA,0.0,0.0,0.0,29.75,46.0,3.0,108.25,0.0,0.0,350.25,985.5,NA
2026-05-13 11:00:00,35.0,143.0,2.5,7.5,6.0,35.25,13.5,0.0,24.5,1.5,19.0,NA,0.0,0.0,0.0,31.5,41.75,3.5,141.0,0.0,0.0,579.5,979.25,NA
2026-05-13 12:00:00,35.0,134.0,2.5,10.25,7.75,35.25,21.0,0.0,34.5,4.5,5.5,NA,0.0,0.0,0.0,32.5,41.5,2.5,123.0,0.0,0.0,602.25,976.75,NA
2026-05-13 13:00:00,45.0,160.0,2.5,8.25,6.75,33.5,20.75,0.0,40.0,1.0,5.75,NA,0.0,0.0,0.0,33.5,39.25,1.75,117.75,0.0,0.0,558.5,975.25,NA
2026-05-13 14:00:00,51.0,194.0,2.25,10.5,7.75,33.25,26.25,0.0,46.25,1.0,5.25,NA,0.0,0.0,0.0,33.75,38.5,1.0,142.25,0.0,0.0,493.0,974.25,NA
2026-05-13 15:00:00,45.0,153.0,2.75,10.5,8.0,31.5,18.0,0.0,51.0,1.0,3.25,NA,0.0,0.0,0.0,33.0,40.0,0.5,129.0,0.0,0.0,303.5,977.25,NA
2026-05-13 16:00:00,55.0,146.0,2.75,8.75,7.0,30.75,15.75,0.0,53.75,1.0,3.0,NA,0.0,0.0,0.0,33.0,39.5,0.0,160.0,0.0,0.0,130.5,979.25,NA
2026-05-13 17:00:00,47.0,155.0,2.0,8.5,6.25,31.0,14.0,0.0,51.75,1.75,4.25,NA,0.0,0.0,0.0,32.25,41.0,0.0,163.25,0.0,0.0,51.0,982.0,NA
2026-05-13 18:00:00,52.0,178.0,3.0,12.5,9.25,31.25,13.25,0.25,45.5,4.25,5.75,NA,0.0,0.25,0.0,31.5,43.5,0.0,143.0,0.0,0.0,19.75,984.75,NA
2026-05-13 19:00:00,69.0,300.0,2.25,26.0,16.0,31.75,12.75,1.0,28.5,3.75,9.0,NA,0.0,1.25,0.0,30.0,48.75,0.0,131.5,0.0,0.0,6.5,988.75,NA
2026-05-13 20:00:00,90.0,299.0,2.25,13.75,9.0,31.25,10.0,0.25,23.5,2.25,13.5,NA,0.5,2.5,0.5,29.25,46.0,2.0,198.0,0.0,0.0,5.0,989.0,NA
2026-05-13 21:00:00,45.0,289.0,2.5,9.75,7.25,30.75,7.5,0.0,20.0,0.25,3.5,NA,0.0,0.0,0.0,28.0,49.5,0.0,186.5,0.0,0.0,5.25,991.5,NA
2026-05-13 22:00:00,44.0,194.0,2.0,14.5,9.5,30.75,7.5,0.0,15.25,1.0,4.0,NA,0.0,0.0,0.0,28.25,49.0,1.25,100.75,0.0,0.0,5.25,991.0,NA
2026-05-13 23:00:00,51.0,256.0,2.25,11.25,7.75,30.5,7.25,0.0,23.0,0.5,21.25,NA,1.0,1.0,0.0,27.0,57.75,2.25,108.5,0.0,0.0,5.0,992.25,NA
2026-05-14 00:00:00,30.0,95.0,2.5,5.25,5.0,29.0,5.5,0.0,23.0,0.0,3.0,NA,0.0,0.0,0.0,26.0,62.0,1.25,100.75,0.0,0.0,5.0,993.5,NA
2026-05-14 01:00:00,34.0,64.0,2.25,5.25,4.75,28.25,5.25,0.0,21.25,0.0,1.0,NA,0.0,0.0,0.0,26.0,62.5,0.25,117.25,0.0,0.0,5.75,994.0,NA
2026-05-14 02:00:00,31.0,56.0,2.0,8.0,7.0,28.0,5.0,0.0,15.0,0.25,4.0,NA,0.0,0.0,0.0,26.0,60.75,0.0,157.5,0.0,0.0,5.75,993.5,NA
2026-05-14 03:00:00,41.0,94.0,2.75,17.25,11.75,28.0,5.67,0.0,11.0,1.0,4.0,NA,0.0,0.0,0.0,26.0,59.0,0.5,218.75,0.0,0.0,5.5,993.25,NA
2026-05-14 04:00:00,35.0,89.0,2.5,18.75,12.0,26.75,4.75,0.0,10.75,0.5,3.75,NA,0.0,0.0,0.0,26.0,61.0,0.5,224.5,0.0,0.0,5.0,993.25,NA
2026-05-14 05:00:00,36.0,101.0,3.0,17.75,11.75,27.0,5.0,0.0,9.0,0.75,3.5,NA,0.0,1.0,0.0,25.25,64.25,0.0,218.75,0.0,0.0,7.0,994.0,NA
2026-05-14 06:00:00,39.0,111.0,3.25,19.0,13.0,27.25,6.5,0.0,9.75,0.0,3.5,NA,0.0,1.0,0.0,25.75,61.5,0.0,199.0,0.0,0.0,40.0,993.75,NA
2026-05-14 07:00:00,46.0,133.0,3.5,20.5,14.25,28.0,10.75,0.0,11.0,0.25,5.75,NA,0.0,1.0,0.0,27.75,55.0,0.0,199.75,0.0,0.0,145.5,990.25,NA
2026-05-14 08:00:00,52.0,160.0,3.5,19.0,12.75,29.25,12.0,0.0,16.0,1.0,7.75,NA,0.0,1.0,0.0,29.75,46.75,0.0,208.0,0.0,0.0,277.25,984.25,NA
2026-05-14 09:00:00,64.0,169.0,2.75,17.0,11.25,55.0,13.25,0.0,21.5,1.0,6.0,NA,0.0,1.0,0.0,31.5,42.25,0.5,205.25,0.0,0.0,420.25,979.75,NA
2026-05-14 10:00:00,90.0,147.0,2.0,17.0,10.5,70.0,10.0,0.0,26.0,1.0,4.0,NA,0.0,0.5,0.0,33.0,40.0,0.0,180.0,0.0,0.0,488.0,977.0,NA
2026-05-14 11:00:00,NA,NA,NA,NA,NA,NA,NA,NA,NA,NA,NA,NA,NA,NA,NA,NA,NA,NA,NA,NA,NA,NA,NA,NA
2026-05-14 12:00:00,NA,NA,NA,NA,NA,NA,NA,NA,NA,NA,NA,NA,NA,NA,NA,NA,NA,NA,NA,NA,NA,NA,NA,NA
2026-05-14 13:00:00,NA,NA,NA,NA,NA,NA,NA,NA,NA,NA,NA,NA,NA,NA,NA,NA,NA,NA,NA,NA,NA,NA,NA,NA
2026-05-14 14:00:00,NA,NA,NA,NA,NA,NA,NA,NA,NA,NA,NA,NA,NA,NA,NA,NA,NA,NA,NA,NA,NA,NA,NA,NA
2026-05-14 15:00:00,90.0,147.0,NA,NA,0.0,NA,NA,NA,NA,NA,NA,NA,NA,NA,NA,NA,NA,NA,NA,NA,NA,NA,NA,NA
2026-05-14 16:00:00,NA,NA,3.0,11.0,6.25,5.0,19.5,0.5,53.0,0.5,9.5,NA,0.0,0.25,0.0,33.5,37.0,0.0,138.5,0.0,0.0,149.0,978.5,NA
2026-05-14 17:00:00,58.0,280.0,3.5,14.25,10.5,30.25,23.75,1.0,58.25,0.75,14.0,NA,0.25,0.5,0.0,32.75,38.75,0.75,102.75,0.0,0.0,57.0,981.25,NA
2026-05-14 18:00:00,58.0,268.0,3.5,13.0,10.25,26.75,23.0,1.0,51.5,0.5,2.75,NA,0.0,0.0,0.0,32.0,40.25,1.0,93.0,0.0,0.0,27.75,983.75,NA
2026-05-14 19:00:00,61.0,272.0,4.0,15.25,11.5,24.25,19.5,1.0,36.5,1.0,2.25,NA,0.0,0.25,0.0,30.5,44.25,0.0,101.0,0.0,0.0,7.75,987.0,NA
2026-05-14 20:00:00,69.0,311.0,4.0,23.0,15.5,24.75,20.25,1.0,22.0,1.0,5.25,NA,0.25,1.5,0.25,30.0,48.0,0.0,128.5,0.0,0.0,5.5,988.0,NA
2026-05-14 21:00:00,97.0,360.0,4.0,23.75,16.0,25.25,20.5,1.0,12.75,2.0,8.75,NA,0.25,1.25,0.0,29.25,51.5,0.0,108.0,0.0,0.0,6.0,989.0,NA
2026-05-14 22:00:00,85.0,353.0,4.25,22.75,15.5,24.0,20.5,1.0,8.25,2.0,10.5,NA,0.0,1.0,0.0,29.0,54.5,0.0,131.75,0.0,0.0,5.25,990.0,NA
2026-05-14 23:00:00,84.0,296.0,4.0,23.75,16.0,22.25,20.0,0.25,8.25,1.75,9.5,NA,0.5,1.25,0.25,29.25,52.25,0.5,188.5,0.0,0.0,5.75,989.25,NA
2026-05-15 00:00:00,64.0,267.0,3.0,8.0,6.75,22.0,16.75,0.0,14.75,0.75,5.75,NA,0.75,1.0,0.0,26.75,59.25,3.0,191.75,0.0,0.0,5.0,992.25,NA
2026-05-15 01:00:00,31.0,213.0,3.0,3.0,4.5,25.0,13.5,0.0,15.5,0.0,4.25,NA,0.0,0.25,0.0,25.0,64.0,3.5,165.25,0.0,0.0,5.0,994.0,NA
2026-05-15 02:00:00,25.0,57.0,3.0,4.0,5.0,27.0,12.0,0.0,16.25,0.0,4.0,NA,0.0,0.0,0.0,26.5,57.75,7.0,136.5,0.0,0.0,5.0,993.0,NA
2026-05-15 03:00:00,31.0,110.0,3.25,2.75,4.25,25.5,9.25,0.0,15.0,0.0,2.75,NA,0.0,0.0,0.0,26.0,60.5,6.25,130.0,0.0,0.0,5.0,993.5,NA
2026-05-15 04:00:00,39.0,119.0,3.0,6.75,6.75,23.75,7.0,NA,20.5,0.0,2.25,NA,0.0,0.0,0.0,27.0,49.75,1.75,102.75,0.0,0.0,5.0,992.0,NA
2026-05-15 05:00:00,59.0,97.0,3.0,13.5,10.0,26.25,11.25,NA,18.25,0.0,8.5,NA,0.0,0.0,0.0,26.75,50.0,0.25,111.75,0.0,0.0,6.0,992.25,NA
2026-05-15 06:00:00,28.0,47.0,3.5,16.0,11.25,25.25,6.75,0.0,9.25,0.0,6.5,NA,0.0,0.0,0.0,25.5,60.5,0.0,200.75,0.0,0.0,38.0,994.0,NA
2026-05-15 07:00:00,44.0,85.0,5.25,22.0,16.0,24.5,8.0,0.0,6.75,1.0,6.75,NA,0.0,0.0,0.0,28.0,53.75,0.0,223.5,0.0,0.0,159.0,990.0,NA
2026-05-15 08:00:00,59.0,124.0,5.75,20.5,16.0,22.75,12.25,0.0,8.75,1.0,11.0,NA,0.0,0.0,0.0,30.5,47.5,0.0,226.25,0.0,0.0,303.0,983.0,NA
2026-05-15 09:00:00,78.0,155.0,4.0,15.25,11.5,21.75,23.25,0.0,18.0,0.75,11.5,NA,0.0,0.0,0.0,31.5,42.0,0.5,187.25,0.0,0.0,435.25,979.0,NA
2026-05-15 10:00:00,68.0,196.0,4.25,12.0,10.5,22.5,24.25,0.0,26.25,0.5,2.25,NA,0.0,0.0,0.0,32.75,38.5,0.0,195.0,0.0,0.0,557.25,975.75,NA
2026-05-15 11:00:00,40.0,133.0,3.25,10.75,8.5,25.0,34.67,0.0,37.75,0.0,2.0,NA,0.0,0.0,0.0,34.0,37.0,0.0,195.25,0.0,0.0,613.75,974.0,NA
2026-05-15 12:00:00,45.0,162.0,3.0,10.5,8.0,24.5,4.0,0.0,39.5,0.0,2.5,NA,0.0,0.75,0.0,34.0,35.75,0.75,183.5,0.0,0.0,617.25,973.75,NA
2026-05-15 13:00:00,40.0,119.0,4.33,7.0,7.0,23.0,19.67,0.0,33.0,0.0,4.5,NA,0.0,0.0,0.0,35.0,35.0,0.75,206.0,0.0,0.0,606.75,972.75,NA
2026-05-15 14:00:00,14.0,99.0,4.75,6.25,7.0,22.5,18.25,0.0,35.25,0.0,1.75,NA,0.0,0.0,0.0,34.5,35.0,1.25,187.25,0.0,0.0,555.25,973.5,NA
2026-05-15 15:00:00,27.0,114.0,4.75,5.53,6.75,21.73,17.9,0.35,41.28,0.38,6.98,NA,0.03,0.23,0.0,36.15,36.25,2.5,195.5,0.0,0.0,321.0,985.0,NA
2026-05-15 16:00:00,NA,NA,4.3,5.7,6.5,20.53,19.05,0.49,44.6,0.35,6.75,NA,0.13,0.5,0.13,36.58,36.75,1.9,189.25,0.0,0.0,117.75,989.5,NA
2026-05-15 17:00:00,44.0,174.0,4.45,5.13,6.35,20.38,18.85,0.47,43.68,0.58,28.1,NA,0.7,1.58,0.48,36.03,35.75,2.03,168.25,0.0,0.0,47.75,991.75,NA
2026-05-15 18:00:00,35.0,168.0,4.3,9.7,8.65,21.63,18.33,0.56,38.43,0.85,49.83,NA,2.3,4.05,1.33,35.13,38.75,0.75,114.0,0.0,0.0,26.25,990.25,NA
2026-05-15 19:00:00,46.0,188.0,4.33,25.85,17.25,21.68,21.6,0.77,29.08,1.48,77.83,NA,4.0,10.13,3.55,33.48,44.5,0.3,126.75,0.0,0.0,7.25,988.5,NA
2026-05-15 20:00:00,61.0,177.0,5.0,29.48,19.75,22.13,23.1,1.06,19.13,1.58,13.88,NA,0.15,1.33,0.22,31.43,50.75,0.3,154.25,0.0,0.0,5.25,991.75,NA
2026-05-15 21:00:00,97.0,229.0,8.25,40.13,28.3,21.55,24.13,1.7,8.68,3.55,6.15,NA,2.05,4.28,1.3,30.7,54.25,0.3,193.75,0.0,0.0,5.25,992.75,NA
2026-05-15 22:00:00,141.0,372.0,10.8,53.55,37.25,23.08,23.33,1.45,3.57,3.25,32.6,NA,4.05,6.77,1.8,30.2,57.75,0.3,274.0,0.0,0.0,5.0,993.0,NA
2026-05-15 23:00:00,102.0,280.0,6.13,39.9,26.25,22.85,23.9,1.2,4.53,2.2,73.52,NA,5.33,9.0,1.48,29.7,57.75,0.3,266.25,0.0,0.0,5.0,993.75,NA
2026-05-16 00:00:00,119.0,250.0,5.23,31.08,20.8,23.98,25.65,0.95,5.7,2.03,71.35,NA,5.25,10.98,4.15,29.4,56.0,0.3,120.25,0.0,0.0,5.0,994.0,NA
2026-05-16 01:00:00,103.0,205.0,6.1,35.9,24.05,26.73,23.85,0.94,3.6,1.83,47.4,NA,1.7,7.2,2.25,28.8,60.25,0.3,252.75,0.0,0.0,5.0,994.5,NA
2026-05-16 02:00:00,97.0,197.0,6.1,33.0,22.5,27.0,25.0,0.81,3.45,1.78,32.88,NA,1.08,3.65,1.55,28.53,59.5,0.3,253.5,0.0,0.0,5.0,995.0,NA
2026-05-16 03:00:00,184.0,357.0,5.28,30.85,20.68,26.98,31.8,0.89,3.63,1.98,53.3,NA,1.6,3.18,1.1,28.0,60.75,0.3,234.25,0.0,0.0,5.0,995.0,NA
2026-05-16 04:00:00,150.0,263.0,4.88,27.28,18.5,26.33,36.9,0.92,3.6,1.2,32.33,NA,0.4,8.43,2.0,27.93,60.75,0.3,238.75,0.0,0.0,5.0,995.0,NA
2026-05-16 05:00:00,229.0,376.0,5.73,26.95,18.98,26.5,47.38,0.86,3.4,1.23,18.35,NA,0.63,3.08,1.3,27.53,62.0,0.3,231.5,0.0,0.0,6.75,995.0,NA
2026-05-16 06:00:00,201.0,334.0,6.13,26.1,18.83,25.8,58.72,0.96,4.0,1.48,6.2,NA,0.5,2.0,0.63,27.93,61.5,0.3,225.5,0.0,0.0,45.0,994.75,NA
2026-05-16 07:00:00,234.0,384.0,6.68,22.55,17.45,25.2,52.53,0.97,4.75,2.88,7.08,NA,0.9,1.5,0.53,31.38,52.75,0.3,224.5,0.0,0.0,156.0,990.0,NA
2026-05-16 08:00:00,172.0,284.0,5.33,13.4,11.43,23.78,42.78,0.7,10.28,1.55,4.73,NA,0.13,0.63,0.23,34.63,43.0,0.3,232.0,0.0,0.0,294.5,982.25,NA
2026-05-16 09:00:00,94.0,171.0,4.53,13.55,10.93,23.13,40.73,0.66,21.33,1.13,4.95,NA,0.08,0.33,0.1,36.45,38.5,0.45,201.5,0.0,0.0,436.0,977.5,NA
2026-05-16 10:00:00,92.0,174.0,4.23,12.85,10.23,24.23,42.15,0.55,36.23,0.95,5.33,NA,0.08,0.93,0.18,37.33,36.0,1.0,198.75,0.0,0.0,541.25,975.5,NA
2026-05-16 11:00:00,56.0,121.0,4.03,7.65,7.33,25.1,26.93,0.45,41.0,0.53,7.3,NA,0.0,0.3,0.08,38.13,34.0,1.35,189.5,0.0,0.0,609.75,974.25,NA
2026-05-16 12:00:00,55.0,150.0,4.4,7.03,7.3,25.0,24.28,0.39,42.28,0.55,9.2,NA,0.05,0.5,0.13,38.6,33.0,1.8,194.25,0.0,0.0,637.5,973.75,NA
2026-05-16 13:00:00,44.0,110.0,4.2,4.35,5.7,24.23,17.6,0.28,39.85,0.48,13.4,NA,0.0,0.15,0.03,39.23,31.25,1.78,187.5,0.0,0.0,624.5,973.0,NA
2026-05-16 14:00:00,33.0,95.0,4.4,4.1,5.78,21.78,15.85,0.25,36.15,0.25,3.8,NA,0.03,0.08,0.0,39.18,30.75,1.65,209.0,0.0,0.0,560.75,973.25,NA
2026-05-16 15:00:00,27.0,105.0,3.8,3.03,4.7,19.33,14.13,0.26,35.55,0.2,2.35,NA,0.0,0.1,0.0,38.03,31.0,2.05,201.75,0.0,0.0,303.75,976.0,NA
2026-05-16 16:00:00,31.0,164.0,3.78,3.33,4.83,17.83,14.18,0.24,39.38,0.25,6.13,NA,0.08,0.4,0.15,37.6,31.5,2.25,191.75,0.0,0.0,98.5,978.25,NA
2026-05-16 17:00:00,33.0,150.0,4.98,3.35,5.83,16.6,13.33,0.25,37.8,0.43,7.88,NA,0.1,0.63,0.18,36.95,32.5,1.7,194.0,0.0,0.0,47.75,980.5,NA
2026-05-16 18:00:00,34.0,119.0,4.18,5.53,6.33,17.08,13.28,0.27,32.6,0.35,5.78,NA,0.05,0.3,0.05,36.05,34.25,0.78,201.75,0.0,0.0,26.75,983.0,NA
2026-05-16 19:00:00,35.0,168.0,4.33,12.35,10.08,18.38,15.0,0.46,26.15,0.53,4.88,NA,0.18,0.65,0.22,34.23,38.5,0.33,256.25,0.0,0.0,7.25,987.0,NA
2026-05-16 20:00:00,51.0,186.0,4.25,29.38,19.1,20.25,18.08,0.7,15.8,0.93,10.08,NA,0.43,1.3,0.3,32.33,42.75,0.3,260.5,0.0,0.0,5.0,990.5,NA
2026-05-16 21:00:00,75.0,245.0,4.5,31.7,20.5,22.8,21.83,0.79,14.8,1.9,13.35,NA,1.88,2.9,0.88,32.03,44.25,0.3,247.0,0.0,0.0,5.0,991.0,NA
2026-05-16 22:00:00,80.0,229.0,4.23,28.68,18.7,24.68,25.28,0.9,11.38,1.2,17.4,NA,1.38,6.7,1.4,31.35,46.0,0.3,258.0,0.0,0.0,5.0,991.75,NA
2026-05-16 23:00:00,101.0,274.0,4.88,25.28,17.4,24.48,29.7,0.7,15.9,1.28,19.28,NA,3.48,9.75,2.43,31.95,44.25,0.93,220.5,0.0,0.0,5.0,990.75,NA
2026-05-17 00:00:00,81.0,230.0,3.78,15.35,11.23,23.93,27.6,0.7,17.08,0.95,22.8,NA,1.1,1.4,0.5,31.43,46.0,0.3,223.0,0.0,0.0,5.0,991.75,NA
2026-05-17 01:00:00,77.0,191.0,4.33,13.23,10.55,24.68,23.53,0.68,13.93,0.8,7.07,NA,0.15,0.65,0.18,30.15,50.0,0.3,236.75,0.0,0.0,5.0,993.25,NA
2026-05-17 02:00:00,67.0,189.0,4.4,12.8,10.4,25.4,21.6,0.69,10.95,0.7,5.45,NA,0.38,1.55,0.35,29.3,53.0,0.3,247.0,0.0,0.0,5.5,994.0,NA
2026-05-17 03:00:00,134.0,290.0,4.45,16.8,12.58,26.7,33.33,0.76,8.35,0.9,3.63,NA,0.28,0.93,0.33,28.85,55.0,0.3,253.0,0.0,0.0,5.0,994.0,NA
2026-05-17 04:00:00,160.0,324.0,4.4,17.17,12.65,26.25,56.83,0.8,6.5,1.05,9.95,NA,0.35,0.73,0.28,28.53,56.75,0.3,255.25,0.0,0.0,5.25,994.75,NA
2026-05-17 05:00:00,164.0,335.0,4.68,19.45,14.15,26.6,54.88,0.82,5.05,1.25,3.33,NA,0.3,0.67,0.23,28.18,58.25,0.3,211.0,0.0,0.0,7.0,995.0,NA
2026-05-17 06:00:00,160.0,324.0,4.9,19.53,14.38,26.45,65.7,0.89,5.85,1.15,9.5,NA,0.35,0.53,0.13,28.58,58.0,0.3,233.25,0.0,0.0,43.0,994.25,NA
2026-05-17 07:00:00,151.0,316.0,6.25,19.13,15.25,26.28,63.75,0.94,6.63,1.7,4.0,NA,0.13,0.53,0.08,31.38,51.75,0.3,235.75,0.0,0.0,147.75,989.75,NA
2026-05-17 08:00:00,163.0,320.0,5.75,13.1,11.65,25.1,40.13,0.77,14.38,1.55,2.58,NA,0.15,0.3,0.03,34.8,42.0,0.43,223.75,0.0,0.0,290.25,982.0,NA
2026-05-17 09:00:00,66.0,175.0,4.55,7.5,7.68,25.55,25.43,0.58,31.08,0.75,1.85,NA,0.0,0.1,0.0,36.6,35.75,1.5,185.0,0.0,0.0,423.5,977.5,NA
2026-05-17 10:00:00,47.0,161.0,4.38,5.6,6.52,27.85,22.93,0.5,36.88,0.58,7.28,NA,0.03,0.13,0.0,38.33,34.0,1.15,193.5,0.0,0.0,532.5,974.5,NA
2026-05-17 11:00:00,50.0,160.0,4.45,3.55,5.53,26.85,21.98,0.44,36.88,0.35,19.65,NA,0.03,0.13,0.0,38.95,33.0,1.58,198.75,0.0,0.0,603.0,973.75,NA
2026-05-17 12:00:00,38.0,178.0,3.85,2.6,4.5,25.55,19.9,0.38,32.88,0.25,2.78,NA,0.0,0.03,0.0,39.75,32.0,1.43,226.0,0.0,0.0,627.25,973.0,NA
2026-05-17 13:00:00,23.0,168.0,4.25,2.28,4.65,23.8,16.85,0.38,30.15,0.2,2.55,NA,0.0,0.03,0.0,39.9,32.0,2.18,215.0,0.0,0.0,597.0,973.0,NA
2026-05-17 14:00:00,40.0,222.0,4.28,1.95,4.53,22.65,15.38,0.32,29.28,0.18,1.18,NA,0.0,0.1,0.0,39.6,32.25,2.18,211.0,0.0,0.0,473.25,973.25,NA
2026-05-17 15:00:00,31.0,244.0,4.5,1.93,4.65,21.68,14.0,0.3,29.73,0.13,0.8,NA,0.0,0.08,0.0,38.58,33.25,1.68,217.75,0.0,0.0,210.75,975.75,NA
2026-05-17 16:00:00,28.0,193.0,4.03,1.75,4.18,20.9,14.15,0.3,32.7,0.13,0.68,NA,0.0,0.03,0.0,38.15,33.5,1.78,212.25,0.0,0.0,100.75,977.5,NA
2026-05-17 17:00:00,22.0,180.0,4.23,2.63,4.83,21.4,14.9,0.3,38.75,0.2,0.9,NA,0.0,0.03,0.0,37.85,33.0,2.45,198.75,0.0,0.0,54.5,978.75,NA
2026-05-17 18:00:00,42.0,217.0,4.03,4.85,5.85,21.58,14.67,0.36,38.88,0.4,7.48,NA,0.05,0.38,0.08,37.2,34.0,1.08,198.75,0.0,0.0,27.5,980.5,NA
2026-05-17 19:00:00,39.0,196.0,4.33,11.05,9.38,22.23,15.5,0.53,29.98,0.65,15.23,NA,0.2,0.93,0.28,35.25,38.25,0.35,211.25,0.0,0.0,7.25,985.25,NA
2026-05-17 20:00:00,42.0,218.0,4.1,18.55,13.2,23.33,18.98,0.79,23.03,1.43,25.35,NA,1.38,3.05,1.08,34.1,40.0,1.05,190.25,0.0,0.0,5.0,987.5,NA
2026-05-17 21:00:00,70.0,282.0,4.15,16.68,12.25,21.93,17.73,0.57,24.35,1.6,25.13,NA,3.5,3.53,1.48,35.08,37.25,1.48,183.0,0.0,0.0,5.0,985.25,NA
2026-05-17 22:00:00,48.0,245.0,4.5,12.58,10.4,21.58,14.93,0.54,22.15,1.0,9.43,NA,2.23,1.9,0.58,34.0,39.5,0.6,185.5,0.0,0.0,5.0,987.5,NA
2026-05-17 23:00:00,48.0,204.0,4.45,13.15,10.63,21.7,14.83,0.53,16.18,0.88,13.2,NA,0.75,1.28,0.43,32.18,44.5,0.3,252.0,0.0,0.0,5.25,990.5,NA
2026-05-18 00:00:00,45.0,188.0,4.5,14.35,11.23,21.35,19.3,0.72,12.15,0.93,4.68,NA,0.22,0.93,0.1,31.03,48.0,0.3,267.0,0.0,0.0,5.0,992.25,NA
2026-05-18 01:00:00,94.0,212.0,4.48,19.75,14.15,21.63,25.53,0.74,9.43,0.95,4.8,NA,0.43,0.78,0.23,30.2,50.5,0.3,258.25,0.0,0.0,5.0,993.0,NA
2026-05-18 02:00:00,63.0,195.0,4.3,14.8,11.4,21.5,26.0,0.71,9.65,0.67,2.3,NA,0.03,0.5,0.05,29.35,52.75,0.3,246.0,0.0,0.0,5.0,994.0,NA
2026-05-18 03:00:00,134.0,287.0,4.65,14.8,11.7,22.1,52.6,0.78,8.23,1.4,1.9,NA,0.0,0.28,0.0,28.5,56.0,0.3,221.75,0.0,0.0,5.0,994.75,NA
2026-05-18 04:00:00,85.0,207.0,4.45,14.78,11.48,20.38,46.38,0.73,5.73,1.1,3.05,NA,0.08,0.38,0.03,28.05,58.25,0.3,254.5,0.0,0.0,5.25,995.0,NA
2026-05-18 05:00:00,110.0,232.0,4.63,18.75,13.78,21.2,74.28,0.84,4.2,1.68,7.75,NA,0.15,0.8,0.23,27.83,60.0,0.33,227.0,0.0,0.0,7.25,995.0,NA
2026-05-18 06:00:00,134.0,290.0,5.0,17.7,13.4,21.83,50.4,0.82,5.5,2.05,6.08,NA,0.33,0.63,0.05,28.73,58.0,0.3,225.75,0.0,0.0,47.5,994.0,NA
2026-05-18 07:00:00,130.0,279.0,5.95,17.85,14.35,22.22,55.78,0.91,7.78,1.85,6.13,NA,0.18,0.4,0.03,31.63,50.5,0.35,235.5,0.0,0.0,163.5,989.0,NA
2026-05-18 08:00:00,123.0,284.0,4.88,11.65,10.18,20.9,40.95,0.76,14.7,1.7,5.7,NA,0.1,0.4,0.05,35.0,42.75,0.48,226.75,0.0,0.0,310.75,981.25,NA
2026-05-18 09:00:00,61.0,185.0,4.58,7.48,7.7,19.98,27.48,0.61,21.98,0.88,1.5,NA,0.08,0.65,0.1,37.05,38.75,0.8,207.75,0.0,0.0,452.0,976.0,NA
2026-05-18 10:00:00,38.0,162.0,4.3,4.75,6.03,20.33,23.18,0.52,27.75,0.53,1.78,NA,0.0,0.1,0.0,38.8,34.75,1.2,216.0,0.0,0.0,565.5,974.0,NA
2026-05-18 11:00:00,38.0,155.0,3.98,3.55,5.1,22.53,20.2,0.48,33.15,0.4,1.6,NA,0.0,0.1,0.0,39.57,33.25,1.23,218.0,0.0,0.0,626.5,973.0,NA
2026-05-18 12:00:00,25.0,138.0,4.28,3.05,5.1,24.28,18.98,0.46,37.35,0.4,1.63,NA,0.0,0.1,0.0,40.13,31.5,1.65,196.0,0.0,0.0,650.75,972.25,NA
2026-05-18 13:00:00,27.0,153.0,4.3,2.4,4.75,23.83,17.38,0.44,38.83,0.4,3.28,NA,0.03,0.2,0.05,40.35,31.25,2.25,189.25,0.0,0.0,620.75,972.25,NA
2026-05-18 14:00:00,29.0,177.0,4.13,2.78,4.83,22.03,16.43,0.42,38.23,0.38,5.95,NA,0.03,0.23,0.03,40.2,31.5,2.58,190.0,0.0,0.0,541.0,972.5,NA
2026-05-18 15:00:00,29.0,205.0,4.23,2.25,4.63,20.75,15.63,0.43,33.08,0.3,7.65,NA,0.1,0.25,0.05,39.73,33.0,1.88,198.5,0.0,0.0,286.5,974.0,NA
2026-05-18 16:00:00,29.0,260.0,4.05,2.13,4.43,19.2,15.88,0.4,32.48,0.3,4.63,NA,0.0,0.25,0.03,39.65,31.75,2.65,197.0,0.0,0.0,95.25,975.25,NA
2026-05-18 17:00:00,30.0,241.0,3.6,2.68,4.35,18.88,14.73,0.37,30.9,0.3,5.58,NA,0.03,0.43,0.05,39.4,31.0,2.18,199.0,0.0,0.0,52.75,976.5,NA
2026-05-18 18:00:00,35.0,222.0,4.07,5.35,6.18,18.28,14.2,0.42,27.93,0.38,3.98,NA,0.08,0.33,0.08,38.38,32.0,0.8,211.75,0.0,0.0,28.25,978.5,NA
2026-05-18 19:00:00,38.0,254.0,4.5,9.9,8.93,17.58,14.83,0.5,22.05,0.53,4.55,NA,0.93,2.83,0.65,36.1,35.0,0.33,250.0,0.0,0.0,7.25,983.25,NA
2026-05-18 20:00:00,45.0,273.0,4.3,27.33,18.03,17.55,26.95,0.88,11.08,0.7,3.7,NA,1.25,4.13,0.88,34.18,38.25,0.3,251.25,0.0,0.0,5.0,987.25,NA
2026-05-18 21:00:00,94.0,396.0,4.5,28.78,18.98,17.9,32.2,0.88,8.13,1.48,4.9,NA,1.8,6.28,0.55,33.45,38.25,0.3,243.0,0.0,0.0,5.0,989.0,NA
2026-05-18 22:00:00,92.0,404.0,3.58,15.8,11.33,16.88,18.88,0.55,12.88,1.38,4.45,NA,1.53,4.8,1.38,33.38,36.5,0.33,222.25,0.0,0.0,5.0,989.0,NA
2026-05-18 23:00:00,52.0,243.0,4.1,11.48,9.45,15.48,21.35,0.49,15.13,1.1,8.13,NA,0.18,1.63,0.5,34.15,34.5,1.05,201.5,0.0,0.0,5.0,987.5,NA
2026-05-19 00:00:00,55.0,226.0,3.98,12.7,10.03,14.28,24.3,0.54,9.83,1.08,8.1,NA,0.25,1.28,0.4,31.98,39.0,0.3,260.75,0.0,0.0,5.0,991.25,NA
2026-05-19 01:00:00,79.0,245.0,4.3,19.73,13.98,14.48,28.75,0.59,7.4,0.98,8.58,NA,0.28,1.05,0.3,30.88,42.0,0.3,234.25,0.0,0.0,5.25,992.25,NA
2026-05-19 02:00:00,68.0,230.0,4.1,16.2,12.0,14.9,48.2,0.58,7.03,0.8,8.35,NA,0.25,1.47,0.28,30.73,41.5,0.3,227.0,0.0,0.0,5.0,992.0,NA
2026-05-19 03:00:00,97.0,283.0,3.82,20.9,14.23,17.23,34.27,0.6,6.25,1.45,19.38,NA,0.45,0.8,0.28,30.58,42.0,0.33,236.25,0.0,0.0,5.0,992.75,NA
2026-05-19 04:00:00,110.0,307.0,4.07,20.08,13.95,16.85,53.8,0.68,7.25,1.53,17.83,NA,0.45,0.6,0.25,30.35,43.0,0.3,241.0,0.0,0.0,5.0,992.75,NA
2026-05-19 05:00:00,139.0,328.0,3.88,17.58,12.48,16.58,95.53,0.68,6.2,1.8,8.43,NA,0.15,0.73,0.08,29.68,44.5,0.3,230.75,0.0,0.0,7.0,993.5,NA
2026-05-19 06:00:00,101.0,283.0,6.35,24.08,17.95,16.48,101.15,0.79,4.45,1.7,7.5,NA,0.1,0.6,0.05,29.93,46.5,0.3,229.5,0.0,0.0,42.25,993.0,NA
2026-05-19 07:00:00,119.0,324.0,7.77,25.7,20.03,18.7,89.45,0.95,6.38,2.33,11.23,NA,0.23,0.8,0.05,32.43,43.25,0.33,230.25,0.0,0.0,146.75,988.0,NA
2026-05-19 08:00:00,122.0,359.0,5.23,15.85,12.65,20.75,43.78,0.63,14.18,2.23,9.45,NA,0.15,0.53,0.08,36.2,34.75,0.45,231.0,0.0,0.0,295.0,979.25,NA
2026-05-19 09:00:00,69.0,256.0,4.23,7.45,7.43,19.75,22.9,0.42,20.0,1.05,2.2,NA,0.0,0.1,0.0,38.53,30.5,1.05,219.5,0.0,0.0,435.75,975.0,NA
2026-05-19 10:00:00,56.0,279.0,4.6,4.73,6.25,16.35,19.1,0.36,25.53,0.67,1.67,NA,0.03,0.25,0.05,40.08,28.5,1.45,207.5,0.0,0.0,553.0,973.0,NA
2026-05-19 11:00:00,41.0,298.0,4.38,3.45,5.38,13.83,16.85,0.32,29.6,0.53,4.35,NA,0.1,0.4,0.15,40.78,27.5,2.72,191.5,0.0,0.0,630.5,972.5,NA
2026-05-19 12:00:00,41.0,321.0,4.28,2.73,4.93,13.25,15.28,0.27,31.9,0.4,6.9,NA,0.05,0.33,0.08,41.53,26.75,2.73,184.5,0.0,0.0,657.25,971.75,NA
2026-05-19 13:00:00,38.0,249.0,4.33,2.25,4.7,13.78,12.98,0.21,29.73,0.33,5.7,NA,0.05,0.35,0.1,42.23,26.0,1.75,198.75,0.0,0.0,650.0,971.0,NA
2026-05-19 14:00:00,24.0,140.0,4.33,2.3,4.78,14.3,12.55,0.23,31.2,0.23,1.03,NA,0.0,0.13,0.0,41.8,25.5,1.63,207.25,0.0,0.0,578.5,971.25,NA
2026-05-19 15:00:00,17.0,161.0,4.18,3.58,5.28,14.68,12.98,0.25,35.8,0.18,4.08,NA,0.03,0.38,0.08,40.55,26.5,2.08,195.0,0.0,0.0,289.75,973.25,NA
2026-05-19 16:00:00,33.0,172.0,4.3,2.55,4.83,14.75,13.63,0.26,36.2,0.4,15.13,NA,0.1,1.1,0.38,39.98,27.25,1.25,205.5,0.0,0.0,82.75,975.25,NA
2026-05-19 17:00:00,24.0,140.0,4.03,2.9,4.85,14.63,13.2,0.25,32.6,0.18,2.0,NA,0.03,0.1,0.08,39.15,28.25,0.98,229.75,0.0,0.0,50.5,977.0,NA
2026-05-19 18:00:00,22.0,133.0,4.0,4.93,5.83,14.88,14.03,0.31,29.0,0.2,6.23,NA,0.08,0.75,0.23,37.58,30.5,0.38,220.75,0.0,0.0,27.5,980.25,NA
2026-05-19 19:00:00,24.0,156.0,4.18,21.23,14.73,15.33,17.2,0.64,19.0,0.38,3.7,NA,0.08,0.3,0.08,35.1,34.0,0.3,290.0,0.0,0.0,7.5,986.0,NA
2026-05-19 20:00:00,74.0,357.0,5.68,45.58,28.88,19.53,56.18,1.17,7.73,2.38,15.02,NA,2.7,10.7,3.18,33.45,37.5,0.3,238.25,0.0,0.0,5.0,989.0,NA
2026-05-19 21:00:00,107.0,423.0,10.33,46.03,32.8,18.63,76.5,1.41,5.9,3.25,9.85,NA,0.83,2.98,0.58,32.78,38.5,0.3,143.0,0.0,0.0,5.0,990.0,NA
2026-05-19 22:00:00,119.0,429.0,7.08,44.18,29.25,19.65,57.8,1.28,4.1,3.05,26.9,NA,3.1,7.75,2.85,32.38,39.0,0.3,264.0,0.0,0.0,5.0,990.75,NA
2026-05-19 23:00:00,111.0,320.0,8.2,45.0,30.6,17.68,49.1,1.13,3.25,2.35,17.28,NA,4.18,11.63,3.93,31.73,40.75,0.3,241.5,0.0,0.0,5.0,991.5,NA
2026-05-20 00:00:00,121.0,309.0,6.68,37.43,25.33,17.75,59.08,0.9,4.08,2.08,12.68,NA,7.53,11.28,3.03,31.33,41.5,0.3,231.0,0.0,0.0,5.0,992.0,NA
2026-05-20 01:00:00,106.0,249.0,4.6,30.68,20.1,17.1,107.15,0.74,5.53,1.75,11.1,NA,1.17,2.93,0.73,30.6,42.0,0.3,218.75,0.0,0.0,5.25,993.0,NA
2026-05-20 02:00:00,94.0,224.0,4.0,26.5,17.3,16.3,59.2,0.64,6.93,1.28,9.58,NA,0.8,1.43,0.55,30.3,42.25,0.3,214.0,0.0,0.0,5.25,993.0,NA
2026-05-20 03:00:00,91.0,226.0,3.97,25.03,16.55,16.75,70.93,0.63,6.2,1.55,11.43,NA,0.3,1.65,0.43,30.0,43.25,0.3,263.25,0.0,0.0,5.0,993.25,NA
2026-05-20 04:00:00,111.0,246.0,4.38,23.53,16.08,16.1,52.78,0.59,6.23,1.48,7.2,NA,0.1,1.13,0.3,29.63,44.25,0.3,235.25,0.0,0.0,5.0,993.75,NA
2026-05-20 05:00:00,101.0,230.0,3.83,25.28,16.6,16.48,64.7,0.58,5.0,1.35,4.25,NA,0.18,0.7,0.22,29.03,45.75,0.3,227.5,0.0,0.0,7.25,994.0,NA
2026-05-20 06:00:00,99.0,249.0,7.1,31.0,22.3,16.83,75.0,0.79,4.33,1.53,6.33,NA,0.28,0.8,0.28,29.53,46.75,0.3,221.75,0.0,0.0,45.75,993.25,NA
2026-05-20 07:00:00,128.0,331.0,7.63,27.88,21.03,18.55,88.73,0.96,7.65,2.68,5.45,NA,0.13,0.98,0.15,32.75,43.25,0.3,248.75,0.0,0.0,161.25,987.25,NA
2026-05-20 08:00:00,123.0,271.0,5.03,13.58,11.3,18.55,39.4,0.57,14.13,2.43,2.98,NA,0.15,1.23,0.28,36.0,36.0,0.53,232.5,0.0,0.0,309.5,979.75,NA
2026-05-20 09:00:00,62.0,260.0,4.3,8.08,7.78,19.05,25.8,0.41,16.4,1.7,0.98,NA,0.0,0.3,0.03,38.13,34.75,0.98,216.75,0.0,0.0,448.5,975.0,NA
2026-05-20 10:00:00,44.0,206.0,4.23,4.53,5.85,18.18,21.7,0.4,17.9,0.9,9.05,NA,0.0,0.13,0.0,39.7,33.25,1.28,222.0,0.0,0.0,563.5,973.25,NA
2026-05-20 11:00:00,53.0,542.0,3.95,2.23,4.4,17.65,17.43,0.28,22.25,0.73,23.28,NA,0.77,0.95,0.9,40.85,30.75,1.13,192.25,0.0,0.0,639.0,972.0,NA
2026-05-20 12:00:00,28.0,143.0,4.15,1.65,4.23,17.5,14.92,0.3,26.38,0.43,14.55,NA,0.4,0.9,0.48,41.75,28.5,1.0,215.0,0.0,0.0,669.25,971.25,NA
2026-05-20 13:00:00,34.0,217.0,3.9,1.4,3.93,16.45,13.35,0.21,29.85,0.38,5.9,NA,0.22,0.93,0.08,42.23,28.0,0.77,200.5,0.0,0.0,630.25,971.0,NA
2026-05-20 14:00:00,24.0,101.0,4.43,1.13,4.2,14.53,13.0,0.19,29.63,0.28,2.22,NA,0.0,0.05,0.03,41.63,28.25,1.35,208.75,0.0,0.0,547.75,971.25,NA
2026-05-20 15:00:00,24.0,172.0,3.73,1.4,3.8,13.0,12.65,0.19,30.05,0.2,1.88,NA,0.0,0.15,0.03,40.23,29.0,1.88,203.25,0.0,0.0,300.5,973.25,NA
2026-05-20 16:00:00,22.0,121.0,3.78,2.23,4.25,12.93,12.45,0.19,32.63,0.2,1.08,NA,0.0,0.08,0.0,39.6,29.5,1.58,212.25,0.0,0.0,77.5,975.5,NA
2026-05-20 17:00:00,22.0,107.0,3.72,4.43,5.35,12.88,11.9,0.25,30.4,0.25,1.67,NA,0.0,0.1,0.0,38.83,30.75,0.9,224.75,0.0,0.0,45.5,977.5,NA
2026-05-20 18:00:00,28.0,118.0,3.85,5.63,6.13,13.05,12.0,0.3,26.65,0.23,1.38,NA,0.1,0.1,0.2,37.53,32.75,0.38,226.75,0.0,0.0,26.5,980.5,NA
2026-05-20 19:00:00,31.0,153.0,4.05,26.7,17.45,13.68,12.65,0.58,15.55,0.3,2.33,NA,0.1,0.25,0.08,35.35,36.25,0.3,225.0,0.0,0.0,7.5,985.25,NA
2026-05-20 20:00:00,55.0,280.0,4.15,25.63,17.03,14.83,14.08,0.7,14.2,1.03,12.95,NA,0.75,0.98,0.6,34.55,35.5,0.3,219.0,0.0,0.0,5.0,987.0,NA
2026-05-20 21:00:00,50.0,230.0,3.58,20.18,13.65,14.2,14.75,0.57,16.7,1.15,16.78,NA,2.43,1.6,1.3,34.55,34.0,0.4,212.0,0.0,0.0,5.0,986.75,NA
2026-05-20 22:00:00,44.0,162.0,4.0,15.68,11.55,13.38,13.73,0.44,15.2,0.73,8.28,NA,1.13,1.23,0.43,34.18,35.0,0.33,213.5,0.0,0.0,5.0,987.5,NA
2026-05-20 23:00:00,35.0,153.0,4.25,19.35,13.75,13.25,13.85,0.46,10.5,0.63,4.83,NA,1.78,1.6,1.0,33.28,37.5,0.3,228.0,0.0,0.0,5.0,989.0,NA
2026-05-21 00:00:00,41.0,200.0,4.35,20.63,14.48,14.2,17.7,0.64,8.48,0.93,17.5,NA,0.73,1.63,0.65,32.35,40.5,0.3,229.0,0.0,0.0,5.0,990.25,NA
2026-05-21 01:00:00,39.0,171.0,4.35,17.7,12.95,14.98,24.2,0.63,9.03,1.1,12.08,NA,0.8,1.53,0.55,31.83,42.5,0.3,239.75,0.0,0.0,5.0,991.0,NA
2026-05-21 02:00:00,42.0,158.0,4.2,12.3,10.0,15.1,28.6,0.64,9.95,1.03,14.78,NA,0.15,0.5,0.08,31.45,43.75,0.3,230.75,0.0,0.0,5.0,991.75,NA
2026-05-21 03:00:00,46.0,155.0,4.7,14.35,11.48,16.0,36.6,0.64,7.93,1.15,11.53,NA,0.08,0.35,0.1,30.95,45.25,0.3,254.0,0.0,0.0,5.0,992.25,NA
2026-05-21 04:00:00,81.0,205.0,4.15,14.88,11.27,15.88,47.4,0.62,7.28,1.38,6.13,NA,0.15,0.33,0.08,30.63,45.5,0.33,239.0,0.0,0.0,5.0,992.5,NA
2026-05-21 05:00:00,81.0,191.0,4.13,10.98,9.18,14.8,30.98,0.5,8.93,1.23,3.78,NA,0.15,0.22,0.08,30.73,44.5,0.35,230.75,0.0,0.0,7.25,992.0,NA
2026-05-21 06:00:00,46.0,144.0,4.05,8.38,7.73,14.23,24.0,0.45,9.35,0.83,1.83,NA,0.05,0.1,0.0,31.43,43.25,0.73,211.0,0.0,0.0,45.25,991.25,NA
2026-05-21 07:00:00,50.0,186.0,4.57,8.07,7.97,13.87,25.3,0.45,9.4,0.5,2.0,NA,0.0,0.1,0.0,33.43,40.0,0.63,232.33,0.0,0.0,136.0,986.67,NA
2026-05-21 08:00:00,36.0,230.0,4.55,4.33,6.0,13.28,20.48,0.4,13.4,0.4,0.8,NA,0.0,0.05,0.0,36.23,35.25,1.98,225.75,0.0,0.0,289.75,979.5,NA
2026-05-21 09:00:00,47.0,459.0,4.38,2.5,4.88,13.0,16.18,0.35,17.08,0.28,0.35,NA,0.0,0.0,0.0,37.9,33.0,2.23,218.5,0.0,0.0,413.5,975.75,NA
2026-05-21 10:00:00,53.0,515.0,4.2,2.75,4.9,12.85,15.77,0.36,19.68,0.2,0.4,NA,0.0,0.03,0.0,39.08,32.0,2.13,212.0,0.0,0.0,521.25,974.0,NA
2026-05-21 11:00:00,47.0,483.0,4.23,1.9,4.45,12.78,15.18,0.35,22.18,0.25,0.5,NA,0.03,0.1,0.03,39.88,31.0,2.23,212.75,0.0,0.0,589.75,973.0,NA
2026-05-21 12:00:00,41.0,426.0,4.55,2.13,4.83,13.0,15.03,0.34,23.23,0.18,0.55,NA,0.0,0.03,0.0,40.6,30.0,1.92,216.75,0.0,0.0,612.5,972.25,NA
2026-05-21 13:00:00,46.0,401.0,4.85,2.75,5.4,12.95,15.7,0.35,25.53,0.18,0.5,NA,0.0,0.1,0.0,41.05,30.0,1.73,201.5,0.0,0.0,593.5,972.0,NA
2026-05-21 14:00:00,47.0,343.0,4.23,2.1,4.53,13.08,15.15,0.33,26.53,0.13,0.48,NA,0.0,0.08,0.0,41.0,30.0,1.5,206.0,0.0,0.0,519.25,972.0,NA
2026-05-21 15:00:00,38.0,311.0,4.25,2.05,4.53,12.88,14.8,0.33,27.68,0.2,4.78,NA,0.0,0.25,0.03,40.0,30.0,1.15,208.5,0.0,0.0,280.5,973.5,NA
2026-05-21 16:00:00,38.0,271.0,4.1,1.83,4.35,12.55,14.43,0.32,27.4,0.13,1.03,NA,0.0,0.32,0.05,39.53,30.25,0.93,216.75,0.0,0.0,97.25,975.5,NA
2026-05-21 17:00:00,36.0,244.0,3.98,2.8,4.75,12.5,14.33,0.33,25.83,0.25,1.25,NA,0.0,0.22,0.0,38.63,31.25,0.65,190.75,0.0,0.0,62.25,977.5,NA
2026-05-21 18:00:00,36.0,234.0,4.28,4.75,6.0,12.15,14.65,0.38,23.3,0.35,1.73,NA,0.0,0.15,0.0,37.38,32.5,0.45,219.5,0.0,0.0,32.0,980.0,NA
2026-05-21 19:00:00,41.0,250.0,4.43,12.25,10.1,12.75,23.98,0.51,18.03,0.73,3.18,NA,0.08,0.22,0.05,35.83,34.0,0.3,209.0,0.0,0.0,8.0,984.25,NA
2026-05-21 20:00:00,56.0,273.0,4.23,18.63,13.35,13.6,22.73,0.69,12.73,0.78,7.78,NA,2.38,0.5,1.95,34.93,34.75,0.48,233.75,0.0,0.0,5.0,985.75,NA
2026-05-21 21:00:00,67.0,277.0,4.0,21.3,14.6,13.93,29.03,0.71,10.83,0.93,9.15,NA,0.75,0.38,0.4,34.4,35.0,0.33,230.25,0.0,0.0,5.0,987.0,NA
2026-05-21 22:00:00,73.0,246.0,3.9,22.13,14.95,13.67,29.75,0.59,9.93,0.88,5.6,NA,0.48,0.33,0.03,33.75,35.25,0.3,230.0,0.0,0.0,5.0,988.25,NA
2026-05-21 23:00:00,107.0,302.0,4.13,21.1,14.58,13.38,30.3,0.55,10.13,0.93,7.23,NA,0.4,0.3,0.1,32.93,36.5,0.3,244.5,0.0,0.0,5.0,989.5,NA
2026-05-22 00:00:00,59.0,191.0,4.27,12.4,10.05,12.98,48.9,0.51,12.4,0.9,2.23,NA,0.05,0.23,0.0,31.98,37.5,0.3,232.0,0.0,0.0,5.0,990.75,NA
2026-05-22 01:00:00,58.0,141.0,4.08,10.25,8.78,12.5,38.33,0.46,13.08,0.73,2.83,NA,0.1,0.3,0.03,31.3,38.25,0.3,229.75,0.0,0.0,5.0,992.0,NA
2026-05-22 02:00:00,51.0,147.0,3.8,10.3,8.6,12.6,42.1,0.5,12.38,0.83,3.3,NA,0.15,0.5,0.15,30.8,39.0,0.3,242.25,0.0,0.0,5.0,992.5,NA
2026-05-22 03:00:00,48.0,133.0,4.18,12.35,10.0,12.9,31.53,0.5,10.5,0.75,4.2,NA,0.08,0.58,0.2,30.38,40.5,0.4,223.0,0.0,0.0,5.0,993.0,NA
2026-05-22 04:00:00,53.0,151.0,3.65,13.7,10.3,12.78,27.98,0.5,8.75,0.83,6.78,NA,0.25,0.63,0.25,30.08,40.5,0.3,217.5,0.0,0.0,5.25,993.0,NA
2026-05-22 05:00:00,62.0,150.0,4.3,16.78,12.43,13.13,55.33,0.58,7.23,1.1,4.88,NA,0.22,0.48,0.03,30.1,40.0,0.38,212.25,0.0,0.0,7.25,993.25,NA
2026-05-22 06:00:00,84.0,208.0,5.18,22.03,15.9,13.63,37.73,0.68,7.18,1.55,7.88,NA,0.2,0.58,0.08,30.9,39.5,0.48,228.0,0.0,0.0,44.25,991.75,NA
2026-05-22 07:00:00,83.0,218.0,3.6,18.6,12.8,25.6,33.7,0.92,8.4,1.92,6.83,NA,0.13,0.45,0.08,32.98,38.5,0.58,229.0,0.0,0.0,148.5,987.25,NA
2026-05-22 08:00:00,72.0,248.0,4.7,16.68,12.73,22.18,30.48,0.99,17.43,1.68,2.03,NA,0.05,0.18,0.0,35.4,36.0,0.63,224.75,0.0,0.0,284.5,980.5,NA
2026-05-22 09:00:00,70.0,251.0,3.93,11.3,9.18,15.9,28.98,0.86,29.33,1.1,1.65,NA,0.0,0.08,0.0,37.58,33.75,0.5,216.75,0.0,0.0,421.5,975.75,NA
2026-05-22 10:00:00,59.0,208.0,3.8,8.9,7.83,15.08,26.5,0.83,37.9,0.75,1.08,NA,0.03,0.13,0.03,39.2,32.5,0.8,226.25,0.0,0.0,532.75,973.5,NA
2026-05-22 11:00:00,61.0,211.0,2.75,9.75,7.38,23.3,21.3,0.77,42.88,0.8,2.38,NA,0.03,0.33,0.05,39.85,32.0,1.53,216.25,0.0,0.0,597.0,973.0,NA
2026-05-22 12:00:00,63.0,268.0,2.85,10.98,8.15,28.15,14.85,0.73,42.85,0.7,3.55,NA,0.03,0.48,0.08,40.53,31.75,1.33,201.5,0.0,0.0,625.25,972.25,NA
2026-05-22 13:00:00,47.0,306.0,2.83,8.73,6.93,24.53,12.48,0.67,43.3,0.55,6.28,NA,0.08,0.75,0.18,40.98,30.5,1.58,180.0,0.0,0.0,597.75,972.0,NA
2026-05-22 14:00:00,34.0,316.0,3.58,7.55,6.93,20.65,11.73,0.66,40.33,0.35,2.0,NA,0.03,0.18,0.05,40.75,30.25,1.23,188.5,0.0,0.0,482.25,972.25,NA
2026-05-22 15:00:00,30.0,354.0,3.98,5.53,6.13,16.85,10.4,0.68,40.88,0.4,17.08,NA,0.15,0.88,0.25,39.58,30.25,1.5,184.5,0.0,0.0,264.75,974.0,NA
2026-05-22 16:00:00,23.0,249.0,3.28,4.8,5.2,14.35,10.88,0.66,40.25,0.33,6.77,NA,0.1,0.98,0.2,39.25,30.25,1.48,181.75,0.0,0.0,94.0,975.75,NA
2026-05-22 17:00:00,41.0,260.0,2.78,10.83,8.05,20.63,14.6,0.84,47.13,1.03,79.13,NA,1.7,5.48,1.35,38.8,33.0,1.23,103.25,0.0,0.0,72.25,977.5,NA
2026-05-22 18:00:00,67.0,312.0,3.28,17.58,12.03,21.45,13.8,0.99,41.03,1.33,94.63,NA,2.1,3.6,1.1,37.83,35.0,0.45,119.5,0.0,0.0,39.25,979.25,NA
2026-05-22 19:00:00,51.0,331.0,3.38,19.1,12.9,17.63,14.53,1.14,28.98,2.2,168.3,NA,5.63,11.98,3.93,36.8,34.5,0.9,88.25,0.0,0.0,7.75,982.0,NA
2026-05-22 20:00:00,44.0,333.0,2.63,20.08,12.78,17.33,15.13,0.96,23.28,1.88,167.9,NA,5.8,11.08,4.25,36.15,35.75,1.2,66.5,0.0,0.0,5.0,983.25,NA
2026-05-22 21:00:00,94.0,364.0,1.53,24.28,14.18,30.45,18.45,0.91,17.28,1.98,65.98,NA,3.38,19.38,4.73,35.4,36.25,0.55,103.0,0.0,0.0,5.25,985.25,NA
2026-05-22 22:00:00,100.0,350.0,2.28,35.25,20.65,49.68,26.4,0.79,13.0,2.1,38.95,NA,0.0,11.48,2.0,NA,NA,NA,NA,NA,NA,NA,NA,NA
2026-05-22 23:00:00,89.0,285.0,4.38,44.58,27.28,70.33,26.55,0.78,11.2,1.4,9.78,NA,0.0,5.58,0.93,NA,NA,NA,NA,NA,NA,NA,NA,NA
2026-05-23 00:00:00,101.0,213.0,5.53,61.65,37.38,86.48,16.7,0.81,6.65,0.33,0.1,NA,0.1,5.25,1.15,NA,NA,NA,NA,NA,NA,NA,NA,NA
2026-05-23 01:00:00,94.0,222.0,5.8,38.7,25.22,38.33,22.63,0.96,9.55,1.2,7.75,NA,0.1,3.75,1.03,31.07,46.33,0.3,253.0,0.0,0.0,5.33,992.0,NA
2026-05-23 02:00:00,29.0,218.0,3.2,29.4,18.3,27.8,27.5,0.97,6.75,1.63,18.4,NA,0.93,2.18,0.68,30.5,48.25,0.3,243.25,0.0,0.0,5.25,992.75,NA
2026-05-23 03:00:00,95.0,274.0,2.7,28.78,17.48,19.67,64.8,1.14,5.6,1.68,9.45,NA,0.7,2.33,0.73,29.9,49.25,0.3,229.25,0.0,0.0,5.0,993.0,NA
2026-05-23 04:00:00,139.0,324.0,3.9,29.13,18.68,16.8,39.05,1.07,5.45,2.03,11.03,NA,0.95,1.2,0.53,30.1,48.5,0.3,225.5,0.0,0.0,5.0,993.0,NA
2026-05-23 05:00:00,182.0,322.0,3.3,26.43,16.73,18.6,49.13,1.08,5.0,1.95,19.03,NA,1.08,1.35,0.43,30.15,49.25,0.3,226.5,0.0,0.0,7.25,993.0,NA
2026-05-23 06:00:00,173.0,360.0,4.13,33.73,21.33,33.3,71.25,1.3,3.88,2.6,11.43,NA,0.15,0.93,0.28,30.55,50.25,0.3,166.25,0.0,0.0,40.75,992.5,NA
2026-05-23 07:00:00,234.0,414.0,6.13,39.03,25.78,54.05,98.38,1.33,5.88,4.13,7.23,NA,0.03,0.83,0.15,NA,NA,NA,NA,NA,NA,NA,NA,NA
2026-05-23 08:00:00,174.0,453.0,4.65,39.15,24.6,75.83,16.43,0.8,10.18,1.88,1.1,NA,0.03,0.7,0.13,NA,NA,NA,NA,NA,NA,NA,NA,NA
2026-05-23 09:00:00,90.0,130.0,8.13,33.35,24.38,55.0,13.63,1.0,6.5,0.65,1.3,NA,0.0,0.63,0.08,34.37,55.67,0.4,206.67,0.0,0.0,406.5,981.0,NA
2026-05-23 10:00:00,NA,128.0,4.68,16.75,12.6,27.08,11.28,0.65,12.95,0.65,2.28,NA,0.05,0.28,0.1,38.53,38.5,0.35,214.0,0.0,0.0,519.5,974.75,NA
2026-05-23 11:00:00,8.0,96.0,3.05,13.43,9.68,20.55,11.53,0.68,24.7,0.33,6.83,NA,0.0,0.15,0.03,38.08,35.75,2.23,179.5,0.0,0.0,397.0,976.0,NA
2026-05-23 12:00:00,35.0,195.0,4.07,10.98,9.15,17.28,16.5,0.69,33.7,0.63,20.35,NA,0.43,1.2,0.35,38.6,34.75,2.35,179.25,0.0,0.0,519.25,974.75,NA
2026-05-23 13:00:00,39.0,190.0,2.9,10.73,8.03,25.13,15.0,0.65,34.43,0.35,43.8,NA,0.08,0.73,0.13,40.18,32.5,1.63,171.5,0.0,0.0,573.75,973.0,NA
2026-05-23 14:00:00,69.0,189.0,3.05,22.23,14.35,46.93,11.78,0.6,33.25,0.83,13.13,NA,0.0,0.88,0.13,40.2,32.0,1.5,174.0,0.0,0.0,516.0,973.0,NA
2026-05-23 15:00:00,74.0,504.0,4.13,22.75,15.5,46.23,10.45,0.61,33.9,1.95,9.03,NA,0.0,1.9,0.25,40.27,30.67,2.1,167.0,0.0,0.0,395.67,973.67,NA
2026-05-23 16:00:00,8.0,307.0,2.5,10.18,7.45,26.7,10.38,0.61,32.03,1.2,18.55,NA,0.4,1.45,0.38,39.4,31.5,0.83,203.75,0.0,0.0,261.5,974.75,NA
2026-05-23 17:00:00,28.0,212.0,2.23,8.23,6.2,19.87,9.97,0.67,33.0,0.25,13.25,NA,0.03,0.25,0.05,37.67,32.67,1.4,210.67,0.0,0.0,70.33,979.0,NA
2026-05-23 18:00:00,25.0,212.0,2.25,10.83,7.6,17.18,10.33,0.75,29.23,0.35,27.33,NA,0.0,0.2,0.03,36.4,35.0,0.43,242.5,0.0,0.0,33.75,982.0,NA
2026-05-23 19:00:00,35.0,208.0,2.03,18.93,11.7,15.85,11.15,0.92,19.88,0.68,54.93,NA,0.25,0.53,0.25,34.25,39.5,0.4,225.75,0.0,0.0,8.75,987.0,NA
2026-05-23 20:00:00,51.0,295.0,2.13,19.25,11.95,14.88,13.1,1.01,16.4,0.83,15.08,NA,0.52,2.5,0.53,33.85,41.25,0.4,211.75,0.0,0.0,5.75,987.5,NA
2026-05-23 21:00:00,63.0,285.0,2.75,17.85,11.73,14.3,15.38,1.06,13.8,0.75,9.98,NA,0.23,0.43,0.15,32.9,43.5,0.3,215.0,0.0,0.0,5.75,989.5,NA
2026-05-23 22:00:00,61.0,248.0,2.38,21.98,13.63,15.45,17.93,1.12,8.98,0.93,6.6,NA,0.28,0.48,0.2,32.03,46.5,0.3,222.0,0.0,0.0,5.25,990.5,NA
2026-05-23 23:00:00,64.0,239.0,2.95,24.0,15.18,15.68,24.78,1.16,6.73,1.18,7.85,NA,0.43,0.63,0.15,31.05,49.25,0.3,174.75,0.0,0.0,5.25,992.0,NA
2026-05-24 00:00:00,101.0,265.0,2.65,24.48,15.18,16.2,40.3,1.02,6.53,1.13,11.35,NA,0.22,1.45,0.3,30.18,50.0,0.3,232.75,0.13,0.5,5.5,993.0,NA
2026-05-24 01:00:00,121.0,285.0,3.05,24.8,15.68,16.55,35.83,1.02,7.1,1.2,9.38,NA,0.63,2.98,0.65,29.55,50.75,0.3,210.5,0.0,0.0,5.0,993.75,NA
2026-05-24 02:00:00,106.0,276.0,2.2,22.6,13.8,16.5,39.8,1.0,7.63,1.1,5.9,NA,1.1,3.28,0.85,29.28,51.5,0.3,213.0,0.0,0.0,5.0,994.0,NA
2026-05-24 03:00:00,134.0,302.0,2.5,23.78,14.65,16.7,34.13,0.96,8.1,1.13,6.13,NA,0.22,0.95,0.33,29.0,51.75,0.3,229.5,0.0,0.0,5.0,994.0,NA
2026-05-24 04:00:00,141.0,300.0,3.23,24.93,15.93,16.48,45.18,1.06,5.45,1.7,13.25,NA,0.5,1.45,0.48,28.7,52.5,0.3,231.75,0.0,0.0,5.0,994.0,NA
2026-05-24 05:00:00,229.0,417.0,3.38,25.1,16.1,16.33,70.55,1.14,4.83,2.65,11.35,NA,0.28,1.55,0.15,28.03,54.5,0.3,227.25,0.0,0.0,7.5,995.0,NA
2026-05-24 06:00:00,190.0,393.0,3.8,22.65,15.13,15.6,46.1,1.07,6.4,2.38,8.6,NA,0.43,1.2,0.33,28.83,53.25,0.3,221.75,0.0,0.0,45.75,994.0,NA
2026-05-24 07:00:00,141.0,318.0,4.93,24.3,16.9,16.28,32.58,1.1,7.85,1.93,6.68,NA,0.2,0.45,0.13,31.33,49.25,0.4,216.25,0.0,0.0,152.0,989.75,NA
2026-05-24 08:00:00,150.0,388.0,3.68,17.25,12.15,15.93,35.65,0.96,15.3,1.43,7.02,NA,0.03,0.48,0.03,33.8,43.0,1.35,234.25,0.0,0.0,274.75,984.0,NA
2026-05-24 09:00:00,77.0,299.0,2.58,10.13,7.5,15.4,17.78,0.77,22.73,0.73,1.68,NA,0.0,0.15,0.03,36.75,37.0,0.83,222.0,0.0,0.0,434.0,977.25,NA
2026-05-24 10:00:00,47.0,195.0,2.25,7.03,5.6,15.6,15.63,0.69,31.67,0.55,1.18,NA,0.0,0.13,0.0,38.68,33.0,1.4,211.25,0.0,0.0,544.75,974.0,NA
2026-05-24 11:00:00,40.0,186.0,2.65,5.98,5.35,14.3,12.95,0.63,35.18,0.35,2.38,NA,0.1,1.05,0.08,39.78,30.0,2.08,202.25,0.0,0.0,618.25,973.0,NA
2026-05-24 12:00:00,30.0,157.0,2.63,5.2,4.88,12.98,9.63,0.62,35.33,0.25,2.98,NA,0.03,0.5,0.08,40.65,28.75,1.78,205.25,0.0,0.0,640.75,972.25,NA
2026-05-24 13:00:00,19.0,144.0,2.08,5.23,4.45,11.8,8.83,0.6,36.55,0.2,4.33,NA,0.0,0.28,0.15,41.43,28.0,1.58,195.0,0.0,0.0,616.0,972.0,NA
2026-05-24 14:00:00,23.0,145.0,2.73,4.78,4.75,11.48,7.88,0.57,36.83,0.23,3.9,NA,0.0,0.18,0.0,41.68,27.0,2.15,215.0,0.0,0.0,544.5,972.0,NA
2026-05-24 15:00:00,27.0,139.0,2.38,4.6,4.38,11.55,8.58,0.56,37.23,0.2,2.57,NA,0.0,0.22,0.0,41.5,27.0,1.73,215.75,0.0,0.0,436.75,972.25,NA
2026-05-24 16:00:00,25.0,174.0,2.98,5.25,5.23,12.38,9.05,0.57,37.23,0.2,4.73,NA,0.03,0.53,0.1,40.33,28.0,1.65,200.75,0.0,0.0,271.0,974.0,NA
2026-05-24 17:00:00,23.0,149.0,2.8,5.75,5.33,12.88,9.63,0.58,37.35,0.2,6.28,NA,0.03,0.4,0.1,38.58,30.0,0.73,219.0,0.0,0.0,76.25,977.5,NA
2026-05-24 18:00:00,31.0,162.0,2.95,6.75,6.03,13.33,10.33,0.64,32.2,0.3,8.53,NA,0.05,0.9,0.13,36.35,34.5,0.3,248.5,0.0,0.0,35.75,982.25,NA
2026-05-24 19:00:00,25.0,135.0,3.1,24.95,15.83,16.28,11.7,1.28,18.35,0.77,13.38,NA,0.25,2.65,0.5,34.33,38.75,0.3,167.75,0.0,0.0,8.0,987.0,NA
2026-05-24 20:00:00,96.0,453.0,4.88,54.25,32.83,20.53,15.35,1.54,6.08,48.43,38.58,NA,1.83,7.5,2.0,34.15,39.5,0.3,137.0,0.0,0.0,5.0,987.5,NA
2026-05-24 21:00:00,83.0,339.0,3.75,44.68,26.8,20.35,17.13,1.46,7.77,51.23,32.58,NA,1.8,3.13,1.18,34.15,39.75,0.3,137.25,0.0,0.0,5.0,987.25,NA
2026-05-24 22:00:00,85.0,403.0,4.68,52.9,31.98,18.05,18.38,1.77,4.35,16.43,17.35,NA,1.08,2.63,0.88,33.8,41.0,0.3,159.0,0.0,0.0,5.0,988.0,NA
2026-05-24 23:00:00,101.0,342.0,3.58,48.1,28.48,16.9,16.7,1.55,6.98,6.55,13.33,NA,1.88,4.88,0.83,33.93,38.75,0.3,146.5,0.0,0.0,5.0,987.5,NA
2026-05-25 00:00:00,56.0,216.0,3.28,42.98,25.5,16.88,12.8,1.03,5.55,4.45,11.6,NA,1.0,3.95,0.78,33.33,38.75,0.3,181.0,0.0,0.0,5.0,988.75,NA
2026-05-25 01:00:00,56.0,257.0,2.15,19.63,12.2,14.43,13.75,0.61,8.5,1.65,6.2,NA,0.9,1.8,0.73,33.43,36.5,0.3,229.5,0.0,0.0,5.0,988.5,NA
2026-05-25 02:00:00,41.0,239.0,2.9,21.8,13.9,14.2,15.3,0.6,6.4,1.18,6.55,NA,0.45,2.85,0.6,31.83,40.0,0.3,232.5,0.0,0.0,5.0,991.0,NA
2026-05-25 03:00:00,66.0,276.0,2.95,14.93,10.33,15.25,25.57,0.63,6.98,1.08,5.93,NA,0.33,0.88,0.18,31.35,40.5,0.35,225.0,0.0,0.0,5.0,991.5,NA
2026-05-25 04:00:00,67.0,333.0,3.33,12.8,9.48,14.93,37.28,0.66,7.95,1.18,2.58,NA,0.05,0.63,0.15,31.15,41.75,0.3,244.25,0.0,0.0,5.0,991.5,NA
2026-05-25 05:00:00,77.0,283.0,3.18,15.73,10.95,15.9,58.48,0.79,7.83,1.5,5.05,NA,0.05,0.23,0.05,30.4,44.75,0.3,225.75,0.0,0.0,7.5,993.0,NA
2026-05-25 06:00:00,72.0,250.0,3.45,17.45,12.08,16.5,59.65,0.86,7.98,1.5,5.3,NA,0.13,0.52,0.1,30.88,45.75,0.3,229.0,0.0,0.0,43.75,991.5,NA
2026-05-25 07:00:00,75.0,240.0,3.9,17.83,12.63,17.43,45.03,0.84,7.2,1.5,3.48,NA,0.13,0.38,0.1,32.9,44.75,0.33,232.0,0.0,0.0,133.75,987.25,NA
2026-05-25 08:00:00,73.0,293.0,3.85,10.18,8.55,17.33,21.03,0.6,9.13,0.98,1.7,NA,0.03,0.23,0.0,35.73,38.5,1.1,229.75,0.0,0.0,259.5,980.25,NA
2026-05-25 09:00:00,51.0,299.0,3.68,7.08,6.75,18.08,13.98,0.51,11.08,0.48,0.8,NA,0.0,0.08,0.0,37.18,37.5,1.63,224.25,0.0,0.0,386.25,976.75,NA
2026-05-25 10:00:00,48.0,374.0,3.33,5.35,5.55,17.6,12.45,0.48,12.83,0.23,0.63,NA,0.0,0.03,0.0,38.55,36.25,1.5,208.5,0.0,0.0,497.25,974.5,NA
2026-05-25 11:00:00,56.0,420.0,2.63,6.03,5.33,17.8,13.23,0.48,16.63,0.3,2.83,NA,0.0,0.15,0.0,39.65,35.0,1.48,214.25,0.0,0.0,573.75,973.0,NA
2026-05-25 12:00:00,63.0,429.0,2.63,5.13,4.88,18.55,13.0,0.47,20.43,0.25,2.83,NA,0.0,0.1,0.0,40.68,33.25,0.93,211.75,0.0,0.0,600.75,972.0,NA
2026-05-25 13:00:00,57.0,378.0,2.3,4.1,4.03,19.55,12.28,0.46,24.25,0.2,1.15,NA,0.0,0.23,0.0,41.25,32.25,1.45,207.75,0.0,0.0,559.5,972.0,NA
2026-05-25 14:00:00,59.0,390.0,2.68,5.53,5.1,20.68,12.0,0.46,25.6,0.18,3.5,NA,0.03,0.3,0.05,41.68,31.75,1.3,201.75,0.0,0.0,482.25,972.0,NA
2026-05-25 15:00:00,62.0,410.0,3.13,5.85,5.63,21.43,11.8,0.46,26.05,0.3,3.2,NA,0.03,0.75,0.08,41.23,32.25,0.88,222.0,0.0,0.0,349.5,972.5,NA
2026-05-25 16:00:00,56.0,381.0,3.03,5.45,5.35,20.68,10.7,0.45,26.45,0.25,7.88,NA,0.1,1.25,0.15,40.35,32.0,1.15,215.5,0.0,0.0,238.0,974.0,NA
2026-05-25 17:00:00,59.0,366.0,2.55,5.45,4.98,19.5,9.15,0.44,26.75,0.2,10.05,NA,0.03,0.45,0.03,39.15,31.5,1.2,216.5,0.0,0.0,101.0,976.0,NA
2026-05-25 18:00:00,55.0,367.0,2.85,7.93,6.5,17.2,9.23,0.5,25.13,0.23,5.63,NA,0.03,0.25,0.03,37.2,36.5,0.85,223.5,0.0,0.0,27.5,980.75,NA
2026-05-25 19:00:00,69.0,418.0,3.68,15.45,11.25,16.88,9.65,0.69,9.28,0.43,5.43,NA,0.2,0.93,0.25,32.75,50.0,0.3,258.5,0.0,0.0,8.5,990.0,NA
2026-05-25 20:00:00,67.0,285.0,4.15,32.68,20.73,17.08,11.98,1.04,6.75,0.73,11.88,NA,3.08,20.35,4.73,33.08,48.25,0.3,200.25,0.0,0.0,5.0,989.0,NA
2026-05-25 21:00:00,99.0,414.0,5.63,44.85,28.43,20.83,16.05,1.33,6.15,1.95,39.0,NA,10.63,33.23,7.33,33.33,45.0,0.53,113.5,0.0,0.0,5.0,988.75,NA
2026-05-25 22:00:00,117.0,471.0,3.0,22.28,14.28,23.43,18.65,0.9,13.0,2.15,27.38,NA,3.3,11.13,3.23,34.05,38.5,0.4,212.25,0.0,0.0,5.0,987.25,NA
2026-05-25 23:00:00,68.0,295.0,3.07,21.4,13.88,23.18,15.95,0.94,11.8,1.38,30.43,NA,1.23,5.68,1.85,33.13,41.5,0.33,144.0,0.0,0.0,5.0,988.75,NA
2026-05-26 00:00:00,79.0,296.0,3.68,33.05,20.6,21.93,18.65,1.16,5.75,1.45,42.28,NA,4.13,17.45,4.38,31.93,46.75,0.3,259.0,0.0,0.0,5.0,991.0,NA
2026-05-26 01:00:00,92.0,324.0,5.0,35.03,22.7,21.58,17.28,1.07,3.7,1.9,67.88,NA,9.05,18.45,4.95,30.93,50.5,0.3,255.5,0.0,0.0,5.25,992.0,NA
2026-05-26 02:00:00,95.0,298.0,4.2,36.1,22.6,21.4,17.2,1.03,3.7,1.38,16.78,NA,1.85,3.55,0.75,30.43,51.75,0.3,236.75,0.0,0.0,5.0,993.0,NA
2026-05-26 03:00:00,133.0,343.0,4.18,28.58,18.6,20.75,29.3,1.06,4.83,1.5,15.33,NA,0.63,2.6,0.73,29.8,52.5,0.3,248.75,0.0,0.0,5.0,993.5,NA
2026-05-26 04:00:00,144.0,310.0,3.03,22.93,14.7,18.43,28.9,0.98,4.35,1.13,6.95,NA,0.73,1.48,0.58,29.1,53.75,0.3,251.75,0.0,0.0,5.0,994.0,NA
2026-05-26 05:00:00,184.0,354.0,3.85,23.55,15.63,17.9,35.68,1.02,3.63,1.28,5.7,NA,0.33,1.15,0.2,28.3,56.75,0.3,218.25,0.0,0.0,7.5,995.0,NA
2026-05-26 06:00:00,205.0,365.0,4.18,25.38,16.9,18.05,44.98,1.07,3.73,1.53,3.85,NA,0.13,0.7,0.13,28.65,56.0,0.33,233.0,0.0,0.0,50.5,994.25,NA
2026-05-26 07:00:00,195.0,393.0,5.2,24.35,17.15,18.28,35.65,1.1,5.98,1.6,2.83,NA,0.15,0.73,0.1,32.15,47.5,0.3,228.75,0.0,0.0,175.5,988.0,NA
2026-05-26 08:00:00,129.0,261.0,4.73,19.5,14.2,17.92,28.65,0.98,14.05,1.38,4.25,NA,0.43,1.8,0.35,35.18,40.25,0.83,221.5,0.0,0.0,310.5,980.5,NA
2026-05-26 09:00:00,96.0,257.0,3.2,15.0,10.58,19.18,32.3,0.92,29.05,1.25,3.08,NA,0.08,0.55,0.18,36.8,36.25,1.13,225.5,0.0,0.0,432.5,976.75,NA
2026-05-26 10:00:00,73.0,235.0,2.9,7.65,6.43,20.08,18.35,0.68,35.43,0.75,1.58,NA,0.03,0.2,0.08,39.25,31.0,0.95,210.0,0.0,0.0,561.5,973.5,NA
2026-05-26 11:00:00,40.0,168.0,3.63,5.68,5.98,18.3,15.08,0.56,39.05,0.43,0.73,NA,0.0,0.1,0.0,40.33,28.5,1.8,206.25,0.0,0.0,645.5,972.25,NA
2026-05-26 12:00:00,33.0,169.0,2.65,5.4,5.0,15.45,11.53,0.53,40.4,0.25,1.05,NA,0.0,0.15,0.0,40.85,26.75,1.78,193.5,0.0,0.0,661.25,972.0,NA
2026-05-26 13:00:00,23.0,162.0,2.43,5.25,4.75,15.55,12.2,0.53,43.35,0.35,5.3,NA,0.03,0.3,0.05,41.38,26.75,2.2,183.25,0.0,0.0,623.5,972.0,NA
2026-05-26 14:00:00,31.0,178.0,2.8,5.15,5.13,16.15,11.13,0.39,44.25,0.2,8.2,NA,0.03,0.2,0.03,41.23,26.0,2.3,185.25,0.0,0.0,550.0,972.0,NA
2026-05-26 15:00:00,25.0,194.0,2.68,6.0,5.4,17.63,10.53,0.5,44.75,0.23,2.35,NA,0.1,0.65,0.05,41.55,26.0,1.73,209.0,0.0,0.0,439.0,972.25,NA
2026-05-26 16:00:00,28.0,183.0,2.63,5.65,5.18,17.88,10.65,0.49,43.93,0.2,1.93,NA,0.0,0.68,0.13,40.5,26.25,1.4,220.25,0.0,0.0,276.0,973.75,NA
2026-05-26 17:00:00,24.0,147.0,2.7,7.63,6.23,17.65,10.08,0.51,43.95,0.25,2.75,NA,0.08,0.95,0.22,38.58,27.75,0.93,208.75,0.0,0.0,57.0,977.5,NA
2026-05-26 18:00:00,25.0,146.0,2.65,11.63,8.33,17.83,10.25,0.63,38.9,0.33,8.08,NA,0.22,1.15,0.3,37.23,30.0,0.55,187.25,0.0,0.0,30.75,980.75,NA
2026-05-26 19:00:00,44.0,193.0,3.13,17.98,12.05,19.28,10.78,0.81,28.43,1.45,114.93,NA,1.03,8.3,1.65,34.9,33.25,0.45,176.75,0.0,0.0,8.5,986.0,NA
2026-05-26 20:00:00,55.0,262.0,2.83,24.6,15.38,20.18,11.05,1.07,22.9,2.1,168.13,NA,4.88,25.9,5.65,33.45,35.25,0.3,252.0,0.0,0.0,5.0,989.0,NA
2026-05-26 21:00:00,86.0,269.0,2.55,37.28,21.98,21.95,12.0,1.33,15.6,3.0,124.78,NA,2.9,20.38,3.93,32.7,37.25,0.3,139.0,0.0,0.0,5.25,990.0,NA
2026-05-26 22:00:00,94.0,287.0,4.77,63.45,37.73,19.88,12.63,1.69,5.9,2.48,85.95,NA,5.8,11.88,4.6,32.1,39.5,0.3,245.5,0.0,0.0,5.0,990.75,NA
2026-05-26 23:00:00,116.0,365.0,8.18,55.28,35.9,20.13,17.38,1.35,5.93,2.18,67.78,NA,1.65,10.73,3.3,31.6,41.25,0.3,244.0,0.0,0.0,5.0,991.5,NA
2026-05-27 00:00:00,88.0,340.0,4.45,37.0,23.28,21.88,17.93,1.08,8.93,1.65,45.7,NA,4.68,9.75,3.0,31.33,41.25,0.3,231.0,0.0,0.0,5.0,992.0,NA
2026-05-27 01:00:00,114.0,255.0,2.58,28.9,17.48,20.98,38.0,1.1,11.28,1.78,24.83,NA,2.5,3.9,2.38,30.7,42.25,0.3,242.75,0.0,0.0,5.0,992.75,NA
2026-05-27 02:00:00,151.0,287.0,2.4,27.9,16.8,20.9,51.9,1.12,9.73,1.78,28.88,NA,1.8,3.98,1.45,29.93,43.25,0.3,225.25,0.0,0.0,5.0,993.5,NA
2026-05-27 03:00:00,152.0,283.0,3.25,32.93,20.13,22.9,43.0,1.14,6.73,1.9,29.6,NA,2.83,3.78,1.15,29.38,45.0,0.3,236.25,0.0,0.0,5.0,994.0,NA
2026-05-27 04:00:00,237.0,388.0,2.48,33.63,19.9,22.9,54.53,1.21,5.9,2.83,28.9,NA,0.6,2.53,0.4,29.0,46.0,0.3,236.0,0.0,0.0,5.25,994.0,NA
2026-05-27 05:00:00,288.0,454.0,2.3,34.2,20.05,22.7,60.53,1.19,5.5,3.15,22.18,NA,0.85,2.13,0.32,28.35,47.75,0.3,231.0,0.0,0.0,8.0,995.0,NA
2026-05-27 06:00:00,232.0,418.0,3.7,29.78,18.83,22.38,46.2,1.1,6.38,2.35,10.5,NA,0.32,0.93,0.28,28.7,49.0,0.3,141.25,0.0,0.0,49.25,994.25,NA
2026-05-27 07:00:00,172.0,320.0,4.83,25.8,17.65,22.55,55.3,1.12,9.2,1.9,6.28,NA,0.2,0.75,0.08,32.18,44.25,0.3,207.0,0.0,0.0,166.5,988.0,NA
2026-05-27 08:00:00,162.0,331.0,3.23,16.4,11.33,23.13,44.33,0.99,21.4,1.65,3.65,NA,0.15,0.5,0.1,35.73,35.75,0.3,225.25,0.0,0.0,302.0,979.5,NA
2026-05-27 09:00:00,86.0,227.0,2.78,11.13,8.13,21.35,28.43,0.85,33.8,1.4,1.83,NA,0.0,0.2,0.05,38.33,31.25,0.38,229.0,0.0,0.0,436.75,975.0,NA
2026-05-27 10:00:00,47.0,173.0,1.95,8.2,5.98,18.5,16.7,0.66,39.95,0.78,1.4,NA,0.0,0.1,0.0,39.78,28.5,1.03,212.75,0.0,0.0,559.5,973.0,NA
2026-05-27 11:00:00,31.0,149.0,2.33,5.78,4.98,17.48,13.13,0.6,44.38,0.48,3.32,NA,0.0,0.13,0.0,40.53,27.75,1.48,206.25,0.0,0.0,635.75,972.25,NA
2026-05-27 12:00:00,30.0,166.0,2.45,5.65,4.98,17.43,11.53,0.56,48.88,0.45,8.8,NA,0.08,0.4,0.05,40.75,27.0,2.78,181.75,0.0,0.0,659.0,972.25,NA
2026-05-27 13:00:00,35.0,184.0,2.2,6.38,5.2,18.85,10.58,0.56,47.55,0.38,6.52,NA,0.05,0.23,0.03,41.85,27.0,1.78,212.0,0.0,0.0,621.75,972.0,NA
2026-05-27 14:00:00,33.0,189.0,2.6,5.65,5.13,19.78,9.63,0.54,46.05,0.3,1.9,NA,0.0,0.05,0.0,42.18,26.25,2.13,206.75,0.0,0.0,555.25,972.0,NA
2026-05-27 15:00:00,33.0,239.0,2.8,6.15,5.55,20.0,9.35,0.53,46.9,0.23,4.08,NA,0.0,0.23,0.03,42.22,26.0,2.4,200.5,0.0,0.0,450.25,972.0,NA
2026-05-27 16:00:00,34.0,213.0,2.73,5.75,5.25,19.4,8.7,0.51,44.95,0.25,4.8,NA,0.0,0.25,0.03,41.25,26.25,2.98,200.0,0.0,0.0,276.5,973.0,NA
2026-05-27 17:00:00,29.0,257.0,2.5,6.75,5.6,19.23,8.6,0.52,46.73,0.35,5.73,NA,0.08,0.43,0.08,39.7,27.5,2.55,193.5,0.0,0.0,61.25,976.0,NA
2026-05-27 18:00:00,28.0,200.0,3.08,9.78,7.65,18.9,12.63,0.58,44.63,0.33,4.23,NA,0.03,0.28,0.08,38.7,28.5,1.05,166.75,0.0,0.0,32.25,978.0,NA
2026-05-27 19:00:00,34.0,207.0,3.13,16.08,11.13,18.3,12.03,0.73,31.88,0.45,5.75,NA,0.1,0.3,0.03,36.08,32.5,0.3,192.0,0.0,0.0,8.5,983.75,NA
2026-05-27 20:00:00,47.0,288.0,3.38,34.8,21.3,17.53,15.3,1.01,16.75,0.93,9.7,NA,0.48,0.53,0.18,33.9,35.5,0.3,255.25,0.0,0.0,5.0,988.0,NA
2026-05-27 21:00:00,74.0,318.0,3.75,54.23,31.9,19.03,21.45,1.64,8.65,1.38,16.55,NA,1.28,1.63,0.65,32.8,38.0,0.3,214.5,0.0,0.0,5.0,989.75,NA
2026-05-27 22:00:00,116.0,403.0,3.55,46.13,27.43,21.33,26.08,1.72,9.8,3.05,60.22,NA,8.68,14.38,3.95,32.55,39.25,0.3,188.5,0.0,0.0,5.25,990.0,NA
2026-05-27 23:00:00,111.0,388.0,4.83,56.4,33.83,20.38,25.33,1.49,3.4,3.4,72.98,NA,8.03,13.5,4.9,32.03,40.25,0.3,161.0,0.0,0.0,5.25,991.0,NA
2026-05-28 00:00:00,86.0,323.0,7.43,50.95,33.08,21.25,19.88,1.43,5.93,3.18,40.43,NA,1.0,5.4,1.45,31.53,43.75,0.3,154.0,0.0,0.0,5.0,992.0,NA
2026-05-28 01:00:00,94.0,310.0,15.1,51.28,39.55,21.95,20.43,1.59,3.7,3.6,38.93,NA,3.25,7.7,2.58,31.13,45.75,0.3,155.25,0.0,0.0,5.0,992.0,NA
2026-05-28 02:00:00,136.0,393.0,17.2,56.1,43.8,24.2,22.5,1.83,3.68,5.65,49.6,NA,4.78,10.35,2.83,31.03,46.25,0.3,186.75,0.0,0.0,5.25,992.0,NA
2026-05-28 03:00:00,132.0,365.0,10.13,50.8,35.2,23.25,33.77,1.38,3.35,2.6,27.05,NA,3.78,6.93,3.88,31.15,44.25,0.3,133.25,0.0,0.0,5.0,992.0,NA
2026-05-28 04:00:00,99.0,274.0,3.43,44.83,26.63,21.63,18.4,1.32,5.23,3.05,22.4,NA,2.77,5.65,1.63,30.95,47.75,0.3,124.0,0.0,0.0,5.0,992.25,NA
2026-05-28 05:00:00,81.0,210.0,3.78,33.63,20.93,22.25,18.38,1.37,5.95,3.8,17.48,NA,1.48,3.05,0.98,30.85,51.5,0.35,110.0,0.0,0.0,7.5,992.0,NA
2026-05-28 06:00:00,129.0,304.0,4.35,22.1,15.3,24.5,22.63,1.42,6.03,4.83,11.58,NA,0.4,1.03,0.43,30.98,53.25,1.45,108.75,0.0,0.0,41.0,991.5,NA
2026-05-28 07:00:00,122.0,317.0,5.38,18.8,14.35,25.15,18.25,1.3,5.73,4.13,5.95,NA,0.53,0.63,0.1,31.98,53.5,1.9,102.75,0.0,0.0,127.5,989.25,NA
2026-05-28 08:00:00,102.0,301.0,5.28,17.2,13.45,23.98,16.65,1.13,6.83,2.73,5.28,NA,0.2,0.55,0.1,33.58,49.75,2.95,112.0,0.0,0.0,254.75,984.75,NA
2026-05-28 09:00:00,77.0,279.0,4.55,12.6,10.4,22.75,15.05,1.06,7.78,1.73,3.5,NA,0.2,0.35,0.08,34.68,47.75,2.6,126.5,0.0,0.0,382.25,981.25,NA
2026-05-28 10:00:00,62.0,263.0,3.47,12.78,9.6,22.7,13.08,1.07,10.95,1.5,2.63,NA,0.08,0.3,0.03,35.38,46.75,3.6,125.5,0.0,0.0,469.0,979.75,NA
2026-05-28 11:00:00,68.0,299.0,4.18,11.43,9.5,23.28,11.98,1.02,13.93,1.35,3.13,NA,0.3,0.73,0.25,36.45,44.5,3.55,118.25,0.0,0.0,561.0,977.25,NA
2026-05-28 12:00:00,68.0,274.0,3.53,10.43,8.4,24.73,11.5,0.94,17.1,1.1,3.1,NA,0.38,0.55,0.18,37.58,42.25,2.6,117.25,0.0,0.0,588.0,975.25,NA
2026-05-28 13:00:00,55.0,276.0,3.85,10.75,8.85,25.6,11.6,0.89,20.2,0.95,4.4,NA,0.28,0.6,0.15,38.08,41.75,2.85,124.0,0.0,0.0,566.25,975.0,NA
2026-05-28 14:00:00,57.0,267.0,3.15,10.98,8.4,25.05,12.75,0.86,23.65,0.8,4.53,NA,0.23,0.5,0.08,38.48,40.5,3.0,124.25,0.0,0.0,502.75,974.75,NA
2026-05-28 15:00:00,48.0,241.0,3.38,10.85,8.53,24.53,14.13,0.84,26.68,2.03,9.73,NA,0.43,0.45,0.2,38.55,40.0,3.13,120.5,0.0,0.0,407.25,975.0,NA
2026-05-28 16:00:00,48.0,233.0,3.05,10.05,7.82,24.38,13.68,0.82,27.1,1.55,5.02,NA,0.15,0.43,0.08,38.08,40.25,3.18,110.0,0.0,0.0,265.25,976.25,NA
2026-05-28 17:00:00,45.0,243.0,3.28,11.23,8.63,23.43,12.78,0.8,24.7,0.7,5.68,NA,0.05,0.48,0.05,36.4,44.5,2.58,104.75,0.0,0.0,45.25,981.25,NA
2026-05-28 18:00:00,51.0,240.0,3.1,10.38,8.03,22.08,11.93,0.87,19.1,0.83,2.43,NA,0.65,0.33,0.08,35.43,47.5,1.53,143.75,0.0,0.0,8.25,983.75,NA
2026-05-28 19:00:00,56.0,248.0,2.7,10.83,7.95,22.55,11.5,0.74,18.7,0.7,3.98,NA,0.53,0.58,0.28,34.8,42.5,3.03,186.0,0.0,0.0,5.25,985.25,NA
2026-05-28 20:00:00,33.0,279.0,2.5,8.18,6.4,28.18,9.73,0.55,21.85,0.43,2.23,NA,0.25,0.38,0.1,33.25,42.5,2.5,223.25,0.0,0.0,5.0,988.0,NA
2026-05-28 21:00:00,39.0,414.0,2.8,5.1,5.0,25.98,9.65,0.58,18.75,0.35,1.53,NA,0.1,0.5,0.08,30.65,55.5,1.85,196.0,0.0,0.0,5.0,992.5,NA
2026-05-28 22:00:00,36.0,88.0,2.93,6.53,5.85,26.45,8.9,0.54,18.03,0.43,9.35,NA,0.5,1.72,0.45,30.73,49.75,1.7,193.0,0.0,0.0,5.0,992.25,NA
2026-05-28 23:00:00,20.0,58.0,2.95,10.0,7.7,30.3,8.03,0.6,15.1,0.38,2.25,NA,0.15,0.25,0.03,31.15,49.5,0.7,199.25,0.0,0.0,5.0,991.75,NA
2026-05-29 00:00:00,31.0,67.0,2.85,14.93,10.23,29.43,7.75,0.86,11.68,0.5,3.25,NA,0.43,1.65,0.43,30.95,50.0,1.4,189.75,0.0,0.0,5.0,992.0,NA
2026-05-29 01:00:00,19.0,62.0,3.0,13.1,9.38,32.35,7.5,0.78,13.1,0.43,2.9,NA,0.48,2.1,0.43,30.5,49.75,1.5,202.0,0.0,0.0,5.0,992.5,NA
2026-05-29 02:00:00,27.0,81.0,2.4,11.2,7.9,33.0,7.6,0.82,13.93,0.43,5.68,NA,0.35,1.35,0.35,30.85,50.5,2.15,110.75,0.0,0.0,5.0,991.75,NA
2026-05-29 03:00:00,31.0,251.0,2.7,5.25,5.0,27.78,8.13,0.83,14.25,0.45,2.48,NA,0.05,0.33,0.08,30.1,58.75,2.0,106.75,0.0,0.0,5.0,992.5,NA
2026-05-29 04:00:00,33.0,149.0,2.78,3.65,4.18,26.53,8.35,0.76,16.18,0.4,0.78,NA,0.0,0.03,0.0,29.73,58.75,1.93,117.25,0.0,0.0,5.0,993.0,NA
2026-05-29 05:00:00,28.0,108.0,2.65,4.3,4.45,30.88,8.43,0.76,18.3,0.53,0.68,NA,0.0,0.03,0.0,29.7,57.0,2.18,105.5,0.0,0.0,7.5,993.0,NA
2026-05-29 06:00:00,27.0,95.0,2.88,6.6,5.85,36.2,8.98,0.78,16.88,0.58,0.95,NA,0.0,0.03,0.0,30.0,56.25,2.55,122.0,0.0,0.0,47.5,992.5,NA
2026-05-29 07:00:00,29.0,116.0,3.47,11.1,8.7,38.55,10.38,0.85,15.35,0.7,1.92,NA,0.0,0.08,0.0,31.05,54.0,3.4,140.25,0.0,0.0,155.75,990.25,NA
2026-05-29 08:00:00,51.0,164.0,3.5,9.5,7.9,37.33,10.53,0.87,14.95,0.68,1.0,NA,0.03,0.1,0.0,31.98,51.0,3.95,139.5,0.0,0.0,288.25,987.75,NA
2026-05-29 09:00:00,42.0,153.0,3.45,8.52,7.33,34.85,10.03,0.8,15.08,0.6,0.93,NA,0.03,0.08,0.0,32.55,50.0,4.48,146.25,0.0,0.0,413.75,985.75,NA
2026-05-29 10:00:00,27.0,129.0,3.1,8.05,6.8,34.08,9.73,0.86,20.15,0.5,1.2,NA,0.03,0.1,0.03,33.35,48.0,4.73,148.5,0.0,0.0,434.5,984.0,NA
2026-05-29 11:00:00,27.0,125.0,3.45,8.6,7.43,34.03,10.0,0.89,21.83,0.48,1.7,NA,0.03,0.23,0.08,33.85,48.0,4.23,147.0,0.0,0.0,547.0,982.5,NA
2026-05-29 12:00:00,24.0,132.0,3.45,9.58,7.85,33.53,10.1,0.86,24.25,1.85,5.73,NA,0.1,0.2,0.03,34.83,46.25,4.5,123.75,0.0,0.0,597.5,979.75,NA
2026-05-29 13:00:00,33.0,136.0,3.63,8.88,7.7,34.45,10.98,0.84,27.78,0.58,1.53,NA,0.2,0.2,0.03,35.7,43.25,4.43,134.5,0.0,0.0,650.5,978.0,NA
2026-05-29 14:00:00,31.0,134.0,3.25,6.68,6.23,36.68,12.38,0.82,31.03,0.58,0.98,NA,0.03,0.15,0.0,35.65,43.0,3.83,139.0,0.0,0.0,424.5,979.0,NA
2026-05-29 15:00:00,24.0,128.0,2.63,7.9,6.33,62.43,11.73,0.78,33.2,0.53,1.6,NA,0.0,0.18,0.0,35.65,42.25,3.3,156.0,0.0,0.0,308.75,979.75,NA
2026-05-29 16:00:00,36.0,119.0,3.2,8.7,7.23,42.33,9.7,0.76,33.93,0.7,3.53,NA,0.1,0.3,0.13,34.28,44.75,2.38,155.5,0.0,0.0,77.0,985.25,NA
2026-05-29 17:00:00,28.0,127.0,2.85,10.23,7.75,36.88,8.65,0.8,32.93,0.8,4.13,NA,0.23,0.48,0.15,33.7,46.5,2.2,153.75,0.0,0.0,29.0,987.0,NA
2026-05-29 18:00:00,22.0,124.0,3.35,11.25,8.7,29.5,8.55,0.85,30.18,0.45,3.15,NA,0.23,0.43,0.13,33.6,47.0,3.1,150.0,0.0,0.0,19.0,987.0,NA
2026-05-29 19:00:00,31.0,160.0,2.78,11.53,8.38,29.45,8.48,0.93,28.2,3.88,5.03,NA,0.65,0.83,0.13,32.55,48.25,2.7,141.75,0.0,0.0,9.75,989.0,NA
2026-05-29 20:00:00,23.0,92.0,2.58,13.15,9.1,31.05,7.78,0.9,27.7,8.98,6.48,NA,0.38,0.73,0.18,32.0,44.75,1.73,150.75,0.0,0.0,5.0,990.25,NA
2026-05-29 21:00:00,24.0,102.0,2.88,15.8,10.75,32.1,7.3,0.87,24.55,1.15,3.7,NA,0.53,1.1,0.18,31.2,46.0,2.03,152.0,0.0,0.0,5.0,991.25,NA
2026-05-29 22:00:00,29.0,97.0,2.93,15.05,10.4,31.53,7.33,0.82,23.95,0.95,4.77,NA,0.55,1.9,0.22,30.5,47.5,0.95,140.75,0.0,0.0,5.25,992.25,NA
2026-05-29 23:00:00,18.0,72.0,2.95,14.7,10.23,30.2,7.13,0.75,24.75,0.85,3.3,NA,0.23,0.9,0.25,30.25,47.5,1.13,142.25,0.0,0.0,5.0,992.5,NA
2026-05-30 00:00:00,23.0,62.0,2.43,13.68,9.23,27.58,7.05,0.64,23.95,1.0,2.28,NA,0.13,0.63,0.13,30.33,48.25,1.65,138.75,0.0,0.0,5.0,992.25,NA
2026-05-30 01:00:00,10.25,56.0,2.55,10.18,7.48,25.48,6.9,0.62,24.15,0.6,1.73,NA,0.0,0.18,0.03,29.98,50.25,1.58,158.75,0.0,0.0,5.0,993.0,NA
2026-05-30 02:00:00,11.25,41.0,2.5,9.6,7.2,25.4,6.7,0.65,22.73,0.4,1.2,NA,0.08,0.25,0.08,29.53,53.0,1.0,146.75,0.0,0.0,5.0,993.0,NA
2026-05-30 03:00:00,15.25,42.0,2.83,10.55,7.9,25.03,7.3,0.64,18.23,0.6,1.23,NA,0.0,0.15,0.03,29.0,58.0,1.7,131.5,0.0,0.0,5.0,994.0,NA
2026-05-30 04:00:00,16.75,34.0,3.4,8.28,7.18,23.5,6.25,0.61,18.0,0.45,0.8,NA,0.0,0.08,0.0,28.78,61.0,1.63,156.0,0.0,0.0,5.0,994.0,NA
2026-05-30 05:00:00,14.75,36.0,3.48,7.83,6.98,25.98,6.35,0.63,17.28,0.38,0.65,NA,0.0,0.05,0.0,28.48,62.25,0.95,146.0,0.0,0.0,7.5,994.0,NA
2026-05-30 06:00:00,13.25,39.0,3.95,9.52,8.28,27.03,6.85,0.72,14.13,0.68,1.23,NA,0.0,0.05,0.0,28.73,62.0,1.23,140.0,0.0,0.0,53.25,993.75,NA
2026-05-30 07:00:00,16.75,46.0,4.23,9.85,8.68,28.95,7.45,0.73,15.45,0.6,1.63,NA,0.0,0.1,0.0,30.25,55.75,2.18,149.5,0.0,0.0,173.0,991.0,NA
2026-05-30 08:00:00,19.5,59.0,4.15,9.05,8.2,30.75,8.0,0.72,18.88,0.55,0.63,NA,0.0,0.1,0.0,31.73,49.75,2.63,132.75,0.0,0.0,319.25,987.75,NA
2026-05-30 09:00:00,29.75,77.0,3.8,9.68,8.23,30.7,9.08,0.73,25.5,0.65,0.88,NA,0.0,0.05,0.0,32.95,45.25,3.55,135.0,0.0,0.0,458.0,984.5,NA
2026-05-30 10:00:00,21.0,95.0,3.6,7.63,7.0,29.73,9.65,0.73,31.58,0.48,0.83,NA,0.0,0.1,0.0,33.93,43.0,2.73,137.75,0.0,0.0,563.0,982.0,NA
2026-05-30 11:00:00,17.75,84.0,3.58,7.7,7.03,29.03,10.83,0.79,35.28,10.4,4.38,NA,0.0,0.15,0.0,34.85,42.5,2.53,142.0,0.0,0.0,628.5,979.5,NA
2026-05-30 12:00:00,27.75,113.0,3.28,6.88,6.3,28.15,8.83,0.8,35.58,1.33,1.88,NA,0.08,0.2,0.0,35.5,42.5,2.53,152.25,0.0,0.0,641.0,978.0,NA
2026-05-30 13:00:00,31.0,121.0,3.15,6.08,5.78,27.68,8.28,0.81,36.93,0.98,5.33,NA,0.13,0.33,0.08,36.05,41.0,2.18,144.5,0.0,0.0,617.5,977.0,NA
2026-05-30 14:00:00,25.75,95.0,3.18,6.3,5.93,29.3,8.38,0.75,40.23,0.7,1.75,NA,0.08,0.23,0.08,36.58,39.25,1.25,143.5,0.0,0.0,558.5,976.75,NA
2026-05-30 15:00:00,27.75,84.0,3.23,6.7,6.18,29.03,9.35,0.73,34.3,1.9,1.9,NA,0.0,0.13,0.03,35.28,43.25,3.3,161.0,0.0,0.0,270.75,980.75,NA
2026-05-30 16:00:00,45.5,617.0,3.0,8.13,6.75,28.3,11.0,0.71,21.88,0.7,14.0,NA,0.33,1.45,0.4,29.85,58.75,5.3,188.75,0.0,0.0,81.25,992.0,NA
2026-05-30 17:00:00,30.0,762.0,1.95,4.43,3.97,30.05,8.28,0.69,28.08,0.53,12.4,NA,0.15,1.13,0.23,28.88,59.25,3.78,160.75,0.0,0.0,40.75,993.5,NA
2026-05-30 18:00:00,26.75,108.0,3.7,14.7,10.8,30.9,7.6,0.81,20.43,1.38,34.13,NA,0.8,3.93,0.92,29.63,57.75,0.53,170.25,0.0,0.0,44.75,993.0,NA
2026-05-30 19:00:00,30.25,103.0,3.88,20.03,13.8,28.85,7.9,1.0,17.33,1.85,11.48,NA,2.45,2.13,0.6,29.93,56.0,0.35,168.75,0.0,0.0,11.5,993.0,NA
2026-05-30 20:00:00,37.0,143.0,3.25,12.03,9.05,29.2,8.58,0.88,18.4,1.45,10.6,NA,0.98,1.35,0.5,29.4,57.5,0.3,179.75,0.0,0.0,5.0,993.75,NA
2026-05-30 21:00:00,36.0,228.0,3.6,14.9,10.88,28.78,8.13,0.92,15.95,1.03,3.95,NA,0.4,0.35,0.05,29.08,59.0,0.78,120.0,0.0,0.0,5.0,994.0,NA
2026-05-30 22:00:00,44.0,175.0,3.6,11.48,9.1,27.15,8.05,0.93,14.28,1.13,4.13,NA,0.33,0.55,0.1,29.13,61.5,2.03,108.75,0.0,0.0,5.0,994.0,NA
2026-05-30 23:00:00,41.75,118.0,3.5,10.15,8.23,25.25,8.05,0.81,17.0,0.83,3.18,NA,0.18,0.43,0.08,28.83,61.75,2.23,129.0,0.0,0.0,5.0,994.0,NA
2026-05-31 00:00:00,30.25,84.0,3.23,9.28,7.55,25.43,7.35,0.88,18.05,0.67,1.83,NA,0.03,0.23,0.0,28.53,62.25,0.7,134.5,0.0,0.0,5.0,994.0,NA
2026-05-31 01:00:00,NA,53.0,2.83,11.65,8.48,24.25,7.0,0.88,15.67,0.6,2.43,NA,0.08,0.3,0.0,28.25,63.0,0.3,120.0,0.0,0.0,5.25,994.5,NA
2026-05-31 02:00:00,NA,53.0,3.2,12.8,9.4,24.3,7.0,0.89,13.68,0.63,3.15,NA,0.13,0.3,0.03,27.8,64.75,0.3,128.75,0.0,0.0,5.0,995.0,NA
2026-05-31 03:00:00,NA,53.0,3.43,14.35,10.45,23.0,7.43,0.82,14.85,0.78,2.33,NA,0.08,0.25,0.03,28.03,62.75,0.55,164.25,0.0,0.0,5.0,995.0,NA
2026-05-31 04:00:00,NA,61.0,3.18,12.7,9.33,21.53,8.0,0.8,14.45,0.9,1.53,NA,0.05,0.15,0.0,27.73,65.25,0.3,137.0,0.0,0.0,5.0,995.0,NA
2026-05-31 05:00:00,NA,42.0,3.9,12.15,9.63,21.38,7.45,0.84,13.43,0.8,2.1,NA,0.05,0.25,0.1,27.65,67.0,0.38,152.0,0.0,0.0,7.5,995.0,NA
2026-05-31 06:00:00,NA,52.0,3.45,11.2,8.75,22.18,7.25,0.91,13.8,0.83,1.7,NA,0.0,0.28,0.08,28.15,65.25,0.7,162.5,0.0,0.0,48.25,994.25,NA
2026-05-31 07:00:00,NA,64.0,4.45,11.55,9.78,23.58,8.03,0.95,14.15,0.9,1.53,NA,0.05,0.18,0.03,29.8,59.5,1.58,158.75,0.0,0.0,168.75,991.75,NA
2026-05-31 08:00:00,NA,74.0,4.1,9.0,8.1,23.88,8.4,0.88,18.0,0.65,0.88,NA,0.0,0.1,0.0,30.98,55.5,2.93,169.75,0.0,0.0,305.25,989.25,NA
2026-05-31 09:00:00,NA,78.0,3.73,7.38,6.95,24.7,8.48,0.87,22.18,0.55,0.85,NA,0.0,0.08,0.0,32.55,50.75,1.83,158.25,0.0,0.0,435.75,985.0,NA
2026-05-31 10:00:00,NA,79.0,4.25,5.43,6.33,25.1,8.38,0.88,26.7,0.73,0.73,NA,0.0,0.1,0.0,33.53,48.25,1.7,162.25,0.0,0.0,455.25,982.5,NA
2026-05-31 11:00:00,NA,70.0,3.93,5.8,6.28,25.35,8.33,0.93,31.98,2.18,1.23,NA,0.0,0.13,0.0,33.9,47.5,1.25,133.5,0.0,0.0,400.0,982.0,NA
2026-05-31 12:00:00,31.0,86.0,3.5,6.1,6.1,26.3,8.83,0.93,35.83,0.8,1.05,NA,0.08,0.25,0.05,34.5,45.75,0.75,140.25,0.0,0.0,385.25,980.5,NA
2026-05-31 13:00:00,28.0,81.0,3.45,6.0,6.0,26.73,8.55,0.91,37.28,2.53,1.48,NA,0.05,0.28,0.08,35.18,44.0,1.3,119.5,0.0,0.0,529.25,979.25,NA
2026-05-31 14:00:00,31.0,100.0,3.78,5.55,6.0,26.98,8.78,0.89,38.68,0.77,1.18,NA,0.05,0.2,0.03,35.55,43.0,1.2,118.0,0.0,0.0,362.75,978.75,NA
2026-05-31 15:00:00,31.0,114.0,3.75,5.63,6.05,27.03,8.3,0.9,30.68,0.63,3.85,NA,0.03,0.18,0.0,35.3,45.0,2.0,115.0,0.0,0.0,369.75,980.0,NA
2026-05-31 16:00:00,33.0,140.0,3.7,5.02,5.68,26.35,7.85,0.9,27.5,0.4,10.3,NA,0.03,0.4,0.05,34.48,47.75,2.28,109.75,0.0,0.0,248.5,982.5,NA
2026-05-31 17:00:00,31.0,134.0,3.8,5.08,5.78,25.95,7.58,0.96,26.68,0.4,4.85,NA,0.03,0.15,0.05,33.2,51.5,2.33,112.25,0.0,0.0,71.5,987.0,NA
2026-05-31 18:00:00,30.0,140.0,3.08,4.88,5.1,25.98,7.68,1.09,25.28,0.53,1.75,NA,0.03,0.15,0.03,32.05,54.0,2.13,100.0,0.0,0.0,34.5,989.5,NA
2026-05-31 19:00:00,25.0,125.0,3.55,5.7,5.9,26.7,7.7,1.12,24.58,0.6,0.68,NA,0.05,0.25,0.08,31.28,54.75,0.68,104.75,0.0,0.0,9.25,991.25,NA
2026-05-31 20:00:00,33.0,135.0,3.25,10.2,8.08,26.8,7.45,1.19,22.35,0.93,0.95,NA,0.08,0.22,0.1,30.65,56.75,0.58,102.5,0.0,0.0,5.0,992.0,NA
2026-05-31 21:00:00,35.0,118.0,3.43,9.4,7.78,27.48,7.68,1.21,20.2,0.85,0.98,NA,0.13,0.48,0.05,30.2,57.75,0.33,122.5,0.0,0.0,5.0,992.5,NA
2026-05-31 22:00:00,44.0,180.0,4.35,13.18,10.58,28.13,7.58,1.3,13.7,0.95,1.63,NA,0.18,0.38,0.08,29.55,59.75,0.3,120.0,0.0,0.0,5.0,993.25,NA
2026-05-31 23:00:00,40.0,132.0,4.5,14.38,11.3,27.85,8.2,1.29,10.98,1.08,2.65,NA,0.25,0.58,0.2,29.42,60.0,0.3,127.25,0.0,0.0,5.25,993.25,NA
2026-06-01 00:00:00,40.0,123.0,3.27,12.17,9.17,27.33,10.57,1.01,10.77,1.87,1.8,NA,0.07,0.17,0.03,28.93,63.0,0.3,135.33,0.0,0.0,5.0,994.0,NA
2026-06-01 01:00:00,51.0,110.0,3.85,15.5,11.4,26.9,11.18,0.97,7.53,1.88,3.25,NA,0.1,0.43,0.1,28.78,64.75,0.3,136.0,0.0,0.0,5.0,994.0,NA
2026-06-01 02:00:00,45.0,102.0,4.2,14.6,11.2,26.5,11.4,0.98,7.43,1.8,2.3,NA,0.05,0.3,0.08,28.33,67.5,0.3,118.0,0.0,0.0,5.25,994.5,NA
2026-06-01 03:00:00,44.0,92.0,4.43,11.23,9.58,23.85,10.77,0.97,6.33,1.75,1.88,NA,0.0,0.2,0.05,28.08,69.5,0.3,145.0,0.0,0.0,5.25,995.0,NA
2026-06-01 04:00:00,55.0,97.0,5.08,11.33,10.18,22.85,11.55,1.01,5.38,1.58,2.13,NA,0.05,0.2,0.05,28.15,70.0,0.4,115.25,0.0,0.0,5.0,994.0,NA
2026-06-01 05:00:00,61.0,121.0,4.75,13.33,10.98,24.28,11.38,1.01,4.75,2.08,2.78,NA,0.03,0.25,0.05,28.08,70.25,0.38,118.25,0.0,0.0,7.0,994.5,NA
2026-06-01 06:00:00,62.0,127.0,6.45,15.03,13.25,24.78,11.15,1.09,3.63,2.28,4.03,NA,0.13,0.23,0.05,28.15,71.25,0.33,112.25,0.0,0.0,32.0,994.5,NA
2026-06-01 07:00:00,77.0,151.0,10.15,14.93,16.2,25.55,12.5,1.17,3.2,2.3,4.28,NA,0.15,0.3,0.08,30.1,63.25,0.58,108.75,0.0,0.0,145.75,991.5,NA
2026-06-01 08:00:00,84.0,162.0,7.63,12.1,12.73,25.03,15.73,1.04,4.05,1.88,3.75,NA,0.15,0.3,0.08,31.6,55.75,1.2,114.5,0.0,0.0,239.25,988.0,NA
2026-06-01 09:00:00,57.0,144.0,5.88,9.35,9.75,25.8,16.47,0.93,6.23,1.3,2.45,NA,0.08,0.23,0.05,33.28,49.75,1.15,120.5,0.0,0.0,414.5,983.25,NA
2026-06-01 10:00:00,51.0,124.0,4.18,9.13,8.25,26.25,15.52,0.9,11.85,1.48,2.7,NA,0.0,0.13,0.0,34.25,46.75,1.38,132.75,0.0,0.0,526.5,980.25,NA
2026-06-01 11:00:00,44.0,113.0,3.53,8.25,7.25,26.2,13.25,0.89,19.5,1.25,21.0,NA,0.08,0.08,0.0,34.85,44.5,1.5,132.75,0.0,0.0,596.75,979.0,NA
2026-06-01 12:00:00,39.0,112.0,4.03,8.25,7.7,26.5,11.68,0.87,27.93,1.25,17.03,NA,0.1,0.18,0.0,35.13,44.25,1.78,154.25,0.0,0.0,581.75,978.5,NA
2026-06-01 13:00:00,33.0,121.0,3.95,7.25,7.07,26.08,11.3,0.85,33.85,3.23,4.53,NA,0.05,0.23,0.05,35.3,43.0,1.43,131.75,0.0,0.0,431.0,979.25,NA
2026-06-01 14:00:00,40.0,114.0,2.85,6.73,5.9,26.6,11.35,0.83,40.0,1.1,3.88,NA,0.03,0.25,0.0,35.65,42.5,1.15,145.75,0.0,0.0,445.5,978.5,NA
2026-06-01 15:00:00,34.0,107.0,3.43,7.28,6.68,26.95,11.23,0.81,43.2,0.8,2.35,NA,0.0,0.2,0.0,35.95,41.0,0.95,142.0,0.0,0.0,392.25,978.5,NA
2026-06-01 16:00:00,27.0,106.0,3.65,6.02,6.18,27.38,10.4,0.77,42.13,1.4,2.58,NA,0.03,0.18,0.0,35.5,41.5,1.25,111.75,0.0,0.0,246.25,980.5,NA
2026-06-01 17:00:00,35.0,118.0,3.45,6.2,6.1,26.45,9.93,0.76,38.5,1.8,3.15,NA,0.1,0.3,0.08,33.98,46.0,1.75,107.75,0.0,0.0,71.0,985.75,NA
2026-06-01 18:00:00,33.0,122.0,3.8,5.6,6.05,26.03,9.42,0.74,37.3,0.75,1.92,NA,0.03,0.25,0.05,33.28,47.0,0.95,102.5,0.0,0.0,35.0,987.75,NA
2026-06-01 19:00:00,29.0,124.0,3.2,8.5,7.13,26.5,8.75,0.81,29.43,0.75,1.75,NA,0.03,0.15,0.03,32.55,48.75,0.5,102.75,0.0,0.0,9.0,989.5,NA
2026-06-01 20:00:00,35.0,166.0,3.4,13.98,10.23,26.3,8.9,1.01,20.58,0.8,2.8,NA,0.08,0.25,0.05,31.85,51.5,0.45,97.0,0.0,0.0,5.25,990.75,NA
2026-06-01 21:00:00,56.0,218.0,3.8,17.53,12.4,25.68,9.13,1.08,15.8,1.15,4.78,NA,0.23,0.33,0.18,31.33,54.5,0.38,117.75,0.0,0.0,5.0,991.5,NA
2026-06-01 22:00:00,51.0,194.0,3.63,20.88,14.03,24.38,8.9,1.07,15.28,2.25,6.73,NA,0.5,1.35,0.48,31.18,55.0,0.35,138.25,0.0,0.0,5.25,992.0,NA
2026-06-01 23:00:00,33.0,117.0,3.83,17.3,12.3,24.1,8.65,0.94,17.03,3.35,4.25,NA,0.33,1.23,0.43,30.95,55.75,0.35,138.5,0.0,0.0,5.0,992.0,NA
2026-06-02 00:00:00,33.0,97.0,4.75,18.5,13.7,24.08,8.05,0.91,11.5,3.22,4.55,NA,0.4,1.38,0.53,30.23,59.75,0.3,136.25,0.0,0.0,5.0,993.0,NA
2026-06-02 01:00:00,38.0,97.0,5.4,18.15,14.05,23.98,8.4,0.93,7.88,1.53,6.3,NA,0.33,0.85,0.28,29.98,62.25,0.3,95.0,0.0,0.0,5.0,993.0,NA
2026-06-02 02:00:00,51.0,130.0,5.2,16.1,12.8,24.5,8.8,0.92,7.25,1.28,13.02,NA,0.38,1.1,0.43,29.93,63.0,0.3,130.25,0.0,0.0,5.0,993.0,NA
2026-06-02 03:00:00,52.0,141.0,5.63,15.98,13.08,23.4,9.7,1.06,5.05,2.23,11.55,NA,0.33,0.75,0.15,29.68,65.25,0.3,117.75,0.0,0.0,5.0,993.0,NA
2026-06-02 04:00:00,89.0,180.0,6.35,17.15,14.25,22.7,11.33,1.14,4.48,2.9,8.88,NA,0.25,0.65,0.15,29.28,67.25,0.3,106.0,0.0,0.0,5.0,993.5,NA
2026-06-02 05:00:00,99.0,168.0,5.63,12.48,11.2,23.95,12.9,1.06,4.85,2.38,5.83,NA,0.13,0.25,0.08,28.93,68.25,0.38,87.5,0.0,0.0,7.75,994.0,NA
2026-06-02 06:00:00,83.0,166.0,7.05,15.65,14.05,25.33,14.45,1.24,3.72,2.4,7.18,NA,0.13,0.3,0.03,29.23,67.75,0.4,92.0,0.0,0.0,38.0,993.5,NA
2026-06-02 07:00:00,125.0,232.0,7.25,15.83,14.33,25.88,17.3,1.25,4.38,3.23,8.5,NA,0.15,0.28,0.1,31.03,60.5,0.38,130.75,0.0,0.0,127.75,990.5,NA
2026-06-02 08:00:00,103.0,206.0,6.9,14.55,13.35,25.78,17.9,1.09,5.7,2.63,7.2,NA,0.18,0.4,0.08,32.68,54.5,0.65,123.75,0.0,0.0,246.25,986.25,NA
2026-06-02 09:00:00,70.0,172.0,4.15,12.75,10.15,25.25,15.58,0.93,9.78,1.5,2.88,NA,0.05,0.25,0.05,33.98,50.5,0.93,160.0,0.0,0.0,389.25,981.75,NA
2026-06-02 10:00:00,24.0,136.0,3.88,9.05,7.93,26.2,14.65,0.82,14.8,1.08,1.98,NA,0.05,0.2,0.08,34.78,47.25,1.75,141.75,0.0,0.0,514.5,979.25,NA
2026-06-02 11:00:00,36.0,133.0,3.18,6.3,5.93,26.75,12.95,0.75,20.65,0.65,1.63,NA,0.0,0.23,0.05,35.7,43.5,1.28,153.25,0.0,0.0,587.0,977.25,NA
2026-06-02 12:00:00,30.0,134.0,2.6,8.0,6.4,32.5,6.2,0.42,35.8,0.53,1.78,NA,0.05,0.18,0.03,36.63,39.75,1.15,151.0,0.0,0.0,608.25,975.75,NA
2026-06-02 13:00:00,33.0,99.0,2.33,10.7,7.6,29.4,8.1,0.49,44.25,4.9,3.4,NA,0.05,0.35,0.05,37.08,39.25,1.5,141.25,0.0,0.0,532.75,975.75,NA
2026-06-02 14:00:00,38.0,123.0,2.48,11.38,8.05,30.4,7.5,0.46,48.65,1.4,2.55,NA,0.08,0.28,0.08,36.75,39.5,1.13,139.0,0.0,0.0,368.25,977.0,NA
2026-06-02 15:00:00,29.0,107.0,3.23,10.02,7.95,30.0,6.8,0.43,51.45,3.18,2.3,NA,0.05,0.25,0.03,36.5,40.25,1.15,151.75,0.0,0.0,335.75,978.25,NA
2026-06-02 16:00:00,NA,NA,1.75,11.03,7.3,43.2,6.58,0.4,52.4,0.85,1.8,NA,0.05,0.28,0.03,35.93,42.5,0.83,173.25,0.0,0.0,202.5,980.25,NA
2026-06-02 17:00:00,77.0,112.0,2.9,14.8,10.05,39.1,6.23,0.49,50.83,0.87,2.07,NA,0.2,0.43,0.17,34.67,44.67,0.73,137.33,0.0,0.0,49.67,985.0,NA
2026-06-02 18:00:00,17.0,111.0,2.98,15.2,10.53,30.75,5.7,0.55,43.33,7.9,4.95,NA,0.35,0.5,0.2,34.15,47.0,0.95,178.75,0.0,0.0,40.25,986.25,NA
2026-06-02 19:00:00,52.0,138.0,2.98,15.48,10.65,28.13,5.68,0.61,37.35,1.23,4.88,NA,0.8,0.83,0.3,33.48,48.75,0.43,174.25,0.0,0.0,9.75,987.75,NA
2026-06-02 20:00:00,39.0,156.0,2.03,23.2,14.0,27.2,5.73,0.77,29.18,2.58,4.75,NA,0.6,1.3,0.48,32.75,51.0,0.3,162.0,0.0,0.0,5.0,989.5,NA
2026-06-02 21:00:00,45.0,199.0,4.63,32.88,21.28,27.63,5.83,1.1,16.25,2.3,7.15,NA,0.73,1.98,1.0,31.55,55.5,0.3,163.25,0.0,0.0,5.0,991.5,NA
2026-06-02 22:00:00,61.0,240.0,4.9,35.1,22.65,28.35,6.55,1.17,11.05,2.55,9.83,NA,3.53,2.4,1.1,31.08,58.0,0.3,172.0,0.0,0.0,5.0,992.0,NA
2026-06-02 23:00:00,59.0,232.0,5.05,38.58,24.63,28.48,6.38,1.03,7.85,2.25,11.8,NA,3.78,2.2,1.6,30.73,60.0,0.3,159.75,0.0,0.0,5.0,992.25,NA
2026-06-03 00:00:00,44.0,164.0,7.43,39.5,27.08,29.13,6.53,0.93,4.85,3.05,10.6,NA,1.93,2.8,0.53,30.53,61.5,0.3,175.25,0.0,0.0,5.25,992.75,NA
2026-06-03 01:00:00,75.0,147.0,7.3,35.03,24.53,28.58,6.6,0.95,4.38,2.6,11.18,NA,2.43,2.73,1.2,30.1,63.75,0.3,249.0,0.0,0.0,5.0,993.0,NA
2026-06-03 02:00:00,77.0,162.0,8.4,33.8,24.8,28.6,6.4,0.95,4.25,2.35,15.05,NA,3.85,4.13,1.6,29.65,66.0,0.3,203.5,0.0,0.0,5.0,993.25,NA
2026-06-03 03:00:00,41.0,139.0,7.5,31.6,22.88,28.55,5.9,0.91,3.55,2.25,12.78,NA,2.68,3.35,0.55,29.5,66.25,0.3,163.5,0.0,0.0,5.0,994.0,NA
2026-06-03 04:00:00,53.0,138.0,8.33,29.95,22.73,27.85,5.53,0.89,7.65,2.5,10.65,NA,1.28,2.65,1.0,29.3,67.5,0.3,157.75,0.0,0.0,5.25,994.0,NA
2026-06-03 05:00:00,70.0,147.0,10.75,36.08,27.93,28.28,5.8,0.92,7.25,2.53,11.35,NA,1.58,2.88,1.05,29.15,69.0,0.3,213.25,0.0,0.0,7.75,994.0,NA
2026-06-03 06:00:00,81.0,171.0,12.33,34.43,28.28,27.98,5.7,0.95,4.25,2.73,14.23,NA,3.25,4.5,1.65,29.95,66.5,0.3,233.0,0.0,0.0,55.0,992.5,NA
2026-06-03 07:00:00,77.0,185.0,10.45,31.5,25.28,28.3,6.75,0.89,4.25,2.25,12.68,NA,2.1,3.38,1.38,33.1,55.0,0.3,173.5,0.0,0.0,146.25,986.75,NA
2026-06-03 08:00:00,61.0,199.0,7.48,25.78,19.83,29.7,8.73,0.7,5.85,1.83,7.83,NA,1.0,1.88,0.8,34.63,49.5,0.43,169.5,0.0,0.0,266.75,981.75,NA
2026-06-03 09:00:00,48.0,140.0,4.63,17.0,12.8,31.75,9.05,0.5,9.75,1.05,2.83,NA,0.15,0.85,0.28,35.88,44.75,0.63,134.75,0.0,0.0,395.75,978.0,NA
2026-06-03 10:00:00,30.0,107.0,3.1,11.98,8.88,34.55,8.53,0.45,16.23,0.78,1.6,NA,0.03,0.53,0.1,36.65,42.0,0.8,151.5,0.0,0.0,502.25,976.25,NA
2026-06-03 11:00:00,30.0,118.0,2.43,11.03,7.85,34.8,8.5,0.43,27.08,1.08,3.8,NA,0.05,0.28,0.03,37.4,40.5,0.65,178.25,0.0,0.0,543.75,975.0,NA
2026-06-03 12:00:00,57.0,113.0,1.98,13.43,8.83,36.8,10.45,0.55,42.25,1.88,2.7,NA,0.03,0.45,0.1,37.35,39.75,1.08,155.75,0.0,0.0,422.25,975.75,NA
2026-06-03 13:00:00,57.0,160.0,2.23,13.65,9.08,38.88,12.58,0.54,52.4,1.25,2.98,NA,0.05,0.33,0.05,38.1,38.5,0.8,129.75,0.0,0.0,465.25,975.0,NA
2026-06-03 14:00:00,66.0,156.0,3.15,11.9,8.88,37.3,12.3,0.49,56.25,1.05,5.25,NA,0.0,0.3,0.05,38.15,38.75,0.73,180.5,0.0,0.0,417.0,975.25,NA
2026-06-03 15:00:00,51.0,144.0,3.18,11.15,8.5,33.88,11.33,0.45,54.7,0.88,9.63,NA,0.05,0.3,0.03,38.9,37.0,0.58,168.25,0.0,0.0,378.25,974.5,NA
2026-06-03 16:00:00,58.0,146.0,2.65,9.98,7.43,31.75,9.75,0.41,53.65,0.8,16.5,NA,0.1,0.78,0.15,38.03,37.75,0.58,164.25,0.0,0.0,179.75,976.5,NA
2026-06-03 17:00:00,41.0,129.0,2.65,8.98,6.9,33.23,8.23,0.34,48.55,0.63,17.1,NA,0.2,0.78,0.25,36.65,39.0,0.68,166.0,0.0,0.0,73.0,980.25,NA
2026-06-03 18:00:00,40.0,139.0,2.58,11.38,8.13,35.08,7.08,0.4,47.33,0.63,50.45,NA,0.48,1.63,0.23,35.68,41.5,0.33,141.5,0.0,0.0,32.5,983.25,NA
2026-06-03 19:00:00,53.0,180.0,2.78,25.43,15.77,31.33,7.35,0.63,33.85,1.15,67.28,NA,2.13,5.55,0.92,35.05,42.75,0.65,103.5,0.0,0.0,8.75,985.25,NA
2026-06-03 20:00:00,51.0,237.0,2.7,24.75,15.4,30.08,6.85,0.72,22.78,1.15,36.0,NA,1.3,2.28,0.25,34.23,47.5,0.48,102.0,0.0,0.0,5.25,986.75,NA
2026-06-03 21:00:00,57.0,234.0,3.4,29.03,18.2,32.35,7.75,0.85,16.05,1.67,4.28,NA,0.38,0.83,0.28,33.18,51.25,0.3,138.5,0.0,0.0,5.0,988.75,NA
2026-06-03 22:00:00,63.0,313.0,4.53,34.08,21.83,29.3,8.0,1.02,8.5,1.95,6.63,NA,0.63,2.15,0.8,32.35,54.75,0.3,151.75,0.0,0.0,5.0,990.25,NA
2026-06-03 23:00:00,70.0,271.0,7.4,41.7,28.15,27.5,7.9,1.18,4.85,2.1,8.73,NA,0.2,2.0,0.2,31.9,56.0,0.3,160.75,0.0,0.0,5.25,991.0,NA
2026-06-04 00:00:00,74.0,227.0,7.05,37.75,25.83,28.05,7.75,0.91,4.75,2.55,11.5,NA,1.23,3.13,1.5,32.38,54.0,0.3,174.25,0.0,0.0,5.0,990.25,NA
2026-06-04 01:00:00,69.0,196.0,5.9,31.93,21.78,29.88,6.9,0.71,6.53,1.48,9.75,NA,2.33,3.32,1.48,32.45,53.5,0.4,177.0,0.0,0.0,5.0,990.0,NA
2026-06-04 02:00:00,40.0,155.0,5.3,28.0,19.2,28.9,6.3,0.62,9.2,1.3,7.65,NA,1.68,2.43,0.95,32.48,52.0,0.65,179.5,0.0,0.0,5.0,990.0,NA
2026-06-04 03:00:00,41.0,140.0,3.58,18.5,12.73,27.85,6.13,0.45,11.3,1.4,4.63,NA,0.6,1.2,0.43,31.88,54.5,0.38,186.0,0.0,0.0,5.0,991.0,NA
2026-06-04 04:00:00,29.0,107.0,2.3,15.15,9.95,29.23,6.03,0.44,15.83,1.05,2.75,NA,0.5,1.58,0.25,32.0,54.75,0.55,182.75,0.0,0.0,5.0,990.5,NA
2026-06-04 05:00:00,38.0,90.0,3.45,20.8,13.93,29.0,5.6,0.43,12.73,0.95,3.25,NA,0.48,3.35,0.65,31.33,57.5,0.3,193.5,0.0,0.0,8.0,991.5,NA
2026-06-04 06:00:00,64.0,114.0,4.35,23.98,16.3,28.78,5.43,0.6,10.23,1.3,4.85,NA,0.85,3.25,0.83,32.03,55.75,0.33,187.0,0.0,0.0,42.0,990.0,NA
2026-06-04 07:00:00,85.0,171.0,4.1,23.85,16.03,30.1,6.15,0.59,12.1,1.55,3.43,NA,0.55,1.23,0.38,33.8,50.25,0.43,182.75,0.0,0.0,136.75,985.5,NA
2026-06-04 08:00:00,34.0,146.0,4.28,17.4,12.75,30.1,6.95,0.46,16.5,1.08,2.45,NA,0.23,0.78,0.23,35.58,45.25,0.53,194.75,0.0,0.0,258.25,980.0,NA
2026-06-04 09:00:00,42.0,168.0,4.33,18.05,13.1,30.35,7.63,0.74,18.83,1.15,2.75,NA,0.15,0.63,0.13,36.43,45.5,1.78,121.75,0.0,0.0,365.75,977.75,NA
2026-06-04 10:00:00,92.0,313.0,3.15,17.15,11.7,28.95,9.13,0.72,19.63,2.13,4.3,NA,0.13,0.4,0.13,36.7,45.25,2.03,112.75,0.0,0.0,477.0,977.0,NA
2026-06-04 11:00:00,85.0,289.0,2.68,16.43,10.9,29.7,11.18,0.69,31.48,3.0,4.3,NA,0.08,0.33,0.1,37.68,42.75,2.03,114.0,0.0,0.0,548.0,975.5,NA
2026-06-04 12:00:00,79.0,254.0,3.13,14.88,10.45,30.23,10.8,0.67,41.23,3.28,4.5,NA,0.18,0.53,0.13,38.03,41.5,2.1,120.75,0.0,0.0,546.5,975.0,NA
2026-06-04 13:00:00,58.0,238.0,3.38,14.53,10.53,30.88,10.5,0.6,47.03,3.08,4.83,NA,0.35,0.63,0.13,38.23,41.0,1.4,128.25,0.0,0.0,352.75,975.25,NA
2026-06-04 14:00:00,57.0,226.0,2.33,11.55,7.98,32.05,9.45,0.34,34.35,2.63,4.88,NA,0.05,0.58,0.05,31.63,55.25,2.5,171.25,0.0,0.0,31.25,989.0,NA
2026-06-04 15:00:00,25.0,196.0,2.93,12.48,9.03,36.2,5.98,0.36,25.53,0.68,5.45,NA,0.13,0.5,0.13,30.53,56.25,1.25,127.25,0.0,0.0,99.25,991.25,NA
2026-06-04 16:00:00,40.0,193.0,2.78,9.1,7.1,34.03,4.95,0.23,20.5,0.65,37.0,NA,1.43,4.2,1.53,29.03,65.25,1.03,178.5,0.0,0.0,73.75,993.5,NA
2026-06-04 17:00:00,28.0,81.0,3.4,17.18,11.9,29.88,4.88,0.4,9.95,0.58,6.83,NA,0.48,0.9,0.28,31.5,60.25,0.4,151.0,0.0,0.0,118.5,990.0,NA
2026-06-04 18:00:00,24.0,91.0,5.23,27.88,19.03,28.98,4.73,0.48,8.88,0.68,12.33,NA,0.7,2.18,0.45,31.7,59.5,0.3,154.25,0.0,0.0,35.5,990.25,NA
2026-06-04 19:00:00,20.0,105.0,5.73,24.48,17.7,29.1,4.57,0.48,9.33,1.13,22.17,NA,0.83,2.93,1.0,31.08,60.0,1.43,231.5,0.0,0.0,7.0,991.25,NA
2026-06-04 20:00:00,36.0,372.0,3.2,15.73,10.95,31.1,4.3,0.27,12.3,0.43,5.25,NA,0.4,0.48,0.18,30.33,61.0,0.65,231.0,0.0,0.0,5.0,992.25,NA
2026-06-04 21:00:00,39.0,193.0,3.78,31.05,19.6,29.93,4.53,0.46,6.35,0.65,7.55,NA,0.05,0.33,0.03,29.98,62.75,0.35,174.5,0.0,0.0,5.0,993.0,NA
2026-06-04 22:00:00,42.0,190.0,6.28,35.35,23.88,30.15,5.03,0.63,6.13,0.78,6.88,NA,0.38,0.65,0.23,29.5,65.0,0.68,161.75,0.0,0.0,5.0,993.25,NA
2026-06-04 23:00:00,81.0,202.0,3.9,11.9,9.55,32.65,5.2,0.29,11.05,1.1,13.73,NA,0.5,2.3,0.53,30.28,59.0,5.1,112.0,0.0,0.0,5.0,992.25,NA
2026-06-05 00:00:00,31.0,263.0,1.92,9.78,6.8,32.28,4.48,0.44,19.35,0.5,8.6,NA,0.7,2.5,0.8,29.4,63.25,2.2,75.75,0.0,0.0,5.0,993.0,NA
2026-06-05 01:00:00,42.0,81.0,2.45,10.05,7.35,30.3,4.1,0.44,18.78,0.5,7.83,NA,0.73,2.1,0.9,29.25,65.0,0.43,137.0,0.0,0.0,5.0,993.25,NA
2026-06-05 02:00:00,11.0,39.0,2.8,12.6,9.0,25.2,3.9,0.54,12.2,0.45,3.73,NA,0.03,0.2,0.05,29.08,67.0,0.43,191.25,0.0,0.0,5.0,993.25,NA
2026-06-05 03:00:00,NA,NA,3.33,16.4,11.45,24.43,3.73,0.65,7.65,0.5,2.28,NA,0.05,0.28,0.0,29.15,68.0,0.53,207.25,0.0,0.0,5.25,993.25,NA
2026-06-05 04:00:00,30.0,68.0,3.78,17.28,12.27,23.88,2.93,0.63,7.08,0.48,2.93,NA,0.15,0.38,0.08,28.93,68.25,0.63,229.5,0.0,0.0,5.0,994.0,NA
2026-06-05 05:00:00,36.0,108.0,2.68,13.63,9.4,24.55,3.08,0.55,8.98,0.4,2.43,NA,0.03,0.2,0.05,29.08,64.75,0.68,230.25,0.0,0.0,6.75,993.75,NA
2026-06-05 06:00:00,25.0,74.0,3.35,14.43,10.45,26.33,3.83,0.62,8.17,0.33,1.48,NA,0.0,0.03,0.0,29.0,65.75,0.3,139.5,0.0,0.0,22.75,993.75,NA
2026-06-05 07:00:00,42.0,88.0,4.5,15.5,11.85,28.03,4.58,0.75,6.55,0.78,3.7,NA,0.2,0.23,0.03,29.35,65.5,0.3,220.5,0.0,0.0,56.75,993.0,NA
2026-06-05 08:00:00,36.0,70.0,4.75,18.5,13.68,29.23,4.88,0.76,8.5,0.8,5.15,NA,0.33,0.35,0.05,30.53,59.75,0.38,151.75,0.13,0.5,125.75,991.0,NA
2026-06-05 09:00:00,47.0,95.0,3.97,15.05,11.25,30.35,5.48,0.63,10.05,0.53,5.0,NA,0.1,0.35,0.08,32.18,54.25,0.33,191.0,0.0,0.0,263.25,986.75,NA
2026-06-05 10:00:00,24.0,78.0,3.9,13.05,10.1,29.78,6.07,0.62,16.9,0.45,5.85,NA,0.08,0.73,0.15,33.65,49.5,1.3,146.5,0.0,0.0,422.75,982.25,NA
2026-06-05 11:00:00,34.0,107.0,3.93,11.4,9.28,31.0,7.0,0.55,24.2,0.55,22.6,NA,0.3,1.08,0.28,34.7,45.75,1.78,176.25,0.0,0.0,550.25,980.0,NA
2026-06-05 12:00:00,16.0,103.0,2.9,10.75,8.08,30.9,6.5,0.55,30.85,0.5,28.63,NA,0.28,0.63,0.2,34.93,45.0,2.33,156.5,0.0,0.0,391.25,980.0,NA
2026-06-05 13:00:00,47.0,108.0,2.78,12.95,9.13,30.58,6.55,0.59,35.58,0.45,26.03,NA,0.35,1.03,0.28,36.03,43.25,1.15,153.0,0.0,0.0,503.75,977.5,NA
2026-06-05 14:00:00,66.0,125.0,3.15,13.28,9.63,31.98,9.4,0.58,38.13,0.53,14.88,NA,0.2,0.83,0.2,36.8,41.25,1.1,121.25,0.0,0.0,531.25,976.25,NA
2026-06-05 15:00:00,51.0,110.0,2.58,9.45,7.18,31.15,7.08,0.57,36.18,0.38,20.2,NA,0.28,1.35,0.35,37.5,40.0,0.9,145.75,0.0,0.0,439.5,975.75,NA
2026-06-05 16:00:00,40.0,102.0,2.6,10.63,7.75,34.05,6.25,0.62,38.43,0.43,18.65,NA,0.1,0.7,0.18,36.6,42.5,0.48,137.25,0.0,0.0,270.0,977.75,NA
2026-06-05 17:00:00,39.0,106.0,2.88,10.48,7.93,34.63,5.5,0.67,38.63,1.48,12.18,NA,0.05,0.35,0.05,34.6,48.0,0.5,143.75,0.0,0.0,78.25,984.0,NA
2026-06-05 18:00:00,50.0,105.0,2.83,11.65,8.48,31.93,5.1,0.68,35.75,11.4,11.65,NA,0.03,0.35,0.05,33.78,50.75,0.3,138.0,0.0,0.0,35.5,986.75,NA
2026-06-05 19:00:00,53.0,114.0,2.28,22.63,13.88,58.2,5.88,0.77,25.88,1.3,8.0,NA,0.08,0.55,0.13,32.73,56.0,0.3,123.75,0.0,0.0,7.75,989.5,NA
2026-06-05 20:00:00,106.0,150.0,4.68,32.15,20.93,41.63,5.27,0.91,17.65,1.28,7.43,NA,0.85,1.93,0.55,31.88,61.75,0.3,122.25,0.0,0.0,5.5,991.0,NA
2026-06-05 21:00:00,99.0,164.0,5.9,29.0,20.2,26.65,4.05,0.94,11.35,1.6,3.75,NA,0.5,0.93,0.33,31.25,63.25,0.3,122.25,0.0,0.0,6.0,991.5,NA
2026-06-05 22:00:00,79.0,160.0,5.18,31.68,21.08,25.13,4.05,1.01,7.33,1.55,3.5,NA,0.33,0.75,0.18,30.9,64.75,0.3,119.75,0.0,0.0,6.0,992.0,NA
2026-06-05 23:00:00,78.0,172.0,5.35,27.45,18.93,24.85,4.48,0.92,6.53,1.53,3.75,NA,0.38,0.7,0.2,30.6,64.5,0.3,119.5,0.0,0.0,6.0,992.5,NA
2026-06-06 00:00:00,68.0,156.0,6.1,26.33,19.0,26.7,5.25,0.89,5.05,1.58,10.15,NA,0.43,0.73,0.28,30.2,65.75,0.3,113.25,0.0,0.0,5.75,993.0,NA
2026-06-06 01:00:00,110.0,173.0,9.03,35.4,26.18,28.85,5.88,0.94,3.8,2.13,9.5,NA,0.83,1.38,0.43,29.93,66.75,0.3,130.5,0.0,0.0,5.75,993.0,NA
2026-06-06 02:00:00,83.0,215.0,10.2,34.3,26.6,27.9,5.8,0.95,3.83,1.75,9.58,NA,1.15,1.55,0.55,29.78,67.75,0.3,107.75,0.0,0.0,6.0,993.0,NA
2026-06-06 03:00:00,103.0,180.0,7.98,25.38,20.0,30.55,7.63,1.07,3.63,2.53,9.55,NA,0.48,0.8,0.2,29.4,68.75,0.3,134.0,0.0,0.0,5.5,993.75,NA
2026-06-06 04:00:00,132.0,221.0,9.2,30.43,23.73,33.08,10.55,1.17,3.53,3.53,12.08,NA,0.53,0.7,0.22,29.08,71.25,0.3,152.25,0.0,0.0,5.75,994.0,NA
2026-06-06 05:00:00,132.0,265.0,13.7,35.38,30.03,32.45,10.88,1.27,3.53,4.23,17.4,NA,0.9,1.58,0.35,28.92,73.5,0.3,145.5,0.0,0.0,8.25,994.0,NA
2026-06-06 06:00:00,146.0,289.0,33.28,42.13,49.48,30.48,10.0,1.73,3.95,4.78,22.55,NA,2.35,4.0,1.45,29.58,73.5,0.3,167.0,0.0,0.0,45.5,993.25,NA
2026-06-06 07:00:00,141.0,298.0,17.1,37.73,34.0,27.08,10.03,0.98,3.28,3.18,21.05,NA,4.55,8.45,3.05,32.6,58.75,0.38,208.0,0.0,0.0,151.0,987.25,NA
2026-06-06 08:00:00,61.0,173.0,7.88,23.13,18.68,28.08,10.58,0.63,3.9,1.28,7.38,NA,1.18,4.9,1.28,34.35,52.5,0.8,213.0,0.0,0.0,286.75,982.5,NA
2026-06-06 09:00:00,36.0,147.0,5.13,16.63,12.98,30.22,9.83,0.59,4.95,0.9,3.58,NA,0.2,1.73,0.3,36.13,47.0,0.53,210.0,0.0,0.0,418.0,977.75,NA
2026-06-06 10:00:00,45.0,141.0,3.48,10.8,8.55,33.8,9.08,0.44,6.58,0.43,1.63,NA,0.05,0.33,0.08,37.97,42.5,0.77,202.0,0.0,0.0,509.0,975.0,NA
2026-06-06 11:00:00,27.0,173.0,3.35,9.25,7.6,38.45,8.4,0.32,11.73,0.4,1.75,NA,0.0,0.18,0.0,38.08,41.25,1.1,187.25,2.63,10.5,514.75,974.75,NA
2026-06-06 12:00:00,20.0,193.0,2.63,9.2,7.03,44.03,8.23,0.29,17.43,0.4,2.1,NA,0.0,0.2,0.0,38.03,40.0,1.33,152.25,3.5,14.0,480.25,975.0,NA
2026-06-06 13:00:00,47.0,199.0,2.75,9.15,7.1,48.1,8.38,0.3,24.25,0.3,8.8,NA,0.0,0.13,0.0,39.4,37.0,0.58,151.0,0.0,0.0,473.75,973.25,NA
2026-06-06 14:00:00,41.0,206.0,2.55,7.1,5.88,46.8,9.1,0.26,33.28,0.35,3.1,NA,0.0,0.1,0.0,39.43,35.25,0.95,175.0,0.0,0.0,483.25,973.75,NA
2026-06-06 15:00:00,39.0,161.0,1.58,7.45,5.25,47.0,7.7,0.23,34.03,0.23,3.2,NA,0.05,0.38,0.13,40.35,33.0,0.8,155.75,0.0,0.0,431.75,973.0,NA
2026-06-06 16:00:00,46.0,183.0,1.9,6.55,5.03,42.78,6.9,0.23,36.4,0.2,5.68,NA,0.03,0.38,0.08,39.1,34.5,0.6,149.75,0.0,0.0,257.75,974.75,NA
2026-06-06 17:00:00,29.0,178.0,2.23,9.03,6.65,39.0,6.4,0.28,33.3,0.15,4.08,NA,0.0,0.05,0.0,37.13,38.0,0.4,198.5,0.0,0.0,64.25,979.25,NA
2026-06-06 18:00:00,33.0,180.0,3.15,10.05,7.9,37.0,6.28,0.71,26.08,0.28,5.03,NA,0.13,0.23,0.13,35.28,41.0,0.98,227.0,0.0,0.0,26.25,984.25,NA
2026-06-06 19:00:00,51.0,320.0,2.83,15.38,10.5,37.7,7.65,0.69,19.25,0.55,9.15,NA,0.53,0.45,0.18,34.3,42.5,0.63,210.5,0.0,0.0,9.25,986.5,NA
2026-06-06 20:00:00,35.0,298.0,2.25,19.15,12.08,37.23,8.83,0.77,14.88,0.93,12.23,NA,2.03,1.1,0.52,33.55,44.25,0.65,207.0,0.0,0.0,5.0,988.0,NA
2026-06-06 21:00:00,30.0,218.0,2.3,12.7,8.65,35.78,6.63,0.6,18.53,0.73,5.23,NA,0.58,0.6,0.28,32.65,47.5,0.7,223.5,0.0,0.0,5.0,989.5,NA
2026-06-06 22:00:00,22.0,97.0,2.65,12.03,8.55,35.03,6.0,0.64,14.58,0.45,2.5,NA,0.1,0.15,0.05,31.5,52.5,0.33,230.25,0.0,0.0,5.0,991.25,NA
2026-06-06 23:00:00,23.0,78.0,2.98,14.25,9.98,33.15,6.1,0.66,10.18,0.55,3.78,NA,0.05,0.1,0.05,30.85,56.25,0.3,217.0,0.0,0.0,5.25,992.0,NA
2026-06-07 00:00:00,48.0,110.0,3.18,14.03,10.05,32.05,6.9,0.9,7.85,0.68,3.68,NA,0.05,0.23,0.05,30.83,57.25,0.5,217.0,0.0,0.0,5.0,992.0,NA
2026-06-07 01:00:00,78.0,125.0,3.4,13.63,10.05,33.23,7.2,0.89,6.9,0.65,4.38,NA,0.38,0.33,0.1,30.55,58.5,0.58,216.75,0.0,0.0,5.0,992.0,NA
2026-06-07 02:00:00,39.0,102.0,4.4,13.0,10.5,32.3,6.9,0.87,5.13,0.55,8.7,NA,0.15,0.3,0.1,29.7,62.25,0.3,238.25,0.0,0.0,5.0,993.25,NA
2026-06-07 03:00:00,59.0,107.0,3.7,10.88,8.8,31.43,6.67,0.88,4.78,0.7,6.2,NA,0.15,0.25,0.08,29.18,63.75,0.3,224.5,0.0,0.0,5.0,994.0,NA
2026-06-07 04:00:00,55.0,80.0,4.3,15.88,11.9,35.38,7.38,0.95,4.33,0.75,5.48,NA,0.22,0.23,0.05,29.38,64.75,0.3,226.5,0.0,0.0,5.0,994.0,NA
2026-06-07 05:00:00,31.0,96.0,5.35,19.95,14.95,36.25,7.4,0.95,3.45,0.85,5.63,NA,0.3,0.33,0.1,29.13,65.25,0.3,240.75,0.0,0.0,8.0,994.0,NA
2026-06-07 06:00:00,68.0,125.0,6.33,17.65,14.53,34.8,9.25,1.02,3.72,1.03,7.4,NA,0.05,0.23,0.08,29.43,65.5,0.3,235.0,0.0,0.0,44.0,993.5,NA
2026-06-07 07:00:00,95.0,156.0,5.93,15.58,13.1,36.9,14.28,1.1,4.0,1.25,6.83,NA,0.05,0.18,0.0,31.48,57.75,0.4,236.0,0.0,0.0,136.25,989.25,NA
2026-06-07 08:00:00,88.0,161.0,4.73,11.7,10.08,38.28,20.38,0.98,7.05,1.1,2.78,NA,0.0,0.13,0.0,33.83,49.25,0.7,211.0,0.0,0.0,264.5,983.75,NA
2026-06-07 09:00:00,75.0,112.0,4.13,9.08,8.2,38.58,14.03,0.89,11.75,0.67,2.33,NA,0.03,0.1,0.0,35.25,45.75,0.95,165.5,0.0,0.0,390.0,979.75,NA
2026-06-07 10:00:00,46.0,135.0,3.08,7.5,6.48,36.83,12.38,0.85,15.45,0.43,2.45,NA,0.0,0.15,0.0,37.1,42.25,0.73,173.5,0.0,0.0,495.5,975.75,NA
2026-06-07 11:00:00,50.0,175.0,3.43,7.13,6.58,37.73,13.25,0.84,20.0,0.4,8.23,NA,0.08,0.48,0.1,38.0,40.0,1.23,164.0,0.0,0.0,573.25,974.5,NA
2026-06-07 12:00:00,46.0,226.0,3.05,6.75,6.08,36.35,15.35,0.8,24.18,0.38,8.38,NA,0.1,0.5,0.18,38.9,38.0,1.08,121.5,0.0,0.0,601.75,973.75,NA
2026-06-07 13:00:00,47.0,243.0,2.98,5.2,5.18,35.13,13.8,0.78,25.93,0.23,6.3,NA,0.0,0.23,0.03,40.08,36.0,0.6,147.0,0.0,0.0,585.25,972.5,NA
2026-06-07 14:00:00,39.0,226.0,2.33,4.45,4.23,34.6,11.08,0.79,29.78,0.15,3.63,NA,0.0,0.1,0.03,40.08,36.0,0.9,172.5,0.0,0.0,484.25,973.0,NA
2026-06-07 15:00:00,45.0,213.0,2.88,4.95,4.95,36.28,8.8,0.77,29.03,0.15,6.05,NA,0.08,0.3,0.08,39.8,35.5,1.03,194.75,0.0,0.0,311.5,974.0,NA
2026-06-07 16:00:00,42.0,218.0,2.4,5.38,4.82,36.23,7.55,0.78,29.63,0.18,2.93,NA,0.0,0.1,0.0,39.58,35.5,0.75,202.75,0.0,0.0,236.0,974.5,NA
2026-06-07 17:00:00,30.0,196.0,2.63,4.85,4.7,36.73,6.5,0.8,27.58,0.28,1.58,NA,0.0,0.08,0.0,38.0,37.5,0.53,214.5,0.0,0.0,82.5,977.75,NA
2026-06-07 18:00:00,30.0,194.0,2.08,7.08,5.43,35.93,5.95,0.8,26.2,0.18,1.1,NA,0.03,0.38,0.1,37.25,39.0,0.35,226.0,0.0,0.0,54.25,980.0,NA
2026-06-07 19:00:00,52.0,219.0,2.38,14.17,9.45,34.4,6.35,0.93,19.13,0.28,2.83,NA,0.08,0.53,0.13,35.68,42.75,0.35,226.5,0.0,0.0,15.0,983.5,NA
2026-06-07 20:00:00,52.0,228.0,2.83,11.83,8.58,32.78,6.85,0.94,20.5,0.5,3.13,NA,0.33,1.15,0.23,34.53,43.25,2.55,203.0,0.0,0.0,5.0,985.5,NA
2026-06-07 21:00:00,51.0,197.0,2.35,7.85,6.08,32.68,5.6,0.83,21.43,0.33,0.78,NA,0.03,0.13,0.05,32.75,49.25,0.58,228.0,0.0,0.0,5.0,989.0,NA
2026-06-07 22:00:00,31.0,91.0,2.55,8.45,6.6,31.03,5.15,0.82,19.08,0.3,0.63,NA,0.1,0.05,0.0,32.25,50.25,1.0,224.0,0.0,0.0,5.0,990.0,NA
2026-06-07 23:00:00,25.0,73.0,2.63,9.53,7.18,31.48,6.8,0.88,14.78,0.43,0.8,NA,0.0,0.08,0.0,31.85,53.25,0.4,231.0,0.0,0.0,5.0,990.5,NA
2026-06-08 00:00:00,35.0,70.0,2.83,10.28,7.78,31.0,8.43,0.7,14.2,0.43,0.8,NA,0.0,0.05,0.0,31.23,54.5,0.3,215.75,0.0,0.0,5.0,991.75,NA
2026-06-08 01:00:00,35.0,108.0,3.08,10.33,7.95,29.35,9.45,0.67,15.35,0.33,0.85,NA,0.0,0.05,0.0,31.18,54.25,0.35,232.25,0.0,0.0,5.0,991.5,NA
2026-06-08 02:00:00,38.0,168.0,2.9,12.4,NA,31.7,8.4,0.69,12.98,0.3,0.83,NA,0.08,0.08,0.0,30.92,55.75,0.75,223.0,0.0,0.0,5.0,992.0,NA
2026-06-08 03:00:00,29.0,189.0,2.43,9.48,7.0,28.28,6.03,0.64,13.23,0.2,0.8,NA,0.0,0.05,0.0,30.33,57.5,0.33,237.25,0.0,0.0,5.0,992.5,NA
2026-06-08 04:00:00,13.0,96.0,3.2,10.58,8.07,28.08,7.33,0.69,11.3,0.3,2.13,NA,0.0,0.15,0.0,29.8,59.75,0.3,232.0,0.0,0.0,5.0,993.0,NA
2026-06-08 05:00:00,50.0,122.0,3.28,12.63,9.4,28.95,11.55,0.78,9.08,0.48,1.5,NA,0.03,0.18,0.03,29.7,61.25,0.33,240.0,0.0,0.0,7.75,993.0,NA
2026-06-08 06:00:00,51.0,138.0,3.95,15.53,11.5,27.83,12.33,0.85,6.2,0.7,2.38,NA,0.05,0.1,0.0,30.08,62.75,0.3,232.25,0.0,0.0,43.75,992.5,NA
2026-06-08 07:00:00,46.0,160.0,5.1,16.43,12.88,27.03,13.35,0.89,6.58,0.88,1.88,NA,0.0,0.1,0.0,32.05,57.25,0.48,231.25,0.0,0.0,143.25,988.5,NA
2026-06-08 08:00:00,64.0,197.0,4.33,11.15,9.45,26.63,17.7,0.79,9.48,0.78,1.45,NA,0.0,0.08,0.0,34.25,49.75,1.05,212.0,0.0,0.0,274.75,982.75,NA
2026-06-08 09:00:00,28.0,133.0,3.53,7.75,6.98,26.43,13.38,0.75,11.0,0.53,1.03,NA,0.0,0.03,0.0,36.2,44.75,0.95,217.0,0.0,0.0,410.25,977.5,NA
2026-06-08 10:00:00,33.0,136.0,2.75,6.2,5.53,26.45,10.85,0.71,15.33,0.4,0.53,NA,0.0,0.03,0.0,37.73,41.0,1.25,206.75,0.0,0.0,522.25,975.0,NA
2026-06-08 11:00:00,29.0,171.0,2.83,5.98,5.48,27.15,10.1,0.73,22.43,0.33,0.53,NA,0.0,0.28,0.0,38.78,38.75,1.33,189.25,0.0,0.0,595.0,973.75,NA
2026-06-08 12:00:00,29.0,168.0,3.13,6.0,5.7,27.98,9.33,0.72,28.13,0.8,1.13,NA,0.0,0.17,0.0,39.73,37.0,0.95,210.5,0.0,0.0,621.75,972.75,NA
2026-06-08 13:00:00,30.0,183.0,2.85,5.95,5.5,29.18,8.48,0.72,35.23,0.28,1.8,NA,0.0,0.18,0.0,40.38,35.0,1.65,195.0,0.0,0.0,616.0,972.5,NA
2026-06-08 14:00:00,35.0,219.0,2.88,5.45,5.23,30.33,8.15,0.69,36.33,0.23,0.9,NA,0.0,0.08,0.0,41.5,32.25,1.25,207.5,0.0,0.0,566.75,972.0,NA
2026-06-08 15:00:00,25.0,202.0,2.45,5.6,4.98,31.88,7.1,0.64,44.03,0.2,2.45,NA,0.0,0.55,0.08,41.23,30.5,1.73,190.25,0.0,0.0,424.75,972.5,NA
2026-06-08 16:00:00,25.0,171.0,2.28,5.75,4.93,30.0,6.8,0.63,50.28,0.23,2.6,NA,0.0,0.28,0.05,40.28,31.0,1.23,209.0,0.0,0.0,267.25,973.75,NA
2026-06-08 17:00:00,16.0,153.0,2.58,6.65,5.65,27.05,6.78,0.63,52.13,0.23,6.58,NA,0.05,0.3,0.08,38.6,31.5,0.95,212.75,0.0,0.0,59.25,977.25,NA
2026-06-08 18:00:00,42.0,155.0,2.0,9.03,6.43,22.65,6.9,0.65,46.33,0.2,2.85,NA,0.15,0.88,0.22,37.43,32.5,0.58,219.75,0.0,0.0,31.75,980.5,NA
2026-06-08 19:00:00,38.0,173.0,2.8,21.6,13.75,19.67,7.53,0.87,33.53,0.43,3.13,NA,0.23,1.2,0.43,34.95,37.25,0.3,253.0,0.0,0.0,9.75,986.0,NA
2026-06-08 20:00:00,64.0,280.0,3.1,33.9,20.55,19.33,9.7,1.07,21.42,0.78,7.43,NA,2.18,11.0,2.88,33.23,40.5,0.3,234.75,0.0,0.0,5.0,989.5,NA
2026-06-08 21:00:00,77.0,334.0,3.55,53.23,31.13,19.75,12.03,1.64,14.4,1.95,10.55,NA,1.83,18.0,2.8,32.4,43.25,0.3,233.0,0.0,0.0,5.0,990.5,NA
2026-06-08 22:00:00,106.0,360.0,3.75,46.2,27.53,20.9,18.88,1.42,10.25,3.08,17.83,NA,6.73,43.25,8.38,31.88,44.5,0.35,224.5,0.0,0.0,5.0,991.0,NA
2026-06-08 23:00:00,107.0,315.0,3.0,28.2,17.4,21.58,23.53,1.03,11.83,2.88,12.6,NA,3.7,8.4,2.9,32.55,44.75,0.33,207.75,0.0,0.0,5.0,990.25,NA
2026-06-09 00:00:00,55.0,238.0,2.85,20.08,12.98,23.03,12.1,1.04,10.73,1.3,4.58,NA,1.0,1.23,0.4,32.18,50.0,0.35,209.75,0.0,0.0,5.0,990.25,NA
2026-06-09 01:00:00,53.0,219.0,2.9,18.58,12.23,26.88,11.5,1.01,8.95,1.35,5.45,NA,0.7,1.05,0.35,31.85,52.75,0.35,217.25,0.0,0.0,5.0,991.0,NA
2026-06-09 02:00:00,46.0,182.0,2.7,15.8,10.7,27.9,11.7,0.98,8.35,1.13,4.58,NA,0.48,0.78,0.25,31.48,54.25,0.3,223.25,0.0,0.0,5.25,991.25,NA
2026-06-09 03:00:00,56.0,156.0,2.5,16.68,10.9,25.6,9.2,0.95,6.73,0.88,8.43,NA,0.48,0.5,0.2,30.75,57.25,0.3,221.5,0.0,0.0,5.25,992.25,NA
2026-06-09 04:00:00,41.0,117.0,4.15,19.42,13.7,27.1,8.93,0.97,4.88,1.0,14.55,NA,0.45,0.7,0.23,30.48,59.25,0.63,215.25,0.0,0.0,5.0,992.75,NA
2026-06-09 05:00:00,40.0,125.0,4.05,19.05,13.43,28.13,9.63,0.97,5.18,1.08,7.08,NA,0.18,0.85,0.18,31.1,56.0,0.88,209.0,0.0,0.0,7.25,992.0,NA
2026-06-09 06:00:00,33.0,108.0,4.78,19.05,14.03,27.03,8.4,1.02,5.63,0.93,2.45,NA,0.2,0.73,0.18,31.48,56.75,0.33,221.0,0.0,0.0,41.25,990.75,NA
2026-06-09 07:00:00,51.0,140.0,5.8,18.33,14.5,27.4,8.5,1.05,5.63,1.28,4.05,NA,0.25,0.9,0.18,33.55,52.5,0.73,225.0,0.0,0.0,150.0,985.75,NA
2026-06-09 08:00:00,51.0,158.0,4.38,11.4,9.63,25.95,10.3,0.94,7.25,0.93,2.15,NA,0.05,0.25,0.08,35.6,47.5,1.3,229.25,0.0,0.0,282.5,980.0,NA
2026-06-09 09:00:00,44.0,169.0,3.93,8.4,7.68,24.1,10.15,0.9,9.38,0.48,1.1,NA,0.0,0.13,0.0,37.63,43.25,0.85,222.5,0.0,0.0,413.75,975.75,NA
2026-06-09 10:00:00,38.0,166.0,3.33,6.95,6.38,23.98,10.28,0.86,14.98,0.4,0.48,NA,0.0,0.05,0.0,39.5,38.0,0.63,224.25,0.0,0.0,524.0,973.5,NA
2026-06-09 11:00:00,39.0,146.0,2.6,6.65,5.68,25.35,10.8,0.86,33.9,0.38,3.58,NA,0.0,0.23,0.03,40.45,33.75,0.95,197.75,0.0,0.0,599.75,972.25,NA
2026-06-09 12:00:00,25.0,152.0,2.33,6.3,5.25,28.58,10.7,0.84,51.75,0.3,3.28,NA,0.0,0.35,0.05,41.1,31.0,2.3,172.0,0.0,0.0,623.25,972.0,NA
2026-06-09 13:00:00,27.0,197.0,2.53,6.1,5.33,27.75,10.27,0.81,57.8,0.4,13.7,NA,0.18,0.65,0.15,41.2,30.25,1.85,174.0,0.0,0.0,513.0,972.0,NA
2026-06-09 14:00:00,48.0,179.0,2.9,6.25,5.68,24.13,10.25,0.83,59.63,0.68,7.6,NA,0.0,0.15,0.0,41.63,29.25,1.83,179.5,0.0,0.0,513.25,972.0,NA
2026-06-09 15:00:00,48.0,182.0,1.47,6.93,4.9,22.8,10.6,0.78,64.13,0.55,6.73,NA,0.03,0.3,0.08,41.55,29.0,2.07,194.75,0.0,0.0,412.75,972.5,NA
2026-06-09 16:00:00,28.0,191.0,1.9,6.23,4.83,19.53,9.15,0.79,58.45,0.63,9.98,NA,0.13,0.98,0.23,40.28,30.0,1.4,200.0,0.0,0.0,160.25,974.5,NA
2026-06-09 17:00:00,53.0,183.0,2.95,6.95,6.08,18.58,7.23,0.75,35.18,0.6,2.0,NA,0.05,1.33,0.1,37.05,35.25,1.75,226.25,0.0,0.0,60.75,980.0,NA
2026-06-09 18:00:00,78.0,NA,2.38,7.05,5.68,17.6,6.15,0.74,32.23,0.25,1.2,NA,0.0,0.38,0.03,35.23,38.25,1.83,218.5,0.0,0.0,15.5,984.0,NA
2026-06-09 19:00:00,75.0,NA,2.4,5.15,4.68,16.2,5.0,0.67,41.28,0.2,0.93,NA,0.0,0.75,0.08,36.23,32.0,2.1,212.0,0.0,0.0,6.5,982.5,NA
2026-06-09 20:00:00,27.0,451.0,2.47,12.55,8.73,15.18,4.33,0.76,35.25,0.33,6.93,NA,0.08,0.15,0.03,34.22,37.0,0.93,227.75,0.0,0.0,5.0,986.5,NA
2026-06-09 21:00:00,23.0,55.0,2.25,13.65,9.07,15.03,5.82,0.82,30.05,0.43,5.55,NA,0.03,0.18,0.03,33.15,39.5,0.73,230.5,0.0,0.0,5.0,988.75,NA
2026-06-09 22:00:00,36.0,79.0,3.03,9.5,7.53,15.1,10.33,0.73,32.08,0.53,4.95,NA,0.0,0.33,0.08,34.13,37.75,2.28,186.0,0.0,0.0,5.0,986.5,NA
2026-06-09 23:00:00,36.0,512.0,2.55,5.7,5.13,16.08,4.68,0.64,35.6,0.2,3.55,NA,0.0,0.4,0.1,34.25,38.5,1.83,205.5,0.0,0.0,5.0,987.5,NA
2026-06-10 00:00:00,12.0,141.0,2.88,5.53,5.28,16.33,4.88,0.42,33.93,0.15,6.65,NA,0.03,0.32,0.08,33.93,40.0,2.4,120.75,0.0,0.0,5.0,987.75,NA
2026-06-10 01:00:00,12.0,74.0,2.75,10.8,8.0,18.95,6.13,0.45,21.13,0.2,4.83,NA,0.05,0.18,0.0,32.73,44.75,0.33,221.75,0.0,0.0,5.0,990.0,NA
2026-06-10 02:00:00,23.0,84.0,2.8,13.0,9.2,21.0,5.4,0.49,12.78,0.23,6.23,NA,0.03,0.28,0.05,31.3,50.5,0.35,222.5,0.0,0.0,5.0,991.25,NA
2026-06-10 03:00:00,42.0,92.0,2.58,14.6,9.88,23.2,8.97,0.58,11.35,0.63,5.0,NA,0.03,0.18,0.0,30.93,52.75,0.33,215.0,0.0,0.0,5.0,991.75,NA
2026-06-10 04:00:00,48.0,92.0,3.18,14.23,10.1,24.5,9.0,0.64,8.73,1.08,3.78,NA,0.2,0.45,0.08,30.5,55.5,0.3,179.5,0.0,0.0,5.0,992.0,NA
2026-06-10 05:00:00,31.0,89.0,3.08,16.1,11.05,24.63,7.8,0.65,8.28,1.0,2.65,NA,0.28,0.68,0.25,30.5,56.0,0.53,204.75,0.0,0.0,6.75,992.0,NA
2026-06-10 06:00:00,39.0,91.0,3.95,19.9,13.8,24.88,6.98,0.68,7.15,1.03,2.0,NA,0.13,0.73,0.25,30.9,55.5,0.75,200.75,0.0,0.0,42.25,991.5,NA
2026-06-10 07:00:00,40.0,107.0,4.95,18.68,13.98,24.9,7.0,0.7,8.83,0.98,2.15,NA,0.18,0.73,0.25,32.35,52.25,0.98,210.25,0.0,0.0,131.0,988.25,NA
2026-06-10 08:00:00,42.0,130.0,4.68,14.58,11.55,25.7,7.43,0.66,9.4,0.8,2.0,NA,0.1,0.48,0.1,34.65,49.25,1.4,220.5,0.0,0.0,258.25,982.5,NA
2026-06-10 09:00:00,36.0,147.0,3.45,8.98,7.6,24.15,7.95,0.61,8.53,0.45,0.75,NA,0.0,0.08,0.0,36.53,47.0,2.35,225.5,0.0,0.0,397.0,978.0,NA
2026-06-10 10:00:00,52.0,191.0,3.3,6.53,6.15,21.83,6.68,0.56,7.55,0.23,0.88,NA,0.05,1.75,0.28,38.0,44.5,2.0,224.0,0.0,0.0,510.75,975.0,NA
2026-06-10 11:00:00,22.0,207.0,3.55,5.28,5.7,19.45,5.85,0.56,8.5,0.13,0.75,NA,0.0,0.15,0.0,39.18,41.5,1.6,210.75,0.0,0.0,586.25,973.5,NA
2026-06-10 12:00:00,31.0,241.0,2.8,5.05,4.95,18.6,5.63,0.55,12.05,0.1,0.4,NA,0.0,0.03,0.0,40.23,38.25,1.05,211.0,0.0,0.0,610.75,972.5,NA
2026-06-10 13:00:00,31.0,265.0,3.28,4.45,5.05,18.93,5.88,0.57,21.13,0.1,0.53,NA,0.0,0.0,0.0,40.68,36.75,1.18,203.75,0.0,0.0,543.5,972.5,NA
2026-06-10 14:00:00,48.0,323.0,3.38,5.23,5.58,21.15,5.55,0.54,20.7,0.13,0.25,NA,0.0,0.0,0.0,41.2,35.5,1.0,209.25,0.0,0.0,503.0,972.0,NA
2026-06-10 15:00:00,55.0,305.0,3.25,4.82,5.2,23.45,5.68,0.54,26.93,0.2,0.33,NA,0.0,0.03,0.0,41.4,34.0,1.0,210.0,0.0,0.0,413.0,972.5,NA
2026-06-10 16:00:00,41.0,293.0,2.68,6.13,5.45,26.65,5.73,0.52,34.95,0.18,3.0,NA,0.0,0.4,0.05,40.58,33.5,0.9,204.5,0.0,0.0,256.5,973.5,NA
2026-06-10 17:00:00,38.0,304.0,2.98,5.88,5.53,29.1,5.23,0.5,35.9,0.18,2.43,NA,0.03,0.23,0.03,38.95,35.0,0.85,223.5,0.0,0.0,73.5,976.75,NA
2026-06-10 18:00:00,41.0,323.0,2.15,8.75,6.4,30.63,5.23,0.55,34.2,0.35,0.53,NA,0.0,0.22,0.03,37.83,37.0,0.4,224.25,0.0,0.0,37.25,979.5,NA
2026-06-10 19:00:00,38.0,326.0,2.73,20.88,13.35,28.3,5.35,0.78,21.33,0.73,1.43,NA,0.25,1.88,0.45,35.8,41.5,0.3,268.0,0.0,0.0,10.0,983.5,NA
2026-06-10 20:00:00,64.0,420.0,2.58,28.9,17.48,27.9,8.75,0.93,15.68,2.5,5.2,NA,2.25,12.3,2.63,34.7,43.75,0.3,267.0,0.0,0.0,5.0,986.25,NA
2026-06-10 21:00:00,75.0,361.0,3.93,43.63,26.35,27.2,20.75,1.54,8.15,2.0,8.98,NA,0.98,1.8,0.83,34.6,44.75,0.3,216.0,0.0,0.0,5.0,986.5,NA
2026-06-10 22:00:00,99.0,392.0,4.23,40.88,25.18,26.45,20.75,1.22,6.18,2.65,18.68,NA,4.88,3.25,1.73,35.15,44.0,0.3,214.75,0.0,0.0,5.0,985.0,NA
2026-06-10 23:00:00,101.0,416.0,5.18,40.45,25.73,25.05,17.75,1.27,9.55,3.13,38.83,NA,3.6,3.83,2.68,34.45,47.5,0.3,234.0,0.0,0.0,5.0,986.5,NA
2026-06-11 00:00:00,84.0,383.0,5.58,34.45,22.9,23.3,16.63,1.28,5.85,2.78,49.2,NA,6.8,3.43,1.98,33.7,50.75,0.3,242.25,0.0,0.0,5.0,987.75,NA
2026-06-11 01:00:00,80.0,284.0,5.23,23.73,16.85,21.18,16.58,0.97,4.25,1.78,24.03,NA,2.9,2.65,1.28,33.48,50.75,0.3,221.5,0.0,0.0,5.0,988.0,NA
2026-06-11 02:00:00,50.0,158.0,3.9,19.9,13.8,20.9,16.8,0.85,4.8,1.13,7.05,NA,0.2,0.45,0.13,33.2,51.5,0.3,221.5,0.0,0.0,5.25,988.5,NA
2026-06-11 03:00:00,57.0,141.0,4.4,17.63,12.93,20.13,15.07,0.74,4.1,0.95,5.8,NA,0.28,0.4,0.1,32.73,53.5,0.3,181.25,0.0,0.0,5.0,989.5,NA
2026-06-11 04:00:00,44.0,132.0,8.3,20.98,17.9,19.08,13.15,0.72,4.05,1.43,6.43,NA,0.65,1.33,0.4,32.57,55.5,0.3,155.75,0.0,0.0,5.0,989.5,NA
2026-06-11 05:00:00,57.0,155.0,6.58,17.8,14.83,19.42,11.5,0.68,3.45,0.95,5.08,NA,0.2,0.6,0.15,33.2,52.75,0.4,172.5,0.0,0.0,6.25,988.5,NA
2026-06-11 06:00:00,36.0,140.0,6.83,18.3,15.33,20.03,10.4,0.7,4.4,0.98,3.15,NA,0.23,0.58,0.18,33.1,50.25,1.43,121.0,0.0,0.0,31.25,988.0,NA
2026-06-11 07:00:00,18.0,116.0,5.45,14.75,12.3,21.55,9.48,0.73,5.53,1.05,1.9,NA,0.08,0.33,0.1,33.08,49.0,3.45,164.25,0.0,0.0,118.75,987.25,NA
2026-06-11 08:00:00,42.0,143.0,4.03,11.95,9.63,24.2,8.55,0.7,9.08,1.0,1.7,NA,0.08,0.28,0.05,33.0,49.25,3.1,136.75,0.0,0.0,122.5,986.75,NA
2026-06-11 09:00:00,63.0,354.0,3.97,9.87,8.47,24.7,7.37,0.69,10.0,0.83,3.35,NA,0.13,0.85,0.2,32.18,55.25,3.03,105.25,0.0,0.0,345.5,987.25,NA
2026-06-11 10:00:00,9.0,194.0,3.8,7.55,7.15,20.35,7.15,0.68,11.4,0.6,24.75,NA,0.03,0.13,0.0,33.08,51.75,4.0,116.0,0.0,0.0,405.25,985.0,NA
2026-06-11 11:00:00,40.0,149.0,2.48,9.73,7.2,22.55,7.18,0.67,18.57,0.73,29.3,NA,0.13,0.18,0.05,34.4,47.75,3.48,124.75,0.0,0.0,516.0,981.5,NA
2026-06-11 12:00:00,46.0,143.0,3.13,10.45,8.1,24.45,7.55,0.73,21.78,1.75,6.3,NA,0.1,0.38,0.1,35.83,44.0,3.1,144.25,0.0,0.0,574.0,978.25,NA
2026-06-11 13:00:00,35.0,151.0,4.03,8.4,7.73,22.33,8.05,0.69,24.73,0.83,4.05,NA,0.13,0.48,0.13,36.65,41.5,4.0,161.75,0.0,0.0,555.75,977.0,NA
2026-06-11 14:00:00,17.0,146.0,2.73,7.6,6.28,21.18,7.0,0.78,25.4,0.73,3.63,NA,0.03,0.25,0.1,37.13,40.5,4.1,165.0,0.0,0.0,493.5,976.5,NA
2026-06-11 15:00:00,39.0,128.0,2.73,7.3,6.13,20.73,5.85,0.92,27.03,0.55,2.73,NA,0.15,0.28,0.08,37.2,41.0,3.15,153.25,0.0,0.0,383.25,977.0,NA
2026-06-11 16:00:00,34.0,149.0,2.2,8.3,6.23,20.6,5.53,0.99,27.95,0.7,2.5,NA,0.2,0.38,0.13,37.0,41.25,3.05,133.0,0.0,0.0,245.5,978.0,NA
2026-06-11 17:00:00,18.0,127.0,2.35,9.83,7.13,20.98,6.13,0.94,28.95,0.55,3.83,NA,0.58,1.33,0.33,35.88,43.5,3.45,126.0,0.0,0.0,83.25,981.75,NA
2026-06-11 18:00:00,29.0,143.0,2.75,14.83,10.13,22.18,7.8,0.99,23.45,0.63,8.23,NA,0.53,2.13,0.58,34.73,48.0,3.3,117.5,0.0,0.0,41.5,984.75,NA
2026-06-11 19:00:00,35.0,127.0,2.75,15.73,10.58,21.58,8.48,0.95,17.58,0.68,12.78,NA,0.3,0.73,0.28,33.5,52.75,3.18,116.75,0.0,0.0,8.25,987.5,NA
2026-06-11 20:00:00,31.0,155.0,4.23,18.4,13.23,20.8,9.43,1.02,15.35,0.85,41.25,NA,0.45,0.5,0.08,32.75,56.5,3.98,116.0,0.0,0.0,5.0,989.0,NA
2026-06-11 21:00:00,39.0,138.0,3.75,13.63,10.33,19.68,9.7,1.09,15.23,0.68,4.68,NA,0.15,0.33,0.08,32.45,58.0,3.7,128.5,0.0,0.0,5.0,989.0,NA
2026-06-11 22:00:00,28.0,108.0,2.88,10.18,7.73,18.63,8.03,0.96,15.45,0.58,3.05,NA,0.05,0.28,0.05,32.28,59.25,2.38,145.0,0.0,0.0,5.0,989.25,NA
2026-06-11 23:00:00,44.0,166.0,3.33,8.13,7.03,18.15,6.0,0.88,11.4,0.53,13.02,NA,0.3,0.88,0.3,29.35,71.25,4.8,96.75,0.25,1.0,5.0,993.25,NA
2026-06-12 00:00:00,17.0,59.0,2.32,5.48,4.78,18.4,5.1,1.2,12.4,0.3,4.58,NA,0.03,0.18,0.03,28.08,76.75,3.78,117.25,0.25,1.0,5.0,994.0,NA
2026-06-12 01:00:00,NA,NA,3.1,4.8,5.08,19.53,4.43,1.16,13.65,0.23,3.1,NA,0.0,0.1,0.0,28.58,73.5,3.78,120.0,0.0,0.0,5.0,994.0,NA
2026-06-12 02:00:00,18.0,33.0,3.8,6.0,6.3,20.2,4.4,1.04,14.48,0.23,5.15,NA,0.0,0.08,0.0,28.3,72.75,2.4,113.25,0.0,0.0,5.0,994.0,NA
2026-06-12 03:00:00,NA,NA,3.43,2.7,4.23,20.03,3.77,1.17,11.95,0.2,0.6,NA,0.0,0.0,0.0,27.98,74.75,4.8,115.5,0.0,0.0,5.0,994.0,NA
2026-06-12 04:00:00,24.0,35.0,3.03,5.03,5.13,20.8,3.73,1.1,12.18,0.3,0.75,NA,0.0,0.03,0.0,28.48,70.75,4.25,131.25,0.0,0.0,5.0,994.0,NA
2026-06-12 05:00:00,17.0,31.0,3.25,9.8,7.85,22.38,3.93,1.11,11.05,0.33,1.33,NA,0.0,0.0,0.0,28.83,67.5,2.43,125.5,0.0,0.0,5.75,994.0,NA
2026-06-12 06:00:00,36.0,41.0,3.03,7.2,6.33,23.58,4.2,1.15,9.95,0.38,0.8,NA,0.0,0.1,0.0,28.43,72.5,2.7,108.75,0.0,0.0,21.75,994.0,NA
2026-06-12 07:00:00,9.0,28.0,3.15,9.23,7.48,22.08,4.35,1.25,8.45,0.45,0.55,NA,0.0,0.03,0.0,28.73,72.5,2.5,116.0,0.0,0.0,38.75,994.0,NA
2026-06-12 08:00:00,27.0,39.0,3.5,9.73,8.03,21.75,4.78,1.25,9.4,0.6,1.08,NA,0.0,0.05,0.0,29.7,68.0,3.15,150.5,0.0,0.0,148.0,992.25,NA
2026-06-12 09:00:00,28.0,57.0,3.63,8.55,7.53,21.58,5.03,1.3,11.88,0.58,1.13,NA,0.0,0.08,0.0,31.05,62.0,4.43,143.5,0.0,0.0,295.75,989.5,NA
2026-06-12 10:00:00,23.0,52.0,3.5,9.38,7.85,21.93,5.08,1.28,14.58,0.48,1.05,NA,0.0,0.15,0.0,32.78,54.75,3.08,119.25,0.0,0.0,465.0,985.25,NA
2026-06-12 11:00:00,31.0,78.0,4.25,11.5,9.6,22.3,5.38,1.25,15.8,0.58,2.43,NA,0.08,0.33,0.1,33.73,52.0,2.75,106.25,0.0,0.0,483.75,982.75,NA
2026-06-12 12:00:00,18.0,67.0,4.93,13.88,11.35,22.13,7.88,1.27,16.68,0.58,2.78,NA,0.05,0.28,0.1,34.15,49.75,3.2,108.75,0.0,0.0,488.25,981.75,NA
2026-06-12 13:00:00,20.0,78.0,3.97,11.7,9.5,22.4,9.2,1.27,19.95,0.6,3.08,NA,0.18,0.22,0.1,34.73,49.5,2.38,110.25,0.0,0.0,532.5,980.25,NA
2026-06-12 14:00:00,39.0,80.0,3.63,11.68,9.18,22.25,8.2,1.34,22.75,0.63,3.33,NA,0.15,0.25,0.1,35.1,48.5,2.28,111.25,0.0,0.0,488.25,979.75,NA
2026-06-12 15:00:00,31.0,92.0,3.82,11.35,9.15,22.05,7.45,1.4,25.18,0.73,4.08,NA,0.2,0.4,0.1,35.2,47.0,1.75,112.75,0.0,0.0,392.25,979.75,NA
2026-06-12 16:00:00,30.0,95.0,3.75,9.5,8.1,22.3,6.2,1.39,18.75,0.83,4.13,NA,0.1,0.43,0.1,33.9,53.5,2.25,100.0,0.0,0.0,196.5,984.0,NA
2026-06-12 17:00:00,33.0,80.0,3.45,9.35,7.75,20.95,5.78,1.42,16.3,0.67,2.68,NA,0.05,0.4,0.1,32.88,57.25,1.75,100.0,0.0,0.0,82.75,987.25,NA
2026-06-12 18:00:00,48.0,102.0,2.95,9.15,7.25,21.33,5.9,1.48,14.23,0.68,2.23,NA,0.1,0.65,0.1,32.2,59.75,1.4,99.75,0.0,0.0,40.75,989.5,NA
2026-06-12 19:00:00,33.0,95.0,2.93,11.0,8.23,20.7,5.33,1.48,12.1,0.78,7.95,NA,0.2,1.08,0.22,31.45,62.25,1.38,97.25,0.0,0.0,9.5,990.75,NA
2026-06-12 20:00:00,47.0,107.0,3.15,13.68,9.85,20.93,4.8,1.6,9.95,0.93,6.83,NA,0.35,1.4,0.48,30.98,64.5,1.23,94.75,0.0,0.0,5.0,991.75,NA
2026-06-12 21:00:00,51.0,121.0,3.88,16.28,11.8,21.63,4.88,1.69,7.28,1.18,4.48,NA,0.55,1.95,0.7,30.75,66.0,0.78,104.25,0.0,0.0,5.25,992.0,NA
2026-06-12 22:00:00,78.0,158.0,4.65,20.9,14.9,22.05,5.58,1.73,5.25,1.53,6.33,NA,0.65,1.35,0.38,30.7,66.0,0.43,97.25,0.0,0.0,5.0,992.0,NA
2026-06-12 23:00:00,62.0,133.0,4.15,15.7,11.75,22.25,6.05,1.52,5.9,1.4,5.35,NA,0.6,1.17,0.6,30.35,66.0,1.78,173.25,0.0,0.0,5.25,992.25,NA
2026-06-13 00:00:00,38.0,331.0,2.75,4.4,4.58,22.88,5.63,0.93,8.38,0.38,1.83,NA,0.13,0.35,0.18,27.28,82.5,1.53,215.25,4.0,16.0,5.0,994.75,NA
2026-06-13 01:00:00,36.0,51.0,2.63,4.33,4.4,22.58,4.88,0.97,7.05,0.15,1.68,NA,0.03,0.15,0.03,26.93,86.75,0.48,144.75,0.5,2.0,5.0,995.0,NA
2026-06-13 02:00:00,27.0,35.0,2.3,4.7,4.4,23.2,4.4,0.92,6.5,0.38,5.2,NA,0.15,0.45,0.18,27.18,86.5,1.35,129.25,0.0,0.0,5.0,995.0,NA
2026-06-13 03:00:00,NA,NA,3.48,7.63,6.9,23.15,3.47,0.97,6.43,0.43,2.05,NA,0.03,0.2,0.0,27.28,81.75,0.53,224.75,0.0,0.0,5.0,995.0,NA
2026-06-13 04:00:00,29.0,52.0,2.6,7.65,6.2,24.9,3.48,0.91,7.75,0.2,0.73,NA,0.0,0.0,0.0,27.68,77.0,0.43,229.75,0.0,0.0,5.0,995.0,NA
2026-06-13 05:00:00,34.0,140.0,3.65,7.33,6.83,26.28,3.9,0.95,6.25,0.25,1.8,NA,0.0,0.05,0.0,27.55,77.25,0.3,216.0,0.0,0.0,6.5,995.0,NA
2026-06-13 06:00:00,42.0,77.0,3.68,9.45,7.67,25.2,4.03,1.01,5.33,0.35,1.53,NA,0.03,0.08,0.0,27.6,77.75,0.3,219.5,0.0,0.0,28.25,995.0,NA
2026-06-13 07:00:00,53.0,108.0,4.33,11.58,9.65,25.55,4.28,1.17,4.98,0.65,7.55,NA,0.08,0.15,0.03,28.53,74.25,0.3,171.5,0.0,0.0,79.0,993.75,NA
2026-06-13 08:00:00,38.0,107.0,5.13,13.13,11.13,25.25,5.2,1.16,5.82,0.75,4.73,NA,0.08,0.18,0.03,30.53,65.25,0.3,149.25,0.0,0.0,233.5,990.0,NA
2026-06-13 09:00:00,47.0,110.0,4.75,13.73,11.15,25.23,6.25,1.13,8.68,0.78,3.03,NA,0.1,0.23,0.08,32.63,55.0,0.3,141.75,0.0,0.0,396.0,985.0,NA
2026-06-13 10:00:00,27.0,96.0,3.93,15.38,11.33,26.0,6.7,1.11,16.55,0.65,2.38,NA,0.1,0.3,0.1,33.75,50.25,0.3,141.25,0.0,0.0,361.75,981.5,NA
2026-06-13 11:00:00,36.0,130.0,4.0,21.8,14.78,25.48,6.05,1.2,21.85,0.7,2.83,NA,0.13,0.78,0.18,33.48,52.0,0.3,155.25,0.0,0.0,224.75,984.5,NA
2026-06-13 12:00:00,30.0,105.0,3.58,13.2,9.95,25.63,6.08,1.19,30.53,1.0,4.43,NA,0.58,1.03,0.35,35.25,45.75,0.3,161.5,0.0,0.0,476.25,978.75,NA
2026-06-13 13:00:00,48.0,114.0,2.9,14.48,10.1,26.35,6.18,1.22,38.78,0.68,3.03,NA,0.58,0.9,0.3,35.75,45.5,0.3,212.5,0.0,0.0,376.25,978.5,NA
2026-06-13 14:00:00,56.0,116.0,2.68,16.43,10.93,25.75,6.23,1.19,46.08,0.88,4.68,NA,0.23,0.68,0.15,37.13,42.75,0.3,163.25,0.0,0.0,532.75,975.5,NA
2026-06-13 15:00:00,40.0,134.0,3.03,16.7,11.33,25.63,7.5,1.15,52.9,0.78,8.55,NA,0.08,0.63,0.05,36.98,42.25,0.3,167.25,0.0,0.0,410.75,976.0,NA
2026-06-13 16:00:00,48.0,134.0,2.35,15.25,10.03,26.3,7.93,1.11,49.18,0.6,6.7,NA,0.08,0.45,0.03,36.33,42.75,0.3,213.5,0.0,0.0,268.5,978.0,NA
2026-06-13 17:00:00,45.0,138.0,2.63,15.43,10.38,26.33,7.28,1.06,51.13,0.53,5.35,NA,0.03,0.25,0.0,34.53,46.75,0.3,177.25,0.0,0.0,80.25,984.25,NA
2026-06-13 18:00:00,51.0,129.0,2.43,13.23,9.13,26.73,7.28,1.03,43.33,0.98,15.48,NA,0.6,3.43,0.75,33.63,47.75,0.3,158.25,0.0,0.0,39.5,987.0,NA
2026-06-13 19:00:00,45.0,112.0,2.88,14.08,9.83,27.55,6.9,1.07,33.0,1.28,18.0,NA,0.98,3.85,1.23,32.18,52.75,0.3,158.0,0.0,0.0,10.5,990.0,NA
2026-06-13 20:00:00,62.0,122.0,2.93,29.25,17.95,27.35,5.65,1.35,17.58,0.8,11.98,NA,0.38,1.38,0.45,30.63,60.25,0.3,174.75,0.0,0.0,5.0,992.5,NA
2026-06-13 21:00:00,66.0,140.0,3.2,31.95,19.6,25.98,5.23,1.44,14.9,1.3,6.38,NA,0.28,1.85,0.63,29.98,63.75,0.3,208.0,0.0,0.0,5.0,993.0,NA
2026-06-13 22:00:00,79.0,179.0,3.83,35.28,21.93,25.95,6.33,1.59,12.13,1.5,4.83,NA,0.45,2.13,0.73,29.73,65.0,0.3,242.75,0.0,0.0,5.0,993.5,NA
2026-06-13 23:00:00,107.0,210.0,3.7,36.48,22.43,25.15,7.35,1.46,8.53,1.25,4.8,NA,0.55,2.93,0.88,29.28,67.25,0.3,226.25,0.0,0.0,5.0,994.0,NA
2026-06-14 00:00:00,143.0,229.0,3.43,38.3,23.15,25.5,12.8,1.44,6.18,1.05,11.53,NA,0.93,1.05,0.4,29.25,67.5,0.3,229.5,0.0,0.0,5.0,994.0,NA
2026-06-14 01:00:00,112.0,229.0,6.33,42.58,27.78,26.65,12.3,1.47,4.05,1.23,21.9,NA,1.05,1.1,0.43,28.85,71.0,0.3,214.5,0.0,0.0,5.0,994.0,NA
2026-06-14 02:00:00,105.0,207.0,6.9,44.0,29.0,27.0,10.6,1.44,4.15,1.63,27.65,NA,2.98,1.93,0.73,29.03,71.5,0.3,210.25,0.0,0.0,5.0,994.0,NA
2026-06-14 03:00:00,206.0,327.0,8.08,31.13,23.15,25.58,10.9,1.45,4.43,1.8,16.65,NA,1.53,1.38,0.53,28.88,72.25,0.3,258.25,0.0,0.0,5.0,994.0,NA
2026-06-14 04:00:00,173.0,304.0,5.93,26.4,18.88,26.13,12.98,1.47,4.13,1.83,17.33,NA,0.95,1.28,0.53,28.45,74.5,0.3,257.5,0.0,0.0,5.0,994.25,NA
2026-06-14 05:00:00,153.0,260.0,6.6,24.5,18.4,26.73,13.33,1.48,5.25,1.75,13.9,NA,0.48,1.4,0.35,28.3,76.5,0.3,257.25,0.0,0.0,8.25,995.0,NA
2026-06-14 06:00:00,166.0,291.0,11.6,27.33,23.98,26.5,15.83,1.82,3.8,2.08,16.28,NA,0.65,1.75,0.58,28.8,75.75,0.3,238.25,0.0,0.0,42.75,993.75,NA
2026-06-14 07:00:00,251.0,416.0,15.38,29.35,28.1,26.13,26.58,1.89,3.98,2.85,21.93,NA,1.15,2.63,0.88,31.48,64.5,0.3,172.0,0.0,0.0,140.0,989.75,NA
2026-06-14 08:00:00,233.0,377.0,7.7,12.2,12.7,27.18,38.08,1.3,3.97,2.25,12.78,NA,1.05,1.8,0.48,34.7,48.25,0.3,202.25,0.0,0.0,280.0,982.25,NA
2026-06-14 09:00:00,55.0,112.0,4.28,10.1,8.88,29.15,24.3,1.11,7.05,0.83,2.38,NA,0.08,0.3,0.08,35.98,44.5,0.3,211.25,0.0,0.0,409.5,978.0,NA
2026-06-14 10:00:00,44.0,103.0,4.15,10.15,8.8,30.18,17.63,1.06,14.68,0.5,1.78,NA,0.0,0.08,0.0,37.2,41.75,0.3,177.75,0.0,0.0,507.25,975.5,NA
2026-06-14 11:00:00,33.0,105.0,3.23,8.3,7.08,29.8,14.85,1.01,19.63,0.38,1.0,NA,0.0,0.05,0.0,37.43,41.75,0.55,182.75,0.0,0.0,571.0,975.0,NA
2026-06-14 12:00:00,31.0,113.0,3.13,6.5,6.0,29.75,12.33,1.03,19.9,0.25,1.08,NA,0.0,0.0,0.0,38.05,40.25,0.55,208.75,0.0,0.0,599.25,974.5,NA
2026-06-14 13:00:00,34.0,119.0,3.48,6.15,6.1,29.4,11.18,0.97,24.7,0.25,1.0,NA,0.0,0.13,0.0,38.4,39.5,0.6,198.25,0.0,0.0,495.0,974.25,NA
2026-06-14 14:00:00,29.0,134.0,2.88,7.23,6.18,27.95,9.43,1.01,27.6,0.2,2.95,NA,0.0,0.08,0.0,38.3,40.75,0.75,197.25,0.0,0.0,452.25,974.75,NA
2026-06-14 15:00:00,30.0,143.0,3.4,6.43,6.18,27.05,8.85,1.0,34.03,0.2,5.58,NA,0.0,0.2,0.0,38.53,39.5,0.85,177.0,0.0,0.0,400.25,975.0,NA
2026-06-14 16:00:00,30.0,150.0,2.65,7.55,6.13,26.9,7.88,1.02,34.5,0.2,4.25,NA,0.03,0.3,0.05,37.48,41.0,0.95,204.5,0.0,0.0,249.75,976.75,NA
2026-06-14 17:00:00,39.0,173.0,3.0,7.2,6.25,26.9,7.18,1.03,38.43,0.2,4.05,NA,0.0,0.15,0.0,36.13,42.5,1.78,162.75,0.0,0.0,80.0,981.25,NA
2026-06-14 18:00:00,61.0,194.0,2.53,7.83,6.2,28.33,7.0,1.11,35.88,0.38,23.03,NA,0.38,2.18,0.63,35.43,45.25,1.3,113.75,0.0,0.0,41.5,983.5,NA
2026-06-14 19:00:00,41.0,193.0,2.1,10.93,7.53,28.0,7.15,1.19,32.35,1.03,52.33,NA,2.45,7.03,2.6,34.32,48.0,0.55,161.5,0.0,0.0,12.5,986.5,NA
2026-06-14 20:00:00,57.0,206.0,1.67,16.83,10.33,28.58,7.05,1.36,20.8,1.5,36.13,NA,1.3,3.95,1.05,32.6,53.5,0.3,246.0,0.0,0.0,5.0,989.75,NA
2026-06-14 21:00:00,69.0,212.0,3.53,25.28,16.33,27.6,7.0,1.66,12.55,1.55,28.18,NA,2.33,4.15,1.9,31.88,56.0,0.3,218.25,0.0,0.0,5.0,990.75,NA
2026-06-14 22:00:00,83.0,208.0,3.45,23.93,15.53,27.53,7.1,1.56,10.58,1.75,29.75,NA,2.83,5.1,1.53,31.73,57.5,0.3,86.5,0.0,0.0,5.0,991.0,NA
2026-06-14 23:00:00,92.0,229.0,3.88,21.25,14.45,27.13,7.68,1.3,7.33,2.9,23.75,NA,1.65,4.8,1.58,32.1,57.0,0.55,215.75,0.0,0.0,5.0,990.25,NA
2026-06-15 00:00:00,53.0,180.0,3.35,15.58,11.0,24.73,8.18,0.76,9.05,0.73,2.9,NA,0.5,0.4,0.13,31.5,57.0,0.48,236.5,0.0,0.0,5.0,990.75,NA
2026-06-15 01:00:00,53.0,100.0,3.23,12.08,9.08,27.2,9.05,0.73,9.42,0.53,1.33,NA,0.03,0.08,0.0,30.9,56.75,0.3,239.5,0.0,0.0,5.0,992.0,NA
2026-06-15 02:00:00,53.0,90.0,3.2,11.7,8.9,29.6,9.8,0.66,8.43,0.58,1.65,NA,0.0,0.1,0.0,30.23,58.5,0.3,228.0,0.0,0.0,5.25,992.75,NA
2026-06-15 03:00:00,92.0,150.0,2.53,15.93,10.55,25.9,8.03,0.68,7.15,1.45,1.43,NA,0.0,0.1,0.0,29.75,60.75,0.3,229.0,0.0,0.0,5.0,993.0,NA
2026-06-15 04:00:00,79.0,130.0,3.7,15.03,11.0,26.55,11.0,0.72,6.3,0.93,1.1,NA,0.0,0.1,0.0,29.42,62.75,0.3,217.0,0.0,0.0,5.0,993.25,NA
2026-06-15 05:00:00,63.0,88.0,3.43,15.27,10.9,27.55,14.75,0.68,6.45,0.63,1.53,NA,0.03,0.03,0.0,29.42,62.75,0.3,230.25,0.0,0.0,7.0,993.5,NA
2026-06-15 06:00:00,63.0,132.0,4.35,16.23,12.2,26.55,12.25,0.72,5.83,0.48,2.03,NA,0.1,0.1,0.0,29.83,62.5,0.3,239.75,0.0,0.0,37.75,992.75,NA
2026-06-15 07:00:00,74.0,155.0,4.95,19.55,14.43,25.25,19.65,0.99,5.55,1.0,2.43,NA,0.05,0.13,0.0,31.03,59.0,0.38,209.5,0.0,0.0,121.0,990.75,NA
2026-06-15 08:00:00,74.0,226.0,4.05,12.2,9.75,25.53,19.68,0.79,10.0,1.43,2.08,NA,0.03,0.23,0.05,33.05,49.75,1.58,204.0,0.0,0.0,226.5,985.75,NA
2026-06-15 09:00:00,38.0,212.0,3.05,7.68,6.6,26.45,12.45,0.63,16.23,0.7,2.22,NA,0.0,0.05,0.03,31.08,55.0,2.13,192.25,0.0,0.0,37.75,990.25,NA
2026-06-15 10:00:00,12.0,108.0,3.82,11.53,9.25,26.88,9.7,0.74,16.18,0.45,13.9,NA,0.25,0.88,0.2,32.93,50.5,0.63,141.25,0.0,0.0,469.25,984.5,NA
2026-06-15 11:00:00,34.0,123.0,2.83,6.45,5.75,27.7,8.88,0.61,20.2,0.55,29.92,NA,0.43,1.48,0.53,36.73,38.75,2.08,189.0,0.0,0.0,594.75,976.0,NA
2026-06-15 12:00:00,33.0,194.0,2.93,6.85,6.03,26.23,7.98,0.64,19.38,0.45,10.13,NA,0.03,0.35,0.08,37.15,41.0,2.25,202.5,0.0,0.0,611.25,975.25,NA
2026-06-15 13:00:00,42.0,224.0,2.58,5.6,5.05,24.9,7.95,0.66,19.38,0.28,2.45,NA,0.0,0.03,0.0,37.95,40.5,1.7,179.75,0.0,0.0,581.0,974.75,NA
2026-06-15 14:00:00,42.0,257.0,2.4,5.95,5.1,23.73,7.03,0.61,19.88,0.18,2.05,NA,0.0,0.03,0.0,35.28,44.0,3.95,204.5,0.0,0.0,267.0,981.0,NA
2026-06-15 15:00:00,47.0,912.0,2.07,8.83,6.4,50.7,4.63,0.66,18.35,0.15,0.8,NA,0.0,0.0,0.0,31.55,50.0,3.08,204.0,0.0,0.0,115.75,990.25,NA
2026-06-15 16:00:00,25.0,129.0,4.1,8.43,7.78,23.88,4.45,0.73,24.7,0.1,1.63,NA,0.0,0.33,0.05,31.3,47.25,1.9,209.5,0.0,0.0,45.5,990.75,NA
2026-06-15 17:00:00,NA,63.0,2.35,9.38,6.93,19.4,4.23,0.79,25.25,0.18,3.43,NA,0.18,0.4,0.05,32.03,45.5,1.72,213.75,0.0,0.0,84.5,989.75,NA
2026-06-15 18:00:00,12.0,67.0,2.58,12.38,8.68,20.33,5.58,0.87,22.0,0.7,43.25,NA,0.9,2.83,0.93,31.78,46.25,0.35,130.0,0.0,0.0,28.5,990.5,NA
2026-06-15 19:00:00,36.0,113.0,1.58,19.58,11.7,21.45,6.23,1.02,17.98,1.4,111.4,NA,4.23,9.38,3.48,30.53,51.0,0.3,175.75,0.0,0.0,10.5,992.5,NA
2026-06-15 20:00:00,40.0,149.0,2.03,22.53,13.68,21.35,8.78,1.1,15.18,1.98,131.83,NA,9.3,16.25,6.93,29.8,54.0,0.3,185.25,0.0,0.0,5.0,993.0,NA
2026-06-15 21:00:00,59.0,140.0,3.43,31.2,19.4,21.33,7.73,1.21,6.65,1.63,45.53,NA,3.3,8.23,2.85,29.18,58.0,0.3,205.75,0.0,0.0,5.0,994.0,NA
2026-06-15 22:00:00,36.0,119.0,3.7,29.65,18.8,20.98,6.53,1.21,4.78,0.93,9.93,NA,1.03,1.68,0.75,28.85,60.25,0.3,195.25,0.0,0.0,5.0,994.0,NA
2026-06-15 23:00:00,56.0,139.0,5.78,37.9,24.88,22.1,6.45,1.2,3.7,1.35,12.0,NA,4.28,2.73,1.53,28.93,60.5,0.3,213.25,0.0,0.0,5.0,994.0,NA
2026-06-16 00:00:00,61.0,141.0,4.8,35.95,23.05,24.13,6.58,0.92,3.95,1.1,18.48,NA,3.83,2.83,1.18,28.55,61.25,0.3,220.5,0.0,0.0,5.0,994.5,NA
2026-06-16 01:00:00,40.0,111.0,3.97,29.85,19.08,25.9,7.78,0.79,4.35,1.0,21.25,NA,1.7,2.28,0.7,28.33,63.5,0.3,211.75,0.0,0.0,5.0,995.0,NA
2026-06-16 02:00:00,46.0,94.0,2.7,23.8,14.8,26.8,8.3,0.88,4.3,0.95,10.9,NA,1.13,1.25,0.63,28.28,64.25,0.3,123.75,0.0,0.0,5.25,995.0,NA
2026-06-16 03:00:00,62.0,111.0,6.33,25.78,18.85,24.33,7.27,0.8,3.15,1.13,11.98,NA,1.9,2.18,0.88,28.25,65.5,0.3,143.25,0.0,0.0,5.0,995.0,NA
2026-06-16 04:00:00,39.0,86.0,9.75,27.93,22.78,25.6,7.38,0.86,3.47,1.25,13.63,NA,1.53,2.4,0.9,28.43,65.75,0.3,248.25,0.0,0.0,5.0,994.25,NA
2026-06-16 05:00:00,45.0,111.0,9.35,23.58,20.13,25.98,8.05,0.82,3.48,1.15,24.53,NA,1.78,2.93,1.15,28.2,66.75,0.3,201.25,0.0,0.0,7.0,994.75,NA
2026-06-16 06:00:00,85.0,157.0,12.95,26.88,24.8,24.98,12.48,1.0,3.53,1.5,21.3,NA,1.88,2.28,0.73,28.83,65.25,0.33,183.0,0.0,0.0,41.75,993.75,NA
2026-06-16 07:00:00,97.0,204.0,9.65,22.03,19.58,26.8,22.7,0.97,3.75,2.2,24.93,NA,2.78,3.08,1.2,30.38,56.75,1.83,95.5,0.0,0.0,58.0,991.75,NA
2026-06-16 08:00:00,101.0,188.0,3.0,8.03,6.68,24.38,14.33,0.62,6.0,0.95,8.48,NA,0.95,3.6,0.9,29.18,63.75,1.38,203.75,0.0,0.0,22.25,993.0,NA
2026-06-16 09:00:00,24.0,66.0,2.18,6.48,5.25,23.7,7.93,0.51,9.08,0.3,0.95,NA,0.0,0.1,0.0,27.68,71.75,3.22,202.5,0.0,0.0,26.75,995.0,NA
2026-06-16 10:00:00,20.0,27.0,3.75,8.18,7.35,23.3,6.28,0.64,7.28,0.28,2.3,NA,0.03,0.18,0.0,27.95,72.75,0.6,181.5,0.0,0.0,92.75,994.75,NA
2026-06-16 11:00:00,12.0,36.0,4.03,9.48,8.33,21.78,6.05,0.59,8.6,0.55,20.63,NA,0.33,0.33,0.18,29.23,68.25,0.68,222.5,0.0,0.0,123.25,992.75,NA
2026-06-16 12:00:00,36.0,55.0,3.08,8.42,6.98,22.6,6.35,0.53,10.8,0.3,5.28,NA,0.15,0.78,0.18,31.18,59.75,1.2,192.0,0.0,0.0,247.5,989.0,NA
2026-06-16 13:00:00,19.0,47.0,2.98,8.73,7.02,21.7,6.98,0.62,12.03,0.38,5.58,NA,0.08,0.4,0.08,32.1,56.0,1.2,149.5,0.0,0.0,311.75,987.25,NA
2026-06-16 14:00:00,38.0,63.0,2.9,9.75,7.55,21.85,7.38,0.67,18.18,0.55,23.4,NA,0.5,1.25,0.38,34.93,47.0,0.85,184.75,0.0,0.0,479.75,978.75,NA
2026-06-16 15:00:00,19.0,73.0,3.0,10.65,8.1,21.55,7.2,0.66,22.0,1.18,9.88,NA,0.28,0.78,0.23,35.35,45.75,1.45,205.75,0.0,0.0,455.75,978.75,NA
2026-06-16 16:00:00,17.0,53.0,2.88,9.38,7.35,22.03,7.53,0.59,20.5,0.4,6.83,NA,0.1,0.3,0.0,34.25,48.25,0.9,223.25,0.0,0.0,247.25,982.25,NA
2026-06-16 17:00:00,31.0,45.0,2.83,8.45,6.78,21.45,7.45,0.58,21.1,0.35,3.78,NA,0.0,0.6,0.08,33.23,53.25,0.45,213.0,0.0,0.0,85.0,986.0,NA
2026-06-16 18:00:00,51.0,79.0,2.48,9.63,7.15,20.53,6.35,0.66,17.28,0.6,1.98,NA,0.03,0.43,0.05,32.25,56.75,0.33,234.0,0.0,0.0,36.25,989.5,NA
2026-06-16 19:00:00,25.0,53.0,2.28,12.63,8.6,20.1,6.03,0.73,13.48,0.45,1.03,NA,0.05,1.43,0.25,31.18,62.0,0.35,245.5,0.0,0.0,10.5,991.25,NA
2026-06-16 20:00:00,35.0,69.0,3.0,11.03,8.33,20.05,5.98,0.63,10.93,0.38,1.43,NA,0.0,0.33,0.1,30.3,64.25,0.45,241.0,0.0,0.0,5.0,992.5,NA
2026-06-16 21:00:00,33.0,70.0,3.05,12.43,9.1,20.0,6.13,0.67,8.75,0.33,4.4,NA,0.0,0.15,0.0,29.25,68.5,0.3,224.75,0.0,0.0,5.0,993.75,NA
2026-06-16 22:00:00,44.0,70.0,3.18,12.65,9.3,20.0,6.35,0.66,6.93,0.4,2.93,NA,0.3,0.18,0.03,28.95,70.75,0.33,239.25,0.0,0.0,5.0,994.0,NA
2026-06-16 23:00:00,40.0,77.0,3.13,14.5,10.25,19.83,12.75,0.72,5.68,0.38,2.35,NA,0.08,0.08,0.0,28.68,71.75,0.33,232.25,0.0,0.0,5.0,994.0,NA
2026-06-17 00:00:00,52.0,112.0,3.58,12.7,9.68,19.88,13.83,1.51,5.48,0.45,5.7,NA,0.2,0.2,0.05,28.58,72.0,0.48,217.25,0.0,0.0,5.0,994.0,NA
2026-06-17 01:00:00,55.0,117.0,3.9,11.88,9.48,20.93,11.7,1.4,4.98,0.53,3.38,NA,0.43,0.3,0.08,28.2,73.25,0.3,217.25,0.0,0.0,5.0,994.75,NA
2026-06-17 02:00:00,31.0,88.0,3.9,10.5,8.7,21.7,9.9,1.44,4.78,0.43,5.98,NA,0.33,0.28,0.13,27.7,75.25,0.3,223.0,0.0,0.0,5.0,995.0,NA
2026-06-17 03:00:00,28.0,68.0,3.33,11.95,9.1,19.03,8.5,1.4,4.03,0.4,10.8,NA,0.45,0.3,0.05,27.58,76.0,0.3,223.25,0.0,0.0,5.0,995.0,NA
2026-06-17 04:00:00,50.0,81.0,3.88,13.25,10.23,20.48,9.23,1.54,3.85,0.68,7.38,NA,0.33,0.28,0.08,27.7,74.5,0.3,232.75,0.0,0.0,5.0,995.0,NA
2026-06-17 05:00:00,81.0,164.0,5.2,16.77,13.18,22.45,10.88,1.53,3.6,1.1,6.28,NA,0.43,0.45,0.08,27.33,77.25,0.3,247.75,0.0,0.0,7.75,995.0,NA
2026-06-17 06:00:00,91.0,183.0,6.33,18.0,14.75,22.23,18.55,1.77,3.55,1.15,6.25,NA,0.1,0.33,0.03,27.75,76.75,0.3,223.25,0.0,0.0,43.75,994.75,NA
2026-06-17 07:00:00,145.0,229.0,7.23,16.4,14.58,22.0,37.68,1.7,3.85,1.45,4.9,NA,0.18,0.4,0.1,30.18,64.25,0.33,234.5,0.0,0.0,143.5,991.5,NA
2026-06-17 08:00:00,90.0,146.0,5.15,13.1,11.15,21.13,26.23,1.48,4.75,0.93,2.7,NA,0.3,2.6,0.5,32.45,54.25,0.33,230.5,0.0,0.0,278.5,986.0,NA
2026-06-17 09:00:00,53.0,77.0,4.03,8.93,8.03,21.5,18.28,1.47,7.8,0.5,1.88,NA,0.23,2.15,0.33,34.15,48.75,0.35,209.75,0.0,0.0,423.0,980.5,NA
2026-06-17 10:00:00,35.0,69.0,3.93,8.15,7.53,22.03,15.63,1.38,12.08,0.43,0.73,NA,0.08,0.88,0.1,35.68,44.0,0.48,202.75,0.0,0.0,532.75,977.25,NA
2026-06-17 11:00:00,17.0,70.0,3.48,7.15,6.63,22.38,14.98,1.41,17.95,0.3,0.4,NA,0.0,0.05,0.0,36.58,42.0,0.3,179.5,0.0,0.0,609.25,975.5,NA
2026-06-17 12:00:00,14.0,68.0,2.93,6.88,6.0,22.25,13.63,1.33,21.95,0.28,2.0,NA,0.0,0.05,0.0,37.0,40.25,0.75,212.75,0.0,0.0,640.5,975.0,NA
2026-06-17 13:00:00,13.0,44.0,2.5,5.9,5.15,22.13,11.05,1.32,24.83,0.23,0.78,NA,0.0,0.05,0.0,37.9,38.0,0.78,203.75,0.0,0.0,622.5,974.25,NA
2026-06-17 14:00:00,31.0,56.0,2.58,5.85,5.2,23.0,10.3,1.32,27.93,0.2,1.28,NA,0.0,0.05,0.03,38.13,36.75,1.15,172.25,0.0,0.0,554.75,974.25,NA
2026-06-17 15:00:00,25.0,77.0,2.65,5.55,5.13,23.53,8.65,1.29,26.58,0.23,1.9,NA,0.0,0.35,0.03,38.7,36.0,0.7,217.5,0.0,0.0,442.5,974.5,NA
2026-06-17 16:00:00,23.0,69.0,2.58,5.45,4.98,23.3,8.15,1.32,28.03,0.2,1.53,NA,0.0,0.5,0.05,37.5,37.25,0.65,217.75,0.0,0.0,276.0,976.25,NA
2026-06-17 17:00:00,13.0,97.0,2.85,5.38,5.18,23.17,7.2,1.33,35.9,0.3,0.93,NA,0.0,0.73,0.1,35.4,42.0,0.53,219.75,0.0,0.0,60.0,982.25,NA
2026-06-17 18:00:00,25.0,100.0,2.53,7.95,6.3,23.1,7.53,1.33,37.43,0.35,0.68,NA,0.0,0.3,0.03,34.48,45.5,0.35,209.25,0.0,0.0,33.75,985.75,NA
2026-06-17 19:00:00,22.0,99.0,2.43,11.65,8.18,21.98,7.3,1.47,29.03,0.58,1.6,NA,0.0,0.25,0.0,33.05,50.5,0.3,267.25,0.0,0.0,10.5,988.75,NA
2026-06-17 20:00:00,18.0,119.0,2.63,15.8,10.55,20.78,7.55,1.52,17.4,0.48,11.5,NA,0.43,4.53,0.78,31.85,55.0,0.3,232.25,0.0,0.0,5.0,990.75,NA
2026-06-17 21:00:00,44.0,139.0,3.18,21.98,14.25,20.53,8.45,1.66,9.78,0.85,5.38,NA,0.25,1.55,0.45,30.98,60.75,0.3,253.0,0.0,0.0,5.25,992.0,NA
2026-06-17 22:00:00,50.0,183.0,3.97,25.8,16.98,19.48,9.1,1.74,8.5,0.9,5.85,NA,1.53,10.08,2.4,30.42,64.75,0.3,241.25,0.0,0.0,5.0,993.0,NA
2026-06-17 23:00:00,62.0,171.0,3.4,25.5,16.33,18.65,8.98,1.71,8.65,0.6,6.7,NA,1.73,5.43,1.65,30.33,66.5,0.3,237.0,0.0,0.0,5.0,993.0,NA
2026-06-18 00:00:00,99.0,193.0,3.63,21.8,14.58,18.53,16.9,1.18,6.95,0.88,6.25,NA,1.25,2.65,1.1,30.28,67.25,0.3,220.5,0.0,0.0,5.0,993.0,NA
2026-06-18 01:00:00,111.0,210.0,5.15,26.55,18.3,19.35,22.3,1.16,4.7,1.2,9.33,NA,0.43,0.68,0.2,30.18,68.75,0.3,218.0,0.0,0.0,5.0,993.0,NA
2026-06-18 02:00:00,145.0,293.0,5.4,30.4,20.5,20.9,19.4,1.21,4.3,2.45,26.6,NA,1.18,1.45,0.48,30.05,69.75,0.3,229.0,0.0,0.0,5.25,993.0,NA
2026-06-18 03:00:00,217.0,373.0,6.55,22.53,17.28,21.13,16.67,1.12,3.7,2.78,18.9,NA,0.58,1.15,0.18,29.75,72.0,0.3,254.75,0.0,0.0,5.0,993.0,NA
2026-06-18 04:00:00,156.0,302.0,7.05,21.55,17.23,18.78,21.53,1.21,3.48,1.95,11.83,NA,0.68,1.13,0.4,29.45,74.0,0.3,223.0,0.0,0.0,5.0,993.5,NA
2026-06-18 05:00:00,136.0,259.0,5.68,19.93,15.25,19.28,35.98,1.29,3.78,1.73,14.45,NA,0.75,1.25,0.4,29.25,75.0,0.3,208.5,0.0,0.0,8.25,994.0,NA
2026-06-18 06:00:00,123.0,245.0,9.65,19.75,18.35,20.9,43.45,1.35,4.13,3.25,12.38,NA,0.53,1.25,0.38,30.05,73.0,0.3,214.5,0.0,0.0,42.0,992.75,NA
2026-06-18 07:00:00,197.0,348.0,10.5,18.43,18.35,20.98,55.35,1.38,3.6,2.68,16.03,NA,0.85,1.48,0.43,32.78,61.5,0.3,226.75,0.0,0.0,141.5,987.0,NA
2026-06-18 08:00:00,168.0,318.0,6.7,11.7,11.65,20.25,48.5,1.03,4.23,1.83,6.6,NA,0.93,2.55,0.95,35.28,50.5,0.43,224.0,0.0,0.0,265.25,980.5,NA
2026-06-18 09:00:00,81.0,193.0,4.73,10.0,9.18,19.78,31.55,0.92,5.98,0.98,3.08,NA,0.33,1.03,0.43,36.55,47.5,0.43,222.75,0.0,0.0,390.5,977.25,NA
2026-06-18 10:00:00,59.0,169.0,3.55,8.25,7.25,19.93,23.65,0.83,8.83,0.7,1.18,NA,0.0,0.5,0.1,37.63,43.25,0.5,217.0,0.0,0.0,497.5,975.0,NA
2026-06-18 11:00:00,42.0,168.0,2.8,5.9,5.4,22.5,19.0,0.75,12.53,0.4,0.53,NA,0.0,0.1,0.0,38.25,40.75,0.9,185.75,0.0,0.0,581.5,974.25,NA
2026-06-18 12:00:00,40.0,169.0,2.45,5.2,4.73,24.5,17.05,0.74,15.3,0.3,1.05,NA,0.0,0.18,0.0,38.48,40.0,1.15,208.25,0.0,0.0,603.5,974.0,NA
2026-06-18 13:00:00,27.0,152.0,2.7,5.6,5.18,24.75,15.1,0.72,18.48,0.2,2.05,NA,0.0,0.05,0.0,38.7,40.5,0.98,209.25,0.0,0.0,493.75,974.0,NA
2026-06-18 14:00:00,31.0,149.0,3.18,5.13,5.33,24.0,12.78,0.69,19.95,0.2,3.88,NA,0.0,0.25,0.03,38.85,39.75,1.03,198.0,0.0,0.0,487.75,974.0,NA
2026-06-18 15:00:00,25.0,136.0,2.58,4.85,4.65,24.5,10.33,0.68,20.35,0.15,1.08,NA,0.0,0.15,0.03,38.98,39.0,1.63,188.75,0.0,0.0,420.75,974.5,NA
2026-06-18 16:00:00,23.0,160.0,2.65,4.85,4.75,25.25,8.38,0.66,19.8,0.2,3.75,NA,0.0,0.18,0.03,37.83,40.0,2.28,207.25,0.0,0.0,245.0,976.5,NA
2026-06-18 17:00:00,34.0,360.0,2.6,6.08,5.35,26.7,7.0,0.64,16.23,0.2,0.55,NA,0.0,0.25,0.08,34.2,47.25,1.18,226.0,0.0,0.0,63.0,985.5,NA
2026-06-18 18:00:00,24.0,121.0,3.15,11.25,8.58,27.48,7.57,0.72,15.43,0.22,3.4,NA,0.05,0.43,0.1,33.83,46.0,0.73,219.0,0.0,0.0,24.75,986.5,NA
2026-06-18 19:00:00,39.0,99.0,2.73,9.85,7.48,28.5,7.5,0.7,15.63,0.28,1.18,NA,0.15,1.1,0.3,32.93,47.25,0.93,230.75,0.0,0.0,7.75,988.75,NA
2026-06-18 20:00:00,20.0,84.0,2.73,8.55,6.75,28.53,6.2,0.66,15.5,0.25,0.48,NA,0.0,0.08,0.0,31.48,51.75,0.73,231.75,0.0,0.0,5.0,991.0,NA
2026-06-18 21:00:00,19.0,58.0,2.98,9.7,7.55,28.05,7.95,0.73,13.88,0.3,0.48,NA,0.0,0.0,0.0,30.8,53.75,0.3,233.25,0.0,0.0,5.0,991.75,NA
2026-06-18 22:00:00,14.0,52.0,2.9,11.95,8.75,27.2,10.05,0.72,11.23,0.4,1.65,NA,0.03,0.08,0.0,30.33,56.0,0.3,224.75,0.0,0.0,5.0,992.75,NA
2026-06-18 23:00:00,25.0,66.0,2.88,14.95,10.33,25.58,7.63,0.72,8.95,0.43,3.33,NA,0.05,0.13,0.03,30.15,57.5,0.3,235.75,0.0,0.0,5.0,993.0,NA
2026-06-19 00:00:00,46.0,97.0,3.18,13.9,9.98,23.65,13.03,1.22,7.28,0.63,2.9,NA,0.03,0.23,0.05,30.13,59.0,0.3,226.25,0.0,0.0,5.0,993.0,NA
2026-06-19 01:00:00,69.0,128.0,3.43,14.18,10.3,23.0,23.58,1.23,5.65,0.63,5.0,NA,0.18,0.6,0.2,29.83,59.75,0.3,222.75,0.0,0.0,5.0,993.0,NA
2026-06-19 02:00:00,75.0,128.0,3.4,12.3,9.3,23.2,23.9,1.11,5.18,0.6,7.15,NA,0.38,1.35,0.48,29.75,61.25,0.3,233.75,0.0,0.0,5.0,993.0,NA
2026-06-19 03:00:00,88.0,141.0,3.2,14.55,10.35,18.9,20.93,1.29,4.83,0.78,3.85,NA,0.03,0.15,0.03,29.28,64.0,0.3,240.25,0.0,0.0,5.0,993.75,NA
2026-06-19 04:00:00,64.0,91.0,3.78,11.98,9.43,17.23,20.23,1.17,5.28,0.63,1.33,NA,0.0,0.13,0.03,29.23,65.25,0.33,235.25,0.0,0.0,5.0,993.75,NA
2026-06-19 05:00:00,56.0,62.0,3.38,10.35,8.25,18.05,15.65,1.15,5.68,0.45,2.0,NA,0.0,0.0,0.0,28.9,67.5,0.35,231.0,0.0,0.0,7.5,994.0,NA
2026-06-19 06:00:00,36.0,83.0,3.93,9.8,8.27,18.3,13.15,1.13,5.55,0.48,2.38,NA,0.0,0.05,0.0,29.25,67.75,0.5,229.0,0.0,0.0,43.75,993.5,NA
2026-06-19 07:00:00,51.0,121.0,3.75,9.65,8.25,17.98,12.78,1.19,6.38,0.58,1.25,NA,0.0,0.0,0.0,30.78,62.75,0.75,231.5,0.0,0.0,139.75,990.5,NA
2026-06-19 08:00:00,55.0,256.0,3.75,7.98,7.3,17.43,14.58,1.26,8.13,0.43,0.98,NA,0.0,0.0,0.0,32.9,55.25,0.43,216.5,0.0,0.0,290.75,985.0,NA
2026-06-19 09:00:00,28.0,278.0,3.0,6.75,6.08,17.65,14.05,1.37,10.9,0.43,0.33,NA,0.0,0.0,0.0,33.35,53.75,0.3,216.25,0.0,0.0,188.75,984.5,NA
2026-06-19 10:00:00,36.0,254.0,3.88,6.68,6.68,17.8,12.23,1.19,12.45,0.35,0.98,NA,0.03,0.1,0.05,34.83,50.5,0.3,224.5,0.0,0.0,405.0,980.75,NA
2026-06-19 11:00:00,36.0,224.0,3.6,6.35,6.3,18.18,12.05,1.2,15.53,0.38,1.43,NA,0.33,0.43,0.18,36.9,44.75,0.7,219.25,0.0,0.0,579.75,975.25,NA
2026-06-19 12:00:00,42.0,234.0,2.78,5.3,5.08,18.23,11.4,1.09,17.68,0.28,0.58,NA,0.08,0.1,0.05,38.25,40.25,0.7,205.0,0.0,0.0,609.75,974.0,NA
2026-06-19 13:00:00,36.0,138.0,2.65,6.15,5.43,18.6,9.78,1.14,22.13,0.25,1.38,NA,0.0,0.2,0.0,38.58,39.75,1.23,215.0,0.0,0.0,577.0,974.0,NA
2026-06-19 14:00:00,40.0,172.0,2.15,6.28,5.08,19.3,9.23,1.1,21.3,0.23,1.13,NA,0.0,0.1,0.0,39.28,38.75,0.9,216.0,0.0,0.0,523.0,973.0,NA
2026-06-19 15:00:00,33.0,161.0,2.95,5.23,5.2,19.73,8.15,1.08,23.13,0.18,0.98,NA,0.0,0.22,0.0,38.85,39.0,1.43,208.0,0.0,0.0,416.25,974.75,NA
2026-06-19 16:00:00,36.0,178.0,3.05,5.68,5.5,19.83,7.85,1.12,23.33,0.18,1.78,NA,0.0,0.4,0.1,37.78,40.0,1.2,211.5,0.0,0.0,258.0,976.25,NA
2026-06-19 17:00:00,41.0,149.0,2.75,5.9,5.4,20.85,8.05,1.04,23.43,0.45,1.53,NA,0.03,0.35,0.03,36.25,41.5,0.88,224.25,0.0,0.0,60.5,981.0,NA
2026-06-19 18:00:00,34.0,125.0,3.05,6.38,5.85,22.35,7.18,1.06,23.85,0.18,0.85,NA,0.0,0.2,0.03,35.48,43.75,1.05,203.5,0.0,0.0,33.75,983.75,NA
2026-06-19 19:00:00,40.0,135.0,2.7,8.3,6.6,22.38,7.18,1.11,21.4,0.35,0.88,NA,0.0,0.18,0.03,34.38,46.75,0.7,207.75,0.0,0.0,10.25,986.25,NA
2026-06-19 20:00:00,40.0,134.0,2.85,13.78,9.63,21.75,7.85,1.25,15.35,0.6,3.38,NA,0.13,0.38,0.15,33.5,49.25,0.35,236.5,0.0,0.0,5.0,988.25,NA
2026-06-19 21:00:00,39.0,151.0,2.55,16.77,10.95,21.73,8.48,1.32,11.85,0.78,5.83,NA,0.5,3.5,0.77,32.33,54.0,0.3,235.5,0.0,0.0,5.0,990.0,NA
2026-06-19 22:00:00,41.0,146.0,3.03,16.35,11.15,20.78,9.1,1.28,9.58,0.48,3.55,NA,1.55,10.3,2.48,31.35,59.25,0.3,224.75,0.0,0.0,5.0,991.5,NA
2026-06-19 23:00:00,50.0,141.0,3.65,17.23,12.05,20.73,12.42,1.31,7.48,1.23,2.13,NA,0.4,0.88,0.43,30.9,61.0,0.3,222.25,0.0,0.0,5.0,992.0,NA
2026-06-20 00:00:00,52.0,119.0,3.65,15.93,11.53,19.83,31.92,1.17,5.83,1.03,1.55,NA,0.13,0.33,0.05,30.48,61.0,0.3,236.0,0.0,0.0,5.0,992.75,NA
2026-06-20 01:00:00,57.0,103.0,3.8,14.08,10.58,19.85,31.98,1.1,5.55,0.6,1.23,NA,0.0,0.25,0.08,30.25,62.0,0.3,256.5,0.0,0.0,5.0,993.0,NA
2026-06-20 02:00:00,53.0,106.0,3.9,14.0,10.6,20.5,24.3,1.09,5.33,1.2,1.15,NA,0.05,0.28,0.08,29.95,63.25,0.3,249.0,0.0,0.0,5.0,993.0,NA
2026-06-20 03:00:00,70.0,132.0,4.1,15.25,11.43,18.45,16.9,1.09,4.78,1.13,1.58,NA,0.13,0.85,0.15,29.5,65.75,0.3,225.5,0.0,0.0,5.0,993.5,NA
2026-06-20 04:00:00,63.0,124.0,4.25,13.7,10.73,18.43,16.75,1.09,4.95,0.6,1.7,NA,0.13,0.68,0.2,29.42,68.0,0.3,243.0,0.0,0.0,5.0,994.0,NA
2026-06-20 05:00:00,73.0,136.0,3.97,12.7,9.95,19.48,16.93,1.14,4.93,0.65,1.4,NA,0.0,0.18,0.03,29.28,69.5,0.3,251.0,0.0,0.0,7.5,994.0,NA
2026-06-20 06:00:00,64.0,146.0,4.93,14.2,11.53,18.9,14.9,1.28,4.25,0.73,1.7,NA,0.05,0.55,0.1,29.85,69.75,0.3,249.5,0.0,0.0,42.25,993.0,NA
2026-06-20 07:00:00,95.0,197.0,5.93,15.38,12.98,18.8,17.2,1.38,4.58,1.03,3.2,NA,0.5,1.98,0.8,32.5,60.75,0.3,245.5,0.0,0.0,134.0,987.75,NA
2026-06-20 08:00:00,111.0,191.0,4.18,11.43,9.45,18.18,19.28,1.22,7.95,0.95,2.1,NA,0.93,3.5,1.55,35.25,50.0,0.45,231.75,0.0,0.0,256.0,980.75,NA
2026-06-20 09:00:00,56.0,117.0,3.55,8.3,7.3,17.05,15.45,1.13,14.73,0.5,0.63,NA,0.03,0.3,0.1,36.43,45.25,0.88,222.5,0.0,0.0,379.0,977.25,NA
2026-06-20 10:00:00,48.0,111.0,3.0,6.93,6.1,17.33,12.33,1.11,18.88,0.38,0.45,NA,0.0,0.1,0.0,37.18,43.0,1.33,214.5,0.0,0.0,490.25,976.0,NA
2026-06-20 11:00:00,29.0,132.0,2.83,7.3,6.23,18.25,12.13,1.05,18.83,0.35,0.35,NA,0.0,0.03,0.0,37.78,42.0,1.58,205.25,0.0,0.0,553.25,975.0,NA
2026-06-20 12:00:00,38.0,134.0,3.03,6.53,5.95,18.13,13.0,1.05,18.33,0.25,0.58,NA,0.0,0.18,0.0,38.45,40.5,1.55,203.25,0.0,0.0,588.5,974.25,NA
2026-06-20 13:00:00,27.0,169.0,2.8,5.35,5.1,18.38,10.73,0.98,18.25,0.13,0.75,NA,0.0,0.28,0.0,39.13,38.25,1.4,204.25,0.0,0.0,584.5,973.25,NA
2026-06-20 14:00:00,30.0,144.0,2.8,4.82,4.85,18.4,9.08,0.98,20.13,0.1,1.4,NA,0.0,0.08,0.0,39.3,37.75,2.15,197.25,0.0,0.0,508.0,973.5,NA
2026-06-20 15:00:00,40.0,156.0,2.93,4.7,4.88,19.88,8.2,0.97,19.28,0.1,1.63,NA,0.0,0.13,0.0,38.98,38.0,2.05,201.0,0.0,0.0,398.25,974.5,NA
2026-06-20 16:00:00,36.0,149.0,2.83,4.8,4.85,20.13,7.45,1.01,20.03,0.15,2.73,NA,0.0,0.18,0.03,37.45,40.75,1.25,214.25,0.0,0.0,151.0,978.0,NA
2026-06-20 17:00:00,29.0,128.0,2.8,5.65,5.25,20.25,7.58,1.0,21.13,0.15,4.8,NA,0.03,0.33,0.03,36.73,42.25,0.75,221.5,0.0,0.0,90.0,980.0,NA
2026-06-20 18:00:00,44.0,171.0,2.58,7.78,6.2,20.43,8.3,1.06,17.28,0.38,2.18,NA,0.0,0.13,0.0,35.55,44.25,0.53,228.25,0.0,0.0,36.0,983.5,NA
2026-06-20 19:00:00,48.0,144.0,2.7,11.43,8.25,20.5,13.83,1.09,15.15,0.33,0.9,NA,0.05,1.3,0.23,34.23,48.25,0.3,236.75,0.0,0.0,11.0,986.5,NA
2026-06-20 20:00:00,44.0,156.0,3.23,15.8,11.08,20.7,38.83,1.37,10.75,0.63,0.98,NA,0.15,2.08,0.38,32.93,52.5,0.3,228.25,0.0,0.0,5.0,989.25,NA
2026-06-20 21:00:00,59.0,162.0,3.6,21.75,14.5,20.4,43.88,1.45,7.15,1.05,1.3,NA,0.08,0.25,0.13,32.3,55.75,0.3,211.25,0.0,0.0,5.0,990.25,NA
2026-06-20 22:00:00,72.0,179.0,4.88,22.48,15.9,19.8,41.6,1.39,4.6,1.13,4.83,NA,0.58,0.43,0.15,32.2,56.0,0.3,227.75,0.0,0.0,5.0,990.0,NA
2026-06-20 23:00:00,79.0,195.0,5.5,24.38,17.43,20.1,24.6,1.4,6.9,1.18,27.93,NA,1.38,1.48,0.48,32.18,56.75,0.35,207.75,0.0,0.0,5.0,990.0,NA
2026-06-21 00:00:00,108.0,241.0,5.2,20.03,14.9,19.53,30.93,1.43,4.6,1.4,19.7,NA,0.93,1.38,0.5,32.03,58.25,0.3,216.25,0.0,0.0,5.0,990.5,NA
2026-06-21 01:00:00,92.0,196.0,5.08,14.8,12.02,18.85,31.98,1.35,4.5,1.0,5.88,NA,0.33,0.4,0.1,31.53,60.25,0.3,249.5,0.0,0.0,5.0,991.0,NA
2026-06-21 02:00:00,61.0,132.0,4.9,14.2,11.5,18.6,26.3,1.31,4.13,1.13,3.55,NA,0.18,0.4,0.18,31.38,61.5,0.3,253.0,0.0,0.0,5.0,991.0,NA
2026-06-21 03:00:00,62.0,128.0,5.35,13.23,11.38,17.7,16.67,1.33,3.98,0.73,2.88,NA,0.08,0.33,0.08,31.25,62.75,0.3,228.5,0.0,0.0,5.0,991.0,NA
2026-06-21 04:00:00,77.0,147.0,5.18,12.45,10.83,16.38,17.65,1.24,4.18,0.98,1.6,NA,0.15,0.28,0.08,31.2,61.5,1.53,229.75,0.0,0.0,5.0,991.5,NA
2026-06-21 05:00:00,44.0,112.0,3.8,6.6,6.63,16.43,15.15,1.06,7.38,0.3,1.15,NA,0.0,0.05,0.0,30.7,60.25,0.75,240.75,0.0,0.0,7.25,991.75,NA
2026-06-21 06:00:00,22.0,53.0,3.15,6.58,6.07,17.75,13.5,1.12,8.25,0.25,1.33,NA,0.0,0.03,0.0,30.5,61.75,0.45,219.25,0.0,0.0,21.75,992.0,NA
2026-06-21 07:00:00,20.0,53.0,3.18,9.58,7.7,18.88,12.18,1.17,7.9,0.35,1.9,NA,0.0,0.03,0.0,30.83,61.5,0.4,230.0,0.0,0.0,49.0,991.5,NA
2026-06-21 08:00:00,40.0,59.0,3.73,10.45,8.58,18.08,11.28,1.19,7.35,0.45,3.53,NA,0.05,0.08,0.0,32.05,58.25,0.8,227.75,0.0,0.0,129.25,988.5,NA
2026-06-21 09:00:00,45.0,86.0,3.43,10.6,8.43,17.6,11.6,1.15,7.43,0.65,2.73,NA,0.1,0.08,0.03,32.1,58.5,0.9,232.0,0.0,0.0,123.5,988.75,NA
2026-06-21 10:00:00,50.0,97.0,5.25,14.45,11.98,17.55,11.7,1.19,6.15,0.65,2.5,NA,0.03,0.08,0.0,32.53,58.75,0.95,227.0,0.0,0.0,181.25,987.0,NA
2026-06-21 11:00:00,40.0,96.0,4.63,12.38,10.35,17.15,11.13,1.17,6.8,0.45,1.55,NA,0.03,0.1,0.03,33.38,56.5,0.93,230.75,0.0,0.0,182.5,985.5,NA
2026-06-21 12:00:00,35.0,84.0,3.98,10.28,8.73,16.68,10.05,1.14,7.58,0.35,1.83,NA,0.03,0.05,0.03,34.48,54.0,1.48,218.75,0.0,0.0,359.75,981.75,NA
2026-06-21 13:00:00,36.0,94.0,3.03,7.1,6.2,16.25,9.38,1.15,9.98,0.3,0.98,NA,0.0,0.03,0.0,37.1,46.75,1.13,211.25,0.0,0.0,551.75,975.75,NA
2026-06-21 14:00:00,19.0,78.0,4.0,6.05,6.45,15.63,9.38,1.11,12.83,0.2,0.55,NA,0.05,0.0,0.0,38.35,43.0,1.7,222.5,0.0,0.0,471.0,974.5,NA
2026-06-21 15:00:00,14.0,92.0,3.13,4.8,5.05,15.73,8.85,1.07,15.33,0.15,0.5,NA,0.0,0.0,0.0,38.3,40.5,1.33,215.75,0.0,0.0,404.25,975.25,NA
2026-06-21 16:00:00,16.0,96.0,2.25,4.78,4.35,16.88,7.9,1.06,17.15,0.1,0.4,NA,0.0,0.0,0.0,38.1,40.25,0.65,214.0,0.0,0.0,225.5,976.0,NA
2026-06-21 17:00:00,27.0,101.0,3.13,5.13,5.25,18.53,7.5,1.09,19.2,0.1,0.58,NA,0.0,0.03,0.0,36.38,43.5,1.08,219.75,0.0,0.0,79.0,980.5,NA
2026-06-21 18:00:00,25.0,101.0,3.1,7.7,6.63,20.03,8.78,1.1,17.25,0.2,1.13,NA,0.0,0.05,0.0,35.35,44.5,1.28,221.25,0.0,0.0,29.75,983.5,NA
2026-06-21 19:00:00,46.0,133.0,2.68,8.3,6.58,22.65,10.7,1.06,15.93,0.2,0.53,NA,0.05,0.23,0.03,33.95,44.75,0.85,223.5,0.0,0.0,8.5,986.75,NA
2026-06-21 20:00:00,34.0,89.0,2.9,7.53,6.35,25.65,12.85,1.05,18.45,0.2,0.55,NA,0.03,0.18,0.0,33.15,44.25,1.4,221.25,0.0,0.0,5.0,988.5,NA
2026-06-21 21:00:00,17.0,193.0,2.05,5.73,4.7,25.88,8.8,1.03,17.65,0.2,0.38,NA,0.03,0.13,0.03,31.95,50.25,1.05,226.25,0.0,0.0,5.0,990.25,NA
2026-06-21 22:00:00,111.0,NA,2.73,6.28,5.53,23.2,8.3,1.04,15.98,0.2,0.33,NA,0.0,0.03,0.0,31.05,54.5,0.53,232.5,0.0,0.0,5.0,991.25,NA
2026-06-21 23:00:00,144.0,NA,2.45,6.68,5.55,22.05,7.7,1.02,15.68,0.23,0.5,NA,0.0,0.0,0.0,30.58,56.25,0.4,222.5,0.0,0.0,5.0,992.0,NA
2026-06-22 00:00:00,95.0,NA,2.8,6.18,5.58,21.05,6.43,0.8,15.67,0.13,0.43,NA,0.0,0.0,0.0,30.23,57.25,0.3,231.0,0.0,0.0,5.0,992.5,NA
2026-06-22 01:00:00,62.0,707.0,2.7,8.13,6.48,19.88,6.43,0.84,13.95,0.2,0.75,NA,0.0,0.0,0.0,29.88,59.0,0.48,221.75,0.0,0.0,5.0,993.0,NA
2026-06-22 02:00:00,52.0,660.0,2.6,8.9,6.9,19.4,7.0,0.87,9.13,0.65,1.7,NA,0.1,0.1,0.03,29.43,61.25,0.3,229.0,0.0,0.0,5.0,993.5,NA
2026-06-22 03:00:00,73.0,527.0,3.2,11.2,8.53,16.45,14.1,0.87,7.73,0.68,1.47,NA,0.1,0.05,0.0,29.38,61.25,0.5,212.25,0.0,0.0,5.0,993.5,NA
2026-06-22 04:00:00,50.0,385.0,3.13,13.25,9.6,15.43,14.33,0.98,7.18,0.55,1.48,NA,0.13,0.1,0.0,28.9,64.0,0.3,238.75,0.0,0.0,5.0,994.0,NA
2026-06-22 05:00:00,68.0,348.0,2.93,12.63,9.1,16.65,24.95,1.04,6.83,0.85,1.58,NA,0.0,0.1,0.0,28.58,64.25,0.33,240.5,0.0,0.0,7.5,994.0,NA
2026-06-22 06:00:00,63.0,345.0,2.78,12.88,9.13,17.03,29.05,0.98,6.65,0.85,2.63,NA,0.03,0.03,0.0,29.15,62.25,0.45,236.75,0.0,0.0,44.5,993.5,NA
2026-06-22 07:00:00,56.0,348.0,3.4,10.85,8.55,16.93,23.83,0.98,8.13,0.53,4.23,NA,0.0,0.03,0.0,30.9,57.5,0.95,232.25,0.0,0.0,113.0,990.25,NA
2026-06-22 08:00:00,50.0,291.0,3.53,10.08,8.23,16.9,16.08,0.91,9.78,0.48,0.85,NA,0.0,0.0,0.0,31.5,55.25,1.1,224.5,0.0,0.0,171.5,989.25,NA
2026-06-22 09:00:00,35.0,193.0,4.58,13.38,10.83,16.83,15.33,0.93,10.25,0.35,0.85,NA,0.0,0.0,0.0,34.33,47.25,0.8,214.75,0.0,0.0,399.25,980.75,NA
2026-06-22 10:00:00,39.0,223.0,4.33,9.65,8.65,17.7,15.0,0.88,15.98,0.38,0.65,NA,0.0,0.05,0.0,35.55,43.5,1.75,205.0,0.0,0.0,533.0,978.0,NA
2026-06-22 11:00:00,20.0,216.0,3.63,6.9,6.65,18.13,11.23,0.87,21.78,0.33,1.35,NA,0.0,0.03,0.0,36.6,40.75,1.73,204.25,0.0,0.0,598.75,976.0,NA
2026-06-22 12:00:00,33.0,186.0,3.1,6.43,5.95,18.4,9.3,0.83,23.05,0.38,5.83,NA,0.05,0.25,0.05,36.78,39.25,1.45,194.75,0.0,0.0,312.75,977.5,NA
2026-06-22 13:00:00,17.0,112.0,2.72,6.38,5.6,18.33,7.88,0.8,21.88,0.28,7.1,NA,0.03,0.28,0.05,36.47,39.5,1.43,207.0,0.0,0.0,317.25,978.25,NA
2026-06-22 14:00:00,18.0,80.0,2.68,5.83,5.28,18.38,7.55,0.82,21.63,0.13,1.58,NA,0.0,0.08,0.0,38.08,37.25,1.45,202.25,0.0,0.0,495.75,975.0,NA
2026-06-22 15:00:00,11.0,100.0,2.75,5.35,5.1,19.03,7.3,0.76,24.43,0.23,7.03,NA,0.03,0.4,0.08,37.95,36.5,1.45,199.75,0.0,0.0,376.75,975.5,NA
2026-06-22 16:00:00,16.0,166.0,2.23,6.28,5.15,19.6,7.23,0.8,25.75,0.2,4.5,NA,0.0,0.15,0.03,36.68,37.75,1.55,202.25,0.0,0.0,232.75,978.0,NA
2026-06-22 17:00:00,14.0,107.0,3.65,5.45,5.88,19.7,6.4,0.78,26.53,0.15,3.2,NA,0.0,0.15,0.0,35.48,39.75,1.15,214.25,0.0,0.0,52.5,982.25,NA
2026-06-22 18:00:00,28.0,101.0,2.55,7.6,6.13,19.55,6.53,0.84,25.58,0.25,4.55,NA,0.03,0.15,0.0,34.75,42.75,0.35,209.25,0.0,0.0,47.0,985.0,NA
2026-06-22 19:00:00,24.0,114.0,2.4,9.35,6.9,19.2,6.55,0.89,23.35,0.33,3.95,NA,0.03,0.18,0.03,33.8,44.75,0.3,226.0,0.0,0.0,14.25,987.5,NA
2026-06-22 20:00:00,33.0,122.0,2.38,17.1,11.0,18.58,6.48,0.98,18.3,0.4,6.3,NA,0.15,1.38,0.3,32.23,48.5,0.3,218.25,0.0,0.0,5.0,990.5,NA
2026-06-22 21:00:00,34.0,161.0,3.05,22.15,14.3,18.83,38.28,1.23,12.58,0.73,3.95,NA,0.25,0.7,0.18,31.5,52.5,0.3,223.25,0.0,0.0,5.0,991.25,NA
2026-06-22 22:00:00,45.0,150.0,4.15,22.35,15.28,19.05,85.75,1.39,8.43,1.05,4.03,NA,0.2,0.83,0.25,30.93,55.0,0.3,248.0,0.0,0.0,5.0,992.0,NA
2026-06-22 23:00:00,58.0,197.0,3.35,25.43,16.25,18.45,64.4,1.24,7.55,1.2,7.0,NA,0.6,6.0,2.03,30.6,56.5,0.3,234.5,0.0,0.0,5.0,992.75,NA
2026-06-23 00:00:00,68.0,153.0,3.48,23.93,15.58,17.73,33.13,1.22,6.68,1.03,8.45,NA,0.3,2.0,0.63,30.3,57.5,0.3,260.25,0.0,0.0,5.0,993.0,NA
2026-06-23 01:00:00,90.0,164.0,4.48,23.6,16.2,17.33,25.98,1.22,5.33,1.18,5.4,NA,0.5,1.6,0.55,29.9,59.75,0.3,267.5,0.0,0.0,5.0,993.0,NA
2026-06-23 02:00:00,91.0,174.0,4.6,21.1,15.0,17.8,22.9,1.23,4.4,1.63,8.4,NA,1.2,2.13,0.88,29.68,60.25,0.3,228.75,0.0,0.0,5.0,993.25,NA
2026-06-23 03:00:00,107.0,205.0,6.15,26.35,19.05,17.75,25.07,1.21,3.73,1.25,15.65,NA,1.58,3.05,1.2,29.38,61.5,0.3,251.0,0.0,0.0,5.0,994.0,NA
2026-06-23 04:00:00,116.0,211.0,4.03,19.7,13.77,18.4,21.5,1.22,5.75,1.73,17.58,NA,1.28,3.63,1.03,29.18,62.5,0.3,105.75,0.0,0.0,5.0,994.0,NA
2026-06-23 05:00:00,140.0,215.0,4.6,21.65,15.28,19.55,21.25,1.25,4.18,1.9,18.28,NA,3.25,6.05,1.08,28.9,64.25,0.3,219.75,0.0,0.0,7.25,994.0,NA
2026-06-23 06:00:00,123.0,213.0,8.13,27.28,21.1,20.17,25.08,1.51,3.9,1.45,10.38,NA,1.73,1.68,1.18,29.38,64.0,0.3,223.25,0.0,0.0,40.25,993.25,NA
2026-06-23 07:00:00,197.0,355.0,8.85,23.28,19.58,21.15,43.08,1.58,4.6,2.68,7.93,NA,0.6,1.23,0.45,32.7,54.5,0.3,236.25,0.0,0.0,142.75,987.5,NA
2026-06-23 08:00:00,211.0,324.0,4.43,15.2,11.73,19.1,56.65,1.27,8.45,1.48,3.55,NA,0.18,0.45,0.15,35.43,45.25,0.3,234.25,0.0,0.0,276.5,980.25,NA
2026-06-23 09:00:00,83.0,146.0,2.4,9.5,7.0,18.17,30.57,1.1,11.87,0.75,1.18,NA,0.0,0.15,0.0,36.63,41.33,0.4,229.0,0.0,0.0,386.67,976.67,NA
2026-06-23 10:00:00,30.0,86.0,3.8,8.2,7.4,17.5,19.8,0.9,19.2,0.38,0.78,NA,0.0,0.03,0.0,37.53,39.0,0.88,200.25,0.0,0.0,508.25,975.0,NA
2026-06-23 11:00:00,23.0,111.0,3.13,7.73,6.65,19.4,16.15,0.91,20.2,0.35,0.73,NA,0.0,0.18,0.0,38.13,38.0,1.18,205.25,0.0,0.0,550.25,974.0,NA
2026-06-23 12:00:00,38.0,133.0,2.55,7.03,5.85,20.6,12.98,0.89,22.85,0.4,0.8,NA,0.0,0.2,0.0,38.7,37.0,0.95,209.5,0.0,0.0,566.0,973.75,NA
2026-06-23 13:00:00,34.0,119.0,1.95,6.83,5.2,22.8,11.63,0.85,21.83,NA,NA,NA,NA,NA,NA,39.68,35.5,1.0,202.5,0.0,0.0,601.25,973.0,NA
2026-06-23 14:00:00,25.0,132.0,2.83,6.1,5.55,21.75,11.88,0.84,22.03,NA,NA,NA,NA,NA,NA,39.5,35.75,1.63,211.5,0.0,0.0,501.25,973.5,NA
2026-06-23 15:00:00,24.0,206.0,2.73,7.03,5.93,20.73,9.13,0.85,16.33,NA,NA,NA,NA,NA,NA,33.73,49.75,4.33,215.0,0.0,0.0,97.25,985.5,NA
2026-06-23 16:00:00,39.0,420.0,2.78,7.93,6.48,19.58,7.53,0.87,13.83,NA,NA,NA,NA,NA,NA,32.08,53.75,1.9,194.75,0.0,0.0,69.25,989.0,NA
2026-06-23 17:00:00,25.0,186.0,2.58,11.4,8.13,19.38,6.48,0.69,13.38,NA,NA,NA,NA,NA,NA,32.53,52.25,1.3,207.0,0.0,0.0,92.25,988.0,NA
2026-06-23 18:00:00,34.0,127.0,2.88,11.35,8.35,19.33,6.43,0.91,14.6,0.48,5.98,NA,0.45,1.2,0.33,33.08,49.75,0.4,222.75,0.0,0.0,58.0,987.75,NA
2026-06-23 19:00:00,29.0,96.0,3.28,13.93,10.08,21.33,6.7,0.99,13.0,0.55,10.3,NA,0.53,0.8,0.28,32.33,52.75,0.48,229.75,0.0,0.0,16.5,989.75,NA
2026-06-23 20:00:00,38.0,117.0,3.25,22.33,14.55,22.8,6.65,1.11,9.1,1.3,39.1,NA,2.63,1.55,0.6,31.05,57.0,0.3,223.5,0.0,0.0,5.0,991.75,NA
2026-06-23 21:00:00,56.0,129.0,3.75,26.08,16.93,23.1,7.13,1.17,7.35,1.43,34.35,NA,2.63,1.8,1.22,30.75,57.25,0.3,223.75,0.0,0.0,5.0,992.0,NA
2026-06-23 22:00:00,38.0,103.0,3.53,22.85,15.0,23.68,8.15,1.11,6.28,1.3,17.73,NA,2.08,1.68,1.13,30.73,57.0,0.33,217.25,0.0,0.0,5.0,992.0,NA
2026-06-23 23:00:00,50.0,127.0,3.35,24.43,15.73,23.83,9.23,1.14,5.48,1.43,10.45,NA,2.5,1.18,0.85,30.08,59.75,0.3,234.75,0.0,0.0,5.0,993.0,NA
2026-06-24 00:00:00,84.0,168.0,3.03,24.1,15.3,23.73,11.0,1.18,5.03,1.77,9.37,NA,1.17,1.07,0.43,29.7,61.67,0.3,231.33,0.0,0.0,5.0,993.0,NA
2026-06-24 01:00:00,138.0,185.0,4.9,17.08,13.1,23.48,16.55,1.12,4.33,1.2,11.18,NA,0.58,0.75,0.25,29.68,64.5,0.3,208.25,0.0,0.0,5.0,993.25,NA
2026-06-24 02:00:00,77.0,132.0,5.0,18.7,14.0,23.1,14.4,1.15,3.58,1.1,8.08,NA,0.25,1.2,0.4,29.8,65.75,0.3,232.5,0.0,0.0,5.0,993.0,NA
2026-06-24 03:00:00,61.0,136.0,7.2,23.23,18.23,21.68,10.47,1.14,3.08,1.13,11.2,NA,1.1,1.78,0.63,29.53,67.75,0.3,223.75,0.0,0.0,5.0,993.25,NA
2026-06-24 04:00:00,40.0,103.0,6.2,21.53,16.48,20.83,8.5,1.11,3.3,0.93,17.55,NA,0.78,1.1,0.38,29.3,70.25,0.3,228.5,0.0,0.0,5.0,993.75,NA
2026-06-24 05:00:00,41.0,89.0,6.83,20.45,16.43,21.03,7.43,1.15,3.23,1.1,15.4,NA,0.32,0.73,0.25,29.03,73.0,0.3,225.75,0.0,0.0,7.25,994.0,NA
2026-06-24 06:00:00,45.0,100.0,8.63,21.58,18.45,21.58,7.2,1.22,3.15,1.2,17.15,NA,0.8,1.28,0.5,29.68,71.25,0.33,226.75,0.0,0.0,40.0,993.25,NA
2026-06-24 07:00:00,68.0,135.0,9.45,19.95,18.3,20.78,8.23,1.21,3.35,1.33,6.55,NA,0.78,1.33,0.5,32.25,60.0,0.53,192.5,0.0,0.0,133.25,988.25,NA
2026-06-24 08:00:00,58.0,128.0,6.07,15.98,13.43,18.48,8.85,1.14,4.18,0.9,5.0,NA,0.48,2.23,0.48,33.75,53.5,1.03,205.0,0.0,0.0,266.5,983.75,NA
2026-06-24 09:00:00,46.0,117.0,4.8,11.9,10.23,18.37,8.47,1.2,6.07,0.73,2.57,NA,0.3,1.27,0.3,35.2,49.67,1.6,201.33,0.0,0.0,384.0,979.33,NA
2026-06-24 10:00:00,27.0,112.0,3.8,11.7,9.33,18.18,7.85,1.13,9.78,0.45,1.28,NA,0.25,0.78,0.08,35.4,47.25,1.78,205.25,0.0,0.0,396.0,979.25,NA
2026-06-24 11:00:00,20.0,79.0,3.33,9.27,7.63,17.73,7.13,1.01,12.13,0.4,2.07,NA,1.73,2.47,1.03,36.4,44.33,1.23,223.0,0.0,0.0,509.0,977.33,NA
2026-06-24 12:00:00,39.0,88.0,3.13,7.45,6.53,19.13,6.6,0.95,13.03,0.3,2.7,NA,0.43,0.73,0.3,37.73,41.5,1.7,211.0,0.0,0.0,619.75,974.5,NA
2026-06-24 13:00:00,30.0,97.0,2.08,6.23,5.03,19.0,6.93,0.95,15.8,0.3,0.8,NA,0.05,0.08,0.0,38.03,40.0,1.45,200.75,0.0,0.0,613.5,974.25,NA
2026-06-24 14:00:00,14.0,106.0,2.23,6.85,5.45,28.45,8.55,0.94,16.25,0.2,1.15,NA,0.0,0.05,0.0,38.88,37.25,0.95,183.5,0.0,0.0,553.25,973.75,NA
2026-06-24 15:00:00,46.0,124.0,2.83,13.33,9.43,53.83,8.1,0.82,13.6,0.23,2.23,NA,0.03,0.1,0.0,39.9,36.0,0.73,193.67,0.0,0.0,462.67,973.33,NA
2026-06-24 16:00:00,48.0,121.0,3.5,7.15,6.58,30.28,7.03,0.88,22.45,0.35,6.0,NA,0.08,1.15,0.15,38.33,38.25,0.58,190.0,0.0,0.0,229.25,976.0,NA
2026-06-24 17:00:00,18.0,90.0,2.53,4.43,4.43,18.6,4.5,0.94,26.38,0.2,2.33,NA,0.03,0.25,0.08,36.75,40.5,0.4,176.25,0.0,0.0,73.25,979.75,NA
2026-06-24 18:00:00,24.0,89.0,2.13,5.48,4.65,16.1,4.83,0.81,21.83,0.25,2.13,NA,0.08,0.18,0.03,36.28,41.75,0.43,232.25,0.0,0.0,65.25,981.5,NA
2026-06-24 19:00:00,7.0,123.0,2.75,7.82,6.4,17.95,5.55,0.81,17.43,0.2,2.18,NA,0.05,0.95,0.13,35.0,44.25,1.0,204.75,0.0,0.0,12.75,984.25,NA
2026-06-24 20:00:00,38.0,190.0,3.33,10.28,8.15,18.9,4.88,0.89,14.63,0.3,2.28,NA,0.13,0.43,0.08,32.93,50.75,1.98,193.0,0.0,0.0,5.0,988.5,NA
2026-06-24 21:00:00,38.0,152.0,2.68,16.43,10.93,18.35,3.95,1.03,11.38,0.75,9.25,NA,1.13,1.83,0.8,32.0,54.5,0.38,200.25,0.0,0.0,5.0,990.5,NA
2026-06-24 22:00:00,40.0,108.0,3.4,19.0,12.88,18.1,3.78,1.0,7.1,0.83,7.13,NA,1.55,1.58,0.7,31.4,57.0,0.3,252.0,0.0,0.0,5.25,991.0,NA
2026-06-24 23:00:00,39.0,135.0,2.95,20.23,13.18,19.18,4.58,0.89,5.83,0.83,6.4,NA,1.0,2.0,0.7,31.58,57.0,0.3,230.5,0.0,0.0,5.0,991.0,NA
2026-06-25 00:00:00,55.0,150.0,3.4,16.0,11.28,22.23,6.9,0.98,5.78,0.6,4.9,NA,0.38,0.88,0.25,31.03,58.25,0.3,224.75,0.0,0.0,5.0,992.0,NA
2026-06-25 01:00:00,66.0,135.0,3.75,16.13,11.6,23.3,13.05,1.01,5.18,0.45,2.2,NA,0.23,0.28,0.08,30.9,58.75,0.3,229.5,0.0,0.0,5.0,992.0,NA
2026-06-25 02:00:00,62.0,156.0,5.2,16.1,12.8,23.6,13.4,1.01,4.25,0.75,5.63,NA,0.38,0.48,0.22,30.43,61.25,0.3,238.25,0.0,0.0,5.0,992.75,NA
2026-06-25 03:00:00,44.0,177.0,4.45,18.05,13.18,19.95,10.17,1.13,4.3,0.98,6.38,NA,0.4,0.35,0.15,29.88,64.0,0.3,262.25,0.0,0.0,5.0,993.0,NA
2026-06-25 04:00:00,116.0,259.0,4.88,20.13,14.68,17.25,13.45,1.19,3.68,1.25,10.05,NA,0.28,0.58,0.18,29.6,66.0,0.3,236.5,0.0,0.0,5.0,993.0,NA
2026-06-25 05:00:00,86.0,205.0,4.15,15.85,11.85,16.4,19.43,1.24,3.48,1.13,11.03,NA,0.32,0.58,0.2,29.6,67.0,0.3,237.25,0.0,0.0,7.25,993.0,NA
2026-06-25 06:00:00,97.0,239.0,5.75,18.83,14.68,17.95,29.98,1.25,3.48,1.48,9.8,NA,0.25,0.6,0.2,30.13,65.25,0.3,232.0,0.0,0.0,33.75,992.5,NA
2026-06-25 07:00:00,162.0,313.0,7.57,21.45,17.58,20.42,22.45,1.2,3.75,2.05,12.15,NA,0.38,0.65,0.15,31.9,59.0,0.35,233.0,0.0,0.0,99.75,989.0,NA
2026-06-25 08:00:00,113.0,227.0,5.13,11.05,10.08,21.38,21.03,1.07,5.13,1.18,4.85,NA,0.15,0.28,0.03,33.68,51.75,0.3,210.5,0.0,0.0,233.5,984.75,NA
2026-06-25 09:00:00,44.0,110.0,4.18,10.5,8.98,22.58,15.33,0.98,8.9,0.58,1.38,NA,0.0,0.2,0.0,36.08,44.5,0.3,181.0,0.0,0.0,387.5,977.75,NA
2026-06-25 10:00:00,35.0,147.0,3.13,10.9,8.33,23.1,13.58,1.01,17.9,1.03,2.3,NA,0.05,0.38,0.05,37.3,41.75,0.63,164.5,0.0,0.0,484.75,975.5,NA
2026-06-25 11:00:00,34.0,129.0,2.98,9.5,7.5,20.25,10.85,1.02,19.65,1.23,2.0,NA,0.03,0.35,0.03,38.1,40.25,0.85,193.25,0.0,0.0,560.25,974.25,NA
2026-06-25 12:00:00,35.0,152.0,2.53,6.65,5.58,16.73,8.55,0.94,18.63,0.83,3.0,NA,0.0,0.18,0.0,38.88,38.25,0.8,206.25,0.0,0.0,590.0,973.25,NA
2026-06-25 13:00:00,34.0,91.0,2.88,6.08,5.55,15.9,7.38,0.93,20.08,0.43,1.6,NA,0.0,0.15,0.0,39.03,38.0,0.58,192.75,0.0,0.0,457.5,973.5,NA
2026-06-25 14:00:00,50.0,130.0,3.25,6.25,5.98,16.33,7.15,0.91,21.08,0.3,2.03,NA,0.0,0.1,0.0,38.18,39.5,0.43,207.5,0.0,0.0,199.25,976.0,NA
2026-06-25 15:00:00,53.0,124.0,2.63,6.5,5.63,20.35,5.4,0.94,19.33,0.35,6.58,NA,0.0,0.15,0.03,35.33,46.75,2.13,182.0,0.0,0.0,71.0,983.25,NA
2026-06-25 16:00:00,38.0,213.0,2.58,6.4,5.53,22.38,3.98,0.99,19.15,0.4,12.8,NA,0.23,1.03,0.3,32.9,54.75,1.05,142.0,0.0,0.0,136.75,988.0,NA
2026-06-25 17:00:00,29.0,74.0,3.68,15.88,11.43,23.8,5.78,1.08,16.33,1.03,36.73,NA,1.4,2.78,0.92,34.63,48.25,0.7,162.75,0.0,0.0,85.0,984.25,NA
2026-06-25 18:00:00,50.0,133.0,3.4,16.7,11.65,23.98,6.93,1.05,17.85,1.18,89.7,NA,2.98,6.43,1.83,35.0,47.5,0.3,195.75,0.0,0.0,53.0,983.75,NA
2026-06-25 19:00:00,45.0,113.0,3.03,21.4,13.83,21.8,6.23,1.19,12.2,1.3,66.05,NA,1.13,2.33,0.8,33.33,53.0,0.3,170.5,0.0,0.0,11.5,988.25,NA
2026-06-25 20:00:00,35.0,160.0,3.65,29.48,18.65,18.45,5.25,1.42,7.0,1.03,32.28,NA,0.77,1.75,0.75,32.35,57.75,0.3,178.5,0.0,0.0,5.25,990.0,NA
2026-06-25 21:00:00,59.0,164.0,6.58,41.4,27.35,17.55,5.2,1.88,3.95,1.38,26.98,NA,3.58,3.85,1.28,31.93,59.25,0.3,213.5,0.0,0.0,5.0,990.75,NA
2026-06-25 22:00:00,101.0,265.0,5.83,23.88,17.48,16.93,5.28,1.27,4.25,2.03,33.83,NA,5.4,7.5,3.08,32.08,58.5,0.48,226.75,0.0,0.0,5.0,990.0,NA
2026-06-25 23:00:00,56.0,94.0,3.4,12.18,9.25,15.83,5.4,1.0,5.6,0.55,7.23,NA,0.8,0.85,0.28,31.9,56.75,0.3,219.0,0.0,0.0,5.0,990.5,NA
2026-06-26 00:00:00,27.0,48.0,3.9,11.1,9.05,19.95,4.65,0.91,5.2,1.05,3.7,NA,0.05,0.25,0.08,31.83,58.0,0.4,213.25,0.0,0.0,5.0,990.75,NA
2026-06-26 01:00:00,42.0,84.0,3.85,8.78,7.8,24.6,5.65,0.9,5.13,1.25,2.03,NA,0.33,0.23,0.08,31.65,58.75,0.4,224.25,0.0,0.0,5.0,991.0,NA
2026-06-26 02:00:00,30.0,61.0,3.9,8.9,7.9,25.7,5.5,0.87,5.23,1.63,6.95,NA,0.38,0.33,0.08,31.13,61.0,0.3,231.5,0.0,0.0,5.0,991.75,NA
2026-06-26 03:00:00,29.0,59.0,4.3,9.58,8.6,22.05,4.9,0.87,4.83,2.4,10.2,NA,0.4,0.55,0.18,30.53,62.75,0.3,229.0,0.0,0.0,5.0,992.25,NA
2026-06-26 04:00:00,14.0,39.0,4.1,12.2,9.85,17.73,5.6,0.88,4.75,0.53,6.85,NA,0.13,0.15,0.0,30.25,63.0,0.3,234.5,0.0,0.0,5.0,993.0,NA
2026-06-26 05:00:00,35.0,58.0,4.4,14.68,11.38,17.75,5.3,0.96,3.98,0.83,11.55,NA,0.38,0.35,0.1,29.88,65.0,0.33,246.0,0.0,0.0,7.25,993.0,NA
2026-06-26 06:00:00,48.0,92.0,5.93,15.23,12.95,17.93,8.28,1.03,4.05,0.85,6.65,NA,0.13,0.25,0.1,30.53,62.75,0.33,217.5,0.0,0.0,31.75,992.0,NA
2026-06-26 07:00:00,101.0,150.0,5.78,15.1,12.75,20.2,13.08,1.07,4.3,2.13,6.08,NA,0.25,0.33,0.08,32.68,57.5,0.33,230.25,0.0,0.0,139.5,987.25,NA
2026-06-26 08:00:00,69.0,129.0,5.45,11.28,10.43,22.48,11.28,0.95,5.23,1.3,3.38,NA,0.03,0.13,0.0,34.9,51.25,0.52,227.25,0.0,0.0,273.75,980.75,NA
2026-06-26 09:00:00,45.0,101.0,4.08,9.45,8.35,26.95,12.2,0.93,7.38,0.45,0.75,NA,0.0,0.1,0.0,36.43,47.5,0.78,217.5,0.0,0.0,405.75,977.25,NA
2026-06-26 10:00:00,42.0,132.0,3.53,8.23,7.25,25.78,8.45,0.9,10.52,0.4,0.45,NA,0.0,0.05,0.0,37.38,45.5,0.75,201.5,0.0,0.0,513.75,975.5,NA
2026-06-26 11:00:00,35.0,111.0,3.6,7.03,6.65,24.48,7.85,0.91,14.08,0.38,0.43,NA,0.0,0.05,0.0,38.58,43.0,0.6,188.25,0.0,0.0,585.25,974.0,NA
2026-06-26 12:00:00,33.0,107.0,2.95,7.05,6.15,20.08,8.1,0.91,17.95,0.33,0.78,NA,0.0,0.05,0.0,39.28,39.75,0.78,207.0,0.0,0.0,624.25,973.0,NA
2026-06-26 13:00:00,27.0,112.0,2.7,5.63,5.2,16.78,6.8,0.81,18.78,0.2,3.13,NA,0.03,0.13,0.03,40.03,36.75,0.73,186.75,0.0,0.0,577.5,972.5,NA
2026-06-26 14:00:00,29.0,80.0,3.28,4.23,4.9,16.35,6.08,0.81,20.2,0.13,6.93,NA,0.03,0.23,0.03,40.75,35.0,0.48,173.75,0.0,0.0,479.0,972.5,NA
2026-06-26 15:00:00,19.0,86.0,3.13,5.02,5.25,17.68,5.88,0.82,21.6,0.13,3.98,NA,0.0,0.03,0.0,40.58,36.0,0.63,210.0,0.0,0.0,439.25,973.0,NA
2026-06-26 16:00:00,27.0,95.0,2.68,6.05,5.4,28.75,4.95,0.83,23.8,0.23,2.53,NA,0.05,0.18,0.08,38.93,38.0,0.5,176.5,0.0,0.0,198.25,975.0,NA
2026-06-26 17:00:00,40.0,86.0,3.25,4.98,5.25,30.75,4.0,0.88,26.65,0.38,22.15,NA,0.48,1.5,0.68,37.83,39.75,0.6,137.0,0.0,0.0,73.0,978.25,NA
2026-06-26 18:00:00,41.0,144.0,3.0,8.33,6.83,27.8,4.7,0.9,25.78,0.5,9.55,NA,0.18,0.75,0.2,36.68,42.5,0.33,135.0,0.0,0.0,27.25,981.5,NA
2026-06-26 19:00:00,29.0,160.0,3.25,11.3,8.57,27.13,4.88,0.95,21.4,0.58,5.83,NA,0.28,0.88,0.25,35.78,45.75,1.08,169.25,0.0,0.0,7.25,983.75,NA
2026-06-26 20:00:00,40.0,153.0,3.13,6.65,6.1,22.8,5.2,0.92,13.63,0.45,2.58,NA,0.48,0.4,0.15,30.73,68.5,2.43,173.5,0.13,0.5,5.25,991.25,NA
2026-06-26 21:00:00,25.0,67.0,3.68,11.2,8.98,16.88,4.05,1.11,6.23,0.6,15.1,NA,0.38,0.92,0.38,28.9,85.25,0.3,149.25,0.0,0.0,5.5,994.0,NA
2026-06-26 22:00:00,NA,NA,4.03,16.35,11.98,14.88,3.82,1.08,4.53,0.93,23.03,NA,1.58,3.85,1.2,29.08,85.0,0.35,140.0,0.0,0.0,6.0,993.5,NA
2026-06-26 23:00:00,NA,NA,5.0,15.88,12.48,13.78,3.58,1.06,4.2,0.5,7.88,NA,0.83,1.2,0.28,29.33,84.5,0.3,229.5,0.0,0.0,5.75,993.0,NA
2026-06-27 00:00:00,NA,NA,5.63,16.63,13.42,15.48,3.75,1.1,2.05,0.58,12.48,NA,0.83,1.73,0.58,29.6,84.0,0.3,273.5,0.0,0.0,5.5,993.0,NA
2026-06-27 01:00:00,NA,NA,6.58,17.25,14.5,20.08,3.65,1.33,2.8,1.03,10.02,NA,0.45,1.6,0.45,29.9,83.5,0.3,244.75,0.0,0.0,5.5,993.0,NA
2026-06-27 02:00:00,101.0,108.0,7.2,18.4,15.6,17.9,2.7,1.33,3.45,1.08,7.25,NA,0.23,0.6,0.18,29.9,81.75,0.3,221.5,0.0,0.0,5.0,993.0,NA
2026-06-27 03:00:00,101.0,121.0,5.4,16.53,13.2,18.45,2.5,1.17,3.2,1.05,11.58,NA,0.25,0.58,0.15,29.8,80.0,0.3,234.75,0.0,0.0,5.25,993.0,NA
2026-06-27 04:00:00,85.0,101.0,5.83,17.48,14.03,16.83,3.53,1.15,2.83,0.83,13.78,NA,0.8,0.95,0.35,29.85,79.0,0.3,232.0,0.0,0.0,5.5,993.0,NA
2026-06-27 05:00:00,84.0,161.0,7.23,17.75,15.3,14.55,5.9,1.1,2.95,0.78,15.33,NA,0.28,0.78,0.3,29.7,78.75,0.3,229.25,0.0,0.0,7.5,993.0,NA
2026-06-27 06:00:00,89.0,161.0,7.7,17.17,15.4,13.68,5.45,1.09,3.03,0.68,8.9,NA,0.22,0.5,0.13,30.1,78.0,0.3,229.0,0.0,0.0,41.0,992.5,NA
2026-06-27 07:00:00,72.0,88.0,9.13,16.6,16.25,13.58,5.55,1.14,2.93,0.45,5.6,NA,0.08,0.3,0.05,31.63,71.5,0.3,233.0,0.0,0.0,92.0,989.75,NA
2026-06-27 08:00:00,69.0,75.0,7.23,12.35,12.45,13.25,6.58,1.02,2.98,0.48,2.05,NA,0.05,0.1,0.03,33.72,60.75,0.3,220.5,0.0,0.0,240.75,984.25,NA
2026-06-27 09:00:00,42.0,78.0,5.88,9.8,10.0,13.58,4.95,0.93,2.53,0.55,0.65,NA,0.0,0.05,0.0,35.98,51.75,0.6,212.75,0.0,0.0,380.25,978.25,NA
2026-06-27 10:00:00,48.0,135.0,5.33,7.9,8.53,17.13,8.58,0.88,2.85,0.28,0.65,NA,0.0,0.03,0.0,37.33,47.0,0.58,200.25,0.0,0.0,492.75,975.75,NA
2026-06-27 11:00:00,56.0,121.0,4.0,8.53,7.78,24.28,7.83,0.89,4.95,0.2,2.18,NA,0.0,0.13,0.0,38.6,43.5,0.67,172.25,0.0,0.0,565.0,974.0,NA
2026-06-27 12:00:00,53.0,111.0,4.6,7.13,7.5,31.65,8.08,0.9,6.95,0.28,4.03,NA,0.03,0.53,0.08,39.38,41.25,0.63,185.25,0.0,0.0,589.0,973.0,NA
2026-06-27 13:00:00,45.0,117.0,3.8,6.38,6.48,23.23,7.38,0.93,8.4,0.2,1.98,NA,0.03,0.33,0.08,39.08,42.25,0.4,188.75,0.0,0.0,393.5,974.0,NA
2026-06-27 14:00:00,48.0,155.0,4.08,6.28,6.65,18.13,5.75,0.91,8.75,0.1,0.85,NA,0.0,0.03,0.0,39.18,42.25,0.35,197.0,0.0,0.0,415.75,974.25,NA
2026-06-27 15:00:00,52.0,105.0,2.93,5.58,5.4,17.85,5.35,0.89,9.23,0.1,0.7,NA,0.0,0.0,0.0,39.48,41.0,0.35,199.5,0.0,0.0,341.5,974.25,NA
2026-06-27 16:00:00,39.0,123.0,3.23,6.6,6.13,29.13,5.25,0.9,9.93,0.15,0.55,NA,0.0,0.03,0.03,38.83,41.5,0.4,204.5,0.0,0.0,226.25,974.75,NA
2026-06-27 17:00:00,57.0,107.0,4.25,8.0,7.7,68.88,4.4,0.96,11.83,0.2,4.95,NA,0.08,0.45,0.13,37.28,45.0,1.78,125.25,0.0,0.0,79.5,979.0,NA
2026-06-27 18:00:00,75.0,172.0,3.45,12.13,9.28,47.75,4.38,1.05,9.25,0.53,26.67,NA,0.45,1.13,0.3,36.38,48.25,0.35,155.25,0.0,0.0,42.0,982.0,NA
2026-06-27 19:00:00,69.0,169.0,4.78,14.48,11.63,35.25,4.28,1.17,5.8,0.88,68.33,NA,0.48,0.95,0.25,35.18,54.0,0.3,127.0,0.0,0.0,11.75,985.25,NA
2026-06-27 20:00:00,80.0,161.0,6.55,23.63,17.88,31.25,4.2,1.52,3.83,1.28,77.83,NA,0.43,1.1,0.3,33.63,61.25,0.3,159.75,0.0,0.0,5.5,988.0,NA
2026-06-27 21:00:00,80.0,191.0,7.6,28.45,21.33,25.1,5.28,1.52,3.43,1.35,31.08,NA,1.0,1.75,0.73,33.35,62.75,0.3,143.0,0.0,0.0,5.0,988.75,NA
2026-06-27 22:00:00,86.0,218.0,7.82,30.2,22.43,20.1,4.5,1.64,3.75,1.05,15.48,NA,0.85,1.43,0.63,32.9,66.25,0.3,143.25,0.0,0.0,5.0,989.0,NA
2026-06-27 23:00:00,200.0,243.0,9.63,37.25,27.63,18.88,5.13,1.67,3.53,1.1,20.53,NA,0.93,2.58,0.9,33.53,60.75,0.35,142.25,0.0,0.0,5.75,988.0,NA
2026-06-28 00:00:00,143.0,212.0,12.85,37.98,30.68,18.33,5.43,1.73,3.15,0.88,14.55,NA,1.5,3.58,1.38,32.83,63.0,0.3,148.0,0.0,0.0,5.25,989.5,NA
2026-06-28 01:00:00,157.0,190.0,12.8,37.4,30.3,25.03,4.53,1.67,2.98,1.35,15.15,NA,1.72,3.53,1.0,32.48,63.5,0.3,200.75,0.0,0.0,5.0,990.0,NA
2026-06-28 02:00:00,56.0,161.0,11.3,30.7,25.5,39.0,3.7,1.55,2.48,1.78,20.4,NA,2.1,4.8,1.97,32.63,60.0,0.73,210.25,0.0,0.0,5.0,989.5,NA
2026-06-28 03:00:00,NA,96.0,4.78,7.58,7.93,42.15,5.27,0.94,2.0,0.48,4.02,NA,0.68,0.88,0.33,32.25,58.0,0.3,225.5,0.0,0.0,5.5,990.25,NA
2026-06-28 04:00:00,38.0,41.0,5.3,10.0,9.63,35.53,6.28,0.99,4.45,0.2,3.5,NA,0.1,0.25,0.08,31.35,63.0,0.3,255.5,0.0,0.0,5.0,991.5,NA
2026-06-28 05:00:00,28.0,39.0,5.63,12.03,10.98,36.95,6.48,1.07,3.2,0.28,4.45,NA,0.18,0.28,0.05,31.23,63.75,0.3,235.75,0.0,0.0,7.0,991.5,NA
2026-06-28 06:00:00,64.0,124.0,7.33,15.95,14.48,26.33,6.65,1.16,3.15,0.53,6.83,NA,0.18,0.23,0.05,31.6,64.0,0.35,214.75,0.0,0.0,40.0,990.5,NA
2026-06-28 07:00:00,58.0,110.0,7.23,14.18,13.4,22.25,6.78,1.06,3.3,0.68,3.48,NA,0.23,0.43,0.15,33.7,57.25,0.58,214.5,0.0,0.0,142.25,985.5,NA
2026-06-28 08:00:00,51.0,79.0,4.75,10.25,9.28,23.1,6.9,1.0,3.03,0.58,2.0,NA,0.1,0.25,0.03,34.88,52.75,1.6,218.75,0.0,0.0,274.5,981.75,NA
2026-06-28 09:00:00,20.0,81.0,5.55,9.05,9.3,39.95,6.55,1.0,3.3,0.35,1.0,NA,0.0,0.05,0.0,36.73,49.0,0.75,219.75,0.0,0.0,398.0,977.5,NA
2026-06-28 10:00:00,45.0,100.0,4.58,6.73,7.3,48.03,4.65,1.04,4.05,0.35,0.88,NA,0.0,0.03,0.0,38.35,45.0,0.68,200.0,0.0,0.0,508.25,974.5,NA
2026-06-28 11:00:00,52.0,100.0,3.63,5.93,6.05,40.0,5.88,0.96,5.78,0.38,6.25,NA,0.2,0.28,0.28,39.3,41.75,1.0,128.5,0.0,0.0,579.75,973.5,NA
2026-06-28 12:00:00,50.0,105.0,3.58,4.98,5.6,37.38,6.75,0.99,7.58,0.3,9.92,NA,0.05,0.45,0.08,39.88,40.5,0.48,138.5,0.0,0.0,539.75,973.25,NA
2026-06-28 13:00:00,50.0,112.0,3.23,5.9,5.78,33.88,7.45,0.99,9.23,0.3,9.13,NA,0.08,0.58,0.23,39.9,39.75,0.73,142.5,0.0,0.0,496.25,972.75,NA
2026-06-28 14:00:00,30.0,102.0,3.88,6.65,6.65,25.4,8.6,1.06,10.95,0.28,4.43,NA,0.05,0.35,0.05,39.4,41.0,0.48,148.75,0.0,0.0,317.75,974.0,NA
2026-06-28 15:00:00,48.0,121.0,3.43,7.25,6.65,22.15,7.98,1.09,12.75,0.3,4.5,NA,0.08,0.25,0.1,39.48,41.0,0.6,134.0,0.0,0.0,291.0,974.25,NA
2026-06-28 16:00:00,55.0,147.0,3.88,8.43,7.6,26.08,7.4,1.08,13.33,0.5,4.7,NA,0.33,0.5,0.48,37.95,44.0,0.45,134.5,0.0,0.0,157.0,977.0,NA
2026-06-28 17:00:00,46.0,156.0,3.53,7.0,6.58,46.25,6.95,1.15,12.43,0.48,4.83,NA,0.15,1.38,0.33,35.85,49.25,1.73,188.25,0.0,0.0,21.25,982.0,NA
2026-06-28 18:00:00,66.0,300.0,3.5,5.85,6.0,63.0,4.83,1.03,10.05,0.35,3.08,NA,0.13,0.68,0.23,31.2,67.0,0.55,166.75,0.0,0.0,11.75,991.0,NA
2026-06-28 19:00:00,NA,NA,4.18,15.9,11.83,43.93,4.53,1.3,8.23,0.77,13.73,NA,0.48,1.42,0.28,31.18,66.25,0.3,118.0,0.0,0.0,16.5,991.5,NA
2026-06-28 20:00:00,69.0,83.0,4.95,20.33,14.83,39.5,5.3,1.26,5.18,1.65,143.23,NA,3.95,16.18,3.9,31.85,60.25,0.3,254.25,0.0,0.0,5.5,991.0,NA
2026-06-28 21:00:00,58.0,92.0,6.33,19.88,15.7,36.43,4.8,1.25,4.08,0.88,18.8,NA,2.73,10.88,2.78,32.03,61.75,0.3,249.75,0.0,0.0,5.0,990.75,NA
2026-06-28 22:00:00,61.0,106.0,5.6,18.8,14.55,28.6,5.85,1.3,3.9,0.6,8.25,NA,3.3,15.53,4.88,31.9,65.75,0.3,232.0,0.0,0.0,5.25,990.0,NA
2026-06-28 23:00:00,63.0,119.0,5.0,17.97,13.5,22.45,5.58,1.29,4.0,0.85,3.97,NA,0.35,0.95,0.28,31.73,67.0,0.3,218.5,0.0,0.0,5.5,991.0,NA
2026-06-29 00:00:00,88.0,138.0,6.33,17.0,14.18,21.55,6.78,0.94,3.73,0.8,7.23,NA,0.5,0.75,0.33,31.8,65.5,0.3,216.75,0.0,0.0,5.75,990.75,NA
2026-06-29 01:00:00,103.0,190.0,6.68,14.58,13.18,32.78,7.58,0.97,3.7,0.67,2.43,NA,0.13,0.3,0.15,31.58,66.75,0.3,238.0,0.0,0.0,5.5,991.0,NA
2026-06-29 02:00:00,130.0,232.0,8.0,17.7,15.9,63.9,7.6,0.98,2.78,1.6,4.9,NA,0.35,0.53,0.2,31.28,69.75,0.3,234.75,0.0,0.0,5.5,991.0,NA
2026-06-29 03:00:00,163.0,248.0,6.33,14.73,12.98,54.1,6.8,0.91,2.85,1.48,3.95,NA,0.1,0.3,0.1,31.28,68.25,0.3,211.75,0.0,0.0,5.25,991.25,NA
2026-06-29 04:00:00,96.0,145.0,5.68,13.63,11.88,40.9,5.75,0.88,3.3,1.05,2.85,NA,0.13,0.3,0.08,31.43,66.0,0.3,222.25,0.0,0.0,5.25,991.0,NA
2026-06-29 05:00:00,110.0,152.0,6.08,13.3,12.0,36.1,8.8,0.88,3.08,1.25,2.8,NA,0.33,0.3,0.13,31.33,66.25,0.35,212.25,0.0,0.0,6.5,991.25,NA
2026-06-29 06:00:00,97.0,129.0,7.28,14.08,13.4,32.28,14.4,0.87,2.85,1.0,2.65,NA,0.05,0.3,0.1,31.85,64.0,0.63,208.0,0.0,0.0,40.5,990.25,NA
2026-06-29 07:00:00,38.0,132.0,6.87,13.6,12.8,24.87,12.57,0.85,3.1,0.57,1.9,NA,0.03,0.3,0.07,32.8,61.0,0.67,221.33,0.0,0.0,98.33,988.0,NA
2026-06-29 08:00:00,44.0,84.0,6.35,9.05,10.0,21.5,10.7,0.76,3.15,0.43,1.28,NA,0.0,0.15,0.0,34.78,53.25,1.4,215.75,0.0,0.0,266.0,982.0,NA
2026-06-29 09:00:00,51.0,81.0,6.0,8.05,9.23,27.9,10.2,0.7,3.03,0.15,0.53,NA,0.0,0.0,0.0,36.13,48.75,1.53,216.25,0.0,0.0,369.0,978.25,NA
2026-06-29 10:00:00,39.0,97.0,4.95,8.5,8.53,58.2,8.88,0.69,3.2,0.23,0.53,NA,0.0,0.0,0.0,37.8,45.75,0.75,215.75,0.0,0.0,490.5,975.0,NA
2026-06-29 11:00:00,42.0,146.0,4.65,8.03,8.0,58.25,6.1,0.89,4.2,0.28,0.98,NA,0.03,0.23,0.1,38.65,44.75,0.8,220.75,0.0,0.0,565.25,974.0,NA
2026-06-29 12:00:00,50.0,160.0,4.43,7.0,7.35,43.5,6.93,0.64,4.58,0.53,3.73,NA,0.95,3.13,0.15,39.9,40.5,1.18,202.5,0.0,0.0,606.25,973.0,NA
2026-06-29 13:00:00,46.0,172.0,3.63,4.9,5.58,43.0,8.78,0.65,6.23,0.18,0.93,NA,0.0,0.3,0.03,40.15,39.0,2.18,187.75,0.0,0.0,592.25,973.0,NA
2026-06-29 14:00:00,38.0,184.0,3.93,4.95,5.83,42.68,9.58,0.59,5.65,0.13,0.7,NA,0.03,0.2,0.03,40.9,37.0,1.5,189.0,0.0,0.0,559.0,972.0,NA
2026-06-29 15:00:00,19.0,182.0,2.9,5.73,5.38,33.75,9.38,0.63,7.48,0.15,8.05,NA,0.08,0.43,0.1,40.58,37.25,1.78,183.75,0.0,0.0,388.75,973.25,NA
2026-06-29 16:00:00,31.0,190.0,4.23,4.43,5.8,48.75,8.45,0.59,10.63,0.18,11.75,NA,0.1,0.5,0.13,39.8,37.75,1.78,179.25,0.0,0.0,274.75,974.0,NA
2026-06-29 17:00:00,33.0,175.0,3.38,6.25,6.05,56.28,7.95,0.63,13.3,0.38,33.6,NA,0.4,1.6,0.38,38.43,40.75,1.43,176.25,0.0,0.0,92.75,977.0,NA
2026-06-29 18:00:00,39.0,146.0,3.48,7.23,6.68,57.45,7.08,0.6,8.7,0.3,12.78,NA,0.25,0.88,0.22,36.05,46.25,1.05,212.5,0.0,0.0,62.5,981.5,NA
2026-06-29 19:00:00,63.0,151.0,4.28,8.35,7.93,68.8,6.23,0.67,7.65,0.28,5.95,NA,0.25,0.3,0.2,35.18,49.25,0.3,231.25,0.0,0.0,29.5,984.25,NA
2026-06-29 20:00:00,24.0,125.0,4.05,11.83,9.83,43.7,5.15,0.72,7.08,0.35,6.48,NA,0.3,1.03,0.25,34.15,52.75,0.3,249.0,0.0,0.0,5.25,986.75,NA
2026-06-29 21:00:00,46.0,128.0,5.28,15.25,12.4,35.95,5.68,0.97,4.3,0.75,8.78,NA,0.53,3.3,0.73,33.78,54.25,0.3,183.25,0.0,0.0,5.5,987.75,NA
2026-06-29 22:00:00,52.0,160.0,4.8,14.23,11.48,31.3,6.58,0.9,3.88,0.95,8.58,NA,6.43,2.53,0.7,34.18,51.75,0.33,199.75,0.0,0.0,5.0,987.0,NA
2026-06-29 23:00:00,39.0,135.0,6.28,20.18,15.85,27.55,8.7,1.05,3.75,0.58,7.35,NA,4.78,1.03,0.85,33.45,54.25,0.35,202.25,0.0,0.0,5.5,988.0,NA
2026-06-30 00:00:00,47.0,206.0,8.65,25.4,20.53,24.1,8.0,1.21,3.03,1.1,12.23,NA,2.68,3.38,1.45,34.05,52.25,0.73,209.0,0.0,0.0,5.5,986.5,NA
2026-06-30 01:00:00,35.0,168.0,6.23,18.05,14.65,24.63,7.3,1.02,4.8,0.65,9.85,NA,1.75,5.73,1.65,33.3,56.25,0.9,159.25,0.0,0.0,5.75,988.0,NA
2026-06-30 02:00:00,31.0,124.0,5.3,11.8,10.6,28.1,6.5,0.95,3.65,0.48,11.33,NA,1.13,3.33,0.95,32.65,59.5,0.83,148.75,0.0,0.0,5.75,989.25,NA
2026-06-30 03:00:00,63.0,108.0,6.13,13.43,12.1,107.1,6.57,0.67,0.67,0.5,5.18,NA,0.18,1.78,0.28,32.68,60.0,0.3,226.75,0.0,0.0,5.5,989.5,NA
2026-06-30 04:00:00,48.0,73.0,7.83,17.7,15.78,158.73,4.8,0.82,1.73,0.93,8.18,NA,0.03,2.25,0.33,32.55,61.5,0.3,238.5,0.0,0.0,6.0,990.0,NA
2026-06-30 05:00:00,66.0,106.0,8.83,21.15,18.45,147.33,4.15,0.92,1.7,0.9,6.7,NA,0.05,2.05,0.3,NA,NA,NA,NA,NA,NA,NA,NA,NA
2026-06-30 06:00:00,53.0,100.0,9.48,29.3,23.25,127.83,5.3,1.03,1.65,0.1,0.03,NA,0.0,1.33,0.25,NA,NA,NA,NA,NA,NA,NA,NA,NA
2026-06-30 07:00:00,45.0,102.0,8.8,28.88,22.48,88.5,8.0,0.87,5.53,0.53,1.38,NA,0.0,0.7,0.13,32.97,57.67,0.75,225.67,0.0,0.0,54.0,988.0,NA
2026-06-30 08:00:00,NA,121.0,6.78,12.75,12.3,45.2,5.83,0.93,4.08,0.53,1.6,NA,0.0,0.18,0.0,33.43,55.25,0.85,226.75,0.0,0.0,119.75,986.5,NA
2026-06-30 09:00:00,20.0,134.0,6.6,11.28,11.35,34.35,5.1,1.08,4.58,0.53,0.98,NA,0.0,0.1,0.0,34.33,53.5,0.65,226.75,0.0,0.0,160.75,983.75,NA
2026-06-30 10:00:00,25.0,162.0,4.58,11.18,9.7,28.1,4.5,1.07,4.45,0.43,1.03,NA,0.03,0.08,0.0,34.7,52.5,0.45,229.0,0.0,0.0,147.75,983.0,NA
2026-06-30 11:00:00,59.0,205.0,3.85,8.83,7.8,37.43,4.6,0.9,2.23,0.4,1.83,NA,0.0,0.1,0.0,36.05,48.0,0.93,205.0,0.0,0.0,222.5,980.0,NA
2026-06-30 12:00:00,56.0,276.0,4.6,6.55,7.2,42.15,4.33,0.9,6.3,0.23,1.33,NA,0.0,0.18,0.0,37.78,43.25,1.0,193.0,0.0,0.0,340.0,976.75,NA
2026-06-30 13:00:00,46.0,278.0,3.5,5.43,5.73,30.33,3.88,0.72,6.3,0.23,0.93,NA,0.03,0.4,0.1,38.45,42.75,0.68,203.25,0.0,0.0,370.5,975.5,NA
2026-06-30 14:00:00,38.0,295.0,3.15,5.25,5.35,23.63,5.23,0.66,7.6,0.13,3.45,NA,0.0,0.23,0.0,39.75,39.75,1.28,168.0,0.0,0.0,419.0,973.5,NA
2026-06-30 15:00:00,55.0,357.0,3.43,5.18,5.53,26.48,5.08,0.69,8.18,0.43,23.23,NA,0.52,1.13,0.35,39.55,39.0,1.85,115.75,0.0,0.0,340.5,973.75,NA
2026-06-30 16:00:00,48.0,342.0,3.33,5.65,5.7,22.63,5.78,0.71,9.53,0.3,53.48,NA,0.83,3.4,1.05,38.38,41.5,1.63,124.75,0.0,0.0,202.75,975.75,NA
2026-06-30 17:00:00,72.0,410.0,3.58,8.7,7.53,20.8,6.03,0.91,10.43,0.43,14.1,NA,0.4,1.2,0.4,36.38,52.0,2.13,100.75,0.0,0.0,96.75,980.5,NA
2026-06-30 18:00:00,90.0,272.0,3.73,11.15,8.98,20.3,5.08,1.01,10.7,0.9,4.48,NA,0.15,0.73,0.18,34.95,59.0,1.53,116.0,0.0,0.0,48.25,984.0,NA
2026-06-30 19:00:00,121.0,227.0,3.98,17.13,12.35,21.55,4.83,1.15,11.1,1.15,6.15,NA,0.28,1.33,0.28,34.3,61.0,0.98,129.75,0.0,0.0,12.75,985.75,NA
2026-06-30 20:00:00,155.0,197.0,4.03,20.63,14.23,25.35,3.38,1.2,5.68,1.3,8.15,NA,0.6,2.83,0.65,33.88,63.5,1.13,131.25,0.0,0.0,5.25,987.0,NA
2026-06-30 21:00:00,73.0,175.0,4.33,18.35,13.25,28.35,2.93,1.19,4.98,1.38,7.78,NA,0.95,2.65,0.5,33.65,63.75,1.3,130.75,0.0,0.0,5.0,987.5,NA
2026-06-30 22:00:00,86.0,172.0,3.9,14.67,11.23,26.53,2.5,1.11,3.93,1.28,9.83,NA,0.73,1.88,0.55,33.0,67.25,2.05,122.5,0.0,0.0,5.25,988.5,NA
2026-06-30 23:00:00,35.0,103.0,4.15,12.98,10.25,23.83,2.2,1.03,2.87,0.98,2.98,NA,0.25,0.7,0.18,32.4,68.75,1.23,140.75,0.0,0.0,5.25,989.5,NA
2026-08-01 00:00:00,113.0,131.0,5.73,4.1,6.87,25.17,5.1,0.82,5.97,0.13,3.67,NA,0.2,0.43,0.13,29.57,74.67,1.07,124.33,0.0,0.0,5.0,989.0,NA
2026-08-01 01:00:00,24.0,73.0,5.35,3.43,6.18,24.5,4.83,0.92,7.23,0.1,4.0,NA,0.18,0.4,0.1,29.4,74.0,1.08,116.0,0.0,0.0,5.0,989.0,NA
2026-08-01 02:00:00,58.0,63.0,4.9,2.23,5.18,23.1,4.53,0.79,6.3,0.1,3.33,NA,0.15,0.18,0.08,28.88,78.0,1.1,106.75,0.0,0.0,5.0,989.0,NA
2026-08-01 03:00:00,62.0,75.0,5.23,2.5,5.6,20.45,4.6,0.79,6.1,0.1,3.88,NA,0.05,0.25,0.05,28.68,79.75,1.18,104.0,0.0,0.0,5.0,990.0,NA
2026-08-01 04:00:00,NA,NA,5.1,2.58,5.5,27.05,4.48,0.77,5.93,0.1,1.93,NA,0.03,0.15,0.05,28.45,81.0,1.25,105.5,0.0,0.0,5.0,990.0,NA
2026-08-01 05:00:00,NA,90.0,5.55,3.35,6.3,27.03,4.82,0.67,4.53,0.13,1.63,NA,0.03,0.15,0.0,28.5,81.5,1.3,127.25,0.0,0.0,5.5,990.0,NA
2026-08-01 06:00:00,NA,21.0,6.07,4.1,7.1,30.97,4.93,0.91,5.23,0.1,1.7,NA,0.0,0.1,0.0,28.5,82.0,1.27,107.0,0.0,0.0,20.67,990.0,NA
2026-08-01 07:00:00,33.0,65.0,5.73,3.68,6.63,31.67,5.05,0.92,5.55,0.13,1.58,NA,0.0,0.1,0.0,29.43,77.5,1.15,108.25,0.0,0.0,107.5,988.25,NA
2026-08-01 08:00:00,40.0,75.0,6.05,3.65,6.88,30.75,4.98,0.93,5.48,0.1,0.93,NA,0.0,0.1,0.0,29.93,74.0,1.03,117.75,0.0,0.0,116.5,987.0,NA
2026-08-01 09:00:00,51.0,96.0,6.13,3.4,6.8,22.28,4.93,1.01,7.33,0.1,5.23,NA,0.18,0.98,0.2,30.35,70.5,1.05,132.0,0.0,0.0,173.5,985.75,NA
2026-08-01 10:00:00,41.0,100.0,5.58,2.53,5.88,25.78,4.55,0.9,6.4,0.1,37.9,NA,0.08,0.2,0.03,30.93,67.0,1.15,127.25,0.0,0.0,216.5,983.75,NA
2026-08-01 11:00:00,91.0,129.0,5.58,2.33,5.75,21.05,4.6,0.9,6.23,0.1,4.28,NA,0.1,0.3,0.08,31.3,65.25,1.2,124.0,0.0,0.0,336.25,983.0,NA
2026-08-01 12:00:00,64.0,112.0,5.45,3.03,6.05,21.1,4.63,0.93,6.23,0.1,3.48,NA,0.13,0.2,0.08,33.15,56.0,1.1,118.25,0.0,0.0,449.75,976.5,NA
2026-08-01 13:00:00,72.0,117.0,5.73,4.35,6.95,26.58,4.6,0.88,5.58,0.15,3.75,NA,0.05,0.28,0.08,33.1,57.0,1.1,112.25,0.0,0.0,415.25,978.0,NA
2026-08-01 14:00:00,29.0,96.0,5.93,4.53,7.23,29.9,5.05,0.84,4.18,0.1,2.63,NA,0.0,0.15,0.05,33.68,56.0,1.15,112.0,0.0,0.0,410.5,976.5,NA
2026-08-01 15:00:00,62.0,97.0,5.65,4.7,7.1,32.18,5.18,0.93,5.1,0.05,1.18,NA,0.05,0.08,0.0,33.32,56.5,1.1,117.75,0.0,0.0,248.5,978.5,NA
2026-08-01 16:00:00,55.0,98.0,5.4,4.07,6.53,30.28,4.95,0.97,5.58,0.08,1.38,NA,0.03,0.15,0.0,32.3,59.75,1.15,122.0,0.0,0.0,116.75,982.25,NA
2026-08-01 17:00:00,62.0,100.0,5.35,3.55,6.23,28.63,4.95,1.12,6.3,0.1,1.7,NA,0.05,0.75,0.05,30.6,70.25,1.43,140.75,0.0,0.0,71.75,987.0,NA
2026-08-01 18:00:00,38.0,64.0,5.05,2.7,5.53,21.48,4.63,1.0,7.53,0.1,2.38,NA,0.3,0.67,0.25,31.1,66.0,1.13,108.5,0.0,0.0,51.5,986.0,NA
2026-08-01 19:00:00,NA,NA,4.68,2.0,4.88,21.93,4.68,1.07,6.3,0.1,3.78,NA,0.22,1.15,0.77,30.55,68.5,1.15,108.75,0.0,0.0,8.5,987.0,NA
2026-08-01 20:00:00,NA,NA,4.8,1.8,4.83,18.4,4.73,1.09,6.05,0.15,6.75,NA,0.68,1.83,1.0,30.1,71.5,1.2,104.25,0.0,0.0,5.0,988.0,NA
2026-08-01 21:00:00,NA,81.0,4.8,2.15,5.05,16.28,4.85,0.97,6.0,0.13,3.85,NA,0.45,0.85,0.33,29.63,74.25,1.38,111.5,0.0,0.0,5.0,988.75,NA
2026-08-01 22:00:00,NA,NA,5.33,2.1,5.45,17.65,5.03,1.22,5.48,0.28,4.85,NA,0.2,0.8,0.18,29.5,76.75,1.13,103.5,0.0,0.0,5.0,989.0,NA
2026-08-01 23:00:00,NA,NA,5.03,3.05,5.7,19.25,5.28,1.21,5.63,0.13,3.5,NA,0.3,0.53,0.13,29.4,77.75,0.98,137.0,0.0,0.0,5.0,989.0,NA
2026-08-02 00:00:00,72.0,103.0,5.4,3.9,6.45,19.65,5.08,1.18,5.9,0.2,4.3,NA,0.4,0.65,0.15,29.55,76.75,1.58,148.75,0.0,0.0,5.0,989.0,NA
2026-08-02 01:00:00,79.0,91.0,4.8,3.35,5.7,20.1,5.25,1.13,5.83,0.13,2.75,NA,0.18,0.28,0.1,29.5,76.75,1.05,147.75,0.0,0.0,5.0,989.0,NA
2026-08-02 02:00:00,3.0,53.0,4.38,2.78,5.05,19.45,4.73,1.02,7.48,0.1,1.53,NA,0.05,0.15,0.05,29.13,75.75,1.4,148.5,0.0,0.0,5.0,989.0,NA
2026-08-02 03:00:00,NA,NA,4.53,2.45,5.0,18.78,4.8,0.9,6.15,0.08,0.88,NA,0.0,0.08,0.0,28.2,79.5,1.3,121.0,0.0,0.0,5.0,990.5,NA
2026-08-02 04:00:00,NA,8.0,4.93,3.23,5.73,15.5,4.78,0.91,6.7,0.08,0.68,NA,0.0,0.03,0.0,27.75,83.25,1.3,116.75,0.0,0.0,5.0,991.0,NA
2026-08-02 05:00:00,NA,NA,5.13,2.78,5.63,12.53,4.78,0.88,6.3,0.03,0.75,NA,0.0,0.05,0.0,27.7,84.75,1.35,110.25,0.0,0.0,5.25,991.0,NA
2026-08-02 06:00:00,NA,NA,5.23,3.1,5.88,14.48,4.93,0.96,5.58,0.13,2.85,NA,0.05,0.13,0.0,27.98,85.0,1.48,113.75,0.0,0.0,20.75,990.75,NA
2026-08-02 07:00:00,NA,NA,5.68,3.5,6.53,14.7,5.4,1.18,5.55,0.13,2.63,NA,0.08,0.1,0.03,28.45,83.75,1.3,111.5,0.0,0.0,53.25,990.0,NA
2026-08-02 08:00:00,NA,NA,5.73,2.78,6.15,14.3,5.35,1.21,5.68,0.2,1.88,NA,0.03,0.18,0.05,29.43,79.25,1.35,118.5,0.0,0.0,117.0,988.0,NA
2026-08-02 09:00:00,NA,NA,5.88,2.9,6.33,17.3,5.38,1.19,5.8,0.15,2.13,NA,0.0,0.23,0.05,31.18,70.25,1.2,129.5,0.0,0.0,247.75,983.75,NA
2026-08-02 10:00:00,30.0,80.0,4.85,3.3,5.7,18.98,5.03,1.26,7.25,0.1,3.0,NA,0.1,0.2,0.1,32.75,60.25,1.17,122.75,0.0,0.0,439.0,978.25,NA
2026-08-02 11:00:00,72.0,87.0,4.6,2.88,5.28,17.05,4.88,1.15,6.78,0.13,2.53,NA,0.1,0.15,0.1,33.78,55.0,1.15,119.0,0.0,0.0,576.25,974.5,NA
2026-08-02 12:00:00,66.0,92.0,4.1,2.68,4.8,17.03,4.83,1.1,6.4,0.13,1.88,NA,0.1,0.2,0.08,34.38,52.5,1.25,124.25,0.0,0.0,594.5,973.5,NA
2026-08-02 13:00:00,56.0,76.0,4.58,2.9,5.23,18.9,4.73,1.05,5.67,0.1,0.95,NA,0.0,0.22,0.05,34.25,52.25,1.28,114.5,0.0,0.0,407.25,974.5,NA
2026-08-02 14:00:00,41.0,84.0,4.98,3.35,5.83,20.5,4.83,1.03,3.75,0.13,1.13,NA,0.03,0.13,0.05,30.63,72.0,1.45,170.5,7.38,29.5,258.75,985.25,NA
2026-08-02 15:00:00,40.0,58.0,4.95,4.02,6.18,19.6,5.15,1.2,5.45,0.1,8.18,NA,0.18,0.5,0.18,33.9,57.25,1.0,122.25,0.0,0.0,434.75,976.25,NA
2026-08-02 16:00:00,21.0,68.0,4.88,3.05,5.6,20.28,5.28,1.17,5.65,0.05,1.18,NA,0.08,0.25,0.13,31.95,62.5,1.18,112.25,0.0,0.0,193.5,982.0,NA
2026-08-02 17:00:00,38.0,63.0,4.65,3.45,5.63,19.73,5.35,1.29,6.18,0.08,1.6,NA,0.08,0.48,0.1,31.55,65.5,1.35,145.25,0.0,0.0,90.5,984.25,NA
2026-08-02 18:00:00,36.0,93.0,4.98,5.15,6.8,19.25,5.4,1.45,6.65,0.13,3.6,NA,0.35,0.75,0.28,31.3,67.5,1.6,143.25,0.0,0.0,36.75,985.25,NA
2026-08-02 19:00:00,26.0,95.0,5.3,7.13,8.1,17.48,5.08,1.36,5.2,0.2,3.97,NA,0.35,1.0,0.4,30.48,71.25,1.6,143.25,0.0,0.0,8.25,987.25,NA
2026-08-02 20:00:00,46.0,102.0,5.08,6.63,7.65,16.95,4.95,1.33,5.68,0.2,3.45,NA,0.55,1.3,0.45,30.03,72.75,1.5,131.75,0.0,0.0,5.0,988.0,NA
2026-08-02 21:00:00,NA,NA,5.33,5.55,7.28,16.58,4.88,1.41,5.93,0.2,4.5,NA,0.2,1.65,0.3,29.55,76.25,1.6,142.25,0.0,0.0,5.0,988.75,NA
2026-08-02 22:00:00,NA,73.0,4.8,4.68,6.4,16.43,4.9,1.36,4.95,0.28,3.43,NA,0.53,1.03,0.33,29.48,78.0,1.58,156.5,0.0,0.0,5.0,989.0,NA
2026-08-02 23:00:00,NA,83.0,5.05,4.63,6.58,13.38,5.2,1.44,5.28,0.33,3.23,NA,0.43,1.05,0.3,29.58,77.5,1.6,138.0,0.0,0.0,5.0,989.0,NA
2026-08-03 00:00:00,38.0,71.0,4.93,4.3,6.33,17.2,5.45,1.47,5.95,0.2,3.13,NA,0.4,0.9,0.23,29.48,78.75,1.6,110.5,0.0,0.0,5.0,989.0,NA
2026-08-03 01:00:00,40.0,107.0,4.95,3.88,6.1,17.78,5.3,1.36,5.8,0.18,3.93,NA,0.28,0.8,0.38,29.2,81.75,1.6,113.0,0.0,0.0,5.0,989.0,NA
2026-08-03 02:00:00,29.0,69.0,5.88,12.95,11.65,15.78,5.48,1.37,6.03,0.15,3.4,NA,0.08,0.38,0.1,28.95,83.75,1.45,121.5,0.0,0.0,5.0,989.5,NA
2026-08-03 03:00:00,7.0,52.0,6.18,8.15,9.38,9.68,4.98,1.28,7.9,0.13,2.93,NA,0.03,0.13,0.08,28.6,84.75,1.6,129.25,0.0,0.0,5.0,990.0,NA
2026-08-03 04:00:00,NA,NA,6.15,6.15,8.28,15.18,4.68,1.27,7.18,0.13,3.03,NA,0.05,0.23,0.1,28.5,85.0,1.6,119.25,0.0,0.0,5.0,990.0,NA
2026-08-03 05:00:00,NA,NA,6.03,6.0,8.1,15.43,4.95,1.29,6.73,0.23,2.63,NA,0.08,0.15,0.08,28.4,86.0,1.6,140.25,0.0,0.0,5.25,990.0,NA
2026-08-03 06:00:00,NA,63.0,6.08,5.2,7.73,15.02,5.03,1.19,7.03,0.15,2.23,NA,0.03,0.28,0.05,28.63,85.5,1.6,128.25,0.0,0.0,31.5,989.75,NA
2026-08-03 07:00:00,NA,NA,6.6,4.65,7.85,15.65,5.35,1.47,5.45,0.28,2.05,NA,0.15,0.4,0.05,29.63,82.25,1.6,116.75,0.0,0.0,76.25,988.5,NA
2026-08-03 08:00:00,NA,24.0,7.03,5.13,8.45,16.65,5.5,1.45,5.3,0.2,1.93,NA,0.08,0.33,0.08,30.95,74.5,1.6,122.25,0.0,0.0,163.75,985.0,NA
2026-08-03 09:00:00,37.0,89.0,6.78,5.45,8.43,17.45,5.5,1.44,4.93,0.1,1.58,NA,0.05,0.18,0.08,31.55,70.0,1.6,130.75,0.0,0.0,235.25,983.0,NA
2026-08-03 10:00:00,42.0,80.0,7.03,8.1,10.0,17.05,5.45,1.35,5.3,0.1,1.42,NA,0.08,0.23,0.05,33.05,61.5,1.28,140.5,0.0,0.0,420.25,978.0,NA
2026-08-03 11:00:00,27.0,100.0,5.25,5.13,7.02,20.2,5.13,1.52,6.08,0.13,1.15,NA,0.15,0.18,0.05,33.45,57.0,1.0,122.5,0.0,0.0,463.75,976.25,NA
2026-08-03 12:00:00,27.0,105.0,5.25,4.58,6.73,11.1,5.0,1.36,5.73,0.13,1.9,NA,0.18,0.23,0.08,34.03,54.0,1.18,135.75,0.0,0.0,465.75,975.0,NA
2026-08-03 13:00:00,27.0,91.0,4.83,3.9,6.03,14.75,5.0,1.4,5.85,0.13,2.35,NA,0.15,0.3,0.08,33.65,54.0,1.15,131.25,0.0,0.0,360.75,976.75,NA
2026-08-03 14:00:00,38.0,110.0,5.05,5.05,6.78,15.68,5.03,1.4,6.03,0.18,4.13,NA,0.38,0.25,0.18,34.08,52.75,1.13,144.0,0.0,0.0,376.0,975.5,NA
2026-08-03 15:00:00,23.0,100.0,5.15,4.4,6.53,16.3,5.33,1.22,4.5,0.3,3.7,NA,0.15,0.53,0.1,32.98,58.0,1.13,152.5,0.0,0.0,183.0,980.0,NA
2026-08-03 16:00:00,21.0,88.0,5.1,3.08,5.78,14.1,5.63,1.51,6.75,0.1,2.43,NA,0.2,0.4,0.08,33.33,55.25,1.13,162.0,0.0,0.0,225.5,979.25,NA
2026-08-03 17:00:00,18.0,88.0,4.8,3.23,5.6,12.4,5.7,1.48,5.68,0.15,2.83,NA,0.22,0.58,0.2,32.15,61.0,1.15,186.0,0.0,0.0,88.25,983.0,NA
2026-08-03 18:00:00,23.0,97.0,4.63,3.18,5.43,9.78,5.73,1.41,5.28,0.23,3.65,NA,0.18,0.58,0.28,31.48,63.0,1.15,185.5,0.0,0.0,42.5,985.0,NA
2026-08-03 19:00:00,21.0,96.0,4.75,3.8,5.88,11.85,5.38,1.63,6.13,0.2,4.73,NA,0.7,0.68,0.4,30.65,67.25,1.55,204.0,0.0,0.0,7.5,986.75,NA
2026-08-03 20:00:00,12.0,105.0,4.95,3.88,6.1,14.45,5.18,1.57,6.73,0.35,6.38,NA,1.1,1.43,0.7,30.18,69.25,1.35,218.75,0.0,0.0,5.0,988.0,NA
2026-08-03 21:00:00,10.0,100.0,4.85,3.6,5.88,19.63,5.2,1.63,7.78,0.23,10.15,NA,0.85,1.45,0.95,30.0,72.25,0.53,206.5,0.0,0.0,5.0,988.0,NA
2026-08-03 22:00:00,25.0,68.0,5.08,3.5,5.98,16.38,5.18,1.62,6.3,0.33,8.7,NA,1.15,1.53,0.75,29.85,74.0,0.3,183.75,0.0,0.0,5.0,988.0,NA
2026-08-03 23:00:00,16.0,75.0,4.83,3.45,5.78,16.25,5.33,1.46,5.33,0.15,6.48,NA,0.65,1.25,0.55,29.58,76.75,1.2,186.5,0.0,0.0,5.0,989.0,NA
2026-08-04 00:00:00,30.0,79.0,6.28,4.1,7.28,16.23,5.9,1.69,5.15,0.3,6.43,NA,0.98,2.0,0.48,29.5,79.0,1.3,148.75,0.0,0.0,5.0,989.0,NA
2026-08-04 01:00:00,23.0,78.0,6.03,4.95,7.53,20.5,5.75,1.63,5.8,0.2,5.5,NA,0.93,1.48,0.52,29.42,79.5,0.43,152.0,0.0,0.0,5.0,989.0,NA
2026-08-04 02:00:00,10.0,61.0,5.48,4.45,6.83,21.63,5.63,1.46,5.8,0.2,3.88,NA,0.53,1.0,0.25,29.35,79.0,1.25,146.0,0.0,0.0,5.0,989.0,NA
2026-08-04 03:00:00,8.0,54.0,5.0,4.28,6.35,20.63,5.6,1.53,6.7,0.18,2.28,NA,0.28,0.4,0.1,29.15,79.75,0.3,152.5,0.0,0.0,5.0,989.0,NA
2026-08-04 04:00:00,16.0,49.0,4.85,3.28,5.68,17.13,5.23,1.36,7.13,0.1,2.2,NA,0.18,0.13,0.08,29.03,79.75,0.55,158.25,0.0,0.0,5.0,989.0,NA
2026-08-04 05:00:00,19.0,36.0,5.2,4.43,6.58,20.1,5.23,1.31,6.3,0.1,3.03,NA,0.15,0.28,0.05,28.6,81.5,1.3,172.5,0.0,0.0,5.5,989.75,NA
2026-08-04 06:00:00,7.0,40.0,5.5,5.08,7.18,21.05,5.13,1.35,6.33,0.08,1.23,NA,0.0,0.1,0.0,28.33,83.0,1.55,179.75,0.0,0.0,15.5,990.0,NA
2026-08-04 07:00:00,9.0,77.0,6.02,4.88,7.5,21.35,5.28,1.28,4.98,0.1,1.55,NA,0.0,0.1,0.03,29.15,80.75,1.6,173.75,0.0,0.0,106.75,988.75,NA
2026-08-04 08:00:00,12.0,57.0,5.98,4.58,7.28,22.38,5.68,1.55,4.4,0.2,1.35,NA,0.0,0.1,0.08,30.7,72.0,1.6,156.0,0.0,0.0,158.75,985.25,NA
2026-08-04 09:00:00,22.0,74.0,5.58,4.23,6.78,23.58,5.75,1.5,5.78,0.1,1.13,NA,0.0,0.15,0.03,29.8,76.0,1.6,152.25,0.0,0.0,61.75,987.5,NA
2026-08-04 10:00:00,20.0,54.0,5.32,3.88,6.38,23.15,5.95,1.48,5.9,0.23,36.35,NA,2.18,1.65,0.85,29.4,81.0,1.6,170.75,0.0,0.0,109.0,988.75,NA
2026-08-04 11:00:00,32.0,51.0,6.4,6.28,8.55,23.23,6.0,1.48,6.03,0.38,45.7,NA,3.3,6.85,1.58,30.03,79.5,1.6,243.0,0.0,0.0,136.5,987.5,NA
2026-08-04 12:00:00,19.0,39.0,5.93,5.38,7.68,14.5,5.43,1.69,6.88,0.13,8.68,NA,0.33,0.58,0.22,31.05,73.75,1.6,237.5,0.0,0.0,257.75,984.0,NA
2026-08-04 13:00:00,20.0,63.0,5.8,6.75,8.28,19.48,5.35,1.48,5.95,0.13,13.23,NA,0.15,0.75,0.25,31.8,66.75,1.43,131.5,0.0,0.0,204.25,981.25,NA
2026-08-04 14:00:00,18.0,68.0,5.6,5.23,7.35,21.4,5.55,1.48,7.53,0.23,78.0,NA,2.53,1.8,1.23,29.85,75.25,1.23,81.0,0.0,0.0,98.75,986.75,NA
2026-08-04 15:00:00,30.0,86.0,5.4,4.0,6.6,NA,5.6,NA,5.47,0.4,91.6,NA,1.93,1.78,0.68,29.5,76.5,0.93,126.5,0.0,0.0,98.25,987.75,NA
2026-08-04 16:00:00,NA,NA,NA,NA,NA,NA,NA,NA,6.4,0.77,90.35,NA,3.28,3.75,1.18,30.03,75.5,0.3,145.75,0.0,0.0,94.75,987.0,NA
2026-08-04 17:00:00,16.0,83.0,7.17,11.33,11.83,23.6,12.17,1.75,NA,0.18,65.75,NA,1.53,2.38,0.83,29.7,77.5,0.3,140.5,0.0,0.0,59.25,987.75,NA
2026-08-04 18:00:00,22.0,49.0,5.28,10.28,9.75,21.23,11.73,1.76,8.23,0.1,41.6,NA,1.1,1.33,0.58,29.38,79.25,0.3,142.75,0.0,0.0,26.25,988.75,NA
2026-08-04 19:00:00,12.0,56.0,5.15,9.13,9.03,24.3,11.03,1.82,5.48,0.1,16.0,NA,0.7,0.9,0.25,28.98,81.75,0.3,181.75,0.0,0.0,6.75,989.5,NA
2026-08-04 20:00:00,18.0,73.0,6.25,15.75,13.48,27.73,10.83,2.0,5.45,0.2,27.2,NA,1.48,1.95,1.0,28.6,83.75,0.3,125.75,0.0,0.0,5.0,990.0,NA
2026-08-04 21:00:00,21.0,130.0,5.38,10.25,9.83,23.88,10.78,1.87,4.83,0.33,85.93,NA,4.07,4.98,3.1,28.42,84.75,0.3,115.0,0.0,0.0,5.0,990.0,NA
2026-08-04 22:00:00,20.0,99.0,5.98,10.23,10.3,19.5,10.55,1.85,5.3,0.33,68.23,NA,2.5,4.7,1.85,28.4,85.0,0.3,155.5,0.0,0.0,5.0,990.0,NA
2026-08-04 23:00:00,18.0,56.0,5.23,8.43,8.73,19.98,10.3,1.75,5.95,0.13,9.28,NA,0.43,0.8,0.3,28.2,85.25,0.3,133.75,0.0,0.0,5.0,990.0,NA
2026-08-05 00:00:00,NA,NA,4.88,6.88,7.63,19.18,10.25,1.76,6.25,0.13,2.88,NA,0.15,0.23,0.05,28.23,86.0,0.3,131.0,0.0,0.0,5.0,990.0,NA
2026-08-05 01:00:00,44.0,50.0,5.28,6.43,7.7,17.93,10.3,1.79,6.48,0.13,3.57,NA,0.15,0.25,0.08,28.2,86.0,0.3,110.25,0.0,0.0,5.0,990.75,NA
2026-08-05 02:00:00,12.0,43.0,5.38,7.23,8.18,19.58,10.35,1.83,6.33,0.1,6.65,NA,0.28,1.05,0.25,28.18,87.0,0.3,111.0,0.0,0.0,5.0,991.0,NA
2026-08-05 03:00:00,18.0,47.0,4.95,7.4,7.98,19.08,10.33,1.81,6.4,0.13,13.25,NA,0.4,1.08,0.38,28.1,87.0,0.3,111.0,0.0,0.0,5.0,991.0,NA
2026-08-05 04:00:00,14.0,47.0,5.58,8.4,9.0,18.13,10.2,1.94,6.58,0.1,12.1,NA,0.4,0.98,0.33,28.08,87.0,0.3,111.0,0.0,0.0,5.0,991.0,NA
2026-08-05 05:00:00,16.0,60.0,6.48,8.73,9.9,9.15,9.83,1.84,5.93,0.18,16.73,NA,0.4,0.95,0.4,28.1,87.0,0.3,193.0,0.0,0.0,5.25,990.25,NA
2026-08-05 06:00:00,34.0,111.0,7.85,9.98,11.68,14.05,10.0,1.94,7.0,0.28,24.7,NA,1.0,1.3,0.63,28.18,87.0,0.3,278.75,0.0,0.0,16.25,990.0,NA
2026-08-05 07:00:00,43.0,166.0,7.43,8.75,10.67,17.13,9.98,2.03,7.08,0.33,27.83,NA,1.83,2.13,0.93,28.48,86.5,0.3,163.75,0.0,0.0,33.75,990.0,NA
2026-08-05 08:00:00,38.0,106.0,6.4,7.43,9.15,17.33,9.98,1.83,4.18,0.28,23.13,NA,1.08,1.88,0.85,28.93,84.5,0.3,107.75,0.0,0.0,85.25,989.0,NA
2026-08-05 09:00:00,61.0,73.0,5.35,6.55,7.83,18.65,10.1,1.88,5.43,0.3,11.93,NA,0.3,1.53,0.28,30.33,77.75,0.3,208.75,0.0,0.0,179.75,986.0,NA
2026-08-05 10:00:00,12.0,44.0,4.68,5.8,6.9,21.53,10.13,1.89,6.73,0.13,6.6,NA,0.5,1.63,0.65,31.65,69.5,1.48,236.0,0.0,0.0,243.0,982.5,NA
2026-08-05 11:00:00,14.0,33.0,4.53,6.33,7.05,13.83,10.15,1.79,5.78,0.1,2.75,NA,0.05,0.6,0.18,33.08,61.0,1.38,239.25,0.0,0.0,328.0,978.0,NA
2026-08-05 12:00:00,31.0,75.0,5.13,7.2,8.03,16.85,10.25,1.83,6.08,0.08,2.68,NA,0.05,0.5,0.15,33.7,57.0,1.23,233.5,0.0,0.0,371.25,976.75,NA
2026-08-05 13:00:00,26.0,80.0,4.68,5.78,6.88,18.0,9.75,1.84,6.6,0.08,4.53,NA,0.08,0.63,0.2,31.2,65.5,0.98,249.75,0.0,0.0,195.25,984.0,NA
2026-08-05 14:00:00,27.0,52.0,4.75,5.7,6.93,15.5,9.63,1.79,6.1,0.0,2.9,NA,0.03,0.18,0.08,31.15,65.75,1.33,244.0,0.0,0.0,175.25,983.75,NA
2026-08-05 15:00:00,29.0,69.0,4.85,7.23,7.78,14.83,9.73,1.81,5.9,0.1,0.65,NA,0.0,0.0,0.0,32.33,61.5,1.6,246.75,0.0,0.0,292.75,979.75,NA
2026-08-05 16:00:00,25.0,60.0,4.75,6.35,7.23,14.02,9.63,1.82,6.15,0.15,3.78,NA,0.03,0.3,0.08,33.03,59.0,1.6,233.0,0.0,0.0,195.5,978.75,NA
2026-08-05 17:00:00,NA,123.0,4.4,6.28,6.95,12.48,9.8,1.85,5.83,0.08,5.63,NA,0.13,0.4,0.23,32.15,62.75,1.5,254.75,0.0,0.0,81.75,983.0,NA
2026-08-05 18:00:00,NA,29.0,4.58,6.2,7.05,11.7,10.15,1.91,5.95,0.2,19.95,NA,0.53,0.8,0.28,30.8,66.5,1.15,251.75,0.0,0.0,63.5,986.0,NA
2026-08-05 19:00:00,25.0,75.0,4.65,6.13,7.03,12.95,10.15,1.95,6.28,0.23,16.9,NA,0.93,0.8,0.2,29.8,71.25,1.6,253.5,0.0,0.0,11.5,988.5,NA
2026-08-05 20:00:00,22.0,69.0,4.5,7.3,7.55,11.98,10.13,2.08,6.35,0.35,10.1,NA,2.28,0.9,0.9,29.35,76.25,1.6,250.25,0.0,0.0,5.0,989.0,NA
2026-08-05 21:00:00,16.0,88.0,4.53,7.28,7.5,10.77,9.9,2.11,6.6,0.38,22.4,NA,2.95,1.97,1.1,29.13,77.0,1.6,245.25,0.0,0.0,5.0,989.0,NA
2026-08-05 22:00:00,64.0,100.0,4.48,6.78,7.23,9.7,9.58,1.97,5.98,0.15,3.43,NA,1.48,1.05,0.2,29.13,78.5,1.25,244.25,0.0,0.0,5.0,989.0,NA
2026-08-05 23:00:00,47.0,85.0,4.78,7.28,7.75,11.28,9.75,1.97,6.15,0.2,6.03,NA,1.03,3.78,1.85,29.1,80.5,1.35,232.5,0.0,0.0,5.0,989.0,NA
2026-08-06 00:00:00,41.0,79.0,4.48,5.55,6.55,11.8,9.83,1.78,6.45,0.08,7.93,NA,2.13,6.0,2.23,27.63,84.75,1.23,185.75,0.0,0.0,5.0,991.0,NA
2026-08-06 01:00:00,NA,NA,4.53,5.45,6.57,12.9,9.83,1.72,6.43,0.05,2.38,NA,0.15,0.35,0.08,27.73,86.5,1.48,156.25,0.0,0.0,5.0,991.0,NA
2026-08-06 02:00:00,14.0,55.0,4.35,5.13,6.25,12.9,10.33,1.86,6.85,0.1,28.58,NA,1.03,2.68,0.38,27.75,86.5,0.65,184.5,0.0,0.0,5.0,991.0,NA
2026-08-06 03:00:00,2.0,46.0,4.15,5.63,6.38,14.58,10.23,1.86,6.45,0.08,11.93,NA,0.5,0.55,0.28,27.6,86.75,0.6,189.25,0.0,0.0,5.0,991.0,NA
2026-08-06 04:00:00,13.0,19.0,4.3,5.73,6.53,11.45,10.25,1.86,6.35,0.08,8.68,NA,0.18,0.53,0.15,27.25,86.0,0.7,133.25,0.0,0.0,5.0,991.0,NA
2026-08-06 05:00:00,14.0,29.0,4.65,5.08,6.5,13.13,10.05,1.99,6.55,0.05,1.2,NA,0.0,0.08,0.0,27.38,86.0,0.3,107.75,0.0,0.0,5.25,991.0,NA
2026-08-06 06:00:00,12.0,40.0,4.68,4.23,6.03,13.83,9.53,1.86,6.53,0.1,1.42,NA,0.05,0.08,0.0,27.35,86.0,0.3,126.0,0.0,0.0,13.25,991.0,NA
2026-08-06 07:00:00,31.0,51.0,4.43,4.3,5.9,13.68,9.78,1.88,6.58,0.1,1.1,NA,0.0,0.13,0.0,27.5,86.0,0.3,157.5,0.0,0.0,12.75,991.0,NA
2026-08-06 08:00:00,13.0,52.0,4.68,5.2,6.58,14.15,9.68,1.99,6.78,0.13,1.45,NA,0.05,0.13,0.05,27.55,87.0,0.3,217.5,0.0,0.0,19.5,991.0,NA
2026-08-06 09:00:00,54.0,63.0,4.73,5.33,6.7,15.08,9.75,1.94,6.33,0.18,2.35,NA,0.25,0.45,0.13,27.7,87.0,0.3,191.5,0.0,0.0,37.25,991.0,NA
2026-08-06 10:00:00,31.0,47.0,5.18,6.03,7.43,16.35,10.05,2.13,6.3,0.23,2.93,NA,0.28,0.55,0.23,27.85,86.25,0.3,191.75,0.0,0.0,47.0,991.0,NA
2026-08-06 11:00:00,10.0,54.0,5.48,6.95,8.15,17.6,10.35,2.08,6.6,0.7,3.93,NA,0.48,0.65,0.3,27.98,86.0,0.3,153.0,0.0,0.0,61.5,990.25,NA
2026-08-06 12:00:00,12.0,38.0,5.4,6.8,7.98,17.75,10.25,2.04,6.3,0.18,4.0,NA,0.75,0.7,0.18,27.98,85.75,0.3,118.25,0.38,1.5,73.5,990.0,NA
2026-08-06 13:00:00,25.0,51.0,5.3,6.45,7.75,16.08,10.13,2.12,6.55,0.2,15.0,NA,1.1,2.13,0.78,28.23,85.25,0.3,115.25,0.13,0.5,83.5,990.0,NA
2026-08-06 14:00:00,20.0,63.0,4.98,6.4,7.45,13.28,10.08,1.99,7.25,0.35,91.4,NA,2.15,1.55,0.65,28.05,84.0,0.3,175.25,0.0,0.0,84.25,990.0,NA
2026-08-06 15:00:00,51.0,75.0,4.63,5.95,6.95,31.28,10.05,1.92,7.13,0.4,88.5,NA,3.35,4.8,2.83,28.18,82.75,0.3,210.5,0.0,0.0,95.75,990.0,NA
2026-08-06 16:00:00,33.0,67.0,5.0,5.6,7.03,17.78,10.13,1.94,6.9,0.33,102.18,NA,4.15,5.55,2.63,28.95,79.0,0.6,104.75,0.0,0.0,149.25,988.5,NA
2026-08-06 17:00:00,34.0,75.0,4.88,5.7,7.0,16.78,10.2,1.8,6.53,0.15,112.5,NA,NA,NA,NA,29.05,77.75,1.48,103.5,0.0,0.0,79.5,988.5,NA
2026-08-06 18:00:00,66.0,94.0,4.78,6.23,7.18,21.95,10.5,2.04,6.23,0.3,81.63,NA,NA,NA,NA,28.5,79.75,1.33,140.25,0.0,0.0,23.25,989.75,NA
2026-08-06 19:00:00,27.0,62.0,5.2,6.58,7.75,25.1,10.53,2.09,6.58,0.2,74.95,NA,NA,NA,NA,28.08,81.5,1.33,86.5,0.0,0.0,7.75,990.5,NA
2026-08-06 20:00:00,22.0,86.0,5.98,7.35,8.78,17.25,10.38,2.15,6.13,0.33,63.98,NA,NA,NA,NA,27.85,82.75,1.5,126.25,0.0,0.0,5.0,991.0,NA
2026-08-06 21:00:00,38.0,85.0,5.68,7.85,8.78,19.63,10.35,2.13,6.58,0.25,58.88,NA,NA,NA,NA,27.78,84.25,1.6,105.25,0.0,0.0,5.0,991.0,NA
2026-08-06 22:00:00,12.0,68.0,5.78,8.23,9.1,18.95,10.18,2.13,6.78,0.25,50.93,NA,NA,NA,NA,27.5,85.0,1.6,116.25,0.0,0.0,5.0,991.0,NA
2026-08-06 23:00:00,53.0,80.0,6.15,8.8,9.65,15.83,9.88,1.99,6.68,0.2,30.78,NA,NA,NA,NA,27.55,85.0,1.6,112.5,0.0,0.0,5.0,991.0,NA
2026-08-07 00:00:00,41.0,79.0,5.98,9.43,9.88,17.53,9.83,1.93,6.6,0.13,28.78,NA,NA,NA,NA,27.5,86.0,1.6,103.5,0.0,0.0,5.0,991.0,NA
2026-08-07 01:00:00,42.0,80.0,6.0,8.7,9.5,22.28,9.85,1.91,6.55,0.1,10.53,NA,NA,NA,NA,27.5,86.0,1.6,121.0,0.0,0.0,5.0,991.0,NA
2026-08-07 02:00:00,11.0,51.0,5.58,8.02,8.78,25.95,10.1,1.79,6.23,0.15,4.38,NA,NA,NA,NA,27.58,86.5,1.6,121.5,1.13,4.5,5.0,991.0,NA
2026-08-07 03:00:00,26.0,45.0,5.23,7.2,8.05,28.58,10.55,1.94,6.43,0.08,1.8,NA,NA,NA,NA,27.4,87.0,1.6,117.0,1.5,6.0,5.0,991.0,NA
2026-08-07 04:00:00,1.0,33.0,5.28,6.95,8.0,27.9,10.5,1.98,6.78,0.13,7.63,NA,NA,NA,NA,27.5,87.25,1.6,67.5,0.0,0.0,5.0,991.0,NA
2026-08-07 05:00:00,27.0,45.0,5.0,6.6,7.55,25.98,10.4,2.07,6.78,0.2,17.65,NA,NA,NA,NA,27.63,88.0,1.6,70.5,0.0,0.0,5.25,991.0,NA
2026-08-07 06:00:00,26.0,43.0,4.83,6.88,7.57,23.95,10.28,2.18,6.75,0.15,23.85,NA,NA,NA,NA,27.58,87.75,1.55,70.75,0.0,0.0,17.5,991.0,NA
2026-08-07 07:00:00,16.0,69.0,5.58,6.28,7.85,19.3,10.08,2.21,6.9,0.22,12.98,NA,NA,NA,NA,27.78,86.5,1.13,81.5,0.0,0.0,72.5,990.5,NA
2026-08-07 08:00:00,45.0,95.0,6.63,5.78,8.45,16.75,9.9,2.34,6.88,0.48,10.83,NA,NA,NA,NA,28.38,84.0,1.45,141.25,0.0,0.0,82.25,989.25,NA
2026-08-07 09:00:00,62.0,97.0,5.9,5.73,7.85,18.03,9.98,2.14,6.85,0.3,12.85,NA,NA,NA,NA,29.2,79.5,1.23,97.0,0.0,0.0,188.75,987.5,NA
2026-08-07 10:00:00,NA,NA,6.08,5.83,8.03,22.15,10.03,1.92,6.38,0.25,20.78,NA,NA,NA,NA,29.68,74.5,1.15,86.25,0.0,0.0,135.75,986.75,NA
2026-08-07 11:00:00,13.0,95.0,5.68,6.6,8.13,26.68,10.6,2.12,6.35,0.38,61.38,NA,NA,NA,NA,29.53,76.25,1.1,90.75,0.0,0.0,99.25,987.75,NA
2026-08-07 12:00:00,27.0,95.0,5.5,6.53,7.95,25.5,10.78,2.09,6.48,0.25,123.15,NA,NA,NA,NA,28.33,83.25,1.05,112.25,6.88,27.5,26.75,990.25,NA
2026-08-07 13:00:00,41.0,58.0,5.63,7.65,8.65,22.58,10.88,2.08,6.8,0.33,84.07,NA,NA,NA,NA,27.83,86.75,1.2,126.25,1.5,6.0,15.25,991.0,NA
2026-08-07 14:00:00,NA,NA,5.7,7.7,8.7,21.5,10.9,2.17,6.7,0.4,108.2,NA,NA,NA,NA,27.9,87.0,1.2,109.0,2.5,2.5,20.0,991.0,NA
2026-08-07 15:00:00,NA,NA,NA,NA,NA,NA,NA,NA,NA,NA,NA,NA,NA,NA,NA,NA,NA,NA,NA,NA,NA,NA,NA,NA
2026-08-07 16:00:00,NA,NA,NA,NA,NA,NA,NA,NA,NA,NA,NA,NA,NA,NA,NA,NA,NA,NA,NA,NA,NA,NA,NA,NA
2026-08-07 17:00:00,NA,NA,NA,NA,NA,NA,NA,NA,NA,NA,NA,NA,NA,NA,NA,NA,NA,NA,NA,NA,NA,NA,NA,NA
2026-08-07 18:00:00,NA,NA,NA,NA,NA,NA,NA,NA,NA,NA,NA,NA,NA,NA,NA,NA,NA,NA,NA,NA,NA,NA,NA,NA
2026-08-07 19:00:00,23.0,83.0,5.4,6.87,8.03,16.47,8.1,2.63,6.37,0.27,198.23,NA,NA,NA,NA,27.63,90.0,1.43,55.0,0.33,1.0,5.33,991.0,NA
2026-08-07 20:00:00,37.0,79.0,5.43,7.95,8.63,15.15,7.95,2.61,6.65,0.28,63.43,NA,NA,NA,NA,27.7,89.0,1.25,63.25,0.25,1.0,5.0,991.0,NA
2026-08-07 21:00:00,36.0,65.0,5.33,7.88,8.53,15.45,8.15,2.48,6.8,0.53,52.23,NA,NA,NA,NA,27.7,88.5,1.45,105.5,0.0,0.0,5.0,991.0,NA
2026-08-07 22:00:00,42.0,66.0,5.45,7.15,8.23,16.33,8.23,2.2,6.58,0.3,38.15,NA,NA,NA,NA,27.68,88.0,1.23,115.75,0.0,0.0,5.0,991.0,NA
2026-08-07 23:00:00,NA,34.0,5.68,7.25,8.5,15.2,7.98,1.97,6.88,0.2,31.63,NA,NA,NA,NA,27.5,88.0,1.6,96.75,0.0,0.0,5.0,991.0,NA
2026-08-08 00:00:00,NA,NA,5.3,6.7,7.85,13.95,8.08,1.76,6.75,0.18,27.8,NA,NA,NA,NA,27.53,88.0,1.6,126.5,0.5,2.0,5.0,991.0,NA
2026-08-08 01:00:00,NA,NA,4.98,5.88,7.15,12.88,8.13,1.62,7.1,0.22,19.47,NA,NA,NA,NA,27.5,88.75,1.55,59.75,0.0,0.0,5.0,991.0,NA
2026-08-08 02:00:00,99.0,106.0,5.73,6.53,8.13,15.6,7.9,1.45,6.8,0.35,19.25,NA,NA,NA,NA,27.5,88.0,1.13,144.75,0.0,0.0,5.0,991.0,NA
2026-08-08 03:00:00,70.0,85.0,6.23,8.0,9.33,26.78,8.0,1.26,6.7,0.23,12.33,NA,NA,NA,NA,27.68,88.75,1.6,241.75,1.13,4.5,5.0,991.0,NA
2026-08-08 04:00:00,NA,NA,6.85,8.48,10.08,28.68,8.35,1.19,6.85,0.15,15.33,NA,NA,NA,NA,27.83,89.0,1.6,62.75,0.0,0.0,5.0,991.0,NA
2026-08-08 05:00:00,NA,NA,6.18,7.78,9.18,24.38,8.35,1.12,6.58,0.15,20.53,NA,NA,NA,NA,27.9,88.5,1.3,96.0,0.0,0.0,5.25,991.0,NA
2026-08-08 06:00:00,16.0,63.0,5.13,6.9,7.88,21.38,8.35,1.07,6.43,0.1,3.6,NA,NA,NA,NA,28.05,88.5,1.6,115.75,0.0,0.0,25.5,990.75,NA
2026-08-08 07:00:00,29.0,51.0,5.35,6.03,7.58,19.7,8.3,1.07,6.25,0.13,7.0,NA,NA,NA,NA,28.48,87.0,1.18,121.75,0.0,0.0,143.5,989.5,NA
2026-08-08 08:00:00,21.0,74.0,5.58,4.8,7.1,16.65,7.98,1.01,6.45,0.1,2.4,NA,NA,NA,NA,29.93,80.0,1.13,125.0,0.0,0.0,258.25,986.25,NA
2026-08-08 09:00:00,36.0,78.0,4.98,5.05,6.7,14.23,8.05,1.0,6.58,0.1,2.58,NA,NA,NA,NA,30.23,76.25,1.08,114.5,0.0,0.0,148.75,985.5,NA
2026-08-08 10:00:00,NA,NA,5.05,4.73,6.6,14.1,8.1,0.97,6.6,0.1,8.8,NA,NA,NA,NA,31.3,71.5,1.08,116.75,0.0,0.0,323.5,982.5,NA
2026-08-08 11:00:00,NA,69.0,4.8,4.53,6.3,14.75,8.03,0.9,6.35,0.15,7.6,NA,NA,NA,NA,31.8,67.75,1.13,127.5,0.0,0.0,382.5,981.0,NA
2026-08-08 12:00:00,20.0,68.0,4.43,4.4,5.98,15.25,8.15,0.83,6.43,0.1,6.45,NA,NA,NA,NA,33.0,61.0,1.13,131.25,0.0,0.0,490.5,977.75,NA
2026-08-08 13:00:00,62.0,79.0,4.63,4.9,6.38,14.2,8.3,0.81,6.28,0.1,2.7,NA,NA,NA,NA,32.38,62.75,1.05,156.75,0.0,0.0,281.25,980.5,NA
2026-08-08 14:00:00,67.0,91.0,5.5,7.48,8.43,17.18,8.3,0.87,5.58,0.13,5.25,NA,NA,NA,NA,31.98,68.75,0.9,209.25,0.0,0.0,390.0,981.75,NA
2026-08-08 15:00:00,35.0,57.0,4.68,6.25,7.15,18.7,8.23,0.8,6.45,0.23,6.63,NA,NA,NA,NA,31.18,71.0,0.88,170.25,1.38,5.5,173.25,983.25,NA
2026-08-08 16:00:00,18.0,56.0,4.58,4.85,6.33,15.58,8.15,0.76,7.45,0.13,8.15,NA,NA,NA,NA,28.8,83.75,1.35,117.75,1.75,7.0,49.25,989.5,NA
2026-08-08 17:00:00,53.0,70.5,5.3,5.98,7.5,12.88,8.33,0.84,7.15,0.3,45.95,NA,NA,NA,NA,29.43,83.25,1.55,148.5,0.0,0.0,53.75,988.25,NA
2026-08-08 18:00:00,NA,NA,5.18,5.85,7.33,11.33,8.23,0.64,6.9,0.25,24.38,NA,NA,NA,NA,27.98,84.5,1.3,231.0,0.25,1.0,9.0,990.5,NA
2026-08-08 19:00:00,NA,NA,4.83,6.15,7.2,10.8,8.17,0.8,6.48,0.1,2.73,NA,NA,NA,NA,27.88,86.25,1.6,214.75,0.0,0.0,5.75,991.0,NA
2026-08-08 20:00:00,24.0,80.0,5.1,7.43,8.1,10.1,8.43,1.11,6.73,0.2,8.78,NA,NA,NA,NA,28.2,87.0,1.6,126.25,0.0,0.0,5.0,991.0,NA
2026-08-08 21:00:00,39.0,89.0,8.08,8.15,10.9,10.45,8.63,1.42,6.95,0.38,14.1,NA,NA,NA,NA,28.28,87.0,1.6,83.75,0.0,0.0,5.0,991.0,NA
2026-08-08 22:00:00,64.0,110.0,9.48,9.08,12.53,10.28,8.7,1.48,6.8,0.43,26.0,NA,NA,NA,NA,28.33,87.5,1.6,88.0,0.0,0.0,5.0,990.75,NA
2026-08-08 23:00:00,73.0,127.0,12.48,9.53,15.23,9.93,8.63,1.5,6.58,0.53,30.88,NA,NA,NA,NA,28.3,88.0,1.6,88.0,0.0,0.0,5.0,990.5,NA
2026-08-09 00:00:00,42.0,122.0,16.08,9.93,18.38,7.4,8.5,1.29,6.58,0.53,39.15,NA,NA,NA,NA,28.1,88.0,1.6,88.0,0.0,0.0,5.0,990.0,NA
2026-08-09 01:00:00,130.0,176.0,17.45,8.68,18.83,0.2,8.58,1.21,6.25,0.45,48.9,NA,NA,NA,NA,28.1,88.0,1.6,94.75,0.0,0.0,5.0,990.25,NA
2026-08-09 02:00:00,117.0,140.0,11.35,8.03,13.53,5.5,8.45,1.0,6.55,0.35,54.03,NA,NA,NA,NA,28.13,88.0,1.6,114.75,0.0,0.0,5.0,990.0,NA
2026-08-09 03:00:00,NA,99.0,7.1,7.83,9.93,8.68,8.35,0.86,4.68,0.3,30.83,NA,NA,NA,NA,28.13,88.0,1.6,114.0,0.0,0.0,5.0,990.25,NA
2026-08-09 04:00:00,NA,130.0,6.33,8.2,9.5,8.25,8.4,0.82,5.73,0.33,25.9,NA,NA,NA,NA,28.28,88.0,1.6,114.0,0.0,0.0,5.0,991.0,NA
2026-08-09 05:00:00,16.0,104.0,7.58,8.63,10.75,8.38,8.6,0.81,6.58,0.28,24.55,NA,NA,NA,NA,28.45,88.5,1.6,108.75,0.0,0.0,5.25,990.25,NA
2026-08-09 06:00:00,50.0,105.0,7.2,8.0,10.1,8.43,8.55,0.78,6.08,0.2,12.15,NA,NA,NA,NA,28.58,88.5,1.6,93.0,0.0,0.0,25.5,990.0,NA
2026-08-09 07:00:00,56.0,105.0,6.9,9.08,10.43,8.63,8.5,0.8,6.08,0.2,5.03,NA,NA,NA,NA,29.23,86.75,1.2,113.75,0.0,0.0,103.25,989.0,NA
2026-08-09 08:00:00,28.0,88.0,7.03,9.15,10.6,10.23,8.4,0.79,6.6,0.2,4.25,NA,NA,NA,NA,30.23,81.25,1.3,117.5,0.0,0.0,206.25,985.5,NA
2026-08-09 09:00:00,102.0,129.0,5.55,6.75,8.13,9.03,8.25,0.74,6.78,0.2,4.15,NA,NA,NA,NA,31.47,70.25,1.18,132.75,0.0,0.0,285.25,982.0,NA
2026-08-09 10:00:00,53.0,105.0,5.23,6.83,7.88,8.78,8.25,0.63,5.08,0.1,1.28,NA,NA,NA,NA,32.58,61.75,1.05,146.5,0.0,0.0,411.25,978.5,NA
2026-08-09 11:00:00,45.0,104.0,5.05,6.43,7.53,9.1,8.23,0.62,6.05,0.1,0.83,NA,NA,NA,NA,33.2,57.75,1.1,160.25,0.0,0.0,388.25,976.75,NA
2026-08-09 12:00:00,31.0,105.0,5.23,8.15,8.58,9.1,8.35,0.63,5.75,0.1,1.15,NA,NA,NA,NA,33.75,55.25,1.1,195.25,0.0,0.0,529.5,975.5,NA
2026-08-09 13:00:00,38.0,108.0,5.58,7.08,8.28,9.28,8.55,0.57,5.83,0.1,1.35,NA,NA,NA,NA,34.8,51.0,1.08,154.75,0.0,0.0,430.75,973.75,NA
2026-08-09 14:00:00,35.0,87.0,4.95,5.23,6.8,10.75,8.43,0.58,6.33,0.1,2.03,NA,NA,NA,NA,34.63,51.75,1.05,129.25,0.0,0.0,369.25,975.25,NA
2026-08-09 15:00:00,24.0,101.0,4.35,5.03,6.23,10.75,8.63,0.57,6.15,0.1,2.38,NA,NA,NA,NA,35.28,49.25,0.88,148.0,0.0,0.0,379.25,973.75,NA
2026-08-09 16:00:00,39.0,121.0,4.5,4.53,6.08,10.38,8.6,0.53,6.73,0.1,1.55,NA,NA,NA,NA,34.45,51.0,1.28,133.0,0.0,0.0,223.75,975.75,NA
2026-08-09 17:00:00,29.0,127.0,4.33,4.1,5.7,5.13,8.3,0.56,6.15,0.08,2.73,NA,NA,NA,NA,32.75,57.25,1.38,149.75,0.0,0.0,86.5,981.0,NA
2026-08-09 18:00:00,72.0,117.0,4.45,4.0,5.73,2.8,8.35,0.59,5.98,0.08,0.9,NA,NA,NA,NA,31.88,62.25,1.4,153.0,0.0,0.0,42.5,983.75,NA
2026-08-09 19:00:00,62.0,76.0,4.73,4.35,6.15,7.75,8.35,0.63,6.33,0.1,0.9,NA,NA,NA,NA,30.6,70.0,1.6,174.5,0.0,0.0,8.25,987.0,NA
2026-08-09 20:00:00,NA,NA,4.9,5.23,6.75,10.1,8.45,1.07,6.4,0.15,2.55,NA,NA,NA,NA,29.63,78.0,1.6,193.0,0.0,0.0,5.0,989.0,NA
2026-08-09 21:00:00,NA,NA,6.13,6.98,8.7,10.85,8.67,1.46,7.8,0.53,7.55,NA,NA,NA,NA,29.5,81.25,1.6,190.25,0.0,0.0,5.0,989.0,NA
2026-08-09 22:00:00,53.0,162.0,6.0,8.5,9.38,10.6,8.7,1.33,6.48,0.33,8.68,NA,NA,NA,NA,29.38,82.5,1.6,171.75,0.0,0.0,5.0,989.0,NA
2026-08-09 23:00:00,41.0,151.0,8.2,9.45,11.7,10.25,8.75,1.35,6.4,0.35,10.4,NA,NA,NA,NA,29.33,83.75,1.6,156.0,0.0,0.0,5.0,989.0,NA
2026-08-10 00:00:00,48.0,139.0,7.0,9.68,10.78,10.35,8.63,1.15,6.43,0.3,8.2,NA,NA,NA,NA,29.48,83.0,1.6,157.0,0.0,0.0,5.0,989.0,NA
2026-08-10 01:00:00,14.0,143.0,6.35,8.6,9.73,10.03,8.5,1.08,7.35,0.33,6.88,NA,NA,NA,NA,28.95,83.75,1.6,188.25,0.0,0.0,5.0,989.5,NA
2026-08-10 02:00:00,103.0,143.0,6.1,8.88,9.65,3.6,8.48,1.05,6.52,0.3,5.58,NA,NA,NA,NA,28.63,84.75,1.6,183.5,0.0,0.0,5.0,990.0,NA
2026-08-10 03:00:00,NA,NA,6.6,8.73,10.0,7.73,8.55,0.99,6.78,0.3,5.93,NA,NA,NA,NA,28.53,85.75,1.6,191.0,0.0,0.0,5.0,990.0,NA
2026-08-10 04:00:00,NA,104.0,7.65,8.15,10.55,9.78,8.53,0.99,6.68,0.33,4.7,NA,NA,NA,NA,28.45,86.0,1.6,173.5,0.0,0.0,5.0,990.0,NA
2026-08-10 05:00:00,NA,NA,9.63,8.13,12.18,9.58,8.65,0.97,6.53,0.38,7.2,NA,NA,NA,NA,28.83,86.0,1.6,131.0,0.0,0.0,5.25,990.0,NA
2026-08-10 06:00:00,90.0,152.0,9.55,8.0,12.05,10.88,8.53,0.9,6.15,0.3,7.35,NA,NA,NA,NA,29.0,86.0,1.6,139.5,0.0,0.0,23.25,989.75,NA
2026-08-10 07:00:00,89.0,150.0,7.93,7.75,10.55,10.88,8.5,0.82,6.43,0.3,5.85,NA,NA,NA,NA,30.08,81.75,1.6,174.0,0.0,0.0,100.5,987.75,NA
2026-08-10 08:00:00,35.0,121.0,7.73,14.43,13.95,10.83,8.38,0.7,6.55,0.2,3.03,NA,NA,NA,NA,31.4,72.75,1.2,198.0,0.0,0.0,239.25,983.5,NA
2026-08-10 09:00:00,16.0,111.0,7.33,12.73,12.7,11.53,8.2,0.64,6.83,0.1,2.68,NA,NA,NA,NA,32.55,63.5,1.23,197.0,0.0,0.0,338.75,978.75,NA
2026-08-10 10:00:00,48.0,128.0,5.45,7.9,8.63,9.6,8.03,0.63,5.9,0.2,1.98,NA,NA,NA,NA,32.5,61.25,1.05,191.5,0.0,0.0,398.25,978.75,NA
2026-08-10 11:00:00,59.0,127.0,5.78,8.43,9.18,10.05,8.0,0.61,6.18,0.1,1.67,NA,NA,NA,NA,33.55,56.0,1.18,214.5,0.0,0.0,516.0,975.25,NA
2026-08-10 12:00:00,55.0,121.0,5.7,8.85,9.33,10.43,8.08,0.61,6.3,0.1,2.6,NA,NA,NA,NA,33.43,55.25,1.13,214.5,0.0,0.0,278.5,976.5,NA
2026-08-10 13:00:00,51.0,123.0,5.3,7.43,8.23,10.28,8.13,0.63,5.88,0.23,4.38,NA,NA,NA,NA,32.55,59.5,1.5,169.5,0.0,0.0,136.0,981.25,NA
2026-08-10 14:00:00,NA,98.0,5.33,6.98,8.05,11.73,8.45,0.54,6.35,0.13,26.75,NA,NA,NA,NA,31.0,68.75,1.08,94.0,0.0,0.0,132.5,984.75,NA
2026-08-10 15:00:00,23.0,123.0,4.88,7.13,7.73,9.35,8.5,0.6,6.68,0.23,65.33,NA,NA,NA,NA,28.58,82.5,1.33,125.0,0.25,1.0,21.75,989.75,NA
2026-08-10 16:00:00,29.0,129.0,5.13,7.5,8.15,8.0,8.55,0.56,6.38,0.28,82.53,NA,NA,NA,NA,28.23,85.0,0.9,139.25,0.0,0.0,26.0,990.0,NA
2026-08-10 17:00:00,10.0,110.0,5.08,6.75,7.73,10.6,8.1,0.54,6.43,0.1,20.15,NA,NA,NA,NA,27.98,85.0,1.08,124.75,0.0,0.0,27.75,990.0,NA
2026-08-10 18:00:00,38.0,85.0,4.68,6.83,7.45,9.3,8.08,0.61,6.0,0.18,18.0,NA,NA,NA,NA,28.1,85.25,0.4,114.5,0.0,0.0,15.5,990.0,NA
2026-08-10 19:00:00,72.0,96.0,4.73,6.08,7.1,7.23,8.08,0.6,6.28,0.1,5.0,NA,NA,NA,NA,28.08,86.0,1.08,113.25,0.0,0.0,6.0,990.0,NA
2026-08-10 20:00:00,83.0,95.0,5.03,5.58,7.08,6.95,8.08,0.61,6.5,0.1,3.05,NA,NA,NA,NA,28.03,86.0,1.6,108.25,0.0,0.0,5.0,990.0,NA
2026-08-10 21:00:00,80.0,110.0,5.18,6.2,7.53,7.63,8.05,0.64,6.6,0.1,3.7,NA,NA,NA,NA,28.2,86.0,1.6,122.5,0.0,0.0,5.0,990.0,NA
2026-08-10 22:00:00,69.0,99.0,5.58,6.45,7.98,9.23,8.23,0.63,6.57,0.2,3.0,NA,NA,NA,NA,28.35,86.75,1.6,115.75,0.0,0.0,5.0,990.0,NA
2026-08-10 23:00:00,61.0,91.0,5.73,6.5,8.08,11.45,8.3,0.6,6.83,0.1,3.3,NA,NA,NA,NA,28.4,87.0,1.6,99.0,0.0,0.0,5.0,990.0,NA
2026-08-11 00:00:00,65.0,95.0,5.18,6.75,7.78,11.55,8.28,0.58,6.65,0.13,2.68,NA,NA,NA,NA,28.45,87.0,1.6,112.0,0.0,0.0,5.0,990.0,NA
2026-08-11 01:00:00,80.0,110.0,5.1,6.8,7.78,12.18,8.25,0.57,6.5,0.1,3.68,NA,NA,NA,NA,28.45,87.0,1.6,130.5,0.0,0.0,5.0,990.0,NA
2026-08-11 02:00:00,71.0,101.0,4.35,5.95,6.68,12.95,7.93,0.54,6.73,0.15,4.65,NA,NA,NA,NA,28.1,86.0,1.6,140.75,0.0,0.0,5.0,990.0,NA
2026-08-11 03:00:00,69.0,99.0,4.5,5.73,6.7,1.77,8.05,0.48,6.4,0.15,1.78,NA,NA,NA,NA,28.0,85.25,1.6,128.5,0.0,0.0,5.0,990.0,NA
2026-08-11 04:00:00,63.0,93.0,4.53,5.7,6.73,10.53,8.03,0.46,6.65,0.1,2.0,NA,NA,NA,NA,28.0,84.75,1.55,145.0,0.0,0.0,5.0,990.0,NA
2026-08-11 05:00:00,68.0,98.0,4.75,6.08,7.07,5.87,8.03,0.48,6.5,0.15,2.25,NA,NA,NA,NA,28.13,85.0,1.6,137.75,0.0,0.0,5.25,990.0,NA
2026-08-11 06:00:00,55.0,85.0,5.3,6.33,7.65,9.37,8.3,0.53,6.73,0.15,2.55,NA,NA,NA,NA,28.38,85.0,1.6,149.5,0.0,0.0,13.5,990.0,NA
2026-08-11 07:00:00,64.0,94.0,5.75,6.4,8.1,11.33,8.35,0.63,6.48,0.2,3.25,NA,NA,NA,NA,28.73,84.5,1.6,159.0,0.0,0.0,39.25,989.75,NA
2026-08-11 08:00:00,77.0,107.0,6.15,6.73,8.6,10.7,8.4,0.65,6.3,0.18,4.53,NA,NA,NA,NA,29.25,81.75,1.6,195.25,0.0,0.0,69.75,988.75,NA
2026-08-11 09:00:00,81.0,111.0,5.68,6.43,8.05,8.7,8.3,0.64,6.43,0.23,3.1,NA,NA,NA,NA,29.53,80.25,1.6,199.75,0.0,0.0,68.0,988.0,NA
2026-08-11 10:00:00,61.0,91.0,5.03,5.9,7.23,1.9,8.05,0.67,6.73,0.2,1.8,NA,NA,NA,NA,29.13,80.75,1.6,262.0,0.0,0.0,23.0,988.5,NA
2026-08-11 11:00:00,108.0,138.0,5.1,5.73,7.2,7.33,8.1,0.74,6.58,0.2,3.2,NA,NA,NA,NA,28.75,83.5,1.6,140.25,0.0,0.0,14.5,989.5,NA
2026-08-11 12:00:00,70.0,100.0,7.33,11.8,12.2,21.73,8.13,0.61,5.25,0.2,12.6,NA,NA,NA,NA,28.53,85.5,1.6,109.0,0.25,1.0,48.5,990.0,NA
2026-08-11 13:00:00,107.0,137.0,6.38,7.18,9.03,18.03,8.05,0.57,5.83,0.1,3.45,NA,NA,NA,NA,29.0,84.25,1.1,106.25,0.0,0.0,132.0,988.75,NA
2026-08-11 14:00:00,92.0,122.0,6.08,7.58,8.98,9.5,8.25,0.49,5.88,0.18,6.63,NA,NA,NA,NA,30.13,79.25,0.98,102.75,0.0,0.0,228.25,986.5,NA
2026-08-11 15:00:00,47.0,77.0,5.23,5.65,7.25,9.78,8.4,0.46,6.58,0.1,2.75,NA,NA,NA,NA,32.03,68.5,1.0,127.25,0.0,0.0,365.5,980.25,NA
2026-08-11 16:00:00,50.0,80.0,4.88,5.3,6.75,12.45,8.33,0.44,6.78,0.15,6.88,NA,NA,NA,NA,31.93,67.25,0.98,138.5,0.0,0.0,191.5,981.5,NA
2026-08-11 17:00:00,68.0,98.0,5.15,7.13,7.98,13.85,8.45,0.44,6.3,0.08,8.88,NA,NA,NA,NA,30.83,72.5,1.15,112.5,0.0,0.0,85.75,985.5,NA
2026-08-11 18:00:00,74.0,104.0,5.23,7.2,8.05,15.75,8.2,0.47,6.85,0.13,16.33,NA,NA,NA,NA,30.15,75.0,1.6,157.25,0.0,0.0,34.25,987.25,NA
2026-08-11 19:00:00,82.0,112.0,4.75,5.95,7.0,11.45,8.18,0.61,6.43,0.1,5.08,NA,NA,NA,NA,29.13,80.5,1.6,105.75,0.0,0.0,6.25,989.0,NA
2026-08-11 20:00:00,86.0,116.0,5.1,7.8,8.27,17.85,8.2,0.73,7.18,0.18,37.7,NA,NA,NA,NA,28.78,82.75,1.6,148.5,0.0,0.0,5.0,989.75,NA
2026-08-11 21:00:00,105.0,135.0,4.7,6.25,7.13,23.08,8.23,0.64,6.53,0.25,91.85,NA,NA,NA,NA,28.55,84.25,1.6,130.0,0.0,0.0,5.0,990.0,NA
2026-08-11 22:00:00,78.0,108.0,4.75,5.6,6.83,14.83,8.13,0.55,6.63,0.13,5.45,NA,NA,NA,NA,28.45,85.25,1.6,137.25,0.0,0.0,5.0,990.0,NA
2026-08-11 23:00:00,75.0,105.0,4.65,5.65,6.78,15.8,8.33,0.59,6.88,0.3,6.18,NA,NA,NA,NA,28.53,86.0,1.6,128.25,0.0,0.0,5.0,990.0,NA
2026-08-12 00:00:00,48.0,78.0,4.63,5.8,6.85,19.75,8.48,0.67,6.8,0.3,7.25,NA,NA,NA,NA,28.58,86.25,1.6,133.0,0.0,0.0,5.0,990.0,NA
2026-08-12 01:00:00,87.0,117.0,5.6,6.55,8.05,19.48,8.55,0.71,6.78,0.35,10.4,NA,NA,NA,NA,28.6,87.0,1.6,138.25,0.0,0.0,5.0,990.0,NA
2026-08-12 02:00:00,81.0,111.0,6.33,7.58,9.18,19.63,8.5,0.59,6.13,0.28,8.2,NA,NA,NA,NA,28.45,87.0,1.6,127.5,0.0,0.0,5.0,990.0,NA
2026-08-12 03:00:00,54.0,84.0,5.6,7.03,8.27,14.68,8.08,0.59,6.63,0.18,5.25,NA,NA,NA,NA,28.23,87.0,1.6,126.5,0.0,0.0,5.0,990.0,NA
2026-08-12 04:00:00,102.0,132.0,6.38,7.73,9.28,17.53,8.1,0.55,6.45,0.2,4.2,NA,NA,NA,NA,28.03,87.0,1.6,103.25,0.0,0.0,5.0,990.5,NA
2026-08-12 05:00:00,72.0,102.0,5.57,6.83,8.18,17.53,8.1,0.5,6.08,0.1,1.45,NA,NA,NA,NA,27.85,88.0,1.6,113.75,0.0,0.0,5.5,991.0,NA
2026-08-12 06:00:00,69.0,99.0,5.15,5.83,7.3,15.75,7.98,0.53,5.03,0.1,1.5,NA,NA,NA,NA,27.85,87.75,1.6,124.25,0.0,0.0,14.25,991.0,NA
2026-08-12 07:00:00,92.0,122.0,5.98,5.8,7.98,15.35,8.45,0.63,6.55,0.25,3.68,NA,NA,NA,NA,28.4,86.75,1.55,262.0,0.0,0.0,63.0,990.0,NA
2026-08-12 08:00:00,49.0,79.0,6.6,5.7,8.4,18.78,8.65,0.62,6.58,0.33,8.55,NA,NA,NA,NA,30.7,76.0,1.6,199.25,0.0,0.0,231.5,985.25,NA
2026-08-12 09:00:00,107.0,137.0,6.0,5.85,8.0,17.65,8.65,0.52,6.48,0.23,13.55,NA,NA,NA,NA,33.33,59.75,1.6,220.75,0.0,0.0,379.0,978.0,NA
2026-08-12 10:00:00,85.0,115.0,4.95,5.58,6.98,18.73,8.63,0.44,6.45,0.23,14.0,NA,NA,NA,NA,33.9,55.5,1.08,141.75,0.0,0.0,454.25,975.75,NA
2026-08-12 11:00:00,92.0,122.0,4.78,5.4,6.75,17.63,8.2,0.44,6.83,0.1,14.78,NA,NA,NA,NA,34.28,53.0,0.67,222.0,0.0,0.0,487.75,974.25,NA
2026-08-12 12:00:00,82.0,112.0,5.08,5.13,6.85,14.78,8.2,0.46,6.48,0.1,9.4,NA,NA,NA,NA,34.6,51.5,0.63,221.0,0.0,0.0,400.75,974.0,NA
2026-08-12 13:00:00,103.0,133.0,4.98,5.13,6.78,17.45,8.13,0.47,6.88,0.1,8.65,NA,NA,NA,NA,35.33,50.25,1.23,214.25,0.0,0.0,491.25,973.0,NA
2026-08-12 14:00:00,81.0,111.0,5.0,5.0,6.7,17.0,8.2,0.48,6.6,0.1,2.8,NA,NA,NA,NA,35.5,49.0,0.6,264.0,0.0,0.0,505.0,972.0,NA
2026-08-12 15:00:00,NA,NA,NA,NA,NA,NA,NA,NA,NA,NA,NA,NA,NA,NA,NA,NA,NA,NA,NA,NA,NA,NA,NA,NA
2026-08-12 16:00:00,NA,NA,NA,NA,NA,NA,NA,NA,NA,NA,NA,NA,NA,NA,NA,NA,NA,NA,NA,NA,NA,NA,NA,NA
2026-08-12 17:00:00,NA,NA,NA,NA,NA,NA,NA,NA,NA,NA,NA,NA,NA,NA,NA,NA,NA,NA,NA,NA,NA,NA,NA,NA
2026-08-12 18:00:00,NA,NA,NA,NA,NA,NA,NA,NA,NA,NA,NA,NA,NA,NA,NA,NA,NA,NA,NA,NA,NA,NA,NA,NA
2026-08-12 19:00:00,NA,NA,NA,NA,NA,NA,NA,NA,NA,NA,NA,NA,NA,NA,NA,NA,NA,NA,NA,NA,NA,NA,NA,NA
2026-08-12 20:00:00,NA,NA,4.65,8.2,8.15,NA,NA,1.82,17.8,1.6,35.9,NA,NA,NA,NA,30.15,74.5,1.6,154.0,0.0,0.0,5.0,988.0,NA
2026-08-12 21:00:00,144.0,174.0,5.5,6.85,8.13,14.38,7.1,2.7,20.6,0.58,80.2,NA,NA,NA,NA,29.98,76.5,1.6,131.5,0.0,0.0,5.0,988.0,NA
2026-08-12 22:00:00,15.0,45.0,5.65,7.05,8.33,19.15,7.08,3.18,16.3,0.48,129.98,NA,NA,NA,NA,30.18,77.5,1.6,173.75,0.0,0.0,5.0,988.0,NA
2026-08-12 23:00:00,165.0,195.0,5.38,7.58,8.4,15.1,7.25,3.05,15.7,0.5,46.13,NA,NA,NA,NA,30.08,78.75,1.6,173.0,0.0,0.0,5.0,988.0,NA
2026-08-13 00:00:00,154.0,184.0,4.83,7.48,7.93,16.13,7.48,1.04,15.28,0.5,21.1,NA,NA,NA,NA,29.68,80.5,1.6,241.75,0.0,0.0,5.0,989.0,NA
2026-08-13 01:00:00,122.0,152.0,6.3,12.5,11.78,16.7,7.73,0.89,14.95,0.43,10.63,NA,NA,NA,NA,29.7,79.5,1.6,256.75,0.0,0.0,5.0,989.0,NA
2026-08-13 02:00:00,75.0,105.0,6.15,11.35,11.03,16.28,7.73,0.85,15.38,0.15,6.15,NA,NA,NA,NA,29.4,81.25,1.6,257.0,0.0,0.0,5.0,989.0,NA
2026-08-13 03:00:00,85.0,115.0,5.58,8.88,9.28,16.15,7.68,0.83,15.38,0.1,5.88,NA,NA,NA,NA,28.75,83.0,1.6,259.75,0.0,0.0,5.0,989.75,NA
2026-08-13 04:00:00,47.0,77.0,5.0,8.35,8.52,15.1,7.68,0.8,15.5,0.15,3.15,NA,NA,NA,NA,28.25,83.25,1.6,253.5,0.0,0.0,5.25,990.0,NA
2026-08-13 05:00:00,97.0,127.0,5.0,6.55,7.55,15.05,7.78,0.79,15.88,0.18,4.2,NA,NA,NA,NA,28.2,84.5,1.6,259.25,0.0,0.0,5.25,990.0,NA
2026-08-13 06:00:00,126.0,156.0,4.83,5.83,7.05,15.03,7.88,0.77,15.83,0.13,7.25,NA,NA,NA,NA,28.25,84.25,1.6,263.0,0.0,0.0,23.25,990.0,NA
2026-08-13 07:00:00,35.0,65.0,5.48,6.0,7.63,15.1,7.83,0.76,15.28,0.13,2.43,NA,NA,NA,NA,29.63,77.75,1.45,260.25,0.0,0.0,102.5,988.0,NA
2026-08-13 08:00:00,57.0,87.0,5.03,4.58,6.53,16.1,7.8,0.74,15.68,0.13,1.78,NA,NA,NA,NA,31.85,66.0,0.3,248.0,0.0,0.0,232.5,982.5,NA
2026-08-13 09:00:00,41.0,71.0,4.85,4.25,6.23,16.8,7.8,0.72,15.93,0.08,0.98,NA,NA,NA,NA,33.68,59.0,0.3,226.0,0.0,0.0,372.0,977.0,NA
2026-08-13 10:00:00,74.0,104.0,5.05,5.85,7.23,15.7,7.9,0.72,15.58,0.1,2.03,NA,NA,NA,NA,35.05,53.75,0.3,245.0,0.0,0.0,479.75,973.5,NA
2026-08-13 11:00:00,94.0,124.0,4.7,5.45,6.73,14.85,7.98,0.7,15.73,0.08,1.63,NA,NA,NA,NA,35.03,52.25,0.8,215.0,0.0,0.0,362.75,974.0,NA
2026-08-13 12:00:00,57.0,87.0,4.6,5.68,6.73,19.55,7.98,0.69,15.73,0.03,0.45,NA,NA,NA,NA,34.73,51.5,1.18,191.75,0.0,0.0,412.5,974.5,NA
2026-08-13 13:00:00,71.0,101.0,4.58,5.33,6.58,13.55,7.8,0.69,15.78,0.03,0.65,NA,NA,NA,NA,33.9,55.75,1.15,248.5,0.0,0.0,210.25,977.0,NA
2026-08-13 14:00:00,98.0,128.0,4.65,5.45,6.65,11.13,7.7,0.68,15.9,0.05,2.28,NA,NA,NA,NA,32.15,65.5,0.65,206.25,0.63,2.5,138.25,983.0,NA
2026-08-13 15:00:00,68.0,98.0,4.53,5.88,6.78,11.95,7.83,0.68,15.85,0.1,5.23,NA,NA,NA,NA,28.93,83.5,1.3,214.75,3.13,12.5,21.75,989.25,NA
2026-08-13 16:00:00,81.0,111.0,4.68,5.55,6.75,11.58,7.93,0.66,15.78,0.18,12.67,NA,NA,NA,NA,28.68,83.75,1.0,244.75,0.0,0.0,35.0,990.0,NA
2026-08-13 17:00:00,60.0,90.0,4.6,6.05,6.98,12.65,8.03,0.67,15.6,0.1,8.05,NA,NA,NA,NA,28.93,83.5,1.6,222.5,0.0,0.0,29.5,989.25,NA
2026-08-13 18:00:00,66.0,96.0,4.48,7.95,7.88,12.58,8.23,0.69,15.08,0.18,52.85,NA,NA,NA,NA,28.92,84.0,1.53,217.0,0.0,0.0,18.5,989.5,NA
2026-08-13 19:00:00,83.0,113.0,4.38,9.33,8.5,12.8,8.38,0.71,15.6,0.45,36.13,NA,NA,NA,NA,28.98,85.5,1.18,246.75,0.0,0.0,7.5,989.75,NA
2026-08-13 20:00:00,75.0,105.0,5.85,17.1,13.85,13.18,8.2,0.7,15.63,0.38,26.53,NA,NA,NA,NA,28.65,86.0,1.6,247.0,0.0,0.0,5.0,990.0,NA
2026-08-13 21:00:00,99.0,129.0,7.55,13.53,13.35,13.53,8.13,0.72,15.85,0.35,34.68,NA,NA,NA,NA,28.68,86.25,1.6,282.75,0.0,0.0,5.0,990.0,NA
2026-08-13 22:00:00,165.0,195.0,16.6,16.15,22.1,10.35,8.25,0.73,15.93,0.48,84.43,NA,NA,NA,NA,28.78,87.0,1.6,255.25,0.0,0.0,5.0,990.0,NA
2026-08-13 23:00:00,132.0,162.0,5.08,9.35,9.08,11.23,7.98,0.67,15.63,0.35,50.73,NA,NA,NA,NA,28.63,86.0,1.6,247.25,0.0,0.0,5.0,990.0,NA
2026-08-14 00:00:00,64.0,94.0,4.85,6.9,7.6,9.48,7.98,0.66,15.6,0.3,13.83,NA,NA,NA,NA,28.98,86.25,1.6,227.75,0.0,0.0,5.0,989.5,NA
2026-08-14 01:00:00,105.0,135.0,4.85,10.25,9.43,2.3,8.08,0.66,15.7,0.43,8.55,NA,NA,NA,NA,29.28,86.0,1.6,228.25,0.0,0.0,5.0,989.0,NA
2026-08-14 02:00:00,98.0,128.0,5.63,14.5,12.3,9.45,8.23,0.65,15.73,0.35,5.2,NA,NA,NA,NA,29.2,86.0,1.6,237.75,0.0,0.0,5.0,989.0,NA
2026-08-14 03:00:00,77.0,107.0,5.0,11.05,9.95,12.08,8.05,0.64,15.78,0.25,4.03,NA,NA,NA,NA,29.25,87.0,1.0,229.0,0.0,0.0,5.0,989.0,NA
2026-08-14 04:00:00,74.0,104.0,4.93,8.78,8.7,14.03,8.08,0.63,15.85,0.23,4.2,NA,NA,NA,NA,29.0,87.0,0.3,250.25,0.0,0.0,5.0,989.0,NA
2026-08-14 05:00:00,46.0,76.0,5.13,8.05,8.45,14.2,7.9,0.63,15.68,0.15,6.13,NA,NA,NA,NA,28.83,87.0,0.3,247.75,0.0,0.0,5.25,990.0,NA
2026-08-14 06:00:00,61.0,91.0,5.57,7.15,8.33,12.15,7.95,0.63,15.83,0.13,7.8,NA,NA,NA,NA,28.88,87.0,0.75,246.75,0.0,0.0,18.5,989.5,NA
2026-08-14 07:00:00,115.0,145.0,5.1,6.8,7.75,11.0,7.95,0.63,15.65,0.13,3.3,NA,NA,NA,NA,29.15,86.25,1.4,251.0,0.0,0.0,44.0,989.0,NA
2026-08-14 08:00:00,55.0,85.0,4.63,5.73,6.85,99.5,7.9,0.62,15.65,0.1,2.05,NA,NA,NA,NA,29.65,83.5,1.2,230.5,0.0,0.0,97.5,987.75,NA
2026-08-14 09:00:00,32.0,62.0,5.0,5.78,7.15,125.28,8.0,0.61,15.73,0.08,0.88,NA,NA,NA,NA,30.13,79.5,1.35,239.25,0.0,0.0,115.25,986.75,NA
2026-08-14 10:00:00,50.0,80.0,4.6,5.3,6.6,87.0,7.9,0.61,15.5,0.0,0.7,NA,NA,NA,NA,30.4,77.0,1.2,255.0,0.0,0.0,121.0,986.0,NA
2026-08-14 11:00:00,NA,NA,NA,NA,NA,NA,NA,NA,NA,NA,NA,NA,NA,NA,NA,NA,NA,NA,NA,NA,NA,NA,NA,NA
2026-08-14 12:00:00,NA,NA,NA,NA,NA,NA,NA,NA,NA,NA,NA,NA,NA,NA,NA,NA,NA,NA,NA,NA,NA,NA,NA,NA
2026-08-14 13:00:00,NA,NA,NA,NA,NA,NA,NA,NA,NA,NA,NA,NA,NA,NA,NA,NA,NA,NA,NA,NA,NA,NA,NA,NA
2026-08-14 14:00:00,NA,NA,NA,NA,NA,NA,NA,NA,NA,NA,NA,NA,NA,NA,NA,NA,NA,NA,NA,NA,NA,NA,NA,NA
2026-08-14 15:00:00,NA,NA,NA,NA,NA,NA,NA,NA,NA,NA,NA,NA,NA,NA,NA,NA,NA,NA,NA,NA,NA,NA,NA,NA
2026-08-14 16:00:00,NA,NA,NA,NA,NA,NA,NA,NA,NA,NA,NA,NA,NA,NA,NA,NA,NA,NA,NA,NA,NA,NA,NA,NA
2026-08-14 17:00:00,NA,NA,NA,NA,NA,NA,NA,NA,NA,NA,NA,NA,NA,NA,NA,NA,NA,NA,NA,NA,NA,NA,NA,NA
2026-08-14 18:00:00,NA,NA,NA,NA,NA,NA,NA,NA,NA,NA,NA,NA,NA,NA,NA,NA,NA,NA,NA,NA,NA,NA,NA,NA
2026-08-14 19:00:00,NA,NA,NA,NA,NA,NA,NA,NA,NA,NA,NA,NA,NA,NA,NA,NA,NA,NA,NA,NA,NA,NA,NA,NA
2026-08-14 20:00:00,NA,NA,NA,NA,NA,NA,NA,NA,NA,NA,NA,NA,NA,NA,NA,NA,NA,NA,NA,NA,NA,NA,NA,NA
2026-08-14 21:00:00,NA,NA,NA,NA,NA,NA,NA,NA,NA,NA,NA,NA,NA,NA,NA,NA,NA,NA,NA,NA,NA,NA,NA,NA
2026-08-14 22:00:00,NA,NA,NA,NA,NA,NA,NA,NA,NA,NA,NA,NA,NA,NA,NA,NA,NA,NA,NA,NA,NA,NA,NA,NA
2026-08-14 23:00:00,NA,NA,NA,NA,NA,NA,NA,NA,NA,NA,NA,NA,NA,NA,NA,NA,NA,NA,NA,NA,NA,NA,NA,NA
2026-08-15 00:00:00,NA,NA,NA,NA,NA,NA,NA,NA,NA,NA,NA,NA,NA,NA,NA,NA,NA,NA,NA,NA,NA,NA,NA,NA
2026-08-15 01:00:00,NA,NA,NA,NA,NA,NA,NA,NA,NA,NA,NA,NA,NA,NA,NA,NA,NA,NA,NA,NA,NA,NA,NA,NA
2026-08-15 02:00:00,NA,NA,NA,NA,NA,NA,NA,NA,NA,NA,NA,NA,NA,NA,NA,NA,NA,NA,NA,NA,NA,NA,NA,NA
2026-08-15 03:00:00,NA,NA,NA,NA,NA,NA,NA,NA,NA,NA,NA,NA,NA,NA,NA,NA,NA,NA,NA,NA,NA,NA,NA,NA
2026-08-15 04:00:00,NA,NA,NA,NA,NA,NA,NA,NA,NA,NA,NA,NA,NA,NA,NA,NA,NA,NA,NA,NA,NA,NA,NA,NA
2026-08-15 05:00:00,NA,NA,NA,NA,NA,NA,NA,NA,NA,NA,NA,NA,NA,NA,NA,NA,NA,NA,NA,NA,NA,NA,NA,NA
2026-08-15 06:00:00,NA,NA,NA,NA,NA,NA,NA,NA,NA,NA,NA,NA,NA,NA,NA,NA,NA,NA,NA,NA,NA,NA,NA,NA
2026-08-15 07:00:00,NA,NA,NA,NA,NA,NA,NA,NA,NA,NA,NA,NA,NA,NA,NA,NA,NA,NA,NA,NA,NA,NA,NA,NA
2026-08-15 08:00:00,NA,NA,NA,NA,NA,NA,NA,NA,NA,NA,NA,NA,NA,NA,NA,NA,NA,NA,NA,NA,NA,NA,NA,NA
2026-08-15 09:00:00,NA,NA,NA,NA,NA,NA,NA,NA,NA,NA,NA,NA,NA,NA,NA,NA,NA,NA,NA,NA,NA,NA,NA,NA
2026-08-15 10:00:00,NA,NA,NA,NA,NA,NA,NA,NA,NA,NA,NA,NA,NA,NA,NA,NA,NA,NA,NA,NA,NA,NA,NA,NA
2026-08-15 11:00:00,NA,NA,NA,NA,NA,NA,NA,NA,NA,NA,NA,NA,NA,NA,NA,NA,NA,NA,NA,NA,NA,NA,NA,NA
2026-08-15 12:00:00,NA,NA,NA,NA,NA,NA,NA,NA,NA,NA,NA,NA,NA,NA,NA,NA,NA,NA,NA,NA,NA,NA,NA,NA
2026-08-15 13:00:00,NA,NA,NA,NA,NA,NA,NA,NA,NA,NA,NA,NA,NA,NA,NA,NA,NA,NA,NA,NA,NA,NA,NA,NA
2026-08-15 14:00:00,NA,NA,NA,NA,NA,NA,NA,NA,NA,NA,NA,NA,NA,NA,NA,NA,NA,NA,NA,NA,NA,NA,NA,NA
2026-08-15 15:00:00,NA,NA,NA,NA,NA,NA,NA,NA,NA,NA,NA,NA,NA,NA,NA,NA,NA,NA,NA,NA,NA,NA,NA,NA
2026-08-15 16:00:00,NA,NA,NA,NA,NA,NA,NA,NA,NA,NA,NA,NA,NA,NA,NA,NA,NA,NA,NA,NA,NA,NA,NA,NA
2026-08-15 17:00:00,NA,NA,NA,NA,NA,NA,NA,NA,NA,NA,NA,NA,NA,NA,NA,NA,NA,NA,NA,NA,NA,NA,NA,NA
2026-08-15 18:00:00,NA,NA,NA,NA,NA,NA,NA,NA,NA,NA,NA,NA,NA,NA,NA,NA,NA,NA,NA,NA,NA,NA,NA,NA
2026-08-15 19:00:00,NA,NA,NA,NA,NA,NA,NA,NA,NA,NA,NA,NA,NA,NA,NA,NA,NA,NA,NA,NA,NA,NA,NA,NA
2026-08-15 20:00:00,NA,NA,NA,NA,NA,NA,NA,NA,NA,NA,NA,NA,NA,NA,NA,NA,NA,NA,NA,NA,NA,NA,NA,NA
2026-08-15 21:00:00,NA,NA,NA,NA,NA,NA,NA,NA,NA,NA,NA,NA,NA,NA,NA,NA,NA,NA,NA,NA,NA,NA,NA,NA
2026-08-15 22:00:00,NA,NA,NA,NA,NA,NA,NA,NA,NA,NA,NA,NA,NA,NA,NA,NA,NA,NA,NA,NA,NA,NA,NA,NA
2026-08-15 23:00:00,NA,NA,NA,NA,NA,NA,NA,NA,NA,NA,NA,NA,NA,NA,NA,NA,NA,NA,NA,NA,NA,NA,NA,NA
2026-08-16 00:00:00,NA,NA,NA,NA,NA,NA,NA,NA,NA,NA,NA,NA,NA,NA,NA,NA,NA,NA,NA,NA,NA,NA,NA,NA
2026-08-16 01:00:00,NA,NA,NA,NA,NA,NA,NA,NA,NA,NA,NA,NA,NA,NA,NA,NA,NA,NA,NA,NA,NA,NA,NA,NA
2026-08-16 02:00:00,NA,NA,NA,NA,NA,NA,NA,NA,NA,NA,NA,NA,NA,NA,NA,NA,NA,NA,NA,NA,NA,NA,NA,NA
2026-08-16 03:00:00,NA,NA,NA,NA,NA,NA,NA,NA,NA,NA,NA,NA,NA,NA,NA,NA,NA,NA,NA,NA,NA,NA,NA,NA
2026-08-16 04:00:00,NA,NA,NA,NA,NA,NA,NA,NA,NA,NA,NA,NA,NA,NA,NA,NA,NA,NA,NA,NA,NA,NA,NA,NA
2026-08-16 05:00:00,NA,NA,NA,NA,NA,NA,NA,NA,NA,NA,NA,NA,NA,NA,NA,NA,NA,NA,NA,NA,NA,NA,NA,NA
2026-08-16 06:00:00,NA,NA,NA,NA,NA,NA,NA,NA,NA,NA,NA,NA,NA,NA,NA,NA,NA,NA,NA,NA,NA,NA,NA,NA
2026-08-16 07:00:00,NA,NA,NA,NA,NA,NA,NA,NA,NA,NA,NA,NA,NA,NA,NA,NA,NA,NA,NA,NA,NA,NA,NA,NA
2026-08-16 08:00:00,NA,NA,NA,NA,NA,NA,NA,NA,NA,NA,NA,NA,NA,NA,NA,NA,NA,NA,NA,NA,NA,NA,NA,NA
2026-08-16 09:00:00,NA,NA,NA,NA,NA,NA,NA,NA,NA,NA,NA,NA,NA,NA,NA,NA,NA,NA,NA,NA,NA,NA,NA,NA
2026-08-16 10:00:00,NA,NA,NA,NA,NA,NA,NA,NA,NA,NA,NA,NA,NA,NA,NA,NA,NA,NA,NA,NA,NA,NA,NA,NA
2026-08-16 11:00:00,NA,NA,NA,NA,NA,NA,NA,NA,NA,NA,NA,NA,NA,NA,NA,NA,NA,NA,NA,NA,NA,NA,NA,NA
2026-08-16 12:00:00,NA,NA,NA,NA,NA,NA,NA,NA,NA,NA,NA,NA,NA,NA,NA,NA,NA,NA,NA,NA,NA,NA,NA,NA
2026-08-16 13:00:00,NA,NA,NA,NA,NA,NA,NA,NA,NA,NA,NA,NA,NA,NA,NA,NA,NA,NA,NA,NA,NA,NA,NA,NA
2026-08-16 14:00:00,NA,NA,NA,NA,NA,NA,NA,NA,NA,NA,NA,NA,NA,NA,NA,NA,NA,NA,NA,NA,NA,NA,NA,NA
2026-08-16 15:00:00,NA,NA,NA,NA,NA,NA,NA,NA,NA,NA,NA,NA,NA,NA,NA,NA,NA,NA,NA,NA,NA,NA,NA,NA
2026-08-16 16:00:00,102.0,132.0,4.47,3.67,5.57,27.87,8.27,0.59,15.97,0.03,2.43,NA,NA,NA,NA,32.33,60.67,1.0,244.67,0.0,0.0,127.33,981.67,NA
2026-08-16 17:00:00,75.0,105.0,4.18,4.13,5.6,27.85,8.3,0.59,16.7,0.1,3.28,NA,NA,NA,NA,31.78,63.25,1.35,247.5,0.0,0.0,89.25,983.5,NA
2026-08-16 18:00:00,122.0,152.0,4.8,4.38,6.25,28.55,8.35,0.6,16.0,0.18,2.45,NA,NA,NA,NA,31.08,67.25,0.5,248.25,0.0,0.0,37.0,985.5,NA
2026-08-16 19:00:00,125.0,155.0,4.58,4.83,6.28,28.73,8.4,0.61,16.43,0.25,4.13,NA,NA,NA,NA,30.35,72.75,0.3,235.25,0.0,0.0,8.0,987.75,NA
2026-08-16 20:00:00,115.0,145.0,4.3,5.55,6.48,30.25,8.43,0.62,16.22,0.23,3.25,NA,NA,NA,NA,29.93,75.25,0.3,239.0,0.0,0.0,5.0,988.25,NA
2026-08-16 21:00:00,118.0,148.0,4.28,6.93,7.2,29.63,8.5,0.63,16.2,0.28,2.57,NA,NA,NA,NA,29.9,76.75,1.13,225.75,0.0,0.0,5.0,988.5,NA
2026-08-16 22:00:00,170.0,200.0,5.03,11.93,10.48,29.03,8.48,0.63,16.05,0.38,4.7,NA,NA,NA,NA,29.8,77.25,1.6,231.5,0.0,0.0,5.0,988.5,NA
2026-08-16 23:00:00,152.0,182.0,5.1,10.88,9.95,27.95,8.23,0.63,15.15,0.2,3.83,NA,NA,NA,NA,29.53,78.75,1.6,226.75,0.0,0.0,5.0,989.0,NA
2026-08-17 00:00:00,157.0,187.0,4.95,7.33,7.93,28.93,8.4,0.62,15.6,0.18,2.98,NA,NA,NA,NA,29.28,80.0,1.6,255.5,0.0,0.0,5.0,989.0,NA
2026-08-17 01:00:00,94.0,124.0,4.68,4.95,6.45,29.9,8.38,0.61,16.9,0.1,3.0,NA,NA,NA,NA,29.05,81.0,1.6,253.25,0.0,0.0,5.0,989.0,NA
2026-08-17 02:00:00,88.0,118.0,4.43,4.7,6.1,30.53,8.3,0.6,16.35,0.1,2.15,NA,NA,NA,NA,28.78,81.25,1.6,251.25,0.0,0.0,5.0,989.75,NA
2026-08-17 03:00:00,96.0,126.0,4.07,4.48,5.68,35.43,8.38,0.6,15.58,0.33,1.38,NA,NA,NA,NA,28.7,82.0,1.6,251.75,0.0,0.0,5.0,990.0,NA
2026-08-17 04:00:00,153.0,183.0,4.58,4.43,6.08,32.15,8.5,0.59,15.85,0.3,1.0,NA,NA,NA,NA,28.48,82.5,1.1,260.5,0.0,0.0,5.0,990.0,NA
2026-08-17 05:00:00,103.0,133.0,4.28,4.6,5.95,29.75,8.58,0.59,15.85,0.2,0.6,NA,NA,NA,NA,28.28,82.5,1.23,250.0,0.0,0.0,5.25,990.25,NA
2026-08-17 06:00:00,64.0,94.0,4.43,4.75,6.1,28.93,8.55,0.6,16.48,0.08,0.65,NA,NA,NA,NA,28.2,83.75,1.6,195.5,0.0,0.0,19.5,990.5,NA
2026-08-17 07:00:00,58.0,88.0,4.8,4.88,6.48,28.0,8.48,0.6,16.05,0.15,0.7,NA,NA,NA,NA,28.85,79.5,1.25,249.75,0.0,0.0,76.75,989.25,NA
2026-08-17 08:00:00,76.0,106.0,5.0,4.08,6.23,31.23,8.3,0.59,16.28,0.1,0.23,NA,NA,NA,NA,30.5,68.75,1.1,247.0,0.0,0.0,203.75,985.25,NA
2026-08-17 09:00:00,87.0,117.0,4.78,3.28,5.63,27.9,8.4,0.59,16.25,0.03,0.2,NA,NA,NA,NA,31.88,61.0,1.15,231.75,0.0,0.0,306.5,981.25,NA
2026-08-17 10:00:00,92.0,122.0,4.6,3.75,5.75,23.23,8.35,0.59,15.98,0.03,0.2,NA,NA,NA,NA,33.4,54.5,1.18,228.75,0.0,0.0,456.5,976.25,NA
2026-08-17 11:00:00,94.0,124.0,4.3,3.9,5.58,22.48,8.4,0.59,15.78,0.05,0.43,NA,NA,NA,NA,34.38,51.75,1.23,239.25,0.0,0.0,484.25,974.25,NA
2026-08-17 12:00:00,96.0,126.0,4.55,3.85,5.75,23.9,8.45,0.59,14.23,0.0,0.6,NA,NA,NA,NA,34.8,50.5,0.93,232.75,0.0,0.0,545.0,973.75,NA
2026-08-17 13:00:00,97.0,127.0,NA,NA,NA,NA,NA,NA,15.15,0.0,1.03,NA,NA,NA,NA,35.68,47.5,1.1,232.25,0.0,0.0,568.75,972.0,NA
2026-08-17 14:00:00,109.0,139.0,5.7,4.9,7.25,31.7,11.2,0.35,15.05,0.0,0.55,NA,NA,NA,NA,35.68,47.25,1.18,227.5,0.0,0.0,504.75,972.25,NA
2026-08-17 15:00:00,92.0,122.0,4.78,4.0,6.0,25.83,10.3,0.38,15.0,0.0,0.7,NA,NA,NA,NA,35.13,47.75,1.15,240.75,0.0,0.0,316.5,974.5,NA
2026-08-17 16:00:00,103.0,133.0,4.53,3.68,5.65,26.93,9.88,0.4,16.53,0.05,1.28,NA,NA,NA,NA,33.5,52.75,1.23,240.75,0.0,0.0,177.0,978.0,NA
2026-08-17 17:00:00,122.0,152.0,4.55,3.28,5.48,26.05,9.63,0.41,16.1,0.03,1.03,NA,NA,NA,NA,32.33,57.0,0.98,243.75,0.0,0.0,60.75,982.5,NA
2026-08-17 18:00:00,93.0,123.0,4.23,3.5,5.28,26.15,9.28,0.43,15.58,0.05,0.98,NA,NA,NA,NA,31.43,60.75,1.6,214.75,0.0,0.0,28.0,985.0,NA
2026-08-17 19:00:00,70.0,100.0,4.73,3.65,5.75,26.98,9.28,0.5,15.48,0.1,2.13,NA,NA,NA,NA,30.5,66.5,1.6,241.0,0.0,0.0,6.25,987.5,NA
2026-08-17 20:00:00,113.0,143.0,5.18,5.75,7.28,30.23,9.3,0.55,15.65,0.18,9.15,NA,NA,NA,NA,30.13,70.5,1.6,243.5,0.0,0.0,5.0,988.0,NA
2026-08-17 21:00:00,120.0,150.0,6.68,7.63,9.48,27.5,9.2,0.6,16.18,0.35,26.15,NA,NA,NA,NA,29.9,73.25,1.6,242.5,0.0,0.0,5.0,989.0,NA
2026-08-17 22:00:00,122.0,152.0,5.13,6.03,7.35,33.1,9.1,0.55,15.73,0.15,10.98,NA,NA,NA,NA,29.63,75.75,1.6,251.0,0.0,0.0,5.0,989.0,NA
2026-08-17 23:00:00,98.0,128.0,4.68,5.35,6.63,33.7,8.95,0.48,15.63,0.13,4.25,NA,NA,NA,NA,29.4,76.5,1.3,259.0,0.0,0.0,5.0,989.0,NA
2026-08-18 00:00:00,98.0,128.0,4.55,4.63,6.18,31.33,8.88,0.46,17.15,0.1,1.58,NA,NA,NA,NA,29.03,77.0,0.83,250.5,0.0,0.0,5.0,989.25,NA
2026-08-18 01:00:00,103.0,133.0,4.53,4.45,6.03,31.83,8.78,0.47,15.6,0.1,3.15,NA,NA,NA,NA,28.68,76.5,0.8,247.5,0.0,0.0,5.0,990.0,NA
2026-08-18 02:00:00,132.0,162.0,5.5,8.5,8.98,35.55,8.75,0.47,15.73,0.25,3.63,NA,NA,NA,NA,28.43,78.0,0.3,246.5,0.0,0.0,5.0,990.0,NA
2026-08-18 03:00:00,143.0,173.0,6.55,17.9,14.83,38.3,8.85,0.41,15.68,0.1,2.45,NA,NA,NA,NA,28.28,79.0,0.9,244.75,0.0,0.0,5.0,990.0,NA
2026-08-18 04:00:00,133.0,163.0,5.8,12.23,11.23,38.85,8.95,0.36,15.5,0.08,1.45,NA,NA,NA,NA,28.28,79.75,1.6,247.75,0.0,0.0,5.0,990.25,NA
2026-08-18 05:00:00,63.0,93.0,5.3,9.43,9.3,39.95,8.93,0.36,15.78,0.1,1.98,NA,NA,NA,NA,28.23,80.25,1.6,245.25,0.0,0.0,5.0,990.5,NA
2026-08-18 06:00:00,71.0,101.0,5.05,7.25,7.95,41.35,9.0,0.4,15.75,0.1,4.1,NA,NA,NA,NA,28.03,82.0,1.6,230.25,0.0,0.0,14.5,991.0,NA
2026-08-18 07:00:00,76.0,106.0,5.98,6.55,8.35,42.8,9.08,0.43,15.73,0.1,2.55,NA,NA,NA,NA,28.38,81.25,1.45,258.5,0.0,0.0,45.0,990.0,NA
2026-08-18 08:00:00,92.0,122.0,6.25,9.5,10.13,42.85,8.9,0.46,16.0,0.1,2.18,NA,NA,NA,NA,28.6,78.5,1.58,237.0,0.0,0.0,77.25,989.75,NA
2026-08-18 09:00:00,109.0,139.0,5.95,8.63,9.48,42.93,8.83,0.44,16.0,0.08,0.85,NA,NA,NA,NA,31.95,62.0,1.03,235.0,0.0,0.0,360.5,980.5,NA
2026-08-18 10:00:00,105.0,135.0,5.2,7.3,8.13,44.85,8.67,0.39,15.75,0.0,0.28,NA,NA,NA,NA,33.9,51.75,1.33,218.75,0.0,0.0,486.0,975.25,NA
2026-08-18 11:00:00,102.0,132.0,4.73,6.3,7.2,45.58,8.78,0.4,15.78,0.0,0.33,NA,NA,NA,NA,34.53,49.75,1.3,232.75,0.0,0.0,459.0,974.0,NA
2026-08-18 12:00:00,144.0,174.0,4.7,4.85,6.43,48.35,8.9,0.4,15.1,0.15,0.73,NA,NA,NA,NA,33.35,54.25,0.9,245.5,0.0,0.0,271.0,978.75,NA
2026-08-18 13:00:00,68.0,98.0,4.3,3.88,5.53,49.05,9.15,0.36,15.65,0.08,1.7,NA,NA,NA,NA,35.1,48.25,1.03,229.25,0.0,0.0,556.5,973.0,NA
2026-08-18 14:00:00,131.0,161.0,4.33,4.1,5.73,43.1,9.23,0.35,16.5,0.0,1.4,NA,NA,NA,NA,34.38,50.25,1.2,236.75,0.0,0.0,334.5,975.0,NA
2026-08-18 15:00:00,122.0,152.0,4.6,4.68,6.2,45.9,9.1,0.33,15.97,0.03,2.68,NA,NA,NA,NA,34.53,49.5,1.05,238.75,0.0,0.0,355.75,975.75,NA
2026-08-18 16:00:00,NA,NA,NA,NA,NA,NA,NA,NA,NA,NA,NA,NA,NA,NA,NA,NA,NA,NA,NA,NA,NA,NA,NA,NA
2026-08-18 17:00:00,NA,NA,NA,NA,NA,NA,NA,NA,NA,NA,NA,NA,NA,NA,NA,NA,NA,NA,NA,NA,NA,NA,NA,NA
2026-08-18 18:00:00,NA,NA,NA,NA,NA,NA,NA,NA,NA,NA,NA,NA,NA,NA,NA,NA,NA,NA,NA,NA,NA,NA,NA,NA
2026-08-18 19:00:00,NA,NA,NA,NA,NA,NA,NA,NA,NA,NA,NA,NA,NA,NA,NA,NA,NA,NA,NA,NA,NA,NA,NA,NA
2026-08-18 20:00:00,NA,NA,NA,NA,NA,NA,NA,NA,NA,NA,NA,NA,NA,NA,NA,NA,NA,NA,NA,NA,NA,NA,NA,NA
2026-08-18 21:00:00,NA,NA,NA,NA,NA,NA,NA,NA,NA,NA,NA,NA,NA,NA,NA,NA,NA,NA,NA,NA,NA,NA,NA,NA
2026-08-18 22:00:00,NA,NA,NA,NA,NA,NA,NA,NA,NA,NA,NA,NA,NA,NA,NA,NA,NA,NA,NA,NA,NA,NA,NA,NA
2026-08-18 23:00:00,NA,NA,NA,NA,NA,NA,NA,NA,NA,NA,NA,NA,NA,NA,NA,NA,NA,NA,NA,NA,NA,NA,NA,NA
2026-08-19 00:00:00,NA,NA,NA,NA,NA,NA,NA,NA,NA,NA,NA,NA,NA,NA,NA,NA,NA,NA,NA,NA,NA,NA,NA,NA
2026-08-19 01:00:00,NA,NA,NA,NA,NA,NA,NA,NA,NA,NA,NA,NA,NA,NA,NA,NA,NA,NA,NA,NA,NA,NA,NA,NA
2026-08-19 02:00:00,NA,NA,NA,NA,NA,NA,NA,NA,NA,NA,NA,NA,NA,NA,NA,NA,NA,NA,NA,NA,NA,NA,NA,NA
2026-08-19 03:00:00,NA,NA,NA,NA,NA,NA,NA,NA,NA,NA,NA,NA,NA,NA,NA,NA,NA,NA,NA,NA,NA,NA,NA,NA
2026-08-19 04:00:00,NA,NA,NA,NA,NA,NA,NA,NA,NA,NA,NA,NA,NA,NA,NA,NA,NA,NA,NA,NA,NA,NA,NA,NA
2026-08-19 05:00:00,NA,NA,NA,NA,NA,NA,NA,NA,NA,NA,NA,NA,NA,NA,NA,NA,NA,NA,NA,NA,NA,NA,NA,NA
2026-08-19 06:00:00,NA,NA,NA,NA,NA,NA,NA,NA,NA,NA,NA,NA,NA,NA,NA,NA,NA,NA,NA,NA,NA,NA,NA,NA
2026-08-19 07:00:00,NA,NA,NA,NA,NA,NA,NA,NA,NA,NA,NA,NA,NA,NA,NA,NA,NA,NA,NA,NA,NA,NA,NA,NA
2026-08-19 08:00:00,NA,NA,NA,NA,NA,NA,NA,NA,NA,NA,NA,NA,NA,NA,NA,NA,NA,NA,NA,NA,NA,NA,NA,NA
2026-08-19 09:00:00,NA,NA,NA,NA,NA,NA,NA,NA,NA,NA,NA,NA,NA,NA,NA,NA,NA,NA,NA,NA,NA,NA,NA,NA
2026-08-19 10:00:00,105.0,135.0,5.65,8.15,8.95,25.25,8.85,0.39,16.0,0.1,0.8,NA,NA,NA,NA,32.9,55.0,1.2,254.5,0.0,0.0,281.0,978.0,NA
2026-08-19 11:00:00,104.0,134.0,5.13,6.98,7.88,26.35,9.0,0.36,15.63,0.08,6.93,NA,NA,NA,NA,32.9,53.25,1.13,173.5,0.0,0.0,413.25,978.0,NA
2026-08-19 12:00:00,114.0,144.0,4.75,5.55,6.83,27.78,9.03,0.38,16.23,0.1,10.05,NA,NA,NA,NA,34.65,48.5,1.1,199.75,0.0,0.0,562.25,973.25,NA
2026-08-19 13:00:00,129.0,159.0,4.53,4.43,6.05,31.23,9.13,0.38,14.9,0.1,4.63,NA,NA,NA,NA,35.03,48.0,1.13,239.5,0.0,0.0,569.75,972.75,NA
2026-08-19 14:00:00,111.0,141.0,4.48,4.3,5.93,32.38,8.98,0.35,16.55,0.03,1.2,NA,NA,NA,NA,35.78,45.25,1.4,214.75,0.0,0.0,510.0,972.25,NA
2026-08-19 15:00:00,108.0,138.0,4.48,4.25,5.9,31.45,8.95,0.36,15.3,0.0,1.28,NA,NA,NA,NA,35.48,46.5,0.73,216.75,0.0,0.0,393.75,973.5,NA
2026-08-19 16:00:00,119.0,149.0,4.45,4.35,5.93,31.98,9.03,0.39,15.6,0.05,3.23,NA,NA,NA,NA,33.8,52.0,0.8,214.5,0.0,0.0,211.0,977.5,NA
2026-08-19 17:00:00,125.0,155.0,4.68,4.5,6.23,29.53,8.98,0.4,15.83,0.05,3.9,NA,NA,NA,NA,32.5,55.5,1.1,218.0,0.0,0.0,91.5,981.75,NA
2026-08-19 18:00:00,141.0,171.0,4.63,5.05,6.45,27.38,9.1,0.49,15.8,0.1,26.0,NA,NA,NA,NA,31.75,58.75,1.05,174.75,0.0,0.0,41.0,984.0,NA
2026-08-19 19:00:00,124.0,154.0,4.7,5.35,6.65,26.9,9.28,0.54,15.85,0.1,51.35,NA,NA,NA,NA,30.95,62.5,1.43,102.75,0.0,0.0,8.0,986.5,NA
2026-08-19 20:00:00,159.0,189.0,4.95,5.48,6.95,25.95,9.25,0.57,15.52,0.18,53.18,NA,NA,NA,NA,30.5,66.5,1.18,101.5,0.0,0.0,5.0,987.0,NA
2026-08-19 21:00:00,158.0,188.0,5.13,6.08,7.4,27.95,9.33,0.67,15.08,0.25,44.88,NA,NA,NA,NA,30.38,71.0,1.6,133.25,0.0,0.0,5.0,988.0,NA
2026-08-19 22:00:00,159.0,189.0,5.23,5.9,7.38,28.3,9.25,0.72,15.65,0.33,8.48,NA,NA,NA,NA,30.23,73.0,1.6,137.0,0.0,0.0,5.0,988.0,NA
2026-08-19 23:00:00,169.0,199.0,5.1,5.23,6.93,28.25,9.28,0.68,15.68,0.33,7.4,NA,NA,NA,NA,30.08,75.5,1.6,141.0,0.0,0.0,5.0,988.0,NA
2026-08-20 00:00:00,163.0,193.0,5.1,5.28,7.0,27.7,9.17,0.76,15.65,0.35,8.05,NA,NA,NA,NA,30.05,75.75,1.6,173.5,0.0,0.0,5.0,988.0,NA
2026-08-20 01:00:00,175.0,205.0,4.58,6.25,7.03,23.8,9.2,0.83,16.65,1.15,16.13,NA,NA,NA,NA,29.68,76.5,1.6,191.0,0.0,0.0,5.0,988.75,NA
2026-08-20 02:00:00,133.0,163.0,4.9,5.73,7.03,21.35,9.03,0.67,16.38,0.48,13.23,NA,NA,NA,NA,28.73,81.5,1.43,215.0,2.25,9.0,5.0,989.5,NA
2026-08-20 03:00:00,54.0,84.0,4.65,4.38,6.13,25.03,9.05,0.4,15.75,0.08,4.98,NA,NA,NA,NA,27.42,85.75,0.65,228.0,0.63,2.5,5.0,991.0,NA
2026-08-20 04:00:00,63.0,93.0,4.75,5.18,6.63,22.2,8.98,0.39,15.98,0.03,2.33,NA,NA,NA,NA,27.45,86.75,0.3,216.75,0.75,3.0,5.0,991.0,NA
2026-08-20 05:00:00,48.0,78.0,5.1,7.53,8.18,24.58,9.08,0.39,14.85,0.08,1.6,NA,NA,NA,NA,27.53,87.0,0.4,268.5,0.0,0.0,5.0,991.0,NA
2026-08-20 06:00:00,59.0,89.0,5.38,7.5,8.38,26.4,9.23,0.39,15.58,0.1,1.08,NA,NA,NA,NA,27.83,87.0,1.18,248.25,0.0,0.0,15.0,991.0,NA
2026-08-20 07:00:00,50.0,80.0,5.18,6.2,7.53,26.1,9.35,0.53,15.6,0.1,1.1,NA,NA,NA,NA,28.08,87.0,1.5,240.25,0.0,0.0,31.5,990.75,NA
2026-08-20 08:00:00,70.0,100.0,5.45,5.7,7.48,25.15,9.35,0.57,15.58,0.28,5.25,NA,NA,NA,NA,28.18,86.0,0.3,237.5,0.0,0.0,66.5,990.0,NA
2026-08-20 09:00:00,80.0,110.0,5.1,5.05,6.83,23.8,9.33,0.49,15.73,0.1,2.78,NA,NA,NA,NA,29.63,79.75,0.58,238.5,0.0,0.0,210.75,987.0,NA
2026-08-20 10:00:00,89.0,119.0,4.9,4.43,6.35,18.13,9.1,0.47,17.08,0.08,1.9,NA,NA,NA,NA,32.53,59.0,1.15,252.25,0.0,0.0,415.75,978.25,NA
2026-08-20 11:00:00,110.0,140.0,4.98,5.18,6.82,23.28,9.05,0.41,16.05,0.0,0.68,NA,NA,NA,NA,33.85,52.5,1.1,238.75,0.0,0.0,428.5,975.5,NA
2026-08-20 12:00:00,115.0,145.0,5.83,9.4,9.73,24.0,9.13,0.41,15.63,0.0,1.5,NA,NA,NA,NA,34.08,51.5,1.28,212.5,0.0,0.0,450.75,975.0,NA
2026-08-20 13:00:00,111.0,141.0,5.25,8.5,8.8,22.53,9.03,0.41,15.58,0.03,3.68,NA,NA,NA,NA,35.3,48.0,1.2,205.75,0.0,0.0,573.0,972.5,NA
2026-08-20 14:00:00,146.0,176.0,4.45,5.08,6.33,24.88,9.3,0.4,15.08,0.03,1.65,NA,NA,NA,NA,35.7,47.0,1.3,231.25,0.0,0.0,482.0,972.25,NA
2026-08-20 15:00:00,108.0,138.0,4.25,4.25,5.73,24.98,9.38,0.38,15.5,0.05,1.48,NA,NA,NA,NA,35.5,48.0,1.18,243.0,0.0,0.0,386.25,973.5,NA
2026-08-20 16:00:00,115.0,145.0,4.38,4.68,6.08,22.03,9.38,0.37,15.45,0.03,1.5,NA,NA,NA,NA,33.88,53.0,1.28,244.75,0.0,0.0,201.5,977.75,NA
2026-08-20 17:00:00,132.0,162.0,4.48,4.58,6.05,26.73,9.58,0.38,15.93,0.0,1.03,NA,NA,NA,NA,32.4,59.25,1.33,233.75,0.0,0.0,69.75,983.0,NA
2026-08-20 18:00:00,141.0,171.0,4.43,4.68,6.08,24.98,9.33,0.4,16.65,0.03,2.2,NA,NA,NA,NA,31.4,64.0,1.6,265.75,0.0,0.0,38.0,985.0,NA
2026-08-20 19:00:00,NA,174.0,4.73,4.98,6.5,20.83,9.2,0.56,16.95,0.1,3.2,NA,NA,NA,NA,30.2,71.75,1.6,282.75,0.0,0.0,7.25,987.5,NA
2026-08-20 20:00:00,NA,213.0,4.88,6.0,7.18,21.7,9.48,0.74,15.95,0.2,8.73,NA,NA,NA,NA,29.55,77.5,1.6,283.25,0.0,0.0,5.0,988.75,NA
2026-08-20 21:00:00,NA,203.0,4.98,6.23,7.38,20.6,9.38,0.66,15.73,0.15,7.25,NA,NA,NA,NA,29.25,79.5,1.6,254.75,0.0,0.0,5.0,989.0,NA
2026-08-20 22:00:00,NA,157.0,4.88,7.08,7.7,21.95,9.6,0.62,14.15,0.22,5.08,NA,NA,NA,NA,29.15,80.5,1.6,236.75,0.0,0.0,5.0,989.25,NA
2026-08-20 23:00:00,NA,144.0,4.73,6.8,7.48,29.25,9.85,0.59,15.65,0.13,2.63,NA,NA,NA,NA,29.08,81.0,1.6,237.5,0.0,0.0,5.0,990.0,NA
2026-08-21 00:00:00,NA,146.0,4.55,5.65,6.7,30.75,9.83,0.68,15.68,0.13,2.33,NA,NA,NA,NA,29.18,81.0,1.6,236.75,0.0,0.0,5.0,990.0,NA
2026-08-21 01:00:00,NA,176.0,4.38,5.33,6.38,28.98,9.63,0.56,15.65,0.1,3.23,NA,NA,NA,NA,29.2,81.0,1.6,236.25,0.0,0.0,5.0,990.0,NA
2026-08-21 02:00:00,NA,165.0,4.55,5.33,6.55,26.15,9.53,0.55,16.3,0.18,5.6,NA,NA,NA,NA,29.33,80.25,1.6,232.5,0.0,0.0,5.0,989.0,NA
2026-08-21 03:00:00,NA,157.0,4.63,5.05,6.43,19.88,9.3,0.5,17.05,0.28,12.5,NA,NA,NA,NA,28.9,81.75,0.98,247.75,0.0,0.0,5.0,989.5,NA
2026-08-21 04:00:00,NA,171.0,4.75,5.75,6.95,19.85,9.33,0.45,15.7,0.2,2.93,NA,NA,NA,NA,28.45,81.5,0.35,254.75,0.0,0.0,5.0,990.0,NA
2026-08-21 05:00:00,NA,195.0,4.6,5.55,6.7,17.53,9.15,0.41,16.03,0.15,1.65,NA,NA,NA,NA,28.18,80.5,0.48,260.0,0.0,0.0,5.25,990.0,NA
2026-08-21 06:00:00,NA,118.0,4.48,5.3,6.45,17.48,9.35,0.41,15.08,0.1,1.08,NA,NA,NA,NA,28.3,78.75,1.05,262.75,0.0,0.0,14.0,990.25,NA
2026-08-21 07:00:00,NA,117.0,4.75,4.65,6.3,22.75,9.73,0.45,15.63,0.05,0.53,NA,NA,NA,NA,29.0,75.5,1.13,248.75,0.0,0.0,57.0,989.5,NA
2026-08-21 08:00:00,NA,NA,5.75,8.13,9.0,21.05,9.75,0.37,15.58,0.1,0.35,NA,NA,NA,NA,30.33,68.75,1.03,245.75,0.0,0.0,164.0,986.5,NA
2026-08-21 09:00:00,NA,NA,6.93,15.63,14.0,26.67,9.77,0.33,15.53,0.03,0.33,NA,NA,NA,NA,32.0,60.0,1.1,220.33,0.0,0.0,306.67,981.67,NA
2026-08-21 10:00:00,NA,NA,4.9,8.1,8.3,34.6,9.9,0.33,15.68,NA,NA,NA,NA,NA,NA,NA,NA,NA,NA,NA,NA,NA,NA,NA
2026-08-21 11:00:00,NA,NA,NA,NA,NA,NA,NA,NA,17.3,NA,NA,NA,NA,NA,NA,NA,NA,NA,NA,NA,NA,NA,NA,NA
2026-08-21 12:00:00,NA,NA,NA,NA,NA,NA,NA,NA,15.87,NA,NA,NA,NA,NA,NA,NA,NA,NA,NA,NA,NA,NA,NA,NA
2026-08-21 13:00:00,NA,NA,NA,NA,NA,NA,NA,NA,NA,NA,NA,NA,NA,NA,NA,NA,NA,NA,NA,NA,NA,NA,NA,NA
2026-08-21 14:00:00,NA,NA,NA,NA,NA,NA,NA,NA,NA,NA,NA,NA,NA,NA,NA,NA,NA,NA,NA,NA,NA,NA,NA,NA
2026-08-21 15:00:00,NA,NA,NA,NA,NA,NA,NA,NA,NA,NA,NA,NA,NA,NA,NA,NA,NA,NA,NA,NA,NA,NA,NA,NA
2026-08-21 16:00:00,NA,NA,NA,NA,NA,NA,NA,NA,NA,NA,NA,NA,NA,NA,NA,NA,NA,NA,NA,NA,NA,NA,NA,NA
2026-08-21 17:00:00,NA,NA,NA,NA,NA,NA,NA,NA,NA,NA,NA,NA,NA,NA,NA,NA,NA,NA,NA,NA,NA,NA,NA,NA
2026-08-21 18:00:00,NA,NA,NA,NA,NA,NA,NA,NA,NA,NA,NA,NA,NA,NA,NA,NA,NA,NA,NA,NA,NA,NA,NA,NA
2026-08-21 19:00:00,NA,NA,NA,NA,NA,NA,NA,NA,NA,NA,NA,NA,NA,NA,NA,NA,NA,NA,NA,NA,NA,NA,NA,NA
2026-08-21 20:00:00,NA,NA,NA,NA,NA,NA,NA,NA,NA,NA,NA,NA,NA,NA,NA,NA,NA,NA,NA,NA,NA,NA,NA,NA
2026-08-21 21:00:00,NA,NA,NA,NA,NA,NA,NA,NA,NA,NA,NA,NA,NA,NA,NA,NA,NA,NA,NA,NA,NA,NA,NA,NA
2026-08-21 22:00:00,NA,NA,NA,NA,NA,NA,NA,NA,NA,NA,NA,NA,NA,NA,NA,NA,NA,NA,NA,NA,NA,NA,NA,NA
2026-08-21 23:00:00,NA,NA,NA,NA,NA,NA,NA,NA,NA,NA,NA,NA,NA,NA,NA,NA,NA,NA,NA,NA,NA,NA,NA,NA
2026-08-22 00:00:00,NA,NA,NA,NA,NA,NA,NA,NA,NA,NA,NA,NA,NA,NA,NA,NA,NA,NA,NA,NA,NA,NA,NA,NA
2026-08-22 01:00:00,NA,NA,NA,NA,NA,NA,NA,NA,NA,NA,NA,NA,NA,NA,NA,NA,NA,NA,NA,NA,NA,NA,NA,NA
2026-08-22 02:00:00,NA,NA,NA,NA,NA,NA,NA,NA,NA,NA,NA,NA,NA,NA,NA,NA,NA,NA,NA,NA,NA,NA,NA,NA
2026-08-22 03:00:00,NA,NA,NA,NA,NA,NA,NA,NA,NA,NA,NA,NA,NA,NA,NA,NA,NA,NA,NA,NA,NA,NA,NA,NA
2026-08-22 04:00:00,NA,NA,NA,NA,NA,NA,NA,NA,NA,NA,NA,NA,NA,NA,NA,NA,NA,NA,NA,NA,NA,NA,NA,NA
2026-08-22 05:00:00,NA,NA,NA,NA,NA,NA,NA,NA,NA,NA,NA,NA,NA,NA,NA,NA,NA,NA,NA,NA,NA,NA,NA,NA
2026-08-22 06:00:00,NA,NA,NA,NA,NA,NA,NA,NA,NA,NA,NA,NA,NA,NA,NA,NA,NA,NA,NA,NA,NA,NA,NA,NA
2026-08-22 07:00:00,NA,NA,NA,NA,NA,NA,NA,NA,NA,NA,NA,NA,NA,NA,NA,NA,NA,NA,NA,NA,NA,NA,NA,NA
2026-08-22 08:00:00,NA,NA,NA,NA,NA,NA,NA,NA,NA,NA,NA,NA,NA,NA,NA,NA,NA,NA,NA,NA,NA,NA,NA,NA
2026-08-22 09:00:00,NA,NA,NA,NA,NA,NA,NA,NA,NA,NA,NA,NA,NA,NA,NA,NA,NA,NA,NA,NA,NA,NA,NA,NA
2026-08-22 10:00:00,NA,NA,NA,NA,NA,NA,NA,NA,NA,NA,NA,NA,NA,NA,NA,NA,NA,NA,NA,NA,NA,NA,NA,NA
2026-08-22 11:00:00,NA,NA,NA,NA,NA,NA,NA,NA,NA,NA,NA,NA,NA,NA,NA,NA,NA,NA,NA,NA,NA,NA,NA,NA
2026-08-22 12:00:00,NA,NA,NA,NA,NA,NA,NA,NA,NA,NA,NA,NA,NA,NA,NA,NA,NA,NA,NA,NA,NA,NA,NA,NA
2026-08-22 13:00:00,NA,NA,NA,NA,NA,NA,NA,NA,NA,NA,NA,NA,NA,NA,NA,NA,NA,NA,NA,NA,NA,NA,NA,NA
2026-08-22 14:00:00,NA,NA,NA,NA,NA,NA,NA,NA,NA,NA,NA,NA,NA,NA,NA,NA,NA,NA,NA,NA,NA,NA,NA,NA
2026-08-22 15:00:00,NA,NA,NA,NA,NA,NA,NA,NA,NA,NA,NA,NA,NA,NA,NA,NA,NA,NA,NA,NA,NA,NA,NA,NA
2026-08-22 16:00:00,NA,NA,NA,NA,NA,NA,NA,NA,NA,NA,NA,NA,NA,NA,NA,NA,NA,NA,NA,NA,NA,NA,NA,NA
2026-08-22 17:00:00,NA,NA,NA,NA,NA,NA,NA,NA,NA,NA,NA,NA,NA,NA,NA,NA,NA,NA,NA,NA,NA,NA,NA,NA
2026-08-22 18:00:00,NA,NA,NA,NA,NA,NA,NA,NA,NA,NA,NA,NA,NA,NA,NA,NA,NA,NA,NA,NA,NA,NA,NA,NA
2026-08-22 19:00:00,NA,NA,NA,NA,NA,NA,NA,NA,NA,NA,NA,NA,NA,NA,NA,NA,NA,NA,NA,NA,NA,NA,NA,NA
2026-08-22 20:00:00,NA,NA,NA,NA,NA,NA,NA,NA,NA,NA,NA,NA,NA,NA,NA,NA,NA,NA,NA,NA,NA,NA,NA,NA
2026-08-22 21:00:00,NA,NA,NA,NA,NA,NA,NA,NA,NA,NA,NA,NA,NA,NA,NA,NA,NA,NA,NA,NA,NA,NA,NA,NA
2026-08-22 22:00:00,NA,NA,NA,NA,NA,NA,NA,NA,NA,NA,NA,NA,NA,NA,NA,NA,NA,NA,NA,NA,NA,NA,NA,NA
2026-08-22 23:00:00,NA,NA,NA,NA,NA,NA,NA,NA,NA,NA,NA,NA,NA,NA,NA,NA,NA,NA,NA,NA,NA,NA,NA,NA
2026-08-23 00:00:00,NA,NA,NA,NA,NA,NA,NA,NA,NA,NA,NA,NA,NA,NA,NA,NA,NA,NA,NA,NA,NA,NA,NA,NA
2026-08-23 01:00:00,NA,NA,NA,NA,NA,NA,NA,NA,NA,NA,NA,NA,NA,NA,NA,NA,NA,NA,NA,NA,NA,NA,NA,NA
2026-08-23 02:00:00,NA,NA,NA,NA,NA,NA,NA,NA,NA,NA,NA,NA,NA,NA,NA,NA,NA,NA,NA,NA,NA,NA,NA,NA
2026-08-23 03:00:00,NA,NA,NA,NA,NA,NA,NA,NA,NA,NA,NA,NA,NA,NA,NA,NA,NA,NA,NA,NA,NA,NA,NA,NA
2026-08-23 04:00:00,NA,NA,NA,NA,NA,NA,NA,NA,NA,NA,NA,NA,NA,NA,NA,NA,NA,NA,NA,NA,NA,NA,NA,NA
2026-08-23 05:00:00,NA,NA,NA,NA,NA,NA,NA,NA,NA,NA,NA,NA,NA,NA,NA,NA,NA,NA,NA,NA,NA,NA,NA,NA
2026-08-23 06:00:00,NA,NA,NA,NA,NA,NA,NA,NA,NA,NA,NA,NA,NA,NA,NA,NA,NA,NA,NA,NA,NA,NA,NA,NA
2026-08-23 07:00:00,NA,NA,NA,NA,NA,NA,NA,NA,NA,NA,NA,NA,NA,NA,NA,NA,NA,NA,NA,NA,NA,NA,NA,NA
2026-08-23 08:00:00,NA,NA,NA,NA,NA,NA,NA,NA,NA,NA,NA,NA,NA,NA,NA,NA,NA,NA,NA,NA,NA,NA,NA,NA
2026-08-23 09:00:00,53.0,90.0,5.7,5.3,7.5,22.2,10.0,0.29,15.7,0.2,11.7,NA,NA,NA,NA,29.0,81.0,1.3,218.0,0.0,0.0,162.0,988.0,NA
2026-08-23 10:00:00,22.0,89.0,5.0,4.7,6.5,20.2,9.9,0.24,15.8,0.0,2.2,NA,NA,NA,NA,29.1,78.0,1.6,244.0,0.0,0.0,77.0,989.0,NA
2026-08-23 11:00:00,45.0,84.0,4.93,4.75,6.55,18.55,9.98,0.21,15.6,0.0,1.78,NA,NA,NA,NA,29.1,78.25,0.65,251.75,0.0,0.0,98.5,988.75,NA
2026-08-23 12:00:00,34.0,89.0,5.18,4.75,6.78,18.98,9.93,0.22,15.53,0.03,1.58,NA,NA,NA,NA,29.9,73.0,1.25,239.0,0.0,0.0,156.25,986.5,NA
2026-08-23 13:00:00,48.0,82.0,5.08,5.03,6.83,18.48,9.7,0.26,16.98,0.05,4.85,NA,NA,NA,NA,32.15,62.75,1.35,225.5,0.0,0.0,361.0,980.0,NA
2026-08-23 14:00:00,73.0,90.0,4.78,5.03,6.53,19.05,9.63,0.24,16.08,0.0,1.4,NA,NA,NA,NA,34.38,53.0,1.18,228.75,0.0,0.0,480.25,974.25,NA
2026-08-23 15:00:00,84.0,108.0,4.9,5.13,6.7,20.4,9.78,0.23,15.68,0.0,2.05,NA,NA,NA,NA,34.18,53.0,1.15,213.5,0.0,0.0,373.0,975.5,NA
2026-08-23 16:00:00,83.0,104.0,4.4,4.7,6.08,21.0,10.03,0.23,15.35,0.03,4.48,NA,NA,NA,NA,32.75,57.75,1.15,212.75,0.0,0.0,166.0,980.75,NA
2026-08-23 17:00:00,NA,NA,4.83,4.48,6.28,21.58,10.05,0.24,15.65,0.03,6.1,NA,NA,NA,NA,31.85,64.0,1.1,246.75,0.0,0.0,63.0,984.0,NA
2026-08-23 18:00:00,58.0,100.0,4.15,4.98,5.98,22.03,10.23,0.28,15.75,0.13,16.55,NA,NA,NA,NA,30.88,68.5,0.4,179.0,0.0,0.0,26.75,986.5,NA
2026-08-23 19:00:00,47.0,93.0,4.2,6.28,6.78,21.3,10.28,0.39,15.8,0.1,2.43,NA,NA,NA,NA,29.63,75.0,0.3,158.25,0.0,0.0,6.25,988.75,NA
2026-08-23 20:00:00,59.0,99.0,4.53,5.98,6.85,19.53,10.2,0.59,15.53,0.2,2.28,NA,NA,NA,NA,29.18,77.75,0.3,144.0,0.0,0.0,5.0,989.5,NA
2026-08-23 21:00:00,77.0,115.0,4.73,6.68,7.38,17.2,10.0,0.7,16.7,0.23,3.65,NA,NA,NA,NA,28.9,79.5,0.3,141.25,0.0,0.0,5.0,990.0,NA
2026-08-23 22:00:00,81.0,108.0,4.93,5.75,7.1,17.75,9.83,0.63,15.8,0.13,7.28,NA,NA,NA,NA,28.8,80.25,0.3,130.75,0.0,0.0,5.0,990.0,NA
2026-08-23 23:00:00,83.0,117.0,4.93,5.33,6.9,18.45,10.05,0.69,15.85,0.2,17.6,NA,NA,NA,NA,28.42,82.5,0.3,131.0,0.0,0.0,5.0,990.0,NA
2026-08-24 00:00:00,73.0,111.0,5.38,6.27,7.73,19.08,10.08,0.77,15.7,0.28,19.3,NA,NA,NA,NA,28.35,83.75,0.3,131.0,0.0,0.0,5.25,990.0,NA
2026-08-24 01:00:00,86.0,178.0,5.53,6.3,7.88,22.28,10.13,0.69,14.88,0.48,18.38,NA,NA,NA,NA,28.4,84.5,0.3,131.0,0.0,0.0,5.0,990.0,NA
2026-08-24 02:00:00,NA,NA,5.95,6.35,8.23,22.0,10.35,0.72,15.68,0.38,23.03,NA,NA,NA,NA,28.5,85.0,0.3,131.0,0.0,0.0,5.0,990.0,NA
2026-08-24 03:00:00,67.0,106.0,5.25,6.28,7.63,20.2,10.35,0.62,15.73,0.3,20.4,NA,NA,NA,NA,28.58,85.0,0.3,131.0,0.0,0.0,5.0,990.0,NA
2026-08-24 04:00:00,62.0,110.0,5.08,6.45,7.53,19.4,10.3,0.49,15.7,0.38,15.43,NA,NA,NA,NA,28.4,84.75,0.3,131.0,0.0,0.0,5.0,990.0,NA
2026-08-24 05:00:00,25.0,107.0,5.2,7.2,8.08,17.25,10.03,0.48,15.35,0.2,5.8,NA,NA,NA,NA,28.13,85.0,0.3,131.0,0.0,0.0,5.25,990.25,NA
2026-08-24 06:00:00,62.0,106.0,5.7,7.08,8.35,16.5,10.0,0.63,16.93,0.28,14.1,NA,NA,NA,NA,28.38,85.0,0.3,130.75,0.0,0.0,24.25,990.0,NA
2026-08-24 07:00:00,136.0,138.0,6.53,6.13,8.55,16.83,10.1,0.8,16.13,0.3,20.13,NA,NA,NA,NA,29.35,83.25,0.3,264.0,0.0,0.0,69.5,988.5,NA
2026-08-24 08:00:00,160.0,192.0,5.58,5.6,7.55,16.83,10.1,0.58,15.88,0.33,16.88,NA,NA,NA,NA,30.48,78.5,0.3,260.25,0.0,0.0,115.0,986.25,NA
2026-08-24 09:00:00,68.0,174.0,4.73,4.98,6.5,17.53,10.1,0.34,15.25,0.13,3.93,NA,NA,NA,NA,31.93,69.5,0.3,239.0,0.0,0.0,198.5,982.5,NA
2026-08-24 10:00:00,63.0,80.0,4.9,4.9,6.63,19.23,10.25,0.26,15.65,0.1,3.93,NA,NA,NA,NA,32.73,64.0,1.2,204.25,0.0,0.0,304.75,979.75,NA
2026-08-24 11:00:00,NA,NA,4.88,5.38,6.83,20.55,10.33,0.24,15.78,0.2,13.08,NA,NA,NA,NA,32.78,62.0,1.05,183.25,0.0,0.0,254.25,979.75,NA
2026-08-24 12:00:00,92.0,105.0,5.15,7.65,8.23,20.63,10.38,0.29,15.7,0.1,16.8,NA,NA,NA,NA,29.03,82.0,0.83,182.0,5.5,22.0,10.0,989.75,NA
2026-08-24 13:00:00,30.0,100.0,4.55,7.13,7.45,19.8,10.33,0.34,15.53,0.18,8.45,NA,NA,NA,NA,28.25,86.0,0.95,182.0,0.0,0.0,17.0,990.0,NA
2026-08-24 14:00:00,30.0,85.0,4.65,6.98,7.5,16.15,10.15,0.35,15.68,0.15,10.98,NA,NA,NA,NA,27.83,86.25,1.43,134.75,1.38,5.5,18.5,991.0,NA
2026-08-24 15:00:00,31.0,98.0,4.45,6.25,6.93,13.58,10.33,0.29,15.5,0.18,51.1,NA,NA,NA,NA,27.53,86.25,1.35,198.25,0.38,1.5,58.5,991.0,NA
2026-08-24 16:00:00,38.0,73.0,4.85,5.18,6.7,17.15,10.17,0.33,15.48,0.1,10.55,NA,NA,NA,NA,28.1,85.5,1.6,237.5,0.0,0.0,114.75,990.0,NA
2026-08-24 17:00:00,34.0,106.0,4.85,5.03,6.65,17.2,10.23,0.45,15.68,0.13,7.65,NA,NA,NA,NA,29.5,82.25,1.6,230.25,0.0,0.0,96.5,988.25,NA
2026-08-24 18:00:00,28.0,148.0,4.4,4.68,6.08,18.5,10.4,0.3,15.78,0.15,6.93,NA,NA,NA,NA,29.53,80.0,1.6,261.75,0.0,0.0,46.25,988.5,NA
2026-08-24 19:00:00,47.0,108.0,4.43,6.5,7.05,18.85,10.5,0.59,15.7,0.23,19.93,NA,NA,NA,NA,29.03,84.0,1.6,211.0,0.0,0.0,7.25,989.5,NA
2026-08-24 20:00:00,78.0,89.0,4.63,7.55,7.8,19.35,10.55,0.77,15.58,0.43,45.5,NA,NA,NA,NA,28.95,85.75,1.6,207.25,0.0,0.0,5.0,990.0,NA
2026-08-24 21:00:00,81.0,123.0,4.58,7.9,7.95,20.33,10.45,0.84,15.63,0.35,19.18,NA,NA,NA,NA,28.85,86.0,1.6,219.0,0.0,0.0,5.0,990.0,NA
2026-08-24 22:00:00,48.0,119.0,4.53,8.2,8.03,17.3,10.28,0.71,16.0,0.3,10.8,NA,NA,NA,NA,28.58,86.75,1.6,216.25,0.0,0.0,5.25,990.0,NA
2026-08-24 23:00:00,85.0,107.0,4.58,8.7,8.38,17.1,10.25,0.68,15.75,0.2,6.43,NA,NA,NA,NA,28.5,87.0,1.6,234.0,0.0,0.0,5.75,990.0,NA
2026-08-25 00:00:00,41.0,143.0,4.98,7.45,7.98,16.83,10.25,0.55,15.55,0.2,6.05,NA,NA,NA,NA,28.28,87.0,1.6,264.5,0.0,0.0,5.25,990.25,NA
2026-08-25 01:00:00,66.0,145.0,4.63,6.78,7.4,16.38,10.33,0.54,15.78,0.18,10.35,NA,NA,NA,NA,28.23,87.75,1.6,167.25,0.0,0.0,5.25,990.75,NA
2026-08-25 02:00:00,73.0,177.0,5.1,7.45,8.1,18.63,10.6,0.58,15.75,0.33,12.68,NA,NA,NA,NA,28.48,88.0,1.6,128.75,0.0,0.0,5.0,990.0,NA
2026-08-25 03:00:00,50.0,126.0,9.7,19.8,18.43,16.93,10.63,0.91,15.73,0.28,17.2,NA,NA,NA,NA,28.6,88.0,1.6,147.0,0.0,0.0,5.0,990.0,NA
2026-08-25 04:00:00,67.0,112.0,11.43,14.88,17.2,18.03,10.8,0.95,15.73,0.4,23.55,NA,NA,NA,NA,28.6,88.0,1.6,144.5,0.0,0.0,5.0,990.0,NA
2026-08-25 05:00:00,95.0,168.0,13.53,13.2,18.03,18.25,10.95,1.17,15.55,0.52,27.23,NA,NA,NA,NA,28.5,87.75,1.55,109.25,0.0,0.0,5.0,990.0,NA
2026-08-25 06:00:00,81.0,126.0,6.28,9.33,10.08,17.4,10.33,0.33,15.45,0.43,18.3,NA,NA,NA,NA,27.35,86.5,1.2,116.0,2.0,8.0,6.0,991.25,NA
2026-08-25 07:00:00,30.0,87.0,4.78,7.55,7.88,19.75,10.17,0.3,15.75,0.13,4.85,NA,NA,NA,NA,26.45,87.5,0.78,201.25,5.13,20.5,10.25,992.0,NA
2026-08-25 08:00:00,31.0,85.0,4.5,6.2,6.95,11.45,10.45,0.4,15.75,0.15,7.5,NA,NA,NA,NA,26.65,88.0,0.83,149.25,0.88,3.5,28.5,992.0,NA
2026-08-25 09:00:00,48.0,122.0,4.9,5.23,6.77,7.35,10.28,0.54,15.65,0.18,4.1,NA,NA,NA,NA,27.5,87.0,0.35,147.75,0.13,0.5,142.25,991.0,NA
2026-08-25 10:00:00,58.0,151.0,5.08,4.43,6.5,10.93,10.35,0.46,15.9,0.15,3.2,NA,NA,NA,NA,28.7,82.5,1.58,123.0,0.0,0.0,152.25,988.75,NA
2026-08-25 11:00:00,11.0,101.0,5.48,4.98,7.13,15.05,10.78,0.58,15.6,0.25,29.5,NA,NA,NA,NA,30.83,70.25,1.6,74.5,0.0,0.0,224.5,984.0,NA
2026-08-25 12:00:00,NA,NA,4.78,4.85,6.43,16.33,10.78,0.49,15.65,0.43,75.38,NA,NA,NA,NA,31.83,64.5,1.6,128.0,0.0,0.0,298.5,981.25,NA
2026-08-25 13:00:00,75.0,119.0,4.6,4.9,6.35,17.58,10.7,0.33,15.6,0.2,70.4,NA,NA,NA,NA,33.1,59.25,1.6,171.5,0.0,0.0,354.5,977.75,NA
2026-08-25 14:00:00,64.0,101.0,4.43,4.68,6.1,21.95,10.48,0.3,15.53,0.13,20.65,NA,NA,NA,NA,34.58,52.5,1.6,187.5,0.0,0.0,458.0,974.0,NA
2026-08-25 15:00:00,62.0,91.0,4.33,5.18,6.3,18.55,10.53,0.33,15.7,0.18,25.58,NA,NA,NA,NA,34.9,51.5,0.9,252.25,0.0,0.0,390.0,974.0,NA
2026-08-25 16:00:00,62.0,90.0,4.28,4.55,5.93,17.48,10.35,0.25,16.05,0.1,13.03,NA,NA,NA,NA,33.13,55.25,1.48,225.25,0.0,0.0,183.25,979.25,NA
2026-08-25 17:00:00,62.0,98.0,4.45,4.05,5.78,17.33,10.28,0.27,15.95,0.1,7.45,NA,NA,NA,NA,32.03,59.75,1.1,203.0,0.0,0.0,142.75,982.25,NA
2026-08-25 18:00:00,28.0,100.0,4.18,3.6,5.35,18.23,10.45,0.25,15.53,0.1,4.4,NA,NA,NA,NA,28.7,75.5,1.15,124.0,1.38,5.5,44.75,989.25,NA
2026-08-25 19:00:00,29.0,68.0,4.4,4.05,5.7,17.68,10.58,0.34,15.78,0.18,5.93,NA,NA,NA,NA,27.78,84.5,0.93,137.0,0.5,2.0,6.75,991.0,NA
2026-08-25 20:00:00,16.0,87.0,4.28,4.73,6.0,17.38,10.8,0.56,15.65,0.2,8.08,NA,NA,NA,NA,27.73,86.0,0.4,126.0,0.13,0.5,5.0,991.0,NA
2026-08-25 21:00:00,22.0,93.0,4.38,5.28,6.35,17.23,10.73,0.65,15.7,0.25,13.55,NA,NA,NA,NA,27.83,86.5,0.3,158.0,0.0,0.0,5.0,991.0,NA
2026-08-25 22:00:00,38.0,101.0,4.43,6.68,7.15,17.28,10.73,0.95,15.68,0.28,13.63,NA,NA,NA,NA,27.98,87.0,0.3,166.25,0.0,0.0,5.0,991.0,NA
2026-08-25 23:00:00,42.0,121.0,6.7,7.05,9.2,16.23,10.68,1.1,16.98,0.45,15.1,NA,NA,NA,NA,27.92,87.0,0.3,64.25,0.0,0.0,5.0,991.0,NA
2026-08-26 00:00:00,61.0,115.0,10.15,6.9,11.95,16.23,10.85,1.2,15.9,0.48,35.88,NA,NA,NA,NA,28.0,88.0,0.3,249.0,0.0,0.0,5.0,991.0,NA
2026-08-26 01:00:00,62.0,119.0,7.7,6.7,9.83,17.28,10.55,0.97,15.83,0.48,27.23,NA,NA,NA,NA,28.05,88.0,0.3,185.5,0.0,0.0,5.0,991.0,NA
2026-08-26 02:00:00,66.0,178.0,9.93,6.43,11.5,17.78,10.65,0.86,15.28,0.48,23.05,NA,NA,NA,NA,27.98,88.0,0.3,137.0,0.0,0.0,5.0,991.0,NA
2026-08-26 03:00:00,85.0,179.0,12.15,6.43,13.3,19.48,10.8,0.78,15.5,0.5,19.95,NA,NA,NA,NA,28.18,88.0,0.3,147.25,0.0,0.0,5.0,991.0,NA
2026-08-26 04:00:00,59.0,118.0,12.98,6.58,14.03,18.98,10.93,0.68,15.55,0.35,14.83,NA,NA,NA,NA,28.2,88.0,0.3,149.5,0.0,0.0,5.0,991.0,NA
2026-08-26 05:00:00,NA,NA,9.58,6.4,11.2,18.7,10.75,0.55,15.73,0.23,10.65,NA,NA,NA,NA,28.08,88.25,0.3,122.75,0.0,0.0,5.0,991.0,NA
2026-08-26 06:00:00,55.0,115.0,8.88,7.2,11.08,18.35,10.65,0.49,15.73,0.18,8.1,NA,NA,NA,NA,28.08,88.5,0.3,126.25,0.0,0.0,15.75,991.0,NA
2026-08-26 07:00:00,61.0,112.0,10.3,10.03,13.75,16.45,10.5,0.78,16.55,0.25,13.2,NA,NA,NA,NA,28.55,87.5,0.3,150.75,0.0,0.0,74.0,989.75,NA
2026-08-26 08:00:00,90.0,134.0,9.95,10.85,13.88,15.77,10.65,0.87,15.98,0.43,15.68,NA,NA,NA,NA,30.05,82.5,0.33,231.75,0.0,0.0,220.75,986.25,NA
2026-08-26 09:00:00,64.0,132.0,6.45,9.03,10.08,17.6,10.6,0.52,15.6,NA,NA,NA,NA,NA,NA,32.03,68.0,1.6,238.25,0.0,0.0,287.0,981.5,NA
2026-08-26 10:00:00,NA,NA,5.0,8.13,8.38,18.3,10.53,0.41,15.0,NA,NA,NA,NA,NA,NA,32.93,61.0,0.43,234.25,0.0,0.0,307.0,978.5,NA
2026-08-26 11:00:00,116.0,126.0,4.65,8.23,8.18,20.28,10.83,0.4,15.55,NA,NA,NA,NA,NA,NA,34.03,56.5,0.98,213.5,0.0,0.0,493.75,975.25,NA
2026-08-26 12:00:00,NA,NA,5.18,14.25,11.78,18.93,11.13,0.55,15.68,NA,NA,NA,NA,NA,NA,35.35,51.5,1.15,222.25,0.0,0.0,537.5,972.75,NA
2026-08-26 13:00:00,140.0,148.0,4.95,14.78,11.88,19.83,11.05,0.35,15.6,NA,NA,NA,NA,NA,NA,34.53,54.5,1.03,243.0,0.0,0.0,374.75,974.75,NA
2026-08-26 14:00:00,114.0,123.0,4.48,10.6,9.28,20.33,11.05,0.3,15.78,NA,NA,NA,NA,NA,NA,35.53,50.25,1.17,210.25,0.0,0.0,489.75,973.0,NA
2026-08-26 15:00:00,91.0,119.0,4.48,8.83,8.38,19.88,10.73,0.37,15.23,NA,NA,NA,NA,NA,NA,34.85,51.25,1.18,202.25,0.0,0.0,302.5,974.5,NA
2026-08-26 16:00:00,NA,NA,4.35,7.6,7.55,18.78,10.83,0.4,15.68,NA,NA,NA,NA,NA,NA,33.63,55.0,1.18,224.5,0.0,0.0,219.5,978.25,NA
2026-08-26 17:00:00,73.0,104.0,4.38,6.8,7.15,18.0,10.7,0.25,15.67,NA,NA,NA,NA,NA,NA,32.8,58.75,1.6,231.5,0.0,0.0,113.5,980.5,NA
2026-08-26 18:00:00,88.0,129.0,3.95,6.38,6.6,17.88,10.6,0.29,15.63,NA,NA,NA,NA,NA,NA,31.55,66.75,1.6,214.5,0.0,0.0,40.0,984.5,NA
2026-08-26 19:00:00,88.0,112.0,4.2,6.75,7.0,25.98,10.78,0.47,16.28,NA,NA,NA,NA,NA,NA,30.4,73.5,1.6,257.0,0.0,0.0,6.75,987.5,NA
2026-08-26 20:00:00,89.0,139.0,4.18,8.3,7.8,21.28,10.75,0.54,15.63,0.3,5.28,NA,NA,NA,NA,29.75,78.25,1.6,253.5,0.0,0.0,5.0,988.75,NA
2026-08-26 21:00:00,80.0,101.0,3.97,8.15,7.63,18.7,10.93,0.64,15.78,0.2,16.53,NA,NA,NA,NA,29.48,79.25,1.6,242.5,0.0,0.0,5.0,989.0,NA
2026-08-26 22:00:00,132.0,138.0,4.38,9.58,8.65,17.63,10.77,0.58,15.63,0.23,18.68,NA,NA,NA,NA,29.4,80.5,1.6,229.75,0.0,0.0,5.0,989.0,NA
2026-08-26 23:00:00,NA,NA,4.45,10.08,9.0,18.55,10.8,0.52,15.53,0.2,8.73,NA,NA,NA,NA,29.45,80.5,1.3,226.5,0.0,0.0,5.0,989.0,NA
2026-08-27 00:00:00,113.0,126.0,4.5,9.58,8.73,21.78,10.68,0.46,15.48,0.2,5.83,NA,NA,NA,NA,29.25,81.0,0.8,231.0,0.0,0.0,5.0,989.0,NA
2026-08-27 01:00:00,116.0,121.0,4.45,7.85,7.78,30.22,10.6,0.31,15.75,0.13,3.28,NA,NA,NA,NA,28.85,82.0,1.35,236.5,0.0,0.0,5.0,989.75,NA
2026-08-27 02:00:00,107.0,122.0,4.43,6.65,7.13,17.95,10.6,0.24,15.65,0.1,2.0,NA,NA,NA,NA,28.53,82.75,1.6,229.5,0.0,0.0,5.5,990.0,NA
2026-08-27 03:00:00,92.0,95.0,4.4,6.35,6.98,16.83,10.53,0.23,15.53,0.1,2.15,NA,NA,NA,NA,28.4,83.25,1.6,247.5,0.0,0.0,5.0,990.0,NA
2026-08-27 04:00:00,73.0,94.0,4.28,6.0,6.63,19.63,10.63,0.24,15.68,0.13,3.23,NA,NA,NA,NA,28.45,84.25,1.6,245.5,0.0,0.0,5.0,990.0,NA
2026-08-27 05:00:00,63.0,107.0,4.33,4.98,6.18,18.13,10.65,0.26,15.78,0.1,7.4,NA,NA,NA,NA,28.4,85.0,1.6,240.75,0.0,0.0,5.0,990.0,NA
2026-08-27 06:00:00,69.0,105.0,4.15,4.78,5.9,17.95,10.8,0.29,15.78,0.1,8.23,NA,NA,NA,NA,28.35,86.0,1.6,253.75,0.0,0.0,9.0,990.0,NA
2026-08-27 07:00:00,69.0,106.0,5.58,5.43,7.43,17.75,10.78,0.4,15.75,0.18,7.98,NA,NA,NA,NA,28.93,84.5,1.6,248.5,0.0,0.0,54.75,989.5,NA
2026-08-27 08:00:00,85.0,133.0,5.08,4.73,6.65,16.28,10.53,0.33,15.6,0.2,5.18,NA,NA,NA,NA,30.25,76.0,1.08,227.0,0.0,0.0,168.75,986.25,NA
2026-08-27 09:00:00,108.0,111.0,4.4,5.05,6.25,15.35,10.6,0.22,15.63,0.13,1.8,NA,NA,NA,NA,32.75,59.5,1.25,241.0,0.0,0.0,287.75,979.75,NA
2026-08-27 10:00:00,NA,NA,4.53,6.53,7.13,15.43,10.6,0.18,15.75,0.1,0.83,NA,NA,NA,NA,33.73,55.25,0.98,236.5,0.0,0.0,418.5,976.5,NA
2026-08-27 11:00:00,101.0,130.0,4.38,6.3,6.93,15.65,10.58,0.25,15.73,0.13,3.28,NA,NA,NA,NA,35.35,50.25,1.05,228.25,0.0,0.0,518.0,973.0,NA
2026-08-27 12:00:00,129.0,135.0,4.35,5.7,6.6,17.63,10.78,0.15,15.98,0.03,1.35,NA,NA,NA,NA,35.8,48.5,1.53,217.0,0.0,0.0,527.5,972.25,NA
2026-08-27 13:00:00,117.0,155.0,4.35,4.75,6.08,18.28,10.9,0.15,15.6,0.05,1.05,NA,NA,NA,NA,35.83,47.5,1.15,199.5,0.0,0.0,356.75,973.25,NA
2026-08-27 14:00:00,108.0,156.0,4.0,4.93,5.9,19.08,10.98,0.16,15.6,0.03,2.5,NA,NA,NA,NA,34.33,53.25,1.1,245.75,0.0,0.0,206.0,976.5,NA
2026-08-27 15:00:00,117.0,140.0,4.13,5.23,6.08,18.9,11.03,0.19,15.38,0.05,3.3,NA,NA,NA,NA,33.0,57.0,0.78,147.0,0.0,0.0,220.75,979.75,NA
2026-08-27 16:00:00,52.0,146.0,4.45,5.15,6.33,18.65,10.7,0.21,15.55,0.1,3.0,NA,NA,NA,NA,31.83,60.0,1.13,128.75,0.0,0.0,191.5,982.0,NA
2026-08-27 17:00:00,38.0,84.0,4.3,6.35,6.9,27.3,10.85,0.29,15.6,0.13,4.55,NA,NA,NA,NA,31.13,62.0,0.8,150.0,0.0,0.0,73.5,984.75,NA
2026-08-27 18:00:00,31.0,144.0,4.6,6.6,7.28,27.6,10.78,0.69,16.03,0.38,10.63,NA,NA,NA,NA,30.45,69.25,1.3,132.25,0.0,0.0,31.5,986.75,NA
2026-08-27 19:00:00,40.0,117.0,4.65,6.1,7.05,21.68,10.67,0.79,16.13,0.45,18.28,NA,NA,NA,NA,29.6,73.5,0.53,132.5,0.0,0.0,7.5,988.5,NA
2026-08-27 20:00:00,56.0,161.0,4.8,6.65,7.43,19.3,10.88,1.27,15.73,0.55,23.85,NA,NA,NA,NA,29.35,75.0,0.3,164.5,0.0,0.0,5.0,989.0,NA
2026-08-27 21:00:00,59.0,160.0,4.93,6.85,7.65,16.98,10.95,1.43,15.83,0.93,21.85,NA,NA,NA,NA,29.38,77.0,0.3,172.5,0.0,0.0,5.0,989.0,NA
2026-08-27 22:00:00,73.0,194.0,5.73,7.05,8.4,14.85,11.17,1.42,15.53,0.55,18.45,NA,NA,NA,NA,29.25,77.75,0.68,120.25,0.0,0.0,5.0,989.25,NA
2026-08-27 23:00:00,68.0,174.0,7.13,8.35,10.23,17.48,11.2,1.57,15.78,0.6,18.75,NA,NA,NA,NA,28.83,80.75,1.6,153.75,0.0,0.0,5.25,990.0,NA
2026-08-28 00:00:00,69.0,168.0,5.65,7.15,8.4,18.58,10.98,0.84,15.63,0.45,13.43,NA,NA,NA,NA,28.8,81.25,1.15,199.25,0.0,0.0,5.0,990.0,NA
2026-08-28 01:00:00,48.0,161.0,4.6,6.8,7.38,19.95,10.78,0.56,16.33,0.23,6.65,NA,NA,NA,NA,28.78,82.5,1.6,197.75,0.0,0.0,5.0,990.0,NA
2026-08-28 02:00:00,42.0,108.0,5.1,7.23,8.0,20.88,10.7,0.6,15.98,0.2,7.65,NA,NA,NA,NA,28.68,83.75,1.6,168.25,0.0,0.0,5.25,990.0,NA
2026-08-28 03:00:00,67.0,107.0,5.45,6.83,8.08,21.4,10.78,0.48,15.93,0.25,6.88,NA,NA,NA,NA,28.65,84.75,1.6,246.25,0.0,0.0,5.0,990.0,NA
2026-08-28 04:00:00,55.0,116.0,5.1,5.98,7.33,22.3,10.83,0.34,15.35,0.2,5.08,NA,NA,NA,NA,28.6,85.5,1.6,236.0,0.0,0.0,5.0,990.0,NA
2026-08-28 05:00:00,56.0,110.0,5.03,5.8,7.2,23.98,11.08,0.34,15.55,0.18,5.43,NA,NA,NA,NA,28.53,86.0,1.6,244.25,0.0,0.0,5.0,990.0,NA
2026-08-28 06:00:00,55.0,90.0,4.98,5.6,7.03,22.53,10.95,0.28,15.8,0.15,4.85,NA,NA,NA,NA,28.53,85.75,1.23,273.75,0.0,0.0,16.0,990.0,NA
2026-08-28 07:00:00,39.0,91.0,4.43,5.3,6.43,18.73,11.13,0.19,15.58,0.1,1.83,NA,NA,NA,NA,29.25,81.0,0.45,254.75,0.0,0.0,67.75,989.0,NA
2026-08-28 08:00:00,31.0,75.0,4.8,6.03,7.13,17.78,11.08,0.14,15.85,0.08,0.68,NA,NA,NA,NA,30.1,71.0,1.18,253.25,0.0,0.0,116.75,987.0,NA
2026-08-28 09:00:00,59.0,97.0,7.05,32.18,22.83,32.23,10.53,0.02,13.4,0.2,0.6,NA,NA,NA,NA,31.55,62.0,1.03,241.0,0.0,0.0,227.0,983.75,NA
2026-08-28 10:00:00,57.0,128.0,15.28,61.68,45.2,92.33,9.88,NA,19.8,0.25,0.73,NA,NA,NA,NA,32.33,57.75,1.13,218.75,0.0,0.0,246.75,981.75,NA
2026-08-28 11:00:00,61.0,141.0,7.83,16.93,15.35,197.53,9.5,NA,15.18,0.18,0.5,NA,NA,NA,NA,33.17,54.67,1.13,207.67,0.0,0.0,406.0,979.0,NA
2026-08-28 12:00:00,61.0,138.0,6.5,11.4,11.3,122.65,9.5,NA,15.15,0.08,0.48,NA,NA,NA,NA,NA,NA,NA,NA,NA,NA,NA,NA,NA
2026-08-28 13:00:00,48.0,136.0,6.33,9.75,10.33,124.55,9.45,NA,12.48,0.08,0.4,NA,NA,NA,NA,NA,NA,NA,NA,NA,NA,NA,NA,NA
2026-08-28 14:00:00,53.0,141.0,6.08,10.13,10.33,134.75,9.38,NA,10.68,0.23,0.13,NA,NA,NA,NA,NA,NA,NA,NA,NA,NA,NA,NA,NA
2026-08-28 15:00:00,NA,NA,NA,NA,NA,NA,NA,NA,NA,NA,NA,NA,NA,NA,NA,NA,NA,NA,NA,NA,NA,NA,NA,NA
2026-08-28 16:00:00,NA,NA,NA,NA,NA,NA,NA,NA,NA,NA,NA,NA,NA,NA,NA,NA,NA,NA,NA,NA,NA,NA,NA,NA
2026-08-28 17:00:00,NA,NA,NA,NA,NA,NA,NA,NA,NA,NA,NA,NA,NA,NA,NA,NA,NA,NA,NA,NA,NA,NA,NA,NA
2026-08-28 18:00:00,NA,NA,NA,NA,NA,NA,NA,NA,NA,NA,NA,NA,NA,NA,NA,NA,NA,NA,NA,NA,NA,NA,NA,NA
2026-08-28 19:00:00,NA,NA,NA,NA,NA,NA,NA,NA,NA,NA,NA,NA,NA,NA,NA,NA,NA,NA,NA,NA,NA,NA,NA,NA
2026-08-28 20:00:00,NA,NA,NA,NA,NA,NA,NA,NA,NA,NA,NA,NA,NA,NA,NA,NA,NA,NA,NA,NA,NA,NA,NA,NA
2026-08-28 21:00:00,NA,NA,NA,NA,NA,NA,NA,NA,NA,NA,NA,NA,NA,NA,NA,NA,NA,NA,NA,NA,NA,NA,NA,NA
2026-08-28 22:00:00,NA,NA,NA,NA,NA,NA,NA,NA,NA,NA,NA,NA,NA,NA,NA,NA,NA,NA,NA,NA,NA,NA,NA,NA
2026-08-28 23:00:00,NA,NA,NA,NA,NA,NA,NA,NA,NA,NA,NA,NA,NA,NA,NA,NA,NA,NA,NA,NA,NA,NA,NA,NA
2026-08-29 00:00:00,NA,NA,NA,NA,NA,NA,NA,NA,NA,NA,NA,NA,NA,NA,NA,NA,NA,NA,NA,NA,NA,NA,NA,NA
2026-08-29 01:00:00,NA,NA,NA,NA,NA,NA,NA,NA,NA,NA,NA,NA,NA,NA,NA,NA,NA,NA,NA,NA,NA,NA,NA,NA
2026-08-29 02:00:00,NA,NA,NA,NA,NA,NA,NA,NA,NA,NA,NA,NA,NA,NA,NA,NA,NA,NA,NA,NA,NA,NA,NA,NA
2026-08-29 03:00:00,NA,NA,NA,NA,NA,NA,NA,NA,NA,NA,NA,NA,NA,NA,NA,NA,NA,NA,NA,NA,NA,NA,NA,NA
2026-08-29 04:00:00,NA,NA,NA,NA,NA,NA,NA,NA,NA,NA,NA,NA,NA,NA,NA,NA,NA,NA,NA,NA,NA,NA,NA,NA
2026-08-29 05:00:00,NA,NA,NA,NA,NA,NA,NA,NA,NA,NA,NA,NA,NA,NA,NA,NA,NA,NA,NA,NA,NA,NA,NA,NA
2026-08-29 06:00:00,NA,NA,NA,NA,NA,NA,NA,NA,NA,NA,NA,NA,NA,NA,NA,NA,NA,NA,NA,NA,NA,NA,NA,NA
2026-08-29 07:00:00,NA,NA,NA,NA,NA,NA,NA,NA,NA,NA,NA,NA,NA,NA,NA,NA,NA,NA,NA,NA,NA,NA,NA,NA
2026-08-29 08:00:00,NA,NA,NA,NA,NA,NA,NA,NA,NA,NA,NA,NA,NA,NA,NA,NA,NA,NA,NA,NA,NA,NA,NA,NA
2026-08-29 09:00:00,NA,NA,NA,NA,NA,NA,NA,NA,NA,NA,NA,NA,NA,NA,NA,NA,NA,NA,NA,NA,NA,NA,NA,NA
2026-08-29 10:00:00,NA,NA,NA,NA,NA,NA,NA,NA,NA,NA,NA,NA,NA,NA,NA,NA,NA,NA,NA,NA,NA,NA,NA,NA
2026-08-29 11:00:00,NA,NA,13.8,8.57,10.35,44.4,7.1,0.0,36.4,0.0,0.1,NA,NA,NA,NA,35.0,48.0,1.2,232.0,0.0,0.0,577.0,973.0,NA
2026-08-29 12:00:00,NA,NA,3.8,7.3,7.0,53.73,9.15,0.0,19.95,0.0,0.18,NA,NA,NA,NA,35.0,47.5,1.35,207.5,0.0,0.0,574.75,973.0,NA
2026-08-29 13:00:00,58.0,125.0,4.85,5.45,6.83,50.2,9.78,0.76,23.6,0.1,0.33,NA,NA,NA,NA,35.3,46.0,1.1,201.75,0.0,0.0,556.75,972.5,NA
2026-08-29 14:00:00,22.0,123.0,5.18,5.25,7.03,42.25,10.18,1.1,20.68,0.0,0.18,NA,NA,NA,NA,35.78,45.25,1.23,228.75,0.0,0.0,495.0,972.0,NA
2026-08-29 15:00:00,23.0,118.0,4.95,4.63,6.5,34.78,11.0,1.1,20.4,0.0,0.13,NA,NA,NA,NA,35.33,46.0,1.03,213.25,0.0,0.0,364.5,973.75,NA
2026-08-29 16:00:00,46.0,125.0,4.55,4.83,6.28,30.98,11.23,1.1,18.98,0.0,0.15,NA,NA,NA,NA,33.73,50.75,0.98,229.0,0.0,0.0,99.75,979.75,NA
2026-08-29 17:00:00,45.0,122.0,4.93,5.05,6.73,23.63,11.35,1.1,21.38,0.0,0.15,NA,NA,NA,NA,32.48,56.75,0.6,242.5,0.0,0.0,52.25,983.0,NA
2026-08-29 18:00:00,39.0,116.0,4.63,5.2,6.53,21.78,11.58,1.1,17.73,0.0,0.28,NA,NA,NA,NA,31.58,63.25,1.18,235.0,0.0,0.0,22.25,985.5,NA
2026-08-29 19:00:00,34.0,114.0,5.0,6.13,7.33,20.1,11.73,1.1,17.23,0.08,2.53,NA,NA,NA,NA,30.28,70.75,1.6,291.0,0.0,0.0,5.75,987.75,NA
2026-08-29 20:00:00,35.0,99.0,6.18,9.85,10.28,17.85,11.4,1.1,16.6,0.15,13.08,NA,NA,NA,NA,29.68,74.75,1.6,194.5,0.0,0.0,5.25,989.0,NA
2026-08-29 21:00:00,36.0,135.0,7.58,10.85,11.93,16.63,12.05,1.1,16.05,0.2,3.98,NA,NA,NA,NA,29.45,76.25,1.6,179.5,0.0,0.0,5.5,989.0,NA
2026-08-29 22:00:00,66.0,169.0,10.78,12.25,15.3,16.5,12.68,1.1,24.85,1.2,6.85,NA,NA,NA,NA,29.4,78.0,1.6,212.25,0.0,0.0,5.25,989.0,NA
2026-08-29 23:00:00,63.0,197.0,12.43,11.8,16.4,16.2,12.7,1.1,17.88,0.65,9.83,NA,NA,NA,NA,29.35,78.75,1.6,227.0,0.0,0.0,5.0,989.0,NA
2026-08-30 00:00:00,74.0,156.0,8.4,9.85,12.08,16.68,12.65,1.1,13.63,0.23,8.75,NA,NA,NA,NA,29.45,76.75,1.6,259.75,0.0,0.0,5.25,989.0,NA
2026-08-30 01:00:00,35.0,73.0,5.33,7.2,8.15,17.35,12.6,1.1,14.78,0.1,2.33,NA,NA,NA,NA,29.15,74.5,1.6,252.5,0.0,0.0,5.0,989.5,NA
2026-08-30 02:00:00,25.0,50.0,4.98,5.78,7.13,18.25,12.65,1.1,13.9,0.03,0.63,NA,NA,NA,NA,28.65,75.25,1.6,240.75,0.0,0.0,5.0,990.0,NA
2026-08-30 03:00:00,31.0,78.0,5.25,5.43,7.15,17.1,12.5,1.1,15.58,0.1,1.0,NA,NA,NA,NA,28.63,75.25,0.7,249.0,0.0,0.0,5.0,990.0,NA
2026-08-30 04:00:00,34.0,79.0,5.13,5.77,7.25,17.3,12.5,1.1,16.98,0.03,1.13,NA,NA,NA,NA,28.2,76.25,0.3,247.5,0.0,0.0,5.0,990.75,NA
2026-08-30 05:00:00,2.0,68.0,5.03,5.6,7.08,16.38,12.6,1.1,16.48,0.0,0.83,NA,NA,NA,NA,27.9,77.0,0.93,252.0,0.0,0.0,5.0,991.0,NA
2026-08-30 06:00:00,30.0,59.0,4.88,5.53,6.9,16.83,12.7,1.1,15.93,0.08,0.73,NA,NA,NA,NA,27.83,75.75,0.88,257.75,0.0,0.0,14.75,991.0,NA
2026-08-30 07:00:00,33.0,86.0,5.13,5.48,7.1,17.53,12.55,1.1,16.55,0.0,0.45,NA,NA,NA,NA,28.85,70.0,0.73,253.0,0.0,0.0,89.0,989.25,NA
2026-08-30 08:00:00,20.0,77.0,5.03,5.15,6.83,18.53,12.68,1.1,15.55,0.0,0.28,NA,NA,NA,NA,30.5,62.0,1.05,240.75,0.0,0.0,213.0,985.5,NA
2026-08-30 09:00:00,38.0,88.0,4.7,4.45,6.2,19.4,12.65,1.1,16.45,0.0,0.23,NA,NA,NA,NA,31.68,56.75,1.08,237.5,0.0,0.0,328.25,982.0,NA
2026-08-30 10:00:00,34.0,105.0,4.68,4.58,6.23,20.45,12.65,1.1,16.5,0.0,0.38,NA,NA,NA,NA,33.1,51.75,1.0,221.0,0.0,0.0,427.0,977.5,NA
2026-08-30 11:00:00,31.0,122.0,4.4,4.6,6.0,20.9,12.93,1.09,17.03,0.0,0.4,NA,NA,NA,NA,33.28,51.75,1.05,240.75,0.0,0.0,413.25,977.5,NA
2026-08-30 12:00:00,25.0,121.0,4.33,4.78,6.05,20.63,13.08,1.09,16.93,0.0,1.4,NA,NA,NA,NA,34.48,48.0,0.85,224.5,0.0,0.0,429.25,974.5,NA
2026-08-30 13:00:00,23.0,130.0,4.15,5.03,6.1,18.83,12.93,1.09,17.7,0.0,2.07,NA,NA,NA,NA,33.5,50.5,1.25,219.25,0.0,0.0,284.5,977.0,NA
2026-08-30 14:00:00,28.0,140.0,4.53,4.9,6.3,18.53,12.83,1.09,16.98,0.0,0.4,NA,NA,NA,NA,34.65,47.75,1.3,207.5,0.0,0.0,410.75,974.75,NA
2026-08-30 15:00:00,24.0,134.0,4.38,4.43,5.88,18.23,12.8,1.09,17.08,0.0,0.58,NA,NA,NA,NA,34.75,47.0,0.88,190.75,0.0,0.0,364.5,974.75,NA
2026-08-30 16:00:00,31.0,125.0,4.53,4.05,5.83,18.98,12.78,1.09,15.43,0.0,0.28,NA,NA,NA,NA,32.98,53.75,1.55,217.75,0.0,0.0,127.25,980.25,NA
2026-08-30 17:00:00,34.0,133.0,4.38,4.05,5.7,18.75,13.03,1.09,16.55,0.0,0.65,NA,NA,NA,NA,32.2,56.0,0.73,231.0,0.0,0.0,63.5,983.25,NA
2026-08-30 18:00:00,42.0,100.0,4.08,4.85,5.93,19.88,13.28,1.09,16.6,0.03,1.38,NA,NA,NA,NA,31.2,59.25,1.6,198.25,0.0,0.0,21.0,986.25,NA
2026-08-30 19:00:00,42.0,102.0,4.7,5.83,6.93,20.53,13.28,1.09,16.63,0.1,2.0,NA,NA,NA,NA,30.1,64.0,1.6,205.75,0.0,0.0,5.75,988.5,NA
2026-08-30 20:00:00,39.0,143.0,6.33,8.53,9.65,20.78,13.35,1.09,17.53,0.18,9.75,NA,NA,NA,NA,29.75,69.25,1.6,167.0,0.0,0.0,5.0,989.0,NA
2026-08-30 21:00:00,38.0,162.0,8.2,13.33,13.78,18.63,12.8,1.09,17.15,0.2,4.43,NA,NA,NA,NA,29.6,71.25,1.6,147.25,0.0,0.0,5.0,989.0,NA
2026-08-30 22:00:00,44.0,188.0,8.25,14.0,14.15,17.15,12.63,1.09,16.73,0.23,4.9,NA,NA,NA,NA,29.35,73.25,1.6,185.0,0.0,0.0,5.25,989.0,NA
2026-08-30 23:00:00,53.0,157.0,7.08,11.9,12.08,16.85,12.7,1.09,16.05,0.15,3.53,NA,NA,NA,NA,29.65,70.75,0.95,218.25,0.0,0.0,5.25,989.0,NA
2026-08-31 00:00:00,55.0,147.0,6.1,9.35,9.95,16.93,12.55,1.09,16.55,0.1,2.15,NA,NA,NA,NA,29.3,73.25,0.3,242.75,0.0,0.0,5.0,989.25,NA
2026-08-31 01:00:00,73.0,156.0,5.28,7.7,8.4,18.4,12.93,1.09,15.45,0.1,2.1,NA,NA,NA,NA,28.83,76.5,0.3,263.0,0.0,0.0,5.0,990.0,NA
2026-08-31 02:00:00,46.0,73.0,5.45,6.43,7.85,19.33,13.18,1.09,16.2,0.1,2.18,NA,NA,NA,NA,28.38,78.75,0.3,271.5,0.0,0.0,5.0,990.5,NA
2026-08-31 03:00:00,57.0,92.0,5.18,6.18,7.5,18.88,13.08,1.09,16.93,0.1,2.25,NA,NA,NA,NA,28.05,80.25,0.3,265.5,0.0,0.0,5.0,991.0,NA
2026-08-31 04:00:00,66.0,103.0,5.35,5.98,7.5,19.08,13.05,1.09,15.13,0.08,1.63,NA,NA,NA,NA,27.93,76.25,1.48,249.75,0.0,0.0,5.0,991.0,NA
2026-08-31 05:00:00,58.0,90.0,5.03,5.73,7.13,19.45,12.77,1.09,16.5,0.1,2.35,NA,NA,NA,NA,27.58,76.25,1.6,253.5,0.0,0.0,5.0,991.0,NA
2026-08-31 06:00:00,30.0,73.0,4.68,5.93,6.95,19.1,12.73,1.09,16.13,0.05,1.35,NA,NA,NA,NA,27.53,76.0,0.43,254.25,0.0,0.0,12.25,991.0,NA
2026-08-31 07:00:00,25.0,74.0,4.88,5.83,7.08,18.68,12.95,1.09,15.7,0.08,0.85,NA,NA,NA,NA,27.98,71.75,0.95,261.0,0.0,0.0,44.25,990.5,NA
2026-08-31 08:00:00,20.0,69.0,5.2,5.2,7.03,19.53,12.9,1.09,16.08,0.03,0.6,NA,NA,NA,NA,28.78,67.5,1.13,243.5,0.0,0.0,106.75,989.0,NA
2026-08-31 09:00:00,22.0,80.0,5.58,4.5,6.9,20.35,12.9,1.09,16.23,0.0,0.63,NA,NA,NA,NA,31.25,58.0,1.18,242.0,0.0,0.0,370.25,982.5,NA
2026-08-31 10:00:00,30.0,79.0,5.3,4.9,6.9,19.4,12.85,1.09,16.78,0.0,0.48,NA,NA,NA,NA,32.03,54.25,1.15,230.25,0.0,0.0,268.75,981.0,NA
2026-08-31 11:00:00,19.0,111.0,NA,NA,NA,NA,NA,NA,17.18,0.1,0.75,NA,NA,NA,NA,32.63,53.0,1.15,226.0,0.0,0.0,390.25,979.75,NA
2026-08-31 12:00:00,51.0,144.0,5.8,3.0,6.3,24.0,16.0,0.83,16.37,0.08,1.9,NA,NA,NA,NA,34.9,46.25,1.2,210.25,0.0,0.0,577.0,973.25,NA
2026-08-31 13:00:00,NA,NA,NA,NA,NA,NA,NA,NA,NA,NA,NA,NA,NA,NA,NA,NA,NA,NA,NA,NA,NA,NA,NA,NA
2026-08-31 14:00:00,NA,NA,NA,NA,NA,NA,NA,NA,NA,NA,NA,NA,NA,NA,NA,NA,NA,NA,NA,NA,NA,NA,NA,NA
2026-08-31 15:00:00,51.0,144.0,NA,NA,0.0,NA,NA,0.0,11.3,NA,NA,NA,NA,NA,NA,34.4,48.0,0.7,248.0,0.0,0.0,294.0,976.0,NA
2026-08-31 16:00:00,NA,NA,3.35,3.8,4.73,14.6,7.7,0.0,23.6,1.57,1.47,NA,NA,NA,NA,32.8,52.25,1.15,192.75,0.0,0.0,109.5,980.75,NA
2026-08-31 17:00:00,NA,67.0,4.38,5.33,6.38,19.42,7.53,1.21,42.7,0.0,0.73,NA,NA,NA,NA,31.85,56.25,1.4,154.75,0.0,0.0,51.25,984.0,NA
2026-08-31 18:00:00,31.0,96.0,4.75,5.73,6.9,26.73,7.48,1.22,18.35,0.0,2.13,NA,NA,NA,NA,30.9,61.0,1.6,274.0,0.0,0.0,19.5,986.75,NA
2026-08-31 19:00:00,61.0,136.0,4.2,6.38,6.8,25.8,7.2,1.22,16.83,0.1,5.08,NA,NA,NA,NA,29.78,67.25,1.6,276.0,0.0,0.0,5.25,988.75,NA
2026-08-31 20:00:00,48.0,129.0,4.8,6.7,7.48,23.08,7.45,1.21,16.18,0.2,7.95,NA,NA,NA,NA,29.38,70.75,1.6,279.0,0.0,0.0,5.0,989.0,NA
2026-08-31 21:00:00,63.0,163.0,8.53,6.83,10.53,22.0,7.63,1.21,15.88,0.4,32.05,NA,NA,NA,NA,29.15,73.0,1.6,194.25,0.0,0.0,5.25,989.75,NA
2026-08-31 22:00:00,47.0,118.0,11.38,19.75,19.75,20.98,7.5,1.2,15.65,0.25,17.48,NA,NA,NA,NA,28.78,75.0,1.6,176.5,0.0,0.0,5.0,990.0,NA
2026-08-31 23:00:00,38.0,140.0,8.23,13.9,14.08,21.05,7.53,1.18,16.0,0.2,26.8,NA,NA,NA,NA,28.75,74.0,1.6,222.0,0.0,0.0,5.0,990.0,NA
