Timestamp,PM2.5 (µg/m³),PM10 (µg/m³),NO (µg/m³),NO2 (µg/m³),NOx (ppb),NH3 (µg/m³),SO2 (µg/m³),CO (mg/m³),Ozone (µg/m³),Benzene (µg/m³),Toluene (µg/m³),Xylene (µg/m³),O Xylene (µg/m³),Eth-Benzene (µg/m³),MP-Xylene (µg/m³),AT (°C),RH (%),WS (m/s),WD (deg),RF (mm),TOT-RF (mm),SR (W/mt2),BP (mmHg),VWS (m/s)
2026-01-01 00:00:00,57.25,123.5,62.75,NA,118.0,43.75,6.75,1.0,3.75,NA,NA,NA,NA,NA,NA,NA,NA,NA,NA,NA,NA,NA,NA,NA
2026-01-01 01:00:00,74.0,151.75,55.75,NA,110.75,38.75,5.25,1.0,3.25,NA,NA,NA,NA,NA,NA,NA,NA,NA,NA,NA,NA,NA,NA,NA
2026-01-01 02:00:00,83.0,155.75,39.5,83.0,88.75,27.5,4.5,1.0,3.25,NA,NA,NA,NA,NA,NA,NA,NA,NA,NA,NA,NA,NA,NA,NA
2026-01-01 03:00:00,82.75,153.25,28.25,82.0,72.25,19.75,4.0,1.0,6.25,NA,NA,NA,NA,NA,NA,NA,NA,NA,NA,NA,NA,NA,NA,NA
2026-01-01 04:00:00,87.0,157.25,29.0,84.25,74.75,20.25,4.5,1.0,6.25,NA,NA,NA,NA,NA,NA,NA,NA,NA,NA,NA,NA,NA,NA,NA
2026-01-01 05:00:00,89.0,163.25,25.5,76.5,66.5,17.5,5.75,1.0,6.0,NA,NA,NA,NA,NA,NA,NA,NA,NA,NA,NA,NA,NA,NA,NA
2026-01-01 06:00:00,NA,155.25,28.0,60.5,61.0,19.5,5.25,0.0,NA,NA,NA,NA,NA,NA,NA,NA,NA,NA,NA,NA,NA,NA,NA,NA
2026-01-01 07:00:00,68.0,112.0,27.5,65.25,62.25,19.25,5.0,0.25,NA,NA,NA,NA,NA,NA,NA,NA,NA,NA,NA,NA,NA,NA,NA,NA
2026-01-01 08:00:00,53.75,77.0,26.25,64.0,60.75,18.5,6.0,0.5,NA,NA,NA,NA,NA,NA,NA,NA,NA,NA,NA,NA,NA,NA,NA,NA
2026-01-01 09:00:00,42.75,59.25,76.25,77.67,121.25,53.5,6.0,1.0,2.0,NA,NA,NA,NA,NA,NA,NA,NA,NA,NA,NA,NA,NA,NA,NA
2026-01-01 10:00:00,44.5,96.75,63.25,83.0,111.75,44.0,6.25,1.0,6.75,NA,NA,NA,NA,NA,NA,NA,NA,NA,NA,NA,NA,NA,NA,NA
2026-01-01 11:00:00,43.25,123.5,15.5,58.5,47.75,10.75,6.25,0.5,14.5,NA,NA,NA,NA,NA,NA,NA,NA,NA,NA,NA,NA,NA,NA,NA
2026-01-01 12:00:00,41.25,104.75,10.5,56.5,41.0,7.0,6.25,0.25,36.0,NA,NA,NA,NA,NA,NA,NA,NA,NA,NA,NA,NA,NA,NA,NA
2026-01-01 13:00:00,38.25,83.75,5.75,50.5,32.75,3.75,6.0,0.0,52.0,NA,NA,NA,NA,NA,NA,NA,NA,NA,NA,NA,NA,NA,NA,NA
2026-01-01 14:00:00,31.0,67.0,11.5,48.25,37.5,8.0,5.5,0.25,47.5,NA,NA,NA,NA,NA,NA,NA,NA,NA,NA,NA,NA,NA,NA,NA
2026-01-01 15:00:00,30.75,52.25,13.25,47.25,39.0,9.25,5.25,0.25,42.75,NA,NA,NA,NA,NA,NA,NA,NA,NA,NA,NA,NA,NA,NA,NA
2026-01-01 16:00:00,25.25,55.5,31.5,62.0,65.25,21.75,5.25,1.0,28.75,NA,NA,NA,NA,NA,NA,NA,NA,NA,NA,NA,NA,NA,NA,NA
2026-01-01 17:00:00,24.0,57.5,43.25,63.75,78.5,30.25,5.25,0.67,15.25,NA,NA,NA,NA,NA,NA,NA,NA,NA,NA,NA,NA,NA,NA,NA
2026-01-01 18:00:00,24.25,55.75,45.25,63.0,79.75,31.5,5.25,1.0,8.0,NA,NA,NA,NA,NA,NA,NA,NA,NA,NA,NA,NA,NA,NA,NA
2026-01-01 19:00:00,21.25,62.0,26.0,66.5,61.5,18.0,3.75,1.0,6.5,NA,NA,NA,NA,NA,NA,NA,NA,NA,NA,NA,NA,NA,NA,NA
2026-01-01 20:00:00,27.0,67.25,45.5,71.75,84.0,31.5,4.25,1.0,3.25,NA,NA,NA,NA,NA,NA,NA,NA,NA,NA,NA,NA,NA,NA,NA
2026-01-01 21:00:00,33.25,70.0,50.0,75.0,90.5,34.75,4.25,1.0,1.5,NA,NA,NA,NA,NA,NA,NA,NA,NA,NA,NA,NA,NA,NA,NA
2026-01-01 22:00:00,37.0,82.75,51.75,75.0,92.0,36.25,5.75,1.0,1.25,NA,NA,NA,NA,NA,NA,NA,NA,NA,NA,NA,NA,NA,NA,NA
2026-01-01 23:00:00,38.67,93.33,62.33,75.33,102.33,43.33,6.33,0.67,1.0,NA,NA,NA,NA,NA,NA,NA,NA,NA,NA,NA,NA,NA,NA,NA
2026-01-02 00:00:00,43.0,110.0,89.0,74.25,129.0,62.25,5.0,1.0,1.5,NA,NA,NA,NA,NA,NA,NA,NA,NA,NA,NA,NA,NA,NA,NA
2026-01-02 01:00:00,53.75,119.5,89.5,70.0,127.0,62.75,4.75,1.0,1.5,NA,NA,NA,NA,NA,NA,NA,NA,NA,NA,NA,NA,NA,NA,NA
2026-01-02 02:00:00,54.5,133.5,108.5,68.0,144.75,76.0,5.5,1.0,1.5,NA,NA,NA,NA,NA,NA,NA,NA,NA,NA,NA,NA,NA,NA,NA
2026-01-02 03:00:00,55.0,137.5,97.25,56.5,127.5,67.75,5.75,1.0,1.0,NA,NA,NA,NA,NA,NA,NA,NA,NA,NA,NA,NA,NA,NA,NA
2026-01-02 04:00:00,55.25,131.5,85.75,56.25,115.75,60.0,5.75,0.75,NA,NA,NA,NA,NA,NA,NA,NA,NA,NA,NA,NA,NA,NA,NA,NA
2026-01-02 05:00:00,54.25,124.0,73.0,53.75,101.75,51.0,6.5,0.0,NA,NA,NA,NA,NA,NA,NA,NA,NA,NA,NA,NA,NA,NA,NA,NA
2026-01-02 06:00:00,56.75,120.5,107.0,55.5,136.75,74.75,8.75,0.5,NA,NA,NA,NA,NA,NA,NA,NA,NA,NA,NA,NA,NA,NA,NA,NA
2026-01-02 07:00:00,64.25,127.5,141.25,59.0,173.0,98.75,8.0,1.0,NA,NA,NA,NA,NA,NA,NA,NA,NA,NA,NA,NA,NA,NA,NA,NA
2026-01-02 08:00:00,68.5,149.75,140.5,78.0,186.5,98.25,7.25,NA,1.0,NA,NA,NA,NA,NA,NA,NA,NA,NA,NA,NA,NA,NA,NA,NA
2026-01-02 09:00:00,80.0,182.25,133.0,NA,187.25,93.25,6.75,NA,5.25,NA,NA,NA,NA,NA,NA,NA,NA,NA,NA,NA,NA,NA,NA,NA
2026-01-02 10:00:00,87.0,197.0,93.5,NA,146.0,65.25,6.25,NA,6.25,NA,NA,NA,NA,NA,NA,NA,NA,NA,NA,NA,NA,NA,NA,NA
2026-01-02 11:00:00,85.25,188.0,69.75,82.0,124.75,48.75,5.5,1.0,13.75,NA,NA,NA,NA,NA,NA,NA,NA,NA,NA,NA,NA,NA,NA,NA
2026-01-02 12:00:00,75.75,164.25,11.0,74.5,51.5,7.75,4.75,1.0,57.0,NA,NA,NA,NA,NA,NA,NA,NA,NA,NA,NA,NA,NA,NA,NA
2026-01-02 13:00:00,73.25,148.5,9.25,72.67,50.5,6.25,4.75,1.0,62.0,NA,NA,NA,NA,NA,NA,NA,NA,NA,NA,NA,NA,NA,NA,NA
2026-01-02 14:00:00,72.0,137.25,10.75,65.25,46.75,7.5,4.5,0.5,63.0,NA,NA,NA,NA,NA,NA,NA,NA,NA,NA,NA,NA,NA,NA,NA
2026-01-02 15:00:00,72.5,132.0,28.75,NA,79.5,20.25,4.25,1.0,46.0,NA,NA,NA,NA,NA,NA,NA,NA,NA,NA,NA,NA,NA,NA,NA
2026-01-02 16:00:00,68.25,128.75,29.25,81.0,81.0,20.75,3.0,1.0,46.5,NA,NA,NA,NA,NA,NA,NA,NA,NA,NA,NA,NA,NA,NA,NA
2026-01-02 17:00:00,70.0,132.0,16.5,84.0,68.0,11.25,3.25,1.0,56.25,NA,NA,NA,NA,NA,NA,NA,NA,NA,NA,NA,NA,NA,NA,NA
2026-01-02 18:00:00,74.75,135.5,14.0,NA,74.5,10.0,3.25,1.0,57.5,NA,NA,NA,NA,NA,NA,NA,NA,NA,NA,NA,NA,NA,NA,NA
2026-01-02 19:00:00,76.5,134.0,23.5,NA,89.75,16.5,5.25,1.0,30.25,NA,NA,NA,NA,NA,NA,NA,NA,NA,NA,NA,NA,NA,NA,NA
2026-01-02 20:00:00,70.0,133.0,40.75,NA,106.0,28.75,4.0,1.0,13.0,NA,NA,NA,NA,NA,NA,NA,NA,NA,NA,NA,NA,NA,NA,NA
2026-01-02 21:00:00,71.25,133.0,54.75,NA,119.0,38.25,5.25,1.0,7.75,NA,NA,NA,NA,NA,NA,NA,NA,NA,NA,NA,NA,NA,NA,NA
2026-01-02 22:00:00,69.0,139.25,45.0,NA,102.75,31.25,5.5,0.75,5.0,NA,NA,NA,NA,NA,NA,NA,NA,NA,NA,NA,NA,NA,NA,NA
2026-01-02 23:00:00,69.33,141.33,107.67,NA,147.67,61.0,5.0,1.0,3.0,NA,NA,NA,NA,NA,NA,NA,NA,NA,NA,NA,NA,NA,NA,NA
2026-01-03 00:00:00,67.5,154.25,96.75,NA,154.75,67.75,4.5,1.0,2.5,NA,NA,NA,NA,NA,NA,NA,NA,NA,NA,NA,NA,NA,NA,NA
2026-01-03 01:00:00,72.75,163.5,85.5,87.0,133.5,59.75,4.5,1.0,2.5,NA,NA,NA,NA,NA,NA,NA,NA,NA,NA,NA,NA,NA,NA,NA
2026-01-03 02:00:00,75.25,169.25,116.0,86.5,163.75,80.75,5.25,1.0,2.75,NA,NA,NA,NA,NA,NA,NA,NA,NA,NA,NA,NA,NA,NA,NA
2026-01-03 03:00:00,75.0,176.0,85.75,80.75,129.5,59.75,4.75,0.25,2.0,NA,NA,NA,NA,NA,NA,NA,NA,NA,NA,NA,NA,NA,NA,NA
2026-01-03 04:00:00,70.0,165.5,70.25,70.25,107.5,48.75,4.75,0.0,2.0,NA,NA,NA,NA,NA,NA,NA,NA,NA,NA,NA,NA,NA,NA,NA
2026-01-03 05:00:00,68.0,147.5,99.25,73.25,139.25,69.5,5.25,0.25,2.75,NA,NA,NA,NA,NA,NA,NA,NA,NA,NA,NA,NA,NA,NA,NA
2026-01-03 06:00:00,66.0,135.0,73.0,66.5,109.25,51.0,6.5,0.0,4.0,NA,NA,NA,NA,NA,NA,NA,NA,NA,NA,NA,NA,NA,NA,NA
2026-01-03 07:00:00,65.0,138.25,82.75,65.25,118.25,58.0,8.0,0.25,3.5,NA,NA,NA,NA,NA,NA,NA,NA,NA,NA,NA,NA,NA,NA,NA
2026-01-03 08:00:00,63.5,144.5,130.0,66.0,166.25,90.75,10.5,1.0,4.25,NA,NA,NA,NA,NA,NA,NA,NA,NA,NA,NA,NA,NA,NA,NA
2026-01-03 09:00:00,69.0,158.5,116.25,80.33,163.25,81.25,10.75,NA,5.25,NA,NA,NA,NA,NA,NA,NA,NA,NA,NA,NA,NA,NA,NA,NA
2026-01-03 10:00:00,73.5,171.0,92.0,NA,143.75,64.5,10.25,NA,6.25,NA,NA,NA,NA,NA,NA,NA,NA,NA,NA,NA,NA,NA,NA,NA
2026-01-03 11:00:00,73.25,171.25,81.75,NA,136.25,57.0,10.75,1.0,7.0,NA,NA,NA,NA,NA,NA,NA,NA,NA,NA,NA,NA,NA,NA,NA
2026-01-03 12:00:00,70.75,168.0,14.0,69.75,51.5,9.5,8.25,1.0,37.5,NA,NA,NA,NA,NA,NA,NA,NA,NA,NA,NA,NA,NA,NA,NA
2026-01-03 13:00:00,65.0,152.5,19.25,69.75,59.0,13.75,8.25,1.0,48.25,NA,NA,NA,NA,NA,NA,NA,NA,NA,NA,NA,NA,NA,NA,NA
2026-01-03 14:00:00,68.5,141.25,33.5,70.0,79.25,23.25,7.75,1.0,43.75,NA,NA,NA,NA,NA,NA,NA,NA,NA,NA,NA,NA,NA,NA,NA
2026-01-03 15:00:00,68.25,128.75,22.75,66.0,65.5,15.75,6.75,1.0,56.75,NA,NA,NA,NA,NA,NA,NA,NA,NA,NA,NA,NA,NA,NA,NA
2026-01-03 16:00:00,69.0,124.75,36.0,NA,87.5,25.25,6.5,1.0,42.0,NA,NA,NA,NA,NA,NA,NA,NA,NA,NA,NA,NA,NA,NA,NA
2026-01-03 17:00:00,68.75,122.25,34.25,NA,94.25,24.0,7.0,1.0,32.5,NA,NA,NA,NA,NA,NA,NA,NA,NA,NA,NA,NA,NA,NA,NA
2026-01-03 18:00:00,69.33,127.0,29.0,NA,69.5,20.33,7.0,0.67,21.0,NA,NA,NA,NA,NA,NA,NA,NA,NA,NA,NA,NA,NA,NA,NA
2026-01-03 19:00:00,76.75,140.75,26.5,NA,91.5,18.5,6.5,1.0,20.0,NA,NA,NA,NA,NA,NA,NA,NA,NA,NA,NA,NA,NA,NA,NA
2026-01-03 20:00:00,81.5,156.0,38.75,NA,99.5,27.0,6.5,NA,7.25,NA,NA,NA,NA,NA,NA,NA,NA,NA,NA,NA,NA,NA,NA,NA
2026-01-03 21:00:00,82.0,182.5,73.75,NA,132.0,51.25,9.75,NA,5.75,NA,NA,NA,NA,NA,NA,NA,NA,NA,NA,NA,NA,NA,NA,NA
2026-01-03 22:00:00,NA,197.0,61.5,NA,114.5,42.75,8.0,NA,5.75,NA,NA,NA,NA,NA,NA,NA,NA,NA,NA,NA,NA,NA,NA,NA
2026-01-03 23:00:00,NA,203.33,84.0,NA,120.67,47.67,7.67,NA,5.0,NA,NA,NA,NA,NA,NA,NA,NA,NA,NA,NA,NA,NA,NA,NA
2026-01-04 00:00:00,NA,202.5,74.0,87.5,123.5,51.75,7.25,1.0,4.25,NA,NA,NA,NA,NA,NA,NA,NA,NA,NA,NA,NA,NA,NA,NA
2026-01-04 01:00:00,NA,214.25,57.0,82.75,101.25,39.75,7.75,1.0,3.25,NA,NA,NA,NA,NA,NA,NA,NA,NA,NA,NA,NA,NA,NA,NA
2026-01-04 02:00:00,NA,211.5,37.5,77.0,78.75,26.25,7.75,1.0,3.5,NA,NA,NA,NA,NA,NA,NA,NA,NA,NA,NA,NA,NA,NA,NA
2026-01-04 03:00:00,NA,199.0,59.25,74.25,99.25,41.25,8.0,1.0,2.75,NA,NA,NA,NA,NA,NA,NA,NA,NA,NA,NA,NA,NA,NA,NA
2026-01-04 04:00:00,NA,188.25,53.5,71.0,91.5,37.5,8.0,1.0,2.75,NA,NA,NA,NA,NA,NA,NA,NA,NA,NA,NA,NA,NA,NA,NA
2026-01-04 05:00:00,NA,194.0,110.75,65.5,146.25,77.5,8.5,1.0,2.75,NA,NA,NA,NA,NA,NA,NA,NA,NA,NA,NA,NA,NA,NA,NA
2026-01-04 06:00:00,NA,203.0,150.0,60.75,182.5,104.75,10.0,1.0,2.0,NA,NA,NA,NA,NA,NA,NA,NA,NA,NA,NA,NA,NA,NA,NA
2026-01-04 07:00:00,NA,203.0,176.5,69.0,213.75,123.5,10.75,NA,NA,NA,NA,NA,NA,NA,NA,NA,NA,NA,NA,NA,NA,NA,NA,NA
2026-01-04 08:00:00,NA,207.75,155.25,61.0,199.0,108.25,7.25,NA,2.0,NA,NA,NA,NA,NA,NA,NA,NA,NA,NA,NA,NA,NA,NA,NA
2026-01-04 09:00:00,NA,230.25,120.5,NA,179.0,84.0,6.5,NA,6.5,NA,NA,NA,NA,NA,NA,NA,NA,NA,NA,NA,NA,NA,NA,NA
2026-01-04 10:00:00,NA,221.75,67.0,NA,118.5,46.75,5.0,NA,10.25,NA,NA,NA,NA,NA,NA,NA,NA,NA,NA,NA,NA,NA,NA,NA
2026-01-04 11:00:00,NA,202.25,47.25,NA,95.5,33.0,5.25,1.0,13.75,NA,NA,NA,NA,NA,NA,NA,NA,NA,NA,NA,NA,NA,NA,NA
2026-01-04 12:00:00,NA,176.25,31.5,69.0,75.5,22.0,5.75,1.0,30.25,NA,NA,NA,NA,NA,NA,NA,NA,NA,NA,NA,NA,NA,NA,NA
2026-01-04 13:00:00,NA,163.5,18.75,58.0,57.75,13.0,4.0,1.0,59.0,NA,NA,NA,NA,NA,NA,NA,NA,NA,NA,NA,NA,NA,NA,NA
2026-01-04 14:00:00,NA,160.5,17.75,65.0,52.75,12.25,3.25,1.0,56.25,NA,NA,NA,NA,NA,NA,NA,NA,NA,NA,NA,NA,NA,NA,NA
2026-01-04 15:00:00,NA,156.5,20.0,73.5,61.0,13.5,2.0,1.0,57.0,NA,NA,NA,NA,NA,NA,NA,NA,NA,NA,NA,NA,NA,NA,NA
2026-01-04 16:00:00,NA,NA,NA,NA,NA,NA,NA,NA,NA,NA,NA,NA,NA,NA,NA,NA,NA,NA,NA,NA,NA,NA,NA,NA
2026-01-04 17:00:00,NA,NA,NA,NA,NA,NA,NA,NA,NA,NA,NA,NA,NA,NA,NA,NA,NA,NA,NA,NA,NA,NA,NA,NA
2026-01-04 18:00:00,NA,NA,NA,NA,NA,NA,NA,NA,NA,NA,NA,NA,NA,NA,NA,NA,NA,NA,NA,NA,NA,NA,NA,NA
2026-01-04 19:00:00,NA,NA,NA,NA,NA,NA,NA,NA,NA,NA,NA,NA,NA,NA,NA,NA,NA,NA,NA,NA,NA,NA,NA,NA
2026-01-04 20:00:00,NA,NA,NA,NA,NA,NA,NA,NA,NA,NA,NA,NA,NA,NA,NA,NA,NA,NA,NA,NA,NA,NA,NA,NA
2026-01-04 21:00:00,NA,NA,NA,NA,NA,NA,NA,NA,NA,NA,NA,NA,NA,NA,NA,NA,NA,NA,NA,NA,NA,NA,NA,NA
2026-01-04 22:00:00,NA,NA,NA,NA,NA,NA,NA,NA,NA,NA,NA,NA,NA,NA,NA,NA,NA,NA,NA,NA,NA,NA,NA,NA
2026-01-04 23:00:00,NA,NA,NA,NA,NA,NA,NA,NA,NA,NA,NA,NA,NA,NA,NA,NA,NA,NA,NA,NA,NA,NA,NA,NA
2026-01-05 00:00:00,NA,NA,NA,NA,NA,NA,NA,NA,NA,NA,NA,NA,NA,NA,NA,NA,NA,NA,NA,NA,NA,NA,NA,NA
2026-01-05 01:00:00,NA,NA,NA,NA,NA,NA,NA,NA,NA,NA,NA,NA,NA,NA,NA,NA,NA,NA,NA,NA,NA,NA,NA,NA
2026-01-05 02:00:00,NA,NA,NA,NA,NA,NA,NA,NA,NA,NA,NA,NA,NA,NA,NA,NA,NA,NA,NA,NA,NA,NA,NA,NA
2026-01-05 03:00:00,NA,NA,NA,NA,NA,NA,NA,NA,NA,NA,NA,NA,NA,NA,NA,NA,NA,NA,NA,NA,NA,NA,NA,NA
2026-01-05 04:00:00,NA,NA,NA,NA,NA,NA,NA,NA,NA,NA,NA,NA,NA,NA,NA,NA,NA,NA,NA,NA,NA,NA,NA,NA
2026-01-05 05:00:00,NA,NA,NA,NA,NA,NA,NA,NA,NA,NA,NA,NA,NA,NA,NA,NA,NA,NA,NA,NA,NA,NA,NA,NA
2026-01-05 06:00:00,NA,NA,NA,NA,NA,NA,NA,NA,NA,NA,NA,NA,NA,NA,NA,NA,NA,NA,NA,NA,NA,NA,NA,NA
2026-01-05 07:00:00,NA,NA,NA,NA,NA,NA,NA,NA,NA,NA,NA,NA,NA,NA,NA,NA,NA,NA,NA,NA,NA,NA,NA,NA
2026-01-05 08:00:00,NA,NA,NA,NA,NA,NA,NA,NA,NA,NA,NA,NA,NA,NA,NA,NA,NA,NA,NA,NA,NA,NA,NA,NA
2026-01-05 09:00:00,NA,NA,NA,NA,NA,NA,NA,NA,NA,NA,NA,NA,NA,NA,NA,NA,NA,NA,NA,NA,NA,NA,NA,NA
2026-01-05 10:00:00,NA,NA,NA,NA,NA,NA,NA,NA,NA,NA,NA,NA,NA,NA,NA,NA,NA,NA,NA,NA,NA,NA,NA,NA
2026-01-05 11:00:00,NA,NA,NA,NA,NA,NA,NA,NA,NA,NA,NA,NA,NA,NA,NA,NA,NA,NA,NA,NA,NA,NA,NA,NA
2026-01-05 12:00:00,NA,NA,NA,NA,NA,NA,NA,NA,NA,NA,NA,NA,NA,NA,NA,NA,NA,NA,NA,NA,NA,NA,NA,NA
2026-01-05 13:00:00,NA,NA,NA,NA,NA,NA,NA,NA,NA,NA,NA,NA,NA,NA,NA,NA,NA,NA,NA,NA,NA,NA,NA,NA
2026-01-05 14:00:00,75.0,155.0,NA,NA,NA,NA,11.0,NA,NA,NA,NA,NA,NA,NA,NA,NA,NA,NA,NA,NA,NA,NA,NA,NA
2026-01-05 15:00:00,35.5,49.5,NA,NA,NA,NA,9.0,0.0,NA,NA,NA,NA,NA,NA,NA,NA,NA,NA,NA,NA,NA,NA,NA,NA
2026-01-05 16:00:00,65.0,94.0,NA,NA,NA,NA,6.25,0.0,60.33,NA,NA,NA,NA,NA,NA,NA,NA,NA,NA,NA,NA,NA,NA,NA
2026-01-05 17:00:00,72.75,115.0,NA,NA,0.0,NA,5.5,0.0,40.5,NA,NA,NA,NA,NA,NA,NA,NA,NA,NA,NA,NA,NA,NA,NA
2026-01-05 18:00:00,75.0,122.0,NA,NA,0.0,NA,7.25,1.0,55.5,NA,NA,NA,NA,NA,NA,NA,NA,NA,NA,NA,NA,NA,NA,NA
2026-01-05 19:00:00,83.25,138.75,NA,NA,0.0,NA,7.25,1.0,30.0,NA,NA,NA,NA,NA,NA,NA,NA,NA,NA,NA,NA,NA,NA,NA
2026-01-05 20:00:00,86.75,150.25,NA,NA,0.0,NA,7.25,1.0,19.0,NA,NA,NA,NA,NA,NA,NA,NA,NA,NA,NA,NA,NA,NA,NA
2026-01-05 21:00:00,88.0,150.75,NA,NA,0.0,NA,6.0,NA,4.75,NA,NA,NA,NA,NA,NA,NA,NA,NA,NA,NA,NA,NA,NA,NA
2026-01-05 22:00:00,87.0,158.5,NA,NA,NA,NA,9.5,NA,4.0,NA,NA,NA,NA,NA,NA,NA,NA,NA,NA,NA,NA,NA,NA,NA
2026-01-05 23:00:00,87.0,162.0,NA,NA,NA,NA,NA,0.5,4.33,NA,NA,NA,NA,NA,NA,NA,NA,NA,NA,NA,NA,NA,NA,NA
2026-01-06 00:00:00,NA,181.67,NA,NA,NA,NA,5.67,1.0,6.33,NA,NA,NA,NA,NA,NA,NA,NA,NA,NA,NA,NA,NA,NA,NA
2026-01-06 01:00:00,NA,189.75,NA,NA,NA,NA,6.0,1.0,5.25,NA,NA,NA,NA,NA,NA,NA,NA,NA,NA,NA,NA,NA,NA,NA
2026-01-06 02:00:00,NA,199.0,NA,NA,NA,NA,4.67,0.33,4.0,NA,NA,NA,NA,NA,NA,NA,NA,NA,NA,NA,NA,NA,NA,NA
2026-01-06 03:00:00,85.0,161.0,NA,NA,NA,NA,5.25,0.0,1.0,NA,NA,NA,NA,NA,NA,NA,NA,NA,NA,NA,NA,NA,NA,NA
2026-01-06 04:00:00,84.5,160.0,NA,NA,NA,NA,6.0,0.5,1.0,NA,NA,NA,NA,NA,NA,NA,NA,NA,NA,NA,NA,NA,NA,NA
2026-01-06 05:00:00,84.5,161.0,NA,NA,NA,NA,7.0,0.25,2.5,NA,NA,NA,NA,NA,NA,NA,NA,NA,NA,NA,NA,NA,NA,NA
2026-01-06 06:00:00,88.0,168.67,NA,NA,NA,NA,7.33,1.0,1.0,NA,NA,NA,NA,NA,NA,NA,NA,NA,NA,NA,NA,NA,NA,NA
2026-01-06 07:00:00,NA,176.75,NA,NA,NA,NA,11.75,1.0,2.75,NA,NA,NA,NA,NA,NA,NA,NA,NA,NA,NA,NA,NA,NA,NA
2026-01-06 08:00:00,NA,207.0,NA,NA,NA,NA,9.5,NA,4.75,NA,NA,NA,NA,NA,NA,NA,NA,NA,NA,NA,NA,NA,NA,NA
2026-01-06 09:00:00,NA,217.0,NA,NA,NA,NA,9.0,NA,7.0,NA,NA,NA,NA,NA,NA,NA,NA,NA,NA,NA,NA,NA,NA,NA
2026-01-06 10:00:00,NA,NA,NA,NA,NA,NA,NA,NA,NA,NA,NA,NA,NA,NA,NA,NA,NA,NA,NA,NA,NA,NA,NA,NA
2026-01-06 11:00:00,NA,NA,NA,NA,NA,NA,NA,NA,NA,NA,NA,NA,NA,NA,NA,NA,NA,NA,NA,NA,NA,NA,NA,NA
2026-01-06 12:00:00,NA,NA,NA,NA,NA,NA,NA,NA,NA,NA,NA,NA,NA,NA,NA,NA,NA,NA,NA,NA,NA,NA,NA,NA
2026-01-06 13:00:00,NA,NA,NA,NA,NA,NA,NA,NA,NA,NA,NA,NA,NA,NA,NA,NA,NA,NA,NA,NA,NA,NA,NA,NA
2026-01-06 14:00:00,NA,NA,NA,NA,NA,NA,NA,NA,NA,NA,NA,NA,NA,NA,NA,NA,NA,NA,NA,NA,NA,NA,NA,NA
2026-01-06 15:00:00,58.0,111.0,NA,10.0,4.0,NA,NA,0.0,NA,NA,NA,NA,NA,NA,NA,NA,NA,NA,NA,NA,NA,NA,NA,NA
2026-01-06 16:00:00,58.33,110.67,0.0,11.33,5.33,0.0,NA,0.0,NA,NA,NA,NA,NA,NA,NA,NA,NA,NA,NA,NA,NA,NA,NA,NA
2026-01-06 17:00:00,65.0,108.5,8.0,NA,65.5,5.5,14.0,0.0,NA,NA,NA,NA,NA,NA,NA,NA,NA,NA,NA,NA,NA,NA,NA,NA
2026-01-06 18:00:00,67.5,114.0,56.25,NA,138.25,39.0,3.0,1.0,35.25,NA,NA,NA,NA,NA,NA,NA,NA,NA,NA,NA,NA,NA,NA,NA
2026-01-06 19:00:00,78.0,129.25,35.5,NA,121.25,24.75,NA,NA,39.0,NA,NA,NA,NA,NA,NA,NA,NA,NA,NA,NA,NA,NA,NA,NA
2026-01-06 20:00:00,NA,NA,NA,NA,NA,NA,NA,NA,NA,NA,NA,NA,NA,NA,NA,NA,NA,NA,NA,NA,NA,NA,NA,NA
2026-01-06 21:00:00,NA,NA,NA,NA,NA,NA,NA,NA,NA,NA,NA,NA,NA,NA,NA,NA,NA,NA,NA,NA,NA,NA,NA,NA
2026-01-06 22:00:00,NA,NA,NA,NA,NA,NA,NA,NA,NA,NA,NA,NA,NA,NA,NA,NA,NA,NA,NA,NA,NA,NA,NA,NA
2026-01-06 23:00:00,NA,NA,NA,NA,NA,NA,NA,NA,NA,NA,NA,NA,NA,NA,NA,NA,NA,NA,NA,NA,NA,NA,NA,NA
2026-01-07 00:00:00,NA,NA,NA,NA,NA,NA,NA,NA,NA,NA,NA,NA,NA,NA,NA,NA,NA,NA,NA,NA,NA,NA,NA,NA
2026-01-07 01:00:00,NA,NA,NA,NA,NA,NA,NA,NA,NA,NA,NA,NA,NA,NA,NA,NA,NA,NA,NA,NA,NA,NA,NA,NA
2026-01-07 02:00:00,NA,NA,NA,NA,NA,NA,NA,NA,NA,NA,NA,NA,NA,NA,NA,NA,NA,NA,NA,NA,NA,NA,NA,NA
2026-01-07 03:00:00,NA,NA,NA,NA,NA,NA,NA,NA,NA,NA,NA,NA,NA,NA,NA,NA,NA,NA,NA,NA,NA,NA,NA,NA
2026-01-07 04:00:00,NA,NA,NA,NA,NA,NA,NA,NA,NA,NA,NA,NA,NA,NA,NA,NA,NA,NA,NA,NA,NA,NA,NA,NA
2026-01-07 05:00:00,NA,NA,NA,NA,NA,NA,NA,NA,NA,NA,NA,NA,NA,NA,NA,NA,NA,NA,NA,NA,NA,NA,NA,NA
2026-01-07 06:00:00,NA,NA,NA,NA,NA,NA,NA,NA,NA,NA,NA,NA,NA,NA,NA,NA,NA,NA,NA,NA,NA,NA,NA,NA
2026-01-07 07:00:00,NA,NA,NA,NA,NA,NA,NA,NA,NA,NA,NA,NA,NA,NA,NA,NA,NA,NA,NA,NA,NA,NA,NA,NA
2026-01-07 08:00:00,NA,188.67,144.0,NA,206.67,106.0,7.67,NA,4.5,NA,NA,NA,NA,NA,NA,NA,NA,NA,NA,NA,NA,NA,NA,NA
2026-01-07 09:00:00,NA,200.0,101.25,NA,168.0,70.75,7.75,NA,6.5,NA,NA,NA,NA,NA,NA,NA,NA,NA,NA,NA,NA,NA,NA,NA
2026-01-07 10:00:00,NA,212.0,112.5,NA,177.5,79.0,13.0,NA,8.0,NA,NA,NA,NA,NA,NA,NA,NA,NA,NA,NA,NA,NA,NA,NA
2026-01-07 11:00:00,NA,NA,NA,NA,NA,NA,NA,NA,NA,NA,NA,NA,NA,NA,NA,NA,NA,NA,NA,NA,NA,NA,NA,NA
2026-01-07 12:00:00,NA,NA,NA,NA,NA,NA,NA,NA,NA,NA,NA,NA,NA,NA,NA,NA,NA,NA,NA,NA,NA,NA,NA,NA
2026-01-07 13:00:00,NA,NA,NA,NA,NA,NA,NA,NA,NA,NA,NA,NA,NA,NA,NA,NA,NA,NA,NA,NA,NA,NA,NA,NA
2026-01-07 14:00:00,NA,NA,NA,NA,NA,NA,NA,NA,NA,NA,NA,NA,NA,NA,NA,NA,NA,NA,NA,NA,NA,NA,NA,NA
2026-01-07 15:00:00,NA,NA,NA,NA,NA,NA,NA,NA,NA,NA,NA,NA,NA,NA,NA,NA,NA,NA,NA,NA,NA,NA,NA,NA
2026-01-07 16:00:00,NA,NA,NA,NA,NA,NA,NA,NA,NA,NA,NA,NA,NA,NA,NA,NA,NA,NA,NA,NA,NA,NA,NA,NA
2026-01-07 17:00:00,NA,NA,NA,NA,NA,NA,NA,NA,NA,NA,NA,NA,NA,NA,NA,NA,NA,NA,NA,NA,NA,NA,NA,NA
2026-01-07 18:00:00,NA,NA,NA,NA,NA,NA,NA,NA,NA,NA,NA,NA,NA,NA,NA,NA,NA,NA,NA,NA,NA,NA,NA,NA
2026-01-07 19:00:00,74.0,135.0,20.33,NA,99.33,13.67,4.0,1.0,30.33,NA,NA,NA,NA,NA,NA,NA,NA,NA,NA,NA,NA,NA,NA,NA
2026-01-07 20:00:00,NA,140.0,32.0,NA,116.0,22.0,7.0,NA,16.0,NA,NA,NA,NA,NA,NA,NA,NA,NA,NA,NA,NA,NA,NA,NA
2026-01-07 21:00:00,81.33,152.33,123.33,NA,193.67,85.67,9.0,NA,5.67,NA,NA,NA,NA,NA,NA,NA,NA,NA,NA,NA,NA,NA,NA,NA
2026-01-07 22:00:00,84.25,169.0,229.0,NA,299.25,160.25,13.0,NA,4.75,NA,NA,NA,NA,NA,NA,NA,NA,NA,NA,NA,NA,NA,NA,NA
2026-01-07 23:00:00,88.0,179.0,199.0,NA,269.0,139.0,16.0,NA,7.0,NA,NA,NA,NA,NA,NA,NA,NA,NA,NA,NA,NA,NA,NA,NA
2026-01-08 00:00:00,NA,NA,NA,NA,NA,NA,NA,NA,NA,NA,NA,NA,NA,NA,NA,NA,NA,NA,NA,NA,NA,NA,NA,NA
2026-01-08 01:00:00,NA,203.25,NA,NA,186.75,90.75,18.25,NA,4.75,NA,NA,NA,NA,NA,NA,NA,NA,NA,NA,NA,NA,NA,NA,NA
2026-01-08 02:00:00,NA,NA,NA,NA,NA,NA,NA,NA,NA,NA,NA,NA,NA,NA,NA,NA,NA,NA,NA,NA,NA,NA,NA,NA
2026-01-08 03:00:00,NA,NA,NA,NA,NA,NA,NA,NA,NA,NA,NA,NA,NA,NA,NA,NA,NA,NA,NA,NA,NA,NA,NA,NA
2026-01-08 04:00:00,NA,NA,NA,NA,NA,NA,NA,NA,NA,NA,NA,NA,NA,NA,NA,NA,NA,NA,NA,NA,NA,NA,NA,NA
2026-01-08 05:00:00,NA,NA,NA,NA,NA,NA,NA,NA,NA,NA,NA,NA,NA,NA,NA,NA,NA,NA,NA,NA,NA,NA,NA,NA
2026-01-08 06:00:00,NA,NA,NA,NA,NA,NA,NA,NA,NA,NA,NA,NA,NA,NA,NA,NA,NA,NA,NA,NA,NA,NA,NA,NA
2026-01-08 07:00:00,NA,NA,NA,NA,NA,NA,NA,NA,NA,NA,NA,NA,NA,NA,NA,NA,NA,NA,NA,NA,NA,NA,NA,NA
2026-01-08 08:00:00,NA,NA,NA,NA,NA,NA,NA,NA,NA,NA,NA,NA,NA,NA,NA,NA,NA,NA,NA,NA,NA,NA,NA,NA
2026-01-08 09:00:00,NA,NA,NA,NA,NA,NA,NA,NA,NA,NA,NA,NA,NA,NA,NA,NA,NA,NA,NA,NA,NA,NA,NA,NA
2026-01-08 10:00:00,75.25,174.25,NA,NA,200.0,95.67,30.0,NA,7.5,NA,NA,NA,NA,NA,NA,NA,NA,NA,NA,NA,NA,NA,NA,NA
2026-01-08 11:00:00,73.25,155.75,NA,NA,NA,NA,29.5,1.0,16.25,NA,NA,NA,NA,NA,NA,NA,NA,NA,NA,NA,NA,NA,NA,NA
2026-01-08 12:00:00,68.5,133.0,NA,NA,NA,NA,27.75,0.0,47.25,NA,NA,NA,NA,NA,NA,NA,NA,NA,NA,NA,NA,NA,NA,NA
2026-01-08 13:00:00,53.5,102.25,NA,NA,NA,NA,24.5,0.25,66.0,NA,NA,NA,NA,NA,NA,NA,NA,NA,NA,NA,NA,NA,NA,NA
2026-01-08 14:00:00,50.25,93.75,NA,NA,NA,NA,20.0,0.25,NA,NA,NA,NA,NA,NA,NA,NA,NA,NA,NA,NA,NA,NA,NA,NA
2026-01-08 15:00:00,46.5,83.0,NA,NA,NA,NA,16.5,0.75,NA,NA,NA,NA,NA,NA,NA,NA,NA,NA,NA,NA,NA,NA,NA,NA
2026-01-08 16:00:00,49.5,82.5,NA,NA,NA,NA,14.0,1.0,42.0,0.0,0.0,NA,0.0,0.0,0.0,NA,NA,NA,NA,0.0,0.0,NA,NA,NA
2026-01-08 17:00:00,46.5,82.5,97.0,NA,179.0,NA,10.75,1.0,21.0,0.0,0.0,NA,0.0,0.0,0.0,NA,NA,NA,NA,0.0,0.0,NA,NA,NA
2026-01-08 18:00:00,46.75,91.25,68.75,NA,145.5,48.25,8.25,NA,19.5,0.0,0.0,NA,0.0,0.0,0.0,NA,NA,NA,NA,0.0,0.0,NA,NA,NA
2026-01-08 19:00:00,44.25,108.0,49.75,NA,127.5,34.75,9.5,1.0,19.5,0.0,0.0,NA,0.0,0.0,0.0,NA,NA,NA,NA,0.0,0.0,NA,NA,NA
2026-01-08 20:00:00,49.25,119.75,76.0,NA,163.75,53.25,9.5,NA,7.5,0.0,0.0,NA,0.0,0.0,0.0,NA,NA,NA,NA,0.0,0.0,NA,NA,NA
2026-01-08 21:00:00,56.75,129.0,97.75,NA,173.75,68.0,10.75,NA,5.5,0.0,0.0,NA,0.0,0.0,0.0,NA,NA,NA,NA,0.0,0.0,NA,NA,NA
2026-01-08 22:00:00,62.0,141.25,97.25,NA,167.0,68.0,12.75,NA,5.5,0.0,0.0,NA,0.0,0.0,0.0,NA,NA,NA,NA,0.0,0.0,NA,NA,NA
2026-01-08 23:00:00,64.33,143.33,147.33,NA,204.67,103.0,17.0,NA,6.33,0.0,0.0,NA,0.0,0.0,0.0,NA,NA,NA,NA,0.0,0.0,NA,NA,NA
2026-01-09 00:00:00,76.0,174.25,225.75,83.0,275.5,158.0,22.0,NA,6.5,0.0,0.0,NA,0.0,0.0,0.0,NA,NA,NA,NA,0.0,0.0,NA,NA,NA
2026-01-09 01:00:00,84.0,204.25,142.25,91.0,195.75,99.5,24.0,NA,12.75,0.0,0.0,NA,0.0,0.0,0.0,NA,NA,NA,NA,0.0,0.0,NA,NA,NA
2026-01-09 02:00:00,83.0,208.5,104.25,83.33,152.5,72.5,23.5,1.0,15.75,0.0,0.0,NA,0.0,0.0,0.0,NA,NA,NA,NA,0.0,0.0,NA,NA,NA
2026-01-09 03:00:00,82.5,191.5,44.25,NA,98.25,30.75,21.75,0.5,5.75,0.0,0.0,NA,0.0,0.0,0.0,NA,NA,NA,NA,0.0,0.0,NA,NA,NA
2026-01-09 04:00:00,80.75,181.25,91.5,NA,142.5,64.0,16.0,0.75,1.75,0.0,0.0,NA,0.0,0.0,0.0,NA,NA,NA,NA,0.0,0.0,NA,NA,NA
2026-01-09 05:00:00,80.5,173.75,38.0,85.75,83.75,26.5,13.25,0.0,2.5,0.0,0.0,NA,0.0,0.0,0.0,NA,NA,NA,NA,0.0,0.0,NA,NA,NA
2026-01-09 06:00:00,78.25,161.5,51.25,86.67,99.0,35.5,13.0,0.0,2.5,0.0,0.0,NA,0.0,0.0,0.0,NA,NA,NA,NA,0.0,0.0,NA,NA,NA
2026-01-09 07:00:00,71.5,151.0,70.25,87.0,120.0,49.25,12.75,1.0,3.5,0.0,0.0,NA,0.0,0.0,0.0,NA,NA,NA,NA,0.0,0.0,NA,NA,NA
2026-01-09 08:00:00,74.75,152.25,97.25,NA,149.75,68.0,15.5,NA,5.5,0.0,0.0,NA,0.0,0.0,0.0,NA,NA,NA,NA,0.0,0.0,NA,NA,NA
2026-01-09 09:00:00,77.25,158.75,102.5,NA,154.25,71.5,23.25,1.0,6.5,0.0,0.0,NA,0.0,0.0,0.0,NA,NA,NA,NA,0.0,0.0,NA,NA,NA
2026-01-09 10:00:00,70.75,163.25,97.5,NA,150.0,68.25,26.0,NA,7.75,0.0,0.0,NA,0.0,0.0,0.0,NA,NA,NA,NA,0.0,0.0,NA,NA,NA
2026-01-09 11:00:00,64.25,148.25,62.75,NA,117.0,43.75,23.75,1.0,21.25,0.0,0.0,NA,0.0,0.0,0.0,NA,NA,NA,NA,0.0,0.0,NA,NA,NA
2026-01-09 12:00:00,61.75,138.0,50.75,NA,109.25,35.25,20.5,1.0,31.75,0.0,0.0,NA,0.0,0.0,0.0,NA,NA,NA,NA,0.0,0.0,NA,NA,NA
2026-01-09 13:00:00,58.75,125.25,16.75,68.0,59.25,11.5,20.25,1.0,NA,0.0,0.0,NA,0.0,0.0,0.0,NA,NA,NA,NA,0.0,0.0,NA,NA,NA
2026-01-09 14:00:00,52.25,113.5,11.25,69.5,55.0,7.5,12.5,1.0,NA,0.0,0.0,NA,0.0,0.0,0.0,NA,NA,NA,NA,0.0,0.0,NA,NA,NA
2026-01-09 15:00:00,51.75,100.0,10.5,68.33,54.0,7.0,8.5,1.0,NA,0.0,0.0,NA,0.0,0.0,0.0,NA,NA,NA,NA,0.0,0.0,NA,NA,NA
2026-01-09 16:00:00,54.0,97.75,17.75,74.0,68.5,12.0,6.0,1.0,NA,0.0,0.0,NA,0.0,0.0,0.0,NA,NA,NA,NA,0.0,0.0,NA,NA,NA
2026-01-09 17:00:00,53.75,108.5,36.0,NA,98.75,25.0,5.0,1.0,45.0,0.0,0.0,NA,0.0,0.0,0.0,NA,NA,NA,NA,0.0,0.0,NA,NA,NA
2026-01-09 18:00:00,66.25,121.0,13.0,NA,74.75,8.75,4.0,1.0,60.5,0.0,0.0,NA,0.0,0.0,0.0,NA,NA,NA,NA,0.0,0.0,NA,NA,NA
2026-01-09 19:00:00,70.0,125.25,14.0,NA,79.25,9.5,4.25,1.0,50.5,0.0,0.0,NA,0.0,0.0,0.0,NA,NA,NA,NA,0.0,0.0,NA,NA,NA
2026-01-09 20:00:00,85.5,135.25,22.5,NA,98.5,15.5,7.25,NA,24.75,0.0,0.0,NA,0.0,0.0,0.0,NA,NA,NA,NA,0.0,0.0,NA,NA,NA
2026-01-09 21:00:00,85.0,152.75,91.75,NA,160.0,64.25,8.25,NA,6.0,0.0,0.0,NA,0.0,0.0,0.0,NA,NA,NA,NA,0.0,0.0,NA,NA,NA
2026-01-09 22:00:00,81.0,156.25,91.75,NA,151.5,64.5,9.5,NA,5.0,0.0,0.0,NA,0.0,0.0,0.0,NA,NA,NA,NA,0.0,0.0,NA,NA,NA
2026-01-09 23:00:00,83.0,155.33,147.67,NA,205.67,103.67,13.0,NA,6.33,0.0,0.0,NA,0.0,0.0,0.0,NA,NA,NA,NA,0.0,0.0,NA,NA,NA
2026-01-10 00:00:00,NA,189.0,173.0,NA,146.25,98.0,21.67,0.5,8.67,0.0,0.0,NA,0.0,0.0,0.0,NA,NA,NA,NA,0.0,0.0,NA,NA,NA
2026-01-10 01:00:00,NA,213.5,116.25,86.0,146.0,65.75,21.25,1.0,10.25,0.0,0.0,NA,0.0,0.0,0.0,NA,NA,NA,NA,0.0,0.0,NA,NA,NA
2026-01-10 02:00:00,NA,223.0,105.0,NA,138.5,59.5,20.5,1.0,6.5,0.0,0.0,NA,0.0,0.0,0.0,NA,NA,NA,NA,0.0,0.0,NA,NA,NA
2026-01-10 03:00:00,NA,213.75,67.75,87.0,103.25,38.25,18.75,0.25,4.75,0.0,0.0,NA,0.0,0.0,0.0,NA,NA,NA,NA,0.0,0.0,NA,NA,NA
2026-01-10 04:00:00,NA,197.0,64.75,85.75,99.5,36.5,17.5,0.0,2.25,0.0,0.0,NA,0.0,0.0,0.0,NA,NA,NA,NA,0.0,0.0,NA,NA,NA
2026-01-10 05:00:00,88.0,187.25,53.0,84.5,90.75,30.0,14.25,0.0,5.0,0.0,0.0,NA,0.0,0.0,0.0,NA,NA,NA,NA,0.0,0.0,NA,NA,NA
2026-01-10 06:00:00,85.5,170.0,33.25,82.0,70.75,18.75,12.75,0.0,3.75,0.0,0.0,NA,0.0,0.0,0.0,NA,NA,NA,NA,0.0,0.0,NA,NA,NA
2026-01-10 07:00:00,80.0,152.25,58.0,79.0,89.5,33.0,14.0,0.25,4.0,0.0,0.0,NA,0.0,0.0,0.0,NA,NA,NA,NA,0.0,0.0,NA,NA,NA
2026-01-10 08:00:00,82.5,148.5,139.75,80.0,159.0,79.25,21.25,1.0,4.0,0.0,0.0,NA,0.0,0.0,0.0,NA,NA,NA,NA,0.0,0.0,NA,NA,NA
2026-01-10 09:00:00,87.75,158.75,121.0,NA,153.0,68.5,32.25,1.0,4.75,0.0,0.0,NA,0.0,0.0,0.0,NA,NA,NA,NA,0.0,0.0,NA,NA,NA
2026-01-10 10:00:00,79.75,162.75,80.75,NA,118.25,45.5,36.75,1.0,9.25,0.0,0.0,NA,0.0,0.0,0.0,NA,NA,NA,NA,0.0,0.0,NA,NA,NA
2026-01-10 11:00:00,65.75,144.25,72.5,NA,113.75,41.0,32.0,1.0,20.25,0.0,0.0,NA,0.0,0.0,0.0,NA,NA,NA,NA,0.0,0.0,NA,NA,NA
2026-01-10 12:00:00,59.0,128.0,57.75,NA,101.5,32.5,29.25,1.0,37.5,0.0,0.0,NA,0.0,0.0,0.0,NA,NA,NA,NA,0.0,0.0,NA,NA,NA
2026-01-10 13:00:00,55.5,118.5,32.5,NA,78.0,18.5,23.25,0.75,55.0,0.0,0.0,NA,0.0,0.0,0.0,NA,NA,NA,NA,0.0,0.0,NA,NA,NA
2026-01-10 14:00:00,50.5,106.25,20.0,67.5,63.25,11.25,16.0,0.5,42.0,0.0,0.0,NA,0.0,0.0,0.0,NA,NA,NA,NA,0.0,0.0,NA,NA,NA
2026-01-10 15:00:00,48.75,105.5,20.75,69.5,66.0,11.5,12.5,0.5,NA,0.0,0.0,NA,0.0,0.0,0.0,NA,NA,NA,NA,0.0,0.0,NA,NA,NA
2026-01-10 16:00:00,53.5,109.5,35.5,NA,90.0,20.25,11.5,1.0,51.5,0.0,0.0,NA,0.0,0.0,0.0,NA,NA,NA,NA,0.0,0.0,NA,NA,NA
2026-01-10 17:00:00,53.0,111.75,17.0,NA,71.75,9.25,10.5,0.75,57.5,0.0,0.0,NA,0.0,0.0,0.0,NA,NA,NA,NA,0.0,0.0,NA,NA,NA
2026-01-10 18:00:00,57.75,114.0,12.75,NA,75.75,7.25,11.5,1.0,56.75,0.0,0.0,NA,0.0,0.0,0.0,NA,NA,NA,NA,0.0,0.0,NA,NA,NA
2026-01-10 19:00:00,62.33,116.0,21.0,NA,62.75,11.33,10.33,0.75,49.0,0.0,0.0,NA,0.0,0.0,0.0,NA,NA,NA,NA,0.0,0.0,NA,NA,NA
2026-01-10 20:00:00,69.5,118.75,43.75,NA,106.75,24.75,12.25,1.0,24.0,0.0,0.0,NA,0.0,0.0,0.0,NA,NA,NA,NA,0.0,0.0,NA,NA,NA
2026-01-10 21:00:00,71.0,130.25,108.25,NA,160.75,61.5,16.5,1.0,7.5,0.0,0.0,NA,0.0,0.0,0.0,NA,NA,NA,NA,0.0,0.0,NA,NA,NA
2026-01-10 22:00:00,77.75,146.5,133.5,NA,178.25,75.5,15.25,1.0,2.75,0.0,0.0,NA,0.0,0.0,0.0,NA,NA,NA,NA,0.0,0.0,NA,NA,NA
2026-01-10 23:00:00,75.33,155.0,86.67,NA,150.33,61.0,15.33,1.0,3.67,0.0,0.0,NA,0.0,0.0,0.0,NA,NA,NA,NA,0.0,0.0,NA,NA,NA
2026-01-11 00:00:00,86.0,157.25,98.0,NA,138.25,55.5,17.75,1.0,3.5,0.0,0.0,NA,0.0,0.0,0.0,NA,NA,NA,NA,0.0,0.0,NA,NA,NA
2026-01-11 01:00:00,87.0,169.25,66.0,NA,108.75,37.25,19.0,1.0,3.5,0.0,0.0,NA,0.0,0.0,0.0,NA,NA,NA,NA,0.0,0.0,NA,NA,NA
2026-01-11 02:00:00,85.0,163.0,43.5,NA,87.75,24.25,16.75,1.0,2.25,0.0,0.0,NA,0.0,0.0,0.0,NA,NA,NA,NA,0.0,0.0,NA,NA,NA
2026-01-11 03:00:00,81.0,154.75,73.5,86.5,107.75,41.75,16.75,1.0,2.5,0.0,0.0,NA,0.0,0.0,0.0,NA,NA,NA,NA,0.0,0.0,NA,NA,NA
2026-01-11 04:00:00,84.0,160.25,74.0,84.0,108.25,41.75,17.0,0.5,2.5,0.0,0.0,NA,0.0,0.0,0.0,NA,NA,NA,NA,0.0,0.0,NA,NA,NA
2026-01-11 05:00:00,79.0,161.25,121.0,82.33,144.0,68.75,15.25,0.75,NA,0.0,0.0,NA,0.0,0.0,0.0,NA,NA,NA,NA,0.0,0.0,NA,NA,NA
2026-01-11 06:00:00,78.75,154.5,134.75,68.25,146.0,76.25,14.0,0.5,3.75,0.0,0.0,NA,0.0,0.0,0.0,NA,NA,NA,NA,0.0,0.0,NA,NA,NA
2026-01-11 07:00:00,78.25,155.75,153.75,72.5,164.0,87.25,16.5,1.0,5.5,0.0,0.0,NA,0.0,0.0,0.0,NA,NA,NA,NA,0.0,0.0,NA,NA,NA
2026-01-11 08:00:00,79.0,176.75,109.75,78.33,134.5,62.25,15.25,1.0,5.0,0.0,0.0,NA,0.0,0.0,0.0,NA,NA,NA,NA,0.0,0.0,NA,NA,NA
2026-01-11 09:00:00,87.0,181.0,129.0,NA,163.0,73.25,31.25,1.0,6.0,0.0,0.0,NA,0.0,0.0,0.0,NA,NA,NA,NA,0.0,0.0,NA,NA,NA
2026-01-11 10:00:00,85.25,170.0,53.75,76.33,87.25,30.25,35.75,1.0,10.25,0.0,0.0,NA,0.0,0.0,0.0,NA,NA,NA,NA,0.0,0.0,NA,NA,NA
2026-01-11 11:00:00,76.75,141.5,26.5,72.25,64.0,15.25,34.0,1.0,29.5,0.0,0.0,NA,0.0,0.0,0.0,NA,NA,NA,NA,0.0,0.0,NA,NA,NA
2026-01-11 12:00:00,67.25,136.5,43.0,NA,92.75,24.5,31.5,1.0,39.25,0.0,0.0,NA,0.0,0.0,0.0,NA,NA,NA,NA,0.0,0.0,NA,NA,NA
2026-01-11 13:00:00,68.5,133.0,21.75,NA,69.75,12.25,31.25,1.0,NA,0.0,0.0,NA,0.0,0.0,0.0,NA,NA,NA,NA,0.0,0.0,NA,NA,NA
2026-01-11 14:00:00,62.25,130.25,17.75,74.0,60.75,9.75,18.75,0.67,NA,0.0,0.0,NA,0.0,0.0,0.0,NA,NA,NA,NA,0.0,0.0,NA,NA,NA
2026-01-11 15:00:00,62.67,123.33,30.67,NA,64.0,17.33,12.33,0.75,38.0,0.0,0.0,NA,0.0,0.0,0.0,NA,NA,NA,NA,0.0,0.0,NA,NA,NA
2026-01-11 16:00:00,60.5,120.5,13.5,74.67,58.25,7.75,10.5,0.75,48.0,0.0,0.0,NA,0.0,0.0,0.0,NA,NA,NA,NA,0.0,0.0,NA,NA,NA
2026-01-11 17:00:00,58.75,117.25,16.75,NA,75.5,9.5,7.25,1.0,62.0,0.0,0.0,NA,0.0,0.0,0.0,NA,NA,NA,NA,0.0,0.0,NA,NA,NA
2026-01-11 18:00:00,63.25,117.5,15.25,NA,78.5,8.5,7.0,1.0,55.5,0.0,0.0,NA,0.0,0.0,0.0,NA,NA,NA,NA,0.0,0.0,NA,NA,NA
2026-01-11 19:00:00,66.0,117.75,25.5,NA,97.25,14.25,7.25,1.0,26.0,0.0,0.0,NA,0.0,0.0,0.0,NA,NA,NA,NA,0.0,0.0,NA,NA,NA
2026-01-11 20:00:00,73.25,128.75,43.5,NA,111.0,24.5,7.5,1.0,8.75,0.0,0.0,NA,0.0,0.0,0.0,NA,NA,NA,NA,0.0,0.0,NA,NA,NA
2026-01-11 21:00:00,80.25,150.75,80.75,NA,129.0,46.0,8.25,NA,5.5,0.0,0.0,NA,0.0,0.0,0.0,NA,NA,NA,NA,0.0,0.0,NA,NA,NA
2026-01-11 22:00:00,84.0,167.5,124.5,NA,164.0,70.25,12.75,NA,6.5,0.0,0.0,NA,0.0,0.0,0.0,NA,NA,NA,NA,0.0,0.0,NA,NA,NA
2026-01-11 23:00:00,NA,179.67,163.33,NA,192.33,92.67,17.33,NA,7.33,0.0,0.0,NA,0.0,0.0,0.0,NA,NA,NA,NA,0.0,0.0,NA,NA,NA
2026-01-12 00:00:00,NA,203.0,315.5,88.0,306.0,179.5,18.0,NA,7.0,0.0,0.0,NA,0.0,0.0,0.0,NA,NA,NA,NA,0.0,0.0,NA,NA,NA
2026-01-12 01:00:00,NA,226.25,154.0,NA,179.75,87.0,22.25,NA,7.25,0.0,0.0,NA,0.0,0.0,0.0,NA,NA,NA,NA,0.0,0.0,NA,NA,NA
2026-01-12 02:00:00,NA,214.75,132.25,87.0,158.5,74.75,21.5,1.0,6.5,0.0,0.0,NA,0.0,0.0,0.0,NA,NA,NA,NA,0.0,0.0,NA,NA,NA
2026-01-12 03:00:00,86.0,186.0,33.5,75.67,69.5,18.75,25.0,0.0,5.75,0.0,0.0,NA,0.0,0.0,0.0,NA,NA,NA,NA,0.0,0.0,NA,NA,NA
2026-01-12 04:00:00,83.0,156.25,22.5,69.0,55.0,12.75,22.75,0.0,6.5,0.0,0.0,NA,0.0,0.0,0.0,NA,NA,NA,NA,0.0,0.0,NA,NA,NA
2026-01-12 05:00:00,73.75,144.0,34.75,70.0,65.75,19.5,21.0,0.0,6.0,0.0,0.0,NA,0.0,0.0,0.0,NA,NA,NA,NA,0.0,0.0,NA,NA,NA
2026-01-12 06:00:00,69.75,129.0,38.0,74.5,70.5,21.25,16.25,0.0,2.75,0.0,0.0,NA,0.0,0.0,0.0,NA,NA,NA,NA,0.0,0.0,NA,NA,NA
2026-01-12 07:00:00,67.5,124.75,101.0,79.75,125.0,57.5,16.25,0.75,3.5,0.0,0.0,NA,0.0,0.0,0.0,NA,NA,NA,NA,0.0,0.0,NA,NA,NA
2026-01-12 08:00:00,64.75,135.25,139.0,85.0,161.25,78.75,17.5,1.0,4.25,0.0,0.0,NA,0.0,0.0,0.0,NA,NA,NA,NA,0.0,0.0,NA,NA,NA
2026-01-12 09:00:00,68.5,155.25,107.75,NA,139.0,61.0,24.0,1.0,6.0,0.0,0.0,NA,0.0,0.0,0.0,NA,NA,NA,NA,0.0,0.0,NA,NA,NA
2026-01-12 10:00:00,66.25,156.25,153.75,NA,184.75,87.5,26.75,NA,7.25,0.0,0.0,NA,0.0,0.0,0.0,NA,NA,NA,NA,0.0,0.0,NA,NA,NA
2026-01-12 11:00:00,61.33,155.0,100.33,NA,104.75,56.67,23.67,0.75,14.0,0.0,0.0,NA,0.0,0.0,0.0,NA,NA,NA,NA,0.0,0.0,NA,NA,NA
2026-01-12 12:00:00,54.5,141.25,61.5,NA,113.75,34.75,39.0,0.75,27.0,0.0,0.0,NA,0.0,0.0,0.0,NA,NA,NA,NA,0.0,0.0,NA,NA,NA
2026-01-12 13:00:00,48.5,129.75,13.75,58.75,44.5,7.5,28.5,0.0,66.0,0.0,0.0,NA,0.0,0.0,0.0,NA,NA,NA,NA,0.0,0.0,NA,NA,NA
2026-01-12 14:00:00,47.5,101.25,3.75,67.5,39.75,2.0,22.75,0.0,NA,0.0,0.0,NA,0.0,0.0,0.0,NA,NA,NA,NA,0.0,0.0,NA,NA,NA
2026-01-12 15:00:00,46.0,100.0,1.75,71.5,41.25,1.25,16.25,0.0,NA,0.0,0.0,NA,0.0,0.0,0.0,NA,NA,NA,NA,0.0,0.0,NA,NA,NA
2026-01-12 16:00:00,51.25,91.5,6.75,NA,54.5,3.75,15.25,0.0,NA,0.0,0.0,NA,0.0,0.0,0.0,NA,NA,NA,NA,0.0,0.0,NA,NA,NA
2026-01-12 17:00:00,53.5,96.75,52.25,NA,128.25,29.75,11.5,1.0,22.0,0.0,0.0,NA,0.0,0.0,0.0,NA,NA,NA,NA,0.0,0.0,NA,NA,NA
2026-01-12 18:00:00,56.0,105.0,42.75,NA,120.75,24.25,10.5,1.0,39.5,0.0,0.0,NA,0.0,0.0,0.0,NA,NA,NA,NA,0.0,0.0,NA,NA,NA
2026-01-12 19:00:00,53.25,113.0,28.75,NA,100.0,16.0,12.0,1.0,37.75,0.0,0.0,NA,0.0,0.0,0.0,NA,NA,NA,NA,0.0,0.0,NA,NA,NA
2026-01-12 20:00:00,53.75,111.25,73.0,NA,137.5,41.5,14.0,1.0,18.25,0.0,0.0,NA,0.0,0.0,0.0,NA,NA,NA,NA,0.0,0.0,NA,NA,NA
2026-01-12 21:00:00,58.75,121.0,97.75,NA,155.5,55.75,15.25,NA,10.0,0.0,0.0,NA,0.0,0.0,0.0,NA,NA,NA,NA,0.0,0.0,NA,NA,NA
2026-01-12 22:00:00,59.25,128.0,89.75,NA,145.5,51.25,13.75,0.75,10.0,0.0,0.0,NA,0.0,0.0,0.0,NA,NA,NA,NA,0.0,0.0,NA,NA,NA
2026-01-12 23:00:00,57.33,134.0,124.33,NA,165.67,70.67,12.33,1.0,6.0,0.0,0.0,NA,0.0,0.0,0.0,NA,NA,NA,NA,0.0,0.0,NA,NA,NA
2026-01-13 00:00:00,65.25,152.0,90.75,NA,134.25,51.5,11.25,0.0,4.75,0.0,0.0,NA,0.0,0.0,0.0,NA,NA,NA,NA,0.0,0.0,NA,NA,NA
2026-01-13 01:00:00,71.0,156.5,91.75,NA,131.75,51.75,12.75,1.0,6.5,0.0,0.0,NA,0.0,0.0,0.0,NA,NA,NA,NA,0.0,0.0,NA,NA,NA
2026-01-13 02:00:00,75.0,166.75,164.5,NA,194.0,93.25,12.25,1.0,3.25,0.0,0.0,NA,0.0,0.0,0.0,NA,NA,NA,NA,0.0,0.0,NA,NA,NA
2026-01-13 03:00:00,73.5,175.0,148.0,84.0,169.75,84.0,11.75,1.0,3.5,0.0,0.0,NA,0.0,0.0,0.0,NA,NA,NA,NA,0.0,0.0,NA,NA,NA
2026-01-13 04:00:00,78.67,179.0,206.0,81.0,161.25,117.0,15.0,0.67,3.67,0.0,0.0,NA,0.0,0.0,0.0,NA,NA,NA,NA,0.0,0.0,NA,NA,NA
2026-01-13 05:00:00,85.0,189.75,166.5,87.0,185.0,94.5,15.75,1.0,7.75,0.0,0.0,NA,0.0,0.0,0.0,NA,NA,NA,NA,0.0,0.0,NA,NA,NA
2026-01-13 06:00:00,88.0,195.5,191.0,84.0,204.0,108.5,15.75,1.0,7.75,0.0,0.0,NA,0.0,0.0,0.0,NA,NA,NA,NA,0.0,0.0,NA,NA,NA
2026-01-13 07:00:00,NA,200.75,195.25,NA,213.25,111.0,14.5,NA,7.0,0.0,0.0,NA,0.0,0.0,0.0,NA,NA,NA,NA,0.0,0.0,NA,NA,NA
2026-01-13 08:00:00,88.0,204.75,161.5,NA,193.0,91.75,13.0,NA,5.0,0.0,0.0,NA,0.0,0.0,0.0,NA,NA,NA,NA,0.0,0.0,NA,NA,NA
2026-01-13 09:00:00,88.0,198.75,140.75,NA,179.25,80.0,18.75,NA,6.75,0.0,0.0,NA,0.0,0.0,0.0,NA,NA,NA,NA,0.0,0.0,NA,NA,NA
2026-01-13 10:00:00,79.0,184.25,110.0,NA,153.5,62.5,21.75,NA,9.75,0.0,0.0,NA,0.0,0.0,0.0,NA,NA,NA,NA,0.0,0.0,NA,NA,NA
2026-01-13 11:00:00,80.5,179.25,64.5,NA,129.5,36.5,26.75,1.0,22.75,0.0,0.0,NA,0.0,0.0,0.0,NA,NA,NA,NA,0.0,0.0,NA,NA,NA
2026-01-13 12:00:00,84.5,173.75,16.75,NA,78.5,9.25,22.25,1.0,55.25,0.0,0.0,NA,0.0,0.0,0.0,NA,NA,NA,NA,0.0,0.0,NA,NA,NA
2026-01-13 13:00:00,84.25,159.75,5.75,NA,63.0,3.0,11.75,1.0,NA,0.0,0.0,NA,0.0,0.0,0.0,NA,NA,NA,NA,0.0,0.0,NA,NA,NA
2026-01-13 14:00:00,77.0,147.25,1.5,76.0,44.0,0.75,9.25,0.75,NA,0.0,0.0,NA,0.0,0.0,0.0,NA,NA,NA,NA,0.0,0.0,NA,NA,NA
2026-01-13 15:00:00,72.25,130.0,3.0,70.5,44.25,1.25,9.75,0.25,NA,0.0,0.0,NA,0.0,0.0,0.0,NA,NA,NA,NA,0.0,0.0,NA,NA,NA
2026-01-13 16:00:00,72.0,115.0,9.25,NA,57.0,5.25,9.75,1.0,NA,0.0,0.0,NA,0.0,0.0,0.0,NA,NA,NA,NA,0.0,0.0,NA,NA,NA
2026-01-13 17:00:00,66.75,112.25,18.0,NA,72.0,10.0,9.75,0.75,NA,0.0,0.0,NA,0.0,0.0,0.0,NA,NA,NA,NA,0.0,0.0,NA,NA,NA
2026-01-13 18:00:00,60.25,108.25,76.25,NA,148.75,43.25,10.0,NA,26.5,0.0,0.0,NA,0.0,0.0,0.0,NA,NA,NA,NA,0.0,0.0,NA,NA,NA
2026-01-13 19:00:00,59.25,119.0,56.5,NA,132.25,32.0,9.75,1.0,27.25,0.0,0.0,NA,0.0,0.0,0.0,NA,NA,NA,NA,0.0,0.0,NA,NA,NA
2026-01-13 20:00:00,64.75,128.0,61.25,NA,130.5,34.75,10.0,1.0,13.0,0.0,0.0,NA,0.0,0.0,0.0,NA,NA,NA,NA,0.0,0.0,NA,NA,NA
2026-01-13 21:00:00,66.5,135.5,128.25,NA,177.75,72.75,8.0,NA,1.5,0.0,0.0,NA,0.0,0.0,0.0,NA,NA,NA,NA,0.0,0.0,NA,NA,NA
2026-01-13 22:00:00,63.5,148.0,162.75,NA,194.5,92.5,7.75,NA,4.0,0.0,0.0,NA,0.0,0.0,0.0,NA,NA,NA,NA,0.0,0.0,NA,NA,NA
2026-01-13 23:00:00,72.0,152.0,171.0,NA,231.33,119.67,9.67,NA,7.33,0.0,0.0,NA,0.0,0.0,0.0,NA,NA,NA,NA,0.0,0.0,NA,NA,NA
2026-01-14 00:00:00,85.0,179.0,153.0,NA,209.75,107.0,9.5,NA,6.25,0.0,0.0,NA,0.0,0.0,0.0,NA,NA,NA,NA,0.0,0.0,NA,NA,NA
2026-01-14 01:00:00,85.0,193.75,131.75,NA,188.5,92.25,10.25,1.0,6.0,0.0,0.0,NA,0.0,0.0,0.0,NA,NA,NA,NA,0.0,0.0,NA,NA,NA
2026-01-14 02:00:00,81.0,192.25,136.5,NA,193.0,95.5,10.75,NA,5.75,0.0,0.0,NA,0.0,0.0,0.0,NA,NA,NA,NA,0.0,0.0,NA,NA,NA
2026-01-14 03:00:00,82.75,192.25,95.5,82.0,146.75,66.75,8.75,1.0,5.75,0.0,0.0,NA,0.0,0.0,0.0,NA,NA,NA,NA,0.0,0.0,NA,NA,NA
2026-01-14 04:00:00,87.0,197.33,63.67,NA,87.0,44.67,7.33,0.5,2.0,0.0,0.0,NA,0.0,0.0,0.0,NA,NA,NA,NA,0.0,0.0,NA,NA,NA
2026-01-14 05:00:00,87.0,183.75,88.0,82.0,132.25,61.5,11.0,0.75,1.5,0.0,0.0,NA,0.0,0.0,0.0,NA,NA,NA,NA,0.0,0.0,NA,NA,NA
2026-01-14 06:00:00,86.75,173.0,121.25,80.5,165.25,84.75,10.0,1.0,5.75,0.0,0.0,NA,0.0,0.0,0.0,NA,NA,NA,NA,0.0,0.0,NA,NA,NA
2026-01-14 07:00:00,86.0,186.25,167.25,75.25,208.25,117.0,11.25,NA,6.75,0.0,0.0,NA,0.0,0.0,0.0,NA,NA,NA,NA,0.0,0.0,NA,NA,NA
2026-01-14 08:00:00,NA,204.5,121.5,NA,171.25,84.75,10.25,1.0,4.75,0.0,0.0,NA,0.0,0.0,0.0,NA,NA,NA,NA,0.0,0.0,NA,NA,NA
2026-01-14 09:00:00,NA,201.5,149.0,NA,220.25,104.0,11.5,NA,6.5,0.0,0.0,NA,0.0,0.0,0.0,NA,NA,NA,NA,0.0,0.0,NA,NA,NA
2026-01-14 10:00:00,84.0,194.25,71.75,NA,139.75,50.0,15.0,1.0,9.5,0.0,0.0,NA,0.0,0.0,0.0,NA,NA,NA,NA,0.0,0.0,NA,NA,NA
2026-01-14 11:00:00,85.25,173.25,23.5,NA,84.0,16.25,13.5,1.0,33.5,0.0,0.0,NA,0.0,0.0,0.0,NA,NA,NA,NA,0.0,0.0,NA,NA,NA
2026-01-14 12:00:00,89.0,174.25,7.0,80.67,52.5,4.5,10.0,0.25,69.5,0.0,0.0,NA,0.0,0.0,0.0,NA,NA,NA,NA,0.0,0.0,NA,NA,NA
2026-01-14 13:00:00,NA,171.25,12.25,73.5,64.0,8.5,9.0,0.5,NA,0.0,0.0,NA,0.0,0.0,0.0,NA,NA,NA,NA,0.0,0.0,NA,NA,NA
2026-01-14 14:00:00,NA,163.0,12.25,NA,71.25,8.25,7.5,0.75,NA,0.0,0.0,NA,0.0,0.0,0.0,NA,NA,NA,NA,0.0,0.0,NA,NA,NA
2026-01-14 15:00:00,NA,159.75,10.5,76.0,60.75,7.25,7.25,0.0,NA,0.0,0.0,NA,0.0,0.0,0.0,NA,NA,NA,NA,0.0,0.0,NA,NA,NA
2026-01-14 16:00:00,81.0,146.67,18.0,NA,51.0,12.67,9.67,0.0,55.0,0.0,0.0,NA,0.0,0.0,0.0,NA,NA,NA,NA,0.0,0.0,NA,NA,NA
2026-01-14 17:00:00,78.0,134.0,17.5,NA,73.0,12.0,14.0,0.0,59.0,0.0,0.0,NA,0.0,0.0,0.0,NA,NA,NA,NA,0.0,0.0,NA,NA,NA
2026-01-14 18:00:00,68.75,122.25,6.5,NA,62.25,4.5,12.0,0.0,64.0,0.0,0.0,NA,0.0,0.0,0.0,NA,NA,NA,NA,0.0,0.0,NA,NA,NA
2026-01-14 19:00:00,63.0,114.5,8.25,NA,66.25,5.5,16.25,0.0,60.75,0.0,0.0,NA,0.0,0.0,0.0,NA,NA,NA,NA,0.0,0.0,NA,NA,NA
2026-01-14 20:00:00,63.5,120.0,24.0,NA,88.25,16.75,12.0,0.0,27.75,0.0,0.0,NA,0.0,0.0,0.0,NA,NA,NA,NA,0.0,0.0,NA,NA,NA
2026-01-14 21:00:00,64.0,120.5,8.75,NA,62.75,6.0,7.5,0.0,37.0,0.0,0.0,NA,0.0,0.0,0.0,NA,NA,NA,NA,0.0,0.0,NA,NA,NA
2026-01-14 22:00:00,59.25,111.0,15.5,NA,68.75,10.75,8.0,0.0,24.25,0.0,0.0,NA,0.0,0.0,0.0,NA,NA,NA,NA,0.0,0.0,NA,NA,NA
2026-01-14 23:00:00,55.67,116.0,19.33,NA,75.33,13.0,7.0,0.0,9.0,0.0,0.0,NA,0.0,0.0,0.0,NA,NA,NA,NA,0.0,0.0,NA,NA,NA
2026-01-15 00:00:00,65.25,118.5,76.0,NA,113.0,43.0,6.5,0.0,1.0,0.0,0.0,NA,0.0,0.0,0.0,NA,NA,NA,NA,0.0,0.0,NA,NA,NA
2026-01-15 01:00:00,64.5,128.0,64.5,83.0,101.0,36.5,6.75,0.0,1.0,0.0,0.0,NA,0.0,0.0,0.0,NA,NA,NA,NA,0.0,0.0,NA,NA,NA
2026-01-15 02:00:00,66.5,126.0,131.25,80.0,149.75,74.25,7.0,0.25,1.5,0.0,0.0,NA,0.0,0.0,0.0,NA,NA,NA,NA,0.0,0.0,NA,NA,NA
2026-01-15 03:00:00,63.25,133.25,165.25,76.25,175.0,93.75,7.75,0.5,2.5,0.0,0.0,NA,0.0,0.0,0.0,NA,NA,NA,NA,0.0,0.0,NA,NA,NA
2026-01-15 04:00:00,65.0,151.0,154.75,66.5,161.5,87.75,11.25,0.0,3.5,0.0,0.0,NA,0.0,0.0,0.0,NA,NA,NA,NA,0.0,0.0,NA,NA,NA
2026-01-15 05:00:00,67.25,164.0,102.75,77.75,125.5,58.25,16.0,0.0,6.5,0.0,0.0,NA,0.0,0.0,0.0,NA,NA,NA,NA,0.0,0.0,NA,NA,NA
2026-01-15 06:00:00,67.0,161.5,94.25,79.0,119.0,53.25,17.75,0.25,4.0,0.0,0.0,NA,0.0,0.0,0.0,NA,NA,NA,NA,0.0,0.0,NA,NA,NA
2026-01-15 07:00:00,71.5,153.25,232.5,67.0,225.0,132.25,16.75,1.0,3.5,0.0,0.0,NA,0.0,0.0,0.0,NA,NA,NA,NA,0.0,0.0,NA,NA,NA
2026-01-15 08:00:00,76.0,170.5,207.75,68.0,218.5,117.75,16.25,1.0,4.5,0.0,0.0,NA,0.0,0.0,0.0,NA,NA,NA,NA,0.0,0.0,NA,NA,NA
2026-01-15 09:00:00,77.75,178.25,132.75,NA,169.5,75.5,23.5,1.0,6.0,0.0,0.0,NA,0.0,0.0,0.0,NA,NA,NA,NA,0.0,0.0,NA,NA,NA
2026-01-15 10:00:00,73.25,164.0,77.25,NA,129.0,43.75,27.5,0.75,10.0,0.0,0.0,NA,0.0,0.0,0.0,NA,NA,NA,NA,0.0,0.0,NA,NA,NA
2026-01-15 11:00:00,68.0,143.5,36.75,NA,91.75,20.75,22.5,0.5,33.0,0.0,0.0,NA,0.0,0.0,0.0,NA,NA,NA,NA,0.0,0.0,NA,NA,NA
2026-01-15 12:00:00,65.0,132.25,12.75,72.0,52.25,7.0,15.75,0.0,71.0,0.0,0.0,NA,0.0,0.0,0.0,NA,NA,NA,NA,0.0,0.0,NA,NA,NA
2026-01-15 13:00:00,65.0,123.75,27.25,NA,76.0,15.0,13.5,0.25,54.67,0.0,0.0,NA,0.0,0.0,0.0,NA,NA,NA,NA,0.0,0.0,NA,NA,NA
2026-01-15 14:00:00,62.75,112.75,11.75,62.0,47.0,6.25,13.25,0.0,NA,0.0,0.0,NA,0.0,0.0,0.0,NA,NA,NA,NA,0.0,0.0,NA,NA,NA
2026-01-15 15:00:00,57.25,98.5,18.75,67.0,61.0,10.5,10.5,0.0,55.0,0.0,0.0,NA,0.0,0.0,0.0,NA,NA,NA,NA,0.0,0.0,NA,NA,NA
2026-01-15 16:00:00,56.75,92.5,19.25,72.0,62.75,11.0,10.5,0.0,56.67,0.0,0.0,NA,0.0,0.0,0.0,NA,NA,NA,NA,0.0,0.0,NA,NA,NA
2026-01-15 17:00:00,55.75,86.5,24.75,73.0,69.5,14.0,10.5,0.0,47.0,0.0,0.0,NA,0.0,0.0,0.0,NA,NA,NA,NA,0.0,0.0,NA,NA,NA
2026-01-15 18:00:00,59.0,89.5,24.25,NA,77.75,13.5,9.75,0.0,48.5,0.0,0.0,NA,0.0,0.0,0.0,NA,NA,NA,NA,0.0,0.0,NA,NA,NA
2026-01-15 19:00:00,53.5,93.5,9.25,NA,63.5,5.25,11.25,0.0,62.0,0.0,0.0,NA,0.0,0.0,0.0,NA,NA,NA,NA,0.0,0.0,NA,NA,NA
2026-01-15 20:00:00,51.5,97.75,8.25,NA,63.25,4.5,9.0,0.0,45.25,0.0,0.0,NA,0.0,0.0,0.0,NA,NA,NA,NA,0.0,0.0,NA,NA,NA
2026-01-15 21:00:00,53.5,104.25,12.25,NA,68.5,6.75,7.0,0.0,15.25,0.0,0.0,NA,0.0,0.0,0.0,NA,NA,NA,NA,0.0,0.0,NA,NA,NA
2026-01-15 22:00:00,62.75,108.25,36.5,NA,94.75,20.5,6.75,0.25,4.5,0.0,0.0,NA,0.0,0.0,0.0,NA,NA,NA,NA,0.0,0.0,NA,NA,NA
2026-01-15 23:00:00,62.33,122.0,71.67,NA,119.67,40.67,5.67,1.0,1.5,0.0,0.0,NA,0.0,0.0,0.0,NA,NA,NA,NA,0.0,0.0,NA,NA,NA
2026-01-16 00:00:00,74.25,148.0,54.0,NA,113.25,37.25,4.0,0.75,1.0,0.0,0.0,NA,0.0,0.0,0.0,NA,NA,NA,NA,0.0,0.0,NA,NA,NA
2026-01-16 01:00:00,83.25,162.25,100.5,NA,152.5,70.25,3.5,1.0,2.0,0.0,0.0,NA,0.0,0.0,0.0,NA,NA,NA,NA,0.0,0.0,NA,NA,NA
2026-01-16 02:00:00,83.25,160.25,71.25,NA,123.25,49.75,3.5,0.25,1.33,0.0,0.0,NA,0.0,0.0,0.0,NA,NA,NA,NA,0.0,0.0,NA,NA,NA
2026-01-16 03:00:00,83.25,155.75,29.25,81.0,78.0,20.5,2.75,0.0,NA,0.0,0.0,NA,0.0,0.0,0.0,NA,NA,NA,NA,0.0,0.0,NA,NA,NA
2026-01-16 04:00:00,87.75,148.5,42.0,84.5,90.5,29.25,4.25,0.0,1.33,0.0,0.0,NA,0.0,0.0,0.0,NA,NA,NA,NA,0.0,0.0,NA,NA,NA
2026-01-16 05:00:00,83.5,141.5,94.0,82.67,139.0,65.5,8.0,0.25,2.5,0.0,0.0,NA,0.0,0.0,0.0,NA,NA,NA,NA,0.0,0.0,NA,NA,NA
2026-01-16 06:00:00,79.0,136.25,91.25,67.25,127.75,64.0,10.75,1.0,2.0,0.0,0.0,NA,0.0,0.0,0.0,NA,NA,NA,NA,0.0,0.0,NA,NA,NA
2026-01-16 07:00:00,80.0,146.33,133.67,64.0,126.0,93.33,12.33,0.75,1.67,0.0,0.0,NA,0.0,0.0,0.0,NA,NA,NA,NA,0.0,0.0,NA,NA,NA
2026-01-16 08:00:00,82.0,160.75,98.75,NA,156.75,68.75,12.25,1.0,4.25,0.0,0.0,NA,0.0,0.0,0.0,NA,NA,NA,NA,0.0,0.0,NA,NA,NA
2026-01-16 09:00:00,NA,190.5,98.0,NA,166.25,68.75,15.25,1.0,8.0,0.0,0.0,NA,0.0,0.0,0.0,NA,NA,NA,NA,0.0,0.0,NA,NA,NA
2026-01-16 10:00:00,NA,202.0,66.25,NA,140.5,46.25,22.5,1.0,17.0,0.0,0.0,NA,0.0,0.0,0.0,NA,NA,NA,NA,0.0,0.0,NA,NA,NA
2026-01-16 11:00:00,NA,201.75,12.75,NA,89.0,8.75,18.75,0.75,46.75,0.0,0.0,NA,0.0,0.0,0.0,NA,NA,NA,NA,0.0,0.0,NA,NA,NA
2026-01-16 12:00:00,NA,205.75,4.25,88.0,54.25,2.75,16.0,0.0,NA,0.0,0.0,NA,0.0,0.0,0.0,NA,NA,NA,NA,0.0,0.0,NA,NA,NA
2026-01-16 13:00:00,NA,179.0,1.75,65.0,36.75,1.0,15.75,0.0,NA,0.0,0.0,NA,0.0,0.0,0.0,NA,NA,NA,NA,0.0,0.0,NA,NA,NA
2026-01-16 14:00:00,77.0,147.25,1.5,58.0,32.75,0.75,13.5,0.0,NA,0.0,0.0,NA,0.0,0.0,0.0,NA,NA,NA,NA,0.0,0.0,NA,NA,NA
2026-01-16 15:00:00,76.25,118.25,1.5,57.25,32.75,1.0,11.75,0.0,NA,0.0,0.0,NA,0.0,0.0,0.0,NA,NA,NA,NA,0.0,0.0,NA,NA,NA
2026-01-16 16:00:00,73.25,107.5,3.75,66.75,40.75,2.5,9.5,0.0,NA,0.0,0.0,NA,0.0,0.0,0.0,NA,NA,NA,NA,0.0,0.0,NA,NA,NA
2026-01-16 17:00:00,68.5,109.0,15.25,68.5,63.0,10.5,7.75,0.0,44.0,0.0,0.0,NA,0.0,0.0,0.0,NA,NA,NA,NA,0.0,0.0,NA,NA,NA
2026-01-16 18:00:00,61.0,101.5,27.75,73.0,83.0,19.25,6.0,0.5,35.33,0.0,0.0,NA,0.0,0.0,0.0,NA,NA,NA,NA,0.0,0.0,NA,NA,NA
2026-01-16 19:00:00,61.0,97.0,25.25,NA,87.5,17.75,6.75,0.0,24.5,0.0,0.0,NA,0.0,0.0,0.0,NA,NA,NA,NA,0.0,0.0,NA,NA,NA
2026-01-16 20:00:00,64.5,102.0,20.5,NA,80.5,14.0,4.0,0.0,18.0,0.0,0.0,NA,0.0,0.0,0.0,NA,NA,NA,NA,0.0,0.0,NA,NA,NA
2026-01-16 21:00:00,61.5,104.25,43.5,NA,113.75,30.5,2.5,0.0,10.5,0.0,0.0,NA,0.0,0.0,0.0,NA,NA,NA,NA,0.0,0.0,NA,NA,NA
2026-01-16 22:00:00,64.75,117.75,87.0,NA,155.75,61.0,3.5,0.5,3.0,0.0,0.0,NA,0.0,0.0,0.0,NA,NA,NA,NA,0.0,0.0,NA,NA,NA
2026-01-16 23:00:00,69.67,138.0,65.33,NA,137.0,45.67,3.33,0.0,3.0,0.0,0.0,NA,0.0,0.0,0.0,NA,NA,NA,NA,0.0,0.0,NA,NA,NA
2026-01-17 00:00:00,81.0,157.25,73.5,NA,132.25,51.5,5.25,0.0,NA,0.0,0.0,NA,0.0,0.0,0.0,NA,NA,NA,NA,0.0,0.0,NA,NA,NA
2026-01-17 01:00:00,81.5,170.75,125.75,85.0,177.0,88.0,6.0,1.0,1.67,0.0,0.0,NA,0.0,0.0,0.0,NA,NA,NA,NA,0.0,0.0,NA,NA,NA
2026-01-17 02:00:00,81.75,176.25,164.0,81.5,208.5,115.0,5.25,1.0,1.0,0.0,0.0,NA,0.0,0.0,0.0,NA,NA,NA,NA,0.0,0.0,NA,NA,NA
2026-01-17 03:00:00,78.25,174.5,54.5,84.0,102.75,38.25,5.0,0.25,NA,0.0,0.0,NA,0.0,0.0,0.0,NA,NA,NA,NA,0.0,0.0,NA,NA,NA
2026-01-17 04:00:00,78.75,167.25,17.25,NA,66.25,11.75,4.0,0.0,NA,0.0,0.0,NA,0.0,0.0,0.0,NA,NA,NA,NA,0.0,0.0,NA,NA,NA
2026-01-17 05:00:00,75.5,142.5,25.75,NA,76.75,18.0,6.25,0.0,NA,0.0,0.0,NA,0.0,0.0,0.0,NA,NA,NA,NA,0.0,0.0,NA,NA,NA
2026-01-17 06:00:00,68.5,130.75,35.0,NA,88.75,24.25,6.75,0.0,NA,0.0,0.0,NA,0.0,0.0,0.0,NA,NA,NA,NA,0.0,0.0,NA,NA,NA
2026-01-17 07:00:00,65.5,123.0,66.5,NA,118.5,46.5,7.0,0.5,NA,0.0,0.0,NA,0.0,0.0,0.0,NA,NA,NA,NA,0.0,0.0,NA,NA,NA
2026-01-17 08:00:00,63.0,129.75,76.75,NA,138.5,54.0,5.75,0.75,NA,0.0,0.0,NA,0.0,0.0,0.0,NA,NA,NA,NA,0.0,0.0,NA,NA,NA
2026-01-17 09:00:00,66.5,141.75,62.0,NA,119.75,43.5,4.0,0.0,9.0,0.0,0.0,NA,0.0,0.0,0.0,NA,NA,NA,NA,0.0,0.0,NA,NA,NA
2026-01-17 10:00:00,65.5,129.0,31.25,80.0,79.25,21.75,3.5,0.0,23.5,0.0,0.0,NA,0.0,0.0,0.0,NA,NA,NA,NA,0.0,0.0,NA,NA,NA
2026-01-17 11:00:00,61.0,121.5,9.75,67.75,47.0,6.75,3.0,0.0,53.0,0.0,0.0,NA,0.0,0.0,0.0,NA,NA,NA,NA,0.0,0.0,NA,NA,NA
2026-01-17 12:00:00,57.25,111.25,3.25,63.5,37.25,2.25,7.5,0.0,74.0,0.0,0.0,NA,0.0,0.0,0.0,NA,NA,NA,NA,0.0,0.0,NA,NA,NA
2026-01-17 13:00:00,54.75,98.0,3.75,65.0,38.5,2.25,4.75,0.0,NA,0.0,0.0,NA,0.0,0.0,0.0,NA,NA,NA,NA,0.0,0.0,NA,NA,NA
2026-01-17 14:00:00,51.0,84.0,4.75,55.0,34.25,3.25,4.75,0.0,NA,0.0,0.0,NA,0.0,0.0,0.0,NA,NA,NA,NA,0.0,0.0,NA,NA,NA
2026-01-17 15:00:00,43.25,69.75,8.75,58.25,41.5,6.0,5.5,NA,64.0,0.0,0.0,NA,0.0,0.0,0.0,NA,NA,NA,NA,0.0,0.0,NA,NA,NA
2026-01-17 16:00:00,41.5,58.25,19.25,57.5,52.5,13.0,7.25,0.0,53.5,0.0,0.0,NA,0.0,0.0,0.0,NA,NA,NA,NA,0.0,0.0,NA,NA,NA
2026-01-17 17:00:00,34.75,59.0,19.5,63.67,56.5,13.5,6.0,0.0,45.0,0.0,0.0,NA,0.0,0.0,0.0,NA,NA,NA,NA,0.0,0.0,NA,NA,NA
2026-01-17 18:00:00,35.75,65.5,14.0,72.5,53.5,9.5,4.0,0.0,47.5,0.0,0.0,NA,0.0,0.0,0.0,NA,NA,NA,NA,0.0,0.0,NA,NA,NA
2026-01-17 19:00:00,41.5,81.75,23.5,74.33,66.25,16.25,3.5,0.0,29.25,0.0,0.0,NA,0.0,0.0,0.0,NA,NA,NA,NA,0.0,0.0,NA,NA,NA
2026-01-17 20:00:00,48.25,111.0,18.5,78.75,63.0,12.75,3.75,0.0,29.25,0.0,0.0,NA,0.0,0.0,0.0,NA,NA,NA,NA,0.0,0.0,NA,NA,NA
2026-01-17 21:00:00,52.5,104.0,16.75,79.0,61.5,11.75,3.0,0.0,28.5,0.0,0.0,NA,0.0,0.0,0.0,NA,NA,NA,NA,0.0,0.0,NA,NA,NA
2026-01-17 22:00:00,48.75,95.75,22.5,83.0,69.5,15.5,1.0,0.0,26.5,0.0,0.0,NA,0.0,0.0,0.0,NA,NA,NA,NA,0.0,0.0,NA,NA,NA
2026-01-17 23:00:00,48.0,87.67,21.0,77.0,69.67,14.33,0.67,0.0,23.0,0.0,0.0,NA,0.0,0.0,0.0,NA,NA,NA,NA,0.0,0.0,NA,NA,NA
2026-01-18 00:00:00,48.5,85.0,36.0,NA,86.75,25.0,1.5,0.0,14.75,0.0,0.0,NA,0.0,0.0,0.0,NA,NA,NA,NA,0.0,0.0,NA,NA,NA
2026-01-18 01:00:00,49.75,92.5,31.5,83.0,80.25,21.75,1.5,0.0,13.0,0.0,0.0,NA,0.0,0.0,0.0,NA,NA,NA,NA,0.0,0.0,NA,NA,NA
2026-01-18 02:00:00,47.5,95.25,34.75,82.0,82.25,24.25,1.25,0.0,5.33,0.0,0.0,NA,0.0,0.0,0.0,NA,NA,NA,NA,0.0,0.0,NA,NA,NA
2026-01-18 03:00:00,45.25,102.0,70.5,NA,119.75,49.0,2.25,0.0,1.0,0.0,0.0,NA,0.0,0.0,0.0,NA,NA,NA,NA,0.0,0.0,NA,NA,NA
2026-01-18 04:00:00,51.5,109.5,63.25,76.0,106.0,44.0,2.0,0.0,1.67,0.0,0.0,NA,0.0,0.0,0.0,NA,NA,NA,NA,0.0,0.0,NA,NA,NA
2026-01-18 05:00:00,52.75,108.0,40.5,71.5,79.5,28.25,3.0,0.0,1.33,0.0,0.0,NA,0.0,0.0,0.0,NA,NA,NA,NA,0.0,0.0,NA,NA,NA
2026-01-18 06:00:00,52.75,107.75,76.0,71.25,114.25,53.0,5.0,0.0,1.0,0.0,0.0,NA,0.0,0.0,0.0,NA,NA,NA,NA,0.0,0.0,NA,NA,NA
2026-01-18 07:00:00,54.25,106.0,94.25,79.0,143.5,65.75,7.75,0.0,1.0,0.0,0.0,NA,0.0,0.0,0.0,NA,NA,NA,NA,0.0,0.0,NA,NA,NA
2026-01-18 08:00:00,55.25,106.75,107.5,NA,162.25,75.25,14.5,0.25,3.0,0.0,0.0,NA,0.0,0.0,0.0,NA,NA,NA,NA,0.0,0.0,NA,NA,NA
2026-01-18 09:00:00,59.25,118.75,72.25,NA,122.75,50.5,15.75,1.0,7.75,0.0,0.0,NA,0.0,0.0,0.0,NA,NA,NA,NA,0.0,0.0,NA,NA,NA
2026-01-18 10:00:00,62.0,118.0,35.0,57.33,69.75,24.5,16.75,0.0,13.0,0.0,0.0,NA,0.0,0.0,0.0,NA,NA,NA,NA,0.0,0.0,NA,NA,NA
2026-01-18 11:00:00,43.75,90.5,10.25,36.0,30.0,7.25,17.0,0.0,33.5,0.0,0.0,NA,0.0,0.0,0.0,NA,NA,NA,NA,0.0,0.0,NA,NA,NA
2026-01-18 12:00:00,33.5,68.0,24.25,51.25,52.0,17.0,16.5,0.0,31.75,0.0,0.0,NA,0.0,0.0,0.0,NA,NA,NA,NA,0.0,0.0,NA,NA,NA
2026-01-18 13:00:00,30.5,58.75,15.25,43.5,38.5,10.75,15.25,0.0,53.25,0.0,0.0,NA,0.0,0.0,0.0,NA,NA,NA,NA,0.0,0.0,NA,NA,NA
2026-01-18 14:00:00,30.5,58.25,17.5,53.25,47.25,12.0,14.5,0.0,52.5,0.0,0.0,NA,0.0,0.0,0.0,NA,NA,NA,NA,0.0,0.0,NA,NA,NA
2026-01-18 15:00:00,27.5,53.0,21.5,58.0,54.0,14.75,13.75,0.0,51.25,0.0,0.0,NA,0.0,0.0,0.0,NA,NA,NA,NA,0.0,0.0,NA,NA,NA
2026-01-18 16:00:00,32.0,53.75,15.25,52.5,43.25,10.25,13.0,0.0,55.0,0.0,0.0,NA,0.0,0.0,0.0,NA,NA,NA,NA,0.0,0.0,NA,NA,NA
2026-01-18 17:00:00,39.5,64.25,16.5,60.25,49.25,11.5,13.0,0.0,46.5,0.0,0.0,NA,0.0,0.0,0.0,NA,NA,NA,NA,0.0,0.0,NA,NA,NA
2026-01-18 18:00:00,39.75,69.0,18.0,73.0,57.75,12.25,13.0,0.0,38.75,0.0,0.0,NA,0.0,0.0,0.0,NA,NA,NA,NA,0.0,0.0,NA,NA,NA
2026-01-18 19:00:00,45.25,71.5,14.75,80.75,57.75,10.0,12.0,0.0,26.0,0.0,0.0,NA,0.0,0.0,0.0,NA,NA,NA,NA,0.0,0.0,NA,NA,NA
2026-01-18 20:00:00,47.75,71.25,36.25,83.5,85.0,25.25,12.5,0.0,16.0,0.0,0.0,NA,0.0,0.0,0.0,NA,NA,NA,NA,0.0,0.0,NA,NA,NA
2026-01-18 21:00:00,47.0,85.0,30.0,85.0,79.75,20.75,15.5,0.0,13.5,0.0,0.0,NA,0.0,0.0,0.0,NA,NA,NA,NA,0.0,0.0,NA,NA,NA
2026-01-18 22:00:00,52.25,89.75,45.0,NA,96.5,31.5,14.25,0.0,3.5,0.0,0.0,NA,0.0,0.0,0.0,NA,NA,NA,NA,0.0,0.0,NA,NA,NA
2026-01-18 23:00:00,48.0,96.67,78.67,NA,116.33,44.67,11.0,0.0,2.33,0.0,0.0,NA,0.0,0.0,0.0,NA,NA,NA,NA,0.0,0.0,NA,NA,NA
2026-01-19 00:00:00,48.75,96.0,69.25,NA,119.75,48.5,11.5,0.0,2.0,0.0,0.0,NA,0.0,0.0,0.0,NA,NA,NA,NA,0.0,0.0,NA,NA,NA
2026-01-19 01:00:00,51.25,99.0,49.5,84.33,96.25,34.5,11.5,0.0,1.0,0.0,0.0,NA,0.0,0.0,0.0,NA,NA,NA,NA,0.0,0.0,NA,NA,NA
2026-01-19 02:00:00,50.0,101.0,58.0,86.0,105.25,40.75,11.75,0.0,1.0,0.0,0.0,NA,0.0,0.0,0.0,NA,NA,NA,NA,0.0,0.0,NA,NA,NA
2026-01-19 03:00:00,59.5,102.5,52.25,86.25,99.0,36.25,11.25,0.0,NA,0.0,0.0,NA,0.0,0.0,0.0,NA,NA,NA,NA,0.0,0.0,NA,NA,NA
2026-01-19 04:00:00,61.0,104.0,33.25,73.0,72.5,23.25,10.25,0.0,1.0,0.0,0.0,NA,0.0,0.0,0.0,NA,NA,NA,NA,0.0,0.0,NA,NA,NA
2026-01-19 05:00:00,55.25,102.0,55.0,69.5,92.25,38.25,11.75,0.0,NA,0.0,0.0,NA,0.0,0.0,0.0,NA,NA,NA,NA,0.0,0.0,NA,NA,NA
2026-01-19 06:00:00,56.0,108.5,75.25,68.75,112.0,52.75,13.75,0.0,3.0,0.0,0.0,NA,0.0,0.0,0.0,NA,NA,NA,NA,0.0,0.0,NA,NA,NA
2026-01-19 07:00:00,58.5,112.0,113.25,69.25,150.75,79.0,17.5,0.25,4.75,0.0,0.0,NA,0.0,0.0,0.0,NA,NA,NA,NA,0.0,0.0,NA,NA,NA
2026-01-19 08:00:00,66.5,127.5,132.0,73.25,173.0,92.25,13.75,1.0,4.75,0.0,0.0,NA,0.0,0.0,0.0,NA,NA,NA,NA,0.0,0.0,NA,NA,NA
2026-01-19 09:00:00,69.25,139.5,117.75,80.0,163.25,82.0,15.0,1.0,5.25,0.0,0.0,NA,0.0,0.0,0.0,NA,NA,NA,NA,0.0,0.0,NA,NA,NA
2026-01-19 10:00:00,67.25,142.5,85.5,71.5,132.0,59.75,14.75,0.67,7.25,0.0,0.0,NA,0.0,0.0,0.0,NA,NA,NA,NA,0.0,0.0,NA,NA,NA
2026-01-19 11:00:00,46.75,120.75,78.75,57.33,115.5,55.5,17.5,0.25,10.0,0.0,0.0,NA,0.0,0.0,0.0,NA,NA,NA,NA,0.0,0.0,NA,NA,NA
2026-01-19 12:00:00,33.25,95.5,40.25,67.25,77.5,28.0,15.75,0.0,23.75,0.0,0.0,NA,0.0,0.0,0.0,NA,NA,NA,NA,0.0,0.0,NA,NA,NA
2026-01-19 13:00:00,35.75,81.0,23.0,62.5,59.0,16.0,14.25,0.0,46.5,0.0,0.0,NA,0.0,0.0,0.0,NA,NA,NA,NA,0.0,0.0,NA,NA,NA
2026-01-19 14:00:00,27.5,72.5,17.75,53.67,51.5,12.25,13.75,0.0,57.5,0.0,0.0,NA,0.0,0.0,0.0,NA,NA,NA,NA,0.0,0.0,NA,NA,NA
2026-01-19 15:00:00,29.25,74.75,40.5,69.33,82.25,28.0,12.0,0.0,37.75,0.0,0.0,NA,0.0,0.0,0.0,NA,NA,NA,NA,0.0,0.0,NA,NA,NA
2026-01-19 16:00:00,28.25,71.5,25.75,62.75,61.25,18.0,11.0,0.0,45.75,0.0,0.0,NA,0.0,0.0,0.0,NA,NA,NA,NA,0.0,0.0,NA,NA,NA
2026-01-19 17:00:00,25.75,71.75,49.25,NA,98.5,34.25,10.0,0.0,30.25,0.0,0.0,NA,0.0,0.0,0.0,NA,NA,NA,NA,0.0,0.0,NA,NA,NA
2026-01-19 18:00:00,32.0,78.0,37.5,NA,85.75,26.0,9.0,0.0,31.5,0.0,0.0,NA,0.0,0.0,0.0,NA,NA,NA,NA,0.0,0.0,NA,NA,NA
2026-01-19 19:00:00,36.25,84.0,35.25,NA,88.75,24.25,9.0,0.0,31.75,0.0,0.0,NA,0.0,0.0,0.0,NA,NA,NA,NA,0.0,0.0,NA,NA,NA
2026-01-19 20:00:00,35.5,85.0,36.25,NA,90.0,25.25,8.5,0.0,24.5,0.0,0.0,NA,0.0,0.0,0.0,NA,NA,NA,NA,0.0,0.0,NA,NA,NA
2026-01-19 21:00:00,36.5,84.0,46.5,NA,99.5,32.75,9.25,0.25,15.0,0.0,0.0,NA,0.0,0.0,0.0,NA,NA,NA,NA,0.0,0.0,NA,NA,NA
2026-01-19 22:00:00,37.75,85.0,54.75,NA,109.25,38.0,10.0,0.0,6.75,0.0,0.0,NA,0.0,0.0,0.0,NA,NA,NA,NA,0.0,0.0,NA,NA,NA
2026-01-19 23:00:00,42.0,82.33,81.33,NA,132.67,57.0,10.33,0.0,1.67,0.0,0.0,NA,0.0,0.0,0.0,NA,NA,NA,NA,0.0,0.0,NA,NA,NA
2026-01-20 00:00:00,40.75,76.75,91.25,86.0,122.0,51.75,6.5,0.0,1.0,0.0,0.0,NA,0.0,0.0,0.0,NA,NA,NA,NA,0.0,0.0,NA,NA,NA
2026-01-20 01:00:00,42.75,89.5,67.25,87.0,102.0,38.0,5.25,0.0,3.0,0.0,0.0,NA,0.0,0.0,0.0,NA,NA,NA,NA,0.0,0.0,NA,NA,NA
2026-01-20 02:00:00,35.75,91.0,57.5,86.25,93.5,32.75,4.75,0.0,NA,0.0,0.0,NA,0.0,0.0,0.0,NA,NA,NA,NA,0.0,0.0,NA,NA,NA
2026-01-20 03:00:00,35.75,91.5,56.0,84.25,90.5,31.75,4.75,0.0,3.0,0.0,0.0,NA,0.0,0.0,0.0,NA,NA,NA,NA,0.0,0.0,NA,NA,NA
2026-01-20 04:00:00,41.5,93.75,84.25,79.25,110.75,47.75,4.25,0.0,NA,0.0,0.0,NA,0.0,0.0,0.0,NA,NA,NA,NA,0.0,0.0,NA,NA,NA
2026-01-20 05:00:00,39.75,98.5,122.5,67.25,136.0,69.5,5.5,0.0,1.0,0.0,0.0,NA,0.0,0.0,0.0,NA,NA,NA,NA,0.0,0.0,NA,NA,NA
2026-01-20 06:00:00,47.75,114.75,115.5,62.25,127.25,65.5,6.5,0.0,2.0,0.0,0.0,NA,0.0,0.0,0.0,NA,NA,NA,NA,0.0,0.0,NA,NA,NA
2026-01-20 07:00:00,60.25,138.5,126.25,60.75,135.25,71.5,9.25,0.0,4.0,0.0,0.0,NA,0.0,0.0,0.0,NA,NA,NA,NA,0.0,0.0,NA,NA,NA
2026-01-20 08:00:00,68.25,158.25,259.5,65.67,250.0,147.5,16.0,1.0,5.25,0.0,0.0,NA,0.0,0.0,0.0,NA,NA,NA,NA,0.0,0.0,NA,NA,NA
2026-01-20 09:00:00,74.5,179.0,209.5,NA,221.0,118.75,23.75,NA,5.5,0.0,0.0,NA,0.0,0.0,0.0,NA,NA,NA,NA,0.0,0.0,NA,NA,NA
2026-01-20 10:00:00,74.0,236.0,157.75,NA,182.75,89.5,27.0,1.0,4.75,0.0,0.0,NA,0.0,0.0,0.0,NA,NA,NA,NA,0.0,0.0,NA,NA,NA
2026-01-20 11:00:00,68.75,218.5,40.25,80.0,80.75,23.0,23.75,0.0,17.0,0.0,0.0,NA,0.0,0.0,0.0,NA,NA,NA,NA,0.0,0.0,NA,NA,NA
2026-01-20 12:00:00,68.0,168.0,12.25,76.5,51.75,6.75,20.75,0.0,55.33,0.0,0.0,NA,0.0,0.0,0.0,NA,NA,NA,NA,0.0,0.0,NA,NA,NA
2026-01-20 13:00:00,66.0,143.25,12.25,70.0,52.75,6.75,18.5,0.0,64.0,0.0,0.0,NA,0.0,0.0,0.0,NA,NA,NA,NA,0.0,0.0,NA,NA,NA
2026-01-20 14:00:00,58.75,120.25,22.25,70.0,67.0,12.25,15.5,0.0,52.5,0.0,0.0,NA,0.0,0.0,0.0,NA,NA,NA,NA,0.0,0.0,NA,NA,NA
2026-01-20 15:00:00,50.0,106.0,26.0,NA,51.75,14.67,14.0,0.0,43.0,0.0,0.0,NA,0.0,0.0,0.0,NA,NA,NA,NA,0.0,0.0,NA,NA,NA
2026-01-20 16:00:00,42.75,93.5,28.25,69.0,74.5,16.0,13.0,0.0,39.0,0.0,0.0,NA,0.0,0.0,0.0,NA,NA,NA,NA,0.0,0.0,NA,NA,NA
2026-01-20 17:00:00,42.25,89.0,26.25,NA,80.75,14.5,11.75,0.0,45.0,0.0,0.0,NA,0.0,0.0,0.0,NA,NA,NA,NA,0.0,0.0,NA,NA,NA
2026-01-20 18:00:00,49.75,99.75,81.0,NA,150.0,46.0,11.0,1.0,18.0,0.0,0.0,NA,0.0,0.0,0.0,NA,NA,NA,NA,0.0,0.0,NA,NA,NA
2026-01-20 19:00:00,56.0,118.25,61.0,NA,133.5,34.5,11.0,1.0,13.0,0.0,0.0,NA,0.0,0.0,0.0,NA,NA,NA,NA,0.0,0.0,NA,NA,NA
2026-01-20 20:00:00,64.25,134.0,46.75,NA,110.75,26.25,10.25,1.0,12.0,0.0,0.0,NA,0.0,0.0,0.0,NA,NA,NA,NA,0.0,0.0,NA,NA,NA
2026-01-20 21:00:00,71.75,143.25,83.75,NA,140.5,47.5,9.0,1.0,6.25,0.0,0.0,NA,0.0,0.0,0.0,NA,NA,NA,NA,0.0,0.0,NA,NA,NA
2026-01-20 22:00:00,69.25,139.0,132.75,NA,168.5,75.5,10.5,1.0,3.25,0.0,0.0,NA,0.0,0.0,0.0,NA,NA,NA,NA,0.0,0.0,NA,NA,NA
2026-01-20 23:00:00,70.33,144.33,103.33,NA,137.67,58.67,12.67,1.0,5.67,0.0,0.0,NA,0.0,0.0,0.0,NA,NA,NA,NA,0.0,0.0,NA,NA,NA
2026-01-21 00:00:00,82.25,158.25,198.5,85.0,210.75,112.75,18.25,NA,6.5,0.0,0.0,NA,0.0,0.0,0.0,NA,NA,NA,NA,0.0,0.0,NA,NA,NA
2026-01-21 01:00:00,88.0,186.75,160.75,NA,184.5,91.5,18.5,1.0,5.25,0.0,0.0,NA,0.0,0.0,0.0,NA,NA,NA,NA,0.0,0.0,NA,NA,NA
2026-01-21 02:00:00,NA,200.75,115.5,NA,151.5,65.5,15.5,1.0,5.5,0.0,0.0,NA,0.0,0.0,0.0,NA,NA,NA,NA,0.0,0.0,NA,NA,NA
2026-01-21 03:00:00,NA,198.5,99.5,NA,134.0,56.25,13.75,0.75,4.75,0.0,0.0,NA,0.0,0.0,0.0,NA,NA,NA,NA,0.0,0.0,NA,NA,NA
2026-01-21 04:00:00,NA,194.0,43.75,91.0,88.5,24.5,12.5,0.0,2.75,0.0,0.0,NA,0.0,0.0,0.0,NA,NA,NA,NA,0.0,0.0,NA,NA,NA
2026-01-21 05:00:00,NA,186.25,58.75,85.0,93.25,33.5,12.0,0.0,1.5,0.0,0.0,NA,0.0,0.0,0.0,NA,NA,NA,NA,0.0,0.0,NA,NA,NA
2026-01-21 06:00:00,86.0,168.25,71.0,79.0,100.75,40.25,13.5,0.0,2.5,0.0,0.0,NA,0.0,0.0,0.0,NA,NA,NA,NA,0.0,0.0,NA,NA,NA
2026-01-21 07:00:00,86.0,164.5,168.0,82.5,182.5,95.25,17.0,0.75,3.0,0.0,0.0,NA,0.0,0.0,0.0,NA,NA,NA,NA,0.0,0.0,NA,NA,NA
2026-01-21 08:00:00,NA,181.5,209.75,NA,224.75,119.25,13.75,NA,5.0,0.0,0.0,NA,0.0,0.0,0.0,NA,NA,NA,NA,0.0,0.0,NA,NA,NA
2026-01-21 09:00:00,NA,194.25,155.75,NA,189.25,88.5,13.5,NA,6.25,0.0,0.0,NA,0.0,0.0,0.0,NA,NA,NA,NA,0.0,0.0,NA,NA,NA
2026-01-21 10:00:00,NA,200.0,130.5,NA,174.5,74.0,18.25,NA,7.5,0.0,0.0,NA,0.0,0.0,0.0,NA,NA,NA,NA,0.0,0.0,NA,NA,NA
2026-01-21 11:00:00,NA,184.75,104.75,NA,152.5,59.0,24.5,1.0,12.25,0.0,0.0,NA,0.0,0.0,0.0,NA,NA,NA,NA,0.0,0.0,NA,NA,NA
2026-01-21 12:00:00,86.0,171.25,36.0,67.5,77.0,20.0,29.75,0.25,37.0,0.0,0.0,NA,0.0,0.0,0.0,NA,NA,NA,NA,0.0,0.0,NA,NA,NA
2026-01-21 13:00:00,83.5,154.5,10.75,92.0,64.0,5.75,21.75,0.0,67.0,0.0,0.0,NA,0.0,0.0,0.0,NA,NA,NA,NA,0.0,0.0,NA,NA,NA
2026-01-21 14:00:00,80.25,148.0,3.25,89.0,57.0,1.5,15.5,0.0,NA,0.0,0.0,NA,0.0,0.0,0.0,NA,NA,NA,NA,0.0,0.0,NA,NA,NA
2026-01-21 15:00:00,87.75,142.25,5.0,85.0,59.5,2.5,16.5,0.0,NA,0.0,0.0,NA,0.0,0.0,0.0,NA,NA,NA,NA,0.0,0.0,NA,NA,NA
2026-01-21 16:00:00,83.25,124.25,3.0,70.0,43.75,1.5,13.5,0.0,NA,0.0,0.0,NA,0.0,0.0,0.0,NA,NA,NA,NA,0.0,0.0,NA,NA,NA
2026-01-21 17:00:00,73.75,115.0,2.25,59.0,33.75,1.25,12.25,0.0,80.0,0.0,0.0,NA,0.0,0.0,0.0,NA,NA,NA,NA,0.0,0.0,NA,NA,NA
2026-01-21 18:00:00,70.5,113.75,7.75,74.5,54.0,4.25,12.5,0.0,51.25,0.0,0.0,NA,0.0,0.0,0.0,NA,NA,NA,NA,0.0,0.0,NA,NA,NA
2026-01-21 19:00:00,65.25,113.0,7.25,87.0,58.75,4.0,12.5,0.0,38.75,0.0,0.0,NA,0.0,0.0,0.0,NA,NA,NA,NA,0.0,0.0,NA,NA,NA
2026-01-21 20:00:00,70.5,122.25,103.75,NA,156.75,59.0,13.75,1.0,7.25,0.0,0.0,NA,0.0,0.0,0.0,NA,NA,NA,NA,0.0,0.0,NA,NA,NA
2026-01-21 21:00:00,74.5,136.0,144.0,NA,186.25,81.75,16.25,1.0,6.5,0.0,0.0,NA,0.0,0.0,0.0,NA,NA,NA,NA,0.0,0.0,NA,NA,NA
2026-01-21 22:00:00,77.25,147.75,188.25,NA,214.5,107.0,22.25,NA,10.75,0.0,0.0,NA,0.0,0.0,0.0,NA,NA,NA,NA,0.0,0.0,NA,NA,NA
2026-01-21 23:00:00,87.0,161.0,284.33,NA,287.67,161.67,29.67,NA,10.33,0.0,0.0,NA,0.0,0.0,0.0,NA,NA,NA,NA,0.0,0.0,NA,NA,NA
2026-01-22 00:00:00,NA,195.0,205.5,83.0,256.5,143.75,31.0,NA,11.5,0.0,0.0,NA,0.0,0.0,0.0,NA,NA,NA,NA,0.0,0.0,NA,NA,NA
2026-01-22 01:00:00,NA,241.0,145.25,NA,197.5,101.75,29.0,NA,8.75,0.0,0.0,NA,0.0,0.0,0.0,NA,NA,NA,NA,0.0,0.0,NA,NA,NA
2026-01-22 02:00:00,NA,234.0,106.5,NA,165.0,74.5,27.75,1.0,8.25,0.0,0.0,NA,0.0,0.0,0.0,NA,NA,NA,NA,0.0,0.0,NA,NA,NA
2026-01-22 03:00:00,NA,215.5,51.5,NA,111.0,36.0,25.75,0.25,7.5,0.0,0.0,NA,0.0,0.0,0.0,NA,NA,NA,NA,0.0,0.0,NA,NA,NA
2026-01-22 04:00:00,NA,206.0,54.25,NA,112.5,37.75,21.75,0.0,6.5,0.0,0.0,NA,0.0,0.0,0.0,NA,NA,NA,NA,0.0,0.0,NA,NA,NA
2026-01-22 05:00:00,NA,192.75,178.75,86.5,228.25,125.25,18.25,0.75,5.75,0.0,0.0,NA,0.0,0.0,0.0,NA,NA,NA,NA,0.0,0.0,NA,NA,NA
2026-01-22 06:00:00,NA,198.5,169.25,82.0,217.75,118.25,17.75,1.0,5.0,0.0,0.0,NA,0.0,0.0,0.0,NA,NA,NA,NA,0.0,0.0,NA,NA,NA
2026-01-22 07:00:00,NA,205.5,181.0,77.25,222.75,126.5,17.75,0.67,7.5,0.0,0.0,NA,0.0,0.0,0.0,NA,NA,NA,NA,0.0,0.0,NA,NA,NA
2026-01-22 08:00:00,NA,213.25,109.75,84.5,160.5,76.75,16.5,1.0,6.25,0.0,0.0,NA,0.0,0.0,0.0,NA,NA,NA,NA,0.0,0.0,NA,NA,NA
2026-01-22 09:00:00,NA,208.75,129.25,NA,191.75,90.25,29.0,1.0,7.0,0.0,0.0,NA,0.0,0.0,0.0,NA,NA,NA,NA,0.0,0.0,NA,NA,NA
2026-01-22 10:00:00,85.0,197.5,58.5,NA,125.0,40.5,36.0,1.0,10.75,0.0,0.0,NA,0.0,0.0,0.0,NA,NA,NA,NA,0.0,0.0,NA,NA,NA
2026-01-22 11:00:00,85.0,183.0,19.25,NA,84.5,13.25,43.25,1.0,23.75,0.0,0.0,NA,0.0,0.0,0.0,NA,NA,NA,NA,0.0,0.0,NA,NA,NA
2026-01-22 12:00:00,NA,179.25,15.5,NA,87.5,10.75,28.5,1.0,51.75,0.0,0.0,NA,0.0,0.0,0.0,NA,NA,NA,NA,0.0,0.0,NA,NA,NA
2026-01-22 13:00:00,NA,173.5,6.0,NA,65.5,4.25,30.25,0.75,NA,0.0,0.0,NA,0.0,0.0,0.0,NA,NA,NA,NA,0.0,0.0,NA,NA,NA
2026-01-22 14:00:00,79.0,159.0,4.75,79.0,50.5,3.0,31.0,0.0,NA,0.0,0.0,NA,0.0,0.0,0.0,NA,NA,NA,NA,0.0,0.0,NA,NA,NA
2026-01-22 15:00:00,78.25,128.75,3.0,73.33,46.25,1.75,19.75,0.0,NA,0.0,0.0,NA,0.0,0.0,0.0,NA,NA,NA,NA,0.0,0.0,NA,NA,NA
2026-01-22 16:00:00,76.0,118.5,3.25,66.0,42.25,2.25,13.0,0.0,NA,0.0,0.0,NA,0.0,0.0,0.0,NA,NA,NA,NA,0.0,0.0,NA,NA,NA
2026-01-22 17:00:00,72.5,107.75,2.5,45.75,27.25,1.5,11.0,0.0,69.0,0.0,0.0,NA,0.0,0.0,0.0,NA,NA,NA,NA,0.0,0.0,NA,NA,NA
2026-01-22 18:00:00,62.75,95.0,7.25,44.0,54.25,4.75,10.25,0.5,42.5,0.0,0.0,NA,0.0,0.0,0.0,NA,NA,NA,NA,0.0,0.0,NA,NA,NA
2026-01-22 19:00:00,62.0,98.5,8.25,NA,63.5,5.75,9.25,0.25,50.25,0.0,0.0,NA,0.0,0.0,0.0,NA,NA,NA,NA,0.0,0.0,NA,NA,NA
2026-01-22 20:00:00,69.5,120.0,10.75,NA,66.0,7.5,8.0,0.0,35.75,0.0,0.0,NA,0.0,0.0,0.0,NA,NA,NA,NA,0.0,0.0,NA,NA,NA
2026-01-22 21:00:00,66.75,121.25,24.75,NA,90.0,17.25,4.0,0.25,17.0,0.0,0.0,NA,0.0,0.0,0.0,NA,NA,NA,NA,0.0,0.0,NA,NA,NA
2026-01-22 22:00:00,66.75,118.75,18.0,NA,79.5,12.75,3.25,0.25,18.0,0.0,0.0,NA,0.0,0.0,0.0,NA,NA,NA,NA,0.0,0.0,NA,NA,NA
2026-01-22 23:00:00,73.67,117.67,18.33,NA,75.0,10.0,2.0,0.0,15.33,0.0,0.0,NA,0.0,0.0,0.0,NA,NA,NA,NA,0.0,0.0,NA,NA,NA
2026-01-23 00:00:00,68.0,112.5,23.5,NA,83.75,16.25,2.75,0.0,12.0,0.0,0.0,NA,0.0,0.0,0.0,NA,NA,NA,NA,0.0,0.0,NA,NA,NA
2026-01-23 01:00:00,64.0,106.75,17.75,86.0,70.0,12.0,2.75,0.0,15.25,0.0,0.0,NA,0.0,0.0,0.0,NA,NA,NA,NA,0.0,0.0,NA,NA,NA
2026-01-23 02:00:00,55.5,107.75,20.25,85.0,68.5,14.25,2.0,0.0,5.25,0.0,0.0,NA,0.0,0.0,0.0,NA,NA,NA,NA,0.0,0.0,NA,NA,NA
2026-01-23 03:00:00,60.25,113.5,17.75,82.0,67.5,12.25,2.0,0.0,6.0,0.0,0.0,NA,0.0,0.0,0.0,NA,NA,NA,NA,0.0,0.0,NA,NA,NA
2026-01-23 04:00:00,61.5,117.75,26.75,NA,81.0,18.25,2.0,0.0,3.75,0.0,0.0,NA,0.0,0.0,0.0,NA,NA,NA,NA,0.0,0.0,NA,NA,NA
2026-01-23 05:00:00,63.5,119.75,30.0,84.0,77.25,20.75,2.5,0.0,1.67,0.0,0.0,NA,0.0,0.0,0.0,NA,NA,NA,NA,0.0,0.0,NA,NA,NA
2026-01-23 06:00:00,66.75,124.0,111.75,83.33,157.75,78.25,3.0,0.0,NA,0.0,0.0,NA,0.0,0.0,0.0,NA,NA,NA,NA,0.0,0.0,NA,NA,NA
2026-01-23 07:00:00,70.0,135.5,92.25,80.0,139.75,64.75,3.5,0.0,NA,0.0,0.0,NA,0.0,0.0,0.0,NA,NA,NA,NA,0.0,0.0,NA,NA,NA
2026-01-23 08:00:00,68.5,137.0,85.25,NA,137.25,59.75,5.5,0.0,1.5,0.0,0.0,NA,0.0,0.0,0.0,NA,NA,NA,NA,0.0,0.0,NA,NA,NA
2026-01-23 09:00:00,69.0,141.25,63.0,76.0,111.75,43.75,5.25,0.0,10.0,0.0,0.0,NA,0.0,0.0,0.0,NA,NA,NA,NA,0.0,0.0,NA,NA,NA
2026-01-23 10:00:00,65.5,125.25,19.75,59.75,53.0,13.75,5.25,0.0,31.5,0.0,0.0,NA,0.0,0.0,0.0,NA,NA,NA,NA,0.0,0.0,NA,NA,NA
2026-01-23 11:00:00,63.75,106.0,6.0,50.5,33.25,4.5,5.75,0.0,58.25,0.0,0.0,NA,0.0,0.0,0.0,NA,NA,NA,NA,0.0,0.0,NA,NA,NA
2026-01-23 12:00:00,61.25,99.0,6.0,48.25,32.0,4.25,6.25,0.0,56.25,0.0,0.0,NA,0.0,0.0,0.0,NA,NA,NA,NA,0.0,0.0,NA,NA,NA
2026-01-23 13:00:00,58.75,97.5,22.5,62.75,56.0,15.5,6.5,0.0,39.5,0.0,0.0,NA,0.0,0.0,0.0,NA,NA,NA,NA,0.0,0.0,NA,NA,NA
2026-01-23 14:00:00,56.75,91.5,17.75,55.25,47.5,12.25,6.25,0.0,35.5,0.0,0.0,NA,0.0,0.0,0.0,NA,NA,NA,NA,0.0,0.0,NA,NA,NA
2026-01-23 15:00:00,39.75,80.5,20.75,56.25,51.5,14.25,6.75,0.0,35.0,0.0,0.0,NA,0.0,0.0,0.0,NA,NA,NA,NA,0.0,0.0,NA,NA,NA
2026-01-23 16:00:00,37.5,71.0,28.75,60.0,61.5,19.75,6.75,0.0,26.75,0.0,0.0,NA,0.0,0.0,0.0,NA,NA,NA,NA,0.0,0.0,NA,NA,NA
2026-01-23 17:00:00,37.75,73.75,35.25,62.75,69.75,24.5,6.25,0.0,18.75,0.0,0.0,NA,0.0,0.0,0.0,NA,NA,NA,NA,0.0,0.0,NA,NA,NA
2026-01-23 18:00:00,33.75,71.25,37.5,68.25,74.25,26.0,6.25,0.0,12.25,0.0,0.0,NA,0.0,0.0,0.0,NA,NA,NA,NA,0.0,0.0,NA,NA,NA
2026-01-23 19:00:00,32.0,66.25,44.75,74.0,84.25,31.25,7.5,0.0,7.0,0.0,0.0,NA,0.0,0.0,0.0,NA,NA,NA,NA,0.0,0.0,NA,NA,NA
2026-01-23 20:00:00,33.5,64.75,34.25,80.25,77.25,24.0,5.25,0.0,8.5,0.0,0.0,NA,0.0,0.0,0.0,NA,NA,NA,NA,0.0,0.0,NA,NA,NA
2026-01-23 21:00:00,34.75,72.75,57.5,80.5,100.5,40.25,4.0,0.0,2.0,0.0,0.0,NA,0.0,0.0,0.0,NA,NA,NA,NA,0.0,0.0,NA,NA,NA
2026-01-23 22:00:00,41.75,88.5,75.25,72.75,114.25,52.5,10.25,0.0,2.25,0.0,0.0,NA,0.0,0.0,0.0,NA,NA,NA,NA,0.0,0.0,NA,NA,NA
2026-01-23 23:00:00,41.0,93.0,137.33,65.67,173.0,96.0,14.67,0.0,4.33,0.0,0.0,NA,0.0,0.0,0.0,NA,NA,NA,NA,0.0,0.0,NA,NA,NA
2026-01-24 00:00:00,43.75,111.5,109.75,64.75,144.5,76.5,11.75,0.0,3.0,0.0,0.0,NA,0.0,0.0,0.0,NA,NA,NA,NA,0.0,0.0,NA,NA,NA
2026-01-24 01:00:00,46.5,118.5,128.25,59.0,160.0,89.5,14.0,0.0,5.0,0.0,0.0,NA,0.0,0.0,0.0,NA,NA,NA,NA,0.0,0.0,NA,NA,NA
2026-01-24 02:00:00,54.75,127.75,100.25,65.0,135.25,70.25,16.75,0.25,3.75,0.0,0.0,NA,0.0,0.0,0.0,NA,NA,NA,NA,0.0,0.0,NA,NA,NA
2026-01-24 03:00:00,54.25,125.0,88.0,55.25,117.5,61.25,14.5,0.0,2.25,0.0,0.0,NA,0.0,0.0,0.0,NA,NA,NA,NA,0.0,0.0,NA,NA,NA
2026-01-24 04:00:00,52.75,114.25,105.75,52.75,134.25,74.0,11.25,0.0,1.75,0.0,0.0,NA,0.0,0.0,0.0,NA,NA,NA,NA,0.0,0.0,NA,NA,NA
2026-01-24 05:00:00,45.75,118.5,131.5,48.25,157.25,91.5,10.25,0.0,1.75,0.0,0.0,NA,0.0,0.0,0.0,NA,NA,NA,NA,0.0,0.0,NA,NA,NA
2026-01-24 06:00:00,43.0,132.25,175.5,55.5,205.25,122.75,11.75,0.0,1.75,0.0,0.0,NA,0.0,0.0,0.0,NA,NA,NA,NA,0.0,0.0,NA,NA,NA
2026-01-24 07:00:00,46.0,131.0,199.25,53.5,227.5,139.0,13.5,0.5,3.25,0.0,0.0,NA,0.0,0.0,0.0,NA,NA,NA,NA,0.0,0.0,NA,NA,NA
2026-01-24 08:00:00,47.0,129.25,182.5,57.25,213.5,127.5,14.25,1.0,4.25,0.0,0.0,NA,0.0,0.0,0.0,NA,NA,NA,NA,0.0,0.0,NA,NA,NA
2026-01-24 09:00:00,50.0,139.0,141.75,82.0,190.75,99.0,20.0,1.0,5.0,0.0,0.0,NA,0.0,0.0,0.0,NA,NA,NA,NA,0.0,0.0,NA,NA,NA
2026-01-24 10:00:00,51.75,144.75,110.5,NA,165.0,77.25,22.75,1.0,5.75,0.0,0.0,NA,0.0,0.0,0.0,NA,NA,NA,NA,0.0,0.0,NA,NA,NA
2026-01-24 11:00:00,56.5,140.75,84.25,NA,142.0,59.0,23.0,1.0,7.5,0.0,0.0,NA,0.0,0.0,0.0,NA,NA,NA,NA,0.0,0.0,NA,NA,NA
2026-01-24 12:00:00,55.5,123.75,20.5,85.0,70.75,14.5,17.25,0.25,25.75,0.0,0.0,NA,0.0,0.0,0.0,NA,NA,NA,NA,0.0,0.0,NA,NA,NA
2026-01-24 13:00:00,54.25,117.25,10.5,82.0,56.75,7.5,14.5,0.0,56.0,0.0,0.0,NA,0.0,0.0,0.0,NA,NA,NA,NA,0.0,0.0,NA,NA,NA
2026-01-24 14:00:00,47.75,103.75,12.0,82.0,60.5,8.5,12.0,0.0,53.75,0.0,0.0,NA,0.0,0.0,0.0,NA,NA,NA,NA,0.0,0.0,NA,NA,NA
2026-01-24 15:00:00,48.0,90.25,20.5,NA,75.5,14.25,10.0,0.0,48.5,0.0,0.0,NA,0.0,0.0,0.0,NA,NA,NA,NA,0.0,0.0,NA,NA,NA
2026-01-24 16:00:00,43.25,86.25,21.5,NA,79.75,14.75,8.75,0.0,48.67,0.0,0.0,NA,0.0,0.0,0.0,NA,NA,NA,NA,0.0,0.0,NA,NA,NA
2026-01-24 17:00:00,44.5,92.25,11.25,NA,68.25,7.75,7.5,0.0,61.75,0.0,0.0,NA,0.0,0.0,0.0,NA,NA,NA,NA,0.0,0.0,NA,NA,NA
2026-01-24 18:00:00,46.5,92.75,18.5,NA,86.5,12.75,7.5,0.25,39.75,0.0,0.0,NA,0.0,0.0,0.0,NA,NA,NA,NA,0.0,0.0,NA,NA,NA
2026-01-24 19:00:00,43.25,92.5,14.5,NA,75.75,10.0,6.25,0.0,31.0,0.0,0.0,NA,0.0,0.0,0.0,NA,NA,NA,NA,0.0,0.0,NA,NA,NA
2026-01-24 20:00:00,32.5,92.0,17.25,NA,88.5,11.75,6.75,0.0,32.25,0.0,0.0,NA,0.0,0.0,0.0,NA,NA,NA,NA,0.0,0.0,NA,NA,NA
2026-01-24 21:00:00,39.25,89.5,38.75,NA,116.75,26.75,7.5,0.25,17.25,0.0,0.0,NA,0.0,0.0,0.0,NA,NA,NA,NA,0.0,0.0,NA,NA,NA
2026-01-24 22:00:00,48.0,100.5,98.5,NA,173.25,69.0,9.25,1.0,5.5,0.0,0.0,NA,0.0,0.0,0.0,NA,NA,NA,NA,0.0,0.0,NA,NA,NA
2026-01-24 23:00:00,48.33,114.33,78.0,NA,139.0,54.33,8.0,0.67,3.0,0.0,0.0,NA,0.0,0.0,0.0,NA,NA,NA,NA,0.0,0.0,NA,NA,NA
2026-01-25 00:00:00,58.25,125.75,113.25,NA,153.25,64.0,9.5,0.25,4.5,0.0,0.0,NA,0.0,0.0,0.0,NA,NA,NA,NA,0.0,0.0,NA,NA,NA
2026-01-25 01:00:00,61.25,129.75,84.75,NA,126.0,48.25,10.75,0.0,3.5,0.0,0.0,NA,0.0,0.0,0.0,NA,NA,NA,NA,0.0,0.0,NA,NA,NA
2026-01-25 02:00:00,55.0,125.5,125.25,86.0,155.0,71.0,12.25,0.0,4.0,0.0,0.0,NA,0.0,0.0,0.0,NA,NA,NA,NA,0.0,0.0,NA,NA,NA
2026-01-25 03:00:00,56.0,130.75,84.0,85.5,117.75,47.75,14.0,0.0,1.5,0.0,0.0,NA,0.0,0.0,0.0,NA,NA,NA,NA,0.0,0.0,NA,NA,NA
2026-01-25 04:00:00,58.0,136.25,156.0,NA,178.25,88.5,14.5,0.0,1.0,0.0,0.0,NA,0.0,0.0,0.0,NA,NA,NA,NA,0.0,0.0,NA,NA,NA
2026-01-25 05:00:00,68.75,142.0,165.0,84.33,181.5,93.5,11.5,0.0,1.0,0.0,0.0,NA,0.0,0.0,0.0,NA,NA,NA,NA,0.0,0.0,NA,NA,NA
2026-01-25 06:00:00,68.75,150.25,188.75,78.0,198.5,107.25,10.5,0.0,1.25,0.0,0.0,NA,0.0,0.0,0.0,NA,NA,NA,NA,0.0,0.0,NA,NA,NA
2026-01-25 07:00:00,64.5,160.5,141.75,71.0,153.25,80.5,13.0,0.0,3.25,0.0,0.0,NA,0.0,0.0,0.0,NA,NA,NA,NA,0.0,0.0,NA,NA,NA
2026-01-25 08:00:00,69.0,169.5,121.5,NA,150.5,68.75,12.25,0.25,3.5,0.0,0.0,NA,0.0,0.0,0.0,NA,NA,NA,NA,0.0,0.0,NA,NA,NA
2026-01-25 09:00:00,72.25,174.25,85.0,NA,125.75,48.0,13.5,0.5,6.25,0.0,0.0,NA,0.0,0.0,0.0,NA,NA,NA,NA,0.0,0.0,NA,NA,NA
2026-01-25 10:00:00,71.0,164.5,43.5,NA,87.0,24.5,18.75,0.0,11.5,0.0,0.0,NA,0.0,0.0,0.0,NA,NA,NA,NA,0.0,0.0,NA,NA,NA
2026-01-25 11:00:00,62.0,149.0,49.0,NA,95.0,27.75,20.25,0.0,14.25,0.0,0.0,NA,0.0,0.0,0.0,NA,NA,NA,NA,0.0,0.0,NA,NA,NA
2026-01-25 12:00:00,67.25,143.75,12.0,79.0,61.0,6.5,14.25,0.0,46.75,0.0,0.0,NA,0.0,0.0,0.0,NA,NA,NA,NA,0.0,0.0,NA,NA,NA
2026-01-25 13:00:00,67.25,139.25,5.75,81.5,49.0,2.75,12.25,0.0,NA,0.0,0.0,NA,0.0,0.0,0.0,NA,NA,NA,NA,0.0,0.0,NA,NA,NA
2026-01-25 14:00:00,64.75,128.0,2.75,76.5,44.25,1.5,9.5,0.0,NA,0.0,0.0,NA,0.0,0.0,0.0,NA,NA,NA,NA,0.0,0.0,NA,NA,NA
2026-01-25 15:00:00,66.25,124.25,4.25,75.0,48.0,2.5,8.0,0.0,NA,0.0,0.0,NA,0.0,0.0,0.0,NA,NA,NA,NA,0.0,0.0,NA,NA,NA
2026-01-25 16:00:00,68.75,127.0,10.75,78.0,57.25,5.75,6.75,0.0,52.0,0.0,0.0,NA,0.0,0.0,0.0,NA,NA,NA,NA,0.0,0.0,NA,NA,NA
2026-01-25 17:00:00,60.25,123.25,34.0,NA,91.75,19.25,5.0,0.0,36.25,0.0,0.0,NA,0.0,0.0,0.0,NA,NA,NA,NA,0.0,0.0,NA,NA,NA
2026-01-25 18:00:00,60.75,116.75,10.0,NA,63.5,5.5,4.5,0.0,57.25,0.0,0.0,NA,0.0,0.0,0.0,NA,NA,NA,NA,0.0,0.0,NA,NA,NA
2026-01-25 19:00:00,61.0,115.25,8.75,NA,66.75,4.75,4.0,0.0,44.25,0.0,0.0,NA,0.0,0.0,0.0,NA,NA,NA,NA,0.0,0.0,NA,NA,NA
2026-01-25 20:00:00,63.5,124.75,23.75,NA,90.25,13.5,5.5,0.0,25.5,0.0,0.0,NA,0.0,0.0,0.0,NA,NA,NA,NA,0.0,0.0,NA,NA,NA
2026-01-25 21:00:00,64.5,125.0,27.5,NA,91.25,15.75,4.5,0.0,8.0,0.0,0.0,NA,0.0,0.0,0.0,NA,NA,NA,NA,0.0,0.0,NA,NA,NA
2026-01-25 22:00:00,73.5,135.0,105.5,NA,149.25,59.75,6.0,0.67,5.25,0.0,0.0,NA,0.0,0.0,0.0,NA,NA,NA,NA,0.0,0.0,NA,NA,NA
2026-01-25 23:00:00,80.0,143.67,163.0,NA,222.0,114.0,9.0,1.0,5.67,0.0,0.0,NA,0.0,0.0,0.0,NA,NA,NA,NA,0.0,0.0,NA,NA,NA
2026-01-26 00:00:00,NA,177.25,200.5,87.0,216.0,114.0,7.25,1.0,6.25,0.0,0.0,NA,0.0,0.0,0.0,NA,NA,NA,NA,0.0,0.0,NA,NA,NA
2026-01-26 01:00:00,89.0,190.75,209.25,78.67,215.0,119.0,10.5,NA,5.75,0.0,0.0,NA,0.0,0.0,0.0,NA,NA,NA,NA,0.0,0.0,NA,NA,NA
2026-01-26 02:00:00,89.0,191.25,178.0,83.0,191.5,101.0,13.25,NA,4.5,0.0,0.0,NA,0.0,0.0,0.0,NA,NA,NA,NA,0.0,0.0,NA,NA,NA
2026-01-26 03:00:00,NA,190.5,156.5,81.0,171.5,88.75,17.0,1.0,3.75,0.0,0.0,NA,0.0,0.0,0.0,NA,NA,NA,NA,0.0,0.0,NA,NA,NA
2026-01-26 04:00:00,NA,193.0,119.0,83.0,146.0,67.5,18.75,0.5,2.5,0.0,0.0,NA,0.0,0.0,0.0,NA,NA,NA,NA,0.0,0.0,NA,NA,NA
2026-01-26 05:00:00,NA,186.25,41.0,81.5,81.25,22.75,17.0,0.0,1.25,0.0,0.0,NA,0.0,0.0,0.0,NA,NA,NA,NA,0.0,0.0,NA,NA,NA
2026-01-26 06:00:00,NA,173.0,43.25,83.0,84.0,24.5,15.0,0.0,2.0,0.0,0.0,NA,0.0,0.0,0.0,NA,NA,NA,NA,0.0,0.0,NA,NA,NA
2026-01-26 07:00:00,NA,160.75,65.5,83.0,101.0,37.0,15.0,0.0,2.5,0.0,0.0,NA,0.0,0.0,0.0,NA,NA,NA,NA,0.0,0.0,NA,NA,NA
2026-01-26 08:00:00,NA,163.25,74.75,NA,115.25,42.25,14.0,0.25,4.25,0.0,0.0,NA,0.0,0.0,0.0,NA,NA,NA,NA,0.0,0.0,NA,NA,NA
2026-01-26 09:00:00,NA,181.75,45.0,NA,86.5,25.5,13.75,0.0,9.5,0.0,0.0,NA,0.0,0.0,0.0,NA,NA,NA,NA,0.0,0.0,NA,NA,NA
2026-01-26 10:00:00,NA,174.75,44.0,NA,87.5,24.75,16.25,0.5,13.5,0.0,0.0,NA,0.0,0.0,0.0,NA,NA,NA,NA,0.0,0.0,NA,NA,NA
2026-01-26 11:00:00,NA,172.75,35.75,NA,85.75,20.5,22.25,0.25,19.5,0.0,0.0,NA,0.0,0.0,0.0,NA,NA,NA,NA,0.0,0.0,NA,NA,NA
2026-01-26 12:00:00,NA,177.5,7.5,NA,61.5,4.0,21.0,0.0,52.33,0.0,0.0,NA,0.0,0.0,0.0,NA,NA,NA,NA,0.0,0.0,NA,NA,NA
2026-01-26 13:00:00,NA,180.25,2.75,83.25,47.25,1.5,18.75,0.0,NA,0.0,0.0,NA,0.0,0.0,0.0,NA,NA,NA,NA,0.0,0.0,NA,NA,NA
2026-01-26 14:00:00,NA,169.5,1.75,79.75,44.25,0.75,14.5,0.0,NA,0.0,0.0,NA,0.0,0.0,0.0,NA,NA,NA,NA,0.0,0.0,NA,NA,NA
2026-01-26 15:00:00,NA,163.75,2.25,75.75,43.75,1.0,10.25,0.0,NA,0.0,0.0,NA,0.0,0.0,0.0,NA,NA,NA,NA,0.0,0.0,NA,NA,NA
2026-01-26 16:00:00,NA,155.25,3.25,80.5,49.0,1.5,8.25,0.0,NA,0.0,0.0,NA,0.0,0.0,0.0,NA,NA,NA,NA,0.0,0.0,NA,NA,NA
2026-01-26 17:00:00,NA,145.0,4.25,NA,53.75,2.0,7.75,0.0,NA,0.0,0.0,NA,0.0,0.0,0.0,NA,NA,NA,NA,0.0,0.0,NA,NA,NA
2026-01-26 18:00:00,83.0,136.75,8.0,NA,63.5,4.0,6.25,0.0,53.5,0.0,0.0,NA,0.0,0.0,0.0,NA,NA,NA,NA,0.0,0.0,NA,NA,NA
2026-01-26 19:00:00,82.5,136.75,11.75,NA,69.75,6.5,5.75,0.5,47.25,0.0,0.0,NA,0.0,0.0,0.0,NA,NA,NA,NA,0.0,0.0,NA,NA,NA
2026-01-26 20:00:00,81.5,137.0,10.75,NA,68.5,5.75,6.75,0.25,41.75,0.0,0.0,NA,0.0,0.0,0.0,NA,NA,NA,NA,0.0,0.0,NA,NA,NA
2026-01-26 21:00:00,82.0,132.25,12.5,NA,71.5,7.0,5.25,0.0,23.5,0.0,0.0,NA,0.0,0.0,0.0,NA,NA,NA,NA,0.0,0.0,NA,NA,NA
2026-01-26 22:00:00,77.0,130.5,8.75,NA,62.0,4.75,5.0,0.0,18.0,0.0,0.0,NA,0.0,0.0,0.0,NA,NA,NA,NA,0.0,0.0,NA,NA,NA
2026-01-26 23:00:00,72.33,125.0,40.33,NA,100.67,23.0,4.67,0.67,5.33,0.0,0.0,NA,0.0,0.0,0.0,NA,NA,NA,NA,0.0,0.0,NA,NA,NA
2026-01-27 00:00:00,78.0,142.0,15.0,88.0,71.75,10.5,0.0,0.0,3.75,0.0,0.0,NA,0.0,0.0,0.0,NA,NA,NA,NA,0.0,0.0,NA,NA,NA
2026-01-27 01:00:00,73.5,143.0,7.25,76.0,50.25,5.0,0.0,0.0,8.5,0.0,0.0,NA,0.0,0.0,0.0,NA,NA,NA,NA,0.0,0.0,NA,NA,NA
2026-01-27 02:00:00,71.0,130.25,3.75,68.5,41.0,2.5,0.0,0.0,24.5,0.0,0.0,NA,0.0,0.0,0.0,NA,NA,NA,NA,0.0,0.0,NA,NA,NA
2026-01-27 03:00:00,75.0,123.0,2.5,69.25,39.25,1.5,0.25,0.0,30.75,0.0,0.0,NA,0.0,0.0,0.0,NA,NA,NA,NA,0.0,0.0,NA,NA,NA
2026-01-27 04:00:00,76.5,121.25,4.0,77.67,47.75,2.5,0.75,0.0,21.75,0.0,0.0,NA,0.0,0.0,0.0,NA,NA,NA,NA,0.0,0.0,NA,NA,NA
2026-01-27 05:00:00,72.5,121.25,9.0,85.0,63.25,6.25,0.75,0.0,15.0,0.0,0.0,NA,0.0,0.0,0.0,NA,NA,NA,NA,0.0,0.0,NA,NA,NA
2026-01-27 06:00:00,64.75,113.75,19.75,NA,82.75,13.5,3.5,0.0,11.5,0.0,0.0,NA,0.0,0.0,0.0,NA,NA,NA,NA,0.0,0.0,NA,NA,NA
2026-01-27 07:00:00,63.75,103.0,61.75,NA,133.0,43.0,6.0,0.5,2.67,0.0,0.0,NA,0.0,0.0,0.0,NA,NA,NA,NA,0.0,0.0,NA,NA,NA
2026-01-27 08:00:00,68.25,110.5,64.25,NA,134.75,44.75,8.0,1.0,4.75,0.0,0.0,NA,0.0,0.0,0.0,NA,NA,NA,NA,0.0,0.0,NA,NA,NA
2026-01-27 09:00:00,58.25,115.25,49.0,NA,118.25,34.5,8.0,0.5,12.25,0.0,0.0,NA,0.0,0.0,0.0,NA,NA,NA,NA,0.0,0.0,NA,NA,NA
2026-01-27 10:00:00,52.0,111.0,51.0,NA,120.0,36.0,8.0,1.0,17.0,0.0,0.0,NA,0.0,0.0,0.0,NA,NA,NA,NA,0.0,0.0,NA,NA,NA
2026-01-27 11:00:00,22.0,28.0,19.0,NA,87.0,13.25,8.75,0.0,48.0,0.0,0.0,NA,0.0,0.0,0.0,NA,NA,NA,NA,0.0,0.0,NA,NA,NA
2026-01-27 12:00:00,38.5,47.75,15.5,NA,74.25,10.75,7.0,0.0,43.75,0.0,0.0,NA,0.0,0.0,0.0,NA,NA,NA,NA,0.0,0.0,NA,NA,NA
2026-01-27 13:00:00,40.25,71.75,16.25,NA,70.5,11.25,8.0,0.0,48.75,0.0,0.0,NA,0.0,0.0,0.0,NA,NA,NA,NA,0.0,0.0,NA,NA,NA
2026-01-27 14:00:00,35.25,70.5,18.75,NA,71.5,13.0,8.0,0.0,45.75,0.0,0.0,NA,0.0,0.0,0.0,NA,NA,NA,NA,0.0,0.0,NA,NA,NA
2026-01-27 15:00:00,31.0,70.75,28.0,NA,82.5,19.25,8.5,0.0,35.25,0.0,0.0,NA,0.0,0.0,0.0,NA,NA,NA,NA,0.0,0.0,NA,NA,NA
2026-01-27 16:00:00,31.25,64.75,20.0,NA,70.5,13.5,8.25,0.0,44.25,0.0,0.0,NA,0.0,0.0,0.0,NA,NA,NA,NA,0.0,0.0,NA,NA,NA
2026-01-27 17:00:00,31.0,64.0,8.25,NA,58.75,5.75,8.75,0.0,57.5,0.0,0.0,NA,0.0,0.0,0.0,NA,NA,NA,NA,0.0,0.0,NA,NA,NA
2026-01-27 18:00:00,26.5,68.25,18.25,NA,75.0,13.0,8.75,0.0,40.25,0.0,0.0,NA,0.0,0.0,0.0,NA,NA,NA,NA,0.0,0.0,NA,NA,NA
2026-01-27 19:00:00,30.0,64.5,28.25,NA,89.0,20.0,8.75,0.0,23.25,0.0,0.0,NA,0.0,0.0,0.0,NA,NA,NA,NA,0.0,0.0,NA,NA,NA
2026-01-27 20:00:00,34.25,63.5,32.5,NA,94.25,22.75,9.5,0.0,14.5,0.0,0.0,NA,0.0,0.0,0.0,NA,NA,NA,NA,0.0,0.0,NA,NA,NA
2026-01-27 21:00:00,30.5,72.5,33.0,NA,94.0,22.5,9.25,0.0,11.25,0.0,0.0,NA,0.0,0.0,0.0,NA,NA,NA,NA,0.0,0.0,NA,NA,NA
2026-01-27 22:00:00,32.0,75.25,64.75,NA,126.75,45.0,9.25,0.25,4.25,0.0,0.0,NA,0.0,0.0,0.0,NA,NA,NA,NA,0.0,0.0,NA,NA,NA
2026-01-27 23:00:00,32.0,76.0,82.0,NA,143.0,57.33,6.33,0.0,2.67,0.0,0.0,NA,0.0,0.0,0.0,NA,NA,NA,NA,0.0,0.0,NA,NA,NA
2026-01-28 00:00:00,29.25,76.25,56.25,86.0,112.75,39.25,6.0,0.0,2.0,NA,NA,NA,NA,NA,NA,NA,NA,NA,NA,NA,NA,NA,NA,NA
2026-01-28 01:00:00,30.25,79.5,61.25,83.0,111.0,42.5,6.75,0.0,2.25,NA,NA,NA,NA,NA,NA,NA,NA,NA,NA,NA,NA,NA,NA,NA
2026-01-28 02:00:00,31.75,90.0,32.5,91.0,84.0,22.75,6.75,0.0,1.5,NA,NA,NA,NA,NA,NA,NA,NA,NA,NA,NA,NA,NA,NA,NA
2026-01-28 03:00:00,35.75,84.75,41.5,NA,94.75,28.75,7.0,0.0,1.0,NA,NA,NA,NA,NA,NA,NA,NA,NA,NA,NA,NA,NA,NA,NA
2026-01-28 04:00:00,33.75,81.5,27.5,NA,79.5,19.0,7.25,0.0,2.25,NA,NA,NA,NA,NA,NA,NA,NA,NA,NA,NA,NA,NA,NA,NA
2026-01-28 05:00:00,31.75,75.0,66.5,NA,126.0,46.5,7.0,0.0,1.0,NA,NA,NA,NA,NA,NA,NA,NA,NA,NA,NA,NA,NA,NA,NA
2026-01-28 06:00:00,29.75,81.0,115.0,NA,173.0,80.5,9.75,0.5,1.0,NA,NA,NA,NA,NA,NA,NA,NA,NA,NA,NA,NA,NA,NA,NA
2026-01-28 07:00:00,28.5,87.5,160.5,NA,218.5,112.25,10.75,1.0,1.0,NA,NA,NA,NA,NA,NA,NA,NA,NA,NA,NA,NA,NA,NA,NA
2026-01-28 08:00:00,31.25,96.0,134.5,NA,193.75,94.25,11.0,1.0,2.0,NA,NA,NA,NA,NA,NA,NA,NA,NA,NA,NA,NA,NA,NA,NA
2026-01-28 09:00:00,33.0,101.0,103.25,NA,163.0,72.25,14.25,1.0,4.75,NA,NA,NA,NA,NA,NA,NA,NA,NA,NA,NA,NA,NA,NA,NA
2026-01-28 10:00:00,32.75,106.0,102.0,NA,177.75,71.5,16.75,1.0,6.25,NA,NA,NA,NA,NA,NA,NA,NA,NA,NA,NA,NA,NA,NA,NA
2026-01-28 11:00:00,31.75,103.5,89.75,NA,160.0,62.25,16.75,1.0,10.25,NA,NA,NA,NA,NA,NA,NA,NA,NA,NA,NA,NA,NA,NA,NA
2026-01-28 12:00:00,30.25,94.25,48.75,NA,117.0,34.0,16.75,0.5,25.0,NA,NA,NA,NA,NA,NA,NA,NA,NA,NA,NA,NA,NA,NA,NA
2026-01-28 13:00:00,32.5,90.0,27.75,NA,102.75,19.25,15.25,0.5,44.25,NA,NA,NA,NA,NA,NA,NA,NA,NA,NA,NA,NA,NA,NA,NA
2026-01-28 14:00:00,36.0,89.75,18.5,NA,95.0,13.25,14.5,0.25,51.67,NA,NA,NA,NA,NA,NA,NA,NA,NA,NA,NA,NA,NA,NA,NA
2026-01-28 15:00:00,35.25,86.75,12.75,NA,78.5,9.0,12.5,0.25,47.0,NA,NA,NA,NA,NA,NA,NA,NA,NA,NA,NA,NA,NA,NA,NA
2026-01-28 16:00:00,36.75,79.0,12.0,NA,84.75,8.25,12.75,0.5,NA,NA,NA,NA,NA,NA,NA,NA,NA,NA,NA,NA,NA,NA,NA,NA
2026-01-28 17:00:00,41.0,96.25,12.0,NA,89.5,8.25,12.5,0.75,NA,NA,NA,NA,NA,NA,NA,NA,NA,NA,NA,NA,NA,NA,NA,NA
2026-01-28 18:00:00,42.5,103.75,14.0,NA,90.75,9.75,11.25,0.75,58.0,NA,NA,NA,NA,NA,NA,NA,NA,NA,NA,NA,NA,NA,NA,NA
2026-01-28 19:00:00,49.25,108.25,13.75,NA,87.0,9.75,10.0,1.0,49.75,NA,NA,NA,NA,NA,NA,NA,NA,NA,NA,NA,NA,NA,NA,NA
2026-01-28 20:00:00,44.75,108.75,18.5,NA,93.0,13.0,9.5,1.0,31.75,NA,NA,NA,NA,NA,NA,NA,NA,NA,NA,NA,NA,NA,NA,NA
2026-01-28 21:00:00,47.5,107.75,31.5,NA,107.5,21.75,10.0,1.0,17.25,NA,NA,NA,NA,NA,NA,NA,NA,NA,NA,NA,NA,NA,NA,NA
2026-01-28 22:00:00,43.75,106.5,23.5,NA,94.25,16.25,9.5,0.25,19.0,NA,NA,NA,NA,NA,NA,NA,NA,NA,NA,NA,NA,NA,NA,NA
2026-01-28 23:00:00,42.0,104.0,27.33,NA,97.67,19.33,5.33,0.0,11.0,NA,NA,NA,NA,NA,NA,NA,NA,NA,NA,NA,NA,NA,NA,NA
2026-01-29 00:00:00,42.0,82.25,52.0,NA,120.5,36.0,1.5,0.0,3.0,NA,NA,NA,NA,NA,NA,NA,NA,NA,NA,NA,NA,NA,NA,NA
2026-01-29 01:00:00,42.0,93.0,54.0,NA,117.67,37.67,0.0,0.0,2.0,NA,NA,NA,NA,NA,NA,NA,NA,NA,NA,NA,NA,NA,NA,NA
2026-01-29 02:00:00,NA,NA,NA,NA,NA,NA,NA,NA,NA,NA,NA,NA,NA,NA,NA,NA,NA,NA,NA,NA,NA,NA,NA,NA
2026-01-29 03:00:00,NA,NA,NA,NA,NA,NA,NA,NA,NA,NA,NA,NA,NA,NA,NA,NA,NA,NA,NA,NA,NA,NA,NA,NA
2026-01-29 04:00:00,NA,NA,NA,NA,NA,NA,NA,NA,NA,NA,NA,NA,NA,NA,NA,NA,NA,NA,NA,NA,NA,NA,NA,NA
2026-01-29 05:00:00,NA,NA,NA,NA,NA,NA,NA,NA,NA,NA,NA,NA,NA,NA,NA,NA,NA,NA,NA,NA,NA,NA,NA,NA
2026-01-29 06:00:00,NA,NA,NA,NA,NA,NA,NA,NA,NA,NA,NA,NA,NA,NA,NA,NA,NA,NA,NA,NA,NA,NA,NA,NA
2026-01-29 07:00:00,NA,NA,NA,NA,NA,NA,NA,NA,NA,NA,NA,NA,NA,NA,NA,NA,NA,NA,NA,NA,NA,NA,NA,NA
2026-01-29 08:00:00,NA,NA,NA,NA,NA,NA,NA,NA,NA,NA,NA,NA,NA,NA,NA,NA,NA,NA,NA,NA,NA,NA,NA,NA
2026-01-29 09:00:00,NA,NA,NA,NA,NA,NA,NA,NA,NA,NA,NA,NA,NA,NA,NA,NA,NA,NA,NA,NA,NA,NA,NA,NA
2026-01-29 10:00:00,NA,NA,NA,NA,NA,NA,NA,NA,NA,NA,NA,NA,NA,NA,NA,NA,NA,NA,NA,NA,NA,NA,NA,NA
2026-01-29 11:00:00,NA,NA,NA,NA,NA,NA,NA,NA,NA,NA,NA,NA,NA,NA,NA,NA,NA,NA,NA,NA,NA,NA,NA,NA
2026-01-29 12:00:00,NA,NA,NA,NA,NA,NA,NA,NA,NA,NA,NA,NA,NA,NA,NA,NA,NA,NA,NA,NA,NA,NA,NA,NA
2026-01-29 13:00:00,NA,NA,NA,NA,NA,NA,NA,NA,NA,NA,NA,NA,NA,NA,NA,NA,NA,NA,NA,NA,NA,NA,NA,NA
2026-01-29 14:00:00,NA,NA,NA,NA,NA,NA,NA,NA,NA,NA,NA,NA,NA,NA,NA,NA,NA,NA,NA,NA,NA,NA,NA,NA
2026-01-29 15:00:00,NA,NA,NA,NA,NA,NA,NA,NA,NA,NA,NA,NA,NA,NA,NA,NA,NA,NA,NA,NA,NA,NA,NA,NA
2026-01-29 16:00:00,NA,NA,NA,NA,NA,NA,NA,NA,NA,NA,NA,NA,NA,NA,NA,NA,NA,NA,NA,NA,NA,NA,NA,NA
2026-01-29 17:00:00,NA,NA,NA,NA,NA,NA,NA,NA,NA,NA,NA,NA,NA,NA,NA,NA,NA,NA,NA,NA,NA,NA,NA,NA
2026-01-29 18:00:00,NA,NA,NA,NA,NA,NA,NA,NA,NA,NA,NA,NA,NA,NA,NA,NA,NA,NA,NA,NA,NA,NA,NA,NA
2026-01-29 19:00:00,NA,NA,NA,NA,NA,NA,NA,NA,NA,NA,NA,NA,NA,NA,NA,NA,NA,NA,NA,NA,NA,NA,NA,NA
2026-01-29 20:00:00,NA,NA,NA,NA,NA,NA,NA,NA,NA,NA,NA,NA,NA,NA,NA,NA,NA,NA,NA,NA,NA,NA,NA,NA
2026-01-29 21:00:00,NA,NA,NA,NA,NA,NA,NA,NA,NA,NA,NA,NA,NA,NA,NA,NA,NA,NA,NA,NA,NA,NA,NA,NA
2026-01-29 22:00:00,NA,NA,NA,NA,NA,NA,NA,NA,NA,NA,NA,NA,NA,NA,NA,NA,NA,NA,NA,NA,NA,NA,NA,NA
2026-01-29 23:00:00,NA,NA,NA,NA,NA,NA,NA,NA,NA,NA,NA,NA,NA,NA,NA,NA,NA,NA,NA,NA,NA,NA,NA,NA
2026-01-30 00:00:00,NA,NA,NA,NA,NA,NA,NA,NA,NA,NA,NA,NA,NA,NA,NA,NA,NA,NA,NA,NA,NA,NA,NA,NA
2026-01-30 01:00:00,NA,NA,NA,NA,NA,NA,NA,NA,NA,NA,NA,NA,NA,NA,NA,NA,NA,NA,NA,NA,NA,NA,NA,NA
2026-01-30 02:00:00,NA,NA,NA,NA,NA,NA,NA,NA,NA,NA,NA,NA,NA,NA,NA,NA,NA,NA,NA,NA,NA,NA,NA,NA
2026-01-30 03:00:00,NA,NA,NA,NA,NA,NA,NA,NA,NA,NA,NA,NA,NA,NA,NA,NA,NA,NA,NA,NA,NA,NA,NA,NA
2026-01-30 04:00:00,NA,NA,NA,NA,NA,NA,NA,NA,NA,NA,NA,NA,NA,NA,NA,NA,NA,NA,NA,NA,NA,NA,NA,NA
2026-01-30 05:00:00,NA,NA,NA,NA,NA,NA,NA,NA,NA,NA,NA,NA,NA,NA,NA,NA,NA,NA,NA,NA,NA,NA,NA,NA
2026-01-30 06:00:00,NA,NA,NA,NA,NA,NA,NA,NA,NA,NA,NA,NA,NA,NA,NA,NA,NA,NA,NA,NA,NA,NA,NA,NA
2026-01-30 07:00:00,NA,NA,NA,NA,NA,NA,NA,NA,NA,NA,NA,NA,NA,NA,NA,NA,NA,NA,NA,NA,NA,NA,NA,NA
2026-01-30 08:00:00,NA,NA,NA,NA,NA,NA,NA,NA,NA,NA,NA,NA,NA,NA,NA,NA,NA,NA,NA,NA,NA,NA,NA,NA
2026-01-30 09:00:00,NA,NA,NA,NA,NA,NA,NA,NA,NA,NA,NA,NA,NA,NA,NA,NA,NA,NA,NA,NA,NA,NA,NA,NA
2026-01-30 10:00:00,NA,NA,NA,NA,NA,NA,NA,NA,NA,NA,NA,NA,NA,NA,NA,NA,NA,NA,NA,NA,NA,NA,NA,NA
2026-01-30 11:00:00,NA,NA,NA,NA,NA,NA,NA,NA,NA,NA,NA,NA,NA,NA,NA,NA,NA,NA,NA,NA,NA,NA,NA,NA
2026-01-30 12:00:00,NA,NA,NA,NA,NA,NA,NA,NA,NA,NA,NA,NA,NA,NA,NA,NA,NA,NA,NA,NA,NA,NA,NA,NA
2026-01-30 13:00:00,NA,NA,NA,NA,NA,NA,NA,NA,NA,NA,NA,NA,NA,NA,NA,NA,NA,NA,NA,NA,NA,NA,NA,NA
2026-01-30 14:00:00,NA,NA,NA,NA,NA,NA,NA,NA,NA,NA,NA,NA,NA,NA,NA,NA,NA,NA,NA,NA,NA,NA,NA,NA
2026-01-30 15:00:00,NA,NA,NA,NA,NA,NA,NA,NA,NA,NA,NA,NA,NA,NA,NA,NA,NA,NA,NA,NA,NA,NA,NA,NA
2026-01-30 16:00:00,NA,NA,NA,NA,NA,NA,NA,NA,NA,NA,NA,NA,NA,NA,NA,NA,NA,NA,NA,NA,NA,NA,NA,NA
2026-01-30 17:00:00,NA,NA,NA,NA,NA,NA,NA,NA,NA,NA,NA,NA,NA,NA,NA,NA,NA,NA,NA,NA,NA,NA,NA,NA
2026-01-30 18:00:00,NA,NA,NA,NA,NA,NA,NA,NA,NA,NA,NA,NA,NA,NA,NA,NA,NA,NA,NA,NA,NA,NA,NA,NA
2026-01-30 19:00:00,NA,NA,NA,NA,NA,NA,NA,NA,NA,NA,NA,NA,NA,NA,NA,NA,NA,NA,NA,NA,NA,NA,NA,NA
2026-01-30 20:00:00,NA,NA,NA,NA,NA,NA,NA,NA,NA,NA,NA,NA,NA,NA,NA,NA,NA,NA,NA,NA,NA,NA,NA,NA
2026-01-30 21:00:00,NA,NA,NA,NA,NA,NA,NA,NA,NA,NA,NA,NA,NA,NA,NA,NA,NA,NA,NA,NA,NA,NA,NA,NA
2026-01-30 22:00:00,NA,NA,NA,NA,NA,NA,NA,NA,NA,NA,NA,NA,NA,NA,NA,NA,NA,NA,NA,NA,NA,NA,NA,NA
2026-01-30 23:00:00,NA,NA,NA,NA,NA,NA,NA,NA,NA,NA,NA,NA,NA,NA,NA,NA,NA,NA,NA,NA,NA,NA,NA,NA
2026-01-31 00:00:00,NA,NA,NA,NA,NA,NA,NA,NA,NA,NA,NA,NA,NA,NA,NA,NA,NA,NA,NA,NA,NA,NA,NA,NA
2026-01-31 01:00:00,NA,NA,NA,NA,NA,NA,NA,NA,NA,NA,NA,NA,NA,NA,NA,NA,NA,NA,NA,NA,NA,NA,NA,NA
2026-01-31 02:00:00,NA,NA,NA,NA,NA,NA,NA,NA,NA,NA,NA,NA,NA,NA,NA,NA,NA,NA,NA,NA,NA,NA,NA,NA
2026-01-31 03:00:00,NA,NA,NA,NA,NA,NA,NA,NA,NA,NA,NA,NA,NA,NA,NA,NA,NA,NA,NA,NA,NA,NA,NA,NA
2026-01-31 04:00:00,NA,NA,NA,NA,NA,NA,NA,NA,NA,NA,NA,NA,NA,NA,NA,NA,NA,NA,NA,NA,NA,NA,NA,NA
2026-01-31 05:00:00,NA,NA,NA,NA,NA,NA,NA,NA,NA,NA,NA,NA,NA,NA,NA,NA,NA,NA,NA,NA,NA,NA,NA,NA
2026-01-31 06:00:00,NA,NA,NA,NA,NA,NA,NA,NA,NA,NA,NA,NA,NA,NA,NA,NA,NA,NA,NA,NA,NA,NA,NA,NA
2026-01-31 07:00:00,NA,NA,NA,NA,NA,NA,NA,NA,NA,NA,NA,NA,NA,NA,NA,NA,NA,NA,NA,NA,NA,NA,NA,NA
2026-01-31 08:00:00,NA,NA,NA,NA,NA,NA,NA,NA,NA,NA,NA,NA,NA,NA,NA,NA,NA,NA,NA,NA,NA,NA,NA,NA
2026-01-31 09:00:00,NA,NA,NA,NA,NA,NA,NA,NA,NA,NA,NA,NA,NA,NA,NA,NA,NA,NA,NA,NA,NA,NA,NA,NA
2026-01-31 10:00:00,NA,NA,NA,NA,NA,NA,NA,NA,NA,NA,NA,NA,NA,NA,NA,NA,NA,NA,NA,NA,NA,NA,NA,NA
2026-01-31 11:00:00,NA,NA,NA,NA,NA,NA,NA,NA,NA,NA,NA,NA,NA,NA,NA,NA,NA,NA,NA,NA,NA,NA,NA,NA
2026-01-31 12:00:00,NA,NA,NA,NA,NA,NA,NA,NA,NA,NA,NA,NA,NA,NA,NA,NA,NA,NA,NA,NA,NA,NA,NA,NA
2026-01-31 13:00:00,NA,NA,NA,NA,NA,NA,NA,NA,NA,NA,NA,NA,NA,NA,NA,NA,NA,NA,NA,NA,NA,NA,NA,NA
2026-01-31 14:00:00,NA,NA,NA,NA,NA,NA,NA,NA,NA,NA,NA,NA,NA,NA,NA,NA,NA,NA,NA,NA,NA,NA,NA,NA
2026-01-31 15:00:00,NA,NA,NA,NA,NA,NA,NA,NA,NA,NA,NA,NA,NA,NA,NA,NA,NA,NA,NA,NA,NA,NA,NA,NA
2026-01-31 16:00:00,NA,NA,NA,NA,NA,NA,NA,NA,NA,NA,NA,NA,NA,NA,NA,NA,NA,NA,NA,NA,NA,NA,NA,NA
2026-01-31 17:00:00,NA,NA,NA,NA,NA,NA,NA,NA,NA,NA,NA,NA,NA,NA,NA,NA,NA,NA,NA,NA,NA,NA,NA,NA
2026-01-31 18:00:00,NA,NA,NA,NA,NA,NA,NA,NA,NA,NA,NA,NA,NA,NA,NA,NA,NA,NA,NA,NA,NA,NA,NA,NA
2026-01-31 19:00:00,NA,NA,NA,NA,NA,NA,NA,NA,NA,NA,NA,NA,NA,NA,NA,NA,NA,NA,NA,NA,NA,NA,NA,NA
2026-01-31 20:00:00,NA,NA,NA,NA,NA,NA,NA,NA,NA,NA,NA,NA,NA,NA,NA,NA,NA,NA,NA,NA,NA,NA,NA,NA
2026-01-31 21:00:00,NA,NA,NA,NA,NA,NA,NA,NA,NA,NA,NA,NA,NA,NA,NA,NA,NA,NA,NA,NA,NA,NA,NA,NA
2026-01-31 22:00:00,NA,NA,NA,NA,NA,NA,NA,NA,NA,NA,NA,NA,NA,NA,NA,NA,NA,NA,NA,NA,NA,NA,NA,NA
2026-01-31 23:00:00,NA,NA,NA,NA,NA,NA,NA,NA,NA,NA,NA,NA,NA,NA,NA,NA,NA,NA,NA,NA,NA,NA,NA,NA
2026-02-01 00:00:00,NA,NA,NA,NA,NA,NA,NA,NA,NA,NA,NA,NA,NA,NA,NA,NA,NA,NA,NA,NA,NA,NA,NA,NA
2026-02-01 01:00:00,NA,NA,NA,NA,NA,NA,NA,NA,NA,NA,NA,NA,NA,NA,NA,NA,NA,NA,NA,NA,NA,NA,NA,NA
2026-02-01 02:00:00,NA,NA,NA,NA,NA,NA,NA,NA,NA,NA,NA,NA,NA,NA,NA,NA,NA,NA,NA,NA,NA,NA,NA,NA
2026-02-01 03:00:00,NA,NA,NA,NA,NA,NA,NA,NA,NA,NA,NA,NA,NA,NA,NA,NA,NA,NA,NA,NA,NA,NA,NA,NA
2026-02-01 04:00:00,NA,NA,NA,NA,NA,NA,NA,NA,NA,NA,NA,NA,NA,NA,NA,NA,NA,NA,NA,NA,NA,NA,NA,NA
2026-02-01 05:00:00,NA,NA,NA,NA,NA,NA,NA,NA,NA,NA,NA,NA,NA,NA,NA,NA,NA,NA,NA,NA,NA,NA,NA,NA
2026-02-01 06:00:00,NA,NA,NA,NA,NA,NA,NA,NA,NA,NA,NA,NA,NA,NA,NA,NA,NA,NA,NA,NA,NA,NA,NA,NA
2026-02-01 07:00:00,NA,NA,NA,NA,NA,NA,NA,NA,NA,NA,NA,NA,NA,NA,NA,NA,NA,NA,NA,NA,NA,NA,NA,NA
2026-02-01 08:00:00,NA,NA,NA,NA,NA,NA,NA,NA,NA,NA,NA,NA,NA,NA,NA,NA,NA,NA,NA,NA,NA,NA,NA,NA
2026-02-01 09:00:00,NA,NA,NA,NA,NA,NA,NA,NA,NA,NA,NA,NA,NA,NA,NA,NA,NA,NA,NA,NA,NA,NA,NA,NA
2026-02-01 10:00:00,NA,NA,NA,NA,NA,NA,NA,NA,NA,NA,NA,NA,NA,NA,NA,NA,NA,NA,NA,NA,NA,NA,NA,NA
2026-02-01 11:00:00,NA,NA,NA,NA,NA,NA,NA,NA,NA,NA,NA,NA,NA,NA,NA,NA,NA,NA,NA,NA,NA,NA,NA,NA
2026-02-01 12:00:00,NA,NA,NA,NA,NA,NA,NA,NA,NA,NA,NA,NA,NA,NA,NA,NA,NA,NA,NA,NA,NA,NA,NA,NA
2026-02-01 13:00:00,NA,NA,NA,NA,NA,NA,NA,NA,NA,NA,NA,NA,NA,NA,NA,NA,NA,NA,NA,NA,NA,NA,NA,NA
2026-02-01 14:00:00,NA,NA,NA,NA,NA,NA,NA,NA,NA,NA,NA,NA,NA,NA,NA,NA,NA,NA,NA,NA,NA,NA,NA,NA
2026-02-01 15:00:00,NA,NA,NA,NA,NA,NA,NA,NA,NA,NA,NA,NA,NA,NA,NA,NA,NA,NA,NA,NA,NA,NA,NA,NA
2026-02-01 16:00:00,NA,NA,NA,NA,NA,NA,NA,NA,NA,NA,NA,NA,NA,NA,NA,NA,NA,NA,NA,NA,NA,NA,NA,NA
2026-02-01 17:00:00,NA,NA,NA,NA,NA,NA,NA,NA,NA,NA,NA,NA,NA,NA,NA,NA,NA,NA,NA,NA,NA,NA,NA,NA
2026-02-01 18:00:00,NA,NA,NA,NA,NA,NA,NA,NA,NA,NA,NA,NA,NA,NA,NA,NA,NA,NA,NA,NA,NA,NA,NA,NA
2026-02-01 19:00:00,NA,NA,NA,NA,NA,NA,NA,NA,NA,NA,NA,NA,NA,NA,NA,NA,NA,NA,NA,NA,NA,NA,NA,NA
2026-02-01 20:00:00,NA,NA,NA,NA,NA,NA,NA,NA,NA,NA,NA,NA,NA,NA,NA,NA,NA,NA,NA,NA,NA,NA,NA,NA
2026-02-01 21:00:00,NA,NA,NA,NA,NA,NA,NA,NA,NA,NA,NA,NA,NA,NA,NA,NA,NA,NA,NA,NA,NA,NA,NA,NA
2026-02-01 22:00:00,NA,NA,NA,NA,NA,NA,NA,NA,NA,NA,NA,NA,NA,NA,NA,NA,NA,NA,NA,NA,NA,NA,NA,NA
2026-02-01 23:00:00,NA,NA,NA,NA,NA,NA,NA,NA,NA,NA,NA,NA,NA,NA,NA,NA,NA,NA,NA,NA,NA,NA,NA,NA
2026-02-02 00:00:00,NA,NA,NA,NA,NA,NA,NA,NA,NA,NA,NA,NA,NA,NA,NA,NA,NA,NA,NA,NA,NA,NA,NA,NA
2026-02-02 01:00:00,NA,NA,NA,NA,NA,NA,NA,NA,NA,NA,NA,NA,NA,NA,NA,NA,NA,NA,NA,NA,NA,NA,NA,NA
2026-02-02 02:00:00,NA,NA,NA,NA,NA,NA,NA,NA,NA,NA,NA,NA,NA,NA,NA,NA,NA,NA,NA,NA,NA,NA,NA,NA
2026-02-02 03:00:00,NA,NA,NA,NA,NA,NA,NA,NA,NA,NA,NA,NA,NA,NA,NA,NA,NA,NA,NA,NA,NA,NA,NA,NA
2026-02-02 04:00:00,NA,NA,NA,NA,NA,NA,NA,NA,NA,NA,NA,NA,NA,NA,NA,NA,NA,NA,NA,NA,NA,NA,NA,NA
2026-02-02 05:00:00,NA,NA,NA,NA,NA,NA,NA,NA,NA,NA,NA,NA,NA,NA,NA,NA,NA,NA,NA,NA,NA,NA,NA,NA
2026-02-02 06:00:00,NA,NA,NA,NA,NA,NA,NA,NA,NA,NA,NA,NA,NA,NA,NA,NA,NA,NA,NA,NA,NA,NA,NA,NA
2026-02-02 07:00:00,NA,NA,NA,NA,NA,NA,NA,NA,NA,NA,NA,NA,NA,NA,NA,NA,NA,NA,NA,NA,NA,NA,NA,NA
2026-02-02 08:00:00,NA,NA,NA,NA,NA,NA,NA,NA,NA,NA,NA,NA,NA,NA,NA,NA,NA,NA,NA,NA,NA,NA,NA,NA
2026-02-02 09:00:00,NA,NA,NA,NA,NA,NA,NA,NA,NA,NA,NA,NA,NA,NA,NA,NA,NA,NA,NA,NA,NA,NA,NA,NA
2026-02-02 10:00:00,NA,NA,NA,NA,NA,NA,NA,NA,NA,NA,NA,NA,NA,NA,NA,NA,NA,NA,NA,NA,NA,NA,NA,NA
2026-02-02 11:00:00,NA,0.0,54.0,NA,110.0,30.67,17.75,0.0,14.33,NA,NA,NA,NA,NA,NA,NA,NA,NA,NA,NA,NA,NA,NA,NA
2026-02-02 12:00:00,55.0,70.0,29.0,NA,79.25,20.0,23.25,0.0,40.25,NA,NA,NA,NA,NA,NA,NA,NA,NA,NA,NA,NA,NA,NA,NA
2026-02-02 13:00:00,75.0,107.75,7.0,69.0,56.25,5.0,16.75,0.0,73.0,NA,NA,NA,NA,NA,NA,NA,NA,NA,NA,NA,NA,NA,NA,NA
2026-02-02 14:00:00,NA,114.75,2.25,67.25,38.5,1.25,16.0,0.0,NA,NA,NA,NA,NA,NA,NA,NA,NA,NA,NA,NA,NA,NA,NA,NA
2026-02-02 15:00:00,NA,91.25,1.5,66.25,37.25,1.0,15.0,0.0,NA,NA,NA,NA,NA,NA,NA,NA,NA,NA,NA,NA,NA,NA,NA,NA
2026-02-02 16:00:00,NA,111.5,1.75,66.25,38.5,0.75,12.5,0.0,NA,NA,NA,NA,NA,NA,NA,NA,NA,NA,NA,NA,NA,NA,NA,NA
2026-02-02 17:00:00,NA,132.5,14.5,67.0,70.25,10.0,8.5,0.0,53.0,NA,NA,NA,NA,NA,NA,NA,NA,NA,NA,NA,NA,NA,NA,NA
2026-02-02 18:00:00,NA,146.0,24.25,NA,85.0,16.75,8.5,0.0,54.25,NA,NA,NA,NA,NA,NA,NA,NA,NA,NA,NA,NA,NA,NA,NA
2026-02-02 19:00:00,86.0,147.5,42.25,NA,116.75,29.25,9.75,0.5,26.0,NA,NA,NA,NA,NA,NA,NA,NA,NA,NA,NA,NA,NA,NA,NA
2026-02-02 20:00:00,86.0,141.25,27.5,NA,98.0,19.5,11.0,0.0,15.75,NA,NA,NA,NA,NA,NA,NA,NA,NA,NA,NA,NA,NA,NA,NA
2026-02-02 21:00:00,83.0,136.5,73.75,NA,135.25,51.25,12.0,0.75,5.75,NA,NA,NA,NA,NA,NA,NA,NA,NA,NA,NA,NA,NA,NA,NA
2026-02-02 22:00:00,80.0,145.5,113.25,NA,166.75,79.25,16.0,1.0,7.25,NA,NA,NA,NA,NA,NA,NA,NA,NA,NA,NA,NA,NA,NA,NA
2026-02-02 23:00:00,76.67,159.67,223.33,NA,275.0,156.33,18.33,NA,9.33,NA,NA,NA,NA,NA,NA,NA,NA,NA,NA,NA,NA,NA,NA,NA
2026-02-03 00:00:00,86.0,199.0,315.0,78.25,357.75,220.25,19.5,NA,9.25,NA,NA,NA,NA,NA,NA,NA,NA,NA,NA,NA,NA,NA,NA,NA
2026-02-03 01:00:00,NA,239.0,312.5,68.75,349.75,219.0,18.5,NA,9.75,NA,NA,NA,NA,NA,NA,NA,NA,NA,NA,NA,NA,NA,NA,NA
2026-02-03 02:00:00,NA,237.0,175.0,77.25,216.5,122.0,16.5,1.0,9.0,NA,NA,NA,NA,NA,NA,NA,NA,NA,NA,NA,NA,NA,NA,NA
2026-02-03 03:00:00,89.0,214.75,142.5,78.75,184.75,99.25,15.25,1.0,9.0,NA,NA,NA,NA,NA,NA,NA,NA,NA,NA,NA,NA,NA,NA,NA
2026-02-03 04:00:00,89.0,202.75,173.25,82.25,218.25,121.0,15.5,1.0,7.75,NA,NA,NA,NA,NA,NA,NA,NA,NA,NA,NA,NA,NA,NA,NA
2026-02-03 05:00:00,NA,204.75,153.75,63.67,191.5,107.75,15.25,0.75,8.0,NA,NA,NA,NA,NA,NA,NA,NA,NA,NA,NA,NA,NA,NA,NA
2026-02-03 06:00:00,NA,218.25,114.5,78.25,156.75,80.25,16.0,0.0,6.5,NA,NA,NA,NA,NA,NA,NA,NA,NA,NA,NA,NA,NA,NA,NA
2026-02-03 07:00:00,NA,215.75,125.75,74.25,166.5,87.75,15.75,0.75,5.0,NA,NA,NA,NA,NA,NA,NA,NA,NA,NA,NA,NA,NA,NA,NA
2026-02-03 08:00:00,NA,208.75,121.5,75.75,163.25,84.75,14.75,1.0,5.25,NA,NA,NA,NA,NA,NA,NA,NA,NA,NA,NA,NA,NA,NA,NA
2026-02-03 09:00:00,NA,215.0,117.75,69.0,164.5,82.25,16.25,1.0,6.25,NA,NA,NA,NA,NA,NA,NA,NA,NA,NA,NA,NA,NA,NA,NA
2026-02-03 10:00:00,NA,212.5,110.75,NA,165.5,77.25,20.25,1.0,7.75,NA,NA,NA,NA,NA,NA,NA,NA,NA,NA,NA,NA,NA,NA,NA
2026-02-03 11:00:00,NA,224.0,88.0,NA,141.0,61.0,24.0,0.0,9.0,NA,NA,NA,NA,NA,NA,NA,NA,NA,NA,NA,NA,NA,NA,NA
2026-02-03 12:00:00,NA,NA,NA,NA,NA,NA,NA,NA,NA,NA,NA,NA,NA,NA,NA,NA,NA,NA,NA,NA,NA,NA,NA,NA
2026-02-03 13:00:00,NA,NA,NA,NA,0.0,NA,NA,0.0,NA,NA,NA,NA,NA,NA,NA,NA,NA,NA,NA,NA,NA,NA,NA,NA
2026-02-03 14:00:00,73.0,109.0,2.0,56.0,8.0,1.0,7.0,0.0,NA,NA,NA,NA,NA,NA,NA,NA,NA,NA,NA,NA,NA,NA,NA,NA
2026-02-03 15:00:00,77.0,115.0,2.0,51.5,14.75,1.0,2.5,0.0,NA,NA,NA,NA,NA,NA,NA,NA,NA,NA,NA,NA,NA,NA,NA,NA
2026-02-03 16:00:00,83.25,133.75,20.5,44.0,59.25,14.0,NA,0.0,NA,NA,NA,NA,NA,NA,NA,NA,NA,NA,NA,NA,NA,NA,NA,NA
2026-02-03 17:00:00,80.25,141.0,15.25,68.67,56.5,10.25,NA,0.0,NA,NA,NA,NA,NA,NA,NA,NA,NA,NA,NA,NA,NA,NA,NA,NA
2026-02-03 18:00:00,80.5,139.0,31.0,NA,83.5,21.5,NA,0.0,42.75,NA,NA,NA,NA,NA,NA,NA,NA,NA,NA,NA,NA,NA,NA,NA
2026-02-03 19:00:00,81.0,137.25,31.25,86.0,82.5,22.0,NA,0.0,21.25,NA,NA,NA,NA,NA,NA,NA,NA,NA,NA,NA,NA,NA,NA,NA
2026-02-03 20:00:00,80.25,120.5,50.25,NA,104.0,34.75,NA,0.5,12.5,NA,NA,NA,NA,NA,NA,NA,NA,NA,NA,NA,NA,NA,NA,NA
2026-02-03 21:00:00,73.5,116.5,121.75,84.67,170.0,85.0,NA,1.0,3.25,NA,NA,NA,NA,NA,NA,NA,NA,NA,NA,NA,NA,NA,NA,NA
2026-02-03 22:00:00,75.25,135.75,194.75,NA,245.5,136.0,NA,1.0,5.75,NA,NA,NA,NA,NA,NA,NA,NA,NA,NA,NA,NA,NA,NA,NA
2026-02-03 23:00:00,83.0,153.33,239.67,87.0,288.67,168.0,NA,NA,6.33,NA,NA,NA,NA,NA,NA,NA,NA,NA,NA,NA,NA,NA,NA,NA
2026-02-04 00:00:00,85.25,179.75,312.75,74.25,294.75,178.0,0.0,NA,8.5,NA,NA,NA,NA,NA,NA,NA,NA,NA,NA,NA,NA,NA,NA,NA
2026-02-04 01:00:00,85.0,199.0,280.5,75.0,268.75,159.5,0.5,NA,8.5,NA,NA,NA,NA,NA,NA,NA,NA,NA,NA,NA,NA,NA,NA,NA
2026-02-04 02:00:00,NA,209.0,276.25,69.75,261.75,157.0,0.0,NA,8.0,NA,NA,NA,NA,NA,NA,NA,NA,NA,NA,NA,NA,NA,NA,NA
2026-02-04 03:00:00,NA,226.0,164.75,81.5,178.0,93.5,0.0,1.0,8.75,NA,NA,NA,NA,NA,NA,NA,NA,NA,NA,NA,NA,NA,NA,NA
2026-02-04 04:00:00,NA,225.75,72.0,84.25,104.0,41.0,NA,0.25,6.75,NA,NA,NA,NA,NA,NA,NA,NA,NA,NA,NA,NA,NA,NA,NA
2026-02-04 05:00:00,83.0,195.5,59.5,68.5,85.0,33.75,NA,0.0,5.0,NA,NA,NA,NA,NA,NA,NA,NA,NA,NA,NA,NA,NA,NA,NA
2026-02-04 06:00:00,86.75,177.0,110.75,71.0,128.25,63.0,2.0,0.0,4.5,NA,NA,NA,NA,NA,NA,NA,NA,NA,NA,NA,NA,NA,NA,NA
2026-02-04 07:00:00,88.0,183.75,164.0,59.25,165.25,93.0,0.33,0.25,5.5,NA,NA,NA,NA,NA,NA,NA,NA,NA,NA,NA,NA,NA,NA,NA
2026-02-04 08:00:00,NA,198.25,190.75,66.25,190.75,108.5,12.5,1.0,6.75,NA,NA,NA,NA,NA,NA,NA,NA,NA,NA,NA,NA,NA,NA,NA
2026-02-04 09:00:00,NA,202.75,140.5,76.33,158.5,79.75,18.5,0.75,7.25,NA,NA,NA,NA,NA,NA,NA,NA,NA,NA,NA,NA,NA,NA,NA
2026-02-04 10:00:00,88.0,200.0,110.5,72.67,132.25,62.5,24.5,0.25,8.75,NA,NA,NA,NA,NA,NA,NA,NA,NA,NA,NA,NA,NA,NA,NA
2026-02-04 11:00:00,88.0,187.0,99.75,69.0,122.75,56.25,25.5,0.25,12.75,NA,NA,NA,NA,NA,NA,NA,NA,NA,NA,NA,NA,NA,NA,NA
2026-02-04 12:00:00,86.5,174.75,50.75,68.0,84.25,28.75,21.75,0.0,25.25,NA,NA,NA,NA,NA,NA,NA,NA,NA,NA,NA,NA,NA,NA,NA
2026-02-04 13:00:00,77.25,167.5,27.25,56.75,55.25,15.25,18.75,0.0,48.33,NA,NA,NA,NA,NA,NA,NA,NA,NA,NA,NA,NA,NA,NA,NA
2026-02-04 14:00:00,60.0,151.0,5.5,53.5,33.25,2.75,12.25,0.0,NA,NA,NA,NA,NA,NA,NA,NA,NA,NA,NA,NA,NA,NA,NA,NA
2026-02-04 15:00:00,64.5,146.0,2.5,57.75,32.75,1.25,12.0,0.0,NA,NA,NA,NA,NA,NA,NA,NA,NA,NA,NA,NA,NA,NA,NA,NA
2026-02-04 16:00:00,70.75,143.0,5.0,56.0,34.25,2.25,9.25,0.0,NA,NA,NA,NA,NA,NA,NA,NA,NA,NA,NA,NA,NA,NA,NA,NA
2026-02-04 17:00:00,69.0,138.25,9.25,63.0,41.25,5.25,7.75,0.0,NA,NA,NA,NA,NA,NA,NA,NA,NA,NA,NA,NA,NA,NA,NA,NA
2026-02-04 18:00:00,75.5,130.25,21.75,72.0,65.75,12.0,6.25,0.0,NA,NA,NA,NA,NA,NA,NA,NA,NA,NA,NA,NA,NA,NA,NA,NA
2026-02-04 19:00:00,82.5,136.25,17.0,78.5,60.5,9.25,5.25,0.0,59.0,NA,NA,NA,NA,NA,NA,NA,NA,NA,NA,NA,NA,NA,NA,NA
2026-02-04 20:00:00,84.0,144.25,17.0,86.0,62.0,9.5,5.0,0.0,50.5,NA,NA,NA,NA,NA,NA,NA,NA,NA,NA,NA,NA,NA,NA,NA
2026-02-04 21:00:00,77.5,136.5,78.25,90.0,117.75,44.25,6.25,0.25,11.25,NA,NA,NA,NA,NA,NA,NA,NA,NA,NA,NA,NA,NA,NA,NA
2026-02-04 22:00:00,81.5,141.25,103.0,NA,142.0,58.5,12.75,0.25,6.75,NA,NA,NA,NA,NA,NA,NA,NA,NA,NA,NA,NA,NA,NA,NA
2026-02-04 23:00:00,84.67,150.0,162.0,84.0,210.67,113.33,14.0,1.0,5.67,NA,NA,NA,NA,NA,NA,NA,NA,NA,NA,NA,NA,NA,NA,NA
2026-02-05 00:00:00,88.0,179.75,142.75,80.0,186.0,99.75,11.75,0.75,9.25,NA,NA,NA,NA,NA,NA,NA,NA,NA,NA,NA,NA,NA,NA,NA
2026-02-05 01:00:00,89.0,184.5,174.75,67.0,210.5,122.0,11.25,1.0,8.25,NA,NA,NA,NA,NA,NA,NA,NA,NA,NA,NA,NA,NA,NA,NA
2026-02-05 02:00:00,NA,194.25,100.25,73.5,143.0,70.0,11.25,1.0,9.75,NA,NA,NA,NA,NA,NA,NA,NA,NA,NA,NA,NA,NA,NA,NA
2026-02-05 03:00:00,NA,200.0,89.75,79.0,132.0,62.75,11.5,0.5,9.25,NA,NA,NA,NA,NA,NA,NA,NA,NA,NA,NA,NA,NA,NA,NA
2026-02-05 04:00:00,NA,191.25,94.0,62.75,127.25,66.0,9.75,0.0,6.75,NA,NA,NA,NA,NA,NA,NA,NA,NA,NA,NA,NA,NA,NA,NA
2026-02-05 05:00:00,NA,182.0,90.25,66.5,125.75,62.75,9.75,0.0,7.25,NA,NA,NA,NA,NA,NA,NA,NA,NA,NA,NA,NA,NA,NA,NA
2026-02-05 06:00:00,NA,180.75,108.25,68.75,145.0,75.5,11.25,0.5,7.0,NA,NA,NA,NA,NA,NA,NA,NA,NA,NA,NA,NA,NA,NA,NA
2026-02-05 07:00:00,NA,179.5,197.25,56.25,227.5,138.0,12.0,1.0,7.5,NA,NA,NA,NA,NA,NA,NA,NA,NA,NA,NA,NA,NA,NA,NA
2026-02-05 08:00:00,NA,187.25,148.75,62.75,183.25,104.0,13.75,1.0,7.0,NA,NA,NA,NA,NA,NA,NA,NA,NA,NA,NA,NA,NA,NA,NA
2026-02-05 09:00:00,NA,176.5,122.75,77.67,168.25,85.5,18.5,1.0,7.0,NA,NA,NA,NA,NA,NA,NA,NA,NA,NA,NA,NA,NA,NA,NA
2026-02-05 10:00:00,NA,172.0,100.75,79.0,146.5,70.5,27.75,0.75,7.5,NA,NA,NA,NA,NA,NA,NA,NA,NA,NA,NA,NA,NA,NA,NA
2026-02-05 11:00:00,86.0,170.5,57.5,70.75,99.25,40.0,33.5,0.0,11.75,NA,NA,NA,NA,NA,NA,NA,NA,NA,NA,NA,NA,NA,NA,NA
2026-02-05 12:00:00,80.75,151.5,47.0,71.5,88.5,32.5,29.25,0.0,20.0,NA,NA,NA,NA,NA,NA,NA,NA,NA,NA,NA,NA,NA,NA,NA
2026-02-05 13:00:00,68.0,136.0,18.75,66.0,55.5,13.0,32.75,0.0,46.0,NA,NA,NA,NA,NA,NA,NA,NA,NA,NA,NA,NA,NA,NA,NA
2026-02-05 14:00:00,58.25,118.0,4.25,52.25,32.25,2.75,30.5,0.0,68.5,NA,NA,NA,NA,NA,NA,NA,NA,NA,NA,NA,NA,NA,NA,NA
2026-02-05 15:00:00,57.5,113.0,7.75,63.5,42.25,5.25,24.0,0.0,60.5,NA,NA,NA,NA,NA,NA,NA,NA,NA,NA,NA,NA,NA,NA,NA
2026-02-05 16:00:00,62.5,109.25,7.25,54.5,36.75,5.0,21.25,0.0,65.5,NA,NA,NA,NA,NA,NA,NA,NA,NA,NA,NA,NA,NA,NA,NA
2026-02-05 17:00:00,62.5,102.75,16.5,64.0,51.25,11.5,18.25,0.0,52.25,NA,NA,NA,NA,NA,NA,NA,NA,NA,NA,NA,NA,NA,NA,NA
2026-02-05 18:00:00,52.25,100.25,48.5,82.0,96.25,34.0,16.0,0.0,24.25,NA,NA,NA,NA,NA,NA,NA,NA,NA,NA,NA,NA,NA,NA,NA
2026-02-05 19:00:00,51.25,111.0,28.5,80.0,74.0,20.25,15.0,0.0,34.75,NA,NA,NA,NA,NA,NA,NA,NA,NA,NA,NA,NA,NA,NA,NA
2026-02-05 20:00:00,56.5,114.25,50.75,79.0,102.25,35.75,10.5,0.0,29.75,NA,NA,NA,NA,NA,NA,NA,NA,NA,NA,NA,NA,NA,NA,NA
2026-02-05 21:00:00,58.75,122.0,58.75,NA,110.5,41.0,12.25,0.0,13.5,NA,NA,NA,NA,NA,NA,NA,NA,NA,NA,NA,NA,NA,NA,NA
2026-02-05 22:00:00,65.0,129.5,93.5,NA,144.75,65.5,16.75,0.33,7.25,NA,NA,NA,NA,NA,NA,NA,NA,NA,NA,NA,NA,NA,NA,NA
2026-02-05 23:00:00,73.0,142.0,89.33,NA,140.33,62.33,17.67,0.67,5.0,NA,NA,NA,NA,NA,NA,NA,NA,NA,NA,NA,NA,NA,NA,NA
2026-02-06 00:00:00,76.0,157.0,159.25,81.5,205.75,111.5,19.0,1.0,5.75,NA,NA,NA,NA,NA,NA,NA,NA,NA,NA,NA,NA,NA,NA,NA
2026-02-06 01:00:00,85.25,171.25,123.75,86.0,174.75,86.25,22.25,1.0,5.5,NA,NA,NA,NA,NA,NA,NA,NA,NA,NA,NA,NA,NA,NA,NA
2026-02-06 02:00:00,89.0,177.25,74.0,88.5,123.0,51.5,22.25,0.0,4.5,NA,NA,NA,NA,NA,NA,NA,NA,NA,NA,NA,NA,NA,NA,NA
2026-02-06 03:00:00,NA,182.5,61.25,85.25,107.5,42.5,17.75,0.0,6.0,NA,NA,NA,NA,NA,NA,NA,NA,NA,NA,NA,NA,NA,NA,NA
2026-02-06 04:00:00,NA,180.25,123.75,74.75,163.25,86.5,13.75,0.0,5.0,NA,NA,NA,NA,NA,NA,NA,NA,NA,NA,NA,NA,NA,NA,NA
2026-02-06 05:00:00,NA,173.0,70.0,75.5,110.5,48.75,13.5,0.0,5.0,NA,NA,NA,NA,NA,NA,NA,NA,NA,NA,NA,NA,NA,NA,NA
2026-02-06 06:00:00,83.0,177.0,63.25,78.75,106.0,44.25,22.5,0.0,5.5,NA,NA,NA,NA,NA,NA,NA,NA,NA,NA,NA,NA,NA,NA,NA
2026-02-06 07:00:00,83.75,176.75,69.5,69.75,107.0,48.75,26.25,0.0,5.0,NA,NA,NA,NA,NA,NA,NA,NA,NA,NA,NA,NA,NA,NA,NA
2026-02-06 08:00:00,78.75,180.5,61.0,79.0,104.0,43.0,30.75,0.0,5.5,NA,NA,NA,NA,NA,NA,NA,NA,NA,NA,NA,NA,NA,NA,NA
2026-02-06 09:00:00,73.5,168.75,79.5,72.75,121.25,55.25,32.75,0.5,8.75,NA,NA,NA,NA,NA,NA,NA,NA,NA,NA,NA,NA,NA,NA,NA
2026-02-06 10:00:00,82.5,169.25,80.25,70.33,123.75,56.0,35.5,0.25,10.0,NA,NA,NA,NA,NA,NA,NA,NA,NA,NA,NA,NA,NA,NA,NA
2026-02-06 11:00:00,82.5,167.25,48.75,69.75,89.5,34.0,31.75,0.0,16.0,NA,NA,NA,NA,NA,NA,NA,NA,NA,NA,NA,NA,NA,NA,NA
2026-02-06 12:00:00,76.0,151.0,30.75,64.5,67.5,21.5,27.0,0.0,33.75,NA,NA,NA,NA,NA,NA,NA,NA,NA,NA,NA,NA,NA,NA,NA
2026-02-06 13:00:00,71.0,137.75,28.25,65.0,66.0,19.75,26.0,0.0,53.0,NA,NA,NA,NA,NA,NA,NA,NA,NA,NA,NA,NA,NA,NA,NA
2026-02-06 14:00:00,70.0,122.25,18.25,58.25,51.5,12.75,22.75,0.0,NA,NA,NA,NA,NA,NA,NA,NA,NA,NA,NA,NA,NA,NA,NA,NA
2026-02-06 15:00:00,71.5,124.0,30.0,60.67,66.0,21.25,19.5,0.0,47.33,NA,NA,NA,NA,NA,NA,NA,NA,NA,NA,NA,NA,NA,NA,NA
2026-02-06 16:00:00,70.5,124.5,25.25,51.5,53.0,17.5,15.0,0.0,50.25,NA,NA,NA,NA,NA,NA,NA,NA,NA,NA,NA,NA,NA,NA,NA
2026-02-06 17:00:00,68.5,126.25,42.25,64.75,77.25,29.5,13.0,0.0,33.75,NA,NA,NA,NA,NA,NA,NA,NA,NA,NA,NA,NA,NA,NA,NA
2026-02-06 18:00:00,63.5,121.75,35.75,70.5,73.75,24.75,13.0,0.0,23.5,NA,NA,NA,NA,NA,NA,NA,NA,NA,NA,NA,NA,NA,NA,NA
2026-02-06 19:00:00,63.5,117.75,61.75,76.0,104.0,43.0,15.0,0.0,14.75,NA,NA,NA,NA,NA,NA,NA,NA,NA,NA,NA,NA,NA,NA,NA
2026-02-06 20:00:00,60.25,117.75,75.25,79.75,118.75,52.75,14.0,0.25,9.5,NA,NA,NA,NA,NA,NA,NA,NA,NA,NA,NA,NA,NA,NA,NA
2026-02-06 21:00:00,57.5,120.75,100.25,73.5,139.75,70.0,12.75,0.75,3.0,NA,NA,NA,NA,NA,NA,NA,NA,NA,NA,NA,NA,NA,NA,NA
2026-02-06 22:00:00,60.5,122.75,100.25,78.25,142.25,70.0,11.5,0.75,1.75,NA,NA,NA,NA,NA,NA,NA,NA,NA,NA,NA,NA,NA,NA,NA
2026-02-06 23:00:00,60.67,125.0,70.33,75.0,110.67,49.0,11.0,0.0,3.0,NA,NA,NA,NA,NA,NA,NA,NA,NA,NA,NA,NA,NA,NA,NA
2026-02-07 00:00:00,60.0,138.0,106.5,80.0,149.75,74.5,12.75,0.0,3.75,NA,NA,NA,NA,NA,NA,NA,NA,NA,NA,NA,NA,NA,NA,NA
2026-02-07 01:00:00,58.0,140.5,132.75,73.75,172.0,92.75,15.75,0.33,6.25,NA,NA,NA,NA,NA,NA,NA,NA,NA,NA,NA,NA,NA,NA,NA
2026-02-07 02:00:00,64.25,143.75,130.25,68.75,167.25,90.75,19.0,0.0,6.25,NA,NA,NA,NA,NA,NA,NA,NA,NA,NA,NA,NA,NA,NA,NA
2026-02-07 03:00:00,73.75,157.0,115.25,63.75,149.75,80.5,19.0,0.0,7.5,NA,NA,NA,NA,NA,NA,NA,NA,NA,NA,NA,NA,NA,NA,NA
2026-02-07 04:00:00,76.0,172.75,156.75,60.5,189.5,109.75,17.25,0.0,6.0,NA,NA,NA,NA,NA,NA,NA,NA,NA,NA,NA,NA,NA,NA,NA
2026-02-07 05:00:00,78.25,178.5,266.5,48.0,292.25,186.25,17.75,0.5,6.5,NA,NA,NA,NA,NA,NA,NA,NA,NA,NA,NA,NA,NA,NA,NA
2026-02-07 06:00:00,67.25,197.75,266.5,43.75,290.25,186.5,16.0,1.0,6.25,NA,NA,NA,NA,NA,NA,NA,NA,NA,NA,NA,NA,NA,NA,NA
2026-02-07 07:00:00,69.5,190.75,251.75,37.25,271.75,176.0,18.0,1.0,7.25,NA,NA,NA,NA,NA,NA,NA,NA,NA,NA,NA,NA,NA,NA,NA
2026-02-07 08:00:00,71.25,182.25,179.75,56.5,210.5,126.0,19.0,1.0,7.75,NA,NA,NA,NA,NA,NA,NA,NA,NA,NA,NA,NA,NA,NA,NA
2026-02-07 09:00:00,69.0,172.75,86.5,71.0,125.25,60.5,33.25,0.5,6.25,NA,NA,NA,NA,NA,NA,NA,NA,NA,NA,NA,NA,NA,NA,NA
2026-02-07 10:00:00,64.25,158.75,75.0,79.33,119.75,52.75,40.25,0.25,8.0,NA,NA,NA,NA,NA,NA,NA,NA,NA,NA,NA,NA,NA,NA,NA
2026-02-07 11:00:00,63.0,153.5,52.75,67.25,90.5,36.75,41.25,0.0,16.25,NA,NA,NA,NA,NA,NA,NA,NA,NA,NA,NA,NA,NA,NA,NA
2026-02-07 12:00:00,54.25,138.0,23.25,64.5,59.25,16.0,24.0,0.0,45.0,NA,NA,NA,NA,NA,NA,NA,NA,NA,NA,NA,NA,NA,NA,NA
2026-02-07 13:00:00,62.75,136.0,5.0,49.0,31.25,3.25,15.5,0.0,NA,NA,NA,NA,NA,NA,NA,NA,NA,NA,NA,NA,NA,NA,NA,NA
2026-02-07 14:00:00,78.0,136.25,3.5,40.25,25.0,2.5,15.5,0.0,NA,NA,NA,NA,NA,NA,NA,NA,NA,NA,NA,NA,NA,NA,NA,NA
2026-02-07 15:00:00,77.0,129.33,8.33,39.33,29.33,5.67,17.67,0.0,NA,NA,NA,NA,NA,NA,NA,NA,NA,NA,NA,NA,NA,NA,NA,NA
2026-02-07 16:00:00,NA,NA,NA,NA,NA,NA,NA,NA,NA,NA,NA,NA,NA,NA,NA,NA,NA,NA,NA,NA,NA,NA,NA,NA
2026-02-07 17:00:00,NA,NA,NA,NA,NA,NA,NA,NA,NA,NA,NA,NA,NA,NA,NA,NA,NA,NA,NA,NA,NA,NA,NA,NA
2026-02-07 18:00:00,NA,NA,NA,NA,NA,NA,NA,NA,NA,NA,NA,NA,NA,NA,NA,NA,NA,NA,NA,NA,NA,NA,NA,NA
2026-02-07 19:00:00,NA,NA,NA,NA,NA,NA,NA,NA,NA,NA,NA,NA,NA,NA,NA,NA,NA,NA,NA,NA,NA,NA,NA,NA
2026-02-07 20:00:00,NA,NA,NA,NA,NA,NA,NA,NA,NA,NA,NA,NA,NA,NA,NA,NA,NA,NA,NA,NA,NA,NA,NA,NA
2026-02-07 21:00:00,NA,NA,NA,NA,NA,NA,NA,NA,NA,NA,NA,NA,NA,NA,NA,NA,NA,NA,NA,NA,NA,NA,NA,NA
2026-02-07 22:00:00,NA,NA,NA,NA,NA,NA,NA,NA,NA,NA,NA,NA,NA,NA,NA,NA,NA,NA,NA,NA,NA,NA,NA,NA
2026-02-07 23:00:00,NA,NA,NA,NA,NA,NA,NA,NA,NA,NA,NA,NA,NA,NA,NA,NA,NA,NA,NA,NA,NA,NA,NA,NA
2026-02-08 00:00:00,NA,NA,NA,NA,NA,NA,NA,NA,NA,NA,NA,NA,NA,NA,NA,NA,NA,NA,NA,NA,NA,NA,NA,NA
2026-02-08 01:00:00,NA,NA,NA,NA,NA,NA,NA,NA,NA,NA,NA,NA,NA,NA,NA,NA,NA,NA,NA,NA,NA,NA,NA,NA
2026-02-08 02:00:00,NA,NA,NA,NA,NA,NA,NA,NA,NA,NA,NA,NA,NA,NA,NA,NA,NA,NA,NA,NA,NA,NA,NA,NA
2026-02-08 03:00:00,NA,NA,NA,NA,NA,NA,NA,NA,NA,NA,NA,NA,NA,NA,NA,NA,NA,NA,NA,NA,NA,NA,NA,NA
2026-02-08 04:00:00,NA,NA,NA,NA,NA,NA,NA,NA,NA,NA,NA,NA,NA,NA,NA,NA,NA,NA,NA,NA,NA,NA,NA,NA
2026-02-08 05:00:00,NA,NA,NA,NA,NA,NA,NA,NA,NA,NA,NA,NA,NA,NA,NA,NA,NA,NA,NA,NA,NA,NA,NA,NA
2026-02-08 06:00:00,NA,NA,NA,NA,NA,NA,NA,NA,NA,NA,NA,NA,NA,NA,NA,NA,NA,NA,NA,NA,NA,NA,NA,NA
2026-02-08 07:00:00,NA,NA,NA,NA,NA,NA,NA,NA,NA,NA,NA,NA,NA,NA,NA,NA,NA,NA,NA,NA,NA,NA,NA,NA
2026-02-08 08:00:00,NA,NA,NA,NA,NA,NA,NA,NA,NA,NA,NA,NA,NA,NA,NA,NA,NA,NA,NA,NA,NA,NA,NA,NA
2026-02-08 09:00:00,NA,NA,NA,NA,NA,NA,NA,NA,NA,NA,NA,NA,NA,NA,NA,NA,NA,NA,NA,NA,NA,NA,NA,NA
2026-02-08 10:00:00,NA,NA,NA,NA,NA,NA,NA,NA,NA,NA,NA,NA,NA,NA,NA,NA,NA,NA,NA,NA,NA,NA,NA,NA
2026-02-08 11:00:00,NA,NA,NA,NA,NA,NA,NA,NA,NA,NA,NA,NA,NA,NA,NA,NA,NA,NA,NA,NA,NA,NA,NA,NA
2026-02-08 12:00:00,NA,NA,NA,NA,NA,NA,NA,NA,NA,NA,NA,NA,NA,NA,NA,NA,NA,NA,NA,NA,NA,NA,NA,NA
2026-02-08 13:00:00,NA,NA,NA,NA,NA,NA,NA,NA,NA,NA,NA,NA,NA,NA,NA,NA,NA,NA,NA,NA,NA,NA,NA,NA
2026-02-08 14:00:00,NA,NA,NA,NA,NA,NA,NA,NA,NA,NA,NA,NA,NA,NA,NA,NA,NA,NA,NA,NA,NA,NA,NA,NA
2026-02-08 15:00:00,NA,NA,NA,NA,NA,NA,NA,NA,NA,NA,NA,NA,NA,NA,NA,NA,NA,NA,NA,NA,NA,NA,NA,NA
2026-02-08 16:00:00,NA,NA,NA,NA,NA,NA,NA,NA,NA,NA,NA,NA,NA,NA,NA,NA,NA,NA,NA,NA,NA,NA,NA,NA
2026-02-08 17:00:00,NA,NA,NA,NA,NA,NA,NA,NA,NA,NA,NA,NA,NA,NA,NA,NA,NA,NA,NA,NA,NA,NA,NA,NA
2026-02-08 18:00:00,NA,NA,NA,NA,NA,NA,NA,NA,NA,NA,NA,NA,NA,NA,NA,NA,NA,NA,NA,NA,NA,NA,NA,NA
2026-02-08 19:00:00,NA,NA,NA,NA,NA,NA,NA,NA,NA,NA,NA,NA,NA,NA,NA,NA,NA,NA,NA,NA,NA,NA,NA,NA
2026-02-08 20:00:00,NA,NA,NA,NA,NA,NA,NA,NA,NA,NA,NA,NA,NA,NA,NA,NA,NA,NA,NA,NA,NA,NA,NA,NA
2026-02-08 21:00:00,NA,NA,NA,NA,NA,NA,NA,NA,NA,NA,NA,NA,NA,NA,NA,NA,NA,NA,NA,NA,NA,NA,NA,NA
2026-02-08 22:00:00,NA,NA,NA,NA,NA,NA,NA,NA,NA,NA,NA,NA,NA,NA,NA,NA,NA,NA,NA,NA,NA,NA,NA,NA
2026-02-08 23:00:00,NA,NA,NA,NA,NA,NA,NA,NA,NA,NA,NA,NA,NA,NA,NA,NA,NA,NA,NA,NA,NA,NA,NA,NA
2026-02-09 00:00:00,NA,NA,NA,NA,NA,NA,NA,NA,NA,NA,NA,NA,NA,NA,NA,NA,NA,NA,NA,NA,NA,NA,NA,NA
2026-02-09 01:00:00,NA,NA,NA,NA,NA,NA,NA,NA,NA,NA,NA,NA,NA,NA,NA,NA,NA,NA,NA,NA,NA,NA,NA,NA
2026-02-09 02:00:00,NA,NA,NA,NA,NA,NA,NA,NA,NA,NA,NA,NA,NA,NA,NA,NA,NA,NA,NA,NA,NA,NA,NA,NA
2026-02-09 03:00:00,NA,NA,NA,NA,NA,NA,NA,NA,NA,NA,NA,NA,NA,NA,NA,NA,NA,NA,NA,NA,NA,NA,NA,NA
2026-02-09 04:00:00,NA,NA,NA,NA,NA,NA,NA,NA,NA,NA,NA,NA,NA,NA,NA,NA,NA,NA,NA,NA,NA,NA,NA,NA
2026-02-09 05:00:00,NA,NA,NA,NA,NA,NA,NA,NA,NA,NA,NA,NA,NA,NA,NA,NA,NA,NA,NA,NA,NA,NA,NA,NA
2026-02-09 06:00:00,NA,NA,NA,NA,NA,NA,NA,NA,NA,NA,NA,NA,NA,NA,NA,NA,NA,NA,NA,NA,NA,NA,NA,NA
2026-02-09 07:00:00,NA,NA,NA,NA,NA,NA,NA,NA,NA,NA,NA,NA,NA,NA,NA,NA,NA,NA,NA,NA,NA,NA,NA,NA
2026-02-09 08:00:00,NA,NA,NA,NA,NA,NA,NA,NA,NA,NA,NA,NA,NA,NA,NA,NA,NA,NA,NA,NA,NA,NA,NA,NA
2026-02-09 09:00:00,NA,NA,NA,NA,NA,NA,NA,NA,NA,NA,NA,NA,NA,NA,NA,NA,NA,NA,NA,NA,NA,NA,NA,NA
2026-02-09 10:00:00,NA,NA,NA,NA,NA,NA,NA,NA,NA,NA,NA,NA,NA,NA,NA,NA,NA,NA,NA,NA,NA,NA,NA,NA
2026-02-09 11:00:00,NA,NA,NA,NA,NA,NA,NA,NA,NA,NA,NA,NA,NA,NA,NA,NA,NA,NA,NA,NA,NA,NA,NA,NA
2026-02-09 12:00:00,NA,NA,NA,NA,NA,NA,NA,NA,NA,NA,NA,NA,NA,NA,NA,NA,NA,NA,NA,NA,NA,NA,NA,NA
2026-02-09 13:00:00,NA,NA,NA,NA,NA,NA,NA,NA,NA,NA,NA,NA,NA,NA,NA,NA,NA,NA,NA,NA,NA,NA,NA,NA
2026-02-09 14:00:00,NA,NA,NA,NA,NA,NA,NA,NA,NA,NA,NA,NA,NA,NA,NA,NA,NA,NA,NA,NA,NA,NA,NA,NA
2026-02-09 15:00:00,NA,NA,NA,NA,NA,NA,NA,NA,NA,NA,NA,NA,NA,NA,NA,NA,NA,NA,NA,NA,NA,NA,NA,NA
2026-02-09 16:00:00,NA,110.0,11.0,20.0,NA,6.0,NA,0.0,NA,NA,NA,NA,NA,NA,NA,NA,NA,NA,NA,NA,NA,NA,NA,NA
2026-02-09 17:00:00,64.75,115.25,37.25,44.0,53.75,20.75,2.25,0.5,35.5,NA,NA,NA,NA,NA,NA,NA,NA,NA,NA,NA,NA,NA,NA,NA
2026-02-09 18:00:00,65.0,117.0,36.0,36.0,48.0,20.0,2.0,0.0,30.0,NA,NA,NA,NA,NA,NA,NA,NA,NA,NA,NA,NA,NA,NA,NA
2026-02-09 19:00:00,NA,NA,NA,NA,0.0,NA,NA,0.0,NA,NA,NA,NA,NA,NA,NA,NA,NA,NA,NA,NA,NA,NA,NA,NA
2026-02-09 20:00:00,NA,NA,NA,NA,0.0,NA,NA,0.0,NA,NA,NA,NA,NA,NA,NA,NA,NA,NA,NA,NA,NA,NA,NA,NA
2026-02-09 21:00:00,NA,NA,NA,NA,0.0,NA,NA,0.0,NA,NA,NA,NA,NA,NA,NA,NA,NA,NA,NA,NA,NA,NA,NA,NA
2026-02-09 22:00:00,NA,NA,NA,NA,0.0,NA,NA,0.0,NA,NA,NA,NA,NA,NA,NA,NA,NA,NA,NA,NA,NA,NA,NA,NA
2026-02-09 23:00:00,NA,NA,NA,NA,0.0,NA,NA,0.0,NA,NA,NA,NA,NA,NA,NA,NA,NA,NA,NA,NA,NA,NA,NA,NA
2026-02-10 00:00:00,NA,NA,NA,NA,NA,NA,NA,NA,NA,NA,NA,NA,NA,NA,NA,NA,NA,NA,NA,NA,NA,NA,NA,NA
2026-02-10 01:00:00,NA,NA,NA,NA,NA,NA,NA,NA,NA,NA,NA,NA,NA,NA,NA,NA,NA,NA,NA,NA,NA,NA,NA,NA
2026-02-10 02:00:00,NA,NA,NA,NA,NA,NA,NA,NA,NA,NA,NA,NA,NA,NA,NA,NA,NA,NA,NA,NA,NA,NA,NA,NA
2026-02-10 03:00:00,NA,NA,NA,NA,NA,NA,NA,NA,NA,NA,NA,NA,NA,NA,NA,NA,NA,NA,NA,NA,NA,NA,NA,NA
2026-02-10 04:00:00,NA,NA,NA,NA,NA,NA,NA,NA,NA,NA,NA,NA,NA,NA,NA,NA,NA,NA,NA,NA,NA,NA,NA,NA
2026-02-10 05:00:00,NA,NA,NA,NA,NA,NA,NA,NA,NA,NA,NA,NA,NA,NA,NA,NA,NA,NA,NA,NA,NA,NA,NA,NA
2026-02-10 06:00:00,NA,NA,NA,NA,NA,NA,NA,NA,NA,NA,NA,NA,NA,NA,NA,NA,NA,NA,NA,NA,NA,NA,NA,NA
2026-02-10 07:00:00,NA,NA,NA,NA,NA,NA,NA,NA,NA,NA,NA,NA,NA,NA,NA,NA,NA,NA,NA,NA,NA,NA,NA,NA
2026-02-10 08:00:00,NA,NA,NA,NA,NA,NA,NA,NA,NA,NA,NA,NA,NA,NA,NA,NA,NA,NA,NA,NA,NA,NA,NA,NA
2026-02-10 09:00:00,73.67,167.0,158.0,NA,206.67,110.33,14.67,NA,8.0,NA,NA,NA,NA,NA,NA,NA,NA,NA,NA,NA,NA,NA,NA,NA
2026-02-10 10:00:00,72.0,173.0,91.5,75.0,136.5,63.5,15.5,1.0,9.0,NA,NA,NA,NA,NA,NA,NA,NA,NA,NA,NA,NA,NA,NA,NA
2026-02-10 11:00:00,NA,NA,NA,NA,NA,NA,NA,NA,NA,NA,NA,NA,NA,NA,NA,NA,NA,NA,NA,NA,NA,NA,NA,NA
2026-02-10 12:00:00,NA,NA,NA,NA,NA,NA,NA,NA,NA,NA,NA,NA,NA,NA,NA,NA,NA,NA,NA,NA,NA,NA,NA,NA
2026-02-10 13:00:00,NA,NA,NA,NA,NA,NA,NA,NA,NA,NA,NA,NA,NA,NA,NA,NA,NA,NA,NA,NA,NA,NA,NA,NA
2026-02-10 14:00:00,NA,NA,NA,NA,NA,NA,NA,NA,NA,NA,NA,NA,NA,NA,NA,NA,NA,NA,NA,NA,NA,NA,NA,NA
2026-02-10 15:00:00,NA,NA,NA,NA,NA,NA,NA,NA,NA,NA,NA,NA,NA,NA,NA,NA,NA,NA,NA,NA,NA,NA,NA,NA
2026-02-10 16:00:00,NA,NA,NA,NA,NA,NA,NA,NA,NA,NA,NA,NA,NA,NA,NA,NA,NA,NA,NA,NA,NA,NA,NA,NA
2026-02-10 17:00:00,NA,NA,NA,NA,NA,NA,NA,NA,NA,NA,NA,NA,NA,NA,NA,NA,NA,NA,NA,NA,NA,NA,NA,NA
2026-02-10 18:00:00,NA,NA,22.0,NA,NA,NA,NA,NA,NA,NA,NA,NA,NA,NA,NA,NA,NA,NA,NA,NA,NA,NA,NA,NA
2026-02-10 19:00:00,68.0,117.0,30.0,47.67,55.0,21.0,2.67,1.0,50.67,NA,NA,NA,NA,NA,NA,NA,NA,NA,NA,NA,NA,NA,NA,NA
2026-02-10 20:00:00,61.33,126.0,26.0,60.0,58.0,18.0,5.67,0.33,23.67,NA,NA,NA,NA,NA,NA,NA,NA,NA,NA,NA,NA,NA,NA,NA
2026-02-10 21:00:00,63.75,123.0,62.0,76.75,103.0,43.0,9.0,1.0,9.75,NA,NA,NA,NA,NA,NA,NA,NA,NA,NA,NA,NA,NA,NA,NA
2026-02-10 22:00:00,65.0,128.0,85.75,80.0,128.5,60.0,10.0,1.0,5.75,NA,NA,NA,NA,NA,NA,NA,NA,NA,NA,NA,NA,NA,NA,NA
2026-02-10 23:00:00,73.67,148.67,137.67,78.33,180.33,96.33,7.0,NA,4.0,NA,NA,NA,NA,NA,NA,NA,NA,NA,NA,NA,NA,NA,NA,NA
2026-02-11 00:00:00,79.5,165.0,99.0,77.5,140.0,69.5,9.0,1.0,4.0,NA,NA,NA,NA,NA,NA,NA,NA,NA,NA,NA,NA,NA,NA,NA
2026-02-11 01:00:00,NA,NA,NA,NA,NA,NA,NA,NA,NA,NA,NA,NA,NA,NA,NA,NA,NA,NA,NA,NA,NA,NA,NA,NA
2026-02-11 02:00:00,NA,NA,NA,NA,NA,NA,NA,NA,NA,NA,NA,NA,NA,NA,NA,NA,NA,NA,NA,NA,NA,NA,NA,NA
2026-02-11 03:00:00,NA,NA,NA,NA,NA,NA,NA,NA,NA,NA,NA,NA,NA,NA,NA,NA,NA,NA,NA,NA,NA,NA,NA,NA
2026-02-11 04:00:00,NA,NA,NA,NA,NA,NA,NA,NA,NA,NA,NA,NA,NA,NA,NA,NA,NA,NA,NA,NA,NA,NA,NA,NA
2026-02-11 05:00:00,NA,NA,NA,NA,NA,NA,NA,NA,NA,NA,NA,NA,NA,NA,NA,NA,NA,NA,NA,NA,NA,NA,NA,NA
2026-02-11 06:00:00,NA,NA,NA,NA,NA,NA,NA,NA,NA,NA,NA,NA,NA,NA,NA,NA,NA,NA,NA,NA,NA,NA,NA,NA
2026-02-11 07:00:00,NA,212.0,185.0,48.0,210.0,129.0,15.0,NA,6.0,NA,NA,NA,NA,NA,NA,NA,NA,NA,NA,NA,NA,NA,NA,NA
2026-02-11 08:00:00,NA,217.0,169.25,60.5,202.0,118.25,4.25,NA,5.5,NA,NA,NA,NA,NA,NA,NA,NA,NA,NA,NA,NA,NA,NA,NA
2026-02-11 09:00:00,NA,210.25,173.75,68.0,216.75,121.5,3.25,NA,6.75,NA,NA,NA,NA,NA,NA,NA,NA,NA,NA,NA,NA,NA,NA,NA
2026-02-11 10:00:00,NA,204.75,117.75,74.0,165.0,82.25,8.5,1.0,8.5,NA,NA,NA,NA,NA,NA,NA,NA,NA,NA,NA,NA,NA,NA,NA
2026-02-11 11:00:00,84.0,193.0,89.5,50.75,133.25,112.75,5.5,1.0,9.25,NA,NA,NA,NA,NA,NA,NA,NA,NA,NA,NA,NA,NA,NA,NA
2026-02-11 12:00:00,81.75,169.5,48.5,35.0,84.0,89.25,3.5,0.25,16.75,NA,NA,NA,NA,NA,NA,NA,NA,NA,NA,NA,NA,NA,NA,NA
2026-02-11 13:00:00,77.5,150.5,10.25,18.0,28.75,50.75,0.0,0.0,35.5,NA,NA,NA,NA,NA,NA,NA,NA,NA,NA,NA,NA,NA,NA,NA
2026-02-11 14:00:00,64.5,136.0,25.75,20.0,46.5,68.0,NA,0.0,34.25,NA,NA,NA,NA,NA,NA,NA,NA,NA,NA,NA,NA,NA,NA,NA
2026-02-11 15:00:00,48.0,123.0,42.5,21.0,64.5,86.25,NA,0.25,29.75,NA,NA,NA,NA,NA,NA,NA,NA,NA,NA,NA,NA,NA,NA,NA
2026-02-11 16:00:00,47.75,116.5,50.0,26.0,76.25,101.75,NA,0.75,25.5,NA,NA,NA,NA,NA,NA,NA,NA,NA,NA,NA,NA,NA,NA,NA
2026-02-11 17:00:00,50.0,116.5,49.25,28.25,77.75,103.5,NA,1.0,22.5,NA,NA,NA,NA,NA,NA,NA,NA,NA,NA,NA,NA,NA,NA,NA
2026-02-11 18:00:00,36.0,125.75,50.5,26.25,76.75,99.25,NA,1.0,20.25,NA,NA,NA,NA,NA,NA,NA,NA,NA,NA,NA,NA,NA,NA,NA
2026-02-11 19:00:00,26.25,129.5,20.75,20.75,42.0,65.75,NA,0.0,23.75,NA,NA,NA,NA,NA,NA,NA,NA,NA,NA,NA,NA,NA,NA,NA
2026-02-11 20:00:00,29.75,117.5,12.25,22.0,34.75,59.0,NA,0.0,16.75,NA,NA,NA,NA,NA,NA,NA,NA,NA,NA,NA,NA,NA,NA,NA
2026-02-11 21:00:00,35.5,110.0,42.0,26.0,68.25,87.5,NA,0.75,6.0,NA,NA,NA,NA,NA,NA,NA,NA,NA,NA,NA,NA,NA,NA,NA
2026-02-11 22:00:00,42.75,122.75,47.0,28.75,75.75,86.0,NA,0.75,2.25,NA,NA,NA,NA,NA,NA,NA,NA,NA,NA,NA,NA,NA,NA,NA
2026-02-11 23:00:00,54.5,141.0,63.75,31.75,95.5,101.0,NA,1.0,2.5,NA,NA,NA,NA,NA,NA,NA,NA,NA,NA,NA,NA,NA,NA,NA
2026-02-12 00:00:00,70.75,159.0,70.75,35.25,107.0,112.25,NA,0.75,2.25,NA,NA,NA,NA,NA,NA,NA,NA,NA,NA,NA,NA,NA,NA,NA
2026-02-12 01:00:00,74.67,155.33,114.67,29.67,145.33,140.67,NA,0.67,2.67,NA,NA,NA,NA,NA,NA,NA,NA,NA,NA,NA,NA,NA,NA,NA
2026-02-12 02:00:00,69.0,155.5,80.75,34.75,116.0,120.25,NA,0.25,3.0,NA,NA,NA,NA,NA,NA,NA,NA,NA,NA,NA,NA,NA,NA,NA
2026-02-12 03:00:00,68.75,161.5,113.0,28.75,142.25,142.75,NA,0.5,3.0,NA,NA,NA,NA,NA,NA,NA,NA,NA,NA,NA,NA,NA,NA,NA
2026-02-12 04:00:00,72.0,166.0,79.75,36.0,116.0,121.5,NA,0.25,3.5,NA,NA,NA,NA,NA,NA,NA,NA,NA,NA,NA,NA,NA,NA,NA
2026-02-12 05:00:00,74.0,169.0,89.25,29.0,118.75,121.0,NA,0.0,3.75,NA,NA,NA,NA,NA,NA,NA,NA,NA,NA,NA,NA,NA,NA,NA
2026-02-12 06:00:00,79.75,181.25,111.25,25.5,137.25,135.25,0.0,0.0,3.5,NA,NA,NA,NA,NA,NA,NA,NA,NA,NA,NA,NA,NA,NA,NA
2026-02-12 07:00:00,84.0,195.0,225.25,17.25,243.0,209.0,0.25,0.75,3.25,NA,NA,NA,NA,NA,NA,NA,NA,NA,NA,NA,NA,NA,NA,NA
2026-02-12 08:00:00,84.0,202.0,212.75,21.25,234.25,201.75,2.75,1.0,3.0,NA,NA,NA,NA,NA,NA,NA,NA,NA,NA,NA,NA,NA,NA,NA
2026-02-12 09:00:00,82.0,212.0,151.0,48.5,199.75,176.75,4.0,1.0,4.0,NA,NA,NA,NA,NA,NA,NA,NA,NA,NA,NA,NA,NA,NA,NA
2026-02-12 10:00:00,73.75,217.0,92.75,46.5,139.5,136.25,4.75,0.75,4.75,NA,NA,NA,NA,NA,NA,NA,NA,NA,NA,NA,NA,NA,NA,NA
2026-02-12 11:00:00,61.25,201.0,18.75,26.5,45.75,60.0,7.0,0.0,10.5,NA,NA,NA,NA,NA,NA,NA,NA,NA,NA,NA,NA,NA,NA,NA
2026-02-12 12:00:00,59.0,176.0,11.0,23.5,35.25,59.25,5.5,0.0,26.25,NA,NA,NA,NA,NA,NA,NA,NA,NA,NA,NA,NA,NA,NA,NA
2026-02-12 13:00:00,53.5,152.5,3.5,12.5,17.0,33.75,5.5,0.0,40.75,NA,NA,NA,NA,NA,NA,NA,NA,NA,NA,NA,NA,NA,NA,NA
2026-02-12 14:00:00,45.5,123.0,5.0,16.75,22.0,43.0,5.0,0.0,43.5,NA,NA,NA,NA,NA,NA,NA,NA,NA,NA,NA,NA,NA,NA,NA
2026-02-12 15:00:00,52.25,112.5,3.0,13.0,16.25,37.0,3.25,0.0,48.75,NA,NA,NA,NA,NA,NA,NA,NA,NA,NA,NA,NA,NA,NA,NA
2026-02-12 16:00:00,59.5,111.0,3.0,10.5,13.75,35.5,2.0,0.0,70.25,NA,NA,NA,NA,NA,NA,NA,NA,NA,NA,NA,NA,NA,NA,NA
2026-02-12 17:00:00,56.25,107.5,2.75,15.25,18.25,41.75,1.5,0.0,77.5,NA,NA,NA,NA,NA,NA,NA,NA,NA,NA,NA,NA,NA,NA,NA
2026-02-12 18:00:00,58.5,111.5,29.75,25.0,54.75,82.0,1.75,0.75,44.0,NA,NA,NA,NA,NA,NA,NA,NA,NA,NA,NA,NA,NA,NA,NA
2026-02-12 19:00:00,65.5,120.0,36.75,30.5,67.5,93.25,2.0,1.0,31.0,NA,NA,NA,NA,NA,NA,NA,NA,NA,NA,NA,NA,NA,NA,NA
2026-02-12 20:00:00,65.75,122.25,43.5,32.0,76.25,101.0,2.25,1.0,20.25,NA,NA,NA,NA,NA,NA,NA,NA,NA,NA,NA,NA,NA,NA,NA
2026-02-12 21:00:00,64.5,122.0,52.75,44.25,97.75,104.25,2.25,1.0,3.25,NA,NA,NA,NA,NA,NA,NA,NA,NA,NA,NA,NA,NA,NA,NA
2026-02-12 22:00:00,69.25,124.5,56.25,42.0,99.25,107.75,2.5,1.0,3.75,NA,NA,NA,NA,NA,NA,NA,NA,NA,NA,NA,NA,NA,NA,NA
2026-02-12 23:00:00,73.5,134.0,83.0,43.5,127.25,131.5,2.0,1.0,2.25,NA,NA,NA,NA,NA,NA,NA,NA,NA,NA,NA,NA,NA,NA,NA
2026-02-13 00:00:00,79.75,144.0,87.25,41.25,128.75,133.5,2.5,1.0,2.75,NA,NA,NA,NA,NA,NA,NA,NA,NA,NA,NA,NA,NA,NA,NA
2026-02-13 01:00:00,81.25,152.0,56.75,43.5,101.25,111.25,4.25,0.25,4.0,NA,NA,NA,NA,NA,NA,NA,NA,NA,NA,NA,NA,NA,NA,NA
2026-02-13 02:00:00,76.5,160.0,72.75,38.5,112.25,119.5,5.0,0.0,4.0,NA,NA,NA,NA,NA,NA,NA,NA,NA,NA,NA,NA,NA,NA,NA
2026-02-13 03:00:00,82.5,171.0,85.75,39.0,125.5,129.25,6.0,0.0,4.0,NA,NA,NA,NA,NA,NA,NA,NA,NA,NA,NA,NA,NA,NA,NA
2026-02-13 04:00:00,86.0,179.0,115.25,36.5,152.5,147.25,5.75,0.5,3.25,NA,NA,NA,NA,NA,NA,NA,NA,NA,NA,NA,NA,NA,NA,NA
2026-02-13 05:00:00,85.0,180.5,127.5,30.75,158.75,146.5,5.5,1.0,3.75,NA,NA,NA,NA,NA,NA,NA,NA,NA,NA,NA,NA,NA,NA,NA
2026-02-13 06:00:00,82.25,180.0,136.5,30.5,167.75,152.0,6.0,1.0,3.0,NA,NA,NA,NA,NA,NA,NA,NA,NA,NA,NA,NA,NA,NA,NA
2026-02-13 07:00:00,76.5,176.5,207.5,21.75,229.75,198.75,6.0,1.0,3.0,NA,NA,NA,NA,NA,NA,NA,NA,NA,NA,NA,NA,NA,NA,NA
2026-02-13 08:00:00,79.75,184.5,158.25,27.25,186.0,163.0,5.0,1.0,2.75,NA,NA,NA,NA,NA,NA,NA,NA,NA,NA,NA,NA,NA,NA,NA
2026-02-13 09:00:00,86.5,186.5,71.25,40.5,112.5,110.5,5.25,1.0,3.75,NA,NA,NA,NA,NA,NA,NA,NA,NA,NA,NA,NA,NA,NA,NA
2026-02-13 10:00:00,75.75,173.25,47.25,39.0,86.75,91.5,7.5,0.75,5.75,NA,NA,NA,NA,NA,NA,NA,NA,NA,NA,NA,NA,NA,NA,NA
2026-02-13 11:00:00,59.0,164.5,46.0,34.75,81.25,86.0,10.5,0.5,11.25,NA,NA,NA,NA,NA,NA,NA,NA,NA,NA,NA,NA,NA,NA,NA
2026-02-13 12:00:00,53.0,160.5,11.0,25.25,36.5,58.75,8.25,0.0,31.75,NA,NA,NA,NA,NA,NA,NA,NA,NA,NA,NA,NA,NA,NA,NA
2026-02-13 13:00:00,53.0,147.5,3.75,14.5,19.0,44.75,5.5,0.0,61.0,NA,NA,NA,NA,NA,NA,NA,NA,NA,NA,NA,NA,NA,NA,NA
2026-02-13 14:00:00,58.25,132.0,1.75,11.25,13.5,37.75,4.5,0.0,78.75,NA,NA,NA,NA,NA,NA,NA,NA,NA,NA,NA,NA,NA,NA,NA
2026-02-13 15:00:00,64.0,126.75,2.25,9.5,12.25,36.25,3.0,0.0,84.0,NA,NA,NA,NA,NA,NA,NA,NA,NA,NA,NA,NA,NA,NA,NA
2026-02-13 16:00:00,67.0,119.5,2.75,10.5,13.5,38.0,2.75,0.0,83.0,NA,NA,NA,NA,NA,NA,NA,NA,NA,NA,NA,NA,NA,NA,NA
2026-02-13 17:00:00,69.5,113.0,15.5,14.0,29.5,55.0,2.0,0.0,49.25,NA,NA,NA,NA,NA,NA,NA,NA,NA,NA,NA,NA,NA,NA,NA
2026-02-13 18:00:00,66.25,127.5,24.5,18.5,43.5,67.75,2.0,0.25,29.25,NA,NA,NA,NA,NA,NA,NA,NA,NA,NA,NA,NA,NA,NA,NA
2026-02-13 19:00:00,65.0,143.5,25.25,20.0,46.0,70.0,1.0,0.25,17.75,NA,NA,NA,NA,NA,NA,NA,NA,NA,NA,NA,NA,NA,NA,NA
2026-02-13 20:00:00,65.25,135.0,21.25,24.75,46.25,68.5,1.75,0.0,15.0,NA,NA,NA,NA,NA,NA,NA,NA,NA,NA,NA,NA,NA,NA,NA
2026-02-13 21:00:00,60.25,124.0,74.5,40.5,115.75,115.25,2.25,0.5,3.0,NA,NA,NA,NA,NA,NA,NA,NA,NA,NA,NA,NA,NA,NA,NA
2026-02-13 22:00:00,59.5,124.5,71.75,38.5,111.0,110.5,4.75,1.0,3.0,NA,NA,NA,NA,NA,NA,NA,NA,NA,NA,NA,NA,NA,NA,NA
2026-02-13 23:00:00,66.75,137.0,131.25,34.0,165.75,155.25,4.25,1.0,2.5,NA,NA,NA,NA,NA,NA,NA,NA,NA,NA,NA,NA,NA,NA,NA
2026-02-14 00:00:00,76.0,157.75,152.0,40.0,192.75,174.5,4.5,1.0,3.75,NA,NA,NA,NA,NA,NA,NA,NA,NA,NA,NA,NA,NA,NA,NA
2026-02-14 01:00:00,79.5,173.5,150.5,38.25,189.25,169.75,4.75,1.0,4.0,NA,NA,NA,NA,NA,NA,NA,NA,NA,NA,NA,NA,NA,NA,NA
2026-02-14 02:00:00,77.25,183.0,134.0,39.25,173.5,158.0,5.0,1.0,4.0,NA,NA,NA,NA,NA,NA,NA,NA,NA,NA,NA,NA,NA,NA,NA
2026-02-14 03:00:00,78.67,194.0,78.33,39.67,118.33,118.67,5.0,1.0,4.0,NA,NA,NA,NA,NA,NA,NA,NA,NA,NA,NA,NA,NA,NA,NA
2026-02-14 04:00:00,78.33,196.33,153.67,33.0,187.33,168.33,6.0,1.0,4.0,NA,NA,NA,NA,NA,NA,NA,NA,NA,NA,NA,NA,NA,NA,NA
2026-02-14 05:00:00,71.0,184.0,101.0,28.0,129.5,127.5,6.0,0.5,3.5,NA,NA,NA,NA,NA,NA,NA,NA,NA,NA,NA,NA,NA,NA,NA
2026-02-14 06:00:00,78.75,191.0,178.75,29.5,209.0,189.5,9.5,1.0,3.0,NA,NA,NA,NA,NA,NA,NA,NA,NA,NA,NA,NA,NA,NA,NA
2026-02-14 07:00:00,84.75,200.0,284.0,26.75,311.0,271.75,10.0,1.25,3.0,NA,NA,NA,NA,NA,NA,NA,NA,NA,NA,NA,NA,NA,NA,NA
2026-02-14 08:00:00,82.0,212.5,231.75,31.5,264.25,229.75,6.25,1.5,3.25,NA,NA,NA,NA,NA,NA,NA,NA,NA,NA,NA,NA,NA,NA,NA
2026-02-14 09:00:00,86.0,214.5,102.75,43.0,146.5,137.75,5.75,1.0,3.75,NA,NA,NA,NA,NA,NA,NA,NA,NA,NA,NA,NA,NA,NA,NA
2026-02-14 10:00:00,86.0,227.5,56.75,40.0,97.25,99.75,7.5,1.0,6.0,NA,NA,NA,NA,NA,NA,NA,NA,NA,NA,NA,NA,NA,NA,NA
2026-02-14 11:00:00,89.0,235.75,42.25,36.5,79.25,85.5,10.0,1.0,10.75,NA,NA,NA,NA,NA,NA,NA,NA,NA,NA,NA,NA,NA,NA,NA
2026-02-14 12:00:00,85.25,204.25,9.75,19.75,30.0,52.5,6.75,0.0,34.0,NA,NA,NA,NA,NA,NA,NA,NA,NA,NA,NA,NA,NA,NA,NA
2026-02-14 13:00:00,78.5,174.0,3.75,13.25,17.25,42.25,4.5,0.0,59.25,NA,NA,NA,NA,NA,NA,NA,NA,NA,NA,NA,NA,NA,NA,NA
2026-02-14 14:00:00,77.5,155.5,2.5,11.75,15.0,38.0,3.75,0.0,89.0,NA,NA,NA,NA,NA,NA,NA,NA,NA,NA,NA,NA,NA,NA,NA
2026-02-14 15:00:00,80.0,146.0,10.5,17.0,28.0,55.5,3.25,0.5,71.75,NA,NA,NA,NA,NA,NA,NA,NA,NA,NA,NA,NA,NA,NA,NA
2026-02-14 16:00:00,79.5,142.0,28.25,19.75,48.75,78.5,3.5,0.75,48.0,NA,NA,NA,NA,NA,NA,NA,NA,NA,NA,NA,NA,NA,NA,NA
2026-02-14 17:00:00,78.0,143.5,25.25,23.25,48.5,78.5,3.0,0.75,39.5,NA,NA,NA,NA,NA,NA,NA,NA,NA,NA,NA,NA,NA,NA,NA
2026-02-14 18:00:00,79.5,141.5,13.75,20.25,34.25,63.5,3.0,0.5,55.5,NA,NA,NA,NA,NA,NA,NA,NA,NA,NA,NA,NA,NA,NA,NA
2026-02-14 19:00:00,78.5,146.5,5.75,18.25,24.75,52.5,2.75,0.0,45.5,NA,NA,NA,NA,NA,NA,NA,NA,NA,NA,NA,NA,NA,NA,NA
2026-02-14 20:00:00,75.5,151.5,5.5,19.0,24.75,51.5,3.5,0.0,36.0,NA,NA,NA,NA,NA,NA,NA,NA,NA,NA,NA,NA,NA,NA,NA
2026-02-14 21:00:00,75.0,147.5,41.5,40.75,83.0,93.75,3.0,0.75,5.5,NA,NA,NA,NA,NA,NA,NA,NA,NA,NA,NA,NA,NA,NA,NA
2026-02-14 22:00:00,80.5,157.5,120.0,47.25,167.75,150.25,7.25,1.0,4.0,NA,NA,NA,NA,NA,NA,NA,NA,NA,NA,NA,NA,NA,NA,NA
2026-02-14 23:00:00,86.0,178.5,83.5,49.25,133.5,130.0,7.0,1.0,3.5,NA,NA,NA,NA,NA,NA,NA,NA,NA,NA,NA,NA,NA,NA,NA
2026-02-15 00:00:00,NA,198.0,142.25,35.25,177.75,165.5,5.75,1.5,4.0,NA,NA,NA,NA,NA,NA,NA,NA,NA,NA,NA,NA,NA,NA,NA
2026-02-15 01:00:00,NA,204.0,120.0,33.0,153.5,144.25,4.25,1.0,3.5,NA,NA,NA,NA,NA,NA,NA,NA,NA,NA,NA,NA,NA,NA,NA
2026-02-15 02:00:00,NA,213.25,135.5,34.0,169.5,152.75,4.0,1.0,4.5,NA,NA,NA,NA,NA,NA,NA,NA,NA,NA,NA,NA,NA,NA,NA
2026-02-15 03:00:00,NA,247.5,147.5,27.75,176.25,155.25,4.0,1.0,4.0,NA,NA,NA,NA,NA,NA,NA,NA,NA,NA,NA,NA,NA,NA,NA
2026-02-15 04:00:00,NA,247.0,214.5,20.0,234.75,197.0,4.0,1.0,4.75,NA,NA,NA,NA,NA,NA,NA,NA,NA,NA,NA,NA,NA,NA,NA
2026-02-15 05:00:00,NA,239.5,163.75,22.5,186.75,161.25,4.0,1.0,4.25,NA,NA,NA,NA,NA,NA,NA,NA,NA,NA,NA,NA,NA,NA,NA
2026-02-15 06:00:00,NA,233.0,187.0,17.75,205.5,173.5,4.0,1.0,4.0,NA,NA,NA,NA,NA,NA,NA,NA,NA,NA,NA,NA,NA,NA,NA
2026-02-15 07:00:00,NA,237.0,128.5,10.75,140.0,126.75,3.75,1.0,1.75,NA,NA,NA,NA,NA,NA,NA,NA,NA,NA,NA,NA,NA,NA,NA
2026-02-15 08:00:00,NA,223.75,126.25,42.25,169.0,157.25,2.0,1.0,3.5,NA,NA,NA,NA,NA,NA,NA,NA,NA,NA,NA,NA,NA,NA,NA
2026-02-15 09:00:00,NA,210.5,129.5,50.75,180.75,167.5,1.5,1.0,5.5,NA,NA,NA,NA,NA,NA,NA,NA,NA,NA,NA,NA,NA,NA,NA
2026-02-15 10:00:00,NA,209.5,60.0,46.5,106.5,106.5,2.25,0.75,6.25,NA,NA,NA,NA,NA,NA,NA,NA,NA,NA,NA,NA,NA,NA,NA
2026-02-15 11:00:00,85.0,188.0,40.25,36.5,77.5,84.75,5.0,0.0,10.25,NA,NA,NA,NA,NA,NA,NA,NA,NA,NA,NA,NA,NA,NA,NA
2026-02-15 12:00:00,79.75,165.0,21.25,23.25,45.0,64.75,3.25,0.0,22.75,NA,NA,NA,NA,NA,NA,NA,NA,NA,NA,NA,NA,NA,NA,NA
2026-02-15 13:00:00,71.75,151.25,13.25,14.75,28.25,52.25,3.0,0.0,38.0,NA,NA,NA,NA,NA,NA,NA,NA,NA,NA,NA,NA,NA,NA,NA
2026-02-15 14:00:00,68.5,132.0,14.5,15.0,30.0,52.75,2.5,0.0,37.0,NA,NA,NA,NA,NA,NA,NA,NA,NA,NA,NA,NA,NA,NA,NA
2026-02-15 15:00:00,64.75,120.0,18.0,17.5,35.75,58.25,2.75,0.0,36.75,NA,NA,NA,NA,NA,NA,NA,NA,NA,NA,NA,NA,NA,NA,NA
2026-02-15 16:00:00,61.5,113.5,24.5,21.5,46.25,68.25,3.75,0.0,33.5,NA,NA,NA,NA,NA,NA,NA,NA,NA,NA,NA,NA,NA,NA,NA
2026-02-15 17:00:00,56.5,110.5,20.75,19.5,40.75,63.0,4.0,0.0,26.5,NA,NA,NA,NA,NA,NA,NA,NA,NA,NA,NA,NA,NA,NA,NA
2026-02-15 18:00:00,49.0,100.75,12.0,20.5,32.75,55.5,4.0,0.0,27.75,NA,NA,NA,NA,NA,NA,NA,NA,NA,NA,NA,NA,NA,NA,NA
2026-02-15 19:00:00,48.5,93.0,16.0,21.25,37.75,61.75,3.25,0.0,28.75,NA,NA,NA,NA,NA,NA,NA,NA,NA,NA,NA,NA,NA,NA,NA
2026-02-15 20:00:00,54.75,103.5,10.25,24.25,34.75,61.25,2.25,0.0,28.25,NA,NA,NA,NA,NA,NA,NA,NA,NA,NA,NA,NA,NA,NA,NA
2026-02-15 21:00:00,62.0,117.5,23.0,36.25,59.25,76.75,2.75,0.75,9.5,NA,NA,NA,NA,NA,NA,NA,NA,NA,NA,NA,NA,NA,NA,NA
2026-02-15 22:00:00,61.0,128.5,58.0,42.25,100.5,101.75,3.75,1.0,3.75,NA,NA,NA,NA,NA,NA,NA,NA,NA,NA,NA,NA,NA,NA,NA
2026-02-15 23:00:00,64.75,151.5,155.0,34.75,190.5,169.75,4.0,1.25,3.75,NA,NA,NA,NA,NA,NA,NA,NA,NA,NA,NA,NA,NA,NA,NA
2026-02-16 00:00:00,74.5,175.0,150.5,33.25,184.25,161.75,3.0,1.25,3.0,NA,NA,NA,NA,NA,NA,NA,NA,NA,NA,NA,NA,NA,NA,NA
2026-02-16 01:00:00,80.0,183.75,175.0,26.75,202.25,173.25,3.0,1.75,3.25,NA,NA,NA,NA,NA,NA,NA,NA,NA,NA,NA,NA,NA,NA,NA
2026-02-16 02:00:00,83.0,193.5,153.0,32.25,185.75,159.5,3.25,1.0,4.0,NA,NA,NA,NA,NA,NA,NA,NA,NA,NA,NA,NA,NA,NA,NA
2026-02-16 03:00:00,NA,199.5,166.5,30.0,196.75,165.25,4.0,1.0,4.0,NA,NA,NA,NA,NA,NA,NA,NA,NA,NA,NA,NA,NA,NA,NA
2026-02-16 04:00:00,86.0,190.5,139.25,26.5,166.25,140.5,4.25,1.0,4.0,NA,NA,NA,NA,NA,NA,NA,NA,NA,NA,NA,NA,NA,NA,NA
2026-02-16 05:00:00,84.0,169.5,102.25,28.0,130.75,111.5,6.25,0.25,3.75,NA,NA,NA,NA,NA,NA,NA,NA,NA,NA,NA,NA,NA,NA,NA
2026-02-16 06:00:00,78.0,153.5,86.0,30.75,117.25,99.75,14.75,0.0,3.25,NA,NA,NA,NA,NA,NA,NA,NA,NA,NA,NA,NA,NA,NA,NA
2026-02-16 07:00:00,74.5,152.0,186.0,30.25,216.5,180.75,12.75,0.75,3.25,NA,NA,NA,NA,NA,NA,NA,NA,NA,NA,NA,NA,NA,NA,NA
2026-02-16 08:00:00,76.0,161.0,179.25,29.75,209.5,180.75,7.0,1.0,3.5,NA,NA,NA,NA,NA,NA,NA,NA,NA,NA,NA,NA,NA,NA,NA
2026-02-16 09:00:00,73.0,165.5,164.75,38.5,203.5,177.75,9.5,1.0,3.25,NA,NA,NA,NA,NA,NA,NA,NA,NA,NA,NA,NA,NA,NA,NA
2026-02-16 10:00:00,68.0,160.0,53.25,37.5,91.0,94.25,9.0,0.5,5.0,NA,NA,NA,NA,NA,NA,NA,NA,NA,NA,NA,NA,NA,NA,NA
2026-02-16 11:00:00,68.5,151.0,26.0,17.25,43.75,50.0,9.0,0.0,12.33,NA,NA,NA,NA,NA,NA,NA,NA,NA,NA,NA,NA,NA,NA,NA
2026-02-16 12:00:00,50.0,101.0,5.67,98.0,103.67,73.0,9.5,0.0,NA,NA,NA,NA,NA,NA,NA,NA,NA,NA,NA,NA,NA,NA,NA,NA
2026-02-16 13:00:00,NA,NA,27.5,38.5,66.75,99.5,4.5,NA,NA,NA,NA,NA,NA,NA,NA,NA,NA,NA,NA,NA,NA,NA,NA,NA
2026-02-16 14:00:00,NA,NA,25.25,40.0,65.5,99.5,3.0,0.0,NA,NA,NA,NA,NA,NA,NA,NA,NA,NA,NA,NA,NA,NA,NA,NA
2026-02-16 15:00:00,NA,NA,23.75,46.5,71.0,109.0,10.0,0.0,20.5,NA,NA,NA,NA,NA,NA,NA,NA,NA,NA,NA,NA,NA,NA,NA
2026-02-16 16:00:00,34.0,85.0,17.75,54.25,72.75,110.25,NA,0.0,35.5,NA,NA,NA,NA,NA,NA,NA,NA,NA,NA,NA,NA,NA,NA,NA
2026-02-16 17:00:00,55.5,95.0,18.0,51.5,70.25,104.25,NA,0.0,34.5,NA,NA,NA,NA,NA,NA,NA,NA,NA,NA,NA,NA,NA,NA,NA
2026-02-16 18:00:00,51.0,97.75,36.0,60.0,96.0,130.75,NA,0.5,16.5,NA,NA,NA,NA,NA,NA,NA,NA,NA,NA,NA,NA,NA,NA,NA
2026-02-16 19:00:00,53.0,93.75,38.5,62.25,101.0,132.5,NA,0.25,14.0,NA,NA,NA,NA,NA,NA,NA,NA,NA,NA,NA,NA,NA,NA,NA
2026-02-16 20:00:00,51.5,102.0,49.5,67.5,117.5,152.5,NA,0.0,5.25,NA,NA,NA,NA,NA,NA,NA,NA,NA,NA,NA,NA,NA,NA,NA
2026-02-16 21:00:00,50.0,95.75,92.25,49.75,142.75,183.75,NA,0.0,1.0,NA,NA,NA,NA,NA,NA,NA,NA,NA,NA,NA,NA,NA,NA,NA
2026-02-16 22:00:00,46.75,103.25,177.75,46.25,224.75,273.25,NA,1.0,2.0,NA,NA,NA,NA,NA,NA,NA,NA,NA,NA,NA,NA,NA,NA,NA
2026-02-16 23:00:00,62.5,130.75,263.75,43.5,308.25,366.0,NA,1.25,3.0,NA,NA,NA,NA,NA,NA,NA,NA,NA,NA,NA,NA,NA,NA,NA
2026-02-17 00:00:00,66.0,171.75,273.5,40.5,314.75,375.75,NA,1.5,3.0,NA,NA,NA,NA,NA,NA,NA,NA,NA,NA,NA,NA,NA,NA,NA
2026-02-17 01:00:00,68.5,198.0,210.75,41.75,253.25,307.0,NA,1.5,3.0,NA,NA,NA,NA,NA,NA,NA,NA,NA,NA,NA,NA,NA,NA,NA
2026-02-17 02:00:00,76.5,201.25,45.5,40.25,86.5,124.5,NA,0.25,3.0,NA,NA,NA,NA,NA,NA,NA,NA,NA,NA,NA,NA,NA,NA,NA
2026-02-17 03:00:00,65.0,155.5,17.0,26.75,44.0,76.0,NA,0.0,6.75,NA,NA,NA,NA,NA,NA,NA,NA,NA,NA,NA,NA,NA,NA,NA
2026-02-17 04:00:00,52.25,112.0,12.5,24.0,37.0,66.25,NA,0.0,8.0,NA,NA,NA,NA,NA,NA,NA,NA,NA,NA,NA,NA,NA,NA,NA
2026-02-17 05:00:00,42.75,180.0,13.0,29.5,42.75,71.0,NA,0.0,9.5,NA,NA,NA,NA,NA,NA,NA,NA,NA,NA,NA,NA,NA,NA,NA
2026-02-17 06:00:00,41.75,146.5,42.75,41.0,84.25,114.75,NA,0.0,4.5,NA,NA,NA,NA,NA,NA,NA,NA,NA,NA,NA,NA,NA,NA,NA
2026-02-17 07:00:00,39.5,121.25,64.75,43.5,109.25,143.5,NA,0.0,2.25,NA,NA,NA,NA,NA,NA,NA,NA,NA,NA,NA,NA,NA,NA,NA
2026-02-17 08:00:00,39.75,114.75,65.75,42.25,108.75,143.25,NA,0.0,3.0,NA,NA,NA,NA,NA,NA,NA,NA,NA,NA,NA,NA,NA,NA,NA
2026-02-17 09:00:00,40.75,100.0,78.25,40.75,119.25,155.5,4.0,0.5,2.75,NA,NA,NA,NA,NA,NA,NA,NA,NA,NA,NA,NA,NA,NA,NA
2026-02-17 10:00:00,46.75,106.25,59.25,36.5,96.0,125.75,4.5,0.25,6.25,NA,NA,NA,NA,NA,NA,NA,NA,NA,NA,NA,NA,NA,NA,NA
2026-02-17 11:00:00,39.25,111.25,29.5,58.75,88.75,118.25,4.5,0.0,15.75,NA,NA,NA,NA,NA,NA,NA,NA,NA,NA,NA,NA,NA,NA,NA
2026-02-17 12:00:00,40.25,93.75,63.0,45.0,109.0,88.0,4.5,0.0,17.5,NA,NA,NA,NA,NA,NA,NA,NA,NA,NA,NA,NA,NA,NA,NA
2026-02-17 13:00:00,43.5,80.0,NA,NA,NA,NA,4.25,0.0,23.75,NA,NA,NA,NA,NA,NA,NA,NA,NA,NA,NA,NA,NA,NA,NA
2026-02-17 14:00:00,41.5,73.0,27.25,44.0,71.75,NA,4.0,0.0,19.25,NA,NA,NA,NA,NA,NA,NA,NA,NA,NA,NA,NA,NA,NA,NA
2026-02-17 15:00:00,37.75,73.75,22.75,51.25,73.25,40.0,NA,0.0,37.0,NA,NA,NA,NA,NA,NA,NA,NA,NA,NA,NA,NA,NA,NA,NA
2026-02-17 16:00:00,43.67,82.33,NA,NA,NA,NA,1.0,0.0,33.0,NA,NA,NA,NA,NA,NA,NA,NA,NA,NA,NA,NA,NA,NA,NA
2026-02-17 17:00:00,48.5,87.5,NA,NA,NA,NA,3.0,0.0,26.5,NA,NA,NA,NA,NA,NA,NA,NA,NA,NA,NA,NA,NA,NA,NA
2026-02-17 18:00:00,49.0,88.75,NA,NA,NA,NA,3.0,0.0,17.75,NA,NA,NA,NA,NA,NA,NA,NA,NA,NA,NA,NA,NA,NA,NA
2026-02-17 19:00:00,41.75,87.25,NA,NA,NA,NA,2.75,0.0,13.75,NA,NA,NA,NA,NA,NA,NA,NA,NA,NA,NA,NA,NA,NA,NA
2026-02-17 20:00:00,41.0,78.5,NA,NA,NA,NA,3.0,0.0,16.25,NA,NA,NA,NA,NA,NA,NA,NA,NA,NA,NA,NA,NA,NA,NA
2026-02-17 21:00:00,45.25,67.0,NA,NA,NA,NA,3.0,0.0,19.0,NA,NA,NA,NA,NA,NA,NA,NA,NA,NA,NA,NA,NA,NA,NA
2026-02-17 22:00:00,46.0,71.5,NA,NA,NA,NA,3.75,0.0,8.75,NA,NA,NA,NA,NA,NA,NA,NA,NA,NA,NA,NA,NA,NA,NA
2026-02-17 23:00:00,39.5,78.75,NA,NA,NA,NA,4.0,0.0,10.75,NA,NA,NA,NA,NA,NA,NA,NA,NA,NA,NA,NA,NA,NA,NA
2026-02-18 00:00:00,47.0,76.0,NA,NA,NA,NA,4.0,0.0,13.25,NA,NA,NA,NA,NA,NA,NA,NA,NA,NA,NA,NA,NA,NA,NA
2026-02-18 01:00:00,41.75,65.0,NA,NA,NA,NA,4.0,0.0,16.75,NA,NA,NA,NA,NA,NA,NA,NA,NA,NA,NA,NA,NA,NA,NA
2026-02-18 02:00:00,41.0,68.0,NA,NA,NA,NA,4.0,0.0,13.0,NA,NA,NA,NA,NA,NA,NA,NA,NA,NA,NA,NA,NA,NA,NA
2026-02-18 03:00:00,36.25,64.0,NA,NA,NA,NA,3.0,0.0,11.75,NA,NA,NA,NA,NA,NA,NA,NA,NA,NA,NA,NA,NA,NA,NA
2026-02-18 04:00:00,40.75,71.25,NA,NA,NA,NA,3.0,0.0,10.5,NA,NA,NA,NA,NA,NA,NA,NA,NA,NA,NA,NA,NA,NA,NA
2026-02-18 05:00:00,44.5,66.5,NA,NA,NA,NA,2.75,0.0,6.5,NA,NA,NA,NA,NA,NA,NA,NA,NA,NA,NA,NA,NA,NA,NA
2026-02-18 06:00:00,37.75,64.25,NA,NA,NA,NA,2.0,0.0,1.5,NA,NA,NA,NA,NA,NA,NA,NA,NA,NA,NA,NA,NA,NA,NA
2026-02-18 07:00:00,31.75,68.25,NA,NA,NA,NA,2.75,0.25,1.0,NA,NA,NA,NA,NA,NA,NA,NA,NA,NA,NA,NA,NA,NA,NA
2026-02-18 08:00:00,41.75,74.0,NA,NA,NA,NA,2.25,0.75,1.75,NA,NA,NA,NA,NA,NA,NA,NA,NA,NA,NA,NA,NA,NA,NA
2026-02-18 09:00:00,39.33,74.33,NA,NA,NA,NA,2.0,0.33,5.0,NA,NA,NA,NA,NA,NA,NA,NA,NA,NA,NA,NA,NA,NA,NA
2026-02-18 10:00:00,35.5,62.5,NA,NA,NA,NA,1.0,0.5,7.5,NA,NA,NA,NA,NA,NA,NA,NA,NA,NA,NA,NA,NA,NA,NA
2026-02-18 11:00:00,28.5,65.75,NA,NA,NA,NA,1.0,0.0,16.0,NA,NA,NA,NA,NA,NA,NA,NA,NA,NA,NA,NA,NA,NA,NA
2026-02-18 12:00:00,27.75,62.0,NA,NA,NA,NA,1.25,0.0,16.5,NA,NA,NA,NA,NA,NA,NA,NA,NA,NA,NA,NA,NA,NA,NA
2026-02-18 13:00:00,19.0,47.75,NA,NA,NA,NA,1.0,0.0,12.25,NA,NA,NA,NA,NA,NA,NA,NA,NA,NA,NA,NA,NA,NA,NA
2026-02-18 14:00:00,14.75,43.25,NA,NA,NA,NA,1.0,0.0,16.25,NA,NA,NA,NA,NA,NA,NA,NA,NA,NA,NA,NA,NA,NA,NA
2026-02-18 15:00:00,15.0,38.0,NA,NA,NA,NA,1.25,0.0,17.75,NA,NA,NA,NA,NA,NA,NA,NA,NA,NA,NA,NA,NA,NA,NA
2026-02-18 16:00:00,13.5,37.5,NA,NA,NA,NA,1.25,0.0,16.75,NA,NA,NA,NA,NA,NA,NA,NA,NA,NA,NA,NA,NA,NA,NA
2026-02-18 17:00:00,14.5,32.25,NA,NA,NA,NA,1.5,0.25,17.0,NA,NA,NA,NA,NA,NA,NA,NA,NA,NA,NA,NA,NA,NA,NA
2026-02-18 18:00:00,19.0,37.0,NA,NA,NA,NA,1.75,0.5,9.25,NA,NA,NA,NA,NA,NA,NA,NA,NA,NA,NA,NA,NA,NA,NA
2026-02-18 19:00:00,19.25,45.5,67.0,44.0,112.0,NA,2.0,0.5,9.5,NA,NA,NA,NA,NA,NA,NA,NA,NA,NA,NA,NA,NA,NA,NA
2026-02-18 20:00:00,19.0,47.0,39.25,43.25,83.25,NA,1.25,0.75,8.5,NA,NA,NA,NA,NA,NA,NA,NA,NA,NA,NA,NA,NA,NA,NA
2026-02-18 21:00:00,22.25,67.0,32.25,44.5,77.25,NA,1.5,0.0,6.5,NA,NA,NA,NA,NA,NA,NA,NA,NA,NA,NA,NA,NA,NA,NA
2026-02-18 22:00:00,18.25,64.5,31.25,47.25,79.0,NA,0.25,0.0,5.25,NA,NA,NA,NA,NA,NA,NA,NA,NA,NA,NA,NA,NA,NA,NA
2026-02-18 23:00:00,22.5,54.0,34.25,45.0,79.5,NA,1.25,0.0,5.75,NA,NA,NA,NA,NA,NA,NA,NA,NA,NA,NA,NA,NA,NA,NA
2026-02-19 00:00:00,18.25,53.0,24.5,45.5,70.75,NA,1.0,0.0,5.5,NA,NA,NA,NA,NA,NA,NA,NA,NA,NA,NA,NA,NA,NA,NA
2026-02-19 01:00:00,26.75,56.25,42.5,46.5,89.5,NA,1.0,0.0,2.0,NA,NA,NA,NA,NA,NA,NA,NA,NA,NA,NA,NA,NA,NA,NA
2026-02-19 02:00:00,20.0,61.0,75.25,43.5,119.25,NA,1.0,0.0,1.0,NA,NA,NA,NA,NA,NA,NA,NA,NA,NA,NA,NA,NA,NA,NA
2026-02-19 03:00:00,29.75,75.25,28.0,42.25,70.75,NA,0.5,0.0,2.5,NA,NA,NA,NA,NA,NA,NA,NA,NA,NA,NA,NA,NA,NA,NA
2026-02-19 04:00:00,26.5,63.25,32.75,36.75,70.0,NA,0.5,0.0,1.75,NA,NA,NA,NA,NA,NA,NA,NA,NA,NA,NA,NA,NA,NA,NA
2026-02-19 05:00:00,27.5,51.75,62.75,34.5,97.75,NA,1.0,0.0,1.0,NA,NA,NA,NA,NA,NA,NA,NA,NA,NA,NA,NA,NA,NA,NA
2026-02-19 06:00:00,34.5,72.25,115.25,35.0,150.75,NA,1.25,0.0,1.0,NA,NA,NA,NA,NA,NA,NA,NA,NA,NA,NA,NA,NA,NA,NA
2026-02-19 07:00:00,34.25,77.75,163.25,29.5,193.0,NA,2.0,0.0,1.0,NA,NA,NA,NA,NA,NA,NA,NA,NA,NA,NA,NA,NA,NA,NA
2026-02-19 08:00:00,34.0,96.0,129.0,38.75,168.5,NA,2.0,0.0,1.75,NA,NA,NA,NA,NA,NA,NA,NA,NA,NA,NA,NA,NA,NA,NA
2026-02-19 09:00:00,37.25,63.25,103.25,49.75,153.25,NA,2.0,0.0,2.75,NA,NA,NA,NA,NA,NA,NA,NA,NA,NA,NA,NA,NA,NA,NA
2026-02-19 10:00:00,41.25,58.75,81.5,54.5,136.5,NA,2.0,0.0,4.75,NA,NA,NA,NA,NA,NA,NA,NA,NA,NA,NA,NA,NA,NA,NA
2026-02-19 11:00:00,46.0,81.25,18.75,36.5,55.75,NA,2.0,0.0,19.75,NA,NA,NA,NA,NA,NA,NA,NA,NA,NA,NA,NA,NA,NA,NA
2026-02-19 12:00:00,50.25,84.25,6.5,33.25,40.0,188.0,2.0,0.0,31.25,NA,NA,NA,NA,NA,NA,NA,NA,NA,NA,NA,NA,NA,NA,NA
2026-02-19 13:00:00,55.25,85.75,3.75,33.5,37.25,68.5,2.25,0.0,46.0,NA,NA,NA,NA,NA,NA,NA,NA,NA,NA,NA,NA,NA,NA,NA
2026-02-19 14:00:00,56.0,86.0,6.75,36.0,43.25,75.25,1.5,0.0,47.75,NA,NA,NA,NA,NA,NA,NA,NA,NA,NA,NA,NA,NA,NA,NA
2026-02-19 15:00:00,NA,60.0,8.5,37.5,46.5,82.5,0.0,0.0,39.0,NA,NA,NA,NA,NA,NA,NA,NA,NA,NA,NA,NA,NA,NA,NA
2026-02-19 16:00:00,72.0,117.0,4.25,34.5,39.75,69.25,2.75,0.0,50.75,NA,NA,NA,NA,NA,NA,NA,NA,NA,NA,NA,NA,NA,NA,NA
2026-02-19 17:00:00,72.75,124.25,31.0,55.0,86.25,84.0,2.25,0.0,31.25,NA,NA,NA,NA,NA,NA,NA,NA,NA,NA,NA,NA,NA,NA,NA
2026-02-19 18:00:00,66.75,127.0,31.75,61.0,93.5,85.5,1.0,0.0,31.25,NA,NA,NA,NA,NA,NA,NA,NA,NA,NA,NA,NA,NA,NA,NA
2026-02-19 19:00:00,63.5,129.25,18.75,55.5,75.0,73.5,1.25,0.0,33.5,NA,NA,NA,NA,NA,NA,NA,NA,NA,NA,NA,NA,NA,NA,NA
2026-02-19 20:00:00,64.0,128.5,10.0,54.75,65.25,72.75,1.5,0.0,35.5,NA,NA,NA,NA,NA,NA,NA,NA,NA,NA,NA,NA,NA,NA,NA
2026-02-19 21:00:00,70.25,127.5,15.5,63.75,79.75,87.0,1.25,0.0,20.75,NA,NA,NA,NA,NA,NA,NA,NA,NA,NA,NA,NA,NA,NA,NA
2026-02-19 22:00:00,78.5,132.0,13.0,48.0,61.25,79.75,1.25,0.0,11.5,NA,NA,NA,NA,NA,NA,NA,NA,NA,NA,NA,NA,NA,NA,NA
2026-02-19 23:00:00,82.5,143.5,28.75,53.0,82.0,87.25,1.0,0.0,4.5,NA,NA,NA,NA,NA,NA,NA,NA,NA,NA,NA,NA,NA,NA,NA
2026-02-20 00:00:00,85.5,154.0,6.75,45.0,52.5,73.0,1.0,0.0,9.75,NA,NA,NA,NA,NA,NA,NA,NA,NA,NA,NA,NA,NA,NA,NA
2026-02-20 01:00:00,85.0,153.5,11.0,45.0,56.5,70.5,1.0,0.0,15.25,NA,NA,NA,NA,NA,NA,NA,NA,NA,NA,NA,NA,NA,NA,NA
2026-02-20 02:00:00,81.5,155.25,21.5,53.0,74.75,76.25,0.75,0.0,14.75,NA,NA,NA,NA,NA,NA,NA,NA,NA,NA,NA,NA,NA,NA,NA
2026-02-20 03:00:00,83.25,161.0,10.0,46.75,57.25,67.0,0.75,0.0,16.25,NA,NA,NA,NA,NA,NA,NA,NA,NA,NA,NA,NA,NA,NA,NA
2026-02-20 04:00:00,88.0,162.5,8.0,36.5,45.25,65.25,0.25,0.0,15.5,NA,NA,NA,NA,NA,NA,NA,NA,NA,NA,NA,NA,NA,NA,NA
2026-02-20 05:00:00,89.0,164.0,20.0,32.5,53.0,72.75,0.0,0.0,8.75,NA,NA,NA,NA,NA,NA,NA,NA,NA,NA,NA,NA,NA,NA,NA
2026-02-20 06:00:00,89.0,167.5,20.75,31.75,53.0,72.0,0.0,0.0,5.0,NA,NA,NA,NA,NA,NA,NA,NA,NA,NA,NA,NA,NA,NA,NA
2026-02-20 07:00:00,89.0,168.5,22.5,35.25,58.5,75.25,0.0,0.0,4.75,NA,NA,NA,NA,NA,NA,NA,NA,NA,NA,NA,NA,NA,NA,NA
2026-02-20 08:00:00,NA,169.5,76.25,34.0,110.5,97.25,0.75,0.75,3.0,NA,NA,NA,NA,NA,NA,NA,NA,NA,NA,NA,NA,NA,NA,NA
2026-02-20 09:00:00,NA,193.25,64.75,34.75,100.25,92.5,1.0,0.5,3.25,NA,NA,NA,NA,NA,NA,NA,NA,NA,NA,NA,NA,NA,NA,NA
2026-02-20 10:00:00,NA,221.75,88.0,69.75,158.75,114.0,1.0,1.0,5.0,NA,NA,NA,NA,NA,NA,NA,NA,NA,NA,NA,NA,NA,NA,NA
2026-02-20 11:00:00,NA,219.75,36.5,132.5,169.5,110.0,1.0,0.0,16.0,NA,NA,NA,NA,NA,NA,NA,NA,NA,NA,NA,NA,NA,NA,NA
2026-02-20 12:00:00,NA,210.5,9.5,60.5,70.5,85.0,0.75,0.0,28.25,NA,NA,NA,NA,NA,NA,NA,NA,NA,NA,NA,NA,NA,NA,NA
2026-02-20 13:00:00,NA,191.5,1.75,39.0,41.5,76.75,0.5,0.0,62.5,NA,NA,NA,NA,NA,NA,NA,NA,NA,NA,NA,NA,NA,NA,NA
2026-02-20 14:00:00,NA,167.5,1.5,34.25,35.75,68.0,1.5,0.0,82.25,NA,NA,NA,NA,NA,NA,NA,NA,NA,NA,NA,NA,NA,NA,NA
2026-02-20 15:00:00,88.0,157.0,2.5,37.25,40.25,67.0,1.25,0.0,90.0,NA,NA,NA,NA,NA,NA,NA,NA,NA,NA,NA,NA,NA,NA,NA
2026-02-20 16:00:00,87.5,153.5,5.5,43.5,49.25,68.5,1.25,0.0,82.25,NA,NA,NA,NA,NA,NA,NA,NA,NA,NA,NA,NA,NA,NA,NA
2026-02-20 17:00:00,87.5,146.75,15.25,48.75,64.75,76.5,1.25,0.25,64.5,NA,NA,NA,NA,NA,NA,NA,NA,NA,NA,NA,NA,NA,NA,NA
2026-02-20 18:00:00,85.75,145.0,35.75,69.0,105.25,96.25,1.0,1.0,36.75,NA,NA,NA,NA,NA,NA,NA,NA,NA,NA,NA,NA,NA,NA,NA
2026-02-20 19:00:00,84.0,155.75,21.0,71.25,92.75,85.75,1.0,0.25,35.25,NA,NA,NA,NA,NA,NA,NA,NA,NA,NA,NA,NA,NA,NA,NA
2026-02-20 20:00:00,85.0,168.75,42.75,82.75,126.5,96.5,1.0,0.75,18.25,NA,NA,NA,NA,NA,NA,NA,NA,NA,NA,NA,NA,NA,NA,NA
2026-02-20 21:00:00,NA,182.75,73.5,81.5,155.5,107.5,0.75,1.0,7.25,NA,NA,NA,NA,NA,NA,NA,NA,NA,NA,NA,NA,NA,NA,NA
2026-02-20 22:00:00,NA,195.25,69.25,82.25,152.0,107.5,1.25,1.0,6.5,NA,NA,NA,NA,NA,NA,NA,NA,NA,NA,NA,NA,NA,NA,NA
2026-02-20 23:00:00,NA,206.25,78.25,68.5,147.5,109.5,2.25,1.0,4.25,NA,NA,NA,NA,NA,NA,NA,NA,NA,NA,NA,NA,NA,NA,NA
2026-02-21 00:00:00,NA,210.67,97.0,69.67,166.67,114.33,3.0,1.0,4.0,NA,NA,NA,NA,NA,NA,NA,NA,NA,NA,NA,NA,NA,NA,NA
2026-02-21 01:00:00,NA,213.25,100.75,60.0,161.75,117.5,3.5,1.0,3.25,NA,NA,NA,NA,NA,NA,NA,NA,NA,NA,NA,NA,NA,NA,NA
2026-02-21 02:00:00,NA,224.75,145.75,62.5,209.25,130.25,5.0,1.0,2.0,NA,NA,NA,NA,NA,NA,NA,NA,NA,NA,NA,NA,NA,NA,NA
2026-02-21 03:00:00,NA,231.5,126.25,54.0,180.5,123.25,4.75,1.0,2.0,NA,NA,NA,NA,NA,NA,NA,NA,NA,NA,NA,NA,NA,NA,NA
2026-02-21 04:00:00,NA,236.5,100.5,57.75,158.75,112.5,5.0,1.0,2.5,NA,NA,NA,NA,NA,NA,NA,NA,NA,NA,NA,NA,NA,NA,NA
2026-02-21 05:00:00,NA,239.0,92.25,53.0,145.75,103.0,5.0,0.5,2.0,NA,NA,NA,NA,NA,NA,NA,NA,NA,NA,NA,NA,NA,NA,NA
2026-02-21 06:00:00,NA,NA,63.75,53.5,117.5,91.25,5.0,0.0,2.25,NA,NA,NA,NA,NA,NA,NA,NA,NA,NA,NA,NA,NA,NA,NA
2026-02-21 07:00:00,NA,228.0,94.67,52.0,147.0,101.0,5.67,0.33,2.0,NA,NA,NA,NA,NA,NA,NA,NA,NA,NA,NA,NA,NA,NA,NA
2026-02-21 08:00:00,NA,NA,NA,NA,NA,NA,NA,NA,NA,NA,NA,NA,NA,NA,NA,NA,NA,NA,NA,NA,NA,NA,NA,NA
2026-02-21 09:00:00,NA,222.0,67.5,57.0,125.5,87.0,6.0,1.0,7.0,NA,NA,NA,NA,NA,NA,NA,NA,NA,NA,NA,NA,NA,NA,NA
2026-02-21 10:00:00,NA,220.0,56.75,60.25,117.5,85.75,7.75,0.75,9.5,NA,NA,NA,NA,NA,NA,NA,NA,NA,NA,NA,NA,NA,NA,NA
2026-02-21 11:00:00,80.0,209.0,51.25,56.0,108.0,76.5,11.0,0.25,17.25,NA,NA,NA,NA,NA,NA,NA,NA,NA,NA,NA,NA,NA,NA,NA
2026-02-21 12:00:00,77.75,182.75,28.5,48.0,77.25,62.0,15.0,0.0,32.25,NA,NA,NA,NA,NA,NA,NA,NA,NA,NA,NA,NA,NA,NA,NA
2026-02-21 13:00:00,74.5,167.25,6.5,55.5,62.75,63.5,9.75,0.0,77.25,NA,NA,NA,NA,NA,NA,NA,NA,NA,NA,NA,NA,NA,NA,NA
2026-02-21 14:00:00,81.25,170.0,2.0,46.75,49.25,57.25,8.25,0.0,107.75,NA,NA,NA,NA,NA,NA,NA,NA,NA,NA,NA,NA,NA,NA,NA
2026-02-21 15:00:00,89.0,168.25,3.25,50.75,54.5,56.0,5.0,0.0,108.0,NA,NA,NA,NA,NA,NA,NA,NA,NA,NA,NA,NA,NA,NA,NA
2026-02-21 16:00:00,NA,164.0,10.25,48.5,59.0,57.75,4.0,0.0,83.75,NA,NA,NA,NA,NA,NA,NA,NA,NA,NA,NA,NA,NA,NA,NA
2026-02-21 17:00:00,87.0,158.0,19.0,56.25,76.0,63.0,4.0,0.0,60.0,NA,NA,NA,NA,NA,NA,NA,NA,NA,NA,NA,NA,NA,NA,NA
2026-02-21 18:00:00,85.25,156.0,56.75,80.0,136.75,88.0,4.0,1.0,21.0,NA,NA,NA,NA,NA,NA,NA,NA,NA,NA,NA,NA,NA,NA,NA
2026-02-21 19:00:00,79.75,157.5,29.5,65.0,95.0,70.5,3.0,0.0,29.5,NA,NA,NA,NA,NA,NA,NA,NA,NA,NA,NA,NA,NA,NA,NA
2026-02-21 20:00:00,78.5,148.0,15.25,64.75,80.5,63.5,3.5,0.0,23.0,NA,NA,NA,NA,NA,NA,NA,NA,NA,NA,NA,NA,NA,NA,NA
2026-02-21 21:00:00,82.5,140.75,41.75,61.5,103.75,77.75,3.5,0.25,4.5,NA,NA,NA,NA,NA,NA,NA,NA,NA,NA,NA,NA,NA,NA,NA
2026-02-21 22:00:00,84.0,145.33,72.67,59.0,132.0,95.67,4.33,0.67,3.33,NA,NA,NA,NA,NA,NA,NA,NA,NA,NA,NA,NA,NA,NA,NA
2026-02-21 23:00:00,82.25,153.0,16.75,53.5,71.0,73.5,3.0,0.0,8.75,NA,NA,NA,NA,NA,NA,NA,NA,NA,NA,NA,NA,NA,NA,NA
2026-02-22 00:00:00,80.0,153.75,28.75,41.5,71.0,73.0,2.0,0.25,8.5,NA,NA,NA,NA,NA,NA,NA,NA,NA,NA,NA,NA,NA,NA,NA
2026-02-22 01:00:00,82.25,152.75,10.5,47.5,58.5,65.25,1.0,0.0,10.5,NA,NA,NA,NA,NA,NA,NA,NA,NA,NA,NA,NA,NA,NA,NA
2026-02-22 02:00:00,81.0,150.25,12.0,34.5,47.0,58.75,1.0,0.0,12.0,NA,NA,NA,NA,NA,NA,NA,NA,NA,NA,NA,NA,NA,NA,NA
2026-02-22 03:00:00,74.25,144.75,43.25,32.5,76.0,72.75,1.0,0.0,2.5,NA,NA,NA,NA,NA,NA,NA,NA,NA,NA,NA,NA,NA,NA,NA
2026-02-22 04:00:00,77.25,153.75,57.0,31.25,88.5,80.5,1.25,0.0,1.25,NA,NA,NA,NA,NA,NA,NA,NA,NA,NA,NA,NA,NA,NA,NA
2026-02-22 05:00:00,85.75,168.75,88.5,40.0,128.5,96.0,1.0,0.25,1.75,NA,NA,NA,NA,NA,NA,NA,NA,NA,NA,NA,NA,NA,NA,NA
2026-02-22 06:00:00,86.75,177.5,147.0,37.0,184.75,119.75,1.75,0.75,2.5,NA,NA,NA,NA,NA,NA,NA,NA,NA,NA,NA,NA,NA,NA,NA
2026-02-22 07:00:00,84.0,189.5,227.5,41.25,269.25,157.25,2.0,1.25,3.25,NA,NA,NA,NA,NA,NA,NA,NA,NA,NA,NA,NA,NA,NA,NA
2026-02-22 08:00:00,NA,206.25,149.25,83.0,232.5,142.25,2.0,1.0,4.0,NA,NA,NA,NA,NA,NA,NA,NA,NA,NA,NA,NA,NA,NA,NA
2026-02-22 09:00:00,NA,211.5,98.0,71.0,169.5,108.25,2.0,1.0,4.0,NA,NA,NA,NA,NA,NA,NA,NA,NA,NA,NA,NA,NA,NA,NA
2026-02-22 10:00:00,NA,203.25,28.75,62.25,91.5,71.0,2.25,0.0,11.25,NA,NA,NA,NA,NA,NA,NA,NA,NA,NA,NA,NA,NA,NA,NA
2026-02-22 11:00:00,77.0,179.75,31.0,55.5,86.5,64.5,9.5,0.0,19.5,NA,NA,NA,NA,NA,NA,NA,NA,NA,NA,NA,NA,NA,NA,NA
2026-02-22 12:00:00,77.0,156.25,4.25,39.5,44.25,62.75,5.75,0.0,52.5,NA,NA,NA,NA,NA,NA,NA,NA,NA,NA,NA,NA,NA,NA,NA
2026-02-22 13:00:00,NA,144.75,3.0,29.5,32.75,57.0,4.0,0.0,75.75,NA,NA,NA,NA,NA,NA,NA,NA,NA,NA,NA,NA,NA,NA,NA
2026-02-22 14:00:00,86.0,134.25,0.75,26.75,28.5,54.25,4.0,0.0,87.25,NA,NA,NA,NA,NA,NA,NA,NA,NA,NA,NA,NA,NA,NA,NA
2026-02-22 15:00:00,81.25,122.5,6.25,34.5,41.25,57.75,3.5,0.0,68.75,NA,NA,NA,NA,NA,NA,NA,NA,NA,NA,NA,NA,NA,NA,NA
2026-02-22 16:00:00,78.75,118.0,14.0,47.75,62.0,65.25,3.0,0.0,57.0,NA,NA,NA,NA,NA,NA,NA,NA,NA,NA,NA,NA,NA,NA,NA
2026-02-22 17:00:00,77.25,123.25,9.75,40.75,51.25,62.5,2.25,0.0,51.0,NA,NA,NA,NA,NA,NA,NA,NA,NA,NA,NA,NA,NA,NA,NA
2026-02-22 18:00:00,70.5,123.25,11.0,45.0,56.75,55.5,2.75,0.0,41.0,NA,NA,NA,NA,NA,NA,NA,NA,NA,NA,NA,NA,NA,NA,NA
2026-02-22 19:00:00,69.0,113.0,14.25,50.0,65.0,50.25,6.75,0.0,22.25,NA,NA,NA,NA,NA,NA,NA,NA,NA,NA,NA,NA,NA,NA,NA
2026-02-22 20:00:00,70.0,106.25,36.75,54.75,91.75,62.75,6.5,0.0,6.25,NA,NA,NA,NA,NA,NA,NA,NA,NA,NA,NA,NA,NA,NA,NA
2026-02-22 21:00:00,68.25,109.25,65.75,48.0,114.0,75.75,5.75,0.0,2.75,NA,NA,NA,NA,NA,NA,NA,NA,NA,NA,NA,NA,NA,NA,NA
2026-02-22 22:00:00,69.0,118.5,121.5,42.5,164.5,96.5,6.25,1.25,2.0,NA,NA,NA,NA,NA,NA,NA,NA,NA,NA,NA,NA,NA,NA,NA
2026-02-22 23:00:00,71.5,126.0,224.25,28.75,253.25,144.25,9.25,2.0,3.0,NA,NA,NA,NA,NA,NA,NA,NA,NA,NA,NA,NA,NA,NA,NA
2026-02-23 00:00:00,76.0,156.0,168.0,36.25,205.0,128.0,8.5,1.75,3.5,NA,NA,NA,NA,NA,NA,NA,NA,NA,NA,NA,NA,NA,NA,NA
2026-02-23 01:00:00,82.5,180.5,218.0,23.5,242.0,145.5,8.25,1.5,3.0,NA,NA,NA,NA,NA,NA,NA,NA,NA,NA,NA,NA,NA,NA,NA
2026-02-23 02:00:00,81.25,190.75,269.75,14.5,285.0,162.75,8.75,2.0,3.25,NA,NA,NA,NA,NA,NA,NA,NA,NA,NA,NA,NA,NA,NA,NA
2026-02-23 03:00:00,82.0,214.25,284.5,16.0,301.25,167.5,9.0,2.0,4.0,NA,NA,NA,NA,NA,NA,NA,NA,NA,NA,NA,NA,NA,NA,NA
2026-02-23 04:00:00,86.75,222.0,221.75,21.5,243.5,143.5,8.75,1.25,2.75,NA,NA,NA,NA,NA,NA,NA,NA,NA,NA,NA,NA,NA,NA,NA
2026-02-23 05:00:00,87.75,222.0,146.25,29.5,176.5,116.0,7.25,1.0,1.5,NA,NA,NA,NA,NA,NA,NA,NA,NA,NA,NA,NA,NA,NA,NA
2026-02-23 06:00:00,82.75,211.75,168.0,27.5,196.25,120.25,8.0,0.5,1.0,NA,NA,NA,NA,NA,NA,NA,NA,NA,NA,NA,NA,NA,NA,NA
2026-02-23 07:00:00,81.5,192.75,284.25,16.5,300.75,158.25,7.75,1.25,2.5,NA,NA,NA,NA,NA,NA,NA,NA,NA,NA,NA,NA,NA,NA,NA
2026-02-23 08:00:00,85.75,203.25,287.0,22.5,310.25,161.0,9.5,1.5,3.25,NA,NA,NA,NA,NA,NA,NA,NA,NA,NA,NA,NA,NA,NA,NA
2026-02-23 09:00:00,82.0,208.0,160.25,60.0,220.25,123.75,17.25,1.25,3.75,NA,NA,NA,NA,NA,NA,NA,NA,NA,NA,NA,NA,NA,NA,NA
2026-02-23 10:00:00,75.75,197.75,116.5,71.5,188.75,103.25,23.25,1.0,6.0,NA,NA,NA,NA,NA,NA,NA,NA,NA,NA,NA,NA,NA,NA,NA
2026-02-23 11:00:00,73.25,188.25,25.75,55.25,81.75,65.0,15.0,0.0,23.25,NA,NA,NA,NA,NA,NA,NA,NA,NA,NA,NA,NA,NA,NA,NA
2026-02-23 12:00:00,74.25,166.25,18.25,52.5,70.75,58.75,18.5,0.0,45.5,NA,NA,NA,NA,NA,NA,NA,NA,NA,NA,NA,NA,NA,NA,NA
2026-02-23 13:00:00,80.0,157.5,6.0,36.25,42.75,44.75,20.0,0.0,68.25,NA,NA,NA,NA,NA,NA,NA,NA,NA,NA,NA,NA,NA,NA,NA
2026-02-23 14:00:00,75.25,142.5,10.0,42.5,53.5,47.75,13.75,0.0,63.0,NA,NA,NA,NA,NA,NA,NA,NA,NA,NA,NA,NA,NA,NA,NA
2026-02-23 15:00:00,70.75,126.0,4.0,34.25,38.75,41.5,11.25,0.0,69.5,NA,NA,NA,NA,NA,NA,NA,NA,NA,NA,NA,NA,NA,NA,NA
2026-02-23 16:00:00,66.0,120.0,16.25,45.5,62.25,59.0,5.25,0.0,48.5,NA,NA,NA,NA,NA,NA,NA,NA,NA,NA,NA,NA,NA,NA,NA
2026-02-23 17:00:00,62.5,119.25,23.0,47.0,70.5,62.75,3.75,0.0,47.25,NA,NA,NA,NA,NA,NA,NA,NA,NA,NA,NA,NA,NA,NA,NA
2026-02-23 18:00:00,66.25,124.5,25.75,62.75,89.25,71.0,3.25,0.5,47.25,NA,NA,NA,NA,NA,NA,NA,NA,NA,NA,NA,NA,NA,NA,NA
2026-02-23 19:00:00,65.25,125.0,18.75,62.75,81.75,66.5,3.0,0.0,50.25,NA,NA,NA,NA,NA,NA,NA,NA,NA,NA,NA,NA,NA,NA,NA
2026-02-23 20:00:00,62.5,118.25,21.0,54.75,76.5,65.25,2.0,0.0,33.0,NA,NA,NA,NA,NA,NA,NA,NA,NA,NA,NA,NA,NA,NA,NA
2026-02-23 21:00:00,61.25,112.5,19.5,54.0,73.75,65.0,2.0,0.0,25.25,NA,NA,NA,NA,NA,NA,NA,NA,NA,NA,NA,NA,NA,NA,NA
2026-02-23 22:00:00,59.75,112.0,50.5,59.75,110.75,79.0,1.25,0.25,11.5,NA,NA,NA,NA,NA,NA,NA,NA,NA,NA,NA,NA,NA,NA,NA
2026-02-23 23:00:00,62.0,115.75,50.5,53.0,104.5,85.75,1.5,0.0,5.5,NA,NA,NA,NA,NA,NA,NA,NA,NA,NA,NA,NA,NA,NA,NA
2026-02-24 00:00:00,63.75,126.25,79.0,49.0,128.5,102.25,2.0,0.25,3.0,NA,NA,NA,NA,NA,NA,NA,NA,NA,NA,NA,NA,NA,NA,NA
2026-02-24 01:00:00,65.5,144.5,100.75,47.0,147.75,110.25,2.0,1.0,2.0,NA,NA,NA,NA,NA,NA,NA,NA,NA,NA,NA,NA,NA,NA,NA
2026-02-24 02:00:00,67.5,157.5,78.0,46.75,125.25,103.0,2.0,1.0,2.25,NA,NA,NA,NA,NA,NA,NA,NA,NA,NA,NA,NA,NA,NA,NA
2026-02-24 03:00:00,71.0,153.75,10.75,43.5,55.25,66.5,2.0,0.0,12.75,NA,NA,NA,NA,NA,NA,NA,NA,NA,NA,NA,NA,NA,NA,NA
2026-02-24 04:00:00,75.25,143.25,15.5,43.5,59.0,63.25,2.0,0.0,15.75,NA,NA,NA,NA,NA,NA,NA,NA,NA,NA,NA,NA,NA,NA,NA
2026-02-24 05:00:00,77.5,140.75,35.5,46.5,82.25,74.75,2.0,0.0,4.75,NA,NA,NA,NA,NA,NA,NA,NA,NA,NA,NA,NA,NA,NA,NA
2026-02-24 06:00:00,76.5,152.5,103.75,45.25,150.0,102.75,2.25,0.0,1.0,NA,NA,NA,NA,NA,NA,NA,NA,NA,NA,NA,NA,NA,NA,NA
2026-02-24 07:00:00,74.5,164.25,123.25,47.0,170.75,108.5,2.25,0.75,1.75,NA,NA,NA,NA,NA,NA,NA,NA,NA,NA,NA,NA,NA,NA,NA
2026-02-24 08:00:00,75.25,175.25,158.25,52.0,211.0,115.5,2.75,1.0,3.25,NA,NA,NA,NA,NA,NA,NA,NA,NA,NA,NA,NA,NA,NA,NA
2026-02-24 09:00:00,74.25,181.0,87.5,51.5,139.25,83.5,3.5,0.5,7.25,NA,NA,NA,NA,NA,NA,NA,NA,NA,NA,NA,NA,NA,NA,NA
2026-02-24 10:00:00,64.75,164.75,44.5,48.25,93.25,66.5,4.25,0.25,14.25,NA,NA,NA,NA,NA,NA,NA,NA,NA,NA,NA,NA,NA,NA,NA
2026-02-24 11:00:00,57.5,144.0,26.5,51.75,79.25,67.75,4.25,0.0,30.25,NA,NA,NA,NA,NA,NA,NA,NA,NA,NA,NA,NA,NA,NA,NA
2026-02-24 12:00:00,58.25,129.75,17.75,47.75,65.75,62.5,4.0,0.0,41.0,NA,NA,NA,NA,NA,NA,NA,NA,NA,NA,NA,NA,NA,NA,NA
2026-02-24 13:00:00,59.25,116.25,8.5,38.75,47.25,52.75,4.0,0.0,51.0,NA,NA,NA,NA,NA,NA,NA,NA,NA,NA,NA,NA,NA,NA,NA
2026-02-24 14:00:00,56.5,109.0,8.25,39.75,48.0,50.75,4.5,0.0,51.25,NA,NA,NA,NA,NA,NA,NA,NA,NA,NA,NA,NA,NA,NA,NA
2026-02-24 15:00:00,55.5,100.5,11.5,39.5,51.5,51.75,4.0,0.0,46.5,NA,NA,NA,NA,NA,NA,NA,NA,NA,NA,NA,NA,NA,NA,NA
2026-02-24 16:00:00,52.5,89.75,20.0,43.25,64.0,59.0,3.25,0.0,44.25,NA,NA,NA,NA,NA,NA,NA,NA,NA,NA,NA,NA,NA,NA,NA
2026-02-24 17:00:00,48.75,93.5,54.25,55.75,110.25,74.0,3.0,0.25,30.0,NA,NA,NA,NA,NA,NA,NA,NA,NA,NA,NA,NA,NA,NA,NA
2026-02-24 18:00:00,48.25,101.75,31.25,56.75,88.5,67.75,2.5,0.0,34.75,NA,NA,NA,NA,NA,NA,NA,NA,NA,NA,NA,NA,NA,NA,NA
2026-02-24 19:00:00,47.25,100.0,22.25,50.5,73.5,61.25,2.25,0.0,29.0,NA,NA,NA,NA,NA,NA,NA,NA,NA,NA,NA,NA,NA,NA,NA
2026-02-24 20:00:00,43.0,101.0,23.0,53.25,77.0,62.25,1.25,0.0,29.5,NA,NA,NA,NA,NA,NA,NA,NA,NA,NA,NA,NA,NA,NA,NA
2026-02-24 21:00:00,49.25,102.0,19.75,63.75,83.75,66.75,1.0,0.0,25.75,NA,NA,NA,NA,NA,NA,NA,NA,NA,NA,NA,NA,NA,NA,NA
2026-02-24 22:00:00,58.75,107.25,75.5,73.25,149.0,97.5,2.0,0.0,5.0,NA,NA,NA,NA,NA,NA,NA,NA,NA,NA,NA,NA,NA,NA,NA
2026-02-24 23:00:00,58.25,116.25,80.75,71.0,152.5,99.25,2.0,0.0,4.0,NA,NA,NA,NA,NA,NA,NA,NA,NA,NA,NA,NA,NA,NA,NA
2026-02-25 00:00:00,58.25,140.75,138.5,56.0,195.0,123.75,2.75,0.75,2.0,NA,NA,NA,NA,NA,NA,NA,NA,NA,NA,NA,NA,NA,NA,NA
2026-02-25 01:00:00,66.25,175.5,171.5,44.75,216.75,136.5,3.25,1.0,2.75,NA,NA,NA,NA,NA,NA,NA,NA,NA,NA,NA,NA,NA,NA,NA
2026-02-25 02:00:00,71.0,196.75,118.75,53.0,172.5,115.25,3.25,1.0,3.0,NA,NA,NA,NA,NA,NA,NA,NA,NA,NA,NA,NA,NA,NA,NA
2026-02-25 03:00:00,73.0,197.0,30.25,58.0,88.0,79.5,2.0,0.0,8.5,NA,NA,NA,NA,NA,NA,NA,NA,NA,NA,NA,NA,NA,NA,NA
2026-02-25 04:00:00,74.75,169.5,27.25,60.75,88.75,79.25,2.0,0.0,4.25,NA,NA,NA,NA,NA,NA,NA,NA,NA,NA,NA,NA,NA,NA,NA
2026-02-25 05:00:00,73.0,152.25,31.5,63.75,96.0,79.0,2.0,0.0,7.75,NA,NA,NA,NA,NA,NA,NA,NA,NA,NA,NA,NA,NA,NA,NA
2026-02-25 06:00:00,71.25,146.5,79.25,57.25,136.75,95.0,2.0,0.0,2.0,NA,NA,NA,NA,NA,NA,NA,NA,NA,NA,NA,NA,NA,NA,NA
2026-02-25 07:00:00,69.0,163.75,198.25,43.25,241.5,135.0,2.0,1.0,2.25,NA,NA,NA,NA,NA,NA,NA,NA,NA,NA,NA,NA,NA,NA,NA
2026-02-25 08:00:00,73.25,185.75,131.0,53.75,185.0,111.25,2.75,0.75,3.25,NA,NA,NA,NA,NA,NA,NA,NA,NA,NA,NA,NA,NA,NA,NA
2026-02-25 09:00:00,78.0,191.0,47.5,60.0,108.0,77.5,2.5,0.0,5.0,NA,NA,NA,NA,NA,NA,NA,NA,NA,NA,NA,NA,NA,NA,NA
2026-02-25 10:00:00,71.5,164.75,13.25,38.5,51.75,53.25,3.25,0.0,17.25,NA,NA,NA,NA,NA,NA,NA,NA,NA,NA,NA,NA,NA,NA,NA
2026-02-25 11:00:00,58.75,131.0,8.5,33.0,42.0,46.75,4.75,0.0,32.0,NA,NA,NA,NA,NA,NA,NA,NA,NA,NA,NA,NA,NA,NA,NA
2026-02-25 12:00:00,51.0,107.25,4.5,29.75,35.0,45.25,5.0,0.0,40.0,NA,NA,NA,NA,NA,NA,NA,NA,NA,NA,NA,NA,NA,NA,NA
2026-02-25 13:00:00,49.5,90.25,5.5,25.5,31.0,43.0,4.5,0.0,37.75,NA,NA,NA,NA,NA,NA,NA,NA,NA,NA,NA,NA,NA,NA,NA
2026-02-25 14:00:00,46.25,76.25,3.75,22.75,27.0,42.25,4.0,0.0,39.0,NA,NA,NA,NA,NA,NA,NA,NA,NA,NA,NA,NA,NA,NA,NA
2026-02-25 15:00:00,37.5,67.0,5.0,22.25,27.75,42.25,3.25,0.0,36.0,NA,NA,NA,NA,NA,NA,NA,NA,NA,NA,NA,NA,NA,NA,NA
2026-02-25 16:00:00,32.0,60.5,11.25,28.5,40.5,45.0,3.5,0.0,30.25,NA,NA,NA,NA,NA,NA,NA,NA,NA,NA,NA,NA,NA,NA,NA
2026-02-25 17:00:00,33.75,54.5,16.75,30.75,47.75,48.25,3.75,0.0,28.0,NA,NA,NA,NA,NA,NA,NA,NA,NA,NA,NA,NA,NA,NA,NA
2026-02-25 18:00:00,35.0,58.25,33.25,38.75,72.5,62.25,3.5,0.0,20.0,NA,NA,NA,NA,NA,NA,NA,NA,NA,NA,NA,NA,NA,NA,NA
2026-02-25 19:00:00,29.75,60.75,46.25,39.75,86.5,68.0,2.0,0.0,15.0,NA,NA,NA,NA,NA,NA,NA,NA,NA,NA,NA,NA,NA,NA,NA
2026-02-25 20:00:00,27.25,54.5,61.0,44.0,105.0,76.25,1.25,0.25,9.5,NA,NA,NA,NA,NA,NA,NA,NA,NA,NA,NA,NA,NA,NA,NA
2026-02-25 21:00:00,27.75,58.75,52.0,47.25,99.75,72.25,1.0,0.0,7.5,NA,NA,NA,NA,NA,NA,NA,NA,NA,NA,NA,NA,NA,NA,NA
2026-02-25 22:00:00,28.75,67.5,67.0,51.0,118.25,79.5,1.0,0.5,4.0,NA,NA,NA,NA,NA,NA,NA,NA,NA,NA,NA,NA,NA,NA,NA
2026-02-25 23:00:00,33.0,75.75,85.5,41.5,127.5,85.75,1.5,0.75,1.75,NA,NA,NA,NA,NA,NA,NA,NA,NA,NA,NA,NA,NA,NA,NA
2026-02-26 00:00:00,34.0,88.0,99.25,41.0,141.0,93.0,2.25,0.5,2.25,NA,NA,NA,NA,NA,NA,NA,NA,NA,NA,NA,NA,NA,NA,NA
2026-02-26 01:00:00,30.75,99.75,100.75,39.75,141.0,93.0,2.75,0.0,2.0,NA,NA,NA,NA,NA,NA,NA,NA,NA,NA,NA,NA,NA,NA,NA
2026-02-26 02:00:00,35.5,115.0,107.25,36.5,144.25,95.0,4.75,0.0,2.75,NA,NA,NA,NA,NA,NA,NA,NA,NA,NA,NA,NA,NA,NA,NA
2026-02-26 03:00:00,44.25,123.5,48.25,45.0,94.0,69.25,5.0,0.0,2.25,NA,NA,NA,NA,NA,NA,NA,NA,NA,NA,NA,NA,NA,NA,NA
2026-02-26 04:00:00,38.75,115.25,38.5,43.0,81.5,61.25,6.0,0.0,2.75,NA,NA,NA,NA,NA,NA,NA,NA,NA,NA,NA,NA,NA,NA,NA
2026-02-26 05:00:00,36.5,106.5,83.25,37.5,121.25,76.25,6.0,0.0,1.25,NA,NA,NA,NA,NA,NA,NA,NA,NA,NA,NA,NA,NA,NA,NA
2026-02-26 06:00:00,42.75,118.0,133.25,34.5,168.25,94.5,5.25,0.0,1.0,NA,NA,NA,NA,NA,NA,NA,NA,NA,NA,NA,NA,NA,NA,NA
2026-02-26 07:00:00,49.75,132.0,148.5,33.75,182.75,103.75,4.75,0.0,1.25,NA,NA,NA,NA,NA,NA,NA,NA,NA,NA,NA,NA,NA,NA,NA
2026-02-26 08:00:00,46.75,133.5,143.0,35.25,178.75,99.75,4.5,0.25,1.5,NA,NA,NA,NA,NA,NA,NA,NA,NA,NA,NA,NA,NA,NA,NA
2026-02-26 09:00:00,37.25,125.0,87.5,22.5,110.75,75.5,4.75,0.0,4.0,NA,NA,NA,NA,NA,NA,NA,NA,NA,NA,NA,NA,NA,NA,NA
2026-02-26 10:00:00,29.75,100.25,49.75,22.75,72.5,61.25,4.75,0.0,5.75,NA,NA,NA,NA,NA,NA,NA,NA,NA,NA,NA,NA,NA,NA,NA
2026-02-26 11:00:00,25.5,76.75,26.0,22.25,48.75,52.75,4.0,0.0,10.75,NA,NA,NA,NA,NA,NA,NA,NA,NA,NA,NA,NA,NA,NA,NA
2026-02-26 12:00:00,22.0,62.75,25.5,24.5,50.5,52.5,4.0,0.0,14.0,NA,NA,NA,NA,NA,NA,NA,NA,NA,NA,NA,NA,NA,NA,NA
2026-02-26 13:00:00,21.0,52.75,16.0,20.75,37.25,46.75,3.5,0.0,15.75,NA,NA,NA,NA,NA,NA,NA,NA,NA,NA,NA,NA,NA,NA,NA
2026-02-26 14:00:00,20.5,46.25,20.25,20.75,41.5,46.5,3.0,0.0,17.5,NA,NA,NA,NA,NA,NA,NA,NA,NA,NA,NA,NA,NA,NA,NA
2026-02-26 15:00:00,17.67,49.33,36.67,22.0,59.0,51.33,3.0,0.0,13.67,NA,NA,NA,NA,NA,NA,NA,NA,NA,NA,NA,NA,NA,NA,NA
2026-02-26 16:00:00,17.25,47.75,42.25,23.0,65.25,54.75,3.0,0.0,13.25,NA,NA,NA,NA,NA,NA,NA,NA,NA,NA,NA,NA,NA,NA,NA
2026-02-26 17:00:00,19.0,42.0,58.5,24.5,83.25,59.75,3.0,0.0,8.25,NA,NA,NA,NA,NA,NA,NA,NA,NA,NA,NA,NA,NA,NA,NA
2026-02-26 18:00:00,16.75,46.25,62.5,28.75,92.25,62.25,3.0,0.0,7.25,NA,NA,NA,NA,NA,NA,NA,NA,NA,NA,NA,NA,NA,NA,NA
2026-02-26 19:00:00,12.5,51.5,46.0,31.5,77.75,56.75,2.5,0.0,9.75,NA,NA,NA,NA,NA,NA,NA,NA,NA,NA,NA,NA,NA,NA,NA
2026-02-26 20:00:00,10.75,48.0,39.25,31.75,71.5,53.25,1.5,0.0,9.75,NA,NA,NA,NA,NA,NA,NA,NA,NA,NA,NA,NA,NA,NA,NA
2026-02-26 21:00:00,11.75,41.25,24.75,29.25,54.5,46.0,2.0,0.0,11.5,NA,NA,NA,NA,NA,NA,NA,NA,NA,NA,NA,NA,NA,NA,NA
2026-02-26 22:00:00,17.0,39.5,30.5,32.25,63.0,50.75,2.0,0.0,7.5,NA,NA,NA,NA,NA,NA,NA,NA,NA,NA,NA,NA,NA,NA,NA
2026-02-26 23:00:00,17.75,44.75,29.75,33.75,63.75,50.5,2.0,0.0,5.25,NA,NA,NA,NA,NA,NA,NA,NA,NA,NA,NA,NA,NA,NA,NA
2026-02-27 00:00:00,13.5,45.75,22.5,33.0,55.75,49.25,1.0,0.0,4.0,NA,NA,NA,NA,NA,NA,NA,NA,NA,NA,NA,NA,NA,NA,NA
2026-02-27 01:00:00,13.0,44.5,17.25,31.75,49.5,46.25,1.0,0.0,3.75,NA,NA,NA,NA,NA,NA,NA,NA,NA,NA,NA,NA,NA,NA,NA
2026-02-27 02:00:00,14.0,45.75,14.25,28.25,43.25,43.75,1.25,0.0,5.75,NA,NA,NA,NA,NA,NA,NA,NA,NA,NA,NA,NA,NA,NA,NA
2026-02-27 03:00:00,14.0,43.5,9.0,22.5,32.0,40.25,1.75,0.0,9.75,NA,NA,NA,NA,NA,NA,NA,NA,NA,NA,NA,NA,NA,NA,NA
2026-02-27 04:00:00,15.0,39.5,11.25,23.0,34.5,42.0,2.0,0.0,7.75,NA,NA,NA,NA,NA,NA,NA,NA,NA,NA,NA,NA,NA,NA,NA
2026-02-27 05:00:00,12.75,37.5,48.5,24.75,73.75,62.0,2.0,0.0,2.5,NA,NA,NA,NA,NA,NA,NA,NA,NA,NA,NA,NA,NA,NA,NA
2026-02-27 06:00:00,17.25,57.75,95.75,23.25,119.25,79.0,2.5,0.0,2.25,NA,NA,NA,NA,NA,NA,NA,NA,NA,NA,NA,NA,NA,NA,NA
2026-02-27 07:00:00,31.5,85.75,99.5,21.5,121.75,74.75,3.5,0.0,3.75,NA,NA,NA,NA,NA,NA,NA,NA,NA,NA,NA,NA,NA,NA,NA
2026-02-27 08:00:00,42.25,103.25,174.5,25.5,200.25,107.0,4.0,0.25,3.0,NA,NA,NA,NA,NA,NA,NA,NA,NA,NA,NA,NA,NA,NA,NA
2026-02-27 09:00:00,49.0,123.0,102.5,29.75,133.0,79.75,4.75,0.25,4.0,NA,NA,NA,NA,NA,NA,NA,NA,NA,NA,NA,NA,NA,NA,NA
2026-02-27 10:00:00,45.25,111.5,68.25,21.25,90.0,60.75,5.0,0.0,6.0,NA,NA,NA,NA,NA,NA,NA,NA,NA,NA,NA,NA,NA,NA,NA
2026-02-27 11:00:00,29.25,75.5,19.25,21.0,40.75,41.5,5.0,0.0,15.0,NA,NA,NA,NA,NA,NA,NA,NA,NA,NA,NA,NA,NA,NA,NA
2026-02-27 12:00:00,20.0,52.0,22.5,24.75,47.5,42.5,4.0,0.0,17.5,NA,NA,NA,NA,NA,NA,NA,NA,NA,NA,NA,NA,NA,NA,NA
2026-02-27 13:00:00,18.25,39.0,12.25,20.25,32.75,35.5,4.25,0.0,22.75,NA,NA,NA,NA,NA,NA,NA,NA,NA,NA,NA,NA,NA,NA,NA
2026-02-27 14:00:00,13.5,39.5,10.5,19.25,30.5,33.75,3.75,0.0,24.0,NA,NA,NA,NA,NA,NA,NA,NA,NA,NA,NA,NA,NA,NA,NA
2026-02-27 15:00:00,14.75,42.5,22.75,21.5,45.0,40.0,3.5,0.0,17.75,NA,NA,NA,NA,NA,NA,NA,NA,NA,NA,NA,NA,NA,NA,NA
2026-02-27 16:00:00,15.75,43.0,22.25,22.5,44.75,39.75,3.0,0.0,20.0,NA,NA,NA,NA,NA,NA,NA,NA,NA,NA,NA,NA,NA,NA,NA
2026-02-27 17:00:00,13.0,40.5,36.5,24.5,61.75,45.75,3.0,0.0,15.5,NA,NA,NA,NA,NA,NA,NA,NA,NA,NA,NA,NA,NA,NA,NA
2026-02-27 18:00:00,13.5,41.75,55.0,31.5,87.25,55.25,3.0,0.0,9.75,NA,NA,NA,NA,NA,NA,NA,NA,NA,NA,NA,NA,NA,NA,NA
2026-02-27 19:00:00,13.0,47.25,39.5,34.0,74.0,50.25,2.0,0.0,11.0,NA,NA,NA,NA,NA,NA,NA,NA,NA,NA,NA,NA,NA,NA,NA
2026-02-27 20:00:00,12.0,47.0,30.0,34.0,64.5,47.25,1.0,0.0,10.5,NA,NA,NA,NA,NA,NA,NA,NA,NA,NA,NA,NA,NA,NA,NA
2026-02-27 21:00:00,14.75,46.75,17.25,32.0,49.75,41.5,1.0,0.0,12.75,NA,NA,NA,NA,NA,NA,NA,NA,NA,NA,NA,NA,NA,NA,NA
2026-02-27 22:00:00,15.75,47.5,10.25,32.0,42.5,39.25,1.0,0.0,8.0,NA,NA,NA,NA,NA,NA,NA,NA,NA,NA,NA,NA,NA,NA,NA
2026-02-27 23:00:00,12.0,45.5,15.75,29.75,46.25,42.75,1.0,0.0,9.0,NA,NA,NA,NA,NA,NA,NA,NA,NA,NA,NA,NA,NA,NA,NA
2026-02-28 00:00:00,11.5,44.0,11.0,26.5,37.75,38.5,1.0,0.0,6.25,NA,NA,NA,NA,NA,NA,NA,NA,NA,NA,NA,NA,NA,NA,NA
2026-02-28 01:00:00,11.75,45.0,16.25,28.5,45.0,40.0,1.0,0.0,8.0,NA,NA,NA,NA,NA,NA,NA,NA,NA,NA,NA,NA,NA,NA,NA
2026-02-28 02:00:00,13.0,51.75,19.25,30.5,50.0,42.75,1.25,0.0,4.0,NA,NA,NA,NA,NA,NA,NA,NA,NA,NA,NA,NA,NA,NA,NA
2026-02-28 03:00:00,11.5,59.75,30.0,27.5,58.0,47.5,1.75,0.0,3.0,NA,NA,NA,NA,NA,NA,NA,NA,NA,NA,NA,NA,NA,NA,NA
2026-02-28 04:00:00,11.5,57.75,61.5,24.0,86.25,62.75,2.75,0.0,2.25,NA,NA,NA,NA,NA,NA,NA,NA,NA,NA,NA,NA,NA,NA,NA
2026-02-28 05:00:00,15.0,66.75,76.25,25.25,102.0,68.0,3.5,0.0,2.0,NA,NA,NA,NA,NA,NA,NA,NA,NA,NA,NA,NA,NA,NA,NA
2026-02-28 06:00:00,20.25,108.75,80.0,28.25,108.5,67.5,3.75,0.0,2.0,NA,NA,NA,NA,NA,NA,NA,NA,NA,NA,NA,NA,NA,NA,NA
2026-02-28 07:00:00,26.25,129.0,113.0,25.75,139.25,84.0,4.25,0.0,2.25,NA,NA,NA,NA,NA,NA,NA,NA,NA,NA,NA,NA,NA,NA,NA
2026-02-28 08:00:00,33.75,134.0,116.75,31.5,148.75,88.75,4.25,0.0,3.0,NA,NA,NA,NA,NA,NA,NA,NA,NA,NA,NA,NA,NA,NA,NA
2026-02-28 09:00:00,46.25,153.75,70.5,35.25,106.25,68.5,5.0,0.0,3.5,NA,NA,NA,NA,NA,NA,NA,NA,NA,NA,NA,NA,NA,NA,NA
2026-02-28 10:00:00,49.0,143.75,54.25,32.25,87.0,57.75,5.75,0.0,5.75,NA,NA,NA,NA,NA,NA,NA,NA,NA,NA,NA,NA,NA,NA,NA
2026-02-28 11:00:00,36.67,107.67,22.67,28.0,51.0,43.0,6.0,0.0,15.67,NA,NA,NA,NA,NA,NA,NA,NA,NA,NA,NA,NA,NA,NA,NA
2026-02-28 12:00:00,25.25,80.5,13.0,19.25,32.5,34.5,5.25,0.0,22.5,NA,NA,NA,NA,NA,NA,NA,NA,NA,NA,NA,NA,NA,NA,NA
2026-02-28 13:00:00,19.0,57.75,10.5,20.75,31.5,35.25,3.75,0.0,26.25,NA,NA,NA,NA,NA,NA,NA,NA,NA,NA,NA,NA,NA,NA,NA
2026-02-28 14:00:00,15.75,48.5,12.0,20.25,33.0,35.0,3.25,0.0,25.0,NA,NA,NA,NA,NA,NA,NA,NA,NA,NA,NA,NA,NA,NA,NA
2026-02-28 15:00:00,14.5,49.25,25.0,27.0,52.5,42.25,3.0,0.0,21.25,NA,NA,NA,NA,NA,NA,NA,NA,NA,NA,NA,NA,NA,NA,NA
2026-02-28 16:00:00,20.75,56.75,30.75,25.25,57.0,41.25,3.0,0.0,17.25,NA,NA,NA,NA,NA,NA,NA,NA,NA,NA,NA,NA,NA,NA,NA
2026-02-28 17:00:00,23.25,59.5,39.5,29.75,69.5,44.5,3.0,0.0,15.0,NA,NA,NA,NA,NA,NA,NA,NA,NA,NA,NA,NA,NA,NA,NA
2026-02-28 18:00:00,19.75,61.5,29.75,31.25,61.5,41.0,2.5,0.0,15.75,NA,NA,NA,NA,NA,NA,NA,NA,NA,NA,NA,NA,NA,NA,NA
2026-02-28 19:00:00,18.0,61.0,32.25,35.0,67.5,41.75,2.0,0.0,10.5,NA,NA,NA,NA,NA,NA,NA,NA,NA,NA,NA,NA,NA,NA,NA
2026-02-28 20:00:00,17.0,55.0,54.0,34.25,89.25,51.5,1.0,0.0,6.25,NA,NA,NA,NA,NA,NA,NA,NA,NA,NA,NA,NA,NA,NA,NA
2026-02-28 21:00:00,18.0,53.75,42.25,36.75,79.25,48.25,1.0,0.0,5.0,NA,NA,NA,NA,NA,NA,NA,NA,NA,NA,NA,NA,NA,NA,NA
2026-02-28 22:00:00,21.75,59.0,63.25,37.25,100.75,56.5,1.0,0.0,1.5,NA,NA,NA,NA,NA,NA,NA,NA,NA,NA,NA,NA,NA,NA,NA
2026-02-28 23:00:00,22.5,66.25,67.0,33.5,101.25,62.5,1.0,1.0,1.0,NA,NA,NA,NA,NA,NA,NA,NA,NA,NA,NA,NA,NA,NA,NA
2026-03-01 00:00:00,23.5,80.5,97.5,26.75,124.75,74.25,1.0,1.0,1.5,NA,NA,NA,NA,NA,NA,NA,NA,NA,NA,NA,NA,NA,NA,NA
2026-03-01 01:00:00,30.25,98.75,90.0,26.25,116.75,70.25,1.5,1.0,2.0,NA,NA,NA,NA,NA,NA,NA,NA,NA,NA,NA,NA,NA,NA,NA
2026-03-01 02:00:00,34.75,107.0,106.75,22.0,129.0,75.5,2.0,1.0,2.25,NA,NA,NA,NA,NA,NA,NA,NA,NA,NA,NA,NA,NA,NA,NA
2026-03-01 03:00:00,34.75,111.25,105.0,20.75,126.75,75.75,2.0,1.0,2.0,NA,NA,NA,NA,NA,NA,NA,NA,NA,NA,NA,NA,NA,NA,NA
2026-03-01 04:00:00,34.0,118.0,120.75,22.75,144.0,84.75,3.0,1.0,3.0,NA,NA,NA,NA,NA,NA,NA,NA,NA,NA,NA,NA,NA,NA,NA
2026-03-01 05:00:00,32.75,121.25,105.25,23.25,129.0,81.0,4.0,0.75,3.0,NA,NA,NA,NA,NA,NA,NA,NA,NA,NA,NA,NA,NA,NA,NA
2026-03-01 06:00:00,35.75,129.75,122.5,17.5,140.5,86.25,5.5,1.0,3.5,NA,NA,NA,NA,NA,NA,NA,NA,NA,NA,NA,NA,NA,NA,NA
2026-03-01 07:00:00,38.0,137.0,116.5,23.25,140.5,81.0,8.25,0.75,2.75,NA,NA,NA,NA,NA,NA,NA,NA,NA,NA,NA,NA,NA,NA,NA
2026-03-01 08:00:00,36.25,139.5,111.75,32.5,144.75,83.25,7.5,1.0,2.25,NA,NA,NA,NA,NA,NA,NA,NA,NA,NA,NA,NA,NA,NA,NA
2026-03-01 09:00:00,36.25,140.0,70.0,34.5,105.0,64.25,7.5,0.5,3.75,NA,NA,NA,NA,NA,NA,NA,NA,NA,NA,NA,NA,NA,NA,NA
2026-03-01 10:00:00,34.5,124.0,36.75,25.0,62.5,46.25,6.5,0.0,6.5,NA,NA,NA,NA,NA,NA,NA,NA,NA,NA,NA,NA,NA,NA,NA
2026-03-01 11:00:00,25.75,95.5,21.25,21.75,43.5,39.0,5.5,0.0,13.25,NA,NA,NA,NA,NA,NA,NA,NA,NA,NA,NA,NA,NA,NA,NA
2026-03-01 12:00:00,23.25,67.25,12.0,19.5,31.5,34.0,5.75,0.0,20.5,NA,NA,NA,NA,NA,NA,NA,NA,NA,NA,NA,NA,NA,NA,NA
2026-03-01 13:00:00,17.75,52.25,17.5,20.0,38.25,35.25,5.0,0.0,17.5,NA,NA,NA,NA,NA,NA,NA,NA,NA,NA,NA,NA,NA,NA,NA
2026-03-01 14:00:00,14.5,57.75,12.0,19.0,31.5,33.75,4.0,0.0,24.25,NA,NA,NA,NA,NA,NA,NA,NA,NA,NA,NA,NA,NA,NA,NA
2026-03-01 15:00:00,18.75,58.25,7.5,19.25,27.0,33.0,3.0,0.0,32.75,NA,NA,NA,NA,NA,NA,NA,NA,NA,NA,NA,NA,NA,NA,NA
2026-03-01 16:00:00,22.0,54.0,12.75,26.75,40.25,37.5,3.0,0.0,30.75,NA,NA,NA,NA,NA,NA,NA,NA,NA,NA,NA,NA,NA,NA,NA
2026-03-01 17:00:00,22.0,56.75,13.5,29.75,43.5,39.0,2.5,0.0,29.5,NA,NA,NA,NA,NA,NA,NA,NA,NA,NA,NA,NA,NA,NA,NA
2026-03-01 18:00:00,23.5,61.5,16.75,32.0,49.25,41.75,2.25,0.0,27.25,NA,NA,NA,NA,NA,NA,NA,NA,NA,NA,NA,NA,NA,NA,NA
2026-03-01 19:00:00,22.5,62.5,11.5,32.25,44.0,40.25,2.0,0.0,27.0,NA,NA,NA,NA,NA,NA,NA,NA,NA,NA,NA,NA,NA,NA,NA
2026-03-01 20:00:00,23.0,63.5,16.0,38.5,54.5,44.25,2.0,0.0,21.25,NA,NA,NA,NA,NA,NA,NA,NA,NA,NA,NA,NA,NA,NA,NA
2026-03-01 21:00:00,24.0,67.25,13.5,41.0,55.0,44.5,1.75,0.0,18.0,NA,NA,NA,NA,NA,NA,NA,NA,NA,NA,NA,NA,NA,NA,NA
2026-03-01 22:00:00,25.75,72.5,15.5,42.75,58.75,46.25,2.0,0.0,15.5,NA,NA,NA,NA,NA,NA,NA,NA,NA,NA,NA,NA,NA,NA,NA
2026-03-01 23:00:00,27.75,72.25,25.25,46.0,71.5,50.25,2.0,0.0,10.25,NA,NA,NA,NA,NA,NA,NA,NA,NA,NA,NA,NA,NA,NA,NA
2026-03-02 00:00:00,23.5,73.25,38.0,46.75,85.0,55.25,2.0,0.0,4.5,NA,NA,NA,NA,NA,NA,NA,NA,NA,NA,NA,NA,NA,NA,NA
2026-03-02 01:00:00,22.0,76.25,31.25,44.75,77.0,55.0,1.0,0.0,4.25,NA,NA,NA,NA,NA,NA,NA,NA,NA,NA,NA,NA,NA,NA,NA
2026-03-02 02:00:00,22.0,76.25,23.5,45.0,69.0,51.25,1.0,0.0,4.25,NA,NA,NA,NA,NA,NA,NA,NA,NA,NA,NA,NA,NA,NA,NA
2026-03-02 03:00:00,24.75,82.25,33.5,45.25,79.25,55.25,0.75,0.0,1.0,NA,NA,NA,NA,NA,NA,NA,NA,NA,NA,NA,NA,NA,NA,NA
2026-03-02 04:00:00,28.0,84.5,32.0,40.0,72.75,53.25,1.0,0.0,1.33,NA,NA,NA,NA,NA,NA,NA,NA,NA,NA,NA,NA,NA,NA,NA
2026-03-02 05:00:00,27.0,86.5,63.25,29.5,93.0,64.5,1.0,0.0,1.5,NA,NA,NA,NA,NA,NA,NA,NA,NA,NA,NA,NA,NA,NA,NA
2026-03-02 06:00:00,25.25,91.5,71.25,28.0,100.0,66.75,1.0,0.0,2.0,NA,NA,NA,NA,NA,NA,NA,NA,NA,NA,NA,NA,NA,NA,NA
2026-03-02 07:00:00,24.75,89.5,96.25,27.75,124.75,80.75,2.25,0.25,2.0,NA,NA,NA,NA,NA,NA,NA,NA,NA,NA,NA,NA,NA,NA,NA
2026-03-02 08:00:00,32.75,99.75,156.5,34.5,191.0,101.75,3.0,1.0,3.0,NA,NA,NA,NA,NA,NA,NA,NA,NA,NA,NA,NA,NA,NA,NA
2026-03-02 09:00:00,34.5,115.75,87.0,32.5,120.0,74.5,3.25,0.75,4.25,NA,NA,NA,NA,NA,NA,NA,NA,NA,NA,NA,NA,NA,NA,NA
2026-03-02 10:00:00,32.25,110.25,47.5,27.5,75.25,58.25,3.5,0.25,9.75,NA,NA,NA,NA,NA,NA,NA,NA,NA,NA,NA,NA,NA,NA,NA
2026-03-02 11:00:00,32.25,97.75,23.75,26.75,51.0,49.0,3.5,0.0,17.25,NA,NA,NA,NA,NA,NA,NA,NA,NA,NA,NA,NA,NA,NA,NA
2026-03-02 12:00:00,28.0,79.75,17.75,26.25,45.0,46.25,3.0,0.0,24.25,NA,NA,NA,NA,NA,NA,NA,NA,NA,NA,NA,NA,NA,NA,NA
2026-03-02 13:00:00,28.75,70.0,14.25,25.5,40.75,43.5,3.25,0.0,29.0,NA,NA,NA,NA,NA,NA,NA,NA,NA,NA,NA,NA,NA,NA,NA
2026-03-02 14:00:00,28.0,74.0,17.5,26.5,44.5,43.25,3.75,0.0,29.25,NA,NA,NA,NA,NA,NA,NA,NA,NA,NA,NA,NA,NA,NA,NA
2026-03-02 15:00:00,26.0,70.0,32.25,30.0,62.5,47.75,4.0,0.0,22.0,NA,NA,NA,NA,NA,NA,NA,NA,NA,NA,NA,NA,NA,NA,NA
2026-03-02 16:00:00,27.0,64.0,31.0,33.0,64.25,47.0,3.75,0.0,24.25,NA,NA,NA,NA,NA,NA,NA,NA,NA,NA,NA,NA,NA,NA,NA
2026-03-02 17:00:00,25.5,64.5,28.25,34.75,63.5,47.75,3.25,0.0,23.75,NA,NA,NA,NA,NA,NA,NA,NA,NA,NA,NA,NA,NA,NA,NA
2026-03-02 18:00:00,25.75,70.25,38.0,40.0,78.5,53.0,3.0,0.25,18.25,NA,NA,NA,NA,NA,NA,NA,NA,NA,NA,NA,NA,NA,NA,NA
2026-03-02 19:00:00,29.5,73.25,30.5,43.75,75.0,54.0,2.75,0.0,14.25,NA,NA,NA,NA,NA,NA,NA,NA,NA,NA,NA,NA,NA,NA,NA
2026-03-02 20:00:00,28.25,72.5,31.0,45.0,76.75,51.5,3.0,0.25,12.75,NA,NA,NA,NA,NA,NA,NA,NA,NA,NA,NA,NA,NA,NA,NA
2026-03-02 21:00:00,31.5,77.5,63.75,52.75,116.75,70.75,3.0,1.0,5.75,NA,NA,NA,NA,NA,NA,NA,NA,NA,NA,NA,NA,NA,NA,NA
2026-03-02 22:00:00,57.75,105.0,71.75,52.0,124.5,80.75,3.25,1.0,4.25,NA,NA,NA,NA,NA,NA,NA,NA,NA,NA,NA,NA,NA,NA,NA
2026-03-02 23:00:00,79.0,143.25,83.0,46.25,130.25,83.25,3.0,1.75,4.75,NA,NA,NA,NA,NA,NA,NA,NA,NA,NA,NA,NA,NA,NA,NA
2026-03-03 00:00:00,NA,187.75,149.75,35.0,185.25,105.25,3.75,2.25,5.0,NA,NA,NA,NA,NA,NA,NA,NA,NA,NA,NA,NA,NA,NA,NA
2026-03-03 01:00:00,NA,233.0,177.0,30.25,207.75,114.75,4.0,3.0,5.5,NA,NA,NA,NA,NA,NA,NA,NA,NA,NA,NA,NA,NA,NA,NA
2026-03-03 02:00:00,NA,247.0,203.75,24.5,228.75,125.5,4.0,3.0,5.75,NA,NA,NA,NA,NA,NA,NA,NA,NA,NA,NA,NA,NA,NA,NA
2026-03-03 03:00:00,NA,NA,103.25,37.75,141.25,91.25,4.0,2.5,6.0,NA,NA,NA,NA,NA,NA,NA,NA,NA,NA,NA,NA,NA,NA,NA
2026-03-03 04:00:00,NA,217.0,30.75,41.25,72.5,58.25,3.75,1.0,3.25,NA,NA,NA,NA,NA,NA,NA,NA,NA,NA,NA,NA,NA,NA,NA
2026-03-03 05:00:00,NA,195.0,24.25,39.0,63.75,55.75,3.0,0.5,5.75,NA,NA,NA,NA,NA,NA,NA,NA,NA,NA,NA,NA,NA,NA,NA
2026-03-03 06:00:00,88.0,163.5,50.25,38.75,89.0,64.75,3.0,1.0,3.75,NA,NA,NA,NA,NA,NA,NA,NA,NA,NA,NA,NA,NA,NA,NA
2026-03-03 07:00:00,85.25,149.75,84.25,40.75,125.5,74.25,3.75,1.0,2.0,NA,NA,NA,NA,NA,NA,NA,NA,NA,NA,NA,NA,NA,NA,NA
2026-03-03 08:00:00,82.0,152.25,78.0,48.5,127.0,73.5,3.75,1.0,3.75,NA,NA,NA,NA,NA,NA,NA,NA,NA,NA,NA,NA,NA,NA,NA
2026-03-03 09:00:00,NA,165.0,67.25,60.25,127.75,74.75,4.0,1.0,5.0,NA,NA,NA,NA,NA,NA,NA,NA,NA,NA,NA,NA,NA,NA,NA
2026-03-03 10:00:00,NA,172.25,25.25,51.75,77.75,58.0,4.25,1.0,20.75,NA,NA,NA,NA,NA,NA,NA,NA,NA,NA,NA,NA,NA,NA,NA
2026-03-03 11:00:00,NA,164.25,4.75,30.25,35.25,43.0,4.0,0.0,49.25,NA,NA,NA,NA,NA,NA,NA,NA,NA,NA,NA,NA,NA,NA,NA
2026-03-03 12:00:00,89.0,142.75,5.0,27.25,32.5,41.25,4.0,0.0,49.25,NA,NA,NA,NA,NA,NA,NA,NA,NA,NA,NA,NA,NA,NA,NA
2026-03-03 13:00:00,78.5,125.75,6.0,25.25,31.75,41.0,3.25,0.0,49.0,NA,NA,NA,NA,NA,NA,NA,NA,NA,NA,NA,NA,NA,NA,NA
2026-03-03 14:00:00,64.0,107.75,8.5,33.25,41.75,42.75,3.0,0.0,44.25,NA,NA,NA,NA,NA,NA,NA,NA,NA,NA,NA,NA,NA,NA,NA
2026-03-03 15:00:00,58.25,95.5,4.0,28.75,33.5,40.5,3.0,0.0,52.75,NA,NA,NA,NA,NA,NA,NA,NA,NA,NA,NA,NA,NA,NA,NA
2026-03-03 16:00:00,51.75,95.25,11.0,39.75,51.0,45.5,3.0,0.0,45.75,NA,NA,NA,NA,NA,NA,NA,NA,NA,NA,NA,NA,NA,NA,NA
2026-03-03 17:00:00,51.0,97.75,4.5,37.75,42.5,42.25,3.0,0.0,60.5,NA,NA,NA,NA,NA,NA,NA,NA,NA,NA,NA,NA,NA,NA,NA
2026-03-03 18:00:00,56.75,103.75,2.0,35.0,37.75,39.5,3.0,0.0,71.5,NA,NA,NA,NA,NA,NA,NA,NA,NA,NA,NA,NA,NA,NA,NA
2026-03-03 19:00:00,62.0,107.0,2.75,35.5,38.25,39.25,3.0,0.0,59.5,NA,NA,NA,NA,NA,NA,NA,NA,NA,NA,NA,NA,NA,NA,NA
2026-03-03 20:00:00,65.0,103.0,6.5,52.25,59.0,47.75,1.75,0.25,31.75,NA,NA,NA,NA,NA,NA,NA,NA,NA,NA,NA,NA,NA,NA,NA
2026-03-03 21:00:00,67.5,106.75,9.5,45.0,55.0,57.0,2.75,1.0,16.0,NA,NA,NA,NA,NA,NA,NA,NA,NA,NA,NA,NA,NA,NA,NA
2026-03-03 22:00:00,67.0,118.0,43.25,53.25,97.0,76.0,3.25,1.0,5.75,NA,NA,NA,NA,NA,NA,NA,NA,NA,NA,NA,NA,NA,NA,NA
2026-03-03 23:00:00,74.75,136.0,121.0,48.25,169.25,108.0,4.0,2.0,3.75,NA,NA,NA,NA,NA,NA,NA,NA,NA,NA,NA,NA,NA,NA,NA
2026-03-04 00:00:00,83.0,163.25,113.0,48.75,162.5,102.75,5.25,2.0,3.0,NA,NA,NA,NA,NA,NA,NA,NA,NA,NA,NA,NA,NA,NA,NA
2026-03-04 01:00:00,82.0,188.5,65.0,55.0,120.5,86.0,4.75,1.5,3.0,NA,NA,NA,NA,NA,NA,NA,NA,NA,NA,NA,NA,NA,NA,NA
2026-03-04 02:00:00,77.0,186.5,11.75,38.75,51.25,53.75,3.5,0.5,12.25,NA,NA,NA,NA,NA,NA,NA,NA,NA,NA,NA,NA,NA,NA,NA
2026-03-04 03:00:00,68.25,152.75,8.25,28.75,37.75,46.5,2.0,0.0,20.75,NA,NA,NA,NA,NA,NA,NA,NA,NA,NA,NA,NA,NA,NA,NA
2026-03-04 04:00:00,59.0,119.0,8.75,31.25,40.5,47.5,2.0,0.0,15.75,NA,NA,NA,NA,NA,NA,NA,NA,NA,NA,NA,NA,NA,NA,NA
2026-03-04 05:00:00,60.75,107.5,61.25,37.0,98.75,71.75,2.0,0.75,2.0,NA,NA,NA,NA,NA,NA,NA,NA,NA,NA,NA,NA,NA,NA,NA
2026-03-04 06:00:00,59.25,116.25,152.5,27.5,180.5,105.0,2.5,1.0,2.0,NA,NA,NA,NA,NA,NA,NA,NA,NA,NA,NA,NA,NA,NA,NA
2026-03-04 07:00:00,60.25,129.75,194.0,23.5,217.75,123.25,3.25,1.25,3.0,NA,NA,NA,NA,NA,NA,NA,NA,NA,NA,NA,NA,NA,NA,NA
2026-03-04 08:00:00,67.0,141.75,68.25,34.0,103.0,76.75,3.0,0.5,4.0,NA,NA,NA,NA,NA,NA,NA,NA,NA,NA,NA,NA,NA,NA,NA
2026-03-04 09:00:00,70.0,141.75,29.5,41.75,71.75,59.75,5.5,0.25,8.25,NA,NA,NA,NA,NA,NA,NA,NA,NA,NA,NA,NA,NA,NA,NA
2026-03-04 10:00:00,73.25,143.25,87.5,55.0,143.0,81.5,26.0,1.0,5.0,NA,NA,NA,NA,NA,NA,NA,NA,NA,NA,NA,NA,NA,NA,NA
2026-03-04 11:00:00,71.5,150.25,86.0,50.5,136.25,69.5,25.25,0.25,10.5,NA,NA,NA,NA,NA,NA,NA,NA,NA,NA,NA,NA,NA,NA,NA
2026-03-04 12:00:00,62.5,137.75,58.5,48.25,107.75,57.0,16.25,0.0,19.5,NA,NA,NA,NA,NA,NA,NA,NA,NA,NA,NA,NA,NA,NA,NA
2026-03-04 13:00:00,57.25,118.25,12.75,35.75,49.0,40.75,10.25,0.0,37.25,NA,NA,NA,NA,NA,NA,NA,NA,NA,NA,NA,NA,NA,NA,NA
2026-03-04 14:00:00,56.0,106.33,20.33,42.33,63.67,45.67,8.67,0.0,36.67,NA,NA,NA,NA,NA,NA,NA,NA,NA,NA,NA,NA,NA,NA,NA
2026-03-04 15:00:00,56.0,95.75,19.25,49.25,68.5,49.25,6.25,0.0,40.0,NA,NA,NA,NA,NA,NA,NA,NA,NA,NA,NA,NA,NA,NA,NA
2026-03-04 16:00:00,54.0,94.0,20.75,59.0,80.25,52.75,5.75,0.0,39.0,NA,NA,NA,NA,NA,NA,NA,NA,NA,NA,NA,NA,NA,NA,NA
2026-03-04 17:00:00,54.0,97.0,13.0,51.0,64.5,44.75,6.25,0.0,41.75,NA,NA,NA,NA,NA,NA,NA,NA,NA,NA,NA,NA,NA,NA,NA
2026-03-04 18:00:00,50.25,94.0,25.0,55.25,80.5,46.75,5.5,0.0,22.75,NA,NA,NA,NA,NA,NA,NA,NA,NA,NA,NA,NA,NA,NA,NA
2026-03-04 19:00:00,44.25,89.0,48.5,59.75,109.0,57.0,4.25,0.0,11.75,NA,NA,NA,NA,NA,NA,NA,NA,NA,NA,NA,NA,NA,NA,NA
2026-03-04 20:00:00,45.75,84.75,62.75,62.0,125.0,63.75,3.5,1.0,8.0,NA,NA,NA,NA,NA,NA,NA,NA,NA,NA,NA,NA,NA,NA,NA
2026-03-04 21:00:00,45.5,83.5,70.0,64.0,134.5,70.25,3.25,1.0,2.0,NA,NA,NA,NA,NA,NA,NA,NA,NA,NA,NA,NA,NA,NA,NA
2026-03-04 22:00:00,41.5,93.5,111.75,45.25,157.75,84.25,4.5,0.75,1.75,NA,NA,NA,NA,NA,NA,NA,NA,NA,NA,NA,NA,NA,NA,NA
2026-03-04 23:00:00,44.25,108.25,264.25,29.75,294.75,143.0,6.5,2.0,1.75,NA,NA,NA,NA,NA,NA,NA,NA,NA,NA,NA,NA,NA,NA,NA
2026-03-05 00:00:00,47.75,120.75,231.75,35.5,268.25,125.0,8.25,1.25,1.5,NA,NA,NA,NA,NA,NA,NA,NA,NA,NA,NA,NA,NA,NA,NA
2026-03-05 01:00:00,51.0,143.25,299.0,24.75,324.5,149.5,6.25,1.75,1.25,NA,NA,NA,NA,NA,NA,NA,NA,NA,NA,NA,NA,NA,NA,NA
2026-03-05 02:00:00,52.5,166.25,243.25,29.5,273.5,129.75,4.75,2.0,1.0,NA,NA,NA,NA,NA,NA,NA,NA,NA,NA,NA,NA,NA,NA,NA
2026-03-05 03:00:00,51.0,175.5,243.75,25.5,269.25,131.75,4.0,1.75,1.75,NA,NA,NA,NA,NA,NA,NA,NA,NA,NA,NA,NA,NA,NA,NA
2026-03-05 04:00:00,51.0,178.0,295.25,16.25,311.75,152.75,4.5,2.0,3.25,NA,NA,NA,NA,NA,NA,NA,NA,NA,NA,NA,NA,NA,NA,NA
2026-03-05 05:00:00,55.5,172.25,274.75,16.75,291.5,148.0,6.0,2.0,4.0,NA,NA,NA,NA,NA,NA,NA,NA,NA,NA,NA,NA,NA,NA,NA
2026-03-05 06:00:00,61.75,170.0,185.75,35.75,221.75,112.0,8.25,1.25,2.5,NA,NA,NA,NA,NA,NA,NA,NA,NA,NA,NA,NA,NA,NA,NA
2026-03-05 07:00:00,57.5,157.75,146.25,46.0,193.25,95.25,8.75,1.0,2.0,NA,NA,NA,NA,NA,NA,NA,NA,NA,NA,NA,NA,NA,NA,NA
2026-03-05 08:00:00,48.33,140.67,190.0,43.33,234.0,108.67,9.0,1.0,2.0,NA,NA,NA,NA,NA,NA,NA,NA,NA,NA,NA,NA,NA,NA,NA
2026-03-05 09:00:00,47.5,139.25,164.0,54.0,218.75,101.75,9.5,1.0,4.0,NA,NA,NA,NA,NA,NA,NA,NA,NA,NA,NA,NA,NA,NA,NA
2026-03-05 10:00:00,48.0,135.75,93.0,49.25,142.25,72.75,9.0,1.0,10.25,NA,NA,NA,NA,NA,NA,NA,NA,NA,NA,NA,NA,NA,NA,NA
2026-03-05 11:00:00,46.5,123.75,89.5,55.5,145.5,72.25,8.25,0.5,15.5,NA,NA,NA,NA,NA,NA,NA,NA,NA,NA,NA,NA,NA,NA,NA
2026-03-05 12:00:00,46.0,107.75,63.75,50.75,114.75,58.25,8.25,0.0,20.5,NA,NA,NA,NA,NA,NA,NA,NA,NA,NA,NA,NA,NA,NA,NA
2026-03-05 13:00:00,42.5,94.25,47.75,48.0,96.0,50.5,6.5,0.0,23.5,NA,NA,NA,NA,NA,NA,NA,NA,NA,NA,NA,NA,NA,NA,NA
2026-03-05 14:00:00,39.5,91.75,17.75,41.5,60.25,49.75,3.5,0.0,32.75,NA,NA,NA,NA,NA,NA,NA,NA,NA,NA,NA,NA,NA,NA,NA
2026-03-05 15:00:00,39.0,97.0,23.0,49.33,73.0,54.33,3.67,0.0,35.33,NA,NA,NA,NA,NA,NA,NA,NA,NA,NA,NA,NA,NA,NA,NA
2026-03-05 16:00:00,41.0,98.5,12.5,52.5,65.75,49.0,4.0,0.0,48.5,NA,NA,NA,NA,NA,NA,NA,NA,NA,NA,NA,NA,NA,NA,NA
2026-03-05 17:00:00,46.0,105.25,18.75,61.75,80.75,51.5,4.75,0.0,38.5,NA,NA,NA,NA,NA,NA,NA,NA,NA,NA,NA,NA,NA,NA,NA
2026-03-05 18:00:00,46.5,110.25,17.25,58.0,75.5,49.75,4.0,0.0,37.5,NA,NA,NA,NA,NA,NA,NA,NA,NA,NA,NA,NA,NA,NA,NA
2026-03-05 19:00:00,44.0,106.5,18.5,59.0,78.25,55.25,3.0,0.0,25.25,NA,NA,NA,NA,NA,NA,NA,NA,NA,NA,NA,NA,NA,NA,NA
2026-03-05 20:00:00,46.0,95.0,32.5,65.25,98.25,63.25,3.25,0.0,12.0,NA,NA,NA,NA,NA,NA,NA,NA,NA,NA,NA,NA,NA,NA,NA
2026-03-05 21:00:00,51.5,95.75,107.25,62.75,170.0,88.0,4.0,1.0,3.5,NA,NA,NA,NA,NA,NA,NA,NA,NA,NA,NA,NA,NA,NA,NA
2026-03-05 22:00:00,48.5,108.5,98.25,55.5,154.5,88.25,4.25,1.0,1.5,NA,NA,NA,NA,NA,NA,NA,NA,NA,NA,NA,NA,NA,NA,NA
2026-03-05 23:00:00,43.5,112.25,75.75,48.75,124.75,74.5,5.0,1.0,2.5,NA,NA,NA,NA,NA,NA,NA,NA,NA,NA,NA,NA,NA,NA,NA
2026-03-06 00:00:00,45.25,113.75,176.0,32.75,209.25,118.0,7.0,1.0,2.0,NA,NA,NA,NA,NA,NA,NA,NA,NA,NA,NA,NA,NA,NA,NA
2026-03-06 01:00:00,52.0,136.5,184.25,34.75,219.0,119.75,10.25,1.25,3.0,NA,NA,NA,NA,NA,NA,NA,NA,NA,NA,NA,NA,NA,NA,NA
2026-03-06 02:00:00,66.5,170.75,55.75,47.0,102.75,74.75,5.5,1.0,3.75,NA,NA,NA,NA,NA,NA,NA,NA,NA,NA,NA,NA,NA,NA,NA
2026-03-06 03:00:00,64.25,155.25,12.25,31.5,44.5,52.25,2.5,0.0,14.5,NA,NA,NA,NA,NA,NA,NA,NA,NA,NA,NA,NA,NA,NA,NA
2026-03-06 04:00:00,41.75,111.25,14.25,31.5,45.75,49.75,2.0,0.0,13.0,NA,NA,NA,NA,NA,NA,NA,NA,NA,NA,NA,NA,NA,NA,NA
2026-03-06 05:00:00,36.75,86.75,32.0,35.75,68.5,53.75,3.0,0.0,4.25,NA,NA,NA,NA,NA,NA,NA,NA,NA,NA,NA,NA,NA,NA,NA
2026-03-06 06:00:00,39.75,87.0,92.75,34.75,128.25,73.25,3.25,0.0,1.0,NA,NA,NA,NA,NA,NA,NA,NA,NA,NA,NA,NA,NA,NA,NA
2026-03-06 07:00:00,36.0,97.75,107.25,33.75,141.75,81.0,4.25,0.0,1.5,NA,NA,NA,NA,NA,NA,NA,NA,NA,NA,NA,NA,NA,NA,NA
2026-03-06 08:00:00,42.0,108.5,160.5,32.0,193.25,98.0,7.25,1.0,1.75,NA,NA,NA,NA,NA,NA,NA,NA,NA,NA,NA,NA,NA,NA,NA
2026-03-06 09:00:00,46.25,121.5,155.5,43.75,199.75,97.25,10.0,1.0,2.75,NA,NA,NA,NA,NA,NA,NA,NA,NA,NA,NA,NA,NA,NA,NA
2026-03-06 10:00:00,43.75,129.0,91.0,49.5,141.25,78.5,7.5,0.75,7.25,NA,NA,NA,NA,NA,NA,NA,NA,NA,NA,NA,NA,NA,NA,NA
2026-03-06 11:00:00,45.0,124.5,21.75,39.75,61.75,51.75,5.75,0.0,29.0,NA,NA,NA,NA,NA,NA,NA,NA,NA,NA,NA,NA,NA,NA,NA
2026-03-06 12:00:00,46.25,109.5,23.75,45.0,69.0,52.25,6.0,0.0,39.25,NA,NA,NA,NA,NA,NA,NA,NA,NA,NA,NA,NA,NA,NA,NA
2026-03-06 13:00:00,44.25,99.25,22.25,46.0,68.75,53.25,5.5,0.0,39.5,NA,NA,NA,NA,NA,NA,NA,NA,NA,NA,NA,NA,NA,NA,NA
2026-03-06 14:00:00,42.25,99.0,11.0,42.0,53.75,48.25,4.5,0.0,45.5,NA,NA,NA,NA,NA,NA,NA,NA,NA,NA,NA,NA,NA,NA,NA
2026-03-06 15:00:00,45.25,97.75,16.75,43.25,60.25,53.75,3.25,0.0,37.75,NA,NA,NA,NA,NA,NA,NA,NA,NA,NA,NA,NA,NA,NA,NA
2026-03-06 16:00:00,45.0,97.75,27.0,44.5,72.0,56.5,3.0,0.0,27.0,NA,NA,NA,NA,NA,NA,NA,NA,NA,NA,NA,NA,NA,NA,NA
2026-03-06 17:00:00,41.75,94.5,35.25,47.25,83.0,56.75,3.5,0.0,21.75,NA,NA,NA,NA,NA,NA,NA,NA,NA,NA,NA,NA,NA,NA,NA
2026-03-06 18:00:00,37.0,95.5,20.75,45.25,66.75,53.25,3.0,0.0,26.5,NA,NA,NA,NA,NA,NA,NA,NA,NA,NA,NA,NA,NA,NA,NA
2026-03-06 19:00:00,40.25,93.25,27.0,49.5,77.25,55.25,3.0,0.0,23.75,NA,NA,NA,NA,NA,NA,NA,NA,NA,NA,NA,NA,NA,NA,NA
2026-03-06 20:00:00,44.0,87.0,25.0,59.5,85.0,59.25,2.0,0.25,19.75,NA,NA,NA,NA,NA,NA,NA,NA,NA,NA,NA,NA,NA,NA,NA
2026-03-06 21:00:00,41.75,85.5,20.5,61.25,82.5,61.25,2.25,0.25,10.0,NA,NA,NA,NA,NA,NA,NA,NA,NA,NA,NA,NA,NA,NA,NA
2026-03-06 22:00:00,42.0,87.75,28.0,47.0,75.5,65.5,2.5,0.5,4.0,NA,NA,NA,NA,NA,NA,NA,NA,NA,NA,NA,NA,NA,NA,NA
2026-03-06 23:00:00,44.75,91.5,41.25,50.0,91.75,67.5,2.0,1.0,3.75,NA,NA,NA,NA,NA,NA,NA,NA,NA,NA,NA,NA,NA,NA,NA
2026-03-07 00:00:00,45.75,95.25,32.0,49.0,81.5,60.75,1.0,0.75,3.5,NA,NA,NA,NA,NA,NA,NA,NA,NA,NA,NA,NA,NA,NA,NA
2026-03-07 01:00:00,49.25,101.75,15.5,37.25,53.0,48.5,1.5,0.0,11.0,NA,NA,NA,NA,NA,NA,NA,NA,NA,NA,NA,NA,NA,NA,NA
2026-03-07 02:00:00,43.75,100.25,6.25,22.5,29.0,39.25,1.0,0.0,20.75,NA,NA,NA,NA,NA,NA,NA,NA,NA,NA,NA,NA,NA,NA,NA
2026-03-07 03:00:00,32.25,84.0,4.25,16.75,21.75,36.25,1.0,0.0,19.75,NA,NA,NA,NA,NA,NA,NA,NA,NA,NA,NA,NA,NA,NA,NA
2026-03-07 04:00:00,27.25,67.25,6.75,15.25,22.75,35.75,1.0,0.0,15.25,NA,NA,NA,NA,NA,NA,NA,NA,NA,NA,NA,NA,NA,NA,NA
2026-03-07 05:00:00,25.5,60.25,12.25,18.25,31.5,38.75,1.0,0.0,12.0,NA,NA,NA,NA,NA,NA,NA,NA,NA,NA,NA,NA,NA,NA,NA
2026-03-07 06:00:00,27.5,61.0,31.25,19.5,51.5,46.0,1.0,0.0,8.0,NA,NA,NA,NA,NA,NA,NA,NA,NA,NA,NA,NA,NA,NA,NA
2026-03-07 07:00:00,29.0,57.0,77.5,18.0,96.0,63.25,1.0,0.25,2.0,NA,NA,NA,NA,NA,NA,NA,NA,NA,NA,NA,NA,NA,NA,NA
2026-03-07 08:00:00,27.25,67.75,82.25,14.25,96.25,64.25,1.25,1.0,3.25,NA,NA,NA,NA,NA,NA,NA,NA,NA,NA,NA,NA,NA,NA,NA
2026-03-07 09:00:00,24.5,74.25,57.0,19.75,77.25,56.5,0.5,0.75,4.5,NA,NA,NA,NA,NA,NA,NA,NA,NA,NA,NA,NA,NA,NA,NA
2026-03-07 10:00:00,27.25,80.25,30.75,30.0,61.25,50.0,1.0,0.5,13.0,NA,NA,NA,NA,NA,NA,NA,NA,NA,NA,NA,NA,NA,NA,NA
2026-03-07 11:00:00,26.25,79.0,15.75,52.75,69.0,51.0,0.75,0.25,20.75,NA,NA,NA,NA,NA,NA,NA,NA,NA,NA,NA,NA,NA,NA,NA
2026-03-07 12:00:00,25.25,69.25,13.25,43.25,57.0,45.25,0.5,0.0,26.5,NA,NA,NA,NA,NA,NA,NA,NA,NA,NA,NA,NA,NA,NA,NA
2026-03-07 13:00:00,30.0,62.0,15.0,34.33,49.67,42.67,0.5,0.0,25.0,NA,NA,NA,NA,NA,NA,NA,NA,NA,NA,NA,NA,NA,NA,NA
2026-03-07 14:00:00,NA,NA,65.0,72.0,134.0,195.0,0.67,0.0,NA,NA,NA,NA,NA,NA,NA,NA,NA,NA,NA,NA,NA,NA,NA,NA
2026-03-07 15:00:00,NA,NA,14.25,80.75,95.75,150.75,1.5,NA,NA,NA,NA,NA,NA,NA,NA,NA,NA,NA,NA,NA,NA,NA,NA,NA
2026-03-07 16:00:00,32.0,51.0,13.0,31.0,44.0,69.0,1.5,NA,43.0,NA,NA,NA,NA,NA,NA,NA,NA,NA,NA,NA,NA,NA,NA,NA
2026-03-07 17:00:00,34.5,54.25,NA,NA,NA,NA,0.25,0.0,42.5,NA,NA,NA,NA,NA,NA,NA,NA,NA,NA,NA,NA,NA,NA,NA
2026-03-07 18:00:00,32.5,61.0,NA,NA,NA,NA,1.0,0.0,36.0,NA,NA,NA,NA,NA,NA,NA,NA,NA,NA,NA,NA,NA,NA,NA
2026-03-07 19:00:00,34.5,62.75,NA,NA,NA,NA,1.0,0.0,25.75,NA,NA,NA,NA,NA,NA,NA,NA,NA,NA,NA,NA,NA,NA,NA
2026-03-07 20:00:00,40.0,68.0,NA,NA,NA,NA,1.0,0.0,26.75,NA,NA,NA,NA,NA,NA,NA,NA,NA,NA,NA,NA,NA,NA,NA
2026-03-07 21:00:00,40.25,80.0,NA,NA,NA,NA,1.25,0.0,28.0,NA,NA,NA,NA,NA,NA,NA,NA,NA,NA,NA,NA,NA,NA,NA
2026-03-07 22:00:00,41.5,86.25,NA,NA,NA,NA,1.0,0.0,16.0,NA,NA,NA,NA,NA,NA,NA,NA,NA,NA,NA,NA,NA,NA,NA
2026-03-07 23:00:00,49.5,100.5,NA,NA,NA,NA,1.75,0.0,10.0,NA,NA,NA,NA,NA,NA,NA,NA,NA,NA,NA,NA,NA,NA,NA
2026-03-08 00:00:00,60.0,119.0,NA,NA,NA,NA,2.0,0.0,7.75,NA,NA,NA,NA,NA,NA,NA,NA,NA,NA,NA,NA,NA,NA,NA
2026-03-08 01:00:00,65.25,115.25,NA,NA,NA,NA,2.0,0.0,9.75,NA,NA,NA,NA,NA,NA,NA,NA,NA,NA,NA,NA,NA,NA,NA
2026-03-08 02:00:00,65.25,125.0,NA,NA,NA,NA,2.0,0.0,26.75,NA,NA,NA,NA,NA,NA,NA,NA,NA,NA,NA,NA,NA,NA,NA
2026-03-08 03:00:00,62.5,107.75,NA,NA,NA,NA,1.75,0.0,34.5,NA,NA,NA,NA,NA,NA,NA,NA,NA,NA,NA,NA,NA,NA,NA
2026-03-08 04:00:00,57.0,104.75,NA,NA,NA,NA,1.75,0.0,28.75,NA,NA,NA,NA,NA,NA,NA,NA,NA,NA,NA,NA,NA,NA,NA
2026-03-08 05:00:00,52.5,95.75,NA,NA,NA,NA,1.75,0.0,24.0,NA,NA,NA,NA,NA,NA,NA,NA,NA,NA,NA,NA,NA,NA,NA
2026-03-08 06:00:00,51.0,94.75,NA,NA,NA,NA,2.0,0.0,10.5,NA,NA,NA,NA,NA,NA,NA,NA,NA,NA,NA,NA,NA,NA,NA
2026-03-08 07:00:00,51.0,91.5,NA,NA,NA,NA,1.5,0.75,2.0,NA,NA,NA,NA,NA,NA,NA,NA,NA,NA,NA,NA,NA,NA,NA
2026-03-08 08:00:00,60.75,111.25,NA,NA,NA,NA,1.75,1.0,3.5,NA,NA,NA,NA,NA,NA,NA,NA,NA,NA,NA,NA,NA,NA,NA
2026-03-08 09:00:00,64.5,137.0,NA,NA,NA,NA,2.0,1.0,7.0,NA,NA,NA,NA,NA,NA,NA,NA,NA,NA,NA,NA,NA,NA,NA
2026-03-08 10:00:00,69.25,154.5,NA,NA,NA,NA,2.0,1.0,29.5,NA,NA,NA,NA,NA,NA,NA,NA,NA,NA,NA,NA,NA,NA,NA
2026-03-08 11:00:00,79.0,173.75,NA,NA,NA,NA,2.0,1.25,77.0,NA,NA,NA,NA,NA,NA,NA,NA,NA,NA,NA,NA,NA,NA,NA
2026-03-08 12:00:00,82.5,163.5,NA,NA,NA,NA,2.0,1.0,131.75,NA,NA,NA,NA,NA,NA,NA,NA,NA,NA,NA,NA,NA,NA,NA
2026-03-08 13:00:00,74.75,147.5,NA,NA,NA,NA,2.0,0.25,102.0,NA,NA,NA,NA,NA,NA,NA,NA,NA,NA,NA,NA,NA,NA,NA
2026-03-08 14:00:00,72.25,134.75,NA,NA,NA,NA,2.0,0.75,91.5,NA,NA,NA,NA,NA,NA,NA,NA,NA,NA,NA,NA,NA,NA,NA
2026-03-08 15:00:00,73.75,122.75,NA,NA,NA,NA,2.0,1.0,114.0,NA,NA,NA,NA,NA,NA,NA,NA,NA,NA,NA,NA,NA,NA,NA
2026-03-08 16:00:00,80.5,139.5,NA,NA,NA,NA,2.0,1.0,131.25,NA,NA,NA,NA,NA,NA,NA,NA,NA,NA,NA,NA,NA,NA,NA
2026-03-08 17:00:00,82.75,144.75,NA,NA,NA,NA,2.0,1.0,120.75,NA,NA,NA,NA,NA,NA,NA,NA,NA,NA,NA,NA,NA,NA,NA
2026-03-08 18:00:00,79.75,141.75,NA,NA,NA,NA,2.0,1.0,118.25,NA,NA,NA,NA,NA,NA,NA,NA,NA,NA,NA,NA,NA,NA,NA
2026-03-08 19:00:00,80.5,139.25,NA,NA,NA,NA,2.25,1.0,50.5,NA,NA,NA,NA,NA,NA,NA,NA,NA,NA,NA,NA,NA,NA,NA
2026-03-08 20:00:00,80.25,138.0,NA,NA,NA,NA,2.5,1.25,11.25,NA,NA,NA,NA,NA,NA,NA,NA,NA,NA,NA,NA,NA,NA,NA
2026-03-08 21:00:00,77.75,140.5,57.33,63.33,121.0,264.0,3.25,1.0,4.75,NA,NA,NA,NA,NA,NA,NA,NA,NA,NA,NA,NA,NA,NA,NA
2026-03-08 22:00:00,71.25,143.5,46.75,76.0,123.75,260.75,4.0,1.0,3.75,NA,NA,NA,NA,NA,NA,NA,NA,NA,NA,NA,NA,NA,NA,NA
2026-03-08 23:00:00,65.0,123.75,180.25,62.75,243.75,387.33,6.25,1.75,2.75,NA,NA,NA,NA,NA,NA,NA,NA,NA,NA,NA,NA,NA,NA,NA
2026-03-09 00:00:00,65.0,138.5,180.5,61.0,242.0,421.5,7.75,1.5,2.75,NA,NA,NA,NA,NA,NA,NA,NA,NA,NA,NA,NA,NA,NA,NA
2026-03-09 01:00:00,61.75,148.75,226.75,55.75,283.25,469.0,9.0,1.0,2.75,NA,NA,NA,NA,NA,NA,NA,NA,NA,NA,NA,NA,NA,NA,NA
2026-03-09 02:00:00,60.25,153.25,250.0,51.25,302.0,477.0,9.0,1.75,4.0,NA,NA,NA,NA,NA,NA,NA,NA,NA,NA,NA,NA,NA,NA,NA
2026-03-09 03:00:00,65.0,159.75,267.75,38.5,306.5,468.5,8.25,2.0,4.25,NA,NA,NA,NA,NA,NA,NA,NA,NA,NA,NA,NA,NA,NA,NA
2026-03-09 04:00:00,74.25,174.5,245.0,39.75,285.25,472.5,7.5,2.0,4.5,NA,NA,NA,NA,NA,NA,NA,NA,NA,NA,NA,NA,NA,NA,NA
2026-03-09 05:00:00,80.25,190.5,311.0,31.0,342.25,NA,7.0,2.0,5.0,NA,NA,NA,NA,NA,NA,NA,NA,NA,NA,NA,NA,NA,NA,NA
2026-03-09 06:00:00,79.25,199.75,265.0,26.0,291.75,466.0,6.25,1.75,5.25,NA,NA,NA,NA,NA,NA,NA,NA,NA,NA,NA,NA,NA,NA,NA
2026-03-09 07:00:00,82.25,200.25,250.25,38.25,289.5,478.33,7.75,1.0,4.75,NA,NA,NA,NA,NA,NA,NA,NA,NA,NA,NA,NA,NA,NA,NA
2026-03-09 08:00:00,87.0,211.75,151.25,46.75,198.25,349.75,8.5,1.0,4.0,NA,NA,NA,NA,NA,NA,NA,NA,NA,NA,NA,NA,NA,NA,NA
2026-03-09 09:00:00,82.25,198.0,86.75,56.0,143.25,258.0,11.25,1.0,5.25,NA,NA,NA,NA,NA,NA,NA,NA,NA,NA,NA,NA,NA,NA,NA
2026-03-09 10:00:00,75.25,175.5,36.5,67.75,105.25,201.5,13.5,1.0,16.5,NA,NA,NA,NA,NA,NA,NA,NA,NA,NA,NA,NA,NA,NA,NA
2026-03-09 11:00:00,79.33,166.33,17.33,73.0,91.0,187.67,9.0,1.0,35.67,NA,NA,NA,NA,NA,NA,NA,NA,NA,NA,NA,NA,NA,NA,NA
2026-03-09 12:00:00,74.25,161.5,4.25,52.25,56.75,140.0,NA,0.0,78.25,NA,NA,NA,NA,NA,NA,NA,NA,NA,NA,NA,NA,NA,NA,NA
2026-03-09 13:00:00,70.5,139.0,4.25,55.5,59.75,143.25,NA,0.0,154.75,NA,NA,NA,NA,NA,NA,NA,NA,NA,NA,NA,NA,NA,NA,NA
2026-03-09 14:00:00,68.25,130.0,2.75,51.5,54.5,125.25,13.5,0.0,179.25,NA,NA,NA,NA,NA,NA,NA,NA,NA,NA,NA,NA,NA,NA,NA
2026-03-09 15:00:00,65.5,125.75,15.0,75.25,91.0,171.75,13.0,0.5,98.25,NA,NA,NA,NA,NA,NA,NA,NA,NA,NA,NA,NA,NA,NA,NA
2026-03-09 16:00:00,68.25,128.5,23.25,80.25,104.0,188.0,9.5,0.5,63.5,NA,NA,NA,NA,NA,NA,NA,NA,NA,NA,NA,NA,NA,NA,NA
2026-03-09 17:00:00,55.75,123.0,21.5,72.75,94.75,168.25,10.0,0.0,48.25,NA,NA,NA,NA,NA,NA,NA,NA,NA,NA,NA,NA,NA,NA,NA
2026-03-09 18:00:00,48.75,107.75,36.75,75.75,113.0,187.0,8.5,0.0,24.25,NA,NA,NA,NA,NA,NA,NA,NA,NA,NA,NA,NA,NA,NA,NA
2026-03-09 19:00:00,39.75,100.0,47.75,75.0,123.25,201.75,6.5,0.0,18.0,NA,NA,NA,NA,NA,NA,NA,NA,NA,NA,NA,NA,NA,NA,NA
2026-03-09 20:00:00,35.5,88.0,46.0,87.75,134.25,215.0,6.75,0.5,18.25,NA,NA,NA,NA,NA,NA,NA,NA,NA,NA,NA,NA,NA,NA,NA
2026-03-09 21:00:00,39.25,94.5,57.75,87.25,145.5,253.0,4.5,1.0,5.0,NA,NA,NA,NA,NA,NA,NA,NA,NA,NA,NA,NA,NA,NA,NA
2026-03-09 22:00:00,45.75,116.25,121.75,71.25,193.5,348.5,5.0,1.25,4.25,NA,NA,NA,NA,NA,NA,NA,NA,NA,NA,NA,NA,NA,NA,NA
2026-03-09 23:00:00,52.0,137.5,120.25,63.0,183.75,338.25,4.5,1.25,7.25,NA,NA,NA,NA,NA,NA,NA,NA,NA,NA,NA,NA,NA,NA,NA
2026-03-10 00:00:00,64.75,172.0,195.75,52.0,248.0,405.33,4.0,1.75,6.0,NA,NA,NA,NA,NA,NA,NA,NA,NA,NA,NA,NA,NA,NA,NA
2026-03-10 01:00:00,70.25,189.0,139.75,58.5,198.5,355.0,5.0,1.25,5.25,NA,NA,NA,NA,NA,NA,NA,NA,NA,NA,NA,NA,NA,NA,NA
2026-03-10 02:00:00,72.75,186.0,127.0,46.0,173.25,312.25,7.25,1.0,4.5,NA,NA,NA,NA,NA,NA,NA,NA,NA,NA,NA,NA,NA,NA,NA
2026-03-10 03:00:00,76.25,195.25,232.25,37.0,270.0,447.25,10.75,1.25,3.75,NA,NA,NA,NA,NA,NA,NA,NA,NA,NA,NA,NA,NA,NA,NA
2026-03-10 04:00:00,82.0,211.5,170.25,37.5,208.5,353.5,12.75,0.75,NA,NA,NA,NA,NA,NA,NA,NA,NA,NA,NA,NA,NA,NA,NA,NA
2026-03-10 05:00:00,77.5,196.0,268.25,31.0,299.75,461.33,14.75,0.5,NA,NA,NA,NA,NA,NA,NA,NA,NA,NA,NA,NA,NA,NA,NA,NA
2026-03-10 06:00:00,72.75,187.75,138.75,41.75,180.75,300.0,18.75,0.0,2.0,NA,NA,NA,NA,NA,NA,NA,NA,NA,NA,NA,NA,NA,NA,NA
2026-03-10 07:00:00,65.5,168.5,157.25,43.0,201.25,331.25,19.0,0.25,2.5,NA,NA,NA,NA,NA,NA,NA,NA,NA,NA,NA,NA,NA,NA,NA
2026-03-10 08:00:00,70.75,165.0,129.5,50.75,180.75,300.75,14.0,1.0,3.0,NA,NA,NA,NA,NA,NA,NA,NA,NA,NA,NA,NA,NA,NA,NA
2026-03-10 09:00:00,68.75,168.5,169.5,67.0,237.25,380.25,19.25,1.0,4.5,NA,NA,NA,NA,NA,NA,NA,NA,NA,NA,NA,NA,NA,NA,NA
2026-03-10 10:00:00,68.0,162.25,120.75,84.5,205.5,329.25,15.25,1.0,12.5,NA,NA,NA,NA,NA,NA,NA,NA,NA,NA,NA,NA,NA,NA,NA
2026-03-10 11:00:00,76.5,147.5,71.75,83.75,156.5,255.75,14.5,0.5,37.25,NA,NA,NA,NA,NA,NA,NA,NA,NA,NA,NA,NA,NA,NA,NA
2026-03-10 12:00:00,65.0,139.0,31.75,80.0,112.0,204.0,9.25,0.25,78.5,NA,NA,NA,NA,NA,NA,NA,NA,NA,NA,NA,NA,NA,NA,NA
2026-03-10 13:00:00,67.0,147.25,5.0,49.0,54.5,120.25,7.0,0.0,109.5,NA,NA,NA,NA,NA,NA,NA,NA,NA,NA,NA,NA,NA,NA,NA
2026-03-10 14:00:00,66.25,123.0,1.75,43.25,46.0,103.75,7.5,0.0,136.0,NA,NA,NA,NA,NA,NA,NA,NA,NA,NA,NA,NA,NA,NA,NA
2026-03-10 15:00:00,53.0,115.5,5.0,56.25,61.5,142.25,8.5,0.0,126.25,NA,NA,NA,NA,NA,NA,NA,NA,NA,NA,NA,NA,NA,NA,NA
2026-03-10 16:00:00,61.0,109.0,13.75,80.25,94.25,195.5,9.0,0.5,107.75,NA,NA,NA,NA,NA,NA,NA,NA,NA,NA,NA,NA,NA,NA,NA
2026-03-10 17:00:00,55.5,106.25,23.5,91.75,116.0,226.25,7.5,1.0,79.0,NA,NA,NA,NA,NA,NA,NA,NA,NA,NA,NA,NA,NA,NA,NA
2026-03-10 18:00:00,56.33,103.33,NA,NA,NA,NA,NA,2.67,85.67,NA,NA,NA,NA,NA,NA,NA,NA,NA,NA,NA,NA,NA,NA,NA
2026-03-10 19:00:00,50.25,97.25,NA,NA,NA,NA,NA,2.25,66.25,NA,NA,NA,NA,NA,NA,NA,NA,NA,NA,NA,NA,NA,NA,NA
2026-03-10 20:00:00,58.25,102.75,9.0,42.0,52.0,144.0,0.0,4.0,43.25,NA,NA,NA,NA,NA,NA,NA,NA,NA,NA,NA,NA,NA,NA,NA
2026-03-10 21:00:00,61.0,114.0,33.25,63.0,96.75,209.0,2.25,0.33,24.75,NA,NA,NA,NA,NA,NA,NA,NA,NA,NA,NA,NA,NA,NA,NA
2026-03-10 22:00:00,58.5,116.0,26.25,72.75,99.25,212.75,2.75,0.25,12.0,NA,NA,NA,NA,NA,NA,NA,NA,NA,NA,NA,NA,NA,NA,NA
2026-03-10 23:00:00,53.75,116.0,20.25,71.5,92.0,197.5,1.5,0.0,13.5,NA,NA,NA,NA,NA,NA,NA,NA,NA,NA,NA,NA,NA,NA,NA
2026-03-11 00:00:00,60.0,123.0,10.67,53.33,64.33,148.33,0.0,0.0,23.67,NA,NA,NA,NA,NA,NA,NA,NA,NA,NA,NA,NA,NA,NA,NA
2026-03-11 01:00:00,56.25,118.25,61.75,83.25,145.5,272.25,0.0,0.75,4.0,NA,NA,NA,NA,NA,NA,NA,NA,NA,NA,NA,NA,NA,NA,NA
2026-03-11 02:00:00,53.5,134.75,86.0,59.0,145.5,277.5,0.0,1.0,3.5,NA,NA,NA,NA,NA,NA,NA,NA,NA,NA,NA,NA,NA,NA,NA
2026-03-11 03:00:00,56.5,161.5,93.25,60.5,154.75,290.5,0.0,1.0,3.0,NA,NA,NA,NA,NA,NA,NA,NA,NA,NA,NA,NA,NA,NA,NA
2026-03-11 04:00:00,65.25,166.0,58.0,58.5,117.0,227.25,0.0,0.25,2.75,NA,NA,NA,NA,NA,NA,NA,NA,NA,NA,NA,NA,NA,NA,NA
2026-03-11 05:00:00,69.0,155.0,66.0,60.0,126.25,242.75,0.0,0.0,2.5,NA,NA,NA,NA,NA,NA,NA,NA,NA,NA,NA,NA,NA,NA,NA
2026-03-11 06:00:00,73.25,150.5,58.0,67.0,125.75,240.75,0.0,0.75,3.0,NA,NA,NA,NA,NA,NA,NA,NA,NA,NA,NA,NA,NA,NA,NA
2026-03-11 07:00:00,85.33,171.33,53.0,64.67,118.33,226.33,1.0,1.0,3.33,NA,NA,NA,NA,NA,NA,NA,NA,NA,NA,NA,NA,NA,NA,NA
2026-03-11 08:00:00,89.0,182.25,40.75,56.75,97.75,190.5,1.0,1.0,4.75,NA,NA,NA,NA,NA,NA,NA,NA,NA,NA,NA,NA,NA,NA,NA
2026-03-11 09:00:00,NA,166.25,25.0,50.25,76.0,158.0,1.0,0.75,12.0,NA,NA,NA,NA,NA,NA,NA,NA,NA,NA,NA,NA,NA,NA,NA
2026-03-11 10:00:00,68.0,137.75,15.0,51.5,67.25,142.0,1.0,0.25,26.5,NA,NA,NA,NA,NA,NA,NA,NA,NA,NA,NA,NA,NA,NA,NA
2026-03-11 11:00:00,65.5,111.25,10.75,36.0,47.0,112.25,1.0,0.0,37.25,NA,NA,NA,NA,NA,NA,NA,NA,NA,NA,NA,NA,NA,NA,NA
2026-03-11 12:00:00,57.5,101.0,7.75,32.25,40.5,105.0,1.0,0.0,41.25,NA,NA,NA,NA,NA,NA,NA,NA,NA,NA,NA,NA,NA,NA,NA
2026-03-11 13:00:00,56.75,95.75,6.25,29.5,36.0,98.25,0.75,0.0,46.75,NA,NA,NA,NA,NA,NA,NA,NA,NA,NA,NA,NA,NA,NA,NA
2026-03-11 14:00:00,53.5,88.25,3.25,22.25,26.25,81.5,0.25,0.0,47.25,NA,NA,NA,NA,NA,NA,NA,NA,NA,NA,NA,NA,NA,NA,NA
2026-03-11 15:00:00,53.0,81.25,4.0,20.0,24.25,80.25,0.25,0.0,54.75,NA,NA,NA,NA,NA,NA,NA,NA,NA,NA,NA,NA,NA,NA,NA
2026-03-11 16:00:00,52.25,69.75,7.5,22.0,30.25,87.25,0.0,0.0,47.75,NA,NA,NA,NA,NA,NA,NA,NA,NA,NA,NA,NA,NA,NA,NA
2026-03-11 17:00:00,46.25,80.5,6.25,22.25,29.0,84.75,0.0,0.0,44.5,NA,NA,NA,NA,NA,NA,NA,NA,NA,NA,NA,NA,NA,NA,NA
2026-03-11 18:00:00,50.75,80.5,4.25,23.25,28.0,82.5,0.0,0.0,46.0,NA,NA,NA,NA,NA,NA,NA,NA,NA,NA,NA,NA,NA,NA,NA
2026-03-11 19:00:00,54.5,76.75,2.5,23.25,26.5,79.5,0.5,0.0,48.5,NA,NA,NA,NA,NA,NA,NA,NA,NA,NA,NA,NA,NA,NA,NA
2026-03-11 20:00:00,52.5,71.0,1.5,15.75,17.75,72.0,0.0,0.0,42.5,NA,NA,NA,NA,NA,NA,NA,NA,NA,NA,NA,NA,NA,NA,NA
2026-03-11 21:00:00,57.0,71.75,2.0,18.25,21.0,82.25,0.0,0.0,37.0,NA,NA,NA,NA,NA,NA,NA,NA,NA,NA,NA,NA,NA,NA,NA
2026-03-11 22:00:00,49.5,74.75,13.5,21.25,35.25,113.5,0.0,0.0,5.5,NA,NA,NA,NA,NA,NA,NA,NA,NA,NA,NA,NA,NA,NA,NA
2026-03-11 23:00:00,58.75,95.25,12.5,24.0,37.0,117.25,0.0,0.0,4.25,NA,NA,NA,NA,NA,NA,NA,NA,NA,NA,NA,NA,NA,NA,NA
2026-03-12 00:00:00,71.75,95.5,16.5,34.5,51.5,130.25,NA,0.0,4.5,NA,NA,NA,NA,NA,NA,NA,NA,NA,NA,NA,NA,NA,NA,NA
2026-03-12 01:00:00,61.5,96.0,14.5,56.25,71.0,154.0,NA,0.0,10.0,NA,NA,NA,NA,NA,NA,NA,NA,NA,NA,NA,NA,NA,NA,NA
2026-03-12 02:00:00,57.25,90.0,9.75,56.25,66.5,144.25,NA,0.0,13.0,NA,NA,NA,NA,NA,NA,NA,NA,NA,NA,NA,NA,NA,NA,NA
2026-03-12 03:00:00,56.25,81.5,6.5,56.0,63.25,140.5,0.0,0.0,18.25,NA,NA,NA,NA,NA,NA,NA,NA,NA,NA,NA,NA,NA,NA,NA
2026-03-12 04:00:00,57.0,73.25,6.75,55.75,63.25,142.75,0.0,0.0,19.75,NA,NA,NA,NA,NA,NA,NA,NA,NA,NA,NA,NA,NA,NA,NA
2026-03-12 05:00:00,51.25,77.0,9.25,50.5,60.25,142.75,0.0,0.0,11.75,NA,NA,NA,NA,NA,NA,NA,NA,NA,NA,NA,NA,NA,NA,NA
2026-03-12 06:00:00,40.75,73.0,26.5,32.75,59.5,148.5,0.0,0.0,5.5,NA,NA,NA,NA,NA,NA,NA,NA,NA,NA,NA,NA,NA,NA,NA
2026-03-12 07:00:00,46.25,85.5,72.75,36.0,109.25,235.0,0.0,0.0,1.67,NA,NA,NA,NA,NA,NA,NA,NA,NA,NA,NA,NA,NA,NA,NA
2026-03-12 08:00:00,59.0,102.25,85.25,45.75,131.5,257.25,1.75,0.25,2.25,NA,NA,NA,NA,NA,NA,NA,NA,NA,NA,NA,NA,NA,NA,NA
2026-03-12 09:00:00,65.25,126.0,56.25,34.5,91.5,189.75,2.5,0.5,3.5,NA,NA,NA,NA,NA,NA,NA,NA,NA,NA,NA,NA,NA,NA,NA
2026-03-12 10:00:00,68.5,141.0,24.25,50.0,75.0,163.0,2.75,0.25,9.5,NA,NA,NA,NA,NA,NA,NA,NA,NA,NA,NA,NA,NA,NA,NA
2026-03-12 11:00:00,72.5,143.75,10.0,46.25,56.5,139.75,3.0,0.0,19.0,NA,NA,NA,NA,NA,NA,NA,NA,NA,NA,NA,NA,NA,NA,NA
2026-03-12 12:00:00,68.0,125.5,5.75,40.25,46.75,126.75,1.0,0.0,47.5,NA,NA,NA,NA,NA,NA,NA,NA,NA,NA,NA,NA,NA,NA,NA
2026-03-12 13:00:00,56.25,109.25,2.5,34.5,37.25,115.5,0.0,0.0,69.5,NA,NA,NA,NA,NA,NA,NA,NA,NA,NA,NA,NA,NA,NA,NA
2026-03-12 14:00:00,54.0,93.5,3.25,33.25,36.75,113.25,0.0,0.0,79.75,NA,NA,NA,NA,NA,NA,NA,NA,NA,NA,NA,NA,NA,NA,NA
2026-03-12 15:00:00,53.25,81.75,6.25,33.5,40.0,120.75,NA,0.0,71.75,NA,NA,NA,NA,NA,NA,NA,NA,NA,NA,NA,NA,NA,NA,NA
2026-03-12 16:00:00,48.25,75.75,13.5,42.5,57.0,148.0,NA,0.0,53.0,NA,NA,NA,NA,NA,NA,NA,NA,NA,NA,NA,NA,NA,NA,NA
2026-03-12 17:00:00,45.25,80.0,8.25,37.75,47.0,136.0,NA,0.0,62.5,NA,NA,NA,NA,NA,NA,NA,NA,NA,NA,NA,NA,NA,NA,NA
2026-03-12 18:00:00,44.25,75.25,14.25,40.25,54.75,148.25,NA,0.0,53.5,NA,NA,NA,NA,NA,NA,NA,NA,NA,NA,NA,NA,NA,NA,NA
2026-03-12 19:00:00,43.25,68.25,11.75,44.0,56.5,146.25,0.0,0.0,57.5,NA,NA,NA,NA,NA,NA,NA,NA,NA,NA,NA,NA,NA,NA,NA
2026-03-12 20:00:00,48.0,73.0,14.25,49.75,64.75,158.5,0.0,0.0,45.25,NA,NA,NA,NA,NA,NA,NA,NA,NA,NA,NA,NA,NA,NA,NA
2026-03-12 21:00:00,53.25,90.0,8.25,48.75,57.25,144.5,0.25,0.0,25.25,NA,NA,NA,NA,NA,NA,NA,NA,NA,NA,NA,NA,NA,NA,NA
2026-03-12 22:00:00,50.75,104.0,8.25,51.25,60.25,150.5,0.0,0.0,22.25,NA,NA,NA,NA,NA,NA,NA,NA,NA,NA,NA,NA,NA,NA,NA
2026-03-12 23:00:00,61.75,107.0,9.75,39.25,49.5,131.75,0.75,0.0,37.25,NA,NA,NA,NA,NA,NA,NA,NA,NA,NA,NA,NA,NA,NA,NA
2026-03-13 00:00:00,64.0,110.5,5.25,46.0,51.5,130.75,1.0,0.0,64.25,NA,NA,NA,NA,NA,NA,NA,NA,NA,NA,NA,NA,NA,NA,NA
2026-03-13 01:00:00,59.0,110.25,5.75,46.75,53.25,130.25,1.0,0.0,57.75,NA,NA,NA,NA,NA,NA,NA,NA,NA,NA,NA,NA,NA,NA,NA
2026-03-13 02:00:00,55.5,99.0,5.5,37.25,43.25,113.75,1.0,0.5,41.75,NA,NA,NA,NA,NA,NA,NA,NA,NA,NA,NA,NA,NA,NA,NA
2026-03-13 03:00:00,49.25,88.75,15.0,39.25,55.0,131.0,1.0,1.25,19.75,NA,NA,NA,NA,NA,NA,NA,NA,NA,NA,NA,NA,NA,NA,NA
2026-03-13 04:00:00,54.0,92.0,52.5,38.25,91.75,191.0,1.5,2.0,2.0,NA,NA,NA,NA,NA,NA,NA,NA,NA,NA,NA,NA,NA,NA,NA
2026-03-13 05:00:00,47.5,99.75,161.0,41.25,202.75,351.5,2.0,2.0,1.0,NA,NA,NA,NA,NA,NA,NA,NA,NA,NA,NA,NA,NA,NA,NA
2026-03-13 06:00:00,52.5,122.75,199.25,40.25,240.0,377.67,2.0,2.25,1.5,NA,NA,NA,NA,NA,NA,NA,NA,NA,NA,NA,NA,NA,NA,NA
2026-03-13 07:00:00,64.0,148.0,151.0,44.25,196.25,341.5,1.5,2.25,2.25,NA,NA,NA,NA,NA,NA,NA,NA,NA,NA,NA,NA,NA,NA,NA
2026-03-13 08:00:00,64.25,162.75,87.25,51.25,139.25,252.75,2.0,2.0,4.25,NA,NA,NA,NA,NA,NA,NA,NA,NA,NA,NA,NA,NA,NA,NA
2026-03-13 09:00:00,67.25,165.75,100.75,62.5,163.25,290.25,2.0,2.75,7.0,NA,NA,NA,NA,NA,NA,NA,NA,NA,NA,NA,NA,NA,NA,NA
2026-03-13 10:00:00,74.75,173.5,72.5,80.5,153.0,276.5,2.75,3.0,14.5,NA,NA,NA,NA,NA,NA,NA,NA,NA,NA,NA,NA,NA,NA,NA
2026-03-13 11:00:00,76.0,193.5,15.0,70.75,85.75,176.5,2.25,2.0,70.75,NA,NA,NA,NA,NA,NA,NA,NA,NA,NA,NA,NA,NA,NA,NA
2026-03-13 12:00:00,NA,187.67,6.0,61.33,68.0,141.0,2.33,2.0,114.67,NA,NA,NA,NA,NA,NA,NA,NA,NA,NA,NA,NA,NA,NA,NA
2026-03-13 13:00:00,78.0,160.0,6.67,52.33,59.67,122.33,3.67,2.0,98.0,NA,NA,NA,NA,NA,NA,NA,NA,NA,NA,NA,NA,NA,NA,NA
2026-03-13 14:00:00,NA,NA,NA,NA,NA,NA,NA,NA,NA,NA,NA,NA,NA,NA,NA,NA,NA,NA,NA,NA,NA,NA,NA,NA
2026-03-13 15:00:00,NA,NA,NA,NA,NA,NA,NA,NA,NA,NA,NA,NA,NA,NA,NA,NA,NA,NA,NA,NA,NA,NA,NA,NA
2026-03-13 16:00:00,NA,NA,NA,NA,NA,NA,NA,NA,NA,NA,NA,NA,NA,NA,NA,NA,NA,NA,NA,NA,NA,NA,NA,NA
2026-03-13 17:00:00,NA,NA,NA,NA,NA,NA,NA,NA,NA,NA,NA,NA,NA,NA,NA,NA,NA,NA,NA,NA,NA,NA,NA,NA
2026-03-13 18:00:00,NA,NA,NA,NA,NA,NA,NA,NA,NA,NA,NA,NA,NA,NA,NA,NA,NA,NA,NA,NA,NA,NA,NA,NA
2026-03-13 19:00:00,NA,NA,NA,NA,NA,NA,NA,NA,NA,NA,NA,NA,NA,NA,NA,NA,NA,NA,NA,NA,NA,NA,NA,NA
2026-03-13 20:00:00,NA,NA,NA,NA,NA,NA,NA,NA,NA,NA,NA,NA,NA,NA,NA,NA,NA,NA,NA,NA,NA,NA,NA,NA
2026-03-13 21:00:00,NA,NA,NA,NA,NA,NA,NA,NA,NA,NA,NA,NA,NA,NA,NA,NA,NA,NA,NA,NA,NA,NA,NA,NA
2026-03-13 22:00:00,NA,NA,NA,NA,NA,NA,NA,NA,NA,NA,NA,NA,NA,NA,NA,NA,NA,NA,NA,NA,NA,NA,NA,NA
2026-03-13 23:00:00,NA,NA,NA,NA,NA,NA,NA,NA,NA,NA,NA,NA,NA,NA,NA,NA,NA,NA,NA,NA,NA,NA,NA,NA
2026-03-14 00:00:00,NA,NA,NA,NA,NA,NA,NA,NA,NA,NA,NA,NA,NA,NA,NA,NA,NA,NA,NA,NA,NA,NA,NA,NA
2026-03-14 01:00:00,NA,NA,NA,NA,NA,NA,NA,NA,NA,NA,NA,NA,NA,NA,NA,NA,NA,NA,NA,NA,NA,NA,NA,NA
2026-03-14 02:00:00,NA,NA,NA,NA,NA,NA,NA,NA,NA,NA,NA,NA,NA,NA,NA,NA,NA,NA,NA,NA,NA,NA,NA,NA
2026-03-14 03:00:00,NA,NA,NA,NA,NA,NA,NA,NA,NA,NA,NA,NA,NA,NA,NA,NA,NA,NA,NA,NA,NA,NA,NA,NA
2026-03-14 04:00:00,NA,NA,NA,NA,NA,NA,NA,NA,NA,NA,NA,NA,NA,NA,NA,NA,NA,NA,NA,NA,NA,NA,NA,NA
2026-03-14 05:00:00,NA,NA,NA,NA,NA,NA,NA,NA,NA,NA,NA,NA,NA,NA,NA,NA,NA,NA,NA,NA,NA,NA,NA,NA
2026-03-14 06:00:00,NA,NA,NA,NA,NA,NA,NA,NA,NA,NA,NA,NA,NA,NA,NA,NA,NA,NA,NA,NA,NA,NA,NA,NA
2026-03-14 07:00:00,NA,NA,NA,NA,NA,NA,NA,NA,NA,NA,NA,NA,NA,NA,NA,NA,NA,NA,NA,NA,NA,NA,NA,NA
2026-03-14 08:00:00,NA,NA,NA,NA,NA,NA,NA,NA,NA,NA,NA,NA,NA,NA,NA,NA,NA,NA,NA,NA,NA,NA,NA,NA
2026-03-14 09:00:00,NA,NA,NA,NA,NA,NA,NA,NA,NA,NA,NA,NA,NA,NA,NA,NA,NA,NA,NA,NA,NA,NA,NA,NA
2026-03-14 10:00:00,NA,NA,NA,NA,NA,NA,NA,NA,NA,NA,NA,NA,NA,NA,NA,NA,NA,NA,NA,NA,NA,NA,NA,NA
2026-03-14 11:00:00,NA,NA,NA,NA,NA,NA,NA,NA,NA,NA,NA,NA,NA,NA,NA,NA,NA,NA,NA,NA,NA,NA,NA,NA
2026-03-14 12:00:00,NA,NA,NA,NA,NA,NA,NA,NA,NA,NA,NA,NA,NA,NA,NA,NA,NA,NA,NA,NA,NA,NA,NA,NA
2026-03-14 13:00:00,NA,NA,NA,NA,NA,NA,NA,NA,NA,NA,NA,NA,NA,NA,NA,NA,NA,NA,NA,NA,NA,NA,NA,NA
2026-03-14 14:00:00,29.0,100.0,8.0,25.0,33.5,81.5,2.0,0.0,45.0,NA,NA,NA,NA,NA,NA,NA,NA,NA,NA,NA,NA,NA,NA,NA
2026-03-14 15:00:00,29.0,84.5,13.5,25.5,39.5,87.0,2.5,0.0,40.5,NA,NA,NA,NA,NA,NA,NA,NA,NA,NA,NA,NA,NA,NA,NA
2026-03-14 16:00:00,NA,NA,NA,NA,NA,NA,NA,NA,NA,NA,NA,NA,NA,NA,NA,NA,NA,NA,NA,NA,NA,NA,NA,NA
2026-03-14 17:00:00,28.0,70.0,21.0,37.0,59.0,119.0,1.0,0.0,23.0,NA,NA,NA,NA,NA,NA,NA,NA,NA,NA,NA,NA,NA,NA,NA
2026-03-14 18:00:00,20.0,82.0,27.33,38.0,66.0,129.67,1.0,0.0,26.0,NA,NA,NA,NA,NA,NA,NA,NA,NA,NA,NA,NA,NA,NA,NA
2026-03-14 19:00:00,22.5,81.0,19.0,38.0,57.5,118.0,1.0,0.0,26.0,NA,NA,NA,NA,NA,NA,NA,NA,NA,NA,NA,NA,NA,NA,NA
2026-03-14 20:00:00,23.0,89.5,36.75,41.25,78.5,150.5,0.25,0.0,13.75,NA,NA,NA,NA,NA,NA,NA,NA,NA,NA,NA,NA,NA,NA,NA
2026-03-14 21:00:00,20.5,97.0,39.0,41.25,81.25,158.0,0.0,0.0,11.25,NA,NA,NA,NA,NA,NA,NA,NA,NA,NA,NA,NA,NA,NA,NA
2026-03-14 22:00:00,17.5,109.0,40.25,44.0,84.75,166.0,0.0,0.0,5.75,NA,NA,NA,NA,NA,NA,NA,NA,NA,NA,NA,NA,NA,NA,NA
2026-03-14 23:00:00,20.25,117.0,36.0,44.0,80.25,157.0,0.0,0.0,6.5,NA,NA,NA,NA,NA,NA,NA,NA,NA,NA,NA,NA,NA,NA,NA
2026-03-15 00:00:00,21.75,126.25,34.25,40.75,75.75,149.5,0.0,0.0,6.25,NA,NA,NA,NA,NA,NA,NA,NA,NA,NA,NA,NA,NA,NA,NA
2026-03-15 01:00:00,19.5,139.0,30.75,37.25,68.5,139.25,0.0,0.0,5.75,NA,NA,NA,NA,NA,NA,NA,NA,NA,NA,NA,NA,NA,NA,NA
2026-03-15 02:00:00,15.0,149.5,18.75,32.25,51.75,115.25,0.0,0.0,2.25,NA,NA,NA,NA,NA,NA,NA,NA,NA,NA,NA,NA,NA,NA,NA
2026-03-15 03:00:00,10.75,140.0,34.25,28.25,63.25,132.75,0.0,0.0,2.5,NA,NA,NA,NA,NA,NA,NA,NA,NA,NA,NA,NA,NA,NA,NA
2026-03-15 04:00:00,15.75,141.25,13.5,26.25,40.0,99.75,0.0,0.0,5.5,NA,NA,NA,NA,NA,NA,NA,NA,NA,NA,NA,NA,NA,NA,NA
2026-03-15 05:00:00,11.25,140.25,32.25,28.0,61.0,133.0,0.0,0.0,2.25,NA,NA,NA,NA,NA,NA,NA,NA,NA,NA,NA,NA,NA,NA,NA
2026-03-15 06:00:00,15.0,146.75,57.25,29.25,86.75,170.0,0.25,0.0,1.5,NA,NA,NA,NA,NA,NA,NA,NA,NA,NA,NA,NA,NA,NA,NA
2026-03-15 07:00:00,20.0,141.25,90.0,34.75,125.5,222.0,0.25,0.0,1.25,NA,NA,NA,NA,NA,NA,NA,NA,NA,NA,NA,NA,NA,NA,NA
2026-03-15 08:00:00,17.0,146.0,49.25,31.0,81.0,151.5,1.0,0.0,2.75,NA,NA,NA,NA,NA,NA,NA,NA,NA,NA,NA,NA,NA,NA,NA
2026-03-15 09:00:00,18.5,140.25,33.0,25.5,58.75,118.75,1.0,0.0,4.75,NA,NA,NA,NA,NA,NA,NA,NA,NA,NA,NA,NA,NA,NA,NA
2026-03-15 10:00:00,17.25,129.0,12.0,21.75,34.25,83.25,1.25,0.0,10.25,NA,NA,NA,NA,NA,NA,NA,NA,NA,NA,NA,NA,NA,NA,NA
2026-03-15 11:00:00,19.5,113.5,10.0,20.5,31.5,78.25,1.0,0.0,20.25,NA,NA,NA,NA,NA,NA,NA,NA,NA,NA,NA,NA,NA,NA,NA
2026-03-15 12:00:00,12.5,101.75,7.25,18.0,26.0,70.0,1.0,0.0,25.0,NA,NA,NA,NA,NA,NA,NA,NA,NA,NA,NA,NA,NA,NA,NA
2026-03-15 13:00:00,12.5,96.5,5.25,14.0,19.5,61.75,1.0,0.0,26.5,NA,NA,NA,NA,NA,NA,NA,NA,NA,NA,NA,NA,NA,NA,NA
2026-03-15 14:00:00,12.25,87.5,5.5,15.75,21.5,61.5,1.0,0.0,30.5,NA,NA,NA,NA,NA,NA,NA,NA,NA,NA,NA,NA,NA,NA,NA
2026-03-15 15:00:00,8.0,84.25,5.75,15.5,22.0,61.75,1.0,0.0,29.0,NA,NA,NA,NA,NA,NA,NA,NA,NA,NA,NA,NA,NA,NA,NA
2026-03-15 16:00:00,8.75,79.75,7.5,16.0,24.0,65.5,1.0,0.0,24.75,NA,NA,NA,NA,NA,NA,NA,NA,NA,NA,NA,NA,NA,NA,NA
2026-03-15 17:00:00,8.0,73.25,8.75,19.75,29.5,73.25,1.0,0.0,25.0,NA,NA,NA,NA,NA,NA,NA,NA,NA,NA,NA,NA,NA,NA,NA
2026-03-15 18:00:00,11.25,79.75,9.25,23.0,33.0,78.75,1.0,0.0,25.25,NA,NA,NA,NA,NA,NA,NA,NA,NA,NA,NA,NA,NA,NA,NA
2026-03-15 19:00:00,7.75,74.25,11.25,25.25,36.75,84.75,0.75,0.0,19.75,NA,NA,NA,NA,NA,NA,NA,NA,NA,NA,NA,NA,NA,NA,NA
2026-03-15 20:00:00,12.75,75.5,19.0,28.25,48.0,102.5,1.0,0.0,15.0,NA,NA,NA,NA,NA,NA,NA,NA,NA,NA,NA,NA,NA,NA,NA
2026-03-15 21:00:00,9.0,93.75,14.25,29.25,44.0,97.25,1.0,0.0,18.75,NA,NA,NA,NA,NA,NA,NA,NA,NA,NA,NA,NA,NA,NA,NA
2026-03-15 22:00:00,16.25,93.75,9.75,30.25,40.5,91.0,1.0,0.0,19.5,NA,NA,NA,NA,NA,NA,NA,NA,NA,NA,NA,NA,NA,NA,NA
2026-03-15 23:00:00,18.75,94.5,14.25,31.5,46.0,99.75,1.0,0.0,15.25,NA,NA,NA,NA,NA,NA,NA,NA,NA,NA,NA,NA,NA,NA,NA
2026-03-16 00:00:00,15.75,99.25,8.25,28.75,37.75,87.75,1.0,0.0,16.0,NA,NA,NA,NA,NA,NA,NA,NA,NA,NA,NA,NA,NA,NA,NA
2026-03-16 01:00:00,19.0,91.5,10.5,26.0,36.75,86.25,1.0,0.0,11.25,NA,NA,NA,NA,NA,NA,NA,NA,NA,NA,NA,NA,NA,NA,NA
2026-03-16 02:00:00,14.25,94.25,9.5,23.25,32.75,79.5,1.0,0.0,8.25,NA,NA,NA,NA,NA,NA,NA,NA,NA,NA,NA,NA,NA,NA,NA
2026-03-16 03:00:00,9.75,86.5,6.5,20.25,27.5,70.75,1.0,0.0,10.0,NA,NA,NA,NA,NA,NA,NA,NA,NA,NA,NA,NA,NA,NA,NA
2026-03-16 04:00:00,10.75,85.0,8.75,19.5,28.75,74.75,1.0,0.0,6.5,NA,NA,NA,NA,NA,NA,NA,NA,NA,NA,NA,NA,NA,NA,NA
2026-03-16 05:00:00,10.25,81.5,10.25,18.5,29.25,75.0,1.0,0.0,7.0,NA,NA,NA,NA,NA,NA,NA,NA,NA,NA,NA,NA,NA,NA,NA
2026-03-16 06:00:00,7.5,83.5,22.25,21.75,44.5,98.25,1.75,0.0,3.0,NA,NA,NA,NA,NA,NA,NA,NA,NA,NA,NA,NA,NA,NA,NA
2026-03-16 07:00:00,17.0,72.25,76.0,22.75,99.5,182.25,2.25,0.0,1.5,NA,NA,NA,NA,NA,NA,NA,NA,NA,NA,NA,NA,NA,NA,NA
2026-03-16 08:00:00,11.5,87.0,70.25,25.75,96.5,175.25,2.25,0.0,4.0,NA,NA,NA,NA,NA,NA,NA,NA,NA,NA,NA,NA,NA,NA,NA
2026-03-16 09:00:00,17.5,97.75,65.5,19.75,86.0,157.0,2.0,0.0,5.0,NA,NA,NA,NA,NA,NA,NA,NA,NA,NA,NA,NA,NA,NA,NA
2026-03-16 10:00:00,11.5,85.75,15.5,17.0,32.25,77.5,2.0,0.0,12.0,NA,NA,NA,NA,NA,NA,NA,NA,NA,NA,NA,NA,NA,NA,NA
2026-03-16 11:00:00,7.5,68.0,14.75,17.75,33.0,79.25,2.0,0.0,15.25,NA,NA,NA,NA,NA,NA,NA,NA,NA,NA,NA,NA,NA,NA,NA
2026-03-16 12:00:00,8.75,62.5,14.0,18.25,33.0,78.5,2.0,0.0,19.0,NA,NA,NA,NA,NA,NA,NA,NA,NA,NA,NA,NA,NA,NA,NA
2026-03-16 13:00:00,6.5,58.5,12.5,16.75,29.5,73.0,2.0,0.0,19.0,NA,NA,NA,NA,NA,NA,NA,NA,NA,NA,NA,NA,NA,NA,NA
2026-03-16 14:00:00,14.25,60.5,16.0,16.75,33.25,78.0,1.75,0.0,19.0,NA,NA,NA,NA,NA,NA,NA,NA,NA,NA,NA,NA,NA,NA,NA
2026-03-16 15:00:00,13.5,62.75,9.0,16.25,26.0,67.75,1.0,0.0,24.25,NA,NA,NA,NA,NA,NA,NA,NA,NA,NA,NA,NA,NA,NA,NA
2026-03-16 16:00:00,14.0,70.5,8.25,17.0,25.75,68.0,1.0,0.0,28.25,NA,NA,NA,NA,NA,NA,NA,NA,NA,NA,NA,NA,NA,NA,NA
2026-03-16 17:00:00,14.0,82.0,21.5,22.5,44.5,95.25,1.0,0.0,20.5,NA,NA,NA,NA,NA,NA,NA,NA,NA,NA,NA,NA,NA,NA,NA
2026-03-16 18:00:00,13.25,91.5,20.0,24.75,45.0,94.75,1.0,0.0,17.0,NA,NA,NA,NA,NA,NA,NA,NA,NA,NA,NA,NA,NA,NA,NA
2026-03-16 19:00:00,17.25,99.0,14.75,27.25,42.5,90.75,1.0,0.0,20.5,NA,NA,NA,NA,NA,NA,NA,NA,NA,NA,NA,NA,NA,NA,NA
2026-03-16 20:00:00,12.25,109.25,19.5,30.25,50.25,101.75,1.0,0.0,16.25,NA,NA,NA,NA,NA,NA,NA,NA,NA,NA,NA,NA,NA,NA,NA
2026-03-16 21:00:00,20.0,127.0,20.0,31.0,51.25,102.5,1.0,0.0,14.75,NA,NA,NA,NA,NA,NA,NA,NA,NA,NA,NA,NA,NA,NA,NA
2026-03-16 22:00:00,13.75,135.0,15.25,29.25,45.25,96.0,0.0,0.0,15.5,NA,NA,NA,NA,NA,NA,NA,NA,NA,NA,NA,NA,NA,NA,NA
2026-03-16 23:00:00,20.5,133.5,14.5,32.25,47.75,99.75,0.0,0.0,11.75,NA,NA,NA,NA,NA,NA,NA,NA,NA,NA,NA,NA,NA,NA,NA
2026-03-17 00:00:00,19.5,133.75,11.25,30.5,42.5,91.5,0.0,0.0,17.5,NA,NA,NA,NA,NA,NA,NA,NA,NA,NA,NA,NA,NA,NA,NA
2026-03-17 01:00:00,12.25,123.75,5.25,23.75,29.75,73.75,0.0,0.0,23.5,NA,NA,NA,NA,NA,NA,NA,NA,NA,NA,NA,NA,NA,NA,NA
2026-03-17 02:00:00,14.5,121.0,4.75,20.75,26.0,67.5,0.0,0.0,18.75,NA,NA,NA,NA,NA,NA,NA,NA,NA,NA,NA,NA,NA,NA,NA
2026-03-17 03:00:00,11.75,108.25,5.75,17.75,24.0,64.75,0.0,0.0,12.25,NA,NA,NA,NA,NA,NA,NA,NA,NA,NA,NA,NA,NA,NA,NA
2026-03-17 04:00:00,12.75,91.75,25.25,22.0,47.5,102.0,0.0,0.0,2.5,NA,NA,NA,NA,NA,NA,NA,NA,NA,NA,NA,NA,NA,NA,NA
2026-03-17 05:00:00,9.75,98.25,28.25,25.0,53.75,112.0,1.0,0.0,2.5,NA,NA,NA,NA,NA,NA,NA,NA,NA,NA,NA,NA,NA,NA,NA
2026-03-17 06:00:00,14.75,105.0,56.0,25.0,81.75,155.75,1.0,0.0,2.25,NA,NA,NA,NA,NA,NA,NA,NA,NA,NA,NA,NA,NA,NA,NA
2026-03-17 07:00:00,21.0,111.0,102.75,27.75,130.75,224.25,1.5,0.0,1.75,NA,NA,NA,NA,NA,NA,NA,NA,NA,NA,NA,NA,NA,NA,NA
2026-03-17 08:00:00,28.5,138.0,94.75,31.5,126.75,215.0,2.0,0.0,2.5,NA,NA,NA,NA,NA,NA,NA,NA,NA,NA,NA,NA,NA,NA,NA
2026-03-17 09:00:00,24.25,154.75,95.25,33.25,129.0,220.5,2.75,0.0,3.75,NA,NA,NA,NA,NA,NA,NA,NA,NA,NA,NA,NA,NA,NA,NA
2026-03-17 10:00:00,31.5,163.0,48.25,32.0,80.5,145.25,3.0,0.25,10.25,NA,NA,NA,NA,NA,NA,NA,NA,NA,NA,NA,NA,NA,NA,NA
2026-03-17 11:00:00,25.75,138.75,15.5,30.0,45.75,94.25,3.0,0.0,28.25,NA,NA,NA,NA,NA,NA,NA,NA,NA,NA,NA,NA,NA,NA,NA
2026-03-17 12:00:00,27.5,127.25,9.5,27.0,37.0,81.5,3.0,0.0,38.0,NA,NA,NA,NA,NA,NA,NA,NA,NA,NA,NA,NA,NA,NA,NA
2026-03-17 13:00:00,22.25,112.5,7.5,22.5,30.5,71.5,2.25,0.0,29.25,NA,NA,NA,NA,NA,NA,NA,NA,NA,NA,NA,NA,NA,NA,NA
2026-03-17 14:00:00,17.0,102.25,6.75,19.75,26.75,66.0,2.0,0.0,30.0,NA,NA,NA,NA,NA,NA,NA,NA,NA,NA,NA,NA,NA,NA,NA
2026-03-17 15:00:00,19.5,90.0,8.5,18.25,27.5,65.5,2.0,0.0,30.75,NA,NA,NA,NA,NA,NA,NA,NA,NA,NA,NA,NA,NA,NA,NA
2026-03-17 16:00:00,14.25,77.0,10.5,16.5,27.75,64.75,2.0,0.0,21.25,NA,NA,NA,NA,NA,NA,NA,NA,NA,NA,NA,NA,NA,NA,NA
2026-03-17 17:00:00,14.75,70.75,12.0,17.0,29.25,66.75,2.0,0.0,21.5,NA,NA,NA,NA,NA,NA,NA,NA,NA,NA,NA,NA,NA,NA,NA
2026-03-17 18:00:00,14.25,65.0,20.75,27.5,48.5,95.25,2.0,0.25,18.5,NA,NA,NA,NA,NA,NA,NA,NA,NA,NA,NA,NA,NA,NA,NA
2026-03-17 19:00:00,9.75,60.75,34.75,29.5,65.0,118.75,1.5,0.25,16.25,NA,NA,NA,NA,NA,NA,NA,NA,NA,NA,NA,NA,NA,NA,NA
2026-03-17 20:00:00,14.0,66.75,38.75,31.75,71.0,130.75,0.0,0.75,8.25,NA,NA,NA,NA,NA,NA,NA,NA,NA,NA,NA,NA,NA,NA,NA
2026-03-17 21:00:00,18.5,76.5,39.25,33.75,73.25,135.25,0.0,1.0,6.5,NA,NA,NA,NA,NA,NA,NA,NA,NA,NA,NA,NA,NA,NA,NA
2026-03-17 22:00:00,13.25,84.0,65.75,37.25,103.25,181.0,0.0,1.0,3.5,NA,NA,NA,NA,NA,NA,NA,NA,NA,NA,NA,NA,NA,NA,NA
2026-03-17 23:00:00,9.5,84.25,42.75,37.25,80.75,146.5,0.0,1.0,7.0,NA,NA,NA,NA,NA,NA,NA,NA,NA,NA,NA,NA,NA,NA,NA
2026-03-18 00:00:00,14.0,96.75,29.5,38.25,68.5,127.25,0.0,0.5,7.25,NA,NA,NA,NA,NA,NA,NA,NA,NA,NA,NA,NA,NA,NA,NA
2026-03-18 01:00:00,13.5,98.25,23.75,34.5,59.0,113.5,0.0,0.0,6.75,NA,NA,NA,NA,NA,NA,NA,NA,NA,NA,NA,NA,NA,NA,NA
2026-03-18 02:00:00,16.25,99.0,16.75,31.0,48.0,98.5,0.0,0.0,5.75,NA,NA,NA,NA,NA,NA,NA,NA,NA,NA,NA,NA,NA,NA,NA
2026-03-18 03:00:00,21.0,91.5,17.0,28.75,46.25,98.5,0.0,0.0,4.5,NA,NA,NA,NA,NA,NA,NA,NA,NA,NA,NA,NA,NA,NA,NA
2026-03-18 04:00:00,19.5,100.25,41.5,31.75,73.5,138.25,0.0,0.0,1.0,NA,NA,NA,NA,NA,NA,NA,NA,NA,NA,NA,NA,NA,NA,NA
2026-03-18 05:00:00,24.0,112.0,58.0,26.5,85.0,157.75,0.0,0.0,1.75,NA,NA,NA,NA,NA,NA,NA,NA,NA,NA,NA,NA,NA,NA,NA
2026-03-18 06:00:00,27.5,130.75,100.75,25.5,126.25,215.75,0.5,0.0,1.75,NA,NA,NA,NA,NA,NA,NA,NA,NA,NA,NA,NA,NA,NA,NA
2026-03-18 07:00:00,33.0,143.25,176.75,25.0,202.0,326.0,1.5,0.75,2.5,NA,NA,NA,NA,NA,NA,NA,NA,NA,NA,NA,NA,NA,NA,NA
2026-03-18 08:00:00,39.0,163.5,101.75,33.75,136.25,231.75,2.0,0.5,2.75,NA,NA,NA,NA,NA,NA,NA,NA,NA,NA,NA,NA,NA,NA,NA
2026-03-18 09:00:00,33.5,161.0,40.5,37.5,78.75,141.5,3.25,0.0,3.0,NA,NA,NA,NA,NA,NA,NA,NA,NA,NA,NA,NA,NA,NA,NA
2026-03-18 10:00:00,27.75,136.5,22.75,46.0,69.25,126.75,8.75,0.0,12.5,NA,NA,NA,NA,NA,NA,NA,NA,NA,NA,NA,NA,NA,NA,NA
2026-03-18 11:00:00,32.0,121.0,13.75,42.75,57.0,108.75,10.0,0.0,23.75,NA,NA,NA,NA,NA,NA,NA,NA,NA,NA,NA,NA,NA,NA,NA
2026-03-18 12:00:00,30.5,116.5,8.5,32.5,41.75,87.25,9.25,0.0,50.0,NA,NA,NA,NA,NA,NA,NA,NA,NA,NA,NA,NA,NA,NA,NA
2026-03-18 13:00:00,23.25,101.0,12.0,23.5,36.25,77.5,7.25,0.0,34.75,NA,NA,NA,NA,NA,NA,NA,NA,NA,NA,NA,NA,NA,NA,NA
2026-03-18 14:00:00,24.5,89.75,16.5,20.75,37.75,78.25,6.25,0.0,26.25,NA,NA,NA,NA,NA,NA,NA,NA,NA,NA,NA,NA,NA,NA,NA
2026-03-18 15:00:00,18.25,73.75,25.5,21.75,47.75,91.0,4.5,0.0,18.5,NA,NA,NA,NA,NA,NA,NA,NA,NA,NA,NA,NA,NA,NA,NA
2026-03-18 16:00:00,16.0,67.75,27.0,25.5,53.0,100.0,3.0,0.0,22.25,NA,NA,NA,NA,NA,NA,NA,NA,NA,NA,NA,NA,NA,NA,NA
2026-03-18 17:00:00,9.5,74.5,33.25,28.25,62.0,114.25,2.0,0.0,15.5,NA,NA,NA,NA,NA,NA,NA,NA,NA,NA,NA,NA,NA,NA,NA
2026-03-18 18:00:00,15.5,71.75,77.25,32.25,110.0,184.25,1.75,0.25,5.25,NA,NA,NA,NA,NA,NA,NA,NA,NA,NA,NA,NA,NA,NA,NA
2026-03-18 19:00:00,22.25,66.75,52.25,29.25,82.0,141.75,1.5,0.0,8.75,NA,NA,NA,NA,NA,NA,NA,NA,NA,NA,NA,NA,NA,NA,NA
2026-03-18 20:00:00,14.0,63.5,70.5,32.0,102.75,176.0,0.75,0.25,1.75,NA,NA,NA,NA,NA,NA,NA,NA,NA,NA,NA,NA,NA,NA,NA
2026-03-18 21:00:00,12.0,63.75,57.75,31.75,89.75,159.25,0.0,0.0,3.0,NA,NA,NA,NA,NA,NA,NA,NA,NA,NA,NA,NA,NA,NA,NA
2026-03-18 22:00:00,14.5,59.0,108.5,31.5,140.75,232.25,0.5,0.5,NA,NA,NA,NA,NA,NA,NA,NA,NA,NA,NA,NA,NA,NA,NA,NA
2026-03-18 23:00:00,12.5,69.0,67.75,33.0,101.5,173.0,1.0,0.0,1.0,NA,NA,NA,NA,NA,NA,NA,NA,NA,NA,NA,NA,NA,NA,NA
2026-03-19 00:00:00,11.0,67.5,60.0,31.5,92.0,158.75,1.0,0.0,1.0,NA,NA,NA,NA,NA,NA,NA,NA,NA,NA,NA,NA,NA,NA,NA
2026-03-19 01:00:00,16.0,73.0,70.25,31.25,102.0,173.0,1.0,0.0,1.33,NA,NA,NA,NA,NA,NA,NA,NA,NA,NA,NA,NA,NA,NA,NA
2026-03-19 02:00:00,14.5,68.0,72.75,33.5,106.5,182.0,1.0,0.0,NA,NA,NA,NA,NA,NA,NA,NA,NA,NA,NA,NA,NA,NA,NA,NA
2026-03-19 03:00:00,17.25,67.0,80.75,31.75,113.25,192.0,1.0,0.25,NA,NA,NA,NA,NA,NA,NA,NA,NA,NA,NA,NA,NA,NA,NA,NA
2026-03-19 04:00:00,17.25,78.0,67.0,32.25,100.0,172.75,1.0,0.0,1.0,NA,NA,NA,NA,NA,NA,NA,NA,NA,NA,NA,NA,NA,NA,NA
2026-03-19 05:00:00,22.0,78.25,81.0,29.25,110.5,189.0,1.0,0.0,1.0,NA,NA,NA,NA,NA,NA,NA,NA,NA,NA,NA,NA,NA,NA,NA
2026-03-19 06:00:00,19.5,78.75,98.0,33.75,132.0,218.75,1.0,0.0,1.0,NA,NA,NA,NA,NA,NA,NA,NA,NA,NA,NA,NA,NA,NA,NA
2026-03-19 07:00:00,19.0,74.75,94.0,29.75,124.0,213.25,1.0,0.0,2.5,NA,NA,NA,NA,NA,NA,NA,NA,NA,NA,NA,NA,NA,NA,NA
2026-03-19 08:00:00,25.5,86.5,93.0,34.0,127.75,213.25,2.25,0.0,3.5,NA,NA,NA,NA,NA,NA,NA,NA,NA,NA,NA,NA,NA,NA,NA
2026-03-19 09:00:00,27.0,100.75,69.5,30.5,100.5,172.75,2.75,0.0,4.25,NA,NA,NA,NA,NA,NA,NA,NA,NA,NA,NA,NA,NA,NA,NA
2026-03-19 10:00:00,25.25,87.75,33.25,20.5,54.0,104.5,2.25,0.0,11.25,NA,NA,NA,NA,NA,NA,NA,NA,NA,NA,NA,NA,NA,NA,NA
2026-03-19 11:00:00,15.75,60.75,10.25,18.25,28.75,67.0,2.0,0.0,27.75,NA,NA,NA,NA,NA,NA,NA,NA,NA,NA,NA,NA,NA,NA,NA
2026-03-19 12:00:00,15.5,51.0,6.5,17.0,23.75,59.25,2.0,0.0,33.0,NA,NA,NA,NA,NA,NA,NA,NA,NA,NA,NA,NA,NA,NA,NA
2026-03-19 13:00:00,13.5,50.75,5.75,15.25,21.5,55.75,2.0,0.0,28.75,NA,NA,NA,NA,NA,NA,NA,NA,NA,NA,NA,NA,NA,NA,NA
2026-03-19 14:00:00,16.5,36.75,6.25,15.5,22.0,56.5,2.0,0.0,29.75,NA,NA,NA,NA,NA,NA,NA,NA,NA,NA,NA,NA,NA,NA,NA
2026-03-19 15:00:00,10.25,30.0,9.0,16.75,26.0,61.75,1.0,0.0,21.75,NA,NA,NA,NA,NA,NA,NA,NA,NA,NA,NA,NA,NA,NA,NA
2026-03-19 16:00:00,11.5,31.75,12.5,16.25,28.75,67.0,1.0,0.0,21.5,NA,NA,NA,NA,NA,NA,NA,NA,NA,NA,NA,NA,NA,NA,NA
2026-03-19 17:00:00,13.75,39.75,11.75,17.5,29.75,67.0,1.0,0.0,19.0,NA,NA,NA,NA,NA,NA,NA,NA,NA,NA,NA,NA,NA,NA,NA
2026-03-19 18:00:00,13.25,37.75,10.0,20.75,31.0,69.5,1.0,0.0,23.75,NA,NA,NA,NA,NA,NA,NA,NA,NA,NA,NA,NA,NA,NA,NA
2026-03-19 19:00:00,18.0,31.0,15.75,25.25,41.25,82.5,1.25,0.0,17.0,NA,NA,NA,NA,NA,NA,NA,NA,NA,NA,NA,NA,NA,NA,NA
2026-03-19 20:00:00,24.0,42.75,22.0,25.75,48.25,92.75,0.75,0.0,12.75,NA,NA,NA,NA,NA,NA,NA,NA,NA,NA,NA,NA,NA,NA,NA
2026-03-19 21:00:00,21.75,44.0,38.0,26.75,65.25,121.25,1.0,0.0,8.0,NA,NA,NA,NA,NA,NA,NA,NA,NA,NA,NA,NA,NA,NA,NA
2026-03-19 22:00:00,20.25,46.5,32.25,31.5,64.25,120.25,0.0,0.0,9.25,NA,NA,NA,NA,NA,NA,NA,NA,NA,NA,NA,NA,NA,NA,NA
2026-03-19 23:00:00,16.75,41.0,36.0,32.0,68.0,125.25,0.25,0.0,6.75,NA,NA,NA,NA,NA,NA,NA,NA,NA,NA,NA,NA,NA,NA,NA
2026-03-20 00:00:00,16.75,56.75,38.5,27.5,66.75,122.0,0.75,0.0,6.0,NA,NA,NA,NA,NA,NA,NA,NA,NA,NA,NA,NA,NA,NA,NA
2026-03-20 01:00:00,14.5,54.0,12.25,21.75,34.5,72.75,1.0,0.0,21.25,NA,NA,NA,NA,NA,NA,NA,NA,NA,NA,NA,NA,NA,NA,NA
2026-03-20 02:00:00,17.25,198.75,18.25,25.25,43.5,87.0,1.0,0.0,11.5,NA,NA,NA,NA,NA,NA,NA,NA,NA,NA,NA,NA,NA,NA,NA
2026-03-20 03:00:00,22.25,155.25,21.0,26.25,47.75,94.0,1.0,0.0,4.25,NA,NA,NA,NA,NA,NA,NA,NA,NA,NA,NA,NA,NA,NA,NA
2026-03-20 04:00:00,28.0,129.25,30.5,27.75,58.5,110.0,1.0,0.0,2.0,NA,NA,NA,NA,NA,NA,NA,NA,NA,NA,NA,NA,NA,NA,NA
2026-03-20 05:00:00,28.25,125.25,38.75,25.75,64.75,122.25,1.0,0.0,1.0,NA,NA,NA,NA,NA,NA,NA,NA,NA,NA,NA,NA,NA,NA,NA
2026-03-20 06:00:00,25.5,104.0,75.0,22.5,98.0,171.25,1.0,0.0,1.0,NA,NA,NA,NA,NA,NA,NA,NA,NA,NA,NA,NA,NA,NA,NA
2026-03-20 07:00:00,28.25,95.75,94.5,23.25,118.25,200.25,2.0,0.0,2.25,NA,NA,NA,NA,NA,NA,NA,NA,NA,NA,NA,NA,NA,NA,NA
2026-03-20 08:00:00,34.0,96.0,83.0,29.0,112.5,192.25,2.25,0.25,3.0,NA,NA,NA,NA,NA,NA,NA,NA,NA,NA,NA,NA,NA,NA,NA
2026-03-20 09:00:00,36.0,91.75,46.0,32.75,79.0,141.25,3.0,0.0,4.0,NA,NA,NA,NA,NA,NA,NA,NA,NA,NA,NA,NA,NA,NA,NA
2026-03-20 10:00:00,29.5,88.5,20.25,29.0,49.5,98.0,4.75,0.0,11.0,NA,NA,NA,NA,NA,NA,NA,NA,NA,NA,NA,NA,NA,NA,NA
2026-03-20 11:00:00,24.75,79.5,18.75,25.75,44.75,89.25,7.0,0.0,20.25,NA,NA,NA,NA,NA,NA,NA,NA,NA,NA,NA,NA,NA,NA,NA
2026-03-20 12:00:00,27.5,71.25,9.5,20.75,30.5,66.5,5.75,0.0,34.5,NA,NA,NA,NA,NA,NA,NA,NA,NA,NA,NA,NA,NA,NA,NA
2026-03-20 13:00:00,23.0,59.0,9.25,23.0,32.75,70.5,4.0,0.0,42.0,NA,NA,NA,NA,NA,NA,NA,NA,NA,NA,NA,NA,NA,NA,NA
2026-03-20 14:00:00,19.5,55.25,24.0,23.75,48.25,93.75,3.0,0.0,26.0,NA,NA,NA,NA,NA,NA,NA,NA,NA,NA,NA,NA,NA,NA,NA
2026-03-20 15:00:00,19.0,66.0,10.75,22.5,33.75,73.0,2.0,0.0,42.5,NA,NA,NA,NA,NA,NA,NA,NA,NA,NA,NA,NA,NA,NA,NA
2026-03-20 16:00:00,20.75,67.25,25.5,33.75,60.0,110.75,1.5,0.0,33.25,NA,NA,NA,NA,NA,NA,NA,NA,NA,NA,NA,NA,NA,NA,NA
2026-03-20 17:00:00,20.25,78.75,29.5,37.25,67.5,121.5,1.0,0.0,24.0,NA,NA,NA,NA,NA,NA,NA,NA,NA,NA,NA,NA,NA,NA,NA
2026-03-20 18:00:00,20.75,86.0,35.0,37.5,72.75,130.25,1.0,0.0,25.25,NA,NA,NA,NA,NA,NA,NA,NA,NA,NA,NA,NA,NA,NA,NA
2026-03-20 19:00:00,23.5,77.75,33.25,37.75,71.5,126.5,1.0,0.0,16.0,NA,NA,NA,NA,NA,NA,NA,NA,NA,NA,NA,NA,NA,NA,NA
2026-03-20 20:00:00,24.75,67.5,28.5,36.75,66.0,121.5,1.0,0.0,14.0,NA,NA,NA,NA,NA,NA,NA,NA,NA,NA,NA,NA,NA,NA,NA
2026-03-20 21:00:00,21.75,65.25,36.25,40.0,76.25,138.25,0.0,0.0,10.5,NA,NA,NA,NA,NA,NA,NA,NA,NA,NA,NA,NA,NA,NA,NA
2026-03-20 22:00:00,12.5,58.25,44.0,41.5,86.0,150.0,0.0,0.0,4.75,NA,NA,NA,NA,NA,NA,NA,NA,NA,NA,NA,NA,NA,NA,NA
2026-03-20 23:00:00,15.25,56.25,47.5,39.25,86.75,152.0,0.25,0.0,1.67,NA,NA,NA,NA,NA,NA,NA,NA,NA,NA,NA,NA,NA,NA,NA
2026-03-21 00:00:00,16.75,67.0,89.75,28.5,118.5,200.75,1.0,0.0,2.0,NA,NA,NA,NA,NA,NA,NA,NA,NA,NA,NA,NA,NA,NA,NA
2026-03-21 01:00:00,25.25,73.25,122.5,28.5,151.5,247.75,1.0,0.5,1.25,NA,NA,NA,NA,NA,NA,NA,NA,NA,NA,NA,NA,NA,NA,NA
2026-03-21 02:00:00,25.25,96.0,90.5,29.25,120.25,202.5,1.25,0.75,1.0,NA,NA,NA,NA,NA,NA,NA,NA,NA,NA,NA,NA,NA,NA,NA
2026-03-21 03:00:00,24.25,101.0,64.25,31.0,95.5,164.25,1.25,0.0,1.0,NA,NA,NA,NA,NA,NA,NA,NA,NA,NA,NA,NA,NA,NA,NA
2026-03-21 04:00:00,23.25,82.5,68.5,32.0,101.0,170.75,1.5,0.0,1.0,NA,NA,NA,NA,NA,NA,NA,NA,NA,NA,NA,NA,NA,NA,NA
2026-03-21 05:00:00,31.33,79.67,94.0,30.0,124.67,207.67,2.0,0.0,NA,NA,NA,NA,NA,NA,NA,NA,NA,NA,NA,NA,NA,NA,NA,NA
2026-03-21 06:00:00,30.75,84.0,190.5,23.25,214.0,340.75,2.0,1.0,2.0,NA,NA,NA,NA,NA,NA,NA,NA,NA,NA,NA,NA,NA,NA,NA
2026-03-21 07:00:00,33.5,90.0,172.75,30.0,203.25,329.0,3.0,1.0,3.0,NA,NA,NA,NA,NA,NA,NA,NA,NA,NA,NA,NA,NA,NA,NA
2026-03-21 08:00:00,33.25,100.25,112.0,42.5,154.5,249.25,5.0,0.5,3.75,NA,NA,NA,NA,NA,NA,NA,NA,NA,NA,NA,NA,NA,NA,NA
2026-03-21 09:00:00,33.0,106.25,67.25,41.0,108.5,180.0,7.25,0.0,6.75,NA,NA,NA,NA,NA,NA,NA,NA,NA,NA,NA,NA,NA,NA,NA
2026-03-21 10:00:00,34.75,92.75,50.5,40.25,91.0,150.0,6.75,0.0,15.25,NA,NA,NA,NA,NA,NA,NA,NA,NA,NA,NA,NA,NA,NA,NA
2026-03-21 11:00:00,32.5,77.5,30.0,39.75,70.25,121.75,5.5,0.0,37.25,NA,NA,NA,NA,NA,NA,NA,NA,NA,NA,NA,NA,NA,NA,NA
2026-03-21 12:00:00,26.75,75.0,26.25,44.75,72.0,126.25,3.5,0.0,38.0,NA,NA,NA,NA,NA,NA,NA,NA,NA,NA,NA,NA,NA,NA,NA
2026-03-21 13:00:00,28.5,71.5,7.25,31.0,38.5,80.0,2.5,0.0,61.75,NA,NA,NA,NA,NA,NA,NA,NA,NA,NA,NA,NA,NA,NA,NA
2026-03-21 14:00:00,25.75,72.5,10.0,39.0,49.75,95.75,2.0,0.0,63.0,NA,NA,NA,NA,NA,NA,NA,NA,NA,NA,NA,NA,NA,NA,NA
2026-03-21 15:00:00,30.75,91.5,9.0,35.25,45.25,88.0,2.0,0.0,61.0,NA,NA,NA,NA,NA,NA,NA,NA,NA,NA,NA,NA,NA,NA,NA
2026-03-21 16:00:00,33.5,84.0,18.25,37.0,55.5,101.0,2.25,0.0,38.5,NA,NA,NA,NA,NA,NA,NA,NA,NA,NA,NA,NA,NA,NA,NA
2026-03-21 17:00:00,25.0,95.5,25.25,39.75,65.75,115.75,2.0,0.0,29.25,NA,NA,NA,NA,NA,NA,NA,NA,NA,NA,NA,NA,NA,NA,NA
2026-03-21 18:00:00,20.5,71.0,18.5,43.5,62.5,111.0,2.0,0.0,37.25,NA,NA,NA,NA,NA,NA,NA,NA,NA,NA,NA,NA,NA,NA,NA
2026-03-21 19:00:00,22.5,60.75,9.75,48.5,58.75,107.0,2.0,0.0,50.0,NA,NA,NA,NA,NA,NA,NA,NA,NA,NA,NA,NA,NA,NA,NA
2026-03-21 20:00:00,25.5,64.25,23.75,53.75,78.0,135.5,2.0,0.0,33.5,NA,NA,NA,NA,NA,NA,NA,NA,NA,NA,NA,NA,NA,NA,NA
2026-03-21 21:00:00,26.0,72.5,50.5,60.5,111.75,184.5,2.25,0.25,10.75,NA,NA,NA,NA,NA,NA,NA,NA,NA,NA,NA,NA,NA,NA,NA
2026-03-21 22:00:00,27.5,68.0,54.25,50.25,104.75,175.0,3.0,0.25,2.0,NA,NA,NA,NA,NA,NA,NA,NA,NA,NA,NA,NA,NA,NA,NA
2026-03-21 23:00:00,34.0,73.0,77.75,43.0,121.25,203.0,3.75,0.75,1.75,NA,NA,NA,NA,NA,NA,NA,NA,NA,NA,NA,NA,NA,NA,NA
2026-03-22 00:00:00,35.75,87.5,110.5,40.25,151.25,245.5,4.0,1.0,1.5,NA,NA,NA,NA,NA,NA,NA,NA,NA,NA,NA,NA,NA,NA,NA
2026-03-22 01:00:00,36.0,104.25,101.5,39.0,141.0,229.75,4.0,1.0,1.25,NA,NA,NA,NA,NA,NA,NA,NA,NA,NA,NA,NA,NA,NA,NA
2026-03-22 02:00:00,38.5,95.25,121.0,42.0,163.75,265.0,4.0,1.0,1.25,NA,NA,NA,NA,NA,NA,NA,NA,NA,NA,NA,NA,NA,NA,NA
2026-03-22 03:00:00,40.0,94.0,111.0,35.5,147.0,241.5,4.0,1.0,1.75,NA,NA,NA,NA,NA,NA,NA,NA,NA,NA,NA,NA,NA,NA,NA
2026-03-22 04:00:00,43.25,104.0,122.5,36.75,159.5,260.75,4.75,1.0,2.25,NA,NA,NA,NA,NA,NA,NA,NA,NA,NA,NA,NA,NA,NA,NA
2026-03-22 05:00:00,44.0,106.0,200.75,35.0,236.25,375.5,5.75,1.0,2.75,NA,NA,NA,NA,NA,NA,NA,NA,NA,NA,NA,NA,NA,NA,NA
2026-03-22 06:00:00,45.75,112.0,213.5,34.0,248.5,395.0,7.5,1.0,2.25,NA,NA,NA,NA,NA,NA,NA,NA,NA,NA,NA,NA,NA,NA,NA
2026-03-22 07:00:00,51.0,115.5,194.5,31.0,225.75,368.0,8.0,1.0,3.25,NA,NA,NA,NA,NA,NA,NA,NA,NA,NA,NA,NA,NA,NA,NA
2026-03-22 08:00:00,54.5,130.25,163.75,50.25,214.25,345.25,9.0,1.0,4.0,NA,NA,NA,NA,NA,NA,NA,NA,NA,NA,NA,NA,NA,NA,NA
2026-03-22 09:00:00,60.75,139.0,79.5,60.75,141.0,229.75,15.75,0.5,7.0,NA,NA,NA,NA,NA,NA,NA,NA,NA,NA,NA,NA,NA,NA,NA
2026-03-22 10:00:00,48.5,123.25,33.5,43.75,77.5,132.25,14.0,0.0,25.75,NA,NA,NA,NA,NA,NA,NA,NA,NA,NA,NA,NA,NA,NA,NA
2026-03-22 11:00:00,43.5,108.25,14.75,38.5,53.75,99.0,9.0,0.0,57.5,NA,NA,NA,NA,NA,NA,NA,NA,NA,NA,NA,NA,NA,NA,NA
2026-03-22 12:00:00,42.25,101.0,19.0,45.75,65.25,117.25,6.25,0.0,58.75,NA,NA,NA,NA,NA,NA,NA,NA,NA,NA,NA,NA,NA,NA,NA
2026-03-22 13:00:00,40.25,93.5,6.5,39.75,47.25,91.25,4.75,0.0,84.0,NA,NA,NA,NA,NA,NA,NA,NA,NA,NA,NA,NA,NA,NA,NA
2026-03-22 14:00:00,45.75,93.0,4.75,39.25,44.5,90.75,2.0,0.0,93.25,NA,NA,NA,NA,NA,NA,NA,NA,NA,NA,NA,NA,NA,NA,NA
2026-03-22 15:00:00,44.5,94.75,5.0,37.0,42.5,88.25,0.75,0.0,86.5,NA,NA,NA,NA,NA,NA,NA,NA,NA,NA,NA,NA,NA,NA,NA
2026-03-22 16:00:00,48.25,93.5,7.75,41.5,49.75,99.5,0.0,0.0,67.75,NA,NA,NA,NA,NA,NA,NA,NA,NA,NA,NA,NA,NA,NA,NA
2026-03-22 17:00:00,44.75,85.5,9.5,46.25,56.5,106.5,0.0,0.0,73.75,NA,NA,NA,NA,NA,NA,NA,NA,NA,NA,NA,NA,NA,NA,NA
2026-03-22 18:00:00,46.5,87.5,7.0,46.0,53.5,104.25,0.0,0.0,75.25,NA,NA,NA,NA,NA,NA,NA,NA,NA,NA,NA,NA,NA,NA,NA
2026-03-22 19:00:00,41.0,80.5,5.25,46.75,52.75,100.0,0.0,0.0,60.5,NA,NA,NA,NA,NA,NA,NA,NA,NA,NA,NA,NA,NA,NA,NA
2026-03-22 20:00:00,40.75,79.0,44.0,71.75,116.25,193.0,0.75,0.5,17.75,NA,NA,NA,NA,NA,NA,NA,NA,NA,NA,NA,NA,NA,NA,NA
2026-03-22 21:00:00,41.0,84.75,84.25,73.5,158.25,256.0,1.5,0.75,6.25,NA,NA,NA,NA,NA,NA,NA,NA,NA,NA,NA,NA,NA,NA,NA
2026-03-22 22:00:00,37.0,99.5,104.0,58.75,163.5,273.25,2.25,0.75,1.67,NA,NA,NA,NA,NA,NA,NA,NA,NA,NA,NA,NA,NA,NA,NA
2026-03-22 23:00:00,37.75,99.5,181.0,49.25,230.75,374.0,5.5,1.0,1.5,NA,NA,NA,NA,NA,NA,NA,NA,NA,NA,NA,NA,NA,NA,NA
2026-03-23 00:00:00,45.5,111.5,241.0,40.25,282.0,430.0,7.25,1.25,1.75,NA,NA,NA,NA,NA,NA,NA,NA,NA,NA,NA,NA,NA,NA,NA
2026-03-23 01:00:00,43.75,125.0,400.75,27.0,428.0,NA,7.5,2.25,3.25,NA,NA,NA,NA,NA,NA,NA,NA,NA,NA,NA,NA,NA,NA,NA
2026-03-23 02:00:00,49.75,147.25,444.0,26.75,459.67,NA,7.25,3.0,4.0,NA,NA,NA,NA,NA,NA,NA,NA,NA,NA,NA,NA,NA,NA,NA
2026-03-23 03:00:00,56.0,159.5,295.0,32.0,327.5,454.5,5.0,2.25,3.75,NA,NA,NA,NA,NA,NA,NA,NA,NA,NA,NA,NA,NA,NA,NA
2026-03-23 04:00:00,57.75,164.5,209.5,36.5,246.5,400.75,4.5,1.5,2.5,NA,NA,NA,NA,NA,NA,NA,NA,NA,NA,NA,NA,NA,NA,NA
2026-03-23 05:00:00,53.0,179.25,216.5,36.25,253.25,408.0,3.75,1.0,2.25,NA,NA,NA,NA,NA,NA,NA,NA,NA,NA,NA,NA,NA,NA,NA
2026-03-23 06:00:00,52.0,167.75,298.75,31.25,330.25,465.67,4.25,1.25,2.25,NA,NA,NA,NA,NA,NA,NA,NA,NA,NA,NA,NA,NA,NA,NA
2026-03-23 07:00:00,58.5,150.75,445.75,25.25,457.0,NA,6.5,2.0,3.75,NA,NA,NA,NA,NA,NA,NA,NA,NA,NA,NA,NA,NA,NA,NA
2026-03-23 08:00:00,58.25,168.25,336.0,50.5,387.25,NA,12.5,2.0,4.5,NA,NA,NA,NA,NA,NA,NA,NA,NA,NA,NA,NA,NA,NA,NA
2026-03-23 09:00:00,63.0,177.0,201.0,72.5,274.0,391.33,19.25,1.25,4.5,NA,NA,NA,NA,NA,NA,NA,NA,NA,NA,NA,NA,NA,NA,NA
2026-03-23 10:00:00,56.75,154.5,137.75,71.75,209.75,331.75,15.0,1.0,7.5,NA,NA,NA,NA,NA,NA,NA,NA,NA,NA,NA,NA,NA,NA,NA
2026-03-23 11:00:00,45.75,128.0,107.75,73.5,181.5,291.25,10.0,0.75,20.0,NA,NA,NA,NA,NA,NA,NA,NA,NA,NA,NA,NA,NA,NA,NA
2026-03-23 12:00:00,44.75,124.0,48.0,75.5,124.5,212.5,5.5,0.75,46.0,NA,NA,NA,NA,NA,NA,NA,NA,NA,NA,NA,NA,NA,NA,NA
2026-03-23 13:00:00,46.75,118.25,22.25,62.75,85.0,154.0,4.75,0.0,68.75,NA,NA,NA,NA,NA,NA,NA,NA,NA,NA,NA,NA,NA,NA,NA
2026-03-23 14:00:00,53.0,113.75,31.0,74.0,105.75,185.0,3.75,0.0,56.25,NA,NA,NA,NA,NA,NA,NA,NA,NA,NA,NA,NA,NA,NA,NA
2026-03-23 15:00:00,56.5,108.0,19.25,64.75,84.25,155.75,3.0,0.0,69.0,NA,NA,NA,NA,NA,NA,NA,NA,NA,NA,NA,NA,NA,NA,NA
2026-03-23 16:00:00,56.25,110.5,20.75,69.0,90.75,163.25,3.0,0.0,62.5,NA,NA,NA,NA,NA,NA,NA,NA,NA,NA,NA,NA,NA,NA,NA
2026-03-23 17:00:00,54.33,122.0,19.67,67.67,87.67,157.33,3.0,0.0,60.0,NA,NA,NA,NA,NA,NA,NA,NA,NA,NA,NA,NA,NA,NA,NA
2026-03-23 18:00:00,52.25,132.5,38.5,77.5,116.75,203.0,3.0,0.0,33.25,NA,NA,NA,NA,NA,NA,NA,NA,NA,NA,NA,NA,NA,NA,NA
2026-03-23 19:00:00,43.75,120.5,28.25,65.75,94.75,171.25,1.25,0.0,29.25,NA,NA,NA,NA,NA,NA,NA,NA,NA,NA,NA,NA,NA,NA,NA
2026-03-23 20:00:00,45.5,103.75,19.0,64.75,84.5,167.0,1.0,0.0,23.5,NA,NA,NA,NA,NA,NA,NA,NA,NA,NA,NA,NA,NA,NA,NA
2026-03-23 21:00:00,44.5,107.0,33.5,65.25,99.75,189.25,0.25,0.0,9.25,NA,NA,NA,NA,NA,NA,NA,NA,NA,NA,NA,NA,NA,NA,NA
2026-03-23 22:00:00,45.75,99.5,133.5,49.75,183.75,314.75,1.5,0.5,2.0,NA,NA,NA,NA,NA,NA,NA,NA,NA,NA,NA,NA,NA,NA,NA
2026-03-23 23:00:00,52.5,109.75,203.0,43.25,246.5,411.75,3.25,1.0,3.25,NA,NA,NA,NA,NA,NA,NA,NA,NA,NA,NA,NA,NA,NA,NA
2026-03-24 00:00:00,54.75,133.75,308.0,42.75,351.0,461.0,4.25,1.75,3.25,NA,NA,NA,NA,NA,NA,NA,NA,NA,NA,NA,NA,NA,NA,NA
2026-03-24 01:00:00,68.5,166.5,108.5,49.25,158.25,274.5,3.25,1.0,4.25,NA,NA,NA,NA,NA,NA,NA,NA,NA,NA,NA,NA,NA,NA,NA
2026-03-24 02:00:00,56.25,150.0,20.25,40.75,61.25,128.75,1.0,0.0,12.0,NA,NA,NA,NA,NA,NA,NA,NA,NA,NA,NA,NA,NA,NA,NA
2026-03-24 03:00:00,41.25,114.75,21.5,41.25,63.25,129.25,1.0,0.0,9.75,NA,NA,NA,NA,NA,NA,NA,NA,NA,NA,NA,NA,NA,NA,NA
2026-03-24 04:00:00,39.75,91.5,16.0,39.0,55.5,117.75,1.0,0.0,12.0,NA,NA,NA,NA,NA,NA,NA,NA,NA,NA,NA,NA,NA,NA,NA
2026-03-24 05:00:00,29.0,76.25,31.25,43.25,75.25,145.25,1.0,0.0,6.0,NA,NA,NA,NA,NA,NA,NA,NA,NA,NA,NA,NA,NA,NA,NA
2026-03-24 06:00:00,34.5,79.0,101.5,44.75,146.75,252.25,1.25,0.0,1.5,NA,NA,NA,NA,NA,NA,NA,NA,NA,NA,NA,NA,NA,NA,NA
2026-03-24 07:00:00,31.0,83.25,136.75,37.25,174.25,295.0,2.25,0.0,2.25,NA,NA,NA,NA,NA,NA,NA,NA,NA,NA,NA,NA,NA,NA,NA
2026-03-24 08:00:00,37.25,99.25,190.75,47.0,238.75,388.25,3.25,1.0,2.25,NA,NA,NA,NA,NA,NA,NA,NA,NA,NA,NA,NA,NA,NA,NA
2026-03-24 09:00:00,45.75,124.5,132.0,54.0,186.5,306.25,4.75,1.0,3.5,NA,NA,NA,NA,NA,NA,NA,NA,NA,NA,NA,NA,NA,NA,NA
2026-03-24 10:00:00,45.5,124.0,112.0,59.0,171.0,282.75,7.5,0.5,7.25,NA,NA,NA,NA,NA,NA,NA,NA,NA,NA,NA,NA,NA,NA,NA
2026-03-24 11:00:00,44.25,116.25,93.5,57.25,151.25,251.75,9.0,0.25,14.5,NA,NA,NA,NA,NA,NA,NA,NA,NA,NA,NA,NA,NA,NA,NA
2026-03-24 12:00:00,45.75,107.5,10.75,41.25,52.5,111.75,3.5,0.0,56.5,NA,NA,NA,NA,NA,NA,NA,NA,NA,NA,NA,NA,NA,NA,NA
2026-03-24 13:00:00,46.0,104.25,15.25,48.25,64.0,129.25,2.75,0.0,61.5,NA,NA,NA,NA,NA,NA,NA,NA,NA,NA,NA,NA,NA,NA,NA
2026-03-24 14:00:00,46.0,99.75,14.5,54.0,68.75,137.25,1.5,0.0,67.25,NA,NA,NA,NA,NA,NA,NA,NA,NA,NA,NA,NA,NA,NA,NA
2026-03-24 15:00:00,54.75,96.5,20.75,74.5,95.5,178.5,1.25,0.0,71.0,NA,NA,NA,NA,NA,NA,NA,NA,NA,NA,NA,NA,NA,NA,NA
2026-03-24 16:00:00,59.25,105.25,15.25,58.0,74.0,146.0,1.0,0.0,72.0,NA,NA,NA,NA,NA,NA,NA,NA,NA,NA,NA,NA,NA,NA,NA
2026-03-24 17:00:00,56.75,104.5,24.0,60.75,85.0,159.25,1.0,0.0,44.75,NA,NA,NA,NA,NA,NA,NA,NA,NA,NA,NA,NA,NA,NA,NA
2026-03-24 18:00:00,47.0,89.75,50.0,65.5,116.0,205.25,1.0,0.0,29.75,NA,NA,NA,NA,NA,NA,NA,NA,NA,NA,NA,NA,NA,NA,NA
2026-03-24 19:00:00,47.5,79.5,24.25,69.5,94.25,175.75,0.5,0.0,36.0,NA,NA,NA,NA,NA,NA,NA,NA,NA,NA,NA,NA,NA,NA,NA
2026-03-24 20:00:00,43.75,76.25,27.0,73.25,100.75,188.75,0.5,0.0,29.75,NA,NA,NA,NA,NA,NA,NA,NA,NA,NA,NA,NA,NA,NA,NA
2026-03-24 21:00:00,44.75,80.25,22.5,74.25,97.75,186.75,0.0,0.0,31.25,NA,NA,NA,NA,NA,NA,NA,NA,NA,NA,NA,NA,NA,NA,NA
2026-03-24 22:00:00,40.0,81.75,20.0,67.0,87.75,168.0,0.0,0.0,29.75,NA,NA,NA,NA,NA,NA,NA,NA,NA,NA,NA,NA,NA,NA,NA
2026-03-24 23:00:00,43.25,83.75,6.75,51.0,58.5,128.0,0.0,0.0,42.5,NA,NA,NA,NA,NA,NA,NA,NA,NA,NA,NA,NA,NA,NA,NA
2026-03-25 00:00:00,45.75,86.5,11.5,60.25,72.5,149.25,0.0,0.0,26.0,NA,NA,NA,NA,NA,NA,NA,NA,NA,NA,NA,NA,NA,NA,NA
2026-03-25 01:00:00,42.75,82.75,18.5,58.25,77.5,152.75,0.0,0.0,9.25,NA,NA,NA,NA,NA,NA,NA,NA,NA,NA,NA,NA,NA,NA,NA
2026-03-25 02:00:00,35.25,83.0,9.75,45.75,56.25,123.0,0.0,0.0,22.5,NA,NA,NA,NA,NA,NA,NA,NA,NA,NA,NA,NA,NA,NA,NA
2026-03-25 03:00:00,31.5,75.5,4.5,37.5,42.25,101.0,0.0,0.0,30.5,NA,NA,NA,NA,NA,NA,NA,NA,NA,NA,NA,NA,NA,NA,NA
2026-03-25 04:00:00,28.5,69.0,6.0,32.75,39.25,97.5,0.0,0.0,22.75,NA,NA,NA,NA,NA,NA,NA,NA,NA,NA,NA,NA,NA,NA,NA
2026-03-25 05:00:00,27.0,52.75,13.25,34.75,48.0,111.25,0.0,0.0,17.5,NA,NA,NA,NA,NA,NA,NA,NA,NA,NA,NA,NA,NA,NA,NA
2026-03-25 06:00:00,26.25,50.0,36.75,35.75,73.25,147.5,0.0,0.0,3.75,NA,NA,NA,NA,NA,NA,NA,NA,NA,NA,NA,NA,NA,NA,NA
2026-03-25 07:00:00,31.0,51.75,154.75,40.25,195.5,323.25,0.75,0.75,1.5,NA,NA,NA,NA,NA,NA,NA,NA,NA,NA,NA,NA,NA,NA,NA
2026-03-25 08:00:00,29.5,78.0,127.0,39.75,167.0,281.25,1.0,1.0,2.0,NA,NA,NA,NA,NA,NA,NA,NA,NA,NA,NA,NA,NA,NA,NA
2026-03-25 09:00:00,21.5,80.5,104.0,41.25,145.75,248.25,1.25,1.0,2.5,NA,NA,NA,NA,NA,NA,NA,NA,NA,NA,NA,NA,NA,NA,NA
2026-03-25 10:00:00,28.25,78.5,73.25,46.75,120.5,212.5,1.5,1.0,8.0,NA,NA,NA,NA,NA,NA,NA,NA,NA,NA,NA,NA,NA,NA,NA
2026-03-25 11:00:00,29.0,70.5,41.5,42.0,84.0,160.25,1.0,0.0,18.25,NA,NA,NA,NA,NA,NA,NA,NA,NA,NA,NA,NA,NA,NA,NA
2026-03-25 12:00:00,26.5,69.0,23.5,44.25,68.25,137.0,1.0,0.0,31.5,NA,NA,NA,NA,NA,NA,NA,NA,NA,NA,NA,NA,NA,NA,NA
2026-03-25 13:00:00,29.25,76.75,31.25,49.25,81.25,154.0,1.0,0.0,33.25,NA,NA,NA,NA,NA,NA,NA,NA,NA,NA,NA,NA,NA,NA,NA
2026-03-25 14:00:00,29.25,73.0,19.75,44.0,64.5,129.25,1.5,0.0,41.5,NA,NA,NA,NA,NA,NA,NA,NA,NA,NA,NA,NA,NA,NA,NA
2026-03-25 15:00:00,26.5,72.75,25.0,47.25,72.75,143.5,1.0,0.0,42.5,NA,NA,NA,NA,NA,NA,NA,NA,NA,NA,NA,NA,NA,NA,NA
2026-03-25 16:00:00,32.75,72.0,22.25,52.75,75.25,146.25,1.0,0.25,46.0,NA,NA,NA,NA,NA,NA,NA,NA,NA,NA,NA,NA,NA,NA,NA
2026-03-25 17:00:00,39.0,78.75,22.25,46.25,69.0,136.25,1.25,0.0,37.5,NA,NA,NA,NA,NA,NA,NA,NA,NA,NA,NA,NA,NA,NA,NA
2026-03-25 18:00:00,35.75,70.75,44.5,56.25,101.0,185.25,1.0,0.5,18.5,NA,NA,NA,NA,NA,NA,NA,NA,NA,NA,NA,NA,NA,NA,NA
2026-03-25 19:00:00,41.5,73.25,52.5,61.5,114.25,205.75,1.0,0.5,19.5,NA,NA,NA,NA,NA,NA,NA,NA,NA,NA,NA,NA,NA,NA,NA
2026-03-25 20:00:00,35.5,80.0,18.25,54.5,73.5,144.75,1.0,0.0,33.5,NA,NA,NA,NA,NA,NA,NA,NA,NA,NA,NA,NA,NA,NA,NA
2026-03-25 21:00:00,36.5,79.25,15.75,56.0,72.0,143.25,1.0,0.0,31.25,NA,NA,NA,NA,NA,NA,NA,NA,NA,NA,NA,NA,NA,NA,NA
2026-03-25 22:00:00,39.5,80.5,20.25,55.5,75.75,148.25,1.0,0.0,20.75,NA,NA,NA,NA,NA,NA,NA,NA,NA,NA,NA,NA,NA,NA,NA
2026-03-25 23:00:00,37.5,76.75,29.5,46.75,77.0,149.5,0.0,0.0,15.25,NA,NA,NA,NA,NA,NA,NA,NA,NA,NA,NA,NA,NA,NA,NA
2026-03-26 00:00:00,40.25,74.25,16.5,40.0,57.25,125.5,0.0,0.0,20.75,NA,NA,NA,NA,NA,NA,NA,NA,NA,NA,NA,NA,NA,NA,NA
2026-03-26 01:00:00,38.5,71.5,9.75,35.25,45.5,105.5,0.0,0.0,21.0,NA,NA,NA,NA,NA,NA,NA,NA,NA,NA,NA,NA,NA,NA,NA
2026-03-26 02:00:00,32.0,68.5,5.75,33.25,39.0,98.25,0.0,0.0,24.5,NA,NA,NA,NA,NA,NA,NA,NA,NA,NA,NA,NA,NA,NA,NA
2026-03-26 03:00:00,21.0,58.75,5.75,34.75,41.25,97.75,0.0,0.0,23.75,NA,NA,NA,NA,NA,NA,NA,NA,NA,NA,NA,NA,NA,NA,NA
2026-03-26 04:00:00,22.25,55.25,5.75,32.25,38.5,93.5,0.0,0.0,24.0,NA,NA,NA,NA,NA,NA,NA,NA,NA,NA,NA,NA,NA,NA,NA
2026-03-26 05:00:00,28.0,50.0,12.75,38.75,52.0,113.5,0.0,0.0,12.75,NA,NA,NA,NA,NA,NA,NA,NA,NA,NA,NA,NA,NA,NA,NA
2026-03-26 06:00:00,21.75,56.75,64.75,38.0,102.75,190.25,0.0,0.25,1.5,NA,NA,NA,NA,NA,NA,NA,NA,NA,NA,NA,NA,NA,NA,NA
2026-03-26 07:00:00,25.0,74.0,120.75,32.25,153.75,267.25,0.5,1.0,2.0,NA,NA,NA,NA,NA,NA,NA,NA,NA,NA,NA,NA,NA,NA,NA
2026-03-26 08:00:00,32.75,92.25,166.75,40.75,207.0,339.75,1.75,1.0,3.0,NA,NA,NA,NA,NA,NA,NA,NA,NA,NA,NA,NA,NA,NA,NA
2026-03-26 09:00:00,35.75,110.25,142.5,43.0,186.25,307.25,2.25,1.0,3.5,NA,NA,NA,NA,NA,NA,NA,NA,NA,NA,NA,NA,NA,NA,NA
2026-03-26 10:00:00,32.75,104.75,73.75,44.25,118.75,204.25,2.75,1.0,10.75,NA,NA,NA,NA,NA,NA,NA,NA,NA,NA,NA,NA,NA,NA,NA
2026-03-26 11:00:00,30.25,87.75,41.0,38.25,80.0,148.5,2.0,0.75,24.75,NA,NA,NA,NA,NA,NA,NA,NA,NA,NA,NA,NA,NA,NA,NA
2026-03-26 12:00:00,30.75,80.0,36.75,43.0,80.25,150.75,1.25,0.75,29.0,NA,NA,NA,NA,NA,NA,NA,NA,NA,NA,NA,NA,NA,NA,NA
2026-03-26 13:00:00,32.5,79.75,33.5,46.75,81.0,151.25,1.0,0.75,32.0,NA,NA,NA,NA,NA,NA,NA,NA,NA,NA,NA,NA,NA,NA,NA
2026-03-26 14:00:00,31.25,77.5,16.5,53.25,70.25,138.5,1.0,1.0,56.5,NA,NA,NA,NA,NA,NA,NA,NA,NA,NA,NA,NA,NA,NA,NA
2026-03-26 15:00:00,43.25,87.25,9.25,47.75,57.5,118.5,1.0,0.25,68.75,NA,NA,NA,NA,NA,NA,NA,NA,NA,NA,NA,NA,NA,NA,NA
2026-03-26 16:00:00,51.75,100.75,13.5,60.75,74.75,144.25,1.0,0.75,64.0,NA,NA,NA,NA,NA,NA,NA,NA,NA,NA,NA,NA,NA,NA,NA
2026-03-26 17:00:00,53.75,103.75,15.0,59.25,74.75,145.0,1.0,0.75,47.5,NA,NA,NA,NA,NA,NA,NA,NA,NA,NA,NA,NA,NA,NA,NA
2026-03-26 18:00:00,43.25,104.0,16.25,69.5,86.0,163.0,1.0,0.5,50.75,NA,NA,NA,NA,NA,NA,NA,NA,NA,NA,NA,NA,NA,NA,NA
2026-03-26 19:00:00,46.0,104.75,14.5,66.0,81.25,152.0,0.33,0.25,38.75,NA,NA,NA,NA,NA,NA,NA,NA,NA,NA,NA,NA,NA,NA,NA
2026-03-26 20:00:00,46.25,101.0,65.5,75.5,141.0,246.0,NA,1.25,16.5,NA,NA,NA,NA,NA,NA,NA,NA,NA,NA,NA,NA,NA,NA,NA
2026-03-26 21:00:00,46.75,NA,100.5,75.75,177.0,302.5,0.0,1.25,1.0,NA,NA,NA,NA,NA,NA,NA,NA,NA,NA,NA,NA,NA,NA,NA
2026-03-26 22:00:00,49.5,NA,143.25,68.5,211.75,355.0,1.0,2.0,1.25,NA,NA,NA,NA,NA,NA,NA,NA,NA,NA,NA,NA,NA,NA,NA
2026-03-26 23:00:00,55.33,NA,177.33,49.33,227.0,385.0,1.33,2.0,3.0,NA,NA,NA,NA,NA,NA,NA,NA,NA,NA,NA,NA,NA,NA,NA
2026-03-27 00:00:00,NA,NA,21.0,27.0,47.67,92.0,1.67,1.0,4.33,NA,NA,NA,NA,NA,NA,NA,NA,NA,NA,NA,NA,NA,NA,NA
2026-03-27 01:00:00,44.75,98.0,7.25,14.75,22.75,52.25,0.25,0.0,13.0,NA,NA,NA,NA,NA,NA,NA,NA,NA,NA,NA,NA,NA,NA,NA
2026-03-27 02:00:00,39.5,96.5,5.0,13.0,18.25,46.0,0.0,0.0,19.5,NA,NA,NA,NA,NA,NA,NA,NA,NA,NA,NA,NA,NA,NA,NA
2026-03-27 03:00:00,32.0,74.5,6.0,15.5,22.0,49.25,0.0,0.0,18.0,NA,NA,NA,NA,NA,NA,NA,NA,NA,NA,NA,NA,NA,NA,NA
2026-03-27 04:00:00,30.25,60.25,14.75,16.75,32.25,63.25,0.5,0.0,6.25,NA,NA,NA,NA,NA,NA,NA,NA,NA,NA,NA,NA,NA,NA,NA
2026-03-27 05:00:00,26.0,54.75,39.25,17.75,57.5,100.0,1.0,0.0,NA,NA,NA,NA,NA,NA,NA,NA,NA,NA,NA,NA,NA,NA,NA,NA
2026-03-27 06:00:00,25.0,86.25,67.75,13.25,81.25,137.25,1.0,0.25,1.33,NA,NA,NA,NA,NA,NA,NA,NA,NA,NA,NA,NA,NA,NA,NA
2026-03-27 07:00:00,30.5,98.0,97.75,15.25,113.5,186.75,2.0,1.0,3.0,NA,NA,NA,NA,NA,NA,NA,NA,NA,NA,NA,NA,NA,NA,NA
2026-03-27 08:00:00,39.67,117.67,77.33,16.33,94.67,153.33,2.67,1.0,2.0,NA,NA,NA,NA,NA,NA,NA,NA,NA,NA,NA,NA,NA,NA,NA
2026-03-27 09:00:00,39.5,128.0,48.5,19.5,68.5,113.75,3.0,1.25,3.75,NA,NA,NA,NA,NA,NA,NA,NA,NA,NA,NA,NA,NA,NA,NA
2026-03-27 10:00:00,46.5,130.75,17.75,23.0,41.25,73.5,3.5,1.0,10.75,NA,NA,NA,NA,NA,NA,NA,NA,NA,NA,NA,NA,NA,NA,NA
2026-03-27 11:00:00,47.25,127.75,9.25,20.75,31.0,58.0,4.0,1.0,31.25,NA,NA,NA,NA,NA,NA,NA,NA,NA,NA,NA,NA,NA,NA,NA
2026-03-27 12:00:00,43.0,117.75,20.25,23.75,45.0,78.0,6.25,1.0,30.0,NA,NA,NA,NA,NA,NA,NA,NA,NA,NA,NA,NA,NA,NA,NA
2026-03-27 13:00:00,45.25,104.25,9.75,24.0,34.25,63.25,5.25,0.5,62.75,NA,NA,NA,NA,NA,NA,NA,NA,NA,NA,NA,NA,NA,NA,NA
2026-03-27 14:00:00,46.0,192.5,10.0,27.25,37.5,69.0,4.0,0.75,60.5,NA,NA,NA,NA,NA,NA,NA,NA,NA,NA,NA,NA,NA,NA,NA
2026-03-27 15:00:00,NA,216.0,10.75,30.75,42.5,75.5,3.0,1.0,56.0,NA,NA,NA,NA,NA,NA,NA,NA,NA,NA,NA,NA,NA,NA,NA
2026-03-27 16:00:00,NA,216.25,6.5,22.25,29.5,55.25,2.5,0.25,65.5,NA,NA,NA,NA,NA,NA,NA,NA,NA,NA,NA,NA,NA,NA,NA
2026-03-27 17:00:00,NA,208.0,13.0,24.0,37.0,67.0,2.0,1.0,43.0,NA,NA,NA,NA,NA,NA,NA,NA,NA,NA,NA,NA,NA,NA,NA
2026-03-27 18:00:00,NA,NA,NA,NA,NA,NA,NA,NA,NA,NA,NA,NA,NA,NA,NA,NA,NA,NA,NA,NA,NA,NA,NA,NA
2026-03-27 19:00:00,83.25,180.25,7.5,23.75,31.75,58.5,0.75,0.5,32.75,NA,NA,NA,NA,NA,NA,NA,NA,NA,NA,NA,NA,NA,NA,NA
2026-03-27 20:00:00,73.25,164.0,12.0,20.5,33.0,60.75,0.0,0.25,10.5,NA,NA,NA,NA,NA,NA,NA,NA,NA,NA,NA,NA,NA,NA,NA
2026-03-27 21:00:00,53.0,142.5,14.5,20.5,35.0,66.0,0.0,0.0,9.0,NA,NA,NA,NA,NA,NA,NA,NA,NA,NA,NA,NA,NA,NA,NA
2026-03-27 22:00:00,NA,NA,NA,NA,NA,NA,NA,NA,NA,NA,NA,NA,NA,NA,NA,NA,NA,NA,NA,NA,NA,NA,NA,NA
2026-03-27 23:00:00,NA,NA,NA,NA,NA,NA,NA,NA,NA,NA,NA,NA,NA,NA,NA,NA,NA,NA,NA,NA,NA,NA,NA,NA
2026-03-28 00:00:00,NA,NA,NA,NA,NA,NA,NA,NA,NA,NA,NA,NA,NA,NA,NA,NA,NA,NA,NA,NA,NA,NA,NA,NA
2026-03-28 01:00:00,NA,NA,NA,NA,NA,NA,NA,NA,NA,NA,NA,NA,NA,NA,NA,NA,NA,NA,NA,NA,NA,NA,NA,NA
2026-03-28 02:00:00,NA,NA,NA,NA,NA,NA,NA,NA,NA,NA,NA,NA,NA,NA,NA,NA,NA,NA,NA,NA,NA,NA,NA,NA
2026-03-28 03:00:00,NA,NA,NA,NA,NA,NA,NA,NA,NA,NA,NA,NA,NA,NA,NA,NA,NA,NA,NA,NA,NA,NA,NA,NA
2026-03-28 04:00:00,38.0,88.0,3.0,11.67,14.67,37.33,NA,0.0,14.67,NA,NA,NA,NA,NA,NA,NA,NA,NA,NA,NA,NA,NA,NA,NA
2026-03-28 05:00:00,31.5,77.25,4.25,9.5,14.75,37.75,0.0,0.0,6.75,NA,NA,NA,NA,NA,NA,NA,NA,NA,NA,NA,NA,NA,NA,NA
2026-03-28 06:00:00,NA,NA,NA,NA,NA,NA,NA,NA,NA,NA,NA,NA,NA,NA,NA,NA,NA,NA,NA,NA,NA,NA,NA,NA
2026-03-28 07:00:00,30.0,98.0,13.0,12.33,26.0,54.0,NA,0.0,5.33,NA,NA,NA,NA,NA,NA,NA,NA,NA,NA,NA,NA,NA,NA,NA
2026-03-28 08:00:00,28.0,103.0,13.0,11.0,24.0,49.0,0.0,0.0,6.0,NA,NA,NA,NA,NA,NA,NA,NA,NA,NA,NA,NA,NA,NA,NA
2026-03-28 09:00:00,NA,NA,NA,NA,NA,NA,NA,NA,NA,NA,NA,NA,NA,NA,NA,NA,NA,NA,NA,NA,NA,NA,NA,NA
2026-03-28 10:00:00,NA,NA,NA,NA,NA,NA,NA,NA,NA,NA,NA,NA,NA,NA,NA,NA,NA,NA,NA,NA,NA,NA,NA,NA
2026-03-28 11:00:00,NA,NA,NA,NA,NA,NA,NA,NA,NA,NA,NA,NA,NA,NA,NA,NA,NA,NA,NA,NA,NA,NA,NA,NA
2026-03-28 12:00:00,28.0,108.0,2.0,7.0,10.0,28.0,2.0,0.0,30.0,NA,NA,NA,NA,NA,NA,NA,NA,NA,NA,NA,NA,NA,NA,NA
2026-03-28 13:00:00,31.67,95.67,4.0,8.67,12.67,33.33,2.0,0.0,29.0,NA,NA,NA,NA,NA,NA,NA,NA,NA,NA,NA,NA,NA,NA,NA
2026-03-28 14:00:00,39.5,100.5,4.0,10.5,15.0,36.5,2.0,0.0,35.5,NA,NA,NA,NA,NA,NA,NA,NA,NA,NA,NA,NA,NA,NA,NA
2026-03-28 15:00:00,39.0,133.0,3.0,10.33,14.0,34.0,2.0,0.0,35.67,NA,NA,NA,NA,NA,NA,NA,NA,NA,NA,NA,NA,NA,NA,NA
2026-03-28 16:00:00,42.0,124.0,3.0,9.0,12.0,31.0,2.0,0.0,34.0,NA,NA,NA,NA,NA,NA,NA,NA,NA,NA,NA,NA,NA,NA,NA
2026-03-28 17:00:00,NA,NA,NA,NA,NA,NA,NA,NA,NA,NA,NA,NA,NA,NA,NA,NA,NA,NA,NA,NA,NA,NA,NA,NA
2026-03-28 18:00:00,NA,NA,NA,NA,NA,NA,NA,NA,NA,NA,NA,NA,NA,NA,NA,NA,NA,NA,NA,NA,NA,NA,NA,NA
2026-03-28 19:00:00,NA,NA,NA,NA,NA,NA,NA,NA,NA,NA,NA,NA,NA,NA,NA,NA,NA,NA,NA,NA,NA,NA,NA,NA
2026-03-28 20:00:00,NA,NA,NA,NA,NA,NA,NA,NA,NA,NA,NA,NA,NA,NA,NA,NA,NA,NA,NA,NA,NA,NA,NA,NA
2026-03-28 21:00:00,NA,NA,NA,NA,NA,NA,NA,NA,NA,NA,NA,NA,NA,NA,NA,NA,NA,NA,NA,NA,NA,NA,NA,NA
2026-03-28 22:00:00,24.5,62.25,0.0,0.0,0.0,0.0,1.0,0.0,3.25,NA,NA,NA,NA,NA,NA,NA,NA,NA,NA,NA,NA,NA,NA,NA
2026-03-28 23:00:00,18.5,64.5,0.0,0.0,0.5,1.0,1.0,0.0,4.5,NA,NA,NA,NA,NA,NA,NA,NA,NA,NA,NA,NA,NA,NA,NA
2026-03-29 00:00:00,NA,NA,NA,NA,NA,NA,NA,NA,NA,NA,NA,NA,NA,NA,NA,NA,NA,NA,NA,NA,NA,NA,NA,NA
2026-03-29 01:00:00,12.0,81.0,0.0,0.0,0.0,NA,1.0,0.0,1.0,NA,NA,NA,NA,NA,NA,NA,NA,NA,NA,NA,NA,NA,NA,NA
2026-03-29 02:00:00,8.0,71.0,NA,0.0,0.0,NA,1.0,0.0,4.0,NA,NA,NA,NA,NA,NA,NA,NA,NA,NA,NA,NA,NA,NA,NA
2026-03-29 03:00:00,NA,NA,NA,NA,NA,NA,NA,NA,NA,NA,NA,NA,NA,NA,NA,NA,NA,NA,NA,NA,NA,NA,NA,NA
2026-03-29 04:00:00,7.25,61.75,0.75,0.0,0.75,1.75,0.75,0.0,2.25,NA,NA,NA,NA,NA,NA,NA,NA,NA,NA,NA,NA,NA,NA,NA
2026-03-29 05:00:00,NA,NA,NA,NA,NA,NA,NA,NA,NA,NA,NA,NA,NA,NA,NA,NA,NA,NA,NA,NA,NA,NA,NA,NA
2026-03-29 06:00:00,NA,NA,NA,NA,NA,NA,NA,NA,NA,NA,NA,NA,NA,NA,NA,NA,NA,NA,NA,NA,NA,NA,NA,NA
2026-03-29 07:00:00,NA,NA,NA,NA,NA,NA,NA,NA,NA,NA,NA,NA,NA,NA,NA,NA,NA,NA,NA,NA,NA,NA,NA,NA
2026-03-29 08:00:00,NA,NA,NA,NA,NA,NA,NA,NA,NA,NA,NA,NA,NA,NA,NA,NA,NA,NA,NA,NA,NA,NA,NA,NA
2026-03-29 09:00:00,28.0,96.0,NA,0.0,0.0,NA,2.0,0.0,4.67,NA,NA,NA,NA,NA,NA,NA,NA,NA,NA,NA,NA,NA,NA,NA
2026-03-29 10:00:00,28.0,96.0,0.0,0.0,0.0,NA,2.0,0.0,6.0,NA,NA,NA,NA,NA,NA,NA,NA,NA,NA,NA,NA,NA,NA,NA
2026-03-29 11:00:00,NA,NA,NA,NA,NA,NA,NA,NA,NA,NA,NA,NA,NA,NA,NA,NA,NA,NA,NA,NA,NA,NA,NA,NA
2026-03-29 12:00:00,13.5,66.5,1.25,0.0,0.75,1.0,2.0,0.0,8.75,NA,NA,NA,NA,NA,NA,NA,NA,NA,NA,NA,NA,NA,NA,NA
2026-03-29 13:00:00,12.0,49.0,1.0,NA,0.5,1.0,2.0,0.0,10.5,NA,NA,NA,NA,NA,NA,NA,NA,NA,NA,NA,NA,NA,NA,NA
2026-03-29 14:00:00,NA,NA,NA,NA,NA,NA,NA,NA,NA,NA,NA,NA,NA,NA,NA,NA,NA,NA,NA,NA,NA,NA,NA,NA
2026-03-29 15:00:00,8.5,51.5,0.0,0.25,0.5,0.25,2.75,0.0,12.5,NA,NA,NA,NA,NA,NA,NA,NA,NA,NA,NA,NA,NA,NA,NA
2026-03-29 16:00:00,NA,NA,NA,NA,NA,NA,NA,NA,NA,NA,NA,NA,NA,NA,NA,NA,NA,NA,NA,NA,NA,NA,NA,NA
2026-03-29 17:00:00,NA,NA,NA,NA,NA,NA,NA,NA,NA,NA,NA,NA,NA,NA,NA,NA,NA,NA,NA,NA,NA,NA,NA,NA
2026-03-29 18:00:00,NA,NA,NA,NA,NA,NA,NA,NA,NA,NA,NA,NA,NA,NA,NA,NA,NA,NA,NA,NA,NA,NA,NA,NA
2026-03-29 19:00:00,9.0,46.0,1.0,NA,0.0,1.0,3.0,0.0,14.0,NA,NA,NA,NA,NA,NA,NA,NA,NA,NA,NA,NA,NA,NA,NA
2026-03-29 20:00:00,14.33,63.67,0.0,0.0,0.0,0.0,2.0,0.0,8.33,NA,NA,NA,NA,NA,NA,NA,NA,NA,NA,NA,NA,NA,NA,NA
2026-03-29 21:00:00,11.0,60.0,0.0,0.0,0.0,0.0,1.0,0.0,4.0,NA,NA,NA,NA,NA,NA,NA,NA,NA,NA,NA,NA,NA,NA,NA
2026-03-29 22:00:00,11.0,56.5,0.0,0.0,0.0,1.0,1.0,0.0,3.5,NA,NA,NA,NA,NA,NA,NA,NA,NA,NA,NA,NA,NA,NA,NA
2026-03-29 23:00:00,NA,NA,NA,NA,NA,NA,NA,NA,NA,NA,NA,NA,NA,NA,NA,NA,NA,NA,NA,NA,NA,NA,NA,NA
2026-03-30 00:00:00,NA,NA,NA,NA,NA,NA,NA,NA,NA,NA,NA,NA,NA,NA,NA,NA,NA,NA,NA,NA,NA,NA,NA,NA
2026-03-30 01:00:00,NA,NA,NA,NA,NA,NA,NA,NA,NA,NA,NA,NA,NA,NA,NA,NA,NA,NA,NA,NA,NA,NA,NA,NA
2026-03-30 02:00:00,NA,NA,NA,NA,NA,NA,NA,NA,NA,NA,NA,NA,NA,NA,NA,NA,NA,NA,NA,NA,NA,NA,NA,NA
2026-03-30 03:00:00,NA,NA,NA,NA,NA,NA,NA,NA,NA,NA,NA,NA,NA,NA,NA,NA,NA,NA,NA,NA,NA,NA,NA,NA
2026-03-30 04:00:00,NA,NA,NA,NA,NA,NA,NA,NA,NA,NA,NA,NA,NA,NA,NA,NA,NA,NA,NA,NA,NA,NA,NA,NA
2026-03-30 05:00:00,NA,NA,NA,NA,NA,NA,NA,NA,NA,NA,NA,NA,NA,NA,NA,NA,NA,NA,NA,NA,NA,NA,NA,NA
2026-03-30 06:00:00,NA,NA,NA,NA,NA,NA,NA,NA,NA,NA,NA,NA,NA,NA,NA,NA,NA,NA,NA,NA,NA,NA,NA,NA
2026-03-30 07:00:00,NA,NA,NA,NA,NA,NA,NA,NA,NA,NA,NA,NA,NA,NA,NA,NA,NA,NA,NA,NA,NA,NA,NA,NA
2026-03-30 08:00:00,NA,NA,NA,NA,NA,NA,NA,NA,NA,NA,NA,NA,NA,NA,NA,NA,NA,NA,NA,NA,NA,NA,NA,NA
2026-03-30 09:00:00,NA,NA,NA,NA,NA,NA,NA,NA,NA,NA,NA,NA,NA,NA,NA,NA,NA,NA,NA,NA,NA,NA,NA,NA
2026-03-30 10:00:00,NA,NA,NA,NA,NA,NA,NA,NA,NA,NA,NA,NA,NA,NA,NA,NA,NA,NA,NA,NA,NA,NA,NA,NA
2026-03-30 11:00:00,NA,NA,NA,NA,NA,NA,NA,NA,NA,NA,NA,NA,NA,NA,NA,NA,NA,NA,NA,NA,NA,NA,NA,NA
2026-03-30 12:00:00,NA,NA,NA,NA,NA,NA,NA,NA,NA,NA,NA,NA,NA,NA,NA,NA,NA,NA,NA,NA,NA,NA,NA,NA
2026-03-30 13:00:00,19.0,73.0,NA,0.0,0.0,0.0,1.0,0.0,30.0,NA,NA,NA,NA,NA,NA,NA,NA,NA,NA,NA,NA,NA,NA,NA
2026-03-30 14:00:00,15.0,85.33,NA,0.0,0.0,NA,1.33,0.0,23.0,NA,NA,NA,NA,NA,NA,NA,NA,NA,NA,NA,NA,NA,NA,NA
2026-03-30 15:00:00,23.0,100.75,NA,NA,NA,NA,2.0,0.0,32.5,NA,NA,NA,NA,NA,NA,NA,NA,NA,NA,NA,NA,NA,NA,NA
2026-03-30 16:00:00,35.0,110.5,NA,NA,NA,NA,2.0,0.0,31.5,NA,NA,NA,NA,NA,NA,NA,NA,NA,NA,NA,NA,NA,NA,NA
2026-03-30 17:00:00,38.75,105.25,12.75,104.75,118.25,209.75,2.0,0.0,28.75,NA,NA,NA,NA,NA,NA,NA,NA,NA,NA,NA,NA,NA,NA,NA
2026-03-30 18:00:00,30.0,87.25,33.25,105.75,139.75,233.5,1.75,0.0,14.0,NA,NA,NA,NA,NA,NA,NA,NA,NA,NA,NA,NA,NA,NA,NA
2026-03-30 19:00:00,36.25,105.75,29.0,86.25,116.0,191.25,0.75,0.0,10.75,NA,NA,NA,NA,NA,NA,NA,NA,NA,NA,NA,NA,NA,NA,NA
2026-03-30 20:00:00,29.0,97.5,14.5,71.25,86.25,144.75,0.5,0.0,15.5,NA,NA,NA,NA,NA,NA,NA,NA,NA,NA,NA,NA,NA,NA,NA
2026-03-30 21:00:00,28.5,83.5,18.5,64.25,83.0,139.0,1.0,0.25,9.0,NA,NA,NA,NA,NA,NA,NA,NA,NA,NA,NA,NA,NA,NA,NA
2026-03-30 22:00:00,37.25,77.75,15.5,56.5,72.25,121.5,1.0,0.0,6.75,NA,NA,NA,NA,NA,NA,NA,NA,NA,NA,NA,NA,NA,NA,NA
2026-03-30 23:00:00,24.25,76.25,22.75,51.0,73.75,122.25,1.0,0.0,5.5,NA,NA,NA,NA,NA,NA,NA,NA,NA,NA,NA,NA,NA,NA,NA
2026-03-31 00:00:00,13.5,62.0,12.0,45.5,58.0,99.0,1.0,0.0,8.25,NA,NA,NA,NA,NA,NA,NA,NA,NA,NA,NA,NA,NA,NA,NA
2026-03-31 01:00:00,17.0,44.75,8.75,42.0,50.75,87.75,1.0,0.0,11.0,NA,NA,NA,NA,NA,NA,NA,NA,NA,NA,NA,NA,NA,NA,NA
2026-03-31 02:00:00,19.75,30.25,11.5,38.75,51.0,86.75,1.0,0.0,5.5,NA,NA,NA,NA,NA,NA,NA,NA,NA,NA,NA,NA,NA,NA,NA
2026-03-31 03:00:00,14.25,37.0,11.25,36.5,48.25,83.0,1.0,0.0,4.25,NA,NA,NA,NA,NA,NA,NA,NA,NA,NA,NA,NA,NA,NA,NA
2026-03-31 04:00:00,9.75,42.25,8.25,34.75,43.5,76.25,1.0,0.0,6.25,NA,NA,NA,NA,NA,NA,NA,NA,NA,NA,NA,NA,NA,NA,NA
2026-03-31 05:00:00,8.25,30.5,16.75,33.25,50.25,85.75,1.0,0.0,2.5,NA,NA,NA,NA,NA,NA,NA,NA,NA,NA,NA,NA,NA,NA,NA
2026-03-31 06:00:00,4.75,62.0,35.75,31.75,67.75,111.0,1.0,0.0,1.0,NA,NA,NA,NA,NA,NA,NA,NA,NA,NA,NA,NA,NA,NA,NA
2026-03-31 07:00:00,5.5,79.0,56.5,33.25,90.0,143.0,1.25,0.0,NA,NA,NA,NA,NA,NA,NA,NA,NA,NA,NA,NA,NA,NA,NA,NA
2026-03-31 08:00:00,20.75,103.5,49.25,30.0,80.0,128.0,1.5,0.75,1.5,NA,NA,NA,NA,NA,NA,NA,NA,NA,NA,NA,NA,NA,NA,NA
2026-03-31 09:00:00,26.5,99.75,31.5,27.5,59.5,98.5,1.0,1.0,4.5,NA,NA,NA,NA,NA,NA,NA,NA,NA,NA,NA,NA,NA,NA,NA
2026-03-31 10:00:00,23.75,80.5,25.75,26.5,52.75,89.25,1.0,0.5,8.0,NA,NA,NA,NA,NA,NA,NA,NA,NA,NA,NA,NA,NA,NA,NA
2026-03-31 11:00:00,22.25,65.5,12.5,25.0,38.0,66.75,1.0,0.0,13.0,NA,NA,NA,NA,NA,NA,NA,NA,NA,NA,NA,NA,NA,NA,NA
2026-03-31 12:00:00,23.5,68.75,9.5,23.0,32.75,59.75,1.0,0.0,14.75,NA,NA,NA,NA,NA,NA,NA,NA,NA,NA,NA,NA,NA,NA,NA
2026-03-31 13:00:00,23.0,40.75,9.25,21.75,31.25,57.5,1.0,0.0,14.5,NA,NA,NA,NA,NA,NA,NA,NA,NA,NA,NA,NA,NA,NA,NA
2026-03-31 14:00:00,15.5,35.0,8.0,21.25,29.75,54.75,1.0,0.0,17.0,NA,NA,NA,NA,NA,NA,NA,NA,NA,NA,NA,NA,NA,NA,NA
2026-03-31 15:00:00,9.0,43.25,12.25,20.75,33.75,59.5,1.0,0.0,13.25,NA,NA,NA,NA,NA,NA,NA,NA,NA,NA,NA,NA,NA,NA,NA
2026-03-31 16:00:00,13.75,52.5,24.25,21.5,46.5,77.25,1.0,0.5,8.5,NA,NA,NA,NA,NA,NA,NA,NA,NA,NA,NA,NA,NA,NA,NA
2026-03-31 17:00:00,25.0,57.25,19.0,23.0,42.5,73.0,1.25,0.5,10.25,NA,NA,NA,NA,NA,NA,NA,NA,NA,NA,NA,NA,NA,NA,NA
2026-03-31 18:00:00,18.0,64.5,25.0,24.0,49.5,84.5,0.75,0.5,7.0,NA,NA,NA,NA,NA,NA,NA,NA,NA,NA,NA,NA,NA,NA,NA
2026-03-31 19:00:00,11.75,64.25,15.5,25.25,41.25,73.0,0.0,0.0,9.25,NA,NA,NA,NA,NA,NA,NA,NA,NA,NA,NA,NA,NA,NA,NA
2026-03-31 20:00:00,13.5,72.25,25.0,24.75,50.25,85.75,0.0,0.5,5.0,NA,NA,NA,NA,NA,NA,NA,NA,NA,NA,NA,NA,NA,NA,NA
2026-03-31 21:00:00,23.75,61.5,30.75,26.0,57.0,97.75,0.0,1.0,2.0,NA,NA,NA,NA,NA,NA,NA,NA,NA,NA,NA,NA,NA,NA,NA
2026-03-31 22:00:00,26.0,72.25,25.75,25.0,51.0,88.75,0.0,1.0,2.75,NA,NA,NA,NA,NA,NA,NA,NA,NA,NA,NA,NA,NA,NA,NA
2026-03-31 23:00:00,19.25,76.75,21.25,22.75,44.5,79.0,0.0,1.0,3.0,NA,NA,NA,NA,NA,NA,NA,NA,NA,NA,NA,NA,NA,NA,NA
2026-04-01 00:00:00,20.5,78.0,20.0,21.0,41.75,75.0,0.0,0.25,2.75,NA,NA,NA,NA,NA,NA,NA,NA,NA,NA,NA,NA,NA,NA,NA
2026-04-01 01:00:00,13.5,51.5,13.0,21.25,34.25,63.75,0.0,0.0,4.75,NA,NA,NA,NA,NA,NA,NA,NA,NA,NA,NA,NA,NA,NA,NA
2026-04-01 02:00:00,12.0,50.25,11.25,20.0,31.75,60.0,0.0,0.0,5.0,NA,NA,NA,NA,NA,NA,NA,NA,NA,NA,NA,NA,NA,NA,NA
2026-04-01 03:00:00,11.25,51.0,10.75,20.25,31.5,58.5,0.0,0.0,3.5,NA,NA,NA,NA,NA,NA,NA,NA,NA,NA,NA,NA,NA,NA,NA
2026-04-01 04:00:00,8.5,52.75,11.25,19.0,31.25,58.5,0.25,0.0,5.25,NA,NA,NA,NA,NA,NA,NA,NA,NA,NA,NA,NA,NA,NA,NA
2026-04-01 05:00:00,5.5,44.75,13.25,20.0,33.5,61.5,0.0,0.0,3.25,NA,NA,NA,NA,NA,NA,NA,NA,NA,NA,NA,NA,NA,NA,NA
2026-04-01 06:00:00,17.25,58.0,24.0,20.0,44.75,78.25,0.0,0.0,2.33,NA,NA,NA,NA,NA,NA,NA,NA,NA,NA,NA,NA,NA,NA,NA
2026-04-01 07:00:00,15.0,91.0,33.5,21.5,55.5,93.25,0.25,0.0,1.67,NA,NA,NA,NA,NA,NA,NA,NA,NA,NA,NA,NA,NA,NA,NA
2026-04-01 08:00:00,19.75,112.75,28.5,21.5,50.5,84.75,1.75,0.0,4.5,NA,NA,NA,NA,NA,NA,NA,NA,NA,NA,NA,NA,NA,NA,NA
2026-04-01 09:00:00,20.0,123.5,28.0,21.25,50.0,85.0,2.0,0.25,8.75,NA,NA,NA,NA,NA,NA,NA,NA,NA,NA,NA,NA,NA,NA,NA
2026-04-01 10:00:00,20.75,134.0,27.0,21.25,49.0,83.25,2.0,0.0,13.5,NA,NA,NA,NA,NA,NA,NA,NA,NA,NA,NA,NA,NA,NA,NA
2026-04-01 11:00:00,20.25,152.75,19.5,19.75,39.75,69.75,2.0,0.0,19.75,NA,NA,NA,NA,NA,NA,NA,NA,NA,NA,NA,NA,NA,NA,NA
2026-04-01 12:00:00,25.0,141.0,18.0,20.0,38.5,66.25,1.75,0.0,20.5,NA,NA,NA,NA,NA,NA,NA,NA,NA,NA,NA,NA,NA,NA,NA
2026-04-01 13:00:00,41.5,129.75,10.0,18.5,29.0,52.5,2.0,0.0,28.0,NA,NA,NA,NA,NA,NA,NA,NA,NA,NA,NA,NA,NA,NA,NA
2026-04-01 14:00:00,32.75,121.5,12.0,18.25,30.75,55.25,2.0,0.0,24.5,NA,NA,NA,NA,NA,NA,NA,NA,NA,NA,NA,NA,NA,NA,NA
2026-04-01 15:00:00,41.5,120.75,12.0,19.0,31.5,56.25,2.0,0.0,25.25,NA,NA,NA,NA,NA,NA,NA,NA,NA,NA,NA,NA,NA,NA,NA
2026-04-01 16:00:00,38.25,138.25,10.25,19.75,30.5,54.5,2.0,0.0,29.0,NA,NA,NA,NA,NA,NA,NA,NA,NA,NA,NA,NA,NA,NA,NA
2026-04-01 17:00:00,24.5,131.25,17.5,19.5,38.0,65.25,2.0,0.25,21.0,NA,NA,NA,NA,NA,NA,NA,NA,NA,NA,NA,NA,NA,NA,NA
2026-04-01 18:00:00,25.25,125.75,41.0,22.25,63.75,102.5,2.0,0.75,7.75,NA,NA,NA,NA,NA,NA,NA,NA,NA,NA,NA,NA,NA,NA,NA
2026-04-01 19:00:00,26.0,152.5,31.0,22.75,54.5,89.25,1.75,0.25,10.75,NA,NA,NA,NA,NA,NA,NA,NA,NA,NA,NA,NA,NA,NA,NA
2026-04-01 20:00:00,17.75,129.75,20.5,21.5,42.5,72.25,2.0,0.0,10.75,NA,NA,NA,NA,NA,NA,NA,NA,NA,NA,NA,NA,NA,NA,NA
2026-04-01 21:00:00,16.75,91.5,14.25,21.25,36.25,63.0,2.0,0.0,14.0,NA,NA,NA,NA,NA,NA,NA,NA,NA,NA,NA,NA,NA,NA,NA
2026-04-01 22:00:00,18.75,82.5,9.75,19.75,30.25,54.0,2.0,0.0,18.5,NA,NA,NA,NA,NA,NA,NA,NA,NA,NA,NA,NA,NA,NA,NA
2026-04-01 23:00:00,20.75,91.0,15.75,20.75,37.5,64.25,2.0,0.0,12.5,NA,NA,NA,NA,NA,NA,NA,NA,NA,NA,NA,NA,NA,NA,NA
2026-04-02 00:00:00,19.25,82.0,12.75,20.75,34.5,59.5,2.0,0.0,14.0,NA,NA,NA,NA,NA,NA,NA,NA,NA,NA,NA,NA,NA,NA,NA
2026-04-02 01:00:00,20.5,69.0,8.25,19.25,28.0,50.0,2.0,0.0,16.5,NA,NA,NA,NA,NA,NA,NA,NA,NA,NA,NA,NA,NA,NA,NA
2026-04-02 02:00:00,20.0,58.75,5.0,17.25,22.5,42.5,2.0,0.0,21.25,NA,NA,NA,NA,NA,NA,NA,NA,NA,NA,NA,NA,NA,NA,NA
2026-04-02 03:00:00,13.5,56.25,4.75,17.0,22.25,41.25,2.0,0.0,21.75,NA,NA,NA,NA,NA,NA,NA,NA,NA,NA,NA,NA,NA,NA,NA
2026-04-02 04:00:00,8.75,70.25,8.5,18.0,27.0,49.25,2.0,0.0,14.0,NA,NA,NA,NA,NA,NA,NA,NA,NA,NA,NA,NA,NA,NA,NA
2026-04-02 05:00:00,5.5,49.75,18.5,20.25,39.0,66.75,2.0,0.0,3.5,NA,NA,NA,NA,NA,NA,NA,NA,NA,NA,NA,NA,NA,NA,NA
2026-04-02 06:00:00,10.0,86.5,38.25,20.75,59.75,96.5,2.0,0.0,1.5,NA,NA,NA,NA,NA,NA,NA,NA,NA,NA,NA,NA,NA,NA,NA
2026-04-02 07:00:00,14.5,110.0,31.75,20.5,53.0,86.5,2.0,0.0,5.67,NA,NA,NA,NA,NA,NA,NA,NA,NA,NA,NA,NA,NA,NA,NA
2026-04-02 08:00:00,29.75,113.0,29.75,20.0,50.25,83.5,1.5,0.0,7.25,NA,NA,NA,NA,NA,NA,NA,NA,NA,NA,NA,NA,NA,NA,NA
2026-04-02 09:00:00,32.25,103.75,35.5,20.0,55.75,91.25,1.75,0.5,8.5,NA,NA,NA,NA,NA,NA,NA,NA,NA,NA,NA,NA,NA,NA,NA
2026-04-02 10:00:00,37.75,123.75,21.0,19.0,40.5,70.0,1.75,0.25,21.0,NA,NA,NA,NA,NA,NA,NA,NA,NA,NA,NA,NA,NA,NA,NA
2026-04-02 11:00:00,24.25,114.75,9.25,16.0,26.0,48.25,1.0,0.0,37.0,NA,NA,NA,NA,NA,NA,NA,NA,NA,NA,NA,NA,NA,NA,NA
2026-04-02 12:00:00,22.0,100.25,8.25,16.0,24.25,45.5,1.0,0.0,33.0,NA,NA,NA,NA,NA,NA,NA,NA,NA,NA,NA,NA,NA,NA,NA
2026-04-02 13:00:00,32.75,74.0,5.0,15.0,20.5,39.75,1.0,0.0,37.75,NA,NA,NA,NA,NA,NA,NA,NA,NA,NA,NA,NA,NA,NA,NA
2026-04-02 14:00:00,37.25,98.75,3.5,14.0,17.75,36.0,1.0,0.0,41.25,NA,NA,NA,NA,NA,NA,NA,NA,NA,NA,NA,NA,NA,NA,NA
2026-04-02 15:00:00,28.5,92.5,6.0,16.0,22.5,43.0,1.0,0.0,37.0,NA,NA,NA,NA,NA,NA,NA,NA,NA,NA,NA,NA,NA,NA,NA
2026-04-02 16:00:00,22.25,102.75,7.0,15.5,23.0,43.0,1.0,0.0,36.75,NA,NA,NA,NA,NA,NA,NA,NA,NA,NA,NA,NA,NA,NA,NA
2026-04-02 17:00:00,31.0,96.0,12.25,17.75,31.0,54.25,1.0,0.0,31.25,NA,NA,NA,NA,NA,NA,NA,NA,NA,NA,NA,NA,NA,NA,NA
2026-04-02 18:00:00,27.0,103.25,18.25,20.25,39.25,66.5,1.0,0.0,18.0,NA,NA,NA,NA,NA,NA,NA,NA,NA,NA,NA,NA,NA,NA,NA
2026-04-02 19:00:00,25.0,116.5,19.0,20.0,40.0,67.25,1.0,0.0,15.25,NA,NA,NA,NA,NA,NA,NA,NA,NA,NA,NA,NA,NA,NA,NA
2026-04-02 20:00:00,21.75,115.75,23.0,20.0,43.75,72.75,0.25,0.0,8.25,NA,NA,NA,NA,NA,NA,NA,NA,NA,NA,NA,NA,NA,NA,NA
2026-04-02 21:00:00,16.0,101.0,19.25,19.5,39.25,65.75,1.0,0.0,8.5,NA,NA,NA,NA,NA,NA,NA,NA,NA,NA,NA,NA,NA,NA,NA
2026-04-02 22:00:00,22.25,112.25,25.5,19.75,45.75,74.75,1.0,0.0,4.75,NA,NA,NA,NA,NA,NA,NA,NA,NA,NA,NA,NA,NA,NA,NA
2026-04-02 23:00:00,34.5,124.0,23.75,17.5,41.5,70.0,1.0,0.0,1.5,NA,NA,NA,NA,NA,NA,NA,NA,NA,NA,NA,NA,NA,NA,NA
2026-04-03 00:00:00,23.75,124.25,23.25,16.25,40.25,67.0,1.0,0.0,2.25,NA,NA,NA,NA,NA,NA,NA,NA,NA,NA,NA,NA,NA,NA,NA
2026-04-03 01:00:00,22.75,110.75,29.75,16.75,47.0,76.5,1.0,0.0,1.5,NA,NA,NA,NA,NA,NA,NA,NA,NA,NA,NA,NA,NA,NA,NA
2026-04-03 02:00:00,29.5,140.25,24.0,16.5,40.5,67.75,1.0,0.0,1.0,NA,NA,NA,NA,NA,NA,NA,NA,NA,NA,NA,NA,NA,NA,NA
2026-04-03 03:00:00,32.75,176.75,18.75,15.25,34.5,58.75,1.0,0.0,1.5,NA,NA,NA,NA,NA,NA,NA,NA,NA,NA,NA,NA,NA,NA,NA
2026-04-03 04:00:00,40.5,176.25,23.5,14.25,38.5,65.0,1.25,0.0,1.75,NA,NA,NA,NA,NA,NA,NA,NA,NA,NA,NA,NA,NA,NA,NA
2026-04-03 05:00:00,59.5,161.75,33.75,14.5,48.25,79.5,1.25,0.0,1.0,NA,NA,NA,NA,NA,NA,NA,NA,NA,NA,NA,NA,NA,NA,NA
2026-04-03 06:00:00,57.0,176.33,44.0,14.0,58.33,93.33,2.0,0.0,1.0,NA,NA,NA,NA,NA,NA,NA,NA,NA,NA,NA,NA,NA,NA,NA
2026-04-03 07:00:00,57.25,204.5,55.25,13.0,68.75,111.75,2.5,0.25,2.5,NA,NA,NA,NA,NA,NA,NA,NA,NA,NA,NA,NA,NA,NA,NA
2026-04-03 08:00:00,58.0,231.5,31.75,15.5,47.75,79.5,1.75,0.0,3.25,NA,NA,NA,NA,NA,NA,NA,NA,NA,NA,NA,NA,NA,NA,NA
2026-04-03 09:00:00,60.5,217.75,25.0,16.25,41.0,70.0,1.0,0.0,6.0,NA,NA,NA,NA,NA,NA,NA,NA,NA,NA,NA,NA,NA,NA,NA
2026-04-03 10:00:00,76.5,217.25,19.5,15.5,35.75,60.75,2.25,0.0,17.75,NA,NA,NA,NA,NA,NA,NA,NA,NA,NA,NA,NA,NA,NA,NA
2026-04-03 11:00:00,75.0,207.25,5.0,13.5,19.0,35.5,2.75,0.0,43.75,NA,NA,NA,NA,NA,NA,NA,NA,NA,NA,NA,NA,NA,NA,NA
2026-04-03 12:00:00,56.75,167.5,2.5,12.75,15.5,30.25,2.25,0.0,55.0,NA,NA,NA,NA,NA,NA,NA,NA,NA,NA,NA,NA,NA,NA,NA
2026-04-03 13:00:00,67.75,132.75,1.75,11.5,13.5,27.5,1.5,0.0,50.0,NA,NA,NA,NA,NA,NA,NA,NA,NA,NA,NA,NA,NA,NA,NA
2026-04-03 14:00:00,49.5,136.25,1.0,10.25,11.5,25.0,1.0,0.0,48.0,NA,NA,NA,NA,NA,NA,NA,NA,NA,NA,NA,NA,NA,NA,NA
2026-04-03 15:00:00,58.25,129.75,2.25,10.75,13.5,27.5,0.75,0.0,35.5,NA,NA,NA,NA,NA,NA,NA,NA,NA,NA,NA,NA,NA,NA,NA
2026-04-03 16:00:00,43.75,109.75,4.25,10.5,15.5,30.75,0.0,0.0,29.25,NA,NA,NA,NA,NA,NA,NA,NA,NA,NA,NA,NA,NA,NA,NA
2026-04-03 17:00:00,38.25,86.0,8.0,12.5,21.0,39.0,0.0,0.0,21.5,NA,NA,NA,NA,NA,NA,NA,NA,NA,NA,NA,NA,NA,NA,NA
2026-04-03 18:00:00,37.25,98.75,13.25,14.0,27.75,48.0,0.5,0.0,17.0,NA,NA,NA,NA,NA,NA,NA,NA,NA,NA,NA,NA,NA,NA,NA
2026-04-03 19:00:00,48.75,109.5,10.5,15.5,26.25,45.75,0.0,0.0,18.0,NA,NA,NA,NA,NA,NA,NA,NA,NA,NA,NA,NA,NA,NA,NA
2026-04-03 20:00:00,42.0,102.5,10.0,14.0,24.5,42.75,0.0,0.0,16.75,NA,NA,NA,NA,NA,NA,NA,NA,NA,NA,NA,NA,NA,NA,NA
2026-04-03 21:00:00,47.5,81.0,15.25,14.0,29.5,50.5,0.0,0.0,8.75,NA,NA,NA,NA,NA,NA,NA,NA,NA,NA,NA,NA,NA,NA,NA
2026-04-03 22:00:00,42.0,74.67,15.0,13.33,29.33,50.0,0.0,0.0,8.0,NA,NA,NA,NA,NA,NA,NA,NA,NA,NA,NA,NA,NA,NA,NA
2026-04-03 23:00:00,58.0,85.0,23.67,12.67,36.67,60.33,0.0,0.0,3.67,NA,NA,NA,NA,NA,NA,NA,NA,NA,NA,NA,NA,NA,NA,NA
2026-04-04 00:00:00,52.25,88.5,15.75,13.0,29.0,49.75,0.0,0.0,5.5,NA,NA,NA,NA,NA,NA,NA,NA,NA,NA,NA,NA,NA,NA,NA
2026-04-04 01:00:00,55.0,66.5,10.25,11.25,21.75,38.25,0.0,0.0,8.5,NA,NA,NA,NA,NA,NA,NA,NA,NA,NA,NA,NA,NA,NA,NA
2026-04-04 02:00:00,35.5,62.0,10.0,11.75,22.25,39.5,0.0,0.0,5.75,NA,NA,NA,NA,NA,NA,NA,NA,NA,NA,NA,NA,NA,NA,NA
2026-04-04 03:00:00,36.0,88.5,9.75,12.0,22.5,39.75,NA,0.0,3.75,NA,NA,NA,NA,NA,NA,NA,NA,NA,NA,NA,NA,NA,NA,NA
2026-04-04 04:00:00,40.25,94.75,9.0,11.5,20.5,37.0,0.0,0.0,2.0,NA,NA,NA,NA,NA,NA,NA,NA,NA,NA,NA,NA,NA,NA,NA
2026-04-04 05:00:00,35.25,83.25,10.0,9.75,20.75,38.25,0.0,0.0,1.75,NA,NA,NA,NA,NA,NA,NA,NA,NA,NA,NA,NA,NA,NA,NA
2026-04-04 06:00:00,32.25,91.75,25.0,10.25,35.75,60.25,0.0,0.0,1.0,NA,NA,NA,NA,NA,NA,NA,NA,NA,NA,NA,NA,NA,NA,NA
2026-04-04 07:00:00,65.5,120.5,42.5,13.0,56.25,90.75,0.0,0.25,2.0,NA,NA,NA,NA,NA,NA,NA,NA,NA,NA,NA,NA,NA,NA,NA
2026-04-04 08:00:00,67.25,150.0,34.0,11.5,45.75,75.0,1.5,0.0,3.25,NA,NA,NA,NA,NA,NA,NA,NA,NA,NA,NA,NA,NA,NA,NA
2026-04-04 09:00:00,60.0,134.25,16.75,8.5,25.25,44.5,1.75,0.0,7.75,NA,NA,NA,NA,NA,NA,NA,NA,NA,NA,NA,NA,NA,NA,NA
2026-04-04 10:00:00,42.5,107.5,12.25,8.0,20.25,36.5,1.75,0.0,9.75,NA,NA,NA,NA,NA,NA,NA,NA,NA,NA,NA,NA,NA,NA,NA
2026-04-04 11:00:00,41.5,96.25,11.5,8.0,20.0,35.25,1.25,0.0,12.75,NA,NA,NA,NA,NA,NA,NA,NA,NA,NA,NA,NA,NA,NA,NA
2026-04-04 12:00:00,43.75,99.25,5.0,7.25,12.25,25.0,1.25,0.0,20.25,NA,NA,NA,NA,NA,NA,NA,NA,NA,NA,NA,NA,NA,NA,NA
2026-04-04 13:00:00,27.75,86.75,5.5,7.25,13.5,25.5,1.25,0.0,16.5,NA,NA,NA,NA,NA,NA,NA,NA,NA,NA,NA,NA,NA,NA,NA
2026-04-04 14:00:00,29.75,84.0,3.25,6.0,9.75,20.75,1.5,0.0,19.5,NA,NA,NA,NA,NA,NA,NA,NA,NA,NA,NA,NA,NA,NA,NA
2026-04-04 15:00:00,29.25,85.0,3.5,7.25,11.25,22.5,1.5,0.0,22.0,NA,NA,NA,NA,NA,NA,NA,NA,NA,NA,NA,NA,NA,NA,NA
2026-04-04 16:00:00,29.0,85.75,7.25,8.0,15.75,29.75,1.5,0.0,16.0,NA,NA,NA,NA,NA,NA,NA,NA,NA,NA,NA,NA,NA,NA,NA
2026-04-04 17:00:00,34.75,68.5,8.0,8.25,17.0,31.25,1.0,0.0,15.0,NA,NA,NA,NA,NA,NA,NA,NA,NA,NA,NA,NA,NA,NA,NA
2026-04-04 18:00:00,34.0,73.0,5.0,8.0,14.0,27.0,1.0,0.0,15.0,NA,NA,NA,NA,NA,NA,NA,NA,NA,NA,NA,NA,NA,NA,NA
2026-04-04 19:00:00,43.75,93.0,7.25,8.75,17.0,31.5,1.25,0.0,13.25,NA,NA,NA,NA,NA,NA,NA,NA,NA,NA,NA,NA,NA,NA,NA
2026-04-04 20:00:00,42.0,94.75,5.75,8.0,14.5,27.0,1.0,0.0,11.25,NA,NA,NA,NA,NA,NA,NA,NA,NA,NA,NA,NA,NA,NA,NA
2026-04-04 21:00:00,32.0,101.5,7.0,8.0,15.5,29.25,1.0,0.0,10.25,NA,NA,NA,NA,NA,NA,NA,NA,NA,NA,NA,NA,NA,NA,NA
2026-04-04 22:00:00,72.25,94.75,6.75,8.25,15.0,28.25,1.0,0.0,10.0,NA,NA,NA,NA,NA,NA,NA,NA,NA,NA,NA,NA,NA,NA,NA
2026-04-04 23:00:00,73.75,107.0,4.25,8.0,12.75,24.5,1.0,0.0,12.25,NA,NA,NA,NA,NA,NA,NA,NA,NA,NA,NA,NA,NA,NA,NA
2026-04-05 00:00:00,68.0,106.0,2.5,7.0,10.5,21.0,1.0,0.0,9.0,NA,NA,NA,NA,NA,NA,NA,NA,NA,NA,NA,NA,NA,NA,NA
2026-04-05 01:00:00,NA,NA,NA,NA,NA,NA,NA,NA,NA,NA,NA,NA,NA,NA,NA,NA,NA,NA,NA,NA,NA,NA,NA,NA
2026-04-05 02:00:00,46.0,82.0,2.33,6.67,9.67,19.33,0.67,0.0,8.33,NA,NA,NA,NA,NA,NA,NA,NA,NA,NA,NA,NA,NA,NA,NA
2026-04-05 03:00:00,42.75,84.5,2.25,6.5,9.25,18.75,1.0,0.0,10.25,NA,NA,NA,NA,NA,NA,NA,NA,NA,NA,NA,NA,NA,NA,NA
2026-04-05 04:00:00,NA,NA,NA,NA,NA,NA,NA,NA,NA,NA,NA,NA,NA,NA,NA,NA,NA,NA,NA,NA,NA,NA,NA,NA
2026-04-05 05:00:00,NA,NA,NA,NA,NA,NA,NA,NA,NA,NA,NA,NA,NA,NA,NA,NA,NA,NA,NA,NA,NA,NA,NA,NA
2026-04-05 06:00:00,NA,NA,NA,NA,NA,NA,NA,NA,NA,NA,NA,NA,NA,NA,NA,NA,NA,NA,NA,NA,NA,NA,NA,NA
2026-04-05 07:00:00,NA,NA,NA,NA,NA,NA,NA,NA,NA,NA,NA,NA,NA,NA,NA,NA,NA,NA,NA,NA,NA,NA,NA,NA
2026-04-05 08:00:00,NA,NA,NA,NA,NA,NA,NA,NA,NA,NA,NA,NA,NA,NA,NA,NA,NA,NA,NA,NA,NA,NA,NA,NA
2026-04-05 09:00:00,NA,NA,NA,NA,NA,NA,NA,NA,NA,NA,NA,NA,NA,NA,NA,NA,NA,NA,NA,NA,NA,NA,NA,NA
2026-04-05 10:00:00,NA,NA,NA,NA,NA,NA,NA,NA,NA,NA,NA,NA,NA,NA,NA,NA,NA,NA,NA,NA,NA,NA,NA,NA
2026-04-05 11:00:00,NA,NA,NA,NA,NA,NA,NA,NA,NA,NA,NA,NA,NA,NA,NA,NA,NA,NA,NA,NA,NA,NA,NA,NA
2026-04-05 12:00:00,34.0,92.0,4.0,7.0,11.0,22.0,2.0,0.0,29.0,NA,NA,NA,NA,NA,NA,NA,NA,NA,NA,NA,NA,NA,NA,NA
2026-04-05 13:00:00,37.25,83.0,3.75,6.25,10.0,20.75,2.0,0.0,32.5,NA,NA,NA,NA,NA,NA,NA,NA,NA,NA,NA,NA,NA,NA,NA
2026-04-05 14:00:00,35.5,73.5,3.5,7.0,11.0,21.0,2.0,0.0,32.5,NA,NA,NA,NA,NA,NA,NA,NA,NA,NA,NA,NA,NA,NA,NA
2026-04-05 15:00:00,NA,NA,NA,NA,NA,NA,NA,NA,NA,NA,NA,NA,NA,NA,NA,NA,NA,NA,NA,NA,NA,NA,NA,NA
2026-04-05 16:00:00,NA,NA,NA,NA,NA,NA,NA,NA,NA,NA,NA,NA,NA,NA,NA,NA,NA,NA,NA,NA,NA,NA,NA,NA
2026-04-05 17:00:00,NA,NA,NA,NA,NA,NA,NA,NA,NA,NA,NA,NA,NA,NA,NA,NA,NA,NA,NA,NA,NA,NA,NA,NA
2026-04-05 18:00:00,NA,NA,NA,NA,NA,NA,NA,NA,NA,NA,NA,NA,NA,NA,NA,NA,NA,NA,NA,NA,NA,NA,NA,NA
2026-04-05 19:00:00,NA,NA,NA,NA,NA,NA,NA,NA,NA,NA,NA,NA,NA,NA,NA,NA,NA,NA,NA,NA,NA,NA,NA,NA
2026-04-05 20:00:00,NA,NA,NA,NA,NA,NA,NA,NA,NA,NA,NA,NA,NA,NA,NA,NA,NA,NA,NA,NA,NA,NA,NA,NA
2026-04-05 21:00:00,NA,NA,NA,NA,NA,NA,NA,NA,NA,NA,NA,NA,NA,NA,NA,NA,NA,NA,NA,NA,NA,NA,NA,NA
2026-04-05 22:00:00,NA,NA,NA,NA,NA,NA,NA,NA,NA,NA,NA,NA,NA,NA,NA,NA,NA,NA,NA,NA,NA,NA,NA,NA
2026-04-05 23:00:00,NA,NA,NA,NA,NA,NA,NA,NA,NA,NA,NA,NA,NA,NA,NA,NA,NA,NA,NA,NA,NA,NA,NA,NA
2026-04-06 00:00:00,NA,NA,NA,NA,NA,NA,NA,NA,NA,NA,NA,NA,NA,NA,NA,NA,NA,NA,NA,NA,NA,NA,NA,NA
2026-04-06 01:00:00,NA,NA,NA,NA,NA,NA,NA,NA,NA,NA,NA,NA,NA,NA,NA,NA,NA,NA,NA,NA,NA,NA,NA,NA
2026-04-06 02:00:00,NA,NA,NA,NA,NA,NA,NA,NA,NA,NA,NA,NA,NA,NA,NA,NA,NA,NA,NA,NA,NA,NA,NA,NA
2026-04-06 03:00:00,NA,NA,NA,NA,NA,NA,NA,NA,NA,NA,NA,NA,NA,NA,NA,NA,NA,NA,NA,NA,NA,NA,NA,NA
2026-04-06 04:00:00,NA,NA,NA,NA,NA,NA,NA,NA,NA,NA,NA,NA,NA,NA,NA,NA,NA,NA,NA,NA,NA,NA,NA,NA
2026-04-06 05:00:00,NA,NA,NA,NA,NA,NA,NA,NA,NA,NA,NA,NA,NA,NA,NA,NA,NA,NA,NA,NA,NA,NA,NA,NA
2026-04-06 06:00:00,NA,NA,NA,NA,NA,NA,NA,NA,NA,NA,NA,NA,NA,NA,NA,NA,NA,NA,NA,NA,NA,NA,NA,NA
2026-04-06 07:00:00,NA,NA,NA,NA,NA,NA,NA,NA,NA,NA,NA,NA,NA,NA,NA,NA,NA,NA,NA,NA,NA,NA,NA,NA
2026-04-06 08:00:00,NA,NA,NA,NA,NA,NA,NA,NA,NA,NA,NA,NA,NA,NA,NA,NA,NA,NA,NA,NA,NA,NA,NA,NA
2026-04-06 09:00:00,NA,NA,NA,NA,NA,NA,NA,NA,NA,NA,NA,NA,NA,NA,NA,NA,NA,NA,NA,NA,NA,NA,NA,NA
2026-04-06 10:00:00,NA,NA,NA,NA,NA,NA,NA,NA,NA,NA,NA,NA,NA,NA,NA,NA,NA,NA,NA,NA,NA,NA,NA,NA
2026-04-06 11:00:00,NA,NA,NA,NA,NA,NA,NA,NA,NA,NA,NA,NA,NA,NA,NA,NA,NA,NA,NA,NA,NA,NA,NA,NA
2026-04-06 12:00:00,NA,NA,NA,NA,NA,NA,NA,NA,NA,NA,NA,NA,NA,NA,NA,NA,NA,NA,NA,NA,NA,NA,NA,NA
2026-04-06 13:00:00,NA,NA,NA,NA,NA,NA,NA,NA,NA,NA,NA,NA,NA,NA,NA,NA,NA,NA,NA,NA,NA,NA,NA,NA
2026-04-06 14:00:00,NA,NA,NA,NA,NA,NA,NA,NA,NA,NA,NA,NA,NA,NA,NA,NA,NA,NA,NA,NA,NA,NA,NA,NA
2026-04-06 15:00:00,NA,NA,NA,NA,NA,NA,NA,NA,NA,NA,NA,NA,NA,NA,NA,NA,NA,NA,NA,NA,NA,NA,NA,NA
2026-04-06 16:00:00,NA,NA,NA,NA,NA,NA,NA,NA,NA,NA,NA,NA,NA,NA,NA,NA,NA,NA,NA,NA,NA,NA,NA,NA
2026-04-06 17:00:00,NA,NA,NA,NA,NA,NA,NA,NA,NA,NA,NA,NA,NA,NA,NA,NA,NA,NA,NA,NA,NA,NA,NA,NA
2026-04-06 18:00:00,NA,NA,NA,NA,NA,NA,NA,NA,NA,NA,NA,NA,NA,NA,NA,NA,NA,NA,NA,NA,NA,NA,NA,NA
2026-04-06 19:00:00,NA,NA,NA,NA,NA,NA,NA,NA,NA,NA,NA,NA,NA,NA,NA,NA,NA,NA,NA,NA,NA,NA,NA,NA
2026-04-06 20:00:00,NA,NA,NA,NA,NA,NA,NA,NA,NA,NA,NA,NA,NA,NA,NA,NA,NA,NA,NA,NA,NA,NA,NA,NA
2026-04-06 21:00:00,NA,NA,NA,NA,NA,NA,NA,NA,NA,NA,NA,NA,NA,NA,NA,NA,NA,NA,NA,NA,NA,NA,NA,NA
2026-04-06 22:00:00,NA,NA,NA,NA,NA,NA,NA,NA,NA,NA,NA,NA,NA,NA,NA,NA,NA,NA,NA,NA,NA,NA,NA,NA
2026-04-06 23:00:00,NA,NA,NA,NA,NA,NA,NA,NA,NA,NA,NA,NA,NA,NA,NA,NA,NA,NA,NA,NA,NA,NA,NA,NA
2026-04-07 00:00:00,NA,NA,NA,NA,NA,NA,NA,NA,NA,NA,NA,NA,NA,NA,NA,NA,NA,NA,NA,NA,NA,NA,NA,NA
2026-04-07 01:00:00,NA,NA,NA,NA,NA,NA,NA,NA,NA,NA,NA,NA,NA,NA,NA,NA,NA,NA,NA,NA,NA,NA,NA,NA
2026-04-07 02:00:00,NA,NA,NA,NA,NA,NA,NA,NA,NA,NA,NA,NA,NA,NA,NA,NA,NA,NA,NA,NA,NA,NA,NA,NA
2026-04-07 03:00:00,NA,NA,NA,NA,NA,NA,NA,NA,NA,NA,NA,NA,NA,NA,NA,NA,NA,NA,NA,NA,NA,NA,NA,NA
2026-04-07 04:00:00,NA,NA,NA,NA,NA,NA,NA,NA,NA,NA,NA,NA,NA,NA,NA,NA,NA,NA,NA,NA,NA,NA,NA,NA
2026-04-07 05:00:00,NA,NA,NA,NA,NA,NA,NA,NA,NA,NA,NA,NA,NA,NA,NA,NA,NA,NA,NA,NA,NA,NA,NA,NA
2026-04-07 06:00:00,NA,NA,NA,NA,NA,NA,NA,NA,NA,NA,NA,NA,NA,NA,NA,NA,NA,NA,NA,NA,NA,NA,NA,NA
2026-04-07 07:00:00,36.0,81.0,10.0,8.5,19.0,33.5,0.5,0.0,6.5,NA,NA,NA,NA,NA,NA,NA,NA,NA,NA,NA,NA,NA,NA,NA
2026-04-07 08:00:00,46.0,130.0,3.0,5.0,8.5,17.5,1.0,0.0,15.5,NA,NA,NA,NA,NA,NA,NA,NA,NA,NA,NA,NA,NA,NA,NA
2026-04-07 09:00:00,NA,NA,NA,NA,NA,NA,NA,NA,NA,NA,NA,NA,NA,NA,NA,NA,NA,NA,NA,NA,NA,NA,NA,NA
2026-04-07 10:00:00,NA,NA,NA,NA,NA,NA,NA,NA,NA,NA,NA,NA,NA,NA,NA,NA,NA,NA,NA,NA,NA,NA,NA,NA
2026-04-07 11:00:00,NA,NA,NA,NA,NA,NA,NA,NA,NA,NA,NA,NA,NA,NA,NA,NA,NA,NA,NA,NA,NA,NA,NA,NA
2026-04-07 12:00:00,26.0,85.0,NA,NA,NA,NA,2.0,0.0,NA,NA,NA,NA,NA,NA,NA,NA,NA,NA,NA,NA,NA,NA,NA,NA
2026-04-07 13:00:00,0.0,0.0,16.0,20.5,34.5,86.0,1.75,NA,NA,NA,NA,NA,NA,NA,NA,NA,NA,NA,NA,NA,NA,NA,NA,NA
2026-04-07 14:00:00,15.0,23.0,4.5,19.75,24.5,68.0,1.0,NA,NA,NA,NA,NA,NA,NA,NA,NA,NA,NA,NA,NA,NA,NA,NA,NA
2026-04-07 15:00:00,16.25,31.0,NA,NA,NA,61.0,1.0,0.0,13.0,NA,NA,NA,NA,NA,NA,NA,NA,NA,NA,NA,NA,NA,NA,NA
2026-04-07 16:00:00,21.75,65.0,NA,NA,NA,NA,1.5,0.0,19.0,NA,NA,NA,NA,NA,NA,NA,NA,NA,NA,NA,NA,NA,NA,NA
2026-04-07 17:00:00,26.75,92.75,NA,NA,NA,NA,1.75,0.0,21.75,NA,NA,NA,NA,NA,NA,NA,NA,NA,NA,NA,NA,NA,NA,NA
2026-04-07 18:00:00,25.5,93.75,NA,NA,NA,NA,1.25,0.0,20.25,NA,NA,NA,NA,NA,NA,NA,NA,NA,NA,NA,NA,NA,NA,NA
2026-04-07 19:00:00,24.0,105.5,NA,NA,NA,NA,1.0,0.0,18.0,NA,NA,NA,NA,NA,NA,NA,NA,NA,NA,NA,NA,NA,NA,NA
2026-04-07 20:00:00,25.5,99.25,NA,NA,NA,NA,1.75,0.0,13.0,NA,NA,NA,NA,NA,NA,NA,NA,NA,NA,NA,NA,NA,NA,NA
2026-04-07 21:00:00,29.25,98.0,NA,NA,NA,NA,2.0,0.0,10.75,NA,NA,NA,NA,NA,NA,NA,NA,NA,NA,NA,NA,NA,NA,NA
2026-04-07 22:00:00,26.25,84.25,NA,NA,NA,NA,2.0,0.0,7.75,NA,NA,NA,NA,NA,NA,NA,NA,NA,NA,NA,NA,NA,NA,NA
2026-04-07 23:00:00,22.25,90.75,NA,NA,NA,NA,1.75,0.0,8.5,NA,NA,NA,NA,NA,NA,NA,NA,NA,NA,NA,NA,NA,NA,NA
2026-04-08 00:00:00,20.0,99.0,NA,NA,NA,NA,1.75,0.0,7.5,NA,NA,NA,NA,NA,NA,NA,NA,NA,NA,NA,NA,NA,NA,NA
2026-04-08 01:00:00,30.5,98.25,NA,NA,NA,NA,1.75,0.0,7.5,NA,NA,NA,NA,NA,NA,NA,NA,NA,NA,NA,NA,NA,NA,NA
2026-04-08 02:00:00,31.25,94.5,NA,NA,NA,NA,1.5,0.0,7.0,NA,NA,NA,NA,NA,NA,NA,NA,NA,NA,NA,NA,NA,NA,NA
2026-04-08 03:00:00,20.5,90.25,NA,NA,NA,NA,1.0,0.0,8.75,NA,NA,NA,NA,NA,NA,NA,NA,NA,NA,NA,NA,NA,NA,NA
2026-04-08 04:00:00,22.25,91.25,NA,NA,NA,NA,1.25,0.0,7.25,NA,NA,NA,NA,NA,NA,NA,NA,NA,NA,NA,NA,NA,NA,NA
2026-04-08 05:00:00,20.25,74.5,15.0,24.0,41.0,NA,1.5,0.0,3.0,NA,NA,NA,NA,NA,NA,NA,NA,NA,NA,NA,NA,NA,NA,NA
2026-04-08 06:00:00,15.5,70.75,NA,NA,NA,NA,1.0,0.0,2.0,NA,NA,NA,NA,NA,NA,NA,NA,NA,NA,NA,NA,NA,NA,NA
2026-04-08 07:00:00,27.0,85.0,NA,NA,NA,NA,1.25,0.0,3.0,NA,NA,NA,NA,NA,NA,NA,NA,NA,NA,NA,NA,NA,NA,NA
2026-04-08 08:00:00,28.75,105.25,NA,NA,NA,NA,0.5,0.0,3.75,NA,NA,NA,NA,NA,NA,NA,NA,NA,NA,NA,NA,NA,NA,NA
2026-04-08 09:00:00,22.75,104.5,NA,NA,NA,NA,0.0,0.0,4.25,NA,NA,NA,NA,NA,NA,NA,NA,NA,NA,NA,NA,NA,NA,NA
2026-04-08 10:00:00,15.25,81.0,NA,NA,NA,NA,0.0,0.0,5.75,NA,NA,NA,NA,NA,NA,NA,NA,NA,NA,NA,NA,NA,NA,NA
2026-04-08 11:00:00,16.5,77.75,NA,NA,NA,NA,0.0,0.0,4.5,NA,NA,NA,NA,NA,NA,NA,NA,NA,NA,NA,NA,NA,NA,NA
2026-04-08 12:00:00,27.0,77.0,NA,NA,NA,NA,0.0,0.0,5.0,NA,NA,NA,NA,NA,NA,NA,NA,NA,NA,NA,NA,NA,NA,NA
2026-04-08 13:00:00,20.75,65.75,NA,NA,NA,NA,0.75,0.0,8.75,NA,NA,NA,NA,NA,NA,NA,NA,NA,NA,NA,NA,NA,NA,NA
2026-04-08 14:00:00,23.25,54.5,NA,NA,NA,NA,1.0,0.0,10.0,NA,NA,NA,NA,NA,NA,NA,NA,NA,NA,NA,NA,NA,NA,NA
2026-04-08 15:00:00,14.25,69.75,NA,NA,NA,NA,1.0,0.0,12.25,NA,NA,NA,NA,NA,NA,NA,NA,NA,NA,NA,NA,NA,NA,NA
2026-04-08 16:00:00,16.75,83.75,19.75,15.5,35.75,122.5,1.0,0.0,8.5,NA,NA,NA,NA,NA,NA,NA,NA,NA,NA,NA,NA,NA,NA,NA
2026-04-08 17:00:00,20.0,75.0,18.25,13.25,31.75,114.5,1.0,0.0,8.25,NA,NA,NA,NA,NA,NA,NA,NA,NA,NA,NA,NA,NA,NA,NA
2026-04-08 18:00:00,15.75,69.75,16.75,13.25,30.5,107.75,0.5,0.0,9.0,NA,NA,NA,NA,NA,NA,NA,NA,NA,NA,NA,NA,NA,NA,NA
2026-04-08 19:00:00,21.75,75.25,33.25,14.25,48.0,137.25,0.25,0.0,3.75,NA,NA,NA,NA,NA,NA,NA,NA,NA,NA,NA,NA,NA,NA,NA
2026-04-08 20:00:00,25.0,87.5,28.0,12.5,40.75,119.75,0.0,0.0,4.25,NA,NA,NA,NA,NA,NA,NA,NA,NA,NA,NA,NA,NA,NA,NA
2026-04-08 21:00:00,28.5,92.75,28.0,11.5,39.75,117.75,0.0,0.0,4.25,NA,NA,NA,NA,NA,NA,NA,NA,NA,NA,NA,NA,NA,NA,NA
2026-04-08 22:00:00,30.0,86.75,27.0,11.0,38.5,112.25,0.0,0.0,4.25,NA,NA,NA,NA,NA,NA,NA,NA,NA,NA,NA,NA,NA,NA,NA
2026-04-08 23:00:00,27.0,90.5,18.5,11.5,30.25,95.5,0.0,0.0,4.75,NA,NA,NA,NA,NA,NA,NA,NA,NA,NA,NA,NA,NA,NA,NA
2026-04-09 00:00:00,19.75,100.5,17.0,11.25,29.0,91.75,0.0,0.0,4.5,NA,NA,NA,NA,NA,NA,NA,NA,NA,NA,NA,NA,NA,NA,NA
2026-04-09 01:00:00,26.5,108.75,10.25,11.0,21.5,77.5,0.0,0.0,7.25,NA,NA,NA,NA,NA,NA,NA,NA,NA,NA,NA,NA,NA,NA,NA
2026-04-09 02:00:00,21.75,88.75,6.5,10.75,18.0,70.0,0.0,0.0,7.75,NA,NA,NA,NA,NA,NA,NA,NA,NA,NA,NA,NA,NA,NA,NA
2026-04-09 03:00:00,24.25,103.75,6.25,10.75,17.75,68.0,0.0,0.0,6.25,NA,NA,NA,NA,NA,NA,NA,NA,NA,NA,NA,NA,NA,NA,NA
2026-04-09 04:00:00,23.0,109.0,7.0,11.25,18.75,68.75,0.0,0.0,7.25,NA,NA,NA,NA,NA,NA,NA,NA,NA,NA,NA,NA,NA,NA,NA
2026-04-09 05:00:00,16.0,89.0,11.5,11.75,23.75,76.5,0.0,0.0,5.5,NA,NA,NA,NA,NA,NA,NA,NA,NA,NA,NA,NA,NA,NA,NA
2026-04-09 06:00:00,14.75,92.5,26.25,13.0,39.75,105.25,0.0,0.0,1.25,NA,NA,NA,NA,NA,NA,NA,NA,NA,NA,NA,NA,NA,NA,NA
2026-04-09 07:00:00,21.0,133.25,85.25,26.5,112.0,244.25,0.75,0.0,1.0,NA,NA,NA,NA,NA,NA,NA,NA,NA,NA,NA,NA,NA,NA,NA
2026-04-09 08:00:00,27.0,171.25,50.75,41.25,92.75,206.25,0.75,0.0,4.5,NA,NA,NA,NA,NA,NA,NA,NA,NA,NA,NA,NA,NA,NA,NA
2026-04-09 09:00:00,32.25,164.25,46.75,23.75,70.5,165.25,0.0,0.0,6.25,NA,NA,NA,NA,NA,NA,NA,NA,NA,NA,NA,NA,NA,NA,NA
2026-04-09 10:00:00,21.75,148.5,34.5,21.5,56.25,138.25,0.25,0.0,12.0,NA,NA,NA,NA,NA,NA,NA,NA,NA,NA,NA,NA,NA,NA,NA
2026-04-09 11:00:00,24.5,143.75,22.25,19.5,42.0,111.0,1.0,0.0,17.0,NA,NA,NA,NA,NA,NA,NA,NA,NA,NA,NA,NA,NA,NA,NA
2026-04-09 12:00:00,24.0,149.75,20.0,18.75,39.25,104.0,1.0,0.0,15.5,NA,NA,NA,NA,NA,NA,NA,NA,NA,NA,NA,NA,NA,NA,NA
2026-04-09 13:00:00,17.0,144.25,16.75,17.75,35.25,94.75,1.0,0.0,16.75,NA,NA,NA,NA,NA,NA,NA,NA,NA,NA,NA,NA,NA,NA,NA
2026-04-09 14:00:00,19.5,138.75,13.25,16.75,30.75,85.75,1.25,0.0,18.5,NA,NA,NA,NA,NA,NA,NA,NA,NA,NA,NA,NA,NA,NA,NA
2026-04-09 15:00:00,26.0,135.75,22.5,19.25,42.25,106.25,1.5,0.0,16.0,NA,NA,NA,NA,NA,NA,NA,NA,NA,NA,NA,NA,NA,NA,NA
2026-04-09 16:00:00,23.5,143.75,47.75,23.0,71.25,156.75,2.0,0.0,10.75,NA,NA,NA,NA,NA,NA,NA,NA,NA,NA,NA,NA,NA,NA,NA
2026-04-09 17:00:00,22.5,158.5,30.75,23.25,54.5,126.25,1.0,0.0,15.5,NA,NA,NA,NA,NA,NA,NA,NA,NA,NA,NA,NA,NA,NA,NA
2026-04-09 18:00:00,16.5,154.5,67.75,29.5,97.75,204.0,1.5,0.25,8.5,NA,NA,NA,NA,NA,NA,NA,NA,NA,NA,NA,NA,NA,NA,NA
2026-04-09 19:00:00,20.5,171.25,65.5,31.5,97.25,203.0,1.0,0.0,5.75,NA,NA,NA,NA,NA,NA,NA,NA,NA,NA,NA,NA,NA,NA,NA
2026-04-09 20:00:00,28.25,192.0,58.25,32.25,91.0,186.5,1.0,0.75,4.5,NA,NA,NA,NA,NA,NA,NA,NA,NA,NA,NA,NA,NA,NA,NA
2026-04-09 21:00:00,28.75,189.0,61.75,33.75,95.5,199.25,1.0,0.25,2.75,NA,NA,NA,NA,NA,NA,NA,NA,NA,NA,NA,NA,NA,NA,NA
2026-04-09 22:00:00,31.25,184.5,46.25,35.75,83.0,177.25,1.0,0.0,2.25,NA,NA,NA,NA,NA,NA,NA,NA,NA,NA,NA,NA,NA,NA,NA
2026-04-09 23:00:00,39.75,203.0,66.5,29.25,96.0,204.25,1.0,0.0,1.0,NA,NA,NA,NA,NA,NA,NA,NA,NA,NA,NA,NA,NA,NA,NA
2026-04-10 00:00:00,36.25,219.25,65.5,27.75,94.25,201.75,1.0,0.0,1.0,NA,NA,NA,NA,NA,NA,NA,NA,NA,NA,NA,NA,NA,NA,NA
2026-04-10 01:00:00,34.75,223.5,80.0,21.5,102.5,219.25,1.0,0.0,1.5,NA,NA,NA,NA,NA,NA,NA,NA,NA,NA,NA,NA,NA,NA,NA
2026-04-10 02:00:00,29.0,225.25,41.75,28.5,70.25,156.5,1.0,0.0,2.0,NA,NA,NA,NA,NA,NA,NA,NA,NA,NA,NA,NA,NA,NA,NA
2026-04-10 03:00:00,35.0,223.75,31.0,27.0,58.25,133.75,1.0,0.0,1.75,NA,NA,NA,NA,NA,NA,NA,NA,NA,NA,NA,NA,NA,NA,NA
2026-04-10 04:00:00,42.0,223.75,41.5,25.25,67.25,148.0,1.0,0.0,1.75,NA,NA,NA,NA,NA,NA,NA,NA,NA,NA,NA,NA,NA,NA,NA
2026-04-10 05:00:00,45.75,234.0,41.75,25.25,67.5,149.5,1.0,0.0,1.0,NA,NA,NA,NA,NA,NA,NA,NA,NA,NA,NA,NA,NA,NA,NA
2026-04-10 06:00:00,45.5,214.0,94.0,22.5,117.25,238.5,1.25,0.0,1.0,NA,NA,NA,NA,NA,NA,NA,NA,NA,NA,NA,NA,NA,NA,NA
2026-04-10 07:00:00,38.0,231.0,165.5,19.75,185.5,362.5,2.5,0.75,1.0,NA,NA,NA,NA,NA,NA,NA,NA,NA,NA,NA,NA,NA,NA,NA
2026-04-10 08:00:00,50.0,NA,120.25,25.75,146.0,290.25,2.25,1.0,2.25,NA,NA,NA,NA,NA,NA,NA,NA,NA,NA,NA,NA,NA,NA,NA
2026-04-10 09:00:00,60.5,NA,86.0,29.25,115.5,234.5,2.0,0.5,3.5,NA,NA,NA,NA,NA,NA,NA,NA,NA,NA,NA,NA,NA,NA,NA
2026-04-10 10:00:00,59.75,NA,58.75,28.0,87.75,183.75,2.0,0.25,10.5,NA,NA,NA,NA,NA,NA,NA,NA,NA,NA,NA,NA,NA,NA,NA
2026-04-10 11:00:00,45.75,NA,22.5,26.25,49.25,116.5,2.0,0.0,21.25,NA,NA,NA,NA,NA,NA,NA,NA,NA,NA,NA,NA,NA,NA,NA
2026-04-10 12:00:00,45.25,237.0,36.75,35.25,72.25,156.75,2.0,0.0,20.0,NA,NA,NA,NA,NA,NA,NA,NA,NA,NA,NA,NA,NA,NA,NA
2026-04-10 13:00:00,48.0,235.0,15.25,29.0,44.5,107.5,2.0,0.0,37.5,NA,NA,NA,NA,NA,NA,NA,NA,NA,NA,NA,NA,NA,NA,NA
2026-04-10 14:00:00,48.0,227.25,14.25,24.75,39.25,98.75,2.0,0.0,30.5,NA,NA,NA,NA,NA,NA,NA,NA,NA,NA,NA,NA,NA,NA,NA
2026-04-10 15:00:00,29.0,217.5,23.0,27.75,51.5,121.25,1.75,0.0,22.75,NA,NA,NA,NA,NA,NA,NA,NA,NA,NA,NA,NA,NA,NA,NA
2026-04-10 16:00:00,30.0,207.0,21.75,27.5,49.75,118.25,2.0,0.0,23.25,NA,NA,NA,NA,NA,NA,NA,NA,NA,NA,NA,NA,NA,NA,NA
2026-04-10 17:00:00,38.5,208.75,19.75,25.25,45.5,112.25,1.5,0.0,22.75,NA,NA,NA,NA,NA,NA,NA,NA,NA,NA,NA,NA,NA,NA,NA
2026-04-10 18:00:00,28.5,196.0,17.75,30.75,49.25,116.5,1.25,0.0,24.75,NA,NA,NA,NA,NA,NA,NA,NA,NA,NA,NA,NA,NA,NA,NA
2026-04-10 19:00:00,38.25,203.75,38.0,38.5,77.0,169.5,0.5,0.75,18.75,NA,NA,NA,NA,NA,NA,NA,NA,NA,NA,NA,NA,NA,NA,NA
2026-04-10 20:00:00,40.0,223.25,33.75,41.25,75.5,162.75,0.75,0.75,19.5,NA,NA,NA,NA,NA,NA,NA,NA,NA,NA,NA,NA,NA,NA,NA
2026-04-10 21:00:00,61.75,217.75,34.0,42.5,76.75,167.0,1.0,1.0,15.75,NA,NA,NA,NA,NA,NA,NA,NA,NA,NA,NA,NA,NA,NA,NA
2026-04-10 22:00:00,64.25,234.75,37.75,49.75,88.0,189.0,1.25,1.0,9.25,NA,NA,NA,NA,NA,NA,NA,NA,NA,NA,NA,NA,NA,NA,NA
2026-04-10 23:00:00,63.5,234.0,38.5,51.5,90.75,199.5,0.5,1.0,5.25,NA,NA,NA,NA,NA,NA,NA,NA,NA,NA,NA,NA,NA,NA,NA
2026-04-11 00:00:00,73.0,NA,23.0,36.75,60.5,136.25,0.0,0.0,14.75,NA,NA,NA,NA,NA,NA,NA,NA,NA,NA,NA,NA,NA,NA,NA
2026-04-11 01:00:00,89.0,235.0,16.0,31.75,48.5,113.25,0.0,0.0,14.0,NA,NA,NA,NA,NA,NA,NA,NA,NA,NA,NA,NA,NA,NA,NA
2026-04-11 02:00:00,74.0,229.25,6.5,27.75,35.0,88.5,0.0,0.0,21.75,NA,NA,NA,NA,NA,NA,NA,NA,NA,NA,NA,NA,NA,NA,NA
2026-04-11 03:00:00,72.5,214.0,5.0,23.0,28.25,75.75,0.0,0.0,28.0,NA,NA,NA,NA,NA,NA,NA,NA,NA,NA,NA,NA,NA,NA,NA
2026-04-11 04:00:00,68.5,214.5,5.0,21.5,26.75,73.5,0.25,0.0,27.75,NA,NA,NA,NA,NA,NA,NA,NA,NA,NA,NA,NA,NA,NA,NA
2026-04-11 05:00:00,69.0,201.25,9.5,24.75,34.5,85.25,0.0,0.0,23.25,NA,NA,NA,NA,NA,NA,NA,NA,NA,NA,NA,NA,NA,NA,NA
2026-04-11 06:00:00,65.0,188.75,17.75,28.75,47.0,108.5,0.0,0.0,14.0,NA,NA,NA,NA,NA,NA,NA,NA,NA,NA,NA,NA,NA,NA,NA
2026-04-11 07:00:00,62.0,208.25,35.0,29.5,64.75,139.25,0.0,0.0,8.5,NA,NA,NA,NA,NA,NA,NA,NA,NA,NA,NA,NA,NA,NA,NA
2026-04-11 08:00:00,61.25,233.0,44.25,36.75,81.5,174.25,0.75,0.0,12.0,NA,NA,NA,NA,NA,NA,NA,NA,NA,NA,NA,NA,NA,NA,NA
2026-04-11 09:00:00,55.0,100.0,20.0,36.67,57.0,135.0,1.0,0.0,24.33,NA,NA,NA,NA,NA,NA,NA,NA,NA,NA,NA,NA,NA,NA,NA
2026-04-11 10:00:00,43.5,111.0,12.5,26.5,39.5,104.5,1.0,0.0,30.5,NA,NA,NA,NA,NA,NA,NA,NA,NA,NA,NA,NA,NA,NA,NA
2026-04-11 11:00:00,54.0,149.0,5.75,24.75,31.25,88.25,1.0,0.0,38.25,NA,NA,NA,NA,NA,NA,NA,NA,NA,NA,NA,NA,NA,NA,NA
2026-04-11 12:00:00,47.75,172.75,3.75,25.5,29.5,83.5,1.0,0.0,49.25,NA,NA,NA,NA,NA,NA,NA,NA,NA,NA,NA,NA,NA,NA,NA
2026-04-11 13:00:00,56.5,187.5,6.25,57.5,64.25,143.75,1.0,0.0,45.25,NA,NA,NA,NA,NA,NA,NA,NA,NA,NA,NA,NA,NA,NA,NA
2026-04-11 14:00:00,46.25,186.5,5.75,59.5,65.75,145.75,1.0,0.0,46.5,NA,NA,NA,NA,NA,NA,NA,NA,NA,NA,NA,NA,NA,NA,NA
2026-04-11 15:00:00,44.25,199.0,6.75,28.75,36.0,93.25,1.0,0.0,45.0,NA,NA,NA,NA,NA,NA,NA,NA,NA,NA,NA,NA,NA,NA,NA
2026-04-11 16:00:00,54.75,208.25,21.5,34.0,55.75,127.5,1.0,0.0,38.25,NA,NA,NA,NA,NA,NA,NA,NA,NA,NA,NA,NA,NA,NA,NA
2026-04-11 17:00:00,50.5,215.75,21.25,42.25,64.25,141.0,0.5,0.0,41.75,NA,NA,NA,NA,NA,NA,NA,NA,NA,NA,NA,NA,NA,NA,NA
2026-04-11 18:00:00,35.75,206.5,9.25,38.5,48.5,114.75,1.5,0.25,58.75,NA,NA,NA,NA,NA,NA,NA,NA,NA,NA,NA,NA,NA,NA,NA
2026-04-11 19:00:00,54.0,194.25,8.0,49.75,58.5,135.5,1.25,0.5,47.75,NA,NA,NA,NA,NA,NA,NA,NA,NA,NA,NA,NA,NA,NA,NA
2026-04-11 20:00:00,68.25,201.0,4.5,44.0,49.25,117.0,1.0,0.25,46.0,NA,NA,NA,NA,NA,NA,NA,NA,NA,NA,NA,NA,NA,NA,NA
2026-04-11 21:00:00,71.25,192.0,6.25,46.25,53.25,123.25,1.0,0.25,46.0,NA,NA,NA,NA,NA,NA,NA,NA,NA,NA,NA,NA,NA,NA,NA
2026-04-11 22:00:00,69.25,187.25,14.25,48.75,63.25,140.5,0.75,0.5,29.0,NA,NA,NA,NA,NA,NA,NA,NA,NA,NA,NA,NA,NA,NA,NA
2026-04-11 23:00:00,76.75,198.5,16.5,45.0,62.0,136.25,0.75,0.0,26.75,NA,NA,NA,NA,NA,NA,NA,NA,NA,NA,NA,NA,NA,NA,NA
2026-04-12 00:00:00,72.25,194.0,17.5,38.5,56.5,126.0,0.75,0.0,23.25,NA,NA,NA,NA,NA,NA,NA,NA,NA,NA,NA,NA,NA,NA,NA
2026-04-12 01:00:00,60.5,188.75,13.25,36.5,50.25,114.75,0.25,0.0,18.75,NA,NA,NA,NA,NA,NA,NA,NA,NA,NA,NA,NA,NA,NA,NA
2026-04-12 02:00:00,58.25,182.75,6.5,33.0,39.75,96.5,0.0,0.0,18.5,NA,NA,NA,NA,NA,NA,NA,NA,NA,NA,NA,NA,NA,NA,NA
2026-04-12 03:00:00,55.5,186.5,6.25,26.75,33.25,86.0,0.75,0.0,12.75,NA,NA,NA,NA,NA,NA,NA,NA,NA,NA,NA,NA,NA,NA,NA
2026-04-12 04:00:00,53.5,187.5,11.25,18.75,30.25,82.25,0.0,0.0,6.0,NA,NA,NA,NA,NA,NA,NA,NA,NA,NA,NA,NA,NA,NA,NA
2026-04-12 05:00:00,54.75,183.5,27.0,16.75,44.0,108.75,0.75,0.0,2.0,NA,NA,NA,NA,NA,NA,NA,NA,NA,NA,NA,NA,NA,NA,NA
2026-04-12 06:00:00,65.0,204.0,24.0,18.25,42.75,107.0,0.75,0.0,2.25,NA,NA,NA,NA,NA,NA,NA,NA,NA,NA,NA,NA,NA,NA,NA
2026-04-12 07:00:00,72.0,224.25,38.0,18.0,56.75,131.5,0.75,0.25,2.5,NA,NA,NA,NA,NA,NA,NA,NA,NA,NA,NA,NA,NA,NA,NA
2026-04-12 08:00:00,NA,248.0,77.33,24.67,102.33,223.67,1.0,1.0,3.33,NA,NA,NA,NA,NA,NA,NA,NA,NA,NA,NA,NA,NA,NA,NA
2026-04-12 09:00:00,NA,NA,52.25,94.25,146.75,298.25,0.5,0.75,8.0,NA,NA,NA,NA,NA,NA,NA,NA,NA,NA,NA,NA,NA,NA,NA
2026-04-12 10:00:00,71.0,243.0,19.25,87.5,107.5,225.75,0.75,0.25,36.5,NA,NA,NA,NA,NA,NA,NA,NA,NA,NA,NA,NA,NA,NA,NA
2026-04-12 11:00:00,72.25,235.0,5.0,39.75,45.0,111.0,1.0,0.0,43.0,NA,NA,NA,NA,NA,NA,NA,NA,NA,NA,NA,NA,NA,NA,NA
2026-04-12 12:00:00,NA,NA,NA,NA,NA,NA,NA,NA,NA,NA,NA,NA,NA,NA,NA,NA,NA,NA,NA,NA,NA,NA,NA,NA
2026-04-12 13:00:00,49.0,174.67,7.67,27.0,35.33,108.0,NA,0.0,36.0,NA,NA,NA,NA,NA,NA,NA,NA,NA,NA,NA,NA,NA,NA,NA
2026-04-12 14:00:00,37.0,144.5,8.5,30.0,39.25,120.5,NA,0.75,39.25,NA,NA,NA,NA,NA,NA,NA,NA,NA,NA,NA,NA,NA,NA,NA
2026-04-12 15:00:00,NA,NA,7.33,32.0,39.33,124.33,NA,NA,NA,NA,NA,NA,NA,NA,NA,NA,NA,NA,NA,NA,NA,NA,NA,NA
2026-04-12 16:00:00,35.0,147.0,NA,NA,NA,NA,NA,4.67,41.0,NA,NA,NA,NA,NA,NA,NA,NA,NA,NA,NA,NA,NA,NA,NA
2026-04-12 17:00:00,NA,NA,NA,NA,NA,NA,NA,NA,NA,NA,NA,NA,NA,NA,NA,NA,NA,NA,NA,NA,NA,NA,NA,NA
2026-04-12 18:00:00,NA,NA,NA,NA,NA,NA,NA,NA,NA,NA,NA,NA,NA,NA,NA,NA,NA,NA,NA,NA,NA,NA,NA,NA
2026-04-12 19:00:00,43.0,141.33,9.0,39.0,49.0,140.0,1.0,4.0,36.0,NA,NA,NA,NA,NA,NA,NA,NA,NA,NA,NA,NA,NA,NA,NA
2026-04-12 20:00:00,46.5,136.25,13.25,44.5,58.75,164.75,0.0,4.75,20.0,NA,NA,NA,NA,NA,NA,NA,NA,NA,NA,NA,NA,NA,NA,NA
2026-04-12 21:00:00,56.5,116.25,13.0,40.0,53.25,151.0,NA,4.5,19.75,NA,NA,NA,NA,NA,NA,NA,NA,NA,NA,NA,NA,NA,NA,NA
2026-04-12 22:00:00,56.75,137.75,17.5,38.25,55.75,142.5,0.0,5.0,15.25,NA,NA,NA,NA,NA,NA,NA,NA,NA,NA,NA,NA,NA,NA,NA
2026-04-12 23:00:00,51.0,156.25,20.5,28.0,49.5,117.5,0.0,4.5,12.25,NA,NA,NA,NA,NA,NA,NA,NA,NA,NA,NA,NA,NA,NA,NA
2026-04-13 00:00:00,45.25,163.5,12.25,22.0,35.0,86.0,0.0,4.25,10.0,NA,NA,NA,NA,NA,NA,NA,NA,NA,NA,NA,NA,NA,NA,NA
2026-04-13 01:00:00,48.0,161.25,4.75,11.25,16.25,48.25,0.0,1.0,14.75,NA,NA,NA,NA,NA,NA,NA,NA,NA,NA,NA,NA,NA,NA,NA
2026-04-13 02:00:00,56.5,156.0,5.5,16.0,22.0,61.5,0.0,0.0,17.75,NA,NA,NA,NA,NA,NA,NA,NA,NA,NA,NA,NA,NA,NA,NA
2026-04-13 03:00:00,58.25,164.75,2.75,14.75,18.0,61.75,0.0,0.0,20.25,NA,NA,NA,NA,NA,NA,NA,NA,NA,NA,NA,NA,NA,NA,NA
2026-04-13 04:00:00,33.5,136.0,4.75,13.75,18.75,62.75,0.0,0.0,13.0,NA,NA,NA,NA,NA,NA,NA,NA,NA,NA,NA,NA,NA,NA,NA
2026-04-13 05:00:00,27.25,124.25,10.75,12.5,23.5,72.25,0.0,0.0,5.25,NA,NA,NA,NA,NA,NA,NA,NA,NA,NA,NA,NA,NA,NA,NA
2026-04-13 06:00:00,31.0,117.75,5.5,11.5,17.5,60.5,0.0,0.0,5.25,NA,NA,NA,NA,NA,NA,NA,NA,NA,NA,NA,NA,NA,NA,NA
2026-04-13 07:00:00,32.25,104.25,11.25,15.5,27.25,83.0,0.0,0.0,4.5,NA,NA,NA,NA,NA,NA,NA,NA,NA,NA,NA,NA,NA,NA,NA
2026-04-13 08:00:00,38.25,132.75,11.75,18.0,30.25,82.25,1.0,0.0,7.75,NA,NA,NA,NA,NA,NA,NA,NA,NA,NA,NA,NA,NA,NA,NA
2026-04-13 09:00:00,42.75,144.25,11.0,21.25,33.0,87.75,1.0,0.0,9.75,NA,NA,NA,NA,NA,NA,NA,NA,NA,NA,NA,NA,NA,NA,NA
2026-04-13 10:00:00,37.0,140.0,10.25,16.25,27.25,76.5,0.75,0.0,13.5,NA,NA,NA,NA,NA,NA,NA,NA,NA,NA,NA,NA,NA,NA,NA
2026-04-13 11:00:00,42.5,142.25,7.25,17.5,25.25,72.25,1.0,0.0,17.0,NA,NA,NA,NA,NA,NA,NA,NA,NA,NA,NA,NA,NA,NA,NA
2026-04-13 12:00:00,47.0,136.0,5.5,16.75,22.5,66.75,0.75,0.0,20.75,NA,NA,NA,NA,NA,NA,NA,NA,NA,NA,NA,NA,NA,NA,NA
2026-04-13 13:00:00,35.0,129.0,4.75,17.25,22.5,66.5,0.75,0.0,26.25,NA,NA,NA,NA,NA,NA,NA,NA,NA,NA,NA,NA,NA,NA,NA
2026-04-13 14:00:00,36.25,142.0,3.25,14.5,18.25,57.25,0.5,0.0,27.5,NA,NA,NA,NA,NA,NA,NA,NA,NA,NA,NA,NA,NA,NA,NA
2026-04-13 15:00:00,40.25,140.75,3.75,14.75,18.75,58.75,0.25,0.0,24.5,NA,NA,NA,NA,NA,NA,NA,NA,NA,NA,NA,NA,NA,NA,NA
2026-04-13 16:00:00,39.5,149.0,8.5,16.25,25.0,69.5,0.25,0.0,24.25,NA,NA,NA,NA,NA,NA,NA,NA,NA,NA,NA,NA,NA,NA,NA
2026-04-13 17:00:00,32.75,155.25,8.25,18.25,26.75,72.0,0.0,0.0,27.5,NA,NA,NA,NA,NA,NA,NA,NA,NA,NA,NA,NA,NA,NA,NA
2026-04-13 18:00:00,27.5,149.75,9.25,20.75,30.75,79.25,0.5,0.0,25.5,NA,NA,NA,NA,NA,NA,NA,NA,NA,NA,NA,NA,NA,NA,NA
2026-04-13 19:00:00,33.0,155.75,4.75,19.0,24.25,68.75,0.0,0.0,22.0,NA,NA,NA,NA,NA,NA,NA,NA,NA,NA,NA,NA,NA,NA,NA
2026-04-13 20:00:00,35.75,150.0,3.0,16.75,20.0,64.5,0.0,0.0,18.75,NA,NA,NA,NA,NA,NA,NA,NA,NA,NA,NA,NA,NA,NA,NA
2026-04-13 21:00:00,34.75,150.0,7.25,18.0,26.0,70.25,NA,0.0,17.5,NA,NA,NA,NA,NA,NA,NA,NA,NA,NA,NA,NA,NA,NA,NA
2026-04-13 22:00:00,37.0,145.25,6.25,19.75,26.0,71.25,0.0,0.0,21.5,NA,NA,NA,NA,NA,NA,NA,NA,NA,NA,NA,NA,NA,NA,NA
2026-04-13 23:00:00,43.5,158.25,6.0,21.75,28.75,75.0,0.0,0.0,18.5,NA,NA,NA,NA,NA,NA,NA,NA,NA,NA,NA,NA,NA,NA,NA
2026-04-14 00:00:00,37.25,162.0,4.75,19.0,24.25,67.5,0.0,0.0,20.25,NA,NA,NA,NA,NA,NA,NA,NA,NA,NA,NA,NA,NA,NA,NA
2026-04-14 01:00:00,37.25,159.25,2.75,15.75,19.25,58.0,0.0,0.0,17.25,NA,NA,NA,NA,NA,NA,NA,NA,NA,NA,NA,NA,NA,NA,NA
2026-04-14 02:00:00,29.5,150.25,2.75,13.25,16.5,52.75,0.0,0.0,14.0,NA,NA,NA,NA,NA,NA,NA,NA,NA,NA,NA,NA,NA,NA,NA
2026-04-14 03:00:00,41.0,150.25,9.5,10.75,21.0,63.5,0.0,0.0,9.5,NA,NA,NA,NA,NA,NA,NA,NA,NA,NA,NA,NA,NA,NA,NA
2026-04-14 04:00:00,39.5,164.75,23.75,10.25,34.5,86.75,0.0,0.0,5.5,NA,NA,NA,NA,NA,NA,NA,NA,NA,NA,NA,NA,NA,NA,NA
2026-04-14 05:00:00,55.0,188.0,23.25,10.5,34.5,86.0,0.0,0.0,3.5,NA,NA,NA,NA,NA,NA,NA,NA,NA,NA,NA,NA,NA,NA,NA
2026-04-14 06:00:00,52.0,191.75,34.25,9.25,44.5,104.25,0.0,0.0,1.5,NA,NA,NA,NA,NA,NA,NA,NA,NA,NA,NA,NA,NA,NA,NA
2026-04-14 07:00:00,60.75,198.75,77.25,7.0,84.5,178.0,0.0,0.0,2.0,NA,NA,NA,NA,NA,NA,NA,NA,NA,NA,NA,NA,NA,NA,NA
2026-04-14 08:00:00,61.75,212.0,76.25,7.75,83.5,172.25,0.75,0.75,3.75,NA,NA,NA,NA,NA,NA,NA,NA,NA,NA,NA,NA,NA,NA,NA
2026-04-14 09:00:00,70.5,NA,76.25,18.25,94.5,193.5,1.0,1.0,5.75,NA,NA,NA,NA,NA,NA,NA,NA,NA,NA,NA,NA,NA,NA,NA
2026-04-14 10:00:00,83.75,NA,23.75,27.5,51.5,117.75,1.0,0.75,20.75,NA,NA,NA,NA,NA,NA,NA,NA,NA,NA,NA,NA,NA,NA,NA
2026-04-14 11:00:00,86.5,NA,7.5,32.5,40.5,96.0,1.0,0.0,50.75,NA,NA,NA,NA,NA,NA,NA,NA,NA,NA,NA,NA,NA,NA,NA
2026-04-14 12:00:00,76.75,247.0,7.0,28.75,36.0,87.25,1.0,0.0,53.25,NA,NA,NA,NA,NA,NA,NA,NA,NA,NA,NA,NA,NA,NA,NA
2026-04-14 13:00:00,70.5,233.0,14.75,20.75,36.25,85.75,1.0,0.0,25.5,NA,NA,NA,NA,NA,NA,NA,NA,NA,NA,NA,NA,NA,NA,NA
2026-04-14 14:00:00,64.5,190.25,16.75,22.75,40.0,93.0,1.0,0.0,22.5,NA,NA,NA,NA,NA,NA,NA,NA,NA,NA,NA,NA,NA,NA,NA
2026-04-14 15:00:00,42.75,174.75,19.5,27.25,47.25,104.0,0.75,0.0,21.0,NA,NA,NA,NA,NA,NA,NA,NA,NA,NA,NA,NA,NA,NA,NA
2026-04-14 16:00:00,49.75,153.0,19.25,26.5,46.25,103.0,1.0,0.0,23.5,NA,NA,NA,NA,NA,NA,NA,NA,NA,NA,NA,NA,NA,NA,NA
2026-04-14 17:00:00,44.0,142.0,30.5,29.0,60.0,126.75,1.0,0.0,14.25,NA,NA,NA,NA,NA,NA,NA,NA,NA,NA,NA,NA,NA,NA,NA
2026-04-14 18:00:00,42.25,125.0,35.5,31.25,66.75,139.5,1.0,0.25,13.75,NA,NA,NA,NA,NA,NA,NA,NA,NA,NA,NA,NA,NA,NA,NA
2026-04-14 19:00:00,44.0,143.25,31.0,31.75,63.25,131.5,1.0,0.25,13.5,NA,NA,NA,NA,NA,NA,NA,NA,NA,NA,NA,NA,NA,NA,NA
2026-04-14 20:00:00,40.25,145.5,18.75,29.0,48.25,107.5,0.0,0.0,13.25,NA,NA,NA,NA,NA,NA,NA,NA,NA,NA,NA,NA,NA,NA,NA
2026-04-14 21:00:00,47.5,140.0,22.25,26.75,49.25,109.0,0.0,0.0,9.5,NA,NA,NA,NA,NA,NA,NA,NA,NA,NA,NA,NA,NA,NA,NA
2026-04-14 22:00:00,41.75,135.75,20.25,28.0,48.5,114.75,0.0,0.0,12.75,NA,NA,NA,NA,NA,NA,NA,NA,NA,NA,NA,NA,NA,NA,NA
2026-04-14 23:00:00,47.75,128.25,33.0,21.75,55.0,122.0,0.0,0.0,6.5,NA,NA,NA,NA,NA,NA,NA,NA,NA,NA,NA,NA,NA,NA,NA
2026-04-15 00:00:00,46.25,117.25,12.75,21.0,34.0,80.25,0.0,0.0,15.0,NA,NA,NA,NA,NA,NA,NA,NA,NA,NA,NA,NA,NA,NA,NA
2026-04-15 01:00:00,38.75,112.0,10.75,20.0,31.0,77.5,0.0,0.0,13.5,NA,NA,NA,NA,NA,NA,NA,NA,NA,NA,NA,NA,NA,NA,NA
2026-04-15 02:00:00,23.75,94.5,7.5,18.0,26.25,69.75,0.0,0.0,15.5,NA,NA,NA,NA,NA,NA,NA,NA,NA,NA,NA,NA,NA,NA,NA
2026-04-15 03:00:00,26.5,93.0,11.5,17.5,29.75,75.25,0.0,0.0,13.75,NA,NA,NA,NA,NA,NA,NA,NA,NA,NA,NA,NA,NA,NA,NA
2026-04-15 04:00:00,16.0,94.25,14.75,17.75,33.5,81.25,0.0,0.0,10.25,NA,NA,NA,NA,NA,NA,NA,NA,NA,NA,NA,NA,NA,NA,NA
2026-04-15 05:00:00,13.25,92.0,28.75,20.5,50.0,113.5,0.0,0.0,4.0,NA,NA,NA,NA,NA,NA,NA,NA,NA,NA,NA,NA,NA,NA,NA
2026-04-15 06:00:00,23.0,83.5,45.0,14.0,59.5,143.5,0.0,0.0,1.25,NA,NA,NA,NA,NA,NA,NA,NA,NA,NA,NA,NA,NA,NA,NA
2026-04-15 07:00:00,21.0,111.75,39.5,11.5,51.25,127.25,0.25,0.0,2.25,NA,NA,NA,NA,NA,NA,NA,NA,NA,NA,NA,NA,NA,NA,NA
2026-04-15 08:00:00,22.5,134.75,100.75,6.0,105.0,217.75,0.75,1.0,3.0,NA,NA,NA,NA,NA,NA,NA,NA,NA,NA,NA,NA,NA,NA,NA
2026-04-15 09:00:00,42.5,171.5,79.0,11.5,90.25,192.5,1.0,1.0,3.75,NA,NA,NA,NA,NA,NA,NA,NA,NA,NA,NA,NA,NA,NA,NA
2026-04-15 10:00:00,37.25,175.5,20.25,20.0,41.0,96.75,0.5,0.0,14.75,NA,NA,NA,NA,NA,NA,NA,NA,NA,NA,NA,NA,NA,NA,NA
2026-04-15 11:00:00,33.25,164.0,12.0,19.0,31.75,88.25,0.0,0.0,20.25,NA,NA,NA,NA,NA,NA,NA,NA,NA,NA,NA,NA,NA,NA,NA
2026-04-15 12:00:00,28.75,150.75,11.75,21.75,34.0,81.25,0.0,0.0,20.25,NA,NA,NA,NA,NA,NA,NA,NA,NA,NA,NA,NA,NA,NA,NA
2026-04-15 13:00:00,29.0,145.25,16.25,21.75,38.75,92.0,0.25,0.0,19.25,NA,NA,NA,NA,NA,NA,NA,NA,NA,NA,NA,NA,NA,NA,NA
2026-04-15 14:00:00,27.25,139.0,23.5,24.75,49.0,117.75,0.75,0.0,20.0,NA,NA,NA,NA,NA,NA,NA,NA,NA,NA,NA,NA,NA,NA,NA
2026-04-15 15:00:00,36.25,137.5,20.0,25.5,46.0,99.5,0.0,0.0,21.5,NA,NA,NA,NA,NA,NA,NA,NA,NA,NA,NA,NA,NA,NA,NA
2026-04-15 16:00:00,22.25,137.5,34.5,27.75,62.75,132.25,1.0,0.0,16.25,NA,NA,NA,NA,NA,NA,NA,NA,NA,NA,NA,NA,NA,NA,NA
2026-04-15 17:00:00,24.0,119.75,32.0,28.75,61.0,121.75,1.0,0.0,15.25,NA,NA,NA,NA,NA,NA,NA,NA,NA,NA,NA,NA,NA,NA,NA
2026-04-15 18:00:00,25.5,108.5,58.0,28.5,87.25,172.25,1.0,0.5,10.5,NA,NA,NA,NA,NA,NA,NA,NA,NA,NA,NA,NA,NA,NA,NA
2026-04-15 19:00:00,22.25,117.0,46.5,27.0,74.0,153.0,0.5,0.5,12.25,NA,NA,NA,NA,NA,NA,NA,NA,NA,NA,NA,NA,NA,NA,NA
2026-04-15 20:00:00,25.75,125.0,18.5,26.75,45.5,108.75,0.25,0.0,14.5,NA,NA,NA,NA,NA,NA,NA,NA,NA,NA,NA,NA,NA,NA,NA
2026-04-15 21:00:00,22.5,109.75,19.5,23.0,42.75,104.5,0.0,0.0,13.25,NA,NA,NA,NA,NA,NA,NA,NA,NA,NA,NA,NA,NA,NA,NA
2026-04-15 22:00:00,15.75,96.0,19.25,22.5,42.25,101.25,0.0,0.0,11.75,NA,NA,NA,NA,NA,NA,NA,NA,NA,NA,NA,NA,NA,NA,NA
2026-04-15 23:00:00,19.75,90.0,8.75,22.0,31.5,80.75,0.0,0.0,15.0,NA,NA,NA,NA,NA,NA,NA,NA,NA,NA,NA,NA,NA,NA,NA
2026-04-16 00:00:00,23.75,92.5,5.5,21.25,27.0,112.5,0.0,0.0,12.0,NA,NA,NA,NA,NA,NA,NA,NA,NA,NA,NA,NA,NA,NA,NA
2026-04-16 01:00:00,18.5,98.75,4.75,24.0,29.5,86.75,0.0,0.0,NA,NA,NA,NA,NA,NA,NA,NA,NA,NA,NA,NA,NA,NA,NA,NA
2026-04-16 02:00:00,14.5,95.0,3.5,18.0,22.25,61.0,0.0,0.0,NA,NA,NA,NA,NA,NA,NA,NA,NA,NA,NA,NA,NA,NA,NA,NA
2026-04-16 03:00:00,17.25,99.25,3.0,16.0,19.5,61.75,0.0,0.0,NA,NA,NA,NA,NA,NA,NA,NA,NA,NA,NA,NA,NA,NA,NA,NA
2026-04-16 04:00:00,20.0,114.0,4.0,20.75,25.25,69.75,0.0,0.0,NA,NA,NA,NA,NA,NA,NA,NA,NA,NA,NA,NA,NA,NA,NA,NA
2026-04-16 05:00:00,23.75,116.75,6.0,17.5,23.75,71.5,0.0,0.0,NA,NA,NA,NA,NA,NA,NA,NA,NA,NA,NA,NA,NA,NA,NA,NA
2026-04-16 06:00:00,16.0,109.75,15.75,15.25,31.5,85.0,0.0,0.0,4.0,NA,NA,NA,NA,NA,NA,NA,NA,NA,NA,NA,NA,NA,NA,NA
2026-04-16 07:00:00,13.75,124.25,9.75,13.25,23.75,79.25,0.0,0.0,6.0,NA,NA,NA,NA,NA,NA,NA,NA,NA,NA,NA,NA,NA,NA,NA
2026-04-16 08:00:00,22.25,137.25,7.75,12.25,20.5,68.0,1.0,0.0,9.25,NA,NA,NA,NA,NA,NA,NA,NA,NA,NA,NA,NA,NA,NA,NA
2026-04-16 09:00:00,38.75,121.75,11.0,15.5,26.75,77.5,0.0,0.0,12.25,NA,NA,NA,NA,NA,NA,NA,NA,NA,NA,NA,NA,NA,NA,NA
2026-04-16 10:00:00,31.25,122.75,11.5,19.75,31.5,86.25,0.0,0.0,19.5,NA,NA,NA,NA,NA,NA,NA,NA,NA,NA,NA,NA,NA,NA,NA
2026-04-16 11:00:00,19.75,117.25,10.25,26.75,37.5,90.25,0.5,0.0,25.75,NA,NA,NA,NA,NA,NA,NA,NA,NA,NA,NA,NA,NA,NA,NA
2026-04-16 12:00:00,18.75,110.5,14.75,36.5,51.75,118.5,0.25,0.0,22.75,NA,NA,NA,NA,NA,NA,NA,NA,NA,NA,NA,NA,NA,NA,NA
2026-04-16 13:00:00,19.75,100.0,21.5,28.5,50.0,129.5,0.0,0.0,21.5,NA,NA,NA,NA,NA,NA,NA,NA,NA,NA,NA,NA,NA,NA,NA
2026-04-16 14:00:00,25.0,84.5,34.5,27.25,61.75,150.25,0.0,0.0,18.25,NA,NA,NA,NA,NA,NA,NA,NA,NA,NA,NA,NA,NA,NA,NA
2026-04-16 15:00:00,24.0,98.33,27.67,32.0,60.0,140.33,0.0,0.0,17.0,NA,NA,NA,NA,NA,NA,NA,NA,NA,NA,NA,NA,NA,NA,NA
2026-04-16 16:00:00,19.75,104.5,19.0,31.75,51.0,120.25,0.0,0.0,19.0,NA,NA,NA,NA,NA,NA,NA,NA,NA,NA,NA,NA,NA,NA,NA
2026-04-16 17:00:00,15.5,85.0,34.75,25.0,60.5,137.5,0.5,0.0,12.5,NA,NA,NA,NA,NA,NA,NA,NA,NA,NA,NA,NA,NA,NA,NA
2026-04-16 18:00:00,23.5,87.25,29.5,27.25,57.25,131.75,0.25,0.0,16.0,NA,NA,NA,NA,NA,NA,NA,NA,NA,NA,NA,NA,NA,NA,NA
2026-04-16 19:00:00,28.0,97.75,35.0,31.75,67.25,149.25,0.25,0.0,12.5,NA,NA,NA,NA,NA,NA,NA,NA,NA,NA,NA,NA,NA,NA,NA
2026-04-16 20:00:00,18.75,105.5,19.25,49.25,69.25,158.0,0.25,0.0,15.25,NA,NA,NA,NA,NA,NA,NA,NA,NA,NA,NA,NA,NA,NA,NA
2026-04-16 21:00:00,16.5,84.75,21.25,75.25,97.25,209.75,NA,0.0,13.0,NA,NA,NA,NA,NA,NA,NA,NA,NA,NA,NA,NA,NA,NA,NA
2026-04-16 22:00:00,14.5,62.25,21.5,53.75,75.75,166.0,0.0,0.0,12.0,NA,NA,NA,NA,NA,NA,NA,NA,NA,NA,NA,NA,NA,NA,NA
2026-04-16 23:00:00,25.5,88.5,17.25,48.0,65.75,142.0,0.0,0.0,12.25,NA,NA,NA,NA,NA,NA,NA,NA,NA,NA,NA,NA,NA,NA,NA
2026-04-17 00:00:00,30.0,98.5,13.5,38.5,52.5,125.75,0.0,0.0,12.25,NA,NA,NA,NA,NA,NA,NA,NA,NA,NA,NA,NA,NA,NA,NA
2026-04-17 01:00:00,16.0,89.75,7.75,37.25,45.5,111.75,0.0,0.0,13.0,NA,NA,NA,NA,NA,NA,NA,NA,NA,NA,NA,NA,NA,NA,NA
2026-04-17 02:00:00,11.75,81.75,4.75,31.5,36.25,94.75,0.0,0.0,14.75,NA,NA,NA,NA,NA,NA,NA,NA,NA,NA,NA,NA,NA,NA,NA
2026-04-17 03:00:00,18.5,78.5,2.25,24.0,27.25,79.25,0.0,0.0,15.5,NA,NA,NA,NA,NA,NA,NA,NA,NA,NA,NA,NA,NA,NA,NA
2026-04-17 04:00:00,11.75,77.0,6.0,25.0,31.5,88.25,0.0,0.0,9.25,NA,NA,NA,NA,NA,NA,NA,NA,NA,NA,NA,NA,NA,NA,NA
2026-04-17 05:00:00,12.75,71.0,22.75,23.0,46.25,118.0,0.0,0.0,3.0,NA,NA,NA,NA,NA,NA,NA,NA,NA,NA,NA,NA,NA,NA,NA
2026-04-17 06:00:00,13.0,102.75,60.75,20.75,82.0,180.25,0.0,0.0,1.0,NA,NA,NA,NA,NA,NA,NA,NA,NA,NA,NA,NA,NA,NA,NA
2026-04-17 07:00:00,27.25,174.5,104.5,35.5,140.75,301.0,0.25,1.0,3.75,NA,NA,NA,NA,NA,NA,NA,NA,NA,NA,NA,NA,NA,NA,NA
2026-04-17 08:00:00,35.5,199.75,117.0,42.0,159.0,342.25,0.5,1.0,3.0,NA,NA,NA,NA,NA,NA,NA,NA,NA,NA,NA,NA,NA,NA,NA
2026-04-17 09:00:00,41.25,218.5,86.0,34.5,121.0,256.0,0.0,1.0,3.25,NA,NA,NA,NA,NA,NA,NA,NA,NA,NA,NA,NA,NA,NA,NA
2026-04-17 10:00:00,41.75,196.5,23.0,46.75,70.0,162.5,0.0,0.5,13.0,NA,NA,NA,NA,NA,NA,NA,NA,NA,NA,NA,NA,NA,NA,NA
2026-04-17 11:00:00,32.0,180.0,12.5,52.5,65.75,153.0,0.0,0.0,31.75,NA,NA,NA,NA,NA,NA,NA,NA,NA,NA,NA,NA,NA,NA,NA
2026-04-17 12:00:00,34.25,159.25,7.75,44.25,52.5,129.75,0.0,0.0,35.75,NA,NA,NA,NA,NA,NA,NA,NA,NA,NA,NA,NA,NA,NA,NA
2026-04-17 13:00:00,31.5,137.0,8.5,35.5,44.25,117.75,0.0,0.0,30.25,NA,NA,NA,NA,NA,NA,NA,NA,NA,NA,NA,NA,NA,NA,NA
2026-04-17 14:00:00,31.0,101.75,6.5,37.0,44.0,115.75,0.0,0.0,38.75,NA,NA,NA,NA,NA,NA,NA,NA,NA,NA,NA,NA,NA,NA,NA
2026-04-17 15:00:00,23.25,103.5,10.75,41.0,52.0,128.75,0.0,0.0,34.25,NA,NA,NA,NA,NA,NA,NA,NA,NA,NA,NA,NA,NA,NA,NA
2026-04-17 16:00:00,20.75,109.25,9.75,28.75,39.5,101.0,0.0,0.0,25.25,NA,NA,NA,NA,NA,NA,NA,NA,NA,NA,NA,NA,NA,NA,NA
2026-04-17 17:00:00,30.5,103.0,12.25,27.75,40.75,102.25,0.0,1.0,19.5,NA,NA,NA,NA,NA,NA,NA,NA,NA,NA,NA,NA,NA,NA,NA
2026-04-17 18:00:00,33.5,100.75,17.25,29.25,47.0,113.75,0.0,1.0,20.25,NA,NA,NA,NA,NA,NA,NA,NA,NA,NA,NA,NA,NA,NA,NA
2026-04-17 19:00:00,28.0,104.0,17.0,27.0,44.75,109.0,0.0,1.0,14.5,NA,NA,NA,NA,NA,NA,NA,NA,NA,NA,NA,NA,NA,NA,NA
2026-04-17 20:00:00,22.5,106.5,30.5,26.25,57.0,135.0,0.0,1.0,9.25,NA,NA,NA,NA,NA,NA,NA,NA,NA,NA,NA,NA,NA,NA,NA
2026-04-17 21:00:00,15.25,102.5,41.5,18.75,61.0,134.5,0.0,1.0,6.25,NA,NA,NA,NA,NA,NA,NA,NA,NA,NA,NA,NA,NA,NA,NA
2026-04-17 22:00:00,18.5,96.75,28.75,24.25,53.5,124.25,0.0,0.75,7.5,NA,NA,NA,NA,NA,NA,NA,NA,NA,NA,NA,NA,NA,NA,NA
2026-04-17 23:00:00,24.5,103.0,30.25,25.25,56.5,126.0,0.0,0.25,9.0,NA,NA,NA,NA,NA,NA,NA,NA,NA,NA,NA,NA,NA,NA,NA
2026-04-18 00:00:00,29.75,110.5,21.0,24.75,46.25,109.0,NA,0.0,13.0,NA,NA,NA,NA,NA,NA,NA,NA,NA,NA,NA,NA,NA,NA,NA
2026-04-18 01:00:00,26.25,112.75,16.0,22.0,38.5,96.0,NA,0.0,10.25,NA,NA,NA,NA,NA,NA,NA,NA,NA,NA,NA,NA,NA,NA,NA
2026-04-18 02:00:00,19.0,105.5,13.0,19.25,32.5,84.0,NA,0.0,11.25,NA,NA,NA,NA,NA,NA,NA,NA,NA,NA,NA,NA,NA,NA,NA
2026-04-18 03:00:00,21.5,104.0,15.5,20.0,36.0,90.0,NA,0.0,10.5,NA,NA,NA,NA,NA,NA,NA,NA,NA,NA,NA,NA,NA,NA,NA
2026-04-18 04:00:00,17.75,110.5,22.25,17.5,40.0,99.25,NA,0.0,3.75,NA,NA,NA,NA,NA,NA,NA,NA,NA,NA,NA,NA,NA,NA,NA
2026-04-18 05:00:00,10.0,127.25,45.75,10.75,56.75,148.75,NA,0.0,1.25,NA,NA,NA,NA,NA,NA,NA,NA,NA,NA,NA,NA,NA,NA,NA
2026-04-18 06:00:00,17.75,129.5,86.25,7.5,93.75,193.75,NA,0.0,NA,NA,NA,NA,NA,NA,NA,NA,NA,NA,NA,NA,NA,NA,NA,NA
2026-04-18 07:00:00,38.25,156.75,99.25,6.5,106.25,227.25,0.0,0.0,1.5,NA,NA,NA,NA,NA,NA,NA,NA,NA,NA,NA,NA,NA,NA,NA
2026-04-18 08:00:00,30.25,178.5,113.0,10.0,122.0,250.75,1.0,0.33,2.75,NA,NA,NA,NA,NA,NA,NA,NA,NA,NA,NA,NA,NA,NA,NA
2026-04-18 09:00:00,36.75,182.75,70.75,18.25,88.75,194.5,2.0,0.0,4.25,NA,NA,NA,NA,NA,NA,NA,NA,NA,NA,NA,NA,NA,NA,NA
2026-04-18 10:00:00,44.5,159.5,26.25,27.5,54.25,130.25,2.0,NA,10.25,NA,NA,NA,NA,NA,NA,NA,NA,NA,NA,NA,NA,NA,NA,NA
2026-04-18 11:00:00,42.0,165.75,14.75,26.75,42.0,105.25,2.0,NA,20.5,NA,NA,NA,NA,NA,NA,NA,NA,NA,NA,NA,NA,NA,NA,NA
2026-04-18 12:00:00,38.5,152.5,14.5,21.0,36.0,91.75,2.0,NA,22.0,NA,NA,NA,NA,NA,NA,NA,NA,NA,NA,NA,NA,NA,NA,NA
2026-04-18 13:00:00,37.5,144.0,25.5,20.25,46.0,109.0,2.0,NA,17.5,NA,NA,NA,NA,NA,NA,NA,NA,NA,NA,NA,NA,NA,NA,NA
2026-04-18 14:00:00,39.25,130.25,24.75,23.25,48.5,115.0,2.0,NA,18.0,NA,NA,NA,NA,NA,NA,NA,NA,NA,NA,NA,NA,NA,NA,NA
2026-04-18 15:00:00,31.0,149.5,16.25,22.5,39.25,96.75,1.5,NA,24.75,NA,NA,NA,NA,NA,NA,NA,NA,NA,NA,NA,NA,NA,NA,NA
2026-04-18 16:00:00,31.0,141.0,24.75,25.5,50.5,115.75,2.0,NA,20.75,NA,NA,NA,NA,NA,NA,NA,NA,NA,NA,NA,NA,NA,NA,NA
2026-04-18 17:00:00,NA,129.75,45.5,31.75,78.0,164.0,2.0,NA,16.0,NA,NA,NA,NA,NA,NA,NA,NA,NA,NA,NA,NA,NA,NA,NA
2026-04-18 18:00:00,NA,139.5,26.5,32.0,59.0,130.0,2.0,NA,25.0,NA,NA,NA,NA,NA,NA,NA,NA,NA,NA,NA,NA,NA,NA,NA
2026-04-18 19:00:00,NA,163.0,23.0,34.25,57.5,128.0,2.0,NA,23.75,NA,NA,NA,NA,NA,NA,NA,NA,NA,NA,NA,NA,NA,NA,NA
2026-04-18 20:00:00,NA,165.25,16.5,38.0,54.75,126.25,1.25,0.0,25.75,NA,NA,NA,NA,NA,NA,NA,NA,NA,NA,NA,NA,NA,NA,NA
2026-04-18 21:00:00,NA,161.75,13.5,40.75,54.5,119.5,1.0,0.25,24.5,NA,NA,NA,NA,NA,NA,NA,NA,NA,NA,NA,NA,NA,NA,NA
2026-04-18 22:00:00,NA,150.75,11.25,41.75,53.5,114.75,1.0,0.0,24.75,NA,NA,NA,NA,NA,NA,NA,NA,NA,NA,NA,NA,NA,NA,NA
2026-04-18 23:00:00,9.0,43.0,9.0,36.25,45.75,107.5,0.75,0.0,22.75,NA,NA,NA,NA,NA,NA,NA,NA,NA,NA,NA,NA,NA,NA,NA
2026-04-19 00:00:00,42.25,145.75,11.0,30.25,42.0,91.5,1.0,0.0,19.5,NA,NA,NA,NA,NA,NA,NA,NA,NA,NA,NA,NA,NA,NA,NA
2026-04-19 01:00:00,47.5,153.5,22.25,29.25,52.0,107.75,1.0,0.0,8.75,NA,NA,NA,NA,NA,NA,NA,NA,NA,NA,NA,NA,NA,NA,NA
2026-04-19 02:00:00,52.75,147.25,18.25,27.25,45.5,114.75,0.75,0.0,9.0,NA,NA,NA,NA,NA,NA,NA,NA,NA,NA,NA,NA,NA,NA,NA
2026-04-19 03:00:00,47.5,138.5,32.25,19.5,52.25,118.75,1.0,0.0,2.0,NA,NA,NA,NA,NA,NA,NA,NA,NA,NA,NA,NA,NA,NA,NA
2026-04-19 04:00:00,43.5,146.5,68.75,6.25,75.5,156.5,1.0,0.0,1.0,NA,NA,NA,NA,NA,NA,NA,NA,NA,NA,NA,NA,NA,NA,NA
2026-04-19 05:00:00,37.5,169.5,128.0,0.0,123.5,247.5,1.0,0.0,2.0,NA,NA,NA,NA,NA,NA,NA,NA,NA,NA,NA,NA,NA,NA,NA
2026-04-19 06:00:00,44.75,191.25,186.75,NA,174.0,355.0,1.0,0.25,2.25,NA,NA,NA,NA,NA,NA,NA,NA,NA,NA,NA,NA,NA,NA,NA
2026-04-19 07:00:00,56.25,219.0,208.5,0.75,202.0,395.25,1.5,1.0,3.0,NA,NA,NA,NA,NA,NA,NA,NA,NA,NA,NA,NA,NA,NA,NA
2026-04-19 08:00:00,60.75,243.0,94.75,5.5,100.0,202.5,1.5,0.5,4.0,NA,NA,NA,NA,NA,NA,NA,NA,NA,NA,NA,NA,NA,NA,NA
2026-04-19 09:00:00,58.5,239.25,47.75,9.0,56.75,125.75,1.0,0.5,5.75,NA,NA,NA,NA,NA,NA,NA,NA,NA,NA,NA,NA,NA,NA,NA
2026-04-19 10:00:00,51.25,192.5,19.25,14.25,33.5,84.5,1.0,0.0,12.0,NA,NA,NA,NA,NA,NA,NA,NA,NA,NA,NA,NA,NA,NA,NA
2026-04-19 11:00:00,54.5,184.0,12.0,17.0,29.75,78.0,1.0,0.0,18.75,NA,NA,NA,NA,NA,NA,NA,NA,NA,NA,NA,NA,NA,NA,NA
2026-04-19 12:00:00,48.0,157.75,7.5,19.75,27.75,70.5,1.0,0.0,24.25,NA,NA,NA,NA,NA,NA,NA,NA,NA,NA,NA,NA,NA,NA,NA
2026-04-19 13:00:00,34.75,154.5,14.5,23.5,38.5,94.0,0.5,0.0,23.75,NA,NA,NA,NA,NA,NA,NA,NA,NA,NA,NA,NA,NA,NA,NA
2026-04-19 14:00:00,32.25,137.75,11.0,24.0,35.5,79.5,0.75,0.0,26.25,NA,NA,NA,NA,NA,NA,NA,NA,NA,NA,NA,NA,NA,NA,NA
2026-04-19 15:00:00,36.0,146.5,16.0,23.25,40.25,80.25,0.75,0.0,20.0,NA,NA,NA,NA,NA,NA,NA,NA,NA,NA,NA,NA,NA,NA,NA
2026-04-19 16:00:00,34.75,139.75,19.25,25.25,44.75,90.0,1.0,0.0,20.5,NA,NA,NA,NA,NA,NA,NA,NA,NA,NA,NA,NA,NA,NA,NA
2026-04-19 17:00:00,30.25,137.0,23.75,25.25,49.25,100.5,0.25,0.0,18.25,NA,NA,NA,NA,NA,NA,NA,NA,NA,NA,NA,NA,NA,NA,NA
2026-04-19 18:00:00,20.75,150.5,14.25,25.0,39.25,84.75,0.25,0.0,21.25,NA,NA,NA,NA,NA,NA,NA,NA,NA,NA,NA,NA,NA,NA,NA
2026-04-19 19:00:00,32.75,153.25,14.25,27.5,42.25,90.5,0.75,0.0,20.0,NA,NA,NA,NA,NA,NA,NA,NA,NA,NA,NA,NA,NA,NA,NA
2026-04-19 20:00:00,32.0,121.5,14.25,24.25,39.25,96.75,0.0,0.0,15.5,NA,NA,NA,NA,NA,NA,NA,NA,NA,NA,NA,NA,NA,NA,NA
2026-04-19 21:00:00,31.25,130.25,16.75,18.75,36.25,89.0,0.0,0.0,15.25,NA,NA,NA,NA,NA,NA,NA,NA,NA,NA,NA,NA,NA,NA,NA
2026-04-19 22:00:00,36.75,145.25,20.25,19.75,40.0,131.75,0.0,0.0,13.0,NA,NA,NA,NA,NA,NA,NA,NA,NA,NA,NA,NA,NA,NA,NA
2026-04-19 23:00:00,46.25,145.75,12.75,20.0,32.75,80.5,0.0,0.0,19.25,NA,NA,NA,NA,NA,NA,NA,NA,NA,NA,NA,NA,NA,NA,NA
2026-04-20 00:00:00,51.25,130.5,5.25,18.5,24.25,64.25,0.0,0.0,22.75,NA,NA,NA,NA,NA,NA,NA,NA,NA,NA,NA,NA,NA,NA,NA
2026-04-20 01:00:00,38.25,136.0,2.75,14.25,17.5,51.0,0.0,0.0,26.75,NA,NA,NA,NA,NA,NA,NA,NA,NA,NA,NA,NA,NA,NA,NA
2026-04-20 02:00:00,40.0,121.5,1.5,10.5,12.75,43.75,0.0,0.0,26.0,NA,NA,NA,NA,NA,NA,NA,NA,NA,NA,NA,NA,NA,NA,NA
2026-04-20 03:00:00,24.0,104.75,3.0,15.0,18.25,52.75,0.0,0.0,21.75,NA,NA,NA,NA,NA,NA,NA,NA,NA,NA,NA,NA,NA,NA,NA
2026-04-20 04:00:00,21.0,101.5,3.25,15.5,19.75,69.0,0.0,0.0,22.75,NA,NA,NA,NA,NA,NA,NA,NA,NA,NA,NA,NA,NA,NA,NA
2026-04-20 05:00:00,21.25,120.5,6.0,18.75,25.5,62.0,0.0,0.0,13.75,NA,NA,NA,NA,NA,NA,NA,NA,NA,NA,NA,NA,NA,NA,NA
2026-04-20 06:00:00,23.5,115.0,53.25,16.0,69.75,143.0,0.0,0.0,3.0,NA,NA,NA,NA,NA,NA,NA,NA,NA,NA,NA,NA,NA,NA,NA
2026-04-20 07:00:00,30.0,141.5,75.25,22.25,98.0,191.5,0.5,0.25,3.25,NA,NA,NA,NA,NA,NA,NA,NA,NA,NA,NA,NA,NA,NA,NA
2026-04-20 08:00:00,43.0,159.5,82.75,22.25,105.75,204.0,0.5,1.0,4.25,NA,NA,NA,NA,NA,NA,NA,NA,NA,NA,NA,NA,NA,NA,NA
2026-04-20 09:00:00,42.75,177.0,86.75,25.75,112.5,221.0,0.0,1.0,5.75,NA,NA,NA,NA,NA,NA,NA,NA,NA,NA,NA,NA,NA,NA,NA
2026-04-20 10:00:00,40.25,176.25,28.75,31.5,60.25,129.75,0.0,0.25,19.75,NA,NA,NA,NA,NA,NA,NA,NA,NA,NA,NA,NA,NA,NA,NA
2026-04-20 11:00:00,42.75,179.25,10.75,39.75,51.5,109.25,0.0,0.0,37.25,NA,NA,NA,NA,NA,NA,NA,NA,NA,NA,NA,NA,NA,NA,NA
2026-04-20 12:00:00,37.5,179.25,8.5,47.25,56.0,119.75,0.0,0.0,39.0,NA,NA,NA,NA,NA,NA,NA,NA,NA,NA,NA,NA,NA,NA,NA
2026-04-20 13:00:00,45.25,157.25,7.5,45.25,53.25,112.0,0.0,0.0,35.0,NA,NA,NA,NA,NA,NA,NA,NA,NA,NA,NA,NA,NA,NA,NA
2026-04-20 14:00:00,33.75,134.5,9.5,73.25,83.75,153.25,0.0,0.0,31.0,NA,NA,NA,NA,NA,NA,NA,NA,NA,NA,NA,NA,NA,NA,NA
2026-04-20 15:00:00,41.75,127.0,8.0,44.25,53.0,118.75,0.0,0.0,25.5,NA,NA,NA,NA,NA,NA,NA,NA,NA,NA,NA,NA,NA,NA,NA
2026-04-20 16:00:00,37.75,115.75,16.25,29.0,45.75,117.75,0.0,0.0,20.0,NA,NA,NA,NA,NA,NA,NA,NA,NA,NA,NA,NA,NA,NA,NA
2026-04-20 17:00:00,33.75,116.0,25.5,29.25,55.0,118.5,0.25,0.0,16.5,NA,NA,NA,NA,NA,NA,NA,NA,NA,NA,NA,NA,NA,NA,NA
2026-04-20 18:00:00,29.25,138.75,21.5,31.25,53.25,114.25,0.0,0.0,13.25,NA,NA,NA,NA,NA,NA,NA,NA,NA,NA,NA,NA,NA,NA,NA
2026-04-20 19:00:00,18.0,121.25,11.75,32.75,45.0,100.25,0.0,0.0,15.75,NA,NA,NA,NA,NA,NA,NA,NA,NA,NA,NA,NA,NA,NA,NA
2026-04-20 20:00:00,33.5,113.0,20.75,37.5,58.5,137.25,0.0,0.0,15.25,NA,NA,NA,NA,NA,NA,NA,NA,NA,NA,NA,NA,NA,NA,NA
2026-04-20 21:00:00,39.0,122.0,19.75,29.25,49.75,109.75,0.0,0.0,15.75,NA,NA,NA,NA,NA,NA,NA,NA,NA,NA,NA,NA,NA,NA,NA
2026-04-20 22:00:00,36.75,101.25,23.75,38.75,63.25,127.75,0.0,0.0,14.25,NA,NA,NA,NA,NA,NA,NA,NA,NA,NA,NA,NA,NA,NA,NA
2026-04-20 23:00:00,44.5,141.0,12.5,28.25,41.25,94.5,0.0,0.0,13.25,NA,NA,NA,NA,NA,NA,NA,NA,NA,NA,NA,NA,NA,NA,NA
2026-04-21 00:00:00,27.75,129.0,7.25,25.25,33.0,81.75,0.0,0.0,21.0,NA,NA,NA,NA,NA,NA,NA,NA,NA,NA,NA,NA,NA,NA,NA
2026-04-21 01:00:00,42.25,118.75,7.5,23.25,31.75,80.0,0.0,0.0,24.5,NA,NA,NA,NA,NA,NA,NA,NA,NA,NA,NA,NA,NA,NA,NA
2026-04-21 02:00:00,57.25,127.25,4.5,22.0,27.25,71.75,0.0,0.0,27.5,NA,NA,NA,NA,NA,NA,NA,NA,NA,NA,NA,NA,NA,NA,NA
2026-04-21 03:00:00,32.0,115.75,4.25,22.0,26.5,97.25,NA,0.0,24.75,NA,NA,NA,NA,NA,NA,NA,NA,NA,NA,NA,NA,NA,NA,NA
2026-04-21 04:00:00,32.5,102.25,10.5,22.5,33.75,83.75,NA,0.0,14.0,NA,NA,NA,NA,NA,NA,NA,NA,NA,NA,NA,NA,NA,NA,NA
2026-04-21 05:00:00,39.5,120.5,20.75,16.25,37.75,94.25,0.0,0.0,5.75,NA,NA,NA,NA,NA,NA,NA,NA,NA,NA,NA,NA,NA,NA,NA
2026-04-21 06:00:00,46.0,157.5,32.75,16.0,49.25,121.75,0.0,0.0,2.25,NA,NA,NA,NA,NA,NA,NA,NA,NA,NA,NA,NA,NA,NA,NA
2026-04-21 07:00:00,63.5,213.25,26.75,23.5,50.75,122.0,0.0,0.25,3.25,NA,NA,NA,NA,NA,NA,NA,NA,NA,NA,NA,NA,NA,NA,NA
2026-04-21 08:00:00,71.75,191.25,24.75,23.25,48.5,118.0,0.25,0.75,5.0,NA,NA,NA,NA,NA,NA,NA,NA,NA,NA,NA,NA,NA,NA,NA
2026-04-21 09:00:00,85.25,194.75,65.5,22.0,86.75,191.25,0.0,0.75,4.5,NA,NA,NA,NA,NA,NA,NA,NA,NA,NA,NA,NA,NA,NA,NA
2026-04-21 10:00:00,75.75,205.0,35.0,30.5,65.75,150.25,0.0,0.5,13.0,NA,NA,NA,NA,NA,NA,NA,NA,NA,NA,NA,NA,NA,NA,NA
2026-04-21 11:00:00,73.0,203.5,15.5,34.75,51.0,114.5,0.0,0.25,18.75,NA,NA,NA,NA,NA,NA,NA,NA,NA,NA,NA,NA,NA,NA,NA
2026-04-21 12:00:00,68.75,172.0,30.5,34.25,65.25,145.25,0.0,0.5,20.5,NA,NA,NA,NA,NA,NA,NA,NA,NA,NA,NA,NA,NA,NA,NA
2026-04-21 13:00:00,53.5,168.75,7.25,33.0,40.25,107.5,0.0,0.0,26.5,NA,NA,NA,NA,NA,NA,NA,NA,NA,NA,NA,NA,NA,NA,NA
2026-04-21 14:00:00,48.0,140.25,8.25,31.25,40.25,99.25,0.0,0.0,29.25,NA,NA,NA,NA,NA,NA,NA,NA,NA,NA,NA,NA,NA,NA,NA
2026-04-21 15:00:00,45.25,132.75,14.75,33.75,49.25,112.0,0.0,0.25,23.75,NA,NA,NA,NA,NA,NA,NA,NA,NA,NA,NA,NA,NA,NA,NA
2026-04-21 16:00:00,38.0,128.25,26.25,37.0,63.75,140.5,0.0,1.0,21.5,NA,NA,NA,NA,NA,NA,NA,NA,NA,NA,NA,NA,NA,NA,NA
2026-04-21 17:00:00,39.25,131.25,28.0,38.5,67.25,146.5,0.0,0.75,24.5,NA,NA,NA,NA,NA,NA,NA,NA,NA,NA,NA,NA,NA,NA,NA
2026-04-21 18:00:00,42.5,135.25,28.75,36.75,65.75,133.25,0.0,1.0,22.75,NA,NA,NA,NA,NA,NA,NA,NA,NA,NA,NA,NA,NA,NA,NA
2026-04-21 19:00:00,39.0,150.75,26.25,39.25,65.75,137.5,0.0,1.0,23.5,NA,NA,NA,NA,NA,NA,NA,NA,NA,NA,NA,NA,NA,NA,NA
2026-04-21 20:00:00,52.75,145.25,25.25,38.25,64.0,134.5,0.0,1.0,16.5,NA,NA,NA,NA,NA,NA,NA,NA,NA,NA,NA,NA,NA,NA,NA
2026-04-21 21:00:00,37.25,135.75,38.0,33.25,71.5,142.75,NA,0.75,5.25,NA,NA,NA,NA,NA,NA,NA,NA,NA,NA,NA,NA,NA,NA,NA
2026-04-21 22:00:00,43.25,133.75,31.0,31.0,62.5,131.0,0.0,0.5,5.0,NA,NA,NA,NA,NA,NA,NA,NA,NA,NA,NA,NA,NA,NA,NA
2026-04-21 23:00:00,63.5,142.5,21.0,29.75,51.25,108.25,NA,0.0,9.0,NA,NA,NA,NA,NA,NA,NA,NA,NA,NA,NA,NA,NA,NA,NA
2026-04-22 00:00:00,43.5,126.25,15.5,28.25,44.5,94.75,0.0,0.0,12.5,NA,NA,NA,NA,NA,NA,NA,NA,NA,NA,NA,NA,NA,NA,NA
2026-04-22 01:00:00,50.5,128.0,10.5,27.0,38.25,105.5,NA,0.0,17.0,NA,NA,NA,NA,NA,NA,NA,NA,NA,NA,NA,NA,NA,NA,NA
2026-04-22 02:00:00,40.75,114.75,8.5,21.0,29.5,95.25,NA,0.0,11.0,NA,NA,NA,NA,NA,NA,NA,NA,NA,NA,NA,NA,NA,NA,NA
2026-04-22 03:00:00,50.5,123.0,17.75,16.5,35.0,91.0,NA,0.0,3.25,NA,NA,NA,NA,NA,NA,NA,NA,NA,NA,NA,NA,NA,NA,NA
2026-04-22 04:00:00,47.0,116.0,36.25,16.25,53.25,114.25,NA,0.0,1.0,NA,NA,NA,NA,NA,NA,NA,NA,NA,NA,NA,NA,NA,NA,NA
2026-04-22 05:00:00,61.0,153.0,37.5,18.0,56.0,139.5,NA,0.0,1.25,NA,NA,NA,NA,NA,NA,NA,NA,NA,NA,NA,NA,NA,NA,NA
2026-04-22 06:00:00,51.0,155.0,54.5,31.25,86.0,182.5,0.0,0.0,2.25,NA,NA,NA,NA,NA,NA,NA,NA,NA,NA,NA,NA,NA,NA,NA
2026-04-22 07:00:00,68.75,179.0,48.75,25.5,74.75,143.25,0.0,1.0,3.5,NA,NA,NA,NA,NA,NA,NA,NA,NA,NA,NA,NA,NA,NA,NA
2026-04-22 08:00:00,66.5,176.75,14.5,26.0,41.5,103.5,0.25,0.0,8.75,NA,NA,NA,NA,NA,NA,NA,NA,NA,NA,NA,NA,NA,NA,NA
2026-04-22 09:00:00,71.0,149.0,9.75,25.25,35.75,84.0,0.0,0.0,9.5,NA,NA,NA,NA,NA,NA,NA,NA,NA,NA,NA,NA,NA,NA,NA
2026-04-22 10:00:00,40.0,134.0,11.0,26.75,37.75,89.25,0.0,0.0,13.75,NA,NA,NA,NA,NA,NA,NA,NA,NA,NA,NA,NA,NA,NA,NA
2026-04-22 11:00:00,39.75,122.0,6.5,24.0,30.75,78.75,0.0,0.0,20.25,NA,NA,NA,NA,NA,NA,NA,NA,NA,NA,NA,NA,NA,NA,NA
2026-04-22 12:00:00,48.0,109.25,8.5,25.75,35.25,81.5,0.0,0.0,19.25,NA,NA,NA,NA,NA,NA,NA,NA,NA,NA,NA,NA,NA,NA,NA
2026-04-22 13:00:00,34.0,110.25,9.75,29.5,39.75,80.0,0.0,0.0,24.75,NA,NA,NA,NA,NA,NA,NA,NA,NA,NA,NA,NA,NA,NA,NA
2026-04-22 14:00:00,33.25,100.75,12.75,30.0,43.25,86.75,0.0,0.0,20.5,NA,NA,NA,NA,NA,NA,NA,NA,NA,NA,NA,NA,NA,NA,NA
2026-04-22 15:00:00,38.5,98.5,19.75,28.75,48.75,99.25,0.0,0.25,19.0,NA,NA,NA,NA,NA,NA,NA,NA,NA,NA,NA,NA,NA,NA,NA
2026-04-22 16:00:00,21.75,81.5,19.5,24.5,44.5,96.25,0.0,0.5,19.25,NA,NA,NA,NA,NA,NA,NA,NA,NA,NA,NA,NA,NA,NA,NA
2026-04-22 17:00:00,35.5,101.25,24.25,26.5,51.25,134.25,0.0,1.0,19.25,NA,NA,NA,NA,NA,NA,NA,NA,NA,NA,NA,NA,NA,NA,NA
2026-04-22 18:00:00,25.25,103.5,16.0,28.75,45.5,104.0,0.0,0.25,21.0,NA,NA,NA,NA,NA,NA,NA,NA,NA,NA,NA,NA,NA,NA,NA
2026-04-22 19:00:00,27.0,105.25,13.25,27.5,41.25,92.5,0.0,0.5,22.25,NA,NA,NA,NA,NA,NA,NA,NA,NA,NA,NA,NA,NA,NA,NA
2026-04-22 20:00:00,40.0,86.25,43.0,26.5,70.25,156.5,0.0,1.0,10.0,NA,NA,NA,NA,NA,NA,NA,NA,NA,NA,NA,NA,NA,NA,NA
2026-04-22 21:00:00,40.25,112.75,52.0,24.0,76.75,155.25,0.25,1.0,5.75,NA,NA,NA,NA,NA,NA,NA,NA,NA,NA,NA,NA,NA,NA,NA
2026-04-22 22:00:00,33.5,122.75,48.5,17.25,66.25,130.75,0.0,0.5,3.5,NA,NA,NA,NA,NA,NA,NA,NA,NA,NA,NA,NA,NA,NA,NA
2026-04-22 23:00:00,28.75,120.75,57.25,22.0,79.75,149.0,NA,0.25,2.25,NA,NA,NA,NA,NA,NA,NA,NA,NA,NA,NA,NA,NA,NA,NA
2026-04-23 00:00:00,25.75,131.75,49.0,23.5,73.25,139.5,0.0,0.0,1.0,NA,NA,NA,NA,NA,NA,NA,NA,NA,NA,NA,NA,NA,NA,NA
2026-04-23 01:00:00,36.75,153.5,71.25,12.25,84.0,167.5,0.0,0.0,2.0,NA,NA,NA,NA,NA,NA,NA,NA,NA,NA,NA,NA,NA,NA,NA
2026-04-23 02:00:00,32.75,159.0,88.25,5.5,94.25,186.75,0.0,0.0,1.5,NA,NA,NA,NA,NA,NA,NA,NA,NA,NA,NA,NA,NA,NA,NA
2026-04-23 03:00:00,39.75,157.25,42.75,18.5,61.5,125.25,0.0,0.0,1.5,NA,NA,NA,NA,NA,NA,NA,NA,NA,NA,NA,NA,NA,NA,NA
2026-04-23 04:00:00,34.75,136.5,32.25,17.75,50.25,138.5,0.0,0.0,3.0,NA,NA,NA,NA,NA,NA,NA,NA,NA,NA,NA,NA,NA,NA,NA
2026-04-23 05:00:00,32.0,131.25,51.5,9.75,61.5,134.25,0.0,0.0,1.75,NA,NA,NA,NA,NA,NA,NA,NA,NA,NA,NA,NA,NA,NA,NA
2026-04-23 06:00:00,33.0,124.75,88.25,3.75,91.0,189.25,0.0,0.0,1.5,NA,NA,NA,NA,NA,NA,NA,NA,NA,NA,NA,NA,NA,NA,NA
2026-04-23 07:00:00,34.75,148.5,162.5,1.5,158.25,303.5,0.0,0.5,2.0,NA,NA,NA,NA,NA,NA,NA,NA,NA,NA,NA,NA,NA,NA,NA
2026-04-23 08:00:00,45.5,180.5,130.25,8.5,136.75,253.5,1.25,1.0,2.0,NA,NA,NA,NA,NA,NA,NA,NA,NA,NA,NA,NA,NA,NA,NA
2026-04-23 09:00:00,52.25,188.25,77.0,27.25,104.5,202.0,0.5,0.75,4.75,NA,NA,NA,NA,NA,NA,NA,NA,NA,NA,NA,NA,NA,NA,NA
2026-04-23 10:00:00,37.5,189.75,46.75,36.75,84.5,177.75,0.0,0.25,7.0,NA,NA,NA,NA,NA,NA,NA,NA,NA,NA,NA,NA,NA,NA,NA
2026-04-23 11:00:00,44.75,161.5,32.75,41.5,74.5,168.0,0.25,0.5,14.0,NA,NA,NA,NA,NA,NA,NA,NA,NA,NA,NA,NA,NA,NA,NA
2026-04-23 12:00:00,37.0,140.75,23.75,33.5,57.75,132.0,0.0,0.0,16.75,NA,NA,NA,NA,NA,NA,NA,NA,NA,NA,NA,NA,NA,NA,NA
2026-04-23 13:00:00,37.25,125.5,48.25,37.25,86.0,179.25,0.5,0.75,14.75,NA,NA,NA,NA,NA,NA,NA,NA,NA,NA,NA,NA,NA,NA,NA
2026-04-23 14:00:00,27.75,122.75,16.5,48.25,65.25,140.5,0.0,0.0,30.75,NA,NA,NA,NA,NA,NA,NA,NA,NA,NA,NA,NA,NA,NA,NA
2026-04-23 15:00:00,38.0,140.5,20.25,60.5,81.25,167.0,0.0,0.0,27.25,NA,NA,NA,NA,NA,NA,NA,NA,NA,NA,NA,NA,NA,NA,NA
2026-04-23 16:00:00,40.25,114.0,24.25,45.75,70.5,146.5,0.25,0.25,29.5,NA,NA,NA,NA,NA,NA,NA,NA,NA,NA,NA,NA,NA,NA,NA
2026-04-23 17:00:00,43.75,154.0,12.0,49.0,62.0,131.0,0.0,0.0,54.0,NA,NA,NA,NA,NA,NA,NA,NA,NA,NA,NA,NA,NA,NA,NA
2026-04-23 18:00:00,53.0,191.5,22.25,54.75,77.5,158.25,NA,0.5,45.0,NA,NA,NA,NA,NA,NA,NA,NA,NA,NA,NA,NA,NA,NA,NA
2026-04-23 19:00:00,52.5,175.75,14.5,53.75,68.5,143.5,0.0,0.75,44.25,NA,NA,NA,NA,NA,NA,NA,NA,NA,NA,NA,NA,NA,NA,NA
2026-04-23 20:00:00,59.25,206.25,7.25,45.25,53.0,115.5,0.0,0.25,43.5,NA,NA,NA,NA,NA,NA,NA,NA,NA,NA,NA,NA,NA,NA,NA
2026-04-23 21:00:00,75.0,170.75,1.5,17.0,19.0,57.75,NA,0.0,27.0,NA,NA,NA,NA,NA,NA,NA,NA,NA,NA,NA,NA,NA,NA,NA
2026-04-23 22:00:00,63.5,154.0,2.75,18.25,21.5,61.5,0.0,0.0,23.0,NA,NA,NA,NA,NA,NA,NA,NA,NA,NA,NA,NA,NA,NA,NA
2026-04-23 23:00:00,56.0,152.5,4.75,16.75,22.0,60.0,NA,0.0,17.5,NA,NA,NA,NA,NA,NA,NA,NA,NA,NA,NA,NA,NA,NA,NA
2026-04-24 00:00:00,41.5,134.75,7.25,12.5,20.75,59.5,NA,0.0,11.5,NA,NA,NA,NA,NA,NA,NA,NA,NA,NA,NA,NA,NA,NA,NA
2026-04-24 01:00:00,48.75,139.0,9.25,11.0,20.75,62.25,0.0,0.0,14.25,NA,NA,NA,NA,NA,NA,NA,NA,NA,NA,NA,NA,NA,NA,NA
2026-04-24 02:00:00,44.0,102.0,9.0,10.0,19.5,62.0,NA,0.0,11.5,NA,NA,NA,NA,NA,NA,NA,NA,NA,NA,NA,NA,NA,NA,NA
2026-04-24 03:00:00,25.67,108.0,10.0,9.0,19.33,65.67,NA,0.0,7.33,NA,NA,NA,NA,NA,NA,NA,NA,NA,NA,NA,NA,NA,NA,NA
2026-04-24 04:00:00,31.5,126.0,13.0,8.0,21.5,71.25,0.0,0.0,2.33,NA,NA,NA,NA,NA,NA,NA,NA,NA,NA,NA,NA,NA,NA,NA
2026-04-24 05:00:00,22.25,115.75,16.5,7.0,24.0,77.5,0.0,0.0,1.0,NA,NA,NA,NA,NA,NA,NA,NA,NA,NA,NA,NA,NA,NA,NA
2026-04-24 06:00:00,39.0,129.25,23.5,5.75,30.25,93.5,0.0,0.0,1.5,NA,NA,NA,NA,NA,NA,NA,NA,NA,NA,NA,NA,NA,NA,NA
2026-04-24 07:00:00,41.75,157.5,32.75,4.75,37.75,100.25,0.0,0.0,2.0,NA,NA,NA,NA,NA,NA,NA,NA,NA,NA,NA,NA,NA,NA,NA
2026-04-24 08:00:00,40.5,138.0,36.25,5.0,41.75,107.5,1.25,0.0,2.75,NA,NA,NA,NA,NA,NA,NA,NA,NA,NA,NA,NA,NA,NA,NA
2026-04-24 09:00:00,45.25,148.5,32.5,5.5,38.25,101.5,1.0,0.0,4.0,NA,NA,NA,NA,NA,NA,NA,NA,NA,NA,NA,NA,NA,NA,NA
2026-04-24 10:00:00,36.5,143.75,26.25,7.25,33.75,93.5,1.25,0.25,5.5,NA,NA,NA,NA,NA,NA,NA,NA,NA,NA,NA,NA,NA,NA,NA
2026-04-24 11:00:00,42.25,141.25,21.75,9.75,32.0,90.0,1.5,0.75,6.75,NA,NA,NA,NA,NA,NA,NA,NA,NA,NA,NA,NA,NA,NA,NA
2026-04-24 12:00:00,34.0,133.5,18.5,10.75,29.75,83.5,1.5,0.25,7.75,NA,NA,NA,NA,NA,NA,NA,NA,NA,NA,NA,NA,NA,NA,NA
2026-04-24 13:00:00,34.25,140.25,11.0,12.5,24.5,76.75,1.25,0.0,9.25,NA,NA,NA,NA,NA,NA,NA,NA,NA,NA,NA,NA,NA,NA,NA
2026-04-24 14:00:00,24.5,132.5,10.0,12.5,23.0,70.5,1.0,0.0,7.75,NA,NA,NA,NA,NA,NA,NA,NA,NA,NA,NA,NA,NA,NA,NA
2026-04-24 15:00:00,46.0,152.0,9.0,13.25,22.5,72.25,1.0,0.0,14.0,NA,NA,NA,NA,NA,NA,NA,NA,NA,NA,NA,NA,NA,NA,NA
2026-04-24 16:00:00,43.0,154.0,13.25,12.75,26.75,79.5,1.0,0.75,9.75,NA,NA,NA,NA,NA,NA,NA,NA,NA,NA,NA,NA,NA,NA,NA
2026-04-24 17:00:00,44.25,178.5,19.0,13.5,33.0,90.0,1.0,0.5,NA,NA,NA,NA,NA,NA,NA,NA,NA,NA,NA,NA,NA,NA,NA,NA
2026-04-24 18:00:00,49.75,172.25,17.25,15.75,33.75,93.75,1.0,1.0,NA,NA,NA,NA,NA,NA,NA,NA,NA,NA,NA,NA,NA,NA,NA,NA
2026-04-24 19:00:00,58.25,185.25,19.25,16.5,36.25,100.0,1.0,1.0,NA,NA,NA,NA,NA,NA,NA,NA,NA,NA,NA,NA,NA,NA,NA,NA
2026-04-24 20:00:00,61.25,164.5,15.0,18.5,33.75,104.25,0.5,0.25,NA,NA,NA,NA,NA,NA,NA,NA,NA,NA,NA,NA,NA,NA,NA,NA
2026-04-24 21:00:00,53.75,172.25,17.75,15.5,33.75,103.0,0.25,1.0,NA,NA,NA,NA,NA,NA,NA,NA,NA,NA,NA,NA,NA,NA,NA,NA
2026-04-24 22:00:00,75.75,185.75,25.75,15.75,42.0,127.75,0.5,0.5,NA,NA,NA,NA,NA,NA,NA,NA,NA,NA,NA,NA,NA,NA,NA,NA
2026-04-24 23:00:00,54.5,179.5,24.0,15.75,40.75,127.25,0.25,0.0,NA,NA,NA,NA,NA,NA,NA,NA,NA,NA,NA,NA,NA,NA,NA,NA
2026-04-25 00:00:00,32.25,135.75,20.75,16.0,37.25,122.25,0.0,0.0,2.0,NA,NA,NA,NA,NA,NA,NA,NA,NA,NA,NA,NA,NA,NA,NA
2026-04-25 01:00:00,57.5,134.5,16.25,11.5,28.0,102.75,0.0,0.0,3.5,NA,NA,NA,NA,NA,NA,NA,NA,NA,NA,NA,NA,NA,NA,NA
2026-04-25 02:00:00,32.0,127.75,16.0,9.75,26.25,99.25,0.0,0.0,5.0,NA,NA,NA,NA,NA,NA,NA,NA,NA,NA,NA,NA,NA,NA,NA
2026-04-25 03:00:00,31.25,118.0,16.75,8.25,25.5,100.5,0.0,0.0,2.5,NA,NA,NA,NA,NA,NA,NA,NA,NA,NA,NA,NA,NA,NA,NA
2026-04-25 04:00:00,32.75,167.5,25.25,6.0,31.25,109.25,0.0,0.0,1.0,NA,NA,NA,NA,NA,NA,NA,NA,NA,NA,NA,NA,NA,NA,NA
2026-04-25 05:00:00,29.75,199.75,40.0,3.0,43.25,132.0,0.5,0.25,1.25,NA,NA,NA,NA,NA,NA,NA,NA,NA,NA,NA,NA,NA,NA,NA
2026-04-25 06:00:00,39.5,233.0,75.75,0.33,75.25,188.0,1.0,0.75,2.0,NA,NA,NA,NA,NA,NA,NA,NA,NA,NA,NA,NA,NA,NA,NA
2026-04-25 07:00:00,50.25,NA,186.25,10.0,192.0,373.0,1.25,1.0,3.0,NA,NA,NA,NA,NA,NA,NA,NA,NA,NA,NA,NA,NA,NA,NA
2026-04-25 08:00:00,70.25,NA,165.25,11.75,176.75,375.0,1.75,1.0,2.75,NA,NA,NA,NA,NA,NA,NA,NA,NA,NA,NA,NA,NA,NA,NA
2026-04-25 09:00:00,73.0,NA,74.5,25.25,100.25,242.0,2.0,1.0,3.25,NA,NA,NA,NA,NA,NA,NA,NA,NA,NA,NA,NA,NA,NA,NA
2026-04-25 10:00:00,72.0,242.0,17.25,44.25,62.0,164.0,2.0,0.25,9.75,NA,NA,NA,NA,NA,NA,NA,NA,NA,NA,NA,NA,NA,NA,NA
2026-04-25 11:00:00,56.25,235.75,13.0,53.0,66.25,165.75,2.0,0.0,21.0,NA,NA,NA,NA,NA,NA,NA,NA,NA,NA,NA,NA,NA,NA,NA
2026-04-25 12:00:00,45.75,154.5,9.25,48.0,57.5,150.0,1.75,0.0,25.5,NA,NA,NA,NA,NA,NA,NA,NA,NA,NA,NA,NA,NA,NA,NA
2026-04-25 13:00:00,43.25,123.5,15.75,35.0,51.25,119.5,2.0,0.0,19.0,NA,NA,NA,NA,NA,NA,NA,NA,NA,NA,NA,NA,NA,NA,NA
2026-04-25 14:00:00,33.25,116.5,12.25,36.75,49.5,118.5,1.5,0.25,28.0,NA,NA,NA,NA,NA,NA,NA,NA,NA,NA,NA,NA,NA,NA,NA
2026-04-25 15:00:00,38.5,109.0,21.75,42.25,64.75,146.25,1.25,0.5,25.75,NA,NA,NA,NA,NA,NA,NA,NA,NA,NA,NA,NA,NA,NA,NA
2026-04-25 16:00:00,44.0,110.25,26.25,44.5,71.5,166.75,1.0,1.0,24.75,NA,NA,NA,NA,NA,NA,NA,NA,NA,NA,NA,NA,NA,NA,NA
2026-04-25 17:00:00,44.25,124.0,15.5,46.75,62.5,146.5,1.0,0.5,39.25,NA,NA,NA,NA,NA,NA,NA,NA,NA,NA,NA,NA,NA,NA,NA
2026-04-25 18:00:00,63.75,125.25,8.0,51.5,59.75,134.5,1.0,1.0,47.5,NA,NA,NA,NA,NA,NA,NA,NA,NA,NA,NA,NA,NA,NA,NA
2026-04-25 19:00:00,60.5,140.5,16.0,52.5,69.25,153.25,1.0,1.0,34.0,NA,NA,NA,NA,NA,NA,NA,NA,NA,NA,NA,NA,NA,NA,NA
2026-04-25 20:00:00,67.75,136.5,26.75,45.75,73.25,159.25,1.0,1.0,12.5,NA,NA,NA,NA,NA,NA,NA,NA,NA,NA,NA,NA,NA,NA,NA
2026-04-25 21:00:00,65.25,155.5,26.25,38.5,65.0,157.75,4.75,1.0,6.75,NA,NA,NA,NA,NA,NA,NA,NA,NA,NA,NA,NA,NA,NA,NA
2026-04-25 22:00:00,67.0,149.75,29.0,30.25,59.5,139.0,49.5,0.5,6.25,NA,NA,NA,NA,NA,NA,NA,NA,NA,NA,NA,NA,NA,NA,NA
2026-04-25 23:00:00,66.25,146.75,42.0,29.75,72.0,166.5,7.5,0.0,3.5,NA,NA,NA,NA,NA,NA,NA,NA,NA,NA,NA,NA,NA,NA,NA
2026-04-26 00:00:00,54.5,144.5,71.0,27.0,98.75,228.0,19.67,0.25,2.0,NA,NA,NA,NA,NA,NA,NA,NA,NA,NA,NA,NA,NA,NA,NA
2026-04-26 01:00:00,73.5,155.5,65.25,14.75,81.0,186.25,0.0,0.0,1.5,NA,NA,NA,NA,NA,NA,NA,NA,NA,NA,NA,NA,NA,NA,NA
2026-04-26 02:00:00,67.25,196.0,28.25,14.75,43.0,118.25,NA,0.0,3.33,NA,NA,NA,NA,NA,NA,NA,NA,NA,NA,NA,NA,NA,NA,NA
2026-04-26 03:00:00,56.5,180.75,18.25,13.25,32.5,87.75,NA,0.0,NA,NA,NA,NA,NA,NA,NA,NA,NA,NA,NA,NA,NA,NA,NA,NA
2026-04-26 04:00:00,64.5,155.5,55.25,7.75,63.5,141.0,NA,0.0,NA,NA,NA,NA,NA,NA,NA,NA,NA,NA,NA,NA,NA,NA,NA,NA
2026-04-26 05:00:00,59.0,175.5,85.25,4.0,88.75,187.5,NA,0.0,NA,NA,NA,NA,NA,NA,NA,NA,NA,NA,NA,NA,NA,NA,NA,NA
2026-04-26 06:00:00,61.75,195.0,47.5,11.0,59.25,136.25,NA,0.0,NA,NA,NA,NA,NA,NA,NA,NA,NA,NA,NA,NA,NA,NA,NA,NA
2026-04-26 07:00:00,69.25,191.75,20.0,19.0,39.5,112.75,NA,0.0,NA,NA,NA,NA,NA,NA,NA,NA,NA,NA,NA,NA,NA,NA,NA,NA
2026-04-26 08:00:00,56.75,174.75,14.75,20.5,35.75,86.75,2.0,0.0,NA,NA,NA,NA,NA,NA,NA,NA,NA,NA,NA,NA,NA,NA,NA,NA
2026-04-26 09:00:00,52.5,158.25,18.0,19.5,38.0,84.25,NA,0.0,NA,NA,NA,NA,NA,NA,NA,NA,NA,NA,NA,NA,NA,NA,NA,NA
2026-04-26 10:00:00,44.75,136.0,10.5,21.75,32.75,98.25,NA,0.0,NA,NA,NA,NA,NA,NA,NA,NA,NA,NA,NA,NA,NA,NA,NA,NA
2026-04-26 11:00:00,41.5,120.25,8.25,24.5,33.0,74.75,NA,0.0,NA,NA,NA,NA,NA,NA,NA,NA,NA,NA,NA,NA,NA,NA,NA,NA
2026-04-26 12:00:00,24.75,97.5,8.5,24.0,33.5,99.0,1.5,0.0,NA,NA,NA,NA,NA,NA,NA,NA,NA,NA,NA,NA,NA,NA,NA,NA
2026-04-26 13:00:00,36.75,103.0,4.75,19.5,24.5,86.25,0.0,0.0,NA,NA,NA,NA,NA,NA,NA,NA,NA,NA,NA,NA,NA,NA,NA,NA
2026-04-26 14:00:00,31.5,103.75,3.5,23.0,26.75,68.25,0.0,0.0,NA,NA,NA,NA,NA,NA,NA,NA,NA,NA,NA,NA,NA,NA,NA,NA
2026-04-26 15:00:00,38.75,102.0,4.75,26.25,32.0,78.25,0.0,0.0,NA,NA,NA,NA,NA,NA,NA,NA,NA,NA,NA,NA,NA,NA,NA,NA
2026-04-26 16:00:00,35.75,113.0,5.25,25.75,31.75,76.25,0.0,0.0,NA,NA,NA,NA,NA,NA,NA,NA,NA,NA,NA,NA,NA,NA,NA,NA
2026-04-26 17:00:00,43.0,100.5,6.0,32.25,38.75,75.0,0.0,0.0,NA,NA,NA,NA,NA,NA,NA,NA,NA,NA,NA,NA,NA,NA,NA,NA
2026-04-26 18:00:00,30.0,106.0,7.0,26.75,34.0,75.5,0.0,0.0,NA,NA,NA,NA,NA,NA,NA,NA,NA,NA,NA,NA,NA,NA,NA,NA
2026-04-26 19:00:00,36.67,113.67,9.67,27.0,37.0,81.33,0.0,0.33,NA,NA,NA,NA,NA,NA,NA,NA,NA,NA,NA,NA,NA,NA,NA,NA
2026-04-26 20:00:00,33.25,99.5,3.5,24.0,28.25,66.75,0.0,0.0,NA,NA,NA,NA,NA,NA,NA,NA,NA,NA,NA,NA,NA,NA,NA,NA
2026-04-26 21:00:00,36.75,92.25,3.0,21.5,25.25,103.5,0.0,0.25,NA,NA,NA,NA,NA,NA,NA,NA,NA,NA,NA,NA,NA,NA,NA,NA
2026-04-26 22:00:00,31.75,95.75,2.25,21.25,24.25,81.0,0.0,0.0,NA,NA,NA,NA,NA,NA,NA,NA,NA,NA,NA,NA,NA,NA,NA,NA
2026-04-26 23:00:00,40.25,103.0,4.75,20.25,25.25,58.75,0.0,0.0,NA,NA,NA,NA,NA,NA,NA,NA,NA,NA,NA,NA,NA,NA,NA,NA
2026-04-27 00:00:00,27.25,79.5,4.25,20.25,24.75,69.25,0.0,0.0,NA,NA,NA,NA,NA,NA,NA,NA,NA,NA,NA,NA,NA,NA,NA,NA
2026-04-27 01:00:00,29.25,85.75,4.25,17.5,22.0,57.5,0.0,0.0,NA,NA,NA,NA,NA,NA,NA,NA,NA,NA,NA,NA,NA,NA,NA,NA
2026-04-27 02:00:00,31.25,93.0,5.5,14.75,20.75,58.0,0.0,0.0,NA,NA,NA,NA,NA,NA,NA,NA,NA,NA,NA,NA,NA,NA,NA,NA
2026-04-27 03:00:00,35.0,79.5,2.0,13.5,15.75,73.75,0.0,0.0,NA,NA,NA,NA,NA,NA,NA,NA,NA,NA,NA,NA,NA,NA,NA,NA
2026-04-27 04:00:00,21.0,74.0,2.5,15.25,18.0,56.25,0.0,0.0,NA,NA,NA,NA,NA,NA,NA,NA,NA,NA,NA,NA,NA,NA,NA,NA
2026-04-27 05:00:00,36.75,73.5,5.0,16.0,21.75,77.5,0.0,0.0,NA,NA,NA,NA,NA,NA,NA,NA,NA,NA,NA,NA,NA,NA,NA,NA
2026-04-27 06:00:00,33.0,78.75,8.0,15.25,24.0,66.75,1.0,0.0,NA,NA,NA,NA,NA,NA,NA,NA,NA,NA,NA,NA,NA,NA,NA,NA
2026-04-27 07:00:00,32.25,76.75,6.75,14.0,20.75,59.75,0.0,0.0,NA,NA,NA,NA,NA,NA,NA,NA,NA,NA,NA,NA,NA,NA,NA,NA
2026-04-27 08:00:00,20.0,85.75,10.0,11.75,22.0,70.25,0.25,0.0,NA,NA,NA,NA,NA,NA,NA,NA,NA,NA,NA,NA,NA,NA,NA,NA
2026-04-27 09:00:00,33.0,96.0,17.75,12.0,30.25,74.75,0.5,0.0,NA,NA,NA,NA,NA,NA,NA,NA,NA,NA,NA,NA,NA,NA,NA,NA
2026-04-27 10:00:00,32.75,110.25,17.25,13.75,31.75,81.25,0.5,0.0,NA,NA,NA,NA,NA,NA,NA,NA,NA,NA,NA,NA,NA,NA,NA,NA
2026-04-27 11:00:00,29.75,126.25,16.25,15.25,32.0,82.0,0.5,0.0,NA,NA,NA,NA,NA,NA,NA,NA,NA,NA,NA,NA,NA,NA,NA,NA
2026-04-27 12:00:00,24.25,117.0,12.5,14.5,27.0,84.75,1.0,0.0,NA,NA,NA,NA,NA,NA,NA,NA,NA,NA,NA,NA,NA,NA,NA,NA
2026-04-27 13:00:00,28.5,90.75,17.5,37.0,54.75,130.25,1.67,NA,NA,NA,NA,NA,NA,NA,NA,NA,NA,NA,NA,NA,NA,NA,NA,NA
2026-04-27 14:00:00,NA,NA,12.0,27.75,40.5,106.0,1.5,0.0,NA,NA,NA,NA,NA,NA,NA,NA,NA,NA,NA,NA,NA,NA,NA,NA
2026-04-27 15:00:00,NA,NA,7.25,11.25,19.25,66.0,2.75,0.0,3.5,NA,NA,NA,NA,NA,NA,NA,NA,NA,NA,NA,NA,NA,NA,NA
2026-04-27 16:00:00,NA,NA,6.75,9.5,17.25,60.5,2.25,0.0,4.5,NA,NA,NA,NA,NA,NA,NA,NA,NA,NA,NA,NA,NA,NA,NA
2026-04-27 17:00:00,40.33,93.0,9.25,10.75,20.5,64.5,2.0,0.0,7.5,NA,NA,NA,NA,NA,NA,NA,NA,NA,NA,NA,NA,NA,NA,NA
2026-04-27 18:00:00,36.75,95.5,20.25,10.25,30.25,80.75,2.25,0.0,8.25,NA,NA,NA,NA,NA,NA,NA,NA,NA,NA,NA,NA,NA,NA,NA
2026-04-27 19:00:00,32.0,88.5,16.0,12.0,28.25,77.75,2.0,0.0,8.75,NA,NA,NA,NA,NA,NA,NA,NA,NA,NA,NA,NA,NA,NA,NA
2026-04-27 20:00:00,55.0,96.75,9.25,13.75,23.75,71.0,2.0,0.0,12.0,NA,NA,NA,NA,NA,NA,NA,NA,NA,NA,NA,NA,NA,NA,NA
2026-04-27 21:00:00,51.75,94.0,8.25,11.0,19.25,63.25,1.5,0.0,9.0,NA,NA,NA,NA,NA,NA,NA,NA,NA,NA,NA,NA,NA,NA,NA
2026-04-27 22:00:00,37.25,81.75,6.25,9.75,16.25,54.25,1.0,0.0,10.0,NA,NA,NA,NA,NA,NA,NA,NA,NA,NA,NA,NA,NA,NA,NA
2026-04-27 23:00:00,42.75,81.0,5.75,9.0,15.25,51.5,1.0,0.0,10.0,NA,NA,NA,NA,NA,NA,NA,NA,NA,NA,NA,NA,NA,NA,NA
2026-04-28 00:00:00,29.0,87.0,12.75,10.75,24.25,67.0,1.0,0.0,4.25,NA,NA,NA,NA,NA,NA,NA,NA,NA,NA,NA,NA,NA,NA,NA
2026-04-28 01:00:00,35.5,93.0,4.5,7.0,11.75,45.0,1.0,0.0,6.25,NA,NA,NA,NA,NA,NA,NA,NA,NA,NA,NA,NA,NA,NA,NA
2026-04-28 02:00:00,33.25,92.0,3.25,6.25,10.25,43.25,1.0,0.0,7.75,NA,NA,NA,NA,NA,NA,NA,NA,NA,NA,NA,NA,NA,NA,NA
2026-04-28 03:00:00,34.75,84.75,3.0,5.75,9.25,42.0,1.0,0.0,6.75,NA,NA,NA,NA,NA,NA,NA,NA,NA,NA,NA,NA,NA,NA,NA
2026-04-28 04:00:00,33.5,78.25,2.5,6.0,9.25,41.0,1.0,0.0,5.75,NA,NA,NA,NA,NA,NA,NA,NA,NA,NA,NA,NA,NA,NA,NA
2026-04-28 05:00:00,35.5,78.0,6.0,5.75,12.0,49.0,1.0,0.0,3.25,NA,NA,NA,NA,NA,NA,NA,NA,NA,NA,NA,NA,NA,NA,NA
2026-04-28 06:00:00,29.5,71.75,23.0,5.0,28.5,76.75,1.0,0.0,2.0,NA,NA,NA,NA,NA,NA,NA,NA,NA,NA,NA,NA,NA,NA,NA
2026-04-28 07:00:00,47.5,77.75,33.0,4.5,37.75,93.0,1.25,0.0,1.25,NA,NA,NA,NA,NA,NA,NA,NA,NA,NA,NA,NA,NA,NA,NA
2026-04-28 08:00:00,34.5,97.25,30.0,4.5,34.25,86.25,1.0,0.0,3.0,NA,NA,NA,NA,NA,NA,NA,NA,NA,NA,NA,NA,NA,NA,NA
2026-04-28 09:00:00,41.0,116.0,45.25,4.25,48.0,111.5,1.0,0.0,3.25,NA,NA,NA,NA,NA,NA,NA,NA,NA,NA,NA,NA,NA,NA,NA
2026-04-28 10:00:00,61.25,166.0,15.5,7.25,23.0,65.25,1.0,0.0,4.0,NA,NA,NA,NA,NA,NA,NA,NA,NA,NA,NA,NA,NA,NA,NA
2026-04-28 11:00:00,43.25,160.25,13.5,8.25,22.25,63.75,1.0,0.0,8.0,NA,NA,NA,NA,NA,NA,NA,NA,NA,NA,NA,NA,NA,NA,NA
2026-04-28 12:00:00,44.25,124.0,17.25,10.75,28.25,73.0,1.0,0.0,11.67,NA,NA,NA,NA,NA,NA,NA,NA,NA,NA,NA,NA,NA,NA,NA
2026-04-28 13:00:00,40.25,104.5,13.5,11.25,25.75,70.0,1.0,0.0,3.0,NA,NA,NA,NA,NA,NA,NA,NA,NA,NA,NA,NA,NA,NA,NA
2026-04-28 14:00:00,39.5,94.5,10.25,9.75,20.25,59.25,1.0,0.0,NA,NA,NA,NA,NA,NA,NA,NA,NA,NA,NA,NA,NA,NA,NA,NA
2026-04-28 15:00:00,27.5,88.5,11.5,10.0,21.75,62.0,1.0,0.0,NA,NA,NA,NA,NA,NA,NA,NA,NA,NA,NA,NA,NA,NA,NA,NA
2026-04-28 16:00:00,36.5,94.25,10.0,10.75,21.0,65.0,1.0,0.0,NA,NA,NA,NA,NA,NA,NA,NA,NA,NA,NA,NA,NA,NA,NA,NA
2026-04-28 17:00:00,31.75,81.25,13.25,10.0,23.5,66.5,1.0,0.0,1.0,NA,NA,NA,NA,NA,NA,NA,NA,NA,NA,NA,NA,NA,NA,NA
2026-04-28 18:00:00,25.0,92.25,11.5,9.5,21.25,61.75,1.0,0.0,NA,NA,NA,NA,NA,NA,NA,NA,NA,NA,NA,NA,NA,NA,NA,NA
2026-04-28 19:00:00,24.25,82.25,21.25,10.5,32.75,79.0,1.0,0.0,NA,NA,NA,NA,NA,NA,NA,NA,NA,NA,NA,NA,NA,NA,NA,NA
2026-04-28 20:00:00,22.0,85.75,17.5,11.5,29.5,72.25,1.0,0.0,NA,NA,NA,NA,NA,NA,NA,NA,NA,NA,NA,NA,NA,NA,NA,NA
2026-04-28 21:00:00,32.5,100.5,19.75,9.75,30.0,79.5,1.0,0.0,NA,NA,NA,NA,NA,NA,NA,NA,NA,NA,NA,NA,NA,NA,NA,NA
2026-04-28 22:00:00,29.0,92.0,20.75,8.75,30.0,76.25,1.0,0.0,NA,NA,NA,NA,NA,NA,NA,NA,NA,NA,NA,NA,NA,NA,NA,NA
2026-04-28 23:00:00,28.25,90.0,14.25,9.0,23.75,63.75,1.0,0.0,NA,NA,NA,NA,NA,NA,NA,NA,NA,NA,NA,NA,NA,NA,NA,NA
2026-04-29 00:00:00,24.0,79.5,16.25,8.0,24.75,63.0,1.0,0.0,NA,NA,NA,NA,NA,NA,NA,NA,NA,NA,NA,NA,NA,NA,NA,NA
2026-04-29 01:00:00,24.0,83.25,12.75,8.5,22.0,58.25,1.0,0.0,NA,NA,NA,NA,NA,NA,NA,NA,NA,NA,NA,NA,NA,NA,NA,NA
2026-04-29 02:00:00,29.0,81.25,7.0,6.5,14.5,46.0,1.0,0.0,NA,NA,NA,NA,NA,NA,NA,NA,NA,NA,NA,NA,NA,NA,NA,NA
2026-04-29 03:00:00,27.5,66.0,7.75,6.75,15.25,54.75,1.0,0.0,NA,NA,NA,NA,NA,NA,NA,NA,NA,NA,NA,NA,NA,NA,NA,NA
2026-04-29 04:00:00,18.5,65.5,22.0,6.75,29.25,74.5,1.0,0.0,NA,NA,NA,NA,NA,NA,NA,NA,NA,NA,NA,NA,NA,NA,NA,NA
2026-04-29 05:00:00,33.5,71.0,34.25,5.5,40.5,90.0,1.0,0.0,NA,NA,NA,NA,NA,NA,NA,NA,NA,NA,NA,NA,NA,NA,NA,NA
2026-04-29 06:00:00,37.25,81.0,37.25,4.25,42.25,106.5,1.25,0.0,2.75,NA,NA,NA,NA,NA,NA,NA,NA,NA,NA,NA,NA,NA,NA,NA
2026-04-29 07:00:00,41.25,79.25,69.5,4.25,72.75,153.75,1.25,0.0,3.0,NA,NA,NA,NA,NA,NA,NA,NA,NA,NA,NA,NA,NA,NA,NA
2026-04-29 08:00:00,58.75,113.75,67.5,4.5,71.0,145.5,1.5,0.5,3.0,NA,NA,NA,NA,NA,NA,NA,NA,NA,NA,NA,NA,NA,NA,NA
2026-04-29 09:00:00,44.0,141.0,53.0,7.0,59.67,126.0,1.0,0.0,2.67,NA,NA,NA,NA,NA,NA,NA,NA,NA,NA,NA,NA,NA,NA,NA
2026-04-29 10:00:00,54.25,152.75,47.25,9.5,57.0,124.25,1.5,0.25,2.75,NA,NA,NA,NA,NA,NA,NA,NA,NA,NA,NA,NA,NA,NA,NA
2026-04-29 11:00:00,55.5,179.5,31.0,13.75,44.75,98.75,1.25,0.0,3.0,NA,NA,NA,NA,NA,NA,NA,NA,NA,NA,NA,NA,NA,NA,NA
2026-04-29 12:00:00,45.25,144.5,25.25,15.75,41.25,92.0,1.0,0.0,2.75,NA,NA,NA,NA,NA,NA,NA,NA,NA,NA,NA,NA,NA,NA,NA
2026-04-29 13:00:00,44.25,117.5,11.5,13.75,26.0,65.25,1.0,0.0,3.33,NA,NA,NA,NA,NA,NA,NA,NA,NA,NA,NA,NA,NA,NA,NA
2026-04-29 14:00:00,29.0,99.75,10.25,13.25,24.0,70.25,1.0,0.0,2.5,NA,NA,NA,NA,NA,NA,NA,NA,NA,NA,NA,NA,NA,NA,NA
2026-04-29 15:00:00,40.0,76.75,10.75,13.0,24.25,60.25,1.0,0.0,3.0,NA,NA,NA,NA,NA,NA,NA,NA,NA,NA,NA,NA,NA,NA,NA
2026-04-29 16:00:00,34.0,82.75,13.25,12.75,26.75,68.25,1.0,0.0,3.25,NA,NA,NA,NA,NA,NA,NA,NA,NA,NA,NA,NA,NA,NA,NA
2026-04-29 17:00:00,26.75,85.0,15.25,10.75,26.5,69.0,1.0,0.0,3.25,NA,NA,NA,NA,NA,NA,NA,NA,NA,NA,NA,NA,NA,NA,NA
2026-04-29 18:00:00,24.75,70.5,15.5,11.25,27.0,69.0,1.0,0.0,3.0,NA,NA,NA,NA,NA,NA,NA,NA,NA,NA,NA,NA,NA,NA,NA
2026-04-29 19:00:00,19.25,52.25,20.75,11.0,32.0,75.75,1.0,0.0,3.25,NA,NA,NA,NA,NA,NA,NA,NA,NA,NA,NA,NA,NA,NA,NA
2026-04-29 20:00:00,28.5,64.5,15.25,13.0,28.75,80.75,0.75,0.0,2.25,NA,NA,NA,NA,NA,NA,NA,NA,NA,NA,NA,NA,NA,NA,NA
2026-04-29 21:00:00,36.25,65.75,14.5,10.75,25.75,71.5,0.0,0.0,3.5,NA,NA,NA,NA,NA,NA,NA,NA,NA,NA,NA,NA,NA,NA,NA
2026-04-29 22:00:00,27.25,54.25,14.0,11.0,25.25,64.25,0.0,0.0,2.75,NA,NA,NA,NA,NA,NA,NA,NA,NA,NA,NA,NA,NA,NA,NA
2026-04-29 23:00:00,40.0,55.5,18.75,9.25,28.0,69.0,0.0,0.0,3.25,NA,NA,NA,NA,NA,NA,NA,NA,NA,NA,NA,NA,NA,NA,NA
2026-04-30 00:00:00,31.75,55.25,14.5,9.75,24.5,62.25,0.0,0.0,3.0,NA,NA,NA,NA,NA,NA,NA,NA,NA,NA,NA,NA,NA,NA,NA
2026-04-30 01:00:00,18.25,62.5,7.75,7.75,15.75,47.0,0.0,0.0,3.25,NA,NA,NA,NA,NA,NA,NA,NA,NA,NA,NA,NA,NA,NA,NA
2026-04-30 02:00:00,19.0,56.5,2.75,6.0,9.0,42.25,0.0,0.0,2.75,NA,NA,NA,NA,NA,NA,NA,NA,NA,NA,NA,NA,NA,NA,NA
2026-04-30 03:00:00,17.0,42.75,5.25,8.25,14.25,51.75,0.0,0.0,3.0,NA,NA,NA,NA,NA,NA,NA,NA,NA,NA,NA,NA,NA,NA,NA
2026-04-30 04:00:00,38.75,49.5,11.5,7.25,19.25,57.75,0.0,0.0,2.25,NA,NA,NA,NA,NA,NA,NA,NA,NA,NA,NA,NA,NA,NA,NA
2026-04-30 05:00:00,53.33,61.33,9.0,8.67,18.33,57.0,0.0,0.0,2.67,NA,NA,NA,NA,NA,NA,NA,NA,NA,NA,NA,NA,NA,NA,NA
2026-04-30 06:00:00,45.5,59.0,13.5,9.0,23.5,74.0,1.0,0.0,2.5,NA,NA,NA,NA,NA,NA,NA,NA,NA,NA,NA,NA,NA,NA,NA
2026-04-30 07:00:00,30.33,72.0,16.0,10.0,26.33,66.0,1.0,0.0,2.67,NA,NA,NA,NA,NA,NA,NA,NA,NA,NA,NA,NA,NA,NA,NA
2026-04-30 08:00:00,33.5,88.25,13.5,8.0,21.75,55.75,1.0,0.5,3.0,NA,NA,NA,NA,NA,NA,NA,NA,NA,NA,NA,NA,NA,NA,NA
2026-04-30 09:00:00,42.75,83.5,15.0,8.75,24.25,70.25,1.0,1.0,3.0,NA,NA,NA,NA,NA,NA,NA,NA,NA,NA,NA,NA,NA,NA,NA
2026-04-30 10:00:00,35.0,80.0,16.67,9.67,27.33,67.0,2.0,1.0,3.0,NA,NA,NA,NA,NA,NA,NA,NA,NA,NA,NA,NA,NA,NA,NA
2026-04-30 11:00:00,30.0,61.25,16.75,11.0,28.5,64.25,1.25,1.0,3.0,NA,NA,NA,NA,NA,NA,NA,NA,NA,NA,NA,NA,NA,NA,NA
2026-04-30 12:00:00,29.5,57.0,20.0,15.25,36.0,74.25,1.75,1.0,3.0,NA,NA,NA,NA,NA,NA,NA,NA,NA,NA,NA,NA,NA,NA,NA
2026-04-30 13:00:00,28.0,62.25,14.75,12.75,28.0,69.0,2.75,1.0,2.75,NA,NA,NA,NA,NA,NA,NA,NA,NA,NA,NA,NA,NA,NA,NA
2026-04-30 14:00:00,34.0,58.5,6.75,13.5,20.75,66.5,2.25,1.0,2.75,NA,NA,NA,NA,NA,NA,NA,NA,NA,NA,NA,NA,NA,NA,NA
2026-04-30 15:00:00,33.75,58.75,8.5,12.75,22.0,68.5,0.5,0.25,NA,NA,NA,NA,NA,NA,NA,NA,NA,NA,NA,NA,NA,NA,NA,NA
2026-04-30 16:00:00,31.75,48.75,13.5,12.5,26.5,89.25,1.5,0.0,NA,NA,NA,NA,NA,NA,NA,NA,NA,NA,NA,NA,NA,NA,NA,NA
2026-04-30 17:00:00,25.5,63.25,9.75,15.0,25.75,68.25,2.75,0.0,9.67,NA,NA,NA,NA,NA,NA,NA,NA,NA,NA,NA,NA,NA,NA,NA
2026-04-30 18:00:00,34.25,57.0,9.0,17.0,26.5,65.0,2.5,0.25,8.5,NA,NA,NA,NA,NA,NA,NA,NA,NA,NA,NA,NA,NA,NA,NA
2026-04-30 19:00:00,30.75,46.0,5.5,14.75,20.75,61.5,2.0,1.0,9.0,NA,NA,NA,NA,NA,NA,NA,NA,NA,NA,NA,NA,NA,NA,NA
2026-04-30 20:00:00,37.25,47.0,4.5,8.75,14.0,50.25,1.5,0.75,9.5,NA,NA,NA,NA,NA,NA,NA,NA,NA,NA,NA,NA,NA,NA,NA
2026-04-30 21:00:00,42.25,52.0,8.25,6.25,15.0,45.75,2.0,0.75,8.0,NA,NA,NA,NA,NA,NA,NA,NA,NA,NA,NA,NA,NA,NA,NA
2026-04-30 22:00:00,26.25,47.75,5.25,6.25,12.0,41.5,2.0,0.0,8.25,NA,NA,NA,NA,NA,NA,NA,NA,NA,NA,NA,NA,NA,NA,NA
2026-04-30 23:00:00,25.75,31.75,4.25,6.0,10.75,36.75,2.0,0.0,8.0,NA,NA,NA,NA,NA,NA,NA,NA,NA,NA,NA,NA,NA,NA,NA
2026-05-01 00:00:00,20.5,45.5,5.0,5.75,11.25,37.75,2.0,0.0,9.25,NA,NA,NA,NA,NA,NA,NA,NA,NA,NA,NA,NA,NA,NA,NA
2026-05-01 01:00:00,29.0,37.75,1.5,5.75,7.5,31.75,2.0,0.0,9.75,NA,NA,NA,NA,NA,NA,NA,NA,NA,NA,NA,NA,NA,NA,NA
2026-05-01 02:00:00,26.25,41.0,2.0,5.5,7.75,41.0,2.5,0.0,10.5,NA,NA,NA,NA,NA,NA,NA,NA,NA,NA,NA,NA,NA,NA,NA
2026-05-01 03:00:00,17.25,36.25,1.75,5.25,7.25,34.75,2.0,0.0,11.5,NA,NA,NA,NA,NA,NA,NA,NA,NA,NA,NA,NA,NA,NA,NA
2026-05-01 04:00:00,24.75,42.5,0.5,5.0,6.0,31.0,2.75,0.0,12.5,NA,NA,NA,NA,NA,NA,NA,NA,NA,NA,NA,NA,NA,NA,NA
2026-05-01 05:00:00,28.25,44.25,1.5,6.5,8.0,31.5,2.25,0.0,11.25,NA,NA,NA,NA,NA,NA,NA,NA,NA,NA,NA,NA,NA,NA,NA
2026-05-01 06:00:00,24.0,41.0,2.0,6.67,9.0,42.33,1.33,0.0,10.0,NA,NA,NA,NA,NA,NA,NA,NA,NA,NA,NA,NA,NA,NA,NA
2026-05-01 07:00:00,26.0,43.0,6.25,7.5,14.5,49.25,1.5,1.0,6.25,NA,NA,NA,NA,NA,NA,NA,NA,NA,NA,NA,NA,NA,NA,NA
2026-05-01 08:00:00,39.0,67.75,6.0,8.0,14.25,45.75,1.25,1.0,8.0,NA,NA,NA,NA,NA,NA,NA,NA,NA,NA,NA,NA,NA,NA,NA
2026-05-01 09:00:00,39.75,66.0,9.0,7.25,16.25,46.0,1.25,1.0,10.75,NA,NA,NA,NA,NA,NA,NA,NA,NA,NA,NA,NA,NA,NA,NA
2026-05-01 10:00:00,45.5,70.75,9.5,7.75,18.0,53.25,2.0,1.0,11.75,NA,NA,NA,NA,NA,NA,NA,NA,NA,NA,NA,NA,NA,NA,NA
2026-05-01 11:00:00,46.25,92.75,7.5,10.0,18.25,53.0,2.0,1.0,12.5,NA,NA,NA,NA,NA,NA,NA,NA,NA,NA,NA,NA,NA,NA,NA
2026-05-01 12:00:00,38.25,68.5,8.0,9.75,18.25,46.75,1.0,1.0,15.25,NA,NA,NA,NA,NA,NA,NA,NA,NA,NA,NA,NA,NA,NA,NA
2026-05-01 13:00:00,43.25,66.75,7.5,11.75,19.5,47.75,1.0,1.0,16.5,NA,NA,NA,NA,NA,NA,NA,NA,NA,NA,NA,NA,NA,NA,NA
2026-05-01 14:00:00,27.75,64.5,5.75,9.0,15.25,54.25,1.0,1.0,16.75,NA,NA,NA,NA,NA,NA,NA,NA,NA,NA,NA,NA,NA,NA,NA
2026-05-01 15:00:00,39.5,56.0,7.5,9.0,17.0,51.25,1.0,1.0,15.75,NA,NA,NA,NA,NA,NA,NA,NA,NA,NA,NA,NA,NA,NA,NA
2026-05-01 16:00:00,35.75,58.0,8.5,9.25,18.5,49.25,1.25,1.0,14.0,NA,NA,NA,NA,NA,NA,NA,NA,NA,NA,NA,NA,NA,NA,NA
2026-05-01 17:00:00,33.75,68.5,10.25,9.75,20.5,52.5,1.0,1.0,11.5,NA,NA,NA,NA,NA,NA,NA,NA,NA,NA,NA,NA,NA,NA,NA
2026-05-01 18:00:00,37.0,62.5,8.75,8.75,17.75,46.5,1.25,1.0,8.5,NA,NA,NA,NA,NA,NA,NA,NA,NA,NA,NA,NA,NA,NA,NA
2026-05-01 19:00:00,26.0,49.5,8.0,8.5,17.5,52.5,1.25,0.5,9.5,NA,NA,NA,NA,NA,NA,NA,NA,NA,NA,NA,NA,NA,NA,NA
2026-05-01 20:00:00,31.5,56.75,7.75,8.25,16.25,47.75,1.5,0.5,5.25,NA,NA,NA,NA,NA,NA,NA,NA,NA,NA,NA,NA,NA,NA,NA
2026-05-01 21:00:00,28.75,50.5,2.75,6.25,9.0,35.0,1.0,0.0,1.0,NA,NA,NA,NA,NA,NA,NA,NA,NA,NA,NA,NA,NA,NA,NA
2026-05-01 22:00:00,35.25,51.75,3.0,6.0,10.0,36.75,1.0,0.0,1.0,NA,NA,NA,NA,NA,NA,NA,NA,NA,NA,NA,NA,NA,NA,NA
2026-05-01 23:00:00,43.5,44.75,3.0,5.5,9.0,35.25,1.0,0.0,1.0,NA,NA,NA,NA,NA,NA,NA,NA,NA,NA,NA,NA,NA,NA,NA
2026-05-02 00:00:00,38.0,47.75,2.75,6.75,10.0,39.75,1.25,0.0,1.0,NA,NA,NA,NA,NA,NA,NA,NA,NA,NA,NA,NA,NA,NA,NA
2026-05-02 01:00:00,26.0,42.25,2.0,6.0,8.25,33.25,0.75,0.0,1.0,NA,NA,NA,NA,NA,NA,NA,NA,NA,NA,NA,NA,NA,NA,NA
2026-05-02 02:00:00,26.75,41.5,2.25,5.25,8.0,33.5,1.0,0.0,1.0,NA,NA,NA,NA,NA,NA,NA,NA,NA,NA,NA,NA,NA,NA,NA
2026-05-02 03:00:00,31.0,36.0,1.75,5.0,7.25,36.5,1.0,0.0,1.0,NA,NA,NA,NA,NA,NA,NA,NA,NA,NA,NA,NA,NA,NA,NA
2026-05-02 04:00:00,27.5,41.5,2.0,5.25,8.25,43.5,1.0,0.0,1.0,NA,NA,NA,NA,NA,NA,NA,NA,NA,NA,NA,NA,NA,NA,NA
2026-05-02 05:00:00,30.75,43.0,1.75,4.75,6.5,35.75,1.0,0.0,1.0,NA,NA,NA,NA,NA,NA,NA,NA,NA,NA,NA,NA,NA,NA,NA
2026-05-02 06:00:00,34.75,37.75,5.0,5.5,11.0,39.75,1.0,0.0,1.0,NA,NA,NA,NA,NA,NA,NA,NA,NA,NA,NA,NA,NA,NA,NA
2026-05-02 07:00:00,33.5,40.25,8.0,5.75,14.25,47.25,1.0,0.0,1.0,NA,NA,NA,NA,NA,NA,NA,NA,NA,NA,NA,NA,NA,NA,NA
2026-05-02 08:00:00,32.75,62.75,16.0,6.0,22.5,60.0,1.5,0.0,7.33,NA,NA,NA,NA,NA,NA,NA,NA,NA,NA,NA,NA,NA,NA,NA
2026-05-02 09:00:00,41.5,76.75,7.5,7.0,15.0,43.75,1.25,0.0,6.0,NA,NA,NA,NA,NA,NA,NA,NA,NA,NA,NA,NA,NA,NA,NA
2026-05-02 10:00:00,38.0,69.0,14.0,9.0,23.0,57.0,2.0,0.0,5.0,NA,NA,NA,NA,NA,NA,NA,NA,NA,NA,NA,NA,NA,NA,NA
2026-05-02 11:00:00,32.67,69.33,12.0,7.33,19.67,63.0,1.0,0.0,NA,NA,NA,NA,NA,NA,NA,NA,NA,NA,NA,NA,NA,NA,NA,NA
2026-05-02 12:00:00,37.75,67.25,12.25,8.75,21.25,55.25,1.25,0.0,1.0,NA,NA,NA,NA,NA,NA,NA,NA,NA,NA,NA,NA,NA,NA,NA
2026-05-02 13:00:00,22.25,69.75,11.5,9.5,21.5,58.0,1.0,0.0,NA,NA,NA,NA,NA,NA,NA,NA,NA,NA,NA,NA,NA,NA,NA,NA
2026-05-02 14:00:00,NA,NA,NA,NA,NA,NA,NA,NA,NA,NA,NA,NA,NA,NA,NA,NA,NA,NA,NA,NA,NA,NA,NA,NA
2026-05-02 15:00:00,NA,NA,NA,NA,NA,NA,NA,NA,NA,NA,NA,NA,NA,NA,NA,NA,NA,NA,NA,NA,NA,NA,NA,NA
2026-05-02 16:00:00,NA,NA,NA,NA,NA,NA,NA,NA,NA,NA,NA,NA,NA,NA,NA,NA,NA,NA,NA,NA,NA,NA,NA,NA
2026-05-02 17:00:00,NA,NA,NA,NA,NA,NA,NA,NA,NA,NA,NA,NA,NA,NA,NA,NA,NA,NA,NA,NA,NA,NA,NA,NA
2026-05-02 18:00:00,NA,NA,NA,NA,NA,NA,NA,NA,NA,NA,NA,NA,NA,NA,NA,NA,NA,NA,NA,NA,NA,NA,NA,NA
2026-05-02 19:00:00,35.67,53.0,11.67,9.67,22.0,62.0,0.0,0.0,2.0,NA,NA,NA,NA,NA,NA,NA,NA,NA,NA,NA,NA,NA,NA,NA
2026-05-02 20:00:00,37.75,57.5,6.75,10.25,17.5,45.0,0.0,0.0,4.25,NA,NA,NA,NA,NA,NA,NA,NA,NA,NA,NA,NA,NA,NA,NA
2026-05-02 21:00:00,29.0,37.0,4.33,8.0,12.67,36.0,NA,0.0,7.67,NA,NA,NA,NA,NA,NA,NA,NA,NA,NA,NA,NA,NA,NA,NA
2026-05-02 22:00:00,NA,NA,NA,NA,NA,NA,NA,NA,NA,NA,NA,NA,NA,NA,NA,NA,NA,NA,NA,NA,NA,NA,NA,NA
2026-05-02 23:00:00,29.0,51.0,3.5,6.0,10.5,33.0,NA,0.0,3.0,NA,NA,NA,NA,NA,NA,NA,NA,NA,NA,NA,NA,NA,NA,NA
2026-05-03 00:00:00,37.0,45.0,3.5,6.0,10.5,34.0,NA,0.0,3.5,NA,NA,NA,NA,NA,NA,NA,NA,NA,NA,NA,NA,NA,NA,NA
2026-05-03 01:00:00,28.0,49.25,3.25,7.25,10.75,47.75,NA,0.0,7.0,NA,NA,NA,NA,NA,NA,NA,NA,NA,NA,NA,NA,NA,NA,NA
2026-05-03 02:00:00,34.25,42.25,2.75,8.25,11.25,39.0,NA,0.0,8.0,NA,NA,NA,NA,NA,NA,NA,NA,NA,NA,NA,NA,NA,NA,NA
2026-05-03 03:00:00,33.0,34.0,1.5,6.25,8.0,28.25,NA,0.0,10.0,NA,NA,NA,NA,NA,NA,NA,NA,NA,NA,NA,NA,NA,NA,NA
2026-05-03 04:00:00,33.75,40.0,0.75,5.5,6.75,26.25,NA,0.0,NA,NA,NA,NA,NA,NA,NA,NA,NA,NA,NA,NA,NA,NA,NA,NA
2026-05-03 05:00:00,21.67,46.0,2.0,5.67,7.67,32.33,NA,0.0,NA,NA,NA,NA,NA,NA,NA,NA,NA,NA,NA,NA,NA,NA,NA,NA
2026-05-03 06:00:00,30.25,48.5,2.5,9.25,12.25,39.0,0.0,0.0,1.0,NA,NA,NA,NA,NA,NA,NA,NA,NA,NA,NA,NA,NA,NA,NA
2026-05-03 07:00:00,38.25,48.25,10.25,10.5,21.25,55.0,0.0,0.0,2.0,NA,NA,NA,NA,NA,NA,NA,NA,NA,NA,NA,NA,NA,NA,NA
2026-05-03 08:00:00,41.5,66.5,12.5,8.25,21.25,55.0,1.25,0.0,1.0,NA,NA,NA,NA,NA,NA,NA,NA,NA,NA,NA,NA,NA,NA,NA
2026-05-03 09:00:00,51.0,91.0,7.0,9.5,17.5,50.5,1.0,0.0,1.5,NA,NA,NA,NA,NA,NA,NA,NA,NA,NA,NA,NA,NA,NA,NA
2026-05-03 10:00:00,31.0,74.5,8.5,10.0,19.0,50.0,2.0,0.0,1.5,NA,NA,NA,NA,NA,NA,NA,NA,NA,NA,NA,NA,NA,NA,NA
2026-05-03 11:00:00,19.0,60.0,11.5,11.5,23.0,58.0,1.5,0.0,2.5,NA,NA,NA,NA,NA,NA,NA,NA,NA,NA,NA,NA,NA,NA,NA
2026-05-03 12:00:00,29.0,67.0,9.0,13.0,22.0,52.0,1.0,0.0,5.0,NA,NA,NA,NA,NA,NA,NA,NA,NA,NA,NA,NA,NA,NA,NA
2026-05-03 13:00:00,35.5,65.5,8.75,14.0,23.0,51.75,1.25,0.0,114.75,NA,NA,NA,NA,NA,NA,NA,NA,NA,NA,NA,NA,NA,NA,NA
2026-05-03 14:00:00,NA,NA,NA,NA,NA,NA,NA,NA,NA,NA,NA,NA,NA,NA,NA,NA,NA,NA,NA,NA,NA,NA,NA,NA
2026-05-03 15:00:00,NA,NA,NA,NA,NA,NA,NA,NA,NA,NA,NA,NA,NA,NA,NA,NA,NA,NA,NA,NA,NA,NA,NA,NA
2026-05-03 16:00:00,NA,NA,NA,NA,NA,NA,NA,NA,NA,NA,NA,NA,NA,NA,NA,NA,NA,NA,NA,NA,NA,NA,NA,NA
2026-05-03 17:00:00,NA,NA,NA,NA,NA,NA,NA,NA,NA,NA,NA,NA,NA,NA,NA,NA,NA,NA,NA,NA,NA,NA,NA,NA
2026-05-03 18:00:00,NA,NA,NA,NA,NA,NA,NA,NA,NA,NA,NA,NA,NA,NA,NA,NA,NA,NA,NA,NA,NA,NA,NA,NA
2026-05-03 19:00:00,NA,NA,NA,NA,NA,NA,NA,NA,NA,NA,NA,NA,NA,NA,NA,NA,NA,NA,NA,NA,NA,NA,NA,NA
2026-05-03 20:00:00,NA,NA,NA,NA,NA,NA,NA,NA,NA,NA,NA,NA,NA,NA,NA,NA,NA,NA,NA,NA,NA,NA,NA,NA
2026-05-03 21:00:00,NA,NA,NA,NA,NA,NA,NA,NA,NA,NA,NA,NA,NA,NA,NA,NA,NA,NA,NA,NA,NA,NA,NA,NA
2026-05-03 22:00:00,NA,NA,NA,NA,NA,NA,NA,NA,NA,NA,NA,NA,NA,NA,NA,NA,NA,NA,NA,NA,NA,NA,NA,NA
2026-05-03 23:00:00,NA,NA,NA,NA,NA,NA,NA,NA,NA,NA,NA,NA,NA,NA,NA,NA,NA,NA,NA,NA,NA,NA,NA,NA
2026-05-04 00:00:00,NA,NA,NA,NA,NA,NA,NA,NA,NA,NA,NA,NA,NA,NA,NA,NA,NA,NA,NA,NA,NA,NA,NA,NA
2026-05-04 01:00:00,NA,NA,NA,NA,NA,NA,NA,NA,NA,NA,NA,NA,NA,NA,NA,NA,NA,NA,NA,NA,NA,NA,NA,NA
2026-05-04 02:00:00,NA,NA,NA,NA,NA,NA,NA,NA,NA,NA,NA,NA,NA,NA,NA,NA,NA,NA,NA,NA,NA,NA,NA,NA
2026-05-04 03:00:00,NA,NA,NA,NA,NA,NA,NA,NA,NA,NA,NA,NA,NA,NA,NA,NA,NA,NA,NA,NA,NA,NA,NA,NA
2026-05-04 04:00:00,NA,NA,NA,NA,NA,NA,NA,NA,NA,NA,NA,NA,NA,NA,NA,NA,NA,NA,NA,NA,NA,NA,NA,NA
2026-05-04 05:00:00,NA,NA,NA,NA,NA,NA,NA,NA,NA,NA,NA,NA,NA,NA,NA,NA,NA,NA,NA,NA,NA,NA,NA,NA
2026-05-04 06:00:00,NA,NA,NA,NA,NA,NA,NA,NA,NA,NA,NA,NA,NA,NA,NA,NA,NA,NA,NA,NA,NA,NA,NA,NA
2026-05-04 07:00:00,NA,NA,NA,NA,NA,NA,NA,NA,NA,NA,NA,NA,NA,NA,NA,NA,NA,NA,NA,NA,NA,NA,NA,NA
2026-05-04 08:00:00,NA,NA,NA,NA,NA,NA,NA,NA,NA,NA,NA,NA,NA,NA,NA,NA,NA,NA,NA,NA,NA,NA,NA,NA
2026-05-04 09:00:00,NA,NA,NA,NA,NA,NA,NA,NA,NA,NA,NA,NA,NA,NA,NA,NA,NA,NA,NA,NA,NA,NA,NA,NA
2026-05-04 10:00:00,NA,NA,NA,NA,NA,NA,NA,NA,NA,NA,NA,NA,NA,NA,NA,NA,NA,NA,NA,NA,NA,NA,NA,NA
2026-05-04 11:00:00,NA,NA,NA,NA,NA,NA,NA,NA,NA,NA,NA,NA,NA,NA,NA,NA,NA,NA,NA,NA,NA,NA,NA,NA
2026-05-04 12:00:00,NA,NA,NA,NA,NA,NA,NA,NA,NA,NA,NA,NA,NA,NA,NA,NA,NA,NA,NA,NA,NA,NA,NA,NA
2026-05-04 13:00:00,NA,NA,NA,NA,NA,NA,NA,NA,NA,NA,NA,NA,NA,NA,NA,NA,NA,NA,NA,NA,NA,NA,NA,NA
2026-05-04 14:00:00,NA,NA,NA,NA,NA,NA,NA,NA,NA,NA,NA,NA,NA,NA,NA,NA,NA,NA,NA,NA,NA,NA,NA,NA
2026-05-04 15:00:00,NA,NA,NA,NA,NA,NA,NA,NA,NA,NA,NA,NA,NA,NA,NA,NA,NA,NA,NA,NA,NA,NA,NA,NA
2026-05-04 16:00:00,NA,NA,NA,NA,NA,NA,NA,NA,NA,NA,NA,NA,NA,NA,NA,NA,NA,NA,NA,NA,NA,NA,NA,NA
2026-05-04 17:00:00,NA,NA,NA,NA,NA,NA,NA,NA,NA,NA,NA,NA,NA,NA,NA,NA,NA,NA,NA,NA,NA,NA,NA,NA
2026-05-04 18:00:00,NA,NA,NA,NA,NA,NA,NA,NA,NA,NA,NA,NA,NA,NA,NA,NA,NA,NA,NA,NA,NA,NA,NA,NA
2026-05-04 19:00:00,NA,NA,NA,NA,NA,NA,NA,NA,NA,NA,NA,NA,NA,NA,NA,NA,NA,NA,NA,NA,NA,NA,NA,NA
2026-05-04 20:00:00,NA,NA,NA,NA,NA,NA,NA,NA,NA,NA,NA,NA,NA,NA,NA,NA,NA,NA,NA,NA,NA,NA,NA,NA
2026-05-04 21:00:00,NA,NA,NA,NA,NA,NA,NA,NA,NA,NA,NA,NA,NA,NA,NA,NA,NA,NA,NA,NA,NA,NA,NA,NA
2026-05-04 22:00:00,NA,NA,NA,NA,NA,NA,NA,NA,NA,NA,NA,NA,NA,NA,NA,NA,NA,NA,NA,NA,NA,NA,NA,NA
2026-05-04 23:00:00,NA,NA,NA,NA,NA,NA,NA,NA,NA,NA,NA,NA,NA,NA,NA,NA,NA,NA,NA,NA,NA,NA,NA,NA
2026-05-05 00:00:00,NA,NA,NA,NA,NA,NA,NA,NA,NA,NA,NA,NA,NA,NA,NA,NA,NA,NA,NA,NA,NA,NA,NA,NA
2026-05-05 01:00:00,NA,NA,NA,NA,NA,NA,NA,NA,NA,NA,NA,NA,NA,NA,NA,NA,NA,NA,NA,NA,NA,NA,NA,NA
2026-05-05 02:00:00,NA,NA,NA,NA,NA,NA,NA,NA,NA,NA,NA,NA,NA,NA,NA,NA,NA,NA,NA,NA,NA,NA,NA,NA
2026-05-05 03:00:00,NA,NA,NA,NA,NA,NA,NA,NA,NA,NA,NA,NA,NA,NA,NA,NA,NA,NA,NA,NA,NA,NA,NA,NA
2026-05-05 04:00:00,NA,NA,NA,NA,NA,NA,NA,NA,NA,NA,NA,NA,NA,NA,NA,NA,NA,NA,NA,NA,NA,NA,NA,NA
2026-05-05 05:00:00,NA,NA,NA,NA,NA,NA,NA,NA,NA,NA,NA,NA,NA,NA,NA,NA,NA,NA,NA,NA,NA,NA,NA,NA
2026-05-05 06:00:00,NA,NA,NA,NA,NA,NA,NA,NA,NA,NA,NA,NA,NA,NA,NA,NA,NA,NA,NA,NA,NA,NA,NA,NA
2026-05-05 07:00:00,NA,NA,NA,NA,NA,NA,NA,NA,NA,NA,NA,NA,NA,NA,NA,NA,NA,NA,NA,NA,NA,NA,NA,NA
2026-05-05 08:00:00,NA,NA,NA,NA,NA,NA,NA,NA,NA,NA,NA,NA,NA,NA,NA,NA,NA,NA,NA,NA,NA,NA,NA,NA
2026-05-05 09:00:00,35.0,78.0,19.0,8.0,27.0,68.0,2.0,0.0,2.0,NA,NA,NA,NA,NA,NA,NA,NA,NA,NA,NA,NA,NA,NA,NA
2026-05-05 10:00:00,36.33,76.0,16.33,8.67,25.67,61.0,2.67,0.0,2.33,NA,NA,NA,NA,NA,NA,NA,NA,NA,NA,NA,NA,NA,NA,NA
2026-05-05 11:00:00,37.0,76.0,9.5,10.75,21.0,61.5,3.0,0.0,NA,NA,NA,NA,NA,NA,NA,NA,NA,NA,NA,NA,NA,NA,NA,NA
2026-05-05 12:00:00,29.0,60.0,7.5,10.5,18.0,49.5,72.0,0.0,NA,NA,NA,NA,NA,NA,NA,NA,NA,NA,NA,NA,NA,NA,NA,NA
2026-05-05 13:00:00,NA,NA,NA,NA,NA,NA,NA,NA,NA,NA,NA,NA,NA,NA,NA,NA,NA,NA,NA,NA,NA,NA,NA,NA
2026-05-05 14:00:00,NA,NA,200.0,0.0,200.0,NA,NA,1.0,NA,NA,NA,NA,NA,NA,NA,NA,NA,NA,NA,NA,NA,NA,NA,NA
2026-05-05 15:00:00,NA,NA,11.0,7.0,19.0,73.0,NA,1.0,NA,NA,NA,NA,NA,NA,NA,NA,NA,NA,NA,NA,NA,NA,NA,NA
2026-05-05 16:00:00,NA,NA,10.5,7.0,18.25,76.5,NA,1.0,2.0,NA,NA,NA,NA,NA,NA,NA,NA,NA,NA,NA,NA,NA,NA,NA
2026-05-05 17:00:00,NA,NA,12.5,7.5,20.0,75.75,2.0,0.5,4.0,NA,NA,NA,NA,NA,NA,NA,NA,NA,NA,NA,NA,NA,NA,NA
2026-05-05 18:00:00,47.0,NA,NA,NA,NA,NA,1.0,0.0,4.25,NA,NA,NA,NA,NA,NA,NA,NA,NA,NA,NA,NA,NA,NA,NA
2026-05-05 19:00:00,47.5,NA,NA,NA,NA,NA,1.0,0.0,4.5,NA,NA,NA,NA,NA,NA,NA,NA,NA,NA,NA,NA,NA,NA,NA
2026-05-05 20:00:00,60.0,225.0,NA,NA,NA,NA,0.25,0.25,4.5,NA,NA,NA,NA,NA,NA,NA,NA,NA,NA,NA,NA,NA,NA,NA
2026-05-05 21:00:00,62.5,180.25,NA,NA,NA,NA,0.0,0.0,5.5,NA,NA,NA,NA,NA,NA,NA,NA,NA,NA,NA,NA,NA,NA,NA
2026-05-05 22:00:00,51.75,133.0,NA,NA,NA,NA,NA,0.0,6.0,NA,NA,NA,NA,NA,NA,NA,NA,NA,NA,NA,NA,NA,NA,NA
2026-05-05 23:00:00,47.5,124.75,NA,NA,NA,NA,0.0,0.0,5.0,NA,NA,NA,NA,NA,NA,NA,NA,NA,NA,NA,NA,NA,NA,NA
2026-05-06 00:00:00,39.75,114.25,NA,NA,NA,NA,NA,0.0,5.75,NA,NA,NA,NA,NA,NA,NA,NA,NA,NA,NA,NA,NA,NA,NA
2026-05-06 01:00:00,30.5,99.25,NA,NA,NA,NA,NA,0.0,7.5,NA,NA,NA,NA,NA,NA,NA,NA,NA,NA,NA,NA,NA,NA,NA
2026-05-06 02:00:00,29.75,91.25,NA,NA,NA,NA,NA,0.0,8.5,NA,NA,NA,NA,NA,NA,NA,NA,NA,NA,NA,NA,NA,NA,NA
2026-05-06 03:00:00,28.5,85.5,NA,NA,NA,NA,NA,0.0,11.5,NA,NA,NA,NA,NA,NA,NA,NA,NA,NA,NA,NA,NA,NA,NA
2026-05-06 04:00:00,35.5,88.0,NA,NA,NA,NA,NA,0.0,12.75,NA,NA,NA,NA,NA,NA,NA,NA,NA,NA,NA,NA,NA,NA,NA
2026-05-06 05:00:00,34.25,86.75,NA,NA,NA,NA,NA,0.0,8.5,NA,NA,NA,NA,NA,NA,NA,NA,NA,NA,NA,NA,NA,NA,NA
2026-05-06 06:00:00,35.25,89.0,NA,NA,NA,NA,0.0,0.0,3.5,NA,NA,NA,NA,NA,NA,NA,NA,NA,NA,NA,NA,NA,NA,NA
2026-05-06 07:00:00,39.75,106.0,NA,NA,NA,NA,0.0,0.0,1.75,NA,NA,NA,NA,NA,NA,NA,NA,NA,NA,NA,NA,NA,NA,NA
2026-05-06 08:00:00,46.5,126.75,NA,NA,NA,NA,0.0,0.25,3.75,NA,NA,NA,NA,NA,NA,NA,NA,NA,NA,NA,NA,NA,NA,NA
2026-05-06 09:00:00,51.5,136.5,NA,NA,NA,NA,NA,0.75,6.75,NA,NA,NA,NA,NA,NA,NA,NA,NA,NA,NA,NA,NA,NA,NA
2026-05-06 10:00:00,40.5,142.75,NA,NA,NA,NA,0.0,0.0,14.5,NA,NA,NA,NA,NA,NA,NA,NA,NA,NA,NA,NA,NA,NA,NA
2026-05-06 11:00:00,38.5,131.25,NA,NA,NA,NA,0.0,0.0,18.0,NA,NA,NA,NA,NA,NA,NA,NA,NA,NA,NA,NA,NA,NA,NA
2026-05-06 12:00:00,36.75,142.75,NA,NA,NA,NA,0.0,0.25,13.75,NA,NA,NA,NA,NA,NA,NA,NA,NA,NA,NA,NA,NA,NA,NA
2026-05-06 13:00:00,42.0,164.5,NA,NA,NA,NA,NA,0.0,13.75,NA,NA,NA,NA,NA,NA,NA,NA,NA,NA,NA,NA,NA,NA,NA
2026-05-06 14:00:00,34.75,199.75,NA,NA,NA,NA,NA,1.0,11.0,NA,NA,NA,NA,NA,NA,NA,NA,NA,NA,NA,NA,NA,NA,NA
2026-05-06 15:00:00,29.5,219.0,NA,NA,NA,NA,1.33,1.0,10.75,NA,NA,NA,NA,NA,NA,NA,NA,NA,NA,NA,NA,NA,NA,NA
2026-05-06 16:00:00,26.5,236.0,NA,NA,NA,NA,2.0,1.0,7.25,NA,NA,NA,NA,NA,NA,NA,NA,NA,NA,NA,NA,NA,NA,NA
2026-05-06 17:00:00,31.25,201.25,NA,NA,NA,NA,1.5,1.0,7.0,NA,NA,NA,NA,NA,NA,NA,NA,NA,NA,NA,NA,NA,NA,NA
2026-05-06 18:00:00,43.25,180.75,NA,NA,NA,NA,1.5,1.0,5.75,NA,NA,NA,NA,NA,NA,NA,NA,NA,NA,NA,NA,NA,NA,NA
2026-05-06 19:00:00,43.5,162.0,NA,NA,NA,NA,1.0,1.0,5.0,NA,NA,NA,NA,NA,NA,NA,NA,NA,NA,NA,NA,NA,NA,NA
2026-05-06 20:00:00,40.5,136.75,NA,NA,NA,NA,1.5,1.0,5.0,NA,NA,NA,NA,NA,NA,NA,NA,NA,NA,NA,NA,NA,NA,NA
2026-05-06 21:00:00,35.75,111.25,NA,NA,NA,NA,1.0,1.0,5.5,NA,NA,NA,NA,NA,NA,NA,NA,NA,NA,NA,NA,NA,NA,NA
2026-05-06 22:00:00,31.25,96.75,55.0,2.0,54.0,234.0,1.25,1.0,5.0,NA,NA,NA,NA,NA,NA,NA,NA,NA,NA,NA,NA,NA,NA,NA
2026-05-06 23:00:00,49.25,95.5,25.25,4.5,29.75,158.75,1.25,1.0,5.5,NA,NA,NA,NA,NA,NA,NA,NA,NA,NA,NA,NA,NA,NA,NA
2026-05-07 00:00:00,54.0,93.5,17.75,4.25,22.25,126.0,1.0,1.0,7.5,NA,NA,NA,NA,NA,NA,NA,NA,NA,NA,NA,NA,NA,NA,NA
2026-05-07 01:00:00,38.5,78.0,10.75,4.75,16.0,103.75,1.0,1.0,10.5,NA,NA,NA,NA,NA,NA,NA,NA,NA,NA,NA,NA,NA,NA,NA
2026-05-07 02:00:00,25.5,79.5,10.75,4.75,15.75,96.0,1.0,1.0,11.0,NA,NA,NA,NA,NA,NA,NA,NA,NA,NA,NA,NA,NA,NA,NA
2026-05-07 03:00:00,17.75,87.75,10.75,4.25,15.25,91.75,1.0,1.0,11.5,NA,NA,NA,NA,NA,NA,NA,NA,NA,NA,NA,NA,NA,NA,NA
2026-05-07 04:00:00,23.75,88.5,17.0,3.75,21.75,103.5,1.0,1.0,8.75,NA,NA,NA,NA,NA,NA,NA,NA,NA,NA,NA,NA,NA,NA,NA
2026-05-07 05:00:00,31.25,87.5,32.5,2.75,35.25,131.5,1.0,1.0,5.75,NA,NA,NA,NA,NA,NA,NA,NA,NA,NA,NA,NA,NA,NA,NA
2026-05-07 06:00:00,44.0,96.25,49.25,1.25,49.25,163.75,1.0,1.0,3.75,NA,NA,NA,NA,NA,NA,NA,NA,NA,NA,NA,NA,NA,NA,NA
2026-05-07 07:00:00,45.5,125.25,57.75,1.25,55.0,189.0,1.5,1.0,2.25,NA,NA,NA,NA,NA,NA,NA,NA,NA,NA,NA,NA,NA,NA,NA
2026-05-07 08:00:00,55.5,157.25,73.0,3.25,73.5,217.75,1.5,1.0,3.0,NA,NA,NA,NA,NA,NA,NA,NA,NA,NA,NA,NA,NA,NA,NA
2026-05-07 09:00:00,72.5,162.0,33.5,15.0,49.25,147.25,1.0,1.0,8.5,NA,NA,NA,NA,NA,NA,NA,NA,NA,NA,NA,NA,NA,NA,NA
2026-05-07 10:00:00,65.75,158.5,12.75,11.25,24.5,98.25,1.0,1.0,15.25,NA,NA,NA,NA,NA,NA,NA,NA,NA,NA,NA,NA,NA,NA,NA
2026-05-07 11:00:00,64.75,138.75,5.25,10.25,16.25,128.25,1.0,1.0,18.0,NA,NA,NA,NA,NA,NA,NA,NA,NA,NA,NA,NA,NA,NA,NA
2026-05-07 12:00:00,63.0,116.75,8.75,10.5,19.5,105.25,1.25,1.0,12.0,NA,NA,NA,NA,NA,NA,NA,NA,NA,NA,NA,NA,NA,NA,NA
2026-05-07 13:00:00,53.5,106.25,12.75,9.0,21.75,98.5,1.0,1.0,12.75,NA,NA,NA,NA,NA,NA,NA,NA,NA,NA,NA,NA,NA,NA,NA
2026-05-07 14:00:00,37.0,101.25,16.5,7.75,24.75,101.5,1.0,1.0,11.25,NA,NA,NA,NA,NA,NA,NA,NA,NA,NA,NA,NA,NA,NA,NA
2026-05-07 15:00:00,28.5,105.5,15.0,9.0,24.75,99.5,1.0,1.0,13.25,NA,NA,NA,NA,NA,NA,NA,NA,NA,NA,NA,NA,NA,NA,NA
2026-05-07 16:00:00,31.25,139.5,30.0,7.5,37.5,127.75,1.0,1.0,8.0,NA,NA,NA,NA,NA,NA,NA,NA,NA,NA,NA,NA,NA,NA,NA
2026-05-07 17:00:00,32.25,140.0,48.25,11.0,59.25,172.25,1.0,1.0,252.5,NA,NA,NA,NA,NA,NA,NA,NA,NA,NA,NA,NA,NA,NA,NA
2026-05-07 18:00:00,35.75,173.25,83.25,21.75,104.5,272.0,1.0,1.5,NA,NA,NA,NA,NA,NA,NA,NA,NA,NA,NA,NA,NA,NA,NA,NA
2026-05-07 19:00:00,52.75,216.5,45.75,24.5,70.75,204.25,1.0,1.5,10.0,NA,NA,NA,NA,NA,NA,NA,NA,NA,NA,NA,NA,NA,NA,NA
2026-05-07 20:00:00,59.0,207.5,29.5,9.0,38.75,141.0,1.5,1.0,23.75,NA,NA,NA,NA,NA,NA,NA,NA,NA,NA,NA,NA,NA,NA,NA
2026-05-07 21:00:00,43.0,157.5,13.75,7.0,21.5,87.5,1.0,1.0,7.5,NA,NA,NA,NA,NA,NA,NA,NA,NA,NA,NA,NA,NA,NA,NA
2026-05-07 22:00:00,30.5,121.25,11.25,7.0,18.75,75.25,1.0,1.0,8.25,NA,NA,NA,NA,NA,NA,NA,NA,NA,NA,NA,NA,NA,NA,NA
2026-05-07 23:00:00,40.0,103.0,9.25,8.0,17.5,70.5,1.0,0.75,9.0,NA,NA,NA,NA,NA,NA,NA,NA,NA,NA,NA,NA,NA,NA,NA
2026-05-08 00:00:00,45.5,93.0,10.25,7.5,18.0,70.0,0.75,0.0,8.75,NA,NA,NA,NA,NA,NA,NA,NA,NA,NA,NA,NA,NA,NA,NA
2026-05-08 01:00:00,48.0,86.0,5.75,7.0,13.0,58.0,0.75,0.0,11.0,NA,NA,NA,NA,NA,NA,NA,NA,NA,NA,NA,NA,NA,NA,NA
2026-05-08 02:00:00,40.0,81.25,5.0,6.75,12.25,56.5,0.25,0.0,13.25,NA,NA,NA,NA,NA,NA,NA,NA,NA,NA,NA,NA,NA,NA,NA
2026-05-08 03:00:00,34.25,77.5,9.25,7.25,16.75,64.5,0.75,0.0,11.75,NA,NA,NA,NA,NA,NA,NA,NA,NA,NA,NA,NA,NA,NA,NA
2026-05-08 04:00:00,25.5,83.25,14.25,7.5,22.5,76.5,1.0,0.0,8.5,NA,NA,NA,NA,NA,NA,NA,NA,NA,NA,NA,NA,NA,NA,NA
2026-05-08 05:00:00,21.5,83.0,22.25,6.75,29.5,94.5,1.0,0.0,7.5,NA,NA,NA,NA,NA,NA,NA,NA,NA,NA,NA,NA,NA,NA,NA
2026-05-08 06:00:00,30.25,89.75,44.75,5.75,50.25,141.0,1.0,0.0,6.0,NA,NA,NA,NA,NA,NA,NA,NA,NA,NA,NA,NA,NA,NA,NA
2026-05-08 07:00:00,43.25,109.5,56.5,6.5,62.75,168.25,1.0,0.0,34.67,NA,NA,NA,NA,NA,NA,NA,NA,NA,NA,NA,NA,NA,NA,NA
2026-05-08 08:00:00,49.0,132.75,43.25,9.0,52.5,144.0,1.25,1.0,3.5,NA,NA,NA,NA,NA,NA,NA,NA,NA,NA,NA,NA,NA,NA,NA
2026-05-08 09:00:00,61.5,148.75,55.0,13.5,68.5,202.25,1.25,1.0,5.5,NA,NA,NA,NA,NA,NA,NA,NA,NA,NA,NA,NA,NA,NA,NA
2026-05-08 10:00:00,73.5,167.0,15.75,18.5,34.75,116.0,1.0,1.0,26.25,NA,NA,NA,NA,NA,NA,NA,NA,NA,NA,NA,NA,NA,NA,NA
2026-05-08 11:00:00,79.0,176.0,5.0,19.5,25.0,83.5,1.0,1.0,34.5,NA,NA,NA,NA,NA,NA,NA,NA,NA,NA,NA,NA,NA,NA,NA
2026-05-08 12:00:00,64.5,153.5,5.25,14.25,20.0,76.25,1.25,0.25,26.0,NA,NA,NA,NA,NA,NA,NA,NA,NA,NA,NA,NA,NA,NA,NA
2026-05-08 13:00:00,51.75,126.25,18.75,14.25,33.75,98.25,1.0,0.25,16.5,NA,NA,NA,NA,NA,NA,NA,NA,NA,NA,NA,NA,NA,NA,NA
2026-05-08 14:00:00,46.0,117.5,16.75,13.25,30.25,93.75,1.0,1.0,16.0,NA,NA,NA,NA,NA,NA,NA,NA,NA,NA,NA,NA,NA,NA,NA
2026-05-08 15:00:00,39.5,106.75,27.75,12.75,40.5,105.5,1.25,1.0,9.75,NA,NA,NA,NA,NA,NA,NA,NA,NA,NA,NA,NA,NA,NA,NA
2026-05-08 16:00:00,34.0,109.25,27.25,12.0,39.25,126.5,2.0,0.25,8.25,NA,NA,NA,NA,NA,NA,NA,NA,NA,NA,NA,NA,NA,NA,NA
2026-05-08 17:00:00,28.25,104.0,23.25,14.25,37.75,101.25,1.75,0.25,9.5,NA,NA,NA,NA,NA,NA,NA,NA,NA,NA,NA,NA,NA,NA,NA
2026-05-08 18:00:00,24.75,90.25,27.75,14.0,42.25,124.0,1.25,1.0,55.75,NA,NA,NA,NA,NA,NA,NA,NA,NA,NA,NA,NA,NA,NA,NA
2026-05-08 19:00:00,31.75,96.25,40.25,14.5,55.5,153.0,2.0,1.0,NA,NA,NA,NA,NA,NA,NA,NA,NA,NA,NA,NA,NA,NA,NA,NA
2026-05-08 20:00:00,35.75,103.0,30.25,12.5,43.75,130.0,0.5,0.5,112.5,NA,NA,NA,NA,NA,NA,NA,NA,NA,NA,NA,NA,NA,NA,NA
2026-05-08 21:00:00,36.75,94.5,22.25,11.25,33.75,104.75,1.0,0.0,15.25,NA,NA,NA,NA,NA,NA,NA,NA,NA,NA,NA,NA,NA,NA,NA
2026-05-08 22:00:00,47.25,96.25,22.0,11.0,33.25,102.5,1.0,0.0,7.5,NA,NA,NA,NA,NA,NA,NA,NA,NA,NA,NA,NA,NA,NA,NA
2026-05-08 23:00:00,43.0,107.75,20.0,12.0,32.75,98.25,1.0,0.0,8.25,NA,NA,NA,NA,NA,NA,NA,NA,NA,NA,NA,NA,NA,NA,NA
2026-05-09 00:00:00,41.5,103.5,12.25,12.25,25.25,80.0,1.0,0.0,8.0,NA,NA,NA,NA,NA,NA,NA,NA,NA,NA,NA,NA,NA,NA,NA
2026-05-09 01:00:00,49.25,96.25,6.0,10.75,17.25,82.0,1.0,0.0,10.25,NA,NA,NA,NA,NA,NA,NA,NA,NA,NA,NA,NA,NA,NA,NA
2026-05-09 02:00:00,61.0,94.5,5.75,10.25,16.0,60.25,1.0,0.0,10.5,NA,NA,NA,NA,NA,NA,NA,NA,NA,NA,NA,NA,NA,NA,NA
2026-05-09 03:00:00,62.25,94.75,8.0,8.5,17.0,60.5,1.0,0.0,13.75,NA,NA,NA,NA,NA,NA,NA,NA,NA,NA,NA,NA,NA,NA,NA
2026-05-09 04:00:00,47.25,95.5,8.5,9.25,18.25,64.25,1.5,0.0,12.0,NA,NA,NA,NA,NA,NA,NA,NA,NA,NA,NA,NA,NA,NA,NA
2026-05-09 05:00:00,29.25,82.5,10.0,8.75,19.75,71.0,1.75,0.0,9.75,NA,NA,NA,NA,NA,NA,NA,NA,NA,NA,NA,NA,NA,NA,NA
2026-05-09 06:00:00,31.0,75.75,21.75,8.75,31.0,94.25,1.75,0.0,8.0,NA,NA,NA,NA,NA,NA,NA,NA,NA,NA,NA,NA,NA,NA,NA
2026-05-09 07:00:00,35.5,79.5,39.75,7.25,46.75,131.5,2.25,0.0,5.25,NA,NA,NA,NA,NA,NA,NA,NA,NA,NA,NA,NA,NA,NA,NA
2026-05-09 08:00:00,41.0,98.0,44.75,8.5,53.75,148.25,1.5,0.0,5.0,NA,NA,NA,NA,NA,NA,NA,NA,NA,NA,NA,NA,NA,NA,NA
2026-05-09 09:00:00,45.5,112.75,37.25,11.5,49.25,153.0,0.0,0.0,8.0,NA,NA,NA,NA,NA,NA,NA,NA,NA,NA,NA,NA,NA,NA,NA
2026-05-09 10:00:00,49.0,120.5,16.5,13.0,29.75,100.75,1.0,0.0,12.5,NA,NA,NA,NA,NA,NA,NA,NA,NA,NA,NA,NA,NA,NA,NA
2026-05-09 11:00:00,36.5,114.75,8.25,11.5,20.0,76.0,0.75,0.0,15.75,NA,NA,NA,NA,NA,NA,NA,NA,NA,NA,NA,NA,NA,NA,NA
2026-05-09 12:00:00,26.5,104.75,7.25,10.0,17.75,67.0,0.25,0.0,17.0,NA,NA,NA,NA,NA,NA,NA,NA,NA,NA,NA,NA,NA,NA,NA
2026-05-09 13:00:00,25.5,99.0,4.0,10.5,15.0,59.5,0.0,0.0,20.5,NA,NA,NA,NA,NA,NA,NA,NA,NA,NA,NA,NA,NA,NA,NA
2026-05-09 14:00:00,21.75,83.5,6.0,12.5,18.75,74.25,0.75,0.0,22.75,NA,NA,NA,NA,NA,NA,NA,NA,NA,NA,NA,NA,NA,NA,NA
2026-05-09 15:00:00,NA,NA,NA,NA,NA,NA,NA,NA,NA,NA,NA,NA,NA,NA,NA,NA,NA,NA,NA,NA,NA,NA,NA,NA
2026-05-09 16:00:00,28.0,86.0,6.0,14.0,21.0,84.0,1.0,0.0,NA,NA,NA,NA,NA,NA,NA,NA,NA,NA,NA,NA,NA,NA,NA,NA
2026-05-09 17:00:00,25.0,76.75,2.25,16.75,19.25,77.0,1.0,0.0,45.0,NA,NA,NA,NA,NA,NA,NA,NA,NA,NA,NA,NA,NA,NA,NA
2026-05-09 18:00:00,NA,NA,NA,NA,NA,NA,NA,NA,NA,NA,NA,NA,NA,NA,NA,NA,NA,NA,NA,NA,NA,NA,NA,NA
2026-05-09 19:00:00,43.75,153.5,10.25,27.0,37.25,120.0,0.5,0.0,19.5,NA,NA,NA,NA,NA,NA,NA,NA,NA,NA,NA,NA,NA,NA,NA
2026-05-09 20:00:00,NA,NA,NA,NA,NA,NA,NA,NA,NA,NA,NA,NA,NA,NA,NA,NA,NA,NA,NA,NA,NA,NA,NA,NA
2026-05-09 21:00:00,NA,NA,NA,NA,NA,NA,NA,NA,NA,NA,NA,NA,NA,NA,NA,NA,NA,NA,NA,NA,NA,NA,NA,NA
2026-05-09 22:00:00,NA,NA,NA,NA,NA,NA,NA,NA,NA,NA,NA,NA,NA,NA,NA,NA,NA,NA,NA,NA,NA,NA,NA,NA
2026-05-09 23:00:00,NA,NA,NA,NA,NA,NA,NA,NA,NA,NA,NA,NA,NA,NA,NA,NA,NA,NA,NA,NA,NA,NA,NA,NA
2026-05-10 00:00:00,NA,NA,NA,NA,NA,NA,NA,NA,NA,NA,NA,NA,NA,NA,NA,NA,NA,NA,NA,NA,NA,NA,NA,NA
2026-05-10 01:00:00,NA,NA,NA,NA,NA,NA,NA,NA,NA,NA,NA,NA,NA,NA,NA,NA,NA,NA,NA,NA,NA,NA,NA,NA
2026-05-10 02:00:00,NA,NA,NA,NA,NA,NA,NA,NA,NA,NA,NA,NA,NA,NA,NA,NA,NA,NA,NA,NA,NA,NA,NA,NA
2026-05-10 03:00:00,NA,NA,NA,NA,NA,NA,NA,NA,NA,NA,NA,NA,NA,NA,NA,NA,NA,NA,NA,NA,NA,NA,NA,NA
2026-05-10 04:00:00,NA,NA,NA,NA,NA,NA,NA,NA,NA,NA,NA,NA,NA,NA,NA,NA,NA,NA,NA,NA,NA,NA,NA,NA
2026-05-10 05:00:00,NA,NA,NA,NA,NA,NA,NA,NA,NA,NA,NA,NA,NA,NA,NA,NA,NA,NA,NA,NA,NA,NA,NA,NA
2026-05-10 06:00:00,8.0,123.0,63.0,0.0,60.5,165.5,0.0,0.0,4.5,NA,NA,NA,NA,NA,NA,NA,NA,NA,NA,NA,NA,NA,NA,NA
2026-05-10 07:00:00,13.0,126.5,40.5,2.5,43.0,123.0,0.0,0.0,4.0,NA,NA,NA,NA,NA,NA,NA,NA,NA,NA,NA,NA,NA,NA,NA
2026-05-10 08:00:00,NA,NA,NA,NA,NA,NA,NA,NA,NA,NA,NA,NA,NA,NA,NA,NA,NA,NA,NA,NA,NA,NA,NA,NA
2026-05-10 09:00:00,37.5,143.75,25.5,11.0,36.75,111.5,1.5,0.0,9.5,NA,NA,NA,NA,NA,NA,NA,NA,NA,NA,NA,NA,NA,NA,NA
2026-05-10 10:00:00,31.25,127.25,6.25,15.75,22.75,91.0,0.33,0.0,32.0,NA,NA,NA,NA,NA,NA,NA,NA,NA,NA,NA,NA,NA,NA,NA
2026-05-10 11:00:00,20.0,101.75,6.75,24.75,32.0,129.5,NA,0.0,22.75,NA,NA,NA,NA,NA,NA,NA,NA,NA,NA,NA,NA,NA,NA,NA
2026-05-10 12:00:00,11.0,82.0,8.25,31.0,39.25,200.0,NA,0.5,18.75,NA,NA,NA,NA,NA,NA,NA,NA,NA,NA,NA,NA,NA,NA,NA
2026-05-10 13:00:00,6.75,71.5,6.0,38.0,45.0,283.0,NA,1.0,24.5,NA,NA,NA,NA,NA,NA,NA,NA,NA,NA,NA,NA,NA,NA,NA
2026-05-10 14:00:00,4.75,67.0,NA,NA,NA,NA,NA,NA,24.5,NA,NA,NA,NA,NA,NA,NA,NA,NA,NA,NA,NA,NA,NA,NA
2026-05-10 15:00:00,6.75,79.5,NA,NA,NA,NA,NA,NA,30.0,NA,NA,NA,NA,NA,NA,NA,NA,NA,NA,NA,NA,NA,NA,NA
2026-05-10 16:00:00,9.0,99.0,NA,NA,NA,NA,NA,NA,32.0,NA,NA,NA,NA,NA,NA,NA,NA,NA,NA,NA,NA,NA,NA,NA
2026-05-10 17:00:00,9.0,166.0,NA,NA,NA,NA,NA,NA,NA,NA,NA,NA,NA,NA,NA,NA,NA,NA,NA,NA,NA,NA,NA,NA
2026-05-10 18:00:00,83.0,166.0,NA,NA,NA,NA,NA,NA,NA,NA,NA,NA,NA,NA,NA,NA,NA,NA,NA,NA,NA,NA,NA,NA
2026-05-10 19:00:00,83.0,NA,1.0,33.0,19.0,92.0,10.0,3.0,31.0,NA,NA,NA,NA,NA,NA,NA,NA,NA,NA,NA,NA,NA,NA,NA
2026-05-10 20:00:00,61.5,NA,7.25,32.75,40.0,188.0,3.0,2.25,21.5,NA,NA,NA,NA,NA,NA,NA,NA,NA,NA,NA,NA,NA,NA,NA
2026-05-10 21:00:00,54.0,NA,14.25,29.5,44.0,195.5,NA,2.0,17.5,NA,NA,NA,NA,NA,NA,NA,NA,NA,NA,NA,NA,NA,NA,NA
2026-05-10 22:00:00,62.5,196.0,7.5,22.75,30.5,147.25,0.67,2.75,19.75,NA,NA,NA,NA,NA,NA,NA,NA,NA,NA,NA,NA,NA,NA,NA
2026-05-10 23:00:00,63.75,172.25,10.25,19.0,29.75,124.0,3.5,3.0,16.75,NA,NA,NA,NA,NA,NA,NA,NA,NA,NA,NA,NA,NA,NA,NA
2026-05-11 00:00:00,51.75,143.75,17.5,17.25,35.5,129.25,4.0,2.5,13.75,NA,NA,NA,NA,NA,NA,NA,NA,NA,NA,NA,NA,NA,NA,NA
2026-05-11 01:00:00,46.5,130.25,11.5,14.0,25.75,98.25,3.5,2.0,12.0,NA,NA,NA,NA,NA,NA,NA,NA,NA,NA,NA,NA,NA,NA,NA
2026-05-11 02:00:00,34.5,123.5,3.75,7.0,11.25,59.75,3.0,2.0,12.75,NA,NA,NA,NA,NA,NA,NA,NA,NA,NA,NA,NA,NA,NA,NA
2026-05-11 03:00:00,27.5,99.5,1.75,7.75,10.0,53.0,3.0,2.0,17.0,NA,NA,NA,NA,NA,NA,NA,NA,NA,NA,NA,NA,NA,NA,NA
2026-05-11 04:00:00,26.5,91.5,2.75,7.75,10.75,68.25,3.75,2.0,12.5,NA,NA,NA,NA,NA,NA,NA,NA,NA,NA,NA,NA,NA,NA,NA
2026-05-11 05:00:00,17.75,76.75,3.5,5.75,9.75,64.5,3.75,2.0,10.75,NA,NA,NA,NA,NA,NA,NA,NA,NA,NA,NA,NA,NA,NA,NA
2026-05-11 06:00:00,20.75,67.5,7.25,5.25,12.75,70.25,3.5,2.0,10.5,NA,NA,NA,NA,NA,NA,NA,NA,NA,NA,NA,NA,NA,NA,NA
2026-05-11 07:00:00,26.0,75.25,7.25,7.5,15.25,75.25,4.0,2.0,8.5,NA,NA,NA,NA,NA,NA,NA,NA,NA,NA,NA,NA,NA,NA,NA
2026-05-11 08:00:00,23.0,83.25,5.75,6.5,12.75,72.25,1.5,2.0,11.25,NA,NA,NA,NA,NA,NA,NA,NA,NA,NA,NA,NA,NA,NA,NA
2026-05-11 09:00:00,28.25,83.0,7.0,6.5,13.5,67.0,0.0,2.0,12.25,NA,NA,NA,NA,NA,NA,NA,NA,NA,NA,NA,NA,NA,NA,NA
2026-05-11 10:00:00,31.0,82.75,10.75,8.5,19.5,82.25,0.0,2.0,12.5,NA,NA,NA,NA,NA,NA,NA,NA,NA,NA,NA,NA,NA,NA,NA
2026-05-11 11:00:00,24.5,86.5,5.75,11.5,17.5,83.5,0.0,0.0,NA,NA,NA,NA,NA,NA,NA,NA,NA,NA,NA,NA,NA,NA,NA,NA
2026-05-11 12:00:00,11.0,46.5,3.5,10.75,14.5,81.0,0.5,0.0,NA,NA,NA,NA,NA,NA,NA,NA,NA,NA,NA,NA,NA,NA,NA,NA
2026-05-11 13:00:00,28.67,41.33,3.5,12.25,16.0,87.5,0.0,0.0,NA,NA,NA,NA,NA,NA,NA,NA,NA,NA,NA,NA,NA,NA,NA,NA
2026-05-11 14:00:00,27.75,57.5,3.25,12.0,15.75,88.0,NA,0.0,NA,NA,NA,NA,NA,NA,NA,NA,NA,NA,NA,NA,NA,NA,NA,NA
2026-05-11 15:00:00,23.5,70.25,5.25,14.25,20.0,96.5,NA,0.0,NA,NA,NA,NA,NA,NA,NA,NA,NA,NA,NA,NA,NA,NA,NA,NA
2026-05-11 16:00:00,34.5,83.25,9.25,16.0,25.75,113.5,1.0,0.0,5.0,NA,NA,NA,NA,NA,NA,NA,NA,NA,NA,NA,NA,NA,NA,NA
2026-05-11 17:00:00,32.0,81.25,17.25,19.0,37.0,138.25,1.25,0.0,9.75,NA,NA,NA,NA,NA,NA,NA,NA,NA,NA,NA,NA,NA,NA,NA
2026-05-11 18:00:00,35.0,86.25,14.75,18.25,33.75,121.25,3.0,0.0,16.25,NA,NA,NA,NA,NA,NA,NA,NA,NA,NA,NA,NA,NA,NA,NA
2026-05-11 19:00:00,42.0,105.25,26.75,17.25,44.75,141.5,4.5,0.0,16.25,NA,NA,NA,NA,NA,NA,NA,NA,NA,NA,NA,NA,NA,NA,NA
2026-05-11 20:00:00,39.75,109.5,18.25,15.75,34.25,112.5,5.0,0.0,17.5,NA,NA,NA,NA,NA,NA,NA,NA,NA,NA,NA,NA,NA,NA,NA
2026-05-11 21:00:00,22.67,98.33,10.33,15.0,25.67,90.67,4.67,0.0,17.33,NA,NA,NA,NA,NA,NA,NA,NA,NA,NA,NA,NA,NA,NA,NA
2026-05-11 22:00:00,19.75,87.75,11.25,13.75,25.5,87.75,4.0,0.0,18.75,NA,NA,NA,NA,NA,NA,NA,NA,NA,NA,NA,NA,NA,NA,NA
2026-05-11 23:00:00,25.5,92.75,8.25,14.75,23.25,81.25,4.0,0.0,17.5,NA,NA,NA,NA,NA,NA,NA,NA,NA,NA,NA,NA,NA,NA,NA
2026-05-12 00:00:00,22.25,91.5,6.25,13.25,20.0,72.75,4.0,0.0,16.0,NA,NA,NA,NA,NA,NA,NA,NA,NA,NA,NA,NA,NA,NA,NA
2026-05-12 01:00:00,16.5,83.25,6.75,11.75,18.5,71.5,4.0,0.0,13.25,NA,NA,NA,NA,NA,NA,NA,NA,NA,NA,NA,NA,NA,NA,NA
2026-05-12 02:00:00,10.5,74.25,3.75,6.5,10.75,56.5,4.0,0.0,13.25,NA,NA,NA,NA,NA,NA,NA,NA,NA,NA,NA,NA,NA,NA,NA
2026-05-12 03:00:00,12.75,74.25,4.75,6.75,11.75,58.75,4.0,0.0,14.75,NA,NA,NA,NA,NA,NA,NA,NA,NA,NA,NA,NA,NA,NA,NA
2026-05-12 04:00:00,12.0,75.0,7.5,8.25,16.5,69.25,4.0,1.0,14.0,NA,NA,NA,NA,NA,NA,NA,NA,NA,NA,NA,NA,NA,NA,NA
2026-05-12 05:00:00,14.5,70.5,7.0,9.25,16.25,68.75,4.0,1.0,13.0,NA,NA,NA,NA,NA,NA,NA,NA,NA,NA,NA,NA,NA,NA,NA
2026-05-12 06:00:00,22.0,71.25,5.25,11.5,17.5,69.75,4.0,0.75,13.75,NA,NA,NA,NA,NA,NA,NA,NA,NA,NA,NA,NA,NA,NA,NA
2026-05-12 07:00:00,18.25,76.5,4.0,10.0,14.25,62.0,4.0,0.75,14.5,NA,NA,NA,NA,NA,NA,NA,NA,NA,NA,NA,NA,NA,NA,NA
2026-05-12 08:00:00,18.0,86.25,5.25,11.25,16.75,65.5,2.0,0.0,13.75,NA,NA,NA,NA,NA,NA,NA,NA,NA,NA,NA,NA,NA,NA,NA
2026-05-12 09:00:00,15.5,67.75,8.75,11.75,21.25,78.0,1.25,0.0,12.0,NA,NA,NA,NA,NA,NA,NA,NA,NA,NA,NA,NA,NA,NA,NA
2026-05-12 10:00:00,25.75,71.75,13.25,14.5,28.25,96.0,1.0,0.0,11.75,NA,NA,NA,NA,NA,NA,NA,NA,NA,NA,NA,NA,NA,NA,NA
2026-05-12 11:00:00,30.75,82.5,6.75,16.5,23.75,85.5,1.25,0.0,14.25,NA,NA,NA,NA,NA,NA,NA,NA,NA,NA,NA,NA,NA,NA,NA
2026-05-12 12:00:00,20.75,74.75,5.0,17.0,22.5,81.0,1.75,0.0,16.25,NA,NA,NA,NA,NA,NA,NA,NA,NA,NA,NA,NA,NA,NA,NA
2026-05-12 13:00:00,21.25,63.0,5.0,15.5,20.5,81.25,2.0,0.0,17.0,NA,NA,NA,NA,NA,NA,NA,NA,NA,NA,NA,NA,NA,NA,NA
2026-05-12 14:00:00,26.5,74.0,5.75,17.75,23.75,87.75,2.0,0.0,16.5,NA,NA,NA,NA,NA,NA,NA,NA,NA,NA,NA,NA,NA,NA,NA
2026-05-12 15:00:00,19.25,79.75,10.0,15.25,26.0,93.0,2.5,0.0,16.5,NA,NA,NA,NA,NA,NA,NA,NA,NA,NA,NA,NA,NA,NA,NA
2026-05-12 16:00:00,17.5,76.25,13.5,14.75,28.5,97.5,3.0,0.0,16.75,NA,NA,NA,NA,NA,NA,NA,NA,NA,NA,NA,NA,NA,NA,NA
2026-05-12 17:00:00,25.25,74.25,12.0,14.75,27.75,93.25,2.75,0.0,17.0,NA,NA,NA,NA,NA,NA,NA,NA,NA,NA,NA,NA,NA,NA,NA
2026-05-12 18:00:00,23.0,71.75,29.75,13.75,43.75,127.25,2.5,0.0,16.0,NA,NA,NA,NA,NA,NA,NA,NA,NA,NA,NA,NA,NA,NA,NA
2026-05-12 19:00:00,23.75,79.25,26.0,13.5,39.5,117.5,2.0,0.0,16.0,NA,NA,NA,NA,NA,NA,NA,NA,NA,NA,NA,NA,NA,NA,NA
2026-05-12 20:00:00,20.75,85.5,34.5,12.75,47.5,140.0,2.0,0.0,13.0,NA,NA,NA,NA,NA,NA,NA,NA,NA,NA,NA,NA,NA,NA,NA
2026-05-12 21:00:00,25.0,83.25,16.25,13.0,29.5,97.75,1.75,0.0,11.75,NA,NA,NA,NA,NA,NA,NA,NA,NA,NA,NA,NA,NA,NA,NA
2026-05-12 22:00:00,19.25,71.5,16.75,14.5,32.0,99.75,1.5,0.0,11.0,NA,NA,NA,NA,NA,NA,NA,NA,NA,NA,NA,NA,NA,NA,NA
2026-05-12 23:00:00,27.0,67.25,21.25,11.5,33.5,98.75,1.25,0.0,10.25,NA,NA,NA,NA,NA,NA,NA,NA,NA,NA,NA,NA,NA,NA,NA
2026-05-13 00:00:00,20.75,73.5,15.0,11.25,27.25,89.5,1.0,0.0,11.75,NA,NA,NA,NA,NA,NA,NA,NA,NA,NA,NA,NA,NA,NA,NA
2026-05-13 01:00:00,12.0,71.5,8.75,10.5,19.5,69.25,1.25,0.0,11.5,NA,NA,NA,NA,NA,NA,NA,NA,NA,NA,NA,NA,NA,NA,NA
2026-05-13 02:00:00,19.0,65.5,2.75,8.5,11.75,62.0,1.0,0.0,12.25,NA,NA,NA,NA,NA,NA,NA,NA,NA,NA,NA,NA,NA,NA,NA
2026-05-13 03:00:00,26.25,62.5,1.25,4.75,6.75,41.25,1.0,0.0,9.25,NA,NA,NA,NA,NA,NA,NA,NA,NA,NA,NA,NA,NA,NA,NA
2026-05-13 04:00:00,20.75,64.25,4.0,5.5,9.75,46.25,1.0,0.0,5.0,NA,NA,NA,NA,NA,NA,NA,NA,NA,NA,NA,NA,NA,NA,NA
2026-05-13 05:00:00,12.0,57.75,2.5,5.25,8.25,40.0,1.0,0.0,NA,NA,NA,NA,NA,NA,NA,NA,NA,NA,NA,NA,NA,NA,NA,NA
2026-05-13 06:00:00,13.0,56.5,5.0,5.5,11.0,51.25,1.0,0.0,1.0,NA,NA,NA,NA,NA,NA,NA,NA,NA,NA,NA,NA,NA,NA,NA
2026-05-13 07:00:00,14.75,60.75,4.0,6.25,10.75,47.0,1.0,0.0,NA,NA,NA,NA,NA,NA,NA,NA,NA,NA,NA,NA,NA,NA,NA,NA
2026-05-13 08:00:00,13.5,77.5,5.5,6.25,12.5,50.25,0.5,0.0,NA,NA,NA,NA,NA,NA,NA,NA,NA,NA,NA,NA,NA,NA,NA,NA
2026-05-13 09:00:00,17.25,83.0,11.75,9.0,21.5,68.25,NA,0.0,NA,NA,NA,NA,NA,NA,NA,NA,NA,NA,NA,NA,NA,NA,NA,NA
2026-05-13 10:00:00,20.5,80.75,10.25,15.0,25.75,101.5,NA,0.0,NA,NA,NA,NA,NA,NA,NA,NA,NA,NA,NA,NA,NA,NA,NA,NA
2026-05-13 11:00:00,15.25,72.5,9.25,21.0,30.25,133.75,NA,0.0,NA,NA,NA,NA,NA,NA,NA,NA,NA,NA,NA,NA,NA,NA,NA,NA
2026-05-13 12:00:00,10.25,64.0,9.75,27.25,37.5,168.0,NA,0.0,NA,NA,NA,NA,NA,NA,NA,NA,NA,NA,NA,NA,NA,NA,NA,NA
2026-05-13 13:00:00,6.25,51.0,9.0,44.5,54.5,204.5,NA,0.0,4.0,NA,NA,NA,NA,NA,NA,NA,NA,NA,NA,NA,NA,NA,NA,NA
2026-05-13 14:00:00,13.5,55.75,NA,NA,NA,NA,NA,NA,3.5,NA,NA,NA,NA,NA,NA,NA,NA,NA,NA,NA,NA,NA,NA,NA
2026-05-13 15:00:00,17.0,58.25,NA,NA,NA,NA,NA,NA,6.75,NA,NA,NA,NA,NA,NA,NA,NA,NA,NA,NA,NA,NA,NA,NA
2026-05-13 16:00:00,28.25,90.25,NA,NA,NA,NA,NA,NA,6.75,NA,NA,NA,NA,NA,NA,NA,NA,NA,NA,NA,NA,NA,NA,NA
2026-05-13 17:00:00,35.0,126.25,NA,NA,NA,NA,NA,NA,6.75,NA,NA,NA,NA,NA,NA,NA,NA,NA,NA,NA,NA,NA,NA,NA
2026-05-13 18:00:00,66.0,97.25,NA,NA,NA,NA,NA,NA,5.5,NA,NA,NA,NA,NA,NA,NA,NA,NA,NA,NA,NA,NA,NA,NA
2026-05-13 19:00:00,46.67,51.33,NA,NA,NA,NA,NA,NA,5.75,NA,NA,NA,NA,NA,NA,NA,NA,NA,NA,NA,NA,NA,NA,NA
2026-05-13 20:00:00,25.5,28.75,NA,NA,NA,NA,NA,NA,3.0,NA,NA,NA,NA,NA,NA,NA,NA,NA,NA,NA,NA,NA,NA,NA
2026-05-13 21:00:00,24.0,27.0,NA,NA,NA,NA,NA,NA,3.33,NA,NA,NA,NA,NA,NA,NA,NA,NA,NA,NA,NA,NA,NA,NA
2026-05-13 22:00:00,36.0,52.0,NA,NA,NA,NA,NA,NA,11.0,NA,NA,NA,NA,NA,NA,NA,NA,NA,NA,NA,NA,NA,NA,NA
2026-05-13 23:00:00,31.0,58.5,NA,NA,NA,NA,NA,NA,9.75,NA,NA,NA,NA,NA,NA,NA,NA,NA,NA,NA,NA,NA,NA,NA
2026-05-14 00:00:00,19.5,70.75,NA,NA,NA,NA,NA,NA,9.25,NA,NA,NA,NA,NA,NA,NA,NA,NA,NA,NA,NA,NA,NA,NA
2026-05-14 01:00:00,16.0,65.0,NA,NA,NA,NA,NA,NA,8.25,NA,NA,NA,NA,NA,NA,NA,NA,NA,NA,NA,NA,NA,NA,NA
2026-05-14 02:00:00,10.25,62.0,NA,NA,NA,NA,NA,NA,9.0,NA,NA,NA,NA,NA,NA,NA,NA,NA,NA,NA,NA,NA,NA,NA
2026-05-14 03:00:00,14.0,54.75,NA,NA,NA,NA,NA,NA,9.0,NA,NA,NA,NA,NA,NA,NA,NA,NA,NA,NA,NA,NA,NA,NA
2026-05-14 04:00:00,16.0,56.5,NA,NA,NA,NA,NA,NA,9.5,NA,NA,NA,NA,NA,NA,NA,NA,NA,NA,NA,NA,NA,NA,NA
2026-05-14 05:00:00,12.25,47.0,NA,NA,NA,NA,NA,NA,8.75,NA,NA,NA,NA,NA,NA,NA,NA,NA,NA,NA,NA,NA,NA,NA
2026-05-14 06:00:00,20.75,46.75,NA,NA,NA,NA,NA,NA,7.0,NA,NA,NA,NA,NA,NA,NA,NA,NA,NA,NA,NA,NA,NA,NA
2026-05-14 07:00:00,19.0,58.5,NA,NA,NA,NA,NA,NA,8.0,NA,NA,NA,NA,NA,NA,NA,NA,NA,NA,NA,NA,NA,NA,NA
2026-05-14 08:00:00,23.5,70.25,NA,NA,NA,NA,1.0,NA,11.75,NA,NA,NA,NA,NA,NA,NA,NA,NA,NA,NA,NA,NA,NA,NA
2026-05-14 09:00:00,21.0,62.0,NA,NA,NA,NA,NA,NA,12.5,NA,NA,NA,NA,NA,NA,NA,NA,NA,NA,NA,NA,NA,NA,NA
2026-05-14 10:00:00,22.5,54.25,NA,NA,NA,NA,0.5,NA,13.5,NA,NA,NA,NA,NA,NA,NA,NA,NA,NA,NA,NA,NA,NA,NA
2026-05-14 11:00:00,27.75,48.0,NA,NA,NA,NA,0.5,NA,14.5,NA,NA,NA,NA,NA,NA,NA,NA,NA,NA,NA,NA,NA,NA,NA
2026-05-14 12:00:00,18.75,47.5,NA,NA,NA,NA,0.0,NA,15.75,NA,NA,NA,NA,NA,NA,NA,NA,NA,NA,NA,NA,NA,NA,NA
2026-05-14 13:00:00,14.25,49.5,NA,NA,NA,NA,0.33,NA,14.5,NA,NA,NA,NA,NA,NA,NA,NA,NA,NA,NA,NA,NA,NA,NA
2026-05-14 14:00:00,10.25,50.0,NA,NA,NA,NA,NA,NA,15.5,NA,NA,NA,NA,NA,NA,NA,NA,NA,NA,NA,NA,NA,NA,NA
2026-05-14 15:00:00,13.33,54.0,NA,NA,NA,NA,1.0,NA,14.0,NA,NA,NA,NA,NA,NA,NA,NA,NA,NA,NA,NA,NA,NA,NA
2026-05-14 16:00:00,10.0,61.0,NA,NA,NA,NA,NA,NA,13.5,NA,NA,NA,NA,NA,NA,NA,NA,NA,NA,NA,NA,NA,NA,NA
2026-05-14 17:00:00,14.25,56.0,NA,NA,NA,NA,0.67,NA,13.5,NA,NA,NA,NA,NA,NA,NA,NA,NA,NA,NA,NA,NA,NA,NA
2026-05-14 18:00:00,16.0,61.25,NA,NA,NA,NA,0.33,NA,13.25,NA,NA,NA,NA,NA,NA,NA,NA,NA,NA,NA,NA,NA,NA,NA
2026-05-14 19:00:00,18.75,74.25,19.25,12.0,32.0,100.0,0.5,0.0,12.0,NA,NA,NA,NA,NA,NA,NA,NA,NA,NA,NA,NA,NA,NA,NA
2026-05-14 20:00:00,20.75,69.25,17.75,12.0,30.5,97.5,1.0,0.0,11.25,NA,NA,NA,NA,NA,NA,NA,NA,NA,NA,NA,NA,NA,NA,NA
2026-05-14 21:00:00,34.75,58.75,9.5,12.5,22.25,75.25,1.0,0.0,10.25,NA,NA,NA,NA,NA,NA,NA,NA,NA,NA,NA,NA,NA,NA,NA
2026-05-14 22:00:00,25.5,61.0,13.0,11.0,24.25,80.25,0.75,0.0,8.5,NA,NA,NA,NA,NA,NA,NA,NA,NA,NA,NA,NA,NA,NA,NA
2026-05-14 23:00:00,23.0,61.5,19.75,9.5,29.75,98.25,0.5,0.0,7.75,NA,NA,NA,NA,NA,NA,NA,NA,NA,NA,NA,NA,NA,NA,NA
2026-05-15 00:00:00,16.0,55.75,10.5,9.75,21.0,72.75,0.75,0.0,7.5,NA,NA,NA,NA,NA,NA,NA,NA,NA,NA,NA,NA,NA,NA,NA
2026-05-15 01:00:00,10.0,43.75,8.25,8.25,17.0,62.75,0.25,0.0,8.0,NA,NA,NA,NA,NA,NA,NA,NA,NA,NA,NA,NA,NA,NA,NA
2026-05-15 02:00:00,7.5,53.25,7.75,8.0,16.25,62.25,0.5,0.0,7.75,NA,NA,NA,NA,NA,NA,NA,NA,NA,NA,NA,NA,NA,NA,NA
2026-05-15 03:00:00,15.75,54.25,6.75,8.25,15.75,56.25,0.5,0.0,8.0,NA,NA,NA,NA,NA,NA,NA,NA,NA,NA,NA,NA,NA,NA,NA
2026-05-15 04:00:00,26.25,61.25,11.25,8.25,20.0,67.75,0.5,0.0,8.0,NA,NA,NA,NA,NA,NA,NA,NA,NA,NA,NA,NA,NA,NA,NA
2026-05-15 05:00:00,20.25,58.75,22.25,7.75,30.75,93.75,0.5,0.0,23.5,NA,NA,NA,NA,NA,NA,NA,NA,NA,NA,NA,NA,NA,NA,NA
2026-05-15 06:00:00,23.75,66.5,40.75,6.5,47.75,129.5,0.75,0.0,8.0,NA,NA,NA,NA,NA,NA,NA,NA,NA,NA,NA,NA,NA,NA,NA
2026-05-15 07:00:00,22.33,82.33,29.0,8.33,37.67,107.33,1.0,0.0,12.33,NA,NA,NA,NA,NA,NA,NA,NA,NA,NA,NA,NA,NA,NA,NA
2026-05-15 08:00:00,25.75,94.25,44.75,6.25,50.75,144.5,1.75,0.0,12.5,NA,NA,NA,NA,NA,NA,NA,NA,NA,NA,NA,NA,NA,NA,NA
2026-05-15 09:00:00,37.5,93.0,32.0,8.5,40.75,118.0,2.0,0.0,13.0,NA,NA,NA,NA,NA,NA,NA,NA,NA,NA,NA,NA,NA,NA,NA
2026-05-15 10:00:00,28.75,90.5,10.0,10.0,20.25,77.75,2.75,0.0,13.75,NA,NA,NA,NA,NA,NA,NA,NA,NA,NA,NA,NA,NA,NA,NA
2026-05-15 11:00:00,28.5,81.75,10.0,10.25,20.5,75.0,3.25,0.0,13.0,NA,NA,NA,NA,NA,NA,NA,NA,NA,NA,NA,NA,NA,NA,NA
2026-05-15 12:00:00,21.25,74.5,7.5,12.25,20.25,76.5,2.25,0.0,12.75,NA,NA,NA,NA,NA,NA,NA,NA,NA,NA,NA,NA,NA,NA,NA
2026-05-15 13:00:00,31.75,60.5,7.25,11.75,19.75,73.5,2.25,0.0,14.75,NA,NA,NA,NA,NA,NA,NA,NA,NA,NA,NA,NA,NA,NA,NA
2026-05-15 14:00:00,25.25,61.25,6.25,12.75,19.75,72.5,2.5,0.0,13.25,NA,NA,NA,NA,NA,NA,NA,NA,NA,NA,NA,NA,NA,NA,NA
2026-05-15 15:00:00,24.17,68.69,11.47,14.72,26.39,88.05,2.67,0.05,12.75,NA,NA,NA,NA,NA,NA,NA,NA,NA,NA,NA,NA,NA,NA,NA
2026-05-15 16:00:00,26.48,78.42,5.43,15.25,20.69,79.16,2.58,0.0,13.0,NA,NA,NA,NA,NA,NA,NA,NA,NA,NA,NA,NA,NA,NA,NA
2026-05-15 17:00:00,24.98,62.75,7.83,15.01,22.84,85.24,2.34,0.02,13.0,NA,NA,NA,NA,NA,NA,NA,NA,NA,NA,NA,NA,NA,NA,NA
2026-05-15 18:00:00,23.71,62.83,10.65,14.58,25.26,88.4,2.37,0.04,12.5,NA,NA,NA,NA,NA,NA,NA,NA,NA,NA,NA,NA,NA,NA,NA
2026-05-15 19:00:00,23.24,66.11,15.52,13.79,29.31,97.39,2.27,0.11,11.0,NA,NA,NA,NA,NA,NA,NA,NA,NA,NA,NA,NA,NA,NA,NA
2026-05-15 20:00:00,24.28,63.37,19.93,13.09,32.79,103.07,1.39,0.6,10.75,NA,NA,NA,NA,NA,NA,NA,NA,NA,NA,NA,NA,NA,NA,NA
2026-05-15 21:00:00,NA,NA,NA,NA,NA,NA,NA,NA,NA,NA,NA,NA,NA,NA,NA,NA,NA,NA,NA,NA,NA,NA,NA,NA
2026-05-15 22:00:00,25.3,55.64,26.49,9.0,35.35,102.86,3.31,0.26,6.25,NA,NA,NA,NA,NA,NA,NA,NA,NA,NA,NA,NA,NA,NA,NA
2026-05-15 23:00:00,30.56,68.63,32.13,9.97,42.03,126.01,2.66,0.12,7.0,NA,NA,NA,NA,NA,NA,NA,NA,NA,NA,NA,NA,NA,NA,NA
2026-05-16 00:00:00,30.65,68.89,21.1,10.89,31.99,101.11,2.41,0.12,7.0,NA,NA,NA,NA,NA,NA,NA,NA,NA,NA,NA,NA,NA,NA,NA
2026-05-16 01:00:00,21.44,44.37,14.58,10.69,25.27,87.54,2.23,0.01,7.0,NA,NA,NA,NA,NA,NA,NA,NA,NA,NA,NA,NA,NA,NA,NA
2026-05-16 02:00:00,22.44,41.53,16.61,10.82,27.43,92.62,2.31,0.0,7.0,NA,NA,NA,NA,NA,NA,NA,NA,NA,NA,NA,NA,NA,NA,NA
2026-05-16 03:00:00,NA,NA,NA,NA,NA,NA,NA,NA,NA,NA,NA,NA,NA,NA,NA,NA,NA,NA,NA,NA,NA,NA,NA,NA
2026-05-16 04:00:00,NA,NA,NA,NA,NA,NA,NA,NA,NA,NA,NA,NA,NA,NA,NA,NA,NA,NA,NA,NA,NA,NA,NA,NA
2026-05-16 05:00:00,5.33,39.81,29.05,17.58,46.63,136.01,2.5,0.0,6.25,NA,NA,NA,NA,NA,NA,NA,NA,NA,NA,NA,NA,NA,NA,NA
2026-05-16 06:00:00,NA,NA,NA,NA,NA,NA,NA,NA,NA,NA,NA,NA,NA,NA,NA,NA,NA,NA,NA,NA,NA,NA,NA,NA
2026-05-16 07:00:00,8.19,52.08,66.63,24.29,90.82,237.12,2.58,0.1,5.5,NA,NA,NA,NA,NA,NA,NA,NA,NA,NA,NA,NA,NA,NA,NA
2026-05-16 08:00:00,18.58,77.12,47.66,55.25,102.91,263.66,2.58,0.25,8.67,NA,NA,NA,NA,NA,NA,NA,NA,NA,NA,NA,NA,NA,NA,NA
2026-05-16 09:00:00,14.29,68.91,35.57,72.25,107.82,274.5,2.21,0.28,9.5,NA,NA,NA,NA,NA,NA,NA,NA,NA,NA,NA,NA,NA,NA,NA
2026-05-16 10:00:00,12.45,65.85,41.36,106.41,147.77,368.18,2.05,0.28,11.0,NA,NA,NA,NA,NA,NA,NA,NA,NA,NA,NA,NA,NA,NA,NA
2026-05-16 11:00:00,NA,NA,NA,NA,NA,NA,NA,NA,NA,NA,NA,NA,NA,NA,NA,NA,NA,NA,NA,NA,NA,NA,NA,NA
2026-05-16 12:00:00,NA,NA,NA,NA,NA,NA,NA,NA,NA,NA,NA,NA,NA,NA,NA,NA,NA,NA,NA,NA,NA,NA,NA,NA
2026-05-16 13:00:00,NA,NA,NA,NA,NA,NA,NA,NA,NA,NA,NA,NA,NA,NA,NA,NA,NA,NA,NA,NA,NA,NA,NA,NA
2026-05-16 14:00:00,NA,NA,NA,NA,NA,NA,NA,NA,NA,NA,NA,NA,NA,NA,NA,NA,NA,NA,NA,NA,NA,NA,NA,NA
2026-05-16 15:00:00,NA,NA,NA,NA,NA,NA,NA,NA,NA,NA,NA,NA,NA,NA,NA,NA,NA,NA,NA,NA,NA,NA,NA,NA
2026-05-16 16:00:00,NA,NA,NA,NA,NA,NA,NA,NA,NA,NA,NA,NA,NA,NA,NA,NA,NA,NA,NA,NA,NA,NA,NA,NA
2026-05-16 17:00:00,NA,NA,NA,NA,NA,NA,NA,NA,NA,NA,NA,NA,NA,NA,NA,NA,NA,NA,NA,NA,NA,NA,NA,NA
2026-05-16 18:00:00,26.53,71.76,6.63,9.14,15.77,57.87,2.48,0.13,9.0,NA,NA,NA,NA,NA,NA,NA,NA,NA,NA,NA,NA,NA,NA,NA
2026-05-16 19:00:00,21.49,75.13,12.09,9.08,21.17,69.22,2.58,0.22,8.67,NA,NA,NA,NA,NA,NA,NA,NA,NA,NA,NA,NA,NA,NA,NA
2026-05-16 20:00:00,NA,NA,NA,NA,NA,NA,NA,NA,NA,NA,NA,NA,NA,NA,NA,NA,NA,NA,NA,NA,NA,NA,NA,NA
2026-05-16 21:00:00,NA,NA,NA,NA,NA,NA,NA,NA,NA,NA,NA,NA,NA,NA,NA,NA,NA,NA,NA,NA,NA,NA,NA,NA
2026-05-16 22:00:00,NA,NA,NA,NA,NA,NA,NA,NA,NA,NA,NA,NA,NA,NA,NA,NA,NA,NA,NA,NA,NA,NA,NA,NA
2026-05-16 23:00:00,NA,NA,NA,NA,NA,NA,NA,NA,NA,NA,NA,NA,NA,NA,NA,NA,NA,NA,NA,NA,NA,NA,NA,NA
2026-05-17 00:00:00,NA,NA,NA,NA,NA,NA,NA,NA,NA,NA,NA,NA,NA,NA,NA,NA,NA,NA,NA,NA,NA,NA,NA,NA
2026-05-17 01:00:00,NA,NA,NA,NA,NA,NA,NA,NA,NA,NA,NA,NA,NA,NA,NA,NA,NA,NA,NA,NA,NA,NA,NA,NA
2026-05-17 02:00:00,NA,NA,NA,NA,NA,NA,NA,NA,NA,NA,NA,NA,NA,NA,NA,NA,NA,NA,NA,NA,NA,NA,NA,NA
2026-05-17 03:00:00,NA,NA,NA,NA,NA,NA,NA,NA,NA,NA,NA,NA,NA,NA,NA,NA,NA,NA,NA,NA,NA,NA,NA,NA
2026-05-17 04:00:00,NA,NA,NA,NA,NA,NA,NA,NA,NA,NA,NA,NA,NA,NA,NA,NA,NA,NA,NA,NA,NA,NA,NA,NA
2026-05-17 05:00:00,NA,NA,NA,NA,NA,NA,NA,NA,NA,NA,NA,NA,NA,NA,NA,NA,NA,NA,NA,NA,NA,NA,NA,NA
2026-05-17 06:00:00,NA,NA,NA,NA,NA,NA,NA,NA,NA,NA,NA,NA,NA,NA,NA,NA,NA,NA,NA,NA,NA,NA,NA,NA
2026-05-17 07:00:00,NA,NA,NA,NA,NA,NA,NA,NA,NA,NA,NA,NA,NA,NA,NA,NA,NA,NA,NA,NA,NA,NA,NA,NA
2026-05-17 08:00:00,NA,NA,NA,NA,NA,NA,NA,NA,NA,NA,NA,NA,NA,NA,NA,NA,NA,NA,NA,NA,NA,NA,NA,NA
2026-05-17 09:00:00,NA,NA,NA,NA,NA,NA,NA,NA,NA,NA,NA,NA,NA,NA,NA,NA,NA,NA,NA,NA,NA,NA,NA,NA
2026-05-17 10:00:00,NA,NA,NA,NA,NA,NA,NA,NA,NA,NA,NA,NA,NA,NA,NA,NA,NA,NA,NA,NA,NA,NA,NA,NA
2026-05-17 11:00:00,NA,NA,NA,NA,NA,NA,NA,NA,NA,NA,NA,NA,NA,NA,NA,NA,NA,NA,NA,NA,NA,NA,NA,NA
2026-05-17 12:00:00,NA,NA,NA,NA,NA,NA,NA,NA,NA,NA,NA,NA,NA,NA,NA,NA,NA,NA,NA,NA,NA,NA,NA,NA
2026-05-17 13:00:00,NA,NA,NA,NA,NA,NA,NA,NA,NA,NA,NA,NA,NA,NA,NA,NA,NA,NA,NA,NA,NA,NA,NA,NA
2026-05-17 14:00:00,NA,NA,NA,NA,NA,NA,NA,NA,NA,NA,NA,NA,NA,NA,NA,NA,NA,NA,NA,NA,NA,NA,NA,NA
2026-05-17 15:00:00,NA,NA,NA,NA,NA,NA,NA,NA,NA,NA,NA,NA,NA,NA,NA,NA,NA,NA,NA,NA,NA,NA,NA,NA
2026-05-17 16:00:00,NA,NA,NA,NA,NA,NA,NA,NA,NA,NA,NA,NA,NA,NA,NA,NA,NA,NA,NA,NA,NA,NA,NA,NA
2026-05-17 17:00:00,NA,NA,NA,NA,NA,NA,NA,NA,NA,NA,NA,NA,NA,NA,NA,NA,NA,NA,NA,NA,NA,NA,NA,NA
2026-05-17 18:00:00,NA,NA,NA,NA,NA,NA,NA,NA,NA,NA,NA,NA,NA,NA,NA,NA,NA,NA,NA,NA,NA,NA,NA,NA
2026-05-17 19:00:00,NA,NA,NA,NA,NA,NA,NA,NA,NA,NA,NA,NA,NA,NA,NA,NA,NA,NA,NA,NA,NA,NA,NA,NA
2026-05-17 20:00:00,NA,NA,NA,NA,NA,NA,NA,NA,NA,NA,NA,NA,NA,NA,NA,NA,NA,NA,NA,NA,NA,NA,NA,NA
2026-05-17 21:00:00,NA,NA,NA,NA,NA,NA,NA,NA,NA,NA,NA,NA,NA,NA,NA,NA,NA,NA,NA,NA,NA,NA,NA,NA
2026-05-17 22:00:00,NA,NA,NA,NA,NA,NA,NA,NA,NA,NA,NA,NA,NA,NA,NA,NA,NA,NA,NA,NA,NA,NA,NA,NA
2026-05-17 23:00:00,NA,NA,NA,NA,NA,NA,NA,NA,NA,NA,NA,NA,NA,NA,NA,NA,NA,NA,NA,NA,NA,NA,NA,NA
2026-05-18 00:00:00,NA,NA,NA,NA,NA,NA,NA,NA,NA,NA,NA,NA,NA,NA,NA,NA,NA,NA,NA,NA,NA,NA,NA,NA
2026-05-18 01:00:00,NA,NA,NA,NA,NA,NA,NA,NA,NA,NA,NA,NA,NA,NA,NA,NA,NA,NA,NA,NA,NA,NA,NA,NA
2026-05-18 02:00:00,NA,NA,NA,NA,NA,NA,NA,NA,NA,NA,NA,NA,NA,NA,NA,NA,NA,NA,NA,NA,NA,NA,NA,NA
2026-05-18 03:00:00,NA,NA,NA,NA,NA,NA,NA,NA,NA,NA,NA,NA,NA,NA,NA,NA,NA,NA,NA,NA,NA,NA,NA,NA
2026-05-18 04:00:00,NA,NA,NA,NA,NA,NA,NA,NA,NA,NA,NA,NA,NA,NA,NA,NA,NA,NA,NA,NA,NA,NA,NA,NA
2026-05-18 05:00:00,NA,NA,NA,NA,NA,NA,NA,NA,NA,NA,NA,NA,NA,NA,NA,NA,NA,NA,NA,NA,NA,NA,NA,NA
2026-05-18 06:00:00,NA,NA,NA,NA,NA,NA,NA,NA,NA,NA,NA,NA,NA,NA,NA,NA,NA,NA,NA,NA,NA,NA,NA,NA
2026-05-18 07:00:00,NA,NA,NA,NA,NA,NA,NA,NA,NA,NA,NA,NA,NA,NA,NA,NA,NA,NA,NA,NA,NA,NA,NA,NA
2026-05-18 08:00:00,NA,NA,NA,NA,NA,NA,NA,NA,NA,NA,NA,NA,NA,NA,NA,NA,NA,NA,NA,NA,NA,NA,NA,NA
2026-05-18 09:00:00,NA,NA,NA,NA,NA,NA,NA,NA,NA,NA,NA,NA,NA,NA,NA,NA,NA,NA,NA,NA,NA,NA,NA,NA
2026-05-18 10:00:00,NA,NA,NA,NA,NA,NA,NA,NA,NA,NA,NA,NA,NA,NA,NA,NA,NA,NA,NA,NA,NA,NA,NA,NA
2026-05-18 11:00:00,NA,NA,NA,NA,NA,NA,NA,NA,NA,NA,NA,NA,NA,NA,NA,NA,NA,NA,NA,NA,NA,NA,NA,NA
2026-05-18 12:00:00,NA,NA,NA,NA,NA,NA,NA,NA,NA,NA,NA,NA,NA,NA,NA,NA,NA,NA,NA,NA,NA,NA,NA,NA
2026-05-18 13:00:00,NA,NA,NA,NA,NA,NA,NA,NA,NA,NA,NA,NA,NA,NA,NA,NA,NA,NA,NA,NA,NA,NA,NA,NA
2026-05-18 14:00:00,11.75,62.04,4.33,7.99,12.33,47.41,2.66,0.14,11.0,NA,NA,NA,NA,NA,NA,NA,NA,NA,NA,NA,NA,NA,NA,NA
2026-05-18 15:00:00,15.77,66.32,3.64,7.69,11.24,44.99,2.58,0.14,11.67,NA,NA,NA,NA,NA,NA,NA,NA,NA,NA,NA,NA,NA,NA,NA
2026-05-18 16:00:00,16.59,62.61,8.31,7.44,15.75,54.96,2.71,0.24,10.25,NA,NA,NA,NA,NA,NA,NA,NA,NA,NA,NA,NA,NA,NA,NA
2026-05-18 17:00:00,17.32,53.74,11.38,8.24,19.57,63.06,2.5,0.31,10.25,NA,NA,NA,NA,NA,NA,NA,NA,NA,NA,NA,NA,NA,NA,NA
2026-05-18 18:00:00,19.43,64.03,19.7,7.64,27.27,80.47,2.55,0.49,9.25,NA,NA,NA,NA,NA,NA,NA,NA,NA,NA,NA,NA,NA,NA,NA
2026-05-18 19:00:00,17.03,72.15,21.24,8.06,29.13,83.68,2.35,0.43,8.5,NA,NA,NA,NA,NA,NA,NA,NA,NA,NA,NA,NA,NA,NA,NA
2026-05-18 20:00:00,19.43,72.55,13.05,7.52,20.49,59.35,2.58,0.33,6.0,NA,NA,NA,NA,NA,NA,NA,NA,NA,NA,NA,NA,NA,NA,NA
2026-05-18 21:00:00,14.76,71.02,14.23,7.75,21.95,64.63,2.62,0.26,4.75,NA,NA,NA,NA,NA,NA,NA,NA,NA,NA,NA,NA,NA,NA,NA
2026-05-18 22:00:00,11.2,73.67,11.9,7.42,19.32,56.39,2.5,0.23,4.25,NA,NA,NA,NA,NA,NA,NA,NA,NA,NA,NA,NA,NA,NA,NA
2026-05-18 23:00:00,19.45,79.26,9.71,7.65,17.36,51.27,2.47,0.13,4.75,NA,NA,NA,NA,NA,NA,NA,NA,NA,NA,NA,NA,NA,NA,NA
2026-05-19 00:00:00,18.77,76.39,12.42,6.77,19.14,57.49,2.4,0.08,5.5,NA,NA,NA,NA,NA,NA,NA,NA,NA,NA,NA,NA,NA,NA,NA
2026-05-19 01:00:00,17.74,55.84,4.14,6.53,10.67,44.03,2.26,0.01,6.0,NA,NA,NA,NA,NA,NA,NA,NA,NA,NA,NA,NA,NA,NA,NA
2026-05-19 02:00:00,14.74,56.66,1.06,6.15,7.19,28.26,2.3,0.0,7.0,NA,NA,NA,NA,NA,NA,NA,NA,NA,NA,NA,NA,NA,NA,NA
2026-05-19 03:00:00,20.36,52.71,0.9,5.52,5.91,27.12,2.34,0.0,6.0,NA,NA,NA,NA,NA,NA,NA,NA,NA,NA,NA,NA,NA,NA,NA
2026-05-19 04:00:00,14.95,51.44,1.2,5.28,5.59,25.3,2.46,0.0,80.0,NA,NA,NA,NA,NA,NA,NA,NA,NA,NA,NA,NA,NA,NA,NA
2026-05-19 05:00:00,8.23,50.17,3.31,5.52,8.82,32.86,2.4,0.0,5.25,NA,NA,NA,NA,NA,NA,NA,NA,NA,NA,NA,NA,NA,NA,NA
2026-05-19 06:00:00,11.5,50.1,3.16,4.45,7.6,29.61,2.58,0.0,5.25,NA,NA,NA,NA,NA,NA,NA,NA,NA,NA,NA,NA,NA,NA,NA
2026-05-19 07:00:00,20.15,65.12,4.88,5.24,10.11,39.5,2.86,0.01,5.5,NA,NA,NA,NA,NA,NA,NA,NA,NA,NA,NA,NA,NA,NA,NA
2026-05-19 08:00:00,22.9,66.06,8.93,6.82,15.75,55.25,2.02,0.13,4.75,NA,NA,NA,NA,NA,NA,NA,NA,NA,NA,NA,NA,NA,NA,NA
2026-05-19 09:00:00,22.12,68.55,5.33,8.84,14.18,46.17,1.59,0.11,7.0,NA,NA,NA,NA,NA,NA,NA,NA,NA,NA,NA,NA,NA,NA,NA
2026-05-19 10:00:00,24.92,62.66,5.31,12.0,17.31,52.99,1.67,0.11,8.75,NA,NA,NA,NA,NA,NA,NA,NA,NA,NA,NA,NA,NA,NA,NA
2026-05-19 11:00:00,18.25,71.5,6.8,15.53,22.33,62.46,1.75,0.12,9.75,NA,NA,NA,NA,NA,NA,NA,NA,NA,NA,NA,NA,NA,NA,NA
2026-05-19 12:00:00,16.05,83.48,5.71,15.0,20.59,63.19,1.85,0.13,10.0,NA,NA,NA,NA,NA,NA,NA,NA,NA,NA,NA,NA,NA,NA,NA
2026-05-19 13:00:00,22.59,81.1,4.7,15.25,19.95,64.4,1.92,0.13,10.0,NA,NA,NA,NA,NA,NA,NA,NA,NA,NA,NA,NA,NA,NA,NA
2026-05-19 14:00:00,17.83,74.09,5.87,17.08,22.96,72.96,2.26,0.13,10.5,NA,NA,NA,NA,NA,NA,NA,NA,NA,NA,NA,NA,NA,NA,NA
2026-05-19 15:00:00,12.48,72.13,5.45,15.36,20.81,71.34,2.1,0.13,11.0,NA,NA,NA,NA,NA,NA,NA,NA,NA,NA,NA,NA,NA,NA,NA
2026-05-19 16:00:00,15.74,82.71,7.55,30.62,38.16,107.85,2.23,0.16,10.75,NA,NA,NA,NA,NA,NA,NA,NA,NA,NA,NA,NA,NA,NA,NA
2026-05-19 17:00:00,11.71,75.87,5.31,27.21,32.51,90.13,2.24,0.15,12.5,NA,NA,NA,NA,NA,NA,NA,NA,NA,NA,NA,NA,NA,NA,NA
2026-05-19 18:00:00,6.91,66.67,4.22,17.42,21.64,64.43,1.93,0.13,11.25,NA,NA,NA,NA,NA,NA,NA,NA,NA,NA,NA,NA,NA,NA,NA
2026-05-19 19:00:00,16.32,60.0,8.31,10.5,18.75,59.12,1.98,0.22,9.25,NA,NA,NA,NA,NA,NA,NA,NA,NA,NA,NA,NA,NA,NA,NA
2026-05-19 20:00:00,14.92,58.71,7.33,8.04,15.36,48.09,2.87,0.24,8.25,NA,NA,NA,NA,NA,NA,NA,NA,NA,NA,NA,NA,NA,NA,NA
2026-05-19 21:00:00,21.14,59.95,7.48,5.77,13.25,42.69,3.14,0.28,7.75,NA,NA,NA,NA,NA,NA,NA,NA,NA,NA,NA,NA,NA,NA,NA
2026-05-19 22:00:00,30.0,61.06,10.67,5.21,15.88,49.38,3.09,0.26,6.75,NA,NA,NA,NA,NA,NA,NA,NA,NA,NA,NA,NA,NA,NA,NA
2026-05-19 23:00:00,21.36,63.07,10.27,7.36,17.63,54.88,2.67,0.07,5.5,NA,NA,NA,NA,NA,NA,NA,NA,NA,NA,NA,NA,NA,NA,NA
2026-05-20 00:00:00,12.62,64.2,6.47,8.24,14.71,49.01,2.63,0.0,5.25,NA,NA,NA,NA,NA,NA,NA,NA,NA,NA,NA,NA,NA,NA,NA
2026-05-20 01:00:00,13.88,54.97,4.3,7.11,11.41,40.6,2.61,0.0,6.5,NA,NA,NA,NA,NA,NA,NA,NA,NA,NA,NA,NA,NA,NA,NA
2026-05-20 02:00:00,12.59,48.65,3.09,6.67,9.77,36.11,2.46,0.0,7.25,NA,NA,NA,NA,NA,NA,NA,NA,NA,NA,NA,NA,NA,NA,NA
2026-05-20 03:00:00,12.46,52.25,2.88,6.79,9.67,34.69,2.49,0.0,6.0,NA,NA,NA,NA,NA,NA,NA,NA,NA,NA,NA,NA,NA,NA,NA
2026-05-20 04:00:00,13.48,57.22,2.85,6.21,8.88,34.67,2.57,0.0,5.25,NA,NA,NA,NA,NA,NA,NA,NA,NA,NA,NA,NA,NA,NA,NA
2026-05-20 05:00:00,17.02,46.49,5.36,4.96,10.32,38.19,2.47,0.0,5.0,NA,NA,NA,NA,NA,NA,NA,NA,NA,NA,NA,NA,NA,NA,NA
2026-05-20 06:00:00,21.04,51.51,4.17,3.99,8.16,33.73,2.62,0.0,4.75,NA,NA,NA,NA,NA,NA,NA,NA,NA,NA,NA,NA,NA,NA,NA
2026-05-20 07:00:00,25.15,41.96,4.52,4.97,9.49,39.03,2.6,0.0,5.25,NA,NA,NA,NA,NA,NA,NA,NA,NA,NA,NA,NA,NA,NA,NA
2026-05-20 08:00:00,18.92,41.17,8.23,6.59,14.81,52.33,2.05,0.0,7.5,NA,NA,NA,NA,NA,NA,NA,NA,NA,NA,NA,NA,NA,NA,NA
2026-05-20 09:00:00,15.41,45.9,9.59,6.22,15.81,55.73,1.63,0.0,8.0,NA,NA,NA,NA,NA,NA,NA,NA,NA,NA,NA,NA,NA,NA,NA
2026-05-20 10:00:00,31.13,47.28,8.68,7.63,16.3,57.26,1.56,0.0,9.0,NA,NA,NA,NA,NA,NA,NA,NA,NA,NA,NA,NA,NA,NA,NA
2026-05-20 11:00:00,34.71,39.26,5.37,12.8,18.17,62.89,1.22,0.0,8.33,NA,NA,NA,NA,NA,NA,NA,NA,NA,NA,NA,NA,NA,NA,NA
2026-05-20 12:00:00,23.88,38.93,5.47,27.37,32.84,97.64,NA,0.0,9.25,NA,NA,NA,NA,NA,NA,NA,NA,NA,NA,NA,NA,NA,NA,NA
2026-05-20 13:00:00,20.14,39.85,4.33,9.28,13.2,46.61,1.03,0.0,11.0,NA,NA,NA,NA,NA,NA,NA,NA,NA,NA,NA,NA,NA,NA,NA
2026-05-20 14:00:00,11.24,32.18,3.76,5.88,9.64,36.53,2.44,0.0,10.25,NA,NA,NA,NA,NA,NA,NA,NA,NA,NA,NA,NA,NA,NA,NA
2026-05-20 15:00:00,25.67,42.71,1.89,4.42,6.31,21.91,1.95,0.11,4.25,NA,NA,NA,NA,NA,NA,NA,NA,NA,NA,NA,NA,NA,NA,NA
2026-05-20 16:00:00,28.36,42.96,3.13,3.16,6.29,21.97,1.6,0.73,8.5,NA,NA,NA,NA,NA,NA,NA,NA,NA,NA,NA,NA,NA,NA,NA
2026-05-20 17:00:00,19.07,35.68,2.92,3.26,6.18,20.61,1.74,0.8,9.0,NA,NA,NA,NA,NA,NA,NA,NA,NA,NA,NA,NA,NA,NA,NA
2026-05-20 18:00:00,10.99,27.38,3.36,3.21,6.57,22.24,1.96,0.84,9.0,NA,NA,NA,NA,NA,NA,NA,NA,NA,NA,NA,NA,NA,NA,NA
2026-05-20 19:00:00,7.33,42.99,4.91,3.5,8.33,26.49,1.65,0.9,8.5,NA,NA,NA,NA,NA,NA,NA,NA,NA,NA,NA,NA,NA,NA,NA
2026-05-20 20:00:00,5.81,42.89,4.68,6.0,10.68,33.85,0.22,0.8,6.25,NA,NA,NA,NA,NA,NA,NA,NA,NA,NA,NA,NA,NA,NA,NA
2026-05-20 21:00:00,3.8,33.67,4.36,4.28,8.63,28.11,0.22,0.78,6.25,NA,NA,NA,NA,NA,NA,NA,NA,NA,NA,NA,NA,NA,NA,NA
2026-05-20 22:00:00,3.97,36.16,5.29,4.61,9.89,30.95,0.15,0.76,6.0,NA,NA,NA,NA,NA,NA,NA,NA,NA,NA,NA,NA,NA,NA,NA
2026-05-20 23:00:00,11.94,35.05,3.44,4.4,7.83,26.64,0.03,0.6,5.25,NA,NA,NA,NA,NA,NA,NA,NA,NA,NA,NA,NA,NA,NA,NA
2026-05-21 00:00:00,10.32,28.12,2.77,3.88,6.65,24.58,0.01,0.6,6.0,NA,NA,NA,NA,NA,NA,NA,NA,NA,NA,NA,NA,NA,NA,NA
2026-05-21 01:00:00,5.77,16.62,3.61,3.88,7.49,26.23,0.07,0.58,6.0,NA,NA,NA,NA,NA,NA,NA,NA,NA,NA,NA,NA,NA,NA,NA
2026-05-21 02:00:00,11.67,19.44,3.05,3.83,6.88,24.32,0.01,0.53,6.0,NA,NA,NA,NA,NA,NA,NA,NA,NA,NA,NA,NA,NA,NA,NA
2026-05-21 03:00:00,9.56,30.39,1.54,3.86,5.4,20.78,NA,0.49,6.0,NA,NA,NA,NA,NA,NA,NA,NA,NA,NA,NA,NA,NA,NA,NA
2026-05-21 04:00:00,7.8,34.44,2.04,3.86,5.9,22.33,0.05,0.52,6.0,NA,NA,NA,NA,NA,NA,NA,NA,NA,NA,NA,NA,NA,NA,NA
2026-05-21 05:00:00,11.52,25.09,2.07,4.0,6.07,23.02,0.06,0.5,6.0,NA,NA,NA,NA,NA,NA,NA,NA,NA,NA,NA,NA,NA,NA,NA
2026-05-21 06:00:00,16.54,27.27,2.45,2.51,4.96,19.71,0.46,0.72,6.75,NA,NA,NA,NA,NA,NA,NA,NA,NA,NA,NA,NA,NA,NA,NA
2026-05-21 07:00:00,16.67,41.72,5.6,1.72,7.32,23.67,0.84,0.82,6.75,NA,NA,NA,NA,NA,NA,NA,NA,NA,NA,NA,NA,NA,NA,NA
2026-05-21 08:00:00,16.5,50.35,4.86,1.86,6.72,22.34,1.36,0.27,7.0,NA,NA,NA,NA,NA,NA,NA,NA,NA,NA,NA,NA,NA,NA,NA
2026-05-21 09:00:00,18.4,41.78,4.65,1.89,6.52,21.92,1.32,0.25,7.0,NA,NA,NA,NA,NA,NA,NA,NA,NA,NA,NA,NA,NA,NA,NA
2026-05-21 10:00:00,23.13,40.45,4.21,2.15,6.21,21.55,1.2,0.22,8.0,NA,NA,NA,NA,NA,NA,NA,NA,NA,NA,NA,NA,NA,NA,NA
2026-05-21 11:00:00,15.99,45.44,3.19,2.6,5.79,20.27,1.2,0.15,8.25,NA,NA,NA,NA,NA,NA,NA,NA,NA,NA,NA,NA,NA,NA,NA
2026-05-21 12:00:00,17.81,38.16,1.73,2.82,4.55,17.33,1.41,0.11,9.5,NA,NA,NA,NA,NA,NA,NA,NA,NA,NA,NA,NA,NA,NA,NA
2026-05-21 13:00:00,15.1,24.59,2.78,3.09,5.86,19.87,1.44,0.19,9.75,NA,NA,NA,NA,NA,NA,NA,NA,NA,NA,NA,NA,NA,NA,NA
2026-05-21 14:00:00,9.68,34.55,4.33,3.15,7.48,24.2,1.34,0.2,10.25,NA,NA,NA,NA,NA,NA,NA,NA,NA,NA,NA,NA,NA,NA,NA
2026-05-21 15:00:00,6.34,41.74,5.76,3.02,8.76,26.41,1.39,0.32,10.25,NA,NA,NA,NA,NA,NA,NA,NA,NA,NA,NA,NA,NA,NA,NA
2026-05-21 16:00:00,14.79,49.74,5.8,2.91,8.69,25.93,1.38,0.24,9.5,NA,NA,NA,NA,NA,NA,NA,NA,NA,NA,NA,NA,NA,NA,NA
2026-05-21 17:00:00,13.15,48.2,5.73,3.01,8.68,26.71,1.57,0.29,9.0,NA,NA,NA,NA,NA,NA,NA,NA,NA,NA,NA,NA,NA,NA,NA
2026-05-21 18:00:00,28.22,46.19,9.64,2.88,12.44,35.27,1.56,0.45,8.25,NA,NA,NA,NA,NA,NA,NA,NA,NA,NA,NA,NA,NA,NA,NA
2026-05-21 19:00:00,22.33,57.46,12.26,2.87,14.95,40.23,1.93,0.58,8.25,NA,NA,NA,NA,NA,NA,NA,NA,NA,NA,NA,NA,NA,NA,NA
2026-05-21 20:00:00,12.16,66.64,8.89,3.41,12.26,36.69,1.14,0.38,6.75,NA,NA,NA,NA,NA,NA,NA,NA,NA,NA,NA,NA,NA,NA,NA
2026-05-21 21:00:00,12.45,59.66,4.58,3.67,8.25,27.48,0.73,0.19,5.5,NA,NA,NA,NA,NA,NA,NA,NA,NA,NA,NA,NA,NA,NA,NA
2026-05-21 22:00:00,10.56,58.04,4.17,4.22,8.39,27.65,0.5,0.09,6.0,NA,NA,NA,NA,NA,NA,NA,NA,NA,NA,NA,NA,NA,NA,NA
2026-05-21 23:00:00,15.1,56.23,4.13,4.71,8.83,28.55,0.51,0.05,5.5,NA,NA,NA,NA,NA,NA,NA,NA,NA,NA,NA,NA,NA,NA,NA
2026-05-22 00:00:00,19.27,53.88,3.27,5.67,8.94,29.2,0.39,0.01,5.75,NA,NA,NA,NA,NA,NA,NA,NA,NA,NA,NA,NA,NA,NA,NA
2026-05-22 01:00:00,14.64,55.29,1.55,6.04,7.59,26.7,0.47,0.0,6.0,NA,NA,NA,NA,NA,NA,NA,NA,NA,NA,NA,NA,NA,NA,NA
2026-05-22 02:00:00,17.05,41.83,1.19,5.35,6.53,23.82,0.38,0.0,5.5,NA,NA,NA,NA,NA,NA,NA,NA,NA,NA,NA,NA,NA,NA,NA
2026-05-22 03:00:00,14.43,45.25,1.43,5.2,6.64,24.11,0.68,0.0,5.5,NA,NA,NA,NA,NA,NA,NA,NA,NA,NA,NA,NA,NA,NA,NA
2026-05-22 04:00:00,15.17,41.91,1.54,5.54,7.08,24.87,0.57,0.0,5.75,NA,NA,NA,NA,NA,NA,NA,NA,NA,NA,NA,NA,NA,NA,NA
2026-05-22 05:00:00,13.71,32.12,2.22,5.26,7.48,25.84,0.73,0.0,6.0,NA,NA,NA,NA,NA,NA,NA,NA,NA,NA,NA,NA,NA,NA,NA
2026-05-22 06:00:00,23.9,30.86,8.99,1.5,10.3,30.38,1.93,0.05,7.0,NA,NA,NA,NA,NA,NA,NA,NA,NA,NA,NA,NA,NA,NA,NA
2026-05-22 07:00:00,22.96,52.44,7.26,1.6,8.75,26.54,2.26,0.16,7.5,NA,NA,NA,NA,NA,NA,NA,NA,NA,NA,NA,NA,NA,NA,NA
2026-05-22 08:00:00,29.84,67.92,8.78,1.9,10.46,30.97,1.87,0.26,7.0,NA,NA,NA,NA,NA,NA,NA,NA,NA,NA,NA,NA,NA,NA,NA
2026-05-22 09:00:00,35.22,68.77,6.45,2.55,8.9,27.31,0.98,0.28,7.25,NA,NA,NA,NA,NA,NA,NA,NA,NA,NA,NA,NA,NA,NA,NA
2026-05-22 10:00:00,28.08,66.75,3.88,2.78,6.66,21.9,1.04,0.18,7.75,NA,NA,NA,NA,NA,NA,NA,NA,NA,NA,NA,NA,NA,NA,NA
2026-05-22 11:00:00,23.12,56.7,3.93,3.01,6.94,22.45,0.95,0.21,8.0,NA,NA,NA,NA,NA,NA,NA,NA,NA,NA,NA,NA,NA,NA,NA
2026-05-22 12:00:00,20.41,53.47,2.37,2.73,5.1,18.11,0.79,0.21,9.0,NA,NA,NA,NA,NA,NA,NA,NA,NA,NA,NA,NA,NA,NA,NA
2026-05-22 13:00:00,14.0,34.25,2.21,2.76,4.97,17.75,0.91,0.38,20.5,NA,NA,NA,NA,NA,NA,NA,NA,NA,NA,NA,NA,NA,NA,NA
2026-05-22 14:00:00,10.99,37.77,2.11,2.76,4.87,17.94,1.04,0.43,10.25,NA,NA,NA,NA,NA,NA,NA,NA,NA,NA,NA,NA,NA,NA,NA
2026-05-22 15:00:00,12.51,40.71,2.69,2.74,5.43,19.05,0.88,0.44,11.5,NA,NA,NA,NA,NA,NA,NA,NA,NA,NA,NA,NA,NA,NA,NA
2026-05-22 16:00:00,12.4,47.02,2.34,3.19,5.53,18.49,0.8,0.44,12.5,NA,NA,NA,NA,NA,NA,NA,NA,NA,NA,NA,NA,NA,NA,NA
2026-05-22 17:00:00,11.53,35.22,2.32,3.18,5.5,18.56,0.93,0.45,12.0,NA,NA,NA,NA,NA,NA,NA,NA,NA,NA,NA,NA,NA,NA,NA
2026-05-22 18:00:00,7.64,36.07,3.27,3.01,6.28,20.76,1.02,0.5,11.0,NA,NA,NA,NA,NA,NA,NA,NA,NA,NA,NA,NA,NA,NA,NA
2026-05-22 19:00:00,9.81,35.55,3.11,2.53,5.64,19.04,1.28,0.49,10.0,NA,NA,NA,NA,NA,NA,NA,NA,NA,NA,NA,NA,NA,NA,NA
2026-05-22 20:00:00,8.03,32.98,6.53,2.23,8.75,27.83,0.36,0.57,8.5,NA,NA,NA,NA,NA,NA,NA,NA,NA,NA,NA,NA,NA,NA,NA
2026-05-22 21:00:00,14.81,30.94,3.35,2.12,5.47,20.54,0.16,0.35,8.25,NA,NA,NA,NA,NA,NA,NA,NA,NA,NA,NA,NA,NA,NA,NA
2026-05-22 22:00:00,12.21,32.0,5.23,1.78,7.0,23.67,0.13,0.42,7.75,NA,NA,NA,NA,NA,NA,NA,NA,NA,NA,NA,NA,NA,NA,NA
2026-05-22 23:00:00,23.95,39.62,3.79,1.76,5.54,20.2,0.14,0.49,8.0,NA,NA,NA,NA,NA,NA,NA,NA,NA,NA,NA,NA,NA,NA,NA
2026-05-23 00:00:00,19.85,48.13,2.13,2.09,4.21,18.69,0.2,0.32,7.25,NA,NA,NA,NA,NA,NA,NA,NA,NA,NA,NA,NA,NA,NA,NA
2026-05-23 01:00:00,17.53,35.16,1.26,2.05,3.31,15.68,0.14,0.29,7.0,NA,NA,NA,NA,NA,NA,NA,NA,NA,NA,NA,NA,NA,NA,NA
2026-05-23 02:00:00,11.82,23.96,0.8,2.28,3.08,15.27,0.15,0.27,7.75,NA,NA,NA,NA,NA,NA,NA,NA,NA,NA,NA,NA,NA,NA,NA
2026-05-23 03:00:00,7.56,22.65,0.61,2.53,3.14,14.93,0.16,0.25,7.5,NA,NA,NA,NA,NA,NA,NA,NA,NA,NA,NA,NA,NA,NA,NA
2026-05-23 04:00:00,10.52,20.67,0.47,2.55,3.01,14.47,0.28,0.25,8.0,NA,NA,NA,NA,NA,NA,NA,NA,NA,NA,NA,NA,NA,NA,NA
2026-05-23 05:00:00,11.0,14.82,1.47,2.83,4.3,16.02,0.34,0.25,7.0,NA,NA,NA,NA,NA,NA,NA,NA,NA,NA,NA,NA,NA,NA,NA
2026-05-23 06:00:00,14.91,19.64,3.64,3.65,7.29,22.94,1.1,0.46,8.25,NA,NA,NA,NA,NA,NA,NA,NA,NA,NA,NA,NA,NA,NA,NA
2026-05-23 07:00:00,19.12,47.61,3.88,4.23,8.11,24.45,1.45,0.49,8.5,NA,NA,NA,NA,NA,NA,NA,NA,NA,NA,NA,NA,NA,NA,NA
2026-05-23 08:00:00,18.19,52.88,1.56,4.3,5.86,19.42,1.5,0.43,9.0,NA,NA,NA,NA,NA,NA,NA,NA,NA,NA,NA,NA,NA,NA,NA
2026-05-23 09:00:00,16.79,33.96,4.25,4.3,8.49,25.46,1.23,0.53,8.5,NA,NA,NA,NA,NA,NA,NA,NA,NA,NA,NA,NA,NA,NA,NA
2026-05-23 10:00:00,16.56,27.68,3.51,5.5,9.01,23.72,1.1,0.54,11.75,NA,NA,NA,NA,NA,NA,NA,NA,NA,NA,NA,NA,NA,NA,NA
2026-05-23 11:00:00,21.32,28.57,2.61,6.17,8.75,24.6,1.16,0.49,12.0,NA,NA,NA,NA,NA,NA,NA,NA,NA,NA,NA,NA,NA,NA,NA
2026-05-23 12:00:00,15.44,32.14,2.48,4.11,6.6,24.96,1.16,0.53,12.75,NA,NA,NA,NA,NA,NA,NA,NA,NA,NA,NA,NA,NA,NA,NA
2026-05-23 13:00:00,14.06,22.44,2.39,2.49,4.88,17.38,1.2,0.45,13.0,NA,NA,NA,NA,NA,NA,NA,NA,NA,NA,NA,NA,NA,NA,NA
2026-05-23 14:00:00,10.03,22.63,2.7,2.59,5.28,17.07,1.19,0.5,12.75,NA,NA,NA,NA,NA,NA,NA,NA,NA,NA,NA,NA,NA,NA,NA
2026-05-23 15:00:00,5.82,34.59,3.61,2.72,6.32,19.06,1.1,0.53,11.75,NA,NA,NA,NA,NA,NA,NA,NA,NA,NA,NA,NA,NA,NA,NA
2026-05-23 16:00:00,4.75,28.67,2.43,2.41,4.83,16.8,1.23,0.48,11.5,NA,NA,NA,NA,NA,NA,NA,NA,NA,NA,NA,NA,NA,NA,NA
2026-05-23 17:00:00,4.32,16.05,3.51,2.57,6.07,18.65,1.42,0.54,11.5,NA,NA,NA,NA,NA,NA,NA,NA,NA,NA,NA,NA,NA,NA,NA
2026-05-23 18:00:00,10.64,15.61,4.31,2.78,7.02,21.52,1.42,0.59,10.5,NA,NA,NA,NA,NA,NA,NA,NA,NA,NA,NA,NA,NA,NA,NA
2026-05-23 19:00:00,12.52,29.44,4.33,2.74,7.07,21.79,1.62,0.63,9.25,NA,NA,NA,NA,NA,NA,NA,NA,NA,NA,NA,NA,NA,NA,NA
2026-05-23 20:00:00,10.49,40.64,5.04,2.72,7.75,25.15,0.99,0.76,8.0,NA,NA,NA,NA,NA,NA,NA,NA,NA,NA,NA,NA,NA,NA,NA
2026-05-23 21:00:00,9.38,30.92,6.52,2.42,8.95,28.12,0.77,0.72,7.67,NA,NA,NA,NA,NA,NA,NA,NA,NA,NA,NA,NA,NA,NA,NA
2026-05-23 22:00:00,20.82,32.96,2.04,2.65,4.69,18.11,0.23,0.47,7.75,NA,NA,NA,NA,NA,NA,NA,NA,NA,NA,NA,NA,NA,NA,NA
2026-05-23 23:00:00,17.88,31.67,2.72,2.12,4.84,21.0,0.16,0.44,7.0,NA,NA,NA,NA,NA,NA,NA,NA,NA,NA,NA,NA,NA,NA,NA
2026-05-24 00:00:00,13.65,31.45,0.79,2.2,2.9,15.32,0.05,0.31,7.0,NA,NA,NA,NA,NA,NA,NA,NA,NA,NA,NA,NA,NA,NA,NA
2026-05-24 01:00:00,13.06,31.97,1.04,2.09,3.0,14.21,0.12,0.26,7.0,NA,NA,NA,NA,NA,NA,NA,NA,NA,NA,NA,NA,NA,NA,NA
2026-05-24 02:00:00,NA,NA,0.64,2.33,2.97,14.36,0.12,0.21,29.25,NA,NA,NA,NA,NA,NA,NA,NA,NA,NA,NA,NA,NA,NA,NA
2026-05-24 03:00:00,NA,NA,0.61,2.33,2.94,14.74,0.14,0.17,13.33,NA,NA,NA,NA,NA,NA,NA,NA,NA,NA,NA,NA,NA,NA,NA
2026-05-24 04:00:00,7.71,11.35,1.35,2.57,3.91,16.59,0.08,0.14,9.0,NA,NA,NA,NA,NA,NA,NA,NA,NA,NA,NA,NA,NA,NA,NA
2026-05-24 05:00:00,7.64,11.36,1.09,2.78,3.81,16.84,0.29,0.13,9.75,NA,NA,NA,NA,NA,NA,NA,NA,NA,NA,NA,NA,NA,NA,NA
2026-05-24 06:00:00,10.62,14.11,3.01,3.08,6.09,17.65,1.35,0.35,12.0,NA,NA,NA,NA,NA,NA,NA,NA,NA,NA,NA,NA,NA,NA,NA
2026-05-24 07:00:00,12.54,30.01,4.45,3.49,7.93,21.23,1.51,0.47,11.25,NA,NA,NA,NA,NA,NA,NA,NA,NA,NA,NA,NA,NA,NA,NA
2026-05-24 08:00:00,14.41,31.58,2.2,4.05,6.24,19.43,1.68,0.13,10.75,NA,NA,NA,NA,NA,NA,NA,NA,NA,NA,NA,NA,NA,NA,NA
2026-05-24 09:00:00,10.1,26.16,2.34,3.81,6.15,21.48,1.32,0.04,10.75,NA,NA,NA,NA,NA,NA,NA,NA,NA,NA,NA,NA,NA,NA,NA
2026-05-24 10:00:00,7.35,22.62,1.77,4.06,5.83,20.86,1.36,0.04,11.0,NA,NA,NA,NA,NA,NA,NA,NA,NA,NA,NA,NA,NA,NA,NA
2026-05-24 11:00:00,6.31,21.45,2.64,4.27,6.91,21.71,1.27,0.05,12.0,NA,NA,NA,NA,NA,NA,NA,NA,NA,NA,NA,NA,NA,NA,NA
2026-05-24 12:00:00,5.34,24.46,2.31,4.77,7.07,22.93,1.32,0.06,12.25,NA,NA,NA,NA,NA,NA,NA,NA,NA,NA,NA,NA,NA,NA,NA
2026-05-24 13:00:00,3.56,16.52,2.42,1.8,4.22,15.36,1.14,0.1,13.0,NA,NA,NA,NA,NA,NA,NA,NA,NA,NA,NA,NA,NA,NA,NA
2026-05-24 14:00:00,3.5,16.97,2.54,1.75,4.29,14.8,1.29,0.1,12.75,NA,NA,NA,NA,NA,NA,NA,NA,NA,NA,NA,NA,NA,NA,NA
2026-05-24 15:00:00,3.85,23.77,2.41,1.48,3.9,14.42,1.4,0.07,12.25,NA,NA,NA,NA,NA,NA,NA,NA,NA,NA,NA,NA,NA,NA,NA
2026-05-24 16:00:00,2.63,24.67,2.34,1.96,4.31,15.06,1.33,0.06,13.0,NA,NA,NA,NA,NA,NA,NA,NA,NA,NA,NA,NA,NA,NA,NA
2026-05-24 17:00:00,2.16,27.66,2.97,1.95,4.92,16.67,1.26,0.09,12.5,NA,NA,NA,NA,NA,NA,NA,NA,NA,NA,NA,NA,NA,NA,NA
2026-05-24 18:00:00,3.44,26.05,3.68,2.19,5.87,18.79,1.21,0.12,14.5,NA,NA,NA,NA,NA,NA,NA,NA,NA,NA,NA,NA,NA,NA,NA
2026-05-24 19:00:00,8.87,33.74,3.31,2.07,5.38,17.92,1.8,0.15,3.0,NA,NA,NA,NA,NA,NA,NA,NA,NA,NA,NA,NA,NA,NA,NA
2026-05-24 20:00:00,9.08,26.34,7.22,1.77,8.91,27.39,1.04,0.23,9.75,NA,NA,NA,NA,NA,NA,NA,NA,NA,NA,NA,NA,NA,NA,NA
2026-05-24 21:00:00,6.72,15.51,7.41,2.15,9.54,28.34,0.9,0.18,11.0,NA,NA,NA,NA,NA,NA,NA,NA,NA,NA,NA,NA,NA,NA,NA
2026-05-24 22:00:00,7.61,23.67,5.9,2.56,8.45,26.19,0.2,0.03,11.5,NA,NA,NA,NA,NA,NA,NA,NA,NA,NA,NA,NA,NA,NA,NA
2026-05-24 23:00:00,5.42,25.98,6.3,2.39,8.69,26.74,0.15,0.02,10.25,NA,NA,NA,NA,NA,NA,NA,NA,NA,NA,NA,NA,NA,NA,NA
2026-05-25 00:00:00,3.69,33.4,3.77,2.52,6.29,20.95,0.08,0.0,9.5,NA,NA,NA,NA,NA,NA,NA,NA,NA,NA,NA,NA,NA,NA,NA
2026-05-25 01:00:00,4.29,25.91,2.35,2.57,4.92,22.1,0.15,0.0,9.0,NA,NA,NA,NA,NA,NA,NA,NA,NA,NA,NA,NA,NA,NA,NA
2026-05-25 02:00:00,3.39,36.53,2.06,2.43,4.49,17.84,0.14,0.0,9.0,NA,NA,NA,NA,NA,NA,NA,NA,NA,NA,NA,NA,NA,NA,NA
2026-05-25 03:00:00,11.09,29.47,2.72,1.97,4.7,18.17,0.19,0.0,9.0,NA,NA,NA,NA,NA,NA,NA,NA,NA,NA,NA,NA,NA,NA,NA
2026-05-25 04:00:00,10.33,24.72,3.46,1.96,5.42,20.77,0.18,0.0,8.5,NA,NA,NA,NA,NA,NA,NA,NA,NA,NA,NA,NA,NA,NA,NA
2026-05-25 05:00:00,11.74,16.8,5.05,2.04,7.07,22.64,0.29,0.0,8.5,NA,NA,NA,NA,NA,NA,NA,NA,NA,NA,NA,NA,NA,NA,NA
2026-05-25 06:00:00,10.02,31.6,10.12,1.17,11.11,30.4,1.21,0.12,11.0,NA,NA,NA,NA,NA,NA,NA,NA,NA,NA,NA,NA,NA,NA,NA
2026-05-25 07:00:00,15.31,49.14,12.62,1.17,13.45,35.32,1.55,0.2,17.25,NA,NA,NA,NA,NA,NA,NA,NA,NA,NA,NA,NA,NA,NA,NA
2026-05-25 08:00:00,20.77,52.52,11.24,1.59,12.65,33.79,1.8,0.22,8.75,NA,NA,NA,NA,NA,NA,NA,NA,NA,NA,NA,NA,NA,NA,NA
2026-05-25 09:00:00,23.03,46.37,7.07,2.21,9.2,25.38,1.52,0.22,13.5,NA,NA,NA,NA,NA,NA,NA,NA,NA,NA,NA,NA,NA,NA,NA
2026-05-25 10:00:00,24.2,46.55,3.82,3.0,6.81,18.5,1.47,0.12,14.25,NA,NA,NA,NA,NA,NA,NA,NA,NA,NA,NA,NA,NA,NA,NA
2026-05-25 11:00:00,NA,NA,NA,NA,NA,NA,NA,NA,NA,NA,NA,NA,NA,NA,NA,NA,NA,NA,NA,NA,NA,NA,NA,NA
2026-05-25 12:00:00,13.84,32.9,2.94,4.46,7.4,18.48,1.26,0.33,14.0,NA,NA,NA,NA,NA,NA,NA,NA,NA,NA,NA,NA,NA,NA,NA
2026-05-25 13:00:00,10.98,28.85,2.16,4.52,6.68,18.01,1.11,0.34,14.0,NA,NA,NA,NA,NA,NA,NA,NA,NA,NA,NA,NA,NA,NA,NA
2026-05-25 14:00:00,13.22,36.07,3.3,2.88,6.17,20.66,1.06,0.39,15.67,NA,NA,NA,NA,NA,NA,NA,NA,NA,NA,NA,NA,NA,NA,NA
2026-05-25 15:00:00,10.82,39.85,1.96,2.91,4.86,18.74,0.96,0.33,15.25,NA,NA,NA,NA,NA,NA,NA,NA,NA,NA,NA,NA,NA,NA,NA
2026-05-25 16:00:00,11.49,44.55,2.76,2.92,5.68,19.9,1.04,0.38,14.0,NA,NA,NA,NA,NA,NA,NA,NA,NA,NA,NA,NA,NA,NA,NA
2026-05-25 17:00:00,11.23,30.2,5.42,3.58,8.98,25.5,1.19,0.49,13.25,NA,NA,NA,NA,NA,NA,NA,NA,NA,NA,NA,NA,NA,NA,NA
2026-05-25 18:00:00,13.61,45.28,4.73,3.46,8.17,23.56,1.12,0.56,12.25,NA,NA,NA,NA,NA,NA,NA,NA,NA,NA,NA,NA,NA,NA,NA
2026-05-25 19:00:00,11.7,43.93,4.37,3.38,7.74,24.11,1.43,0.47,11.5,NA,NA,NA,NA,NA,NA,NA,NA,NA,NA,NA,NA,NA,NA,NA
2026-05-25 20:00:00,8.71,50.71,4.82,2.67,7.47,24.53,0.88,0.45,4.67,NA,NA,NA,NA,NA,NA,NA,NA,NA,NA,NA,NA,NA,NA,NA
2026-05-25 21:00:00,14.13,34.98,4.92,2.99,7.9,24.72,6.69,0.25,7.5,NA,NA,NA,NA,NA,NA,NA,NA,NA,NA,NA,NA,NA,NA,NA
2026-05-25 22:00:00,10.97,36.24,5.25,2.8,8.05,24.8,38.6,0.22,7.25,NA,NA,NA,NA,NA,NA,NA,NA,NA,NA,NA,NA,NA,NA,NA
2026-05-25 23:00:00,14.39,43.17,4.89,2.42,7.31,23.49,43.92,0.22,7.25,NA,NA,NA,NA,NA,NA,NA,NA,NA,NA,NA,NA,NA,NA,NA
2026-05-26 00:00:00,18.92,37.24,3.73,2.49,6.22,20.98,36.38,0.2,7.0,NA,NA,NA,NA,NA,NA,NA,NA,NA,NA,NA,NA,NA,NA,NA
2026-05-26 01:00:00,14.01,27.01,3.14,2.46,5.6,19.06,NA,0.08,7.0,NA,NA,NA,NA,NA,NA,NA,NA,NA,NA,NA,NA,NA,NA,NA
2026-05-26 02:00:00,9.58,19.43,1.82,2.26,4.09,15.8,NA,0.01,7.75,NA,NA,NA,NA,NA,NA,NA,NA,NA,NA,NA,NA,NA,NA,NA
2026-05-26 03:00:00,7.57,24.04,1.84,2.26,4.1,16.19,NA,0.01,7.75,NA,NA,NA,NA,NA,NA,NA,NA,NA,NA,NA,NA,NA,NA,NA
2026-05-26 04:00:00,8.83,28.46,2.25,2.14,4.29,17.19,NA,0.0,7.5,NA,NA,NA,NA,NA,NA,NA,NA,NA,NA,NA,NA,NA,NA,NA
2026-05-26 05:00:00,12.92,25.15,2.45,2.2,4.65,17.44,NA,0.01,7.75,NA,NA,NA,NA,NA,NA,NA,NA,NA,NA,NA,NA,NA,NA,NA
2026-05-26 06:00:00,11.35,27.01,3.47,1.56,5.02,15.88,NA,0.02,8.75,NA,NA,NA,NA,NA,NA,NA,NA,NA,NA,NA,NA,NA,NA,NA
2026-05-26 07:00:00,13.1,43.55,4.74,1.38,6.11,18.31,NA,0.03,8.25,NA,NA,NA,NA,NA,NA,NA,NA,NA,NA,NA,NA,NA,NA,NA
2026-05-26 08:00:00,10.09,54.04,3.42,1.34,4.69,16.37,1.72,0.03,9.75,NA,NA,NA,NA,NA,NA,NA,NA,NA,NA,NA,NA,NA,NA,NA
2026-05-26 09:00:00,13.73,47.97,3.13,1.7,4.83,15.58,1.92,0.01,10.0,NA,NA,NA,NA,NA,NA,NA,NA,NA,NA,NA,NA,NA,NA,NA
2026-05-26 10:00:00,10.38,42.34,3.35,1.96,5.31,15.32,1.8,0.06,10.5,NA,NA,NA,NA,NA,NA,NA,NA,NA,NA,NA,NA,NA,NA,NA
2026-05-26 11:00:00,7.56,29.77,2.65,2.82,5.48,17.42,1.96,0.04,11.0,NA,NA,NA,NA,NA,NA,NA,NA,NA,NA,NA,NA,NA,NA,NA
2026-05-26 12:00:00,7.12,29.77,2.38,4.05,6.39,19.05,2.7,0.11,NA,NA,NA,NA,NA,NA,NA,NA,NA,NA,NA,NA,NA,NA,NA,NA
2026-05-26 13:00:00,10.81,20.79,2.18,3.78,5.97,19.22,3.11,0.05,NA,NA,NA,NA,NA,NA,NA,NA,NA,NA,NA,NA,NA,NA,NA,NA
2026-05-26 14:00:00,12.31,34.06,2.55,3.95,6.5,20.68,0.83,0.03,18.0,NA,NA,NA,NA,NA,NA,NA,NA,NA,NA,NA,NA,NA,NA,NA
2026-05-26 15:00:00,9.91,27.62,3.55,4.19,7.74,21.99,0.29,0.28,20.0,NA,NA,NA,NA,NA,NA,NA,NA,NA,NA,NA,NA,NA,NA,NA
2026-05-26 16:00:00,16.46,34.05,2.54,5.06,7.52,27.42,2.13,0.65,21.25,NA,NA,NA,NA,NA,NA,NA,NA,NA,NA,NA,NA,NA,NA,NA
2026-05-26 17:00:00,14.68,34.21,3.03,5.1,8.14,24.49,3.14,0.72,22.25,NA,NA,NA,NA,NA,NA,NA,NA,NA,NA,NA,NA,NA,NA,NA
2026-05-26 18:00:00,15.22,36.39,2.78,2.34,5.12,20.87,2.67,0.79,21.25,NA,NA,NA,NA,NA,NA,NA,NA,NA,NA,NA,NA,NA,NA,NA
2026-05-26 19:00:00,24.06,41.08,4.15,2.38,6.53,21.71,2.88,0.83,19.25,NA,NA,NA,NA,NA,NA,NA,NA,NA,NA,NA,NA,NA,NA,NA
2026-05-26 20:00:00,18.48,45.06,5.07,2.35,7.42,23.78,1.64,0.69,17.25,NA,NA,NA,NA,NA,NA,NA,NA,NA,NA,NA,NA,NA,NA,NA
2026-05-26 21:00:00,10.68,30.16,5.06,2.28,7.32,23.51,1.21,0.66,15.5,NA,NA,NA,NA,NA,NA,NA,NA,NA,NA,NA,NA,NA,NA,NA
2026-05-26 22:00:00,7.18,32.79,4.82,2.43,7.26,23.74,1.21,0.76,16.0,NA,NA,NA,NA,NA,NA,NA,NA,NA,NA,NA,NA,NA,NA,NA
2026-05-26 23:00:00,8.14,37.41,4.01,2.43,6.44,21.78,1.14,0.68,15.25,NA,NA,NA,NA,NA,NA,NA,NA,NA,NA,NA,NA,NA,NA,NA
2026-05-27 00:00:00,7.84,40.14,3.49,2.25,5.73,20.81,1.17,0.61,15.0,NA,NA,NA,NA,NA,NA,NA,NA,NA,NA,NA,NA,NA,NA,NA
2026-05-27 01:00:00,10.18,36.12,2.82,2.09,4.91,18.16,1.4,0.57,15.0,NA,NA,NA,NA,NA,NA,NA,NA,NA,NA,NA,NA,NA,NA,NA
2026-05-27 02:00:00,8.0,29.4,1.77,2.3,4.08,16.36,1.57,0.52,14.5,NA,NA,NA,NA,NA,NA,NA,NA,NA,NA,NA,NA,NA,NA,NA
2026-05-27 03:00:00,6.5,37.98,1.47,2.49,3.96,15.5,1.22,0.5,14.75,NA,NA,NA,NA,NA,NA,NA,NA,NA,NA,NA,NA,NA,NA,NA
2026-05-27 04:00:00,4.36,36.28,1.76,3.28,5.04,18.19,1.15,0.49,14.25,NA,NA,NA,NA,NA,NA,NA,NA,NA,NA,NA,NA,NA,NA,NA
2026-05-27 05:00:00,4.22,30.87,2.24,3.88,6.12,21.38,1.34,0.52,14.75,NA,NA,NA,NA,NA,NA,NA,NA,NA,NA,NA,NA,NA,NA,NA
2026-05-27 06:00:00,18.89,42.08,6.03,4.08,10.1,26.74,2.62,0.7,16.5,NA,NA,NA,NA,NA,NA,NA,NA,NA,NA,NA,NA,NA,NA,NA
2026-05-27 07:00:00,20.26,77.55,5.81,5.69,11.5,28.51,3.03,0.78,16.75,NA,NA,NA,NA,NA,NA,NA,NA,NA,NA,NA,NA,NA,NA,NA
2026-05-27 08:00:00,16.97,85.45,6.88,4.88,11.73,31.31,2.37,0.43,17.0,NA,NA,NA,NA,NA,NA,NA,NA,NA,NA,NA,NA,NA,NA,NA
2026-05-27 09:00:00,22.07,76.06,2.8,4.74,7.54,25.54,2.05,0.23,18.0,NA,NA,NA,NA,NA,NA,NA,NA,NA,NA,NA,NA,NA,NA,NA
2026-05-27 10:00:00,18.83,58.92,3.94,5.26,9.2,30.39,1.68,0.25,18.0,NA,NA,NA,NA,NA,NA,NA,NA,NA,NA,NA,NA,NA,NA,NA
2026-05-27 11:00:00,17.86,53.17,6.72,4.95,11.63,33.02,1.83,0.36,18.25,NA,NA,NA,NA,NA,NA,NA,NA,NA,NA,NA,NA,NA,NA,NA
2026-05-27 12:00:00,12.59,55.7,3.97,2.08,6.02,19.13,1.59,0.24,18.5,NA,NA,NA,NA,NA,NA,NA,NA,NA,NA,NA,NA,NA,NA,NA
2026-05-27 13:00:00,7.74,54.18,1.96,2.36,4.32,15.58,1.55,0.23,19.75,NA,NA,NA,NA,NA,NA,NA,NA,NA,NA,NA,NA,NA,NA,NA
2026-05-27 14:00:00,9.53,47.1,1.66,2.39,4.05,15.01,1.68,0.17,20.33,NA,NA,NA,NA,NA,NA,NA,NA,NA,NA,NA,NA,NA,NA,NA
2026-05-27 15:00:00,8.22,44.99,2.43,2.64,5.07,16.99,1.72,0.19,19.75,NA,NA,NA,NA,NA,NA,NA,NA,NA,NA,NA,NA,NA,NA,NA
2026-05-27 16:00:00,11.5,53.34,2.26,2.95,5.21,17.33,1.71,0.19,19.75,NA,NA,NA,NA,NA,NA,NA,NA,NA,NA,NA,NA,NA,NA,NA
2026-05-27 17:00:00,9.25,55.79,2.43,3.5,5.84,19.06,1.82,0.22,19.75,NA,NA,NA,NA,NA,NA,NA,NA,NA,NA,NA,NA,NA,NA,NA
2026-05-27 18:00:00,13.5,52.58,2.84,3.31,6.16,19.6,1.8,0.24,18.5,NA,NA,NA,NA,NA,NA,NA,NA,NA,NA,NA,NA,NA,NA,NA
2026-05-27 19:00:00,12.73,55.21,4.13,3.19,7.33,21.94,1.83,0.34,17.33,NA,NA,NA,NA,NA,NA,NA,NA,NA,NA,NA,NA,NA,NA,NA
2026-05-27 20:00:00,NA,NA,NA,NA,NA,NA,NA,NA,NA,NA,NA,NA,NA,NA,NA,NA,NA,NA,NA,NA,NA,NA,NA,NA
2026-05-27 21:00:00,8.52,37.81,4.35,2.66,7.01,22.93,1.67,0.33,16.0,NA,NA,NA,NA,NA,NA,NA,NA,NA,NA,NA,NA,NA,NA,NA
2026-05-27 22:00:00,7.6,42.63,4.69,2.94,7.62,22.92,1.81,0.32,15.75,NA,NA,NA,NA,NA,NA,NA,NA,NA,NA,NA,NA,NA,NA,NA
2026-05-27 23:00:00,12.45,51.87,5.45,3.0,8.45,23.46,1.76,0.2,15.25,NA,NA,NA,NA,NA,NA,NA,NA,NA,NA,NA,NA,NA,NA,NA
2026-05-28 00:00:00,19.74,58.98,3.92,2.64,6.56,19.34,1.8,0.0,15.0,NA,NA,NA,NA,NA,NA,NA,NA,NA,NA,NA,NA,NA,NA,NA
2026-05-28 01:00:00,16.72,50.75,2.66,2.57,5.22,20.81,1.81,0.0,13.75,NA,NA,NA,NA,NA,NA,NA,NA,NA,NA,NA,NA,NA,NA,NA
2026-05-28 02:00:00,10.19,55.45,2.38,2.71,5.09,22.18,1.25,0.0,13.0,NA,NA,NA,NA,NA,NA,NA,NA,NA,NA,NA,NA,NA,NA,NA
2026-05-28 03:00:00,6.16,45.51,1.58,2.45,4.03,17.89,0.99,0.0,13.0,NA,NA,NA,NA,NA,NA,NA,NA,NA,NA,NA,NA,NA,NA,NA
2026-05-28 04:00:00,11.95,57.53,1.49,2.72,4.21,16.42,0.89,0.0,13.0,NA,NA,NA,NA,NA,NA,NA,NA,NA,NA,NA,NA,NA,NA,NA
2026-05-28 05:00:00,14.03,50.73,1.86,2.53,4.38,16.86,0.92,0.0,13.0,NA,NA,NA,NA,NA,NA,NA,NA,NA,NA,NA,NA,NA,NA,NA
2026-05-28 06:00:00,19.16,65.17,4.3,2.77,7.07,22.72,0.98,0.0,12.5,NA,NA,NA,NA,NA,NA,NA,NA,NA,NA,NA,NA,NA,NA,NA
2026-05-28 07:00:00,13.83,64.61,3.76,2.53,6.29,23.66,0.98,0.0,13.25,NA,NA,NA,NA,NA,NA,NA,NA,NA,NA,NA,NA,NA,NA,NA
2026-05-28 08:00:00,16.6,68.86,3.05,2.29,5.31,17.65,1.56,0.0,17.75,NA,NA,NA,NA,NA,NA,NA,NA,NA,NA,NA,NA,NA,NA,NA
2026-05-28 09:00:00,22.32,76.09,2.34,2.75,5.07,14.88,1.34,0.18,18.0,NA,NA,NA,NA,NA,NA,NA,NA,NA,NA,NA,NA,NA,NA,NA
2026-05-28 10:00:00,15.9,87.8,1.7,3.42,5.13,15.39,1.4,0.15,18.5,NA,NA,NA,NA,NA,NA,NA,NA,NA,NA,NA,NA,NA,NA,NA
2026-05-28 11:00:00,15.88,81.27,1.28,4.63,5.92,17.54,1.22,0.09,19.0,NA,NA,NA,NA,NA,NA,NA,NA,NA,NA,NA,NA,NA,NA,NA
2026-05-28 12:00:00,20.82,57.66,2.24,5.48,7.72,18.81,1.33,0.28,19.25,NA,NA,NA,NA,NA,NA,NA,NA,NA,NA,NA,NA,NA,NA,NA
2026-05-28 13:00:00,15.25,40.47,1.98,6.29,8.26,21.45,1.32,0.29,20.0,NA,NA,NA,NA,NA,NA,NA,NA,NA,NA,NA,NA,NA,NA,NA
2026-05-28 14:00:00,12.5,43.58,1.85,5.09,6.93,28.47,1.36,0.31,20.0,NA,NA,NA,NA,NA,NA,NA,NA,NA,NA,NA,NA,NA,NA,NA
2026-05-28 15:00:00,14.67,44.87,2.64,3.43,6.06,21.62,1.48,0.34,20.25,NA,NA,NA,NA,NA,NA,NA,NA,NA,NA,NA,NA,NA,NA,NA
2026-05-28 16:00:00,12.39,51.12,2.16,2.79,4.95,16.56,1.48,0.34,20.25,NA,NA,NA,NA,NA,NA,NA,NA,NA,NA,NA,NA,NA,NA,NA
2026-05-28 17:00:00,14.54,46.04,4.21,2.63,6.8,20.29,1.57,0.42,21.25,NA,NA,NA,NA,NA,NA,NA,NA,NA,NA,NA,NA,NA,NA,NA
2026-05-28 18:00:00,10.49,59.68,2.63,2.76,5.39,16.99,1.54,0.36,19.5,NA,NA,NA,NA,NA,NA,NA,NA,NA,NA,NA,NA,NA,NA,NA
2026-05-28 19:00:00,16.47,56.32,3.8,3.32,7.11,20.5,1.78,0.46,18.75,NA,NA,NA,NA,NA,NA,NA,NA,NA,NA,NA,NA,NA,NA,NA
2026-05-28 20:00:00,13.57,61.77,4.52,3.25,7.77,23.05,2.03,0.4,18.0,NA,NA,NA,NA,NA,NA,NA,NA,NA,NA,NA,NA,NA,NA,NA
2026-05-28 21:00:00,11.61,53.76,4.54,2.68,7.22,22.94,2.35,0.3,15.5,NA,NA,NA,NA,NA,NA,NA,NA,NA,NA,NA,NA,NA,NA,NA
2026-05-28 22:00:00,11.61,61.01,2.91,2.59,5.5,19.77,2.02,0.13,14.25,NA,NA,NA,NA,NA,NA,NA,NA,NA,NA,NA,NA,NA,NA,NA
2026-05-28 23:00:00,11.01,49.47,1.98,2.31,4.29,16.25,2.33,0.02,14.75,NA,NA,NA,NA,NA,NA,NA,NA,NA,NA,NA,NA,NA,NA,NA
2026-05-29 00:00:00,17.68,51.86,1.09,2.75,3.84,15.24,1.54,0.0,14.0,NA,NA,NA,NA,NA,NA,NA,NA,NA,NA,NA,NA,NA,NA,NA
2026-05-29 01:00:00,18.21,44.06,0.87,2.12,2.99,13.98,1.16,0.0,14.0,NA,NA,NA,NA,NA,NA,NA,NA,NA,NA,NA,NA,NA,NA,NA
2026-05-29 02:00:00,14.21,45.42,0.89,1.81,2.7,16.15,1.25,0.0,14.0,NA,NA,NA,NA,NA,NA,NA,NA,NA,NA,NA,NA,NA,NA,NA
2026-05-29 03:00:00,11.33,45.21,0.92,1.94,2.87,14.34,1.21,0.0,14.0,NA,NA,NA,NA,NA,NA,NA,NA,NA,NA,NA,NA,NA,NA,NA
2026-05-29 04:00:00,8.11,44.83,1.13,1.94,3.07,14.65,1.17,0.0,13.25,NA,NA,NA,NA,NA,NA,NA,NA,NA,NA,NA,NA,NA,NA,NA
2026-05-29 05:00:00,6.16,42.21,1.33,1.91,3.24,14.82,1.43,0.0,12.75,NA,NA,NA,NA,NA,NA,NA,NA,NA,NA,NA,NA,NA,NA,NA
2026-05-29 06:00:00,6.29,59.94,2.42,2.02,4.44,17.57,1.6,0.0,13.0,NA,NA,NA,NA,NA,NA,NA,NA,NA,NA,NA,NA,NA,NA,NA
2026-05-29 07:00:00,12.27,61.75,2.76,1.98,4.74,18.62,1.56,0.0,13.0,NA,NA,NA,NA,NA,NA,NA,NA,NA,NA,NA,NA,NA,NA,NA
2026-05-29 08:00:00,NA,NA,NA,NA,NA,NA,NA,NA,NA,NA,NA,NA,NA,NA,NA,NA,NA,NA,NA,NA,NA,NA,NA,NA
2026-05-29 09:00:00,NA,NA,NA,NA,NA,NA,NA,NA,NA,NA,NA,NA,NA,NA,NA,NA,NA,NA,NA,NA,NA,NA,NA,NA
2026-05-29 10:00:00,NA,NA,NA,NA,NA,NA,NA,NA,NA,NA,NA,NA,NA,NA,NA,NA,NA,NA,NA,NA,NA,NA,NA,NA
2026-05-29 11:00:00,NA,NA,NA,NA,NA,NA,NA,NA,NA,NA,NA,NA,NA,NA,NA,NA,NA,NA,NA,NA,NA,NA,NA,NA
2026-05-29 12:00:00,NA,NA,NA,NA,NA,NA,NA,NA,NA,NA,NA,NA,NA,NA,NA,NA,NA,NA,NA,NA,NA,NA,NA,NA
2026-05-29 13:00:00,NA,NA,NA,NA,NA,NA,NA,NA,NA,NA,NA,NA,NA,NA,NA,NA,NA,NA,NA,NA,NA,NA,NA,NA
2026-05-29 14:00:00,NA,NA,NA,NA,NA,NA,NA,NA,NA,NA,NA,NA,NA,NA,NA,NA,NA,NA,NA,NA,NA,NA,NA,NA
2026-05-29 15:00:00,NA,NA,NA,NA,NA,NA,NA,NA,NA,NA,NA,NA,NA,NA,NA,NA,NA,NA,NA,NA,NA,NA,NA,NA
2026-05-29 16:00:00,NA,NA,NA,NA,NA,NA,NA,NA,NA,NA,NA,NA,NA,NA,NA,NA,NA,NA,NA,NA,NA,NA,NA,NA
2026-05-29 17:00:00,NA,NA,NA,NA,NA,NA,NA,NA,NA,NA,NA,NA,NA,NA,NA,NA,NA,NA,NA,NA,NA,NA,NA,NA
2026-05-29 18:00:00,NA,NA,NA,NA,NA,NA,NA,NA,NA,NA,NA,NA,NA,NA,NA,NA,NA,NA,NA,NA,NA,NA,NA,NA
2026-05-29 19:00:00,NA,NA,NA,NA,NA,NA,NA,NA,NA,NA,NA,NA,NA,NA,NA,NA,NA,NA,NA,NA,NA,NA,NA,NA
2026-05-29 20:00:00,NA,NA,NA,NA,NA,NA,NA,NA,NA,NA,NA,NA,NA,NA,NA,NA,NA,NA,NA,NA,NA,NA,NA,NA
2026-05-29 21:00:00,NA,NA,NA,NA,NA,NA,NA,NA,NA,NA,NA,NA,NA,NA,NA,NA,NA,NA,NA,NA,NA,NA,NA,NA
2026-05-29 22:00:00,NA,NA,NA,NA,NA,NA,NA,NA,NA,NA,NA,NA,NA,NA,NA,NA,NA,NA,NA,NA,NA,NA,NA,NA
2026-05-29 23:00:00,NA,NA,NA,NA,NA,NA,NA,NA,NA,NA,NA,NA,NA,NA,NA,NA,NA,NA,NA,NA,NA,NA,NA,NA
2026-05-30 00:00:00,NA,NA,NA,NA,NA,NA,NA,NA,NA,NA,NA,NA,NA,NA,NA,NA,NA,NA,NA,NA,NA,NA,NA,NA
2026-05-30 01:00:00,NA,NA,NA,NA,NA,NA,NA,NA,NA,NA,NA,NA,NA,NA,NA,NA,NA,NA,NA,NA,NA,NA,NA,NA
2026-05-30 02:00:00,NA,NA,NA,NA,NA,NA,NA,NA,NA,NA,NA,NA,NA,NA,NA,NA,NA,NA,NA,NA,NA,NA,NA,NA
2026-05-30 03:00:00,NA,NA,NA,NA,NA,NA,NA,NA,NA,NA,NA,NA,NA,NA,NA,NA,NA,NA,NA,NA,NA,NA,NA,NA
2026-05-30 04:00:00,NA,NA,NA,NA,NA,NA,NA,NA,NA,NA,NA,NA,NA,NA,NA,NA,NA,NA,NA,NA,NA,NA,NA,NA
2026-05-30 05:00:00,NA,NA,NA,NA,NA,NA,NA,NA,NA,NA,NA,NA,NA,NA,NA,NA,NA,NA,NA,NA,NA,NA,NA,NA
2026-05-30 06:00:00,NA,NA,NA,NA,NA,NA,NA,NA,NA,NA,NA,NA,NA,NA,NA,NA,NA,NA,NA,NA,NA,NA,NA,NA
2026-05-30 07:00:00,NA,NA,NA,NA,NA,NA,NA,NA,NA,NA,NA,NA,NA,NA,NA,NA,NA,NA,NA,NA,NA,NA,NA,NA
2026-05-30 08:00:00,NA,NA,NA,NA,NA,NA,NA,NA,NA,NA,NA,NA,NA,NA,NA,NA,NA,NA,NA,NA,NA,NA,NA,NA
2026-05-30 09:00:00,NA,NA,NA,NA,NA,NA,NA,NA,NA,NA,NA,NA,NA,NA,NA,NA,NA,NA,NA,NA,NA,NA,NA,NA
2026-05-30 10:00:00,NA,NA,NA,NA,NA,NA,NA,NA,NA,NA,NA,NA,NA,NA,NA,NA,NA,NA,NA,NA,NA,NA,NA,NA
2026-05-30 11:00:00,NA,NA,NA,NA,NA,NA,NA,NA,NA,NA,NA,NA,NA,NA,NA,NA,NA,NA,NA,NA,NA,NA,NA,NA
2026-05-30 12:00:00,NA,NA,NA,NA,NA,NA,NA,NA,NA,NA,NA,NA,NA,NA,NA,NA,NA,NA,NA,NA,NA,NA,NA,NA
2026-05-30 13:00:00,NA,NA,NA,NA,NA,NA,NA,NA,NA,NA,NA,NA,NA,NA,NA,NA,NA,NA,NA,NA,NA,NA,NA,NA
2026-05-30 14:00:00,NA,NA,NA,NA,NA,NA,NA,NA,NA,NA,NA,NA,NA,NA,NA,NA,NA,NA,NA,NA,NA,NA,NA,NA
2026-05-30 15:00:00,17.38,59.79,2.85,1.47,4.22,15.1,2.14,0.11,13.0,NA,NA,NA,NA,NA,NA,NA,NA,NA,NA,NA,NA,NA,NA,NA
2026-05-30 16:00:00,22.35,62.77,2.41,2.11,4.52,15.25,2.06,0.09,13.0,NA,NA,NA,NA,NA,NA,NA,NA,NA,NA,NA,NA,NA,NA,NA
2026-05-30 17:00:00,16.99,64.08,3.14,2.02,5.17,16.45,2.06,0.12,12.25,NA,NA,NA,NA,NA,NA,NA,NA,NA,NA,NA,NA,NA,NA,NA
2026-05-30 18:00:00,12.74,65.12,4.15,1.57,5.72,18.62,2.11,0.18,12.0,NA,NA,NA,NA,NA,NA,NA,NA,NA,NA,NA,NA,NA,NA,NA
2026-05-30 19:00:00,16.84,58.68,4.88,1.34,6.22,19.77,2.11,0.24,11.67,NA,NA,NA,NA,NA,NA,NA,NA,NA,NA,NA,NA,NA,NA,NA
2026-05-30 20:00:00,NA,NA,NA,NA,NA,NA,NA,NA,NA,NA,NA,NA,NA,NA,NA,NA,NA,NA,NA,NA,NA,NA,NA,NA
2026-05-30 21:00:00,NA,NA,NA,NA,NA,NA,NA,NA,NA,NA,NA,NA,NA,NA,NA,NA,NA,NA,NA,NA,NA,NA,NA,NA
2026-05-30 22:00:00,NA,NA,NA,NA,NA,NA,NA,NA,NA,NA,NA,NA,NA,NA,NA,NA,NA,NA,NA,NA,NA,NA,NA,NA
2026-05-30 23:00:00,NA,NA,NA,NA,NA,NA,NA,NA,NA,NA,NA,NA,NA,NA,NA,NA,NA,NA,NA,NA,NA,NA,NA,NA
2026-05-31 00:00:00,NA,NA,NA,NA,NA,NA,NA,NA,NA,NA,NA,NA,NA,NA,NA,NA,NA,NA,NA,NA,NA,NA,NA,NA
2026-05-31 01:00:00,NA,NA,NA,NA,NA,NA,NA,NA,NA,NA,NA,NA,NA,NA,NA,NA,NA,NA,NA,NA,NA,NA,NA,NA
2026-05-31 02:00:00,NA,NA,NA,NA,NA,NA,NA,NA,NA,NA,NA,NA,NA,NA,NA,NA,NA,NA,NA,NA,NA,NA,NA,NA
2026-05-31 03:00:00,NA,NA,NA,NA,NA,NA,NA,NA,NA,NA,NA,NA,NA,NA,NA,NA,NA,NA,NA,NA,NA,NA,NA,NA
2026-05-31 04:00:00,23.0,51.47,2.1,1.81,4.17,17.76,2.4,0.16,12.0,NA,NA,NA,NA,NA,NA,NA,NA,NA,NA,NA,NA,NA,NA,NA
2026-05-31 05:00:00,16.8,51.74,2.33,1.62,3.94,17.87,2.53,0.14,12.0,NA,NA,NA,NA,NA,NA,NA,NA,NA,NA,NA,NA,NA,NA,NA
2026-05-31 06:00:00,22.38,52.16,6.23,1.53,7.65,24.78,2.52,0.2,12.0,NA,NA,NA,NA,NA,NA,NA,NA,NA,NA,NA,NA,NA,NA,NA
2026-05-31 07:00:00,42.26,55.08,12.13,0.68,12.32,34.68,2.78,0.22,11.25,NA,NA,NA,NA,NA,NA,NA,NA,NA,NA,NA,NA,NA,NA,NA
2026-05-31 08:00:00,49.2,56.07,15.25,0.58,15.06,39.73,2.35,0.45,12.0,NA,NA,NA,NA,NA,NA,NA,NA,NA,NA,NA,NA,NA,NA,NA
2026-05-31 09:00:00,42.04,84.08,6.25,0.59,6.75,20.71,1.9,0.35,11.0,NA,NA,NA,NA,NA,NA,NA,NA,NA,NA,NA,NA,NA,NA,NA
2026-05-31 10:00:00,40.26,86.02,1.91,1.15,3.06,11.65,2.03,0.22,11.0,NA,NA,NA,NA,NA,NA,NA,NA,NA,NA,NA,NA,NA,NA,NA
2026-05-31 11:00:00,27.47,83.85,2.81,1.26,4.06,13.84,1.57,0.26,11.0,NA,NA,NA,NA,NA,NA,NA,NA,NA,NA,NA,NA,NA,NA,NA
2026-05-31 12:00:00,24.12,75.19,2.27,1.73,3.95,13.18,1.66,0.24,12.0,NA,NA,NA,NA,NA,NA,NA,NA,NA,NA,NA,NA,NA,NA,NA
2026-05-31 13:00:00,17.4,68.27,2.08,1.75,3.84,12.69,1.75,0.23,13.25,NA,NA,NA,NA,NA,NA,NA,NA,NA,NA,NA,NA,NA,NA,NA
2026-05-31 14:00:00,11.6,58.03,2.65,2.01,4.65,15.5,1.76,0.28,13.75,NA,NA,NA,NA,NA,NA,NA,NA,NA,NA,NA,NA,NA,NA,NA
2026-05-31 15:00:00,13.93,58.71,2.58,2.31,4.88,17.65,1.7,0.26,14.0,NA,NA,NA,NA,NA,NA,NA,NA,NA,NA,NA,NA,NA,NA,NA
2026-05-31 16:00:00,16.69,50.15,3.21,2.15,5.36,17.08,1.75,0.3,14.0,NA,NA,NA,NA,NA,NA,NA,NA,NA,NA,NA,NA,NA,NA,NA
2026-05-31 17:00:00,13.27,64.12,2.95,2.33,5.27,16.75,1.77,0.35,13.75,NA,NA,NA,NA,NA,NA,NA,NA,NA,NA,NA,NA,NA,NA,NA
2026-05-31 18:00:00,11.34,59.11,2.38,2.74,5.12,15.56,1.82,0.38,13.25,NA,NA,NA,NA,NA,NA,NA,NA,NA,NA,NA,NA,NA,NA,NA
2026-05-31 19:00:00,12.36,58.82,3.93,2.7,6.63,19.56,2.11,0.44,12.75,NA,NA,NA,NA,NA,NA,NA,NA,NA,NA,NA,NA,NA,NA,NA
2026-05-31 20:00:00,11.37,60.97,6.91,2.24,9.14,24.4,2.44,0.58,12.0,NA,NA,NA,NA,NA,NA,NA,NA,NA,NA,NA,NA,NA,NA,NA
2026-05-31 21:00:00,14.23,69.53,6.52,1.85,8.33,23.4,2.42,0.51,84.33,NA,NA,NA,NA,NA,NA,NA,NA,NA,NA,NA,NA,NA,NA,NA
2026-05-31 22:00:00,18.54,57.82,5.15,2.16,7.32,22.16,2.68,0.41,12.0,NA,NA,NA,NA,NA,NA,NA,NA,NA,NA,NA,NA,NA,NA,NA
2026-05-31 23:00:00,20.15,55.66,4.55,2.27,6.82,20.89,1.99,0.15,16.25,NA,NA,NA,NA,NA,NA,NA,NA,NA,NA,NA,NA,NA,NA,NA
2026-06-01 00:00:00,20.02,61.4,3.6,2.11,5.71,18.78,1.27,0.14,14.5,NA,NA,NA,NA,NA,NA,NA,NA,NA,NA,NA,NA,NA,NA,NA
2026-06-01 01:00:00,27.06,54.67,2.2,2.4,4.6,17.11,0.87,0.01,14.5,NA,NA,NA,NA,NA,NA,NA,NA,NA,NA,NA,NA,NA,NA,NA
2026-06-01 02:00:00,NA,NA,2.0,3.34,5.35,20.26,1.89,0.15,NA,NA,NA,NA,NA,NA,NA,NA,NA,NA,NA,NA,NA,NA,NA,NA
2026-06-01 03:00:00,NA,NA,1.48,3.19,4.5,23.56,NA,0.01,NA,NA,NA,NA,NA,NA,NA,NA,NA,NA,NA,NA,NA,NA,NA,NA
2026-06-01 04:00:00,NA,NA,0.73,3.75,4.04,23.29,NA,0.02,5.75,NA,NA,NA,NA,NA,NA,NA,NA,NA,NA,NA,NA,NA,NA,NA
2026-06-01 05:00:00,NA,NA,1.19,4.9,6.06,29.99,NA,0.22,8.25,NA,NA,NA,NA,NA,NA,NA,NA,NA,NA,NA,NA,NA,NA,NA
2026-06-01 06:00:00,NA,NA,2.33,7.16,9.49,41.57,NA,0.31,8.67,NA,NA,NA,NA,NA,NA,NA,NA,NA,NA,NA,NA,NA,NA,NA
2026-06-01 07:00:00,NA,NA,1.98,13.36,15.39,55.36,NA,0.32,6.0,NA,NA,NA,NA,NA,NA,NA,NA,NA,NA,NA,NA,NA,NA,NA
2026-06-01 08:00:00,NA,NA,5.02,27.22,32.24,93.53,NA,NA,NA,NA,NA,NA,NA,NA,NA,NA,NA,NA,NA,NA,NA,NA,NA,NA
2026-06-01 09:00:00,NA,NA,5.0,6.31,11.29,45.25,NA,NA,NA,NA,NA,NA,NA,NA,NA,NA,NA,NA,NA,NA,NA,NA,NA,NA
2026-06-01 10:00:00,NA,NA,4.2,4.08,8.28,37.82,NA,NA,NA,NA,NA,NA,NA,NA,NA,NA,NA,NA,NA,NA,NA,NA,NA,NA
2026-06-01 11:00:00,NA,NA,NA,NA,NA,NA,NA,NA,NA,NA,NA,NA,NA,NA,NA,NA,NA,NA,NA,NA,NA,NA,NA,NA
2026-06-01 12:00:00,NA,NA,NA,NA,NA,NA,NA,NA,NA,NA,NA,NA,NA,NA,NA,NA,NA,NA,NA,NA,NA,NA,NA,NA
2026-06-01 13:00:00,NA,NA,NA,NA,NA,NA,NA,NA,NA,NA,NA,NA,NA,NA,NA,NA,NA,NA,NA,NA,NA,NA,NA,NA
2026-06-01 14:00:00,NA,NA,NA,NA,NA,NA,NA,NA,NA,NA,NA,NA,NA,NA,NA,NA,NA,NA,NA,NA,NA,NA,NA,NA
2026-06-01 15:00:00,NA,NA,1.82,6.17,7.98,30.79,0.27,0.08,10.5,NA,NA,NA,NA,NA,NA,NA,NA,NA,NA,NA,NA,NA,NA,NA
2026-06-01 16:00:00,NA,NA,NA,NA,NA,NA,NA,NA,NA,NA,NA,NA,NA,NA,NA,NA,NA,NA,NA,NA,NA,NA,NA,NA
2026-06-01 17:00:00,NA,NA,NA,NA,NA,NA,NA,NA,NA,NA,NA,NA,NA,NA,NA,NA,NA,NA,NA,NA,NA,NA,NA,NA
2026-06-01 18:00:00,NA,NA,NA,NA,NA,NA,NA,NA,NA,NA,NA,NA,NA,NA,NA,NA,NA,NA,NA,NA,NA,NA,NA,NA
2026-06-01 19:00:00,NA,NA,NA,NA,NA,NA,NA,NA,NA,NA,NA,NA,NA,NA,NA,NA,NA,NA,NA,NA,NA,NA,NA,NA
2026-06-01 20:00:00,NA,NA,NA,NA,NA,NA,NA,NA,NA,NA,NA,NA,NA,NA,NA,NA,NA,NA,NA,NA,NA,NA,NA,NA
2026-06-01 21:00:00,NA,NA,NA,NA,NA,NA,NA,NA,NA,NA,NA,NA,NA,NA,NA,NA,NA,NA,NA,NA,NA,NA,NA,NA
2026-06-01 22:00:00,NA,NA,NA,NA,NA,NA,NA,NA,NA,NA,NA,NA,NA,NA,NA,NA,NA,NA,NA,NA,NA,NA,NA,NA
2026-06-01 23:00:00,NA,NA,NA,NA,NA,NA,NA,NA,NA,NA,NA,NA,NA,NA,NA,NA,NA,NA,NA,NA,NA,NA,NA,NA
2026-06-02 00:00:00,NA,NA,NA,NA,NA,NA,NA,NA,NA,NA,NA,NA,NA,NA,NA,NA,NA,NA,NA,NA,NA,NA,NA,NA
2026-06-02 01:00:00,NA,NA,NA,NA,NA,NA,NA,NA,NA,NA,NA,NA,NA,NA,NA,NA,NA,NA,NA,NA,NA,NA,NA,NA
2026-06-02 02:00:00,NA,NA,NA,NA,NA,NA,NA,NA,NA,NA,NA,NA,NA,NA,NA,NA,NA,NA,NA,NA,NA,NA,NA,NA
2026-06-02 03:00:00,NA,NA,NA,NA,NA,NA,NA,NA,NA,NA,NA,NA,NA,NA,NA,NA,NA,NA,NA,NA,NA,NA,NA,NA
2026-06-02 04:00:00,NA,NA,NA,NA,NA,NA,NA,NA,NA,NA,NA,NA,NA,NA,NA,NA,NA,NA,NA,NA,NA,NA,NA,NA
2026-06-02 05:00:00,NA,NA,NA,NA,NA,NA,NA,NA,NA,NA,NA,NA,NA,NA,NA,NA,NA,NA,NA,NA,NA,NA,NA,NA
2026-06-02 06:00:00,NA,NA,9.16,3.05,12.16,29.43,4.4,0.61,8.0,NA,NA,NA,NA,NA,NA,NA,NA,NA,NA,NA,NA,NA,NA,NA
2026-06-02 07:00:00,NA,NA,7.22,3.99,11.2,27.31,4.24,0.57,8.0,NA,NA,NA,NA,NA,NA,NA,NA,NA,NA,NA,NA,NA,NA,NA
2026-06-02 08:00:00,NA,NA,11.51,3.59,14.9,36.22,2.97,0.75,8.0,NA,NA,NA,NA,NA,NA,NA,NA,NA,NA,NA,NA,NA,NA,NA
2026-06-02 09:00:00,NA,NA,3.23,3.8,7.04,18.55,2.35,0.54,8.0,NA,NA,NA,NA,NA,NA,NA,NA,NA,NA,NA,NA,NA,NA,NA
2026-06-02 10:00:00,NA,NA,2.93,3.51,6.44,16.55,2.3,0.51,8.75,NA,NA,NA,NA,NA,NA,NA,NA,NA,NA,NA,NA,NA,NA,NA
2026-06-02 11:00:00,NA,NA,4.18,3.46,7.64,19.36,2.18,0.49,9.0,NA,NA,NA,NA,NA,NA,NA,NA,NA,NA,NA,NA,NA,NA,NA
2026-06-02 12:00:00,NA,NA,3.41,3.93,7.34,18.66,2.01,0.46,9.25,NA,NA,NA,NA,NA,NA,NA,NA,NA,NA,NA,NA,NA,NA,NA
2026-06-02 13:00:00,NA,NA,1.78,4.0,5.78,14.79,1.96,0.44,10.0,NA,NA,NA,NA,NA,NA,NA,NA,NA,NA,NA,NA,NA,NA,NA
2026-06-02 14:00:00,NA,NA,1.95,3.91,5.86,15.11,1.89,0.47,10.5,NA,NA,NA,NA,NA,NA,NA,NA,NA,NA,NA,NA,NA,NA,NA
2026-06-02 15:00:00,NA,NA,2.11,3.75,5.77,15.27,1.94,0.48,10.0,NA,NA,NA,NA,NA,NA,NA,NA,NA,NA,NA,NA,NA,NA,NA
2026-06-02 16:00:00,NA,NA,2.78,3.83,6.6,17.03,1.9,0.49,9.5,NA,NA,NA,NA,NA,NA,NA,NA,NA,NA,NA,NA,NA,NA,NA
2026-06-02 17:00:00,NA,NA,2.8,3.75,6.56,16.9,1.77,0.48,9.75,NA,NA,NA,NA,NA,NA,NA,NA,NA,NA,NA,NA,NA,NA,NA
2026-06-02 18:00:00,NA,NA,3.19,3.61,6.79,17.41,1.71,0.5,10.0,NA,NA,NA,NA,NA,NA,NA,NA,NA,NA,NA,NA,NA,NA,NA
2026-06-02 19:00:00,NA,NA,2.65,3.65,6.31,16.55,2.03,0.53,9.75,NA,NA,NA,NA,NA,NA,NA,NA,NA,NA,NA,NA,NA,NA,NA
2026-06-02 20:00:00,NA,NA,4.47,3.63,8.11,20.92,2.96,0.69,8.0,NA,NA,NA,NA,NA,NA,NA,NA,NA,NA,NA,NA,NA,NA,NA
2026-06-02 21:00:00,NA,NA,3.3,3.82,7.11,18.3,2.61,0.51,8.75,NA,NA,NA,NA,NA,NA,NA,NA,NA,NA,NA,NA,NA,NA,NA
2026-06-02 22:00:00,NA,NA,2.39,3.64,6.03,15.97,2.44,0.49,8.0,NA,NA,NA,NA,NA,NA,NA,NA,NA,NA,NA,NA,NA,NA,NA
2026-06-02 23:00:00,NA,NA,2.28,3.22,5.5,14.87,2.38,0.46,8.0,NA,NA,NA,NA,NA,NA,NA,NA,NA,NA,NA,NA,NA,NA,NA
2026-06-03 00:00:00,NA,NA,1.53,2.85,4.38,11.55,2.26,0.41,8.0,NA,NA,NA,NA,NA,NA,NA,NA,NA,NA,NA,NA,NA,NA,NA
2026-06-03 01:00:00,NA,NA,NA,NA,NA,NA,NA,NA,NA,NA,NA,NA,NA,NA,NA,NA,NA,NA,NA,NA,NA,NA,NA,NA
2026-06-03 02:00:00,NA,NA,NA,NA,NA,NA,NA,NA,NA,NA,NA,NA,NA,NA,NA,NA,NA,NA,NA,NA,NA,NA,NA,NA
2026-06-03 03:00:00,NA,NA,NA,NA,NA,NA,NA,NA,NA,NA,NA,NA,NA,NA,NA,NA,NA,NA,NA,NA,NA,NA,NA,NA
2026-06-03 04:00:00,NA,NA,NA,NA,NA,NA,NA,NA,NA,NA,NA,NA,NA,NA,NA,NA,NA,NA,NA,NA,NA,NA,NA,NA
2026-06-03 05:00:00,NA,NA,NA,NA,NA,NA,NA,NA,NA,NA,NA,NA,NA,NA,NA,NA,NA,NA,NA,NA,NA,NA,NA,NA
2026-06-03 06:00:00,NA,NA,NA,NA,NA,NA,NA,NA,NA,NA,NA,NA,NA,NA,NA,NA,NA,NA,NA,NA,NA,NA,NA,NA
2026-06-03 07:00:00,NA,NA,NA,NA,NA,NA,NA,NA,NA,NA,NA,NA,NA,NA,NA,NA,NA,NA,NA,NA,NA,NA,NA,NA
2026-06-03 08:00:00,NA,NA,NA,NA,NA,NA,NA,NA,NA,NA,NA,NA,NA,NA,NA,NA,NA,NA,NA,NA,NA,NA,NA,NA
2026-06-03 09:00:00,NA,NA,NA,NA,NA,NA,NA,NA,NA,NA,NA,NA,NA,NA,NA,NA,NA,NA,NA,NA,NA,NA,NA,NA
2026-06-03 10:00:00,NA,NA,NA,NA,NA,NA,NA,NA,NA,NA,NA,NA,NA,NA,NA,NA,NA,NA,NA,NA,NA,NA,NA,NA
2026-06-03 11:00:00,NA,NA,NA,NA,NA,NA,NA,NA,NA,NA,NA,NA,NA,NA,NA,NA,NA,NA,NA,NA,NA,NA,NA,NA
2026-06-03 12:00:00,NA,NA,NA,NA,NA,NA,NA,NA,NA,NA,NA,NA,NA,NA,NA,NA,NA,NA,NA,NA,NA,NA,NA,NA
2026-06-03 13:00:00,NA,NA,NA,NA,NA,NA,NA,NA,NA,NA,NA,NA,NA,NA,NA,NA,NA,NA,NA,NA,NA,NA,NA,NA
2026-06-03 14:00:00,NA,NA,NA,NA,NA,NA,2.63,0.29,7.0,NA,NA,NA,NA,NA,NA,NA,NA,NA,NA,NA,NA,NA,NA,NA
2026-06-03 15:00:00,NA,NA,2.62,4.16,6.78,20.25,2.79,0.28,8.5,NA,NA,NA,NA,NA,NA,NA,NA,NA,NA,NA,NA,NA,NA,NA
2026-06-03 16:00:00,NA,NA,2.66,4.15,6.81,19.71,2.95,0.25,NA,NA,NA,NA,NA,NA,NA,NA,NA,NA,NA,NA,NA,NA,NA,NA
2026-06-03 17:00:00,NA,NA,3.38,4.33,7.71,22.76,3.26,NA,36.0,NA,NA,NA,NA,NA,NA,NA,NA,NA,NA,NA,NA,NA,NA,NA
2026-06-03 18:00:00,NA,NA,2.57,4.17,6.74,20.72,3.14,NA,8.5,NA,NA,NA,NA,NA,NA,NA,NA,NA,NA,NA,NA,NA,NA,NA
2026-06-03 19:00:00,NA,NA,2.31,3.99,5.99,18.59,3.36,NA,9.75,NA,NA,NA,NA,NA,NA,NA,NA,NA,NA,NA,NA,NA,NA,NA
2026-06-03 20:00:00,4.67,20.46,12.13,19.54,31.67,15.29,4.02,0.11,9.0,NA,NA,NA,NA,NA,NA,NA,NA,NA,NA,NA,NA,NA,NA,NA
2026-06-03 21:00:00,3.96,50.92,NA,NA,NA,NA,2.93,0.66,7.0,NA,NA,NA,NA,NA,NA,NA,NA,NA,NA,NA,NA,NA,NA,NA
2026-06-03 22:00:00,12.18,52.22,NA,NA,NA,NA,1.86,0.65,7.75,NA,NA,NA,NA,NA,NA,NA,NA,NA,NA,NA,NA,NA,NA,NA
2026-06-03 23:00:00,14.59,61.84,NA,NA,NA,NA,2.12,0.57,8.5,NA,NA,NA,NA,NA,NA,NA,NA,NA,NA,NA,NA,NA,NA,NA
2026-06-04 00:00:00,10.55,61.98,NA,NA,NA,NA,3.17,0.59,7.0,NA,NA,NA,NA,NA,NA,NA,NA,NA,NA,NA,NA,NA,NA,NA
2026-06-04 01:00:00,13.42,46.43,NA,NA,NA,NA,3.54,0.6,7.5,NA,NA,NA,NA,NA,NA,NA,NA,NA,NA,NA,NA,NA,NA,NA
2026-06-04 02:00:00,8.55,50.28,NA,NA,NA,NA,3.66,0.74,8.0,NA,NA,NA,NA,NA,NA,NA,NA,NA,NA,NA,NA,NA,NA,NA
2026-06-04 03:00:00,6.11,56.0,NA,NA,NA,NA,3.87,0.95,8.5,NA,NA,NA,NA,NA,NA,NA,NA,NA,NA,NA,NA,NA,NA,NA
2026-06-04 04:00:00,12.9,58.65,NA,NA,NA,NA,3.7,0.94,8.75,NA,NA,NA,NA,NA,NA,NA,NA,NA,NA,NA,NA,NA,NA,NA
2026-06-04 05:00:00,9.75,42.88,NA,NA,NA,NA,3.76,0.97,9.0,NA,NA,NA,NA,NA,NA,NA,NA,NA,NA,NA,NA,NA,NA,NA
2026-06-04 06:00:00,29.75,60.69,NA,NA,NA,NA,3.87,1.07,9.25,NA,NA,NA,NA,NA,NA,NA,NA,NA,NA,NA,NA,NA,NA,NA
2026-06-04 07:00:00,24.06,76.24,NA,NA,NA,NA,4.36,1.2,9.0,NA,NA,NA,NA,NA,NA,NA,NA,NA,NA,NA,NA,NA,NA,NA
2026-06-04 08:00:00,38.27,85.58,NA,NA,NA,NA,3.4,1.29,9.75,NA,NA,NA,NA,NA,NA,NA,NA,NA,NA,NA,NA,NA,NA,NA
2026-06-04 09:00:00,35.95,104.53,NA,NA,NA,NA,2.37,1.22,9.75,NA,NA,NA,NA,NA,NA,NA,NA,NA,NA,NA,NA,NA,NA,NA
2026-06-04 10:00:00,35.61,89.96,NA,NA,NA,NA,2.11,1.08,8.5,NA,NA,NA,NA,NA,NA,NA,NA,NA,NA,NA,NA,NA,NA,NA
2026-06-04 11:00:00,18.84,56.26,NA,NA,NA,NA,1.93,1.0,9.75,NA,NA,NA,NA,NA,NA,NA,NA,NA,NA,NA,NA,NA,NA,NA
2026-06-04 12:00:00,11.33,62.49,NA,NA,NA,NA,1.75,1.01,10.0,NA,NA,NA,NA,NA,NA,NA,NA,NA,NA,NA,NA,NA,NA,NA
2026-06-04 13:00:00,NA,NA,NA,NA,NA,NA,NA,NA,NA,NA,NA,NA,NA,NA,NA,NA,NA,NA,NA,NA,NA,NA,NA,NA
2026-06-04 14:00:00,37.71,67.51,NA,NA,NA,NA,2.59,0.94,10.0,NA,NA,NA,NA,NA,NA,NA,NA,NA,NA,NA,NA,NA,NA,NA
2026-06-04 15:00:00,48.07,201.54,0.04,1.86,0.14,343.17,2.09,0.91,11.0,NA,NA,NA,NA,NA,NA,NA,NA,NA,NA,NA,NA,NA,NA,NA
2026-06-04 16:00:00,49.63,NA,NA,NA,NA,NA,2.72,0.91,12.5,NA,NA,NA,NA,NA,NA,NA,NA,NA,NA,NA,NA,NA,NA,NA
2026-06-04 17:00:00,31.94,159.57,NA,NA,NA,NA,3.16,1.02,13.25,NA,NA,NA,NA,NA,NA,NA,NA,NA,NA,NA,NA,NA,NA,NA
2026-06-04 18:00:00,31.59,116.98,NA,NA,NA,NA,2.85,1.01,10.0,NA,NA,NA,NA,NA,NA,NA,NA,NA,NA,NA,NA,NA,NA,NA
2026-06-04 19:00:00,NA,NA,NA,NA,NA,NA,NA,NA,NA,NA,NA,NA,NA,NA,NA,NA,NA,NA,NA,NA,NA,NA,NA,NA
2026-06-04 20:00:00,NA,NA,NA,NA,NA,NA,NA,NA,NA,NA,NA,NA,NA,NA,NA,NA,NA,NA,NA,NA,NA,NA,NA,NA
2026-06-04 21:00:00,8.06,64.14,3.96,3.53,7.48,28.73,2.34,0.55,10.75,NA,NA,NA,NA,NA,NA,NA,NA,NA,NA,NA,NA,NA,NA,NA
2026-06-04 22:00:00,4.04,63.92,3.62,2.71,6.34,23.96,3.03,0.49,6.67,NA,NA,NA,NA,NA,NA,NA,NA,NA,NA,NA,NA,NA,NA,NA
2026-06-04 23:00:00,2.59,70.38,3.46,2.57,6.02,21.75,2.62,0.49,7.5,NA,NA,NA,NA,NA,NA,NA,NA,NA,NA,NA,NA,NA,NA,NA
2026-06-05 00:00:00,2.45,75.65,3.67,2.49,6.16,20.21,2.24,0.5,7.5,NA,NA,NA,NA,NA,NA,NA,NA,NA,NA,NA,NA,NA,NA,NA
2026-06-05 01:00:00,15.99,96.25,1.05,2.0,3.06,15.18,2.06,0.41,8.5,NA,NA,NA,NA,NA,NA,NA,NA,NA,NA,NA,NA,NA,NA,NA
2026-06-05 02:00:00,15.14,76.48,0.85,1.75,2.59,13.46,1.86,0.38,8.5,NA,NA,NA,NA,NA,NA,NA,NA,NA,NA,NA,NA,NA,NA,NA
2026-06-05 03:00:00,11.74,64.64,0.68,1.48,2.17,12.43,1.83,0.36,8.25,NA,NA,NA,NA,NA,NA,NA,NA,NA,NA,NA,NA,NA,NA,NA
2026-06-05 04:00:00,6.47,59.73,0.94,1.56,2.5,12.37,1.76,0.37,9.25,NA,NA,NA,NA,NA,NA,NA,NA,NA,NA,NA,NA,NA,NA,NA
2026-06-05 05:00:00,4.79,76.05,1.23,1.6,2.83,12.5,1.78,0.38,9.0,NA,NA,NA,NA,NA,NA,NA,NA,NA,NA,NA,NA,NA,NA,NA
2026-06-05 06:00:00,6.68,84.84,4.49,2.07,6.56,16.37,1.8,0.41,9.0,NA,NA,NA,NA,NA,NA,NA,NA,NA,NA,NA,NA,NA,NA,NA
2026-06-05 07:00:00,5.71,109.6,2.7,1.41,4.1,13.3,2.22,0.38,11.0,NA,NA,NA,NA,NA,NA,NA,NA,NA,NA,NA,NA,NA,NA,NA
2026-06-05 08:00:00,16.77,90.48,2.42,1.92,4.34,13.69,2.62,0.39,12.5,NA,NA,NA,NA,NA,NA,NA,NA,NA,NA,NA,NA,NA,NA,NA
2026-06-05 09:00:00,15.1,101.36,3.77,3.56,7.33,17.91,2.32,0.48,13.75,NA,NA,NA,NA,NA,NA,NA,NA,NA,NA,NA,NA,NA,NA,NA
2026-06-05 10:00:00,15.71,90.81,3.91,9.45,13.36,25.06,2.37,0.44,13.75,NA,NA,NA,NA,NA,NA,NA,NA,NA,NA,NA,NA,NA,NA,NA
2026-06-05 11:00:00,9.75,81.27,3.15,3.79,6.91,16.67,2.44,0.45,13.0,NA,NA,NA,NA,NA,NA,NA,NA,NA,NA,NA,NA,NA,NA,NA
2026-06-05 12:00:00,10.85,75.63,2.41,3.28,5.69,15.39,2.45,0.45,14.25,NA,NA,NA,NA,NA,NA,NA,NA,NA,NA,NA,NA,NA,NA,NA
2026-06-05 13:00:00,8.86,75.53,2.45,3.18,5.63,14.65,2.89,0.43,15.0,NA,NA,NA,NA,NA,NA,NA,NA,NA,NA,NA,NA,NA,NA,NA
2026-06-05 14:00:00,19.35,85.54,0.92,3.18,4.1,12.66,2.79,0.41,14.0,NA,NA,NA,NA,NA,NA,NA,NA,NA,NA,NA,NA,NA,NA,NA
2026-06-05 15:00:00,NA,NA,NA,NA,NA,NA,NA,NA,NA,NA,NA,NA,NA,NA,NA,NA,NA,NA,NA,NA,NA,NA,NA,NA
2026-06-05 16:00:00,NA,NA,NA,NA,NA,NA,NA,NA,NA,NA,NA,NA,NA,NA,NA,NA,NA,NA,NA,NA,NA,NA,NA,NA
2026-06-05 17:00:00,NA,NA,NA,NA,NA,NA,NA,NA,NA,NA,NA,NA,NA,NA,NA,NA,NA,NA,NA,NA,NA,NA,NA,NA
2026-06-05 18:00:00,NA,NA,NA,NA,NA,NA,NA,NA,NA,NA,NA,NA,NA,NA,NA,NA,NA,NA,NA,NA,NA,NA,NA,NA
2026-06-05 19:00:00,8.72,89.14,3.5,3.61,7.11,15.84,2.43,0.55,11.67,NA,NA,NA,NA,NA,NA,NA,NA,NA,NA,NA,NA,NA,NA,NA
2026-06-05 20:00:00,11.64,93.51,3.23,3.44,6.67,15.62,1.87,0.52,11.0,NA,NA,NA,NA,NA,NA,NA,NA,NA,NA,NA,NA,NA,NA,NA
2026-06-05 21:00:00,NA,NA,NA,NA,NA,NA,NA,NA,NA,NA,NA,NA,NA,NA,NA,NA,NA,NA,NA,NA,NA,NA,NA,NA
2026-06-05 22:00:00,NA,NA,NA,NA,NA,NA,NA,NA,NA,NA,NA,NA,NA,NA,NA,NA,NA,NA,NA,NA,NA,NA,NA,NA
2026-06-05 23:00:00,NA,NA,NA,NA,NA,NA,NA,NA,NA,NA,NA,NA,NA,NA,NA,NA,NA,NA,NA,NA,NA,NA,NA,NA
2026-06-06 00:00:00,NA,NA,NA,NA,NA,NA,NA,NA,NA,NA,NA,NA,NA,NA,NA,NA,NA,NA,NA,NA,NA,NA,NA,NA
2026-06-06 01:00:00,NA,NA,NA,NA,NA,NA,NA,NA,NA,NA,NA,NA,NA,NA,NA,NA,NA,NA,NA,NA,NA,NA,NA,NA
2026-06-06 02:00:00,NA,NA,NA,NA,NA,NA,NA,NA,NA,NA,NA,NA,NA,NA,NA,NA,NA,NA,NA,NA,NA,NA,NA,NA
2026-06-06 03:00:00,NA,NA,NA,NA,NA,NA,NA,NA,NA,NA,NA,NA,NA,NA,NA,NA,NA,NA,NA,NA,NA,NA,NA,NA
2026-06-06 04:00:00,NA,NA,NA,NA,NA,NA,NA,NA,NA,NA,NA,NA,NA,NA,NA,NA,NA,NA,NA,NA,NA,NA,NA,NA
2026-06-06 05:00:00,NA,NA,NA,NA,NA,NA,NA,NA,NA,NA,NA,NA,NA,NA,NA,NA,NA,NA,NA,NA,NA,NA,NA,NA
2026-06-06 06:00:00,NA,NA,NA,NA,NA,NA,NA,NA,NA,NA,NA,NA,NA,NA,NA,NA,NA,NA,NA,NA,NA,NA,NA,NA
2026-06-06 07:00:00,NA,NA,NA,NA,NA,NA,NA,NA,NA,NA,NA,NA,NA,NA,NA,NA,NA,NA,NA,NA,NA,NA,NA,NA
2026-06-06 08:00:00,NA,NA,NA,NA,NA,NA,NA,NA,NA,NA,NA,NA,NA,NA,NA,NA,NA,NA,NA,NA,NA,NA,NA,NA
2026-06-06 09:00:00,NA,NA,NA,NA,NA,NA,NA,NA,NA,NA,NA,NA,NA,NA,NA,NA,NA,NA,NA,NA,NA,NA,NA,NA
2026-06-06 10:00:00,NA,NA,NA,NA,NA,NA,NA,NA,NA,NA,NA,NA,NA,NA,NA,NA,NA,NA,NA,NA,NA,NA,NA,NA
2026-06-06 11:00:00,NA,NA,NA,NA,NA,NA,NA,NA,NA,NA,NA,NA,NA,NA,NA,NA,NA,NA,NA,NA,NA,NA,NA,NA
2026-06-06 12:00:00,NA,NA,NA,NA,NA,NA,NA,NA,NA,NA,NA,NA,NA,NA,NA,NA,NA,NA,NA,NA,NA,NA,NA,NA
2026-06-06 13:00:00,NA,NA,NA,NA,NA,NA,NA,NA,NA,NA,NA,NA,NA,NA,NA,NA,NA,NA,NA,NA,NA,NA,NA,NA
2026-06-06 14:00:00,14.25,95.52,2.65,3.72,6.36,12.73,2.37,1.07,15.0,NA,NA,NA,NA,NA,NA,NA,NA,NA,NA,NA,NA,NA,NA,NA
2026-06-06 15:00:00,14.17,95.52,2.65,3.72,6.36,12.73,2.37,1.07,15.0,NA,NA,NA,NA,NA,NA,NA,NA,NA,NA,NA,NA,NA,NA,NA
2026-06-06 16:00:00,7.27,100.78,2.93,4.29,7.22,14.33,1.96,1.09,12.5,NA,NA,NA,NA,NA,NA,NA,NA,NA,NA,NA,NA,NA,NA,NA
2026-06-06 17:00:00,13.05,89.83,3.09,3.92,7.01,14.05,2.0,1.0,13.0,NA,NA,NA,NA,NA,NA,NA,NA,NA,NA,NA,NA,NA,NA,NA
2026-06-06 18:00:00,21.82,106.03,4.21,4.15,8.36,15.25,2.23,1.05,11.25,NA,NA,NA,NA,NA,NA,NA,NA,NA,NA,NA,NA,NA,NA,NA
2026-06-06 19:00:00,11.27,83.72,4.0,4.31,8.32,15.39,1.81,0.96,11.0,NA,NA,NA,NA,NA,NA,NA,NA,NA,NA,NA,NA,NA,NA,NA
2026-06-06 20:00:00,9.44,89.75,5.03,4.35,9.38,16.76,1.03,1.04,10.5,NA,NA,NA,NA,NA,NA,NA,NA,NA,NA,NA,NA,NA,NA,NA
2026-06-06 21:00:00,5.65,99.67,5.74,4.39,10.09,17.63,1.09,1.03,10.5,NA,NA,NA,NA,NA,NA,NA,NA,NA,NA,NA,NA,NA,NA,NA
2026-06-06 22:00:00,27.6,101.29,6.4,4.29,10.69,17.13,1.62,0.93,9.5,NA,NA,NA,NA,NA,NA,NA,NA,NA,NA,NA,NA,NA,NA,NA
2026-06-06 23:00:00,15.63,98.82,6.42,4.04,10.45,17.36,1.88,0.9,8.5,NA,NA,NA,NA,NA,NA,NA,NA,NA,NA,NA,NA,NA,NA,NA
2026-06-07 00:00:00,12.25,117.67,5.04,3.87,8.91,15.27,1.85,0.85,9.5,NA,NA,NA,NA,NA,NA,NA,NA,NA,NA,NA,NA,NA,NA,NA
2026-06-07 01:00:00,6.73,104.12,3.8,3.83,7.63,13.45,1.89,0.85,9.25,NA,NA,NA,NA,NA,NA,NA,NA,NA,NA,NA,NA,NA,NA,NA
2026-06-07 02:00:00,15.92,96.9,3.4,3.36,6.77,12.71,1.8,0.79,9.25,NA,NA,NA,NA,NA,NA,NA,NA,NA,NA,NA,NA,NA,NA,NA
2026-06-07 03:00:00,9.64,88.38,2.76,3.24,6.0,11.57,1.74,0.75,9.75,NA,NA,NA,NA,NA,NA,NA,NA,NA,NA,NA,NA,NA,NA,NA
2026-06-07 04:00:00,9.56,96.29,3.11,3.23,6.34,12.09,1.68,0.75,9.0,NA,NA,NA,NA,NA,NA,NA,NA,NA,NA,NA,NA,NA,NA,NA
2026-06-07 05:00:00,21.45,98.3,3.53,3.27,6.8,12.41,1.75,0.79,9.25,NA,NA,NA,NA,NA,NA,NA,NA,NA,NA,NA,NA,NA,NA,NA
2026-06-07 06:00:00,23.86,100.42,4.47,3.29,7.76,13.53,1.8,0.81,9.0,NA,NA,NA,NA,NA,NA,NA,NA,NA,NA,NA,NA,NA,NA,NA
2026-06-07 07:00:00,18.62,96.24,4.07,3.23,7.29,12.52,2.29,0.81,10.25,NA,NA,NA,NA,NA,NA,NA,NA,NA,NA,NA,NA,NA,NA,NA
2026-06-07 08:00:00,20.93,100.9,4.91,3.19,8.1,14.12,2.74,0.87,13.5,NA,NA,NA,NA,NA,NA,NA,NA,NA,NA,NA,NA,NA,NA,NA
2026-06-07 09:00:00,28.45,104.77,2.45,3.96,6.41,12.06,2.47,0.78,14.75,NA,NA,NA,NA,NA,NA,NA,NA,NA,NA,NA,NA,NA,NA,NA
2026-06-07 10:00:00,28.49,98.6,2.05,8.58,10.63,17.48,2.09,0.73,14.0,NA,NA,NA,NA,NA,NA,NA,NA,NA,NA,NA,NA,NA,NA,NA
2026-06-07 11:00:00,17.5,81.63,1.94,3.51,5.46,10.88,1.95,0.78,12.0,NA,NA,NA,NA,NA,NA,NA,NA,NA,NA,NA,NA,NA,NA,NA
2026-06-07 12:00:00,24.53,75.51,1.08,3.7,4.68,10.03,1.81,0.78,12.75,NA,NA,NA,NA,NA,NA,NA,NA,NA,NA,NA,NA,NA,NA,NA
2026-06-07 13:00:00,19.07,97.41,1.86,3.88,5.73,11.31,1.81,0.79,13.0,NA,NA,NA,NA,NA,NA,NA,NA,NA,NA,NA,NA,NA,NA,NA
2026-06-07 14:00:00,17.55,111.52,2.12,3.9,6.01,11.99,1.97,0.85,13.75,NA,NA,NA,NA,NA,NA,NA,NA,NA,NA,NA,NA,NA,NA,NA
2026-06-07 15:00:00,14.78,115.16,2.61,3.32,5.92,11.99,2.31,0.8,12.75,NA,NA,NA,NA,NA,NA,NA,NA,NA,NA,NA,NA,NA,NA,NA
2026-06-07 16:00:00,25.08,112.06,1.86,3.26,5.11,10.98,NA,0.8,13.25,NA,NA,NA,NA,NA,NA,NA,NA,NA,NA,NA,NA,NA,NA,NA
2026-06-07 17:00:00,21.8,121.52,3.5,4.71,8.21,14.7,NA,0.85,13.0,NA,NA,NA,NA,NA,NA,NA,NA,NA,NA,NA,NA,NA,NA,NA
2026-06-07 18:00:00,16.31,122.31,2.72,4.15,6.87,13.16,NA,0.84,12.75,NA,NA,NA,NA,NA,NA,NA,NA,NA,NA,NA,NA,NA,NA,NA
2026-06-07 19:00:00,10.84,113.89,3.01,4.94,7.96,14.53,NA,0.87,12.0,NA,NA,NA,NA,NA,NA,NA,NA,NA,NA,NA,NA,NA,NA,NA
2026-06-07 20:00:00,19.18,108.41,3.56,5.52,9.03,15.69,1.57,0.92,11.75,NA,NA,NA,NA,NA,NA,NA,NA,NA,NA,NA,NA,NA,NA,NA
2026-06-07 21:00:00,18.31,120.0,4.12,4.85,8.96,15.57,2.07,0.91,12.25,NA,NA,NA,NA,NA,NA,NA,NA,NA,NA,NA,NA,NA,NA,NA
2026-06-07 22:00:00,23.0,122.59,5.05,4.83,9.87,16.11,2.69,0.81,11.0,NA,NA,NA,NA,NA,NA,NA,NA,NA,NA,NA,NA,NA,NA,NA
2026-06-07 23:00:00,11.88,117.27,5.47,4.29,9.76,16.13,2.98,0.76,10.5,NA,NA,NA,NA,NA,NA,NA,NA,NA,NA,NA,NA,NA,NA,NA
2026-06-08 00:00:00,18.95,140.54,4.14,4.61,8.75,14.42,2.94,0.7,10.5,NA,NA,NA,NA,NA,NA,NA,NA,NA,NA,NA,NA,NA,NA,NA
2026-06-08 01:00:00,24.08,126.83,2.6,4.24,6.84,12.37,2.92,0.62,11.0,NA,NA,NA,NA,NA,NA,NA,NA,NA,NA,NA,NA,NA,NA,NA
2026-06-08 02:00:00,18.36,138.08,2.15,3.76,5.91,10.98,3.08,0.69,10.75,NA,NA,NA,NA,NA,NA,NA,NA,NA,NA,NA,NA,NA,NA,NA
2026-06-08 03:00:00,9.26,116.99,1.41,3.51,4.92,9.69,3.04,0.81,10.75,NA,NA,NA,NA,NA,NA,NA,NA,NA,NA,NA,NA,NA,NA,NA
2026-06-08 04:00:00,6.61,99.57,1.27,3.3,4.56,9.24,2.89,0.79,11.0,NA,NA,NA,NA,NA,NA,NA,NA,NA,NA,NA,NA,NA,NA,NA
2026-06-08 05:00:00,12.12,103.02,4.46,3.56,8.01,12.83,3.11,0.82,10.0,NA,NA,NA,NA,NA,NA,NA,NA,NA,NA,NA,NA,NA,NA,NA
2026-06-08 06:00:00,10.76,103.38,5.06,3.69,8.75,14.18,3.16,0.87,10.0,NA,NA,NA,NA,NA,NA,NA,NA,NA,NA,NA,NA,NA,NA,NA
2026-06-08 07:00:00,9.13,108.66,4.31,4.13,8.44,13.67,3.14,0.88,9.5,NA,NA,NA,NA,NA,NA,NA,NA,NA,NA,NA,NA,NA,NA,NA
2026-06-08 08:00:00,31.0,126.63,4.92,4.0,8.91,14.54,2.56,0.92,12.67,NA,NA,NA,NA,NA,NA,NA,NA,NA,NA,NA,NA,NA,NA,NA
2026-06-08 09:00:00,40.04,121.69,4.5,4.9,9.4,15.75,2.27,0.91,13.75,NA,NA,NA,NA,NA,NA,NA,NA,NA,NA,NA,NA,NA,NA,NA
2026-06-08 10:00:00,24.21,137.96,4.28,8.74,12.79,19.45,2.24,0.89,13.25,NA,NA,NA,NA,NA,NA,NA,NA,NA,NA,NA,NA,NA,NA,NA
2026-06-08 11:00:00,14.44,97.6,3.34,4.74,8.09,13.88,2.2,0.78,13.0,NA,NA,NA,NA,NA,NA,NA,NA,NA,NA,NA,NA,NA,NA,NA
2026-06-08 12:00:00,9.47,92.81,2.84,5.03,7.87,13.35,2.29,0.82,13.25,NA,NA,NA,NA,NA,NA,NA,NA,NA,NA,NA,NA,NA,NA,NA
2026-06-08 13:00:00,5.53,84.88,2.26,4.37,6.63,11.72,2.59,0.81,14.0,NA,NA,NA,NA,NA,NA,NA,NA,NA,NA,NA,NA,NA,NA,NA
2026-06-08 14:00:00,11.61,98.56,1.76,3.8,5.56,10.46,3.36,0.83,15.5,NA,NA,NA,NA,NA,NA,NA,NA,NA,NA,NA,NA,NA,NA,NA
2026-06-08 15:00:00,8.39,88.99,2.93,3.55,6.48,11.28,4.19,0.87,15.75,NA,NA,NA,NA,NA,NA,NA,NA,NA,NA,NA,NA,NA,NA,NA
2026-06-08 16:00:00,6.26,96.21,2.56,4.17,6.73,11.24,4.31,NA,15.0,NA,NA,NA,NA,NA,NA,NA,NA,NA,NA,NA,NA,NA,NA,NA
2026-06-08 17:00:00,13.2,105.86,4.15,4.42,8.57,14.22,2.43,0.98,11.0,NA,NA,NA,NA,NA,NA,NA,NA,NA,NA,NA,NA,NA,NA,NA
2026-06-08 18:00:00,16.56,98.49,4.1,4.29,8.38,13.47,2.64,1.04,12.33,NA,NA,NA,NA,NA,NA,NA,NA,NA,NA,NA,NA,NA,NA,NA
2026-06-08 19:00:00,32.12,85.79,4.04,4.47,8.5,13.82,3.14,1.09,11.5,NA,NA,NA,NA,NA,NA,NA,NA,NA,NA,NA,NA,NA,NA,NA
2026-06-08 20:00:00,25.32,92.66,4.19,4.65,8.84,14.87,1.5,1.04,10.0,NA,NA,NA,NA,NA,NA,NA,NA,NA,NA,NA,NA,NA,NA,NA
2026-06-08 21:00:00,15.73,73.02,4.1,4.92,9.01,14.84,1.33,1.05,11.25,NA,NA,NA,NA,NA,NA,NA,NA,NA,NA,NA,NA,NA,NA,NA
2026-06-08 22:00:00,30.23,85.89,5.03,4.69,9.72,15.89,2.1,1.05,10.0,NA,NA,NA,NA,NA,NA,NA,NA,NA,NA,NA,NA,NA,NA,NA
2026-06-08 23:00:00,19.03,70.42,3.25,4.45,7.7,13.43,2.0,0.88,10.0,NA,NA,NA,NA,NA,NA,NA,NA,NA,NA,NA,NA,NA,NA,NA
2026-06-09 00:00:00,16.88,75.23,2.24,4.39,6.63,12.07,2.16,0.75,10.75,NA,NA,NA,NA,NA,NA,NA,NA,NA,NA,NA,NA,NA,NA,NA
2026-06-09 01:00:00,24.65,87.98,1.9,4.23,6.14,11.41,2.17,0.7,10.75,NA,NA,NA,NA,NA,NA,NA,NA,NA,NA,NA,NA,NA,NA,NA
2026-06-09 02:00:00,30.3,98.96,1.76,4.07,5.83,11.08,2.04,0.66,10.5,NA,NA,NA,NA,NA,NA,NA,NA,NA,NA,NA,NA,NA,NA,NA
2026-06-09 03:00:00,22.89,86.66,1.74,3.59,5.33,10.27,2.01,0.63,10.25,NA,NA,NA,NA,NA,NA,NA,NA,NA,NA,NA,NA,NA,NA,NA
2026-06-09 04:00:00,26.84,81.4,1.81,3.84,5.65,10.47,2.03,0.62,10.0,NA,NA,NA,NA,NA,NA,NA,NA,NA,NA,NA,NA,NA,NA,NA
2026-06-09 05:00:00,26.56,82.81,2.45,4.19,6.63,11.73,2.08,0.72,10.0,NA,NA,NA,NA,NA,NA,NA,NA,NA,NA,NA,NA,NA,NA,NA
2026-06-09 06:00:00,14.52,69.77,3.77,4.88,8.65,13.59,2.13,0.76,9.75,NA,NA,NA,NA,NA,NA,NA,NA,NA,NA,NA,NA,NA,NA,NA
2026-06-09 07:00:00,12.14,76.27,5.24,5.44,10.67,15.92,2.54,0.86,10.0,NA,NA,NA,NA,NA,NA,NA,NA,NA,NA,NA,NA,NA,NA,NA
2026-06-09 08:00:00,15.83,83.67,3.74,5.82,9.56,15.03,3.26,0.9,11.0,NA,NA,NA,NA,NA,NA,NA,NA,NA,NA,NA,NA,NA,NA,NA
2026-06-09 09:00:00,37.77,98.92,4.04,4.48,8.52,14.17,3.37,0.95,11.75,NA,NA,NA,NA,NA,NA,NA,NA,NA,NA,NA,NA,NA,NA,NA
2026-06-09 10:00:00,48.38,94.84,3.97,4.74,8.71,14.18,3.51,0.94,12.75,NA,NA,NA,NA,NA,NA,NA,NA,NA,NA,NA,NA,NA,NA,NA
2026-06-09 11:00:00,51.1,118.76,2.81,3.77,6.59,11.91,3.48,0.82,12.0,NA,NA,NA,NA,NA,NA,NA,NA,NA,NA,NA,NA,NA,NA,NA
2026-06-09 12:00:00,28.88,112.1,3.28,4.18,7.45,12.46,3.56,0.81,12.33,NA,NA,NA,NA,NA,NA,NA,NA,NA,NA,NA,NA,NA,NA,NA
2026-06-09 13:00:00,22.58,114.59,3.63,4.28,7.91,12.85,3.67,0.81,13.33,NA,NA,NA,NA,NA,NA,NA,NA,NA,NA,NA,NA,NA,NA,NA
2026-06-09 14:00:00,23.99,111.85,2.88,3.77,6.64,11.43,4.22,0.82,13.0,NA,NA,NA,NA,NA,NA,NA,NA,NA,NA,NA,NA,NA,NA,NA
2026-06-09 15:00:00,26.52,108.84,3.66,3.95,7.6,13.24,2.4,0.88,11.25,NA,NA,NA,NA,NA,NA,NA,NA,NA,NA,NA,NA,NA,NA,NA
2026-06-09 16:00:00,14.25,103.59,3.79,4.51,8.3,13.2,3.55,1.07,14.75,NA,NA,NA,NA,NA,NA,NA,NA,NA,NA,NA,NA,NA,NA,NA
2026-06-09 17:00:00,25.6,112.05,3.34,4.2,7.54,12.68,3.81,1.12,13.0,NA,NA,NA,NA,NA,NA,NA,NA,NA,NA,NA,NA,NA,NA,NA
2026-06-09 18:00:00,22.04,106.64,3.07,4.49,7.57,12.97,3.79,1.15,13.5,NA,NA,NA,NA,NA,NA,NA,NA,NA,NA,NA,NA,NA,NA,NA
2026-06-09 19:00:00,11.53,99.65,3.84,4.79,8.62,14.12,3.68,1.16,12.75,NA,NA,NA,NA,NA,NA,NA,NA,NA,NA,NA,NA,NA,NA,NA
2026-06-09 20:00:00,18.95,91.28,3.73,4.48,8.21,14.0,1.81,1.14,11.0,NA,NA,NA,NA,NA,NA,NA,NA,NA,NA,NA,NA,NA,NA,NA
2026-06-09 21:00:00,14.23,88.35,3.34,4.79,8.13,13.58,1.49,1.05,11.25,NA,NA,NA,NA,NA,NA,NA,NA,NA,NA,NA,NA,NA,NA,NA
2026-06-09 22:00:00,33.57,91.73,2.25,4.4,6.65,11.89,2.4,1.03,10.25,NA,NA,NA,NA,NA,NA,NA,NA,NA,NA,NA,NA,NA,NA,NA
2026-06-09 23:00:00,19.14,86.74,3.01,4.42,7.37,12.67,2.54,1.06,10.5,NA,NA,NA,NA,NA,NA,NA,NA,NA,NA,NA,NA,NA,NA,NA
2026-06-10 00:00:00,27.92,90.75,2.1,4.16,6.26,11.13,2.57,0.85,10.0,NA,NA,NA,NA,NA,NA,NA,NA,NA,NA,NA,NA,NA,NA,NA
2026-06-10 01:00:00,21.42,84.86,1.53,4.05,5.57,10.41,2.66,0.87,10.75,NA,NA,NA,NA,NA,NA,NA,NA,NA,NA,NA,NA,NA,NA,NA
2026-06-10 02:00:00,14.6,99.07,0.98,3.46,4.38,8.99,2.68,0.84,10.25,NA,NA,NA,NA,NA,NA,NA,NA,NA,NA,NA,NA,NA,NA,NA
2026-06-10 03:00:00,15.53,82.97,1.3,3.4,4.69,9.14,2.72,0.79,10.0,NA,NA,NA,NA,NA,NA,NA,NA,NA,NA,NA,NA,NA,NA,NA
2026-06-10 04:00:00,24.42,79.92,0.97,3.45,4.42,8.82,2.76,0.81,10.0,NA,NA,NA,NA,NA,NA,NA,NA,NA,NA,NA,NA,NA,NA,NA
2026-06-10 05:00:00,22.27,85.21,3.25,4.57,7.81,12.78,2.72,0.85,10.25,NA,NA,NA,NA,NA,NA,NA,NA,NA,NA,NA,NA,NA,NA,NA
2026-06-10 06:00:00,13.46,87.1,3.32,4.94,8.25,13.37,2.72,0.8,9.75,NA,NA,NA,NA,NA,NA,NA,NA,NA,NA,NA,NA,NA,NA,NA
2026-06-10 07:00:00,7.86,85.21,4.41,4.94,9.35,14.66,2.86,0.79,9.5,NA,NA,NA,NA,NA,NA,NA,NA,NA,NA,NA,NA,NA,NA,NA
2026-06-10 08:00:00,NA,NA,NA,NA,NA,NA,NA,NA,NA,NA,NA,NA,NA,NA,NA,NA,NA,NA,NA,NA,NA,NA,NA,NA
2026-06-10 09:00:00,NA,NA,NA,NA,NA,NA,NA,NA,NA,NA,NA,NA,NA,NA,NA,NA,NA,NA,NA,NA,NA,NA,NA,NA
2026-06-10 10:00:00,16.6,106.28,3.01,3.73,6.75,11.64,3.38,0.92,11.67,NA,NA,NA,NA,NA,NA,NA,NA,NA,NA,NA,NA,NA,NA,NA
2026-06-10 11:00:00,13.36,88.06,2.89,4.08,6.95,11.84,3.41,0.93,13.5,NA,NA,NA,NA,NA,NA,NA,NA,NA,NA,NA,NA,NA,NA,NA
2026-06-10 12:00:00,8.03,102.99,1.69,4.05,5.73,10.11,3.61,0.9,14.0,NA,NA,NA,NA,NA,NA,NA,NA,NA,NA,NA,NA,NA,NA,NA
2026-06-10 13:00:00,16.62,91.41,2.52,4.22,6.73,11.38,3.66,0.9,14.0,NA,NA,NA,NA,NA,NA,NA,NA,NA,NA,NA,NA,NA,NA,NA
2026-06-10 14:00:00,21.92,91.84,2.65,3.85,6.5,11.05,3.67,0.86,13.5,NA,NA,NA,NA,NA,NA,NA,NA,NA,NA,NA,NA,NA,NA,NA
2026-06-10 15:00:00,14.42,81.57,1.95,3.48,5.42,9.99,3.69,0.84,14.25,NA,NA,NA,NA,NA,NA,NA,NA,NA,NA,NA,NA,NA,NA,NA
2026-06-10 16:00:00,17.41,92.59,2.82,4.17,7.0,11.72,3.49,0.87,13.5,NA,NA,NA,NA,NA,NA,NA,NA,NA,NA,NA,NA,NA,NA,NA
2026-06-10 17:00:00,13.82,85.46,3.41,4.43,7.84,12.74,3.6,0.9,13.75,NA,NA,NA,NA,NA,NA,NA,NA,NA,NA,NA,NA,NA,NA,NA
2026-06-10 18:00:00,22.9,85.39,3.81,4.82,8.63,13.43,3.39,0.9,12.5,NA,NA,NA,NA,NA,NA,NA,NA,NA,NA,NA,NA,NA,NA,NA
2026-06-10 19:00:00,13.1,78.53,4.63,5.36,9.99,15.09,3.39,0.96,12.0,NA,NA,NA,NA,NA,NA,NA,NA,NA,NA,NA,NA,NA,NA,NA
2026-06-10 20:00:00,15.82,81.83,5.06,5.41,10.48,15.97,1.71,0.9,11.5,NA,NA,NA,NA,NA,NA,NA,NA,NA,NA,NA,NA,NA,NA,NA
2026-06-10 21:00:00,19.28,86.83,3.49,5.2,8.69,13.8,1.79,0.8,11.25,NA,NA,NA,NA,NA,NA,NA,NA,NA,NA,NA,NA,NA,NA,NA
2026-06-10 22:00:00,13.16,91.07,4.26,5.31,9.43,14.53,1.86,0.8,10.25,NA,NA,NA,NA,NA,NA,NA,NA,NA,NA,NA,NA,NA,NA,NA
2026-06-10 23:00:00,7.33,67.03,4.52,4.93,9.45,14.68,1.99,0.8,10.0,NA,NA,NA,NA,NA,NA,NA,NA,NA,NA,NA,NA,NA,NA,NA
2026-06-11 00:00:00,4.81,83.25,2.61,4.39,7.0,11.99,2.05,0.73,10.0,NA,NA,NA,NA,NA,NA,NA,NA,NA,NA,NA,NA,NA,NA,NA
2026-06-11 01:00:00,2.69,80.86,2.32,4.27,6.59,11.24,2.05,0.71,10.0,NA,NA,NA,NA,NA,NA,NA,NA,NA,NA,NA,NA,NA,NA,NA
2026-06-11 02:00:00,5.85,71.68,2.28,3.89,6.16,10.79,2.09,0.77,10.0,NA,NA,NA,NA,NA,NA,NA,NA,NA,NA,NA,NA,NA,NA,NA
2026-06-11 03:00:00,3.9,64.26,1.21,3.87,5.08,9.5,2.04,0.7,9.75,NA,NA,NA,NA,NA,NA,NA,NA,NA,NA,NA,NA,NA,NA,NA
2026-06-11 04:00:00,4.07,76.8,1.45,4.0,5.45,10.0,2.0,0.72,10.0,NA,NA,NA,NA,NA,NA,NA,NA,NA,NA,NA,NA,NA,NA,NA
2026-06-11 05:00:00,7.53,76.59,1.72,4.66,6.38,10.88,2.01,0.72,10.0,NA,NA,NA,NA,NA,NA,NA,NA,NA,NA,NA,NA,NA,NA,NA
2026-06-11 06:00:00,23.29,88.08,2.39,4.85,7.24,11.97,2.07,0.74,10.0,NA,NA,NA,NA,NA,NA,NA,NA,NA,NA,NA,NA,NA,NA,NA
2026-06-11 07:00:00,15.15,88.07,3.74,5.39,9.13,14.03,2.66,0.82,9.5,NA,NA,NA,NA,NA,NA,NA,NA,NA,NA,NA,NA,NA,NA,NA
2026-06-11 08:00:00,17.33,91.21,3.27,4.65,7.92,12.91,3.29,0.84,10.5,NA,NA,NA,NA,NA,NA,NA,NA,NA,NA,NA,NA,NA,NA,NA
2026-06-11 09:00:00,16.5,91.77,2.75,4.59,7.33,12.06,3.24,0.81,11.25,NA,NA,NA,NA,NA,NA,NA,NA,NA,NA,NA,NA,NA,NA,NA
2026-06-11 10:00:00,21.19,89.89,3.27,4.57,7.84,12.78,3.12,0.82,11.5,NA,NA,NA,NA,NA,NA,NA,NA,NA,NA,NA,NA,NA,NA,NA
2026-06-11 11:00:00,13.67,94.33,2.99,4.31,7.29,12.32,3.26,0.8,12.0,NA,NA,NA,NA,NA,NA,NA,NA,NA,NA,NA,NA,NA,NA,NA
2026-06-11 12:00:00,14.12,95.21,2.62,4.52,7.03,11.54,3.47,0.77,13.0,NA,NA,NA,NA,NA,NA,NA,NA,NA,NA,NA,NA,NA,NA,NA
2026-06-11 13:00:00,20.27,84.38,2.57,4.38,6.95,11.28,3.64,0.78,13.25,NA,NA,NA,NA,NA,NA,NA,NA,NA,NA,NA,NA,NA,NA,NA
2026-06-11 14:00:00,13.0,91.8,2.58,4.19,6.76,11.34,3.63,0.79,14.25,NA,NA,NA,NA,NA,NA,NA,NA,NA,NA,NA,NA,NA,NA,NA
2026-06-11 15:00:00,6.68,83.73,1.9,3.61,5.51,10.0,3.58,0.78,14.0,NA,NA,NA,NA,NA,NA,NA,NA,NA,NA,NA,NA,NA,NA,NA
2026-06-11 16:00:00,23.88,76.3,1.89,4.2,6.09,10.6,3.59,0.79,14.25,NA,NA,NA,NA,NA,NA,NA,NA,NA,NA,NA,NA,NA,NA,NA
2026-06-11 17:00:00,12.92,76.33,2.67,4.19,6.79,11.29,3.59,0.8,13.75,NA,NA,NA,NA,NA,NA,NA,NA,NA,NA,NA,NA,NA,NA,NA
2026-06-11 18:00:00,23.95,79.82,3.06,4.68,7.73,12.3,3.38,0.84,13.0,NA,NA,NA,NA,NA,NA,NA,NA,NA,NA,NA,NA,NA,NA,NA
2026-06-11 19:00:00,15.19,53.31,2.97,5.01,7.98,12.95,3.3,0.89,11.75,NA,NA,NA,NA,NA,NA,NA,NA,NA,NA,NA,NA,NA,NA,NA
2026-06-11 20:00:00,14.43,61.21,3.59,4.89,8.48,13.65,1.67,0.87,11.5,NA,NA,NA,NA,NA,NA,NA,NA,NA,NA,NA,NA,NA,NA,NA
2026-06-11 21:00:00,21.69,73.25,2.9,5.23,8.13,12.92,1.67,0.86,11.75,NA,NA,NA,NA,NA,NA,NA,NA,NA,NA,NA,NA,NA,NA,NA
2026-06-11 22:00:00,16.4,68.38,2.18,4.65,6.83,11.85,1.11,0.8,11.5,NA,NA,NA,NA,NA,NA,NA,NA,NA,NA,NA,NA,NA,NA,NA
2026-06-11 23:00:00,10.44,59.3,2.4,4.62,6.69,11.71,1.04,0.8,12.25,NA,NA,NA,NA,NA,NA,NA,NA,NA,NA,NA,NA,NA,NA,NA
2026-06-12 00:00:00,6.51,49.0,2.5,4.49,6.99,11.81,1.0,0.82,12.5,NA,NA,NA,NA,NA,NA,NA,NA,NA,NA,NA,NA,NA,NA,NA
2026-06-12 01:00:00,4.11,72.38,2.24,4.22,6.46,11.07,1.2,0.77,12.5,NA,NA,NA,NA,NA,NA,NA,NA,NA,NA,NA,NA,NA,NA,NA
2026-06-12 02:00:00,2.25,64.2,1.61,3.87,5.48,9.77,1.03,0.75,13.5,NA,NA,NA,NA,NA,NA,NA,NA,NA,NA,NA,NA,NA,NA,NA
2026-06-12 03:00:00,3.86,61.96,0.64,3.6,4.12,8.47,1.08,0.7,12.75,NA,NA,NA,NA,NA,NA,NA,NA,NA,NA,NA,NA,NA,NA,NA
2026-06-12 04:00:00,9.74,53.86,0.87,3.47,4.34,8.77,0.89,0.75,13.0,NA,NA,NA,NA,NA,NA,NA,NA,NA,NA,NA,NA,NA,NA,NA
2026-06-12 05:00:00,6.51,65.02,1.23,3.87,5.1,9.45,0.9,0.79,13.75,NA,NA,NA,NA,NA,NA,NA,NA,NA,NA,NA,NA,NA,NA,NA
2026-06-12 06:00:00,16.71,67.75,1.57,4.21,5.78,10.5,1.18,0.93,13.75,NA,NA,NA,NA,NA,NA,NA,NA,NA,NA,NA,NA,NA,NA,NA
2026-06-12 07:00:00,11.7,56.0,1.88,4.84,6.72,11.48,2.48,1.13,14.0,NA,NA,NA,NA,NA,NA,NA,NA,NA,NA,NA,NA,NA,NA,NA
2026-06-12 08:00:00,17.67,70.95,3.17,4.86,8.02,13.0,3.2,1.18,12.25,NA,NA,NA,NA,NA,NA,NA,NA,NA,NA,NA,NA,NA,NA,NA
2026-06-12 09:00:00,18.7,81.66,2.79,4.65,7.43,12.52,3.49,1.17,11.75,NA,NA,NA,NA,NA,NA,NA,NA,NA,NA,NA,NA,NA,NA,NA
2026-06-12 10:00:00,11.31,75.74,3.51,4.33,7.84,12.56,3.5,1.18,12.0,NA,NA,NA,NA,NA,NA,NA,NA,NA,NA,NA,NA,NA,NA,NA
2026-06-12 11:00:00,7.26,66.43,2.9,4.84,7.74,12.38,3.6,1.15,13.67,NA,NA,NA,NA,NA,NA,NA,NA,NA,NA,NA,NA,NA,NA,NA
2026-06-12 12:00:00,5.43,64.48,2.62,4.45,7.06,11.46,3.74,1.14,14.25,NA,NA,NA,NA,NA,NA,NA,NA,NA,NA,NA,NA,NA,NA,NA
2026-06-12 13:00:00,9.97,81.43,2.75,4.21,6.95,11.56,3.9,1.14,14.75,NA,NA,NA,NA,NA,NA,NA,NA,NA,NA,NA,NA,NA,NA,NA
2026-06-12 14:00:00,8.09,76.53,2.27,4.01,6.29,10.83,3.93,1.13,14.25,NA,NA,NA,NA,NA,NA,NA,NA,NA,NA,NA,NA,NA,NA,NA
2026-06-12 15:00:00,4.29,69.95,2.68,3.79,6.47,10.99,3.74,1.12,15.0,NA,NA,NA,NA,NA,NA,NA,NA,NA,NA,NA,NA,NA,NA,NA
2026-06-12 16:00:00,8.83,69.39,4.35,4.3,8.65,13.61,3.62,1.15,14.25,NA,NA,NA,NA,NA,NA,NA,NA,NA,NA,NA,NA,NA,NA,NA
2026-06-12 17:00:00,11.59,76.52,3.69,4.77,8.46,13.34,3.71,1.15,14.25,NA,NA,NA,NA,NA,NA,NA,NA,NA,NA,NA,NA,NA,NA,NA
2026-06-12 18:00:00,22.05,88.41,4.33,5.12,9.46,14.11,3.59,1.17,13.5,NA,NA,NA,NA,NA,NA,NA,NA,NA,NA,NA,NA,NA,NA,NA
2026-06-12 19:00:00,14.76,76.07,5.71,5.45,11.16,16.78,3.41,1.25,12.5,NA,NA,NA,NA,NA,NA,NA,NA,NA,NA,NA,NA,NA,NA,NA
2026-06-12 20:00:00,10.41,77.2,5.7,5.63,11.33,17.37,1.92,0.99,11.75,NA,NA,NA,NA,NA,NA,NA,NA,NA,NA,NA,NA,NA,NA,NA
2026-06-12 21:00:00,17.42,73.47,4.15,5.29,9.21,14.6,1.7,0.85,11.25,NA,NA,NA,NA,NA,NA,NA,NA,NA,NA,NA,NA,NA,NA,NA
2026-06-12 22:00:00,13.86,76.86,3.03,4.69,7.72,12.65,1.9,0.83,11.5,NA,NA,NA,NA,NA,NA,NA,NA,NA,NA,NA,NA,NA,NA,NA
2026-06-12 23:00:00,9.17,54.66,3.37,5.13,8.49,13.44,1.89,0.75,11.0,NA,NA,NA,NA,NA,NA,NA,NA,NA,NA,NA,NA,NA,NA,NA
2026-06-13 00:00:00,9.64,63.3,2.56,4.76,7.33,11.94,1.97,0.66,10.25,NA,NA,NA,NA,NA,NA,NA,NA,NA,NA,NA,NA,NA,NA,NA
2026-06-13 01:00:00,5.57,72.04,2.23,4.23,6.44,11.07,1.93,0.64,10.75,NA,NA,NA,NA,NA,NA,NA,NA,NA,NA,NA,NA,NA,NA,NA
2026-06-13 02:00:00,8.01,72.85,1.57,4.03,5.59,10.28,1.98,0.59,10.75,NA,NA,NA,NA,NA,NA,NA,NA,NA,NA,NA,NA,NA,NA,NA
2026-06-13 03:00:00,19.19,64.93,1.57,3.72,5.28,10.07,2.07,0.6,11.0,NA,NA,NA,NA,NA,NA,NA,NA,NA,NA,NA,NA,NA,NA,NA
2026-06-13 04:00:00,13.67,60.07,1.17,3.54,4.71,9.21,2.01,0.59,10.75,NA,NA,NA,NA,NA,NA,NA,NA,NA,NA,NA,NA,NA,NA,NA
2026-06-13 05:00:00,12.75,64.05,1.65,3.73,5.38,9.81,2.03,0.61,10.0,NA,NA,NA,NA,NA,NA,NA,NA,NA,NA,NA,NA,NA,NA,NA
2026-06-13 06:00:00,10.47,67.53,2.66,4.32,6.97,11.49,1.94,0.64,9.75,NA,NA,NA,NA,NA,NA,NA,NA,NA,NA,NA,NA,NA,NA,NA
2026-06-13 07:00:00,15.67,88.9,5.09,5.09,10.18,15.38,2.01,0.67,10.0,NA,NA,NA,NA,NA,NA,NA,NA,NA,NA,NA,NA,NA,NA,NA
2026-06-13 08:00:00,10.09,92.67,3.17,4.87,8.04,12.74,2.85,0.77,10.5,NA,NA,NA,NA,NA,NA,NA,NA,NA,NA,NA,NA,NA,NA,NA
2026-06-13 09:00:00,27.18,70.4,2.34,5.1,7.44,12.08,3.47,0.81,11.75,NA,NA,NA,NA,NA,NA,NA,NA,NA,NA,NA,NA,NA,NA,NA
2026-06-13 10:00:00,14.25,79.08,2.63,3.83,6.45,11.21,3.61,0.81,11.75,NA,NA,NA,NA,NA,NA,NA,NA,NA,NA,NA,NA,NA,NA,NA
2026-06-13 11:00:00,9.82,84.01,4.14,3.96,8.02,12.29,3.53,0.87,11.25,NA,NA,NA,NA,NA,NA,NA,NA,NA,NA,NA,NA,NA,NA,NA
2026-06-13 12:00:00,10.93,86.59,2.08,3.79,5.86,9.87,4.65,0.84,13.75,NA,NA,NA,NA,NA,NA,NA,NA,NA,NA,NA,NA,NA,NA,NA
2026-06-13 13:00:00,12.21,74.27,2.54,4.05,6.59,10.89,4.5,0.85,13.5,NA,NA,NA,NA,NA,NA,NA,NA,NA,NA,NA,NA,NA,NA,NA
2026-06-13 14:00:00,21.43,80.95,2.71,4.35,7.06,11.22,4.34,0.85,14.25,NA,NA,NA,NA,NA,NA,NA,NA,NA,NA,NA,NA,NA,NA,NA
2026-06-13 15:00:00,14.14,75.5,2.92,4.25,7.17,11.52,4.37,0.87,14.25,NA,NA,NA,NA,NA,NA,NA,NA,NA,NA,NA,NA,NA,NA,NA
2026-06-13 16:00:00,9.5,78.75,3.97,3.71,7.68,12.18,4.42,0.86,14.0,NA,NA,NA,NA,NA,NA,NA,NA,NA,NA,NA,NA,NA,NA,NA
2026-06-13 17:00:00,9.2,72.62,4.72,3.91,8.63,13.44,4.24,0.98,13.75,NA,NA,NA,NA,NA,NA,NA,NA,NA,NA,NA,NA,NA,NA,NA
2026-06-13 18:00:00,13.39,78.09,4.82,4.3,9.12,13.78,4.21,0.98,13.25,NA,NA,NA,NA,NA,NA,NA,NA,NA,NA,NA,NA,NA,NA,NA
2026-06-13 19:00:00,7.63,66.15,3.82,4.32,8.14,13.02,3.99,0.96,12.5,NA,NA,NA,NA,NA,NA,NA,NA,NA,NA,NA,NA,NA,NA,NA
2026-06-13 20:00:00,16.44,63.9,5.76,4.69,10.45,16.26,2.44,0.97,11.25,NA,NA,NA,NA,NA,NA,NA,NA,NA,NA,NA,NA,NA,NA,NA
2026-06-13 21:00:00,27.47,71.15,6.19,5.51,11.7,17.53,2.3,1.0,11.0,NA,NA,NA,NA,NA,NA,NA,NA,NA,NA,NA,NA,NA,NA,NA
2026-06-13 22:00:00,20.52,72.48,5.6,5.41,11.01,16.49,2.3,0.93,10.25,NA,NA,NA,NA,NA,NA,NA,NA,NA,NA,NA,NA,NA,NA,NA
2026-06-13 23:00:00,14.11,57.42,4.45,4.96,9.41,14.81,2.62,0.89,10.0,NA,NA,NA,NA,NA,NA,NA,NA,NA,NA,NA,NA,NA,NA,NA
2026-06-14 00:00:00,18.39,60.42,4.58,4.96,9.54,14.8,2.62,0.87,10.75,NA,NA,NA,NA,NA,NA,NA,NA,NA,NA,NA,NA,NA,NA,NA
2026-06-14 01:00:00,12.35,67.81,2.91,5.02,7.93,12.92,2.41,0.83,10.75,NA,NA,NA,NA,NA,NA,NA,NA,NA,NA,NA,NA,NA,NA,NA
2026-06-14 02:00:00,11.35,64.01,2.51,4.49,7.0,11.86,2.67,0.79,11.0,NA,NA,NA,NA,NA,NA,NA,NA,NA,NA,NA,NA,NA,NA,NA
2026-06-14 03:00:00,7.01,53.57,2.23,4.39,6.61,11.08,2.79,0.78,10.5,NA,NA,NA,NA,NA,NA,NA,NA,NA,NA,NA,NA,NA,NA,NA
2026-06-14 04:00:00,21.21,64.31,2.29,4.54,6.83,11.36,2.83,0.7,10.25,NA,NA,NA,NA,NA,NA,NA,NA,NA,NA,NA,NA,NA,NA,NA
2026-06-14 05:00:00,14.95,53.16,2.08,4.4,6.47,10.82,2.87,0.65,10.0,NA,NA,NA,NA,NA,NA,NA,NA,NA,NA,NA,NA,NA,NA,NA
2026-06-14 06:00:00,15.24,62.64,3.82,5.07,8.89,13.83,2.76,0.68,10.0,NA,NA,NA,NA,NA,NA,NA,NA,NA,NA,NA,NA,NA,NA,NA
2026-06-14 07:00:00,15.74,52.84,3.88,5.09,8.96,13.97,2.73,0.68,9.75,NA,NA,NA,NA,NA,NA,NA,NA,NA,NA,NA,NA,NA,NA,NA
2026-06-14 08:00:00,21.34,65.56,3.95,4.62,8.57,13.01,3.03,0.74,10.0,NA,NA,NA,NA,NA,NA,NA,NA,NA,NA,NA,NA,NA,NA,NA
2026-06-14 09:00:00,14.18,65.52,2.19,3.67,5.86,10.26,2.91,0.72,10.75,NA,NA,NA,NA,NA,NA,NA,NA,NA,NA,NA,NA,NA,NA,NA
2026-06-14 10:00:00,9.24,56.27,2.24,3.64,5.88,10.32,3.07,0.77,12.25,NA,NA,NA,NA,NA,NA,NA,NA,NA,NA,NA,NA,NA,NA,NA
2026-06-14 11:00:00,14.22,52.86,2.35,3.61,5.94,10.4,3.37,0.81,12.75,NA,NA,NA,NA,NA,NA,NA,NA,NA,NA,NA,NA,NA,NA,NA
2026-06-14 12:00:00,8.87,56.81,2.27,3.6,5.87,10.09,3.58,0.84,13.25,NA,NA,NA,NA,NA,NA,NA,NA,NA,NA,NA,NA,NA,NA,NA
2026-06-14 13:00:00,5.19,60.17,2.76,4.03,6.79,11.33,3.34,0.89,13.75,NA,NA,NA,NA,NA,NA,NA,NA,NA,NA,NA,NA,NA,NA,NA
2026-06-14 14:00:00,20.76,59.44,1.81,3.39,5.2,9.25,3.43,0.8,14.0,NA,NA,NA,NA,NA,NA,NA,NA,NA,NA,NA,NA,NA,NA,NA
2026-06-14 15:00:00,13.75,55.33,3.15,4.03,7.18,12.08,3.43,0.79,14.5,NA,NA,NA,NA,NA,NA,NA,NA,NA,NA,NA,NA,NA,NA,NA
2026-06-14 16:00:00,16.46,62.2,2.91,4.27,7.18,12.16,3.25,0.77,13.25,NA,NA,NA,NA,NA,NA,NA,NA,NA,NA,NA,NA,NA,NA,NA
2026-06-14 17:00:00,12.04,66.76,2.96,4.59,7.55,12.38,3.23,0.77,14.25,NA,NA,NA,NA,NA,NA,NA,NA,NA,NA,NA,NA,NA,NA,NA
2026-06-14 18:00:00,25.52,64.36,3.46,5.14,8.6,13.34,3.25,0.85,13.5,NA,NA,NA,NA,NA,NA,NA,NA,NA,NA,NA,NA,NA,NA,NA
2026-06-14 19:00:00,25.28,70.33,4.06,5.17,9.24,14.33,3.19,0.94,13.0,NA,NA,NA,NA,NA,NA,NA,NA,NA,NA,NA,NA,NA,NA,NA
2026-06-14 20:00:00,41.7,81.61,6.22,5.84,12.06,17.98,2.39,1.03,12.5,NA,NA,NA,NA,NA,NA,NA,NA,NA,NA,NA,NA,NA,NA,NA
2026-06-14 21:00:00,53.73,93.18,7.78,6.22,13.99,20.08,1.57,1.27,13.25,NA,NA,NA,NA,NA,NA,NA,NA,NA,NA,NA,NA,NA,NA,NA
2026-06-14 22:00:00,78.55,108.01,4.46,5.81,10.07,15.62,1.68,1.25,11.25,NA,NA,NA,NA,NA,NA,NA,NA,NA,NA,NA,NA,NA,NA,NA
2026-06-14 23:00:00,64.59,100.61,4.0,4.83,8.83,14.49,1.97,1.17,9.75,NA,NA,NA,NA,NA,NA,NA,NA,NA,NA,NA,NA,NA,NA,NA
2026-06-15 00:00:00,55.64,82.54,3.42,4.43,7.85,12.82,1.96,1.11,10.25,NA,NA,NA,NA,NA,NA,NA,NA,NA,NA,NA,NA,NA,NA,NA
2026-06-15 01:00:00,35.13,79.43,2.58,4.74,7.32,11.84,1.91,1.02,10.25,NA,NA,NA,NA,NA,NA,NA,NA,NA,NA,NA,NA,NA,NA,NA
2026-06-15 02:00:00,30.45,67.22,1.5,3.63,5.12,9.47,1.96,0.92,10.0,NA,NA,NA,NA,NA,NA,NA,NA,NA,NA,NA,NA,NA,NA,NA
2026-06-15 03:00:00,18.7,55.77,1.43,3.8,5.23,9.5,2.01,0.93,10.0,NA,NA,NA,NA,NA,NA,NA,NA,NA,NA,NA,NA,NA,NA,NA
2026-06-15 04:00:00,13.99,47.32,1.57,4.15,5.73,10.04,2.04,0.95,10.25,NA,NA,NA,NA,NA,NA,NA,NA,NA,NA,NA,NA,NA,NA,NA
2026-06-15 05:00:00,18.71,64.69,2.53,4.01,6.54,10.97,2.08,0.93,9.5,NA,NA,NA,NA,NA,NA,NA,NA,NA,NA,NA,NA,NA,NA,NA
2026-06-15 06:00:00,17.89,67.94,5.21,4.95,10.16,15.4,2.09,1.03,9.5,NA,NA,NA,NA,NA,NA,NA,NA,NA,NA,NA,NA,NA,NA,NA
2026-06-15 07:00:00,32.22,56.02,7.91,5.32,13.23,18.47,2.59,1.15,9.5,NA,NA,NA,NA,NA,NA,NA,NA,NA,NA,NA,NA,NA,NA,NA
2026-06-15 08:00:00,19.56,70.43,3.32,4.5,7.82,12.67,2.99,1.12,11.75,NA,NA,NA,NA,NA,NA,NA,NA,NA,NA,NA,NA,NA,NA,NA
2026-06-15 09:00:00,32.79,82.85,3.33,3.9,7.23,11.96,2.99,0.99,11.25,NA,NA,NA,NA,NA,NA,NA,NA,NA,NA,NA,NA,NA,NA,NA
2026-06-15 10:00:00,28.85,52.97,3.53,4.52,8.04,12.76,3.31,1.07,12.75,NA,NA,NA,NA,NA,NA,NA,NA,NA,NA,NA,NA,NA,NA,NA
2026-06-15 11:00:00,22.77,41.73,3.58,4.15,7.73,12.34,3.42,1.1,13.5,NA,NA,NA,NA,NA,NA,NA,NA,NA,NA,NA,NA,NA,NA,NA
2026-06-15 12:00:00,32.15,48.36,3.41,4.15,7.56,12.21,3.45,1.1,14.5,NA,NA,NA,NA,NA,NA,NA,NA,NA,NA,NA,NA,NA,NA,NA
2026-06-15 13:00:00,19.96,68.07,2.56,4.26,6.83,11.41,3.56,1.11,14.75,NA,NA,NA,NA,NA,NA,NA,NA,NA,NA,NA,NA,NA,NA,NA
2026-06-15 14:00:00,17.71,64.45,4.9,4.36,9.26,13.9,3.7,1.14,13.75,NA,NA,NA,NA,NA,NA,NA,NA,NA,NA,NA,NA,NA,NA,NA
2026-06-15 15:00:00,14.93,73.74,3.12,4.52,7.54,11.67,3.82,1.09,14.5,NA,NA,NA,NA,NA,NA,NA,NA,NA,NA,NA,NA,NA,NA,NA
2026-06-15 16:00:00,21.0,71.8,3.63,4.2,7.82,12.24,3.65,1.1,13.5,NA,NA,NA,NA,NA,NA,NA,NA,NA,NA,NA,NA,NA,NA,NA
2026-06-15 17:00:00,21.88,71.98,3.33,3.83,7.16,12.03,3.52,1.14,13.75,NA,NA,NA,NA,NA,NA,NA,NA,NA,NA,NA,NA,NA,NA,NA
2026-06-15 18:00:00,23.27,70.56,5.36,4.8,10.16,15.12,3.48,1.28,14.0,NA,NA,NA,NA,NA,NA,NA,NA,NA,NA,NA,NA,NA,NA,NA
2026-06-15 19:00:00,37.82,80.24,4.2,5.31,9.5,14.72,3.51,1.3,13.75,NA,NA,NA,NA,NA,NA,NA,NA,NA,NA,NA,NA,NA,NA,NA
2026-06-15 20:00:00,50.09,90.94,6.65,5.1,11.71,17.06,3.69,1.31,11.75,NA,NA,NA,NA,NA,NA,NA,NA,NA,NA,NA,NA,NA,NA,NA
2026-06-15 21:00:00,52.09,72.38,7.52,4.91,12.43,17.77,3.35,1.17,12.0,NA,NA,NA,NA,NA,NA,NA,NA,NA,NA,NA,NA,NA,NA,NA
2026-06-15 22:00:00,27.62,76.17,5.38,4.76,10.14,14.94,3.82,1.22,11.75,NA,NA,NA,NA,NA,NA,NA,NA,NA,NA,NA,NA,NA,NA,NA
2026-06-15 23:00:00,15.46,60.18,6.01,4.28,10.29,14.82,3.85,1.16,11.25,NA,NA,NA,NA,NA,NA,NA,NA,NA,NA,NA,NA,NA,NA,NA
2026-06-16 00:00:00,13.68,65.98,4.75,4.16,8.91,13.0,3.94,1.09,11.5,NA,NA,NA,NA,NA,NA,NA,NA,NA,NA,NA,NA,NA,NA,NA
2026-06-16 01:00:00,8.94,74.7,2.05,3.59,5.64,9.06,3.95,1.0,12.0,NA,NA,NA,NA,NA,NA,NA,NA,NA,NA,NA,NA,NA,NA,NA
2026-06-16 02:00:00,22.48,77.12,2.27,3.35,5.62,8.93,3.83,0.99,11.5,NA,NA,NA,NA,NA,NA,NA,NA,NA,NA,NA,NA,NA,NA,NA
2026-06-16 03:00:00,15.14,64.79,1.5,3.13,4.63,7.88,3.82,1.01,12.0,NA,NA,NA,NA,NA,NA,NA,NA,NA,NA,NA,NA,NA,NA,NA
2026-06-16 04:00:00,9.37,55.54,1.79,3.08,4.87,8.23,3.7,0.99,11.33,NA,NA,NA,NA,NA,NA,NA,NA,NA,NA,NA,NA,NA,NA,NA
2026-06-16 05:00:00,16.26,70.21,2.63,3.05,5.67,9.07,4.06,0.99,11.25,NA,NA,NA,NA,NA,NA,NA,NA,NA,NA,NA,NA,NA,NA,NA
2026-06-16 06:00:00,9.21,78.02,4.56,3.49,8.05,12.03,4.11,1.02,11.0,NA,NA,NA,NA,NA,NA,NA,NA,NA,NA,NA,NA,NA,NA,NA
2026-06-16 07:00:00,12.32,74.14,7.03,3.55,10.58,14.79,4.4,1.09,11.0,NA,NA,NA,NA,NA,NA,NA,NA,NA,NA,NA,NA,NA,NA,NA
2026-06-16 08:00:00,26.5,90.55,4.24,3.01,7.25,11.25,2.94,0.88,12.0,NA,NA,NA,NA,NA,NA,NA,NA,NA,NA,NA,NA,NA,NA,NA
2026-06-16 09:00:00,21.11,66.72,4.25,2.9,7.15,11.26,2.17,0.79,12.75,NA,NA,NA,NA,NA,NA,NA,NA,NA,NA,NA,NA,NA,NA,NA
2026-06-16 10:00:00,23.2,68.99,4.41,4.81,9.21,14.2,2.2,0.86,13.5,NA,NA,NA,NA,NA,NA,NA,NA,NA,NA,NA,NA,NA,NA,NA
2026-06-16 11:00:00,12.92,60.86,4.56,9.3,13.86,19.95,2.43,0.84,14.0,NA,NA,NA,NA,NA,NA,NA,NA,NA,NA,NA,NA,NA,NA,NA
2026-06-16 12:00:00,27.33,54.58,3.25,4.01,7.26,11.15,2.66,0.79,14.75,NA,NA,NA,NA,NA,NA,NA,NA,NA,NA,NA,NA,NA,NA,NA
2026-06-16 13:00:00,15.18,52.68,3.39,3.59,6.98,11.07,2.64,0.78,15.25,NA,NA,NA,NA,NA,NA,NA,NA,NA,NA,NA,NA,NA,NA,NA
2026-06-16 14:00:00,10.96,63.99,3.8,4.14,7.95,12.34,2.92,0.83,15.5,NA,NA,NA,NA,NA,NA,NA,NA,NA,NA,NA,NA,NA,NA,NA
2026-06-16 15:00:00,6.17,68.16,2.99,3.42,6.4,10.6,2.83,0.78,15.0,NA,NA,NA,NA,NA,NA,NA,NA,NA,NA,NA,NA,NA,NA,NA
2026-06-16 16:00:00,9.98,64.56,3.89,4.26,8.15,12.44,2.68,0.81,13.5,NA,NA,NA,NA,NA,NA,NA,NA,NA,NA,NA,NA,NA,NA,NA
2026-06-16 17:00:00,7.13,65.43,3.89,3.79,7.67,11.98,2.61,0.8,13.0,NA,NA,NA,NA,NA,NA,NA,NA,NA,NA,NA,NA,NA,NA,NA
2026-06-16 18:00:00,11.19,62.89,3.76,4.18,7.94,12.24,2.62,0.81,12.0,NA,NA,NA,NA,NA,NA,NA,NA,NA,NA,NA,NA,NA,NA,NA
2026-06-16 19:00:00,15.75,57.41,6.04,4.8,10.85,15.49,2.44,0.91,10.5,NA,NA,NA,NA,NA,NA,NA,NA,NA,NA,NA,NA,NA,NA,NA
2026-06-16 20:00:00,9.25,62.63,5.97,4.16,10.06,15.17,2.42,0.94,14.0,NA,NA,NA,NA,NA,NA,NA,NA,NA,NA,NA,NA,NA,NA,NA
2026-06-16 21:00:00,15.93,65.61,6.58,4.4,10.97,16.09,3.25,0.95,11.75,NA,NA,NA,NA,NA,NA,NA,NA,NA,NA,NA,NA,NA,NA,NA
2026-06-16 22:00:00,18.38,73.26,6.31,4.68,10.99,15.72,3.36,1.0,11.0,NA,NA,NA,NA,NA,NA,NA,NA,NA,NA,NA,NA,NA,NA,NA
2026-06-16 23:00:00,11.07,60.06,5.9,4.27,10.16,14.36,3.09,1.07,11.25,NA,NA,NA,NA,NA,NA,NA,NA,NA,NA,NA,NA,NA,NA,NA
2026-06-17 00:00:00,7.02,66.35,3.88,2.71,6.59,10.13,2.98,1.02,11.5,NA,NA,NA,NA,NA,NA,NA,NA,NA,NA,NA,NA,NA,NA,NA
2026-06-17 01:00:00,15.33,63.99,2.52,2.35,4.87,7.74,3.05,1.0,11.75,NA,NA,NA,NA,NA,NA,NA,NA,NA,NA,NA,NA,NA,NA,NA
2026-06-17 02:00:00,32.53,63.22,2.21,2.17,4.38,7.1,3.16,0.96,11.75,NA,NA,NA,NA,NA,NA,NA,NA,NA,NA,NA,NA,NA,NA,NA
2026-06-17 03:00:00,29.16,42.02,1.39,1.79,3.18,5.75,3.03,0.96,12.0,NA,NA,NA,NA,NA,NA,NA,NA,NA,NA,NA,NA,NA,NA,NA
2026-06-17 04:00:00,26.57,54.72,1.83,2.01,3.84,6.39,3.08,1.01,11.75,NA,NA,NA,NA,NA,NA,NA,NA,NA,NA,NA,NA,NA,NA,NA
2026-06-17 05:00:00,18.04,69.21,2.74,2.49,5.23,8.14,3.24,1.0,11.25,NA,NA,NA,NA,NA,NA,NA,NA,NA,NA,NA,NA,NA,NA,NA
2026-06-17 06:00:00,41.15,67.92,7.5,2.75,10.24,14.12,3.13,1.05,11.0,NA,NA,NA,NA,NA,NA,NA,NA,NA,NA,NA,NA,NA,NA,NA
2026-06-17 07:00:00,23.14,61.64,6.1,2.35,8.45,12.45,2.61,1.0,12.25,NA,NA,NA,NA,NA,NA,NA,NA,NA,NA,NA,NA,NA,NA,NA
2026-06-17 08:00:00,14.77,64.69,3.14,1.43,4.56,7.87,3.01,0.88,13.0,NA,NA,NA,NA,NA,NA,NA,NA,NA,NA,NA,NA,NA,NA,NA
2026-06-17 09:00:00,10.98,66.02,4.81,4.42,9.23,14.02,3.02,0.92,13.75,NA,NA,NA,NA,NA,NA,NA,NA,NA,NA,NA,NA,NA,NA,NA
2026-06-17 10:00:00,21.11,70.39,3.54,4.41,7.95,12.42,3.21,0.88,14.5,NA,NA,NA,NA,NA,NA,NA,NA,NA,NA,NA,NA,NA,NA,NA
2026-06-17 11:00:00,14.12,40.71,4.66,3.18,7.83,11.78,3.27,0.91,14.25,NA,NA,NA,NA,NA,NA,NA,NA,NA,NA,NA,NA,NA,NA,NA
2026-06-17 12:00:00,25.9,56.6,4.32,3.15,7.48,11.16,3.64,0.92,13.0,NA,NA,NA,NA,NA,NA,NA,NA,NA,NA,NA,NA,NA,NA,NA
2026-06-17 13:00:00,13.62,59.82,2.67,2.9,5.57,8.77,3.83,0.9,13.5,NA,NA,NA,NA,NA,NA,NA,NA,NA,NA,NA,NA,NA,NA,NA
2026-06-17 14:00:00,12.37,62.42,3.5,2.96,6.46,10.07,3.8,0.9,13.75,NA,NA,NA,NA,NA,NA,NA,NA,NA,NA,NA,NA,NA,NA,NA
2026-06-17 15:00:00,9.47,49.11,3.19,2.44,5.62,9.12,3.66,0.87,13.0,NA,NA,NA,NA,NA,NA,NA,NA,NA,NA,NA,NA,NA,NA,NA
2026-06-17 16:00:00,15.23,83.24,4.45,2.44,6.89,10.33,3.44,0.9,11.5,NA,NA,NA,NA,NA,NA,NA,NA,NA,NA,NA,NA,NA,NA,NA
2026-06-17 17:00:00,22.27,76.82,4.03,3.05,7.08,10.68,3.54,0.93,12.5,NA,NA,NA,NA,NA,NA,NA,NA,NA,NA,NA,NA,NA,NA,NA
2026-06-17 18:00:00,14.46,62.63,4.97,2.66,7.61,10.98,3.6,0.94,12.0,NA,NA,NA,NA,NA,NA,NA,NA,NA,NA,NA,NA,NA,NA,NA
2026-06-17 19:00:00,9.83,54.49,5.22,3.47,8.64,12.51,3.62,1.03,11.5,NA,NA,NA,NA,NA,NA,NA,NA,NA,NA,NA,NA,NA,NA,NA
2026-06-17 20:00:00,15.98,64.75,4.4,3.94,8.35,12.08,3.39,0.99,11.5,NA,NA,NA,NA,NA,NA,NA,NA,NA,NA,NA,NA,NA,NA,NA
2026-06-17 21:00:00,10.53,55.53,5.03,4.3,9.33,13.52,2.34,1.09,12.75,NA,NA,NA,NA,NA,NA,NA,NA,NA,NA,NA,NA,NA,NA,NA
2026-06-17 22:00:00,9.96,58.79,5.73,3.28,9.01,12.86,3.69,0.97,12.75,NA,NA,NA,NA,NA,NA,NA,NA,NA,NA,NA,NA,NA,NA,NA
2026-06-17 23:00:00,7.57,53.92,5.39,4.03,9.42,13.18,3.39,0.86,11.5,NA,NA,NA,NA,NA,NA,NA,NA,NA,NA,NA,NA,NA,NA,NA
2026-06-18 00:00:00,6.09,53.82,4.13,4.46,8.59,12.35,2.68,0.85,12.25,NA,NA,NA,NA,NA,NA,NA,NA,NA,NA,NA,NA,NA,NA,NA
2026-06-18 01:00:00,18.63,56.89,2.7,2.91,5.61,8.41,3.96,0.89,12.75,NA,NA,NA,NA,NA,NA,NA,NA,NA,NA,NA,NA,NA,NA,NA
2026-06-18 02:00:00,14.41,59.37,1.65,2.91,4.46,7.29,3.36,0.79,12.0,NA,NA,NA,NA,NA,NA,NA,NA,NA,NA,NA,NA,NA,NA,NA
2026-06-18 03:00:00,10.86,54.93,1.68,2.11,3.79,6.48,4.29,0.77,12.0,NA,NA,NA,NA,NA,NA,NA,NA,NA,NA,NA,NA,NA,NA,NA
2026-06-18 04:00:00,8.36,46.53,1.9,2.42,4.32,7.02,4.22,0.88,10.75,NA,NA,NA,NA,NA,NA,NA,NA,NA,NA,NA,NA,NA,NA,NA
2026-06-18 05:00:00,6.58,54.14,3.1,3.1,6.2,9.17,4.13,0.96,11.0,NA,NA,NA,NA,NA,NA,NA,NA,NA,NA,NA,NA,NA,NA,NA
2026-06-18 06:00:00,6.8,54.78,4.78,3.64,8.41,11.88,4.02,1.04,11.0,NA,NA,NA,NA,NA,NA,NA,NA,NA,NA,NA,NA,NA,NA,NA
2026-06-18 07:00:00,8.94,65.41,8.38,4.89,13.26,18.09,3.65,1.05,11.75,NA,NA,NA,NA,NA,NA,NA,NA,NA,NA,NA,NA,NA,NA,NA
2026-06-18 08:00:00,5.32,68.03,3.98,4.85,8.82,12.75,2.94,0.96,13.25,NA,NA,NA,NA,NA,NA,NA,NA,NA,NA,NA,NA,NA,NA,NA
2026-06-18 09:00:00,18.52,86.34,3.03,2.99,6.03,9.26,2.28,0.93,11.25,NA,NA,NA,NA,NA,NA,NA,NA,NA,NA,NA,NA,NA,NA,NA
2026-06-18 10:00:00,41.5,68.26,3.65,3.04,6.68,10.41,2.46,0.94,11.0,NA,NA,NA,NA,NA,NA,NA,NA,NA,NA,NA,NA,NA,NA,NA
2026-06-18 11:00:00,35.17,47.92,3.61,3.06,6.66,10.04,2.89,0.94,11.75,NA,NA,NA,NA,NA,NA,NA,NA,NA,NA,NA,NA,NA,NA,NA
2026-06-18 12:00:00,41.74,54.09,3.72,2.99,6.71,10.38,2.97,0.99,12.5,NA,NA,NA,NA,NA,NA,NA,NA,NA,NA,NA,NA,NA,NA,NA
2026-06-18 13:00:00,22.12,67.5,3.03,2.91,5.95,9.55,3.08,0.95,11.0,NA,NA,NA,NA,NA,NA,NA,NA,NA,NA,NA,NA,NA,NA,NA
2026-06-18 14:00:00,23.76,64.94,2.45,3.06,5.5,8.68,3.24,1.02,11.75,NA,NA,NA,NA,NA,NA,NA,NA,NA,NA,NA,NA,NA,NA,NA
2026-06-18 15:00:00,14.64,56.62,2.03,2.44,4.47,7.46,3.05,0.92,11.5,NA,NA,NA,NA,NA,NA,NA,NA,NA,NA,NA,NA,NA,NA,NA
2026-06-18 16:00:00,23.9,61.95,2.4,2.73,5.13,8.23,3.09,0.94,11.5,NA,NA,NA,NA,NA,NA,NA,NA,NA,NA,NA,NA,NA,NA,NA
2026-06-18 17:00:00,25.47,68.86,4.44,3.43,7.87,11.73,3.01,1.03,12.25,NA,NA,NA,NA,NA,NA,NA,NA,NA,NA,NA,NA,NA,NA,NA
2026-06-18 18:00:00,32.6,70.39,4.73,3.66,8.38,12.12,2.84,1.0,10.0,NA,NA,NA,NA,NA,NA,NA,NA,NA,NA,NA,NA,NA,NA,NA
2026-06-18 19:00:00,20.25,61.82,5.2,4.19,9.39,13.38,2.79,1.05,10.0,NA,NA,NA,NA,NA,NA,NA,NA,NA,NA,NA,NA,NA,NA,NA
2026-06-18 20:00:00,14.2,61.86,8.12,4.1,12.2,17.42,2.89,1.09,10.25,NA,NA,NA,NA,NA,NA,NA,NA,NA,NA,NA,NA,NA,NA,NA
2026-06-18 21:00:00,20.46,62.05,6.46,4.36,10.82,15.17,2.4,0.99,11.25,NA,NA,NA,NA,NA,NA,NA,NA,NA,NA,NA,NA,NA,NA,NA
2026-06-18 22:00:00,19.82,66.5,5.51,3.61,9.12,13.56,1.64,1.01,10.5,NA,NA,NA,NA,NA,NA,NA,NA,NA,NA,NA,NA,NA,NA,NA
2026-06-18 23:00:00,17.37,55.07,5.88,4.33,10.2,14.87,0.96,0.92,9.25,NA,NA,NA,NA,NA,NA,NA,NA,NA,NA,NA,NA,NA,NA,NA
2026-06-19 00:00:00,18.62,55.26,3.11,3.15,6.27,9.79,1.07,0.78,9.25,NA,NA,NA,NA,NA,NA,NA,NA,NA,NA,NA,NA,NA,NA,NA
2026-06-19 01:00:00,14.17,88.79,2.12,3.12,5.24,8.5,1.19,0.72,8.25,NA,NA,NA,NA,NA,NA,NA,NA,NA,NA,NA,NA,NA,NA,NA
2026-06-19 02:00:00,7.75,68.06,1.14,2.95,4.09,7.0,1.08,0.7,8.0,NA,NA,NA,NA,NA,NA,NA,NA,NA,NA,NA,NA,NA,NA,NA
2026-06-19 03:00:00,4.13,28.4,0.47,2.09,2.56,4.93,0.9,0.66,8.0,NA,NA,NA,NA,NA,NA,NA,NA,NA,NA,NA,NA,NA,NA,NA
2026-06-19 04:00:00,5.29,27.93,0.21,2.17,2.38,4.92,1.12,0.67,8.0,NA,NA,NA,NA,NA,NA,NA,NA,NA,NA,NA,NA,NA,NA,NA
2026-06-19 05:00:00,4.99,18.77,0.66,1.88,2.54,5.03,0.99,0.63,7.5,NA,NA,NA,NA,NA,NA,NA,NA,NA,NA,NA,NA,NA,NA,NA
2026-06-19 06:00:00,7.23,31.13,0.73,2.11,2.83,5.37,0.85,0.64,7.5,NA,NA,NA,NA,NA,NA,NA,NA,NA,NA,NA,NA,NA,NA,NA
2026-06-19 07:00:00,6.37,60.84,1.21,2.64,3.84,6.89,1.69,0.93,8.0,NA,NA,NA,NA,NA,NA,NA,NA,NA,NA,NA,NA,NA,NA,NA
2026-06-19 08:00:00,4.07,42.54,3.2,2.92,6.12,9.55,2.61,0.88,8.0,NA,NA,NA,NA,NA,NA,NA,NA,NA,NA,NA,NA,NA,NA,NA
2026-06-19 09:00:00,9.46,49.67,4.53,3.27,7.8,11.78,2.56,0.93,9.0,NA,NA,NA,NA,NA,NA,NA,NA,NA,NA,NA,NA,NA,NA,NA
2026-06-19 10:00:00,6.92,50.9,5.01,3.37,8.38,12.73,2.67,0.96,8.75,NA,NA,NA,NA,NA,NA,NA,NA,NA,NA,NA,NA,NA,NA,NA
2026-06-19 11:00:00,3.66,34.14,3.89,3.02,6.91,10.87,2.86,0.94,10.25,NA,NA,NA,NA,NA,NA,NA,NA,NA,NA,NA,NA,NA,NA,NA
2026-06-19 12:00:00,10.96,42.0,3.48,3.09,6.57,10.15,3.05,0.92,10.75,NA,NA,NA,NA,NA,NA,NA,NA,NA,NA,NA,NA,NA,NA,NA
2026-06-19 13:00:00,14.34,35.9,2.96,3.03,5.98,9.38,3.14,0.91,11.75,NA,NA,NA,NA,NA,NA,NA,NA,NA,NA,NA,NA,NA,NA,NA
2026-06-19 14:00:00,17.48,40.1,2.61,2.96,5.57,8.77,3.33,0.93,11.5,NA,NA,NA,NA,NA,NA,NA,NA,NA,NA,NA,NA,NA,NA,NA
2026-06-19 15:00:00,12.99,26.41,3.87,3.22,7.09,11.0,3.0,0.95,10.5,NA,NA,NA,NA,NA,NA,NA,NA,NA,NA,NA,NA,NA,NA,NA
2026-06-19 16:00:00,11.43,39.38,3.36,3.09,6.44,9.99,2.76,0.94,11.25,NA,NA,NA,NA,NA,NA,NA,NA,NA,NA,NA,NA,NA,NA,NA
2026-06-19 17:00:00,15.59,43.16,2.46,3.0,5.46,8.79,2.67,0.93,11.25,NA,NA,NA,NA,NA,NA,NA,NA,NA,NA,NA,NA,NA,NA,NA
2026-06-19 18:00:00,8.13,45.96,2.43,3.7,6.14,9.5,2.82,0.94,10.25,NA,NA,NA,NA,NA,NA,NA,NA,NA,NA,NA,NA,NA,NA,NA
2026-06-19 19:00:00,7.78,26.99,4.46,4.02,8.49,12.79,2.74,0.99,8.75,NA,NA,NA,NA,NA,NA,NA,NA,NA,NA,NA,NA,NA,NA,NA
2026-06-19 20:00:00,4.21,42.11,5.88,4.15,10.03,14.35,1.93,0.93,9.5,NA,NA,NA,NA,NA,NA,NA,NA,NA,NA,NA,NA,NA,NA,NA
2026-06-19 21:00:00,8.59,41.5,6.13,3.73,9.86,14.08,2.23,0.9,11.5,NA,NA,NA,NA,NA,NA,NA,NA,NA,NA,NA,NA,NA,NA,NA
2026-06-19 22:00:00,12.14,46.68,5.83,3.6,9.43,13.69,1.38,0.86,10.0,NA,NA,NA,NA,NA,NA,NA,NA,NA,NA,NA,NA,NA,NA,NA
2026-06-19 23:00:00,8.52,35.86,6.1,4.32,10.42,15.06,0.77,0.86,9.0,NA,NA,NA,NA,NA,NA,NA,NA,NA,NA,NA,NA,NA,NA,NA
2026-06-20 00:00:00,6.45,43.41,3.75,3.84,7.58,11.36,1.12,0.77,8.5,NA,NA,NA,NA,NA,NA,NA,NA,NA,NA,NA,NA,NA,NA,NA
2026-06-20 01:00:00,17.41,49.43,3.05,3.97,7.02,10.71,1.27,0.76,7.0,NA,NA,NA,NA,NA,NA,NA,NA,NA,NA,NA,NA,NA,NA,NA
2026-06-20 02:00:00,17.74,54.63,1.44,3.18,4.62,7.74,1.36,0.75,7.0,NA,NA,NA,NA,NA,NA,NA,NA,NA,NA,NA,NA,NA,NA,NA
2026-06-20 03:00:00,9.56,39.38,0.69,2.59,3.28,6.04,1.19,0.73,8.0,NA,NA,NA,NA,NA,NA,NA,NA,NA,NA,NA,NA,NA,NA,NA
2026-06-20 04:00:00,8.9,32.62,1.46,2.74,4.2,7.27,1.2,0.7,6.75,NA,NA,NA,NA,NA,NA,NA,NA,NA,NA,NA,NA,NA,NA,NA
2026-06-20 05:00:00,6.9,39.34,3.5,3.51,7.0,10.86,1.3,0.66,7.0,NA,NA,NA,NA,NA,NA,NA,NA,NA,NA,NA,NA,NA,NA,NA
2026-06-20 06:00:00,6.32,59.77,4.94,4.66,9.6,13.96,1.24,0.68,6.25,NA,NA,NA,NA,NA,NA,NA,NA,NA,NA,NA,NA,NA,NA,NA
2026-06-20 07:00:00,9.48,71.32,6.83,4.31,11.13,15.81,1.49,0.7,7.5,NA,NA,NA,NA,NA,NA,NA,NA,NA,NA,NA,NA,NA,NA,NA
2026-06-20 08:00:00,14.85,67.07,3.25,3.31,6.56,10.1,2.78,0.77,7.5,NA,NA,NA,NA,NA,NA,NA,NA,NA,NA,NA,NA,NA,NA,NA
2026-06-20 09:00:00,13.71,57.12,1.46,2.52,3.9,6.87,3.42,0.78,8.25,NA,NA,NA,NA,NA,NA,NA,NA,NA,NA,NA,NA,NA,NA,NA
2026-06-20 10:00:00,9.47,50.08,3.72,2.8,6.52,9.98,3.59,0.83,9.5,NA,NA,NA,NA,NA,NA,NA,NA,NA,NA,NA,NA,NA,NA,NA
2026-06-20 11:00:00,8.38,39.73,3.34,3.08,6.43,10.11,3.77,0.82,10.5,NA,NA,NA,NA,NA,NA,NA,NA,NA,NA,NA,NA,NA,NA,NA
2026-06-20 12:00:00,7.12,37.08,3.58,3.19,6.77,10.79,3.76,0.77,11.0,NA,NA,NA,NA,NA,NA,NA,NA,NA,NA,NA,NA,NA,NA,NA
2026-06-20 13:00:00,12.3,44.37,3.17,2.92,6.08,9.63,3.97,0.75,11.5,NA,NA,NA,NA,NA,NA,NA,NA,NA,NA,NA,NA,NA,NA,NA
2026-06-20 14:00:00,7.12,49.88,3.73,2.63,6.36,9.65,4.1,0.75,11.5,NA,NA,NA,NA,NA,NA,NA,NA,NA,NA,NA,NA,NA,NA,NA
2026-06-20 15:00:00,4.02,35.84,3.78,2.91,6.69,10.04,4.0,0.75,11.75,NA,NA,NA,NA,NA,NA,NA,NA,NA,NA,NA,NA,NA,NA,NA
2026-06-20 16:00:00,4.0,42.89,4.32,3.01,7.15,10.91,3.84,0.78,11.75,NA,NA,NA,NA,NA,NA,NA,NA,NA,NA,NA,NA,NA,NA,NA
2026-06-20 17:00:00,3.05,48.63,3.12,3.34,6.46,10.25,3.61,0.8,13.5,NA,NA,NA,NA,NA,NA,NA,NA,NA,NA,NA,NA,NA,NA,NA
2026-06-20 18:00:00,11.2,48.48,5.1,3.73,8.83,12.69,3.71,0.86,11.0,NA,NA,NA,NA,NA,NA,NA,NA,NA,NA,NA,NA,NA,NA,NA
2026-06-20 19:00:00,24.65,46.33,6.3,3.8,10.1,14.5,3.6,0.9,9.75,NA,NA,NA,NA,NA,NA,NA,NA,NA,NA,NA,NA,NA,NA,NA
2026-06-20 20:00:00,13.94,38.23,4.77,4.46,9.23,13.14,2.53,0.87,9.75,NA,NA,NA,NA,NA,NA,NA,NA,NA,NA,NA,NA,NA,NA,NA
2026-06-20 21:00:00,8.99,45.34,7.12,4.15,11.27,15.7,2.35,1.14,10.0,NA,NA,NA,NA,NA,NA,NA,NA,NA,NA,NA,NA,NA,NA,NA
2026-06-20 22:00:00,15.65,49.25,6.41,4.23,10.64,14.85,1.47,1.09,9.5,NA,NA,NA,NA,NA,NA,NA,NA,NA,NA,NA,NA,NA,NA,NA
2026-06-20 23:00:00,8.45,42.48,5.82,5.05,10.88,15.21,1.71,1.0,9.0,NA,NA,NA,NA,NA,NA,NA,NA,NA,NA,NA,NA,NA,NA,NA
2026-06-21 00:00:00,4.82,42.27,3.8,4.39,8.18,12.05,1.78,0.95,8.25,NA,NA,NA,NA,NA,NA,NA,NA,NA,NA,NA,NA,NA,NA,NA
2026-06-21 01:00:00,19.09,49.15,2.49,3.92,6.42,9.97,1.97,0.91,9.0,NA,NA,NA,NA,NA,NA,NA,NA,NA,NA,NA,NA,NA,NA,NA
2026-06-21 02:00:00,12.64,47.58,2.3,3.93,6.24,9.62,2.05,0.9,9.25,NA,NA,NA,NA,NA,NA,NA,NA,NA,NA,NA,NA,NA,NA,NA
2026-06-21 03:00:00,8.38,37.65,1.96,2.85,4.81,8.0,1.97,0.88,9.75,NA,NA,NA,NA,NA,NA,NA,NA,NA,NA,NA,NA,NA,NA,NA
2026-06-21 04:00:00,4.91,26.38,6.25,3.62,9.87,13.95,1.94,0.9,9.0,NA,NA,NA,NA,NA,NA,NA,NA,NA,NA,NA,NA,NA,NA,NA
2026-06-21 05:00:00,5.37,37.89,4.36,3.66,8.01,12.08,1.94,0.91,9.25,NA,NA,NA,NA,NA,NA,NA,NA,NA,NA,NA,NA,NA,NA,NA
2026-06-21 06:00:00,10.16,41.11,9.07,3.96,13.0,17.69,2.39,0.96,9.75,NA,NA,NA,NA,NA,NA,NA,NA,NA,NA,NA,NA,NA,NA,NA
2026-06-21 07:00:00,10.85,21.48,11.89,4.72,16.55,21.94,2.4,1.0,7.5,NA,NA,NA,NA,NA,NA,NA,NA,NA,NA,NA,NA,NA,NA,NA
2026-06-21 08:00:00,24.58,62.51,9.57,4.61,14.13,19.24,2.93,1.02,8.0,NA,NA,NA,NA,NA,NA,NA,NA,NA,NA,NA,NA,NA,NA,NA
2026-06-21 09:00:00,14.67,56.69,10.92,2.32,13.23,18.36,2.82,1.05,10.25,NA,NA,NA,NA,NA,NA,NA,NA,NA,NA,NA,NA,NA,NA,NA
2026-06-21 10:00:00,13.15,44.02,6.47,4.5,10.97,16.11,2.84,0.97,12.0,NA,NA,NA,NA,NA,NA,NA,NA,NA,NA,NA,NA,NA,NA,NA
2026-06-21 11:00:00,20.31,68.18,3.78,3.21,6.99,10.72,3.03,0.89,11.0,NA,NA,NA,NA,NA,NA,NA,NA,NA,NA,NA,NA,NA,NA,NA
2026-06-21 12:00:00,11.5,59.11,3.68,3.17,6.84,10.72,3.22,0.93,12.5,NA,NA,NA,NA,NA,NA,NA,NA,NA,NA,NA,NA,NA,NA,NA
2026-06-21 13:00:00,8.3,50.99,2.69,2.78,5.47,8.62,3.5,0.9,12.0,NA,NA,NA,NA,NA,NA,NA,NA,NA,NA,NA,NA,NA,NA,NA
2026-06-21 14:00:00,6.21,47.63,3.02,3.26,6.28,10.07,3.34,0.78,10.75,NA,NA,NA,NA,NA,NA,NA,NA,NA,NA,NA,NA,NA,NA,NA
2026-06-21 15:00:00,15.11,40.42,2.64,2.93,5.56,9.0,3.25,0.7,13.25,NA,NA,NA,NA,NA,NA,NA,NA,NA,NA,NA,NA,NA,NA,NA
2026-06-21 16:00:00,10.89,46.6,2.2,2.92,5.12,8.45,3.12,0.65,12.5,NA,NA,NA,NA,NA,NA,NA,NA,NA,NA,NA,NA,NA,NA,NA
2026-06-21 17:00:00,8.91,38.53,3.3,3.01,6.31,9.79,3.13,0.67,12.75,NA,NA,NA,NA,NA,NA,NA,NA,NA,NA,NA,NA,NA,NA,NA
2026-06-21 18:00:00,7.04,34.42,4.02,3.63,7.65,11.61,3.2,0.74,12.0,NA,NA,NA,NA,NA,NA,NA,NA,NA,NA,NA,NA,NA,NA,NA
2026-06-21 19:00:00,6.7,31.64,2.99,4.04,7.03,10.88,2.48,0.69,11.5,NA,NA,NA,NA,NA,NA,NA,NA,NA,NA,NA,NA,NA,NA,NA
2026-06-21 20:00:00,6.23,40.15,2.48,4.21,6.69,10.31,1.9,0.68,10.0,NA,NA,NA,NA,NA,NA,NA,NA,NA,NA,NA,NA,NA,NA,NA
2026-06-21 21:00:00,11.03,31.14,5.26,5.08,10.34,14.93,1.82,0.77,8.5,NA,NA,NA,NA,NA,NA,NA,NA,NA,NA,NA,NA,NA,NA,NA
2026-06-21 22:00:00,16.67,41.61,4.59,4.03,8.62,12.43,1.97,0.75,7.75,NA,NA,NA,NA,NA,NA,NA,NA,NA,NA,NA,NA,NA,NA,NA
2026-06-21 23:00:00,9.26,27.56,1.32,3.06,4.37,7.65,3.16,0.74,8.0,NA,NA,NA,NA,NA,NA,NA,NA,NA,NA,NA,NA,NA,NA,NA
2026-06-22 00:00:00,7.45,27.82,1.73,2.58,4.31,7.68,3.07,0.66,10.0,NA,NA,NA,NA,NA,NA,NA,NA,NA,NA,NA,NA,NA,NA,NA
2026-06-22 01:00:00,5.18,29.21,1.78,2.62,4.4,7.81,3.68,0.65,9.5,NA,NA,NA,NA,NA,NA,NA,NA,NA,NA,NA,NA,NA,NA,NA
2026-06-22 02:00:00,2.98,21.77,2.29,3.05,5.33,8.94,3.93,0.64,8.5,NA,NA,NA,NA,NA,NA,NA,NA,NA,NA,NA,NA,NA,NA,NA
2026-06-22 03:00:00,3.97,15.73,1.18,2.83,4.01,7.46,3.63,0.62,9.0,NA,NA,NA,NA,NA,NA,NA,NA,NA,NA,NA,NA,NA,NA,NA
2026-06-22 04:00:00,4.99,16.46,1.62,2.84,4.47,8.0,3.41,0.63,8.5,NA,NA,NA,NA,NA,NA,NA,NA,NA,NA,NA,NA,NA,NA,NA
2026-06-22 05:00:00,2.61,19.58,6.9,2.84,9.74,14.39,2.89,0.75,8.5,NA,NA,NA,NA,NA,NA,NA,NA,NA,NA,NA,NA,NA,NA,NA
2026-06-22 06:00:00,2.19,27.79,5.31,3.38,8.7,13.43,2.55,0.51,9.5,NA,NA,NA,NA,NA,NA,NA,NA,NA,NA,NA,NA,NA,NA,NA
2026-06-22 07:00:00,12.09,32.81,10.5,3.15,13.62,19.15,2.7,0.6,8.5,NA,NA,NA,NA,NA,NA,NA,NA,NA,NA,NA,NA,NA,NA,NA
2026-06-22 08:00:00,6.22,20.44,19.34,2.91,22.14,29.75,2.39,0.8,10.25,NA,NA,NA,NA,NA,NA,NA,NA,NA,NA,NA,NA,NA,NA,NA
2026-06-22 09:00:00,23.46,28.27,7.44,3.72,11.16,16.14,2.29,0.57,11.5,NA,NA,NA,NA,NA,NA,NA,NA,NA,NA,NA,NA,NA,NA,NA
2026-06-22 10:00:00,13.16,36.28,10.45,4.39,14.75,21.8,2.19,0.69,12.0,NA,NA,NA,NA,NA,NA,NA,NA,NA,NA,NA,NA,NA,NA,NA
2026-06-22 11:00:00,9.35,49.92,7.49,4.3,11.75,17.58,2.11,0.59,11.5,NA,NA,NA,NA,NA,NA,NA,NA,NA,NA,NA,NA,NA,NA,NA
2026-06-22 12:00:00,7.88,60.98,6.05,3.72,9.77,14.53,2.36,0.44,11.5,NA,NA,NA,NA,NA,NA,NA,NA,NA,NA,NA,NA,NA,NA,NA
2026-06-22 13:00:00,14.87,48.96,4.73,3.13,7.86,12.05,2.22,0.4,12.25,NA,NA,NA,NA,NA,NA,NA,NA,NA,NA,NA,NA,NA,NA,NA
2026-06-22 14:00:00,9.34,34.82,3.96,2.69,6.64,10.77,2.3,0.37,12.75,NA,NA,NA,NA,NA,NA,NA,NA,NA,NA,NA,NA,NA,NA,NA
2026-06-22 15:00:00,7.5,27.9,3.56,2.75,6.31,10.38,2.31,0.37,12.75,NA,NA,NA,NA,NA,NA,NA,NA,NA,NA,NA,NA,NA,NA,NA
2026-06-22 16:00:00,4.94,32.61,4.15,2.92,7.06,11.04,2.3,0.37,12.0,NA,NA,NA,NA,NA,NA,NA,NA,NA,NA,NA,NA,NA,NA,NA
2026-06-22 17:00:00,2.53,36.6,3.86,3.28,6.97,10.96,2.23,0.41,12.25,NA,NA,NA,NA,NA,NA,NA,NA,NA,NA,NA,NA,NA,NA,NA
2026-06-22 18:00:00,2.1,39.7,4.61,3.65,8.27,12.85,2.21,0.43,11.5,NA,NA,NA,NA,NA,NA,NA,NA,NA,NA,NA,NA,NA,NA,NA
2026-06-22 19:00:00,2.92,39.28,3.49,3.16,6.65,10.64,2.31,0.39,11.0,NA,NA,NA,NA,NA,NA,NA,NA,NA,NA,NA,NA,NA,NA,NA
2026-06-22 20:00:00,7.4,30.53,3.44,3.44,6.87,11.26,1.73,0.44,9.5,NA,NA,NA,NA,NA,NA,NA,NA,NA,NA,NA,NA,NA,NA,NA
2026-06-22 21:00:00,4.07,29.9,3.63,4.23,7.86,12.41,1.89,0.48,11.0,NA,NA,NA,NA,NA,NA,NA,NA,NA,NA,NA,NA,NA,NA,NA
2026-06-22 22:00:00,4.89,39.63,4.01,4.07,8.08,12.49,1.9,0.45,10.0,NA,NA,NA,NA,NA,NA,NA,NA,NA,NA,NA,NA,NA,NA,NA
2026-06-22 23:00:00,5.23,21.7,2.75,4.11,6.86,11.04,2.73,0.39,9.5,NA,NA,NA,NA,NA,NA,NA,NA,NA,NA,NA,NA,NA,NA,NA
2026-06-23 00:00:00,3.71,22.01,2.5,4.09,6.59,10.62,2.67,0.4,10.0,NA,NA,NA,NA,NA,NA,NA,NA,NA,NA,NA,NA,NA,NA,NA
2026-06-23 01:00:00,2.92,21.73,3.11,3.81,6.92,11.12,2.54,0.42,10.0,NA,NA,NA,NA,NA,NA,NA,NA,NA,NA,NA,NA,NA,NA,NA
2026-06-23 02:00:00,10.38,21.96,3.46,4.3,7.76,11.96,2.62,0.43,10.0,NA,NA,NA,NA,NA,NA,NA,NA,NA,NA,NA,NA,NA,NA,NA
2026-06-23 03:00:00,17.59,18.36,1.77,3.58,5.33,9.23,2.52,0.34,9.75,NA,NA,NA,NA,NA,NA,NA,NA,NA,NA,NA,NA,NA,NA,NA
2026-06-23 04:00:00,10.87,20.42,1.31,2.88,4.19,7.89,2.7,0.25,9.75,NA,NA,NA,NA,NA,NA,NA,NA,NA,NA,NA,NA,NA,NA,NA
2026-06-23 05:00:00,8.16,10.96,1.45,3.09,4.54,8.26,2.59,0.28,9.75,NA,NA,NA,NA,NA,NA,NA,NA,NA,NA,NA,NA,NA,NA,NA
2026-06-23 06:00:00,6.39,16.51,5.95,3.84,9.79,14.66,2.4,0.35,9.25,NA,NA,NA,NA,NA,NA,NA,NA,NA,NA,NA,NA,NA,NA,NA
2026-06-23 07:00:00,5.35,23.47,3.98,3.87,7.85,12.25,2.13,0.33,8.75,NA,NA,NA,NA,NA,NA,NA,NA,NA,NA,NA,NA,NA,NA,NA
2026-06-23 08:00:00,9.33,23.49,2.88,3.55,6.43,10.5,3.03,0.71,8.25,NA,NA,NA,NA,NA,NA,NA,NA,NA,NA,NA,NA,NA,NA,NA
2026-06-23 09:00:00,6.57,28.56,4.04,3.24,7.28,11.21,3.09,0.86,9.0,NA,NA,NA,NA,NA,NA,NA,NA,NA,NA,NA,NA,NA,NA,NA
2026-06-23 10:00:00,4.56,14.81,5.6,4.25,9.85,14.74,3.15,0.93,10.0,NA,NA,NA,NA,NA,NA,NA,NA,NA,NA,NA,NA,NA,NA,NA
2026-06-23 11:00:00,5.65,7.67,5.32,4.55,9.87,15.07,3.05,0.97,11.0,NA,NA,NA,NA,NA,NA,NA,NA,NA,NA,NA,NA,NA,NA,NA
2026-06-23 12:00:00,5.97,19.86,4.29,4.81,9.1,14.14,3.14,0.99,12.0,NA,NA,NA,NA,NA,NA,NA,NA,NA,NA,NA,NA,NA,NA,NA
2026-06-23 13:00:00,11.89,13.27,4.83,5.05,9.88,15.25,3.18,0.94,12.0,NA,NA,NA,NA,NA,NA,NA,NA,NA,NA,NA,NA,NA,NA,NA
2026-06-23 14:00:00,13.2,19.41,5.19,6.23,11.42,17.13,3.07,0.9,11.5,NA,NA,NA,NA,NA,NA,NA,NA,NA,NA,NA,NA,NA,NA,NA
2026-06-23 15:00:00,9.8,14.36,7.47,3.91,11.37,16.63,3.02,0.86,10.75,NA,NA,NA,NA,NA,NA,NA,NA,NA,NA,NA,NA,NA,NA,NA
2026-06-23 16:00:00,7.93,11.38,6.36,4.67,11.03,16.42,3.09,0.75,11.0,NA,NA,NA,NA,NA,NA,NA,NA,NA,NA,NA,NA,NA,NA,NA
2026-06-23 17:00:00,NA,NA,10.22,4.08,14.5,20.67,3.12,0.69,11.0,NA,NA,NA,NA,NA,NA,NA,NA,NA,NA,NA,NA,NA,NA,NA
2026-06-23 18:00:00,8.56,17.69,16.85,4.55,21.01,28.37,3.29,1.01,10.75,NA,NA,NA,NA,NA,NA,NA,NA,NA,NA,NA,NA,NA,NA,NA
2026-06-23 19:00:00,7.59,12.49,29.05,5.79,34.73,45.56,2.31,1.17,10.0,NA,NA,NA,NA,NA,NA,NA,NA,NA,NA,NA,NA,NA,NA,NA
2026-06-23 20:00:00,NA,NA,15.52,5.78,21.27,29.94,0.01,0.55,NA,NA,NA,NA,NA,NA,NA,NA,NA,NA,NA,NA,NA,NA,NA,NA
2026-06-23 21:00:00,7.59,12.49,5.67,6.95,12.62,19.5,NA,0.36,NA,NA,NA,NA,NA,NA,NA,NA,NA,NA,NA,NA,NA,NA,NA,NA
2026-06-23 22:00:00,NA,NA,12.12,17.75,27.61,35.83,4.27,2.23,3.75,NA,NA,NA,NA,NA,NA,NA,NA,NA,NA,NA,NA,NA,NA,NA
2026-06-23 23:00:00,NA,NA,8.8,4.82,13.62,19.88,4.29,0.03,6.5,NA,NA,NA,NA,NA,NA,NA,NA,NA,NA,NA,NA,NA,NA,NA
2026-06-24 00:00:00,NA,NA,7.85,4.81,12.65,18.05,4.86,0.01,8.25,NA,NA,NA,NA,NA,NA,NA,NA,NA,NA,NA,NA,NA,NA,NA
2026-06-24 01:00:00,NA,NA,4.78,6.57,11.35,17.03,3.64,0.0,8.5,NA,NA,NA,NA,NA,NA,NA,NA,NA,NA,NA,NA,NA,NA,NA
2026-06-24 02:00:00,NA,NA,2.36,4.08,6.44,11.46,2.65,0.0,11.25,NA,NA,NA,NA,NA,NA,NA,NA,NA,NA,NA,NA,NA,NA,NA
2026-06-24 03:00:00,NA,NA,1.95,3.73,5.68,10.49,2.15,0.0,12.33,NA,NA,NA,NA,NA,NA,NA,NA,NA,NA,NA,NA,NA,NA,NA
2026-06-24 04:00:00,NA,NA,NA,NA,NA,NA,8.59,0.0,16.5,NA,NA,NA,NA,NA,NA,NA,NA,NA,NA,NA,NA,NA,NA,NA
2026-06-24 05:00:00,NA,NA,NA,NA,NA,NA,1.58,0.0,12.67,NA,NA,NA,NA,NA,NA,NA,NA,NA,NA,NA,NA,NA,NA,NA
2026-06-24 06:00:00,NA,NA,NA,NA,NA,NA,0.96,0.0,14.0,NA,NA,NA,NA,NA,NA,NA,NA,NA,NA,NA,NA,NA,NA,NA
2026-06-24 07:00:00,NA,NA,NA,NA,NA,NA,0.54,0.0,13.25,NA,NA,NA,NA,NA,NA,NA,NA,NA,NA,NA,NA,NA,NA,NA
2026-06-24 08:00:00,NA,NA,26.87,24.97,51.84,67.32,2.39,0.2,14.25,NA,NA,NA,NA,NA,NA,NA,NA,NA,NA,NA,NA,NA,NA,NA
2026-06-24 09:00:00,NA,NA,23.1,7.96,31.05,42.37,3.24,0.53,16.0,NA,NA,NA,NA,NA,NA,NA,NA,NA,NA,NA,NA,NA,NA,NA
2026-06-24 10:00:00,NA,NA,15.19,8.49,23.68,33.34,3.13,0.47,15.33,NA,NA,NA,NA,NA,NA,NA,NA,NA,NA,NA,NA,NA,NA,NA
2026-06-24 11:00:00,NA,NA,5.12,8.7,13.82,22.31,2.84,0.12,15.33,NA,NA,NA,NA,NA,NA,NA,NA,NA,NA,NA,NA,NA,NA,NA
2026-06-24 12:00:00,NA,NA,5.91,8.76,14.67,23.61,2.49,0.09,14.67,NA,NA,NA,NA,NA,NA,NA,NA,NA,NA,NA,NA,NA,NA,NA
2026-06-24 13:00:00,NA,NA,3.42,7.92,11.33,19.32,2.36,0.2,6.25,NA,NA,NA,NA,NA,NA,NA,NA,NA,NA,NA,NA,NA,NA,NA
2026-06-24 14:00:00,NA,NA,3.56,8.36,11.92,19.44,2.06,0.4,7.75,NA,NA,NA,NA,NA,NA,NA,NA,NA,NA,NA,NA,NA,NA,NA
2026-06-24 15:00:00,NA,NA,2.63,8.16,10.79,18.22,1.18,0.32,6.75,NA,NA,NA,NA,NA,NA,NA,NA,NA,NA,NA,NA,NA,NA,NA
2026-06-24 16:00:00,NA,NA,2.64,8.84,11.48,19.71,0.76,0.15,8.25,NA,NA,NA,NA,NA,NA,NA,NA,NA,NA,NA,NA,NA,NA,NA
2026-06-24 17:00:00,NA,NA,15.95,7.73,23.65,34.24,0.2,1.55,7.25,NA,NA,NA,NA,NA,NA,NA,NA,NA,NA,NA,NA,NA,NA,NA
2026-06-24 18:00:00,NA,NA,6.17,7.83,14.0,21.32,3.08,1.63,11.75,NA,NA,NA,NA,NA,NA,NA,NA,NA,NA,NA,NA,NA,NA,NA
2026-06-24 19:00:00,NA,NA,4.14,6.31,10.44,17.26,5.39,1.73,12.25,NA,NA,NA,NA,NA,NA,NA,NA,NA,NA,NA,NA,NA,NA,NA
2026-06-24 20:00:00,35.05,65.43,3.96,8.34,12.3,19.53,4.33,1.58,11.5,NA,NA,NA,NA,NA,NA,NA,NA,NA,NA,NA,NA,NA,NA,NA
2026-06-24 21:00:00,24.69,55.57,2.55,7.16,9.71,16.85,2.2,0.84,8.75,NA,NA,NA,NA,NA,NA,NA,NA,NA,NA,NA,NA,NA,NA,NA
2026-06-24 22:00:00,20.23,45.86,2.83,7.53,10.36,17.79,2.21,0.8,7.75,NA,NA,NA,NA,NA,NA,NA,NA,NA,NA,NA,NA,NA,NA,NA
2026-06-24 23:00:00,27.47,42.9,4.09,6.98,11.07,18.86,2.26,0.75,8.0,NA,NA,NA,NA,NA,NA,NA,NA,NA,NA,NA,NA,NA,NA,NA
2026-06-25 00:00:00,33.46,38.16,2.91,6.76,9.67,16.81,2.54,0.63,7.5,NA,NA,NA,NA,NA,NA,NA,NA,NA,NA,NA,NA,NA,NA,NA
2026-06-25 01:00:00,27.71,46.1,2.78,5.6,8.38,15.21,2.46,0.6,7.75,NA,NA,NA,NA,NA,NA,NA,NA,NA,NA,NA,NA,NA,NA,NA
2026-06-25 02:00:00,23.6,42.79,2.67,5.93,8.6,15.23,2.62,0.6,8.0,NA,NA,NA,NA,NA,NA,NA,NA,NA,NA,NA,NA,NA,NA,NA
2026-06-25 03:00:00,15.19,34.73,2.29,5.76,8.05,14.76,2.28,0.55,7.75,NA,NA,NA,NA,NA,NA,NA,NA,NA,NA,NA,NA,NA,NA,NA
2026-06-25 04:00:00,8.87,21.93,4.87,5.99,10.86,18.18,2.46,0.56,7.75,NA,NA,NA,NA,NA,NA,NA,NA,NA,NA,NA,NA,NA,NA,NA
2026-06-25 05:00:00,4.85,20.13,6.47,5.51,11.97,20.09,2.44,0.65,8.0,NA,NA,NA,NA,NA,NA,NA,NA,NA,NA,NA,NA,NA,NA,NA
2026-06-25 06:00:00,17.0,30.49,14.67,6.57,21.23,30.29,2.58,0.64,7.0,NA,NA,NA,NA,NA,NA,NA,NA,NA,NA,NA,NA,NA,NA,NA
2026-06-25 07:00:00,18.29,37.16,27.05,3.23,30.16,41.38,3.06,0.93,7.5,NA,NA,NA,NA,NA,NA,NA,NA,NA,NA,NA,NA,NA,NA,NA
2026-06-25 08:00:00,24.47,39.55,18.74,7.16,25.83,37.16,1.32,0.44,9.5,NA,NA,NA,NA,NA,NA,NA,NA,NA,NA,NA,NA,NA,NA,NA
2026-06-25 09:00:00,38.49,48.14,6.72,8.65,15.37,24.53,1.03,0.19,10.5,NA,NA,NA,NA,NA,NA,NA,NA,NA,NA,NA,NA,NA,NA,NA
2026-06-25 10:00:00,29.03,51.45,13.95,7.34,21.28,31.59,1.36,0.46,10.5,NA,NA,NA,NA,NA,NA,NA,NA,NA,NA,NA,NA,NA,NA,NA
2026-06-25 11:00:00,24.33,59.49,6.35,6.25,12.6,20.8,1.6,0.19,9.5,NA,NA,NA,NA,NA,NA,NA,NA,NA,NA,NA,NA,NA,NA,NA
2026-06-25 12:00:00,16.57,44.24,5.03,5.04,10.07,17.74,1.59,0.14,10.75,NA,NA,NA,NA,NA,NA,NA,NA,NA,NA,NA,NA,NA,NA,NA
2026-06-25 13:00:00,13.18,42.02,3.05,3.89,6.94,13.99,1.62,0.09,11.0,NA,NA,NA,NA,NA,NA,NA,NA,NA,NA,NA,NA,NA,NA,NA
2026-06-25 14:00:00,11.88,39.19,4.09,4.21,8.3,16.08,1.81,0.13,11.5,NA,NA,NA,NA,NA,NA,NA,NA,NA,NA,NA,NA,NA,NA,NA
2026-06-25 15:00:00,7.05,35.79,3.18,3.76,6.95,14.5,1.86,0.13,12.0,NA,NA,NA,NA,NA,NA,NA,NA,NA,NA,NA,NA,NA,NA,NA
2026-06-25 16:00:00,8.47,33.66,3.09,3.61,6.7,14.06,1.84,0.1,13.0,NA,NA,NA,NA,NA,NA,NA,NA,NA,NA,NA,NA,NA,NA,NA
2026-06-25 17:00:00,10.8,32.48,2.1,3.74,5.84,12.89,1.76,0.09,13.0,NA,NA,NA,NA,NA,NA,NA,NA,NA,NA,NA,NA,NA,NA,NA
2026-06-25 18:00:00,9.24,40.54,1.58,3.94,5.52,11.94,1.6,0.06,12.25,NA,NA,NA,NA,NA,NA,NA,NA,NA,NA,NA,NA,NA,NA,NA
2026-06-25 19:00:00,9.6,35.74,2.15,3.96,6.11,13.2,0.99,0.07,10.75,NA,NA,NA,NA,NA,NA,NA,NA,NA,NA,NA,NA,NA,NA,NA
2026-06-25 20:00:00,12.97,30.97,3.87,4.3,8.17,15.25,NA,0.06,11.0,NA,NA,NA,NA,NA,NA,NA,NA,NA,NA,NA,NA,NA,NA,NA
2026-06-25 21:00:00,14.61,28.91,1.47,3.79,5.27,11.75,0.05,0.02,10.75,NA,NA,NA,NA,NA,NA,NA,NA,NA,NA,NA,NA,NA,NA,NA
2026-06-25 22:00:00,9.91,37.05,1.44,3.97,5.41,11.78,0.04,0.04,9.5,NA,NA,NA,NA,NA,NA,NA,NA,NA,NA,NA,NA,NA,NA,NA
2026-06-25 23:00:00,7.56,39.1,5.33,4.56,9.89,17.21,0.03,0.17,9.0,NA,NA,NA,NA,NA,NA,NA,NA,NA,NA,NA,NA,NA,NA,NA
2026-06-26 00:00:00,12.79,33.7,2.63,4.11,6.73,13.49,0.07,0.06,9.0,NA,NA,NA,NA,NA,NA,NA,NA,NA,NA,NA,NA,NA,NA,NA
2026-06-26 01:00:00,11.42,32.34,1.74,3.66,5.4,11.46,0.07,0.0,8.75,NA,NA,NA,NA,NA,NA,NA,NA,NA,NA,NA,NA,NA,NA,NA
2026-06-26 02:00:00,8.03,37.61,3.26,3.53,6.79,12.75,0.09,0.0,8.25,NA,NA,NA,NA,NA,NA,NA,NA,NA,NA,NA,NA,NA,NA,NA
2026-06-26 03:00:00,10.32,34.06,4.27,3.32,7.59,14.19,0.05,0.01,8.75,NA,NA,NA,NA,NA,NA,NA,NA,NA,NA,NA,NA,NA,NA,NA
2026-06-26 04:00:00,14.06,26.73,9.47,3.6,13.07,20.6,0.07,0.03,9.0,NA,NA,NA,NA,NA,NA,NA,NA,NA,NA,NA,NA,NA,NA,NA
2026-06-26 05:00:00,17.85,25.06,18.42,2.61,21.01,29.83,0.13,0.05,8.67,NA,NA,NA,NA,NA,NA,NA,NA,NA,NA,NA,NA,NA,NA,NA
2026-06-26 06:00:00,19.17,42.35,17.13,2.96,20.09,28.45,0.18,0.06,9.0,NA,NA,NA,NA,NA,NA,NA,NA,NA,NA,NA,NA,NA,NA,NA
2026-06-26 07:00:00,26.43,66.13,20.87,2.54,23.4,32.81,0.17,0.18,8.5,NA,NA,NA,NA,NA,NA,NA,NA,NA,NA,NA,NA,NA,NA,NA
2026-06-26 08:00:00,20.99,85.17,16.86,2.53,19.35,28.08,0.95,0.19,9.0,NA,NA,NA,NA,NA,NA,NA,NA,NA,NA,NA,NA,NA,NA,NA
2026-06-26 09:00:00,35.25,85.27,12.7,3.07,15.69,23.91,0.82,0.15,11.0,NA,NA,NA,NA,NA,NA,NA,NA,NA,NA,NA,NA,NA,NA,NA
2026-06-26 10:00:00,36.26,91.49,5.85,2.62,8.26,14.93,0.82,0.02,12.5,NA,NA,NA,NA,NA,NA,NA,NA,NA,NA,NA,NA,NA,NA,NA
2026-06-26 11:00:00,33.47,82.4,3.65,2.77,6.42,12.65,1.2,0.0,13.0,NA,NA,NA,NA,NA,NA,NA,NA,NA,NA,NA,NA,NA,NA,NA
2026-06-26 12:00:00,21.09,70.92,3.2,4.27,7.47,13.26,1.34,0.0,13.5,NA,NA,NA,NA,NA,NA,NA,NA,NA,NA,NA,NA,NA,NA,NA
2026-06-26 13:00:00,11.87,64.43,3.09,5.9,8.98,15.52,1.65,0.0,14.75,NA,NA,NA,NA,NA,NA,NA,NA,NA,NA,NA,NA,NA,NA,NA
2026-06-26 14:00:00,8.69,58.59,2.62,18.75,21.37,30.73,1.54,0.0,15.0,NA,NA,NA,NA,NA,NA,NA,NA,NA,NA,NA,NA,NA,NA,NA
2026-06-26 15:00:00,10.5,50.76,1.85,7.3,9.16,15.56,1.75,0.0,14.75,NA,NA,NA,NA,NA,NA,NA,NA,NA,NA,NA,NA,NA,NA,NA
2026-06-26 16:00:00,10.11,39.86,1.88,3.94,5.83,12.29,1.89,0.0,14.75,NA,NA,NA,NA,NA,NA,NA,NA,NA,NA,NA,NA,NA,NA,NA
2026-06-26 17:00:00,7.27,39.5,3.34,3.33,6.67,13.12,1.56,0.0,15.5,NA,NA,NA,NA,NA,NA,NA,NA,NA,NA,NA,NA,NA,NA,NA
2026-06-26 18:00:00,15.04,42.11,2.82,2.34,5.17,10.8,2.2,0.0,15.25,NA,NA,NA,NA,NA,NA,NA,NA,NA,NA,NA,NA,NA,NA,NA
2026-06-26 19:00:00,12.29,41.77,2.23,2.6,4.83,9.94,2.47,0.0,14.0,NA,NA,NA,NA,NA,NA,NA,NA,NA,NA,NA,NA,NA,NA,NA
2026-06-26 20:00:00,8.19,32.49,1.25,1.83,3.08,8.6,1.05,0.0,12.25,NA,NA,NA,NA,NA,NA,NA,NA,NA,NA,NA,NA,NA,NA,NA
2026-06-26 21:00:00,8.16,29.0,1.12,2.1,3.22,8.05,1.64,0.0,10.75,NA,NA,NA,NA,NA,NA,NA,NA,NA,NA,NA,NA,NA,NA,NA
2026-06-26 22:00:00,12.03,32.32,1.85,3.01,4.86,10.15,1.82,0.0,9.25,NA,NA,NA,NA,NA,NA,NA,NA,NA,NA,NA,NA,NA,NA,NA
2026-06-26 23:00:00,10.43,34.59,1.76,4.14,5.89,10.98,1.86,0.0,9.0,NA,NA,NA,NA,NA,NA,NA,NA,NA,NA,NA,NA,NA,NA,NA
2026-06-27 00:00:00,8.84,30.74,3.77,2.43,6.2,11.38,1.96,0.0,9.0,NA,NA,NA,NA,NA,NA,NA,NA,NA,NA,NA,NA,NA,NA,NA
2026-06-27 01:00:00,7.57,33.07,2.56,2.05,4.61,9.21,2.01,0.0,9.25,NA,NA,NA,NA,NA,NA,NA,NA,NA,NA,NA,NA,NA,NA,NA
2026-06-27 02:00:00,6.11,35.05,2.12,2.56,4.68,9.68,1.86,0.0,9.0,NA,NA,NA,NA,NA,NA,NA,NA,NA,NA,NA,NA,NA,NA,NA
2026-06-27 03:00:00,8.13,42.41,4.42,2.66,7.08,12.39,1.84,0.0,9.25,NA,NA,NA,NA,NA,NA,NA,NA,NA,NA,NA,NA,NA,NA,NA
2026-06-27 04:00:00,NA,NA,NA,NA,NA,NA,NA,NA,NA,NA,NA,NA,NA,NA,NA,NA,NA,NA,NA,NA,NA,NA,NA,NA
2026-06-27 05:00:00,17.96,42.83,4.94,2.66,7.6,12.67,1.77,0.0,9.0,NA,NA,NA,NA,NA,NA,NA,NA,NA,NA,NA,NA,NA,NA,NA
2026-06-27 06:00:00,13.15,38.09,9.14,2.36,11.48,17.12,1.96,0.0,9.0,NA,NA,NA,NA,NA,NA,NA,NA,NA,NA,NA,NA,NA,NA,NA
2026-06-27 07:00:00,19.34,47.55,21.24,1.3,22.13,30.58,2.05,0.01,10.25,NA,NA,NA,NA,NA,NA,NA,NA,NA,NA,NA,NA,NA,NA,NA
2026-06-27 08:00:00,32.94,60.91,15.38,1.92,17.18,24.2,1.36,0.08,11.5,NA,NA,NA,NA,NA,NA,NA,NA,NA,NA,NA,NA,NA,NA,NA
2026-06-27 09:00:00,36.28,78.17,11.89,1.28,13.02,19.56,0.77,0.1,12.5,NA,NA,NA,NA,NA,NA,NA,NA,NA,NA,NA,NA,NA,NA,NA
2026-06-27 10:00:00,33.16,74.05,5.74,1.94,7.68,12.54,0.59,0.0,13.0,NA,NA,NA,NA,NA,NA,NA,NA,NA,NA,NA,NA,NA,NA,NA
2026-06-27 11:00:00,33.03,76.83,3.81,2.37,6.18,10.48,0.68,0.0,12.75,NA,NA,NA,NA,NA,NA,NA,NA,NA,NA,NA,NA,NA,NA,NA
2026-06-27 12:00:00,27.99,62.37,4.16,1.84,6.0,10.62,0.56,0.0,13.0,NA,NA,NA,NA,NA,NA,NA,NA,NA,NA,NA,NA,NA,NA,NA
2026-06-27 13:00:00,17.26,50.72,3.45,2.02,5.47,9.7,0.51,0.0,14.0,NA,NA,NA,NA,NA,NA,NA,NA,NA,NA,NA,NA,NA,NA,NA
2026-06-27 14:00:00,14.83,43.38,2.63,2.24,4.68,8.49,0.34,0.0,14.5,NA,NA,NA,NA,NA,NA,NA,NA,NA,NA,NA,NA,NA,NA,NA
2026-06-27 15:00:00,10.12,39.82,3.01,2.55,5.53,9.49,0.5,0.0,14.5,NA,NA,NA,NA,NA,NA,NA,NA,NA,NA,NA,NA,NA,NA,NA
2026-06-27 16:00:00,5.81,32.15,2.86,2.42,5.28,9.61,0.4,0.0,14.5,NA,NA,NA,NA,NA,NA,NA,NA,NA,NA,NA,NA,NA,NA,NA
2026-06-27 17:00:00,3.25,36.12,3.45,2.53,5.98,10.24,0.54,0.0,15.0,NA,NA,NA,NA,NA,NA,NA,NA,NA,NA,NA,NA,NA,NA,NA
2026-06-27 18:00:00,25.74,34.54,4.07,1.94,6.01,10.51,0.45,0.0,14.25,NA,NA,NA,NA,NA,NA,NA,NA,NA,NA,NA,NA,NA,NA,NA
2026-06-27 19:00:00,19.18,47.87,3.52,1.88,5.39,9.73,0.63,0.0,13.25,NA,NA,NA,NA,NA,NA,NA,NA,NA,NA,NA,NA,NA,NA,NA
2026-06-27 20:00:00,18.04,38.32,4.96,2.47,7.43,12.77,0.33,0.0,11.75,NA,NA,NA,NA,NA,NA,NA,NA,NA,NA,NA,NA,NA,NA,NA
2026-06-27 21:00:00,18.58,50.61,2.38,2.05,4.28,8.72,NA,0.0,10.0,NA,NA,NA,NA,NA,NA,NA,NA,NA,NA,NA,NA,NA,NA,NA
2026-06-27 22:00:00,20.28,35.38,2.93,1.98,4.9,8.97,0.01,0.0,10.0,NA,NA,NA,NA,NA,NA,NA,NA,NA,NA,NA,NA,NA,NA,NA
2026-06-27 23:00:00,18.29,42.39,1.97,1.82,3.79,7.62,0.29,0.0,9.25,NA,NA,NA,NA,NA,NA,NA,NA,NA,NA,NA,NA,NA,NA,NA
2026-06-28 00:00:00,12.34,36.44,4.76,2.2,6.95,11.18,0.38,0.0,9.25,NA,NA,NA,NA,NA,NA,NA,NA,NA,NA,NA,NA,NA,NA,NA
2026-06-28 01:00:00,12.69,43.58,3.92,2.12,6.05,10.34,0.5,0.0,9.0,NA,NA,NA,NA,NA,NA,NA,NA,NA,NA,NA,NA,NA,NA,NA
2026-06-28 02:00:00,NA,NA,NA,NA,NA,NA,NA,NA,NA,NA,NA,NA,NA,NA,NA,NA,NA,NA,NA,NA,NA,NA,NA,NA
2026-06-28 03:00:00,17.0,43.94,2.03,1.96,3.99,7.91,0.31,0.0,9.0,NA,NA,NA,NA,NA,NA,NA,NA,NA,NA,NA,NA,NA,NA,NA
2026-06-28 04:00:00,11.47,28.54,5.56,1.69,7.25,12.02,0.3,0.0,9.0,NA,NA,NA,NA,NA,NA,NA,NA,NA,NA,NA,NA,NA,NA,NA
2026-06-28 05:00:00,13.55,24.99,9.72,1.92,11.62,16.99,0.44,0.0,9.5,NA,NA,NA,NA,NA,NA,NA,NA,NA,NA,NA,NA,NA,NA,NA
2026-06-28 06:00:00,20.62,46.66,3.58,1.68,5.25,9.48,0.45,0.0,9.0,NA,NA,NA,NA,NA,NA,NA,NA,NA,NA,NA,NA,NA,NA,NA
2026-06-28 07:00:00,16.07,42.27,12.55,1.93,14.45,20.56,0.24,0.0,9.75,NA,NA,NA,NA,NA,NA,NA,NA,NA,NA,NA,NA,NA,NA,NA
2026-06-28 08:00:00,11.62,30.95,7.06,3.17,10.23,16.03,0.78,0.06,11.5,NA,NA,NA,NA,NA,NA,NA,NA,NA,NA,NA,NA,NA,NA,NA
2026-06-28 09:00:00,7.38,39.86,3.08,4.89,7.98,13.79,0.69,0.5,12.25,NA,NA,NA,NA,NA,NA,NA,NA,NA,NA,NA,NA,NA,NA,NA
2026-06-28 10:00:00,13.47,37.91,2.75,6.93,9.68,15.95,0.57,0.5,13.0,NA,NA,NA,NA,NA,NA,NA,NA,NA,NA,NA,NA,NA,NA,NA
2026-06-28 11:00:00,12.75,40.81,2.12,8.42,10.53,17.0,0.56,0.48,13.25,NA,NA,NA,NA,NA,NA,NA,NA,NA,NA,NA,NA,NA,NA,NA
2026-06-28 12:00:00,13.53,33.92,2.95,8.17,11.12,17.64,0.71,0.49,13.75,NA,NA,NA,NA,NA,NA,NA,NA,NA,NA,NA,NA,NA,NA,NA
2026-06-28 13:00:00,13.69,26.2,2.19,5.2,7.38,13.12,0.79,0.42,14.25,NA,NA,NA,NA,NA,NA,NA,NA,NA,NA,NA,NA,NA,NA,NA
2026-06-28 14:00:00,11.61,33.49,2.33,4.48,6.82,12.32,0.8,0.44,15.0,NA,NA,NA,NA,NA,NA,NA,NA,NA,NA,NA,NA,NA,NA,NA
2026-06-28 15:00:00,10.89,36.94,2.67,2.47,5.12,10.91,0.9,0.44,15.0,NA,NA,NA,NA,NA,NA,NA,NA,NA,NA,NA,NA,NA,NA,NA
2026-06-28 16:00:00,6.75,28.66,2.93,2.35,5.28,10.92,0.93,0.44,14.75,NA,NA,NA,NA,NA,NA,NA,NA,NA,NA,NA,NA,NA,NA,NA
2026-06-28 17:00:00,6.57,32.67,2.52,2.52,5.05,10.68,0.85,0.44,15.0,NA,NA,NA,NA,NA,NA,NA,NA,NA,NA,NA,NA,NA,NA,NA
2026-06-28 18:00:00,4.34,38.74,3.75,3.08,6.83,12.89,0.93,0.5,14.25,NA,NA,NA,NA,NA,NA,NA,NA,NA,NA,NA,NA,NA,NA,NA
2026-06-28 19:00:00,14.23,30.65,4.73,3.83,8.56,14.82,0.73,0.53,13.75,NA,NA,NA,NA,NA,NA,NA,NA,NA,NA,NA,NA,NA,NA,NA
2026-06-28 20:00:00,16.75,30.35,3.32,3.8,7.11,12.77,0.75,0.5,12.5,NA,NA,NA,NA,NA,NA,NA,NA,NA,NA,NA,NA,NA,NA,NA
2026-06-28 21:00:00,15.67,34.16,4.77,24.3,29.06,38.35,0.24,0.46,11.0,NA,NA,NA,NA,NA,NA,NA,NA,NA,NA,NA,NA,NA,NA,NA
2026-06-28 22:00:00,NA,NA,NA,NA,NA,NA,NA,NA,NA,NA,NA,NA,NA,NA,NA,NA,NA,NA,NA,NA,NA,NA,NA,NA
2026-06-28 23:00:00,NA,NA,NA,NA,NA,NA,NA,NA,NA,NA,NA,NA,NA,NA,NA,NA,NA,NA,NA,NA,NA,NA,NA,NA
2026-06-29 00:00:00,NA,NA,NA,NA,NA,NA,NA,NA,NA,NA,NA,NA,NA,NA,NA,NA,NA,NA,NA,NA,NA,NA,NA,NA
2026-06-29 01:00:00,6.58,32.67,3.12,5.18,8.3,14.92,0.05,0.13,10.67,NA,NA,NA,NA,NA,NA,NA,NA,NA,NA,NA,NA,NA,NA,NA
2026-06-29 02:00:00,10.61,31.34,3.33,4.77,8.1,14.91,0.12,0.17,11.0,NA,NA,NA,NA,NA,NA,NA,NA,NA,NA,NA,NA,NA,NA,NA
2026-06-29 03:00:00,9.73,25.11,3.78,5.28,9.05,15.66,0.2,0.14,10.5,NA,NA,NA,NA,NA,NA,NA,NA,NA,NA,NA,NA,NA,NA,NA
2026-06-29 04:00:00,9.11,14.81,5.58,5.2,10.76,17.16,0.99,0.12,10.25,NA,NA,NA,NA,NA,NA,NA,NA,NA,NA,NA,NA,NA,NA,NA
2026-06-29 05:00:00,NA,NA,9.63,5.0,14.63,21.81,2.0,0.35,10.0,NA,NA,NA,NA,NA,NA,NA,NA,NA,NA,NA,NA,NA,NA,NA
2026-06-29 06:00:00,17.41,23.31,18.16,4.5,22.66,31.01,2.08,0.24,10.0,NA,NA,NA,NA,NA,NA,NA,NA,NA,NA,NA,NA,NA,NA,NA
2026-06-29 07:00:00,19.0,25.38,13.25,5.3,18.54,26.51,2.47,0.34,12.0,NA,NA,NA,NA,NA,NA,NA,NA,NA,NA,NA,NA,NA,NA,NA
2026-06-29 08:00:00,9.32,13.87,9.7,5.86,15.56,23.04,0.52,0.01,12.0,NA,NA,NA,NA,NA,NA,NA,NA,NA,NA,NA,NA,NA,NA,NA
2026-06-29 09:00:00,13.33,22.63,8.89,4.27,13.16,20.83,0.66,0.05,12.75,NA,NA,NA,NA,NA,NA,NA,NA,NA,NA,NA,NA,NA,NA,NA
2026-06-29 10:00:00,24.88,28.54,4.84,2.65,7.48,14.14,0.41,0.0,12.75,NA,NA,NA,NA,NA,NA,NA,NA,NA,NA,NA,NA,NA,NA,NA
2026-06-29 11:00:00,17.29,34.43,7.56,3.46,10.95,18.28,0.38,0.02,13.25,NA,NA,NA,NA,NA,NA,NA,NA,NA,NA,NA,NA,NA,NA,NA
2026-06-29 12:00:00,8.91,28.45,21.66,3.94,25.58,35.41,0.59,0.21,14.0,NA,NA,NA,NA,NA,NA,NA,NA,NA,NA,NA,NA,NA,NA,NA
2026-06-29 13:00:00,5.94,21.19,25.36,4.6,29.89,40.23,0.69,0.26,13.5,NA,NA,NA,NA,NA,NA,NA,NA,NA,NA,NA,NA,NA,NA,NA
2026-06-29 14:00:00,7.63,22.36,18.65,10.18,28.83,39.4,0.57,0.21,13.75,NA,NA,NA,NA,NA,NA,NA,NA,NA,NA,NA,NA,NA,NA,NA
2026-06-29 15:00:00,13.59,50.34,13.96,6.84,20.8,29.13,0.43,0.03,13.5,NA,NA,NA,NA,NA,NA,NA,NA,NA,NA,NA,NA,NA,NA,NA
2026-06-29 16:00:00,20.46,62.15,12.27,8.7,20.97,29.68,0.41,0.05,14.0,NA,NA,NA,NA,NA,NA,NA,NA,NA,NA,NA,NA,NA,NA,NA
2026-06-29 17:00:00,14.58,57.79,3.33,12.81,16.14,24.13,0.23,0.0,14.0,NA,NA,NA,NA,NA,NA,NA,NA,NA,NA,NA,NA,NA,NA,NA
2026-06-29 18:00:00,10.25,48.25,2.98,14.2,17.18,25.7,0.29,0.0,14.0,NA,NA,NA,NA,NA,NA,NA,NA,NA,NA,NA,NA,NA,NA,NA
2026-06-29 19:00:00,6.65,30.28,2.86,9.85,12.71,20.14,0.44,0.0,13.0,NA,NA,NA,NA,NA,NA,NA,NA,NA,NA,NA,NA,NA,NA,NA
2026-06-29 20:00:00,11.36,20.96,4.15,4.65,8.75,15.13,0.86,0.01,13.75,NA,NA,NA,NA,NA,NA,NA,NA,NA,NA,NA,NA,NA,NA,NA
2026-06-29 21:00:00,9.15,21.39,4.62,4.63,9.25,16.33,0.03,0.0,10.33,NA,NA,NA,NA,NA,NA,NA,NA,NA,NA,NA,NA,NA,NA,NA
2026-06-29 22:00:00,11.23,24.0,5.08,3.98,9.05,15.99,0.33,0.0,10.0,NA,NA,NA,NA,NA,NA,NA,NA,NA,NA,NA,NA,NA,NA,NA
2026-06-29 23:00:00,8.1,28.23,2.48,3.66,6.12,11.47,1.31,0.0,10.25,NA,NA,NA,NA,NA,NA,NA,NA,NA,NA,NA,NA,NA,NA,NA
2026-06-30 00:00:00,10.41,18.41,5.8,2.93,8.73,14.54,1.37,0.0,10.0,NA,NA,NA,NA,NA,NA,NA,NA,NA,NA,NA,NA,NA,NA,NA
2026-06-30 01:00:00,7.91,17.51,8.84,3.32,12.15,18.7,1.28,0.0,10.0,NA,NA,NA,NA,NA,NA,NA,NA,NA,NA,NA,NA,NA,NA,NA
2026-06-30 02:00:00,8.58,21.07,0.93,2.42,3.34,7.76,1.23,0.0,9.5,NA,NA,NA,NA,NA,NA,NA,NA,NA,NA,NA,NA,NA,NA,NA
2026-06-30 03:00:00,10.65,19.81,0.44,2.02,2.46,6.61,1.23,0.0,9.0,NA,NA,NA,NA,NA,NA,NA,NA,NA,NA,NA,NA,NA,NA,NA
2026-06-30 04:00:00,NA,NA,NA,NA,NA,NA,NA,NA,NA,NA,NA,NA,NA,NA,NA,NA,NA,NA,NA,NA,NA,NA,NA,NA
2026-06-30 05:00:00,NA,NA,NA,NA,NA,NA,NA,NA,NA,NA,NA,NA,NA,NA,NA,NA,NA,NA,NA,NA,NA,NA,NA,NA
2026-06-30 06:00:00,NA,NA,NA,NA,NA,NA,NA,NA,NA,NA,NA,NA,NA,NA,NA,NA,NA,NA,NA,NA,NA,NA,NA,NA
2026-06-30 07:00:00,14.05,33.58,14.05,4.74,18.79,26.0,1.86,0.0,11.0,NA,NA,NA,NA,NA,NA,NA,NA,NA,NA,NA,NA,NA,NA,NA
2026-06-30 08:00:00,17.26,27.96,9.51,3.38,12.88,19.99,0.76,0.09,11.5,NA,NA,NA,NA,NA,NA,NA,NA,NA,NA,NA,NA,NA,NA,NA
2026-06-30 09:00:00,17.63,24.6,17.15,2.87,20.02,28.54,0.22,0.3,13.0,NA,NA,NA,NA,NA,NA,NA,NA,NA,NA,NA,NA,NA,NA,NA
2026-06-30 10:00:00,20.45,25.74,5.51,2.59,8.1,14.16,0.07,0.02,12.75,NA,NA,NA,NA,NA,NA,NA,NA,NA,NA,NA,NA,NA,NA,NA
2026-06-30 11:00:00,16.56,31.32,4.63,2.17,6.8,12.6,0.09,0.01,12.75,NA,NA,NA,NA,NA,NA,NA,NA,NA,NA,NA,NA,NA,NA,NA
2026-06-30 12:00:00,10.21,26.93,9.95,2.9,12.8,19.15,0.13,0.1,13.25,NA,NA,NA,NA,NA,NA,NA,NA,NA,NA,NA,NA,NA,NA,NA
2026-06-30 13:00:00,7.4,33.07,14.81,2.2,16.91,24.62,0.17,0.13,13.5,NA,NA,NA,NA,NA,NA,NA,NA,NA,NA,NA,NA,NA,NA,NA
2026-06-30 14:00:00,15.87,31.66,12.11,3.1,15.16,22.41,0.1,0.13,13.0,NA,NA,NA,NA,NA,NA,NA,NA,NA,NA,NA,NA,NA,NA,NA
2026-06-30 15:00:00,11.77,39.63,6.13,3.33,9.47,15.85,0.06,0.0,14.25,NA,NA,NA,NA,NA,NA,NA,NA,NA,NA,NA,NA,NA,NA,NA
2026-06-30 16:00:00,6.46,28.22,4.07,5.81,9.88,18.05,NA,0.0,21.5,NA,NA,NA,NA,NA,NA,NA,NA,NA,NA,NA,NA,NA,NA,NA
2026-06-30 17:00:00,3.61,15.11,5.14,7.75,12.82,22.78,NA,0.02,25.5,NA,NA,NA,NA,NA,NA,NA,NA,NA,NA,NA,NA,NA,NA,NA
2026-06-30 18:00:00,3.47,10.66,16.77,31.05,47.79,66.98,NA,0.19,25.25,NA,NA,NA,NA,NA,NA,NA,NA,NA,NA,NA,NA,NA,NA,NA
2026-06-30 19:00:00,3.61,14.29,11.19,4.77,15.92,26.83,NA,0.07,18.5,NA,NA,NA,NA,NA,NA,NA,NA,NA,NA,NA,NA,NA,NA,NA
2026-06-30 20:00:00,7.8,10.06,1.67,2.76,4.28,10.21,NA,0.09,14.75,NA,NA,NA,NA,NA,NA,NA,NA,NA,NA,NA,NA,NA,NA,NA
2026-06-30 21:00:00,17.33,26.67,8.48,5.44,13.92,22.87,0.06,0.5,12.5,NA,NA,NA,NA,NA,NA,NA,NA,NA,NA,NA,NA,NA,NA,NA
2026-06-30 22:00:00,15.28,26.77,4.72,3.61,8.33,14.54,0.55,0.18,9.25,NA,NA,NA,NA,NA,NA,NA,NA,NA,NA,NA,NA,NA,NA,NA
2026-06-30 23:00:00,10.15,28.44,4.94,4.06,9.0,15.16,0.99,0.2,9.0,NA,NA,NA,NA,NA,NA,NA,NA,NA,NA,NA,NA,NA,NA,NA
